/**
 * generated by fontconvert.py
 * name: notoserif_en_18_italic
 * size: 18
 * mode: 2-bit  compressed: true
 * Command used: fontconvert.py notoserif_en_18_italic 18 ../builtinFonts/source/NotoSerif/NotoSerif-Italic.ttf --2bit --compress --pnum --zopfli --no-default-intervals --additional-intervals 0x0020,0x007E --additional-intervals 0x00A0,0x00FF --additional-intervals 0x0152,0x0153 --additional-intervals 0x0160,0x0161 --additional-intervals 0x0178,0x0178 --additional-intervals 0x017D,0x017E --additional-intervals 0x0192,0x0192 --additional-intervals 0x02C6,0x02C6 --additional-intervals 0x02DC,0x02DC --additional-intervals 0x0300,0x036F --additional-intervals 0x2000,0x206F --additional-intervals 0x2070,0x209F --additional-intervals 0x20A0,0x20CF --additional-intervals 0x2100,0x214F --additional-intervals 0x2150,0x218F --additional-intervals 0x2190,0x21FF --additional-intervals 0x2200,0x22FF --additional-intervals 0xFB00,0xFB06 --additional-intervals 0xFFFD,0xFFFD
 */
#pragma once
#include "EpdFontData.h"

static const uint8_t notoserif_en_18_italicBitmaps[29104] = {
    0xDD, 0x5B, 0x3F, 0xCC, 0xE5, 0x58, 0x75, 0xFF, 0xD9, 0xDE, 0x1D, 0x0B, 0xAC, 0x60, 0x8A, 0x5D,
    0x40, 0x59, 0xB2, 0x6E, 0x52, 0x44, 0x88, 0x1D, 0xB7, 0x93, 0x68, 0xBE, 0xCF, 0x06, 0x0A, 0xDA,
    0x89, 0xC4, 0x24, 0x4A, 0x52, 0x90, 0x22, 0x15, 0x5B, 0x7C, 0x29, 0xB6, 0xD8, 0x62, 0x66, 0xED,
    0x2C, 0x45, 0x0A, 0x8A, 0x4C, 0x03, 0x2D, 0x53, 0x6C, 0xA4, 0x30, 0x14, 0x8B, 0xA2, 0x2D, 0x46,
    0xC9, 0xCC, 0xFA, 0x02, 0x05, 0x45, 0x0A, 0x9C, 0x20, 0x41, 0x89, 0x93, 0x2C, 0x22, 0x90, 0x48,
    0xE3, 0x80, 0x17, 0x3C, 0x3B, 0x7E, 0xBE, 0xB9, 0xBF, 0xDF, 0xB1, 0xFC, 0x78, 0x64, 0x76, 0xB2,
    0x22, 0x4A, 0x22, 0xC5, 0x9F, 0x7D, 0xCE, 0xDD, 0xF7, 0xEE, 0x3B, 0xFF, 0xCF, 0x3D, 0xE7, 0xFA,
    0xCE, 0xA2, 0x18, 0x50, 0xF6, 0xA8, 0x9C, 0xEE, 0x16, 0x4D, 0x8D, 0x06, 0xE8, 0x80, 0x15, 0x38,
    0x00, 0x0B, 0xEF, 0x68, 0x42, 0x3C, 0xF2, 0x4E, 0x06, 0x24, 0x3D, 0x12, 0x87, 0xD4, 0x21, 0xAA,
    0x61, 0x57, 0x51, 0xA3, 0x71, 0xE8, 0x78, 0xF3, 0xD7, 0x4F, 0x01, 0x45, 0x5F, 0xD5, 0x85, 0x6B,
    0xEA, 0xD2, 0x35, 0x28, 0xDB, 0x37, 0x51, 0xE2, 0x1E, 0xAA, 0xF0, 0x9C, 0x63, 0xC6, 0x55, 0x8C,
    0x7A, 0xEC, 0xCA, 0xF1, 0x02, 0x29, 0xE0, 0x2C, 0xC0, 0xCB, 0xE1, 0x73, 0x84, 0xD1, 0xDD, 0x00,
    0x6F, 0x60, 0x0A, 0xF0, 0xAE, 0xE6, 0x4D, 0xD1, 0x88, 0xE8, 0xFA, 0xDB, 0xBF, 0xFF, 0x76, 0x9D,
    0xF8, 0x70, 0xB9, 0x98, 0xB0, 0x0D, 0x52, 0x64, 0x2D, 0x82, 0x20, 0x79, 0x0D, 0x64, 0x6D, 0x4E,
    0x62, 0x75, 0x41, 0x18, 0x08, 0x01, 0xA5, 0x11, 0x0B, 0x84, 0x50, 0x85, 0xE9, 0xF3, 0x06, 0x9F,
    0x7D, 0xF8, 0x7B, 0x6F, 0x5F, 0x03, 0xC6, 0x78, 0x00, 0xA2, 0x31, 0xE8, 0x82, 0x78, 0x08, 0xEA,
    0x04, 0xAD, 0x52, 0xC2, 0x9D, 0xA4, 0x11, 0xD3, 0xF5, 0x11, 0x02, 0x12, 0x13, 0xB8, 0xF4, 0x66,
    0x0D, 0x74, 0x7E, 0x42, 0x3A, 0xFF, 0xE4, 0x80, 0xBC, 0x1F, 0x3D, 0x4A, 0x37, 0x34, 0xA8, 0xFE,
    0xAC, 0x3F, 0x47, 0xF5, 0xC9, 0xFE, 0x37, 0x51, 0x7D, 0xDE, 0x01, 0xD5, 0x37, 0x03, 0x28, 0x7F,
    0xD8, 0x02, 0xB9, 0xAF, 0x81, 0xC4, 0xF7, 0x00, 0xFC, 0x4C, 0x5D, 0xBD, 0x80, 0x03, 0x5E, 0x28,
    0x87, 0x08, 0x57, 0xF3, 0xB1, 0xC0, 0xD5, 0x6C, 0xAC, 0x70, 0x25, 0x80, 0xFA, 0xA5, 0x7C, 0xA8,
    0xDC, 0x1B, 0xB9, 0x2B, 0x87, 0xB1, 0x6A, 0xF3, 0xC3, 0xCF, 0x56, 0x04, 0x6D, 0x27, 0xE0, 0xC3,
    0x0F, 0x01, 0xC4, 0x2E, 0x80, 0x64, 0x07, 0x69, 0x8B, 0xE3, 0x55, 0xCC, 0x54, 0x02, 0x58, 0x1B,
    0x20, 0x77, 0x48, 0xC6, 0xBC, 0x45, 0x09, 0x64, 0x7D, 0xEE, 0x70, 0xC6, 0x8F, 0xF2, 0x1E, 0x33,
    0x50, 0xD6, 0x79, 0x1F, 0x8F, 0x40, 0x15, 0x44, 0x4F, 0x7B, 0x61, 0x17, 0x66, 0xE2, 0x95, 0x80,
    0x4B, 0x10, 0x17, 0xEE, 0x66, 0xC0, 0xF7, 0xC3, 0xCC, 0x19, 0xD7, 0x70, 0x13, 0x55, 0x32, 0x16,
    0x6B, 0xF8, 0xFC, 0x7E, 0xE6, 0x5E, 0xF9, 0xAC, 0xAB, 0xB0, 0x14, 0x9F, 0x98, 0xB3, 0xBE, 0xFC,
    0xF4, 0x78, 0x9E, 0x8C, 0xE9, 0x90, 0xF9, 0xF6, 0x5E, 0xD6, 0x27, 0x23, 0x3E, 0x13, 0x4D, 0xB9,
    0x0B, 0x18, 0xC9, 0x50, 0xB4, 0x69, 0xC0, 0x99, 0x2B, 0xEB, 0x74, 0x60, 0x74, 0x54, 0xC8, 0x02,
    0x3E, 0x17, 0x4F, 0x60, 0x11, 0x4F, 0xC4, 0x63, 0xC0, 0x65, 0x8B, 0x20, 0x44, 0x89, 0x4A, 0x32,
    0x17, 0xF5, 0x7D, 0x50, 0xE6, 0xFC, 0xBB, 0x13, 0x02, 0x63, 0xC4, 0xDE, 0x41, 0xD7, 0x33, 0x38,
    0x5E, 0x99, 0x1F, 0x88, 0xBA, 0x7F, 0x3D, 0xD0, 0x20, 0x07, 0x74, 0xB4, 0xC6, 0x8C, 0x8A, 0x7E,
    0x1B, 0x85, 0xB2, 0x11, 0xA5, 0xA1, 0xAA, 0x16, 0x6A, 0x68, 0xAB, 0x29, 0x3A, 0x70, 0xE6, 0x52,
    0x4C, 0xFC, 0xDD, 0xEA, 0x15, 0xBC, 0xFE, 0x2D, 0x34, 0x0B, 0x52, 0xEF, 0xE8, 0x9A, 0xE6, 0xC1,
    0x80, 0x15, 0xC9, 0x21, 0x9F, 0xA2, 0x19, 0xF9, 0x98, 0x2C, 0x71, 0x20, 0xE4, 0xE2, 0x35, 0x19,
    0x48, 0xD6, 0x7F, 0xDA, 0x91, 0x57, 0xF5, 0xED, 0x96, 0xA8, 0xF0, 0x20, 0xCA, 0x0E, 0x42, 0x49,
    0x40, 0x4D, 0x8D, 0xD8, 0x83, 0x39, 0x94, 0x79, 0x87, 0xC0, 0xA5, 0x29, 0x87, 0x40, 0xF9, 0xF5,
    0x39, 0x5F, 0xC3, 0x2F, 0xFC, 0x2D, 0x32, 0x89, 0xAE, 0xC9, 0x53, 0x7D, 0xE9, 0xCA, 0xB6, 0xAA,
    0x2B, 0x9C, 0xE3, 0x0C, 0x57, 0x71, 0x05, 0xBA, 0x3E, 0xC8, 0x80, 0xE4, 0xB7, 0x22, 0x19, 0x2F,
    0x12, 0x3D, 0x08, 0x20, 0xD2, 0xF0, 0x00, 0x15, 0x48, 0x16, 0xAA, 0x82, 0x20, 0x1E, 0x1F, 0xCD,
    0xD6, 0x94, 0xCA, 0x1E, 0x0A, 0xAA, 0xE9, 0x7A, 0x70, 0xFA, 0x54, 0x7C, 0x6A, 0xC8, 0x38, 0xB9,
    0x63, 0x68, 0x00, 0x74, 0x18, 0x16, 0x25, 0x0A, 0x98, 0xB8, 0xBA, 0x92, 0x76, 0xFF, 0x82, 0x6E,
    0x63, 0xD0, 0x00, 0x85, 0xD3, 0xAF, 0xE4, 0xC2, 0x6C, 0xA0, 0x70, 0xFB, 0xB3, 0x4B, 0x93, 0x0F,
    0x7A, 0x4E, 0xA5, 0x6A, 0x77, 0x05, 0xB0, 0x52, 0x2F, 0xB9, 0x0B, 0x99, 0x84, 0xB7, 0xAF, 0x3D,
    0x10, 0xCF, 0xFA, 0xA5, 0x66, 0xBE, 0xB6, 0xFB, 0x5A, 0xE6, 0xA2, 0x21, 0x08, 0x0A, 0x37, 0x05,
    0x30, 0x8E, 0x4F, 0x07, 0x1A, 0x43, 0x07, 0x94, 0x0F, 0x3C, 0x9E, 0xBE, 0xF0, 0x3F, 0x46, 0xC7,
    0xB4, 0x6A, 0xBE, 0xD3, 0xB5, 0xB8, 0x92, 0x7E, 0x61, 0x02, 0xB2, 0x57, 0x17, 0x20, 0x6F, 0xDF,
    0x60, 0xE8, 0x05, 0xA3, 0x3E, 0x57, 0xC3, 0x2E, 0x33, 0x7F, 0x3C, 0x3C, 0x01, 0x7C, 0xEE, 0xAB,
    0xEF, 0xDC, 0xA9, 0x3B, 0xAE, 0x2E, 0x1A, 0x3D, 0x79, 0x32, 0xA2, 0x5B, 0xE1, 0x79, 0x2B, 0x3D,
    0xA4, 0x6B, 0xB2, 0x62, 0x95, 0x2F, 0xA7, 0xAC, 0x3F, 0x0F, 0x9E, 0xFC, 0xD8, 0x9D, 0xBF, 0xAA,
    0xFC, 0xDC, 0xF8, 0x09, 0x5C, 0x9A, 0xCA, 0xA1, 0x1A, 0xAB, 0x81, 0x06, 0xE1, 0x75, 0x1B, 0x60,
    0xF0, 0x5B, 0xB6, 0x22, 0x75, 0x5A, 0xB7, 0xB4, 0x06, 0x6E, 0x6E, 0xC0, 0x0D, 0x82, 0x19, 0x16,
    0x0F, 0xC6, 0x2A, 0x71, 0xA2, 0xC4, 0xB9, 0xA0, 0x43, 0xF6, 0xB9, 0xF7, 0x08, 0x26, 0x9B, 0xFB,
    0x78, 0x92, 0xE7, 0x3B, 0xC9, 0xBB, 0x04, 0xBF, 0x44, 0xD2, 0xE6, 0x9E, 0x90, 0xFC, 0x2D, 0x1C,
    0xAF, 0x8E, 0xAB, 0x8A, 0xF7, 0x35, 0x83, 0xB6, 0x47, 0x45, 0xB7, 0x1D, 0x90, 0x4C, 0xD1, 0x82,
    0x64, 0x4E, 0x26, 0x24, 0x4B, 0x3A, 0x06, 0x90, 0x0F, 0x04, 0x7D, 0x00, 0x85, 0x0B, 0xA0, 0x0C,
    0x60, 0xAE, 0x04, 0xDA, 0x30, 0xB9, 0xAA, 0x91, 0x8E, 0x4D, 0x8D, 0x6C, 0x03, 0x8C, 0x21, 0x02,
    0x17, 0x40, 0xD9, 0x06, 0x50, 0xD5, 0x61, 0x4A, 0xC3, 0x50, 0x38, 0x30, 0xE1, 0x66, 0xE4, 0x43,
    0x16, 0xC8, 0xAE, 0x5D, 0x0B, 0x74, 0xCC, 0xDA, 0xA7, 0x6B, 0x6C, 0xBA, 0xA6, 0x0B, 0x50, 0xCD,
    0x88, 0x1F, 0x4D, 0xB8, 0xF8, 0xDE, 0x18, 0xF9, 0x30, 0x6F, 0xB6, 0xC8, 0x7B, 0xF7, 0x5C, 0xE8,
    0xB0, 0x47, 0x5F, 0x74, 0xD0, 0x9A, 0x61, 0x51, 0xC8, 0x67, 0xB6, 0x74, 0x52, 0x34, 0x4E, 0xF8,
    0x98, 0x5F, 0x5F, 0x6B, 0x58, 0x25, 0xB6, 0xEB, 0xC2, 0xB7, 0x54, 0x9F, 0x46, 0xC8, 0xA7, 0xE4,
    0x20, 0xB2, 0x9E, 0xF2, 0x0A, 0x82, 0xF0, 0xB2, 0x20, 0xA9, 0x0B, 0x52, 0x5A, 0x05, 0xB3, 0x65,
    0x90, 0xD2, 0x45, 0x09, 0x44, 0x78, 0x93, 0x20, 0x9A, 0x08, 0xD3, 0xE3, 0xC7, 0xE6, 0xC2, 0xD8,
    0x66, 0x3B, 0x79, 0x4C, 0x8B, 0xC1, 0x4C, 0x5F, 0xA5, 0x03, 0xA2, 0x81, 0x05, 0x36, 0xEB, 0x55,
    0xC0, 0xDC, 0x06, 0x15, 0xA3, 0xBB, 0x97, 0x4A, 0x7F, 0x8B, 0xAB, 0xE5, 0x03, 0xCA, 0x39, 0x47,
    0x2B, 0x58, 0xD2, 0xBD, 0x8C, 0xD1, 0xD5, 0x28, 0x55, 0xD2, 0x0B, 0x70, 0x1C, 0x6D, 0xD2, 0x72,
    0x8E, 0x59, 0xC0, 0x12, 0x17, 0x68, 0x48, 0xCD, 0x4F, 0x20, 0x7C, 0xA8, 0x29, 0x46, 0xBF, 0x1C,
    0x8E, 0x73, 0x32, 0x13, 0x7D, 0x87, 0xFA, 0xA4, 0xD0, 0xB7, 0x95, 0x78, 0x56, 0xAD, 0x7A, 0x88,
    0x21, 0x62, 0xC0, 0xF8, 0x6E, 0xA1, 0x50, 0x14, 0x0D, 0x4F, 0x5F, 0x83, 0x5D, 0xC6, 0x57, 0x30,
    0x3F, 0x88, 0xBE, 0x64, 0x78, 0x85, 0x30, 0xFA, 0xE9, 0xCC, 0x2F, 0xBF, 0x43, 0xCA, 0xF9, 0x9F,
    0x8F, 0x34, 0x44, 0x46, 0xB8, 0x90, 0x7B, 0x3C, 0xD2, 0xC5, 0x99, 0xA3, 0x93, 0x8B, 0xBA, 0x70,
    0xB4, 0x26, 0x9D, 0x3D, 0x93, 0xA3, 0xAD, 0xD0, 0xB9, 0xBA, 0x8F, 0xF2, 0x8B, 0xD7, 0xBB, 0x2F,
    0xD6, 0x8D, 0x57, 0x12, 0xDF, 0xB9, 0xE3, 0xEF, 0xEC, 0x6E, 0x89, 0x04, 0xE3, 0xE5, 0xA8, 0x7A,
    0x4A, 0xF8, 0xFE, 0xCE, 0xDF, 0x66, 0x95, 0xF6, 0xA3, 0xC4, 0x5D, 0x19, 0xEF, 0x9E, 0x60, 0x65,
    0xC2, 0xDD, 0x64, 0xC2, 0x7D, 0xDC, 0xC0, 0xF3, 0x40, 0x40, 0x7B, 0x37, 0xF0, 0x32, 0xC1, 0x1B,
    0x04, 0x8F, 0xA8, 0xA4, 0xF7, 0x0B, 0x57, 0x03, 0xAF, 0xB4, 0x71, 0xB0, 0x18, 0x64, 0x67, 0x25,
    0xD3, 0x58, 0x78, 0x1A, 0x28, 0xDD, 0x47, 0xF8, 0xED, 0x4D, 0x86, 0xE7, 0x9B, 0xB4, 0x49, 0x57,
    0x07, 0x49, 0xAA, 0x77, 0xFC, 0x80, 0xCC, 0xD3, 0x36, 0xCF, 0xD6, 0xC7, 0xB2, 0xEE, 0x5B, 0x44,
    0xFE, 0xF5, 0x11, 0xD9, 0x94, 0xCC, 0xCC, 0x8E, 0x05, 0x1D, 0xE2, 0x39, 0xE8, 0x12, 0x0D, 0x52,
    0x42, 0x8E, 0xC8, 0x47, 0x82, 0x41, 0xB4, 0x9F, 0x02, 0xAA, 0x6F, 0x79, 0x86, 0xCB, 0xEB, 0x33,
    0x1A, 0x96, 0xBD, 0xA6, 0x85, 0x47, 0x47, 0x6E, 0x3B, 0x20, 0xDF, 0x23, 0xE8, 0xD0, 0x50, 0x8C,
    0x8A, 0x26, 0x2A, 0xEB, 0x40, 0x36, 0xEF, 0x03, 0xC5, 0x74, 0x65, 0xFD, 0xF5, 0x96, 0x80, 0xB2,
    0x90, 0x9F, 0x8B, 0x00, 0xA6, 0x32, 0x80, 0xF1, 0x9C, 0x6B, 0xC2, 0x55, 0x66, 0xF0, 0x4B, 0xCC,
    0x85, 0xAF, 0x01, 0x81, 0x10, 0x22, 0x8A, 0x94, 0x4C, 0x94, 0x4B, 0x22, 0x49, 0xDD, 0x76, 0x2B,
    0x3E, 0x58, 0x4F, 0x66, 0x64, 0xA7, 0x33, 0x9A, 0x27, 0xCD, 0xA8, 0x6C, 0xC6, 0xF1, 0x6A, 0x7C,
    0x8B, 0xD4, 0x77, 0x13, 0x8A, 0x21, 0x5E, 0xF8, 0xF5, 0xCA, 0xAF, 0x1B, 0xA9, 0x89, 0x95, 0xC0,
    0x53, 0xA2, 0x0E, 0x58, 0x82, 0xFE, 0x81, 0x5A, 0x35, 0x04, 0x42, 0xF9, 0xA1, 0x03, 0x52, 0x3F,
    0xD1, 0xD3, 0x6C, 0x86, 0xBE, 0xEC, 0x11, 0x1F, 0x22, 0xEF, 0xF2, 0x11, 0x5A, 0xA0, 0xF3, 0xB1,
    0xD2, 0x12, 0x45, 0xF1, 0xBB, 0x1D, 0x34, 0xB4, 0x6D, 0x60, 0x51, 0xB8, 0x62, 0x40, 0x53, 0xA7,
    0xEB, 0x8B, 0x2C, 0xFB, 0x9E, 0x1D, 0xE4, 0x67, 0x4E, 0x56, 0xCA, 0x8C, 0x2B, 0x65, 0xD5, 0x07,
    0x42, 0x3E, 0x50, 0x89, 0x0F, 0x48, 0xC7, 0x64, 0x0E, 0xAA, 0x64, 0x53, 0x00, 0xF9, 0x48, 0x30,
    0x60, 0x03, 0x45, 0x8F, 0x94, 0xA3, 0x6C, 0x0C, 0x5F, 0x94, 0x63, 0x98, 0xD2, 0x8D, 0xC9, 0xFA,
    0x47, 0x0F, 0x06, 0x78, 0x7F, 0xD1, 0xE3, 0xD7, 0x5F, 0xAB, 0x9C, 0xE9, 0xAD, 0xC4, 0xB5, 0xBC,
    0xB5, 0x16, 0x66, 0xC6, 0x15, 0x5A, 0xF7, 0x1E, 0x2D, 0xF3, 0xA6, 0xDA, 0x75, 0xF6, 0x42, 0x05,
    0xE5, 0xC1, 0x26, 0x0F, 0xF5, 0xF6, 0x75, 0xC4, 0x5B, 0xEB, 0xCB, 0x13, 0xAF, 0xBD, 0x7D, 0xF7,
    0x0E, 0x8D, 0x75, 0x01, 0x66, 0xFB, 0x7C, 0x42, 0x11, 0xEE, 0x51, 0x55, 0xE2, 0x49, 0x57, 0x1C,
    0xD4, 0x58, 0xD8, 0x0C, 0xA5, 0x07, 0xC9, 0x78, 0x43, 0xC9, 0x31, 0xE2, 0x39, 0x67, 0x6B, 0x99,
    0xAE, 0x9A, 0x44, 0x37, 0x75, 0x38, 0x11, 0x68, 0xFA, 0x30, 0x58, 0x39, 0x18, 0x80, 0x98, 0x83,
    0x72, 0xDC, 0xBE, 0x47, 0x35, 0xC0, 0x66, 0xD9, 0x34, 0x12, 0xE7, 0x57, 0x1A, 0xCE, 0x1A, 0xAA,
    0xC0, 0x91, 0x9E, 0xED, 0x43, 0x6C, 0x49, 0x14, 0xC0, 0xBB, 0x5D, 0x5C, 0x15, 0xAC, 0xBC, 0x3F,
    0x7B, 0xFD, 0xFA, 0x75, 0xD4, 0x7B, 0x51, 0xEC, 0x5A, 0x12, 0x53, 0x19, 0xF5, 0x2A, 0x86, 0x1C,
    0xC6, 0xDE, 0x16, 0xC0, 0x7D, 0xC5, 0x6A, 0x5A, 0x7D, 0x68, 0x5F, 0x6B, 0x62, 0xA1, 0x41, 0x2B,
    0x99, 0xEC, 0x7B, 0xB3, 0xF6, 0xB5, 0x23, 0xCB, 0xB5, 0x0E, 0x61, 0x3A, 0x14, 0x43, 0x3A, 0x57,
    0x21, 0x79, 0xAB, 0x1A, 0x87, 0x0A, 0x58, 0x9F, 0x3F, 0x96, 0x23, 0x2B, 0x43, 0x4A, 0xE1, 0xC6,
    0xD1, 0x0C, 0x62, 0xB9, 0x6E, 0x65, 0x7D, 0xB4, 0xCA, 0x1E, 0x0F, 0xBB, 0x9E, 0xBA, 0xD2, 0x16,
    0x74, 0x0C, 0x2A, 0x3E, 0x83, 0x75, 0x67, 0x11, 0x74, 0x7D, 0xE8, 0xCD, 0x5B, 0x90, 0xF4, 0xDE,
    0x54, 0x79, 0x18, 0x5D, 0x90, 0x08, 0xD9, 0x2D, 0xDB, 0x1A, 0x5E, 0x59, 0xA1, 0x44, 0xDE, 0xA2,
    0x81, 0xB5, 0x0D, 0x0B, 0x2E, 0x3D, 0x7C, 0x2A, 0x1E, 0x92, 0x09, 0xCD, 0x83, 0x25, 0x1A, 0xD3,
    0x90, 0x55, 0x41, 0xB2, 0x29, 0x77, 0xD9, 0x18, 0xCD, 0x98, 0x8A, 0xB6, 0x60, 0x61, 0x9E, 0xCB,
    0xBA, 0x62, 0x32, 0xDD, 0xAD, 0xD0, 0xB0, 0xC0, 0xCD, 0x15, 0x3A, 0xE2, 0xE9, 0x15, 0xAC, 0x48,
    0x07, 0xE2, 0x03, 0xBB, 0xC3, 0xF1, 0x7E, 0xC0, 0x79, 0x1F, 0x19, 0x76, 0xC9, 0x40, 0x5C, 0xB8,
    0xD4, 0xDD, 0xC4, 0x9B, 0xA8, 0xFA, 0xBC, 0x7D, 0x05, 0x55, 0xFD, 0xD3, 0xB1, 0x42, 0x85, 0xC2,
    0xFF, 0xBD, 0x5F, 0x02, 0xBE, 0xE4, 0x19, 0x06, 0xAA, 0x88, 0x7B, 0x21, 0x44, 0xA0, 0x25, 0x24,
    0x0B, 0x49, 0xC1, 0x55, 0x51, 0x24, 0xA5, 0x23, 0x8D, 0xFD, 0x8F, 0xBB, 0xC1, 0x6A, 0xF5, 0x01,
    0xBA, 0x9E, 0x35, 0x64, 0xFD, 0xAD, 0x16, 0x5F, 0xA1, 0xCA, 0x50, 0x33, 0x0A, 0x3D, 0x12, 0x8A,
    0x7F, 0x28, 0x94, 0x7C, 0x6B, 0x12, 0xCF, 0xCF, 0x0B, 0x15, 0xE2, 0x85, 0x33, 0x2B, 0x11, 0xF7,
    0x62, 0xA1, 0x49, 0x28, 0x1E, 0x94, 0x81, 0xA9, 0x13, 0xCA, 0x5B, 0x49, 0x53, 0x40, 0x88, 0x75,
    0x79, 0x8B, 0x42, 0x15, 0x79, 0xED, 0x0B, 0xAC, 0xA3, 0x4D, 0x9D, 0x50, 0x5E, 0x2B, 0x9F, 0x4B,
    0x2B, 0x0D, 0xE7, 0x86, 0x14, 0xFE, 0xEE, 0x39, 0x7F, 0x1B, 0xCF, 0xF9, 0x87, 0x95, 0x9F, 0x50,
    0xF9, 0x03, 0x97, 0xDA, 0x1F, 0x91, 0x72, 0xA0, 0x35, 0xA8, 0x9A, 0x14, 0x8B, 0xC2, 0x2B, 0xF6,
    0x10, 0x25, 0x22, 0x65, 0x78, 0x78, 0x2C, 0x13, 0xD6, 0x7D, 0x87, 0xE0, 0xD5, 0xE1, 0x6C, 0x91,
    0x95, 0xCE, 0x2A, 0x75, 0x17, 0xBD, 0xBA, 0x38, 0xC9, 0xEE, 0xBD, 0xCC, 0x36, 0x2A, 0xAD, 0xF2,
    0x31, 0xDC, 0x42, 0x99, 0x1A, 0x70, 0xFD, 0x80, 0x2B, 0xD3, 0xA2, 0x08, 0x49, 0x67, 0xC9, 0x98,
    0x11, 0xB5, 0xC8, 0x27, 0x85, 0x78, 0x31, 0x8A, 0x65, 0xD5, 0x93, 0x57, 0xEC, 0x6B, 0x5C, 0xB0,
    0x30, 0x48, 0xF3, 0xB5, 0xC6, 0x7E, 0x45, 0x9D, 0x6F, 0xA5, 0x02, 0xA7, 0xB7, 0xF9, 0x82, 0xE4,
    0xC0, 0x3B, 0x1F, 0x29, 0x5E, 0x20, 0x1A, 0x2D, 0x94, 0x3F, 0x1A, 0x22, 0x8F, 0xD3, 0x7A, 0x4C,
    0x3E, 0x7B, 0xCB, 0x51, 0x08, 0x2A, 0x07, 0xC5, 0x51, 0xF2, 0x3C, 0x01, 0x96, 0xFD, 0xEE, 0x72,
    0xD1, 0xF9, 0x28, 0x52, 0xAD, 0x47, 0xB1, 0xBF, 0x45, 0x65, 0x1A, 0x19, 0x54, 0xCB, 0xB4, 0x55,
    0xD9, 0x5F, 0x34, 0xF5, 0x24, 0x53, 0x7F, 0x78, 0xB5, 0x4C, 0xEE, 0xE4, 0x34, 0xB1, 0xEE, 0x4C,
    0x1A, 0x6F, 0xD9, 0xB3, 0x82, 0x76, 0xD9, 0x36, 0x63, 0xF1, 0x86, 0x16, 0xA1, 0x64, 0x43, 0xB3,
    0x50, 0x3A, 0x49, 0xA3, 0x6C, 0xD4, 0x0F, 0x48, 0x21, 0x9B, 0x88, 0x64, 0xF5, 0x41, 0xBA, 0x15,
    0xBD, 0xD4, 0xD2, 0x26, 0xCF, 0x49, 0x05, 0x5F, 0xD3, 0xD4, 0xF1, 0x2A, 0xE6, 0xD9, 0x6C, 0xA6,
    0x1E, 0xC8, 0xFC, 0xD2, 0xA9, 0xA9, 0x4D, 0x78, 0x2D, 0x77, 0x85, 0x21, 0x7B, 0xFD, 0x62, 0x3E,
    0x82, 0x45, 0x1C, 0x24, 0x7C, 0x01, 0x09, 0xFF, 0x3C, 0x24, 0xFC, 0xDE, 0x09, 0x21, 0xDE, 0xD0,
    0x22, 0x94, 0x6C, 0xC8, 0x02, 0x24, 0x55, 0xB8, 0x48, 0x78, 0x32, 0x3A, 0x45, 0x83, 0x50, 0xD1,
    0x0B, 0x51, 0xF8, 0xCD, 0xFE, 0xB7, 0x15, 0x27, 0xD1, 0x20, 0x19, 0x92, 0x5E, 0xC2, 0xA7, 0x54,
    0x4A, 0x0B, 0xD4, 0x85, 0x89, 0xD9, 0x11, 0xD5, 0xFF, 0x43, 0xC2, 0xCF, 0x84, 0xBB, 0xF0, 0xDE,
    0x2F, 0xEF, 0x59, 0x78, 0xA1, 0x56, 0xA8, 0x31, 0xD4, 0xD5, 0x42, 0xBE, 0xB5, 0xE5, 0xE5, 0x9D,
    0xAD, 0xC8, 0xE0, 0xE4, 0x52, 0x1B, 0x40, 0x25, 0x56, 0x95, 0xA7, 0xC4, 0xB7, 0x8C, 0x72, 0x78,
    0xF6, 0x12, 0xBB, 0x53, 0xAB, 0x5A, 0xB9, 0xFA, 0xDB, 0x88, 0xFC, 0x51, 0x5A, 0x45, 0xC5, 0x31,
    0xDE, 0x35, 0xDF, 0x62, 0x77, 0x0F, 0x64, 0x05, 0x47, 0x74, 0xFD, 0x7A, 0x5D, 0x39, 0xFA, 0xC5,
    0x05, 0x84, 0x0B, 0x65, 0x0F, 0x67, 0x0B, 0x0D, 0x42, 0x45, 0xAF, 0x1F, 0x94, 0x4E, 0x3F, 0xAF,
    0xC8, 0x5C, 0xDA, 0xA4, 0x8B, 0x50, 0x4C, 0xB3, 0xD7, 0x56, 0xFF, 0xCC, 0x2E, 0x6F, 0x61, 0xEB,
    0xCA, 0xE5, 0x87, 0x96, 0x0F, 0x95, 0xA8, 0xF9, 0x50, 0x0F, 0x3D, 0xB2, 0x84, 0x9E, 0xFD, 0x9D,
    0x02, 0xBA, 0xED, 0x81, 0xDF, 0x1E, 0xAC, 0x7A, 0xE4, 0x17, 0x3D, 0xFB, 0x06, 0x4B, 0x40, 0xAA,
    0x26, 0xFB, 0xC0, 0x5B, 0x00, 0x23, 0xE5, 0xC0, 0x5A, 0x3C, 0x7B, 0x2C, 0x31, 0x4E, 0x07, 0xC3,
    0xDE, 0x39, 0xEF, 0x8D, 0xB3, 0x3D, 0x66, 0x54, 0x0D, 0x5A, 0x3D, 0x26, 0xA5, 0x09, 0x58, 0xDB,
    0xA3, 0xD5, 0xC5, 0xD7, 0xF4, 0xDC, 0xBF, 0xE8, 0x41, 0xE7, 0x17, 0x3D, 0xC0, 0xAE, 0xEE, 0x51,
    0xCD, 0xA3, 0x7A, 0xBB, 0x5A, 0xBB, 0x3A, 0x04, 0x92, 0x5E, 0x40, 0xE2, 0x1F, 0xBB, 0xD3, 0x23,
    0xD8, 0x44, 0x3D, 0x8A, 0x78, 0x14, 0xED, 0x28, 0xD2, 0x51, 0x14, 0xB3, 0x42, 0xBF, 0x41, 0x6B,
    0x2A, 0x8C, 0x80, 0x51, 0x30, 0x12, 0x46, 0xC3, 0x88, 0x98, 0x8C, 0x26, 0xE4, 0xBE, 0xED, 0x7C,
    0xFC, 0xCE, 0x46, 0x50, 0xB2, 0x4A, 0xD8, 0x3D, 0x93, 0x73, 0x83, 0x83, 0xC1, 0x27, 0x32, 0x7C,
    0x12, 0x2B, 0x23, 0x6F, 0x84, 0xE5, 0xA2, 0xC6, 0xCB, 0x7A, 0xE2, 0x27, 0xF3, 0x96, 0xBE, 0x97,
    0x85, 0x2B, 0xEF, 0x68, 0xE4, 0xBD, 0x41, 0xCA, 0x7B, 0xA3, 0x5D, 0x6E, 0xD6, 0xBE, 0x67, 0xF4,
    0x93, 0xD1, 0x38, 0xE4, 0xCE, 0x78, 0x54, 0x9B, 0x42, 0xB3, 0xE1, 0x74, 0x30, 0xAE, 0x85, 0x13,
    0x9E, 0x1B, 0xE1, 0xF4, 0x67, 0x32, 0x1C, 0xB2, 0x47, 0x0F, 0x4C, 0xAD, 0x35, 0x37, 0x3C, 0x65,
    0xB3, 0xF0, 0x60, 0x72, 0x16, 0x7D, 0x72, 0x30, 0x25, 0x23, 0xBF, 0xA9, 0xE9, 0x6B, 0x53, 0xB4,
    0x33, 0x07, 0xF1, 0xA3, 0x7D, 0xA9, 0xE5, 0x97, 0xC5, 0x64, 0x9E, 0xCA, 0x7C, 0x2D, 0x67, 0x45,
    0x9C, 0xA8, 0xB0, 0x91, 0x56, 0xCA, 0xF5, 0xF7, 0xEA, 0x16, 0x83, 0xEF, 0xC5, 0x2D, 0xE3, 0xE3,
    0xDC, 0x62, 0x89, 0x3E, 0x2A, 0x8F, 0x07, 0xB2, 0x4A, 0x7A, 0x4A, 0x9A, 0x39, 0xDB, 0xE2, 0xDB,
    0xAA, 0xBA, 0x2D, 0xAA, 0xB9, 0x72, 0xAA, 0xF0, 0x63, 0x78, 0xC8, 0xA4, 0x52, 0xF5, 0x95, 0xE9,
    0x05, 0xC8, 0x9E, 0x1F, 0x69, 0xC3, 0x1D, 0x3F, 0x20, 0xA7, 0xBF, 0x61, 0x6E, 0x7E, 0x9B, 0xA3,
    0xB7, 0x0F, 0x40, 0xFE, 0x59, 0xF2, 0x1D, 0xC3, 0xA8, 0x50, 0x4B, 0x39, 0xAE, 0xC0, 0x19, 0xA5,
    0x88, 0x47, 0x0F, 0xDC, 0x60, 0x68, 0xC4, 0x43, 0x07, 0x70, 0x9F, 0x14, 0x04, 0xE9, 0x10, 0x0F,
    0x0D, 0x47, 0xAE, 0x09, 0x4F, 0xA7, 0xDE, 0xA8, 0xA9, 0xF3, 0xDA, 0xAB, 0x4B, 0xAB, 0xDA, 0x42,
    0x86, 0xC8, 0xEB, 0xAA, 0x3D, 0xC3, 0xC1, 0x46, 0xEE, 0x5E, 0xA4, 0x14, 0x0C, 0xA2, 0x8F, 0x32,
    0x4A, 0x81, 0xF2, 0x1B, 0xE6, 0xA8, 0xCB, 0x28, 0xBE, 0xE3, 0x64, 0x9C, 0x33, 0xE4, 0xDF, 0xAF,
    0x65, 0xA0, 0xAB, 0xC8, 0xBD, 0xED, 0x25, 0x6F, 0x20, 0x3F, 0xC8, 0x5C, 0xDC, 0xF9, 0x2C, 0x66,
    0x26, 0x55, 0x57, 0xF6, 0x08, 0x2F, 0xFA, 0xDB, 0xE9, 0x10, 0xFB, 0x95, 0xDE, 0x1A, 0x52, 0x97,
    0xCA, 0x53, 0xB9, 0xF6, 0x88, 0x2B, 0x0D, 0xD2, 0x23, 0xB3, 0x15, 0x7A, 0x90, 0xDB, 0xAD, 0x0F,
    0x2C, 0xB1, 0x19, 0xE6, 0x32, 0x07, 0x7F, 0xBB, 0x90, 0x6F, 0xB8, 0x7E, 0x76, 0xD8, 0x36, 0xF8,
    0x52, 0x19, 0xB4, 0x82, 0xAF, 0x71, 0x17, 0x34, 0x42, 0xE3, 0x30, 0x71, 0x30, 0x54, 0x36, 0x48,
    0xFA, 0x62, 0xC0, 0xC8, 0x81, 0xCB, 0xC7, 0x68, 0x94, 0x01, 0xB2, 0x39, 0x1E, 0xA4, 0x7F, 0xB2,
    0x24, 0xBD, 0x94, 0x8E, 0x0F, 0x89, 0xD3, 0x20, 0xF2, 0xA9, 0x06, 0xD0, 0xEB, 0x64, 0x15, 0xB7,
    0xE6, 0x0B, 0x2D, 0x24, 0x41, 0xF5, 0xED, 0x1A, 0x92, 0xA0, 0x7C, 0x00, 0x29, 0x4E, 0xCD, 0x21,
    0x09, 0xB2, 0x15, 0x52, 0x1B, 0x89, 0x06, 0xF4, 0xD8, 0x41, 0x35, 0xE9, 0x36, 0x64, 0x4C, 0x15,
    0x21, 0x0E, 0xF6, 0x2B, 0x92, 0xB6, 0x28, 0xAD, 0x81, 0xF4, 0x6D, 0xB6, 0xA8, 0x17, 0x89, 0x3C,
    0xF6, 0xFE, 0xCD, 0x6D, 0x89, 0xA0, 0xBC, 0x58, 0x55, 0x72, 0xE4, 0x85, 0x62, 0x48, 0x0D, 0xA9,
    0x2E, 0x95, 0x43, 0x3E, 0x0A, 0x15, 0x44, 0x55, 0x5F, 0x0E, 0x42, 0x55, 0x4F, 0xA4, 0x82, 0x84,
    0x86, 0x88, 0x34, 0x85, 0x3C, 0x88, 0xE2, 0x55, 0x28, 0x59, 0x54, 0x97, 0xB2, 0x39, 0x90, 0x13,
    0x67, 0xD5, 0x25, 0x6B, 0x2C, 0xBD, 0x36, 0x25, 0x14, 0x0C, 0xCD, 0x3B, 0x12, 0xD3, 0x5C, 0x64,
    0x8D, 0x99, 0xB2, 0xED, 0xB5, 0xAD, 0x33, 0xD3, 0x02, 0xEA, 0xCA, 0x51, 0x09, 0x27, 0x21, 0x9B,
    0x3A, 0x96, 0x3B, 0xF7, 0x3A, 0x44, 0x74, 0xDA, 0x04, 0x6F, 0x68, 0x21, 0x97, 0xBD, 0x39, 0x9B,
    0x29, 0x0B, 0x53, 0xAF, 0x54, 0x3B, 0xF6, 0x21, 0x0B, 0x13, 0xE5, 0x4A, 0xFE, 0xCE, 0x57, 0x7E,
    0xB5, 0xFE, 0x40, 0x88, 0x2F, 0xA2, 0xF7, 0xFE, 0xE0, 0xFF, 0x89, 0x1F, 0x9A, 0x53, 0xE5, 0x4F,
    0x90, 0xF8, 0xEF, 0x4D, 0x4B, 0xBA, 0xFE, 0x81, 0xB0, 0xFD, 0x50, 0x8D, 0xC5, 0x7F, 0xDE, 0xC4,
    0x3C, 0xB7, 0x6D, 0x62, 0xD6, 0xD3, 0x4D, 0x0C, 0x8E, 0x9B, 0x98, 0x80, 0x1E, 0xE3, 0x3F, 0xEB,
    0xB1, 0x25, 0x6B, 0x32, 0x8B, 0x71, 0xBA, 0x7E, 0x75, 0xAD, 0xD5, 0xC7, 0x0C, 0x92, 0xA1, 0x30,
    0xB4, 0x95, 0xE1, 0x6C, 0xB2, 0x35, 0x7F, 0x96, 0xFF, 0x64, 0xCB, 0xCA, 0xC5, 0x07, 0xA2, 0x36,
    0xB2, 0xEE, 0xDE, 0x98, 0xD7, 0xE2, 0xEA, 0x6B, 0x2A, 0xFA, 0x62, 0xF0, 0x5F, 0x39, 0xCB, 0x7F,
    0x97, 0x8E, 0x99, 0x54, 0xFA, 0x41, 0x2F, 0x56, 0x57, 0x06, 0x0B, 0xBB, 0x89, 0xD2, 0xA9, 0x5A,
    0xF0, 0x56, 0x15, 0x03, 0x1A, 0xE0, 0x19, 0xE9, 0x63, 0x84, 0xC5, 0x4C, 0x70, 0xB2, 0x92, 0x64,
    0x75, 0xBE, 0x27, 0xF2, 0xB3, 0xD1, 0xB4, 0x36, 0x5B, 0xB3, 0xBA, 0x41, 0x1F, 0x6D, 0x65, 0x0B,
    0x1F, 0x25, 0x1F, 0xDC, 0x54, 0x84, 0xDE, 0x57, 0x71, 0xD0, 0xDE, 0x83, 0xE4, 0x8B, 0x1E, 0x55,
    0xAF, 0x0A, 0xBA, 0xBE, 0xC8, 0xBD, 0xBC, 0x74, 0xB7, 0x17, 0x50, 0x99, 0x0F, 0xD7, 0x21, 0x37,
    0xD8, 0xA7, 0x53, 0xB4, 0x14, 0xFC, 0xE9, 0xBD, 0xCB, 0xFC, 0xE9, 0x8D, 0xAB, 0x0C, 0xE9, 0x97,
    0xAF, 0xD0, 0xF3, 0x2F, 0xFD, 0x97, 0xE5, 0x5E, 0xD0, 0xFF, 0x77, 0xFB, 0x0B, 0xE9, 0xF3, 0x7E,
    0xBF, 0x5A, 0xB5, 0x64, 0x80, 0xFB, 0x15, 0xA5, 0x9F, 0x0D, 0x4D, 0x7A, 0x63, 0xB2, 0x1A, 0x87,
    0xBB, 0xC6, 0x62, 0x32, 0x1E, 0xA3, 0x98, 0x44, 0xA3, 0xE8, 0xC7, 0x01, 0xCD, 0x01, 0x0D, 0xE2,
    0x90, 0xF4, 0xC8, 0x88, 0x9C, 0x38, 0xA5, 0x4E, 0xAC, 0xB2, 0xD6, 0xCE, 0x9C, 0x68, 0x1E, 0x22,
    0x29, 0x96, 0x9B, 0x66, 0x85, 0xA1, 0xCB, 0xA6, 0xE1, 0x99, 0xA9, 0x78, 0xD5, 0xD0, 0x0D, 0x43,
    0xB3, 0x5A, 0xF3, 0x68, 0xCB, 0x05, 0x66, 0xC6, 0x84, 0xB2, 0xDD, 0x37, 0xC9, 0xB6, 0xAE, 0x9A,
    0x91, 0xED, 0xCC, 0xB7, 0xF1, 0x03, 0x51, 0xE7, 0xFB, 0xEC, 0x20, 0xF5, 0xB5, 0xA8, 0x8C, 0x86,
    0x7A, 0xA1, 0xCC, 0x09, 0x15, 0x66, 0xAF, 0x73, 0x0B, 0xE4, 0x1B, 0x66, 0xC3, 0x59, 0xA9, 0x16,
    0x8F, 0xB2, 0xAB, 0x6A, 0x83, 0xE7, 0x7C, 0xA2, 0x5C, 0x3D, 0x05, 0xE7, 0x13, 0xDD, 0x30, 0x97,
    0xCC, 0x42, 0x9F, 0x18, 0x89, 0xAA, 0x4F, 0xF5, 0x42, 0x5F, 0x70, 0x42, 0x7F, 0x51, 0x0B, 0x7D,
    0xD9, 0xC2, 0xF4, 0xBE, 0x50, 0x31, 0x1B, 0x3A, 0xD9, 0xE8, 0xE4, 0x4E, 0x44, 0xFC, 0xCC, 0xE3,
    0xAA, 0xDC, 0x2F, 0x0D, 0x8F, 0xAE, 0x47, 0x8E, 0xD2, 0xD5, 0xFC, 0xD5, 0xD4, 0x12, 0x38, 0x8C,
    0x6E, 0x4A, 0xF4, 0x2A, 0x8C, 0xEE, 0x69, 0xC4, 0x22, 0x39, 0x49, 0x0F, 0x1F, 0x90, 0x9C, 0x13,
    0xFD, 0x7C, 0x0A, 0x92, 0x53, 0xA9, 0xE4, 0x7B, 0x53, 0x10, 0x9E, 0x7A, 0xA5, 0xDF, 0x9C, 0x83,
    0xFC, 0x1C, 0x65, 0x9F, 0x9A, 0x51, 0x4A, 0xC9, 0x3C, 0x99, 0x71, 0x26, 0x3D, 0x5F, 0x08, 0x94,
    0xEE, 0x69, 0x74, 0x35, 0x8C, 0x26, 0x69, 0x7B, 0x97, 0x87, 0xAB, 0x1A, 0x8D, 0xF1, 0x62, 0x86,
    0x88, 0x87, 0x78, 0x31, 0x5B, 0x24, 0x2E, 0x5E, 0xCC, 0x1C, 0x59, 0x1B, 0x2D, 0xA5, 0x2C, 0x92,
    0x07, 0xEA, 0x67, 0x1A, 0x5D, 0x0E, 0x23, 0x33, 0xCF, 0x55, 0xE0, 0x30, 0x69, 0xC4, 0x20, 0x1A,
    0x35, 0x0A, 0x50, 0xB9, 0x66, 0x7B, 0xE6, 0x3D, 0xCA, 0x7D, 0xBD, 0x45, 0xFA, 0x16, 0xD5, 0x99,
    0x3A, 0xD3, 0x96, 0x6B, 0x14, 0x9A, 0x80, 0x99, 0x87, 0xD9, 0xA4, 0x9F, 0xC9, 0x60, 0xDA, 0x9B,
    0x6B, 0x87, 0xAD, 0x6C, 0xD4, 0xCA, 0x39, 0x59, 0xDC, 0x27, 0x83, 0x35, 0x75, 0x79, 0x6B, 0xEB,
    0xFB, 0x39, 0x74, 0xF9, 0xC5, 0x70, 0x37, 0x0A, 0x89, 0xAB, 0x70, 0x2F, 0x24, 0xC9, 0x34, 0x5F,
    0x64, 0x82, 0xF1, 0x66, 0xE1, 0xFC, 0x53, 0x8B, 0xF0, 0x79, 0xBC, 0x0A, 0xCF, 0x26, 0x60, 0x60,
    0xE2, 0xC5, 0xDE, 0xD9, 0x9A, 0x52, 0x6E, 0x04, 0xEF, 0x9B, 0x62, 0xB1, 0xBC, 0xA4, 0xF3, 0xA9,
    0x4B, 0xD6, 0xF3, 0x38, 0x6A, 0x84, 0xD2, 0x2F, 0x91, 0xF7, 0x6D, 0x65, 0x28, 0xD1, 0xAA, 0x85,
    0x88, 0xA8, 0x97, 0xE6, 0x94, 0x99, 0xD3, 0x6C, 0xA9, 0xBA, 0x61, 0x62, 0x4E, 0x56, 0x72, 0x06,
    0xD5, 0x9A, 0xCC, 0xD9, 0x82, 0x6A, 0x19, 0x7D, 0x66, 0xE9, 0x3D, 0x4B, 0xA4, 0x77, 0x4C, 0x71,
    0x33, 0xAA, 0x89, 0x79, 0xBA, 0x25, 0xDF, 0xF7, 0xE2, 0x8F, 0xDD, 0x92, 0x4F, 0xD8, 0x57, 0x09,
    0xE5, 0x99, 0xAD, 0x10, 0xB7, 0xAC, 0x50, 0x58, 0x1B, 0xBF, 0xF5, 0xB0, 0x44, 0x4A, 0x68, 0x2A,
    0x50, 0x42, 0xA5, 0xE9, 0xCC, 0x02, 0xF4, 0xAA, 0x19, 0xF4, 0xA5, 0x6D, 0x57, 0xAE, 0x19, 0xB0,
    0x19, 0xC7, 0xC0, 0x6F, 0x7A, 0x21, 0x5F, 0xFF, 0x2A, 0x33, 0xCA, 0x71, 0x2F, 0x7D, 0xB7, 0x34,
    0x23, 0x36, 0x39, 0x12, 0xA7, 0x19, 0xA9, 0xD3, 0x8C, 0xC2, 0xA1, 0x39, 0x7D, 0x9B, 0x11, 0xDD,
    0xF9, 0x0A, 0x12, 0x7F, 0xD0, 0xDC, 0x74, 0x36, 0x45, 0xF7, 0x23, 0xF1, 0xFE, 0xF1, 0x47, 0xE2,
    0x0D, 0x70, 0x7A, 0x38, 0x79, 0x7A, 0x30, 0x99, 0x4C, 0x32, 0xDB, 0x09, 0xA9, 0xA2, 0x17, 0xF3,
    0x53, 0x52, 0x01, 0x77, 0xBE, 0xD5, 0xF3, 0xC7, 0x78, 0x03, 0x77, 0xB7, 0xBF, 0x97, 0x71, 0x63,
    0xFB, 0xBB, 0x7A, 0xF2, 0x77, 0xB6, 0xFD, 0xBD, 0x80, 0xCB, 0xDB, 0xDF, 0xF3, 0x28, 0xB6, 0xBF,
    0x1C, 0xEF, 0x3F, 0xEA, 0x82, 0x94, 0x92, 0x3C, 0xE6, 0xA8, 0x34, 0x7B, 0xC2, 0x59, 0x7F, 0x55,
    0x4B, 0xB9, 0xC7, 0x28, 0xA6, 0xE7, 0x94, 0xD4, 0xA9, 0x8D, 0xCA, 0x5E, 0xCA, 0x34, 0xDE, 0x49,
    0x17, 0xE0, 0x4F, 0xF7, 0x83, 0xF0, 0x45, 0x8E, 0x22, 0xF8, 0x3E, 0x7D, 0xC5, 0x9E, 0x39, 0x4F,
    0xB9, 0xBA, 0x33, 0x6E, 0xCF, 0x22, 0xAD, 0x58, 0x13, 0xC2, 0x7D, 0x83, 0xEB, 0xD4, 0x19, 0x97,
    0xA8, 0x52, 0x45, 0xA2, 0xCE, 0x5B, 0x9E, 0x1A, 0x72, 0x79, 0x3E, 0x87, 0x2D, 0xBD, 0xF6, 0xAE,
    0x76, 0x12, 0xE0, 0x39, 0xC0, 0xB5, 0xCF, 0xD5, 0x95, 0xCB, 0x5D, 0x3A, 0x04, 0x32, 0x77, 0xF1,
    0x41, 0xB5, 0x2F, 0xEA, 0xDC, 0xD8, 0x79, 0xBF, 0x7D, 0x31, 0x53, 0x2F, 0x8A, 0xEB, 0x11, 0x60,
    0xCC, 0x2D, 0x07, 0x5D, 0x93, 0x8F, 0x1C, 0xE4, 0x83, 0xEE, 0x9E, 0xB2, 0x17, 0x8E, 0x46, 0x28,
    0x05, 0x79, 0xB7, 0x68, 0xC2, 0xCD, 0x26, 0x83, 0xD0, 0xAB, 0x69, 0xF5, 0x22, 0xD6, 0xD1, 0x5C,
    0xBF, 0x11, 0x60, 0x39, 0xDC, 0xED, 0x3E, 0x8D, 0xDC, 0x0F, 0x4D, 0x20, 0xEE, 0xEB, 0x6A, 0xE2,
    0x09, 0xCE, 0xD3, 0x40, 0x7C, 0xE7, 0x16, 0xF3, 0x61, 0xB0, 0x58, 0xE5, 0xEC, 0x1D, 0xB4, 0x02,
    0xFB, 0xFB, 0x8A, 0x30, 0x1F, 0x9E, 0xBB, 0xD4, 0xB5, 0xF2, 0x3D, 0x0E, 0x6F, 0x14, 0x63, 0x74,
    0xE8, 0xF3, 0x31, 0xF6, 0x75, 0x3A, 0x25, 0x1E, 0x01, 0x2C, 0x01, 0xA4, 0x73, 0x00, 0xD9, 0x84,
    0x6C, 0xCA, 0x28, 0x36, 0x45, 0x1E, 0xF3, 0x20, 0xF1, 0x50, 0x04, 0xC9, 0x5D, 0x49, 0x61, 0x03,
    0xF5, 0xC6, 0xCE, 0xD1, 0x2A, 0xD6, 0x83, 0xA6, 0x66, 0xF3, 0xF1, 0x83, 0xAE, 0xC5, 0xDB, 0xFB,
    0x09, 0xA0, 0x59, 0x26, 0xF6, 0xAC, 0x1B, 0x3F, 0xF0, 0xD4, 0x4D, 0x2F, 0xB0, 0x0B, 0xF6, 0x58,
    0xC1, 0x7E, 0x13, 0xDE, 0x27, 0x77, 0x06, 0xB2, 0x27, 0x2F, 0x41, 0x04, 0x9A, 0xF6, 0x04, 0x50,
    0x83, 0xFD, 0x80, 0xF4, 0x25, 0xE4, 0x33, 0x8B, 0xBD, 0xD6, 0x81, 0x6E, 0xB5, 0x7F, 0xA9, 0xA1,
    0x05, 0xE2, 0x4E, 0x6D, 0x47, 0xA0, 0xF2, 0xC7, 0xBE, 0xC9, 0x3E, 0x85, 0xAB, 0xA0, 0x64, 0xFC,
    0xDD, 0x85, 0xF3, 0xFC, 0xF2, 0x7F, 0xE5, 0xB7, 0xDD, 0x42, 0x07, 0x5A, 0x48, 0xBF, 0x0C, 0xA4,
    0x0E, 0xA8, 0x68, 0x21, 0x09, 0xD3, 0xD4, 0x81, 0xBF, 0x47, 0xD1, 0xC7, 0x87, 0xC0, 0xB1, 0x98,
    0x50, 0x7D, 0x57, 0x67, 0xFA, 0x0F, 0x81, 0xE6, 0x8B, 0x4F, 0xB6, 0xD0, 0xA5, 0xC7, 0x59, 0x08,
    0x17, 0x6F, 0x59, 0x37, 0xB9, 0x5A, 0xC9, 0x6F, 0x20, 0xD3, 0x57, 0x44, 0x55, 0x7D, 0x4E, 0xD4,
    0xE0, 0x83, 0x47, 0x63, 0x61, 0xDD, 0xD1, 0xF1, 0xCC, 0xC4, 0x0B, 0xED, 0xCB, 0xF7, 0x6C, 0x68,
    0x12, 0x4A, 0xC7, 0x5F, 0x44, 0xD9, 0x69, 0x6B, 0xD1, 0x0B, 0x15, 0xEE, 0x64, 0xAB, 0xD4, 0x9E,
    0xA0, 0x5A, 0xA8, 0x11, 0x3C, 0x95, 0x41, 0x2E, 0x53, 0x6A, 0x8B, 0xF9, 0x09, 0x3A, 0x65, 0x9E,
    0x6D, 0xEC, 0x76, 0x06, 0x84, 0x2B, 0x84, 0x06, 0xEC, 0xD7, 0x2B, 0x04, 0xCF, 0x2A, 0x4E, 0x32,
    0xFF, 0x88, 0xA8, 0xFA, 0xD2, 0xFA, 0x01, 0x32, 0x12, 0xE3, 0x78, 0x46, 0x23, 0x9A, 0x42, 0x19,
    0x91, 0x34, 0xE9, 0x4C, 0x93, 0x55, 0x48, 0xD2, 0xE4, 0x83, 0xF8, 0xEB, 0x78, 0x96, 0xDE, 0xDC,
    0xFF, 0xAD, 0x18, 0x3F, 0xDC, 0x74, 0x16, 0x44, 0xB5, 0xA1, 0x1F, 0xC9, 0x1B, 0xA5, 0x66, 0xB2,
    0x8E, 0x8D, 0x54, 0xF6, 0xAB, 0x9E, 0xEB, 0xDC, 0xA0, 0x55, 0xB4, 0x68, 0xAD, 0x68, 0x9B, 0xBE,
    0xCD, 0x8E, 0xE2, 0x49, 0x1F, 0xA6, 0xA3, 0xDC, 0x7C, 0xE1, 0xF4, 0xEB, 0xD5, 0x7C, 0x73, 0x0B,
    0x5C, 0x8A, 0x6F, 0xCB, 0xBD, 0x7B, 0x5B, 0x2D, 0x91, 0x25, 0xEA, 0x6E, 0x7A, 0x59, 0x7E, 0xB7,
    0x4B, 0xFD, 0x2C, 0xE1, 0x27, 0x19, 0x28, 0x4D, 0xAE, 0xD7, 0x3F, 0x67, 0x3A, 0xB5, 0xF8, 0x1A,
    0xFD, 0xBA, 0xBA, 0x00, 0x83, 0x85, 0x82, 0x7E, 0xB1, 0x27, 0xD7, 0x58, 0xAF, 0x54, 0x98, 0xBF,
    0x96, 0x1C, 0x83, 0x7A, 0xC3, 0x9E, 0x1F, 0x16, 0x8E, 0xFF, 0x59, 0x12, 0x92, 0x76, 0xDE, 0x13,
    0x32, 0x57, 0x6A, 0x94, 0x84, 0xDA, 0x05, 0x7D, 0xBD, 0xE6, 0xC0, 0xD7, 0x15, 0x90, 0x2F, 0xD8,
    0x0E, 0x63, 0xDF, 0x07, 0xA5, 0x4F, 0xCB, 0xBB, 0x3A, 0x3D, 0x80, 0x3D, 0xE0, 0x62, 0xB1, 0x23,
    0x12, 0xB2, 0x4B, 0x2D, 0x17, 0x2D, 0x1D, 0x95, 0x88, 0x5A, 0x8A, 0x74, 0xD7, 0xBC, 0x9B, 0x00,
    0x5F, 0xAD, 0x03, 0xFD, 0x62, 0x16, 0x65, 0xD1, 0xB6, 0xA8, 0x22, 0x71, 0x03, 0xA7, 0x3C, 0x4E,
    0xB8, 0xD1, 0x8E, 0xA7, 0x6F, 0x6E, 0xCD, 0xB3, 0xE3, 0x06, 0xC8, 0xDE, 0x2C, 0x6A, 0x06, 0x95,
    0x3D, 0xCB, 0xD3, 0x75, 0x56, 0xCC, 0x9A, 0x3D, 0x7C, 0x57, 0x02, 0x12, 0x8E, 0x04, 0x48, 0x38,
    0x36, 0xEA, 0xA7, 0x34, 0x8D, 0xC8, 0x16, 0xA8, 0xD5, 0xF0, 0xAB, 0xF9, 0xD2, 0x20, 0x57, 0xF6,
    0x06, 0x25, 0x4B, 0x3C, 0xE4, 0x4B, 0x35, 0x72, 0x07, 0x9C, 0x8B, 0xFF, 0x4C, 0x01, 0xD2, 0x3E,
    0xC0, 0xB9, 0xA8, 0xA9, 0x60, 0x87, 0x00, 0x7F, 0xE2, 0x6B, 0xED, 0x63, 0x18, 0x51, 0x07, 0x92,
    0xCE, 0x47, 0x2B, 0xB3, 0xD9, 0x48, 0x48, 0x69, 0xB5, 0x6E, 0xEB, 0xA5, 0x83, 0x18, 0x7A, 0xB3,
    0xF8, 0x5B, 0xA8, 0xD4, 0xEE, 0xDA, 0x75, 0xE9, 0x4E, 0x9B, 0xB3, 0x1C, 0x9B, 0x5B, 0xF6, 0x7F,
    0x19, 0xAC, 0xFB, 0x40, 0xEE, 0xF1, 0xD1, 0x97, 0x72, 0xE7, 0x89, 0x2F, 0x79, 0x3F, 0xC1, 0x97,
    0xCF, 0x72, 0xD5, 0x2C, 0x7D, 0x88, 0xD5, 0xD4, 0xD7, 0xCF, 0xF9, 0xDC, 0x8F, 0xA5, 0x77, 0xF0,
    0x2F, 0x64, 0xD3, 0xDD, 0x62, 0x60, 0xC4, 0x3E, 0xEC, 0xF3, 0x80, 0x5D, 0xF2, 0xA8, 0xCE, 0x07,
    0x46, 0xED, 0x1A, 0x88, 0x33, 0x6E, 0x97, 0xC0, 0x81, 0x91, 0x3B, 0x6D, 0xB5, 0x67, 0xE4, 0x3E,
    0x7F, 0xB2, 0x40, 0xB5, 0xF8, 0xAD, 0x6A, 0x8B, 0xE0, 0x66, 0x8B, 0xE1, 0xCE, 0xBE, 0x24, 0xEE,
    0x89, 0x57, 0x8B, 0xE4, 0x80, 0x4B, 0x4E, 0x0A, 0xB8, 0x6A, 0x89, 0xFD, 0xD3, 0x55, 0x4D, 0x0D,
    0xBB, 0xB5, 0x02, 0xB1, 0x76, 0xF1, 0x56, 0xFE, 0x24, 0xAF, 0xA4, 0x85, 0x64, 0x85, 0x24, 0xFD,
    0xDF, 0xCD, 0xAC, 0x63, 0x01, 0x2E, 0x1E, 0x76, 0x4E, 0xD5, 0x84, 0xFB, 0xAF, 0x89, 0x2E, 0x98,
    0xC5, 0x2E, 0x27, 0x28, 0xFA, 0x00, 0x2A, 0xB7, 0x81, 0x39, 0x90, 0x4B, 0xE7, 0xA6, 0x45, 0x36,
    0x05, 0x90, 0x8F, 0x01, 0x14, 0x03, 0x0F, 0xA2, 0x9D, 0x7C, 0x13, 0x58, 0xD2, 0xAE, 0xEC, 0x13,
    0xD6, 0xD7, 0x07, 0xAA, 0xBE, 0xE9, 0x6B, 0x55, 0x26, 0xF6, 0x63, 0xC5, 0xF7, 0xDF, 0xFF, 0xEE,
    0x3D, 0x90, 0xFF, 0xB3, 0x63, 0x87, 0xFE, 0x7D, 0x89, 0xFD, 0x6F, 0x2C, 0x4F, 0xC5, 0x44, 0x58,
    0x8E, 0x84, 0x55, 0x2F, 0xA8, 0x7B, 0x7F, 0x45, 0xD2, 0x98, 0x3D, 0x01, 0x6F, 0x71, 0xA3, 0xBC,
    0x39, 0xD0, 0x30, 0xD1, 0x22, 0x3B, 0x2D, 0xC8, 0x29, 0xAE, 0x8E, 0x0C, 0xFD, 0x97, 0xD8, 0x75,
    0x3E, 0xF2, 0x43, 0x80, 0xA3, 0x5E, 0x6D, 0x3C, 0x31, 0x4D, 0x0C, 0x56, 0xEF, 0x08, 0x7A, 0x42,
    0x5A, 0xE8, 0x19, 0xF6, 0x6E, 0x8B, 0x5A, 0x00, 0xC6, 0xC3, 0xAC, 0x06, 0x40, 0xF5, 0x3F, 0xE1,
    0x31, 0xAC, 0x42, 0x54, 0x41, 0xAA, 0xDA, 0xAF, 0xD2, 0x2F, 0x99, 0x55, 0xF8, 0x79, 0xF2, 0x5B,
    0xAB, 0xEC, 0x37, 0x75, 0xE2, 0x55, 0xF4, 0x59, 0xF3, 0x57, 0x96, 0x7C, 0x1E, 0xCC, 0xFF, 0x63,
    0x10, 0xDA, 0x7F, 0x72, 0x09, 0x91, 0xBB, 0x2F, 0x27, 0x04, 0x27, 0xA9, 0x7F, 0x04, 0x6B, 0x0D,
    0x14, 0xBE, 0x06, 0x03, 0xBD, 0x5A, 0x53, 0x8F, 0xE7, 0x0E, 0xEC, 0x66, 0x0E, 0x57, 0x02, 0xAF,
    0x65, 0x28, 0x6B, 0x1C, 0xDC, 0xF3, 0xD6, 0xD9, 0xC4, 0x5E, 0xBB, 0xCA, 0x77, 0x3B, 0x65, 0xB2,
    0x15, 0xEA, 0xDD, 0x96, 0xA9, 0x9A, 0x00, 0xBA, 0xAE, 0xAB, 0xFA, 0xCD, 0xAC, 0x7D, 0x9E, 0x76,
    0x6E, 0xEA, 0x68, 0x0E, 0x13, 0xE2, 0x19, 0x25, 0x4D, 0xFD, 0x94, 0xF1, 0x80, 0xBD, 0x52, 0x9D,
    0x49, 0xE6, 0xF8, 0xCF, 0xD3, 0x1B, 0xF1, 0x9B, 0x4D, 0x86, 0x17, 0xE8, 0x9F, 0x73, 0xF0, 0xD7,
    0xAC, 0x52, 0x96, 0x58, 0x0F, 0x2F, 0x9C, 0x75, 0x37, 0xF6, 0x8E, 0xF6, 0x12, 0x90, 0x03, 0x05,
    0x38, 0x6F, 0x65, 0xF9, 0x6B, 0xFC, 0x1A, 0x9F, 0x2E, 0xEE, 0xD9, 0xBB, 0x2D, 0xEE, 0x10, 0x6C,
    0xAF, 0x95, 0x7E, 0xC8, 0x7D, 0x8D, 0xAD, 0x9D, 0xE9, 0x0E, 0xE1, 0xD7, 0x17, 0xCB, 0xD6, 0xB7,
    0xD2, 0x61, 0xD9, 0xA8, 0xEC, 0x21, 0xF7, 0x81, 0xB9, 0xD3, 0x07, 0x50, 0x3A, 0xE5, 0x8F, 0x12,
    0x47, 0x79, 0xA3, 0x0C, 0xE7, 0x1A, 0x46, 0x55, 0x09, 0xD2, 0x15, 0x0D, 0x7E, 0x2D, 0x80, 0xFA,
    0xCA, 0x1A, 0x72, 0x69, 0x0C, 0x79, 0xED, 0x5D, 0xB7, 0xE6, 0x2B, 0x33, 0xFA, 0x9A, 0xB5, 0x6A,
    0xA8, 0xAB, 0x39, 0xF0, 0x28, 0x17, 0xB6, 0x9F, 0x01, 0x2C, 0x5A, 0xCE, 0x18, 0x9E, 0x0B, 0x02,
    0x98, 0x19, 0xAE, 0x13, 0xC1, 0x88, 0x4E, 0x47, 0x2F, 0x48, 0x5C, 0x00, 0x29, 0xE5, 0xCF, 0x69,
    0xFA, 0xCB, 0x04, 0x37, 0xE8, 0x89, 0x31, 0x80, 0x6F, 0x72, 0x6B, 0xF6, 0x77, 0x2D, 0x90, 0x3F,
    0x40, 0x00, 0xFB, 0xC9, 0xF3, 0x7E, 0x05, 0xAE, 0x8D, 0x2C, 0x53, 0xB5, 0x17, 0x81, 0x71, 0xC0,
    0x8E, 0x01, 0x19, 0xB4, 0x23, 0x2E, 0x82, 0xAA, 0xC4, 0x65, 0xC0, 0x6D, 0x3C, 0xE3, 0x77, 0xC2,
    0x57, 0x75, 0xC0, 0x7F, 0x1D, 0x30, 0x02, 0xFE, 0xA7, 0x19, 0x97, 0x03, 0x8E, 0xBF, 0xB1, 0xE0,
    0x6A, 0xC0, 0xC9, 0xAB, 0x0B, 0x5E, 0x0E, 0x38, 0x0B, 0x42, 0x8F, 0x01, 0x7F, 0x20, 0x5A, 0xE2,
    0x3E, 0xE0, 0x8F, 0x47, 0x4B, 0xE2, 0x02, 0xBE, 0x12, 0x2D, 0x39, 0x02, 0x1E, 0xA3, 0xE5, 0x85,
    0x80, 0x1F, 0x0E, 0xD1, 0x72, 0x23, 0xE0, 0x47, 0x0E, 0xCB, 0x08, 0x1D, 0x08, 0xFB, 0x9E, 0xD8,
    0x42, 0x21, 0x5E, 0x03, 0x86, 0x5D, 0x35, 0xF6, 0xAB, 0x1B, 0x50, 0x8D, 0xB8, 0x08, 0xFA, 0xDF,
    0x0A, 0xF2, 0x46, 0xB3, 0xBD, 0xFF, 0x60, 0xE9, 0xD3, 0x7B, 0x82, 0xB5, 0xD0, 0xA4, 0x33, 0xC2,
    0x6A, 0x16, 0x1C, 0x71, 0x3C, 0xBB, 0x1A, 0x8E, 0xEF, 0x3D, 0x7E, 0xAE, 0xA0, 0xFA, 0x07, 0xD9,
    0xE4, 0xEB, 0x07, 0x7E, 0xA9, 0x3A, 0x7A, 0x5F, 0xEF, 0x7B, 0x67, 0xA6, 0x7E, 0x39, 0x92, 0x44,
    0xD7, 0xA3, 0x5C, 0x36, 0x63, 0x31, 0x2A, 0x15, 0x33, 0x51, 0xF8, 0xB4, 0xA2, 0x71, 0x07, 0xD1,
    0x64, 0x03, 0x1F, 0x50, 0x16, 0x50, 0xAF, 0x1C, 0x21, 0xA2, 0x21, 0x1D, 0xB4, 0xDC, 0xB6, 0x94,
    0xCF, 0xDE, 0xDE, 0xAC, 0x28, 0x15, 0xEC, 0x90, 0x88, 0x1D, 0xEE, 0x49, 0xA2, 0x7A, 0x92, 0xA8,
    0xAF, 0x0E, 0x00, 0xDD, 0xE6, 0x88, 0xE4, 0x38, 0xB9, 0x4E, 0x88, 0x22, 0xEE, 0x55, 0x30, 0x91,
    0x0A, 0x7B, 0xE7, 0xD7, 0x0A, 0x55, 0x82, 0x90, 0xB0, 0x14, 0x62, 0x3F, 0xB3, 0x7F, 0xE6, 0x92,
    0x57, 0x3A, 0x6E, 0x2F, 0x7B, 0xD7, 0x1A, 0xFB, 0x55, 0x6E, 0xFF, 0x1B, 0xCA, 0x84, 0x73, 0x2A,
    0xF3, 0x32, 0xD7, 0xC9, 0xAF, 0x61, 0x4F, 0x7C, 0x51, 0x51, 0xA6, 0xAB, 0xED, 0x3F, 0x7E, 0x3E,
    0x2B, 0x94, 0xF4, 0xB9, 0xD4, 0x88, 0xFA, 0xA0, 0x60, 0xC2, 0x60, 0x49, 0x5D, 0x3E, 0x06, 0x89,
    0x02, 0x61, 0x5F, 0x57, 0x01, 0x00, 0x88, 0xFE, 0x90, 0x42, 0x72, 0xA4, 0x9D, 0xA3, 0x3E, 0x7A,
    0x0F, 0x27, 0xD8, 0xA7, 0x2D, 0x50, 0x45, 0x23, 0x8A, 0xC6, 0xB4, 0x1D, 0x75, 0xAA, 0x8B, 0x35,
    0x4A, 0x58, 0x05, 0x4E, 0x08, 0x0B, 0x88, 0xF0, 0x09, 0xF5, 0x13, 0xA0, 0x6F, 0x19, 0x75, 0xEA,
    0x73, 0xFF, 0xE4, 0xEE, 0x7B, 0xB9, 0x10, 0xFD, 0xE5, 0xFE, 0xB2, 0xBC, 0xF8, 0x25, 0x7A, 0x8F,
    0x3D, 0x79, 0x7F, 0xCC, 0xF1, 0x7B, 0x6D, 0xA3, 0xCD, 0x3F, 0x29, 0x05, 0xBF, 0xE4, 0xF9, 0x59,
    0xBF, 0xA9, 0x11, 0x9F, 0x5A, 0x25, 0x7D, 0x22, 0xF5, 0x7D, 0x37, 0x2B, 0xFB, 0x74, 0x0B, 0xC1,
    0x2D, 0x12, 0xB9, 0x8D, 0x4B, 0x6D, 0xBE, 0xF2, 0xD8, 0xB3, 0x73, 0x59, 0x7B, 0x23, 0x1D, 0x73,
    0xDC, 0x8D, 0xD6, 0x06, 0x13, 0xAA, 0x25, 0x80, 0x6C, 0xC0, 0x7F, 0x00, 0xB4, 0x94, 0x01, 0xC4,
    0x25, 0xC7, 0x01, 0xC7, 0x7F, 0xB3, 0x73, 0xB9, 0xD5, 0x2C, 0x9D, 0xC3, 0xA5, 0xC8, 0x35, 0xB7,
    0x00, 0x6D, 0x93, 0xFB, 0xA6, 0x80, 0xC3, 0xF7, 0xDE, 0x4C, 0x1C, 0x0A, 0xE8, 0x47, 0xF3, 0x5A,
    0x04, 0x85, 0x40, 0x0F, 0x0E, 0x0E, 0xC1, 0x4B, 0x76, 0xAF, 0x05, 0x80, 0x00, 0x00, 0x8E, 0x06,
    0xED, 0x2B, 0xAE, 0xF4, 0x70, 0x78, 0xF7, 0x76, 0x2A, 0x14, 0x02, 0xAB, 0x50, 0x80, 0x2D, 0x89,
    0x92, 0xE0, 0x1B, 0x35, 0x6D, 0xF7, 0x2E, 0xBB, 0x3B, 0xDD, 0x19, 0x1C, 0x57, 0xA4, 0x29, 0xBA,
    0x66, 0x7E, 0x33, 0x33, 0x76, 0x66, 0xDE, 0x6F, 0xFF, 0xDE, 0x20, 0x40, 0x0D, 0x68, 0x8F, 0xF1,
    0xE8, 0x81, 0xAA, 0x05, 0x00, 0xBE, 0x05, 0x6F, 0xC0, 0x79, 0x2E, 0x7B, 0x38, 0xC2, 0x98, 0x8A,
    0x08, 0x14, 0x1E, 0xE9, 0x29, 0x3D, 0x95, 0x47, 0x0D, 0xA9, 0xD4, 0x3D, 0xDA, 0x61, 0x1C, 0x8D,
    0xE3, 0x6E, 0x0B, 0xC8, 0x84, 0x32, 0xC3, 0x82, 0xE8, 0x46, 0x50, 0x31, 0x42, 0xF3, 0xE3, 0xAE,
    0x15, 0xF3, 0x4D, 0xE3, 0xE4, 0x78, 0x4B, 0xB7, 0x95, 0x7F, 0xEB, 0x8C, 0x7A, 0x38, 0x07, 0xED,
    0x6E, 0x83, 0x71, 0xF7, 0xA1, 0x69, 0x1F, 0x43, 0x67, 0x3D, 0x74, 0x78, 0x88, 0x0C, 0x10, 0x45,
    0x0F, 0x5D, 0xE1, 0xA0, 0xBB, 0xE3, 0xC0, 0xFC, 0xCA, 0xFD, 0x10, 0xFD, 0xB7, 0x07, 0x1E, 0x15,
    0x2F, 0x1D, 0x45, 0x8C, 0x16, 0xF4, 0xC7, 0x80, 0x02, 0xB8, 0x09, 0x70, 0x0B, 0x00, 0x80, 0x74,
    0xFC, 0x02, 0xA8, 0x25, 0x3A, 0x30, 0x56, 0x7B, 0x98, 0xA9, 0x3C, 0xC5, 0x98, 0x1C, 0x64, 0x40,
    0xF6, 0xC9, 0x47, 0x90, 0x86, 0xBC, 0x4C, 0xE9, 0x33, 0x03, 0xC0, 0xEF, 0x9E, 0x1F, 0x6C, 0x3A,
    0x2C, 0xB6, 0x88, 0x9F, 0xCE, 0x3B, 0x40, 0x4C, 0xF0, 0x82, 0x23, 0x40, 0x91, 0x99, 0x57, 0x51,
    0x0E, 0x00, 0xAA, 0x05, 0x38, 0x03, 0x20, 0x2E, 0xF6, 0xDB, 0x94, 0x31, 0x3E, 0x9F, 0xD1, 0x5F,
    0xC6, 0x18, 0xF8, 0x1E, 0x37, 0x62, 0x0B, 0xF0, 0x0E, 0x00, 0x70, 0x8B, 0x8B, 0xCA, 0x9A, 0x7B,
    0x8B, 0xB6, 0x2A, 0xC6, 0x19, 0x19, 0xD2, 0x8F, 0x74, 0x1C, 0x51, 0x96, 0x0D, 0x0A, 0xCE, 0x12,
    0x6E, 0xE6, 0x5E, 0x9E, 0xA3, 0x74, 0xEC, 0x91, 0xBE, 0x18, 0xA9, 0xE2, 0xA3, 0x19, 0x7D, 0x2F,
    0x36, 0x76, 0x23, 0x2E, 0x94, 0xBD, 0x02, 0x82, 0x3A, 0xFA, 0x32, 0x7A, 0x1D, 0x7D, 0x15, 0xBD,
    0x5C, 0x20, 0x22, 0x66, 0x98, 0x60, 0x01, 0x0F, 0x11, 0x39, 0x40, 0x97, 0x36, 0xA1, 0xB1, 0x0A,
    0x30, 0xED, 0x26, 0xD1, 0xBD, 0x0F, 0x68, 0xE7, 0x01, 0xF5, 0x49, 0x9F, 0xF8, 0x97, 0x16, 0xA8,
    0x2E, 0xC9, 0x41, 0x46, 0xA8, 0x33, 0x29, 0x03, 0x89, 0x1E, 0x78, 0xED, 0xE7, 0xFF, 0x78, 0x07,
    0x4C, 0x8C, 0x53, 0xEA, 0x7F, 0x9E, 0x94, 0xEA, 0x9E, 0xBC, 0x0F, 0x80, 0xC9, 0x6C, 0x12, 0xDF,
    0x8C, 0xCF, 0x81, 0x26, 0x6F, 0xF0, 0xDE, 0x93, 0x97, 0x9E, 0xF7, 0x00, 0x80, 0x27, 0x2F, 0x3F,
    0x20, 0x76, 0x80, 0x8E, 0x03, 0x62, 0x79, 0x77, 0x42, 0x0E, 0x62, 0xA6, 0x72, 0x2C, 0xA8, 0x96,
    0xA7, 0xD4, 0x2D, 0xF7, 0xA9, 0x1D, 0xA0, 0xFA, 0x84, 0x00, 0x54, 0x11, 0xF2, 0x02, 0x9E, 0x74,
    0x33, 0xF8, 0x3A, 0xB6, 0x85, 0x17, 0xB1, 0x2F, 0x3C, 0x26, 0x7F, 0x2E, 0x2F, 0x16, 0xA4, 0x27,
    0xCF, 0x34, 0xA3, 0x1C, 0xA8, 0xE3, 0x1D, 0x87, 0x8C, 0x97, 0x16, 0x9A, 0x19, 0xA8, 0x26, 0x40,
    0xCC, 0x00, 0x27, 0xAE, 0xC0, 0x96, 0x73, 0xD8, 0xB0, 0x81, 0x3D, 0x06, 0x46, 0x4C, 0x2B, 0x3D,
    0xF5, 0xF3, 0xCE, 0x51, 0xC4, 0x19, 0x78, 0x05, 0x38, 0xE3, 0xD8, 0xD8, 0xA5, 0x79, 0x7B, 0x31,
    0x4C, 0x57, 0xB8, 0x06, 0x00, 0xC0, 0xBD, 0x18, 0x20, 0x85, 0x1F, 0x5B, 0xD0, 0x9F, 0x71, 0x23,
    0xC0, 0x9C, 0x77, 0x96, 0x1E, 0xA8, 0xDB, 0xCA, 0x89, 0x6E, 0x28, 0x7B, 0x65, 0xEB, 0xAF, 0xE6,
    0xC2, 0x9F, 0x71, 0xA2, 0x21, 0x9C, 0x8B, 0x91, 0x2D, 0xFB, 0xBD, 0xF4, 0x5C, 0xE7, 0xFC, 0x49,
    0x7E, 0x75, 0x13, 0xCA, 0x01, 0x38, 0x0B, 0x55, 0x6E, 0x7C, 0xD5, 0xBF, 0x18, 0xBD, 0x68, 0x9E,
    0x94, 0xF9, 0xCD, 0xB4, 0x0E, 0xCE, 0xCF, 0x8B, 0x91, 0x82, 0xFD, 0x96, 0x85, 0x9B, 0x8C, 0x35,
    0xE6, 0x8B, 0x49, 0x78, 0xE5, 0xCA, 0x38, 0xC8, 0x3E, 0xBF, 0xA1, 0x5A, 0x66, 0xA0, 0x01, 0xD3,
    0x53, 0x8E, 0x50, 0xC5, 0x2F, 0x63, 0x9F, 0x33, 0x7A, 0x06, 0xC0, 0x0E, 0xE0, 0xC6, 0xE7, 0x96,
    0xA5, 0x6B, 0xCB, 0x41, 0x5B, 0xE5, 0x0C, 0xDA, 0x1A, 0x0C, 0x1F, 0xD2, 0xF0, 0x94, 0x13, 0x13,
    0xA7, 0x62, 0xAD, 0xF2, 0x48, 0xF3, 0xC6, 0xD1, 0x9A, 0xD0, 0xB9, 0x57, 0xDB, 0xEF, 0x03, 0x56,
    0x80, 0x74, 0x35, 0xD4, 0x76, 0x0F, 0x1F, 0x16, 0x01, 0x31, 0x55, 0x03, 0x95, 0xD7, 0x0E, 0xDD,
    0x77, 0xD0, 0xFC, 0x72, 0x86, 0xEE, 0xCE, 0x04, 0xA6, 0x9D, 0xA1, 0x76, 0x1D, 0x54, 0xBD, 0x01,
    0x39, 0x28, 0x8B, 0xF0, 0x95, 0x83, 0xC7, 0xD2, 0x71, 0xF7, 0x70, 0x38, 0xD8, 0x2E, 0x7D, 0xBF,
    0xB5, 0xF7, 0xA8, 0x05, 0xAA, 0xFF, 0x8E, 0x57, 0xF8, 0xC1, 0xE1, 0x37, 0x26, 0x8E, 0x4D, 0x0C,
    0xC0, 0xFF, 0x10, 0xC6, 0x1F, 0x77, 0x3B, 0xD6, 0x30, 0x7E, 0x14, 0xA3, 0x4F, 0x61, 0x18, 0x31,
    0x11, 0xCE, 0xB3, 0xEE, 0x3E, 0x85, 0x6F, 0xD6, 0x30, 0x72, 0xB3, 0x09, 0x79, 0xF2, 0x2C, 0x35,
    0x13, 0x67, 0x1E, 0x13, 0x87, 0x3C, 0xEA, 0x5C, 0x6E, 0x54, 0xBF, 0x86, 0x81, 0x91, 0x9E, 0xCD,
    0x1E, 0x53, 0x8C, 0x9C, 0xA7, 0x5D, 0xE6, 0x14, 0x86, 0xA1, 0x61, 0xAC, 0x8B, 0x38, 0x98, 0xBF,
    0x7A, 0xF5, 0xA7, 0xC3, 0xC3, 0x57, 0x7F, 0xFD, 0xCD, 0xC3, 0x58, 0xB5, 0x0E, 0x49, 0x2C, 0xC6,
    0x31, 0xF5, 0x1E, 0x02, 0x45, 0xEC, 0x55, 0x0C, 0xBA, 0x9D, 0xB6, 0x6C, 0xF7, 0xE8, 0x3D, 0xF5,
    0xCA, 0xB5, 0xAF, 0x1F, 0x4C, 0xEB, 0x7C, 0x91, 0x77, 0x40, 0x5C, 0x00, 0xC5, 0xF0, 0x35, 0xB8,
    0x9B, 0xAE, 0xB9, 0xFC, 0x99, 0x73, 0xEF, 0xEB, 0x5F, 0x46, 0x7C, 0xC4, 0x7F, 0x3E, 0x79, 0x6D,
    0x06, 0x37, 0x9E, 0x21, 0x62, 0xD7, 0xCA, 0xA0, 0x56, 0x33, 0xD5, 0x17, 0xBD, 0xEA, 0x41, 0x39,
    0xA8, 0x5B, 0x30, 0xC0, 0x11, 0x0A, 0x4F, 0x8E, 0x6A, 0x03, 0x04, 0x69, 0x4B, 0x57, 0xA2, 0x0F,
    0x8F, 0xE8, 0xE2, 0xB2, 0x26, 0xFE, 0x5B, 0xA8, 0x16, 0xE8, 0x1E, 0xF5, 0x62, 0x2A, 0x7D, 0x11,
    0x4A, 0xCF, 0xEF, 0xD7, 0x8A, 0x1A, 0x40, 0xB7, 0xBC, 0xFE, 0x0C, 0xCC, 0x08, 0x34, 0x16, 0xB4,
    0x83, 0xDA, 0xBD, 0xB5, 0xD6, 0x2D, 0xDA, 0x19, 0xDB, 0x51, 0xC7, 0x09, 0x71, 0xB0, 0x70, 0x40,
    0xCC, 0xC8, 0x80, 0xEA, 0xD1, 0x96, 0xF7, 0xE1, 0x1A, 0x00, 0x00, 0xA5, 0x47, 0x0D, 0x54, 0x2B,
    0xFB, 0xC4, 0xDA, 0xA5, 0xA1, 0x5E, 0xD9, 0x27, 0xD6, 0x0E, 0xD3, 0xA2, 0x57, 0xDA, 0xD4, 0x69,
    0x48, 0xEC, 0x48, 0xC3, 0x05, 0x1A, 0x12, 0x3B, 0x98, 0x61, 0x41, 0x4C, 0x89, 0xC5, 0x94, 0xCF,
    0x1A, 0x29, 0x66, 0xAA, 0x80, 0x5C, 0xD0, 0x2B, 0x63, 0xFB, 0x87, 0xF1, 0x5A, 0x79, 0x19, 0xFF,
    0x1C, 0x7D, 0xF5, 0x69, 0xB4, 0xB1, 0x55, 0xED, 0x05, 0xD7, 0x51, 0x2D, 0x40, 0x6D, 0x21, 0xEB,
    0x00, 0xC6, 0x65, 0x0E, 0x99, 0x21, 0xD3, 0x43, 0x12, 0x03, 0xE0, 0x3B, 0xE9, 0x3F, 0x20, 0xE3,
    0xFA, 0x38, 0x15, 0x97, 0x9F, 0x05, 0x74, 0x9C, 0xE5, 0x80, 0x59, 0xD9, 0x7F, 0x23, 0xD6, 0x99,
    0x2A, 0x53, 0x66, 0xF2, 0xFA, 0xD3, 0x44, 0x36, 0xFF, 0x47, 0x0E, 0x70, 0x75, 0x96, 0xB3, 0xA5,
    0x9E, 0x65, 0x74, 0x00, 0xA0, 0xE9, 0x5C, 0x74, 0xB1, 0x6D, 0x00, 0xAE, 0xC3, 0x7D, 0x18, 0x21,
    0xDA, 0x1C, 0x41, 0x2E, 0xA6, 0x6D, 0x16, 0x9A, 0xCF, 0x80, 0x87, 0x54, 0x9E, 0xCE, 0xAB, 0xCB,
    0xE1, 0xAA, 0xEA, 0x51, 0x39, 0x17, 0x9D, 0xA3, 0x31, 0x96, 0x86, 0x54, 0x4E, 0x30, 0x23, 0x66,
    0x9A, 0x18, 0x76, 0xBB, 0x8B, 0xFC, 0x87, 0x5E, 0x3A, 0x4A, 0xAF, 0x9D, 0x72, 0xB5, 0xD3, 0xAD,
    0xEA, 0x8D, 0xAD, 0x5D, 0x43, 0xAA, 0x7A, 0xAD, 0xC6, 0x36, 0x9C, 0x30, 0x6F, 0x4F, 0xA8, 0x38,
    0x20, 0x0E, 0x80, 0x15, 0x40, 0x90, 0x0E, 0xF6, 0x85, 0x87, 0xAD, 0x08, 0xA0, 0xED, 0x94, 0xAF,
    0x24, 0x50, 0x43, 0x63, 0xA9, 0xBC, 0x71, 0x28, 0xDF, 0xB4, 0x98, 0x76, 0x81, 0x93, 0x0C, 0x88,
    0xB1, 0xEA, 0x91, 0x43, 0x6D, 0x51, 0x76, 0x03, 0xB7, 0xF0, 0x00, 0x0F, 0xA1, 0x6C, 0xA1, 0xF2,
    0x39, 0x5E, 0xBA, 0xB4, 0x1F, 0xAC, 0x02, 0x70, 0x84, 0x64, 0x21, 0x3C, 0x24, 0x15, 0xD9, 0x03,
    0xD9, 0x19, 0x92, 0x54, 0x0D, 0x24, 0xB3, 0x4D, 0x6E, 0x2D, 0x23, 0x40, 0x43, 0xE1, 0x73, 0x4B,
    0xD9, 0x8B, 0x8F, 0xE1, 0x84, 0x6A, 0xCB, 0x00, 0x33, 0x9A, 0x3A, 0x24, 0xEF, 0x3D, 0xC6, 0x27,
    0xF9, 0xC0, 0xBF, 0x3C, 0xBB, 0xDD, 0x4F, 0x06, 0xF9, 0xE9, 0x00, 0x54, 0x4E, 0xA9, 0x7C, 0x80,
    0xDD, 0xE4, 0x03, 0xB6, 0x3C, 0xAE, 0x1D, 0x70, 0x2C, 0x7A, 0xED, 0x40, 0x84, 0x74, 0x07, 0x82,
    0x1C, 0xAE, 0x1E, 0xBA, 0x2F, 0x40, 0x39, 0x30, 0x40, 0x0D, 0x34, 0xC0, 0x06, 0xE8, 0x80, 0x11,
    0xEA, 0x38, 0x00, 0xF0, 0xDA, 0xEE, 0x22, 0xFB, 0xA1, 0x2C, 0x55, 0xD6, 0xCA, 0x76, 0xC7, 0x2C,
    0x47, 0xC8, 0x6E, 0x72, 0xC8, 0x5B, 0x55, 0x2E, 0x9B, 0xD5, 0x59, 0x8C, 0x6D, 0xF6, 0xE2, 0x98,
    0xB5, 0xB2, 0x7D, 0x93, 0xE5, 0x69, 0x50, 0x0F, 0xBA, 0x9E, 0x13, 0x5A, 0x7D, 0x35, 0x31, 0xF3,
    0x81, 0x76, 0x8B, 0x98, 0x19, 0x35, 0x4D, 0x13, 0xFF, 0xE9, 0x6B, 0x9A, 0xDD, 0xEE, 0x5D, 0x07,
    0xA7, 0x7C, 0x26, 0x13, 0x18, 0x28, 0x02, 0x1C, 0xA1, 0xEC, 0x21, 0x24, 0xBD, 0x7C, 0xE6, 0x3E,
    0x09, 0x53, 0xF8, 0x3C, 0x51, 0xB5, 0xDF, 0x65, 0x0B, 0x1B, 0x6E, 0x73, 0x44, 0x2C, 0x87, 0x20,
    0x3C, 0x32, 0x46, 0x0F, 0x14, 0x87, 0xC3, 0x47, 0xE9, 0x72, 0x82, 0x00, 0xB1, 0xCB, 0x4B, 0xE4,
    0xA8, 0x06, 0x4A, 0x87, 0xF4, 0xD5, 0x80, 0xB2, 0x88, 0x5E, 0x0D, 0x6C, 0x01, 0xEA, 0x9E, 0x23,
    0x40, 0x63, 0x45, 0x00, 0xDE, 0x0C, 0xF9, 0x2C, 0x9A, 0x90, 0x05, 0x21, 0x52, 0x43, 0x96, 0xDB,
    0x42, 0x6E, 0x27, 0x7E, 0xC1, 0x6D, 0xCC, 0x03, 0x9F, 0x83, 0x31, 0x77, 0xFA, 0x72, 0xA6, 0x11,
    0x8B, 0x6A, 0xD5, 0x84, 0x8E, 0xA3, 0x66, 0x33, 0x71, 0xF5, 0x60, 0x3F, 0xE0, 0xEF, 0x23, 0xC0,
    0x28, 0x3F, 0x09, 0x40, 0xE1, 0xD5, 0x1D, 0x0F, 0x94, 0xEE, 0xDF, 0xDD, 0x5B, 0x01, 0x84, 0x26,
    0xC9, 0x15, 0xAE, 0xEE, 0xDE, 0x9D, 0x76, 0x69, 0xB7, 0x15, 0x24, 0x62, 0xEF, 0x72, 0xDB, 0x00,
    0x9C, 0xDB, 0x69, 0x80, 0x60, 0x57, 0xD7, 0x1D, 0x2C, 0xC0, 0x42, 0x40, 0x70, 0x00, 0x80, 0x01,
    0x58, 0xEC, 0xA5, 0xDB, 0x05, 0x10, 0x64, 0xE0, 0x00, 0x64, 0x70, 0xC8, 0xCD, 0x91, 0x0B, 0x8E,
    0x2C, 0xB1, 0xE9, 0x8A, 0x43, 0x10, 0xA4, 0x25, 0x04, 0x12, 0x74, 0x24, 0xE7, 0x72, 0x81, 0x2B,
    0xAE, 0x13, 0xBD, 0x97, 0xFE, 0xBB, 0x52, 0xDF, 0xF7, 0xFA, 0x9F, 0xFA, 0xFF, 0x9B, 0x75, 0x11,
    0xC2, 0x4C, 0xFE, 0xF1, 0xCF, 0xFB, 0x6A, 0x77, 0x7A, 0xEA, 0x7D, 0xEF, 0x55, 0x75, 0xD5, 0x7B,
    0xAF, 0x6A, 0xEE, 0xE6, 0x40, 0x6D, 0x3E, 0x2C, 0x80, 0x75, 0x82, 0xF7, 0x3D, 0x98, 0x9B, 0x9C,
    0x7F, 0xF0, 0x45, 0x8B, 0x00, 0x9C, 0xE3, 0x94, 0x0D, 0xF4, 0x2E, 0x49, 0x54, 0x96, 0x26, 0xE7,
    0x7E, 0x22, 0x83, 0x9B, 0xDF, 0x65, 0x3C, 0x69, 0x64, 0x02, 0x6A, 0x38, 0x08, 0xBF, 0xE4, 0x38,
    0x29, 0xF9, 0xC5, 0xA7, 0xA0, 0x43, 0xBE, 0x69, 0xC1, 0x31, 0x83, 0x1D, 0x3E, 0xEA, 0x0D, 0x37,
    0x9E, 0x72, 0x90, 0x15, 0xA9, 0x33, 0xB0, 0x92, 0xDF, 0x6E, 0x51, 0xC9, 0xE4, 0x55, 0x3A, 0x75,
    0x26, 0x1B, 0x6B, 0x5B, 0xBA, 0xD2, 0xFB, 0x36, 0x5D, 0x37, 0x26, 0x18, 0xF1, 0x13, 0x02, 0x3A,
    0xE2, 0x66, 0x20, 0x50, 0x19, 0x82, 0xB6, 0x04, 0x8E, 0xBA, 0xF0, 0x8B, 0x5F, 0x8C, 0x62, 0xA8,
    0x92, 0x3E, 0x14, 0x68, 0x1C, 0xE1, 0x5F, 0x84, 0xF4, 0x13, 0x42, 0xF6, 0xEB, 0x11, 0xA0, 0x7F,
    0x40, 0x28, 0x33, 0x9A, 0x7C, 0x3F, 0x9B, 0x15, 0xA7, 0x35, 0x61, 0x24, 0xA4, 0x03, 0x59, 0xE4,
    0x96, 0xA0, 0x5B, 0xB5, 0xD0, 0x50, 0x42, 0x2D, 0xD1, 0x6B, 0x47, 0x80, 0x47, 0x3B, 0x71, 0x68,
    0x63, 0xD6, 0x58, 0x18, 0x53, 0x80, 0x6B, 0x3F, 0x1E, 0xE6, 0xE4, 0x05, 0x2C, 0x8C, 0x60, 0x5F,
    0xF6, 0x67, 0x21, 0x6E, 0x7F, 0x56, 0xFB, 0x31, 0xF4, 0x23, 0x86, 0x7E, 0xED, 0x6C, 0x8F, 0x7D,
    0x4B, 0xE0, 0x8F, 0x38, 0x53, 0x49, 0x83, 0x90, 0xA8, 0xC3, 0x30, 0x3A, 0x0E, 0x75, 0x31, 0x13,
    0xAA, 0x85, 0xD0, 0xD5, 0xB4, 0x72, 0xE2, 0xD6, 0x96, 0xF7, 0x99, 0x15, 0x9B, 0xCD, 0xA1, 0x18,
    0x7D, 0x5B, 0x46, 0xD1, 0xF7, 0xB7, 0x18, 0x40, 0x4E, 0x8F, 0xA1, 0x30, 0x63, 0x38, 0xF9, 0xA2,
    0xEA, 0xC4, 0xB2, 0x1B, 0x87, 0x32, 0xC4, 0xC9, 0xC8, 0x57, 0x35, 0x9B, 0xB5, 0x8B, 0x90, 0x32,
    0xC5, 0x88, 0x43, 0x7A, 0x38, 0x13, 0xFA, 0xC8, 0x08, 0x5D, 0x72, 0x49, 0x9E, 0x7D, 0x9F, 0x74,
    0x7B, 0x4D, 0xBA, 0x02, 0xA9, 0x40, 0x32, 0x36, 0x32, 0xD9, 0xE7, 0xFF, 0x5F, 0x6B, 0x99, 0xC6,
    0x7B, 0xAA, 0x2E, 0x2F, 0x5A, 0xEA, 0xE7, 0xB3, 0x12, 0x72, 0xC9, 0xE7, 0x73, 0xE0, 0x44, 0xEE,
    0x1F, 0x4D, 0x6B, 0x4B, 0x3F, 0x08, 0x40, 0x7B, 0xAA, 0x22, 0x00, 0xCD, 0x7D, 0xCC, 0x39, 0x41,
    0x03, 0xD8, 0xA2, 0x0D, 0x7A, 0x00, 0xC2, 0x8C, 0xB2, 0x97, 0x96, 0x96, 0x22, 0x00, 0x22, 0x10,
    0xD8, 0xE1, 0x68, 0x38, 0x5A, 0x4C, 0x22, 0x9C, 0x6A, 0xDA, 0xED, 0xCE, 0xD0, 0xAD, 0x5B, 0x05,
    0xAD, 0xA4, 0x2E, 0xB6, 0xA8, 0x8B, 0x7E, 0xA0, 0x2E, 0xD9, 0x60, 0x68, 0x3F, 0xFC, 0x76, 0xC4,
    0xF5, 0x15, 0xFE, 0xD4, 0x0C, 0x12, 0xD0, 0x2A, 0x11, 0x27, 0xD0, 0x9A, 0xFB, 0xFC, 0x3D, 0x8D,
    0xCC, 0x33, 0x94, 0x1E, 0xCE, 0xD2, 0x8E, 0xE6, 0xD6, 0xDE, 0xE5, 0x30, 0x7C, 0xDA, 0xA9, 0x13,
    0x21, 0x1D, 0x2C, 0x49, 0xAF, 0xC3, 0x5E, 0x9D, 0x6D, 0xF0, 0xD1, 0x0E, 0xC1, 0x7C, 0x6D, 0xF1,
    0xEB, 0xDE, 0xA8, 0x64, 0x48, 0xC8, 0x47, 0x46, 0x2F, 0xA7, 0xD4, 0x23, 0xA5, 0x84, 0xEA, 0x94,
    0x95, 0x84, 0xF0, 0x3D, 0xA5, 0xFD, 0x2A, 0x59, 0xF5, 0x71, 0x0E, 0xA1, 0x9F, 0x6F, 0xAB, 0x7C,
    0x03, 0x5B, 0x53, 0x7F, 0x8A, 0x3D, 0xB8, 0xA1, 0x8F, 0x0A, 0xD6, 0xB8, 0xD4, 0x5D, 0x08, 0x0E,
    0x2C, 0xC6, 0x14, 0xB2, 0x18, 0x76, 0x0A, 0x4E, 0x94, 0x74, 0x79, 0xE5, 0x5B, 0xC8, 0x75, 0x5B,
    0x3E, 0xDF, 0xDB, 0x8C, 0xEB, 0xF6, 0x39, 0x9B, 0x71, 0xE2, 0x08, 0x31, 0x33, 0x5A, 0x27, 0x48,
    0xAB, 0x4A, 0x01, 0xD5, 0x59, 0xA6, 0x59, 0x4D, 0x0B, 0xCF, 0x72, 0xB6, 0xB1, 0x4B, 0xFE, 0xCB,
    0x4B, 0xD5, 0x6D, 0xD9, 0xDD, 0xFB, 0xD3, 0x15, 0x66, 0x42, 0xB6, 0x82, 0xF7, 0x8B, 0x64, 0xDE,
    0x2C, 0xB0, 0x88, 0x52, 0xBD, 0x0F, 0x03, 0x81, 0x66, 0x30, 0xB2, 0xD9, 0xBA, 0xEA, 0x8C, 0xD4,
    0x93, 0x81, 0x1C, 0x40, 0xBB, 0x93, 0x89, 0xEF, 0x19, 0x07, 0x9D, 0x08, 0xCD, 0x0E, 0x60, 0xE2,
    0x9E, 0x4C, 0xFF, 0x4A, 0x28, 0xBD, 0xBB, 0x27, 0x3B, 0x42, 0xDE, 0x12, 0x12, 0x75, 0x38, 0x46,
    0x9F, 0xAF, 0x1A, 0x09, 0x85, 0xFC, 0x67, 0xF5, 0x23, 0xF6, 0xF7, 0x34, 0xEF, 0x69, 0x3A, 0x87,
    0x3A, 0xE1, 0x50, 0x1F, 0x84, 0xD1, 0xC9, 0x48, 0xC3, 0xB2, 0x49, 0xBB, 0x1D, 0x18, 0x8B, 0x7E,
    0x7F, 0x97, 0x3A, 0x0C, 0x6B, 0x13, 0x06, 0x5D, 0x24, 0xD4, 0x6C, 0xCB, 0x06, 0x92, 0x87, 0xA4,
    0x7B, 0xF6, 0x6A, 0x9A, 0xC8, 0x5F, 0x61, 0x54, 0xD2, 0xB4, 0x34, 0x8E, 0xA6, 0xD1, 0x30, 0xE9,
    0x85, 0x46, 0xD1, 0x24, 0x31, 0x28, 0xA3, 0x98, 0x58, 0xD8, 0xDD, 0x1A, 0xA2, 0xA3, 0x18, 0x68,
    0xC0, 0x96, 0x7E, 0x4D, 0xC1, 0x8E, 0x21, 0xB8, 0x72, 0x43, 0xE1, 0x89, 0xFF, 0x1B, 0xB6, 0x29,
    0xF1, 0xCC, 0x4B, 0xA7, 0xF2, 0xA4, 0xE8, 0x4C, 0xD8, 0xF5, 0xC0, 0xEC, 0x86, 0x91, 0xD2, 0x35,
    0xA3, 0xCB, 0x98, 0x56, 0xA3, 0x59, 0xB1, 0x1E, 0xC8, 0x4C, 0x13, 0xC9, 0xA4, 0xCD, 0x2D, 0xD8,
    0x9A, 0x6B, 0x45, 0x37, 0x1D, 0x0A, 0x1B, 0xBA, 0xD2, 0x7D, 0x10, 0x25, 0x0E, 0x31, 0xB4, 0x5D,
    0xCB, 0x18, 0xEA, 0x5A, 0x39, 0x96, 0x34, 0x3E, 0x5D, 0x23, 0x8D, 0x11, 0x8F, 0xD8, 0x6F, 0x2D,
    0x7C, 0x3C, 0xB4, 0x48, 0xA7, 0x1A, 0x48, 0x48, 0x3B, 0x52, 0x2A, 0x46, 0x92, 0xCA, 0x27, 0xD0,
    0x02, 0x97, 0x74, 0x85, 0x99, 0x90, 0x11, 0x52, 0x64, 0xC5, 0xD9, 0x9C, 0x05, 0x68, 0xF3, 0x99,
    0x14, 0xF3, 0x89, 0x3D, 0x14, 0x23, 0x41, 0x3B, 0x12, 0x2D, 0x1D, 0xA9, 0xD6, 0x3D, 0xC9, 0x36,
    0x96, 0x74, 0x3D, 0xEB, 0x79, 0xE9, 0x42, 0xE5, 0xC5, 0x44, 0xD2, 0xF5, 0x00, 0xE5, 0x47, 0xDE,
    0xF0, 0x9D, 0x9B, 0x18, 0x69, 0x2D, 0x32, 0xE0, 0x12, 0xF6, 0xB3, 0xC8, 0x6A, 0x5F, 0x5B, 0x97,
    0xD6, 0xF1, 0x11, 0x1B, 0x77, 0x72, 0xEF, 0xD8, 0x78, 0x4D, 0x79, 0x0B, 0xDC, 0x4F, 0x00, 0x68,
    0x7B, 0xAB, 0x72, 0xBF, 0xC0, 0xFA, 0x5E, 0x15, 0x68, 0xA8, 0x6E, 0xA0, 0xC3, 0x24, 0x58, 0xAC,
    0xB6, 0x41, 0x27, 0x0F, 0x89, 0x7E, 0x31, 0x4B, 0xD9, 0x45, 0xFD, 0x33, 0xD8, 0x7C, 0x0F, 0x0D,
    0xE7, 0x19, 0xFA, 0xA8, 0xC4, 0x05, 0x6A, 0x4F, 0xB8, 0x84, 0x07, 0x2B, 0x46, 0x8E, 0x7F, 0x2D,
    0x8D, 0xAC, 0x2F, 0x07, 0xC5, 0x65, 0xCF, 0x6A, 0x59, 0xDF, 0x73, 0x5B, 0x4C, 0xAC, 0xD0, 0x16,
    0x6D, 0xF0, 0x51, 0xCF, 0x17, 0x2E, 0xDD, 0x64, 0x96, 0x8D, 0xC4, 0xE7, 0x6C, 0x04, 0x7B, 0x1F,
    0x58, 0x09, 0x30, 0x9B, 0x1F, 0xB6, 0x8A, 0x0C, 0xEA, 0xDF, 0x1A, 0x45, 0x06, 0x15, 0xCE, 0x7A,
    0xC0, 0x40, 0x7B, 0x06, 0x5F, 0x2C, 0xC5, 0x4A, 0xCD, 0x36, 0x63, 0x03, 0xA3, 0xB0, 0x61, 0x31,
    0xFD, 0x4C, 0xCE, 0xC0, 0x3A, 0x3F, 0xF0, 0x7F, 0xF1, 0xF5, 0x6A, 0x1B, 0x97, 0x39, 0x46, 0x29,
    0x31, 0x4C, 0x61, 0x39, 0x89, 0x7D, 0x5F, 0xF6, 0x56, 0xE2, 0xD9, 0x75, 0x25, 0x81, 0xA1, 0x6F,
    0x8B, 0x99, 0x21, 0x56, 0xE2, 0x39, 0x8E, 0x1C, 0x25, 0xCB, 0x09, 0xE7, 0x59, 0xF1, 0x4D, 0x16,
    0x6E, 0xF0, 0x9C, 0xAD, 0xE5, 0x90, 0x0B, 0xE8, 0x91, 0xF1, 0x97, 0x76, 0x84, 0x12, 0x50, 0xF7,
    0xD5, 0x40, 0xA8, 0x7B, 0x80, 0xE5, 0x8C, 0x6D, 0x04, 0x3A, 0x43, 0xF0, 0x0A, 0x90, 0x2E, 0x84,
    0x6C, 0x66, 0xD8, 0x50, 0x4C, 0xA1, 0x3B, 0x6A, 0xD6, 0x8E, 0x5A, 0xF3, 0x89, 0xF3, 0x33, 0x59,
    0x24, 0xEB, 0x6D, 0xBE, 0x00, 0x4D, 0x8E, 0x29, 0x4B, 0x63, 0xF0, 0xDC, 0xE5, 0xC8, 0xA3, 0x89,
    0x91, 0x87, 0xB8, 0x80, 0xA3, 0x12, 0x4D, 0x3F, 0x28, 0xDB, 0x65, 0x7F, 0x52, 0xF9, 0x42, 0xD0,
    0x9E, 0x50, 0x9F, 0xD0, 0xDC, 0xB9, 0xB0, 0x0C, 0xD9, 0xE5, 0xE4, 0x40, 0x1D, 0x9C, 0xED, 0xB7,
    0x05, 0xFC, 0x70, 0x8B, 0x11, 0xC1, 0xE6, 0x2E, 0x9E, 0x79, 0x83, 0x09, 0xC6, 0x2D, 0xD5, 0x0C,
    0x62, 0xE8, 0xA1, 0x19, 0xFD, 0x44, 0x46, 0x73, 0x93, 0x73, 0x41, 0x12, 0x48, 0xE6, 0xCC, 0x49,
    0x32, 0xC1, 0x87, 0x0E, 0x6F, 0xA4, 0x91, 0xA5, 0xA9, 0x17, 0x91, 0x5F, 0xD6, 0xC8, 0xA3, 0x66,
    0x95, 0x39, 0x58, 0x3C, 0xB3, 0x7E, 0xDE, 0x6C, 0x43, 0x88, 0x7C, 0x94, 0x16, 0xFF, 0x8F, 0x3F,
    0xE5, 0x73, 0xFC, 0x0D, 0xF9, 0xDD, 0xD7, 0x30, 0x33, 0x76, 0x7C, 0x63, 0x08, 0xB9, 0xA5, 0x9B,
    0xB4, 0xB8, 0x69, 0xF3, 0x1C, 0x37, 0x65, 0x9E, 0x6E, 0x2A, 0x3A, 0xBA, 0xE9, 0x8E, 0xB8, 0xE9,
    0x9E, 0xB8, 0x69, 0xA4, 0x9B, 0xD2, 0x81, 0x6E, 0xCA, 0x2D, 0xDD, 0xA4, 0xC5, 0x4D, 0xF7, 0xC5,
    0x4D, 0x4F, 0xE8, 0xA6, 0xC4, 0xD1, 0x4D, 0x99, 0xA5, 0x9B, 0x0A, 0x43, 0x37, 0xDD, 0x11, 0x37,
    0xDD, 0x13, 0x37, 0x8D, 0x74, 0xD3, 0xEF, 0x06, 0xBA, 0xE9, 0x13, 0x4B, 0x37, 0x79, 0x71, 0xD3,
    0x26, 0xBA, 0x09, 0x64, 0xE9, 0xA6, 0xEC, 0x8F, 0x74, 0x53, 0x61, 0xE8, 0xA6, 0x17, 0xD4, 0xDE,
    0x6A, 0x48, 0x6F, 0x70, 0x6E, 0x10, 0xD4, 0x53, 0x81, 0x4A, 0x40, 0x9B, 0x2F, 0xBF, 0x1D, 0xB5,
    0x5F, 0x50, 0x2B, 0x17, 0x18, 0x13, 0x44, 0xEA, 0x0B, 0x75, 0x62, 0x0B, 0x5C, 0x62, 0x0D, 0xC0,
    0x31, 0x2A, 0x48, 0x1C, 0xA8, 0x4A, 0x1D, 0x3F, 0xC0, 0x40, 0x6D, 0x59, 0xAF, 0x0A, 0x80, 0x95,
    0xE0, 0xC0, 0x4A, 0x70, 0xD0, 0x2A, 0x3D, 0x50, 0x61, 0xD9, 0x13, 0x2A, 0x1B, 0x40, 0x82, 0x98,
    0x92, 0xC0, 0x5D, 0x90, 0x27, 0x92, 0x5C, 0xBA, 0xEF, 0x09, 0x3C, 0x16, 0x98, 0x98, 0x49, 0x26,
    0xEB, 0x64, 0xC1, 0xD4, 0x19, 0x19, 0x83, 0xE7, 0x4C, 0x00, 0xB8, 0x07, 0xD2, 0x90, 0xED, 0x85,
    0x0E, 0xB9, 0x0E, 0x43, 0xE2, 0x31, 0x69, 0xC8, 0x1D, 0x81, 0x35, 0x52, 0xEA, 0xE1, 0xCB, 0x72,
    0x60, 0xB6, 0xC7, 0x6D, 0x70, 0x24, 0x34, 0xB3, 0x0C, 0xFF, 0x86, 0x1E, 0x18, 0x6A, 0x40, 0x69,
    0xD6, 0x34, 0x20, 0x39, 0x30, 0xDB, 0x8B, 0xF6, 0x58, 0xC2, 0x9F, 0xC6, 0x10, 0x3A, 0x40, 0xD9,
    0x36, 0xFB, 0x11, 0xCF, 0xC1, 0x4D, 0xF6, 0xF3, 0x9D, 0x0C, 0x99, 0xAC, 0x62, 0x9D, 0xA9, 0x5E,
    0xB7, 0x8B, 0x4B, 0x47, 0x3F, 0x95, 0x9F, 0x13, 0xEF, 0xDB, 0x5A, 0x20, 0x5B, 0x18, 0xBF, 0x27,
    0x80, 0x9E, 0x2E, 0xD0, 0x2D, 0xC3, 0xF5, 0x8A, 0xF9, 0x02, 0x03, 0x61, 0x06, 0xBD, 0xDC, 0x15,
    0x06, 0x6E, 0x07, 0x0C, 0x2B, 0xB4, 0x2B, 0xE9, 0x78, 0x77, 0x5F, 0x74, 0x4F, 0x80, 0xEC, 0x8B,
    0x61, 0x8D, 0xDA, 0xE3, 0x4B, 0x18, 0xD3, 0xF9, 0x4B, 0x79, 0x7C, 0x84, 0x29, 0x5A, 0x80, 0x3E,
    0x09, 0xE5, 0xC8, 0x49, 0xED, 0x97, 0x53, 0x49, 0x68, 0x7A, 0x25, 0x08, 0x5F, 0x22, 0xCB, 0x62,
    0x86, 0x45, 0x96, 0x94, 0x46, 0x3C, 0x34, 0x42, 0xEF, 0xFB, 0xDE, 0x40, 0x6D, 0x3D, 0x40, 0xAB,
    0xE6, 0x28, 0xE6, 0x13, 0x64, 0x76, 0xF1, 0x99, 0x20, 0xF3, 0x11, 0xB2, 0x70, 0x92, 0xC9, 0x48,
    0x22, 0xC3, 0xCF, 0x80, 0xFC, 0xA5, 0xEC, 0x13, 0x38, 0xE2, 0xEF, 0x1F, 0x6C, 0x58, 0x0C, 0x3E,
    0x85, 0x27, 0xA2, 0xC2, 0x8E, 0x0A, 0x3D, 0xE4, 0x89, 0xFF, 0x94, 0xBA, 0xC5, 0x50, 0x85, 0xB3,
    0x46, 0x22, 0xD9, 0x20, 0x6A, 0xA7, 0xED, 0xE8, 0xB5, 0x01, 0xCA, 0xFD, 0x06, 0x05, 0x41, 0x6C,
    0x94, 0x60, 0xB7, 0xE2, 0x22, 0x58, 0xE3, 0x74, 0x1D, 0x07, 0xA0, 0x73, 0xB6, 0x9C, 0xD3, 0x73,
    0xA1, 0x03, 0x62, 0x69, 0xC5, 0x69, 0x55, 0x4B, 0x1C, 0x25, 0xEA, 0xCF, 0x5D, 0xD5, 0x8B, 0xFB,
    0xF4, 0x28, 0xEA, 0x8A, 0x45, 0x50, 0xC6, 0x43, 0xF7, 0x4C, 0x7F, 0x78, 0xF8, 0x3D, 0x91, 0x06,
    0xDD, 0xCF, 0x62, 0x08, 0xF1, 0x75, 0xAB, 0x80, 0x4D, 0xDE, 0x0B, 0x16, 0xBD, 0xA4, 0x19, 0x85,
    0xCB, 0x46, 0xD0, 0xCA, 0x96, 0x93, 0x81, 0x81, 0x75, 0xE7, 0x0D, 0x37, 0x96, 0x9B, 0x0F, 0xE3,
    0x80, 0x72, 0x0C, 0x89, 0xA3, 0x20, 0x47, 0x91, 0x6A, 0x09, 0x50, 0x43, 0x58, 0x94, 0xE0, 0x5F,
    0xE3, 0x09, 0x66, 0x9C, 0x1D, 0xDD, 0xCE, 0xF1, 0xA5, 0x16, 0x2B, 0xFB, 0x2F, 0x4F, 0x60, 0x6A,
    0x4D, 0xFC, 0x82, 0x0C, 0xE9, 0x1F, 0x27, 0x78, 0x67, 0x78, 0x36, 0xEF, 0x31, 0x9A, 0x29, 0x46,
    0x13, 0x14, 0x74, 0xBC, 0x2D, 0x09, 0x06, 0x55, 0x0F, 0xB3, 0x6B, 0x4B, 0xDF, 0xCB, 0xA7, 0xC5,
    0x38, 0x36, 0xD8, 0x86, 0x21, 0xBD, 0x0A, 0x32, 0xF5, 0xEC, 0x0C, 0xE3, 0x60, 0x5F, 0x09, 0xB2,
    0x1A, 0x9E, 0x74, 0x0F, 0x70, 0x61, 0xA1, 0x09, 0x9D, 0x7B, 0x53, 0x8F, 0xB8, 0x38, 0x78, 0x53,
    0x86, 0xF8, 0xDD, 0x58, 0x6A, 0x92, 0x59, 0xF1, 0x4B, 0x9A, 0x31, 0x45, 0xCE, 0x89, 0xBA, 0x5E,
    0x9C, 0xC5, 0xD1, 0x39, 0x1D, 0x5D, 0x7A, 0xC8, 0xA6, 0x32, 0xA0, 0xAC, 0x2D, 0x28, 0x67, 0x3D,
    0x29, 0x9B, 0x6B, 0xC5, 0xF9, 0x76, 0x2C, 0x02, 0x14, 0x7E, 0x0C, 0x4C, 0x6E, 0xE5, 0xDE, 0xC5,
    0xDC, 0xFF, 0xC6, 0x35, 0xF2, 0x30, 0xCB, 0x43, 0xBC, 0x83, 0x52, 0xF6, 0x90, 0x55, 0x90, 0x39,
    0x2B, 0x44, 0xB1, 0x44, 0x74, 0xAD, 0x7C, 0x9B, 0x9C, 0xC6, 0x73, 0xE4, 0xB7, 0xDE, 0xC4, 0xB8,
    0x8F, 0x2C, 0x53, 0xB8, 0x2C, 0xCA, 0xA7, 0x65, 0x2B, 0xCF, 0x70, 0xCA, 0x5F, 0x2F, 0xFE, 0xDF,
    0x34, 0xA4, 0x91, 0xFA, 0x4D, 0xF8, 0x60, 0xBB, 0x38, 0xF9, 0xF1, 0xC7, 0xE8, 0xA2, 0x0D, 0x8F,
    0x35, 0x6D, 0xB2, 0xC8, 0x29, 0x92, 0x2C, 0xF7, 0x75, 0x5B, 0x8C, 0xE0, 0xD6, 0x18, 0x59, 0xE0,
    0xBD, 0x2A, 0xB1, 0xBE, 0x87, 0x27, 0x2A, 0xF0, 0x29, 0x47, 0xD2, 0xF9, 0x83, 0x27, 0xA7, 0xDA,
    0x3F, 0x53, 0x24, 0xF6, 0x8E, 0x52, 0x64, 0xD7, 0x0A, 0x7A, 0x62, 0x2B, 0x58, 0xB7, 0xB2, 0xAA,
    0xD6, 0x36, 0x7F, 0xB3, 0xC7, 0x6D, 0x58, 0x77, 0xAC, 0xA7, 0xA3, 0x60, 0xB1, 0x9F, 0x32, 0xEC,
    0x55, 0xA9, 0x1F, 0x54, 0xB7, 0x80, 0xE6, 0xEA, 0xAD, 0x95, 0x2C, 0x4E, 0xC6, 0x3E, 0xF6, 0xB0,
    0x9A, 0x67, 0x85, 0x25, 0x08, 0x6A, 0x1B, 0xA8, 0xBD, 0x20, 0xAB, 0x49, 0x39, 0xC4, 0x32, 0x1F,
    0x05, 0x75, 0xEE, 0x89, 0x9A, 0xC2, 0xE2, 0x39, 0x68, 0xD6, 0x53, 0xEA, 0x14, 0x75, 0x8A, 0xC2,
    0x02, 0xDA, 0x18, 0xEB, 0x96, 0xEE, 0xE2, 0x8A, 0x34, 0xAF, 0xD6, 0x6E, 0x93, 0xA4, 0x82, 0x47,
    0x5C, 0xAC, 0xB5, 0x25, 0xEF, 0x5D, 0xEC, 0xD0, 0x12, 0x21, 0xC6, 0xFA, 0xF6, 0xFE, 0xA9, 0xF3,
    0xEA, 0x6A, 0xB2, 0x87, 0x37, 0x02, 0x13, 0x71, 0x2F, 0x87, 0x5E, 0x1C, 0xEB, 0xE9, 0x52, 0xFA,
    0x53, 0x9C, 0x29, 0x9E, 0x7C, 0xE7, 0xAB, 0xD9, 0x1F, 0xED, 0xB1, 0x4F, 0x1E, 0xC6, 0x58, 0x96,
    0xFB, 0x19, 0xB7, 0x44, 0x16, 0x4A, 0x5D, 0x3C, 0x42, 0xBA, 0x12, 0x56, 0xFF, 0xB9, 0x5A, 0x7D,
    0x15, 0xAC, 0xB8, 0xEA, 0xB0, 0x1E, 0x5D, 0x40, 0xE4, 0xB1, 0x28, 0x7D, 0x15, 0x6E, 0xE2, 0x01,
    0x84, 0xE6, 0xEB, 0x9F, 0xCC, 0x0C, 0x6C, 0xEF, 0x44, 0x1A, 0xCD, 0x46, 0x9D, 0x5C, 0x44, 0x5F,
    0xE3, 0xF6, 0x2F, 0x1A, 0x9C, 0xAC, 0x0F, 0xF1, 0x92, 0x21, 0x3E, 0x06, 0x9F, 0x26, 0xC8, 0xB7,
    0x4D, 0xED, 0x4D, 0x39, 0x49, 0xAE, 0x7E, 0xCE, 0x60, 0x97, 0x73, 0x98, 0xA9, 0xFF, 0x1A, 0xE0,
    0x9A, 0x3D, 0x15, 0xD0, 0x01, 0x25, 0xD0, 0x02, 0x35, 0xD0, 0x03, 0x45, 0xD0, 0x04, 0x55, 0xD0,
    0x05, 0x65, 0xD0, 0x46, 0x83, 0xF8, 0x6D, 0xF8, 0x0D, 0x95, 0xD0, 0xA9, 0x82, 0x52, 0x15, 0xB4,
    0x42, 0x2D, 0x8B, 0xAB, 0x5D, 0x9F, 0x78, 0x97, 0x7F, 0xEE, 0xCA, 0x76, 0x7E, 0x4B, 0xDD, 0xFF,
    0xFA, 0x76, 0xE7, 0x29, 0xBD, 0x79, 0xD9, 0x33, 0xD0, 0x0D, 0xE6, 0x6F, 0x60, 0x72, 0x7A, 0xD9,
    0xC0, 0x41, 0x0C, 0xA4, 0x8D, 0x41, 0x0E, 0xA7, 0xDA, 0xF7, 0x28, 0xD8, 0x3D, 0xC4, 0x35, 0xC1,
    0xDA, 0x7A, 0x7C, 0xCC, 0x53, 0xE9, 0xF1, 0x7F, 0xD1, 0x2D, 0xF7, 0xF1, 0x1B, 0x78, 0xF2, 0x91,
    0x4A, 0xFD, 0x83, 0x11, 0xFD, 0xB5, 0xEB, 0xD1, 0x79, 0xB3, 0x60, 0x45, 0x08, 0x96, 0x66, 0x6D,
    0xBC, 0xBF, 0x0F, 0x07, 0x75, 0x9F, 0x60, 0xED, 0xF2, 0xA3, 0x6A, 0xFA, 0x6A, 0x0A, 0x6A, 0xF5,
    0x84, 0xF8, 0x78, 0xC6, 0x4A, 0x3E, 0x6B, 0x08, 0x1C, 0x78, 0x4C, 0xB5, 0x15, 0x91, 0x8F, 0x4D,
    0x1B, 0x48, 0x04, 0xA1, 0x29, 0x86, 0x20, 0x2A, 0xCB, 0xB1, 0xAB, 0x2D, 0xA6, 0xD2, 0x80, 0x90,
    0x7B, 0x39, 0x41, 0xC7, 0xDE, 0x6C, 0x57, 0xC0, 0xDB, 0xF1, 0x2E, 0x4F, 0xE6, 0x27, 0x94, 0xBA,
    0x03, 0xC4, 0x8B, 0x3C, 0xF1, 0x8B, 0xAB, 0x66, 0xE5, 0xDF, 0xF0, 0xBD, 0x7A, 0xD9, 0x6B, 0xEC,
    0xF8, 0xFE, 0x2E, 0x0F, 0x29, 0x7E, 0x86, 0x31, 0x5D, 0x6C, 0x90, 0x89, 0x37, 0xC1, 0xC0, 0xD4,
    0x83, 0x7C, 0x98, 0x13, 0xE4, 0x29, 0x13, 0x0F, 0x6E, 0xC9, 0x2F, 0x5F, 0x30, 0x1E, 0x30, 0xCE,
    0xBA, 0x87, 0x2C, 0x19, 0x80, 0x57, 0x94, 0xE0, 0xFC, 0x2B, 0x53, 0x73, 0xC4, 0xEB, 0xF5, 0xED,
    0x96, 0x51, 0xE7, 0xCA, 0xE8, 0xE5, 0x2C, 0x7B, 0x1B, 0x8E, 0xE6, 0x20, 0x9A, 0xB8, 0xCB, 0x2F,
    0x17, 0xCF, 0x1B, 0x9E, 0xF1, 0x6C, 0x53, 0xE3, 0x1A, 0x62, 0x3E, 0x62, 0xAC, 0xA6, 0x7D, 0xF7,
    0xCD, 0x70, 0x1F, 0xC5, 0x14, 0xD4, 0xE6, 0x13, 0x7C, 0x38, 0x6E, 0x7D, 0x58, 0x0E, 0xF5, 0xD6,
    0x87, 0xA6, 0xB2, 0x18, 0x81, 0x21, 0x83, 0x0F, 0x3F, 0x18, 0xD6, 0x97, 0xEB, 0xE6, 0x7A, 0xCC,
    0xFE, 0xEE, 0xBA, 0x4B, 0x80, 0xBA, 0x84, 0x9D, 0xC9, 0xC8, 0x2A, 0x16, 0x5A, 0x57, 0xC4, 0x8A,
    0x2B, 0x63, 0x31, 0x6F, 0x63, 0x85, 0xA6, 0x96, 0x3B, 0x69, 0xBC, 0x91, 0xC6, 0xA8, 0xF2, 0x4A,
    0x58, 0xDD, 0x96, 0xE9, 0xF6, 0x8A, 0x5C, 0x1C, 0xD3, 0xB9, 0x1F, 0xD5, 0x2B, 0x32, 0xD7, 0x6E,
    0x5C, 0x89, 0x9B, 0x52, 0x87, 0x5B, 0x33, 0x23, 0xE6, 0x27, 0xC4, 0xDE, 0xF9, 0xE1, 0x95, 0x10,
    0x62, 0x08, 0x98, 0x39, 0x86, 0x05, 0x6C, 0x3D, 0xFF, 0x4F, 0x0C, 0xE2, 0x9F, 0x82, 0xB0, 0x75,
    0xE9, 0xE7, 0x66, 0xAF, 0x17, 0x8A, 0xF4, 0x6C, 0xCD, 0x06, 0x2D, 0xEA, 0x15, 0xDA, 0x60, 0x1D,
    0xF8, 0x29, 0xCE, 0x29, 0x10, 0x2C, 0x96, 0x2C, 0x9C, 0x36, 0x26, 0xE3, 0x45, 0x7E, 0xCD, 0x5B,
    0xFC, 0xC7, 0x1E, 0x2F, 0xF0, 0x23, 0x44, 0x90, 0x89, 0xF3, 0xC1, 0x88, 0xCC, 0x42, 0x6A, 0x03,
    0xEA, 0xC7, 0xC9, 0x12, 0x2C, 0x7A, 0x14, 0xDE, 0xF3, 0xF2, 0xCF, 0x2E, 0x3C, 0x56, 0xFE, 0xC5,
    0x22, 0x63, 0xFF, 0xCC, 0x60, 0x1D, 0x5C, 0xF8, 0xAA, 0x4F, 0x78, 0x1D, 0x82, 0x97, 0x3C, 0xD6,
    0x96, 0xF7, 0x83, 0x12, 0x7D, 0x82, 0x45, 0xEF, 0x98, 0x7B, 0xE4, 0xA3, 0x9D, 0x02, 0x59, 0x3E,
    0x6D, 0x43, 0x21, 0xA9, 0x89, 0x56, 0x17, 0xF5, 0xD0, 0xBD, 0x81, 0xE8, 0xF0, 0x57, 0x05, 0x27,
    0x33, 0x5C, 0x1F, 0x84, 0x0B, 0x3D, 0x33, 0x0D, 0xD6, 0x43, 0xEE, 0x82, 0xC0, 0xCA, 0xD2, 0x07,
    0x51, 0x59, 0xAE, 0x2E, 0x5C, 0x56, 0x4A, 0x2B, 0xBE, 0xEE, 0xC0, 0xC4, 0x87, 0x76, 0x0A, 0x91,
    0x2F, 0xAA, 0x51, 0x2F, 0x06, 0x61, 0xBE, 0xB3, 0x84, 0x95, 0xC6, 0xF9, 0x9B, 0xB5, 0xB7, 0xDD,
    0x12, 0x58, 0xD7, 0xA3, 0x7A, 0x28, 0x91, 0xEC, 0x4B, 0xE0, 0x25, 0xA5, 0xF3, 0x2D, 0xB7, 0x2C,
    0x9E, 0xD9, 0x5F, 0x11, 0x2B, 0x86, 0xFB, 0x52, 0x4D, 0x47, 0xB0, 0xB3, 0x34, 0xDB, 0x60, 0xA7,
    0x5D, 0x83, 0x9D, 0xAB, 0x60, 0x95, 0x0E, 0x41, 0x79, 0x2E, 0x6F, 0x50, 0xB9, 0xFF, 0x06, 0x5D,
    0x8D, 0x9B, 0xF8, 0x7A, 0x98, 0xFF, 0xBE, 0xE4, 0xCC, 0x57, 0x1D, 0x53, 0x95, 0x41, 0x4F, 0xD2,
    0x05, 0x0E, 0x3D, 0x97, 0xF5, 0x6A, 0x60, 0xA0, 0x52, 0x04, 0x28, 0x02, 0xF4, 0x78, 0x9F, 0x08,
    0xC1, 0x08, 0x2D, 0x07, 0x29, 0xBA, 0x65, 0xBD, 0xA4, 0x94, 0x5A, 0x51, 0x25, 0xBA, 0xA9, 0xA2,
    0xDB, 0xDE, 0x9C, 0x1F, 0x01, 0xF5, 0xDB, 0x03, 0xA0, 0xFA, 0xC8, 0x02, 0xCA, 0xDF, 0x90, 0x8B,
    0xFE, 0x4C, 0x11, 0x36, 0x84, 0x62, 0xDA, 0x3D, 0x25, 0xCD, 0x7B, 0x42, 0xD9, 0xEE, 0x56, 0x10,
    0x57, 0x7B, 0xC6, 0x78, 0xC4, 0xFA, 0x8D, 0x23, 0xCF, 0xF2, 0x95, 0x9F, 0x24, 0x81, 0x14, 0xF3,
    0x5F, 0x7D, 0x4F, 0x3C, 0x1F, 0x6F, 0xE9, 0x65, 0x22, 0xA7, 0x1D, 0x39, 0x46, 0xDF, 0x14, 0x0E,
    0x4B, 0x90, 0x1E, 0xBA, 0x31, 0xC8, 0xDF, 0xFB, 0x0D, 0x18, 0xBE, 0xEE, 0x83, 0xFC, 0x13, 0x3C,
    0x59, 0x7D, 0x28, 0x57, 0x04, 0x18, 0x03, 0x5A, 0xC8, 0x35, 0x53, 0x64, 0xE1, 0xCD, 0x07, 0x29,
    0x25, 0xDB, 0xF8, 0xC7, 0x40, 0x29, 0x3F, 0x6B, 0x5D, 0xCF, 0xD1, 0x5D, 0xAC, 0xD4, 0x32, 0x5A,
    0xC1, 0xE3, 0xC5, 0xF2, 0xBD, 0x69, 0x5B, 0x48, 0xD4, 0x3D, 0xFF, 0x5C, 0xD2, 0xD2, 0x80, 0x1D,
    0x59, 0xB7, 0x94, 0x66, 0xA7, 0xCC, 0xF7, 0x0C, 0x12, 0xF4, 0xC4, 0x01, 0xEA, 0xB1, 0x3C, 0xB7,
    0xF0, 0x11, 0x81, 0x5A, 0xF1, 0xC7, 0xF1, 0xCF, 0x0F, 0x0F, 0x77, 0x98, 0xFF, 0x0D, 0x9D, 0xD4,
    0x81, 0xE6, 0xDE, 0x76, 0x1F, 0x05, 0xF0, 0x4F, 0x92, 0x56, 0x68, 0x90, 0x17, 0xEF, 0x8B, 0x97,
    0x11, 0x18, 0xC0, 0xE4, 0x06, 0xDA, 0x26, 0xEC, 0x06, 0x8A, 0xFF, 0x00, 0x18, 0x06, 0x0C, 0x7F,
    0x28, 0x86, 0xCE, 0x93, 0x4B, 0x28, 0x18, 0x80, 0x5D, 0xC2, 0x00, 0x43, 0xB7, 0x27, 0xBB, 0x83,
    0x5C, 0x42, 0x80, 0x01, 0x1A, 0x04, 0x69, 0x25, 0xF9, 0xCE, 0x93, 0x27, 0x56, 0x1D, 0x60, 0x3F,
    0x91, 0x73, 0xF8, 0x9E, 0x70, 0xBE, 0xC7, 0xC9, 0x0F, 0x00, 0x49, 0xDC, 0xCE, 0x46, 0x7D, 0x90,
    0x95, 0xE8, 0xD2, 0x5D, 0xBA, 0xCA, 0x57, 0xE9, 0xC6, 0x3B, 0xD5, 0x24, 0x5B, 0xF9, 0x41, 0xD3,
    0x1F, 0xE4, 0x57, 0xD1, 0xCA, 0x16, 0x5E, 0x27, 0x3B, 0xF9, 0x8C, 0x6C, 0xA5, 0x98, 0x90, 0xAF,
    0x94, 0x13, 0xCA, 0xD9, 0x49, 0x26, 0xCA, 0x11, 0xD5, 0x44, 0x15, 0x31, 0xAB, 0x47, 0xEA, 0x88,
    0x49, 0x33, 0xD0, 0xF4, 0xEE, 0xAF, 0xA6, 0x3B, 0xC9, 0xA5, 0x3D, 0xC9, 0xF5, 0x6F, 0xE2, 0x24,
    0x01, 0xF5, 0xC0, 0x4E, 0xDA, 0x56, 0xA3, 0x64, 0xA3, 0x68, 0xCB, 0x49, 0xBA, 0x52, 0xCA, 0x17,
    0xD9, 0x4A, 0x2D, 0xD9, 0x0F, 0xF2, 0x3B, 0x97, 0x8F, 0xE7, 0x7E, 0xC5, 0xB9, 0x1F, 0xFF, 0x6B,
    0x01, 0x4F, 0x5F, 0xF1, 0x40, 0x1A, 0xBB, 0x3A, 0x7A, 0xD5, 0xC7, 0xEB, 0x1F, 0xFB, 0xE3, 0xE4,
    0xD2, 0x55, 0x7F, 0x4E, 0xF9, 0x9C, 0x6C, 0x8A, 0x18, 0xB2, 0x25, 0x5B, 0x65, 0xD1, 0xE5, 0x4B,
    0x31, 0xC9, 0x42, 0x31, 0x97, 0x93, 0x6C, 0x57, 0x4E, 0xD5, 0x20, 0xDB, 0x34, 0xC3, 0x91, 0x4A,
    0x12, 0xED, 0x0D, 0xB7, 0xC7, 0x45, 0xD3, 0xCB, 0x23, 0x3A, 0x97, 0x4E, 0xF1, 0xE1, 0x95, 0x1B,
    0x96, 0xB3, 0x4F, 0xD8, 0x74, 0xEA, 0x13, 0x9B, 0x55, 0xA2, 0xEE, 0xC5, 0x26, 0x57, 0x8E, 0xD9,
    0x16, 0xED, 0xA3, 0x7C, 0x7F, 0x1C, 0x2F, 0xB1, 0x72, 0xDD, 0xDB, 0x22, 0x46, 0x9E, 0xB6, 0x3C,
    0x80, 0x6F, 0xFD, 0x1F, 0xCF, 0x2D, 0xA8, 0x8B, 0x11, 0xE5, 0xFB, 0x1E, 0x65, 0x38, 0xB3, 0x27,
    0x79, 0x05, 0xA0, 0x8E, 0x91, 0x34, 0xDE, 0xEF, 0x14, 0x73, 0x12, 0xAD, 0xBA, 0x77, 0xE9, 0x34,
    0xC7, 0x73, 0x69, 0xD5, 0x5C, 0xF8, 0xAF, 0x1B, 0xBF, 0x1B, 0x3C, 0x73, 0xA6, 0x99, 0xA1, 0xDC,
    0x21, 0x8F, 0x01, 0x62, 0x81, 0x3A, 0x20, 0x8B, 0x1E, 0xAE, 0x23, 0xD4, 0x13, 0x94, 0xB3, 0x2F,
    0x28, 0x66, 0x3F, 0x92, 0xCF, 0x7E, 0xA3, 0x98, 0x5C, 0x29, 0x27, 0x97, 0x56, 0x35, 0x68, 0x86,
    0x23, 0x82, 0xFD, 0xFB, 0x9D, 0x24, 0x62, 0x44, 0xF2, 0x00, 0x49, 0xE7, 0x3B, 0xA6, 0x6C, 0xE4,
    0x5D, 0xD5, 0xD3, 0x5C, 0x51, 0xAF, 0xA8, 0x26, 0xF7, 0xF5, 0x81, 0x6F, 0x5A, 0x8A, 0x58, 0x68,
    0x7E, 0x0A, 0x36, 0x97, 0x36, 0x59, 0x34, 0x6D, 0xBA, 0xA8, 0xA5, 0xAB, 0x27, 0xD2, 0x0D, 0xA2,
    0xC3, 0x75, 0x41, 0x1D, 0x2D, 0x59, 0x0C, 0xB8, 0xCC, 0x28, 0x16, 0x64, 0xAB, 0xAF, 0x24, 0xAB,
    0x97, 0x6E, 0x5F, 0x4B, 0x67, 0x4D, 0x97, 0x4F, 0xCA, 0x0F, 0x8F, 0xBD, 0x34, 0x36, 0xCE, 0x82,
    0xD4, 0xDE, 0x40, 0xD3, 0xEE, 0x70, 0xB9, 0x43, 0x63, 0x85, 0x27, 0xFE, 0xE3, 0x1F, 0xA7, 0x8E,
    0x35, 0x89, 0xE8, 0x9A, 0x3B, 0x64, 0x47, 0xE6, 0x92, 0x1B, 0x0C, 0x04, 0x65, 0x47, 0xB4, 0xEA,
    0x7B, 0xD0, 0x6F, 0xD0, 0xF4, 0x66, 0xD4, 0x43, 0x36, 0xA2, 0x1A, 0x8B, 0x9E, 0x5B, 0xAF, 0xA0,
    0x98, 0x5E, 0x40, 0x3E, 0x2F, 0x90, 0x7D, 0x1C, 0x21, 0x8D, 0x1E, 0x04, 0xB0, 0x83, 0x64, 0x03,
    0xE9, 0x0A, 0xB2, 0xCF, 0x61, 0x01, 0xF9, 0x0C, 0x8A, 0x09, 0x54, 0x33, 0x3C, 0x8B, 0xFD, 0x2D,
    0xCA, 0x88, 0x01, 0xF8, 0xD2, 0x33, 0x78, 0xE9, 0x1D, 0x54, 0x5F, 0x4F, 0x38, 0xEB, 0x25, 0x8F,
    0x16, 0xB2, 0x0D, 0x78, 0x00, 0x38, 0xFF, 0xAA, 0x56, 0x79, 0x87, 0x6A, 0x90, 0xED, 0xD4, 0x14,
    0x2B, 0x2F, 0xA8, 0x26, 0x9E, 0xD3, 0x0C, 0xBC, 0x26, 0x3A, 0x1C, 0x0A, 0x77, 0x85, 0xBB, 0x02,
    0x97, 0x01, 0x44, 0xFB, 0x6F, 0x14, 0xF5, 0xA9, 0xE8, 0x79, 0x7B, 0x28, 0xD2, 0xBB, 0x8F, 0xAC,
    0x3F, 0x14, 0x79, 0x7F, 0x28, 0xAA, 0xDE, 0xE5, 0x66, 0xB3, 0x73, 0xBD, 0xBB, 0x25, 0x6D, 0xFD,
    0x4C, 0x76, 0x24, 0x9F, 0xCC, 0x0D, 0xEC, 0x1B, 0x67, 0x5B, 0x34, 0xA3, 0xCF, 0xFA, 0x07, 0xD4,
    0x71, 0x54, 0x30, 0x62, 0xE6, 0xA5, 0x6A, 0x3C, 0x6F, 0x46, 0xBF, 0x08, 0x48, 0xB7, 0x4F, 0x91,
    0x97, 0x23, 0x8E, 0xA1, 0xCF, 0x86, 0x0B, 0x94, 0xD3, 0xA7, 0xE1, 0x55, 0x32, 0x48, 0x36, 0x59,
    0x2F, 0x5B, 0xE4, 0xBD, 0x72, 0x52, 0x75, 0xEA, 0xC3, 0x67, 0x13, 0x11, 0xFC, 0x05, 0x7C, 0xCE,
    0xD5, 0x01, 0xC2, 0x30, 0x14, 0x85, 0xE1, 0x1F, 0x77, 0x78, 0x47, 0x47, 0x60, 0x04, 0xBA, 0x17,
    0xBA, 0x59, 0x33, 0x02, 0x23, 0x74, 0x03, 0xDC, 0xA5, 0x72, 0xCF, 0x0B, 0xDA, 0x36, 0xC9, 0x17,
    0x3F, 0x01, 0xE8, 0x5C, 0x00, 0xF0, 0x43, 0x07, 0x64, 0xCF, 0xAD, 0x25, 0x50, 0x5A, 0x1B, 0xAD,
    0xA0, 0xE6, 0x00, 0xEB, 0xC3, 0xC0, 0x19, 0x43, 0x31, 0x32, 0xAA, 0x61, 0xB8, 0x48, 0xE6, 0xC2,
    0xD0, 0x03, 0x98, 0xA3, 0xBB, 0xC4, 0x53, 0x3C, 0xAC, 0xCD, 0xDC, 0x8D, 0xEC, 0x1B, 0xB9, 0xB3,
    0xD8, 0x83, 0xA5, 0x1A, 0x35, 0xD1, 0x0A, 0xE0, 0x3D, 0xFC, 0xFB, 0x0D, 0x0B, 0xE1, 0x91, 0x1E,
    0x3E, 0x51, 0xF8, 0x5D, 0x39, 0x0F, 0xE5, 0xCC, 0x7D, 0x97, 0x30, 0x88, 0x06, 0x54, 0x81, 0x00,
    0x00, 0x63, 0xD0, 0x6A, 0x60, 0xD8, 0x7F, 0x80, 0xE9, 0xFF, 0x03, 0xF6, 0xCF, 0x1F, 0xE4, 0x1B,
    0x7E, 0xD4, 0x32, 0xD8, 0x08, 0x30, 0xB0, 0x30, 0xA4, 0x30, 0x30, 0x70, 0xFF, 0x67, 0xD8, 0xA2,
    0xFF, 0xFF, 0xE2, 0x07, 0x0B, 0xF9, 0xFF, 0x07, 0x36, 0x30, 0xFD, 0x67, 0x60, 0x60, 0x10, 0x60,
    0x00, 0x00, 0xA5, 0x95, 0x01, 0x84, 0x2D, 0xD7, 0x19, 0xC7, 0x7F, 0x67, 0xE6, 0xEE, 0x9B, 0xEC,
    0x3B, 0x7D, 0x7B, 0x2E, 0x76, 0x63, 0xFB, 0xF2, 0x36, 0x53, 0x2C, 0x9E, 0x67, 0xEF, 0x1D, 0x58,
    0x5C, 0xCC, 0xBD, 0x73, 0xEA, 0x21, 0xAA, 0xCA, 0xC5, 0x6E, 0x82, 0xD0, 0x3E, 0x2C, 0x6A, 0x2B,
    0xDE, 0x0B, 0x8B, 0x69, 0xED, 0x66, 0x4E, 0x0B, 0x28, 0x65, 0x91, 0x82, 0x52, 0x8B, 0x20, 0x6E,
    0x69, 0xB6, 0x2C, 0x36, 0xF5, 0x92, 0x39, 0x14, 0x05, 0x98, 0x54, 0x2B, 0x80, 0x0C, 0x0D, 0x50,
    0x74, 0x2A, 0x93, 0xBA, 0x49, 0xEF, 0xBD, 0xA7, 0x33, 0x37, 0x37, 0xEF, 0x89, 0x97, 0x28, 0xFA,
    0x9F, 0xEF, 0x9C, 0xF3, 0xCD, 0x99, 0xCF, 0xFF, 0xFB, 0xE6, 0xCC, 0xF7, 0x7D, 0x73, 0xAC, 0x13,
    0xAB, 0x8A, 0xA0, 0x14, 0x15, 0x29, 0x30, 0xC1, 0x9B, 0x13, 0xD4, 0xA8, 0x82, 0x08, 0xAE, 0x01,
    0xE0, 0x9E, 0x21, 0xB7, 0x9E, 0x2B, 0x83, 0x4F, 0xAA, 0xD0, 0x4C, 0xCF, 0x88, 0xBB, 0x74, 0x38,
    0x02, 0xE9, 0xB8, 0x8C, 0xDC, 0x07, 0x65, 0x1A, 0x3A, 0x7B, 0xE9, 0x3B, 0xA0, 0x4B, 0xE2, 0x16,
    0x99, 0x9B, 0x6F, 0x1D, 0x1E, 0x24, 0xCE, 0xB5, 0x37, 0x34, 0x2A, 0x8F, 0xD8, 0x4B, 0xB9, 0x1E,
    0xBD, 0x52, 0x45, 0xAE, 0x90, 0x0E, 0xBA, 0xAC, 0x91, 0x98, 0xCC, 0x66, 0x26, 0x01, 0x42, 0x4E,
    0x13, 0xB3, 0xC8, 0xCC, 0x22, 0x61, 0xDE, 0xA1, 0x7B, 0xF3, 0x2D, 0x32, 0xC7, 0x55, 0xA4, 0x09,
    0x35, 0x09, 0x37, 0xE7, 0xA8, 0x73, 0x14, 0x6C, 0x00, 0x47, 0x48, 0xA7, 0xA3, 0x57, 0x8B, 0x58,
    0x94, 0x31, 0x55, 0x33, 0x27, 0x2F, 0x15, 0xCA, 0x19, 0xF1, 0x36, 0xDC, 0xFB, 0xF9, 0x84, 0xFC,
    0xFE, 0x4C, 0xCC, 0x65, 0xE5, 0x57, 0xA1, 0x55, 0x76, 0x44, 0x9F, 0x9A, 0x2E, 0x9A, 0x0B, 0xEE,
    0x9E, 0x8A, 0x3A, 0x91, 0x65, 0x98, 0x1B, 0xB5, 0x40, 0xCE, 0x10, 0x63, 0xD6, 0xC3, 0xFE, 0x30,
    0x8E, 0x77, 0xD7, 0x85, 0x09, 0x7D, 0xDB, 0xF7, 0xED, 0x30, 0xB0, 0xB1, 0x34, 0xB1, 0xD2, 0xBB,
    0x37, 0xB9, 0xF7, 0xDD, 0xB7, 0x89, 0xEC, 0x02, 0x55, 0x66, 0xB4, 0x64, 0x4C, 0x83, 0x82, 0xA1,
    0xA8, 0x68, 0xC2, 0xE3, 0x08, 0xE6, 0x88, 0x46, 0x66, 0x5C, 0x1E, 0x0D, 0xAE, 0xB8, 0x7A, 0xE3,
    0x95, 0x2A, 0x71, 0x56, 0x2E, 0x40, 0x43, 0xAE, 0x03, 0x57, 0x85, 0xFF, 0xA9, 0x47, 0x9C, 0xA6,
    0x2C, 0x0F, 0x6A, 0x5B, 0xCC, 0xA4, 0xE9, 0x13, 0x73, 0x46, 0xAE, 0xF3, 0x22, 0x2F, 0x12, 0xBB,
    0x86, 0x57, 0xA8, 0xA9, 0x9A, 0xC9, 0x99, 0x37, 0xE3, 0x31, 0xB5, 0x28, 0x43, 0xFB, 0x1E, 0x9A,
    0x1B, 0x26, 0x29, 0xB3, 0xCA, 0x15, 0x4E, 0x4F, 0xB9, 0x22, 0x65, 0x84, 0xB4, 0xC2, 0x7C, 0xBD,
    0xED, 0x31, 0x89, 0x09, 0xAD, 0x2C, 0xBC, 0x8A, 0x2B, 0xBA, 0x1C, 0x6B, 0x1C, 0x8D, 0x45, 0x50,
    0xA1, 0x0C, 0x43, 0xE8, 0x02, 0xDB, 0xC4, 0x5B, 0xA7, 0xC9, 0xF4, 0xB8, 0x65, 0xBB, 0x5C, 0x67,
    0x87, 0xFE, 0x41, 0x32, 0x1B, 0xBD, 0x9D, 0x72, 0xC2, 0xBD, 0x89, 0xCE, 0x9C, 0x3D, 0x7C, 0xD5,
    0x20, 0x35, 0x8A, 0xD5, 0x01, 0xBF, 0x08, 0x3D, 0x80, 0xA0, 0x50, 0x95, 0xAA, 0x83, 0x9A, 0x8A,
    0x2A, 0xB0, 0x23, 0xBA, 0x80, 0xB4, 0x89, 0x7D, 0xDC, 0x6E, 0x30, 0xE5, 0x0D, 0x76, 0x00, 0x48,
    0xE1, 0x0A, 0x2A, 0xB6, 0x3E, 0x25, 0x71, 0x0D, 0x27, 0xD0, 0x28, 0xBA, 0xD1, 0xBD, 0x02, 0xDF,
    0xB6, 0xE2, 0x69, 0x38, 0x17, 0xA5, 0x57, 0x64, 0x8B, 0x7C, 0xE1, 0x9B, 0x40, 0xDF, 0x68, 0x52,
    0xA2, 0xB1, 0xB0, 0x4D, 0x04, 0xDC, 0x60, 0xE5, 0x3B, 0x84, 0x3E, 0x0C, 0xF9, 0xD9, 0x8C, 0x7C,
    0x4A, 0x56, 0xB2, 0x06, 0xDB, 0x0C, 0x89, 0x89, 0x49, 0xB9, 0xE6, 0xFD, 0x1F, 0x67, 0xD3, 0xA4,
    0x12, 0x5A, 0xEA, 0xC4, 0x26, 0x45, 0x62, 0x43, 0x1D, 0x7D, 0x35, 0x6B, 0xC4, 0x9B, 0x84, 0x8E,
    0xD1, 0x8F, 0xEC, 0xB5, 0x6F, 0xAF, 0xBC, 0xE2, 0xDA, 0x2F, 0x46, 0x2F, 0xD8, 0xD0, 0x21, 0xDE,
    0xE2, 0xC6, 0x85, 0x2A, 0x94, 0x89, 0x88, 0x39, 0x01, 0xE8, 0x40, 0x0C, 0x67, 0x90, 0x5B, 0x54,
    0x81, 0x2C, 0x91, 0x05, 0xA1, 0x6D, 0xC3, 0x9E, 0xC2, 0x7B, 0x04, 0x05, 0x91, 0x26, 0x81, 0x0C,
    0x72, 0xC8, 0xFE, 0x46, 0xE2, 0x90, 0x73, 0xD6, 0xFB, 0xBD, 0x38, 0x4E, 0x8F, 0xD6, 0x0E, 0x0F,
    0x0F, 0x22, 0xE7, 0x66, 0x89, 0x73, 0xD3, 0x11, 0xA2, 0x4E, 0xA1, 0xBA, 0x82, 0x6A, 0x0C, 0xE3,
    0x07, 0xDB, 0x1E, 0x97, 0x71, 0x40, 0x75, 0xAA, 0xC8, 0x3F, 0x9A, 0xD1, 0x7F, 0xA9, 0xE4, 0x01,
    0xDF, 0x3E, 0x15, 0xD3, 0x48, 0x96, 0xE1, 0x3F, 0x8D, 0x72, 0x04, 0xCB, 0xE4, 0x5B, 0x96, 0x54,
    0x21, 0x5C, 0x15, 0x7C, 0x52, 0x87, 0x66, 0x76, 0xC6, 0xB0, 0x4B, 0x67, 0x9F, 0x9D, 0x98, 0xD3,
    0xE4, 0xE5, 0x3A, 0x74, 0x65, 0xE0, 0x34, 0xDD, 0xA7, 0xD9, 0x34, 0xE4, 0x71, 0xFA, 0xA4, 0xEC,
    0x7C, 0x67, 0x62, 0xE5, 0xEA, 0xAB, 0x9E, 0x74, 0xE5, 0x40, 0x38, 0x03, 0x1D, 0x9A, 0x9A, 0xCB,
    0xDD, 0xAC, 0xAD, 0x35, 0xA0, 0xB9, 0x73, 0x4E, 0xE7, 0xCD, 0x04, 0x00, 0x37, 0x27, 0x93, 0xC9,
    0x79, 0xD8, 0xDC, 0x16, 0xB7, 0x1B, 0xCD, 0xF0, 0x04, 0x49, 0x6B, 0xB7, 0x34, 0xFE, 0x26, 0xDE,
    0x7B, 0x93, 0xC9, 0x45, 0x63, 0x50, 0x1E, 0x37, 0x0C, 0x8D, 0xDE, 0x80, 0xC4, 0xB5, 0xA0, 0xD9,
    0x69, 0x00, 0xA0, 0x21, 0x28, 0x21, 0x2B, 0x08, 0xE6, 0xCB, 0xC5, 0x9B, 0x43, 0x54, 0xC2, 0x1B,
    0xC0, 0x77, 0x00, 0x00, 0x4F, 0x03, 0x04, 0x16, 0x40, 0x69, 0x80, 0x08, 0x80, 0x21, 0x00, 0x53,
    0x00, 0x51, 0x01, 0xF8, 0x05, 0x80, 0xB4, 0x00, 0x21, 0x00, 0x23, 0x00, 0x4E, 0x01, 0xA8, 0x01,
    0xBC, 0xF2, 0xFF, 0xE4, 0x7A, 0xFC, 0xBF, 0xB9, 0x62, 0x00, 0xEE, 0x02, 0x00, 0x81, 0x59, 0x16,
    0x5A, 0x73, 0x05, 0x65, 0x64, 0x87, 0x74, 0x60, 0x73, 0x0F, 0xE2, 0x18, 0xD2, 0x11, 0xD4, 0x99,
    0x73, 0x55, 0xDE, 0x8C, 0xC3, 0xC3, 0xC3, 0xF1, 0x97, 0x09, 0x32, 0x3C, 0x3C, 0x3C, 0x8D, 0x61,
    0x30, 0x80, 0x93, 0x13, 0xB8, 0x6C, 0x9F, 0x4F, 0x9A, 0xE3, 0x14, 0xE7, 0x77, 0x09, 0xFF, 0xED,
    0x18, 0x3E, 0x7C, 0x55, 0x3F, 0x7A, 0x31, 0xD0, 0x17, 0x77, 0x02, 0xE0, 0xB9, 0x6F, 0x85, 0x67,
    0xB2, 0x96, 0xE5, 0xA8, 0x1E, 0x9C, 0x00, 0x47, 0x41, 0xAD, 0x6C, 0x48, 0xA8, 0x95, 0x95, 0x36,
    0x28, 0xFC, 0x22, 0xB4, 0x39, 0x63, 0x00, 0x50, 0xAE, 0x61, 0x6A, 0xA7, 0x92, 0x27, 0x68, 0xBF,
    0x8D, 0x69, 0xBF, 0x8C, 0x69, 0x35, 0xFD, 0x45, 0x73, 0x08, 0x4A, 0xAF, 0xE2, 0x9A, 0x2E, 0xF7,
    0xCC, 0xB3, 0xCD, 0x41, 0x1C, 0x80, 0x5C, 0x3C, 0xDB, 0xC0, 0x55, 0x5B, 0x61, 0xAD, 0x53, 0xA3,
    0x48, 0x59, 0x41, 0x4C, 0xC1, 0x9F, 0x11, 0xDE, 0x9F, 0x5E, 0x27, 0x7F, 0xFA, 0xD7, 0x3C, 0xF9,
    0xF3, 0x07, 0xF3, 0xE8, 0xFB, 0x66, 0xD6, 0x91, 0x74, 0x01, 0xB6, 0xC8, 0x74, 0x46, 0x8E, 0x33,
    0x79, 0x71, 0x9B, 0xE6, 0x00, 0xC6, 0x6D, 0x75, 0x34, 0xA3, 0x3E, 0xC3, 0x5B, 0x56, 0x47, 0x05,
    0xE5, 0x18, 0x74, 0xF3, 0xEC, 0x50, 0x2F, 0x53, 0xB1, 0x9D, 0xEC, 0xD7, 0xA5, 0xE2, 0x56, 0x63,
    0x42, 0xD3, 0x96, 0x9B, 0x9E, 0xDC, 0xFB, 0xB2, 0x27, 0xA7, 0x8A, 0xA3, 0x9B, 0x40, 0x5E, 0xB9,
    0x4A, 0x94, 0x6D, 0x37, 0x11, 0x06, 0xC6, 0x88, 0xF3, 0x0A, 0xE5, 0x6C, 0x95, 0xB8, 0xBF, 0x94,
    0x69, 0xD4, 0xBC, 0x44, 0xB2, 0x80, 0xAB, 0x2E, 0x34, 0x02, 0x63, 0xF0, 0xEB, 0xD5, 0xA8, 0x00,
    0x8D, 0xB7, 0xD0, 0xBB, 0xCA, 0x7D, 0x5A, 0x8F, 0x1E, 0xBA, 0x72, 0xDF, 0x73, 0x9A, 0x0E, 0x10,
    0x69, 0x48, 0x56, 0x63, 0x1D, 0x78, 0x5F, 0x6F, 0x07, 0xAE, 0x3E, 0x55, 0xEF, 0xB8, 0x7A, 0xCF,
    0x73, 0x05, 0x6C, 0xC1, 0x18, 0xE4, 0x82, 0xC6, 0xCF, 0x3F, 0x96, 0x7E, 0xC6, 0xDE, 0x1C, 0xC0,
    0xD7, 0xE7, 0x6A, 0x52, 0x67, 0x6D, 0x33, 0xA8, 0x77, 0x3C, 0xDB, 0xF1, 0x00, 0x40, 0x58, 0x59,
    0x45, 0x33, 0x59, 0x28, 0xAB, 0x6C, 0x68, 0x42, 0x9D, 0xD5, 0xBE, 0xB3, 0xE1, 0x7C, 0xB5, 0xFC,
    0x74, 0xCC, 0x21, 0x6B, 0xAF, 0xA5, 0x00, 0xF4, 0x52, 0xD8, 0x5C, 0x2E, 0x1B, 0xF1, 0x25, 0x3D,
    0xD8, 0xD8, 0xBC, 0x84, 0x55, 0xEB, 0xC4, 0x33, 0xAD, 0xF0, 0x1C, 0xB0, 0x4B, 0x77, 0x07, 0x48,
    0x3B, 0x69, 0x07, 0xE8, 0xF6, 0xD2, 0x2E, 0xD0, 0xE9, 0xA5, 0x31, 0xD0, 0xEB, 0xA5, 0xBB, 0xC0,
    0x76, 0x6F, 0xC5, 0xB9, 0xBB, 0xB4, 0xDC, 0xA6, 0x5D, 0xF6, 0x41, 0xE8, 0x46, 0x9E, 0x70, 0x8A,
    0x1F, 0xF0, 0xBA, 0x66, 0xE5, 0x2F, 0x85, 0xBB, 0x2C, 0x17, 0x9E, 0x2E, 0x5F, 0x0D, 0x17, 0x0A,
    0xE6, 0x44, 0xA5, 0x3F, 0x93, 0xD3, 0xCC, 0xD4, 0x18, 0xB8, 0x90, 0x65, 0x64, 0x62, 0xDA, 0x2B,
    0xD1, 0x4A, 0x0B, 0x38, 0x26, 0x68, 0xBF, 0x68, 0x35, 0x62, 0x9A, 0x12, 0x8F, 0xAF, 0x37, 0xBD,
    0x19, 0x8D, 0x88, 0x29, 0x00, 0x70, 0xE7, 0x16, 0x51, 0x86, 0x9C, 0xE1, 0x57, 0xA8, 0x19, 0x49,
    0xC4, 0x73, 0xEB, 0x20, 0x20, 0x44, 0x38, 0x92, 0x9A, 0xA4, 0xA0, 0x75, 0x95, 0x41, 0x40, 0x17,
    0x86, 0x10, 0x7D, 0x4C, 0xE0, 0x10, 0x8E, 0xF0, 0x33, 0x12, 0xCD, 0x3E, 0x68, 0x60, 0x8A, 0xD2,
    0xF9, 0x79, 0x68, 0xE4, 0x2C, 0xB2, 0xFE, 0x2C, 0x29, 0xA2, 0x8F, 0xDF, 0xAD, 0xE6, 0x54, 0xF5,
    0x85, 0x28, 0x4F, 0xD7, 0x50, 0x56, 0x96, 0xA2, 0x12, 0x95, 0xD7, 0x14, 0x69, 0xC2, 0x26, 0xEB,
    0x64, 0x3A, 0x37, 0xB9, 0xC9, 0x00, 0xA0, 0x93, 0xB2, 0x77, 0x42, 0xF4, 0xBA, 0xF5, 0x5C, 0x91,
    0x4F, 0x19, 0x7C, 0xA4, 0xC5, 0x87, 0xD6, 0xFB, 0x00, 0x40, 0x8C, 0x0F, 0x08, 0x17, 0x4E, 0x8F,
    0x1E, 0x7E, 0x68, 0x53, 0xE5, 0x95, 0xA9, 0x12, 0x65, 0xAC, 0xEE, 0x17, 0x89, 0x73, 0x56, 0xD6,
    0x0B, 0x3A, 0xF4, 0x88, 0x49, 0xE6, 0xD9, 0x8C, 0x98, 0x94, 0x07, 0xAC, 0x30, 0x00, 0x20, 0xD0,
    0x3D, 0x00, 0x7A, 0x28, 0x03, 0x88, 0x1A, 0xFF, 0x33, 0xE0, 0x61, 0x01, 0xF9, 0xE7, 0x93, 0x7C,
    0x01, 0xC8, 0x55, 0xBD, 0x72, 0x7B, 0xF2, 0x26, 0x4F, 0x11, 0x03, 0xE0, 0x9B, 0x10, 0x80, 0x10,
    0x69, 0x01, 0x1E, 0xE3, 0xCD, 0x81, 0xB0, 0x84, 0x6C, 0x31, 0x79, 0xC7, 0x69, 0x08, 0x9C, 0x73,
    0x1F, 0x03, 0x3C, 0x3F, 0x79, 0x6B, 0x55, 0x2E, 0x6E, 0xB6, 0x9C, 0x9B, 0xAE, 0xDF, 0x60, 0xFC,
    0xCC, 0xCE, 0x01, 0xCF, 0xFF, 0x1A, 0xE0, 0x81, 0xE7, 0xDC, 0x67, 0x20, 0x4A, 0xF5, 0x79, 0xDE,
    0x28, 0x2F, 0xD8, 0x3E, 0x3C, 0x6C, 0xAC, 0x48, 0x69, 0x95, 0x9A, 0x2E, 0x4F, 0xB0, 0x75, 0x00,
    0x2C, 0x1F, 0x4F, 0x57, 0x31, 0x3B, 0x03, 0xD9, 0x5F, 0xE1, 0x85, 0x1A, 0xAF, 0x06, 0x38, 0x43,
    0x1A, 0x00, 0x45, 0x6F, 0x15, 0x7B, 0x17, 0x00, 0xA1, 0x79, 0x0A, 0xBB, 0xFC, 0x57, 0x54, 0xCB,
    0x68, 0xA6, 0x59, 0x3B, 0x57, 0x00, 0xBE, 0x05, 0xF0, 0x58, 0xE1, 0x80, 0xE0, 0x37, 0xE6, 0x56,
    0xA0, 0xE3, 0x80, 0x81, 0xE4, 0x64, 0x83, 0x93, 0x1E, 0x83, 0xDF, 0xD2, 0x74, 0x16, 0xC6, 0xF2,
    0xB5, 0xBD, 0x9D, 0xC1, 0xDE, 0x1F, 0xCB, 0x9A, 0x4B, 0xD2, 0xDD, 0xB0, 0x58, 0x43, 0x01, 0x9B,
    0x9C, 0xB2, 0xC7, 0x80, 0x7D, 0x1E, 0x71, 0xC9, 0x1F, 0x38, 0x63, 0x49, 0xC2, 0x8E, 0x6F, 0x62,
    0xDF, 0xA6, 0xBE, 0x39, 0x09, 0xF4, 0x89, 0x64, 0x70, 0x07, 0x59, 0xB2, 0x09, 0x7D, 0xDF, 0xDC,
    0xF2, 0xF5, 0x9D, 0x80, 0xBD, 0x66, 0x53, 0xB1, 0xDF, 0x6F, 0xF9, 0xFB, 0xD2, 0x70, 0x20, 0x7F,
    0xB8, 0xB7, 0x31, 0xE0, 0x72, 0x79, 0xA5, 0x9B, 0x61, 0xC1, 0x8D, 0x73, 0x44, 0x81, 0xB0, 0xBC,
    0x6C, 0xBF, 0x29, 0xAA, 0xDB, 0x9A, 0xA0, 0x11, 0x90, 0x1D, 0x36, 0x7E, 0xA7, 0xD5, 0x7D, 0xBD,
    0xF3, 0x05, 0xF3, 0x06, 0xFB, 0x1B, 0x3C, 0xDA, 0xE0, 0x81, 0x34, 0x6B, 0x6B, 0x42, 0x87, 0x3F,
    0xF9, 0x65, 0x29, 0x7F, 0x51, 0x5E, 0x2A, 0xDF, 0x96, 0x8D, 0xFB, 0xE2, 0x4E, 0x20, 0xEC, 0x9E,
    0xF4, 0xEC, 0x40, 0x79, 0x76, 0xFF, 0x26, 0xF5, 0xE6, 0x66, 0xFF, 0xF7, 0x1B, 0xDF, 0x7B, 0x91,
    0x3D, 0xE2, 0xD5, 0xBB, 0x80, 0x8F, 0xD4, 0xD1, 0xF9, 0x2D, 0xEE, 0xAC, 0xDE, 0x6F, 0x40, 0xA4,
    0x37, 0x45, 0xC3, 0x6E, 0x6E, 0x79, 0x66, 0xC3, 0xD3, 0x1B, 0x8D, 0xC1, 0x3A, 0xC1, 0x36, 0xC1,
    0x05, 0xBE, 0x41, 0xE8, 0xAE, 0x67, 0x0B, 0xFE, 0xAE, 0x79, 0x17, 0x06, 0xCB, 0x8C, 0xF9, 0x15,
    0x52, 0x71, 0x37, 0x30, 0xFF, 0x05, 0xBD, 0x99, 0x01, 0x84, 0x2D, 0x59, 0x7A, 0xC7, 0x7F, 0x55,
    0xA7, 0xFB, 0x55, 0x76, 0x8B, 0x3D, 0x8D, 0x99, 0x98, 0x99, 0x4D, 0xBA, 0x60, 0x43, 0x76, 0x6C,
    0x77, 0xC1, 0x62, 0x48, 0x77, 0x9F, 0x33, 0x06, 0x8B, 0x90, 0x7D, 0x98, 0x17, 0x64, 0xC9, 0x0C,
    0x36, 0xC8, 0x10, 0x6F, 0x30, 0xCB, 0x88, 0xEE, 0xAE, 0xB3, 0x1B, 0x02, 0x90, 0x27, 0x09, 0x0B,
    0xC2, 0x60, 0xC3, 0x4C, 0x87, 0xCC, 0xE2, 0xE1, 0xE1, 0xF5, 0xAB, 0x33, 0x59, 0x04, 0xA0, 0x16,
    0x16, 0x60, 0xCF, 0x66, 0x26, 0x90, 0xC1, 0x3B, 0xD9, 0xD4, 0x52, 0xEF, 0x4D, 0xDD, 0x3A, 0xB9,
    0x9F, 0xBA, 0xB7, 0xFB, 0xBA, 0x79, 0x93, 0x49, 0xA4, 0x37, 0xFF, 0x39, 0xE7, 0x5F, 0xE7, 0xD6,
    0xF9, 0xCE, 0xFF, 0x7C, 0xDF, 0xF7, 0xB5, 0xA9, 0x3A, 0xF5, 0x6E, 0xC7, 0xFF, 0x06, 0xCF, 0x65,
    0xF6, 0xA0, 0x70, 0xE5, 0x1F, 0x93, 0x0F, 0x64, 0x3D, 0xC5, 0x82, 0xFD, 0xCF, 0xEC, 0x2B, 0xBF,
    0xF4, 0x44, 0x6E, 0xA0, 0xDD, 0x86, 0xFB, 0x70, 0xC0, 0x5B, 0x1F, 0xDA, 0x94, 0x5C, 0xDC, 0x27,
    0xBE, 0x4B, 0x7C, 0xEF, 0x06, 0x84, 0xDF, 0x83, 0xCC, 0x52, 0x38, 0xF6, 0xE1, 0xFC, 0xC2, 0xB6,
    0xC9, 0x1F, 0x28, 0x5F, 0xBE, 0xE6, 0xF3, 0xBF, 0xF0, 0xA8, 0xFF, 0x7B, 0x73, 0x2F, 0x5F, 0xBC,
    0x6F, 0xD2, 0xD0, 0xA4, 0x1E, 0xD8, 0x1C, 0x9B, 0x94, 0x96, 0x43, 0xA1, 0xE7, 0xEF, 0xDC, 0xB9,
    0x73, 0x1B, 0x58, 0xDD, 0x4C, 0x34, 0xC2, 0x6C, 0xC3, 0xA4, 0x15, 0xC6, 0x66, 0x3D, 0x1A, 0x80,
    0xFF, 0xA5, 0xDD, 0xD7, 0xB2, 0x7B, 0xA7, 0x79, 0xF8, 0xFF, 0x6C, 0x08, 0xAA, 0x94, 0x52, 0x57,
    0x2F, 0xC9, 0xB3, 0x82, 0x64, 0xE3, 0xE2, 0xC2, 0x8A, 0x8F, 0xF6, 0xAD, 0xE5, 0x08, 0x76, 0x79,
    0xA4, 0x82, 0xB6, 0x15, 0x06, 0xE3, 0x4D, 0x34, 0xB1, 0x8A, 0x99, 0xBD, 0x75, 0x4F, 0xF7, 0xD5,
    0xA8, 0x47, 0x35, 0x32, 0x10, 0xF3, 0xAE, 0x72, 0x03, 0x96, 0xEC, 0x93, 0x62, 0x51, 0x4C, 0x6A,
    0x62, 0xE2, 0x98, 0x23, 0xFA, 0xB2, 0x3B, 0x61, 0x8F, 0x3C, 0xE8, 0xBE, 0xEE, 0x97, 0x2B, 0x9D,
    0xDC, 0x3C, 0x40, 0x5B, 0x15, 0x79, 0x93, 0x5D, 0x5E, 0xE0, 0x51, 0x36, 0xAA, 0x50, 0x76, 0xA2,
    0x5E, 0x71, 0x8C, 0xE1, 0x0C, 0xE3, 0x5B, 0x67, 0x62, 0x1B, 0x4C, 0x6C, 0x42, 0x15, 0x4D, 0x97,
    0xD9, 0x5D, 0x6E, 0xDD, 0x2B, 0xDD, 0x52, 0x23, 0x56, 0xA3, 0xE9, 0xF5, 0x58, 0xF7, 0x6A, 0x2C,
    0x7A, 0x86, 0x3C, 0x12, 0xF3, 0x90, 0x77, 0x85, 0xAF, 0xDC, 0x5D, 0x86, 0x4C, 0x3C, 0x10, 0x1F,
    0xF2, 0x50, 0x2C, 0xF4, 0x50, 0x4C, 0x4B, 0xEF, 0xA6, 0x72, 0x64, 0xCA, 0x47, 0x8E, 0x79, 0xC8,
    0x11, 0xF7, 0xE9, 0xB3, 0x58, 0x76, 0x5F, 0xF5, 0x27, 0x9C, 0xB1, 0x07, 0xE4, 0x41, 0xE2, 0xA8,
    0xA3, 0x78, 0x27, 0x7B, 0x1A, 0xD7, 0xDA, 0xD9, 0xF4, 0x01, 0x07, 0x4B, 0xD6, 0xF6, 0x10, 0xB5,
    0x5C, 0xC1, 0x9B, 0x38, 0x78, 0x19, 0x68, 0x80, 0x47, 0xC0, 0x43, 0x60, 0x04, 0x06, 0x20, 0x22,
    0x7D, 0x87, 0xB0, 0x5B, 0x4F, 0x69, 0x32, 0xE9, 0xF1, 0xE2, 0x77, 0x94, 0x7F, 0x81, 0xB2, 0x03,
    0xDD, 0x41, 0xDD, 0x81, 0x91, 0xEE, 0xC1, 0x38, 0x30, 0xCC, 0xFD, 0x1C, 0x38, 0x5B, 0x49, 0x3D,
    0x00, 0xFA, 0x2B, 0x29, 0xB2, 0x00, 0x59, 0x07, 0xB9, 0x07, 0x25, 0xDD, 0x81, 0xB2, 0xAC, 0xF1,
    0x3E, 0x90, 0x8D, 0x40, 0xDE, 0x0B, 0x45, 0xA1, 0x00, 0xA8, 0x0E, 0xF6, 0x94, 0xDF, 0xC1, 0x7C,
    0xFA, 0xE9, 0x48, 0x93, 0xD2, 0xC0, 0x9F, 0x94, 0xAF, 0x7E, 0x17, 0xB4, 0x03, 0x6A, 0x21, 0xE3,
    0x85, 0x2C, 0x70, 0x00, 0xF0, 0x0D, 0x80, 0xDF, 0x05, 0xF8, 0x26, 0xC0, 0x3B, 0x00, 0x03, 0xA0,
    0xC6, 0x2B, 0xEA, 0x85, 0x02, 0x98, 0xBF, 0xFE, 0xD9, 0x25, 0x26, 0xA5, 0x91, 0x93, 0x1F, 0xFE,
    0xE5, 0x43, 0x28, 0x1C, 0x50, 0x0A, 0x69, 0x0B, 0x54, 0x42, 0xE6, 0x8A, 0x04, 0xF9, 0x13, 0xEA,
    0xE4, 0x9A, 0xD4, 0xB5, 0x29, 0xA6, 0x75, 0x5B, 0x8E, 0x9B, 0x14, 0x4C, 0xF2, 0xE5, 0x04, 0xB0,
    0xDE, 0x5A, 0x16, 0x99, 0x1E, 0x4C, 0xB2, 0xCB, 0xDE, 0xCB, 0x46, 0xCB, 0x3E, 0x2C, 0xBB, 0xC3,
    0x0C, 0x73, 0xE2, 0x5E, 0x61, 0x46, 0x4D, 0xEB, 0x93, 0x5F, 0x2A, 0x23, 0x63, 0x86, 0xD6, 0xAB,
    0x45, 0xF2, 0x6A, 0x4A, 0x4E, 0x2D, 0x1A, 0xF2, 0x91, 0xD9, 0x9D, 0x53, 0xF2, 0x60, 0xBA, 0x2C,
    0x51, 0x8E, 0x4D, 0x97, 0x27, 0xF4, 0xFA, 0x62, 0x5C, 0xB6, 0xA0, 0xE8, 0x77, 0x60, 0x0F, 0x6C,
    0x69, 0x8D, 0x6F, 0x7C, 0xEB, 0x8D, 0xDD, 0xE1, 0xAD, 0x0B, 0x97, 0x92, 0x8F, 0x70, 0x53, 0xED,
    0xC7, 0x70, 0x71, 0x61, 0x53, 0xF2, 0xA8, 0x1B, 0x6C, 0x92, 0xD3, 0x67, 0xB6, 0x1B, 0x71, 0x7A,
    0xA9, 0xF3, 0xE7, 0x17, 0xEE, 0x6D, 0xB8, 0x6A, 0xDF, 0xBB, 0x63, 0x6F, 0x50, 0xFC, 0xE5, 0x8B,
    0x0E, 0xAE, 0xDB, 0xF3, 0x77, 0x6E, 0xCC, 0xF3, 0x4D, 0x50, 0x0D, 0xA0, 0x3A, 0x04, 0x4C, 0x0D,
    0x68, 0x8F, 0x40, 0x45, 0xED, 0xA8, 0x11, 0x50, 0x76, 0xDA, 0x73, 0x0C, 0x20, 0xD3, 0xBA, 0x63,
    0x40, 0x40, 0x6D, 0x75, 0x97, 0xAF, 0xE4, 0x0C, 0xBA, 0x2B, 0xBA, 0xAB, 0xB1, 0xD7, 0x0E, 0x01,
    0xE7, 0x68, 0x5F, 0xB3, 0x1E, 0x57, 0xFE, 0x8C, 0x19, 0x97, 0xD4, 0x76, 0xE0, 0x36, 0x64, 0x70,
    0x86, 0x51, 0xB1, 0x9A, 0xA0, 0xED, 0x39, 0xE7, 0xB2, 0xF4, 0xE7, 0x6F, 0x78, 0xD5, 0x5F, 0x62,
    0x18, 0xAB, 0x57, 0x07, 0xD9, 0xDD, 0x50, 0x7F, 0x2B, 0x9E, 0xA8, 0x58, 0x84, 0xDA, 0x1A, 0xCA,
    0xE4, 0x1E, 0x96, 0x9D, 0x8A, 0x86, 0xDA, 0xF2, 0x7A, 0xD6, 0x6B, 0xAF, 0xE2, 0xB9, 0x8C, 0x51,
    0xA1, 0x72, 0x45, 0x1C, 0x65, 0x4C, 0xE9, 0x6B, 0x5B, 0x84, 0x11, 0x63, 0xA1, 0x92, 0x55, 0xBF,
    0x18, 0x31, 0xC0, 0x89, 0xF8, 0xF7, 0xD3, 0x81, 0x06, 0x18, 0x65, 0xFC, 0xD1, 0xC0, 0x25, 0xE4,
    0x11, 0x43, 0xFD, 0xFD, 0x81, 0x11, 0x8A, 0x8E, 0x1A, 0xC3, 0x90, 0x0D, 0x12, 0x30, 0x95, 0xBD,
    0x64, 0x54, 0x11, 0x6A, 0xD0, 0x3F, 0xEB, 0x59, 0xBA, 0x07, 0x67, 0x90, 0x27, 0x8F, 0xB8, 0x2D,
    0xE0, 0x39, 0xC0, 0x02, 0x7C, 0x4E, 0x7A, 0xB7, 0x33, 0xBC, 0x9D, 0xE4, 0xCD, 0x3C, 0x6F, 0xA7,
    0x7A, 0x3B, 0xDB, 0xDB, 0x09, 0xDF, 0xCC, 0xF9, 0x76, 0xDA, 0xB7, 0x33, 0xBF, 0x9D, 0x7C, 0x9E,
    0xDB, 0xCC, 0x3F, 0x2A, 0xF9, 0xCD, 0x12, 0x54, 0x3F, 0x8C, 0x9B, 0x55, 0x38, 0xCF, 0xFA, 0xCD,
    0x42, 0x8C, 0x8C, 0x1B, 0xB5, 0x78, 0xB5, 0x67, 0xDC, 0x28, 0xC7, 0x6B, 0x91, 0x71, 0xA3, 0x22,
    0xF2, 0x73, 0xA3, 0x28, 0xBF, 0x1F, 0xB2, 0x71, 0xA3, 0x2E, 0x65, 0x97, 0x0F, 0x1B, 0xA5, 0x59,
    0x4A, 0xF4, 0x1B, 0xD5, 0x11, 0xC5, 0x8D, 0x02, 0x69, 0x5F, 0x84, 0x8D, 0x1A, 0x95, 0x5E, 0xFB,
    0x8D, 0x32, 0x15, 0x5D, 0x6D, 0x37, 0x2A, 0xA5, 0x7E, 0x75, 0xB9, 0x59, 0x2C, 0x89, 0x71, 0xB3,
    0x5E, 0xBB, 0x90, 0x8F, 0x6A, 0x28, 0x62, 0x19, 0x24, 0x81, 0x95, 0x3C, 0xCF, 0x90, 0x7B, 0x65,
    0x54, 0x83, 0x0E, 0x45, 0xAC, 0x7C, 0x19, 0x6A, 0x27, 0xC1, 0x6B, 0x77, 0x42, 0xC5, 0x29, 0x07,
    0x3C, 0xE0, 0x88, 0x08, 0x2B, 0xBB, 0xDA, 0x8B, 0xA5, 0x71, 0x62, 0x6B, 0x10, 0x6B, 0xC9, 0xBE,
    0xE1, 0xA1, 0xAC, 0x60, 0x90, 0x35, 0x59, 0x94, 0x55, 0x79, 0x90, 0x75, 0xCA, 0x33, 0xA3, 0x76,
    0xB5, 0xAF, 0xBC, 0xF6, 0xE5, 0xB2, 0x8E, 0xAA, 0xCB, 0x43, 0x16, 0xE4, 0x5E, 0x4B, 0xED, 0x5B,
    0x2A, 0xDF, 0xA0, 0x45, 0x6D, 0x19, 0x4C, 0xD1, 0x69, 0xAB, 0x96, 0x3D, 0x0F, 0xA5, 0xCB, 0x82,
    0x72, 0x80, 0xD8, 0xE5, 0x63, 0xED, 0x97, 0x24, 0x96, 0xA3, 0x98, 0x2E, 0xC4, 0xF6, 0x52, 0x8C,
    0x8F, 0xC5, 0xFA, 0x44, 0xCC, 0x0F, 0xC5, 0xFE, 0x2B, 0x08, 0x78, 0x01, 0x8E, 0xA1, 0x81, 0x64,
    0xB3, 0xCF, 0xBC, 0xFA, 0xB8, 0x2B, 0xFE, 0x29, 0x96, 0x2E, 0x6A, 0x1E, 0x1C, 0x72, 0x74, 0xC4,
    0x21, 0x58, 0x94, 0x64, 0x91, 0x73, 0xB2, 0x91, 0x32, 0x52, 0x77, 0x34, 0x8E, 0xD6, 0x62, 0x1C,
    0x95, 0xA7, 0xEC, 0x50, 0x81, 0x2C, 0xC2, 0x7D, 0x04, 0x3D, 0x9C, 0xC2, 0x09, 0xD4, 0x56, 0xA6,
    0x75, 0x90, 0x35, 0x3A, 0x62, 0x3C, 0x8F, 0xC8, 0x06, 0x31, 0xD6, 0x96, 0x03, 0x60, 0x5E, 0xF1,
    0x1B, 0xE4, 0x0B, 0x70, 0x06, 0xB5, 0x40, 0x85, 0xCA, 0xE7, 0x0B, 0xB4, 0x2F, 0x22, 0xF7, 0x31,
    0xB2, 0x21, 0x8C, 0xD0, 0x80, 0x8A, 0x50, 0x39, 0xB4, 0x87, 0x22, 0x60, 0x40, 0xB4, 0x46, 0x80,
    0x73, 0x99, 0x7A, 0x91, 0xEA, 0xAF, 0x7C, 0x7E, 0xAF, 0xB1, 0x45, 0xA2, 0x8C, 0xAD, 0xCB, 0x46,
    0x74, 0xDF, 0x5A, 0x95, 0xD0, 0xFD, 0x21, 0xFA, 0xE7, 0x5E, 0x05, 0x30, 0x45, 0x04, 0x18, 0x45,
    0x56, 0x04, 0x1B, 0x10, 0xC1, 0xCA, 0x83, 0x01, 0x99, 0x1C, 0x21, 0x1B, 0x65, 0xEA, 0xBB, 0x48,
    0xA6, 0xF3, 0x91, 0xCA, 0x8B, 0x67, 0x14, 0xE1, 0xB7, 0xC4, 0xCF, 0xCC, 0x03, 0x03, 0x40, 0x15,
    0xB4, 0xA4, 0x42, 0x02, 0xF3, 0x55, 0x10, 0xEA, 0x30, 0xAE, 0xF6, 0x34, 0xD6, 0x2C, 0x09, 0xE3,
    0x68, 0x31, 0x96, 0x09, 0x03, 0x0B, 0x1A, 0x18, 0x79, 0x24, 0x74, 0x49, 0xD6, 0x33, 0x92, 0x47,
    0x06, 0xA1, 0x1E, 0x15, 0xB2, 0x88, 0xEA, 0x84, 0x7C, 0x1E, 0x28, 0xBC, 0xEA, 0xC8, 0x6C, 0x66,
    0xB9, 0x46, 0x65, 0x4B, 0x47, 0xE3, 0x4D, 0x47, 0xEB, 0x4D, 0x10, 0xEA, 0x64, 0x1F, 0xC7, 0x0E,
    0x3B, 0xCC, 0x68, 0x92, 0x2D, 0x52, 0x1B, 0xAB, 0x50, 0x0C, 0x66, 0xE9, 0xB7, 0xB1, 0x2C, 0x0C,
    0x4C, 0xFB, 0xB5, 0x9F, 0xA8, 0x3F, 0x5A, 0x60, 0x7E, 0x30, 0x62, 0x5E, 0x1B, 0x30, 0x3A, 0x72,
    0x2E, 0x1E, 0xAE, 0xFE, 0xE8, 0x27, 0x0B, 0x03, 0xD0, 0x5F, 0xBF, 0x3B, 0x71, 0x9B, 0x2B, 0x14,
    0x1E, 0xAA, 0x08, 0x46, 0x7A, 0x80, 0xCA, 0x43, 0x36, 0xBF, 0xE6, 0xCA, 0x6B, 0x7F, 0x4A, 0x83,
    0x8C, 0xDE, 0x63, 0x85, 0x57, 0x10, 0x14, 0xF6, 0x00, 0xC1, 0x01, 0xDA, 0x81, 0xC4, 0xAB, 0x9E,
    0x00, 0x77, 0x3B, 0x68, 0x9F, 0x5E, 0xB4, 0x13, 0x50, 0xA6, 0x94, 0x02, 0xC0, 0x4B, 0x17, 0x7F,
    0x8B, 0x80, 0xF9, 0xB4, 0x90, 0xB5, 0x29, 0x7D, 0x02, 0x54, 0x69, 0x09, 0x0B, 0xE9, 0x1E, 0xDC,
    0x0D, 0x14, 0x61, 0x2E, 0x78, 0x85, 0xE0, 0x70, 0xB5, 0x4F, 0xC9, 0x1E, 0x82, 0x0C, 0x60, 0x1F,
    0xE0, 0x18, 0xE0, 0x21, 0xC0, 0xD5, 0xBB, 0x9D, 0xEA, 0x80, 0xD2, 0x03, 0xDA, 0x02, 0xF5, 0xE7,
    0x99, 0x09, 0x95, 0x03, 0xA0, 0x47, 0xA0, 0x3E, 0x11, 0xB3, 0x4A, 0xCC, 0x24, 0x86, 0xBE, 0xF0,
    0xE4, 0x51, 0x05, 0xA4, 0x4E, 0xA2, 0x36, 0x88, 0xDA, 0x29, 0x35, 0x9C, 0x88, 0x5A, 0x25, 0x6A,
    0x62, 0x08, 0x5F, 0x63, 0x05, 0x83, 0x00, 0xE5, 0x8E, 0x11, 0x50, 0x86, 0xD3, 0xD5, 0x60, 0x78,
    0x37, 0x43, 0xC0, 0xA3, 0x77, 0xEE, 0x5A, 0x04, 0xFA, 0xB3, 0xE4, 0x00, 0xB2, 0xEF, 0xA4, 0x7F,
    0xB3, 0x00, 0x26, 0x2D, 0x10, 0x50, 0xFF, 0xEB, 0xE3, 0x0E, 0xC1, 0x8B, 0xF9, 0x4F, 0x56, 0xB7,
    0x94, 0x4F, 0xEB, 0xE2, 0x1C, 0x21, 0x40, 0xFB, 0x1D, 0x04, 0xF6, 0x96, 0x47, 0x46, 0x8C, 0xC8,
    0x4D, 0xBE, 0xCC, 0x00, 0xEF, 0x69, 0x47, 0xE5, 0x22, 0xD9, 0xA0, 0xA1, 0x0E, 0x91, 0x7C, 0xD2,
    0x50, 0x3C, 0xE9, 0x1E, 0xD1, 0xFC, 0x5D, 0x19, 0x68, 0x1E, 0x27, 0x8A, 0x29, 0x45, 0xDE, 0x48,
    0x13, 0xBB, 0x29, 0x85, 0x94, 0x7A, 0xB4, 0x64, 0xBF, 0xFD, 0xB8, 0xA5, 0x9C, 0x7E, 0x2F, 0xF2,
    0x6E, 0xF1, 0xED, 0x50, 0xB8, 0x77, 0x26, 0xD0, 0xAF, 0x8D, 0xD0, 0x1B, 0x8F, 0xB6, 0x3D, 0xF4,
    0xDA, 0x52, 0xDB, 0x3D, 0xF2, 0x3E, 0x83, 0x7A, 0x4E, 0xE5, 0x35, 0x76, 0xEF, 0xDC, 0xA9, 0xD2,
    0x54, 0xA7, 0x85, 0x49, 0xA3, 0xB4, 0x34, 0xBC, 0x75, 0xF1, 0x23, 0x80, 0xBC, 0x63, 0x5D, 0x13,
    0x2A, 0x0B, 0x70, 0xC2, 0x55, 0x45, 0xB2, 0xC8, 0xBA, 0x6A, 0x12, 0x02, 0x50, 0x73, 0x55, 0x33,
    0x06, 0xAE, 0x76, 0x29, 0x66, 0x13, 0x77, 0x6D, 0x72, 0x8A, 0xA0, 0x07, 0x50, 0xE1, 0x8B, 0xB7,
    0x08, 0xCF, 0xDE, 0x82, 0xEC, 0xE2, 0x03, 0x54, 0x5A, 0xA0, 0x26, 0x28, 0x06, 0x28, 0x23, 0x68,
    0xE9, 0x01, 0x74, 0x07, 0x55, 0x07, 0xB5, 0xBF, 0x3E, 0x92, 0x34, 0x16, 0x1A, 0xA0, 0x05, 0x92,
    0xF4, 0x0B, 0xB2, 0x34, 0x91, 0x8F, 0xA0, 0xA4, 0x0F, 0xA0, 0x7A, 0x28, 0xFA, 0x4D, 0xA9, 0x59,
    0xA6, 0xF2, 0x2B, 0x29, 0xB7, 0x92, 0xF2, 0xD0, 0x26, 0x27, 0xFD, 0xDA, 0x0F, 0x0A, 0x51, 0xD9,
    0x50, 0x2B, 0x44, 0x2D, 0x6E, 0xA9, 0x6D, 0x39, 0x65, 0x2C, 0x6F, 0x25, 0x4B, 0x4A, 0x80, 0xF4,
    0x09, 0xB2, 0x05, 0x64, 0x23, 0xE4, 0x5B, 0x52, 0xE5, 0x5A, 0x2A, 0x5C, 0x4B, 0x35, 0x9E, 0x26,
    0x79, 0xF1, 0x83, 0x6B, 0x34, 0x93, 0xA5, 0x4C, 0x9F, 0x50, 0xA4, 0x36, 0xD0, 0x7C, 0x36, 0x21,
    0xFF, 0xB7, 0xC9, 0x26, 0x5A, 0x67, 0xBC, 0x3C, 0x2E, 0xA9, 0xBD, 0xB1, 0x2C, 0x54, 0xA4, 0xEA,
    0x0C, 0x4C, 0x2A, 0xA2, 0xBB, 0x7D, 0x98, 0xB2, 0x20, 0xA2, 0xE2, 0x00, 0x32, 0x10, 0x0F, 0xC0,
    0xF8, 0xD9, 0x05, 0x1A, 0x37, 0x87, 0x41, 0x42, 0x36, 0x9E, 0xE3, 0xCD, 0x27, 0xA0, 0x0E, 0xD2,
    0x57, 0x3F, 0xA4, 0x8B, 0x7B, 0xF4, 0x80, 0x06, 0x88, 0x40, 0xB5, 0xAE, 0xE7, 0x21, 0x90, 0x07,
    0xE0, 0x00, 0xC8, 0x2C, 0xF0, 0x1C, 0xCF, 0x42, 0xE1, 0x80, 0x07, 0x40, 0x15, 0x57, 0xC2, 0x26,
    0x82, 0x4A, 0x80, 0x09, 0x48, 0xD1, 0xA1, 0xF2, 0x2B, 0x1F, 0x33, 0x80, 0xBD, 0xAD, 0x14, 0x34,
    0x4E, 0x12, 0x40, 0xEB, 0x24, 0x7C, 0x92, 0x95, 0xE0, 0x49, 0x48, 0xE8, 0x4C, 0x18, 0x89, 0x77,
    0xC1, 0xBE, 0x5C, 0x46, 0x24, 0x68, 0x51, 0x22, 0x1F, 0xF3, 0x01, 0x09, 0x58, 0xF5, 0x48, 0xB8,
    0x2A, 0x22, 0xC1, 0xAA, 0xD9, 0x89, 0x62, 0x0E, 0xB4, 0xE8, 0x60, 0x82, 0xD2, 0x43, 0x0F, 0xDA,
    0x41, 0x04, 0x6D, 0xC9, 0xE4, 0x32, 0x87, 0xA7, 0xE7, 0xE0, 0x76, 0x9F, 0x15, 0xD6, 0x99, 0x04,
    0x45, 0x96, 0x24, 0x24, 0x72, 0xB9, 0x04, 0xB9, 0x50, 0xF9, 0xB9, 0xF6, 0x5B, 0xB1, 0x54, 0x81,
    0xBB, 0xC9, 0x41, 0xDD, 0xE5, 0xA9, 0xED, 0xC1, 0x78, 0xDD, 0xAB, 0x91, 0xF9, 0x59, 0x36, 0x31,
    0x3F, 0xCE, 0x5A, 0x68, 0x6C, 0x65, 0x91, 0x2B, 0x25, 0xB4, 0xD2, 0x80, 0x04, 0x13, 0x08, 0xB1,
    0x60, 0xCE, 0xD6, 0x08, 0x94, 0xBD, 0x5C, 0x45, 0x93, 0xAC, 0x87, 0x2C, 0x59, 0xF2, 0x08, 0x55,
    0x8F, 0x5C, 0x69, 0x2C, 0xA8, 0x00, 0x0F, 0x01, 0xD5, 0xCD, 0x75, 0x50, 0x73, 0xB4, 0x14, 0x1E,
    0x22, 0x73, 0x78, 0xB7, 0xD9, 0x06, 0x54, 0x76, 0xAE, 0x6F, 0xE3, 0xD1, 0x3D, 0xD0, 0x7A, 0xAA,
    0xF5, 0x35, 0x22, 0xDA, 0xE8, 0x00, 0xEC, 0x40, 0xC6, 0x1A, 0x27, 0x36, 0xFB, 0x23, 0x2F, 0xCF,
    0xA9, 0x99, 0x4A, 0x21, 0xEE, 0xBC, 0xAE, 0xAF, 0x4F, 0xDE, 0x00, 0x35, 0x80, 0x41, 0xEC, 0x01,
    0x8E, 0x01, 0x4E, 0x61, 0xF6, 0x93, 0x61, 0x4D, 0x59, 0x2F, 0x14, 0xAF, 0x1E, 0x19, 0x61, 0x15,
    0x05, 0xC5, 0xF5, 0x33, 0x46, 0xE8, 0x59, 0xEA, 0x2F, 0xC3, 0xF2, 0x83, 0xD0, 0xDF, 0x5B, 0xDA,
    0x94, 0x52, 0x4F, 0xF1, 0xE4, 0x6E, 0x1A, 0xC9, 0x62, 0x95, 0x26, 0x58, 0x72, 0x9A, 0xD9, 0x7E,
    0x0E, 0x73, 0xCD, 0xB3, 0xFD, 0x88, 0x70, 0x14, 0xFE, 0xC0, 0x0A, 0xC3, 0xAF, 0x85, 0xF3, 0x58,
    0x59, 0xF8, 0x4E, 0xAC, 0x3E, 0x81, 0x36, 0x56, 0x13, 0x6B, 0x2C, 0x3F, 0xEF, 0xBD, 0x5E, 0xA4,
    0x94, 0xA6, 0x2A, 0x3D, 0xFD, 0xB0, 0x33, 0x69, 0x69, 0xD7, 0x2C, 0x89, 0xF6, 0xF3, 0x48, 0x66,
    0x11, 0x3B, 0xA7, 0x53, 0x4A, 0x4F, 0x72, 0x59, 0x2B, 0x22, 0x48, 0x42, 0xBA, 0xE2, 0xE9, 0x87,
    0xA9, 0xCF, 0x24, 0x30, 0x96, 0xB4, 0x10, 0x9A, 0xB6, 0x69, 0x3D, 0x31, 0xE6, 0x4B, 0x1A, 0xEE,
    0xA6, 0x94, 0xA2, 0xAC, 0xB5, 0xF0, 0x3A, 0xC0, 0x39, 0x14, 0xF6, 0x21, 0xE8, 0x4E, 0xA8, 0xBF,
    0x9F, 0x93, 0x2D, 0x7E, 0xDC, 0x80, 0x24, 0x71, 0x57, 0x9E, 0xAB, 0x26, 0x8D, 0x60, 0xFE, 0xE5,
    0xE7, 0x8E, 0xAF, 0xAB, 0x7F, 0x1E, 0xA0, 0xF8, 0x68, 0x82, 0xD2, 0x9F, 0xAE, 0xAA, 0xF6, 0x65,
    0x21, 0x04, 0x7B, 0xD9, 0x42, 0x4D, 0xCB, 0xFF, 0x16, 0x0C, 0x3C, 0x03, 0x79, 0xD0, 0x43, 0x3D,
    0x98, 0x7E, 0xFE, 0x22, 0xF7, 0xDB, 0x68, 0x97, 0x47, 0xDE, 0x5C, 0x4F, 0x8A, 0x43, 0xD4, 0x29,
    0x0D, 0x64, 0x93, 0xCD, 0x5A, 0x5B, 0x04, 0x71, 0xA9, 0x72, 0x90, 0xF7, 0x27, 0x00, 0x0F, 0x1F,
    0x00, 0x9C, 0x70, 0xA3, 0xB8, 0x0F, 0x70, 0x70, 0x06, 0x70, 0x5A, 0x5B, 0xC8, 0xFA, 0xB2, 0x83,
    0x32, 0xE4, 0x0B, 0x68, 0x1D, 0xCD, 0xD3, 0x76, 0x01, 0xB7, 0x52, 0xBA, 0x07, 0xEC, 0xDE, 0x06,
    0xC8, 0x2C, 0xA0, 0x22, 0x7C, 0x43, 0xA8, 0x51, 0x1D, 0x34, 0x3F, 0xF1, 0xCF, 0x51, 0xFE, 0xC7,
    0x0F, 0x46, 0x68, 0xDB, 0x91, 0xE7, 0xDB, 0xF4, 0x7E, 0x9E, 0x52, 0x20, 0x4B, 0x7F, 0x30, 0x41,
    0xD8, 0xAF, 0x3B, 0x38, 0x2C, 0x23, 0x9C, 0xE4, 0x1D, 0x9C, 0x61, 0xE1, 0xCF, 0x58, 0x43, 0x94,
    0x19, 0xE1, 0x2B, 0x0C, 0x50, 0xBB, 0x08, 0xF5, 0x2F, 0xC2, 0x0E, 0xF9, 0x93, 0x9F, 0x3E, 0x02,
    0xF3, 0x78, 0x62, 0xF7, 0x6E, 0xFA, 0x80, 0x94, 0x7A, 0x68, 0xFF, 0xA6, 0xB5, 0xBC, 0x53, 0x7E,
    0xBB, 0x07, 0xAD, 0x46, 0xA8, 0x88, 0x60, 0xD8, 0x83, 0xAF, 0xB2, 0x42, 0xE9, 0x0F, 0xAA, 0x70,
    0x54, 0xC5, 0xD3, 0x2A, 0x3C, 0xB8, 0x65, 0x23, 0x59, 0x24, 0xEF, 0x50, 0x9E, 0xC2, 0xA3, 0x2D,
    0x1A, 0xF6, 0xE1, 0x18, 0x8E, 0xE0, 0x01, 0xF4, 0x10, 0xC9, 0x03, 0xAA, 0x93, 0xF9, 0xD2, 0xA1,
    0xA1, 0xCA, 0xEC, 0xD2, 0xD7, 0x23, 0x1D, 0x4F, 0x75, 0xBC, 0x5F, 0x06, 0x20, 0xFB, 0x11, 0xB9,
    0xD3, 0x09, 0xE5, 0xEB, 0x0F, 0xBB, 0xC2, 0x1F, 0xAB, 0xBE, 0x74, 0x47, 0x4C, 0x77, 0x39, 0xA5,
    0x9E, 0x78, 0x97, 0x5B, 0x3D, 0xF0, 0x52, 0x9A, 0x2C, 0x20, 0x7F, 0xDA, 0x0B, 0xA0, 0x79, 0x7A,
    0xE7, 0x0F, 0x93, 0x5F, 0x46, 0x01, 0x14, 0xBD, 0x48, 0x03, 0x72, 0xD8, 0x13, 0x68, 0xDE, 0x46,
    0x50, 0x40, 0xF6, 0x1E, 0x92, 0x74, 0xC8, 0xBF, 0x1F, 0xBF, 0x49, 0xD9, 0xC5, 0x4B, 0x54, 0xFC,
    0xF7, 0x11, 0xC6, 0x8F, 0x03, 0x1C, 0x3E, 0xB6, 0xFC, 0xE9, 0xB7, 0x16, 0xBF, 0xE9, 0x9A, 0x94,
    0x92, 0x6F, 0xFE, 0x61, 0x6A, 0x3D, 0x3A, 0x01, 0x67, 0x9F, 0x76, 0xE4, 0xC3, 0x2F, 0x07, 0xCA,
    0x10, 0x27, 0xD4, 0x47, 0xF1, 0x08, 0xB2, 0xB8, 0x37, 0x4B, 0xAD, 0x51, 0x7B, 0xC0, 0x74, 0x42,
    0x61, 0x3D, 0x2A, 0x2D, 0x57, 0xF8, 0x12, 0x80, 0xF1, 0x40, 0x73, 0x45, 0x46, 0x68, 0x97, 0x6D,
    0x54, 0x76, 0x5B, 0x4A, 0xE4, 0x37, 0xCE, 0xAC, 0x2D, 0xF3, 0xA9, 0x35, 0x31, 0x9F, 0x5B, 0xC7,
    0xF9, 0xE4, 0x9A, 0x0D, 0xF3, 0xD9, 0x35, 0x8F, 0xF3, 0xE9, 0x55, 0x85, 0xF9, 0xFC, 0xAA, 0xFC,
    0x7C, 0x82, 0x2D, 0xDC, 0x7C, 0x86, 0x2D, 0xD9, 0xC0, 0x0E, 0x82, 0xC6, 0x02, 0xB4, 0x1E, 0x20,
    0x09, 0xD3, 0x3A, 0x80, 0x43, 0x60, 0x13, 0x2F, 0x22, 0xBD, 0x71, 0x32, 0x2F, 0xD6, 0xC9, 0xCF,
    0x3C, 0xDF, 0x99, 0x67, 0x37, 0x31, 0x2B, 0xC8, 0xDC, 0x86, 0xB2, 0xBF, 0xDE, 0x71, 0xE7, 0xCA,
    0x8B, 0xF9, 0xE5, 0xAA, 0xF1, 0x32, 0x7F, 0xCD, 0x8D, 0xDF, 0xB7, 0x6B, 0x8D, 0xAD, 0x5C, 0x62,
    0x36, 0xD4, 0x84, 0xD7, 0x77, 0xB6, 0x13, 0x5A, 0x89, 0x02, 0xB3, 0xDA, 0xA6, 0xFE, 0xBC, 0x23,
    0x2B, 0x18, 0xDB, 0x78, 0x99, 0xA9, 0x2D, 0x5F, 0x88, 0x97, 0x10, 0x5B, 0x51, 0xB8, 0xDE, 0xAB,
    0x41, 0x90, 0xDC, 0x36, 0x9F, 0xF3, 0x3F, 0xC3, 0x09, 0x62, 0x2B, 0x6B, 0x92, 0x4D, 0x5E, 0x56,
    0xCF, 0xE3, 0x06, 0x68, 0xF8, 0x62, 0x5C, 0xE7, 0x3A, 0xD9, 0x6D, 0x1F, 0xB6, 0xD7, 0xD7, 0x4E,
    0x53, 0x5B, 0xE3, 0x35, 0xC6, 0x5F, 0xB3, 0x44, 0xA3, 0xD9, 0x05, 0x34, 0x6C, 0x71, 0x05, 0x98,
    0xB4, 0x84, 0x9F, 0xF9, 0x59, 0x36, 0xC2, 0x5F, 0x46, 0xF3, 0x25, 0xFE, 0x8B, 0xB2, 0xAF, 0xAC,
    0xEC, 0x28, 0x3B, 0x37, 0x5D, 0xD3, 0xC9, 0x6F, 0xD8, 0xAC, 0x90, 0xF1, 0x72, 0xBF, 0x76, 0x6C,
    0x66, 0x79, 0x75, 0xD7, 0xF8, 0x5D, 0xA0, 0x91, 0x8C, 0xF8, 0xE4, 0x4E, 0x10, 0x7C, 0x9D, 0xD6,
    0x49, 0x86, 0x5A, 0xBB, 0x03, 0x1B, 0xB3, 0x87, 0x6C, 0xCE, 0x36, 0xCB, 0x59, 0xF9, 0x1A, 0xFB,
    0xD4, 0x11, 0xB9, 0x6A, 0xCF, 0xFF, 0xCA, 0xDE, 0xE8, 0x77, 0xE4, 0xEE, 0x6D, 0xAE, 0xDB, 0xF7,
    0x6E, 0xEE, 0x53, 0xAF, 0x49, 0xBE, 0x4E, 0x4E, 0x27, 0xCA, 0x09, 0x35, 0x92, 0x0F, 0x10, 0x6F,
    0xAE, 0x21, 0x9C, 0xF5, 0xA2, 0x5C, 0x2C, 0xD0, 0x89, 0x3A, 0x39, 0x93, 0x6E, 0xEC, 0x9F, 0x4C,
    0xF3, 0x81, 0xF2, 0x1F, 0x39, 0x28, 0xDC, 0x91, 0xF2, 0xFA, 0x0D, 0xD4, 0x78, 0x63, 0x9E, 0x37,
    0x81, 0x97, 0x23, 0xBF, 0xA6, 0x82, 0xFE, 0x27, 0xAD, 0x95, 0x01, 0x84, 0x25, 0xC9, 0x19, 0xC7,
    0x7F, 0xD5, 0xBD, 0xB7, 0x2D, 0xDB, 0x4E, 0x1D, 0x6E, 0x61, 0x26, 0xB6, 0x01, 0x62, 0x92, 0x7D,
    0x0D, 0x8B, 0x84, 0xF7, 0xA6, 0x2A, 0x42, 0x02, 0x10, 0xEC, 0x80, 0xC0, 0x61, 0x11, 0x9B, 0xC8,
    0x1E, 0x82, 0xC1, 0xBB, 0xE9, 0x3A, 0x00, 0x90, 0x81, 0x00, 0x30, 0x58, 0x5C, 0xFA, 0x30, 0x87,
    0xC1, 0x8B, 0x8C, 0xD7, 0x75, 0x01, 0x38, 0xA2, 0x03, 0x00, 0x74, 0x48, 0x4E, 0x04, 0x52, 0xE8,
    0x4B, 0x6A, 0x77, 0xFB, 0xBD, 0x4A, 0x95, 0x79, 0xCF, 0x1A, 0x3B, 0x02, 0xAE, 0xEB, 0xFB, 0x7D,
    0x6A, 0xBE, 0x9A, 0xFE, 0xFA, 0x5F, 0xAF, 0xBE, 0xAF, 0x9B, 0xFB, 0xAF, 0x40, 0x05, 0xC3, 0x24,
    0x87, 0xDC, 0x15, 0xAE, 0x8C, 0x5E, 0xDA, 0x7C, 0xAC, 0x22, 0xB5, 0x29, 0x9C, 0x4A, 0xE8, 0x32,
    0x22, 0x87, 0x88, 0x55, 0xBA, 0x36, 0x4A, 0x2B, 0x2A, 0x3B, 0x51, 0x06, 0x87, 0x58, 0x6B, 0x44,
    0xBC, 0x27, 0xEB, 0x01, 0x1A, 0x2B, 0xAD, 0x34, 0x52, 0x4B, 0x2A, 0x66, 0x2C, 0x98, 0xA7, 0xF1,
    0x81, 0x1A, 0xDE, 0x03, 0x1E, 0x18, 0x50, 0x16, 0x3A, 0x4B, 0x16, 0x0C, 0x65, 0xA3, 0x79, 0xA4,
    0xE0, 0xB4, 0x41, 0x0C, 0x1D, 0xB9, 0xDD, 0x22, 0xD9, 0xA0, 0x42, 0xF0, 0x47, 0x9F, 0x6F, 0x5F,
    0x92, 0x79, 0xC8, 0x13, 0x23, 0x74, 0x41, 0x73, 0x72, 0x02, 0x47, 0xED, 0x45, 0x9C, 0x3B, 0x42,
    0x18, 0xE8, 0xE9, 0x85, 0x45, 0xE7, 0x16, 0x72, 0x03, 0x45, 0x88, 0x7A, 0x7E, 0x1F, 0x00, 0x65,
    0xA0, 0xB2, 0xF7, 0x22, 0x73, 0x6A, 0x7B, 0x46, 0x54, 0xAB, 0x3B, 0xAA, 0xE0, 0x11, 0xAD, 0x81,
    0xFB, 0xFF, 0x84, 0x26, 0x20, 0x26, 0x19, 0x77, 0x16, 0x95, 0xF6, 0xDF, 0xA1, 0xB2, 0xA0, 0x7E,
    0xAA, 0x51, 0xC1, 0xD3, 0xFC, 0x75, 0x43, 0xC7, 0x3A, 0x8E, 0xE4, 0xD3, 0xD8, 0x72, 0xC6, 0x84,
    0xCA, 0x3D, 0x32, 0x0C, 0x88, 0xD7, 0xF0, 0xA0, 0x6D, 0x75, 0x1D, 0x82, 0x89, 0x5A, 0xF5, 0x13,
    0x1E, 0xF1, 0x31, 0x73, 0xE0, 0x0A, 0x84, 0x83, 0x24, 0xA8, 0x4C, 0x12, 0x80, 0x05, 0xB0, 0xDA,
    0x85, 0xFB, 0xB7, 0xE1, 0x87, 0x00, 0xE5, 0x16, 0xBA, 0xCB, 0x5E, 0x4C, 0x85, 0xCB, 0x7D, 0xEE,
    0xF2, 0x31, 0x32, 0x15, 0xBD, 0xD8, 0xD6, 0x9A, 0xCE, 0x43, 0xB3, 0xA1, 0xF8, 0x26, 0xE8, 0xCA,
    0x2A, 0xAB, 0x92, 0x47, 0x46, 0x2A, 0x53, 0x9B, 0x38, 0x7B, 0x33, 0x21, 0xDA, 0x73, 0x38, 0xBC,
    0x40, 0x84, 0x0D, 0x85, 0x8B, 0xB1, 0xBE, 0x32, 0x95, 0xAD, 0x6C, 0xBD, 0x23, 0x79, 0x39, 0x74,
    0xA6, 0x88, 0x1A, 0xF9, 0x43, 0x03, 0xAC, 0xB9, 0xC7, 0xC4, 0x3C, 0x1B, 0xF9, 0xA4, 0x18, 0xD2,
    0x91, 0xF3, 0xC0, 0x03, 0x3F, 0x78, 0x97, 0x76, 0xDD, 0xEA, 0x90, 0xEE, 0xBB, 0x63, 0x8D, 0x7B,
    0xD0, 0xB6, 0xBB, 0x75, 0x88, 0xC7, 0x72, 0xC2, 0x6E, 0x7E, 0xEB, 0xEA, 0x62, 0x6C, 0x1F, 0x17,
    0x8E, 0x6A, 0xA0, 0x23, 0x9B, 0x28, 0x1C, 0xB2, 0xA7, 0xB6, 0x28, 0x4D, 0x03, 0x1D, 0xAC, 0x61,
    0xF3, 0xD6, 0x58, 0x93, 0xE2, 0x0A, 0x2A, 0x43, 0xD9, 0x93, 0x39, 0xF8, 0x08, 0x80, 0xC7, 0x50,
    0xEB, 0x14, 0xCA, 0x1D, 0xF9, 0x48, 0xE6, 0x11, 0x13, 0xEC, 0x4D, 0x24, 0x4B, 0xC1, 0xB8, 0x94,
    0x9E, 0x31, 0x50, 0xA5, 0x67, 0xB0, 0xA1, 0x18, 0xA9, 0x0D, 0x3F, 0x04, 0x80, 0xE6, 0xCF, 0x9E,
    0xEA, 0x2F, 0x67, 0xC8, 0x2F, 0x66, 0x48, 0x1B, 0xD1, 0x0B, 0x2A, 0xE6, 0xCC, 0x58, 0xB2, 0x60,
    0xC5, 0x9C, 0x91, 0x65, 0x64, 0xC5, 0xA8, 0x47, 0x3A, 0x03, 0x1F, 0xEE, 0x2B, 0x46, 0x67, 0xBE,
    0xB2, 0xC5, 0x20, 0x07, 0x69, 0x4B, 0x57, 0x45, 0x94, 0x89, 0xE8, 0xD2, 0x35, 0xC8, 0x21, 0xD2,
    0x77, 0x48, 0xDB, 0x51, 0x99, 0x06, 0x85, 0xE2, 0x0C, 0xF5, 0xE9, 0x74, 0x53, 0x31, 0x6B, 0x80,
    0x5F, 0x92, 0x7B, 0x5E, 0x8C, 0xE5, 0x7F, 0x5D, 0xF6, 0x33, 0x47, 0x99, 0x24, 0x22, 0x7B, 0xA4,
    0xA5, 0xB2, 0x49, 0xA0, 0x32, 0xFB, 0x9F, 0x04, 0x15, 0xA6, 0x87, 0x27, 0x4F, 0xDF, 0x16, 0x48,
    0xE9, 0x44, 0x2C, 0x0E, 0x5C, 0x84, 0x22, 0x22, 0x7B, 0xA8, 0x0C, 0x1C, 0x03, 0x1E, 0xF2, 0xF4,
    0x27, 0xB0, 0x12, 0x36, 0x1B, 0x32, 0x2B, 0xFF, 0x75, 0x99, 0x0A, 0x53, 0x1F, 0xB5, 0x2D, 0x1C,
    0x6E, 0x20, 0x74, 0x36, 0xF7, 0xA9, 0xB9, 0x63, 0x9E, 0x28, 0xFF, 0xE6, 0xFE, 0x46, 0xF3, 0x7D,
    0x0F, 0x2A, 0xC2, 0xBE, 0x69, 0xEA, 0xD4, 0x30, 0x66, 0x89, 0xD2, 0x8D, 0xD8, 0x52, 0x07, 0xCF,
    0xFD, 0x56, 0x03, 0x07, 0xE6, 0x66, 0x3D, 0x68, 0xF2, 0x00, 0xB2, 0x81, 0x79, 0xE4, 0x6A, 0x4D,
    0xD6, 0x6F, 0x28, 0xF5, 0xC4, 0x23, 0x31, 0xA5, 0xC6, 0x1D, 0x9F, 0x7F, 0xBE, 0xBD, 0x20, 0x1F,
    0x21, 0x49, 0x2D, 0x23, 0x21, 0xA4, 0x0A, 0x81, 0xE7, 0xED, 0x79, 0x9C, 0xF7, 0x22, 0x92, 0x59,
    0x61, 0x73, 0x83, 0xCE, 0x35, 0x14, 0x40, 0x19, 0x3C, 0xF2, 0xA6, 0x71, 0x75, 0xC4, 0x24, 0x92,
    0x86, 0x6B, 0x14, 0x9D, 0xD8, 0x50, 0x87, 0x31, 0xE9, 0xF8, 0x56, 0x1A, 0xF7, 0xA0, 0x6D, 0x93,
    0x4E, 0x1D, 0xE1, 0x63, 0x1E, 0x73, 0xC1, 0x29, 0xE0, 0x20, 0xEB, 0xA1, 0xB0, 0x20, 0x81, 0x19,
    0xB0, 0x04, 0x46, 0xC8, 0x86, 0x5D, 0x58, 0xDF, 0x84, 0x3F, 0x04, 0x38, 0x7C, 0x05, 0xE1, 0xD2,
    0xE6, 0xBE, 0x4C, 0x2F, 0xCC, 0x34, 0x86, 0x7C, 0x94, 0x36, 0xDF, 0x28, 0x08, 0x23, 0x74, 0x13,
    0xE5, 0xD7, 0x01, 0x65, 0x1A, 0xDD, 0x44, 0xBF, 0xA6, 0x36, 0x67, 0xD4, 0x5A, 0xE9, 0x86, 0xEA,
    0x8D, 0x47, 0xB4, 0x1A, 0x7E, 0x75, 0x4E, 0x9E, 0xF6, 0x3D, 0xAC, 0x49, 0xAD, 0xAD, 0xF4, 0xAD,
    0x41, 0xFD, 0x65, 0x40, 0x86, 0x80, 0xF8, 0x6C, 0x03, 0x4C, 0x7C, 0x90, 0x79, 0xAE, 0x72, 0xC7,
    0x24, 0x2D, 0x5D, 0x80, 0xC3, 0xBF, 0x03, 0xF2, 0x5D, 0x8E, 0x2E, 0xDB, 0x74, 0xF6, 0xF6, 0xAE,
    0x35, 0xDE, 0x83, 0xA3, 0x76, 0xB7, 0x0E, 0x3C, 0x3C, 0x39, 0xD1, 0xBB, 0xF9, 0xAD, 0x2B, 0xC5,
    0xF6, 0x71, 0x7E, 0x4D, 0xE1, 0xA9, 0x7B, 0x3A, 0xC4, 0x44, 0x3E, 0x52, 0xA6, 0xA2, 0xDD, 0x57,
    0xAC, 0xDE, 0x1B, 0xBB, 0x49, 0x6D, 0xD2, 0x92, 0x4C, 0x2D, 0x0A, 0x1E, 0xBE, 0x07, 0x00, 0xF0,
    0x04, 0xCE, 0xA0, 0xD6, 0x48, 0x9B, 0x52, 0x14, 0xA9, 0x83, 0x6F, 0x9B, 0x4B, 0xC1, 0xD2, 0xED,
    0xB2, 0x2B, 0x7D, 0xF3, 0xB6, 0x90, 0x8E, 0xC6, 0x70, 0x05, 0x00, 0x07, 0x9F, 0x22, 0xBE, 0xE9,
    0x28, 0xEC, 0x31, 0x92, 0x05, 0xC7, 0xCC, 0x59, 0xC6, 0x71, 0xCD, 0x0A, 0xCF, 0x88, 0xCF, 0x12,
    0x8E, 0xEB, 0xF7, 0x1D, 0xEA, 0xEA, 0xB5, 0x3D, 0x34, 0x7F, 0x4C, 0xA5, 0x2B, 0xFE, 0xE3, 0x4A,
    0xE3, 0x2B, 0xFC, 0xB1, 0x70, 0xCB, 0xA2, 0x5F, 0xAF, 0xD9, 0x68, 0x3C, 0x4C, 0xF0, 0x09, 0xB6,
    0xBE, 0x34, 0xE9, 0xFB, 0x77, 0x70, 0x9E, 0xBD, 0xF6, 0xA5, 0x59, 0x54, 0xD4, 0x0B, 0xEA, 0x25,
    0xF5, 0x35, 0xB5, 0xE7, 0xD8, 0xB3, 0xF4, 0xF8, 0xA5, 0x70, 0xF5, 0x2F, 0xD2, 0xBF, 0x89, 0xA7,
    0x3C, 0x15, 0x53, 0x3E, 0xB0, 0x28, 0xA1, 0xFE, 0x2E, 0xC8, 0xDF, 0x42, 0xB9, 0x2F, 0x91, 0x01,
    0x7E, 0xE4, 0xC0, 0x8D, 0x64, 0xF6, 0x9A, 0x4A, 0x1F, 0xEB, 0x23, 0x0E, 0x34, 0xCF, 0x29, 0xFE,
    0x3D, 0xBC, 0x2F, 0x46, 0xB8, 0x4E, 0x26, 0xAE, 0x45, 0x88, 0x05, 0xEC, 0x93, 0x9A, 0x7C, 0x58,
    0xC6, 0xCD, 0xFC, 0x26, 0xA5, 0x78, 0x70, 0x01, 0xA5, 0x83, 0x2C, 0x31, 0x40, 0xDE, 0x47, 0xBE,
    0x7C, 0x49, 0xF1, 0xD5, 0x86, 0xF2, 0xB3, 0x19, 0x72, 0x88, 0xD8, 0x63, 0x2A, 0x16, 0x91, 0xE5,
    0x1D, 0xEF, 0xAB, 0xAD, 0x7D, 0xC6, 0xEC, 0xEE, 0x3C, 0xF6, 0xE4, 0xE7, 0x85, 0x6D, 0xCE, 0x4B,
    0x33, 0x47, 0xEA, 0x01, 0x59, 0x68, 0xAA, 0xC7, 0xF0, 0x28, 0x40, 0xFD, 0x3B, 0xCD, 0xA2, 0xB4,
    0xCC, 0xF3, 0x9E, 0x65, 0xEE, 0x58, 0xF1, 0x8A, 0x67, 0x1C, 0xC5, 0x3C, 0xA5, 0xCB, 0x5C, 0x36,
    0xE4, 0x7D, 0x6E, 0x0B, 0x5B, 0x1A, 0xA9, 0x6F, 0x7F, 0xD3, 0xD5, 0x17, 0x95, 0x7E, 0xF8, 0xE3,
    0x97, 0xD9, 0x39, 0x2F, 0xBE, 0xDA, 0x54, 0x3E, 0x69, 0xFC, 0x68, 0x89, 0x1C, 0x6A, 0x13, 0xBD,
    0x55, 0x5C, 0x93, 0x94, 0x7A, 0xEA, 0xA4, 0x2E, 0xA9, 0x15, 0x2E, 0xE9, 0x8D, 0x3E, 0x2A, 0x8E,
    0xC2, 0x96, 0xB8, 0xE8, 0x57, 0xD1, 0xBF, 0xE1, 0x19, 0x17, 0xAC, 0x88, 0xD9, 0x78, 0x71, 0xC7,
    0x6E, 0xEB, 0xFF, 0xB3, 0x5B, 0xF1, 0xF4, 0x40, 0xDF, 0x9F, 0x42, 0xCF, 0x9F, 0x7E, 0xE2, 0xD8,
    0x08, 0x87, 0x17, 0x4E, 0x24, 0xDD, 0x7B, 0xED, 0x7D, 0x61, 0x73, 0x2B, 0x75, 0x61, 0x67, 0x94,
    0x7F, 0xF3, 0xC8, 0x4B, 0x83, 0x04, 0x2A, 0x60, 0x06, 0xA8, 0xC4, 0x00, 0x3C, 0xD7, 0xD9, 0xD7,
    0x63, 0x69, 0x4E, 0xA5, 0x7E, 0x52, 0x5A, 0x0A, 0x0F, 0x41, 0x53, 0xF5, 0xE4, 0xC3, 0x13, 0x31,
    0x9C, 0x66, 0xFD, 0x71, 0x3A, 0x7F, 0x00, 0x2E, 0x10, 0x3D, 0xC5, 0x3F, 0x50, 0x81, 0xD2, 0x20,
    0x75, 0xB2, 0x8A, 0x64, 0x33, 0x58, 0xC0, 0x9C, 0x64, 0x6A, 0x45, 0x79, 0xCE, 0xFF, 0x00, 0x8D,
    0x59, 0x01, 0xA4, 0x1E, 0xD7, 0x97, 0xFF, 0xDD, 0x99, 0xBE, 0xCC, 0xEA, 0x90, 0x09, 0x04, 0x9A,
    0xA6, 0x03, 0xB0, 0x34, 0x79, 0xB3, 0x28, 0xB2, 0xEB, 0xBD, 0xCC, 0x6D, 0x8B, 0xA0, 0xE8, 0x43,
    0xBF, 0x16, 0x45, 0x17, 0x0B, 0x16, 0x7D, 0x5D, 0x82, 0x58, 0x4D, 0x67, 0xBA, 0x41, 0x50, 0x6C,
    0x16, 0xBB, 0xD8, 0xA2, 0x41, 0xD1, 0xBE, 0x45, 0xDE, 0x12, 0x14, 0x4D, 0xE6, 0x6E, 0x83, 0x20,
    0xC8, 0x6C, 0x63, 0x15, 0xBB, 0xBB, 0x66, 0xBB, 0xED, 0x76, 0x37, 0x65, 0x33, 0xB5, 0x53, 0x99,
    0xA4, 0x33, 0xF7, 0xEC, 0xFD, 0x39, 0xF3, 0x5E, 0xBF, 0xB6, 0xB1, 0xFE, 0xB7, 0xC9, 0xEF, 0x77,
    0x62, 0xBE, 0xB9, 0xE7, 0x9E, 0x73, 0xCE, 0x39, 0xF7, 0x7C, 0x5F, 0xA1, 0xCB, 0x34, 0x23, 0x80,
    0xEC, 0xB1, 0x00, 0xA8, 0x6C, 0x59, 0xC3, 0x4C, 0x28, 0x2C, 0xE2, 0x01, 0x27, 0x81, 0xB4, 0x07,
    0x1F, 0xB6, 0xC4, 0xC2, 0x11, 0xCB, 0xFA, 0xF8, 0x6A, 0xB5, 0x53, 0xDA, 0x52, 0x64, 0x28, 0x6D,
    0x32, 0x24, 0x7D, 0x85, 0xA4, 0x37, 0x7D, 0x19, 0x10, 0x7D, 0x69, 0xD3, 0x0E, 0x5D, 0x59, 0xF3,
    0x8D, 0xBC, 0xCD, 0x1C, 0x90, 0x3C, 0xDA, 0xFD, 0xA7, 0xD7, 0x80, 0x46, 0x64, 0x02, 0xDF, 0x06,
    0xD1, 0x82, 0x48, 0x40, 0x05, 0x63, 0x81, 0x9B, 0x88, 0x6B, 0x60, 0x46, 0x1A, 0xE4, 0x09, 0x19,
    0x70, 0xC2, 0xEF, 0xDD, 0x04, 0x82, 0x92, 0x99, 0x47, 0x7C, 0x91, 0x2F, 0xC4, 0x97, 0x6A, 0xE2,
    0xCB, 0x94, 0x93, 0x57, 0xC0, 0x73, 0xC9, 0x00, 0x18, 0x79, 0xE0, 0x81, 0xD4, 0x1F, 0x15, 0xA0,
    0xFC, 0xD7, 0x93, 0x95, 0x85, 0x3C, 0x7B, 0xAA, 0x44, 0x34, 0x9D, 0x3A, 0xB5, 0x85, 0x64, 0xD8,
    0x3A, 0x03, 0x64, 0xFD, 0x99, 0x17, 0x78, 0x9E, 0xF3, 0xE7, 0x69, 0xC5, 0xFE, 0x3E, 0xCF, 0xB1,
    0xDF, 0x13, 0xBB, 0x8E, 0x46, 0x77, 0x6D, 0x40, 0xF3, 0x8F, 0x2E, 0x60, 0xF4, 0x05, 0x31, 0xBE,
    0x45, 0xA4, 0x42, 0x94, 0x2F, 0x9F, 0xB3, 0x01, 0x2F, 0x27, 0xB0, 0xC8, 0xEF, 0xA4, 0xB1, 0x43,
    0x2A, 0x59, 0x51, 0x23, 0x12, 0x11, 0x1E, 0x5F, 0xE8, 0xBD, 0xD3, 0x17, 0x01, 0x20, 0xE8, 0x03,
    0x40, 0x85, 0x00, 0x15, 0x02, 0x54, 0x78, 0xB8, 0x22, 0xF1, 0xF4, 0xA2, 0x48, 0x0B, 0xE3, 0x6D,
    0xD1, 0x23, 0x1D, 0x90, 0x0D, 0x28, 0x1C, 0x85, 0x06, 0xF4, 0xE2, 0x0C, 0xC4, 0x75, 0x3C, 0x81,
    0x16, 0x0E, 0xC4, 0xAC, 0x27, 0xE6, 0xED, 0xDE, 0x95, 0x9B, 0x28, 0x9C, 0x7C, 0x2D, 0x75, 0xE9,
    0xB2, 0xAF, 0xAE, 0xB9, 0xE0, 0xE1, 0x7F, 0xC9, 0xEA, 0xCA, 0x66, 0xDF, 0x3C, 0x8D, 0x80, 0x3D,
    0xFD, 0x98, 0xB7, 0xC4, 0xC2, 0x11, 0xCB, 0x1A, 0x0C, 0x26, 0x4F, 0x6E, 0x4B, 0x04, 0x74, 0x15,
    0x75, 0xB7, 0x37, 0xF1, 0x07, 0x41, 0xE7, 0x6C, 0x7A, 0xC4, 0x7E, 0xCE, 0x3B, 0x40, 0x44, 0x6A,
    0x20, 0xA7, 0x9B, 0x81, 0x95, 0x05, 0x90, 0x4A, 0x58, 0x07, 0xC4, 0x37, 0xE1, 0x35, 0x70, 0x67,
    0x49, 0x16, 0xDB, 0x24, 0x80, 0xB6, 0x56, 0x4A, 0x0D, 0xB8, 0xE0, 0x95, 0x66, 0x02, 0x93, 0x68,
    0x8D, 0xA2, 0x91, 0x88, 0x58, 0x93, 0x40, 0x89, 0xF9, 0xC2, 0x95, 0x2A, 0x65, 0x1D, 0xF1, 0xC8,
    0xB5, 0xC7, 0x9F, 0xE8, 0x19, 0xC6, 0x25, 0xE5, 0xD6, 0xA8, 0xAC, 0x95, 0x2C, 0x11, 0x4D, 0x4D,
    0x7C, 0x5E, 0x1E, 0x93, 0x4A, 0x11, 0xAC, 0x2D, 0xD3, 0x78, 0x6E, 0xE9, 0xC5, 0x01, 0x25, 0x5D,
    0xCD, 0xD4, 0xEA, 0x79, 0x8C, 0xA4, 0x67, 0x66, 0xC7, 0x2D, 0xE2, 0x1E, 0x46, 0xCF, 0xF0, 0x04,
    0xE4, 0x67, 0x00, 0x43, 0xE7, 0x28, 0xAA, 0x09, 0x8B, 0x3D, 0xD1, 0x9E, 0xFF, 0x14, 0x48, 0x44,
    0xE4, 0xD0, 0xB4, 0x58, 0xDF, 0xED, 0x88, 0x59, 0x4D, 0xDC, 0x24, 0x40, 0xBC, 0x3D, 0xCA, 0x4F,
    0x3E, 0x9E, 0x51, 0x7C, 0x2F, 0x32, 0xE0, 0xF7, 0x71, 0x82, 0xBB, 0x01, 0xAF, 0x41, 0x57, 0xEC,
    0x94, 0x93, 0x5A, 0x39, 0x53, 0xC2, 0x69, 0x02, 0x8E, 0x63, 0xEB, 0x35, 0x14, 0xF2, 0x92, 0xB4,
    0x22, 0xF6, 0x84, 0x64, 0xF2, 0x83, 0x88, 0x83, 0x9C, 0x4E, 0x1F, 0x8E, 0x79, 0x07, 0xBF, 0x1F,
    0x4B, 0x9B, 0x05, 0x76, 0xB1, 0xD8, 0xAC, 0x33, 0x62, 0x63, 0x8F, 0xAC, 0x8B, 0x04, 0xC9, 0x84,
    0xAC, 0x8D, 0x66, 0x66, 0x56, 0xEE, 0xE2, 0x89, 0x79, 0x54, 0xB8, 0x78, 0xA0, 0x97, 0xCB, 0x3A,
    0xE9, 0x59, 0xD1, 0xA5, 0x4D, 0xFB, 0xF0, 0x10, 0x15, 0xB2, 0x8E, 0x1E, 0x6E, 0xF4, 0x21, 0xB9,
    0xA5, 0x73, 0x3D, 0x1F, 0x8A, 0x85, 0xE7, 0x9B, 0x02, 0x78, 0xBE, 0x19, 0x58, 0x36, 0x4A, 0x9B,
    0x35, 0x40, 0xE3, 0x4B, 0x6C, 0x06, 0x2E, 0x07, 0xCD, 0x82, 0x0D, 0x0B, 0x5C, 0x87, 0xAE, 0x5E,
    0x29, 0x6E, 0xF1, 0x8B, 0x95, 0x89, 0x16, 0x41, 0x1E, 0x0E, 0x4A, 0x86, 0xD4, 0x54, 0x02, 0x34,
    0x4E, 0xED, 0x96, 0x76, 0xE1, 0x0E, 0xCF, 0x01, 0x30, 0x3F, 0xF5, 0x38, 0x4D, 0xFE, 0xAE, 0x07,
    0xD3, 0x2E, 0xBA, 0x37, 0x82, 0xAA, 0xE2, 0x2F, 0x26, 0x72, 0x2C, 0x5C, 0xC3, 0xC2, 0x3D, 0x90,
    0xD6, 0x82, 0x1E, 0x81, 0x6D, 0x45, 0xDE, 0x78, 0xEB, 0xAF, 0x9B, 0xBF, 0xF9, 0x71, 0x07, 0x99,
    0x70, 0xB5, 0xD8, 0xD8, 0x5D, 0xED, 0x7E, 0xF5, 0xAD, 0xA5, 0x6F, 0xB3, 0x7B, 0x54, 0xBB, 0x8D,
    0xEC, 0x3F, 0xC8, 0x5B, 0x48, 0x1F, 0xD6, 0x20, 0x27, 0x42, 0xBE, 0x80, 0x58, 0x2C, 0x68, 0x4E,
    0x24, 0x6A, 0x8E, 0x21, 0x47, 0x83, 0x26, 0xF9, 0xAE, 0xAF, 0x71, 0x83, 0xA7, 0x16, 0x87, 0x8B,
    0x6A, 0x97, 0xBF, 0xA2, 0x2C, 0x9E, 0x8C, 0xCA, 0x35, 0xAD, 0x66, 0xAC, 0x16, 0x70, 0x55, 0x27,
    0x23, 0xC8, 0x56, 0x8B, 0xBB, 0x81, 0xB2, 0x2C, 0xEC, 0x03, 0x1B, 0xC0, 0xCC, 0x81, 0x13, 0x20,
    0x9A, 0x90, 0x8C, 0x19, 0xC0, 0xC0, 0xF5, 0x9B, 0x20, 0xE7, 0xDD, 0x7B, 0x81, 0x47, 0x34, 0xB7,
    0x65, 0x0E, 0x0F, 0x4F, 0xF8, 0x32, 0x70, 0x2A, 0xD2, 0x99, 0x89, 0xCD, 0xFB, 0x63, 0x98, 0x31,
    0x70, 0xAF, 0x87, 0xCC, 0x3B, 0xCD, 0xC8, 0xBC, 0x55, 0x2E, 0x9C, 0xE6, 0x75, 0x49, 0xEE, 0xB4,
    0x90, 0xD2, 0xC0, 0x15, 0xB9, 0x05, 0x84, 0xDC, 0x69, 0x2D, 0x25, 0x7E, 0xA8, 0x44, 0xD8, 0xAD,
    0x3A, 0x2C, 0x29, 0x48, 0x3D, 0x1F, 0x2F, 0x11, 0xA4, 0x23, 0x55, 0x2C, 0x5D, 0x3E, 0x1C, 0x48,
    0x6A, 0x05, 0x37, 0x8E, 0x66, 0x32, 0x2D, 0x35, 0x5E, 0xA5, 0x86, 0x92, 0x59, 0x51, 0x42, 0x90,
    0x0A, 0xEE, 0x2B, 0x41, 0x32, 0xFE, 0xCD, 0x91, 0x96, 0x47, 0x53, 0xDC, 0x9B, 0x49, 0x6D, 0x4F,
    0x3B, 0x4C, 0x88, 0x68, 0x75, 0xD6, 0xE2, 0x73, 0xDA, 0x5D, 0xB9, 0xAC, 0xC3, 0x31, 0xC4, 0xFE,
    0xEF, 0x98, 0xCC, 0xDA, 0x3C, 0x5A, 0x24, 0x1E, 0xEC, 0x90, 0x85, 0xD3, 0x63, 0xA6, 0x3D, 0x2D,
    0x6D, 0x66, 0xF0, 0xC5, 0x1E, 0xCC, 0x2F, 0x64, 0x1D, 0x25, 0x23, 0x0E, 0x79, 0xC7, 0x17, 0x51,
    0x74, 0xC8, 0x5B, 0x1E, 0x54, 0xF3, 0x3D, 0x48, 0xFB, 0xEC, 0x09, 0xA5, 0x0B, 0x47, 0x1E, 0x90,
    0x32, 0xF7, 0x8D, 0x60, 0xA2, 0x43, 0x1A, 0x07, 0xA9, 0x3D, 0xF2, 0x3A, 0x78, 0xC4, 0x96, 0x43,
    0xF5, 0x9F, 0x82, 0x4A, 0xC4, 0xA6, 0x23, 0x2F, 0x9C, 0x65, 0xAD, 0xA8, 0xC6, 0x03, 0x7F, 0xC2,
    0x13, 0xB1, 0x81, 0xB2, 0x37, 0x50, 0x34, 0x52, 0x83, 0x6A, 0x78, 0x24, 0x01, 0x12, 0x8A, 0x16,
    0x14, 0xB3, 0x20, 0x16, 0x00, 0xC5, 0x3C, 0x88, 0xCC, 0x68, 0xD6, 0xCF, 0x0C, 0x7C, 0xAE, 0xE2,
    0xC5, 0x20, 0x0E, 0x14, 0x2D, 0x7E, 0x9C, 0x11, 0xF5, 0xEA, 0xC7, 0xDE, 0xB3, 0x90, 0x28, 0x46,
    0xAD, 0x47, 0xEA, 0x28, 0xD6, 0xB1, 0xF3, 0xC8, 0x2C, 0xF0, 0xA7, 0xCD, 0xFD, 0x6B, 0xF7, 0x65,
    0xAF, 0xD9, 0xB3, 0x90, 0x83, 0x65, 0x19, 0x92, 0xB3, 0x10, 0x6E, 0x4B, 0x71, 0x0B, 0x0D, 0x06,
    0x15, 0x3F, 0x43, 0xC3, 0x6D, 0x29, 0xF6, 0x68, 0xB4, 0x3E, 0x8B, 0x2F, 0x3A, 0x54, 0xA9, 0x03,
    0xC5, 0x5B, 0x0E, 0xD5, 0xAB, 0x16, 0x14, 0xEF, 0xD4, 0xA8, 0xDE, 0x02, 0x57, 0x7E, 0x17, 0x28,
    0x2F, 0xAA, 0xF8, 0x3F, 0x41, 0xE4, 0xB6, 0x6A, 0x42, 0xA9, 0xEE, 0xC8, 0xC6, 0x20, 0xF6, 0x2A,
    0x06, 0x2A, 0x5B, 0x15, 0x3B, 0xAA, 0xA1, 0xB4, 0x5A, 0xAD, 0xD8, 0x1F, 0x84, 0x5D, 0x3D, 0x6B,
    0x65, 0xF5, 0xBA, 0x04, 0xF2, 0x7C, 0x4A, 0x0A, 0xB2, 0x52, 0x4F, 0x42, 0xAA, 0x94, 0x90, 0xCC,
    0x27, 0x24, 0x1F, 0x4D, 0xBF, 0x3B, 0x01, 0x0B, 0xE5, 0x0B, 0x39, 0x12, 0x0A, 0xA5, 0xB2, 0x26,
    0x19, 0x81, 0xE7, 0xFD, 0x3D, 0x29, 0x5D, 0x01, 0xD8, 0xD4, 0x49, 0x48, 0x96, 0xB4, 0xAF, 0x5A,
    0xFC, 0xFA, 0x02, 0x62, 0x9B, 0x01, 0x3F, 0x21, 0x7E, 0xFD, 0x1E, 0xAA, 0x08, 0x47, 0x3E, 0x69,
    0x48, 0x0D, 0x1F, 0x21, 0x19, 0x93, 0x19, 0x3C, 0x80, 0x99, 0x34, 0x6C, 0x24, 0x96, 0x38, 0x2B,
    0x9B, 0x45, 0xCC, 0xBF, 0xF1, 0xC0, 0x0C, 0x66, 0x59, 0xD2, 0x67, 0xA9, 0x12, 0x5D, 0x96, 0x77,
    0xC8, 0x49, 0x2D, 0x8A, 0x96, 0x44, 0x1F, 0x92, 0x84, 0xD4, 0x45, 0x0F, 0x1C, 0x3F, 0x99, 0xEC,
    0x06, 0x4A, 0xC7, 0xCD, 0x22, 0x0C, 0x2D, 0xB1, 0x8C, 0x85, 0x38, 0x18, 0x69, 0x33, 0xAA, 0x3D,
    0x0E, 0x63, 0xF1, 0xAB, 0x55, 0xB2, 0x4F, 0x02, 0x95, 0xB6, 0xC9, 0xE3, 0x21, 0x1E, 0x3B, 0x6B,
    0x4F, 0x77, 0x3D, 0xED, 0x17, 0x69, 0xA9, 0x47, 0x67, 0x09, 0x9E, 0x67, 0xE6, 0xE1, 0x78, 0xD2,
    0x96, 0xC2, 0x12, 0x50, 0x3A, 0x74, 0x7D, 0x18, 0x5C, 0x7A, 0x82, 0xC5, 0xD3, 0xB2, 0xB7, 0xA7,
    0xB9, 0x4D, 0x63, 0xA1, 0x93, 0x0E, 0x33, 0x80, 0xC8, 0xEA, 0xC6, 0x93, 0x50, 0x3F, 0x09, 0x59,
    0x7A, 0x06, 0xAE, 0x02, 0x65, 0x97, 0xB4, 0x40, 0xA6, 0x97, 0x2E, 0xE7, 0x12, 0xA6, 0x8E, 0xAA,
    0x79, 0x5F, 0x3C, 0x72, 0x91, 0x17, 0x03, 0xA1, 0x69, 0x99, 0x67, 0x6C, 0x61, 0x95, 0x96, 0xC9,
    0x48, 0xFF, 0xEB, 0x15, 0x2C, 0xC8, 0x79, 0x30, 0x8F, 0x8B, 0xA0, 0x22, 0xB6, 0x44, 0x44, 0x73,
    0xDA, 0x82, 0xAD, 0xB4, 0x00, 0x48, 0xD3, 0xC1, 0xA8, 0x33, 0x2B, 0x4D, 0xCC, 0x3C, 0xB1, 0xA0,
    0x77, 0xAB, 0x1A, 0xA4, 0xD2, 0x91, 0xBA, 0xA2, 0x03, 0x1D, 0x93, 0xF7, 0xA0, 0xD9, 0xD9, 0x00,
    0x26, 0x6E, 0xAA, 0xD3, 0x6C, 0x4C, 0xAA, 0xEA, 0xC8, 0x6B, 0xA3, 0x13, 0x2A, 0xB7, 0x0C, 0xD5,
    0xAE, 0xFC, 0x17, 0xCA, 0x11, 0x8D, 0x4C, 0x48, 0x27, 0xD5, 0xD0, 0x66, 0x8A, 0x6D, 0xD8, 0xCB,
    0xE5, 0x28, 0x5C, 0xEA, 0x36, 0x51, 0xBA, 0xC4, 0x6D, 0xF1, 0x66, 0xAD, 0xCF, 0xF0, 0x96, 0xB0,
    0x34, 0x05, 0xDC, 0x8C, 0xF3, 0x00, 0xA4, 0x21, 0x32, 0x74, 0xDA, 0xF2, 0x4C, 0x43, 0x7D, 0xD9,
    0x43, 0xE2, 0x91, 0x78, 0x7A, 0x9B, 0x96, 0xD0, 0x45, 0xCB, 0xBD, 0x55, 0xF1, 0x83, 0x27, 0x18,
    0x62, 0x94, 0xAF, 0xF2, 0xD4, 0xC7, 0x72, 0x0D, 0xD9, 0xFA, 0xFC, 0x4E, 0x44, 0x43, 0xD4, 0xD9,
    0x89, 0xDD, 0xFE, 0xD7, 0xEB, 0xD4, 0xA1, 0xB4, 0xAF, 0xB4, 0x7E, 0x97, 0x67, 0x4E, 0xD9, 0x68,
    0xB6, 0x03, 0x38, 0x7B, 0xE5, 0x06, 0xAF, 0x13, 0x2A, 0xC4, 0xC4, 0x40, 0x2C, 0x23, 0xD4, 0x8D,
    0x45, 0xEA, 0x51, 0x92, 0xE9, 0x61, 0x8D, 0x0C, 0x8B, 0x74, 0xD9, 0x87, 0xA4, 0x12, 0x33, 0x2B,
    0x5D, 0xCA, 0xAE, 0xC6, 0xB2, 0x61, 0x69, 0x0F, 0x25, 0x1C, 0x48, 0xD5, 0xA1, 0xD4, 0x1C, 0x4A,
    0x9E, 0x5B, 0x82, 0x6B, 0xA6, 0xF4, 0xCC, 0x55, 0x00, 0x13, 0xB7, 0xE4, 0xAD, 0x60, 0x26, 0x76,
    0xB9, 0xBE, 0xB0, 0x88, 0xD8, 0xA9, 0xCE, 0xB9, 0xCC, 0xF1, 0x78, 0xEC, 0x7A, 0xE1, 0xBF, 0xEF,
    0x98, 0xEB, 0x59, 0x9D, 0xB4, 0xA7, 0x77, 0x3B, 0x44, 0x53, 0x56, 0xA7, 0xEE, 0x85, 0xA4, 0x47,
    0xD2, 0xE7, 0x2E, 0x48, 0xD9, 0x0D, 0x14, 0xAE, 0x68, 0x73, 0xBB, 0xFD, 0x76, 0x7A, 0xDF, 0xA3,
    0x7C, 0x74, 0x13, 0xE9, 0x60, 0x9A, 0x0E, 0x65, 0x31, 0x40, 0xD7, 0x7B, 0x0B, 0xE3, 0xC0, 0x60,
    0xEA, 0xFE, 0xAD, 0x44, 0xDD, 0xBA, 0xA8, 0xFB, 0xD0, 0x35, 0xCB, 0x32, 0x6B, 0x15, 0x69, 0xA4,
    0x65, 0x48, 0x47, 0x3A, 0xE7, 0x5D, 0x20, 0xAF, 0xB7, 0x81, 0xC2, 0x6E, 0x2E, 0x50, 0xAA, 0x74,
    0x9A, 0x6E, 0xDA, 0x62, 0x58, 0x03, 0xE4, 0xEE, 0x33, 0x9A, 0xDD, 0x07, 0xF8, 0x81, 0x17, 0xE2,
    0xFF, 0xBA, 0x25, 0x27, 0x62, 0x01, 0xC0, 0xF4, 0x7C, 0x0A, 0xC2, 0xB8, 0x8A, 0xC5, 0x76, 0x24,
    0x0E, 0x12, 0x8B, 0x33, 0xF2, 0xC1, 0x5B, 0x5D, 0x7C, 0xF7, 0xDF, 0x42, 0x3B, 0x39, 0x37, 0xA5,
    0x43, 0x16, 0x0F, 0xF1, 0x78, 0xD2, 0xF4, 0xF1, 0xB4, 0x05, 0x6D, 0x5D, 0x98, 0x09, 0x9E, 0x61,
    0xBD, 0x09, 0xF4, 0xC1, 0x50, 0xD3, 0xE3, 0x06, 0xCC, 0x48, 0xA3, 0x58, 0x56, 0xA8, 0x84, 0xDA,
    0xBC, 0x65, 0x57, 0xFC, 0xEF, 0xA5, 0xA2, 0x18, 0x90, 0xB2, 0xCD, 0x27, 0xF0, 0x6C, 0x54, 0xCD,
    0x9C, 0x13, 0x6D, 0x42, 0x32, 0xA2, 0x52, 0x62, 0x9E, 0xB3, 0xCE, 0x1A, 0x90, 0x56, 0xB2, 0x5A,
    0x35, 0x57, 0xCC, 0x32, 0xC8, 0xBD, 0xEE, 0xC3, 0x15, 0xB1, 0x83, 0x68, 0x3E, 0xE8, 0x99, 0xD9,
    0x80, 0x20, 0x6E, 0x34, 0x6D, 0x20, 0xD1, 0x1E, 0xFB, 0xF8, 0x53, 0xBB, 0xF6, 0xE5, 0xE1, 0x97,
    0xD4, 0x11, 0x91, 0xFF, 0xA2, 0x85, 0x97, 0x4A, 0x0D, 0x09, 0x27, 0xC2, 0xBD, 0xAE, 0x6D, 0xB1,
    0x86, 0xAE, 0x3F, 0x5E, 0x1F, 0x5C, 0x1B, 0xDA, 0x80, 0x5C, 0x35, 0x35, 0x5F, 0xDE, 0xE6, 0x8D,
    0x3E, 0xC7, 0x4E, 0x5C, 0xD0, 0x10, 0xBB, 0xCA, 0xB1, 0x6A, 0xEB, 0xD2, 0x42, 0x6C, 0x6A, 0xFF,
    0x10, 0x46, 0x90, 0x42, 0x87, 0x35, 0xF0, 0xBE, 0xC7, 0x51, 0x80, 0x27, 0x7E, 0x8E, 0xA4, 0x03,
    0x6C, 0xDE, 0x61, 0x8B, 0x47, 0x69, 0x49, 0xEC, 0x5B, 0xDB, 0xAB, 0x95, 0x2D, 0x1D, 0x7D, 0xE1,
    0x02, 0x5D, 0xDF, 0x9D, 0x11, 0xA8, 0xCF, 0x7A, 0xA5, 0x2E, 0x90, 0xE9, 0x78, 0x03, 0xB4, 0x51,
    0x5B, 0x38, 0xB6, 0x7D, 0x57, 0xAA, 0xF2, 0xB2, 0x0E, 0x1A, 0xE2, 0x3A, 0x50, 0x24, 0x97, 0xEB,
    0xC6, 0x6A, 0x53, 0x57, 0xCF, 0x6B, 0xAD, 0xEF, 0x10, 0x79, 0x06, 0xAE, 0x93, 0x4A, 0x58, 0x0A,
    0x8B, 0x27, 0x51, 0x2E, 0x17, 0xAE, 0x7A, 0xE5, 0x9F, 0x94, 0xA3, 0xEF, 0x94, 0xE3, 0xDB, 0xCB,
    0xCD, 0x7E, 0x49, 0x39, 0x8F, 0x35, 0x79, 0xB7, 0x83, 0x95, 0xBC, 0x40, 0x6E, 0xBC, 0x31, 0x87,
    0x2B, 0xA4, 0x5A, 0xE2, 0x75, 0xFC, 0x8D, 0x6F, 0x5F, 0xE7, 0xBF, 0x91, 0x38, 0x6D, 0xEB, 0x59,
    0x0D, 0x4F, 0xCE, 0x41, 0xD6, 0xB0, 0x4A, 0x1D, 0x2D, 0xCC, 0x2C, 0x42, 0x43, 0x2D, 0x1D, 0xD3,
    0x80, 0xAF, 0x29, 0x67, 0x56, 0xAF, 0x94, 0x62, 0x89, 0xD7, 0xD9, 0x85, 0x3D, 0x0F, 0xEA, 0x42,
    0xD4, 0xAE, 0x86, 0xBF, 0x8F, 0x50, 0xCA, 0x00, 0x8E, 0xBF, 0xBA, 0x98, 0xE8, 0xDF, 0x80, 0x7E,
    0xA0, 0x2A, 0x8F, 0x86, 0xE3, 0x17, 0xA3, 0x9E, 0xF4, 0x4C, 0x81, 0x98, 0xB7, 0x2A, 0xCC, 0x15,
    0x5A, 0xAE, 0x21, 0x00, 0x37, 0x3B, 0xB2, 0xB7, 0xB7, 0x27, 0xDF, 0x64, 0xC2, 0x5C, 0x34, 0x21,
    0xDB, 0x1E, 0xED, 0x00, 0x85, 0xB4, 0x07, 0xDF, 0xD2, 0x73, 0x8A, 0x05, 0x9F, 0xB6, 0x25, 0xD1,
    0xC5, 0x1E, 0xE0, 0x8D, 0xAB, 0x69, 0xF6, 0x24, 0x7C, 0x07, 0xC9, 0xC8, 0xE9, 0x3B, 0xF6, 0xD8,
    0xED, 0x01, 0x1A, 0xCA, 0x2D, 0x46, 0x1D, 0x16, 0x75, 0xE9, 0xA4, 0xD1, 0x6A, 0xF3, 0xAC, 0xA9,
    0x46, 0xE8, 0x8A, 0x4B, 0x7F, 0x39, 0x21, 0x9E, 0x93, 0x4B, 0x33, 0xB2, 0x3E, 0x7D, 0x89, 0xB9,
    0x90, 0x99, 0x09, 0x62, 0x33, 0xD3, 0x19, 0xC1, 0x51, 0xD0, 0xA0, 0x93, 0x4C, 0x2D, 0x9C, 0x66,
    0x66, 0x61, 0x8B, 0x1A, 0x89, 0x79, 0x8F, 0x0B, 0x9C, 0x6C, 0x71, 0x9E, 0x59, 0xC5, 0x66, 0xCD,
    0xFC, 0xF9, 0x19, 0x4D, 0x47, 0x8C, 0x5A, 0x62, 0xEC, 0x68, 0x3D, 0x31, 0xEF, 0xE2, 0x9A, 0xFB,
    0x24, 0xF6, 0x59, 0x24, 0x73, 0x6A, 0xDF, 0x45, 0x24, 0x1F, 0x25, 0x2C, 0x49, 0xE6, 0x10, 0x33,
    0xC9, 0x02, 0xD8, 0x24, 0xE8, 0x4D, 0x40, 0x55, 0xEC, 0xB4, 0x49, 0x07, 0xCE, 0xD5, 0xC4, 0x96,
    0xDD, 0x36, 0x67, 0x23, 0x45, 0xE1, 0x72, 0xC7, 0xB8, 0x15, 0x44, 0x66, 0xA6, 0xFA, 0x8D, 0x28,
    0x0E, 0x0D, 0x23, 0x0D, 0xCF, 0x18, 0x62, 0x06, 0x9B, 0xF1, 0xA4, 0x18, 0x18, 0xD1, 0x14, 0x05,
    0x8C, 0x47, 0x66, 0x57, 0xE8, 0x3E, 0x1C, 0x89, 0x7A, 0xB6, 0xC4, 0xB4, 0x4F, 0x7A, 0xAA, 0x4A,
    0x89, 0xED, 0xBA, 0xC2, 0x7C, 0x4D, 0x61, 0x4E, 0xEB, 0x6C, 0xE6, 0xAF, 0xA2, 0x44, 0x22, 0xED,
    0xBA, 0xA3, 0x19, 0x42, 0x66, 0xC5, 0xF2, 0xE3, 0xD0, 0x08, 0xA9, 0x75, 0x94, 0xE2, 0x9F, 0x22,
    0x60, 0x8D, 0xDC, 0x32, 0xE7, 0x9E, 0x62, 0xFB, 0x81, 0xE6, 0x19, 0x51, 0x6F, 0x4A, 0x0D, 0xB3,
    0x10, 0x63, 0x2D, 0x2B, 0x99, 0x74, 0x4F, 0xCB, 0x00, 0xAA, 0x2E, 0x2D, 0x9D, 0x7C, 0x38, 0x4C,
    0x0C, 0x26, 0x40, 0x7E, 0xE7, 0xEE, 0xA5, 0x11, 0x7F, 0xF4, 0xF8, 0xE1, 0x57, 0x03, 0xFE, 0xEC,
    0x87, 0xAF, 0x6F, 0xF7, 0xF8, 0xFB, 0x2F, 0x6F, 0xDD, 0xED, 0xF0, 0xE7, 0xB7, 0x6E, 0x3D, 0x08,
    0x9A, 0xEF, 0xDD, 0xF1, 0x60, 0xAF, 0xEC, 0x02, 0x7E, 0xF8, 0x11, 0x02, 0xBE, 0x92, 0xF1, 0xF5,
    0x8C, 0xF5, 0xBA, 0xB1, 0xF1, 0x14, 0xA8, 0x90, 0xA9, 0x93, 0x10, 0x1D, 0x7E, 0xB3, 0x72, 0x09,
    0x4B, 0x3D, 0x8C, 0xB3, 0xA8, 0xC2, 0x5F, 0x4E, 0xF7, 0xDB, 0xB8, 0x00, 0x1F, 0xA4, 0xEB, 0x44,
    0xEC, 0x63, 0xC6, 0x19, 0x40, 0x5B, 0x78, 0x44, 0x84, 0x96, 0x2F, 0x1D, 0x4C, 0x17, 0x13, 0xD3,
    0x35, 0xCC, 0x3A, 0x10, 0xDB, 0xDF, 0x8C, 0x77, 0x44, 0x54, 0x4E, 0x3B, 0xA6, 0x36, 0x4C, 0x1D,
    0x15, 0xC5, 0xF3, 0x98, 0xB3, 0xF6, 0x53, 0x2D, 0x82, 0x94, 0x90, 0x0C, 0xD8, 0x58, 0xBD, 0xF9,
    0x68, 0x87, 0x85, 0xD5, 0x6F, 0x50, 0xD2, 0x07, 0xAA, 0x82, 0xFB, 0x19, 0xE1, 0x97, 0x96, 0x11,
    0x68, 0xBC, 0x0D, 0x50, 0x1F, 0xA8, 0x29, 0xDA, 0xC3, 0x8D, 0x46, 0xED, 0xA6, 0x7A, 0x6F, 0x01,
    0x42, 0xD0, 0x0F, 0x72, 0x93, 0x5C, 0xA7, 0x55, 0x2A, 0xA3, 0x87, 0x88, 0x7C, 0x56, 0x74, 0xCB,
    0xB9, 0x89, 0xEB, 0xBF, 0x32, 0xBE, 0xD8, 0xD3, 0x06, 0x6E, 0x0F, 0xCE, 0x02, 0x30, 0xFA, 0x71,
    0x8A, 0xF0, 0xD3, 0x11, 0x07, 0xBC, 0x3F, 0x31, 0x05, 0xA2, 0x65, 0xCC, 0xB2, 0xCF, 0x70, 0x90,
    0x62, 0xC1, 0x84, 0x9E, 0xD8, 0xB8, 0xE8, 0x1C, 0xDB, 0x08, 0xC7, 0x8C, 0xA4, 0x45, 0xA6, 0xD8,
    0xB2, 0x63, 0x71, 0x5A, 0x61, 0x2E, 0xB1, 0x6B, 0xE9, 0xAF, 0x63, 0x95, 0x33, 0x23, 0x1D, 0xC5,
    0xD1, 0x54, 0xE4, 0xD1, 0x61, 0x7B, 0x5A, 0xA6, 0x61, 0xAA, 0x7D, 0x97, 0xAD, 0x0E, 0x43, 0x4C,
    0xEC, 0x89, 0x18, 0xE3, 0xEF, 0xA5, 0x43, 0x43, 0x6F, 0xA2, 0x94, 0xC7, 0x7F, 0x2B, 0x38, 0xF2,
    0xA1, 0x45, 0x61, 0x91, 0x5A, 0xB6, 0xD1, 0x0C, 0x48, 0x15, 0x2D, 0x8E, 0x1E, 0x3B, 0x16, 0x74,
    0x9D, 0x3C, 0xBF, 0x9F, 0x03, 0x85, 0x1F, 0xB6, 0x81, 0xB2, 0x99, 0x47, 0xE0, 0xE2, 0x66, 0xD9,
    0xC2, 0x8C, 0xBF, 0xB7, 0x09, 0xFD, 0x8A, 0x8C, 0xB3, 0xD7, 0x89, 0xE7, 0x89, 0xC0, 0x67, 0x80,
    0x05, 0x3E, 0x47, 0xE4, 0x80, 0x8B, 0x3C, 0x32, 0xCA, 0xBF, 0x62, 0xD4, 0x72, 0x51, 0x1F, 0x0E,
    0xFA, 0x25, 0x5F, 0xD7, 0xCE, 0xFA, 0x35, 0x68, 0x3A, 0xA5, 0x96, 0x88, 0x88, 0x04, 0x73, 0x8D,
    0x37, 0x27, 0x13, 0xB0, 0xA7, 0x2B, 0xCF, 0x7D, 0x30, 0x33, 0xE8, 0xA9, 0x15, 0xF0, 0xBB, 0x03,
    0x6B, 0xA9, 0xAC, 0x33, 0x46, 0xB4, 0x41, 0x46, 0xE7, 0x78, 0x3C, 0x87, 0xDC, 0x99, 0xD0, 0xB9,
    0x02, 0xC5, 0x23, 0xB6, 0x48, 0x43, 0xA0, 0xC2, 0x25, 0xA1, 0x79, 0x05, 0x4A, 0x7B, 0x9C, 0xE7,
    0x4B, 0x1D, 0xAE, 0x93, 0x5A, 0xF4, 0x28, 0x6D, 0xEE, 0x02, 0x55, 0x28, 0xD8, 0xC1, 0x1A, 0x6D,
    0x61, 0x3E, 0x3C, 0x8D, 0x1C, 0xE6, 0xF0, 0x34, 0xE6, 0x86, 0x15, 0x48, 0x40, 0xCA, 0xC9, 0x43,
    0x7F, 0x98, 0x60, 0x2D, 0x9F, 0x18, 0x19, 0x79, 0x66, 0x7D, 0x09, 0x78, 0xA0, 0x02, 0x04, 0x68,
    0x88, 0xF0, 0xFC, 0x83, 0x99, 0x7F, 0x0C, 0x7F, 0x67, 0x20, 0x86, 0xC3, 0x44, 0x23, 0x03, 0x1B,
    0x0E, 0xD7, 0xD4, 0x86, 0x71, 0x00, 0x67, 0x8C, 0xFA, 0x09, 0xC5, 0x71, 0xE4, 0xDA, 0xFD, 0x8F,
    0x41, 0x55, 0xC3, 0xCF, 0x25, 0xB2, 0x96, 0x6A, 0x15, 0x01, 0x42, 0xF9, 0x79, 0xB9, 0xBF, 0x3E,
    0x5A, 0x3F, 0x7B, 0x86, 0x78, 0xEA, 0x05, 0xE2, 0x99, 0x77, 0x88, 0x95, 0xD7, 0x3B, 0x9B, 0xAD,
    0xB9, 0x7F, 0xD0, 0x03, 0x7E, 0xFF, 0x9F, 0xF9, 0x6D, 0xEB, 0xDF, 0x6F, 0xF3, 0xCB, 0xE0, 0xD7,
    0xB7, 0x98, 0x65, 0xF7, 0x78, 0x81, 0xFC, 0xC3, 0x2D, 0x5E, 0x8A, 0x7F, 0x41, 0xAC, 0x5E, 0xBE,
    0x0C, 0xA0, 0x89, 0x5F, 0xA1, 0x16, 0xB3, 0xA1, 0xA3, 0xD9, 0xFF, 0x83, 0x0D, 0x01, 0x95, 0xD5,
    0x73, 0x1E, 0x8E, 0x44, 0x9A, 0x24, 0x9C, 0xAE, 0xB4, 0xE3, 0xE9, 0x64, 0xE6, 0xD6, 0xB0, 0x06,
    0x7B, 0xFE, 0x16, 0x88, 0x17, 0x88, 0x17, 0xAE, 0x33, 0x5F, 0x7C, 0x4F, 0x14, 0xBE, 0x27, 0x2F,
    0xD1, 0x4C, 0x41, 0xE5, 0x88, 0xDC, 0xC3, 0xB3, 0x02, 0xCD, 0x8C, 0x9C, 0x33, 0x34, 0x8A, 0x56,
    0x2F, 0x61, 0x62, 0x19, 0x70, 0x84, 0x30, 0x4F, 0x12, 0x8D, 0x97, 0x7E, 0xBF, 0xEB, 0xC0, 0x0E,
    0x3F, 0xF2, 0x3E, 0xE2, 0x59, 0x8A, 0xD6, 0x48, 0x40, 0x1D, 0x15, 0x15, 0x6B, 0x62, 0x65, 0x35,
    0x80, 0x91, 0xD7, 0xDF, 0xCB, 0x88, 0xE9, 0xC8, 0x7F, 0x56, 0x1D, 0x76, 0x85, 0x97, 0x55, 0x00,
    0x4E, 0x00, 0xF1, 0xE5, 0x9F, 0xFF, 0xD7, 0x40, 0xFA, 0x2A, 0xD1, 0xB0, 0xA1, 0xFE, 0x1F, 0xC5,
    0xBB, 0x01, 0xA8, 0x25, 0xD7, 0x7D, 0xDF, 0xFF, 0x99, 0x19, 0x6B, 0x47, 0xDA, 0x91, 0xF6, 0x08,
    0x90, 0xC1, 0x78, 0xA5, 0x37, 0xFB, 0x0F, 0x1B, 0xE2, 0xD8, 0xDA, 0x37, 0x06, 0x16, 0xFE, 0x4B,
    0xB9, 0xF7, 0xCD, 0xB1, 0x17, 0x22, 0x5A, 0x03, 0x5E, 0xC0, 0x9B, 0x40, 0x03, 0xB1, 0x81, 0x00,
    0x8D, 0x03, 0x59, 0x01, 0x02, 0x5E, 0x92, 0xB7, 0x3B, 0xB3, 0x52, 0xC1, 0x14, 0x03, 0x7D, 0xD0,
    0xBA, 0xA5, 0x69, 0x29, 0x0B, 0x55, 0x4A, 0xF5, 0x04, 0x95, 0x80, 0xD7, 0xF0, 0x4C, 0x9E, 0x76,
    0xCE, 0xCA, 0x80, 0x29, 0x01, 0x32, 0x4A, 0x09, 0xA6, 0x94, 0x56, 0xD3, 0x44, 0x89, 0x63, 0xB9,
    0xAD, 0x4E, 0xE2, 0xB1, 0x33, 0x2B, 0xCD, 0x9D, 0xD3, 0x39, 0xBF, 0x73, 0xDF, 0xBB, 0xDA, 0xB5,
    0x9D, 0x3A, 0x94, 0x34, 0xC3, 0xBD, 0xDF, 0xEF, 0xEF, 0xCE, 0x9D, 0x39, 0xE7, 0xF7, 0x3D, 0xE7,
    0xF7, 0xFB, 0xCD, 0x99, 0x37, 0xF7, 0xB1, 0xDE, 0x8A, 0x1F, 0xD4, 0x64, 0x3A, 0xBA, 0x7F, 0xA3,
    0xA6, 0x20, 0xE9, 0x0A, 0xCD, 0x1E, 0xCA, 0x94, 0xD0, 0x93, 0xEB, 0x92, 0xD8, 0x52, 0xB2, 0x43,
    0x6A, 0x66, 0xBA, 0x89, 0xD2, 0xDC, 0x62, 0x64, 0x07, 0xA1, 0xE3, 0x99, 0x92, 0x31, 0xB2, 0x50,
    0x66, 0xE3, 0xD5, 0x0E, 0xF2, 0xB1, 0xF9, 0x3D, 0x03, 0x67, 0xF6, 0x7F, 0x36, 0x07, 0x80, 0x65,
    0xA0, 0x21, 0xBA, 0x06, 0xC4, 0xB6, 0x9A, 0x80, 0xE4, 0xCD, 0xA1, 0xAA, 0x41, 0x7D, 0xB5, 0x2D,
    0x67, 0x2A, 0xA4, 0x2F, 0xF6, 0x8A, 0x1A, 0xA0, 0x2F, 0x35, 0x90, 0x74, 0x25, 0x40, 0x66, 0x84,
    0x94, 0x96, 0x9D, 0x3B, 0x94, 0xF5, 0xE3, 0x70, 0x8C, 0x7A, 0xFF, 0x98, 0xC8, 0x92, 0xBA, 0x0E,
    0x80, 0x8F, 0xC2, 0xDF, 0x8A, 0x14, 0xA7, 0xBD, 0x94, 0xFB, 0x95, 0x01, 0xF5, 0x92, 0x55, 0x5E,
    0x4A, 0x62, 0x1F, 0x03, 0xF6, 0x92, 0x49, 0x03, 0x7D, 0xE4, 0x7A, 0x2F, 0x05, 0x2F, 0x3A, 0x33,
    0xC4, 0xCE, 0x4B, 0xD9, 0xA6, 0x14, 0x29, 0xEC, 0xC0, 0x31, 0xE5, 0x6D, 0x91, 0xA2, 0xD6, 0x52,
    0xBE, 0xC0, 0xE9, 0x76, 0xC3, 0xDD, 0x87, 0xD4, 0x39, 0x57, 0x53, 0x74, 0x9C, 0x87, 0x06, 0x20,
    0x72, 0x00, 0xC9, 0xDB, 0x00, 0xD9, 0x3F, 0x06, 0x50, 0x0A, 0x20, 0x17, 0xBC, 0x24, 0xB8, 0xF8,
    0x89, 0x71, 0x29, 0xB8, 0xBD, 0x69, 0x01, 0xF5, 0x79, 0x80, 0xF4, 0xF7, 0x01, 0x12, 0x07, 0x40,
    0xC0, 0xAA, 0x26, 0x82, 0xCC, 0x1D, 0x38, 0x88, 0x1A, 0xE7, 0x98, 0xE9, 0x3A, 0x9B, 0x2D, 0x72,
    0x2D, 0xC4, 0x6E, 0x22, 0x73, 0x03, 0x14, 0xCE, 0x75, 0x79, 0xFD, 0x06, 0x91, 0xD3, 0x45, 0xEF,
    0xC5, 0x66, 0xC3, 0xFC, 0x5A, 0x92, 0x53, 0xB4, 0xA4, 0x62, 0x34, 0x35, 0x49, 0x3F, 0x1B, 0x5E,
    0x51, 0xB2, 0x5F, 0x52, 0x26, 0x23, 0xC0, 0x7C, 0x56, 0x36, 0x00, 0xBE, 0x1D, 0x65, 0xD7, 0x2D,
    0xE7, 0x62, 0x00, 0x65, 0x7B, 0x62, 0x98, 0xC0, 0x54, 0xA7, 0x46, 0x1D, 0x98, 0xE6, 0xD4, 0xD0,
    0x3F, 0xDE, 0xA8, 0x37, 0x67, 0x3D, 0xD4, 0x60, 0xD1, 0xC1, 0x65, 0x00, 0x35, 0x40, 0x1F, 0xC6,
    0x41, 0x9F, 0x0F, 0x0E, 0x38, 0xE7, 0x0C, 0x00, 0xB9, 0x5B, 0x41, 0x08, 0x3E, 0x2D, 0x2E, 0x3A,
    0xEB, 0xD5, 0xCB, 0x2C, 0xAA, 0xE0, 0xBE, 0x15, 0xEC, 0x90, 0xE1, 0xD2, 0x32, 0x24, 0x96, 0x68,
    0xCA, 0x7F, 0x6F, 0x20, 0x1D, 0x8A, 0x6F, 0x8C, 0xA8, 0xAE, 0x7C, 0x69, 0xA0, 0x30, 0xE5, 0xD5,
    0x8E, 0xB2, 0x2E, 0x81, 0x4A, 0x57, 0x1E, 0x69, 0x80, 0x86, 0x49, 0x70, 0xE5, 0xF1, 0x33, 0x23,
    0x50, 0xDD, 0xF6, 0x58, 0xBE, 0x39, 0xC4, 0x90, 0x7F, 0x70, 0xBF, 0x41, 0xA7, 0xCE, 0xAD, 0x12,
    0x43, 0x35, 0xE9, 0x19, 0x33, 0x4B, 0x56, 0xA3, 0x3A, 0x94, 0x26, 0x6F, 0x29, 0x39, 0xE3, 0xE6,
    0x0D, 0x35, 0xC3, 0x04, 0x85, 0x88, 0x89, 0x26, 0x47, 0x6C, 0xC9, 0xBA, 0x92, 0xD4, 0x90, 0x9B,
    0x25, 0x4A, 0x53, 0xD6, 0x50, 0xCA, 0x8B, 0x63, 0xA8, 0x20, 0xEA, 0xA1, 0x81, 0xA4, 0x13, 0xCA,
    0x0C, 0x54, 0x3C, 0x99, 0x6B, 0x28, 0x6F, 0xDF, 0xD9, 0x11, 0xF1, 0x66, 0x04, 0xA2, 0x57, 0x22,
    0x0B, 0x84, 0x03, 0x01, 0x65, 0x22, 0x0D, 0x14, 0x34, 0x23, 0x70, 0x33, 0xE9, 0x2B, 0x60, 0x50,
    0x6D, 0x51, 0x13, 0xDB, 0xA2, 0x2E, 0x0C, 0x69, 0x5B, 0x32, 0x93, 0xAA, 0x2B, 0x4F, 0x25, 0x77,
    0x7D, 0xDF, 0x37, 0x99, 0x28, 0x35, 0x03, 0x77, 0x69, 0x48, 0x2C, 0xB7, 0xA2, 0xD1, 0xF7, 0x59,
    0x7E, 0xC5, 0xA7, 0x2C, 0x99, 0xAB, 0x01, 0x78, 0x12, 0x90, 0xE6, 0x81, 0x6A, 0x05, 0x97, 0x20,
    0xEE, 0x2B, 0xCD, 0x31, 0x64, 0x6D, 0xA9, 0xBD, 0x27, 0xB9, 0x29, 0x49, 0x5A, 0x28, 0xF5, 0x93,
    0xA8, 0xA0, 0x89, 0x02, 0x51, 0xC4, 0x62, 0xCD, 0x03, 0xB2, 0x3F, 0xB6, 0x9E, 0xEB, 0xA7, 0x53,
    0x03, 0xE4, 0x7F, 0x3A, 0x28, 0x0D, 0xBE, 0x9C, 0xEC, 0xAC, 0x93, 0xF0, 0x58, 0x18, 0x7A, 0x3E,
    0x2C, 0x90, 0xEC, 0x1B, 0x8E, 0x37, 0x80, 0x9C, 0xBB, 0x72, 0xC8, 0x92, 0x9B, 0x8C, 0xC0, 0xC0,
    0x1E, 0x83, 0xB4, 0x7A, 0x1C, 0xF5, 0x78, 0x27, 0xC6, 0xD9, 0xF6, 0x4E, 0x0C, 0xC9, 0xCC, 0x05,
    0x51, 0x9F, 0xCD, 0xBC, 0x47, 0x6C, 0xF3, 0x0E, 0x7A, 0x92, 0xFE, 0x37, 0x5B, 0xDF, 0x6A, 0xEC,
    0xBE, 0xFD, 0x03, 0x52, 0x43, 0xE4, 0x5E, 0x9A, 0x00, 0x78, 0x8A, 0x6B, 0x9B, 0x5A, 0xE6, 0xDE,
    0x81, 0xD8, 0xBD, 0xE7, 0x40, 0xF5, 0x38, 0x43, 0x39, 0xBF, 0x5A, 0x1A, 0x4D, 0xD1, 0xE1, 0x77,
    0xB6, 0x82, 0x35, 0x13, 0x7C, 0x04, 0x1C, 0x20, 0x28, 0xD2, 0x00, 0xF2, 0x2E, 0xA4, 0xCF, 0x04,
    0x9C, 0x77, 0x2B, 0x6F, 0xEE, 0x03, 0xE9, 0xB0, 0xF9, 0xB2, 0x34, 0x9B, 0x24, 0x68, 0x7E, 0x18,
    0x0D, 0x3C, 0x4F, 0xD9, 0x79, 0x65, 0xC5, 0x8A, 0x1B, 0x2D, 0x99, 0x73, 0x4E, 0x43, 0xE3, 0x86,
    0x87, 0xF3, 0xFF, 0x86, 0x6B, 0x21, 0x71, 0xEF, 0xAD, 0x20, 0x1F, 0x70, 0x9A, 0xB2, 0x15, 0x87,
    0x6B, 0xDF, 0x53, 0x09, 0xCA, 0x92, 0x0B, 0x02, 0x59, 0x2F, 0x38, 0x3C, 0x8C, 0xAA, 0x87, 0xEB,
    0xD7, 0xBF, 0xD8, 0x13, 0x3B, 0x49, 0x96, 0xEB, 0xD7, 0x6F, 0xD8, 0x90, 0x92, 0x9B, 0xDC, 0x2F,
    0xCD, 0xC6, 0x3F, 0xC7, 0x25, 0x88, 0x26, 0x6E, 0x41, 0x32, 0xD2, 0x48, 0xC3, 0x55, 0x4D, 0xD1,
    0x7A, 0x9F, 0x9D, 0x26, 0x77, 0xAF, 0x8D, 0x10, 0x3B, 0x91, 0xFD, 0xC8, 0x66, 0x64, 0xD7, 0x45,
    0xC5, 0x79, 0x31, 0x99, 0x1B, 0x82, 0xE1, 0xCB, 0x55, 0x53, 0x53, 0x49, 0x6D, 0xAE, 0x34, 0x05,
    0x52, 0xA5, 0x20, 0x17, 0xC3, 0xC1, 0xD6, 0x89, 0xF1, 0x0C, 0x25, 0x25, 0xD3, 0xBA, 0x5C, 0x45,
    0xAB, 0x75, 0xB9, 0x8A, 0xC7, 0x75, 0xCB, 0x89, 0x18, 0x40, 0x32, 0x04, 0x26, 0x3D, 0x35, 0x9C,
    0x5B, 0x11, 0x8E, 0x77, 0x23, 0x10, 0x86, 0x24, 0x18, 0x5D, 0x60, 0xF2, 0x36, 0x30, 0x85, 0x09,
    0x4C, 0xF9, 0xC3, 0xC6, 0x69, 0x01, 0x3B, 0x2D, 0x69, 0xA7, 0xCA, 0xF4, 0xC9, 0x8C, 0xBC, 0xCB,
    0x49, 0xD5, 0x12, 0x86, 0x33, 0xC3, 0xD9, 0x3B, 0x40, 0xF5, 0x52, 0xD9, 0x41, 0x3C, 0xC5, 0x8D,
    0x81, 0x6C, 0x4C, 0xA4, 0x3C, 0xD9, 0xC4, 0x01, 0x55, 0x9B, 0x4A, 0xA0, 0x18, 0x35, 0x4A, 0xE1,
    0xCB, 0x2D, 0x9C, 0x73, 0x94, 0x9D, 0x26, 0x5E, 0x51, 0xDD, 0xAB, 0x49, 0x46, 0xDC, 0xCF, 0x41,
    0xD2, 0x27, 0xEE, 0x63, 0x10, 0xDB, 0x6C, 0xF5, 0x25, 0x88, 0xEC, 0xA7, 0xA6, 0x1A, 0xF8, 0x9D,
    0x7F, 0x29, 0xA2, 0x3E, 0x92, 0x87, 0xCA, 0xDD, 0x88, 0x92, 0xAD, 0x10, 0x5F, 0xAF, 0x37, 0x00,
    0xA9, 0x9E, 0x00, 0x16, 0x61, 0xB0, 0xAC, 0x8C, 0x50, 0x6A, 0x32, 0x0B, 0x28, 0x54, 0x0B, 0x2C,
    0x28, 0x6B, 0xA1, 0x5B, 0x00, 0x57, 0x18, 0x85, 0x42, 0x0E, 0x3E, 0x91, 0x6B, 0x80, 0xE8, 0x9F,
    0xF2, 0xC0, 0xB6, 0xAD, 0x03, 0x43, 0xDC, 0xB6, 0xC2, 0x3C, 0x8A, 0xC2, 0x6B, 0x8D, 0xE0, 0x79,
    0x16, 0xB4, 0xC0, 0xCF, 0x98, 0xC8, 0x60, 0x63, 0x03, 0xD1, 0x4B, 0x26, 0xD3, 0x49, 0x9B, 0xD4,
    0xF0, 0x48, 0x66, 0x0A, 0x54, 0xAD, 0x80, 0xA7, 0x7C, 0x08, 0x14, 0x2C, 0x80, 0x6B, 0xE5, 0x99,
    0x3D, 0x6E, 0x62, 0x81, 0x7A, 0x71, 0x71, 0x60, 0x4C, 0x0C, 0xC4, 0xEC, 0xBC, 0xD4, 0x27, 0xFD,
    0x16, 0x22, 0x31, 0xB5, 0xA9, 0xBD, 0x73, 0x32, 0x73, 0xEA, 0xDD, 0xD3, 0xB9, 0x2B, 0x4E, 0x2F,
    0x51, 0xF7, 0x4E, 0x66, 0x82, 0xEA, 0xCF, 0x9C, 0x30, 0xE0, 0x82, 0x7E, 0x20, 0x73, 0x61, 0x0C,
    0x80, 0x7F, 0x33, 0x85, 0x48, 0x39, 0xB3, 0x1F, 0xA7, 0x63, 0xDA, 0x03, 0xE4, 0xF6, 0x63, 0x6A,
    0x7D, 0x01, 0x2C, 0xFB, 0x0B, 0xB9, 0x55, 0x9D, 0x98, 0x96, 0xB2, 0xCD, 0xDB, 0x48, 0xC3, 0x4E,
    0x4D, 0x55, 0xE7, 0xE6, 0x0C, 0x70, 0x19, 0x26, 0xF2, 0xFA, 0x63, 0xC0, 0x45, 0x92, 0x01, 0xA5,
    0xBF, 0x04, 0x3C, 0x4E, 0xD6, 0xA2, 0x3E, 0x5B, 0x03, 0xF1, 0xD7, 0xDE, 0x80, 0xE4, 0x5F, 0x6C,
    0x2E, 0x58, 0x27, 0xB9, 0xD0, 0x4A, 0x61, 0x4D, 0x57, 0x51, 0x0B, 0x14, 0x92, 0xDB, 0xFC, 0x8E,
    0x1B, 0x65, 0x20, 0x25, 0xEB, 0x32, 0x43, 0x08, 0x73, 0xA1, 0x52, 0x9F, 0x90, 0xEB, 0x66, 0xAA,
    0x53, 0xE7, 0x66, 0x32, 0xDB, 0xAF, 0x3A, 0x43, 0xD1, 0xDE, 0x61, 0xA6, 0xFC, 0x7B, 0x35, 0xA5,
    0x41, 0x39, 0xE4, 0x52, 0xBF, 0x92, 0x70, 0x4E, 0x66, 0x52, 0x1D, 0xD1, 0x24, 0x44, 0x13, 0xA8,
    0x5C, 0x93, 0x16, 0xCA, 0x91, 0xE9, 0xDF, 0x12, 0x3A, 0x7C, 0x76, 0x26, 0x93, 0x4C, 0x9F, 0xF6,
    0xA4, 0x9C, 0xF1, 0x74, 0xA5, 0xD2, 0xDE, 0x91, 0xFA, 0x1C, 0x50, 0x68, 0x36, 0x2B, 0xB2, 0xFA,
    0x75, 0x80, 0xF8, 0x03, 0x03, 0x90, 0x4C, 0x00, 0xF0, 0x25, 0xA8, 0x46, 0x70, 0xBD, 0xE0, 0xB0,
    0xBB, 0x00, 0x7B, 0x24, 0xB8, 0xFB, 0xD7, 0xC6, 0xD2, 0xB9, 0x80, 0x61, 0xCF, 0xFF, 0x1D, 0x06,
    0x7F, 0x02, 0x46, 0x07, 0x77, 0x80, 0xC4, 0x85, 0x2A, 0x27, 0xA8, 0x3A, 0xC1, 0x16, 0x20, 0x37,
    0x9B, 0x2A, 0x50, 0xD6, 0x82, 0xFA, 0xA3, 0x1E, 0x3F, 0xEB, 0x5A, 0xA8, 0x94, 0xB3, 0xD0, 0x2C,
    0xB3, 0x1E, 0xA6, 0xD7, 0x93, 0x61, 0x46, 0x33, 0x63, 0xE4, 0x74, 0xE2, 0x2B, 0x28, 0xA9, 0x25,
    0x5E, 0x91, 0x59, 0x92, 0x11, 0x35, 0x63, 0x8F, 0xEA, 0xFC, 0x4E, 0xD5, 0xFA, 0x9D, 0xB9, 0xF1,
    0x1F, 0x0B, 0xC1, 0xB2, 0x46, 0xB5, 0x1E, 0x73, 0x43, 0xA9, 0x29, 0x04, 0xCB, 0x9A, 0xF2, 0x9E,
    0xF6, 0x86, 0xD3, 0x25, 0xA8, 0x50, 0xDC, 0x34, 0x3F, 0xD2, 0x67, 0xED, 0xF1, 0xBF, 0xD4, 0x40,
    0xEE, 0xBC, 0x5D, 0xF4, 0xA7, 0x6B, 0xB3, 0xD4, 0x79, 0x9F, 0x8B, 0xC6, 0xFB, 0x7C, 0xF1, 0x6F,
    0xC9, 0xE7, 0x07, 0xB6, 0xE8, 0xD5, 0x7D, 0xE1, 0x5F, 0x7B, 0x54, 0x28, 0x6B, 0x9F, 0x17, 0x7E,
    0x43, 0x72, 0x80, 0xD4, 0x26, 0x61, 0xD4, 0x6B, 0xA5, 0x01, 0xEE, 0x52, 0x00, 0xC4, 0x03, 0xB7,
    0xC2, 0xD7, 0xAC, 0x00, 0x94, 0x89, 0xD7, 0xCB, 0xD5, 0x74, 0xB8, 0x00, 0x14, 0x28, 0x1B, 0x38,
    0xB7, 0x4F, 0x02, 0xDB, 0x94, 0xDD, 0x35, 0xE0, 0x19, 0x2A, 0x53, 0x03, 0x4F, 0xE0, 0xEE, 0x69,
    0xE0, 0x6C, 0xEC, 0x8B, 0x27, 0xC4, 0x2F, 0xB9, 0x5F, 0xF6, 0xF9, 0xCE, 0x0D, 0xA7, 0x21, 0xB7,
    0xC1, 0xD7, 0xB2, 0xA7, 0xE8, 0xD7, 0x69, 0xDE, 0x21, 0x39, 0xEE, 0x8C, 0x24, 0x78, 0xE4, 0x90,
    0xEC, 0x4E, 0x47, 0x24, 0xB5, 0xF3, 0x96, 0x75, 0x5E, 0x6F, 0x92, 0x1A, 0x28, 0xF6, 0x21, 0x72,
    0x2B, 0x9E, 0x4E, 0x9C, 0xFB, 0x93, 0x2E, 0xFB, 0x53, 0xE7, 0xF4, 0x16, 0xD9, 0x78, 0xE1, 0x0A,
    0x5C, 0xF3, 0x3A, 0x53, 0xBD, 0x0F, 0x39, 0x40, 0x05, 0xD0, 0x3C, 0x08, 0x95, 0x80, 0x06, 0x4A,
    0x81, 0xFA, 0x47, 0x80, 0xF6, 0x00, 0x86, 0x1D, 0xE2, 0x96, 0x3D, 0x32, 0x8B, 0x25, 0x1F, 0x92,
    0x9A, 0xFF, 0xDF, 0xAD, 0x40, 0x57, 0x1D, 0xF0, 0x11, 0x1E, 0xD8, 0xCE, 0x1F, 0xD4, 0xBF, 0xD1,
    0x42, 0xDC, 0x91, 0x98, 0xE7, 0x43, 0xA6, 0x33, 0xF3, 0x2E, 0x2C, 0x67, 0x8E, 0x2C, 0x8C, 0xBC,
    0x4E, 0x62, 0x88, 0x7B, 0x5A, 0xB2, 0x9A, 0xD4, 0x46, 0x06, 0x05, 0xAA, 0x4B, 0xB4, 0xE7, 0xDC,
    0xA4, 0x33, 0x40, 0x69, 0x1E, 0x87, 0x2D, 0x68, 0xEA, 0x8B, 0x70, 0x0E, 0x1C, 0xFB, 0xA0, 0x88,
    0x5D, 0xAC, 0xBD, 0xB6, 0x64, 0xF5, 0x18, 0x90, 0x98, 0x6C, 0xBC, 0x03, 0x70, 0xA8, 0x9C, 0x0E,
    0x85, 0xB6, 0x87, 0x50, 0x3D, 0x03, 0x8B, 0x8F, 0x40, 0x63, 0x02, 0xBB, 0x5A, 0x28, 0x76, 0x50,
    0xF3, 0xC9, 0x5F, 0x49, 0x56, 0xC4, 0x9A, 0x6B, 0xD1, 0x77, 0x07, 0xCE, 0x80, 0xAC, 0x27, 0x3E,
    0x06, 0x17, 0xFC, 0x69, 0x77, 0xE0, 0xE3, 0x3F, 0xFF, 0xCE, 0xF6, 0x2F, 0x6A, 0x59, 0x26, 0x46,
    0xD7, 0x40, 0x0C, 0x59, 0xA6, 0xE6, 0xDF, 0xEA, 0x28, 0xB5, 0xA5, 0xE2, 0x90, 0x8A, 0x17, 0xA8,
    0xD8, 0x15, 0x0E, 0x9F, 0x5F, 0xA7, 0xC2, 0x52, 0x45, 0x1D, 0x55, 0x62, 0xA8, 0x94, 0xA6, 0x5A,
    0x42, 0xD5, 0x7B, 0x31, 0x9C, 0x77, 0x50, 0x35, 0xF0, 0x64, 0x05, 0x6C, 0xDE, 0x4F, 0xC8, 0xBB,
    0xD4, 0xCF, 0x52, 0x9A, 0x2B, 0xA8, 0xF7, 0x2D, 0x89, 0x33, 0xF0, 0xD4, 0xE9, 0xB8, 0xBA, 0x49,
    0x13, 0xB9, 0x77, 0xDD, 0x40, 0xF6, 0xCE, 0x6C, 0x90, 0x6B, 0x64, 0x55, 0x0F, 0x89, 0xD9, 0x03,
    0xA8, 0x8F, 0x00, 0x38, 0xCA, 0xAC, 0x32, 0x1C, 0xA9, 0x2E, 0x37, 0xEC, 0xA9, 0xD6, 0x27, 0x8B,
    0x32, 0x3E, 0x83, 0xDE, 0x33, 0xA5, 0xF6, 0x8D, 0x96, 0x40, 0x75, 0xBF, 0x01, 0x4A, 0xE7, 0xBC,
    0x7D, 0xC6, 0x75, 0x33, 0xE2, 0x56, 0x70, 0x37, 0x1A, 0x2B, 0x58, 0x45, 0xA3, 0x32, 0x8C, 0xF1,
    0x90, 0x98, 0x68, 0x4C, 0xFA, 0xA4, 0x0D, 0x18, 0x8F, 0x89, 0x0D, 0x98, 0x9A, 0x68, 0x95, 0x0E,
    0x79, 0x8D, 0x9B, 0x37, 0xA8, 0x86, 0x66, 0x80, 0x47, 0xF4, 0x23, 0x3A, 0x24, 0xCE, 0x0B, 0x55,
    0x0D, 0xEC, 0x56, 0x9D, 0xC7, 0xDD, 0x41, 0xF0, 0xA6, 0x60, 0xAE, 0x67, 0xDC, 0x4B, 0x5B, 0xFF,
    0x6D, 0xD4, 0x7B, 0x34, 0x7B, 0x33, 0xFE, 0x86, 0x2D, 0xFC, 0xB7, 0xC7, 0x99, 0x99, 0xB1, 0x88,
    0xED, 0x8C, 0x99, 0x39, 0x9E, 0x31, 0xE9, 0xCA, 0x19, 0x19, 0x54, 0x3D, 0xE3, 0x4E, 0xD2, 0xCD,
    0xA8, 0xEA, 0x61, 0xC6, 0xA4, 0xDD, 0x99, 0x91, 0x5E, 0x0D, 0x33, 0xDE, 0x4C, 0x3C, 0xE6, 0x9F,
    0xF1, 0x98, 0xB6, 0x47, 0x33, 0xC6, 0xD6, 0x7F, 0xCB, 0xB1, 0x60, 0xE1, 0xF7, 0x90, 0x0D, 0x1E,
    0x93, 0x81, 0xDC, 0x7B, 0xEC, 0xBA, 0x50, 0xBF, 0x66, 0xAB, 0x05, 0x68, 0x24, 0x20, 0x4F, 0xAC,
    0x2E, 0x58, 0x1D, 0x71, 0x0B, 0x80, 0xB3, 0x84, 0x4A, 0xC1, 0x5F, 0xF6, 0x6B, 0x2B, 0xFA, 0xE3,
    0x81, 0xB4, 0x06, 0x88, 0xFF, 0x68, 0x24, 0x13, 0x2B, 0x69, 0x57, 0x64, 0x3A, 0x7A, 0x19, 0x12,
    0xE3, 0x50, 0xBE, 0x32, 0xCD, 0x56, 0x85, 0x8A, 0x46, 0xD5, 0x92, 0xD6, 0x65, 0xBD, 0x95, 0xD8,
    0xCC, 0x92, 0xE9, 0xC2, 0x5C, 0xCA, 0x3A, 0x5F, 0xEB, 0x74, 0xDE, 0x2E, 0x95, 0xC9, 0x66, 0x0B,
    0xD5, 0x2D, 0xF2, 0x60, 0x65, 0x76, 0x51, 0xD4, 0xAA, 0x63, 0x8B, 0x59, 0xD8, 0x6C, 0x19, 0x2E,
    0x11, 0x8F, 0x87, 0x45, 0x5D, 0xD4, 0x2C, 0x88, 0x56, 0x36, 0x37, 0x15, 0x2C, 0x60, 0xB2, 0xD9,
    0xFB, 0x23, 0xEC, 0x41, 0x63, 0x23, 0x2F, 0xE4, 0x88, 0x50, 0x4C, 0xA0, 0x3F, 0x59, 0x44, 0x47,
    0x3D, 0xE4, 0xA6, 0x70, 0x23, 0x37, 0xDC, 0x3E, 0xCA, 0x94, 0xB3, 0xE5, 0x9C, 0x4F, 0xBD, 0xD2,
    0x0D, 0x1F, 0x5E, 0xD3, 0xF7, 0x9C, 0xFC, 0x0D, 0x82, 0xE2, 0x1D, 0xCE, 0xF7, 0xB0, 0x02, 0xEE,
    0x92, 0x58, 0xA9, 0x7D, 0x99, 0xB9, 0x7E, 0xFD, 0x5A, 0xDA, 0xAA, 0xCF, 0x38, 0x37, 0xC5, 0x76,
    0x9B, 0xBC, 0xBE, 0x51, 0xF7, 0x0B, 0xD4, 0xEC, 0xDE, 0xDE, 0xDE, 0x4C, 0x59, 0xBB, 0x38, 0x9A,
    0x29, 0xED, 0x96, 0xBD, 0x7C, 0xDA, 0xF6, 0xA4, 0xCC, 0xB6, 0x9D, 0xA9, 0xAA, 0xFD, 0x27, 0x37,
    0xE1, 0xE9, 0x0F, 0xAF, 0xB1, 0xED, 0x8F, 0x84, 0xE5, 0x9E, 0xD0, 0x62, 0x21, 0xB4, 0xB7, 0x23,
    0x34, 0xE4, 0x34, 0xDF, 0x21, 0xB2, 0xEA, 0xDE, 0xC1, 0x01, 0x49, 0x2B, 0xBD, 0xAB, 0x5A, 0x7C,
    0xA9, 0x44, 0x53, 0x3A, 0x40, 0xE6, 0xBE, 0x2B, 0xF3, 0x56, 0xB9, 0xFB, 0x00, 0x5C, 0x67, 0xB3,
    0x91, 0xEA, 0xC0, 0x5B, 0x81, 0xD8, 0x5D, 0xB3, 0x85, 0xE8, 0xB7, 0x21, 0x69, 0xA1, 0x70, 0x86,
    0xCC, 0x10, 0x4F, 0x8D, 0x45, 0x19, 0x5F, 0xD9, 0xC7, 0x19, 0xD8, 0x25, 0x5E, 0x51, 0xEA, 0xB8,
    0x85, 0x69, 0xE6, 0x0C, 0x70, 0x33, 0x2F, 0x80, 0x66, 0x66, 0xEB, 0x59, 0x97, 0x9F, 0x35, 0x81,
    0xBF, 0xAA, 0x85, 0x8B, 0xFF, 0x0A, 0xE0, 0xC8, 0x07, 0x1A, 0xCF, 0xCA, 0x46, 0x4E, 0x33, 0x91,
    0x0E, 0xB1, 0xF3, 0xED, 0x25, 0xA3, 0x00, 0x99, 0x8B, 0x3B, 0xD2, 0x9E, 0x73, 0xCD, 0xED, 0x0E,
    0xD5, 0xF1, 0x74, 0xD9, 0x5A, 0x4A, 0xC3, 0x22, 0xB7, 0xB7, 0xA2, 0x09, 0xAE, 0x64, 0x43, 0xE6,
    0xDE, 0x81, 0xCB, 0xC9, 0x28, 0x7A, 0x9E, 0x8F, 0x57, 0xE0, 0x99, 0x49, 0xF8, 0xF2, 0x9A, 0xAF,
    0x70, 0x57, 0xF8, 0x12, 0x6F, 0x08, 0x2B, 0x3D, 0x0A, 0x27, 0x1F, 0xF4, 0xC2, 0x54, 0x2D, 0x1F,
    0xDE, 0x2A, 0x37, 0xBD, 0x3C, 0x83, 0x73, 0x7A, 0x77, 0x49, 0xD3, 0xED, 0x2E, 0xF8, 0x0F, 0xFD,
    0x0C, 0x87, 0x7B, 0x1E, 0x96, 0x1E, 0xB6, 0x1F, 0x84, 0x4B, 0x1E, 0x16, 0x1E, 0x8E, 0x66, 0xF8,
    0x1D, 0xBB, 0xBB, 0xBC, 0xEE, 0xCC, 0x6E, 0xE9, 0x56, 0xEC, 0xEE, 0x1C, 0x5C, 0x63, 0xDE, 0xC7,
    0x4F, 0x0C, 0xD5, 0x18, 0x60, 0xB3, 0x45, 0x8D, 0xDB, 0x07, 0xD4, 0xF4, 0xAA, 0x4C, 0xA9, 0xA6,
    0xA8, 0xF1, 0xF2, 0xF3, 0x8E, 0xF4, 0x7F, 0xC1, 0xD6, 0x80, 0xFA, 0xA5, 0x99, 0x16, 0xE4, 0x5B,
    0x33, 0x6D, 0xB1, 0xF4, 0xA4, 0x58, 0x78, 0xCA, 0xF4, 0xAE, 0xA7, 0xB4, 0x3E, 0xF2, 0x94, 0x98,
    0xC3, 0xFF, 0x33, 0xAD, 0x8F, 0x5C, 0x9F, 0xB7, 0x6E, 0x65, 0xDD, 0xE6, 0x96, 0xA7, 0x3C, 0xF4,
    0xB7, 0x24, 0xFD, 0x6F, 0x33, 0x1D, 0x11, 0x7B, 0x5F, 0x2C, 0x34, 0x50, 0x18, 0xC8, 0xEF, 0xFF,
    0xFD, 0x09, 0x88, 0x9C, 0x5B, 0xE1, 0x79, 0xC8, 0x35, 0xC0, 0x5E, 0xDA, 0x01, 0x14, 0xD1, 0x80,
    0xC4, 0x67, 0x58, 0x30, 0xFC, 0xE1, 0x8D, 0x1A, 0x88, 0x9D, 0xB3, 0x00, 0x73, 0xBE, 0xF0, 0xE1,
    0xED, 0xCB, 0x07, 0x07, 0xAF, 0x03, 0x9C, 0xD5, 0x64, 0x3D, 0xC0, 0x1D, 0xB8, 0xBC, 0x04, 0xCE,
    0x00, 0x6D, 0xA1, 0xE1, 0x62, 0x44, 0x52, 0xE7, 0x06, 0xEA, 0x58, 0x2B, 0x66, 0x23, 0x26, 0xAE,
    0x2F, 0x91, 0xB7, 0x3C, 0x4A, 0x52, 0xEF, 0xF9, 0x3D, 0x4F, 0x91, 0xEA, 0xC1, 0x7B, 0x76, 0x81,
    0xEC, 0xB3, 0x3D, 0xA5, 0xE6, 0x1A, 0x2A, 0xB5, 0xBC, 0x01, 0x35, 0x3B, 0xAA, 0x8B, 0x7B, 0x6F,
    0x1C, 0xE7, 0xFF, 0x39, 0xAF, 0x41, 0xC7, 0xB6, 0x7C, 0xFB, 0x1D, 0xE0, 0x42, 0x66, 0xAA, 0xDA,
    0x02, 0x1F, 0x9F, 0x70, 0xFA, 0x08, 0x44, 0x12, 0xEB, 0xC0, 0x99, 0xA2, 0x11, 0xCE, 0xD4, 0xA4,
    0xAB, 0x78, 0x5C, 0x2F, 0x50, 0x92, 0x01, 0xCA, 0x9E, 0xBC, 0xCF, 0xFA, 0xF5, 0x12, 0x45, 0xD9,
    0xC7, 0xE4, 0x3E, 0xC4, 0xE4, 0xDD, 0xC7, 0xB8, 0x0C, 0x8E, 0xA2, 0xFD, 0x34, 0x17, 0x49, 0x46,
    0x0A, 0x63, 0x78, 0x5C, 0x96, 0x6B, 0x6F, 0xFA, 0x75, 0xCA, 0xDD, 0xF5, 0x6A, 0xEC, 0xA3, 0x0F,
    0x2F, 0xC8, 0x52, 0xA7, 0x29, 0x3A, 0x28, 0x5C, 0x17, 0xB9, 0x01, 0xBE, 0xDF, 0x0C, 0xD9, 0x3F,
    0x1F, 0x49, 0xEA, 0x6C, 0x7C, 0x3A, 0x1E, 0xC9, 0x98, 0x6F, 0x02, 0xA2, 0x91, 0x2D, 0x70, 0xED,
    0xCC, 0x25, 0x34, 0x26, 0x5A, 0x3D, 0x59, 0x6A, 0x4A, 0x83, 0xEB, 0xCA, 0xD6, 0xF3, 0x36, 0xCA,
    0x7A, 0xBE, 0x43, 0x3A, 0x52, 0xD4, 0x99, 0x26, 0x9A, 0xF9, 0x76, 0xA3, 0xE1, 0x98, 0xE2, 0x35,
    0xD7, 0xC3, 0x11, 0xC5, 0x9F, 0xDC, 0x18, 0xC0, 0x52, 0xE8, 0x64, 0x20, 0x36, 0x14, 0xFE, 0xA0,
    0x33, 0xCC, 0x1C, 0x34, 0xEF, 0xAC, 0x79, 0xB9, 0xE6, 0xC5, 0x9A, 0x8F, 0xD6, 0x6C, 0x61, 0x05,
    0x37, 0xE3, 0x16, 0x1C, 0x91, 0xFB, 0x1C, 0xE0, 0xFE, 0x47, 0xEA, 0x24, 0x98, 0xBB, 0x67, 0x0A,
    0x0B, 0x14, 0xF5, 0x85, 0x54, 0x56, 0x7B, 0x0F, 0x26, 0x9A, 0x64, 0x5A, 0x8D, 0x4F, 0x35, 0x8B,
    0xCF, 0xA1, 0x41, 0x70, 0x21, 0xB8, 0x14, 0xDC, 0x7E, 0x18, 0xD7, 0xFB, 0xF7, 0x04, 0x7B, 0x8F,
    0x4D, 0x87, 0xBF, 0x07, 0xD1, 0x1E, 0x47, 0xE6, 0x3D, 0x8B, 0x2D, 0x8F, 0x73, 0xE8, 0xCE, 0xA8,
    0xAE, 0x9A, 0x19, 0x93, 0x7B, 0xDD, 0x8C, 0x71, 0x27, 0xC7, 0x5B, 0x69, 0x7F, 0x4F, 0x5A, 0x5B,
    0x2A, 0x3D, 0xA3, 0x4A, 0xCD, 0x8C, 0xD9, 0x8B, 0x5D, 0x35, 0x92, 0x38, 0x3B, 0x63, 0xE4, 0x46,
    0x94, 0x73, 0xDF, 0x01, 0x72, 0xE7, 0x5C, 0x07, 0x34, 0xE6, 0xBC, 0x48, 0xAA, 0xE3, 0xC9, 0x93,
    0xC6, 0x01, 0x0D, 0x42, 0x0E, 0x1A, 0x0D, 0x93, 0x58, 0xD1, 0x4A, 0x28, 0x9E, 0x69, 0x9A, 0x69,
    0xF4, 0x2F, 0x92, 0x91, 0xB4, 0x9F, 0x69, 0xA0, 0x68, 0x21, 0x9D, 0x5E, 0x9D, 0x80, 0x2C, 0xB4,
    0xAC, 0x6C, 0x61, 0xD3, 0x71, 0x26, 0xD5, 0xAB, 0x77, 0x50, 0x5D, 0x36, 0x96, 0x90, 0xB7, 0xC9,
    0x34, 0x42, 0x61, 0x22, 0x67, 0x91, 0x39, 0x35, 0x33, 0xD5, 0x34, 0xAD, 0xF8, 0xE0, 0xAC, 0xEF,
    0x32, 0xFB, 0xFD, 0x01, 0x1C, 0xC5, 0x73, 0x13, 0x37, 0xDC, 0x99, 0x55, 0xEC, 0xDA, 0x66, 0x52,
    0x03, 0x37, 0x5A, 0xE0, 0x63, 0x00, 0x48, 0x77, 0xF8, 0x1E, 0xB5, 0x70, 0xDE, 0x09, 0x25, 0x46,
    0x28, 0x35, 0x78, 0x99, 0xEF, 0xE9, 0x0F, 0xCB, 0x2C, 0x83, 0xCC, 0x9D, 0x20, 0xF3, 0x28, 0xC8,
    0xB4, 0x9E, 0x5C, 0xD4, 0x89, 0xCC, 0xC4, 0x34, 0x5E, 0x66, 0x6A, 0x44, 0xA6, 0xD2, 0x9E, 0x46,
    0xE5, 0x05, 0x27, 0xE3, 0xA5, 0x74, 0xF0, 0x32, 0x17, 0x45, 0xE7, 0x3B, 0x75, 0x93, 0xDE, 0xC8,
    0xFC, 0x8B, 0x40, 0xDF, 0xFB, 0x7D, 0xEB, 0xE9, 0xDB, 0xBF, 0xD7, 0x03, 0xF9, 0xDB, 0x57, 0x07,
    0xA0, 0x78, 0x3B, 0x19, 0x81, 0xF2, 0x7F, 0xC6, 0x2B, 0x4F, 0x63, 0x24, 0x9D, 0x0F, 0x48, 0xE7,
    0x56, 0x06, 0xD7, 0x75, 0x54, 0x86, 0x5F, 0x75, 0xEF, 0x53, 0x0C, 0x34, 0xCE, 0x71, 0x66, 0x04,
    0xB5, 0x56, 0x25, 0xC8, 0xA5, 0x40, 0x8B, 0x40, 0xBF, 0x0C, 0x0F, 0xE4, 0xD3, 0x67, 0x26, 0x70,
    0x7A, 0x3B, 0x6D, 0x2B, 0x1D, 0xAD, 0x98, 0xA3, 0xA1, 0xA8, 0x93, 0x81, 0x05, 0xF5, 0xA7, 0xCC,
    0xCC, 0x3B, 0xF0, 0x33, 0xED, 0xD9, 0x23, 0x8A, 0x8E, 0x9F, 0xB6, 0x8F, 0x1F, 0x91, 0x4D, 0x5C,
    0xEC, 0x9F, 0x3E, 0x82, 0xC6, 0x5C, 0x3C, 0xBA, 0x3C, 0x73, 0x6A, 0x2F, 0x2E, 0x9E, 0x3F, 0xE2,
    0xA9, 0xC8, 0x5E, 0x5C, 0xDE, 0x39, 0x62, 0x17, 0x7B, 0x31, 0x37, 0x47, 0xEC, 0xC5, 0xDD, 0x15,
    0x55, 0x0F, 0x73, 0x36, 0xDD, 0x76, 0xD9, 0x55, 0x27, 0x2B, 0x1A, 0x80, 0xD2, 0x4D, 0x95, 0xEB,
    0x5D, 0xC7, 0xAF, 0xDF, 0xFA, 0xA5, 0xFC, 0x6B, 0x87, 0x95, 0xE6, 0xF9, 0x65, 0x96, 0xD5, 0x97,
    0x73, 0x78, 0x72, 0x19, 0x67, 0xF5, 0x53, 0x39, 0xB0, 0x24, 0xAB, 0x79, 0xD8, 0x70, 0xE6, 0xC7,
    0x7D, 0x25, 0xC6, 0x45, 0x31, 0x1E, 0xCF, 0xB9, 0xCC, 0x12, 0x55, 0x3F, 0x9B, 0xF3, 0x42, 0xE2,
    0xDA, 0xC6, 0x8D, 0xCE, 0xF5, 0xC0, 0xA6, 0xF7, 0x9A, 0xB2, 0xF5, 0x9D, 0xB7, 0x54, 0xFA, 0xF9,
    0x65, 0x9A, 0x75, 0x4C, 0xBE, 0xEB, 0xB3, 0x76, 0x66, 0x96, 0x3C, 0xD6, 0xC7, 0xFF, 0x5E, 0x78,
    0x2F, 0xD9, 0x16, 0x5E, 0xA6, 0x81, 0xB7, 0x9F, 0x08, 0xAC, 0x9E, 0x5E, 0xF3, 0x3F, 0x08, 0x9C,
    0x5A, 0xE1, 0x73, 0x49, 0xB7, 0xC3, 0xDC, 0x63, 0xF5, 0x66, 0xEB, 0x5A, 0x4E, 0xB7, 0xC7, 0xF8,
    0x70, 0x7C, 0x9D, 0x71, 0xB5, 0xF0, 0x79, 0x2B, 0x14, 0x6D, 0xA2, 0x2E, 0x73, 0xEE, 0xB9, 0xAF,
    0xB8, 0x69, 0xA6, 0xCF, 0x7F, 0xCE, 0xAD, 0x68, 0x5A, 0x25, 0x77, 0xA7, 0xE6, 0x12, 0x25, 0x33,
    0x2D, 0x58, 0x7A, 0x3A, 0xE2, 0xD8, 0x93, 0x8D, 0x2C, 0x14, 0xF7, 0xBA, 0xA4, 0x9B, 0xE9, 0x3F,
    0x99, 0xD4, 0x40, 0xFE, 0xAD, 0x5A, 0xD5, 0x33, 0xBD, 0xA7, 0x0B, 0x40, 0x39, 0x96, 0x9E, 0x56,
    0x1C, 0x7B, 0x1A, 0xE9, 0x81, 0x6C, 0x48, 0x3A, 0x4F, 0xD6, 0x1F, 0x4F, 0xDA, 0xAB, 0x5A, 0x28,
    0x47, 0x68, 0x09, 0xA0, 0x86, 0x3D, 0x80, 0x7C, 0xE8, 0x01, 0x8A, 0xFB, 0x16, 0x60, 0xE7, 0x03,
    0xD1, 0xF3, 0xF5, 0xE0, 0xFB, 0x9F, 0x3B, 0x80, 0xB8, 0x9B, 0x82, 0xE7, 0x23, 0x80, 0x14, 0xB1,
    0x87, 0xA3, 0x6E, 0x19, 0xE8, 0x13, 0x82, 0x92, 0x47, 0xCE, 0x04, 0x04, 0xF2, 0xE7, 0x3C, 0x6E,
    0xCB, 0x19, 0x8B, 0x1C, 0xA0, 0x5F, 0x00, 0x91, 0x3D, 0x92, 0x56, 0x2D, 0x90, 0xBD, 0xD4, 0x82,
    0xAF, 0x41, 0xE0, 0xEB, 0x11, 0xF8, 0xDA, 0x04, 0xD8, 0x85, 0xF4, 0x2F, 0x07, 0xDE, 0x93, 0x94,
    0xB9, 0xDA, 0x02, 0x79, 0x56, 0x9F, 0x3E, 0xA7, 0x3A, 0xDA, 0x96, 0xB6, 0xF6, 0x80, 0xA4, 0xED,
    0x81, 0xF4, 0x4D, 0x39, 0x30, 0x91, 0x4E, 0xE5, 0xC0, 0xBD, 0x1C, 0xA0, 0x11, 0x7F, 0x02, 0x42,
    0x21, 0x17, 0xE8, 0xF2, 0x04, 0x07, 0xB8, 0x89, 0x6A, 0xE1, 0x90, 0x12, 0xB0, 0xD1, 0x00, 0x90,
    0xB5, 0x80, 0xEC, 0x20, 0x0A, 0xE2, 0xBF, 0x7F, 0x5D, 0xCB, 0xB9, 0x2D, 0xF8, 0x76, 0x04, 0x01,
    0x7E, 0xF8, 0xF8, 0xB0, 0xA3, 0x03, 0x28, 0x34, 0xC0, 0x0A, 0x20, 0x71, 0x9E, 0xCE, 0xBC, 0xE6,
    0x0C, 0x40, 0x65, 0x01, 0x54, 0x0F, 0x90, 0x8C, 0x7F, 0x25, 0xF6, 0xE4, 0x90, 0x59, 0xA4, 0x2C,
    0x52, 0x6A, 0x2A, 0x4D, 0xD9, 0xC6, 0x2B, 0x19, 0xED, 0x0E, 0xA2, 0xE6, 0x3E, 0x0F, 0xAE, 0x9A,
    0x3A, 0xC4, 0xD3, 0x09, 0x22, 0x57, 0x47, 0x8D, 0x21, 0x95, 0x8B, 0xB5, 0x7F, 0x91, 0x0D, 0x94,
    0x46, 0xDA, 0x6E, 0xEA, 0x99, 0x56, 0x38, 0x20, 0x5E, 0x45, 0x93, 0xA7, 0x29, 0x5E, 0x09, 0x49,
    0xCF, 0xC9, 0x2A, 0xD0, 0xF8, 0x61, 0x4A, 0x07, 0x21, 0xD5, 0x0B, 0xE5, 0x36, 0x54, 0x2C, 0x13,
    0x4A, 0x95, 0xF6, 0x6D, 0xFA, 0x3D, 0x45, 0xE7, 0xFB, 0xFA, 0x44, 0x3A, 0xCD, 0xFD, 0x7F, 0x69,
    0x41, 0x93, 0x0C, 0x7E, 0x3E, 0xCF, 0x25, 0x75, 0xDC, 0xDD, 0xE4, 0x99, 0x54, 0xA7, 0x6D, 0xF3,
    0xEE, 0x71, 0xFA, 0x6E, 0x63, 0x1A, 0x37, 0x66, 0xCE, 0x19, 0xE7, 0x86, 0x99, 0xEA, 0xC8, 0xB9,
    0xBE, 0x74, 0x8E, 0x64, 0xE6, 0x2A, 0xB0, 0xAD, 0xDC, 0x34, 0x8F, 0x7D, 0x64, 0x0F, 0xA3, 0x89,
    0xCC, 0x44, 0x9D, 0x65, 0x89, 0xD2, 0x71, 0x6B, 0x99, 0x1B, 0x24, 0x35, 0xFD, 0xCC, 0x44, 0x4D,
    0xF8, 0xAB, 0x6A, 0x7E, 0x9F, 0x1B, 0x16, 0x68, 0x6A, 0x91, 0x1C, 0xAF, 0xC2, 0x3B, 0x1D, 0x00,
    0x07, 0xCA, 0x06, 0x2E, 0xDA, 0xE0, 0x6D, 0x69, 0x02, 0x57, 0x9E, 0x9D, 0x78, 0x1F, 0x58, 0x7B,
    0x16, 0x93, 0x48, 0x58, 0xDA, 0x91, 0xFD, 0x5E, 0x77, 0x55, 0x43, 0xD6, 0x8B, 0x6E, 0xF2, 0x4E,
    0xDE, 0xD2, 0x46, 0x36, 0x12, 0xCB, 0x38, 0xBA, 0x77, 0x9B, 0x90, 0x5A, 0x72, 0x05, 0x00, 0xAE,
    0x07, 0x7A, 0x54, 0xF0, 0xA2, 0xE0, 0xAD, 0xEB, 0xAF, 0xB0, 0x0E, 0xA5, 0x78, 0xC6, 0x0E, 0x0E,
    0x7E, 0xBB, 0x99, 0x11, 0x94, 0x60, 0xD6, 0x0A, 0x1A, 0x00, 0x55, 0x6F, 0x32, 0x6E, 0x6F, 0x53,
    0x52, 0xF2, 0xAF, 0x01, 0xC8, 0xB9, 0x89, 0x73, 0x5E, 0x30, 0xF9, 0xEA, 0x87, 0x9E, 0xD1, 0x36,
    0x82, 0xD5, 0xC3, 0xB8, 0xDE, 0x7F, 0x57, 0x70, 0x25, 0x17, 0x8C, 0x91, 0x6C, 0x45, 0xD4, 0xF3,
    0x9B, 0x2B, 0x12, 0x0B, 0x7E, 0xC0, 0x3D, 0xE6, 0x80, 0xFB, 0xCC, 0x00, 0x34, 0xEB, 0xC2, 0x16,
    0x1E, 0x9C, 0x34, 0x2B, 0x0E, 0x5C, 0x18, 0xC0, 0xF0, 0x82, 0x06, 0x26, 0x58, 0x11, 0x8D, 0xC4,
    0xF2, 0x4A, 0x06, 0x92, 0x9E, 0xD4, 0x92, 0x59, 0x54, 0x27, 0xAF, 0x96, 0x3C, 0x5C, 0x78, 0xEB,
    0xC2, 0xCD, 0xB6, 0x73, 0xBA, 0x74, 0x06, 0x9A, 0x96, 0x6C, 0x40, 0x06, 0x57, 0xB5, 0x9E, 0x75,
    0xC8, 0x9E, 0x06, 0x8E, 0x01, 0x9C, 0xF8, 0x04, 0x13, 0xCA, 0x00, 0xD1, 0x8A, 0x12, 0xF0, 0x7D,
    0x0C, 0x81, 0xD3, 0x2E, 0x24, 0x4D, 0x6E, 0x84, 0x87, 0x4A, 0x38, 0xFD, 0x81, 0x0B, 0x03, 0xF9,
    0xC1, 0x7B, 0x21, 0xE5, 0x26, 0x15, 0xB8, 0xCF, 0x06, 0xE1, 0x2E, 0xA4, 0x59, 0xDE, 0x26, 0x2B,
    0x08, 0x4B, 0x0E, 0xD6, 0x31, 0xAD, 0x09, 0x8B, 0x8E, 0x5A, 0xDC, 0x3A, 0x0D, 0x97, 0xB2, 0x0B,
    0x61, 0x92, 0xF7, 0x70, 0xC3, 0xFD, 0x19, 0x99, 0x0F, 0x19, 0x37, 0x12, 0xC9, 0x81, 0x70, 0x46,
    0x0B, 0x55, 0x03, 0x40, 0x74, 0xFF, 0x16, 0x40, 0xDC, 0x2A, 0x80, 0x24, 0x50, 0x1C, 0x28, 0xEA,
    0xD7, 0x33, 0x31, 0x7E, 0xF8, 0xEA, 0x51, 0x06, 0xAA, 0xAC, 0xD0, 0x07, 0x42, 0xF1, 0xB7, 0x85,
    0x92, 0x6F, 0xF6, 0x00, 0xEA, 0x25, 0xA1, 0x3C, 0x19, 0x00, 0x96, 0x41, 0xC0, 0x71, 0x2C, 0xD4,
    0x0B, 0xC5, 0x5D, 0xB4, 0x02, 0x52, 0x23, 0x14, 0x9E, 0x06, 0x92, 0x23, 0x54, 0x86, 0xC2, 0xD5,
    0x08, 0x6D, 0x9E, 0xEA, 0x52, 0x69, 0x52, 0x23, 0xA4, 0xB4, 0xE8, 0x2E, 0xC2, 0x30, 0xEC, 0x04,
    0x9A, 0x80, 0xCA, 0x9C, 0x77, 0x77, 0x38, 0xEF, 0xEE, 0x97, 0xAE, 0xA7, 0x74, 0x2B, 0x36, 0x5B,
    0x74, 0x70, 0x70, 0x60, 0x80, 0x9F, 0x85, 0x62, 0xE6, 0xB8, 0x86, 0xB7, 0x7A, 0xF8, 0x44, 0x4C,
    0xA2, 0x47, 0xD8, 0x4F, 0x38, 0xC7, 0x48, 0x4C, 0xC2, 0x82, 0x15, 0x8F, 0x92, 0xEA, 0x43, 0x46,
    0x2E, 0x90, 0x45, 0x36, 0x1A, 0xB9, 0x86, 0x4A, 0xBA, 0xB8, 0xA7, 0x66, 0x3B, 0x6B, 0x93, 0x6E,
    0xE6, 0x85, 0x32, 0xAA, 0x9E, 0x79, 0x28, 0xEA, 0x4B, 0x50, 0x27, 0xB6, 0xFA, 0xF2, 0x3E, 0x7C,
    0x29, 0xAF, 0xDD, 0xCF, 0x1E, 0xC2, 0xC7, 0x7D, 0xC1, 0x5A, 0x82, 0xE4, 0x65, 0x19, 0xE6, 0xDD,
    0xBB, 0xBC, 0xAE, 0x6F, 0x67, 0x35, 0xAA, 0x9F, 0xB9, 0x6C, 0x29, 0xEC, 0x7E, 0x65, 0x9A, 0x8E,
    0xF2, 0x0F, 0x74, 0x53, 0xBB, 0x16, 0xF7, 0x8F, 0x70, 0x4C, 0x3A, 0x72, 0x1F, 0x8B, 0x26, 0xEE,
    0x90, 0x8C, 0x17, 0x92, 0x91, 0x2F, 0xA1, 0xEC, 0x85, 0xCC, 0xF2, 0x69, 0xCA, 0xFA, 0x62, 0x51,
    0x73, 0xF6, 0xE7, 0x07, 0xCE, 0xAD, 0x80, 0x2F, 0x3C, 0x74, 0x5F, 0x12, 0x6D, 0xFE, 0xBE, 0x1D,
    0x7F, 0x77, 0x98, 0xE1, 0xBD, 0x6F, 0x8C, 0xB0, 0xDD, 0x68, 0xD7, 0x45, 0xB6, 0xAA, 0x6F, 0xE1,
    0xEF, 0x9E, 0x40, 0xD5, 0xA5, 0x81, 0x02, 0x8F, 0x25, 0x45, 0xEB, 0x31, 0xEF, 0xE0, 0x96, 0xE4,
    0xF6, 0x5D, 0x54, 0xEB, 0x31, 0x37, 0x1E, 0x4B, 0x7D, 0xFA, 0x40, 0x3F, 0xDD, 0xF7, 0xA8, 0x01,
    0x42, 0xF0, 0x96, 0xED, 0x69, 0x77, 0xA8, 0xF1, 0xE4, 0xC6, 0x88, 0x3A, 0x76, 0x3D, 0x59, 0x4D,
    0xE5, 0xBE, 0x73, 0x0C, 0x6A, 0xBD, 0x74, 0x75, 0x1A, 0x88, 0x36, 0x37, 0x92, 0xB1, 0x7B, 0x07,
    0x28, 0xFE, 0x6D, 0x03, 0x0C, 0x64, 0x2D, 0x49, 0x0B, 0x56, 0x72, 0x7A, 0x94, 0x1C, 0x5A, 0xC9,
    0x4C, 0x4D, 0xE2, 0xA5, 0xA3, 0xFC, 0xC3, 0xEB, 0xD7, 0x67, 0x74, 0xF3, 0xA6, 0xBD, 0x7D, 0x5D,
    0xF6, 0xB3, 0xC6, 0x42, 0x30, 0x17, 0xF4, 0xE7, 0x3E, 0x2B, 0xB1, 0xF2, 0x02, 0xB1, 0x25, 0x16,
    0x49, 0x79, 0x0D, 0x79, 0x88, 0x88, 0x2F, 0x6F, 0x7C, 0xF0, 0xF7, 0xE9, 0xDC, 0xCD, 0x34, 0xC9,
    0x98, 0xD5, 0xE4, 0x56, 0x69, 0xAA, 0xB6, 0x20, 0x72, 0xC6, 0xAF, 0xA2, 0xF4, 0x80, 0x72, 0x69,
    0xC7, 0xA7, 0xA6, 0xED, 0x88, 0xCC, 0x75, 0x31, 0xD9, 0xC0, 0xA3, 0x64, 0x3D, 0x17, 0x48, 0x6D,
    0x54, 0x13, 0xDB, 0xB3, 0xC0, 0xD7, 0x0F, 0x81, 0x47, 0x00, 0x4E, 0x66, 0xA3, 0xF1, 0xCD, 0xA6,
    0x43, 0xE4, 0xFB, 0x6C, 0xD9, 0x87, 0xAA, 0xBE, 0x70, 0x01, 0x1C, 0xFB, 0x9F, 0x86, 0x29, 0xAA,
    0x67, 0x5C, 0xC5, 0xFA, 0x82, 0xE0, 0x35, 0x18, 0xA3, 0xDB, 0x35, 0xEC, 0xF1, 0x2B, 0xC0, 0xAD,
    0x7D, 0xE0, 0xFC, 0x07, 0x7F, 0x57, 0x46, 0xFA, 0x15, 0x48, 0xC6, 0xCD, 0x85, 0xB8, 0xE8, 0x78,
    0x12, 0x2A, 0x93, 0xFE, 0x16, 0x34, 0xF5, 0x33, 0x91, 0xC6, 0x71, 0x99, 0x1A, 0xC7, 0xF3, 0xD4,
    0x4C, 0xEC, 0xA3, 0x67, 0xAC, 0x63, 0xB8, 0x2B, 0xB8, 0x83, 0x7E, 0x14, 0x72, 0xA9, 0xE8, 0x59,
    0xED, 0xBD, 0x89, 0xBE, 0xEE, 0xFB, 0x20, 0xDA, 0x54, 0xC9, 0xC0, 0x99, 0x73, 0xFB, 0xE2, 0xFA,
    0x21, 0x8D, 0x7B, 0x0D, 0xC8, 0x34, 0xA9, 0x8C, 0xD6, 0x27, 0x4E, 0x26, 0x78, 0x3F, 0x06, 0x80,
    0x58, 0x27, 0x24, 0xDA, 0x1B, 0x33, 0x9D, 0x03, 0x24, 0x59, 0x16, 0xC1, 0xC8, 0x74, 0x0F, 0xF0,
    0x14, 0x2A, 0x14, 0xC3, 0x0B, 0x14, 0xE9, 0xDA, 0xB8, 0xA9, 0xBA, 0x17, 0xC4, 0x18, 0x0A, 0x9F,
    0x78, 0x7C, 0x24, 0xE9, 0xCA, 0x6F, 0x58, 0xE0, 0xEC, 0x0D, 0xDD, 0x7C, 0xD3, 0x00, 0x5C, 0xC3,
    0xBD, 0x07, 0x00, 0xBF, 0xEA, 0x94, 0xF0, 0x99, 0xAB, 0xD3, 0x16, 0x90, 0xB6, 0x9F, 0xC8, 0x56,
    0x4B, 0xF1, 0xE4, 0x49, 0x35, 0xEE, 0x01, 0x65, 0x3F, 0xDB, 0x7A, 0xF3, 0xD0, 0x01, 0x76, 0x34,
    0xCE, 0xB0, 0x79, 0xEC, 0xB0, 0x79, 0xEE, 0xC0, 0xE3, 0xA1, 0x74, 0x85, 0x3B, 0xFA, 0x07, 0x1F,
    0x3D, 0x84, 0x35, 0xA1, 0xD9, 0x90, 0x6F, 0x50, 0xC8, 0x3C, 0x40, 0xB5, 0x50, 0xA5, 0x85, 0x1A,
    0x41, 0xDC, 0x03, 0x34, 0x09, 0x46, 0xB2, 0x88, 0x3A, 0x78, 0x75, 0x44, 0x02, 0xDF, 0xD3, 0x23,
    0xD7, 0x7F, 0x61, 0x00, 0x20, 0x09, 0x94, 0xF6, 0x42, 0x99, 0x15, 0x52, 0x6B, 0xEA, 0xE0, 0xAC,
    0x44, 0x0B, 0x0A, 0xC9, 0xC8, 0x3C, 0x04, 0x75, 0x41, 0xC8, 0xD2, 0x3A, 0x90, 0x73, 0xEE, 0xFD,
    0x40, 0x8E, 0x1F, 0xB5, 0x25, 0x9A, 0xF4, 0xC4, 0xCE, 0x60, 0xFB, 0xC4, 0xFE, 0x24, 0xFC, 0xAB,
    0x60, 0x79, 0x23, 0x7E, 0x61, 0x6D, 0xC6, 0x57, 0x78, 0xD4, 0x02, 0x32, 0x7B, 0x87, 0xFC, 0x54,
    0xBB, 0xB6, 0x7F, 0xDA, 0xF2, 0x55, 0xB3, 0xB6, 0xFF, 0x49, 0x1B, 0xE7, 0x10, 0xD4, 0x7D, 0xD5,
    0x3C, 0xB6, 0x73, 0x72, 0x6A, 0x5E, 0x3F, 0x35, 0x42, 0x18, 0xE0, 0x92, 0x9F, 0x1A, 0x20, 0x8C,
    0xFA, 0x5D, 0xBE, 0x62, 0xD7, 0xF6, 0xB5, 0x31, 0x56, 0xDD, 0xDA, 0x7E, 0x71, 0x3C, 0x13, 0x92,
    0x14, 0x92, 0xB4, 0x7F, 0xB4, 0xAA, 0xD7, 0xBD, 0xCE, 0x95, 0xED, 0x44, 0xCA, 0x53, 0x79, 0xF7,
    0xFF, 0x9D, 0xD8, 0x17, 0x0A, 0xF3, 0xD2, 0x6A, 0x9D, 0x50, 0x75, 0x79, 0xEF, 0xB9, 0x31, 0x8C,
    0x55, 0xA4, 0xAB, 0xCF, 0x66, 0x3D, 0x50, 0xF4, 0xC4, 0xB8, 0xF9, 0xEC, 0x30, 0x65, 0x8F, 0x33,
    0x3D, 0xA5, 0xBA, 0x47, 0xA5, 0x24, 0x7D, 0x9A, 0xD5, 0x85, 0xBC, 0x7D, 0x0A, 0xAE, 0xC0, 0x7E,
    0x34, 0xD6, 0xB9, 0xF9, 0x12, 0x5C, 0x26, 0xD6, 0xD1, 0xAA, 0x56, 0x3E, 0xD3, 0x1E, 0xE7, 0x69,
    0x98, 0x50, 0x3F, 0x07, 0xA4, 0x5F, 0xBB, 0x03, 0x23, 0xE9, 0xCB, 0xE2, 0x00, 0xF0, 0x24, 0x68,
    0x4E, 0xB7, 0xF3, 0x03, 0xD0, 0x3C, 0x07, 0xE9, 0x98, 0x68, 0xF2, 0x7E, 0x86, 0xAA, 0x4B, 0x74,
    0xE4, 0x4C, 0x4A, 0xE2, 0xEA, 0x0C, 0xE5, 0x78, 0x82, 0x4F, 0xAD, 0x78, 0xF6, 0xC9, 0x6C, 0xE4,
    0x72, 0x9D, 0x0D, 0xF1, 0x7F, 0xD7, 0x99, 0x55, 0xFF, 0x91, 0xD4, 0xE6, 0x1D, 0xB1, 0x7D, 0x06,
    0xF8, 0xFA, 0x9D, 0x4D, 0x81, 0xC0, 0xF7, 0x7D, 0x85, 0x05, 0x2C, 0x29, 0xA1, 0x1A, 0xCB, 0x9A,
    0x6A, 0x2A, 0xBB, 0x19, 0xF2, 0x9E, 0xF3, 0xAB, 0x6C, 0x45, 0xF2, 0x0F, 0x13, 0x47, 0x06, 0xCE,
    0x9C, 0x03, 0x67, 0x9F, 0x25, 0x7E, 0x7B, 0xBC, 0x42, 0xF2, 0x95, 0xE9, 0x10, 0x15, 0x3B, 0x8B,
    0xA2, 0xB1, 0xE4, 0x14, 0xFD, 0x0C, 0x6A, 0x24, 0xD7, 0x89, 0x43, 0x19, 0x9C, 0x51, 0x2D, 0x95,
    0x55, 0x1D, 0xF9, 0x90, 0x59, 0xE4, 0x91, 0x7C, 0x3C, 0x16, 0x3D, 0x1C, 0x97, 0xD6, 0xF7, 0x19,
    0xC4, 0xB1, 0x36, 0x97, 0x20, 0x81, 0xD4, 0x79, 0x18, 0x3D, 0xAC, 0xC8, 0x65, 0x51, 0x0E, 0xB7,
    0x60, 0x1D, 0x3B, 0x5B, 0x7F, 0x1D, 0x78, 0xE6, 0x14, 0x9E, 0x95, 0x10, 0xED, 0x04, 0x2A, 0x0F,
    0x8D, 0x07, 0x80, 0xC8, 0x20, 0x15, 0x39, 0x76, 0xFD, 0xFC, 0x1E, 0xE4, 0x8D, 0x7F, 0x73, 0x04,
    0xEC, 0xFE, 0x84, 0xEF, 0x3D, 0xE0, 0x0D, 0x38, 0x33, 0x51, 0xB8, 0xB7, 0x29, 0xDD, 0xE7, 0xEB,
    0xD2, 0xA5, 0xA6, 0x5A, 0x25, 0xE6, 0x54, 0xE5, 0xA7, 0x01, 0x7E, 0x1D, 0xC0, 0xF7, 0xAD, 0x3D,
    0xD4, 0x95, 0x87, 0xC2, 0x03, 0xF0, 0x3C, 0xC0, 0xEB, 0xA7, 0x60, 0x1F, 0x84, 0xFE, 0x27, 0x84,
    0xE1, 0x41, 0xB0, 0x9B, 0x1B, 0xEE, 0x4A, 0xD3, 0xD4, 0xFE, 0x55, 0xF2, 0xE1, 0xAD, 0x5A, 0x71,
    0x63, 0x24, 0x79, 0x68, 0xE9, 0x69, 0x37, 0x4B, 0xCF, 0xC2, 0x50, 0xD6, 0xF2, 0xD2, 0x27, 0x77,
    0x53, 0x2F, 0xEA, 0xD2, 0xE9, 0x7C, 0x78, 0xF8, 0xA1, 0xF0, 0x0D, 0x37, 0x9D, 0x96, 0x6F, 0xD7,
    0x03, 0xE0, 0x15, 0xCA, 0xCE, 0xC8, 0xF9, 0xCD, 0x90, 0xEA, 0xD4, 0xED, 0xF3, 0x48, 0x63, 0xC9,
    0xB4, 0x24, 0x4B, 0x3A, 0xCC, 0x56, 0x5E, 0x03, 0x8C, 0x28, 0x42, 0x3A, 0x2F, 0xA9, 0x58, 0x20,
    0x13, 0x99, 0x4E, 0xEC, 0x01, 0xA0, 0xDC, 0xC8, 0xEE, 0xDA, 0xEA, 0x4F, 0xAD, 0xF6, 0xC4, 0x5A,
    0x71, 0x72, 0x1C, 0xAC, 0xCF, 0xCD, 0x41, 0xDA, 0x0B, 0x58, 0x68, 0x80, 0x63, 0x40, 0x75, 0xA1,
    0x5F, 0xC8, 0x26, 0x4D, 0xD4, 0x58, 0x20, 0x16, 0xFF, 0xDA, 0x93, 0xF9, 0x71, 0x7A, 0x5D, 0x8A,
    0x25, 0x14, 0x20, 0x6A, 0xD6, 0xBB, 0x36, 0x37, 0x27, 0x95, 0xEB, 0xE9, 0x70, 0x6F, 0x39, 0xE6,
    0xBF, 0xD8, 0xC4, 0x96, 0x4A, 0xBF, 0x41, 0xA6, 0x2F, 0x27, 0x3D, 0x4A, 0xBF, 0x3E, 0x5B, 0x17,
    0xD3, 0x3D, 0xD2, 0x7B, 0x66, 0xB6, 0x38, 0xB7, 0x20, 0xFE, 0x9E, 0xF6, 0xD6, 0xE3, 0xDB, 0xE0,
    0x20, 0x7B, 0xB7, 0x7E, 0x36, 0x87, 0x9B, 0x90, 0x7D, 0x4D, 0x5F, 0x51, 0x9A, 0x06, 0x32, 0x4D,
    0xE5, 0x4C, 0xF4, 0x76, 0xED, 0xAD, 0x2E, 0x31, 0xC9, 0xD5, 0x76, 0xB6, 0x22, 0x13, 0x77, 0xE7,
    0x62, 0x8B, 0xAA, 0x63, 0x13, 0xDB, 0x67, 0x19, 0xA8, 0x06, 0x35, 0xA8, 0xC9, 0x5D, 0x75, 0x9A,
    0x87, 0xB7, 0x54, 0x44, 0x4C, 0xA5, 0xD0, 0x8A, 0xC5, 0x16, 0xBB, 0x0B, 0x58, 0x5C, 0xE2, 0x70,
    0x81, 0x37, 0xED, 0x2E, 0xDE, 0xB4, 0x87, 0xCC, 0x66, 0x64, 0x2D, 0xB3, 0x19, 0x75, 0x33, 0x75,
    0x36, 0x6E, 0x2D, 0xB3, 0x99, 0xDC, 0xEB, 0x98, 0xCD, 0xE4, 0xCD, 0x96, 0xD9, 0x4C, 0x5F, 0x32,
    0xCC, 0x66, 0x76, 0xD5, 0x30, 0x9B, 0x9E, 0xE6, 0xB7, 0x4A, 0x6B, 0xA1, 0xE4, 0x4F, 0x99, 0x4D,
    0x15, 0x39, 0x54, 0xA6, 0x33, 0xB3, 0x45, 0xEE, 0x48, 0xDE, 0x7F, 0x83, 0xC2, 0x9D, 0xAE, 0xD0,
    0x1F, 0xD1, 0x42, 0x34, 0x2B, 0x58, 0x94, 0x0D, 0xEC, 0x6E, 0x2B, 0x4D, 0xAF, 0x52, 0x83, 0xCD,
    0x5E, 0x9A, 0x95, 0xCD, 0x7D, 0x24, 0x33, 0x59, 0xBF, 0x63, 0x37, 0xD3, 0xB3, 0x73, 0x8A, 0xD9,
    0xED, 0x2D, 0xB8, 0xA4, 0x2E, 0x81, 0xCA, 0x8E, 0x99, 0xFB, 0x1A, 0x98, 0xBD, 0xB0, 0x10, 0xBF,
    0xD5, 0x41, 0xF4, 0x47, 0x2D, 0xF0, 0x3D, 0x03, 0x48, 0xCD, 0x2E, 0x01, 0xF2, 0x4D, 0xA6, 0xB3,
    0x9E, 0xFE, 0x10, 0x17, 0x2F, 0x00, 0x1C, 0x3E, 0x9C, 0x4F, 0x12, 0x96, 0x46, 0x60, 0x77, 0x89,
    0x0C, 0xCD, 0xFF, 0x43, 0xA8, 0xC6, 0x53, 0x70, 0x3E, 0x51, 0x04, 0x07, 0xEF, 0xC8, 0xE6, 0xB7,
    0x35, 0x7F, 0x6B, 0xF8, 0xD0, 0x6F, 0x6B, 0x72, 0xF1, 0xAD, 0x10, 0xCC, 0x7F, 0x61, 0x5E, 0xE6,
    0x5E, 0x53, 0x2F, 0x76, 0x40, 0x62, 0x7A, 0x20, 0xB6, 0x7B, 0x00, 0xFD, 0x36, 0xC0, 0x9E, 0xD2,
    0xC0, 0x76, 0x6A, 0x00, 0x75, 0x55, 0x52, 0xCC, 0x48, 0x66, 0x75, 0xC7, 0x00, 0x76, 0x29, 0x07,
    0xE5, 0x00, 0xCB, 0xAC, 0x06, 0x54, 0xD2, 0x02, 0xD9, 0x6D, 0x0B, 0x24, 0x7F, 0xE0, 0x31, 0xFA,
    0x20, 0x24, 0xA0, 0x06, 0xB8, 0xC9, 0x69, 0x15, 0x4B, 0x3A, 0x00, 0x65, 0x00, 0x4A, 0x42, 0x1A,
    0x4B, 0xF7, 0x9B, 0x5B, 0xFE, 0x5C, 0x03, 0xDC, 0x3A, 0x2D, 0x35, 0xAB, 0xE4, 0xFD, 0xF9, 0x0E,
    0xEB, 0x0D, 0x55, 0x03, 0x97, 0x76, 0xF0, 0x58, 0xCA, 0xFE, 0x80, 0x84, 0xED, 0x8C, 0x94, 0xDE,
    0x46, 0xB2, 0xDC, 0xEF, 0x87, 0x89, 0xD8, 0xD5, 0x8C, 0x50, 0xB6, 0xD1, 0x8C, 0x79, 0x17, 0x0F,
    0xA0, 0x6C, 0xD2, 0x43, 0xDA, 0x7B, 0x4C, 0xFA, 0xD4, 0x7A, 0xCC, 0x02, 0xBE, 0xFF, 0xEF, 0x66,
    0x54, 0x6E, 0x10, 0xF4, 0xE5, 0xF3, 0x91, 0xEB, 0xD7, 0xC8, 0x2C, 0x80, 0x0A, 0xD8, 0x3E, 0xFC,
    0xF3, 0x23, 0x91, 0x17, 0x4D, 0xC0, 0x7A, 0x41, 0x98, 0xF7, 0x2C, 0x89, 0x5C, 0x4B, 0xF9, 0xFE,
    0x6B, 0x4E, 0xAF, 0xDD, 0xC9, 0xC4, 0xB5, 0xB0, 0x22, 0x2E, 0xE6, 0x3D, 0x65, 0x78, 0x7B, 0x3F,
    0x6C, 0x78, 0x67, 0x1D, 0x28, 0xFF, 0x6E, 0xC3, 0xD8, 0xE4, 0x06, 0x8A, 0x1A, 0x4A, 0x0D, 0x25,
    0x50, 0x01, 0x0D, 0x70, 0x17, 0x58, 0x01, 0x23, 0x78, 0x49, 0x5E, 0x50, 0x32, 0x80, 0x88, 0xF9,
    0x70, 0x53, 0x6D, 0x78, 0x87, 0x61, 0x0C, 0xA7, 0xC9, 0x79, 0x8C, 0x84, 0x33, 0x89, 0x47, 0xC2,
    0xB9, 0x72, 0xB2, 0x9C, 0x2D, 0xA7, 0xCB, 0xF9, 0x28, 0x81, 0x96, 0xE0, 0x09, 0x85, 0xC0, 0xE6,
    0xE7, 0x2E, 0x0F, 0xFE, 0x5E, 0x66, 0x7A, 0xB8, 0x75, 0xAF, 0x2F, 0x40, 0x25, 0x2A, 0x1F, 0x6E,
    0x54, 0x24, 0x92, 0xFF, 0xB8, 0x46, 0x05, 0x26, 0x20, 0x76, 0x40, 0xE2, 0x41, 0x39, 0x0D, 0xC5,
    0xDB, 0x35, 0x54, 0xFE, 0xDC, 0x49, 0xB5, 0xC4, 0x63, 0xD6, 0x91, 0xFA, 0x19, 0x54, 0x5D, 0x62,
    0x29, 0x4C, 0xD2, 0x53, 0xE9, 0x78, 0x60, 0x22, 0x1A, 0xBD, 0x3A, 0xBF, 0x48, 0x61, 0x25, 0x77,
    0x9D, 0xA5, 0x81, 0x0A, 0xE5, 0xDC, 0xCB, 0xEB, 0x2B, 0x41, 0x0B, 0x5B, 0x4A, 0x56, 0x60, 0x97,
    0x14, 0xDC, 0xF5, 0x85, 0x0A, 0x2A, 0xED, 0xEB, 0x2B, 0xBF, 0xEB, 0x1F, 0x1C, 0x49, 0x59, 0x3A,
    0xF4, 0xD4, 0x7A, 0x8A, 0xFE, 0xA8, 0xF3, 0x15, 0x37, 0x7E, 0xCB, 0xFA, 0x8A, 0x9B, 0xDC, 0xB3,
    0x51, 0x67, 0x3D, 0xC5, 0xED, 0x4C, 0xB7, 0xA5, 0xD4, 0xA6, 0x2F, 0x76, 0xBE, 0xD4, 0x66, 0x9F,
    0x15, 0x52, 0x49, 0xEB, 0x2B, 0xAE, 0x4A, 0xA5, 0xD4, 0x9E, 0xCB, 0x6A, 0x5F, 0x6A, 0xB7, 0x94,
    0x56, 0x99, 0xE6, 0x52, 0x31, 0x5B, 0xB0, 0xB8, 0x29, 0xB4, 0x1C, 0xC4, 0x87, 0xAA, 0x13, 0x1F,
    0x9A, 0xDA, 0xFB, 0x70, 0x7E, 0x05, 0xB2, 0xB6, 0x91, 0x80, 0xFE, 0x0E, 0x61, 0x3B, 0x7B, 0x20,
    0x54, 0x38, 0xA1, 0x9D, 0x5F, 0x03, 0x10, 0x8F, 0x41, 0x3C, 0xDE, 0xD0, 0xA1, 0x90, 0xF7, 0x18,
    0xAE, 0x7B, 0x8F, 0xC9, 0xDC, 0x5B, 0x9D, 0x85, 0xF2, 0xDD, 0x1F, 0xB4, 0x33, 0x7D, 0x60, 0xCA,
    0xD9, 0xE3, 0xE4, 0x8F, 0x4D, 0xEE, 0x1D, 0xFF, 0x46, 0xAD, 0xBC, 0xC7, 0xCF, 0xD5, 0x6A, 0xF6,
    0x38, 0xCF, 0xB4, 0xBA, 0x6A, 0xBC, 0x4B, 0xDE, 0xE3, 0x85, 0xC2, 0x7B, 0xBC, 0x38, 0xC7, 0x39,
    0x05, 0xBB, 0xCF, 0xB0, 0x3D, 0xD3, 0xE1, 0x25, 0x96, 0x9E, 0x16, 0xEC, 0x6D, 0x09, 0x8D, 0x97,
    0x66, 0xDA, 0x8D, 0x06, 0x7F, 0x65, 0x3A, 0x4C, 0xFA, 0x99, 0xF6, 0x0E, 0x95, 0xEF, 0x7C, 0x69,
    0x6F, 0x7A, 0x52, 0x1F, 0xF4, 0xAE, 0x87, 0xC4, 0xDD, 0x76, 0x96, 0xCD, 0xCF, 0x75, 0x1E, 0xF9,
    0x82, 0x24, 0x78, 0x8D, 0x9A, 0x1A, 0x4B, 0x65, 0x16, 0x7D, 0xE4, 0xCC, 0xEE, 0x6E, 0xF2, 0xC7,
    0xF5, 0x0B, 0xBB, 0xD9, 0x37, 0xEB, 0xC3, 0xA3, 0xB9, 0xEB, 0xBF, 0xB0, 0xDB, 0x0A, 0x67, 0x96,
    0xEA, 0xBC, 0x63, 0x4F, 0xB9, 0x77, 0xD8, 0xCD, 0x5F, 0x86, 0xA3, 0x4B, 0xCC, 0xB0, 0x38, 0x85,
    0x2B, 0xC0, 0x9E, 0x17, 0xBB, 0x73, 0x08, 0xE4, 0x96, 0x6D, 0xD2, 0xE9, 0xB5, 0x09, 0x9A, 0xF9,
    0x0C, 0xA2, 0x2F, 0x20, 0xA9, 0xA2, 0x26, 0xB6, 0x72, 0xAF, 0x6C, 0x7B, 0x9B, 0x7C, 0xE4, 0x4C,
    0x47, 0xD8, 0x9A, 0x11, 0x37, 0x84, 0xCB, 0x67, 0xDC, 0xFA, 0x57, 0x72, 0xCF, 0xCF, 0x61, 0xB8,
    0x4C, 0xFA, 0xEB, 0x62, 0x36, 0xBF, 0xF4, 0x96, 0xF2, 0xA7, 0xCE, 0x73, 0xB4, 0xB8, 0xE4, 0x87,
    0xB9, 0x1A, 0x69, 0xC6, 0xD3, 0xD0, 0x2E, 0x07, 0x60, 0x77, 0xEF, 0x64, 0xE8, 0x8F, 0x8E, 0x80,
    0xCA, 0x02, 0xE7, 0x6B, 0x36, 0x1B, 0xB1, 0xD7, 0x9F, 0xB8, 0x0E, 0x7C, 0x8C, 0xE0, 0x23, 0x04,
    0x1F, 0x1F, 0xF3, 0xE0, 0x7B, 0x48, 0x6B, 0x64, 0xB8, 0x25, 0x2E, 0x7C, 0x6F, 0x21, 0x2E, 0xC3,
    0x1C, 0x2F, 0x9E, 0x0D, 0xF3, 0x2B, 0x5D, 0x84, 0xB9, 0x95, 0x99, 0xF5, 0x91, 0x48, 0xDC, 0x0A,
    0xF8, 0x86, 0xEF, 0x3D, 0xD8, 0xFA, 0xE7, 0x34, 0xA8, 0x1C, 0xC8, 0xF7, 0xE0, 0xC9, 0xAA, 0x87,
    0xCA, 0x19, 0x28, 0xEE, 0xF3, 0x43, 0x7F, 0x0F, 0x9D, 0x42, 0x6E, 0xBC, 0x4C, 0x11, 0x56, 0x4D,
    0x2E, 0x1A, 0xAB, 0x8E, 0x26, 0x1E, 0xB3, 0x9E, 0x29, 0x19, 0x92, 0x81, 0x55, 0xD2, 0x27, 0x63,
    0x34, 0x26, 0xD6, 0x63, 0x3A, 0xA3, 0x4F, 0x42, 0xFF, 0x8D, 0xEA, 0x7C, 0x45, 0x55, 0xAD, 0xB2,
    0xA9, 0xCD, 0x4D, 0x61, 0x32, 0x5B, 0xBC, 0xE9, 0xC8, 0xBA, 0xC2, 0xF5, 0xA8, 0xB6, 0xBC, 0x8F,
    0x47, 0xC9, 0xF9, 0x4A, 0xCA, 0x49, 0x23, 0x15, 0x74, 0xF2, 0xA8, 0x57, 0xF0, 0xE4, 0x47, 0x19,
    0xC1, 0x12, 0x8D, 0x44, 0x96, 0x78, 0x24, 0xEE, 0x64, 0x0D, 0xDB, 0x92, 0xF5, 0x28, 0x13, 0xFB,
    0x65, 0x9C, 0x49, 0x66, 0x70, 0xF5, 0xE9, 0x48, 0x9A, 0xD8, 0xAD, 0x48, 0x9C, 0x2D, 0x9C, 0x33,
    0xE4, 0xC3, 0xA4, 0x0B, 0xEB, 0x3F, 0x92, 0x8E, 0x44, 0xAE, 0x26, 0x1E, 0x25, 0x99, 0x22, 0x9F,
    0x49, 0xAD, 0x68, 0x73, 0xD6, 0x53, 0xF4, 0x97, 0x23, 0xAC, 0x48, 0xFE, 0xC0, 0x97, 0x09, 0x52,
    0xE3, 0x74, 0x32, 0xA2, 0xEA, 0x6A, 0x76, 0x99, 0x42, 0x17, 0x5D, 0x69, 0xA8, 0x50, 0xEF, 0x4F,
    0x7C, 0xCA, 0xC9, 0x4C, 0x95, 0x13, 0x99, 0x5B, 0x2F, 0x1B, 0x35, 0xA0, 0xFA, 0x32, 0xAC, 0x57,
    0x0A, 0x4F, 0x13, 0x79, 0x8B, 0xEF, 0x4B, 0x75, 0x33, 0x0D, 0x42, 0xC9, 0x4C, 0x61, 0x67, 0x61,
    0xF0, 0x0E, 0x54, 0x35, 0xD0, 0xFC, 0xD6, 0x14, 0x92, 0xB7, 0x7F, 0xE8, 0xFF, 0x9A, 0xB2, 0xCF,
    0xE8, 0xBF, 0x73, 0x48, 0xF9, 0x6D, 0x63, 0xCE, 0x51, 0xB9, 0x7B, 0x3A, 0xAD, 0x77, 0xCF, 0xC7,
    0x3A, 0x69, 0x17, 0x49, 0x42, 0x6C, 0xCF, 0x08, 0x32, 0x63, 0xD4, 0x93, 0xCE, 0x38, 0xCC, 0xA8,
    0x67, 0xCC, 0x5F, 0xFD, 0x4E, 0xDC, 0xC7, 0x7F, 0x2F, 0xB9, 0xFD, 0xBB, 0xF6, 0xE9, 0x73, 0x71,
    0x9D, 0x76, 0x17, 0xCF, 0xC5, 0x26, 0xEB, 0x2E, 0xCF, 0x98, 0x3F, 0xFF, 0xF4, 0x8C, 0xBB, 0x97,
    0xD3, 0x7F, 0x1D, 0x7F, 0xAB, 0xBE, 0xCC, 0x8D, 0x57, 0xDF, 0xE1, 0x79, 0x9E, 0x89, 0x5A, 0x0C,
    0x97, 0xA2, 0x2E, 0xC6, 0x23, 0x1E, 0xAD, 0x47, 0x3C, 0x2E, 0xD9, 0xD8, 0xDB, 0xF2, 0xAD, 0x4A,
    0xD6, 0xBF, 0x55, 0xDD, 0x78, 0xFB, 0x3A, 0xC4, 0x2D, 0x71, 0x0F, 0xA9, 0xF1, 0x2A, 0x51, 0x9A,
    0x6C, 0xA6, 0x1D, 0x78, 0xFA, 0x18, 0x8E, 0xE1, 0xCA, 0x31, 0xBE, 0xD1, 0xD7, 0xF7, 0x48, 0x5A,
    0xF8, 0xFE, 0x1B, 0x64, 0x06, 0x3F, 0x4D, 0x39, 0xA4, 0x7A, 0x87, 0x25, 0x28, 0x4A, 0x06, 0xA8,
    0x6E, 0x37, 0x2F, 0x5A, 0x38, 0xB8, 0x7D, 0xF0, 0x95, 0x16, 0x00, 0x55, 0x0B, 0x15, 0xD1, 0x2B,
    0x61, 0x69, 0xE1, 0x0C, 0xD0, 0xEF, 0xF8, 0x66, 0x92, 0xEE, 0x56, 0x52, 0x43, 0x26, 0xA1, 0x83,
    0xD2, 0x65, 0x0B, 0xEC, 0x90, 0x0F, 0xC0, 0x31, 0xC9, 0x84, 0xF4, 0x59, 0xF9, 0x03, 0x13, 0x53,
    0x68, 0x32, 0x93, 0xB6, 0x05, 0xE4, 0x24, 0xDF, 0xBF, 0x05, 0x4B, 0x38, 0x59, 0xF7, 0x73, 0xB2,
    0x29, 0x37, 0xC1, 0x19, 0x37, 0x6C, 0x7E, 0xC3, 0xF9, 0xA3, 0xAF, 0x67, 0xD1, 0x08, 0x95, 0x9B,
    0xE1, 0xCB, 0xAF, 0x3E, 0x78, 0xB5, 0x4C, 0x2D, 0xCF, 0x90, 0x59, 0x2E, 0xA1, 0x2C, 0x3B, 0xA8,
    0x8E, 0x12, 0xD5, 0x52, 0xBE, 0xDB, 0xDC, 0xA7, 0x72, 0x6E, 0x92, 0xE5, 0x72, 0x74, 0x2D, 0x0C,
    0x5C, 0x35, 0x90, 0x4F, 0xA4, 0xAE, 0x06, 0x37, 0x51, 0xBA, 0x3A, 0x77, 0x1D, 0xF1, 0xFD, 0x8A,
    0xBB, 0x5F, 0x34, 0xE5, 0x57, 0x2C, 0x89, 0xCD, 0xEB, 0x31, 0x6D, 0x4B, 0x3F, 0xC1, 0x9D, 0xBA,
    0xD7, 0x27, 0xDD, 0x4D, 0x06, 0xD2, 0xD6, 0x9B, 0xF6, 0x98, 0x91, 0xCC, 0x64, 0x6F, 0xDA, 0xBF,
    0xCA, 0x4C, 0x37, 0xE6, 0xFA, 0xB4, 0x9B, 0x8C, 0x24, 0x9D, 0xBA, 0x1D, 0x1A, 0xF3, 0x5D, 0xE8,
    0x21, 0x6D, 0x77, 0xA2, 0x9E, 0xD8, 0x16, 0x1C, 0x67, 0xA6, 0x8C, 0x2D, 0x0C, 0x3B, 0xDC, 0x52,
    0x75, 0xFE, 0x95, 0x0E, 0xEE, 0x8E, 0x94, 0x0D, 0xEA, 0x3D, 0x03, 0x65, 0x8F, 0xF2, 0x99, 0x25,
    0x8F, 0xD7, 0xF4, 0x8D, 0xE9, 0xDA, 0x79, 0xB7, 0xEF, 0x55, 0xAD, 0x37, 0x5D, 0xBD, 0x73, 0xC3,
    0xDD, 0x3F, 0xEF, 0xA6, 0x9F, 0x73, 0xFA, 0x29, 0xB8, 0x0E, 0x1F, 0xD5, 0x3C, 0x02, 0xDC, 0x01,
    0xA5, 0x21, 0xB3, 0xB0, 0x03, 0x34, 0x33, 0x1F, 0x33, 0x37, 0xD9, 0x41, 0x0F, 0x67, 0x54, 0x4B,
    0x22, 0x81, 0x65, 0xC8, 0xD6, 0x97, 0xFF, 0x7C, 0xBD, 0x9C, 0xDA, 0x21, 0xCC, 0xC4, 0xB1, 0xB0,
    0x96, 0xB8, 0xA4, 0x22, 0x69, 0x03, 0xAB, 0x17, 0x0F, 0x0E, 0xEE, 0x70, 0x97, 0x22, 0x75, 0xCE,
    0xB2, 0xE2, 0x66, 0xE6, 0x5C, 0x17, 0xAD, 0x18, 0xCE, 0x91, 0x98, 0xCA, 0xFD, 0xC0, 0x3E, 0x81,
    0xD2, 0xD7, 0xAF, 0xFF, 0xA2, 0x81, 0x2D, 0x82, 0x13, 0x0B, 0xA0, 0x04, 0x7A, 0xC4, 0x89, 0xA8,
    0x0B, 0x76, 0x62, 0x10, 0x27, 0x32, 0x8D, 0x38, 0x21, 0x75, 0x51, 0x0E, 0x0F, 0x3E, 0x1F, 0xAD,
    0x0F, 0xB7, 0xE1, 0x1D, 0x1C, 0x90, 0xC9, 0xFC, 0x1B, 0xD5, 0x57, 0x9F, 0xBF, 0x83, 0xD7, 0x87,
    0x9B, 0xF0, 0xFA, 0x92, 0xBE, 0xD4, 0x5E, 0x5F, 0xD6, 0xE5, 0xA2, 0x4F, 0x19, 0x65, 0xBC, 0xBE,
    0x7C, 0x66, 0x50, 0x3A, 0x70, 0x49, 0x3E, 0xEF, 0x81, 0x63, 0x54, 0x57, 0xCD, 0xDC, 0x93, 0x38,
    0x57, 0x8B, 0x13, 0xBF, 0x52, 0x06, 0x7D, 0x54, 0xA2, 0xEF, 0x23, 0xAC, 0xC4, 0xE7, 0x45, 0x34,
    0x88, 0xCF, 0x3B, 0xA9, 0x15, 0x7D, 0xE5, 0xBA, 0x9C, 0x9E, 0xB9, 0xBF, 0xD1, 0x07, 0x1B, 0x89,
    0x1B, 0x95, 0x6C, 0x84, 0xB2, 0xD1, 0xCA, 0x46, 0x2E, 0x1B, 0xC5, 0x1F, 0x16, 0xBD, 0xD1, 0xFD,
    0x61, 0xE9, 0x1B, 0xF5, 0x27, 0x03, 0x10, 0xED, 0xF3, 0xF1, 0x77, 0xC2, 0x18, 0xE4, 0x1D, 0x8D,
    0x93, 0x61, 0x88, 0x5C, 0x9B, 0xF4, 0x85, 0xF1, 0x23, 0x51, 0xBC, 0x6D, 0xB2, 0x56, 0xC9, 0x60,
    0x3C, 0xE6, 0x55, 0xAB, 0x56, 0xE6, 0xBB, 0xA8, 0x4B, 0xAD, 0x3A, 0xF1, 0xBB, 0xD4, 0x25, 0xDE,
    0x2C, 0xA1, 0xF4, 0x4D, 0xB6, 0xE2, 0x77, 0xC5, 0x5D, 0x31, 0x7B, 0x68, 0x98, 0xC8, 0x8D, 0xF8,
    0x3D, 0x31, 0x51, 0x04, 0xBF, 0x57, 0x4C, 0x94, 0x5A, 0x82, 0x60, 0x64, 0xA2, 0x12, 0xE1, 0xD1,
    0xC8, 0x5D, 0x46, 0x69, 0x20, 0x1E, 0x29, 0xE3, 0x5E, 0x46, 0xCB, 0xB9, 0x2E, 0x77, 0x2D, 0xEB,
    0x1F, 0xAD, 0xC5, 0x27, 0x63, 0x96, 0xF3, 0x23, 0x63, 0x22, 0xB2, 0xEB, 0x71, 0x5A, 0xAF, 0x77,
    0x55, 0x1D, 0x46, 0xA8, 0x58, 0x0F, 0xCF, 0x72, 0x3D, 0x36, 0x83, 0xB0, 0x8E, 0xD7, 0x31, 0x91,
    0x9A, 0xC0, 0xEA, 0x76, 0xE3, 0xB3, 0x92, 0x52, 0xBD, 0x3F, 0xC2, 0x8A, 0x3D, 0x7F, 0xCD, 0x8C,
    0x56, 0xF4, 0x05, 0x15, 0x95, 0xFB, 0xCB, 0xEE, 0x2C, 0x0D, 0x21, 0xE6, 0xA7, 0x10, 0xC4, 0x52,
    0x9D, 0x76, 0x88, 0x9B, 0x3A, 0xD4, 0x45, 0x57, 0x23, 0x4E, 0x64, 0x3D, 0x48, 0x19, 0x1D, 0x41,
    0x19, 0x11, 0x47, 0x41, 0x6C, 0xE2, 0x99, 0x97, 0x24, 0xAD, 0x3F, 0x6F, 0x08, 0x37, 0x41, 0xB1,
    0x0D, 0xEB, 0x31, 0x80, 0x4F, 0xBE, 0x0C, 0x9C, 0xBF, 0x2F, 0xE7, 0x46, 0x53, 0x53, 0x7B, 0x01,
    0x49, 0xAF, 0x44, 0x40, 0xD2, 0xA9, 0x96, 0x25, 0xC4, 0xED, 0xCC, 0x03, 0x22, 0x30, 0x08, 0xC8,
    0xEB, 0x20, 0xA0, 0x0C, 0x7A, 0x39, 0x0E, 0x7A, 0x63, 0xCB, 0xDE, 0xBA, 0xCA, 0xF7, 0x20, 0xFD,
    0x76, 0x37, 0x06, 0x22, 0x9B, 0x7C, 0xEE, 0x1B, 0x53, 0x43, 0x6A, 0xD2, 0xFC, 0x73, 0xB6, 0x30,
    0xC5, 0xC1, 0x6B, 0x3B, 0x99, 0xC9, 0x4D, 0xE3, 0xA6, 0xE3, 0xB8, 0x2E, 0xCC, 0xFC, 0x5B, 0x40,
    0x0B, 0x65, 0x1D, 0x04, 0x4C, 0x88, 0x80, 0xD7, 0x3A, 0xA0, 0x00, 0xE7, 0xD9, 0x3B, 0xB1, 0x02,
    0x06, 0xC0, 0x81, 0x38, 0x51, 0x41, 0xDA, 0xF2, 0x3A, 0xCD, 0xBA, 0xBF, 0x09, 0x0A, 0x58, 0x79,
    0xBD, 0x7B, 0x50, 0xC9, 0x79, 0x70, 0xF6, 0x95, 0xBF, 0xD9, 0x9C, 0xBE, 0x7D, 0x70, 0x20, 0xF1,
    0x9C, 0x38, 0xA7, 0x7D, 0x30, 0xA7, 0xCE, 0x21, 0x39, 0x4D, 0x86, 0x0F, 0xE3, 0x73, 0x3C, 0x22,
    0xF3, 0xF7, 0x0C, 0x00, 0x4A, 0x3F, 0x2B, 0x5C, 0x52, 0x8A, 0x7F, 0xC7, 0xEC, 0xFC, 0xE2, 0x00,
    0xF4, 0x32, 0x5F, 0xC1, 0x89, 0x15, 0x64, 0x26, 0x70, 0xAE, 0xA3, 0x2E, 0xE4, 0x74, 0x62, 0x23,
    0x09, 0xD4, 0x78, 0x4C, 0x4F, 0xA2, 0xB4, 0x05, 0xE0, 0xE3, 0xAF, 0xAC, 0xE7, 0x8F, 0xA3, 0x30,
    0x7F, 0x51, 0x1F, 0xE6, 0x2F, 0xE9, 0xC2, 0xFC, 0x65, 0x26, 0xCC, 0x5F, 0x4E, 0x10, 0xB8, 0x04,
    0xC8, 0x4F, 0x02, 0x92, 0x30, 0x9F, 0xC7, 0xA4, 0x6D, 0x98, 0x3F, 0x55, 0x83, 0x87, 0x22, 0xCC,
    0x1F, 0x7B, 0x67, 0x0F, 0x5E, 0x8E, 0x6C, 0xA2, 0x87, 0xC2, 0x8D, 0xA9, 0x49, 0x13, 0x5B, 0xBA,
    0x61, 0x9E, 0xBF, 0xD4, 0x5C, 0xE6, 0xF2, 0x3C, 0x7F, 0x4A, 0xBF, 0xCE, 0x93, 0x5F, 0x3E, 0x78,
    0x65, 0x07, 0x4B, 0x68, 0xA8, 0x05, 0x88, 0xFA, 0xC8, 0x4D, 0x78, 0x41, 0xF1, 0x9F, 0x54, 0x26,
    0x08, 0x52, 0xDD, 0x26, 0x89, 0x96, 0x44, 0xA4, 0x33, 0x8F, 0x28, 0x42, 0x40, 0xE6, 0xB5, 0x6A,
    0xBD, 0x13, 0xAA, 0x2D, 0x24, 0x89, 0x52, 0x39, 0x1F, 0xF8, 0xF2, 0x7E, 0xD0, 0x27, 0xA2, 0x1B,
    0x43, 0xD2, 0xE2, 0xD7, 0xA1, 0x78, 0x89, 0x36, 0xEB, 0xC8, 0x21, 0x6A, 0x55, 0xB7, 0xD6, 0xB5,
    0x8E, 0xD3, 0x2A, 0x24, 0xDA, 0xA7, 0xFA, 0xA0, 0xAB, 0xEA, 0x83, 0x2E, 0x1C, 0x05, 0x61, 0x42,
    0xF7, 0xD6, 0xDC, 0x7F, 0xF2, 0xE0, 0xCE, 0x15, 0xCA, 0x97, 0xBA, 0xCA, 0xD9, 0x3D, 0xCA, 0xCF,
    0x99, 0xC6, 0xD9, 0x2A, 0x9A, 0x72, 0xDD, 0xD1, 0x15, 0x6E, 0xD8, 0x89, 0x5A, 0xF4, 0x99, 0x03,
    0x7D, 0x1C, 0x9B, 0xA0, 0x2B, 0xA9, 0x11, 0x5D, 0x89, 0x5B, 0xC9, 0x78, 0xA6, 0x5F, 0x6B, 0x34,
    0xE4, 0x21, 0x58, 0x58, 0x86, 0xE0, 0x61, 0x90, 0xEF, 0xBC, 0xAE, 0x4B, 0xFE, 0x73, 0xDA, 0x52,
    0x52, 0x48, 0x6E, 0x95, 0x75, 0x03, 0x05, 0xE4, 0x6E, 0x04, 0x20, 0x3A, 0xD8, 0x07, 0xCE, 0xD6,
    0xB0, 0xBD, 0x6E, 0xE3, 0x26, 0xD0, 0x84, 0x36, 0x62, 0x57, 0xCB, 0x04, 0xA5, 0x8D, 0x96, 0x8A,
    0xB1, 0x55, 0x6A, 0x94, 0x86, 0xDD, 0x32, 0xC4, 0xB1, 0xAD, 0xE0, 0x18, 0x12, 0x73, 0x97, 0xA8,
    0x07, 0xC5, 0x8A, 0xA4, 0x43, 0x6E, 0xC9, 0x33, 0x03, 0x9F, 0x7C, 0x75, 0x7A, 0x39, 0x8F, 0x0F,
    0x5E, 0x21, 0x1E, 0xD9, 0xC9, 0x9C, 0x23, 0x19, 0x18, 0x95, 0x9B, 0x66, 0x8E, 0xEC, 0x13, 0x3C,
    0x41, 0xE3, 0xAE, 0xB6, 0xCF, 0xF2, 0x91, 0x39, 0x40, 0x55, 0xBD, 0x00, 0xA0, 0xE0, 0xB2, 0xF0,
    0x4D, 0x2A, 0x57, 0x03, 0x03, 0x5F, 0xFF, 0xA2, 0x45, 0x9C, 0x48, 0x06, 0xC4, 0x89, 0x78, 0x94,
    0x64, 0xD2, 0xD1, 0xCC, 0x25, 0x89, 0x14, 0x98, 0x63, 0xD2, 0x2E, 0xE9, 0x43, 0xEC, 0x65, 0x96,
    0xA4, 0xDB, 0x14, 0x98, 0x8F, 0xBF, 0xFC, 0x37, 0x7B, 0x4D, 0x3D, 0xF3, 0x67, 0x92, 0x7F, 0x54,
    0xE1, 0x62, 0x12, 0x0F, 0x79, 0xED, 0xF3, 0x2F, 0xB5, 0x4A, 0x87, 0x6B, 0xEA, 0x63, 0x92, 0x7F,
    0x45, 0xBD, 0x5E, 0x55, 0xFE, 0xBC, 0x5E, 0xE7, 0x5F, 0x58, 0x33, 0x54, 0x6F, 0x8D, 0x40, 0x4F,
    0xC3, 0x24, 0xF9, 0x77, 0x97, 0xBB, 0x12, 0xAE, 0x6F, 0x78, 0xCE, 0xF5, 0xCC, 0x92, 0x7F, 0xDC,
    0x42, 0x64, 0x52, 0x26, 0x21, 0xFF, 0x4E, 0x2E, 0x11, 0xF1, 0xFB, 0xC0, 0x97, 0xFD, 0x24, 0x1E,
    0x86, 0xA4, 0x0C, 0xC5, 0xD5, 0x90, 0x1A, 0x5F, 0x7C, 0x8D, 0xD7, 0x9D, 0xD4, 0x68, 0x76, 0x20,
    0xD1, 0x48, 0x1B, 0x19, 0x88, 0x6E, 0xE5, 0x06, 0xD1, 0xAD, 0xFE, 0x99, 0x0B, 0xBA, 0xA9, 0x74,
    0xAE, 0x83, 0xE0, 0x1D, 0x02, 0x1F, 0xF3, 0x6B, 0xF5, 0x1E, 0xE5, 0x67, 0x6C, 0xEA, 0xEC, 0xEC,
    0x6D, 0xD2, 0xE6, 0x66, 0x68, 0xA2, 0x95, 0xAA, 0x2B, 0xFA, 0x59, 0x43, 0xC1, 0x8A, 0xFD, 0x39,
    0x3E, 0x6F, 0x46, 0x23, 0x00, 0x43, 0xD2, 0xFF, 0xB2, 0x24, 0xB2, 0xAC, 0x11, 0x7C, 0xC5, 0x5D,
    0xE5, 0x2D, 0xA8, 0x3A, 0xF3, 0xB9, 0x42, 0x49, 0xD6, 0x65, 0x32, 0xF8, 0x81, 0x7B, 0xCF, 0xBE,
    0x50, 0x90, 0xDA, 0x30, 0xF8, 0x49, 0x5F, 0xD4, 0x5E, 0x37, 0x27, 0xF9, 0x97, 0xDF, 0x09, 0xF3,
    0x97, 0xAD, 0xE7, 0xAF, 0x58, 0xCF, 0xDF, 0xCD, 0xF5, 0xFC, 0x0D, 0x61, 0xFE, 0x24, 0xDF, 0x94,
    0xC8, 0x86, 0x5C, 0x64, 0xCB, 0xFC, 0x95, 0x41, 0x06, 0x7B, 0xC2, 0x9A, 0x7E, 0x3D, 0x7F, 0x5D,
    0xE0, 0xCC, 0x34, 0xB2, 0x1E, 0xC8, 0x9F, 0x7B, 0x5F, 0xD6, 0x44, 0x3B, 0xAA, 0x2D, 0x89, 0x56,
    0x1C, 0x17, 0x75, 0xA1, 0x2B, 0xF7, 0x7D, 0x5B, 0xD4, 0xE5, 0x3C, 0x7F, 0xBF, 0xD0, 0x16, 0xE6,
    0x16, 0x5E, 0x87, 0xFA, 0xF3, 0x01, 0x28, 0xC2, 0x3A, 0x9B, 0x9B, 0x33, 0xB7, 0xC0, 0x40, 0xF9,
    0xC5, 0xDE, 0xCB, 0x8E, 0xC6, 0x64, 0x84, 0xB4, 0x4D, 0x7A, 0x66, 0x56, 0x75, 0x62, 0x3D, 0x97,
    0x84, 0xCF, 0x7B, 0xC4, 0xE3, 0x6C, 0xD1, 0x43, 0x23, 0xE7, 0xC1, 0xD9, 0x93, 0xFA, 0x19, 0x77,
    0xE0, 0x1A, 0x11, 0x10, 0xEA, 0x8B, 0x0E, 0xF5, 0x65, 0x67, 0x5D, 0x5F, 0x8E, 0x43, 0x7D, 0x89,
    0x82, 0x00, 0x9D, 0x74, 0xA1, 0xBE, 0x84, 0xE5, 0x57, 0x4F, 0x0E, 0x80, 0x63, 0x49, 0x10, 0x3C,
    0x06, 0xBE, 0x6D, 0x8B, 0xFB, 0xF8, 0xFA, 0xF2, 0xD6, 0xD4, 0xF8, 0x79, 0xFC, 0xFC, 0x4B, 0xBD,
    0x32, 0x55, 0x34, 0x15, 0x59, 0x97, 0xB5, 0x85, 0x1B, 0x6E, 0x66, 0x9D, 0x32, 0xF3, 0xFC, 0x0D,
    0x99, 0xCD, 0x6B, 0x99, 0xB7, 0xD1, 0xEB, 0x4C, 0x4D, 0xE4, 0x24, 0x21, 0x74, 0xE4, 0x7A, 0x60,
    0x07, 0xF5, 0xAD, 0x55, 0x88, 0x57, 0x1C, 0x44, 0x3D, 0x2B, 0x4A, 0x89, 0xD7, 0xD1, 0x73, 0x66,
    0xC2, 0xE7, 0x5C, 0xD3, 0x48, 0xBC, 0x6E, 0x6E, 0x40, 0xE3, 0x03, 0x1D, 0xE2, 0x33, 0x6E, 0x43,
    0x7C, 0x66, 0x26, 0xC4, 0x67, 0x4E, 0x88, 0xCF, 0x1D, 0x24, 0x3E, 0xA5, 0x8E, 0xE8, 0xF5, 0x52,
    0x02, 0x48, 0xDA, 0x10, 0x9F, 0xAA, 0x0E, 0xF1, 0x59, 0x10, 0x74, 0xDF, 0x5C, 0xEB, 0x1B, 0x02,
    0xBF, 0xE8, 0xF5, 0xCD, 0xBA, 0x9E, 0xBB, 0x37, 0xEB, 0x9B, 0xBD, 0x53, 0x57, 0x67, 0x7D, 0x73,
    0x7C, 0x96, 0x5E, 0x5F, 0xE9, 0xFA, 0xE3, 0xB5, 0xBE, 0x3E, 0xE8, 0x4B, 0xBA, 0xA0, 0x2F, 0x5B,
    0xEB, 0xCB, 0x7F, 0x8C, 0x3E, 0xBB, 0xD6, 0xD7, 0x06, 0x7D, 0xAA, 0x0E, 0x9F, 0x0B, 0x82, 0xBE,
    0x9B, 0x0F, 0xEA, 0x3B, 0x7B, 0x30, 0xC3, 0x21, 0x85, 0x73, 0x75, 0x6C, 0x29, 0x9D, 0xD3, 0x69,
    0xCB, 0x65, 0xB6, 0xFC, 0x79, 0xCF, 0xB3, 0x08, 0xBE, 0x1F, 0xB2, 0x87, 0xB4, 0xDC, 0x03, 0x89,
    0x49, 0x2C, 0x90, 0xD5, 0xA1, 0xDC, 0x84, 0x68, 0x5D, 0xB2, 0x03, 0x70, 0xC4, 0x71, 0xEC, 0xF6,
    0x23, 0x1B, 0xF5, 0xF9, 0x77, 0x87, 0xA4, 0x4D, 0xBA, 0x52, 0x8F, 0xFE, 0xC0, 0xBB, 0xBC, 0x91,
    0x93, 0x73, 0x97, 0xF1, 0xA3, 0x2C, 0x69, 0xA2, 0x41, 0xC2, 0xEE, 0x9B, 0x9D, 0x5C, 0xBD, 0x26,
    0x48, 0x5B, 0x72, 0xA7, 0xC5, 0xD7, 0xAA, 0xA5, 0xF0, 0x19, 0x65, 0xD9, 0x43, 0xB5, 0x89, 0x65,
    0x40, 0xCD, 0x3D, 0x26, 0x56, 0x3E, 0x65, 0x86, 0xCC, 0xAA, 0x56, 0x69, 0x62, 0xE7, 0x34, 0xC0,
    0x27, 0x37, 0x35, 0x32, 0x94, 0xC8, 0x50, 0x21, 0xD7, 0x05, 0xF2, 0xB4, 0x3E, 0x86, 0x0C, 0x0D,
    0xD5, 0x31, 0x14, 0xC7, 0x4D, 0x6D, 0x94, 0xD2, 0x18, 0x2A, 0xA3, 0x90, 0xAA, 0x09, 0x75, 0x11,
    0x29, 0x8B, 0x20, 0xAB, 0x12, 0x90, 0x45, 0x09, 0xAC, 0xD7, 0x94, 0x10, 0xA4, 0x43, 0x29, 0xC8,
    0x71, 0xA0, 0x5E, 0x30, 0x24, 0xA9, 0xF4, 0x29, 0x73, 0x25, 0xB4, 0xB3, 0x39, 0x50, 0x86, 0x33,
    0xF0, 0x75, 0xA0, 0x74, 0x2D, 0x91, 0x7B, 0x6D, 0x24, 0x19, 0xA2, 0xC9, 0x0B, 0x69, 0xC8, 0x5A,
    0xAA, 0x3A, 0xAA, 0x29, 0x0D, 0xFC, 0x48, 0x08, 0x7F, 0x33, 0xD1, 0x80, 0x0B, 0x2E, 0x7E, 0x84,
    0x78, 0x64, 0x49, 0xDA, 0x73, 0x17, 0xD5, 0xD1, 0x78, 0x7D, 0xE5, 0xBB, 0x13, 0xE4, 0xAE, 0x03,
    0xBE, 0x00, 0xE0, 0x4B, 0x7E, 0xDC, 0x79, 0x29, 0x72, 0x59, 0x8C, 0x06, 0x25, 0xF5, 0x26, 0x5D,
    0xA7, 0xAB, 0x6A, 0x33, 0xCB, 0x31, 0xE4, 0x26, 0xB5, 0x51, 0x0F, 0x45, 0x9D, 0x59, 0xB9, 0x2C,
    0xEA, 0xCC, 0x8F, 0xBD, 0x14, 0xC1, 0x3C, 0x0C, 0x52, 0xB7, 0x0C, 0x6C, 0x46, 0xE1, 0xFC, 0x9E,
    0x3D, 0x3F, 0xCD, 0x5C, 0x5E, 0x6D, 0x9B, 0xD7, 0xDA, 0x92, 0x5B, 0xEA, 0xF6, 0x98, 0xDA, 0xE2,
    0xF6, 0x58, 0xC4, 0x7D, 0x6A, 0x95, 0xEB, 0x6E, 0xF2, 0xFA, 0xDC, 0xE6, 0x5D, 0x06, 0xBC, 0x73,
    0xC4, 0x16, 0x0A, 0x29, 0xB3, 0x7C, 0xFC, 0x7E, 0x18, 0xCB, 0x32, 0x2C, 0xCF, 0x83, 0xA8, 0xE3,
    0x30, 0x4D, 0xDE, 0x89, 0xF5, 0x3D, 0xC9, 0xB3, 0x9E, 0x33, 0xC3, 0x92, 0x50, 0x66, 0x4B, 0xDD,
    0xC8, 0xE1, 0x9B, 0xE5, 0x80, 0xE6, 0x7F, 0x03, 0xD3, 0x5A, 0xB5, 0xC2, 0xFE, 0xFF, 0x8F, 0xFA,
    0xFF, 0x5F, 0x18, 0x18, 0x18, 0x00, 0xDD, 0xD5, 0x01, 0xA6, 0xDC, 0x50, 0x18, 0x05, 0xE0, 0x93,
    0xE4, 0x3D, 0x51, 0x41, 0xE0, 0x15, 0x3C, 0x0C, 0x14, 0x85, 0x9A, 0x1D, 0xBC, 0xA4, 0x3B, 0x78,
    0xD0, 0x55, 0x14, 0xB3, 0x84, 0x64, 0x09, 0x05, 0x5D, 0x4D, 0xFB, 0x92, 0xEE, 0x60, 0x96, 0x30,
    0xE8, 0x02, 0x82, 0x5B, 0xEE, 0x70, 0x6F, 0xFE, 0xBA, 0xE7, 0xE6, 0x10, 0xAD, 0x51, 0xB4, 0xA0,
    0x85, 0xFF, 0x6F, 0x64, 0x26, 0x67, 0x3E, 0x39, 0xF7, 0x01, 0xC0, 0xFD, 0x33, 0xA6, 0x4F, 0x00,
    0x0A, 0x8B, 0xB5, 0x05, 0x00, 0xF5, 0x8F, 0x97, 0xC3, 0xB7, 0x08, 0xA0, 0x9D, 0x9F, 0x3A, 0xA4,
    0xE5, 0x38, 0xBE, 0x7D, 0xC1, 0x17, 0x00, 0x5D, 0xCF, 0xFF, 0x03, 0x13, 0x8A, 0xC0, 0x65, 0x45,
    0xA9, 0xA5, 0xF2, 0x69, 0x9E, 0xCC, 0xCC, 0xD2, 0x96, 0xA6, 0x39, 0x20, 0xDD, 0x50, 0x2F, 0x00,
    0xD2, 0x0D, 0x4D, 0x5E, 0x1C, 0xDA, 0x0B, 0x80, 0x74, 0xBD, 0x3D, 0x6F, 0xCB, 0x61, 0x06, 0x90,
    0x6E, 0x38, 0x72, 0x69, 0x2F, 0x5A, 0xCE, 0xE8, 0x46, 0x00, 0xE9, 0x86, 0xAE, 0x07, 0x90, 0xAE,
    0x0F, 0x69, 0xA6, 0xEB, 0x93, 0x96, 0x15, 0xD8, 0x07, 0x1C, 0x70, 0x33, 0x69, 0xDC, 0x92, 0x16,
    0x21, 0x05, 0x51, 0xC0, 0xBC, 0xDC, 0x0C, 0xD8, 0x28, 0x4E, 0xAB, 0x14, 0x7A, 0x66, 0xB7, 0xC2,
    0x3C, 0x97, 0x0B, 0x2C, 0x41, 0xF2, 0xDF, 0xE3, 0xDA, 0xD3, 0xD4, 0x16, 0x7E, 0x4B, 0xEB, 0xF9,
    0x03, 0x1A, 0xCF, 0x8C, 0x7C, 0x5A, 0x87, 0x22, 0xE7, 0xCB, 0xE9, 0x34, 0x64, 0xB8, 0x00, 0x96,
    0x47, 0x19, 0x18, 0xA6, 0xF2, 0x8C, 0x52, 0x39, 0x0E, 0x82, 0x71, 0x1C, 0x67, 0xAA, 0x75, 0x23,
    0xCD, 0xBA, 0x9E, 0x62, 0x43, 0xF6, 0x9A, 0xB2, 0xD6, 0xA4, 0xB8, 0x1C, 0x11, 0x90, 0xD3, 0x40,
    0x1C, 0x19, 0xAD, 0x28, 0xD6, 0x57, 0x74, 0xB3, 0xC8, 0x2B, 0xC3, 0x85, 0x66, 0xF7, 0xE0, 0xC8,
    0x2E, 0x9B, 0xCA, 0x66, 0xB2, 0x89, 0x64, 0x8F, 0x4D, 0x63, 0xB3, 0x80, 0x24, 0xAE, 0xF7, 0xC8,
    0x14, 0x96, 0x3F, 0xDB, 0xAC, 0x60, 0xBA, 0x2A, 0xE6, 0x8F, 0x15, 0x81, 0x73, 0x7B, 0xC6, 0x84,
    0x2A, 0xE8, 0x7D, 0xDA, 0xA6, 0x23, 0x49, 0xE4, 0x53, 0xCD, 0x62, 0xB3, 0x40, 0x28, 0x52, 0x11,
    0x8B, 0x5C, 0x04, 0x23, 0x19, 0xD1, 0xC8, 0x46, 0x38, 0xD2, 0x11, 0x8F, 0x7C, 0x04, 0x24, 0x21,
    0x11, 0xC9, 0x48, 0x48, 0x52, 0x12, 0x13, 0xA7, 0xA0, 0x24, 0x25, 0x2A, 0x59, 0x09, 0x4B, 0x5A,
    0x7B, 0xAE, 0xDC, 0xC7, 0xD3, 0x15, 0x2A, 0xA4, 0x9D, 0xB7, 0x46, 0x9E, 0xBB, 0x45, 0x95, 0x3C,
    0x2C, 0xEA, 0x64, 0x3B, 0x2B, 0xEA, 0xDD, 0x2E, 0xE4, 0xEE, 0x65, 0x97, 0xA3, 0x8A, 0xC9, 0xEF,
    0xCB, 0x8B, 0xCD, 0x8C, 0xCB, 0xC2, 0xD1, 0x91, 0x54, 0x8C, 0x4E, 0x2C, 0x86, 0x27, 0x97, 0x54,
    0x27, 0xF5, 0x13, 0x46, 0x51, 0xA1, 0xE5, 0x86, 0x46, 0x55, 0xB4, 0x08, 0xEA, 0x68, 0x19, 0x54,
    0xD2, 0xCA, 0xCB, 0x98, 0x1B, 0x23, 0x57, 0x4E, 0xBE, 0xDC, 0x26, 0xF6, 0xD0, 0x29, 0x7C, 0xE5,
    0xDF, 0x6C, 0x55, 0xAD, 0xCC, 0x6D, 0x37, 0x15, 0x36, 0xAA, 0xAC, 0x0F, 0x0A, 0xBF, 0xAF, 0xAB,
    0x22, 0xEF, 0x0B, 0xAB, 0xC6, 0x42, 0x01, 0xF6, 0x9D, 0x55, 0x69, 0xF7, 0xF6, 0xDF, 0x1F, 0x20,
    0xFB, 0x20, 0xFB, 0x63, 0x90, 0x7D, 0xE3, 0x65, 0x5F, 0x3B, 0xFD, 0x90, 0x7A, 0x91, 0x3D, 0xF3,
    0x58, 0x7E, 0x39, 0x65, 0xDF, 0x9E, 0x75, 0x28, 0x1E, 0x64, 0xEF, 0x0E, 0x7F, 0x61, 0x3F, 0xFD,
    0xA7, 0xF6, 0x8F, 0x57, 0x80, 0xF2, 0x96, 0x0F, 0x5C, 0x47, 0x56, 0x1C, 0xE6, 0xD2, 0xEB, 0x9C,
    0xF8, 0xAD, 0x90, 0x32, 0x66, 0x21, 0x1B, 0x07, 0xA0, 0x88, 0x98, 0xCC, 0xA7, 0x62, 0x16, 0x66,
    0x6E, 0x7F, 0x4E, 0x70, 0xFE, 0x72, 0x4E, 0xC8, 0x14, 0x68, 0x6F, 0x9F, 0x13, 0xC3, 0x1F, 0xCE,
    0x89, 0x1B, 0xB1, 0xB0, 0x96, 0x7D, 0x3E, 0x27, 0x6C, 0xE4, 0xC5, 0x2E, 0x32, 0x0E, 0x8A, 0xFE,
    0x9F, 0x9C, 0x13, 0x1F, 0xB3, 0x57, 0xBD, 0x79, 0x75, 0xE7, 0xCA, 0xE5, 0x00, 0x50, 0x80, 0x98,
    0x3D, 0xF0, 0x15, 0x60, 0x80, 0x48, 0x27, 0xAE, 0xF8, 0x10, 0x79, 0xCE, 0x36, 0x66, 0x38, 0x59,
    0x40, 0xF7, 0xD9, 0x60, 0x16, 0x10, 0x31, 0xF4, 0xB5, 0x43, 0xE1, 0xF3, 0x5F, 0xA9, 0xD2, 0xE3,
    0x98, 0x88, 0xCA, 0x80, 0xBB, 0x44, 0x53, 0xC6, 0x4C, 0x03, 0x1B, 0x41, 0xBF, 0xC9, 0x83, 0x7E,
    0x47, 0xEB, 0x39, 0x2B, 0x3B, 0xE7, 0xCC, 0x83, 0xCB, 0x8E, 0x8D, 0xCF, 0x7E, 0x55, 0x48, 0xC9,
    0xDE, 0xA1, 0xE0, 0x7C, 0x4A, 0x4F, 0x58, 0x79, 0xE8, 0x3B, 0xCE, 0xB1, 0x5E, 0x30, 0xBD, 0x1F,
    0xDB, 0xEB, 0x69, 0xC6, 0x60, 0x73, 0x69, 0x11, 0x38, 0xAE, 0xC0, 0xEB, 0x1E, 0x28, 0x9E, 0xF1,
    0x13, 0x62, 0x40, 0x06, 0x15, 0x50, 0x1A, 0xC0, 0xC2, 0x1C, 0x1B, 0x21, 0x0C, 0x03, 0x41, 0x14,
    0x5D, 0xD9, 0x01, 0x01, 0x29, 0xB9, 0x4A, 0x70, 0x09, 0x0E, 0x29, 0x81, 0x72, 0xEC, 0x4E, 0x28,
    0x05, 0x4A, 0xA0, 0x04, 0x97, 0x40, 0x40, 0xA0, 0x19, 0xC4, 0x2D, 0xBB, 0x73, 0x52, 0xF4, 0x47,
    0xF7, 0xEE, 0x4A, 0x8C, 0x38, 0x71, 0xCF, 0xA8, 0x3C, 0x32, 0x36, 0xB6, 0x24, 0x64, 0x0C, 0xC2,
    0x44, 0xF5, 0x85, 0x45, 0x48, 0x04, 0x97, 0xB9, 0x99, 0xFC, 0x10, 0x08, 0x93, 0x5E, 0x88, 0x4D,
    0xA8, 0xC6, 0x44, 0xAC, 0x42, 0x1B, 0xBF, 0x8A, 0xE6, 0x2B, 0x54, 0x84, 0xAF, 0x30, 0xF0, 0xE0,
    0x5E, 0x15, 0x1D, 0xE4, 0xB1, 0x2A, 0x3E, 0x33, 0xD9, 0x16, 0x85, 0xBF, 0xDF, 0x67, 0x85, 0x17,
    0x9E, 0x13, 0x49, 0x4D, 0x08, 0x2D, 0xF0, 0x6A, 0x0F, 0xA1, 0xBB, 0x08, 0x20, 0x64, 0x02, 0x18,
    0x99, 0x08, 0xC5, 0x6C, 0x22, 0xD4, 0x8B, 0x89, 0x50, 0x87, 0x89, 0x50, 0x2F, 0x26, 0x46, 0x37,
    0x13, 0xA3, 0x24, 0x42, 0x49, 0x84, 0x88, 0xF1, 0xFE, 0xDB, 0x03, 0x63, 0x28, 0x80, 0x08, 0x00,
};

static const EpdGlyph notoserif_en_18_italicGlyphs[] = {
    { 0, 0, 156, 0, 0, 0, 0 }, // U+0020
    { 10, 28, 200, 2, 27, 70, 0 }, // !
    { 13, 10, 245, 4, 27, 33, 70 }, // "
    { 21, 27, 335, 0, 27, 142, 103 }, // #
    { 20, 32, 335, 0, 29, 160, 245 }, // $
    { 30, 29, 538, 2, 28, 218, 405 }, // %
    { 28, 29, 445, 1, 28, 203, 623 }, // &
    { 6, 10, 132, 4, 27, 15, 826 }, // '
    { 15, 34, 208, 1, 29, 128, 841 }, // (
    { 14, 35, 208, -2, 29, 123, 969 }, // )
    { 17, 16, 300, 4, 29, 68, 1092 }, // *
    { 17, 17, 335, 2, 22, 73, 1160 }, // +
    { 8, 11, 150, -2, 5, 22, 1233 }, // ,
    { 11, 4, 186, 0, 12, 11, 1255 }, // -
    { 6, 6, 150, 0, 5, 9, 1266 }, // .
    { 19, 34, 173, -4, 29, 162, 1275 }, // /
    { 19, 29, 335, 1, 28, 138, 1437 }, // 0
    { 16, 27, 275, -1, 27, 108, 1575 }, // 1
    { 21, 28, 335, -1, 28, 147, 1683 }, // 2
    { 21, 29, 335, -1, 28, 153, 1830 }, // 3
    { 21, 27, 335, -1, 27, 142, 1983 }, // 4
    { 20, 28, 335, 0, 27, 140, 2125 }, // 5
    { 19, 29, 335, 2, 28, 138, 2265 }, // 6
    { 19, 27, 335, 3, 27, 129, 2403 }, // 7
    { 20, 29, 335, 0, 28, 145, 2532 }, // 8
    { 19, 29, 335, 1, 28, 138, 2677 }, // 9
    { 9, 22, 172, 1, 21, 50, 2815 }, // :
    { 11, 27, 172, -1, 21, 75, 2865 }, // ;
    { 17, 19, 335, 2, 23, 81, 2940 }, // <
    { 17, 11, 335, 2, 19, 47, 3021 }, // =
    { 17, 19, 335, 2, 23, 81, 3068 }, // >
    { 16, 29, 300, 4, 28, 116, 3149 }, // ?
    { 31, 33, 553, 2, 27, 256, 3265 }, // @
    { 28, 27, 423, -3, 27, 189, 3521 }, // A
    { 25, 27, 392, -1, 27, 169, 3710 }, // B
    { 24, 29, 376, 1, 28, 174, 3879 }, // C
    { 28, 27, 435, -1, 27, 189, 4053 }, // D
    { 25, 27, 374, -1, 27, 169, 4242 }, // E
    { 25, 27, 354, -1, 27, 169, 4411 }, // F
    { 26, 29, 428, 1, 28, 189, 4580 }, // G
    { 33, 27, 476, -1, 27, 223, 4769 }, // H
    { 17, 27, 220, -1, 27, 115, 4992 }, // I
    { 22, 36, 214, -6, 27, 198, 5107 }, // J
    { 30, 27, 420, -1, 27, 203, 5305 }, // K
    { 23, 27, 374, -1, 27, 156, 5508 }, // L
    { 39, 27, 563, -1, 27, 264, 5664 }, // M
    { 33, 27, 458, -1, 27, 223, 5928 }, // N
    { 26, 29, 445, 1, 28, 189, 6151 }, // O
    { 25, 27, 372, -1, 27, 169, 6340 }, // P
    { 26, 37, 445, 1, 28, 241, 6509 }, // Q
    { 25, 27, 398, -1, 27, 169, 6750 }, // R
    { 21, 29, 326, 0, 28, 153, 6919 }, // S
    { 24, 27, 368, 2, 27, 162, 7072 }, // T
    { 27, 28, 438, 3, 27, 189, 7234 }, // U
    { 26, 27, 405, 3, 27, 176, 7423 }, // V
    { 40, 27, 627, 3, 27, 270, 7599 }, // W
    { 30, 27, 396, -2, 27, 203, 7869 }, // X
    { 25, 27, 375, 2, 27, 169, 8072 }, // Y
    { 25, 27, 363, -1, 27, 169, 8241 }, // Z
    { 16, 34, 216, 0, 29, 136, 8410 }, // [
    { 5, 34, 173, 4, 29, 43, 8546 }, // <backslash>
    { 16, 34, 216, -2, 29, 136, 8589 }, // ]
    { 19, 18, 335, 1, 27, 86, 8725 }, // ^
    { 19, 3, 275, -4, -3, 15, 8811 }, // _
    { 7, 7, 167, 5, 29, 13, 8826 }, // `
    { 21, 22, 347, 1, 21, 116, 8839 }, // a
    { 19, 30, 337, 1, 29, 143, 8955 }, // b
    { 18, 22, 292, 1, 21, 99, 9098 }, // c
    { 21, 30, 347, 1, 29, 158, 9197 }, // d
    { 17, 22, 296, 1, 21, 94, 9355 }, // e
    { 25, 38, 191, -6, 29, 238, 9449 }, // f
    { 25, 31, 334, -2, 22, 194, 9687 }, // g
    { 21, 30, 359, 1, 29, 158, 9881 }, // h
    { 9, 30, 182, 2, 29, 68, 10039 }, // i
    { 17, 38, 175, -6, 29, 162, 10107 }, // j
    { 22, 30, 341, 1, 29, 165, 10269 }, // k
    { 10, 30, 182, 2, 29, 75, 10434 }, // l
    { 32, 22, 538, 1, 21, 176, 10509 }, // m
    { 21, 22, 359, 1, 21, 116, 10685 }, // n
    { 19, 22, 344, 1, 21, 105, 10801 }, // o
    { 22, 30, 346, -1, 21, 165, 10906 }, // p
    { 20, 30, 336, 1, 21, 150, 11071 }, // q
    { 17, 21, 281, 1, 21, 90, 11221 }, // r
    { 17, 22, 278, 0, 21, 94, 11311 }, // s
    { 12, 26, 221, 2, 25, 78, 11405 }, // t
    { 20, 22, 359, 2, 21, 110, 11483 }, // u
    { 19, 22, 323, 0, 21, 105, 11593 }, // v
    { 29, 22, 491, 1, 21, 160, 11698 }, // w
    { 22, 21, 328, -1, 21, 116, 11858 }, // x
    { 26, 30, 317, -7, 21, 195, 11974 }, // y
    { 19, 21, 307, -1, 21, 100, 12169 }, // z
    { 17, 34, 257, 2, 29, 145, 12269 }, // {
    { 3, 38, 335, 9, 29, 29, 12414 }, // |
    { 17, 34, 257, -2, 29, 145, 12443 }, // }
    { 17, 7, 335, 2, 17, 30, 12588 }, // ~
    { 0, 0, 156, 0, 0, 0, 0 }, // U+00A0
    { 11, 28, 200, 0, 21, 77, 0 }, // U+00A1
    { 17, 27, 335, 3, 27, 115, 77 }, // U+00A2
    { 22, 29, 335, -1, 28, 160, 192 }, // U+00A3
    { 17, 17, 335, 2, 22, 73, 352 }, // U+00A4
    { 23, 27, 335, 2, 27, 156, 425 }, // U+00A5
    { 3, 38, 335, 9, 29, 29, 581 }, // U+00A6
    { 20, 34, 326, 0, 29, 170, 610 }, // U+00A7
    { 12, 5, 346, 7, 28, 15, 780 }, // U+00A8
    { 28, 29, 507, 2, 28, 203, 795 }, // U+00A9
    { 14, 13, 236, 2, 27, 46, 998 }, // U+00AA
    { 17, 15, 308, 2, 18, 64, 1044 }, // U+00AB
    { 17, 11, 335, 2, 15, 47, 1108 }, // U+00AC
    { 11, 4, 186, 0, 12, 11, 1155 }, // U+00AD
    { 28, 29, 507, 2, 28, 203, 1166 }, // U+00AE
    { 19, 3, 275, 3, 31, 15, 1369 }, // U+00AF
    { 12, 13, 240, 4, 28, 39, 1384 }, // U+00B0
    { 17, 22, 335, 2, 22, 94, 1423 }, // U+00B1
    { 14, 17, 240, 2, 31, 60, 1517 }, // U+00B2
    { 15, 17, 240, 2, 31, 64, 1577 }, // U+00B3
    { 9, 7, 158, 4, 29, 16, 1641 }, // U+00B4
    { 23, 30, 362, -1, 21, 173, 1657 }, // U+00B5
    { 21, 34, 370, 1, 29, 179, 1830 }, // U+00B6
    { 5, 6, 172, 3, 16, 8, 2009 }, // U+00B7
    { 10, 10, 200, 1, 1, 25, 2017 }, // U+00B8
    { 11, 17, 240, 3, 31, 47, 2042 }, // U+00B9
    { 14, 13, 238, 2, 27, 46, 2089 }, // U+00BA
    { 17, 15, 308, 0, 18, 64, 2135 }, // U+00BB
    { 29, 28, 523, 3, 27, 203, 2199 }, // U+00BC
    { 28, 28, 523, 3, 27, 196, 2402 }, // U+00BD
    { 30, 28, 523, 2, 27, 210, 2598 }, // U+00BE
    { 15, 29, 300, 0, 21, 109, 2808 }, // U+00BF
    { 28, 35, 423, -3, 35, 245, 2917 }, // U+00C0
    { 28, 35, 423, -3, 35, 245, 3162 }, // U+00C1
    { 28, 35, 423, -3, 35, 245, 3407 }, // U+00C2
    { 28, 34, 423, -3, 34, 238, 3652 }, // U+00C3
    { 28, 34, 423, -3, 34, 238, 3890 }, // U+00C4
    { 28, 34, 423, -3, 34, 238, 4128 }, // U+00C5
    { 40, 27, 571, -3, 27, 270, 4366 }, // U+00C6
    { 24, 37, 376, 1, 28, 222, 4636 }, // U+00C7
    { 25, 35, 374, -1, 35, 219, 4858 }, // U+00C8
    { 25, 35, 374, -1, 35, 219, 5077 }, // U+00C9
    { 25, 35, 374, -1, 35, 219, 5296 }, // U+00CA
    { 25, 34, 374, -1, 34, 213, 5515 }, // U+00CB
    { 17, 35, 220, -1, 35, 149, 5728 }, // U+00CC
    { 18, 35, 220, -1, 35, 158, 5877 }, // U+00CD
    { 18, 35, 220, -1, 35, 158, 6035 }, // U+00CE
    { 18, 34, 220, -1, 34, 153, 6193 }, // U+00CF
    { 28, 27, 435, -1, 27, 189, 6346 }, // U+00D0
    { 33, 34, 458, -1, 34, 281, 6535 }, // U+00D1
    { 26, 36, 445, 1, 35, 234, 6816 }, // U+00D2
    { 26, 36, 445, 1, 35, 234, 7050 }, // U+00D3
    { 26, 36, 445, 1, 35, 234, 7284 }, // U+00D4
    { 26, 35, 445, 1, 34, 228, 7518 }, // U+00D5
    { 26, 35, 445, 1, 34, 228, 7746 }, // U+00D6
    { 17, 17, 335, 2, 22, 73, 7974 }, // U+00D7
    { 26, 31, 445, 1, 29, 202, 8047 }, // U+00D8
    { 27, 36, 438, 3, 35, 243, 8249 }, // U+00D9
    { 27, 36, 438, 3, 35, 243, 8492 }, // U+00DA
    { 27, 36, 438, 3, 35, 243, 8735 }, // U+00DB
    { 27, 35, 438, 3, 34, 237, 8978 }, // U+00DC
    { 25, 35, 375, 2, 35, 219, 9215 }, // U+00DD
    { 24, 27, 362, -1, 27, 162, 9434 }, // U+00DE
    { 29, 38, 376, -6, 29, 276, 9596 }, // U+00DF
    { 21, 30, 347, 1, 29, 158, 9872 }, // U+00E0
    { 21, 30, 347, 1, 29, 158, 10030 }, // U+00E1
    { 21, 30, 347, 1, 29, 158, 10188 }, // U+00E2
    { 21, 29, 347, 1, 28, 153, 10346 }, // U+00E3
    { 21, 29, 347, 1, 28, 153, 10499 }, // U+00E4
    { 21, 32, 347, 1, 31, 168, 10652 }, // U+00E5
    { 29, 22, 488, 1, 21, 160, 10820 }, // U+00E6
    { 18, 30, 292, 1, 21, 135, 10980 }, // U+00E7
    { 17, 30, 296, 1, 29, 128, 11115 }, // U+00E8
    { 19, 30, 296, 1, 29, 143, 11243 }, // U+00E9
    { 18, 30, 296, 1, 29, 135, 11386 }, // U+00EA
    { 18, 29, 296, 1, 28, 131, 11521 }, // U+00EB
    { 9, 30, 182, 2, 29, 68, 11652 }, // U+00EC
    { 13, 30, 182, 2, 29, 98, 11720 }, // U+00ED
    { 12, 30, 182, 1, 29, 90, 11818 }, // U+00EE
    { 12, 29, 182, 1, 28, 87, 11908 }, // U+00EF
    { 19, 30, 344, 1, 29, 143, 11995 }, // U+00F0
    { 21, 29, 359, 1, 28, 153, 12138 }, // U+00F1
    { 19, 30, 344, 1, 29, 143, 12291 }, // U+00F2
    { 19, 30, 344, 1, 29, 143, 12434 }, // U+00F3
    { 19, 30, 344, 1, 29, 143, 12577 }, // U+00F4
    { 20, 29, 344, 1, 28, 145, 12720 }, // U+00F5
    { 19, 29, 344, 1, 28, 138, 12865 }, // U+00F6
    { 17, 19, 335, 2, 23, 81, 13003 }, // U+00F7
    { 22, 24, 344, 0, 22, 132, 13084 }, // U+00F8
    { 20, 30, 359, 2, 29, 150, 13216 }, // U+00F9
    { 20, 30, 359, 2, 29, 150, 13366 }, // U+00FA
    { 20, 30, 359, 2, 29, 150, 13516 }, // U+00FB
    { 20, 29, 359, 2, 28, 145, 13666 }, // U+00FC
    { 26, 38, 317, -7, 29, 247, 13811 }, // U+00FD
    { 21, 38, 337, -1, 29, 200, 14058 }, // U+00FE
    { 26, 37, 317, -7, 28, 241, 14258 }, // U+00FF
    { 36, 29, 577, 1, 28, 261, 0 }, // U+0152
    { 31, 22, 518, 1, 21, 171, 261 }, // U+0153
    { 24, 36, 326, 0, 35, 216, 432 }, // U+0160
    { 19, 30, 278, 0, 29, 143, 648 }, // U+0161
    { 25, 34, 375, 2, 34, 213, 791 }, // U+0178
    { 25, 35, 363, -1, 35, 219, 1004 }, // U+017D
    { 22, 29, 307, -1, 29, 160, 1223 }, // U+017E
    { 26, 39, 242, -4, 29, 254, 0 }, // U+0192
    { 12, 7, 225, 4, 29, 21, 0 }, // U+02C6
    { 15, 6, 262, 4, 28, 23, 21 }, // U+02DC
    { 7, 7, 0, -14, 29, 13, 0 }, // U+0300
    { 9, 7, 0, -9, 29, 16, 13 }, // U+0301
    { 12, 7, 0, -3, 29, 21, 29 }, // U+0302
    { 15, 6, 0, -16, 28, 23, 50 }, // U+0303
    { 12, 3, 0, -3, 25, 9, 73 }, // U+0304
    { 13, 3, 0, -2, 31, 10, 82 }, // U+0305
    { 12, 6, 0, -2, 28, 18, 92 }, // U+0306
    { 5, 6, 0, 1, 29, 8, 110 }, // U+0307
    { 12, 5, 0, -3, 28, 15, 118 }, // U+0308
    { 9, 9, 0, -13, 31, 21, 133 }, // U+0309
    { 10, 9, 0, -2, 31, 23, 154 }, // U+030A
    { 16, 7, 0, -3, 29, 28, 177 }, // U+030B
    { 12, 7, 0, 1, 29, 21, 205 }, // U+030C
    { 4, 7, 0, 1, 29, 7, 226 }, // U+030D
    { 10, 7, 0, -2, 29, 18, 233 }, // U+030E
    { 15, 7, 0, -16, 29, 27, 251 }, // U+030F
    { 11, 10, 0, -2, 32, 28, 278 }, // U+0310
    { 12, 6, 0, -3, 28, 18, 306 }, // U+0311
    { 8, 11, 0, -1, 27, 22, 324 }, // U+0312
    { 8, 11, 0, -2, 27, 22, 346 }, // U+0313
    { 6, 11, 0, 0, 27, 17, 368 }, // U+0314
    { 8, 11, 0, -2, 27, 22, 385 }, // U+0315
    { 7, 7, 0, -6, -2, 13, 407 }, // U+0316
    { 9, 7, 0, -8, -2, 16, 420 }, // U+0317
    { 8, 7, 0, -6, -1, 14, 436 }, // U+0318
    { 8, 7, 0, -7, -1, 14, 450 }, // U+0319
    { 10, 10, 187, 4, 29, 25, 464 }, // U+031A
    { 7, 9, 0, -2, 29, 16, 489 }, // U+031B
    { 6, 9, 0, -5, 0, 14, 505 }, // U+031C
    { 9, 7, 0, -8, -1, 16, 519 }, // U+031D
    { 9, 7, 0, -7, -1, 16, 535 }, // U+031E
    { 8, 8, 0, -7, -1, 16, 551 }, // U+031F
    { 10, 3, 0, -8, -3, 8, 567 }, // U+0320
    { 9, 10, 0, -8, 2, 23, 575 }, // U+0321
    { 7, 10, 0, -3, 2, 18, 598 }, // U+0322
    { 6, 5, 0, -17, -2, 8, 616 }, // U+0323
    { 12, 5, 0, -9, -2, 15, 624 }, // U+0324
    { 10, 9, 0, -8, -1, 23, 639 }, // U+0325
    { 6, 7, 0, -7, -2, 11, 662 }, // U+0326
    { 10, 10, 0, -7, 1, 25, 673 }, // U+0327
    { 9, 9, 0, -7, 0, 21, 698 }, // U+0328
    { 4, 7, 0, -5, -1, 7, 719 }, // U+0329
    { 15, 7, 0, -11, -2, 27, 726 }, // U+032A
    { 13, 5, 0, -9, -2, 17, 753 }, // U+032B
    { 12, 7, 0, -6, -2, 21, 770 }, // U+032C
    { 12, 7, 0, -10, -2, 21, 791 }, // U+032D
    { 12, 6, 0, -9, -3, 18, 812 }, // U+032E
    { 12, 6, 0, -9, -2, 18, 830 }, // U+032F
    { 16, 6, 0, -11, -2, 24, 848 }, // U+0330
    { 12, 3, 0, -9, -3, 9, 872 }, // U+0331
    { 17, 4, 0, -19, -2, 17, 881 }, // U+0332
    { 18, 7, 0, -20, -2, 32, 898 }, // U+0333
    { 16, 6, 0, -8, 13, 24, 930 }, // U+0334
    { 14, 3, 0, -7, 12, 11, 954 }, // U+0335
    { 25, 3, 0, -12, 12, 19, 965 }, // U+0336
    { 14, 9, 0, -7, 15, 32, 984 }, // U+0337
    { 22, 32, 0, -10, 29, 176, 1016 }, // U+0338
    { 7, 9, 0, -7, 0, 16, 1192 }, // U+0339
    { 15, 7, 0, -11, -2, 27, 1208 }, // U+033A
    { 16, 8, 0, -11, -1, 32, 1235 }, // U+033B
    { 13, 5, 0, -10, -2, 17, 1267 }, // U+033C
    { 8, 8, 0, -1, 29, 16, 1284 }, // U+033D
    { 7, 12, 0, 0, 33, 21, 1300 }, // U+033E
    { 18, 8, 0, -5, 36, 36, 1321 }, // U+033F
    { 7, 7, 0, -1, 29, 13, 1357 }, // U+0340
    { 9, 7, 0, -1, 29, 16, 1370 }, // U+0341
    { 15, 6, 0, -4, 28, 23, 1386 }, // U+0342
    { 6, 8, 0, 1, 30, 12, 1409 }, // U+0343
    { 16, 9, 0, -5, 30, 36, 1421 }, // U+0344
    { 6, 7, 0, -1, -2, 11, 1457 }, // U+0345
    { 15, 7, 0, -4, 29, 27, 1468 }, // U+0346
    { 18, 8, 0, -12, -1, 36, 1495 }, // U+0347
    { 10, 7, 0, -8, -1, 18, 1531 }, // U+0348
    { 7, 7, 0, -6, -2, 13, 1549 }, // U+0349
    { 15, 8, 0, -4, 29, 30, 1562 }, // U+034A
    { 15, 14, 0, -4, 35, 53, 1592 }, // U+034B
    { 16, 10, 0, -4, 32, 40, 1645 }, // U+034C
    { 12, 8, 0, -9, -1, 24, 1685 }, // U+034D
    { 8, 9, 0, -7, 0, 18, 1709 }, // U+034E
    { 28, 27, 0, -14, 27, 189, 1727 }, // U+034F
    { 7, 9, 0, -1, 30, 16, 1916 }, // U+0350
    { 6, 9, 0, 0, 31, 14, 1932 }, // U+0351
    { 11, 10, 0, -2, 32, 28, 1946 }, // U+0352
    { 9, 8, 0, -7, -1, 18, 1974 }, // U+0353
    { 9, 8, 0, -7, -1, 18, 1992 }, // U+0354
    { 9, 8, 0, -7, -1, 18, 2010 }, // U+0355
    { 15, 8, 0, -10, -1, 30, 2028 }, // U+0356
    { 6, 9, 0, 0, 31, 14, 2058 }, // U+0357
    { 5, 6, 0, 6, 28, 8, 2072 }, // U+0358
    { 10, 10, 0, -5, 0, 25, 2080 }, // U+0359
    { 14, 8, 0, -10, -1, 28, 2105 }, // U+035A
    { 8, 8, 0, -1, 30, 16, 2133 }, // U+035B
    { 29, 8, 0, -17, 0, 58, 2149 }, // U+035C
    { 30, 8, 0, -11, 30, 60, 2207 }, // U+035D
    { 24, 3, 0, -9, 25, 18, 2267 }, // U+035E
    { 24, 3, 0, -15, -3, 18, 2285 }, // U+035F
    { 31, 6, 0, -12, 28, 47, 2303 }, // U+0360
    { 30, 8, 0, -12, 32, 60, 2350 }, // U+0361
    { 23, 8, 0, -15, -1, 46, 2410 }, // U+0362
    { 10, 9, 0, -1, 32, 23, 2456 }, // U+0363
    { 8, 9, 0, 0, 32, 18, 2479 }, // U+0364
    { 5, 12, 0, 2, 35, 15, 2497 }, // U+0365
    { 9, 9, 0, -1, 32, 21, 2512 }, // U+0366
    { 10, 9, 0, -1, 32, 23, 2533 }, // U+0367
    { 8, 9, 0, 0, 32, 18, 2556 }, // U+0368
    { 10, 12, 0, -1, 35, 30, 2574 }, // U+0369
    { 10, 12, 0, -1, 35, 30, 2604 }, // U+036A
    { 15, 9, 0, -4, 32, 34, 2634 }, // U+036B
    { 8, 9, 0, 0, 32, 18, 2668 }, // U+036C
    { 6, 11, 0, 1, 34, 17, 2686 }, // U+036D
    { 9, 9, 0, -1, 32, 21, 2703 }, // U+036E
    { 11, 9, 0, -2, 32, 25, 2724 }, // U+036F
    { 0, 0, 300, 0, 0, 0, 0 }, // U+2000
    { 0, 0, 600, 0, 0, 0, 0 }, // U+2001
    { 0, 0, 300, 0, 0, 0, 0 }, // U+2002
    { 0, 0, 600, 0, 0, 0, 0 }, // U+2003
    { 0, 0, 200, 0, 0, 0, 0 }, // U+2004
    { 0, 0, 150, 0, 0, 0, 0 }, // U+2005
    { 0, 0, 100, 0, 0, 0, 0 }, // U+2006
    { 0, 0, 335, 0, 0, 0, 0 }, // U+2007
    { 0, 0, 150, 0, 0, 0, 0 }, // U+2008
    { 0, 0, 100, 0, 0, 0, 0 }, // U+2009
    { 0, 0, 60, 0, 0, 0, 0 }, // U+200A
    { 0, 0, 0, 0, 0, 0, 0 }, // U+200B
    { 2, 29, 0, -1, 24, 15, 0 }, // U+200C
    { 10, 31, 0, -5, 26, 78, 15 }, // U+200D
    { 9, 31, 0, -1, 26, 70, 93 }, // U+200E
    { 9, 31, 0, -8, 26, 70, 163 }, // U+200F
    { 11, 4, 186, 0, 12, 11, 233 }, // U+2010
    { 11, 4, 186, 0, 12, 11, 244 }, // U+2011
    { 19, 3, 335, 1, 15, 15, 255 }, // U+2012
    { 21, 4, 300, -1, 12, 21, 270 }, // U+2013
    { 39, 4, 600, -1, 12, 39, 291 }, // U+2014
    { 39, 4, 600, -1, 12, 39, 330 }, // U+2015
    { 10, 38, 335, 6, 29, 95, 369 }, // U+2016
    { 18, 8, 247, -4, 0, 36, 464 }, // U+2017
    { 8, 11, 150, 3, 27, 22, 500 }, // U+2018
    { 7, 11, 150, 3, 27, 20, 522 }, // U+2019
    { 8, 11, 150, -2, 5, 22, 542 }, // U+201A
    { 7, 11, 150, 4, 27, 20, 564 }, // U+201B
    { 16, 11, 270, 3, 27, 44, 584 }, // U+201C
    { 15, 11, 270, 3, 27, 42, 628 }, // U+201D
    { 16, 11, 270, -2, 5, 44, 670 }, // U+201E
    { 14, 11, 270, 4, 27, 39, 714 }, // U+201F
    { 16, 34, 269, 2, 29, 136, 753 }, // U+2020
    { 20, 34, 269, -1, 29, 170, 889 }, // U+2021
    { 11, 12, 217, 2, 19, 33, 1059 }, // U+2022
    { 13, 13, 300, 5, 20, 43, 1092 }, // U+2023
    { 5, 6, 172, 3, 16, 8, 1135 }, // U+2024
    { 16, 6, 322, 3, 16, 24, 1143 }, // U+2025
    { 27, 6, 515, 1, 5, 41, 1167 }, // U+2026
    { 6, 6, 150, 2, 13, 9, 1208 }, // U+2027
    { 0, 0, 360, 0, 0, 0, 1217 }, // U+2028
    { 0, 0, 360, 0, 0, 0, 1217 }, // U+2029
    { 9, 28, 0, -1, 23, 63, 1217 }, // U+202A
    { 9, 28, 0, -8, 23, 63, 1280 }, // U+202B
    { 10, 31, 0, -5, 26, 78, 1343 }, // U+202C
    { 10, 31, 0, -5, 26, 78, 1421 }, // U+202D
    { 10, 31, 0, -5, 26, 78, 1499 }, // U+202E
    { 0, 0, 100, 0, 0, 0, 1577 }, // U+202F
    { 45, 29, 770, 2, 28, 327, 1577 }, // U+2030
    { 60, 29, 1003, 2, 28, 435, 1904 }, // U+2031
    { 8, 10, 132, 3, 27, 20, 2339 }, // U+2032
    { 15, 10, 245, 3, 27, 38, 2359 }, // U+2033
    { 22, 10, 358, 3, 27, 55, 2397 }, // U+2034
    { 6, 10, 132, 4, 27, 15, 2452 }, // U+2035
    { 13, 10, 245, 4, 27, 33, 2467 }, // U+2036
    { 20, 10, 358, 4, 27, 50, 2500 }, // U+2037
    { 12, 11, 240, -1, 2, 33, 2550 }, // U+2038
    { 10, 15, 200, 2, 18, 38, 2583 }, // U+2039
    { 11, 15, 200, 0, 18, 42, 2621 }, // U+203A
    { 27, 27, 491, 2, 27, 183, 2663 }, // U+203B
    { 19, 28, 336, 2, 27, 133, 2846 }, // U+203C
    { 16, 29, 300, 4, 28, 116, 2979 }, // U+203D
    { 19, 3, 275, 3, 31, 15, 3095 }, // U+203E
    { 29, 8, 0, -28, 0, 58, 3110 }, // U+203F
    { 29, 8, 0, -22, 32, 58, 3168 }, // U+2040
    { 17, 27, 270, -2, 27, 115, 3226 }, // U+2041
    { 35, 30, 600, 1, 29, 263, 3341 }, // U+2042
    { 12, 7, 217, 1, 17, 21, 3604 }, // U+2043
    { 22, 27, 37, -10, 27, 149, 3625 }, // U+2044
    { 16, 34, 216, 0, 29, 136, 3774 }, // U+2045
    { 16, 34, 216, -2, 29, 136, 3910 }, // U+2046
    { 34, 29, 586, 4, 28, 247, 4046 }, // U+2047
    { 25, 29, 472, 4, 28, 182, 4293 }, // U+2048
    { 29, 29, 468, 2, 28, 211, 4475 }, // U+2049
    { 18, 29, 335, 1, 22, 131, 4686 }, // U+204A
    { 21, 34, 370, 3, 29, 179, 4817 }, // U+204B
    { 20, 14, 358, 2, 21, 70, 4996 }, // U+204C
    { 20, 14, 358, 2, 21, 70, 5066 }, // U+204D
    { 17, 16, 300, 1, 22, 68, 5136 }, // U+204E
    { 8, 27, 172, 1, 21, 54, 5204 }, // U+204F
    { 24, 29, 438, 3, 28, 174, 5258 }, // U+2050
    { 20, 32, 300, 1, 29, 160, 5432 }, // U+2051
    { 12, 28, 197, 1, 27, 84, 5592 }, // U+2052
    { 18, 7, 335, 2, 17, 32, 5676 }, // U+2053
    { 29, 7, 0, -7, -1, 51, 5708 }, // U+2054
    { 18, 17, 324, 2, 22, 77, 5759 }, // U+2055
    { 18, 22, 368, 1, 21, 99, 5836 }, // U+2056
    { 29, 10, 470, 3, 27, 73, 5935 }, // U+2057
    { 21, 22, 425, 2, 21, 116, 6008 }, // U+2058
    { 22, 22, 425, 1, 21, 121, 6124 }, // U+2059
    { 6, 29, 172, 3, 28, 44, 6245 }, // U+205A
    { 21, 29, 425, 3, 28, 153, 6289 }, // U+205B
    { 22, 21, 418, 1, 21, 116, 6442 }, // U+205C
    { 6, 29, 172, 3, 28, 44, 6558 }, // U+205D
    { 5, 29, 172, 3, 28, 37, 6602 }, // U+205E
    { 0, 0, 133, 0, 0, 0, 6639 }, // U+205F
    { 0, 0, 360, 0, 0, 0, 6639 }, // U+2060
    { 0, 0, 360, 0, 0, 0, 6639 }, // U+2061
    { 0, 0, 360, 0, 0, 0, 6639 }, // U+2062
    { 0, 0, 360, 0, 0, 0, 6639 }, // U+2063
    { 0, 0, 360, 0, 0, 0, 6639 }, // U+2064
    { 0, 0, 360, 0, 0, 0, 6639 }, // U+2066
    { 0, 0, 360, 0, 0, 0, 6639 }, // U+2067
    { 0, 0, 360, 0, 0, 0, 6639 }, // U+2068
    { 0, 0, 360, 0, 0, 0, 6639 }, // U+2069
    { 10, 31, 0, -5, 26, 78, 6639 }, // U+206A
    { 10, 31, 0, -5, 26, 78, 6717 }, // U+206B
    { 10, 31, 0, -5, 26, 78, 6795 }, // U+206C
    { 10, 31, 0, -5, 26, 78, 6873 }, // U+206D
    { 10, 31, 0, -5, 26, 78, 6951 }, // U+206E
    { 10, 31, 0, -5, 26, 78, 7029 }, // U+206F
    { 15, 17, 240, 2, 31, 64, 0 }, // U+2070
    { 7, 18, 119, 3, 28, 32, 64 }, // U+2071
    { 15, 17, 240, 1, 31, 64, 96 }, // U+2074
    { 15, 17, 240, 2, 31, 64, 160 }, // U+2075
    { 13, 17, 240, 3, 31, 56, 224 }, // U+2076
    { 13, 17, 240, 4, 31, 56, 280 }, // U+2077
    { 15, 17, 240, 2, 31, 64, 336 }, // U+2078
    { 13, 17, 240, 3, 31, 56, 400 }, // U+2079
    { 13, 13, 236, 3, 28, 43, 456 }, // U+207A
    { 13, 3, 236, 3, 23, 10, 499 }, // U+207B
    { 13, 8, 235, 3, 26, 26, 509 }, // U+207C
    { 11, 23, 149, 4, 34, 64, 535 }, // U+207D
    { 12, 23, 150, -2, 34, 69, 599 }, // U+207E
    { 14, 14, 233, 3, 24, 49, 668 }, // U+207F
    { 14, 17, 240, -1, 13, 60, 717 }, // U+2080
    { 12, 17, 240, -1, 13, 51, 777 }, // U+2081
    { 15, 17, 240, -2, 13, 64, 828 }, // U+2082
    { 14, 17, 240, -1, 13, 60, 892 }, // U+2083
    { 15, 17, 240, -2, 13, 64, 952 }, // U+2084
    { 14, 17, 240, -1, 13, 60, 1016 }, // U+2085
    { 13, 17, 240, 0, 13, 56, 1076 }, // U+2086
    { 13, 17, 240, 1, 13, 56, 1132 }, // U+2087
    { 14, 17, 240, -1, 13, 60, 1188 }, // U+2088
    { 13, 17, 240, 0, 13, 56, 1248 }, // U+2089
    { 14, 13, 236, -1, 10, 46, 1304 }, // U+208A
    { 14, 3, 236, -1, 5, 11, 1350 }, // U+208B
    { 14, 8, 236, -1, 8, 28, 1361 }, // U+208C
    { 12, 24, 150, 0, 16, 72, 1389 }, // U+208D
    { 11, 24, 150, -5, 16, 66, 1461 }, // U+208E
    { 14, 13, 226, -1, 9, 46, 1527 }, // U+2090
    { 11, 13, 192, -1, 9, 36, 1573 }, // U+2091
    { 12, 13, 224, -1, 9, 39, 1609 }, // U+2092
    { 15, 13, 213, -3, 9, 49, 1648 }, // U+2093
    { 12, 13, 192, -2, 9, 39, 1697 }, // U+2094
    { 14, 18, 233, -1, 14, 63, 1736 }, // U+2095
    { 14, 18, 222, -1, 14, 63, 1799 }, // U+2096
    { 7, 18, 119, -1, 14, 32, 1862 }, // U+2097
    { 21, 13, 349, -1, 9, 69, 1894 }, // U+2098
    { 14, 13, 233, -1, 9, 46, 1963 }, // U+2099
    { 15, 18, 225, -3, 9, 68, 2009 }, // U+209A
    { 11, 13, 181, -2, 9, 36, 2077 }, // U+209B
    { 9, 16, 143, -1, 12, 36, 2113 }, // U+209C
    { 23, 28, 383, 1, 28, 161, 0 }, // U+20A0
    { 21, 32, 335, 1, 29, 168, 161 }, // U+20A1
    { 23, 29, 362, 1, 28, 167, 329 }, // U+20A2
    { 25, 27, 335, -2, 27, 169, 496 }, // U+20A3
    { 22, 29, 335, -1, 28, 160, 665 }, // U+20A4
    { 32, 30, 538, 1, 25, 240, 825 }, // U+20A5
    { 29, 27, 415, -1, 27, 196, 1065 }, // U+20A6
    { 32, 28, 491, -2, 27, 224, 1261 }, // U+20A7
    { 40, 28, 613, -2, 27, 280, 1485 }, // U+20A8
    { 41, 27, 627, 2, 27, 277, 1765 }, // U+20A9
    { 26, 23, 535, 4, 23, 150, 2042 }, // U+20AA
    { 25, 35, 347, 0, 29, 219, 2192 }, // U+20AB
    { 23, 29, 335, 0, 28, 167, 2411 }, // U+20AC
    { 28, 27, 390, -1, 27, 189, 2578 }, // U+20AD
    { 22, 27, 335, 2, 27, 149, 2767 }, // U+20AE
    { 38, 39, 600, -2, 31, 371, 2916 }, // U+20AF
    { 20, 37, 335, -2, 28, 185, 3287 }, // U+20B0
    { 27, 27, 372, -2, 27, 183, 3472 }, // U+20B1
    { 26, 32, 428, 1, 29, 208, 3655 }, // U+20B2
    { 31, 27, 423, -3, 27, 210, 3863 }, // U+20B3
    { 23, 29, 330, -1, 28, 167, 4073 }, // U+20B4
    { 24, 32, 376, 1, 29, 192, 4240 }, // U+20B5
    { 22, 28, 330, 1, 27, 154, 4432 }, // U+20B6
    { 21, 32, 335, 0, 28, 168, 4586 }, // U+20B7
    { 22, 27, 335, 2, 27, 149, 4754 }, // U+20B8
    { 20, 27, 335, 2, 27, 135, 4903 }, // U+20B9
    { 22, 27, 335, -2, 27, 149, 5038 }, // U+20BA
    { 21, 29, 392, 3, 28, 153, 5187 }, // U+20BB
    { 26, 26, 472, 1, 26, 169, 5340 }, // U+20BC
    { 24, 27, 354, -1, 27, 162, 5509 }, // U+20BD
    { 23, 30, 335, 0, 30, 173, 5671 }, // U+20BE
    { 22, 34, 335, -2, 30, 187, 5844 }, // U+20BF
    { 25, 29, 461, 2, 28, 182, 0 }, // U+2100
    { 25, 29, 469, 2, 28, 182, 182 }, // U+2101
    { 21, 29, 379, 1, 28, 153, 364 }, // U+2102
    { 35, 29, 574, 2, 28, 254, 517 }, // U+2103
    { 22, 27, 395, 0, 27, 149, 771 }, // U+2104
    { 25, 28, 454, 2, 27, 175, 920 }, // U+2105
    { 29, 29, 497, 2, 28, 211, 1095 }, // U+2106
    { 22, 29, 356, 1, 28, 160, 1306 }, // U+2107
    { 23, 29, 379, 0, 28, 167, 1466 }, // U+2108
    { 33, 28, 528, 2, 28, 231, 1633 }, // U+2109
    { 27, 30, 348, -4, 15, 203, 1864 }, // U+210A
    { 42, 29, 635, -1, 28, 305, 2067 }, // U+210B
    { 26, 32, 440, 0, 27, 208, 2372 }, // U+210C
    { 23, 27, 466, 3, 27, 156, 2580 }, // U+210D
    { 21, 30, 359, 1, 29, 158, 2736 }, // U+210E
    { 21, 30, 359, 1, 29, 158, 2894 }, // U+210F
    { 30, 29, 446, -1, 28, 218, 3052 }, // U+2110
    { 20, 28, 335, 1, 27, 140, 3270 }, // U+2111
    { 31, 29, 500, 0, 28, 225, 3410 }, // U+2112
    { 16, 29, 300, 1, 28, 116, 3635 }, // U+2113
    { 22, 29, 379, 1, 28, 160, 3751 }, // U+2114
    { 23, 27, 467, 3, 27, 156, 3911 }, // U+2115
    { 39, 27, 616, -1, 27, 264, 4067 }, // U+2116
    { 28, 29, 507, 2, 28, 203, 4331 }, // U+2117
    { 29, 35, 502, 1, 25, 254, 4534 }, // U+2118
    { 20, 27, 393, 3, 27, 135, 4788 }, // U+2119
    { 27, 35, 469, 2, 28, 237, 4923 }, // U+211A
    { 34, 29, 523, -1, 28, 247, 5160 }, // U+211B
    { 32, 29, 509, 0, 28, 232, 5407 }, // U+211C
    { 24, 27, 428, 3, 27, 162, 5639 }, // U+211D
    { 28, 27, 424, -1, 27, 189, 5801 }, // U+211E
    { 25, 38, 398, -1, 33, 238, 5990 }, // U+211F
    { 29, 15, 501, 4, 28, 109, 6228 }, // U+2120
    { 35, 14, 625, 3, 27, 123, 6337 }, // U+2121
    { 30, 14, 501, 3, 27, 105, 6460 }, // U+2122
    { 28, 38, 405, 1, 33, 266, 6565 }, // U+2123
    { 22, 27, 378, 1, 27, 149, 6831 }, // U+2124
    { 24, 36, 328, -3, 27, 216, 6980 }, // U+2125
    { 28, 28, 452, 0, 28, 196, 7196 }, // U+2126
    { 29, 28, 452, 2, 27, 203, 7392 }, // U+2127
    { 21, 34, 352, 0, 29, 179, 7595 }, // U+2128
    { 9, 21, 200, 2, 21, 48, 7774 }, // U+2129
    { 30, 27, 420, -1, 27, 203, 7822 }, // U+212A
    { 28, 34, 423, -3, 34, 238, 8025 }, // U+212B
    { 32, 29, 503, 0, 28, 232, 8263 }, // U+212C
    { 22, 29, 403, 2, 28, 160, 8495 }, // U+212D
    { 21, 22, 371, 1, 21, 116, 8655 }, // U+212E
    { 17, 17, 277, 0, 16, 73, 8771 }, // U+212F
    { 22, 29, 362, 1, 28, 160, 8844 }, // U+2130
    { 33, 29, 494, -1, 28, 240, 9004 }, // U+2131
    { 26, 27, 357, -1, 27, 176, 9244 }, // U+2132
    { 45, 29, 693, -1, 28, 327, 9420 }, // U+2133
    { 18, 17, 288, 0, 16, 77, 9747 }, // U+2134
    { 20, 26, 360, 1, 25, 130, 9824 }, // U+2135
    { 18, 25, 325, 1, 25, 113, 9954 }, // U+2136
    { 14, 26, 240, 0, 25, 91, 10067 }, // U+2137
    { 17, 26, 293, 0, 25, 111, 10158 }, // U+2138
    { 9, 30, 182, 2, 29, 68, 10269 }, // U+2139
    { 37, 25, 635, 3, 26, 232, 10337 }, // U+213A
    { 37, 14, 616, 4, 27, 130, 10569 }, // U+213B
    { 28, 22, 466, 1, 21, 154, 10699 }, // U+213C
    { 20, 30, 326, 0, 21, 150, 10853 }, // U+213D
    { 18, 27, 331, 3, 27, 122, 11003 }, // U+213E
    { 23, 27, 500, 3, 27, 156, 11125 }, // U+213F
    { 24, 36, 372, 0, 27, 216, 11281 }, // U+2140
    { 23, 29, 369, 0, 28, 167, 11497 }, // U+2141
    { 15, 27, 266, 4, 27, 102, 11664 }, // U+2142
    { 20, 27, 266, -1, 27, 135, 11766 }, // U+2143
    { 20, 27, 301, -3, 27, 135, 11901 }, // U+2144
    { 26, 27, 438, 1, 27, 176, 12036 }, // U+2145
    { 25, 30, 347, 0, 29, 188, 12212 }, // U+2146
    { 19, 22, 299, 0, 21, 105, 12400 }, // U+2147
    { 12, 29, 206, 1, 29, 87, 12505 }, // U+2148
    { 19, 38, 206, -6, 29, 181, 12592 }, // U+2149
    { 23, 30, 441, 3, 30, 173, 12773 }, // U+214A
    { 28, 29, 445, 1, 28, 203, 12946 }, // U+214B
    { 23, 29, 393, 1, 28, 167, 13149 }, // U+214C
    { 26, 28, 436, 0, 27, 182, 13316 }, // U+214D
    { 20, 21, 278, -1, 21, 105, 13498 }, // U+214E
    { 41, 22, 623, -3, 21, 226, 13603 }, // U+214F
    { 31, 28, 535, 3, 27, 217, 13829 }, // U+2150
    { 30, 28, 541, 3, 27, 210, 14046 }, // U+2151
    { 42, 28, 733, 3, 27, 294, 14256 }, // U+2152
    { 29, 28, 523, 3, 27, 203, 14550 }, // U+2153
    { 30, 28, 523, 2, 27, 210, 14753 }, // U+2154
    { 29, 28, 529, 3, 27, 203, 14963 }, // U+2155
    { 31, 28, 553, 2, 27, 217, 15166 }, // U+2156
    { 31, 28, 541, 2, 27, 217, 15383 }, // U+2157
    { 32, 28, 553, 1, 27, 224, 15600 }, // U+2158
    { 29, 28, 529, 3, 27, 203, 15824 }, // U+2159
    { 31, 28, 547, 2, 27, 217, 16027 }, // U+215A
    { 29, 28, 523, 3, 27, 203, 16244 }, // U+215B
    { 30, 28, 523, 2, 27, 210, 16447 }, // U+215C
    { 30, 28, 523, 2, 27, 210, 16657 }, // U+215D
    { 28, 28, 523, 4, 27, 196, 16867 }, // U+215E
    { 25, 27, 289, 3, 27, 169, 17063 }, // U+215F
    { 17, 22, 297, 0, 21, 94, 17232 }, // U+2184
    { 31, 28, 541, 2, 27, 217, 17326 }, // U+2189
    { 11, 4, 186, 0, 12, 11, 0 }, // U+2212
    { 36, 38, 370, -6, 29, 342, 0 }, // U+FB00
    { 28, 38, 356, -6, 29, 266, 342 }, // U+FB01
    { 29, 38, 356, -6, 29, 276, 608 }, // U+FB02
    { 39, 38, 535, -6, 29, 371, 884 }, // U+FB03
    { 40, 38, 534, -6, 29, 380, 1255 }, // U+FB04
    { 31, 38, 395, -6, 29, 295, 1635 }, // U+FB05
    { 32, 30, 499, 0, 29, 240, 1930 }, // U+FB06
    { 35, 35, 600, 1, 29, 307, 0 }, // U+FFFD
};

static const EpdUnicodeInterval notoserif_en_18_italicIntervals[] = {
    { 0x20, 0x7E, 0x0 },
    { 0xA0, 0xFF, 0x5F },
    { 0x152, 0x153, 0xBF },
    { 0x160, 0x161, 0xC1 },
    { 0x178, 0x178, 0xC3 },
    { 0x17D, 0x17E, 0xC4 },
    { 0x192, 0x192, 0xC6 },
    { 0x2C6, 0x2C6, 0xC7 },
    { 0x2DC, 0x2DC, 0xC8 },
    { 0x300, 0x36F, 0xC9 },
    { 0x2000, 0x2064, 0x139 },
    { 0x2066, 0x2071, 0x19E },
    { 0x2074, 0x208E, 0x1AA },
    { 0x2090, 0x209C, 0x1C5 },
    { 0x20A0, 0x20BF, 0x1D2 },
    { 0x2100, 0x215F, 0x1F2 },
    { 0x2184, 0x2184, 0x252 },
    { 0x2189, 0x2189, 0x253 },
    { 0x2212, 0x2212, 0x254 },
    { 0xFB00, 0xFB06, 0x255 },
    { 0xFFFD, 0xFFFD, 0x25C },
};

static const EpdFontGroup notoserif_en_18_italicGroups[] = {
    { 0, 5420, 13674, 95, 0 },
    { 5420, 4482, 15551, 96, 95 },
    { 9902, 656, 1460, 7, 191 },
    { 10558, 115, 273, 1, 198 },
    { 10673, 49, 45, 2, 199 },
    { 10722, 1748, 3026, 112, 201 },
    { 12470, 2930, 7783, 111, 313 },
    { 15400, 1271, 2395, 42, 424 },
    { 16671, 3024, 6376, 32, 466 },
    { 19695, 8569, 18591, 98, 498 },
    { 28264, 14, 12, 1, 596 },
    { 28278, 667, 2216, 7, 597 },
    { 28945, 159, 315, 1, 604 },
};

static const uint16_t notoserif_en_18_italicKernLeftCodepoints[] = {
    0x0022, 0x0026, 0x0027, 0x002A, 0x002C, 0x002E, 0x0041, 0x0042, 0x0043, 0x0044, 0x0045, 0x0046,
    0x0047, 0x004A, 0x004B, 0x004C, 0x004E, 0x004F, 0x0050, 0x0051, 0x0052, 0x0053, 0x0054, 0x0055,
    0x0056, 0x0057, 0x0058, 0x0059, 0x0061, 0x0062, 0x0063, 0x0065, 0x0066, 0x0068, 0x006B, 0x006D,
    0x006E, 0x006F, 0x0070, 0x0071, 0x0072, 0x0073, 0x0076, 0x0077, 0x0079, 0x007A, 0x00A1, 0x00BF,
    0x00C0, 0x00C1, 0x00C2, 0x00C3, 0x00C4, 0x00C5, 0x00C6, 0x00C7, 0x00C8, 0x00C9, 0x00CA, 0x00CB,
    0x00D0, 0x00D1, 0x00D2, 0x00D3, 0x00D4, 0x00D5, 0x00D6, 0x00D8, 0x00D9, 0x00DA, 0x00DB, 0x00DC,
    0x00DD, 0x00DE, 0x00DF, 0x00E0, 0x00E1, 0x00E2, 0x00E3, 0x00E4, 0x00E5, 0x00E6, 0x00E7, 0x00E8,
    0x00E9, 0x00EA, 0x00EB, 0x00F0, 0x00F1, 0x00F2, 0x00F3, 0x00F4, 0x00F5, 0x00F6, 0x00F8, 0x00F9,
    0x00FA, 0x00FB, 0x00FC, 0x00FD, 0x00FE, 0x00FF, 0x0152, 0x0153, 0x0160, 0x0161, 0x0178, 0x017E,
    0x2018, 0x2019, 0x201A, 0x201C, 0x201D, 0x201E, 0x207D, 0x208D, 0x2090, 0x2092, 0xFB00,
};

static const uint8_t notoserif_en_18_italicKernLeftClassIds[] = {
      1,   2,   1,   3,   4,   4,   5,   6,   7,   8,   9,  10,  11,  12,  13,  14,
     15,   8,   3,   8,  16,  17,  18,  19,  20,  21,  22,  23,  24,  25,  26,  26,
     27,  24,  28,  24,  24,  25,  25,  29,  30,  31,  32,  33,  34,  35,  36,  37,
     38,  38,  38,  38,  38,  38,   9,   7,   9,   9,   9,   9,   8,  15,   8,   8,
      8,   8,   8,   8,  19,  19,  19,  19,  23,   8,  31,  24,  24,  24,  24,  24,
     24,  26,  26,  26,  26,  26,  26,  25,  24,  25,  25,  25,  25,  25,  25,  24,
     24,  24,  24,  34,  25,  34,   9,  26,  17,  31,  23,  35,  39,  40,   4,  39,
     40,   4,  41,  42,  43,  44,  27,
};

static const uint16_t notoserif_en_18_italicKernRightCodepoints[] = {
    0x0022, 0x0026, 0x0027, 0x0029, 0x002A, 0x002C, 0x002E, 0x0041, 0x0043, 0x0047, 0x004F, 0x0051,
    0x0053, 0x0054, 0x0055, 0x0056, 0x0057, 0x0058, 0x0059, 0x005A, 0x005C, 0x005D, 0x0061, 0x0063,
    0x0064, 0x0065, 0x0067, 0x0069, 0x006F, 0x0071, 0x0073, 0x0075, 0x0076, 0x0077, 0x0078, 0x0079,
    0x007A, 0x007D, 0x00A9, 0x00AE, 0x00C0, 0x00C1, 0x00C2, 0x00C3, 0x00C4, 0x00C5, 0x00C6, 0x00C7,
    0x00D2, 0x00D3, 0x00D4, 0x00D5, 0x00D6, 0x00D8, 0x00D9, 0x00DA, 0x00DB, 0x00DC, 0x00DD, 0x00E0,
    0x00E1, 0x00E2, 0x00E3, 0x00E4, 0x00E5, 0x00E6, 0x00E7, 0x00E8, 0x00E9, 0x00EA, 0x00EB, 0x00EC,
    0x00ED, 0x00EE, 0x00EF, 0x00F0, 0x00F2, 0x00F3, 0x00F4, 0x00F5, 0x00F6, 0x00F8, 0x00F9, 0x00FA,
    0x00FB, 0x00FC, 0x00FD, 0x00FF, 0x0152, 0x0153, 0x0160, 0x0161, 0x0178, 0x017D, 0x017E, 0x2018,
    0x2019, 0x201A, 0x201C, 0x201D, 0x201E, 0x2026, 0x207E, 0x208E, 0x2117, 0x2122,
};

static const uint8_t notoserif_en_18_italicKernRightClassIds[] = {
      1,   2,   1,   3,   4,   5,   6,   7,   8,   8,   8,   8,   9,  10,  11,  12,
     13,  14,  15,  16,  17,   3,  18,  19,  19,  19,  20,  21,  19,  19,  22,  23,
     24,  25,  26,  27,  28,   3,  29,  29,   7,   7,   7,   7,   7,   7,  30,   8,
      8,   8,   8,   8,   8,   8,  11,  11,  11,  11,  15,  18,  18,  18,  18,  18,
     18,  18,  19,  19,  19,  19,  19,  21,  21,  21,  21,  19,  19,  19,  19,  19,
     19,  19,  23,  23,  23,  23,  27,  27,   8,  19,   9,  22,  15,  16,  28,  31,
      4,  32,  31,   4,  32,  32,  33,  34,  29,   4,
};

static const uint16_t notoserif_en_18_italicKernRowOffsets[] = {
        0,     4,     9,    15,    24,    41,    52,    53,    64,    67,    76,    81,    85,    92,   101,   105,
      115,   124,   134,   140,   151,   163,   170,   184,   191,   196,   199,   204,   206,   208,   219,   223,
      229,   235,   239,   244,   248,   253,   270,   274,   280,   281,   282,   284,   285,
};

static const uint8_t notoserif_en_18_italicKernSparseCols[] = {
      6,  19,  20,  29,   9,  10,  11,  12,  14,   1,   4,   5,   6,  29,  31,   7,
      9,  10,  11,  12,  14,  23,  24,  26,   0,   1,   3,   7,   9,  10,  11,  12,
     14,  18,  19,  22,  23,  24,  26,  28,  30,   3,   6,   9,  11,  12,  13,  14,
     15,  24,  26,  29,   1,   0,   4,   5,   6,   9,  11,  12,  13,  14,  29,  31,
     11,  12,  14,   1,   4,   5,   6,  17,  18,  19,  29,  31,   9,  11,  12,  14,
     29,   4,   5,   6,  31,   1,   7,  18,  19,  22,  24,  26,   0,   3,   9,  10,
     11,  12,  14,  23,  30,   1,   4,   5,  31,   1,   3,   7,   9,  10,  11,  12,
     14,  24,  26,   6,   9,  11,  12,  13,  14,  24,  26,  29,   1,   4,   5,   6,
      7,  17,  18,  19,  29,  31,   1,   4,   5,   6,  29,  31,   1,   4,   5,   6,
      7,  17,  18,  19,  21,  29,  31,   1,   4,   5,   6,   7,  17,  18,  19,  21,
     25,  29,  31,   7,   8,  18,  19,  24,  26,  28,   1,   4,   5,   6,   7,   8,
     17,  18,  19,  21,  25,  27,  29,  31,   0,   9,  11,  12,  14,  26,  30,   9,
     11,  12,  14,  26,  11,  12,  14,   0,   2,   3,  16,  30,  18,  19,  12,  14,
      3,   4,   5,  11,  12,  13,  14,  17,  18,  19,  31,   0,  11,  12,  14,   4,
      5,  11,  12,  14,  31,   4,   5,  11,  12,  14,  31,   4,   5,  12,  31,   3,
     11,  12,  14,  30,   9,  10,  11,  14,   9,  10,  11,  12,  14,   0,   1,   3,
      7,   9,  10,  11,  12,  14,  18,  19,  22,  23,  24,  26,  28,  30,   6,  20,
     26,  29,   6,  17,  18,  19,  21,  29,  32,  33,   0,  26,  26,
};

static const int8_t notoserif_en_18_italicKernSparseValues[] = {
     -48,  -24,   12,  -72,  -24,   -6,  -30,  -24,  -27,  -12,  -72,  -72,  -30,  -48,  -72,  -12,
     -42,   -6,  -54,  -48,  -42,  -30,  -12,  -12,  -48,  -12,  -42,  -12,  -36,  -12,  -48,  -42,
     -42,  -12,  -12,  -12,  -36,  -18,  -30,  -30,  -54,  -12,  -12,  -12,  -24,  -18,  -12,  -24,
     -12,   -6,  -12,  -18,  -12,  -18,  -12,  -24,  -12,  -12,  -12,  -12,  -12,  -18,  -30,  -12,
     -12,  -12,  -12,  -24,  -48,  -48,  -42,  -24,  -24,  -24,  -66,  -48,  -12,  -12,  -12,  -12,
     -12,  -12,  -12,  -12,  -12,  -12,  -12,  -12,  -12,  -12,  -18,  -18,  -36,  -48,  -42,  -12,
     -48,  -30,  -36,  -18,  -54,  -12,  -12,  -12,  -12,  -12,  -12,  -12,  -12,   -6,  -18,  -18,
     -18,  -12,  -12,  -12,  -12,  -12,  -12,  -12,  -12,   -6,  -12,  -12,  -12,  -54,  -54,  -36,
     -12,  -18,  -18,  -18,  -48,  -54,  -12,  -12,  -12,  -12,  -12,  -12,  -18,  -66,  -66,  -48,
     -12,  -36,  -36,  -36,  -24,  -78,  -66,  -18,  -54,  -54,  -36,  -12,  -30,  -36,  -36,  -18,
     -12,  -78,  -54,  -12,   -6,   -6,   -6,  -18,  -30,  -24,  -18,  -48,  -48,  -42,  -18,  -12,
     -36,  -42,  -42,  -36,   -6,   -6,  -54,  -48,  -24,  -12,  -30,  -24,  -30,  -12,  -24,  -18,
     -36,  -36,  -42,  -12,  -30,  -30,  -42,   48,   54,   48,   60,   36,  -12,  -12,  -24,  -12,
      18, -102, -102,  -18,  -24,  -30,  -18,  -12,  -12,  -12, -102,  -12,  -18,  -18,  -30,  -30,
     -42,  -18,  -12,  -18,  -42,  -42,  -42,  -12,  -12,  -18,  -42,  -54,  -54,  -12,  -54,  -12,
     -24,  -18,  -18,  -12,  -12,   -6,  -30,  -36,  -18,   -6,  -30,  -30,  -30,  -48,  -12,  -42,
     -12,  -36,  -12,  -48,  -42,  -42,  -12,  -12,  -12,  -30,  -18,  -30,  -30,  -54,  -42,    6,
      12,  -84,  -54,   -6,   -6,   -6,  -30,  -84,   39,   42,  -18,   -9,   -9,
};

static const EpdLigaturePair notoserif_en_18_italicLigaturePairs[] = {
    { 0x00660066, 0xFB00 }, // f f -> U+FB00
    { 0x00660069, 0xFB01 }, // f i -> U+FB01
    { 0x0066006C, 0xFB02 }, // f l -> U+FB02
    { 0xFB000069, 0xFB03 }, // U+FB00 i -> U+FB03
    { 0xFB00006C, 0xFB04 }, // U+FB00 l -> U+FB04
};

static const EpdFontData notoserif_en_18_italic = {
    notoserif_en_18_italicBitmaps,
    notoserif_en_18_italicGlyphs,
    notoserif_en_18_italicIntervals,
    21,
    51,
    41,
    -11,
    true,
    notoserif_en_18_italicGroups,
    13,
    nullptr,
    nullptr,  // kernLeftClasses: built-in fonts use the split arrays below
    nullptr,  // kernRightClasses
    notoserif_en_18_italicKernLeftCodepoints,
    notoserif_en_18_italicKernLeftClassIds,
    notoserif_en_18_italicKernRightCodepoints,
    notoserif_en_18_italicKernRightClassIds,
    nullptr,  // kernMatrix: built-in fonts use the sparse form below
    notoserif_en_18_italicKernRowOffsets,
    notoserif_en_18_italicKernSparseCols,
    notoserif_en_18_italicKernSparseValues,
    119,
    106,
    44,
    34,
    notoserif_en_18_italicLigaturePairs,
    5,
};
