/**
 * generated by fontconvert.py
 * name: notoserif_en_24_bold
 * size: 24
 * mode: 2-bit  compressed: true
 * Command used: fontconvert.py notoserif_en_24_bold 24 ../builtinFonts/source/NotoSerif/NotoSerif-Bold.ttf --2bit --compress --pnum --zopfli --no-default-intervals --additional-intervals 0x0020,0x007E --additional-intervals 0x00A0,0x00FF --additional-intervals 0x0152,0x0153 --additional-intervals 0x0160,0x0161 --additional-intervals 0x0178,0x0178 --additional-intervals 0x017D,0x017E --additional-intervals 0x0192,0x0192 --additional-intervals 0x02C6,0x02C6 --additional-intervals 0x02DC,0x02DC --additional-intervals 0x0300,0x036F --additional-intervals 0x2000,0x206F --additional-intervals 0x2070,0x209F --additional-intervals 0x20A0,0x20CF --additional-intervals 0x2100,0x214F --additional-intervals 0x2150,0x218F --additional-intervals 0x2190,0x21FF --additional-intervals 0x2200,0x22FF --additional-intervals 0xFB00,0xFB06 --additional-intervals 0xFFFD,0xFFFD
 */
#pragma once
#include "EpdFontData.h"

static const uint8_t notoserif_en_24_boldBitmaps[37699] = {
    0xC4, 0x58, 0x3D, 0xAC, 0xE5, 0x46, 0x15, 0x3E, 0xB6, 0x95, 0x67, 0x89, 0x5B, 0x98, 0x82, 0x34,
    0xA1, 0x30, 0x75, 0x1A, 0xF7, 0xD5, 0x58, 0xD0, 0x8B, 0x2D, 0x78, 0xA2, 0xA0, 0x08, 0x0D, 0x12,
    0xA2, 0xA1, 0x2F, 0x88, 0xAF, 0x94, 0x22, 0xED, 0x36, 0x88, 0x76, 0x8B, 0x45, 0x4A, 0x2E, 0x05,
    0x7D, 0x01, 0x63, 0x91, 0x22, 0xAD, 0x7B, 0x0A, 0x8C, 0x08, 0x4D, 0x52, 0xC4, 0x04, 0x4B, 0x78,
    0x17, 0xDB, 0x1F, 0xF3, 0x7D, 0xE7, 0xAE, 0xDF, 0x7B, 0xBB, 0xD1, 0x92, 0xA4, 0x80, 0xD1, 0xEC,
    0xF7, 0x9D, 0xF5, 0xF5, 0xF9, 0x99, 0x33, 0x67, 0xCE, 0x78, 0xF7, 0x72, 0x39, 0x47, 0xF4, 0x11,
    0xE7, 0x8E, 0xB3, 0x0D, 0x9C, 0x76, 0xCC, 0x26, 0xCD, 0xDD, 0xEA, 0x34, 0x37, 0xCE, 0x2A, 0xCD,
    0xF5, 0x3A, 0x4F, 0x69, 0x2E, 0x56, 0xFA, 0x9C, 0x2D, 0x7F, 0x62, 0xC7, 0xC8, 0x9E, 0x50, 0x2B,
    0x99, 0x92, 0x4D, 0xCE, 0x24, 0x27, 0xF5, 0xEC, 0x91, 0xFD, 0xE2, 0x92, 0x5D, 0x3E, 0xE8, 0x90,
    0x63, 0xED, 0x90, 0x61, 0x0D, 0xBB, 0x61, 0x09, 0x9B, 0x61, 0x16, 0x34, 0xAB, 0xC5, 0xA9, 0xBE,
    0x42, 0x37, 0x55, 0x8B, 0x85, 0xB1, 0x9A, 0x2D, 0x0C, 0x82, 0xD3, 0x64, 0x4D, 0x5F, 0x12, 0xCC,
    0xC7, 0xB7, 0x1E, 0xE7, 0x4F, 0x13, 0x55, 0x43, 0xB1, 0x24, 0xAA, 0xFB, 0x62, 0x36, 0xD3, 0x2B,
    0xA2, 0x13, 0x29, 0x9C, 0x2B, 0x51, 0x5B, 0x8D, 0x89, 0xBA, 0xB6, 0x1A, 0x48, 0x56, 0xD3, 0x44,
    0xA4, 0xA5, 0x0A, 0x1C, 0xE3, 0x43, 0xBA, 0xB9, 0xEC, 0x97, 0x78, 0x79, 0x6C, 0x79, 0x8A, 0xC2,
    0x8C, 0x14, 0x13, 0x25, 0x2F, 0x3B, 0x69, 0xB6, 0x2D, 0x51, 0xE9, 0x74, 0x9A, 0xB2, 0x55, 0x94,
    0x93, 0xAA, 0x91, 0xA1, 0xBC, 0xF9, 0xCE, 0xDF, 0x7F, 0xBC, 0xDD, 0x5A, 0x07, 0x8E, 0x97, 0xC8,
    0x23, 0x12, 0x8D, 0xA4, 0x97, 0x23, 0x22, 0xC1, 0x69, 0x4F, 0x2F, 0x25, 0xDA, 0x2C, 0xB4, 0x66,
    0xC9, 0x4B, 0x97, 0x48, 0x11, 0x71, 0x14, 0xD3, 0x97, 0x62, 0x16, 0xF1, 0x89, 0x59, 0x0D, 0xA0,
    0xB5, 0xF8, 0x6F, 0x60, 0xC8, 0xF1, 0xD1, 0x3F, 0x30, 0x95, 0x28, 0xA6, 0x38, 0x57, 0x7B, 0x31,
    0x75, 0x13, 0x31, 0x4C, 0x35, 0xB1, 0xAF, 0xD3, 0xF3, 0xEF, 0x58, 0x85, 0xF7, 0x26, 0x4B, 0xF8,
    0xCF, 0x84, 0x27, 0x20, 0x61, 0x29, 0xCC, 0x81, 0x9D, 0x51, 0x01, 0xA3, 0x6C, 0xEE, 0x7A, 0x84,
    0xDE, 0xAC, 0xD1, 0xEF, 0x05, 0xB0, 0x08, 0xD7, 0x84, 0x5F, 0x60, 0x2B, 0x87, 0x64, 0x7F, 0x6F,
    0x12, 0x86, 0x3D, 0x8C, 0x45, 0xF2, 0xD1, 0x4D, 0x09, 0x37, 0xE1, 0x1A, 0x96, 0xF4, 0x7C, 0x69,
    0x36, 0xC5, 0x80, 0xF7, 0xBE, 0xC0, 0x50, 0xC0, 0xE3, 0x94, 0x99, 0x9B, 0xF8, 0xBC, 0xF5, 0x55,
    0xBC, 0x0E, 0x47, 0x7B, 0x30, 0x6A, 0xF0, 0xC1, 0x85, 0x22, 0xB0, 0x99, 0x65, 0xDA, 0x20, 0xFC,
    0x06, 0x09, 0xB5, 0x2D, 0xBB, 0xA1, 0x67, 0x85, 0x1A, 0x4B, 0x36, 0x0E, 0xA6, 0xDC, 0x37, 0x2C,
    0x2E, 0xAB, 0x95, 0xFF, 0x85, 0x62, 0xD3, 0xBB, 0x18, 0x66, 0xA5, 0x5C, 0xBC, 0x68, 0xCF, 0xAD,
    0x93, 0xB8, 0x1F, 0x62, 0xBE, 0x1E, 0xA2, 0xAA, 0xCE, 0xDF, 0x3D, 0x4D, 0x87, 0xA8, 0x6D, 0x75,
    0x63, 0xCD, 0x70, 0x73, 0x69, 0xAD, 0xA1, 0x8B, 0xD0, 0x77, 0x98, 0x4D, 0xA5, 0x1D, 0xBF, 0x0F,
    0xEC, 0x0C, 0x07, 0x03, 0x4A, 0xE4, 0x38, 0x97, 0xC8, 0xF0, 0xA7, 0xAD, 0xDA, 0x0C, 0x7D, 0x8E,
    0xCF, 0x50, 0xAC, 0x7C, 0x6D, 0xB4, 0x88, 0xF5, 0x34, 0x7B, 0x7C, 0x27, 0x3C, 0xAE, 0xA6, 0x30,
    0x53, 0xE4, 0xA2, 0x07, 0x3A, 0x9A, 0xE5, 0xA6, 0xF7, 0xF8, 0x54, 0xDB, 0x87, 0x08, 0x7B, 0x21,
    0x66, 0xDB, 0x21, 0x16, 0x2B, 0x45, 0xA9, 0x95, 0x0B, 0x59, 0x62, 0x35, 0x79, 0x0A, 0x68, 0x76,
    0xF4, 0x50, 0x65, 0x96, 0xA1, 0x42, 0x95, 0x79, 0x36, 0x45, 0x26, 0xB3, 0x56, 0xE0, 0x07, 0x68,
    0x3D, 0xCD, 0x99, 0x12, 0xEE, 0x69, 0x6E, 0x70, 0xEC, 0x4B, 0x76, 0x2B, 0x3A, 0xC6, 0x09, 0x7B,
    0x4B, 0x56, 0x19, 0x4D, 0x12, 0xB8, 0xED, 0xAB, 0xA4, 0x0A, 0x43, 0x0D, 0x49, 0x35, 0xDA, 0x13,
    0x2D, 0xD3, 0x96, 0x15, 0x38, 0x6B, 0x71, 0xAF, 0x95, 0x1A, 0xB4, 0xE5, 0x0B, 0x8D, 0xBE, 0xC2,
    0x0B, 0x7B, 0xCD, 0x7A, 0x75, 0x3B, 0xC7, 0xF9, 0xF0, 0xD6, 0x4B, 0x52, 0xC4, 0x6F, 0xDC, 0xDE,
    0x2A, 0x96, 0x91, 0x35, 0xAC, 0x67, 0x93, 0x4B, 0x35, 0x83, 0x6A, 0xF0, 0x6B, 0x33, 0x9D, 0x53,
    0xDA, 0x29, 0x31, 0x01, 0xE7, 0x30, 0xD3, 0x70, 0x1F, 0x30, 0x86, 0x89, 0x01, 0x9C, 0x2B, 0x2C,
    0x61, 0x34, 0xEB, 0x18, 0xCA, 0x1E, 0x06, 0x5A, 0xB3, 0xCC, 0xBD, 0x00, 0x7C, 0xCE, 0x00, 0xB1,
    0xCB, 0xA4, 0xB9, 0x54, 0xBA, 0xE4, 0x0E, 0x5B, 0x69, 0x10, 0x06, 0xBE, 0xDD, 0x72, 0x05, 0x33,
    0x2D, 0xF7, 0xFC, 0xEB, 0xC6, 0xBF, 0x4E, 0x3A, 0x68, 0xAD, 0x55, 0x60, 0xDF, 0x05, 0x06, 0x2D,
    0x03, 0x53, 0x00, 0x1E, 0x33, 0x91, 0x0C, 0x02, 0x03, 0xCD, 0x2E, 0x56, 0x50, 0xB2, 0x37, 0x3D,
    0xEF, 0xA9, 0xC1, 0x5A, 0x07, 0xCE, 0xB0, 0x5B, 0xD8, 0x38, 0x9B, 0xD5, 0x6A, 0xCD, 0x6A, 0xB1,
    0x6A, 0xE6, 0x3C, 0x4D, 0xA6, 0x1E, 0x79, 0x8C, 0x9A, 0x79, 0x44, 0x82, 0x13, 0x21, 0xF0, 0x20,
    0xA9, 0x0B, 0x30, 0xA2, 0x4A, 0x8F, 0x14, 0xEF, 0x96, 0x40, 0x67, 0x1D, 0x33, 0x41, 0xDD, 0x42,
    0x8D, 0x63, 0x24, 0x0C, 0x66, 0x35, 0xA1, 0xA1, 0x56, 0xF8, 0xDA, 0xD0, 0x08, 0x0E, 0x2B, 0x32,
    0x2A, 0xF3, 0x25, 0x41, 0x2E, 0x33, 0x95, 0x8D, 0x20, 0xEC, 0x5E, 0x34, 0x0A, 0x92, 0xBF, 0xA8,
    0xBD, 0xEB, 0x9C, 0x23, 0x41, 0xAE, 0xCA, 0x68, 0x08, 0x39, 0xC1, 0xEC, 0x57, 0x84, 0xAE, 0x7F,
    0xF0, 0x56, 0xA1, 0x0A, 0xC7, 0xCC, 0x87, 0x32, 0x0A, 0x19, 0x3D, 0xFB, 0x6A, 0x0E, 0xC7, 0x84,
    0x85, 0x36, 0x57, 0x3A, 0xDA, 0x08, 0xF4, 0xEE, 0x80, 0x6F, 0x02, 0x32, 0x20, 0x53, 0x32, 0x2A,
    0xF3, 0x72, 0x24, 0x97, 0x72, 0x5E, 0x79, 0x3A, 0x18, 0x9A, 0xD2, 0xAE, 0x00, 0xC6, 0x17, 0x3B,
    0xB4, 0xF2, 0x39, 0x97, 0xFC, 0xAE, 0xA5, 0xF1, 0x53, 0xBB, 0x37, 0xC2, 0x2C, 0x9C, 0x88, 0x0D,
    0xD3, 0x67, 0xF5, 0x58, 0xB4, 0xD5, 0x50, 0x0F, 0x75, 0x5F, 0xAD, 0x55, 0x1F, 0x87, 0x06, 0x3F,
    0xFC, 0x98, 0xA5, 0xF4, 0xD9, 0xE7, 0x98, 0xB2, 0x08, 0x1E, 0xD0, 0x8C, 0x60, 0x25, 0xAB, 0xEB,
    0x06, 0x7C, 0x12, 0xF0, 0xE7, 0xBF, 0x60, 0x6A, 0x50, 0x7D, 0x84, 0xB1, 0x5A, 0xA8, 0x75, 0x4A,
    0x16, 0xAA, 0xFE, 0xC6, 0x9A, 0x31, 0x6F, 0x65, 0xF9, 0xF0, 0xE2, 0xD8, 0xF4, 0x5F, 0x1F, 0x2F,
    0x97, 0xF8, 0xE9, 0xE5, 0x09, 0x38, 0xA6, 0xFB, 0xF8, 0xCD, 0xAC, 0xF9, 0xC8, 0x9E, 0x5A, 0xA5,
    0x8F, 0x8F, 0x80, 0x3E, 0x4D, 0x35, 0x87, 0x3E, 0x47, 0x6F, 0xB1, 0xE7, 0x0D, 0x1A, 0x2D, 0xDF,
    0xAC, 0x9E, 0x79, 0x17, 0xEC, 0x66, 0x8F, 0x78, 0x70, 0x6E, 0x5B, 0x00, 0xC3, 0xCB, 0x7F, 0x6E,
    0x1E, 0x5B, 0xB3, 0xF1, 0x20, 0x45, 0xB4, 0x3E, 0x93, 0xDC, 0xE8, 0x23, 0x46, 0xDF, 0x00, 0x3A,
    0x42, 0x27, 0x6E, 0x17, 0xAB, 0x9F, 0x65, 0xDB, 0x2B, 0x0C, 0xDD, 0x20, 0xBC, 0xB1, 0x3B, 0x5D,
    0xE8, 0xA6, 0xBB, 0x63, 0xD3, 0x05, 0x6E, 0x39, 0x37, 0x7B, 0xF9, 0x5F, 0xAB, 0x3F, 0x1C, 0x11,
    0x8F, 0xD5, 0x1F, 0xE1, 0x15, 0xAF, 0x76, 0x84, 0xED, 0x84, 0xC1, 0x72, 0x4C, 0x69, 0x5A, 0x81,
    0x91, 0xE5, 0x76, 0x42, 0x6F, 0x58, 0x55, 0x87, 0x71, 0xD3, 0xA9, 0xE0, 0xFA, 0x13, 0x05, 0x30,
    0xBB, 0xFC, 0xF3, 0x80, 0xCE, 0x9D, 0xA8, 0xEF, 0x60, 0xF7, 0x28, 0xFE, 0x77, 0x3A, 0x14, 0xA4,
    0x7E, 0x35, 0xF6, 0x80, 0xDA, 0xAB, 0x5B, 0x0F, 0x42, 0x21, 0x75, 0xBB, 0x28, 0xAE, 0x56, 0x62,
    0x30, 0x75, 0xC1, 0x49, 0x3D, 0x0B, 0x4B, 0xE9, 0x6D, 0x15, 0x7E, 0x8E, 0xB1, 0xA9, 0xF3, 0xFB,
    0x05, 0xF5, 0xC6, 0x8F, 0x88, 0x56, 0xF2, 0x27, 0x6F, 0x38, 0x06, 0x62, 0x29, 0x0C, 0xC4, 0x1B,
    0x7C, 0x4E, 0xBB, 0x68, 0xB4, 0x7C, 0x62, 0x9C, 0x89, 0xA1, 0xF7, 0xF7, 0xFF, 0xBF, 0x18, 0x1C,
    0xB9, 0x59, 0x17, 0x60, 0xFF, 0xB0, 0x44, 0x1A, 0x9B, 0xE3, 0xDD, 0x8D, 0xAB, 0x1D, 0x8E, 0x7A,
    0x54, 0x40, 0x89, 0xD0, 0x45, 0x3B, 0xFA, 0x9D, 0x39, 0xF9, 0x25, 0xBA, 0x58, 0xD8, 0xD8, 0x7E,
    0x48, 0x19, 0x69, 0x15, 0xD5, 0x4E, 0xE5, 0xAA, 0xDF, 0xD4, 0x4A, 0x17, 0x92, 0xDA, 0x93, 0x1A,
    0x94, 0xFB, 0x18, 0x48, 0xD5, 0x8B, 0xAB, 0x98, 0xE8, 0x3D, 0x54, 0xFD, 0xF4, 0xE8, 0xAD, 0xF6,
    0xE2, 0x52, 0xF7, 0xE8, 0x3A, 0xFD, 0x94, 0xF9, 0x4F, 0xA5, 0x6B, 0x55, 0x49, 0xEB, 0x2D, 0x36,
    0x11, 0xD5, 0x2D, 0x7A, 0x52, 0xA1, 0xEB, 0xA6, 0xAD, 0xD4, 0x70, 0x2D, 0x3C, 0xBF, 0x5C, 0x7E,
    0x7F, 0x7C, 0x40, 0xBF, 0x8E, 0x5E, 0x4D, 0xC1, 0x7E, 0x4D, 0x41, 0xEF, 0x29, 0x98, 0x3C, 0x05,
    0x8B, 0xA7, 0x60, 0x3D, 0x52, 0xB0, 0xAA, 0x1B, 0x37, 0x4E, 0x27, 0x4F, 0x81, 0xFD, 0x5C, 0x74,
    0x3F, 0x05, 0xD7, 0xB5, 0xF7, 0xA4, 0x5A, 0x2B, 0xCB, 0xE2, 0xE2, 0xFE, 0xCE, 0x4E, 0x9F, 0x38,
    0x5D, 0x7F, 0xC3, 0xE8, 0x0A, 0x8B, 0x5B, 0xF1, 0x24, 0x00, 0xA2, 0xE8, 0x99, 0xE9, 0xA4, 0xC9,
    0x5A, 0xCF, 0x5B, 0x51, 0x73, 0xE6, 0xC3, 0xB6, 0xEB, 0x45, 0x31, 0x51, 0x84, 0xC5, 0x51, 0x77,
    0x46, 0xB7, 0x28, 0x6A, 0x9D, 0x88, 0xD9, 0x6A, 0xC0, 0x3F, 0x02, 0x8E, 0xCF, 0xF4, 0x41, 0x1F,
    0x60, 0x8F, 0x4C, 0x23, 0xBF, 0x3C, 0x21, 0x55, 0x1E, 0x75, 0xED, 0x14, 0x9C, 0xA2, 0x28, 0x83,
    0xA8, 0xF8, 0x97, 0xA8, 0xFC, 0x9B, 0xA8, 0xFA, 0x58, 0xD4, 0xBC, 0x2F, 0xEA, 0x4A, 0xD1, 0x2E,
    0xCA, 0x57, 0x51, 0x31, 0x8B, 0x4E, 0x93, 0xA8, 0xEE, 0x45, 0xE1, 0x2C, 0x8A, 0x26, 0xDA, 0x44,
    0xC5, 0x2A, 0x2A, 0x67, 0x51, 0x35, 0x8A, 0x9A, 0x5E, 0x14, 0x3E, 0x4D, 0x7B, 0xFA, 0xFC, 0x03,
    0xDF, 0xB8, 0xF5, 0x4A, 0x6F, 0x5F, 0xF4, 0xF0, 0xA8, 0xB3, 0x2F, 0xA7, 0x93, 0x53, 0xAD, 0xCD,
    0x79, 0x1B, 0x4A, 0x7A, 0x48, 0xB4, 0x5C, 0x29, 0xBB, 0xA4, 0xF1, 0x24, 0xD3, 0x4D, 0x92, 0xBF,
    0x82, 0x05, 0x71, 0x56, 0x0B, 0x15, 0x16, 0x73, 0xC1, 0xA5, 0x09, 0xED, 0x51, 0x49, 0xB4, 0xFB,
    0x78, 0x1A, 0x85, 0x7F, 0xBD, 0xFC, 0x56, 0xED, 0x04, 0xA3, 0x70, 0xB7, 0x6A, 0xFF, 0x1D, 0xD0,
    0x67, 0xAD, 0x35, 0x98, 0x8E, 0x4D, 0x2E, 0x14, 0x53, 0xE6, 0x3B, 0x8D, 0x5D, 0x88, 0x57, 0xF1,
    0xA4, 0x0F, 0xC4, 0xD0, 0x27, 0xDC, 0xBA, 0x9E, 0x65, 0xD6, 0x0D, 0x3C, 0x92, 0x61, 0xE2, 0x76,
    0x85, 0xDD, 0x3A, 0x0C, 0xDA, 0xDD, 0xB6, 0xF4, 0x75, 0xE9, 0x9B, 0xD2, 0xB7, 0xF6, 0x18, 0x35,
    0x9E, 0xC9, 0x17, 0xD0, 0x2B, 0x32, 0xED, 0xC2, 0x66, 0x8C, 0x00, 0xB3, 0x97, 0xF4, 0x48, 0x2A,
    0xA0, 0xAF, 0xF9, 0x13, 0x69, 0xD1, 0x91, 0xAD, 0x06, 0xAF, 0xDE, 0xE3, 0xE4, 0x86, 0x07, 0xD4,
    0xED, 0x57, 0xBA, 0xE1, 0x29, 0x8A, 0x7B, 0x87, 0x3D, 0x11, 0xE4, 0x28, 0xE2, 0xD9, 0x3B, 0x98,
    0x12, 0x9D, 0x79, 0x6E, 0xE2, 0xCE, 0x15, 0x58, 0xDC, 0xA4, 0x14, 0x77, 0x99, 0xB8, 0x52, 0x27,
    0x6A, 0xAF, 0x14, 0x70, 0x8F, 0xAC, 0x11, 0x31, 0x08, 0x92, 0xFA, 0xF9, 0x66, 0xA5, 0xFA, 0xB9,
    0x4E, 0x19, 0x97, 0x8C, 0x95, 0x92, 0x85, 0x63, 0x7D, 0xBB, 0xAF, 0xF6, 0x13, 0x35, 0xF2, 0x5B,
    0x7D, 0xEA, 0x72, 0x78, 0xE9, 0xDC, 0xC3, 0x3D, 0x12, 0x57, 0xE1, 0x12, 0x79, 0x1D, 0xCE, 0x91,
    0xCB, 0x99, 0xFE, 0x98, 0x10, 0x63, 0xC2, 0x0C, 0xFD, 0x1F, 0x78, 0x1E, 0x7B, 0xED, 0x58, 0xAB,
    0xDD, 0xD3, 0x51, 0xD9, 0x89, 0xF5, 0x4A, 0x0C, 0x42, 0x6F, 0x58, 0x71, 0x32, 0xA9, 0xEA, 0x10,
    0x0F, 0x54, 0x92, 0x6A, 0x29, 0xD5, 0x0A, 0x52, 0x92, 0x6A, 0xB3, 0xDD, 0xA9, 0xC6, 0x85, 0xE8,
    0xE7, 0x4C, 0xA8, 0x8E, 0xA8, 0x55, 0xAA, 0x71, 0x0A, 0xA5, 0x24, 0x0C, 0xDB, 0xD1, 0x42, 0x7D,
    0x1C, 0xFD, 0xA3, 0xF1, 0xCE, 0x06, 0x44, 0xB0, 0x48, 0x66, 0xDE, 0xD1, 0xC7, 0xE5, 0x7C, 0x66,
    0xE6, 0x94, 0xC7, 0xDD, 0x9A, 0x97, 0xE8, 0xEC, 0xD4, 0xD3, 0x76, 0x8D, 0xC1, 0x02, 0x15, 0x26,
    0x06, 0x56, 0x62, 0x63, 0x71, 0xE4, 0xC0, 0xFB, 0x38, 0x6B, 0x6F, 0x57, 0x77, 0x34, 0x2A, 0x4E,
    0x2C, 0x0A, 0x14, 0x68, 0x55, 0x79, 0x7A, 0x73, 0x8C, 0xEE, 0xAF, 0x02, 0x6D, 0x52, 0x95, 0xD6,
    0x59, 0x08, 0xDD, 0xEA, 0xB7, 0x79, 0xA2, 0x1A, 0x3D, 0x2D, 0x55, 0x07, 0xC5, 0x83, 0x78, 0x79,
    0x53, 0xA1, 0x41, 0xAB, 0xDD, 0xF7, 0xFB, 0x1B, 0xDC, 0xEF, 0xED, 0x27, 0xEA, 0x1C, 0x7E, 0x63,
    0x9F, 0xDC, 0xFB, 0xF1, 0xEF, 0x19, 0x8D, 0x1C, 0xBB, 0x1D, 0x01, 0x66, 0xB8, 0xDE, 0x6C, 0x73,
    0x03, 0x59, 0x67, 0x4A, 0x15, 0xD2, 0x68, 0x01, 0x4C, 0xB6, 0x6A, 0x0F, 0x8B, 0xEA, 0x32, 0xB9,
    0x06, 0xC9, 0x0F, 0x46, 0x77, 0xA5, 0x5D, 0x14, 0x60, 0xD8, 0x44, 0xD1, 0xA9, 0x03, 0x89, 0xD3,
    0x00, 0xA6, 0x8E, 0xCB, 0xAC, 0xF0, 0xEC, 0x97, 0x80, 0xF2, 0x11, 0xF5, 0xC3, 0xC6, 0xDF, 0x6B,
    0x8C, 0x2F, 0x1D, 0x97, 0x4D, 0x14, 0xD7, 0xFB, 0x84, 0xC5, 0x69, 0xB6, 0xB2, 0x55, 0x64, 0x55,
    0xAF, 0x3A, 0xA8, 0x07, 0x53, 0xD4, 0x3C, 0xEF, 0xAA, 0x38, 0x6A, 0x57, 0xF8, 0x0C, 0xF3, 0xDD,
    0x3F, 0x58, 0x23, 0x64, 0x31, 0xFB, 0x59, 0x6B, 0x1A, 0xD5, 0xE6, 0x21, 0x9E, 0x7D, 0x06, 0x25,
    0xF2, 0xE6, 0xA9, 0xBD, 0x7E, 0xBC, 0xFE, 0xBF, 0xE3, 0xFC, 0x00, 0x54, 0xE8, 0x6B, 0x8C, 0x3E,
    0x2B, 0x0C, 0x27, 0xF4, 0xD9, 0x87, 0x5F, 0xC1, 0xEC, 0x53, 0x3B, 0x81, 0x5B, 0xDE, 0x60, 0x68,
    0xA4, 0x7B, 0xC2, 0xA8, 0x9E, 0x33, 0x58, 0xE8, 0x75, 0x99, 0xF3, 0x2A, 0xED, 0x46, 0x7B, 0xB7,
    0xB5, 0x6F, 0x9B, 0x8F, 0xEF, 0x49, 0xD3, 0xFB, 0xF7, 0xDD, 0xD1, 0xF0, 0xCF, 0x89, 0xB8, 0x49,
    0x1C, 0x95, 0xD3, 0xA3, 0xDD, 0x77, 0x68, 0xB5, 0xD9, 0xA6, 0xDA, 0x39, 0x72, 0x8A, 0xF9, 0x2E,
    0xF7, 0xA5, 0x74, 0xD8, 0x78, 0x0E, 0x03, 0x6E, 0x8C, 0x97, 0xFE, 0xD1, 0x8F, 0x59, 0x81, 0x87,
    0x47, 0x6B, 0x84, 0x39, 0x51, 0x51, 0x71, 0x80, 0x63, 0x12, 0xCE, 0xF7, 0x70, 0xB2, 0xAF, 0x30,
    0x6E, 0x39, 0x1E, 0x1D, 0x5A, 0x07, 0x9A, 0xC6, 0x59, 0xB8, 0x08, 0x71, 0xBE, 0x17, 0x3F, 0xDA,
    0x63, 0xA1, 0xD6, 0x3D, 0x88, 0xDF, 0xFF, 0xF2, 0x30, 0xFE, 0xE1, 0x2E, 0xFE, 0x38, 0x1D, 0xEF,
    0xC6, 0xFD, 0xC8, 0x41, 0x07, 0x89, 0xB4, 0x1D, 0x68, 0x3A, 0x97, 0xD8, 0xC8, 0x25, 0x96, 0x3B,
    0xEF, 0xB2, 0x67, 0x83, 0xBD, 0x32, 0xBE, 0xCB, 0x43, 0x98, 0xEB, 0x84, 0x55, 0xFA, 0x74, 0x6C,
    0x58, 0x12, 0x63, 0x40, 0x5F, 0x60, 0x4E, 0x26, 0x73, 0xAC, 0x3A, 0x63, 0x5B, 0x0D, 0x33, 0xEC,
    0x59, 0x24, 0x2A, 0xAA, 0x3B, 0xCC, 0xB1, 0x1D, 0x57, 0x61, 0x89, 0xE5, 0xF8, 0x06, 0x69, 0x7C,
    0x97, 0x71, 0x3C, 0x0E, 0x18, 0x88, 0xCF, 0x8C, 0x38, 0xDE, 0x43, 0x05, 0xD6, 0x08, 0xDF, 0x3A,
    0xDB, 0x2B, 0x43, 0xCF, 0xDB, 0x23, 0x8B, 0xB9, 0x3C, 0x15, 0x8E, 0x87, 0x6F, 0x7F, 0x7E, 0x74,
    0xEF, 0x37, 0x08, 0xA6, 0x5B, 0xA3, 0x35, 0x1F, 0xE9, 0x54, 0xEF, 0x2E, 0x9F, 0xEE, 0xB6, 0x2A,
    0xEE, 0x6D, 0x16, 0xAF, 0x55, 0x35, 0xF8, 0x25, 0x71, 0xF4, 0x75, 0x1A, 0xC2, 0x28, 0x85, 0x95,
    0x4E, 0xA4, 0x9C, 0x6F, 0x3A, 0x9A, 0x1A, 0x30, 0x6B, 0x66, 0xB3, 0x37, 0x1F, 0x99, 0x75, 0x2D,
    0x2B, 0xBF, 0xC4, 0x5E, 0xB7, 0xA1, 0x37, 0xF4, 0x6A, 0xA4, 0xD6, 0xF4, 0x19, 0x73, 0x38, 0x54,
    0xB0, 0x7A, 0x28, 0x60, 0x27, 0xCD, 0x6A, 0x2C, 0xFD, 0xBF, 0xD7, 0xF7, 0x24, 0x56, 0xFA, 0x1C,
    0xA5, 0x38, 0x55, 0x8B, 0xC5, 0x99, 0xC6, 0xAB, 0xA9, 0x9E, 0x0D, 0x93, 0xD5, 0x6B, 0x12, 0x9B,
    0x89, 0x87, 0xAC, 0x49, 0xE2, 0x18, 0x26, 0x36, 0x13, 0x17, 0x47, 0x5E, 0x4A, 0x61, 0xB9, 0x13,
    0x93, 0xE6, 0x10, 0xC6, 0x92, 0xAE, 0x67, 0xAB, 0xFB, 0x30, 0x48, 0x9C, 0xAC, 0x71, 0x91, 0x79,
    0x09, 0xAD, 0x8B, 0x6C, 0x99, 0x26, 0x35, 0x56, 0xD7, 0x9E, 0xC4, 0x14, 0xE3, 0x7F, 0xBA, 0xB9,
    0x7A, 0x58, 0xCB, 0xAD, 0xE3, 0x4C, 0x5E, 0x42, 0x8F, 0x81, 0x59, 0xB0, 0x92, 0x0A, 0x1B, 0x08,
    0xFB, 0x55, 0xC1, 0x1E, 0x08, 0x40, 0x22, 0x29, 0x53, 0x58, 0x85, 0x9E, 0x53, 0x6C, 0xE1, 0x3E,
    0x2E, 0x5E, 0xFA, 0xC2, 0x64, 0x92, 0x32, 0x45, 0x5E, 0x21, 0x57, 0x29, 0x92, 0x62, 0x03, 0x38,
    0xAB, 0x62, 0x53, 0xA6, 0x89, 0xC9, 0x68, 0x8B, 0x14, 0x29, 0xC4, 0xC0, 0x50, 0x2D, 0x02, 0x59,
    0x21, 0xD1, 0x36, 0x26, 0x62, 0x0A, 0xCB, 0xE7, 0x90, 0x9C, 0x70, 0xBE, 0xF9, 0x86, 0xEF, 0xEA,
    0xEA, 0xC2, 0xFB, 0xE3, 0x7D, 0xEB, 0x95, 0x2E, 0x44, 0x7E, 0x1F, 0xF7, 0x91, 0xE7, 0x67, 0xCE,
    0x9C, 0x9F, 0x99, 0x33, 0x47, 0x91, 0xA8, 0x4F, 0xBB, 0x50, 0xB3, 0x2A, 0xFD, 0x74, 0x4A, 0x46,
    0xED, 0x32, 0x8D, 0x48, 0x2C, 0x4D, 0xA7, 0x06, 0x74, 0x2E, 0xF3, 0x01, 0x2E, 0xAA, 0x09, 0x23,
    0x6F, 0x35, 0x41, 0x2A, 0xFE, 0x8B, 0x56, 0x12, 0xF8, 0x62, 0x76, 0x2E, 0x2D, 0xC0, 0xA4, 0x09,
    0xF8, 0x03, 0x55, 0xEC, 0x05, 0xF4, 0xA7, 0x2E, 0xF4, 0x20, 0xC1, 0xD7, 0xDA, 0x3A, 0x17, 0x68,
    0x16, 0x5B, 0xEA, 0x5A, 0x3A, 0xA1, 0x60, 0xC5, 0x87, 0xDF, 0x85, 0xC8, 0x97, 0x67, 0x06, 0xA6,
    0x87, 0x0F, 0x80, 0xD4, 0x03, 0xB2, 0xE5, 0xD6, 0x21, 0x49, 0x96, 0x8A, 0x90, 0x65, 0xE2, 0x65,
    0xCC, 0x7F, 0xE5, 0x45, 0x2C, 0xFE, 0xDE, 0x59, 0xF5, 0x43, 0xE9, 0x8C, 0x35, 0x5C, 0x7A, 0xFA,
    0x82, 0x18, 0x1E, 0x56, 0x78, 0x6F, 0xE0, 0x09, 0x55, 0x85, 0x03, 0x9B, 0x42, 0xB2, 0x64, 0xB4,
    0xEE, 0x01, 0x47, 0x2B, 0xB3, 0xCB, 0x7A, 0xEB, 0xF6, 0xB0, 0xD7, 0x0B, 0x2E, 0xFF, 0x95, 0xB5,
    0xC8, 0xAC, 0x66, 0x3F, 0x09, 0x84, 0x4E, 0x30, 0x1F, 0x97, 0x20, 0x4A, 0x57, 0xD4, 0x08, 0x0C,
    0x3D, 0x6C, 0xB9, 0xBC, 0xFC, 0x33, 0xB0, 0x64, 0x44, 0xDF, 0x43, 0x66, 0xBE, 0xD8, 0xCC, 0xC8,
    0xD0, 0xA9, 0x68, 0x6D, 0x14, 0xBB, 0x25, 0xD9, 0x80, 0x69, 0x76, 0x02, 0x06, 0xBF, 0xA3, 0xB1,
    0x29, 0xD8, 0x56, 0xE2, 0x35, 0x96, 0xD7, 0xD7, 0x22, 0xA2, 0xE5, 0x13, 0xE9, 0x6F, 0x99, 0x2E,
    0xBE, 0xFE, 0xA9, 0xE4, 0xBA, 0x70, 0x25, 0x6A, 0x71, 0x45, 0x3E, 0xBB, 0xC2, 0xE4, 0x8A, 0xD9,
    0x13, 0x18, 0x88, 0x94, 0xC0, 0x0A, 0x5F, 0x9F, 0xBB, 0x3A, 0xA0, 0x5F, 0xD5, 0x09, 0x8A, 0x30,
    0xBD, 0x05, 0xF8, 0x63, 0x19, 0x15, 0xA1, 0x11, 0xC0, 0x95, 0x48, 0x37, 0x2A, 0x86, 0x21, 0x4B,
    0xAB, 0x06, 0x66, 0x4C, 0x3F, 0x95, 0x81, 0x38, 0x02, 0x13, 0x99, 0x88, 0xF3, 0x09, 0x4E, 0x7C,
    0xCF, 0x71, 0x64, 0x3A, 0xC3, 0x5E, 0xDE, 0x46, 0xDA, 0x0B, 0x91, 0xF2, 0x27, 0xA8, 0xF7, 0xC2,
    0xFA, 0x77, 0x86, 0x4F, 0x4E, 0x3C, 0x2E, 0x6B, 0x49, 0x1D, 0x9E, 0xBC, 0x35, 0x55, 0xD3, 0x6F,
    0x42, 0x41, 0x9A, 0x2D, 0x5A, 0xBC, 0x12, 0x9B, 0xAE, 0x64, 0x41, 0x2F, 0xA0, 0x63, 0xB0, 0xA5,
    0xFF, 0xD1, 0x8C, 0x9E, 0xE8, 0x09, 0xAA, 0xC0, 0x9D, 0x0F, 0x60, 0x6E, 0x88, 0x22, 0x9D, 0xC7,
    0xF6, 0x39, 0x78, 0xFE, 0x3B, 0x4F, 0x37, 0x63, 0x7E, 0xE9, 0x8E, 0x23, 0xD0, 0x46, 0xF0, 0xBD,
    0x8B, 0xB5, 0xA1, 0x88, 0x3E, 0xA9, 0x00, 0xEA, 0xED, 0x2B, 0x95, 0xF7, 0x18, 0x84, 0x0D, 0x36,
    0xD8, 0x1E, 0x3E, 0xE2, 0xA4, 0x82, 0xBE, 0x50, 0x51, 0x0E, 0x17, 0x68, 0x3F, 0x2C, 0xE6, 0x4B,
    0x2E, 0xE6, 0x3F, 0x08, 0x5C, 0x91, 0x6A, 0x12, 0x4A, 0xEC, 0xB3, 0xFB, 0xF8, 0x27, 0xD3, 0x89,
    0x1E, 0x04, 0x8D, 0x04, 0x72, 0xF0, 0xE6, 0x76, 0x3D, 0xD1, 0x6F, 0x5B, 0x23, 0x05, 0x09, 0xEA,
    0x03, 0xE2, 0x6D, 0x88, 0x1A, 0x91, 0x8C, 0xDF, 0x20, 0xD3, 0x4B, 0x90, 0x33, 0x9F, 0x0F, 0x27,
    0x79, 0x79, 0xEE, 0xBB, 0xA6, 0xEF, 0xAA, 0xBD, 0xF7, 0x8D, 0xD0, 0x0B, 0x0F, 0x89, 0xBA, 0xD6,
    0xB1, 0xCA, 0x1D, 0xAA, 0x14, 0xEB, 0xBB, 0xA6, 0x70, 0x93, 0xCB, 0xE7, 0x9A, 0xE4, 0x01, 0xA6,
    0x36, 0xFC, 0xF8, 0x17, 0x71, 0x2C, 0x55, 0x80, 0x97, 0xF7, 0x3D, 0x1F, 0x62, 0xD0, 0x10, 0xAB,
    0x13, 0x2C, 0x88, 0xF7, 0x5C, 0x49, 0x5E, 0x02, 0x61, 0x24, 0x9E, 0x60, 0xED, 0x7F, 0xFF, 0x1D,
    0x31, 0x19, 0xBE, 0x8E, 0xE9, 0x09, 0xEA, 0xF4, 0xA4, 0xD8, 0x0C, 0x26, 0x22, 0x19, 0x9A, 0x13,
    0x3C, 0x23, 0x1F, 0x20, 0xE5, 0x13, 0xDC, 0xB1, 0x7C, 0x9E, 0x23, 0x27, 0x20, 0xFE, 0x7E, 0x67,
    0x68, 0x06, 0xA5, 0xAA, 0xD0, 0xFA, 0x80, 0x5D, 0x6D, 0x3A, 0xC2, 0xE3, 0xDF, 0x15, 0x47, 0xB1,
    0x04, 0x4D, 0xC8, 0x97, 0x6C, 0x2C, 0x5A, 0xCB, 0x1F, 0xC8, 0x6C, 0x93, 0x13, 0x47, 0x5A, 0xF4,
    0x56, 0x9F, 0x67, 0x84, 0x0B, 0xAF, 0x62, 0x81, 0x97, 0x11, 0x4B, 0xA2, 0x04, 0xA3, 0xC6, 0x1F,
    0x96, 0x1C, 0x46, 0x7C, 0x5C, 0xF1, 0x81, 0xE6, 0x78, 0xE4, 0x39, 0x4F, 0xDA, 0xDF, 0x46, 0x0E,
    0x5A, 0x7E, 0x7D, 0x59, 0xC9, 0x4C, 0x82, 0x7F, 0x41, 0xF9, 0x4B, 0x64, 0x11, 0x89, 0x20, 0x53,
    0x0C, 0x17, 0x28, 0x46, 0x08, 0x32, 0x82, 0x60, 0x3C, 0x03, 0x41, 0xF7, 0x53, 0xE2, 0x3B, 0x35,
    0x36, 0x6B, 0x82, 0xE4, 0x32, 0x80, 0x60, 0x57, 0xF3, 0xA0, 0x24, 0x14, 0xF7, 0xBD, 0xE6, 0x4A,
    0x7A, 0x33, 0xDB, 0xE5, 0x86, 0x7B, 0xA1, 0x1F, 0xB2, 0x57, 0xD6, 0xDF, 0xDB, 0x6E, 0x0F, 0x54,
    0x84, 0x6D, 0xAA, 0x45, 0xBB, 0x65, 0x81, 0xF9, 0x6D, 0xBC, 0xCF, 0xA3, 0x64, 0x6F, 0x9C, 0xE1,
    0x77, 0x9E, 0xF1, 0xBD, 0xDF, 0x27, 0x83, 0xD6, 0xE6, 0x32, 0x41, 0x6F, 0xEB, 0xEF, 0x89, 0xC8,
    0x59, 0x49, 0xAA, 0x9C, 0xAF, 0xF5, 0xB1, 0xC7, 0xCD, 0x05, 0xDB, 0xBE, 0x25, 0x37, 0xD4, 0x03,
    0x55, 0x38, 0x2A, 0xE4, 0x85, 0x8E, 0x47, 0xE8, 0x62, 0xB1, 0xDE, 0xA0, 0xAD, 0x58, 0xAB, 0x42,
    0x0D, 0xBF, 0x45, 0xB7, 0x58, 0x46, 0xB6, 0x56, 0xE6, 0xF3, 0x33, 0x56, 0x7F, 0x58, 0xA3, 0xC2,
    0x31, 0x8D, 0xE1, 0x04, 0x6D, 0x74, 0x6F, 0xF3, 0xCE, 0xA2, 0xF6, 0x95, 0xC8, 0x08, 0x52, 0x6C,
    0x04, 0xE2, 0x89, 0x38, 0x95, 0xC3, 0xCA, 0x65, 0x2A, 0xAD, 0x4F, 0x8B, 0x81, 0x91, 0x64, 0x26,
    0xC9, 0x06, 0x92, 0xAA, 0x35, 0x12, 0x4A, 0x60, 0x24, 0x5E, 0x48, 0xD2, 0x91, 0xA4, 0xE8, 0x48,
    0xDC, 0xDD, 0xFE, 0x58, 0x5A, 0x23, 0x9F, 0x4A, 0x6F, 0xE4, 0x57, 0xC2, 0x97, 0x51, 0x66, 0x23,
    0xAB, 0x91, 0xAF, 0x44, 0x4A, 0x7E, 0x2E, 0xCC, 0xAB, 0x92, 0xDE, 0x48, 0x2E, 0x03, 0xF3, 0x12,
    0x16, 0x2C, 0x91, 0xC5, 0x48, 0x24, 0xE2, 0x05, 0xE3, 0x2C, 0x08, 0x51, 0x80, 0x14, 0xAC, 0x20,
    0x14, 0x1B, 0x24, 0xD5, 0xCF, 0x34, 0xD9, 0x58, 0xA4, 0x86, 0x9E, 0x1C, 0x44, 0x16, 0xD3, 0xE5,
    0x4A, 0x56, 0x23, 0x17, 0xB2, 0x42, 0x86, 0x1C, 0x90, 0xFB, 0x23, 0x84, 0xC2, 0xB3, 0x96, 0xDF,
    0x1E, 0x8C, 0x86, 0xAF, 0x63, 0xFC, 0x3A, 0x66, 0xF9, 0x9F, 0x63, 0xFB, 0x03, 0xA1, 0x6D, 0xF4,
    0x42, 0x88, 0xB4, 0x1B, 0x5F, 0x6D, 0x42, 0x43, 0x3B, 0x08, 0x16, 0xB3, 0x50, 0x56, 0xF0, 0xCC,
    0x66, 0x60, 0xB4, 0x54, 0xCE, 0xF6, 0xC2, 0xBF, 0x34, 0xE0, 0x9F, 0x63, 0x57, 0xB1, 0x02, 0x87,
    0xCA, 0x34, 0x05, 0xF8, 0x7F, 0x60, 0xBB, 0xC3, 0xF8, 0xBF, 0xEB, 0x92, 0x77, 0x36, 0xFE, 0x58,
    0xA6, 0xE0, 0x40, 0xFE, 0x89, 0xBA, 0x39, 0x47, 0xE3, 0xFF, 0x26, 0xCB, 0x56, 0x47, 0xE3, 0xAD,
    0xAC, 0x41, 0xE2, 0xBC, 0x91, 0x20, 0xED, 0xC8, 0x2B, 0x29, 0xB3, 0xD6, 0xB8, 0x42, 0xEE, 0x3C,
    0x97, 0xB6, 0x28, 0xC9, 0x33, 0xE9, 0xAA, 0x80, 0x3C, 0x95, 0xA1, 0x71, 0x9E, 0xC8, 0xB0, 0x3A,
    0x8F, 0xE5, 0xAB, 0xD9, 0x79, 0x24, 0xEB, 0xCE, 0x0F, 0x22, 0x93, 0x73, 0x6C, 0x02, 0x91, 0x07,
    0x47, 0x1C, 0xFD, 0x91, 0x1C, 0xA2, 0x3F, 0xC7, 0xE1, 0x64, 0x26, 0x4F, 0x85, 0xF6, 0x65, 0xD3,
    0x83, 0xAB, 0xAA, 0xFF, 0x44, 0xD6, 0x3A, 0x59, 0x83, 0xF7, 0x65, 0xC3, 0x46, 0xA4, 0x8D, 0x66,
    0x73, 0xE8, 0x1F, 0xF3, 0xAD, 0xBD, 0x6C, 0x64, 0xB8, 0x6E, 0xDC, 0xE3, 0xDC, 0xEB, 0xDF, 0x8D,
    0x51, 0xAB, 0xAD, 0xB7, 0x4C, 0x30, 0x95, 0x39, 0x5D, 0x92, 0xC9, 0x2D, 0xAB, 0x77, 0xD6, 0x91,
    0x7D, 0x8E, 0xEF, 0x5A, 0xB4, 0xD3, 0x44, 0xF6, 0x58, 0x16, 0x65, 0x68, 0x0B, 0x01, 0x83, 0xF4,
    0x5B, 0xB2, 0x42, 0x7A, 0xB2, 0x54, 0x46, 0x32, 0xD8, 0x85, 0x2D, 0xA5, 0x68, 0x0C, 0x46, 0x2D,
    0x59, 0x25, 0x2D, 0x59, 0x2E, 0x03, 0x59, 0x2A, 0x13, 0x59, 0x2C, 0x0B, 0xD9, 0x41, 0xC4, 0x18,
    0xBC, 0xF9, 0x60, 0x28, 0x2D, 0x59, 0xB6, 0xB3, 0x64, 0x67, 0xD1, 0xCE, 0xC2, 0x9D, 0xA1, 0x03,
    0x1C, 0x5B, 0xF1, 0x1D, 0x54, 0xB9, 0x55, 0x69, 0x5F, 0x63, 0x87, 0x81, 0x7B, 0x81, 0x91, 0x33,
    0xDA, 0xF7, 0xC7, 0x3B, 0x0B, 0x37, 0x20, 0xB9, 0xAF, 0x59, 0x44, 0xBC, 0x77, 0xDC, 0x04, 0x95,
    0x87, 0xE3, 0x24, 0x36, 0xFB, 0xC2, 0x93, 0x46, 0x27, 0x24, 0x17, 0x48, 0xDA, 0x36, 0xBB, 0x9F,
    0xB1, 0x76, 0xF7, 0x5E, 0xEB, 0x04, 0x9B, 0xCD, 0x58, 0xE3, 0xE5, 0x20, 0xBA, 0xA9, 0x25, 0xDD,
    0xD7, 0xC9, 0x88, 0xB2, 0x1F, 0x93, 0xE9, 0x05, 0xC8, 0xE8, 0x9F, 0x3B, 0xD1, 0x2C, 0x48, 0xF6,
    0x4C, 0x37, 0x0E, 0xD2, 0xEF, 0x05, 0xF3, 0xA2, 0xB6, 0x5E, 0xF8, 0x32, 0x04, 0xB9, 0x5D, 0xE6,
    0xCD, 0xA8, 0x89, 0x07, 0xE0, 0x8C, 0x5A, 0x09, 0xF7, 0xB7, 0xC0, 0x2D, 0xE3, 0x0E, 0xC2, 0x0B,
    0x77, 0x1A, 0xC2, 0x6C, 0xA5, 0xCD, 0xF5, 0xA2, 0x7E, 0x90, 0x46, 0x6A, 0xA0, 0x5F, 0x2A, 0x1D,
    0xC3, 0x01, 0x98, 0x3D, 0x17, 0xF9, 0xFE, 0xA9, 0xBF, 0x84, 0xE9, 0x32, 0x9F, 0xD8, 0xF2, 0x7D,
    0xDA, 0xEC, 0x2B, 0xB9, 0xD2, 0xF0, 0x09, 0x84, 0xF0, 0xD9, 0x07, 0x6F, 0xCE, 0xA6, 0xF8, 0xEE,
    0x6B, 0x5D, 0xFE, 0x7A, 0xB5, 0xAE, 0x3D, 0xAB, 0x75, 0x87, 0x5D, 0xEB, 0x52, 0x97, 0x6A, 0x72,
    0x4B, 0x66, 0x23, 0xB1, 0x13, 0x2C, 0x20, 0xF9, 0x19, 0x10, 0x5E, 0x86, 0x13, 0x9B, 0x2A, 0xF3,
    0x97, 0x22, 0xE4, 0x81, 0xEC, 0x9C, 0x84, 0x8F, 0xC6, 0x53, 0x87, 0xCC, 0xB5, 0x93, 0x79, 0x77,
    0xC8, 0x94, 0xAE, 0xD4, 0xAD, 0x11, 0x1D, 0x39, 0x5D, 0x5D, 0x4F, 0x3C, 0x18, 0x28, 0xF5, 0x73,
    0x89, 0xBF, 0xEC, 0x9F, 0xFB, 0x52, 0x12, 0x97, 0x2B, 0x38, 0x34, 0xF8, 0x0A, 0x95, 0xA7, 0x7B,
    0x81, 0x24, 0x00, 0x79, 0xBA, 0x2F, 0xD5, 0xF0, 0x91, 0x12, 0x6B, 0xA1, 0xC2, 0x14, 0x05, 0x04,
    0x22, 0x53, 0x02, 0x49, 0x79, 0x17, 0xF5, 0x2C, 0x76, 0x47, 0xD3, 0xE9, 0x52, 0x2D, 0x3B, 0x5E,
    0xAA, 0x71, 0xBD, 0x2A, 0x25, 0xAC, 0x92, 0xD0, 0x96, 0xB2, 0x78, 0x7B, 0x36, 0x72, 0xD1, 0xCC,
    0x47, 0xD6, 0xF4, 0x0D, 0x1A, 0xC8, 0xD7, 0x1B, 0xB6, 0x49, 0xAF, 0x2E, 0x1F, 0xB8, 0xEA, 0x2D,
    0xF8, 0x35, 0x53, 0x9D, 0xD6, 0x16, 0x06, 0x60, 0x6F, 0x6D, 0xFB, 0xC6, 0x62, 0xAF, 0x0E, 0xD7,
    0x1B, 0xB4, 0x47, 0x86, 0x33, 0x8A, 0xA0, 0x6F, 0x71, 0x57, 0x19, 0x8F, 0x07, 0x76, 0x2C, 0x76,
    0xAB, 0x5C, 0xF0, 0xD7, 0xD8, 0xBB, 0x24, 0x3B, 0x1B, 0x85, 0x56, 0x09, 0x77, 0xB1, 0xAD, 0x03,
    0x57, 0x9E, 0xEE, 0x70, 0xB0, 0xA0, 0xCB, 0x6C, 0x40, 0xC8, 0x4B, 0xA1, 0x5E, 0xE5, 0x0D, 0x2C,
    0x00, 0xB1, 0xC2, 0x82, 0xBF, 0x2B, 0x56, 0x05, 0x04, 0x6B, 0xA5, 0x52, 0x62, 0x58, 0x5A, 0xD5,
    0x28, 0xFE, 0x58, 0x57, 0x40, 0x74, 0x66, 0x64, 0xC7, 0x3B, 0xB9, 0xF7, 0x1E, 0xDA, 0x4F, 0x73,
    0xC5, 0xEF, 0x88, 0xDC, 0x5C, 0x8A, 0xFC, 0xEC, 0xFE, 0x46, 0x54, 0x97, 0xCA, 0x70, 0x23, 0xB5,
    0x92, 0x60, 0x23, 0x25, 0x48, 0x13, 0x54, 0x01, 0x48, 0x75, 0x86, 0x78, 0x28, 0xCD, 0xB7, 0x95,
    0x08, 0x08, 0xE7, 0x77, 0xF4, 0x3D, 0xD5, 0x27, 0x36, 0xA6, 0x74, 0x47, 0xE4, 0x1E, 0xC2, 0x5A,
    0x74, 0xBA, 0x29, 0x3C, 0x9C, 0xA5, 0x06, 0x0B, 0xD1, 0xA2, 0x0D, 0xA2, 0x48, 0xD1, 0x53, 0x4C,
    0x09, 0x6C, 0x50, 0xFC, 0x4E, 0xB0, 0xEC, 0x2C, 0xEB, 0x2D, 0xBE, 0x91, 0xDE, 0x9C, 0x9D, 0x45,
    0xFB, 0xC6, 0x63, 0xAC, 0x0C, 0x36, 0x65, 0x36, 0x9A, 0xAC, 0x9F, 0x84, 0xAE, 0xED, 0x90, 0x19,
    0xBB, 0x03, 0x47, 0x42, 0x5B, 0x2B, 0xE1, 0x07, 0xCF, 0x4D, 0x00, 0x8D, 0xBD, 0xD8, 0xEC, 0x09,
    0xCC, 0xA1, 0x1A, 0x33, 0x09, 0x8D, 0x55, 0x12, 0xE1, 0xF3, 0x74, 0x45, 0x03, 0x22, 0x27, 0x6B,
    0xD2, 0x64, 0xE4, 0x2A, 0x38, 0xB5, 0x41, 0x03, 0x84, 0x71, 0xCD, 0x9D, 0x5B, 0xC7, 0xBB, 0x8F,
    0x03, 0x01, 0x0F, 0xFA, 0x45, 0xC9, 0x12, 0x8B, 0xBB, 0xD4, 0x7D, 0x23, 0x35, 0xF4, 0x50, 0xA2,
    0x68, 0x06, 0x11, 0x44, 0x80, 0x22, 0x33, 0xCD, 0xCA, 0x66, 0xC2, 0xC1, 0xCD, 0xDD, 0x9E, 0xFB,
    0xC4, 0x39, 0xC3, 0xF3, 0x7A, 0xCD, 0x0A, 0x99, 0x69, 0x56, 0xE8, 0xD6, 0x0D, 0x07, 0xFD, 0x51,
    0x38, 0x45, 0x4C, 0x2B, 0xF5, 0x6F, 0x41, 0x0E, 0x9A, 0x19, 0x09, 0x34, 0x8A, 0x63, 0x83, 0x91,
    0x82, 0x84, 0x4D, 0x83, 0xCC, 0x5A, 0x23, 0x29, 0x09, 0x43, 0xFE, 0x90, 0x99, 0xCB, 0xB0, 0xD4,
    0x58, 0x03, 0x9D, 0x51, 0x6A, 0x13, 0x7B, 0x32, 0x99, 0xB0, 0xED, 0x29, 0x9D, 0xED, 0x29, 0x16,
    0x48, 0x49, 0xDD, 0x6F, 0x2A, 0x13, 0xB3, 0xC4, 0xB0, 0x63, 0xD0, 0xF1, 0xA9, 0x10, 0x06, 0x71,
    0xC3, 0x26, 0xAB, 0x60, 0x2D, 0xE0, 0x9F, 0xFD, 0x9F, 0x9A, 0x92, 0x4F, 0x82, 0x9B, 0x17, 0x54,
    0x70, 0xE3, 0xE0, 0x09, 0x83, 0x67, 0xD7, 0x96, 0x48, 0x9F, 0x0E, 0x16, 0x79, 0x30, 0xDA, 0x5C,
    0xB8, 0xEB, 0x4F, 0xFC, 0x4C, 0x66, 0x3C, 0xA1, 0x49, 0x92, 0xFF, 0xDD, 0x6E, 0xF1, 0xC4, 0xA7,
    0x74, 0x90, 0x15, 0x8D, 0x0D, 0x7F, 0x62, 0xD6, 0x8B, 0xA0, 0xA1, 0x2D, 0x70, 0x44, 0x0D, 0x38,
    0x7F, 0x32, 0x13, 0x2E, 0xEB, 0xD8, 0x68, 0x55, 0xAD, 0x33, 0x52, 0xCB, 0xD0, 0xBF, 0xA6, 0xCC,
    0xA4, 0x2B, 0x5A, 0x36, 0x9F, 0xA0, 0xC5, 0x18, 0x52, 0xD9, 0xEA, 0x80, 0x3A, 0x54, 0xA5, 0x09,
    0xF9, 0x3F, 0x17, 0x5D, 0xF8, 0x54, 0x94, 0xF4, 0x7F, 0xCD, 0xEA, 0x5A, 0x6D, 0xF8, 0xF4, 0x6B,
    0xC4, 0x6A, 0xAE, 0x14, 0xFE, 0xB3, 0x51, 0x9B, 0x12, 0x5A, 0x83, 0xCA, 0xD1, 0x07, 0xB3, 0x3F,
    0x35, 0x7C, 0x3A, 0x70, 0x2E, 0x42, 0x13, 0xBB, 0x75, 0xE1, 0x0B, 0x00, 0x3C, 0x71, 0xA6, 0xA1,
    0x68, 0x53, 0x7F, 0x82, 0xD8, 0x93, 0x5B, 0xAF, 0xAD, 0x07, 0x35, 0xE1, 0x69, 0xDD, 0xA3, 0xA3,
    0xBE, 0xAF, 0xA3, 0xD5, 0x41, 0x6D, 0xF1, 0x8C, 0x61, 0x77, 0xF3, 0x11, 0x53, 0x8F, 0x06, 0x63,
    0x28, 0x33, 0x38, 0x93, 0x67, 0x14, 0x7E, 0xD9, 0x18, 0xB7, 0x37, 0x37, 0x19, 0x70, 0x8D, 0x58,
    0xA2, 0xC9, 0xCD, 0xEC, 0x11, 0x66, 0xDA, 0xA3, 0xC9, 0xF4, 0xE3, 0x31, 0x9E, 0x7C, 0x19, 0x64,
    0x22, 0xC7, 0xA9, 0x8C, 0xD6, 0x6B, 0x75, 0x3B, 0xCC, 0xAE, 0x40, 0x1A, 0x8F, 0x54, 0xE2, 0x91,
    0x2C, 0xDD, 0xFF, 0x2D, 0x3E, 0xB3, 0x3D, 0x5C, 0x88, 0xD7, 0xAF, 0x69, 0x58, 0xEF, 0x70, 0xCD,
    0x85, 0xB9, 0xCD, 0xFE, 0x71, 0x3A, 0xC4, 0x1C, 0x49, 0xF2, 0xCE, 0xD6, 0x13, 0x50, 0x4F, 0x8E,
    0x33, 0xB0, 0x8E, 0x11, 0x3C, 0xB6, 0x04, 0x1E, 0x33, 0x38, 0x61, 0x3D, 0xE7, 0x81, 0xFA, 0xF8,
    0xB8, 0x1A, 0x58, 0x7B, 0x9E, 0xC0, 0x90, 0x4E, 0x5D, 0xF1, 0x35, 0xE2, 0xF4, 0xB5, 0x97, 0xB4,
    0x98, 0x5E, 0x6F, 0x19, 0xFA, 0x57, 0xBD, 0x09, 0xFB, 0x01, 0xA6, 0x5D, 0x9D, 0x74, 0x77, 0x12,
    0xB3, 0x89, 0x4B, 0xB4, 0x2E, 0xA2, 0x14, 0x8C, 0x4C, 0xD8, 0x7F, 0xE2, 0x18, 0x85, 0x4E, 0xD7,
    0xA3, 0xB9, 0xDD, 0xFA, 0x9C, 0x50, 0x70, 0x1B, 0x88, 0x84, 0x2A, 0x1E, 0xAE, 0x3E, 0xFE, 0xCC,
    0xD4, 0x89, 0xD8, 0x9D, 0x6B, 0x26, 0x77, 0x8D, 0x01, 0xEA, 0x7C, 0xB4, 0x69, 0xB9, 0x47, 0x08,
    0xFD, 0xD5, 0x84, 0x84, 0x0D, 0xB2, 0x42, 0x42, 0x54, 0x4A, 0x2E, 0x3A, 0xCF, 0x8C, 0x2D, 0xAF,
    0x83, 0x60, 0x1A, 0x3C, 0xCE, 0xE2, 0x63, 0xEE, 0x93, 0x05, 0xBE, 0xB1, 0xE8, 0x84, 0xAB, 0x13,
    0xF3, 0xE1, 0x6B, 0x97, 0x75, 0x5C, 0x2F, 0x2F, 0xEF, 0xAB, 0xC5, 0x3F, 0x98, 0x8A, 0x14, 0x1D,
    0x94, 0x86, 0x76, 0x7B, 0x0F, 0x34, 0xCF, 0x01, 0xF4, 0x54, 0x11, 0x6D, 0x77, 0xAF, 0xF4, 0x55,
    0x39, 0xDB, 0xD7, 0x6B, 0x07, 0x1D, 0x00, 0x52, 0x2B, 0x5C, 0x4F, 0x5C, 0x73, 0x5C, 0x97, 0x5C,
    0xBB, 0xBC, 0x0E, 0xD4, 0x40, 0xE4, 0x62, 0x2A, 0xEE, 0x4A, 0xEF, 0xDD, 0xE0, 0x36, 0x97, 0x77,
    0x4A, 0x5B, 0x93, 0xE7, 0x2D, 0xC7, 0x50, 0x77, 0x44, 0xB6, 0x9A, 0x8B, 0xA2, 0x15, 0xAA, 0xA2,
    0xEF, 0x12, 0xCE, 0x4C, 0x74, 0x62, 0xC1, 0xEF, 0x2C, 0x0E, 0x76, 0xAD, 0xFF, 0xA0, 0x49, 0x0A,
    0x82, 0x7F, 0xDE, 0x92, 0x4B, 0x6C, 0x0A, 0x16, 0xF9, 0xA2, 0xF4, 0x72, 0x6A, 0x28, 0xD6, 0xCA,
    0x03, 0x10, 0x15, 0x4E, 0x59, 0x6E, 0x17, 0x24, 0x61, 0x07, 0x25, 0xD2, 0xCE, 0x0E, 0x4E, 0x24,
    0x83, 0x45, 0xF9, 0x22, 0x0E, 0x78, 0xB2, 0x03, 0x16, 0xE1, 0xCC, 0xF8, 0xA8, 0x17, 0x49, 0x20,
    0x1D, 0x98, 0x08, 0x13, 0x88, 0x66, 0x26, 0xE2, 0x09, 0x88, 0x27, 0xC2, 0x04, 0x8A, 0x96, 0x89,
    0x9C, 0x49, 0x00, 0x03, 0xCD, 0xAC, 0xD7, 0xBD, 0xED, 0x82, 0x2A, 0x44, 0x6F, 0xD7, 0xA5, 0xFA,
    0xF6, 0xEE, 0x15, 0xCA, 0x88, 0xEB, 0xDD, 0x4B, 0x5D, 0x27, 0x1D, 0xEA, 0xDB, 0x38, 0x69, 0x0E,
    0x05, 0xD3, 0x51, 0x1C, 0x2C, 0x14, 0x7B, 0xC5, 0x30, 0x32, 0x57, 0xA5, 0xCA, 0xA9, 0x80, 0x9F,
    0x17, 0x22, 0x18, 0xF4, 0x83, 0xAC, 0x8B, 0x47, 0x38, 0xD7, 0x26, 0x15, 0xD4, 0xC1, 0x06, 0x1D,
    0x1B, 0x71, 0x1A, 0x88, 0xB3, 0xA8, 0xA3, 0x09, 0x7E, 0x38, 0x7D, 0xB9, 0x37, 0xB9, 0xE5, 0x9D,
    0x4A, 0x0D, 0x3E, 0x32, 0x24, 0x1B, 0x2E, 0xC5, 0x6F, 0x39, 0x12, 0x70, 0x79, 0x79, 0xBB, 0xD3,
    0x9E, 0x20, 0xA0, 0x75, 0xB0, 0x68, 0xDB, 0x74, 0x45, 0x84, 0x12, 0xFA, 0x2C, 0x83, 0x4E, 0x7F,
    0x70, 0x1B, 0xA7, 0x51, 0x6B, 0x4F, 0x6B, 0x04, 0x91, 0xEB, 0x89, 0xC5, 0xDD, 0x46, 0x32, 0x29,
    0x1C, 0x20, 0x91, 0x5A, 0x21, 0xB8, 0xAA, 0x19, 0xEF, 0x73, 0x06, 0xC2, 0x8F, 0x39, 0xDD, 0x29,
    0xC4, 0x02, 0xC8, 0x64, 0x0C, 0x2D, 0xD2, 0x44, 0xA1, 0x12, 0x7C, 0xDE, 0x48, 0x40, 0x38, 0x7C,
    0x0D, 0x22, 0x83, 0xD8, 0xDE, 0x4C, 0x65, 0xD1, 0x31, 0xE1, 0xA7, 0x22, 0xB0, 0xAF, 0x1A, 0xE9,
    0x63, 0x6C, 0xA4, 0x8C, 0x70, 0x47, 0x6E, 0x80, 0x23, 0x2E, 0x70, 0x86, 0x1E, 0x63, 0x4E, 0x0C,
    0x1C, 0x8B, 0x97, 0xC7, 0x77, 0x3E, 0x00, 0xFE, 0x25, 0x0D, 0xFF, 0x3F, 0xE5, 0xFE, 0xDA, 0x95,
    0xC8, 0xAC, 0x28, 0x3F, 0x12, 0x51, 0x9C, 0xB0, 0x0E, 0x2E, 0x8E, 0x22, 0x65, 0x32, 0x20, 0x4E,
    0x60, 0x10, 0x7B, 0x43, 0x3A, 0x9B, 0x93, 0x57, 0x42, 0x7C, 0x7F, 0x92, 0x5E, 0xB7, 0xE7, 0xE7,
    0xF9, 0x57, 0x2C, 0x8F, 0xAC, 0x8D, 0x96, 0x2F, 0xD7, 0xE0, 0x5D, 0x88, 0x7E, 0x4E, 0x05, 0xAF,
    0x4C, 0x07, 0x17, 0x09, 0xEA, 0x67, 0x91, 0xE5, 0xEA, 0x1F, 0x87, 0xD0, 0x30, 0xD6, 0x3D, 0x92,
    0x3E, 0x92, 0x31, 0x96, 0x31, 0x91, 0xFE, 0x20, 0x63, 0xAA, 0xCD, 0x86, 0x33, 0x41, 0x02, 0xDF,
    0xBD, 0x74, 0x6A, 0x06, 0xAF, 0x16, 0x7B, 0xC9, 0x7B, 0xF3, 0xFC, 0x3B, 0x83, 0xC0, 0x0A, 0xDE,
    0xF7, 0x33, 0x3E, 0x7F, 0x81, 0xA0, 0xAF, 0x2D, 0xAF, 0x51, 0x0F, 0x28, 0x88, 0x5C, 0x36, 0x03,
    0x54, 0xB1, 0x43, 0x79, 0x34, 0x22, 0x4E, 0x26, 0x2F, 0x27, 0xCA, 0xD8, 0x39, 0x9A, 0xEE, 0x9E,
    0xC4, 0xF1, 0x64, 0xC4, 0xF4, 0x85, 0xF0, 0xD2, 0x30, 0x91, 0x09, 0xD8, 0x88, 0xA4, 0xDC, 0x4D,
    0xFF, 0x74, 0xC3, 0x58, 0x43, 0xB5, 0x37, 0x4C, 0x61, 0x72, 0x76, 0x48, 0xBB, 0x71, 0x57, 0x24,
    0xB0, 0x06, 0x6A, 0xCD, 0x3C, 0xA4, 0x09, 0xEF, 0x9C, 0xC1, 0xF4, 0x1C, 0x9E, 0xBC, 0x57, 0x39,
    0x32, 0x3D, 0x4F, 0x9F, 0xF9, 0x41, 0x5E, 0x95, 0x95, 0x27, 0xD0, 0xA5, 0x4E, 0xB2, 0x95, 0xEF,
    0x99, 0xAD, 0xE2, 0xE5, 0x97, 0x3C, 0x29, 0xFB, 0x27, 0xFA, 0x87, 0x4C, 0x26, 0x3B, 0x02, 0x06,
    0x97, 0x2D, 0x0F, 0x82, 0xA1, 0x99, 0x9F, 0x30, 0x30, 0xCB, 0xAC, 0x3F, 0xD4, 0x75, 0xC2, 0x99,
    0x15, 0xAD, 0xA2, 0x9D, 0x7E, 0x93, 0x05, 0x1A, 0xD5, 0xAC, 0xC8, 0xBF, 0x12, 0x34, 0x99, 0x9D,
    0xB1, 0x55, 0xAA, 0x50, 0x49, 0xA9, 0x5F, 0xCB, 0x37, 0x01, 0xB9, 0x11, 0x2A, 0x87, 0xD2, 0x7B,
    0x16, 0xA0, 0xDD, 0x9B, 0xE9, 0x8F, 0x6C, 0x91, 0xFD, 0xAF, 0xE8, 0xEC, 0x87, 0x45, 0xCB, 0xF7,
    0xB3, 0xAB, 0xD9, 0x4A, 0x36, 0xA2, 0x9C, 0x74, 0x4A, 0x2F, 0xEE, 0x7F, 0x86, 0x7F, 0x45, 0xEB,
    0x92, 0xA0, 0x7A, 0x95, 0x98, 0xCB, 0xB4, 0x59, 0xD5, 0x73, 0x93, 0x89, 0x0E, 0x75, 0xE9, 0xAA,
    0xB2, 0x4D, 0x27, 0xBD, 0x5F, 0x94, 0xB4, 0xD7, 0xBE, 0x71, 0xCF, 0xF7, 0x75, 0x8F, 0xDF, 0xEF,
    0x35, 0xF2, 0xF4, 0x21, 0xFF, 0xFA, 0x66, 0xEE, 0x68, 0x63, 0x1A, 0x9B, 0xEF, 0x8B, 0xC8, 0xCF,
    0xCD, 0x53, 0xC6, 0x3B, 0xE3, 0x29, 0xA1, 0xF9, 0x15, 0x64, 0xF3, 0x15, 0x3A, 0x34, 0x97, 0xC3,
    0x8F, 0xA4, 0x5B, 0x42, 0x1C, 0x8E, 0xF8, 0x17, 0x9E, 0x20, 0x89, 0x55, 0x93, 0x70, 0xEE, 0xC5,
    0xA1, 0x5A, 0xCE, 0x40, 0xB3, 0xF8, 0x9B, 0x3C, 0xF8, 0x18, 0xDA, 0x31, 0xC8, 0xAD, 0xC1, 0xEF,
    0x63, 0x69, 0x8C, 0x5E, 0xE7, 0xA7, 0x22, 0xD2, 0x2F, 0xFE, 0x91, 0x07, 0x89, 0xF5, 0xC7, 0x08,
    0x60, 0x83, 0x48, 0xBE, 0xB8, 0xBC, 0x54, 0x10, 0x71, 0x2F, 0x98, 0xEC, 0xE7, 0x66, 0x32, 0xB1,
    0x7D, 0x5C, 0x85, 0x21, 0x11, 0x40, 0xBE, 0x06, 0x30, 0xEA, 0x30, 0xD9, 0x8C, 0xCD, 0x80, 0x58,
    0x65, 0x51, 0x10, 0x42, 0xDF, 0xC0, 0xF9, 0xD6, 0xEA, 0x44, 0x95, 0x68, 0x2C, 0xF6, 0x47, 0xEF,
    0xA9, 0xD5, 0xC9, 0x1C, 0x1A, 0x2B, 0xD9, 0xC5, 0xA3, 0xDF, 0x7C, 0xB0, 0x8F, 0xF4, 0x47, 0x24,
    0x77, 0x12, 0xEC, 0xA4, 0x78, 0x45, 0x82, 0xB1, 0x9F, 0x83, 0x7F, 0x0D, 0xF2, 0x37, 0x18, 0xFD,
    0x39, 0xFC, 0x83, 0xA8, 0x81, 0x02, 0x32, 0x45, 0x22, 0x5C, 0x8A, 0x92, 0x74, 0x18, 0x82, 0x39,
    0x1E, 0x93, 0x20, 0x75, 0x27, 0xB8, 0xBD, 0x39, 0xC2, 0x4C, 0x85, 0xF3, 0x45, 0xAE, 0x25, 0x2F,
    0x70, 0x61, 0x12, 0x95, 0x5B, 0x02, 0xBF, 0x05, 0x9D, 0x10, 0x16, 0xE5, 0xD4, 0xE2, 0x86, 0x47,
    0x1E, 0xDD, 0x39, 0x7F, 0x04, 0x03, 0x0D, 0x51, 0xA2, 0x35, 0xEC, 0x16, 0xEA, 0x8D, 0x01, 0xB8,
    0x77, 0x71, 0xAB, 0xCC, 0xED, 0xD1, 0xA3, 0x3A, 0xF0, 0x10, 0xB6, 0x3C, 0x3B, 0xF5, 0x21, 0x94,
    0x27, 0xC8, 0xF0, 0xB7, 0x41, 0x2F, 0x70, 0x55, 0xFE, 0x33, 0xE7, 0x3C, 0x52, 0x91, 0x6E, 0xBB,
    0xFA, 0xD4, 0xF4, 0xB5, 0xC7, 0xBB, 0xE9, 0x9D, 0x5F, 0x1D, 0x2E, 0x0B, 0x86, 0x6D, 0x31, 0xC4,
    0x8A, 0x2D, 0x7A, 0x44, 0x06, 0x28, 0xB0, 0x3C, 0xB8, 0x9B, 0x65, 0x8D, 0x63, 0xC6, 0xBD, 0xEF,
    0x1C, 0x88, 0xE7, 0x5E, 0x51, 0xC7, 0x7F, 0xC3, 0x1E, 0x78, 0x90, 0x12, 0x18, 0x2F, 0xFC, 0x6E,
    0x34, 0x2C, 0x7A, 0x43, 0x76, 0x90, 0xBF, 0x96, 0x12, 0xF8, 0x43, 0x69, 0xD9, 0x4F, 0x7A, 0xA0,
    0xC8, 0x48, 0x9C, 0x81, 0xFF, 0xC7, 0x5E, 0xD3, 0x09, 0xD3, 0x6D, 0xA4, 0x05, 0x16, 0xCC, 0x2F,
    0x93, 0x11, 0x98, 0xC8, 0x0C, 0xF4, 0x10, 0x19, 0xE8, 0x93, 0x96, 0xB1, 0x91, 0x9E, 0x4D, 0xBE,
    0xA2, 0xC1, 0x13, 0x11, 0x60, 0x70, 0x25, 0xBB, 0xF6, 0x51, 0x52, 0x72, 0x07, 0x8A, 0x77, 0x97,
    0x9A, 0x6B, 0x47, 0x29, 0xDE, 0x2D, 0xE1, 0x8A, 0x8C, 0x31, 0xF4, 0xC1, 0x87, 0x31, 0xEB, 0x72,
    0xA7, 0xB0, 0xF3, 0x88, 0x73, 0x45, 0xA3, 0x4F, 0xBD, 0x14, 0x22, 0xB8, 0xE0, 0x3D, 0x1C, 0x12,
    0x68, 0xF1, 0xAC, 0xBC, 0x8D, 0x70, 0x81, 0x97, 0x07, 0x5C, 0x48, 0x28, 0x08, 0x71, 0x19, 0xC7,
    0x05, 0xBE, 0xBE, 0xC5, 0x97, 0xEC, 0x1C, 0xC7, 0x2F, 0xEC, 0x0A, 0x1E, 0xE9, 0xF4, 0xC4, 0x0B,
    0x0E, 0x6D, 0x91, 0x59, 0x2F, 0xE7, 0xB8, 0x82, 0x63, 0x59, 0x42, 0x8E, 0xD9, 0x91, 0x0C, 0x83,
    0x08, 0xB2, 0x9B, 0x28, 0x3B, 0xCA, 0x0D, 0x78, 0x24, 0x2F, 0x22, 0xCB, 0xF2, 0x46, 0xEB, 0x7C,
    0xF0, 0xBA, 0x9E, 0xD4, 0xD3, 0x51, 0x03, 0x2E, 0xE9, 0x24, 0xB9, 0xE1, 0xB2, 0xAE, 0xF5, 0xC5,
    0x53, 0xA4, 0x2B, 0xC0, 0x85, 0xA6, 0x03, 0x96, 0x75, 0xB9, 0x76, 0x75, 0x84, 0xDF, 0x17, 0x76,
    0x40, 0xDE, 0x36, 0xB3, 0xFA, 0x4A, 0x4A, 0x38, 0x5E, 0x25, 0x50, 0x68, 0x1C, 0x30, 0x55, 0x7F,
    0x13, 0x6E, 0xDF, 0xE4, 0x77, 0x96, 0xCA, 0x60, 0x69, 0xF6, 0x19, 0xCC, 0x92, 0x96, 0xF9, 0xC5,
    0xC8, 0x1D, 0xC7, 0xC9, 0x6D, 0x03, 0xF1, 0xD1, 0xD1, 0xB2, 0x2E, 0xDC, 0x97, 0x75, 0xBE, 0x5D,
    0x5E, 0xEA, 0x00, 0x37, 0x33, 0xC4, 0x76, 0x4E, 0x6C, 0x3C, 0x5A, 0x0A, 0xC1, 0x1A, 0x65, 0x6D,
    0xFE, 0x0E, 0xA1, 0xA9, 0x10, 0x85, 0x22, 0x06, 0x2D, 0x5F, 0x16, 0x9F, 0x9C, 0x7A, 0x50, 0x44,
    0x79, 0x0C, 0xF1, 0x6E, 0xF9, 0x92, 0xC8, 0xEF, 0x89, 0x47, 0xE9, 0x33, 0xBF, 0xDE, 0xF7, 0x4A,
    0x69, 0xFF, 0x2D, 0x8C, 0x7A, 0xA8, 0x68, 0x1F, 0xFE, 0x98, 0xF6, 0xE2, 0x1F, 0x73, 0x10, 0x2A,
    0xBF, 0xFF, 0x91, 0x9B, 0x3F, 0xCF, 0x47, 0xCC, 0x9B, 0xF4, 0x01, 0x33, 0x0A, 0x63, 0xF4, 0x6D,
    0x9C, 0xF6, 0x08, 0x37, 0x87, 0xC4, 0x25, 0xA3, 0x33, 0xF6, 0x5D, 0xF2, 0x90, 0x0B, 0xAF, 0x03,
    0xF7, 0xCC, 0x1E, 0x8B, 0x1A, 0xCD, 0xEB, 0xD5, 0x33, 0x99, 0x68, 0xC9, 0xF4, 0x77, 0x62, 0xC9,
    0xA4, 0xCF, 0xB1, 0x64, 0x80, 0x67, 0x2D, 0x99, 0x4E, 0xC7, 0x39, 0x58, 0x72, 0x6E, 0x79, 0xB9,
    0x25, 0xA6, 0x96, 0x0C, 0x2D, 0xB5, 0x32, 0x7D, 0x29, 0xCB, 0x0E, 0xF9, 0xBB, 0x6B, 0x91, 0xD1,
    0x18, 0x4B, 0x49, 0xB3, 0x67, 0x38, 0x42, 0x9C, 0x63, 0xE4, 0x50, 0xD1, 0xC8, 0x18, 0x59, 0x5F,
    0xCB, 0xE0, 0x7D, 0x9E, 0x0A, 0x81, 0x43, 0x42, 0x44, 0x7D, 0xCA, 0xCB, 0x8D, 0x56, 0x47, 0x54,
    0xCB, 0x31, 0x56, 0xD8, 0x66, 0x58, 0x9D, 0x4E, 0x0A, 0xE5, 0x3B, 0xA5, 0x02, 0x72, 0x74, 0x58,
    0x5F, 0x1F, 0x84, 0x22, 0xDC, 0xD2, 0x60, 0x1D, 0x7E, 0x53, 0xD2, 0x63, 0x43, 0xE0, 0xE4, 0xE1,
    0x16, 0xB1, 0x08, 0xFC, 0x35, 0x4F, 0x11, 0xF2, 0xAD, 0xFF, 0x65, 0xFA, 0x58, 0x16, 0xBA, 0x75,
    0x82, 0xB3, 0xF2, 0x4B, 0x50, 0xAC, 0x7A, 0x52, 0xB6, 0xE0, 0xFC, 0x7D, 0xB3, 0x9F, 0x37, 0x4E,
    0x11, 0x7B, 0x11, 0x43, 0x3C, 0x38, 0x7B, 0xEC, 0x47, 0xB2, 0xB1, 0x01, 0x8B, 0x0C, 0x4C, 0x05,
    0xBB, 0x0B, 0xF5, 0x2D, 0x75, 0x79, 0x8B, 0x1D, 0x72, 0x6D, 0xBC, 0xAE, 0xEA, 0xB1, 0x7C, 0xD7,
    0xB1, 0xB5, 0x2E, 0x74, 0xF8, 0xD9, 0x3E, 0x7D, 0xDA, 0x28, 0xE1, 0x5E, 0x8C, 0x94, 0x7E, 0xAC,
    0x3F, 0x5A, 0xFC, 0x96, 0xE8, 0x2D, 0x5D, 0xFC, 0xDC, 0x61, 0xB3, 0x30, 0x72, 0x00, 0x46, 0x03,
    0x6E, 0x0F, 0x45, 0x1E, 0x5E, 0x63, 0x0C, 0x79, 0xAD, 0xB7, 0xD5, 0xDB, 0x0A, 0xC5, 0x6A, 0xE4,
    0xE9, 0x3F, 0x07, 0x88, 0xCC, 0xCD, 0x6C, 0x04, 0x95, 0x1E, 0xC6, 0x66, 0x23, 0xCB, 0xD9, 0x2B,
    0xE2, 0x15, 0x9E, 0x5C, 0xC1, 0x9D, 0xE3, 0xBA, 0xA3, 0x4F, 0x53, 0x91, 0x61, 0x99, 0xD8, 0x38,
    0xDB, 0x66, 0x8A, 0xE6, 0x1F, 0x44, 0xEB, 0xCD, 0x8D, 0xFC, 0x8F, 0x36, 0xC2, 0x50, 0xC1, 0x60,
    0xD6, 0xD5, 0xD6, 0xEC, 0x5E, 0x81, 0x46, 0x30, 0x76, 0x0D, 0x1B, 0xAE, 0x1B, 0x8E, 0x7C, 0x1E,
    0xA1, 0x6B, 0xA9, 0xE6, 0x25, 0xB6, 0xDF, 0x0B, 0x1C, 0xF5, 0x03, 0xF8, 0x70, 0x6D, 0x6C, 0xF4,
    0x10, 0x18, 0xF4, 0xD5, 0x16, 0xBE, 0x5E, 0x8C, 0x97, 0x35, 0x26, 0x09, 0x6E, 0xF4, 0x8E, 0x41,
    0x03, 0xE5, 0x9D, 0xB8, 0xCD, 0x3B, 0x87, 0xFC, 0xDF, 0x46, 0x1C, 0x66, 0x53, 0x71, 0xDF, 0xE3,
    0x55, 0xE7, 0x34, 0x9C, 0x6D, 0xC4, 0xBF, 0xED, 0xAC, 0x27, 0x7F, 0xCE, 0x6D, 0x5D, 0x6E, 0x61,
    0xA3, 0xBD, 0xA0, 0x25, 0xBE, 0x01, 0x06, 0x84, 0x34, 0x76, 0x7F, 0x64, 0xA1, 0xAA, 0x7B, 0x71,
    0x1D, 0x54, 0x58, 0x27, 0xEA, 0xF9, 0x52, 0xAD, 0x2A, 0x68, 0xB6, 0x15, 0x08, 0x95, 0xAD, 0xD5,
    0x75, 0x7B, 0xF0, 0x48, 0x32, 0xAD, 0x23, 0x5C, 0x1D, 0x38, 0x9E, 0x8E, 0xD1, 0xDC, 0x4E, 0x1B,
    0xAF, 0x81, 0xAF, 0xD0, 0xB5, 0xE0, 0xB9, 0x3A, 0x30, 0x05, 0x7E, 0xDB, 0x0C, 0x2B, 0x2D, 0x78,
    0x6B, 0x53, 0x2E, 0xBA, 0x46, 0x9C, 0x62, 0x4E, 0x9E, 0x6D, 0x97, 0xC5, 0x95, 0xA4, 0xBF, 0x14,
    0xB8, 0x70, 0xA3, 0x8D, 0x3E, 0xDE, 0xAE, 0xCE, 0xCE, 0xF2, 0xFF, 0x95, 0x8C, 0x19, 0xC2, 0x1C,
    0xA7, 0xA2, 0x94, 0x29, 0xD7, 0x8A, 0xC9, 0x5C, 0xE8, 0x55, 0x82, 0xFE, 0x22, 0x68, 0x66, 0x8B,
    0xF6, 0x98, 0x97, 0xA0, 0x58, 0x7E, 0xA1, 0xB4, 0xD2, 0x90, 0xD6, 0x95, 0xC1, 0xDE, 0x93, 0xCE,
    0x96, 0xBE, 0xAD, 0x97, 0x1A, 0xCD, 0x64, 0xB0, 0xB8, 0x22, 0xB4, 0x02, 0x5A, 0x80, 0x23, 0x62,
    0x64, 0x34, 0x16, 0xF4, 0x56, 0x93, 0x5A, 0x8D, 0xAA, 0x63, 0x42, 0xFE, 0x44, 0x64, 0xCC, 0x6D,
    0xB2, 0x98, 0xF8, 0x3C, 0x61, 0x3F, 0x3C, 0x5F, 0x2D, 0xD5, 0x6C, 0xB2, 0x8D, 0xB2, 0x1C, 0x35,
    0x59, 0xE0, 0xD8, 0x57, 0x81, 0x88, 0x15, 0xE6, 0x13, 0x66, 0xFF, 0xDF, 0x23, 0x1B, 0x88, 0x59,
    0xEC, 0xF6, 0x0A, 0x00, 0x4B, 0x5F, 0x7B, 0xEE, 0xF9, 0x77, 0x7B, 0xFF, 0xD7, 0xAC, 0x49, 0x67,
    0x2F, 0x62, 0xD3, 0x18, 0x3B, 0x0A, 0x99, 0x68, 0x7E, 0xB3, 0x45, 0x0D, 0xA4, 0x23, 0x0F, 0x8B,
    0x0D, 0x0C, 0xB6, 0xD7, 0x67, 0x69, 0x75, 0xBF, 0x50, 0x95, 0xB7, 0xE2, 0x0E, 0xBB, 0x21, 0x7E,
    0x63, 0x22, 0xD2, 0x2A, 0xA6, 0x40, 0x7B, 0x4E, 0xB0, 0x90, 0x98, 0x50, 0x0D, 0xDD, 0x89, 0x0C,
    0x81, 0x1D, 0x3A, 0x14, 0xB7, 0xB8, 0x36, 0xE4, 0x86, 0x7B, 0x43, 0xAB, 0x49, 0xE8, 0xB5, 0x59,
    0x4C, 0x9E, 0xDA, 0xF8, 0x2A, 0x5E, 0x28, 0x6E, 0xB4, 0xE1, 0x08, 0x9C, 0x92, 0xC1, 0xF4, 0xCF,
    0x22, 0x13, 0x64, 0x49, 0x6D, 0x1F, 0x7C, 0xCD, 0xB9, 0xE7, 0x5D, 0xD4, 0x86, 0x15, 0xA7, 0x28,
    0x01, 0x32, 0xB8, 0x89, 0xDB, 0x5B, 0x48, 0x88, 0x0A, 0x3D, 0x02, 0x43, 0xDF, 0x2A, 0x94, 0xDE,
    0xB0, 0x69, 0xF9, 0x6C, 0x08, 0x1B, 0x0D, 0xDF, 0x71, 0x15, 0xB0, 0x1A, 0x66, 0x33, 0x5F, 0x1F,
    0x01, 0x3C, 0xC3, 0xFB, 0x1E, 0x17, 0x15, 0xB9, 0xAC, 0x47, 0x27, 0x92, 0x38, 0x7D, 0xEC, 0x67,
    0x6D, 0xCB, 0xF8, 0x04, 0x1E, 0x7E, 0xAC, 0x06, 0xC9, 0x64, 0xFB, 0x22, 0x03, 0x74, 0x2B, 0x31,
    0x6B, 0x39, 0xB1, 0x89, 0x3D, 0x2C, 0x21, 0x39, 0x74, 0x6C, 0xD6, 0x82, 0xDB, 0xA3, 0x3E, 0x1D,
    0x53, 0x96, 0xAE, 0x10, 0x7E, 0x62, 0x3D, 0x3E, 0x7E, 0x11, 0x6B, 0x83, 0xD4, 0x3C, 0x27, 0x59,
    0x8B, 0x36, 0xC9, 0x5B, 0xBC, 0x58, 0x58, 0x80, 0x61, 0xD5, 0xA6, 0xF2, 0xD5, 0xE5, 0x8F, 0xCC,
    0x68, 0x12, 0x87, 0x9A, 0xA0, 0x6B, 0x25, 0x74, 0x57, 0x4C, 0xCE, 0x5F, 0xA2, 0xB4, 0xC8, 0x00,
    0x2A, 0x84, 0x52, 0xBF, 0xC2, 0xCD, 0x4F, 0x7A, 0x98, 0x06, 0xBF, 0x2F, 0x2B, 0xE3, 0x40, 0x1B,
    0xAD, 0xD4, 0x15, 0xE4, 0x08, 0xA1, 0xA2, 0x92, 0x29, 0xBF, 0x78, 0xE5, 0xDC, 0x50, 0xCD, 0x88,
    0x91, 0x87, 0x1F, 0x31, 0x76, 0x20, 0x41, 0x2E, 0xE1, 0x87, 0xCD, 0xCB, 0xFF, 0x2C, 0x98, 0x71,
    0x46, 0xD0, 0x2A, 0x9A, 0xE0, 0xB6, 0xA4, 0x3D, 0x4A, 0xFA, 0xCA, 0x37, 0x96, 0x74, 0x41, 0xFD,
    0xBF, 0x64, 0x21, 0x63, 0x13, 0xCF, 0x4D, 0x70, 0xB0, 0xA7, 0xE9, 0x77, 0xCB, 0x03, 0x85, 0xCC,
    0x3C, 0x38, 0xF1, 0x3D, 0xD1, 0x4E, 0xC9, 0x78, 0x44, 0x2C, 0xDA, 0xF8, 0x3F, 0x47, 0xF8, 0x73,
    0xEB, 0x2D, 0xBA, 0xD8, 0x59, 0x15, 0x60, 0xEA, 0xAD, 0x41, 0xD1, 0x35, 0x63, 0xB8, 0x06, 0x55,
    0x9D, 0xAD, 0xD1, 0x12, 0x54, 0x3A, 0x67, 0xCC, 0xDA, 0xA9, 0x75, 0xE4, 0x11, 0xD3, 0x7D, 0xDD,
    0x11, 0x5B, 0xCB, 0xE0, 0xFF, 0x01, 0xCC, 0x95, 0x31, 0x8C, 0xDD, 0x4A, 0x15, 0x86, 0x3F, 0xDB,
    0x24, 0x46, 0x31, 0xD2, 0x50, 0xF0, 0x9A, 0x44, 0xC2, 0xD4, 0x69, 0xDC, 0x4B, 0xC0, 0xB8, 0xAF,
    0x52, 0x64, 0x85, 0x04, 0x05, 0x35, 0xA1, 0xD8, 0xBE, 0xB2, 0x45, 0x5F, 0x6C, 0x43, 0xFF, 0x8A,
    0x2D, 0x56, 0x97, 0x22, 0x7D, 0xC1, 0x9B, 0xA1, 0xA2, 0xC4, 0x42, 0x82, 0xDA, 0x45, 0x68, 0x42,
    0x63, 0x84, 0x0B, 0x07, 0x8D, 0xFD, 0x73, 0x67, 0x46, 0x9B, 0xDC, 0x85, 0x15, 0x8F, 0xBC, 0x02,
    0x71, 0x74, 0x7C, 0xBE, 0xA3, 0xF1, 0xCC, 0x39, 0x63, 0xF9, 0x1F, 0x0D, 0xD0, 0x6C, 0x58, 0x31,
    0xA8, 0x77, 0x1A, 0xCF, 0x7E, 0x4E, 0xAC, 0xE2, 0xE0, 0x47, 0x2B, 0x5E, 0x51, 0xAF, 0xD1, 0x9B,
    0x2D, 0x79, 0xC0, 0x5C, 0x78, 0xBB, 0x27, 0x3F, 0xE8, 0xCE, 0x2E, 0xEC, 0x03, 0xEF, 0x87, 0xE8,
    0xA3, 0x53, 0x76, 0x0F, 0xDC, 0x91, 0x6C, 0x7F, 0x04, 0xD7, 0xFA, 0x00, 0xD4, 0x92, 0x66, 0xB0,
    0x92, 0x02, 0x48, 0x87, 0x0E, 0x4A, 0x6D, 0xBB, 0x15, 0xB5, 0x96, 0xBD, 0x13, 0x46, 0xF3, 0xDE,
    0x46, 0xF8, 0xDD, 0x1C, 0x74, 0x11, 0x5B, 0xC2, 0x93, 0x1E, 0xAB, 0x71, 0x87, 0xCF, 0x82, 0x8F,
    0xE8, 0x2E, 0x91, 0x3A, 0xF0, 0xED, 0x33, 0x96, 0x9D, 0xEF, 0x53, 0x6B, 0xDB, 0xF9, 0x8A, 0x52,
    0xDA, 0xEB, 0x03, 0x94, 0x77, 0xD6, 0x49, 0x5A, 0xF2, 0x76, 0x47, 0xE0, 0x85, 0x6E, 0x2F, 0x3E,
    0xE5, 0x71, 0x64, 0xEB, 0x74, 0xF4, 0x50, 0xE5, 0xE5, 0x6D, 0x2E, 0x66, 0x85, 0x04, 0x0A, 0xD8,
    0x88, 0x95, 0x4E, 0x14, 0x5A, 0x68, 0x45, 0x79, 0x86, 0x39, 0x32, 0xB6, 0x84, 0x67, 0x7D, 0x02,
    0x50, 0x64, 0xA0, 0x35, 0x63, 0x4B, 0x70, 0x01, 0xE0, 0xCA, 0x1D, 0x57, 0x57, 0xA0, 0x68, 0xFD,
    0x3D, 0x4E, 0x6F, 0xF5, 0xFE, 0xD4, 0x83, 0x91, 0x07, 0xA8, 0x33, 0xAA, 0xFF, 0x88, 0x31, 0xCF,
    0x04, 0xC0, 0xEC, 0x09, 0xED, 0x0A, 0x7C, 0x17, 0xFB, 0xE7, 0x1B, 0x98, 0x0B, 0x49, 0x63, 0x3D,
    0x37, 0x8A, 0x36, 0xDB, 0x4B, 0x78, 0xFB, 0xE1, 0xA7, 0xB1, 0xEF, 0x8F, 0xE1, 0x85, 0x76, 0x7E,
    0x00, 0x7C, 0xF1, 0x8A, 0x6C, 0x26, 0x3E, 0xBD, 0xFD, 0x9D, 0x7B, 0x67, 0xA7, 0x34, 0x7B, 0x32,
    0x31, 0xF6, 0x95, 0xFE, 0xE2, 0x76, 0xAA, 0x83, 0x3A, 0x50, 0x6F, 0x14, 0x3B, 0xCD, 0x02, 0xC2,
    0xCC, 0x30, 0x60, 0x26, 0xB0, 0x7D, 0x8E, 0x79, 0xC4, 0x2C, 0xE0, 0xA2, 0x3C, 0x39, 0xA8, 0x76,
    0xAA, 0x10, 0xB7, 0xDC, 0x05, 0x52, 0x35, 0x6C, 0xDE, 0xC6, 0x1F, 0xB5, 0xD9, 0xC9, 0xF4, 0x4F,
    0x30, 0x7D, 0x01, 0x14, 0xBC, 0x39, 0x9D, 0x6E, 0x9F, 0x9D, 0x4E, 0x4E, 0x5A, 0x8D, 0x94, 0xA1,
    0x46, 0x02, 0xB7, 0x54, 0xDA, 0xC1, 0xFA, 0x22, 0x61, 0x44, 0x07, 0x0C, 0xE0, 0x04, 0x8E, 0x28,
    0x6A, 0xF6, 0x24, 0x94, 0x22, 0x80, 0x91, 0xAF, 0x56, 0x68, 0x34, 0xD7, 0x0B, 0x54, 0x5A, 0xCC,
    0x14, 0xB1, 0x1A, 0x0F, 0x85, 0x42, 0x37, 0x02, 0x0A, 0x16, 0x60, 0x38, 0xBE, 0x8A, 0xB0, 0x0A,
    0x11, 0x6D, 0x44, 0xA1, 0x68, 0xFE, 0x21, 0x88, 0x32, 0x87, 0x4B, 0x7C, 0xCE, 0x4C, 0x68, 0xB4,
    0x7E, 0xEC, 0xC0, 0x33, 0x49, 0xEF, 0xC0, 0x64, 0x99, 0x65, 0xB8, 0x47, 0x8C, 0x7B, 0x7B, 0xFC,
    0x6D, 0x99, 0x8E, 0x66, 0x27, 0xCD, 0x14, 0xA9, 0x46, 0xA5, 0xBE, 0x3B, 0x30, 0x01, 0x23, 0xDA,
    0x8D, 0x5A, 0x74, 0x2B, 0x55, 0x8A, 0xE5, 0x91, 0xE2, 0x46, 0x97, 0xBF, 0x74, 0x07, 0x30, 0x1A,
    0x81, 0x46, 0x1B, 0x50, 0x49, 0x23, 0xD4, 0xD2, 0x96, 0xF5, 0xDF, 0x63, 0x7F, 0x2F, 0x2D, 0x0C,
    0xE3, 0xA0, 0x1D, 0xE7, 0x6B, 0xA9, 0x77, 0x9E, 0x41, 0xDE, 0xCD, 0x34, 0x9A, 0x87, 0x2D, 0x0A,
    0xDD, 0x0A, 0x86, 0xA5, 0xD3, 0x8C, 0x5D, 0x8D, 0x0E, 0xBA, 0xA5, 0x92, 0xE6, 0x6E, 0xC1, 0xE9,
    0xB0, 0x33, 0x46, 0x92, 0x4F, 0x9B, 0x03, 0x5A, 0xED, 0x40, 0x91, 0x72, 0x3A, 0xF5, 0x40, 0xAD,
    0xB1, 0xB8, 0x01, 0x79, 0x33, 0x83, 0xF3, 0x5D, 0xD4, 0x8E, 0xB7, 0x0B, 0x0C, 0xA3, 0x5D, 0xC1,
    0xF5, 0x5D, 0x00, 0xD1, 0x1E, 0x71, 0xFF, 0x46, 0x53, 0x1B, 0xEE, 0x8F, 0xE8, 0x20, 0xF5, 0x50,
    0x9C, 0x6E, 0xE0, 0x79, 0xCF, 0x1D, 0xC3, 0x52, 0x09, 0xAD, 0x8D, 0xC6, 0x4F, 0xC1, 0x2D, 0xB5,
    0xFA, 0x76, 0x2C, 0x7E, 0xCB, 0x03, 0xEB, 0xA4, 0x1B, 0x48, 0xDD, 0xA5, 0x03, 0x80, 0x21, 0x49,
    0x1D, 0x28, 0xF5, 0x8E, 0xC2, 0x05, 0xC0, 0x1C, 0xF7, 0x07, 0xCC, 0x2E, 0x00, 0xCE, 0x83, 0x1B,
    0x79, 0xF2, 0x8A, 0x76, 0xA1, 0x38, 0x28, 0xA5, 0xB1, 0xDE, 0xA8, 0x02, 0x9D, 0xB4, 0x96, 0x21,
    0x8A, 0x5D, 0xEF, 0xDA, 0xC0, 0x81, 0x99, 0x2B, 0x51, 0x85, 0x74, 0x30, 0xEA, 0x40, 0x19, 0xB0,
    0x7D, 0xE7, 0xCD, 0x4A, 0x31, 0xD3, 0x79, 0x3B, 0xB6, 0x0B, 0x40, 0xEB, 0xCF, 0xA3, 0x29, 0x33,
    0xE7, 0xCC, 0xCE, 0x29, 0x9B, 0x2C, 0x9F, 0x9D, 0xDD, 0x57, 0x99, 0x3E, 0x55, 0x4E, 0xDD, 0x80,
    0xCE, 0xB7, 0xBE, 0x09, 0xF0, 0x1D, 0xEC, 0x98, 0x76, 0xC5, 0x0F, 0x19, 0x68, 0x96, 0x42, 0x53,
    0x19, 0x10, 0xD5, 0xC6, 0x20, 0xAD, 0xC5, 0x9E, 0x4E, 0x74, 0xFE, 0x22, 0xD4, 0xF3, 0xE6, 0x16,
    0xB3, 0x90, 0x5B, 0x30, 0x4C, 0x60, 0x76, 0xA0, 0x54, 0x0F, 0x95, 0x26, 0xB8, 0xDE, 0x01, 0x9C,
    0x4E, 0x6F, 0x35, 0x67, 0x75, 0x27, 0xC5, 0x00, 0x0C, 0xCA, 0x43, 0xC0, 0xD5, 0xAB, 0x84, 0x6B,
    0xDD, 0x50, 0x49, 0x3B, 0xE6, 0xF8, 0x99, 0x30, 0xA1, 0xD2, 0x98, 0x02, 0xAF, 0xAB, 0x7C, 0x5C,
    0x3C, 0x4E, 0xF2, 0x8D, 0xFE, 0x2A, 0x6F, 0xF7, 0x4A, 0x7E, 0x58, 0xCF, 0xC1, 0x2D, 0x31, 0xC4,
    0x6C, 0xD8, 0x8C, 0xBC, 0xD5, 0xAE, 0xAD, 0xD5, 0xEA, 0x42, 0xA9, 0xF1, 0xE5, 0x1D, 0xDC, 0xF1,
    0x6C, 0xA4, 0x0A, 0x58, 0x8F, 0x59, 0x51, 0x4F, 0xB7, 0x94, 0x02, 0x37, 0x35, 0x3B, 0x85, 0x7C,
    0x1B, 0xA8, 0xD5, 0x0F, 0x2B, 0xAD, 0xD0, 0x42, 0xAC, 0x3B, 0xE1, 0x42, 0x23, 0x9F, 0x55, 0x92,
    0xF3, 0x3C, 0x9E, 0xE7, 0xE4, 0xF9, 0x79, 0x6D, 0xAE, 0x43, 0xAE, 0x99, 0xEB, 0xE7, 0x5E, 0xB9,
    0xAF, 0xA2, 0x2D, 0x97, 0xF1, 0x74, 0xB6, 0xB7, 0xF9, 0x37, 0x7C, 0xA3, 0x08, 0x5F, 0x5C, 0x5D,
    0xF5, 0x92, 0xA6, 0x7F, 0x7D, 0xBE, 0x5E, 0xBA, 0xEF, 0x5D, 0x96, 0xAE, 0x66, 0x18, 0x92, 0x74,
    0xF7, 0x2C, 0xDD, 0x8F, 0x3F, 0x30, 0x4B, 0x17, 0xB2, 0x74, 0x5B, 0xE9, 0x96, 0x28, 0xDD, 0xAD,
    0x95, 0x34, 0x16, 0x81, 0x7A, 0x79, 0x72, 0xAE, 0xB2, 0x24, 0xE9, 0xE2, 0xC6, 0x26, 0x49, 0xD7,
    0x9F, 0xB3, 0x2A, 0x49, 0x77, 0x8C, 0xD9, 0x9E, 0x04, 0x9B, 0x33, 0xE3, 0x2D, 0x0F, 0xB3, 0x80,
    0x99, 0x52, 0x66, 0x56, 0x9A, 0x94, 0xBD, 0x77, 0x13, 0x39, 0xD3, 0xC1, 0x7D, 0x16, 0xEE, 0xB3,
    0x5F, 0x89, 0xFB, 0x15, 0xEA, 0x63, 0x16, 0x2B, 0x0F, 0x1E, 0xE3, 0x53, 0x37, 0x3B, 0xD3, 0xFA,
    0xD6, 0xA7, 0x7A, 0x51, 0xBA, 0x53, 0xDE, 0x95, 0xA5, 0x59, 0x90, 0xAF, 0x84, 0x4B, 0xBB, 0x3F,
    0x0A, 0xFD, 0x2D, 0x4A, 0xF7, 0x9C, 0xE1, 0xFE, 0x9E, 0xA5, 0x0B, 0x59, 0xBA, 0x13, 0xE4, 0x68,
    0xB6, 0x4F, 0xD2, 0xBD, 0x81, 0x2E, 0x4B, 0x57, 0xBF, 0xFE, 0xE5, 0xD7, 0x4B, 0xD7, 0x2A, 0x1A,
    0xC3, 0x03, 0x40, 0x7C, 0xD7, 0x69, 0xA4, 0x90, 0x56, 0xEA, 0x8F, 0xCA, 0x6E, 0x17, 0xD4, 0xDB,
    0x89, 0xC1, 0x5B, 0x8F, 0xBD, 0x0C, 0x71, 0xAC, 0x5B, 0xD0, 0x68, 0xF6, 0x9F, 0x28, 0xAF, 0x28,
    0xA5, 0x15, 0x06, 0x8D, 0x50, 0xBC, 0xCE, 0x47, 0xF5, 0xF3, 0xE3, 0xE9, 0xE4, 0xDE, 0x9F, 0xBE,
    0xFC, 0x77, 0x35, 0x7E, 0xA3, 0x6A, 0x8F, 0xD8, 0x9B, 0x28, 0xEB, 0x47, 0xEB, 0x03, 0x85, 0xD3,
    0x48, 0x23, 0x6D, 0xB4, 0xA1, 0xDD, 0xE9, 0xD6, 0x46, 0x74, 0x4B, 0x2D, 0xDA, 0x18, 0xCA, 0xB9,
    0x16, 0xD0, 0x1C, 0x80, 0x09, 0x40, 0xBB, 0xE6, 0xFF, 0x01, 0xAE, 0x87, 0x72, 0x07, 0x9A, 0x05,
    0xB0, 0x1E, 0x38, 0xA8, 0x7C, 0xBD, 0x52, 0xFB, 0xEE, 0x4F, 0x57, 0x3F, 0xF7, 0x56, 0xD2, 0x45,
    0x78, 0x79, 0xDE, 0xC4, 0x48, 0xB2, 0xD8, 0xB2, 0x96, 0x56, 0x4C, 0x6A, 0xB9, 0x7C, 0x6C, 0x99,
    0xBA, 0xBD, 0x8A, 0x21, 0xAB, 0xBF, 0xDB, 0xE0, 0xA5, 0x26, 0xB0, 0xEA, 0x63, 0xB6, 0x01, 0x8D,
    0x80, 0x4A, 0x23, 0x14, 0xF2, 0xDF, 0x8A, 0xE1, 0x47, 0x31, 0x0C, 0x71, 0x6C, 0x18, 0x1B, 0x61,
    0xFF, 0xE1, 0x02, 0x26, 0x5D, 0xA7, 0xEE, 0x43, 0x3A, 0x92, 0xE0, 0xD4, 0xA3, 0x83, 0x2A, 0xFD,
    0xE9, 0x09, 0x23, 0xB0, 0x1B, 0xB8, 0x09, 0x4E, 0xC0, 0xA0, 0xF4, 0x0C, 0xEA, 0xFF, 0xE7, 0x70,
    0x17, 0x18, 0x51, 0x84, 0x2F, 0x24, 0x9C, 0x7C, 0x25, 0xF5, 0x4E, 0x4B, 0x23, 0x8D, 0x4E, 0xD2,
    0xB5, 0xA6, 0x33, 0x0E, 0xA3, 0xC3, 0x59, 0x85, 0x4A, 0x72, 0x8D, 0x66, 0xAE, 0x25, 0xAE, 0x00,
    0x04, 0x09, 0x7D, 0xC6, 0x98, 0xE1, 0x33, 0xA6, 0x8C, 0x35, 0x23, 0xBF, 0x74, 0x79, 0xD4, 0x2A,
    0x4B, 0x27, 0x2F, 0xAC, 0x3F, 0xF0, 0xE9, 0x2A, 0xDD, 0x6B, 0x25, 0xB4, 0x09, 0x9B, 0x95, 0x42,
    0x75, 0x30, 0x44, 0x04, 0x5C, 0xC4, 0x86, 0xFE, 0x6B, 0xB8, 0x8C, 0x21, 0xC3, 0x66, 0xB4, 0x19,
    0x4D, 0x46, 0x99, 0xC1, 0xF3, 0xDF, 0x24, 0x50, 0xFD, 0x1F, 0xA1, 0x8E, 0x1F, 0x0D, 0x6D, 0xA8,
    0xD4, 0xD3, 0xE8, 0x8C, 0xFD, 0x1E, 0x4F, 0x4F, 0xB7, 0xE5, 0xE9, 0xEE, 0xE9, 0x2D, 0xF6, 0x60,
    0x50, 0x14, 0x5B, 0xF6, 0x41, 0xB4, 0x01, 0x80, 0xD7, 0x10, 0xA2, 0x17, 0x9A, 0x4B, 0x05, 0xDA,
    0x28, 0xC5, 0xE8, 0xB5, 0x5E, 0xB7, 0x87, 0x53, 0x70, 0x5A, 0xAE, 0x8F, 0x9E, 0x3A, 0x40, 0x17,
    0x67, 0x05, 0x5A, 0x05, 0xDC, 0x1F, 0x02, 0x83, 0x09, 0x7C, 0xEF, 0xFC, 0xF0, 0x99, 0xCF, 0x73,
    0xA7, 0x3B, 0x2B, 0xED, 0xE7, 0x63, 0x77, 0xC7, 0x0B, 0x7D, 0x09, 0xD2, 0x41, 0x1D, 0x6F, 0x67,
    0x23, 0xB4, 0x74, 0x81, 0x61, 0xB5, 0x01, 0xBB, 0xD9, 0x0D, 0x1B, 0xCE, 0xA1, 0x7B, 0x18, 0x6C,
    0x48, 0x6F, 0xD3, 0x3C, 0x73, 0xA0, 0xA5, 0x8A, 0x6B, 0x91, 0x04, 0x2F, 0x34, 0xF3, 0x0B, 0x9E,
    0xDE, 0xC0, 0x30, 0x56, 0x1B, 0x74, 0x73, 0x79, 0xDC, 0x5F, 0xB0, 0xCD, 0x8E, 0x9B, 0xA8, 0x84,
    0x5D, 0x29, 0xE5, 0xBB, 0x00, 0x5A, 0x8C, 0xB8, 0xBC, 0xAA, 0x53, 0xFC, 0x67, 0x3B, 0x57, 0x0C,
    0xA3, 0xB9, 0x71, 0x9D, 0x1F, 0xC9, 0xE8, 0x08, 0x98, 0x48, 0x58, 0xD9, 0x85, 0x54, 0x30, 0xF5,
    0xA6, 0x60, 0x0F, 0x04, 0x26, 0x1D, 0x15, 0x29, 0x52, 0x58, 0x85, 0x17, 0x2E, 0xDC, 0x17, 0xF6,
    0x15, 0x97, 0xBE, 0x10, 0xE9, 0xB8, 0x47, 0xB6, 0x88, 0xAB, 0x14, 0xBE, 0xE2, 0x8A, 0xD3, 0xAA,
    0xD8, 0xF4, 0x88, 0x33, 0x0C, 0x54, 0xBA, 0x08, 0x81, 0xC0, 0x48, 0x29, 0x16, 0x12, 0x60, 0x20,
    0x85, 0x89, 0x98, 0x08, 0x78, 0x67, 0x92, 0x5F, 0x3C, 0xEF, 0x7B, 0x1C, 0xFC, 0xFF, 0xEE, 0xFE,
    0x87, 0x3D, 0x44, 0x0B, 0x9D, 0x56, 0x4B, 0x60, 0xF9, 0xBE, 0x21, 0xC9, 0x99, 0xE1, 0xF7, 0x66,
    0xE6, 0xCD, 0xBC, 0x79, 0xFF, 0x0E, 0xC4, 0xBC, 0xCE, 0x67, 0xF8, 0x3C, 0xDF, 0x65, 0x3E, 0xCC,
    0x93, 0xF9, 0xB3, 0x2C, 0x96, 0x2B, 0x99, 0x12, 0x7B, 0xA9, 0x2D, 0xD8, 0xC3, 0x98, 0xB3, 0x52,
    0x0F, 0xA9, 0x27, 0x85, 0xD9, 0x24, 0xA2, 0x34, 0x9A, 0x85, 0x6E, 0x72, 0x0F, 0xCB, 0x5E, 0x84,
    0xA4, 0x72, 0xDC, 0x12, 0x85, 0xAE, 0x0E, 0x10, 0x42, 0xC8, 0x6C, 0x09, 0x99, 0x2D, 0x61, 0x36,
    0x19, 0xB4, 0x6C, 0x09, 0xCB, 0xDE, 0xA0, 0x66, 0xEB, 0x3A, 0x42, 0x57, 0x47, 0x30, 0x08, 0x49,
    0x08, 0x7D, 0xB6, 0xB9, 0x87, 0xC5, 0xC2, 0xA9, 0x67, 0x27, 0x67, 0x0E, 0x2F, 0xB3, 0x49, 0x3E,
    0x76, 0x9D, 0x76, 0x8D, 0x7C, 0x94, 0x05, 0x9D, 0x78, 0xED, 0x95, 0x7D, 0x3C, 0x5A, 0x3F, 0xAE,
    0xBA, 0xB4, 0x37, 0xE8, 0xEA, 0xBC, 0x35, 0x08, 0xA9, 0x44, 0xA1, 0xCF, 0xF6, 0x5F, 0x0D, 0x26,
    0x4B, 0x34, 0x19, 0xCC, 0xA6, 0x04, 0x80, 0xE2, 0x7C, 0x4C, 0x15, 0x2A, 0x09, 0x76, 0xD5, 0x48,
    0x50, 0x44, 0x12, 0x08, 0xA1, 0xA7, 0x7E, 0xE7, 0xF6, 0xAF, 0xF0, 0x9A, 0xDC, 0x72, 0xD6, 0x4E,
    0x12, 0x7C, 0x05, 0x45, 0x52, 0x55, 0x80, 0x7A, 0x1F, 0x4A, 0x0F, 0xD3, 0xD9, 0x43, 0x04, 0xD6,
    0x3F, 0x50, 0x58, 0x0C, 0xFE, 0xD5, 0xFF, 0x08, 0xAC, 0x57, 0xB9, 0xE6, 0xE5, 0xC7, 0xA2, 0x3F,
    0xBB, 0xC6, 0x7A, 0xB4, 0xDD, 0x64, 0x9D, 0xD9, 0xDE, 0x60, 0x9D, 0xD9, 0x06, 0xD6, 0x09, 0x99,
    0xAD, 0x41, 0xA8, 0x89, 0xF3, 0x30, 0xDA, 0x32, 0x60, 0x56, 0x98, 0x2C, 0x6A, 0xEE, 0x3C, 0x4C,
    0x67, 0x35, 0x7A, 0xDE, 0xE2, 0xE4, 0xA3, 0xDA, 0x21, 0xDF, 0x77, 0x8A, 0xA1, 0xF0, 0xB0, 0x04,
    0xD6, 0xAA, 0x8B, 0x07, 0x7F, 0xF5, 0xF2, 0xF2, 0x13, 0x9F, 0x6D, 0xC6, 0xCA, 0xC1, 0xB2, 0xB7,
    0xDA, 0x16, 0x13, 0x59, 0xA7, 0x79, 0x24, 0x09, 0xA1, 0x4D, 0x8D, 0xE4, 0xD0, 0x48, 0xC8, 0x46,
    0x53, 0x26, 0xFF, 0x94, 0x04, 0x1A, 0x4F, 0x66, 0xAB, 0x26, 0x94, 0xD9, 0xAA, 0x21, 0x65, 0xB6,
    0x6A, 0x44, 0x99, 0xAD, 0xC1, 0x7C, 0x34, 0xC8, 0x6C, 0x0F, 0x0C, 0x6C, 0x30, 0xB3, 0xEC, 0x22,
    0x34, 0xB6, 0xAC, 0x82, 0x9A, 0x5C, 0xCD, 0x90, 0x86, 0x97, 0x6A, 0xD4, 0xCF, 0xD6, 0x0C, 0x69,
    0x84, 0xB5, 0x2D, 0xD3, 0x14, 0x07, 0x56, 0x57, 0x7E, 0x8E, 0x99, 0x65, 0x28, 0xF2, 0xC6, 0xD9,
    0xBE, 0xAC, 0xE2, 0xE4, 0x9A, 0x57, 0x67, 0x66, 0x4B, 0x73, 0xAD, 0xD9, 0xD2, 0x68, 0x33, 0x5B,
    0x35, 0xDD, 0x55, 0x17, 0x43, 0x44, 0x0D, 0xB8, 0xAB, 0x7D, 0x39, 0x6A, 0xC6, 0xA1, 0xB6, 0xD9,
    0x1B, 0xF3, 0x7F, 0x58, 0xA5, 0xF2, 0xB0, 0xCD, 0xA0, 0xD6, 0x46, 0xD4, 0xB0, 0x67, 0x53, 0xF4,
    0x1A, 0xA2, 0xE6, 0x3D, 0x1F, 0x93, 0x3F, 0x40, 0xD4, 0xC8, 0x97, 0x7D, 0xF6, 0x19, 0xC4, 0x58,
    0x2D, 0x3E, 0x34, 0xE8, 0xEA, 0xEF, 0x27, 0x06, 0x21, 0x8B, 0xC1, 0x78, 0x8D, 0x47, 0x83, 0xC9,
    0x92, 0xF6, 0x06, 0xB3, 0x29, 0x07, 0x00, 0x2A, 0xAB, 0xD8, 0x61, 0xD9, 0xDB, 0x55, 0x92, 0x90,
    0xC0, 0xB2, 0x0D, 0x10, 0xE2, 0x61, 0x2D, 0xC6, 0xED, 0x15, 0x7E, 0x67, 0x6D, 0x20, 0x02, 0x56,
    0x31, 0x6E, 0xFD, 0x00, 0x2C, 0x12, 0x6F, 0x9A, 0x39, 0xBB, 0x9E, 0x9E, 0x2B, 0xF4, 0x3C, 0xF3,
    0x0A, 0xEF, 0xDA, 0x93, 0xA7, 0x0F, 0x52, 0x9C, 0xAC, 0xD7, 0xCF, 0x6C, 0x95, 0x6E, 0x0B, 0x9E,
    0x00, 0x4E, 0x4A, 0xC1, 0xF5, 0xEF, 0xA2, 0xB9, 0x8F, 0x5A, 0xD2, 0x40, 0xA3, 0x7F, 0xE3, 0xDC,
    0xCA, 0x4F, 0xF5, 0xDC, 0x4C, 0xFE, 0x8A, 0x5B, 0x7D, 0x9D, 0xB0, 0xE5, 0xE8, 0x05, 0x5B, 0x06,
    0xEF, 0xB9, 0x89, 0xB1, 0x3D, 0x83, 0x5A, 0x70, 0x0C, 0x92, 0x42, 0xF3, 0xFE, 0xDE, 0x27, 0xFE,
    0xF3, 0xDF, 0x3B, 0xAF, 0xC3, 0xDA, 0xA6, 0x37, 0x94, 0x61, 0x34, 0x14, 0x63, 0x36, 0x24, 0xCD,
    0x6A, 0x40, 0xF5, 0xBC, 0xDF, 0xEE, 0xC2, 0xED, 0x61, 0x47, 0xDF, 0x79, 0x2E, 0xA7, 0x8F, 0xE8,
    0xF2, 0x85, 0xA1, 0x04, 0x4B, 0x40, 0x6B, 0x28, 0x78, 0x0B, 0x65, 0xC0, 0x50, 0x01, 0xD4, 0x44,
    0xE5, 0xEF, 0xF7, 0xE2, 0xAA, 0x5F, 0xED, 0xA8, 0xF9, 0x21, 0x7A, 0x22, 0x17, 0x6A, 0xBD, 0xA5,
    0x86, 0xA2, 0x35, 0xC1, 0x6C, 0xDC, 0xC7, 0x58, 0x88, 0xE6, 0x48, 0x91, 0xAA, 0x18, 0x9B, 0x58,
    0x2F, 0x07, 0xF6, 0x4E, 0xDE, 0xB0, 0xB8, 0xB2, 0x53, 0x4A, 0xB5, 0x01, 0x29, 0xD1, 0xEC, 0xEC,
    0x46, 0x12, 0xD4, 0x1B, 0xAA, 0x68, 0x9F, 0x90, 0xC7, 0x8A, 0x26, 0x5F, 0x84, 0x22, 0x1D, 0x4E,
    0xD7, 0xF3, 0xF3, 0x1F, 0x07, 0x73, 0x16, 0x63, 0x65, 0x61, 0xC2, 0xE2, 0x8A, 0x80, 0xAA, 0x7E,
    0x57, 0x7B, 0x15, 0xF4, 0xEA, 0x42, 0x4B, 0x03, 0xD1, 0x28, 0xB1, 0xA1, 0x59, 0xAE, 0xF0, 0xBA,
    0x95, 0x33, 0x00, 0x17, 0x00, 0xD4, 0xEE, 0x60, 0x40, 0x40, 0xB6, 0x9E, 0x15, 0x3B, 0x00, 0x03,
    0x51, 0x20, 0x3A, 0x09, 0x1A, 0xCE, 0x83, 0x0A, 0x8B, 0xD0, 0x7A, 0xAB, 0x69, 0x47, 0x08, 0xFA,
    0xFD, 0x44, 0xBE, 0x76, 0xAD, 0x3E, 0x6A, 0x95, 0xCB, 0xE2, 0x63, 0x9E, 0x53, 0xAC, 0x37, 0xD8,
    0xAD, 0x5E, 0xEF, 0x4C, 0xBA, 0xBE, 0x21, 0x6B, 0x31, 0xEA, 0x62, 0xE6, 0x0B, 0x0B, 0x07, 0x1E,
    0xF6, 0xD4, 0xCB, 0xAF, 0x5D, 0xAB, 0x8F, 0x5A, 0x0D, 0x47, 0x33, 0xC9, 0xFB, 0x35, 0xB5, 0xB5,
    0x49, 0xD5, 0x92, 0x66, 0xF4, 0x36, 0x17, 0x01, 0x00, 0x92, 0xFB, 0x1A, 0xC6, 0x46, 0xD5, 0x55,
    0x58, 0x88, 0xEA, 0x14, 0x21, 0xB3, 0x9F, 0xD5, 0x5F, 0xB7, 0x56, 0x1F, 0xB5, 0xFA, 0x52, 0x57,
    0x3B, 0x9C, 0x66, 0x54, 0xD6, 0xF3, 0xD0, 0x56, 0xF6, 0xE5, 0xE8, 0x9A, 0x63, 0x74, 0xF8, 0x5C,
    0xF4, 0x6B, 0xC9, 0x82, 0x2E, 0xDF, 0x81, 0x71, 0xF7, 0xB1, 0x87, 0x3E, 0xBB, 0xB8, 0xC1, 0x73,
    0xE0, 0x54, 0xB7, 0x14, 0x88, 0x2A, 0xC9, 0xBB, 0xD3, 0xA8, 0x6C, 0xCB, 0x36, 0xBC, 0x5B, 0x87,
    0xD1, 0xFB, 0x6D, 0xF5, 0xF6, 0x39, 0xF6, 0xD2, 0xFE, 0xF1, 0xA6, 0xDE, 0x70, 0xBB, 0xDE, 0xA6,
    0xB7, 0xD7, 0x9B, 0x7C, 0x25, 0x7A, 0x9B, 0xEF, 0x43, 0x6F, 0xFD, 0x9D, 0xF5, 0x76, 0xC9, 0x83,
    0x33, 0x52, 0xF0, 0x18, 0x6F, 0x26, 0xD2, 0x3F, 0xE2, 0x4F, 0x75, 0x74, 0x4C, 0x64, 0x7F, 0xC0,
    0xA2, 0xD5, 0x52, 0x52, 0xFE, 0x13, 0xC1, 0x6B, 0x20, 0xE5, 0x67, 0x3E, 0x91, 0x32, 0x51, 0x7D,
    0x78, 0x90, 0x70, 0x09, 0x13, 0xE4, 0x5B, 0x13, 0xF1, 0x73, 0x52, 0xAE, 0x09, 0x53, 0xF6, 0x64,
    0x09, 0xD2, 0x7D, 0x90, 0x28, 0x7A, 0x4B, 0x90, 0xEA, 0x83, 0x84, 0xAB, 0x0F, 0x12, 0x20, 0xAB,
    0x9A, 0x8E, 0x17, 0x4B, 0x50, 0x9F, 0x4C, 0xCC, 0xFA, 0x01, 0xE3, 0x61, 0x33, 0x1D, 0x0E, 0x12,
    0xE5, 0x97, 0x54, 0x44, 0x70, 0x14, 0x86, 0x04, 0x0E, 0x12, 0xD1, 0x76, 0x79, 0xF9, 0x29, 0x13,
    0x5C, 0xB5, 0x84, 0x0C, 0xD2, 0x39, 0x24, 0xA8, 0x42, 0x26, 0x1C, 0x97, 0xB1, 0x96, 0xA0, 0xFA,
    0x98, 0x80, 0x6A, 0x30, 0x24, 0x22, 0xB4, 0x96, 0x88, 0xC1, 0x6D, 0xF6, 0x4C, 0xE9, 0x85, 0x38,
    0x6C, 0xF5, 0x13, 0x07, 0x3D, 0x04, 0x40, 0x9B, 0xE1, 0x66, 0xE2, 0x70, 0x79, 0xA5, 0x6F, 0x78,
    0xE6, 0xEC, 0xAB, 0xF9, 0xB0, 0xA4, 0x78, 0x15, 0x01, 0x9D, 0x14, 0xE8, 0x7C, 0x2B, 0xD5, 0x76,
    0xAC, 0x0B, 0xA1, 0xD5, 0xDF, 0xEB, 0x63, 0xE8, 0xE7, 0x74, 0x09, 0x26, 0x2F, 0xB9, 0xD2, 0x49,
    0xBE, 0xE0, 0x0A, 0x4B, 0x73, 0x1B, 0x48, 0x94, 0xC9, 0x0A, 0xFD, 0x09, 0xD9, 0x9D, 0x96, 0xA7,
    0xDF, 0x0B, 0xF9, 0x16, 0xB0, 0xE6, 0x15, 0xE4, 0x44, 0x82, 0xA9, 0xC1, 0x9D, 0xE4, 0x2E, 0x02,
    0x7C, 0xAA, 0xA7, 0x47, 0xA0, 0xE8, 0xA5, 0xC2, 0x24, 0x91, 0xEB, 0x24, 0x87, 0xDF, 0xFB, 0x6B,
    0x25, 0xDE, 0x79, 0x69, 0x8C, 0x87, 0x27, 0xC0, 0xEE, 0x0F, 0xAE, 0x99, 0xD5, 0x14, 0xD6, 0xF0,
    0x56, 0x84, 0x5D, 0x78, 0xB6, 0xEB, 0xD1, 0x64, 0xB6, 0x1E, 0xA5, 0x3F, 0x6A, 0x28, 0x81, 0xC9,
    0x64, 0xAF, 0xF2, 0x4A, 0x1F, 0x8B, 0x6C, 0x26, 0x9A, 0x62, 0x39, 0x5E, 0x5A, 0x34, 0xB0, 0x5C,
    0xAC, 0xB8, 0x24, 0x58, 0x94, 0xF1, 0xB8, 0xB8, 0xF8, 0xE5, 0xAD, 0x1B, 0x1E, 0x7A, 0x88, 0xB5,
    0x84, 0x5D, 0xD6, 0x02, 0xFC, 0xF6, 0xFC, 0x27, 0xA8, 0x95, 0xE0, 0xC8, 0xA4, 0x38, 0x93, 0xCD,
    0x35, 0x59, 0x99, 0x3C, 0x0B, 0x0A, 0x79, 0x0B, 0x09, 0x78, 0x78, 0x24, 0xDB, 0x70, 0xFF, 0xFF,
    0x27, 0xB3, 0xF1, 0x58, 0xE6, 0xD7, 0xA4, 0x6E, 0xDB, 0x77, 0x9E, 0xAA, 0xA7, 0x36, 0x3A, 0xB9,
    0x6B, 0xF2, 0x70, 0x61, 0x07, 0x1C, 0x31, 0xBF, 0x0F, 0xF2, 0x99, 0x95, 0x58, 0x6C, 0xC7, 0x8B,
    0x39, 0x5E, 0xE6, 0x42, 0xEE, 0x91, 0xF7, 0xB7, 0xE7, 0xDD, 0x1A, 0xFC, 0x3E, 0x07, 0xCA, 0x8C,
    0xF6, 0x02, 0x38, 0x5A, 0x72, 0xA1, 0x77, 0xC3, 0xC1, 0x72, 0xCB, 0x87, 0xEB, 0xAC, 0x61, 0xA9,
    0xF5, 0xC8, 0xFB, 0x5B, 0xF3, 0x7E, 0x26, 0xD1, 0x0B, 0xF2, 0x9A, 0x6D, 0x8C, 0xED, 0xCA, 0xA1,
    0xFC, 0x8E, 0x05, 0x42, 0x5A, 0xEF, 0xE7, 0x9B, 0x97, 0x65, 0x1D, 0x07, 0x97, 0xD5, 0x23, 0xDF,
    0x6F, 0xCB, 0xF7, 0xF9, 0xB9, 0x5A, 0xD6, 0xDA, 0xFC, 0x9A, 0x19, 0x06, 0x4F, 0xF1, 0x24, 0x16,
    0xD8, 0x40, 0x15, 0xA8, 0x7D, 0x39, 0x6B, 0xAF, 0xD1, 0x7A, 0xE1, 0xF3, 0x18, 0xF4, 0x24, 0xC0,
    0xC8, 0x2A, 0xBD, 0x2B, 0x27, 0x87, 0x41, 0x9E, 0x02, 0xDB, 0x41, 0x25, 0xBD, 0xEB, 0xF3, 0x23,
    0x5A, 0x7C, 0xCE, 0x71, 0xDD, 0xC6, 0x6F, 0xA5, 0xC9, 0xCA, 0xC0, 0xAD, 0x01, 0x7E, 0xE9, 0x37,
    0xFC, 0x53, 0xDF, 0xF3, 0x6A, 0x65, 0x13, 0x46, 0x2F, 0x5A, 0xE7, 0x04, 0x57, 0x8B, 0x64, 0xAB,
    0x86, 0xA8, 0x45, 0xF0, 0xA1, 0x1F, 0x55, 0x7F, 0xC9, 0x71, 0xEA, 0x9B, 0xFC, 0xA9, 0x4F, 0x2E,
    0xBC, 0x2F, 0x7C, 0x8E, 0xD1, 0x55, 0x4B, 0xE2, 0x97, 0xD6, 0x09, 0x7A, 0x3D, 0xE9, 0xB5, 0x6C,
    0x10, 0x0D, 0x37, 0xFC, 0xA6, 0x2B, 0x54, 0x87, 0x31, 0x6F, 0x8F, 0xD8, 0x6F, 0x5B, 0x03, 0x36,
    0x11, 0xFE, 0xED, 0x4F, 0xC2, 0x90, 0xD2, 0x60, 0x20, 0xC8, 0x30, 0x13, 0xC4, 0xD8, 0x08, 0x04,
    0x08, 0x05, 0x74, 0xA1, 0x38, 0x82, 0x12, 0x03, 0x41, 0x81, 0x91, 0x20, 0x47, 0x00, 0xD3, 0x0D,
    0x30, 0x33, 0x2C, 0xF9, 0x56, 0x10, 0x9E, 0x39, 0xFD, 0xFA, 0x18, 0xCA, 0xBA, 0x56, 0x7A, 0x85,
    0x9E, 0xA0, 0x41, 0x47, 0x80, 0x30, 0x44, 0x5B, 0xE5, 0x13, 0x2C, 0x0A, 0x34, 0x3F, 0xFB, 0xE4,
    0x5E, 0x3F, 0x29, 0xF5, 0xCF, 0x3E, 0x35, 0x5A, 0x8C, 0x9F, 0x0B, 0x03, 0x6A, 0x51, 0xAE, 0x39,
    0xDE, 0xBE, 0xD3, 0x72, 0x36, 0x85, 0xBA, 0xB4, 0x28, 0x60, 0x0C, 0x4D, 0x1B, 0x1C, 0x6F, 0xB5,
    0xA2, 0xD7, 0xC1, 0x05, 0xD7, 0x95, 0x58, 0x88, 0xDA, 0x04, 0xD3, 0x9B, 0x1D, 0x6F, 0x6C, 0x65,
    0x3C, 0x5F, 0x38, 0xCD, 0xAB, 0xA1, 0x2A, 0x3B, 0x22, 0x36, 0x3A, 0x61, 0xCB, 0x9B, 0xF7, 0x1D,
    0x46, 0x2C, 0x01, 0x21, 0x20, 0xB4, 0x01, 0xF5, 0x86, 0x3E, 0xC7, 0x68, 0xE8, 0x37, 0x98, 0x0D,
    0x7D, 0x86, 0xD5, 0xD0, 0xBF, 0x03, 0x86, 0x3A, 0x55, 0xB4, 0xA2, 0x0A, 0x83, 0x21, 0xCF, 0x1B,
    0x51, 0x86, 0xC5, 0x50, 0x82, 0xCD, 0x90, 0x27, 0x9C, 0xC8, 0xEB, 0xC0, 0x50, 0x89, 0x91, 0x48,
    0x15, 0x4D, 0x94, 0x62, 0x35, 0x14, 0x03, 0x86, 0x04, 0x70, 0x86, 0x2A, 0xC0, 0x50, 0x11, 0x50,
    0x16, 0x50, 0x12, 0x50, 0x14, 0x90, 0xB8, 0x80, 0xD8, 0x48, 0x7B, 0xDB, 0xAC, 0x78, 0x8A, 0xED,
    0xC2, 0x82, 0x16, 0x95, 0x82, 0x24, 0x20, 0x41, 0x17, 0xA6, 0xC7, 0x7C, 0x8D, 0xA0, 0xD0, 0x9B,
    0x16, 0x0A, 0xCC, 0x03, 0xB3, 0x81, 0x72, 0x35, 0x90, 0xE2, 0xC6, 0x9E, 0xC7, 0xFB, 0xED, 0x29,
    0xB7, 0x9B, 0xC3, 0x2B, 0xBE, 0x6D, 0x7E, 0x86, 0x68, 0x5F, 0x85, 0x65, 0x78, 0xE5, 0x89, 0xA2,
    0xF9, 0xCC, 0x30, 0x32, 0x40, 0x3A, 0xC6, 0x62, 0xD3, 0x74, 0x6C, 0xB6, 0xB4, 0x6B, 0x60, 0x0B,
    0xB1, 0x0A, 0xED, 0xBE, 0xBD, 0xD7, 0xED, 0xA0, 0xE7, 0x32, 0xB4, 0xC0, 0x58, 0x2A, 0xC8, 0x31,
    0x56, 0xE8, 0x8F, 0x81, 0x6E, 0xF5, 0x1D, 0x81, 0xF9, 0x0E, 0x60, 0x0A, 0xAF, 0x87, 0x0C, 0xCB,
    0x1D, 0x84, 0x42, 0x59, 0x8D, 0x02, 0x43, 0xA8, 0xD8, 0x5E, 0xD5, 0x6E, 0xAF, 0x7C, 0x1D, 0x29,
    0xC0, 0xC6, 0x61, 0x44, 0x53, 0x15, 0x5A, 0x65, 0x58, 0xBB, 0xA2, 0xE6, 0x4A, 0x67, 0x90, 0xF9,
    0x1A, 0xD8, 0x49, 0x9E, 0x80, 0xCB, 0xF6, 0xC3, 0x8D, 0xC7, 0xE8, 0xFC, 0x47, 0x04, 0x5C, 0xFD,
    0xB2, 0x36, 0x04, 0x65, 0xF0, 0x75, 0x6D, 0x94, 0x82, 0xE9, 0xDA, 0xD6, 0x63, 0xCA, 0x3B, 0x34,
    0x5D, 0xF7, 0xAF, 0xAF, 0x47, 0x7D, 0x45, 0x3B, 0xC8, 0xD1, 0x13, 0x54, 0xBB, 0xBA, 0x5C, 0xF0,
    0x06, 0x7C, 0x4E, 0xAD, 0x24, 0x48, 0x60, 0xC1, 0x39, 0xEC, 0xC1, 0x52, 0x0D, 0xE6, 0x5A, 0x3B,
    0xAB, 0xE5, 0xC9, 0x8B, 0x7B, 0xD7, 0xD7, 0xA3, 0xBE, 0xC2, 0x11, 0xA3, 0xD5, 0xC5, 0xBF, 0x1A,
    0xE3, 0x95, 0x7A, 0xC3, 0x87, 0xCB, 0xFE, 0xBA, 0x02, 0xFC, 0xDE, 0xF2, 0xD9, 0x22, 0x32, 0x2F,
    0x4B, 0xE8, 0x83, 0x12, 0xBD, 0xBC, 0xF7, 0xFE, 0xF5, 0xA8, 0x2F, 0xBF, 0x6B, 0x74, 0xA6, 0xA0,
    0x58, 0xCC, 0x14, 0x55, 0x6B, 0x8C, 0xE1, 0x76, 0x50, 0x2E, 0x11, 0x3B, 0x61, 0x3A, 0xC8, 0xB3,
    0x23, 0x7D, 0xDF, 0xBF, 0x9A, 0x1E, 0xBB, 0x55, 0x22, 0x22, 0x7F, 0x2E, 0xB9, 0x7A, 0x04, 0xAA,
    0x51, 0x7F, 0x46, 0xB3, 0x58, 0x78, 0x68, 0xBE, 0xF8, 0xA4, 0xBF, 0x58, 0x8D, 0x9C, 0xE5, 0x22,
    0xB8, 0x75, 0x05, 0xA3, 0x9D, 0x79, 0x85, 0x77, 0xF9, 0xA4, 0xBD, 0x95, 0xA0, 0xCE, 0x17, 0xC9,
    0x57, 0x46, 0x54, 0xFA, 0x8B, 0x85, 0x9F, 0xED, 0xB5, 0x69, 0x2D, 0xF2, 0x17, 0xA1, 0x7C, 0x2A,
    0xDE, 0x40, 0xDE, 0x9B, 0x8A, 0xCB, 0xCE, 0x54, 0x8C, 0xDA, 0x54, 0x8C, 0x93, 0x2A, 0x4E, 0x77,
    0x15, 0xE7, 0xBB, 0x8A, 0x0B, 0x98, 0x8A, 0x2B, 0x67, 0x2A, 0x6E, 0x2A, 0x53, 0xF1, 0x66, 0x2A,
    0x8E, 0x16, 0x53, 0x71, 0x32, 0x99, 0x66, 0xB3, 0xD1, 0x40, 0xDE, 0x9B, 0x66, 0xCB, 0xCE, 0x40,
    0x55, 0x9B, 0x1E, 0x9D, 0x10, 0x44, 0xAB, 0x81, 0x64, 0x36, 0x90, 0x8E, 0xA6, 0xD9, 0x7C, 0x30,
    0x50, 0x74, 0xA6, 0xE2, 0xAA, 0x25, 0x18, 0x9A, 0x5D, 0xC5, 0x9B, 0xA9, 0xF8, 0x7F, 0x16, 0x53,
    0xF1, 0x1F, 0x27, 0x53, 0x31, 0x46, 0x53, 0x31, 0x7A, 0x53, 0xB1, 0x2E, 0x77, 0x6C, 0x7D, 0x70,
    0xAC, 0xE2, 0x84, 0xB4, 0x28, 0xA0, 0x8A, 0xD3, 0xFF, 0x35, 0x15, 0xE7, 0x83, 0xA9, 0xB8, 0xE8,
    0x42, 0xC7, 0xB9, 0x19, 0x76, 0x41, 0xD6, 0x8E, 0x5C, 0xDE, 0x74, 0x7A, 0x1B, 0x8A, 0xD1, 0x87,
    0xDB, 0xA3, 0x01, 0x6D, 0x14, 0x6F, 0x1E, 0x4A, 0x19, 0x0B, 0xF8, 0x3C, 0xFA, 0xD3, 0xA9, 0xAE,
    0x00, 0x8C, 0x31, 0x80, 0x56, 0x51, 0xE4, 0x91, 0x38, 0xCC, 0x9C, 0xF2, 0x4A, 0xA5, 0xED, 0x1E,
    0xEC, 0x79, 0x0F, 0x02, 0x15, 0xB7, 0x21, 0xFD, 0xCA, 0x6D, 0x9F, 0x13, 0x46, 0x01, 0x25, 0xCB,
    0x3E, 0x61, 0x4C, 0x3D, 0x4A, 0xB0, 0xED, 0x91, 0x9C, 0xC0, 0x17, 0x11, 0x86, 0xB0, 0xC3, 0xB5,
    0x47, 0x51, 0xEC, 0xFA, 0x72, 0x08, 0xAA, 0xE1, 0xBC, 0xF3, 0x2E, 0xD1, 0x52, 0x93, 0xA1, 0xEC,
    0xCE, 0xD1, 0x52, 0xEF, 0x92, 0x7E, 0x1F, 0xF5, 0xFB, 0x5D, 0xA2, 0x63, 0xF5, 0xA2, 0xDE, 0xD5,
    0xBB, 0x2B, 0x2E, 0xDF, 0xDC, 0xB8, 0x2B, 0xB5, 0x9C, 0x2D, 0xBF, 0x3E, 0xDD, 0xEC, 0x05, 0x11,
    0xD4, 0xFB, 0xD6, 0xD5, 0x59, 0xFB, 0xCE, 0xE8, 0xF7, 0x51, 0xBF, 0xEF, 0xD7, 0xD1, 0x0B, 0xBB,
    0x3B, 0xA4, 0x20, 0xC2, 0x98, 0xA3, 0x7E, 0x03, 0xCA, 0xB0, 0x47, 0x65, 0x44, 0xB3, 0xD8, 0xF1,
    0x2E, 0xF5, 0xDA, 0x47, 0xAD, 0x06, 0x78, 0x10, 0x80, 0x80, 0xE9, 0xDA, 0xDA, 0xB3, 0x04, 0xA5,
    0x34, 0xB3, 0x81, 0xFD, 0x4E, 0xB2, 0xDF, 0x89, 0x4F, 0x2C, 0x33, 0xBD, 0x13, 0xB5, 0x7D, 0xFF,
    0xF2, 0xF2, 0x05, 0x00, 0x74, 0x05, 0x30, 0x07, 0x90, 0x82, 0x8E, 0xD3, 0x3A, 0x02, 0x3A, 0x46,
    0xD0, 0x13, 0xCC, 0xBE, 0xFE, 0x21, 0x82, 0xBF, 0x67, 0xE0, 0x43, 0xB1, 0x3B, 0xE0, 0x32, 0xF8,
    0xFB, 0xAD, 0x55, 0x18, 0x0C, 0xE4, 0x23, 0x3D, 0x02, 0x90, 0x1D, 0x71, 0x68, 0xD3, 0xC9, 0x1C,
    0x54, 0xF9, 0x68, 0x51, 0x01, 0x45, 0x2F, 0xE4, 0xD0, 0x67, 0xA3, 0x14, 0x36, 0xB5, 0x7D, 0x39,
    0x6C, 0xF4, 0xD9, 0x8C, 0x2A, 0xEC, 0x64, 0x34, 0x98, 0x0E, 0xD7, 0xDF, 0xD4, 0xDA, 0x57, 0x02,
    0x2A, 0x0C, 0xC7, 0x45, 0x7C, 0xBA, 0x3B, 0x4D, 0x01, 0x60, 0x0E, 0x80, 0xDE, 0xF3, 0xE7, 0xD4,
    0x1F, 0xC6, 0x03, 0x29, 0x14, 0x6F, 0xDE, 0x08, 0x7B, 0x6E, 0x12, 0x35, 0xA5, 0x79, 0xDE, 0x33,
    0x2C, 0x2A, 0x83, 0xAB, 0xDA, 0xBC, 0xBE, 0xC1, 0x51, 0xDD, 0x50, 0xAA, 0x02, 0xEE, 0x24, 0xC3,
    0x7B, 0x2D, 0xF3, 0xB1, 0xFC, 0x2C, 0xFF, 0xC4, 0xCA, 0x2B, 0x59, 0x3E, 0x80, 0x96, 0x72, 0x16,
    0x95, 0xAF, 0xEB, 0x37, 0x7C, 0x87, 0x53, 0xAA, 0xD4, 0x41, 0x7F, 0x1B, 0x0F, 0xF4, 0x97, 0x50,
    0x02, 0x50, 0x54, 0x02, 0xA4, 0x15, 0xF8, 0x25, 0x56, 0xDB, 0x53, 0x2E, 0x50, 0x73, 0xBF, 0x2D,
    0xE3, 0x72, 0xA1, 0xE3, 0x36, 0x54, 0xA1, 0x60, 0xA4, 0x27, 0x2C, 0x66, 0x05, 0x5B, 0x6E, 0x53,
    0x11, 0xCC, 0x01, 0xD0, 0x39, 0xEC, 0x0C, 0x64, 0xC0, 0xA2, 0xA0, 0xC4, 0x97, 0x3F, 0x92, 0x33,
    0x87, 0xD6, 0xD9, 0x9A, 0xBF, 0xC5, 0x44, 0xF0, 0x73, 0x8C, 0x37, 0x40, 0xB8, 0xB5, 0xEC, 0x0F,
    0xA3, 0xDE, 0xC1, 0x40, 0xD0, 0x60, 0x23, 0x28, 0x80, 0x5E, 0x41, 0x8A, 0xBD, 0x1A, 0x0E, 0x1B,
    0x41, 0x01, 0xD4, 0x56, 0x31, 0x74, 0x0A, 0xA4, 0x24, 0xF8, 0x4B, 0xDF, 0x77, 0x7D, 0x11, 0x93,
    0xA4, 0x0A, 0x7E, 0x31, 0x4B, 0x42, 0xB0, 0xF8, 0x31, 0xD4, 0x83, 0xCD, 0xFC, 0xBB, 0xBF, 0x40,
    0x9B, 0xA3, 0x7E, 0x0A, 0xFC, 0x1C, 0xAF, 0xDC, 0x26, 0x0E, 0xBE, 0x74, 0xCC, 0x0A, 0x32, 0x55,
    0x53, 0x08, 0x8A, 0xB6, 0xA1, 0x02, 0x10, 0xAB, 0xB8, 0x8D, 0x12, 0x87, 0xD1, 0xEE, 0x6E, 0x56,
    0x51, 0xAC, 0x2A, 0x62, 0x9C, 0xF6, 0xD9, 0x73, 0x3A, 0xF8, 0x01, 0x9B, 0x00, 0x5B, 0x44, 0x82,
    0xCD, 0xEB, 0x3A, 0xC5, 0x98, 0x61, 0xF4, 0x5A, 0x4A, 0x30, 0x7B, 0x11, 0xC3, 0x57, 0xBB, 0xF5,
    0x42, 0x9E, 0xB5, 0x11, 0x89, 0xBB, 0x45, 0x44, 0x9F, 0xC2, 0x0B, 0xBA, 0x5A, 0x52, 0xA8, 0x28,
    0x30, 0x45, 0xAA, 0xA6, 0xCE, 0x8B, 0x06, 0xFA, 0xBA, 0x83, 0x98, 0x88, 0x8F, 0x44, 0x42, 0x91,
    0xF2, 0xC9, 0x1C, 0xAB, 0xEF, 0xA6, 0x1F, 0x03, 0x9E, 0xEB, 0xD9, 0x61, 0xD0, 0x0D, 0x0B, 0x4C,
    0xEA, 0xB2, 0xC7, 0x24, 0xEF, 0x91, 0x10, 0x5B, 0xBD, 0xD8, 0xF8, 0xAC, 0x5A, 0x38, 0x58, 0xB3,
    0x60, 0x3E, 0x58, 0xAC, 0xA4, 0xE6, 0xAA, 0x9B, 0x69, 0x53, 0x2F, 0xE4, 0x21, 0xF3, 0xC2, 0x3D,
    0xD1, 0x03, 0x3E, 0x06, 0x2F, 0xF6, 0xD0, 0xC5, 0x2B, 0xEE, 0x76, 0xA7, 0xDC, 0x04, 0xD6, 0xB0,
    0xB5, 0xA6, 0xD7, 0x5F, 0xF3, 0x73, 0x8F, 0xF4, 0x01, 0xF3, 0xC2, 0x23, 0x45, 0xED, 0xD7, 0xA8,
    0x25, 0xC6, 0x58, 0x2B, 0xB1, 0xA5, 0x33, 0x3F, 0x6C, 0x94, 0x08, 0x57, 0x5E, 0xC4, 0x4B, 0x0C,
    0x3F, 0x38, 0xCD, 0xD6, 0x96, 0xE8, 0xCD, 0x7D, 0xB0, 0xBC, 0xF8, 0x8D, 0x65, 0x5D, 0x17, 0xC4,
    0xDA, 0x18, 0x96, 0x04, 0xDD, 0x75, 0x51, 0xCD, 0x2A, 0xB2, 0x3E, 0x6C, 0x32, 0x3F, 0xE8, 0x0E,
    0x14, 0x7F, 0x12, 0x0C, 0x61, 0xB0, 0xF7, 0xD1, 0x9A, 0xCE, 0x8C, 0x39, 0x5C, 0xBC, 0x18, 0x0F,
    0x45, 0x3C, 0xC7, 0x5E, 0x44, 0xB8, 0x9A, 0xAC, 0xC7, 0x91, 0x8A, 0x07, 0x3C, 0xFC, 0x72, 0xE5,
    0x49, 0xFC, 0x01, 0xF0, 0x45, 0xAC, 0x46, 0x14, 0xC0, 0x56, 0x00, 0x2B, 0xBF, 0xC9, 0x1F, 0xB5,
    0x7E, 0x16, 0xC6, 0x1C, 0xBD, 0x7E, 0x99, 0xFF, 0x1B, 0xF5, 0xE3, 0x50, 0xC7, 0x98, 0xF5, 0xFB,
    0xAC, 0x5A, 0xAD, 0x6E, 0x7D, 0x83, 0x4C, 0x6E, 0x22, 0x58, 0x3D, 0xF2, 0x67, 0x6C, 0x07, 0xC8,
    0x7F, 0x2E, 0xBD, 0xBB, 0x0D, 0x0C, 0xA5, 0xD8, 0x91, 0x7E, 0xF7, 0x6A, 0xCA, 0x23, 0xE2, 0xD7,
    0x2B, 0x52, 0x02, 0x36, 0x43, 0x31, 0x70, 0x03, 0x25, 0x6A, 0x79, 0xFF, 0x45, 0xC9, 0x40, 0x27,
    0xD1, 0xAC, 0x7C, 0x60, 0x92, 0x6C, 0xAE, 0x30, 0x34, 0xFF, 0x05, 0x9C, 0xBB, 0xB1, 0x80, 0xB7,
    0xDA, 0x80, 0x12, 0xB3, 0x6A, 0x2D, 0x6A, 0xA1, 0x06, 0x31, 0x93, 0x12, 0xAA, 0x99, 0x03, 0x71,
    0xAC, 0x57, 0x4B, 0x55, 0x35, 0x70, 0x85, 0x21, 0xC1, 0x94, 0x62, 0xCA, 0x30, 0xC4, 0x98, 0x72,
    0x5F, 0xCB, 0xC9, 0x8F, 0xD4, 0x18, 0x2B, 0xFF, 0x40, 0x5F, 0xA1, 0x96, 0x8D, 0x03, 0x8F, 0x9D,
    0xDD, 0x1D, 0xCE, 0x0D, 0xE7, 0x32, 0x76, 0x0E, 0xBF, 0xE7, 0xFC, 0x7B, 0x0D, 0x62, 0x9F, 0x32,
    0x4C, 0x3E, 0x42, 0x5B, 0x6B, 0x2F, 0x00, 0xD0, 0x6B, 0x7D, 0x6A, 0x79, 0xC2, 0x76, 0x98, 0x7D,
    0x29, 0xFE, 0x6C, 0x13, 0xF5, 0x5A, 0xCF, 0x9A, 0x70, 0x34, 0xAC, 0xD3, 0xF1, 0x39, 0xFA, 0x81,
    0xBF, 0x9E, 0xD8, 0x1E, 0xB5, 0x7F, 0x3E, 0x76, 0x33, 0x3F, 0xDA, 0xF8, 0x0E, 0xE6, 0x27, 0xEC,
    0x4C, 0x47, 0xA0, 0xED, 0x0D, 0xBF, 0x12, 0x51, 0x11, 0xF1, 0xD1, 0x5B, 0x5C, 0x0E, 0xE4, 0x51,
    0xD9, 0xFB, 0xC2, 0x62, 0xA1, 0x6D, 0xEE, 0xD9, 0x4B, 0x8C, 0x39, 0xC5, 0xE8, 0x73, 0x8E, 0xB0,
    0xE8, 0x84, 0x12, 0xAB, 0x4E, 0x27, 0xDD, 0xC6, 0x1F, 0x8B, 0xC2, 0x33, 0xE1, 0x45, 0x03, 0x25,
    0xA5, 0x81, 0x32, 0xC4, 0x16, 0x79, 0x43, 0x48, 0xA0, 0x91, 0x8C, 0x07, 0x3A, 0x35, 0xB3, 0x40,
    0x28, 0x17, 0x89, 0x7F, 0xCD, 0xD9, 0xC6, 0xAF, 0xB5, 0xB7, 0xC4, 0xAB, 0xAF, 0xDF, 0x2F, 0x9F,
    0x2D, 0xAC, 0xD9, 0xC4, 0x7A, 0xD2, 0xCF, 0xBE, 0x9A, 0x4B, 0xFD, 0xF4, 0x44, 0xA5, 0x62, 0x59,
    0x16, 0xF3, 0x8E, 0xE1, 0xF4, 0x44, 0xE5, 0xA1, 0xF2, 0x72, 0xE7, 0x89, 0x4A, 0x69, 0x13, 0x95,
    0xEE, 0x70, 0xA2, 0xF2, 0x60, 0x79, 0x39, 0x69, 0x90, 0xFB, 0x03, 0x83, 0x1C, 0xDF, 0x34, 0xC8,
    0x0F, 0x94, 0x10, 0x8E, 0x2B, 0x16, 0x51, 0x35, 0x70, 0xCD, 0x63, 0xDD, 0xA6, 0xDC, 0x42, 0x9F,
    0x71, 0xDD, 0xAD, 0x1D, 0x26, 0x07, 0x7A, 0x7F, 0x1A, 0x78, 0x62, 0x23, 0x2B, 0xFC, 0x29, 0xBF,
    0x8F, 0x13, 0xFD, 0x25, 0x6A, 0xBF, 0x81, 0x8B, 0x1C, 0xC0, 0xA8, 0x27, 0xFB, 0x92, 0x12, 0xBD,
    0xF2, 0x49, 0xE3, 0x16, 0x63, 0x32, 0xDF, 0x5A, 0xBE, 0x69, 0x23, 0xBF, 0x7D, 0x24, 0xAC, 0xB8,
    0xE0, 0x44, 0xCB, 0x53, 0xE4, 0x4F, 0xF6, 0x63, 0xA2, 0x7B, 0x38, 0xD1, 0x09, 0xE4, 0xB9, 0x2A,
    0x81, 0x4D, 0x9D, 0x82, 0x9D, 0x9E, 0xD8, 0x5B, 0x4B, 0x74, 0x46, 0x22, 0x30, 0xB1, 0x97, 0x6A,
    0x1F, 0xD5, 0xA5, 0x84, 0x2E, 0x24, 0xD8, 0x3B, 0xDF, 0x49, 0x2D, 0x68, 0xC7, 0x2A, 0xE7, 0x88,
    0x21, 0x94, 0x16, 0x3D, 0x79, 0x18, 0x42, 0xF9, 0xB1, 0xF0, 0x78, 0x47, 0xDB, 0x10, 0x8F, 0xEF,
    0xD7, 0x22, 0x5E, 0x59, 0x9B, 0x64, 0x74, 0xCB, 0xBA, 0x4E, 0xE7, 0x60, 0x68, 0x55, 0x3F, 0xB3,
    0x56, 0x99, 0xC2, 0x81, 0x1D, 0xE4, 0x57, 0xFE, 0x5E, 0x3A, 0xA7, 0x3E, 0xFB, 0xB4, 0x8D, 0xCC,
    0xF5, 0xE5, 0x96, 0x10, 0x80, 0x14, 0x5D, 0x6D, 0x25, 0x7C, 0xD1, 0xE6, 0xF4, 0x05, 0xD4, 0x49,
    0xF5, 0x63, 0xA0, 0xF3, 0x23, 0x85, 0xC3, 0x40, 0xD7, 0xC6, 0xE0, 0xF5, 0x5F, 0x70, 0xAE, 0x92,
    0x7B, 0x51, 0x7B, 0xE1, 0x7B, 0x7B, 0xE6, 0x85, 0x48, 0x86, 0x89, 0xBB, 0xAF, 0xC7, 0x62, 0x3C,
    0x12, 0x7C, 0x92, 0xAF, 0x67, 0x18, 0x98, 0x59, 0xEF, 0xB3, 0xCE, 0xD1, 0xE5, 0x5A, 0x42, 0x9B,
    0x69, 0xA8, 0xA4, 0x3A, 0x90, 0xB0, 0x88, 0xCE, 0x9C, 0x26, 0x4E, 0xA3, 0x3A, 0x1D, 0x1E, 0x5E,
    0x99, 0x01, 0x39, 0x3C, 0xCA, 0x59, 0x63, 0x1D, 0x23, 0xA0, 0x2E, 0x18, 0x7C, 0x37, 0x35, 0xEA,
    0xBB, 0x24, 0x39, 0x7B, 0x8C, 0x63, 0xD1, 0x17, 0x58, 0xBD, 0xEC, 0xB4, 0x07, 0x32, 0x64, 0xE7,
    0xC4, 0xA2, 0xA6, 0xF6, 0x24, 0xCE, 0x29, 0x37, 0x5D, 0x97, 0x02, 0xEA, 0xBC, 0x59, 0x1A, 0xC6,
    0x19, 0x6F, 0xF4, 0xA4, 0x01, 0x63, 0xC6, 0x3A, 0x76, 0x09, 0x65, 0x1D, 0x63, 0xF5, 0x52, 0x22,
    0x93, 0x82, 0x2D, 0xC8, 0xFB, 0xFF, 0x83, 0xCA, 0x18, 0xA8, 0x3D, 0xBE, 0xF2, 0x95, 0xA4, 0x0B,
    0x78, 0xF5, 0x1F, 0xB1, 0xCB, 0xAF, 0xD8, 0xB1, 0x14, 0x9D, 0xEB, 0x99, 0x9A, 0x29, 0xA8, 0x27,
    0x07, 0x8E, 0x12, 0xB3, 0xE7, 0x21, 0xD3, 0x28, 0x58, 0x35, 0x37, 0x25, 0x5A, 0x36, 0xA4, 0xCE,
    0x74, 0xCF, 0x86, 0x34, 0x1C, 0x35, 0xA4, 0xD1, 0x51, 0xDC, 0x6C, 0x4F, 0x14, 0x07, 0x4F, 0xDA,
    0x7B, 0xCC, 0xC5, 0x1A, 0xE7, 0x50, 0x58, 0x7B, 0x62, 0x79, 0x29, 0x4B, 0x8F, 0x31, 0xEB, 0xD8,
    0xEB, 0x70, 0x75, 0x60, 0x6E, 0xA2, 0x60, 0x6E, 0x8E, 0xE2, 0xF6, 0x52, 0xEB, 0x4C, 0xE4, 0xA2,
    0x30, 0x63, 0xB6, 0x1D, 0x44, 0xEB, 0xC5, 0x36, 0xC9, 0xE5, 0xB5, 0x27, 0xCF, 0xE5, 0x41, 0xF3,
    0x42, 0x11, 0xE6, 0xAF, 0x87, 0xF3, 0xB5, 0x18, 0x9F, 0xAF, 0x4A, 0x04, 0x1D, 0x4B, 0xB3, 0xE8,
    0x2C, 0xA5, 0x97, 0x72, 0x10, 0xF9, 0x19, 0x2D, 0xC2, 0xC3, 0xE5, 0x85, 0x47, 0x82, 0x5A, 0x5E,
    0xFA, 0x47, 0xA6, 0x58, 0xBD, 0xEE, 0xE6, 0x58, 0x52, 0x7E, 0xE8, 0x58, 0x8A, 0x56, 0x75, 0x2C,
    0xC5, 0x33, 0xE7, 0x00, 0x74, 0x2C, 0x3D, 0x5C, 0x5E, 0x2C, 0xDE, 0xAB, 0x5C, 0x22, 0x6D, 0x0C,
    0x8B, 0x3A, 0x63, 0xF9, 0x5F, 0xD6, 0x28, 0xC2, 0xBD, 0x43, 0xD3, 0xFB, 0x80, 0x09, 0xB1, 0x7F,
    0x81, 0xD1, 0x0C, 0x5C, 0x5B, 0x5F, 0x3F, 0x57, 0xBD, 0x3E, 0x2A, 0xA7, 0x8F, 0xCB, 0x93, 0xFF,
    0x35, 0xF3, 0xCD, 0x47, 0xD9, 0xDD, 0x5E, 0x2E, 0xAF, 0x14, 0xAD, 0xF0, 0xA8, 0x6A, 0x65, 0xDB,
    0x91, 0xED, 0x95, 0x5F, 0x31, 0x9F, 0x66, 0xBB, 0x21, 0xDB, 0x50, 0xB6, 0x63, 0x28, 0xDB, 0x09,
    0x94, 0xED, 0xFC, 0xBF, 0x95, 0xC3, 0xE2, 0x37, 0x4A, 0x73, 0xF5, 0xB7, 0x2A, 0x1C, 0xF9, 0x5D,
    0x55, 0x24, 0xB3, 0x8A, 0x74, 0xD4, 0xF9, 0x40, 0xDE, 0x2B, 0xDB, 0xCF, 0x3A, 0x65, 0x1B, 0xA2,
    0x62, 0x23, 0xDB, 0x0B, 0xD9, 0x9E, 0x4E, 0xB3, 0xCD, 0x65, 0x4D, 0xB4, 0x29, 0xDB, 0xC9, 0xAC,
    0x6C, 0xA7, 0xE1, 0xBF, 0xDF, 0xD6, 0x47, 0x5B, 0x80, 0x19, 0xE9, 0xD2, 0x2C, 0x8E, 0xFE, 0xFD,
    0x53, 0x81, 0x10, 0x4D, 0x6A, 0x37, 0xFA, 0x3B, 0xFC, 0xDB, 0x27, 0x87, 0xF5, 0xD6, 0xBF, 0xC4,
    0xFE, 0xA2, 0x6B, 0x7F, 0x72, 0xEF, 0x72, 0x0B, 0x72, 0x9F, 0x85, 0x24, 0x94, 0x75, 0x46, 0xCA,
    0xBA, 0xC2, 0xCB, 0x0A, 0xFE, 0xF0, 0xBC, 0x60, 0x71, 0xF8, 0x9D, 0x64, 0xF0, 0x0A, 0x58, 0x74,
    0x7D, 0x51, 0x61, 0xB1, 0xF5, 0xA3, 0x51, 0x48, 0xE9, 0x50, 0xBF, 0xF1, 0x77, 0xB9, 0x46, 0x60,
    0x15, 0xE2, 0x4B, 0x28, 0x2F, 0xE5, 0xDB, 0xCD, 0x9F, 0xC5, 0xD8, 0xC5, 0x58, 0x54, 0xA6, 0xD8,
    0xC2, 0xBF, 0xCA, 0x38, 0xFC, 0x7D, 0xAD, 0x1B, 0x9A, 0xF1, 0xF8, 0xF7, 0xB5, 0xC9, 0x16, 0x7E,
    0x5F, 0xFB, 0x2D, 0xE6, 0xEF, 0xA7, 0x12, 0x5F, 0xB0, 0x5B, 0x16, 0x8C, 0xBC, 0xE8, 0xAA, 0x55,
    0x65, 0x5F, 0x6D, 0x07, 0xE9, 0x18, 0x9D, 0xDE, 0x97, 0x7F, 0x93, 0x10, 0x39, 0xFA, 0x2D, 0xEF,
    0xB7, 0xE7, 0xE7, 0x7B, 0x80, 0x85, 0xCA, 0x24, 0x34, 0xC0, 0xE1, 0x28, 0xA6, 0x53, 0xE9, 0xA3,
    0x4D, 0x30, 0xA7, 0xEC, 0x1B, 0x23, 0x39, 0x79, 0x00, 0x98, 0x32, 0xA0, 0xF3, 0x32, 0xA7, 0xD4,
    0x74, 0xE6, 0x0B, 0x6B, 0x66, 0xD6, 0xBD, 0x1C, 0x25, 0x52, 0x69, 0x71, 0xAB, 0x55, 0x47, 0x47,
    0x51, 0xD5, 0xD2, 0x45, 0xE4, 0x6C, 0xDD, 0x01, 0x61, 0x3C, 0xC0, 0xCA, 0x05, 0x48, 0xBC, 0x70,
    0x9C, 0x4E, 0x66, 0xAE, 0x44, 0x92, 0x49, 0xE5, 0x9C, 0x8D, 0xDC, 0xF3, 0xC8, 0xB5, 0xFE, 0x58,
    0x73, 0x3A, 0xA9, 0xB7, 0xD2, 0xE6, 0xA3, 0x55, 0x4B, 0xD9, 0x1C, 0xFD, 0x7E, 0x3D, 0xC7, 0xAA,
    0x52, 0xD7, 0x68, 0xCC, 0x48, 0xE5, 0xBE, 0xF8, 0x8B, 0x76, 0xFB, 0x89, 0x81, 0xD2, 0x75, 0x94,
    0xA0, 0x8C, 0x51, 0x1F, 0x45, 0xDD, 0x64, 0x1B, 0x65, 0xB1, 0x50, 0x3A, 0x66, 0x93, 0x32, 0x9B,
    0xEF, 0x39, 0xBE, 0x56, 0x1A, 0xE9, 0xA5, 0xE5, 0xFA, 0xDD, 0x8F, 0x0E, 0xBC, 0x39, 0x07, 0xB2,
    0x34, 0x29, 0xBB, 0x6C, 0x4C, 0x56, 0x77, 0x97, 0x51, 0xAD, 0xF2, 0x07, 0xD8, 0x54, 0xFE, 0x9D,
    0x85, 0xF8, 0x3C, 0xB3, 0xE0, 0x05, 0xF7, 0xCF, 0xCA, 0xBD, 0xAE, 0x02, 0xBD, 0x1C, 0x95, 0xF3,
    0x0A, 0x3D, 0x03, 0x17, 0x74, 0xBE, 0xD4, 0xAB, 0xCC, 0x55, 0xEA, 0x24, 0x87, 0x52, 0x9F, 0xAD,
    0xDF, 0x52, 0xDA, 0xFB, 0x41, 0x86, 0xFC, 0x59, 0x1E, 0xAF, 0x69, 0x3D, 0x18, 0xAE, 0xB2, 0xC6,
    0x80, 0xAA, 0x0D, 0x58, 0xBC, 0xFC, 0xA1, 0x85, 0xCB, 0xFC, 0x8D, 0x85, 0xAB, 0xD4, 0xEF, 0xFF,
    0xD3, 0xDB, 0xF1, 0x61, 0x3C, 0xB6, 0xC6, 0x6B, 0x6F, 0x3C, 0x6F, 0xB5, 0x5E, 0x06, 0xBA, 0x20,
    0x6D, 0x7C, 0x79, 0xAE, 0xCD, 0xA0, 0xCB, 0x39, 0xBE, 0xF4, 0xE5, 0x76, 0x8B, 0x8C, 0xD1, 0x71,
    0x15, 0xFC, 0xB1, 0x3C, 0xA1, 0xC6, 0xE5, 0xAB, 0xEF, 0x1F, 0x8F, 0xFD, 0xE3, 0xFF, 0x00, 0xAD,
    0x54, 0x21, 0x8C, 0xEB, 0x46, 0x14, 0x9C, 0x75, 0xF4, 0xCF, 0xC0, 0xC0, 0xA8, 0xE4, 0x17, 0x2C,
    0x2F, 0x31, 0x47, 0x36, 0x47, 0x1F, 0x34, 0x47, 0xCA, 0x71, 0x39, 0xB2, 0x39, 0x3A, 0x8E, 0x0A,
    0x0E, 0x54, 0x39, 0x50, 0x8E, 0xB2, 0xAC, 0xD4, 0x52, 0xB9, 0xB4, 0x2A, 0xFC, 0xC8, 0x20, 0x95,
    0x1C, 0xC9, 0xF6, 0x74, 0x47, 0x6F, 0x93, 0xCB, 0xA5, 0xF7, 0x0F, 0x54, 0xFF, 0x29, 0xC9, 0x1B,
    0x6F, 0xB2, 0x6F, 0xDE, 0x9B, 0x9D, 0x2C, 0xDE, 0x84, 0x3B, 0x72, 0x3B, 0x28, 0x9E, 0x80, 0x86,
    0x39, 0x46, 0x38, 0x5E, 0x22, 0xA2, 0xE2, 0x19, 0x3D, 0xCF, 0xFB, 0xC7, 0x84, 0x1B, 0x06, 0x54,
    0x3C, 0x01, 0x6D, 0xC4, 0x91, 0x30, 0xEC, 0xA3, 0xE3, 0x9A, 0x71, 0x1D, 0x77, 0x5C, 0xAE, 0xB8,
    0x54, 0xCA, 0xB8, 0xE6, 0x94, 0xF1, 0xC3, 0xD3, 0x2B, 0x06, 0x3C, 0xE3, 0x15, 0x37, 0x37, 0xB8,
    0xE5, 0xF8, 0x0D, 0x1C, 0xEE, 0x71, 0x8A, 0xE9, 0x63, 0x7C, 0xB7, 0xF7, 0xA3, 0xFA, 0x8D, 0xF0,
    0x3B, 0xBD, 0xA9, 0xE7, 0xF7, 0xF0, 0xEB, 0x8C, 0x58, 0x5F, 0x67, 0x77, 0xAB, 0xBB, 0xE2, 0x62,
    0x01, 0x99, 0xF1, 0x6E, 0x41, 0xCB, 0xC1, 0x70, 0xB9, 0xA0, 0x4E, 0xB9, 0x11, 0x6E, 0x16, 0x14,
    0xCC, 0xA1, 0x8D, 0xFD, 0x0D, 0x7E, 0xB8, 0xC1, 0xF8, 0xB4, 0xEF, 0x00, 0x85, 0x20, 0x80, 0x1F,
    0xBE, 0x00, 0xDA, 0x7A, 0xD2, 0xBC, 0x9D, 0x1D, 0x62, 0x77, 0xA4, 0x6A, 0x6A, 0xCB, 0x5F, 0x24,
    0x57, 0xEC, 0x38, 0x3B, 0x92, 0xA1, 0x65, 0x57, 0x49, 0x12, 0x12, 0x35, 0x43, 0x7A, 0xA1, 0xE1,
    0x8A, 0x8A, 0x51, 0xE7, 0x5A, 0x73, 0x41, 0xC9, 0x49, 0xED, 0x09, 0xEE, 0x04, 0xBB, 0x04, 0xE7,
    0x04, 0x4F, 0x3D, 0x3B, 0x35, 0xAD, 0x4A, 0x3D, 0x71, 0x81, 0x66, 0x01, 0x85, 0x20, 0xCA, 0xF7,
    0xA1, 0xE9, 0x74, 0x03, 0x73, 0x05, 0x41, 0xAB, 0x3B, 0x0B, 0x1A, 0xDB, 0x62, 0x70, 0xB8, 0x40,
    0xAF, 0xCE, 0xB8, 0x01, 0xC5, 0x68, 0xFD, 0xAA, 0x4C, 0x2C, 0x6D, 0x8A, 0x00, 0x1F, 0x0B, 0xCE,
    0x20, 0x79, 0x7E, 0x64, 0xC0, 0x91, 0x7F, 0xF0, 0x6F, 0x11, 0x0F, 0xF0, 0xD2, 0xA1, 0xD7, 0xF0,
    0x52, 0x67, 0x56, 0x9B, 0xF1, 0xAA, 0xD9, 0xCF, 0xFA, 0x00, 0xDC, 0x17, 0x19, 0x19, 0xD5, 0x0C,
    0xD4, 0x33, 0xDA, 0x09, 0xD8, 0xD1, 0xC9, 0x22, 0x8E, 0x7F, 0xD2, 0x7A, 0x5E, 0xAD, 0x9D, 0x39,
    0x9F, 0xBA, 0xD2, 0x83, 0xFE, 0x2B, 0xF7, 0xF1, 0x2B, 0xCF, 0xB0, 0xA9, 0x23, 0xD0, 0xDA, 0x59,
    0xF1, 0xE4, 0xC8, 0x54, 0x32, 0x40, 0xBA, 0xB3, 0x83, 0xE7, 0x50, 0x53, 0x75, 0x94, 0x50, 0x11,
    0x5E, 0xC3, 0xAC, 0x5A, 0x47, 0xF1, 0xA4, 0x51, 0x6D, 0xE2, 0xC9, 0xD8, 0xC4, 0xAD, 0xBE, 0x47,
    0xAB, 0xAC, 0xC7, 0xC2, 0x08, 0x40, 0x4A, 0x12, 0xA9, 0xC1, 0xD1, 0x68, 0x67, 0xB5, 0x6B, 0xAB,
    0x95, 0x04, 0x90, 0xB6, 0x64, 0xB0, 0xAD, 0xD1, 0xA4, 0xCE, 0x75, 0xA7, 0x62, 0xD2, 0xEA, 0xE4,
    0x53, 0xD2, 0x29, 0xCB, 0xA2, 0x29, 0xCD, 0x4A, 0xB1, 0x5F, 0xB4, 0x38, 0xB6, 0x9B, 0x52, 0xB0,
    0x33, 0xE9, 0x3C, 0x23, 0xD2, 0x4A, 0xC5, 0xED, 0x85, 0x27, 0xC8, 0x4A, 0xAA, 0xEC, 0xC5, 0x2A,
    0x25, 0xF7, 0x90, 0x96, 0x09, 0x48, 0x4A, 0x47, 0x14, 0x44, 0xA5, 0xF9, 0x47, 0x95, 0x6E, 0x4F,
    0x6A, 0xD1, 0xAB, 0x25, 0x75, 0x06, 0xD5, 0x5D, 0xB4, 0xE1, 0xF0, 0x3B, 0xDE, 0x86, 0x79, 0xF9,
    0x47, 0x8D, 0x04, 0x52, 0x16, 0xE4, 0x57, 0x6E, 0xA8, 0xA9, 0x97, 0xD7, 0x63, 0xD7, 0x2E, 0x2A,
    0x9E, 0x3E, 0xDD, 0xAA, 0x86, 0xDC, 0x6F, 0x90, 0x55, 0xA4, 0xF8, 0xD9, 0xE4, 0x88, 0x1A, 0x90,
    0x5B, 0xA7, 0xA9, 0x39, 0xC1, 0xC9, 0xFE, 0xA6, 0x93, 0x89, 0x37, 0x88, 0x80, 0x41, 0x72, 0x70,
    0x7C, 0xD0, 0x65, 0x36, 0x36, 0x01, 0x1A, 0x78, 0x44, 0xC1, 0xB1, 0x8F, 0x28, 0x18, 0xFA, 0x29,
    0xAD, 0x0C, 0xAD, 0xFE, 0x19, 0x68, 0xF8, 0xF5, 0x28, 0xA0, 0x6A, 0x12, 0xB8, 0x03, 0xDC, 0x5E,
    0x7D, 0xC2, 0x3D, 0xE3, 0x73, 0x27, 0x50, 0xAF, 0x38, 0x46, 0x01, 0x4F, 0x70, 0x7A, 0x1F, 0xD4,
    0x5B, 0x06, 0xC5, 0x09, 0xCD, 0x80, 0x8F, 0xE2, 0x90, 0x62, 0xF8, 0x7C, 0x38, 0x3C, 0x53, 0x32,
    0x4B, 0xE4, 0x2B, 0x28, 0xB3, 0xBD, 0x3A, 0xA7, 0x19, 0x44, 0x0C, 0x03, 0xB3, 0xE6, 0x11, 0x98,
    0xF4, 0xB5, 0xF4, 0x8E, 0x22, 0xD7, 0x53, 0x90, 0xEC, 0xFA, 0x7E, 0xC8, 0xCA, 0x13, 0x92, 0x62,
    0x83, 0xDB, 0xC4, 0x26, 0x87, 0x2E, 0xE6, 0xF5, 0xA1, 0xBC, 0x5C, 0x92, 0x2A, 0x23, 0xD5, 0xA2,
    0x1F, 0xB3, 0x65, 0x54, 0x46, 0xA6, 0x99, 0x7B, 0x8D, 0xAC, 0x42, 0x84, 0xC2, 0x71, 0x5B, 0x95,
    0x55, 0x68, 0x31, 0xD0, 0xF3, 0x64, 0xA0, 0x15, 0xBF, 0x15, 0x1A, 0xBF, 0x0B, 0x68, 0x19, 0xDF,
    0x52, 0xBC, 0x90, 0x7C, 0x36, 0x72, 0x72, 0xBE, 0x05, 0x66, 0x47, 0xC8, 0x90, 0x05, 0xD5, 0xB0,
    0x59, 0x12, 0x60, 0x90, 0x29, 0x2F, 0xB6, 0xBC, 0x18, 0x33, 0x5B, 0xF3, 0x6A, 0x4E, 0xD9, 0x53,
    0x85, 0xEF, 0xE3, 0xA7, 0x83, 0xE2, 0x20, 0x43, 0x29, 0xD0, 0x5E, 0xF2, 0xB6, 0xDF, 0xFF, 0xC2,
    0x4D, 0x77, 0x88, 0x2E, 0x2E, 0xB4, 0x23, 0x74, 0xAF, 0xA3, 0x0D, 0xD6, 0xB5, 0xF2, 0x91, 0x41,
    0xD9, 0x91, 0x9D, 0xF2, 0x8E, 0x4C, 0xF5, 0x74, 0xFB, 0x19, 0xA1, 0x2E, 0xDA, 0x5B, 0xD5, 0xFA,
    0x3C, 0x75, 0xEE, 0xAF, 0xC8, 0xFD, 0x95, 0x94, 0xDE, 0xC6, 0x62, 0xE2, 0x4C, 0x6F, 0xB4, 0x31,
    0x73, 0x1B, 0x8B, 0xC6, 0xE1, 0xA6, 0x74, 0x65, 0xF1, 0xA6, 0x9C, 0xB1, 0x7C, 0xEA, 0xD4, 0x14,
    0xD0, 0x04, 0xB1, 0x28, 0xAB, 0x29, 0x79, 0x46, 0x2C, 0xCA, 0xD6, 0x54, 0x1F, 0x8C, 0x85, 0xA1,
    0x17, 0x4B, 0xC9, 0x40, 0x8B, 0xFF, 0xE4, 0x6F, 0xDD, 0xAA, 0xF8, 0x7F, 0xB7, 0x2A, 0x6C, 0x04,
    0x45, 0x57, 0xDE, 0xA5, 0xC3, 0x0B, 0x37, 0x91, 0xE8, 0xC0, 0xAA, 0x09, 0x15, 0xD3, 0x3B, 0xC2,
    0x33, 0x31, 0x8F, 0xF2, 0x30, 0x9C, 0xA6, 0x33, 0x2D, 0x56, 0xAB, 0x73, 0xCB, 0xE7, 0x4D, 0xDE,
    0xD6, 0xD4, 0x25, 0x4D, 0xE3, 0xC5, 0x24, 0xBE, 0xFD, 0x61, 0xC3, 0x80, 0x3A, 0xA0, 0xD7, 0xFD,
    0x1D, 0xC0, 0x4D, 0x32, 0xE9, 0x87, 0x52, 0x89, 0x27, 0x89, 0x53, 0xF3, 0x9F, 0xFD, 0xA3, 0xEE,
    0x4A, 0x45, 0x4E, 0x43, 0x4E, 0xFF, 0x02, 0xDD, 0xD1, 0x55, 0x01, 0x02, 0x31, 0x00, 0x80, 0xE1,
    0x09, 0xAE, 0x91, 0x6E, 0x0D, 0xF0, 0x3C, 0x47, 0x04, 0x1A, 0xF0, 0x0E, 0x21, 0xB8, 0x08, 0x8B,
    0x70, 0x0D, 0x70, 0x97, 0x9F, 0x09, 0xF2, 0x44, 0x01, 0xEE, 0xB6, 0x7D, 0x73, 0x15, 0xEE, 0x93,
    0x23, 0x13, 0x58, 0xF0, 0xF0, 0xD6, 0x81, 0xCC, 0x99, 0x30, 0x25, 0x77, 0xA6, 0xF7, 0x72, 0x90,
    0x9B, 0xC6, 0xBA, 0x6E, 0xDC, 0x14, 0x6E, 0x80, 0xE2, 0x26, 0xBA, 0xAE, 0x5A, 0x73, 0x12, 0xE2,
    0xB7, 0x65, 0xDC, 0x67, 0x5F, 0xE6, 0x5F, 0xD5, 0x9C, 0xC7, 0x6C, 0xF2, 0xEE, 0xF7, 0x3F, 0x9A,
    0x68, 0x3B, 0xD3, 0xEC, 0x9C, 0x89, 0xD5, 0xAC, 0x9C, 0xE9, 0xDB, 0x55, 0x19, 0xEB, 0x3D, 0xB5,
    0x19, 0xFB, 0x76, 0xE2, 0xA5, 0xB7, 0xF1, 0xDD, 0xFD, 0x23, 0x3C, 0x8C, 0xF7, 0x09, 0x05, 0xC1,
    0x11, 0x14, 0x42, 0x31, 0x18, 0x40, 0xE1, 0xFB, 0x9F, 0x4E, 0xD2, 0x83, 0x9C, 0x9E, 0x53, 0x4E,
    0x2F, 0xF7, 0xDC, 0x73, 0x5F, 0x27, 0x77, 0x4E, 0x4B, 0x72, 0xDA, 0x9C, 0xE6, 0x6E, 0xC9, 0x30,
    0xD8, 0x76, 0xDF, 0xF7, 0x71, 0xBC, 0x01, 0x9B, 0x0F, 0xC8, 0x56, 0x42, 0x1B, 0x07, 0xBF, 0x9D,
    0xF3, 0x58, 0x26, 0x97, 0x16, 0x5E, 0x73, 0x21, 0xD5, 0x0F, 0x9C, 0x5E, 0x00, 0x84, 0x95, 0xFB,
    0x62, 0x67, 0xAE, 0xFA, 0x1C, 0x9B, 0xDA, 0xD3, 0x4F, 0xFF, 0x92, 0x6D, 0x83, 0xD5, 0x02, 0xF1,
    0x66, 0x07, 0xAD, 0x96, 0x3F, 0x8C, 0xE5, 0xD6, 0x75, 0xC6, 0x7F, 0x24, 0xB5, 0xC3, 0x60, 0x09,
    0x9B, 0x5B, 0xEC, 0x18, 0xF6, 0x08, 0x09, 0x53, 0xB8, 0x10, 0x26, 0x81, 0xD9, 0xBA, 0x58, 0xEF,
    0xBD, 0x72, 0x93, 0xD2, 0x53, 0xCC, 0x53, 0x0A, 0x15, 0x6A, 0xE5, 0x49, 0xB1, 0x3D, 0x90, 0x35,
    0x29, 0x35, 0x29, 0x3D, 0x8D, 0xAB, 0x14, 0x1E, 0x04, 0x1B, 0x40, 0xFB, 0x5C, 0x48, 0x85, 0x0B,
    0x05, 0x58, 0xCD, 0x65, 0x97, 0xF6, 0xBA, 0x12, 0x10, 0x17, 0x26, 0x12, 0xC9, 0x40, 0xA2, 0x86,
    0x09, 0xA8, 0x80, 0xAB, 0x90, 0xFC, 0xC2, 0x7F, 0xBB, 0x7A, 0xAB, 0x5D, 0x2B, 0x5E, 0x21, 0xDF,
    0xFB, 0xCE, 0x99, 0x8F, 0xE4, 0xE1, 0x21, 0xEF, 0xE5, 0x9C, 0x73, 0xEF, 0x6E, 0x07, 0x92, 0xC5,
    0xA8, 0x22, 0x51, 0x4D, 0xA8, 0x06, 0x8A, 0x1E, 0xD2, 0x11, 0x42, 0x59, 0x38, 0xB5, 0xDC, 0xD8,
    0xAD, 0x01, 0x85, 0x2C, 0x1A, 0x96, 0x98, 0x58, 0x25, 0xE9, 0x00, 0xA6, 0x59, 0x22, 0x58, 0x62,
    0xC8, 0x54, 0x81, 0x51, 0x03, 0x4E, 0x1D, 0xA1, 0x7E, 0x37, 0x10, 0x2B, 0x12, 0x69, 0x87, 0x2A,
    0x53, 0x93, 0x37, 0x17, 0x96, 0xA3, 0x2B, 0x00, 0x02, 0x79, 0x4E, 0x63, 0x0D, 0xB8, 0x4C, 0x7A,
    0x67, 0x34, 0x92, 0x86, 0xE2, 0x33, 0xA9, 0x77, 0x38, 0x35, 0xD7, 0x6B, 0xAE, 0xE0, 0x21, 0xC7,
    0xBB, 0xDD, 0x79, 0x31, 0x5F, 0xDB, 0xEC, 0x74, 0xBF, 0x7F, 0xCF, 0x69, 0xC2, 0xA8, 0x03, 0x0F,
    0x30, 0x40, 0x21, 0x50, 0xE1, 0xE3, 0xC1, 0x48, 0x7D, 0x26, 0xB5, 0x89, 0x54, 0x07, 0x92, 0xE5,
    0xE4, 0x01, 0xC1, 0x39, 0x99, 0xAC, 0x51, 0xB5, 0xD0, 0x4F, 0x7E, 0x3A, 0x0C, 0x1F, 0x70, 0x74,
    0xC9, 0x4F, 0x31, 0x6D, 0xA8, 0xB2, 0xE8, 0x23, 0x55, 0xB3, 0xF3, 0x8B, 0x32, 0x5D, 0xA8, 0x2A,
    0xF1, 0x5C, 0x03, 0x64, 0xAA, 0x0B, 0xF5, 0xEE, 0x97, 0xE3, 0xA3, 0x50, 0xB7, 0x02, 0x11, 0x8A,
    0x64, 0xC0, 0xB5, 0xC8, 0x32, 0x30, 0xF3, 0x6D, 0x82, 0xBD, 0x4D, 0xD5, 0x98, 0x29, 0xEC, 0xF5,
    0x71, 0xA0, 0xE8, 0x31, 0x13, 0x47, 0x5C, 0xF1, 0xD9, 0x90, 0xAB, 0x8B, 0xE5, 0x01, 0x8E, 0xCF,
    0x83, 0x79, 0x3E, 0x87, 0x44, 0x15, 0xAE, 0x4B, 0x45, 0xA0, 0xDA, 0x0C, 0xCC, 0x4F, 0x6E, 0x89,
    0x85, 0x3C, 0x69, 0x1F, 0xCA, 0x92, 0x37, 0xD1, 0x00, 0xA7, 0xE5, 0x3C, 0x61, 0xC7, 0x10, 0x9C,
    0x15, 0x15, 0x59, 0x93, 0xB5, 0x14, 0x3E, 0x19, 0x42, 0x95, 0x91, 0x7E, 0x3E, 0x82, 0xD4, 0x43,
    0xA1, 0x06, 0x72, 0x79, 0xB8, 0xB9, 0x2F, 0xD1, 0x86, 0xBD, 0x63, 0x7C, 0x21, 0x2F, 0x78, 0x78,
    0x7C, 0x76, 0x63, 0x07, 0xAE, 0x4F, 0x55, 0x62, 0xC6, 0x58, 0x15, 0xA9, 0x02, 0xD5, 0x44, 0x2A,
    0x5D, 0x03, 0xF2, 0x79, 0x0F, 0xA6, 0x49, 0x06, 0x48, 0xBB, 0x40, 0x10, 0xBE, 0xC7, 0x05, 0x2B,
    0xE2, 0x01, 0xC8, 0x64, 0x21, 0x57, 0xF9, 0xD4, 0x59, 0x48, 0x05, 0xA7, 0xC1, 0x83, 0x9B, 0xA5,
    0x29, 0xC9, 0x2B, 0xE3, 0x29, 0xAA, 0xEC, 0xF1, 0x1B, 0xB2, 0xA9, 0x24, 0x22, 0xA9, 0x07, 0xA7,
    0x1A, 0x8E, 0x1E, 0xB2, 0xA2, 0x98, 0xC7, 0xAD, 0x2A, 0xD5, 0x3C, 0x6B, 0xEA, 0x8B, 0xCF, 0xDF,
    0x1A, 0x9C, 0x0D, 0xC6, 0x11, 0xDC, 0x43, 0xB8, 0x80, 0x33, 0x92, 0x9A, 0xA2, 0x0E, 0x65, 0x93,
    0x96, 0xD4, 0x93, 0x57, 0xCC, 0x69, 0x3B, 0x0A, 0x4D, 0x2C, 0x8B, 0xE5, 0x63, 0xE6, 0x2A, 0x13,
    0x11, 0x3C, 0x98, 0x99, 0x8A, 0x6C, 0x3A, 0x33, 0xD3, 0x67, 0xAA, 0x93, 0xF9, 0xF3, 0x7B, 0x4C,
    0x35, 0xB3, 0x98, 0x52, 0x93, 0x75, 0x14, 0x35, 0x3F, 0x83, 0x5B, 0x6C, 0xF1, 0xD3, 0xED, 0x46,
    0x65, 0x31, 0xD3, 0xCE, 0x69, 0x5B, 0xCC, 0xF2, 0xA0, 0xD4, 0x13, 0xB7, 0x4B, 0x11, 0x14, 0x35,
    0x49, 0x0D, 0x67, 0x4F, 0xE3, 0x9F, 0xE4, 0xF7, 0x89, 0xFC, 0x93, 0xFC, 0x25, 0x05, 0x5B, 0x7E,
    0xBF, 0xE5, 0x3F, 0xDE, 0x81, 0x51, 0x45, 0xBA, 0x4C, 0x6C, 0x03, 0xEA, 0x21, 0x1F, 0x21, 0x96,
    0x05, 0x55, 0x70, 0x72, 0xF9, 0x6C, 0x75, 0xF5, 0x44, 0x2F, 0xAA, 0x2E, 0x30, 0xF3, 0x4F, 0x13,
    0x2E, 0xDC, 0xA2, 0xBF, 0x07, 0xFD, 0xF2, 0xD3, 0x84, 0xF1, 0xE1, 0xAC, 0xDE, 0xC6, 0x49, 0xF5,
    0x13, 0x2B, 0x26, 0x83, 0xF4, 0x8F, 0xB0, 0x65, 0x1E, 0x12, 0xD9, 0xEC, 0x60, 0x50, 0x14, 0xCB,
    0xA0, 0x64, 0x5F, 0x1D, 0x71, 0x2D, 0xD7, 0x16, 0x20, 0x68, 0xB2, 0xC6, 0x34, 0x6E, 0x7B, 0xB0,
    0xC3, 0x4C, 0xC7, 0x61, 0xC3, 0x19, 0x41, 0xFB, 0x25, 0xDF, 0x78, 0x7C, 0x26, 0x35, 0x13, 0x81,
    0xDD, 0x6E, 0xD3, 0xDF, 0xF9, 0xDC, 0x1E, 0xC6, 0xAC, 0x78, 0x7A, 0xF8, 0xAB, 0xF1, 0x6A, 0x0D,
    0xFB, 0x32, 0xE0, 0x0A, 0xA0, 0xD0, 0x30, 0xF1, 0x78, 0x77, 0x0E, 0x10, 0x37, 0x5F, 0x65, 0xDA,
    0xFC, 0x93, 0xAB, 0x25, 0x2F, 0x55, 0x85, 0x78, 0xF5, 0x13, 0x80, 0xE1, 0x39, 0x0A, 0xDC, 0xEF,
    0xEB, 0x42, 0x8D, 0x51, 0x93, 0xCA, 0x07, 0xCB, 0x50, 0xE2, 0x91, 0x7C, 0x6B, 0x02, 0x33, 0x27,
    0x9D, 0x8C, 0xC0, 0xD6, 0x0A, 0xE6, 0xB2, 0x37, 0xCF, 0xB4, 0x02, 0xBF, 0xB6, 0x82, 0x9A, 0x6B,
    0x82, 0x79, 0xA2, 0xDA, 0xB9, 0xC6, 0x19, 0x7B, 0xCC, 0xCA, 0x6B, 0xAE, 0x8D, 0xFA, 0x4C, 0x73,
    0x13, 0x49, 0x95, 0x0E, 0x59, 0x9F, 0xB7, 0xA6, 0x2E, 0x2A, 0x67, 0x47, 0x80, 0x73, 0xE8, 0x08,
    0x3A, 0x42, 0xF9, 0x48, 0x1D, 0xD9, 0x40, 0x3C, 0xAE, 0x3C, 0xBF, 0x37, 0x38, 0x75, 0x4E, 0xF5,
    0xBD, 0xD1, 0x52, 0x94, 0xD1, 0x40, 0xDA, 0x62, 0x6A, 0x0A, 0x8F, 0xF3, 0x68, 0x62, 0x83, 0x1B,
    0x7F, 0x65, 0xA4, 0x54, 0x0A, 0xDC, 0xE3, 0x6B, 0x6D, 0xD8, 0x4D, 0x38, 0x9B, 0x45, 0xB3, 0xBA,
    0xFF, 0xD8, 0xBB, 0x66, 0x84, 0xA4, 0xE9, 0x21, 0x6A, 0x3A, 0x08, 0x9B, 0x16, 0x82, 0xE6, 0x0C,
    0x38, 0xFB, 0x20, 0x2A, 0xBF, 0xDD, 0xC4, 0x55, 0xDA, 0x26, 0xD5, 0x9F, 0x7D, 0x74, 0xEF, 0xF3,
    0xFB, 0x66, 0x54, 0x9F, 0x75, 0xA6, 0xD9, 0xDE, 0x2D, 0x38, 0x73, 0x25, 0x79, 0x6D, 0x6A, 0x5C,
    0x95, 0xF6, 0x91, 0x88, 0xF5, 0xD6, 0x40, 0x20, 0x75, 0x5B, 0xBD, 0x1A, 0x55, 0x70, 0xB2, 0xB7,
    0x00, 0x6C, 0x05, 0x5F, 0xC8, 0x83, 0xD4, 0xAC, 0x75, 0x9D, 0x8C, 0xC9, 0x48, 0xD6, 0x85, 0xB2,
    0x85, 0xA7, 0xF0, 0x82, 0xB4, 0x01, 0xC0, 0x58, 0xF2, 0x6A, 0x29, 0x8F, 0xBC, 0x09, 0xB6, 0x4E,
    0x90, 0x68, 0x59, 0x45, 0xD4, 0x6D, 0x59, 0xB6, 0x76, 0xB0, 0x36, 0x95, 0x83, 0xA4, 0xA9, 0x34,
    0x92, 0x0D, 0x7F, 0x2D, 0x72, 0x8F, 0x9B, 0x9B, 0x8A, 0xA9, 0x4E, 0x2D, 0x27, 0xE5, 0xD3, 0x05,
    0xE4, 0x22, 0x51, 0x8F, 0xCB, 0xA4, 0x77, 0x97, 0x05, 0xA4, 0x9F, 0x17, 0x90, 0x6E, 0x59, 0x40,
    0xC6, 0x3F, 0xB8, 0x80, 0x18, 0xA9, 0x3F, 0xDE, 0x4D, 0xB0, 0x4E, 0x13, 0xEA, 0x43, 0x5F, 0xCC,
    0xDE, 0xAF, 0xFE, 0xF0, 0x3C, 0xCF, 0xE1, 0xF9, 0x98, 0x97, 0x7A, 0xA9, 0x05, 0x7A, 0x16, 0xBB,
    0x19, 0x07, 0x0F, 0x58, 0xE1, 0x9F, 0x17, 0xC7, 0xBB, 0x15, 0x16, 0xE0, 0x16, 0x10, 0xB6, 0x40,
    0xD6, 0x43, 0xA0, 0x1E, 0x12, 0x79, 0x70, 0x23, 0xC4, 0xEB, 0xB7, 0xB3, 0x84, 0x6A, 0x21, 0x53,
    0x09, 0xA6, 0x07, 0x32, 0x0F, 0x7C, 0x8B, 0x43, 0xDC, 0x02, 0xE0, 0x2E, 0x00, 0x0E, 0x80, 0x11,
    0x20, 0xE8, 0x01, 0xA2, 0xD5, 0xB7, 0x00, 0x49, 0x03, 0x5B, 0xDB, 0x20, 0xAB, 0x00, 0xCC, 0xEA,
    0xED, 0xFF, 0xE3, 0xAD, 0xC3, 0xD7, 0xDE, 0xEA, 0xFF, 0xC8, 0x5B, 0xE3, 0xAF, 0xBF, 0xB5, 0x04,
    0x48, 0xF8, 0x12, 0x2D, 0xB2, 0xAA, 0xD2, 0x3A, 0x6A, 0xE6, 0x5F, 0x5A, 0xAB, 0x92, 0xED, 0x58,
    0x0A, 0xA8, 0x85, 0x60, 0x2D, 0xAA, 0x1E, 0xA2, 0xB5, 0xD0, 0xF4, 0xC5, 0x7E, 0x2D, 0xBE, 0xD5,
    0x2D, 0x05, 0x79, 0xBA, 0x9F, 0x76, 0x27, 0xCB, 0x47, 0xBF, 0x3B, 0xA9, 0x47, 0x3F, 0x02, 0xFE,
    0xF6, 0x2B, 0x6E, 0xB9, 0xBA, 0xB8, 0x25, 0xF8, 0xE8, 0xC1, 0xCD, 0xCB, 0x7C, 0x2C, 0x7A, 0xE3,
    0xC6, 0xE1, 0xC3, 0xB8, 0xF9, 0x41, 0x1B, 0xF9, 0xB4, 0x99, 0x0C, 0xE0, 0x15, 0xF8, 0x51, 0x54,
    0x15, 0x3F, 0xA9, 0xE7, 0x05, 0x6E, 0x64, 0x6E, 0x0E, 0xB2, 0xE6, 0x7D, 0xFF, 0xB3, 0xC4, 0x7F,
    0x37, 0xB4, 0x9C, 0xC7, 0x5D, 0xD6, 0x1A, 0x6B, 0x98, 0x6C, 0x7A, 0xED, 0xA4, 0x8D, 0x96, 0xC6,
    0x1C, 0xF6, 0x79, 0x9B, 0x97, 0xB7, 0xF9, 0x66, 0xFF, 0xC5, 0xBB, 0x1D, 0x38, 0x59, 0xF2, 0x6D,
    0x43, 0x18, 0xA8, 0x85, 0xA2, 0x87, 0x64, 0x84, 0x40, 0x16, 0x4E, 0x4B, 0x8E, 0x77, 0x96, 0x42,
    0x25, 0x1A, 0x09, 0xD5, 0x11, 0xCB, 0x93, 0xCE, 0xF7, 0xF4, 0x50, 0x78, 0xD8, 0x03, 0x2F, 0x59,
    0x0D, 0x59, 0x6D, 0x7A, 0x33, 0x98, 0xB9, 0x8B, 0x0C, 0xF4, 0x71, 0x6B, 0xFC, 0x6B, 0xC0, 0xF7,
    0x00, 0x28, 0x6A, 0x00, 0xD7, 0xC1, 0x0D, 0x5C, 0x73, 0x8E, 0xA9, 0xF5, 0x6F, 0x9A, 0x94, 0xFE,
    0x59, 0x76, 0xF2, 0x7F, 0xB5, 0xF8, 0x58, 0xB6, 0xA8, 0x87, 0x48, 0xDC, 0x7C, 0xBD, 0xE7, 0x3D,
    0xE0, 0x03, 0xC0, 0xF5, 0xCF, 0x72, 0x2C, 0x8B, 0xA5, 0xD9, 0x1F, 0x3D, 0xE6, 0xA5, 0xFA, 0xE7,
    0x37, 0x9B, 0xCA, 0xAF, 0xDB, 0x7D, 0xCD, 0xCD, 0xA7, 0x5E, 0x79, 0xFC, 0x56, 0x4D, 0x7A, 0x40,
    0x22, 0xBB, 0x2E, 0x77, 0x81, 0xFB, 0x65, 0x7D, 0x92, 0x48, 0x95, 0xC9, 0x24, 0x7F, 0xBD, 0xEE,
    0x90, 0xDF, 0x97, 0xFA, 0x8F, 0x42, 0xA9, 0xE9, 0x23, 0xA9, 0x9A, 0xC2, 0x76, 0x10, 0xD7, 0x00,
    0x16, 0xE0, 0x1A, 0x88, 0x54, 0x6D, 0xB5, 0x9F, 0xCC, 0x2E, 0x92, 0xDF, 0xBE, 0x1C, 0x70, 0x81,
    0xBB, 0xC4, 0xC5, 0xD2, 0xEB, 0x63, 0xF6, 0xE4, 0x1F, 0xB1, 0x9B, 0x3F, 0x49, 0xE3, 0xC8, 0x55,
    0x8D, 0x70, 0xCE, 0x6D, 0x7E, 0xFA, 0x7C, 0x96, 0x58, 0x1E, 0x42, 0x95, 0xC0, 0xED, 0x97, 0xFB,
    0xBA, 0xDF, 0x20, 0xF8, 0xEC, 0x06, 0x81, 0x8F, 0x6D, 0xFC, 0xE9, 0x9B, 0x3E, 0x93, 0x5A, 0x23,
    0xF5, 0xA9, 0x34, 0x95, 0x45, 0x5C, 0xE1, 0x63, 0x16, 0x5C, 0x11, 0x76, 0x24, 0x23, 0xB9, 0xCA,
    0xBF, 0x18, 0xCB, 0xA8, 0xE7, 0x2B, 0xDC, 0xEF, 0xB9, 0xB9, 0xBF, 0x9A, 0xFE, 0x48, 0xA4, 0x6A,
    0x90, 0x9E, 0x8A, 0x9E, 0x15, 0xE6, 0x85, 0xE2, 0xD6, 0x9D, 0x57, 0x56, 0xF1, 0xE8, 0xFE, 0x5D,
    0x30, 0x4C, 0xE2, 0xB5, 0x49, 0x00, 0x77, 0x6E, 0xF1, 0xCA, 0x1D, 0x80, 0xA5, 0x90, 0x01, 0x5E,
    0xDB, 0x2C, 0xB0, 0x9B, 0x8B, 0x3D, 0x10, 0x79, 0x3E, 0x8C, 0xAA, 0x45, 0xFC, 0xE0, 0x05, 0x8F,
    0x48, 0x2D, 0x40, 0x7B, 0x20, 0x6E, 0xAC, 0xA3, 0x3E, 0x88, 0x59, 0x6E, 0x0F, 0x2B, 0xB3, 0x25,
    0xAC, 0x21, 0x2C, 0x97, 0x33, 0xC0, 0xED, 0xD5, 0xB6, 0xD7, 0x38, 0x14, 0xB3, 0x9F, 0xF5, 0x87,
    0xF0, 0xE8, 0xCE, 0x5D, 0x98, 0x9F, 0xFE, 0xFD, 0xFB, 0xDF, 0xDD, 0x9E, 0x7E, 0xFB, 0xC5, 0x43,
    0x1E, 0xB7, 0x89, 0x72, 0xCF, 0x4F, 0xD4, 0x19, 0x3C, 0x82, 0xE2, 0x92, 0x6C, 0x24, 0x50, 0x4D,
    0x51, 0x47, 0xF2, 0xF9, 0x63, 0x5C, 0x39, 0x3F, 0xC2, 0x42, 0xF0, 0x41, 0x3A, 0xEF, 0x08, 0xED,
    0x40, 0x4F, 0xCF, 0x35, 0x45, 0x3D, 0xEF, 0x08, 0x0F, 0x57, 0xF3, 0x40, 0x6A, 0x89, 0xA5, 0x81,
    0x54, 0x12, 0x79, 0x1B, 0xA8, 0x5C, 0x76, 0xE3, 0xC6, 0x92, 0x55, 0xC7, 0x47, 0xDD, 0x0D, 0x4B,
    0xA6, 0x75, 0x53, 0x71, 0xE8, 0x52, 0xAD, 0xFB, 0x52, 0x80, 0x3B, 0x51, 0x55, 0xA4, 0xFE, 0xA0,
    0x09, 0x62, 0xDE, 0xAF, 0xB6, 0x26, 0xC8, 0x19, 0x51, 0xCD, 0x3D, 0x9F, 0xC8, 0xBA, 0x16, 0xE7,
    0x29, 0x7A, 0x8E, 0x54, 0x92, 0xD7, 0x84, 0x35, 0xDC, 0xFA, 0x3F, 0x87, 0x50, 0xC3, 0x09, 0x23,
    0x18, 0xEB, 0x3E, 0xC1, 0x94, 0x99, 0x4A, 0x57, 0x05, 0xF2, 0xF2, 0x81, 0x7E, 0xA3, 0x26, 0xD3,
    0xBB, 0xFF, 0xDD, 0xB8, 0x7A, 0xEA, 0x08, 0x03, 0x89, 0xFF, 0xA8, 0x26, 0x2D, 0xEF, 0x7E, 0x82,
    0x50, 0x95, 0xD5, 0xF1, 0xB2, 0x4E, 0x24, 0xB5, 0xF3, 0xB2, 0x1D, 0x10, 0x9C, 0x61, 0x06, 0x9C,
    0xAC, 0x54, 0x4E, 0x9C, 0x84, 0x19, 0x39, 0xBA, 0x82, 0x13, 0x0B, 0x99, 0xE5, 0x5B, 0x69, 0x4C,
    0xFE, 0xF3, 0xBC, 0xCC, 0xBF, 0x50, 0xC9, 0xBD, 0x4B, 0x8E, 0xF4, 0x18, 0xF3, 0x2F, 0x45, 0x95,
    0xA5, 0xA9, 0xFD, 0x93, 0xEC, 0xC7, 0x90, 0x97, 0x84, 0x63, 0xD2, 0x91, 0x49, 0xB2, 0xE6, 0xEF,
    0xC7, 0x7B, 0xD5, 0xFD, 0xB0, 0x8B, 0xFD, 0xA3, 0xA0, 0x8D, 0xEA, 0xC5, 0x2D, 0x87, 0xCB, 0x85,
    0x25, 0x64, 0x09, 0x06, 0x52, 0x4B, 0x0E, 0x66, 0xA2, 0xEA, 0x42, 0xDE, 0xA9, 0x22, 0x9D, 0x58,
    0x92, 0x01, 0xBC, 0xCD, 0x8A, 0xF0, 0xD2, 0xB0, 0x22, 0xAD, 0x72, 0xBF, 0xAA, 0xC2, 0xAE, 0x19,
    0x08, 0xC7, 0xAD, 0xB8, 0xC9, 0x3B, 0x70, 0xE3, 0x19, 0xBC, 0xA9, 0x1A, 0x32, 0x2D, 0x00, 0x82,
    0x45, 0xB4, 0x00, 0x47, 0x92, 0x1E, 0xB3, 0xE0, 0xC6, 0xC5, 0x2F, 0x00, 0xEE, 0xB3, 0x22, 0xF6,
    0xC6, 0xAE, 0x2A, 0xAB, 0xB2, 0x7A, 0x55, 0xCE, 0xC6, 0xC3, 0x7A, 0x71, 0x20, 0xD0, 0xDA, 0xCB,
    0x5B, 0x28, 0xF4, 0x8F, 0xDC, 0x78, 0x5F, 0x15, 0x24, 0x9A, 0x31, 0x02, 0xB8, 0x59, 0x79, 0x80,
    0x60, 0x92, 0x9F, 0x70, 0x88, 0x6D, 0xD7, 0x63, 0xB5, 0xA2, 0x79, 0xF2, 0x77, 0xBF, 0xE2, 0xCA,
    0x69, 0x41, 0xFD, 0xD5, 0xEB, 0x6C, 0xE0, 0x48, 0xFF, 0x0E, 0x40, 0x52, 0xE1, 0xB6, 0x01, 0x64,
    0x55, 0x28, 0x4D, 0xDA, 0x42, 0x51, 0x6E, 0xEF, 0xF1, 0x8B, 0x37, 0x45, 0x3A, 0xEE, 0xFE, 0x66,
    0x3D, 0x22, 0xAF, 0xE1, 0xD5, 0x59, 0xF6, 0x98, 0x92, 0x55, 0xD7, 0xAC, 0x0D, 0xE1, 0x44, 0xE3,
    0x36, 0x0D, 0x3B, 0x36, 0xDC, 0x93, 0x74, 0x09, 0x40, 0xAE, 0x19, 0x25, 0x10, 0x6A, 0x41, 0x07,
    0x64, 0x5A, 0x61, 0xC1, 0xE9, 0x72, 0x89, 0xAF, 0x09, 0xD7, 0x21, 0x53, 0x74, 0x24, 0x3D, 0x0B,
    0xE2, 0x91, 0xCC, 0xB3, 0xC2, 0xD9, 0x53, 0x36, 0x9C, 0x94, 0x3C, 0x83, 0x3F, 0x67, 0xC5, 0x1D,
    0x76, 0x0B, 0x0A, 0xB4, 0xA2, 0xD2, 0x0A, 0xAF, 0x15, 0x25, 0x07, 0x1B, 0x3C, 0xF8, 0x21, 0x2B,
    0x6E, 0x11, 0xEA, 0x92, 0xF4, 0xE3, 0x8E, 0xF4, 0xDD, 0x9E, 0x20, 0xE8, 0xE1, 0x3B, 0x3D, 0xC9,
    0xFF, 0xF4, 0x98, 0x77, 0x26, 0x7B, 0x7D, 0xB2, 0x1F, 0x4F, 0xF6, 0xDB, 0x81, 0xB4, 0x5B, 0x73,
    0x84, 0xA3, 0xCD, 0x7E, 0x5B, 0x9B, 0xA8, 0x75, 0x61, 0xAF, 0x37, 0x7A, 0xA9, 0x1F, 0xC1, 0x41,
    0x61, 0xBF, 0x9F, 0x7F, 0xFA, 0xEB, 0x58, 0x7E, 0x6D, 0x84, 0x71, 0x33, 0x73, 0x12, 0xC0, 0xE9,
    0x15, 0xD9, 0x72, 0xF8, 0x3C, 0x93, 0x0E, 0x23, 0x02, 0x77, 0x49, 0xFA, 0xFB, 0x9E, 0xBC, 0xBC,
    0xC6, 0xD8, 0x82, 0x62, 0xF6, 0x9B, 0x2D, 0xBE, 0x74, 0xA4, 0xBF, 0xE9, 0x09, 0x55, 0x03, 0x70,
    0x71, 0xB9, 0x2F, 0xB3, 0xBA, 0xA8, 0xD2, 0x3A, 0x7F, 0x81, 0x99, 0x2A, 0x69, 0x4C, 0x15, 0x7F,
    0xA1, 0x2A, 0xD4, 0x4F, 0x5A, 0x80, 0x40, 0x97, 0xE9, 0xC7, 0xAD, 0x79, 0xA7, 0x33, 0x41, 0x5D,
    0xC0, 0x4A, 0x63, 0x31, 0xE5, 0xED, 0xEC, 0xD3, 0x5F, 0x6F, 0xB3, 0x0F, 0x90, 0x8E, 0xC0, 0x97,
    0x16, 0x77, 0x23, 0xF9, 0x67, 0x23, 0x26, 0x18, 0x71, 0xAC, 0x76, 0x3D, 0xDB, 0xA6, 0x8B, 0x60,
    0xC4, 0x7C, 0x2C, 0x92, 0xC1, 0x78, 0x36, 0xB8, 0x1A, 0xD2, 0x43, 0xFB, 0xD7, 0xA5, 0xF3, 0xD9,
    0xB4, 0x31, 0x65, 0xDA, 0xE4, 0x2F, 0x7E, 0xE7, 0xE9, 0xBC, 0x1B, 0xF2, 0xF6, 0xF4, 0x1F, 0x9E,
    0x54, 0xBF, 0x88, 0xBB, 0xBC, 0x2E, 0x6C, 0xDC, 0x64, 0xDE, 0x4C, 0x3E, 0xAD, 0xFE, 0xB0, 0x4F,
    0xDA, 0xB4, 0x36, 0xA5, 0x51, 0xDA, 0x9B, 0x66, 0xFF, 0x77, 0xED, 0xBD, 0xDF, 0xF5, 0x69, 0xD3,
    0xA7, 0xF5, 0x59, 0xEA, 0x39, 0x64, 0x5E, 0xA3, 0x11, 0x20, 0xAC, 0x97, 0x8E, 0xF9, 0x85, 0x9D,
    0x98, 0xD6, 0x3C, 0xCF, 0xE4, 0xB1, 0x0D, 0x65, 0x81, 0xD3, 0x87, 0x27, 0x57, 0x59, 0x9B, 0xF8,
    0xA9, 0xD1, 0x95, 0x51, 0x9B, 0x10, 0xF6, 0xDF, 0x86, 0xFE, 0x4F, 0x61, 0xFC, 0x4B, 0x28, 0x7E,
    0x08, 0xE6, 0x03, 0xC8, 0x1B, 0xE6, 0xF4, 0xA7, 0xFB, 0xD3, 0xAB, 0x6C, 0xC8, 0x7C, 0x34, 0xC7,
    0x8C, 0xF3, 0xB5, 0x06, 0xB2, 0x1A, 0x4C, 0x0B, 0xFF, 0x39, 0x10, 0x56, 0x05, 0x49, 0x55, 0x78,
    0xF7, 0x5F, 0xEA, 0xFE, 0x17, 0xDD, 0x5B, 0x3F, 0x8C, 0xE6, 0xC6, 0x75, 0xFF, 0x91, 0x84, 0x96,
    0xC0, 0xB1, 0x18, 0x17, 0xB2, 0x8B, 0xBB, 0x82, 0x6D, 0x22, 0x18, 0x60, 0x6B, 0x04, 0x67, 0x93,
    0xB2, 0x8B, 0x94, 0xB9, 0x00, 0x3A, 0x17, 0x76, 0x0F, 0x44, 0x97, 0x42, 0x3D, 0x10, 0x87, 0x8C,
    0x0D, 0x24, 0x45, 0x0A, 0x6F, 0x11, 0x23, 0xED, 0x16, 0x57, 0x48, 0xEB, 0xE2, 0x7A, 0x40, 0x38,
    0x32, 0x52, 0x91, 0xC2, 0x85, 0xE9, 0x34, 0x2E, 0x52, 0x88, 0xC5, 0x05, 0x81, 0xAC, 0x42, 0x13,
    0x84, 0x81, 0x29, 0x81, 0xE4, 0x2F, 0xF3, 0xE6, 0x71, 0x56, 0xE4, 0x7D, 0x7B, 0x8B, 0x13, 0xCE,
    0x2B, 0x39, 0x79, 0x98, 0xEF, 0xBD, 0x37, 0xC3, 0xF7, 0x9F, 0x8F, 0xC7, 0x21, 0xB9, 0xF7, 0xFA,
    0xFD, 0x97, 0x81, 0x3F, 0x01, 0x70, 0x1F, 0xF7, 0x0B, 0x4C, 0xD9, 0x87, 0x43, 0xCC, 0x06, 0x4F,
    0x01, 0x22, 0x61, 0x67, 0x9E, 0xDA, 0xEF, 0xDD, 0x7F, 0xFF, 0x3B, 0xF7, 0xBF, 0xED, 0x0E, 0xDF,
    0xD6, 0x10, 0xE7, 0xC0, 0x77, 0x81, 0xBC, 0x42, 0xDA, 0x23, 0x1A, 0xC9, 0x85, 0x9C, 0x6D, 0x6C,
    0x6D, 0xD6, 0xD9, 0x02, 0xF6, 0xDB, 0xB0, 0xB8, 0xAD, 0x71, 0x01, 0x0F, 0x7F, 0xE3, 0xDC, 0x8A,
    0xF3, 0xBC, 0x42, 0x4D, 0x96, 0xA4, 0x69, 0x4C, 0x32, 0x18, 0x4C, 0x06, 0xDF, 0x31, 0xC0, 0xED,
    0x8D, 0x3B, 0xDF, 0x7C, 0xF8, 0xB0, 0x22, 0xD9, 0x3F, 0xFF, 0x7B, 0xD1, 0x7A, 0x4B, 0x81, 0x3D,
    0x7E, 0x74, 0x29, 0x00, 0x85, 0x9A, 0x02, 0xE3, 0x91, 0x38, 0x5B, 0x0E, 0x1E, 0x40, 0x61, 0x2F,
    0xA8, 0xB0, 0xBC, 0x78, 0xA2, 0xAA, 0x0A, 0x6F, 0x95, 0xBB, 0x23, 0xF3, 0x8B, 0x75, 0x8E, 0x7E,
    0x2A, 0xD3, 0xFF, 0x7F, 0xF8, 0xF9, 0xDC, 0x87, 0x5A, 0xB0, 0x55, 0x8C, 0x13, 0x78, 0xB1, 0xCC,
    0x03, 0x64, 0x16, 0xF5, 0x10, 0xB1, 0x4A, 0x47, 0x98, 0x01, 0x79, 0x8F, 0x72, 0x40, 0x39, 0xA1,
    0xA4, 0x1B, 0x4D, 0xC9, 0xCE, 0x8D, 0x9C, 0x5D, 0x46, 0xE0, 0x31, 0xE2, 0xC7, 0xC8, 0x57, 0x94,
    0xAC, 0x74, 0xBD, 0x60, 0x67, 0xD8, 0xC5, 0xEC, 0xD0, 0x76, 0xA8, 0x2B, 0xB4, 0x88, 0x17, 0xE4,
    0x23, 0xD8, 0x63, 0x01, 0x2A, 0x20, 0xBA, 0x80, 0x79, 0x09, 0xF9, 0xB6, 0xC7, 0x2A, 0xA1, 0x20,
    0x7A, 0x17, 0x19, 0x2B, 0xE7, 0x4E, 0xE5, 0x7D, 0x00, 0x3E, 0x18, 0x09, 0x4C, 0xC2, 0x4B, 0x27,
    0x44, 0x6C, 0x50, 0x5A, 0xA4, 0x16, 0xF8, 0x86, 0x28, 0x45, 0xF0, 0x29, 0x00, 0xF5, 0x10, 0x13,
    0x11, 0x2B, 0x33, 0xC1, 0xE5, 0x52, 0x76, 0x22, 0xDF, 0x42, 0x14, 0x09, 0x67, 0x21, 0x12, 0x3C,
    0xC5, 0xEC, 0x51, 0x32, 0xA6, 0x24, 0xF8, 0x53, 0xCE, 0x0E, 0x7F, 0xC0, 0xC5, 0xE1, 0x7F, 0x71,
    0xD8, 0xF9, 0xE5, 0x8C, 0x4C, 0x3C, 0x4A, 0xB2, 0x67, 0xE7, 0x92, 0xEF, 0xDD, 0x2A, 0x5F, 0x41,
    0x5B, 0xF2, 0x4D, 0xCE, 0x5E, 0x58, 0x64, 0xD7, 0x42, 0x90, 0x61, 0xD7, 0xAE, 0x2E, 0x9B, 0x7C,
    0x41, 0xDB, 0x25, 0x0B, 0xEA, 0x2A, 0x99, 0xD1, 0x3A, 0xE7, 0x92, 0xD5, 0x90, 0x8F, 0x51, 0xDB,
    0xB1, 0x4F, 0x57, 0x2C, 0x48, 0x07, 0x54, 0x88, 0xA4, 0x1E, 0xCE, 0x9E, 0x59, 0xD1, 0xEE, 0xEC,
    0x09, 0x7A, 0xCE, 0xDE, 0x7A, 0xB0, 0x97, 0x88, 0x3D, 0x63, 0xA5, 0x4E, 0x5D, 0x2B, 0xF6, 0x56,
    0xA4, 0xCF, 0x24, 0x71, 0x5F, 0xAF, 0x3B, 0xE7, 0x52, 0xB2, 0x7A, 0xF2, 0xD1, 0x87, 0x4C, 0x34,
    0xAB, 0x90, 0x61, 0xCC, 0x51, 0x33, 0xD7, 0x2A, 0x68, 0x45, 0xA4, 0x3A, 0x35, 0xA4, 0xA0, 0x65,
    0x2F, 0x35, 0x35, 0x9F, 0x01, 0xA5, 0x8D, 0x09, 0xA9, 0x6C, 0x01, 0x29, 0x6E, 0x04, 0x80, 0x16,
    0x57, 0xB8, 0x1D, 0xBE, 0xC0, 0x75, 0x2F, 0xB8, 0xEC, 0x9E, 0xC7, 0x45, 0x23, 0x9A, 0x45, 0x85,
    0xAA, 0xFE, 0xF8, 0x9D, 0x1F, 0xB6, 0x9D, 0xEF, 0xB6, 0x23, 0xFE, 0xB8, 0xF8, 0xFB, 0xB6, 0xFB,
    0x86, 0xC8, 0x57, 0xC1, 0x0E, 0x87, 0x2B, 0x2F, 0x72, 0x6A, 0x80, 0x88, 0x63, 0xC0, 0xC7, 0x18,
    0x78, 0x88, 0xE1, 0x86, 0x48, 0x02, 0x6E, 0x34, 0xAA, 0x13, 0x5C, 0x09, 0xCE, 0x5F, 0x02, 0xDF,
    0xC1, 0x31, 0x86, 0xEB, 0x2B, 0xE0, 0xB3, 0x6E, 0x5E, 0x21, 0xEB, 0x90, 0xE9, 0xA1, 0x92, 0xD7,
    0xC5, 0xA3, 0xEB, 0x2A, 0xD3, 0x0E, 0xD7, 0xD7, 0xAA, 0xBD, 0x8A, 0xED, 0x4F, 0xAB, 0xB2, 0xF9,
    0x56, 0x53, 0xF3, 0xC9, 0x13, 0x5E, 0x13, 0xD5, 0x9F, 0x3D, 0x28, 0xAA, 0x1F, 0x75, 0x52, 0xA5,
    0x63, 0x2E, 0x1A, 0xA1, 0xDA, 0x0F, 0x36, 0x2F, 0x2F, 0x00, 0xDC, 0x7D, 0x8C, 0x98, 0xAC, 0x32,
    0x72, 0xC8, 0x49, 0x5B, 0x90, 0x53, 0x49, 0xCE, 0x2F, 0xFA, 0xE5, 0xE4, 0x68, 0x48, 0x9B, 0x90,
    0x1D, 0xEA, 0xCF, 0x20, 0x20, 0x49, 0x4C, 0x62, 0xB5, 0x01, 0xE8, 0x18, 0x3A, 0x86, 0x8E, 0xA1,
    0x63, 0xE8, 0x18, 0x92, 0x8B, 0xDE, 0x53, 0x16, 0x38, 0x02, 0x47, 0xE0, 0x08, 0x1C, 0xC1, 0x39,
    0x14, 0xCE, 0x1E, 0xA3, 0x5C, 0x51, 0x13, 0x2D, 0x2B, 0x1D, 0x8E, 0xCF, 0xE7, 0xED, 0x10, 0x1E,
    0x55, 0xEE, 0x68, 0xC2, 0xA1, 0x26, 0x52, 0x8E, 0xAD, 0xC4, 0xAB, 0x78, 0x52, 0xBE, 0x26, 0x12,
    0x5A, 0x27, 0x1F, 0xD1, 0x27, 0xEB, 0x2F, 0x4C, 0xB9, 0xDE, 0x71, 0xB7, 0x2A, 0x56, 0xA0, 0x9E,
    0xE1, 0x2F, 0xF9, 0x0A, 0x14, 0x3B, 0x73, 0xED, 0x43, 0xDC, 0xB8, 0x88, 0x3C, 0xAE, 0x79, 0xB9,
    0x45, 0x1A, 0x37, 0x5F, 0x80, 0x52, 0x52, 0x1A, 0xA2, 0x07, 0x40, 0x54, 0x01, 0xAF, 0x89, 0xD5,
    0x62, 0x79, 0x2E, 0x54, 0x59, 0x11, 0x09, 0x80, 0x5C, 0xDD, 0x38, 0xDC, 0xFA, 0x6F, 0x79, 0x47,
    0xD1, 0x92, 0x6E, 0x00, 0xE6, 0x2B, 0x19, 0x77, 0xDC, 0xDD, 0x99, 0x37, 0xC2, 0xAD, 0xEE, 0xDF,
    0xD4, 0xFB, 0xE7, 0x97, 0xEF, 0x9D, 0x56, 0x83, 0x5C, 0xBF, 0x1A, 0xEF, 0x8F, 0x2E, 0x9F, 0x9C,
    0x56, 0xA6, 0xBD, 0xFD, 0xDC, 0x4F, 0x20, 0xE7, 0x00, 0xE0, 0x12, 0x01, 0xC8, 0x05, 0x88, 0xD6,
    0x30, 0x4D, 0xF8, 0xCF, 0x74, 0x78, 0x0E, 0xF3, 0x6C, 0x05, 0x3B, 0xA4, 0x53, 0x98, 0x9B, 0x19,
    0x6D, 0x0F, 0x63, 0xC3, 0xBC, 0x98, 0x51, 0x5B, 0xE4, 0x43, 0x98, 0x97, 0x93, 0xCC, 0x8B, 0x6E,
    0x37, 0x2F, 0x47, 0x94, 0x4D, 0x98, 0xCB, 0x64, 0x42, 0x8B, 0x00, 0xB5, 0x9F, 0xAF, 0xC7, 0x79,
    0x3C, 0x1F, 0xE7, 0xC9, 0x84, 0x83, 0x7E, 0x66, 0x8F, 0x73, 0x33, 0xE0, 0xE0, 0xAF, 0xE8, 0xCF,
    0x2E, 0x2B, 0x20, 0x72, 0xA8, 0x90, 0x78, 0xCA, 0xAE, 0xE6, 0x08, 0xD4, 0x9C, 0x90, 0xCF, 0x68,
    0x6D, 0xFB, 0x7D, 0x72, 0x45, 0x44, 0x52, 0xF2, 0x61, 0xCF, 0x94, 0x31, 0x9B, 0x84, 0xDF, 0x67,
    0x93, 0x32, 0xE2, 0x07, 0x8B, 0x59, 0xC0, 0x4E, 0x50, 0x1F, 0xF3, 0x13, 0x26, 0xB3, 0x68, 0x0D,
    0xC6, 0xA7, 0xDA, 0x72, 0xCE, 0x46, 0x9F, 0xA5, 0xA6, 0x9E, 0xF1, 0xDC, 0xD8, 0x72, 0x74, 0xAC,
    0xA6, 0xEA, 0x20, 0xEF, 0x25, 0x2A, 0x11, 0x72, 0x43, 0x62, 0xEA, 0x7C, 0x16, 0x32, 0x9F, 0x75,
    0xCF, 0xA9, 0xF3, 0x71, 0x9B, 0x13, 0x87, 0x79, 0xB4, 0x1C, 0xE7, 0x89, 0xF3, 0xB3, 0xB7, 0x97,
    0x3A, 0xBA, 0x9F, 0x1B, 0xEB, 0xE8, 0xCE, 0x7F, 0x3E, 0x48, 0xD6, 0xAD, 0xCD, 0x25, 0x3E, 0xEF,
    0xDE, 0x67, 0xDD, 0x1B, 0x49, 0x42, 0xDC, 0x37, 0xF0, 0xF9, 0xE9, 0xA9, 0x05, 0x08, 0x24, 0xFC,
    0x01, 0x2B, 0x9F, 0xBF, 0xF6, 0x42, 0xE4, 0xBB, 0x82, 0x5C, 0xD5, 0x3D, 0x50, 0x70, 0x10, 0x34,
    0x62, 0x83, 0xE8, 0xA1, 0x22, 0x85, 0x9B, 0x9B, 0xEC, 0xFA, 0x4E, 0xBB, 0xBE, 0xDD, 0x4E, 0x7B,
    0xEE, 0xFA, 0xC6, 0xBB, 0xBE, 0xFB, 0xAE, 0x6F, 0xC1, 0xD3, 0x3E, 0xBC, 0xBE, 0x19, 0xAF, 0xEF,
    0xC8, 0xEB, 0xDB, 0xF2, 0xB4, 0x37, 0xAF, 0x6F, 0xD0, 0xEB, 0xBB, 0xF4, 0xFA, 0x56, 0x05, 0x1E,
    0x9D, 0x1F, 0xFA, 0xB5, 0xE0, 0x2C, 0xA5, 0x5C, 0xF7, 0x4D, 0x0B, 0x92, 0xFE, 0x21, 0xB0, 0x3B,
    0x74, 0x6E, 0xC3, 0xCE, 0xCD, 0xDA, 0x21, 0x5D, 0xAF, 0xDA, 0x37, 0x25, 0xEA, 0xC1, 0x1D, 0x29,
    0xC7, 0x7D, 0x0F, 0x2F, 0x28, 0x6D, 0x42, 0x67, 0x71, 0xD7, 0xC8, 0xB2, 0x38, 0x65, 0xB2, 0xB8,
    0xEB, 0x66, 0x37, 0x29, 0x66, 0xB3, 0xC2, 0x2C, 0xBB, 0x96, 0x2E, 0xC2, 0xE2, 0xBA, 0xEB, 0xEB,
    0xAB, 0x45, 0xEE, 0x9B, 0xDB, 0x2F, 0x2E, 0xDB, 0x22, 0x71, 0xBA, 0x18, 0x2D, 0xA7, 0x8B, 0xDA,
    0xEB, 0x47, 0x47, 0xDA, 0xF0, 0x27, 0x8B, 0xDA, 0xF5, 0x1A, 0xE7, 0x14, 0xE2, 0x0C, 0xAD, 0x2F,
    0x19, 0x8D, 0xA9, 0x64, 0xB4, 0xEB, 0xFF, 0x6C, 0xD5, 0xDC, 0x8B, 0x69, 0x77, 0x11, 0xB8, 0x79,
    0x2B, 0xAF, 0x14, 0x4A, 0xBB, 0xBB, 0x12, 0x62, 0xFE, 0xDD, 0x56, 0xCF, 0xFD, 0xE5, 0xD0, 0x92,
    0x40, 0x49, 0x36, 0x57, 0xD7, 0x84, 0x05, 0x72, 0x4E, 0x40, 0xC6, 0xE5, 0x70, 0x61, 0xE0, 0x61,
    0xA5, 0xE8, 0xCE, 0xE5, 0x63, 0x43, 0x9B, 0xB3, 0xCF, 0xD9, 0x15, 0x94, 0xFD, 0x48, 0x39, 0x6B,
    0xD8, 0x70, 0xB6, 0xDB, 0x0E, 0x14, 0x41, 0x11, 0x53, 0x49, 0x15, 0x56, 0x79, 0x55, 0x51, 0x2D,
    0x55, 0x54, 0x5D, 0x55, 0x57, 0x0B, 0x6A, 0x44, 0xED, 0xA8, 0x29, 0xB5, 0xB6, 0x37, 0xA8, 0x36,
    0xF7, 0x66, 0xD5, 0xF2, 0xC1, 0xB8, 0xD8, 0x3F, 0xB8, 0x50, 0x2F, 0x07, 0x47, 0xEA, 0x2B, 0xB8,
    0xD3, 0x71, 0x05, 0x97, 0x97, 0x55, 0xCD, 0x26, 0x3C, 0x25, 0x76, 0x09, 0xFB, 0x98, 0x03, 0xDC,
    0x68, 0x2D, 0x4A, 0x8B, 0x7C, 0x84, 0x19, 0x55, 0x4C, 0x25, 0x55, 0x58, 0xE5, 0x55, 0x45, 0xB5,
    0x54, 0x51, 0x75, 0x55, 0x5D, 0x2D, 0xA8, 0x11, 0xB5, 0x23, 0x23, 0x38, 0xDD, 0x1B, 0x54, 0x9B,
    0x7B, 0xB3, 0x46, 0xCC, 0x1E, 0x8C, 0xAB, 0x7D, 0x1D, 0x38, 0x7A, 0x91, 0x54, 0xCB, 0xA3, 0x2F,
    0x75, 0xA7, 0xE3, 0x08, 0xB1, 0x6F, 0x03, 0x76, 0x40, 0xC6, 0x01, 0x30, 0xB4, 0x40, 0xC1, 0x09,
    0x28, 0x7F, 0x3B, 0x03, 0xED, 0x87, 0x2B, 0xC0, 0x37, 0x89, 0x98, 0x60, 0x23, 0x0F, 0x71, 0x5D,
    0x36, 0xA3, 0x1C, 0x8C, 0x33, 0x69, 0x0B, 0x0B, 0x33, 0xD7, 0x3D, 0xD2, 0x05, 0x78, 0x17, 0xC9,
    0x2C, 0xC6, 0xDD, 0x5A, 0xDB, 0x47, 0x72, 0xD1, 0x56, 0x39, 0x51, 0x2E, 0x68, 0x67, 0x70, 0x74,
    0x58, 0xF8, 0x9C, 0x70, 0xEB, 0xEE, 0xA8, 0x93, 0x81, 0x68, 0x8F, 0xA2, 0x85, 0x77, 0xDF, 0xF6,
    0x6D, 0x5C, 0x0C, 0xB2, 0x90, 0x2D, 0x48, 0xC4, 0x5D, 0x07, 0x5A, 0x55, 0xD3, 0x21, 0x3C, 0x6D,
    0x2C, 0xE9, 0x8B, 0x8C, 0xB8, 0x1A, 0x44, 0xEB, 0x6D, 0xED, 0xD6, 0xF7, 0x04, 0xBF, 0x26, 0x49,
    0x34, 0x88, 0xAB, 0xBC, 0x81, 0x61, 0x87, 0xAC, 0xAF, 0x07, 0xE4, 0x14, 0x5F, 0xE5, 0xE4, 0x99,
    0x76, 0x30, 0xAB, 0x30, 0xFA, 0x6F, 0x8D, 0x54, 0x55, 0xF2, 0x1B, 0xE2, 0x15, 0x85, 0xA4, 0x3C,
    0x6D, 0x0F, 0x09, 0x66, 0x0D, 0x85, 0x71, 0x48, 0x44, 0x44, 0xC8, 0x8B, 0x78, 0x21, 0x11, 0x11,
    0x21, 0x2F, 0x72, 0x76, 0x9E, 0xF0, 0x1F, 0x57, 0xDC, 0xAD, 0xCA, 0x19, 0xE4, 0x14, 0xD1, 0xB6,
    0x2B, 0x4A, 0x0E, 0x09, 0x27, 0x12, 0x46, 0x1C, 0xCD, 0x24, 0x32, 0x56, 0xCA, 0x14, 0x72, 0xEE,
    0xA6, 0x7A, 0x41, 0xCB, 0x31, 0xE2, 0x98, 0x8F, 0x31, 0x7F, 0xBE, 0xA0, 0x3E, 0x87, 0x73, 0x94,
    0xF8, 0x4E, 0x14, 0x47, 0x0C, 0x0F, 0x2C, 0xE5, 0x08, 0x8D, 0xC5, 0x2C, 0x80, 0x8F, 0x45, 0x84,
    0x34, 0x16, 0xF6, 0x22, 0x12, 0xBD, 0xEB, 0x84, 0x44, 0xC4, 0xE5, 0x6E, 0x16, 0x11, 0x31, 0x52,
    0xA5, 0xAA, 0xD0, 0x94, 0x39, 0x6C, 0x45, 0x28, 0x6D, 0xDE, 0x78, 0xC6, 0xF4, 0x77, 0x20, 0x32,
    0x48, 0x2A, 0xB1, 0xBD, 0x6A, 0x07, 0x36, 0x8F, 0x2E, 0x9B, 0x96, 0x5D, 0xCD, 0xAE, 0xF5, 0xED,
    0x57, 0x2B, 0xD6, 0x97, 0x1D, 0x0E, 0xCB, 0x14, 0x8A, 0x0B, 0x99, 0x6E, 0x38, 0x77, 0x8E, 0x04,
    0xA3, 0x10, 0xBF, 0xC8, 0x15, 0x2F, 0x01, 0xBB, 0xA9, 0xE2, 0x19, 0x99, 0xE2, 0x45, 0x70, 0xEA,
    0xE2, 0x74, 0xD8, 0x4D, 0x27, 0xC1, 0xE9, 0x84, 0xE4, 0x0A, 0x8F, 0x82, 0xE3, 0x0B, 0x79, 0x5B,
    0x71, 0x0A, 0xD1, 0x05, 0xA2, 0xC7, 0xE2, 0x2B, 0x27, 0x34, 0x2A, 0x8D, 0x73, 0x8F, 0x75, 0x5D,
    0xBD, 0xCB, 0x73, 0x89, 0x1B, 0x1B, 0x9C, 0x91, 0x9F, 0x01, 0x11, 0x1D, 0x0C, 0xC8, 0x84, 0x48,
    0x53, 0x8E, 0x10, 0x3D, 0x29, 0x0C, 0x87, 0x52, 0x4E, 0xB8, 0x3E, 0x2C, 0x25, 0x9C, 0x72, 0xE6,
    0xFC, 0x90, 0x73, 0xD4, 0x1A, 0x21, 0xC0, 0x15, 0xF9, 0x59, 0x20, 0x93, 0x90, 0x3F, 0xE7, 0x08,
    0x64, 0x74, 0x7A, 0x42, 0xA4, 0xB2, 0x48, 0x59, 0x12, 0x42, 0x38, 0x29, 0xE9, 0x01, 0x24, 0x5C,
    0xE0, 0x49, 0xEF, 0xC9, 0x0A, 0x4F, 0x16, 0x4F, 0xE2, 0x8D, 0xCC, 0x9A, 0xE6, 0xBB, 0x78, 0x21,
    0x44, 0x5A, 0x97, 0x9C, 0x9E, 0x48, 0xC0, 0x0E, 0x6A, 0x76, 0x07, 0xD2, 0xE8, 0xB1, 0x4A, 0x1B,
    0x55, 0xF5, 0x1E, 0xF8, 0x25, 0x01, 0xD4, 0x07, 0xF2, 0x57, 0x50, 0x88, 0xCF, 0x4B, 0x28, 0x98,
    0xAE, 0xE8, 0x95, 0xAB, 0xAB, 0x6C, 0xD2, 0x83, 0xAB, 0x5E, 0x12, 0xDA, 0x7B, 0xED, 0xEA, 0xAC,
    0xFD, 0x98, 0x83, 0xC4, 0xE1, 0x01, 0x5B, 0x5D, 0x39, 0x6A, 0xA1, 0xA5, 0xD2, 0x1E, 0x5E, 0x7B,
    0xF4, 0x0B, 0x60, 0x63, 0x1F, 0x06, 0xEE, 0x1D, 0x92, 0xE7, 0x10, 0x28, 0x28, 0x20, 0x76, 0x63,
    0x7A, 0x98, 0x70, 0x65, 0x53, 0xC2, 0x6F, 0x79, 0xEE, 0xE5, 0x07, 0xC4, 0xD4, 0x90, 0xEA, 0x49,
    0x7A, 0xC7, 0x43, 0xBA, 0x22, 0xEF, 0xA1, 0xD0, 0x56, 0x6F, 0x60, 0x83, 0xBB, 0x3E, 0xCC, 0x3B,
    0x1A, 0xAC, 0xC7, 0x9A, 0xD7, 0x53, 0x8F, 0xBD, 0x6E, 0x3C, 0x09, 0x4E, 0xAC, 0xE0, 0x6C, 0xD0,
    0x94, 0x6F, 0x12, 0xF7, 0x38, 0x19, 0xBD, 0xB8, 0xF5, 0xE2, 0xBD, 0x17, 0xEF, 0xBC, 0xB8, 0x37,
    0xD0, 0xFA, 0x75, 0x4E, 0xDE, 0xFA, 0xEC, 0xAD, 0x3F, 0xF5, 0xD6, 0x4B, 0x6F, 0xBD, 0x6C, 0xC4,
    0x7A, 0xDE, 0x89, 0x75, 0x33, 0x88, 0xF5, 0xD4, 0x8A, 0xF5, 0x64, 0x92, 0x60, 0xA2, 0xD9, 0x07,
    0xB3, 0x7A, 0xEB, 0xB5, 0xB7, 0x5E, 0x36, 0x62, 0x3D, 0xEF, 0xCA, 0x0A, 0x4E, 0xA1, 0x05, 0x44,
    0x21, 0xD4, 0x3F, 0x40, 0x3E, 0xEE, 0x78, 0x1B, 0xB8, 0xA4, 0x32, 0x36, 0xEA, 0x94, 0x4F, 0x07,
    0x63, 0xCD, 0xC6, 0x9B, 0x25, 0x1B, 0xEA, 0x61, 0x93, 0xE6, 0x3F, 0xFC, 0x1B, 0x37, 0x8D, 0x82,
    0xBF, 0xFF, 0x88, 0x9B, 0xD5, 0xA8, 0x25, 0xD7, 0x0A, 0xDB, 0xC4, 0xB3, 0x0A, 0xF7, 0xC8, 0x67,
    0xCA, 0xE9, 0xA5, 0x33, 0x04, 0xDD, 0xDF, 0xFE, 0x8A, 0xE3, 0x66, 0x9F, 0xD9, 0x6F, 0x82, 0xCD,
    0x6C, 0x32, 0x43, 0xB1, 0xC9, 0x24, 0xBD, 0xB1, 0x69, 0xB7, 0x99, 0x84, 0xB1, 0xA8, 0x4E, 0xE2,
    0x7F, 0xE3, 0x42, 0xF2, 0xBA, 0xE3, 0xFB, 0xBE, 0xB4, 0xF2, 0x66, 0xC6, 0xCC, 0xCA, 0x0B, 0x16,
    0x3E, 0x46, 0x31, 0x44, 0x88, 0xA4, 0x1F, 0xAB, 0xAC, 0xCB, 0xFB, 0xAC, 0x89, 0x87, 0x74, 0x8C,
    0x07, 0x33, 0x9A, 0xAE, 0xEE, 0x92, 0x25, 0xB5, 0xB9, 0x2D, 0x56, 0xF3, 0x01, 0x87, 0x8C, 0x3F,
    0xB3, 0xED, 0x58, 0xF2, 0xD7, 0xBF, 0xA6, 0x35, 0xFC, 0xEF, 0xFF, 0xE4, 0x7C, 0x8F, 0xD2, 0x70,
    0x67, 0xA4, 0xE4, 0xE0, 0x26, 0xE7, 0xC0, 0x99, 0x63, 0x05, 0xAF, 0x95, 0xCF, 0xF9, 0x5C, 0x16,
    0xDC, 0x24, 0x6A, 0x45, 0xB2, 0xE4, 0xBF, 0x3F, 0x11, 0xDD, 0xDF, 0x7F, 0xC2, 0xB9, 0xA0, 0xF9,
    0x90, 0x83, 0xE1, 0x87, 0xFF, 0xC5, 0xC9, 0x4C, 0xC6, 0xBF, 0xB4, 0x4C, 0x6C, 0x61, 0x4D, 0x9F,
    0xF7, 0x79, 0x97, 0x8C, 0xE9, 0x98, 0x0E, 0x29, 0x8A, 0x21, 0xAE, 0xA2, 0x26, 0x1B, 0xE1, 0x4C,
    0x17, 0x1A, 0xF3, 0x74, 0x88, 0xFF, 0xC0, 0xD7, 0xE4, 0xD0, 0xDE, 0xF0, 0x93, 0xAF, 0x12, 0xFE,
    0x3A, 0xBA, 0xF0, 0x1A, 0x5E, 0xAF, 0xD8, 0xBD, 0xA1, 0x6B, 0xFD, 0x51, 0x86, 0x7F, 0x38, 0xC2,
    0x93, 0x47, 0x36, 0xFE, 0x1F, 0x10, 0x27, 0x69, 0xF5, 0xB7, 0x5E, 0xE8, 0xDB, 0x32, 0x80, 0xEB,
    0xAB, 0xFC, 0xF6, 0x36, 0x2F, 0x2F, 0x5E, 0xCD, 0x8E, 0xFC, 0x2A, 0x90, 0xFF, 0x51, 0x05, 0x9B,
    0xF2, 0x49, 0x27, 0xBC, 0x01, 0x7C, 0xC3, 0xFD, 0x60, 0xDC, 0x2F, 0x79, 0xF5, 0xDF, 0x95, 0xCD,
    0x5F, 0xFE, 0x01, 0xEC, 0x65, 0x9C, 0xBF, 0xF9, 0xCE, 0x17, 0x36, 0x5D, 0xFF, 0xBC, 0x85, 0x03,
    0xDC, 0x23, 0x1B, 0x69, 0x74, 0x69, 0xFA, 0x58, 0xBF, 0x1E, 0x15, 0x94, 0x35, 0x43, 0x4F, 0x04,
    0x8F, 0x28, 0xA4, 0xD1, 0x87, 0x84, 0x2B, 0xB8, 0xA0, 0x64, 0x97, 0x70, 0x4C, 0x38, 0xE9, 0x9D,
    0xB6, 0x8A, 0x39, 0xA7, 0xB4, 0xB2, 0x5C, 0x12, 0x11, 0x97, 0xC4, 0x4D, 0x0A, 0x76, 0xB9, 0x3F,
    0x7F, 0x91, 0x9B, 0xE4, 0xEC, 0xA3, 0x56, 0x26, 0x28, 0x86, 0xED, 0xD1, 0x39, 0x72, 0x13, 0xE0,
    0x38, 0x29, 0xD8, 0x43, 0x82, 0x58, 0x64, 0x52, 0xCA, 0x44, 0x52, 0xD0, 0x49, 0x07, 0x20, 0xE5,
    0x24, 0x93, 0x56, 0x02, 0xD6, 0x0D, 0x29, 0x40, 0xAA, 0xE6, 0x4E, 0xB8, 0x25, 0xC2, 0xF1, 0xA0,
    0x52, 0xB3, 0x09, 0x26, 0xC3, 0x52, 0xF9, 0x19, 0xFC, 0xA4, 0xF1, 0x93, 0x61, 0xBB, 0xF1, 0xEE,
    0x26, 0x8B, 0x4E, 0xFA, 0xD0, 0xB8, 0xE2, 0x66, 0x3F, 0xB9, 0xDB, 0x84, 0x1B, 0xF2, 0xCB, 0xC3,
    0xDD, 0x6A, 0x77, 0xA3, 0xE6, 0xA8, 0x71, 0x0A, 0x8E, 0xF7, 0x79, 0x26, 0xC7, 0xC9, 0x72, 0xFD,
    0x91, 0xA0, 0x53, 0x68, 0x0A, 0xAD, 0xDD, 0xDD, 0xD2, 0x5F, 0x83, 0x87, 0x07, 0xA7, 0x67, 0x3A,
    0xBA, 0xBC, 0xD4, 0xB3, 0xEC, 0xB0, 0x9E, 0xE1, 0x88, 0xD4, 0xB3, 0x1B, 0x71, 0xD5, 0x33, 0x0B,
    0x61, 0x2A, 0x31, 0xCF, 0x45, 0xCF, 0xA8, 0x63, 0xF4, 0x6C, 0x42, 0x36, 0x3D, 0x1B, 0xB3, 0x9D,
    0xB8, 0xF6, 0xC0, 0xC8, 0xD9, 0xAB, 0xE7, 0x2D, 0xD4, 0x7A, 0xD2, 0x7A, 0x2B, 0x63, 0xA4, 0x47,
    0x46, 0x3D, 0x5B, 0xCA, 0xB4, 0x84, 0x30, 0x5E, 0x04, 0xA5, 0xDD, 0xCE, 0x50, 0x61, 0xF5, 0xEC,
    0x28, 0x33, 0xEC, 0x99, 0xDC, 0xA1, 0xB2, 0x57, 0x46, 0xCF, 0x86, 0x19, 0xF4, 0x4C, 0x6C, 0x77,
    0xF5, 0x9B, 0x2B, 0x7F, 0x76, 0xAE, 0x55, 0x97, 0x08, 0xB5, 0x7A, 0x5C, 0x7C, 0xA0, 0x12, 0xBF,
    0x56, 0x3A, 0x22, 0xBF, 0x58, 0x09, 0x32, 0x5A, 0x5D, 0xC9, 0x42, 0x2A, 0xEB, 0x50, 0xB5, 0x7B,
    0x2C, 0x6C, 0xF0, 0x0E, 0x57, 0xC9, 0xA5, 0xCB, 0x48, 0x5A, 0xF8, 0x5D, 0x32, 0xB9, 0x4A, 0xD3,
    0x79, 0xBE, 0xA9, 0x59, 0x91, 0x30, 0xEC, 0x4B, 0xC7, 0x2C, 0xBA, 0x8D, 0x94, 0xFA, 0xA5, 0x1C,
    0x1D, 0x53, 0x0B, 0x33, 0x39, 0x26, 0x0D, 0x8C, 0x16, 0xAD, 0xB8, 0x62, 0x56, 0xBD, 0xB5, 0x8E,
    0xF9, 0xBA, 0x35, 0x76, 0xBE, 0x6C, 0xD7, 0x4E, 0x1E, 0x7A, 0xC3, 0x78, 0x46, 0xBC, 0x84, 0xDA,
    0x0B, 0x23, 0x22, 0xCA, 0x90, 0x40, 0xE6, 0x99, 0x67, 0x8E, 0x09, 0xDF, 0x25, 0xD2, 0x23, 0x53,
    0x39, 0x66, 0x54, 0x46, 0xF6, 0xD9, 0xC0, 0x23, 0xDC, 0x08, 0x91, 0xC8, 0xC8, 0x73, 0x56, 0xB1,
    0x6E, 0x9B, 0xD7, 0x92, 0x95, 0xA4, 0xA7, 0x17, 0x9C, 0xB9, 0x8E, 0xD9, 0xC9, 0x48, 0xF0, 0x31,
    0xBB, 0x6D, 0x03, 0xFA, 0x3A, 0xAE, 0xE0, 0x7B, 0x15, 0x10, 0xFD, 0x35, 0x5A, 0x0A, 0x54, 0xD7,
    0x92, 0xDA, 0x13, 0x94, 0x4A, 0x72, 0xC1, 0x2B, 0x52, 0x21, 0x8B, 0x6C, 0x0A, 0x3F, 0xFE, 0xC1,
    0x8C, 0xDD, 0xA5, 0xEA, 0xD3, 0x0B, 0x37, 0x1E, 0x18, 0xBB, 0x27, 0xF9, 0xB0, 0xBB, 0xB4, 0x51,
    0x76, 0x7B, 0x52, 0x6B, 0x4F, 0xB5, 0x95, 0x27, 0xC4, 0x8E, 0x44, 0x61, 0x93, 0x7E, 0x3B, 0x7E,
    0x28, 0x30, 0x29, 0x61, 0xF3, 0xC4, 0x93, 0x01, 0x3E, 0xFD, 0xD1, 0xC9, 0xD5, 0x72, 0xB0, 0x16,
    0x32, 0x1F, 0xC8, 0x72, 0x03, 0x39, 0x48, 0x06, 0xF5, 0x51, 0x89, 0x55, 0xD2, 0x29, 0x81, 0x90,
    0xDF, 0x3D, 0xF6, 0x04, 0xF8, 0x23, 0x20, 0x95, 0x2F, 0x8E, 0x54, 0xE9, 0x8C, 0x55, 0xFD, 0x0C,
    0xA0, 0x23, 0xEC, 0x02, 0xB9, 0xBC, 0xC4, 0x1B, 0x97, 0xD5, 0xF1, 0x2F, 0x2B, 0xE6, 0x84, 0x9E,
    0x18, 0xF2, 0xF3, 0x27, 0x4B, 0x55, 0x92, 0x36, 0x1B, 0xE1, 0x89, 0x45, 0xAB, 0x84, 0x37, 0x91,
    0x83, 0x64, 0xAD, 0xA4, 0x54, 0x92, 0x93, 0xFF, 0xF3, 0xE3, 0x19, 0x99, 0x9E, 0xA4, 0x48, 0x1D,
    0xE1, 0xEC, 0xD2, 0xC1, 0x63, 0x28, 0x50, 0x60, 0x54, 0x42, 0x9C, 0xF1, 0x77, 0xAD, 0x54, 0xB7,
    0x95, 0x38, 0x06, 0xD4, 0x42, 0x9C, 0x35, 0x21, 0xA3, 0x92, 0x49, 0xC9, 0x7C, 0x1D, 0x99, 0x0E,
    0xC4, 0x06, 0x75, 0xFE, 0xA2, 0x26, 0x7B, 0x7A, 0xA8, 0xB6, 0x18, 0x24, 0x84, 0x5D, 0x25, 0xCA,
    0xD1, 0x63, 0xDD, 0x69, 0x39, 0x9C, 0x22, 0x1F, 0x92, 0x4A, 0xF7, 0xA7, 0x66, 0x96, 0x1D, 0x6B,
    0xC1, 0xBF, 0xF8, 0x57, 0xDA, 0x92, 0x9F, 0x7C, 0x4A, 0xBB, 0x6D, 0xF0, 0x23, 0x41, 0x48, 0x79,
    0xB5, 0xF3, 0x75, 0x7B, 0xDE, 0x8F, 0x68, 0x75, 0xB7, 0xAB, 0xFB, 0xDC, 0xCC, 0x59, 0x30, 0xDD,
    0x99, 0xDF, 0xDB, 0xAA, 0xE5, 0xE0, 0x45, 0x31, 0xCC, 0x82, 0x92, 0xFB, 0x97, 0x56, 0x55, 0x41,
    0xF9, 0x64, 0x79, 0x33, 0xE8, 0xAD, 0xD1, 0x10, 0xC5, 0xF6, 0xD0, 0xDE, 0x79, 0x75, 0xD4, 0xFE,
    0xE3, 0x7D, 0xD1, 0xC1, 0xF4, 0x72, 0x6D, 0xC5, 0xAC, 0xD0, 0x0E, 0xC8, 0x86, 0xC3, 0x0D, 0x4E,
    0x9F, 0xE1, 0x05, 0x5A, 0xEA, 0x03, 0x89, 0x9E, 0x1F, 0x09, 0x8A, 0xFF, 0xE4, 0x1F, 0x14, 0x23,
    0xBF, 0xDC, 0x4E, 0x48, 0x59, 0xF9, 0xE3, 0xDB, 0xF6, 0x3B, 0x62, 0xA3, 0x39, 0xA0, 0xEE, 0xEB,
    0x0E, 0x5A, 0xAD, 0x87, 0xD0, 0x3B, 0xE9, 0x03, 0xFC, 0xB1, 0xC2, 0x16, 0x6A, 0x6E, 0xCB, 0x61,
    0x0B, 0xDE, 0x4C, 0x9A, 0x4E, 0x97, 0x6E, 0xF7, 0x0E, 0xC7, 0xF7, 0x52, 0x80, 0x19, 0xA8, 0xD7,
    0x0A, 0x29, 0x2D, 0x60, 0xC2, 0x13, 0x74, 0x24, 0xD4, 0x6B, 0x64, 0xFE, 0xC4, 0xEB, 0x93, 0xB8,
    0xD0, 0xAF, 0xB3, 0x7F, 0xBE, 0x6E, 0xEF, 0xF7, 0x46, 0xBC, 0xD1, 0xD4, 0x2B, 0xEA, 0x8A, 0x44,
    0x0B, 0x12, 0x04, 0x19, 0x2D, 0x20, 0xE3, 0x19, 0xF5, 0x9A, 0xCC, 0xC8, 0xC7, 0x74, 0x0A, 0xCF,
    0xFB, 0x46, 0x50, 0x3E, 0x84, 0x47, 0xFE, 0xB2, 0x0B, 0xFF, 0x9C, 0xB7, 0x70, 0xC0, 0x70, 0xA7,
    0x88, 0x97, 0x70, 0x97, 0x50, 0xD5, 0xF1, 0xA8, 0xDA, 0x07, 0xD5, 0xD2, 0xAB, 0x56, 0x9B, 0x2A,
    0x56, 0xBC, 0xED, 0x54, 0x13, 0x76, 0xC9, 0x6C, 0x68, 0x93, 0xC9, 0xA1, 0x6C, 0x74, 0xC8, 0x58,
    0x41, 0x43, 0xC6, 0x21, 0xEF, 0x13, 0x8A, 0xE2, 0xEB, 0xBA, 0xC5, 0x79, 0xA4, 0x7F, 0x62, 0x41,
    0x18, 0xAE, 0x42, 0x72, 0xB2, 0xC3, 0x8A, 0xB2, 0x6F, 0xC7, 0x68, 0x75, 0x81, 0xE5, 0xAB, 0xBC,
    0xAB, 0x95, 0xFA, 0xCC, 0x12, 0x21, 0x39, 0x82, 0xFA, 0xF1, 0x6B, 0x05, 0x62, 0x6D, 0x82, 0x1F,
    0xF1, 0x73, 0x6D, 0xFA, 0xE2, 0xF8, 0x06, 0x66, 0xF2, 0x4B, 0xEB, 0xE5, 0x2F, 0xFD, 0xA2, 0xBF,
    0xD8, 0xCE, 0x68, 0xC3, 0xAE, 0x39, 0x9B, 0xC3, 0x9D, 0x2E, 0xA2, 0xA6, 0x21, 0xE2, 0xCD, 0xDF,
    0x42, 0x21, 0xEB, 0x71, 0x02, 0x5A, 0xFA, 0x42, 0x2A, 0x60, 0xF3, 0xE1, 0x3E, 0x92, 0x29, 0xEF,
    0x5B, 0x98, 0xC5, 0xFC, 0x86, 0x5D, 0x2A, 0x27, 0xAC, 0x82, 0x7B, 0x54, 0x9F, 0x81, 0xE2, 0xD3,
    0x4F, 0x2D, 0x90, 0x89, 0xDF, 0xF5, 0x2F, 0xB9, 0x7C, 0x6B, 0xA6, 0xC0, 0x01, 0xBF, 0x15, 0x73,
    0xC5, 0x5B, 0x30, 0x92, 0x2F, 0xEA, 0x8F, 0x3E, 0x1A, 0x11, 0xF3, 0xE7, 0xBF, 0x5A, 0x61, 0xC4,
    0x4E, 0x97, 0xCE, 0x79, 0xCF, 0x2A, 0x1A, 0xF3, 0xFE, 0xBB, 0xC0, 0x83, 0x62, 0x78, 0xFD, 0xCA,
    0xFB, 0xDD, 0x8B, 0xE7, 0xBF, 0xCC, 0xED, 0xF6, 0xD4, 0x25, 0xBB, 0x6B, 0x88, 0x1E, 0xCB, 0x29,
    0xF8, 0xF4, 0x65, 0xA4, 0x59, 0xA0, 0x52, 0x08, 0x0F, 0x1E, 0x27, 0xA4, 0x64, 0xA5, 0x4E, 0xC2,
    0x1F, 0x79, 0xBC, 0xCC, 0x8B, 0xBC, 0x9B, 0x62, 0x31, 0x1A, 0x35, 0x1E, 0xE8, 0xA7, 0x91, 0xC3,
    0xD7, 0x91, 0xE3, 0x07, 0x12, 0x1D, 0xDD, 0xF1, 0x33, 0xC9, 0xF1, 0x4B, 0x89, 0x8E, 0x79, 0x37,
    0xA6, 0xD3, 0x4F, 0x26, 0x32, 0xDA, 0x61, 0x37, 0xBA, 0xD3, 0x6F, 0x27, 0x32, 0x5E, 0x00, 0xF9,
    0xA8, 0xB4, 0x5E, 0x95, 0x92, 0x37, 0xD3, 0x20, 0x77, 0x6F, 0xDC, 0x97, 0xE9, 0x81, 0xEE, 0xC5,
    0xF3, 0xC5, 0x8B, 0x4C, 0x5A, 0x56, 0x2E, 0xBE, 0xCA, 0x11, 0xD7, 0xE7, 0x69, 0x38, 0xAE, 0xFB,
    0xE9, 0x76, 0x8A, 0x2E, 0x7C, 0xF9, 0x9B, 0xFD, 0x3D, 0xE4, 0x5C, 0x69, 0xB9, 0x28, 0x6D, 0x6F,
    0x88, 0x6B, 0x7F, 0xBC, 0x98, 0x95, 0x46, 0xFB, 0x8C, 0xB3, 0x49, 0xDB, 0x5B, 0x5B, 0x81, 0xF3,
    0x69, 0x5C, 0x47, 0x1A, 0xE4, 0xD2, 0x69, 0xB7, 0x5F, 0x3C, 0xDA, 0x2D, 0xE6, 0x2F, 0x17, 0x57,
    0xB9, 0x1C, 0xF2, 0x52, 0x08, 0x79, 0x87, 0x3A, 0x5C, 0x5B, 0xB7, 0xF8, 0xA4, 0x6E, 0xF3, 0x56,
    0xE7, 0x31, 0xD4, 0x3D, 0xDC, 0xE7, 0xA5, 0xAD, 0xB7, 0xA1, 0xF7, 0xF9, 0x67, 0x78, 0x05, 0x90,
    0xF0, 0x8A, 0xF5, 0xF9, 0xED, 0x83, 0xF3, 0xAD, 0x6E, 0x03, 0x14, 0x93, 0xD2, 0xF6, 0x25, 0x3B,
    0x28, 0x54, 0x22, 0x1B, 0xF0, 0xF2, 0xF0, 0xAA, 0x67, 0x32, 0xE8, 0xE1, 0xE5, 0xE1, 0x0F, 0xDA,
    0x89, 0xF7, 0x9A, 0x68, 0x46, 0x76, 0x5E, 0xDB, 0x68, 0x41, 0x39, 0x72, 0x74, 0xA4, 0x9D, 0x38,
    0x09, 0x99, 0x37, 0xD2, 0xCA, 0x62, 0x3D, 0x95, 0x83, 0x23, 0x12, 0xA8, 0x23, 0xC0, 0x4D, 0x84,
    0x1E, 0xE6, 0x23, 0x79, 0xF8, 0xF0, 0x87, 0xAB, 0xBC, 0x59, 0xBA, 0x41, 0xAF, 0xE8, 0x1D, 0xC9,
    0xFB, 0xD6, 0x8A, 0xBF, 0xF1, 0x10, 0x44, 0x20, 0xDB, 0xB1, 0x4D, 0xF2, 0x4B, 0xB5, 0x57, 0x36,
    0x1D, 0x25, 0xA5, 0x69, 0x64, 0xF1, 0x4B, 0xB6, 0x97, 0x7A, 0x94, 0xA3, 0x61, 0xC8, 0x0A, 0xA4,
    0x96, 0x22, 0x90, 0xAF, 0x87, 0xA3, 0xC5, 0xCE, 0x85, 0x8B, 0xAA, 0x38, 0x28, 0x56, 0xC5, 0xAA,
    0x37, 0x87, 0x10, 0xDE, 0xD1, 0xAC, 0x7A, 0xDC, 0xFE, 0x74, 0xEA, 0xE9, 0x7B, 0xA7, 0x7F, 0xDA,
    0xD4, 0x72, 0xFD, 0xAA, 0xFE, 0x6C, 0xEC, 0x89, 0x85, 0x79, 0x6E, 0x50, 0xE0, 0xD6, 0xBD, 0xD7,
    0x5C, 0x4A, 0xCE, 0x39, 0xC7, 0x8C, 0x43, 0xC2, 0x2E, 0x66, 0x03, 0x02, 0x4F, 0x83, 0xCC, 0x6D,
    0x7A, 0x07, 0x04, 0x0B, 0x1F, 0xFE, 0xAB, 0x45, 0xCA, 0xDE, 0xDF, 0x28, 0xC7, 0x52, 0x2E, 0xF0,
    0xE5, 0xB6, 0xBD, 0x0B, 0x43, 0xA4, 0x9F, 0xF4, 0xF9, 0x9B, 0xE3, 0x4F, 0xF0, 0x93, 0xEF, 0xE1,
    0x7D, 0xF3, 0x53, 0xEB, 0xC2, 0x00, 0x6F, 0x3D, 0x77, 0x77, 0xA1, 0x72, 0xC6, 0xA3, 0xF7, 0xF1,
    0xB5, 0x74, 0xDD, 0xFF, 0x02, 0xED, 0x97, 0x01, 0x84, 0x1E, 0x47, 0x1B, 0xC7, 0xFF, 0xBB, 0x13,
    0xB7, 0x58, 0x2C, 0x7C, 0xC7, 0xF7, 0x5D, 0xF8, 0x06, 0x20, 0xE2, 0xF3, 0x2D, 0x00, 0x7C, 0xF7,
    0xCD, 0xB6, 0x55, 0x05, 0x08, 0xEE, 0x55, 0x1A, 0x04, 0x80, 0x53, 0x0E, 0x0A, 0xA5, 0xB1, 0x0B,
    0x14, 0xD0, 0x03, 0x00, 0x04, 0x29, 0xC9, 0x06, 0x01, 0x50, 0xDA, 0xCC, 0xB6, 0x00, 0x45, 0x17,
    0x02, 0xA0, 0xAB, 0x4D, 0x21, 0x45, 0x17, 0x5B, 0x36, 0xCD, 0xEC, 0xFE, 0xFB, 0x3C, 0xBB, 0xF7,
    0xE6, 0x6D, 0x4E, 0x73, 0x92, 0x40, 0xA9, 0x8C, 0x99, 0xDF, 0xDE, 0x3B, 0xF3, 0x9F, 0x67, 0x66,
    0x9E, 0x67, 0x66, 0x76, 0x0F, 0x4B, 0x3A, 0x61, 0x85, 0x98, 0x1C, 0x91, 0xF2, 0xC6, 0x0C, 0x1B,
    0x0C, 0xE1, 0xC6, 0x98, 0x95, 0x1B, 0x22, 0x36, 0x65, 0x0F, 0xB6, 0x5E, 0xD0, 0x5D, 0x8C, 0x45,
    0x57, 0x6A, 0x0F, 0xA7, 0xC8, 0xD5, 0x40, 0xA6, 0xA6, 0x12, 0xDE, 0x9F, 0x10, 0x91, 0x03, 0x60,
    0xE7, 0x02, 0x38, 0x82, 0xA1, 0xE4, 0x42, 0x88, 0x2F, 0xB0, 0xA6, 0xFD, 0x0D, 0x4A, 0x22, 0xD5,
    0xFA, 0x8B, 0x73, 0x91, 0xB0, 0x2A, 0x19, 0x8E, 0xEB, 0x3B, 0x40, 0x1A, 0x00, 0xD8, 0x49, 0xE0,
    0x14, 0x5E, 0x10, 0x3D, 0x15, 0x98, 0x9F, 0x05, 0xD9, 0xB7, 0x82, 0x3C, 0x15, 0xDC, 0x54, 0x8C,
    0x02, 0xD3, 0x0B, 0xD2, 0x56, 0x60, 0x2B, 0x81, 0x23, 0x19, 0x76, 0x00, 0x54, 0xB7, 0x22, 0x13,
    0xC4, 0x9E, 0xB7, 0x60, 0x74, 0xDA, 0x71, 0x5D, 0xDF, 0xDA, 0xAB, 0xEB, 0xBB, 0x48, 0x48, 0x31,
    0xF0, 0x0C, 0xD9, 0xE3, 0xFA, 0x01, 0xB2, 0x06, 0xFF, 0x45, 0x56, 0xE1, 0x5F, 0x0A, 0x20, 0x7B,
    0x77, 0x03, 0x58, 0xB2, 0x53, 0xE8, 0x40, 0x27, 0x54, 0xA3, 0x94, 0x36, 0xC3, 0x66, 0xC1, 0x5E,
    0x21, 0x70, 0x95, 0xA0, 0x6C, 0x74, 0x35, 0x5D, 0x46, 0xB8, 0xD9, 0x8B, 0x3D, 0xB2, 0x47, 0xE4,
    0xD5, 0x47, 0x9A, 0x2C, 0x3B, 0x90, 0xA3, 0x99, 0x92, 0x29, 0x1B, 0xCC, 0x64, 0xBB, 0x78, 0x74,
    0x6D, 0x54, 0xB8, 0x06, 0x28, 0xA5, 0xF8, 0xAF, 0x3F, 0x07, 0xC9, 0x96, 0x4F, 0x4E, 0x06, 0x36,
    0x69, 0x60, 0x65, 0x66, 0x36, 0x86, 0x5A, 0xBC, 0x94, 0xB2, 0x35, 0x74, 0x9D, 0xF4, 0xEB, 0xD3,
    0x90, 0x4E, 0x76, 0x88, 0x45, 0x8B, 0x7C, 0xC2, 0xD5, 0xBA, 0xAE, 0x2B, 0x47, 0xD1, 0xFD, 0x01,
    0x75, 0xED, 0x8B, 0x43, 0xC0, 0xE1, 0x7F, 0xC0, 0x8C, 0x2B, 0x88, 0x02, 0x00, 0x33, 0x0A, 0x92,
    0x5E, 0x90, 0x75, 0x82, 0xBC, 0x15, 0xE8, 0xE8, 0xF0, 0x05, 0x10, 0x51, 0x15, 0xB3, 0x2A, 0x82,
    0x2A, 0x54, 0x6B, 0x55, 0xEB, 0x14, 0x5E, 0xB5, 0x75, 0x05, 0x6C, 0x37, 0x58, 0x07, 0xB3, 0xB8,
    0x6C, 0x4E, 0x58, 0xE4, 0xA3, 0x6E, 0x92, 0x11, 0x5B, 0x04, 0xDD, 0x2E, 0x7C, 0x87, 0xC8, 0xF8,
    0x4B, 0x50, 0x5D, 0x0B, 0x94, 0x1C, 0x00, 0x4F, 0x22, 0x9D, 0x4B, 0xD5, 0xA5, 0xBA, 0xC1, 0x22,
    0xF6, 0xBE, 0x83, 0xDF, 0xA1, 0x73, 0x03, 0xD8, 0xD8, 0xF9, 0x3A, 0x0B, 0x8D, 0x8D, 0x0E, 0x74,
    0x8A, 0x25, 0xF9, 0x09, 0x09, 0xA5, 0x69, 0xC8, 0x7B, 0xD7, 0x65, 0xA3, 0x6F, 0x92, 0xC0, 0xC6,
    0x4C, 0x6C, 0xB6, 0x4E, 0x8A, 0xE9, 0xD5, 0x41, 0x7D, 0x46, 0x4B, 0xD2, 0xF0, 0x07, 0x62, 0x5F,
    0x97, 0x63, 0x26, 0x29, 0x41, 0x57, 0xF5, 0x1F, 0x64, 0xC3, 0x21, 0x6C, 0xE7, 0x8A, 0xB2, 0xC9,
    0x39, 0x63, 0x8F, 0x1D, 0x10, 0xDD, 0x06, 0x10, 0x8F, 0x17, 0xE0, 0xF8, 0xDE, 0x5C, 0x9F, 0x7A,
    0x92, 0xDD, 0x82, 0xE5, 0xE7, 0xC5, 0x3D, 0x16, 0xA3, 0xC7, 0x75, 0xFD, 0x5C, 0x37, 0xFD, 0xB9,
    0xBF, 0xD9, 0x6C, 0xAE, 0xED, 0xEA, 0x4A, 0x41, 0x8B, 0x3F, 0x49, 0x3B, 0xC9, 0x02, 0xED, 0x56,
    0x40, 0xD3, 0x27, 0x1A, 0x1C, 0xD7, 0x83, 0x95, 0x21, 0xB2, 0x00, 0x3B, 0xC2, 0x0D, 0x5A, 0x51,
    0xF6, 0xF0, 0xDD, 0x59, 0xE6, 0x36, 0x6F, 0x6B, 0xB4, 0xD5, 0x49, 0x1E, 0x54, 0x9F, 0x4D, 0x30,
    0x84, 0x44, 0x48, 0x7F, 0x6B, 0xA8, 0x3F, 0xC4, 0x92, 0x3E, 0x06, 0xCA, 0x56, 0x05, 0xC9, 0xDA,
    0xEA, 0x3B, 0xED, 0x93, 0x4B, 0x9F, 0xA0, 0x39, 0x5B, 0xF3, 0xF4, 0x7C, 0xD6, 0x4A, 0x6D, 0xCD,
    0x47, 0x15, 0x4B, 0xF6, 0x4D, 0x24, 0xA1, 0x9B, 0xB4, 0x5F, 0x59, 0xE0, 0xA3, 0xB3, 0xBB, 0x60,
    0xEF, 0x09, 0xE0, 0x98, 0xB3, 0x41, 0xC2, 0x07, 0xEC, 0x61, 0xD8, 0x3A, 0x65, 0x95, 0x0F, 0xC2,
    0xC2, 0x8E, 0x42, 0xBC, 0x12, 0x13, 0x56, 0x32, 0x6C, 0xC9, 0xD1, 0xB2, 0xB9, 0x5A, 0xDF, 0x3E,
    0xA8, 0xAB, 0xBF, 0xE2, 0xE6, 0x53, 0xF7, 0xE5, 0x41, 0x6A, 0x02, 0xAC, 0x14, 0xFF, 0x5D, 0x40,
    0x99, 0x05, 0xFC, 0x43, 0x0A, 0x5E, 0xB1, 0x1C, 0x78, 0xDE, 0x71, 0xE4, 0x24, 0xA7, 0xF9, 0x0E,
    0x34, 0x45, 0x9E, 0x15, 0x52, 0x5D, 0x8A, 0x0D, 0x56, 0x1D, 0x9A, 0x12, 0x79, 0x9F, 0x10, 0x56,
    0x11, 0x77, 0x02, 0x20, 0x9D, 0xB1, 0x5A, 0x80, 0x1D, 0x04, 0xAE, 0x3D, 0x3B, 0xCC, 0xF1, 0xA4,
    0x8D, 0xFD, 0xF6, 0x7C, 0xCF, 0x30, 0x4D, 0x32, 0x20, 0x69, 0xF2, 0x87, 0x9B, 0x1B, 0xCD, 0xB9,
    0xBB, 0x42, 0x46, 0xDC, 0x7A, 0x4F, 0x87, 0x4C, 0x74, 0x79, 0xD9, 0x32, 0x64, 0xFF, 0x6C, 0xC8,
    0x4E, 0x80, 0x6B, 0x0A, 0x0D, 0x3B, 0x34, 0xDE, 0xB8, 0xCA, 0x16, 0x70, 0x2C, 0xF4, 0xAF, 0x51,
    0x87, 0xA3, 0xC0, 0xB0, 0x82, 0x6E, 0x9F, 0x4B, 0x8A, 0x43, 0x45, 0xA9, 0x75, 0x65, 0x25, 0xAD,
    0xEE, 0x37, 0x1F, 0x90, 0x91, 0x1D, 0x22, 0xFF, 0x04, 0xF8, 0x1B, 0xDE, 0xF7, 0x6F, 0xEE, 0xFB,
    0x37, 0xF7, 0xFD, 0x9B, 0xFB, 0x1E, 0x07, 0x77, 0x01, 0x43, 0x76, 0xD2, 0x45, 0x84, 0x59, 0x2F,
    0x7D, 0x52, 0x3D, 0xBA, 0xB8, 0xA6, 0x80, 0xE2, 0x83, 0xFB, 0xEB, 0x19, 0x14, 0x4B, 0x7A, 0x92,
    0xB5, 0xB5, 0xEC, 0x76, 0xC8, 0xA4, 0x6E, 0x28, 0x67, 0x58, 0xFE, 0xC8, 0x36, 0xE1, 0xDB, 0x6C,
    0x77, 0x96, 0x23, 0x75, 0x62, 0x32, 0xDF, 0x10, 0xCB, 0x63, 0x12, 0x90, 0xF7, 0x66, 0x16, 0x03,
    0x86, 0xD2, 0x4D, 0x41, 0x6E, 0xD1, 0x01, 0x2B, 0x5C, 0xBF, 0xE2, 0x92, 0x4E, 0xFD, 0xDF, 0x48,
    0xF9, 0xD6, 0x57, 0xEB, 0x4B, 0x02, 0xF9, 0x76, 0xBB, 0x61, 0x6F, 0xB5, 0xDC, 0x8B, 0xE5, 0xEB,
    0x93, 0x58, 0x8E, 0x89, 0x5C, 0xFD, 0xEE, 0x04, 0x4D, 0xD9, 0xAD, 0xF0, 0xED, 0x39, 0x38, 0x6D,
    0x58, 0x24, 0x76, 0x10, 0x47, 0xA4, 0xC1, 0xCC, 0xCF, 0x2C, 0x57, 0xDB, 0x2F, 0xE1, 0xA3, 0xFD,
    0x0D, 0x1C, 0x83, 0x27, 0x2E, 0xF3, 0x91, 0xFD, 0x15, 0x11, 0xDB, 0xAC, 0x01, 0xCA, 0xDE, 0x02,
    0xB0, 0xE1, 0xA6, 0x30, 0xE5, 0x20, 0x34, 0xEB, 0x32, 0x17, 0x46, 0x4B, 0x4D, 0xF2, 0x7D, 0x50,
    0xCD, 0x7B, 0x14, 0x1E, 0x6A, 0x94, 0x10, 0x34, 0x50, 0xC9, 0x08, 0x2F, 0x99, 0x9F, 0x92, 0xD5,
    0x4A, 0x1C, 0xDF, 0x16, 0xB5, 0xFE, 0x61, 0x1F, 0xB3, 0xC7, 0xFF, 0x91, 0x07, 0x5C, 0xC1, 0xE2,
    0xEE, 0x64, 0x16, 0x18, 0xAE, 0x38, 0xAE, 0xEF, 0x11, 0x7E, 0x71, 0xCF, 0x4F, 0xEF, 0x9F, 0xB9,
    0xCC, 0x75, 0x22, 0x91, 0x10, 0x04, 0x64, 0x83, 0x1D, 0x90, 0xAC, 0xE7, 0x77, 0xC6, 0x9A, 0x4A,
    0x2A, 0x4F, 0x16, 0x9A, 0x17, 0x32, 0xBE, 0xAB, 0xCC, 0xD9, 0x08, 0x3D, 0x7B, 0x61, 0x5B, 0x2A,
    0x1B, 0x37, 0x08, 0xE5, 0xC6, 0x50, 0xDA, 0x57, 0xE2, 0xEE, 0x0D, 0x5F, 0xAD, 0x7C, 0xB9, 0x99,
    0x60, 0x73, 0x24, 0x8C, 0x39, 0x0B, 0x51, 0x3E, 0x52, 0xBA, 0x42, 0x19, 0x20, 0x34, 0xBD, 0x32,
    0x6B, 0x95, 0xAE, 0x53, 0x72, 0x58, 0x18, 0x94, 0x9F, 0x51, 0x29, 0x23, 0x0B, 0x25, 0x4A, 0x42,
    0xF8, 0x5E, 0x58, 0xB9, 0x65, 0x26, 0x19, 0x2B, 0x61, 0x74, 0x5F, 0xA8, 0xD3, 0x30, 0xAF, 0x99,
    0xD5, 0x88, 0xE4, 0xFD, 0x23, 0x71, 0xDA, 0xC1, 0x29, 0x1C, 0x73, 0x7E, 0xC3, 0x09, 0x97, 0xE9,
    0xF9, 0x94, 0x5C, 0x5C, 0x37, 0x8B, 0xCA, 0xB0, 0xC9, 0xF5, 0x66, 0x5D, 0xDD, 0xB7, 0x3C, 0xED,
    0xFA, 0xC4, 0x6B, 0x3E, 0xD5, 0xA1, 0x6C, 0x56, 0x67, 0x32, 0x6C, 0x9F, 0x3A, 0x8F, 0xED, 0xE7,
    0x99, 0xCE, 0xA1, 0xDB, 0x05, 0x2F, 0x3F, 0x1F, 0x3C, 0xBC, 0x34, 0xCF, 0x07, 0x6F, 0xFF, 0x48,
    0x2E, 0xC9, 0x72, 0xCA, 0x59, 0x5D, 0x9E, 0x67, 0x76, 0x32, 0x44, 0x3E, 0x98, 0xF5, 0xB3, 0xAA,
    0x50, 0x20, 0x9D, 0x5E, 0x80, 0x4C, 0xB0, 0x48, 0x1A, 0x3B, 0x1A, 0x7D, 0x8B, 0x18, 0x7A, 0xB6,
    0x86, 0x76, 0x89, 0x30, 0xCE, 0x23, 0x61, 0x05, 0x94, 0x0C, 0x80, 0xFE, 0x4F, 0x29, 0x3C, 0x45,
    0xCA, 0x19, 0xAE, 0xF5, 0x55, 0x59, 0xE4, 0x8D, 0x2F, 0x6C, 0xE1, 0xDB, 0xF5, 0x63, 0xC3, 0xF1,
    0x11, 0x2C, 0x89, 0x98, 0xCB, 0xD2, 0xDB, 0x7F, 0xA2, 0xEC, 0xBE, 0x84, 0xED, 0x26, 0xD8, 0x96,
    0x85, 0x13, 0x4F, 0x11, 0xA9, 0x68, 0x96, 0x94, 0x4B, 0x71, 0x52, 0x3C, 0x44, 0xBF, 0x81, 0xB4,
    0x15, 0x52, 0x74, 0xCC, 0x97, 0x2C, 0x85, 0xF4, 0x7B, 0x58, 0x80, 0xAC, 0x90, 0xCF, 0xD0, 0xF4,
    0x3B, 0xC5, 0x9A, 0x3D, 0x90, 0xDD, 0xD6, 0x75, 0xC7, 0x0F, 0x00, 0x93, 0x48, 0x84, 0xCC, 0x40,
    0x85, 0x77, 0x32, 0x21, 0x67, 0x02, 0xD7, 0x6C, 0xD0, 0x37, 0x04, 0x24, 0x17, 0x2A, 0xBD, 0x05,
    0x1F, 0x55, 0xB0, 0x60, 0xDA, 0x50, 0xC5, 0x36, 0x69, 0x45, 0xC0, 0x71, 0x91, 0x52, 0x5B, 0x98,
    0x69, 0xD2, 0xB0, 0x60, 0x41, 0xBE, 0x14, 0xAF, 0x4D, 0xA1, 0xF8, 0x42, 0x56, 0xE1, 0x52, 0x48,
    0x3C, 0x9A, 0x14, 0x2E, 0x82, 0x24, 0x52, 0x0A, 0xB2, 0x10, 0x92, 0x80, 0x11, 0x76, 0x09, 0xE0,
    0x1F, 0x9C, 0x0F, 0xE0, 0xBD, 0xE5, 0x72, 0x69, 0x39, 0xE3, 0x28, 0x67, 0x86, 0xFB, 0xFB, 0x9F,
    0xF7, 0xEE, 0x37, 0x80, 0x73, 0xCF, 0x7D, 0x20, 0xED, 0xED, 0x04, 0x93, 0x30, 0x02, 0x50, 0xB3,
    0xC8, 0xF0, 0x02, 0x1D, 0x0B, 0xF4, 0x84, 0x61, 0x66, 0x80, 0x86, 0x32, 0x16, 0x11, 0x2A, 0xCA,
    0xF8, 0xAB, 0x18, 0x25, 0xA5, 0x5C, 0x38, 0x05, 0xD1, 0x0F, 0xB4, 0x12, 0x11, 0x5D, 0x21, 0x26,
    0x4A, 0x01, 0xA0, 0x9D, 0x45, 0xC6, 0xA2, 0x9B, 0xC5, 0x0D, 0x15, 0x20, 0x2A, 0x26, 0x8A, 0x17,
    0x11, 0x76, 0x29, 0x72, 0x15, 0x31, 0x4A, 0x16, 0x41, 0x17, 0xA1, 0x62, 0xC1, 0xC3, 0x68, 0x55,
    0x10, 0x46, 0x13, 0x19, 0xBE, 0x76, 0xD3, 0xE6, 0x8E, 0x0C, 0x9E, 0x4D, 0xA6, 0x63, 0x82, 0x36,
    0xF3, 0x57, 0x1B, 0x16, 0x52, 0xF8, 0xBB, 0x88, 0xE9, 0x75, 0xE1, 0x2D, 0xC2, 0x67, 0x71, 0x04,
    0x6C, 0x77, 0xA3, 0x74, 0x0B, 0xE0, 0x82, 0xA0, 0x21, 0x2E, 0x19, 0xD4, 0x1B, 0xBB, 0x24, 0x67,
    0x78, 0x5D, 0x2A, 0xEE, 0xCD, 0xC9, 0x09, 0x00, 0x34, 0x44, 0x9E, 0x55, 0x8B, 0x80, 0xE7, 0x40,
    0x4E, 0x19, 0x7E, 0x53, 0x39, 0x54, 0x04, 0xC4, 0x15, 0x50, 0x07, 0x98, 0x5B, 0x7B, 0x85, 0x3A,
    0x44, 0x17, 0xFF, 0xF4, 0x5B, 0xD4, 0x31, 0xDA, 0xE4, 0xFD, 0xFF, 0x44, 0x95, 0xA0, 0x49, 0x83,
    0xFF, 0x00, 0x65, 0xA8, 0xB3, 0xA0, 0x39, 0x9D, 0x59, 0xDD, 0x0E, 0x1A, 0xA2, 0x02, 0xD5, 0xC7,
    0x61, 0x2D, 0xFC, 0x34, 0xAA, 0x88, 0xDC, 0xCC, 0x58, 0xC9, 0xC3, 0x62, 0xF6, 0x49, 0xCE, 0xFC,
    0x4C, 0x86, 0x53, 0xE0, 0x97, 0xAD, 0xF2, 0xF3, 0x36, 0x93, 0x59, 0x7C, 0xDE, 0xDC, 0x16, 0xFE,
    0xBA, 0xF9, 0x58, 0x2E, 0xEA, 0xB7, 0xF5, 0xA7, 0x72, 0x95, 0x51, 0x0D, 0x44, 0x65, 0x34, 0xB3,
    0xA7, 0xA0, 0x0A, 0x80, 0x9F, 0xF6, 0x14, 0x57, 0x1E, 0xE6, 0x86, 0xA8, 0xA8, 0xA8, 0xC0, 0xAB,
    0xF6, 0x26, 0x4A, 0x4A, 0x6C, 0xCD, 0x03, 0xC6, 0x20, 0x2D, 0xCB, 0x3C, 0xE9, 0xA1, 0xC3, 0xD9,
    0x0C, 0xE2, 0xE1, 0xB0, 0x0D, 0x46, 0x5B, 0x25, 0xAF, 0x3F, 0x58, 0xA5, 0x43, 0xF3, 0x1C, 0xA6,
    0x9C, 0x48, 0x1A, 0xEE, 0x6D, 0xBD, 0xC0, 0xEB, 0xD5, 0xF3, 0x64, 0x28, 0x95, 0x3E, 0xEB, 0x59,
    0xF3, 0x20, 0x6B, 0x8F, 0xFB, 0x0C, 0x79, 0xDD, 0x7A, 0x1E, 0x43, 0x15, 0xA2, 0x65, 0x52, 0x2C,
    0xFC, 0x6A, 0x66, 0x43, 0x6C, 0x29, 0x6A, 0x61, 0x86, 0xEA, 0x35, 0x7E, 0xB6, 0x7D, 0x1A, 0x4D,
    0xBC, 0x2E, 0x18, 0x32, 0x54, 0x05, 0x3E, 0x73, 0xA3, 0x43, 0x5D, 0xF0, 0x92, 0xBF, 0x12, 0xC6,
    0xA8, 0x8C, 0xA5, 0xAB, 0x84, 0xF4, 0x31, 0x65, 0x42, 0x3A, 0x60, 0x2D, 0x4C, 0x8D, 0x09, 0x1A,
    0x61, 0x8C, 0x56, 0x18, 0xA1, 0x13, 0x06, 0x18, 0x98, 0x95, 0x8F, 0x69, 0x66, 0x50, 0x13, 0xF0,
    0x09, 0x28, 0xA9, 0xE5, 0x76, 0x22, 0x57, 0x51, 0x0C, 0x60, 0x87, 0x52, 0xD7, 0x73, 0xB2, 0xF5,
    0xEC, 0x66, 0x5E, 0x07, 0x20, 0x2B, 0x76, 0x6D, 0x33, 0xE3, 0xC1, 0x96, 0xED, 0x71, 0x01, 0xB6,
    0x46, 0xD1, 0x92, 0xC3, 0xA3, 0xBB, 0x33, 0x32, 0x94, 0x94, 0x29, 0xE2, 0x37, 0x21, 0x52, 0x5C,
    0x3F, 0x15, 0x10, 0x7D, 0x37, 0x3C, 0xDF, 0x3E, 0x66, 0x00, 0xDD, 0x01, 0xBE, 0xDC, 0x1C, 0xBF,
    0xB5, 0xDE, 0x2D, 0x87, 0xE7, 0x4F, 0x75, 0x12, 0xE3, 0x8A, 0xA3, 0x02, 0x8F, 0xEE, 0x5C, 0xDD,
    0x51, 0xC5, 0x28, 0xE4, 0x82, 0x7D, 0x04, 0x4C, 0x8F, 0xD7, 0x35, 0x30, 0xAC, 0x96, 0xCA, 0x9D,
    0xE2, 0xEB, 0xA7, 0xB1, 0xB6, 0x9D, 0x41, 0x6E, 0x0D, 0x37, 0xCC, 0x2A, 0x27, 0xF4, 0x94, 0x20,
    0xF7, 0xD0, 0x52, 0x8C, 0xDC, 0x17, 0x90, 0xA0, 0x17, 0xBC, 0x93, 0x13, 0x7F, 0x37, 0x9B, 0x67,
    0x0D, 0xA3, 0x57, 0x0C, 0x82, 0x62, 0x24, 0xE2, 0xE1, 0x4A, 0x30, 0x71, 0x00, 0x50, 0x2E, 0x78,
    0xB0, 0x9B, 0x17, 0x24, 0xD7, 0xB8, 0x38, 0x5B, 0x28, 0x38, 0xFA, 0x10, 0x5F, 0x5E, 0x2A, 0x29,
    0xC8, 0xE5, 0xEE, 0x24, 0x62, 0x68, 0xC8, 0x1D, 0x05, 0x31, 0x77, 0xFB, 0x23, 0xCA, 0xFE, 0xFD,
    0x94, 0xA8, 0x21, 0x00, 0xA7, 0x61, 0x13, 0xEA, 0x45, 0xCD, 0x0E, 0x51, 0x67, 0x67, 0x77, 0x01,
    0x94, 0xB7, 0x39, 0x90, 0x8C, 0xF4, 0x23, 0xEE, 0xEC, 0x98, 0xCC, 0xAE, 0x29, 0xC4, 0xB2, 0x72,
    0xAF, 0x0B, 0x85, 0x18, 0x0E, 0xF4, 0xB8, 0x97, 0xFE, 0x20, 0x90, 0xE6, 0x82, 0xFE, 0x48, 0x22,
    0x45, 0x1F, 0x62, 0x0A, 0x5F, 0xF1, 0x62, 0x02, 0x43, 0x0A, 0xFC, 0x06, 0x40, 0x45, 0x0E, 0x43,
    0x01, 0xBB, 0xCF, 0x7C, 0x4C, 0xA2, 0x64, 0xE1, 0x81, 0x36, 0x02, 0x9A, 0x18, 0x03, 0xEB, 0x2A,
    0x90, 0x7F, 0xA2, 0x73, 0x5F, 0xFE, 0x49, 0x43, 0xE4, 0xC9, 0x3F, 0xD5, 0xF2, 0x4F, 0xF4, 0xF4,
    0xBD, 0xFE, 0xF3, 0x0E, 0x74, 0x70, 0x85, 0x8E, 0x56, 0x0D, 0x8A, 0x4D, 0xF3, 0x3C, 0x12, 0x20,
    0x27, 0x80, 0x76, 0x40, 0x9F, 0x02, 0x3D, 0x01, 0x3D, 0x80, 0x31, 0x03, 0x06, 0x02, 0x06, 0xD6,
    0xCE, 0x34, 0xCD, 0x36, 0xD1, 0x6A, 0xDE, 0xE5, 0x05, 0x17, 0x0B, 0xBA, 0xBD, 0x0E, 0xDB, 0xBD,
    0x8E, 0x1B, 0xBA, 0x6C, 0x37, 0xB6, 0xDB, 0x52, 0xFE, 0x3E, 0x49, 0x65, 0xB3, 0x4E, 0x75, 0x1C,
    0xAD, 0x44, 0xCA, 0x9E, 0x52, 0xB9, 0x73, 0xD3, 0x9E, 0x28, 0x06, 0x77, 0x17, 0xB7, 0xAC, 0xB0,
    0x57, 0xD5, 0xAA, 0x9A, 0x55, 0x75, 0xA6, 0xBE, 0xC5, 0x60, 0xEA, 0xBF, 0x30, 0x99, 0x6A, 0x81,
    0xDC, 0x54, 0x81, 0x8A, 0xD5, 0x83, 0xDD, 0xB9, 0xC3, 0xF9, 0x76, 0x77, 0xFE, 0xD4, 0xC1, 0x6C,
    0xD8, 0xAB, 0xA3, 0xFB, 0x2F, 0xEF, 0x02, 0x9B, 0xFB, 0x2F, 0xEF, 0x70, 0x59, 0xA0, 0xD4, 0xBA,
    0x12, 0x19, 0x5B, 0x3A, 0xAC, 0x71, 0x59, 0x71, 0x39, 0x0F, 0xF8, 0x89, 0xD6, 0x20, 0x87, 0x2F,
    0x4C, 0x65, 0xF8, 0xC6, 0x54, 0x0C, 0x98, 0x0A, 0x57, 0xE5, 0xAF, 0x8A, 0xF6, 0xAA, 0x58, 0x55,
    0xBA, 0xAA, 0x98, 0x55, 0xDA, 0x59, 0x22, 0x71, 0x03, 0x78, 0x42, 0xF2, 0xE0, 0xA7, 0x1A, 0x4F,
    0xDC, 0xAA, 0xB2, 0x56, 0x22, 0xEB, 0x33, 0x12, 0x93, 0x01, 0xF6, 0x7B, 0x09, 0xDD, 0xB1, 0x80,
    0x8D, 0xB3, 0x6D, 0xA5, 0x00, 0x85, 0xE8, 0x96, 0x9C, 0xC7, 0xC3, 0xB0, 0x48, 0xC2, 0xB8, 0x4A,
    0x87, 0x55, 0x16, 0x6F, 0x94, 0xD9, 0x05, 0x79, 0x6B, 0x5F, 0x20, 0xDB, 0xCB, 0xC2, 0xA4, 0x9B,
    0x08, 0x6B, 0x17, 0x3E, 0xD6, 0x8E, 0x23, 0x93, 0x01, 0xDA, 0x14, 0x9B, 0x63, 0x96, 0x09, 0xFE,
    0x11, 0x40, 0x33, 0xCB, 0x2D, 0xF0, 0x81, 0x49, 0xA0, 0xF7, 0x1D, 0xB6, 0xA7, 0x2C, 0xA7, 0x9C,
    0x6C, 0xF3, 0xDA, 0x10, 0x2D, 0x92, 0xFE, 0x8F, 0x64, 0x2E, 0xB2, 0x94, 0x18, 0x21, 0x1B, 0x62,
    0x4D, 0x27, 0x1A, 0xDD, 0x43, 0x4C, 0xAD, 0x03, 0x60, 0x57, 0xD4, 0x24, 0x39, 0xF9, 0x2B, 0xE6,
    0x6D, 0xF4, 0xB2, 0xE4, 0xEA, 0xDA, 0xE5, 0x98, 0x2E, 0x78, 0xA8, 0x17, 0x17, 0x78, 0x74, 0x82,
    0x7E, 0xF1, 0x0A, 0xE4, 0x81, 0x15, 0xB5, 0x71, 0x00, 0x87, 0x9E, 0x43, 0x79, 0xE0, 0x15, 0xA8,
    0x0E, 0xBC, 0x8C, 0xBD, 0x6B, 0x9B, 0x03, 0xCF, 0x07, 0xFA, 0xBD, 0x97, 0x02, 0xA2, 0xD4, 0xC3,
    0xF9, 0x09, 0x2A, 0xF3, 0x4A, 0x1F, 0x95, 0x8F, 0x46, 0x3C, 0x1E, 0xC1, 0x0C, 0xF3, 0x1C, 0x88,
    0xAF, 0x95, 0x53, 0x0F, 0x03, 0x45, 0x5C, 0x44, 0xEA, 0x05, 0xE8, 0x64, 0x3F, 0xF9, 0x73, 0xEE,
    0xE1, 0x91, 0x9B, 0x55, 0xA4, 0x6B, 0x90, 0x2D, 0x39, 0xE3, 0x94, 0x9B, 0x37, 0x48, 0xC6, 0xD5,
    0x8B, 0xF7, 0xD7, 0x18, 0x65, 0xE5, 0x50, 0xCB, 0xC8, 0x64, 0x7A, 0x5C, 0x44, 0xBC, 0x02, 0x39,
    0xED, 0xC7, 0x29, 0x13, 0x0A, 0xB9, 0x28, 0x7B, 0x09, 0x1A, 0xCD, 0x9A, 0x5B, 0xF6, 0x62, 0xE9,
    0xCB, 0x03, 0x3A, 0xF6, 0x42, 0x5D, 0xC1, 0x04, 0x3D, 0x7B, 0x3E, 0x06, 0xF2, 0x3A, 0xF2, 0xD4,
    0x23, 0x80, 0xA2, 0x9E, 0xC8, 0xA9, 0xE7, 0x90, 0xC7, 0xB3, 0x57, 0x74, 0xCB, 0x4A, 0xC4, 0x83,
    0x78, 0x05, 0x4A, 0x4A, 0xD1, 0xC4, 0x93, 0x3C, 0x61, 0x3C, 0x9D, 0x18, 0x7D, 0x8C, 0xD2, 0x43,
    0xFD, 0x11, 0x70, 0x5E, 0x86, 0xC0, 0x5F, 0xE1, 0xEC, 0x04, 0xA5, 0x03, 0x50, 0x11, 0xF0, 0x99,
    0x4C, 0x53, 0xBD, 0x9B, 0xA8, 0x52, 0xE0, 0x30, 0x10, 0x72, 0xAE, 0x7F, 0x6B, 0xBE, 0x0B, 0x4E,
    0xC9, 0xDB, 0x68, 0x20, 0xCC, 0xC0, 0x25, 0x42, 0xE4, 0xF2, 0xF8, 0xAA, 0x17, 0xA1, 0x14, 0xCF,
    0xB3, 0xA4, 0xA0, 0xD2, 0x5D, 0x3C, 0x93, 0xA8, 0xC7, 0x2B, 0x94, 0x74, 0xE6, 0x25, 0xF2, 0x87,
    0x03, 0x03, 0x8B, 0x54, 0x22, 0xA9, 0x14, 0x92, 0xB8, 0xC3, 0x9F, 0xD7, 0xAB, 0xC7, 0x75, 0x2A,
    0xA2, 0x88, 0x45, 0x51, 0x0C, 0xEA, 0x85, 0x98, 0xC5, 0x2F, 0x32, 0x9E, 0x6C, 0x49, 0x14, 0xB0,
    0x37, 0x66, 0x23, 0x91, 0x93, 0xA4, 0x64, 0x24, 0x6F, 0x48, 0x27, 0xD9, 0x78, 0x65, 0xDF, 0xF1,
    0x87, 0x18, 0xEA, 0x11, 0x40, 0x41, 0x1F, 0x23, 0xE7, 0x23, 0xC6, 0xD1, 0x06, 0xD8, 0x7C, 0x78,
    0x76, 0x7F, 0xCE, 0xDC, 0xA6, 0xCD, 0x71, 0x81, 0x03, 0xEB, 0x2F, 0x7A, 0xB7, 0xB6, 0x0E, 0xCF,
    0x77, 0xCF, 0xFF, 0x16, 0xE7, 0xBB, 0x69, 0xFB, 0x84, 0x47, 0x5C, 0x71, 0x3E, 0xDE, 0x46, 0x9D,
    0x5E, 0xA8, 0x3A, 0xA9, 0x08, 0xAD, 0xC4, 0x3B, 0x4E, 0x7B, 0xD3, 0x92, 0xD0, 0xA9, 0x17, 0xA1,
    0xCD, 0x72, 0x72, 0x7D, 0x52, 0x6B, 0xAA, 0xD2, 0x15, 0x44, 0xC5, 0x90, 0x5A, 0x3A, 0xD2, 0xFF,
    0x82, 0x28, 0x1B, 0x33, 0xF3, 0x06, 0x5E, 0xAC, 0x49, 0xB3, 0x08, 0x1F, 0xC3, 0xC0, 0x2D, 0x17,
    0xFA, 0xDC, 0x41, 0x76, 0x09, 0x38, 0x32, 0xAF, 0x67, 0x0F, 0xEA, 0x39, 0x74, 0x72, 0x7F, 0xB2,
    0xB6, 0x18, 0x1C, 0x62, 0x64, 0x6D, 0xAB, 0x2D, 0xCB, 0x63, 0x99, 0xF8, 0x81, 0x97, 0xA0, 0x22,
    0xB9, 0xAD, 0xC4, 0x62, 0xF6, 0x08, 0xDD, 0xE2, 0x95, 0xEC, 0x69, 0x50, 0x07, 0x70, 0xCA, 0xC1,
    0x4D, 0xD4, 0xB4, 0x2A, 0x54, 0xAB, 0x6A, 0x59, 0x8D, 0xDC, 0x6F, 0x6F, 0x8A, 0x30, 0x2C, 0xAA,
    0x18, 0x17, 0x95, 0xED, 0xD5, 0xF4, 0x9A, 0xF2, 0x36, 0xC7, 0x19, 0x58, 0x71, 0x91, 0xDF, 0xB7,
    0xBA, 0xF1, 0x6C, 0x51, 0x44, 0x6F, 0x56, 0xCD, 0xAA, 0x6A, 0x53, 0x11, 0x2A, 0x53, 0x27, 0x28,
    0x59, 0x89, 0xD1, 0xA2, 0x86, 0x55, 0x35, 0x8B, 0x3A, 0xB3, 0x35, 0x46, 0x7D, 0xC8, 0x9B, 0x46,
    0xCA, 0x8C, 0x89, 0x31, 0x16, 0xBE, 0xB3, 0xDD, 0xE1, 0xF9, 0x29, 0x7B, 0x00, 0xDA, 0x85, 0x97,
    0xCB, 0x19, 0x3D, 0x77, 0x2A, 0x4C, 0x31, 0x32, 0x3D, 0x00, 0x9F, 0xCC, 0x0C, 0x00, 0xFC, 0xF3,
    0xCC, 0x98, 0xD7, 0x1F, 0xB5, 0x3C, 0x5F, 0xCC, 0x14, 0x95, 0x64, 0xF3, 0x72, 0x2A, 0x99, 0x59,
    0xC8, 0xF3, 0xAA, 0xB4, 0x93, 0xDC, 0x25, 0xC6, 0x57, 0xF0, 0xB0, 0xDC, 0x52, 0x3F, 0xB3, 0xF6,
    0x32, 0x09, 0xBE, 0x6B, 0x7F, 0xF2, 0xE8, 0x6A, 0x44, 0x18, 0xEF, 0x7D, 0x8B, 0x4E, 0xC6, 0xF7,
    0x6B, 0xE0, 0x94, 0x00, 0xFC, 0x98, 0xBF, 0x48, 0xD0, 0x7B, 0x4C, 0xDA, 0xE4, 0xF4, 0x16, 0xD3,
    0x15, 0xEE, 0x2E, 0xF1, 0x92, 0x79, 0x0E, 0xA7, 0xB2, 0x66, 0x18, 0x75, 0x53, 0x92, 0x63, 0x5C,
    0x97, 0xC8, 0x18, 0xE4, 0x64, 0x9A, 0x40, 0x12, 0x90, 0x6C, 0x92, 0xD3, 0x47, 0x31, 0x92, 0x87,
    0x86, 0x8F, 0x2A, 0x84, 0x92, 0x30, 0xA3, 0x27, 0xC1, 0xFA, 0x44, 0xF8, 0x8A, 0x8F, 0x30, 0x6D,
    0x9F, 0x69, 0x8B, 0x93, 0x81, 0x3F, 0x3C, 0xE7, 0x0F, 0x03, 0x1D, 0x89, 0xE1, 0x8F, 0x71, 0xB6,
    0xC9, 0xB5, 0x48, 0xB3, 0xA2, 0x10, 0x58, 0x63, 0x6B, 0x92, 0x72, 0x11, 0x6E, 0x49, 0x57, 0x04,
    0x29, 0x72, 0xA2, 0x5A, 0x1E, 0x47, 0xBF, 0x91, 0x4D, 0x28, 0x6A, 0x38, 0xE9, 0xDF, 0xB8, 0x5A,
    0x5B, 0xAD, 0x64, 0x9A, 0x90, 0x21, 0x6A, 0xCF, 0xD7, 0x34, 0x26, 0x6F, 0x9F, 0xBC, 0xB3, 0xDD,
    0x3E, 0x95, 0x0D, 0xA7, 0x97, 0x85, 0x10, 0x15, 0xB3, 0xD2, 0x14, 0x15, 0x28, 0x2D, 0xAA, 0x16,
    0x03, 0x99, 0x72, 0xED, 0xA2, 0x50, 0x99, 0xF2, 0x41, 0xA6, 0xC2, 0x61, 0x51, 0x49, 0xBB, 0xA8,
    0xA2, 0x32, 0xE5, 0x21, 0x37, 0x15, 0x8C, 0x64, 0x2A, 0xEE, 0x16, 0x95, 0x35, 0x8B, 0x82, 0x54,
    0x75, 0x50, 0xEB, 0xDF, 0xA8, 0x28, 0x66, 0x96, 0x5A, 0x63, 0x2C, 0x50, 0x2F, 0xAD, 0xA0, 0x35,
    0x95, 0xA0, 0x37, 0x15, 0x61, 0x30, 0x15, 0x00, 0xA6, 0x7C, 0x20, 0x57, 0x45, 0x40, 0x65, 0xAA,
    0x40, 0x63, 0x2A, 0x43, 0x67, 0x2A, 0xC6, 0x60, 0x2A, 0xC2, 0x64, 0x2A, 0x90, 0xCA, 0xDC, 0x81,
    0xDC, 0x92, 0x37, 0xC0, 0x39, 0xAA, 0x03, 0x72, 0x59, 0x3F, 0x5E, 0xEC, 0x52, 0x95, 0xE7, 0x50,
    0xDE, 0xDA, 0xAA, 0x51, 0x01, 0xB5, 0x03, 0x71, 0xB6, 0x01, 0x1E, 0xDD, 0x03, 0x2F, 0x91, 0x43,
    0xEE, 0xCD, 0xA2, 0x64, 0x41, 0xB3, 0xC8, 0x45, 0x38, 0x2A, 0x48, 0x44, 0xF1, 0x06, 0x41, 0x22,
    0xDE, 0x25, 0x15, 0xEF, 0xF5, 0x26, 0x4E, 0x06, 0x13, 0xE8, 0x17, 0x91, 0x9B, 0xF8, 0x4A, 0x48,
    0xCB, 0x07, 0x91, 0x09, 0x8F, 0x8B, 0xFC, 0x9D, 0x3E, 0x0D, 0xB8, 0x37, 0xB0, 0xE8, 0x1D, 0x74,
    0xE2, 0xE5, 0x2C, 0x4E, 0xAD, 0x7A, 0x4F, 0x26, 0x4A, 0x61, 0xB8, 0xB4, 0x53, 0x98, 0x88, 0x60,
    0x22, 0x99, 0x9C, 0x8A, 0xB8, 0x36, 0x71, 0x8D, 0x4C, 0xD0, 0x5E, 0xC0, 0x84, 0x07, 0x54, 0xC2,
    0x1D, 0x30, 0x95, 0x7A, 0x9B, 0x02, 0xF5, 0xA1, 0x10, 0x3B, 0x36, 0x1E, 0x1E, 0xCD, 0xCC, 0xE2,
    0xFE, 0xD0, 0xCB, 0x5A, 0xA5, 0xB5, 0x5E, 0x1D, 0x78, 0xC1, 0xD2, 0xB9, 0x3E, 0xAA, 0xB2, 0x22,
    0x6A, 0x27, 0x76, 0x43, 0xD9, 0xD4, 0xCE, 0x71, 0x8E, 0x6E, 0x69, 0xFD, 0xCC, 0x47, 0x9B, 0x4E,
    0x8B, 0x97, 0x07, 0x68, 0xE2, 0xA5, 0x9D, 0x1F, 0x70, 0xB8, 0x08, 0xF6, 0x83, 0x8C, 0x51, 0xCD,
    0x85, 0x45, 0xDA, 0xB3, 0x69, 0xCD, 0xD8, 0x03, 0x8B, 0xE1, 0xD0, 0x73, 0xAB, 0xE7, 0xA6, 0x83,
    0xDF, 0x38, 0x09, 0xE3, 0x05, 0x6F, 0x90, 0xD2, 0x6A, 0xDE, 0xA1, 0x27, 0x71, 0xC2, 0x3C, 0x0B,
    0x2C, 0x87, 0x5E, 0x7B, 0xE0, 0x85, 0x17, 0xBC, 0x88, 0xBD, 0x62, 0xEF, 0x35, 0x07, 0x5E, 0x8C,
    0x5A, 0xC6, 0x73, 0xFD, 0xD9, 0xBA, 0xCD, 0x4B, 0xA6, 0xD7, 0x59, 0x0A, 0x20, 0x3B, 0x35, 0x26,
    0x99, 0x5E, 0xC9, 0xE3, 0x89, 0x11, 0xA3, 0x94, 0xC9, 0xF2, 0x78, 0xD2, 0x21, 0x40, 0xA5, 0x5D,
    0xF1, 0x9E, 0xDA, 0x07, 0x68, 0x68, 0xC3, 0x5E, 0x88, 0xA6, 0x98, 0xBD, 0x36, 0x91, 0xCA, 0x11,
    0x2A, 0xF4, 0xBE, 0xE4, 0x03, 0x92, 0xB7, 0xE4, 0xE2, 0xE1, 0x3D, 0x9D, 0x9E, 0x07, 0xAE, 0x37,
    0xC9, 0xB2, 0x60, 0xF0, 0xC1, 0x6D, 0x4E, 0x04, 0xD4, 0x01, 0xDA, 0x00, 0x43, 0x88, 0xD2, 0x7D,
    0x00, 0x4C, 0x0E, 0x65, 0x00, 0xDC, 0x07, 0x65, 0x98, 0x22, 0x60, 0x94, 0x74, 0xB9, 0x97, 0xF9,
    0x38, 0x9C, 0xCE, 0xFC, 0xC6, 0x2E, 0xE9, 0x3A, 0x93, 0x2B, 0xBC, 0xE4, 0xA0, 0x9C, 0xCE, 0x64,
    0x6F, 0x19, 0xE8, 0x4A, 0x6F, 0xBD, 0x48, 0x87, 0x81, 0xD9, 0x0C, 0xC3, 0x81, 0xE3, 0x5D, 0xDE,
    0x84, 0x4E, 0xA4, 0xCF, 0x35, 0x28, 0xC7, 0x80, 0x54, 0x4F, 0xC7, 0x10, 0xCC, 0x6C, 0xF0, 0x65,
    0x18, 0xAE, 0xF7, 0xA4, 0x20, 0x3A, 0x5A, 0x59, 0x09, 0x3D, 0xE5, 0xF2, 0xFD, 0xE0, 0x1B, 0x03,
    0xE4, 0x46, 0x62, 0x8E, 0xE1, 0xC4, 0x74, 0x88, 0x07, 0x66, 0x81, 0xA4, 0x67, 0x66, 0x28, 0x5A,
    0xE6, 0x92, 0xB9, 0x27, 0x80, 0x45, 0xEA, 0xF5, 0x69, 0x66, 0xE4, 0x96, 0xFE, 0x35, 0xBE, 0xD0,
    0xEF, 0x3C, 0xB9, 0xF4, 0xE1, 0x40, 0x00, 0x97, 0x9E, 0x7C, 0xA0, 0xE4, 0xDA, 0x1F, 0x40, 0x2F,
    0xFB, 0x17, 0x90, 0xFB, 0xC7, 0xD2, 0x12, 0x00, 0xAF, 0x6C, 0x1F, 0xFE, 0x1C, 0xC3, 0x5C, 0x2D,
    0xC3, 0xFB, 0x33, 0xE3, 0x3E, 0x9D, 0x08, 0x13, 0xA5, 0x6D, 0x2C, 0x0D, 0x65, 0x75, 0xC8, 0xF1,
    0x37, 0x77, 0x95, 0xAF, 0xC9, 0x07, 0x51, 0x29, 0xC9, 0x81, 0x8C, 0x4C, 0xF8, 0x43, 0xBD, 0x64,
    0xFE, 0x40, 0x11, 0x33, 0x1A, 0x95, 0x31, 0xB3, 0x9C, 0x89, 0x99, 0x39, 0x33, 0x8F, 0xA1, 0x67,
    0x56, 0x49, 0x17, 0x03, 0xD8, 0xFA, 0x3A, 0x0B, 0x25, 0xD7, 0xD1, 0xEB, 0xEE, 0xB7, 0xB5, 0xC3,
    0x16, 0x26, 0x23, 0x1A, 0x16, 0x2F, 0x4F, 0x30, 0xD8, 0x1E, 0x31, 0x09, 0x09, 0xC8, 0x8F, 0xEE,
    0xE3, 0xE5, 0xC6, 0xE1, 0x4B, 0x07, 0xB5, 0x85, 0x0F, 0x76, 0x38, 0xDF, 0x3A, 0x9C, 0x4B, 0xB9,
    0x14, 0xED, 0x6B, 0x6C, 0x5E, 0x2F, 0x5F, 0x18, 0xE5, 0x7B, 0x87, 0x5C, 0x68, 0xFD, 0x84, 0xDA,
    0xEF, 0xB9, 0x43, 0xC3, 0x04, 0x90, 0x2B, 0x1B, 0x62, 0xBE, 0x5C, 0x76, 0x4F, 0xFA, 0x7D, 0xD0,
    0xB6, 0xC7, 0x1B, 0x00, 0x9E, 0x91, 0xCE, 0x7F, 0x5A, 0xA9, 0x96, 0xD1, 0x55, 0xE2, 0xC4, 0x02,
    0x67, 0xB4, 0xC4, 0x4C, 0x67, 0x59, 0x56, 0x80, 0xA9, 0xB8, 0xA9, 0xD3, 0x68, 0x32, 0xB9, 0x51,
    0x32, 0x94, 0x19, 0x39, 0x90, 0x5C, 0xE4, 0xD9, 0x23, 0x1F, 0x03, 0x8B, 0x91, 0x02, 0xF4, 0xB3,
    0x48, 0x3B, 0x39, 0xA8, 0x65, 0xF4, 0xA7, 0xB2, 0x16, 0xDA, 0x45, 0x62, 0x82, 0x57, 0x50, 0x45,
    0x86, 0xFA, 0x6A, 0x51, 0xBD, 0x55, 0x00, 0xE8, 0xA5, 0x30, 0x80, 0xC1, 0x84, 0x7D, 0x12, 0x01,
    0xB9, 0x74, 0x11, 0x00, 0xDA, 0xA9, 0x8F, 0x49, 0x87, 0xE1, 0x89, 0xE8, 0x54, 0x84, 0xE8, 0x55,
    0x04, 0x18, 0x54, 0x10, 0x60, 0xA2, 0x40, 0xA9, 0x22, 0x45, 0xAB, 0x22, 0xC2, 0x54, 0xF8, 0x2C,
    0x3C, 0xB0, 0x8D, 0xB6, 0xAC, 0x68, 0x6C, 0xAB, 0xD5, 0xB4, 0xDF, 0x2B, 0xEE, 0xFC, 0xD6, 0x75,
    0xBE, 0xBE, 0x3D, 0x15, 0xDA, 0x65, 0x3B, 0x54, 0x76, 0x09, 0xAD, 0x3C, 0x86, 0x4B, 0xAA, 0x28,
    0x46, 0x53, 0x53, 0x06, 0x53, 0xE3, 0xA2, 0xBC, 0x61, 0x09, 0x71, 0xC1, 0x90, 0xA0, 0x52, 0xD5,
    0xC5, 0xA6, 0xC2, 0x36, 0x5A, 0x8E, 0x10, 0x6D, 0x88, 0x46, 0x55, 0x13, 0x48, 0xC7, 0x47, 0x9B,
    0x93, 0xAF, 0x3F, 0xC4, 0xD9, 0x66, 0x93, 0x67, 0x30, 0xAB, 0xF6, 0xEA, 0xD6, 0x16, 0xDB, 0x2D,
    0x26, 0x79, 0xB4, 0x40, 0x72, 0x63, 0x93, 0x28, 0x07, 0xE9, 0x56, 0xD6, 0x2B, 0xE7, 0xDF, 0xDE,
    0xA7, 0x0D, 0x3F, 0x4E, 0x57, 0xB4, 0xB2, 0x3B, 0xDF, 0x6E, 0xF9, 0xC1, 0xB2, 0xDF, 0x34, 0xA5,
    0x63, 0x4E, 0x28, 0x23, 0x51, 0x59, 0x2D, 0xE7, 0x46, 0x56, 0xD5, 0x72, 0x3A, 0x75, 0xAB, 0x82,
    0xA8, 0x89, 0xC8, 0x47, 0xCD, 0x0A, 0x25, 0xCD, 0x4D, 0x95, 0xFE, 0x8E, 0x17, 0x5E, 0xCF, 0xA0,
    0xC0, 0xB4, 0x57, 0x97, 0x5E, 0x51, 0x2C, 0xEF, 0x28, 0x28, 0xB1, 0xAF, 0x33, 0xD4, 0x12, 0x69,
    0x1C, 0xE4, 0x08, 0x20, 0x71, 0xDD, 0x75, 0xFA, 0xFA, 0xA1, 0xE0, 0x7F, 0x9D, 0xE6, 0xC7, 0x69,
    0xAB, 0xF4, 0x1F, 0xAF, 0xB1, 0xDF, 0x33, 0x86, 0xC6, 0x74, 0x66, 0x01, 0xB1, 0xF6, 0x35, 0x5A,
    0xEE, 0x5F, 0x6A, 0xFF, 0xA3, 0x06, 0x62, 0xB4, 0x74, 0x55, 0xF9, 0x36, 0xB0, 0xB8, 0x3D, 0x33,
    0x57, 0x5A, 0x5F, 0x72, 0x9E, 0x6F, 0x66, 0x36, 0x12, 0xA6, 0x25, 0x39, 0x89, 0x26, 0x65, 0x0C,
    0xF2, 0xF5, 0xF7, 0x14, 0xA2, 0x25, 0x21, 0x70, 0xBD, 0xA6, 0x1F, 0xE9, 0x44, 0x12, 0xE3, 0x23,
    0x3C, 0x97, 0xCD, 0xDE, 0x5B, 0xB2, 0xAF, 0x9B, 0xCB, 0x3D, 0x7B, 0xF4, 0x88, 0xD4, 0x86, 0x37,
    0xF3, 0xE2, 0xDB, 0x40, 0x02, 0x1B, 0x0F, 0xE8, 0x6C, 0x04, 0x2A, 0x0E, 0xE3, 0x83, 0x9E, 0x25,
    0x69, 0x88, 0x67, 0x62, 0xA4, 0x21, 0x44, 0xCD, 0x7D, 0xF2, 0xF6, 0x1E, 0xA0, 0x63, 0xCA, 0x45,
    0x1E, 0xF8, 0x6D, 0x20, 0x53, 0x5A, 0x6B, 0x84, 0xA9, 0x31, 0x43, 0x7D, 0x05, 0xAB, 0xAB, 0x79,
    0x75, 0xBD, 0xB5, 0xDD, 0xC4, 0xFA, 0x8B, 0x57, 0x76, 0xC2, 0x10, 0xBD, 0x30, 0xC0, 0xC0, 0xAC,
    0x3C, 0x60, 0x66, 0x50, 0x93, 0x43, 0x39, 0xE8, 0xDB, 0xC0, 0x6E, 0xF0, 0xF4, 0x6D, 0xE0, 0xB4,
    0x43, 0x49, 0xFE, 0xE1, 0xDB, 0xC0, 0xFE, 0xC2, 0xDB, 0xC0, 0x31, 0xBF, 0x7A, 0xFD, 0xFC, 0xED,
    0x13, 0xDA, 0x3E, 0x95, 0x24, 0xCE, 0xC3, 0xF0, 0xBF, 0xA7, 0x83, 0x58, 0x6E, 0x2C, 0x17, 0xF2,
    0x71, 0x13, 0xE3, 0x66, 0x29, 0xF7, 0xFF, 0x49, 0x5A, 0x39, 0x1A, 0x27, 0xA5, 0xC3, 0xF3, 0x8A,
    0x59, 0x00, 0xC2, 0xD4, 0xB8, 0x1E, 0x35, 0x36, 0xC7, 0xAF, 0xFF, 0x87, 0x88, 0x10, 0x40, 0xBB,
    0xFE, 0xEA, 0x8A, 0xCE, 0x07, 0xE4, 0xED, 0x5D, 0x81, 0x5C, 0x7F, 0x6C, 0x2C, 0x63, 0x48, 0x56,
    0xA0, 0xE0, 0x4C, 0x93, 0xA2, 0x61, 0x86, 0xBC, 0x53, 0x4D, 0x96, 0x93, 0x63, 0xA7, 0x98, 0x18,
    0x91, 0x3E, 0x59, 0x01, 0xE4, 0x76, 0xF6, 0x2C, 0x1C, 0x14, 0xB0, 0x63, 0x9F, 0x1D, 0xD0, 0xF5,
    0xDA, 0xA6, 0xC0, 0x44, 0xEA, 0xDA, 0xAD, 0x5F, 0x1E, 0x1C, 0x69, 0x32, 0x45, 0x8C, 0xFA, 0xFA,
    0xE9, 0x93, 0x3F, 0x09, 0x50, 0xA7, 0xAF, 0x26, 0xFC, 0x12, 0xF5, 0x43, 0xB8, 0x6F, 0xFE, 0x01,
    0xD5, 0xA7, 0x0F, 0x93, 0x5F, 0xFD, 0xCB, 0x8C, 0xDB, 0xF1, 0xCF, 0xFE, 0x15, 0x25, 0xE3, 0xDF,
    0x40, 0x0F, 0x67, 0xBC, 0x98, 0x28, 0x9B, 0xE2, 0x9F, 0x61, 0xA0, 0x18, 0xBB, 0x17, 0x68, 0x28,
    0x80, 0x76, 0x50, 0xE8, 0x58, 0x6E, 0xDF, 0xFF, 0xA7, 0x66, 0xC6, 0x5C, 0xF2, 0x32, 0x8E, 0xAE,
    0xBD, 0x77, 0xBC, 0xBE, 0x73, 0x76, 0x60, 0x6B, 0x0D, 0xF6, 0x21, 0x5D, 0xB0, 0xA3, 0x0D, 0xDB,
    0xB1, 0x15, 0x59, 0x30, 0x39, 0x3C, 0x9F, 0x51, 0xA7, 0xA8, 0xD2, 0xD6, 0xE5, 0x33, 0xE2, 0xD6,
    0xD1, 0x8C, 0x48, 0x11, 0xB6, 0x50, 0x4C, 0x8C, 0xA0, 0xBB, 0xC3, 0xF0, 0x8E, 0x89, 0x41, 0xF4,
    0x7D, 0x20, 0x43, 0xA3, 0x09, 0xCC, 0x24, 0x67, 0x0F, 0xA0, 0x5A, 0xB0, 0x15, 0xC3, 0x81, 0x1D,
    0xDD, 0x03, 0x36, 0x77, 0xEC, 0xE8, 0x2A, 0x4F, 0xBE, 0xEC, 0xD7, 0xF6, 0xD4, 0x3F, 0xE0, 0xCD,
    0xE6, 0x19, 0x0E, 0x6C, 0xB3, 0x39, 0xC1, 0xCB, 0x8D, 0x95, 0xB1, 0x9E, 0x0A, 0xAE, 0xE5, 0x01,
    0xA5, 0xA5, 0xC6, 0x77, 0xE5, 0x06, 0xD0, 0x10, 0xA9, 0xF9, 0x50, 0x21, 0xE5, 0x32, 0xA9, 0x13,
    0x63, 0x20, 0x2E, 0x68, 0x29, 0x28, 0x2D, 0x55, 0x49, 0xCA, 0x5B, 0xA1, 0x14, 0xBD, 0x14, 0x1D,
    0xF5, 0x3E, 0xD6, 0xA2, 0x95, 0x14, 0x6A, 0xD7, 0x73, 0x75, 0x2C, 0xF5, 0xBC, 0x1D, 0xCA, 0x1B,
    0x7A, 0xF1, 0x12, 0x00, 0x9D, 0x60, 0x6D, 0xC4, 0xC2, 0x96, 0xA0, 0x59, 0x90, 0x0B, 0xC2, 0x4A,
    0xE0, 0x04, 0x80, 0xC0, 0xBA, 0xB5, 0x3B, 0xB6, 0xD3, 0x10, 0xD5, 0x5C, 0x97, 0x64, 0xA9, 0x29,
    0x2A, 0x2A, 0xBE, 0xC1, 0x0B, 0x54, 0xF4, 0xB1, 0x1E, 0x49, 0xDE, 0xD5, 0x11, 0xD8, 0x43, 0xE2,
    0x01, 0x0D, 0x15, 0x79, 0x3A, 0x43, 0x4F, 0x6F, 0x4D, 0x80, 0xFE, 0xE1, 0x4F, 0x18, 0xC3, 0x9F,
    0xC5, 0x68, 0x3C, 0x37, 0x48, 0xEF, 0xF1, 0x28, 0x08, 0x2E, 0x62, 0xB8, 0x80, 0x5E, 0x10, 0xB5,
    0x82, 0xA4, 0x91, 0xE5, 0x76, 0xD5, 0x0D, 0x00, 0x3B, 0xC8, 0xFC, 0xD0, 0x09, 0xA6, 0x9C, 0x16,
    0x0B, 0x51, 0x0A, 0x65, 0xD8, 0x07, 0x09, 0x8F, 0xFB, 0x9B, 0x49, 0x38, 0x92, 0x13, 0x0E, 0x94,
    0x19, 0xD3, 0x9C, 0xAF, 0xBC, 0xB6, 0x77, 0x6A, 0xD1, 0xB1, 0xA7, 0x42, 0x38, 0x51, 0x2A, 0x44,
    0x1E, 0x01, 0xE7, 0x9B, 0x7B, 0xA8, 0xBC, 0xED, 0xAE, 0x24, 0x2A, 0x78, 0x99, 0x66, 0x26, 0xB5,
    0x32, 0x36, 0x46, 0xCC, 0xBF, 0xA4, 0x5C, 0xF8, 0xC9, 0xFB, 0x75, 0xCC, 0xC4, 0xAF, 0xDA, 0xD8,
    0x96, 0x35, 0x2B, 0x85, 0x23, 0x78, 0x84, 0xFF, 0x6D, 0xBB, 0x40, 0x3D, 0x64, 0x3D, 0xAF, 0x5B,
    0xF9, 0x17, 0xA9, 0x64, 0x2E, 0xD5, 0xBB, 0x7F, 0x68, 0x87, 0x1A, 0xB6, 0xE2, 0x0B, 0x65, 0xC6,
    0x6D, 0xFD, 0x80, 0xE8, 0x0F, 0x22, 0x4E, 0x79, 0x78, 0xA6, 0x7C, 0xB2, 0xCF, 0x89, 0x82, 0x89,
    0x48, 0xD3, 0x82, 0xAF, 0xEF, 0xC9, 0x15, 0x03, 0x00, 0xA9, 0xA1, 0xED, 0x4B, 0xC7, 0x4C, 0x0F,
    0x96, 0xB5, 0x5D, 0xBB, 0xB3, 0xBE, 0xB1, 0xFE, 0x9D, 0x85, 0xB7, 0x9B, 0x7E, 0x2E, 0xA2, 0x90,
    0xE5, 0xD2, 0xF8, 0x0A, 0xDD, 0x1F, 0xD9, 0xE4, 0x9B, 0x1F, 0x77, 0xF2, 0xEA, 0x0D, 0x7D, 0xD0,
    0xF1, 0x6E, 0xCD, 0x67, 0xF2, 0xCE, 0x97, 0x30, 0x5D, 0xCF, 0xED, 0x40, 0x4E, 0x68, 0xB3, 0x90,
    0x3B, 0xA1, 0x9C, 0x45, 0x31, 0x72, 0xD8, 0x9D, 0x45, 0xC6, 0x0B, 0x4E, 0x2C, 0xB0, 0x17, 0x99,
    0x88, 0xF4, 0x0D, 0x22, 0xFF, 0x3E, 0x05, 0x07, 0xC7, 0x9F, 0xDB, 0xF6, 0xD9, 0x28, 0x46, 0xF2,
    0x81, 0x0D, 0x50, 0x12, 0x20, 0x79, 0x08, 0x24, 0x3D, 0x61, 0x84, 0xE8, 0x19, 0x01, 0x86, 0xEF,
    0x8C, 0x5E, 0xEB, 0x75, 0x8C, 0x58, 0x1B, 0x4B, 0x51, 0x1D, 0x01, 0x77, 0x01, 0xED, 0xAF, 0x57,
    0x94, 0xF4, 0x00, 0xD8, 0xF2, 0x4E, 0x07, 0x10, 0xBD, 0x8E, 0x02, 0x40, 0xAB, 0xE3, 0xEC, 0x0C,
    0xF6, 0xDD, 0xDB, 0x61, 0xF1, 0x87, 0xDF, 0xE6, 0x3D, 0xD6, 0x7A, 0xED, 0x02, 0xB6, 0x3E, 0xA5,
    0xB7, 0x72, 0x2C, 0x04, 0x37, 0x81, 0xFE, 0xE0, 0x97, 0xB9, 0x18, 0x67, 0x85, 0xE4, 0xC1, 0x63,
    0x9F, 0x16, 0x92, 0x1F, 0xF7, 0x29, 0x5F, 0x7C, 0x54, 0x7D, 0x1A, 0xA0, 0x89, 0xC0, 0xF5, 0xD1,
    0xC6, 0x42, 0xD7, 0xA7, 0x23, 0xB3, 0xE8, 0xB3, 0x81, 0x99, 0xAD, 0x2C, 0x84, 0x69, 0xEB, 0x7A,
    0x61, 0x35, 0xF3, 0xCE, 0x11, 0xFD, 0x90, 0x66, 0x8A, 0xBD, 0xCE, 0x62, 0xB8, 0xC8, 0xCC, 0x98,
    0x8E, 0xCA, 0x64, 0x52, 0x46, 0x50, 0x06, 0xC8, 0x2F, 0xFE, 0x18, 0xE8, 0x1A, 0x65, 0xDA, 0x09,
    0x1E, 0xEC, 0xA6, 0xED, 0x6C, 0x25, 0xD4, 0xAA, 0xDF, 0x46, 0xA2, 0xBF, 0xE7, 0x47, 0xFE, 0x22,
    0x6E, 0x6D, 0xB1, 0xAB, 0x35, 0x13, 0x99, 0x14, 0xA8, 0xC9, 0xC7, 0xD9, 0x3D, 0xC8, 0xCB, 0x58,
    0x49, 0x7E, 0xF8, 0x12, 0x8F, 0x82, 0x62, 0x12, 0x64, 0x78, 0x0B, 0x26, 0x41, 0x31, 0x0A, 0xDC,
    0xC0, 0xF0, 0xD0, 0x32, 0x6E, 0xF2, 0x18, 0xE4, 0x0E, 0x15, 0x9C, 0x29, 0x50, 0x6B, 0x91, 0x5E,
    0xAB, 0x8F, 0x82, 0x14, 0x82, 0x04, 0x25, 0x23, 0x46, 0xF5, 0x1D, 0x61, 0x15, 0x52, 0xE4, 0x8C,
    0x02, 0xE4, 0xA3, 0xF7, 0xED, 0x25, 0x01, 0x3A, 0x9D, 0x5F, 0x29, 0xF8, 0xCA, 0x96, 0xE0, 0x4A,
    0x90, 0x04, 0x24, 0xA7, 0x87, 0x63, 0xD9, 0x3F, 0xF0, 0x02, 0x03, 0x2F, 0x08, 0x26, 0x4D, 0xF7,
    0x22, 0x79, 0xD3, 0x12, 0xA3, 0xA6, 0x74, 0xE4, 0xC8, 0x98, 0xF6, 0x29, 0xFF, 0x3D, 0xD5, 0x04,
    0xEA, 0x77, 0xFD, 0xCB, 0x75, 0xF5, 0xE0, 0x60, 0xFB, 0xE2, 0x1F, 0xC9, 0xCB, 0xE0, 0xDB, 0x01,
    0x46, 0xF2, 0x26, 0x0F, 0xF8, 0xF2, 0x44, 0x5E, 0x5D, 0xCB, 0x2C, 0x81, 0x9A, 0x3C, 0x0D, 0xA5,
    0xDE, 0x1B, 0x5F, 0x2E, 0x5D, 0xDB, 0xCC, 0x76, 0x47, 0xA6, 0x3D, 0x1C, 0xFE, 0x4D, 0xE4, 0xEF,
    0xFF, 0x00, 0xDD, 0xBC, 0x0F, 0xC8, 0x1E, 0xD7, 0x95, 0x37, 0x76, 0x66, 0xC6, 0xD6, 0x7C, 0xD1,
    0x38, 0xBE, 0x01, 0x9C, 0x34, 0xF5, 0x9F, 0xCC, 0x07, 0x84, 0x62, 0xDC, 0xC4, 0x63, 0x20, 0xFD,
    0x08, 0x20, 0xE9, 0x5E, 0x6F, 0x28, 0x0B, 0x14, 0x88, 0x00, 0x2B, 0x81, 0xCF, 0x40, 0x02, 0x6C,
    0x61, 0xD7, 0x69, 0x57, 0x06, 0x0C, 0xBB, 0x05, 0x4B, 0x33, 0x89, 0x81, 0x40, 0x17, 0x88, 0x68,
    0x93, 0x14, 0x5A, 0x20, 0xA2, 0x38, 0xE0, 0xBC, 0x86, 0xCA, 0x40, 0x4A, 0x93, 0xAD, 0xAD, 0xB9,
    0xB1, 0x81, 0x02, 0x0B, 0xF5, 0xC4, 0x69, 0xBA, 0x40, 0x80, 0x4C, 0x12, 0x99, 0x50, 0x07, 0xF0,
    0xAC, 0x3B, 0x49, 0x46, 0xCA, 0xCC, 0x9C, 0xCE, 0xF9, 0x9D, 0x7B, 0xE7, 0xD5, 0x23, 0xC9, 0xDA,
    0x84, 0xED, 0x2E, 0x5F, 0x76, 0x90, 0xE6, 0xF7, 0xBB, 0xCF, 0x33, 0x73, 0xEE, 0xB9, 0xF7, 0xDC,
    0x7B, 0xEE, 0xB9, 0x7F, 0x9E, 0x97, 0xCE, 0xF3, 0x25, 0x22, 0x7A, 0xC6, 0x51, 0xCE, 0xBC, 0x6C,
    0x8C, 0x89, 0x0C, 0xFF, 0x17, 0x4C, 0x94, 0xAC, 0x1B, 0x5B, 0x32, 0x6E, 0x28, 0x9B, 0x89, 0x72,
    0xB0, 0x7C, 0x22, 0xA2, 0x7B, 0x32, 0xF6, 0x64, 0x86, 0x8D, 0x91, 0xB0, 0xB2, 0xDF, 0x48, 0xCB,
    0x1B, 0xB3, 0x9E, 0xA8, 0xE0, 0xDF, 0x6D, 0xAC, 0x6E, 0x88, 0xEC, 0x22, 0xDF, 0x32, 0x11, 0xD5,
    0xE3, 0xC6, 0x44, 0x1C, 0xB5, 0xC3, 0xC6, 0xB2, 0x59, 0x98, 0x7C, 0x06, 0x71, 0xF5, 0x64, 0xD8,
    0x43, 0x9C, 0xE5, 0x85, 0x27, 0x88, 0x2B, 0x79, 0xAC, 0x67, 0x11, 0x47, 0x29, 0x37, 0x8F, 0xBD,
    0x24, 0xE2, 0xF4, 0xE2, 0x48, 0x92, 0x35, 0x10, 0xD1, 0xEE, 0xE8, 0x45, 0xB0, 0x7C, 0x2A, 0x99,
    0x9D, 0x30, 0x33, 0xD4, 0x3D, 0x77, 0xC2, 0xCA, 0x9E, 0x1B, 0xDB, 0x0B, 0xB3, 0xAF, 0xB3, 0xB3,
    0xF8, 0xAC, 0x7E, 0x81, 0xA9, 0xC2, 0x73, 0x9C, 0x71, 0x14, 0x97, 0x73, 0x14, 0x07, 0x06, 0x71,
    0x60, 0x10, 0x07, 0x06, 0x71, 0xF1, 0x0D, 0xEB, 0x23, 0xAB, 0x9B, 0x94, 0x1B, 0xEA, 0x54, 0x3B,
    0xEE, 0xF3, 0x5E, 0xB5, 0xAB, 0xA5, 0x4A, 0x50, 0x77, 0x05, 0xEF, 0xCA, 0xFE, 0xFB, 0xB3, 0xF4,
    0xAF, 0xA2, 0xC6, 0x3F, 0x7C, 0x36, 0x56, 0xD1, 0x5E, 0xE3, 0x96, 0xB9, 0xD7, 0x2A, 0x6A, 0xBB,
    0x6A, 0xD0, 0x2A, 0x42, 0x36, 0xA8, 0x22, 0xEE, 0x4C, 0xA3, 0xE2, 0x78, 0x8D, 0xE2, 0x5A, 0x9E,
    0x82, 0x38, 0xCB, 0xDC, 0x40, 0x1C, 0x15, 0xCC, 0x03, 0xC4, 0x49, 0x09, 0x47, 0x88, 0xA3, 0x3F,
    0x4F, 0xC1, 0xAC, 0x4F, 0x66, 0xB2, 0x23, 0xC4, 0x65, 0x0B, 0x21, 0x0F, 0xA6, 0x8C, 0x5D, 0xAD,
    0x35, 0x9E, 0xF0, 0x5E, 0xE3, 0x35, 0x2F, 0x51, 0xEB, 0x73, 0x0E, 0xA8, 0x89, 0x96, 0xA5, 0xEE,
    0x2B, 0x66, 0x9E, 0x29, 0xE1, 0x1B, 0x9F, 0x6B, 0xB7, 0x0C, 0x57, 0xA2, 0xE4, 0x15, 0x48, 0x43,
    0x75, 0xA9, 0x6E, 0x80, 0xEC, 0x37, 0x80, 0xFC, 0xE7, 0x00, 0xF3, 0x3A, 0xA0, 0xFC, 0x0A, 0xA0,
    0xFA, 0x13, 0x80, 0x4D, 0x01, 0x67, 0x14, 0x2E, 0x2A, 0x5C, 0xF8, 0x43, 0x21, 0xBC, 0x6E, 0x23,
    0xC4, 0x1C, 0x34, 0x5B, 0x85, 0xB7, 0x00, 0xF9, 0x7B, 0x80, 0xEC, 0x06, 0x80, 0x58, 0xA1, 0x56,
    0x28, 0x27, 0x40, 0xCE, 0x6F, 0xD3, 0xD3, 0xA8, 0x3F, 0xE6, 0x41, 0x92, 0x6A, 0x98, 0x7B, 0xCF,
    0x89, 0xCD, 0xE4, 0x7F, 0xB8, 0x2A, 0xD4, 0x79, 0xC1, 0x7C, 0x4D, 0xAA, 0x6E, 0x24, 0xB9, 0x33,
    0x37, 0xDA, 0x2A, 0x8D, 0xF0, 0xC1, 0xAC, 0x4F, 0xB3, 0xD4, 0xE6, 0xA5, 0x92, 0xE7, 0x72, 0x20,
    0x76, 0x29, 0xCF, 0xB4, 0xFD, 0xB7, 0x1D, 0xD5, 0x3E, 0x17, 0xE9, 0xBC, 0x58, 0x69, 0x86, 0x46,
    0x7A, 0x5B, 0xAD, 0xDC, 0x8A, 0x15, 0xEC, 0x0C, 0x5E, 0xB3, 0xDB, 0xF8, 0x80, 0xE7, 0x5B, 0x96,
    0xA2, 0xBA, 0x6A, 0x20, 0x6E, 0x58, 0xB8, 0xB4, 0xF6, 0xCF, 0x73, 0xC2, 0x2B, 0xB8, 0xE4, 0x9B,
    0x06, 0xBB, 0xA5, 0xCC, 0x63, 0xA6, 0x5C, 0xB2, 0x6F, 0x76, 0x9E, 0x3C, 0x45, 0x19, 0xCF, 0x14,
    0xAE, 0x03, 0x9E, 0xFF, 0x1E, 0xFC, 0xF0, 0xDD, 0xE5, 0x7D, 0xF8, 0xBA, 0xF3, 0x74, 0xE7, 0xA8,
    0x9D, 0x9D, 0x13, 0xB3, 0xDB, 0x79, 0xCB, 0xCD, 0xCE, 0x51, 0x76, 0xBA, 0x0F, 0xBC, 0x84, 0x75,
    0x4E, 0x83, 0x1B, 0x69, 0xEA, 0x89, 0x66, 0x92, 0xC9, 0xCB, 0xE5, 0x1C, 0x05, 0xDD, 0x38, 0xE2,
    0x29, 0x1A, 0x44, 0x4D, 0x15, 0x6A, 0xE3, 0x38, 0x8F, 0xF3, 0x30, 0x4F, 0xB8, 0xCE, 0x3D, 0x45,
    0x44, 0x0F, 0x1E, 0x1D, 0x1D, 0x5D, 0xD6, 0x4C, 0xC2, 0x77, 0x4A, 0x94, 0x29, 0x92, 0xE1, 0x41,
    0x49, 0xC1, 0x7D, 0x24, 0xC3, 0x2E, 0x71, 0xD2, 0x0F, 0x58, 0xBB, 0x5E, 0x2D, 0x64, 0xD0, 0x36,
    0xF0, 0x4B, 0xF9, 0x2E, 0xE7, 0x9F, 0xF0, 0xCF, 0x84, 0x18, 0xFE, 0x1B, 0xEE, 0x85, 0x94, 0xBC,
    0xC9, 0x91, 0x67, 0xAC, 0x90, 0x56, 0x8C, 0xBC, 0x6E, 0xE4, 0x43, 0x14, 0x08, 0xFD, 0xBE, 0x84,
    0x03, 0xA9, 0x94, 0x84, 0x2C, 0x68, 0x13, 0x54, 0x6C, 0x99, 0xF6, 0x69, 0x8F, 0x3A, 0xE2, 0xFE,
    0x7C, 0x5F, 0x74, 0xC4, 0x2C, 0xD4, 0x74, 0x28, 0x20, 0xBB, 0x8D, 0x48, 0x2F, 0xEE, 0x69, 0x23,
    0x5A, 0xAE, 0x32, 0x12, 0xEB, 0x03, 0xA9, 0x37, 0x62, 0x36, 0x92, 0xB2, 0xA7, 0x07, 0x5B, 0x08,
    0xF0, 0x78, 0xFD, 0x90, 0x3C, 0x24, 0xBE, 0xE0, 0x31, 0x29, 0x3C, 0x5A, 0xBC, 0xDD, 0x58, 0xCE,
    0xEF, 0xB2, 0xA3, 0x56, 0x54, 0x5A, 0xC5, 0xA9, 0xB3, 0x68, 0x39, 0x27, 0xDC, 0xA4, 0x8B, 0x28,
    0x3E, 0x8B, 0xBF, 0x99, 0x85, 0x4D, 0xF4, 0x22, 0x15, 0x70, 0x45, 0x93, 0x7A, 0xAB, 0xC0, 0xAA,
    0x2E, 0x32, 0xEB, 0xF1, 0x86, 0x24, 0x5D, 0x64, 0x8C, 0x52, 0xAF, 0x94, 0x7D, 0x79, 0xD1, 0x62,
    0x37, 0xD5, 0x0B, 0x73, 0x68, 0x12, 0xFC, 0xA7, 0x63, 0x68, 0x4D, 0x8B, 0x19, 0xC0, 0x4E, 0xF2,
    0xA5, 0xB2, 0x03, 0x83, 0xB8, 0xC8, 0x6E, 0x76, 0xCD, 0xF7, 0x3E, 0x15, 0x7C, 0x69, 0x12, 0x1A,
    0x4E, 0x36, 0x1B, 0xE6, 0x45, 0x5D, 0xB3, 0x5D, 0x0A, 0x76, 0x3A, 0x18, 0x8E, 0x29, 0x7B, 0x61,
    0x3D, 0x0F, 0x09, 0x8B, 0xCC, 0xCA, 0x73, 0x4F, 0x78, 0xC5, 0x7E, 0x59, 0xD8, 0x20, 0x39, 0xCB,
    0x57, 0x60, 0x6B, 0x64, 0xE9, 0x9C, 0x84, 0x6F, 0xB3, 0x89, 0xC2, 0x1B, 0xC5, 0x28, 0x1F, 0x70,
    0x87, 0x62, 0xD7, 0x83, 0x48, 0x96, 0x62, 0xDB, 0x25, 0x67, 0x07, 0x3D, 0x0B, 0xD5, 0xA0, 0x75,
    0x14, 0xB5, 0x82, 0xF7, 0x89, 0x1E, 0xE7, 0x99, 0xD0, 0xC1, 0xA7, 0x50, 0x1F, 0xC5, 0x52, 0x2C,
    0x94, 0x2E, 0xEA, 0xC0, 0xB2, 0x45, 0x2B, 0x98, 0xEC, 0xB0, 0x61, 0x31, 0x2A, 0x4D, 0x7B, 0x0A,
    0xE3, 0xC8, 0x80, 0x3A, 0x06, 0x85, 0xF2, 0x5E, 0xA9, 0x66, 0x17, 0x29, 0x47, 0xA7, 0x08, 0xB1,
    0x4A, 0x21, 0x16, 0xC2, 0x28, 0x88, 0xA5, 0x6A, 0xA2, 0x47, 0x42, 0x55, 0x9B, 0x35, 0x79, 0x0D,
    0x62, 0x61, 0x8A, 0x29, 0x56, 0x76, 0xCD, 0x9D, 0x8A, 0x85, 0xE3, 0xE4, 0xC0, 0x76, 0xB1, 0x5A,
    0xE1, 0x47, 0xDF, 0x49, 0xB5, 0x2B, 0x16, 0x23, 0xAF, 0x39, 0x43, 0xB6, 0x19, 0xCA, 0x95, 0x5A,
    0xD0, 0xAA, 0x2B, 0x56, 0xB2, 0xA0, 0xD6, 0x2B, 0x85, 0xB6, 0x3B, 0x65, 0x02, 0x85, 0x58, 0xA5,
    0x10, 0xAB, 0x14, 0x62, 0x95, 0x42, 0xAC, 0x52, 0x88, 0x55, 0x0A, 0xB1, 0x4A, 0xB5, 0x12, 0x72,
    0xD6, 0x8C, 0x59, 0x8A, 0xF2, 0x7F, 0xF3, 0xA4, 0xDA, 0x26, 0xCC, 0xDF, 0x0A, 0x71, 0x05, 0xD5,
    0xAB, 0xE1, 0x50, 0xC0, 0xC4, 0x29, 0xEE, 0x4E, 0xE1, 0x12, 0x3C, 0x0F, 0xBA, 0x83, 0x76, 0x12,
    0x66, 0x57, 0xF2, 0x20, 0x7E, 0x33, 0xE3, 0x51, 0x4A, 0x97, 0xF0, 0x0C, 0x2F, 0xC2, 0xB3, 0x11,
    0x68, 0x37, 0xE8, 0x37, 0x18, 0x01, 0x75, 0x8F, 0x0F, 0xFF, 0xCB, 0xE8, 0x68, 0x42, 0x75, 0xA4,
    0x3C, 0x87, 0xB6, 0x0D, 0x28, 0xF9, 0x5A, 0x70, 0xA8, 0x78, 0xEA, 0x3C, 0xE0, 0x21, 0x4D, 0xB5,
    0xFC, 0x7F, 0x1D, 0xFB, 0x63, 0x11, 0x86, 0xE7, 0xBB, 0xE0, 0x5B, 0x15, 0x9A, 0xF7, 0x83, 0x7F,
    0xA3, 0x8F, 0x7C, 0xB2, 0xC2, 0x0B, 0x57, 0x4B, 0x34, 0xE1, 0xD5, 0x88, 0xB0, 0x6A, 0xC9, 0x98,
    0xFF, 0x9F, 0x2F, 0xF1, 0x4C, 0xAC, 0x9E, 0xAE, 0x14, 0x68, 0xE0, 0x4C, 0x44, 0xC7, 0xE4, 0xDF,
    0x7F, 0x83, 0x0E, 0x02, 0x85, 0xD5, 0x05, 0x8F, 0x1C, 0x07, 0x46, 0x96, 0xE2, 0xAC, 0x9B, 0xB6,
    0x1D, 0x19, 0x1E, 0x51, 0x34, 0xC3, 0x1D, 0xCA, 0x56, 0x4A, 0xB6, 0xCC, 0x5B, 0xDA, 0x49, 0xA3,
    0x71, 0x05, 0xAB, 0xBA, 0x49, 0x40, 0x4A, 0x20, 0xAB, 0x0B, 0xA5, 0xEF, 0x03, 0x86, 0xB6, 0x77,
    0x1B, 0x8E, 0xD2, 0x5D, 0xCE, 0x7D, 0x41, 0xD0, 0x30, 0xF3, 0xCD, 0x78, 0xE2, 0xE8, 0xE8, 0x8A,
    0xE0, 0x1D, 0xDF, 0x03, 0x42, 0xFE, 0x59, 0xCD, 0x2F, 0x1F, 0x34, 0xFF, 0x72, 0x54, 0xD4, 0xE0,
    0x89, 0x9D, 0x3A, 0x23, 0x26, 0xC1, 0x84, 0x67, 0xB2, 0x68, 0x2C, 0x13, 0xFA, 0xA7, 0xE1, 0x1E,
    0x2A, 0xD4, 0x1B, 0xCF, 0x99, 0xDF, 0x85, 0x25, 0x74, 0x60, 0x82, 0x91, 0x74, 0x40, 0xFC, 0x70,
    0x08, 0xAB, 0x0E, 0xC3, 0x89, 0x93, 0x47, 0xB8, 0x2E, 0x25, 0xCC, 0x43, 0x70, 0xB3, 0x7D, 0xCE,
    0x3C, 0x9B, 0xC0, 0x11, 0x4E, 0x54, 0x7C, 0xFD, 0xDC, 0xE7, 0xB8, 0xAF, 0x86, 0x84, 0x1D, 0xCA,
    0x6A, 0x7B, 0xDB, 0x51, 0xDB, 0x14, 0xC2, 0xCB, 0xDE, 0x7A, 0xAA, 0x3D, 0xB8, 0x11, 0x6E, 0xEF,
    0xCC, 0xE3, 0xF3, 0x27, 0x2E, 0x49, 0x38, 0xE1, 0xC0, 0x89, 0xCA, 0x65, 0x93, 0xAF, 0x1C, 0x5E,
    0x48, 0xB9, 0x86, 0x13, 0x91, 0xA3, 0x60, 0xE0, 0x1A, 0x4E, 0x28, 0xD7, 0xEB, 0x90, 0x6B, 0x3B,
    0xB9, 0x3B, 0xC7, 0xF3, 0xFF, 0xE1, 0xF0, 0x92, 0xE7, 0x48, 0x4F, 0x32, 0xF3, 0x3B, 0x81, 0xC3,
    0x16, 0x77, 0xE0, 0x49, 0xDB, 0x68, 0x20, 0x5F, 0x5D, 0x7F, 0x56, 0x8B, 0xC4, 0xDD, 0x7F, 0x02,
    0x43, 0xE7, 0xEC, 0x2A, 0xF4, 0xA5, 0x72, 0xA5, 0x0A, 0xA3, 0x48, 0xAD, 0xCD, 0x04, 0x31, 0x67,
    0xBD, 0xA0, 0x8F, 0xF6, 0xD4, 0x62, 0xF4, 0x63, 0x4F, 0xF2, 0xB6, 0x3C, 0x98, 0xB2, 0xCE, 0x4D,
    0x30, 0x4F, 0xA1, 0xF4, 0xA7, 0x62, 0x02, 0xD7, 0x50, 0x52, 0xCD, 0x64, 0x38, 0x6D, 0x48, 0xDC,
    0x94, 0x5D, 0x0A, 0x75, 0xC4, 0xF5, 0xF4, 0xB0, 0x10, 0x19, 0x60, 0x5E, 0xC1, 0x98, 0x94, 0xF1,
    0xCF, 0x91, 0xA7, 0x37, 0xFC, 0x7F, 0xA2, 0x49, 0xFB, 0xBF, 0xD2, 0xC2, 0x65, 0xBF, 0xFA, 0x6A,
    0x08, 0xB2, 0x9E, 0x32, 0x0B, 0x50, 0x14, 0x52, 0xCC, 0xDB, 0x51, 0xC9, 0xF3, 0x21, 0x0C, 0xCE,
    0x3B, 0xEE, 0x40, 0x1E, 0x4F, 0xD4, 0x63, 0x24, 0x63, 0xC6, 0x4E, 0x48, 0xE1, 0xC3, 0x3C, 0xEE,
    0x0C, 0x19, 0x7D, 0x7B, 0x0A, 0x41, 0x73, 0xD6, 0x93, 0xD5, 0x38, 0xBB, 0xA1, 0x1A, 0x6F, 0x57,
    0x44, 0xDC, 0xE8, 0xB3, 0xA9, 0xBE, 0x74, 0x8A, 0xB2, 0x39, 0x10, 0x33, 0x04, 0x52, 0x35, 0x20,
    0x8F, 0xD0, 0x6B, 0x41, 0x99, 0xFF, 0xA9, 0x27, 0x52, 0x45, 0xE9, 0x1F, 0xBB, 0xCE, 0xC7, 0x47,
    0x55, 0x81, 0x4F, 0x47, 0x7A, 0x0F, 0x51, 0x49, 0x9F, 0x88, 0xA9, 0xAD, 0x8A, 0x5E, 0x45, 0x0A,
    0xCE, 0xFA, 0x15, 0x4A, 0x07, 0x3A, 0x85, 0xC2, 0x0D, 0x94, 0x76, 0x54, 0x78, 0xFA, 0x9E, 0xA4,
    0xBA, 0x51, 0x34, 0xAF, 0x5C, 0x32, 0x88, 0x12, 0xE9, 0x48, 0x96, 0xE8, 0x2A, 0x65, 0x52, 0x92,
    0x8F, 0xE6, 0x63, 0xB2, 0x50, 0x32, 0xCB, 0xB3, 0x44, 0x5F, 0x34, 0xC3, 0xC9, 0x99, 0xB2, 0x91,
    0x2A, 0x91, 0xD8, 0x54, 0xFE, 0xDF, 0x4D, 0x52, 0x9A, 0x57, 0x45, 0x05, 0xB2, 0x4F, 0xFE, 0xFD,
    0x40, 0x95, 0x4F, 0x07, 0xC4, 0xB0, 0x17, 0x4F, 0xCA, 0x00, 0xDF, 0x14, 0x52, 0xC4, 0x8F, 0xD3,
    0x99, 0xE7, 0xAA, 0x8E, 0x38, 0x84, 0xB3, 0x54, 0x3A, 0xEB, 0xD3, 0x35, 0xD9, 0x4B, 0xC0, 0x3E,
    0x9F, 0x1F, 0x8F, 0x09, 0xE9, 0xD8, 0x6B, 0xB7, 0x97, 0x8C, 0xB5, 0x8E, 0x63, 0x5C, 0xAB, 0x63,
    0xB4, 0x5E, 0x66, 0x55, 0xDF, 0xAE, 0xD7, 0xC6, 0xD9, 0xEF, 0x29, 0x3B, 0xA7, 0xEC, 0x8E, 0x1D,
    0xF2, 0x94, 0x31, 0xC5, 0xEB, 0x63, 0x3C, 0xE4, 0xEB, 0x9E, 0xFA, 0x19, 0x0F, 0xC1, 0x9A, 0xC9,
    0x16, 0x94, 0x65, 0xDC, 0x95, 0x9A, 0x2A, 0x56, 0x7A, 0x34, 0x67, 0x5F, 0x69, 0xE6, 0x15, 0x53,
    0x6F, 0xD8, 0xD9, 0x41, 0x85, 0x73, 0xEA, 0xCA, 0x95, 0xF6, 0x94, 0x64, 0x27, 0x8A, 0xDD, 0x47,
    0x60, 0x54, 0x8F, 0xD4, 0x7A, 0xFA, 0x54, 0x88, 0xDF, 0xB9, 0x93, 0x94, 0x28, 0xFA, 0x69, 0xCC,
    0x8F, 0x65, 0x02, 0xEA, 0xD4, 0x36, 0xF9, 0x22, 0x01, 0xDE, 0x07, 0x45, 0xCA, 0x76, 0x33, 0xE2,
    0xCE, 0xF0, 0x1A, 0x65, 0x0E, 0x91, 0x5A, 0x99, 0x68, 0x89, 0xBE, 0xFF, 0x34, 0xC6, 0xF2, 0xFF,
    0x65, 0x8F, 0x86, 0x0E, 0xBD, 0xE7, 0x65, 0x22, 0x27, 0x98, 0xAF, 0x94, 0xF9, 0x30, 0x46, 0x96,
    0x3A, 0x66, 0x86, 0x48, 0x3D, 0xFD, 0x1D, 0x87, 0x60, 0x59, 0x27, 0x55, 0x44, 0x95, 0x3B, 0x31,
    0xE9, 0x23, 0xB1, 0x92, 0x96, 0x3D, 0x28, 0xB9, 0x89, 0x9C, 0xF8, 0xBA, 0xC8, 0xDD, 0x88, 0xE5,
    0x4E, 0xF5, 0x65, 0x5E, 0x91, 0x53, 0x8E, 0x11, 0x3E, 0x63, 0x7A, 0xDC, 0x95, 0x20, 0xCD, 0x40,
    0x19, 0x86, 0xB4, 0x37, 0x3C, 0x21, 0xD6, 0xE3, 0x77, 0x1D, 0x51, 0xBB, 0x91, 0x76, 0x45, 0x18,
    0xA5, 0x95, 0x83, 0x6A, 0xAB, 0x22, 0x41, 0x87, 0xAC, 0x06, 0x48, 0x54, 0x92, 0x71, 0x20, 0x89,
    0x90, 0x72, 0x23, 0xC4, 0x2E, 0x90, 0x36, 0x92, 0x3A, 0x92, 0x33, 0x04, 0x72, 0x2F, 0x3D, 0x2F,
    0x6F, 0xF5, 0x64, 0xBB, 0x57, 0x40, 0x12, 0x1E, 0x3B, 0x21, 0x5D, 0x58, 0x62, 0xB0, 0xBE, 0xBC,
    0xB2, 0x12, 0xC8, 0x5F, 0xE7, 0x33, 0x48, 0x73, 0x89, 0x06, 0x52, 0xA1, 0x7A, 0x2D, 0xA1, 0x07,
    0xA5, 0x83, 0x92, 0xD3, 0xB9, 0x57, 0xD2, 0xAE, 0x8A, 0x9B, 0xD0, 0xC3, 0x30, 0x5A, 0xAF, 0xC7,
    0x8E, 0x2E, 0xC9, 0x9C, 0xEA, 0xB2, 0x95, 0x42, 0x57, 0x3C, 0x44, 0x3C, 0x93, 0x09, 0xA6, 0xFF,
    0x02, 0xC8, 0xCC, 0x7C, 0x33, 0xDE, 0x38, 0x3A, 0x6A, 0xE3, 0xF7, 0xFF, 0x72, 0x68, 0x5F, 0x16,
    0x7C, 0x39, 0x96, 0x7F, 0x47, 0x8A, 0x63, 0x46, 0xC4, 0x2B, 0x01, 0xE3, 0x64, 0x39, 0xE1, 0x25,
    0xE0, 0x7C, 0x80, 0x69, 0xC0, 0x8C, 0xA7, 0x80, 0x23, 0x30, 0xE7, 0x81, 0x3E, 0xEC, 0x30, 0x21,
    0xCD, 0x79, 0x14, 0xEC, 0xAD, 0x88, 0x32, 0xFC, 0x43, 0x66, 0x76, 0x1B, 0xFE, 0x1F, 0x08, 0xCF,
    0x4A, 0x7E, 0xD3, 0xD7, 0xEC, 0xA9, 0xE2, 0xAB, 0x08, 0xA4, 0x2C, 0x4F, 0x01, 0x87, 0x80, 0x1D,
    0x62, 0xBF, 0x1A, 0xDC, 0x51, 0xCB, 0x6E, 0xE3, 0xA2, 0xA7, 0x46, 0x9B, 0xBC, 0xE2, 0x3F, 0xD4,
    0xE1, 0x05, 0xEA, 0x24, 0xC0, 0x09, 0x5C, 0xD4, 0x0A, 0xB1, 0x2D, 0xB8, 0xA8, 0x25, 0xFA, 0x14,
    0xC0, 0x01, 0xC1, 0x50, 0x01, 0xEC, 0x0E, 0xB0, 0x64, 0xBF, 0xE1, 0xF5, 0xFF, 0xAA, 0xDA, 0x30,
    0x67, 0x5E, 0x45, 0x85, 0x8C, 0x79, 0x14, 0x15, 0xF6, 0xF5, 0x80, 0x7B, 0xCF, 0xD2, 0xDD, 0xEA,
    0x2D, 0x71, 0x5A, 0x6F, 0x95, 0xA2, 0x7E, 0x11, 0x31, 0x65, 0xBE, 0x76, 0x73, 0xFD, 0x56, 0x5A,
    0x6F, 0x39, 0x6B, 0xBD, 0x19, 0xD6, 0x7A, 0x33, 0xEF, 0x6A, 0xBD, 0x7D, 0xF0, 0x5F, 0x5B, 0xBD,
    0xDD, 0x3E, 0x58, 0x5E, 0x8F, 0xE4, 0x7F, 0x70, 0x4A, 0x1E, 0xEA, 0x1F, 0xDE, 0xDD, 0xDE, 0x73,
    0xCA, 0xCA, 0x3E, 0x8E, 0x48, 0xEC, 0x42, 0xCF, 0x2F, 0x66, 0x2A, 0x21, 0x16, 0xAE, 0x25, 0x7C,
    0xD9, 0xD0, 0x0A, 0x92, 0xAD, 0x94, 0x2E, 0xE1, 0x31, 0xF8, 0x4A, 0x75, 0x45, 0x66, 0x02, 0xB3,
    0x1D, 0x55, 0x21, 0x64, 0xF4, 0x64, 0x87, 0x2F, 0x06, 0x57, 0xDB, 0xF6, 0xFF, 0x56, 0x18, 0x53,
    0xC2, 0x1D, 0xD8, 0x22, 0xC1, 0x0E, 0xD8, 0x4C, 0x39, 0x37, 0x67, 0x95, 0x19, 0x26, 0xE4, 0xFB,
    0x2A, 0x95, 0x4C, 0x5E, 0xA3, 0x05, 0xBB, 0xA6, 0x50, 0xFE, 0x13, 0x54, 0xCF, 0x27, 0x85, 0xD0,
    0xFD, 0xC4, 0xD3, 0xA3, 0x60, 0xD9, 0x97, 0xF9, 0x37, 0x1D, 0x86, 0x30, 0xFA, 0xDF, 0x79, 0xD1,
    0xE1, 0x8B, 0x0A, 0x9D, 0xAC, 0xB3, 0x06, 0x59, 0x44, 0x96, 0x35, 0xA5, 0xCC, 0x2E, 0x60, 0x33,
    0x21, 0x0E, 0xC3, 0x50, 0x95, 0xF0, 0x40, 0x18, 0xA6, 0x44, 0xA7, 0x10, 0x3E, 0x98, 0x95, 0x74,
    0x78, 0x8A, 0xC5, 0xC9, 0x9C, 0x54, 0x41, 0x18, 0x96, 0xA6, 0xE3, 0x09, 0x7A, 0xB8, 0xD2, 0xD5,
    0xED, 0xF3, 0x90, 0xCB, 0x58, 0x9A, 0xCD, 0x3C, 0x31, 0xF3, 0xF5, 0xBF, 0xA4, 0x94, 0xAF, 0xB0,
    0x98, 0xBC, 0x47, 0xC3, 0x29, 0x9A, 0xED, 0xD9, 0xDC, 0xDD, 0x4F, 0x32, 0xE7, 0xD2, 0x18, 0xE5,
    0xBB, 0x32, 0xF8, 0xC9, 0xF7, 0x4F, 0x88, 0x84, 0x4E, 0xEB, 0x31, 0x40, 0x7F, 0x00, 0xC3, 0x1D,
    0xA0, 0x3A, 0x04, 0xD5, 0xB6, 0x3C, 0x04, 0xD5, 0xD7, 0x04, 0x18, 0x23, 0x04, 0xD3, 0x45, 0xB8,
    0x4F, 0x97, 0x09, 0x4E, 0xEB, 0xB2, 0x4E, 0x8B, 0x51, 0x26, 0x65, 0x27, 0xC1, 0x52, 0xCE, 0x3E,
    0xED, 0xA5, 0x78, 0xD7, 0xCF, 0xBB, 0xCD, 0x28, 0x96, 0x45, 0xD4, 0xBF, 0xCD, 0x43, 0x8D, 0x3C,
    0x40, 0xB7, 0x5F, 0x27, 0xD6, 0x56, 0x87, 0x3B, 0x92, 0x30, 0x2F, 0xED, 0x8D, 0xB0, 0xA2, 0x93,
    0x60, 0xB1, 0x10, 0x7A, 0x51, 0x4A, 0x40, 0x85, 0x93, 0x48, 0x13, 0xED, 0x41, 0x3E, 0xCD, 0x7B,
    0x2C, 0x9A, 0x18, 0x8C, 0xD8, 0x44, 0xC5, 0x40, 0x52, 0x4F, 0x56, 0xF5, 0xFB, 0x64, 0x7C, 0xAB,
    0x43, 0x30, 0x27, 0xB2, 0x5B, 0x4F, 0xCF, 0x05, 0xCA, 0x0D, 0xC9, 0x8A, 0xF6, 0x24, 0x2A, 0x53,
    0xEA, 0x55, 0x6C, 0xCE, 0x62, 0x37, 0x50, 0xB3, 0x8A, 0x31, 0x49, 0x62, 0xBD, 0x72, 0x26, 0x34,
    0x9F, 0x11, 0xED, 0xE0, 0x72, 0xA0, 0xF5, 0x94, 0x86, 0xB6, 0x47, 0x3C, 0xDC, 0xAF, 0x23, 0xA1,
    0x34, 0x0D, 0xED, 0x26, 0x25, 0xA5, 0xFC, 0x23, 0x0F, 0x9A, 0x75, 0xC7, 0x2B, 0x9F, 0x57, 0x9F,
    0xE6, 0xEE, 0x78, 0xFA, 0xEB, 0x8E, 0xA7, 0x75, 0x91, 0x91, 0x5D, 0x77, 0x5A, 0xCF, 0x3B, 0xE5,
    0x48, 0x25, 0x87, 0x48, 0x31, 0x0F, 0x68, 0xA4, 0xEA, 0x9C, 0x34, 0xC4, 0x64, 0xA3, 0x8F, 0xD2,
    0xF7, 0x0B, 0x26, 0xCA, 0x24, 0x08, 0xA5, 0xFC, 0xDD, 0x99, 0x50, 0x88, 0xB3, 0x58, 0x73, 0x47,
    0xAB, 0x79, 0x62, 0xA3, 0x1D, 0x51, 0x47, 0xF2, 0x6C, 0xB6, 0x2C, 0xA8, 0x51, 0xCA, 0xDF, 0x6E,
    0x2F, 0x3D, 0xF4, 0x8E, 0x9A, 0x5B, 0x26, 0x2B, 0x71, 0x3D, 0x3F, 0x39, 0x12, 0x52, 0xF1, 0x1C,
    0x9D, 0x66, 0xB6, 0x19, 0xD4, 0x8B, 0x97, 0x29, 0x3A, 0xF1, 0x37, 0x79, 0x2F, 0xF7, 0x6C, 0xA0,
    0xF2, 0xEE, 0x77, 0x79, 0x52, 0xEE, 0x45, 0x27, 0x77, 0xE3, 0xE5, 0x5E, 0x39, 0xB9, 0xD7, 0xB4,
    0xDD, 0x7F, 0x38, 0xCB, 0xFD, 0xEF, 0x47, 0xB9, 0x73, 0x87, 0xBB, 0x93, 0x6C, 0xA7, 0xAD, 0x6C,
    0xF8, 0x40, 0xB7, 0x79, 0xDA, 0x77, 0xE5, 0xFE, 0x67, 0xA5, 0xDC, 0xE9, 0xCE, 0xF7, 0x0B, 0xF0,
    0x82, 0xAF, 0xE2, 0x2E, 0xEE, 0x61, 0x48, 0x27, 0xF1, 0x99, 0xB9, 0xC4, 0x5C, 0x2C, 0x31, 0x16,
    0x43, 0x52, 0xA9, 0x06, 0x79, 0xE6, 0x2C, 0x0A, 0xEC, 0x62, 0x0C, 0x78, 0x0D, 0x52, 0x18, 0xB9,
    0xF3, 0x7A, 0xEE, 0x69, 0x59, 0x81, 0x80, 0x26, 0xAB, 0xF6, 0x85, 0x94, 0x5D, 0xD5, 0xAB, 0xAF,
    0xB2, 0x3E, 0x84, 0x89, 0x8D, 0x60, 0xBA, 0x47, 0x47, 0x2D, 0xD5, 0x43, 0xB1, 0x6E, 0xE8, 0xDA,
    0xDE, 0x6C, 0x58, 0x3B, 0xEE, 0x24, 0x78, 0xB3, 0x7E, 0xC3, 0x79, 0xC3, 0x1F, 0xB2, 0x2F, 0xA5,
    0xB8, 0xBF, 0xD1, 0xA0, 0x39, 0x67, 0x6E, 0xEC, 0x84, 0xEA, 0x75, 0xBA, 0xE6, 0xC4, 0xD7, 0xEA,
    0x21, 0xAC, 0x4D, 0x0B, 0x16, 0x01, 0xCD, 0x7A, 0x9E, 0x57, 0xC1, 0x85, 0x10, 0xA3, 0x9A, 0x39,
    0x61, 0x16, 0x41, 0x73, 0xBA, 0x0D, 0x47, 0xB2, 0xD0, 0x96, 0x72, 0xC3, 0x0D, 0xD9, 0x29, 0x63,
    0x27, 0xBE, 0x74, 0xCC, 0x98, 0xEC, 0x86, 0x43, 0xCE, 0x54, 0x75, 0xA2, 0x16, 0xB0, 0x15, 0xF5,
    0x22, 0x5A, 0x2F, 0xC8, 0xE2, 0x7B, 0xEB, 0x71, 0x43, 0x76, 0xBA, 0x24, 0x25, 0xF2, 0x04, 0x66,
    0xD1, 0xE3, 0x7A, 0xCB, 0x3D, 0xF6, 0xD2, 0x4E, 0x7C, 0x3B, 0x2C, 0xE5, 0x52, 0x72, 0x59, 0x3D,
    0x4C, 0x3A, 0xD8, 0x49, 0xF1, 0xCC, 0x1A, 0xD0, 0x36, 0x8A, 0xA6, 0x53, 0xCC, 0x46, 0xC5, 0x64,
    0x01, 0x5A, 0xAA, 0x1D, 0xD0, 0x97, 0x1E, 0x38, 0xE4, 0x03, 0x70, 0x4E, 0x66, 0x3C, 0xD7, 0x52,
    0x0B, 0xAC, 0x9A, 0xCA, 0x0B, 0x16, 0x7D, 0x31, 0x08, 0xA6, 0x53, 0x3A, 0x09, 0xD2, 0x4A, 0x2B,
    0xD0, 0x36, 0xB6, 0x11, 0x34, 0x9D, 0xE9, 0x05, 0xB3, 0x31, 0x1B, 0x05, 0x69, 0xA1, 0x05, 0x68,
    0x9D, 0xFD, 0x13, 0xC1, 0xB2, 0x33, 0x6F, 0x09, 0xE6, 0x43, 0xFE, 0x9E, 0x60, 0x32, 0x27, 0x2C,
    0x28, 0xB6, 0x02, 0x56, 0xBE, 0x04, 0x16, 0x43, 0x0E, 0x4C, 0xE7, 0x14, 0x48, 0x1C, 0xD0, 0x7E,
    0x45, 0xD1, 0xFC, 0x5C, 0x31, 0xBB, 0xA1, 0x48, 0x1C, 0xD0, 0x06, 0x2C, 0x87, 0x67, 0x8E, 0x8E,
    0x1A, 0xDA, 0x96, 0x67, 0x5C, 0x68, 0x52, 0x7D, 0x82, 0x50, 0x41, 0x13, 0x03, 0x69, 0x02, 0xA9,
    0x91, 0x92, 0xC0, 0xC9, 0x22, 0x02, 0xA0, 0x98, 0x58, 0x44, 0xB5, 0x98, 0xE0, 0x83, 0x84, 0x3B,
    0x4E, 0xB4, 0xEC, 0x8F, 0x13, 0xDF, 0xE2, 0xEE, 0x38, 0xF1, 0x35, 0x1E, 0x8E, 0x13, 0x5F, 0xBD,
    0x39, 0xF1, 0x02, 0x4F, 0x92, 0xF8, 0xC8, 0xB7, 0x75, 0x4D, 0x7A, 0xDE, 0x12, 0x29, 0x5A, 0x93,
    0x6D, 0x78, 0xDD, 0x12, 0x65, 0x58, 0xA4, 0xAF, 0x59, 0x2A, 0x67, 0x2A, 0x58, 0x12, 0x96, 0x9B,
    0x96, 0x58, 0xB6, 0x38, 0xB7, 0x44, 0xC5, 0x7E, 0x4B, 0xF4, 0x29, 0x12, 0x86, 0x7B, 0x59, 0xCF,
    0xDE, 0xFE, 0x6D, 0x89, 0x82, 0x87, 0x56, 0x3E, 0xE6, 0x7E, 0x4B, 0x64, 0x3C, 0x1E, 0x27, 0x52,
    0x9E, 0x8F, 0x13, 0xC4, 0xCB, 0x4D, 0x89, 0x96, 0x8F, 0x05, 0xA0, 0xB0, 0x51, 0xB4, 0xB4, 0x3F,
    0xEC, 0xAB, 0x36, 0x92, 0x30, 0xCC, 0x64, 0x97, 0x12, 0xEA, 0x48, 0x8F, 0x90, 0x0F, 0x66, 0x24,
    0x32, 0x66, 0xE9, 0x3B, 0x1D, 0x12, 0xA9, 0xD4, 0x56, 0x72, 0x96, 0x90, 0x08, 0x5B, 0x49, 0x9A,
    0x20, 0xE6, 0x6D, 0x39, 0xED, 0xDC, 0x39, 0x0C, 0x01, 0x54, 0x33, 0xB1, 0x58, 0xE2, 0x4B, 0xBC,
    0x4A, 0xAE, 0x9A, 0xC0, 0x5E, 0x6F, 0x79, 0x73, 0xC2, 0x84, 0x04, 0xDD, 0x7C, 0x55, 0x58, 0xBF,
    0x0D, 0x1D, 0x74, 0x05, 0xAB, 0xF9, 0x9D, 0x96, 0xBB, 0xE8, 0x90, 0xEB, 0x19, 0xBD, 0x14, 0x4F,
    0xEC, 0x43, 0x71, 0x2D, 0xEE, 0xAB, 0xD1, 0x26, 0x82, 0x7D, 0x70, 0xBE, 0xE1, 0xF2, 0x89, 0xB2,
    0x49, 0xA4, 0x4C, 0xC9, 0x4C, 0xF9, 0x90, 0xD4, 0x37, 0xAE, 0x48, 0xDB, 0x36, 0xBD, 0x44, 0x51,
    0xEC, 0x6A, 0x32, 0x5E, 0x58, 0xED, 0xAD, 0xAB, 0x1A, 0x61, 0xD6, 0x97, 0x1B, 0x57, 0x66, 0xBC,
    0xA5, 0xDB, 0x58, 0xA7, 0xAC, 0xF6, 0x85, 0xB2, 0x84, 0x9D, 0x32, 0x91, 0xAC, 0x8C, 0x79, 0x8A,
    0xEC, 0x86, 0xA3, 0xF8, 0x06, 0x09, 0x73, 0x81, 0xF9, 0xAA, 0x51, 0x56, 0x6E, 0xF9, 0x81, 0x89,
    0xA9, 0xBB, 0xC0, 0x64, 0x90, 0xAD, 0xB1, 0x0C, 0xAE, 0xDA, 0xF7, 0x24, 0x0B, 0x1F, 0x0B, 0x58,
    0x36, 0x11, 0xC5, 0x9D, 0x6A, 0x0D, 0x49, 0xF4, 0x1E, 0x9D, 0x27, 0x51, 0x86, 0xAD, 0xE1, 0x45,
    0x7B, 0xC0, 0x37, 0xBE, 0xC4, 0xFD, 0xBE, 0xD8, 0xE7, 0x42, 0x55, 0x72, 0x1F, 0xB7, 0xE0, 0x6E,
    0x8B, 0x50, 0x9F, 0x8B, 0x24, 0x1D, 0x22, 0x2B, 0x7C, 0x64, 0x55, 0x24, 0x74, 0x21, 0xC6, 0xB7,
    0x89, 0x58, 0x02, 0x3B, 0x9F, 0x99, 0x7A, 0x56, 0x09, 0x90, 0x31, 0x63, 0xFE, 0x26, 0x8F, 0x52,
    0xCF, 0xA8, 0xEB, 0x19, 0x9B, 0x5B, 0xB5, 0x78, 0x58, 0x51, 0x36, 0x1D, 0x89, 0xE0, 0x39, 0x21,
    0x5B, 0x7D, 0x29, 0x9C, 0x02, 0x37, 0x1B, 0x9B, 0x20, 0xD1, 0xB7, 0x3E, 0x83, 0x9A, 0xC2, 0x4C,
    0xA3, 0xAC, 0xF6, 0xF2, 0x18, 0x58, 0xF7, 0x3D, 0xD2, 0xE7, 0xEC, 0xCF, 0x87, 0xC8, 0x7E, 0xEB,
    0x03, 0xAB, 0xA4, 0x13, 0x3B, 0x91, 0x67, 0x56, 0x09, 0x20, 0x25, 0x8F, 0x22, 0x32, 0xF9, 0x97,
    0x6F, 0x2C, 0xC7, 0x07, 0x05, 0xA3, 0x25, 0x65, 0xDC, 0x8B, 0xDA, 0x66, 0xC6, 0x4C, 0xAE, 0x47,
    0xEC, 0x66, 0xEC, 0x2C, 0x2A, 0xD4, 0x1D, 0x3D, 0x6E, 0xD6, 0x6C, 0x80, 0x2F, 0x39, 0x9D, 0xB3,
    0x5B, 0xE4, 0x55, 0x3A, 0x95, 0xB1, 0xB7, 0xEF, 0xC8, 0x9A, 0xDD, 0x5F, 0x13, 0x77, 0x05, 0x6A,
    0xF7, 0xBB, 0xD4, 0x0E, 0x32, 0xB8, 0x0B, 0xC3, 0x48, 0x83, 0x30, 0xA6, 0x9A, 0x22, 0x33, 0xB3,
    0xB2, 0xEF, 0x06, 0x26, 0xEF, 0x16, 0x81, 0x9D, 0xDA, 0x59, 0x45, 0x45, 0x78, 0xC3, 0x34, 0x66,
    0x50, 0x96, 0x8D, 0x55, 0x34, 0xDA, 0x71, 0x6F, 0x79, 0x68, 0xA1, 0x5B, 0xAF, 0xC7, 0x64, 0xD9,
    0x3A, 0x6C, 0x7A, 0x34, 0x0A, 0x13, 0xC9, 0xAC, 0xB8, 0x5D, 0x01, 0xAF, 0x5A, 0x07, 0x30, 0x1E,
    0x90, 0xF7, 0x80, 0x6C, 0xB8, 0x19, 0xD2, 0x03, 0xC8, 0x0E, 0x41, 0x5F, 0x28, 0x3A, 0x40, 0xD9,
    0x00, 0x6A, 0xCD, 0x61, 0xDE, 0x80, 0x99, 0x07, 0x05, 0x07, 0xB8, 0x44, 0xF8, 0x8E, 0xFE, 0x7F,
    0x06, 0xFB, 0xB2, 0x02, 0x47, 0xB8, 0x35, 0xD2, 0x0D, 0xD3, 0x4E, 0x6A, 0x83, 0x73, 0xC9, 0xF9,
    0xEB, 0xF7, 0xB6, 0x63, 0x08, 0xBF, 0xF3, 0xB8, 0x08, 0x94, 0xB1, 0xF8, 0x30, 0x90, 0x8E, 0xB2,
    0xFF, 0x77, 0x20, 0xDC, 0x8A, 0x1F, 0x09, 0xF9, 0x87, 0x89, 0xCC, 0x1B, 0x42, 0x86, 0x57, 0xA9,
    0xFA, 0x8C, 0x10, 0x19, 0x10, 0x33, 0x10, 0x4B, 0x67, 0x94, 0x54, 0x74, 0x41, 0x89, 0x71, 0xAF,
    0x06, 0xD2, 0x44, 0xE2, 0xE7, 0x5B, 0x48, 0xE1, 0xA7, 0xF7, 0x27, 0xF3, 0x6D, 0x6F, 0xED, 0x02,
    0x2F, 0x44, 0x12, 0x32, 0x2D, 0xDD, 0xAE, 0x46, 0x05, 0x22, 0x23, 0xF4, 0x0B, 0x20, 0xAF, 0x45,
    0x9D, 0xE7, 0x58, 0x9C, 0x91, 0x52, 0x16, 0xF2, 0xBB, 0x9E, 0x08, 0x04, 0x87, 0x1A, 0x40, 0x30,
    0x37, 0x73, 0x74, 0x5E, 0x3B, 0x1C, 0x33, 0x77, 0xD1, 0x53, 0x68, 0x75, 0x7E, 0x64, 0xC9, 0xA6,
    0x10, 0x52, 0x13, 0x2B, 0xB1, 0x71, 0xFF, 0xB6, 0xF4, 0xA1, 0x65, 0x16, 0x7D, 0x3A, 0x87, 0x16,
    0x4A, 0x2D, 0x48, 0xA2, 0x92, 0xB4, 0xF2, 0xC7, 0xD8, 0x2A, 0x5F, 0xA4, 0x5B, 0xAF, 0xA4, 0x7D,
    0x67, 0xFD, 0x42, 0xA0, 0x57, 0x1D, 0x05, 0x31, 0xF4, 0x31, 0x47, 0x64, 0x2A, 0x0D, 0x81, 0x7A,
    0xE9, 0x21, 0xC5, 0x80, 0x09, 0x26, 0xD2, 0x39, 0x14, 0x7A, 0x96, 0x1C, 0xE5, 0x3E, 0x43, 0xB4,
    0xD3, 0xD0, 0x25, 0x32, 0x94, 0x89, 0x45, 0x4F, 0x12, 0xF5, 0x74, 0x5A, 0x57, 0xB9, 0x1F, 0x15,
    0xFE, 0xAA, 0xF2, 0xCB, 0x1B, 0x4F, 0x26, 0x14, 0x38, 0xF1, 0x9B, 0x90, 0x6C, 0x00, 0xCF, 0x64,
    0x7E, 0x67, 0x06, 0xCA, 0x17, 0xBC, 0x9A, 0x75, 0x65, 0x87, 0x2E, 0x78, 0x9F, 0xB8, 0x3C, 0xEB,
    0x31, 0xFD, 0xFA, 0xA8, 0xF4, 0xC1, 0x56, 0x76, 0x6C, 0xC0, 0xAD, 0xC3, 0x94, 0x1B, 0xB3, 0xAB,
    0xAB, 0x19, 0x3F, 0x90, 0x5F, 0x23, 0xF9, 0x3C, 0x9D, 0x73, 0xAE, 0xAF, 0x12, 0xC9, 0xBB, 0xC5,
    0x60, 0xD6, 0xC7, 0x7B, 0xE1, 0x1F, 0xA0, 0xDA, 0x97, 0x0B, 0xE9, 0xC6, 0xCD, 0xAF, 0x16, 0x99,
    0xD7, 0x68, 0x11, 0x1F, 0x3C, 0x2B, 0x3B, 0xEB, 0x7B, 0xDF, 0xE5, 0x31, 0x59, 0x8F, 0x27, 0x1E,
    0xD9, 0x2A, 0xF8, 0x22, 0x9A, 0x24, 0x78, 0xB1, 0x08, 0xF7, 0x02, 0x54, 0xB2, 0xD8, 0xC7, 0x99,
    0x39, 0x4C, 0x9C, 0x0D, 0xAB, 0x73, 0x09, 0x93, 0x68, 0x3B, 0xD2, 0x25, 0xC9, 0x46, 0xC4, 0xD7,
    0x43, 0xE2, 0xE9, 0xB4, 0xC3, 0xF2, 0x67, 0xDB, 0x67, 0x61, 0xC5, 0xD7, 0x13, 0x77, 0x1F, 0xD4,
    0xF5, 0xDE, 0x55, 0xDC, 0xE8, 0xA3, 0x98, 0xBC, 0x94, 0xA3, 0xF0, 0xCB, 0x32, 0xA1, 0xC6, 0x08,
    0xDA, 0xFE, 0xB2, 0x91, 0x29, 0xF5, 0x97, 0x44, 0x74, 0xB5, 0x1C, 0x4F, 0xAA, 0x93, 0xDB, 0x86,
    0x8B, 0x16, 0x61, 0xB5, 0x76, 0x30, 0x76, 0x61, 0x2B, 0xB0, 0x62, 0xC9, 0x93, 0x27, 0x91, 0x91,
    0xF3, 0x98, 0x8E, 0x95, 0x84, 0x9D, 0x1D, 0xB5, 0x73, 0xDE, 0x88, 0xEA, 0x85, 0xA3, 0x6A, 0xBD,
    0x1F, 0x75, 0x5D, 0x4A, 0x79, 0xD4, 0xF3, 0x59, 0x29, 0xE6, 0x40, 0xB9, 0xA8, 0xAF, 0xC3, 0x7C,
    0xBE, 0xDC, 0x03, 0x75, 0xB8, 0xC3, 0x3E, 0x6A, 0xDB, 0x09, 0xC5, 0x37, 0xF5, 0x40, 0x48, 0x5E,
    0xD4, 0xE5, 0xDB, 0xBA, 0x43, 0x53, 0x31, 0x8C, 0xA1, 0xB0, 0xC4, 0x18, 0xE8, 0x36, 0x9A, 0x4C,
    0x61, 0x95, 0xC4, 0xFA, 0x1A, 0x6B, 0x01, 0xF5, 0x46, 0x7F, 0xC2, 0x50, 0xD2, 0x22, 0x0C, 0x87,
    0x92, 0x67, 0xF0, 0x9A, 0x9D, 0xE0, 0x8E, 0x11, 0x0A, 0x49, 0xA9, 0x7A, 0x3C, 0x93, 0x6F, 0x34,
    0x6F, 0x40, 0x33, 0xF9, 0x54, 0x84, 0x84, 0x75, 0xE9, 0x43, 0xFA, 0xDA, 0x31, 0x9D, 0xEF, 0x44,
    0x93, 0x71, 0xA3, 0x0B, 0x68, 0x36, 0x04, 0x7A, 0x92, 0x72, 0x1F, 0x3A, 0x62, 0xDD, 0x95, 0x24,
    0xF4, 0x49, 0x9F, 0xF0, 0xF8, 0xBC, 0x2E, 0x9C, 0xE9, 0x2A, 0x99, 0xCE, 0x4C, 0xCB, 0x2B, 0x21,
    0xC2, 0xED, 0xE9, 0xD3, 0x68, 0x16, 0x50, 0xE9, 0x8B, 0x34, 0x82, 0x3E, 0x72, 0xDB, 0x18, 0xF0,
    0x75, 0x0A, 0x83, 0xC0, 0xA5, 0x80, 0x13, 0xA9, 0x93, 0x66, 0x0A, 0xE3, 0x40, 0xA3, 0x68, 0x3A,
    0xC5, 0xBC, 0x57, 0xCC, 0x86, 0x43, 0x4C, 0x77, 0xBC, 0xF3, 0xF7, 0xF1, 0x3D, 0xE3, 0x83, 0x5C,
    0x07, 0xBC, 0xBA, 0x12, 0xC9, 0xE2, 0x2F, 0x8F, 0x82, 0xEA, 0x84, 0x81, 0x24, 0xF8, 0xB3, 0xC9,
    0x78, 0xE8, 0xF1, 0x5A, 0xDE, 0x01, 0x6D, 0x3A, 0x00, 0xCB, 0x66, 0x06, 0x16, 0xFE, 0x02, 0x30,
    0x1B, 0x2C, 0x30, 0x1D, 0x83, 0xFC, 0xB9, 0xE8, 0x80, 0x17, 0x43, 0xFE, 0x15, 0x4D, 0x40, 0xE3,
    0x5F, 0x03, 0x16, 0x9D, 0x05, 0x66, 0x43, 0xD9, 0xC8, 0x20, 0x91, 0xAC, 0x57, 0x3A, 0x0C, 0x0F,
    0x2D, 0x0F, 0x40, 0xCB, 0xD3, 0x33, 0xB2, 0xB7, 0x7B, 0x36, 0x38, 0x28, 0x55, 0x2D, 0xB0, 0x89,
    0x40, 0x7F, 0xFC, 0x34, 0x73, 0xDC, 0xA8, 0xD7, 0xAF, 0xE3, 0x52, 0xA3, 0xB2, 0x8A, 0xFB, 0xC0,
    0xB4, 0xC1, 0x1F, 0x32, 0x73, 0xC0, 0xDE, 0xFF, 0xB9, 0x2A, 0xCA, 0xC3, 0x7F, 0x65, 0x35, 0x3B,
    0x65, 0xB2, 0x48, 0x09, 0xF6, 0xE3, 0xF3, 0x78, 0x41, 0x8D, 0xE8, 0x64, 0x70, 0x07, 0x23, 0xE6,
    0x7E, 0x63, 0xEF, 0x30, 0x37, 0xCA, 0xBC, 0xE5, 0xBE, 0x5A, 0x9D, 0x30, 0xC3, 0x93, 0x19, 0x49,
    0x58, 0x86, 0x53, 0x6D, 0x2A, 0x8F, 0x57, 0x02, 0xD3, 0x9E, 0x19, 0x34, 0x18, 0x77, 0x4D, 0xE7,
    0xC0, 0x0A, 0xE6, 0xFD, 0x5B, 0xF6, 0xCA, 0xAE, 0xD6, 0x3C, 0xA8, 0xBC, 0xB9, 0x94, 0x07, 0x6B,
    0xF6, 0x66, 0x96, 0x07, 0xBF, 0xC4, 0xFC, 0x83, 0x96, 0xBF, 0xC2, 0xDC, 0xB7, 0xCC, 0xAF, 0x33,
    0xFB, 0xED, 0xC1, 0xC0, 0x4E, 0xF0, 0x70, 0xF3, 0xB9, 0x8C, 0x6C, 0x0A, 0x24, 0xE7, 0x26, 0xBA,
    0xFF, 0x85, 0x6E, 0x39, 0xD5, 0x45, 0xF5, 0xFE, 0xD4, 0x10, 0xBF, 0x53, 0xA2, 0x6B, 0x70, 0x30,
    0xDC, 0x79, 0x1F, 0xAD, 0x15, 0x09, 0xCA, 0xC3, 0xB0, 0x9A, 0x8B, 0x46, 0xDB, 0x4B, 0xDD, 0x87,
    0x8A, 0x08, 0x25, 0xC8, 0x99, 0x47, 0x90, 0xE2, 0x5D, 0x9E, 0x40, 0xCC, 0x4F, 0x03, 0x29, 0xDF,
    0x0C, 0xC4, 0x7E, 0x2D, 0x12, 0x13, 0x1E, 0xBE, 0x6A, 0xC2, 0xEB, 0x4B, 0xA9, 0x02, 0x7F, 0x30,
    0x5B, 0xCD, 0xE2, 0x8D, 0x29, 0xD4, 0xD7, 0x4F, 0x54, 0x0D, 0x0D, 0xBC, 0x22, 0x39, 0x36, 0x9C,
    0x92, 0x96, 0xBD, 0x92, 0xD8, 0x82, 0xD6, 0xD8, 0x44, 0x96, 0x22, 0x58, 0x60, 0xCE, 0x78, 0x01,
    0x19, 0xD3, 0x20, 0x79, 0x20, 0x48, 0xB4, 0xE2, 0xF7, 0xB8, 0x13, 0xD2, 0xE1, 0xD3, 0xD0, 0x9C,
    0x26, 0x25, 0x06, 0x53, 0x5A, 0xEE, 0x71, 0x2A, 0x6F, 0xB3, 0xCB, 0xDA, 0x24, 0xCC, 0x53, 0xCB,
    0x8C, 0x56, 0x35, 0x2B, 0x39, 0xD1, 0x62, 0xCB, 0x34, 0x98, 0x64, 0xAF, 0xE3, 0x3E, 0x10, 0xE3,
    0x03, 0x29, 0x23, 0xB1, 0x2E, 0x90, 0x0F, 0xDF, 0x3E, 0x7C, 0x6F, 0x1A, 0x1E, 0x35, 0x44, 0x47,
    0x97, 0xCC, 0x8F, 0xDB, 0x94, 0x3B, 0x4A, 0xB8, 0xAB, 0xA8, 0x6A, 0xAA, 0x5E, 0x9C, 0x9B, 0x25,
    0xD3, 0x94, 0xF0, 0xE6, 0x67, 0xE8, 0x7E, 0xFA, 0xD8, 0x24, 0x2E, 0xDE, 0x8A, 0xA7, 0x9A, 0xE9,
    0x83, 0x1B, 0xEB, 0x88, 0x1E, 0x7E, 0x8D, 0x3E, 0x31, 0x53, 0xB9, 0x6E, 0xEC, 0x22, 0x7D, 0x7A,
    0xA6, 0x9C, 0x7B, 0x7A, 0xD8, 0xD2, 0x73, 0xD2, 0xBE, 0x56, 0x7A, 0xB8, 0x74, 0x03, 0x56, 0x46,
    0xDC, 0xC3, 0xC6, 0x77, 0x33, 0xA6, 0x77, 0x0F, 0x17, 0x6F, 0xF9, 0x99, 0xEE, 0x21, 0xE3, 0x1F,
    0xCE, 0x7F, 0xD1, 0xCC, 0x74, 0x4A, 0x58, 0xF6, 0x5B, 0x9A, 0xE9, 0x82, 0xB0, 0x84, 0x37, 0x56,
    0x53, 0xD9, 0x7C, 0x52, 0x96, 0x27, 0xA8, 0x7A, 0xFB, 0x6A, 0xCA, 0xFE, 0xD5, 0x82, 0xBB, 0x13,
    0x7C, 0x6D, 0xD3, 0xF4, 0xE3, 0x27, 0x24, 0x30, 0xD6, 0x0B, 0x4D, 0xE9, 0xA5, 0xAD, 0x31, 0xFD,
    0x77, 0x47, 0x2F, 0x49, 0xAD, 0xA1, 0x7E, 0xDE, 0x92, 0xAA, 0xFC, 0xAE, 0xE9, 0x4E, 0x15, 0x7D,
    0xDA, 0x49, 0x0D, 0xBC, 0x62, 0xBA, 0x87, 0xF3, 0x9E, 0x3A, 0x59, 0x77, 0xBF, 0x6C, 0xBA, 0xFB,
    0x94, 0x6B, 0x5B, 0xDC, 0x38, 0xFD, 0xA3, 0x9C, 0xD7, 0x63, 0xFE, 0xF6, 0x53, 0xF4, 0x7B, 0xBE,
    0xDB, 0x05, 0xFE, 0xA9, 0xB2, 0x49, 0x22, 0x7F, 0xAE, 0x6C, 0x52, 0xF0, 0xA2, 0x4F, 0x86, 0xB2,
    0xC9, 0xBB, 0x04, 0x2E, 0x80, 0xDF, 0x63, 0xE6, 0x2E, 0x39, 0x3A, 0x92, 0xE5, 0x90, 0xFF, 0x79,
    0xFB, 0xDF, 0xA0, 0x5C, 0x97, 0x89, 0x1E, 0x7B, 0x11, 0xA5, 0x92, 0x35, 0xD4, 0xF1, 0x7B, 0x52,
    0x26, 0x4C, 0x1B, 0x51, 0xA2, 0x99, 0x12, 0xD6, 0xF2, 0x5C, 0xA5, 0x94, 0x35, 0xE7, 0x9A, 0xB2,
    0x5A, 0x59, 0xE5, 0x0A, 0xAB, 0xAC, 0x6C, 0xEE, 0x0F, 0xCC, 0xF8, 0x47, 0x02, 0xCB, 0xBB, 0x53,
    0x81, 0x65, 0xC3, 0xA7, 0x02, 0x4B, 0xC7, 0x57, 0x02, 0x4B, 0xA6, 0x3E, 0x30, 0x5A, 0x7C, 0x64,
    0x35, 0x58, 0x4F, 0x85, 0xB3, 0xCE, 0xBA, 0x04, 0x4B, 0x0E, 0x55, 0xCA, 0x23, 0xB4, 0xBE, 0xFC,
    0x81, 0x44, 0x23, 0xC3, 0x3D, 0xB2, 0x38, 0x0E, 0x85, 0xFA, 0xC0, 0xCE, 0xB3, 0x53, 0x92, 0xF2,
    0x14, 0xDB, 0xE7, 0xFE, 0xD4, 0x1C, 0x48, 0x1A, 0x08, 0x9A, 0xB7, 0xB8, 0x09, 0x2A, 0x6E, 0x1C,
    0xBD, 0xA4, 0x27, 0x2D, 0x99, 0x67, 0x21, 0x54, 0x6E, 0x24, 0x93, 0xBE, 0x54, 0xBD, 0xB9, 0xEA,
    0xC9, 0x57, 0xFB, 0xA7, 0x33, 0xE9, 0x96, 0x51, 0x31, 0xEA, 0x81, 0x9A, 0xD5, 0x68, 0xC7, 0x4A,
    0x66, 0x21, 0x15, 0x77, 0xE9, 0x54, 0x62, 0xB5, 0xB4, 0xCF, 0x46, 0xEB, 0x71, 0x38, 0x29, 0x1F,
    0x6C, 0x83, 0xD3, 0x2A, 0xA6, 0xAF, 0x9D, 0x34, 0xD1, 0xC9, 0x78, 0xD6, 0x33, 0xB9, 0x55, 0xB3,
    0x42, 0xCF, 0xC5, 0x3E, 0x09, 0xE7, 0xC6, 0x6B, 0x9D, 0xCD, 0x20, 0xBC, 0x66, 0x61, 0x70, 0x99,
    0xC3, 0x61, 0xC0, 0xED, 0xB5, 0x01, 0x44, 0x04, 0x85, 0x73, 0x54, 0x55, 0x27, 0xC4, 0x70, 0x6F,
    0xBD, 0x12, 0x64, 0x85, 0x5D, 0xC6, 0x36, 0x6E, 0x3B, 0x72, 0xAC, 0x8B, 0x7D, 0xC3, 0x72, 0x0E,
    0x64, 0x55, 0x92, 0xF2, 0xBE, 0x47, 0xC9, 0x03, 0x48, 0x1E, 0x89, 0x61, 0xEE, 0x94, 0xFC, 0x94,
    0x3D, 0x48, 0xF5, 0xB5, 0x40, 0x6C, 0x11, 0x97, 0x07, 0x72, 0x06, 0x1E, 0x07, 0xA8, 0x7B, 0x1D,
    0x4F, 0xB7, 0x7A, 0x8E, 0x3C, 0x12, 0xD3, 0x05, 0x72, 0xAF, 0x53, 0x3C, 0x71, 0x84, 0xCB, 0x15,
    0x8C, 0xAB, 0xC9, 0x03, 0xEA, 0xEB, 0x55, 0x58, 0x58, 0xB8, 0x08, 0x2C, 0x9B, 0x19, 0x68, 0x93,
    0x11, 0xF8, 0x5A, 0x90, 0x3F, 0x17, 0x90, 0x9A, 0x0E, 0x46, 0x2B, 0xA1, 0xB7, 0x9A, 0x57, 0x78,
    0xAD, 0x72, 0xE1, 0xB5, 0x14, 0xAF, 0xC9, 0xDC, 0x54, 0x20, 0x41, 0x6C, 0x41, 0x88, 0x00, 0x90,
    0x4B, 0x17, 0x5F, 0x7B, 0x0D, 0x68, 0x43, 0x79, 0x2E, 0xC6, 0x5C, 0x72, 0xBC, 0x86, 0x08, 0x43,
    0x95, 0x73, 0xFA, 0xB8, 0xBD, 0x45, 0xB9, 0xE9, 0x76, 0xE5, 0x74, 0xA2, 0x16, 0x94, 0x73, 0x77,
    0x54, 0xEE, 0xE5, 0x15, 0xAD, 0xD1, 0x32, 0xAE, 0x88, 0x61, 0x2C, 0x73, 0x54, 0xA3, 0x56, 0x0E,
    0xC0, 0x89, 0x43, 0x82, 0x37, 0x7F, 0xE7, 0xE8, 0xCA, 0xB8, 0x81, 0x1E, 0x0F, 0xBD, 0x4A, 0xC4,
    0x92, 0x3F, 0x42, 0x52, 0xFA, 0x0B, 0x2A, 0xA1, 0xB6, 0x2E, 0x8A, 0xC7, 0xDD, 0x3F, 0x6D, 0x51,
    0x71, 0x8E, 0xA6, 0xE7, 0xBB, 0x72, 0x05, 0x73, 0x13, 0xF4, 0x0A, 0x0D, 0x25, 0xDB, 0xE9, 0x3C,
    0x7D, 0xD3, 0x86, 0x45, 0x14, 0xAD, 0xE9, 0xE5, 0xE6, 0xED, 0xAB, 0x60, 0xB4, 0xF5, 0xE6, 0xDD,
    0xAB, 0xF6, 0xC6, 0xA5, 0x30, 0xD3, 0xBB, 0xA4, 0x20, 0x6F, 0x9C, 0x3B, 0xBF, 0x2F, 0xC3, 0xF6,
    0xF1, 0xAC, 0xB8, 0xF6, 0x0B, 0x95, 0xAD, 0x52, 0x79, 0x4D, 0x5E, 0x11, 0x60, 0x33, 0x00, 0xAA,
    0x11, 0x1F, 0xDA, 0x49, 0x41, 0x4F, 0xF2, 0xD9, 0x05, 0x5B, 0xEE, 0x15, 0x63, 0x52, 0x60, 0xB8,
    0xC3, 0xFE, 0x06, 0x2F, 0xE7, 0x98, 0x5D, 0x12, 0x86, 0xFC, 0x2A, 0xB4, 0xA7, 0xF3, 0x0C, 0x0F,
    0x72, 0xDB, 0xAF, 0x23, 0x48, 0x1F, 0x81, 0xDE, 0x78, 0x07, 0x5A, 0x15, 0xBC, 0xD0, 0x43, 0x61,
    0x88, 0xED, 0xE5, 0x73, 0xA7, 0x1E, 0x40, 0x8F, 0x37, 0xF2, 0xAA, 0x1D, 0x51, 0x95, 0xD6, 0xF3,
    0x91, 0x60, 0x05, 0xCF, 0xA1, 0x3C, 0x19, 0x2F, 0xF8, 0x5C, 0xD8, 0x8A, 0x67, 0x0F, 0x19, 0x53,
    0x75, 0x37, 0x76, 0xF0, 0x46, 0x94, 0xA2, 0xF2, 0x72, 0x1C, 0xF4, 0x9B, 0xC0, 0x66, 0xCA, 0xA3,
    0x06, 0xC8, 0x91, 0xF4, 0xBD, 0x10, 0x12, 0x74, 0x88, 0xC1, 0xA0, 0xB8, 0x7E, 0x91, 0xF2, 0x72,
    0xB3, 0xD0, 0x8B, 0xE2, 0xCB, 0xB6, 0x7F, 0xA6, 0xB9, 0x48, 0x27, 0x36, 0x36, 0x52, 0xD9, 0xD4,
    0x44, 0x55, 0x63, 0x71, 0x93, 0x03, 0x56, 0x16, 0xCB, 0xCE, 0xD7, 0xC0, 0x52, 0x76, 0x96, 0xF9,
    0xA6, 0x1B, 0xDD, 0x89, 0x55, 0x87, 0x4C, 0x66, 0x19, 0x38, 0xBE, 0x7F, 0xA7, 0x6F, 0x1B, 0xBC,
    0x76, 0xCC, 0x2C, 0xD8, 0xF5, 0x73, 0xE7, 0x9D, 0x3D, 0xF7, 0xF4, 0xC6, 0x3C, 0x95, 0xA2, 0x4B,
    0xDD, 0x58, 0x07, 0x06, 0xD5, 0x12, 0x6E, 0x6C, 0xBF, 0x25, 0xCF, 0x50, 0x25, 0xE1, 0xAC, 0x33,
    0xFE, 0x81, 0x04, 0x52, 0x86, 0x7B, 0x1D, 0x2A, 0x06, 0x15, 0xA1, 0x71, 0x73, 0xCB, 0x4D, 0xB4,
    0x1B, 0x42, 0x0F, 0x56, 0x77, 0xA9, 0x8F, 0xE0, 0x61, 0xD4, 0x1F, 0xEE, 0xC5, 0xB1, 0xDD, 0x02,
    0x8B, 0x35, 0x9E, 0xC2, 0x1E, 0xC7, 0x6C, 0xB8, 0x2B, 0x8B, 0xCF, 0xED, 0xD6, 0x8F, 0xF2, 0x60,
    0xB7, 0x98, 0x5B, 0x26, 0x0C, 0x79, 0xA6, 0xBC, 0x06, 0xAD, 0x88, 0x83, 0xA6, 0x7A, 0x53, 0xED,
    0x0D, 0x94, 0x5C, 0x55, 0xE8, 0x0D, 0x86, 0xD0, 0xE8, 0x08, 0xF4, 0xC3, 0xB0, 0x86, 0x45, 0xC9,
    0x33, 0x4F, 0x29, 0x09, 0x49, 0x0F, 0xC8, 0x1A, 0x40, 0x71, 0x2D, 0x39, 0x87, 0x56, 0x10, 0x22,
    0x5B, 0xE6, 0x59, 0xC5, 0x2C, 0x52, 0x55, 0x47, 0xED, 0xAA, 0x4F, 0x29, 0x64, 0xCB, 0x01, 0xEC,
    0x2B, 0x37, 0xEA, 0xC2, 0x6E, 0x0E, 0x02, 0xED, 0xEE, 0xFB, 0xF7, 0xAF, 0x92, 0xF6, 0x7F, 0x74,
    0x92, 0x80, 0x68, 0x32, 0xAA, 0x68, 0x75, 0x84, 0x75, 0xF9, 0x0F, 0x51, 0xCE, 0xC1, 0x5D, 0xA8,
    0x34, 0x3B, 0x01, 0x2A, 0x15, 0x60, 0xEE, 0x08, 0x77, 0xDC, 0x02, 0x57, 0x29, 0xA5, 0x42, 0xD5,
    0x53, 0xA2, 0x0B, 0xDC, 0x6D, 0x8F, 0x73, 0xE7, 0x92, 0x49, 0xED, 0xCE, 0xB4, 0x1B, 0xAC, 0xF4,
    0x21, 0x3B, 0x50, 0x3A, 0xC3, 0x51, 0xE5, 0x03, 0xA0, 0xF2, 0x1B, 0x2C, 0x27, 0xB4, 0xBF, 0x30,
    0x7C, 0xD4, 0x1E, 0xF5, 0xA5, 0x3C, 0x52, 0xA5, 0x2D, 0xDA, 0x5B, 0xE6, 0xFE, 0x81, 0x32, 0x1C,
    0xF2, 0xC8, 0x78, 0xFC, 0xBD, 0xFE, 0xE7, 0xF8, 0x3F, 0xDD, 0xF5, 0x7F, 0x11, 0xFE, 0x93, 0x7A,
    0xF8, 0x4B, 0x5B, 0x2F, 0xB9, 0xDC, 0x32, 0x73, 0x5F, 0x33, 0x8F, 0x20, 0x76, 0x23, 0x21, 0x50,
    0x5F, 0xA3, 0xD7, 0x19, 0x94, 0xA4, 0xEC, 0x95, 0x64, 0x4C, 0x4A, 0x8A, 0x39, 0x90, 0x72, 0x08,
    0xA4, 0xF6, 0x4A, 0x12, 0x26, 0x25, 0xF9, 0x12, 0x88, 0x19, 0x03, 0xB1, 0x5D, 0x20, 0xDC, 0x28,
    0x79, 0x83, 0xBD, 0x92, 0x37, 0xB9, 0x57, 0xF2, 0x2E, 0x87, 0x87, 0x99, 0xE7, 0x48, 0x56, 0x25,
    0xBF, 0x66, 0x76, 0xE1, 0x75, 0xF6, 0x4A, 0x6A, 0xEE, 0x95, 0x54, 0x3C, 0x28, 0xD9, 0xE7, 0x8B,
    0xE2, 0x4E, 0xE3, 0x0C, 0x2B, 0x2A, 0xC6, 0x0D, 0x08, 0x31, 0x77, 0x4A, 0xF6, 0xD9, 0x4A, 0x75,
    0x30, 0x5B, 0x11, 0xB1, 0x39, 0xB6, 0x88, 0x78, 0xBD, 0x94, 0x32, 0x2F, 0xA8, 0x1F, 0xAA, 0x79,
    0x55, 0x72, 0x42, 0x55, 0x3A, 0x7F, 0xE9, 0xB6, 0x1F, 0x3D, 0x19, 0xE6, 0xC0, 0x2A, 0x6F, 0x1B,
    0x65, 0x96, 0x8C, 0x7F, 0x7F, 0x56, 0x35, 0x55, 0xB3, 0xBF, 0xEB, 0x40, 0xE0, 0x6F, 0xA3, 0xE4,
    0xC8, 0x0A, 0x5E, 0x6F, 0xCB, 0xA3, 0xDC, 0xDF, 0xA8, 0x7E, 0xCA, 0x31, 0xB7, 0x18, 0x37, 0x51,
    0xFD, 0x59, 0xEE, 0x94, 0x71, 0xC1, 0x83, 0xB2, 0x35, 0x0F, 0x2C, 0x59, 0x32, 0x1E, 0x43, 0x5F,
    0xDB, 0x8F, 0x90, 0x4D, 0x49, 0x60, 0xC5, 0x48, 0xBC, 0xC6, 0x56, 0x1F, 0xB2, 0x2B, 0xA5, 0x02,
    0x42, 0xD1, 0xF6, 0x1F, 0x05, 0x08, 0xF3, 0xE1, 0xB0, 0x5F, 0xA5, 0xD9, 0x31, 0xE2, 0x44, 0x30,
    0xB9, 0xE0, 0xA5, 0xC0, 0xE0, 0x9B, 0xC0, 0x26, 0x0C, 0xE5, 0xE7, 0xCE, 0x7D, 0x9E, 0x67, 0xCD,
    0x2C, 0x0C, 0x13, 0x61, 0xE0, 0x95, 0xCC, 0x76, 0x86, 0x36, 0x53, 0xC3, 0x72, 0xC1, 0xE8, 0x44,
    0x2D, 0x98, 0x64, 0xC7, 0x60, 0x18, 0x67, 0x3A, 0xB0, 0x89, 0xAE, 0xF0, 0x8D, 0x86, 0x1E, 0x93,
    0x00, 0x80, 0x19, 0x26, 0x66, 0xEE, 0x8F, 0x19, 0xDD, 0xB6, 0x1E, 0xFF, 0xF2, 0xF5, 0xE7, 0x95,
    0x5D, 0xDF, 0x27, 0xF5, 0xFF, 0x8D, 0xEC, 0x7A, 0x20, 0x28, 0x93, 0x15, 0xB6, 0x44, 0x23, 0xA8,
    0x4F, 0x53, 0xB3, 0x25, 0x45, 0x89, 0xD4, 0x53, 0x47, 0x25, 0x55, 0x5D, 0x58, 0xD9, 0x3D, 0x85,
    0xDD, 0xB1, 0x4F, 0x09, 0x1D, 0x41, 0x65, 0xD5, 0x2F, 0x1D, 0xC8, 0xF6, 0x94, 0x3A, 0x4A, 0xFB,
    0xBC, 0x97, 0x52, 0xE4, 0x58, 0xD5, 0x45, 0x3F, 0xB9, 0x8F, 0x28, 0xEF, 0x70, 0xC4, 0x5E, 0xA8,
    0xF1, 0xB5, 0xA3, 0x15, 0xCB, 0xB8, 0x55, 0xC3, 0x08, 0x66, 0x3F, 0x2E, 0xC1, 0x23, 0x6F, 0x0F,
    0x81, 0x2E, 0xD9, 0x4A, 0x1F, 0x23, 0x79, 0x20, 0x9B, 0x8A, 0xF9, 0x99, 0xEF, 0x62, 0x39, 0xB7,
    0xEC, 0xCD, 0xBC, 0xF6, 0xA2, 0x62, 0xD2, 0xBA, 0x6A, 0xC2, 0x36, 0x55, 0xC2, 0x93, 0x2C, 0xB5,
    0xC6, 0x06, 0xD5, 0x0E, 0x54, 0x76, 0x4A, 0xB9, 0x0F, 0x8E, 0x0B, 0x15, 0x15, 0x68, 0x26, 0x0D,
    0x7F, 0xA4, 0xF4, 0x12, 0xD6, 0x6E, 0x85, 0x96, 0xB3, 0x18, 0x2F, 0x71, 0x38, 0x43, 0x2E, 0x0E,
    0x2B, 0x17, 0xDA, 0x6E, 0xD4, 0xCE, 0x9F, 0x10, 0x79, 0x62, 0xB0, 0x76, 0x7C, 0x56, 0xE4, 0xF1,
    0x28, 0x62, 0x7D, 0xC2, 0x9E, 0xAE, 0x3B, 0xCA, 0xF8, 0x2B, 0x4D, 0xC6, 0x8E, 0x5E, 0x11, 0x59,
    0x99, 0x93, 0x45, 0xDC, 0x67, 0xF1, 0x73, 0x23, 0x32, 0x13, 0x96, 0x78, 0xEB, 0x2E, 0x93, 0x0A,
    0xA1, 0x0F, 0x52, 0xBA, 0x52, 0xDA, 0x48, 0xC3, 0x4D, 0xDF, 0x6E, 0xFB, 0xE8, 0x96, 0x3F, 0xFC,
    0xD4, 0x1D, 0xE7, 0xF2, 0xFF, 0xB5, 0x42, 0xBE, 0x2A, 0xD6, 0xAC, 0xC9, 0xDF, 0xA2, 0xF9, 0x95,
    0xF5, 0x0F, 0xD8, 0xEB, 0xE9, 0x89, 0xF6, 0x37, 0x8E, 0xCC, 0x5B, 0x32, 0x9C, 0x3B, 0x59, 0xFF,
    0x76, 0x46, 0xF6, 0x23, 0x33, 0x3C, 0x65, 0x86, 0xF8, 0xD3, 0xAC, 0x44, 0x50, 0xCC, 0x06, 0x94,
    0xFA, 0xEF, 0x02, 0xF6, 0xDA, 0x82, 0x6B, 0xC1, 0xB6, 0x21, 0x7B, 0x33, 0x4A, 0xF4, 0xDB, 0x29,
    0xB6, 0x5E, 0x91, 0xC3, 0x81, 0xEC, 0x49, 0xB1, 0xBE, 0x04, 0xEC, 0x10, 0xED, 0x41, 0x18, 0x70,
    0x50, 0xB4, 0x53, 0xC0, 0x59, 0xB1, 0x64, 0x45, 0xC3, 0xFE, 0xE0, 0xC0, 0x66, 0x08, 0xF1, 0x88,
    0x5A, 0xBE, 0x46, 0xC9, 0x84, 0xDE, 0xFD, 0xF6, 0x17, 0xBA, 0xD0, 0x67, 0xB4, 0xF4, 0xFA, 0xE8,
    0x09, 0x0E, 0xAF, 0xDE, 0xFB, 0x54, 0x98, 0xD2, 0x38, 0xBC, 0xAF, 0x7D, 0xE8, 0xFA, 0x39, 0xEC,
    0x72, 0x3B, 0x2A, 0x46, 0x9D, 0x85, 0xCE, 0x3A, 0x2D, 0xAA, 0xA9, 0x00, 0x34, 0x06, 0xE0, 0x2B,
    0x40, 0x6F, 0x01, 0x43, 0x80, 0x3A, 0x80, 0x76, 0xD8, 0x08, 0x5A, 0x92, 0x08, 0x77, 0x39, 0x57,
    0x06, 0xD1, 0xA9, 0x66, 0x64, 0x1A, 0x64, 0x5B, 0xA9, 0x12, 0xAF, 0x4A, 0xCE, 0x18, 0x0C, 0x4B,
    0x55, 0x30, 0x55, 0x75, 0xE9, 0xC1, 0x15, 0xB5, 0x77, 0xF3, 0xFC, 0x39, 0x5D, 0x4C, 0x23, 0x22,
    0xC5, 0x45, 0xE2, 0xC0, 0x50, 0xCE, 0x4D, 0x89, 0xED, 0x79, 0xDB, 0x50, 0xBD, 0x50, 0x8D, 0x85,
    0xE7, 0x55, 0x6A, 0x2E, 0xC3, 0x39, 0x1F, 0xD3, 0xD3, 0x7F, 0xCA, 0x5D, 0xED, 0xE8, 0x7F, 0xE3,
    0xD7, 0xA7, 0xC4, 0x15, 0xBC, 0xBA, 0x8C, 0x0C, 0x9F, 0xA5, 0xFB, 0x70, 0x34, 0xEF, 0x53, 0xD8,
    0xAA, 0xE8, 0x64, 0xCD, 0x27, 0x73, 0x12, 0x5B, 0x3C, 0x22, 0xFE, 0x4F, 0x9A, 0x2A, 0xD5, 0xE7,
    0xDD, 0xC1, 0x79, 0xC8, 0x73, 0x0A, 0x3A, 0x9C, 0x50, 0xCA, 0xCD, 0x23, 0x82, 0x06, 0x2F, 0xA2,
    0xB0, 0x89, 0x87, 0xC9, 0x93, 0xA6, 0xC3, 0xA4, 0xA4, 0x20, 0xD9, 0x9C, 0x60, 0x7A, 0x38, 0xE0,
    0xA7, 0x81, 0x2B, 0x3D, 0x41, 0x97, 0x10, 0xCC, 0x3C, 0x4B, 0x1E, 0xF8, 0x44, 0xDA, 0x00, 0x3F,
    0x71, 0x92, 0x90, 0xB7, 0x4E, 0xB5, 0xAF, 0x1E, 0xB8, 0xF6, 0x84, 0x7F, 0xF5, 0x65, 0xAF, 0x11,
    0xD1, 0xDF, 0x0A, 0xDA, 0x91, 0x12, 0x6D, 0x58, 0xA1, 0x9D, 0x34, 0x40, 0xC3, 0xA1, 0xAA, 0x16,
    0x51, 0x00, 0xED, 0xCA, 0xB8, 0xCB, 0x78, 0xFC, 0x14, 0x3D, 0x01, 0xFB, 0x7C, 0x97, 0x3E, 0x8E,
    0x76, 0xD8, 0xD3, 0x03, 0x1B, 0x76, 0x89, 0x57, 0x4C, 0xBD, 0x7C, 0x5E, 0xFB, 0xB4, 0x91, 0xE7,
    0xAC, 0xE0, 0x17, 0x81, 0x4E, 0xB4, 0x2C, 0xBB, 0xC4, 0x65, 0x4E, 0x17, 0xDD, 0xEE, 0x0F, 0x73,
    0xE9, 0xE7, 0x74, 0x03, 0xE1, 0x84, 0x17, 0x7C, 0xE8, 0x9D, 0xEF, 0x1F, 0x2C, 0xB9, 0x1D, 0xFE,
    0xF8, 0x3B, 0x45, 0xD4, 0xF5, 0x6F, 0x84, 0xD6, 0xDF, 0x38, 0xCF, 0xEB, 0x93, 0xE2, 0x55, 0x73,
    0x84, 0x94, 0xA8, 0xCC, 0x4F, 0x4A, 0x92, 0x51, 0x96, 0x41, 0x17, 0x4F, 0x10, 0x29, 0xA6, 0x2E,
    0xAC, 0xB1, 0x9C, 0x94, 0xAA, 0x45, 0x8A, 0x1E, 0x16, 0x5A, 0x08, 0xDB, 0xF4, 0x4C, 0x3A, 0x3A,
    0x05, 0x7A, 0x89, 0xD2, 0x8E, 0x46, 0x50, 0x4F, 0x59, 0x87, 0xC6, 0x25, 0x2F, 0xE4, 0x9D, 0xAE,
    0x52, 0x64, 0x32, 0xD9, 0xAF, 0x7C, 0xA0, 0xA5, 0xAF, 0x41, 0x53, 0x1C, 0x6F, 0x69, 0x02, 0x6D,
    0x53, 0x76, 0xF8, 0x21, 0x06, 0xC6, 0xBF, 0x74, 0x16, 0x2A, 0x4E, 0x95, 0x11, 0x69, 0x26, 0x4D,
    0xD9, 0x99, 0xB5, 0x80, 0xB4, 0xFF, 0x75, 0xA5, 0x0A, 0xCD, 0x90, 0xE8, 0xC4, 0x59, 0xB2, 0x6B,
    0x30, 0x15, 0x3D, 0xC4, 0xD7, 0xCF, 0x28, 0x4B, 0xAF, 0xF1, 0x78, 0x5A, 0xE9, 0x23, 0x29, 0x0F,
    0x22, 0x36, 0x9D, 0xE8, 0xD9, 0x8C, 0xBB, 0x59, 0x7F, 0xEF, 0xE8, 0x8B, 0xAD, 0x35, 0xEE, 0x87,
    0x4B, 0x3F, 0xA3, 0x91, 0x8A, 0x26, 0x85, 0xAE, 0x30, 0x5D, 0xF4, 0x10, 0x3C, 0x81, 0x9E, 0xDA,
    0xD7, 0x97, 0xE2, 0x09, 0xD3, 0xC3, 0x23, 0xA6, 0xF4, 0x41, 0x7D, 0x3C, 0x1E, 0x32, 0xF5, 0x4A,
    0xE9, 0xFB, 0xD8, 0x2B, 0x3D, 0x3C, 0x66, 0x1A, 0x17, 0x3B, 0xDC, 0xFE, 0x23, 0xE4, 0x88, 0x22,
    0x39, 0xBC, 0xCA, 0x4C, 0xFF, 0x5C, 0x88, 0x40, 0x13, 0xC8, 0xCC, 0x37, 0xA3, 0x1C, 0xC6, 0xF9,
    0xA7, 0xC8, 0xAD, 0xDD, 0x21, 0xDA, 0x88, 0x4D, 0x40, 0x1F, 0x70, 0x14, 0x0C, 0x87, 0x0D, 0xF8,
    0x86, 0x53, 0xE4, 0x26, 0x22, 0xBD, 0xDF, 0xF5, 0x09, 0xC2, 0x70, 0x1E, 0xAF, 0xEF, 0xE9, 0x49,
    0xD0, 0x70, 0x65, 0xCF, 0x12, 0x9D, 0xEC, 0x41, 0x61, 0x90, 0x57, 0x88, 0xFE, 0x9D, 0xDF, 0x93,
    0xFF, 0x59, 0x47, 0xF4, 0x13, 0xB7, 0x27, 0xFF, 0x7B, 0x4F, 0x59, 0xB9, 0xA7, 0xD2, 0xAF, 0x39,
    0xBA, 0xEF, 0xF9, 0x3D, 0x79, 0xB2, 0x22, 0x7A, 0x22, 0xDA, 0x0D, 0xAB, 0xCD, 0xF4, 0xC6, 0x71,
    0x3E, 0xCF, 0xCE, 0x94, 0x7D, 0xF6, 0x38, 0x9F, 0xAD, 0x29, 0x7D, 0xB0, 0xF2, 0xBB, 0x12, 0x7F,
    0x3A, 0xD0, 0xA3, 0x75, 0xB3, 0x4B, 0x32, 0x03, 0x7D, 0x91, 0x29, 0x5E, 0x8F, 0x56, 0x1D, 0xBD,
    0xB1, 0x1C, 0x4B, 0xB2, 0x3E, 0x2B, 0xE6, 0x3D, 0xE9, 0xD9, 0x7D, 0xA0, 0x1C, 0x77, 0x49, 0x4F,
    0x32, 0x7D, 0xD4, 0x0E, 0xBB, 0x24, 0x71, 0x5E, 0x6D, 0xB7, 0xEB, 0xB4, 0xBD, 0x77, 0x89, 0xF7,
    0x6C, 0x9F, 0x30, 0x73, 0xF2, 0xC2, 0x71, 0xC5, 0x5D, 0xAA, 0xC6, 0x2C, 0xE7, 0x98, 0x4A, 0x1A,
    0x3B, 0x7C, 0xC0, 0xAC, 0xBB, 0x60, 0x6A, 0xFB, 0x8F, 0x96, 0xF3, 0x5E, 0x4F, 0xC4, 0xFE, 0x09,
    0x3B, 0xED, 0x2A, 0x26, 0xEC, 0x2F, 0xD5, 0x63, 0x98, 0xF2, 0x49, 0xB7, 0x71, 0xBE, 0x1D, 0xA2,
    0x7B, 0xF3, 0x19, 0x67, 0x6E, 0x3F, 0x99, 0x2D, 0xE1, 0xC4, 0x89, 0x24, 0x84, 0x7A, 0xE2, 0x29,
    0x8A, 0xE5, 0xBE, 0x94, 0x1B, 0xE9, 0xDA, 0x8B, 0x74, 0x0E, 0x33, 0x7F, 0x3C, 0x63, 0x89, 0xA4,
    0x6C, 0x2F, 0x51, 0x87, 0x99, 0x36, 0x69, 0xE2, 0xE9, 0x4E, 0x89, 0x24, 0x32, 0xA3, 0xCF, 0x56,
    0xBA, 0x0C, 0xAB, 0xE6, 0x8E, 0xCC, 0x7B, 0x2E, 0x9D, 0xC5, 0x1B, 0x3F, 0x82, 0x4F, 0xCC, 0x0D,
    0x4A, 0x70, 0x52, 0x3C, 0x77, 0x49, 0x4F, 0x98, 0xD6, 0xE0, 0xB8, 0x78, 0xF2, 0xEB, 0xBF, 0x74,
    0xBA, 0x8C, 0x78, 0xA1, 0xD3, 0x83, 0xB1, 0x61, 0xD3, 0xE8, 0x5E, 0xBA, 0xF9, 0x42, 0x09, 0x72,
    0x7E, 0x1A, 0xBD, 0x38, 0x73, 0xD2, 0x79, 0x33, 0x19, 0xAF, 0xFC, 0x76, 0x2F, 0xD9, 0x6D, 0xF7,
    0x7A, 0x95, 0xF9, 0xB0, 0x4C, 0xF6, 0x9D, 0x8C, 0xF4, 0x06, 0xD3, 0xEE, 0xFB, 0x65, 0xBC, 0xDA,
    0x5C, 0xE2, 0x5F, 0xB1, 0xA7, 0x53, 0x0F, 0x14, 0x12, 0x37, 0x3D, 0x61, 0x98, 0x92, 0xFE, 0x92,
    0x59, 0xA9, 0x7E, 0xDD, 0x15, 0x0B, 0xF1, 0x23, 0x32, 0x5E, 0xF1, 0x20, 0xE3, 0xD5, 0x0D, 0x59,
    0x4F, 0x4E, 0x45, 0x8F, 0x8B, 0x7F, 0x49, 0x71, 0xBC, 0xBA, 0x07, 0xFF, 0xE1, 0x57, 0x3F, 0xA6,
    0x3F, 0xA2, 0xAA, 0x88, 0x6A, 0x51, 0xE4, 0x6D, 0x6A, 0x31, 0xA9, 0xEF, 0xB9, 0x13, 0x18, 0x19,
    0x4B, 0xC8, 0x53, 0xBB, 0x00, 0x6A, 0x9C, 0xF3, 0x9C, 0x2C, 0x77, 0x02, 0x15, 0x8F, 0xB2, 0x80,
    0x60, 0x78, 0xA5, 0xA4, 0x1D, 0xB0, 0x08, 0x3D, 0x13, 0x31, 0xF7, 0xE9, 0x20, 0x30, 0x65, 0xBD,
    0x78, 0xF6, 0xB5, 0xF0, 0x94, 0xBF, 0xC7, 0xFC, 0xA6, 0x27, 0xE3, 0x5B, 0x79, 0xA8, 0xF4, 0x15,
    0x8B, 0xA0, 0xA6, 0x00, 0xF8, 0x24, 0xFC, 0xB1, 0x94, 0x9A, 0x11, 0xF7, 0x96, 0x3C, 0xCB, 0x68,
    0x99, 0x33, 0xCE, 0x01, 0xC8, 0x97, 0x25, 0x26, 0xFF, 0x9D, 0x59, 0x09, 0x23, 0x76, 0x5C, 0x3F,
    0x93, 0xAE, 0x3B, 0xB0, 0x80, 0x55, 0x30, 0x1B, 0x60, 0xE4, 0x00, 0x64, 0x5E, 0x9B, 0x96, 0x4B,
    0x80, 0x64, 0x02, 0x38, 0x85, 0x1B, 0xD8, 0x4F, 0x2E, 0x6F, 0x3A, 0xB4, 0xEA, 0x15, 0x7A, 0x85,
    0x81, 0x4A, 0x85, 0xF0, 0xEB, 0xDE, 0x42, 0x81, 0xB6, 0xC3, 0x80, 0x57, 0xC2, 0xDA, 0x82, 0x42,
    0xA6, 0x90, 0xFE, 0xD3, 0x20, 0x1B, 0x22, 0x18, 0x86, 0x32, 0x01, 0x4A, 0x85, 0x4A, 0xC1, 0x1E,
    0x40, 0xAD, 0xD0, 0x2A, 0xD0, 0x03, 0x61, 0x14, 0x50, 0x8B, 0x52, 0x2D, 0x8B, 0x04, 0x2D, 0xCF,
    0x72, 0x5B, 0xF6, 0xDB, 0x1A, 0x6E, 0xB5, 0xDC, 0x2A, 0xB9, 0xDD, 0xFB, 0xB9, 0x15, 0x01, 0xC5,
    0x1F, 0x7C, 0x6B, 0xE3, 0x4D, 0x8E, 0x0B, 0x46, 0x95, 0xBB, 0xED, 0xF6, 0x6E, 0x5F, 0x6E, 0xF6,
    0x1E, 0x2A, 0xE6, 0xAF, 0x4E, 0x96, 0x39, 0x9B, 0x2D, 0xAF, 0xC9, 0x5C, 0xF3, 0xAC, 0xC3, 0xB7,
    0xBB, 0x47, 0x3D, 0x25, 0xEE, 0xE1, 0x1C, 0xEC, 0x3B, 0xDB, 0x60, 0xF3, 0x22, 0xCA, 0x33, 0xEB,
    0x1D, 0x85, 0x5A, 0xF4, 0x5E, 0xE3, 0x6E, 0x71, 0xAF, 0x70, 0x4F, 0x36, 0x2B, 0x9C, 0x47, 0x04,
    0x5B, 0xE9, 0xFB, 0xBF, 0xCF, 0xDD, 0xFD, 0x81, 0xF7, 0xE6, 0x6E, 0x77, 0x1D, 0xBE, 0x3F, 0x14,
    0xCE, 0x8F, 0x54, 0x6B, 0x9C, 0x69, 0xB6, 0xEC, 0xF5, 0xA6, 0x49, 0xCB, 0x32, 0x94, 0xBE, 0x48,
    0x77, 0xBC, 0x2C, 0xB3, 0x93, 0x5B, 0xA3, 0xB7, 0x44, 0x6E, 0xE1, 0xB5, 0x7F, 0x9E, 0x9B, 0x27,
    0x0A, 0xED, 0x7B, 0xC5, 0x88, 0xE6, 0x71, 0x43, 0x68, 0xB2, 0x4A, 0x31, 0x0E, 0xCF, 0xA7, 0xEE,
    0x4B, 0x77, 0xBD, 0xF2, 0x4C, 0x78, 0x5C, 0x54, 0x28, 0xF7, 0x81, 0x50, 0xE6, 0xA5, 0x9A, 0xE8,
    0x91, 0x50, 0xCE, 0xA3, 0x24, 0x52, 0xE5, 0x38, 0x6F, 0xEE, 0xE5, 0xF0, 0xEA, 0x37, 0x9E, 0x81,
    0x70, 0xEB, 0x0D, 0x5F, 0xD3, 0x55, 0x6D, 0x99, 0x92, 0x9B, 0x35, 0xE4, 0xDC, 0xA4, 0xDC, 0xC4,
    0xF1, 0x85, 0xFD, 0x79, 0x76, 0x55, 0xA7, 0x09, 0x5D, 0xB6, 0xF5, 0xC7, 0x79, 0xEF, 0xBB, 0xB8,
    0x46, 0x54, 0xB2, 0xB4, 0x27, 0xA6, 0x3D, 0x51, 0x30, 0x0F, 0x37, 0x27, 0xFC, 0xF1, 0x63, 0xD0,
    0x61, 0x17, 0xD0, 0xD3, 0xB1, 0x68, 0xD1, 0xAA, 0xEA, 0xC1, 0xF5, 0xC3, 0x72, 0x8A, 0xEA, 0xE0,
    0x59, 0xA7, 0xC2, 0x1A, 0x24, 0xAE, 0x6B, 0x11, 0x42, 0xAD, 0xAD, 0x12, 0xB2, 0x20, 0x91, 0xED,
    0xC5, 0x96, 0x2B, 0x24, 0x54, 0x4E, 0xAC, 0xAA, 0xC3, 0x4A, 0xBC, 0xAD, 0x7A, 0xA9, 0xC5, 0x53,
    0x77, 0x32, 0x09, 0x3D, 0xC8, 0x37, 0x9C, 0x32, 0x9C, 0x8B, 0x7C, 0x94, 0xB6, 0xED, 0xC6, 0x07,
    0xBF, 0xD3, 0x32, 0x77, 0xF4, 0x9A, 0xCC, 0xE3, 0xCB, 0xA5, 0xE8, 0xB3, 0x8E, 0x58, 0xEA, 0x3C,
    0xEB, 0xF3, 0x3E, 0xE9, 0x53, 0x96, 0xD8, 0x3C, 0x6F, 0x64, 0xB3, 0x37, 0xFB, 0x69, 0x23, 0x1B,
    0x3C, 0xB4, 0x71, 0xCA, 0xBF, 0xE6, 0x29, 0x99, 0x4F, 0x81, 0x17, 0x45, 0x47, 0x74, 0xF5, 0x7B,
    0xE0, 0xF7, 0xE7, 0x03, 0xC1, 0x07, 0xDF, 0xF8, 0x0E, 0x7D, 0x32, 0x1B, 0x44, 0x10, 0x56, 0x75,
    0x4F, 0xA5, 0xD3, 0xC6, 0x7B, 0x3C, 0x73, 0xF1, 0x68, 0x46, 0x98, 0x24, 0x1C, 0x6A, 0x8F, 0x33,
    0x78, 0x4F, 0x17, 0x29, 0xED, 0x5B, 0xE1, 0x69, 0x47, 0x96, 0x72, 0x6F, 0xDD, 0xC6, 0x33, 0x4F,
    0x55, 0x63, 0xC8, 0xF8, 0xA2, 0xA7, 0xC2, 0x6F, 0x02, 0x2D, 0x99, 0xA1, 0x65, 0x57, 0xCF, 0x09,
    0xDF, 0xE0, 0xCE, 0x6E, 0x95, 0xE7, 0x1E, 0x7B, 0x29, 0xD1, 0xE5, 0xC5, 0xA4, 0x65, 0xBD, 0xA8,
    0xE4, 0xC8, 0xEA, 0x40, 0x64, 0x10, 0x68, 0x26, 0x2A, 0xD3, 0x01, 0xCE, 0x7C, 0xA4, 0x2A, 0x13,
    0x56, 0x3E, 0x39, 0x92, 0xC5, 0x66, 0x59, 0x15, 0x4E, 0xF5, 0x10, 0x0E, 0x36, 0x5E, 0xC8, 0xBB,
    0x8D, 0xE9, 0xF9, 0x4E, 0x2F, 0xFD, 0x36, 0xEB, 0x68, 0x36, 0xC2, 0x9E, 0xCF, 0x3D, 0x4D, 0x08,
    0xD3, 0xE5, 0x9B, 0xB1, 0x74, 0x44, 0xF2, 0x4D, 0x32, 0x96, 0x1B, 0x91, 0x6F, 0x52, 0x6C, 0xE9,
    0x6D, 0x69, 0x97, 0x0D, 0x56, 0xD8, 0x50, 0x52, 0xD6, 0x8B, 0xC3, 0x92, 0x6F, 0xF2, 0xEE, 0x02,
    0xD1, 0x96, 0xB6, 0x54, 0xF8, 0x57, 0xC1, 0xCE, 0x28, 0xC3, 0x37, 0x46, 0x98, 0xA4, 0x37, 0xF6,
    0x1A, 0xD8, 0xBC, 0x31, 0x3B, 0x43, 0xF9, 0x8D, 0x95, 0xB3, 0x2A, 0x5F, 0x6C, 0x7A, 0x11, 0x95,
    0xDF, 0x1C, 0x29, 0xBB, 0x4E, 0x93, 0xCE, 0x1E, 0x93, 0xB0, 0xE8, 0x3D, 0x68, 0x32, 0xCE, 0x96,
    0x88, 0xF4, 0xA8, 0x44, 0xD6, 0xE1, 0xAB, 0xA2, 0xAB, 0xDE, 0x99, 0xA4, 0x8F, 0x99, 0x46, 0x7A,
    0x97, 0xC3, 0xE9, 0xA2, 0x0A, 0x0A, 0xC9, 0xAF, 0xE2, 0x87, 0xD2, 0xD1, 0x05, 0x29, 0x86, 0xA7,
    0x79, 0x2B, 0x61, 0xDE, 0x11, 0x0E, 0x4B, 0x0D, 0xE9, 0x80, 0xCD, 0x45, 0x18, 0xB5, 0x99, 0xB7,
    0x8F, 0x45, 0xC1, 0xC2, 0x63, 0x55, 0xC9, 0x34, 0xD8, 0x2A, 0x2C, 0x9D, 0x94, 0xDA, 0x5C, 0xD1,
    0x1D, 0xC1, 0x55, 0xE0, 0x82, 0xAE, 0xAA, 0xDB, 0x14, 0x20, 0x75, 0x7D, 0xFC, 0xC7, 0xAF, 0xF2,
    0x37, 0x74, 0x0E, 0xF5, 0x4B, 0x0F, 0x3D, 0x7F, 0x07, 0xA0, 0xB8, 0xF1, 0x4A, 0xD1, 0xCB, 0x47,
    0xA7, 0x29, 0xF5, 0xAD, 0x30, 0x29, 0x84, 0x25, 0x0C, 0x85, 0x34, 0x0E, 0x83, 0x0A, 0xFD, 0x0E,
    0xA8, 0xD7, 0xDB, 0x40, 0xF6, 0x6B, 0x8E, 0x5E, 0xB2, 0xE8, 0x6B, 0x7A, 0x57, 0xCB, 0xFF, 0x71,
    0xDD, 0xED, 0xCB, 0xB8, 0x73, 0xB8, 0xA3, 0x5C, 0xB8, 0x2E, 0x87, 0xE9, 0xC6, 0x10, 0x31, 0xFE,
    0x14, 0xF8, 0x5F, 0x3F, 0xDE, 0xFD, 0x27, 0xCF, 0xA1, 0x7E, 0xE2, 0x74, 0xCC, 0xEF, 0xE8, 0xC2,
    0x9E, 0xB1, 0xAF, 0x81, 0x45, 0x5F, 0x35, 0x37, 0xEF, 0x68, 0x27, 0x73, 0xDE, 0x87, 0x1D, 0xEF,
    0xF1, 0x60, 0xE3, 0xBC, 0x6C, 0xAE, 0xEA, 0x0B, 0x9D, 0x75, 0x07, 0x2F, 0x4C, 0x85, 0xBE, 0xB0,
    0x84, 0x26, 0x69, 0x13, 0x7D, 0xA1, 0x6A, 0x5E, 0x0B, 0x39, 0x59, 0x60, 0x1E, 0x76, 0xE6, 0xD3,
    0x31, 0x1C, 0x1B, 0x98, 0xC3, 0x0B, 0x17, 0xD3, 0x29, 0x84, 0x1F, 0x33, 0x69, 0xAF, 0x51, 0x2C,
    0x7E, 0x19, 0x57, 0x52, 0xF5, 0xF9, 0x24, 0xAE, 0xC7, 0x2F, 0x87, 0x87, 0xCB, 0xCC, 0x3E, 0x18,
    0x29, 0xB6, 0x87, 0x67, 0x43, 0x8A, 0xE1, 0xF0, 0x74, 0x53, 0xED, 0x54, 0xDA, 0xFB, 0x49, 0xF9,
    0xF1, 0xB9, 0xED, 0x3A, 0x4B, 0xA1, 0x3D, 0xA5, 0x01, 0x8B, 0x5F, 0xCB, 0xC7, 0x9F, 0x1B, 0x2A,
    0x2D, 0xF4, 0x50, 0x93, 0x62, 0x8B, 0x6A, 0x7E, 0x79, 0x08, 0xFE, 0x78, 0xC7, 0x9B, 0xFF, 0x2A,
    0xD1, 0x35, 0x80, 0x0E, 0x63, 0x3A, 0xD0, 0x05, 0xE4, 0x88, 0x9E, 0xE2, 0x6B, 0xBC, 0x9E, 0x3D,
    0x21, 0x0F, 0xE8, 0x3E, 0xDE, 0x0C, 0xCC, 0x79, 0x05, 0xA6, 0xCC, 0x40, 0x62, 0x76, 0xC0, 0x96,
    0x1B, 0x60, 0xCD, 0x3E, 0x6E, 0xC8, 0x40, 0x48, 0xC4, 0x6A, 0xC7, 0xEE, 0xFD, 0x10, 0x65, 0xAD,
    0xE2, 0x69, 0x90, 0x43, 0xD4, 0x48, 0x4B, 0xF3, 0x53, 0x03, 0x70, 0x30, 0x88, 0xA2, 0xE1, 0x05,
    0x33, 0x36, 0x89, 0x5B, 0xCD, 0x35, 0xCA, 0xF7, 0x29, 0x81, 0xCC, 0x7E, 0x80, 0x0E, 0xA8, 0x71,
    0xB5, 0xD6, 0x4A, 0x8D, 0x8F, 0x75, 0xB7, 0xFE, 0x9A, 0xBA, 0xED, 0xB3, 0x61, 0xDB, 0x2C, 0xC6,
    0xB7, 0xD3, 0xFB, 0xDD, 0x1F, 0xDB, 0x2A, 0x5A, 0xB7, 0x5E, 0xFF, 0xA8, 0xEE, 0xE9, 0xD1, 0x8B,
    0x7F, 0x5C, 0x3A, 0xDF, 0xDD, 0x0A, 0x7A, 0x97, 0xD8, 0xEA, 0x25, 0xC2, 0xC5, 0xCB, 0xBF, 0x08,
    0x26, 0xBC, 0x1E, 0xB4, 0xBE, 0x3C, 0x84, 0x85, 0x86, 0xB5, 0xB5, 0x56, 0xBC, 0x1F, 0x99, 0x1D,
    0x43, 0x7C, 0x38, 0xEB, 0xEB, 0x10, 0x90, 0xCA, 0x8C, 0x09, 0xAF, 0xEB, 0xCF, 0xF5, 0x0D, 0x0F,
    0x68, 0xF6, 0x25, 0x77, 0x1A, 0xDF, 0x72, 0xD8, 0x66, 0x66, 0x87, 0x8A, 0x60, 0xDE, 0xFF, 0x6C,
    0x00, 0xF1, 0x4A, 0x99, 0x4E, 0x13, 0xA9, 0xD0, 0xC8, 0xA3, 0x31, 0x1A, 0x7C, 0x74, 0xDB, 0x3F,
    0xC8, 0x92, 0x2E, 0x23, 0x5F, 0xB6, 0x22, 0x3B, 0x97, 0x87, 0xC3, 0xEA, 0xA0, 0x76, 0xF1, 0x35,
    0x12, 0xEE, 0x34, 0x60, 0x42, 0xD4, 0x8C, 0xF8, 0x29, 0x59, 0xE3, 0xD9, 0x28, 0x76, 0x1A, 0x3D,
    0x25, 0x2C, 0x6B, 0xB0, 0xA7, 0xE5, 0x8F, 0xA6, 0xF4, 0x1A, 0x45, 0x65, 0xBF, 0x18, 0x34, 0x74,
    0xCA, 0x7E, 0x34, 0x90, 0xF1, 0x33, 0x51, 0xFE, 0xD6, 0x88, 0x40, 0x89, 0xF2, 0x1F, 0x4C, 0x88,
    0x93, 0xA8, 0xD8, 0x48, 0x99, 0x0C, 0x84, 0x8F, 0xAB, 0x54, 0x88, 0x9B, 0xC8, 0x22, 0x8E, 0x09,
    0xC7, 0xA5, 0xA9, 0xDA, 0x08, 0xE2, 0xBD, 0x2A, 0x99, 0x34, 0xDC, 0x3B, 0x93, 0x8C, 0x4A, 0x4E,
    0xA7, 0xA3, 0x06, 0x7B, 0xCF, 0x67, 0x03, 0x88, 0x1C, 0xF6, 0x86, 0xA6, 0x34, 0x17, 0xBD, 0x68,
    0x8A, 0x58, 0x49, 0x03, 0xBD, 0xB1, 0xF4, 0xAA, 0xE9, 0x60, 0x9D, 0x6A, 0x3A, 0xB4, 0x94, 0xFB,
    0xE7, 0xE5, 0x07, 0x34, 0x73, 0xD0, 0xF4, 0x97, 0x53, 0xD0, 0xF4, 0xDD, 0x3E, 0x68, 0xCA, 0x8D,
    0x06, 0x46, 0xC5, 0x4A, 0xD0, 0x34, 0x69, 0x47, 0x19, 0xBB, 0x6E, 0x1C, 0x31, 0x37, 0xFB, 0x79,
    0x75, 0x25, 0xD7, 0x29, 0x5E, 0x29, 0xB3, 0x92, 0x6C, 0x27, 0x37, 0xAE, 0x2A, 0xD1, 0x00, 0x53,
    0xA3, 0xC8, 0x48, 0x66, 0xA0, 0x66, 0xA8, 0x64, 0x04, 0x6A, 0xCE, 0xA4, 0xD1, 0xAF, 0x12, 0xAB,
    0x61, 0x31, 0x37, 0xA8, 0x1A, 0x89, 0x29, 0x4F, 0x4B, 0xD5, 0x14, 0xFC, 0xCD, 0x59, 0x22, 0x5F,
    0xAA, 0xDE, 0x25, 0x8B, 0xAA, 0xA9, 0x2B, 0x32, 0x88, 0x88, 0xE7, 0x8A, 0x0A, 0xA9, 0x9A, 0x74,
    0x3C, 0x43, 0xB9, 0x54, 0x4D, 0x36, 0x9C, 0x56, 0xDB, 0x15, 0xDD, 0xF3, 0x20, 0x08, 0x6B, 0x51,
    0x35, 0xA5, 0x9B, 0x41, 0x50, 0xE7, 0xD0, 0xD4, 0xD2, 0xA8, 0x9A, 0x9E, 0x49, 0x82, 0x11, 0x2F,
    0xA4, 0x83, 0x6A, 0x7A, 0x21, 0xEB, 0xA9, 0x14, 0x23, 0x3E, 0xBF, 0x11, 0x9B, 0x0C, 0x1A, 0x8F,
    0xD6, 0x29, 0x88, 0x27, 0xCE, 0x84, 0x14, 0x3E, 0x59, 0x45, 0xD3, 0x0B, 0xA6, 0xC9, 0x16, 0xD1,
    0xF4, 0xB4, 0x69, 0xCC, 0x2C, 0x0A, 0xDA, 0xD2, 0x59, 0x90, 0xEA, 0x3C, 0xCD, 0xB0, 0x9D, 0xE1,
    0x87, 0xC6, 0xE5, 0x7C, 0x83, 0x5A, 0xFB, 0x81, 0xBA, 0xEF, 0x76, 0x45, 0x55, 0x1E, 0xFC, 0x81,
    0x8A, 0x04, 0x34, 0xD5, 0x33, 0x13, 0x15, 0x3A, 0x4C, 0xC2, 0xD7, 0xCF, 0xEB, 0xEF, 0x4D, 0x2A,
    0xFC, 0x56, 0x94, 0xCE, 0xC8, 0xF4, 0xF5, 0x0A, 0x9D, 0xDE, 0xE4, 0x2F, 0x67, 0xE8, 0x79, 0xE3,
    0xB3, 0xE9, 0x34, 0xBD, 0x6A, 0x9A, 0x7C, 0x78, 0x9E, 0x66, 0xEB, 0x4C, 0xF7, 0x2A, 0x4D, 0x2B,
    0x95, 0x5B, 0xC1, 0x78, 0xA2, 0xCA, 0x4D, 0xFF, 0x11, 0xF7, 0x64, 0x49, 0x27, 0xB1, 0x09, 0x24,
    0x5F, 0x4C, 0x6F, 0x5C, 0x42, 0x88, 0x3C, 0x68, 0x60, 0xD1, 0x2B, 0x74, 0x88, 0x9B, 0x73, 0x2F,
    0x70, 0xB1, 0x00, 0x58, 0xA3, 0xF0, 0xD9, 0x46, 0xA0, 0xFC, 0xA9, 0x23, 0x72, 0x64, 0x58, 0x0C,
    0x4B, 0x19, 0x7F, 0xFD, 0x23, 0xF1, 0xF0, 0x77, 0x23, 0x13, 0x72, 0xBE, 0xA6, 0x7B, 0x9B, 0xA1,
    0x24, 0xF1, 0xD8, 0x09, 0x7A, 0xF9, 0x64, 0x75, 0x36, 0x12, 0xBA, 0xD8, 0x74, 0x31, 0xFE, 0xD2,
    0xBF, 0x1E, 0xE2, 0x71, 0xC5, 0x78, 0xE9, 0xC1, 0x0D, 0xA3, 0xB7, 0x51, 0x5A, 0xE6, 0x88, 0x46,
    0xA2, 0x0D, 0x04, 0xFD, 0x06, 0x7D, 0x46, 0x0C, 0x10, 0x6E, 0x93, 0xC1, 0xAD, 0xD1, 0x9E, 0x8C,
    0x2C, 0xD0, 0x2F, 0x60, 0x6F, 0xF4, 0x87, 0xDC, 0x5F, 0xD0, 0x66, 0xA9, 0x86, 0x86, 0x91, 0xCD,
    0x93, 0x90, 0x3E, 0x44, 0xE9, 0x9F, 0x97, 0x1B, 0xF7, 0x3A, 0x69, 0xD1, 0x4B, 0xCB, 0x52, 0x30,
    0x40, 0x47, 0x65, 0xD4, 0x7F, 0x98, 0x8C, 0x11, 0xF2, 0x47, 0x7D, 0x69, 0x2C, 0x65, 0xF5, 0xC9,
    0x72, 0x8E, 0x75, 0x70, 0xDB, 0x95, 0xAA, 0xEB, 0xC9, 0x22, 0x2C, 0x02, 0xE8, 0xA9, 0x41, 0xBF,
    0xA0, 0xA1, 0xEA, 0x18, 0xFB, 0x89, 0xAA, 0x18, 0x41, 0x2B, 0x21, 0x42, 0xA8, 0x8D, 0x5D, 0x15,
    0xF4, 0x0C, 0x54, 0x87, 0xC0, 0x68, 0x1C, 0x85, 0xAA, 0x0F, 0x95, 0x1F, 0xEA, 0x46, 0x6B, 0x47,
    0x7B, 0xED, 0x9D, 0x74, 0x98, 0xDE, 0x57, 0x07, 0x7B, 0xA0, 0x03, 0xFE, 0x26, 0x12, 0x3A, 0x01,
    0x74, 0xA8, 0x08, 0x3A, 0xC0, 0x23, 0x24, 0x37, 0x26, 0x48, 0x0E, 0xC7, 0x55, 0xB8, 0x01, 0x2C,
    0x90, 0x88, 0x44, 0xDC, 0x11, 0xBE, 0x3B, 0xD3, 0x68, 0xE4, 0x0A, 0xAF, 0x5F, 0x47, 0x6B, 0xC2,
    0xD5, 0xED, 0x6C, 0x81, 0xAB, 0xF8, 0x3C, 0xDF, 0x08, 0xE1, 0xDC, 0xF6, 0x46, 0x85, 0xAF, 0x85,
    0x19, 0x1E, 0x02, 0xCB, 0x79, 0x0A, 0x2C, 0xE3, 0xF9, 0x0E, 0x6C, 0x09, 0x2C, 0xBD, 0x9D, 0xE1,
    0xB9, 0xBB, 0xB1, 0x31, 0xB0, 0x62, 0xCF, 0xAD, 0xDC, 0x35, 0xA8, 0xB9, 0x01, 0x53, 0x4D, 0x03,
    0xEB, 0x23, 0x5B, 0x09, 0x0C, 0x22, 0xEE, 0xCE, 0xD2, 0x31, 0xB2, 0x6C, 0xDC, 0xFA, 0x58, 0x64,
    0x44, 0xCA, 0x86, 0xC8, 0x8A, 0x9D, 0x19, 0x61, 0xB9, 0xB0, 0x52, 0x58, 0x01, 0x35, 0x37, 0x76,
    0xB2, 0x8D, 0x11, 0xB1, 0xE1, 0xDB, 0xD9, 0xF1, 0xC9, 0xFC, 0x97, 0x24, 0x26, 0x9C, 0x74, 0xDD,
    0xB5, 0x0C, 0x3F, 0x60, 0xE0, 0x46, 0x5E, 0x1E, 0xA5, 0xC6, 0x7F, 0xC1, 0x3F, 0xFE, 0x02, 0xAF,
    0xEA, 0xA5, 0x24, 0xED, 0xA8, 0x60, 0xED, 0x3C, 0x9E, 0x52, 0xD8, 0xA2, 0xDA, 0x17, 0x16, 0x8D,
    0xAE, 0xCD, 0x23, 0xA3, 0x5E, 0x6E, 0xB3, 0xDC, 0x34, 0xDF, 0xC0, 0x2A, 0xC9, 0x20, 0x0C, 0xFC,
    0x3C, 0x28, 0xAB, 0xDF, 0xE4, 0x59, 0xDF, 0x6D, 0xDF, 0x10, 0x25, 0x44, 0x14, 0x7B, 0xEC, 0x69,
    0x39, 0x4A, 0x04, 0xFA, 0x76, 0xC1, 0x5E, 0xB1, 0xE1, 0x1B, 0x28, 0xA8, 0x9E, 0x70, 0x6E, 0x44,
    0x2E, 0x7E, 0x78, 0x41, 0x60, 0xD4, 0x8A, 0x8C, 0x93, 0xDB, 0xF0, 0x9F, 0x86, 0x32, 0xAA, 0xDA,
    0xCA, 0xF8, 0x3D, 0x58, 0x06, 0x72, 0xF6, 0x40, 0x9A, 0x24, 0x0B, 0x61, 0x0B, 0x55, 0xDA, 0x54,
    0x2B, 0x51, 0xC5, 0xDF, 0x95, 0xA9, 0x93, 0x5C, 0x36, 0xE6, 0xA2, 0x94, 0x18, 0x1A, 0xBD, 0x13,
    0x72, 0x4B, 0x50, 0x7D, 0x51, 0x03, 0x77, 0xA7, 0x1F, 0x80, 0x9F, 0x6C, 0x1E, 0xA0, 0x8B, 0xAF,
    0xC9, 0x4A, 0xD5, 0xF3, 0x89, 0xCF, 0x3D, 0xB5, 0xEB, 0x92, 0xB9, 0x64, 0x20, 0xE6, 0x39, 0x27,
    0x9A, 0xE9, 0xD5, 0x13, 0xE3, 0x49, 0x39, 0x5B, 0xFA, 0x3C, 0x3D, 0x7B, 0x3F, 0x91, 0xA5, 0xC7,
    0x1B, 0x60, 0x93, 0xB8, 0x57, 0x36, 0x94, 0xF9, 0x50, 0xC4, 0x41, 0xB0, 0x23, 0xEA, 0x23, 0x1A,
    0xE0, 0x09, 0xE6, 0x6F, 0x0B, 0xFE, 0x6D, 0x5F, 0x7C, 0xE4, 0xBA, 0xF5, 0xF9, 0x93, 0x7D, 0x21,
    0xB1, 0xC0, 0xC3, 0xC9, 0x86, 0xD4, 0xD2, 0xA7, 0xD2, 0xBE, 0x70, 0xC4, 0xF4, 0x44, 0xDA, 0x15,
    0x2E, 0xFD, 0x5D, 0xF3, 0xE9, 0xB4, 0xCB, 0x9B, 0xE2, 0x2D, 0xFF, 0x48, 0xB6, 0x61, 0xB5, 0xA9,
    0xF4, 0xA3, 0x2E, 0x7F, 0x7D, 0x4C, 0x3D, 0x9D, 0x7F, 0xFB, 0x69, 0xFC, 0x79, 0xB9, 0xEC, 0xED,
    0x97, 0xB1, 0x83, 0x9D, 0x75, 0x5B, 0xE2, 0x11, 0xF1, 0x24, 0x59, 0x47, 0xCF, 0x05, 0x24, 0x60,
    0x2F, 0x58, 0x1C, 0xE3, 0x70, 0x37, 0xCC, 0x3B, 0x7D, 0x2E, 0x1B, 0x8A, 0x30, 0xA3, 0x55, 0xE7,
    0x4A, 0xF5, 0x0A, 0xD8, 0x07, 0xCC, 0x23, 0xAD, 0xAE, 0x78, 0x60, 0xDA, 0x6E, 0xB7, 0x14, 0xE6,
    0xA8, 0xF7, 0x59, 0xEA, 0x8A, 0xDA, 0x97, 0x70, 0x62, 0xC6, 0x79, 0xFB, 0x21, 0x4C, 0x30, 0xCD,
    0x67, 0xC7, 0x70, 0x6E, 0xBE, 0x2A, 0xE6, 0x30, 0xD9, 0x3C, 0x93, 0x63, 0xD1, 0x17, 0x0E, 0x75,
    0x55, 0x71, 0xC4, 0xCC, 0x2A, 0x8E, 0xD6, 0x23, 0x76, 0xB4, 0xE8, 0xF6, 0x07, 0x37, 0x10, 0x97,
    0x0D, 0xD4, 0x7A, 0x74, 0xC2, 0xBC, 0xA7, 0xBA, 0x53, 0x71, 0xD7, 0x53, 0x9E, 0x4C, 0x07, 0x6D,
    0x73, 0x5E, 0x20, 0x2E, 0xCC, 0xA6, 0x23, 0xAB, 0x23, 0xA1, 0x85, 0xDA, 0x6B, 0x14, 0x66, 0xF9,
    0x71, 0x2E, 0x37, 0x96, 0x5D, 0x38, 0xFE, 0x3D, 0x58, 0x5F, 0x83, 0x99, 0xCE, 0xFA, 0x33, 0x61,
    0xCE, 0x6C, 0xFB, 0x28, 0xCE, 0x2E, 0x51, 0x5C, 0xC9, 0x7D, 0x10, 0x97, 0xF3, 0xAA, 0xE2, 0x30,
    0x17, 0x85, 0x38, 0x29, 0xBF, 0x87, 0x38, 0xBA, 0x97, 0xDA, 0x0E, 0xE2, 0xC8, 0x92, 0xED, 0x20,
    0x8E, 0x5A, 0x57, 0x79, 0xD5, 0xAE, 0xF6, 0xB6, 0x51, 0xED, 0xEC, 0x8D, 0x55, 0xC5, 0xA9, 0xD3,
    0x88, 0x57, 0xF0, 0xBE, 0xB7, 0x00, 0x50, 0xA3, 0x04, 0x76, 0x7F, 0x38, 0x64, 0xCC, 0x7C, 0x1B,
    0xDC, 0xED, 0x85, 0xA7, 0x14, 0xD6, 0x03, 0xE0, 0x00, 0x0D, 0xF6, 0x0D, 0x74, 0x07, 0x9C, 0x5A,
    0x60, 0x00, 0x89, 0x4C, 0x62, 0xD3, 0x79, 0x2A, 0x36, 0x8A, 0x36, 0xFE, 0x4D, 0xAC, 0x8A, 0x67,
    0x3D, 0x25, 0x60, 0xD5, 0xE3, 0xB1, 0x3A, 0x33, 0xF8, 0x6C, 0xFE, 0x25, 0x37, 0x66, 0xA9, 0x87,
    0x94, 0x7F, 0xC2, 0x94, 0xB0, 0x63, 0x5F, 0x0D, 0x66, 0xCA, 0x78, 0xA3, 0x29, 0x4B, 0xAD, 0xF5,
    0xC5, 0x9C, 0x2D, 0xC4, 0x4D, 0xB6, 0x92, 0xED, 0x6C, 0x97, 0xCF, 0xF9, 0x2C, 0xED, 0x62, 0x21,
    0xDB, 0xD7, 0x5D, 0xB6, 0x14, 0x33, 0xD5, 0x9A, 0x12, 0x88, 0xA9, 0x6A, 0x10, 0x30, 0x5B, 0xAA,
    0xFB, 0xC7, 0x52, 0x78, 0xEF, 0x4E, 0x52, 0x62, 0x7E, 0x85, 0xE4, 0x77, 0x90, 0x7B, 0x13, 0x35,
    0x9B, 0x44, 0x33, 0xA9, 0x9F, 0xB6, 0xD9, 0xB4, 0x1E, 0xB3, 0x75, 0xA3, 0xC4, 0x0D, 0x3B, 0x33,
    0x96, 0x43, 0xC2, 0xA9, 0xB4, 0xEE, 0xD7, 0x99, 0xCC, 0x6C, 0x7B, 0xE2, 0x17, 0x16, 0x22, 0xFB,
    0xDB, 0x85, 0xF2, 0xB5, 0xF5, 0xD4, 0xFE, 0x74, 0x26, 0xEC, 0x6C, 0xA6, 0x62, 0x11, 0x5D, 0xC0,
    0x95, 0x1B, 0xAF, 0x98, 0xA3, 0xE1, 0x70, 0x08, 0xDD, 0xCB, 0x7C, 0x96, 0xCE, 0xF3, 0x35, 0xAD,
    0xE4, 0x78, 0x2D, 0xB7, 0xA4, 0xD6, 0x27, 0x65, 0x71, 0xA1, 0x64, 0x5E, 0x53, 0x5E, 0xFE, 0xC2,
    0xE9, 0x41, 0xEA, 0x8F, 0x7C, 0xDB, 0xD1, 0xBD, 0x7F, 0x4E, 0x39, 0xFC, 0xE2, 0x77, 0xD4, 0x87,
    0xC6, 0x55, 0xA2, 0x84, 0x67, 0x5D, 0x09, 0x52, 0x0D, 0xC2, 0xA8, 0xD6, 0xBE, 0x29, 0x14, 0x5D,
    0xB5, 0x36, 0x42, 0xD1, 0x72, 0x1F, 0x00, 0xD5, 0x2D, 0x2E, 0xD0, 0x96, 0x76, 0xBA, 0x06, 0xAA,
    0x62, 0x95, 0xAA, 0x58, 0x50, 0x15, 0x0B, 0xAA, 0x62, 0x41, 0x55, 0xAC, 0x52, 0xFB, 0xDF, 0xCA,
    0x9A, 0x26, 0x68, 0x6B, 0x98, 0x79, 0x00, 0x5D, 0x77, 0x9A, 0xCE, 0x3B, 0xCD, 0x26, 0xB3, 0xFD,
    0x50, 0xA4, 0x7B, 0xB0, 0xE5, 0x97, 0x8A, 0xC1, 0x38, 0x59, 0x66, 0x63, 0x5E, 0x0C, 0x7C, 0x6E,
    0xB3, 0xAD, 0x94, 0xBC, 0x54, 0xF9, 0x93, 0xDA, 0xF7, 0x83, 0xB6, 0x2B, 0x68, 0x1B, 0xBA, 0x6B,
    0xF8, 0x20, 0x03, 0x4D, 0xE3, 0x49, 0xD1, 0xE8, 0xAD, 0x06, 0xD2, 0x4A, 0x50, 0x3F, 0x1E, 0xB4,
    0xB5, 0x9E, 0x62, 0x25, 0x70, 0x13, 0xC5, 0x26, 0xBC, 0x8B, 0xCD, 0xD6, 0x5D, 0x6C, 0xBE, 0xEC,
    0x62, 0xCD, 0xBC, 0x8B, 0xAD, 0xC6, 0x5D, 0xEC, 0x63, 0x97, 0xE5, 0x29, 0xD4, 0xFD, 0x4B, 0xBB,
    0x2D, 0xB2, 0x63, 0x5B, 0xE4, 0xE3, 0x6E, 0x0B, 0x73, 0x6C, 0x8B, 0xB2, 0xDB, 0x6D, 0x61, 0xA3,
    0x2D, 0xE2, 0x82, 0x1E, 0x28, 0x53, 0xA4, 0xC9, 0x12, 0xA8, 0x8A, 0x55, 0xAA, 0x62, 0x41, 0x55,
    0x2C, 0xA8, 0x8A, 0x05, 0x55, 0xB1, 0x4A, 0x6B, 0xD7, 0x2E, 0x81, 0x72, 0xCE, 0xEC, 0x41, 0x93,
    0xA5, 0x1C, 0xAB, 0x01, 0x34, 0x9B, 0x6D, 0x6F, 0x26, 0xD0, 0x7C, 0xAC, 0x7D, 0x3E, 0x93, 0xD8,
    0xC2, 0x0C, 0xDA, 0x35, 0x98, 0x97, 0xB2, 0x63, 0xA1, 0x62, 0x0B, 0xEB, 0xD9, 0xA7, 0x1C, 0x96,
    0x1F, 0x77, 0xCA, 0xD4, 0x76, 0x99, 0x50, 0xD1, 0xD6, 0x0E, 0x06, 0x34, 0x9B, 0x75, 0xF7, 0x4E,
    0x2B, 0x21, 0xE5, 0xF7, 0x84, 0x42, 0xDB, 0x0F, 0xA3, 0x82, 0x55, 0x5B, 0xA5, 0xD6, 0xEB, 0x0B,
    0xB1, 0x12, 0x72, 0x50, 0x96, 0x9D, 0x63, 0x33, 0xAA, 0x58, 0x3A, 0x4D, 0xE5, 0x10, 0x9E, 0xB2,
    0x4D, 0xED, 0x43, 0xDD, 0x96, 0xBC, 0x46, 0xB1, 0x27, 0xB8, 0x3F, 0xB4, 0xC5, 0xA1, 0x3D, 0xE8,
    0xD0, 0x26, 0x74, 0x68, 0x17, 0x3A, 0xB4, 0x0D, 0x1D, 0xDA, 0x87, 0x6E, 0xB1, 0xD1, 0xA1, 0x9D,
    0x6E, 0xB5, 0xD5, 0xA1, 0xBD, 0x6E, 0xB5, 0xD9, 0xA1, 0xDD, 0x6E, 0xB5, 0xDD, 0xA1, 0xFD, 0x6E,
    0xB2, 0x61, 0x21, 0x0E, 0x65, 0xB7, 0x23, 0x59, 0xD4, 0x6E, 0xB4, 0xA5, 0x94, 0xAB, 0xFE, 0x75,
    0x1B, 0xED, 0x29, 0xE5, 0xE2, 0xAE, 0x8A, 0x36, 0xDD, 0xCA, 0x95, 0xB0, 0x37, 0xD1, 0xAE, 0x5B,
    0xB9, 0x32, 0xF1, 0xCC, 0xC1, 0xB6, 0x0F, 0x68, 0x32, 0xDA, 0x97, 0x24, 0xE9, 0x4C, 0xB4, 0xF1,
    0x96, 0xCC, 0xF7, 0x24, 0x93, 0x26, 0x8B, 0x60, 0xEB, 0x83, 0x64, 0x36, 0x1F, 0x24, 0xF3, 0x31,
    0x26, 0xA3, 0xDD, 0xA3, 0xA8, 0x68, 0x7B, 0xCD, 0x68, 0xB7, 0x7F, 0x50, 0x43, 0xB3, 0x95, 0x64,
    0xBA, 0x25, 0x43, 0x3B, 0x90, 0x64, 0xA2, 0xA7, 0x43, 0xB4, 0x92, 0x37, 0xC6, 0xBD, 0x1D, 0x43,
    0xB6, 0x8F, 0x6D, 0xE5, 0xB2, 0x37, 0xB8, 0x0F, 0xD9, 0x5A, 0xFD, 0x53, 0xE7, 0x8D, 0x66, 0x8B,
    0x72, 0x25, 0xED, 0x14, 0xDB, 0xC6, 0x09, 0xE9, 0xB1, 0x55, 0x34, 0xBC, 0xB6, 0x88, 0xAA, 0x8B,
    0x8D, 0xC1, 0xFA, 0xD8, 0x0E, 0x5A, 0x17, 0x9B, 0x00, 0x47, 0xEB, 0xA7, 0xCB, 0x81, 0x69, 0xC1,
    0x8A, 0xF1, 0xD8, 0xA0, 0xCA, 0x54, 0x5C, 0x34, 0xA3, 0x32, 0x15, 0xA7, 0x8C, 0x29, 0xB0, 0x74,
    0x29, 0x78, 0x0A, 0x26, 0x93, 0x29, 0x82, 0xB0, 0x62, 0xE4, 0x1F, 0x70, 0x27, 0xCC, 0xBC, 0xC7,
    0xAE, 0x1E, 0x84, 0x55, 0x6F, 0x31, 0xD5, 0x83, 0x18, 0xCF, 0x7A, 0x26, 0x3B, 0x88, 0xDD, 0x5A,
    0x77, 0x2F, 0xD5, 0xB2, 0x39, 0xF2, 0x1D, 0x04, 0x14, 0x1D, 0xA9, 0x76, 0x29, 0x37, 0x5A, 0x27,
    0xE9, 0x95, 0x2D, 0x05, 0xED, 0x32, 0x56, 0x0D, 0x87, 0xED, 0x33, 0x7C, 0x0B, 0xED, 0xDA, 0x21,
    0xB6, 0x6D, 0x69, 0x26, 0xAA, 0x5D, 0x19, 0x0A, 0xEB, 0x28, 0x14, 0x56, 0x16, 0x73, 0xB4, 0xB0,
    0xF9, 0x20, 0xCF, 0x89, 0xB8, 0x7C, 0x92, 0x77, 0x45, 0x5C, 0xC6, 0x2F, 0xB3, 0x57, 0x71, 0xCC,
    0x6B, 0x10, 0xF7, 0x10, 0x5F, 0x3A, 0xFC, 0x29, 0x5B, 0xA3, 0xBD, 0xB1, 0x60, 0x9E, 0x20, 0x69,
    0x93, 0x58, 0x2E, 0x5A, 0x6D, 0xD5, 0x58, 0xB0, 0x56, 0x5B, 0x35, 0xE4, 0x1C, 0xAC, 0x00, 0x26,
    0x92, 0xD2, 0x5E, 0x98, 0x56, 0x5B, 0xB1, 0x1E, 0x54, 0x1B, 0x58, 0x39, 0xC6, 0x0E, 0x66, 0x3B,
    0x88, 0x43, 0x31, 0x20, 0x0E, 0xCA, 0x07, 0x2B, 0x14, 0x83, 0x8A, 0x0B, 0xA6, 0xFD, 0x13, 0xD1,
    0x54, 0xA2, 0x6F, 0x2E, 0x99, 0xFB, 0x7C, 0xA4, 0xFC, 0xF5, 0xC5, 0x0E, 0xF5, 0x58, 0xFD, 0xF8,
    0xDC, 0x17, 0xDE, 0x98, 0xDB, 0xAE, 0xC4, 0xE6, 0xE2, 0xDF, 0x8D, 0xAD, 0x57, 0xF6, 0xE6, 0x60,
    0xBD, 0x01, 0x7B, 0xB7, 0x4B, 0x5C, 0x39, 0xCB, 0x76, 0x54, 0xEB, 0x75, 0x08, 0x50, 0xED, 0xDA,
    0x3E, 0xB4, 0xD1, 0x97, 0xD9, 0x85, 0x9C, 0x79, 0xD1, 0x0E, 0x21, 0x9F, 0xF5, 0x6A, 0x85, 0xBD,
    0xC9, 0x69, 0x69, 0x82, 0x76, 0x39, 0xAB, 0x5E, 0x1F, 0xA2, 0x8C, 0x55, 0xDC, 0xA4, 0x9F, 0xB1,
    0x8C, 0x6D, 0xC5, 0x0A, 0x71, 0xC9, 0x8A, 0x77, 0x45, 0x1C, 0xBF, 0x83, 0x70, 0x42, 0xDB, 0x78,
    0x13, 0xDD, 0xDE, 0x35, 0xFA, 0x23, 0x88, 0x06, 0x5E, 0xA2, 0x3D, 0x1A, 0x98, 0x95, 0xAE, 0x3B,
    0x4D, 0x67, 0xA5, 0x1A, 0x0D, 0x1C, 0x1D, 0xCD, 0xA4, 0xD1, 0x40, 0xE9, 0xE8, 0x14, 0x69, 0x34,
    0x50, 0x12, 0x3D, 0x4A, 0x1A, 0x0D, 0x54, 0x90, 0x0B, 0x6D, 0x2B, 0x9C, 0x6D, 0x87, 0xB6, 0x15,
    0x73, 0x07, 0x8A, 0x31, 0x2B, 0x46, 0x03, 0x8F, 0xBB, 0x7A, 0x3D, 0x8E, 0x06, 0x78, 0x1F, 0xB6,
    0x73, 0x76, 0xA8, 0x04, 0xD0, 0x46, 0x2B, 0xE1, 0x41, 0xA5, 0x38, 0x3E, 0x8E, 0x07, 0x50, 0x09,
    0xD1, 0x81, 0xAD, 0x1B, 0xF5, 0xE5, 0x1A, 0xEA, 0xB6, 0xBE, 0xC1, 0x53, 0x10, 0x5B, 0x31, 0xF7,
    0x41, 0x6C, 0x1A, 0x96, 0x7B, 0x0F, 0x9B, 0x3F, 0x3D, 0xD6, 0x68, 0xFB, 0x57, 0x0B, 0x87, 0x0E,
    0x40, 0x4C, 0xDA, 0x03, 0x60, 0xE3, 0xD0, 0x05, 0xB4, 0x45, 0x97, 0xA0, 0x62, 0x65, 0xED, 0x04,
    0x30, 0x73, 0x68, 0x37, 0xD5, 0x6D, 0x43, 0x7C, 0x39, 0xAA, 0x58, 0x74, 0x04, 0x15, 0x8B, 0x8C,
    0x54, 0x2C, 0x01, 0x20, 0x16, 0x3A, 0xAA, 0xD8, 0xE0, 0x71, 0xFF, 0x61, 0x6B, 0xCC, 0xDA, 0x1B,
    0x36, 0x17, 0xC3, 0xEC, 0xA4, 0x3B, 0x78, 0xFB, 0xBA, 0x50, 0xE9, 0x0F, 0xBE, 0xFD, 0x8C, 0x50,
    0x9C, 0x1C, 0xE2, 0xEC, 0xC6, 0xD1, 0x15, 0xD0, 0xD7, 0x97, 0xAC, 0x27, 0x03, 0xFA, 0xC6, 0xBC,
    0xD1, 0x13, 0x4E, 0xFA, 0xC4, 0xDF, 0x8C, 0x99, 0x6A, 0x26, 0xDA, 0xE6, 0x3F, 0x8C, 0x27, 0xE4,
    0xBB, 0x1C, 0xE5, 0x46, 0x86, 0x1B, 0xE5, 0xA0, 0x5B, 0xDE, 0x3D, 0xC4, 0x3E, 0xBA, 0xF6, 0x94,
    0xD5, 0x7B, 0x21, 0x1D, 0x86, 0x78, 0xA5, 0xD0, 0x36, 0x6D, 0x94, 0x9A, 0x41, 0x26, 0x60, 0xDC,
    0x43, 0x2C, 0x55, 0x43, 0xC2, 0x9D, 0x96, 0xA3, 0x1C, 0x33, 0xF6, 0xA1, 0xF3, 0x73, 0xCB, 0x41,
    0x6C, 0xCE, 0x3C, 0x47, 0xB1, 0xE7, 0x6F, 0x39, 0xC5, 0x0B, 0xB3, 0xA4, 0x2F, 0x11, 0x9E, 0x1A,
    0x63, 0xEB, 0x50, 0xBF, 0x34, 0xC0, 0x16, 0x70, 0x4C, 0x7D, 0x34, 0x8B, 0xB6, 0xE5, 0xB2, 0x17,
    0xAA, 0x5D, 0xE4, 0xAC, 0xD0, 0x36, 0x94, 0x77, 0xD1, 0x2E, 0xA2, 0xBE, 0x34, 0x74, 0x91, 0xC7,
    0xB8, 0x53, 0xB1, 0x98, 0x60, 0x41, 0x2C, 0x3E, 0x9D, 0x20, 0x16, 0xC6, 0x60, 0x15, 0xAB, 0x0B,
    0x28, 0x2A, 0x56, 0xFF, 0x72, 0xDC, 0x49, 0xF9, 0x73, 0x53, 0xF7, 0x08, 0x5D, 0x4B, 0xD1, 0xEF,
    0xF4, 0x46, 0x5F, 0x9F, 0x2B, 0xA9, 0xC9, 0x9A, 0x32, 0x7E, 0x61, 0x52, 0xDA, 0x14, 0x5C, 0x0C,
    0xD5, 0xD1, 0xD1, 0x44, 0xF6, 0x46, 0x3B, 0x9B, 0xDE, 0xCA, 0x19, 0x64, 0xC3, 0xDC, 0x57, 0x32,
    0xE9, 0xFD, 0x33, 0x4A, 0xDA, 0xEB, 0x64, 0x9B, 0x8D, 0xC6, 0x2E, 0x72, 0x5A, 0x97, 0x98, 0x43,
    0x17, 0x69, 0x42, 0x17, 0xA9, 0x99, 0x63, 0xC0, 0x7C, 0x31, 0x69, 0xE7, 0xBD, 0x8B, 0xA0, 0xAD,
    0xAB, 0xB6, 0x86, 0x35, 0x60, 0x56, 0xAA, 0xB5, 0xFE, 0x1F, 0x83, 0xA2, 0xD6, 0xD7, 0x40, 0x99,
    0x12, 0x26, 0xB3, 0xA2, 0xD6, 0xB1, 0xCC, 0x14, 0x63, 0x2F, 0x5D, 0x64, 0x8A, 0x7E, 0xCB, 0xC7,
    0x78, 0x4D, 0x7B, 0x4B, 0x31, 0xEF, 0xE7, 0xE6, 0xCA, 0x65, 0x0F, 0xC7, 0xAC, 0xD0, 0xB2, 0x47,
    0x0E, 0x42, 0xAD, 0xC7, 0x89, 0x13, 0xA1, 0x35, 0x86, 0xB8, 0x5F, 0x09, 0x65, 0xA8, 0xF8, 0x77,
    0x1B, 0x4D, 0x56, 0xA8, 0x58, 0xEC, 0x8D, 0xFD, 0x82, 0xD0, 0x7C, 0x12, 0x3A, 0x09, 0x85, 0xD8,
    0x6C, 0x10, 0x0A, 0xB1, 0x45, 0x27, 0x14, 0x62, 0xCB, 0x46, 0x28, 0xC4, 0xEA, 0x2F, 0x0A, 0x99,
    0x22, 0x4D, 0x56, 0xF9, 0x05, 0x24, 0x68, 0x36, 0x5B, 0x86, 0xF7, 0x5D, 0x36, 0xB1, 0x3B, 0x35,
    0x83, 0x52, 0xB3, 0x6C, 0x62, 0xCF, 0x6C, 0xFB, 0xE7, 0x94, 0xB6, 0x7C, 0xD9, 0xCA, 0xAA, 0xB9,
    0x8C, 0x90, 0x3C, 0xD6, 0xCD, 0x46, 0x2F, 0x53, 0xBA, 0x89, 0x61, 0xD2, 0x53, 0xDD, 0xD0, 0xF6,
    0x55, 0x9C, 0x15, 0x86, 0xB6, 0x2D, 0xA6, 0xEE, 0xD0, 0x96, 0x21, 0x0C, 0xDA, 0x7E, 0x3F, 0xE1,
    0x89, 0x62, 0x25, 0xA0, 0x2A, 0x83, 0xB6, 0x0B, 0x69, 0x25, 0x44, 0x13, 0x31, 0xD1, 0x9F, 0x83,
    0x8A, 0xD8, 0x64, 0xC6, 0x03, 0x22, 0x56, 0xA6, 0xC0, 0xB3, 0x8A, 0xCD, 0x98, 0xEA, 0x49, 0xC5,
    0x26, 0xFC, 0x3B, 0x1E, 0x54, 0xAC, 0x64, 0xDC, 0x04, 0xB1, 0x05, 0x5F, 0xBB, 0x39, 0x76, 0x8E,
    0x61, 0xF3, 0x1E, 0x31, 0xDF, 0x1C, 0x2C, 0xEF, 0x71, 0xF2, 0x1E, 0x22, 0x1F, 0x44, 0xC7, 0x60,
    0x4C, 0x81, 0x25, 0x77, 0x88, 0x99, 0xF2, 0x3B, 0xC4, 0x4C, 0xE5, 0x1D, 0x62, 0xA6, 0xDA, 0xD5,
    0xEC, 0xC0, 0x38, 0x63, 0xEE, 0x35, 0xD6, 0x35, 0x43, 0x39, 0x84, 0x69, 0x8B, 0x37, 0x43, 0x88,
    0x70, 0x1B, 0xD3, 0x6B, 0x70, 0xCB, 0x74, 0xAF, 0xC6, 0xB5, 0x3F, 0x64, 0x22, 0x0D, 0x69, 0x5F,
    0xE7, 0x18, 0xD0, 0x7F, 0x66, 0x3D, 0x71, 0x09, 0x4C, 0xC4, 0xB1, 0x0B, 0x3F, 0x70, 0x7C, 0x9B,
    0x3B, 0x14, 0x36, 0x93, 0xD8, 0x0A, 0x85, 0xCD, 0x56, 0x2A, 0x47, 0x14, 0x76, 0x63, 0x66, 0x42,
    0x61, 0x85, 0x69, 0x61, 0x53, 0xA6, 0x50, 0xD8, 0x84, 0xF5, 0x5B, 0x26, 0x62, 0x57, 0x8E, 0x5A,
    0xD8, 0xD6, 0x57, 0x43, 0x98, 0xA6, 0x8C, 0x6D, 0xA7, 0x85, 0x2D, 0x90, 0x9B, 0x4E, 0x00, 0xAF,
    0xD1, 0x89, 0x2D, 0x6A, 0x23, 0x4A, 0x5F, 0x0C, 0xBF, 0x45, 0x56, 0xB7, 0x0C, 0x66, 0x7A, 0x65,
    0xDA, 0xD9, 0xB6, 0x79, 0xF1, 0x55, 0x75, 0x38, 0xC6, 0xD3, 0xE3, 0xEA, 0x6F, 0x4C, 0xB3, 0xF5,
    0x3C, 0x5A, 0x95, 0xC5, 0x99, 0xE9, 0x7F, 0x7E, 0x6E, 0x1F, 0xE6, 0xB9, 0x17, 0x71, 0x60, 0x0B,
    0xC4, 0x51, 0xD9, 0x9C, 0xDF, 0x3D, 0x4D, 0xB1, 0x3B, 0x9A, 0x8C, 0x7D, 0x4B, 0x91, 0xAD, 0x49,
    0xBB, 0xD2, 0x09, 0x97, 0x6D, 0x5E, 0xA6, 0x60, 0xF6, 0xB6, 0xC9, 0xF8, 0x8D, 0x49, 0x16, 0x45,
    0x6A, 0x9F, 0xF3, 0xDF, 0x0C, 0xAD, 0xAB, 0xBA, 0xBA, 0x37, 0x6C, 0x7A, 0x96, 0x85, 0xB4, 0xB5,
    0x5D, 0xAA, 0xD7, 0xD7, 0xAD, 0x9E, 0x0D, 0xF3, 0x60, 0x65, 0xED, 0x83, 0xB6, 0xF7, 0x5D, 0x9B,
    0xC7, 0xE9, 0xCE, 0x9A, 0xCF, 0x0F, 0xEA, 0x7E, 0xDC, 0x5C, 0xAC, 0x21, 0x16, 0x9A, 0x0A, 0xFE,
    0x26, 0x1A, 0x5B, 0x21, 0x5D, 0xB0, 0xEE, 0xE0, 0x5A, 0x8A, 0x59, 0x6B, 0xBC, 0xF2, 0x91, 0xD9,
    0x66, 0x63, 0xD5, 0xA0, 0x83, 0x44, 0x60, 0x2C, 0x2D, 0xD9, 0x0E, 0xF0, 0x2A, 0x29, 0x93, 0xED,
    0x83, 0x53, 0x71, 0x75, 0xA7, 0x3E, 0xA5, 0xFE, 0x61, 0x8C, 0x85, 0x4A, 0x8E, 0xA1, 0x55, 0xCA,
    0x52, 0x95, 0x13, 0x69, 0x3D, 0x93, 0x15, 0xA6, 0x43, 0xB4, 0x30, 0xA9, 0x98, 0x12, 0x4C, 0x2A,
    0x86, 0xBF, 0x25, 0x4C, 0x2A, 0xE6, 0x6A, 0x29, 0xAC, 0x95, 0x78, 0x08, 0x0C, 0xFD, 0x4B, 0x58,
    0x3A, 0x47, 0x96, 0x4D, 0xCA, 0x54, 0x9C, 0x32, 0xD3, 0x2B, 0x53, 0x71, 0x60, 0x10, 0xA7, 0xAC,
    0xA5, 0xC8, 0xD6, 0x13, 0xBC, 0x82, 0xA5, 0xE2, 0x4B, 0x7A, 0x61, 0xD9, 0xC4, 0x7D, 0x3D, 0x0A,
    0x2B, 0xFE, 0x01, 0x13, 0x9C, 0xED, 0x9F, 0xF9, 0x85, 0xCC, 0x7C, 0x64, 0x52, 0x53, 0xBD, 0x21,
    0x4C, 0xE2, 0x19, 0xFB, 0x82, 0x7C, 0x2B, 0xED, 0xB9, 0x4D, 0x79, 0xB4, 0x83, 0xBA, 0x71, 0x5E,
    0xD9, 0x6B, 0x2B, 0xB0, 0xB1, 0x9E, 0xA5, 0x4D, 0x39, 0x2D, 0x6C, 0xC1, 0x3C, 0x68, 0x61, 0xDB,
    0x5F, 0xB2, 0x46, 0x7A, 0x19, 0x37, 0xF5, 0x8A, 0xC2, 0xE6, 0x4C, 0x25, 0xA3, 0xB0, 0xC5, 0x4A,
    0x85, 0xB0, 0x55, 0x58, 0xCE, 0x10, 0x57, 0xB0, 0x24, 0x44, 0x9C, 0xCC, 0xD1, 0xB4, 0x8D, 0x26,
    0xFC, 0x76, 0x1B, 0x0A, 0x5B, 0x33, 0x77, 0x22, 0x0E, 0x4E, 0xFC, 0xF6, 0xA1, 0x15, 0xDE, 0xBC,
    0xE0, 0x7D, 0x33, 0xA5, 0x9C, 0xCA, 0x39, 0x3A, 0xB2, 0xC1, 0xE0, 0x50, 0xB0, 0xD0, 0xBE, 0xE0,
    0xE8, 0xC8, 0x40, 0x75, 0x56, 0xE9, 0x8A, 0x35, 0x78, 0xF3, 0x30, 0x35, 0x52, 0x6A, 0x31, 0xF5,
    0xD0, 0x41, 0xB4, 0x89, 0x11, 0x91, 0x5D, 0x9D, 0x8A, 0xC5, 0xD0, 0x0A, 0xB1, 0x78, 0x6D, 0x55,
    0xB1, 0x68, 0xDD, 0x8E, 0x95, 0x51, 0xCA, 0x5F, 0x56, 0x03, 0xDC, 0xB3, 0xD1, 0x17, 0x64, 0x3C,
    0xD5, 0x3F, 0xB7, 0xF8, 0x55, 0x31, 0xC1, 0x44, 0x57, 0x29, 0xE3, 0xCF, 0xAA, 0x0D, 0x5A, 0x57,
    0x70, 0xF9, 0x73, 0xA9, 0x7A, 0x0C, 0xAD, 0xF6, 0x0D, 0xD0, 0x92, 0xB9, 0xAB, 0x37, 0x33, 0x6C,
    0x54, 0x02, 0x3D, 0x4E, 0x78, 0xB4, 0x63, 0xF0, 0xE6, 0xCC, 0xEC, 0x83, 0x37, 0xAF, 0xD4, 0x12,
    0x94, 0xEF, 0xA6, 0x20, 0xB3, 0xDB, 0x82, 0xCA, 0x68, 0x0C, 0xF5, 0x24, 0x6A, 0x0D, 0xAA, 0x77,
    0x73, 0x10, 0xEF, 0xF6, 0x48, 0x82, 0x41, 0x54, 0x6C, 0x8E, 0x2F, 0x20, 0x36, 0x98, 0x84, 0x4C,
    0xB0, 0x89, 0x8A, 0x0D, 0x46, 0x21, 0x1B, 0xAD, 0x72, 0x02, 0x41, 0x37, 0x9A, 0x7F, 0x08, 0xAF,
    0x87, 0x40, 0xF5, 0x79, 0x50, 0x3C, 0x0F, 0x57, 0x83, 0xDF, 0x5E, 0x0A, 0x95, 0xA0, 0x5B, 0x6D,
    0x51, 0x3A, 0xFA, 0xA8, 0xA8, 0x01, 0x0A, 0x35, 0x40, 0x25, 0xE8, 0x56, 0x5B, 0xA0, 0x0E, 0xCD,
    0x10, 0xE8, 0x2C, 0x62, 0x85, 0xBA, 0x9A, 0x8F, 0x6D, 0xC1, 0x0E, 0x62, 0x35, 0xD2, 0x66, 0x65,
    0x94, 0x45, 0x5B, 0x9C, 0xDC, 0x68, 0xB0, 0x45, 0x4D, 0x79, 0xB4, 0x45, 0xDB, 0x14, 0x6C, 0x82,
    0x2D, 0xBA, 0x72, 0x0D, 0xB6, 0xA8, 0x57, 0xBE, 0xC9, 0x16, 0x7D, 0xB0, 0x45, 0xD2, 0xFE, 0x11,
    0xD8, 0xE2, 0x19, 0x44, 0xDA, 0x47, 0x61, 0xED, 0xDF, 0xA5, 0x4B, 0x64, 0xA8, 0xD2, 0x8D, 0xB0,
    0x06, 0xE6, 0xEB, 0x36, 0xBB, 0xD4, 0x0A, 0x9D, 0x89, 0x16, 0x8D, 0xF6, 0x27, 0x4A, 0x66, 0xAD,
    0xCE, 0x3F, 0xC3, 0x5F, 0x29, 0x75, 0x31, 0x96, 0xE7, 0x50, 0xC3, 0x3D, 0xC4, 0x69, 0xFF, 0x8E,
    0xBD, 0xA5, 0x81, 0x38, 0xF8, 0xD1, 0xD0, 0x57, 0x12, 0x56, 0x71, 0x04, 0x77, 0xEA, 0x1F, 0xE2,
    0x09, 0x03, 0x7E, 0xEB, 0x10, 0x05, 0x98, 0x89, 0x78, 0x33, 0x0A, 0xF7, 0x54, 0x0D, 0xE9, 0x92,
    0x33, 0xD5, 0x03, 0xD9, 0x3E, 0x9B, 0x8B, 0x55, 0x5C, 0x6F, 0xEB, 0x8B, 0xD1, 0x80, 0xB1, 0x37,
    0x83, 0xE1, 0x8D, 0x25, 0x47, 0x4E, 0xA2, 0xFB, 0x2E, 0x94, 0x33, 0x63, 0x8E, 0xE1, 0x60, 0xCB,
    0x63, 0x08, 0x4B, 0x4A, 0x5E, 0xE2, 0x5C, 0x9C, 0xD9, 0xEB, 0xBA, 0x04, 0x7F, 0x2B, 0x4C, 0x61,
    0x8B, 0x15, 0x01, 0x8E, 0x19, 0xC4, 0xE5, 0xD5, 0xB3, 0x46, 0xF5, 0x13, 0x55, 0x68, 0x92, 0xC2,
    0xCA, 0x59, 0xC4, 0x6D, 0x20, 0x09, 0x62, 0xC4, 0x58, 0x76, 0x84, 0xB8, 0x9C, 0xBF, 0xC9, 0x7D,
    0x88, 0x4F, 0x98, 0x9D, 0xD6, 0xDD, 0x43, 0x37, 0x4F, 0x84, 0xC3, 0x2C, 0x38, 0x4E, 0x81, 0xE3,
    0xFC, 0x37, 0x4E, 0x7E, 0xE3, 0xCC, 0x77, 0x9F, 0xF6, 0x02, 0x5B, 0x52, 0x5C, 0xE3, 0x6C, 0x37,
    0x4E, 0x75, 0xE3, 0x3C, 0x57, 0xD1, 0xF4, 0x8A, 0x95, 0x57, 0xB4, 0x8D, 0x62, 0x4B, 0x8A, 0xAB,
    0x62, 0x3A, 0x03, 0xF1, 0xBA, 0xCE, 0x67, 0x29, 0x4C, 0x66, 0x29, 0xCC, 0x64, 0xA3, 0xAD, 0x14,
    0x5B, 0x05, 0xBC, 0x0E, 0xE5, 0x01, 0x78, 0x5D, 0x0D, 0x1E, 0xCD, 0xAD, 0xF8, 0x87, 0xBF, 0x7E,
    0x87, 0xBF, 0x51, 0x1E, 0xF7, 0x8D, 0x4A, 0x41, 0xE8, 0x77, 0x29, 0xC7, 0xF6, 0xBD, 0xFC, 0x67,
    0x47, 0x3C, 0xE9, 0x76, 0xB4, 0xEE, 0x39, 0x0F, 0x58, 0xFA, 0xC9, 0x79, 0xD4, 0x41, 0x98, 0x67,
    0x28, 0x83, 0x65, 0x49, 0x77, 0x7C, 0xAE, 0x8D, 0x98, 0x6F, 0x45, 0x77, 0x0B, 0x36, 0x7F, 0x20,
    0xBA, 0x88, 0xB7, 0xCB, 0xD7, 0x7C, 0x93, 0xCB, 0xA2, 0xC7, 0x4C, 0xE5, 0xA8, 0x7A, 0xD5, 0xC0,
    0x11, 0xFA, 0x17, 0xDC, 0x13, 0x7C, 0x1E, 0x7B, 0xBC, 0x62, 0x19, 0xC3, 0x54, 0xCA, 0xB3, 0xF0,
    0xB5, 0x65, 0x0D, 0xBF, 0x54, 0xFA, 0xF1, 0x69, 0xCE, 0xA7, 0x48, 0xD1, 0x11, 0xB6, 0xF2, 0x1D,
    0xE5, 0xD8, 0x82, 0x36, 0x38, 0x90, 0x50, 0xF1, 0x8F, 0x31, 0x33, 0x96, 0xCA, 0xB1, 0x32, 0xFF,
    0xE9, 0xAB, 0x85, 0x0A, 0x1E, 0xCC, 0x2C, 0xD5, 0x93, 0xCE, 0xB7, 0x9C, 0x44, 0x44, 0x63, 0xBC,
    0xEB, 0x3D, 0x0B, 0xF7, 0x29, 0x79, 0x4D, 0xEE, 0x66, 0x11, 0xF5, 0xED, 0x42, 0x39, 0x0F, 0x76,
    0x95, 0x22, 0x58, 0x26, 0xC3, 0xDE, 0x62, 0x0F, 0xBF, 0xE4, 0x1B, 0xBC, 0x04, 0x7D, 0xA8, 0x86,
    0xE2, 0xC9, 0xC1, 0x56, 0x78, 0x98, 0xF2, 0x9E, 0x44, 0xAD, 0xF0, 0x14, 0x03, 0xCB, 0x2F, 0xAC,
    0xDA, 0x6C, 0xCA, 0x39, 0x0B, 0x33, 0x59, 0x3B, 0xA5, 0xDC, 0x50, 0x8B, 0xF1, 0x35, 0x61, 0x4F,
    0xE1, 0x2F, 0x4B, 0x73, 0x87, 0xE6, 0xD3, 0x6E, 0xAC, 0xCF, 0xA6, 0xC8, 0x8A, 0x21, 0x32, 0xD3,
    0x47, 0x56, 0xF9, 0xC8, 0x6C, 0x13, 0x59, 0x4B, 0x91, 0xAD, 0x14, 0xE4, 0xBD, 0x35, 0xE7, 0x7C,
    0x9D, 0xEA, 0x31, 0x91, 0xC0, 0x92, 0xB9, 0x91, 0xDC, 0xFE, 0x6E, 0xE0, 0x6E, 0x13, 0xB0, 0x69,
    0xF0, 0xB5, 0x9F, 0xC9, 0x52, 0xA7, 0x2C, 0x00, 0x57, 0x3F, 0x10, 0xDF, 0x92, 0xF3, 0x95, 0xC5,
    0x36, 0xC2, 0x12, 0xE6, 0xB1, 0x95, 0x90, 0x7E, 0xA0, 0x72, 0x75, 0xAB, 0xC8, 0xED, 0x43, 0xE3,
    0x16, 0x75, 0xD1, 0xBC, 0x93, 0xB0, 0xD4, 0x39, 0x50, 0xCA, 0x63, 0xE8, 0x21, 0x49, 0x58, 0xEA,
    0xF4, 0x9A, 0xBF, 0x16, 0x36, 0x2C, 0x75, 0xDE, 0xBC, 0x78, 0x7F, 0xF6, 0x78, 0xA9, 0x33, 0xCE,
    0x51, 0xB2, 0xB8, 0xD4, 0x29, 0x89, 0xFA, 0x78, 0xA9, 0xB3, 0xBB, 0xD3, 0x52, 0xE7, 0xFF, 0x07,
    0xFB, 0x0F, 0x02, 0x5F, 0xC0, 0xE4, 0x0F, 0x64, 0x92, 0x01, 0x0C, 0x00, 0xE5, 0xD6, 0x21, 0x8C,
    0xE3, 0x46, 0x14, 0xC6, 0xF1, 0xCF, 0xB6, 0x7A, 0x01, 0x03, 0x8C, 0x0E, 0x2D, 0x08, 0x6F, 0x81,
    0x39, 0x9A, 0x94, 0x93, 0x03, 0x4D, 0x39, 0x27, 0xC7, 0x91, 0x5D, 0x4E, 0x82, 0x8A, 0xAB, 0xEA,
    0x48, 0x73, 0xE0, 0x38, 0xB2, 0x55, 0x0E, 0xCC, 0x49, 0x5D, 0x70, 0x52, 0x75, 0xC8, 0x52, 0x03,
    0x72, 0xAB, 0x89, 0xFF, 0xF5, 0xCC, 0x78, 0x9C, 0x6C, 0x7A, 0x3D, 0xA9, 0xEC, 0x56, 0xF7, 0xA4,
    0x8D, 0x7E, 0x6F, 0x77, 0xED, 0x75, 0xDE, 0xBC, 0xFD, 0x14, 0xC5, 0xCA, 0xF6, 0x3B, 0xFF, 0xDA,
    0x4E, 0x3B, 0xD5, 0x4C, 0x33, 0xB7, 0x30, 0xE6, 0x40, 0x2F, 0xB5, 0xE0, 0x4A, 0xFE, 0x60, 0x54,
    0xC6, 0xC9, 0x5E, 0x2A, 0x8A, 0x99, 0xF3, 0xD7, 0xD6, 0xD5, 0x53, 0xCE, 0x20, 0xC3, 0x50, 0x9E,
    0xDB, 0x4B, 0x46, 0xA3, 0x92, 0xBE, 0x3C, 0xE0, 0xF4, 0x4A, 0x9E, 0xCA, 0x66, 0x86, 0x7B, 0x75,
    0xB7, 0xCC, 0xEF, 0x59, 0xB1, 0xD4, 0x20, 0x9B, 0x38, 0xDE, 0xF2, 0xDB, 0x96, 0x0F, 0xC7, 0xB7,
    0x4C, 0xC7, 0x5F, 0x6E, 0x2E, 0x7B, 0xD6, 0xAC, 0xE8, 0x55, 0x44, 0xD6, 0x8C, 0x32, 0x30, 0xEB,
    0x3B, 0xE0, 0xD7, 0x16, 0x1E, 0x1B, 0x59, 0xE0, 0x6F, 0x80, 0xEE, 0x96, 0xBE, 0xF6, 0x3F, 0x28,
    0x54, 0x0B, 0x1F, 0x25, 0xC9, 0xA4, 0x1F, 0x59, 0x7E, 0x86, 0x71, 0x06, 0x4E, 0xD6, 0xC3, 0x1F,
    0x53, 0xE9, 0xB1, 0x61, 0x88, 0x30, 0xF4, 0x73, 0xD3, 0x49, 0xA5, 0xC7, 0x45, 0x1E, 0x9D, 0x42,
    0x6D, 0xEF, 0x90, 0x0E, 0xC5, 0xC9, 0xDE, 0x23, 0x1D, 0x87, 0x4B, 0xEF, 0xE8, 0x4B, 0x46, 0x1A,
    0x74, 0x1A, 0xF3, 0x3A, 0xE4, 0x73, 0x9A, 0xAB, 0x5B, 0x71, 0x37, 0x5E, 0x5C, 0x1A, 0xAF, 0x4B,
    0xE3, 0x75, 0x69, 0xBC, 0x2E, 0x8D, 0xD7, 0xC5, 0xF1, 0x1A, 0x0F, 0x93, 0xFE, 0x56, 0xB9, 0xE2,
    0x3F, 0x1F, 0xAC, 0x02, 0x2E, 0x1E, 0xF6, 0x1E, 0x61, 0xBC, 0xBF, 0xE5, 0xCF, 0x78, 0xBC, 0x87,
    0x34, 0xDE, 0x3F, 0x01, 0xB7, 0x42, 0x4B, 0x7D, 0xE3, 0xB3, 0x26, 0xA5, 0xCD, 0x03, 0x70, 0xD0,
    0x12, 0x38, 0x02, 0x38, 0x2F, 0xE3, 0x77, 0x1B, 0x3E, 0xBE, 0x66, 0x92, 0x62, 0xEC, 0x6C, 0x69,
    0x36, 0x20, 0xC5, 0xE4, 0xB1, 0x28, 0x03, 0x29, 0x85, 0x8F, 0xC4, 0x24, 0xAD, 0xF9, 0xA3, 0xF6,
    0xAC, 0x9B, 0x08, 0x6A, 0x0F, 0x4F, 0x53, 0x68, 0xE9, 0xF2, 0x4F, 0x77, 0x15, 0xD7, 0x6A, 0x64,
    0x3F, 0xD3, 0xAD, 0xB9, 0x74, 0x6C, 0x69, 0x6E, 0xEE, 0x62, 0xBF, 0xBE, 0x6E, 0x5D, 0x04, 0x4B,
    0x77, 0x93, 0x69, 0x2D, 0xC3, 0x35, 0xD6, 0x2A, 0x98, 0x9A, 0x35, 0xCE, 0x3C, 0xBA, 0xA7, 0x9D,
    0x96, 0x7A, 0xB9, 0x57, 0xA8, 0x1C, 0x9A, 0xB0, 0x21, 0x34, 0xF1, 0x5C, 0x4E, 0x19, 0xA9, 0x63,
    0x6A, 0x9D, 0xE1, 0xF1, 0x5D, 0xE8, 0x72, 0x4E, 0xA5, 0xAB, 0x68, 0x8A, 0xD0, 0x6D, 0x18, 0x4A,
    0x67, 0x91, 0x42, 0x67, 0xE8, 0x4D, 0xD8, 0x90, 0xDA, 0x77, 0x25, 0xFD, 0xE6, 0x90, 0x9E, 0x3A,
    0x6D, 0xC8, 0xFF, 0x7D, 0xB7, 0x15, 0x4B, 0x75, 0xBE, 0xB3, 0x9F, 0xE9, 0xD6, 0x0D, 0x69, 0xEC,
    0x57, 0xBD, 0x21, 0xDD, 0xA7, 0x37, 0x64, 0xBA, 0x6E, 0xC8, 0x4F, 0x2D, 0xFC, 0xF5, 0x90, 0x36,
    0xE4, 0x77, 0xC0, 0x55, 0x40, 0xF7, 0xB4, 0x93, 0xF4, 0xE2, 0xF8, 0x4A, 0x92, 0x07, 0xB0, 0x0B,
    0xAA, 0x52, 0x6C, 0x88, 0xE9, 0xC7, 0xF8, 0xCD, 0x82, 0x93, 0x2A, 0x06, 0xC5, 0x54, 0x2E, 0x19,
    0x15, 0xD3, 0xD8, 0x04, 0x6D, 0x67, 0x6D, 0x82, 0x2A, 0x9A, 0x45, 0x76, 0x96, 0x59, 0x55, 0xAE,
    0xDA, 0xAE, 0xAA, 0x81, 0x20, 0xC3, 0xBF, 0xF5, 0xE2, 0x1D, 0x8F, 0xC7, 0xEB, 0xB5, 0xCF, 0x43,
    0x66, 0x51, 0x27, 0x13, 0x06, 0x08, 0x83, 0x0A, 0x78, 0xDB, 0xBC, 0x86, 0xE9, 0xCD, 0x2C, 0x9A,
    0x36, 0xCC, 0xF6, 0xAA, 0x8A, 0xE9, 0xFA, 0x99, 0x31, 0xE6, 0x79, 0x3A, 0x10, 0x65, 0xC0, 0x21,
    0xD2, 0x00, 0x97, 0x48, 0xCB, 0xBE, 0xA5, 0x0F, 0xAC, 0xCF, 0x2A, 0x39, 0x05, 0x32, 0xAA, 0x48,
    0x87, 0x36, 0x24, 0x66, 0xF4, 0xCA, 0xEF, 0x99, 0x7E, 0xE1, 0xEE, 0xB2, 0x97, 0xED, 0x49, 0x26,
    0xF0, 0x01, 0x9C, 0xE2, 0x7A, 0x00, 0x53, 0x8E, 0x67, 0xC1, 0xFB, 0x96, 0x22, 0xB0, 0x44, 0x25,
    0xDF, 0x87, 0xFF, 0xC2, 0xAD, 0xD3, 0x86, 0x5D, 0xB8, 0x83, 0x75, 0x2A, 0xAE, 0xCC, 0x27, 0x45,
    0x4E, 0xCA, 0xDE, 0x2C, 0xA4, 0x91, 0x12, 0xCF, 0x89, 0x5B, 0xE8, 0x17, 0x96, 0x30, 0x2D, 0x2C,
    0x60, 0x7D, 0x48, 0xC0, 0x2D, 0xDC, 0x02, 0x0B, 0x33, 0xA0, 0x89, 0x94, 0x81, 0x6E, 0xA1, 0x6A,
    0xFA, 0x40, 0xD3, 0xC9, 0x2C, 0xB4, 0xBD, 0x8A, 0x85, 0xB5, 0x1F, 0x42, 0x17, 0x39, 0x46, 0xBA,
    0x99, 0x27, 0x15, 0x34, 0x39, 0x93, 0x64, 0x2F, 0x32, 0x28, 0x83, 0x0F, 0x7D, 0xC5, 0x7B, 0x1F,
    0x73, 0x40, 0x6F, 0x80, 0x51, 0xAA, 0x67, 0xAA, 0x85, 0x9D, 0x64, 0xA0, 0x51, 0xB6, 0x0F, 0x27,
    0x35, 0xBF, 0xFE, 0x03, 0x45, 0x8F, 0x01, 0x86, 0x03, 0x31, 0x18, 0x46, 0xFF, 0xCE, 0x5A, 0xB5,
    0xF6, 0x10, 0x39, 0xC2, 0x1E, 0xA1, 0xB9, 0xD9, 0xCC, 0xCD, 0xB2, 0x47, 0xC8, 0x11, 0x0A, 0x16,
    0x05, 0x8B, 0xA0, 0x68, 0xE6, 0x6B, 0x9E, 0x8F, 0xE4, 0x57, 0x33, 0x4F, 0xE6, 0xBD, 0xC6, 0x1F,
    0xCC, 0x57, 0xAC, 0xF9, 0xC9, 0x8B, 0x4B, 0x9D, 0xB8, 0xA9, 0x4D, 0xFE, 0x56, 0x5F, 0xBA, 0x94,
    0xA7, 0x2E, 0xD5, 0xA9, 0x4B, 0x6D, 0xEA, 0x52, 0x9F, 0xFA, 0xC3, 0x81, 0xFF, 0x7D, 0x53, 0xB5,
    0x7E, 0xF2, 0xAD, 0x59, 0x7F, 0x45, 0x3A, 0xAE, 0x1D, 0xE4, 0x68, 0xBF, 0x6F, 0x0E, 0xCA, 0x7F,
    0x68, 0xFC, 0x2A, 0xBA, 0x9E, 0x70, 0x69, 0xE8, 0x3A, 0x33, 0xDC, 0xD1, 0x25, 0xC1, 0x04, 0x45,
    0x32, 0x73, 0x0B, 0x73, 0x0F, 0xA9, 0x0D, 0x9D, 0xA9, 0x17, 0xE9, 0xB4, 0xAE, 0xE3, 0x83, 0x07,
    0xBA, 0xC4, 0x67, 0xD5, 0x1D, 0x7C, 0xC6, 0x0D, 0x4E, 0xF0, 0xEF, 0xC6, 0x33, 0x5F, 0x85, 0x49,
    0xD5, 0xE3, 0x22, 0xCE, 0x8B, 0xD7, 0xDC, 0x61, 0xA1, 0x47, 0x24, 0x33, 0x5B, 0x06, 0xC1, 0x9F,
    0xB7, 0x77, 0x60, 0xDD, 0x81, 0x75, 0x02, 0x3D, 0xAC, 0x13, 0x28, 0x6E, 0xE8, 0x04, 0xE3, 0x9D,
    0x84, 0x4E, 0xF0, 0x1A, 0x8C, 0x4E, 0xC0, 0x39, 0x3A, 0xC1, 0xD8, 0xC2, 0x3A, 0xC1, 0x51, 0xAC,
    0xFB, 0x06, 0xEB, 0xBE, 0xC1, 0x3A, 0x81, 0xAC, 0x3B, 0xB0, 0xEE, 0xC0, 0xBA, 0x83, 0xBC, 0xF8,
    0xD3, 0xAF, 0x37,
};

static const EpdGlyph notoserif_en_24_boldGlyphs[] = {
    { 0, 0, 208, 0, 0, 0, 0 }, // U+0020
    { 9, 37, 306, 5, 36, 84, 0 }, // !
    { 20, 15, 407, 3, 36, 75, 84 }, // "
    { 26, 36, 452, 1, 36, 234, 159 }, // #
    { 24, 42, 452, 2, 38, 252, 393 }, // $
    { 43, 38, 725, 1, 37, 409, 645 }, // %
    { 38, 38, 641, 2, 37, 361, 1054 }, // &
    { 9, 15, 232, 3, 36, 34, 1415 }, // '
    { 17, 46, 321, 2, 39, 196, 1449 }, // (
    { 17, 46, 321, 1, 39, 196, 1645 }, // )
    { 23, 21, 402, 1, 39, 121, 1841 }, // *
    { 23, 23, 452, 3, 29, 133, 1962 }, // +
    { 10, 16, 235, 2, 8, 40, 2095 }, // ,
    { 14, 6, 248, 1, 17, 21, 2135 }, // -
    { 9, 9, 235, 3, 8, 21, 2156 }, // .
    { 15, 45, 230, 0, 38, 169, 2177 }, // /
    { 25, 38, 466, 2, 37, 238, 2346 }, // 0
    { 24, 36, 405, 1, 36, 216, 2584 }, // 1
    { 25, 37, 425, 1, 37, 232, 2800 }, // 2
    { 25, 38, 431, 1, 37, 238, 3032 }, // 3
    { 28, 36, 445, 0, 36, 252, 3270 }, // 4
    { 24, 37, 424, 1, 36, 222, 3522 }, // 5
    { 25, 38, 448, 2, 37, 238, 3744 }, // 6
    { 24, 36, 434, 2, 36, 216, 3982 }, // 7
    { 26, 38, 463, 2, 37, 247, 4198 }, // 8
    { 25, 38, 448, 2, 37, 238, 4445 }, // 9
    { 9, 29, 243, 3, 28, 66, 4683 }, // :
    { 10, 36, 243, 2, 28, 90, 4749 }, // ;
    { 23, 27, 452, 3, 31, 156, 4839 }, // <
    { 23, 15, 452, 3, 25, 87, 4995 }, // =
    { 23, 27, 452, 3, 31, 156, 5082 }, // >
    { 24, 38, 440, 1, 37, 228, 5238 }, // ?
    { 42, 44, 737, 2, 36, 462, 5466 }, // @
    { 38, 36, 602, 0, 36, 342, 5928 }, // A
    { 31, 36, 538, 1, 36, 279, 6270 }, // B
    { 30, 38, 535, 2, 37, 285, 6549 }, // C
    { 35, 36, 614, 1, 36, 315, 6834 }, // D
    { 31, 36, 522, 1, 36, 279, 7149 }, // E
    { 29, 36, 497, 1, 36, 261, 7428 }, // F
    { 35, 38, 616, 2, 37, 333, 7689 }, // G
    { 39, 36, 655, 1, 36, 351, 8022 }, // H
    { 18, 36, 321, 1, 36, 162, 8373 }, // I
    { 20, 48, 317, -1, 36, 240, 8535 }, // J
    { 36, 36, 587, 1, 36, 324, 8775 }, // K
    { 31, 36, 523, 1, 36, 279, 9099 }, // L
    { 46, 36, 762, 1, 36, 414, 9378 }, // M
    { 38, 36, 630, 1, 36, 342, 9792 }, // N
    { 35, 38, 630, 2, 37, 333, 10134 }, // O
    { 30, 36, 510, 1, 36, 270, 10467 }, // P
    { 35, 49, 630, 2, 37, 429, 10737 }, // Q
    { 35, 36, 570, 1, 36, 315, 11166 }, // R
    { 27, 38, 463, 1, 37, 257, 11481 }, // S
    { 33, 36, 522, 0, 36, 297, 11738 }, // T
    { 37, 37, 598, 0, 36, 343, 12035 }, // U
    { 35, 36, 558, 0, 36, 315, 12378 }, // V
    { 54, 36, 854, 0, 36, 486, 12693 }, // W
    { 37, 36, 586, 0, 36, 333, 13179 }, // X
    { 35, 36, 554, 0, 36, 315, 13512 }, // Y
    { 30, 36, 534, 2, 36, 270, 13827 }, // Z
    { 14, 45, 332, 5, 38, 158, 14097 }, // [
    { 15, 45, 230, 0, 38, 169, 14255 }, // <backslash>
    { 15, 45, 332, 1, 38, 169, 14424 }, // ]
    { 24, 23, 447, 2, 36, 138, 14593 }, // ^
    { 25, 4, 367, -1, -4, 25, 14731 }, // _
    { 13, 9, 267, 2, 39, 30, 14756 }, // `
    { 27, 29, 480, 2, 28, 196, 14786 }, // a
    { 31, 39, 519, 0, 38, 303, 14982 }, // b
    { 23, 29, 422, 2, 28, 167, 15285 }, // c
    { 30, 39, 519, 2, 38, 293, 15452 }, // d
    { 25, 29, 458, 2, 28, 182, 15745 }, // e
    { 24, 39, 326, 0, 39, 234, 15927 }, // f
    { 28, 41, 448, 0, 29, 287, 16161 }, // g
    { 33, 38, 534, 0, 38, 314, 16448 }, // h
    { 17, 39, 282, 0, 39, 166, 16762 }, // i
    { 14, 51, 276, -1, 39, 179, 16928 }, // j
    { 32, 38, 510, 0, 38, 304, 17107 }, // k
    { 17, 38, 282, 0, 38, 162, 17411 }, // l
    { 48, 28, 789, 1, 28, 336, 17573 }, // m
    { 32, 28, 534, 1, 28, 224, 17909 }, // n
    { 27, 29, 491, 2, 28, 196, 18133 }, // o
    { 30, 40, 516, 0, 28, 300, 18329 }, // p
    { 30, 40, 518, 2, 28, 300, 18629 }, // q
    { 25, 28, 418, 1, 28, 175, 18929 }, // r
    { 22, 29, 385, 1, 28, 160, 19104 }, // s
    { 19, 34, 324, 1, 33, 162, 19264 }, // t
    { 32, 28, 534, 1, 27, 224, 19426 }, // u
    { 31, 27, 485, 0, 27, 210, 19650 }, // v
    { 44, 27, 685, -1, 27, 297, 19860 }, // w
    { 32, 27, 517, 0, 27, 216, 20157 }, // x
    { 29, 39, 463, 0, 27, 283, 20373 }, // y
    { 25, 27, 423, 0, 27, 169, 20656 }, // z
    { 20, 45, 354, 1, 38, 225, 20825 }, // {
    { 4, 50, 452, 12, 38, 50, 21050 }, // |
    { 20, 45, 354, 1, 38, 225, 21100 }, // }
    { 25, 10, 452, 2, 23, 63, 21325 }, // ~
    { 0, 0, 208, 0, 0, 0, 0 }, // U+00A0
    { 9, 37, 306, 5, 28, 84, 0 }, // U+00A1
    { 25, 36, 452, 2, 36, 225, 84 }, // U+00A2
    { 26, 38, 447, 1, 37, 247, 309 }, // U+00A3
    { 22, 22, 452, 3, 29, 121, 556 }, // U+00A4
    { 28, 36, 452, 0, 36, 252, 677 }, // U+00A5
    { 4, 50, 452, 12, 38, 50, 929 }, // U+00A6
    { 23, 44, 435, 3, 38, 253, 979 }, // U+00A7
    { 17, 7, 462, 6, 38, 30, 1232 }, // U+00A8
    { 38, 38, 676, 2, 37, 361, 1262 }, // U+00A9
    { 19, 17, 336, 1, 36, 81, 1623 }, // U+00AA
    { 22, 21, 443, 3, 24, 116, 1704 }, // U+00AB
    { 22, 14, 452, 3, 20, 77, 1820 }, // U+00AC
    { 14, 6, 248, 1, 17, 21, 1897 }, // U+00AD
    { 38, 38, 676, 2, 37, 361, 1918 }, // U+00AE
    { 25, 3, 367, -1, 41, 19, 2279 }, // U+00AF
    { 17, 17, 320, 1, 37, 73, 2298 }, // U+00B0
    { 23, 29, 452, 3, 29, 167, 2371 }, // U+00B1
    { 17, 23, 320, 1, 42, 98, 2538 }, // U+00B2
    { 17, 23, 320, 1, 42, 98, 2636 }, // U+00B3
    { 13, 9, 267, 2, 39, 30, 2734 }, // U+00B4
    { 28, 39, 532, 4, 27, 273, 2764 }, // U+00B5
    { 28, 44, 502, 2, 38, 308, 3037 }, // U+00B6
    { 9, 9, 235, 3, 22, 21, 3345 }, // U+00B7
    { 12, 13, 266, 2, 1, 39, 3366 }, // U+00B8
    { 16, 22, 320, 2, 41, 88, 3405 }, // U+00B9
    { 20, 17, 350, 1, 36, 85, 3493 }, // U+00BA
    { 22, 21, 443, 3, 24, 116, 3578 }, // U+00BB
    { 42, 36, 672, 0, 36, 378, 3694 }, // U+00BC
    { 41, 36, 672, 0, 36, 369, 4072 }, // U+00BD
    { 41, 37, 672, 1, 37, 380, 4441 }, // U+00BE
    { 24, 37, 440, 2, 27, 222, 4821 }, // U+00BF
    { 38, 47, 602, 0, 47, 447, 5043 }, // U+00C0
    { 38, 47, 602, 0, 47, 447, 5490 }, // U+00C1
    { 38, 47, 602, 0, 47, 447, 5937 }, // U+00C2
    { 38, 47, 602, 0, 47, 447, 6384 }, // U+00C3
    { 38, 46, 602, 0, 46, 437, 6831 }, // U+00C4
    { 38, 44, 602, 0, 44, 418, 7268 }, // U+00C5
    { 49, 36, 794, 0, 36, 441, 7686 }, // U+00C6
    { 30, 49, 535, 2, 37, 368, 8127 }, // U+00C7
    { 31, 47, 522, 1, 47, 365, 8495 }, // U+00C8
    { 31, 47, 522, 1, 47, 365, 8860 }, // U+00C9
    { 31, 47, 522, 1, 47, 365, 9225 }, // U+00CA
    { 31, 46, 522, 1, 46, 357, 9590 }, // U+00CB
    { 18, 47, 321, 1, 47, 212, 9947 }, // U+00CC
    { 18, 47, 321, 1, 47, 212, 10159 }, // U+00CD
    { 18, 47, 321, 1, 47, 212, 10371 }, // U+00CE
    { 18, 46, 321, 1, 46, 207, 10583 }, // U+00CF
    { 35, 36, 614, 1, 36, 315, 10790 }, // U+00D0
    { 38, 47, 630, 1, 47, 447, 11105 }, // U+00D1
    { 35, 48, 630, 2, 47, 420, 11552 }, // U+00D2
    { 35, 48, 630, 2, 47, 420, 11972 }, // U+00D3
    { 35, 48, 630, 2, 47, 420, 12392 }, // U+00D4
    { 35, 48, 630, 2, 47, 420, 12812 }, // U+00D5
    { 35, 47, 630, 2, 46, 412, 13232 }, // U+00D6
    { 22, 22, 452, 3, 29, 121, 13644 }, // U+00D7
    { 35, 40, 630, 2, 38, 350, 13765 }, // U+00D8
    { 37, 48, 598, 0, 47, 444, 14115 }, // U+00D9
    { 37, 48, 598, 0, 47, 444, 14559 }, // U+00DA
    { 37, 48, 598, 0, 47, 444, 15003 }, // U+00DB
    { 37, 47, 598, 0, 46, 435, 15447 }, // U+00DC
    { 35, 47, 554, 0, 47, 412, 15882 }, // U+00DD
    { 30, 36, 510, 1, 36, 270, 16294 }, // U+00DE
    { 34, 40, 565, 0, 39, 340, 16564 }, // U+00DF
    { 27, 40, 480, 2, 39, 270, 16904 }, // U+00E0
    { 27, 40, 480, 2, 39, 270, 17174 }, // U+00E1
    { 27, 40, 480, 2, 39, 270, 17444 }, // U+00E2
    { 27, 40, 480, 2, 39, 270, 17714 }, // U+00E3
    { 27, 39, 480, 2, 38, 264, 17984 }, // U+00E4
    { 27, 42, 480, 2, 41, 284, 18248 }, // U+00E5
    { 40, 29, 700, 2, 28, 290, 18532 }, // U+00E6
    { 23, 40, 422, 2, 28, 230, 18822 }, // U+00E7
    { 25, 40, 458, 2, 39, 250, 19052 }, // U+00E8
    { 25, 40, 458, 2, 39, 250, 19302 }, // U+00E9
    { 25, 40, 458, 2, 39, 250, 19552 }, // U+00EA
    { 25, 39, 458, 2, 38, 244, 19802 }, // U+00EB
    { 18, 39, 282, -1, 39, 176, 20046 }, // U+00EC
    { 18, 39, 282, 0, 39, 176, 20222 }, // U+00ED
    { 18, 39, 282, -1, 39, 176, 20398 }, // U+00EE
    { 18, 38, 282, -1, 38, 171, 20574 }, // U+00EF
    { 27, 40, 491, 2, 39, 270, 20745 }, // U+00F0
    { 32, 39, 534, 1, 39, 312, 21015 }, // U+00F1
    { 27, 40, 491, 2, 39, 270, 21327 }, // U+00F2
    { 27, 40, 491, 2, 39, 270, 21597 }, // U+00F3
    { 27, 40, 491, 2, 39, 270, 21867 }, // U+00F4
    { 27, 40, 491, 2, 39, 270, 22137 }, // U+00F5
    { 27, 39, 491, 2, 38, 264, 22407 }, // U+00F6
    { 23, 26, 452, 3, 31, 150, 22671 }, // U+00F7
    { 27, 31, 491, 2, 29, 210, 22821 }, // U+00F8
    { 32, 40, 534, 1, 39, 320, 23031 }, // U+00F9
    { 32, 40, 534, 1, 39, 320, 23351 }, // U+00FA
    { 32, 40, 534, 1, 39, 320, 23671 }, // U+00FB
    { 32, 39, 534, 1, 38, 312, 23991 }, // U+00FC
    { 29, 51, 463, 0, 39, 370, 24303 }, // U+00FD
    { 30, 50, 516, 0, 38, 375, 24673 }, // U+00FE
    { 29, 50, 463, 0, 38, 363, 25048 }, // U+00FF
    { 48, 38, 815, 2, 37, 456, 0 }, // U+0152
    { 43, 29, 749, 2, 28, 312, 456 }, // U+0153
    { 27, 48, 463, 1, 47, 324, 768 }, // U+0160
    { 22, 40, 385, 1, 39, 220, 1092 }, // U+0161
    { 35, 46, 554, 0, 46, 403, 1312 }, // U+0178
    { 30, 47, 534, 2, 47, 353, 1715 }, // U+017D
    { 25, 39, 423, 0, 39, 244, 2068 }, // U+017E
    { 30, 51, 398, -1, 39, 383, 0 }, // U+0192
    { 18, 9, 348, 2, 39, 41, 0 }, // U+02C6
    { 20, 9, 381, 2, 39, 45, 41 }, // U+02DC
    { 13, 9, 0, -23, 39, 30, 0 }, // U+0300
    { 14, 9, 0, -17, 39, 32, 30 }, // U+0301
    { 19, 9, 0, -24, 39, 43, 62 }, // U+0302
    { 20, 9, 0, -26, 39, 45, 105 }, // U+0303
    { 16, 5, 0, -8, 35, 20, 150 }, // U+0304
    { 24, 3, 0, -12, 41, 18, 170 }, // U+0305
    { 16, 9, 0, -8, 39, 36, 188 }, // U+0306
    { 10, 8, 0, -5, 39, 20, 224 }, // U+0307
    { 18, 7, 0, -9, 38, 32, 244 }, // U+0308
    { 12, 13, 0, -21, 42, 39, 276 }, // U+0309
    { 12, 12, 0, -6, 41, 36, 315 }, // U+030A
    { 22, 9, 0, -11, 39, 50, 351 }, // U+030B
    { 19, 9, 0, -25, 39, 43, 401 }, // U+030C
    { 4, 9, 0, -2, 38, 9, 444 }, // U+030D
    { 12, 9, 0, -6, 38, 27, 453 }, // U+030E
    { 21, 9, 0, -28, 39, 48, 480 }, // U+030F
    { 18, 15, 0, -9, 45, 68, 528 }, // U+0310
    { 16, 9, 0, -8, 39, 36, 596 }, // U+0311
    { 10, 16, 0, -5, 36, 40, 632 }, // U+0312
    { 10, 16, 0, -5, 36, 40, 672 }, // U+0313
    { 10, 16, 0, -5, 36, 40, 712 }, // U+0314
    { 10, 16, 0, -5, 36, 40, 752 }, // U+0315
    { 14, 9, 0, -7, -3, 32, 792 }, // U+0316
    { 14, 9, 0, -7, -3, 32, 824 }, // U+0317
    { 8, 10, 0, -4, -1, 20, 856 }, // U+0318
    { 8, 10, 0, -4, -1, 20, 876 }, // U+0319
    { 14, 14, 296, 0, 38, 49, 896 }, // U+031A
    { 10, 13, 0, -5, 39, 33, 945 }, // U+031B
    { 6, 11, 0, -3, -1, 17, 978 }, // U+031C
    { 10, 9, 0, -5, -2, 23, 995 }, // U+031D
    { 10, 9, 0, -5, -2, 23, 1018 }, // U+031E
    { 10, 11, 0, -5, -1, 28, 1041 }, // U+031F
    { 12, 4, 0, -6, -4, 12, 1069 }, // U+0320
    { 11, 13, 0, -5, 3, 36, 1081 }, // U+0321
    { 10, 13, 0, -5, 3, 33, 1117 }, // U+0322
    { 10, 9, 0, -20, -2, 23, 1150 }, // U+0323
    { 18, 7, 0, -9, -2, 32, 1173 }, // U+0324
    { 12, 11, 0, -6, -1, 33, 1205 }, // U+0325
    { 8, 9, 0, -4, -3, 18, 1238 }, // U+0326
    { 12, 13, 0, -6, 1, 39, 1256 }, // U+0327
    { 12, 12, 0, -6, 0, 36, 1295 }, // U+0328
    { 4, 9, 0, -2, -2, 9, 1331 }, // U+0329
    { 18, 9, 0, -9, -3, 41, 1340 }, // U+032A
    { 16, 7, 0, -8, -3, 28, 1381 }, // U+032B
    { 18, 9, 0, -9, -2, 41, 1409 }, // U+032C
    { 18, 9, 0, -9, -2, 41, 1450 }, // U+032D
    { 17, 9, 0, -9, -2, 39, 1491 }, // U+032E
    { 17, 9, 0, -9, -2, 39, 1530 }, // U+032F
    { 20, 9, 0, -10, -2, 45, 1569 }, // U+0330
    { 16, 5, 0, -8, -4, 20, 1614 }, // U+0331
    { 22, 5, 0, -11, -4, 28, 1634 }, // U+0332
    { 22, 9, 0, -11, -2, 50, 1662 }, // U+0333
    { 20, 9, 0, -10, 19, 45, 1712 }, // U+0334
    { 20, 5, 0, -10, 17, 25, 1757 }, // U+0335
    { 34, 5, 0, -17, 17, 43, 1782 }, // U+0336
    { 20, 14, 0, -10, 21, 70, 1825 }, // U+0337
    { 21, 44, 0, -11, 39, 231, 1895 }, // U+0338
    { 6, 11, 0, -3, -1, 17, 2126 }, // U+0339
    { 18, 9, 0, -9, -3, 41, 2143 }, // U+033A
    { 20, 10, 0, -10, -2, 50, 2184 }, // U+033B
    { 16, 7, 0, -8, -3, 28, 2234 }, // U+033C
    { 10, 10, 0, -5, 39, 25, 2262 }, // U+033D
    { 8, 16, 0, -4, 44, 32, 2287 }, // U+033E
    { 22, 9, 0, -11, 47, 50, 2319 }, // U+033F
    { 13, 9, 0, -8, 39, 30, 2369 }, // U+0340
    { 13, 9, 0, -5, 39, 30, 2399 }, // U+0341
    { 20, 9, 0, -10, 39, 45, 2429 }, // U+0342
    { 8, 11, 0, -4, 41, 22, 2474 }, // U+0343
    { 21, 11, 0, -10, 40, 58, 2496 }, // U+0344
    { 10, 9, 0, 3, -3, 23, 2554 }, // U+0345
    { 18, 9, 0, -9, 39, 41, 2577 }, // U+0346
    { 22, 9, 0, -11, -2, 50, 2618 }, // U+0347
    { 12, 9, 0, -6, -3, 27, 2668 }, // U+0348
    { 10, 9, 0, -5, -3, 23, 2695 }, // U+0349
    { 20, 12, 0, -10, 40, 60, 2718 }, // U+034A
    { 20, 21, 0, -10, 49, 105, 2778 }, // U+034B
    { 20, 18, 0, -10, 47, 90, 2883 }, // U+034C
    { 16, 10, 0, -8, -1, 40, 2973 }, // U+034D
    { 10, 11, 0, -5, -1, 28, 3013 }, // U+034E
    { 36, 36, 0, -18, 36, 324, 3041 }, // U+034F
    { 10, 11, 0, -5, 39, 28, 3365 }, // U+0350
    { 6, 12, 0, -3, 41, 18, 3393 }, // U+0351
    { 18, 15, 0, -9, 44, 68, 3411 }, // U+0352
    { 10, 10, 0, -5, -2, 25, 3479 }, // U+0353
    { 10, 11, 0, -5, -1, 28, 3504 }, // U+0354
    { 10, 11, 0, -5, -1, 28, 3532 }, // U+0355
    { 20, 10, 0, -10, -2, 50, 3560 }, // U+0356
    { 6, 12, 0, -3, 41, 18, 3610 }, // U+0357
    { 9, 8, 0, 4, 39, 18, 3628 }, // U+0358
    { 14, 11, 0, -7, -1, 39, 3646 }, // U+0359
    { 18, 10, 0, -9, -2, 45, 3685 }, // U+035A
    { 10, 11, 0, -5, 40, 28, 3730 }, // U+035B
    { 38, 10, 0, -19, -1, 95, 3758 }, // U+035C
    { 38, 10, 0, -19, 39, 95, 3853 }, // U+035D
    { 30, 4, 0, -15, 35, 30, 3948 }, // U+035E
    { 30, 4, 0, -15, -4, 30, 3978 }, // U+035F
    { 42, 8, 0, -21, 39, 84, 4008 }, // U+0360
    { 42, 10, 0, -21, 42, 105, 4092 }, // U+0361
    { 30, 10, 0, -15, -1, 75, 4197 }, // U+0362
    { 13, 12, 0, -6, 42, 39, 4272 }, // U+0363
    { 11, 12, 0, -5, 42, 33, 4311 }, // U+0364
    { 9, 16, 0, -4, 47, 36, 4344 }, // U+0365
    { 13, 12, 0, -6, 42, 39, 4380 }, // U+0366
    { 15, 12, 0, -7, 42, 45, 4419 }, // U+0367
    { 11, 12, 0, -5, 42, 33, 4464 }, // U+0368
    { 14, 17, 0, -6, 47, 60, 4497 }, // U+0369
    { 15, 16, 0, -7, 47, 60, 4557 }, // U+036A
    { 22, 11, 0, -11, 42, 61, 4617 }, // U+036B
    { 12, 11, 0, -5, 42, 33, 4678 }, // U+036C
    { 9, 15, 0, -4, 45, 34, 4711 }, // U+036D
    { 15, 11, 0, -7, 42, 42, 4745 }, // U+036E
    { 15, 11, 0, -7, 42, 42, 4787 }, // U+036F
    { 0, 0, 400, 0, 0, 0, 0 }, // U+2000
    { 0, 0, 800, 0, 0, 0, 0 }, // U+2001
    { 0, 0, 400, 0, 0, 0, 0 }, // U+2002
    { 0, 0, 800, 0, 0, 0, 0 }, // U+2003
    { 0, 0, 266, 0, 0, 0, 0 }, // U+2004
    { 0, 0, 200, 0, 0, 0, 0 }, // U+2005
    { 0, 0, 134, 0, 0, 0, 0 }, // U+2006
    { 0, 0, 452, 0, 0, 0, 0 }, // U+2007
    { 0, 0, 235, 0, 0, 0, 0 }, // U+2008
    { 0, 0, 133, 0, 0, 0, 0 }, // U+2009
    { 0, 0, 80, 0, 0, 0, 0 }, // U+200A
    { 0, 0, 0, 0, 0, 0, 0 }, // U+200B
    { 4, 39, 0, -2, 32, 39, 0 }, // U+200C
    { 12, 42, 0, -6, 35, 126, 39 }, // U+200D
    { 12, 42, 0, -1, 35, 126, 165 }, // U+200E
    { 12, 42, 0, -11, 35, 126, 291 }, // U+200F
    { 14, 6, 248, 1, 17, 21, 417 }, // U+2010
    { 14, 6, 248, 1, 17, 21, 438 }, // U+2011
    { 24, 4, 452, 2, 20, 24, 459 }, // U+2012
    { 27, 5, 400, -1, 16, 34, 483 }, // U+2013
    { 52, 5, 800, -1, 16, 65, 517 }, // U+2014
    { 52, 4, 800, -1, 15, 52, 582 }, // U+2015
    { 14, 50, 447, 7, 38, 175, 634 }, // U+2016
    { 22, 10, 329, -1, -1, 55, 809 }, // U+2017
    { 10, 16, 224, 2, 36, 40, 864 }, // U+2018
    { 10, 16, 224, 2, 36, 40, 904 }, // U+2019
    { 10, 16, 235, 2, 8, 40, 944 }, // U+201A
    { 10, 16, 224, 2, 36, 40, 984 }, // U+201B
    { 21, 16, 391, 2, 36, 84, 1024 }, // U+201C
    { 20, 16, 391, 2, 36, 80, 1108 }, // U+201D
    { 20, 16, 391, 2, 8, 80, 1188 }, // U+201E
    { 21, 16, 391, 2, 36, 84, 1268 }, // U+201F
    { 22, 44, 382, 1, 38, 242, 1352 }, // U+2020
    { 22, 44, 382, 1, 38, 242, 1594 }, // U+2021
    { 16, 17, 320, 2, 26, 68, 1836 }, // U+2022
    { 16, 17, 400, 5, 26, 68, 1904 }, // U+2023
    { 9, 9, 235, 3, 22, 21, 1972 }, // U+2024
    { 23, 9, 461, 3, 22, 52, 1993 }, // U+2025
    { 40, 9, 730, 3, 8, 90, 2045 }, // U+2026
    { 9, 9, 235, 3, 19, 21, 2135 }, // U+2027
    { 0, 0, 480, 0, 0, 0, 2156 }, // U+2028
    { 0, 0, 480, 0, 0, 0, 2156 }, // U+2029
    { 12, 38, 0, -1, 31, 114, 2156 }, // U+202A
    { 12, 38, 0, -11, 31, 114, 2270 }, // U+202B
    { 12, 42, 0, -6, 35, 126, 2384 }, // U+202C
    { 12, 42, 0, -6, 35, 126, 2510 }, // U+202D
    { 12, 42, 0, -6, 35, 126, 2636 }, // U+202E
    { 0, 0, 133, 0, 0, 0, 2762 }, // U+202F
    { 63, 38, 1048, 1, 37, 599, 2762 }, // U+2030
    { 84, 38, 1384, 1, 37, 798, 3361 }, // U+2031
    { 11, 13, 201, 1, 36, 36, 4159 }, // U+2032
    { 23, 13, 393, 1, 36, 75, 4195 }, // U+2033
    { 35, 13, 585, 1, 36, 114, 4270 }, // U+2034
    { 11, 13, 201, 1, 36, 36, 4384 }, // U+2035
    { 23, 13, 393, 1, 36, 75, 4420 }, // U+2036
    { 35, 13, 585, 1, 36, 114, 4495 }, // U+2037
    { 20, 15, 352, 1, 3, 75, 4609 }, // U+2038
    { 12, 21, 282, 3, 24, 63, 4684 }, // U+2039
    { 12, 21, 282, 3, 24, 63, 4747 }, // U+203A
    { 35, 36, 655, 3, 36, 315, 4810 }, // U+203B
    { 22, 37, 503, 5, 36, 204, 5125 }, // U+203C
    { 28, 38, 493, 1, 37, 266, 5329 }, // U+203D
    { 25, 3, 367, -1, 41, 19, 5595 }, // U+203E
    { 38, 10, 0, -19, -1, 95, 5614 }, // U+203F
    { 42, 10, 0, -21, 42, 105, 5709 }, // U+2040
    { 23, 36, 360, 0, 36, 207, 5814 }, // U+2041
    { 48, 38, 800, 1, 38, 456, 6021 }, // U+2042
    { 14, 9, 290, 2, 22, 32, 6477 }, // U+2043
    { 23, 36, 50, -10, 36, 207, 6509 }, // U+2044
    { 14, 45, 332, 5, 38, 158, 6716 }, // U+2045
    { 15, 45, 332, 1, 38, 169, 6874 }, // U+2046
    { 50, 38, 853, 1, 37, 475, 7043 }, // U+2047
    { 36, 38, 675, 1, 37, 342, 7518 }, // U+2048
    { 35, 38, 679, 5, 37, 333, 7860 }, // U+2049
    { 25, 38, 488, 2, 29, 238, 8193 }, // U+204A
    { 28, 44, 502, 2, 38, 308, 8431 }, // U+204B
    { 27, 19, 494, 2, 28, 129, 8739 }, // U+204C
    { 27, 19, 494, 2, 28, 129, 8868 }, // U+204D
    { 23, 21, 402, 1, 29, 121, 8997 }, // U+204E
    { 10, 36, 243, 3, 28, 90, 9118 }, // U+204F
    { 35, 38, 616, 2, 37, 333, 9208 }, // U+2050
    { 23, 42, 402, 1, 39, 242, 9541 }, // U+2051
    { 19, 37, 322, 1, 36, 176, 9783 }, // U+2052
    { 25, 10, 447, 2, 23, 63, 9959 }, // U+2053
    { 38, 10, 0, -19, -1, 95, 10022 }, // U+2054
    { 23, 24, 432, 2, 30, 138, 10117 }, // U+2055
    { 25, 29, 504, 3, 28, 182, 10255 }, // U+2056
    { 47, 13, 776, 1, 36, 153, 10437 }, // U+2057
    { 32, 29, 612, 3, 28, 232, 10590 }, // U+2058
    { 32, 29, 612, 3, 28, 232, 10822 }, // U+2059
    { 9, 38, 243, 3, 37, 86, 11054 }, // U+205A
    { 32, 38, 612, 3, 37, 304, 11140 }, // U+205B
    { 27, 27, 558, 4, 27, 183, 11444 }, // U+205C
    { 9, 38, 243, 3, 37, 86, 11627 }, // U+205D
    { 9, 38, 243, 3, 37, 86, 11713 }, // U+205E
    { 0, 0, 178, 0, 0, 0, 11799 }, // U+205F
    { 0, 0, 480, 0, 0, 0, 11799 }, // U+2060
    { 0, 0, 480, 0, 0, 0, 11799 }, // U+2061
    { 0, 0, 480, 0, 0, 0, 11799 }, // U+2062
    { 0, 0, 480, 0, 0, 0, 11799 }, // U+2063
    { 0, 0, 480, 0, 0, 0, 11799 }, // U+2064
    { 0, 0, 0, 0, 0, 0, 11799 }, // U+2066
    { 0, 0, 0, 0, 0, 0, 11799 }, // U+2067
    { 0, 0, 0, 0, 0, 0, 11799 }, // U+2068
    { 0, 0, 0, 0, 0, 0, 11799 }, // U+2069
    { 12, 42, 0, -6, 35, 126, 11799 }, // U+206A
    { 12, 42, 0, -6, 35, 126, 11925 }, // U+206B
    { 12, 42, 0, -6, 35, 126, 12051 }, // U+206C
    { 12, 42, 0, -6, 35, 126, 12177 }, // U+206D
    { 12, 42, 0, -6, 35, 126, 12303 }, // U+206E
    { 12, 42, 0, -6, 35, 126, 12429 }, // U+206F
    { 18, 23, 320, 1, 42, 104, 0 }, // U+2070
    { 11, 24, 183, 0, 38, 66, 104 }, // U+2071
    { 20, 22, 320, 0, 41, 110, 170 }, // U+2074
    { 17, 22, 320, 1, 41, 94, 280 }, // U+2075
    { 16, 23, 320, 2, 42, 92, 374 }, // U+2076
    { 17, 22, 320, 1, 41, 94, 466 }, // U+2077
    { 18, 23, 320, 1, 42, 104, 560 }, // U+2078
    { 16, 23, 320, 2, 42, 92, 664 }, // U+2079
    { 18, 18, 320, 1, 38, 81, 756 }, // U+207A
    { 18, 4, 320, 1, 31, 18, 837 }, // U+207B
    { 18, 12, 320, 1, 35, 54, 855 }, // U+207C
    { 11, 31, 200, 3, 45, 86, 909 }, // U+207D
    { 12, 31, 200, -2, 45, 93, 995 }, // U+207E
    { 21, 17, 347, 0, 31, 90, 1088 }, // U+207F
    { 18, 23, 320, 1, 18, 104, 1178 }, // U+2080
    { 16, 22, 320, 2, 17, 88, 1282 }, // U+2081
    { 17, 23, 320, 1, 18, 98, 1370 }, // U+2082
    { 17, 23, 320, 1, 18, 98, 1468 }, // U+2083
    { 20, 22, 320, 0, 17, 110, 1566 }, // U+2084
    { 17, 22, 320, 1, 17, 94, 1676 }, // U+2085
    { 16, 23, 320, 2, 18, 92, 1770 }, // U+2086
    { 17, 22, 320, 1, 17, 94, 1862 }, // U+2087
    { 18, 23, 320, 1, 18, 104, 1956 }, // U+2088
    { 16, 23, 320, 2, 18, 92, 2060 }, // U+2089
    { 18, 18, 320, 1, 14, 81, 2152 }, // U+208A
    { 18, 4, 320, 1, 7, 18, 2233 }, // U+208B
    { 18, 12, 320, 1, 11, 54, 2251 }, // U+208C
    { 11, 31, 200, 3, 21, 86, 2305 }, // U+208D
    { 12, 31, 200, -2, 21, 93, 2391 }, // U+208E
    { 18, 18, 312, 1, 12, 81, 2484 }, // U+2090
    { 17, 18, 298, 1, 12, 77, 2565 }, // U+2091
    { 18, 18, 319, 1, 12, 81, 2642 }, // U+2092
    { 21, 17, 336, 0, 12, 90, 2723 }, // U+2093
    { 17, 18, 298, 1, 12, 77, 2813 }, // U+2094
    { 21, 23, 347, 0, 18, 121, 2890 }, // U+2095
    { 21, 23, 331, 0, 18, 121, 3011 }, // U+2096
    { 11, 23, 183, 0, 18, 64, 3132 }, // U+2097
    { 32, 17, 513, 0, 12, 136, 3196 }, // U+2098
    { 21, 17, 347, 0, 12, 90, 3332 }, // U+2099
    { 20, 24, 335, 0, 12, 120, 3422 }, // U+209A
    { 14, 18, 250, 1, 12, 63, 3542 }, // U+209B
    { 13, 21, 211, 0, 15, 69, 3605 }, // U+209C
    { 36, 37, 616, 1, 37, 333, 0 }, // U+20A0
    { 30, 41, 535, 2, 38, 308, 333 }, // U+20A1
    { 30, 38, 535, 2, 37, 285, 641 }, // U+20A2
    { 26, 36, 452, 1, 36, 234, 926 }, // U+20A3
    { 26, 38, 452, 1, 37, 247, 1160 }, // U+20A4
    { 48, 41, 789, 1, 34, 492, 1407 }, // U+20A5
    { 39, 36, 630, 0, 36, 351, 1899 }, // U+20A6
    { 43, 37, 720, 1, 36, 398, 2250 }, // U+20A7
    { 55, 37, 922, 1, 36, 509, 2648 }, // U+20A8
    { 55, 36, 854, -1, 36, 495, 3157 }, // U+20A9
    { 38, 30, 714, 3, 30, 285, 3652 }, // U+20AA
    { 30, 46, 519, 2, 38, 345, 3937 }, // U+20AB
    { 27, 38, 447, 1, 37, 257, 4282 }, // U+20AC
    { 37, 36, 587, 0, 36, 333, 4539 }, // U+20AD
    { 33, 36, 522, 0, 36, 297, 4872 }, // U+20AE
    { 54, 51, 886, 1, 41, 689, 5169 }, // U+20AF
    { 29, 49, 509, 0, 37, 356, 5858 }, // U+20B0
    { 32, 36, 510, 0, 36, 288, 6214 }, // U+20B1
    { 35, 43, 616, 2, 39, 377, 6502 }, // U+20B2
    { 37, 36, 602, 0, 36, 333, 6879 }, // U+20B3
    { 30, 38, 463, -1, 37, 285, 7212 }, // U+20B4
    { 30, 43, 535, 2, 39, 323, 7497 }, // U+20B5
    { 29, 37, 474, 0, 36, 269, 7820 }, // U+20B6
    { 26, 42, 452, 1, 37, 273, 8089 }, // U+20B7
    { 27, 36, 452, 1, 36, 243, 8362 }, // U+20B8
    { 24, 36, 447, 2, 36, 216, 8605 }, // U+20B9
    { 28, 36, 452, 0, 36, 252, 8821 }, // U+20BA
    { 30, 38, 522, 1, 37, 285, 9073 }, // U+20BB
    { 33, 34, 629, 3, 34, 281, 9358 }, // U+20BC
    { 28, 36, 472, 1, 36, 252, 9639 }, // U+20BD
    { 31, 38, 560, 2, 38, 295, 9891 }, // U+20BE
    { 26, 43, 452, 1, 39, 280, 10186 }, // U+20BF
    { 24, 37, 422, 1, 28, 222, 10466 }, // U+20C0
    { 38, 37, 615, 0, 36, 352, 0 }, // U+2100
    { 39, 37, 626, 0, 36, 361, 352 }, // U+2101
    { 28, 38, 506, 2, 37, 266, 713 }, // U+2102
    { 48, 38, 800, 1, 37, 456, 979 }, // U+2103
    { 34, 36, 572, 1, 36, 306, 1435 }, // U+2104
    { 38, 37, 650, 1, 36, 352, 1741 }, // U+2105
    { 41, 37, 686, 1, 36, 380, 2093 }, // U+2106
    { 28, 38, 494, 1, 37, 266, 2473 }, // U+2107
    { 31, 38, 546, 1, 37, 295, 2739 }, // U+2108
    { 46, 37, 765, 1, 37, 426, 3034 }, // U+2109
    { 35, 40, 464, -5, 20, 350, 3460 }, // U+210A
    { 56, 39, 846, -1, 38, 546, 3810 }, // U+210B
    { 35, 43, 587, 0, 36, 377, 4356 }, // U+210C
    { 30, 36, 622, 4, 36, 270, 4733 }, // U+210D
    { 32, 39, 539, 1, 38, 312, 5003 }, // U+210E
    { 32, 39, 539, 1, 38, 312, 5315 }, // U+210F
    { 40, 38, 594, -1, 37, 380, 5627 }, // U+2110
    { 26, 37, 447, 1, 36, 241, 6007 }, // U+2111
    { 41, 38, 666, 0, 37, 390, 6248 }, // U+2112
    { 24, 38, 447, 1, 37, 228, 6638 }, // U+2113
    { 30, 38, 505, 1, 37, 285, 6866 }, // U+2114
    { 31, 36, 622, 4, 36, 279, 7151 }, // U+2115
    { 50, 36, 821, 1, 36, 450, 7430 }, // U+2116
    { 38, 38, 676, 2, 37, 361, 7880 }, // U+2117
    { 38, 46, 669, 2, 33, 437, 8241 }, // U+2118
    { 27, 36, 524, 4, 36, 243, 8678 }, // U+2119
    { 36, 46, 625, 3, 37, 414, 8921 }, // U+211A
    { 45, 38, 698, -1, 37, 428, 9335 }, // U+211B
    { 42, 38, 679, 1, 37, 399, 9763 }, // U+211C
    { 31, 36, 571, 4, 36, 279, 10162 }, // U+211D
    { 38, 36, 636, 1, 36, 342, 10441 }, // U+211E
    { 35, 52, 566, 1, 45, 455, 10783 }, // U+211F
    { 38, 20, 668, 2, 37, 190, 11238 }, // U+2120
    { 46, 18, 777, 1, 36, 207, 11428 }, // U+2121
    { 39, 18, 668, 1, 36, 176, 11635 }, // U+2122
    { 35, 52, 558, 0, 45, 455, 11811 }, // U+2123
    { 29, 36, 504, 1, 36, 261, 12266 }, // U+2124
    { 28, 48, 474, 0, 36, 336, 12527 }, // U+2125
    { 37, 37, 647, 1, 37, 343, 12863 }, // U+2126
    { 37, 37, 647, 2, 36, 343, 13206 }, // U+2127
    { 27, 45, 469, 0, 39, 304, 13549 }, // U+2128
    { 15, 29, 301, 1, 37, 109, 13853 }, // U+2129
    { 36, 36, 587, 1, 36, 324, 13962 }, // U+212A
    { 38, 44, 602, 0, 44, 418, 14286 }, // U+212B
    { 42, 38, 670, 0, 37, 399, 14704 }, // U+212C
    { 29, 38, 538, 3, 37, 276, 15103 }, // U+212D
    { 27, 28, 495, 2, 27, 189, 15379 }, // U+212E
    { 22, 22, 370, 1, 21, 121, 15568 }, // U+212F
    { 30, 38, 482, 1, 37, 285, 15689 }, // U+2130
    { 44, 38, 659, -1, 37, 418, 15974 }, // U+2131
    { 29, 36, 497, 1, 36, 261, 16392 }, // U+2132
    { 59, 38, 924, -1, 37, 561, 16653 }, // U+2133
    { 23, 22, 384, 1, 21, 127, 17214 }, // U+2134
    { 27, 34, 487, 2, 33, 230, 17341 }, // U+2135
    { 25, 33, 439, 1, 33, 207, 17571 }, // U+2136
    { 20, 34, 343, 0, 33, 170, 17778 }, // U+2137
    { 24, 34, 409, 0, 33, 204, 17948 }, // U+2138
    { 17, 39, 282, 0, 39, 166, 18152 }, // U+2139
    { 49, 34, 834, 2, 35, 417, 18318 }, // U+213A
    { 48, 18, 822, 2, 36, 216, 18735 }, // U+213B
    { 37, 28, 622, 2, 27, 259, 18951 }, // U+213C
    { 26, 39, 434, 0, 27, 254, 19210 }, // U+213D
    { 23, 36, 442, 4, 36, 207, 19464 }, // U+213E
    { 30, 36, 666, 4, 36, 270, 19671 }, // U+213F
    { 30, 48, 496, 1, 36, 360, 19941 }, // U+2140
    { 30, 38, 579, 4, 37, 285, 20301 }, // U+2141
    { 23, 36, 446, 1, 36, 207, 20586 }, // U+2142
    { 23, 36, 446, 1, 36, 207, 20793 }, // U+2143
    { 32, 36, 498, 0, 36, 288, 21000 }, // U+2144
    { 35, 36, 584, 1, 36, 315, 21288 }, // U+2145
    { 33, 39, 463, 0, 38, 322, 21603 }, // U+2146
    { 25, 29, 399, 0, 28, 182, 21925 }, // U+2147
    { 17, 39, 274, 1, 39, 166, 22107 }, // U+2148
    { 26, 51, 274, -8, 39, 332, 22273 }, // U+2149
    { 39, 40, 658, 1, 40, 390, 22605 }, // U+214A
    { 38, 38, 641, 0, 37, 361, 22995 }, // U+214B
    { 30, 38, 524, 2, 37, 285, 23356 }, // U+214C
    { 38, 37, 625, 0, 36, 352, 23641 }, // U+214D
    { 25, 27, 410, 1, 27, 169, 23993 }, // U+214E
    { 56, 29, 861, -1, 28, 406, 24162 }, // U+214F
    { 42, 36, 737, 2, 36, 378, 24568 }, // U+2150
    { 41, 36, 705, 2, 36, 369, 24946 }, // U+2151
    { 57, 36, 949, 2, 36, 513, 25315 }, // U+2152
    { 39, 36, 690, 2, 36, 351, 25828 }, // U+2153
    { 40, 37, 690, 1, 37, 370, 26179 }, // U+2154
    { 41, 36, 713, 2, 36, 369, 26549 }, // U+2155
    { 42, 37, 718, 1, 37, 389, 26918 }, // U+2156
    { 41, 37, 689, 1, 37, 380, 27307 }, // U+2157
    { 44, 36, 730, 0, 36, 396, 27687 }, // U+2158
    { 39, 36, 686, 2, 36, 351, 28083 }, // U+2159
    { 39, 36, 659, 1, 36, 351, 28434 }, // U+215A
    { 40, 36, 672, 1, 36, 360, 28785 }, // U+215B
    { 41, 37, 672, 1, 37, 380, 29145 }, // U+215C
    { 41, 36, 672, 1, 36, 369, 29525 }, // U+215D
    { 40, 36, 672, 2, 36, 360, 29894 }, // U+215E
    { 32, 36, 391, 2, 36, 288, 30254 }, // U+215F
    { 29, 38, 535, 2, 37, 276, 30542 }, // U+2183
    { 23, 29, 422, 1, 28, 167, 30818 }, // U+2184
    { 40, 37, 675, 1, 37, 370, 30985 }, // U+2189
    { 23, 5, 458, 3, 20, 29, 0 }, // U+2212
    { 42, 39, 610, 0, 39, 410, 0 }, // U+FB00
    { 36, 39, 575, 0, 39, 351, 410 }, // U+FB01
    { 36, 39, 575, 0, 39, 351, 761 }, // U+FB02
    { 53, 39, 859, 0, 39, 517, 1112 }, // U+FB03
    { 53, 39, 859, 0, 39, 517, 1629 }, // U+FB04
    { 37, 40, 602, 0, 39, 370, 2146 }, // U+FB05
    { 42, 40, 695, 1, 39, 420, 2516 }, // U+FB06
    { 46, 46, 800, 2, 38, 529, 0 }, // U+FFFD
};

static const EpdUnicodeInterval notoserif_en_24_boldIntervals[] = {
    { 0x20, 0x7E, 0x0 },
    { 0xA0, 0xFF, 0x5F },
    { 0x152, 0x153, 0xBF },
    { 0x160, 0x161, 0xC1 },
    { 0x178, 0x178, 0xC3 },
    { 0x17D, 0x17E, 0xC4 },
    { 0x192, 0x192, 0xC6 },
    { 0x2C6, 0x2C6, 0xC7 },
    { 0x2DC, 0x2DC, 0xC8 },
    { 0x300, 0x36F, 0xC9 },
    { 0x2000, 0x2064, 0x139 },
    { 0x2066, 0x2071, 0x19E },
    { 0x2074, 0x208E, 0x1AA },
    { 0x2090, 0x209C, 0x1C5 },
    { 0x20A0, 0x20C0, 0x1D2 },
    { 0x2100, 0x215F, 0x1F3 },
    { 0x2183, 0x2184, 0x253 },
    { 0x2189, 0x2189, 0x255 },
    { 0x2212, 0x2212, 0x256 },
    { 0xFB00, 0xFB06, 0x257 },
    { 0xFFFD, 0xFFFD, 0x25E },
};

static const EpdFontGroup notoserif_en_24_boldGroups[] = {
    { 0, 6774, 22554, 95, 0 },
    { 6774, 5657, 26786, 96, 95 },
    { 12431, 888, 2414, 7, 191 },
    { 13319, 119, 408, 1, 198 },
    { 13438, 84, 90, 2, 199 },
    { 13522, 2275, 5237, 112, 201 },
    { 15797, 3696, 13074, 111, 313 },
    { 19493, 1260, 4013, 42, 424 },
    { 20753, 3825, 11170, 33, 466 },
    { 24578, 12206, 32695, 99, 499 },
    { 36784, 12, 30, 1, 598 },
    { 36796, 696, 3063, 7, 599 },
    { 37492, 207, 552, 1, 606 },
};

static const uint16_t notoserif_en_24_boldKernLeftCodepoints[] = {
    0x0022, 0x0026, 0x0027, 0x002A, 0x002C, 0x002E, 0x0040, 0x0041, 0x0042, 0x0044, 0x0045, 0x0046,
    0x0047, 0x004B, 0x004C, 0x004E, 0x004F, 0x0050, 0x0051, 0x0052, 0x0053, 0x0054, 0x0055, 0x0056,
    0x0057, 0x0058, 0x0059, 0x0061, 0x0062, 0x0065, 0x0066, 0x0067, 0x0068, 0x006B, 0x006D, 0x006E,
    0x006F, 0x0070, 0x0072, 0x0073, 0x0076, 0x0077, 0x0079, 0x00A1, 0x00BF, 0x00C0, 0x00C1, 0x00C2,
    0x00C3, 0x00C4, 0x00C5, 0x00C6, 0x00C8, 0x00C9, 0x00CA, 0x00CB, 0x00D0, 0x00D1, 0x00D2, 0x00D3,
    0x00D4, 0x00D5, 0x00D6, 0x00D8, 0x00D9, 0x00DA, 0x00DB, 0x00DC, 0x00DD, 0x00DE, 0x00DF, 0x00E0,
    0x00E1, 0x00E2, 0x00E3, 0x00E4, 0x00E5, 0x00E6, 0x00E8, 0x00E9, 0x00EA, 0x00EB, 0x00F0, 0x00F1,
    0x00F2, 0x00F3, 0x00F4, 0x00F5, 0x00F6, 0x00F8, 0x00FD, 0x00FE, 0x00FF, 0x0152, 0x0153, 0x0160,
    0x0161, 0x0178, 0x2018, 0x2019, 0x201A, 0x201C, 0x201D, 0x201E, 0x2026, 0x207D, 0x208D, 0x214E,
    0xFB00,
};

static const uint8_t notoserif_en_24_boldKernLeftClassIds[] = {
      1,   2,   1,   3,   4,   4,   5,   6,   7,   8,   9,  10,  11,  12,  13,  14,
      8,   3,   8,  15,  16,  17,  18,  19,  20,  21,  22,  23,  24,  25,  26,  27,
     23,  28,  23,  23,  24,  24,  29,  30,  31,  32,  33,  34,  35,  36,  36,  36,
     36,  36,  36,   9,   9,   9,   9,   9,   8,  14,   8,   8,   8,   8,   8,   8,
     18,  18,  18,  18,  22,   8,  24,  23,  23,  23,  23,  23,  23,  25,  25,  25,
     25,  25,  24,  23,  24,  24,  24,  24,  24,  24,  33,  24,  33,   9,  25,  16,
     30,  22,  37,  38,   4,  37,  38,   4,   4,  39,  40,  41,  26,
};

static const uint16_t notoserif_en_24_boldKernRightCodepoints[] = {
    0x0022, 0x0026, 0x0027, 0x0029, 0x002A, 0x002C, 0x002E, 0x003F, 0x0040, 0x0041, 0x0043, 0x0047,
    0x004F, 0x0051, 0x0053, 0x0054, 0x0055, 0x0056, 0x0057, 0x0058, 0x0059, 0x005A, 0x005D, 0x0061,
    0x0063, 0x0064, 0x0065, 0x0067, 0x006F, 0x0071, 0x0073, 0x0075, 0x0076, 0x0077, 0x0079, 0x007A,
    0x007D, 0x00AB, 0x00B7, 0x00BB, 0x00C0, 0x00C1, 0x00C2, 0x00C3, 0x00C4, 0x00C5, 0x00C6, 0x00C7,
    0x00D2, 0x00D3, 0x00D4, 0x00D5, 0x00D6, 0x00D8, 0x00D9, 0x00DA, 0x00DB, 0x00DC, 0x00DD, 0x00E0,
    0x00E1, 0x00E2, 0x00E3, 0x00E4, 0x00E5, 0x00E6, 0x00E7, 0x00E8, 0x00E9, 0x00EA, 0x00EB, 0x00EC,
    0x00EE, 0x00EF, 0x00F0, 0x00F2, 0x00F3, 0x00F4, 0x00F5, 0x00F6, 0x00F8, 0x00F9, 0x00FA, 0x00FB,
    0x00FC, 0x00FD, 0x00FF, 0x0152, 0x0153, 0x0160, 0x0161, 0x0178, 0x017D, 0x017E, 0x2018, 0x2019,
    0x201A, 0x201C, 0x201D, 0x201E, 0x2026, 0x2039, 0x203A, 0x207E, 0x208E, 0x2122, 0x2126,
};

static const uint8_t notoserif_en_24_boldKernRightClassIds[] = {
      1,   2,   1,   3,   4,   5,   6,   7,   8,   9,  10,  10,  10,  10,  11,   7,
     12,  13,  14,  15,  16,  17,   3,  18,  19,  19,  19,  20,  19,  19,  21,  22,
     23,  24,  25,  26,   3,  27,  28,  27,   9,   9,   9,   9,   9,   9,  29,  10,
     10,  10,  10,  10,  10,  10,  12,  12,  12,  12,  16,  18,  18,  18,  18,  18,
     18,  18,  19,  19,  19,  19,  19,  30,  30,  30,  19,  19,  19,  19,  19,  19,
     19,  22,  22,  22,  22,  25,  25,  10,  19,  11,  21,  16,  17,  26,  31,   4,
      6,  31,   4,   6,   6,  27,  27,  32,  33,   4,  34,
};

static const uint16_t notoserif_en_24_boldKernRowOffsets[] = {
        0,     4,     8,    13,    22,    24,    39,    50,    59,    62,    71,    76,    82,    93,    94,   104,
      113,   125,   130,   141,   152,   156,   169,   171,   175,   178,   182,   183,   185,   189,   190,   193,
      196,   199,   202,   206,   221,   223,   229,   230,   231,   235,
};

static const uint8_t notoserif_en_24_boldKernSparseCols[] = {
      8,  18,  19,  28,   6,  12,  13,  15,   1,   4,   5,   8,  28,   6,   9,  11,
     12,  13,  15,  22,  23,  24,   8,  15,   0,   3,   6,   9,  11,  12,  13,  15,
     18,  19,  21,  22,  23,  24,  30,   3,   6,   8,  12,  13,  14,  15,  16,  23,
     24,  28,   4,   5,   6,   8,  12,  13,  14,  15,  28,  12,  13,  15,   1,   4,
      5,   7,   8,  17,  18,  19,  28,   6,  12,  13,  15,  28,   9,  18,  19,  21,
     23,  24,   0,   3,   6,  12,  13,  15,  22,  23,  24,  27,  30,  26,   3,   6,
      9,  11,  12,  13,  15,  22,  23,  24,   6,   8,  12,  13,  14,  15,  23,  24,
     28,   1,   4,   5,   7,   8,   9,  17,  18,  19,  20,  28,  33,   4,   5,   7,
      8,  28,   1,   4,   5,   7,   8,   9,  17,  18,  19,  20,  28,   4,   5,   7,
      8,   9,  17,  18,  19,  20,  25,  28,   9,  10,  23,  24,   1,   4,   5,   7,
      8,   9,  10,  17,  18,  19,  20,  25,  28,   0,  24,  12,  13,  15,  24,  12,
     13,  15,   0,   2,   3,  29,  13,  18,  19,   3,   4,   5,  17,  15,   4,   5,
      8,   4,   5,   8,   4,   5,   8,  12,  13,  15,   6,  12,  13,  15,   0,   3,
      6,   9,  11,  12,  13,  15,  18,  19,  21,  22,  23,  24,  30,   8,  28,   8,
      9,  17,  18,  19,  20,  31,  32,   8,  17,  18,  19,
};

static const int8_t notoserif_en_24_boldKernSparseValues[] = {
     -64,  -16,  -48,  -96,  -24,  -32,  -32,  -24,   -8,  -96,  -96,  -40,  -64,  -72,  -16,  -16,
     -88,  -72,  -64,  -56,  -48,  -40,  -24,   -8,  -64,  -56,  -48,  -16,  -16,  -64,  -56,  -56,
     -16,  -16,  -16,  -48,  -24,  -40,  -56,  -16,  -16,  -16,  -32,  -24,  -16,  -32,  -16,   -8,
     -16,  -24,  -16,  -16,  -16,  -16,  -16,  -16,  -16,  -24,  -40,  -16,  -16,  -16,  -16,  -96,
     -96,  -32,  -56,  -32,  -32,  -32,  -88,  -16,  -16,  -16,  -16,  -16,  -16,  -16,  -16,  -16,
     -24,  -24,  -48,  -64,  -56,  -40,  -40,  -48,  -16,   -8,  -24,  -16,  -64,   -8,  -16,  -16,
     -16,   -8,  -24,  -24,  -24,   -8,   -8,  -16,  -16,  -16,  -16,  -16,  -16,  -16,   -8,  -16,
     -16,   -8,  -72,  -72,  -24,  -48,  -16,  -24,  -30,  -30,   -4,  -64,   -8,  -16,  -16,   -8,
     -16,  -32,  -24,  -88,  -88,  -40,  -64,  -16,  -48,  -48,  -48,  -32, -104,  -72,  -72,  -40,
     -56,  -16,  -51,  -48,  -48,  -40,  -24, -104,  -16,   -8,  -24,  -40,   -8,  -64,  -64,  -32,
     -56,  -24,  -16,  -48,  -56,  -56,  -48,  -16,  -72,  -32,  -16,  -48,  -48,  -56,  -16,  -48,
     -48,  -48,   64,   72,   64,   32,  -16,  -16,  -16,   24, -114, -114,  -16,  -48,  -40,  -56,
     -48,  -56,  -56,  -24,  -72,  -72,  -40,  -24,  -16,  -24,  -16,  -40,  -40,  -40,  -64,  -56,
     -48,  -16,  -16,  -64,  -56,  -56,  -16,  -16,  -16,  -40,  -24,  -40,  -56,  -56, -112,  -80,
     -16,  -24,  -32,  -32,  -40,   63,   63,  -43,  -25,  -25,  -25,
};

static const EpdLigaturePair notoserif_en_24_boldLigaturePairs[] = {
    { 0x00660066, 0xFB00 }, // f f -> U+FB00
    { 0x00660069, 0xFB01 }, // f i -> U+FB01
    { 0x0066006C, 0xFB02 }, // f l -> U+FB02
    { 0xFB000069, 0xFB03 }, // U+FB00 i -> U+FB03
    { 0xFB00006C, 0xFB04 }, // U+FB00 l -> U+FB04
};

static const EpdFontData notoserif_en_24_bold = {
    notoserif_en_24_boldBitmaps,
    notoserif_en_24_boldGlyphs,
    notoserif_en_24_boldIntervals,
    21,
    68,
    54,
    -15,
    true,
    notoserif_en_24_boldGroups,
    13,
    nullptr,
    nullptr,  // kernLeftClasses: built-in fonts use the split arrays below
    nullptr,  // kernRightClasses
    notoserif_en_24_boldKernLeftCodepoints,
    notoserif_en_24_boldKernLeftClassIds,
    notoserif_en_24_boldKernRightCodepoints,
    notoserif_en_24_boldKernRightClassIds,
    nullptr,  // kernMatrix: built-in fonts use the sparse form below
    notoserif_en_24_boldKernRowOffsets,
    notoserif_en_24_boldKernSparseCols,
    notoserif_en_24_boldKernSparseValues,
    109,
    107,
    41,
    34,
    notoserif_en_24_boldLigaturePairs,
    5,
};
