/**
 * generated by fontconvert.py
 * name: notoserif_en_22_regular
 * size: 22
 * mode: 2-bit  compressed: true
 * Command used: fontconvert.py notoserif_en_22_regular 22 ../builtinFonts/source/NotoSerif/NotoSerif-Regular.ttf --2bit --compress --pnum --zopfli --no-default-intervals --additional-intervals 0x0020,0x007E --additional-intervals 0x00A0,0x00FF --additional-intervals 0x0152,0x0153 --additional-intervals 0x0160,0x0161 --additional-intervals 0x0178,0x0178 --additional-intervals 0x017D,0x017E --additional-intervals 0x0192,0x0192 --additional-intervals 0x02C6,0x02C6 --additional-intervals 0x02DC,0x02DC --additional-intervals 0x0300,0x036F --additional-intervals 0x2000,0x206F --additional-intervals 0x2070,0x209F --additional-intervals 0x20A0,0x20CF --additional-intervals 0x2100,0x214F --additional-intervals 0x2150,0x218F --additional-intervals 0x2190,0x21FF --additional-intervals 0x2200,0x22FF --additional-intervals 0xFB00,0xFB06 --additional-intervals 0xFFFD,0xFFFD
 */
#pragma once
#include "EpdFontData.h"

static const uint8_t notoserif_en_22_regularBitmaps[32726] = {
    0xE5, 0x5B, 0x31, 0x8C, 0xE6, 0xC6, 0x75, 0x7E, 0x24, 0x75, 0x4B, 0xE4, 0x08, 0x84, 0x2E, 0x6C,
    0x1B, 0xF0, 0x01, 0x66, 0x8A, 0x34, 0x11, 0x0C, 0x4F, 0x9B, 0xC2, 0xB7, 0x43, 0x39, 0x3D, 0xA2,
    0x42, 0xEB, 0x14, 0x2A, 0x9C, 0x32, 0xB8, 0x14, 0xD7, 0xA6, 0xB8, 0x5B, 0xD2, 0x76, 0x99, 0x22,
    0x1B, 0x20, 0x4E, 0xE3, 0xE6, 0x0A, 0x17, 0xD2, 0xAA, 0x50, 0x13, 0x20, 0x2E, 0x56, 0x21, 0x2D,
    0x03, 0x49, 0x91, 0x42, 0x8C, 0x1D, 0xC3, 0xA5, 0x89, 0xE4, 0x64, 0xDB, 0x72, 0x61, 0xC6, 0xA6,
    0x62, 0x9E, 0x3D, 0xE4, 0x0B, 0xBF, 0xF7, 0x91, 0xD9, 0x5F, 0xA7, 0xB5, 0x6E, 0x15, 0xE9, 0x14,
    0x07, 0xE1, 0xFE, 0x7C, 0xDF, 0xE3, 0xCF, 0x7F, 0xDE, 0xBC, 0x79, 0xF3, 0xE6, 0xCD, 0x9B, 0x21,
    0xF7, 0xD9, 0x07, 0x7E, 0xE0, 0x9F, 0xDB, 0xFE, 0x8A, 0x9E, 0x7F, 0x79, 0xB7, 0xFD, 0xB5, 0xFB,
    0x5F, 0xD6, 0x66, 0xB5, 0xD8, 0x91, 0x75, 0x6B, 0x89, 0xB1, 0x1A, 0xFD, 0xE8, 0xFA, 0x48, 0x9E,
    0x3D, 0x5B, 0xA5, 0x74, 0x6E, 0xF0, 0x2D, 0xCE, 0xA2, 0xF7, 0x6D, 0xDE, 0xBB, 0x36, 0xEF, 0x5C,
    0x9D, 0x77, 0x45, 0x9D, 0xB7, 0x45, 0x99, 0xB5, 0x39, 0x4E, 0x49, 0x5B, 0x96, 0xFF, 0x03, 0xB9,
    0x59, 0x8A, 0xDC, 0x97, 0x62, 0xA5, 0x17, 0x46, 0x83, 0x38, 0x01, 0xF5, 0x2B, 0x9D, 0xE4, 0x58,
    0x24, 0x1A, 0x41, 0xE3, 0x41, 0xEE, 0x1B, 0xBD, 0x90, 0x4F, 0xBF, 0xF2, 0xAB, 0xF3, 0xE5, 0xE5,
    0x42, 0x55, 0x75, 0x26, 0x5D, 0xD5, 0x88, 0x46, 0x91, 0xAC, 0x5D, 0xEF, 0x4B, 0x4E, 0x5A, 0x27,
    0x2B, 0x2D, 0xEA, 0xA4, 0x5F, 0x69, 0x99, 0x76, 0x22, 0x4E, 0x40, 0xBD, 0x64, 0x2D, 0x68, 0xDE,
    0x8A, 0xE2, 0x18, 0x48, 0xCF, 0x97, 0xF3, 0xE6, 0xAD, 0x07, 0xD7, 0xA8, 0x5C, 0x56, 0xB1, 0x61,
    0xA5, 0x3D, 0xE8, 0x2A, 0x70, 0x42, 0x2B, 0x3E, 0x03, 0x22, 0xC5, 0x01, 0x75, 0x25, 0x8C, 0xA3,
    0x5A, 0x8B, 0x54, 0xAA, 0x83, 0xC4, 0x5A, 0xE4, 0x41, 0xD2, 0x50, 0x24, 0xB3, 0xE4, 0x63, 0x11,
    0xAF, 0x74, 0x28, 0x22, 0xA3, 0x12, 0x8C, 0x3E, 0x30, 0x2A, 0x92, 0x07, 0xD0, 0x54, 0x41, 0x13,
    0x55, 0x08, 0x53, 0x85, 0x34, 0xA7, 0xE3, 0xE5, 0x57, 0x95, 0x76, 0xA8, 0x4B, 0x27, 0x50, 0x37,
    0x83, 0xA6, 0x0A, 0x1A, 0xA9, 0x14, 0xEB, 0x9F, 0x96, 0xDE, 0x68, 0x55, 0x1A, 0x6D, 0x57, 0x2A,
    0xBE, 0xC5, 0x5D, 0x3F, 0x98, 0x0E, 0xA1, 0x70, 0x23, 0x84, 0x41, 0xCE, 0x5D, 0x7D, 0x64, 0x3A,
    0x6F, 0xFA, 0x5F, 0x4D, 0x3F, 0x2D, 0xEF, 0x38, 0x1A, 0xD4, 0xFC, 0xAC, 0x69, 0x0A, 0xED, 0x4E,
    0xA1, 0xF9, 0xE0, 0x5A, 0x91, 0x00, 0x49, 0x6D, 0x3E, 0x48, 0x84, 0x5F, 0xF8, 0x36, 0x1B, 0x60,
    0x32, 0x91, 0xAA, 0x4E, 0x27, 0x49, 0x7B, 0x14, 0x2D, 0xD3, 0x00, 0xFB, 0x8B, 0x68, 0x99, 0x04,
    0x29, 0x6A, 0x70, 0x92, 0xD0, 0xEA, 0xE4, 0x20, 0x8E, 0x5C, 0xD8, 0x39, 0x88, 0x63, 0x09, 0x88,
    0xA3, 0x94, 0xB4, 0x3F, 0x5A, 0x4A, 0x93, 0x9C, 0xB7, 0x5E, 0x07, 0xAB, 0xAD, 0xA8, 0xF5, 0x8F,
    0x02, 0x34, 0xE8, 0x7D, 0x1C, 0x64, 0x31, 0xAD, 0x4E, 0x93, 0x00, 0x19, 0x8B, 0x96, 0x21, 0x9D,
    0xD6, 0x92, 0xAB, 0xF6, 0xD1, 0x94, 0x8D, 0x6B, 0x49, 0x41, 0x87, 0xE6, 0x83, 0x54, 0x50, 0x27,
    0xED, 0x73, 0xC8, 0x10, 0xF8, 0xD0, 0xCE, 0x15, 0xF5, 0xCE, 0x79, 0xD9, 0xB9, 0xD3, 0x9D, 0x43,
    0xD7, 0x99, 0x14, 0x34, 0x16, 0xF2, 0x4A, 0xF3, 0x8F, 0x64, 0xAD, 0xC3, 0xC4, 0x09, 0xEA, 0x35,
    0x71, 0x12, 0xCD, 0x51, 0x30, 0x71, 0x22, 0xCD, 0xD7, 0x47, 0x88, 0xC3, 0x15, 0xAC, 0xCF, 0xE3,
    0x05, 0x02, 0x0F, 0x76, 0x2F, 0x8D, 0x1B, 0xD8, 0x07, 0x8F, 0x8E, 0xD4, 0x18, 0xDF, 0x4B, 0x03,
    0xAD, 0xA1, 0xB1, 0x6F, 0x0F, 0x19, 0x7C, 0xBF, 0x31, 0xEF, 0xBA, 0xE5, 0xBB, 0xAD, 0x94, 0x1B,
    0x22, 0xCA, 0xC9, 0x43, 0x46, 0xC9, 0xD9, 0x52, 0xF5, 0xC6, 0x24, 0xBA, 0x48, 0x74, 0xB2, 0xEA,
    0x11, 0xE9, 0x20, 0x89, 0x06, 0xA8, 0x07, 0x17, 0xF9, 0xB1, 0x48, 0xF3, 0xB3, 0x59, 0x92, 0x19,
    0x3F, 0x49, 0x55, 0x92, 0x11, 0xA5, 0x23, 0x6D, 0x53, 0x0C, 0xB0, 0x41, 0xAA, 0x21, 0xED, 0x4D,
    0xAF, 0x22, 0xA4, 0x9D, 0x55, 0x95, 0x6A, 0xD6, 0x5A, 0xE5, 0xB1, 0xBE, 0x41, 0x46, 0x1A, 0x2D,
    0xC9, 0x38, 0xA5, 0x3A, 0x92, 0x91, 0x81, 0xD0, 0x7A, 0x65, 0x06, 0x91, 0x58, 0x31, 0x56, 0x47,
    0xB4, 0x7A, 0x12, 0xC9, 0x17, 0x11, 0xF7, 0xC6, 0x82, 0xFB, 0xDD, 0x91, 0xDA, 0x8F, 0x1A, 0xD5,
    0x49, 0x74, 0xE5, 0x6E, 0x81, 0x78, 0x7C, 0xF5, 0x89, 0xE7, 0xA1, 0xFA, 0x1A, 0x78, 0x7C, 0xE7,
    0x5B, 0xFC, 0xB9, 0xD6, 0xD5, 0x45, 0x5D, 0x94, 0x79, 0x99, 0x0B, 0x8E, 0xA8, 0x14, 0x0B, 0x2B,
    0x2A, 0x92, 0x4E, 0x2B, 0xDB, 0xC3, 0x13, 0xED, 0x32, 0x86, 0xEC, 0x20, 0x92, 0xA1, 0xB2, 0x11,
    0x4D, 0x81, 0x79, 0xA8, 0x8A, 0xEF, 0x2F, 0xCF, 0xAA, 0xFB, 0xCD, 0xE7, 0xE1, 0xEF, 0xBC, 0x95,
    0xA7, 0x9C, 0x7C, 0xA4, 0xDC, 0x24, 0xB0, 0x1E, 0x51, 0xF6, 0x06, 0xEA, 0x87, 0x1E, 0xFC, 0xA2,
    0x28, 0xA1, 0x1F, 0x5A, 0xF0, 0x9A, 0x0D, 0x15, 0x81, 0x0F, 0x49, 0x3C, 0xDB, 0x6D, 0x7E, 0xE1,
    0x7A, 0x91, 0x7C, 0x17, 0x88, 0x88, 0x13, 0x84, 0x3D, 0x01, 0xE5, 0xD1, 0x88, 0x2B, 0xCF, 0xF2,
    0xCA, 0xEF, 0x13, 0xDD, 0xCA, 0xCD, 0x94, 0x03, 0x79, 0xF9, 0x44, 0xF9, 0xAE, 0xA7, 0x7E, 0x8A,
    0xFA, 0xA9, 0x87, 0x6F, 0xA9, 0x17, 0x2D, 0x5C, 0x1D, 0x92, 0xDF, 0x91, 0x63, 0xF9, 0x78, 0x5E,
    0x1F, 0x47, 0xC1, 0x8D, 0xB7, 0xB3, 0xE0, 0xF5, 0xB3, 0xD5, 0x12, 0x35, 0xAA, 0x67, 0x72, 0xA4,
    0x1D, 0xFA, 0xEF, 0xE1, 0xCA, 0xA8, 0x76, 0x7E, 0x59, 0x6F, 0xD8, 0x4F, 0xD6, 0x1F, 0xCB, 0x37,
    0x9F, 0x11, 0x2F, 0x1F, 0x3B, 0x14, 0x75, 0x07, 0x84, 0x87, 0x7B, 0x5F, 0xF4, 0xD9, 0x35, 0x5A,
    0x9F, 0x97, 0x5E, 0x55, 0xB5, 0x26, 0x7D, 0xBF, 0x12, 0x56, 0xD7, 0xB1, 0x21, 0x5A, 0x04, 0xB7,
    0x38, 0xCD, 0x35, 0x56, 0x39, 0x95, 0x7B, 0x72, 0x11, 0x0F, 0x45, 0xD7, 0xC8, 0x37, 0x84, 0x87,
    0xAA, 0xEE, 0xE7, 0x3E, 0xDD, 0x8D, 0x7E, 0x5A, 0xFF, 0xC6, 0x62, 0x88, 0x44, 0x6C, 0x1A, 0xCB,
    0x71, 0xD6, 0xEC, 0x4D, 0xB7, 0x0D, 0xEC, 0x63, 0xC1, 0xA4, 0x86, 0x29, 0x8D, 0x01, 0x71, 0xB2,
    0x99, 0x44, 0x30, 0x31, 0x61, 0x42, 0x4A, 0x3A, 0x16, 0xCD, 0xB6, 0xA2, 0xF9, 0x35, 0x8B, 0xB2,
    0xB8, 0xCD, 0x63, 0xD9, 0x6F, 0xA8, 0xF9, 0xF6, 0x7A, 0xDE, 0x63, 0x71, 0xB6, 0x82, 0x47, 0x6C,
    0x21, 0xBE, 0xE0, 0x84, 0xF4, 0x66, 0x35, 0x48, 0xA4, 0x65, 0x16, 0x24, 0x99, 0xF1, 0x59, 0x99,
    0x48, 0xCD, 0xC5, 0xB4, 0x84, 0xF7, 0x36, 0xAD, 0x1B, 0xE0, 0x0E, 0xE6, 0xD5, 0x9D, 0xD1, 0x9E,
    0xD4, 0x7C, 0x7E, 0x78, 0xBF, 0xD4, 0x83, 0x52, 0x02, 0x69, 0x47, 0xF9, 0xAC, 0x8B, 0xF5, 0xC2,
    0x19, 0x15, 0xCA, 0xC4, 0x0B, 0x94, 0x81, 0x7F, 0x36, 0xF6, 0x33, 0xA7, 0xDA, 0xC2, 0xA5, 0x16,
    0xEB, 0xB3, 0x12, 0x34, 0xEB, 0x05, 0x62, 0x19, 0xA9, 0x24, 0x03, 0xA9, 0xAA, 0x41, 0xB2, 0x65,
    0xFD, 0xCE, 0x4F, 0x2B, 0x71, 0xFD, 0x4A, 0x6E, 0xD8, 0x4F, 0x3E, 0x32, 0x12, 0x69, 0xC0, 0x84,
    0xAF, 0x0B, 0x88, 0xEE, 0x5E, 0xAD, 0x0F, 0x61, 0x7B, 0x5C, 0xE7, 0xCB, 0x73, 0xDA, 0x89, 0x1B,
    0x05, 0x4A, 0xF6, 0x18, 0x78, 0xBE, 0x95, 0x3C, 0x80, 0x66, 0x98, 0xAF, 0xD0, 0xE4, 0x0C, 0xD4,
    0x5A, 0x48, 0x3A, 0x81, 0xC2, 0x3E, 0x88, 0x2A, 0xA0, 0xAE, 0x03, 0xAD, 0x6A, 0x50, 0x05, 0x89,
    0x03, 0x68, 0x3A, 0x82, 0xE6, 0x76, 0xD3, 0xDB, 0xCD, 0x7F, 0x38, 0xB8, 0x39, 0x80, 0x16, 0x9C,
    0x07, 0x40, 0x04, 0x03, 0xBC, 0xB4, 0x30, 0x5E, 0x66, 0x1D, 0xE6, 0x77, 0x57, 0xE3, 0x56, 0x75,
    0x7E, 0xFE, 0x8A, 0x22, 0xC8, 0xEA, 0x3B, 0xE9, 0xDE, 0x16, 0x9D, 0xD8, 0x96, 0x5A, 0xB2, 0xE5,
    0xB9, 0x66, 0x40, 0xA8, 0x2E, 0x26, 0x84, 0xBC, 0x2C, 0x58, 0xD4, 0x9F, 0xD1, 0x96, 0x64, 0x11,
    0x67, 0x34, 0x35, 0x2A, 0x0C, 0x37, 0x6C, 0xD1, 0xDE, 0x16, 0xD7, 0x73, 0x02, 0x5F, 0xC9, 0xAD,
    0x80, 0x7B, 0xDA, 0x19, 0x5D, 0xF0, 0xCD, 0x8B, 0xCA, 0x96, 0xD2, 0x02, 0xCA, 0x99, 0x09, 0x37,
    0x22, 0x65, 0xB3, 0x49, 0x5B, 0xD2, 0x67, 0x40, 0xEB, 0xDB, 0xB8, 0x5B, 0x56, 0x16, 0xE6, 0x56,
    0x9A, 0x2E, 0x88, 0x65, 0x45, 0x10, 0x3F, 0x45, 0xAB, 0x9E, 0xB9, 0xE9, 0x1C, 0x29, 0xF4, 0x97,
    0x1B, 0x27, 0x62, 0xC7, 0xD1, 0x4B, 0x06, 0x79, 0x30, 0x70, 0x84, 0x8A, 0xF0, 0x6B, 0x83, 0xF8,
    0x17, 0x06, 0xE9, 0x77, 0xA9, 0xF9, 0x57, 0x0D, 0x5C, 0x6A, 0x70, 0x4A, 0x08, 0x06, 0xF1, 0x68,
    0x90, 0xF4, 0x06, 0x79, 0x6B, 0xE0, 0x4A, 0x83, 0x63, 0x31, 0x08, 0x06, 0xD1, 0x68, 0x90, 0xF4,
    0x80, 0xBD, 0xB3, 0x8B, 0xD2, 0xC0, 0xAF, 0xC6, 0x5F, 0xCE, 0xCB, 0x4A, 0x71, 0xD4, 0x1B, 0x08,
    0x03, 0xF5, 0x13, 0x20, 0x9B, 0x0D, 0x9C, 0x96, 0x1C, 0xE2, 0xF3, 0x0E, 0xD1, 0xF9, 0xF9, 0xF9,
    0x4B, 0xD6, 0x65, 0xE1, 0x90, 0x5A, 0x0C, 0xB9, 0x30, 0xFA, 0x79, 0x0B, 0x45, 0xA4, 0xB2, 0xD1,
    0xB4, 0x7D, 0x9C, 0x66, 0xA4, 0xFF, 0x78, 0xFE, 0xFC, 0x4A, 0x55, 0x17, 0x31, 0x93, 0x76, 0x92,
    0x95, 0xD2, 0xD0, 0x39, 0x69, 0x29, 0x76, 0xB7, 0x82, 0x46, 0x5A, 0x92, 0xB2, 0xCB, 0x48, 0x0F,
    0xBF, 0xBF, 0x69, 0x9D, 0xE5, 0x6D, 0x46, 0xF2, 0x25, 0xDA, 0xE0, 0x3B, 0x71, 0x93, 0xB8, 0x47,
    0x5F, 0xD4, 0xFE, 0xCA, 0x2E, 0xE3, 0x51, 0x41, 0x4C, 0xAA, 0xC8, 0x85, 0xDD, 0x88, 0x96, 0x37,
    0x75, 0xA4, 0x88, 0x18, 0x4C, 0x17, 0xA5, 0x31, 0xAB, 0xBC, 0x66, 0x9E, 0xF6, 0x31, 0xC9, 0xE9,
    0x4B, 0x46, 0x7D, 0x7F, 0x40, 0x39, 0x8E, 0xBA, 0xBB, 0x8F, 0x56, 0xFA, 0x7D, 0x44, 0x98, 0x4A,
    0xDF, 0x6C, 0x46, 0xA9, 0x66, 0x68, 0x52, 0x0D, 0x68, 0x45, 0xD5, 0x9A, 0x53, 0xB5, 0xD0, 0x1C,
    0x71, 0x4C, 0x5B, 0x94, 0x6A, 0x76, 0xDA, 0x33, 0x4E, 0x82, 0x16, 0x03, 0x7E, 0xB3, 0xC5, 0xB1,
    0x49, 0x22, 0x68, 0xF2, 0xCE, 0x38, 0x06, 0x6D, 0x61, 0x31, 0x89, 0xF7, 0x38, 0x86, 0x39, 0x6C,
    0x3D, 0xCE, 0x6C, 0xF6, 0xEA, 0x8D, 0xB6, 0xA4, 0xC7, 0x36, 0x88, 0x3F, 0x2F, 0x68, 0x0B, 0xA8,
    0x82, 0x46, 0xB3, 0xFC, 0xFE, 0x3E, 0xA0, 0x93, 0xE9, 0x60, 0xCC, 0x0F, 0x46, 0xFB, 0xCB, 0xE0,
    0xE0, 0xDB, 0xCB, 0x10, 0xD1, 0x80, 0x08, 0x3B, 0x64, 0xB6, 0xA2, 0xE1, 0x92, 0x66, 0x07, 0x02,
    0x8A, 0xAB, 0x05, 0xB0, 0x28, 0x69, 0xBC, 0x5C, 0x16, 0x4D, 0x0F, 0x04, 0xF0, 0xC8, 0x6C, 0x7E,
    0x69, 0x60, 0xC9, 0x58, 0x4B, 0xC6, 0x84, 0x34, 0x40, 0x7A, 0x3C, 0x43, 0x7A, 0xA4, 0x26, 0x5D,
    0xC5, 0x93, 0xF6, 0x46, 0x07, 0x50, 0x37, 0x48, 0xB4, 0x48, 0x1E, 0x20, 0x3B, 0xD3, 0x32, 0x1B,
    0x91, 0x08, 0x42, 0x89, 0x66, 0x59, 0x84, 0x49, 0xE8, 0x1E, 0xFF, 0xFD, 0xCF, 0xB4, 0x5B, 0x15,
    0x89, 0x75, 0x42, 0x6C, 0x74, 0x0B, 0xCA, 0xA6, 0x5A, 0xE2, 0xC7, 0xDA, 0x36, 0x2D, 0x7A, 0xD4,
    0x92, 0xC9, 0x03, 0xEA, 0xC8, 0xDB, 0x5D, 0xCF, 0xBE, 0xAB, 0x51, 0xA3, 0xA2, 0xA3, 0x33, 0x8C,
    0x88, 0xB7, 0x90, 0x76, 0x3A, 0x06, 0x9F, 0x93, 0xF2, 0xA0, 0x45, 0xBD, 0xB5, 0x68, 0x41, 0xA7,
    0xFD, 0xAD, 0x22, 0x4A, 0x5B, 0xDC, 0x1E, 0xF1, 0xD9, 0x83, 0x1E, 0x82, 0x5B, 0x65, 0x81, 0xAE,
    0x41, 0xC3, 0x41, 0x23, 0xB5, 0xE0, 0xA4, 0x25, 0x69, 0x03, 0x5A, 0x93, 0x56, 0x1D, 0x82, 0x98,
    0x87, 0x77, 0xD5, 0x6E, 0x92, 0x5C, 0xEB, 0x5C, 0xBF, 0xD6, 0x68, 0x1D, 0xAB, 0x4E, 0x5A, 0x23,
    0xE9, 0xD7, 0x52, 0xA2, 0x17, 0xB6, 0x31, 0x42, 0xAB, 0x1F, 0xDA, 0xFE, 0xB2, 0x0B, 0xD1, 0xFC,
    0x67, 0xAC, 0xF3, 0x7E, 0xD7, 0xBA, 0xAD, 0x28, 0x91, 0xDF, 0xE7, 0x0F, 0x53, 0x85, 0xE2, 0x5B,
    0xA0, 0x3E, 0x83, 0xA3, 0xBD, 0x80, 0x1F, 0xD7, 0xFF, 0xBD, 0x48, 0x1F, 0xA2, 0x52, 0xAE, 0x3C,
    0x1E, 0x5F, 0xCA, 0xC7, 0x7D, 0x1E, 0xF2, 0xB9, 0x98, 0xF3, 0x39, 0x0B, 0x48, 0x01, 0xAF, 0x3E,
    0x90, 0x3F, 0xF9, 0xD9, 0x2D, 0xF9, 0xB2, 0xAA, 0xF8, 0x9A, 0x5C, 0xC8, 0x14, 0x0F, 0x45, 0xBB,
    0xC8, 0x03, 0xD9, 0x0E, 0xCE, 0xD7, 0x74, 0x46, 0xD0, 0xD4, 0xDA, 0x56, 0xB1, 0x4B, 0xF1, 0x85,
    0x9F, 0xD0, 0x3E, 0x63, 0xDD, 0x0C, 0x96, 0x0B, 0xDB, 0xF9, 0x72, 0xAC, 0x3A, 0xFC, 0x02, 0x26,
    0x03, 0x54, 0x76, 0x41, 0x29, 0x14, 0x23, 0x19, 0x2F, 0x1A, 0x5E, 0x2C, 0xA0, 0xAC, 0x4B, 0x0A,
    0xA3, 0x91, 0x51, 0x91, 0xC3, 0x6C, 0xF1, 0x13, 0x27, 0xEB, 0x51, 0xCA, 0x35, 0x8E, 0xC3, 0x52,
    0x36, 0x62, 0xCB, 0x8F, 0x89, 0x6C, 0x79, 0x16, 0xE3, 0x08, 0x15, 0x67, 0x23, 0xA8, 0x2E, 0x1B,
    0x47, 0x0D, 0x79, 0x71, 0xA8, 0xE1, 0x36, 0xA6, 0x0E, 0xAC, 0x71, 0x60, 0x02, 0xB2, 0xDD, 0x2E,
    0x34, 0x7A, 0x97, 0x35, 0x8E, 0x41, 0xE4, 0xF7, 0x0E, 0x57, 0xE2, 0x88, 0xC4, 0x08, 0xF7, 0x6E,
    0x86, 0x77, 0xF5, 0xE2, 0xFA, 0xAA, 0x95, 0x7C, 0xA8, 0x6A, 0xC9, 0x26, 0x84, 0xD6, 0x90, 0x71,
    0x8A, 0x59, 0xB9, 0x9D, 0xE4, 0x13, 0xC4, 0x8E, 0x7B, 0xFE, 0xD2, 0x74, 0x9B, 0x02, 0xF9, 0x4C,
    0x3D, 0x79, 0x15, 0x4F, 0x50, 0x61, 0xB8, 0x9A, 0x3C, 0x7E, 0xC4, 0xA3, 0xA0, 0x3C, 0xC8, 0x42,
    0xC2, 0x4B, 0x56, 0x2D, 0xE5, 0x36, 0xED, 0x9E, 0xFF, 0x8D, 0x21, 0xD7, 0x07, 0x5B, 0x44, 0x3F,
    0xD7, 0x99, 0x66, 0x3A, 0x3B, 0x34, 0x43, 0x61, 0x9A, 0xB5, 0x0C, 0x78, 0x1C, 0x02, 0x4C, 0x5D,
    0x26, 0x9A, 0x7E, 0x8F, 0x5A, 0x70, 0x7E, 0x5F, 0x8B, 0xD3, 0xAF, 0xD4, 0x79, 0x2B, 0x98, 0x0B,
    0x7E, 0xAA, 0x75, 0xD6, 0x46, 0x36, 0xBC, 0xB5, 0x4C, 0xBB, 0x24, 0x20, 0xE3, 0x68, 0xCA, 0xA4,
    0x4F, 0x47, 0xA9, 0xF0, 0x93, 0xA4, 0xCF, 0x06, 0xD1, 0x12, 0xDC, 0x90, 0xF7, 0x18, 0x63, 0x0B,
    0xB8, 0x2E, 0x99, 0x11, 0x27, 0x93, 0xBE, 0xC0, 0x1C, 0x1E, 0x83, 0x73, 0x6D, 0x66, 0x81, 0x29,
    0xC5, 0x5E, 0xD6, 0x64, 0x5C, 0xE7, 0xEB, 0x7C, 0x84, 0x4E, 0x59, 0x6B, 0x5C, 0x3A, 0x49, 0x4E,
    0x2E, 0x1B, 0xA5, 0x28, 0x8D, 0x5B, 0x3F, 0x5E, 0x7C, 0x9D, 0x4D, 0x30, 0xF2, 0xE9, 0xCA, 0xAD,
    0xF2, 0x8E, 0x27, 0x41, 0xB6, 0x17, 0x6B, 0x34, 0xCE, 0xE9, 0x80, 0x2C, 0x49, 0xB5, 0xC7, 0x42,
    0xBF, 0xE8, 0x30, 0x77, 0x17, 0x8B, 0xC5, 0xF1, 0xE8, 0x05, 0x89, 0x30, 0xCD, 0xD2, 0xC2, 0x6C,
    0x3C, 0x0F, 0x28, 0xB4, 0x1F, 0x74, 0x28, 0x78, 0x22, 0xBD, 0x62, 0xDA, 0xBD, 0xE4, 0x16, 0xF7,
    0x88, 0xB0, 0xFE, 0xA2, 0x03, 0xAA, 0xEA, 0xB4, 0x19, 0x9C, 0x21, 0xCE, 0x26, 0x54, 0x63, 0xF0,
    0xE5, 0x03, 0x22, 0x1D, 0xE2, 0x72, 0x2A, 0xA7, 0xFF, 0xF1, 0xF0, 0x0B, 0x51, 0xEE, 0x2B, 0x51,
    0x82, 0x96, 0x64, 0x10, 0xB5, 0xD8, 0xF7, 0x55, 0x4B, 0x65, 0x07, 0x8E, 0x08, 0xD8, 0x8B, 0x2D,
    0xC8, 0xDA, 0x82, 0x4C, 0x0E, 0xFB, 0xB1, 0xBB, 0xB2, 0x40, 0xC1, 0x92, 0xB2, 0x8E, 0x63, 0x66,
    0x8A, 0x98, 0xB6, 0x63, 0x65, 0x0D, 0x7B, 0xA2, 0x30, 0x6D, 0xA9, 0x5E, 0xFC, 0xF6, 0xC9, 0x09,
    0x7D, 0x41, 0x37, 0xC7, 0x49, 0xC1, 0x0C, 0x26, 0x58, 0xC4, 0x19, 0x53, 0x6F, 0xED, 0x70, 0xE5,
    0xCA, 0x04, 0xFA, 0x08, 0xEB, 0x38, 0x45, 0xC9, 0xC5, 0x6A, 0x10, 0xD6, 0x11, 0x64, 0x5B, 0x28,
    0x93, 0x69, 0x25, 0x55, 0x13, 0xDA, 0x8B, 0x2A, 0x6A, 0x57, 0x2D, 0x75, 0x67, 0x30, 0xEE, 0xCF,
    0x68, 0x4B, 0x2D, 0xE5, 0x48, 0x7F, 0xF5, 0x0A, 0xE6, 0xA4, 0xAA, 0x87, 0xB1, 0xD0, 0x01, 0x89,
    0x02, 0x20, 0x0E, 0x10, 0x69, 0x0D, 0x90, 0x1D, 0xDA, 0x83, 0xAB, 0x88, 0x10, 0x2B, 0xCB, 0x2D,
    0x06, 0x39, 0xA4, 0xBC, 0x7D, 0xD2, 0xF4, 0x2B, 0x28, 0xE7, 0x39, 0xB6, 0xD1, 0xEF, 0x35, 0x98,
    0x35, 0x98, 0x71, 0x18, 0xF8, 0x8E, 0x30, 0x5C, 0x17, 0xAA, 0xFE, 0x40, 0x97, 0x58, 0xEB, 0x48,
    0xDF, 0x3E, 0xB9, 0xBB, 0x30, 0xB8, 0x8D, 0xD6, 0xB0, 0x47, 0x87, 0x33, 0x01, 0x53, 0x4F, 0xBA,
    0x4E, 0xA6, 0x5F, 0x5B, 0x7F, 0x29, 0x6E, 0x44, 0xB4, 0xB2, 0x09, 0x0E, 0xC5, 0x2D, 0x82, 0x99,
    0x45, 0x1B, 0x46, 0x94, 0x7B, 0xB2, 0x77, 0xEF, 0x68, 0xE0, 0x06, 0x03, 0x7F, 0x15, 0x54, 0x1B,
    0xF4, 0x57, 0xC1, 0xD5, 0xE5, 0x08, 0x14, 0x5D, 0xB0, 0xA2, 0x3C, 0x10, 0x66, 0x50, 0x76, 0xDF,
    0x16, 0xB7, 0x52, 0x11, 0xB5, 0x6D, 0x5F, 0xE4, 0x73, 0xD0, 0xB5, 0xD0, 0xB7, 0x5E, 0x9D, 0xB9,
    0x78, 0x81, 0x08, 0xA7, 0x74, 0xE0, 0x93, 0xE7, 0x99, 0x85, 0x7D, 0x03, 0xF5, 0xD2, 0xAF, 0xD0,
    0xBB, 0x0C, 0x47, 0x55, 0xCF, 0x20, 0x6E, 0x66, 0xEF, 0x89, 0x6E, 0x22, 0xE6, 0x33, 0x31, 0x55,
    0x62, 0xC2, 0xEE, 0xD9, 0xBB, 0x97, 0x86, 0x3E, 0xC4, 0xA6, 0xDB, 0xB0, 0x27, 0x56, 0xD7, 0xC4,
    0x66, 0xC7, 0xEE, 0x4A, 0xB9, 0xAC, 0x8F, 0x8E, 0x4C, 0x3D, 0xC4, 0x30, 0x9B, 0x89, 0x2E, 0x10,
    0x9B, 0xC1, 0x30, 0xD5, 0x56, 0xD0, 0xF3, 0xCD, 0x22, 0x7B, 0xD7, 0x6F, 0x7D, 0x0F, 0x3B, 0xE0,
    0xA0, 0x19, 0xD4, 0xAC, 0xF0, 0x8A, 0xB2, 0x53, 0x36, 0x99, 0x9E, 0xE0, 0xDE, 0x01, 0x05, 0xE1,
    0x06, 0x41, 0x9E, 0x00, 0x03, 0x41, 0x55, 0xDB, 0x1D, 0x78, 0xEF, 0x7F, 0x08, 0x49, 0x7F, 0x05,
    0x64, 0x1D, 0x35, 0xEB, 0x22, 0x45, 0xCC, 0xE8, 0xBC, 0xE2, 0xE8, 0x2A, 0xC2, 0xD3, 0x6F, 0xE6,
    0xD3, 0x68, 0xED, 0xD5, 0xA2, 0x09, 0x91, 0x06, 0xD6, 0x63, 0x58, 0x11, 0x78, 0x6C, 0x61, 0xFF,
    0xE1, 0x3E, 0x11, 0xD4, 0xF0, 0x90, 0x37, 0xFF, 0x44, 0x07, 0x8E, 0xA1, 0x86, 0x41, 0xCC, 0xBC,
    0x5A, 0x19, 0x3B, 0x13, 0x65, 0x5E, 0x9F, 0xCE, 0xC0, 0x0E, 0x63, 0xEC, 0x70, 0xC8, 0x21, 0x0A,
    0x6C, 0x55, 0x5F, 0x8D, 0xD5, 0x8E, 0xFD, 0xD5, 0x88, 0xFB, 0xB9, 0xEA, 0xE0, 0x89, 0x3D, 0x50,
    0xFC, 0x2C, 0x86, 0xC5, 0x44, 0xF9, 0xF9, 0x04, 0xD6, 0x30, 0x0F, 0x44, 0x38, 0x34, 0xF5, 0x23,
    0xC6, 0x9B, 0xBE, 0xA2, 0x3D, 0xD1, 0x07, 0x62, 0xA6, 0x0F, 0xA3, 0xBB, 0x2B, 0x46, 0xFB, 0xEC,
    0x70, 0x4B, 0x75, 0xE6, 0x76, 0xDF, 0x09, 0xBD, 0xFC, 0x81, 0x20, 0x9A, 0x57, 0xB8, 0xDB, 0xA8,
    0xF6, 0x47, 0x3A, 0x97, 0x92, 0xEA, 0xA3, 0x4D, 0x77, 0x65, 0xCC, 0xDC, 0x77, 0x77, 0x3F, 0x6C,
    0x66, 0x4F, 0xB6, 0xE8, 0x94, 0x87, 0x0C, 0x7F, 0xF3, 0x74, 0x99, 0xE1, 0x90, 0x69, 0x7A, 0xBA,
    0x4E, 0xAC, 0xA3, 0xF8, 0xDD, 0x1A, 0xD5, 0xCE, 0xC0, 0x50, 0xB8, 0x30, 0xF3, 0x54, 0x07, 0xBB,
    0xE2, 0x4F, 0xED, 0x64, 0x1D, 0x50, 0x09, 0xDA, 0xA0, 0xEE, 0x18, 0x23, 0x15, 0xD3, 0x3C, 0x9E,
    0x50, 0xFD, 0xEB, 0x16, 0xE2, 0x13, 0x23, 0xCB, 0x6F, 0x2F, 0xD9, 0x52, 0xDE, 0x3D, 0xD1, 0xDE,
    0x73, 0xEC, 0x23, 0xB5, 0x15, 0xAD, 0xAC, 0xE4, 0x6C, 0x73, 0xC4, 0x68, 0xF3, 0xC3, 0x78, 0x77,
    0x43, 0xA7, 0xB4, 0x75, 0x31, 0xB2, 0x8C, 0xEB, 0x36, 0xDB, 0x94, 0xC4, 0x59, 0x0C, 0xE3, 0x89,
    0x98, 0xF5, 0xC4, 0xA2, 0x26, 0x56, 0x62, 0x18, 0x05, 0x62, 0x32, 0x10, 0xF3, 0x96, 0xE8, 0x37,
    0x6C, 0xF8, 0xFD, 0xBF, 0xE9, 0x64, 0xF8, 0x23, 0x9D, 0x0D, 0xF5, 0x2F, 0xD5, 0x70, 0x49, 0xB4,
    0x05, 0x4E, 0x91, 0xF6, 0xD4, 0xBD, 0x19, 0x29, 0xDF, 0x07, 0x62, 0xB1, 0x10, 0x33, 0xA5, 0x5E,
    0x28, 0x00, 0x14, 0x1D, 0x88, 0xD5, 0xB4, 0xF5, 0xE7, 0x4C, 0xCC, 0xB5, 0x34, 0x57, 0x4B, 0x6D,
    0xA3, 0x03, 0x9D, 0xBC, 0x54, 0x40, 0xB9, 0xB5, 0xD8, 0x80, 0x14, 0xE1, 0xA5, 0xC0, 0x0A, 0x57,
    0x24, 0x01, 0xFD, 0xFF, 0x36, 0xC4, 0xFD, 0x6F, 0x9E, 0x6F, 0xD2, 0xCE, 0x20, 0x7F, 0xC2, 0xB4,
    0x63, 0xDB, 0x8D, 0x37, 0x6D, 0xEA, 0x59, 0xC0, 0x16, 0xAA, 0xE5, 0x91, 0xAA, 0xEC, 0x9B, 0xC4,
    0x95, 0x96, 0xD6, 0x0B, 0x25, 0x08, 0x3A, 0xF4, 0x54, 0x71, 0x6D, 0x79, 0xF5, 0x62, 0xAC, 0x65,
    0xD6, 0xFF, 0x49, 0x16, 0x4F, 0xCB, 0x7E, 0x6E, 0x6C, 0xB1, 0xB2, 0x09, 0x59, 0xC4, 0xBF, 0xE4,
    0x3B, 0xC6, 0xC2, 0xF7, 0xB2, 0xD7, 0x8D, 0x85, 0x2F, 0xE6, 0x5F, 0x31, 0x16, 0x0E, 0x5A, 0x7C,
    0xC1, 0xD8, 0x78, 0xA5, 0x2E, 0x36, 0x56, 0xB4, 0x94, 0xE3, 0x9D, 0xAD, 0xE5, 0xFE, 0xC6, 0x56,
    0xAD, 0x5C, 0x90, 0x45, 0xBA, 0x39, 0xED, 0xEC, 0x10, 0x0D, 0x1B, 0x5B, 0x0C, 0xC9, 0xCE, 0xE6,
    0x53, 0xD2, 0x91, 0xC5, 0x6A, 0xB3, 0xDD, 0xD8, 0x34, 0xE4, 0x3B, 0x9B, 0x2C, 0x45, 0xB9, 0xB1,
    0xB1, 0x3A, 0xD9, 0x58, 0xD1, 0xD3, 0x4B, 0x76, 0x96, 0x9D, 0xAD, 0xC2, 0xC6, 0xC2, 0x0B, 0x2F,
    0xD9, 0xD1, 0xD8, 0x48, 0x5B, 0xAC, 0x0C, 0x53, 0xED, 0xC4, 0xEB, 0x8C, 0x15, 0x93, 0xAA, 0x4A,
    0xB5, 0xB2, 0x59, 0x2B, 0x4C, 0xD6, 0xCF, 0x6C, 0x78, 0x95, 0x95, 0xB9, 0xA3, 0x6A, 0x7D, 0xA4,
    0x36, 0x21, 0x8C, 0x26, 0x99, 0xFB, 0x5B, 0x1E, 0x42, 0xDD, 0x6E, 0xEB, 0xC2, 0x98, 0x76, 0x63,
    0x9A, 0x61, 0x63, 0xFC, 0xB8, 0x31, 0x79, 0xD8, 0x98, 0x6C, 0xD9, 0x98, 0x44, 0x4B, 0x32, 0xA6,
    0x0E, 0x18, 0x69, 0x7A, 0x32, 0x50, 0x94, 0x4C, 0x11, 0x36, 0x26, 0x5B, 0x36, 0x66, 0x2D, 0x66,
    0x0C, 0x5A, 0x41, 0x66, 0x2D, 0xB6, 0x31, 0x7E, 0xD8, 0x98, 0x22, 0x6C, 0x4C, 0xBE, 0x6C, 0x4C,
    0xA2, 0x1B, 0x13, 0xE9, 0x0F, 0xC8, 0x88, 0xEA, 0xC6, 0xF8, 0x9D, 0x71, 0x3B, 0x93, 0xEF, 0x0C,
    0x94, 0x8C, 0xB4, 0xDB, 0xD2, 0x43, 0x55, 0xAE, 0x1B, 0x2B, 0x2B, 0x5A, 0x95, 0x72, 0x79, 0xDC,
    0xE2, 0xCA, 0x30, 0xDA, 0xD2, 0xE3, 0x9C, 0x19, 0x3F, 0x1A, 0x82, 0xE6, 0x09, 0x4E, 0x3F, 0x48,
    0xBC, 0xCD, 0xBD, 0xE9, 0xC2, 0xE0, 0x96, 0x07, 0xC6, 0xBC, 0x9C, 0x7B, 0x16, 0x4C, 0xFC, 0x23,
    0x2D, 0x39, 0x6A, 0xB5, 0xDE, 0xB0, 0xDD, 0xB1, 0xDA, 0xB1, 0x07, 0x36, 0xDD, 0x13, 0x71, 0x2F,
    0x7F, 0x35, 0xD6, 0x6E, 0xAB, 0x6F, 0xAF, 0x7F, 0xD7, 0x27, 0x65, 0x04, 0xDE, 0x73, 0x05, 0xFC,
    0x94, 0xCB, 0x11, 0x08, 0xB4, 0x5E, 0x5E, 0xCA, 0x5B, 0x6A, 0x65, 0x94, 0x31, 0xD0, 0x71, 0xBD,
    0xC3, 0x05, 0x81, 0x3C, 0xBE, 0xDA, 0x7B, 0xFB, 0xCF, 0x95, 0x2B, 0xA8, 0x2D, 0xFB, 0xCF, 0x96,
    0xF7, 0x5A, 0xF4, 0xB5, 0xEF, 0x01, 0xF5, 0xC1, 0x52, 0x8E, 0xC5, 0xA1, 0x2C, 0x20, 0x9F, 0x00,
    0x11, 0x97, 0x80, 0xEC, 0x5B, 0xE6, 0x6D, 0xFE, 0xED, 0xE7, 0x3F, 0x8C, 0x14, 0x71, 0xBA, 0x22,
    0x45, 0xFC, 0xFF, 0xD8, 0xFD, 0xCD, 0x7B, 0x76, 0x7F, 0xF5, 0x58, 0x36, 0x8B, 0x2A, 0x0E, 0xB3,
    0xDF, 0x3C, 0x10, 0xB3, 0x99, 0x98, 0xA8, 0x01, 0x07, 0x19, 0x27, 0xCF, 0x33, 0xC3, 0x54, 0x7B,
    0x43, 0xF9, 0xE4, 0x99, 0xB9, 0x13, 0xFA, 0x70, 0xF3, 0x27, 0x38, 0xD4, 0x1D, 0x1D, 0x64, 0xDF,
    0x3F, 0xA0, 0x17, 0x2C, 0x44, 0xC6, 0x3A, 0x7A, 0x13, 0x50, 0x88, 0xEC, 0x83, 0x43, 0x7C, 0xEC,
    0x7E, 0xC4, 0x72, 0x68, 0x3E, 0xE5, 0x05, 0xA2, 0xEB, 0x81, 0xEB, 0x76, 0x45, 0x09, 0xB4, 0xEE,
    0xC5, 0xF5, 0xAB, 0xC1, 0xB0, 0xCF, 0x67, 0x62, 0xAA, 0xC4, 0x58, 0x6B, 0x43, 0xD1, 0x8E, 0xD8,
    0x0C, 0x44, 0x3F, 0x11, 0x77, 0x7D, 0x33, 0x25, 0x22, 0xC2, 0xD0, 0x37, 0x5A, 0x43, 0xD1, 0x81,
    0xCE, 0xE6, 0x67, 0xE6, 0x94, 0x85, 0x76, 0x15, 0x30, 0x6A, 0xBA, 0xC7, 0x1F, 0x14, 0x74, 0x28,
    0x5D, 0x8D, 0x5B, 0x96, 0x5F, 0xAC, 0xC2, 0xEC, 0x11, 0x50, 0xBC, 0xD2, 0x56, 0xA2, 0x20, 0xD5,
    0x4A, 0x7B, 0x50, 0x6E, 0xB3, 0xB2, 0x42, 0xD0, 0x11, 0xB4, 0x58, 0x40, 0x73, 0x53, 0x34, 0x61,
    0x06, 0xA3, 0x66, 0xF4, 0x42, 0x17, 0xF6, 0x6D, 0x6B, 0x17, 0x74, 0x92, 0x20, 0x76, 0x01, 0xCA,
    0xB6, 0xC6, 0xFB, 0x83, 0xA9, 0xCF, 0x19, 0x3D, 0x35, 0xCA, 0x00, 0x89, 0x3B, 0x2A, 0x4D, 0x8D,
    0x1D, 0xC7, 0xAA, 0x83, 0x29, 0x1D, 0x1F, 0x72, 0xF2, 0x91, 0x54, 0x63, 0xFA, 0x47, 0x5C, 0x4C,
    0xE0, 0x78, 0x89, 0x33, 0x7D, 0xF0, 0xEB, 0xBE, 0xC1, 0xF9, 0xAB, 0xC1, 0xD7, 0x91, 0x96, 0x71,
    0xF0, 0x36, 0xCE, 0xC3, 0xB1, 0xC1, 0x05, 0xE1, 0xDE, 0x6D, 0xC2, 0xC7, 0x0D, 0x3E, 0x2E, 0x06,
    0xF2, 0x5B, 0x02, 0xEC, 0x7B, 0x49, 0x37, 0x8B, 0x9A, 0xFD, 0x08, 0x48, 0xD1, 0x40, 0x2C, 0x49,
    0x03, 0x61, 0x9A, 0x76, 0x64, 0x59, 0x8B, 0x39, 0x32, 0x9D, 0x60, 0x25, 0x38, 0xFB, 0xFF, 0x83,
    0xCC, 0xB0, 0x6D, 0xAC, 0x3B, 0x30, 0xF7, 0xF7, 0x11, 0x1F, 0xB8, 0xBB, 0xC4, 0x7C, 0x3B, 0xD5,
    0x9A, 0x9B, 0xB2, 0x91, 0x3E, 0x3A, 0x81, 0x37, 0x73, 0x44, 0x03, 0xF9, 0x38, 0xD2, 0x8E, 0x1B,
    0x2F, 0x80, 0xE2, 0x29, 0xC1, 0x4A, 0x5E, 0x82, 0xC7, 0x44, 0xAA, 0xE1, 0x16, 0x4C, 0xF5, 0x29,
    0xAD, 0x6D, 0x98, 0x44, 0x8B, 0x08, 0x50, 0x02, 0x31, 0x9A, 0xB6, 0xFD, 0xF7, 0x91, 0x1A, 0x25,
    0x03, 0x15, 0x4A, 0xB7, 0x97, 0xA1, 0xB2, 0x8E, 0x61, 0x2C, 0x6F, 0x19, 0x80, 0x8A, 0x9A, 0x7B,
    0x9A, 0x8E, 0xE1, 0x4E, 0x3C, 0xC3, 0x1F, 0xB6, 0x38, 0xE9, 0x6C, 0x74, 0x6C, 0x09, 0xC0, 0xA6,
    0x8D, 0x46, 0x60, 0xD5, 0xED, 0xAB, 0x01, 0xA2, 0x1B, 0xD2, 0x0E, 0x58, 0x8C, 0x10, 0x8B, 0x0A,
    0x88, 0x19, 0x72, 0x0F, 0x08, 0x9E, 0x9D, 0x18, 0x2E, 0xC7, 0x86, 0xB1, 0xDE, 0x37, 0x14, 0xBD,
    0xD8, 0x70, 0x22, 0x56, 0x8F, 0x6F, 0x08, 0xF4, 0xC4, 0x02, 0xE2, 0xEF, 0x9C, 0x9F, 0xD7, 0x12,
    0x3D, 0x0F, 0xE6, 0x65, 0x7B, 0x34, 0x98, 0xA0, 0xAD, 0xBA, 0xA4, 0x3A, 0x5A, 0x88, 0xB6, 0xB7,
    0x85, 0xB4, 0x43, 0xB5, 0xD0, 0x95, 0xF6, 0xC8, 0x17, 0xBE, 0xBE, 0x50, 0x75, 0xDB, 0x90, 0x7D,
    0x8D, 0x52, 0x1D, 0xF8, 0x60, 0x35, 0x31, 0xE9, 0x99, 0x18, 0xA0, 0x8F, 0xB5, 0x86, 0xED, 0xAC,
    0xCB, 0xEE, 0x37, 0xAD, 0xD9, 0x0F, 0x76, 0xBA, 0xF0, 0x9D, 0xF1, 0x90, 0x3D, 0x21, 0x26, 0xF6,
    0xB4, 0xDB, 0x88, 0xB1, 0xDC, 0x99, 0xED, 0xA2, 0xA1, 0x18, 0xCC, 0xAE, 0x89, 0x3D, 0x08, 0x18,
    0x25, 0xAF, 0x2D, 0x34, 0x24, 0x7D, 0x3E, 0x89, 0x2B, 0xCD, 0x8E, 0x69, 0x97, 0xEE, 0x2F, 0x26,
    0xB6, 0x59, 0x8B, 0x18, 0x45, 0xBB, 0xE6, 0xED, 0x2A, 0xE0, 0x94, 0xB6, 0xCD, 0xEB, 0x58, 0xA1,
    0x26, 0x14, 0x2D, 0xCA, 0x48, 0x25, 0xD0, 0xC6, 0x0E, 0xF1, 0x64, 0xA2, 0x9D, 0x8F, 0x45, 0x9A,
    0x2F, 0x8F, 0xB4, 0xF5, 0x6D, 0x91, 0xEA, 0xF5, 0xC1, 0xF8, 0x70, 0x4F, 0xC4, 0x7F, 0x7B, 0xA0,
    0xED, 0x2F, 0x56, 0xFE, 0xBB, 0x3D, 0xF8, 0x74, 0x46, 0xEB, 0x7E, 0xD4, 0xB1, 0x0F, 0xD0, 0xBA,
    0x5F, 0xB7, 0xEC, 0x07, 0xB4, 0x4E, 0xC1, 0xEF, 0x2F, 0xBF, 0x94, 0xEC, 0x0F, 0xEE, 0x46, 0x92,
    0x47, 0xEB, 0x36, 0xBE, 0x6A, 0x21, 0x80, 0xC1, 0xEA, 0x2C, 0x5E, 0xFB, 0xC3, 0xAB, 0x76, 0xA9,
    0x6A, 0x7B, 0x84, 0xA0, 0x59, 0x61, 0xDB, 0x03, 0x35, 0x75, 0xDB, 0x5E, 0x61, 0x4D, 0x8F, 0xAF,
    0x84, 0xD2, 0x02, 0x03, 0x43, 0x3C, 0xB2, 0xFD, 0x09, 0xA7, 0xE6, 0x7D, 0x45, 0x39, 0xBA, 0x12,
    0x58, 0x04, 0xFA, 0x48, 0xB6, 0x04, 0xC3, 0x44, 0x47, 0xA1, 0x7E, 0xFD, 0xAE, 0xCF, 0x63, 0x9B,
    0x44, 0x13, 0x51, 0x67, 0x83, 0xF8, 0xD7, 0x6A, 0x98, 0x7E, 0x87, 0x21, 0x28, 0x6F, 0x95, 0xF2,
    0xB7, 0xF9, 0xF8, 0xB5, 0x2D, 0xE4, 0xEF, 0x29, 0xC7, 0xC0, 0x87, 0x7C, 0x59, 0xC7, 0xE9, 0xA7,
    0x68, 0x99, 0xA6, 0xF8, 0x92, 0x56, 0x50, 0x3E, 0xC1, 0x4A, 0x20, 0x4C, 0x17, 0x69, 0x74, 0x96,
    0x42, 0x75, 0x00, 0xBA, 0x15, 0x61, 0x87, 0xA3, 0x35, 0xA2, 0x6D, 0x76, 0x18, 0xCC, 0x17, 0xBF,
    0xA4, 0x25, 0x2D, 0x18, 0x18, 0xD2, 0xD2, 0x6D, 0x0C, 0x66, 0x3D, 0xFD, 0x2A, 0x6F, 0x39, 0xE9,
    0x17, 0x25, 0x2D, 0xCB, 0x31, 0x57, 0xB2, 0xCF, 0xB5, 0x95, 0x89, 0x7E, 0x10, 0x0F, 0x6C, 0x26,
    0xED, 0x54, 0xBC, 0x6B, 0x4C, 0xF9, 0xC7, 0xC6, 0x52, 0x90, 0x2B, 0xD3, 0x0E, 0xDF, 0x7F, 0x40,
    0x1C, 0x0E, 0x91, 0xD3, 0x1F, 0xE7, 0xDC, 0xE9, 0x12, 0x6F, 0x62, 0xEE, 0x7A, 0x19, 0xA6, 0x51,
    0x58, 0x68, 0x39, 0x3F, 0x7F, 0x75, 0x05, 0xF8, 0xC1, 0x84, 0x10, 0x03, 0xA5, 0xA0, 0xB6, 0x76,
    0x52, 0x40, 0xE5, 0x16, 0x80, 0xA6, 0xDF, 0x40, 0x47, 0x1F, 0x3E, 0x29, 0x62, 0xE7, 0x30, 0x55,
    0x30, 0x63, 0x1C, 0x4E, 0x26, 0x87, 0x3B, 0xF4, 0x2E, 0x1C, 0x6A, 0xD5, 0x40, 0x59, 0xF6, 0x9C,
    0xB0, 0x23, 0xE1, 0xCC, 0x87, 0x69, 0x96, 0x9B, 0x0E, 0xAD, 0xA3, 0x08, 0x83, 0x4C, 0x34, 0x0A,
    0x28, 0x02, 0x30, 0x45, 0x3C, 0x15, 0xA9, 0xC4, 0x3F, 0x3A, 0x39, 0xF9, 0xA2, 0x32, 0xCF, 0x3A,
    0x80, 0xA9, 0xD2, 0x50, 0x4D, 0x08, 0x27, 0x55, 0xFB, 0xF4, 0x3F, 0x1D, 0x22, 0x22, 0x6A, 0xD4,
    0xE9, 0x9B, 0xDB, 0x5B, 0x78, 0xF7, 0x39, 0xB9, 0x70, 0x91, 0x26, 0x74, 0xA2, 0xBC, 0xDE, 0x9C,
    0x6A, 0x3D, 0x53, 0x0C, 0xD7, 0x2D, 0xF0, 0xC3, 0x83, 0x2C, 0x62, 0x73, 0xFE, 0xE1, 0xAB, 0x7C,
    0xB7, 0x29, 0x80, 0x85, 0x61, 0x9F, 0xF2, 0x3A, 0x85, 0xAF, 0x51, 0xFB, 0x51, 0xED, 0xA1, 0x69,
    0x90, 0xCA, 0xC6, 0x56, 0xF6, 0xF4, 0x3F, 0x39, 0xEA, 0xAA, 0x58, 0xA9, 0xDC, 0x64, 0x37, 0x1B,
    0xF5, 0x35, 0xC3, 0xEA, 0x1E, 0xCB, 0x24, 0xFA, 0xE5, 0x00, 0xC7, 0xF8, 0x8F, 0x51, 0xD0, 0x48,
    0xBE, 0x58, 0x65, 0x33, 0x73, 0x69, 0x33, 0xB6, 0x85, 0xE7, 0x53, 0x6B, 0x45, 0xB0, 0x70, 0x3E,
    0xC1, 0x04, 0xF1, 0xFA, 0x19, 0xC1, 0x44, 0x93, 0x7D, 0x19, 0xEC, 0x07, 0xA7, 0x5C, 0xE9, 0x9B,
    0x09, 0x8A, 0x1A, 0x42, 0x38, 0x30, 0xF7, 0x87, 0x20, 0xA4, 0x96, 0xCD, 0x3D, 0xA0, 0x83, 0x16,
    0x13, 0x42, 0x41, 0xB4, 0x58, 0x6E, 0x53, 0xB4, 0x66, 0xE1, 0xFD, 0xC0, 0x64, 0xCE, 0xC7, 0x82,
    0x92, 0xEA, 0xD7, 0x9A, 0x0E, 0xCD, 0xC2, 0x34, 0x32, 0xE2, 0x93, 0x0D, 0x92, 0x4D, 0x50, 0x83,
    0x8F, 0x38, 0xD3, 0x77, 0xD1, 0x17, 0x03, 0x24, 0xD8, 0x9B, 0x58, 0x48, 0xC3, 0xF3, 0x19, 0xDF,
    0xFB, 0x01, 0x94, 0xC9, 0x66, 0xD3, 0x92, 0x42, 0x02, 0x5E, 0xE9, 0x00, 0x0F, 0x5A, 0xB5, 0xE2,
    0x03, 0x86, 0xF8, 0xDF, 0x07, 0x71, 0xF3, 0x8B, 0xDF, 0x5D, 0x24, 0x57, 0xFD, 0x02, 0x36, 0x0F,
    0x67, 0x4C, 0x04, 0x37, 0x98, 0xE1, 0xB7, 0x62, 0xD0, 0x1D, 0xAE, 0x4A, 0x2A, 0x82, 0xBF, 0x3E,
    0xB4, 0x6E, 0x01, 0x7C, 0x4B, 0xB5, 0x5F, 0xE1, 0x9F, 0xD4, 0x32, 0xFA, 0x1F, 0xD4, 0xC5, 0xB2,
    0x02, 0x34, 0x5F, 0x81, 0xEB, 0x2A, 0xCF, 0x25, 0x15, 0xA0, 0xBA, 0x7C, 0x32, 0xD9, 0x5D, 0x42,
    0xFF, 0x64, 0xE8, 0xC0, 0x11, 0x28, 0x65, 0x93, 0x39, 0xB2, 0x06, 0x3E, 0x09, 0xAE, 0x54, 0x52,
    0x5D, 0xB9, 0xBF, 0xFA, 0x49, 0x13, 0xC4, 0xEB, 0x57, 0x55, 0x87, 0x15, 0xCA, 0x86, 0x71, 0xE6,
    0xC6, 0xF3, 0x97, 0x4F, 0x3B, 0x7E, 0xCC, 0x3D, 0x9F, 0x48, 0xBF, 0xD7, 0x0C, 0xC9, 0x8C, 0x20,
    0x3C, 0x49, 0x3E, 0x15, 0xE8, 0x17, 0xD7, 0x4B, 0x3A, 0x60, 0x89, 0x51, 0xFA, 0x16, 0x76, 0x79,
    0x32, 0x81, 0x82, 0x24, 0x7C, 0x40, 0x01, 0x82, 0xE8, 0xF4, 0x87, 0x50, 0x66, 0x42, 0x17, 0x62,
    0xB0, 0xDB, 0xFB, 0x17, 0x8B, 0xEC, 0x2F, 0xA3, 0x6F, 0xBD, 0x50, 0x11, 0x62, 0x82, 0x54, 0x04,
    0x7F, 0x3D, 0x48, 0xF5, 0x0C, 0x50, 0xE9, 0xB4, 0x42, 0xAC, 0xAA, 0x2B, 0xA4, 0x5A, 0x16, 0xF4,
    0x85, 0x04, 0xE1, 0x98, 0xAB, 0x73, 0xC7, 0x3D, 0x0D, 0x3E, 0x1B, 0x36, 0x55, 0x19, 0x88, 0x76,
    0xF0, 0x4F, 0x86, 0x6A, 0x03, 0x16, 0x6F, 0x28, 0xEC, 0x52, 0x74, 0x3E, 0x59, 0x1B, 0xF0, 0xB6,
    0x54, 0x83, 0x29, 0xF7, 0x87, 0x8D, 0x43, 0xD7, 0x68, 0x70, 0xDA, 0x89, 0xD3, 0x1E, 0x20, 0x87,
    0x6F, 0xE8, 0xC5, 0x18, 0x20, 0xDB, 0x33, 0x56, 0xFD, 0x21, 0xD6, 0x79, 0x0B, 0xB4, 0xCD, 0x26,
    0x0B, 0x00, 0x03, 0xD6, 0x79, 0x6E, 0xC0, 0x97, 0xE8, 0x0A, 0x25, 0x45, 0xED, 0xD1, 0x4A, 0xBF,
    0xB7, 0x47, 0xF0, 0x8D, 0xD2, 0x6C, 0xA4, 0x57, 0xAC, 0x05, 0xA1, 0x22, 0xB3, 0xE4, 0x67, 0xAC,
    0x5F, 0x3E, 0x8B, 0x99, 0x21, 0x0A, 0xC8, 0xD1, 0xF1, 0x10, 0xA8, 0x32, 0x07, 0xCE, 0xA0, 0xC9,
    0xDE, 0x39, 0x02, 0x5A, 0x29, 0xEA, 0xD4, 0x55, 0xA1, 0x11, 0x83, 0xB7, 0x4F, 0xEC, 0xBD, 0x8C,
    0x71, 0x25, 0x51, 0x79, 0x95, 0x1F, 0xDC, 0x69, 0xDE, 0x7A, 0x49, 0x1A, 0xCC, 0x93, 0x77, 0x74,
    0xE5, 0x78, 0xE3, 0xA9, 0x90, 0xA6, 0xE5, 0x03, 0x19, 0xD4, 0x36, 0x8A, 0x82, 0xE0, 0xC8, 0x06,
    0x2C, 0xB7, 0x7C, 0x80, 0x55, 0x35, 0x88, 0xFE, 0x75, 0xF3, 0x66, 0x88, 0x17, 0x29, 0xFA, 0x3F,
    0x4D, 0x60, 0x52, 0xD8, 0x96, 0x9F, 0x74, 0xBD, 0x1C, 0x1F, 0xA7, 0xF8, 0x7E, 0x32, 0x66, 0x84,
    0xF1, 0x73, 0xF4, 0x6B, 0x89, 0xA8, 0xC0, 0xAD, 0xC0, 0x1C, 0xC3, 0x9B, 0xA9, 0xAC, 0x80, 0x43,
    0xF8, 0x02, 0x1D, 0x8D, 0x2E, 0x27, 0x27, 0x0C, 0x77, 0x93, 0x29, 0xA5, 0x0C, 0x9A, 0x75, 0xAA,
    0xE7, 0xAF, 0x68, 0x5B, 0x40, 0x48, 0x5F, 0x21, 0x0B, 0xEB, 0x1B, 0x8C, 0x8D, 0x5E, 0x2F, 0x69,
    0x07, 0x5A, 0xB4, 0x4D, 0x89, 0xE8, 0xEE, 0xAD, 0x7F, 0x8B, 0x47, 0x27, 0x77, 0x83, 0xA4, 0xFB,
    0x7F, 0x1D, 0xFD, 0xE4, 0xC3, 0x0C, 0x59, 0x33, 0xE0, 0x75, 0x93, 0xEC, 0xFF, 0x59, 0x75, 0x44,
    0xC8, 0x2A, 0x8B, 0xB0, 0x42, 0xE0, 0x2E, 0x1B, 0x72, 0x42, 0x3E, 0x63, 0x02, 0xF4, 0x06, 0x28,
    0xFE, 0x94, 0xA0, 0xEA, 0x61, 0xE6, 0x08, 0x8A, 0x68, 0xE7, 0x55, 0x5B, 0x51, 0xDD, 0x40, 0xB8,
    0xEB, 0x80, 0xE1, 0xC5, 0x13, 0x3C, 0xBE, 0x7B, 0xEC, 0xB8, 0x73, 0x8E, 0xC8, 0x57, 0xCB, 0x2D,
    0xDC, 0xC7, 0xD9, 0x7C, 0xD0, 0x93, 0xF5, 0x61, 0x15, 0xA1, 0xAA, 0x2D, 0x4E, 0x49, 0x3B, 0xC4,
    0x35, 0x37, 0xE2, 0x53, 0x0C, 0xB8, 0x3C, 0x38, 0x6E, 0x9E, 0x3F, 0xC8, 0x75, 0xBC, 0xD1, 0xD8,
    0xDD, 0xFC, 0x03, 0x7E, 0x86, 0xCB, 0x0F, 0x6A, 0xEC, 0x11, 0x80, 0x9A, 0x3A, 0x55, 0x69, 0xA6,
    0x15, 0x3F, 0x34, 0x57, 0xE8, 0xB0, 0xCC, 0x59, 0x21, 0x51, 0x6D, 0x57, 0x88, 0xAA, 0xA5, 0x5C,
    0x01, 0xB1, 0x02, 0xE0, 0x5B, 0x83, 0x46, 0x00, 0x51, 0x30, 0x48, 0x07, 0x40, 0x5B, 0xB4, 0x06,
    0x5E, 0x0C, 0xD4, 0xE0, 0xDB, 0x5A, 0x02, 0xDE, 0xD0, 0x16, 0xA0, 0x4D, 0x0F, 0x08, 0x6E, 0x04,
    0xF4, 0xF9, 0x56, 0x7C, 0x61, 0xB5, 0x5A, 0x02, 0x44, 0x59, 0x43, 0xB5, 0xD5, 0xC7, 0x87, 0xEC,
    0xF9, 0x2C, 0x70, 0x85, 0x54, 0x6B, 0xF8, 0x40, 0xA4, 0x01, 0x20, 0x2E, 0x54, 0xDA, 0x22, 0x1C,
    0xB1, 0xB9, 0x68, 0xAB, 0xFF, 0x08, 0xCF, 0xAA, 0x37, 0xA5, 0x10, 0x26, 0x71, 0xCA, 0x7E, 0x60,
    0xB5, 0x88, 0x55, 0xDA, 0x91, 0xDA, 0x3E, 0x78, 0x6A, 0x2F, 0xA4, 0x4F, 0x48, 0x5C, 0xFE, 0x58,
    0xB5, 0x53, 0x45, 0x7B, 0xF5, 0x54, 0xAA, 0x5F, 0xF4, 0xA9, 0x96, 0xB6, 0xDA, 0x2A, 0xB4, 0xA6,
    0x83, 0xF6, 0x92, 0x2B, 0xFD, 0xAC, 0xE9, 0x04, 0x86, 0xF1, 0x60, 0x5B, 0x8E, 0xC0, 0xCE, 0xD8,
    0x24, 0xBC, 0x9B, 0xAD, 0x3F, 0x4A, 0xF6, 0xA0, 0x62, 0x5D, 0xD9, 0x79, 0xDB, 0x7A, 0xE5, 0x76,
    0xA6, 0x1F, 0x11, 0xE6, 0xEA, 0x44, 0x03, 0x1C, 0xF2, 0x80, 0x95, 0x7D, 0x4C, 0x8A, 0xBD, 0x34,
    0xAE, 0x70, 0x2F, 0x5A, 0x64, 0xA0, 0x35, 0x26, 0xB3, 0x44, 0x1E, 0x56, 0xE0, 0xBE, 0x3E, 0xA6,
    0xCB, 0x99, 0xD5, 0x2D, 0x06, 0xF1, 0x01, 0xD4, 0x1F, 0x06, 0x50, 0x18, 0x87, 0xB4, 0xB5, 0x20,
    0xD6, 0x1A, 0x2A, 0xC7, 0x3A, 0x6F, 0x70, 0xF8, 0xEF, 0x3F, 0xDB, 0x2B, 0xE8, 0xF6, 0xA2, 0x3B,
    0x37, 0xCA, 0xF9, 0xB2, 0x7A, 0x3E, 0x40, 0x20, 0xFF, 0x03, 0x8C, 0xAE, 0x61, 0xB4, 0xC7, 0x8C,
    0xE4, 0x48, 0x87, 0xF7, 0xA6, 0x36, 0xA8, 0x7A, 0x96, 0x75, 0xBD, 0x8D, 0xA5, 0x01, 0xD2, 0xF8,
    0x4A, 0x7C, 0x6A, 0x39, 0x63, 0xA4, 0x75, 0x11, 0xF8, 0xA4, 0xF7, 0xF1, 0x39, 0x99, 0x1E, 0x57,
    0xBA, 0x05, 0xB7, 0xBF, 0x0C, 0x4F, 0xFC, 0xA4, 0x32, 0xEB, 0x6C, 0xDE, 0x78, 0x47, 0xD6, 0x39,
    0x7E, 0xB4, 0x59, 0xA7, 0x47, 0xD6, 0x89, 0xD1, 0x8F, 0xAC, 0x13, 0xB1, 0x40, 0x07, 0xB4, 0xAD,
    0xD1, 0x1A, 0x60, 0x59, 0xE7, 0xF5, 0xE3, 0x52, 0xB5, 0x2D, 0x78, 0x47, 0x00, 0x46, 0xFF, 0x25,
    0xF0, 0xB0, 0xAC, 0xEF, 0xE6, 0x79, 0x8D, 0xAC, 0xAF, 0xD0, 0x0E, 0x59, 0x5F, 0xB1, 0x94, 0xA9,
    0x96, 0xEE, 0xD5, 0x9E, 0x59, 0x5F, 0xF7, 0xE1, 0x65, 0x7D, 0x00, 0x7F, 0xCD, 0xAC, 0xAF, 0xB5,
    0xAC, 0x0F, 0xBF, 0x56, 0x0D, 0x00, 0xA7, 0x3D, 0x40, 0x4E, 0xC4, 0x40, 0xAE, 0x0D, 0x0C, 0x71,
    0xB4, 0x02, 0x28, 0xFC, 0x91, 0xC0, 0xB1, 0xF5, 0xB2, 0x34, 0x0F, 0x11, 0x6F, 0xE6, 0x5B, 0x9A,
    0xAB, 0x8A, 0x7E, 0x0E, 0x93, 0xC3, 0x5F, 0xC4, 0x8B, 0x34, 0x43, 0x14, 0x30, 0xAC, 0xCE, 0x30,
    0xA8, 0xA0, 0xEE, 0x15, 0xA4, 0xBE, 0x26, 0x69, 0xC5, 0x5A, 0x68, 0xE3, 0x85, 0x29, 0x22, 0x7D,
    0xD2, 0x2D, 0xA5, 0x24, 0xAA, 0x98, 0xAB, 0x32, 0x4B, 0x08, 0x17, 0xAC, 0xFE, 0x16, 0x4C, 0x15,
    0xAF, 0x81, 0xFC, 0x9D, 0x95, 0x67, 0x0B, 0xFC, 0xBC, 0xFF, 0xF7, 0x6E, 0xAA, 0x0B, 0x84, 0x82,
    0xCD, 0x74, 0x02, 0xBB, 0x08, 0x58, 0xEE, 0xC6, 0x3E, 0x23, 0x52, 0xD5, 0xD8, 0xE2, 0xAB, 0x03,
    0x88, 0x2D, 0x28, 0x55, 0x04, 0x79, 0x2D, 0xD2, 0x60, 0xD4, 0x86, 0xE8, 0x7A, 0x30, 0x12, 0x32,
    0xAC, 0xCD, 0xB7, 0xD3, 0xD5, 0x28, 0x8E, 0x7F, 0x51, 0xF8, 0x86, 0x57, 0x9D, 0x70, 0x42, 0x87,
    0x0F, 0x7A, 0xD2, 0x53, 0x3A, 0x8E, 0xA7, 0x42, 0x91, 0x90, 0x85, 0x55, 0x83, 0xF2, 0xFC, 0x5C,
    0xE2, 0xF3, 0x97, 0x44, 0xB5, 0x44, 0xC8, 0x7B, 0x51, 0xCB, 0xC8, 0x9E, 0xC4, 0x97, 0xB6, 0x98,
    0x5D, 0x21, 0x25, 0x24, 0x4F, 0x01, 0x28, 0x9A, 0x15, 0xD5, 0x8C, 0xA1, 0x98, 0x1D, 0xF9, 0xFA,
    0xC9, 0x8C, 0xBE, 0xF9, 0xFA, 0xCF, 0xB5, 0x94, 0x5C, 0xF5, 0x5F, 0x14, 0x3A, 0x2D, 0x91, 0x06,
    0x1A, 0x0D, 0x7B, 0xCB, 0x6B, 0xF0, 0x78, 0x80, 0x59, 0xA9, 0xD2, 0xF1, 0xAE, 0x3E, 0x94, 0x5B,
    0x7A, 0x86, 0xDD, 0xBF, 0x68, 0x31, 0xE5, 0x85, 0xA2, 0x85, 0x2B, 0xD6, 0x88, 0x41, 0x23, 0xE1,
    0xE4, 0x9C, 0x74, 0x88, 0x5E, 0xB6, 0x91, 0x52, 0x0C, 0x34, 0xFB, 0x84, 0x1D, 0x12, 0x28, 0xE2,
    0xF8, 0x32, 0xCF, 0x6D, 0xC0, 0x62, 0xFB, 0x30, 0xB1, 0x42, 0x08, 0xA4, 0x8D, 0x06, 0x5F, 0x19,
    0x00, 0xD5, 0xB7, 0x7B, 0x80, 0xFF, 0x7E, 0x0B, 0x70, 0x3F, 0x35, 0x28, 0xB4, 0x04, 0xE4, 0x0A,
    0xCA, 0x7D, 0x2A, 0x93, 0x26, 0x78, 0x2C, 0x80, 0x2D, 0xF1, 0x9B, 0xE7, 0x2F, 0xAB, 0xCE, 0xD8,
    0x68, 0x2C, 0x74, 0xC6, 0xDB, 0x4D, 0xD9, 0x88, 0x14, 0x3F, 0x51, 0x2E, 0x30, 0xAB, 0x12, 0xF1,
    0xCE, 0xB2, 0x57, 0x89, 0x94, 0xFE, 0x76, 0x6C, 0xED, 0x38, 0x56, 0x81, 0x32, 0x5A, 0xCB, 0xBD,
    0x95, 0xBB, 0xB0, 0xD6, 0x4C, 0x4D, 0x29, 0x93, 0x35, 0x68, 0xF4, 0xAD, 0x8C, 0xF6, 0x28, 0x6F,
    0xF0, 0x6D, 0x3C, 0xA0, 0x75, 0x49, 0xEF, 0xFA, 0xA4, 0x47, 0x03, 0x93, 0x0E, 0xA7, 0xC0, 0xBF,
    0xDB, 0x7C, 0xB0, 0xFF, 0x3F, 0x9D, 0xF2, 0x7A, 0x3D, 0x57, 0x2E, 0x0D, 0x79, 0x89, 0x53, 0x24,
    0x09, 0x6E, 0x3D, 0x0B, 0xD3, 0xF7, 0x58, 0xE2, 0x19, 0x76, 0x88, 0x96, 0xDB, 0x12, 0xF1, 0x51,
    0x80, 0xA2, 0xF2, 0xCF, 0x1B, 0xF7, 0x4D, 0x91, 0xE6, 0x02, 0x5C, 0x33, 0x6E, 0x9B, 0xBA, 0x4C,
    0x7A, 0x18, 0xE1, 0xFA, 0x7D, 0x79, 0xE6, 0x60, 0xDD, 0xDE, 0x76, 0xA0, 0xBF, 0xC0, 0x0D, 0xE8,
    0xAF, 0xAA, 0xB6, 0x9F, 0xD2, 0xF9, 0xB9, 0x66, 0x2E, 0xB1, 0x6F, 0x58, 0xF0, 0xA7, 0xAE, 0xB6,
    0xB6, 0x7B, 0x1A, 0x1C, 0x82, 0x23, 0x7D, 0xCE, 0x64, 0x35, 0x9B, 0x89, 0x69, 0xDB, 0xCD, 0xA8,
    0xE9, 0x6C, 0x90, 0xE8, 0x06, 0x35, 0x20, 0x6F, 0x3A, 0xC0, 0x71, 0x31, 0x00, 0x2E, 0xB2, 0x00,
    0x29, 0x23, 0x5F, 0xCC, 0xEA, 0x23, 0xE5, 0xC6, 0x19, 0x22, 0x80, 0x2B, 0x19, 0xF2, 0x57, 0x8E,
    0x6F, 0x13, 0x7A, 0x95, 0x46, 0x43, 0xA6, 0x3A, 0xA8, 0xC1, 0x78, 0x67, 0xED, 0xA8, 0x3B, 0xF0,
    0xAB, 0x20, 0x8D, 0x0E, 0x5F, 0xD2, 0x87, 0x52, 0x98, 0x5F, 0xA1, 0x1B, 0xF7, 0x17, 0xC7, 0x01,
    0x23, 0x67, 0xF8, 0xCD, 0xAF, 0x7A, 0x3E, 0x1F, 0xED, 0xE8, 0x50, 0xAD, 0x58, 0xE2, 0x5B, 0xD3,
    0xA1, 0xCC, 0xB8, 0xDC, 0x3B, 0x5E, 0xB6, 0xC7, 0x35, 0x68, 0x26, 0xC4, 0x04, 0x40, 0xF5, 0x2D,
    0x5A, 0xEE, 0x75, 0x9A, 0xED, 0xDF, 0x7B, 0x40, 0xFE, 0xCB, 0xCE, 0x80, 0xFB, 0xFF, 0x29, 0x9B,
    0x89, 0x44, 0x85, 0x0E, 0x69, 0xC7, 0x42, 0x08, 0x46, 0x63, 0x42, 0x32, 0x1A, 0xA4, 0x83, 0x41,
    0xDE, 0x0B, 0xBB, 0xC2, 0xA0, 0xD9, 0x84, 0x80, 0x62, 0x8C, 0x9B, 0xC3, 0xF6, 0x06, 0x8F, 0x98,
    0xF6, 0x63, 0x6F, 0x38, 0x57, 0xD5, 0x05, 0x64, 0xCE, 0x3B, 0xC9, 0xB1, 0x89, 0xED, 0x86, 0x02,
    0x81, 0xE3, 0x33, 0x7B, 0xFC, 0x64, 0x2F, 0xD0, 0x63, 0xD9, 0xD9, 0x55, 0x27, 0xEF, 0x79, 0xF3,
    0x06, 0x6E, 0x16, 0xB8, 0xE9, 0x70, 0xD3, 0xE3, 0xE6, 0xA9, 0x5B, 0xCE, 0x5F, 0x59, 0xBC, 0xAA,
    0x92, 0x88, 0xDC, 0x9A, 0xED, 0xE1, 0x40, 0xB2, 0x45, 0x84, 0xFC, 0xE0, 0x1F, 0xF4, 0xAF, 0x73,
    0xA2, 0xB2, 0x6D, 0x36, 0xBB, 0xBB, 0xD0, 0x3B, 0x81, 0xB8, 0xDE, 0xDC, 0xF2, 0xFA, 0xB2, 0xF2,
    0x91, 0xF5, 0x43, 0x0F, 0xB3, 0xBA, 0xCE, 0xD0, 0xEF, 0xDE, 0xC5, 0xFB, 0x39, 0x9A, 0x87, 0x9C,
    0x16, 0xE0, 0x67, 0x66, 0x22, 0x6A, 0x71, 0xED, 0x93, 0x9A, 0x4C, 0x62, 0x09, 0x75, 0x84, 0x2D,
    0xAE, 0x62, 0x06, 0xE2, 0x1A, 0xDF, 0xB3, 0xD5, 0xD7, 0x3E, 0x59, 0x3F, 0xFF, 0x19, 0xCD, 0xF4,
    0x82, 0x7E, 0xF6, 0x3C, 0xBA, 0xC4, 0x9C, 0x9F, 0xB7, 0x99, 0x8E, 0x2B, 0x2D, 0xBE, 0xBF, 0x48,
    0x5E, 0x3B, 0xA9, 0x6A, 0x57, 0x1E, 0x4B, 0x31, 0x56, 0x72, 0x5B, 0x52, 0x9D, 0xB1, 0xA3, 0xAC,
    0x93, 0xFC, 0x99, 0xC8, 0xA7, 0x6B, 0xF9, 0x2F, 0xC4, 0x92, 0x31, 0x8C, 0xE4, 0x48, 0x15, 0x86,
    0x3F, 0xDB, 0xEC, 0x19, 0x61, 0x89, 0x4A, 0x6E, 0x03, 0xF6, 0xA4, 0x73, 0xCC, 0x22, 0x54, 0x29,
    0xC1, 0x32, 0xE5, 0x05, 0x09, 0xD2, 0x0E, 0x18, 0x9D, 0x44, 0x42, 0x8A, 0x8E, 0xA0, 0x13, 0x02,
    0x82, 0xE5, 0x6C, 0x89, 0x80, 0xF0, 0x26, 0x27, 0xB9, 0xE0, 0x02, 0x68, 0x82, 0xC9, 0xA5, 0xE5,
    0x6C, 0x62, 0x92, 0xCA, 0x93, 0x73, 0x70, 0x20, 0x31, 0x04, 0x54, 0x60, 0x24, 0xEF, 0x60, 0xFB,
    0x51, 0xAF, 0xAC, 0x69, 0xED, 0x32, 0x4B, 0x30, 0x00, 0xE2, 0x77, 0xBF, 0xEF, 0xFD, 0x2E, 0xD7,
    0xBC, 0x91, 0xCB, 0x7F, 0xD5, 0xB9, 0xE0, 0xA6, 0x76, 0x72, 0x93, 0x0D, 0x59, 0x03, 0x90, 0x51,
    0x0D, 0xD5, 0x60, 0xEE, 0x2E, 0xBF, 0x5F, 0xB5, 0xAF, 0x47, 0xBD, 0xEC, 0x68, 0x83, 0x5E, 0xEE,
    0x7C, 0x3D, 0x3E, 0xC0, 0x57, 0x1A, 0xC0, 0x9C, 0x51, 0x77, 0x50, 0x8A, 0x34, 0xB4, 0x22, 0x53,
    0x26, 0x1F, 0xFF, 0x68, 0x29, 0x56, 0xF3, 0xFD, 0xCD, 0xCC, 0xE6, 0xBB, 0x9B, 0x09, 0xE6, 0x3B,
    0xAB, 0x1D, 0xCD, 0xF3, 0xD9, 0x79, 0xD3, 0xB0, 0x63, 0x88, 0x68, 0xFF, 0x15, 0x5E, 0xDB, 0x37,
    0x46, 0xD4, 0x21, 0x22, 0x8E, 0x6A, 0xBE, 0x5C, 0xAD, 0xA6, 0xF9, 0x66, 0x21, 0x1F, 0x3F, 0x5F,
    0x11, 0xF9, 0xEB, 0x42, 0x2D, 0x12, 0xC8, 0xFA, 0xAD, 0x01, 0xD3, 0x70, 0x0F, 0x49, 0x59, 0x2F,
    0x1D, 0x18, 0x91, 0x19, 0xDA, 0xB1, 0x5E, 0x41, 0xC8, 0xE3, 0x2F, 0x99, 0x62, 0x81, 0x7E, 0x27,
    0x65, 0xE4, 0xCF, 0x12, 0xA1, 0xB8, 0xC7, 0x7C, 0x43, 0x25, 0x67, 0xF2, 0xA1, 0xDC, 0x9C, 0x40,
    0xA2, 0x1A, 0x3E, 0xEC, 0xD5, 0x53, 0x7B, 0x00, 0x33, 0x26, 0x06, 0x65, 0x75, 0x9F, 0xFB, 0x53,
    0xAF, 0xAC, 0x3B, 0xE5, 0x05, 0xAA, 0xDB, 0xAD, 0xE1, 0xA7, 0x85, 0xC8, 0xF6, 0xBD, 0xC9, 0x4A,
    0x54, 0x70, 0x7F, 0x3C, 0x8A, 0x0C, 0xDF, 0xD2, 0xF7, 0x03, 0xC8, 0x0E, 0xEC, 0xFA, 0x6A, 0x2A,
    0xD7, 0x5D, 0x5F, 0xB9, 0xA6, 0xFE, 0x8B, 0xAC, 0x42, 0x29, 0xB7, 0xB2, 0x90, 0x6D, 0xD4, 0x81,
    0x7C, 0xA6, 0x08, 0xFA, 0x63, 0xA6, 0xF4, 0xF0, 0x92, 0x6A, 0x80, 0x17, 0x6F, 0x70, 0x5F, 0xDF,
    0xF7, 0xE4, 0x93, 0x9A, 0x6C, 0xC3, 0x04, 0x0A, 0xB9, 0x91, 0x19, 0x23, 0xB2, 0x6D, 0xB8, 0xDF,
    0xF7, 0x63, 0xDB, 0x18, 0xE0, 0x7D, 0x76, 0x9D, 0x4E, 0xBF, 0x89, 0x75, 0x25, 0xB2, 0x22, 0xE2,
    0x6B, 0xF1, 0xD4, 0x5B, 0x53, 0x48, 0xA7, 0x07, 0x94, 0x49, 0x93, 0xE6, 0x49, 0x47, 0x39, 0x42,
    0x3B, 0xA4, 0xFF, 0xE4, 0x46, 0x4C, 0x07, 0x75, 0xA0, 0x06, 0xCC, 0x94, 0xDE, 0xB4, 0x5A, 0x78,
    0x01, 0x14, 0x2B, 0x33, 0x90, 0x4B, 0x36, 0x01, 0x48, 0x11, 0xB4, 0xF5, 0xBF, 0xF4, 0xDA, 0xDC,
    0x1F, 0x06, 0x6D, 0xF6, 0xF3, 0x46, 0xCF, 0xF9, 0x5A, 0x4E, 0x57, 0xD0, 0x8B, 0xC8, 0x18, 0xEF,
    0x7E, 0xBB, 0xE9, 0x5D, 0xFA, 0x4E, 0xE7, 0xF6, 0xF8, 0x83, 0xF5, 0xB2, 0x39, 0x6F, 0x49, 0xED,
    0xFC, 0xEC, 0xED, 0xAD, 0x5A, 0x51, 0xD5, 0x92, 0xC2, 0x22, 0x22, 0xE7, 0xF6, 0xE2, 0xE5, 0x3F,
    0xEB, 0xC7, 0xEC, 0xE2, 0xDD, 0x97, 0xF7, 0xC4, 0x3B, 0xFD, 0x15, 0xB4, 0xB2, 0x92, 0xC9, 0xAF,
    0xA4, 0x29, 0x27, 0x4D, 0xF0, 0x88, 0xF5, 0x66, 0xC0, 0xF8, 0xFA, 0x0E, 0x4D, 0x4A, 0x86, 0x09,
    0x8A, 0x05, 0x28, 0xA5, 0x83, 0x42, 0x66, 0xA8, 0x24, 0x5A, 0x7B, 0x8C, 0xF6, 0xA2, 0x10, 0xE1,
    0x23, 0x5A, 0xF1, 0x1F, 0x51, 0x4A, 0x68, 0xA1, 0x5D, 0x5C, 0x47, 0xB5, 0xBA, 0x40, 0xBE, 0xDA,
    0x0D, 0x36, 0x23, 0x23, 0x5B, 0x21, 0x1B, 0x2B, 0xBD, 0x78, 0xCD, 0xFF, 0x36, 0x91, 0x89, 0x8C,
    0x44, 0x3B, 0x10, 0xAD, 0x07, 0x6C, 0xB8, 0x0B, 0x5B, 0x11, 0xCA, 0x8E, 0x3C, 0x18, 0x45, 0x3D,
    0x28, 0x3C, 0xC5, 0x68, 0x02, 0x66, 0xA8, 0x36, 0xDA, 0x2E, 0x17, 0xD9, 0xE0, 0x28, 0x23, 0x67,
    0xD9, 0xC6, 0xF8, 0x76, 0xB0, 0xA1, 0x1D, 0x5C, 0xD0, 0x1E, 0xEF, 0x07, 0xDE, 0x54, 0xD6, 0xCB,
    0x8C, 0x4A, 0x73, 0xEA, 0x75, 0x41, 0xFE, 0x7C, 0xD9, 0x2F, 0xFB, 0xA9, 0xA6, 0x28, 0xE0, 0x74,
    0xD9, 0x8E, 0xD0, 0x03, 0x14, 0x33, 0xF9, 0x92, 0x4E, 0x6A, 0xD5, 0x94, 0xB4, 0xB2, 0xD1, 0x52,
    0xF9, 0x7C, 0x7B, 0x2E, 0x4D, 0x9C, 0xDF, 0x55, 0x01, 0xD7, 0x99, 0xC1, 0xEA, 0x29, 0xD9, 0xA6,
    0xF2, 0x0E, 0x37, 0xF0, 0x35, 0x8A, 0xF1, 0x02, 0xD7, 0xA4, 0xD7, 0xF8, 0x39, 0xAD, 0x9A, 0x3C,
    0x9A, 0x9E, 0x64, 0x5E, 0x20, 0x00, 0xD9, 0x7D, 0x73, 0xDE, 0xA3, 0xA6, 0x49, 0xE6, 0x82, 0xB6,
    0x4B, 0x73, 0x74, 0xB2, 0x9A, 0xD1, 0x62, 0x3D, 0x59, 0x53, 0xFA, 0xBA, 0x33, 0x81, 0xB2, 0x33,
    0x83, 0x19, 0x8A, 0x8D, 0x63, 0x53, 0x77, 0x65, 0x40, 0x33, 0xEE, 0xC8, 0x67, 0xDE, 0x93, 0x91,
    0x15, 0xB6, 0xFD, 0x2D, 0xC0, 0x75, 0xA4, 0x3C, 0x63, 0x66, 0xA0, 0xEF, 0x20, 0x97, 0x2F, 0x38,
    0xAE, 0x00, 0xED, 0x1E, 0x3B, 0x5D, 0x92, 0x95, 0xA4, 0x47, 0x97, 0xFB, 0x79, 0xBD, 0x4A, 0x9F,
    0xD9, 0x84, 0x18, 0x8B, 0xD1, 0x8C, 0x79, 0x64, 0x0A, 0xC3, 0x93, 0x3E, 0x94, 0x72, 0x1D, 0xEC,
    0x68, 0x82, 0x1B, 0x4C, 0x68, 0x3B, 0xAD, 0x3A, 0x7A, 0x17, 0xDC, 0xED, 0xDF, 0x27, 0x23, 0xBF,
    0xD8, 0xB2, 0x4F, 0xF9, 0x01, 0x49, 0x79, 0xC8, 0x26, 0x4A, 0x5F, 0x8C, 0xD4, 0x83, 0x19, 0x70,
    0x8D, 0xEB, 0x10, 0x7A, 0x8A, 0x35, 0xDF, 0x30, 0x4B, 0xB5, 0x60, 0xA7, 0x7A, 0xC6, 0x05, 0x1B,
    0x14, 0x13, 0x66, 0x8E, 0x6B, 0xC5, 0x52, 0xAC, 0x64, 0x1B, 0x02, 0x2D, 0xAE, 0xC3, 0xEA, 0xDF,
    0x56, 0xBE, 0x1C, 0x75, 0x5E, 0x80, 0x03, 0x87, 0xA7, 0xA7, 0xA8, 0xC6, 0x49, 0x54, 0xB7, 0x13,
    0xC0, 0xFC, 0x5B, 0x7C, 0x84, 0x4A, 0x44, 0xCE, 0xF5, 0x5F, 0xC9, 0xCE, 0xE3, 0xCB, 0x03, 0x29,
    0x3B, 0xAD, 0xC8, 0x98, 0xB2, 0xF3, 0xDE, 0x76, 0xBD, 0xA2, 0xD9, 0xC9, 0x17, 0x7A, 0x34, 0x3B,
    0xD1, 0xB8, 0x4E, 0xB3, 0xA3, 0x66, 0xD0, 0xEC, 0x24, 0xA3, 0xD9, 0x49, 0x8F, 0xF2, 0xDD, 0xB4,
    0x4D, 0xCC, 0x4E, 0x34, 0xD9, 0x46, 0xA6, 0x46, 0x64, 0xBA, 0x33, 0x03, 0x59, 0xDA, 0x53, 0x7B,
    0xF6, 0xCD, 0x26, 0x44, 0xA3, 0x73, 0xCA, 0x59, 0xB3, 0x13, 0x4D, 0xBE, 0x6A, 0x76, 0xA2, 0x41,
    0xD0, 0xEC, 0x44, 0xD3, 0xEF, 0xD9, 0x59, 0x71, 0x5E, 0xB3, 0xD3, 0x4A, 0xA8, 0x57, 0xCD, 0xCE,
    0xD3, 0xD3, 0xD5, 0x3B, 0xBF, 0xFE, 0x8F, 0xB3, 0x93, 0x3E, 0xCE, 0x27, 0x4E, 0xA2, 0xA6, 0x9D,
    0x9C, 0x95, 0xC9, 0xA4, 0xB9, 0xC2, 0xFE, 0xAD, 0x1F, 0x5C, 0x63, 0xFC, 0x67, 0x94, 0xE1, 0x77,
    0x14, 0x61, 0x89, 0xB5, 0xC6, 0xFA, 0x2C, 0x56, 0x4B, 0x35, 0x3A, 0x7F, 0x1C, 0x8C, 0x48, 0x93,
    0xEB, 0xE8, 0x27, 0x07, 0xEE, 0x64, 0x1F, 0xC4, 0xA7, 0xA7, 0xFE, 0xE6, 0xCD, 0x98, 0x3C, 0x74,
    0x02, 0x3C, 0xE6, 0x6D, 0x7A, 0x4B, 0x00, 0x8F, 0x5F, 0x50, 0xC6, 0x5E, 0x07, 0x37, 0xC6, 0xC4,
    0x86, 0x58, 0x53, 0xD5, 0x55, 0x13, 0x18, 0xAD, 0x10, 0x6B, 0x04, 0x3B, 0x80, 0x6B, 0x60, 0x85,
    0x5C, 0x97, 0xF5, 0x96, 0x77, 0x99, 0x79, 0x56, 0x8C, 0x3C, 0xAB, 0x6F, 0x4E, 0x8B, 0x13, 0xD1,
    0x8A, 0xF9, 0x89, 0x01, 0xFA, 0xC9, 0xA7, 0xE7, 0x99, 0x2E, 0xCE, 0x74, 0x9D, 0x99, 0xEA, 0xEE,
    0x6E, 0x9E, 0xF5, 0xD0, 0x37, 0xB4, 0x13, 0xB4, 0x1B, 0x11, 0x23, 0x54, 0x33, 0x14, 0xCB, 0x97,
    0x62, 0x3D, 0x8B, 0xF5, 0x6D, 0xCA, 0xC5, 0x61, 0x26, 0x7B, 0xD3, 0xFB, 0x4A, 0x36, 0xF8, 0xE1,
    0x01, 0xF6, 0x9D, 0x32, 0xE4, 0x12, 0x77, 0x50, 0x05, 0xEA, 0x8E, 0x0B, 0x54, 0x4F, 0xAE, 0xE0,
    0x84, 0x0D, 0x20, 0xFF, 0x5B, 0x66, 0x89, 0x79, 0xE4, 0x44, 0x21, 0x8D, 0x9D, 0xA9, 0x22, 0x57,
    0x6C, 0x0C, 0x85, 0xFC, 0x69, 0x6D, 0x47, 0xD7, 0xCA, 0x6C, 0x17, 0x67, 0xC4, 0x97, 0xAB, 0x6B,
    0x2E, 0xD9, 0x0F, 0xED, 0xCC, 0x2E, 0x71, 0x48, 0xF4, 0x89, 0x53, 0xA2, 0x28, 0xED, 0xA6, 0x34,
    0xAB, 0xB2, 0x98, 0x50, 0x7D, 0x43, 0xA2, 0x7C, 0x2E, 0xA9, 0x55, 0x22, 0xB7, 0xD7, 0x13, 0x46,
    0x24, 0x18, 0x8F, 0xD5, 0x36, 0xE0, 0x1E, 0xDA, 0xEC, 0xDE, 0xCC, 0xDE, 0xAA, 0xBD, 0x15, 0x7B,
    0xA3, 0xDF, 0x5B, 0xF6, 0x41, 0x6A, 0x14, 0xFF, 0xEF, 0xE6, 0x01, 0x13, 0x34, 0x37, 0x85, 0x04,
    0x23, 0x9E, 0x72, 0x6F, 0xBB, 0xB2, 0xC6, 0x06, 0x37, 0xB9, 0x39, 0x5E, 0xA1, 0xBA, 0xE2, 0x00,
    0x81, 0x6C, 0x22, 0x97, 0x4E, 0x83, 0x62, 0x02, 0xE5, 0xA4, 0x3F, 0x13, 0xBE, 0xDE, 0x8F, 0xAD,
    0x0C, 0xF6, 0x15, 0xF0, 0x09, 0xBA, 0x84, 0x8B, 0x4F, 0x64, 0xC2, 0x7D, 0x3E, 0xF1, 0xBE, 0x8E,
    0x7F, 0x60, 0x3D, 0x3A, 0xAE, 0x07, 0x23, 0x32, 0x3D, 0xD2, 0xAC, 0x1F, 0x5F, 0x51, 0x88, 0x0C,
    0x31, 0xE1, 0xC1, 0xFA, 0x62, 0x76, 0x43, 0xBE, 0xC4, 0x5A, 0xDB, 0x2E, 0xDB, 0x5E, 0xAB, 0x35,
    0xAE, 0xC5, 0x2A, 0x96, 0x7A, 0x2C, 0xE7, 0xEA, 0xD5, 0xF1, 0x1F, 0xED, 0x5C, 0x31, 0xAC, 0xE5,
    0xC6, 0x75, 0x3D, 0xE4, 0xF8, 0x7F, 0x06, 0x7E, 0x40, 0x98, 0x22, 0x31, 0x82, 0xDD, 0x20, 0x4C,
    0x91, 0x4A, 0x08, 0xCC, 0x36, 0x85, 0xB4, 0x43, 0x27, 0x45, 0xCA, 0xA8, 0xF0, 0x4F, 0xB3, 0x85,
    0xEA, 0xA8, 0xD9, 0x94, 0x29, 0x76, 0x45, 0x06, 0xE9, 0x81, 0x2D, 0x64, 0x37, 0x6E, 0x54, 0x1A,
    0x3F, 0x85, 0x52, 0x04, 0x88, 0x0A, 0x7D, 0x73, 0xE4, 0x14, 0x29, 0xC3, 0xC0, 0x50, 0x5A, 0x11,
    0x88, 0x15, 0x24, 0x71, 0xE1, 0x81, 0x41, 0x23, 0x94, 0x4C, 0xBE, 0x9B, 0xBD, 0x73, 0xEE, 0x23,
    0xFE, 0xDB, 0xFD, 0xBB, 0xBB, 0x91, 0x76, 0x0D, 0x7D, 0xE5, 0x0F, 0xF6, 0xCD, 0x39, 0x9F, 0x7C,
    0x6F, 0x66, 0xEE, 0xB9, 0x43, 0xDE, 0xE1, 0xCC, 0x70, 0xC7, 0x4C, 0xA4, 0xC3, 0xB7, 0xDE, 0x45,
    0x4A, 0xDF, 0x46, 0xA5, 0xB7, 0x75, 0xF5, 0xC8, 0x58, 0x44, 0xB8, 0x49, 0x6F, 0xC5, 0x6B, 0xB6,
    0x07, 0x04, 0xD2, 0xA0, 0x0F, 0x7E, 0x60, 0xA0, 0xA9, 0xA7, 0x72, 0x26, 0x6B, 0x07, 0x3F, 0x42,
    0x9A, 0xBE, 0x4B, 0x11, 0xC7, 0xCD, 0xF9, 0x82, 0xDD, 0xE8, 0x74, 0xB8, 0xA1, 0x5E, 0x46, 0xD5,
    0xE0, 0xB7, 0xF1, 0x0D, 0x55, 0x49, 0x47, 0x70, 0xDF, 0xEC, 0x0E, 0xC3, 0x94, 0xBA, 0x01, 0xD0,
    0x2A, 0xF3, 0x00, 0x6E, 0x8B, 0xB2, 0x0B, 0x3D, 0xF4, 0x89, 0xB2, 0x45, 0xDB, 0x52, 0x46, 0x5E,
    0xE4, 0x80, 0x32, 0x17, 0x0F, 0x6C, 0x37, 0x1C, 0x58, 0x19, 0xC8, 0x58, 0x1C, 0x99, 0x07, 0x19,
    0x8B, 0x23, 0x5B, 0x8C, 0x69, 0x71, 0xB7, 0x3A, 0x65, 0x69, 0x4C, 0x12, 0x94, 0x69, 0x71, 0x42,
    0x56, 0x86, 0x5C, 0x59, 0x15, 0x51, 0x37, 0x85, 0x04, 0x9C, 0xB4, 0x9F, 0xBD, 0xE9, 0x51, 0xB6,
    0xEC, 0xAD, 0x17, 0xF8, 0xB6, 0x0F, 0x78, 0x24, 0x75, 0xB3, 0xE0, 0xBE, 0xD7, 0x9A, 0xB5, 0xB8,
    0x89, 0xCC, 0x45, 0x37, 0x92, 0xED, 0x86, 0x22, 0x24, 0xA6, 0x0A, 0x80, 0xAC, 0x6E, 0xFC, 0xA3,
    0x3B, 0x69, 0x97, 0x8C, 0xF5, 0x16, 0x04, 0x2F, 0xF0, 0x3B, 0x67, 0xED, 0xC7, 0x8D, 0x19, 0xEB,
    0x03, 0x8B, 0x33, 0xE6, 0x22, 0x19, 0x8D, 0x3D, 0xE9, 0x3F, 0x05, 0x8D, 0x2D, 0x45, 0x70, 0x08,
    0x15, 0xDF, 0x35, 0x4D, 0x5F, 0x4B, 0xB5, 0x9A, 0x7E, 0xA6, 0xE9, 0x42, 0x4D, 0x59, 0x24, 0x35,
    0x75, 0x91, 0x9A, 0x7E, 0x59, 0xFD, 0xC8, 0x58, 0x9C, 0xE9, 0x77, 0xBA, 0x6F, 0x4C, 0xBF, 0x5E,
    0xA6, 0xC4, 0xEA, 0xEF, 0xEC, 0xDD, 0x9A, 0x98, 0x77, 0x4B, 0x26, 0x49, 0xD3, 0x0B, 0x37, 0x43,
    0x92, 0xA6, 0x4B, 0x36, 0x41, 0x54, 0xD3, 0x5F, 0x68, 0x71, 0xA2, 0x9A, 0xFE, 0x69, 0x4C, 0xCC,
    0x0C, 0xCE, 0x56, 0xEA, 0xC7, 0x07, 0x31, 0xB6, 0xAE, 0x88, 0xCA, 0x3C, 0x8F, 0x9B, 0xB1, 0x6C,
    0xEB, 0xC2, 0x0F, 0x8D, 0x75, 0x63, 0xD6, 0xD0, 0xD8, 0xAA, 0x73, 0x81, 0xC5, 0x3D, 0x40, 0x11,
    0xD2, 0xCF, 0xB2, 0xFD, 0xF9, 0xFB, 0x5D, 0x2A, 0xCE, 0x31, 0x98, 0x79, 0xA0, 0x48, 0x4C, 0x53,
    0x76, 0x76, 0x76, 0x06, 0x0D, 0x19, 0xEC, 0xA7, 0x1A, 0x38, 0x58, 0xB5, 0x86, 0x0F, 0x56, 0xE6,
    0xC3, 0x41, 0x18, 0x0D, 0x25, 0xAC, 0xB6, 0x52, 0xF6, 0x84, 0x30, 0xF5, 0x60, 0x3A, 0xA3, 0x6F,
    0xAC, 0xC5, 0xED, 0xC4, 0xE2, 0x18, 0x6E, 0x3C, 0x2C, 0x94, 0x98, 0xCE, 0x1A, 0x7A, 0x16, 0x32,
    0xB7, 0xE4, 0x13, 0xDE, 0x06, 0x34, 0x0C, 0xB9, 0xA8, 0xF2, 0x69, 0x30, 0xDA, 0x0D, 0x4E, 0x00,
    0x0D, 0x49, 0x65, 0xD8, 0x09, 0x90, 0x02, 0x53, 0x53, 0x09, 0xA0, 0xE1, 0xC9, 0xE3, 0x0D, 0x01,
    0x34, 0x48, 0x5D, 0xE0, 0x03, 0x41, 0x0A, 0x55, 0x4B, 0x16, 0x05, 0x14, 0xC6, 0x0D, 0x64, 0x2E,
    0x96, 0x1D, 0xD9, 0x6E, 0xA8, 0x40, 0x56, 0x86, 0xD7, 0x8D, 0xD5, 0xCD, 0xFE, 0x5C, 0xCE, 0xA9,
    0x33, 0x1F, 0x72, 0xD5, 0xD8, 0xB3, 0x33, 0x39, 0x3B, 0xE8, 0x2C, 0xA6, 0xB3, 0x31, 0x77, 0xE4,
    0xB6, 0x6F, 0xC9, 0xBB, 0xE6, 0x1E, 0x2F, 0x0B, 0x98, 0xD2, 0x30, 0x0E, 0xB7, 0xD2, 0xD5, 0xAE,
    0x7A, 0x48, 0xDC, 0xB2, 0xF1, 0x70, 0xEC, 0x04, 0x4F, 0xA6, 0xEA, 0x69, 0x59, 0xAF, 0x7D, 0x21,
    0x8D, 0x19, 0x67, 0x2D, 0x64, 0x00, 0x9C, 0x1C, 0x1E, 0xB1, 0xAA, 0x74, 0x01, 0x45, 0xCD, 0x46,
    0x8B, 0x6D, 0xE9, 0x2A, 0x6F, 0x7C, 0x40, 0x3E, 0xF9, 0x01, 0x6E, 0xA9, 0x47, 0xB8, 0xA5, 0x8A,
    0xD8, 0xE9, 0xE8, 0xB9, 0x9A, 0x73, 0xF9, 0xBE, 0x44, 0xB4, 0xEA, 0xEA, 0xEC, 0x7D, 0xF5, 0xFC,
    0x96, 0xEA, 0x89, 0xC8, 0x92, 0xC1, 0xC7, 0x57, 0x4B, 0x62, 0x68, 0x91, 0x94, 0x46, 0x33, 0xE5,
    0x11, 0xCF, 0x4D, 0xA7, 0xEF, 0x19, 0x29, 0x67, 0x23, 0xD5, 0x62, 0xA4, 0x5E, 0x8D, 0xF8, 0xBD,
    0x91, 0x07, 0x62, 0x64, 0x91, 0x86, 0x64, 0x96, 0xCE, 0xBC, 0xDA, 0x06, 0x73, 0x2A, 0xA3, 0x38,
    0x8A, 0xD1, 0xB3, 0xFA, 0x5D, 0xA8, 0x48, 0xCA, 0x60, 0x75, 0x54, 0xCD, 0x8E, 0x75, 0x78, 0x14,
    0xAC, 0xE3, 0x0E, 0x1C, 0xEB, 0xB8, 0x40, 0x2E, 0xAC, 0x81, 0x83, 0x71, 0x64, 0x33, 0x20, 0x41,
    0x6B, 0xF8, 0xE5, 0xD9, 0x59, 0xAF, 0xC4, 0x89, 0xDD, 0xB5, 0x0A, 0x25, 0xD1, 0x0C, 0xAE, 0x13,
    0xE9, 0xCC, 0x8E, 0xBA, 0x31, 0xAD, 0x3C, 0xC0, 0x3A, 0xDE, 0x01, 0x58, 0xC7, 0x05, 0xC0, 0x3A,
    0x96, 0x44, 0x1A, 0xE4, 0x24, 0x01, 0x85, 0xA4, 0x42, 0x47, 0x88, 0x68, 0xED, 0x22, 0xCD, 0x46,
    0x60, 0xE9, 0xD8, 0x09, 0xE6, 0x16, 0x73, 0x2E, 0x3B, 0x04, 0x31, 0x5B, 0x89, 0xEC, 0x94, 0x54,
    0xE1, 0xC6, 0x17, 0x2F, 0xDF, 0x17, 0xD5, 0x6C, 0xC4, 0xAF, 0x46, 0x7A, 0x31, 0x22, 0x2D, 0xD5,
    0x70, 0x33, 0x67, 0xC5, 0x38, 0x8A, 0xA0, 0xC9, 0x58, 0x6E, 0x7C, 0xF1, 0x92, 0x7C, 0x91, 0x1D,
    0x6E, 0x54, 0xA5, 0x34, 0x25, 0x1B, 0x2F, 0xB1, 0x62, 0x9B, 0xEF, 0x09, 0x1B, 0x3F, 0x39, 0xA1,
    0x5D, 0x7F, 0x8F, 0x36, 0xDE, 0x28, 0xFF, 0xB2, 0xAF, 0x82, 0xDD, 0xE0, 0xAC, 0x63, 0x47, 0xB3,
    0xA2, 0x8E, 0x5A, 0x15, 0x8F, 0xCC, 0xC7, 0xDF, 0x61, 0xBA, 0x71, 0xC1, 0xCB, 0x71, 0xC1, 0xC9,
    0x9B, 0x60, 0x6A, 0xF7, 0xC4, 0x4C, 0xE4, 0x60, 0xF2, 0x6E, 0x20, 0x19, 0xDC, 0x48, 0xDB, 0x03,
    0x09, 0x8F, 0x1C, 0x7D, 0x27, 0x13, 0x35, 0x82, 0xE5, 0xFC, 0xFF, 0x11, 0xDC, 0x7D, 0x01, 0xC1,
    0x4F, 0xCF, 0x53, 0x4A, 0x16, 0x49, 0x4A, 0x4A, 0xB3, 0xB7, 0xFA, 0xCF, 0xCF, 0xFF, 0x4E, 0xA8,
    0x97, 0x1A, 0x2C, 0xB4, 0x47, 0xA9, 0x4F, 0xF4, 0x43, 0xA5, 0x75, 0xA2, 0xD3, 0x46, 0xF3, 0xA8,
    0xB4, 0xA2, 0x4F, 0x94, 0x9E, 0x50, 0x29, 0xA5, 0xD4, 0xAA, 0xD9, 0x68, 0x8D, 0x8D, 0x3E, 0xD8,
    0x28, 0x96, 0x8D, 0x66, 0x13, 0x29, 0x63, 0xBE, 0x17, 0xF6, 0x83, 0x62, 0x20, 0xA5, 0x3C, 0xFA,
    0x05, 0x2A, 0xBF, 0x51, 0x7F, 0x76, 0xD6, 0x1A, 0x6D, 0x45, 0xC4, 0xA8, 0x90, 0xDA, 0xF0, 0xD6,
    0x93, 0xBA, 0xB8, 0xD1, 0xDD, 0xB0, 0xD1, 0x32, 0x90, 0xBA, 0x31, 0xC9, 0x6D, 0xD4, 0x63, 0xA3,
    0xAB, 0xD1, 0xDD, 0x98, 0x1D, 0x68, 0x39, 0xEC, 0x44, 0x6B, 0x51, 0x5F, 0x0E, 0xAA, 0xAE, 0x17,
    0x4D, 0x97, 0x29, 0x98, 0xB8, 0x3E, 0xC0, 0x16, 0xCD, 0xFA, 0xC7, 0xF7, 0xEE, 0xED, 0xD3, 0xB8,
    0xA7, 0x48, 0x4F, 0xE0, 0xC8, 0xA4, 0xCB, 0x52, 0x51, 0x5D, 0xF2, 0x6A, 0x8F, 0xD4, 0xA5, 0xEE,
    0xD3, 0xFD, 0x36, 0x06, 0x66, 0xAF, 0x60, 0xD5, 0x4F, 0x42, 0x6B, 0x30, 0x5E, 0x05, 0xCF, 0xF8,
    0x9D, 0x9F, 0x2E, 0x0F, 0x00, 0xCA, 0x85, 0xB0, 0x26, 0x28, 0x84, 0xDA, 0x69, 0xCB, 0x0B, 0x40,
    0xC6, 0x24, 0x79, 0xBB, 0x22, 0x3D, 0xFD, 0xC9, 0x7F, 0xBF, 0xBF, 0xEA, 0x49, 0xCE, 0x65, 0xD6,
    0x76, 0x2F, 0xBD, 0x78, 0x13, 0x09, 0xCC, 0x01, 0xE3, 0xE5, 0xD2, 0xDD, 0xC2, 0xF2, 0x8E, 0x80,
    0x07, 0x6F, 0xDD, 0x9B, 0x14, 0x2A, 0xFE, 0xE0, 0xF6, 0xBE, 0xC1, 0x96, 0x9C, 0xD8, 0xB5, 0xCD,
    0x63, 0x76, 0x65, 0xD6, 0x76, 0x33, 0x88, 0x3C, 0xC9, 0xB2, 0xF0, 0x06, 0x9E, 0x92, 0x5E, 0x63,
    0x77, 0x6F, 0x45, 0x13, 0x4E, 0x45, 0xBB, 0x39, 0xF5, 0x11, 0x3E, 0x58, 0x78, 0x42, 0x7D, 0x04,
    0x15, 0xE1, 0x84, 0x80, 0xE7, 0x40, 0x24, 0xB0, 0x9F, 0x12, 0x78, 0xEE, 0x0B, 0x82, 0x1B, 0xAF,
    0x80, 0xDD, 0xC0, 0x96, 0x0D, 0x19, 0xBB, 0x9D, 0xF5, 0xB3, 0x96, 0xF0, 0x84, 0x6A, 0x3B, 0x73,
    0xE8, 0x74, 0x79, 0x7C, 0xDD, 0x52, 0x49, 0x73, 0x43, 0xBC, 0xD1, 0xEC, 0x48, 0xB2, 0xC2, 0x16,
    0x4E, 0x78, 0xC6, 0x7F, 0x12, 0x15, 0x7A, 0x37, 0xB3, 0x9B, 0xAD, 0xE0, 0x3D, 0xE2, 0x46, 0x33,
    0x4D, 0xF9, 0x4C, 0x41, 0x96, 0x5C, 0x52, 0x68, 0x52, 0xB0, 0xBF, 0xF4, 0xDC, 0x05, 0x98, 0x6E,
    0xC4, 0x4A, 0x01, 0x72, 0xE2, 0xF5, 0x98, 0xAB, 0x64, 0xFD, 0x61, 0xB7, 0xC5, 0xF0, 0xB8, 0x24,
    0xEF, 0xB5, 0x22, 0xF1, 0x54, 0xD6, 0x06, 0xAD, 0x45, 0x2A, 0x3F, 0xBE, 0xC2, 0x0F, 0xEB, 0xC8,
    0x18, 0xB2, 0xA2, 0xD6, 0x8D, 0x2D, 0x68, 0x88, 0x46, 0x26, 0xDE, 0xA2, 0x0B, 0x9B, 0x5A, 0xBC,
    0x83, 0xAF, 0x62, 0x7B, 0x79, 0xBC, 0x9F, 0xD2, 0x71, 0xB7, 0x0A, 0x76, 0xB1, 0x6D, 0xAA, 0xAE,
    0x1C, 0xDE, 0x40, 0x1E, 0xBF, 0x8A, 0xED, 0xAD, 0x3B, 0x5B, 0x9E, 0x1F, 0xEA, 0xC3, 0xF2, 0xFC,
    0x00, 0x7C, 0xF5, 0xB4, 0xD5, 0x4B, 0x54, 0x9F, 0x4C, 0x5B, 0xEB, 0xC9, 0x7A, 0x91, 0xCA, 0xCA,
    0xA1, 0x45, 0x21, 0x1D, 0x7F, 0xD7, 0x8F, 0xC4, 0x7A, 0x26, 0x96, 0x2B, 0xB1, 0x10, 0xA2, 0x93,
    0x26, 0x61, 0x26, 0x5D, 0x42, 0x48, 0x38, 0xC6, 0x7E, 0x30, 0x1C, 0xB5, 0x7E, 0x2D, 0x5C, 0xEB,
    0x1B, 0x2F, 0x21, 0xCF, 0x3F, 0x8E, 0xFD, 0x01, 0x87, 0xAB, 0xCA, 0xDD, 0xEA, 0xCB, 0xAD, 0x7E,
    0x67, 0xED, 0xD9, 0xAD, 0xC4, 0x7A, 0x21, 0xF6, 0xD4, 0xB5, 0x90, 0x00, 0xBD, 0x80, 0xFB, 0x3D,
    0xC0, 0x35, 0x5A, 0xDA, 0xFD, 0x19, 0x52, 0xFA, 0x4B, 0x02, 0x0A, 0x19, 0x5C, 0x60, 0x84, 0x98,
    0x8B, 0x44, 0xEA, 0xBB, 0x36, 0xDD, 0xFC, 0x46, 0x26, 0xA2, 0x88, 0xD7, 0x51, 0x2D, 0xCF, 0xBB,
    0xF7, 0x3D, 0x4C, 0x1E, 0x6E, 0x5A, 0x89, 0xA9, 0xBA, 0xEE, 0x54, 0x66, 0x20, 0x4B, 0x95, 0x72,
    0xF5, 0x40, 0x0F, 0xDB, 0xE8, 0xDF, 0x6B, 0xF9, 0x55, 0x22, 0xC1, 0x48, 0x1F, 0x8D, 0xF8, 0xC9,
    0x48, 0xB9, 0x18, 0xD9, 0xED, 0x8D, 0x38, 0x69, 0x48, 0x32, 0x09, 0x24, 0x2A, 0x19, 0x89, 0x9F,
    0x8C, 0x54, 0x8B, 0x91, 0xDD, 0x9E, 0x44, 0xFD, 0x45, 0x92, 0x49, 0x20, 0x41, 0x3F, 0x1A, 0xF1,
    0xD1, 0x48, 0xB5, 0x18, 0x29, 0xF7, 0x46, 0x9C, 0x18, 0xC9, 0xE4, 0x13, 0x12, 0x88, 0x18, 0xF1,
    0x07, 0x52, 0x1F, 0x48, 0x49, 0xC2, 0xDE, 0x91, 0xC9, 0x60, 0x6E, 0x4A, 0x02, 0x72, 0x03, 0x5A,
    0xC3, 0x91, 0x0A, 0x13, 0xBD, 0x6E, 0xC3, 0xE0, 0xE3, 0x87, 0x6A, 0xB7, 0x10, 0xD1, 0x1B, 0xD6,
    0x0D, 0x91, 0xDE, 0x79, 0x6A, 0xBA, 0x2D, 0x69, 0x98, 0x99, 0xD1, 0xD3, 0x28, 0x39, 0x28, 0x57,
    0x61, 0x54, 0x2E, 0x08, 0x9F, 0x08, 0x72, 0x61, 0x55, 0xC5, 0x9E, 0xC3, 0x29, 0x55, 0x19, 0x6E,
    0xCF, 0xDA, 0x73, 0xE1, 0xD8, 0x3C, 0x13, 0x7B, 0xC2, 0x91, 0xCE, 0x30, 0x1C, 0xB0, 0x35, 0x64,
    0xEB, 0xFB, 0xE1, 0xB9, 0xB8, 0xFD, 0xFE, 0x4A, 0xEC, 0x6A, 0xAB, 0xCF, 0xEA, 0xDF, 0xDA, 0x53,
    0xAC, 0xDC, 0x15, 0xE5, 0xC4, 0xA4, 0x91, 0x8E, 0x52, 0xD9, 0x8D, 0x5C, 0x77, 0x79, 0xDD, 0x16,
    0x70, 0xC4, 0x9E, 0x94, 0xAB, 0xAD, 0xD7, 0x42, 0xA7, 0xF3, 0x8F, 0x92, 0x0C, 0x47, 0x43, 0x6E,
    0xB7, 0x37, 0x3D, 0x67, 0x62, 0x39, 0x1E, 0xEB, 0xFC, 0x00, 0x5F, 0x40, 0xE7, 0x1B, 0x9D, 0xB7,
    0x0E, 0x7D, 0x78, 0x46, 0x95, 0x85, 0x32, 0x7F, 0xBE, 0x9A, 0xCC, 0x7D, 0x42, 0xDF, 0x54, 0xB6,
    0x3A, 0xE6, 0xC6, 0x17, 0xD7, 0xF9, 0x46, 0xE7, 0x5B, 0xFC, 0x0B, 0xFD, 0x82, 0xBF, 0xE6, 0xF7,
    0x3A, 0xFD, 0x9E, 0xFB, 0x94, 0x31, 0xB8, 0x08, 0xB5, 0x8C, 0x8A, 0x5D, 0x2E, 0xDD, 0x8D, 0xAE,
    0xFF, 0xF7, 0xFE, 0xEB, 0xC1, 0x7E, 0xD9, 0x77, 0x7E, 0xB0, 0xBA, 0xC7, 0xED, 0x6F, 0x9E, 0xDF,
    0x74, 0x7D, 0x51, 0x7D, 0x6F, 0xF4, 0xFD, 0x5D, 0x00, 0x7F, 0xA0, 0xF3, 0x7B, 0x4B, 0xDB, 0x41,
    0xB7, 0x74, 0xA0, 0x8C, 0xC5, 0x0C, 0x1F, 0x6C, 0xF7, 0xDF, 0xDF, 0x2E, 0x40, 0xF9, 0xF3, 0x08,
    0x38, 0xEE, 0x14, 0x85, 0xB2, 0x4E, 0x65, 0x1B, 0x01, 0xFF, 0xCF, 0x5A, 0x61, 0xB6, 0xD7, 0x98,
    0xA8, 0xDB, 0x10, 0x51, 0x8D, 0x3E, 0xA0, 0x98, 0x5B, 0x20, 0x5B, 0x7E, 0x0F, 0xC0, 0x5F, 0x61,
    0x4B, 0xD9, 0x7B, 0x44, 0x17, 0xE9, 0x83, 0x3F, 0x0B, 0xF4, 0x81, 0x74, 0xF4, 0x81, 0x3C, 0xE6,
    0x83, 0xDE, 0x7C, 0x20, 0xF4, 0x41, 0xFE, 0x2B, 0xFA, 0xA0, 0xF8, 0x09, 0x7D, 0x50, 0xFE, 0x98,
    0x3E, 0xA8, 0xBE, 0x43, 0x1F, 0xDC, 0x31, 0x1F, 0x7C, 0x68, 0x9A, 0xCD, 0xF4, 0x41, 0x1E, 0xE9,
    0x03, 0x37, 0x52, 0xEB, 0x5D, 0x20, 0x56, 0x0D, 0xD1, 0x83, 0xF8, 0xC0, 0x7C, 0xB0, 0x50, 0xF3,
    0x2C, 0x12, 0xDD, 0x48, 0xDC, 0x05, 0xFA, 0xA0, 0xEC, 0xE8, 0x83, 0xDA, 0x7C, 0xF0, 0x86, 0xF9,
    0x60, 0x31, 0x1F, 0x4C, 0xE6, 0x83, 0x78, 0xB5, 0x0F, 0x6A, 0xF3, 0xC1, 0x1D, 0xF3, 0xC1, 0x87,
    0xD6, 0xC7, 0x27, 0x3C, 0x9E, 0x76, 0x2B, 0x51, 0xFD, 0x6A, 0x49, 0x1A, 0x23, 0x3E, 0xE0, 0x38,
    0x30, 0xC2, 0x4D, 0x44, 0x2D, 0xF1, 0x59, 0x89, 0x83, 0x7C, 0xCD, 0xA0, 0xA3, 0x6D, 0xCD, 0x90,
    0x86, 0xFB, 0xA7, 0xF2, 0x53, 0xB6, 0x16, 0x2D, 0x67, 0x23, 0x6D, 0x18, 0x35, 0x5E, 0x43, 0x12,
    0x55, 0x60, 0xD0, 0x01, 0xEA, 0x57, 0x4E, 0x07, 0x2E, 0x36, 0xCF, 0x98, 0xCF, 0x36, 0xE7, 0xB2,
    0xD3, 0xD3, 0x99, 0x7C, 0x76, 0xD6, 0x0F, 0x87, 0x69, 0x5C, 0x1B, 0x6F, 0x8B, 0xA9, 0x79, 0xF2,
    0x5D, 0x1C, 0x27, 0x96, 0x70, 0x69, 0x8A, 0x94, 0xF5, 0x32, 0xB5, 0x9D, 0x91, 0xBD, 0x61, 0x3E,
    0x19, 0x29, 0x86, 0x57, 0xE8, 0x94, 0x1B, 0xA7, 0x38, 0x31, 0x52, 0x4A, 0x43, 0x52, 0x49, 0x20,
    0xF1, 0x9F, 0x8C, 0x24, 0x52, 0x4C, 0x0A, 0x5A, 0xD1, 0x72, 0xF0, 0x49, 0xFD, 0xCA, 0x9C, 0x72,
    0xE3, 0x14, 0x9B, 0xA8, 0x03, 0xB8, 0x75, 0xCB, 0x26, 0xEB, 0x8E, 0x8E, 0x1C, 0x4F, 0xD8, 0xBD,
    0x3A, 0x5F, 0xDC, 0x5C, 0x20, 0xF5, 0x74, 0x7C, 0xAB, 0xEA, 0xBB, 0x04, 0xD9, 0x1E, 0x74, 0xC8,
    0x4C, 0x2C, 0xEC, 0x74, 0xD9, 0x3C, 0xDB, 0x13, 0x0F, 0x4F, 0xB9, 0xB5, 0x7C, 0x28, 0x44, 0x62,
    0xA1, 0xD5, 0xBE, 0x25, 0x0D, 0x64, 0xD4, 0x10, 0x48, 0x77, 0x14, 0xF1, 0xB0, 0x76, 0x45, 0x33,
    0xCA, 0xC0, 0x80, 0x56, 0x35, 0x36, 0x29, 0xC2, 0xC5, 0x43, 0xBA, 0x5F, 0x02, 0x66, 0xC5, 0x76,
    0xE0, 0xD4, 0x19, 0x83, 0xAE, 0xFE, 0xB0, 0x0C, 0x5C, 0x52, 0xA8, 0x1A, 0x45, 0xB7, 0x7A, 0x76,
    0x1B, 0xB1, 0xE7, 0x3F, 0x59, 0x88, 0x6D, 0x24, 0xFA, 0x03, 0x8E, 0x5F, 0x12, 0xE3, 0x11, 0x66,
    0x56, 0x4F, 0xCF, 0xD0, 0x6D, 0xF8, 0x9A, 0xCD, 0x53, 0xF1, 0xA0, 0xF6, 0xC6, 0xA3, 0x95, 0xAF,
    0xAB, 0xE7, 0x84, 0x3F, 0x23, 0xC8, 0xA0, 0xE7, 0xB2, 0x7E, 0x52, 0x50, 0xF7, 0x2A, 0x38, 0x51,
    0xB0, 0xB9, 0xA3, 0x6D, 0x2A, 0x49, 0xC2, 0x33, 0xA0, 0xE3, 0x37, 0x9B, 0x4B, 0x3F, 0x2F, 0x58,
    0x98, 0x8A, 0xEE, 0xE3, 0xB7, 0x64, 0x4C, 0xF5, 0xED, 0x91, 0xE0, 0xE1, 0xD3, 0x66, 0xAB, 0x09,
    0x66, 0xA7, 0x67, 0x47, 0x32, 0xC3, 0xC0, 0x6B, 0x0C, 0xE0, 0x3A, 0x6E, 0xB1, 0x6F, 0xDA, 0x01,
    0x28, 0x27, 0xFD, 0x87, 0xB4, 0x0F, 0x0E, 0xF0, 0x21, 0x4D, 0x31, 0xB7, 0x21, 0xF5, 0xA8, 0x3E,
    0x00, 0xC2, 0x3E, 0xB6, 0xC1, 0x6B, 0xD2, 0xE1, 0x96, 0xA0, 0x95, 0x2E, 0x17, 0x69, 0x1E, 0xFD,
    0x55, 0xEE, 0xCF, 0x6D, 0xDC, 0xAE, 0xD0, 0x76, 0x09, 0xFA, 0xE6, 0x08, 0x3A, 0x9E, 0xE3, 0x57,
    0xFC, 0x9C, 0xA0, 0x92, 0x46, 0x61, 0x27, 0x93, 0x42, 0x26, 0xAC, 0xA1, 0x96, 0xA0, 0x90, 0xCB,
    0xA8, 0xA0, 0xE6, 0x28, 0x94, 0xD3, 0x23, 0xF8, 0x2D, 0xEC, 0xE6, 0x47, 0xF0, 0x0F, 0x28, 0x14,
    0xE6, 0x04, 0x7F, 0xB3, 0xA0, 0x98, 0x20, 0xDD, 0x8A, 0x32, 0xE6, 0xD2, 0x49, 0x53, 0x8F, 0x7C,
    0x83, 0xA0, 0x13, 0xE9, 0x76, 0xB2, 0x72, 0xCF, 0x61, 0x03, 0x4B, 0x12, 0x36, 0xC5, 0x92, 0xD5,
    0xDB, 0x04, 0x10, 0xBF, 0xC8, 0x4E, 0xB9, 0xEB, 0xAE, 0x7E, 0xD4, 0x50, 0xF1, 0xB8, 0x06, 0x5E,
    0xC8, 0xF7, 0xFA, 0x01, 0xBA, 0x61, 0x30, 0x9A, 0x7E, 0xBB, 0xA8, 0x8D, 0xCB, 0xA3, 0x2D, 0x9A,
    0x15, 0x4F, 0xE4, 0x77, 0x17, 0x2D, 0x41, 0x16, 0xE4, 0xF2, 0xF9, 0xFB, 0x0B, 0xCA, 0x55, 0x8F,
    0xFB, 0xA8, 0x79, 0x3B, 0x68, 0xDE, 0x07, 0xCB, 0x77, 0x8B, 0x9A, 0x5C, 0x2A, 0xD7, 0xBC, 0x0D,
    0xF0, 0x8B, 0x36, 0xF9, 0x1F, 0x17, 0xD4, 0xEB, 0x5D, 0x1D, 0x31, 0x8B, 0xFC, 0x89, 0xC4, 0x5C,
    0xD6, 0x4C, 0x22, 0x4E, 0x9A, 0x27, 0x26, 0x5F, 0xB4, 0xBF, 0xD9, 0xC4, 0x8B, 0x6A, 0xB4, 0x8D,
    0x2D, 0xEB, 0x86, 0x13, 0x2E, 0xD7, 0xD4, 0x3A, 0x3A, 0x2F, 0x13, 0xB5, 0xC5, 0xF1, 0x69, 0xEF,
    0x7F, 0xB4, 0xF2, 0x3A, 0xA8, 0xA5, 0x2D, 0x7C, 0x03, 0xCC, 0xD8, 0x85, 0xEB, 0x66, 0xDD, 0xAD,
    0x87, 0x36, 0xD1, 0x70, 0x5F, 0x5B, 0xD8, 0x7D, 0x60, 0x93, 0x0C, 0x2E, 0x54, 0x32, 0x72, 0x82,
    0xE1, 0x7A, 0xFA, 0xEB, 0x47, 0xC9, 0x23, 0xD2, 0xE8, 0xBD, 0x44, 0x9A, 0x3E, 0x18, 0xC7, 0x3B,
    0xD6, 0x11, 0xAF, 0x61, 0x3F, 0x3C, 0xD1, 0x4C, 0xFF, 0x06, 0x78, 0x6F, 0x29, 0x43, 0x0B, 0xA0,
    0x46, 0x95, 0xF2, 0xB2, 0x49, 0xBC, 0xD1, 0xE0, 0xE8, 0xF5, 0xEC, 0xE7, 0x7B, 0xD8, 0x2B, 0x9E,
    0xC0, 0xDB, 0xCD, 0xB5, 0xF3, 0xA0, 0x35, 0xB2, 0xDE, 0x37, 0xC8, 0x44, 0xBF, 0x24, 0x53, 0x6A,
    0xEA, 0xCF, 0xF7, 0xF7, 0xD6, 0xD4, 0x5A, 0x19, 0x33, 0x69, 0xB4, 0xC1, 0xD2, 0xA1, 0x0F, 0xDA,
    0x66, 0x01, 0xFC, 0x90, 0x1B, 0x19, 0xA1, 0x51, 0xC6, 0x86, 0x41, 0x1A, 0xCD, 0xAA, 0x44, 0x16,
    0x23, 0x77, 0xD7, 0xB3, 0xB3, 0x7B, 0x51, 0xAD, 0xD0, 0x34, 0xA9, 0x21, 0x89, 0xD0, 0x16, 0xC6,
    0x32, 0x92, 0x76, 0x30, 0xA2, 0x46, 0xAD, 0x46, 0x76, 0x2A, 0x6E, 0x32, 0x4D, 0x78, 0x84, 0xCF,
    0x0C, 0x8D, 0x1A, 0x28, 0x01, 0xB9, 0xCE, 0x28, 0x5D, 0xF8, 0x88, 0x32, 0x3C, 0x32, 0x73, 0xAE,
    0xE4, 0xFB, 0xD2, 0x95, 0x1C, 0xE8, 0xEC, 0x91, 0x8B, 0x46, 0x37, 0x99, 0xB8, 0x7B, 0x2C, 0x3B,
    0x83, 0xA5, 0x53, 0xF9, 0x4F, 0x2E, 0xA8, 0x64, 0xF2, 0x71, 0x1F, 0xDD, 0xAA, 0x03, 0x97, 0x19,
    0xE5, 0x5C, 0xA9, 0x3B, 0xEA, 0x11, 0x45, 0xF4, 0x03, 0xF2, 0xC6, 0x07, 0x6D, 0xD4, 0xF3, 0x33,
    0x3F, 0x6C, 0x59, 0x04, 0xAD, 0x56, 0x17, 0xE0, 0x8F, 0x0B, 0x41, 0x36, 0xAB, 0xC1, 0x13, 0x5A,
    0x91, 0x01, 0x3B, 0x51, 0x63, 0xEE, 0xBC, 0xA9, 0x59, 0x73, 0xD8, 0x59, 0x73, 0x7B, 0xD9, 0x06,
    0x76, 0x96, 0x71, 0x53, 0xF3, 0x37, 0x7F, 0xB0, 0x00, 0xA5, 0x36, 0x7E, 0x27, 0xDD, 0xD1, 0x7C,
    0x30, 0x95, 0xB6, 0xC5, 0x0D, 0x8B, 0x6C, 0xBD, 0x4D, 0xB7, 0x3F, 0x63, 0x51, 0x23, 0xD7, 0x9E,
    0x68, 0xBB, 0x70, 0xE4, 0x3F, 0x64, 0xD0, 0xD8, 0x51, 0x4D, 0xDA, 0x01, 0x75, 0xAE, 0x2C, 0xC2,
    0xAD, 0xA8, 0xA3, 0x1E, 0x54, 0xE3, 0xC5, 0xF2, 0x74, 0x59, 0xA3, 0xFD, 0xF8, 0xEC, 0x2F, 0x44,
    0x6D, 0x10, 0xCB, 0x69, 0xF8, 0x51, 0x6E, 0x33, 0x7A, 0x5B, 0x03, 0xF9, 0xC0, 0xFD, 0x8D, 0xA4,
    0xC4, 0x1F, 0xC1, 0x09, 0xB2, 0x45, 0x47, 0xC1, 0xF7, 0x66, 0x68, 0x11, 0xA3, 0x9A, 0x25, 0x8D,
    0x86, 0xED, 0xCB, 0x53, 0x86, 0x1C, 0x22, 0x3F, 0x2D, 0xB2, 0x75, 0x8C, 0x6C, 0xD7, 0xD5, 0x3A,
    0x6E, 0xEB, 0xE3, 0x8C, 0xB2, 0xC4, 0xE7, 0x44, 0xB6, 0x6B, 0x66, 0x1D, 0xE3, 0x40, 0x26, 0xE8,
    0xB7, 0x38, 0xA0, 0xDC, 0x8E, 0x33, 0x5D, 0x3B, 0xBB, 0xB8, 0x27, 0x63, 0xE6, 0xCD, 0x2C, 0xDB,
    0xDB, 0x43, 0x6B, 0x15, 0xF0, 0xF8, 0x32, 0xCB, 0xAD, 0xF3, 0x87, 0xD0, 0x38, 0x7E, 0x2A, 0x87,
    0x75, 0xEE, 0x2F, 0xFB, 0x89, 0xAC, 0xBC, 0xE7, 0x3A, 0xBB, 0x7E, 0x58, 0x93, 0x24, 0x79, 0x55,
    0x17, 0xA4, 0x97, 0x64, 0x07, 0x24, 0x7D, 0xEF, 0xE3, 0x28, 0xBD, 0x7D, 0xDE, 0xE8, 0xD0, 0x1D,
    0xB7, 0xA5, 0xE3, 0xD5, 0xD4, 0x7F, 0xD9, 0x0F, 0x67, 0x78, 0x73, 0x89, 0x10, 0x91, 0xA0, 0x9F,
    0xED, 0x7E, 0x24, 0x87, 0x3D, 0x15, 0x7B, 0x94, 0x63, 0xDB, 0xD4, 0x5D, 0x15, 0x1E, 0xC0, 0xC5,
    0x5F, 0xBF, 0x3E, 0x5C, 0x07, 0xEB, 0x83, 0x1F, 0x0F, 0x1F, 0xFB, 0x2F, 0x0D, 0x7E, 0xFD, 0xBE,
    0xFA, 0x43, 0xE0, 0x37, 0x00, 0xFF, 0x10, 0x1F, 0x00, 0x7E, 0xD5, 0x9B, 0x58, 0x2E, 0xFD, 0xB0,
    0xBD, 0x66, 0x5B, 0xAF, 0x5C, 0xCD, 0x68, 0xD4, 0x8B, 0x3E, 0xA4, 0x97, 0x2F, 0xA3, 0x76, 0x4C,
    0xFD, 0xE6, 0xB6, 0xEF, 0x71, 0x9F, 0x9E, 0x52, 0x7B, 0x4E, 0x19, 0x74, 0xB9, 0xBC, 0x7B, 0x4F,
    0x42, 0xB1, 0xC2, 0x49, 0xD0, 0x87, 0x1A, 0x19, 0xAA, 0xA8, 0x0E, 0xF0, 0xC9, 0x0C, 0x3F, 0x68,
    0x23, 0xB4, 0xD7, 0xD7, 0xCF, 0xCE, 0xC7, 0x94, 0xF3, 0xFB, 0x43, 0xFA, 0x6D, 0xA8, 0xB5, 0x9C,
    0x2E, 0x95, 0xA9, 0x3D, 0x3D, 0xD7, 0xC0, 0xD9, 0x68, 0x58, 0xEA, 0xED, 0x9A, 0xD8, 0x6F, 0xD7,
    0x04, 0x5E, 0x6B, 0x0E, 0xEF, 0xA3, 0xA7, 0xF5, 0x85, 0x7D, 0x16, 0x81, 0xDD, 0xBF, 0x89, 0x0C,
    0x40, 0x89, 0x56, 0x02, 0xF0, 0x9B, 0x16, 0xB2, 0x2D, 0x1D, 0x77, 0x4B, 0x7D, 0x5D, 0x15, 0xAD,
    0x38, 0x91, 0x80, 0xDB, 0xF2, 0xE7, 0xC9, 0x6D, 0xF2, 0x0E, 0xDA, 0x39, 0x6D, 0xCD, 0x29, 0xB5,
    0x4E, 0x3E, 0x11, 0xF7, 0x03, 0x9C, 0x42, 0x80, 0xDB, 0x27, 0xC8, 0x2F, 0x41, 0xF7, 0x52, 0x20,
    0x28, 0xB0, 0x57, 0xA7, 0xBB, 0x72, 0x2E, 0x5D, 0x9F, 0x74, 0x5E, 0x0D, 0xC0, 0xE4, 0xB7, 0x1B,
    0x07, 0x6C, 0x9C, 0x96, 0xAF, 0x97, 0x62, 0x6E, 0xD5, 0x3D, 0x63, 0xC2, 0x38, 0x4F, 0x13, 0x08,
    0x75, 0xD2, 0x47, 0x3E, 0xED, 0x27, 0x5B, 0xFE, 0xD9, 0xCD, 0xC8, 0x04, 0xEA, 0xF2, 0xBE, 0xD3,
    0x2E, 0xD4, 0x06, 0xF3, 0x87, 0xE6, 0xE6, 0xA1, 0x17, 0xF0, 0x65, 0xF4, 0x61, 0xF3, 0xFD, 0x50,
    0x27, 0x5F, 0xA6, 0x3E, 0xC1, 0xFE, 0xD1, 0xA8, 0x2F, 0x05, 0x99, 0x74, 0xD5, 0x02, 0x4E, 0xC3,
    0x5D, 0x19, 0x73, 0x69, 0x5F, 0xBB, 0x45, 0xDE, 0x24, 0x0B, 0xE0, 0x68, 0x70, 0x3A, 0x5C, 0x35,
    0xD7, 0xD5, 0x3A, 0x0E, 0x98, 0x24, 0x72, 0xF1, 0x9C, 0x4B, 0xE7, 0x5C, 0x38, 0xB7, 0xDB, 0x05,
    0x17, 0xCD, 0xAF, 0x9B, 0x75, 0xA7, 0x0F, 0x93, 0x71, 0x2B, 0x5E, 0x07, 0x44, 0xC2, 0x7D, 0xE4,
    0xBF, 0xEC, 0x65, 0x86, 0x1B, 0xAA, 0xF4, 0x4C, 0x99, 0x49, 0xB8, 0x9E, 0xFE, 0xA2, 0x47, 0xF4,
    0xD6, 0x7D, 0x94, 0xF3, 0x38, 0xD3, 0x75, 0xB3, 0xEB, 0x16, 0x0D, 0x7B, 0x72, 0x6C, 0x92, 0xF2,
    0x13, 0x30, 0xBD, 0xE0, 0xFF, 0x96, 0xF1, 0x9C, 0xE4, 0xBB, 0xC7, 0x6B, 0x61, 0xFE, 0xFB, 0x60,
    0xCA, 0x1A, 0xCD, 0xCB, 0xA0, 0x8A, 0x55, 0x49, 0xB1, 0x7D, 0x52, 0x6C, 0xC1, 0xA6, 0x98, 0x4B,
    0x8A, 0xED, 0x44, 0x15, 0x2B, 0x45, 0x15, 0xAB, 0x93, 0x62, 0x0F, 0x92, 0x62, 0xB3, 0x2A, 0x96,
    0x47, 0x55, 0xC6, 0x0D, 0x9A, 0x97, 0x41, 0xF3, 0x0A, 0x9A, 0xDF, 0x49, 0xF9, 0x87, 0xAA, 0xD8,
    0x47, 0x93, 0x2A, 0xF6, 0x93, 0x51, 0x15, 0xFB, 0x59, 0x50, 0xC5, 0xA4, 0x53, 0xC5, 0x24, 0x29,
    0xB6, 0xF2, 0x96, 0xDB, 0x54, 0x2A, 0x9D, 0x2A, 0x56, 0xFC, 0x4C, 0x15, 0x2B, 0x83, 0x2A, 0x56,
    0x5D, 0xF5, 0x06, 0xA8, 0xB3, 0x90, 0x22, 0x8D, 0xA9, 0xC9, 0x93, 0xC3, 0xD1, 0x9B, 0x9F, 0x1F,
    0xE0, 0x29, 0xE9, 0xFC, 0x1C, 0xF9, 0xF9, 0x0F, 0x21, 0xD2, 0x38, 0x59, 0x70, 0x57, 0x9A, 0xAC,
    0xD5, 0x9A, 0x1B, 0xEC, 0x96, 0x54, 0x64, 0x41, 0x70, 0xAF, 0x00, 0x58, 0x34, 0x2B, 0xEA, 0x18,
    0xE0, 0x02, 0xEA, 0x85, 0x53, 0x9E, 0xAB, 0x8E, 0x07, 0x7E, 0xF0, 0x0B, 0x35, 0x5D, 0xE4, 0x5F,
    0x45, 0xDB, 0xB4, 0xCF, 0x64, 0xB1, 0x9E, 0xF3, 0xB4, 0x9D, 0xFA, 0x55, 0xBC, 0xAC, 0x41, 0x8B,
    0x94, 0x4C, 0xA6, 0xF1, 0xEB, 0x29, 0xC1, 0xA6, 0x00, 0xFD, 0x5F, 0x49, 0xB8, 0xBC, 0xF1, 0x3E,
    0x0D, 0x9A, 0xB2, 0x79, 0xDB, 0x78, 0xFF, 0xB5, 0x94, 0xC0, 0x96, 0xDE, 0xDC, 0x9A, 0xC9, 0x13,
    0x90, 0xF1, 0x1C, 0xD3, 0xD7, 0xFA, 0x0A, 0x58, 0x2F, 0xBF, 0xAB, 0x52, 0x1F, 0xBD, 0xAB, 0xB2,
    0x3E, 0xE7, 0x5D, 0x95, 0xB7, 0xCF, 0x7F, 0xF8, 0xE8, 0xF3, 0x9E, 0xC8, 0x82, 0x5E, 0xE2, 0x5B,
    0xF2, 0x53, 0x54, 0xF2, 0xD0, 0x49, 0x07, 0xB7, 0x6E, 0xAF, 0xC5, 0x29, 0x4C, 0x1C, 0x75, 0xA6,
    0x3B, 0x3C, 0x1C, 0x9F, 0x11, 0x76, 0x03, 0xD2, 0xA4, 0x5D, 0xE0, 0x42, 0x4A, 0x07, 0x35, 0xA7,
    0x6E, 0xA0, 0x36, 0x7A, 0x8E, 0x98, 0xDE, 0x51, 0x3F, 0x08, 0x37, 0x73, 0x48, 0xC3, 0xF9, 0xAC,
    0x8F, 0x26, 0x05, 0xFF, 0xE3, 0xA8, 0x50, 0xFF, 0xFB, 0x88, 0xF4, 0xCC, 0x3F, 0x24, 0xF8, 0x55,
    0xB0, 0x37, 0x49, 0x68, 0x5E, 0xC3, 0x38, 0x76, 0xB4, 0x1D, 0xE1, 0xF8, 0x25, 0x28, 0xDA, 0x5C,
    0xC4, 0xCB, 0xDB, 0x48, 0xEA, 0x70, 0x69, 0x75, 0x90, 0x1A, 0xA9, 0x63, 0xED, 0x35, 0x29, 0x05,
    0xEE, 0x4C, 0xF6, 0x12, 0x08, 0x83, 0x42, 0x46, 0x40, 0x4B, 0xF0, 0x2F, 0x00, 0xC1, 0xA0, 0xDE,
    0x2B, 0x7C, 0x24, 0xDC, 0x49, 0x24, 0x32, 0xEB, 0x55, 0xD8, 0x55, 0x7B, 0xC0, 0xAB, 0xEF, 0x38,
    0xA5, 0x25, 0x1D, 0x9F, 0x87, 0x82, 0x82, 0xAA, 0x98, 0x22, 0xF8, 0xA0, 0xFF, 0x36, 0x18, 0x9F,
    0x0F, 0x83, 0x32, 0x02, 0x4B, 0xB1, 0x32, 0xAD, 0x86, 0x85, 0xEB, 0x68, 0xC2, 0x3D, 0xE4, 0xFF,
    0xF2, 0x5F, 0xBD, 0x76, 0xA9, 0x7F, 0x12, 0x89, 0xDA, 0xCE, 0x5E, 0x3A, 0x85, 0x93, 0x37, 0x5F,
    0xD0, 0x3E, 0x42, 0x3B, 0x52, 0x1E, 0xBA, 0x4D, 0x24, 0x6C, 0xB0, 0xA5, 0x6C, 0xC1, 0x8F, 0x18,
    0x8F, 0xA4, 0x51, 0xC8, 0x08, 0x50, 0xE0, 0xB9, 0xAB, 0xD3, 0x4D, 0x1F, 0xFC, 0x5F, 0xA5, 0x94,
    0x21, 0xCC, 0xE4, 0x54, 0x10, 0xC7, 0x7F, 0x6D, 0x39, 0x9A, 0x50, 0x51, 0x75, 0x8A, 0x84, 0xE7,
    0x11, 0xD4, 0x1B, 0x5E, 0xBD, 0x3A, 0xC1, 0x62, 0x3E, 0x81, 0x57, 0xF8, 0xE4, 0xEE, 0x5A, 0xAF,
    0xCE, 0xE0, 0xB1, 0xB7, 0x08, 0x0C, 0xF6, 0xD2, 0x7A, 0x55, 0xAF, 0x6A, 0xF0, 0x4D, 0x28, 0x49,
    0x97, 0xB4, 0xEF, 0x4F, 0xE7, 0x5E, 0x93, 0x2E, 0x5F, 0x36, 0x1C, 0x09, 0x7F, 0x31, 0xF3, 0xDB,
    0x9D, 0x9D, 0xCE, 0xCC, 0xDB, 0x79, 0xE5, 0x5E, 0x5F, 0x4A, 0xD7, 0x5D, 0x3F, 0x43, 0xA2, 0xA8,
    0x19, 0x4A, 0xFD, 0xF4, 0xB4, 0x7F, 0xDD, 0xCD, 0xE0, 0x67, 0x52, 0x41, 0x3E, 0x83, 0x7A, 0x0C,
    0xD3, 0x39, 0x3A, 0x41, 0x32, 0x93, 0x87, 0x88, 0xCC, 0x94, 0xEB, 0x89, 0xCB, 0x81, 0xAF, 0x70,
    0xF3, 0x81, 0xE0, 0xA7, 0x4F, 0x60, 0x73, 0x87, 0xA3, 0x61, 0x7D, 0xA2, 0xB4, 0x3E, 0x40, 0xE0,
    0x9F, 0x38, 0xFD, 0xF7, 0x6A, 0xD5, 0x7C, 0x20, 0x67, 0xBF, 0x9C, 0x53, 0x38, 0xF2, 0xED, 0xC0,
    0x8A, 0x4C, 0x07, 0x7A, 0x50, 0x7B, 0xA0, 0x95, 0x8B, 0x28, 0x70, 0xA1, 0xCE, 0x75, 0xB9, 0x3C,
    0x09, 0x52, 0x1D, 0x02, 0xAA, 0x48, 0x01, 0xE0, 0xF2, 0x8A, 0xE7, 0x4A, 0xB5, 0x40, 0x77, 0x8B,
    0x3F, 0x6C, 0x0B, 0x69, 0x00, 0xFD, 0xDE, 0x4D, 0xFE, 0xD6, 0xCD, 0x64, 0x81, 0x7C, 0xED, 0xDA,
    0x62, 0xA3, 0x58, 0x48, 0x14, 0xAC, 0x56, 0x39, 0x41, 0xB7, 0x82, 0xEA, 0x6A, 0x84, 0x66, 0x01,
    0xB5, 0x7E, 0x00, 0x3F, 0x43, 0xD7, 0x7F, 0xA4, 0xC9, 0xA8, 0xE9, 0xA1, 0x9A, 0xA0, 0x89, 0xF4,
    0xE7, 0xE5, 0xD2, 0x45, 0xD2, 0xAE, 0xE7, 0x34, 0x01, 0x3C, 0x22, 0xDF, 0xC7, 0x27, 0xC3, 0xC7,
    0x27, 0x2F, 0x00, 0x56, 0xD7, 0xAF, 0x00, 0xCE, 0x2A, 0x6D, 0x90, 0x50, 0xCE, 0x20, 0x41, 0x41,
    0xBE, 0x92, 0x6E, 0xEA, 0x69, 0x48, 0xD4, 0xBA, 0xC5, 0xFF, 0xF5, 0x14, 0xA0, 0x91, 0xC6, 0x52,
    0x5A, 0xA0, 0x50, 0x20, 0x91, 0xDE, 0x01, 0x2F, 0x6B, 0x78, 0xF1, 0x1D, 0x1C, 0x5A, 0xC8, 0x07,
    0x68, 0xA8, 0x5A, 0xA8, 0xFA, 0x0E, 0x28, 0xFF, 0x58, 0x81, 0x4C, 0x33, 0x90, 0x68, 0x02, 0x50,
    0xCF, 0x23, 0x15, 0xBA, 0x01, 0x9D, 0x34, 0x90, 0xA9, 0x6E, 0x6C, 0xFF, 0x28, 0x57, 0xDC, 0x48,
    0xB6, 0x59, 0xE7, 0xE9, 0x6E, 0x7B, 0x92, 0x95, 0x66, 0xB7, 0xA3, 0xD9, 0x38, 0x91, 0xD9, 0x11,
    0x38, 0x66, 0x74, 0x01, 0xA0, 0x94, 0x05, 0x32, 0x6D, 0x00, 0x92, 0xC5, 0x9D, 0x02, 0x90, 0x4A,
    0x3D, 0xE0, 0x8E, 0x86, 0xE2, 0x11, 0x08, 0x20, 0x17, 0xC0, 0xB1, 0xAE, 0x6A, 0xBF, 0xC1, 0xEC,
    0x5B, 0xCC, 0x0A, 0x50, 0x6D, 0x11, 0xD1, 0xB5, 0xA4, 0x81, 0x66, 0x20, 0x5F, 0xA9, 0x16, 0xAA,
    0x89, 0x42, 0x52, 0x4B, 0xD2, 0xE9, 0x06, 0x24, 0x17, 0x0E, 0x95, 0x35, 0xAF, 0xC9, 0x47, 0xBB,
    0x69, 0x6B, 0x39, 0x82, 0x7C, 0x0F, 0x8D, 0x6A, 0xA8, 0x42, 0x5C, 0xD1, 0x67, 0xB2, 0x40, 0x4D,
    0x26, 0xCD, 0x94, 0x73, 0xB1, 0xE2, 0x7B, 0x2B, 0x54, 0x13, 0xE8, 0xE0, 0x83, 0x99, 0xDF, 0xAC,
    0x3A, 0x56, 0x1C, 0xFC, 0x06, 0x38, 0x0D, 0x90, 0x2B, 0x00, 0x9D, 0x61, 0xA1, 0xC5, 0x30, 0x60,
    0x08, 0x24, 0xAA, 0x3F, 0x83, 0xA6, 0x7D, 0x0D, 0xBE, 0x5D, 0xCD, 0x04, 0x68, 0x6A, 0x81, 0x68,
    0xFA, 0x6C, 0xA3, 0xB2, 0x6A, 0xB9, 0xF5, 0xCF, 0xCB, 0xFB, 0xC5, 0xC6, 0xF5, 0xC5, 0x18, 0x8F,
    0xB6, 0x9C, 0xA3, 0x77, 0xF3, 0xF9, 0xD9, 0xE2, 0xF9, 0xC8, 0x27, 0xF5, 0xF5, 0xF5, 0xFA, 0xEE,
    0xF3, 0xFD, 0xC5, 0xE4, 0xA5, 0x21, 0x97, 0xA6, 0x5C, 0x33, 0xFC, 0xA0, 0x1A, 0x8D, 0x90, 0xAF,
    0xF1, 0xAA, 0xE7, 0x53, 0xDC, 0x77, 0x2B, 0xE8, 0x16, 0x28, 0x7B, 0x28, 0x36, 0x70, 0x35, 0x64,
    0x02, 0x7F, 0xFC, 0x2D, 0x1F, 0x8E, 0xE5, 0x59, 0x00, 0x9A, 0x21, 0x9D, 0xC0, 0x12, 0xB3, 0x11,
    0x2C, 0xD1, 0xD2, 0xA0, 0x58, 0x2D, 0x0D, 0xB2, 0xCD, 0x03, 0x96, 0xF8, 0x06, 0x00, 0xB4, 0x02,
    0xC4, 0x8A, 0x31, 0xF1, 0xF0, 0xE3, 0xFF, 0xF4, 0xD3, 0xE9, 0xCF, 0x95, 0xA2, 0x93, 0x96, 0x7B,
    0x1F, 0x55, 0xB4, 0x7C, 0x0B, 0x64, 0x53, 0xB2, 0x02, 0xC9, 0x56, 0x4C, 0x00, 0xDD, 0x8F, 0x71,
    0x8B, 0xD5, 0x02, 0x94, 0x02, 0xE2, 0x09, 0x3C, 0xD6, 0x17, 0xD7, 0x5D, 0xEF, 0x71, 0xDA, 0xB5,
    0xE1, 0xC2, 0xF5, 0xFA, 0xEB, 0xEE, 0x06, 0xA8, 0x16, 0x5C, 0x6B, 0x13, 0xE2, 0x6A, 0xD0, 0x80,
    0x83, 0x54, 0xBD, 0xB9, 0x4C, 0xF0, 0x02, 0x8A, 0x00, 0x80, 0x5B, 0x39, 0x2F, 0x0C, 0xDD, 0xC4,
    0x79, 0x2D, 0x53, 0xB5, 0xE7, 0x65, 0xA0, 0xDC, 0x00, 0xA8, 0xD6, 0xFB, 0x11, 0xBB, 0x31, 0x0E,
    0xDA, 0x03, 0x76, 0x55, 0x39, 0xB6, 0xED, 0x5C, 0xEA, 0x6A, 0xB9, 0x3F, 0x6A, 0x0D, 0x50, 0x5A,
    0x23, 0xE0, 0xC8, 0x04, 0xB8, 0xD8, 0x88, 0x8F, 0x8D, 0x34, 0xF8, 0xDB, 0xE5, 0xF2, 0xBD, 0x68,
    0x64, 0x3A, 0x1C, 0x51, 0x6F, 0x48, 0x27, 0xAA, 0xBA, 0x1C, 0x28, 0x47, 0x5F, 0x93, 0xDD, 0x02,
    0xA4, 0x5A, 0x01, 0xCD, 0xB1, 0xC4, 0x83, 0xD3, 0x79, 0x5F, 0x4A, 0x0A, 0x66, 0x36, 0x4B, 0xB4,
    0x95, 0xA8, 0x26, 0x07, 0xCD, 0xF0, 0x55, 0x9C, 0x33, 0x15, 0x90, 0x6F, 0x47, 0xC7, 0x7B, 0x10,
    0x0B, 0xF2, 0xAF, 0xC1, 0x17, 0x16, 0x74, 0x16, 0xAC, 0x2C, 0xE8, 0x2D, 0xF8, 0xB6, 0x0A, 0xD7,
    0x5F, 0x82, 0x97, 0x14, 0xCD, 0xDF, 0xD5, 0xC9, 0x01, 0x06, 0x02, 0x41, 0x18, 0x40, 0xE1, 0xAF,
    0x52, 0x8B, 0x68, 0xA0, 0x7B, 0x74, 0x83, 0x66, 0x6F, 0xB6, 0x9D, 0x27, 0xE8, 0x08, 0x3B, 0x47,
    0xD9, 0x6E, 0x10, 0x42, 0xD8, 0x9D, 0xBF, 0x06, 0x02, 0x3A, 0x40, 0xE0, 0xF3, 0x3C, 0xD8, 0x82,
    0x2E, 0x16, 0xC8, 0x11, 0x3D, 0x42, 0x14, 0xD6, 0x8B, 0xE1, 0xC3, 0x66, 0x96, 0xD1, 0xCD, 0x8E,
    0xD8, 0xBF, 0xF8, 0xC1, 0xEE, 0x56, 0xAF, 0x17, 0x52, 0x44, 0x94, 0x6F, 0x69, 0xEF, 0xDF, 0x38,
    0x68, 0x38, 0x4B, 0x4F, 0x0C, 0xD2, 0xA3, 0xD1, 0x9F, 0x26, 0xE4, 0xFB, 0x58, 0x90, 0xA2, 0xC2,
    0x6A, 0x9C, 0xE0, 0x0D, 0x63, 0x00, 0x01, 0xFB, 0x0F, 0x0C, 0x0C, 0xF5, 0x3F, 0x18, 0x18, 0xFE,
    0xFF, 0x65, 0x60, 0xFE, 0xFB, 0x9F, 0x81, 0xFB, 0x83, 0x7D, 0x83, 0xFC, 0x01, 0xFE, 0x0B, 0x76,
    0x0C, 0x4C, 0x1F, 0xC0, 0xF2, 0x2B, 0x81, 0x98, 0xFD, 0xFF, 0x05, 0xE6, 0x03, 0xFC, 0xFF, 0x7F,
    0xB0, 0x1F, 0xD0, 0x8F, 0xFE, 0xFF, 0xDF, 0xC1, 0x86, 0xF1, 0xFF, 0x7F, 0x06, 0x0B, 0x06, 0x7D,
    0xA0, 0x2E, 0x10, 0x00, 0x00, 0xCD, 0x96, 0x01, 0x84, 0x27, 0xD7, 0x19, 0xC0, 0x7F, 0x33, 0xEF,
    0x76, 0x27, 0x32, 0x74, 0x16, 0x1B, 0xDA, 0xA4, 0xE9, 0x40, 0x90, 0x9E, 0x5E, 0xA6, 0x28, 0xAE,
    0x3A, 0xFB, 0x9F, 0x97, 0x1E, 0x82, 0xC2, 0x96, 0x5B, 0xE5, 0xA2, 0x5A, 0x04, 0xC9, 0xC2, 0x16,
    0xC1, 0x55, 0x77, 0x77, 0x1E, 0x05, 0x40, 0xB7, 0xA1, 0x85, 0xC0, 0x22, 0x21, 0xF7, 0x0F, 0xBD,
    0xE2, 0x70, 0x61, 0x77, 0xE7, 0x49, 0x01, 0xE0, 0x41, 0x01, 0x74, 0xAA, 0x97, 0xA2, 0x41, 0x27,
    0x35, 0xAD, 0x49, 0xCD, 0xFF, 0xFF, 0x75, 0xDE, 0x4C, 0xF6, 0xBF, 0x7B, 0x97, 0x4B, 0x5C, 0x0B,
    0xFA, 0x7B, 0xDF, 0x7C, 0xEF, 0x9B, 0xF7, 0xBD, 0xF7, 0xE6, 0xCD, 0x37, 0xEF, 0xBD, 0x37, 0x40,
    0x55, 0x53, 0x34, 0x24, 0x1D, 0xAA, 0x87, 0x25, 0x64, 0x9A, 0xD8, 0x32, 0x21, 0x36, 0x14, 0xD4,
    0x82, 0xA4, 0x25, 0x75, 0x14, 0x70, 0xC2, 0x8A, 0xAC, 0x81, 0xB2, 0x07, 0x59, 0x10, 0x2E, 0x84,
    0xA8, 0x2D, 0x6C, 0x62, 0xE3, 0x7A, 0x46, 0xD0, 0x02, 0x04, 0xEF, 0x00, 0x89, 0x98, 0x58, 0x17,
    0xD2, 0x26, 0xFA, 0x70, 0x4F, 0x84, 0xFB, 0xA1, 0x2C, 0xB8, 0x47, 0xD9, 0x32, 0x52, 0x89, 0xD4,
    0x9F, 0x5D, 0xEE, 0xEA, 0x7C, 0x3E, 0x7F, 0xAF, 0x14, 0x91, 0xC5, 0xA8, 0x38, 0x67, 0x1F, 0xE5,
    0xB6, 0x88, 0x6C, 0x61, 0x32, 0x9B, 0x8A, 0xE8, 0x58, 0x96, 0x04, 0x32, 0x75, 0x90, 0xEA, 0xD2,
    0x55, 0x75, 0x55, 0x97, 0x2E, 0xD5, 0x00, 0x85, 0x4E, 0x6D, 0x65, 0x8B, 0xFA, 0xFC, 0xF2, 0xF7,
    0x00, 0xC1, 0xBB, 0x14, 0x62, 0x2B, 0x69, 0xDE, 0x54, 0xED, 0x46, 0xD8, 0xA2, 0x5A, 0xF6, 0x9A,
    0x50, 0x4C, 0xD0, 0x12, 0x34, 0x5E, 0xD8, 0x24, 0x12, 0x97, 0x4A, 0x5B, 0x04, 0xFD, 0x3E, 0x5B,
    0x93, 0xCC, 0x38, 0xC9, 0x3E, 0xEE, 0x62, 0xA9, 0x99, 0xAF, 0xA2, 0xE1, 0xE3, 0x11, 0x88, 0x56,
    0x0B, 0xB5, 0x24, 0x69, 0xE3, 0x8E, 0xD4, 0x25, 0x35, 0x85, 0x2E, 0x0C, 0xA7, 0x1C, 0x72, 0x81,
    0x8F, 0x42, 0x6A, 0xE3, 0x3A, 0x6E, 0x32, 0xAB, 0x7A, 0x01, 0x59, 0x4C, 0xD1, 0x2A, 0x1A, 0x3C,
    0xF9, 0xC1, 0xC8, 0x8B, 0xFB, 0xCA, 0x9D, 0xA8, 0xFA, 0x11, 0x79, 0x3D, 0x3C, 0xC2, 0x53, 0xD9,
    0xD2, 0x52, 0xD4, 0x45, 0x4D, 0xD2, 0x24, 0x0D, 0x51, 0x17, 0xF5, 0x04, 0x7D, 0xE0, 0x7B, 0xA2,
    0x84, 0x54, 0xA7, 0x86, 0x15, 0x99, 0x81, 0xC2, 0x42, 0xE9, 0xC6, 0xFC, 0x85, 0xF4, 0x65, 0xE3,
    0x63, 0x57, 0x90, 0xD8, 0xEC, 0xA3, 0xCA, 0x24, 0x22, 0x28, 0xE9, 0x61, 0x77, 0xEA, 0x9B, 0xAA,
    0x26, 0x92, 0x25, 0x3E, 0xA6, 0xC5, 0xD1, 0x9E, 0x9D, 0x11, 0x5B, 0x5F, 0x1F, 0xCF, 0x1A, 0x65,
    0xD8, 0x25, 0x36, 0x65, 0xC6, 0x01, 0x95, 0xAE, 0x6A, 0xE9, 0xAA, 0xAE, 0xE8, 0xD2, 0x1A, 0xD6,
    0x8F, 0xD2, 0x3E, 0x5B, 0x64, 0xCB, 0x54, 0xD4, 0x92, 0x53, 0xF6, 0xB9, 0x1F, 0x34, 0xB1, 0xAB,
    0x68, 0xF1, 0xBE, 0xA2, 0x2D, 0x87, 0x9A, 0xD2, 0x56, 0xF6, 0x90, 0x2D, 0x5E, 0x22, 0xD1, 0x51,
    0xCD, 0x92, 0xF4, 0xCB, 0xDB, 0x01, 0x65, 0x43, 0xD6, 0x12, 0xF7, 0x84, 0x0B, 0xA8, 0x20, 0x35,
    0x44, 0x8E, 0x09, 0x71, 0x81, 0x18, 0xB5, 0x24, 0xEA, 0x48, 0x6A, 0x32, 0xCD, 0x01, 0x23, 0x9B,
    0x6C, 0xB1, 0xB5, 0x7B, 0x5A, 0x2E, 0xCA, 0x85, 0xB7, 0xF8, 0x26, 0xEC, 0x0F, 0xE9, 0xE0, 0xA6,
    0x2F, 0xF1, 0xD6, 0xEB, 0x94, 0xB2, 0x18, 0x64, 0x77, 0x7E, 0x0A, 0x5B, 0x8F, 0x97, 0x0D, 0xFF,
    0x44, 0x25, 0x5E, 0x42, 0x81, 0x0A, 0x0E, 0xE1, 0x84, 0xB0, 0xA5, 0x70, 0xFC, 0x1C, 0x4F, 0x58,
    0xA7, 0x4D, 0xA1, 0x4F, 0x98, 0x52, 0xA1, 0xD3, 0x26, 0xAC, 0x39, 0x86, 0x66, 0x12, 0x82, 0x96,
    0x52, 0xDC, 0x20, 0xCF, 0xEC, 0xE8, 0xAB, 0x73, 0x33, 0xD9, 0x34, 0x5C, 0xC8, 0xB6, 0x97, 0x47,
    0x2B, 0xFF, 0x53, 0x33, 0x79, 0x8F, 0x99, 0xCF, 0x8F, 0x45, 0x9A, 0x4A, 0x6A, 0x62, 0xFB, 0xA8,
    0x24, 0xF6, 0xBB, 0x95, 0x29, 0x44, 0x17, 0x4B, 0x92, 0x0E, 0xA0, 0xFB, 0x9C, 0xF4, 0x50, 0xBD,
    0x4D, 0x29, 0x64, 0xE2, 0x43, 0x08, 0x04, 0x64, 0xAE, 0x68, 0xCA, 0xA6, 0x68, 0x32, 0xB7, 0xC6,
    0x97, 0xAD, 0x0D, 0x20, 0x14, 0x93, 0x48, 0x93, 0xBD, 0xDC, 0xCD, 0x38, 0xD9, 0x62, 0x7F, 0xD0,
    0xD9, 0x6F, 0xBB, 0xA1, 0x24, 0x10, 0x03, 0x59, 0x5D, 0xB8, 0xC2, 0x96, 0x9C, 0x71, 0x42, 0x0B,
    0xB0, 0x4D, 0x58, 0xA3, 0x1E, 0xA0, 0x44, 0x07, 0x95, 0x25, 0xF5, 0x93, 0xD3, 0x4B, 0x5A, 0xDF,
    0xA9, 0xAC, 0x88, 0x2E, 0x3B, 0x38, 0x21, 0xAE, 0xC9, 0x0C, 0x05, 0x54, 0x20, 0xA3, 0x54, 0x96,
    0x52, 0x9A, 0x4C, 0x9A, 0x50, 0x8E, 0x38, 0x98, 0xC0, 0xAF, 0x7A, 0xE3, 0x17, 0xBC, 0x9B, 0x94,
    0x21, 0x73, 0x87, 0x10, 0xB9, 0x7D, 0x50, 0x93, 0xDA, 0x84, 0x40, 0x03, 0xDC, 0x56, 0xE6, 0xDA,
    0xF5, 0xC8, 0xE6, 0x79, 0xE2, 0xF2, 0x4C, 0xA4, 0x4B, 0xFA, 0xAA, 0x09, 0xB6, 0xD7, 0xD8, 0x00,
    0x7D, 0x4A, 0x34, 0xBE, 0x51, 0x52, 0x57, 0x44, 0xFF, 0x5E, 0x10, 0x4A, 0x07, 0xD2, 0x4C, 0xAB,
    0xC1, 0xF3, 0x8C, 0x86, 0xAA, 0xF6, 0x65, 0xE3, 0x2A, 0x88, 0xFF, 0xB5, 0x20, 0x75, 0x25, 0xBE,
    0xCD, 0x09, 0xAA, 0x1E, 0xFB, 0x27, 0x74, 0x07, 0x44, 0xCE, 0x97, 0x65, 0xE2, 0x63, 0x22, 0xBE,
    0x9F, 0x55, 0xDB, 0x48, 0x16, 0xF8, 0xB2, 0xE2, 0x8F, 0xE5, 0x6A, 0xB5, 0x6C, 0x12, 0x68, 0x36,
    0x01, 0x25, 0x46, 0xD9, 0x44, 0xDA, 0xC8, 0x66, 0x77, 0xE5, 0xAE, 0xD9, 0x0A, 0x45, 0xC8, 0x29,
    0x16, 0x40, 0x70, 0xC4, 0x33, 0x3B, 0x3B, 0xFA, 0x7C, 0xB3, 0xF3, 0xF6, 0x70, 0xED, 0xDC, 0x1C,
    0x6E, 0x64, 0x39, 0xAA, 0xF1, 0x16, 0xCF, 0x45, 0xD9, 0xEE, 0x10, 0x99, 0x3B, 0xAC, 0x18, 0x6F,
    0x2F, 0xBC, 0x8C, 0x78, 0x7F, 0x24, 0xCE, 0x3F, 0xB8, 0x1B, 0x1E, 0xFC, 0xAA, 0x88, 0xD9, 0x0A,
    0x44, 0xB8, 0x4E, 0xD6, 0x71, 0x41, 0x21, 0x22, 0x76, 0x54, 0x63, 0xB8, 0x2F, 0x17, 0x9F, 0x7B,
    0xCE, 0x9D, 0x97, 0xFC, 0x2F, 0x42, 0xD8, 0x43, 0xDA, 0x43, 0xE5, 0x88, 0x97, 0x50, 0xFA, 0xD8,
    0xE9, 0xB1, 0xEF, 0xD2, 0xC2, 0x35, 0x1E, 0x26, 0xAC, 0x01, 0xD5, 0x00, 0x91, 0xB7, 0x62, 0x0B,
    0x24, 0x5E, 0xA5, 0x1A, 0x28, 0x00, 0x0E, 0x01, 0x4E, 0x00, 0x7A, 0x20, 0x68, 0xFF, 0x0F, 0x1A,
    0xCC, 0x00, 0xAE, 0x00, 0xDC, 0x47, 0x74, 0x6A, 0x55, 0x3D, 0xA5, 0xD4, 0x8A, 0xBE, 0x3F, 0x06,
    0xC1, 0x5C, 0xCC, 0xC5, 0x43, 0x88, 0x5D, 0xF9, 0xD1, 0x4E, 0xE5, 0x2E, 0xE6, 0xAC, 0xFF, 0x78,
    0xFA, 0xE2, 0xF6, 0xA2, 0xF2, 0xA5, 0x66, 0xF3, 0xF9, 0xFB, 0x93, 0x77, 0xF5, 0x01, 0xA2, 0x3E,
    0xAB, 0x53, 0xA9, 0xBA, 0x59, 0xDC, 0xEE, 0xE7, 0xCA, 0xE5, 0xD7, 0x95, 0xBD, 0xB6, 0x11, 0xE8,
    0x2B, 0x4F, 0x05, 0xCC, 0xE2, 0x61, 0x0E, 0xD9, 0x58, 0x50, 0xBD, 0x0F, 0x7B, 0x26, 0xA6, 0x48,
    0xEC, 0x53, 0x21, 0xEB, 0xAE, 0x70, 0x95, 0xEE, 0xE9, 0x39, 0xA3, 0x30, 0xFE, 0x70, 0x51, 0x8D,
    0x6A, 0x52, 0x57, 0x9A, 0xD7, 0xF8, 0x1F, 0x26, 0x0F, 0x54, 0x6E, 0x3C, 0xF8, 0xDB, 0xF3, 0x83,
    0xBF, 0xB8, 0x74, 0xF0, 0x97, 0x35, 0x62, 0x83, 0x69, 0x0C, 0x0D, 0xA9, 0x65, 0xF6, 0xA4, 0x53,
    0x6E, 0x6D, 0xDC, 0x7A, 0xB2, 0x26, 0x6A, 0xC2, 0x46, 0xD5, 0x89, 0xD9, 0x62, 0xC5, 0x02, 0x08,
    0x44, 0x4F, 0xAA, 0x78, 0x59, 0x12, 0x57, 0x7D, 0xB8, 0xC8, 0x9A, 0xEA, 0xC3, 0xCE, 0xAB, 0xA1,
    0x4D, 0x71, 0xA3, 0x4E, 0x1C, 0xCA, 0x32, 0x31, 0xD7, 0x32, 0x25, 0xE3, 0x4F, 0x9F, 0x75, 0xFD,
    0xA4, 0xBB, 0xC5, 0x7F, 0x1F, 0x8D, 0x2F, 0x3A, 0x86, 0x77, 0x76, 0xAA, 0x65, 0xB5, 0x64, 0x36,
    0x25, 0xBE, 0xC6, 0xC4, 0x37, 0x80, 0x3B, 0x33, 0x88, 0xA4, 0xF7, 0x91, 0xE8, 0x23, 0x9B, 0xFD,
    0x44, 0x44, 0x6F, 0x29, 0x1F, 0x89, 0xE8, 0xEF, 0x1D, 0x24, 0x06, 0x08, 0x39, 0x27, 0xEC, 0x00,
    0xD5, 0x3F, 0xA4, 0xD8, 0x86, 0x60, 0xA9, 0x95, 0x8D, 0xFD, 0xB6, 0x91, 0x8A, 0xDC, 0x35, 0xB3,
    0x48, 0x84, 0x9C, 0x72, 0xC1, 0x0B, 0xAC, 0x1D, 0x01, 0xC7, 0x8F, 0x69, 0x76, 0xFC, 0x04, 0x9F,
    0xE1, 0x89, 0x37, 0x87, 0x40, 0x6F, 0x12, 0xE9, 0xE7, 0x49, 0x45, 0xFC, 0x24, 0x76, 0x85, 0x88,
    0x4D, 0x7E, 0xB3, 0x87, 0xD2, 0x5F, 0x07, 0xBD, 0xC1, 0xF4, 0xC0, 0xB0, 0x63, 0x9A, 0x89, 0x83,
    0xF1, 0x88, 0xEC, 0xCE, 0x79, 0x76, 0xAE, 0x9F, 0x9E, 0x1F, 0x95, 0xE2, 0x2B, 0x24, 0xE2, 0xCA,
    0x25, 0xA9, 0xE8, 0x78, 0x5C, 0x0A, 0x1E, 0xF5, 0xB0, 0xB1, 0xCD, 0x64, 0xFC, 0xBE, 0xA9, 0xA7,
    0xEF, 0xD5, 0x7E, 0xD2, 0x10, 0x68, 0x78, 0xF1, 0xA7, 0xBC, 0x65, 0x00, 0xC6, 0x0F, 0x09, 0x4C,
    0xAB, 0x0F, 0x46, 0x2F, 0x5F, 0x05, 0x22, 0x0B, 0xCC, 0x60, 0x5F, 0x19, 0xE0, 0xDA, 0xE5, 0x9E,
    0xD7, 0x00, 0xD6, 0x07, 0x23, 0x01, 0x48, 0x6E, 0x4C, 0x06, 0xF1, 0xE5, 0x3A, 0xE1, 0xD8, 0x8F,
    0x72, 0xAB, 0x7E, 0x18, 0xFB, 0x79, 0x1E, 0x60, 0x9A, 0x38, 0x97, 0x9F, 0x9E, 0x6F, 0x70, 0xC3,
    0xE2, 0x69, 0x8E, 0x9B, 0xC9, 0xD1, 0x34, 0x0D, 0x53, 0x87, 0x0D, 0xA8, 0xC7, 0xBC, 0xE0, 0xE1,
    0x0E, 0xC3, 0x4F, 0xC0, 0xDA, 0xAB, 0x6E, 0x15, 0x8D, 0x95, 0xB1, 0x01, 0x39, 0x14, 0x47, 0x3E,
    0x92, 0x81, 0x58, 0x4A, 0x1B, 0x89, 0xC9, 0x1E, 0x30, 0x83, 0x6F, 0x03, 0x3A, 0xAE, 0x33, 0x37,
    0x63, 0x9F, 0x93, 0xE1, 0x2A, 0xC8, 0xEA, 0xA8, 0x06, 0x76, 0x8F, 0x50, 0xD2, 0x93, 0x88, 0x90,
    0xFD, 0xAD, 0x32, 0x05, 0xC9, 0x78, 0xEC, 0xBC, 0x9E, 0x7E, 0xFF, 0x68, 0xF5, 0xB3, 0x57, 0x5A,
    0xC8, 0x0C, 0x9E, 0xA7, 0x42, 0xBF, 0x7B, 0x14, 0x77, 0x6D, 0xF2, 0xB9, 0xDD, 0x03, 0x34, 0xCA,
    0xB2, 0x67, 0x87, 0xC2, 0xA2, 0xA5, 0x70, 0x64, 0x0B, 0x82, 0xCA, 0x10, 0x5B, 0xB0, 0x5F, 0x3A,
    0xB8, 0x89, 0x1A, 0x3A, 0x06, 0x6F, 0x4F, 0xD9, 0x86, 0x3D, 0xB1, 0xDC, 0xF0, 0x55, 0x5F, 0x11,
    0x52, 0xF9, 0xC1, 0x9F, 0x74, 0xE5, 0x92, 0x5F, 0xD9, 0x05, 0x59, 0xE4, 0x1C, 0x5B, 0x61, 0xB3,
    0xC1, 0x19, 0xA5, 0x89, 0xAD, 0x72, 0xAA, 0x56, 0x2E, 0xB1, 0x95, 0x39, 0x05, 0x62, 0x93, 0x35,
    0xC5, 0x90, 0xB2, 0x26, 0x36, 0xBC, 0x01, 0x39, 0x79, 0x9E, 0x97, 0x6F, 0x2C, 0x9E, 0x93, 0x07,
    0xC1, 0x99, 0x2E, 0x3F, 0x5E, 0xCC, 0xF2, 0x93, 0xCD, 0x7C, 0x93, 0x03, 0x3C, 0x71, 0x5F, 0xD4,
    0x85, 0x48, 0x7F, 0x9A, 0x34, 0x87, 0x9D, 0xB2, 0x59, 0xAB, 0x6C, 0xDA, 0x45, 0x2E, 0x3B, 0x4B,
    0xDB, 0x33, 0x5F, 0x1E, 0x77, 0x59, 0x9D, 0x68, 0x12, 0x48, 0xA1, 0x10, 0x3B, 0xC8, 0xD5, 0xBB,
    0x86, 0xA9, 0xE8, 0x59, 0x72, 0x26, 0xF2, 0x94, 0x89, 0x36, 0xB6, 0x78, 0x54, 0xAD, 0x3A, 0x3C,
    0x99, 0xA1, 0x3A, 0x02, 0xD6, 0x97, 0x90, 0xCA, 0xBB, 0x3B, 0xB7, 0xA4, 0x85, 0x50, 0x3C, 0x1A,
    0x78, 0x6E, 0xC8, 0x1F, 0xE0, 0x59, 0xDB, 0xD9, 0x9E, 0x66, 0x23, 0xF8, 0xFC, 0x25, 0x26, 0xEE,
    0x27, 0x06, 0x4F, 0xD8, 0xA8, 0x16, 0x4F, 0x6A, 0x19, 0x5B, 0x06, 0x02, 0xD9, 0x72, 0x9B, 0xB5,
    0xAA, 0x83, 0x48, 0x3C, 0x06, 0xC8, 0x86, 0xBC, 0xC3, 0x73, 0x6B, 0xFE, 0x2E, 0xF8, 0xBF, 0x82,
    0xE9, 0x3F, 0xC0, 0xB3, 0xFC, 0x2C, 0xE3, 0x21, 0x1E, 0xF6, 0xED, 0xCE, 0x3D, 0x77, 0x08, 0x6E,
    0xE2, 0xB9, 0x42, 0x29, 0x4B, 0x0D, 0xF8, 0x7D, 0x67, 0xB4, 0x4E, 0x92, 0x4F, 0x6F, 0x0D, 0xD6,
    0xF6, 0x73, 0x6D, 0x06, 0xEB, 0x32, 0x50, 0xE7, 0x4C, 0x96, 0x7E, 0x0D, 0x20, 0xB8, 0xB5, 0x0D,
    0xB0, 0x2B, 0x77, 0xF0, 0xEC, 0x89, 0xC8, 0xA7, 0x9C, 0x8F, 0xD1, 0xF9, 0x51, 0x6B, 0x02, 0x3F,
    0xEA, 0xE9, 0x3D, 0x2A, 0x54, 0x83, 0x27, 0xB1, 0xAB, 0x77, 0x5D, 0xBD, 0xFD, 0x26, 0x13, 0xE7,
    0xF9, 0xE4, 0xD7, 0x53, 0xE6, 0x4A, 0xF1, 0xB4, 0xD3, 0xC8, 0xFB, 0xCF, 0xB2, 0xF1, 0x8D, 0x7F,
    0xD4, 0x4C, 0x55, 0x2C, 0x9E, 0x00, 0x6E, 0x92, 0xDC, 0xD5, 0xCF, 0x2B, 0x7B, 0x45, 0x59, 0x94,
    0x8D, 0x3F, 0xB6, 0xB9, 0xB2, 0xB7, 0x95, 0xBD, 0x1E, 0xD9, 0xD9, 0xAE, 0x7B, 0xFA, 0xD7, 0xC7,
    0xC1, 0x36, 0xE9, 0xEF, 0xC8, 0x63, 0x7D, 0x2F, 0xB2, 0x6D, 0x64, 0x45, 0x6C, 0x03, 0xF7, 0x60,
    0x1F, 0x9D, 0xBD, 0xCA, 0xFA, 0x7B, 0x04, 0xC4, 0x26, 0xD2, 0xD3, 0x27, 0x8D, 0x1E, 0x4A, 0xA9,
    0xBB, 0xFA, 0x0E, 0x37, 0x89, 0xDF, 0x37, 0xD7, 0x02, 0x97, 0xD3, 0xDC, 0xF6, 0xD2, 0x0E, 0x3A,
    0x1F, 0x24, 0xA8, 0x93, 0x57, 0x6C, 0xF0, 0xC1, 0x14, 0x89, 0xB0, 0x27, 0x21, 0x7F, 0xCC, 0xB5,
    0x4F, 0xAC, 0x4F, 0x88, 0xFE, 0x7A, 0x4A, 0xF0, 0xC1, 0xB3, 0x9A, 0x6D, 0x3F, 0xD8, 0x3C, 0x32,
    0xD7, 0x43, 0x6E, 0xC3, 0x9B, 0x78, 0x3D, 0x48, 0x8E, 0x4E, 0xDF, 0x36, 0xE1, 0x07, 0xB0, 0xA6,
    0x89, 0x6B, 0x02, 0x2F, 0xC1, 0x0F, 0xEB, 0x74, 0x51, 0xE7, 0xAA, 0xBE, 0x1D, 0xD6, 0xF7, 0x82,
    0x73, 0x09, 0xEB, 0x7D, 0x55, 0x67, 0x3F, 0x6E, 0xD7, 0xEB, 0x3B, 0x3B, 0xC0, 0x1E, 0x90, 0x9C,
    0x5F, 0x6B, 0x90, 0x94, 0x0D, 0x89, 0xB9, 0x47, 0xA2, 0xAF, 0x3F, 0x76, 0x44, 0xA9, 0xD9, 0x62,
    0xF7, 0xE8, 0xAA, 0x66, 0x8D, 0x9B, 0xEC, 0x95, 0x7F, 0x11, 0x12, 0xD3, 0x47, 0x26, 0x61, 0x08,
    0xD9, 0x17, 0xAA, 0xD4, 0x1C, 0x28, 0xB7, 0x7B, 0x7C, 0x35, 0x7C, 0x87, 0x35, 0x0E, 0x4B, 0x9B,
    0xFC, 0xD2, 0x4E, 0xEB, 0xE4, 0xB2, 0xA4, 0x9A, 0xDD, 0x63, 0x02, 0x9E, 0x26, 0xA5, 0x6A, 0xBF,
    0xC2, 0x45, 0x4A, 0x48, 0x74, 0xF8, 0x00, 0x20, 0x73, 0x67, 0x83, 0xFD, 0x2D, 0x22, 0xF3, 0x1D,
    0x94, 0xFD, 0x19, 0xA1, 0x3B, 0x86, 0xC6, 0xC2, 0x3F, 0x0C, 0xFC, 0x02, 0x28, 0xE0, 0xFC, 0x98,
    0xCC, 0xFE, 0xBC, 0x40, 0xD9, 0x63, 0xF8, 0xC4, 0x42, 0x09, 0xBC, 0x04, 0x7C, 0x4F, 0xC3, 0x1F,
    0x1C, 0x4A, 0x37, 0xA4, 0x7A, 0xC1, 0xD5, 0xB7, 0xE6, 0xFC, 0x07, 0xCD, 0x99, 0x01, 0xA4, 0x25,
    0x59, 0x7A, 0xC7, 0x7F, 0x55, 0x35, 0xDD, 0x25, 0x5D, 0xE2, 0x34, 0x66, 0xC8, 0x6E, 0xDB, 0xAD,
    0x45, 0x10, 0x9D, 0xCC, 0x54, 0x10, 0x04, 0xDD, 0xEF, 0x54, 0x32, 0x80, 0xC0, 0xC3, 0x3C, 0xD8,
    0x60, 0x83, 0x20, 0x3B, 0xC1, 0x2C, 0x16, 0xC1, 0xBC, 0x57, 0x95, 0x00, 0x80, 0x46, 0x02, 0x16,
    0x69, 0x74, 0x78, 0xF3, 0x22, 0x66, 0xD1, 0x18, 0x74, 0x77, 0x9D, 0x64, 0x11, 0x80, 0x22, 0x46,
    0x00, 0x8A, 0xCC, 0x22, 0x09, 0xEB, 0x48, 0x2A, 0x52, 0x33, 0x5B, 0xF7, 0x7E, 0x39, 0x9F, 0x53,
    0xF7, 0xF5, 0x2D, 0xF7, 0xCD, 0xEB, 0xE9, 0x4D, 0x5E, 0x66, 0xBF, 0x57, 0xF7, 0xFF, 0x3F, 0xA7,
    0xCE, 0xF7, 0x7D, 0xDF, 0x77, 0xBE, 0xF3, 0xA9, 0xFB, 0xEE, 0xBD, 0xFE, 0xD5, 0xC2, 0x5D, 0xEA,
    0xA7, 0xC9, 0xF0, 0x30, 0x77, 0xE6, 0x7B, 0x64, 0x33, 0xE9, 0x44, 0xBE, 0xA1, 0x94, 0xFA, 0xC3,
    0xFF, 0xEC, 0x7F, 0xEC, 0x07, 0x3C, 0xFF, 0xF7, 0x17, 0x84, 0xA8, 0x3C, 0x80, 0x0A, 0x72, 0x77,
    0xF1, 0xB7, 0x5E, 0x64, 0xF4, 0x79, 0xEF, 0x4D, 0xED, 0x1F, 0xE2, 0x7F, 0xE7, 0xA6, 0x62, 0x6A,
    0x50, 0x4F, 0x36, 0x60, 0x6A, 0xEC, 0xC5, 0x79, 0x23, 0x73, 0x55, 0x3F, 0x28, 0xDC, 0x83, 0xC4,
    0x3F, 0xE0, 0x07, 0x0F, 0xE0, 0x06, 0xAE, 0x28, 0x22, 0x72, 0xF9, 0xE2, 0x9A, 0x7B, 0x60, 0x25,
    0xC8, 0x1C, 0xF1, 0xFE, 0x45, 0x90, 0x27, 0x01, 0x83, 0xC4, 0x05, 0xD9, 0xD1, 0x22, 0xBA, 0xB6,
    0xC8, 0xB9, 0x95, 0x4B, 0x99, 0xF7, 0xC7, 0xA8, 0xFC, 0x82, 0xFA, 0x47, 0x8C, 0x47, 0x4C, 0xBF,
    0x0C, 0x97, 0x66, 0x28, 0xEC, 0xE3, 0xC1, 0xBE, 0xAE, 0x5A, 0x4D, 0xC1, 0x92, 0x6C, 0xC8, 0x7B,
    0x3D, 0xF3, 0x4A, 0x67, 0x34, 0x2D, 0x8D, 0xA7, 0x99, 0xF5, 0xB2, 0x33, 0xC6, 0xA3, 0x8A, 0x8F,
    0xCD, 0x5C, 0x6D, 0x2B, 0x31, 0x92, 0x0A, 0x2F, 0x38, 0xE5, 0x59, 0x32, 0x16, 0x7D, 0x53, 0x3F,
    0x05, 0xF2, 0xA1, 0x7C, 0xB9, 0x76, 0xC6, 0x87, 0x3C, 0x4B, 0x7D, 0xD9, 0x77, 0x3C, 0x01, 0x6E,
    0x3F, 0xA2, 0x9A, 0xD4, 0x8D, 0xFA, 0x9B, 0x68, 0x7A, 0x2C, 0x7A, 0x95, 0x60, 0x5A, 0xB2, 0x11,
    0x3A, 0xB8, 0xB7, 0xCB, 0xA5, 0xC5, 0x52, 0xF4, 0xC9, 0x86, 0xA6, 0xCE, 0xFB, 0x64, 0xC4, 0xD4,
    0x59, 0x4F, 0x45, 0xEE, 0xB0, 0x18, 0x47, 0xD3, 0x9A, 0x81, 0xC6, 0x9B, 0xB0, 0x3E, 0x97, 0x12,
    0xC0, 0x08, 0x76, 0x2E, 0x04, 0xE3, 0xD3, 0x0D, 0xC4, 0x3C, 0x39, 0xC7, 0xCC, 0x99, 0x50, 0x6D,
    0x73, 0x71, 0x95, 0x04, 0x30, 0x92, 0x89, 0x4B, 0x85, 0xCE, 0xF1, 0x82, 0xD2, 0x71, 0xAA, 0x7B,
    0x7D, 0x46, 0x49, 0x88, 0xF0, 0x30, 0xC4, 0x4B, 0xA7, 0x10, 0xAF, 0xEC, 0x79, 0xCA, 0xB7, 0x89,
    0x92, 0x0F, 0xC9, 0x86, 0x32, 0x78, 0xA9, 0x0F, 0xBD, 0x34, 0x8E, 0x33, 0xCA, 0x96, 0x0F, 0xA3,
    0x97, 0x8A, 0xD4, 0x73, 0x4A, 0xD9, 0xA7, 0x23, 0x9D, 0x7A, 0x7F, 0xC2, 0x37, 0x00, 0xE2, 0xDE,
    0xCF, 0xA9, 0xA6, 0x5C, 0x93, 0x34, 0x9A, 0xAE, 0xC2, 0x54, 0x6E, 0x69, 0x7A, 0x33, 0xC6, 0x1D,
    0x59, 0x0A, 0x47, 0x49, 0xE6, 0x30, 0x6D, 0xEA, 0xB5, 0x1E, 0x1B, 0xE8, 0xA8, 0x1C, 0xF7, 0x48,
    0xFB, 0x65, 0x4B, 0x9B, 0x4B, 0x98, 0x77, 0x90, 0x5C, 0x02, 0x0A, 0x4C, 0x97, 0x30, 0xC2, 0xD9,
    0xA3, 0xF1, 0xBB, 0xBE, 0x11, 0x11, 0xDF, 0x6C, 0x7F, 0x2E, 0xFE, 0xFB, 0x4C, 0xB7, 0x1E, 0x93,
    0x5C, 0xDA, 0x66, 0x5B, 0x20, 0x17, 0x1D, 0x49, 0x9C, 0xEE, 0x60, 0x1D, 0x28, 0xB9, 0x3E, 0x50,
    0x8C, 0x76, 0x2D, 0x3C, 0xBD, 0x84, 0x1F, 0xB3, 0x48, 0x7A, 0x55, 0x8C, 0x95, 0xE7, 0xBB, 0x8C,
    0xDC, 0x6D, 0x7E, 0xFA, 0x5F, 0x1F, 0x2F, 0x5B, 0xF8, 0xD7, 0xCF, 0x3B, 0x7F, 0x97, 0x89, 0xE3,
    0xA8, 0xA7, 0xB6, 0xBB, 0x9C, 0x57, 0xB6, 0x31, 0xC6, 0x0F, 0x76, 0x10, 0xA7, 0x63, 0x54, 0x59,
    0xEF, 0x72, 0xDF, 0xAC, 0xF9, 0xCB, 0xF1, 0x4F, 0x77, 0xB5, 0xFA, 0x42, 0xFC, 0xAF, 0x33, 0x26,
    0x7F, 0xB4, 0xCB, 0x65, 0x95, 0x5F, 0xFA, 0x32, 0xB8, 0x82, 0x4A, 0x22, 0x2D, 0x46, 0x26, 0xAC,
    0x6C, 0x08, 0x2E, 0xE8, 0xE2, 0xAB, 0xDE, 0x7B, 0xA1, 0xF7, 0xAD, 0x6C, 0x29, 0x65, 0x26, 0x97,
    0x01, 0xDE, 0x04, 0x95, 0xDF, 0x05, 0x6C, 0x0B, 0x76, 0x02, 0x2B, 0x6D, 0x78, 0xA9, 0x1F, 0x69,
    0xC3, 0x6B, 0x0A, 0xAF, 0x41, 0x6D, 0x6C, 0xD0, 0xB7, 0x5B, 0xB0, 0x03, 0x1C, 0x01, 0xDF, 0xD1,
    0x98, 0x75, 0xE5, 0xED, 0x68, 0xA7, 0xF0, 0xE7, 0x8B, 0x47, 0x49, 0x0D, 0xC7, 0x95, 0x27, 0x9F,
    0xED, 0x88, 0xD9, 0xDA, 0xE9, 0x12, 0x3C, 0xC5, 0xA6, 0x78, 0x44, 0xFA, 0x59, 0xD1, 0x93, 0x8E,
    0xF0, 0x1C, 0xEB, 0x31, 0x33, 0x99, 0xD4, 0x4D, 0x50, 0xDD, 0x84, 0x41, 0xAB, 0x83, 0xAD, 0x0E,
    0xEC, 0x72, 0xA7, 0xAE, 0x86, 0xE0, 0x8A, 0x44, 0x48, 0x80, 0x5A, 0xCF, 0xA2, 0xE8, 0x97, 0x68,
    0x63, 0xE9, 0x13, 0xC2, 0xE3, 0x56, 0x64, 0xF2, 0x70, 0x93, 0x97, 0xCA, 0xFB, 0x17, 0xE7, 0x9D,
    0xCC, 0xF0, 0xE0, 0x86, 0x2F, 0xEE, 0xEB, 0xDB, 0xDC, 0xE6, 0xCB, 0xAE, 0x9B, 0x89, 0xB9, 0x04,
    0xFD, 0x33, 0xF8, 0xE1, 0xFA, 0x3A, 0xD3, 0xFB, 0x37, 0x1B, 0x14, 0xDE, 0x86, 0x6F, 0xED, 0x5F,
    0xF7, 0x2F, 0x9E, 0xDF, 0x54, 0xD0, 0x03, 0xE9, 0x26, 0x4D, 0x84, 0x28, 0xB9, 0x48, 0x0D, 0x67,
    0x44, 0x31, 0xBE, 0x72, 0x30, 0x13, 0xA5, 0x72, 0xC6, 0x93, 0x4C, 0x44, 0xB1, 0xAE, 0xF0, 0x64,
    0x9E, 0x28, 0x4D, 0x9B, 0x4F, 0xE4, 0xC3, 0xCE, 0x65, 0x9D, 0xCF, 0x18, 0x47, 0x14, 0xA9, 0xB3,
    0x99, 0xB2, 0xDD, 0xCD, 0x08, 0x33, 0xCB, 0xFE, 0xEC, 0x6C, 0x35, 0x9B, 0xF7, 0x67, 0x31, 0xDC,
    0xCE, 0x4B, 0x0C, 0xB7, 0x8B, 0x90, 0x0F, 0xB7, 0xB7, 0x35, 0x7C, 0xF0, 0x19, 0x1A, 0xDD, 0x38,
    0x2B, 0x9E, 0x4C, 0x04, 0xCD, 0xAC, 0x6C, 0xE5, 0xDD, 0x19, 0x33, 0x5A, 0x17, 0xB2, 0x1E, 0x6C,
    0x3A, 0xB3, 0xA5, 0xEA, 0xCD, 0xA0, 0x3B, 0x3A, 0x0B, 0x41, 0xA2, 0x56, 0xB6, 0x95, 0x7A, 0xCE,
    0xA7, 0xE0, 0x2D, 0x78, 0x18, 0xE9, 0xA6, 0x64, 0x2A, 0x46, 0x9A, 0x36, 0x78, 0xD7, 0xB8, 0x99,
    0x37, 0x9E, 0xC6, 0x69, 0x64, 0x20, 0x0F, 0xC6, 0x58, 0x27, 0xE8, 0x0C, 0xE3, 0xF6, 0x67, 0x65,
    0xBB, 0x3F, 0xB3, 0xEC, 0xCF, 0xCE, 0xE2, 0x6C, 0xF1, 0xA2, 0x49, 0x69, 0x04, 0x9D, 0x69, 0x31,
    0x35, 0x5E, 0xDD, 0x68, 0x3C, 0x2D, 0x66, 0x36, 0xD1, 0x61, 0xDB, 0x62, 0xD4, 0x70, 0x2C, 0x79,
    0x1A, 0xAF, 0xE1, 0x48, 0x36, 0x49, 0x30, 0x1E, 0xCA, 0x5E, 0xC3, 0x41, 0xF7, 0xA3, 0x91, 0xFC,
    0xF3, 0xAE, 0xD5, 0x70, 0x50, 0x4A, 0x4F, 0x22, 0x1B, 0x16, 0x79, 0x0F, 0xB8, 0x55, 0xC3, 0xAB,
    0x8E, 0xFB, 0xF0, 0xCC, 0x0F, 0x0F, 0xFE, 0xCA, 0xD3, 0x3F, 0x6C, 0x81, 0xC3, 0x3E, 0xB8, 0xB2,
    0x19, 0x0E, 0x3B, 0xE2, 0xB0, 0x2D, 0x0E, 0x7B, 0xE3, 0xEA, 0x06, 0x39, 0xEC, 0x92, 0x83, 0x56,
    0xB9, 0xBA, 0x5F, 0xD0, 0xC1, 0xBA, 0x69, 0xA8, 0xC2, 0x60, 0xDD, 0x39, 0xC8, 0xEF, 0xCF, 0xAC,
    0xDB, 0x27, 0xD9, 0xB0, 0xC5, 0x0C, 0xAB, 0x1E, 0x9A, 0xE9, 0x58, 0x37, 0x52, 0x36, 0xD1, 0xB4,
    0xEB, 0x6E, 0x0A, 0x6B, 0xD6, 0xAD, 0x5B, 0x2A, 0xAC, 0x59, 0xB7, 0xEE, 0x2B, 0xB3, 0xDC, 0x32,
    0xEE, 0xE0, 0x56, 0xD9, 0x1E, 0xDC, 0xB2, 0xAC, 0x6F, 0xAD, 0x7B, 0x2D, 0xBA, 0x5F, 0x35, 0x5C,
    0xBC, 0xB5, 0xEA, 0xBA, 0x5C, 0x53, 0x5D, 0xB7, 0x5E, 0x36, 0x87, 0xB5, 0x75, 0xFF, 0xA5, 0x3A,
    0x58, 0x37, 0x21, 0xDB, 0x64, 0xC3, 0xBA, 0x13, 0x69, 0x7E, 0x34, 0xB1, 0x6E, 0x47, 0x1D, 0x1C,
    0xF4, 0xE4, 0x09, 0xA4, 0x1F, 0xE5, 0x73, 0x11, 0xAA, 0x63, 0xBC, 0xE9, 0x4B, 0x57, 0xB6, 0x15,
    0x47, 0x3C, 0x44, 0xEF, 0x27, 0x17, 0xE4, 0x73, 0x26, 0x14, 0x53, 0xB6, 0x41, 0x93, 0xC1, 0xF8,
    0x7C, 0xC4, 0xF4, 0xB9, 0xA7, 0x74, 0xC5, 0xA0, 0x85, 0x70, 0x54, 0x98, 0x96, 0x23, 0x4C, 0x1D,
    0xAC, 0x4A, 0x54, 0x16, 0xDB, 0x8B, 0x56, 0xAD, 0x91, 0x5A, 0xED, 0x13, 0x41, 0x3D, 0x24, 0x5B,
    0xD4, 0x47, 0x3A, 0xA3, 0x5E, 0xB2, 0x09, 0xF5, 0x93, 0x79, 0xD4, 0x53, 0x20, 0xF5, 0x95, 0xF7,
    0xA8, 0xB7, 0xC2, 0xA9, 0x3F, 0x8A, 0x96, 0x45, 0xEE, 0x3F, 0xAE, 0xBC, 0xF1, 0xC1, 0xC9, 0x94,
    0x4D, 0x89, 0x76, 0xDE, 0xB3, 0xA0, 0xF0, 0x8E, 0xDE, 0xBF, 0xF3, 0x84, 0xB0, 0x34, 0x11, 0x56,
    0xE7, 0x98, 0x67, 0x36, 0xA5, 0x0A, 0x6C, 0x48, 0xB4, 0x5D, 0xD0, 0xDE, 0x0D, 0xFA, 0x96, 0x98,
    0xE3, 0x3B, 0x18, 0x80, 0x68, 0x7B, 0xE7, 0x1C, 0xB5, 0xCE, 0x67, 0xD4, 0x7E, 0xD9, 0x69, 0xB2,
    0x8D, 0x3E, 0x24, 0x7A, 0xE9, 0xA2, 0x1F, 0x1B, 0x3D, 0x55, 0xB5, 0xFA, 0xA2, 0x8C, 0x3B, 0x36,
    0xAD, 0xFA, 0x23, 0x77, 0x2C, 0x62, 0x96, 0xB3, 0xB0, 0x0E, 0xEC, 0x00, 0x9D, 0x87, 0xCF, 0x27,
    0x52, 0x1F, 0x52, 0x1A, 0x4E, 0x29, 0x9C, 0xC5, 0xB8, 0xB2, 0xAE, 0x6A, 0x13, 0x46, 0x45, 0x7F,
    0xAA, 0x27, 0x0E, 0x61, 0x9D, 0xBC, 0xA7, 0x74, 0xD8, 0x5A, 0xC3, 0x6E, 0x30, 0x33, 0xD5, 0x88,
    0xF5, 0x7A, 0x99, 0x49, 0x3B, 0x20, 0xD9, 0x42, 0x03, 0x95, 0x0B, 0x66, 0xAA, 0xCF, 0x31, 0xBA,
    0x2D, 0x8E, 0xA0, 0x6A, 0x31, 0x3D, 0xC5, 0xA8, 0x86, 0x89, 0x80, 0x38, 0x9A, 0x3E, 0x60, 0x22,
    0x75, 0xB8, 0x93, 0x4F, 0x98, 0x01, 0xF5, 0xAD, 0xFA, 0x6A, 0x06, 0x24, 0x8F, 0x51, 0x84, 0x62,
    0x86, 0x37, 0x74, 0x1F, 0x66, 0x83, 0x6E, 0x69, 0xD0, 0x01, 0x5B, 0xB5, 0x2A, 0xB4, 0x8C, 0x1A,
    0x37, 0x1D, 0xD5, 0x83, 0x36, 0x28, 0xD8, 0x16, 0x55, 0x52, 0x15, 0x54, 0x49, 0x55, 0x50, 0x25,
    0x55, 0x41, 0x95, 0x54, 0x05, 0x55, 0x52, 0x15, 0x54, 0x49, 0x55, 0x54, 0x69, 0xA3, 0x2A, 0x94,
    0x3D, 0x4D, 0xD7, 0x6A, 0x93, 0x7B, 0xCA, 0x2D, 0x89, 0xB4, 0x61, 0x90, 0xCF, 0xA4, 0x3A, 0xC0,
    0xE8, 0x9D, 0xB6, 0x1A, 0xB0, 0xD2, 0x22, 0xDA, 0xA8, 0xDB, 0xE0, 0xE9, 0x4D, 0x34, 0x90, 0x86,
    0x43, 0x03, 0x69, 0xB8, 0x98, 0x8B, 0xE6, 0x04, 0xDB, 0x25, 0x27, 0x0D, 0xA4, 0x4A, 0x68, 0x20,
    0x55, 0x8A, 0xB9, 0xA8, 0x52, 0x70, 0xFB, 0x48, 0x95, 0xB2, 0x49, 0x63, 0xC5, 0x9A, 0x98, 0x8D,
    0x2A, 0x2D, 0x7B, 0x3F, 0x23, 0x8D, 0xD5, 0xF8, 0x35, 0x80, 0x74, 0x8C, 0x2D, 0x92, 0x5C, 0xD4,
    0xD6, 0x6B, 0x66, 0x11, 0x12, 0xA9, 0xAD, 0x42, 0xB5, 0x07, 0x08, 0x0A, 0xEA, 0xFC, 0x00, 0x4C,
    0xBF, 0x07, 0x9D, 0xC2, 0x0B, 0x8C, 0xDB, 0x83, 0x33, 0x85, 0xD3, 0x08, 0x85, 0x53, 0x68, 0x0F,
    0xFF, 0x39, 0x28, 0xD4, 0x2C, 0x66, 0x30, 0x66, 0xE2, 0x1A, 0x05, 0x3B, 0x86, 0x69, 0xA5, 0x31,
    0x12, 0xB4, 0x3C, 0x51, 0x4A, 0xF9, 0x1C, 0x52, 0x11, 0xE9, 0x31, 0x21, 0xB7, 0x89, 0x70, 0x65,
    0xA2, 0x95, 0x26, 0x64, 0xDE, 0x43, 0xE7, 0xAC, 0x7B, 0xBF, 0x6D, 0x9C, 0x71, 0x9D, 0x6B, 0x7A,
    0x6A, 0x45, 0xE8, 0x5A, 0xC5, 0xA6, 0xED, 0x9C, 0xA2, 0x28, 0xFE, 0xB9, 0xD4, 0x01, 0xDF, 0xDD,
    0x02, 0xF6, 0x0F, 0x66, 0xC5, 0x66, 0x50, 0x94, 0x5A, 0x71, 0x42, 0xB1, 0x46, 0x91, 0x35, 0x42,
    0x85, 0xCA, 0x3B, 0x5C, 0x2D, 0x55, 0xAD, 0x28, 0x0E, 0xC5, 0x1E, 0x48, 0x14, 0xE3, 0x58, 0x33,
    0x51, 0x7C, 0x63, 0xF7, 0xB1, 0xFC, 0xB1, 0x95, 0x20, 0x63, 0x44, 0x54, 0xB4, 0x3A, 0x91, 0x4B,
    0xA2, 0x8C, 0x85, 0x43, 0x25, 0x1B, 0x96, 0x3E, 0xAB, 0x5A, 0xBA, 0x47, 0xC0, 0x6D, 0x6D, 0x0B,
    0xF9, 0x9B, 0x93, 0xEF, 0xAA, 0x69, 0x2A, 0x2A, 0x1A, 0xFB, 0x5E, 0xE0, 0xCF, 0x50, 0xB9, 0x75,
    0x72, 0x8C, 0x0A, 0xEF, 0xCB, 0x47, 0xA8, 0x7C, 0x20, 0xA2, 0x05, 0x24, 0x17, 0x95, 0x1E, 0xAA,
    0x6D, 0x4D, 0xD2, 0x4D, 0xA0, 0x96, 0x61, 0xB4, 0x7B, 0x97, 0x35, 0xCE, 0xB4, 0xA8, 0xA4, 0x7E,
    0xB7, 0xCF, 0x4F, 0x76, 0x87, 0xA0, 0xCC, 0x9F, 0xA0, 0x32, 0xBF, 0x6C, 0xA5, 0x68, 0x58, 0xF4,
    0xD1, 0x5A, 0xB1, 0xDA, 0x2B, 0xDF, 0xF3, 0xD7, 0x53, 0xEF, 0x50, 0x91, 0x56, 0xD5, 0xC5, 0xA9,
    0xFA, 0x7F, 0x0F, 0xAA, 0xFE, 0x4F, 0x5E, 0xD5, 0xFF, 0x7E, 0x42, 0xD5, 0x67, 0x55, 0xE7, 0x4C,
    0xBD, 0x07, 0x56, 0xEF, 0x65, 0xAB, 0xDE, 0x8D, 0x53, 0xEF, 0xF9, 0xA0, 0xDE, 0x33, 0xAF, 0xD3,
    0x64, 0x52, 0xEF, 0xCC, 0xAA, 0xC6, 0x19, 0xCF, 0x2F, 0xE3, 0x2C, 0x05, 0x5D, 0x0F, 0x49, 0x2F,
    0x87, 0xDF, 0x09, 0xEE, 0x5A, 0xE2, 0x0E, 0x12, 0x1F, 0xB3, 0x05, 0x71, 0xBE, 0xF1, 0xA8, 0x24,
    0x32, 0xFD, 0x87, 0xC4, 0x21, 0x85, 0xC8, 0x96, 0x45, 0xEE, 0x6D, 0x6B, 0xA5, 0x58, 0xF2, 0x76,
    0x77, 0x33, 0x28, 0xD4, 0x8B, 0xD9, 0x78, 0x69, 0x26, 0xAD, 0xB7, 0xFE, 0x32, 0x44, 0xDE, 0xBF,
    0x0C, 0x5C, 0xAF, 0xD3, 0x59, 0x25, 0xF9, 0x7D, 0xD2, 0x73, 0xEE, 0x68, 0x13, 0x20, 0xB0, 0x7B,
    0x36, 0xBD, 0xD8, 0x0D, 0xDF, 0xE0, 0x39, 0x77, 0xA9, 0x8B, 0x3E, 0xA1, 0xE4, 0x94, 0x31, 0x19,
    0x72, 0x67, 0xB0, 0xC3, 0x03, 0x7D, 0xB7, 0xCA, 0x5D, 0xD7, 0x36, 0x9B, 0x07, 0xCD, 0x9C, 0xCB,
    0x4F, 0xFE, 0x51, 0x5C, 0x21, 0x9D, 0x7C, 0x96, 0x74, 0x3F, 0xD7, 0xEC, 0xEF, 0x69, 0xE3, 0x24,
    0x9A, 0x26, 0xA9, 0xB4, 0x9A, 0xFD, 0xA4, 0x5D, 0xA1, 0x37, 0xEE, 0x69, 0x53, 0x59, 0x79, 0x28,
    0xC1, 0xEC, 0x5F, 0xFE, 0x5A, 0x5A, 0x3B, 0x3E, 0xD0, 0xEF, 0x48, 0xDE, 0xFD, 0x07, 0x71, 0x55,
    0xFB, 0x61, 0x3A, 0xA6, 0x53, 0xEE, 0xAA, 0xFA, 0x57, 0x39, 0xE5, 0xB7, 0x71, 0x45, 0x9F, 0xEF,
    0xD2, 0x89, 0x45, 0xDB, 0xEE, 0x32, 0xDB, 0xE5, 0xBB, 0xDB, 0xBD, 0x48, 0xFD, 0x65, 0xAF, 0x93,
    0x93, 0x13, 0x54, 0xEE, 0x7F, 0xE5, 0x0E, 0x6A, 0x5F, 0x76, 0xD0, 0x8B, 0x3D, 0xF5, 0x69, 0x4F,
    0x7D, 0xF8, 0x3A, 0xD4, 0x1B, 0x99, 0x1A, 0x99, 0xE3, 0x37, 0x60, 0x8D, 0x7B, 0x9D, 0xEB, 0xD3,
    0xE3, 0x46, 0xC6, 0xE6, 0xA7, 0xC7, 0xAF, 0x65, 0xA5, 0x51, 0x46, 0x34, 0xA2, 0x4C, 0x56, 0x71,
    0xA6, 0x99, 0x31, 0x33, 0xC5, 0x6B, 0x5C, 0x6F, 0x7D, 0x6F, 0xB6, 0xA2, 0xF8, 0x5A, 0x56, 0x18,
    0x8D, 0xD5, 0xC4, 0xA0, 0x7B, 0xD2, 0x49, 0x0F, 0x85, 0x6C, 0x14, 0x14, 0x3B, 0x91, 0x81, 0x6A,
    0x93, 0x48, 0x9B, 0x4A, 0x5F, 0x4E, 0xD8, 0x30, 0x1B, 0x32, 0x21, 0xDD, 0xEA, 0x06, 0x8C, 0xCF,
    0x67, 0x10, 0x9A, 0x96, 0x42, 0xDF, 0x14, 0xE9, 0x5A, 0x5B, 0x07, 0xEF, 0xD9, 0x48, 0x58, 0x2E,
    0x6A, 0xC2, 0xF2, 0x53, 0x1D, 0x82, 0xC6, 0x54, 0xFF, 0xEB, 0x21, 0x66, 0xBA, 0x7C, 0x08, 0x97,
    0x23, 0x90, 0xC4, 0xC7, 0xBA, 0x07, 0x32, 0x41, 0xB5, 0x7A, 0x35, 0xD8, 0xB0, 0x6B, 0xF4, 0x4A,
    0x0D, 0x8C, 0xCE, 0x91, 0x41, 0xD7, 0x47, 0x34, 0xD7, 0x7A, 0xB5, 0x9E, 0x2A, 0x50, 0xEA, 0x3C,
    0xF1, 0xE8, 0xB0, 0x7E, 0x39, 0xE4, 0xD5, 0xC3, 0x57, 0xCB, 0xD2, 0xDB, 0x55, 0xFD, 0x32, 0x9B,
    0x5E, 0x87, 0xDB, 0x98, 0xD8, 0x7A, 0xB8, 0x97, 0xAE, 0xD6, 0x6B, 0x29, 0x08, 0xB5, 0xC2, 0x1B,
    0x07, 0xD5, 0xBF, 0x68, 0x63, 0xE9, 0xC5, 0x69, 0xDD, 0xDB, 0xC0, 0x56, 0x8B, 0x1E, 0x58, 0x2B,
    0xEE, 0x95, 0xB5, 0xDC, 0x74, 0xCE, 0x6A, 0xAD, 0x03, 0xC7, 0x42, 0xC7, 0xD2, 0xEE, 0x71, 0x1B,
    0xEB, 0xDB, 0x28, 0x97, 0x63, 0x64, 0xEB, 0x23, 0x77, 0x3D, 0xCD, 0x52, 0x33, 0x5B, 0xC7, 0x0C,
    0x95, 0xBB, 0x51, 0x39, 0x96, 0xD2, 0xC6, 0x3A, 0x2A, 0x27, 0xFE, 0x1A, 0xAE, 0x16, 0x7E, 0xE7,
    0x15, 0xC5, 0xAA, 0xEA, 0x58, 0x08, 0x71, 0xB1, 0x36, 0xD2, 0xA3, 0x9C, 0x28, 0x6F, 0xD0, 0x79,
    0xAC, 0x8E, 0xE6, 0x5D, 0xAF, 0x2A, 0x73, 0xFF, 0x71, 0x6C, 0x49, 0xEB, 0xD1, 0x7E, 0x0C, 0xBC,
    0x34, 0xA3, 0x8F, 0x9D, 0x68, 0x63, 0x1B, 0xD6, 0x95, 0x8F, 0x3D, 0x58, 0xF9, 0xD8, 0x80, 0x95,
    0xE7, 0xE9, 0xC2, 0x28, 0x97, 0x83, 0x72, 0xB7, 0xB0, 0x44, 0x4E, 0xA4, 0x56, 0xD6, 0x76, 0x33,
    0xB1, 0xD7, 0x22, 0x57, 0x53, 0xE4, 0x6E, 0x40, 0x59, 0x5B, 0xCC, 0x38, 0x08, 0x61, 0x23, 0xB7,
    0x0B, 0xD7, 0x0B, 0xF3, 0x92, 0x8B, 0x1D, 0xB7, 0xD7, 0x77, 0x53, 0xD1, 0xC7, 0x0E, 0xB2, 0x3E,
    0xF6, 0xB9, 0x1D, 0x63, 0x97, 0x34, 0x91, 0x2F, 0xE7, 0x95, 0xDE, 0x73, 0x90, 0x00, 0xB7, 0x80,
    0x3F, 0x46, 0x59, 0xFE, 0xED, 0xA2, 0x93, 0xBA, 0x93, 0x20, 0x34, 0x8A, 0x94, 0x8A, 0x24, 0x1F,
    0x7F, 0x71, 0x7C, 0xB6, 0x7E, 0x14, 0xEF, 0x30, 0x99, 0xF6, 0x9E, 0x84, 0x7B, 0x0F, 0xE7, 0x88,
    0xF9, 0xB0, 0xF7, 0xA0, 0x8E, 0xE8, 0x14, 0xCB, 0x88, 0xED, 0xFA, 0xCD, 0x7F, 0x87, 0xCD, 0xDE,
    0x83, 0x76, 0x73, 0x10, 0x70, 0xBE, 0x3A, 0x60, 0xBE, 0xE0, 0xEA, 0x07, 0xA3, 0x47, 0x91, 0x66,
    0x12, 0xB9, 0x08, 0x0C, 0x56, 0x8F, 0xBB, 0x8D, 0xE4, 0x56, 0xD4, 0xBF, 0x9A, 0xD6, 0x06, 0x6D,
    0x24, 0x50, 0x9A, 0x23, 0x0D, 0x4A, 0xCF, 0xDF, 0x43, 0xE9, 0x19, 0x5F, 0x27, 0x3D, 0x57, 0xEA,
    0xE8, 0xB4, 0x17, 0x84, 0x6E, 0x13, 0x69, 0xCB, 0xA5, 0x7C, 0x20, 0x41, 0xEA, 0x54, 0x44, 0xA9,
    0x10, 0xF9, 0xB4, 0xE9, 0xF5, 0xB4, 0x5D, 0x55, 0x53, 0x29, 0x81, 0x7D, 0x5D, 0x5A, 0xCC, 0x8D,
    0x92, 0x23, 0x57, 0xCF, 0x5F, 0xD4, 0x74, 0xCA, 0x35, 0xB7, 0x4E, 0x82, 0xA8, 0xA6, 0x6C, 0x6B,
    0x94, 0xC4, 0x93, 0xC8, 0x89, 0xEC, 0x4A, 0xB7, 0x8D, 0x24, 0x0B, 0xD5, 0x2B, 0x6A, 0x57, 0xB4,
    0x5E, 0x63, 0x47, 0x4D, 0xA0, 0x0D, 0xBF, 0xA9, 0xAE, 0xA7, 0x18, 0xA1, 0xE7, 0xAD, 0x10, 0x54,
    0x8F, 0x83, 0x66, 0x1F, 0x7E, 0x85, 0x23, 0xDE, 0x34, 0xED, 0x51, 0x32, 0x57, 0xE3, 0xC3, 0x62,
    0xB6, 0xF2, 0x5B, 0xCD, 0x36, 0xE9, 0xB4, 0x5D, 0x6E, 0x4B, 0x0F, 0xB9, 0x7C, 0xC6, 0x6D, 0x35,
    0xB7, 0xDB, 0xB0, 0x50, 0xA9, 0x4A, 0x50, 0xE6, 0x93, 0x37, 0xB0, 0xDC, 0xDD, 0x77, 0xF5, 0x3E,
    0x14, 0xAD, 0xF5, 0xCD, 0xD8, 0x8C, 0x76, 0xAC, 0x7C, 0x52, 0xF3, 0x25, 0x52, 0x0C, 0x76, 0x6A,
    0xE6, 0x6E, 0xEE, 0xC6, 0x26, 0x38, 0x3A, 0xA2, 0xC4, 0xB8, 0x6C, 0xA4, 0xA3, 0x60, 0x4F, 0x2A,
    0x2D, 0x0D, 0xE8, 0x99, 0x8C, 0x3A, 0xDD, 0x9E, 0xFC, 0xA1, 0x00, 0xD2, 0x42, 0xD3, 0x93, 0xCD,
    0xEA, 0x28, 0x7E, 0x5C, 0x25, 0xD9, 0x50, 0xB5, 0x31, 0x0F, 0x8B, 0x4A, 0xD9, 0xC6, 0x7F, 0xCB,
    0xEF, 0xB4, 0x7C, 0x4D, 0xF2, 0x26, 0x2A, 0x49, 0x7D, 0x86, 0x8A, 0x71, 0xCB, 0x47, 0xA8, 0xDA,
    0xF4, 0xCA, 0x5B, 0xF2, 0x11, 0xC8, 0xA6, 0xF8, 0x7E, 0x5C, 0x0D, 0x60, 0x3F, 0xE7, 0xB6, 0xEE,
    0xAD, 0xD0, 0x03, 0x03, 0x68, 0x44, 0xA7, 0xC0, 0xC9, 0x31, 0x37, 0x79, 0x66, 0x70, 0xA3, 0xEE,
    0xD3, 0x91, 0x27, 0xC5, 0x9C, 0x78, 0xB3, 0xC9, 0x7C, 0xB1, 0xC9, 0xFA, 0x7C, 0x2E, 0x5C, 0xF2,
    0xD8, 0x38, 0x30, 0xBA, 0x73, 0xE0, 0x08, 0x38, 0x05, 0x9E, 0x01, 0x13, 0x24, 0x23, 0xA4, 0x1E,
    0xB2, 0x01, 0xF2, 0x1E, 0x0A, 0x55, 0x5D, 0x1E, 0xF4, 0x76, 0x51, 0x57, 0xD5, 0x19, 0xD8, 0xA9,
    0xFA, 0x9D, 0xEA, 0x9B, 0x41, 0x55, 0xEA, 0xF2, 0xF7, 0xC4, 0x55, 0x89, 0xB8, 0x23, 0xA4, 0x3D,
    0xA5, 0xBB, 0x3C, 0x91, 0xA4, 0x4E, 0xC5, 0x61, 0x5C, 0x21, 0x63, 0xC0, 0xF2, 0x9F, 0xB7, 0x41,
    0xBB, 0xA2, 0x69, 0xAB, 0xFA, 0x88, 0x72, 0x6C, 0x78, 0x48, 0x2E, 0x1B, 0xCD, 0x45, 0x26, 0x42,
    0x03, 0x7D, 0xB3, 0x7D, 0x9D, 0x8F, 0x8C, 0xA2, 0x69, 0xA8, 0x94, 0xD7, 0x7F, 0x64, 0x7C, 0xEB,
    0x65, 0xB9, 0x6B, 0x4B, 0x4D, 0xDA, 0xDB, 0xB4, 0xA7, 0xF0, 0x47, 0xF9, 0x48, 0x3E, 0x1F, 0x19,
    0x0F, 0xDB, 0xB7, 0x6D, 0x0B, 0xD5, 0xDF, 0x6D, 0x34, 0xDC, 0xCF, 0x3C, 0xBC, 0xF8, 0x2B, 0xF9,
    0xF4, 0xE3, 0x56, 0x54, 0x5A, 0xD9, 0x2A, 0xBE, 0x97, 0x4A, 0x7F, 0xAB, 0xC6, 0xFC, 0x6C, 0x52,
    0x67, 0x6F, 0x37, 0x90, 0x6E, 0x8E, 0xAA, 0xE0, 0x67, 0x3A, 0x32, 0x13, 0x99, 0xB7, 0x9A, 0x8C,
    0xB3, 0x89, 0x8B, 0xB1, 0x2E, 0x11, 0xDE, 0xE1, 0xDA, 0x8F, 0xE5, 0x4E, 0xF1, 0x16, 0xFB, 0x92,
    0x00, 0xB1, 0x49, 0xC1, 0x8E, 0x8A, 0x8D, 0x22, 0x36, 0xA2, 0x57, 0x2C, 0x1E, 0x01, 0xFF, 0xAB,
    0x2F, 0x02, 0xD2, 0x8F, 0x6E, 0x9F, 0xDF, 0x39, 0xBF, 0xF3, 0x24, 0x34, 0xC8, 0x6C, 0xA6, 0x72,
    0x2C, 0x26, 0x33, 0x1A, 0x5F, 0xFA, 0x42, 0x71, 0xA8, 0x7A, 0xE3, 0x4D, 0x40, 0xEB, 0xF4, 0xFB,
    0xCB, 0xCA, 0xD9, 0x36, 0x60, 0x6B, 0x6B, 0x4B, 0xD9, 0x56, 0x01, 0xCF, 0xA8, 0xB0, 0x1C, 0xF1,
    0x2C, 0xBC, 0x1E, 0xF2, 0x61, 0x60, 0xC5, 0x4F, 0x18, 0xF7, 0xF7, 0xF1, 0x09, 0x2A, 0xB9, 0xA0,
    0x52, 0xAC, 0x48, 0x6F, 0xEE, 0xFD, 0xAA, 0x79, 0xAC, 0x70, 0x58, 0x84, 0x5B, 0xB1, 0x0A, 0x8D,
    0xD3, 0xAD, 0x23, 0x43, 0xA3, 0x24, 0xDE, 0x2E, 0xE4, 0x81, 0xAE, 0xD7, 0x52, 0xE8, 0x9E, 0xAF,
    0x96, 0x64, 0xFA, 0xCA, 0x49, 0xDC, 0xD5, 0x95, 0x16, 0xF8, 0x76, 0xBD, 0xB8, 0x5E, 0x02, 0xAD,
    0xC2, 0x0E, 0x95, 0x47, 0x53, 0x4A, 0x6A, 0x34, 0xC1, 0x03, 0x39, 0x5E, 0x7C, 0xBE, 0x32, 0x6C,
    0x32, 0x5D, 0xF7, 0x7F, 0x14, 0x55, 0x1B, 0x93, 0x18, 0xAE, 0x4E, 0x22, 0xD6, 0x65, 0xA9, 0x12,
    0x94, 0x41, 0x4D, 0xDF, 0x07, 0xAC, 0x2F, 0x7B, 0xBE, 0xB2, 0xE8, 0xFB, 0x47, 0xB4, 0xAB, 0xFC,
    0xDE, 0xAF, 0x29, 0xE9, 0xAB, 0x93, 0x4F, 0x67, 0x7E, 0x01, 0xB9, 0x1D, 0x6B, 0x56, 0xF9, 0x2F,
    0x3D, 0xD4, 0x61, 0xA9, 0xBC, 0xBE, 0x93, 0xF0, 0xCD, 0x9A, 0xD7, 0x97, 0xD7, 0x3B, 0x70, 0x4D,
    0xE9, 0x31, 0xDF, 0xC0, 0x0E, 0xC9, 0x48, 0xE7, 0xAC, 0x0F, 0x24, 0xAE, 0x51, 0x92, 0x5E, 0x6F,
    0x22, 0xAE, 0x74, 0x81, 0x6C, 0x0D, 0x81, 0xE0, 0x1A, 0xD2, 0xAF, 0xD6, 0xBE, 0xB8, 0xB8, 0x68,
    0x1B, 0x51, 0xE9, 0x17, 0x7A, 0xA5, 0x9D, 0x26, 0x11, 0xE8, 0xBA, 0x24, 0x3A, 0x57, 0xB6, 0x31,
    0x89, 0x6B, 0x4E, 0xFA, 0x56, 0x5D, 0xF9, 0xDD, 0x9A, 0xD6, 0xEF, 0xBA, 0x93, 0x3E, 0xF4, 0x52,
    0xF6, 0xBB, 0xFF, 0x25, 0xCA, 0x61, 0xD7, 0x86, 0x97, 0x36, 0x43, 0x72, 0x85, 0x97, 0xFB, 0x5F,
    0xF2, 0xC3, 0xF1, 0xFD, 0x17, 0xE7, 0x37, 0xFF, 0x2B, 0xF6, 0xDB, 0x3F, 0xE4, 0x5B, 0xFB, 0xD7,
    0xD9, 0xC5, 0xF3, 0x1B, 0x0D, 0x6A, 0x65, 0x2E, 0x65, 0x2C, 0x64, 0xC8, 0xC4, 0xA5, 0xD2, 0x22,
    0xF0, 0x42, 0x57, 0x6F, 0xEA, 0x8A, 0xF2, 0x1B, 0xE8, 0x58, 0x48, 0xA4, 0x0E, 0x71, 0x73, 0xE9,
    0x8D, 0xF8, 0x90, 0x46, 0x48, 0xE6, 0x06, 0x83, 0x9E, 0x6A, 0xB8, 0xFC, 0x27, 0x7D, 0xC5, 0x14,
    0x1E, 0xEA, 0xE6, 0x2F, 0x7C, 0xF6, 0xEF, 0x0E, 0xB9, 0xC1, 0x9D, 0xDE, 0x3F, 0xA7, 0x99, 0xF9,
    0x7F, 0x6E, 0xA4, 0xFF, 0x01, 0xED, 0x55, 0x01, 0x84, 0x1D, 0x57, 0x17, 0xFE, 0x66, 0x6E, 0xDE,
    0x0E, 0x06, 0x17, 0xFE, 0x97, 0xB0, 0xF9, 0x75, 0xA0, 0x20, 0x2A, 0x03, 0x00, 0x9B, 0xBD, 0x37,
    0x05, 0xA8, 0xF2, 0xB0, 0xA3, 0xA4, 0x68, 0x01, 0xBA, 0xC5, 0x42, 0x01, 0xDB, 0x37, 0x03, 0x00,
    0x58, 0xA4, 0x00, 0x2C, 0x0D, 0x9A, 0x17, 0x34, 0x80, 0x22, 0xCD, 0x5C, 0x00, 0xC0, 0x40, 0x00,
    0xE4, 0xAA, 0x2D, 0xBA, 0x45, 0xAE, 0xE4, 0x96, 0x59, 0x9D, 0x79, 0xA7, 0xE7, 0xBC, 0x79, 0x12,
    0x6A, 0x57, 0x93, 0x52, 0x20, 0xCF, 0xFD, 0xBE, 0x99, 0x3B, 0xF7, 0x3B, 0xE7, 0xCC, 0x3D, 0xE7,
    0xDC, 0x79, 0xD8, 0x3D, 0x03, 0x88, 0xAC, 0x1A, 0xCB, 0x4E, 0x87, 0x3C, 0x14, 0x5E, 0xF5, 0x65,
    0xA7, 0x06, 0xE3, 0xD2, 0x51, 0x50, 0xBB, 0x74, 0x3D, 0x21, 0xD9, 0x5C, 0xCD, 0x04, 0x5E, 0x53,
    0x83, 0xE8, 0x34, 0xEB, 0x73, 0xB6, 0x53, 0xE3, 0x51, 0x87, 0x96, 0x80, 0x9D, 0xFB, 0x00, 0x90,
    0x04, 0xA8, 0x88, 0x34, 0x02, 0x16, 0xD3, 0xCF, 0x44, 0xDC, 0x94, 0x27, 0x48, 0xAE, 0x1E, 0x29,
    0x6B, 0x46, 0x5B, 0x93, 0x03, 0x76, 0x1B, 0x00, 0xB5, 0x63, 0x92, 0x99, 0x12, 0xCA, 0x84, 0xB4,
    0x3C, 0xDB, 0x37, 0x4C, 0xC7, 0x42, 0x81, 0x49, 0x75, 0x4C, 0xB9, 0x63, 0xD2, 0x60, 0x32, 0xAB,
    0xF6, 0xBC, 0xA9, 0x89, 0xA8, 0x9B, 0x57, 0xED, 0x33, 0x0B, 0x88, 0xEE, 0x0D, 0xCD, 0xE8, 0x0C,
    0x28, 0x88, 0xF8, 0xAE, 0x3A, 0x40, 0x52, 0x55, 0x8B, 0x8C, 0x28, 0xE4, 0x82, 0xD5, 0x2A, 0xE4,
    0xC0, 0x63, 0x0D, 0x7C, 0xC9, 0xC0, 0x06, 0xD7, 0xEF, 0x43, 0x13, 0x35, 0xFA, 0xBB, 0x3A, 0x00,
    0xF9, 0x00, 0x28, 0xC1, 0x28, 0x28, 0x18, 0x06, 0x92, 0xAA, 0xBC, 0x2F, 0x2F, 0x5A, 0xCF, 0x3E,
    0x2C, 0xEE, 0x9D, 0x00, 0xBB, 0xBF, 0x01, 0x44, 0x4E, 0x5D, 0x94, 0x5E, 0x7B, 0x1D, 0x4A, 0x97,
    0xF3, 0x1B, 0xEE, 0xD8, 0xBA, 0x01, 0x5A, 0xCB, 0xF8, 0xB1, 0x07, 0xB1, 0x4F, 0x72, 0xA5, 0x27,
    0xE8, 0xD0, 0xDA, 0x3C, 0xB6, 0x36, 0x8B, 0x75, 0x93, 0x45, 0xD3, 0xE4, 0xB1, 0x74, 0x3A, 0x68,
    0xB6, 0xCC, 0x2E, 0x5A, 0x97, 0xD0, 0x1A, 0xB8, 0x7E, 0x82, 0x39, 0xBF, 0x67, 0x4B, 0x14, 0x04,
    0x4F, 0x57, 0x8F, 0xC2, 0x63, 0xA8, 0xEE, 0x31, 0x32, 0xB7, 0x80, 0x6E, 0x80, 0x02, 0x80, 0x61,
    0xDC, 0x61, 0x3C, 0x61, 0xF4, 0x40, 0x1A, 0x00, 0xE5, 0x81, 0xAC, 0x03, 0xB4, 0x03, 0x0A, 0x3B,
    0x49, 0x96, 0x5B, 0xC9, 0x01, 0x20, 0xEF, 0x99, 0x12, 0xF1, 0xDB, 0x17, 0x81, 0xA3, 0x6D, 0xCA,
    0x5E, 0x7A, 0x35, 0x14, 0x41, 0x45, 0x3D, 0xE4, 0x3E, 0xA3, 0xB6, 0x49, 0x68, 0x04, 0x0C, 0x35,
    0xE9, 0x9A, 0x82, 0x0E, 0xC5, 0x60, 0x3A, 0xDE, 0x33, 0xB7, 0x82, 0x71, 0x60, 0x24, 0x63, 0xE9,
    0xD3, 0x41, 0x5F, 0x14, 0x51, 0xFC, 0xE0, 0xFA, 0x03, 0xE0, 0xE6, 0x29, 0xFB, 0x5C, 0x23, 0x8F,
    0xB5, 0x2B, 0x3A, 0xED, 0x39, 0x37, 0x5C, 0x22, 0xD9, 0x97, 0xEA, 0xA5, 0x65, 0x5E, 0xB7, 0x4D,
    0x2C, 0x06, 0xCE, 0xFB, 0x80, 0xA3, 0xEF, 0xB7, 0x39, 0xCD, 0xFA, 0x6B, 0xC8, 0xC3, 0xFF, 0xA1,
    0xFD, 0x6D, 0x94, 0xAE, 0x78, 0x46, 0xC8, 0xA9, 0x07, 0x0E, 0xB7, 0xFD, 0xA3, 0xDC, 0xA5, 0x38,
    0x7C, 0x74, 0xFE, 0x90, 0x6B, 0xBD, 0x9E, 0x7F, 0xF6, 0xEC, 0xE0, 0x4A, 0xCD, 0x6A, 0x35, 0x69,
    0x2A, 0x2E, 0x38, 0x00, 0xB9, 0x67, 0x8C, 0xB8, 0xE4, 0xF7, 0x66, 0xAD, 0x41, 0xEE, 0x50, 0x37,
    0xE9, 0x88, 0x3C, 0x42, 0x7B, 0x48, 0x67, 0xC9, 0x03, 0x29, 0x21, 0xE1, 0xF2, 0xC1, 0x4B, 0x2C,
    0x10, 0x65, 0x87, 0x22, 0x20, 0xEF, 0x91, 0xAE, 0x21, 0x5D, 0x9C, 0x39, 0xC0, 0x5A, 0x60, 0x64,
    0x4D, 0x23, 0x4B, 0xD9, 0xC0, 0x4B, 0x7F, 0xB3, 0xB9, 0x7A, 0x48, 0x54, 0x11, 0xA7, 0x23, 0xA7,
    0x09, 0xA5, 0x17, 0xA3, 0x88, 0xD7, 0x3F, 0x13, 0x5A, 0x8F, 0x1B, 0xAF, 0x7E, 0x17, 0x9F, 0x78,
    0x8A, 0x64, 0x80, 0x41, 0x12, 0xDF, 0x8E, 0x52, 0x26, 0x39, 0x74, 0xA6, 0xE3, 0x2A, 0x97, 0xF1,
    0xBF, 0xF9, 0x1C, 0x9C, 0x02, 0x59, 0x04, 0x4C, 0x44, 0x46, 0x1C, 0xEF, 0x79, 0xC4, 0x07, 0x9A,
    0xE7, 0xEF, 0x88, 0xD9, 0xD1, 0xB8, 0xD0, 0x44, 0x71, 0xC6, 0x67, 0x01, 0x47, 0x67, 0xEC, 0x8B,
    0x9A, 0x22, 0x18, 0x2F, 0xE7, 0x85, 0x11, 0xF3, 0x26, 0x17, 0xA1, 0x20, 0x30, 0x3C, 0x50, 0x3A,
    0xC0, 0x4C, 0x69, 0x4F, 0xE5, 0xB1, 0x4C, 0xF1, 0x3F, 0xF4, 0xD8, 0x53, 0x1E, 0x7B, 0xC5, 0xF9,
    0x6A, 0x30, 0x44, 0x1B, 0xC8, 0xF9, 0xC2, 0xD7, 0x0F, 0x5E, 0xFB, 0x34, 0xEC, 0xD3, 0x34, 0xDC,
    0xA5, 0x8C, 0xC9, 0x5F, 0xD9, 0x4D, 0xB5, 0xE2, 0x69, 0xBD, 0x06, 0x93, 0x87, 0x14, 0x18, 0x6A,
    0xB8, 0xC6, 0xD8, 0x63, 0xDC, 0xE1, 0xAA, 0x1A, 0x8E, 0x5F, 0x9E, 0xB7, 0x5D, 0x4E, 0xAC, 0xB9,
    0xB7, 0xC0, 0xDB, 0x7C, 0xC8, 0xDE, 0x7F, 0xC8, 0xDE, 0x7F, 0xC8, 0xDE, 0x7F, 0xC8, 0x0E, 0x4F,
    0x90, 0xD1, 0x08, 0xED, 0x0C, 0xB4, 0x2D, 0xEC, 0x0E, 0x8A, 0x06, 0x53, 0x4F, 0x34, 0xA9, 0x1C,
    0xCA, 0x4E, 0x37, 0x86, 0xE7, 0x4B, 0x9E, 0x7F, 0xCB, 0x58, 0xC2, 0x34, 0xE6, 0xEE, 0x73, 0x57,
    0xD0, 0x27, 0x31, 0xF9, 0x21, 0x59, 0x60, 0xF7, 0x04, 0x29, 0x0D, 0xE0, 0x0E, 0x45, 0x61, 0x37,
    0x5E, 0xDC, 0x3E, 0xCF, 0xF6, 0xAB, 0xCF, 0x3B, 0xCE, 0x43, 0xB7, 0x04, 0x20, 0x30, 0x5B, 0x14,
    0x4D, 0xD2, 0xE4, 0x67, 0x37, 0x1B, 0xA9, 0x31, 0x76, 0x4F, 0x21, 0xF6, 0x72, 0xAF, 0xBB, 0xC2,
    0x15, 0x56, 0x79, 0x03, 0x15, 0xF6, 0x91, 0xC6, 0x25, 0x12, 0x41, 0xBF, 0x45, 0x94, 0x67, 0xB2,
    0x26, 0x9A, 0xBC, 0xD3, 0x2E, 0x25, 0x12, 0x5B, 0xEE, 0xEB, 0x59, 0x05, 0x43, 0x9A, 0x78, 0x63,
    0xD2, 0xB2, 0x83, 0xD4, 0x6C, 0x99, 0x01, 0x28, 0x3F, 0x65, 0xD2, 0x3D, 0xC0, 0x56, 0x42, 0x83,
    0x4C, 0x97, 0x4C, 0x1F, 0x95, 0x56, 0x0E, 0x69, 0x87, 0xC4, 0xF3, 0x4A, 0xD6, 0xF1, 0x4A, 0x3B,
    0x14, 0xE4, 0xAA, 0x83, 0x59, 0x65, 0xA5, 0x5F, 0x72, 0x8A, 0xB8, 0x7D, 0x77, 0x8D, 0x0F, 0x61,
    0xAC, 0xE4, 0x82, 0xE1, 0x80, 0x5C, 0x30, 0xED, 0xA9, 0xFA, 0xC2, 0x2D, 0x65, 0x9F, 0x0C, 0xD9,
    0xB5, 0x64, 0x25, 0xDB, 0xF6, 0xDA, 0xAD, 0x53, 0x00, 0x47, 0x9B, 0x80, 0x97, 0x12, 0x4B, 0xD4,
    0x4B, 0x0A, 0x50, 0x7F, 0x7E, 0x3C, 0x80, 0x23, 0xFF, 0x0C, 0x15, 0xB1, 0x94, 0xD5, 0xFD, 0xB7,
    0xA2, 0x08, 0x83, 0x9A, 0xAC, 0x09, 0xF3, 0x0A, 0xF3, 0xC5, 0x3F, 0x45, 0x9B, 0x55, 0x4C, 0x9A,
    0xAC, 0x0A, 0x2A, 0xF2, 0x5D, 0xE6, 0x64, 0x0A, 0xA6, 0x3D, 0xA1, 0xC8, 0xF4, 0x6A, 0x60, 0xA2,
    0x35, 0x53, 0x6F, 0x20, 0xF9, 0x15, 0x49, 0xEE, 0x31, 0x59, 0x44, 0x8C, 0x12, 0xAD, 0xEE, 0x38,
    0xDA, 0xCC, 0x1E, 0x9E, 0x4A, 0x2C, 0xF5, 0x2F, 0x46, 0x64, 0x2F, 0x4D, 0x55, 0xD9, 0xF9, 0x62,
    0xD7, 0xEE, 0x9C, 0xA0, 0x7C, 0x49, 0xB1, 0x1E, 0x25, 0x07, 0x63, 0x57, 0xDB, 0x64, 0x40, 0x6B,
    0xB9, 0x2F, 0x7A, 0xD4, 0xD0, 0x2E, 0x89, 0x30, 0xD3, 0x65, 0xFF, 0x9D, 0x2E, 0xAA, 0x87, 0xD8,
    0x19, 0x6A, 0x4C, 0xD0, 0xC3, 0x5C, 0x62, 0xCD, 0x0E, 0x24, 0x1E, 0x0C, 0x47, 0xE3, 0x58, 0x77,
    0x47, 0x70, 0x24, 0xE9, 0xA7, 0x77, 0xF8, 0x9B, 0x16, 0xAF, 0x56, 0x7C, 0xC6, 0x8D, 0xC7, 0xB9,
    0xBD, 0x65, 0xD1, 0xFE, 0xB2, 0xF5, 0x07, 0x35, 0x88, 0x24, 0xA2, 0x94, 0x4D, 0x16, 0x56, 0xA8,
    0xB9, 0x84, 0xAC, 0x48, 0xB6, 0x62, 0x12, 0xB3, 0x57, 0x14, 0xA7, 0x56, 0xB8, 0xAC, 0x6A, 0x79,
    0x0F, 0x48, 0xBA, 0x98, 0xBF, 0xB2, 0xFA, 0x85, 0xBF, 0x93, 0xC4, 0x63, 0xF0, 0x58, 0x2C, 0x01,
    0x73, 0x86, 0x9C, 0x2C, 0xDA, 0x20, 0xC7, 0x18, 0xC3, 0x37, 0x38, 0xFE, 0x09, 0xC7, 0x4F, 0xD0,
    0x9B, 0x17, 0x7E, 0xE7, 0x21, 0x70, 0x02, 0x78, 0xA4, 0x1E, 0xD9, 0x1F, 0xB6, 0x26, 0x7F, 0xE3,
    0x57, 0xAB, 0x3C, 0xAE, 0x1A, 0x53, 0x59, 0x12, 0xF2, 0xB8, 0x75, 0xF2, 0x17, 0xBD, 0x99, 0x3F,
    0x8C, 0xDF, 0xC8, 0x75, 0xC7, 0xBF, 0x24, 0xCF, 0x4B, 0x40, 0x0C, 0x40, 0x15, 0xA7, 0x38, 0x88,
    0x0C, 0xB3, 0x35, 0x2E, 0xB1, 0xD8, 0x5E, 0xB1, 0xBB, 0xA4, 0x7C, 0x40, 0x52, 0xA4, 0x88, 0x0A,
    0xAD, 0xAF, 0xB8, 0xC2, 0x29, 0x52, 0xED, 0x15, 0x6A, 0x52, 0x5C, 0xB1, 0xD2, 0x30, 0xB8, 0x22,
    0xA5, 0xB7, 0xC8, 0x21, 0xAD, 0x0A, 0x03, 0x91, 0x7F, 0x07, 0x64, 0x5D, 0xAA, 0x58, 0x99, 0xBC,
    0x5C, 0x99, 0xC2, 0x0C, 0x10, 0xC1, 0x45, 0x0A, 0xD3, 0xC9, 0x9D, 0x11, 0x48, 0x45, 0x26, 0x31,
    0xD7, 0xE6, 0x9E, 0x86, 0x7C, 0x99, 0xF7, 0xDE, 0x50, 0xBF, 0x5D, 0x68, 0x75, 0x8E, 0xE1, 0x4B,
    0x06, 0xAB, 0xF7, 0xF9, 0xCE, 0x8F, 0x33, 0x24, 0xE7, 0xDF, 0x7B, 0xC3, 0x11, 0x42, 0x4A, 0xE9,
    0x9C, 0x61, 0x88, 0x1A, 0x20, 0x5E, 0x60, 0x7A, 0x20, 0x1B, 0x51, 0x0C, 0xE0, 0x7F, 0xB9, 0xCF,
    0x55, 0x1D, 0xAE, 0xD5, 0x02, 0x29, 0xD8, 0x08, 0x5A, 0x05, 0xD5, 0x01, 0x6F, 0x6D, 0x36, 0x9B,
    0x86, 0x6A, 0x43, 0x44, 0x3D, 0xD5, 0x29, 0x6D, 0x4E, 0x06, 0xAA, 0xA3, 0x05, 0xC9, 0xD0, 0x36,
    0x1E, 0xF1, 0x60, 0x3A, 0x41, 0xC5, 0x40, 0x5D, 0x0E, 0x0C, 0xE4, 0xA3, 0x20, 0x59, 0x04, 0x68,
    0x5F, 0xD0, 0xE6, 0x87, 0x40, 0x46, 0x44, 0x33, 0xE4, 0x6D, 0x38, 0x45, 0xBF, 0x01, 0x1F, 0x28,
    0x1E, 0x2B, 0x26, 0xA9, 0x17, 0x7B, 0xDC, 0x23, 0x22, 0x0F, 0xA3, 0xC0, 0xB7, 0x53, 0x79, 0xE5,
    0xDD, 0xAC, 0x16, 0xE4, 0x82, 0xA3, 0x9C, 0xED, 0x0E, 0x11, 0xA3, 0x25, 0x1A, 0xF9, 0xE9, 0x5F,
    0xB4, 0x33, 0x50, 0x8D, 0xB6, 0x22, 0x80, 0x3E, 0xB1, 0xFB, 0x54, 0x27, 0x14, 0x0D, 0xBB, 0xD4,
    0xA4, 0x73, 0x3C, 0x1C, 0xB5, 0x75, 0xEE, 0x92, 0xFE, 0xF1, 0x7D, 0x14, 0x63, 0xD2, 0x8D, 0xD7,
    0x51, 0xDA, 0xA4, 0xB3, 0x40, 0x65, 0x53, 0x45, 0xF6, 0xD7, 0x1E, 0xC6, 0xE6, 0xDF, 0x19, 0x3C,
    0x86, 0x3C, 0xE9, 0x2F, 0xA0, 0x48, 0x3A, 0xBE, 0x76, 0x2B, 0xED, 0xB8, 0xE4, 0xB7, 0xB3, 0x86,
    0xB1, 0x97, 0xD5, 0x1E, 0xA3, 0xBC, 0x51, 0x39, 0xC9, 0x1B, 0xE5, 0xEE, 0x83, 0xC2, 0x23, 0x5B,
    0x1E, 0x7F, 0x13, 0x11, 0x12, 0x1A, 0x6F, 0x21, 0xAB, 0x23, 0xB2, 0x7B, 0x28, 0x6B, 0xB4, 0xF3,
    0xEE, 0x0E, 0x01, 0x05, 0x11, 0x39, 0x20, 0xF1, 0x18, 0x3C, 0x9E, 0x93, 0xF4, 0x64, 0x37, 0x41,
    0x60, 0x19, 0xA9, 0x42, 0xDE, 0x08, 0xD8, 0xB9, 0x7D, 0x8C, 0x0B, 0x29, 0x93, 0x11, 0x87, 0xF6,
    0x4E, 0x46, 0x1F, 0xDD, 0x5B, 0x80, 0x72, 0x44, 0x4A, 0x35, 0xDA, 0x0E, 0x11, 0x35, 0x11, 0xF1,
    0xE5, 0x26, 0x59, 0x3C, 0x5A, 0x64, 0xCE, 0xE3, 0x08, 0xF9, 0x04, 0x4E, 0xC5, 0x28, 0x28, 0xAD,
    0xA0, 0x5A, 0x71, 0xE3, 0x6E, 0xFC, 0x03, 0x8F, 0xCA, 0x95, 0x04, 0x63, 0xFF, 0x68, 0x6E, 0xA9,
    0x36, 0x7E, 0xA4, 0x07, 0x06, 0xA8, 0x6B, 0xC1, 0x68, 0xFE, 0x12, 0xC6, 0x82, 0x6A, 0xA9, 0x47,
    0x78, 0x05, 0xA3, 0xA0, 0x98, 0x04, 0xB9, 0x53, 0xCC, 0x82, 0x94, 0x04, 0x31, 0x35, 0x84, 0x14,
    0xA0, 0x81, 0x50, 0xD4, 0x30, 0x33, 0x45, 0xDA, 0x21, 0x27, 0x33, 0x5F, 0x94, 0x61, 0x44, 0x49,
    0x3A, 0x39, 0x0F, 0xEE, 0x00, 0x1B, 0x4E, 0x0F, 0x89, 0x93, 0xFD, 0x3A, 0x3D, 0xDB, 0xB4, 0x16,
    0xD4, 0x20, 0xB7, 0x3C, 0x8D, 0x93, 0x0B, 0x36, 0xBE, 0x60, 0x71, 0x47, 0x2C, 0xFE, 0x77, 0x96,
    0xC8, 0xA9, 0x7D, 0x6D, 0x99, 0x43, 0x7A, 0xF6, 0x08, 0xD0, 0x41, 0xDB, 0x88, 0x7E, 0xED, 0xDD,
    0xA8, 0x93, 0x46, 0x0E, 0x3A, 0x3C, 0x36, 0xD8, 0x35, 0x45, 0x2D, 0x0F, 0x5C, 0xAE, 0x93, 0x7B,
    0x28, 0x66, 0x80, 0x10, 0xFB, 0x3F, 0x11, 0x09, 0xBF, 0x40, 0xB0, 0xA9, 0xB7, 0x1F, 0x88, 0x05,
    0x92, 0x8B, 0x76, 0xBE, 0xB0, 0x82, 0x48, 0x6D, 0x98, 0x0A, 0x3C, 0xF8, 0x62, 0x51, 0xF4, 0x00,
    0x90, 0x0F, 0x62, 0x2D, 0x10, 0x7E, 0x27, 0xB1, 0x37, 0xDE, 0x3B, 0x3B, 0x00, 0x90, 0xE9, 0xF4,
    0xD2, 0x32, 0x1D, 0xDB, 0xA2, 0x61, 0xBB, 0xCF, 0x06, 0x5F, 0x2C, 0x35, 0xFE, 0x2A, 0x21, 0x5A,
    0xFE, 0x64, 0x2C, 0xA5, 0xE7, 0xAB, 0xCF, 0x4F, 0x88, 0xBA, 0xB7, 0x11, 0xB5, 0xF2, 0xE8, 0xE8,
    0x0E, 0x34, 0x5D, 0x53, 0x48, 0xFD, 0xAD, 0xDC, 0xDF, 0xCA, 0xA3, 0xAD, 0x3C, 0xDD, 0xCA, 0x91,
    0xCD, 0x5B, 0x1B, 0x98, 0x29, 0xFE, 0x15, 0x1D, 0x03, 0x86, 0x52, 0xA2, 0x0F, 0xA5, 0x5B, 0x6E,
    0xD2, 0x9F, 0x13, 0xFD, 0x94, 0x64, 0x49, 0xD0, 0x03, 0x18, 0x1A, 0x78, 0x5A, 0xA3, 0x1D, 0x51,
    0x50, 0x23, 0x8D, 0x6D, 0x07, 0xE4, 0xE4, 0xD1, 0x01, 0x6D, 0x8F, 0x74, 0x61, 0xFF, 0x26, 0xD9,
    0x74, 0xF6, 0xB2, 0x17, 0x99, 0xB8, 0x57, 0x65, 0xF3, 0x1A, 0x99, 0x6D, 0x65, 0xBE, 0x95, 0xC5,
    0x56, 0x56, 0x57, 0xCA, 0x76, 0x2B, 0x5F, 0xBC, 0x94, 0xD1, 0x2F, 0x57, 0xD9, 0x25, 0xFF, 0x1E,
    0x24, 0x75, 0xE9, 0xA7, 0xFC, 0x66, 0x03, 0xCF, 0x8B, 0xEC, 0x53, 0xAA, 0x79, 0x9D, 0xB4, 0x44,
    0xDF, 0x7F, 0x87, 0x1C, 0x2A, 0xEA, 0xBC, 0x3C, 0x49, 0x54, 0xBE, 0xB6, 0xEF, 0xA6, 0xCB, 0x7D,
    0xA7, 0x29, 0xB6, 0x78, 0x25, 0x5D, 0xDB, 0x1C, 0xFB, 0x7F, 0x9B, 0xBA, 0x20, 0x2B, 0x6E, 0x22,
    0x6A, 0x27, 0x44, 0xE6, 0x0C, 0xA8, 0x9C, 0x0E, 0x74, 0xB1, 0x04, 0xD2, 0xCA, 0x26, 0xB0, 0x53,
    0x9A, 0x41, 0x59, 0x5A, 0x65, 0x3E, 0x29, 0x33, 0xC7, 0x3C, 0x3C, 0xF9, 0xD8, 0x07, 0x88, 0x67,
    0x0F, 0x5B, 0x92, 0x64, 0x0F, 0x4F, 0xFC, 0x82, 0xF0, 0x79, 0x14, 0x68, 0x3B, 0x29, 0x87, 0x6A,
    0x60, 0x96, 0x75, 0x35, 0x7A, 0xAE, 0xE5, 0x56, 0xA2, 0x40, 0xB2, 0x68, 0xB9, 0x98, 0x94, 0xA0,
    0xEF, 0x2B, 0xDB, 0x9F, 0x28, 0xAB, 0xFF, 0x54, 0x96, 0xA4, 0xCC, 0x03, 0x33, 0x61, 0x8D, 0x84,
    0x59, 0x36, 0x88, 0x49, 0xA7, 0x00, 0x3C, 0x73, 0xD2, 0x29, 0x51, 0x30, 0xAB, 0x8E, 0xDD, 0xC6,
    0x0F, 0xC1, 0x89, 0x82, 0x4F, 0x41, 0x4A, 0xBF, 0x38, 0x21, 0xFD, 0xA9, 0x93, 0x9A, 0x80, 0xE9,
    0x60, 0x86, 0x20, 0x2A, 0x1B, 0x44, 0x31, 0x05, 0x91, 0xBB, 0x2F, 0x11, 0x51, 0x13, 0x44, 0xDC,
    0xAB, 0x98, 0x12, 0x15, 0xC5, 0x98, 0xAA, 0x28, 0x6D, 0xAE, 0xA2, 0x1A, 0x4A, 0x15, 0xF4, 0x09,
    0xD1, 0xE8, 0xC5, 0x4D, 0xCA, 0x45, 0x78, 0xF3, 0x35, 0xF3, 0xF9, 0x1D, 0x2F, 0x96, 0x1A, 0x52,
    0xE6, 0x29, 0xA0, 0xA2, 0xFB, 0xDD, 0x44, 0x0F, 0xF5, 0x02, 0xAD, 0x08, 0x8B, 0x58, 0xBA, 0x20,
    0x9F, 0x5E, 0xC6, 0x49, 0x47, 0x22, 0x62, 0x9A, 0xA0, 0xE9, 0x86, 0x6C, 0x03, 0x6A, 0x96, 0x1A,
    0x77, 0x67, 0x95, 0x5F, 0xA3, 0xB3, 0xF7, 0xB5, 0xB3, 0x64, 0x06, 0x1B, 0xFB, 0x52, 0xE6, 0x4E,
    0x65, 0x39, 0xC8, 0xC2, 0x0B, 0x32, 0x59, 0xB6, 0x92, 0x2E, 0xC9, 0x93, 0x79, 0x95, 0x19, 0x51,
    0x1F, 0x64, 0xD5, 0x97, 0x63, 0xA8, 0x46, 0x48, 0x27, 0x91, 0x33, 0x66, 0x24, 0x8E, 0x65, 0x36,
    0x45, 0x0E, 0xB1, 0x14, 0xC8, 0x6D, 0x34, 0x23, 0x1A, 0x58, 0x9A, 0x4E, 0xFD, 0x5F, 0xF9, 0x05,
    0xDF, 0x92, 0x1A, 0x96, 0x12, 0x48, 0x69, 0x94, 0x5F, 0x5B, 0x2F, 0x2B, 0x6A, 0xF8, 0x69, 0xE5,
    0x08, 0x14, 0x34, 0xB1, 0xCC, 0x9D, 0xC4, 0x97, 0xC6, 0xCB, 0x6C, 0x96, 0x2A, 0xD6, 0xCB, 0x44,
    0x63, 0x12, 0x3F, 0x38, 0xA6, 0x9A, 0x7F, 0x9E, 0xBD, 0x54, 0x2F, 0x9E, 0x2C, 0x2C, 0xDB, 0x01,
    0xD7, 0x11, 0x89, 0xAC, 0x2C, 0x2C, 0x40, 0x2C, 0xCB, 0x29, 0x1E, 0x81, 0x85, 0x7F, 0xCA, 0x5D,
    0x32, 0x01, 0x33, 0xCB, 0x8C, 0x62, 0x07, 0xFF, 0xD7, 0x4E, 0x48, 0xFC, 0x60, 0xD7, 0xD9, 0x58,
    0x11, 0x59, 0x90, 0x6B, 0x89, 0x7A, 0xC3, 0xF2, 0xA6, 0x2B, 0x68, 0xC1, 0x9A, 0x0E, 0x6A, 0xFC,
    0xA1, 0x0F, 0x6E, 0xC0, 0x5D, 0xB0, 0xA8, 0x4B, 0x2E, 0x82, 0x45, 0xDA, 0xD3, 0x44, 0x3C, 0x04,
    0x11, 0x71, 0xD0, 0x18, 0x81, 0x4A, 0x46, 0x8B, 0x5F, 0xB0, 0xD3, 0xA0, 0x9D, 0x50, 0xCD, 0x8B,
    0x40, 0xE3, 0x79, 0x22, 0xCD, 0xAD, 0x65, 0x88, 0x91, 0x12, 0x17, 0xD1, 0x00, 0x8C, 0x8C, 0x7A,
    0xF5, 0x29, 0xEC, 0xE5, 0x72, 0xEE, 0x9A, 0xFB, 0x80, 0x38, 0xCD, 0xFC, 0x9E, 0x05, 0x1C, 0x20,
    0x83, 0x53, 0xE6, 0x9A, 0x91, 0x67, 0xEC, 0xE7, 0x23, 0xA2, 0x09, 0xFC, 0xF4, 0x1A, 0x7B, 0xD9,
    0xC4, 0x43, 0xA0, 0x81, 0xE6, 0x28, 0x75, 0x48, 0x6C, 0x88, 0x73, 0xA7, 0x89, 0xCF, 0x48, 0x5F,
    0x6F, 0x53, 0x77, 0x31, 0x23, 0x6F, 0x1A, 0x8F, 0x11, 0xD5, 0x1A, 0x61, 0x4A, 0x1B, 0x5B, 0xF8,
    0x4C, 0xA3, 0xDB, 0x10, 0x5F, 0xB7, 0x6D, 0x8A, 0x1A, 0x80, 0xAE, 0x1E, 0xD3, 0x95, 0x80, 0xBC,
    0x69, 0xDA, 0xA1, 0xEA, 0xD4, 0x11, 0xA6, 0x2E, 0x6B, 0x50, 0xF6, 0xF7, 0xA1, 0xD1, 0x2F, 0xAF,
    0x51, 0x0C, 0xA7, 0x9A, 0x59, 0x72, 0x0E, 0x6F, 0x4E, 0x5D, 0x21, 0xB1, 0x9F, 0x18, 0x75, 0x36,
    0x47, 0x74, 0x0B, 0xC8, 0xCE, 0x47, 0x48, 0xA2, 0x27, 0xDC, 0x5E, 0xAB, 0x99, 0x56, 0xB6, 0x5D,
    0x21, 0x63, 0x64, 0x4A, 0xF4, 0x9A, 0xA9, 0x26, 0xAE, 0xD8, 0x85, 0x0C, 0xD7, 0x5D, 0x33, 0x85,
    0x5D, 0xA3, 0xEC, 0x8D, 0x83, 0x83, 0x03, 0x1E, 0xB6, 0x4A, 0x56, 0x4F, 0x44, 0x4C, 0xAA, 0x3D,
    0x7B, 0xAE, 0x2A, 0x44, 0x65, 0x95, 0xF9, 0xCA, 0x49, 0x99, 0x39, 0x65, 0x7A, 0x89, 0xB9, 0xFD,
    0x5D, 0x19, 0xDD, 0x55, 0x02, 0x2B, 0xE3, 0x45, 0x99, 0xAC, 0x9C, 0x95, 0x99, 0x53, 0x16, 0xA3,
    0xE7, 0xD9, 0xC1, 0x77, 0x69, 0xF0, 0x94, 0x16, 0x28, 0x3F, 0x93, 0x96, 0x07, 0xCF, 0xA8, 0x88,
    0x15, 0x30, 0x8A, 0xAA, 0x93, 0x4E, 0x30, 0x4F, 0x6B, 0x1D, 0xF5, 0x7E, 0x85, 0x5E, 0xBB, 0x04,
    0x99, 0x7A, 0x8C, 0x96, 0x9C, 0x47, 0x4C, 0x44, 0x1E, 0x19, 0xA1, 0x68, 0xC5, 0x91, 0x26, 0xC4,
    0x2E, 0x52, 0xBA, 0xBC, 0x1A, 0x00, 0x06, 0x3B, 0x2C, 0x85, 0xE9, 0xF8, 0x6F, 0x45, 0xF5, 0x9B,
    0x61, 0x42, 0x3D, 0xBD, 0x59, 0x2B, 0xB7, 0x06, 0xB1, 0x37, 0x96, 0x36, 0xE4, 0x33, 0xB2, 0xB6,
    0x47, 0x42, 0xBF, 0x68, 0xD9, 0x25, 0x10, 0xB9, 0x92, 0x5D, 0x10, 0x0D, 0x0C, 0x1C, 0xE0, 0x75,
    0x49, 0xBA, 0x67, 0x59, 0xB1, 0xB3, 0x09, 0x51, 0x45, 0x53, 0x44, 0xCB, 0x4B, 0xD7, 0xD3, 0xF6,
    0x66, 0x42, 0xBC, 0x70, 0xC3, 0x78, 0x89, 0xCC, 0xC8, 0x47, 0x24, 0x8E, 0xA7, 0x4E, 0x22, 0x4E,
    0x2D, 0xAA, 0xE5, 0xFD, 0xF8, 0x0D, 0xB7, 0xB6, 0x55, 0xDB, 0x40, 0xBB, 0xD1, 0x06, 0x7B, 0x83,
    0x3E, 0xE2, 0x8D, 0x2F, 0xD5, 0x80, 0x5A, 0xF9, 0x45, 0xCB, 0xD4, 0x6A, 0xD7, 0xBA, 0x46, 0x6C,
    0xA5, 0xB6, 0xD7, 0x35, 0xB6, 0xDD, 0xE3, 0xAB, 0x87, 0x66, 0x8F, 0xFC, 0x07, 0x88, 0x79, 0xF5,
    0x02, 0xED, 0xF9, 0xBB, 0x4E, 0xB6, 0xDB, 0x56, 0xBD, 0x21, 0x7B, 0xF8, 0x3B, 0xBC, 0x61, 0x78,
    0x84, 0xC3, 0xCD, 0x0F, 0xF8, 0x82, 0x43, 0x4B, 0x13, 0xA2, 0x96, 0xEE, 0xA8, 0xEF, 0x28, 0x1C,
    0xC4, 0xBF, 0xAB, 0x37, 0x09, 0x61, 0x04, 0x79, 0x1F, 0x44, 0x55, 0x07, 0xF1, 0x63, 0xA8, 0x88,
    0xA7, 0x20, 0xD2, 0x21, 0x88, 0xA2, 0x0B, 0xC2, 0x20, 0x08, 0x17, 0x84, 0xBA, 0x92, 0x1B, 0xDF,
    0x9B, 0xBF, 0x77, 0xC6, 0x2D, 0x6E, 0x89, 0xD3, 0x74, 0x41, 0x20, 0x3F, 0x27, 0x52, 0x0F, 0x41,
    0xFF, 0x46, 0x9D, 0x8A, 0x86, 0xAC, 0x88, 0x05, 0x66, 0x0A, 0xCD, 0x2C, 0xE7, 0x70, 0xE7, 0x9C,
    0x82, 0x48, 0xA9, 0x51, 0x11, 0xD3, 0xFA, 0xAA, 0x64, 0x83, 0xA8, 0x5C, 0x10, 0xC5, 0xA2, 0xD5,
    0x91, 0x53, 0xAD, 0x22, 0xE1, 0xD2, 0x86, 0x78, 0x70, 0xF9, 0x66, 0xE4, 0x38, 0xD7, 0x14, 0x22,
    0x76, 0xA8, 0xE1, 0x18, 0xE9, 0xFB, 0x4A, 0x9D, 0x9C, 0xAB, 0xBE, 0xD8, 0xD0, 0xE6, 0xC4, 0x55,
    0x4D, 0x44, 0x75, 0xEC, 0x2A, 0x78, 0xC0, 0xED, 0x0B, 0x4E, 0x15, 0x47, 0x7B, 0x8A, 0x37, 0x05,
    0x6F, 0x42, 0x00, 0xC1, 0x5F, 0x08, 0xFE, 0x74, 0x12, 0xB4, 0x83, 0x60, 0xD6, 0x35, 0xA7, 0x03,
    0x49, 0xB5, 0x64, 0x04, 0xD5, 0x19, 0xD5, 0x3F, 0xF2, 0xB8, 0x4D, 0x7F, 0x36, 0x01, 0xD7, 0x23,
    0x92, 0x32, 0x11, 0x4D, 0x5A, 0xA1, 0x61, 0x18, 0x29, 0x99, 0x86, 0x0A, 0x3F, 0x17, 0xEC, 0x45,
    0x02, 0x5C, 0x89, 0x50, 0x2F, 0x95, 0x7B, 0x25, 0xEA, 0xAF, 0x15, 0x92, 0xBE, 0x81, 0x6D, 0x7A,
    0x8C, 0x2B, 0x37, 0x9D, 0x59, 0xB7, 0xD5, 0x65, 0xBD, 0xAA, 0xDF, 0x27, 0x3A, 0x0F, 0x72, 0x87,
    0xFE, 0x7E, 0x6E, 0x7B, 0xD5, 0x79, 0x9D, 0x4E, 0xE9, 0x84, 0x90, 0x72, 0x8B, 0x65, 0xD5, 0xC5,
    0xA0, 0xD3, 0x48, 0xE7, 0xB2, 0xCE, 0x97, 0x75, 0xA3, 0x35, 0xA8, 0x94, 0x7D, 0xBA, 0x0D, 0x9A,
    0x80, 0x74, 0x54, 0x19, 0x11, 0x90, 0x4C, 0xAA, 0xE3, 0x65, 0xFD, 0x4A, 0xF2, 0x9C, 0x57, 0xAD,
    0x5C, 0x75, 0xEA, 0x19, 0xAF, 0x7A, 0xDA, 0xFE, 0x9E, 0x8D, 0x5B, 0x9D, 0xDB, 0xAB, 0x75, 0x71,
    0x51, 0x0F, 0x5C, 0x3F, 0x22, 0x0F, 0x94, 0x3D, 0xD7, 0xCF, 0x69, 0x96, 0xD7, 0xE7, 0x3A, 0x65,
    0xD3, 0xD6, 0xAA, 0x0B, 0xFB, 0x40, 0x23, 0x76, 0xC3, 0x0B, 0x54, 0x76, 0xD0, 0x30, 0x72, 0xCD,
    0xEB, 0x3E, 0x5B, 0x5A, 0x00, 0x74, 0x9B, 0xF5, 0xAD, 0xF7, 0x16, 0x6E, 0x4E, 0xCC, 0x7A, 0x17,
    0xD2, 0x94, 0x84, 0xCB, 0xBF, 0x1D, 0x51, 0x83, 0xC2, 0x26, 0x33, 0xCA, 0x66, 0x37, 0xF9, 0xEF,
    0x09, 0x6D, 0x97, 0x52, 0x6D, 0x50, 0x9C, 0x74, 0x86, 0x16, 0x64, 0x2F, 0x5E, 0x38, 0x5E, 0x9F,
    0x3B, 0x74, 0x8C, 0xFC, 0xE7, 0x3A, 0x75, 0xB6, 0x5F, 0x7F, 0x9A, 0x8A, 0x7E, 0xAB, 0xCB, 0x6E,
    0xAB, 0xAB, 0x8B, 0xBA, 0xD9, 0x6A, 0x53, 0x6F, 0x75, 0x8B, 0x6D, 0xA2, 0xAD, 0x8C, 0x67, 0xBC,
    0x2E, 0xE9, 0xCA, 0xAB, 0x68, 0xE4, 0xDA, 0xDF, 0x71, 0x00, 0x66, 0x3C, 0x91, 0x5E, 0xDF, 0x17,
    0x5B, 0x01, 0xC9, 0x65, 0xBB, 0x2F, 0x76, 0x4F, 0x46, 0xED, 0x48, 0xC6, 0xF1, 0x54, 0x46, 0x76,
    0x62, 0x1B, 0x49, 0xF4, 0x7D, 0x47, 0xEC, 0xDF, 0x70, 0x43, 0x0C, 0x7F, 0x25, 0xA0, 0xD2, 0x69,
    0xBE, 0x48, 0xFB, 0xDC, 0xEA, 0xED, 0x62, 0x64, 0x33, 0x90, 0x21, 0x5B, 0x80, 0xBC, 0xC9, 0x89,
    0x07, 0xA7, 0xA4, 0x06, 0xC6, 0xEE, 0x51, 0x87, 0x17, 0xE3, 0x64, 0xFA, 0xE8, 0x97, 0xB3, 0xAD,
    0x6C, 0xD2, 0xD3, 0x50, 0xDA, 0xB4, 0x6B, 0xBB, 0x62, 0xCC, 0xEB, 0xAA, 0xCE, 0xDD, 0x2D, 0xDC,
    0x42, 0xE6, 0x76, 0xF1, 0x7B, 0xFA, 0x8D, 0x1D, 0x6C, 0xBC, 0xAC, 0xDF, 0xDB, 0x99, 0x6E, 0xCC,
    0xC4, 0x56, 0x35, 0x66, 0x6F, 0x9B, 0xC8, 0xF1, 0x03, 0x78, 0xFE, 0x15, 0xE7, 0xBC, 0x9B, 0x4A,
    0x75, 0xF1, 0xB4, 0xE7, 0xEC, 0x51, 0x37, 0xC7, 0x40, 0xA1, 0xDF, 0xDC, 0x51, 0x3B, 0xBF, 0x4F,
    0x83, 0x1C, 0x8C, 0x94, 0x93, 0xB8, 0x9E, 0x6C, 0x16, 0x24, 0x84, 0xC3, 0x93, 0x65, 0xF3, 0x31,
    0x3D, 0x52, 0x97, 0xE7, 0x38, 0xB7, 0xA1, 0xFF, 0x50, 0x7F, 0xD5, 0x05, 0x78, 0x07, 0x79, 0x70,
    0x40, 0xFF, 0x12, 0x8A, 0x18, 0x45, 0xA8, 0xCE, 0x48, 0x67, 0x41, 0x31, 0x31, 0xA2, 0x76, 0xD0,
    0xB8, 0x55, 0x0B, 0x3E, 0x83, 0xC7, 0xEC, 0xB5, 0x14, 0xF9, 0x2D, 0xE1, 0x2E, 0xC2, 0x2C, 0x6B,
    0x44, 0x84, 0x36, 0x2C, 0x0C, 0x77, 0x13, 0xD8, 0x5D, 0xE2, 0x8E, 0x3E, 0x1A, 0x86, 0x24, 0xCA,
    0x24, 0xF4, 0xFC, 0xA7, 0x64, 0xB9, 0x07, 0xD2, 0xAE, 0x1D, 0x01, 0x33, 0xA4, 0x1D, 0x77, 0x05,
    0x35, 0x69, 0xA7, 0x0D, 0x49, 0xBB, 0x6C, 0x44, 0x3A, 0x33, 0x7B, 0xE4, 0xCE, 0x13, 0x5C, 0x5C,
    0x59, 0x8E, 0xCA, 0xCA, 0x5E, 0x4D, 0xB3, 0x72, 0xB8, 0x8A, 0x7A, 0xFD, 0x27, 0x44, 0xB6, 0x52,
    0x0E, 0xCC, 0xAE, 0x9A, 0x21, 0x2C, 0x26, 0xBD, 0xBF, 0x76, 0xA1, 0x30, 0x77, 0xCA, 0x6C, 0x56,
    0x26, 0xA4, 0x8C, 0xA9, 0x11, 0x82, 0x06, 0x65, 0xE5, 0x94, 0x19, 0x3D, 0xFF, 0xE4, 0x9E, 0xCC,
    0xD7, 0x70, 0xDE, 0x73, 0x53, 0xBE, 0xA0, 0x58, 0x3C, 0xBD, 0xB2, 0x7F, 0x10, 0x37, 0xCA, 0x6B,
    0x0F, 0x95, 0x85, 0x55, 0x96, 0xA3, 0xB2, 0x72, 0x4A, 0x13, 0xF8, 0x62, 0x56, 0xFE, 0x8A, 0xB4,
    0xFA, 0x7F, 0x29, 0x13, 0x4B, 0x8D, 0x70, 0x68, 0x3B, 0x75, 0xC9, 0x46, 0x98, 0x77, 0xD5, 0xC0,
    0x2C, 0x9A, 0xD2, 0xAA, 0x7B, 0x2E, 0x46, 0xA0, 0x25, 0x4D, 0x2B, 0x81, 0x53, 0x0D, 0xEE, 0x70,
    0xFA, 0xE5, 0x16, 0x8D, 0xF2, 0x05, 0x70, 0xE3, 0x5D, 0xDE, 0x1F, 0x1E, 0xDC, 0x5D, 0xCB, 0x99,
    0x40, 0xF5, 0x5F, 0x3D, 0x90, 0xCB, 0xF1, 0xA7, 0x7A, 0xFD, 0xD2, 0xB3, 0x0A, 0x9B, 0x8E, 0x07,
    0x61, 0xBE, 0x3C, 0x09, 0x5F, 0x1C, 0x4E, 0x3F, 0x36, 0x22, 0x21, 0xF1, 0x9F, 0x46, 0x70, 0x72,
    0x48, 0x88, 0xE6, 0x95, 0x08, 0x29, 0xD2, 0xE8, 0x55, 0x68, 0xF0, 0x37, 0xA3, 0x94, 0xA7, 0x06,
    0x6D, 0x23, 0x9E, 0x9E, 0xF7, 0xD9, 0x8B, 0x3A, 0xDF, 0x59, 0x7D, 0xF3, 0x1F, 0x2B, 0xF0, 0x12,
    0x85, 0xA2, 0x52, 0xB4, 0x43, 0x68, 0x72, 0x1D, 0xF0, 0xF2, 0xC0, 0xB8, 0x94, 0x27, 0xC4, 0x12,
    0x48, 0x6F, 0xDC, 0x23, 0x3A, 0x38, 0x58, 0x4B, 0xBE, 0x4F, 0x0B, 0x7F, 0x09, 0x27, 0xD4, 0x43,
    0x5F, 0x9A, 0x53, 0x36, 0x2B, 0x9C, 0x62, 0x02, 0xE2, 0x5E, 0x90, 0x8C, 0x8A, 0x49, 0x42, 0x43,
    0xEA, 0xC1, 0x6F, 0x36, 0x02, 0xA4, 0x1D, 0x63, 0x06, 0xAC, 0x0B, 0xB2, 0x91, 0xF3, 0xBF, 0x09,
    0xF0, 0x3C, 0x80, 0xA4, 0x5C, 0x51, 0x04, 0x5C, 0x75, 0xB8, 0x7B, 0xA2, 0x87, 0xBB, 0x85, 0x1E,
    0xEE, 0x16, 0x7A, 0xB8, 0x5B, 0xE8, 0xE1, 0x6E, 0xA1, 0x87, 0xBB, 0x85, 0x1E, 0xEE, 0x16, 0x3A,
    0x06, 0x8C, 0xD2, 0x0A, 0xAA, 0xAB, 0x60, 0x02, 0x86, 0xAB, 0x70, 0x75, 0x3D, 0xC5, 0x28, 0x28,
    0x26, 0x41, 0xEE, 0x14, 0xB3, 0x20, 0x25, 0x41, 0x4C, 0x4D, 0xA1, 0x87, 0xBB, 0x85, 0x1E, 0xEE,
    0x16, 0x5F, 0x72, 0xB8, 0x7B, 0xEF, 0xCE, 0xAB, 0x6D, 0xD7, 0xF3, 0xC4, 0xC3, 0x66, 0xE7, 0x91,
    0x84, 0xFF, 0x6C, 0xFA, 0x6D, 0x70, 0xD8, 0x3E, 0xF3, 0xDE, 0x33, 0x8C, 0x74, 0x73, 0x48, 0x9C,
    0x6B, 0xC2, 0xB5, 0xFF, 0x57, 0x38, 0x41, 0x1A, 0x30, 0x0B, 0x12, 0xAA, 0x19, 0x11, 0x51, 0xE7,
    0xB1, 0x7E, 0x5F, 0x45, 0x77, 0x11, 0x52, 0x4C, 0x0B, 0x2F, 0x25, 0xE9, 0x22, 0x3A, 0x2E, 0x16,
    0x9E, 0x47, 0x31, 0x21, 0xE3, 0x6C, 0xC3, 0x73, 0xDB, 0x34, 0x3C, 0xED, 0x2B, 0xB0, 0x7D, 0x5B,
    0xEC, 0x3A, 0xD9, 0xF3, 0x51, 0xEC, 0xBC, 0x0D, 0xBE, 0x7A, 0xDC, 0x03, 0x92, 0x8C, 0xCE, 0xF4,
    0x54, 0x33, 0x86, 0x46, 0xC9, 0xCC, 0xDB, 0x2D, 0x66, 0xAA, 0xAF, 0xA2, 0xD3, 0x5D, 0x9D, 0x46,
    0x69, 0xAF, 0xDD, 0x6E, 0x1E, 0x16, 0xD6, 0xFC, 0xEC, 0xD7, 0xAE, 0xB0, 0x67, 0xD3, 0x7C, 0xBF,
    0x18, 0xEC, 0x78, 0xB4, 0x57, 0xF6, 0x6C, 0xAB, 0xEE, 0xB1, 0x3D, 0xDA, 0x27, 0xEC, 0xDB, 0xA3,
    0x6A, 0x46, 0x7E, 0xFE, 0xA4, 0x1D, 0x10, 0x69, 0x3C, 0x38, 0x7B, 0x72, 0x1F, 0x80, 0x3D, 0xDA,
    0xBB, 0x6C, 0x35, 0xC9, 0xE6, 0xF9, 0x91, 0xB8, 0x12, 0xA7, 0x1A, 0xAF, 0x24, 0xBD, 0x1A, 0xEC,
    0x47, 0xF7, 0xCE, 0xDE, 0x75, 0x0F, 0xB8, 0x95, 0xEE, 0x88, 0xED, 0xE9, 0x29, 0xDB, 0x23, 0xB1,
    0xBB, 0x8F, 0xC5, 0xDE, 0x65, 0xFB, 0x26, 0xD8, 0xE2, 0xAB, 0xB6, 0xEA, 0x89, 0xCD, 0xCC, 0x92,
    0x68, 0x12, 0xEB, 0xB4, 0x15, 0x0F, 0xE5, 0x0D, 0xC7, 0x1B, 0xDF, 0xA5, 0x99, 0x3F, 0x5C, 0x72,
    0x09, 0x8D, 0x09, 0xA9, 0x0B, 0x6B, 0x18, 0xD4, 0x05, 0xAB, 0x25, 0xD5, 0x4A, 0x37, 0x6F, 0xAF,
    0xEA, 0x58, 0xE9, 0x20, 0xE8, 0x89, 0x96, 0x03, 0xDE, 0x6A, 0x89, 0xC7, 0x99, 0xF8, 0x87, 0x6A,
    0xAE, 0x5F, 0xC6, 0xDF, 0xEC, 0xC2, 0x33, 0xE2, 0x8B, 0x43, 0x66, 0xAC, 0x1E, 0x5F, 0xB0, 0x2D,
    0xB4, 0x28, 0x69, 0xD1, 0x7A, 0xFB, 0x35, 0x41, 0xE3, 0xF6, 0xE3, 0x7E, 0x87, 0x3A, 0xFD, 0xE2,
    0x43, 0xF8, 0xC2, 0x41, 0x64, 0xE8, 0xF8, 0x42, 0xA4, 0xCF, 0xAE, 0x46, 0x64, 0x05, 0xA5, 0x60,
    0xA1, 0x9A, 0x41, 0x3A, 0x5F, 0x66, 0x0D, 0xF9, 0x0E, 0xD7, 0xF9, 0xF4, 0xD6, 0xC5, 0x16, 0xB8,
    0x9F, 0x39, 0x33, 0x00, 0xD7, 0x33, 0x5A, 0xA4, 0xBA, 0xBE, 0xC7, 0xBD, 0x19, 0x51, 0xED, 0x33,
    0x8E, 0x67, 0x6D, 0xF5, 0xAF, 0x8E, 0xAB, 0x7E, 0x90, 0x39, 0x54, 0x04, 0x78, 0x24, 0x54, 0x33,
    0xD0, 0x2A, 0xAA, 0x46, 0x50, 0xD6, 0x97, 0x00, 0x41, 0xA5, 0x78, 0x22, 0x6F, 0x1D, 0xCB, 0xE8,
    0xF0, 0xAA, 0xD0, 0x03, 0x0D, 0xC1, 0x67, 0x17, 0xB6, 0xA4, 0x35, 0xA3, 0xD4, 0xB7, 0x35, 0xA9,
    0x65, 0x9C, 0x62, 0x62, 0x4C, 0x38, 0x62, 0x38, 0xEC, 0x32, 0x9E, 0x60, 0x9F, 0x77, 0x6A, 0xE6,
    0x99, 0x7C, 0xF0, 0x97, 0xC4, 0xA9, 0xCB, 0x88, 0xFE, 0x36, 0x32, 0x03, 0x0E, 0x1E, 0x00, 0x5C,
    0x97, 0xF7, 0xB1, 0x93, 0x00, 0x01, 0x4E, 0x71, 0xEA, 0xF1, 0xC6, 0x1B, 0x82, 0xDD, 0x6F, 0xCA,
    0xB5, 0xA5, 0xBA, 0xCD, 0xD1, 0x91, 0xE8, 0xD3, 0xC1, 0xE3, 0x9F, 0x7E, 0x4D, 0x1C, 0x3F, 0x93,
    0x7F, 0x24, 0x20, 0x5A, 0xA2, 0x7A, 0x5C, 0x07, 0x1E, 0xC5, 0x3F, 0x08, 0x1E, 0x94, 0x82, 0x6F,
    0x15, 0x02, 0x89, 0xB2, 0x8D, 0x47, 0x87, 0x68, 0x90, 0x47, 0xA7, 0x72, 0x9C, 0xA3, 0xF3, 0x93,
    0x5E, 0x48, 0x73, 0x8C, 0x2E, 0xEC, 0x8C, 0xE6, 0x70, 0x8E, 0xCB, 0x56, 0xDA, 0xF2, 0xA5, 0x88,
    0x7E, 0x5C, 0xB3, 0x6D, 0x75, 0x9F, 0xA8, 0x93, 0xD3, 0x7C, 0xB6, 0x5B, 0x2C, 0x88, 0xA8, 0xDE,
    0x8D, 0xA9, 0x49, 0x66, 0x5F, 0xD2, 0xF4, 0xD9, 0xE4, 0x51, 0xD9, 0xDC, 0x7A, 0xE4, 0x63, 0x39,
    0x30, 0xA6, 0xAA, 0xF7, 0x48, 0x5D, 0xD5, 0x79, 0x24, 0x01, 0xB3, 0x51, 0xB4, 0x82, 0xA5, 0x6D,
    0x3C, 0xE2, 0xAF, 0x16, 0x7C, 0xFA, 0x52, 0x43, 0x8F, 0x06, 0xBE, 0x4E, 0x4F, 0x4F, 0xA8, 0x96,
    0xBD, 0x41, 0x0F, 0x7F, 0xBD, 0xB4, 0x6C, 0xF3, 0x89, 0x6D, 0xE6, 0xD8, 0xA6, 0xAF, 0xB1, 0x7A,
    0x55, 0x4B, 0x16, 0x52, 0xCB, 0xF0, 0x1D, 0x76, 0x74, 0x8F, 0x30, 0xCB, 0xFD, 0x8F, 0x71, 0xD0,
    0x7E, 0x54, 0xFF, 0x5F, 0xFD, 0x57, 0x60, 0xF6, 0x4E, 0xCF, 0xC8, 0x3F, 0xBC, 0x0A, 0x7F, 0xD7,
    0xEB, 0xB8, 0x2C, 0x9C, 0xA1, 0xE7, 0x5C, 0xC3, 0xFC, 0xEC, 0xC3, 0xE7, 0x33, 0x22, 0xCA, 0x3F,
    0xFC, 0x67, 0xAA, 0x13, 0xE7, 0x4B, 0x9A, 0x2E, 0x1F, 0x3D, 0xCA, 0xA1, 0xB0, 0x1E, 0xB9, 0x2D,
    0x07, 0x8F, 0x6C, 0xAC, 0x7A, 0x8F, 0x74, 0x34, 0xDD, 0x16, 0x89, 0x6D, 0x05, 0xBD, 0x6E, 0x0F,
    0x71, 0x19, 0xE6, 0x12, 0xAA, 0x5E, 0x50, 0x0E, 0x17, 0x37, 0x54, 0xD9, 0x28, 0x48, 0x9C, 0x20,
    0x5A, 0x2E, 0x7D, 0x22, 0x16, 0x5A, 0x43, 0x3F, 0xEB, 0x0F, 0x3F, 0x26, 0x3F, 0x42, 0x6B, 0xFC,
    0xBD, 0x0C, 0xE0, 0x47, 0x32, 0xEF, 0xC6, 0x60, 0x39, 0x1A, 0x2C, 0xB3, 0x9E, 0x69, 0x0D, 0xD8,
    0xA1, 0x67, 0xAD, 0x1C, 0xE5, 0x27, 0xC4, 0x76, 0xFD, 0xEB, 0x74, 0x78, 0xD9, 0x9A, 0x57, 0x6C,
    0xDB, 0x6D, 0xCB, 0x50, 0xAD, 0xFB, 0x21, 0xD0, 0x53, 0xDE, 0x84, 0xEB, 0x03, 0x75, 0x4E, 0x53,
    0x93, 0x12, 0xB6, 0xE5, 0xAB, 0x81, 0x6D, 0x69, 0xC5, 0x8E, 0x6C, 0x0B, 0xB5, 0xD3, 0x05, 0x3B,
    0xEA, 0x55, 0x2D, 0xB9, 0xAD, 0x45, 0x5D, 0x4C, 0x4F, 0xDF, 0xA3, 0xBA, 0x92, 0xD1, 0x67, 0x7B,
    0x1C, 0xDA, 0x72, 0xD9, 0x3E, 0xFC, 0x16, 0x42, 0xDA, 0xA1, 0x73, 0x59, 0xA0, 0x7D, 0x4C, 0xC7,
    0x66, 0xCC, 0x1C, 0x72, 0x97, 0x8F, 0x48, 0xD9, 0x85, 0x26, 0xAE, 0xEA, 0x91, 0x4C, 0xA6, 0x43,
    0x54, 0xCB, 0x60, 0x88, 0xA1, 0xAD, 0x69, 0x2E, 0x67, 0x5F, 0x16, 0x31, 0xBD, 0x86, 0x69, 0xDD,
    0xE3, 0xBE, 0x51, 0x4C, 0xC0, 0x37, 0x38, 0x36, 0x9C, 0x26, 0xF4, 0xB9, 0x6F, 0x7C, 0xCB, 0xFD,
    0x79, 0x53, 0x56, 0x35, 0x47, 0xA6, 0x90, 0xF4, 0xE8, 0xFA, 0x8E, 0x21, 0xA2, 0x49, 0x8C, 0x64,
    0xFF, 0x07, 0xD5, 0x7C, 0x01, 0xA8, 0xE6, 0xD6, 0x95, 0xDE, 0x27, 0xDD, 0xCC, 0x53, 0x3C, 0x8A,
    0x7D, 0x0D, 0x38, 0x59, 0xD7, 0xF6, 0x5A, 0x0B, 0xB8, 0x90, 0x86, 0xD8, 0x1A, 0x8A, 0x4B, 0x4D,
    0x77, 0xDE, 0xBB, 0xB2, 0x0D, 0x84, 0x12, 0x20, 0x43, 0xC9, 0x24, 0xB0, 0xD3, 0xD6, 0x01, 0x0A,
    0x74, 0xED, 0xEE, 0x8E, 0x81, 0x00, 0xD3, 0xF2, 0x66, 0xA4, 0x24, 0x40, 0xA0, 0x01, 0x78, 0xD0,
    0xB8, 0x05, 0x16, 0xD8, 0xA1, 0x78, 0x8B, 0xF3, 0x5C, 0x76, 0x0C, 0x04, 0xEA, 0x6E, 0xDF, 0x8C,
    0x6E, 0x6C, 0x20, 0xC0, 0x02, 0xAB, 0xCD, 0x92, 0x06, 0x28, 0x34, 0xDA, 0x66, 0x9C, 0x6C, 0x6C,
    0xA8, 0x6F, 0x82, 0x9C, 0xE8, 0xD9, 0x92, 0x4E, 0x75, 0xCE, 0x91, 0xDE, 0xFF, 0xDE, 0xCC, 0x38,
    0xE9, 0xA6, 0xE9, 0xE2, 0x95, 0xFD, 0xDF, 0xEF, 0xFB, 0xDF, 0xFF, 0xDF, 0x73, 0xCF, 0xFD, 0x74,
    0xEE, 0xB9, 0xF7, 0x4A, 0xFA, 0x27, 0xAA, 0x0F, 0x01, 0x7C, 0x02, 0x48, 0x89, 0x2A, 0xE0, 0x0A,
    0x60, 0x43, 0xDE, 0x00, 0xC3, 0x4C, 0x5A, 0xDB, 0x22, 0xEA, 0x81, 0xB8, 0x99, 0x89, 0x09, 0x00,
    0x7F, 0x88, 0xA4, 0x05, 0xF0, 0x40, 0x1D, 0x60, 0x3D, 0x90, 0xD0, 0xB5, 0x80, 0xAC, 0x02, 0xF2,
    0xD6, 0x06, 0x38, 0x00, 0xCE, 0xDB, 0xC0, 0x66, 0x50, 0x56, 0x33, 0x19, 0x84, 0x64, 0x21, 0xEA,
    0xE5, 0x23, 0x17, 0xC4, 0x8C, 0x7B, 0xF7, 0xBD, 0x4E, 0xCC, 0x58, 0xFA, 0xCA, 0xC4, 0x66, 0x10,
    0xBD, 0x88, 0xCF, 0xB2, 0x19, 0x39, 0x9C, 0x02, 0x7B, 0x73, 0xAA, 0x10, 0x32, 0x44, 0xD4, 0x33,
    0x46, 0x7D, 0x7A, 0x48, 0x4C, 0x4C, 0xC8, 0xBC, 0xE3, 0xCF, 0x92, 0xD6, 0x15, 0x4E, 0x3C, 0xF3,
    0x0E, 0xF7, 0x31, 0xC9, 0xAA, 0x72, 0x35, 0x53, 0xAE, 0x66, 0x6A, 0x25, 0x03, 0x4A, 0xA8, 0x99,
    0x85, 0x18, 0xF1, 0x59, 0xCC, 0xC0, 0x55, 0x91, 0x98, 0x41, 0xD6, 0xA4, 0x05, 0x9B, 0x61, 0x49,
    0xD4, 0x9B, 0x88, 0x46, 0xE8, 0xF1, 0xD1, 0x02, 0x1F, 0x70, 0xC5, 0x80, 0x5B, 0x14, 0xB3, 0xB4,
    0x28, 0xE6, 0x9A, 0xB2, 0x52, 0xC5, 0xAA, 0xAC, 0x52, 0xC5, 0xFC, 0x3D, 0xAA, 0x98, 0x3B, 0x5C,
    0xCC, 0x64, 0xD4, 0xAA, 0x99, 0x84, 0x26, 0x55, 0x0C, 0x25, 0x55, 0xD0, 0x4E, 0x91, 0x17, 0xC5,
    0x1E, 0x45, 0xDE, 0x88, 0x62, 0x37, 0x90, 0x35, 0xA2, 0x58, 0x5D, 0xE4, 0x5E, 0x14, 0x73, 0xEF,
    0x51, 0x21, 0xDE, 0xA4, 0xD4, 0xAF, 0x8A, 0x61, 0x73, 0x6C, 0x11, 0xFD, 0x15, 0x80, 0x9A, 0x88,
    0x0A, 0x24, 0xF4, 0xF5, 0x8F, 0x11, 0xCB, 0x00, 0x9C, 0x02, 0x6A, 0x0F, 0x70, 0x13, 0x02, 0xE6,
    0xE7, 0x02, 0xE9, 0xB7, 0x05, 0xEC, 0x57, 0x05, 0xF2, 0x44, 0xC0, 0x29, 0x6C, 0x2B, 0x5C, 0x56,
    0x38, 0xF8, 0xEB, 0xC2, 0xEE, 0x89, 0xEA, 0x3B, 0x27, 0x4C, 0x67, 0x9F, 0x12, 0xB0, 0xDA, 0x7A,
    0xFA, 0x3D, 0x01, 0xF3, 0x9E, 0x40, 0x44, 0x02, 0x28, 0x1B, 0x81, 0x6C, 0x2A, 0xF0, 0xFB, 0xEC,
    0x36, 0x89, 0xC8, 0x39, 0xA9, 0x6A, 0x1F, 0x3D, 0x8F, 0xE3, 0x47, 0x44, 0x1D, 0x97, 0x35, 0xDD,
    0x5C, 0x42, 0x2A, 0x63, 0x01, 0xF2, 0x77, 0xB8, 0xCF, 0xF5, 0xE1, 0xE7, 0xA9, 0x71, 0x85, 0x6D,
    0x60, 0x08, 0xA8, 0xC3, 0x0D, 0x24, 0x01, 0xB6, 0x07, 0xF2, 0x70, 0x1D, 0x26, 0xCC, 0xC0, 0x21,
    0x34, 0x30, 0x2D, 0x1B, 0xA6, 0x23, 0x53, 0xF6, 0xC2, 0x56, 0x37, 0x66, 0x1A, 0x51, 0x21, 0xFE,
    0x20, 0x6D, 0x63, 0xD2, 0x93, 0xD8, 0x5C, 0xF4, 0x46, 0xA9, 0x25, 0x2A, 0xCC, 0x04, 0x55, 0x76,
    0x44, 0xA2, 0x14, 0x0F, 0x9C, 0x43, 0xAA, 0x54, 0x3A, 0x38, 0xFE, 0x6A, 0x74, 0x63, 0x21, 0x39,
    0x46, 0xE9, 0x88, 0x9A, 0xE3, 0xB4, 0xD8, 0x68, 0x51, 0xAD, 0x14, 0xE4, 0x8F, 0x68, 0xDD, 0x1E,
    0x51, 0xC7, 0x62, 0xBD, 0x22, 0x34, 0x1B, 0x81, 0x38, 0x68, 0x73, 0x54, 0x21, 0x53, 0x1A, 0xD3,
    0xF4, 0xF2, 0x5A, 0xB5, 0x54, 0xE1, 0xB5, 0x69, 0xBA, 0xB9, 0x50, 0x9C, 0xFA, 0x2C, 0x0F, 0xD1,
    0xFD, 0xFD, 0xAB, 0x6C, 0x8F, 0x28, 0x60, 0x33, 0x86, 0x5D, 0x10, 0xC8, 0xDB, 0x15, 0x34, 0x2E,
    0x2B, 0x35, 0x26, 0x61, 0x7E, 0xED, 0x2D, 0x02, 0xD2, 0x21, 0xFF, 0x4B, 0x69, 0x33, 0x6F, 0x6B,
    0x0F, 0xD7, 0xE4, 0x6D, 0xE9, 0x51, 0xFA, 0xBC, 0x75, 0x05, 0xEA, 0x19, 0xEE, 0x03, 0xA8, 0x92,
    0xEA, 0xBF, 0x08, 0x6A, 0x2F, 0x50, 0x2A, 0xB8, 0x56, 0x20, 0xEB, 0xF2, 0x36, 0x62, 0x05, 0x2F,
    0xB6, 0x17, 0xD7, 0xE0, 0x39, 0x90, 0xD6, 0x67, 0x88, 0xEB, 0x77, 0x81, 0x41, 0x3D, 0xDB, 0x80,
    0x6B, 0x11, 0xCF, 0x50, 0xBF, 0x71, 0xFE, 0x99, 0x1E, 0x8E, 0x6B, 0x1C, 0xC1, 0xC5, 0x11, 0xD8,
    0xDA, 0x83, 0x21, 0x6A, 0x60, 0x3D, 0x27, 0x23, 0xC9, 0x2F, 0x59, 0xA3, 0xE9, 0xC5, 0x79, 0xDB,
    0xE0, 0x0A, 0xE3, 0x69, 0xB5, 0xE4, 0x65, 0x34, 0x0B, 0x9A, 0xA0, 0x98, 0xB4, 0x8A, 0xD6, 0x2B,
    0x6A, 0x7A, 0xC2, 0xBD, 0x0E, 0x80, 0xED, 0x10, 0xAE, 0xC8, 0x39, 0xBC, 0x16, 0x06, 0xC8, 0xE8,
    0xFD, 0x56, 0x2F, 0xA2, 0xBD, 0xA8, 0x09, 0x4E, 0xAB, 0x6B, 0x0A, 0x56, 0xCC, 0xAA, 0x8B, 0x13,
    0xA3, 0x13, 0x9F, 0x80, 0x2B, 0xB6, 0x4B, 0x3B, 0x00, 0x43, 0xD6, 0x9A, 0x81, 0x5B, 0x77, 0x3E,
    0x1A, 0xB9, 0xF5, 0x19, 0x27, 0x49, 0x48, 0x1E, 0xC4, 0xD5, 0x15, 0xB3, 0x4A, 0xD1, 0x61, 0xC6,
    0x89, 0x93, 0x91, 0x7E, 0x7F, 0x40, 0xDE, 0xC4, 0x03, 0x3B, 0x6F, 0x83, 0xE9, 0xD9, 0x79, 0x33,
    0x5E, 0xD4, 0xEC, 0x5A, 0x53, 0xA5, 0xE7, 0xFD, 0xDC, 0xCC, 0x6F, 0x02, 0x0F, 0x14, 0x40, 0x4A,
    0x93, 0x26, 0xC6, 0xCC, 0x97, 0x9A, 0x18, 0x65, 0xA6, 0x90, 0xFC, 0x8A, 0x6D, 0xD1, 0x00, 0x35,
    0x54, 0x04, 0xDC, 0xD0, 0x6E, 0x28, 0xB1, 0x5E, 0x88, 0xE8, 0xA0, 0xC4, 0x41, 0x6A, 0xA9, 0x19,
    0x79, 0x37, 0x08, 0xF1, 0x89, 0x98, 0x81, 0x3D, 0x2C, 0x55, 0x0C, 0x43, 0xE3, 0xA2, 0xC6, 0xC5,
    0xAB, 0xAB, 0x1C, 0xD8, 0xA4, 0xE9, 0x53, 0x9F, 0x8D, 0x24, 0x35, 0x5C, 0xC9, 0x07, 0x23, 0x2E,
    0x0F, 0xC9, 0x10, 0xD5, 0x9A, 0x5F, 0x07, 0xB8, 0x4A, 0xBC, 0x19, 0x90, 0x57, 0xE2, 0x8D, 0x12,
    0xEB, 0x85, 0x88, 0x19, 0x25, 0x0E, 0x0B, 0xB9, 0xB2, 0x92, 0x41, 0x09, 0x9B, 0x51, 0x3B, 0xEC,
    0xCD, 0x88, 0xB2, 0x52, 0x75, 0x40, 0x95, 0x9E, 0x5B, 0x7A, 0xBB, 0x17, 0x6F, 0x2C, 0xD9, 0x01,
    0x72, 0x9C, 0x3B, 0x96, 0xA5, 0xA8, 0x5D, 0x53, 0x18, 0xDD, 0xDC, 0x22, 0x49, 0x22, 0x65, 0x48,
    0x07, 0x0E, 0x58, 0xCE, 0x48, 0xB6, 0xCF, 0x3A, 0x20, 0x95, 0x32, 0x09, 0x52, 0xEE, 0x71, 0x09,
    0xA8, 0x31, 0x3B, 0xAA, 0x02, 0xC7, 0xF2, 0x64, 0x7E, 0xB8, 0x58, 0x6E, 0x80, 0x54, 0xCA, 0xFA,
    0xB0, 0x58, 0xF3, 0x81, 0xD6, 0xCA, 0xBB, 0xCD, 0xA8, 0x2C, 0xDB, 0xDB, 0xCA, 0xB0, 0xF9, 0x54,
    0x12, 0xC3, 0x13, 0x39, 0xD7, 0x1A, 0x2C, 0x15, 0x78, 0xB0, 0x37, 0xF4, 0xEE, 0xCB, 0x14, 0x64,
    0x3E, 0x91, 0xD9, 0xBA, 0xE7, 0xDC, 0xFB, 0x02, 0xD6, 0x23, 0xA7, 0x43, 0x1D, 0x5E, 0x0D, 0x2C,
    0xBD, 0x50, 0xF6, 0x70, 0x3D, 0x92, 0x89, 0x2D, 0x47, 0x54, 0x94, 0x9C, 0x7C, 0x7D, 0x59, 0xC9,
    0xA8, 0x2C, 0xB8, 0x8D, 0x53, 0x00, 0x96, 0xFE, 0xF4, 0x52, 0x0E, 0xB7, 0xF6, 0x2D, 0x5D, 0xCB,
    0xD3, 0xFB, 0xFB, 0xD7, 0x46, 0x49, 0xE3, 0xCA, 0x4F, 0x7C, 0x7A, 0x5B, 0x5D, 0x29, 0xB3, 0x9E,
    0xED, 0xE7, 0xC1, 0x49, 0x7F, 0x6A, 0x99, 0x43, 0xA8, 0x02, 0xC8, 0x93, 0x47, 0x4C, 0xA8, 0x03,
    0x57, 0x75, 0x23, 0xCA, 0x0E, 0x96, 0x88, 0x3C, 0xCB, 0xC6, 0xF2, 0x45, 0xB7, 0x4D, 0x26, 0xD1,
    0x3E, 0x1F, 0x2F, 0x59, 0x9A, 0x22, 0xE2, 0x63, 0xC8, 0xDF, 0xA8, 0xAB, 0x07, 0xE9, 0xCD, 0xFD,
    0x6B, 0x43, 0x59, 0xD8, 0x86, 0x53, 0xAC, 0x19, 0x6E, 0xF0, 0xA9, 0x9F, 0x19, 0x06, 0x99, 0x3C,
    0x4E, 0xB2, 0x83, 0x0D, 0xBB, 0xBE, 0x7E, 0xEF, 0xBE, 0x12, 0xB6, 0x11, 0x06, 0xD7, 0x94, 0x5E,
    0x18, 0x7B, 0x02, 0x65, 0x86, 0x06, 0x65, 0x3A, 0xBA, 0x94, 0x01, 0xEF, 0xC3, 0x88, 0xA6, 0xDB,
    0x58, 0x05, 0xFC, 0x8D, 0x31, 0x8D, 0x3F, 0x9D, 0x16, 0x5A, 0x25, 0xAC, 0x55, 0x38, 0xC9, 0x36,
    0x47, 0xDD, 0x67, 0xBD, 0xCC, 0x64, 0x77, 0xB9, 0x4E, 0x82, 0x72, 0x4B, 0xBE, 0x51, 0xB7, 0x09,
    0x35, 0xB2, 0x2C, 0x49, 0xD9, 0x74, 0x4A, 0xB0, 0xA4, 0xF3, 0x52, 0xC6, 0xBD, 0x2A, 0x07, 0x48,
    0x38, 0x52, 0x27, 0xC1, 0x69, 0xEA, 0xC0, 0xA7, 0x11, 0x77, 0xD7, 0x0D, 0xA8, 0xF9, 0x02, 0xC0,
    0x63, 0xA8, 0xF2, 0x33, 0x16, 0x09, 0x19, 0xCC, 0x08, 0x3B, 0xDD, 0x0D, 0x60, 0x82, 0x1B, 0x1E,
    0x07, 0x30, 0x82, 0xDE, 0x61, 0x3F, 0x77, 0x4D, 0x29, 0x22, 0x3D, 0xF6, 0x9F, 0xCB, 0x4E, 0x1C,
    0x2C, 0x16, 0xF7, 0x53, 0x2A, 0x04, 0xFF, 0x0B, 0xE9, 0xDB, 0xAF, 0x8E, 0x82, 0xBB, 0x1A, 0x52,
    0xA6, 0xD1, 0x19, 0x31, 0x83, 0x6B, 0x19, 0x5F, 0x05, 0x07, 0x35, 0x4C, 0xBB, 0x9C, 0xBB, 0x2A,
    0x92, 0x6A, 0x39, 0xCC, 0x28, 0xB5, 0x90, 0xF6, 0xFA, 0x35, 0xDB, 0x32, 0x76, 0x70, 0x1E, 0x32,
    0xD7, 0x96, 0x0C, 0x78, 0x3E, 0xEA, 0x05, 0x3F, 0x99, 0x36, 0x82, 0x5B, 0x87, 0xB8, 0xF5, 0xB8,
    0xD8, 0x28, 0x6A, 0xEB, 0xCF, 0x0B, 0xB2, 0xBB, 0xC8, 0xF0, 0xC4, 0xAA, 0x37, 0x70, 0xA0, 0x6F,
    0x3E, 0x01, 0x3C, 0x84, 0x38, 0xE0, 0x9B, 0x00, 0xE2, 0xAF, 0x16, 0x33, 0xA6, 0x1E, 0xEC, 0xF0,
    0xDD, 0xB6, 0x32, 0x2D, 0xB2, 0xC2, 0xB0, 0xB5, 0x33, 0x79, 0x65, 0x3D, 0xAE, 0x20, 0x65, 0x97,
    0xBD, 0x2B, 0x2E, 0x72, 0x96, 0xCB, 0xD8, 0x3E, 0xA6, 0xF8, 0x1A, 0x4C, 0x87, 0x5D, 0x00, 0x1F,
    0x89, 0x86, 0xBB, 0x4B, 0xA4, 0x21, 0xE2, 0xFA, 0x8F, 0xC4, 0xE1, 0xF9, 0x11, 0x59, 0x23, 0xCB,
    0xB5, 0x73, 0xD1, 0xCF, 0x9E, 0x1A, 0xE0, 0xFC, 0xA3, 0x90, 0xE3, 0x5F, 0x9A, 0x1E, 0xF5, 0x93,
    0xAD, 0x70, 0x99, 0xBC, 0xE8, 0xE1, 0x85, 0x23, 0x0B, 0x86, 0x8E, 0xFC, 0x77, 0x21, 0x19, 0x94,
    0xC9, 0x48, 0x14, 0xDD, 0xF5, 0xA0, 0xFF, 0x7D, 0x31, 0x6C, 0x06, 0x5B, 0xA3, 0xD2, 0x6A, 0x24,
    0x55, 0xA2, 0xAF, 0x56, 0x21, 0x6C, 0x42, 0xEC, 0x33, 0xB4, 0x2C, 0xC3, 0xE2, 0xAB, 0xF8, 0x78,
    0x36, 0xC6, 0x84, 0x65, 0xDC, 0x37, 0x6E, 0x58, 0xD6, 0x5F, 0xF9, 0x68, 0x8A, 0xB2, 0x4B, 0x46,
    0x6D, 0x7C, 0x3C, 0x05, 0x6A, 0xD3, 0x01, 0x11, 0xBF, 0x99, 0x81, 0x7C, 0xDA, 0xE3, 0x2E, 0x7E,
    0x73, 0x15, 0x86, 0xD8, 0xED, 0x47, 0x00, 0x56, 0x31, 0x19, 0x61, 0x03, 0xF6, 0x00, 0x7C, 0x5C,
    0x7A, 0x93, 0x86, 0xB8, 0x60, 0x39, 0x64, 0x9E, 0x4E, 0xDA, 0xBB, 0x55, 0x71, 0x99, 0x4D, 0x9B,
    0x2F, 0x8A, 0xC7, 0x6F, 0x3C, 0xD3, 0x00, 0xF8, 0x59, 0xB5, 0x59, 0x07, 0xE1, 0xBE, 0xA3, 0x1E,
    0x14, 0x8A, 0x79, 0x07, 0xF9, 0x32, 0xD1, 0xBF, 0x6F, 0x64, 0x68, 0x93, 0x26, 0xE4, 0x4F, 0x93,
    0x68, 0xB2, 0xB3, 0x2C, 0xC7, 0x06, 0x9C, 0x62, 0x88, 0xFB, 0xA5, 0x76, 0x27, 0xC0, 0x0E, 0xE1,
    0xEF, 0x2A, 0xC6, 0x9C, 0xA1, 0xAC, 0x24, 0x2C, 0x0F, 0x3B, 0xE8, 0x5A, 0x2B, 0x1D, 0xA2, 0x36,
    0xA2, 0x0E, 0xC9, 0x94, 0x16, 0x9C, 0x72, 0x0D, 0x3D, 0x0A, 0x64, 0x03, 0x62, 0xEA, 0x35, 0x19,
    0x52, 0x00, 0xD2, 0x01, 0xD2, 0x4A, 0x32, 0x48, 0x7A, 0x97, 0x10, 0xCD, 0x3A, 0x45, 0xDB, 0x2B,
    0x26, 0x83, 0xA2, 0x19, 0xF4, 0x15, 0xDD, 0x8A, 0x41, 0xF0, 0xB1, 0xB8, 0x11, 0xA4, 0xD7, 0x8B,
    0x19, 0x7B, 0xDD, 0xB9, 0x98, 0x2E, 0x93, 0xCE, 0x24, 0xE1, 0x12, 0xFB, 0x8B, 0x34, 0xEC, 0xC5,
    0x9E, 0x9D, 0x6E, 0x4F, 0xCC, 0xC9, 0xC5, 0xB6, 0x80, 0x69, 0xBF, 0x29, 0x98, 0x92, 0x3F, 0xB1,
    0xB8, 0x8D, 0xAE, 0x02, 0xCF, 0xEE, 0x17, 0x88, 0xF7, 0x5F, 0xAA, 0xA9, 0xE0, 0x1C, 0x78, 0xE3,
    0xDA, 0x0C, 0xEF, 0x0E, 0x07, 0x76, 0x86, 0x76, 0xF7, 0xD7, 0x05, 0x2F, 0x9C, 0xFF, 0x3C, 0x03,
    0x11, 0xAD, 0xA0, 0x9F, 0xFD, 0xFF, 0x81, 0xEB, 0xCF, 0xCC, 0xF0, 0xCE, 0xC1, 0xD2, 0xA3, 0x05,
    0x40, 0x3A, 0x71, 0x2B, 0x20, 0x53, 0x30, 0x93, 0xC2, 0xA8, 0x30, 0x08, 0x24, 0x0A, 0xE9, 0x02,
    0xFD, 0x3A, 0xD4, 0x04, 0x42, 0x3C, 0x15, 0xE0, 0x65, 0xB3, 0xAC, 0x26, 0x5A, 0xC9, 0xB4, 0xEE,
    0x2F, 0xBA, 0xBC, 0x9B, 0xE1, 0x4F, 0x2B, 0xDB, 0xCF, 0xF0, 0x3F, 0xC1, 0x50, 0x0E, 0x52, 0xA7,
    0x0E, 0x02, 0xD4, 0x48, 0x5C, 0x91, 0x47, 0x16, 0xC0, 0xA3, 0x29, 0x6F, 0x67, 0x00, 0x5C, 0x83,
    0x78, 0x12, 0x60, 0x1F, 0x4A, 0x2F, 0x3E, 0xD4, 0x1E, 0x09, 0x43, 0x25, 0x3E, 0x50, 0x21, 0x3E,
    0x90, 0xF8, 0x20, 0x10, 0xA4, 0x6A, 0xA6, 0xB0, 0x31, 0x04, 0xFA, 0x1F, 0x5E, 0x80, 0x2A, 0xE7,
    0x65, 0xE0, 0xC9, 0x18, 0x29, 0xF0, 0x4B, 0xFA, 0x6E, 0x15, 0x6E, 0x68, 0x12, 0xE8, 0x97, 0xED,
    0xC8, 0x66, 0x6A, 0x47, 0xDD, 0xE9, 0xDF, 0xA4, 0xEF, 0xF6, 0x9A, 0xF4, 0xFD, 0xFE, 0xBF, 0x25,
    0x7D, 0xBF, 0xED, 0x78, 0x70, 0x5A, 0xC9, 0x1B, 0x8D, 0x92, 0xB8, 0x4F, 0x94, 0x20, 0xAF, 0x7E,
    0x53, 0x49, 0x3C, 0xE0, 0x92, 0xB2, 0xAC, 0x8D, 0x82, 0xB2, 0xBA, 0x30, 0xED, 0x1A, 0x2D, 0xB6,
    0x59, 0x83, 0x22, 0xF7, 0x5A, 0xB3, 0x41, 0x29, 0x92, 0x31, 0x90, 0x90, 0x19, 0x62, 0x65, 0xD1,
    0x08, 0x33, 0x7E, 0x64, 0xB1, 0x6B, 0x07, 0x61, 0xA6, 0x43, 0xB6, 0xB0, 0x00, 0xD7, 0xAD, 0xAC,
    0x0C, 0x1F, 0x96, 0xEF, 0xB5, 0xA0, 0xF0, 0x08, 0x33, 0xCE, 0x35, 0xCD, 0x19, 0x66, 0x08, 0x86,
    0xBC, 0x17, 0xF6, 0x78, 0x42, 0x5F, 0x29, 0x84, 0xFD, 0xA6, 0xA5, 0x7F, 0xA5, 0x89, 0x39, 0x7E,
    0x9B, 0xF6, 0x96, 0x53, 0xE6, 0x46, 0x4D, 0xC9, 0x3C, 0xEF, 0x03, 0xFA, 0x9E, 0x82, 0x30, 0x4E,
    0x53, 0x0D, 0x34, 0x13, 0x27, 0x54, 0x40, 0xD3, 0xB0, 0x55, 0x4D, 0x3E, 0xAE, 0xCB, 0x55, 0x4D,
    0xC0, 0x75, 0x23, 0x2C, 0x91, 0x73, 0xA4, 0xA9, 0xF7, 0x62, 0x7B, 0x7C, 0xFF, 0xA9, 0x1F, 0x1F,
    0x4A, 0x53, 0xD4, 0xE0, 0x34, 0x6A, 0x9A, 0x70, 0x29, 0x26, 0xA2, 0xF7, 0x1A, 0xF3, 0xCE, 0x05,
    0x22, 0x9E, 0xF3, 0xCA, 0xFE, 0x91, 0x7B, 0x80, 0xB8, 0x0A, 0x9F, 0xE4, 0x2F, 0x57, 0xDC, 0x91,
    0x0C, 0x5F, 0x00, 0x70, 0x5D, 0x4C, 0x8A, 0xE9, 0x58, 0x4B, 0xDA, 0x94, 0xD1, 0xB1, 0x12, 0x4B,
    0x59, 0x1C, 0x2B, 0xAB, 0xF7, 0x29, 0x8B, 0xCD, 0xF7, 0x27, 0xE0, 0x71, 0x60, 0x00, 0x0E, 0x10,
    0x75, 0x88, 0x47, 0x98, 0x06, 0x09, 0x21, 0x2D, 0x90, 0x51, 0xB3, 0x0B, 0x3C, 0x51, 0x53, 0x0B,
    0xDC, 0xBB, 0x64, 0xC2, 0x73, 0xB7, 0x2F, 0x05, 0xF6, 0xDB, 0xF4, 0x8F, 0xA5, 0x87, 0x0D, 0x70,
    0x29, 0x61, 0xFB, 0x97, 0x81, 0x38, 0x18, 0xCF, 0x25, 0x90, 0x7A, 0x66, 0xA9, 0x07, 0xF2, 0x82,
    0x59, 0x0E, 0xA0, 0x84, 0xA9, 0xE4, 0x6B, 0x18, 0x91, 0x00, 0xD0, 0x3C, 0x7E, 0x0F, 0xD8, 0x03,
    0x24, 0x3D, 0x1E, 0x92, 0x53, 0x0C, 0xDB, 0xB1, 0xE6, 0x86, 0xF3, 0x47, 0xC0, 0xF3, 0x60, 0xCF,
    0xE0, 0x5A, 0x78, 0x65, 0xB5, 0x37, 0x85, 0xB0, 0x88, 0xFC, 0x69, 0x08, 0x8B, 0xA9, 0xF8, 0xB8,
    0x84, 0x02, 0x0C, 0xE1, 0xAA, 0x84, 0x02, 0x52, 0x32, 0x05, 0xB3, 0x4B, 0xB0, 0x23, 0x6B, 0xCB,
    0xBA, 0xE6, 0x53, 0x23, 0x2C, 0xBE, 0xE9, 0xC6, 0x35, 0xC8, 0xA9, 0x53, 0xB2, 0x46, 0x80, 0xE8,
    0xDA, 0x2E, 0xCC, 0x6C, 0xE6, 0xF8, 0x23, 0x96, 0x92, 0xE2, 0x39, 0x89, 0x8A, 0x47, 0x80, 0x87,
    0x2F, 0xEC, 0xE5, 0x03, 0xF8, 0xA4, 0x9D, 0xC1, 0xA3, 0x2E, 0x80, 0x1D, 0x3D, 0x27, 0x15, 0x0C,
    0xF8, 0xCF, 0x31, 0xF1, 0x42, 0x88, 0xE5, 0x4E, 0xDF, 0x6B, 0xE4, 0xCA, 0x46, 0xFA, 0xC2, 0x8D,
    0xE2, 0xC6, 0x73, 0xE2, 0xDE, 0xF9, 0x02, 0x91, 0x88, 0xAB, 0xCB, 0x6A, 0x9D, 0x23, 0xA7, 0x89,
    0xC7, 0x55, 0x2E, 0x9B, 0xF7, 0x6A, 0x2E, 0x52, 0x3F, 0x17, 0xC9, 0xED, 0x85, 0x7C, 0xA0, 0x5F,
    0xB1, 0xC5, 0x5C, 0x64, 0x5C, 0x63, 0x9B, 0x8B, 0x03, 0xC0, 0xBD, 0x16, 0x38, 0xED, 0xC8, 0xB6,
    0x0F, 0x80, 0xEB, 0xA1, 0x31, 0x7B, 0x91, 0x7B, 0x42, 0xB5, 0x07, 0xF6, 0x64, 0xFD, 0x77, 0x7B,
    0xF1, 0x0A, 0x17, 0x81, 0xB3, 0x46, 0x8B, 0xBC, 0x8D, 0x1B, 0xD8, 0x3E, 0xF5, 0x48, 0x88, 0x58,
    0x9A, 0xE1, 0x64, 0xDA, 0x88, 0x6A, 0x3A, 0x94, 0x00, 0x27, 0xEA, 0x10, 0xD1, 0x1E, 0x2E, 0x10,
    0x12, 0x69, 0xCA, 0x4B, 0x0E, 0x48, 0x43, 0x5E, 0x80, 0x23, 0xC2, 0x01, 0xAC, 0xC6, 0x8E, 0x00,
    0x2E, 0xE3, 0x59, 0x3C, 0x50, 0xCD, 0x40, 0xDC, 0xD6, 0x8E, 0x82, 0x8B, 0x26, 0xCE, 0x0E, 0xF9,
    0x97, 0x47, 0xD4, 0x05, 0xEC, 0x0F, 0x46, 0xAC, 0x53, 0x13, 0xDB, 0x53, 0xC8, 0xE8, 0x87, 0x93,
    0x9C, 0x04, 0x1A, 0x01, 0xD8, 0x77, 0x64, 0xE7, 0x6F, 0x83, 0x61, 0xDD, 0xB2, 0x20, 0x3E, 0xE6,
    0x6D, 0xD2, 0x3B, 0x8F, 0xBC, 0x49, 0xBB, 0xB4, 0x65, 0x69, 0x82, 0x09, 0x02, 0x71, 0xA7, 0x57,
    0x56, 0x05, 0xDA, 0x19, 0xEA, 0x6A, 0xEE, 0x9E, 0x82, 0x09, 0xA8, 0xFD, 0x6C, 0xA0, 0x45, 0xF9,
    0x4E, 0x3D, 0x5E, 0xF4, 0x7A, 0x75, 0xA5, 0x40, 0x4A, 0xDF, 0x91, 0x2E, 0x7F, 0x96, 0x2F, 0xFD,
    0x3E, 0xAB, 0x59, 0xA0, 0xF6, 0x0C, 0x67, 0xEB, 0x20, 0x70, 0x7D, 0x10, 0x38, 0x28, 0x15, 0xF2,
    0x4A, 0x20, 0x6D, 0x05, 0xE2, 0x9E, 0xA1, 0xC6, 0x0D, 0x01, 0x9F, 0x17, 0x52, 0xCF, 0x36, 0xFC,
    0xD9, 0x60, 0x3A, 0xAD, 0x37, 0x32, 0x64, 0x95, 0x63, 0x48, 0x5A, 0xEB, 0xA5, 0x9E, 0x09, 0x33,
    0xE0, 0x06, 0x06, 0x86, 0xBC, 0x2A, 0x19, 0xD2, 0x26, 0xF3, 0x33, 0x98, 0x2E, 0x69, 0x67, 0xC0,
    0x18, 0xF5, 0x0C, 0xAE, 0xB8, 0xC1, 0x60, 0x7D, 0x3E, 0xCC, 0x60, 0x42, 0xCA, 0x80, 0x21, 0x16,
    0x28, 0x71, 0xC0, 0x20, 0xF5, 0x80, 0x24, 0x08, 0x44, 0x83, 0x00, 0x6E, 0xEC, 0x0A, 0xE4, 0x83,
    0x40, 0xAA, 0x10, 0x0F, 0xFB, 0xFB, 0x05, 0xB6, 0xF4, 0xE2, 0x59, 0x4D, 0x72, 0xE2, 0xC3, 0xBA,
    0x91, 0xBA, 0x38, 0x1E, 0x0D, 0x95, 0x24, 0x08, 0x2D, 0x07, 0x19, 0xAA, 0x42, 0x65, 0x19, 0xAA,
    0x94, 0x8E, 0xE8, 0x65, 0xAA, 0x56, 0xBA, 0x5B, 0xFB, 0x23, 0xEA, 0xDA, 0x23, 0x9A, 0x77, 0x47,
    0xD4, 0x0E, 0x4C, 0xB7, 0x5E, 0x9C, 0x69, 0xC2, 0x29, 0x29, 0x22, 0xF2, 0xD8, 0x35, 0x34, 0xD3,
    0x64, 0x7C, 0x26, 0x60, 0x37, 0xA2, 0xCA, 0x34, 0x36, 0x98, 0x01, 0xBB, 0x9C, 0x09, 0x9A, 0xAC,
    0x89, 0xC6, 0x99, 0xBA, 0xD6, 0x34, 0xCE, 0x63, 0x9A, 0x69, 0xDE, 0x09, 0xA5, 0x99, 0xDA, 0xE1,
    0x88, 0x26, 0xE3, 0x11, 0x35, 0x74, 0x44, 0x41, 0x5F, 0x59, 0xAB, 0xA1, 0x7E, 0xBD, 0xC9, 0xD5,
    0x18, 0xDC, 0x0F, 0x1A, 0xDB, 0x4A, 0x13, 0xC8, 0x7E, 0xDE, 0x24, 0x7D, 0xDA, 0x31, 0xB5, 0xC4,
    0xEE, 0x34, 0x4C, 0x93, 0x19, 0x1E, 0x3C, 0x04, 0x53, 0x9D, 0x2E, 0x84, 0x62, 0xA1, 0xD7, 0x65,
    0xA4, 0x45, 0xE7, 0xCF, 0x9F, 0x8B, 0xE5, 0x72, 0x78, 0x93, 0x10, 0x75, 0x35, 0x07, 0x6C, 0xB6,
    0xD0, 0x09, 0xB0, 0x42, 0x81, 0xE3, 0x23, 0xA9, 0x17, 0x92, 0x13, 0x89, 0xA1, 0x88, 0x7E, 0x7C,
    0xBE, 0x1E, 0x96, 0x4B, 0x0A, 0x91, 0x5A, 0x5A, 0x2E, 0x59, 0xD6, 0x92, 0x9C, 0x7A, 0xC4, 0xC3,
    0xA9, 0xF3, 0xE7, 0x81, 0x11, 0x26, 0x64, 0x3C, 0x22, 0x4A, 0xA4, 0xCD, 0x16, 0xED, 0x93, 0xCF,
    0x0B, 0x5B, 0xA1, 0x86, 0x0D, 0x76, 0xA6, 0x28, 0x91, 0x74, 0x69, 0xE3, 0x24, 0x01, 0xF7, 0xA6,
    0xDD, 0x59, 0x48, 0xB8, 0xAC, 0x24, 0xDE, 0x90, 0x5D, 0x40, 0xB7, 0x59, 0x42, 0xF2, 0x56, 0x09,
    0x51, 0x15, 0xC9, 0x77, 0xE8, 0xAF, 0xB0, 0x7C, 0x19, 0x33, 0xD9, 0x51, 0x62, 0x82, 0x5B, 0x48,
    0x9B, 0x2B, 0x49, 0x9A, 0xAC, 0x12, 0x62, 0xBD, 0xF5, 0x20, 0xB9, 0x9B, 0x92, 0xB0, 0x87, 0x80,
    0x43, 0xDC, 0x9F, 0xDE, 0xFF, 0x06, 0xFB, 0x8C, 0x69, 0xE9, 0x05, 0x5C, 0x05, 0x59, 0xB2, 0xC0,
    0x4A, 0xE6, 0xA8, 0x58, 0xD5, 0x9B, 0x12, 0x6B, 0xD2, 0xB8, 0xA6, 0xE3, 0x98, 0x3B, 0xA8, 0xB3,
    0xEB, 0x79, 0xC5, 0x42, 0x01, 0x71, 0xB3, 0x10, 0x5B, 0x2D, 0x64, 0x67, 0x41, 0x0C, 0x0B, 0xC6,
    0x9D, 0xE4, 0xFA, 0x4A, 0xA2, 0x36, 0x22, 0x0A, 0xB2, 0x42, 0xC9, 0x0E, 0xAF, 0x0D, 0xC8, 0x3C,
    0x70, 0x03, 0x89, 0x64, 0x20, 0xD3, 0xB2, 0xD0, 0xAE, 0x42, 0x56, 0x00, 0xE4, 0xCB, 0x4A, 0x4E,
    0x6B, 0xE9, 0xEB, 0x22, 0x0E, 0x60, 0xFD, 0xEB, 0x22, 0xAD, 0x98, 0xB4, 0x75, 0xF1, 0x18, 0x98,
    0x84, 0xBA, 0xBA, 0xB4, 0x90, 0x2F, 0x05, 0x25, 0xE5, 0xEB, 0x5E, 0x89, 0xFB, 0xBE, 0x8E, 0x85,
    0xD6, 0x8D, 0xB2, 0x79, 0x2A, 0x9B, 0xAC, 0x47, 0x36, 0x48, 0x6E, 0xD4, 0x2B, 0x07, 0xE4, 0x93,
    0x09, 0x8E, 0x49, 0xC1, 0x0E, 0xB4, 0x88, 0x09, 0x96, 0xBC, 0x93, 0x35, 0xD4, 0xC3, 0x35, 0xEB,
    0x99, 0xF6, 0x78, 0xD4, 0x75, 0x59, 0xC1, 0xFA, 0x9C, 0xCD, 0x06, 0xDB, 0xA0, 0xF6, 0xB8, 0x94,
    0x4E, 0x66, 0xBC, 0x30, 0x01, 0xDF, 0x34, 0x84, 0x92, 0xF5, 0x09, 0x11, 0x55, 0x11, 0xAF, 0x3A,
    0xF4, 0xE6, 0x80, 0x90, 0xB2, 0x59, 0x88, 0x3B, 0x22, 0xAD, 0x90, 0x57, 0x91, 0x37, 0x42, 0xCE,
    0xAE, 0x24, 0x87, 0xD3, 0x5A, 0xB6, 0x29, 0x8B, 0xF5, 0x2A, 0xBB, 0xA0, 0x2C, 0x79, 0x4E, 0x1E,
    0xCF, 0xEE, 0xEF, 0x7F, 0xA3, 0x90, 0xAB, 0x6E, 0x3D, 0x6E, 0x5C, 0x7B, 0xF3, 0x1A, 0x55, 0x07,
    0xB6, 0x48, 0xDE, 0x6E, 0xB9, 0x7C, 0xAD, 0xE3, 0xD2, 0x0F, 0x52, 0x5E, 0x96, 0x72, 0xE7, 0x7D,
    0xCA, 0x6D, 0x29, 0x77, 0xA5, 0xEC, 0xB9, 0x7C, 0x3D, 0x70, 0xF9, 0xFD, 0x66, 0xDE, 0x0F, 0x7D,
    0x9E, 0x8A, 0x03, 0xCB, 0xF6, 0xB9, 0xAC, 0xE6, 0xB2, 0x00, 0xFE, 0x9F, 0x4A, 0xDE, 0xF3, 0x00,
    0x35, 0x6D, 0xCA, 0x93, 0xF7, 0xA5, 0xF6, 0x84, 0xD4, 0xA4, 0xBD, 0x4E, 0xA6, 0x22, 0xAA, 0xFD,
    0x1A, 0x94, 0x1D, 0x80, 0x92, 0xC9, 0x00, 0x60, 0x62, 0x52, 0x02, 0xE6, 0xA7, 0x4C, 0x3E, 0x53,
    0x21, 0xF9, 0x0E, 0x93, 0x4F, 0x79, 0xD8, 0xD7, 0x98, 0x3C, 0xDD, 0xC2, 0x3E, 0x15, 0x20, 0x45,
    0x16, 0x33, 0x29, 0x02, 0x72, 0x25, 0x1D, 0x76, 0x94, 0xF4, 0xD8, 0x56, 0x72, 0xB0, 0x21, 0x67,
    0x95, 0xEC, 0xDE, 0x4E, 0x6E, 0xFF, 0xF2, 0x6A, 0xE7, 0xD5, 0x95, 0xF4, 0x9B, 0x26, 0xB2, 0xB5,
    0x75, 0xFB, 0xE5, 0xC5, 0x9F, 0xE4, 0x35, 0xF1, 0xB0, 0x59, 0x7D, 0xF6, 0x88, 0xDE, 0x65, 0x72,
    0x11, 0x40, 0xCD, 0x64, 0x04, 0xE0, 0xD6, 0xE1, 0x97, 0x1E, 0x02, 0xA5, 0xE6, 0x9F, 0x89, 0x68,
    0x59, 0x24, 0xD1, 0x22, 0xD9, 0x6F, 0x74, 0x59, 0x23, 0x04, 0xBD, 0xE9, 0x94, 0x5C, 0xC7, 0xA8,
    0xC4, 0xE9, 0x38, 0x96, 0x51, 0xDF, 0x0A, 0x49, 0xDF, 0xF8, 0x7C, 0x2F, 0xC4, 0x1C, 0xBF, 0x1E,
    0x58, 0xDD, 0xB6, 0xE3, 0x78, 0xF3, 0xDA, 0x7F, 0x28, 0x94, 0xED, 0x01, 0xB5, 0xB0, 0xE8, 0x26,
    0x60, 0xBE, 0x2A, 0x66, 0x1E, 0xE6, 0x97, 0x4C, 0xA4, 0xB2, 0xB6, 0xBB, 0x14, 0x71, 0x7B, 0xA6,
    0xD8, 0x92, 0x58, 0x97, 0xB5, 0x78, 0x02, 0xA3, 0x69, 0xE6, 0xCC, 0x4C, 0xD3, 0x4A, 0xA8, 0x47,
    0x8A, 0x0C, 0x4C, 0xE3, 0x02, 0x16, 0x4E, 0xE8, 0x16, 0x90, 0x61, 0x44, 0x44, 0x5C, 0x0B, 0x8F,
    0x45, 0x83, 0xEC, 0xAC, 0xEE, 0x03, 0xB6, 0x4D, 0x2F, 0xCB, 0x96, 0xDF, 0x02, 0x0E, 0xD2, 0x0E,
    0x59, 0xCB, 0xB6, 0xA2, 0x2E, 0x0B, 0x28, 0xD5, 0x6C, 0x70, 0x3F, 0xFF, 0x72, 0x07, 0xFE, 0x42,
    0xE6, 0xCB, 0xB7, 0xA4, 0xC7, 0xF7, 0xA3, 0x06, 0xE9, 0x75, 0xA7, 0xD3, 0x17, 0xFA, 0x88, 0x7C,
    0x2E, 0x8E, 0xDF, 0x28, 0x0C, 0x55, 0x79, 0xB1, 0x2E, 0x1B, 0x57, 0x51, 0x60, 0x09, 0x65, 0xA5,
    0x97, 0x14, 0xB2, 0x51, 0x92, 0x9C, 0x6C, 0x45, 0x06, 0xF1, 0x36, 0x1F, 0x81, 0xB2, 0x8B, 0xE9,
    0x68, 0x33, 0x62, 0x08, 0xF7, 0x2E, 0x97, 0x86, 0x92, 0x11, 0x67, 0xC0, 0xD3, 0x25, 0x15, 0x76,
    0x80, 0x97, 0xCB, 0x42, 0x13, 0xEC, 0x10, 0x17, 0x72, 0x51, 0xA8, 0x87, 0xED, 0x4F, 0x4B, 0x7F,
    0x5C, 0x03, 0xDB, 0x3D, 0x24, 0x17, 0x84, 0x26, 0xB6, 0x7E, 0x75, 0xDD, 0x93, 0x18, 0xAA, 0xF4,
    0xE6, 0x88, 0x2C, 0x64, 0x4E, 0x1C, 0x31, 0xB5, 0xCB, 0x08, 0xCF, 0x68, 0x40, 0x4C, 0xA3, 0xA6,
    0xDC, 0xC2, 0xCA, 0x6A, 0xAF, 0x4D, 0xC9, 0x6F, 0x1B, 0x02, 0x92, 0x22, 0xA2, 0xF6, 0x15, 0xD6,
    0xCD, 0x02, 0xE5, 0x4F, 0x3C, 0x08, 0xD8, 0x06, 0xF2, 0xF7, 0x0A, 0x90, 0xDE, 0x03, 0x27, 0x11,
    0xB8, 0xD6, 0x6B, 0x27, 0xF4, 0x36, 0x77, 0x30, 0xE1, 0x4E, 0xF5, 0x28, 0x5B, 0x98, 0x49, 0x92,
    0xB3, 0xEB, 0x84, 0x5D, 0x92, 0xAE, 0xC7, 0xA3, 0x6C, 0x1D, 0xCC, 0xC4, 0xAC, 0x94, 0x78, 0x9B,
    0x59, 0x46, 0x7A, 0x17, 0x26, 0x9E, 0x34, 0xDD, 0x1F, 0x20, 0xA6, 0x17, 0xE4, 0x76, 0xD2, 0x37,
    0x11, 0x0F, 0x52, 0x3D, 0x6A, 0xC0, 0xD1, 0x30, 0xB1, 0x57, 0x2B, 0xFB, 0x10, 0x60, 0xBA, 0x35,
    0x76, 0x4C, 0x38, 0x62, 0xED, 0xC2, 0xA4, 0x29, 0x65, 0xA9, 0x57, 0x26, 0x1E, 0xA1, 0x2E, 0x98,
    0x65, 0xCB, 0x16, 0xC9, 0xE1, 0x2C, 0x33, 0x5F, 0x44, 0xE4, 0x03, 0x80, 0xFA, 0x67, 0x3E, 0x21,
    0xB9, 0x19, 0xED, 0x08, 0x99, 0xC6, 0x70, 0xD6, 0xE3, 0x71, 0xDB, 0x6B, 0xAE, 0xC4, 0x9E, 0xCE,
    0x3D, 0x49, 0x71, 0x32, 0x3D, 0xEE, 0x6B, 0x9A, 0x91, 0x2E, 0x68, 0x8A, 0xF4, 0x80, 0x24, 0xC9,
    0xA0, 0xF8, 0x5A, 0xAF, 0xE8, 0x0F, 0x16, 0xBC, 0xBC, 0xE0, 0xCE, 0x2F, 0xC1, 0xCB, 0x27, 0xEB,
    0x7D, 0xAB, 0x57, 0xFC, 0xD3, 0xA0, 0xA8, 0xED, 0xC8, 0x68, 0x13, 0x0C, 0x82, 0x7F, 0xD0, 0xF4,
    0x82, 0x4F, 0xB7, 0xBB, 0x82, 0x4F, 0x86, 0x5C, 0xB0, 0x18, 0x6C, 0x25, 0xB8, 0x9D, 0x78, 0xC1,
    0xDC, 0x04, 0x41, 0x5B, 0x75, 0x27, 0xDA, 0x31, 0xC1, 0x09, 0xA2, 0xCB, 0x0A, 0xC1, 0x83, 0xD4,
    0x0B, 0xEE, 0x98, 0x56, 0x52, 0x6B, 0xF6, 0xB9, 0x4E, 0xD2, 0xAA, 0xA5, 0x41, 0xD0, 0xD0, 0xC4,
    0xF7, 0x5F, 0xF7, 0xCF, 0x69, 0x38, 0x49, 0xFA, 0xD8, 0xA2, 0x77, 0x9E, 0x15, 0x87, 0xCA, 0x56,
    0x66, 0x41, 0x8E, 0xE9, 0x64, 0x52, 0x8C, 0x49, 0x31, 0xA2, 0x4A, 0x10, 0x47, 0xE8, 0x6F, 0xC1,
    0xEA, 0x04, 0x46, 0x04, 0x41, 0x33, 0x29, 0x26, 0x83, 0x62, 0xDE, 0x32, 0xCE, 0x77, 0x87, 0x0A,
    0x46, 0xA2, 0x0E, 0xF2, 0xFE, 0xDA, 0x10, 0x53, 0x0F, 0xD7, 0xDA, 0xC9, 0xD0, 0x30, 0xA3, 0xA1,
    0xAA, 0x6C, 0x67, 0x04, 0x35, 0xAE, 0x60, 0x2C, 0xC3, 0x81, 0xD6, 0x9F, 0x82, 0xA0, 0x5D, 0xDA,
    0x35, 0x4B, 0x7B, 0x29, 0x35, 0x82, 0x59, 0x19, 0x04, 0x77, 0xF3, 0x81, 0x31, 0xEA, 0x2D, 0x21,
    0xA2, 0x36, 0x19, 0x0C, 0x35, 0x8E, 0xDA, 0x9A, 0xAA, 0x7A, 0x2C, 0x19, 0xFD, 0xB1, 0x5B, 0xE6,
    0x30, 0x85, 0xE2, 0xFA, 0xB7, 0x2D, 0xF1, 0x4B, 0x57, 0x26, 0x4A, 0x2E, 0x2E, 0x68, 0x0B, 0xC5,
    0x1C, 0x10, 0x1D, 0xAF, 0xBC, 0x8F, 0x8E, 0xB4, 0xF4, 0xF7, 0xBD, 0x49, 0x30, 0xFE, 0x29, 0x09,
    0x1A, 0xBE, 0x75, 0xCD, 0xD8, 0x28, 0xA6, 0x5E, 0xFB, 0x61, 0xAB, 0x05, 0x0B, 0xFD, 0x7B, 0x0E,
    0xC5, 0x9D, 0x45, 0xC7, 0xCB, 0x8B, 0x8E, 0x07, 0x8B, 0x8E, 0xFD, 0xA2, 0x23, 0x9D, 0xD4, 0xF1,
    0x3D, 0x1A, 0x04, 0x7F, 0xF4, 0xFD, 0x51, 0xF0, 0xAD, 0x6F, 0x93, 0x20, 0x7D, 0x99, 0x2A, 0x41,
    0x50, 0xA3, 0x58, 0x07, 0xC6, 0x09, 0xAE, 0x67, 0x1C, 0x90, 0x0D, 0x8A, 0x29, 0x31, 0xF6, 0x9C,
    0xD3, 0x64, 0xEA, 0x89, 0xC9, 0x0B, 0x82, 0x02, 0x22, 0xEA, 0x25, 0x0B, 0xCA, 0xC5, 0xE4, 0x8C,
    0x9A, 0x92, 0x31, 0xAA, 0x9B, 0x23, 0x51, 0x32, 0x05, 0xE4, 0x0B, 0x6E, 0x2F, 0xB8, 0xBB, 0xE0,
    0xBF, 0xC0, 0xAD, 0x39, 0xAE, 0x39, 0xFD, 0xD2, 0xAC, 0xE3, 0xD5, 0xEC, 0xCB, 0x03, 0x4B, 0x5F,
    0xB6, 0x3B, 0xB8, 0x0E, 0x02, 0x08, 0x97, 0x71, 0x76, 0x25, 0xF7, 0xE2, 0xED, 0x2A, 0x7E, 0x1B,
    0x0E, 0xC0, 0xF7, 0xBD, 0xB9, 0x26, 0x51, 0xF6, 0xBD, 0x26, 0xC9, 0x61, 0xA9, 0xC0, 0x5F, 0x84,
    0x7B, 0x72, 0x44, 0x14, 0xF0, 0x9D, 0x70, 0x77, 0x0E, 0xEE, 0x46, 0xD3, 0x7F, 0x32, 0x07, 0x27,
    0xDA, 0xE6, 0xE0, 0xF1, 0x1C, 0xF7, 0xC1, 0xA1, 0xB9, 0xFC, 0x7C, 0x8E, 0x4B, 0x4C, 0x58, 0xD8,
    0x03, 0xEC, 0xA0, 0xC9, 0x9B, 0x1C, 0x57, 0x70, 0x10, 0xB7, 0xD6, 0x97, 0x55, 0x46, 0x21, 0x1B,
    0xD2, 0x27, 0xA9, 0x8B, 0x7E, 0x77, 0x93, 0x29, 0xFE, 0xD3, 0x7C, 0x23, 0xEF, 0xD9, 0x7D, 0x49,
    0x16, 0x3F, 0x25, 0x1A, 0x2E, 0x1E, 0x02, 0xAF, 0x64, 0x45, 0xD8, 0xC1, 0xD9, 0xA4, 0x05, 0xAE,
    0x66, 0xC5, 0x2B, 0x3B, 0xF8, 0xA4, 0x99, 0xE9, 0xB9, 0xAC, 0xB8, 0x77, 0x07, 0x1F, 0x62, 0x8A,
    0xAC, 0xC0, 0x0E, 0x70, 0x07, 0xEA, 0xC8, 0x1F, 0xD1, 0xFD, 0xEA, 0x17, 0x7F, 0x57, 0x69, 0xAB,
    0xF4, 0xF4, 0x86, 0xDE, 0x63, 0xDA, 0xA8, 0x41, 0xEE, 0x71, 0xE3, 0xFC, 0x95, 0x79, 0x02, 0x6F,
    0x0C, 0x0D, 0x09, 0xD1, 0x54, 0x13, 0x35, 0x27, 0x93, 0xDC, 0x7F, 0xDC, 0x07, 0x4E, 0xBF, 0x24,
    0x8E, 0x17, 0xC8, 0x7A, 0x76, 0xDB, 0x79, 0x38, 0xCF, 0x4E, 0x0B, 0x61, 0x97, 0x7F, 0xBB, 0xC5,
    0x7F, 0xF3, 0x6C, 0xF8, 0x1F, 0x06, 0xBC, 0x25, 0xE4, 0x1F, 0x74, 0xD1, 0x9F, 0x0A, 0x79, 0x7C,
    0x30, 0x5F, 0x53, 0x72, 0x60, 0x3E, 0xAD, 0x64, 0x27, 0x4D, 0x95, 0xE4, 0x77, 0x2F, 0x24, 0xFB,
    0xA7, 0x0B, 0xB1, 0xFD, 0x42, 0xD2, 0x6E, 0x26, 0xB9, 0xC7, 0xAB, 0x26, 0x64, 0xAD, 0x38, 0x17,
    0x37, 0xE5, 0x88, 0x3B, 0x1C, 0x8D, 0x42, 0x4C, 0x85, 0x60, 0x54, 0x1F, 0x0D, 0xBB, 0x56, 0xC9,
    0x83, 0x0B, 0x9A, 0x06, 0x47, 0x53, 0x03, 0x27, 0x6F, 0xFB, 0xE6, 0xFE, 0x4B, 0x44, 0x54, 0x59,
    0xA2, 0xE1, 0x41, 0xBA, 0x89, 0xFC, 0x37, 0xA8, 0xE2, 0x08, 0xDD, 0xE1, 0x79, 0x75, 0xC6, 0x6D,
    0x0C, 0x82, 0x07, 0x51, 0x2F, 0xD7, 0x54, 0xFA, 0xB8, 0x93, 0x51, 0xD8, 0x99, 0x30, 0x63, 0x88,
    0x03, 0x9F, 0xBB, 0xAC, 0x33, 0x6D, 0xDA, 0x00, 0xB6, 0x37, 0x8D, 0xF5, 0x33, 0x0E, 0xA9, 0xCF,
    0x2A, 0x20, 0x19, 0x6D, 0x95, 0x73, 0xA3, 0x53, 0x56, 0x38, 0x71, 0x8F, 0x63, 0x04, 0x88, 0x68,
    0x8E, 0x14, 0x00, 0xA0, 0x01, 0x03, 0x63, 0x3D, 0x44, 0x1D, 0x63, 0xD9, 0x9B, 0x65, 0x67, 0xA1,
    0x98, 0x87, 0xA4, 0x61, 0xCC, 0x3A, 0x36, 0xCB, 0x0D, 0x2C, 0x38, 0x64, 0x85, 0xE0, 0x98, 0x33,
    0x20, 0x9B, 0x76, 0x04, 0x73, 0xBA, 0x2C, 0xB8, 0x43, 0x07, 0x82, 0xBB, 0xD4, 0x0B, 0x1E, 0x94,
    0x9D, 0x60, 0xE7, 0xC4, 0x6C, 0x14, 0x9C, 0xEE, 0xB3, 0x42, 0xD6, 0x1C, 0x17, 0x25, 0xF1, 0x8A,
    0xA9, 0xE2, 0x6D, 0xA3, 0xF0, 0xEF, 0x28, 0x9C, 0xDE, 0xE7, 0xE3, 0xAA, 0x25, 0x3E, 0x02, 0xBF,
    0xAB, 0x5F, 0x0E, 0xD2, 0xAC, 0x69, 0xA5, 0x35, 0xAD, 0xDF, 0x49, 0x75, 0x13, 0x9C, 0x4E, 0xCA,
    0xE2, 0x99, 0xAD, 0xC4, 0xA1, 0x3C, 0xD6, 0xEF, 0x6B, 0xC3, 0x83, 0x74, 0x2A, 0xEA, 0x32, 0xF9,
    0x7E, 0xBB, 0xA3, 0x2E, 0x1C, 0x1C, 0xFB, 0xBE, 0x53, 0x39, 0x2E, 0xAB, 0x1A, 0x2A, 0x42, 0x1C,
    0x72, 0x6C, 0xBE, 0x6F, 0xFD, 0x20, 0x9E, 0x3E, 0xD9, 0xA9, 0xE1, 0xB0, 0x3A, 0x22, 0xDF, 0xAF,
    0xC4, 0x91, 0xFC, 0x84, 0x23, 0x83, 0x3A, 0xA2, 0x69, 0xEE, 0xF3, 0xEF, 0x9C, 0x9F, 0xF7, 0xF0,
    0x25, 0xF1, 0xD1, 0x2E, 0x10, 0x73, 0x2F, 0x0B, 0xC3, 0xFC, 0x58, 0x39, 0x22, 0x09, 0x48, 0x3A,
    0x24, 0x32, 0x70, 0x12, 0x8F, 0x1A, 0x88, 0x8A, 0x58, 0xAC, 0xD9, 0x56, 0x8C, 0x55, 0xC0, 0x66,
    0xC7, 0xBB, 0x3E, 0x03, 0x86, 0x52, 0x4A, 0xB6, 0xC3, 0x43, 0xEA, 0xE5, 0x5F, 0x58, 0x41, 0xBA,
    0x29, 0xBB, 0xB3, 0x68, 0x14, 0x35, 0x34, 0x1A, 0xE8, 0xA6, 0xA6, 0xE6, 0x0A, 0xF8, 0xC4, 0xCB,
    0x9A, 0xA0, 0x73, 0xF9, 0x3C, 0xA1, 0x63, 0x0F, 0x5C, 0xD5, 0x7E, 0xF3, 0xD8, 0x9A, 0xBB, 0x43,
    0x19, 0xE9, 0x53, 0x4A, 0x05, 0x50, 0x57, 0xDC, 0xB4, 0x6E, 0x87, 0x27, 0x38, 0x79, 0x1A, 0x2D,
    0x9B, 0x9E, 0xAC, 0x5B, 0x24, 0xE2, 0x2C, 0x2E, 0x52, 0x7B, 0x72, 0xF3, 0x24, 0x1E, 0xA0, 0xD6,
    0x4F, 0x13, 0x7A, 0xE3, 0x73, 0x14, 0x80, 0x7C, 0xD0, 0xE7, 0xB7, 0x6A, 0x59, 0x7F, 0x16, 0xEA,
    0x86, 0x3C, 0x54, 0x22, 0x33, 0x57, 0x32, 0x69, 0x48, 0xAF, 0x0F, 0x81, 0x28, 0x66, 0x7D, 0xD6,
    0x6B, 0x28, 0xAF, 0x98, 0x77, 0xB7, 0xE0, 0x2D, 0x9F, 0x2B, 0x66, 0xC3, 0x5A, 0x5F, 0xD1, 0x85,
    0xD5, 0xBE, 0xB6, 0x57, 0x37, 0xD2, 0x3E, 0x17, 0xEA, 0x0F, 0x7F, 0x95, 0xAB, 0xB1, 0xBF, 0x55,
    0x44, 0x2D, 0xB6, 0x51, 0x76, 0x96, 0xB0, 0xB3, 0x83, 0xA4, 0xB3, 0x2D, 0x76, 0x9C, 0x86, 0xEA,
    0xB6, 0x2B, 0xD0, 0xA5, 0x05, 0xAE, 0xBB, 0x9B, 0x08, 0x69, 0x95, 0x8C, 0x3C, 0x29, 0xA5, 0x44,
    0x82, 0xC9, 0x31, 0xE4, 0x87, 0xCD, 0xB6, 0xE6, 0x5C, 0xBE, 0xBC, 0xDF, 0x7C, 0xEF, 0xDD, 0xF3,
    0x21, 0xFD, 0xEE, 0x73, 0xA3, 0x2B, 0x10, 0xD2, 0x02, 0xE3, 0x62, 0xF7, 0xF2, 0x0E, 0xE2, 0xCE,
    0x36, 0xD8, 0xD9, 0xE6, 0xBE, 0x4F, 0xD8, 0xB9, 0x2F, 0xA6, 0x26, 0xA6, 0xE6, 0x43, 0xB2, 0x19,
    0xCB, 0x7B, 0x9D, 0x0C, 0x13, 0x49, 0x37, 0xE2, 0xB7, 0x26, 0xB1, 0xBA, 0x31, 0xA4, 0xFD, 0x4A,
    0x47, 0xC1, 0x23, 0xDD, 0x16, 0xDC, 0xE8, 0x76, 0x02, 0x7F, 0xA9, 0x7E, 0xFD, 0x7A, 0x1E, 0x16,
    0xBB, 0xC1, 0x4C, 0x7A, 0x9E, 0x62, 0x62, 0x24, 0x2F, 0x7E, 0xB0, 0x13, 0xAE, 0x83, 0xF8, 0x68,
    0xA9, 0x88, 0xEA, 0x8E, 0x7D, 0xE3, 0x4C, 0xA9, 0x9B, 0xC4, 0x1E, 0xB7, 0x3D, 0xFD, 0x68, 0x14,
    0x52, 0x85, 0xEC, 0xEB, 0x1F, 0x7D, 0x91, 0xCD, 0x4B, 0x15, 0x89, 0x18, 0xAF, 0xD0, 0x02, 0x0F,
    0xBC, 0x10, 0x31, 0xF0, 0xC7, 0x0A, 0x59, 0xA3, 0xE0, 0x05, 0xF2, 0x4A, 0xC0, 0xAD, 0x9B, 0x4E,
    0x48, 0x76, 0x38, 0x9E, 0xA1, 0x1E, 0xD3, 0x96, 0xA6, 0xA9, 0xD0, 0xE1, 0x15, 0xB4, 0xA5, 0x01,
    0xC0, 0x8B, 0xA8, 0xA7, 0x75, 0x13, 0xB6, 0x79, 0x20, 0x71, 0x1D, 0x1B, 0xB8, 0x33, 0x14, 0x27,
    0x00, 0xC7, 0x41, 0x8C, 0xC9, 0x30, 0xAC, 0x2B, 0x98, 0x41, 0xEE, 0x1B, 0x9B, 0x0E, 0xFF, 0x68,
    0x86, 0x54, 0x9F, 0xA5, 0xCB, 0xBC, 0x80, 0xD3, 0xC1, 0xD5, 0x33, 0x1C, 0x5E, 0x6B, 0x64, 0xBC,
    0xF6, 0x58, 0x0F, 0xF5, 0x97, 0x67, 0xED, 0x1D, 0x6A, 0x64, 0x59, 0x19, 0x60, 0xDF, 0xE7, 0xFF,
    0xEC, 0x97, 0xFF, 0xCF, 0x31, 0x18, 0xED, 0xEF, 0xEF, 0xF1, 0x82, 0x29, 0x26, 0x6A, 0xB7, 0x68,
    0x2C, 0x90, 0x73, 0x96, 0x09, 0x40, 0xD6, 0x69, 0x4C, 0xE5, 0x8D, 0x0A, 0xEC, 0x0A, 0xC5, 0x11,
    0x82, 0x71, 0xAF, 0x98, 0xB6, 0x8A, 0x59, 0xA5, 0x58, 0x42, 0x30, 0x1A, 0x14, 0x4D, 0x50, 0xB4,
    0x5E, 0xD1, 0x2D, 0x58, 0x07, 0xC1, 0xFF, 0x45, 0xBD, 0xE0, 0x8F, 0x68, 0x14, 0xA4, 0xAF, 0x91,
    0xE0, 0x64, 0xC8, 0x33, 0xF6, 0x72, 0x8A, 0xD9, 0x8F, 0xBA, 0x53, 0xFB, 0x6E, 0x50, 0xCC, 0x26,
    0xC5, 0x94, 0x0A, 0x41, 0x73, 0xB4, 0xE0, 0x0F, 0x8A, 0xE5, 0x32, 0x26, 0xDC, 0x28, 0x28, 0xF1,
    0x47, 0x32, 0x7E, 0x5B, 0x47, 0xB2, 0x6A, 0x9C, 0x4A, 0x46, 0x3C, 0x38, 0xE9, 0x5E, 0x57, 0x8F,
    0x72, 0x52, 0x8C, 0x24, 0xD4, 0x24, 0xE3, 0xA7, 0x8D, 0x92, 0xC6, 0xB4, 0x4B, 0xF8, 0x08, 0xD1,
    0xBF, 0x9C, 0xFC, 0x4E, 0x44, 0xB5, 0x3F, 0x69, 0x47, 0x57, 0xB0, 0x9B, 0x24, 0x2B, 0xBD, 0x5B,
    0xC8, 0x65, 0x5A, 0xC8, 0x40, 0x85, 0x92, 0x9E, 0x2A, 0xC1, 0xB8, 0x2B, 0xD7, 0xD6, 0x9D, 0x5A,
    0x4E, 0x5A, 0x17, 0x96, 0x69, 0x35, 0x53, 0x62, 0xBD, 0xED, 0xB5, 0x85, 0x22, 0x1D, 0xD4, 0x30,
    0x12, 0x6D, 0x63, 0x07, 0x66, 0x5A, 0xC2, 0x3E, 0x26, 0x21, 0x03, 0x22, 0x69, 0x83, 0x23, 0x4B,
    0x3A, 0x16, 0xCF, 0x73, 0x95, 0xF8, 0x2A, 0x93, 0x52, 0xC3, 0x2D, 0x30, 0x09, 0x62, 0x18, 0xC8,
    0x85, 0x54, 0x80, 0xB4, 0xC1, 0x69, 0xDE, 0x8A, 0xF0, 0x80, 0xB6, 0x71, 0x05, 0xD0, 0x36, 0xAE,
    0x8B, 0x09, 0x69, 0x41, 0xC7, 0x7B, 0xAC, 0xC4, 0x23, 0x21, 0x88, 0xDA, 0x20, 0x1A, 0x64, 0xD4,
    0x17, 0x47, 0xE4, 0xB6, 0x5B, 0x83, 0x37, 0xFE, 0x99, 0x90, 0xDF, 0x5F, 0xAA, 0x23, 0xD9, 0x03,
    0xEE, 0xE1, 0x56, 0x71, 0x89, 0x5F, 0xB6, 0x01, 0xE2, 0xEA, 0x14, 0xA2, 0xD6, 0x06, 0xE0, 0x6E,
    0x9C, 0x86, 0xF1, 0xCC, 0x9E, 0x47, 0x0A, 0x8B, 0x99, 0x45, 0x7E, 0xC6, 0xC7, 0x98, 0x19, 0xCC,
    0x6C, 0x97, 0xD9, 0x87, 0x81, 0x87, 0x31, 0x70, 0xA4, 0xDF, 0xCF, 0x73, 0xB9, 0xDC, 0x59, 0xFE,
    0x2D, 0x60, 0x37, 0x09, 0x1C, 0xCB, 0x67, 0x80, 0xDE, 0xB6, 0xEC, 0xFE, 0x19, 0x9E, 0xD4, 0x9B,
    0x28, 0x30, 0x4B, 0x5B, 0xE7, 0x93, 0x82, 0x59, 0x5E, 0xD5, 0x7F, 0xD6, 0x03, 0xB8, 0x3F, 0x9A,
    0x40, 0xFF, 0xF6, 0x33, 0xEC, 0xD3, 0xB5, 0x2E, 0x26, 0xC8, 0x89, 0x3E, 0xCF, 0x5D, 0x4E, 0xC2,
    0x3A, 0x1E, 0x93, 0x5E, 0x98, 0x1D, 0x90, 0x0C, 0xC2, 0x72, 0x61, 0x5B, 0x7B, 0x9C, 0x70, 0x59,
    0xAF, 0x5C, 0xEE, 0xDD, 0xFF, 0x56, 0x3A, 0x48, 0x54, 0x52, 0xD3, 0xDA, 0x01, 0xD4, 0x23, 0xA6,
    0xD7, 0x8B, 0xAC, 0x07, 0x75, 0x30, 0x74, 0x9A, 0x25, 0xA7, 0x3D, 0xD8, 0xF1, 0x21, 0x0E, 0xDF,
    0x57, 0x38, 0xA9, 0x3F, 0x02, 0xF2, 0x78, 0x9E, 0xB3, 0xEA, 0x99, 0x88, 0xD8, 0xA9, 0x88, 0x8A,
    0x33, 0x66, 0x00, 0x1E, 0x42, 0xDA, 0xE3, 0xE3, 0xB6, 0x05, 0xCC, 0x0B, 0x75, 0x85, 0x7B, 0x6E,
    0x48, 0x1A, 0x2D, 0x80, 0xE8, 0x1C, 0x4E, 0x1C, 0xD1, 0x2B, 0x02, 0x3C, 0x96, 0xD7, 0x7B, 0x71,
    0x1F, 0xCA, 0xBF, 0xA6, 0xD7, 0x6C, 0x0C, 0x01, 0xE6, 0x47, 0x13, 0xFF, 0x35, 0x7F, 0x7A, 0x42,
    0xD9, 0x44, 0x83, 0x21, 0xDC, 0x07, 0xD3, 0xCD, 0x00, 0xA4, 0x41, 0xA6, 0x10, 0xDB, 0x4A, 0xD2,
    0xD3, 0x27, 0xFD, 0x58, 0x42, 0xD2, 0x44, 0x55, 0xDF, 0x11, 0x0A, 0x81, 0x09, 0x0C, 0xA6, 0x67,
    0x68, 0xF2, 0x86, 0xA1, 0x7D, 0x09, 0x0C, 0x01, 0x02, 0xDD, 0xA2, 0x92, 0x80, 0x9D, 0x8E, 0x3F,
    0xBA, 0x66, 0xA8, 0x51, 0x5F, 0xB9, 0xF6, 0x23, 0xF2, 0xA0, 0x6E, 0x1C, 0x90, 0xD1, 0x54, 0xE4,
    0x85, 0x84, 0x28, 0x57, 0xAA, 0x8F, 0x22, 0x16, 0x90, 0xC1, 0x2B, 0xE5, 0xD7, 0xB9, 0x8C, 0xF5,
    0xA3, 0xFC, 0x8D, 0x0B, 0x83, 0xE6, 0xDD, 0xB2, 0x80, 0x09, 0x40, 0x2A, 0x99, 0x96, 0xA9, 0x65,
    0xE8, 0x91, 0x33, 0x0C, 0x70, 0x0C, 0x23, 0x4A, 0x86, 0x69, 0x9D, 0xEC, 0x6B, 0xE2, 0xE3, 0x08,
    0x74, 0x90, 0x9F, 0x84, 0x52, 0xC1, 0x29, 0xE4, 0x0A, 0x19, 0xC3, 0x37, 0xA5, 0xA1, 0x28, 0x48,
    0xB3, 0x89, 0x07, 0x46, 0x1D, 0x40, 0xEE, 0xE6, 0xD6, 0xA8, 0x4E, 0xCB, 0x97, 0x9F, 0xFB, 0x31,
    0x8E, 0x1E, 0xA9, 0x88, 0x0F, 0x3B, 0x4E, 0xB4, 0xBB, 0x7C, 0x82, 0x77, 0x39, 0xA2, 0x06, 0x16,
    0x67, 0x40, 0xDD, 0x99, 0x3E, 0xA6, 0x90, 0x84, 0x84, 0x9A, 0xCC, 0x5B, 0xF2, 0x25, 0x7E, 0x9B,
    0x9E, 0xEA, 0xF1, 0x87, 0x94, 0x57, 0xF7, 0x5B, 0xBA, 0x89, 0x33, 0x76, 0x00, 0x38, 0x0F, 0x18,
    0xCC, 0xC5, 0xDD, 0x48, 0x3A, 0x3C, 0x8F, 0xB9, 0x4E, 0x05, 0x5C, 0xFF, 0x3D, 0x35, 0x7E, 0x4C,
    0xA1, 0x68, 0xBD, 0x20, 0x15, 0x35, 0xBA, 0xC2, 0x3B, 0x03, 0xC9, 0x0F, 0x1F, 0x17, 0x09, 0x1E,
    0xF9, 0x08, 0x90, 0x0E, 0x68, 0x67, 0xB0, 0x7D, 0xEC, 0x19, 0x3A, 0x53, 0x30, 0x04, 0x83, 0xFB,
    0x15, 0xCE, 0x30, 0xC4, 0x55, 0x03, 0x8E, 0xFE, 0x1B, 0xEC, 0x79, 0xA7, 0x23, 0x78, 0xFA, 0xA6,
    0x5C, 0x05, 0x7F, 0x58, 0x9E, 0x49, 0x0B, 0xD1, 0x4B, 0xD0, 0x34, 0x23, 0x6A, 0xEA, 0x1E, 0x43,
    0x20, 0xEF, 0xB1, 0xA5, 0xF3, 0xCA, 0xF6, 0x69, 0xD1, 0x30, 0xC4, 0xB2, 0x48, 0xF1, 0x51, 0x81,
    0xDA, 0x27, 0x45, 0x54, 0xCD, 0x90, 0x82, 0xDF, 0x55, 0xA7, 0x11, 0x17, 0x28, 0xAB, 0xBB, 0x60,
    0x00, 0x37, 0xC3, 0xD6, 0x0C, 0xFE, 0x2E, 0xB0, 0x43, 0x1E, 0xEC, 0x49, 0xD2, 0x20, 0xF2, 0x32,
    0xA9, 0x3F, 0x2C, 0xB6, 0xF7, 0x5B, 0x9C, 0xBC, 0x60, 0xF9, 0xD1, 0x95, 0x3E, 0xC8, 0x4B, 0xCE,
    0x53, 0x60, 0xA1, 0x4F, 0xD5, 0xF4, 0xC2, 0xEF, 0xE9, 0xE4, 0x9F, 0xE8, 0x02, 0xA4, 0x05, 0xF4,
    0x96, 0x88, 0x29, 0x3E, 0x04, 0xC8, 0xD3, 0x48, 0x77, 0x73, 0x2B, 0xF7, 0xCA, 0x83, 0x21, 0x33,
    0xC7, 0x55, 0x66, 0x7B, 0xB8, 0x07, 0xC6, 0x33, 0xF3, 0x33, 0xB3, 0x00, 0xD8, 0xBF, 0x0C, 0x3B,
    0xCC, 0x0C, 0x66, 0x1C, 0x44, 0xE9, 0x99, 0xC5, 0xC2, 0xEE, 0x02, 0x46, 0xCD, 0x0C, 0x1F, 0x46,
    0x34, 0xD8, 0xEE, 0x94, 0x30, 0xD3, 0xE5, 0x21, 0x97, 0xEF, 0xD9, 0xD6, 0x85, 0x92, 0xAD, 0xC0,
    0x55, 0x75, 0x3B, 0x32, 0xFB, 0xD2, 0x08, 0xFA, 0x56, 0x27, 0x82, 0xEE, 0xC5, 0xF4, 0xBD, 0x66,
    0xF5, 0xFE, 0x2D, 0x2F, 0x24, 0xFD, 0x03, 0x4A, 0x94, 0x7D, 0xD1, 0x92, 0xAD, 0x58, 0xFD, 0xC8,
    0xE7, 0x63, 0x26, 0xD9, 0x39, 0x86, 0x1B, 0x1C, 0x74, 0xBE, 0xAB, 0xBB, 0x7F, 0x7D, 0xFB, 0x53,
    0x2A, 0x52, 0x73, 0xE7, 0xDC, 0x9D, 0x9F, 0x52, 0xE9, 0xDF, 0xF7, 0x29, 0x15, 0xDC, 0xE9, 0x29,
    0x15, 0xD9, 0xBD, 0x01, 0xB0, 0x4B, 0x36, 0x7F, 0x86, 0x6E, 0xAE, 0xCB, 0x24, 0x01, 0x88, 0x3C,
    0xBF, 0x06, 0xA8, 0x89, 0x8E, 0xC1, 0xF9, 0xF3, 0x9F, 0xFF, 0x55, 0xAC, 0x6C, 0x2B, 0xEC, 0x9C,
    0x00, 0xB7, 0x40, 0xA5, 0xF0, 0xCE, 0x6C, 0xBA, 0x81, 0x23, 0x3E, 0x8A, 0x05, 0x70, 0xE7, 0xE3,
    0x1E, 0x68, 0x48, 0xE8, 0x71, 0x56, 0x02, 0x71, 0x39, 0x38, 0xF0, 0x1F, 0xA8, 0xD6, 0x77, 0x5B,
    0xCF, 0x03, 0x2F, 0x0B, 0x13, 0x71, 0x03, 0xE2, 0x7F, 0x8E, 0xF5, 0xF8, 0xFB, 0x0D, 0xEE, 0x3A,
    0x8B, 0xF5, 0xF8, 0xB6, 0xC7, 0x23, 0xDD, 0xC2, 0x61, 0x6C, 0x81, 0x7F, 0x17, 0x98, 0x49, 0x18,
    0x39, 0xC4, 0x5F, 0x3B, 0x6A, 0xE0, 0xE3, 0x57, 0xB0, 0x95, 0xFB, 0xF5, 0xDD, 0x17, 0x06, 0xDC,
    0x5F, 0x62, 0x3D, 0x5E, 0xEB, 0x71, 0x66, 0x3A, 0x32, 0x92, 0x04, 0xBC, 0x3E, 0x08, 0x95, 0x27,
    0x68, 0x43, 0xFC, 0xE9, 0xFE, 0xC8, 0x48, 0xDE, 0x6C, 0x65, 0x47, 0x0D, 0x3C, 0xEF, 0xFC, 0x47,
    0x36, 0x0F, 0xAD, 0x7A, 0xAA, 0x1E, 0xA9, 0xD7, 0x06, 0xE2, 0x27, 0x09, 0x5F, 0xA0, 0x6A, 0xED,
    0x8E, 0x99, 0xF0, 0x1A, 0x15, 0x6B, 0x77, 0x92, 0x31, 0x7E, 0x9A, 0x94, 0x83, 0x13, 0xD1, 0xD6,
    0xE6, 0xCA, 0xE5, 0x5E, 0xD6, 0x7F, 0xC4, 0x0E, 0xAB, 0x26, 0x55, 0x1E, 0x1E, 0xC9, 0x3B, 0x2C,
    0xCF, 0x67, 0xC2, 0xB5, 0x67, 0x5C, 0x80, 0x6E, 0xF6, 0xEE, 0x46, 0xD9, 0x54, 0x92, 0x4A, 0xDD,
    0xC4, 0x81, 0x58, 0x7F, 0xAB, 0x92, 0xC6, 0xDD, 0xC0, 0x93, 0x3B, 0x7D, 0x05, 0xE4, 0xEF, 0xD2,
    0xF9, 0xC2, 0x83, 0xFE, 0x31, 0xA8, 0xB8, 0x1F, 0xD8, 0x2E, 0x60, 0x00, 0xBA, 0x1F, 0xC4, 0x49,
    0xE0, 0x09, 0x36, 0x02, 0x3A, 0x03, 0x82, 0x07, 0x1E, 0xE2, 0x6A, 0x98, 0x1A, 0x5C, 0x37, 0x00,
    0x52, 0xC4, 0x5E, 0x96, 0xE7, 0x97, 0x1F, 0x02, 0x10, 0xBF, 0xF1, 0x7B, 0xBA, 0x70, 0xD9, 0xB9,
    0xBA, 0x4E, 0x97, 0xB8, 0x0F, 0x92, 0x16, 0xE4, 0xBD, 0x6E, 0x81, 0x1B, 0x49, 0x60, 0x8F, 0xCB,
    0x13, 0xE1, 0x9F, 0x04, 0x52, 0xC2, 0x5C, 0xE6, 0x23, 0x97, 0x75, 0x8F, 0xB3, 0x88, 0x29, 0xE0,
    0x09, 0x59, 0xD6, 0x7C, 0x51, 0x2E, 0xF6, 0x86, 0x39, 0x23, 0x17, 0x51, 0x33, 0xA7, 0x64, 0x98,
    0x6F, 0x15, 0x76, 0x44, 0xF2, 0x34, 0xEC, 0x80, 0x8B, 0x1F, 0x81, 0xED, 0xCD, 0xF0, 0x3C, 0x6C,
    0x97, 0xBC, 0xEB, 0x91, 0x74, 0xE6, 0x10, 0x30, 0x5D, 0x2A, 0xB7, 0x16, 0x2F, 0x69, 0xDE, 0xD7,
    0xF6, 0xA3, 0x8A, 0x43, 0xC8, 0x78, 0xEC, 0xF2, 0x17, 0x50, 0xB3, 0x13, 0x37, 0xEB, 0x6A, 0x2E,
    0x87, 0xB2, 0x91, 0xB2, 0x83, 0xA1, 0x81, 0x15, 0xB9, 0x36, 0x58, 0x02, 0x1E, 0xBE, 0x2F, 0x21,
    0x8F, 0xB3, 0x72, 0x75, 0xF1, 0x55, 0xF1, 0x2A, 0x00, 0x34, 0xC5, 0x2D, 0xE2, 0xB7, 0xE8, 0x69,
    0x0F, 0xF3, 0x3A, 0x7D, 0xAF, 0x82, 0xAD, 0x88, 0x38, 0x3D, 0xB9, 0xB9, 0xCC, 0x91, 0xCD, 0xA5,
    0x03, 0xD7, 0x73, 0xF2, 0xB4, 0x92, 0x2B, 0xB8, 0x5E, 0xEE, 0xB9, 0x67, 0x79, 0x03, 0x4B, 0x45,
    0x16, 0x60, 0x48, 0x16, 0x55, 0x14, 0xE4, 0x89, 0xC3, 0x2E, 0x1D, 0xD6, 0x7D, 0x5E, 0xD2, 0xD7,
    0x03, 0x27, 0x9B, 0xBA, 0x07, 0xA0, 0x71, 0x53, 0x7C, 0x58, 0x40, 0x9F, 0xEE, 0xCB, 0x0B, 0x29,
    0x89, 0xA8, 0x92, 0x32, 0x48, 0xD9, 0x23, 0x93, 0xE9, 0x3A, 0x95, 0x52, 0xB7, 0x3F, 0x9B, 0xAD,
    0xD8, 0xF6, 0xAF, 0x54, 0x9E, 0xFD, 0x85, 0xE5, 0xAB, 0xD2, 0x22, 0xB5, 0xB9, 0x94, 0xEE, 0x58,
    0x59, 0x4A, 0x89, 0x2F, 0x60, 0xFD, 0xA9, 0x98, 0x38, 0x44, 0x54, 0x70, 0xE1, 0x97, 0xA2, 0xE6,
    0x22, 0xE7, 0x02, 0xE9, 0xAF, 0xA7, 0x68, 0xF4, 0xA9, 0x67, 0x56, 0x93, 0x97, 0x30, 0x3D, 0x72,
    0xEA, 0x07, 0x38, 0x0A, 0x57, 0xE6, 0xA2, 0x75, 0x28, 0xC9, 0x67, 0xE0, 0x35, 0x19, 0x1E, 0x81,
    0xE6, 0xE4, 0x4D, 0x57, 0xC5, 0xE5, 0xE3, 0x65, 0xE1, 0xA4, 0x94, 0x2E, 0xCA, 0xE0, 0xD4, 0xF9,
    0x55, 0xCB, 0xE6, 0xD6, 0x32, 0xF9, 0xC5, 0x65, 0xFB, 0xD7, 0x2C, 0xC3, 0x6D, 0x65, 0x75, 0x94,
    0xF3, 0x74, 0x5E, 0x07, 0x8D, 0x1C, 0x86, 0xF2, 0x12, 0xEE, 0x7A, 0x20, 0x3A, 0x99, 0x43, 0x3F,
    0xB1, 0xFF, 0x0D, 0x38, 0x9A, 0xE4, 0x25, 0x8B, 0x91, 0x7A, 0x02, 0xCA, 0x5F, 0xFD, 0x25, 0xF5,
    0x89, 0x64, 0x7E, 0x77, 0x44, 0x23, 0xBF, 0x00, 0x3C, 0xB0, 0xBF, 0x87, 0xCD, 0xCC, 0x4F, 0xCB,
    0x9B, 0x98, 0x85, 0x1B, 0x95, 0x5B, 0xE6, 0xE4, 0x37, 0x42, 0x53, 0x07, 0xA4, 0x45, 0x44, 0xF4,
    0x47, 0xE7, 0x9F, 0xA3, 0x01, 0xB0, 0x85, 0x91, 0x7A, 0x19, 0x31, 0x4F, 0x35, 0x75, 0x52, 0x35,
    0x73, 0xDB, 0x08, 0xCF, 0x3D, 0x1C, 0xF2, 0x0A, 0xD0, 0xF3, 0x5C, 0xC3, 0x09, 0x85, 0x09, 0xC9,
    0x84, 0x1D, 0xE5, 0xF1, 0xCF, 0xEA, 0x01, 0x97, 0x95, 0x47, 0x3C, 0x20, 0x76, 0x95, 0x83, 0xA8,
    0x3D, 0xC6, 0xAB, 0x0D, 0xEF, 0xB1, 0xF2, 0xE8, 0xB0, 0x58, 0x23, 0x01, 0x71, 0x00, 0x36, 0xF6,
    0x99, 0x17, 0x38, 0x3A, 0x37, 0x99, 0x17, 0x2E, 0x6E, 0xD9, 0x4E, 0x78, 0xE9, 0xF5, 0x91, 0x04,
    0x2E, 0x89, 0xCB, 0x98, 0x66, 0x6B, 0xA7, 0xEA, 0x49, 0x1B, 0x91, 0x63, 0x10, 0xEE, 0x84, 0xB7,
    0x6A, 0xED, 0xF8, 0xA4, 0x57, 0xAB, 0x24, 0x9B, 0x47, 0xF6, 0x4E, 0x1E, 0x7A, 0x97, 0xA9, 0xC2,
    0xD5, 0x59, 0xEB, 0x78, 0xBF, 0xC8, 0x89, 0x7C, 0xDC, 0xE1, 0xC1, 0x29, 0x9E, 0x60, 0x82, 0x91,
    0xA5, 0xFF, 0x80, 0x6E, 0xE6, 0x91, 0x4F, 0x0E, 0x80, 0xEB, 0x51, 0xCB, 0x8E, 0x17, 0x76, 0x07,
    0x70, 0xC6, 0x33, 0xC7, 0xDD, 0x0E, 0xB0, 0x7F, 0x06, 0xE1, 0x9F, 0xCC, 0x0A, 0xD9, 0x56, 0x9A,
    0x77, 0x3E, 0x8B, 0x27, 0x6C, 0x05, 0xAE, 0x6F, 0x68, 0xC2, 0xF3, 0xA9, 0x47, 0x3C, 0xE8, 0x77,
    0xDE, 0xB9, 0xD0, 0x20, 0x99, 0x84, 0xEB, 0xF3, 0x38, 0x79, 0xC1, 0x3C, 0xE6, 0x86, 0xB7, 0xAD,
    0xD8, 0x34, 0x15, 0x7A, 0xBC, 0x9A, 0x48, 0x5B, 0x69, 0x81, 0x21, 0x0A, 0x71, 0x87, 0xA4, 0x43,
    0x56, 0x61, 0x4A, 0xDA, 0x78, 0x84, 0xA3, 0xAA, 0xEE, 0x52, 0xA2, 0x81, 0x33, 0xF7, 0xB1, 0x23,
    0xDA, 0xD7, 0xA3, 0xCA, 0x48, 0x0F, 0x5F, 0x0B, 0x48, 0x42, 0x33, 0x4D, 0x14, 0xB6, 0xF5, 0x47,
    0xBF, 0xB1, 0x90, 0xED, 0xD4, 0x1B, 0xB9, 0x31, 0xBA, 0x6B, 0x2B, 0xD3, 0x1C, 0x30, 0x91, 0x47,
    0x52, 0x38, 0x03, 0xD9, 0x22, 0xF5, 0xAC, 0x5B, 0x9F, 0xC1, 0xCA, 0xF3, 0x3D, 0x5D, 0xAE, 0xCF,
    0x55, 0x44, 0x61, 0x07, 0xF6, 0xA9, 0x16, 0x60, 0x1B, 0x99, 0x61, 0xD2, 0x9E, 0x65, 0xE3, 0x3C,
    0x60, 0x77, 0xD9, 0x38, 0x93, 0x03, 0x36, 0x0E, 0xB0, 0xB1, 0xD9, 0x38, 0xC0, 0xC6, 0x84, 0xB0,
    0xB1, 0x03, 0x21, 0x4F, 0xCD, 0x24, 0xFD, 0x61, 0x01, 0x1B, 0xB7, 0x38, 0x30, 0x54, 0x88, 0xB1,
    0xCB, 0xC8, 0x80, 0xFC, 0xF3, 0x0D, 0x5C, 0x31, 0x13, 0x47, 0x1E, 0x96, 0x26, 0x25, 0xF1, 0xF1,
    0xDF, 0xA2, 0xCB, 0x8F, 0x13, 0xF0, 0xF7, 0x4A, 0xEE, 0xFE, 0xAE, 0x7B, 0xB9, 0x05, 0x06, 0x79,
    0xFC, 0xA3, 0xB3, 0xBE, 0x47, 0x1C, 0x92, 0xD9, 0x01, 0xD3, 0x9A, 0xB0, 0x83, 0xA4, 0x89, 0x42,
    0xCE, 0x59, 0xAC, 0xE7, 0x9B, 0xBB, 0xD8, 0x4D, 0x7D, 0x26, 0x57, 0xDA, 0x73, 0x20, 0x13, 0x15,
    0x6C, 0xD5, 0xED, 0xB2, 0xA3, 0x07, 0x7C, 0xAA, 0xDA, 0x6D, 0xE9, 0x61, 0x1E, 0xA4, 0xE7, 0x8D,
    0xDC, 0x2B, 0xF6, 0xAC, 0x14, 0x7B, 0x8C, 0xDC, 0x16, 0x00, 0xEC, 0x33, 0x32, 0x54, 0x6E, 0x6C,
    0x7E, 0x17, 0x10, 0x4B, 0x09, 0xDD, 0x9B, 0x06, 0xF9, 0x4B, 0x7B, 0x2C, 0x8D, 0xF9, 0xCD, 0xA5,
    0xBA, 0x54, 0x4A, 0x31, 0x06, 0x31, 0xB6, 0x96, 0x62, 0x20, 0x03, 0xF7, 0x6B, 0x3E, 0x0A, 0x39,
    0x6B, 0xD5, 0x7C, 0xFF, 0x7C, 0xE6, 0xFA, 0x18, 0xCF, 0x07, 0xB9, 0xBC, 0xFD, 0x11, 0x23, 0xE9,
    0x05, 0xFF, 0x74, 0x84, 0x8F, 0x81, 0xFB, 0xF1, 0xF2, 0xE6, 0xA7, 0x23, 0x7F, 0x1B, 0xE1, 0xCE,
    0x3F, 0x1D, 0xF9, 0x84, 0x74, 0xF3, 0x45, 0x4D, 0xBC, 0xFD, 0x02, 0x2E, 0xEA, 0x8E, 0xDD, 0x52,
    0x49, 0x1B, 0xDD, 0x57, 0xE9, 0xD3, 0xC0, 0xD1, 0x72, 0xC7, 0xEA, 0x40, 0x67, 0x23, 0x17, 0x07,
    0x86, 0xAC, 0x18, 0xA4, 0x86, 0x97, 0x14, 0x6B, 0x5A, 0xC7, 0x10, 0x75, 0x1A, 0x26, 0x43, 0xDA,
    0x1C, 0xBB, 0x87, 0x93, 0x3F, 0xD9, 0xEB, 0x57, 0x0F, 0x34, 0x6F, 0x3A, 0x4D, 0xAB, 0x59, 0xC1,
    0x38, 0xA8, 0xF1, 0xCB, 0x0A, 0xAE, 0x3C, 0xBE, 0x61, 0x4D, 0x3B, 0x81, 0x35, 0xE9, 0x57, 0x02,
    0x37, 0xB0, 0x09, 0x5F, 0x9D, 0x0E, 0x35, 0x0D, 0x6F, 0xB2, 0xB4, 0x56, 0x36, 0x27, 0x2A, 0xBB,
    0x4A, 0xA0, 0x96, 0x53, 0x1C, 0x13, 0x1F, 0x63, 0xA2, 0xA0, 0x95, 0xB7, 0x4B, 0x08, 0x4C, 0xE7,
    0xF9, 0xB8, 0x4C, 0xFA, 0xD9, 0x02, 0x9B, 0x5C, 0x4C, 0x7B, 0x9A, 0x9E, 0xA7, 0x25, 0x95, 0x37,
    0xA0, 0x77, 0xE7, 0x49, 0xAB, 0x07, 0x15, 0x32, 0x29, 0x32, 0x24, 0x54, 0x30, 0x44, 0xE4, 0x19,
    0x50, 0x36, 0x02, 0x2E, 0x08, 0x64, 0x9D, 0x80, 0xED, 0x05, 0xD2, 0x41, 0x20, 0x51, 0x30, 0x83,
    0xB4, 0x65, 0xC6, 0x93, 0xF0, 0xEC, 0xFE, 0x37, 0x18, 0x7E, 0xE9, 0x6F, 0x7B, 0xD6, 0x2B, 0x92,
    0x41, 0xC0, 0x29, 0xD4, 0xCD, 0xB1, 0x6B, 0xE7, 0x29, 0xE1, 0x9E, 0xE5, 0x97, 0x90, 0x87, 0xC5,
    0x05, 0x0A, 0x3A, 0x05, 0x55, 0x02, 0xA3, 0xF6, 0xAF, 0x5A, 0x9E, 0x73, 0x07, 0x24, 0x4C, 0x24,
    0x3A, 0x36, 0x05, 0xDB, 0xF8, 0xA0, 0x15, 0x5B, 0x2F, 0x7E, 0x90, 0x1C, 0x9A, 0x45, 0xBB, 0xD6,
    0xDF, 0xA6, 0x5A, 0xFC, 0xD2, 0x72, 0xDA, 0x7E, 0xFD, 0x90, 0x8C, 0x02, 0x96, 0x04, 0x32, 0x2A,
    0x18, 0x1C, 0x79, 0x86, 0xFA, 0x5A, 0xCB, 0x40, 0xB2, 0x0C, 0x8E, 0x27, 0x71, 0xD1, 0x0C, 0x66,
    0x10, 0x4F, 0xE3, 0x49, 0x83, 0x65, 0x79, 0x56, 0xB9, 0xF6, 0x40, 0xE9, 0x99, 0xF1, 0x5F, 0x72,
    0x9E, 0xE8, 0x65, 0x4D, 0xA3, 0xBF, 0xED, 0x93, 0x18, 0x33, 0x13, 0xFF, 0x81, 0x3F, 0x90, 0xC9,
    0x86, 0x2A, 0xD7, 0xE8, 0x03, 0xB7, 0xCB, 0xED, 0x87, 0x88, 0x23, 0x66, 0x5D, 0xEC, 0x35, 0x80,
    0x79, 0x77, 0xDA, 0xAF, 0x47, 0x9D, 0x5A, 0xA3, 0xBA, 0x90, 0x99, 0x15, 0x79, 0x23, 0x13, 0x2B,
    0x9B, 0xB0, 0x55, 0x90, 0x95, 0xAA, 0x7D, 0x72, 0xC6, 0xB3, 0x83, 0x4C, 0xAF, 0xD8, 0x3D, 0xD0,
    0x19, 0xFA, 0xE0, 0xB2, 0x4E, 0xD0, 0xFD, 0x8E, 0xCE, 0xCF, 0xDD, 0x8E, 0x4E, 0xCF, 0xFC, 0xB4,
    0x45, 0x5A, 0x21, 0x0A, 0x8E, 0x67, 0x7E, 0xC4, 0xED, 0x0E, 0x24, 0xDD, 0xCD, 0xD8, 0x67, 0xDC,
    0xD6, 0x0E, 0xBA, 0x7C, 0x46, 0x7F, 0x99, 0x67, 0x7D, 0x24, 0xFE, 0xBA, 0xAC, 0x20, 0xD2, 0x6A,
    0xE0, 0x39, 0x1F, 0xB6, 0xEA, 0x65, 0xFD, 0x60, 0x9F, 0xEA, 0xD8, 0x2D, 0x64, 0x26, 0x88, 0x5B,
    0x59, 0xDA, 0x8A, 0x5B, 0x8F, 0x59, 0x2F, 0x6B, 0x87, 0x6D, 0x57, 0x88, 0x5B, 0xDB, 0x93, 0x4C,
    0xF6, 0x28, 0x7B, 0x75, 0xAB, 0x6E, 0xC5, 0xAD, 0x2D, 0x2A, 0xE0, 0x2E, 0xBC, 0xF1, 0xB9, 0xBA,
    0xC7, 0x3A, 0x88, 0x04, 0xB9, 0xFB, 0xCB, 0x89, 0x68, 0x70, 0xEC, 0x4C, 0x60, 0xE7, 0x9A, 0xE2,
    0x59, 0x5B, 0x09, 0xEE, 0x2A, 0xB2, 0xEF, 0x82, 0x7D, 0x26, 0x20, 0xBE, 0x43, 0x56, 0x2C, 0x82,
    0xE2, 0x3B, 0xF2, 0x43, 0xF1, 0x3D, 0x26, 0xFA, 0x8A, 0xF8, 0x3E, 0x5D, 0xFC, 0x01, 0xFB, 0xEE,
    0x0E, 0xA2, 0x9F, 0xB3, 0xEF, 0x23, 0x3F, 0x5D, 0xDF, 0x21, 0xEE, 0x0E, 0xE0, 0x66, 0xDF, 0x4D,
    0xDB, 0xC3, 0x3D, 0x15, 0x44, 0xE6, 0x3C, 0x6E, 0x45, 0xE6, 0xDC, 0xB4, 0xC8, 0x22, 0xC6, 0x46,
    0xFE, 0xC6, 0x92, 0xEE, 0x98, 0x56, 0x24, 0xDD, 0x36, 0x8D, 0xB8, 0xB3, 0x6B, 0xBC, 0xB8, 0xB3,
    0x9B, 0xF0, 0xCA, 0x03, 0x38, 0x48, 0xAB, 0xA8, 0xCF, 0xD8, 0xC5, 0xCA, 0x74, 0x39, 0x63, 0x91,
    0xB0, 0x5B, 0x07, 0x19, 0x2C, 0xBB, 0xB5, 0x9B, 0x23, 0x67, 0x77, 0xB6, 0x1F, 0x43, 0xDD, 0xCC,
    0xE8, 0x76, 0xE2, 0x9F, 0xFB, 0x57, 0x81, 0x6C, 0xCC, 0xBE, 0xF7, 0xDD, 0x1E, 0x48, 0x89, 0x52,
    0x92, 0x78, 0xE9, 0x2D, 0x85, 0xDB, 0x7F, 0xC0, 0xB6, 0x45, 0x87, 0xBA, 0x03, 0xF0, 0x30, 0xF4,
    0x06, 0x05, 0x4E, 0xFB, 0x3F, 0xED, 0xE1, 0x86, 0x28, 0x0C, 0x98, 0x0E, 0xE2, 0x70, 0x10, 0xF7,
    0xAF, 0x9A, 0xF6, 0x20, 0x09, 0x9D, 0x69, 0x7A, 0xEB, 0x83, 0x79, 0x3D, 0x64, 0x5F, 0x0A, 0xC9,
    0xDB, 0x4D, 0x1E, 0x87, 0x94, 0xE0, 0xCC, 0x7B, 0xD4, 0x63, 0xC7, 0xD0, 0x54, 0xE0, 0xB2, 0x79,
    0xB7, 0xE0, 0x29, 0xCA, 0x2F, 0xCF, 0x0C, 0x88, 0xD7, 0x2A, 0xAF, 0xCC, 0x2E, 0x72, 0x0A, 0x44,
    0xE2, 0xFC, 0xF7, 0xD7, 0xEB, 0xDE, 0x0F, 0x21, 0x99, 0xF0, 0x31, 0xBD, 0x2B, 0x32, 0x00, 0xB9,
    0x6E, 0x56, 0xCE, 0x9F, 0x83, 0x1E, 0xFA, 0x4F, 0x0F, 0x74, 0x22, 0xA7, 0x99, 0xFB, 0x65, 0xFC,
    0xCC, 0x7F, 0x1E, 0xF4, 0x37, 0x04, 0x57, 0x70, 0xEC, 0x6A, 0xDC, 0x1E, 0x72, 0x6A, 0xE4, 0x4C,
    0xF3, 0xA3, 0x79, 0x67, 0x53, 0x2F, 0x72, 0x72, 0xD3, 0x2C, 0x5F, 0x97, 0xCB, 0xD9, 0xE4, 0x33,
    0x19, 0xB7, 0xDB, 0x3C, 0x2F, 0xCB, 0x80, 0xE0, 0xA8, 0xE3, 0x33, 0x94, 0x7E, 0x29, 0xC8, 0x00,
    0x90, 0x47, 0x90, 0x8D, 0x44, 0x97, 0x9E, 0x9D, 0x0B, 0x1E, 0x8E, 0x2A, 0x94, 0x9A, 0x92, 0x37,
    0x3E, 0x41, 0xBC, 0x82, 0xF8, 0x05, 0xF1, 0x0C, 0xE2, 0x1B, 0xC4, 0x3B, 0xA8, 0x7F, 0x1B, 0x0F,
    0x4F, 0xF8, 0x09, 0xF1, 0x74, 0x89, 0x4A, 0x3E, 0xF9, 0x12, 0x91, 0x5C, 0xEE, 0x6E, 0xE4, 0x12,
    0xAF, 0xC5, 0xEF, 0x35, 0x0E, 0x75, 0xE9, 0x2D, 0x31, 0x28, 0xFE, 0xEB, 0x90, 0x86, 0x0E, 0x68,
    0x1D, 0xCE, 0xBA, 0xE2, 0xD6, 0xA1, 0xAC, 0x6B, 0x6D, 0x1D, 0x2F, 0x3A, 0x88, 0xA5, 0x47, 0x6B,
    0x83, 0xBB, 0x69, 0xC5, 0xE5, 0xB2, 0x18, 0xC3, 0xA6, 0xC1, 0xC7, 0x34, 0xE0, 0xA5, 0x41, 0x36,
    0x6F, 0xFE, 0x32, 0x70, 0xF9, 0x23, 0x36, 0x60, 0x59, 0x86, 0x7F, 0x23, 0xBB, 0xA8, 0x52, 0xBA,
    0x9F, 0x4F, 0xC5, 0xB2, 0x17, 0xAA, 0x14, 0x5D, 0x73, 0x07, 0xE4, 0x27, 0x5B, 0x38, 0x32, 0xD6,
    0x79, 0x3C, 0xA1, 0xEF, 0x96, 0x6F, 0xB1, 0x04, 0xE4, 0x9D, 0xFC, 0x8E, 0xBC, 0x9C, 0xD1, 0x0E,
    0x8A, 0xC9, 0xA8, 0x68, 0x26, 0xC5, 0x98, 0x4E, 0x62, 0x44, 0x77, 0xFE, 0xFB, 0xFA, 0xFD, 0x74,
    0x50, 0xCC, 0x3B, 0xC1, 0xFF, 0x4E, 0xAD, 0x20, 0x51, 0xA1, 0x78, 0x13, 0x82, 0x0D, 0xFE, 0xDA,
    0xC8, 0x32, 0xFF, 0x02, 0x8C, 0x3A, 0x45, 0xC3, 0x48, 0xDF, 0x3D, 0xFF, 0x4C, 0xB7, 0x64, 0xA5,
    0x0D, 0x6E, 0x1E, 0x05, 0x03, 0x2E, 0xB2, 0x27, 0x35, 0x79, 0x7D, 0x44, 0xE4, 0x14, 0x85, 0xFC,
    0xF0, 0x77, 0xD8, 0xD7, 0xBC, 0xAF, 0x0B, 0xB8, 0x9E, 0xC5, 0x1E, 0xA0, 0x19, 0x9F, 0xF4, 0xD6,
    0x0C, 0xC0, 0x84, 0xFB, 0x2B, 0x9F, 0x47, 0x42, 0x46, 0x00, 0xD2, 0x35, 0x2A, 0x94, 0x5C, 0xA7,
    0x46, 0xC9, 0x50, 0x76, 0xF2, 0x9D, 0xA8, 0xCF, 0x06, 0xA9, 0x15, 0x77, 0x09, 0x89, 0x1D, 0xD3,
    0x45, 0xE4, 0xD9, 0x72, 0x12, 0x50, 0xCA, 0x9E, 0xC5, 0x06, 0xE4, 0x03, 0x79, 0x9C, 0xAA, 0x03,
    0x52, 0x9A, 0xB8, 0xF1, 0xC0, 0xED, 0x72, 0xC0, 0x5E, 0x45, 0xC6, 0x44, 0xEF, 0xED, 0x76, 0x42,
    0xD2, 0xC1, 0x0E, 0x42, 0xF2, 0x56, 0xFC, 0x02, 0xCA, 0x2A, 0x26, 0x21, 0xA4, 0x8D, 0x9F, 0x24,
    0x75, 0x75, 0xE7, 0x8F, 0xEA, 0x22, 0xD2, 0x5A, 0x72, 0xDA, 0x35, 0x63, 0x53, 0x2F, 0x24, 0x96,
    0x44, 0x70, 0xE2, 0x1E, 0x86, 0xFC, 0xE0, 0xEF, 0x5C, 0xFC, 0x56, 0x83, 0xF2, 0x27, 0xE1, 0x6E,
    0xEC, 0x82, 0x28, 0xDC, 0x8F, 0x0C, 0x53, 0xDD, 0x3E, 0x0E, 0xEB, 0xBB, 0xD8, 0x9F, 0x41, 0xD2,
    0x5C, 0xC2, 0x0C, 0x26, 0x3C, 0xF8, 0x24, 0x43, 0x87, 0xC8, 0xF3, 0xED, 0x20, 0xC4, 0xFC, 0x6E,
    0x58, 0xC1, 0x54, 0x8F, 0x33, 0x24, 0x34, 0xED, 0x99, 0x3E, 0xFE, 0x51, 0xF5, 0xC4, 0x85, 0xEF,
    0x75, 0x77, 0x9B, 0xEA, 0x09, 0xE4, 0xE1, 0xF1, 0xA4, 0x3A, 0x0B, 0xDB, 0x3E, 0xCF, 0x90, 0x05,
    0x81, 0x9D, 0xC7, 0x9F, 0x48, 0x8B, 0xB3, 0x51, 0xFF, 0x44, 0xF6, 0xE9, 0x62, 0x3B, 0xAD, 0x9E,
    0x88, 0x68, 0x6F, 0xA7, 0xC7, 0xDC, 0xE4, 0xFE, 0x0D, 0xA0, 0x85, 0x2D, 0x1E, 0x43, 0xEC, 0x05,
    0xB6, 0x30, 0x43, 0x0E, 0x30, 0x64, 0x0C, 0x19, 0xDE, 0x1F, 0xD6, 0x6F, 0x56, 0x3B, 0x0C, 0xBC,
    0xF1, 0xD4, 0xAC, 0xA2, 0x9D, 0x5E, 0xFF, 0x71, 0x04, 0xE0, 0x74, 0xA5, 0xDB, 0x7F, 0x64, 0xC5,
    0xB2, 0xC0, 0x71, 0x00, 0xE4, 0x04, 0x5C, 0x06, 0xF0, 0xF0, 0x75, 0x00, 0xFC, 0x66, 0xFB, 0x0A,
    0x34, 0x06, 0x77, 0xDD, 0x52, 0xE1, 0xD5, 0xBC, 0xD0, 0xAB, 0x5D, 0x21, 0xF3, 0xB0, 0x9E, 0xAD,
    0x53, 0x23, 0x66, 0xCC, 0xBB, 0xD7, 0x5A, 0x31, 0x93, 0x78, 0x13, 0xC4, 0x4C, 0x5A, 0x99, 0x0E,
    0x83, 0xB8, 0x15, 0x0F, 0x62, 0xA6, 0xEC, 0x72, 0x12, 0x33, 0xCF, 0x5E, 0x7D, 0x60, 0x5F, 0xCC,
    0x88, 0xBB, 0x5E, 0x80, 0xBD, 0x79, 0x50, 0xE7, 0x59, 0x17, 0x11, 0x09, 0xB9, 0x9C, 0x74, 0xA5,
    0xEE, 0x3C, 0x6C, 0x93, 0x55, 0xBA, 0x13, 0xF1, 0x77, 0xE9, 0x26, 0xC6, 0xB6, 0xD0, 0x5E, 0xA6,
    0xE3, 0x62, 0x46, 0xA2, 0x4B, 0x3A, 0x45, 0x13, 0xB4, 0x53, 0x29, 0x55, 0x4B, 0xA7, 0x4A, 0x2F,
    0x9D, 0xDA, 0x82, 0x6D, 0xA4, 0x53, 0x59, 0x61, 0xBD, 0x74, 0x2A, 0xF3, 0x99, 0x67, 0x33, 0xFC,
    0x3B, 0xC6, 0x42, 0xBC, 0x31, 0x27, 0x76, 0xF7, 0x90, 0x75, 0x3A, 0xB1, 0x47, 0x1F, 0x93, 0xA1,
    0x2E, 0x26, 0xA9, 0xF8, 0xC5, 0x45, 0xBC, 0xBF, 0x2F, 0x4F, 0xA5, 0x09, 0xBB, 0xF3, 0x57, 0xEE,
    0xE3, 0xE2, 0xE0, 0x44, 0x51, 0xD5, 0x05, 0xC8, 0x97, 0x44, 0x34, 0x71, 0x41, 0x38, 0x71, 0x24,
    0x13, 0x90, 0xF2, 0x6B, 0xD4, 0x54, 0x2F, 0x2F, 0x99, 0x47, 0x6A, 0x0A, 0x20, 0x79, 0xF1, 0xDC,
    0x76, 0xA1, 0x8B, 0xA6, 0x67, 0xBA, 0x78, 0x7A, 0x26, 0x20, 0x1E, 0x0C, 0xFF, 0xD7, 0x9B, 0xDE,
    0x74, 0x30, 0x7D, 0x34, 0x98, 0x2E, 0x1E, 0x92, 0x10, 0x0F, 0x1C, 0xC8, 0x63, 0x12, 0xA2, 0x81,
    0x5F, 0x30, 0x81, 0xDF, 0x60, 0x48, 0xF9, 0xCD, 0x4C, 0xA6, 0xF9, 0x35, 0xA6, 0x2D, 0xE4, 0xCD,
    0x8D, 0xF4, 0xFD, 0xDE, 0x4C, 0xC7, 0xDF, 0x8C, 0x6B, 0x9D, 0x93, 0xD6, 0x38, 0x06, 0xCC, 0x51,
    0x3B, 0xEA, 0x41, 0x6F, 0x42, 0xDC, 0x23, 0x1A, 0xE2, 0x7E, 0xA6, 0x9D, 0x99, 0xDF, 0x02, 0xA3,
    0x7C, 0x49, 0x5E, 0x40, 0x6D, 0x03, 0xC8, 0xB6, 0x98, 0xF8, 0x64, 0xB9, 0x6B, 0x1E, 0xE5, 0xFC,
    0xAA, 0x6B, 0x0F, 0x64, 0xA4, 0x4F, 0xD3, 0x38, 0x02, 0x60, 0x67, 0x92, 0x11, 0x90, 0x4D, 0xC0,
    0x73, 0x44, 0xD3, 0xCB, 0xCB, 0xAB, 0x12, 0xF1, 0xA8, 0x96, 0x97, 0x2F, 0xFB, 0x2D, 0xA2, 0x3E,
    0x91, 0x97, 0xFF, 0xA8, 0xDE, 0x71, 0x93, 0x57, 0x01, 0xAC, 0xA3, 0x01, 0x49, 0xB7, 0x5E, 0x73,
    0x77, 0xCC, 0x24, 0x90, 0x89, 0xD9, 0x75, 0x7E, 0xF7, 0x7D, 0x66, 0x03, 0x0F, 0x0D, 0xDB, 0xAD,
    0xF7, 0x67, 0x99, 0x99, 0xB0, 0xB2, 0xB4, 0x59, 0x99, 0xF5, 0xCA, 0xD4, 0x9C, 0x32, 0x07, 0x65,
    0x6A, 0x4E, 0xD9, 0xB0, 0xB2, 0xB8, 0x9B, 0x77, 0xA6, 0x05, 0x33, 0x13, 0x88, 0xA8, 0x65, 0x96,
    0x36, 0x2B, 0xB3, 0xFE, 0xDD, 0xFD, 0x97, 0x1B, 0x66, 0x79, 0xD1, 0x22, 0xF1, 0xA7, 0x2E, 0x8E,
    0xE7, 0x1C, 0x78, 0xF5, 0x67, 0x89, 0xBA, 0xEB, 0x28, 0x90, 0xE1, 0xD4, 0xFC, 0x84, 0x24, 0x9B,
    0xDB, 0x01, 0xD4, 0x3B, 0x89, 0x78, 0xF5, 0xEE, 0x00, 0x58, 0xBC, 0x53, 0xAF, 0x97, 0x5F, 0x86,
    0xAB, 0x77, 0x46, 0xB7, 0xFE, 0xEB, 0xD5, 0x20, 0xF1, 0xCE, 0x0A, 0x1B, 0x64, 0x20, 0xAD, 0xE6,
    0xDC, 0x91, 0xB9, 0x2B, 0x47, 0xE6, 0x86, 0xD5, 0x1C, 0x7A, 0xAC, 0xC7, 0x39, 0xE0, 0x83, 0xA2,
    0xE9, 0xD6, 0x7F, 0x55, 0x66, 0x82, 0xA3, 0x16, 0x8B, 0xA6, 0x9F, 0xEA, 0x85, 0xD9, 0xD7, 0x86,
    0x68, 0x14, 0x96, 0x3F, 0xDD, 0x83, 0x20, 0x9A, 0x26, 0x3D, 0x6A, 0x88, 0xA6, 0x49, 0x87, 0xB2,
    0x10, 0x4D, 0x99, 0x55, 0x22, 0x42, 0xD2, 0x6B, 0x06, 0x31, 0xC1, 0x0C, 0x70, 0x5E, 0x44, 0x88,
    0xA6, 0x88, 0xBC, 0x8A, 0x50, 0x93, 0xB0, 0xBC, 0xC0, 0xE9, 0x43, 0xA9, 0x21, 0xDE, 0x09, 0x13,
    0xEF, 0xEA, 0x45, 0xD3, 0x02, 0xA4, 0x9A, 0xC6, 0x3E, 0x1A, 0x55, 0x53, 0xD3, 0x98, 0x5E, 0x35,
    0x8D, 0x0F, 0x2F, 0x86, 0x45, 0xD3, 0x7A, 0x73, 0x83, 0xF0, 0xEB, 0x27, 0x34, 0x3D, 0x21, 0xEB,
    0x71, 0x65, 0x4F, 0x88, 0x7B, 0x42, 0xDF, 0x93, 0x12, 0x9F, 0x50, 0xF9, 0x84, 0xD0, 0x27, 0xB4,
    0x3E, 0x21, 0xF7, 0x09, 0xC5, 0x4F, 0x88, 0x7E, 0x42, 0xF7, 0x55, 0x7A, 0x3C, 0x00, 0x3C, 0xB7,
    0xB7, 0xA8, 0x8F, 0x5A, 0xF3, 0xA9, 0x9C, 0x80, 0x84, 0x66, 0xAC, 0x0B, 0x8D, 0xEB, 0x92, 0xE0,
    0x7C, 0xEE, 0xF5, 0x34, 0x0C, 0x84, 0xB2, 0xB0, 0xAD, 0x9C, 0x89, 0xB8, 0x25, 0x3E, 0x15, 0x41,
    0x03, 0x1C, 0x04, 0x82, 0x0D, 0x1A, 0xE3, 0xF2, 0x26, 0xED, 0x54, 0x43, 0x50, 0x44, 0xD0, 0xCD,
    0x6F, 0x58, 0xDF, 0xA8, 0x92, 0x9B, 0x37, 0xD6, 0xAF, 0x6F, 0x54, 0xB4, 0xCD, 0x1B, 0x87, 0x8D,
    0x35, 0xE9, 0x8D, 0xB6, 0xB3, 0x88, 0x46, 0xA8, 0x0B, 0x7E, 0x23, 0xA2, 0x11, 0xCA, 0x2A, 0x6B,
    0x16, 0xD1, 0x08, 0x39, 0x7B, 0x2D, 0xCD, 0x7C, 0x8E, 0xBE, 0x3B, 0xCF, 0x1A, 0xD2, 0x8C, 0x6C,
    0x37, 0x62, 0x5A, 0x95, 0x98, 0x87, 0x34, 0x1E, 0x28, 0x96, 0x33, 0xF7, 0x89, 0xF5, 0xB4, 0xA9,
    0x84, 0x4E, 0x5B, 0x5C, 0x4F, 0xD8, 0xB0, 0x9E, 0x2D, 0x69, 0xEB, 0xE1, 0x5F, 0xE3, 0x18, 0x58,
    0x99, 0x09, 0x0F, 0xFC, 0x58, 0x59, 0xFA, 0xE7, 0x44, 0xAD, 0x30, 0xFB, 0xFA, 0x98, 0xF6, 0xC2,
    0xF2, 0x4F, 0x07, 0x33, 0x0A, 0x73, 0x69, 0x88, 0x47, 0x19, 0x0D, 0xD7, 0x4D, 0x3B, 0x33, 0x3E,
    0x01, 0x03, 0x60, 0x06, 0xCE, 0x30, 0xFF, 0x44, 0xFF, 0x79, 0x88, 0x45, 0x6D, 0x96, 0x43, 0xBC,
    0xB3, 0xEB, 0xEC, 0x8B, 0x8C, 0xF6, 0xD6, 0xBC, 0xF2, 0xE0, 0xB0, 0xE6, 0x95, 0x98, 0xB0, 0xC6,
    0xA4, 0xB0, 0x01, 0x11, 0xD6, 0x31, 0x90, 0x32, 0x13, 0x73, 0xB6, 0x8A, 0x68, 0x31, 0xD7, 0x98,
    0x51, 0xCD, 0x25, 0xEF, 0x5E, 0xD3, 0x73, 0xA6, 0x6B, 0x0C, 0x3D, 0x3E, 0xC6, 0xA3, 0xE1, 0xE2,
    0xCD, 0x45, 0xD3, 0x84, 0xA8, 0xD2, 0x66, 0xB2, 0xE0, 0x5A, 0x6D, 0x26, 0x97, 0xFB, 0xAD, 0x83,
    0xB0, 0x55, 0x84, 0xB4, 0x4A, 0xBB, 0x45, 0x53, 0x8D, 0x43, 0x65, 0x81, 0x9B, 0x11, 0xD6, 0x8A,
    0xD7, 0x52, 0x67, 0x8D, 0x72, 0x57, 0xAC, 0x21, 0x3E, 0xAE, 0x9A, 0xC6, 0x1B, 0x4D, 0xFD, 0xAA,
    0xA9, 0xC3, 0x7D, 0x8B, 0xA6, 0x3D, 0xCE, 0xAA, 0xA6, 0xA6, 0xC5, 0x59, 0xD5, 0x34, 0x7B, 0x73,
    0x7F, 0x50, 0x4D, 0x1D, 0xD1, 0x20, 0x9A, 0x0A, 0x53, 0x4D, 0x3F, 0xFA, 0x41, 0xD2, 0xF4, 0x03,
    0x33, 0x13, 0x7E, 0x16, 0xEB, 0x4C, 0xB8, 0x26, 0x0D, 0x65, 0x3A, 0x13, 0x5E, 0x17, 0x96, 0x3F,
    0xD9, 0xE2, 0x61, 0xCD, 0xDA, 0x51, 0x8B, 0xBB, 0x34, 0x6B, 0xCF, 0x0C, 0x3A, 0x13, 0xC6, 0x0D,
    0x96, 0xF3, 0x15, 0x7F, 0xF7, 0x1B, 0x50, 0x75, 0x63, 0xA2, 0x4E, 0xD5, 0x8D, 0x0F, 0x2F, 0x4C,
    0xAA, 0xEE, 0xAA, 0x9F, 0x78, 0x57, 0x6F, 0xB2, 0xB6, 0x5F, 0xD5, 0x15, 0x36, 0xC0, 0x78, 0x94,
    0x95, 0x74, 0x36, 0x69, 0x51, 0x17, 0xD2, 0xD9, 0xB4, 0x5B, 0xD5, 0x35, 0xD3, 0x85, 0xE1, 0x28,
    0x03, 0xB4, 0x6B, 0xD6, 0xFE, 0x23, 0x8D, 0x53, 0xD5, 0x54, 0xE3, 0xD4, 0x7A, 0x8D, 0x53, 0x6D,
    0x50, 0xE3, 0xD4, 0x41, 0x98, 0xCA, 0xA1, 0x71, 0x7A, 0xFB, 0x00, 0x0E, 0x47, 0xB1, 0xDB, 0x8A,
    0xBA, 0x52, 0x47, 0xCC, 0x69, 0x9C, 0xAA, 0xBA, 0x18, 0x57, 0x75, 0xE3, 0x8D, 0xBA, 0x1E, 0x18,
    0xE6, 0x38, 0x93, 0x38, 0x8D, 0xBB, 0x9A, 0x48, 0xE2, 0xD4, 0x04, 0x66, 0x1C, 0xA7, 0x69, 0xF3,
    0x27, 0xFB, 0xD7, 0x24, 0x4E, 0xAD, 0x0F, 0xB0, 0x12, 0x9D, 0x79, 0x11, 0xB0, 0x25, 0xCC, 0x21,
    0x00, 0x1C, 0xA7, 0xE7, 0xAE, 0x0B, 0xD3, 0x60, 0xFB, 0xC9, 0x37, 0x8A, 0xA5, 0x15, 0xA2, 0x25,
    0x76, 0xA3, 0xC3, 0x0B, 0xA4, 0xEA, 0xAE, 0x4A, 0x8A, 0x77, 0xCE, 0x1F, 0x85, 0x52, 0xC3, 0x05,
    0x84, 0x89, 0xBA, 0x51, 0x0B, 0xB7, 0xA8, 0x1B, 0x84, 0xC5, 0xBC, 0x3E, 0x05, 0xA9, 0xBA, 0x31,
    0xFD, 0xC1, 0xB4, 0x98, 0xAB, 0x8F, 0x36, 0xB9, 0xA7, 0xF8, 0x5C, 0x3E, 0xF7, 0x22, 0x80, 0xDF,
    0x5D, 0x25, 0x1D, 0x54, 0x51, 0xE9, 0xB1, 0xF3, 0x8B, 0x50, 0xAE, 0x5A, 0xC6, 0x78, 0xC6, 0x64,
    0x09, 0xC2, 0xB0, 0xA8, 0x94, 0x37, 0x8B, 0x48, 0x75, 0xB1, 0x9C, 0xE3, 0x55, 0xF1, 0x72, 0x12,
    0x33, 0xCC, 0xDA, 0x45, 0xEF, 0xB4, 0x5F, 0xE4, 0x36, 0x83, 0xFD, 0xD6, 0xAC, 0xC2, 0x87, 0x66,
    0x92, 0x7F, 0x8A, 0x28, 0x9C, 0x9D, 0x89, 0x4B, 0x66, 0xB2, 0x8D, 0x64, 0xB8, 0x9E, 0xEE, 0xEF,
    0x07, 0x07, 0xDB, 0x0D, 0x69, 0x81, 0x57, 0xF2, 0x37, 0xEB, 0xEF, 0x74, 0x29, 0xF0, 0x85, 0x94,
    0x26, 0x13, 0x2C, 0x00, 0xFC, 0xCE, 0xB9, 0xB4, 0x11, 0xC2, 0xB2, 0x58, 0x1D, 0x6E, 0x79, 0x61,
    0x89, 0x34, 0xE4, 0xEC, 0x0B, 0x65, 0xC0, 0x12, 0x00, 0x03, 0xD4, 0x1B, 0x33, 0x42, 0xBD, 0x89,
    0x47, 0x16, 0x44, 0x88, 0xE8, 0x91, 0xC9, 0x47, 0xD6, 0xC3, 0xC1, 0x0C, 0x22, 0xAE, 0xF3, 0x69,
    0x2F, 0xDA, 0xE6, 0x87, 0xB5, 0xE6, 0xC0, 0x94, 0x58, 0x46, 0x69, 0xF9, 0xEB, 0xD0, 0x67, 0xA7,
    0xA2, 0x17, 0xD7, 0x78, 0xD6, 0xAE, 0x91, 0x5F, 0xEE, 0x74, 0x1B, 0x66, 0xA2, 0x51, 0xC2, 0x2C,
    0x93, 0x73, 0xC7, 0xDF, 0x13, 0x95, 0x76, 0x9C, 0x5F, 0x96, 0x7C, 0xBB, 0xCC, 0x44, 0xA7, 0x30,
    0xB3, 0x48, 0x26, 0xDD, 0x66, 0x66, 0x62, 0x2E, 0xF5, 0x33, 0x13, 0x73, 0x16, 0x33, 0xD3, 0x73,
    0xBF, 0x5F, 0xBF, 0x59, 0x89, 0xB9, 0x92, 0x88, 0x1A, 0x37, 0x8F, 0xCC, 0xE2, 0xA3, 0xE7, 0xEB,
    0xEF, 0x16, 0x57, 0x32, 0x5A, 0x1E, 0x77, 0x1D, 0x56, 0x16, 0xF5, 0xF9, 0xFE, 0xCB, 0xC2, 0x4C,
    0x78, 0x14, 0xB1, 0xC7, 0x29, 0xBA, 0x99, 0xB4, 0x8F, 0x02, 0x15, 0x32, 0x22, 0xEB, 0xCF, 0x42,
    0x86, 0xF6, 0x67, 0xB3, 0x4A, 0x98, 0xA8, 0x76, 0xF6, 0x77, 0xCE, 0x09, 0xBB, 0x02, 0x47, 0x93,
    0xB0, 0x01, 0x3B, 0xE7, 0xA9, 0x01, 0xD4, 0xBB, 0x3C, 0x68, 0x1A, 0xD4, 0x14, 0xA3, 0xDE, 0xA5,
    0xCC, 0xC4, 0xBB, 0xB4, 0x87, 0x74, 0x76, 0x57, 0xFF, 0xE6, 0xB8, 0xB6, 0x5D, 0xD6, 0xB7, 0x84,
    0xBC, 0x15, 0x73, 0x28, 0x7F, 0x48, 0x5E, 0xCD, 0x65, 0xDA, 0x06, 0x1B, 0x7F, 0xF6, 0xDC, 0x26,
    0x5B, 0x6E, 0x92, 0xA5, 0xE6, 0xCA, 0x4D, 0xAA, 0xDC, 0x64, 0xCA, 0x4D, 0xA2, 0xD4, 0x3C, 0x79,
    0x3C, 0x4D, 0x6A, 0x96, 0xDC, 0x24, 0x49, 0x25, 0xEE, 0x78, 0x8A, 0x14, 0x32, 0x1C, 0x65, 0x84,
    0xE8, 0x4F, 0x96, 0x9D, 0x42, 0x4E, 0xDD, 0xBA, 0xA8, 0x1D, 0x96, 0x35, 0x6D, 0x2C, 0x24, 0x7F,
    0xBA, 0x8B, 0x06, 0xC9, 0x8D, 0x69, 0xC0, 0x9E, 0xA4, 0x46, 0x1B, 0x96, 0xCC, 0x68, 0xDB, 0x25,
    0x41, 0x64, 0x3F, 0x9A, 0x0A, 0xD1, 0x27, 0x23, 0x0A, 0x32, 0xD2, 0xB2, 0x2E, 0xD1, 0x34, 0x96,
    0xF1, 0x2C, 0xC5, 0xDE, 0x64, 0x6D, 0x34, 0x49, 0xA7, 0xB2, 0x16, 0x24, 0x9D, 0xB2, 0x41, 0x88,
    0x48, 0x35, 0x69, 0x42, 0xEC, 0x22, 0x0D, 0x50, 0xDE, 0x66, 0x6A, 0xA7, 0xE8, 0x99, 0x00, 0xD8,
    0xA3, 0xA7, 0x7E, 0x20, 0xC1, 0x17, 0xCD, 0xAD, 0xCB, 0x9C, 0xCD, 0x83, 0x66, 0x0D, 0x52, 0x9D,
    0xA7, 0x79, 0xF4, 0x88, 0x3E, 0x29, 0xF0, 0x8A, 0xE8, 0x63, 0x81, 0x2F, 0xB0, 0x29, 0x26, 0x62,
    0x4A, 0x88, 0xE8, 0x23, 0xA3, 0x87, 0xF5, 0xE1, 0xD1, 0xC3, 0x66, 0x74, 0xF4, 0xAC, 0xF7, 0xCB,
    0x74, 0x00, 0xB3, 0x33, 0x41, 0xC9, 0x98, 0x36, 0x5B, 0x3F, 0x16, 0x62, 0x7D, 0x4D, 0x4D, 0x36,
    0x93, 0xFC, 0xE9, 0x31, 0x0B, 0x0E, 0x86, 0x67, 0xE6, 0x34, 0xF0, 0xE8, 0xB9, 0x6E, 0x9B, 0x24,
    0xF0, 0xE8, 0x19, 0x72, 0x1F, 0x17, 0x29, 0xD1, 0x53, 0x9D, 0xF3, 0x3C, 0x7A, 0xF6, 0x4C, 0x70,
    0xEB, 0xD3, 0x28, 0xE5, 0x1F, 0x1E, 0xAA, 0x37, 0xE5, 0xBA, 0xD4, 0x2F, 0x9B, 0x2C, 0x88, 0x3E,
    0x65, 0xA5, 0x6B, 0xC8, 0x99, 0xC8, 0x64, 0x3E, 0xCC, 0xC4, 0x0C, 0xA2, 0x8F, 0xF3, 0x4C, 0x4C,
    0x60, 0xD2, 0xEB, 0x00, 0x6E, 0x12, 0x3D, 0xE9, 0x36, 0xD8, 0x20, 0x9D, 0x32, 0xE3, 0x3A, 0xDE,
    0x6A, 0x5A, 0xA7, 0x8F, 0xBD, 0x63, 0x2B, 0xC7, 0x54, 0x5B, 0x01, 0xD6, 0x34, 0x91, 0x10, 0x93,
    0x81, 0x63, 0x4C, 0x56, 0xA8, 0x1C, 0x63, 0x61, 0x0D, 0xAD, 0x20, 0xAD, 0x28, 0xD1, 0xD0, 0xD2,
    0x56, 0x94, 0x38, 0x08, 0x11, 0x33, 0x4A, 0x06, 0x25, 0x62, 0x46, 0x88, 0x2C, 0x6C, 0x98, 0xF0,
    0xBA, 0xA6, 0x61, 0x62, 0xBF, 0xDD, 0xA7, 0x1D, 0x93, 0xFC, 0x33, 0xC1, 0x48, 0x8C, 0x39, 0xDB,
    0xC6, 0x83, 0xAC, 0x13, 0xB3, 0x10, 0xF3, 0x30, 0xEE, 0x06, 0xDB, 0x99, 0x41, 0x56, 0x89, 0xE9,
    0x98, 0xE8, 0xD0, 0x33, 0xF4, 0xB6, 0x87, 0x78, 0x43, 0xEB, 0x84, 0xEB, 0xA8, 0x11, 0xE9, 0xA2,
    0x89, 0x74, 0xBC, 0xA4, 0x5D, 0x36, 0x4A, 0xA7, 0x96, 0xCB, 0x7E, 0xB2, 0xB7, 0x22, 0x95, 0x4E,
    0x88, 0x09, 0x9C, 0xB2, 0x27, 0x95, 0x2E, 0x44, 0x9A, 0xFB, 0xD2, 0xF1, 0xC1, 0xFE, 0x96, 0x55,
    0xCC, 0xC7, 0xE6, 0x18, 0xFB, 0xE3, 0x3D, 0x20, 0xBA, 0xAA, 0x83, 0x55, 0x67, 0x82, 0xA6, 0xF6,
    0x3A, 0x89, 0x14, 0xAE, 0xD1, 0x7D, 0x15, 0xF2, 0x56, 0xA7, 0x5F, 0x26, 0x0E, 0x3A, 0x23, 0xA9,
    0x1A, 0x3C, 0xC9, 0xAF, 0xCF, 0xD4, 0xA9, 0x1A, 0xD4, 0xAE, 0xE9, 0xF2, 0x50, 0x45, 0x45, 0x54,
    0xFB, 0x65, 0xDE, 0xCD, 0x02, 0x9B, 0x11, 0xC9, 0x1C, 0xB7, 0x7C, 0x2F, 0x6C, 0x77, 0x3D, 0xA3,
    0x11, 0xDF, 0x9C, 0xC9, 0x50, 0xFA, 0xBA, 0xE8, 0x61, 0x7F, 0xDA, 0x11, 0x9C, 0x1F, 0xE1, 0x7E,
    0x10, 0x08, 0xB9, 0x2F, 0xDF, 0xA4, 0xAF, 0x35, 0x4C, 0x32, 0x1A, 0xAD, 0xA7, 0xC2, 0xF9, 0xE8,
    0xD9, 0x22, 0x2F, 0xEA, 0xA6, 0x14, 0x3F, 0xE0, 0xA6, 0x01, 0x3A, 0xD0, 0xA8, 0x65, 0xA2, 0xFF,
    0x16, 0x84, 0xA8, 0x91, 0xBD, 0x4D, 0x95, 0x74, 0xAA, 0x7E, 0x92, 0x1A, 0xDD, 0x7C, 0xC2, 0xC9,
    0x29, 0x36, 0xE3, 0x72, 0x8A, 0xCD, 0x20, 0xC4, 0x21, 0x1E, 0x97, 0x53, 0x1C, 0x91, 0xAC, 0x29,
    0x07, 0xA0, 0xFE, 0xF3, 0xBA, 0x92, 0x4E, 0xB1, 0x87, 0x4B, 0x1E, 0x2B, 0xC0, 0x39, 0x59, 0xA6,
    0x06, 0x49, 0xC4, 0x26, 0x28, 0x91, 0x5C, 0xC9, 0x09, 0x59, 0x14, 0x93, 0x7C, 0x9C, 0x55, 0x4C,
    0x50, 0x89, 0x62, 0x67, 0x35, 0xED, 0x0A, 0x11, 0xE3, 0x92, 0x8B, 0x25, 0xE9, 0x3A, 0x9A, 0xC4,
    0x8C, 0x64, 0x62, 0x36, 0x23, 0x89, 0x78, 0x5D, 0x65, 0x77, 0x6C, 0x46, 0xD2, 0x30, 0x2B, 0xC6,
    0xA4, 0xBF, 0xC2, 0xFE, 0x70, 0x12, 0x16, 0xC5, 0x06, 0xD8, 0x9F, 0xF4, 0xAC, 0x18, 0x21, 0x5F,
    0x14, 0xFB, 0x21, 0x7D, 0xBB, 0x55, 0xC5, 0xA6, 0x55, 0xB1, 0x73, 0x59, 0x75, 0xAB, 0x62, 0x57,
    0x6E, 0x55, 0x2C, 0xEA, 0x6F, 0x55, 0x2C, 0x69, 0x6F, 0x55, 0x2C, 0xAB, 0x6E, 0x55, 0xEC, 0xCA,
    0xAD, 0x8A, 0x45, 0xFD, 0x49, 0xC5, 0x64, 0x2D, 0x24, 0xFB, 0x3A, 0x47, 0xD4, 0xE9, 0xA0, 0x64,
    0x72, 0x85, 0x7D, 0xE0, 0x3C, 0xC6, 0xDE, 0x5C, 0x42, 0x1C, 0x44, 0x8D, 0x2F, 0xC2, 0x34, 0xA2,
    0xC6, 0xBD, 0x48, 0xFC, 0xA2, 0x86, 0xAD, 0xD6, 0xF8, 0xC1, 0xA2, 0xC6, 0x0E, 0x9C, 0x20, 0x2E,
    0x8B, 0x19, 0xE9, 0xC4, 0xA0, 0xA4, 0x13, 0x33, 0x40, 0x1C, 0x4C, 0x10, 0xC5, 0x4C, 0x9B, 0xB4,
    0xE2, 0x4F, 0xEA, 0xAD, 0x67, 0xC5, 0x38, 0x5F, 0x57, 0xAC, 0x18, 0xB2, 0xC2, 0x81, 0x74, 0xFF,
    0x72, 0x45, 0xC8, 0x0C, 0x03, 0x58, 0x31, 0xDC, 0x17, 0xF5, 0x50, 0xC5, 0x4C, 0x58, 0x14, 0x4B,
    0xDA, 0x45, 0x31, 0xEB, 0x55, 0x31, 0xF6, 0x46, 0x15, 0x73, 0x10, 0xC5, 0x44, 0x0D, 0x55, 0x6C,
    0x80, 0x28, 0xC6, 0x6A, 0xA8, 0x62, 0x26, 0xA8, 0x62, 0x6C, 0x46, 0x15, 0xB3, 0x5E, 0x15, 0x63,
    0x33, 0x27, 0x14, 0xDB, 0xCC, 0x95, 0xEB, 0x54, 0xA9, 0x33, 0xE5, 0x3A, 0x51, 0xAE, 0xF3, 0xE4,
    0x66, 0x9A, 0xD4, 0x59, 0x52, 0x31, 0x6D, 0x14, 0xAD, 0x57, 0xCC, 0x0B, 0x45, 0xB7, 0x99, 0x20,
    0x05, 0x07, 0xC5, 0xB8, 0x53, 0x34, 0x41, 0x31, 0x6D, 0x14, 0xAD, 0x17, 0x94, 0xEA, 0x32, 0x33,
    0x02, 0xBA, 0x67, 0x58, 0x77, 0x0C, 0xEB, 0x7E, 0x41, 0x40, 0xAB, 0x4B, 0xE6, 0x12, 0xD0, 0xEA,
    0xC7, 0xAF, 0xB9, 0x28, 0xE0, 0xFA, 0x82, 0xFF, 0x37, 0xD5, 0xEF, 0xFC, 0xCF, 0xA1, 0xD7, 0xBF,
    0xC6, 0x7F, 0x0E, 0xFD, 0xF6, 0xF2, 0x6F, 0xE4, 0x9F, 0x43, 0xBF, 0x38, 0x15, 0xFA, 0xA3, 0x8F,
    0x6C, 0xBC, 0x40, 0x1C, 0x2E, 0x75, 0xE5, 0x1A, 0xB8, 0x86, 0x43, 0x32, 0xE4, 0x3C, 0xCD, 0x45,
    0xB2, 0x62, 0x59, 0x9F, 0xA4, 0x90, 0xE8, 0x7B, 0xBF, 0x22, 0xD5, 0x82, 0x6B, 0xF4, 0x79, 0x05,
    0xDB, 0x89, 0x95, 0xD2, 0xC3, 0xB5, 0x65, 0x83, 0xDA, 0xBB, 0x2E, 0x26, 0xF6, 0x64, 0x60, 0x09,
    0x1B, 0xBD, 0x8C, 0x8B, 0x07, 0x6E, 0x02, 0x78, 0x69, 0x7D, 0xF4, 0x78, 0x00, 0xCF, 0xF1, 0x8D,
    0x86, 0x52, 0x48, 0x83, 0xA6, 0xB5, 0xD6, 0xF4, 0x72, 0x3E, 0xF2, 0x86, 0x23, 0x58, 0x96, 0x9A,
    0xF1, 0x88, 0xBC, 0x50, 0xA2, 0x03, 0xD9, 0xC7, 0x13, 0xAE, 0xAF, 0x64, 0x10, 0x12, 0x4D, 0x6C,
    0x46, 0xFE, 0xA2, 0xCF, 0x88, 0xCE, 0x84, 0xCD, 0x48, 0x2D, 0xEB, 0x9F, 0x7B, 0x71, 0x26, 0xBA,
    0x25, 0xA8, 0xD8, 0xB2, 0xB3, 0x5D, 0x1E, 0xEC, 0xDC, 0xD6, 0xF5, 0xBC, 0xB1, 0x1D, 0x2F, 0x2F,
    0x86, 0xDC, 0xA7, 0x9D, 0x19, 0x2F, 0x7E, 0xA7, 0xB3, 0xBC, 0x48, 0xA8, 0x49, 0x22, 0x3B, 0x60,
    0xEB, 0xEB, 0xB2, 0x41, 0x59, 0x46, 0x20, 0xCA, 0xE2, 0xD8, 0xD8, 0x60, 0x6F, 0xCA, 0xA9, 0x58,
    0x02, 0x4C, 0x2E, 0x09, 0xAE, 0xDA, 0x88, 0x37, 0xCB, 0x8A, 0xE2, 0x43, 0x30, 0xBA, 0x25, 0x78,
    0x14, 0x66, 0x10, 0x33, 0x3B, 0x4C, 0xC4, 0x4C, 0xB1, 0x0C, 0x92, 0xEC, 0xCD, 0x65, 0x4B, 0x90,
    0x6C, 0xB6, 0x04, 0xE7, 0xF0, 0x7F, 0x00, 0x63, 0x00, 0x03, 0xFB, 0xFF, 0x40, 0xF0, 0x00, 0x99,
    0x14, 0x0D, 0x05, 0x02, 0x07, 0x00, 0xE4, 0x94, 0x21, 0x8C, 0xDB, 0x4C, 0x10, 0x46, 0x9F, 0xE3,
    0xFF, 0x97, 0xA5, 0x1A, 0x84, 0xAB, 0xC0, 0x1C, 0x99, 0x23, 0x2F, 0xC7, 0xD7, 0x82, 0x92, 0xF2,
    0xE3, 0xB0, 0x92, 0x97, 0x73, 0x8E, 0xDB, 0xE0, 0xD2, 0x6A, 0x5D, 0x4E, 0xCC, 0x91, 0x71, 0x4A,
    0x0C, 0x0C, 0x0C, 0x6C, 0x7F, 0x95, 0x77, 0x47, 0x5A, 0xF5, 0xD4, 0x1E, 0x8E, 0xDA, 0x55, 0xA4,
    0x79, 0xDA, 0x4C, 0xE2, 0xE8, 0x7D, 0x33, 0x21, 0x1D, 0x07, 0xBC, 0x39, 0x1C, 0x41, 0x1E, 0x82,
    0x96, 0x4A, 0x9A, 0x29, 0xF7, 0x8F, 0xDB, 0x75, 0x6E, 0x56, 0xAE, 0x73, 0xB5, 0x75, 0x43, 0xB5,
    0xD2, 0x4C, 0xE5, 0xD6, 0x0F, 0xE5, 0x4C, 0x37, 0x5E, 0xA6, 0xE0, 0x0B, 0x47, 0x37, 0x80, 0x1C,
    0x64, 0xE8, 0x5F, 0xC2, 0x73, 0xB8, 0xDF, 0x6E, 0xBA, 0x7F, 0x26, 0x28, 0x9E, 0x8D, 0x67, 0xD9,
    0x4D, 0x6E, 0x7E, 0x58, 0x08, 0x27, 0x78, 0xB8, 0x68, 0xA1, 0xD2, 0x04, 0x41, 0x1A, 0x25, 0xCD,
    0xC8, 0x00, 0xE0, 0xFD, 0x13, 0x00, 0x8D, 0x34, 0x01, 0xE8, 0xAE, 0x1D, 0x28, 0x77, 0xAE, 0x02,
    0xAE, 0x0B, 0xA5, 0x80, 0x66, 0xA6, 0x10, 0xD0, 0x8D, 0xB0, 0x9A, 0x33, 0x7B, 0x18, 0xBC, 0xAC,
    0x26, 0xEE, 0x86, 0x79, 0x73, 0xA6, 0xCD, 0xA5, 0xF7, 0x1F, 0xA8, 0x9A, 0xA3, 0xA8, 0xA8, 0xD4,
    0x14, 0x0D, 0x05, 0xC9, 0x9B, 0xA0, 0x01, 0xF8, 0x9F, 0x78, 0x6A, 0x29, 0x49, 0x4D, 0xB5, 0x3C,
    0x68, 0xE4, 0xCC, 0x8F, 0x33, 0x3F, 0x2E, 0xF9, 0x89, 0xF5, 0xD5, 0xE7, 0x46, 0x3F, 0x67, 0x0D,
    0x92, 0x30, 0x3F, 0x3C, 0xB8, 0x9F, 0xCA, 0xFC, 0xE8, 0x57, 0x3F, 0x00, 0x1F, 0x9E, 0xC0, 0xD6,
    0xB0, 0x95, 0x46, 0x88, 0x9B, 0x58, 0xE8, 0xAE, 0x0D, 0xE2, 0x32, 0x56, 0x1B, 0xCD, 0x01, 0x71,
    0x1F, 0xAF, 0x33, 0xD5, 0x01, 0x71, 0x25, 0xDB, 0x91, 0x72, 0x87, 0xB8, 0x95, 0xDD, 0xC0, 0x65,
    0x39, 0x79, 0xB0, 0x39, 0x32, 0x0E, 0x3E, 0xCF, 0x96, 0x32, 0x23, 0x97, 0x67, 0x4D, 0x79, 0xDE,
    0xD2, 0x81, 0x67, 0xD9, 0xBD, 0x72, 0x7F, 0xF1, 0x97, 0x71, 0xCE, 0xC7, 0x61, 0x19, 0x51, 0x69,
    0x24, 0x58, 0x3E, 0x92, 0x9C, 0x94, 0x19, 0xC0, 0x66, 0xDA, 0xF2, 0x7A, 0x2B, 0xC9, 0xF2, 0x42,
    0x27, 0x5B, 0x5E, 0x3B, 0xAD, 0xC8, 0x79, 0x89, 0x9C, 0x97, 0x72, 0x5E, 0x85, 0xB0, 0xBC, 0x7C,
    0xE6, 0xE0, 0x5F, 0xFD, 0xCD, 0x96, 0xD7, 0x97, 0x93, 0x2D, 0xAF, 0x3D, 0xDE, 0xCB, 0xEE, 0xFF,
    0x89, 0xBC, 0xC0, 0xF2, 0xA2, 0xCE, 0x79, 0x7D, 0x4F, 0x79, 0x65, 0x06, 0xDE, 0x11, 0x4F, 0xA3,
    0x15, 0xFB, 0x7F, 0xF6, 0x31, 0x23, 0xDA, 0x19, 0xA8, 0x17, 0xEA, 0x35, 0xE6, 0x44, 0xB9, 0x01,
    0xED, 0x94, 0x6A, 0x37, 0xFE, 0xB1, 0xD6, 0x56, 0x9B, 0xE3, 0xE6, 0xCF, 0x1C, 0x25, 0x0D, 0xB9,
    0x5A, 0xDF, 0x23, 0xD4, 0x1D, 0xE8, 0x27, 0x4A, 0x41, 0xA1, 0x85, 0x42, 0x9E, 0x5E, 0x5A, 0x91,
    0xA6, 0x5E, 0xDA, 0x68, 0x35, 0x02, 0x50, 0x24, 0x45, 0x26, 0x8A, 0x56, 0x4B, 0xBA, 0xD6, 0x0F,
    0x39, 0x80, 0x6A, 0xA5, 0x1B, 0x89, 0x92, 0xCE, 0x17, 0xD0, 0x8C, 0xC9, 0x1A, 0xED, 0x40, 0xF5,
    0x7B, 0xB0, 0x1E, 0xFB, 0xD4, 0x6A, 0xDF, 0xDB, 0x1D, 0x37, 0x57, 0x4A, 0x5B, 0x29, 0xC9, 0x5F,
    0x97, 0x7A, 0x8F, 0xD0, 0x0D, 0x97, 0x23, 0x36, 0xF7, 0x8E, 0x04, 0x01, 0xBE, 0x19, 0xF0, 0x35,
    0x81, 0x87, 0xD4, 0x33, 0x1A, 0x74, 0xBB, 0x41, 0xA3, 0x31, 0x41, 0xA5, 0x23, 0x01, 0x41, 0xF6,
    0xF4, 0x5A, 0x6B, 0x02, 0xC2, 0x61, 0x50, 0xCB, 0xA0, 0x90, 0x3B, 0xE1, 0x3F, 0xE8, 0xFD, 0x09,
    0x9F, 0xA0, 0x8B, 0xB0, 0x45, 0xD8, 0xE0, 0x80, 0xDE, 0x55, 0x1B, 0x08, 0x14, 0x85, 0xF6, 0x43,
    0xB9, 0x53, 0xCA, 0xD1, 0x2A, 0x2A, 0xD5, 0x50, 0x49, 0x1E, 0x7A, 0x0D, 0xFC, 0x9C, 0x68, 0x00,
    0xC8, 0xD0, 0x10, 0x06, 0x00, 0x3C, 0xCE, 0x01, 0x66, 0xC5, 0x40, 0x18, 0xC4, 0xF1, 0x79, 0xFB,
    0xB0, 0x58, 0xBC, 0xDE, 0x20, 0x47, 0xE8, 0x11, 0x12, 0x7A, 0x9A, 0x82, 0x5E, 0xA0, 0x24, 0x37,
    0x4B, 0x8E, 0x90, 0x23, 0x14, 0x3D, 0x40, 0xB0, 0x58, 0x74, 0x77, 0x9A, 0x19, 0x76, 0x07, 0xEB,
    0x1F, 0x7E, 0x3E, 0x81, 0xF6, 0x86, 0xB1, 0xEF, 0x51, 0x0F, 0x2E, 0x3D, 0x23, 0xCF, 0x9E, 0x13,
    0x73, 0xCF, 0x95, 0x75, 0x50, 0x1A, 0x9B, 0xD2, 0xD8, 0x94, 0xC2, 0xA6, 0xBF, 0xF8, 0x32, 0xC6,
    0xA3, 0x8E, 0xCB, 0x31, 0xE3, 0x13, 0xB3, 0xF1, 0x74, 0x81, 0x98, 0xB2, 0xE9, 0x15, 0xB8, 0xBD,
    0xAA, 0x28, 0xF3, 0x93, 0x47, 0x12, 0x8E, 0x6C, 0x1F, 0x3C, 0xF4, 0x1B, 0xBE, 0xCA, 0x2D, 0xEA,
    0xF2, 0xEA, 0x4C, 0xAC, 0x37, 0xD5, 0xF0, 0x22, 0x97, 0xA8, 0x6A, 0x62, 0xA7, 0xE9, 0x1F, 0x66,
    0x32, 0xBF, 0x2B, 0x2F, 0xB1, 0x92, 0x94, 0x8B, 0xDE, 0x9F, 0x60, 0xBA, 0xEB, 0x8A, 0xDF, 0xA7,
    0xBF, 0x21, 0xAC, 0x2C, 0x40, 0x52, 0x8A, 0x02, 0xC2, 0x34, 0x85, 0xB1, 0xA9, 0x31, 0x4D, 0x85,
    0x5B, 0x30, 0x15, 0x2E, 0x30, 0x15, 0xCE, 0xD8, 0x45, 0x85, 0xEF, 0x14, 0x15, 0x2E, 0x30, 0x15,
    0x6E, 0xC1, 0xD4, 0x98, 0xA6, 0xC6, 0x34, 0x35, 0x36, 0xF5, 0x44, 0xFB, 0xFE, 0xB7, 0x0F, 0x11,
    0x6F, 0x1A, 0x0C, 0x68, 0x00, 0x00,
};

static const EpdGlyph notoserif_en_22_regularGlyphs[] = {
    { 0, 0, 191, 0, 0, 0, 0 }, // U+0020
    { 7, 34, 243, 4, 33, 60, 0 }, // !
    { 15, 12, 299, 2, 33, 45, 60 }, // "
    { 24, 33, 410, 1, 33, 198, 105 }, // #
    { 21, 39, 410, 2, 35, 205, 303 }, // $
    { 37, 35, 657, 2, 34, 324, 508 }, // %
    { 33, 35, 544, 1, 34, 289, 832 }, // &
    { 6, 12, 161, 2, 33, 18, 1121 }, // '
    { 13, 41, 254, 2, 35, 134, 1139 }, // (
    { 13, 41, 254, 1, 35, 134, 1273 }, // )
    { 20, 18, 367, 1, 35, 90, 1407 }, // *
    { 21, 21, 410, 2, 27, 111, 1497 }, // +
    { 8, 14, 183, 1, 6, 28, 1608 }, // ,
    { 13, 5, 227, 1, 15, 17, 1636 }, // -
    { 7, 7, 183, 2, 6, 13, 1653 }, // .
    { 14, 41, 211, 0, 35, 144, 1666 }, // /
    { 23, 35, 425, 2, 34, 202, 1810 }, // 0
    { 20, 33, 337, 0, 33, 165, 2012 }, // 1
    { 21, 34, 363, 1, 34, 179, 2177 }, // 2
    { 21, 35, 375, 1, 34, 184, 2356 }, // 3
    { 25, 33, 405, 0, 33, 207, 2540 }, // 4
    { 21, 34, 375, 1, 33, 179, 2747 }, // 5
    { 21, 35, 403, 2, 34, 184, 2926 }, // 6
    { 22, 33, 377, 1, 33, 182, 3110 }, // 7
    { 22, 35, 408, 2, 34, 193, 3292 }, // 8
    { 21, 35, 403, 2, 34, 184, 3485 }, // 9
    { 7, 26, 210, 3, 25, 46, 3669 }, // :
    { 8, 33, 210, 2, 25, 66, 3715 }, // ;
    { 21, 23, 410, 2, 28, 121, 3781 }, // <
    { 21, 13, 410, 2, 23, 69, 3902 }, // =
    { 21, 23, 410, 2, 28, 121, 3971 }, // >
    { 19, 35, 348, 1, 34, 167, 4092 }, // ?
    { 38, 40, 675, 2, 33, 380, 4259 }, // @
    { 33, 33, 517, 0, 33, 273, 4639 }, // A
    { 27, 33, 480, 1, 33, 223, 4912 }, // B
    { 25, 35, 450, 2, 34, 219, 5135 }, // C
    { 30, 33, 533, 1, 33, 248, 5354 }, // D
    { 26, 33, 457, 1, 33, 215, 5602 }, // E
    { 25, 33, 433, 1, 33, 207, 5817 }, // F
    { 30, 35, 524, 2, 34, 263, 6024 }, // G
    { 34, 33, 581, 1, 33, 281, 6287 }, // H
    { 15, 33, 269, 1, 33, 124, 6568 }, // I
    { 17, 44, 262, -1, 33, 187, 6692 }, // J
    { 32, 33, 513, 1, 33, 264, 6879 }, // K
    { 26, 33, 457, 1, 33, 215, 7143 }, // L
    { 41, 33, 688, 1, 33, 339, 7358 }, // M
    { 33, 33, 559, 1, 33, 273, 7697 }, // N
    { 30, 35, 544, 2, 34, 263, 7970 }, // O
    { 25, 33, 443, 1, 33, 207, 8233 }, // P
    { 30, 45, 544, 2, 34, 338, 8440 }, // Q
    { 30, 33, 481, 1, 33, 248, 8778 }, // R
    { 21, 35, 399, 2, 34, 184, 9026 }, // S
    { 28, 33, 449, 0, 33, 231, 9210 }, // T
    { 33, 34, 526, 0, 33, 281, 9441 }, // U
    { 31, 33, 495, 0, 33, 256, 9722 }, // V
    { 48, 33, 768, 0, 33, 396, 9978 }, // W
    { 30, 33, 484, 0, 33, 248, 10374 }, // X
    { 30, 33, 458, -1, 33, 248, 10622 }, // Y
    { 25, 33, 434, 1, 33, 207, 10870 }, // Z
    { 11, 41, 264, 4, 35, 113, 11077 }, // [
    { 14, 41, 211, 0, 35, 144, 11190 }, // <backslash>
    { 11, 41, 264, 1, 35, 113, 11334 }, // ]
    { 22, 21, 410, 2, 33, 116, 11447 }, // ^
    { 23, 4, 337, -1, -3, 23, 11563 }, // _
    { 10, 9, 201, 1, 36, 23, 11586 }, // `
    { 22, 27, 413, 2, 26, 149, 11609 }, // a
    { 26, 36, 450, 0, 35, 234, 11758 }, // b
    { 19, 27, 361, 2, 26, 129, 11992 }, // c
    { 26, 36, 450, 2, 35, 234, 12121 }, // d
    { 21, 27, 392, 2, 26, 142, 12355 }, // e
    { 20, 36, 271, 1, 36, 180, 12497 }, // f
    { 24, 37, 394, 1, 26, 222, 12677 }, // g
    { 28, 35, 466, 0, 35, 245, 12899 }, // h
    { 14, 35, 235, 1, 35, 123, 13144 }, // i
    { 11, 46, 220, -1, 35, 127, 13267 }, // j
    { 27, 35, 429, 0, 35, 237, 13394 }, // k
    { 14, 35, 227, 0, 35, 123, 13631 }, // l
    { 42, 26, 693, 1, 26, 273, 13754 }, // m
    { 28, 26, 473, 1, 26, 182, 14027 }, // n
    { 22, 27, 423, 2, 26, 149, 14209 }, // o
    { 26, 37, 450, 0, 26, 241, 14358 }, // p
    { 26, 37, 450, 2, 26, 241, 14599 }, // q
    { 20, 26, 345, 1, 26, 130, 14840 }, // r
    { 17, 26, 331, 2, 25, 111, 14970 }, // s
    { 16, 32, 258, 0, 31, 128, 15081 }, // t
    { 28, 26, 466, 1, 25, 182, 15209 }, // u
    { 27, 25, 425, 0, 25, 169, 15391 }, // v
    { 40, 25, 632, 0, 25, 250, 15560 }, // w
    { 27, 25, 424, 0, 25, 169, 15810 }, // x
    { 26, 36, 414, 0, 25, 234, 15979 }, // y
    { 20, 25, 375, 1, 25, 125, 16213 }, // z
    { 16, 41, 314, 2, 35, 164, 16338 }, // {
    { 4, 46, 410, 11, 35, 46, 16502 }, // |
    { 16, 41, 314, 2, 35, 164, 16548 }, // }
    { 22, 9, 410, 2, 21, 50, 16712 }, // ~
    { 0, 0, 191, 0, 0, 0, 0 }, // U+00A0
    { 7, 34, 243, 4, 25, 60, 0 }, // U+00A1
    { 20, 33, 410, 3, 33, 165, 60 }, // U+00A2
    { 23, 35, 410, 2, 34, 202, 225 }, // U+00A3
    { 21, 21, 410, 2, 27, 111, 427 }, // U+00A4
    { 26, 33, 410, 0, 33, 215, 538 }, // U+00A5
    { 4, 46, 410, 11, 35, 46, 753 }, // U+00A6
    { 20, 41, 399, 3, 35, 205, 799 }, // U+00A7
    { 14, 7, 423, 6, 35, 25, 1004 }, // U+00A8
    { 35, 35, 620, 2, 34, 307, 1029 }, // U+00A9
    { 16, 16, 280, 1, 33, 64, 1336 }, // U+00AA
    { 19, 19, 377, 2, 22, 91, 1400 }, // U+00AB
    { 21, 13, 410, 2, 18, 69, 1491 }, // U+00AC
    { 13, 5, 227, 1, 15, 17, 1560 }, // U+00AD
    { 35, 35, 620, 2, 34, 307, 1577 }, // U+00AE
    { 23, 4, 337, -1, 38, 23, 1884 }, // U+00AF
    { 15, 15, 293, 2, 34, 57, 1907 }, // U+00B0
    { 21, 27, 410, 2, 27, 142, 1964 }, // U+00B1
    { 15, 21, 293, 1, 38, 79, 2106 }, // U+00B2
    { 16, 21, 293, 1, 38, 84, 2185 }, // U+00B3
    { 10, 9, 201, 1, 36, 23, 2269 }, // U+00B4
    { 24, 36, 451, 3, 25, 216, 2292 }, // U+00B5
    { 26, 41, 452, 1, 35, 267, 2508 }, // U+00B6
    { 7, 7, 183, 2, 20, 13, 2775 }, // U+00B7
    { 11, 12, 244, 2, 1, 33, 2788 }, // U+00B8
    { 15, 21, 293, 1, 38, 79, 2821 }, // U+00B9
    { 16, 16, 291, 1, 33, 64, 2900 }, // U+00BA
    { 19, 19, 377, 2, 22, 91, 2964 }, // U+00BB
    { 38, 34, 616, 0, 33, 323, 3055 }, // U+00BC
    { 37, 34, 616, 0, 33, 315, 3378 }, // U+00BD
    { 37, 34, 616, 1, 33, 315, 3693 }, // U+00BE
    { 20, 34, 348, 1, 25, 170, 4008 }, // U+00BF
    { 33, 44, 517, 0, 44, 363, 4178 }, // U+00C0
    { 33, 44, 517, 0, 44, 363, 4541 }, // U+00C1
    { 33, 44, 517, 0, 44, 363, 4904 }, // U+00C2
    { 33, 42, 517, 0, 42, 347, 5267 }, // U+00C3
    { 33, 43, 517, 0, 43, 355, 5614 }, // U+00C4
    { 33, 41, 517, 0, 41, 339, 5969 }, // U+00C5
    { 42, 33, 697, 0, 33, 347, 6308 }, // U+00C6
    { 25, 45, 450, 2, 34, 282, 6655 }, // U+00C7
    { 26, 44, 457, 1, 44, 286, 6937 }, // U+00C8
    { 26, 44, 457, 1, 44, 286, 7223 }, // U+00C9
    { 26, 44, 457, 1, 44, 286, 7509 }, // U+00CA
    { 26, 43, 457, 1, 43, 280, 7795 }, // U+00CB
    { 15, 44, 269, 1, 44, 165, 8075 }, // U+00CC
    { 15, 44, 269, 1, 44, 165, 8240 }, // U+00CD
    { 15, 44, 269, 1, 44, 165, 8405 }, // U+00CE
    { 15, 43, 269, 1, 43, 162, 8570 }, // U+00CF
    { 30, 33, 533, 1, 33, 248, 8732 }, // U+00D0
    { 33, 42, 559, 1, 42, 347, 8980 }, // U+00D1
    { 30, 45, 544, 2, 44, 338, 9327 }, // U+00D2
    { 30, 45, 544, 2, 44, 338, 9665 }, // U+00D3
    { 30, 45, 544, 2, 44, 338, 10003 }, // U+00D4
    { 30, 43, 544, 2, 42, 323, 10341 }, // U+00D5
    { 30, 44, 544, 2, 43, 330, 10664 }, // U+00D6
    { 20, 20, 410, 3, 26, 100, 10994 }, // U+00D7
    { 30, 37, 544, 2, 35, 278, 11094 }, // U+00D8
    { 33, 45, 526, 0, 44, 372, 11372 }, // U+00D9
    { 33, 45, 526, 0, 44, 372, 11744 }, // U+00DA
    { 33, 45, 526, 0, 44, 372, 12116 }, // U+00DB
    { 33, 44, 526, 0, 43, 363, 12488 }, // U+00DC
    { 30, 44, 458, -1, 44, 330, 12851 }, // U+00DD
    { 25, 33, 443, 1, 33, 207, 13181 }, // U+00DE
    { 27, 36, 474, 1, 35, 243, 13388 }, // U+00DF
    { 22, 37, 413, 2, 36, 204, 13631 }, // U+00E0
    { 22, 37, 413, 2, 36, 204, 13835 }, // U+00E1
    { 22, 37, 413, 2, 36, 204, 14039 }, // U+00E2
    { 22, 35, 413, 2, 34, 193, 14243 }, // U+00E3
    { 22, 36, 413, 2, 35, 198, 14436 }, // U+00E4
    { 22, 39, 413, 2, 38, 215, 14634 }, // U+00E5
    { 35, 27, 617, 2, 26, 237, 14849 }, // U+00E6
    { 19, 37, 361, 2, 26, 176, 15086 }, // U+00E7
    { 21, 37, 392, 2, 36, 195, 15262 }, // U+00E8
    { 21, 37, 392, 2, 36, 195, 15457 }, // U+00E9
    { 21, 37, 392, 2, 36, 195, 15652 }, // U+00EA
    { 21, 36, 392, 2, 35, 189, 15847 }, // U+00EB
    { 15, 36, 235, 0, 36, 135, 16036 }, // U+00EC
    { 14, 36, 235, 1, 36, 126, 16171 }, // U+00ED
    { 15, 36, 235, 0, 36, 135, 16297 }, // U+00EE
    { 15, 35, 235, 0, 35, 132, 16432 }, // U+00EF
    { 22, 36, 423, 2, 35, 198, 16564 }, // U+00F0
    { 28, 34, 473, 1, 34, 238, 16762 }, // U+00F1
    { 22, 37, 423, 2, 36, 204, 17000 }, // U+00F2
    { 22, 37, 423, 2, 36, 204, 17204 }, // U+00F3
    { 22, 37, 423, 2, 36, 204, 17408 }, // U+00F4
    { 22, 35, 423, 2, 34, 193, 17612 }, // U+00F5
    { 22, 36, 423, 2, 35, 198, 17805 }, // U+00F6
    { 21, 23, 410, 2, 28, 121, 18003 }, // U+00F7
    { 22, 29, 423, 2, 27, 160, 18124 }, // U+00F8
    { 28, 37, 466, 1, 36, 259, 18284 }, // U+00F9
    { 28, 37, 466, 1, 36, 259, 18543 }, // U+00FA
    { 28, 37, 466, 1, 36, 259, 18802 }, // U+00FB
    { 28, 36, 466, 1, 35, 252, 19061 }, // U+00FC
    { 26, 47, 414, 0, 36, 306, 19313 }, // U+00FD
    { 26, 46, 450, 0, 35, 299, 19619 }, // U+00FE
    { 26, 46, 414, 0, 35, 299, 19918 }, // U+00FF
    { 41, 35, 703, 2, 34, 359, 0 }, // U+0152
    { 38, 27, 664, 2, 26, 257, 359 }, // U+0153
    { 21, 45, 399, 2, 44, 237, 616 }, // U+0160
    { 17, 37, 331, 2, 36, 158, 853 }, // U+0161
    { 30, 43, 458, -1, 43, 323, 1011 }, // U+0178
    { 25, 44, 434, 1, 44, 275, 1334 }, // U+017D
    { 20, 36, 375, 1, 36, 180, 1609 }, // U+017E
    { 25, 47, 331, -1, 36, 294, 0 }, // U+0192
    { 15, 9, 275, 1, 36, 34, 0 }, // U+02C6
    { 18, 7, 320, 1, 34, 32, 34 }, // U+02DC
    { 10, 9, 0, -20, 36, 23, 0 }, // U+0300
    { 10, 9, 0, -14, 36, 23, 23 }, // U+0301
    { 15, 9, 0, -21, 36, 34, 46 }, // U+0302
    { 17, 7, 0, -23, 34, 30, 80 }, // U+0303
    { 14, 3, 0, -7, 31, 11, 110 }, // U+0304
    { 20, 4, 0, -10, 38, 20, 121 }, // U+0305
    { 14, 8, 0, -7, 35, 28, 141 }, // U+0306
    { 6, 6, 0, -3, 35, 9, 169 }, // U+0307
    { 14, 7, 0, -7, 35, 25, 178 }, // U+0308
    { 11, 11, 0, -19, 38, 31, 203 }, // U+0309
    { 12, 11, 0, -6, 38, 33, 234 }, // U+030A
    { 18, 9, 0, -7, 36, 41, 267 }, // U+030B
    { 15, 9, 0, -21, 36, 34, 308 }, // U+030C
    { 4, 8, 0, -2, 35, 8, 342 }, // U+030D
    { 10, 8, 0, -5, 35, 20, 350 }, // U+030E
    { 17, 9, 0, -24, 36, 39, 370 }, // U+030F
    { 14, 12, 0, -7, 39, 42, 409 }, // U+0310
    { 14, 8, 0, -7, 35, 28, 451 }, // U+0311
    { 8, 14, 0, -4, 33, 28, 479 }, // U+0312
    { 8, 14, 0, -4, 33, 28, 507 }, // U+0313
    { 8, 14, 0, -4, 33, 28, 535 }, // U+0314
    { 8, 14, 0, -4, 33, 28, 563 }, // U+0315
    { 10, 9, 0, -5, -2, 23, 591 }, // U+0316
    { 10, 9, 0, -5, -2, 23, 614 }, // U+0317
    { 8, 9, 0, -4, -1, 18, 637 }, // U+0318
    { 8, 9, 0, -4, -1, 18, 655 }, // U+0319
    { 12, 11, 254, 0, 35, 33, 673 }, // U+031A
    { 9, 12, 0, -5, 36, 27, 706 }, // U+031B
    { 6, 10, 0, -3, -1, 15, 733 }, // U+031C
    { 10, 8, 0, -5, -2, 20, 748 }, // U+031D
    { 10, 8, 0, -5, -2, 20, 768 }, // U+031E
    { 10, 10, 0, -5, -1, 25, 788 }, // U+031F
    { 10, 3, 0, -5, -4, 8, 813 }, // U+0320
    { 9, 12, 0, -9, 2, 27, 821 }, // U+0321
    { 9, 12, 0, 0, 2, 27, 848 }, // U+0322
    { 6, 7, 0, -17, -2, 11, 875 }, // U+0323
    { 14, 7, 0, -7, -2, 25, 886 }, // U+0324
    { 12, 10, 0, -6, -1, 30, 911 }, // U+0325
    { 6, 9, 0, -3, -2, 14, 941 }, // U+0326
    { 10, 12, 0, -5, 1, 30, 955 }, // U+0327
    { 10, 11, 0, -5, 0, 28, 985 }, // U+0328
    { 4, 9, 0, -2, -1, 9, 1013 }, // U+0329
    { 18, 8, 0, -9, -3, 36, 1022 }, // U+032A
    { 16, 7, 0, -8, -2, 28, 1058 }, // U+032B
    { 14, 9, 0, -7, -2, 32, 1086 }, // U+032C
    { 14, 9, 0, -7, -2, 32, 1118 }, // U+032D
    { 14, 7, 0, -7, -3, 25, 1150 }, // U+032E
    { 14, 7, 0, -7, -3, 25, 1175 }, // U+032F
    { 18, 7, 0, -9, -2, 32, 1200 }, // U+0330
    { 14, 4, 0, -7, -3, 14, 1232 }, // U+0331
    { 20, 4, 0, -10, -3, 20, 1246 }, // U+0332
    { 20, 10, 0, -10, -1, 50, 1266 }, // U+0333
    { 18, 7, 0, -9, 16, 32, 1316 }, // U+0334
    { 18, 4, 0, -9, 15, 18, 1348 }, // U+0335
    { 30, 4, 0, -15, 15, 30, 1366 }, // U+0336
    { 16, 12, 0, -8, 19, 48, 1396 }, // U+0337
    { 19, 40, 0, -10, 36, 190, 1444 }, // U+0338
    { 6, 10, 0, -3, -1, 15, 1634 }, // U+0339
    { 18, 8, 0, -9, -3, 36, 1649 }, // U+033A
    { 18, 9, 0, -9, -2, 41, 1685 }, // U+033B
    { 16, 7, 0, -8, -2, 28, 1726 }, // U+033C
    { 10, 9, 0, -5, 35, 23, 1754 }, // U+033D
    { 6, 14, 0, -3, 40, 21, 1777 }, // U+033E
    { 20, 10, 0, -10, 44, 50, 1798 }, // U+033F
    { 10, 9, 0, -6, 36, 23, 1848 }, // U+0340
    { 10, 9, 0, -4, 36, 23, 1871 }, // U+0341
    { 18, 7, 0, -9, 34, 32, 1894 }, // U+0342
    { 7, 10, 0, -4, 37, 18, 1926 }, // U+0343
    { 18, 11, 0, -8, 37, 50, 1944 }, // U+0344
    { 7, 8, 0, 3, -3, 14, 1994 }, // U+0345
    { 18, 8, 0, -9, 35, 36, 2008 }, // U+0346
    { 20, 10, 0, -10, -1, 50, 2044 }, // U+0347
    { 10, 8, 0, -5, -1, 20, 2094 }, // U+0348
    { 8, 8, 0, -4, -3, 16, 2114 }, // U+0349
    { 18, 10, 0, -9, 36, 45, 2130 }, // U+034A
    { 18, 17, 0, -9, 43, 77, 2175 }, // U+034B
    { 18, 14, 0, -9, 40, 63, 2252 }, // U+034C
    { 14, 9, 0, -7, -1, 32, 2315 }, // U+034D
    { 10, 11, 0, -5, 0, 28, 2347 }, // U+034E
    { 34, 33, 0, -17, 33, 281, 2375 }, // U+034F
    { 10, 10, 0, -5, 36, 25, 2656 }, // U+0350
    { 6, 11, 0, -3, 38, 17, 2681 }, // U+0351
    { 14, 12, 0, -7, 39, 42, 2698 }, // U+0352
    { 10, 9, 0, -5, -2, 23, 2740 }, // U+0353
    { 10, 10, 0, -5, -1, 25, 2763 }, // U+0354
    { 10, 10, 0, -5, -1, 25, 2788 }, // U+0355
    { 18, 10, 0, -9, -1, 45, 2813 }, // U+0356
    { 6, 11, 0, -3, 38, 17, 2858 }, // U+0357
    { 7, 6, 0, 4, 35, 11, 2875 }, // U+0358
    { 12, 10, 0, -6, -1, 30, 2886 }, // U+0359
    { 16, 10, 0, -8, -1, 40, 2916 }, // U+035A
    { 10, 9, 0, -5, 36, 23, 2956 }, // U+035B
    { 36, 9, 0, -18, -1, 81, 2979 }, // U+035C
    { 36, 9, 0, -18, 36, 81, 3060 }, // U+035D
    { 28, 4, 0, -14, 31, 28, 3141 }, // U+035E
    { 28, 4, 0, -14, -3, 28, 3169 }, // U+035F
    { 36, 7, 0, -18, 35, 63, 3197 }, // U+0360
    { 36, 9, 0, -18, 38, 81, 3260 }, // U+0361
    { 28, 9, 0, -14, -1, 63, 3341 }, // U+0362
    { 11, 11, 0, -5, 39, 31, 3404 }, // U+0363
    { 9, 11, 0, -4, 39, 25, 3435 }, // U+0364
    { 7, 15, 0, -3, 43, 27, 3460 }, // U+0365
    { 11, 11, 0, -5, 39, 31, 3487 }, // U+0366
    { 13, 11, 0, -6, 39, 36, 3518 }, // U+0367
    { 9, 11, 0, -4, 39, 25, 3554 }, // U+0368
    { 12, 15, 0, -5, 43, 45, 3579 }, // U+0369
    { 13, 15, 0, -6, 43, 49, 3624 }, // U+036A
    { 19, 11, 0, -9, 39, 53, 3673 }, // U+036B
    { 9, 11, 0, -4, 39, 25, 3726 }, // U+036C
    { 7, 13, 0, -3, 41, 23, 3751 }, // U+036D
    { 13, 11, 0, -6, 39, 36, 3774 }, // U+036E
    { 13, 11, 0, -6, 39, 36, 3810 }, // U+036F
    { 0, 0, 367, 0, 0, 0, 0 }, // U+2000
    { 0, 0, 733, 0, 0, 0, 0 }, // U+2001
    { 0, 0, 367, 0, 0, 0, 0 }, // U+2002
    { 0, 0, 733, 0, 0, 0, 0 }, // U+2003
    { 0, 0, 244, 0, 0, 0, 0 }, // U+2004
    { 0, 0, 183, 0, 0, 0, 0 }, // U+2005
    { 0, 0, 122, 0, 0, 0, 0 }, // U+2006
    { 0, 0, 410, 0, 0, 0, 0 }, // U+2007
    { 0, 0, 183, 0, 0, 0, 0 }, // U+2008
    { 0, 0, 122, 0, 0, 0, 0 }, // U+2009
    { 0, 0, 73, 0, 0, 0, 0 }, // U+200A
    { 0, 0, 0, 0, 0, 0, 0 }, // U+200B
    { 2, 36, 0, -1, 29, 18, 0 }, // U+200C
    { 10, 39, 0, -5, 32, 98, 18 }, // U+200D
    { 11, 39, 0, -1, 32, 108, 116 }, // U+200E
    { 11, 39, 0, -10, 32, 108, 224 }, // U+200F
    { 13, 5, 227, 1, 15, 17, 332 }, // U+2010
    { 13, 5, 227, 1, 15, 17, 349 }, // U+2011
    { 23, 4, 410, 1, 19, 23, 366 }, // U+2012
    { 25, 4, 367, -1, 14, 25, 389 }, // U+2013
    { 48, 4, 733, -1, 14, 48, 414 }, // U+2014
    { 48, 4, 733, -1, 14, 48, 462 }, // U+2015
    { 11, 46, 410, 7, 35, 127, 510 }, // U+2016
    { 21, 9, 301, -1, -1, 48, 637 }, // U+2017
    { 9, 14, 183, 2, 33, 32, 685 }, // U+2018
    { 8, 14, 183, 1, 33, 28, 717 }, // U+2019
    { 8, 14, 183, 1, 6, 28, 745 }, // U+201A
    { 9, 14, 183, 2, 33, 32, 773 }, // U+201B
    { 18, 14, 330, 2, 33, 63, 805 }, // U+201C
    { 18, 14, 330, 1, 33, 63, 868 }, // U+201D
    { 18, 14, 330, 1, 6, 63, 931 }, // U+201E
    { 18, 14, 330, 2, 33, 63, 994 }, // U+201F
    { 18, 41, 328, 1, 35, 185, 1057 }, // U+2020
    { 18, 41, 328, 1, 35, 185, 1242 }, // U+2021
    { 13, 14, 265, 2, 23, 46, 1427 }, // U+2022
    { 16, 15, 367, 4, 24, 60, 1473 }, // U+2023
    { 7, 7, 183, 2, 20, 13, 1533 }, // U+2024
    { 20, 7, 393, 2, 20, 35, 1546 }, // U+2025
    { 33, 7, 629, 3, 6, 58, 1581 }, // U+2026
    { 7, 7, 183, 2, 16, 13, 1639 }, // U+2027
    { 0, 0, 440, 0, 0, 0, 1652 }, // U+2028
    { 0, 0, 440, 0, 0, 0, 1652 }, // U+2029
    { 11, 35, 0, -1, 28, 97, 1652 }, // U+202A
    { 11, 35, 0, -10, 28, 97, 1749 }, // U+202B
    { 12, 39, 0, -6, 32, 117, 1846 }, // U+202C
    { 12, 39, 0, -6, 32, 117, 1963 }, // U+202D
    { 12, 39, 0, -6, 32, 117, 2080 }, // U+202E
    { 0, 0, 122, 0, 0, 0, 2197 }, // U+202F
    { 56, 35, 947, 2, 34, 490, 2197 }, // U+2030
    { 74, 35, 1236, 2, 34, 648, 2687 }, // U+2031
    { 8, 12, 138, 0, 33, 24, 3335 }, // U+2032
    { 17, 12, 276, 0, 33, 51, 3359 }, // U+2033
    { 25, 12, 414, 0, 33, 75, 3410 }, // U+2034
    { 8, 12, 138, 0, 33, 24, 3485 }, // U+2035
    { 17, 12, 276, 0, 33, 51, 3509 }, // U+2036
    { 25, 12, 414, 0, 33, 75, 3560 }, // U+2037
    { 15, 13, 293, 2, 2, 49, 3635 }, // U+2038
    { 11, 19, 244, 2, 22, 53, 3684 }, // U+2039
    { 10, 19, 244, 3, 22, 48, 3737 }, // U+203A
    { 33, 33, 601, 2, 33, 273, 3785 }, // U+203B
    { 17, 34, 410, 4, 33, 145, 4058 }, // U+203C
    { 22, 35, 396, 1, 34, 193, 4203 }, // U+203D
    { 23, 4, 337, -1, 38, 23, 4396 }, // U+203E
    { 36, 9, 0, -18, -1, 81, 4419 }, // U+203F
    { 36, 9, 0, -18, 38, 81, 4500 }, // U+2040
    { 21, 33, 330, 0, 33, 174, 4581 }, // U+2041
    { 42, 35, 733, 2, 35, 368, 4755 }, // U+2042
    { 13, 9, 265, 2, 21, 30, 5123 }, // U+2043
    { 21, 33, 45, -9, 33, 174, 5153 }, // U+2044
    { 11, 41, 264, 4, 35, 113, 5327 }, // U+2045
    { 11, 41, 264, 1, 35, 113, 5440 }, // U+2046
    { 42, 35, 700, 1, 34, 368, 5553 }, // U+2047
    { 30, 35, 563, 1, 34, 263, 5921 }, // U+2048
    { 30, 35, 557, 4, 34, 263, 6184 }, // U+2049
    { 21, 35, 410, 2, 26, 184, 6447 }, // U+204A
    { 26, 41, 452, 1, 35, 267, 6631 }, // U+204B
    { 25, 17, 438, 1, 25, 107, 6898 }, // U+204C
    { 25, 17, 438, 1, 25, 107, 7005 }, // U+204D
    { 20, 18, 367, 1, 25, 90, 7112 }, // U+204E
    { 8, 33, 210, 3, 25, 66, 7202 }, // U+204F
    { 30, 35, 535, 2, 34, 263, 7268 }, // U+2050
    { 20, 37, 367, 1, 35, 185, 7531 }, // U+2051
    { 15, 34, 241, 0, 33, 128, 7716 }, // U+2052
    { 22, 9, 410, 2, 21, 50, 7844 }, // U+2053
    { 36, 9, 0, -18, -1, 81, 7894 }, // U+2054
    { 21, 21, 396, 2, 27, 111, 7975 }, // U+2055
    { 22, 26, 450, 3, 25, 143, 8086 }, // U+2056
    { 31, 12, 507, 0, 33, 93, 8229 }, // U+2057
    { 26, 26, 520, 3, 25, 169, 8322 }, // U+2058
    { 26, 26, 520, 3, 25, 169, 8491 }, // U+2059
    { 7, 35, 210, 3, 34, 62, 8660 }, // U+205A
    { 26, 35, 520, 3, 34, 228, 8722 }, // U+205B
    { 26, 25, 511, 3, 25, 163, 8950 }, // U+205C
    { 7, 35, 210, 3, 34, 62, 9113 }, // U+205D
    { 7, 35, 210, 3, 34, 62, 9175 }, // U+205E
    { 0, 0, 163, 0, 0, 0, 9237 }, // U+205F
    { 0, 0, 440, 0, 0, 0, 9237 }, // U+2060
    { 0, 0, 440, 0, 0, 0, 9237 }, // U+2061
    { 0, 0, 440, 0, 0, 0, 9237 }, // U+2062
    { 0, 0, 440, 0, 0, 0, 9237 }, // U+2063
    { 0, 0, 440, 0, 0, 0, 9237 }, // U+2064
    { 0, 0, 0, 0, 0, 0, 9237 }, // U+2066
    { 0, 0, 0, 0, 0, 0, 9237 }, // U+2067
    { 0, 0, 0, 0, 0, 0, 9237 }, // U+2068
    { 0, 0, 0, 0, 0, 0, 9237 }, // U+2069
    { 12, 39, 0, -6, 32, 117, 9237 }, // U+206A
    { 12, 39, 0, -6, 32, 117, 9354 }, // U+206B
    { 12, 39, 0, -6, 32, 117, 9471 }, // U+206C
    { 12, 39, 0, -6, 32, 117, 9588 }, // U+206D
    { 12, 39, 0, -6, 32, 117, 9705 }, // U+206E
    { 12, 39, 0, -6, 32, 117, 9822 }, // U+206F
    { 16, 21, 293, 1, 38, 84, 0 }, // U+2070
    { 10, 22, 153, 0, 35, 55, 84 }, // U+2071
    { 18, 21, 293, 0, 38, 95, 139 }, // U+2074
    { 16, 21, 293, 1, 38, 84, 234 }, // U+2075
    { 15, 21, 293, 2, 38, 79, 318 }, // U+2076
    { 15, 21, 293, 2, 38, 79, 397 }, // U+2077
    { 16, 21, 293, 1, 38, 84, 476 }, // U+2078
    { 16, 21, 293, 1, 38, 84, 560 }, // U+2079
    { 16, 16, 288, 1, 35, 64, 644 }, // U+207A
    { 16, 3, 288, 1, 28, 12, 708 }, // U+207B
    { 16, 10, 288, 1, 32, 40, 720 }, // U+207C
    { 9, 28, 183, 3, 41, 63, 760 }, // U+207D
    { 10, 28, 183, -1, 41, 70, 823 }, // U+207E
    { 19, 16, 307, 0, 29, 76, 893 }, // U+207F
    { 16, 21, 293, 1, 16, 84, 969 }, // U+2080
    { 15, 21, 293, 1, 16, 79, 1053 }, // U+2081
    { 15, 21, 293, 1, 16, 79, 1132 }, // U+2082
    { 16, 21, 293, 1, 16, 84, 1211 }, // U+2083
    { 18, 21, 293, 0, 16, 95, 1295 }, // U+2084
    { 16, 21, 293, 1, 16, 84, 1390 }, // U+2085
    { 15, 21, 293, 2, 16, 79, 1474 }, // U+2086
    { 15, 21, 293, 2, 16, 79, 1553 }, // U+2087
    { 16, 21, 293, 1, 16, 84, 1632 }, // U+2088
    { 16, 21, 293, 1, 16, 84, 1716 }, // U+2089
    { 16, 16, 288, 1, 13, 64, 1800 }, // U+208A
    { 16, 3, 288, 1, 6, 12, 1864 }, // U+208B
    { 16, 10, 288, 1, 10, 40, 1876 }, // U+208C
    { 9, 28, 183, 3, 19, 63, 1916 }, // U+208D
    { 10, 28, 183, -1, 19, 70, 1979 }, // U+208E
    { 15, 16, 268, 1, 11, 60, 2049 }, // U+2090
    { 14, 16, 255, 1, 11, 56, 2109 }, // U+2091
    { 15, 16, 275, 1, 11, 60, 2165 }, // U+2092
    { 18, 16, 276, 0, 11, 72, 2225 }, // U+2093
    { 14, 16, 255, 1, 11, 56, 2297 }, // U+2094
    { 19, 22, 303, 0, 17, 105, 2353 }, // U+2095
    { 18, 22, 279, 0, 17, 99, 2458 }, // U+2096
    { 9, 22, 148, 0, 17, 50, 2557 }, // U+2097
    { 28, 16, 450, 0, 11, 112, 2607 }, // U+2098
    { 19, 16, 307, 0, 11, 76, 2719 }, // U+2099
    { 17, 22, 293, 0, 11, 94, 2795 }, // U+209A
    { 12, 16, 215, 1, 11, 48, 2889 }, // U+209B
    { 10, 19, 168, 0, 14, 48, 2937 }, // U+209C
    { 27, 34, 485, 2, 34, 230, 0 }, // U+20A0
    { 25, 38, 450, 2, 35, 238, 230 }, // U+20A1
    { 25, 35, 450, 2, 34, 219, 468 }, // U+20A2
    { 22, 33, 410, 2, 33, 182, 687 }, // U+20A3
    { 23, 35, 410, 2, 34, 202, 869 }, // U+20A4
    { 42, 37, 693, 1, 31, 389, 1071 }, // U+20A5
    { 30, 33, 486, 0, 33, 248, 1460 }, // U+20A6
    { 35, 34, 601, 1, 33, 298, 1708 }, // U+20A7
    { 44, 34, 749, 1, 33, 374, 2006 }, // U+20A8
    { 50, 33, 768, -1, 33, 413, 2380 }, // U+20A9
    { 32, 28, 654, 4, 28, 224, 2793 }, // U+20AA
    { 26, 42, 450, 2, 35, 273, 3017 }, // U+20AB
    { 24, 35, 410, 1, 34, 210, 3290 }, // U+20AC
    { 33, 33, 513, 0, 33, 273, 3500 }, // U+20AD
    { 28, 33, 410, 0, 33, 231, 3773 }, // U+20AE
    { 46, 47, 733, 0, 37, 541, 4004 }, // U+20AF
    { 24, 45, 410, -1, 34, 270, 4545 }, // U+20B0
    { 28, 33, 443, 0, 33, 231, 4815 }, // U+20B1
    { 30, 40, 524, 2, 36, 300, 5046 }, // U+20B2
    { 32, 33, 517, 0, 33, 264, 5346 }, // U+20B3
    { 25, 35, 399, 0, 34, 219, 5610 }, // U+20B4
    { 25, 40, 450, 2, 36, 250, 5829 }, // U+20B5
    { 26, 34, 435, 1, 33, 221, 6079 }, // U+20B6
    { 22, 39, 410, 1, 34, 215, 6300 }, // U+20B7
    { 24, 33, 410, 1, 33, 198, 6515 }, // U+20B8
    { 23, 33, 410, 2, 33, 190, 6713 }, // U+20B9
    { 25, 33, 410, 0, 33, 207, 6903 }, // U+20BA
    { 27, 35, 479, 1, 34, 237, 7110 }, // U+20BB
    { 28, 31, 576, 4, 31, 217, 7347 }, // U+20BC
    { 24, 33, 433, 2, 33, 198, 7564 }, // U+20BD
    { 27, 35, 493, 2, 35, 237, 7762 }, // U+20BE
    { 23, 40, 410, 1, 36, 230, 7999 }, // U+20BF
    { 20, 33, 361, 2, 26, 165, 8229 }, // U+20C0
    { 33, 34, 564, 1, 33, 281, 0 }, // U+2100
    { 34, 34, 573, 1, 33, 289, 281 }, // U+2101
    { 25, 35, 463, 2, 34, 219, 570 }, // U+2102
    { 43, 35, 733, 2, 34, 377, 789 }, // U+2103
    { 27, 33, 483, 2, 33, 223, 1166 }, // U+2104
    { 32, 34, 554, 1, 33, 272, 1389 }, // U+2105
    { 35, 34, 607, 2, 33, 298, 1661 }, // U+2106
    { 23, 35, 435, 2, 34, 202, 1959 }, // U+2107
    { 24, 35, 449, 2, 34, 210, 2161 }, // U+2108
    { 39, 34, 687, 2, 34, 332, 2371 }, // U+2109
    { 32, 37, 425, -4, 19, 296, 2703 }, // U+210A
    { 51, 35, 776, -1, 34, 447, 2999 }, // U+210B
    { 32, 39, 538, 0, 33, 312, 3446 }, // U+210C
    { 28, 33, 570, 4, 33, 231, 3758 }, // U+210D
    { 26, 36, 439, 1, 35, 234, 3989 }, // U+210E
    { 26, 36, 439, 1, 35, 234, 4223 }, // U+210F
    { 37, 35, 545, -1, 34, 324, 4457 }, // U+2110
    { 24, 34, 410, 1, 33, 204, 4781 }, // U+2111
    { 37, 35, 611, 0, 34, 324, 4985 }, // U+2112
    { 19, 35, 367, 2, 34, 167, 5309 }, // U+2113
    { 27, 35, 463, 1, 34, 237, 5476 }, // U+2114
    { 28, 33, 570, 4, 33, 231, 5713 }, // U+2115
    { 44, 33, 752, 1, 33, 363, 5944 }, // U+2116
    { 35, 35, 620, 2, 34, 307, 6307 }, // U+2117
    { 34, 42, 613, 2, 30, 357, 6614 }, // U+2118
    { 24, 33, 480, 4, 33, 198, 6971 }, // U+2119
    { 34, 42, 573, 2, 34, 357, 7169 }, // U+211A
    { 41, 35, 639, -1, 34, 359, 7526 }, // U+211B
    { 38, 35, 623, 1, 34, 333, 7885 }, // U+211C
    { 29, 33, 524, 4, 33, 240, 8218 }, // U+211D
    { 32, 33, 515, 1, 33, 264, 8458 }, // U+211E
    { 30, 47, 481, 1, 41, 353, 8722 }, // U+211F
    { 35, 18, 612, 2, 34, 158, 9075 }, // U+2120
    { 42, 17, 712, 1, 33, 179, 9233 }, // U+2121
    { 36, 17, 612, 1, 33, 153, 9412 }, // U+2122
    { 31, 47, 495, 0, 41, 365, 9565 }, // U+2123
    { 27, 33, 462, 1, 33, 223, 9930 }, // U+2124
    { 22, 44, 401, 1, 33, 242, 10153 }, // U+2125
    { 32, 34, 552, 1, 34, 272, 10395 }, // U+2126
    { 32, 34, 552, 1, 33, 272, 10667 }, // U+2127
    { 25, 42, 430, 0, 36, 263, 10939 }, // U+2128
    { 11, 26, 229, 1, 34, 72, 11202 }, // U+2129
    { 32, 33, 513, 1, 33, 264, 11274 }, // U+212A
    { 33, 41, 517, 0, 41, 339, 11538 }, // U+212B
    { 39, 35, 614, 0, 34, 342, 11877 }, // U+212C
    { 28, 35, 493, 2, 34, 245, 12219 }, // U+212D
    { 25, 26, 454, 2, 25, 163, 12464 }, // U+212E
    { 20, 20, 339, 1, 19, 100, 12627 }, // U+212F
    { 28, 35, 442, 1, 34, 245, 12727 }, // U+2130
    { 40, 35, 604, -1, 34, 350, 12972 }, // U+2131
    { 25, 33, 433, 1, 33, 207, 13322 }, // U+2132
    { 54, 35, 847, -1, 34, 473, 13529 }, // U+2133
    { 21, 20, 352, 1, 19, 105, 14002 }, // U+2134
    { 24, 31, 432, 2, 30, 186, 14107 }, // U+2135
    { 22, 30, 397, 1, 30, 165, 14293 }, // U+2136
    { 17, 31, 293, 0, 30, 132, 14458 }, // U+2137
    { 21, 31, 359, 0, 30, 163, 14590 }, // U+2138
    { 16, 36, 258, 0, 36, 144, 14753 }, // U+2139
    { 45, 30, 777, 2, 31, 338, 14897 }, // U+213A
    { 45, 17, 753, 1, 33, 192, 15235 }, // U+213B
    { 34, 26, 570, 2, 25, 221, 15427 }, // U+213C
    { 24, 36, 398, 0, 25, 216, 15648 }, // U+213D
    { 21, 33, 405, 4, 33, 174, 15864 }, // U+213E
    { 28, 33, 611, 4, 33, 231, 16038 }, // U+213F
    { 28, 44, 455, 1, 33, 308, 16269 }, // U+2140
    { 28, 35, 530, 3, 34, 245, 16577 }, // U+2141
    { 19, 33, 384, 1, 33, 157, 16822 }, // U+2142
    { 19, 33, 384, 1, 33, 157, 16979 }, // U+2143
    { 26, 33, 415, 0, 33, 215, 17136 }, // U+2144
    { 32, 33, 535, 1, 33, 264, 17351 }, // U+2145
    { 30, 36, 425, 0, 35, 270, 17615 }, // U+2146
    { 23, 27, 366, 0, 26, 156, 17885 }, // U+2147
    { 15, 36, 252, 1, 36, 135, 18041 }, // U+2148
    { 23, 47, 252, -7, 36, 271, 18176 }, // U+2149
    { 31, 37, 539, 1, 37, 287, 18447 }, // U+214A
    { 33, 35, 544, 0, 34, 289, 18734 }, // U+214B
    { 27, 35, 480, 2, 34, 237, 19023 }, // U+214C
    { 34, 34, 554, 0, 33, 289, 19260 }, // U+214D
    { 20, 25, 353, 1, 25, 125, 19549 }, // U+214E
    { 50, 27, 762, -1, 26, 338, 19674 }, // U+214F
    { 38, 34, 653, 1, 33, 323, 20012 }, // U+2150
    { 37, 34, 641, 1, 33, 315, 20335 }, // U+2151
    { 51, 34, 853, 1, 33, 434, 20650 }, // U+2152
    { 37, 34, 632, 1, 33, 315, 21084 }, // U+2153
    { 37, 34, 632, 1, 33, 315, 21399 }, // U+2154
    { 37, 34, 636, 1, 33, 315, 21714 }, // U+2155
    { 38, 34, 644, 1, 33, 323, 22029 }, // U+2156
    { 36, 34, 614, 1, 33, 306, 22352 }, // U+2157
    { 39, 34, 647, 0, 33, 332, 22658 }, // U+2158
    { 36, 34, 619, 1, 33, 306, 22990 }, // U+2159
    { 35, 34, 603, 1, 33, 298, 23296 }, // U+215A
    { 36, 34, 616, 0, 33, 306, 23594 }, // U+215B
    { 34, 34, 616, 2, 33, 289, 23900 }, // U+215C
    { 34, 34, 616, 2, 33, 289, 24189 }, // U+215D
    { 34, 34, 616, 2, 33, 289, 24478 }, // U+215E
    { 29, 33, 347, 1, 33, 240, 24767 }, // U+215F
    { 24, 35, 449, 2, 34, 210, 25007 }, // U+2183
    { 20, 27, 361, 1, 26, 135, 25217 }, // U+2184
    { 36, 34, 617, 1, 33, 306, 25352 }, // U+2189
    { 22, 5, 425, 2, 19, 28, 0 }, // U+2212
    { 35, 36, 519, 1, 36, 315, 0 }, // U+FB00
    { 29, 36, 486, 1, 36, 261, 315 }, // U+FB01
    { 29, 36, 485, 1, 36, 261, 576 }, // U+FB02
    { 45, 36, 735, 1, 36, 405, 837 }, // U+FB03
    { 45, 36, 734, 1, 36, 405, 1242 }, // U+FB04
    { 30, 37, 490, 0, 36, 278, 1647 }, // U+FB05
    { 34, 37, 579, 2, 36, 315, 1925 }, // U+FB06
    { 43, 43, 733, 1, 35, 463, 0 }, // U+FFFD
};

static const EpdUnicodeInterval notoserif_en_22_regularIntervals[] = {
    { 0x20, 0x7E, 0x0 },
    { 0xA0, 0xFF, 0x5F },
    { 0x152, 0x153, 0xBF },
    { 0x160, 0x161, 0xC1 },
    { 0x178, 0x178, 0xC3 },
    { 0x17D, 0x17E, 0xC4 },
    { 0x192, 0x192, 0xC6 },
    { 0x2C6, 0x2C6, 0xC7 },
    { 0x2DC, 0x2DC, 0xC8 },
    { 0x300, 0x36F, 0xC9 },
    { 0x2000, 0x2064, 0x139 },
    { 0x2066, 0x2071, 0x19E },
    { 0x2074, 0x208E, 0x1AA },
    { 0x2090, 0x209C, 0x1C5 },
    { 0x20A0, 0x20C0, 0x1D2 },
    { 0x2100, 0x215F, 0x1F3 },
    { 0x2183, 0x2184, 0x253 },
    { 0x2189, 0x2189, 0x255 },
    { 0x2212, 0x2212, 0x256 },
    { 0xFB00, 0xFB06, 0x257 },
    { 0xFFFD, 0xFFFD, 0x25E },
};

static const EpdFontGroup notoserif_en_22_regularGroups[] = {
    { 0, 5912, 17973, 95, 0 },
    { 5912, 4934, 21646, 96, 95 },
    { 10846, 760, 1942, 7, 191 },
    { 11606, 94, 329, 1, 198 },
    { 11700, 65, 71, 2, 199 },
    { 11765, 1958, 4228, 112, 201 },
    { 13723, 3194, 10629, 111, 313 },
    { 16917, 1128, 3213, 42, 424 },
    { 18045, 3349, 8776, 33, 466 },
    { 21394, 10581, 26735, 99, 499 },
    { 31975, 15, 30, 1, 598 },
    { 31990, 543, 2393, 7, 599 },
    { 32533, 193, 473, 1, 606 },
};

static const uint16_t notoserif_en_22_regularKernLeftCodepoints[] = {
    0x0022, 0x0026, 0x0027, 0x002A, 0x002C, 0x002E, 0x0040, 0x0041, 0x0042, 0x0044, 0x0045, 0x0046,
    0x0047, 0x004B, 0x004C, 0x004E, 0x004F, 0x0050, 0x0051, 0x0052, 0x0053, 0x0054, 0x0055, 0x0056,
    0x0057, 0x0058, 0x0059, 0x0061, 0x0062, 0x0065, 0x0066, 0x0067, 0x0068, 0x006B, 0x006D, 0x006E,
    0x006F, 0x0070, 0x0072, 0x0073, 0x0076, 0x0077, 0x0079, 0x00A1, 0x00BF, 0x00C0, 0x00C1, 0x00C2,
    0x00C3, 0x00C4, 0x00C5, 0x00C6, 0x00C8, 0x00C9, 0x00CA, 0x00CB, 0x00D0, 0x00D1, 0x00D2, 0x00D3,
    0x00D4, 0x00D5, 0x00D6, 0x00D8, 0x00D9, 0x00DA, 0x00DB, 0x00DC, 0x00DD, 0x00DE, 0x00DF, 0x00E0,
    0x00E1, 0x00E2, 0x00E3, 0x00E4, 0x00E5, 0x00E6, 0x00E8, 0x00E9, 0x00EA, 0x00EB, 0x00F0, 0x00F1,
    0x00F2, 0x00F3, 0x00F4, 0x00F5, 0x00F6, 0x00F8, 0x00FD, 0x00FE, 0x00FF, 0x0152, 0x0153, 0x0160,
    0x0161, 0x0178, 0x2018, 0x2019, 0x201A, 0x201C, 0x201D, 0x201E, 0x2026, 0x207D, 0x208D, 0x214E,
    0xFB00,
};

static const uint8_t notoserif_en_22_regularKernLeftClassIds[] = {
      1,   2,   1,   3,   4,   4,   5,   6,   7,   8,   9,  10,  11,  12,  13,  14,
      8,   3,   8,  15,  16,  17,  18,  19,  20,  21,  22,  23,  24,  25,  26,  27,
     23,  28,  23,  23,  24,  24,  29,  30,  31,  32,  33,  34,  35,  36,  36,  36,
     36,  36,  36,   9,   9,   9,   9,   9,   8,  14,   8,   8,   8,   8,   8,   8,
     18,  18,  18,  18,  22,   8,  24,  23,  23,  23,  23,  23,  23,  25,  25,  25,
     25,  25,  24,  23,  24,  24,  24,  24,  24,  24,  33,  24,  33,   9,  25,  16,
     30,  22,  37,  38,   4,  37,  38,   4,   4,  39,  40,  41,  26,
};

static const uint16_t notoserif_en_22_regularKernRightCodepoints[] = {
    0x0022, 0x0026, 0x0027, 0x0029, 0x002A, 0x002C, 0x002E, 0x003F, 0x0040, 0x0041, 0x0043, 0x0047,
    0x004F, 0x0051, 0x0053, 0x0054, 0x0055, 0x0056, 0x0057, 0x0058, 0x0059, 0x005A, 0x005D, 0x0061,
    0x0063, 0x0064, 0x0065, 0x0067, 0x006F, 0x0071, 0x0073, 0x0075, 0x0076, 0x0077, 0x0079, 0x007A,
    0x007D, 0x00AB, 0x00B7, 0x00BB, 0x00C0, 0x00C1, 0x00C2, 0x00C3, 0x00C4, 0x00C5, 0x00C6, 0x00C7,
    0x00D2, 0x00D3, 0x00D4, 0x00D5, 0x00D6, 0x00D8, 0x00D9, 0x00DA, 0x00DB, 0x00DC, 0x00DD, 0x00E0,
    0x00E1, 0x00E2, 0x00E3, 0x00E4, 0x00E5, 0x00E6, 0x00E7, 0x00E8, 0x00E9, 0x00EA, 0x00EB, 0x00EC,
    0x00EE, 0x00EF, 0x00F0, 0x00F2, 0x00F3, 0x00F4, 0x00F5, 0x00F6, 0x00F8, 0x00F9, 0x00FA, 0x00FB,
    0x00FC, 0x00FD, 0x00FF, 0x0152, 0x0153, 0x0160, 0x0161, 0x0178, 0x017D, 0x017E, 0x2018, 0x2019,
    0x201A, 0x201C, 0x201D, 0x201E, 0x2026, 0x2039, 0x203A, 0x207E, 0x208E, 0x2122, 0x2126,
};

static const uint8_t notoserif_en_22_regularKernRightClassIds[] = {
      1,   2,   1,   3,   4,   5,   6,   7,   8,   9,  10,  10,  10,  10,  11,   7,
     12,  13,  14,  15,  16,  17,   3,  18,  19,  19,  19,  20,  19,  19,  21,  22,
     23,  24,  25,  26,   3,  27,  28,  27,   9,   9,   9,   9,   9,   9,  29,  10,
     10,  10,  10,  10,  10,  10,  12,  12,  12,  12,  16,  18,  18,  18,  18,  18,
     18,  18,  19,  19,  19,  19,  19,  30,  30,  30,  19,  19,  19,  19,  19,  19,
     19,  22,  22,  22,  22,  25,  25,  10,  19,  11,  21,  16,  17,  26,  31,   4,
      6,  31,   4,   6,   6,  27,  27,  32,  33,   4,  34,
};

static const uint16_t notoserif_en_22_regularKernRowOffsets[] = {
        0,     4,     8,    13,    22,    24,    39,    50,    59,    62,    71,    76,    82,    93,    94,   104,
      113,   125,   130,   141,   152,   156,   169,   171,   175,   178,   182,   183,   185,   189,   190,   193,
      196,   199,   202,   206,   221,   223,   229,   230,   231,   235,
};

static const uint8_t notoserif_en_22_regularKernSparseCols[] = {
      8,  18,  19,  28,   6,  12,  13,  15,   1,   4,   5,   8,  28,   6,   9,  11,
     12,  13,  15,  22,  23,  24,   8,  15,   0,   3,   6,   9,  11,  12,  13,  15,
     18,  19,  21,  22,  23,  24,  30,   3,   6,   8,  12,  13,  14,  15,  16,  23,
     24,  28,   4,   5,   6,   8,  12,  13,  14,  15,  28,  12,  13,  15,   1,   4,
      5,   7,   8,  17,  18,  19,  28,   6,  12,  13,  15,  28,   9,  18,  19,  21,
     23,  24,   0,   3,   6,  12,  13,  15,  22,  23,  24,  27,  30,  26,   3,   6,
      9,  11,  12,  13,  15,  22,  23,  24,   6,   8,  12,  13,  14,  15,  23,  24,
     28,   1,   4,   5,   7,   8,   9,  17,  18,  19,  20,  28,  33,   4,   5,   7,
      8,  28,   1,   4,   5,   7,   8,   9,  17,  18,  19,  20,  28,   4,   5,   7,
      8,   9,  17,  18,  19,  20,  25,  28,   9,  10,  23,  24,   1,   4,   5,   7,
      8,   9,  10,  17,  18,  19,  20,  25,  28,   0,  24,  12,  13,  15,  24,  12,
     13,  15,   0,   2,   3,  29,  13,  18,  19,   3,   4,   5,  17,  15,   4,   5,
      8,   4,   5,   8,   4,   5,   8,  12,  13,  15,   6,  12,  13,  15,   0,   3,
      6,   9,  11,  12,  13,  15,  18,  19,  21,  22,  23,  24,  30,   8,  28,   8,
      9,  17,  18,  19,  20,  31,  32,   8,  17,  18,  19,
};

static const int8_t notoserif_en_22_regularKernSparseValues[] = {
     -59,  -15,  -44,  -88,  -22,  -29,  -29,  -22,   -7,  -88,  -88,  -37,  -59,  -66,  -15,  -15,
     -81,  -66,  -59,  -51,  -44,  -37,  -22,   -7,  -59,  -51,  -44,  -15,  -15,  -59,  -51,  -51,
     -15,  -15,  -15,  -44,  -22,  -37,  -51,  -15,  -15,  -15,  -29,  -22,  -15,  -29,  -15,   -7,
     -15,  -22,  -15,  -15,  -15,  -15,  -15,  -15,  -15,  -22,  -37,  -15,  -15,  -15,  -15,  -88,
     -88,  -29,  -51,  -29,  -29,  -29,  -81,  -15,  -15,  -15,  -15,  -15,  -15,  -15,  -15,  -15,
     -22,  -22,  -44,  -59,  -51,  -37,  -37,  -44,  -15,   -7,  -22,  -15,  -59,   -7,  -15,  -15,
     -15,   -7,  -22,  -22,  -22,   -7,   -7,  -15,  -15,  -15,  -15,  -15,  -15,  -15,   -7,  -15,
     -15,   -7,  -66,  -66,  -22,  -44,  -15,  -22,  -37,  -37,   -4,  -59,   -7,  -15,  -15,   -7,
     -15,  -29,  -22,  -81,  -81,  -37,  -59,  -15,  -44,  -44,  -44,  -29,  -95,  -66,  -66,  -37,
     -51,  -15,  -51,  -44,  -44,  -37,  -22,  -95,  -15,   -7,  -22,  -37,   -7,  -59,  -59,  -29,
     -51,  -22,  -15,  -44,  -51,  -51,  -44,  -15,  -66,  -29,  -15,  -44,  -44,  -51,  -15,  -44,
     -44,  -44,   59,   66,   59,   29,  -15,  -15,  -15,   22,  -95,  -95,  -15,  -44,  -37,  -51,
     -44,  -51,  -51,  -22,  -66,  -66,  -37,  -22,  -15,  -22,  -15,  -37,  -37,  -37,  -59,  -51,
     -44,  -15,  -15,  -59,  -51,  -51,  -15,  -15,  -15,  -37,  -22,  -37,  -51,  -51, -103,  -73,
     -15,  -22,  -29,  -29,  -37,   37,   37,  -40,  -23,  -23,  -23,
};

static const EpdLigaturePair notoserif_en_22_regularLigaturePairs[] = {
    { 0x00660066, 0xFB00 }, // f f -> U+FB00
    { 0x00660069, 0xFB01 }, // f i -> U+FB01
    { 0x0066006C, 0xFB02 }, // f l -> U+FB02
    { 0xFB000069, 0xFB03 }, // U+FB00 i -> U+FB03
    { 0xFB00006C, 0xFB04 }, // U+FB00 l -> U+FB04
};

static const EpdFontData notoserif_en_22_regular = {
    notoserif_en_22_regularBitmaps,
    notoserif_en_22_regularGlyphs,
    notoserif_en_22_regularIntervals,
    21,
    62,
    49,
    -14,
    true,
    notoserif_en_22_regularGroups,
    13,
    nullptr,
    nullptr,  // kernLeftClasses: built-in fonts use the split arrays below
    nullptr,  // kernRightClasses
    notoserif_en_22_regularKernLeftCodepoints,
    notoserif_en_22_regularKernLeftClassIds,
    notoserif_en_22_regularKernRightCodepoints,
    notoserif_en_22_regularKernRightClassIds,
    nullptr,  // kernMatrix: built-in fonts use the sparse form below
    notoserif_en_22_regularKernRowOffsets,
    notoserif_en_22_regularKernSparseCols,
    notoserif_en_22_regularKernSparseValues,
    109,
    107,
    41,
    34,
    notoserif_en_22_regularLigaturePairs,
    5,
};
