/**
 * generated by fontconvert.py
 * name: notoserif_en_22_italic
 * size: 22
 * mode: 2-bit  compressed: true
 * Command used: fontconvert.py notoserif_en_22_italic 22 ../builtinFonts/source/NotoSerif/NotoSerif-Italic.ttf --2bit --compress --pnum --zopfli --no-default-intervals --additional-intervals 0x0020,0x007E --additional-intervals 0x00A0,0x00FF --additional-intervals 0x0152,0x0153 --additional-intervals 0x0160,0x0161 --additional-intervals 0x0178,0x0178 --additional-intervals 0x017D,0x017E --additional-intervals 0x0192,0x0192 --additional-intervals 0x02C6,0x02C6 --additional-intervals 0x02DC,0x02DC --additional-intervals 0x0300,0x036F --additional-intervals 0x2000,0x206F --additional-intervals 0x2070,0x209F --additional-intervals 0x20A0,0x20CF --additional-intervals 0x2100,0x214F --additional-intervals 0x2150,0x218F --additional-intervals 0x2190,0x21FF --additional-intervals 0x2200,0x22FF --additional-intervals 0xFB00,0xFB06 --additional-intervals 0xFFFD,0xFFFD
 */
#pragma once
#include "EpdFontData.h"

static const uint8_t notoserif_en_22_italicBitmaps[37466] = {
    0x94, 0x56, 0x3D, 0x8C, 0xE6, 0x38, 0x19, 0x7E, 0x12, 0x6B, 0x37, 0xD2, 0x45, 0xC2, 0x0D, 0xD7,
    0xDC, 0x14, 0xA6, 0xE5, 0xA4, 0xBB, 0xB4, 0x20, 0xDD, 0x8E, 0x8D, 0xE8, 0x25, 0x0A, 0xAE, 0xA7,
    0x45, 0x42, 0xDA, 0x16, 0xA4, 0xE3, 0x92, 0xBE, 0x61, 0x0A, 0xA0, 0x44, 0x5B, 0x6C, 0x81, 0x3E,
    0x1A, 0x0A, 0x84, 0xB6, 0xE0, 0xD6, 0x16, 0x0D, 0x05, 0x4D, 0x7A, 0x9A, 0x14, 0x5B, 0x2D, 0x05,
    0x16, 0x0A, 0x22, 0x27, 0x92, 0xBC, 0x7C, 0xEF, 0x63, 0x65, 0xE6, 0x9B, 0xB9, 0xE1, 0x67, 0xAD,
    0xE4, 0x79, 0x2C, 0x7F, 0xAF, 0xFD, 0xBC, 0x7F, 0xF1, 0x0C, 0xEA, 0x53, 0x80, 0x11, 0xF0, 0x6D,
    0x76, 0xA0, 0xD9, 0x80, 0x76, 0x05, 0xAC, 0xBE, 0x0B, 0x60, 0x73, 0x79, 0xDD, 0x04, 0x74, 0x23,
    0xD0, 0x25, 0xC0, 0xEB, 0x3B, 0x00, 0x3E, 0x00, 0x3D, 0xCA, 0xFB, 0x1A, 0xC0, 0x8A, 0xF2, 0x2E,
    0x00, 0x66, 0xA0, 0xCA, 0xB8, 0x37, 0x1A, 0x3D, 0x62, 0x06, 0xFC, 0x82, 0xF2, 0x66, 0xA0, 0x9B,
    0x80, 0x0A, 0xC0, 0x87, 0x37, 0x1F, 0xBC, 0xF0, 0x63, 0x97, 0xFB, 0xD4, 0x4D, 0xFD, 0xD0, 0x8D,
    0x7D, 0xF0, 0x29, 0xC2, 0x0F, 0xAF, 0xE1, 0xC3, 0x17, 0xF0, 0x58, 0x71, 0x8D, 0x05, 0xCF, 0x30,
    0xE3, 0x33, 0x94, 0x51, 0xBF, 0xC0, 0xAF, 0x01, 0x98, 0x89, 0x72, 0xED, 0x58, 0xCD, 0x00, 0x6C,
    0xAA, 0xB3, 0xD2, 0x60, 0x94, 0x5C, 0x30, 0x13, 0x80, 0x0E, 0x6D, 0x02, 0xE0, 0x61, 0x95, 0xAE,
    0x61, 0x07, 0xD4, 0x27, 0x39, 0xC5, 0xB7, 0xC1, 0x88, 0x8E, 0xA1, 0x50, 0x40, 0x35, 0xE3, 0xA7,
    0x7A, 0x72, 0xC6, 0x1F, 0x00, 0x98, 0xCC, 0x60, 0x9A, 0xB1, 0x08, 0xA4, 0x07, 0x02, 0x13, 0x05,
    0x9A, 0x11, 0x80, 0xA7, 0x40, 0xD4, 0x43, 0x32, 0xA4, 0xD0, 0x69, 0x3F, 0xC5, 0xD3, 0x0B, 0x60,
    0x85, 0x07, 0xF4, 0xE4, 0x6B, 0x9E, 0x4C, 0x01, 0x43, 0x81, 0xC3, 0xF5, 0x46, 0x5D, 0x57, 0x81,
    0x72, 0x72, 0xBA, 0x74, 0x5D, 0xF7, 0x8C, 0x8A, 0xA6, 0x60, 0x52, 0xBC, 0xD2, 0x79, 0x2B, 0x32,
    0x50, 0x33, 0xC3, 0xEC, 0xD6, 0xAE, 0xB0, 0x8B, 0x33, 0x1B, 0x5C, 0xEE, 0xEA, 0x0D, 0xDD, 0xF4,
    0x71, 0xB5, 0xC2, 0x8F, 0xCF, 0xAA, 0xE5, 0x8C, 0x9F, 0x20, 0x9C, 0x51, 0xF3, 0xE6, 0xF3, 0x2B,
    0x00, 0xDD, 0xA2, 0xB2, 0x76, 0x9F, 0x55, 0x5C, 0x54, 0xAD, 0x92, 0x0D, 0x00, 0xBC, 0x24, 0x2E,
    0xCD, 0x2A, 0xC5, 0xA5, 0xE6, 0xCF, 0xA2, 0x5A, 0x7F, 0x94, 0xE1, 0x09, 0xDA, 0x41, 0xD2, 0x35,
    0x6C, 0x88, 0x29, 0xC2, 0xA2, 0x4F, 0x02, 0x87, 0x38, 0x48, 0xF8, 0x18, 0x72, 0x5E, 0xBB, 0xAE,
    0x04, 0x7D, 0x7E, 0x66, 0x36, 0x74, 0xDB, 0x67, 0xDD, 0xAC, 0xFE, 0x09, 0x93, 0xF2, 0x25, 0x00,
    0x10, 0x90, 0x15, 0xAA, 0x0B, 0xAC, 0x27, 0xE2, 0x0D, 0x2E, 0x47, 0xAB, 0x81, 0x55, 0x2F, 0x01,
    0xFF, 0xB7, 0xCC, 0x5C, 0x61, 0x33, 0xDA, 0x88, 0x23, 0xCC, 0x52, 0xAD, 0x40, 0x37, 0xA0, 0xCD,
    0xD8, 0x80, 0x9E, 0x8B, 0x3B, 0xA0, 0x8B, 0x09, 0x3B, 0xEA, 0x85, 0x7D, 0xB9, 0xA3, 0xC9, 0x40,
    0x1F, 0xB0, 0xB3, 0xE2, 0x11, 0xD5, 0xCE, 0x56, 0x15, 0xD4, 0x1B, 0xFB, 0x54, 0x60, 0x56, 0xD6,
    0x76, 0x87, 0x59, 0xCD, 0xCC, 0x49, 0x33, 0xB7, 0x53, 0xBD, 0x87, 0x1D, 0x36, 0xBB, 0xD4, 0x49,
    0x8E, 0x70, 0xA3, 0x0F, 0xD1, 0xAC, 0xBD, 0x76, 0x61, 0xBD, 0x62, 0xF3, 0x83, 0x54, 0x6B, 0x33,
    0x63, 0xB7, 0xB2, 0x98, 0x6C, 0x33, 0xA4, 0x96, 0x1B, 0x3B, 0xBA, 0x11, 0x02, 0x75, 0xA0, 0x4B,
    0x9C, 0xA8, 0x3D, 0x27, 0x9B, 0xBA, 0x20, 0x50, 0xAF, 0x7A, 0x55, 0x40, 0x93, 0xD5, 0x97, 0x8D,
    0x5E, 0x47, 0xD4, 0x2B, 0x9D, 0x8D, 0xD0, 0xE0, 0x7A, 0x20, 0xA2, 0x99, 0x19, 0x4A, 0x84, 0x9D,
    0xA0, 0x5E, 0xF5, 0x1A, 0x55, 0x9B, 0xD5, 0xAC, 0x0F, 0x70, 0x09, 0xB0, 0x7F, 0xDD, 0xC0, 0x50,
    0x8C, 0x4C, 0x28, 0xE3, 0x7D, 0xDC, 0x1B, 0xCF, 0xE5, 0x0D, 0xD9, 0x88, 0xEC, 0xCA, 0xB0, 0x5B,
    0x2D, 0x03, 0x8B, 0x3B, 0xA1, 0x4F, 0x00, 0x14, 0x3D, 0xBB, 0x29, 0x0E, 0xE8, 0x78, 0x8C, 0x84,
    0xBB, 0x49, 0xF9, 0x49, 0x06, 0xF8, 0x54, 0x26, 0x6A, 0xA6, 0xC6, 0xA9, 0x16, 0xF0, 0x9C, 0xD1,
    0x2D, 0x65, 0xF2, 0x77, 0xA1, 0x2D, 0x9C, 0x2C, 0x78, 0xF2, 0x69, 0x00, 0x9C, 0xEE, 0x97, 0x11,
    0x95, 0x08, 0xE0, 0xF7, 0x01, 0x6E, 0x97, 0x44, 0xD5, 0x38, 0xC6, 0x09, 0x51, 0xDD, 0x82, 0xCF,
    0x28, 0x57, 0x8C, 0x5D, 0xB5, 0x9A, 0x2E, 0xA3, 0xD9, 0xEB, 0x99, 0xFE, 0x19, 0xF9, 0x6E, 0x06,
    0x3D, 0x90, 0x3F, 0x8D, 0xE0, 0xC6, 0x5E, 0x52, 0x99, 0x74, 0x12, 0xCA, 0xC4, 0xEE, 0x00, 0xFA,
    0x91, 0x67, 0xE9, 0x2E, 0x9D, 0xE8, 0xEF, 0x19, 0xB0, 0x9A, 0x15, 0xAB, 0x29, 0x8C, 0x33, 0xD0,
    0xC8, 0xCD, 0xD5, 0xE6, 0x76, 0xA8, 0x3B, 0x32, 0xB5, 0xB2, 0xEA, 0x21, 0x3B, 0x8C, 0xA8, 0xFB,
    0xEA, 0x2E, 0x80, 0xF7, 0x5E, 0xBA, 0xEC, 0x72, 0x37, 0x6A, 0xF5, 0x7C, 0xF0, 0xF0, 0x78, 0x86,
    0x4F, 0x50, 0xC6, 0xF7, 0x78, 0xAD, 0x94, 0x3C, 0xC1, 0x6C, 0xA0, 0xAF, 0xC5, 0x87, 0x4A, 0x50,
    0x96, 0x60, 0x17, 0xAE, 0xD3, 0x13, 0x66, 0xA9, 0xE4, 0x0C, 0x35, 0x2D, 0x14, 0x9A, 0x0D, 0x0C,
    0x97, 0x9E, 0x1D, 0x1B, 0x66, 0xA8, 0xC7, 0x07, 0x78, 0xC2, 0x74, 0x0B, 0xE3, 0x7D, 0x48, 0xC7,
    0xAC, 0xBB, 0x05, 0x3B, 0x29, 0x64, 0xB0, 0xA9, 0xC0, 0x16, 0x62, 0x67, 0x01, 0x11, 0x6C, 0xC6,
    0x72, 0x71, 0x01, 0x18, 0x70, 0x8C, 0x67, 0x0A, 0x7E, 0x38, 0x76, 0xB3, 0xEF, 0xB5, 0x02, 0xC0,
    0x7E, 0xBB, 0xB1, 0x1F, 0x28, 0x48, 0x78, 0xE8, 0xC9, 0xE3, 0x2E, 0xF6, 0x84, 0x74, 0x1B, 0x3B,
    0x61, 0xD0, 0x14, 0x85, 0x23, 0x0B, 0x04, 0xD5, 0x68, 0xEF, 0x27, 0x80, 0x27, 0xF5, 0xF7, 0x32,
    0xD6, 0xD0, 0x22, 0x97, 0xC3, 0x4B, 0x9A, 0xDB, 0xE5, 0x90, 0xFA, 0x36, 0x1E, 0x8C, 0xAF, 0xDD,
    0x94, 0x60, 0xCC, 0x60, 0xD3, 0x99, 0xED, 0x00, 0xB7, 0xB8, 0x80, 0x66, 0x77, 0xF8, 0x11, 0xFA,
    0x5F, 0x5D, 0x6D, 0x68, 0x77, 0xD9, 0xF0, 0x54, 0x64, 0x8B, 0x22, 0x03, 0x7A, 0x89, 0x13, 0xFC,
    0xF8, 0xFB, 0x1D, 0xDF, 0xC2, 0xDC, 0x4F, 0xA8, 0x66, 0x37, 0xA3, 0x9E, 0x1B, 0xFD, 0xDC, 0xAA,
    0x54, 0x52, 0x59, 0xFD, 0x16, 0xB7, 0xA3, 0x7B, 0x27, 0xFC, 0xF0, 0x14, 0xDF, 0x9E, 0x82, 0xE7,
    0x5F, 0x94, 0x82, 0xEF, 0x78, 0xC2, 0xF1, 0x35, 0xBF, 0x82, 0x91, 0xD0, 0x48, 0x3A, 0x3F, 0x75,
    0xF9, 0x7E, 0xBA, 0x41, 0x7F, 0xBF, 0x06, 0x56, 0x5C, 0x4D, 0xF0, 0x01, 0xDF, 0x00, 0x87, 0x17,
    0x49, 0x7C, 0x29, 0x06, 0xB4, 0x83, 0xCF, 0x31, 0x4B, 0x8E, 0x53, 0x9F, 0x9E, 0x40, 0x47, 0x9D,
    0x15, 0x0D, 0x91, 0xCD, 0x0C, 0x9B, 0x14, 0x5D, 0xE0, 0x7E, 0x05, 0x7C, 0x4E, 0x5C, 0x15, 0xAA,
    0xA5, 0x98, 0x13, 0x27, 0x6E, 0xA2, 0xB9, 0x1D, 0xEE, 0x7C, 0xF4, 0xC4, 0x2F, 0xEE, 0x36, 0xD5,
    0xF3, 0xDD, 0xA6, 0xE6, 0x52, 0x63, 0x78, 0x54, 0x03, 0xD4, 0xA8, 0xBF, 0xAA, 0x41, 0xEC, 0xC2,
    0xA3, 0x1A, 0xD5, 0xA5, 0xC6, 0xF4, 0xB8, 0xC6, 0x37, 0x71, 0x39, 0x9E, 0xCA, 0x5C, 0x32, 0x04,
    0x40, 0x7E, 0x21, 0x09, 0x66, 0x45, 0x37, 0xC1, 0x66, 0x7D, 0xBA, 0x51, 0xFB, 0xAA, 0x4F, 0xDA,
    0x70, 0x12, 0xCE, 0x58, 0x09, 0x60, 0xD6, 0x7A, 0x03, 0xCC, 0x66, 0x56, 0xC5, 0x86, 0xA8, 0xDD,
    0xD7, 0xAC, 0x76, 0x56, 0x74, 0xF9, 0xC0, 0x76, 0xED, 0x14, 0x17, 0xED, 0x60, 0x5B, 0x70, 0xD6,
    0x16, 0xB5, 0x59, 0xD1, 0x11, 0xBB, 0x49, 0xD1, 0xA7, 0x3B, 0x8C, 0x41, 0x51, 0xD4, 0x8B, 0x6A,
    0x83, 0x9B, 0xD4, 0x23, 0x9B, 0xD1, 0x9E, 0x9F, 0x55, 0x3D, 0x32, 0xF2, 0x9D, 0x38, 0x00, 0x22,
    0xBC, 0x6B, 0x84, 0x51, 0x7E, 0x0A, 0x8E, 0xE6, 0xB8, 0x2B, 0x2A, 0x39, 0xEE, 0xB9, 0xD8, 0x8F,
    0xB8, 0x5A, 0xFB, 0x04, 0xC9, 0x31, 0x21, 0x0E, 0x92, 0xF0, 0xF5, 0x07, 0x5F, 0x1E, 0xC1, 0xEC,
    0x0A, 0xDB, 0xE3, 0x37, 0x11, 0x34, 0x32, 0xB8, 0x47, 0x6E, 0xA2, 0x87, 0xDF, 0xF5, 0x70, 0xF9,
    0x5D, 0x1B, 0x05, 0x2B, 0x09, 0xDA, 0xE7, 0xB9, 0x3F, 0xC3, 0x74, 0x91, 0xF7, 0x3D, 0xE8, 0x56,
    0x91, 0xAC, 0x1E, 0x8C, 0xDD, 0x0A, 0x34, 0xBB, 0x3E, 0xAA, 0x68, 0x44, 0xE5, 0x78, 0x8A, 0x9B,
    0x48, 0x76, 0x24, 0x35, 0xE9, 0x4C, 0xC0, 0xE1, 0xB5, 0xBA, 0x4C, 0x6A, 0x16, 0x92, 0xCD, 0x24,
    0x37, 0x92, 0x7C, 0x20, 0xED, 0x44, 0xB3, 0x90, 0xEC, 0x44, 0xF2, 0x03, 0x69, 0x23, 0x9A, 0x99,
    0x64, 0x47, 0x52, 0x4F, 0xAC, 0x56, 0x52, 0x9B, 0x49, 0xDD, 0x00, 0x4C, 0xC0, 0x6B, 0xA0, 0x9E,
    0x78, 0x92, 0x19, 0x69, 0xEE, 0x12, 0xFC, 0xDB, 0xD3, 0xA9, 0x84, 0xC8, 0xBB, 0x43, 0x29, 0x20,
    0x2A, 0xE1, 0x6E, 0xD4, 0xBA, 0x08, 0x74, 0x22, 0xB3, 0xE6, 0xE6, 0x8D, 0xDB, 0x98, 0x1D, 0x0D,
    0xB3, 0xDD, 0x4A, 0x7C, 0x0B, 0x13, 0x67, 0x67, 0x52, 0x9B, 0x49, 0x15, 0x63, 0xBF, 0x8C, 0x76,
    0x27, 0xB1, 0x3A, 0xA5, 0x16, 0x47, 0xE6, 0x71, 0xB5, 0x81, 0x0A, 0x37, 0x85, 0x66, 0xA5, 0xEA,
    0xF9, 0x91, 0xAB, 0x44, 0x8E, 0x13, 0xC9, 0x67, 0x52, 0x37, 0x93, 0xDC, 0x05, 0xF1, 0xCC, 0xA7,
    0x81, 0xE4, 0x02, 0x2D, 0x3D, 0xFF, 0x2E, 0x93, 0x24, 0xE9, 0x42, 0x23, 0x40, 0xB7, 0xA3, 0x5F,
    0x81, 0xB6, 0x94, 0xB4, 0x8A, 0xB2, 0x51, 0x8E, 0x6D, 0x48, 0xC1, 0x13, 0xA9, 0xD9, 0x49, 0x6E,
    0x23, 0xF9, 0x42, 0x42, 0xE7, 0xCD, 0x3F, 0x49, 0xF6, 0x2F, 0x0B, 0x55, 0x7F, 0x46, 0xF5, 0xD7,
    0x36, 0x33, 0xF5, 0x4E, 0xA9, 0xC9, 0x9D, 0x92, 0x4D, 0x6C, 0x34, 0xCF, 0xAF, 0x02, 0x1B, 0x9B,
    0xAD, 0x5E, 0x18, 0x74, 0x3B, 0x21, 0x0E, 0x2C, 0x82, 0x0C, 0xAC, 0x9B, 0xE6, 0x6A, 0x05, 0x3F,
    0xD2, 0x99, 0x29, 0xB3, 0x23, 0x53, 0xD6, 0xBD, 0x3D, 0xFD, 0x46, 0x4E, 0x43, 0x2F, 0x3A, 0x52,
    0x24, 0x0D, 0x77, 0x79, 0xB4, 0x4B, 0xA1, 0xF9, 0x5E, 0x0F, 0x15, 0xF2, 0xA4, 0x4A, 0xD4, 0xC4,
    0x68, 0x1B, 0x1F, 0xA4, 0x37, 0xF9, 0xE9, 0x14, 0xC0, 0xCA, 0x03, 0x88, 0x85, 0xA4, 0x50, 0xE6,
    0x3D, 0x5C, 0x65, 0xE0, 0x23, 0xF6, 0x8C, 0x92, 0x19, 0x4B, 0x52, 0x12, 0xA9, 0x2D, 0x64, 0x43,
    0x21, 0x22, 0xBA, 0x42, 0xD7, 0x1F, 0xFC, 0x9C, 0xDA, 0xC2, 0x6A, 0xF6, 0x42, 0xF5, 0x9F, 0x68,
    0xD6, 0x01, 0x36, 0x4E, 0xF1, 0xA9, 0x9C, 0x40, 0xD2, 0x1A, 0x91, 0xFA, 0xC7, 0x28, 0xDE, 0x5A,
    0x3A, 0xA5, 0x80, 0x1E, 0x4C, 0x4F, 0x0C, 0x68, 0x36, 0xFE, 0xEC, 0x16, 0xC0, 0xCF, 0x95, 0x8C,
    0x6C, 0x52, 0x15, 0x68, 0xA4, 0xFC, 0x8F, 0xF8, 0xFE, 0xF7, 0x71, 0x39, 0xA2, 0x0C, 0xAC, 0xFB,
    0x0C, 0xF4, 0x6F, 0xAC, 0x26, 0x3B, 0x98, 0x0D, 0xCD, 0x8A, 0x33, 0xDA, 0x19, 0xF5, 0x0A, 0x3F,
    0xA1, 0x9E, 0x59, 0xA6, 0xA0, 0x52, 0x54, 0x3A, 0x5A, 0x57, 0x0D, 0x4B, 0xDE, 0x99, 0xF6, 0xAB,
    0x1D, 0x70, 0xFF, 0xD0, 0x1E, 0xEA, 0xE4, 0xCB, 0xB8, 0x9C, 0x31, 0x34, 0x1B, 0x3C, 0x6B, 0xE7,
    0x47, 0x54, 0x44, 0x48, 0x60, 0xF3, 0x0D, 0x17, 0x18, 0x0E, 0xA4, 0x4D, 0x42, 0xAD, 0xA8, 0x12,
    0x6E, 0x54, 0x09, 0x3B, 0x69, 0x4D, 0xDB, 0x59, 0xAB, 0x67, 0x76, 0x26, 0xAA, 0x94, 0xC5, 0xC9,
    0x7C, 0x5C, 0x97, 0xEF, 0x9D, 0xCE, 0xE3, 0xA5, 0xD5, 0x7A, 0xCD, 0x4E, 0x31, 0x77, 0x8A, 0xC9,
    0x03, 0xE8, 0x87, 0x4F, 0x00, 0x08, 0x7E, 0x0C, 0x54, 0x3B, 0x7E, 0x07, 0x98, 0x15, 0x3F, 0x80,
    0x1E, 0x78, 0xF4, 0x87, 0xCA, 0xD1, 0x50, 0x51, 0x14, 0xEA, 0x1D, 0xA0, 0x21, 0x0E, 0x43, 0xF7,
    0xBF, 0x0D, 0xED, 0x57, 0x0C, 0xE3, 0x43, 0xC3, 0xE6, 0xBF, 0x1A, 0xFE, 0xC7, 0xFB, 0xD4, 0xAD,
    0x40, 0xB3, 0x31, 0xEB, 0xBC, 0x5A, 0xB8, 0xF9, 0xF8, 0x17, 0x3E, 0x06, 0x4D, 0xEC, 0x41, 0x02,
    0xF8, 0x89, 0xD4, 0x65, 0xD4, 0x1B, 0xE0, 0x16, 0xDE, 0xA7, 0x96, 0x7F, 0x7D, 0xD0, 0xC8, 0x10,
    0x03, 0x50, 0xC9, 0xBF, 0x16, 0x50, 0x21, 0x15, 0xCA, 0xFC, 0xC0, 0x65, 0x65, 0x9B, 0x39, 0x61,
    0x9D, 0x8D, 0x24, 0x16, 0x57, 0x26, 0xCA, 0xF9, 0x4C, 0x81, 0x2E, 0xA3, 0x4F, 0x8C, 0x81, 0x94,
    0x11, 0x95, 0xCA, 0xA2, 0x23, 0xA9, 0x57, 0x7E, 0x62, 0x68, 0x6E, 0xA6, 0x9B, 0xED, 0xAE, 0x0F,
    0x6A, 0x2D, 0x0F, 0xD8, 0x94, 0x81, 0x95, 0x53, 0x3C, 0x46, 0xCB, 0x0E, 0x8D, 0xB2, 0x03, 0x46,
    0x7E, 0x29, 0x09, 0x96, 0xDD, 0xE7, 0x73, 0xD1, 0x50, 0x41, 0xBD, 0x4B, 0x97, 0x5A, 0x34, 0x8D,
    0x66, 0x57, 0x6C, 0x36, 0xE2, 0xAA, 0x4D, 0xD8, 0x2A, 0x2E, 0x8A, 0xB6, 0xE0, 0xAC, 0xEB, 0xDD,
    0x6C, 0x36, 0x20, 0x66, 0x23, 0xA8, 0x25, 0x43, 0xC6, 0xE7, 0x32, 0xA1, 0x97, 0xBD, 0x1F, 0xD1,
    0xCA, 0xAC, 0xAE, 0x7F, 0x8A, 0x92, 0x03, 0x19, 0x1E, 0xEB, 0x6E, 0xE6, 0x9B, 0x81, 0x7D, 0x04,
    0x0D, 0xFF, 0x73, 0xD6, 0xAA, 0x47, 0x25, 0x1A, 0x5F, 0xBB, 0x30, 0x98, 0x51, 0xF3, 0xCA, 0x3D,
    0xEF, 0x07, 0x96, 0xEF, 0x46, 0xB3, 0xE4, 0x67, 0xF4, 0xE7, 0x27, 0x6B, 0x14, 0x4F, 0xF1, 0xFF,
    0x8C, 0x76, 0x84, 0xCF, 0xBA, 0x29, 0x9E, 0x91, 0xD9, 0x7E, 0x02, 0x00, 0x3F, 0xA4, 0x5F, 0xBC,
    0x29, 0x1A, 0xBE, 0xC5, 0x43, 0x6D, 0xE2, 0x77, 0x1C, 0xD5, 0x2B, 0x3D, 0x86, 0x5D, 0x70, 0x7E,
    0x13, 0x2B, 0xCC, 0xFA, 0x75, 0x03, 0xD0, 0x81, 0xD7, 0x1C, 0x56, 0xE0, 0x6A, 0x02, 0xFE, 0xDD,
    0xBE, 0xF5, 0xC3, 0x68, 0x6E, 0x5C, 0x77, 0xFE, 0xB1, 0xC4, 0xC0, 0x04, 0xC2, 0x2B, 0x64, 0xD8,
    0xF0, 0x15, 0x4C, 0xED, 0x20, 0x66, 0x6B, 0x04, 0xD6, 0x91, 0x81, 0x80, 0xA8, 0x94, 0x0A, 0x9D,
    0x8B, 0xA8, 0x50, 0x1B, 0xA4, 0xB9, 0x22, 0xED, 0xDD, 0x91, 0x90, 0x0A, 0x17, 0x29, 0x7C, 0x45,
    0x5C, 0xB9, 0x88, 0x8B, 0x04, 0x90, 0x56, 0x85, 0x82, 0xA4, 0x51, 0x71, 0x2B, 0xD2, 0x51, 0xE1,
    0x22, 0x85, 0x09, 0xD8, 0x41, 0x8A, 0x14, 0x22, 0xA4, 0xB3, 0x03, 0x28, 0x85, 0x98, 0x84, 0x8A,
    0x78, 0x31, 0xC9, 0x17, 0xFE, 0x7E, 0xBF, 0x99, 0x35, 0xBF, 0x5B, 0x6D, 0x56, 0x72, 0x94, 0xB8,
    0xC9, 0xB7, 0xAB, 0x79, 0x6F, 0x75, 0x1F, 0x67, 0xDE, 0x7B, 0xF3, 0xE6, 0xFD, 0x1D, 0xD6, 0x3B,
    0x2B, 0x37, 0xFC, 0x83, 0x95, 0x22, 0x4D, 0xAF, 0xAA, 0xA4, 0x23, 0x00, 0xA5, 0x9A, 0x4B, 0xB5,
    0x9D, 0x20, 0x22, 0x5A, 0xAC, 0x44, 0x7B, 0xEF, 0x2B, 0xC0, 0x3F, 0x2B, 0x10, 0x32, 0x77, 0x9C,
    0xA4, 0xE6, 0x1F, 0x9A, 0x45, 0xD3, 0x04, 0xA9, 0xFE, 0x68, 0xF5, 0x07, 0xA5, 0xA9, 0xB5, 0x5C,
    0xBC, 0x17, 0xBA, 0x23, 0x72, 0x0C, 0xB6, 0xBF, 0x72, 0x7B, 0xFF, 0x54, 0xD7, 0xF3, 0x7D, 0xFA,
    0x14, 0x4C, 0xFD, 0x59, 0x25, 0xDE, 0x98, 0x20, 0x51, 0xAF, 0x45, 0xB8, 0x98, 0x10, 0xB9, 0x62,
    0x4E, 0x14, 0xEA, 0x8F, 0x23, 0x85, 0x72, 0xC6, 0x76, 0x90, 0xC6, 0x41, 0x04, 0x42, 0x7B, 0x3F,
    0x69, 0x78, 0x49, 0x1A, 0xB7, 0xF8, 0xF4, 0xEF, 0x9C, 0x64, 0xF1, 0x3D, 0xCC, 0xF4, 0x1A, 0x14,
    0x8F, 0xF7, 0xF9, 0x76, 0xFD, 0x6C, 0x3B, 0x64, 0xE4, 0x3D, 0x4F, 0x32, 0x87, 0xFB, 0x18, 0xBE,
    0x86, 0xE1, 0x24, 0x60, 0xB3, 0xCE, 0xE9, 0x6D, 0xBA, 0xCA, 0xC5, 0x89, 0x08, 0x2E, 0x4C, 0x97,
    0xB3, 0x28, 0x96, 0x56, 0xFC, 0xAD, 0x21, 0x1E, 0x54, 0x5F, 0xBA, 0xAC, 0x82, 0x8D, 0x77, 0x93,
    0x2D, 0x06, 0x23, 0x36, 0x38, 0x3B, 0x25, 0x75, 0xA4, 0x86, 0x9F, 0xFD, 0xB9, 0x43, 0xCC, 0xCC,
    0x79, 0x27, 0x3B, 0xB3, 0x55, 0x62, 0x7A, 0x70, 0x14, 0x43, 0xCE, 0x29, 0x3A, 0x17, 0xB4, 0xC9,
    0x0C, 0xB2, 0x1A, 0xE0, 0x2A, 0x0A, 0x2C, 0x33, 0x2A, 0x3D, 0x41, 0x20, 0x57, 0xD8, 0xAB, 0xC8,
    0xEC, 0x6C, 0x97, 0xD9, 0xBF, 0x58, 0x93, 0x76, 0xE1, 0x0A, 0x1B, 0x64, 0x55, 0xD2, 0x2B, 0x96,
    0x6F, 0xAB, 0x78, 0x48, 0x68, 0x7B, 0x6C, 0xE7, 0x22, 0x1D, 0x03, 0xAB, 0x80, 0x8D, 0xD9, 0x00,
    0x19, 0x6C, 0xC0, 0xFA, 0x78, 0x45, 0xB0, 0x1D, 0x0F, 0x79, 0xB7, 0x9F, 0xE1, 0x08, 0x58, 0xD1,
    0xA5, 0x0B, 0xAC, 0x74, 0x32, 0x94, 0x5D, 0x36, 0x13, 0xEB, 0xCB, 0x26, 0x9B, 0x40, 0x53, 0xDA,
    0x11, 0xDB, 0x27, 0xCD, 0x88, 0xC1, 0xE0, 0xE7, 0x0D, 0xB1, 0xFD, 0xB7, 0xDC, 0x89, 0x4A, 0x67,
    0x18, 0xB2, 0xFB, 0x3B, 0xB6, 0xCF, 0x77, 0x6B, 0x46, 0x7D, 0xAF, 0x8B, 0x2C, 0x9C, 0xD6, 0xFD,
    0x19, 0x54, 0x80, 0x6C, 0xA8, 0xAD, 0x87, 0xB7, 0x2A, 0xAC, 0xCA, 0xAD, 0x82, 0xC7, 0x0A, 0x5F,
    0x0A, 0xC2, 0x17, 0x2F, 0x22, 0x4E, 0x31, 0xAF, 0x0F, 0x08, 0xF2, 0x1F, 0x29, 0xD4, 0x8D, 0x0B,
    0xAD, 0x98, 0xBD, 0x96, 0xDC, 0x54, 0x39, 0xEE, 0xD1, 0x2E, 0x5F, 0x29, 0xA0, 0x99, 0xCD, 0x4E,
    0xE0, 0xF2, 0x0D, 0xD8, 0x8D, 0x83, 0xEA, 0x7F, 0xF9, 0x81, 0xA0, 0x26, 0xE2, 0x23, 0x7E, 0x69,
    0x73, 0x48, 0xE4, 0x91, 0xF8, 0xA3, 0x49, 0x48, 0xF6, 0x13, 0x87, 0xE4, 0xDF, 0x73, 0xD4, 0x95,
    0xA9, 0x43, 0xCE, 0xD3, 0x45, 0xC8, 0x92, 0x08, 0x89, 0x26, 0x87, 0x24, 0x83, 0x8B, 0xD2, 0xB3,
    0xCE, 0x21, 0x79, 0x13, 0x6F, 0x6E, 0x2F, 0x63, 0xD3, 0xD3, 0x52, 0x48, 0xC5, 0x6F, 0x2E, 0x89,
    0x53, 0xEC, 0x9B, 0x7C, 0x7C, 0xFB, 0x36, 0x11, 0xFA, 0x6A, 0x2A, 0x89, 0x47, 0x4A, 0x1F, 0xFE,
    0x9C, 0x4B, 0x61, 0x94, 0x98, 0xD6, 0x1D, 0x9F, 0x96, 0xAE, 0x27, 0xAA, 0x43, 0x60, 0x6D, 0xC7,
    0x6A, 0xE1, 0xF5, 0xB5, 0x16, 0xA2, 0x40, 0x2A, 0xB4, 0x19, 0x22, 0xA3, 0xDC, 0x3A, 0x22, 0xED,
    0x8E, 0x04, 0xD1, 0x7E, 0xEE, 0xFF, 0x8A, 0x1A, 0xEA, 0xB2, 0x97, 0x3B, 0x4E, 0x67, 0xD3, 0x55,
    0xE6, 0x27, 0x05, 0xBD, 0x9D, 0x72, 0x25, 0xEB, 0x65, 0xFC, 0xDB, 0x41, 0x0E, 0xBB, 0x1E, 0xA4,
    0xCB, 0xB5, 0x7C, 0x20, 0x43, 0xB4, 0x72, 0x14, 0xC9, 0x25, 0x43, 0x7B, 0xFE, 0x5B, 0x6C, 0x22,
    0x9A, 0x05, 0xB3, 0xF6, 0x1F, 0xBE, 0xC3, 0xD3, 0xE1, 0x77, 0xCF, 0xB8, 0x79, 0xF8, 0x6E, 0x88,
    0xF5, 0x23, 0x53, 0xDC, 0x1E, 0x9B, 0x96, 0x84, 0x18, 0x53, 0xA6, 0xA3, 0xAE, 0x2E, 0xBF, 0x08,
    0xA6, 0x84, 0xFA, 0x4E, 0xBA, 0x8A, 0x2C, 0xC2, 0x89, 0xFF, 0x8F, 0x64, 0x15, 0xB3, 0xC8, 0xAA,
    0x47, 0x92, 0x13, 0x19, 0xA2, 0xA9, 0x9F, 0xDF, 0x7E, 0x4B, 0xBC, 0xD3, 0xEF, 0x02, 0x3C, 0x3E,
    0x3D, 0xED, 0x8E, 0x1C, 0x53, 0x86, 0xF9, 0xFD, 0x76, 0xE1, 0x04, 0xD9, 0xCA, 0x03, 0x9C, 0x6E,
    0xA2, 0x66, 0xC3, 0xE4, 0x20, 0xAA, 0x1E, 0xA9, 0xC7, 0x94, 0x70, 0xA5, 0x23, 0x2E, 0x7E, 0x9D,
    0xC1, 0x06, 0x35, 0x04, 0x39, 0x01, 0x79, 0xD3, 0xAE, 0x1C, 0x40, 0xED, 0xC0, 0x40, 0xD0, 0x3A,
    0xD0, 0x7F, 0x0A, 0xA8, 0x1D, 0xB8, 0x9C, 0xE7, 0xB8, 0x15, 0xBE, 0xC5, 0x65, 0x43, 0x64, 0x98,
    0xBD, 0xB2, 0xAC, 0xED, 0xEC, 0x10, 0xF4, 0x46, 0x90, 0x3A, 0xCF, 0x09, 0x46, 0x6C, 0xFE, 0x1B,
    0x54, 0x60, 0x89, 0x43, 0xDB, 0xDF, 0x5A, 0xA5, 0xFD, 0xA7, 0xB5, 0xA6, 0xA4, 0xCB, 0x89, 0x8C,
    0x1C, 0x32, 0xE6, 0x64, 0x03, 0xA2, 0x8D, 0x92, 0xB4, 0x23, 0xAB, 0x7C, 0x6E, 0xDE, 0x88, 0x34,
    0x21, 0x83, 0x74, 0x58, 0xA4, 0x13, 0xE9, 0x84, 0x48, 0xA1, 0x81, 0x58, 0xA3, 0x2F, 0x7B, 0xC4,
    0xE7, 0xEE, 0x95, 0xAF, 0x9C, 0xE9, 0x3F, 0x21, 0x9B, 0xF2, 0x2E, 0x57, 0x77, 0x5C, 0xA5, 0x12,
    0xD2, 0x03, 0x20, 0x85, 0x14, 0x80, 0x42, 0x25, 0xA5, 0x5C, 0x4A, 0x94, 0x56, 0xA4, 0x94, 0xA5,
    0x53, 0x29, 0xC6, 0xCC, 0x23, 0x43, 0x46, 0xA9, 0x1A, 0xAD, 0x12, 0x1D, 0x27, 0x0C, 0x29, 0x87,
    0x04, 0x85, 0xCF, 0x0F, 0x25, 0x27, 0x1B, 0x29, 0xA6, 0x33, 0x9E, 0x82, 0x55, 0xC9, 0x38, 0xA3,
    0xAB, 0xDE, 0x91, 0xD1, 0x39, 0x75, 0x74, 0xEB, 0xA6, 0x8D, 0x96, 0x0D, 0xB5, 0xEA, 0x71, 0xE7,
    0x24, 0x1D, 0xED, 0xAB, 0x60, 0x27, 0xD8, 0x12, 0x8A, 0x04, 0x07, 0x41, 0x34, 0xE5, 0xA2, 0x98,
    0xEC, 0x00, 0x25, 0x94, 0x43, 0xB1, 0x40, 0x22, 0xD1, 0xDE, 0x1D, 0x75, 0x50, 0xF2, 0x98, 0x45,
    0x56, 0x38, 0xBA, 0x7D, 0x1B, 0x45, 0x56, 0x32, 0x88, 0x9C, 0xBC, 0xA7, 0x28, 0x6E, 0xA3, 0x9A,
    0xA2, 0x7C, 0x32, 0x20, 0xB0, 0xE6, 0x0A, 0x39, 0xE0, 0xD8, 0xA6, 0xFF, 0xDB, 0x72, 0x20, 0x3C,
    0xC8, 0xC1, 0x6C, 0x3D, 0xF2, 0xFF, 0xEB, 0xC8, 0x41, 0x0A, 0x7C, 0xC8, 0x85, 0x2F, 0x91, 0xC5,
    0xAC, 0x58, 0x1A, 0x41, 0xC4, 0xE9, 0xC5, 0x69, 0x5A, 0x62, 0x24, 0xBD, 0x15, 0x61, 0xA9, 0x7D,
    0xFF, 0x0E, 0x75, 0x7C, 0x42, 0x6F, 0x42, 0x3E, 0x7F, 0x87, 0xE9, 0xA6, 0x73, 0x5D, 0xCC, 0xE2,
    0x91, 0x07, 0xBE, 0xAC, 0xC4, 0xD6, 0x0D, 0x7D, 0xED, 0xC0, 0x46, 0xBA, 0x9D, 0x90, 0x2B, 0xC3,
    0x29, 0xDD, 0x76, 0xE4, 0x9D, 0x42, 0x99, 0x03, 0xC1, 0xDC, 0x6C, 0x6C, 0x7B, 0xC2, 0x01, 0x10,
    0x75, 0x0C, 0xC2, 0x72, 0x24, 0x64, 0x03, 0x84, 0xB0, 0xD7, 0x73, 0xE8, 0x83, 0x28, 0x1E, 0xD1,
    0xFC, 0xD6, 0x69, 0x5D, 0x59, 0x3B, 0x3A, 0xE4, 0x98, 0x47, 0x12, 0xF8, 0xE3, 0xEA, 0x65, 0xC0,
    0xC2, 0xCB, 0x5F, 0x56, 0xC5, 0xF9, 0x5D, 0xE9, 0x47, 0xF0, 0x34, 0x06, 0x68, 0x08, 0x1C, 0xDA,
    0x06, 0x1D, 0xF9, 0x19, 0xBC, 0xCE, 0x03, 0xF1, 0xA5, 0xC9, 0x5D, 0x09, 0xDC, 0xFF, 0x99, 0x4F,
    0x27, 0x3D, 0x84, 0x4C, 0x7D, 0x81, 0x93, 0x96, 0x42, 0x21, 0x0C, 0x83, 0x5C, 0xDF, 0xB1, 0xD7,
    0xE0, 0x8D, 0xCB, 0xB1, 0x90, 0x2E, 0xF3, 0x42, 0xF2, 0xA4, 0xBF, 0xC1, 0x11, 0x53, 0xFD, 0xEE,
    0x58, 0x1D, 0x3C, 0xF6, 0x29, 0x64, 0x64, 0x16, 0x60, 0x2A, 0x16, 0xEA, 0xCF, 0xEB, 0x88, 0x2F,
    0x3E, 0x23, 0xF1, 0x6D, 0x2F, 0xDD, 0x52, 0xFC, 0xD1, 0x42, 0x85, 0xFC, 0x39, 0xEB, 0x43, 0x62,
    0x92, 0xA4, 0xA4, 0x28, 0x09, 0x4A, 0x7A, 0x5A, 0x5C, 0x0B, 0x6B, 0xD1, 0x93, 0xD4, 0x59, 0x0B,
    0x69, 0x11, 0xAD, 0x27, 0xC9, 0x48, 0x2A, 0x12, 0x95, 0x84, 0xA3, 0x31, 0x3C, 0xD6, 0x2F, 0x34,
    0x6E, 0xEE, 0xFC, 0x88, 0xE3, 0xCF, 0xB1, 0xA0, 0x38, 0x12, 0x37, 0x81, 0x42, 0x60, 0x55, 0x21,
    0x5E, 0x97, 0xC2, 0x30, 0xE4, 0x6E, 0x15, 0xA8, 0x95, 0xA7, 0x5E, 0x70, 0x10, 0xE8, 0x8F, 0x47,
    0xBF, 0x15, 0x30, 0x01, 0xD1, 0x2C, 0x72, 0x9F, 0x2C, 0x90, 0x6E, 0x27, 0x75, 0x52, 0x01, 0x5F,
    0xF8, 0xBA, 0x5C, 0xFF, 0x12, 0xE1, 0xA2, 0xFC, 0xB3, 0xD2, 0xD0, 0x08, 0x68, 0x71, 0x81, 0xE8,
    0xBF, 0xA3, 0x61, 0x39, 0xA1, 0x61, 0x3A, 0x2E, 0xA7, 0x05, 0x34, 0xE5, 0x33, 0x4A, 0x98, 0x4A,
    0x53, 0x89, 0x50, 0xA2, 0xD1, 0xCE, 0x7F, 0xDD, 0x1F, 0xA1, 0xC2, 0x9F, 0xA0, 0xC4, 0x1E, 0x49,
    0x05, 0x62, 0x73, 0x73, 0x27, 0x5E, 0x03, 0xF3, 0xDE, 0xF1, 0x58, 0x57, 0x5A, 0x2F, 0x5C, 0x1D,
    0x9F, 0x89, 0xDF, 0xA3, 0xA2, 0x73, 0x4C, 0xB6, 0x8E, 0xDB, 0x68, 0x71, 0xF6, 0x36, 0x1D, 0x84,
    0x74, 0x65, 0xE3, 0x78, 0x76, 0x46, 0xC8, 0x5E, 0xF3, 0x7C, 0xBF, 0x60, 0x9D, 0x38, 0xAF, 0xAD,
    0x17, 0xD3, 0xB3, 0x22, 0x96, 0xD8, 0xFA, 0x72, 0x12, 0x22, 0x1B, 0xC5, 0x22, 0xD9, 0xE2, 0x64,
    0x70, 0xA1, 0xAF, 0x89, 0x69, 0x2F, 0xE0, 0x81, 0x49, 0x29, 0x43, 0x31, 0x49, 0x86, 0x48, 0x3E,
    0x2A, 0xEA, 0xF1, 0xD1, 0x9A, 0x76, 0xA5, 0x9C, 0x9D, 0x4E, 0xE5, 0x9B, 0xD4, 0x8A, 0x5D, 0x7A,
    0x69, 0x56, 0x3B, 0xFA, 0x23, 0x22, 0x31, 0x29, 0x59, 0x94, 0xED, 0xFC, 0x1F, 0x29, 0x40, 0x7D,
    0xB5, 0x02, 0x08, 0x3C, 0x59, 0xB0, 0xBE, 0x4E, 0x01, 0xEE, 0x8A, 0x86, 0x59, 0x34, 0x4C, 0xA4,
    0x21, 0x1A, 0x49, 0x43, 0x3C, 0x92, 0x86, 0x74, 0x70, 0x7E, 0xD7, 0xB9, 0x5D, 0xE7, 0x75, 0x9D,
    0xD3, 0x05, 0x9B, 0x4C, 0x64, 0xF6, 0x62, 0x1E, 0x78, 0x1D, 0x48, 0x82, 0x7C, 0xEF, 0x40, 0x02,
    0x56, 0x44, 0xE9, 0xF8, 0x1F, 0x7E, 0xFC, 0x08, 0x63, 0xD6, 0x52, 0x2B, 0xDE, 0xA3, 0x34, 0xC9,
    0x8E, 0x52, 0x9B, 0x7B, 0x2D, 0x71, 0xD6, 0xA3, 0x17, 0x72, 0x94, 0xBF, 0x00, 0x41, 0x4F, 0x2A,
    0xE0, 0x83, 0xCA, 0x78, 0x90, 0x5E, 0xB2, 0x7C, 0xF4, 0x23, 0xE2, 0xB7, 0xC0, 0x52, 0xF6, 0x2A,
    0xB9, 0xBC, 0x0F, 0xBC, 0x14, 0xC7, 0xF7, 0xE2, 0x95, 0x03, 0xF0, 0x87, 0x00, 0x2E, 0x37, 0x42,
    0x31, 0x2A, 0x9C, 0xB4, 0x09, 0x73, 0xC4, 0xB4, 0x74, 0x66, 0xCA, 0xBD, 0xE3, 0x69, 0x97, 0x29,
    0xF3, 0x0E, 0x2D, 0xC8, 0x1A, 0xE0, 0x90, 0x84, 0x05, 0x25, 0x85, 0x42, 0xBC, 0xBA, 0x17, 0x14,
    0x2E, 0x27, 0xB7, 0x86, 0x35, 0x2F, 0xB6, 0xD4, 0xEC, 0xD5, 0x09, 0x07, 0x88, 0x21, 0x45, 0xFB,
    0xEE, 0x2E, 0xB6, 0x4E, 0x0D, 0xB0, 0xFA, 0xEF, 0xF7, 0xFF, 0x3C, 0xFE, 0x5E, 0x13, 0x88, 0xC5,
    0x26, 0x28, 0xCD, 0x6D, 0x5A, 0x5E, 0xB1, 0x38, 0x2F, 0x16, 0x77, 0xE2, 0x7D, 0x0E, 0x56, 0xD2,
    0xA7, 0x46, 0x72, 0x08, 0xBC, 0x06, 0x90, 0xBA, 0xEB, 0x24, 0x41, 0xDE, 0x85, 0x54, 0x2C, 0xB8,
    0xB0, 0xBC, 0x89, 0xE4, 0xDE, 0x23, 0x84, 0xCB, 0x21, 0x4C, 0x5A, 0x62, 0x0C, 0x4A, 0xA1, 0x9E,
    0x77, 0x18, 0x57, 0x6E, 0xDC, 0x85, 0x86, 0x95, 0x79, 0x60, 0xCA, 0xD1, 0xD8, 0xA4, 0x02, 0xED,
    0xC4, 0xB0, 0xD9, 0x24, 0xED, 0xAD, 0x89, 0xB4, 0x42, 0xF6, 0x8B, 0xC3, 0x8A, 0x74, 0x25, 0xCD,
    0x10, 0xAD, 0x81, 0x62, 0x48, 0x1D, 0x58, 0x41, 0x99, 0x83, 0xBC, 0x92, 0x12, 0x67, 0x97, 0x82,
    0xF2, 0x86, 0xFF, 0xBE, 0x4F, 0x69, 0x43, 0x89, 0xEF, 0x51, 0xD6, 0xE0, 0xE7, 0x21, 0x25, 0x0D,
    0xBD, 0x5B, 0x28, 0x67, 0x44, 0x67, 0xB3, 0x24, 0x9B, 0x6C, 0xE1, 0x24, 0x2C, 0xB6, 0x88, 0x18,
    0xD2, 0xB4, 0x57, 0xC7, 0x40, 0x34, 0xDA, 0xBB, 0xC0, 0x40, 0x63, 0xFB, 0xD3, 0x21, 0x10, 0x65,
    0xE5, 0x27, 0xBD, 0xC3, 0x0A, 0x93, 0x5C, 0xD5, 0xF3, 0x12, 0x8D, 0xC2, 0x8A, 0x5F, 0x15, 0xBD,
    0x54, 0xBF, 0x97, 0x3C, 0x25, 0xE5, 0xD6, 0x30, 0xF2, 0x3F, 0xDB, 0x74, 0x45, 0xEA, 0xF8, 0xB9,
    0xA9, 0x18, 0x3B, 0x72, 0x2E, 0x23, 0xDF, 0x6E, 0xB7, 0xB3, 0xA2, 0xA5, 0x64, 0x63, 0x12, 0xC0,
    0x13, 0x07, 0xE9, 0xB8, 0x10, 0x45, 0x21, 0x8C, 0x73, 0xA6, 0x5A, 0x7E, 0xC4, 0xD7, 0x58, 0xD9,
    0x34, 0xB5, 0x7A, 0xD2, 0x8D, 0x70, 0xD6, 0xF9, 0x2F, 0xE6, 0xDC, 0xC1, 0x62, 0x26, 0x9C, 0xCA,
    0x49, 0x6E, 0xA8, 0x74, 0xEE, 0xAB, 0x26, 0xAC, 0x47, 0x4C, 0x8B, 0xB5, 0x5B, 0x42, 0xEB, 0xDB,
    0x9E, 0xB0, 0x23, 0x8C, 0xAC, 0x21, 0x8C, 0x4D, 0x66, 0x22, 0xD9, 0xA4, 0x99, 0x19, 0xE5, 0x4F,
    0x55, 0x2A, 0x46, 0x4E, 0xA3, 0xC3, 0xEE, 0x6A, 0xC5, 0x3E, 0x7D, 0x21, 0x0D, 0xF6, 0x88, 0x69,
    0xAE, 0xF2, 0x31, 0xB1, 0xFD, 0x48, 0x95, 0x8B, 0x97, 0xBC, 0xF5, 0x67, 0x1D, 0x29, 0xF1, 0x25,
    0x80, 0x3B, 0xDB, 0x1F, 0xD9, 0xA4, 0x7C, 0x2C, 0x77, 0xB1, 0x48, 0x6C, 0x5C, 0x94, 0x22, 0xE6,
    0x4A, 0xCA, 0x70, 0x04, 0xF3, 0xD1, 0x95, 0x2F, 0x05, 0x8F, 0xF9, 0xB8, 0x4F, 0xC3, 0xD4, 0x4D,
    0xEA, 0x20, 0x5B, 0x7C, 0x87, 0xF3, 0xB1, 0x37, 0xB7, 0x0A, 0x96, 0x13, 0xAD, 0xDC, 0xD3, 0xD6,
    0x6B, 0x5B, 0x14, 0x1B, 0xA9, 0x57, 0x13, 0x6F, 0xB7, 0xFF, 0x8F, 0x23, 0xEC, 0xFF, 0xD7, 0x0F,
    0x09, 0xF0, 0x28, 0xE0, 0x03, 0x4C, 0x3D, 0x5C, 0x4F, 0x53, 0x21, 0x71, 0x4C, 0x22, 0x05, 0x4B,
    0x73, 0x5E, 0x49, 0xD0, 0x15, 0xE6, 0x2F, 0xD7, 0x7F, 0xB6, 0xEF, 0xB4, 0xAB, 0xE6, 0x4B, 0x0C,
    0xD0, 0xEB, 0xD9, 0x42, 0x82, 0x55, 0xFF, 0xE9, 0x5D, 0xFD, 0xA7, 0x3F, 0xD6, 0x7F, 0x04, 0x4B,
    0xE9, 0xDD, 0x51, 0xDF, 0x54, 0x07, 0x72, 0x7A, 0xD6, 0x5E, 0xA4, 0x17, 0xF2, 0xF4, 0xF6, 0xE1,
    0x5B, 0x32, 0x17, 0x5A, 0x3E, 0xB2, 0x33, 0x27, 0x43, 0xC9, 0x2E, 0xDE, 0x24, 0xBB, 0x78, 0xD5,
    0xD6, 0x26, 0x2B, 0x29, 0xD0, 0xC5, 0x29, 0x8A, 0x01, 0x94, 0x92, 0x2C, 0x5F, 0x92, 0xF0, 0x15,
    0x89, 0x58, 0x05, 0x09, 0x91, 0xAF, 0x63, 0x20, 0x7D, 0xAB, 0x27, 0xE9, 0x5B, 0x61, 0x15, 0xF5,
    0x4D, 0xAE, 0x5C, 0x9F, 0xB0, 0x95, 0x96, 0x29, 0xBF, 0x69, 0x1F, 0xA5, 0xF0, 0xC0, 0xC6, 0x67,
    0x93, 0x05, 0xDC, 0x90, 0xF1, 0x72, 0x67, 0x62, 0x04, 0x20, 0xFB, 0xDF, 0xBC, 0x50, 0x6F, 0x0F,
    0xE6, 0x93, 0xE0, 0xC3, 0x08, 0x12, 0x25, 0x8A, 0x91, 0xC4, 0xAF, 0x3E, 0xA3, 0x1A, 0x76, 0xF2,
    0xE2, 0x8A, 0x3B, 0xB4, 0x6B, 0xA9, 0x8F, 0xB8, 0x8E, 0xF5, 0x21, 0x9C, 0xCB, 0xA7, 0x94, 0x6F,
    0x14, 0x02, 0xB5, 0x18, 0x6E, 0x55, 0xD7, 0x68, 0x1B, 0xB2, 0xCB, 0x4D, 0xE8, 0xC5, 0x70, 0x83,
    0xD8, 0x29, 0x31, 0x1D, 0xDF, 0x99, 0xF3, 0x6B, 0xD9, 0xDB, 0x15, 0x2B, 0xD6, 0xFC, 0xB0, 0xEE,
    0xC8, 0x74, 0x6D, 0x3B, 0xB3, 0x0F, 0xDF, 0x34, 0xC4, 0x93, 0x2D, 0xEE, 0x11, 0x16, 0x15, 0x66,
    0xC0, 0xB5, 0x53, 0xC0, 0x7B, 0xC1, 0xB3, 0xDC, 0xC9, 0xBB, 0xFB, 0x4F, 0x64, 0x70, 0x3F, 0xCF,
    0x50, 0xD4, 0x37, 0x7E, 0x8D, 0xBC, 0x3B, 0xBF, 0xCA, 0x2A, 0x0C, 0x4F, 0x96, 0x03, 0xAE, 0x28,
    0x03, 0x34, 0xC7, 0x62, 0xB1, 0x73, 0xE6, 0x57, 0x97, 0x03, 0x12, 0x41, 0x6C, 0xB8, 0x64, 0x6E,
    0x1B, 0xFF, 0x24, 0x64, 0x9F, 0xFB, 0x87, 0x18, 0x2A, 0x36, 0x17, 0xF7, 0x61, 0xCF, 0xEA, 0xD7,
    0x6A, 0x1F, 0x7E, 0xE6, 0x4A, 0xFE, 0xAD, 0x27, 0xE1, 0xDC, 0x23, 0xD2, 0x60, 0x21, 0xA2, 0x82,
    0xC1, 0xAA, 0x1C, 0xAF, 0xE8, 0x88, 0x46, 0x5F, 0xB5, 0x02, 0xB2, 0x09, 0x91, 0x84, 0x92, 0xC1,
    0x89, 0x28, 0x51, 0xC9, 0x44, 0x2E, 0x57, 0xFA, 0x0C, 0x64, 0x96, 0x9B, 0x95, 0x98, 0x72, 0xED,
    0xAE, 0xAE, 0x04, 0x29, 0x91, 0x94, 0x84, 0x1C, 0xD2, 0xAB, 0x75, 0x22, 0x59, 0xDD, 0xF3, 0xB1,
    0xEB, 0xC3, 0x03, 0xA5, 0x42, 0x66, 0x87, 0x44, 0xD3, 0xA1, 0x84, 0xCC, 0x79, 0xB2, 0x9E, 0xB6,
    0x8F, 0x05, 0x63, 0xD6, 0x3C, 0x5F, 0xA6, 0x58, 0x7C, 0x6B, 0xD2, 0x37, 0x27, 0xA9, 0x37, 0x2F,
    0x06, 0x4E, 0x62, 0x0F, 0x30, 0xA0, 0x87, 0xD4, 0x53, 0x62, 0x09, 0xAC, 0x34, 0x3D, 0x86, 0x75,
    0xF2, 0xF6, 0x42, 0x56, 0x87, 0x84, 0xA4, 0x43, 0xAB, 0x0A, 0x49, 0xD4, 0xAD, 0x11, 0xCB, 0x64,
    0x43, 0x85, 0xEB, 0x81, 0x7C, 0x09, 0x39, 0xF7, 0xAE, 0x62, 0x71, 0x5A, 0x12, 0x4F, 0x42, 0xF8,
    0x34, 0xE5, 0x92, 0x75, 0x52, 0x28, 0xB5, 0xC4, 0xD4, 0x9E, 0x70, 0xAA, 0x76, 0xEE, 0x11, 0x1F,
    0x8E, 0x83, 0x75, 0x22, 0xC9, 0xE8, 0xD4, 0x94, 0x4F, 0x03, 0xC9, 0x5D, 0x05, 0x66, 0x29, 0x03,
    0x87, 0xDC, 0x77, 0xC8, 0xBA, 0x38, 0x64, 0x9B, 0x4E, 0x9B, 0x06, 0x6A, 0x61, 0x09, 0xD1, 0xD3,
    0xE4, 0x5B, 0x9F, 0x4D, 0xE0, 0x4F, 0xCE, 0xCE, 0x9A, 0xBD, 0xEB, 0x01, 0xE4, 0x0D, 0x3A, 0xF4,
    0x84, 0x45, 0xE7, 0xF5, 0xA6, 0x3D, 0x22, 0x65, 0xE8, 0x0C, 0xA9, 0x2E, 0x09, 0xFD, 0x59, 0xA5,
    0x39, 0x25, 0xF0, 0x45, 0x78, 0xBD, 0x70, 0xC7, 0x68, 0x42, 0x6D, 0x81, 0xF8, 0x88, 0x87, 0xC0,
    0xD3, 0x9E, 0x78, 0xFC, 0x4B, 0x17, 0x43, 0x62, 0xFA, 0x7F, 0x5A, 0xA8, 0x28, 0xC0, 0xB3, 0x1F,
    0x2F, 0x10, 0x25, 0xF1, 0xFC, 0xF9, 0x85, 0xD2, 0x64, 0xF0, 0x98, 0x20, 0x4E, 0x17, 0x8E, 0x8B,
    0xCA, 0x94, 0x4A, 0xDB, 0x31, 0x7E, 0xF7, 0xBB, 0x33, 0xC5, 0x1B, 0xA6, 0x07, 0x1E, 0x8D, 0x3B,
    0x9E, 0xA9, 0xB4, 0x12, 0x0F, 0x31, 0xCC, 0x02, 0xF1, 0xB4, 0x83, 0x6D, 0xD6, 0x29, 0xCD, 0x9A,
    0xC8, 0xDC, 0x66, 0xF5, 0x05, 0x08, 0x5F, 0x84, 0xDF, 0xDA, 0x71, 0x09, 0xBD, 0x1C, 0x1E, 0xEE,
    0xC4, 0xC6, 0xA3, 0xF0, 0x79, 0xC7, 0xD3, 0x9E, 0xF8, 0xFB, 0x60, 0x48, 0xDB, 0x50, 0x7E, 0x00,
    0x9F, 0xC1, 0xE9, 0x83, 0xE2, 0x9F, 0xC1, 0x50, 0x29, 0xF5, 0xFB, 0xA8, 0xD9, 0xF1, 0x73, 0xE1,
    0xD4, 0x2C, 0x57, 0x52, 0xDF, 0x80, 0x1F, 0x8A, 0xDF, 0x76, 0x30, 0xBF, 0xAE, 0x60, 0x9E, 0x39,
    0x86, 0xF8, 0x41, 0x8F, 0x73, 0x2F, 0x48, 0x28, 0xCE, 0xA8, 0x72, 0xC6, 0xA5, 0xD8, 0x89, 0xA7,
    0xB1, 0x1B, 0x4A, 0x4A, 0xCD, 0xD9, 0x19, 0x2A, 0xAC, 0xC2, 0x0C, 0x11, 0xCD, 0xAE, 0x7B, 0xEF,
    0xED, 0x70, 0x59, 0xF9, 0x95, 0xCE, 0xBD, 0x85, 0x8B, 0x66, 0x5F, 0xBC, 0x93, 0x6E, 0xE2, 0xF4,
    0xE7, 0x8D, 0xC7, 0x5A, 0x21, 0xDA, 0xB8, 0x93, 0x26, 0x94, 0x16, 0x79, 0xB2, 0x43, 0xE5, 0xF8,
    0x52, 0xB6, 0xED, 0xB0, 0xF4, 0x3D, 0xFF, 0x6C, 0xF1, 0x67, 0x9B, 0xC3, 0xEE, 0x7B, 0x5B, 0x17,
    0xCE, 0xDE, 0xE3, 0x27, 0xA3, 0x6E, 0xCE, 0xE8, 0xE2, 0x90, 0xB0, 0xF2, 0x62, 0x91, 0x45, 0x07,
    0x4A, 0x79, 0x8A, 0x0A, 0x8A, 0xD9, 0x20, 0xF9, 0xD1, 0xA1, 0x29, 0xCA, 0x64, 0x10, 0x52, 0x62,
    0xC2, 0x52, 0x75, 0xBC, 0x09, 0xD8, 0x46, 0x8C, 0xC7, 0xBF, 0x79, 0x7A, 0x37, 0x9A, 0x68, 0x25,
    0xA5, 0xBC, 0x54, 0xDC, 0x73, 0x37, 0xA2, 0x63, 0x20, 0x9A, 0xF5, 0x82, 0x45, 0xE3, 0x02, 0x03,
    0x7F, 0x94, 0x75, 0x80, 0xA3, 0x49, 0xC7, 0x36, 0x71, 0x11, 0x52, 0xD6, 0xC9, 0x5F, 0x94, 0xAE,
    0x8A, 0x73, 0x2E, 0xB9, 0x85, 0xB3, 0x64, 0x10, 0x0F, 0x92, 0xDE, 0x0B, 0xE2, 0xC7, 0xEE, 0x38,
    0xC9, 0xAD, 0x82, 0xE5, 0x7C, 0xA9, 0x9E, 0x2C, 0x78, 0x5D, 0x3D, 0xB9, 0x91, 0xF0, 0xAE, 0x71,
    0x24, 0x39, 0xFF, 0x9D, 0x8E, 0x52, 0x7F, 0x0A, 0xFA, 0x7A, 0x38, 0xDD, 0xAB, 0x0A, 0x14, 0x67,
    0x67, 0x6F, 0xA2, 0x69, 0x4D, 0xDB, 0x5F, 0xF1, 0x08, 0x65, 0x9B, 0x8C, 0x79, 0x81, 0x53, 0x5A,
    0xC9, 0xA3, 0xE4, 0xAE, 0xF1, 0xF1, 0x25, 0x7D, 0x8D, 0x73, 0x7B, 0x1F, 0xB5, 0x08, 0xB6, 0xE2,
    0x44, 0x5B, 0x79, 0xF9, 0x6B, 0xE5, 0xFC, 0x85, 0x7C, 0xED, 0x28, 0xBE, 0xD1, 0x95, 0x55, 0x46,
    0x7D, 0x2D, 0x1E, 0xD4, 0xC4, 0x4F, 0x06, 0x7C, 0x8D, 0xFB, 0x59, 0xAE, 0xB7, 0xD9, 0x17, 0xA8,
    0xC9, 0xAE, 0xEF, 0x0F, 0x34, 0x3E, 0xB8, 0xAC, 0x31, 0xB4, 0xAA, 0x21, 0x7B, 0xD9, 0x2A, 0xB6,
    0xFB, 0x94, 0x4B, 0x98, 0xF4, 0x7A, 0x1A, 0xAE, 0xBA, 0x84, 0x79, 0x7A, 0xC3, 0x5A, 0x97, 0x30,
    0xAF, 0x98, 0xF8, 0xCA, 0xD9, 0xDD, 0xC4, 0x57, 0xCC, 0xCE, 0xA1, 0x9E, 0x30, 0x18, 0xE2, 0x5A,
    0x28, 0xF7, 0xDB, 0xBB, 0x86, 0x3E, 0xBC, 0xF8, 0xB9, 0x1B, 0xDC, 0x73, 0x3F, 0xCF, 0xEE, 0x3F,
    0xB7, 0x2E, 0x7E, 0x4A, 0xF7, 0x53, 0x5C, 0xFC, 0xE4, 0x41, 0x5E, 0xE9, 0x27, 0xAB, 0xB2, 0xE6,
    0xE2, 0xA7, 0xE3, 0x6D, 0x43, 0x84, 0x77, 0x25, 0x06, 0xED, 0x6F, 0xF6, 0x45, 0x30, 0x1E, 0x5E,
    0xC3, 0xF8, 0xB5, 0xB3, 0xD7, 0xDD, 0x35, 0x62, 0xD5, 0xC4, 0xF9, 0x26, 0xDA, 0x7D, 0x06, 0xF1,
    0x65, 0xE9, 0xE9, 0xE1, 0x9A, 0xA9, 0x4E, 0x95, 0x4A, 0x53, 0x9F, 0x30, 0x5A, 0xFF, 0x57, 0xC6,
    0xEA, 0xBD, 0x22, 0x9A, 0x7B, 0x8C, 0x62, 0x78, 0xFE, 0xE9, 0x3C, 0xEE, 0xF3, 0xB0, 0x2F, 0x3C,
    0x1D, 0x33, 0xCC, 0x6B, 0x04, 0x73, 0x00, 0x24, 0x9C, 0xF9, 0x3F, 0x65, 0x0D, 0xEE, 0xE3, 0xCB,
    0x10, 0x32, 0xFB, 0xE9, 0x98, 0x44, 0x6E, 0xC2, 0xF5, 0xC7, 0xE7, 0x92, 0xE3, 0x37, 0x74, 0x02,
    0xC9, 0x57, 0x31, 0x32, 0xFE, 0x5F, 0x18, 0x76, 0x94, 0x0A, 0x9D, 0x8E, 0x77, 0x54, 0x87, 0xDF,
    0xE2, 0xC3, 0xDB, 0x39, 0x5D, 0x76, 0xBD, 0xB8, 0x34, 0x42, 0x71, 0xC4, 0xAC, 0xB0, 0x7E, 0x92,
    0xBF, 0xC4, 0x21, 0x50, 0x16, 0xB1, 0x29, 0xDE, 0x58, 0xB8, 0x42, 0x06, 0xD0, 0x2B, 0xF9, 0xE9,
    0x7C, 0xAE, 0x5D, 0x28, 0xD4, 0x2E, 0x01, 0x2A, 0xF6, 0x13, 0x05, 0x62, 0xE3, 0x33, 0xA9, 0xC0,
    0x6F, 0x1B, 0xCD, 0xD3, 0xEF, 0x6B, 0xBE, 0xBF, 0xD9, 0xE0, 0x3D, 0xA2, 0xF7, 0x2D, 0xA8, 0xB2,
    0xED, 0xCE, 0xAB, 0xF6, 0x83, 0x2E, 0xB1, 0x2D, 0x34, 0x74, 0xC1, 0x27, 0x9C, 0x21, 0x64, 0x67,
    0x4F, 0x31, 0x2D, 0x52, 0xF2, 0x2D, 0x7F, 0x27, 0xDB, 0x78, 0x18, 0x55, 0xA1, 0xBF, 0xB2, 0x36,
    0x9F, 0xAE, 0x18, 0x5B, 0x10, 0xF7, 0x3E, 0x22, 0xB5, 0xF2, 0xC7, 0xFD, 0xEE, 0x61, 0xEA, 0x9F,
    0xC0, 0xF0, 0xB7, 0x0F, 0xF1, 0x88, 0x4D, 0x1C, 0xC9, 0x19, 0x3B, 0x3F, 0x21, 0x22, 0x07, 0x94,
    0xEC, 0xF6, 0x91, 0x97, 0xEB, 0x78, 0x5B, 0x2C, 0x9F, 0x92, 0x85, 0x13, 0x52, 0x0C, 0xE9, 0x4C,
    0xA7, 0x3F, 0x83, 0x7B, 0x0A, 0xAC, 0xDA, 0x17, 0x8C, 0x8C, 0x01, 0xDA, 0x4A, 0x31, 0xCD, 0x90,
    0x12, 0xEE, 0xBC, 0x4D, 0x4C, 0xF4, 0xEC, 0xAD, 0x75, 0x3F, 0x58, 0xB5, 0x34, 0xE4, 0x70, 0xDF,
    0x52, 0x9E, 0x57, 0xF7, 0x12, 0x22, 0xFB, 0x43, 0x2E, 0x0D, 0x32, 0xD4, 0xA3, 0x6A, 0x77, 0xA4,
    0x0B, 0x21, 0x4B, 0x5E, 0x24, 0x7E, 0x46, 0x4C, 0x1F, 0xD8, 0x05, 0x5D, 0x87, 0x26, 0xC4, 0xE5,
    0x71, 0xF0, 0xB8, 0x46, 0x7D, 0xF3, 0x06, 0x9F, 0x1D, 0x51, 0x29, 0x4E, 0xB0, 0x49, 0x3F, 0x6F,
    0x0F, 0xD7, 0x27, 0x67, 0x5D, 0x9F, 0xF4, 0x7A, 0xA6, 0x18, 0x05, 0xE0, 0x70, 0xC9, 0xF8, 0x8A,
    0xE6, 0x00, 0xC1, 0xD1, 0x8D, 0x44, 0x1B, 0x9F, 0x7A, 0x7F, 0x95, 0xCA, 0xAE, 0xBF, 0x41, 0xAD,
    0xBB, 0xF5, 0x79, 0xB4, 0xEE, 0xB0, 0x3B, 0xB4, 0x8F, 0xB6, 0x82, 0x97, 0xE7, 0x0D, 0xCA, 0x10,
    0x6A, 0x11, 0x63, 0x91, 0xD5, 0x1A, 0xFC, 0x69, 0xCD, 0xBE, 0xE4, 0x8E, 0x24, 0x2B, 0xD6, 0x4E,
    0x17, 0xB2, 0x37, 0x63, 0xEB, 0xF3, 0x09, 0x32, 0x2B, 0x36, 0xDB, 0xFC, 0x5D, 0xDF, 0xF2, 0xE3,
    0x17, 0xBF, 0xB0, 0xDD, 0x09, 0x42, 0x81, 0x08, 0xD3, 0xCB, 0x3B, 0x37, 0xF2, 0xF9, 0xF2, 0xF6,
    0x7C, 0xCF, 0x80, 0x7B, 0x52, 0x74, 0xDA, 0x8D, 0xE2, 0x98, 0xA3, 0xC6, 0xCB, 0x13, 0xB9, 0xAA,
    0xCF, 0x4D, 0xB7, 0x37, 0xDC, 0x6C, 0xAB, 0xF3, 0xF5, 0xCB, 0x69, 0xAE, 0x7A, 0x08, 0x2D, 0x08,
    0x3B, 0xC1, 0xFA, 0x09, 0xD8, 0x1E, 0x72, 0x54, 0x91, 0x71, 0x1A, 0x62, 0x6C, 0x87, 0x1C, 0xF5,
    0x7A, 0xB2, 0x74, 0xB0, 0x15, 0xD0, 0x9E, 0x92, 0x73, 0x3D, 0x59, 0x57, 0x92, 0x73, 0x24, 0x63,
    0x39, 0x59, 0xE6, 0x86, 0xBF, 0x61, 0xE2, 0xBE, 0x5E, 0x3B, 0x2A, 0xDC, 0xDA, 0xC7, 0xD2, 0xD2,
    0x4D, 0x7B, 0x0D, 0x10, 0x05, 0x9C, 0xB7, 0x70, 0x67, 0xFD, 0x71, 0xBA, 0x26, 0x0D, 0xE8, 0x09,
    0x37, 0x77, 0x31, 0xD8, 0xB4, 0x1E, 0x61, 0x28, 0x48, 0x76, 0x4D, 0xEB, 0x86, 0x82, 0x24, 0x05,
    0x30, 0x5E, 0x04, 0xC9, 0x39, 0xDF, 0xE5, 0x54, 0x84, 0xE6, 0x76, 0xD5, 0xED, 0x76, 0xEE, 0xEA,
    0x62, 0xEF, 0xC8, 0x9C, 0x28, 0x48, 0x97, 0x8B, 0x38, 0xC2, 0xFC, 0xB1, 0x32, 0x56, 0x05, 0xAE,
    0xAA, 0x73, 0x35, 0x4A, 0x6E, 0xA5, 0xDC, 0xBF, 0xA0, 0xD3, 0x4F, 0x66, 0x65, 0xC0, 0xBA, 0xC3,
    0x20, 0xBF, 0xC6, 0x7A, 0x4F, 0xA5, 0x6B, 0x6A, 0x2D, 0x1E, 0x9D, 0x04, 0x53, 0x77, 0xB5, 0x2A,
    0x1F, 0x24, 0xED, 0xB6, 0x63, 0x55, 0xF2, 0x65, 0x5F, 0x26, 0x9D, 0x4E, 0xAA, 0x96, 0xEB, 0xB1,
    0xBC, 0x53, 0xF8, 0x4C, 0x54, 0x60, 0xBE, 0xF6, 0x76, 0x7E, 0xE1, 0xDB, 0x92, 0xBA, 0xC8, 0xD8,
    0xD5, 0x2C, 0xDD, 0xFE, 0x1D, 0x4B, 0xA1, 0xF5, 0x77, 0x7B, 0x1C, 0xA1, 0xF6, 0x15, 0x99, 0x82,
    0xBB, 0x7C, 0xC6, 0x46, 0x95, 0xBC, 0x68, 0x7D, 0x71, 0xFA, 0xCA, 0x9E, 0xAE, 0x5C, 0xB7, 0xC7,
    0x59, 0x85, 0x5B, 0x49, 0x32, 0xB8, 0x6B, 0x1B, 0xD2, 0x60, 0x95, 0x0C, 0x90, 0x7A, 0x87, 0x00,
    0x23, 0x37, 0xC3, 0xDB, 0xA1, 0x81, 0xCF, 0x94, 0xBD, 0x00, 0x67, 0xE0, 0x44, 0x5B, 0x48, 0x60,
    0x7F, 0x51, 0xB5, 0xB8, 0x1F, 0xB0, 0x51, 0xB7, 0x5A, 0xB1, 0xF1, 0xD4, 0x8E, 0x46, 0xB0, 0x5C,
    0xF8, 0xCD, 0x69, 0x10, 0x94, 0x16, 0xF9, 0xCF, 0xD7, 0xCF, 0x9A, 0xD2, 0xBA, 0xAF, 0x1A, 0x53,
    0x14, 0x6B, 0xF0, 0xAC, 0x61, 0xF1, 0xC8, 0xB0, 0x68, 0xBC, 0xF2, 0x42, 0x22, 0x95, 0x80, 0x97,
    0x0E, 0x41, 0x53, 0xCE, 0xDF, 0x62, 0xE0, 0xEF, 0xF8, 0xA5, 0xE2, 0xF1, 0xC3, 0xCC, 0x26, 0xB4,
    0x1D, 0xA4, 0x02, 0x6F, 0x4B, 0xD2, 0x97, 0xC6, 0xCD, 0x5D, 0xF3, 0xBD, 0xFA, 0xF3, 0x34, 0x03,
    0x88, 0x7D, 0x32, 0x10, 0xDE, 0x1E, 0x0D, 0xD2, 0x20, 0xE9, 0x73, 0xEC, 0x9E, 0x6C, 0xA4, 0xEB,
    0x48, 0x59, 0xC5, 0x91, 0x8B, 0x1C, 0xEF, 0xBF, 0x6B, 0xD4, 0xF6, 0x2F, 0x07, 0x67, 0x7D, 0x70,
    0xD3, 0x47, 0x67, 0x9D, 0x5F, 0xBD, 0xE0, 0x71, 0xA9, 0x2B, 0x2F, 0xD9, 0xEB, 0xC4, 0x96, 0xEE,
    0xDA, 0xED, 0x17, 0xAA, 0x7B, 0x21, 0x8A, 0x18, 0x65, 0x17, 0x1B, 0xDF, 0xC2, 0x63, 0x0F, 0xBF,
    0xA6, 0x8F, 0x06, 0x59, 0x6D, 0x05, 0xBA, 0xC2, 0x85, 0x84, 0x25, 0x03, 0x85, 0x50, 0x34, 0x24,
    0xF0, 0x1D, 0x10, 0xB1, 0xC6, 0x33, 0x09, 0xCD, 0x06, 0x02, 0x26, 0xB8, 0xC9, 0x63, 0xB5, 0x34,
    0xEC, 0x97, 0x0B, 0xE5, 0xFE, 0x9C, 0x2A, 0xB8, 0xB1, 0x91, 0x86, 0xD0, 0xDD, 0xD3, 0x32, 0x5A,
    0x11, 0x15, 0x93, 0x7B, 0xD5, 0x85, 0xE8, 0xF5, 0xE8, 0x03, 0x17, 0x82, 0x74, 0x23, 0x0D, 0xB1,
    0x0D, 0x94, 0x8D, 0xCF, 0x9E, 0x5F, 0xDC, 0xE7, 0x9C, 0x33, 0xE3, 0xA5, 0xF1, 0x42, 0xBF, 0x03,
    0xE7, 0x00, 0xFD, 0x78, 0xE0, 0xA8, 0x6F, 0x17, 0xCA, 0x76, 0xD4, 0x37, 0xAF, 0x69, 0xE5, 0xE1,
    0x39, 0x3E, 0xCA, 0xDF, 0xEE, 0x46, 0xFD, 0x8B, 0xB1, 0xB4, 0x3E, 0xDF, 0x50, 0xDB, 0xF9, 0xC6,
    0x59, 0x83, 0x77, 0x9C, 0xDA, 0x07, 0x41, 0x6D, 0x38, 0xA0, 0xA9, 0x4D, 0xFB, 0xF1, 0xFF, 0x91,
    0x59, 0x5F, 0xDA, 0xC2, 0x77, 0x78, 0xCB, 0xE1, 0x1C, 0xE7, 0xD7, 0xBE, 0x17, 0x14, 0xFF, 0x36,
    0xC4, 0xAB, 0x0E, 0xEB, 0x27, 0x4D, 0xBC, 0xE9, 0xBC, 0x92, 0x02, 0x1E, 0xD9, 0x05, 0x18, 0x4F,
    0x2D, 0xC3, 0x58, 0xBA, 0x72, 0x46, 0x01, 0x3C, 0xBB, 0x3D, 0xA8, 0xD3, 0xF1, 0x05, 0x91, 0x3A,
    0xC1, 0xA0, 0x55, 0x87, 0x18, 0x24, 0xBB, 0x73, 0x5C, 0x10, 0x0B, 0x15, 0x02, 0xB8, 0xD3, 0x5C,
    0xF6, 0x3A, 0xD0, 0x12, 0xE3, 0xE0, 0x4E, 0x31, 0x8F, 0xF5, 0x22, 0xAC, 0x73, 0x18, 0x7E, 0x93,
    0x0B, 0x2C, 0x05, 0xF6, 0x1F, 0x23, 0x6D, 0x05, 0x63, 0x21, 0xBD, 0xCC, 0xC5, 0xB2, 0xB6, 0x3E,
    0x17, 0x32, 0x70, 0x02, 0x70, 0xDC, 0x3B, 0xD6, 0xC9, 0xF7, 0x35, 0x16, 0x2A, 0xFE, 0x0D, 0x59,
    0xA8, 0xCB, 0x51, 0xA8, 0x7B, 0xCF, 0x62, 0x86, 0xDC, 0x21, 0xBB, 0x49, 0x0D, 0x0B, 0xAC, 0x99,
    0xFA, 0x37, 0x2C, 0xF8, 0xE6, 0x49, 0xC6, 0x51, 0xD7, 0x4E, 0xF3, 0xC9, 0xBF, 0x0B, 0x99, 0x2D,
    0xE5, 0xAF, 0xC6, 0x19, 0x63, 0x3E, 0x51, 0x73, 0x47, 0xE0, 0x65, 0xAF, 0xEE, 0x08, 0xA5, 0x51,
    0xE5, 0x13, 0x88, 0xCF, 0x16, 0xEE, 0xAA, 0xB1, 0x63, 0xA5, 0xA6, 0x4F, 0x71, 0x1A, 0xE7, 0xA8,
    0x72, 0x15, 0xDC, 0x79, 0x84, 0x7F, 0xE7, 0xA1, 0xBE, 0x63, 0x19, 0x69, 0xDD, 0x6E, 0xE1, 0xE6,
    0x58, 0xBC, 0xBE, 0x1D, 0x18, 0x78, 0x1E, 0xD4, 0xCC, 0xEB, 0xA0, 0x29, 0x89, 0xDE, 0x61, 0x4F,
    0xB5, 0xF1, 0x20, 0xB6, 0xF6, 0x80, 0xA2, 0x6C, 0x2F, 0xC5, 0x91, 0x03, 0x68, 0xBA, 0xE4, 0x2E,
    0xB4, 0x0B, 0x94, 0x88, 0x22, 0x54, 0xFF, 0xAD, 0xD0, 0x88, 0x85, 0xD6, 0x25, 0x2B, 0x63, 0xB0,
    0x76, 0x02, 0x45, 0x64, 0x20, 0x5E, 0x9E, 0x82, 0xD7, 0x4D, 0x3E, 0xBB, 0xA9, 0x11, 0x28, 0x67,
    0x01, 0x1B, 0x04, 0xFA, 0xD3, 0xF4, 0xED, 0xD1, 0x37, 0x15, 0x47, 0x2B, 0x8C, 0x56, 0x14, 0xAD,
    0x20, 0x5A, 0xD1, 0xB1, 0x08, 0x54, 0x04, 0xAD, 0x00, 0x5A, 0xF1, 0xB3, 0xC2, 0x67, 0xAC, 0x5F,
    0x77, 0x39, 0x79, 0x17, 0xCF, 0xA5, 0x1F, 0x23, 0xAB, 0x18, 0x38, 0x2B, 0x6E, 0x66, 0xD8, 0xBC,
    0x31, 0x57, 0x5B, 0x41, 0xD9, 0xDF, 0xAE, 0x41, 0x3E, 0xC7, 0x3F, 0xDD, 0x57, 0xDB, 0xEE, 0x7C,
    0x17, 0xB7, 0x59, 0xB6, 0x14, 0xF5, 0xCB, 0x29, 0x63, 0xBC, 0x2C, 0x46, 0xB2, 0xEB, 0x6D, 0xB8,
    0x1B, 0x5D, 0xE7, 0xD0, 0x2A, 0x8E, 0xBE, 0x4A, 0x5C, 0x15, 0x53, 0x6B, 0x7F, 0x60, 0xCB, 0xCB,
    0xF6, 0x1C, 0xB4, 0x34, 0x7B, 0x6D, 0x1F, 0x7E, 0x2F, 0x5C, 0x03, 0xFB, 0x56, 0xB0, 0x04, 0xDB,
    0x5F, 0x07, 0x0F, 0x70, 0x5E, 0x94, 0x81, 0xC4, 0x94, 0xB0, 0xB2, 0xF3, 0xAB, 0x4A, 0x1D, 0xA3,
    0x88, 0x11, 0x2D, 0x87, 0xD7, 0xE7, 0x0F, 0x19, 0xBF, 0x4F, 0xF6, 0x81, 0x3F, 0xDE, 0x67, 0x60,
    0x7A, 0xD8, 0x17, 0xBB, 0x10, 0x51, 0x28, 0x87, 0x45, 0x44, 0x48, 0x86, 0x21, 0x1C, 0x71, 0x9C,
    0xB4, 0xA4, 0xAE, 0x04, 0x1B, 0x83, 0x11, 0x16, 0xF9, 0x8C, 0x7D, 0x8F, 0x4D, 0x35, 0x32, 0x51,
    0x08, 0x01, 0x7F, 0x0D, 0x0B, 0xDE, 0xC5, 0xB0, 0x62, 0x80, 0x16, 0xE2, 0x25, 0xAB, 0x76, 0x57,
    0xBF, 0x7D, 0xEE, 0xDC, 0x76, 0x65, 0x89, 0x18, 0x88, 0x7D, 0x45, 0xE1, 0x99, 0xDE, 0x21, 0x8C,
    0x7B, 0x75, 0x42, 0xF2, 0x8E, 0x11, 0x56, 0x64, 0x1F, 0xA2, 0xC4, 0x38, 0xE2, 0xEE, 0x4F, 0x68,
    0xF2, 0x79, 0x20, 0x25, 0x5E, 0xC4, 0xB6, 0x5E, 0x6F, 0x22, 0xCF, 0x64, 0x39, 0x1F, 0xC5, 0x30,
    0x0F, 0x5C, 0x2F, 0x96, 0xEB, 0x4E, 0xBC, 0xEA, 0x3F, 0xFD, 0x5D, 0x7F, 0xFC, 0x90, 0xB5, 0x8C,
    0x0C, 0xCC, 0xBC, 0x84, 0x72, 0xE6, 0x83, 0x20, 0x7A, 0x1D, 0xFA, 0x86, 0x69, 0x6F, 0xFA, 0x57,
    0xBC, 0x2E, 0x94, 0x5E, 0x29, 0x2E, 0x97, 0xF0, 0xAF, 0xED, 0x52, 0x65, 0x65, 0x5F, 0xBD, 0x71,
    0xF5, 0x36, 0x67, 0x21, 0xB8, 0x64, 0xBC, 0x42, 0xCD, 0x10, 0x6B, 0x86, 0x44, 0x20, 0x93, 0xF1,
    0x2A, 0x36, 0x4E, 0xF4, 0xA7, 0x2B, 0x40, 0xF8, 0xC1, 0xCA, 0x4C, 0xFB, 0x5D, 0xD8, 0xB7, 0xAD,
    0x8D, 0xED, 0x07, 0x55, 0x66, 0x4B, 0x68, 0x46, 0x37, 0xC7, 0x24, 0x0D, 0xC6, 0x6B, 0xA7, 0x1A,
    0x6F, 0x55, 0x95, 0x98, 0x68, 0xFE, 0x2A, 0xCE, 0xE4, 0x12, 0x70, 0xC4, 0xB2, 0xC9, 0xC2, 0xFE,
    0x3E, 0xC7, 0x70, 0x09, 0x4A, 0x8E, 0x38, 0xB4, 0x13, 0x0F, 0x38, 0x5D, 0x5B, 0xCC, 0x31, 0xA1,
    0x57, 0x48, 0xD9, 0xCF, 0xCC, 0x48, 0x61, 0x49, 0x81, 0xDE, 0xE5, 0x38, 0x43, 0xC0, 0xD1, 0x88,
    0xF8, 0x38, 0xE9, 0xD8, 0x26, 0xE1, 0xE9, 0xBE, 0xA5, 0xBE, 0x08, 0x46, 0x1B, 0x7D, 0x66, 0xEC,
    0x8B, 0xA6, 0xD5, 0x69, 0x94, 0xC7, 0x0B, 0xAE, 0xE1, 0x0C, 0x3A, 0xE9, 0xBD, 0x6E, 0x9A, 0x6B,
    0xD6, 0x42, 0x20, 0xF9, 0xAE, 0x5D, 0x9B, 0x23, 0x3B, 0x78, 0x07, 0x48, 0x8D, 0x3E, 0x05, 0x10,
    0x84, 0x06, 0x0F, 0x81, 0xFC, 0xFB, 0x8E, 0x80, 0xB5, 0xE8, 0x83, 0x1D, 0x99, 0x77, 0x24, 0x7E,
    0x77, 0x01, 0x0B, 0x56, 0xA5, 0xAF, 0x2D, 0xA8, 0x52, 0xB6, 0x55, 0x06, 0xF7, 0xDD, 0xED, 0xC8,
    0x37, 0x77, 0x24, 0x43, 0x4C, 0xF2, 0x6D, 0xF4, 0x8B, 0x91, 0x02, 0xBE, 0xBD, 0x23, 0xCF, 0x02,
    0x19, 0xA3, 0x15, 0x4D, 0xB1, 0xF6, 0xB9, 0x21, 0x5A, 0x43, 0x58, 0xBE, 0xE7, 0xBB, 0x68, 0x85,
    0xC2, 0xB5, 0x2F, 0x34, 0xD1, 0x9A, 0x76, 0x0C, 0xA4, 0xA3, 0x35, 0x87, 0xFA, 0xDE, 0xDF, 0xF7,
    0xF4, 0x1E, 0x10, 0x90, 0x37, 0x03, 0xC1, 0xFE, 0x8D, 0x40, 0x58, 0x1C, 0x05, 0xA2, 0xDE, 0x8B,
    0xDA, 0x9F, 0x15, 0x59, 0x7D, 0x63, 0xD7, 0xA4, 0xBF, 0x0C, 0x4A, 0xE3, 0xD7, 0xBF, 0x8A, 0xE0,
    0xE2, 0x45, 0xA8, 0x4F, 0xAC, 0xC6, 0x5B, 0xAA, 0x93, 0x98, 0x77, 0x00, 0x43, 0x29, 0x73, 0x71,
    0x0E, 0x90, 0x7D, 0x3C, 0x03, 0xA4, 0xB4, 0x7A, 0xB4, 0xDF, 0x12, 0xE6, 0xC9, 0x55, 0xC7, 0xE6,
    0xD0, 0x16, 0xCE, 0xD5, 0x16, 0xBD, 0x2F, 0xAB, 0xB9, 0xE8, 0xD6, 0xD4, 0xA4, 0xB6, 0xF8, 0xA0,
    0x4B, 0xF0, 0x7A, 0x0F, 0xA5, 0xAE, 0x62, 0x1D, 0x9B, 0xD0, 0x1A, 0x4A, 0xD6, 0x16, 0xF6, 0x15,
    0xDA, 0x19, 0x46, 0xE7, 0xF5, 0x80, 0xC5, 0x36, 0x5B, 0x75, 0x1F, 0xF3, 0x95, 0x4D, 0x06, 0x38,
    0x36, 0xC6, 0x8A, 0x64, 0x2F, 0x71, 0x7D, 0x4E, 0xF2, 0x60, 0x1D, 0x21, 0x9D, 0xCC, 0x24, 0xB3,
    0x92, 0xB8, 0x82, 0x22, 0x99, 0x2B, 0xD4, 0x20, 0x61, 0x2F, 0xAE, 0x93, 0x3D, 0x2A, 0xAA, 0x63,
    0x51, 0x7F, 0x71, 0x45, 0xFD, 0x35, 0x58, 0x08, 0xB7, 0x68, 0x12, 0x73, 0x2E, 0x79, 0xB3, 0xB4,
    0x13, 0x7C, 0xA5, 0x21, 0x6C, 0x5B, 0x97, 0xC2, 0x3E, 0x51, 0xE4, 0x17, 0xDF, 0x4A, 0xD6, 0xF8,
    0x77, 0x23, 0x58, 0x0B, 0x84, 0xAB, 0x60, 0xE2, 0x13, 0xFA, 0xE1, 0x24, 0x13, 0x8E, 0xED, 0x58,
    0x68, 0xBF, 0xF5, 0xA6, 0x77, 0x36, 0x9B, 0xBB, 0x6D, 0xF2, 0xC0, 0xE7, 0x04, 0xB8, 0x70, 0x97,
    0x32, 0x9F, 0xCB, 0xF6, 0x71, 0xC4, 0x72, 0xBB, 0xE0, 0x0B, 0x0A, 0xE4, 0x59, 0x4E, 0xF3, 0x6D,
    0x7A, 0x54, 0x4F, 0x90, 0x76, 0xC5, 0x1A, 0xAD, 0x21, 0xC6, 0x25, 0x8E, 0x8B, 0x62, 0x87, 0xCE,
    0xC9, 0xE9, 0x3F, 0x86, 0x2C, 0xA8, 0x24, 0xCC, 0x83, 0xD2, 0x26, 0xE2, 0xDD, 0xAF, 0x04, 0x7B,
    0x82, 0x7E, 0xFC, 0x99, 0xB1, 0xD8, 0xB9, 0xF1, 0x65, 0xBD, 0x95, 0x6A, 0xC6, 0xA7, 0x55, 0x16,
    0x24, 0xAD, 0xE9, 0x2A, 0xEF, 0x7A, 0xE9, 0x4E, 0xAE, 0x73, 0x43, 0x57, 0x64, 0x2D, 0x1A, 0x2B,
    0xA7, 0x63, 0x9E, 0xAA, 0xF8, 0x50, 0x61, 0x2B, 0x47, 0xCA, 0xA3, 0x01, 0x4A, 0x1E, 0x7E, 0xD7,
    0x02, 0x4D, 0xA3, 0xE9, 0x0F, 0x4B, 0x5D, 0xBD, 0xE0, 0x71, 0xA9, 0x4F, 0x5D, 0xF0, 0x30, 0x46,
    0x76, 0xE8, 0xAA, 0xB6, 0xC6, 0xED, 0xC0, 0xAE, 0xDC, 0x7D, 0xF8, 0x79, 0x3E, 0x4C, 0xE4, 0xB9,
    0xA3, 0x8D, 0x66, 0x3B, 0x52, 0x7B, 0xA5, 0x78, 0xAE, 0xA6, 0xF9, 0x48, 0x6D, 0x74, 0x89, 0x5A,
    0xF7, 0xCD, 0xF2, 0x3F, 0x55, 0x5C, 0x90, 0x3B, 0xA5, 0x72, 0x1F, 0x77, 0xE5, 0x6A, 0xF1, 0x5C,
    0xB3, 0xE0, 0x31, 0x8B, 0x3C, 0xD6, 0x3D, 0xDB, 0x51, 0x1E, 0x18, 0xA3, 0x5E, 0x51, 0x79, 0x86,
    0x2F, 0x20, 0xC1, 0x69, 0x75, 0x29, 0x54, 0xB6, 0xCB, 0xFF, 0x71, 0x0B, 0xB2, 0xA6, 0xD8, 0x1D,
    0x69, 0x51, 0xDD, 0xDA, 0x15, 0xAD, 0xDE, 0x95, 0x36, 0xB1, 0x15, 0x57, 0x04, 0x6C, 0x0E, 0xFE,
    0x78, 0xD7, 0xA4, 0x26, 0xF8, 0x2F, 0xC4, 0x97, 0x31, 0x8C, 0xE7, 0x46, 0x15, 0xC6, 0x7F, 0xB6,
    0xB3, 0x67, 0xE9, 0x2C, 0xE1, 0x26, 0x27, 0xC1, 0x45, 0xC8, 0xFD, 0x09, 0xC5, 0xBD, 0x20, 0x3B,
    0x4E, 0xE8, 0x45, 0x8A, 0xAC, 0x28, 0x52, 0x84, 0x12, 0xD2, 0x6C, 0x2F, 0x5D, 0xCE, 0xA6, 0x2F,
    0xB2, 0xF4, 0x0D, 0x45, 0x8A, 0x63, 0x23, 0x91, 0x86, 0x22, 0xC5, 0xE6, 0x6C, 0xA0, 0xA0, 0xC4,
    0x05, 0x7D, 0x8C, 0x94, 0x80, 0x72, 0x14, 0x71, 0xE1, 0x08, 0xE7, 0x62, 0xFB, 0x31, 0x9F, 0x66,
    0x74, 0xDA, 0xDB, 0x0B, 0x82, 0x00, 0x12, 0xEF, 0x34, 0xEF, 0x3D, 0x9F, 0x3D, 0xEF, 0x7D, 0xFE,
    0xE6, 0x1B, 0xCF, 0xFE, 0xE1, 0x43, 0xC8, 0x0C, 0x8A, 0x6B, 0x23, 0xDB, 0x81, 0xD7, 0x79, 0x6A,
    0x49, 0x03, 0xD9, 0x00, 0xB9, 0x1F, 0x85, 0x1F, 0x65, 0x17, 0x46, 0xDD, 0x80, 0x23, 0x8C, 0x16,
    0xE8, 0x81, 0x23, 0x8C, 0x64, 0x87, 0x6C, 0x0B, 0x23, 0xF7, 0xA3, 0xF0, 0xA3, 0x5C, 0xFD, 0x58,
    0xA0, 0xF2, 0xA3, 0x9E, 0xC1, 0xF9, 0xD1, 0xFA, 0x11, 0xED, 0x76, 0x23, 0x5F, 0x22, 0xAB, 0x90,
    0xD5, 0x72, 0x2F, 0xD9, 0x0A, 0x98, 0x19, 0xE4, 0xFB, 0xA9, 0x0D, 0x54, 0xF3, 0xFD, 0x7E, 0xA0,
    0x1D, 0x3E, 0x6C, 0x07, 0xAC, 0x5B, 0x5C, 0x97, 0x1A, 0xF3, 0x29, 0xD9, 0xC1, 0xAC, 0x3E, 0x89,
    0xF7, 0xE5, 0x96, 0x4E, 0xEA, 0x93, 0x8D, 0xEA, 0x24, 0xE8, 0x6E, 0xCE, 0x07, 0xF9, 0x42, 0x7E,
    0x2A, 0x3A, 0xF9, 0xB2, 0x41, 0x1E, 0xF9, 0x4A, 0x7E, 0x7E, 0x59, 0x4D, 0x97, 0x53, 0x7E, 0xE2,
    0x2B, 0xBC, 0x92, 0x4C, 0xE4, 0x76, 0xBF, 0x1A, 0x49, 0xCD, 0xAC, 0x83, 0xDE, 0x0E, 0xC4, 0xCF,
    0x04, 0xB0, 0x20, 0x9B, 0xE5, 0x12, 0x79, 0xD4, 0xF0, 0x9A, 0xE5, 0xB6, 0x83, 0xE6, 0xD8, 0x88,
    0x87, 0xD6, 0xF4, 0x42, 0xB5, 0x50, 0xAD, 0x50, 0x8F, 0x88, 0x09, 0x37, 0x90, 0x2F, 0xD0, 0x36,
    0x64, 0x33, 0x88, 0xF5, 0x4E, 0x41, 0xF6, 0xEF, 0x84, 0xBE, 0x91, 0xBF, 0xB4, 0xC7, 0x97, 0x81,
    0x1D, 0xD3, 0x55, 0xAF, 0x2B, 0x54, 0xFA, 0x9F, 0x87, 0x4E, 0x5E, 0x6D, 0x65, 0x3D, 0xB2, 0x64,
    0x93, 0x17, 0x0E, 0x59, 0x19, 0x1F, 0xEC, 0x47, 0xBE, 0x45, 0x62, 0x66, 0xBF, 0xE8, 0x29, 0xD4,
    0x61, 0xC3, 0x7D, 0x7A, 0x6E, 0x36, 0xF1, 0x6D, 0xE8, 0x8F, 0x30, 0x33, 0xAA, 0x84, 0xEF, 0x69,
    0xB4, 0xC9, 0xA3, 0xE6, 0x91, 0xFB, 0xD8, 0x9E, 0x6C, 0xA5, 0xFD, 0xCD, 0xE6, 0x6C, 0xA7, 0x1E,
    0x7D, 0xD1, 0x62, 0x2A, 0x06, 0x5F, 0xBC, 0xEC, 0x48, 0x16, 0x71, 0xBE, 0x5E, 0x73, 0xFA, 0xBF,
    0x42, 0x77, 0x73, 0x3D, 0x97, 0x6D, 0xD4, 0x43, 0x61, 0x8F, 0x6D, 0xAE, 0x3F, 0x37, 0xDB, 0xDA,
    0xD4, 0x2E, 0x4C, 0x95, 0x7F, 0x80, 0xEC, 0xEE, 0xE5, 0x25, 0xF7, 0x2E, 0xDF, 0x73, 0x66, 0x38,
    0x5B, 0x72, 0xFB, 0x13, 0xB9, 0x35, 0xA9, 0x75, 0xA4, 0x3B, 0xF8, 0x90, 0x2D, 0x28, 0xE4, 0x13,
    0xF4, 0x03, 0x7A, 0x8D, 0x76, 0xA0, 0xD2, 0x22, 0x8F, 0x9C, 0xA2, 0x55, 0x66, 0x43, 0x82, 0xD0,
    0x8A, 0x51, 0xCE, 0xD9, 0xA4, 0xB0, 0xE8, 0x41, 0x8A, 0xB5, 0x02, 0x49, 0xF5, 0x15, 0x90, 0x6A,
    0x57, 0x14, 0x8E, 0x59, 0xBA, 0x7C, 0xDF, 0x9E, 0x3C, 0x84, 0x4A, 0x0C, 0x08, 0x84, 0x5D, 0xBE,
    0x07, 0x24, 0x86, 0x2C, 0x55, 0xE0, 0xCE, 0x8F, 0x8F, 0x33, 0xCF, 0x44, 0x6B, 0x66, 0xB3, 0x16,
    0x5D, 0x24, 0xA9, 0x18, 0xB2, 0x42, 0x41, 0xEA, 0x0F, 0x61, 0x41, 0x56, 0x87, 0xD0, 0xEB, 0x9E,
    0xE6, 0xAD, 0x41, 0x2C, 0x0B, 0x70, 0xFF, 0xEA, 0xA6, 0xFD, 0x94, 0x68, 0x2F, 0x5E, 0x3D, 0x67,
    0xDA, 0x21, 0x4F, 0x40, 0x22, 0x95, 0xE4, 0xBF, 0x38, 0xDF, 0xB4, 0xB8, 0xD9, 0x01, 0xBB, 0x30,
    0xA6, 0x2B, 0x18, 0x99, 0xF7, 0x07, 0xF2, 0x1F, 0x22, 0xAF, 0x37, 0x44, 0xDE, 0xE4, 0x13, 0x1B,
    0x15, 0x84, 0x81, 0x5C, 0x52, 0xA7, 0x7A, 0x4B, 0x48, 0x4E, 0x53, 0x29, 0xFE, 0x23, 0x5A, 0xEB,
    0xD8, 0x29, 0x6C, 0x44, 0x3C, 0xCF, 0x98, 0x38, 0xC4, 0x06, 0xCA, 0x99, 0x7E, 0x21, 0x9F, 0x71,
    0x87, 0x7C, 0x65, 0x63, 0x3E, 0x92, 0xDB, 0x26, 0x46, 0xCD, 0xCE, 0x11, 0x69, 0xBB, 0xB0, 0xA9,
    0x1A, 0xB8, 0x55, 0xBE, 0x0C, 0x9D, 0xE5, 0x49, 0x37, 0x6E, 0x23, 0xF9, 0xD5, 0xDE, 0xAF, 0x38,
    0x48, 0x17, 0x29, 0x34, 0x9B, 0xB5, 0x66, 0xE5, 0xA8, 0xFD, 0xD2, 0x37, 0x02, 0xA5, 0x32, 0x7D,
    0xC0, 0xD9, 0x10, 0xCC, 0x35, 0xD5, 0xD0, 0x0F, 0x6E, 0x32, 0x3F, 0x7C, 0x1C, 0x1D, 0x55, 0xC7,
    0xB3, 0x96, 0xF4, 0xB6, 0x06, 0xBA, 0xCD, 0x34, 0x99, 0xC4, 0x3E, 0x3B, 0x13, 0xE7, 0x14, 0xBB,
    0x2E, 0x82, 0x36, 0xA0, 0x96, 0x64, 0x10, 0xAC, 0x55, 0x98, 0x6E, 0xF5, 0x17, 0xEC, 0x02, 0xD1,
    0xDA, 0x41, 0x4B, 0x31, 0xA6, 0xC7, 0xAB, 0xD6, 0xD4, 0x4D, 0xD9, 0x15, 0x33, 0xAE, 0x2B, 0x87,
    0xBA, 0xA9, 0x46, 0xEA, 0xA6, 0x18, 0x9D, 0xB6, 0xD5, 0x77, 0xC8, 0xA6, 0x53, 0x5C, 0xA3, 0xF9,
    0xF3, 0x3B, 0xB4, 0x4A, 0x52, 0x9F, 0xF4, 0xA0, 0xE4, 0x3E, 0x81, 0xE5, 0xE7, 0x93, 0xA7, 0xCF,
    0x28, 0x09, 0xB3, 0x4E, 0x69, 0x3B, 0x54, 0x47, 0x95, 0x95, 0x4C, 0x35, 0xF5, 0x48, 0xD2, 0xE4,
    0x63, 0xD5, 0x95, 0x33, 0xB9, 0xEF, 0x5E, 0x0E, 0xD9, 0xC1, 0x79, 0x53, 0x75, 0xF9, 0x8C, 0x98,
    0x71, 0x5A, 0xE5, 0x97, 0x6C, 0x62, 0x87, 0x23, 0xBE, 0x85, 0x58, 0x84, 0x6A, 0x8E, 0xBA, 0xEB,
    0x3B, 0xAD, 0xC2, 0x27, 0x9C, 0x8B, 0x47, 0xDA, 0x28, 0x50, 0x52, 0x4D, 0x47, 0x76, 0x72, 0x86,
    0x2C, 0x79, 0xF4, 0x2A, 0x52, 0x3A, 0xF4, 0xAF, 0x1E, 0xA2, 0x62, 0x27, 0x5F, 0x92, 0x8D, 0x72,
    0xF6, 0x79, 0x35, 0xFA, 0xC2, 0x6E, 0xC8, 0x16, 0xEF, 0x44, 0xC4, 0x50, 0x8A, 0x8D, 0x4A, 0xD9,
    0xF7, 0x27, 0xEF, 0xFE, 0x3A, 0x51, 0x7F, 0xF5, 0x87, 0xAF, 0x86, 0xF2, 0xF0, 0xF8, 0x92, 0x8B,
    0x6B, 0x27, 0xC8, 0xCB, 0xD4, 0xC0, 0xC6, 0x47, 0x7A, 0x33, 0x49, 0xB2, 0x1C, 0x8B, 0x59, 0x18,
    0xDD, 0x20, 0x91, 0x5A, 0x43, 0xBE, 0x4B, 0xB2, 0xD5, 0x2A, 0x75, 0xB8, 0xB9, 0xD6, 0xCD, 0xC9,
    0xCD, 0x7A, 0x03, 0x6D, 0x98, 0x72, 0xC9, 0x57, 0x69, 0x46, 0xAA, 0x49, 0x04, 0x0A, 0x3F, 0x1E,
    0x00, 0x0E, 0x07, 0x54, 0x94, 0x0D, 0x9C, 0x90, 0xE0, 0xBF, 0x0F, 0xDE, 0x1A, 0x67, 0xDE, 0xBA,
    0xE0, 0x91, 0xE6, 0xFE, 0x23, 0x7F, 0x82, 0xCC, 0x99, 0x0D, 0x71, 0xFC, 0x6F, 0xE4, 0x75, 0x47,
    0x9F, 0x0A, 0xC9, 0xAB, 0xD5, 0x2A, 0x48, 0x5E, 0x2F, 0x1D, 0x1F, 0xEC, 0x48, 0x5E, 0x9E, 0xE4,
    0x1E, 0xC9, 0xCB, 0x27, 0xAE, 0x93, 0xBC, 0x94, 0x0C, 0x5E, 0x5E, 0x21, 0x91, 0xBC, 0x94, 0x74,
    0x69, 0x48, 0xDA, 0x46, 0xF2, 0x4A, 0xB7, 0xE4, 0x20, 0x51, 0x62, 0xB6, 0x10, 0x93, 0xC1, 0x27,
    0x7A, 0xA6, 0x1A, 0x09, 0x0F, 0x97, 0xB3, 0x4F, 0x54, 0x27, 0x5F, 0x25, 0x2F, 0x9F, 0xA4, 0xBB,
    0xE4, 0xA5, 0x3A, 0x86, 0xE4, 0xA5, 0xEE, 0x41, 0x5E, 0x3B, 0x6E, 0x94, 0xBC, 0x5A, 0x9B, 0xAB,
    0x5D, 0xF2, 0xBA, 0x77, 0x79, 0x71, 0xEB, 0xE1, 0x7F, 0x2D, 0xAF, 0xBB, 0x5A, 0x1C, 0x7D, 0xBF,
    0xCD, 0x16, 0x79, 0x9B, 0x09, 0x96, 0xA8, 0xC6, 0xAA, 0x7D, 0xDE, 0x94, 0x5F, 0xF6, 0x63, 0xED,
    0xE5, 0xE5, 0x44, 0x10, 0xE9, 0xF2, 0x80, 0x64, 0x7D, 0xE0, 0xA3, 0xBF, 0x5E, 0x9C, 0x87, 0x54,
    0x4D, 0xD5, 0x54, 0x98, 0x75, 0x89, 0x1D, 0xBE, 0xE0, 0x05, 0x44, 0xAB, 0xBF, 0x91, 0xBF, 0xA7,
    0xA3, 0xF2, 0x86, 0x4C, 0xBE, 0x59, 0x05, 0xB8, 0xC3, 0xF3, 0xF6, 0xB5, 0x02, 0x4C, 0x7E, 0x7D,
    0x11, 0xBF, 0x84, 0xED, 0x68, 0x0D, 0xA6, 0x63, 0x69, 0xD7, 0xF6, 0xBE, 0x92, 0x7B, 0x41, 0x3B,
    0x3E, 0xEA, 0xE3, 0x00, 0x2D, 0x07, 0xE4, 0x33, 0x84, 0xCF, 0x99, 0x54, 0x9E, 0x2E, 0x40, 0x31,
    0x00, 0x4E, 0x47, 0xF2, 0xCA, 0x77, 0xC9, 0x3F, 0x3D, 0xBB, 0x92, 0xEC, 0xB6, 0x70, 0x78, 0xDC,
    0x39, 0x93, 0xA8, 0xD4, 0x88, 0x5A, 0x8D, 0xEC, 0xE7, 0x46, 0x72, 0xD0, 0x77, 0x89, 0x7F, 0x40,
    0x8D, 0xB4, 0x42, 0x48, 0x90, 0xE9, 0xA1, 0xCA, 0xDA, 0x53, 0x47, 0x23, 0x54, 0x5D, 0xB8, 0x8C,
    0xA7, 0x55, 0xB6, 0xF3, 0x82, 0x1E, 0x79, 0x45, 0xD9, 0x03, 0x32, 0x49, 0xAC, 0x5C, 0x71, 0x8F,
    0xFB, 0x89, 0xD2, 0x34, 0xE3, 0xED, 0xB8, 0xAB, 0x9D, 0x4E, 0x80, 0xD4, 0x34, 0xAD, 0x9C, 0x70,
    0x0D, 0x57, 0x04, 0xBB, 0x84, 0xDB, 0xBF, 0x04, 0xD3, 0x09, 0x4B, 0x62, 0x52, 0x09, 0xA9, 0x69,
    0x13, 0xA0, 0x2D, 0xEE, 0x7C, 0xD8, 0x7D, 0x18, 0x55, 0x1C, 0x37, 0xA8, 0x80, 0x20, 0x16, 0xAB,
    0x64, 0x24, 0x39, 0x09, 0x66, 0xB9, 0xDC, 0xA8, 0x90, 0x84, 0x0A, 0xE9, 0xA1, 0xA9, 0xD7, 0x2B,
    0xB4, 0xA1, 0x42, 0x1F, 0x2A, 0xE8, 0x50, 0x0A, 0xC1, 0x2D, 0x24, 0x3E, 0xF4, 0x6A, 0x3E, 0xA5,
    0x1F, 0xCF, 0x64, 0x76, 0x9C, 0xBF, 0xBB, 0xFF, 0x26, 0xFB, 0xBB, 0x1D, 0xB9, 0x2D, 0xF9, 0x9F,
    0x6D, 0xC9, 0xAC, 0x2B, 0xA6, 0x3B, 0x0D, 0x6F, 0xE8, 0xA4, 0x91, 0xC5, 0x50, 0x85, 0x50, 0x2B,
    0x08, 0x70, 0x08, 0x6B, 0x08, 0x47, 0x08, 0x7B, 0x08, 0xF1, 0x84, 0x0F, 0x8F, 0x70, 0x6E, 0xDE,
    0xBA, 0xDC, 0x64, 0x43, 0x65, 0xF6, 0xF8, 0x83, 0x4F, 0x70, 0x66, 0x63, 0x35, 0xD0, 0x2A, 0x34,
    0xF4, 0xCF, 0x04, 0xFB, 0xBA, 0x10, 0xEF, 0xC5, 0x09, 0xEE, 0x99, 0x50, 0x85, 0x50, 0x84, 0x90,
    0x84, 0xC0, 0xC9, 0x9B, 0x0A, 0x50, 0xFC, 0x5F, 0x43, 0x39, 0x56, 0x1D, 0x62, 0x4D, 0xF4, 0x95,
    0x1E, 0x99, 0x75, 0x21, 0x0C, 0x04, 0x4B, 0x9A, 0x6A, 0x76, 0xAB, 0xD3, 0xBF, 0xB9, 0xE8, 0x38,
    0x81, 0x12, 0x6A, 0x29, 0x89, 0x6A, 0xD3, 0x5A, 0x26, 0x3B, 0xA9, 0x92, 0x7B, 0xE7, 0x8B, 0xB3,
    0xB1, 0xFE, 0x12, 0xB8, 0xA5, 0x7D, 0x39, 0x68, 0x25, 0x39, 0xB7, 0x2E, 0xDB, 0xAD, 0x49, 0x26,
    0x03, 0x0C, 0xC9, 0x5B, 0x72, 0x20, 0xBB, 0xFE, 0x4B, 0x63, 0x85, 0x42, 0xDA, 0xD6, 0x98, 0x25,
    0x1C, 0xA9, 0x86, 0x93, 0xFE, 0x0B, 0xED, 0xC8, 0xC1, 0xEF, 0x92, 0x86, 0x5B, 0x87, 0xC8, 0x9D,
    0xD2, 0xBD, 0xD8, 0x8A, 0x25, 0xDB, 0xAB, 0x29, 0x3D, 0xDC, 0x90, 0x1E, 0xAD, 0x1F, 0x7D, 0x93,
    0x1D, 0xD6, 0x64, 0xBB, 0x54, 0x6D, 0xBE, 0x50, 0xEF, 0x0B, 0xB4, 0x9D, 0x1B, 0xEA, 0x4F, 0x8D,
    0xC2, 0x56, 0xF8, 0x59, 0x43, 0xB0, 0x45, 0x72, 0xBF, 0xE2, 0x1D, 0x68, 0x71, 0xE0, 0x9A, 0x7A,
    0xF0, 0x38, 0xAB, 0x91, 0x72, 0x2E, 0x67, 0xDF, 0xBE, 0xD8, 0x28, 0xB6, 0x6C, 0x0F, 0xC7, 0x5A,
    0xB9, 0x15, 0x5B, 0x38, 0xD4, 0xFA, 0xAE, 0x1D, 0x92, 0x03, 0x23, 0x5B, 0xD3, 0x8D, 0x72, 0xCC,
    0x27, 0xEA, 0xA6, 0xEA, 0x7C, 0x9D, 0x53, 0x78, 0x9D, 0x17, 0x89, 0xAF, 0xCC, 0x43, 0xF4, 0xDE,
    0xE8, 0x60, 0xD7, 0xCB, 0xEB, 0xD8, 0x44, 0x0C, 0x40, 0x39, 0x20, 0x1A, 0xA0, 0xEE, 0x08, 0x5C,
    0xB4, 0x00, 0x4A, 0x36, 0x22, 0x2B, 0x0B, 0x81, 0x1A, 0x5F, 0x5E, 0xFC, 0x68, 0x92, 0x92, 0x4D,
    0x40, 0x63, 0xF2, 0x08, 0x44, 0x17, 0x89, 0xCF, 0xC5, 0x99, 0x1A, 0xDC, 0xED, 0x44, 0x5C, 0x31,
    0xD2, 0x0E, 0x62, 0xAF, 0x1A, 0xB0, 0x41, 0x14, 0x3A, 0x32, 0xEB, 0xC4, 0xE3, 0x4E, 0xD9, 0x37,
    0x9E, 0xCC, 0xD7, 0x56, 0x4E, 0x7B, 0x31, 0xFA, 0xFB, 0x99, 0xD5, 0xF0, 0xB4, 0xFE, 0x68, 0x4C,
    0x85, 0x45, 0xA8, 0x8A, 0xDF, 0x1E, 0x4A, 0x5A, 0xEA, 0x74, 0x47, 0xA8, 0xB8, 0xEF, 0x1B, 0x0A,
    0x55, 0x32, 0xFB, 0x44, 0xA8, 0xB2, 0x27, 0xEF, 0x1F, 0x0F, 0x85, 0xAA, 0x30, 0x33, 0xA1, 0x6A,
    0x4E, 0xCE, 0xDE, 0xFA, 0xF2, 0x8D, 0x80, 0x4A, 0xEB, 0x26, 0x54, 0x4A, 0x84, 0x2A, 0xAC, 0xA2,
    0xB6, 0x58, 0xD2, 0x7E, 0x81, 0x50, 0x51, 0x9A, 0x11, 0x8F, 0x95, 0xB3, 0xC8, 0x58, 0xF2, 0x5E,
    0x60, 0x4C, 0x33, 0xC4, 0x98, 0xAA, 0x47, 0xC6, 0xEA, 0x2E, 0x32, 0xD6, 0x12, 0x19, 0x53, 0x75,
    0x2C, 0x12, 0x95, 0x44, 0xA2, 0xC4, 0x58, 0x24, 0x6A, 0xBF, 0x41, 0x94, 0x12, 0x41, 0x12, 0x63,
    0x01, 0x12, 0x85, 0x88, 0xBA, 0xFB, 0x19, 0x62, 0xAC, 0xFA, 0x9D, 0x99, 0x18, 0xC3, 0x15, 0x5B,
    0x35, 0x0B, 0xEE, 0x5E, 0xCE, 0xC5, 0xEA, 0x19, 0x4B, 0x56, 0xBF, 0xC6, 0xAB, 0x67, 0xEC, 0x87,
    0x73, 0x31, 0xE4, 0xAB, 0x33, 0xFB, 0x78, 0x4C, 0x9A, 0x62, 0xF1, 0x8C, 0x9D, 0x77, 0x68, 0x8A,
    0x50, 0x69, 0xEF, 0x44, 0x54, 0xAE, 0x8B, 0xA8, 0xD4, 0x56, 0xA8, 0x24, 0x00, 0xA1, 0xD2, 0xB2,
    0x04, 0x54, 0x75, 0x13, 0x6F, 0x6F, 0x20, 0x54, 0x7A, 0x6C, 0x14, 0x2A, 0xAA, 0x26, 0x1D, 0x44,
    0x14, 0x8F, 0xCE, 0xDE, 0x1C, 0x44, 0x54, 0x66, 0x66, 0x1D, 0x0E, 0x72, 0x9F, 0x68, 0x1A, 0xC9,
    0x99, 0x18, 0xBB, 0xF5, 0xA8, 0xD3, 0x49, 0x05, 0xAD, 0xA9, 0xFC, 0x4E, 0x62, 0xAF, 0x1D, 0xEA,
    0xA5, 0x17, 0x35, 0x9D, 0x3E, 0x3A, 0xE3, 0x4D, 0x8D, 0x49, 0x66, 0x2C, 0x36, 0x4D, 0x0C, 0x1E,
    0x44, 0x3A, 0xD4, 0x3D, 0x7C, 0xD3, 0x17, 0xC5, 0x23, 0xAC, 0x10, 0xEE, 0x68, 0x02, 0x87, 0xB4,
    0xD2, 0x8D, 0xAC, 0x5C, 0x03, 0x87, 0xE4, 0x5B, 0xB2, 0x79, 0x8D, 0xBD, 0xE0, 0x13, 0x8F, 0xB6,
    0x1D, 0xEE, 0xFB, 0xA4, 0x18, 0xB1, 0x61, 0xA3, 0x58, 0xAB, 0xCE, 0x6B, 0xCC, 0xA8, 0x66, 0x27,
    0x8D, 0xF5, 0x7F, 0xB1, 0x61, 0x97, 0xC6, 0x6A, 0x3B, 0xD2, 0x55, 0x1A, 0x4B, 0xDE, 0x6E, 0xF2,
    0x39, 0x68, 0x4C, 0xBA, 0x91, 0xC6, 0x84, 0x2A, 0x6A, 0xAC, 0x8D, 0x1A, 0x63, 0x8B, 0x1A, 0xCB,
    0x96, 0xA8, 0xB1, 0x62, 0x8A, 0x1A, 0x2B, 0x87, 0xA0, 0x31, 0x71, 0x28, 0xE2, 0x6F, 0x88, 0xAD,
    0x8A, 0x62, 0x93, 0xC6, 0xC4, 0xF5, 0x4D, 0x8D, 0x85, 0xC3, 0xB8, 0x1D, 0x01, 0x9B, 0x9E, 0x3A,
    0x5D, 0xF6, 0xDD, 0x73, 0x7F, 0x0B, 0x84, 0x8D, 0x7C, 0x05, 0x91, 0x26, 0x91, 0x9C, 0x88, 0xA7,
    0x54, 0x7D, 0x0B, 0xB5, 0xD1, 0xFC, 0xF2, 0xD0, 0x74, 0x2D, 0xB2, 0x16, 0xA7, 0x08, 0xBF, 0x4D,
    0xE3, 0x89, 0x43, 0x2F, 0x16, 0x4D, 0xCE, 0x3A, 0xF2, 0xCE, 0xBB, 0x62, 0xF2, 0xAE, 0x9C, 0x7B,
    0xED, 0x49, 0x0F, 0xC4, 0x4D, 0x6E, 0xC1, 0x86, 0xD2, 0x3E, 0xB0, 0xF0, 0x87, 0x1F, 0x77, 0x7F,
    0xC5, 0x33, 0x26, 0xEA, 0x89, 0xD4, 0x87, 0x28, 0x8D, 0x47, 0xB3, 0x18, 0xC5, 0x87, 0x2C, 0x6A,
    0x5F, 0x96, 0x8D, 0xFC, 0x4B, 0xBB, 0x7D, 0x81, 0x2C, 0x82, 0x8D, 0x0B, 0x1E, 0xCC, 0x62, 0x92,
    0xC6, 0x84, 0xEC, 0xF3, 0x25, 0x76, 0xF8, 0x63, 0x4C, 0xAA, 0x77, 0x23, 0x32, 0x57, 0xC4, 0xE4,
    0xA3, 0x22, 0x42, 0xDC, 0x22, 0xD6, 0x74, 0x09, 0x89, 0x3E, 0x17, 0x7B, 0xC4, 0x17, 0x13, 0xAF,
    0x95, 0x78, 0x0A, 0x93, 0x59, 0x98, 0xFD, 0x8F, 0x76, 0xCE, 0x00, 0x52, 0x93, 0x2C, 0xBB, 0xE3,
    0xB7, 0xAA, 0xD2, 0x5D, 0x2B, 0x45, 0xEE, 0x60, 0x27, 0x22, 0x1D, 0xA9, 0x00, 0x02, 0x51, 0x00,
    0x11, 0xE6, 0x55, 0x6D, 0x90, 0x20, 0xD8, 0xC5, 0x36, 0x08, 0x06, 0x40, 0x12, 0x74, 0x08, 0x04,
    0xDB, 0xAA, 0xCC, 0x02, 0x20, 0x03, 0xBB, 0x30, 0xC8, 0x20, 0x62, 0xD2, 0x41, 0x47, 0xC0, 0xA2,
    0xA3, 0xEE, 0x5A, 0x2C, 0x40, 0x49, 0x12, 0x10, 0xA4, 0x24, 0x33, 0x88, 0x45, 0x2A, 0x49, 0x8D,
    0xAD, 0x8E, 0xAA, 0x3A, 0x79, 0xE7, 0xFC, 0x6E, 0x4D, 0x2A, 0x5F, 0x5E, 0xF7, 0xBE, 0x4C, 0x66,
    0x44, 0x3F, 0xAF, 0xF4, 0x57, 0xFF, 0xF3, 0xDE, 0xEB, 0xBA, 0xF7, 0x9C, 0xF3, 0xBF, 0xF7, 0xDE,
    0x73, 0xCF, 0xBD, 0xF5, 0xB9, 0x14, 0x61, 0xB5, 0x46, 0xAA, 0x54, 0x12, 0x7E, 0xBB, 0xFC, 0xD3,
    0xC7, 0x8F, 0x4D, 0xF0, 0xC7, 0x62, 0xA0, 0x3A, 0x84, 0x1A, 0x07, 0xEB, 0xD3, 0xB8, 0x3B, 0x59,
    0xD4, 0x0C, 0xC6, 0x10, 0xB8, 0xCE, 0xAD, 0x4D, 0x0F, 0xF8, 0xC6, 0x4C, 0xAD, 0x3A, 0x17, 0x13,
    0x57, 0x08, 0x8C, 0x35, 0x89, 0x2C, 0x3A, 0x61, 0x3B, 0xBD, 0x05, 0x13, 0x7A, 0xB1, 0xA2, 0xCF,
    0x57, 0xB1, 0x81, 0x84, 0x5B, 0x8E, 0x92, 0xB9, 0xA4, 0x01, 0xD3, 0x15, 0x24, 0xFE, 0x63, 0x25,
    0xF2, 0x45, 0x73, 0x71, 0xCF, 0xC5, 0x99, 0x0A, 0x39, 0x3C, 0x76, 0x08, 0xD2, 0x76, 0x38, 0x6A,
    0x29, 0x83, 0x22, 0xB3, 0x34, 0x16, 0x26, 0xD3, 0x17, 0xC5, 0xC5, 0x3D, 0x17, 0xBF, 0x73, 0xB4,
    0x74, 0x19, 0xB2, 0x00, 0x15, 0x4B, 0x61, 0xAE, 0xBF, 0x7A, 0x57, 0x50, 0xFA, 0x7B, 0x99, 0x60,
    0xD8, 0x5F, 0xB8, 0xF6, 0x0B, 0xF7, 0xFC, 0x7D, 0x2F, 0x28, 0xC6, 0x0C, 0xE3, 0xFD, 0x61, 0x58,
    0x39, 0x17, 0x51, 0x98, 0xA2, 0x50, 0x0C, 0x56, 0x33, 0xD7, 0x3D, 0x05, 0x5F, 0x14, 0x05, 0x89,
    0x8B, 0x57, 0xBF, 0x80, 0x99, 0xFE, 0x19, 0x87, 0x57, 0x0D, 0x86, 0x75, 0x3E, 0x20, 0x34, 0x45,
    0x14, 0xBA, 0x43, 0x08, 0xBE, 0xC3, 0x0B, 0xC7, 0x53, 0x89, 0x6C, 0xF7, 0x0E, 0x7F, 0x8D, 0xC3,
    0xC9, 0xCA, 0x3C, 0xFB, 0x08, 0x7D, 0x45, 0x2F, 0xCC, 0x7A, 0x7B, 0xBF, 0xDE, 0x40, 0x79, 0x1E,
    0xAD, 0xFF, 0x54, 0xF3, 0x90, 0xC8, 0xD9, 0xBF, 0x89, 0x1A, 0x0F, 0x25, 0x3F, 0x50, 0x79, 0xC2,
    0xE8, 0x6F, 0xEF, 0x9F, 0xC9, 0xB5, 0x3A, 0x22, 0xCA, 0xF8, 0x8B, 0x10, 0x9B, 0x4E, 0x44, 0x31,
    0xA3, 0x47, 0x86, 0xB5, 0xE5, 0x90, 0xAB, 0xE6, 0x88, 0x01, 0x34, 0xA2, 0x2E, 0xA7, 0x43, 0x5E,
    0x09, 0x00, 0xF1, 0x9D, 0x29, 0x1A, 0x68, 0x14, 0x26, 0x77, 0xB8, 0xDD, 0x7C, 0x82, 0x06, 0xE6,
    0x31, 0xAE, 0xED, 0xDA, 0xC3, 0x51, 0x4E, 0xF1, 0x2D, 0xBC, 0xA9, 0xDC, 0x1C, 0x1A, 0x40, 0x07,
    0x1A, 0x40, 0x16, 0x1A, 0xC0, 0x20, 0x1A, 0x38, 0xA3, 0xF5, 0x0A, 0xFF, 0x1B, 0xD7, 0x4F, 0x89,
    0x88, 0xCD, 0xC4, 0x17, 0xAC, 0xC0, 0x0A, 0x12, 0xB1, 0xB6, 0x5E, 0xF1, 0x2C, 0xBC, 0x8D, 0x82,
    0xF6, 0xE5, 0xF5, 0xCA, 0x66, 0x56, 0x02, 0x60, 0x58, 0x26, 0xDB, 0x36, 0xAB, 0x91, 0xCF, 0x83,
    0x8F, 0x25, 0x93, 0x12, 0x7E, 0xEB, 0xE5, 0x3B, 0xFD, 0x6A, 0x6D, 0xD7, 0x6F, 0x2E, 0xD5, 0x50,
    0x77, 0x77, 0xC5, 0x66, 0x9A, 0x54, 0x8B, 0x29, 0xD1, 0xAA, 0x2E, 0x8B, 0x33, 0x96, 0x9B, 0x14,
    0xE3, 0xA2, 0xCE, 0xC5, 0x6E, 0x10, 0x1D, 0x5D, 0x02, 0x15, 0xEE, 0xAD, 0xA7, 0x33, 0xB4, 0x11,
    0x46, 0x83, 0x3E, 0xC2, 0x70, 0x03, 0xB4, 0x11, 0xC6, 0xF3, 0xE3, 0x94, 0x49, 0x0D, 0xBF, 0x6A,
    0xD5, 0x26, 0x8B, 0xCB, 0x64, 0xB0, 0x80, 0x5E, 0xF6, 0x67, 0x32, 0xD0, 0xAC, 0x1B, 0x63, 0x60,
    0x31, 0xEF, 0xFF, 0x1D, 0x2A, 0x86, 0x73, 0x38, 0x9E, 0xA3, 0xB0, 0x13, 0xA0, 0x3F, 0x03, 0xBF,
    0xFC, 0xE9, 0xDF, 0x5B, 0x99, 0x11, 0xAD, 0xC6, 0x47, 0xEA, 0xA9, 0xF3, 0x45, 0xFB, 0x82, 0x1C,
    0x7A, 0x3F, 0xE8, 0xDA, 0x83, 0xDC, 0x00, 0x16, 0x03, 0x98, 0xBE, 0x6E, 0x0C, 0x4F, 0xAD, 0x6B,
    0x7C, 0x48, 0x4B, 0x11, 0x4B, 0x33, 0x3C, 0x7B, 0xA6, 0xCE, 0xF1, 0x1B, 0xA9, 0x30, 0xAD, 0xCE,
    0x0F, 0x78, 0xB8, 0x08, 0x98, 0x61, 0x38, 0x5F, 0x63, 0xC7, 0xD2, 0x29, 0x61, 0xED, 0x72, 0x76,
    0x17, 0x93, 0x00, 0xCE, 0x04, 0x03, 0xD8, 0x83, 0x6C, 0x5A, 0x82, 0xBB, 0x59, 0x61, 0xDA, 0xD3,
    0x2C, 0x4F, 0x98, 0xED, 0x67, 0x6B, 0x69, 0x86, 0x67, 0x2F, 0x78, 0x10, 0xEF, 0x2E, 0xA8, 0x95,
    0x4C, 0xA8, 0x95, 0x4E, 0xA8, 0x95, 0x8F, 0xAA, 0x8E, 0x99, 0x93, 0xC8, 0x27, 0x8F, 0x1F, 0xF7,
    0xC1, 0xF5, 0x64, 0xE9, 0x9C, 0xC1, 0x65, 0x66, 0xBF, 0x5C, 0x3E, 0x33, 0xE5, 0xAC, 0x72, 0x72,
    0xA8, 0xB2, 0x80, 0x7E, 0x00, 0x2B, 0xE0, 0xDE, 0xBF, 0xB7, 0xF4, 0x6F, 0x26, 0xA0, 0x8F, 0x2A,
    0x55, 0xD2, 0xA1, 0xF9, 0xF3, 0x60, 0x9A, 0x6D, 0xDE, 0x4C, 0x2B, 0x26, 0x82, 0x8F, 0xB2, 0x71,
    0xCB, 0xBD, 0x7F, 0x6F, 0xEF, 0x5F, 0x3F, 0xB0, 0x7C, 0xAC, 0x26, 0x3F, 0x63, 0x90, 0x5F, 0x30,
    0x88, 0x9F, 0x7D, 0xA7, 0xE5, 0x71, 0xDD, 0xFB, 0xF5, 0x96, 0x7E, 0x45, 0x6B, 0x6C, 0x29, 0x66,
    0xAB, 0x98, 0x0A, 0xA8, 0xBE, 0xA6, 0xAE, 0xE6, 0x55, 0x9E, 0x64, 0x26, 0x76, 0xEA, 0xC5, 0xBF,
    0x8D, 0x93, 0x16, 0xAA, 0xA2, 0x28, 0x6A, 0xA2, 0x24, 0x2A, 0x1E, 0x75, 0xE1, 0x35, 0x6A, 0xC7,
    0x63, 0xF8, 0x0B, 0x6F, 0x99, 0x82, 0xDC, 0xF1, 0x13, 0xDE, 0xC9, 0xB8, 0xEF, 0xF8, 0x07, 0xEF,
    0xFC, 0xAF, 0x2A, 0x4C, 0x8E, 0x03, 0x09, 0xA3, 0xF1, 0x30, 0x9C, 0xCD, 0x91, 0xE0, 0x48, 0x59,
    0x1D, 0x65, 0x53, 0x46, 0x15, 0x88, 0x25, 0x48, 0x8F, 0xDF, 0x7D, 0x3F, 0xA0, 0x90, 0x4C, 0x56,
    0xCD, 0xA2, 0x85, 0xFE, 0xD8, 0x32, 0x78, 0xC3, 0x6E, 0xB9, 0x45, 0xCE, 0x32, 0xF8, 0xEE, 0xAE,
    0xFB, 0xA1, 0xB5, 0x60, 0x5C, 0x9A, 0x36, 0xE8, 0xBD, 0x0F, 0xC8, 0xDA, 0x10, 0x58, 0xC8, 0xDC,
    0xD9, 0x96, 0x80, 0x15, 0x7F, 0x76, 0x04, 0xD9, 0x1A, 0xAB, 0xD9, 0x18, 0xD9, 0x4B, 0x43, 0x86,
    0x29, 0x95, 0x21, 0x56, 0x50, 0xCF, 0xD4, 0xA1, 0x1F, 0xAA, 0xC9, 0x77, 0xAB, 0x09, 0xBD, 0x18,
    0x92, 0xA4, 0xA1, 0xBE, 0x44, 0x75, 0xAF, 0x11, 0xA2, 0x99, 0x12, 0xB0, 0x14, 0x21, 0x44, 0x81,
    0x25, 0x4F, 0x48, 0x2C, 0xC2, 0x4F, 0xA4, 0x4B, 0x55, 0xB0, 0xA7, 0x12, 0x62, 0xD0, 0x06, 0xDB,
    0x33, 0xE1, 0x83, 0xB0, 0x13, 0x81, 0xE2, 0x04, 0xBF, 0xE1, 0x07, 0xC6, 0xF0, 0x95, 0x20, 0x17,
    0x2D, 0x5B, 0xF6, 0xF6, 0xA9, 0x06, 0x4D, 0x1B, 0x34, 0xF5, 0x7B, 0xF4, 0x4C, 0xBB, 0xC0, 0x83,
    0x1A, 0x6A, 0xE3, 0x67, 0x2F, 0xB8, 0x08, 0x67, 0x28, 0xBE, 0x74, 0x5C, 0xE4, 0x7B, 0xCE, 0x09,
    0x9F, 0x73, 0xC6, 0xC7, 0x5D, 0x3D, 0x11, 0x51, 0x3C, 0xE5, 0x7C, 0xDC, 0x74, 0x9B, 0xA4, 0x4F,
    0xAA, 0x04, 0x24, 0xBA, 0xB2, 0xCB, 0xC5, 0xCC, 0x54, 0x96, 0x9E, 0x98, 0xA6, 0x1A, 0x35, 0x17,
    0xEA, 0xC2, 0x6C, 0x76, 0x2A, 0x1D, 0x2B, 0x4A, 0xAF, 0x0C, 0xE6, 0x83, 0x49, 0x53, 0x8C, 0xCD,
    0xFD, 0x73, 0x35, 0x5B, 0xA5, 0xF2, 0xEB, 0x6B, 0x94, 0xAA, 0x62, 0x8B, 0xE9, 0xD7, 0x5A, 0x1D,
    0x57, 0x36, 0xAA, 0xA7, 0x4A, 0x95, 0x8D, 0x73, 0x09, 0x3B, 0x2B, 0xBA, 0x3A, 0x92, 0x80, 0xF4,
    0xC2, 0xB5, 0x23, 0x03, 0xE0, 0xAA, 0x04, 0x3E, 0x55, 0x69, 0x51, 0x8F, 0xBE, 0x20, 0xFF, 0xEF,
    0x57, 0xB7, 0x12, 0x8D, 0x17, 0x9B, 0x5B, 0x58, 0xE3, 0xE5, 0x7B, 0x32, 0x23, 0x65, 0x92, 0x9A,
    0x34, 0xBA, 0x44, 0xDE, 0x9B, 0x1C, 0x3A, 0xEA, 0x0E, 0x1B, 0x3A, 0xF6, 0x7F, 0x33, 0x3A, 0x34,
    0xAB, 0x7F, 0x3C, 0x44, 0xA9, 0x92, 0xE0, 0xD0, 0xD1, 0x9B, 0x54, 0x36, 0x48, 0xE8, 0x98, 0xC7,
    0xF5, 0x35, 0xD4, 0xD1, 0x9C, 0x12, 0x18, 0xD2, 0xBB, 0x7D, 0x84, 0xC1, 0xEA, 0xC6, 0xE8, 0xCC,
    0x49, 0x03, 0xB6, 0xE1, 0x62, 0x59, 0x31, 0x82, 0xE6, 0x4E, 0x8C, 0x7C, 0xDD, 0xF5, 0x88, 0x56,
    0x90, 0xC6, 0x5E, 0x53, 0xEE, 0x8F, 0xFB, 0x85, 0xF5, 0x57, 0xBE, 0xD3, 0x4C, 0xB5, 0xBD, 0x16,
    0x1B, 0x5D, 0xB8, 0x9A, 0x69, 0x54, 0xED, 0x48, 0xCF, 0xC3, 0x9C, 0x89, 0xF9, 0xA6, 0x9A, 0x33,
    0x89, 0x89, 0xAA, 0xDD, 0x70, 0xA1, 0xE7, 0x56, 0x4B, 0x19, 0xB1, 0x5A, 0x0C, 0xE7, 0x9A, 0xC8,
    0x67, 0xAE, 0x63, 0x0F, 0x6E, 0x0D, 0xDB, 0x49, 0x8B, 0xD5, 0xBA, 0x7B, 0x43, 0x19, 0xFA, 0xC1,
    0x30, 0x18, 0xA6, 0xD2, 0x19, 0x66, 0x42, 0x77, 0xCB, 0x77, 0xFA, 0x9F, 0x57, 0x3E, 0xE9, 0x1C,
    0x95, 0x62, 0x3B, 0x1D, 0x5D, 0xC3, 0x3A, 0xCD, 0xD1, 0xC1, 0x4C, 0x07, 0xF9, 0xD8, 0xF6, 0x76,
    0x58, 0x09, 0x62, 0xF6, 0xC7, 0xEC, 0x23, 0x7D, 0xD3, 0x80, 0xEB, 0xE6, 0xE5, 0xC5, 0x11, 0xD9,
    0xAC, 0x60, 0x31, 0x81, 0x55, 0x07, 0x3E, 0x75, 0x9F, 0xC7, 0xCF, 0xF7, 0x7E, 0xF6, 0x2B, 0x58,
    0x6F, 0x60, 0xBF, 0x1B, 0xA4, 0x7B, 0x8F, 0x9B, 0xE7, 0xBA, 0xA3, 0x79, 0xFB, 0x40, 0x1A, 0x2B,
    0x1B, 0x6F, 0xEF, 0xE7, 0x7B, 0x3F, 0x27, 0x7F, 0x02, 0x96, 0xD2, 0x58, 0xFC, 0x5B, 0x8B, 0x9D,
    0xA6, 0x76, 0x2F, 0x5B, 0x1B, 0xCA, 0x93, 0xA9, 0xB0, 0xA9, 0x33, 0x1D, 0x12, 0x19, 0x6E, 0xEF,
    0xD7, 0x7B, 0xBF, 0xDE, 0xB0, 0x9C, 0x5B, 0x50, 0x12, 0xAC, 0x8E, 0xE5, 0x5C, 0x38, 0x2D, 0xE7,
    0x6E, 0xE7, 0xDF, 0x7B, 0xFF, 0xFE, 0x9C, 0x73, 0xEE, 0x97, 0x74, 0xAE, 0x5E, 0xDB, 0xCE, 0x65,
    0x6B, 0x39, 0x3A, 0x3F, 0xE5, 0x8B, 0xAB, 0x39, 0x9E, 0xE3, 0xDA, 0x6F, 0x6B, 0x18, 0xF0, 0x2F,
    0x9A, 0x75, 0x24, 0xCC, 0x32, 0x6D, 0xBA, 0x18, 0x3D, 0xD4, 0x3F, 0x5C, 0x9C, 0x93, 0x64, 0xB7,
    0xF3, 0x71, 0x9D, 0x1E, 0x95, 0x19, 0xF5, 0x20, 0xDB, 0xD2, 0x6A, 0x52, 0xF4, 0x17, 0x9C, 0x73,
    0xBF, 0x7F, 0x72, 0x7B, 0xF2, 0x21, 0x98, 0x0D, 0x70, 0xE0, 0x3B, 0x38, 0x90, 0xC8, 0xC1, 0xF6,
    0xDF, 0x39, 0xC8, 0x22, 0x07, 0x85, 0xC0, 0x41, 0xD9, 0xC3, 0xC1, 0x55, 0xE4, 0xE0, 0x05, 0x1C,
    0x24, 0x13, 0x1C, 0x64, 0x03, 0x1C, 0xF8, 0x0E, 0x0E, 0xAA, 0xC8, 0xC1, 0xD3, 0xC8, 0xC1, 0x02,
    0x07, 0xD9, 0x04, 0x07, 0x45, 0x80, 0x83, 0xB2, 0x81, 0x83, 0xAB, 0xC8, 0xC1, 0x0B, 0x38, 0x48,
    0x26, 0x38, 0xC8, 0x06, 0x38, 0xF0, 0x1D, 0x1C, 0x54, 0x91, 0x83, 0xA7, 0x91, 0x83, 0x05, 0x0E,
    0xFE, 0x7D, 0x82, 0x03, 0x09, 0x70, 0x20, 0xCD, 0x8D, 0x1C, 0xA4, 0x02, 0x07, 0xD9, 0x5F, 0xC3,
    0x81, 0xEF, 0xE0, 0xE0, 0xA6, 0xB4, 0x99, 0x84, 0xCB, 0xBD, 0x71, 0x22, 0x71, 0x56, 0xDD, 0xE7,
    0x5D, 0x72, 0x86, 0x6A, 0x2E, 0xB5, 0xE3, 0xD5, 0x17, 0xF9, 0xFF, 0x0F, 0xF5, 0xD6, 0xB4, 0x22,
    0x93, 0xA5, 0xA7, 0x1F, 0xCA, 0xD6, 0xB8, 0x87, 0xBA, 0xF4, 0xE8, 0xB5, 0x82, 0x5E, 0x3F, 0x81,
    0x22, 0x11, 0xCC, 0x80, 0xEE, 0x10, 0x1A, 0xC2, 0x9C, 0x44, 0x08, 0xE5, 0x88, 0xAC, 0xD3, 0x09,
    0x63, 0x49, 0x95, 0xEF, 0x87, 0xB0, 0x71, 0x76, 0x87, 0xC8, 0x3A, 0x27, 0x53, 0x42, 0x10, 0x47,
    0xFC, 0x4F, 0xAE, 0x84, 0xC0, 0xAD, 0x9C, 0x89, 0xDB, 0x30, 0xB3, 0x6A, 0x8E, 0x23, 0x20, 0x74,
    0xBE, 0x28, 0x0C, 0x58, 0x48, 0x67, 0x78, 0x7A, 0x44, 0x64, 0x2F, 0x4E, 0x9A, 0x22, 0x2C, 0x08,
    0x6C, 0x5C, 0xB0, 0x85, 0x42, 0x39, 0x64, 0x2A, 0xAB, 0x85, 0x0D, 0x13, 0xCD, 0xB7, 0xFF, 0xF6,
    0x7E, 0x8C, 0x05, 0x78, 0xB5, 0x92, 0x23, 0xDA, 0x7B, 0xFC, 0x8D, 0xD7, 0xD0, 0x92, 0xC9, 0xE5,
    0x89, 0x12, 0x7F, 0xD0, 0xC3, 0x24, 0x7A, 0x0A, 0x27, 0xD3, 0xF9, 0x9E, 0x94, 0x2F, 0x93, 0x94,
    0xFA, 0x72, 0xAB, 0x8F, 0x34, 0x04, 0x99, 0x08, 0x04, 0x92, 0x11, 0xE4, 0x23, 0x0C, 0x49, 0x49,
    0xDC, 0x93, 0xF2, 0x65, 0x91, 0xB2, 0xBA, 0xF6, 0x48, 0x4E, 0x4A, 0x03, 0x27, 0x26, 0x9C, 0x7E,
    0x93, 0x2C, 0xE7, 0x05, 0xD7, 0x3D, 0x17, 0x5F, 0x1A, 0x17, 0xB9, 0x9C, 0xC3, 0x7F, 0x55, 0x11,
    0x6C, 0x3B, 0x70, 0x07, 0xB2, 0x19, 0x2C, 0xC2, 0xEB, 0x99, 0xE8, 0x1E, 0x5E, 0xB3, 0xD1, 0x8A,
    0x84, 0x42, 0x64, 0x2C, 0x64, 0xD0, 0xD9, 0xDB, 0xA5, 0x47, 0x76, 0xC4, 0x70, 0x00, 0xAB, 0x0E,
    0xA3, 0xEB, 0xD8, 0x49, 0x57, 0x2A, 0x57, 0xFB, 0xD4, 0x73, 0x39, 0xA1, 0x8C, 0x7A, 0xD4, 0x9C,
    0x5C, 0x9B, 0xB2, 0x1B, 0x93, 0x59, 0x26, 0xC9, 0x82, 0x8D, 0x2C, 0x42, 0x12, 0xF9, 0x3A, 0x7A,
    0xC9, 0x13, 0x34, 0xE9, 0x37, 0xB0, 0x5E, 0x6E, 0xCE, 0xAA, 0xD7, 0xAF, 0xCA, 0xAA, 0x1F, 0x88,
    0xF5, 0x89, 0x34, 0xE0, 0x65, 0x56, 0x3D, 0x62, 0xC9, 0xDF, 0xBD, 0x08, 0x81, 0x1E, 0x48, 0xCE,
    0xAB, 0x51, 0xDF, 0xE2, 0xF9, 0x27, 0x32, 0x1C, 0x7B, 0xB0, 0x18, 0x83, 0xC3, 0x01, 0x91, 0x11,
    0x10, 0x33, 0xFC, 0xA1, 0x0C, 0xE6, 0x87, 0x7A, 0x36, 0xAD, 0xFD, 0x6A, 0x4A, 0xE7, 0x9B, 0x39,
    0x2B, 0xDB, 0x55, 0x65, 0xAB, 0xBE, 0x07, 0xA4, 0x03, 0x1A, 0x85, 0x44, 0x41, 0xDD, 0x6D, 0x99,
    0xB5, 0x4C, 0xAC, 0x92, 0x6C, 0x37, 0x7F, 0x66, 0x5A, 0xC2, 0xA4, 0xED, 0x36, 0xB5, 0x40, 0xF0,
    0xC1, 0x93, 0x9D, 0x5A, 0x47, 0x83, 0x7F, 0x26, 0xD3, 0x76, 0x0A, 0x25, 0x2A, 0x00, 0xCF, 0x91,
    0xD7, 0x73, 0x3D, 0xDB, 0xD3, 0x02, 0x5C, 0x06, 0xCE, 0x44, 0x8E, 0x09, 0x96, 0x98, 0x0A, 0xB8,
    0xB5, 0x1A, 0x5D, 0x39, 0x46, 0x6F, 0x33, 0x11, 0x0A, 0x71, 0x0A, 0xC7, 0xAF, 0x55, 0x50, 0xED,
    0x0A, 0x13, 0xD6, 0x28, 0xE4, 0x2B, 0x0A, 0xA5, 0xCF, 0x17, 0xF7, 0xE0, 0xB9, 0xA6, 0xA0, 0x64,
    0x76, 0xBD, 0xD6, 0xFB, 0xF0, 0xF9, 0x9C, 0xCB, 0xB3, 0xF7, 0x4D, 0xD3, 0xCF, 0x54, 0xAE, 0x06,
    0x94, 0xD6, 0x10, 0x13, 0x82, 0x0F, 0x21, 0x44, 0xA1, 0x0D, 0x91, 0xFC, 0x3E, 0x54, 0x4B, 0x24,
    0xD9, 0x0B, 0x42, 0x93, 0xC3, 0x90, 0x98, 0xA1, 0xF0, 0x5D, 0xEF, 0x87, 0x82, 0x82, 0x82, 0xE4,
    0x86, 0x32, 0x22, 0x7F, 0x14, 0x74, 0xAD, 0x09, 0x45, 0xE7, 0xB4, 0x92, 0x62, 0xA9, 0x10, 0xFC,
    0x5C, 0x07, 0xEB, 0x40, 0x7E, 0xAA, 0x07, 0x47, 0xEE, 0xB2, 0x9C, 0x52, 0x32, 0x82, 0x85, 0xF4,
    0x8B, 0x69, 0x9A, 0x88, 0xBC, 0x4F, 0x53, 0x24, 0xD0, 0x43, 0x4F, 0x0A, 0xE5, 0xEA, 0x3B, 0xD0,
    0x49, 0xC4, 0x04, 0x01, 0x2D, 0x70, 0xF2, 0x02, 0xBE, 0xD5, 0x1E, 0x2D, 0x5C, 0xBA, 0x28, 0x2C,
    0x37, 0x4E, 0x85, 0xF0, 0xCB, 0x93, 0xE7, 0x30, 0x71, 0x07, 0xEA, 0x9F, 0x78, 0xA0, 0x32, 0x95,
    0xF1, 0x2B, 0xAA, 0xBF, 0xEC, 0x7F, 0x65, 0x2E, 0x69, 0x49, 0x8A, 0xFA, 0xD5, 0x4A, 0xE6, 0x9D,
    0x5D, 0x3A, 0x7B, 0x17, 0x5F, 0x49, 0x51, 0xC8, 0x76, 0x6B, 0x51, 0x39, 0xCD, 0xD9, 0x2B, 0x0C,
    0xCE, 0xCF, 0x66, 0x6C, 0x39, 0xB1, 0x96, 0x9A, 0xEC, 0x99, 0x5A, 0xA1, 0xB1, 0x8C, 0x29, 0x90,
    0x89, 0x53, 0x28, 0x80, 0x9F, 0x11, 0x33, 0xE4, 0xD7, 0x28, 0xEF, 0x2F, 0xED, 0x75, 0xB8, 0xF4,
    0x1F, 0xC5, 0x35, 0x7E, 0x7F, 0xF2, 0x9E, 0x7C, 0x10, 0x72, 0xD9, 0x13, 0xCB, 0xF4, 0xCE, 0xAE,
    0x9F, 0x9D, 0x7B, 0xBB, 0x71, 0x0F, 0x2E, 0xD2, 0x1C, 0x67, 0x5F, 0xF4, 0xE1, 0xE4, 0xD6, 0x6C,
    0x39, 0xEF, 0x57, 0x57, 0xEE, 0x8E, 0xBA, 0xE0, 0xF0, 0x00, 0x20, 0x31, 0xD9, 0x2F, 0xA7, 0x24,
    0x4F, 0xD5, 0xF9, 0x10, 0x53, 0x3C, 0x77, 0xCB, 0x05, 0x29, 0x49, 0x98, 0x4A, 0x5C, 0xC9, 0x9B,
    0xB2, 0xEF, 0x38, 0x97, 0x7C, 0xDA, 0xCB, 0x6A, 0x4B, 0x44, 0xD1, 0x09, 0xBE, 0x4B, 0xA5, 0xBB,
    0x93, 0xBC, 0xD7, 0xAE, 0xE4, 0x9C, 0x7C, 0x3D, 0x18, 0xB4, 0x40, 0x1D, 0xDC, 0xC5, 0x36, 0xD4,
    0x9D, 0xB2, 0x3D, 0x39, 0x9F, 0x20, 0xCC, 0x44, 0xC8, 0xCC, 0x57, 0x5D, 0x3C, 0x29, 0xA8, 0xD0,
    0x00, 0xFC, 0x54, 0x70, 0x6A, 0x30, 0xFB, 0x8F, 0xFE, 0x7C, 0x62, 0x90, 0x37, 0x28, 0xEF, 0xD4,
    0x38, 0xA8, 0x71, 0xC6, 0x23, 0x7B, 0xDF, 0x47, 0xF6, 0x54, 0x64, 0xD2, 0x94, 0x4A, 0xFF, 0x0F,
    0x4B, 0xB5, 0xA8, 0xEA, 0x5E, 0x82, 0xBD, 0x8C, 0xA5, 0x75, 0xE6, 0x36, 0x8D, 0xDB, 0x5B, 0x5A,
    0x96, 0xF9, 0x5A, 0xAF, 0x05, 0x0B, 0x2D, 0x74, 0xAB, 0x26, 0xDF, 0xAC, 0xFA, 0x72, 0x29, 0x30,
    0x88, 0xAC, 0x5B, 0x3B, 0x24, 0x12, 0xCA, 0x59, 0xAD, 0x79, 0xB4, 0x63, 0xCF, 0x8F, 0x64, 0xC6,
    0x22, 0xD9, 0x1B, 0x8E, 0x22, 0x7E, 0xA7, 0xB1, 0x27, 0x08, 0xB1, 0xB0, 0x12, 0x21, 0x43, 0x98,
    0xD8, 0x9A, 0xD1, 0xC7, 0x7D, 0x1F, 0x08, 0x0A, 0x7F, 0xA5, 0x1D, 0x5C, 0xDE, 0xF8, 0xD5, 0x7D,
    0xAF, 0x9E, 0xF5, 0xCD, 0x72, 0xF9, 0x60, 0xF2, 0xF2, 0x5D, 0x8D, 0x78, 0x24, 0xB0, 0xAB, 0xD5,
    0xEF, 0xF1, 0x0D, 0xF8, 0x07, 0xFA, 0xA6, 0xE7, 0x37, 0xCF, 0xF6, 0x7E, 0xCC, 0x4B, 0xB7, 0xCA,
    0xDC, 0x6F, 0x48, 0xA7, 0x66, 0x4A, 0xB0, 0xDC, 0xDD, 0xA0, 0x06, 0xD6, 0x41, 0x35, 0xA9, 0x1B,
    0x35, 0xED, 0xAB, 0x6A, 0x34, 0x91, 0x1A, 0x3B, 0x91, 0xD4, 0x7E, 0xB9, 0xB7, 0x7A, 0xBE, 0x8F,
    0x17, 0xBF, 0xB1, 0xFF, 0xF9, 0x96, 0x3D, 0x3B, 0x69, 0xE0, 0x97, 0xAB, 0x5D, 0x9F, 0xA8, 0x1D,
    0x31, 0xD0, 0x23, 0xA0, 0x7A, 0xC9, 0x59, 0x48, 0x1A, 0xA7, 0xC9, 0xCC, 0x48, 0x84, 0x33, 0x44,
    0x4D, 0xE5, 0x70, 0x44, 0x07, 0xE9, 0x9F, 0x5A, 0x04, 0x22, 0x3B, 0xCD, 0xEF, 0xC4, 0x26, 0x7A,
    0xA1, 0x69, 0xB6, 0x9E, 0x4E, 0x61, 0xB5, 0xFC, 0xB9, 0x79, 0x4D, 0xEC, 0xFE, 0xD0, 0x4A, 0xB2,
    0x34, 0x74, 0xBA, 0xFF, 0xA6, 0x31, 0x9B, 0xD0, 0xE2, 0xA4, 0x53, 0xCF, 0x48, 0xA7, 0x3F, 0x4A,
    0x47, 0x80, 0x99, 0x5B, 0x60, 0x69, 0x6F, 0xEE, 0x69, 0x7D, 0xF5, 0xEC, 0xCA, 0x59, 0x23, 0xCA,
    0x6A, 0x57, 0xB5, 0x6A, 0x8B, 0x69, 0xEA, 0x4F, 0xBF, 0xF1, 0x7F, 0xF6, 0xCC, 0xE3, 0xB3, 0x8A,
    0xE4, 0x59, 0xE3, 0x3E, 0xF6, 0xE9, 0x4C, 0x05, 0x7B, 0x3F, 0x65, 0x20, 0xB9, 0xF5, 0xA6, 0x5A,
    0x87, 0x71, 0x3D, 0x81, 0xE7, 0x6A, 0xCB, 0x9C, 0xCD, 0xD8, 0xEF, 0xB5, 0xD4, 0x46, 0x07, 0xAB,
    0x05, 0xF2, 0xDE, 0x40, 0xEB, 0xEA, 0x46, 0xE9, 0xE9, 0x43, 0x6D, 0xCB, 0xBE, 0x7A, 0x64, 0x06,
    0xB2, 0x03, 0xBD, 0xCC, 0xB3, 0x6F, 0x1E, 0x6B, 0x05, 0x8B, 0x2A, 0xB1, 0x45, 0x72, 0x19, 0x5C,
    0x31, 0x1C, 0x67, 0x47, 0x79, 0x7D, 0xBF, 0xAB, 0x25, 0xFC, 0xAC, 0x04, 0x27, 0xAA, 0xA7, 0x36,
    0x57, 0x55, 0xD2, 0xA5, 0xA2, 0x4F, 0x65, 0x9B, 0xF6, 0xCF, 0x7C, 0xD5, 0xF0, 0xDB, 0xCF, 0xF6,
    0x6F, 0x72, 0xA5, 0xFD, 0xAB, 0x46, 0xFB, 0x37, 0xFD, 0x54, 0xF5, 0xF2, 0x85, 0x97, 0x59, 0x47,
    0xBF, 0x63, 0xFC, 0xF2, 0x2B, 0x2A, 0xB6, 0xAA, 0x51, 0x5C, 0x24, 0x8D, 0xE4, 0x16, 0x8E, 0x8B,
    0x9A, 0x5D, 0x2D, 0xC1, 0x69, 0xDD, 0xCE, 0x3E, 0x1D, 0xBD, 0x45, 0x08, 0x71, 0x53, 0x7D, 0xF4,
    0xF4, 0x2E, 0x70, 0xBE, 0xB2, 0x0A, 0xF0, 0x17, 0xEF, 0x02, 0xF3, 0x3E, 0xB0, 0x7D, 0x54, 0x1D,
    0x77, 0xAD, 0x8F, 0xF3, 0x32, 0x33, 0x1E, 0x1F, 0x2A, 0x15, 0x9B, 0x2D, 0xED, 0x5D, 0xAB, 0xC6,
    0xB5, 0x9D, 0xBE, 0x08, 0xE4, 0x87, 0x62, 0xBC, 0xBA, 0x78, 0xFD, 0xE7, 0xE1, 0xB3, 0x0F, 0xED,
    0x04, 0xC1, 0x83, 0x7E, 0xC2, 0xD7, 0xF5, 0xC8, 0xEA, 0xBB, 0x0E, 0x98, 0xD3, 0xDF, 0xA0, 0x27,
    0x3A, 0x9E, 0xF5, 0x3C, 0x74, 0xE5, 0xB3, 0x26, 0xAE, 0xD8, 0x9F, 0xB8, 0x4C, 0x36, 0x5E, 0x11,
    0x7C, 0xFB, 0x38, 0xAD, 0xED, 0x87, 0x36, 0x54, 0x63, 0x1F, 0xEA, 0xE9, 0xFA, 0x33, 0xD6, 0x34,
    0xB1, 0xFF, 0x27, 0x1F, 0xFD, 0xB2, 0x73, 0x5F, 0x31, 0x53, 0xBF, 0xE5, 0x5C, 0xB5, 0xE6, 0x8B,
    0x96, 0xDD, 0x0F, 0xC7, 0x06, 0x2B, 0xC7, 0x42, 0x72, 0xD9, 0x6D, 0xB0, 0xD7, 0x36, 0xF6, 0x8E,
    0xB9, 0xE3, 0x2D, 0x86, 0x7E, 0x2B, 0x9F, 0xDA, 0x1E, 0xC9, 0x8F, 0x66, 0x5B, 0x54, 0x2F, 0xAE,
    0xD8, 0xBF, 0x26, 0xAB, 0x0E, 0x17, 0xF5, 0x6A, 0x6B, 0xE9, 0x55, 0x35, 0xF7, 0x6B, 0x26, 0xEA,
    0x93, 0x7C, 0xD3, 0x7B, 0xB1, 0xEA, 0xDD, 0x9B, 0x97, 0xCA, 0x59, 0xEF, 0x95, 0x1D, 0x51, 0xA9,
    0xB9, 0x9B, 0xE6, 0x7A, 0xAF, 0x26, 0x23, 0x62, 0x54, 0xB9, 0x0D, 0x84, 0x1C, 0x7C, 0x05, 0x81,
    0x5F, 0x6C, 0x8E, 0xDF, 0x99, 0xA5, 0xF9, 0xCE, 0x87, 0x73, 0xF3, 0x7F, 0x48, 0x2C, 0xD4, 0x6E,
    0xEE, 0x1D, 0x4B, 0x05, 0x74, 0x2F, 0x9C, 0xCB, 0x3E, 0xB1, 0x5C, 0x53, 0x1E, 0x2A, 0xD1, 0x94,
    0x58, 0x93, 0x4B, 0xF3, 0xAA, 0x0C, 0x51, 0xA7, 0x0D, 0xA7, 0x95, 0xD0, 0x4A, 0xE7, 0x1E, 0xC9,
    0xF7, 0x45, 0x1F, 0x90, 0x1F, 0x0E, 0xAA, 0x8D, 0xFC, 0x11, 0xB1, 0xC2, 0xB7, 0xCC, 0x7A, 0x99,
    0xF4, 0xA7, 0x44, 0x06, 0xF5, 0xB1, 0xF6, 0xE6, 0x7A, 0x20, 0x04, 0x0A, 0x31, 0x0D, 0x62, 0x1C,
    0xF5, 0xC1, 0x28, 0xEA, 0x3B, 0x57, 0x9C, 0xBF, 0x13, 0x41, 0x21, 0x51, 0x98, 0xAC, 0x35, 0x1D,
    0x81, 0xD7, 0xF1, 0xAD, 0x0A, 0x00, 0x25, 0x68, 0x41, 0x7B, 0x62, 0x20, 0x7F, 0xDC, 0xF4, 0x9D,
    0x4B, 0x84, 0x24, 0x64, 0x3F, 0xB3, 0x13, 0x86, 0x29, 0xC4, 0x00, 0x74, 0xFF, 0xD3, 0x0A, 0x5C,
    0x4E, 0xAB, 0x66, 0x5A, 0x5B, 0x7E, 0xF3, 0x2C, 0x7B, 0x8A, 0x3F, 0x32, 0xF9, 0xAE, 0x04, 0x1B,
    0xA8, 0x26, 0x0B, 0x02, 0x67, 0xD7, 0x2B, 0x99, 0x89, 0xD1, 0xA8, 0x7A, 0xE6, 0xAB, 0x35, 0xF9,
    0xCD, 0x73, 0x57, 0x32, 0xB7, 0x13, 0x99, 0x6B, 0x6D, 0xF7, 0x13, 0xA5, 0xB3, 0x91, 0x69, 0xC4,
    0xD6, 0x83, 0xDE, 0x7B, 0x28, 0x6D, 0xCA, 0x59, 0x0D, 0xF7, 0x3A, 0xDC, 0xD8, 0x1E, 0x15, 0xC7,
    0xB2, 0x9A, 0x0B, 0x4A, 0xCF, 0x07, 0xBA, 0xE9, 0xA1, 0xE6, 0x51, 0x82, 0x88, 0x23, 0xF7, 0xE7,
    0x07, 0x2C, 0x7D, 0x53, 0xAD, 0xC3, 0xB8, 0xD6, 0xC8, 0x93, 0x8D, 0x35, 0xAF, 0x75, 0xB1, 0x56,
    0x03, 0xD1, 0x4E, 0x67, 0xA9, 0xD5, 0xE5, 0xC3, 0x1B, 0x66, 0x1D, 0xE7, 0x0A, 0x38, 0x56, 0x60,
    0x3A, 0x8E, 0x57, 0x1A, 0x56, 0xDA, 0x92, 0x36, 0x1D, 0xBD, 0xF6, 0xCA, 0x2C, 0xD8, 0x4B, 0x27,
    0xAF, 0x23, 0x0E, 0xDB, 0xA2, 0x71, 0xD1, 0xBA, 0x68, 0x1E, 0xF6, 0x39, 0x0C, 0x74, 0x58, 0xE8,
    0x30, 0xD1, 0x79, 0x00, 0x23, 0x1D, 0x56, 0x3A, 0xCC, 0x74, 0xF5, 0x09, 0x16, 0x87, 0xA5, 0x0E,
    0x53, 0x1D, 0xB6, 0x3A, 0x8C, 0x75, 0x58, 0xEB, 0x30, 0x37, 0xDA, 0x7B, 0x18, 0x8C, 0xC5, 0xD1,
    0xE4, 0x4B, 0x46, 0xEB, 0xC6, 0x87, 0x23, 0xAF, 0xD7, 0x07, 0x4A, 0x53, 0xF9, 0x3C, 0xEE, 0xBF,
    0x59, 0x64, 0xFE, 0x3C, 0x76, 0x05, 0xA3, 0xE4, 0x74, 0xE7, 0x37, 0x71, 0x01, 0x77, 0xDB, 0x2F,
    0xD4, 0xF9, 0x09, 0x57, 0xDD, 0x5D, 0xD6, 0xC2, 0xFD, 0x17, 0x1D, 0x17, 0x31, 0x0D, 0xE3, 0x59,
    0xD2, 0xBF, 0xB4, 0x7D, 0x0C, 0x4E, 0xC2, 0xC9, 0x27, 0xFD, 0xEA, 0x30, 0xC7, 0xC8, 0x2D, 0xE2,
    0x22, 0x50, 0xAC, 0x88, 0x9A, 0xAC, 0xF4, 0x4E, 0xD0, 0xF3, 0xAF, 0xD2, 0xE8, 0x1A, 0xF2, 0xFB,
    0xD7, 0xB0, 0xBB, 0xF2, 0xD7, 0x2D, 0x56, 0xBB, 0x4A, 0x2D, 0x58, 0xD3, 0x79, 0xCB, 0xAF, 0xE9,
    0x64, 0x90, 0x07, 0x2B, 0xAF, 0x6C, 0xAC, 0x3D, 0x5D, 0x59, 0xE6, 0x7F, 0x5D, 0x2D, 0x3E, 0xDA,
    0x6D, 0x22, 0x28, 0x98, 0x01, 0x74, 0x66, 0x21, 0xE7, 0x9D, 0x9A, 0x2A, 0xA1, 0x5C, 0x3E, 0x3B,
    0xAC, 0x51, 0xFC, 0xBD, 0xA9, 0x57, 0x36, 0x6F, 0x37, 0xFF, 0xB5, 0x1E, 0xF8, 0xEA, 0x8D, 0x7B,
    0xB4, 0x5A, 0xD4, 0x39, 0x17, 0x0A, 0xA4, 0x8B, 0x81, 0x5B, 0x81, 0xAB, 0x57, 0x3B, 0xFB, 0x7D,
    0x97, 0x7E, 0xE4, 0x6A, 0x19, 0xB4, 0x27, 0x3C, 0x8A, 0x07, 0x2B, 0x68, 0x4A, 0x4E, 0x3A, 0xE6,
    0xA0, 0xC6, 0x66, 0xEF, 0xD3, 0xF7, 0xF2, 0x00, 0xF5, 0xE9, 0xEB, 0x79, 0x98, 0x7C, 0x56, 0x83,
    0xFF, 0x31, 0x8B, 0x25, 0x94, 0x90, 0x51, 0x42, 0x0E, 0x78, 0x66, 0xB1, 0x6A, 0xB7, 0x82, 0xFE,
    0x60, 0x53, 0x48, 0xFE, 0xC9, 0xFC, 0x5F, 0xFC, 0x60, 0xD7, 0x88, 0xAC, 0xCF, 0xE4, 0x83, 0xC6,
    0xCB, 0x9A, 0x88, 0xB8, 0x4C, 0x46, 0x16, 0xFF, 0xA7, 0x59, 0xEC, 0xD5, 0xD9, 0x4F, 0xAC, 0xF6,
    0xD3, 0xF9, 0x34, 0xDD, 0xD3, 0xBB, 0xEA, 0x02, 0xD6, 0x5C, 0x44, 0x61, 0xAC, 0xBA, 0xB4, 0x87,
    0xEF, 0x0A, 0x7E, 0x6C, 0x15, 0x58, 0x78, 0xB9, 0xC5, 0xE5, 0xE1, 0x4E, 0xBA, 0xA0, 0xEA, 0xFC,
    0xE0, 0x08, 0xFE, 0x0C, 0x6A, 0xA0, 0x1A, 0x89, 0xA4, 0x31, 0xFA, 0x6E, 0xD2, 0xCF, 0xD5, 0x0F,
    0xA0, 0x74, 0xE7, 0x37, 0x65, 0xAC, 0x7E, 0xD2, 0x2E, 0x60, 0x7D, 0x9B, 0xE3, 0xBB, 0xBF, 0xFB,
    0x11, 0xEF, 0x11, 0xCA, 0xC6, 0x39, 0xF6, 0x77, 0x55, 0x3D, 0xA6, 0x31, 0x57, 0xAD, 0xCE, 0x4C,
    0xC9, 0x57, 0x2A, 0xCB, 0x16, 0xC5, 0x00, 0xF6, 0x81, 0xF0, 0x4A, 0x87, 0xB6, 0xB8, 0xA1, 0x5B,
    0x8C, 0x31, 0xEB, 0x35, 0x10, 0x72, 0x96, 0x81, 0xD4, 0x4E, 0xD5, 0x9C, 0x77, 0x42, 0xD7, 0xB8,
    0x13, 0xBA, 0xB9, 0x15, 0xED, 0xD3, 0x39, 0xEE, 0x88, 0x4E, 0x58, 0x55, 0x04, 0xF0, 0x5D, 0xCC,
    0xEB, 0x7B, 0x34, 0x6D, 0x2F, 0x76, 0x46, 0x8D, 0xFD, 0x93, 0xB9, 0x55, 0x07, 0xB6, 0x40, 0xB2,
    0x81, 0xF9, 0xE1, 0x95, 0x11, 0x6C, 0xC3, 0x69, 0x23, 0x14, 0x1B, 0x9D, 0xBB, 0xFA, 0x73, 0x61,
    0x65, 0x2D, 0xF8, 0xF2, 0x91, 0xBC, 0x1F, 0x7D, 0xCA, 0x24, 0xE7, 0x01, 0xD7, 0x1E, 0xBB, 0x76,
    0x67, 0xA8, 0x22, 0x50, 0x41, 0x3D, 0x00, 0xE1, 0x5C, 0x5B, 0xDF, 0x59, 0xB7, 0x95, 0xF7, 0x98,
    0x86, 0x7E, 0xCB, 0x26, 0x50, 0xA9, 0xBE, 0x26, 0xC1, 0x25, 0xFB, 0x1F, 0x2A, 0xA1, 0xE9, 0x3E,
    0x91, 0x42, 0x0C, 0x40, 0x43, 0x1E, 0xD1, 0x19, 0x6C, 0xB8, 0x77, 0x35, 0xF0, 0xCB, 0xAB, 0x53,
    0xAF, 0xA4, 0x25, 0xF5, 0xCF, 0xA9, 0x9C, 0xD6, 0x09, 0xF6, 0x68, 0x7F, 0x24, 0x75, 0x2D, 0x98,
    0x61, 0x36, 0x72, 0x32, 0xE4, 0xBB, 0x92, 0xBC, 0x6B, 0x5B, 0x4B, 0x77, 0x61, 0xA3, 0x50, 0x53,
    0x90, 0xC7, 0xB0, 0x9A, 0x03, 0x45, 0x84, 0xD3, 0xB7, 0x9C, 0x02, 0x50, 0x1D, 0x5D, 0x89, 0x0F,
    0x27, 0xE0, 0x72, 0x0B, 0x26, 0x59, 0x39, 0x19, 0xC1, 0x51, 0x09, 0xC5, 0x04, 0xDC, 0x18, 0xC8,
    0x93, 0x85, 0x96, 0xC1, 0xF5, 0xB9, 0x5A, 0xEC, 0x7D, 0x8B, 0xFD, 0x4F, 0x62, 0x40, 0x01, 0xD2,
    0x80, 0xD6, 0xAA, 0x16, 0xD6, 0x52, 0x2B, 0x0C, 0x0E, 0xB0, 0xBB, 0x08, 0x04, 0x6A, 0x93, 0x3A,
    0x7C, 0x45, 0xF1, 0xC9, 0x6E, 0xA0, 0x5E, 0xB4, 0xA2, 0xD7, 0x7B, 0xF5, 0x7C, 0xB2, 0x29, 0x78,
    0x57, 0x53, 0xDB, 0x15, 0x55, 0xD4, 0xCB, 0xEE, 0xC1, 0x2B, 0x7C, 0x0D, 0x62, 0x7D, 0x4E, 0x52,
    0xDA, 0xB0, 0x09, 0x87, 0xAF, 0xCC, 0x99, 0x93, 0x94, 0xF4, 0xF5, 0xC7, 0xF4, 0xCB, 0xBB, 0xCC,
    0x5C, 0xCE, 0x90, 0xEF, 0x67, 0xBE, 0x77, 0x31, 0x9B, 0xAE, 0xF8, 0x11, 0xC8, 0x4D, 0xB1, 0x01,
    0xCD, 0xF9, 0x78, 0xBA, 0x6E, 0x3B, 0x0F, 0xB8, 0x15, 0x85, 0x01, 0x95, 0x47, 0x6E, 0x3D, 0x8A,
    0x13, 0x28, 0x3C, 0xAA, 0x70, 0x01, 0x3F, 0x2B, 0xDA, 0x0D, 0x28, 0x0F, 0xA0, 0x58, 0x30, 0xAC,
    0x40, 0x25, 0x6A, 0x33, 0x50, 0xEF, 0x40, 0xD6, 0xE7, 0xD6, 0x8B, 0x02, 0x85, 0x01, 0x68, 0x36,
    0xD2, 0xEA, 0x04, 0xD0, 0x7A, 0xD2, 0xFA, 0x10, 0xE5, 0x19, 0x69, 0xB7, 0x92, 0xB6, 0xBB, 0x28,
    0xAF, 0x7C, 0x62, 0x30, 0xB3, 0x1E, 0x1D, 0x65, 0xCE, 0xCC, 0x80, 0x81, 0x94, 0x69, 0x10, 0xF3,
    0xC2, 0x46, 0x52, 0x17, 0x69, 0x1F, 0xE9, 0x02, 0x64, 0x86, 0x44, 0x91, 0xFF, 0x49, 0x0B, 0xD1,
    0x81, 0xF4, 0x04, 0x52, 0xA2, 0x32, 0x88, 0x7A, 0xF5, 0x83, 0x77, 0xB1, 0xA8, 0x8A, 0xF4, 0x60,
    0x03, 0x6A, 0x62, 0x8F, 0x77, 0xEA, 0x0D, 0x28, 0x36, 0x14, 0xA6, 0x7E, 0x2A, 0x0F, 0xD8, 0xC7,
    0x6C, 0xF8, 0xED, 0xF1, 0xE0, 0xC8, 0x5A, 0x53, 0xAC, 0xCC, 0xAA, 0x58, 0x00, 0xBC, 0x7C, 0xE0,
    0x79, 0xBC, 0xB2, 0x8F, 0xC8, 0xDC, 0xAE, 0x0E, 0xD1, 0x98, 0xB1, 0xBC, 0xEF, 0x6D, 0x76, 0xDF,
    0xD9, 0xCC, 0x8C, 0xDD, 0xAF, 0x81, 0x85, 0x76, 0x2B, 0x1A, 0xDB, 0x08, 0x6E, 0x46, 0x6D, 0xFE,
    0x62, 0xEC, 0xAD, 0xB2, 0xF9, 0x62, 0x6C, 0xA2, 0xB4, 0xF1, 0xD2, 0x95, 0x81, 0xAC, 0x87, 0xCD,
    0xF5, 0x41, 0xC6, 0xAE, 0xEB, 0x3D, 0x8E, 0xBB, 0x0E, 0x2A, 0x35, 0x64, 0xCE, 0xC7, 0xCE, 0x6A,
    0x73, 0x36, 0xA2, 0x23, 0xA3, 0xE7, 0x62, 0xE1, 0x1B, 0x88, 0x35, 0x3B, 0xD2, 0x5C, 0x3A, 0x31,
    0x7F, 0x67, 0xEE, 0x40, 0x32, 0xCD, 0x2E, 0xF6, 0x02, 0x35, 0x67, 0x71, 0x02, 0x6F, 0x38, 0x9D,
    0xEA, 0xB4, 0x31, 0xDB, 0x39, 0xDA, 0xCE, 0xDB, 0xA7, 0x27, 0x8A, 0xCC, 0xC6, 0xCE, 0x6C, 0xE6,
    0x68, 0x76, 0x94, 0x54, 0x02, 0x9C, 0xC6, 0xEB, 0x1E, 0xF7, 0x28, 0x56, 0x34, 0xB4, 0x31, 0xDB,
    0xF1, 0x01, 0x8C, 0x50, 0xEE, 0xB2, 0xEA, 0x69, 0x95, 0x39, 0x32, 0x1C, 0x8D, 0x01, 0x69, 0x77,
    0xFE, 0x25, 0x32, 0x67, 0x8B, 0xD4, 0x16, 0x88, 0xEE, 0x63, 0x65, 0xA3, 0x36, 0xC1, 0x66, 0xB9,
    0x3C, 0x2C, 0x32, 0xB3, 0xE3, 0xBE, 0x7A, 0x61, 0x73, 0xE1, 0x17, 0x10, 0xE2, 0x8E, 0xFB, 0x2D,
    0x29, 0xD1, 0x84, 0xA5, 0xA9, 0xB8, 0xDC, 0xD2, 0x01, 0xE7, 0xAA, 0xBC, 0x9B, 0xDA, 0x52, 0x7A,
    0x5A, 0xAC, 0x7E, 0xAB, 0xD4, 0x46, 0x66, 0x3E, 0x1D, 0x44, 0xD4, 0xAA, 0xBF, 0x84, 0x96, 0xAA,
    0x4D, 0x38, 0x40, 0x25, 0xBA, 0x5E, 0xA5, 0xB8, 0x91, 0x93, 0x57, 0xE9, 0x1D, 0x3F, 0x5E, 0xCB,
    0xDF, 0x9C, 0x34, 0x9C, 0xD9, 0xCC, 0x76, 0x65, 0x4B, 0x75, 0x3C, 0x7A, 0xDC, 0x62, 0x47, 0xB9,
    0x00, 0xDF, 0xA2, 0x1D, 0x81, 0xEE, 0xCB, 0x93, 0x59, 0x7E, 0xA1, 0x9E, 0x5B, 0xC5, 0x66, 0x66,
    0xFD, 0xA7, 0xFE, 0x6D, 0xB8, 0x4F, 0xB1, 0x7A, 0x8B, 0xA9, 0xDB, 0x0D, 0x30, 0x1A, 0x9E, 0x07,
    0x14, 0x07, 0xFF, 0xF2, 0x78, 0xCD, 0x3C, 0x8A, 0xA0, 0xBE, 0x35, 0x96, 0x85, 0xA0, 0x19, 0xC8,
    0xC0, 0xDA, 0xF6, 0xD8, 0xFD, 0xA9, 0x29, 0xF5, 0x54, 0x69, 0x24, 0x6E, 0xC6, 0x67, 0xD1, 0x85,
    0x77, 0xF1, 0x1A, 0xE2, 0xF5, 0x04, 0xBA, 0x91, 0xFD, 0x3B, 0x76, 0x9D, 0x07, 0x3E, 0xE3, 0x36,
    0x20, 0x57, 0x83, 0xAF, 0xBF, 0xC6, 0x3D, 0x0A, 0x9F, 0x1D, 0xC4, 0x7A, 0x2F, 0x82, 0xEC, 0x2A,
    0x85, 0xE9, 0x7B, 0xB9, 0xE6, 0x3B, 0xFE, 0x33, 0x3E, 0x9F, 0xA6, 0xF1, 0xD5, 0x34, 0xBD, 0x1F,
    0xCC, 0xE6, 0xCA, 0x6C, 0xAD, 0x6C, 0xE1, 0x88, 0x55, 0x27, 0xED, 0x88, 0xB8, 0x08, 0xDB, 0x31,
    0xD9, 0x01, 0xD9, 0x91, 0x7E, 0xD1, 0xF2, 0x4D, 0x16, 0x96, 0xAB, 0xB6, 0xA6, 0x9E, 0x01, 0xCE,
    0x8B, 0x32, 0x94, 0x01, 0x3F, 0x6B, 0x48, 0xD9, 0xAE, 0x31, 0x15, 0xAB, 0x76, 0xE2, 0x2B, 0x2D,
    0x87, 0x3D, 0xA5, 0x99, 0x07, 0x61, 0xB7, 0x27, 0xF4, 0x09, 0xD7, 0x84, 0x8B, 0x70, 0x98, 0x85,
    0x2E, 0xA1, 0x25, 0x4C, 0x4B, 0x90, 0x59, 0x9F, 0x10, 0x50, 0x3E, 0x61, 0x21, 0x94, 0x0D, 0xB4,
    0xC6, 0x4C, 0x5F, 0x85, 0xB7, 0xC8, 0xBD, 0x3A, 0xC0, 0x01, 0x07, 0xC6, 0x87, 0xE2, 0x50, 0x05,
    0x3F, 0xA8, 0xA4, 0x36, 0xA5, 0xAC, 0x0D, 0xC2, 0x80, 0x7F, 0x8E, 0x7C, 0x62, 0xBC, 0x47, 0x61,
    0x8C, 0x15, 0xA5, 0x4D, 0xD3, 0x4F, 0xB6, 0xA0, 0xF4, 0xAC, 0xA9, 0x47, 0xB5, 0x00, 0xF5, 0x09,
    0xD4, 0x5C, 0xF7, 0xE3, 0xC2, 0x1E, 0x70, 0x1E, 0x68, 0x80, 0x8C, 0x79, 0x5E, 0x48, 0x06, 0x48,
    0x06, 0x48, 0x06, 0x48, 0x86, 0x24, 0xC3, 0x73, 0x59, 0xB7, 0xFF, 0x2F, 0xB2, 0xBB, 0x2D, 0x5E,
    0xB2, 0xDC, 0x4B, 0x56, 0xB0, 0x9D, 0x9E, 0xAB, 0x26, 0x59, 0xBD, 0xA0, 0x0B, 0x8F, 0xC7, 0xC3,
    0xCD, 0x18, 0x8C, 0x31, 0xC3, 0x45, 0x94, 0x35, 0x8A, 0xB7, 0xC8, 0xE2, 0xBE, 0xF4, 0x97, 0x9A,
    0x8F, 0x0C, 0x3C, 0x2C, 0x7F, 0x3F, 0x95, 0x34, 0xED, 0x88, 0xBF, 0x5B, 0xFB, 0x3C, 0x5E, 0xE9,
    0x4D, 0x5E, 0x99, 0xD9, 0x26, 0x2F, 0x39, 0xB1, 0x25, 0x2E, 0x67, 0xAB, 0x55, 0x78, 0x2B, 0xC7,
    0xDF, 0x70, 0x21, 0xA1, 0x3D, 0x65, 0x50, 0x01, 0x29, 0x20, 0x85, 0xDE, 0x7D, 0xDA, 0xE0, 0xDB,
    0xBE, 0x29, 0x77, 0xFE, 0x57, 0x45, 0xD6, 0x47, 0x45, 0x39, 0x47, 0x45, 0x35, 0x46, 0x45, 0xD3,
    0x73, 0xCD, 0xD1, 0x71, 0xA8, 0xD3, 0x64, 0x7A, 0x33, 0x9E, 0x40, 0x77, 0x41, 0x00, 0xFE, 0x00,
    0x8D, 0xCE, 0xB1, 0x11, 0xC2, 0x30, 0x0C, 0x85, 0x61, 0xD9, 0x2E, 0x5C, 0xA4, 0x08, 0x1B, 0x64,
    0x04, 0x6F, 0x00, 0xD9, 0x2C, 0xB0, 0x41, 0x36, 0x32, 0x23, 0x30, 0x82, 0x6B, 0xAA, 0x14, 0x29,
    0x5C, 0x24, 0x08, 0xF4, 0xA4, 0x14, 0x70, 0x2E, 0x50, 0xF3, 0x35, 0x3A, 0xE9, 0x27, 0xCC, 0x49,
    0x49, 0xFC, 0x80, 0xCC, 0x55, 0x08, 0x7B, 0xDC, 0xC4, 0x6E, 0x0D, 0x70, 0x58, 0x3C, 0x4C, 0xC5,
    0x17, 0xF1, 0xA2, 0xDB, 0x34, 0xDD, 0xBF, 0xCD, 0x57, 0xE0, 0xF8, 0x39, 0xEB, 0x35, 0x9C, 0x75,
    0x1F, 0xB1, 0xE0, 0x99, 0x08, 0xBE, 0xD4, 0xB0, 0x9B, 0x9B, 0x1A, 0xCD, 0xAE, 0xAA, 0xFD, 0xFA,
    0xE3, 0xA2, 0x0E, 0x66, 0x2A, 0x00, 0x39, 0xB0, 0x9D, 0x43, 0x7C, 0x38, 0x9A, 0x8A, 0xFB, 0x37,
    0xC7, 0xEC, 0x6B, 0x2B, 0xE3, 0x6C, 0x19, 0x19, 0xEF, 0xC5, 0x3C, 0x8A, 0xD3, 0x8D, 0x35, 0x8A,
    0x2B, 0x8C, 0x3C, 0xC3, 0x63, 0xDE, 0x63, 0x00, 0x01, 0xFE, 0x3F, 0x0C, 0x0C, 0xF6, 0x40, 0xFC,
    0xFF, 0x1F, 0x03, 0xD3, 0xBF, 0xFD, 0x0C, 0xDC, 0x5F, 0xEC, 0x1B, 0xF4, 0x0F, 0xF0, 0x1F, 0xD8,
    0xCB, 0xC0, 0xFC, 0x00, 0x2C, 0x9F, 0x09, 0xC4, 0xCC, 0xFF, 0x1F, 0x30, 0x5F, 0xE0, 0xFF, 0xFF,
    0x87, 0xFD, 0x80, 0x7D, 0xFC, 0xFF, 0xFF, 0x0E, 0x35, 0x4C, 0x40, 0xC5, 0x5B, 0x18, 0xEC, 0xBF,
    0x30, 0x80, 0x01, 0x00, 0xAD, 0x97, 0x01, 0xA4, 0x25, 0xC9, 0x7A, 0x80, 0xBF, 0xEE, 0xDE, 0xB9,
    0xFD, 0x6C, 0x27, 0xA9, 0xC1, 0x4C, 0x92, 0x37, 0xEB, 0x4D, 0x05, 0x8B, 0xD9, 0x49, 0x66, 0x3A,
    0x80, 0xC5, 0x39, 0xA7, 0xEA, 0x65, 0xF1, 0x10, 0x18, 0xEC, 0x15, 0xB2, 0xE4, 0x6D, 0x08, 0x36,
    0x13, 0xCC, 0x62, 0xC5, 0x8D, 0x9C, 0xB9, 0x5D, 0x9B, 0x05, 0x40, 0xAE, 0x48, 0xC0, 0x43, 0x2E,
    0xD9, 0xF0, 0xDE, 0x0D, 0xE6, 0xE1, 0xE2, 0x3E, 0xEE, 0xEE, 0x29, 0x02, 0x20, 0x14, 0x90, 0x47,
    0x42, 0x3A, 0x5C, 0x89, 0x64, 0x91, 0x0A, 0x9D, 0x38, 0x1B, 0x7D, 0xCE, 0x9F, 0xAE, 0x3A, 0x67,
    0xEE, 0xCC, 0x4D, 0x22, 0x12, 0xDE, 0x77, 0xFE, 0xFE, 0xCF, 0xDF, 0x55, 0x55, 0xFF, 0xE9, 0xFA,
    0xEB, 0xAF, 0xEA, 0x3A, 0x40, 0x17, 0x68, 0x23, 0x6A, 0xA0, 0x5A, 0x53, 0x8C, 0x70, 0x0C, 0x9A,
    0x3D, 0x26, 0x22, 0xBE, 0x14, 0xEA, 0x11, 0xD5, 0x63, 0x2C, 0x97, 0x5C, 0xD3, 0x6C, 0x40, 0x6F,
    0xA1, 0x13, 0x0A, 0xE9, 0x5C, 0xB5, 0xD6, 0x5E, 0x85, 0xA6, 0x5F, 0x50, 0x44, 0x12, 0x0F, 0x2D,
    0x94, 0x12, 0x8B, 0xD8, 0xC8, 0xA6, 0x0A, 0xFA, 0x7B, 0x22, 0x7E, 0x8E, 0x08, 0xEF, 0xD2, 0xAE,
    0xC9, 0xDC, 0x3D, 0x3C, 0x7C, 0xDF, 0x88, 0x0C, 0xD3, 0x15, 0xF7, 0xF7, 0x4F, 0xBA, 0xC9, 0x4E,
    0x17, 0x7B, 0x22, 0x95, 0x5F, 0xA3, 0xDC, 0x97, 0x74, 0x18, 0xD9, 0xA0, 0x65, 0x4D, 0x2D, 0x27,
    0x24, 0x1A, 0xD7, 0x46, 0x93, 0x3E, 0x7D, 0xE3, 0x00, 0x8C, 0xD5, 0x7E, 0xE5, 0x4D, 0x2F, 0xD3,
    0x35, 0x7D, 0x07, 0x83, 0xCE, 0xE5, 0xC5, 0x0F, 0x68, 0x25, 0x74, 0x12, 0x8F, 0xAA, 0xE1, 0x76,
    0x35, 0x50, 0xC7, 0xA2, 0x0B, 0xF5, 0x96, 0x26, 0xD0, 0x78, 0x94, 0x83, 0x3B, 0xD4, 0x12, 0xB4,
    0x0C, 0xC6, 0x8E, 0x4B, 0xE6, 0x4B, 0x16, 0x93, 0x5E, 0x70, 0xD9, 0x7E, 0xB5, 0x6E, 0xA4, 0xE7,
    0xEC, 0x3A, 0x1A, 0xED, 0x40, 0x17, 0x4C, 0x8F, 0x58, 0x71, 0xD5, 0xA6, 0xDC, 0xD0, 0xC4, 0x7A,
    0x40, 0x7B, 0xE5, 0x59, 0xB0, 0xE0, 0x15, 0x97, 0x54, 0xD1, 0xD0, 0xFA, 0xD6, 0x0B, 0xEA, 0x1F,
    0x47, 0x1A, 0x89, 0x54, 0x12, 0x28, 0xC5, 0x92, 0xA8, 0xA7, 0x2E, 0xCA, 0x29, 0xAB, 0x69, 0x59,
    0xF0, 0x0E, 0xCA, 0x5E, 0x6A, 0xC6, 0x96, 0xF5, 0x82, 0x61, 0x51, 0xC4, 0xE7, 0x65, 0x5C, 0x56,
    0xFD, 0x47, 0xE5, 0x09, 0x89, 0xCE, 0x77, 0x01, 0xD3, 0xA7, 0x59, 0x8A, 0x79, 0x9E, 0xAA, 0x91,
    0x62, 0xC3, 0x06, 0x3A, 0x3A, 0xD0, 0x4E, 0x3B, 0x32, 0x07, 0x16, 0xDA, 0x00, 0xA6, 0xDF, 0x5F,
    0x9E, 0xD9, 0x41, 0x11, 0xE7, 0x54, 0xA1, 0x75, 0xAD, 0xD7, 0x22, 0x34, 0xB2, 0xA1, 0x90, 0x9E,
    0x6B, 0xDA, 0x35, 0x85, 0x88, 0xAD, 0x45, 0xBC, 0xBA, 0xD2, 0xA1, 0xA5, 0xEA, 0xE7, 0x2F, 0xA7,
    0xB0, 0x84, 0xCE, 0x96, 0x5F, 0xA3, 0x3C, 0x2D, 0x2C, 0xE0, 0x4B, 0x10, 0x87, 0x44, 0x64, 0x60,
    0x35, 0x60, 0x22, 0xCD, 0x09, 0xC5, 0xE7, 0x34, 0x1B, 0x94, 0x4C, 0x62, 0x1B, 0xB1, 0x85, 0x40,
    0x97, 0x5B, 0x5F, 0x52, 0x0C, 0xE8, 0xC0, 0x16, 0x4E, 0xA0, 0x3C, 0xD5, 0xA3, 0x19, 0xBB, 0x51,
    0x06, 0x71, 0x1B, 0x46, 0x2E, 0x99, 0xA3, 0x5D, 0x3D, 0xF0, 0x43, 0xFE, 0xAF, 0x2E, 0x00, 0x93,
    0x53, 0xB5, 0x1E, 0x29, 0xC7, 0xFC, 0x38, 0x06, 0x94, 0x63, 0x47, 0xD7, 0xEF, 0xB3, 0x75, 0x7D,
    0x33, 0x5B, 0x8B, 0xDC, 0x46, 0xD9, 0x87, 0x2F, 0xE8, 0x84, 0xD5, 0x16, 0xE6, 0x59, 0x1E, 0x50,
    0xD8, 0x7D, 0x06, 0xA8, 0x33, 0xA7, 0xC4, 0x6B, 0xF1, 0xBB, 0x71, 0xBE, 0x03, 0x46, 0xD6, 0x9D,
    0xAC, 0x9F, 0x9E, 0x0D, 0x10, 0x29, 0x22, 0x65, 0xA4, 0xEA, 0xA9, 0x02, 0x95, 0xA7, 0xF6, 0x34,
    0x0E, 0x5B, 0x0F, 0x6A, 0x54, 0x9B, 0x7A, 0x37, 0x98, 0xA1, 0xEE, 0x3B, 0x77, 0x0E, 0x97, 0xF5,
    0xA8, 0xAE, 0xD2, 0xA4, 0xCE, 0x31, 0xB4, 0x41, 0x85, 0xD2, 0xF3, 0x00, 0x96, 0x59, 0x2E, 0x60,
    0x4D, 0x27, 0x61, 0x25, 0xFE, 0xEE, 0xA1, 0x7D, 0x78, 0x76, 0x62, 0xA4, 0x9F, 0x6E, 0x93, 0xFB,
    0x7E, 0xEF, 0xBE, 0xB0, 0xF0, 0x06, 0xCC, 0x61, 0x06, 0x4B, 0x8C, 0xC4, 0xA9, 0xCD, 0xDD, 0xAF,
    0xED, 0xEE, 0x11, 0x8A, 0x13, 0xEE, 0x9D, 0x7D, 0xBF, 0x95, 0xD1, 0xC8, 0x08, 0x03, 0xC5, 0x70,
    0xE3, 0xD9, 0x94, 0x9F, 0xAF, 0x7C, 0x27, 0xD6, 0x6C, 0xD1, 0x03, 0x80, 0xB2, 0xE8, 0x49, 0x20,
    0x8F, 0x6B, 0x2F, 0xE6, 0x7B, 0xD6, 0x88, 0x6D, 0x85, 0x66, 0x0D, 0x70, 0x0B, 0xE3, 0xBB, 0x7E,
    0xD5, 0xAF, 0x82, 0xF1, 0xB7, 0x48, 0x68, 0xDF, 0xF4, 0xA6, 0xD7, 0x71, 0xBA, 0x06, 0x13, 0x74,
    0xD4, 0xAE, 0x09, 0x24, 0xEE, 0x50, 0xA5, 0x75, 0xB2, 0x36, 0x76, 0x9C, 0xB3, 0x58, 0x66, 0x59,
    0xF0, 0xBC, 0xFD, 0x6A, 0x6C, 0x24, 0xF2, 0xD4, 0x42, 0xB9, 0xA9, 0xC6, 0x3A, 0x36, 0x41, 0xB9,
    0x96, 0xD9, 0xCE, 0x3B, 0x0A, 0xDA, 0x9C, 0x90, 0x7A, 0x4D, 0x35, 0x52, 0x66, 0xA9, 0xC7, 0x77,
    0x5E, 0xC4, 0x4E, 0xC2, 0xB3, 0xAF, 0xE1, 0x99, 0xAD, 0xF2, 0x2C, 0x1B, 0xC7, 0x0A, 0x64, 0x27,
    0x9E, 0x95, 0x04, 0x23, 0xBE, 0xDE, 0x5A, 0x65, 0xB5, 0x6D, 0xD9, 0x05, 0x75, 0xC9, 0x47, 0x1C,
    0x9C, 0x9D, 0x9D, 0x7D, 0x5F, 0x89, 0xC8, 0x3A, 0xA9, 0x41, 0x07, 0x9A, 0xA8, 0xA1, 0x8C, 0x8F,
    0xA1, 0xEC, 0xE7, 0x49, 0xDD, 0x21, 0x47, 0x12, 0xCE, 0x6B, 0x37, 0x3B, 0x6F, 0xEC, 0xEC, 0x5C,
    0xBB, 0x61, 0x25, 0x12, 0xD3, 0xF6, 0x70, 0x8B, 0x3B, 0x24, 0xD6, 0xD4, 0xE1, 0x98, 0xD6, 0x99,
    0x6F, 0x6F, 0xD1, 0x7F, 0xB3, 0x46, 0x49, 0x4F, 0x2D, 0x9E, 0x4A, 0x78, 0x85, 0x1A, 0xC1, 0x6C,
    0x48, 0x79, 0x53, 0x6E, 0x57, 0x34, 0x83, 0x71, 0x69, 0xC1, 0x3F, 0xA7, 0x8C, 0xEC, 0x99, 0x71,
    0x63, 0x91, 0xD9, 0xFF, 0xB6, 0xC8, 0x9E, 0xAD, 0x29, 0xF3, 0xE2, 0x13, 0xA7, 0x83, 0xF6, 0x0B,
    0xAA, 0xB0, 0xA4, 0x0C, 0x24, 0x72, 0xD4, 0xA4, 0x2F, 0x7A, 0x95, 0xF7, 0xC9, 0x0F, 0x44, 0xDC,
    0xAC, 0x10, 0xE1, 0x88, 0x76, 0x0D, 0xAF, 0xEF, 0x8B, 0x2B, 0x91, 0x7E, 0x77, 0x3F, 0xD1, 0xC9,
    0xC4, 0x54, 0x22, 0xDB, 0x74, 0xFB, 0x3E, 0x19, 0x2D, 0x13, 0xBE, 0x4D, 0xDA, 0xDD, 0x3B, 0x9B,
    0xB0, 0xBC, 0xC6, 0xD3, 0x54, 0x42, 0xEE, 0x83, 0x4C, 0x6C, 0xE0, 0x29, 0x50, 0x49, 0x5F, 0x06,
    0x25, 0x63, 0xED, 0xDB, 0xEF, 0x8A, 0xD8, 0x59, 0x21, 0x5B, 0x3E, 0xC1, 0x0C, 0xBC, 0x22, 0x79,
    0x0C, 0x26, 0xF9, 0x7E, 0x38, 0xB9, 0x70, 0xAF, 0x8A, 0x33, 0xD1, 0x48, 0xA6, 0x4F, 0x95, 0xFB,
    0xFA, 0xD2, 0x02, 0xAD, 0x87, 0x42, 0x1C, 0xE8, 0x31, 0x19, 0x01, 0xF4, 0x66, 0x6F, 0x34, 0x1B,
    0x72, 0x4A, 0xC0, 0x63, 0xFE, 0x27, 0x2A, 0x47, 0xA2, 0xEE, 0x49, 0x28, 0x4F, 0xA2, 0xB5, 0x24,
    0x8E, 0xC9, 0x8C, 0x24, 0xCA, 0x81, 0x44, 0x15, 0x5F, 0x6F, 0xA8, 0x1D, 0x09, 0x43, 0xE6, 0x0B,
    0x32, 0xEB, 0x7D, 0xC3, 0x9F, 0xB4, 0xE3, 0xE2, 0x27, 0xEF, 0x78, 0x4E, 0xE6, 0x0D, 0x32, 0xB5,
    0x6D, 0xFA, 0x66, 0xC8, 0xBB, 0xCC, 0x65, 0xB1, 0x6E, 0xA3, 0xF1, 0xCF, 0x39, 0xB0, 0xF0, 0x91,
    0xB2, 0x70, 0x91, 0xD4, 0xA0, 0x1D, 0x65, 0xD4, 0xFF, 0x76, 0xF8, 0x2C, 0xA6, 0x39, 0xE9, 0x4D,
    0x52, 0x29, 0x2F, 0x6C, 0x33, 0x59, 0xA3, 0xCA, 0x2A, 0x37, 0x06, 0xCE, 0xEF, 0x03, 0xF1, 0x71,
    0x52, 0x8B, 0x69, 0xB6, 0x62, 0x6E, 0x7C, 0x3D, 0xAF, 0xF5, 0xD8, 0xF4, 0x5A, 0xBA, 0xF5, 0xA2,
    0x19, 0x2E, 0x2F, 0x6A, 0x3F, 0x8B, 0x95, 0x9B, 0x3D, 0x29, 0xB8, 0x03, 0x34, 0x95, 0xD5, 0x7F,
    0xEA, 0x1B, 0xA1, 0x5A, 0xA3, 0x46, 0xCC, 0x31, 0xB3, 0x6F, 0x91, 0xF8, 0x45, 0x4A, 0xA1, 0x19,
    0x50, 0x01, 0xE5, 0x93, 0x6E, 0x22, 0xF5, 0x90, 0x9A, 0x95, 0x59, 0xDE, 0x8A, 0x74, 0x8E, 0xDF,
    0x62, 0x4F, 0x93, 0x93, 0x25, 0xEB, 0xF0, 0xE6, 0x3E, 0x61, 0x5E, 0xB1, 0xCB, 0xDB, 0x9C, 0x52,
    0x3B, 0xCD, 0x4B, 0xD2, 0xBB, 0x5D, 0xC7, 0x7A, 0x28, 0x47, 0xBE, 0xA0, 0x25, 0xD3, 0x0E, 0x98,
    0x1E, 0x71, 0xE5, 0x86, 0x7A, 0x20, 0xBF, 0x87, 0x33, 0xBF, 0xBD, 0x4B, 0xEC, 0x6A, 0x97, 0xD8,
    0x26, 0x25, 0xF6, 0xB2, 0xBC, 0x91, 0xD8, 0x85, 0x55, 0x51, 0x0F, 0x6A, 0x5D, 0x0D, 0x45, 0xAC,
    0x7A, 0xE5, 0x7E, 0x8F, 0x6B, 0xF2, 0xBC, 0x8A, 0x83, 0x42, 0x2C, 0xE6, 0x57, 0xB6, 0x2A, 0xAC,
    0xFE, 0x60, 0x6C, 0xA3, 0xFC, 0xE5, 0x60, 0xA2, 0x7C, 0x16, 0x4D, 0x7F, 0x5C, 0x05, 0xED, 0xA8,
    0x1D, 0x3B, 0xDE, 0x3C, 0xD5, 0xB1, 0xED, 0x4D, 0xFA, 0x6C, 0xDA, 0xF1, 0xE0, 0x24, 0x0D, 0xE1,
    0xB4, 0x7D, 0xB9, 0x32, 0x7A, 0x63, 0xD1, 0xE1, 0x39, 0x34, 0xFE, 0x12, 0x6A, 0x7F, 0x0E, 0xB5,
    0x7B, 0x02, 0xC5, 0x8D, 0x70, 0xA8, 0xFF, 0x67, 0x38, 0x1A, 0x37, 0x57, 0x6E, 0xF9, 0x5F, 0xCE,
    0x0D, 0x0F, 0x8A, 0xD3, 0xBB, 0x87, 0x18, 0x49, 0xC2, 0x63, 0x98, 0x67, 0x59, 0xC2, 0xDB, 0xEC,
    0x69, 0x52, 0x6C, 0x34, 0xD4, 0xB2, 0xD9, 0xC7, 0x66, 0x91, 0x63, 0x53, 0xC9, 0x96, 0x73, 0xB5,
    0x1A, 0x72, 0x37, 0xF8, 0x29, 0x6E, 0x92, 0xF3, 0xB8, 0xF3, 0x2F, 0x95, 0x71, 0xC0, 0x37, 0x81,
    0x67, 0x27, 0x3C, 0x29, 0x65, 0x53, 0x44, 0x25, 0xF2, 0x2F, 0x41, 0x7F, 0x47, 0xC4, 0xCD, 0xE9,
    0xB6, 0x40, 0xF1, 0x04, 0xCA, 0x1E, 0x68, 0x06, 0x40, 0x25, 0xD5, 0x44, 0xA0, 0x3C, 0x01, 0xDA,
    0x2B, 0xDE, 0x2E, 0x44, 0x18, 0xEA, 0x14, 0x24, 0xF5, 0xA9, 0x88, 0xFF, 0x19, 0xF4, 0x96, 0x57,
    0x94, 0x12, 0x4A, 0xAF, 0x64, 0xD3, 0x78, 0x23, 0x2F, 0xE7, 0xEE, 0x43, 0x9E, 0x5D, 0x91, 0x39,
    0xF9, 0x06, 0x53, 0x2D, 0x4A, 0xC4, 0x99, 0xDD, 0xCE, 0xE4, 0xD5, 0x9F, 0x1C, 0x53, 0xF3, 0x2E,
    0x05, 0xB7, 0x81, 0x3C, 0xE2, 0x0D, 0x95, 0xA0, 0xC5, 0x97, 0x23, 0xD5, 0x9A, 0x7C, 0xF0, 0xA3,
    0x99, 0xA4, 0xE7, 0xE9, 0xD9, 0x14, 0x57, 0xFB, 0xE6, 0xD9, 0x49, 0x27, 0xB4, 0xE2, 0x94, 0x84,
    0x6E, 0x8B, 0x16, 0xDB, 0x48, 0x58, 0x92, 0xA9, 0x6E, 0x1A, 0x4F, 0xF6, 0xC6, 0x0F, 0x63, 0x3F,
    0x19, 0x77, 0x60, 0xF8, 0xD7, 0x48, 0x61, 0xE1, 0xC1, 0x87, 0xFC, 0x91, 0x03, 0x58, 0xA6, 0x16,
    0x00, 0x0F, 0xA0, 0x74, 0x90, 0x6B, 0xF9, 0x79, 0xA0, 0xF6, 0xC0, 0x02, 0x96, 0x95, 0x03, 0x1E,
    0xBD, 0xEE, 0xF9, 0x16, 0xC0, 0xC1, 0x64, 0x28, 0x00, 0xF5, 0xDE, 0xDE, 0x68, 0x5E, 0x6F, 0x53,
    0x66, 0x3F, 0x55, 0xB8, 0xF6, 0x43, 0xF6, 0x93, 0x57, 0x5E, 0x7E, 0xCB, 0xDD, 0xF8, 0xF5, 0xD9,
    0x6D, 0xDE, 0xF3, 0x24, 0xE2, 0x69, 0xDC, 0x55, 0xC4, 0x18, 0xF7, 0xA3, 0x88, 0xEC, 0x0D, 0x6E,
    0x18, 0xC7, 0x87, 0x4C, 0xA7, 0x91, 0x5B, 0x1F, 0x84, 0xEB, 0x68, 0x5C, 0x1B, 0xB7, 0x61, 0x06,
    0xE6, 0x84, 0x66, 0x43, 0x21, 0x9E, 0xCE, 0xD7, 0xE2, 0xDA, 0x2B, 0x16, 0xF0, 0x0B, 0xC0, 0x93,
    0x26, 0xB6, 0xF1, 0x98, 0x91, 0x35, 0x6B, 0xBE, 0xA0, 0x73, 0xDA, 0x16, 0x70, 0xF0, 0x39, 0xAC,
    0x84, 0x4A, 0xC4, 0xA9, 0xFF, 0x78, 0x11, 0xB4, 0xAB, 0xF2, 0xBF, 0x82, 0x07, 0xDA, 0x9E, 0x62,
    0x3C, 0x74, 0x61, 0x97, 0x46, 0xC6, 0x91, 0xF8, 0x46, 0xC9, 0xA2, 0xF1, 0xED, 0x8B, 0xBC, 0xB3,
    0x8C, 0x34, 0xDB, 0xF4, 0xDB, 0x46, 0xF9, 0xA9, 0x3C, 0x51, 0x04, 0x74, 0x38, 0x10, 0xD7, 0x6D,
    0xE8, 0x7A, 0x26, 0x7D, 0x20, 0x1E, 0x1D, 0x20, 0x00, 0x9F, 0x40, 0xE7, 0x68, 0x37, 0xD4, 0x12,
    0x58, 0x85, 0x49, 0x9B, 0x81, 0x63, 0xCB, 0xC7, 0xEC, 0xE8, 0x61, 0xCD, 0x96, 0x62, 0xA4, 0x1B,
    0xCA, 0x0D, 0x8D, 0xBC, 0x37, 0xDD, 0xC8, 0x77, 0x04, 0x25, 0xBF, 0xFA, 0x77, 0x76, 0x15, 0xD4,
    0x1F, 0xFA, 0x0D, 0x6D, 0x1D, 0x02, 0xF3, 0x32, 0x16, 0x54, 0xA1, 0x1E, 0x8A, 0x91, 0x4B, 0x96,
    0x5C, 0x96, 0x69, 0xA7, 0x75, 0x77, 0x68, 0x9C, 0x89, 0x26, 0x76, 0xE9, 0x30, 0xE4, 0xF8, 0x26,
    0x3F, 0xAD, 0x31, 0xF7, 0xDF, 0x78, 0xEB, 0x6F, 0x97, 0xAC, 0x36, 0xAB, 0xED, 0xFB, 0xDD, 0xEF,
    0x87, 0xB7, 0x7F, 0x77, 0x64, 0x38, 0x67, 0xB8, 0xCD, 0x9E, 0x7A, 0xD3, 0x0E, 0xB4, 0x22, 0x1B,
    0x16, 0xF5, 0x60, 0x58, 0x56, 0xBD, 0x9A, 0x12, 0x38, 0xA9, 0x64, 0x99, 0x0F, 0xD6, 0x1D, 0x3A,
    0xD5, 0xD6, 0x1B, 0xDD, 0xA3, 0x5E, 0x9E, 0xCD, 0x8C, 0xB8, 0x4E, 0xDC, 0xD3, 0x17, 0x2F, 0x8F,
    0x6B, 0xEF, 0x30, 0x63, 0xC7, 0x4C, 0xB3, 0x63, 0x50, 0x9E, 0x44, 0x13, 0xAA, 0x81, 0x44, 0x67,
    0x11, 0x07, 0xBC, 0x35, 0x42, 0x2B, 0x7F, 0x7E, 0xF8, 0x3B, 0xD2, 0x43, 0x2D, 0x13, 0x5B, 0x52,
    0xF1, 0x64, 0x9C, 0x90, 0xB8, 0x75, 0xB8, 0x4F, 0x4D, 0xF2, 0xF7, 0x9C, 0x1D, 0x83, 0xB6, 0x24,
    0xEA, 0xD0, 0xF4, 0xFB, 0x75, 0x5E, 0x6E, 0x00, 0x0E, 0x36, 0xD0, 0x7D, 0x6D, 0xF9, 0x59, 0x89,
    0xD0, 0x48, 0xC2, 0x42, 0x3E, 0x3B, 0xE4, 0x86, 0xC5, 0xD3, 0xB3, 0x3F, 0xCE, 0x27, 0x91, 0x0C,
    0x46, 0x32, 0xD7, 0xDF, 0xDC, 0xE4, 0xBA, 0xBC, 0x93, 0x0C, 0x4F, 0xCF, 0x12, 0x3F, 0x80, 0x83,
    0xEC, 0x86, 0xD2, 0xA5, 0xAA, 0x2B, 0x40, 0xB9, 0x52, 0x24, 0x9B, 0x1D, 0xCD, 0x15, 0x1F, 0x88,
    0xFC, 0xF3, 0x5F, 0x8C, 0x68, 0xBB, 0x1B, 0x4C, 0x64, 0x0E, 0xC9, 0xDC, 0x5A, 0x6E, 0x50, 0x1C,
    0x3E, 0x21, 0x71, 0xB0, 0xEB, 0x4B, 0xB1, 0x92, 0x09, 0x07, 0x8D, 0xFC, 0xD3, 0xE1, 0xAF, 0xCB,
    0x1A, 0xBA, 0xAB, 0x5C, 0xCD, 0x6E, 0x7C, 0x68, 0xDF, 0x04, 0x12, 0x55, 0xFF, 0x98, 0x1D, 0xF1,
    0x88, 0x1D, 0x47, 0xBC, 0x8E, 0x23, 0x13, 0x8D, 0x24, 0xD6, 0x9D, 0x24, 0x36, 0x2B, 0x49, 0x8C,
    0x87, 0x89, 0x5F, 0xEB, 0x49, 0x54, 0x96, 0x44, 0x01, 0x77, 0x29, 0xFE, 0x61, 0x68, 0x6C, 0xBC,
    0x4F, 0x9C, 0x15, 0xFD, 0xB2, 0x0C, 0x17, 0x95, 0xBF, 0xA8, 0xFD, 0xD1, 0x5B, 0x7E, 0xFE, 0x67,
    0x3F, 0xBE, 0xF7, 0xED, 0x53, 0xEE, 0x52, 0x7E, 0xE5, 0x54, 0xE5, 0x1F, 0x55, 0x7E, 0xA6, 0xEC,
    0x97, 0x17, 0xFC, 0xC8, 0x72, 0x0E, 0x47, 0x05, 0x8B, 0xDF, 0xE0, 0xE0, 0x0A, 0x6C, 0xE5, 0x2B,
    0xBF, 0x9B, 0x10, 0x85, 0xE2, 0x3E, 0x8F, 0x98, 0xE5, 0xCF, 0xDC, 0xDD, 0x23, 0x77, 0x0F, 0x93,
    0xFF, 0xC7, 0x9C, 0xCF, 0xB8, 0x58, 0x32, 0x5C, 0x10, 0x2F, 0xA6, 0x1F, 0x9A, 0x1C, 0xEA, 0xDC,
    0x3D, 0xF5, 0x3B, 0x52, 0x9C, 0x2B, 0xD2, 0x33, 0x3C, 0x2A, 0xFA, 0x59, 0x15, 0x66, 0xB5, 0x5F,
    0xFE, 0xDC, 0xEE, 0x01, 0x3E, 0xCF, 0x1E, 0xBC, 0x2A, 0xC3, 0x63, 0xEC, 0x2C, 0x0F, 0xF8, 0x22,
    0xCB, 0xF2, 0xFA, 0x01, 0x78, 0x1F, 0xBE, 0x80, 0x59, 0x92, 0xBB, 0x47, 0xFF, 0xFB, 0x70, 0x6E,
    0x59, 0x9A, 0x40, 0xE5, 0x93, 0xD4, 0x9F, 0xDA, 0xE6, 0x59, 0x54, 0x27, 0x51, 0xD9, 0xA8, 0xE9,
    0x1F, 0x15, 0x61, 0x56, 0xFA, 0x59, 0xE5, 0x8F, 0x2A, 0x7F, 0x5E, 0xFD, 0xF8, 0xC3, 0xE2, 0x94,
    0xC2, 0xDE, 0xE1, 0x59, 0xFB, 0xF7, 0x82, 0x3A, 0xF9, 0x77, 0x85, 0xB2, 0x6B, 0x85, 0x2E, 0xA2,
    0xE2, 0x51, 0x19, 0xEE, 0x33, 0x9B, 0x86, 0x90, 0xD4, 0x8C, 0xA3, 0xA4, 0xCE, 0x6B, 0x37, 0x77,
    0x1F, 0x1E, 0xD8, 0x7B, 0x96, 0xC2, 0xB6, 0xDF, 0x0D, 0xCD, 0x6F, 0xFA, 0xC6, 0xA1, 0x2C, 0x0A,
    0xEE, 0xC3, 0x2F, 0xC1, 0x2C, 0xCB, 0xDB, 0x50, 0x50, 0xA1, 0x58, 0xC5, 0x6F, 0x4D, 0xA5, 0x33,
    0xDE, 0xE5, 0x13, 0xCE, 0x89, 0xFC, 0xC8, 0x3D, 0xB4, 0xC0, 0x71, 0x11, 0x73, 0x34, 0x7E, 0xB9,
    0xE1, 0xE3, 0xC6, 0x86, 0xFA, 0x53, 0x5F, 0x7D, 0x46, 0xF5, 0x57, 0x54, 0xC3, 0xEE, 0x7D, 0xB4,
    0xFF, 0xEF, 0x30, 0x7C, 0x0C, 0x47, 0x1E, 0x8C, 0xCD, 0xEE, 0x31, 0xC0, 0x5F, 0x3B, 0xAA, 0xCF,
    0x3C, 0xBA, 0xEC, 0xF9, 0x88, 0xCF, 0xF9, 0x4F, 0xCD, 0x99, 0x01, 0xC4, 0x25, 0x69, 0x76, 0xF7,
    0x7F, 0x55, 0x35, 0xEF, 0x5B, 0x76, 0x8B, 0xAD, 0xC1, 0xF4, 0x9A, 0x6F, 0xC6, 0x6E, 0x2D, 0x16,
    0xBB, 0xFD, 0x99, 0x2E, 0x58, 0x44, 0x74, 0xBF, 0x4F, 0xED, 0x42, 0x10, 0x18, 0x4C, 0x0B, 0x59,
    0x92, 0x45, 0x20, 0x9B, 0x8D, 0x09, 0x06, 0x1B, 0xE9, 0x7D, 0xAB, 0x2C, 0x00, 0x68, 0xEC, 0x02,
    0x12, 0x83, 0x41, 0xE7, 0x5D, 0x31, 0x8B, 0x88, 0x41, 0x77, 0x57, 0x11, 0x00, 0x78, 0x12, 0x16,
    0x04, 0x0A, 0x93, 0x90, 0x0C, 0x9B, 0x47, 0x52, 0xA1, 0xA6, 0x53, 0x55, 0x27, 0xF7, 0x9C, 0xAA,
    0xFB, 0xF6, 0xBD, 0x7D, 0xB7, 0xA7, 0xB3, 0x2B, 0x9D, 0xCD, 0xFF, 0xAD, 0xE7, 0x7F, 0x9E, 0x5B,
    0x75, 0x9E, 0x73, 0xCE, 0x39, 0xCF, 0xA9, 0xF7, 0xDE, 0x5B, 0x37, 0xBC, 0x18, 0xBC, 0x4A, 0xF5,
    0xD7, 0x51, 0x7F, 0x27, 0xED, 0xF2, 0xDF, 0x27, 0x99, 0x88, 0x47, 0xD2, 0x99, 0x42, 0xAA, 0x7B,
    0xFF, 0xEE, 0x7F, 0x1A, 0x7A, 0x02, 0xFF, 0xF3, 0x07, 0xF0, 0x2A, 0xDC, 0x86, 0x12, 0xD2, 0xEE,
    0xEA, 0x27, 0x41, 0x64, 0x08, 0xA9, 0x0F, 0x79, 0x15, 0xEE, 0x10, 0xBE, 0xF1, 0xB2, 0x7C, 0xAA,
    0xD3, 0x40, 0xD2, 0x93, 0x57, 0xB8, 0xAB, 0x07, 0xB5, 0x4C, 0x65, 0x75, 0x3B, 0xEB, 0x6E, 0x47,
    0xE1, 0x36, 0x7F, 0x72, 0x1B, 0x5E, 0xC6, 0x61, 0x70, 0x22, 0xDD, 0x36, 0x1A, 0x3E, 0xE3, 0x1C,
    0x94, 0xB2, 0xC3, 0xE4, 0x8C, 0x6F, 0x5E, 0xED, 0xF0, 0x81, 0xF1, 0x55, 0xE5, 0x44, 0x41, 0xBD,
    0x8A, 0x0D, 0x7A, 0x6D, 0xC3, 0x03, 0x27, 0xD7, 0x98, 0xEA, 0x83, 0x39, 0xC0, 0xAF, 0xAA, 0x7F,
    0x41, 0x79, 0x81, 0xFB, 0xBF, 0x70, 0xE4, 0xB2, 0x83, 0x3F, 0xE0, 0x8E, 0x03, 0xBC, 0xA1, 0x19,
    0xE1, 0x9E, 0x56, 0x88, 0x0D, 0x51, 0x43, 0xD1, 0xB1, 0x54, 0xBA, 0xE7, 0xBB, 0x69, 0x85, 0xDB,
    0x1D, 0x1E, 0x37, 0xE2, 0x26, 0x3D, 0x8A, 0x89, 0xF3, 0x1E, 0x1E, 0x90, 0x08, 0xA9, 0x74, 0xBB,
    0x23, 0x91, 0x8E, 0xB6, 0xA3, 0x5C, 0xB5, 0xE1, 0x21, 0x59, 0xC0, 0x35, 0x7C, 0x15, 0xF8, 0x88,
    0x44, 0xAA, 0x55, 0x2D, 0x96, 0x8E, 0xDA, 0xD4, 0x4A, 0xB8, 0x80, 0x89, 0x37, 0x83, 0x1A, 0xFF,
    0x0A, 0xF0, 0x20, 0x5D, 0x0A, 0x71, 0x8B, 0x9B, 0x5C, 0xEF, 0xB8, 0xE0, 0x82, 0x82, 0xCC, 0xC7,
    0x13, 0xF7, 0xD6, 0x80, 0xBE, 0x43, 0xD1, 0xA5, 0x81, 0xA5, 0x72, 0xF7, 0x93, 0x9E, 0x89, 0xBC,
    0x89, 0x03, 0x45, 0x95, 0x78, 0x5C, 0x95, 0xF5, 0x38, 0x9F, 0x0F, 0xB8, 0x31, 0x5F, 0x70, 0x53,
    0x2E, 0x95, 0x51, 0x31, 0xA5, 0xA2, 0x81, 0x7E, 0xA4, 0xA1, 0xBE, 0xA1, 0xC1, 0x8A, 0x4F, 0xA5,
    0x93, 0x60, 0x94, 0x48, 0xD7, 0x06, 0xDA, 0xAE, 0x08, 0x94, 0x4D, 0xAA, 0xB6, 0x52, 0x8F, 0x23,
    0xEB, 0x78, 0x48, 0x59, 0x65, 0x21, 0x9A, 0x71, 0x4D, 0xDE, 0xF3, 0x55, 0x3E, 0x67, 0x49, 0xDC,
    0xAA, 0x12, 0xA9, 0x0E, 0x0D, 0xC4, 0x66, 0xA0, 0xBE, 0x36, 0x50, 0x92, 0x7A, 0x2E, 0xC8, 0x3B,
    0x26, 0xCA, 0x5D, 0x62, 0xE7, 0x13, 0xAE, 0xCA, 0x3D, 0x5F, 0x31, 0x03, 0x0F, 0xB8, 0x49, 0xBA,
    0x44, 0xD2, 0x15, 0xB2, 0xF3, 0xEC, 0x96, 0x6C, 0x47, 0x16, 0x69, 0x9F, 0x8F, 0x38, 0xF2, 0x6D,
    0xE9, 0x85, 0x06, 0x50, 0x90, 0x78, 0x4D, 0x7E, 0x24, 0x9E, 0x68, 0xE1, 0x1E, 0x19, 0x1B, 0xF2,
    0xB0, 0xA7, 0xA2, 0x57, 0xF2, 0x4A, 0x1D, 0x50, 0x36, 0x4A, 0x15, 0xE0, 0xC0, 0x8A, 0x0B, 0x77,
    0xA0, 0xFC, 0xD1, 0xED, 0x2F, 0x8E, 0xBA, 0xC5, 0x83, 0x5B, 0x16, 0x09, 0x7F, 0xC8, 0x18, 0xBD,
    0x4F, 0x34, 0x02, 0xC9, 0x04, 0x64, 0x4A, 0xF9, 0x35, 0x15, 0x83, 0x52, 0xD8, 0x53, 0xE9, 0x95,
    0x3A, 0xC0, 0x35, 0x4A, 0x9B, 0xF5, 0x8D, 0x2E, 0x95, 0xEE, 0x29, 0x3D, 0xC4, 0x2A, 0x04, 0x0C,
    0x4A, 0x61, 0x4F, 0x51, 0x0F, 0xC4, 0x1E, 0x48, 0xBA, 0x6B, 0x6A, 0x80, 0xA3, 0x6C, 0x36, 0x2E,
    0xBC, 0x71, 0x77, 0xC0, 0x95, 0x72, 0x09, 0xBC, 0xC2, 0xAD, 0xDD, 0x28, 0x9E, 0x5C, 0xFE, 0xD1,
    0x64, 0xF7, 0xFA, 0x84, 0xFB, 0xF4, 0xD1, 0x87, 0x23, 0xAF, 0xF1, 0x90, 0x57, 0x81, 0x09, 0xB5,
    0x3C, 0x2B, 0xA7, 0xC6, 0x99, 0x71, 0x32, 0x18, 0xF7, 0xCA, 0x71, 0x67, 0xDC, 0xD8, 0x99, 0xCA,
    0x34, 0x8D, 0x73, 0x3B, 0x53, 0x18, 0xD7, 0xA6, 0xD3, 0xAE, 0xBC, 0x9E, 0x61, 0x9F, 0xA9, 0xFB,
    0xE0, 0xDE, 0xB7, 0x47, 0xAC, 0x92, 0xB8, 0xE5, 0x89, 0x04, 0xBE, 0xCA, 0x10, 0x7D, 0x67, 0x9F,
    0x73, 0x1C, 0xCC, 0xB0, 0x71, 0x6A, 0x9C, 0x1D, 0xE6, 0x66, 0x6C, 0x88, 0xDA, 0xFB, 0x64, 0x32,
    0x51, 0xC8, 0xA2, 0xD6, 0x74, 0x34, 0xF5, 0x33, 0xC3, 0x89, 0x54, 0xA5, 0x08, 0xB9, 0xCC, 0xC4,
    0x12, 0xE0, 0x0C, 0xAA, 0xCD, 0x93, 0x54, 0x20, 0x03, 0x88, 0x54, 0x68, 0x2C, 0xB2, 0x9B, 0xEC,
    0x46, 0xD8, 0x8D, 0x46, 0x64, 0x64, 0x27, 0xD8, 0x09, 0x76, 0x82, 0x11, 0x68, 0x80, 0xA8, 0x2A,
    0x82, 0x1B, 0xED, 0x2F, 0x64, 0x4D, 0x54, 0xC1, 0xDB, 0x45, 0x20, 0x9D, 0xDC, 0x48, 0xBE, 0x28,
    0xC9, 0x3A, 0x0B, 0xE4, 0x53, 0xD6, 0x10, 0x7F, 0x5C, 0x36, 0x64, 0xBD, 0xB6, 0x49, 0xDD, 0x53,
    0x8C, 0x76, 0xE7, 0x04, 0xDC, 0x44, 0x76, 0x38, 0xE9, 0x71, 0xA3, 0x4E, 0xEA, 0x4E, 0xF3, 0x4B,
    0x26, 0x8D, 0xD2, 0x6C, 0x93, 0xF6, 0xC5, 0xE8, 0x76, 0xD6, 0xDD, 0x50, 0xF4, 0x11, 0xBB, 0xFF,
    0xC6, 0x22, 0x63, 0x80, 0x97, 0x7A, 0x00, 0xDF, 0xBD, 0x7A, 0xD0, 0xCA, 0x04, 0xB7, 0x5F, 0xF2,
    0xC1, 0x4D, 0x7D, 0x17, 0x9C, 0x9F, 0x77, 0xBC, 0x1C, 0x9F, 0x9B, 0xD3, 0xEF, 0xC3, 0x7B, 0xC7,
    0xC7, 0xA5, 0x9E, 0x7F, 0xB9, 0x4E, 0xE1, 0x2D, 0xF8, 0xD2, 0xE1, 0x71, 0xF3, 0xEA, 0xD1, 0xCB,
    0x72, 0x7A, 0x82, 0x4C, 0x1A, 0x88, 0x3E, 0x60, 0x85, 0xFB, 0xD7, 0xB0, 0xDD, 0x67, 0x8A, 0x39,
    0x19, 0x21, 0xF7, 0x18, 0x92, 0x31, 0x9A, 0xA0, 0x6C, 0xB6, 0x65, 0x81, 0x19, 0x6A, 0x14, 0xA6,
    0xB3, 0xC0, 0xC4, 0x8A, 0xB2, 0x63, 0x21, 0x1E, 0xF7, 0x26, 0x1B, 0x16, 0xD2, 0xBD, 0xC9, 0xBA,
    0x62, 0x21, 0xEF, 0x58, 0xD1, 0x12, 0x2D, 0xB8, 0x8A, 0x15, 0x42, 0x3C, 0xF3, 0x98, 0x0D, 0xA2,
    0x4D, 0x3F, 0xB1, 0x61, 0x21, 0x99, 0x92, 0xE1, 0xE9, 0xAB, 0x74, 0xC8, 0xFA, 0x78, 0xA9, 0xE0,
    0xDD, 0x8F, 0xD5, 0x60, 0x28, 0xBA, 0x52, 0x02, 0xB1, 0x2C, 0xB4, 0x14, 0xDE, 0x55, 0x6D, 0x32,
    0x91, 0xF7, 0xAE, 0xA9, 0x71, 0xCD, 0xE3, 0x78, 0x62, 0xDE, 0xC9, 0xA2, 0x73, 0x8D, 0x44, 0x53,
    0x3A, 0xB0, 0x50, 0x93, 0xFB, 0x5C, 0xC6, 0x24, 0xE4, 0x01, 0x51, 0x0B, 0x7D, 0x2C, 0xF7, 0x73,
    0x5F, 0x78, 0x24, 0xD6, 0x95, 0x96, 0x46, 0xD9, 0x21, 0x6A, 0x27, 0x00, 0x6A, 0x08, 0x49, 0x86,
    0xF5, 0xDA, 0xAC, 0x89, 0x48, 0x1A, 0x28, 0x7A, 0x34, 0xD5, 0x1A, 0x96, 0x2C, 0x50, 0x78, 0x48,
    0x83, 0xA6, 0x35, 0xE7, 0x81, 0xB2, 0xB3, 0xCA, 0xB4, 0xC4, 0x53, 0xDE, 0xE3, 0x3A, 0xD4, 0x44,
    0x4B, 0x32, 0xE6, 0x3D, 0x75, 0x03, 0x35, 0xB4, 0xA4, 0x43, 0xDE, 0xD3, 0x02, 0x13, 0xB4, 0xE4,
    0x7D, 0x16, 0x58, 0x40, 0x53, 0xAD, 0x29, 0xBB, 0x34, 0xC4, 0x93, 0x16, 0x5B, 0x97, 0xD6, 0x55,
    0x32, 0xE8, 0xAC, 0x50, 0xB3, 0x9F, 0xCC, 0x44, 0x4B, 0xAB, 0x26, 0x2B, 0x48, 0xA4, 0x87, 0x7A,
    0x61, 0xC3, 0x0D, 0x20, 0xAA, 0xE0, 0x85, 0xBB, 0x7D, 0xBA, 0xE3, 0x27, 0xBB, 0x7E, 0xBA, 0xF3,
    0xA7, 0xBB, 0x7F, 0xDA, 0x01, 0xA7, 0x5D, 0x70, 0xDA, 0x09, 0xA7, 0xDD, 0x70, 0xDA, 0x11, 0xA7,
    0x5D, 0x71, 0xDA, 0x19, 0xA7, 0xDD, 0x71, 0xDA, 0x21, 0x9C, 0x2F, 0xCF, 0x74, 0x09, 0x4E, 0xFA,
    0xE3, 0x4E, 0x61, 0x49, 0x87, 0xE3, 0x6E, 0x49, 0xC6, 0x78, 0x3A, 0xEE, 0x98, 0x2C, 0x44, 0xD3,
    0x71, 0xD7, 0x14, 0x3E, 0x9A, 0x8F, 0x3B, 0x47, 0xF3, 0x3E, 0xEE, 0x1E, 0xD7, 0x44, 0xCB, 0x71,
    0x07, 0xD5, 0x44, 0xCB, 0x71, 0x17, 0x69, 0xCB, 0x1C, 0x77, 0x92, 0x10, 0x4F, 0xC7, 0xDD, 0xA4,
    0x59, 0x1E, 0x75, 0x94, 0x9E, 0x19, 0x8F, 0xBB, 0x6A, 0x26, 0x1B, 0x8E, 0x3B, 0x6B, 0x26, 0x0F,
    0xC7, 0xDD, 0xB5, 0x50, 0xF8, 0xE3, 0x0E, 0x6B, 0xD5, 0xC6, 0x51, 0x97, 0xD5, 0xC8, 0x33, 0x9D,
    0x56, 0x7E, 0x32, 0x3D, 0xD3, 0x6D, 0xA9, 0xF8, 0x67, 0x3B, 0xEE, 0x35, 0x88, 0xAE, 0xAA, 0x58,
    0x48, 0x66, 0x0D, 0x36, 0x1D, 0xD4, 0x6A, 0xEE, 0xC9, 0x3B, 0x8A, 0x8A, 0x12, 0xEE, 0x00, 0xA6,
    0x73, 0xD5, 0xC4, 0x82, 0x34, 0xC9, 0x1C, 0xE9, 0x76, 0xC6, 0xBA, 0x5F, 0xC9, 0x44, 0x16, 0xB4,
    0x3E, 0x3E, 0x0D, 0xE4, 0x5D, 0xE6, 0x29, 0xAA, 0xBC, 0xA3, 0x24, 0xAF, 0xB8, 0x43, 0x01, 0x4F,
    0xD7, 0xDE, 0xBC, 0x6F, 0xAB, 0xEB, 0xCE, 0xD6, 0xB7, 0x8D, 0x59, 0x90, 0xD5, 0xC6, 0x62, 0x56,
    0xA2, 0xC9, 0xEC, 0xC4, 0xA3, 0x59, 0x4A, 0x82, 0xD9, 0x4A, 0x7A, 0xB3, 0x96, 0x75, 0x6A, 0x4F,
    0xCD, 0x6E, 0xB8, 0x6A, 0xDA, 0xCE, 0xED, 0xFE, 0xCA, 0x2E, 0xF7, 0xB9, 0xDF, 0xA9, 0xF7, 0x49,
    0x1F, 0xF7, 0xA0, 0x8E, 0x76, 0x57, 0xFA, 0xDD, 0x95, 0xDD, 0x28, 0xC2, 0xEE, 0x7A, 0xD0, 0x2E,
    0x50, 0xCB, 0x6A, 0x74, 0xA7, 0xB5, 0x1B, 0x0C, 0xF1, 0x6E, 0xC0, 0xAA, 0xFF, 0xC6, 0xFB, 0xBA,
    0xA2, 0x08, 0xBA, 0x26, 0x1F, 0x74, 0x55, 0x36, 0xE8, 0xBA, 0x74, 0xD0, 0x95, 0xC9, 0xB8, 0x46,
    0xA5, 0xAB, 0xA3, 0x51, 0xD7, 0x33, 0xA9, 0x05, 0x1E, 0x9A, 0x8D, 0x7B, 0xAC, 0xC8, 0x2A, 0xB4,
    0x66, 0x94, 0x1E, 0x5C, 0x80, 0x7A, 0x80, 0x69, 0x22, 0x1A, 0x1E, 0x91, 0x84, 0x0B, 0x52, 0x5F,
    0x92, 0x77, 0x79, 0x53, 0x34, 0x59, 0x57, 0x92, 0xF6, 0x17, 0xD7, 0x77, 0xF0, 0x2D, 0x60, 0xC2,
    0x5E, 0xE6, 0xBA, 0xB6, 0x21, 0x12, 0x48, 0x27, 0x28, 0x06, 0x33, 0x65, 0xA3, 0xD0, 0xCB, 0x03,
    0xD6, 0x4F, 0xD1, 0x04, 0xCC, 0x80, 0x03, 0x0A, 0xE0, 0x0C, 0xC3, 0x08, 0x0F, 0xC1, 0x99, 0x8D,
    0xB2, 0x23, 0x0F, 0xE4, 0xA3, 0x1A, 0x4A, 0x67, 0xF2, 0x89, 0x32, 0x50, 0x37, 0x58, 0xFF, 0x65,
    0x3D, 0x85, 0x6E, 0x10, 0xAF, 0xA2, 0x88, 0xDE, 0x37, 0x86, 0x6C, 0x82, 0x57, 0xC8, 0x1B, 0xF2,
    0x19, 0xAD, 0x77, 0x6F, 0x93, 0x85, 0x74, 0x24, 0x9B, 0x74, 0x61, 0xB4, 0x10, 0xEB, 0xDD, 0x80,
    0x9A, 0x32, 0x3F, 0xAA, 0xA4, 0x2A, 0xA8, 0x92, 0xAA, 0xA0, 0x4A, 0xA6, 0x62, 0x4A, 0xAA, 0x62,
    0x4A, 0x0B, 0x98, 0x92, 0xA9, 0x40, 0x34, 0x9B, 0x4A, 0xE1, 0xA9, 0xDB, 0x86, 0x56, 0x73, 0x2C,
    0x16, 0x22, 0x69, 0x5C, 0xD0, 0x90, 0x63, 0x9B, 0xE4, 0x76, 0xA6, 0xEC, 0x71, 0xD2, 0x20, 0x9C,
    0x55, 0x2C, 0x45, 0xCF, 0x6B, 0xA8, 0x23, 0x75, 0x87, 0x3A, 0x52, 0x77, 0x6B, 0x2C, 0x16, 0x13,
    0x8B, 0xB9, 0x53, 0x15, 0x75, 0x67, 0x2A, 0x16, 0x93, 0xA9, 0x60, 0x4A, 0x0B, 0xD1, 0x7D, 0x55,
    0x4A, 0xD6, 0xF2, 0x8C, 0xE4, 0x9A, 0xA9, 0x2A, 0x6D, 0xB9, 0x5F, 0x12, 0xAF, 0xD5, 0x78, 0x1D,
    0xD0, 0x94, 0x4D, 0x5C, 0x55, 0x6F, 0xD8, 0x57, 0xBC, 0x72, 0x54, 0x76, 0x03, 0xE9, 0x82, 0x86,
    0x3B, 0xE3, 0x7A, 0xD5, 0x76, 0x5E, 0xEB, 0x5C, 0x77, 0x5A, 0xF6, 0xD6, 0xEA, 0xDF, 0x36, 0xCA,
    0x52, 0xA9, 0x33, 0x81, 0xD2, 0x1B, 0x77, 0x1A, 0x8D, 0xEB, 0xA2, 0x59, 0x43, 0x8A, 0xED, 0x1E,
    0x8D, 0x47, 0xA8, 0x49, 0x06, 0xE3, 0x00, 0x8F, 0x8D, 0x27, 0xD2, 0x5E, 0x39, 0xF3, 0x30, 0x92,
    0x75, 0x30, 0x90, 0x77, 0x44, 0x41, 0xBB, 0xED, 0x04, 0xAA, 0x7C, 0x0B, 0xCA, 0x01, 0xE9, 0x70,
    0x63, 0x6C, 0x9C, 0x28, 0x87, 0x44, 0x1A, 0xCA, 0x3E, 0x12, 0x88, 0xB0, 0xFA, 0x19, 0xDE, 0x15,
    0x4F, 0x2A, 0x32, 0x53, 0x7E, 0x9A, 0x4A, 0x55, 0x7B, 0xDA, 0x4E, 0x1A, 0x5C, 0xAF, 0x31, 0x06,
    0xA3, 0xCB, 0x22, 0x94, 0xE1, 0xF5, 0x72, 0x47, 0x94, 0xBD, 0xEB, 0x71, 0xBE, 0xF6, 0xB8, 0x4E,
    0x6D, 0xFE, 0x50, 0xA0, 0xFE, 0xED, 0x19, 0xEA, 0x72, 0x80, 0x56, 0x3A, 0x90, 0x19, 0x10, 0x0F,
    0x4C, 0x6C, 0x14, 0x0D, 0x40, 0x1C, 0xAE, 0xA9, 0xE7, 0x04, 0x9A, 0x96, 0xB5, 0x38, 0xED, 0x31,
    0xB9, 0x6E, 0xDF, 0xDA, 0x6F, 0xD8, 0x23, 0x0C, 0x27, 0x3B, 0x0C, 0xC6, 0x01, 0xC3, 0xF7, 0xD9,
    0xE4, 0x1D, 0xC0, 0x7C, 0x14, 0x15, 0x8A, 0xBC, 0x4B, 0x57, 0x95, 0x96, 0x58, 0x2A, 0xA0, 0xD0,
    0xFA, 0x2E, 0x3F, 0xBE, 0xFB, 0xA1, 0x78, 0x48, 0xD5, 0xC4, 0xBC, 0x56, 0x40, 0x96, 0x75, 0xC5,
    0x8D, 0xBB, 0xAC, 0x88, 0xEE, 0xBE, 0x6D, 0xF2, 0x5C, 0x44, 0x3E, 0x36, 0x13, 0xAA, 0xDD, 0x40,
    0x26, 0xFF, 0x7C, 0xF7, 0x77, 0x45, 0xED, 0x7C, 0x6C, 0x97, 0x89, 0xCD, 0x04, 0x45, 0x97, 0x79,
    0x14, 0x49, 0x5F, 0xB2, 0x62, 0xB8, 0x0E, 0x4C, 0xE9, 0x26, 0x8A, 0x4B, 0xE3, 0xC9, 0x5C, 0x8C,
    0x07, 0xDF, 0x8D, 0xFA, 0x35, 0xDE, 0xA7, 0x5F, 0xBA, 0xDC, 0x2F, 0xA9, 0x6E, 0xF3, 0xDA, 0x2B,
    0x5B, 0x5D, 0xA2, 0x27, 0x83, 0xA9, 0x4F, 0xA6, 0xFE, 0xC8, 0xD4, 0x9D, 0xA9, 0x97, 0x15, 0x38,
    0x5B, 0x7C, 0x69, 0x2D, 0x35, 0x91, 0x04, 0xB5, 0x1E, 0x0F, 0x36, 0x59, 0xBB, 0x6D, 0x36, 0x85,
    0xDA, 0xAC, 0xBB, 0xCA, 0x16, 0x76, 0x3C, 0x83, 0xDF, 0x64, 0x83, 0xAA, 0xB0, 0xE2, 0x0B, 0xD4,
    0x6C, 0x70, 0xCD, 0x25, 0x1B, 0xDA, 0xFE, 0x1E, 0x1B, 0x8A, 0xF1, 0x5E, 0xF4, 0x53, 0x0C, 0xF1,
    0xF2, 0xDE, 0xBB, 0x81, 0x15, 0xE5, 0x7F, 0xCA, 0xC0, 0x8A, 0x37, 0x65, 0x9B, 0xC6, 0xB6, 0x3D,
    0x86, 0x48, 0x9E, 0x48, 0xB3, 0x9F, 0x7E, 0xEB, 0x1F, 0x46, 0x56, 0xF4, 0xC9, 0xDF, 0xEF, 0x4F,
    0x93, 0xFA, 0xD6, 0xC3, 0xB6, 0xEF, 0x45, 0x73, 0x3D, 0x4D, 0xD9, 0x50, 0x76, 0xAC, 0xF8, 0x1C,
    0xE7, 0x1D, 0xDC, 0xB7, 0xCB, 0xBD, 0xF2, 0x02, 0x49, 0x95, 0x7B, 0xF8, 0x06, 0x33, 0x64, 0x5E,
    0x53, 0x7F, 0x84, 0xFD, 0xEB, 0xCD, 0x1B, 0x22, 0xA9, 0x46, 0xC8, 0xE6, 0x82, 0xD7, 0x69, 0xFF,
    0x2E, 0x44, 0x0D, 0xF2, 0x7B, 0xE7, 0x33, 0xF9, 0x7F, 0xF4, 0xEF, 0x7A, 0x8A, 0xA5, 0x9D, 0x89,
    0xE4, 0x13, 0xF1, 0x3B, 0x96, 0x05, 0x0A, 0x91, 0xFE, 0xBB, 0x22, 0x3F, 0xAE, 0xCE, 0x3F, 0x94,
    0x4F, 0xDF, 0xA1, 0x96, 0xFD, 0xDD, 0x85, 0x1B, 0xFE, 0x6C, 0x26, 0x91, 0xDF, 0x6A, 0x3D, 0x17,
    0x0C, 0xAD, 0x4F, 0xFA, 0x5C, 0x6F, 0x1C, 0x86, 0x72, 0x84, 0xFC, 0x5B, 0xD2, 0x10, 0xDB, 0xC7,
    0xC4, 0xB2, 0x6A, 0x21, 0x19, 0x62, 0xAF, 0x65, 0x7D, 0x0B, 0xD2, 0x81, 0x0A, 0xEA, 0xEA, 0x15,
    0x38, 0x1F, 0xAC, 0x5D, 0x39, 0x41, 0x26, 0x32, 0xE4, 0x22, 0x41, 0x47, 0xB1, 0x1B, 0xA5, 0x48,
    0xBF, 0x1B, 0xDE, 0x89, 0x74, 0x37, 0xEE, 0xDE, 0xAD, 0x50, 0xC4, 0xEF, 0xB3, 0x36, 0xCF, 0x56,
    0x99, 0xC3, 0x9D, 0x7B, 0x6C, 0x1C, 0x4D, 0x3C, 0x6D, 0x32, 0xB6, 0x86, 0xDE, 0x6A, 0xE9, 0x30,
    0xCC, 0xC6, 0xF1, 0xB8, 0x29, 0x1E, 0x9A, 0x2A, 0x57, 0xC5, 0x1A, 0xC3, 0xB4, 0x2A, 0x0E, 0xBF,
    0x9A, 0xCF, 0xEE, 0x85, 0x3E, 0xFD, 0xA9, 0x4F, 0xC0, 0xC9, 0x04, 0xB5, 0x52, 0x3B, 0x00, 0xD2,
    0x29, 0x35, 0x4A, 0x15, 0x44, 0x02, 0xC4, 0x4A, 0xC9, 0xA2, 0xA4, 0x76, 0xD3, 0x09, 0xC8, 0xAE,
    0x29, 0x1F, 0x95, 0xAE, 0x9F, 0xF7, 0x94, 0x4A, 0xAE, 0x57, 0xF2, 0x4A, 0xFF, 0xF8, 0xB6, 0x5A,
    0x1F, 0xA0, 0xFD, 0xD9, 0x6E, 0x76, 0x6A, 0xF8, 0xD4, 0xFA, 0xA9, 0xE1, 0x53, 0xEB, 0x1B, 0xD5,
    0x83, 0x92, 0x8C, 0xD0, 0x8A, 0x4E, 0x29, 0xAD, 0x6D, 0x94, 0x28, 0xCD, 0x86, 0xD1, 0xF3, 0xC3,
    0x3C, 0x8A, 0xB5, 0xEE, 0x80, 0xF6, 0x28, 0x7F, 0x84, 0x83, 0x58, 0xCF, 0x7E, 0xC7, 0xDA, 0x75,
    0x86, 0x1B, 0xDF, 0x7E, 0x5A, 0x84, 0xF1, 0x45, 0x45, 0x38, 0xB5, 0x7E, 0x5A, 0x5D, 0xA5, 0x62,
    0xB1, 0xD8, 0x95, 0x26, 0x0E, 0xF1, 0xEE, 0xFA, 0xCF, 0x77, 0xDE, 0x6E, 0x0B, 0xBD, 0x43, 0xEC,
    0x9D, 0x27, 0x96, 0xFB, 0xF5, 0x60, 0x6F, 0x3F, 0xF6, 0x49, 0x45, 0x9A, 0xF5, 0xE9, 0x65, 0x32,
    0x8B, 0x86, 0x90, 0x07, 0x92, 0x65, 0x9D, 0xF5, 0xC4, 0xCB, 0xA5, 0xCE, 0x32, 0x4F, 0x2C, 0xAF,
    0xEB, 0x2C, 0x6A, 0xB4, 0xE8, 0x5B, 0x94, 0x36, 0xAB, 0xFD, 0xBE, 0xFC, 0xD2, 0x6D, 0x29, 0xC5,
    0xC2, 0x96, 0x4D, 0x36, 0xB3, 0x85, 0xEF, 0xC2, 0x16, 0x6F, 0x6C, 0x79, 0x94, 0x23, 0x94, 0x33,
    0xDB, 0x4B, 0xB9, 0xBF, 0xAD, 0x64, 0xDA, 0xDF, 0x08, 0xD1, 0x60, 0xB3, 0x0A, 0xE2, 0x60, 0xD6,
    0xD8, 0xCF, 0xDC, 0xF5, 0x33, 0xB5, 0x0B, 0x9D, 0x79, 0x80, 0xDB, 0xBC, 0x08, 0x59, 0x03, 0x44,
    0x1F, 0xB1, 0x45, 0x92, 0x0A, 0xD0, 0xEA, 0x2C, 0xD3, 0x99, 0xE8, 0x2C, 0xB7, 0x73, 0xBD, 0xCE,
    0x2C, 0xC5, 0x6E, 0x9F, 0xD8, 0x19, 0x8A, 0xEA, 0xA4, 0xB6, 0x57, 0xCD, 0x5A, 0x59, 0xE9, 0xAC,
    0xAE, 0x91, 0x34, 0x56, 0xD5, 0x58, 0x2A, 0xAB, 0x69, 0x2C, 0x58, 0x1D, 0x93, 0xBD, 0x5C, 0xB8,
    0x34, 0x39, 0x63, 0xB5, 0x34, 0xDB, 0xB8, 0x7E, 0x95, 0xB5, 0xB7, 0x96, 0x40, 0xBA, 0x2C, 0x58,
    0x5D, 0xC8, 0x03, 0x56, 0xC1, 0xBC, 0x5F, 0xA3, 0xCE, 0xFD, 0x5A, 0xAE, 0xA2, 0xB3, 0xDA, 0x99,
    0xD4, 0xCA, 0x95, 0xCD, 0x5A, 0x37, 0x57, 0xAD, 0x55, 0x73, 0x5A, 0xA9, 0x03, 0x79, 0x67, 0xAB,
    0xD7, 0x3D, 0xAD, 0x96, 0xCA, 0xCF, 0xAE, 0x52, 0x3C, 0x98, 0x37, 0xF2, 0x69, 0xAD, 0x50, 0xA1,
    0x19, 0x6E, 0x52, 0xAB, 0x53, 0x4C, 0x56, 0x1B, 0xEB, 0xDB, 0xB3, 0x93, 0x2F, 0xD2, 0xF1, 0x55,
    0x45, 0x21, 0x1F, 0xDB, 0x5E, 0x47, 0x22, 0x52, 0xE9, 0x24, 0x5B, 0xBE, 0x29, 0x9E, 0x74, 0xA1,
    0x18, 0xF6, 0x9F, 0xE0, 0xBC, 0xCE, 0xB3, 0x49, 0x2D, 0xE5, 0xA3, 0xFA, 0x72, 0x8D, 0x4D, 0x46,
    0xCA, 0xCA, 0x26, 0x81, 0x73, 0xB6, 0x09, 0xE6, 0xAC, 0xE8, 0x59, 0x6F, 0x94, 0xD2, 0xAF, 0x75,
    0xA3, 0xEC, 0xD6, 0x82, 0xA9, 0x11, 0xAB, 0x98, 0x1A, 0x59, 0x03, 0x77, 0xD5, 0xB6, 0x97, 0x35,
    0x90, 0x59, 0x9F, 0xEE, 0xBB, 0xF6, 0x31, 0x70, 0xC9, 0xD6, 0x6B, 0x0F, 0x8F, 0x26, 0xE3, 0x36,
    0x18, 0xB6, 0x49, 0x14, 0x80, 0xC0, 0x67, 0x22, 0xED, 0xD7, 0x41, 0x39, 0x40, 0x31, 0x02, 0x6E,
    0x47, 0x6E, 0x3A, 0x9A, 0x84, 0xF5, 0x05, 0x65, 0xBF, 0xDD, 0xEB, 0xD1, 0x36, 0xF8, 0x03, 0x6B,
    0x30, 0xF9, 0x97, 0xAB, 0x56, 0xAA, 0xF6, 0xE0, 0xB7, 0x90, 0xC2, 0x38, 0xFA, 0xF0, 0xC9, 0xDB,
    0x16, 0x2C, 0x8F, 0x8C, 0xA7, 0x67, 0x3F, 0xA7, 0xC4, 0xC6, 0xC9, 0x60, 0x1C, 0x9E, 0xFD, 0xE4,
    0x92, 0x79, 0xE5, 0x7C, 0xE5, 0xC3, 0x47, 0xDB, 0x8D, 0x72, 0x59, 0x29, 0x3B, 0x9E, 0x72, 0x7D,
    0xF0, 0x7E, 0x31, 0x9F, 0x38, 0x34, 0x3E, 0x75, 0x98, 0x1E, 0xB0, 0x42, 0x76, 0x58, 0x2A, 0x13,
    0x12, 0x48, 0x97, 0x2B, 0x91, 0x09, 0xA6, 0xF5, 0x6D, 0xFB, 0xE1, 0x4E, 0xC8, 0x26, 0xAA, 0x23,
    0xD1, 0x9C, 0x88, 0x13, 0x15, 0x4C, 0x6C, 0x56, 0xA6, 0x55, 0x0C, 0xAB, 0xF0, 0x2A, 0x3E, 0x7D,
    0x07, 0x15, 0x03, 0xBF, 0x3E, 0x31, 0xD9, 0xB6, 0xC4, 0x53, 0x34, 0x03, 0x32, 0x45, 0x32, 0x6E,
    0xE2, 0xF0, 0x7F, 0x87, 0x66, 0x94, 0x88, 0x89, 0x5C, 0xE4, 0x67, 0xB5, 0xD7, 0xDD, 0xEE, 0x5C,
    0x45, 0xA9, 0x02, 0xDC, 0x2F, 0x2B, 0xB6, 0x75, 0xB9, 0x8A, 0x86, 0x54, 0x2D, 0x3F, 0x81, 0xD5,
    0x03, 0x67, 0x77, 0x77, 0xC0, 0xD9, 0xAE, 0x98, 0x90, 0x40, 0x24, 0x77, 0xAD, 0x82, 0x8E, 0x56,
    0x96, 0x55, 0xC8, 0xB1, 0xA8, 0x5E, 0x2C, 0xAE, 0x97, 0xB7, 0x3B, 0x31, 0xF3, 0xFF, 0xD5, 0xF4,
    0xB8, 0x7A, 0xF0, 0xDC, 0xD8, 0x39, 0x7D, 0x87, 0x3D, 0xBE, 0x5C, 0x01, 0x85, 0x27, 0xAD, 0x8A,
    0x8E, 0xDC, 0x17, 0x0D, 0xE5, 0x50, 0x40, 0xBA, 0xDC, 0xE2, 0x7B, 0xB4, 0x7F, 0xF5, 0xE6, 0x44,
    0xB6, 0xC8, 0xCC, 0xB9, 0xC8, 0x6C, 0xF6, 0xDB, 0xA5, 0xED, 0xA9, 0xFD, 0xBF, 0x2D, 0x7C, 0x83,
    0xD0, 0x7A, 0xE2, 0x50, 0x0E, 0x24, 0x21, 0xEB, 0x49, 0x43, 0xD4, 0x91, 0x05, 0xC0, 0x3E, 0xDE,
    0xFE, 0x29, 0xB1, 0xD6, 0xB2, 0xB1, 0xA3, 0x8A, 0x65, 0xBD, 0xA1, 0x5E, 0x8C, 0x78, 0xA0, 0x98,
    0x70, 0x33, 0xF5, 0x4C, 0x3B, 0xD0, 0x36, 0x3C, 0x82, 0x7B, 0x70, 0x1B, 0x6E, 0x41, 0xEE, 0xAD,
    0xC3, 0xDF, 0xE3, 0x08, 0x6F, 0x6A, 0x01, 0x21, 0xB2, 0x34, 0x21, 0x5F, 0xEE, 0x7E, 0x5B, 0x1A,
    0xA8, 0x3D, 0x94, 0x01, 0xDD, 0xF1, 0xED, 0x91, 0x0E, 0xD0, 0x6E, 0xF7, 0x5B, 0xD9, 0xAC, 0x77,
    0x59, 0xDE, 0x7D, 0x7D, 0xF5, 0x7B, 0x9F, 0x5F, 0x13, 0x5E, 0x33, 0x8E, 0x2A, 0x67, 0x32, 0xF3,
    0xFB, 0x9F, 0xBA, 0xAC, 0x96, 0xD4, 0xC4, 0x13, 0x10, 0xCF, 0x68, 0x2D, 0x28, 0x06, 0x28, 0x3F,
    0xE5, 0x5C, 0x3A, 0xD0, 0x4E, 0x9D, 0xC1, 0xBA, 0x6C, 0x8D, 0x7E, 0xFB, 0xCE, 0xB6, 0xE1, 0x0B,
    0xD7, 0x9F, 0xF0, 0x93, 0x26, 0xEF, 0x74, 0x96, 0xAB, 0x85, 0xB1, 0xA8, 0x74, 0x83, 0x0B, 0xBE,
    0x07, 0xF5, 0x5F, 0xBC, 0x39, 0xB3, 0x6E, 0xB1, 0xED, 0x31, 0xAD, 0x58, 0xE5, 0xA4, 0xED, 0xC1,
    0xF9, 0xBF, 0x59, 0xE0, 0x37, 0x18, 0xEA, 0x1E, 0xA2, 0x41, 0x5D, 0xC7, 0x43, 0xAA, 0xE6, 0x86,
    0xA8, 0x83, 0x34, 0x60, 0x9B, 0x7D, 0xE0, 0xB0, 0x79, 0xD6, 0x61, 0x71, 0xE2, 0xF0, 0xCF, 0x4F,
    0x1D, 0x56, 0x27, 0x0E, 0xDB, 0x6B, 0x87, 0xC9, 0xEA, 0x50, 0x7B, 0x8B, 0xEC, 0xA9, 0xC3, 0x78,
    0xE0, 0x83, 0x6C, 0x8A, 0x43, 0x3E, 0x27, 0x7D, 0x3E, 0xA5, 0x3E, 0x9B, 0xB2, 0x2E, 0x7A, 0xDF,
    0xD2, 0xAB, 0xA0, 0x04, 0x2E, 0x80, 0x1F, 0x00, 0x13, 0x30, 0x42, 0x14, 0x20, 0xD1, 0xD1, 0x43,
    0xA6, 0xA1, 0xE9, 0xD8, 0x54, 0xDD, 0xA6, 0xFA, 0x70, 0x53, 0xD5, 0x3C, 0x37, 0xD5, 0xD4, 0xAB,
    0xFA, 0x6B, 0xE4, 0x8D, 0x50, 0x7C, 0x53, 0x1A, 0x17, 0x49, 0x73, 0xB1, 0x1B, 0xF7, 0x68, 0x31,
    0xDC, 0x80, 0xA8, 0x8A, 0xC4, 0x93, 0xFA, 0x54, 0x26, 0xD2, 0x2E, 0xFF, 0x27, 0x21, 0xEB, 0x8A,
    0xC6, 0xF9, 0xBC, 0x2B, 0xC9, 0xC7, 0xB2, 0x72, 0xC4, 0x22, 0x38, 0x68, 0x27, 0xBE, 0x0E, 0xE7,
    0xB6, 0x2B, 0x5F, 0xBC, 0xFA, 0xCB, 0x6A, 0x6D, 0x5D, 0x91, 0xC5, 0x7A, 0x57, 0xD1, 0x43, 0x2E,
    0x3F, 0x22, 0x7A, 0x77, 0x86, 0xDA, 0xF4, 0xDA, 0x26, 0x1E, 0xB7, 0xBE, 0xD0, 0xB0, 0xD1, 0x4C,
    0xBE, 0xCC, 0x8A, 0x87, 0x5F, 0x63, 0xC5, 0x4E, 0xDE, 0x40, 0x51, 0x2B, 0x55, 0x8E, 0x8A, 0xD8,
    0xBB, 0xD8, 0x93, 0x85, 0x8B, 0x74, 0x20, 0x9D, 0x2E, 0x8A, 0x00, 0xCB, 0x5B, 0xAE, 0x81, 0xF2,
    0x8F, 0x67, 0x20, 0xFD, 0xB9, 0x9E, 0xF8, 0xB1, 0xFC, 0xEC, 0xC3, 0x4A, 0x14, 0x95, 0x2C, 0xCA,
    0xEF, 0xC4, 0xE2, 0xCF, 0x2A, 0xF2, 0x9F, 0x8F, 0x40, 0xFD, 0x56, 0xAD, 0x7D, 0x77, 0xA7, 0xF4,
    0xE4, 0xE3, 0x45, 0x3E, 0x90, 0x86, 0x8B, 0x24, 0x10, 0x75, 0x2E, 0xEA, 0x36, 0x5F, 0x7B, 0x86,
    0x5B, 0x95, 0xB2, 0x78, 0xE3, 0xFE, 0x59, 0xAE, 0x3B, 0xE5, 0x33, 0x0E, 0x11, 0xD9, 0x0A, 0x0D,
    0x0C, 0xDC, 0x78, 0xC2, 0xC3, 0x9A, 0x34, 0xCF, 0x45, 0xF9, 0x3C, 0x8F, 0xFE, 0xA9, 0xC7, 0x57,
    0xEC, 0x99, 0xAB, 0x3D, 0xDA, 0xDC, 0x9E, 0xBA, 0xBA, 0xB0, 0x3D, 0x77, 0x75, 0x7E, 0x7B, 0xF2,
    0x5A, 0x37, 0xDB, 0xB3, 0xD7, 0x76, 0xFF, 0xF4, 0x75, 0xD9, 0x3F, 0x7F, 0x9D, 0xB6, 0x27, 0xB0,
    0xD1, 0xB8, 0x3D, 0x83, 0x8D, 0xC3, 0xF6, 0x14, 0x36, 0xE9, 0xB7, 0xE7, 0xB0, 0x49, 0x77, 0x94,
    0xD3, 0x47, 0x26, 0x12, 0x31, 0x91, 0xAE, 0x22, 0x3B, 0x7A, 0x95, 0x2C, 0x18, 0xDE, 0x56, 0x3A,
    0x2D, 0xC8, 0xD9, 0x5A, 0x11, 0xD7, 0x59, 0x01, 0xDA, 0xDE, 0xAA, 0x21, 0x61, 0x2F, 0x82, 0x9D,
    0xB4, 0xB2, 0x94, 0x0D, 0xBF, 0x18, 0xD1, 0xF8, 0xC2, 0x20, 0xE2, 0x19, 0xC3, 0xAB, 0x40, 0x76,
    0x5F, 0xDB, 0xB0, 0x2A, 0x07, 0xA0, 0x5E, 0xFD, 0xB5, 0x7B, 0x7F, 0xDB, 0xAB, 0x35, 0x24, 0xBF,
    0x05, 0x78, 0x02, 0xB5, 0x02, 0xF1, 0xB2, 0x79, 0xD8, 0x44, 0x75, 0x20, 0x12, 0x39, 0x2C, 0xCF,
    0x29, 0xB0, 0x8C, 0x8A, 0xC6, 0xFD, 0xC2, 0x20, 0x86, 0xA3, 0x20, 0xD8, 0x82, 0x70, 0x5D, 0xDB,
    0x4B, 0x90, 0xD0, 0xF6, 0x65, 0xC3, 0x7F, 0x1B, 0x6F, 0x54, 0xF5, 0xBA, 0x2A, 0x38, 0x7F, 0x90,
    0x4A, 0x3C, 0x9F, 0x14, 0xEB, 0xA4, 0x66, 0x13, 0xBF, 0x02, 0xCE, 0xD7, 0x9A, 0x95, 0x01, 0xA8,
    0xD7, 0x4D, 0x95, 0xBE, 0x36, 0x11, 0xB6, 0x57, 0xEB, 0xA6, 0xFA, 0xCF, 0x37, 0x16, 0x1E, 0xBF,
    0x3C, 0xA2, 0xF1, 0x85, 0xC1, 0x27, 0x07, 0x1B, 0xFE, 0x39, 0xA2, 0xF7, 0xF9, 0x7F, 0xD4, 0x5D,
    0x1C, 0x90, 0xAA, 0xED, 0xE3, 0x10, 0x49, 0xB7, 0x89, 0xDA, 0xEB, 0xC9, 0xA6, 0x6C, 0x76, 0xA2,
    0x06, 0x76, 0x82, 0xCF, 0x14, 0xDF, 0xBD, 0xFA, 0xC9, 0x93, 0xAB, 0xAB, 0xA6, 0x15, 0x45, 0xB7,
    0x89, 0x17, 0xAF, 0xE3, 0xF3, 0x2A, 0xF6, 0x41, 0x34, 0xCF, 0x0F, 0xE2, 0x12, 0x28, 0x7D, 0x1D,
    0xDA, 0xDD, 0x5F, 0x1D, 0x8A, 0x8E, 0x23, 0x9C, 0x55, 0xAE, 0xAF, 0xED, 0x8A, 0x0B, 0x5A, 0xBF,
    0x43, 0x64, 0x8D, 0x0B, 0xDB, 0xB5, 0xFE, 0x0C, 0x28, 0x7A, 0x37, 0xD4, 0x83, 0x1B, 0x5C, 0x28,
    0x3C, 0x86, 0xC2, 0xEF, 0x34, 0xEC, 0x5C, 0xD1, 0xEF, 0xDB, 0xD0, 0x85, 0x55, 0xAB, 0xEC, 0xA3,
    0xCD, 0xCA, 0xF5, 0x99, 0x70, 0x56, 0xDD, 0x7C, 0xCE, 0x6F, 0xEA, 0x37, 0x1F, 0x3F, 0x78, 0xF9,
    0x3F, 0xF0, 0xBF, 0xF5, 0x1E, 0x5F, 0x3A, 0x3C, 0x2E, 0xAF, 0x1E, 0xBD, 0x54, 0xA7, 0x4E, 0xA6,
    0x42, 0x86, 0x4C, 0xFA, 0x44, 0xBA, 0x58, 0x1A, 0x04, 0x1E, 0xC3, 0xED, 0x97, 0x75, 0x6C, 0xF8,
    0x9A, 0xCD, 0x85, 0x48, 0xAA, 0x9D, 0xDF, 0x54, 0x7C, 0x2E, 0xA1, 0x90, 0xC1, 0xC9, 0xF4, 0x12,
    0x9D, 0xFE, 0x40, 0xDD, 0xA5, 0x7F, 0xEB, 0x4B, 0xC6, 0x3B, 0xDC, 0xCB, 0x7F, 0x18, 0x92, 0x4F,
    0x3A, 0xE4, 0x25, 0x66, 0x7A, 0xF3, 0x01, 0xF5, 0xC4, 0xFF, 0x72, 0x23, 0xFD, 0x17, 0xC5, 0x96,
    0x01, 0xA4, 0x26, 0xC7, 0x1D, 0xC0, 0x7F, 0xB3, 0x93, 0xF7, 0x36, 0xCD, 0x56, 0x27, 0xF0, 0x9A,
    0x28, 0x3A, 0x00, 0x5A, 0x92, 0x01, 0x08, 0x2E, 0x6F, 0xA6, 0x00, 0xC0, 0xE1, 0x3E, 0xA5, 0x45,
    0x01, 0x2A, 0x70, 0x10, 0x04, 0x79, 0xB7, 0x93, 0x22, 0x00, 0x7D, 0x50, 0xA5, 0xE0, 0x70, 0xE5,
    0xF2, 0x42, 0x03, 0x10, 0xF5, 0x5E, 0x76, 0x28, 0x05, 0xC8, 0x06, 0x04, 0x41, 0xF6, 0xF0, 0x8A,
    0x1C, 0x3A, 0xD8, 0xC8, 0x5E, 0x6E, 0xF6, 0x9B, 0x7E, 0xF3, 0xED, 0xBA, 0xFB, 0x9C, 0xA7, 0x29,
    0xD0, 0xEF, 0xFB, 0xFE, 0x3F, 0x6B, 0xBE, 0xDD, 0x9D, 0x9D, 0xF9, 0xEF, 0xFF, 0x37, 0x03, 0xEF,
    0x38, 0x68, 0xF2, 0x08, 0xF6, 0xCB, 0x2D, 0x6C, 0xC9, 0xC8, 0x44, 0xE7, 0x9B, 0x91, 0xD6, 0xAB,
    0x48, 0x1B, 0xF4, 0xB0, 0x83, 0xED, 0x0B, 0xC2, 0x0E, 0x6D, 0xA0, 0xF3, 0x3B, 0x64, 0xD7, 0x79,
    0x32, 0x9D, 0x17, 0x05, 0xD5, 0x4C, 0xEB, 0x65, 0xC2, 0x86, 0x26, 0x62, 0x7B, 0xDD, 0xA3, 0xBE,
    0xED, 0x1C, 0x32, 0x27, 0xE0, 0x1D, 0x0F, 0xC0, 0x54, 0x25, 0x31, 0xF1, 0x2A, 0x40, 0x37, 0xE8,
    0xA1, 0xE9, 0x9B, 0xA0, 0x82, 0xF2, 0xDA, 0x19, 0x2C, 0xA7, 0x9C, 0x72, 0xC6, 0x19, 0xF6, 0xD2,
    0xF4, 0x00, 0x3C, 0x04, 0x64, 0x02, 0x54, 0x81, 0x2D, 0x78, 0x3A, 0x41, 0xF5, 0x78, 0x84, 0xE6,
    0xF3, 0x08, 0x46, 0x45, 0x78, 0x5F, 0x47, 0x44, 0xD4, 0x03, 0x75, 0x30, 0x3D, 0xCA, 0xD9, 0x80,
    0xBD, 0xE8, 0xBE, 0xF1, 0x5D, 0xCE, 0x39, 0x6C, 0x36, 0xF9, 0x4F, 0x0E, 0xB2, 0x03, 0x32, 0x20,
    0x0A, 0x5E, 0xCB, 0xE7, 0x90, 0xF3, 0x08, 0x27, 0x9B, 0xDB, 0x05, 0x1B, 0xB0, 0x39, 0x3B, 0xDA,
    0x9C, 0xE1, 0xEF, 0x17, 0x9F, 0x40, 0x44, 0xC1, 0xC0, 0x11, 0x55, 0x0F, 0xC8, 0x50, 0xF0, 0xCF,
    0xBF, 0x42, 0x9D, 0x73, 0x4F, 0x73, 0x7D, 0x77, 0x04, 0x9A, 0x04, 0xC8, 0x3D, 0x66, 0x5E, 0x2E,
    0x38, 0xDB, 0x4F, 0x1C, 0xF5, 0x44, 0xE7, 0x54, 0xC4, 0x3E, 0xE9, 0x7A, 0x54, 0xDE, 0x02, 0xEF,
    0xDC, 0xA6, 0xD0, 0xD1, 0xE4, 0x48, 0xFB, 0x65, 0x12, 0x5B, 0x91, 0x64, 0x22, 0x35, 0x91, 0xFB,
    0x7A, 0x00, 0xD3, 0x83, 0xFD, 0x6A, 0x2E, 0x4F, 0xE0, 0xBB, 0xC1, 0xF6, 0x9D, 0xD3, 0x31, 0xA3,
    0x0E, 0x42, 0x0F, 0x1D, 0xA6, 0xB7, 0xDE, 0x06, 0x73, 0x9D, 0xA9, 0xF3, 0xB4, 0xBF, 0xDD, 0xD1,
    0x66, 0x73, 0x47, 0xE7, 0x3C, 0x9B, 0x9C, 0x93, 0xBD, 0xB8, 0x98, 0x6E, 0x21, 0xE2, 0xBB, 0xC8,
    0xFE, 0x55, 0x9A, 0x00, 0x1A, 0x38, 0x05, 0x2E, 0x41, 0x8C, 0x20, 0x07, 0x96, 0x66, 0x07, 0x76,
    0x6D, 0x9E, 0x40, 0x46, 0x68, 0x7A, 0xD0, 0x1E, 0x8E, 0x00, 0xC4, 0xDF, 0xCE, 0xC1, 0xE4, 0x19,
    0x3A, 0x9F, 0x9D, 0xC8, 0xD8, 0x92, 0x5C, 0xEB, 0x65, 0x41, 0xB5, 0xA5, 0x45, 0xE4, 0x5F, 0xCD,
    0x90, 0x1F, 0x0F, 0x60, 0x33, 0x60, 0x72, 0x4F, 0x35, 0x77, 0x23, 0x3A, 0xEA, 0x84, 0x0D, 0x72,
    0xA6, 0x2D, 0xD7, 0x74, 0x6E, 0x41, 0x69, 0xAB, 0x27, 0xCC, 0x78, 0x77, 0xA0, 0xCE, 0xD9, 0xC1,
    0x6F, 0xCE, 0x01, 0xF1, 0x00, 0xDA, 0x1C, 0x44, 0xFE, 0x5D, 0xAC, 0x93, 0x9C, 0x54, 0xAC, 0xD2,
    0x2E, 0x66, 0x3D, 0x54, 0xB3, 0x59, 0x43, 0x47, 0x99, 0xD4, 0xA8, 0x53, 0x9D, 0x73, 0x12, 0xB9,
    0x64, 0x5E, 0x45, 0xD0, 0xC3, 0xCB, 0x98, 0xF0, 0x36, 0xAD, 0xFF, 0x8C, 0x4C, 0xFB, 0xE7, 0x84,
    0xC9, 0x03, 0xD5, 0x47, 0x00, 0x80, 0xEC, 0x6F, 0x8C, 0x5F, 0x7E, 0xFC, 0xFD, 0x85, 0xCD, 0x39,
    0x9F, 0xFC, 0xFA, 0x7A, 0x73, 0xE3, 0x39, 0xD5, 0xEE, 0x9C, 0x8B, 0x8B, 0xE5, 0x9C, 0xCD, 0x66,
    0x03, 0x50, 0x8E, 0x4B, 0x70, 0xC3, 0x67, 0xFD, 0x6F, 0x0B, 0x95, 0x83, 0xD6, 0x51, 0x6F, 0xC1,
    0x44, 0xE8, 0x02, 0x55, 0x86, 0x3A, 0x81, 0x1A, 0x41, 0x47, 0xB0, 0x3D, 0xD8, 0x00, 0xAD, 0x87,
    0xCE, 0x2D, 0x91, 0x79, 0x31, 0x96, 0xF6, 0xD6, 0x2F, 0xE7, 0x9A, 0x00, 0x6A, 0x80, 0x7A, 0x04,
    0x91, 0x80, 0x5B, 0x00, 0xC0, 0x4B, 0x80, 0xF2, 0xA0, 0x22, 0xC8, 0x09, 0xC4, 0x7C, 0xC3, 0xD5,
    0x37, 0xC6, 0xC1, 0x13, 0x64, 0x10, 0x19, 0xE4, 0xBC, 0x3E, 0xE8, 0xFA, 0x90, 0xD9, 0x51, 0xCF,
    0x60, 0x07, 0x38, 0xE5, 0xE0, 0x63, 0x26, 0x13, 0x79, 0x6D, 0x7A, 0x3A, 0x51, 0x7D, 0xE7, 0x13,
    0xD5, 0x96, 0x84, 0x9C, 0x0A, 0xA2, 0x98, 0xA8, 0x87, 0x6A, 0xA4, 0x09, 0x55, 0x44, 0x05, 0xB9,
    0x83, 0x97, 0x03, 0xDA, 0xD5, 0xFD, 0x0E, 0x4D, 0x8F, 0x61, 0x07, 0x4B, 0xFD, 0xD4, 0x9F, 0x52,
    0xCD, 0x00, 0x6B, 0x35, 0xA0, 0xF2, 0xC8, 0x2E, 0x7F, 0x33, 0x62, 0xAF, 0x9D, 0x52, 0x38, 0x4D,
    0xA4, 0xDB, 0x6B, 0xC7, 0x9B, 0xD5, 0x38, 0x9D, 0xB7, 0x07, 0xC6, 0x39, 0xD0, 0xCE, 0x76, 0x87,
    0x2A, 0xED, 0x20, 0x27, 0xDA, 0xBD, 0x76, 0x82, 0xEE, 0xD1, 0x45, 0x3B, 0x75, 0x9E, 0xD6, 0x2E,
    0xE0, 0xD8, 0x83, 0x29, 0x29, 0xF1, 0xDC, 0xCD, 0x4E, 0xCE, 0x99, 0x6A, 0x58, 0x47, 0x5F, 0x6D,
    0xA1, 0x9A, 0x41, 0xA6, 0x25, 0xEA, 0x04, 0xCD, 0x04, 0x6A, 0x7D, 0xD1, 0x4A, 0xEC, 0xEB, 0x73,
    0xE0, 0xA4, 0xFB, 0xD6, 0xD9, 0x9C, 0xC3, 0xEE, 0xCD, 0x70, 0x4B, 0x89, 0xE8, 0x7D, 0x89, 0x7C,
    0x91, 0x21, 0xD3, 0x7A, 0x66, 0xDA, 0xC0, 0x65, 0x39, 0x7A, 0x89, 0xD6, 0x01, 0x1D, 0xC0, 0x0C,
    0x54, 0x13, 0x50, 0x0F, 0x80, 0xF6, 0xC0, 0x67, 0x40, 0x35, 0x02, 0x2A, 0x00, 0xA7, 0xFC, 0x04,
    0x31, 0xF1, 0x06, 0xCD, 0xF5, 0xE6, 0x92, 0x52, 0xC8, 0xC5, 0x02, 0x53, 0xD1, 0xD2, 0xED, 0xC3,
    0x5A, 0xCC, 0x1F, 0x64, 0xF6, 0x23, 0x16, 0x69, 0x07, 0x3E, 0x2D, 0x80, 0xCC, 0x32, 0x08, 0xF4,
    0x08, 0x6A, 0xEB, 0x40, 0x67, 0x0F, 0x98, 0x11, 0xA8, 0x57, 0x39, 0xBD, 0x54, 0x70, 0xAB, 0xE0,
    0x5E, 0x69, 0x6B, 0x9D, 0x1A, 0xB1, 0xDF, 0xBC, 0x20, 0x27, 0xF1, 0x10, 0xA8, 0x9F, 0xEB, 0x76,
    0x02, 0x9E, 0x8E, 0x20, 0xF7, 0x45, 0xF7, 0xC7, 0x08, 0x6F, 0xAA, 0x08, 0x97, 0x7A, 0xA0, 0x8A,
    0xA6, 0xA7, 0x2E, 0xA9, 0xD1, 0xDC, 0xA8, 0x5B, 0xE0, 0x50, 0xB7, 0xB7, 0x21, 0xE7, 0x08, 0x9B,
    0x1B, 0x75, 0xDB, 0x41, 0x2C, 0x73, 0x30, 0xF0, 0xA3, 0x43, 0xDD, 0x7E, 0xF8, 0x00, 0x9A, 0xA2,
    0x5B, 0x75, 0xA8, 0xDB, 0x15, 0xAF, 0x17, 0x9C, 0x15, 0x6C, 0x9F, 0xE9, 0xB6, 0xBD, 0xEE, 0x7A,
    0xF4, 0x8B, 0xBA, 0x1D, 0xB1, 0xFF, 0x4A, 0x64, 0x66, 0x99, 0xB8, 0xAC, 0x27, 0xEE, 0x3F, 0x4B,
    0xE9, 0x57, 0x5B, 0x4A, 0x3E, 0xDB, 0xD1, 0xC4, 0x36, 0xA8, 0x58, 0x16, 0xBC, 0xCE, 0x95, 0x50,
    0x63, 0xEB, 0x54, 0x6C, 0xBD, 0x1E, 0x6C, 0xB0, 0x41, 0x5D, 0x67, 0x57, 0xE7, 0x74, 0xA3, 0x6E,
    0xDF, 0x7A, 0xA6, 0x5B, 0xE5, 0x41, 0x03, 0x6F, 0x03, 0x09, 0x44, 0x5C, 0x74, 0xAB, 0x56, 0xDD,
    0x9E, 0x02, 0x69, 0xB5, 0x70, 0x2C, 0xCD, 0x37, 0xE9, 0x76, 0x4D, 0xF1, 0xBA, 0x8C, 0xEE, 0xE1,
    0xE4, 0x4C, 0x47, 0x95, 0x45, 0x82, 0xFC, 0xEF, 0xE7, 0xBA, 0x0D, 0x45, 0xB7, 0x11, 0x3D, 0xE8,
    0xBD, 0x5A, 0x13, 0x9D, 0x93, 0x3B, 0x50, 0xAD, 0x47, 0x6D, 0xA8, 0xC7, 0x45, 0xB7, 0xCD, 0x73,
    0xDD, 0x1E, 0x3F, 0x80, 0x2E, 0x7B, 0xB9, 0xBD, 0x3B, 0x34, 0x63, 0x3D, 0xAA, 0x28, 0x93, 0x19,
    0x64, 0xB2, 0xFD, 0x2E, 0xC2, 0x12, 0xA6, 0xAF, 0x93, 0x8E, 0x66, 0x6A, 0x72, 0x1E, 0x45, 0xFE,
    0x7A, 0xAD, 0x00, 0xD3, 0xBF, 0x8E, 0x0D, 0x97, 0x74, 0x24, 0x31, 0x93, 0x7F, 0x3B, 0x62, 0x73,
    0xCF, 0xF1, 0xFF, 0x47, 0xB7, 0x19, 0x70, 0x60, 0x3C, 0x55, 0x06, 0x35, 0x41, 0xBB, 0x68, 0x4B,
    0xCE, 0x6B, 0xED, 0x46, 0x30, 0x03, 0xD8, 0xF0, 0xDF, 0x95, 0xDB, 0xB9, 0x1F, 0xD0, 0xED, 0xFB,
    0xAB, 0x6A, 0x01, 0x7E, 0x0E, 0xE8, 0x00, 0x4D, 0x04, 0x99, 0x40, 0xCC, 0x2F, 0xDE, 0xC9, 0x43,
    0x7B, 0x10, 0x9D, 0xE7, 0xB0, 0x47, 0x71, 0x20, 0x9A, 0x66, 0x5D, 0x13, 0xDA, 0x80, 0xC8, 0x8E,
    0x26, 0x81, 0x1D, 0x16, 0x2D, 0x2C, 0x95, 0xF8, 0x11, 0xA0, 0x1F, 0xCF, 0x70, 0x45, 0x42, 0x8C,
    0x24, 0xE4, 0x20, 0x26, 0x54, 0x10, 0xE3, 0x0E, 0x55, 0xC4, 0x38, 0x19, 0xB1, 0xC8, 0x01, 0xBB,
    0xA8, 0x55, 0x15, 0x98, 0x80, 0xE5, 0xE3, 0x80, 0xF9, 0xC3, 0xE7, 0x5F, 0x38, 0x95, 0x9B, 0x8C,
    0x78, 0x20, 0xEE, 0x2F, 0xF7, 0xD3, 0x39, 0x70, 0xD9, 0x0C, 0x55, 0xAC, 0x87, 0xF2, 0x55, 0x41,
    0x05, 0xED, 0xAD, 0x33, 0x1F, 0x26, 0x6C, 0x3E, 0xC7, 0xC2, 0xB3, 0x30, 0xBE, 0x42, 0x0D, 0x6F,
    0x22, 0xF7, 0x7B, 0x0C, 0xBF, 0x5C, 0x6F, 0x72, 0xCF, 0x5C, 0x8D, 0x32, 0x92, 0x9A, 0x9E, 0x2B,
    0x15, 0xB8, 0xD2, 0x9E, 0x2B, 0xEB, 0x98, 0x2D, 0x24, 0x8B, 0xD8, 0x45, 0x35, 0x5A, 0x64, 0x34,
    0xAE, 0xEC, 0xEA, 0x8C, 0x5B, 0xF7, 0x28, 0x70, 0x87, 0x23, 0x57, 0xE5, 0xBD, 0x29, 0xF8, 0x14,
    0xF4, 0x07, 0x03, 0xA8, 0x7F, 0x04, 0x68, 0xBE, 0x5E, 0x4B, 0x9A, 0x6A, 0x2C, 0x48, 0x40, 0x53,
    0xF0, 0xC6, 0x3D, 0xE0, 0x3D, 0x0B, 0x22, 0x6A, 0x47, 0x1D, 0x54, 0xA0, 0x73, 0xCD, 0xC4, 0x06,
    0x71, 0x07, 0x7E, 0x56, 0x52, 0x9F, 0x68, 0x7C, 0xC7, 0x8F, 0x31, 0x1E, 0x54, 0x78, 0x16, 0x26,
    0x07, 0xF9, 0xE4, 0xAE, 0xD7, 0xC1, 0x3A, 0x8B, 0xE5, 0x8A, 0x2B, 0x66, 0x26, 0xAE, 0xCA, 0x54,
    0x7D, 0xE2, 0xF6, 0x25, 0x50, 0x5D, 0x00, 0x55, 0x76, 0x80, 0x65, 0x05, 0xA7, 0x00, 0x67, 0x00,
    0x97, 0xC7, 0xE7, 0x90, 0xDA, 0x09, 0x9E, 0x3C, 0x4A, 0x88, 0xEF, 0xDC, 0x25, 0xD5, 0xFC, 0x7C,
    0xB1, 0xA3, 0x2C, 0x76, 0x62, 0xA4, 0xEE, 0xAB, 0x48, 0x13, 0xE4, 0x7E, 0xC5, 0x1B, 0x50, 0xBE,
    0x5E, 0x57, 0x3C, 0x43, 0xFD, 0xC8, 0x59, 0x64, 0x76, 0x27, 0xF0, 0xF0, 0x07, 0x7B, 0x13, 0x1B,
    0x47, 0x92, 0x39, 0x30, 0x31, 0x23, 0x46, 0x59, 0xEC, 0xAA, 0x1C, 0x32, 0xDE, 0x02, 0xF9, 0x28,
    0x42, 0xFD, 0x55, 0xC1, 0x76, 0x82, 0x66, 0x48, 0xA0, 0xC2, 0x3D, 0x50, 0xDE, 0x82, 0x76, 0xC6,
    0x63, 0x96, 0xD4, 0xD7, 0x13, 0x27, 0xF0, 0x7B, 0x5E, 0x79, 0xD8, 0xCC, 0x24, 0x12, 0x93, 0x18,
    0xAB, 0x28, 0xA3, 0x1C, 0xEA, 0x65, 0x8F, 0x1D, 0xF4, 0xC1, 0x2E, 0xDB, 0xBE, 0x6C, 0xA7, 0x57,
    0xDC, 0xD1, 0x9D, 0xE3, 0x73, 0x71, 0x1F, 0x93, 0xEC, 0xA4, 0x67, 0xAA, 0xE9, 0x51, 0x7A, 0xAF,
    0x45, 0x3C, 0x75, 0x57, 0xC1, 0x52, 0xCD, 0x64, 0x2C, 0x72, 0x62, 0xE6, 0x94, 0x92, 0x75, 0xCE,
    0x96, 0x71, 0x5F, 0xD1, 0x94, 0x91, 0xA7, 0x65, 0xEC, 0x09, 0x15, 0x96, 0x77, 0xD3, 0x97, 0x7F,
    0xF7, 0x33, 0x50, 0x8D, 0x18, 0x9A, 0x20, 0xA6, 0xDB, 0x16, 0x15, 0xC8, 0xFD, 0x09, 0x47, 0x8E,
    0x5F, 0x50, 0xFA, 0xDB, 0xF7, 0xB6, 0xEF, 0xAB, 0xF4, 0x74, 0xF3, 0xCC, 0x36, 0xFF, 0xE3, 0xCC,
    0x8A, 0x8D, 0xB8, 0x4F, 0xBD, 0xD5, 0xA5, 0x4E, 0xDE, 0x6D, 0xE1, 0x2C, 0x58, 0x47, 0x87, 0x71,
    0x6C, 0x31, 0x9E, 0x84, 0x71, 0x62, 0xDA, 0xA1, 0x1A, 0xB1, 0xC8, 0xC8, 0xBD, 0x82, 0xB5, 0x94,
    0xEA, 0x5E, 0x46, 0x9A, 0x5E, 0x05, 0xD4, 0xF7, 0x9F, 0x81, 0xFA, 0xCB, 0xF9, 0xE2, 0x69, 0x0C,
    0x87, 0x89, 0xA2, 0x75, 0x05, 0x11, 0xE0, 0xA7, 0xE7, 0xB0, 0xCD, 0xC8, 0x41, 0xFB, 0x26, 0xA8,
    0x5D, 0x1C, 0xD3, 0x0C, 0x20, 0x67, 0x10, 0xB9, 0x07, 0x33, 0x42, 0x95, 0x80, 0x2B, 0xDE, 0xE5,
    0x6D, 0x3E, 0xE5, 0x16, 0x67, 0x4C, 0x98, 0xC7, 0xEB, 0xC6, 0xF4, 0x75, 0x78, 0x0B, 0x46, 0x64,
    0xD9, 0x46, 0x0C, 0xAF, 0x5D, 0x97, 0x11, 0x35, 0x01, 0xB5, 0xFF, 0x69, 0x8F, 0x76, 0x18, 0xB0,
    0x70, 0xBA, 0xFF, 0xD9, 0x23, 0xCC, 0x96, 0xE3, 0x73, 0xFE, 0x03, 0xA5, 0x9A, 0x01, 0xA4, 0x26,
    0x57, 0x96, 0xC7, 0x6F, 0x55, 0x4D, 0xBF, 0xB2, 0x29, 0xBA, 0x82, 0xF4, 0xDA, 0x4D, 0x66, 0xBB,
    0x60, 0x10, 0xD9, 0x49, 0x17, 0x2C, 0x06, 0xEF, 0xBD, 0xBA, 0xB1, 0x6C, 0xB0, 0xD0, 0xE8, 0x2F,
    0x61, 0x1A, 0x19, 0x2C, 0xC8, 0xE0, 0xC1, 0xA0, 0xF1, 0x7A, 0xAA, 0x92, 0x01, 0x2C, 0x9B, 0xB7,
    0xCC, 0x80, 0xC5, 0x06, 0x59, 0xB2, 0x2F, 0xE8, 0x20, 0x78, 0xE8, 0x97, 0xAA, 0xA4, 0x31, 0x58,
    0xA4, 0xEC, 0x24, 0x00, 0x52, 0x2B, 0xC9, 0x0E, 0x09, 0xE6, 0xDA, 0x54, 0xCF, 0xD6, 0xEB, 0x54,
    0xD5, 0xD9, 0xF3, 0x3F, 0xE7, 0x56, 0xA9, 0xCE, 0x93, 0x58, 0xE6, 0x7A, 0xFD, 0xFD, 0xCE, 0xFD,
    0xBE, 0xAA, 0x7B, 0xCF, 0x3D, 0xF7, 0xDC, 0x73, 0xEE, 0xAD, 0x6A, 0xB3, 0x94, 0x9C, 0x5A, 0xFE,
    0x0C, 0x89, 0x06, 0x46, 0xD6, 0xC7, 0x13, 0xA3, 0xAC, 0xC2, 0xD9, 0x98, 0x80, 0x4C, 0xC0, 0xB5,
    0x68, 0x34, 0x41, 0x6F, 0x4C, 0xDA, 0x1B, 0x94, 0xCC, 0x09, 0xF2, 0x4E, 0x50, 0x34, 0x82, 0xB2,
    0xB9, 0xB2, 0xDB, 0xED, 0x6E, 0xD5, 0x55, 0x4A, 0x44, 0x03, 0xD9, 0x2B, 0xF4, 0xC9, 0x2B, 0x3D,
    0x59, 0x53, 0xDB, 0xC8, 0x31, 0xC8, 0x84, 0x0B, 0x6A, 0x41, 0x57, 0x56, 0xC1, 0x8C, 0xDB, 0xDB,
    0x70, 0x92, 0x5E, 0xA3, 0x91, 0x11, 0xD3, 0x57, 0xF3, 0xE9, 0x5B, 0xDC, 0x1A, 0x11, 0xA1, 0xB3,
    0x84, 0x35, 0x02, 0x7A, 0x41, 0xEA, 0xB6, 0xC8, 0x3A, 0xB3, 0x67, 0x19, 0xAD, 0x49, 0x19, 0x79,
    0x63, 0x52, 0xD5, 0x26, 0x67, 0xD4, 0x8D, 0x79, 0x9F, 0x7F, 0x22, 0x22, 0x6E, 0x3C, 0x67, 0xA0,
    0x71, 0x73, 0x35, 0xAA, 0x80, 0xEB, 0xB1, 0x05, 0x9E, 0x4F, 0x14, 0xA9, 0x41, 0x39, 0xA4, 0x13,
    0xB5, 0x01, 0xB4, 0xC9, 0xE7, 0x9A, 0xF8, 0x47, 0xEA, 0x0F, 0xA8, 0x31, 0xF1, 0xE4, 0xF6, 0xCB,
    0x86, 0x35, 0x74, 0xFB, 0x45, 0xC3, 0xFA, 0xBA, 0x3B, 0x85, 0x35, 0xF4, 0x5A, 0xF7, 0xDE, 0xB3,
    0x7C, 0x79, 0xD8, 0xB2, 0x32, 0xD1, 0x14, 0x35, 0x8C, 0x64, 0x8C, 0x3E, 0xE8, 0x58, 0xBD, 0x21,
    0x7E, 0x8D, 0x91, 0xB9, 0xE4, 0xF5, 0x96, 0x9B, 0x72, 0xC9, 0xDF, 0x36, 0xAC, 0x57, 0x97, 0x46,
    0x8A, 0xB8, 0x62, 0xB4, 0xD7, 0x13, 0x0B, 0x3C, 0x9F, 0x0A, 0xF6, 0x53, 0xB3, 0xC5, 0x75, 0xC1,
    0x9D, 0xE7, 0xC5, 0xC8, 0xEF, 0xED, 0x8B, 0xC9, 0xDD, 0x7E, 0x58, 0x71, 0x0F, 0x6E, 0x3F, 0xA9,
    0x4C, 0x44, 0xEE, 0x4E, 0x09, 0xFD, 0x1E, 0x11, 0xE1, 0x1A, 0x9D, 0xB8, 0x88, 0xA8, 0x02, 0x3E,
    0x10, 0xF3, 0xC4, 0xAF, 0x77, 0x00, 0xEB, 0x00, 0xA4, 0xD0, 0x81, 0x11, 0x09, 0x9E, 0x08, 0xAD,
    0xD9, 0x96, 0x3D, 0x9A, 0x2D, 0xA3, 0x26, 0xE2, 0x7B, 0x12, 0xDA, 0xD5, 0x23, 0xF7, 0xEF, 0x4C,
    0x36, 0x99, 0x80, 0xAC, 0x49, 0x66, 0x03, 0x8F, 0x88, 0x66, 0x99, 0xFF, 0x68, 0xE2, 0x41, 0x30,
    0x7A, 0xD8, 0xD8, 0x04, 0xD6, 0x90, 0xB4, 0x15, 0x42, 0x11, 0xFC, 0x2A, 0x48, 0xC6, 0x60, 0x67,
    0x5F, 0x65, 0x4B, 0xA4, 0xF4, 0x21, 0xB5, 0x59, 0x9F, 0xD0, 0x3F, 0x52, 0x97, 0x3B, 0x53, 0xFF,
    0x53, 0x06, 0x94, 0x77, 0x92, 0x96, 0x1B, 0x29, 0xDF, 0x4D, 0x2C, 0xA3, 0x6E, 0x31, 0x5A, 0x43,
    0x8D, 0xA2, 0x02, 0x02, 0x32, 0x1B, 0x84, 0x33, 0xD0, 0x89, 0x87, 0xE4, 0x4E, 0x90, 0xB9, 0x78,
    0x60, 0xA4, 0x03, 0x7B, 0xC8, 0xDF, 0x98, 0x78, 0x4E, 0x7A, 0x76, 0xD0, 0x88, 0xDE, 0x70, 0xCF,
    0xF0, 0xE8, 0x89, 0x0D, 0xD3, 0xEA, 0xBC, 0xDB, 0xD5, 0xAF, 0xCD, 0x95, 0x9D, 0x28, 0x7A, 0x8A,
    0x02, 0x1B, 0x72, 0x41, 0x9F, 0xAF, 0xCC, 0xA7, 0xEF, 0xA0, 0xD3, 0x98, 0x9B, 0x85, 0x51, 0x23,
    0x66, 0x61, 0xB5, 0x9E, 0xAB, 0x0B, 0x82, 0x32, 0xF8, 0x1B, 0xDE, 0xFB, 0x7E, 0xB0, 0xAC, 0x02,
    0xB0, 0x53, 0xE6, 0xAD, 0xB2, 0x58, 0xD8, 0x28, 0x4B, 0xCF, 0xBA, 0x52, 0xAA, 0x33, 0x6E, 0xA8,
    0x5F, 0x07, 0x9E, 0x18, 0xEB, 0xC6, 0x92, 0xE1, 0x3B, 0xF3, 0xE9, 0x89, 0x2C, 0x0C, 0xA2, 0x0E,
    0x53, 0x75, 0x4F, 0xEB, 0xBA, 0x24, 0x54, 0x2D, 0xE5, 0xA2, 0x8E, 0x67, 0xE1, 0x59, 0x0F, 0xAA,
    0x05, 0x51, 0x2F, 0x55, 0xE5, 0xA6, 0xC4, 0x34, 0xF9, 0x1F, 0x5A, 0x4C, 0xB2, 0xAD, 0x9D, 0x34,
    0x9A, 0x0D, 0x32, 0xA4, 0x74, 0x90, 0x91, 0xC4, 0xBD, 0x18, 0x27, 0x72, 0xA2, 0x6F, 0x54, 0x79,
    0xB5, 0xFF, 0x7F, 0xA8, 0xFC, 0x70, 0xC9, 0x2A, 0x36, 0xD6, 0xD9, 0x22, 0x52, 0x8B, 0x78, 0x04,
    0xBB, 0xF2, 0x37, 0x37, 0x45, 0x73, 0xAB, 0xE3, 0x50, 0x2B, 0x8D, 0x82, 0xC8, 0x07, 0x02, 0x7F,
    0x37, 0x7B, 0xD0, 0x55, 0x13, 0x10, 0xD1, 0x3F, 0xD7, 0x26, 0x21, 0xB9, 0xBF, 0xF8, 0xE2, 0x08,
    0x06, 0xFB, 0x0B, 0xBE, 0x71, 0xD6, 0x3B, 0xD1, 0x98, 0x96, 0x37, 0x17, 0x21, 0xEA, 0x56, 0x23,
    0x34, 0x8B, 0x94, 0x56, 0x4A, 0x9D, 0x74, 0x2D, 0x07, 0xFC, 0xEF, 0xB9, 0xD3, 0x2A, 0x99, 0xCC,
    0x79, 0x7D, 0x62, 0x4A, 0x6A, 0x4A, 0xAA, 0x60, 0xC7, 0x67, 0xE8, 0x03, 0xA2, 0xDF, 0x89, 0xBA,
    0xF4, 0xDB, 0xB6, 0xF8, 0xFD, 0x94, 0x4C, 0x2C, 0xBD, 0x61, 0x72, 0xEA, 0x22, 0x48, 0xC7, 0x26,
    0xA3, 0x2A, 0x9A, 0x59, 0x72, 0x26, 0x9F, 0x31, 0xA5, 0x01, 0xB5, 0x26, 0x1F, 0x21, 0x85, 0xD4,
    0x98, 0xA2, 0x87, 0xB7, 0x45, 0x84, 0xD9, 0x82, 0xBF, 0xE1, 0xD2, 0xB2, 0x85, 0xC7, 0xE1, 0xF6,
    0xBA, 0xC1, 0x3C, 0xC4, 0xA3, 0xB8, 0x4E, 0xEA, 0xC4, 0x11, 0xC9, 0x62, 0x82, 0xD3, 0x5E, 0x8C,
    0x9B, 0x8B, 0x14, 0xE0, 0xF6, 0x0E, 0x17, 0x84, 0x33, 0xBC, 0x0F, 0x17, 0xC4, 0x90, 0x1A, 0x44,
    0xE8, 0x74, 0x82, 0x07, 0xCA, 0xD7, 0xA3, 0x4A, 0xFC, 0x27, 0x12, 0xFE, 0xEA, 0x55, 0x22, 0x48,
    0x7F, 0x74, 0x75, 0x15, 0x7E, 0x83, 0x19, 0xA7, 0x96, 0x6C, 0xF4, 0x11, 0x4B, 0x29, 0x79, 0x9B,
    0xA8, 0x01, 0x33, 0xB3, 0x94, 0xC3, 0x55, 0xBA, 0xBF, 0x4A, 0xDF, 0xF2, 0x2C, 0x5D, 0x6E, 0x6F,
    0x61, 0xC9, 0xBD, 0x69, 0x62, 0xC2, 0x48, 0xC9, 0x71, 0x37, 0x23, 0x2F, 0xBA, 0xC9, 0x1A, 0xD1,
    0x2D, 0x76, 0x68, 0x7F, 0x66, 0xA1, 0x35, 0xDA, 0x5B, 0xD2, 0xA0, 0x1F, 0xB2, 0x2A, 0xE4, 0x18,
    0x7B, 0x85, 0xFE, 0x58, 0xC9, 0xD4, 0x62, 0x32, 0x8A, 0x56, 0xD5, 0x38, 0xE6, 0x51, 0xE7, 0xA2,
    0x40, 0xE6, 0xA0, 0x4E, 0x70, 0x3A, 0xDF, 0x7B, 0x74, 0x5A, 0x9F, 0x9A, 0x90, 0xB4, 0xF0, 0x37,
    0x8F, 0x78, 0xB9, 0xCC, 0xFF, 0xCE, 0xBF, 0x21, 0x6A, 0x40, 0xD1, 0xD0, 0xB1, 0x69, 0x07, 0x71,
    0xA1, 0x90, 0x02, 0x16, 0x12, 0x22, 0xF5, 0x98, 0x54, 0x85, 0x41, 0x9C, 0xA1, 0x7E, 0xDD, 0x19,
    0x51, 0xA5, 0x7C, 0xD0, 0xA9, 0x01, 0x8A, 0xDF, 0x89, 0x82, 0xD6, 0xE4, 0xBF, 0x17, 0x05, 0xF9,
    0xEF, 0x1B, 0x2F, 0xA4, 0x24, 0x9A, 0x42, 0x10, 0x4D, 0xB1, 0xA6, 0x44, 0x53, 0x38, 0x33, 0xD3,
    0x9C, 0x7B, 0x21, 0x24, 0xBF, 0xBE, 0x6B, 0xEE, 0x2F, 0x80, 0x20, 0xBE, 0x33, 0x2D, 0x71, 0xC9,
    0xAA, 0x2F, 0x6A, 0xD6, 0x42, 0x39, 0x9A, 0x7F, 0x4E, 0x8D, 0x48, 0xEC, 0x59, 0xB5, 0x53, 0x69,
    0x94, 0xB5, 0x09, 0x65, 0x46, 0xFC, 0x89, 0x34, 0x20, 0x44, 0x8B, 0xD4, 0x8B, 0x17, 0x69, 0x20,
    0xF0, 0x52, 0xBE, 0x4A, 0x85, 0x48, 0x3F, 0x83, 0xD4, 0xC1, 0x49, 0x9C, 0x51, 0x87, 0x9B, 0x02,
    0x91, 0x1A, 0x6E, 0x4F, 0xD6, 0x44, 0x8D, 0x74, 0x97, 0xB4, 0xBA, 0x78, 0x0B, 0x97, 0x37, 0x22,
    0x05, 0x70, 0x77, 0x87, 0x9C, 0x90, 0x51, 0x0E, 0x09, 0x86, 0xEE, 0xAF, 0xD5, 0xBC, 0x4E, 0x23,
    0xA2, 0x19, 0xB9, 0x1E, 0x11, 0xE4, 0x16, 0x2E, 0xF6, 0x11, 0x4C, 0xA5, 0x58, 0xB4, 0x9C, 0x55,
    0x79, 0x23, 0x3B, 0x0A, 0xD5, 0x3C, 0x1C, 0x21, 0xC9, 0x74, 0x88, 0xD4, 0xAB, 0x24, 0xCA, 0x7B,
    0x29, 0x17, 0x69, 0x50, 0xE5, 0xF5, 0xBB, 0x80, 0x7A, 0x69, 0x3E, 0xB4, 0x35, 0xE6, 0x0B, 0x6A,
    0x34, 0xD0, 0xC4, 0xE8, 0x62, 0xD7, 0x72, 0xE5, 0xA6, 0xDA, 0xF4, 0xD7, 0x5A, 0xD5, 0x78, 0x5F,
    0xF9, 0xCA, 0x2B, 0xF4, 0x53, 0xEA, 0x55, 0x84, 0xE1, 0xB2, 0x71, 0x95, 0xFD, 0x8C, 0xA9, 0xAA,
    0xA1, 0xCA, 0x50, 0x16, 0xA3, 0xF6, 0xF2, 0xC0, 0x72, 0xE5, 0xE5, 0x5E, 0xE4, 0x23, 0xA4, 0xCF,
    0x4C, 0x2C, 0x13, 0x8B, 0x8B, 0xE7, 0xB0, 0x8D, 0xCD, 0x3F, 0xCF, 0x46, 0xB5, 0x39, 0x99, 0xB2,
    0x8A, 0x26, 0x58, 0x1D, 0xF6, 0x27, 0x13, 0xE8, 0x42, 0x4F, 0x47, 0x08, 0xBA, 0x42, 0x73, 0x07,
    0x79, 0x80, 0xED, 0x03, 0x6A, 0x7C, 0x36, 0xA0, 0x2F, 0xEB, 0x69, 0xE9, 0x4D, 0xD5, 0x97, 0x24,
    0x10, 0xD0, 0x29, 0xB4, 0x29, 0x67, 0xF5, 0x29, 0x7C, 0x9F, 0x53, 0x07, 0x19, 0x33, 0x27, 0x4B,
    0x0D, 0xFD, 0x94, 0xAD, 0xB8, 0xDA, 0x9A, 0xB3, 0x4D, 0x22, 0xBB, 0x19, 0x35, 0x64, 0x40, 0x2D,
    0x86, 0x98, 0x8B, 0x19, 0x10, 0x3F, 0xC4, 0xAD, 0xFE, 0xCC, 0x48, 0xD0, 0x18, 0x50, 0x3D, 0x94,
    0xDC, 0x96, 0xF6, 0xF0, 0xBD, 0x12, 0xB2, 0x44, 0x16, 0x12, 0xB9, 0xD1, 0x61, 0xD9, 0x42, 0x02,
    0x0A, 0x0D, 0x68, 0x8E, 0x47, 0xC0, 0x3F, 0xC2, 0xA3, 0xEB, 0x29, 0x15, 0x10, 0x0D, 0xD8, 0x0A,
    0x20, 0xB3, 0xAC, 0xD3, 0xC2, 0xDE, 0xB1, 0x77, 0x7A, 0xFA, 0xB6, 0x31, 0xD7, 0x44, 0x38, 0x49,
    0x71, 0x11, 0x82, 0x3C, 0x0B, 0x6D, 0x50, 0xCF, 0x56, 0x13, 0x46, 0x79, 0x61, 0x10, 0x1E, 0x75,
    0xF0, 0x59, 0xAB, 0x7E, 0x10, 0x49, 0xA5, 0xD1, 0x4A, 0x4C, 0x10, 0x60, 0xF8, 0xDE, 0x2F, 0xC1,
    0xC2, 0x68, 0x25, 0x43, 0xE5, 0xDC, 0x57, 0x0A, 0x58, 0x64, 0x71, 0xB3, 0xBB, 0x5C, 0x09, 0x7B,
    0x5F, 0x19, 0xD9, 0xEA, 0x91, 0xD3, 0x4A, 0xD0, 0x73, 0x25, 0x69, 0x75, 0xAA, 0x23, 0x87, 0xB9,
    0x69, 0x7C, 0xA5, 0x2D, 0x5A, 0xE9, 0x06, 0xD6, 0x4A, 0x1A, 0xAE, 0xA0, 0x9B, 0x82, 0xD6, 0xD2,
    0x98, 0x72, 0x5B, 0xB9, 0x76, 0x7B, 0xDA, 0xFD, 0x72, 0x57, 0x3E, 0x7C, 0xF9, 0xE1, 0x4E, 0x3D,
    0xFF, 0x3E, 0x76, 0x2E, 0xCE, 0x7B, 0xD7, 0xC0, 0xAA, 0x4B, 0x37, 0x70, 0x5F, 0xC7, 0x95, 0xB4,
    0xD1, 0x4A, 0xD4, 0x71, 0x25, 0xB7, 0x52, 0x99, 0x93, 0x86, 0x4D, 0x5D, 0x18, 0xAD, 0xA4, 0x15,
    0x57, 0xCE, 0x7D, 0x25, 0x87, 0x9F, 0x8D, 0xBE, 0xC2, 0x13, 0x94, 0xFE, 0x4F, 0xEF, 0x77, 0x0D,
    0xC7, 0x5C, 0xF9, 0xDA, 0xF9, 0x0A, 0x02, 0xF7, 0x37, 0xAD, 0x56, 0xC8, 0x79, 0xF3, 0xC8, 0xA4,
    0x77, 0xA8, 0x58, 0x5F, 0x69, 0x50, 0x81, 0xA8, 0x76, 0xC6, 0x44, 0x6B, 0x21, 0x1D, 0x2E, 0xCA,
    0x35, 0xDE, 0xD5, 0x33, 0x76, 0x18, 0x31, 0xA6, 0x19, 0x24, 0xCB, 0x6C, 0xD1, 0x00, 0x08, 0x17,
    0x57, 0xA6, 0x0B, 0x07, 0x65, 0x32, 0x2A, 0xE3, 0xC7, 0x98, 0xBA, 0x3F, 0x95, 0xC1, 0x2D, 0xA5,
    0x31, 0x4A, 0x0C, 0x59, 0x19, 0x2D, 0x9C, 0x94, 0xC9, 0xA8, 0xCC, 0x7A, 0xE6, 0xC3, 0xDD, 0x4B,
    0xD4, 0x31, 0x65, 0x04, 0xCA, 0xCF, 0x75, 0xA9, 0x53, 0x2F, 0x4C, 0x3D, 0x4D, 0xED, 0x94, 0xF9,
    0xC2, 0x4E, 0x37, 0x90, 0xE5, 0x17, 0xD6, 0x4F, 0x7E, 0xEB, 0xD9, 0x5C, 0xDE, 0xE3, 0x81, 0xB8,
    0x2C, 0xA8, 0x07, 0x42, 0x25, 0x23, 0x12, 0xD6, 0x6D, 0x06, 0x46, 0xB3, 0x46, 0xE3, 0x54, 0xB3,
    0xBC, 0x44, 0xE7, 0x51, 0xF7, 0x8D, 0x31, 0x48, 0x15, 0x32, 0xBD, 0xC4, 0x9B, 0x54, 0x82, 0x9B,
    0xC6, 0x45, 0xDC, 0x93, 0x39, 0x38, 0x91, 0xAA, 0x85, 0xE9, 0x29, 0x30, 0x9B, 0x60, 0xCB, 0x94,
    0xD0, 0xA1, 0x24, 0x65, 0xE8, 0x19, 0xD7, 0xE0, 0x68, 0xAE, 0xD6, 0x95, 0xDC, 0xB7, 0x0F, 0xC6,
    0xB3, 0xE9, 0xA9, 0x79, 0xD2, 0x44, 0xF4, 0x2F, 0x5D, 0xFD, 0xDF, 0x88, 0x5D, 0x54, 0x95, 0x18,
    0x56, 0x39, 0x99, 0x7C, 0xD2, 0x00, 0x1A, 0x58, 0xF3, 0x9D, 0xA5, 0x20, 0x0D, 0xB9, 0x25, 0xE8,
    0xB0, 0x3F, 0xE2, 0x72, 0x62, 0x36, 0x25, 0xA4, 0x0B, 0x20, 0x97, 0xB8, 0x15, 0xD0, 0x0B, 0x72,
    0xB8, 0x18, 0x24, 0xFA, 0xE4, 0x88, 0x25, 0x9A, 0x70, 0x18, 0x18, 0x61, 0x2B, 0x89, 0xF1, 0x8A,
    0x0F, 0xFA, 0xB8, 0x70, 0xBB, 0xAB, 0xCD, 0x05, 0x1A, 0xC4, 0x24, 0x51, 0x0F, 0xEB, 0xA9, 0xEE,
    0x1A, 0x7D, 0xB2, 0xBB, 0xA9, 0x66, 0x43, 0x51, 0xDF, 0xFE, 0x73, 0xFA, 0xCD, 0x4E, 0xF7, 0xB4,
    0xA4, 0xF0, 0x91, 0xD2, 0x5C, 0x42, 0xB0, 0x85, 0xBF, 0x7D, 0x6D, 0x0C, 0xD1, 0xC2, 0x4A, 0x04,
    0x4F, 0x19, 0xD9, 0xBC, 0xAB, 0x35, 0x3D, 0x8B, 0x8A, 0xB5, 0x46, 0xB5, 0xE0, 0xD6, 0x92, 0xBD,
    0x8D, 0x6E, 0x73, 0x88, 0x02, 0xC2, 0x50, 0x8F, 0xE8, 0x63, 0x53, 0x20, 0x9C, 0x25, 0xB3, 0x0E,
    0x40, 0xA7, 0xAC, 0xF2, 0xB9, 0x6F, 0x36, 0xDE, 0x07, 0x06, 0x11, 0x7A, 0x09, 0x72, 0x32, 0xC5,
    0xA5, 0xD5, 0x21, 0x07, 0x93, 0xCF, 0xD9, 0xF1, 0x32, 0xFA, 0xDC, 0x7B, 0x5B, 0x5B, 0x7B, 0x37,
    0xFB, 0x70, 0x00, 0x82, 0x1D, 0x7D, 0x7A, 0x81, 0x55, 0x1A, 0x93, 0x14, 0xBB, 0x08, 0x32, 0xB0,
    0x17, 0x67, 0x3F, 0xDE, 0x88, 0x7C, 0x22, 0x0C, 0xC9, 0xC7, 0x99, 0x80, 0x7C, 0xF4, 0x31, 0x32,
    0x16, 0xF8, 0x5F, 0xD9, 0x69, 0xEE, 0xC3, 0xA0, 0x55, 0xD3, 0x7C, 0xF0, 0x9A, 0x66, 0xA3, 0xD7,
    0x34, 0x9D, 0xBC, 0xA6, 0x09, 0x2D, 0xDB, 0x0B, 0x52, 0x4D, 0xD5, 0xE5, 0x02, 0x4C, 0x0F, 0x39,
    0x7F, 0xA0, 0x2C, 0xC9, 0x18, 0x59, 0x30, 0x7B, 0xB4, 0x9C, 0xBE, 0xDE, 0x8E, 0x74, 0xAB, 0x15,
    0xD1, 0x29, 0x67, 0xB8, 0x3E, 0xEE, 0x0D, 0x55, 0x31, 0xE2, 0x22, 0xD9, 0xC8, 0xA5, 0x48, 0x7E,
    0x0C, 0x1B, 0x32, 0xBA, 0xCC, 0x44, 0xC0, 0x0F, 0xE0, 0xFF, 0x81, 0x15, 0x5D, 0x55, 0xD3, 0xA4,
    0x91, 0x5D, 0x11, 0x01, 0xA9, 0x7A, 0x9A, 0x06, 0xB6, 0x50, 0x17, 0x71, 0x49, 0x4E, 0x06, 0x5B,
    0x02, 0x61, 0x57, 0x74, 0x77, 0x45, 0xC5, 0xAF, 0x66, 0xFD, 0xB1, 0x03, 0x6A, 0xB9, 0xED, 0x19,
    0x69, 0x23, 0xD4, 0xDD, 0x41, 0x76, 0x21, 0x8D, 0x5C, 0x7D, 0xE1, 0x31, 0x2F, 0x89, 0x3C, 0x66,
    0x41, 0xAC, 0x3A, 0x24, 0x8A, 0x9C, 0xF4, 0x93, 0x66, 0x5D, 0x15, 0x93, 0xF1, 0xE5, 0x59, 0xC5,
    0xB7, 0x77, 0xC6, 0x51, 0xAB, 0xDC, 0x1E, 0x36, 0x44, 0xB5, 0x55, 0x7A, 0x9A, 0x74, 0x3C, 0xE2,
    0x6C, 0xEF, 0x4C, 0xB5, 0xBF, 0xE1, 0xBA, 0x4D, 0x5C, 0xBC, 0x36, 0x94, 0x76, 0xEA, 0x1F, 0xFE,
    0xE8, 0x59, 0x2E, 0xB2, 0x66, 0xE4, 0x35, 0x1C, 0x65, 0x4B, 0x6F, 0xB4, 0x2C, 0x26, 0x95, 0x13,
    0x95, 0x65, 0x27, 0xB2, 0x34, 0x1A, 0x4E, 0xC6, 0xBB, 0x23, 0x73, 0xC4, 0xBF, 0xCB, 0x72, 0x3C,
    0xA8, 0xEC, 0x8F, 0xA0, 0xAB, 0x9C, 0x6E, 0x65, 0xB7, 0xCA, 0x1A, 0xB2, 0x16, 0xB9, 0xD3, 0xFB,
    0x55, 0x65, 0xDC, 0x1F, 0x6A, 0x1C, 0x6D, 0x70, 0x4F, 0x4A, 0xA3, 0xCA, 0xC8, 0x7D, 0x96, 0xE4,
    0x11, 0x14, 0x22, 0xC5, 0xB9, 0xAC, 0x99, 0xD2, 0xE2, 0x37, 0xF6, 0xC6, 0x46, 0x8F, 0x82, 0xF5,
    0x6B, 0xEC, 0x90, 0x4D, 0x32, 0xE3, 0x3A, 0x0A, 0x07, 0x93, 0x36, 0x87, 0xB7, 0x27, 0x0C, 0x21,
    0xC2, 0xF7, 0x77, 0x60, 0x9B, 0x64, 0x88, 0x70, 0xFD, 0x2F, 0x42, 0xAA, 0xB8, 0x19, 0x56, 0xA2,
    0xB0, 0x3F, 0x89, 0x3E, 0xEB, 0x03, 0xAA, 0x12, 0x32, 0xEF, 0x9B, 0xC3, 0x7B, 0x55, 0x4D, 0x93,
    0x49, 0xE9, 0xAB, 0xC1, 0x24, 0x17, 0x26, 0xA1, 0x13, 0x93, 0xFE, 0x27, 0x7F, 0xF8, 0x92, 0x35,
    0x02, 0x55, 0x76, 0x23, 0x17, 0x5B, 0xB9, 0x5A, 0x24, 0x55, 0x70, 0x29, 0xA4, 0xD8, 0xCA, 0x6A,
    0x6B, 0xA5, 0xB7, 0xE9, 0x77, 0x95, 0x44, 0x1C, 0xB1, 0x10, 0xFF, 0xA5, 0x17, 0x07, 0x39, 0xF4,
    0x8E, 0xB2, 0x57, 0xBE, 0x2B, 0xF3, 0x73, 0x78, 0xE9, 0xF3, 0x40, 0xDA, 0x3B, 0x96, 0xCF, 0xFB,
    0xB2, 0x46, 0x06, 0x39, 0x68, 0xF4, 0x70, 0xE0, 0x50, 0xD2, 0xA4, 0x6C, 0xEB, 0xE9, 0xEF, 0xA1,
    0x7C, 0xFD, 0x51, 0x05, 0x7D, 0x75, 0xC9, 0x8A, 0x4A, 0xB9, 0x28, 0x93, 0x0D, 0x08, 0xC0, 0x29,
    0xCB, 0xA9, 0x9C, 0xC8, 0x32, 0x9B, 0x11, 0xC6, 0x5B, 0x90, 0x35, 0x75, 0x77, 0x97, 0x1A, 0xF3,
    0x8D, 0x1B, 0xEA, 0x26, 0xFC, 0xEC, 0x91, 0x2B, 0xBB, 0xE8, 0x03, 0x6A, 0x0B, 0x97, 0x54, 0x54,
    0xE5, 0x2E, 0x33, 0xA5, 0x49, 0x87, 0x03, 0x56, 0x23, 0x1D, 0x8F, 0xCD, 0x0F, 0x75, 0xBE, 0xA1,
    0x85, 0x7E, 0x7A, 0xCF, 0x7A, 0xC2, 0x04, 0x93, 0x78, 0xB9, 0x7C, 0x06, 0xF2, 0x94, 0x25, 0xC4,
    0x67, 0x13, 0xB1, 0x9E, 0xF9, 0xC5, 0x11, 0xD2, 0x83, 0x2E, 0xC2, 0x1A, 0x83, 0xE6, 0x38, 0xF1,
    0xD6, 0xBA, 0x71, 0xD7, 0xD8, 0x48, 0x3F, 0xAD, 0x07, 0xFD, 0x4A, 0x43, 0x8F, 0x04, 0x05, 0xAA,
    0xB4, 0x1B, 0xC9, 0x7A, 0x4F, 0xF3, 0x79, 0x8F, 0x63, 0x8A, 0x35, 0xC5, 0x12, 0x0A, 0x9F, 0xC3,
    0x37, 0xF5, 0x23, 0x0D, 0x61, 0x9A, 0x41, 0x32, 0xA4, 0x2D, 0x08, 0x39, 0x0B, 0x35, 0x0B, 0x24,
    0x65, 0x5C, 0x05, 0xCD, 0xC6, 0x1A, 0x26, 0xCB, 0xD6, 0xC4, 0xE4, 0x93, 0x81, 0x46, 0x40, 0xEC,
    0x7A, 0x1C, 0x04, 0xED, 0x40, 0x85, 0xCF, 0xC1, 0x80, 0x76, 0x76, 0x1B, 0x36, 0x34, 0x70, 0x6C,
    0x43, 0x87, 0x06, 0x0F, 0x15, 0x46, 0x2F, 0x24, 0x2A, 0xA8, 0x82, 0x1B, 0x41, 0x15, 0xD4, 0x52,
    0x4F, 0x6B, 0xD6, 0xD5, 0xAB, 0x4B, 0x15, 0xB4, 0x44, 0x8D, 0x32, 0x56, 0xEE, 0x91, 0xBA, 0xB1,
    0xCF, 0x7B, 0x09, 0xFD, 0xEB, 0x3D, 0xD8, 0xA6, 0xEC, 0xD3, 0x88, 0x30, 0xAC, 0x2A, 0x33, 0xD4,
    0x21, 0x2D, 0xDD, 0xC0, 0xE8, 0x73, 0x78, 0x11, 0x8F, 0xB2, 0x74, 0x3C, 0x81, 0x85, 0x85, 0x19,
    0xF7, 0xCD, 0x93, 0xB8, 0xCC, 0x1C, 0xFB, 0x11, 0x9C, 0x19, 0xCD, 0x62, 0xBD, 0x66, 0x04, 0x10,
    0xB6, 0x08, 0x9C, 0xAA, 0x08, 0x4A, 0xF0, 0xEF, 0x94, 0x12, 0xE1, 0xCA, 0x85, 0x9D, 0x64, 0x23,
    0x57, 0xB7, 0x26, 0x61, 0x76, 0xCC, 0xB4, 0x2A, 0x47, 0x03, 0xDA, 0xC2, 0x09, 0x31, 0x2D, 0xAC,
    0x41, 0xC6, 0x56, 0xC7, 0xF5, 0x37, 0xE4, 0x39, 0x05, 0xD4, 0xA9, 0x1B, 0x6E, 0x9F, 0x49, 0x62,
    0xFB, 0x63, 0xD9, 0x1B, 0xCD, 0xA0, 0xC5, 0x59, 0xE0, 0x4C, 0xB2, 0x36, 0x5D, 0x0C, 0xB7, 0xC1,
    0x9C, 0x34, 0xF6, 0x86, 0xCB, 0xAC, 0x84, 0x0F, 0x05, 0xAA, 0xD6, 0x26, 0xF0, 0x86, 0x95, 0x00,
    0xE5, 0x89, 0x13, 0x25, 0x1C, 0x43, 0x29, 0x8A, 0xFB, 0x42, 0x8B, 0x14, 0xAE, 0x52, 0xF4, 0x87,
    0xDE, 0x4B, 0xE9, 0x47, 0x8B, 0x94, 0xBD, 0x31, 0x2C, 0x8D, 0x24, 0x8B, 0x74, 0xBE, 0x4E, 0xEA,
    0x18, 0x7B, 0x29, 0xEC, 0x17, 0x29, 0x76, 0xEA, 0x04, 0x39, 0x69, 0x91, 0x69, 0xF5, 0x12, 0xCB,
    0xAB, 0xD3, 0x9C, 0xAF, 0x7E, 0xC4, 0xB6, 0x56, 0x29, 0x72, 0xCB, 0x41, 0x34, 0xEE, 0x54, 0x0A,
    0x48, 0xCB, 0xB0, 0x4A, 0xBD, 0x34, 0xA2, 0xEB, 0x41, 0xCF, 0x41, 0x35, 0xA4, 0x60, 0x58, 0x36,
    0xAA, 0x91, 0x1E, 0xFB, 0xA5, 0x11, 0x75, 0x75, 0x7D, 0x94, 0xA6, 0x46, 0xC8, 0x2B, 0x48, 0x72,
    0xC9, 0x22, 0x05, 0x6B, 0x56, 0x2F, 0x89, 0xE4, 0xA3, 0x51, 0xA9, 0x86, 0x64, 0xD6, 0x72, 0x44,
    0xD2, 0xA8, 0xCE, 0x43, 0x36, 0xC5, 0x64, 0x31, 0xFF, 0xD2, 0x3D, 0x35, 0xD2, 0x3A, 0x59, 0xD9,
    0x0A, 0x91, 0x26, 0x86, 0x5F, 0x2A, 0x36, 0x1B, 0x3C, 0x05, 0xB5, 0x01, 0x9F, 0x3A, 0x5E, 0xA6,
    0x8F, 0x75, 0x1F, 0x33, 0x29, 0x46, 0xCD, 0xEA, 0xDA, 0x43, 0x85, 0xCA, 0xE6, 0xB1, 0xF7, 0xB5,
    0x23, 0x9A, 0x76, 0xBB, 0x9B, 0x6A, 0x48, 0xF7, 0xD7, 0xF4, 0x08, 0xBB, 0xD1, 0x48, 0xB5, 0x8B,
    0x69, 0x9B, 0xAF, 0xFD, 0xCC, 0xA4, 0x8A, 0x64, 0x83, 0x77, 0x4D, 0x3C, 0x8B, 0x75, 0x22, 0x9C,
    0xE9, 0x1D, 0x5C, 0xEB, 0x36, 0x35, 0x32, 0x3B, 0xB3, 0xF6, 0x2A, 0x4E, 0x72, 0xED, 0xD6, 0xB2,
    0x70, 0x2B, 0x41, 0x2A, 0x48, 0x68, 0xD6, 0xD9, 0xD0, 0xF3, 0xD6, 0x3D, 0x79, 0xB4, 0xE6, 0x6E,
    0xA4, 0x13, 0x56, 0xD2, 0x41, 0x32, 0xA3, 0xFB, 0xFD, 0x68, 0xC6, 0x72, 0x3B, 0x8E, 0x26, 0x78,
    0xD9, 0x59, 0x34, 0xC0, 0x2C, 0x43, 0x60, 0xB1, 0xD6, 0x7A, 0x5D, 0x6A, 0x4E, 0x56, 0x5A, 0xE0,
    0x44, 0x41, 0x78, 0x6E, 0x36, 0x8A, 0xE3, 0xE6, 0x3D, 0x20, 0xCF, 0x09, 0x9B, 0x15, 0xA5, 0x13,
    0x1D, 0xCA, 0x4E, 0xF6, 0xA7, 0x35, 0xC3, 0x30, 0xB0, 0x90, 0x04, 0xB9, 0xE2, 0x50, 0x67, 0xFB,
    0x40, 0x17, 0xE3, 0xBE, 0x9A, 0xF9, 0x58, 0x97, 0xEE, 0x99, 0xAE, 0xE4, 0xDE, 0xFC, 0x04, 0xDD,
    0xF6, 0xEC, 0x23, 0x11, 0xB5, 0x2E, 0xF9, 0xCE, 0x67, 0xE8, 0xF1, 0x17, 0xDB, 0x40, 0x93, 0x28,
    0xF6, 0x74, 0xB9, 0xBD, 0x6D, 0x9E, 0xAB, 0x74, 0x0F, 0xD9, 0x48, 0x9E, 0x97, 0xD3, 0xC6, 0x60,
    0xC8, 0xCA, 0xEE, 0x80, 0x74, 0x63, 0x00, 0x64, 0x2E, 0x00, 0xF2, 0x0E, 0x5B, 0xFE, 0xE7, 0xEA,
    0x47, 0xFC, 0x88, 0xBB, 0xD2, 0x89, 0x6B, 0x5E, 0xA5, 0x2F, 0xEF, 0x71, 0x8D, 0x9B, 0x90, 0xA5,
    0x54, 0x57, 0x49, 0xCF, 0x20, 0x9B, 0x0A, 0x8C, 0x1E, 0xF9, 0x4C, 0x06, 0xCC, 0xDC, 0x80, 0x64,
    0xB9, 0xA2, 0xD5, 0x27, 0x1C, 0x0D, 0x63, 0x14, 0x78, 0x1D, 0x12, 0xD5, 0x01, 0x9D, 0x6F, 0x75,
    0x08, 0xBC, 0x0E, 0xF3, 0xAA, 0x03, 0x37, 0x11, 0x4D, 0x40, 0xB3, 0x60, 0x96, 0xB5, 0x12, 0x91,
    0x85, 0x0E, 0x21, 0xBC, 0x9C, 0xC5, 0x9A, 0xAA, 0xE5, 0x11, 0xC6, 0x5A, 0x82, 0x9A, 0x24, 0xA5,
    0xA8, 0x8B, 0xD4, 0x7D, 0x4C, 0x8D, 0xAC, 0x4B, 0x6A, 0x8D, 0x7F, 0xE0, 0x93, 0x8C, 0x02, 0x8C,
    0x20, 0x6F, 0x04, 0xD7, 0x0D, 0x80, 0xB2, 0x60, 0x54, 0x78, 0x07, 0xF5, 0xDB, 0x73, 0xF5, 0xB6,
    0x80, 0xF4, 0xDB, 0x92, 0x9A, 0xCD, 0x11, 0x35, 0x24, 0xFF, 0x40, 0x4F, 0x55, 0x8A, 0xA9, 0xDD,
    0x46, 0xAC, 0xA2, 0x17, 0xE4, 0xC3, 0xD2, 0x7A, 0x70, 0xF2, 0x0F, 0xCF, 0x32, 0xB2, 0xFF, 0x9D,
    0x28, 0xE5, 0xED, 0xC2, 0xFB, 0xC5, 0x2B, 0xDC, 0xF3, 0x9D, 0xE3, 0xC3, 0x94, 0x0D, 0x7A, 0xE7,
    0xEC, 0x20, 0x63, 0x4B, 0x1E, 0xF7, 0xFB, 0x39, 0xDB, 0xEE, 0xB0, 0x3F, 0x2E, 0x88, 0xEF, 0xB9,
    0x38, 0xAF, 0x87, 0x35, 0x96, 0x86, 0x5F, 0x5C, 0xDC, 0x97, 0x00, 0xEA, 0xCE, 0xF4, 0x05, 0x53,
    0x8F, 0x3E, 0x3F, 0xEC, 0xB4, 0x37, 0x2D, 0xA7, 0x28, 0x6F, 0x6A, 0x0C, 0x72, 0x81, 0xD4, 0x10,
    0x5C, 0x2F, 0x97, 0x58, 0x67, 0x3A, 0x11, 0x54, 0xE9, 0xC3, 0x97, 0xE7, 0x5D, 0x6D, 0xD3, 0x0A,
    0x7B, 0x35, 0x9B, 0x99, 0x98, 0xC1, 0x09, 0x20, 0x01, 0x0E, 0x78, 0x06, 0x19, 0xFB, 0x30, 0xD3,
    0x0D, 0xF3, 0x14, 0x66, 0xFF, 0xA9, 0xCB, 0xAF, 0x1F, 0x3D, 0x5A, 0xC5, 0x63, 0xE7, 0xF1, 0x7A,
    0x3D, 0x13, 0x2A, 0x2E, 0x1F, 0xF8, 0x64, 0xF6, 0xE1, 0x3E, 0x8A, 0xC7, 0x62, 0x42, 0xAE, 0x47,
    0x34, 0x1F, 0xCD, 0x7C, 0xBE, 0x7D, 0x15, 0x03, 0x83, 0x2B, 0x88, 0x65, 0x76, 0x47, 0x7A, 0xD0,
    0x0C, 0x68, 0x39, 0x99, 0x6D, 0x75, 0xCA, 0xDD, 0x8A, 0x48, 0x03, 0x58, 0x0C, 0x0C, 0x3E, 0xD2,
    0x09, 0xBA, 0xAD, 0xBE, 0x3A, 0x99, 0x11, 0xAD, 0xB3, 0xC7, 0xBB, 0x17, 0xDD, 0x21, 0xB3, 0x0E,
    0xC0, 0x85, 0xDD, 0xDC, 0xBB, 0x3E, 0x05, 0x16, 0xC4, 0x7E, 0x24, 0xCB, 0xF0, 0x2A, 0xE1, 0xA2,
    0xD7, 0x63, 0x7E, 0x91, 0x79, 0x77, 0x5B, 0xEE, 0x50, 0xA5, 0xBD, 0x9F, 0x3D, 0x23, 0x3F, 0x06,
    0x32, 0x4A, 0x9D, 0x7F, 0x7C, 0x49, 0x1F, 0xFB, 0xC6, 0x2F, 0x5B, 0x2B, 0xF6, 0x18, 0x82, 0x4E,
    0xCE, 0x04, 0xB9, 0xA4, 0x93, 0x3F, 0x92, 0x05, 0xD4, 0x87, 0x73, 0xB9, 0x61, 0x4F, 0x2B, 0x05,
    0xB5, 0x38, 0x54, 0xDF, 0x2D, 0x9A, 0x92, 0x6B, 0x37, 0x8B, 0xFF, 0xD0, 0x13, 0x99, 0x6A, 0xC1,
    0x4E, 0xF7, 0x94, 0xEE, 0x80, 0x6B, 0xFE, 0x23, 0x0C, 0x20, 0xBC, 0x20, 0x3C, 0xB7, 0x0A, 0x5F,
    0x98, 0x65, 0xCE, 0xB1, 0x95, 0x4C, 0x3A, 0x74, 0xBE, 0x41, 0x0C, 0xB4, 0x70, 0x17, 0x24, 0xB2,
    0xA4, 0x97, 0x07, 0x83, 0xE9, 0x9A, 0x61, 0xC2, 0x51, 0x5A, 0x3E, 0xEA, 0x34, 0xD1, 0x5A, 0xC1,
    0xC9, 0x66, 0x0D, 0x77, 0xEA, 0x98, 0xBA, 0x0D, 0x3E, 0x39, 0xD7, 0x34, 0x7C, 0x08, 0x1C, 0x98,
    0x1B, 0xC0, 0x5D, 0x00, 0xCD, 0xE5, 0x3F, 0x27, 0x6E, 0xE5, 0x4B, 0xC2, 0x7A, 0xCF, 0xD5, 0x85,
    0x13, 0xA2, 0x5F, 0x07, 0x75, 0x6B, 0x76, 0x78, 0x04, 0xC7, 0x2D, 0xDD, 0xD7, 0xB7, 0x1A, 0x67,
    0x9A, 0x68, 0x7B, 0x85, 0x63, 0x74, 0x26, 0x70, 0xD5, 0x93, 0x51, 0x6B, 0xC2, 0xCF, 0x38, 0xC6,
    0x36, 0x26, 0xA2, 0xAF, 0xFB, 0xCC, 0x32, 0x68, 0x60, 0x3D, 0xA3, 0x7E, 0xAE, 0xA1, 0x7F, 0x7B,
    0x06, 0x5F, 0x2E, 0xAB, 0x9F, 0x1D, 0xAC, 0xD3, 0x98, 0x7C, 0x6A, 0x81, 0x3C, 0x15, 0xFC, 0x50,
    0x21, 0x79, 0xA7, 0x92, 0x01, 0x87, 0x9D, 0xF4, 0x9C, 0xE8, 0xF9, 0x0A, 0x4E, 0x18, 0xD1, 0x1F,
    0x64, 0xEA, 0x49, 0xE3, 0x44, 0xEE, 0xF7, 0xA7, 0x3B, 0xE3, 0x8B, 0x53, 0x04, 0x9E, 0xA1, 0x67,
    0xF4, 0xAD, 0xAD, 0xD2, 0xED, 0xCF, 0x7D, 0x5E, 0x27, 0x08, 0x11, 0x69, 0x73, 0xF9, 0x45, 0xFA,
    0x77, 0x68, 0xBD, 0x6E, 0x52, 0x5B, 0x76, 0xD8, 0xA4, 0x64, 0x70, 0x72, 0x59, 0xBA, 0x69, 0xAF,
    0xAB, 0x15, 0xCF, 0x0B, 0x1C, 0x56, 0xF0, 0x88, 0xA5, 0xB9, 0xEF, 0x43, 0xF2, 0x31, 0x13, 0x33,
    0x7B, 0x1F, 0x24, 0x63, 0x06, 0x66, 0xC0, 0xEC, 0x79, 0xEA, 0xB0, 0x14, 0x1D, 0x33, 0x9A, 0xA0,
    0x56, 0xDA, 0x47, 0x92, 0xFF, 0xF0, 0xD0, 0x0F, 0x6A, 0x65, 0x2E, 0x19, 0x58, 0x2D, 0x66, 0x3A,
    0x20, 0xFD, 0xE4, 0x5D, 0xDA, 0x83, 0x45, 0x9B, 0x4A, 0x12, 0x2C, 0x9A, 0x4C, 0x9E, 0xD2, 0x94,
    0x4D, 0xDE, 0x81, 0x75, 0xA3, 0xAF, 0x89, 0xEA, 0x4A, 0xFF, 0x47, 0x00, 0x59, 0x79, 0xF6, 0xF0,
    0x6F, 0xDB, 0x03, 0xC5, 0xD1, 0xFC, 0x52, 0x3D, 0xAA, 0x07, 0xC7, 0xB3, 0x32, 0x20, 0xCB, 0x1C,
    0x74, 0x29, 0x26, 0xBD, 0x7F, 0xA4, 0xB6, 0xD0, 0x29, 0x33, 0xA7, 0xBF, 0xE7, 0xB2, 0xA1, 0x61,
    0xE2, 0x51, 0xA8, 0x06, 0x1F, 0x9F, 0x3F, 0x34, 0x84, 0xE8, 0x2E, 0x16, 0x3A, 0xEC, 0xE1, 0x72,
    0xD2, 0x0D, 0x6A, 0x40, 0xDE, 0xF9, 0x76, 0xA4, 0xD3, 0x11, 0xCC, 0xDF, 0xFB, 0xE6, 0x37, 0xF1,
    0xDA, 0xEE, 0x49, 0x62, 0xDC, 0xBE, 0xF9, 0x75, 0xDF, 0xFB, 0xE6, 0x37, 0xA0, 0xFE, 0xDB, 0x6F,
    0x7E, 0xD7, 0x78, 0xFD, 0xA3, 0x1F, 0x09, 0x7E, 0x71, 0x47, 0xF0, 0xEE, 0x7B, 0x02, 0xF7, 0xAE,
    0xDE, 0x36, 0x5B, 0xDD, 0x9B, 0x76, 0xA8, 0xFC, 0x17, 0x0D, 0x50, 0xE1, 0xC3, 0x4F, 0x79, 0x40,
    0xF9, 0xD7, 0x0F, 0x7E, 0xCB, 0x28, 0x1F, 0x3C, 0x78, 0xC0, 0xA0, 0x17, 0x7F, 0xF5, 0xAB, 0xDE,
    0x84, 0x14, 0xBF, 0xF8, 0x82, 0x65, 0x9D, 0x93, 0xC4, 0x22, 0x72, 0xA6, 0xA9, 0xA4, 0xB5, 0xAB,
    0x40, 0xE6, 0xAE, 0x5F, 0x95, 0xF8, 0xF7, 0xFC, 0x5F, 0x49, 0xA8, 0xFB, 0xF1, 0x8F, 0x37, 0x81,
    0x5A, 0x51, 0x36, 0x5B, 0x14, 0x1E, 0xED, 0x16, 0x79, 0xB7, 0x1D, 0x5D, 0x3A, 0x6C, 0x83, 0x4E,
    0xB4, 0x7D, 0xC5, 0xBC, 0x8C, 0x5C, 0x27, 0xF3, 0x69, 0x3E, 0x07, 0x52, 0xA5, 0x6B, 0xB4, 0xD1,
    0x75, 0x5F, 0x29, 0xAC, 0x3E, 0x9D, 0xF9, 0x4B, 0xC1, 0xF1, 0x81, 0xE0, 0x6C, 0x5F, 0xD0, 0x1F,
    0x4B, 0xE8, 0x9B, 0xEF, 0x6B, 0xE8, 0x9B, 0x25, 0xF0, 0xCB, 0xE1, 0x29, 0x9E, 0x0C, 0x39, 0xE9,
    0xB7, 0xE8, 0xF5, 0x1D, 0xDC, 0xA8, 0x2F, 0xE0, 0x80, 0x41, 0x90, 0xF5, 0x0A, 0x27, 0x4A, 0xE6,
    0x4E, 0x5F, 0x3F, 0x74, 0xA2, 0x95, 0x1E, 0x70, 0xF8, 0x9F, 0x38, 0x58, 0xFD, 0xC9, 0xD1, 0x64,
    0x18, 0x3A, 0xB1, 0xA4, 0x13, 0x43, 0x36, 0x17, 0xEF, 0xB0, 0x11, 0xA1, 0x77, 0x59, 0xFB, 0x10,
    0x89, 0xBD, 0x6A, 0x56, 0x4C, 0x00, 0x74, 0x00, 0x12, 0x45, 0x3A, 0xE2, 0x4A, 0x7D, 0xDC, 0x6B,
    0xD1, 0x65, 0x44, 0xD2, 0x79, 0x32, 0x89, 0x3D, 0x90, 0x45, 0xEA, 0x87, 0x2F, 0xD1, 0xE5, 0xD0,
    0xB7, 0x9F, 0xAB, 0x01, 0x6E, 0x08, 0xEE, 0x6F, 0xEC, 0xF0, 0x7F, 0xD5, 0xBD, 0x0F, 0xA8, 0x27,
    0xD7, 0x75, 0x1F, 0xFE, 0x99, 0xB9, 0xDA, 0x1D, 0x6B, 0xC7, 0xD2, 0x35, 0x60, 0xC5, 0xFA, 0x49,
    0xB2, 0x26, 0x80, 0x7E, 0xE0, 0x9F, 0xB0, 0x35, 0xCB, 0x0F, 0x01, 0x22, 0xD9, 0x7D, 0x77, 0x24,
    0x51, 0x4C, 0x31, 0xE0, 0x05, 0xBC, 0x36, 0x54, 0x34, 0x12, 0xD0, 0x42, 0x23, 0xA7, 0x59, 0x01,
    0x06, 0xD4, 0xF6, 0xED, 0xCE, 0xD8, 0x86, 0x1A, 0x1A, 0x4A, 0x5F, 0xA8, 0x95, 0x00, 0x06, 0x2C,
    0x8A, 0x03, 0xD6, 0x53, 0xC9, 0x0A, 0x30, 0x54, 0xA4, 0x6F, 0xDF, 0x5C, 0xCB, 0x40, 0x00, 0x03,
    0x9E, 0x86, 0x3A, 0xE6, 0xBF, 0x27, 0xC9, 0xAE, 0x1D, 0xCB, 0x6D, 0x75, 0x13, 0x46, 0xF6, 0xEC,
    0x6A, 0x66, 0x4E, 0xBF, 0xE7, 0x9C, 0xB9, 0x6F, 0xBF, 0x5F, 0xAF, 0x37, 0xC1, 0x6D, 0x4A, 0x9D,
    0xD1, 0x7B, 0xF7, 0xF3, 0xF9, 0xBE, 0xEF, 0xDC, 0x7B, 0xCF, 0x3D, 0xF7, 0xDC, 0x73, 0xEE, 0x9F,
    0x99, 0x15, 0xE2, 0x95, 0x2F, 0xBF, 0x05, 0x9C, 0x3E, 0x40, 0xFD, 0x95, 0x09, 0xB0, 0x3E, 0x9D,
    0xCC, 0x08, 0x38, 0x64, 0xC1, 0x0C, 0xC0, 0x35, 0xD8, 0x2E, 0x0B, 0xC0, 0x84, 0xD2, 0xE7, 0x01,
    0x26, 0xC0, 0x35, 0xB6, 0x47, 0xDE, 0xA1, 0xAE, 0x6C, 0x87, 0xA2, 0x41, 0x8B, 0xA2, 0x83, 0xC3,
    0x06, 0x4B, 0x8F, 0x89, 0xD1, 0xF9, 0x74, 0x60, 0x6C, 0x1B, 0x13, 0x80, 0xFA, 0x19, 0x6A, 0xAC,
    0x07, 0xDC, 0x3B, 0x57, 0xFF, 0x7B, 0x59, 0x01, 0xC5, 0x6C, 0xC7, 0x2B, 0x00, 0x92, 0x0B, 0x49,
    0x35, 0x41, 0x2E, 0x13, 0x14, 0xB3, 0x5E, 0xD1, 0xFA, 0x4B, 0x33, 0xA3, 0x4B, 0x89, 0x3C, 0x80,
    0x6B, 0xB6, 0x77, 0x3D, 0x90, 0x8C, 0xAE, 0x29, 0x7B, 0xBE, 0x5D, 0xEA, 0x82, 0xED, 0x16, 0x3C,
    0x00, 0xA0, 0xF8, 0xFC, 0x0C, 0xBD, 0x5D, 0x71, 0x32, 0x13, 0x43, 0x3A, 0x28, 0x66, 0xBD, 0x99,
    0xB5, 0xD4, 0x74, 0xC1, 0x29, 0xA0, 0xAC, 0x40, 0xD5, 0x13, 0xC0, 0x15, 0xA0, 0xA6, 0x09, 0x2C,
    0x73, 0x41, 0x03, 0xE4, 0xBA, 0x08, 0xFC, 0x72, 0xEB, 0x85, 0x2A, 0x00, 0xCE, 0x10, 0xF5, 0xAA,
    0x97, 0x22, 0xB0, 0x5E, 0x0A, 0x6F, 0x45, 0x2F, 0x65, 0x77, 0xA6, 0x62, 0xBD, 0x14, 0x37, 0x01,
    0xA0, 0x68, 0x2C, 0x75, 0x60, 0x99, 0x0D, 0xCD, 0x90, 0x86, 0xD6, 0x54, 0x81, 0x85, 0x38, 0x4D,
    0x0D, 0x97, 0xFA, 0x26, 0x5C, 0x03, 0xEB, 0xCD, 0xC8, 0x58, 0x56, 0x66, 0x82, 0x63, 0xBD, 0x24,
    0xF4, 0x7B, 0xF3, 0x7A, 0xBB, 0xD6, 0x9C, 0x7C, 0x0A, 0xF1, 0xE2, 0xBC, 0xF4, 0x97, 0x00, 0x5A,
    0x22, 0xAA, 0x90, 0xD1, 0x97, 0x7F, 0x85, 0x80, 0xB2, 0x07, 0xAB, 0xB6, 0xF5, 0xA2, 0x78, 0x12,
    0x30, 0x3F, 0x15, 0xC8, 0xFF, 0x58, 0xC0, 0x7E, 0x49, 0xA0, 0xCC, 0x04, 0x9C, 0xC2, 0x79, 0x85,
    0xCB, 0x0A, 0x47, 0xBF, 0x28, 0xEC, 0xEF, 0x64, 0xDF, 0xDB, 0x29, 0xBA, 0xF8, 0xB8, 0x80, 0xD5,
    0xDA, 0xF3, 0xEF, 0x09, 0x98, 0xF7, 0x04, 0x12, 0x12, 0x40, 0xDD, 0x09, 0x14, 0x4B, 0x85, 0xDF,
    0x66, 0xB1, 0x37, 0x17, 0x8B, 0x48, 0xB4, 0x00, 0xC0, 0x03, 0x6C, 0x0C, 0x09, 0x4E, 0xAE, 0x76,
    0x94, 0x94, 0xAE, 0x23, 0x93, 0xFB, 0x0A, 0xBE, 0xBD, 0xB8, 0xC9, 0x6D, 0x6E, 0x6F, 0x3E, 0x47,
    0x5E, 0x0C, 0x20, 0xA3, 0x0A, 0xD4, 0xD7, 0x30, 0x01, 0xE5, 0x08, 0xD4, 0xE1, 0x98, 0x69, 0xDB,
    0x03, 0x2E, 0x5C, 0x43, 0x3A, 0x24, 0xD4, 0x00, 0xAE, 0xBB, 0x06, 0x13, 0x8C, 0x54, 0xD6, 0x5C,
    0xD9, 0x50, 0x3B, 0x01, 0xF8, 0x20, 0x5C, 0x95, 0x87, 0x42, 0x6A, 0x41, 0xD9, 0x95, 0x9D, 0x0B,
    0x42, 0x2D, 0x51, 0x53, 0xF7, 0x50, 0xCD, 0xCE, 0x20, 0x15, 0x1A, 0x0F, 0x1D, 0x40, 0x9B, 0xA1,
    0x5F, 0x34, 0x91, 0x1A, 0xAA, 0x6E, 0x53, 0xFC, 0x1C, 0x9A, 0x6D, 0xD1, 0xE5, 0x17, 0xA6, 0x77,
    0x2F, 0x37, 0x95, 0x8A, 0xA5, 0x72, 0x91, 0xCC, 0xA8, 0x48, 0x6D, 0x00, 0xAC, 0x52, 0x37, 0x03,
    0x6D, 0xB5, 0x36, 0xEA, 0xED, 0xAB, 0x5A, 0xA0, 0xE8, 0x7D, 0x54, 0x8A, 0x92, 0x6E, 0x37, 0xE4,
    0xE2, 0x05, 0x81, 0xC7, 0x0F, 0x0F, 0x5F, 0xE5, 0xBC, 0x44, 0x41, 0x8C, 0x4F, 0x4C, 0x1B, 0x75,
    0xAF, 0xE0, 0x15, 0x24, 0xD3, 0xC3, 0xF2, 0x5D, 0x4A, 0x32, 0x38, 0xCA, 0x9B, 0x54, 0x8F, 0x40,
    0xFB, 0x4D, 0xB2, 0x13, 0x52, 0x4A, 0x97, 0x7C, 0x42, 0x36, 0xA5, 0xF3, 0x06, 0xEC, 0x60, 0xA6,
    0x3C, 0xA0, 0x0C, 0x66, 0x3A, 0x05, 0xB8, 0x3E, 0x9B, 0xC0, 0x7D, 0x92, 0x8F, 0x52, 0xA0, 0x1D,
    0x14, 0xC2, 0x36, 0x14, 0x3D, 0x43, 0x57, 0x32, 0xB8, 0xDE, 0x75, 0x2C, 0xEA, 0xE0, 0xFC, 0x29,
    0xC0, 0xCE, 0xB5, 0x3F, 0x66, 0xA5, 0x12, 0xCD, 0x49, 0x00, 0x57, 0x6E, 0xC2, 0x46, 0x94, 0xEB,
    0x30, 0x3D, 0x40, 0x40, 0xD6, 0x21, 0x21, 0x1E, 0xBB, 0x30, 0x0B, 0xD8, 0x17, 0xE4, 0xCB, 0xC5,
    0x8B, 0xD4, 0x64, 0xC4, 0x57, 0x95, 0x0B, 0xB0, 0xD4, 0x1D, 0xF0, 0x38, 0x2B, 0x60, 0x04, 0x66,
    0x80, 0xCC, 0x84, 0x64, 0x84, 0x99, 0xD2, 0x89, 0x0D, 0x28, 0x1F, 0x92, 0x1E, 0xB6, 0x83, 0x88,
    0x53, 0x36, 0x28, 0x45, 0x1E, 0x96, 0x1A, 0x72, 0xBB, 0xF3, 0x40, 0x3A, 0x2A, 0x66, 0x41, 0xD1,
    0x7A, 0x45, 0x57, 0x01, 0x65, 0xC8, 0xAA, 0x16, 0x80, 0x5D, 0x5A, 0x4C, 0xA2, 0xA4, 0xC9, 0x0C,
    0x62, 0x45, 0x17, 0x72, 0xD5, 0x24, 0x0A, 0xAF, 0xE8, 0x2A, 0xC5, 0x63, 0x14, 0x0B, 0x80, 0x64,
    0x4A, 0x88, 0x65, 0x33, 0x21, 0x1F, 0x6C, 0x10, 0xE7, 0x22, 0x9A, 0x2A, 0xBD, 0xF3, 0xAC, 0xB8,
    0x1A, 0x6D, 0xC5, 0x38, 0x83, 0xB0, 0xC1, 0x74, 0x4C, 0x16, 0xB0, 0xAA, 0x43, 0xBA, 0xC0, 0x8E,
    0xB0, 0x5D, 0x3A, 0xB3, 0xD4, 0x65, 0xB3, 0xC1, 0xB2, 0x47, 0x8D, 0x64, 0x81, 0x13, 0x87, 0x48,
    0xA0, 0xCA, 0xF0, 0x18, 0xF9, 0xF1, 0x8C, 0x3C, 0x00, 0x39, 0xAD, 0x92, 0x7C, 0x4A, 0x13, 0xBD,
    0xCA, 0x55, 0x31, 0xC9, 0x72, 0x69, 0x10, 0x9F, 0x9D, 0x0D, 0x5C, 0x3D, 0xBB, 0xE4, 0x7E, 0x43,
    0x4C, 0x60, 0x51, 0x72, 0xF1, 0xBC, 0xD2, 0x5A, 0x14, 0xCD, 0x6A, 0x0F, 0x0E, 0xAB, 0xB5, 0x5D,
    0x5B, 0x49, 0x32, 0x2A, 0x91, 0x4C, 0x42, 0xAC, 0x97, 0xDE, 0x4D, 0x9B, 0xB2, 0x92, 0x8E, 0x2D,
    0x9A, 0x2B, 0xEB, 0x88, 0x83, 0x86, 0x10, 0xBA, 0x9E, 0x0E, 0xD8, 0x75, 0xC2, 0x92, 0x49, 0x35,
    0xA5, 0xC0, 0x7E, 0x78, 0x91, 0x6A, 0x93, 0x71, 0x43, 0xCA, 0x86, 0x2B, 0x48, 0x66, 0x56, 0x24,
    0x4B, 0x35, 0xC1, 0x89, 0x54, 0xC9, 0x84, 0x5A, 0x32, 0xA5, 0x23, 0x5A, 0xF1, 0xC6, 0x66, 0xC0,
    0xC2, 0x61, 0x8A, 0xC9, 0x2C, 0x15, 0x64, 0x21, 0x99, 0xA4, 0x82, 0x3C, 0x98, 0x49, 0x22, 0x55,
    0xDE, 0xDB, 0x49, 0x9A, 0x6D, 0xFB, 0x72, 0x6D, 0xF6, 0xAD, 0x9F, 0x68, 0xB3, 0x2D, 0xFD, 0x39,
    0xF5, 0xDC, 0xEC, 0x8C, 0x9E, 0x5E, 0x47, 0xCD, 0x05, 0x6C, 0x39, 0xEA, 0x84, 0x5D, 0x95, 0xBA,
    0xA9, 0x0A, 0xA0, 0xEB, 0x19, 0x75, 0xE2, 0x1C, 0xDA, 0x00, 0x2E, 0xD3, 0x0D, 0x28, 0x46, 0xF0,
    0x6F, 0xC9, 0x85, 0x0D, 0x70, 0x0C, 0x01, 0xAE, 0xDF, 0x40, 0x23, 0xC0, 0xE2, 0x06, 0x81, 0x52,
    0xC1, 0x8E, 0x02, 0xD9, 0x2C, 0x10, 0x5D, 0x51, 0x4E, 0xB3, 0x56, 0x37, 0xF1, 0x9D, 0x0B, 0x8B,
    0x90, 0xE8, 0x57, 0xEA, 0x6A, 0xA4, 0x3A, 0x19, 0x31, 0xDB, 0x45, 0xD6, 0x77, 0x07, 0xBD, 0xE5,
    0x25, 0xB8, 0x09, 0x48, 0x03, 0x0A, 0x0D, 0x30, 0x39, 0xDD, 0x7A, 0x9D, 0x3C, 0x12, 0xA2, 0xE8,
    0x7E, 0xAF, 0x8B, 0x9B, 0x8E, 0x4D, 0x8E, 0xCE, 0xA4, 0x51, 0x6F, 0x31, 0xB1, 0x14, 0xD7, 0x1F,
    0xA6, 0x4A, 0x7D, 0xB2, 0x87, 0x9D, 0xA5, 0x60, 0x3B, 0x8A, 0x24, 0x36, 0x88, 0x5C, 0x59, 0x2F,
    0x90, 0x1C, 0x00, 0xB9, 0xB6, 0x2A, 0xC2, 0x72, 0x27, 0x48, 0x11, 0x2B, 0x3C, 0x74, 0x78, 0x78,
    0x75, 0x92, 0x8A, 0x68, 0x12, 0x27, 0xD5, 0xAE, 0x8D, 0x1C, 0x05, 0xDC, 0x6E, 0x5B, 0xFB, 0x6D,
    0x7D, 0x91, 0x3F, 0xAD, 0xEE, 0xB2, 0x54, 0x07, 0x5A, 0x37, 0x22, 0x03, 0xFB, 0xB2, 0x62, 0xE0,
    0x7B, 0xF9, 0xD7, 0x0D, 0xE2, 0xD4, 0x8B, 0xA5, 0x2A, 0x67, 0x75, 0x2F, 0xBD, 0x44, 0x1F, 0x11,
    0x24, 0xB9, 0x58, 0x09, 0x6C, 0xC7, 0xA6, 0x43, 0xBE, 0xBE, 0xCE, 0xA1, 0x89, 0xF8, 0x9A, 0x38,
    0x32, 0x7D, 0x88, 0xDE, 0xDE, 0x48, 0xC9, 0x81, 0x89, 0xE3, 0x8E, 0x99, 0x6A, 0xB6, 0x4C, 0xAA,
    0x90, 0x8C, 0xC7, 0xC2, 0x80, 0x64, 0xE0, 0xA8, 0x94, 0x32, 0x0B, 0x12, 0x94, 0x16, 0x66, 0x57,
    0x56, 0x86, 0x0B, 0x1C, 0x92, 0xB2, 0x39, 0x46, 0xA4, 0x7C, 0x8A, 0x01, 0xC9, 0x4E, 0x31, 0x1E,
    0xD9, 0x31, 0x86, 0x23, 0xF1, 0x9C, 0x72, 0x15, 0x21, 0xB2, 0x32, 0x32, 0xD1, 0x94, 0x3F, 0x61,
    0x8D, 0xB2, 0x4E, 0x40, 0x06, 0x61, 0x64, 0xED, 0x09, 0xA3, 0xDB, 0xAC, 0x59, 0x09, 0x0B, 0x1F,
    0x3B, 0x1A, 0x77, 0x30, 0x11, 0x59, 0xD9, 0x1C, 0x99, 0x0A, 0x1F, 0x7B, 0x2D, 0x8A, 0xA2, 0x28,
    0x63, 0x43, 0x99, 0x06, 0xFD, 0xDD, 0xAB, 0x1D, 0x8B, 0x51, 0x02, 0xDF, 0xBD, 0x6E, 0x10, 0xF3,
    0x3D, 0x4D, 0xE2, 0x38, 0xFA, 0x8C, 0x3A, 0x99, 0xE5, 0xE4, 0x2C, 0x57, 0x4E, 0xB0, 0x62, 0x8F,
    0xB3, 0x3A, 0xCC, 0x7A, 0x42, 0x39, 0x01, 0xA0, 0x41, 0x8C, 0xC0, 0xB4, 0x41, 0x42, 0xE0, 0x7D,
    0x6D, 0x07, 0xEA, 0x5E, 0xE0, 0x56, 0x19, 0x6A, 0x3C, 0x40, 0x55, 0x46, 0x06, 0x00, 0xC1, 0x2E,
    0xF7, 0x01, 0x58, 0xE0, 0xA6, 0x27, 0x21, 0x8E, 0xF4, 0x5D, 0x0F, 0x60, 0xDF, 0xD4, 0x22, 0xD1,
    0x13, 0xFF, 0xB1, 0x1E, 0x18, 0x93, 0x6A, 0xD5, 0x47, 0xBE, 0xEA, 0xE0, 0x3F, 0x91, 0x7E, 0xFC,
    0xD2, 0x2C, 0xB8, 0xAF, 0x5D, 0x62, 0xBA, 0x42, 0x6E, 0x2F, 0xD6, 0x11, 0xFC, 0xA6, 0xAA, 0xD6,
    0xF4, 0xAA, 0x44, 0xDB, 0x24, 0x92, 0xAD, 0x5C, 0x55, 0xB4, 0x8F, 0x7C, 0xD4, 0xDB, 0x6C, 0x60,
    0x1C, 0xD4, 0x89, 0xE2, 0x0D, 0xD4, 0x0C, 0x78, 0x29, 0x19, 0x05, 0x3F, 0x9A, 0x77, 0x82, 0xA7,
    0x7F, 0x84, 0x9F, 0xBD, 0x2E, 0x75, 0x8A, 0x5A, 0xFB, 0x4B, 0x0C, 0x22, 0x2E, 0x0A, 0x3C, 0x15,
    0x3B, 0x01, 0x38, 0xD2, 0x0F, 0x8F, 0x03, 0x8F, 0xF0, 0x98, 0xFE, 0x06, 0x80, 0xF4, 0x4B, 0xD5,
    0x06, 0x73, 0x8F, 0x00, 0xE0, 0x3E, 0xDB, 0x98, 0x1E, 0x45, 0x65, 0xB8, 0xB4, 0xB3, 0x25, 0x4F,
    0x8D, 0xAF, 0x20, 0x67, 0x91, 0xBD, 0xAB, 0x2E, 0x35, 0x98, 0x50, 0x00, 0x30, 0x58, 0xD2, 0xAB,
    0xEC, 0x2F, 0xF7, 0x01, 0xBC, 0x3F, 0x99, 0xEE, 0xAD, 0x91, 0x87, 0x84, 0xF3, 0x3F, 0x96, 0x86,
    0x17, 0x66, 0x14, 0x5D, 0xE6, 0xD9, 0x6C, 0x93, 0x9F, 0x3C, 0x33, 0xC1, 0xF9, 0x8F, 0x41, 0xAE,
    0x7F, 0x62, 0x46, 0xB4, 0x4F, 0x9F, 0xF8, 0xEF, 0x01, 0xF4, 0xE8, 0x6D, 0x4B, 0x35, 0x74, 0x22,
    0xBF, 0x0B, 0xD9, 0xA4, 0x4C, 0xA2, 0xBD, 0xEA, 0x5D, 0x2E, 0xFA, 0x1F, 0x97, 0x82, 0x32, 0xF1,
    0x6D, 0xAA, 0x5A, 0xF5, 0x70, 0xCD, 0x6D, 0xD3, 0xAD, 0xE9, 0xB6, 0xCD, 0x66, 0x9F, 0xA4, 0xD5,
    0x58, 0xD3, 0x57, 0xF1, 0x91, 0x62, 0x4E, 0x4F, 0x5C, 0x61, 0xE7, 0xA6, 0xD5, 0x50, 0xCB, 0xD9,
    0x54, 0xF5, 0xB0, 0x5A, 0xA8, 0x9B, 0x4F, 0x81, 0xFA, 0x7C, 0x42, 0xC2, 0x1F, 0x36, 0x40, 0x3E,
    0x1F, 0x71, 0x2F, 0x7F, 0x78, 0x15, 0x86, 0x58, 0xEC, 0xC7, 0x00, 0xD6, 0x62, 0x26, 0x11, 0xF5,
    0x00, 0xC0, 0x47, 0xA4, 0x35, 0x79, 0x48, 0x2B, 0x56, 0x87, 0x04, 0xC0, 0xAC, 0xBF, 0x4F, 0x35,
    0x9E, 0xCC, 0xDC, 0x1D, 0x9F, 0x13, 0x89, 0x6F, 0x3C, 0xDF, 0x01, 0xF8, 0x89, 0x8E, 0xA2, 0x53,
    0xE2, 0x30, 0x3F, 0x88, 0x28, 0x68, 0x85, 0xE8, 0x9D, 0xE5, 0x66, 0xA2, 0xDF, 0xE3, 0x9B, 0x8D,
    0x86, 0x0D, 0xD8, 0x4F, 0x90, 0xE8, 0x64, 0x0F, 0x6D, 0xCF, 0x38, 0xE1, 0x14, 0x43, 0x3A, 0xAE,
    0xB9, 0x07, 0x01, 0xB1, 0x9E, 0xFF, 0x57, 0x31, 0xA5, 0x9B, 0x22, 0x96, 0x25, 0x76, 0xBA, 0x93,
    0xCE, 0xDC, 0xF2, 0x29, 0xE9, 0x13, 0x1A, 0x90, 0x2D, 0x79, 0x05, 0x37, 0xC2, 0xD0, 0xC7, 0x80,
    0x62, 0x42, 0x4A, 0xA3, 0xC6, 0x07, 0x0A, 0x40, 0x3E, 0x41, 0x6A, 0xC9, 0x26, 0xF1, 0x9C, 0x62,
    0xA2, 0xC5, 0xA0, 0x68, 0x47, 0xC5, 0x6C, 0x52, 0x34, 0x93, 0xFE, 0x26, 0x3F, 0x8B, 0x41, 0xF0,
    0x89, 0xB4, 0x13, 0xA4, 0x6F, 0x55, 0x1B, 0x1C, 0x33, 0x19, 0xDD, 0x66, 0x28, 0xA4, 0x31, 0x59,
    0x78, 0x59, 0xAC, 0x3D, 0x0F, 0x07, 0xA9, 0x67, 0xA1, 0xE3, 0x14, 0xA8, 0x11, 0xA8, 0xCE, 0x0B,
    0x98, 0xFE, 0x1B, 0x82, 0x39, 0xF9, 0xED, 0x18, 0x80, 0xE4, 0x55, 0xE0, 0xC5, 0xC3, 0x0A, 0xE9,
    0xE1, 0xD7, 0x5B, 0xAA, 0x60, 0x68, 0x3A, 0xBE, 0xBA, 0x81, 0x5B, 0xD3, 0x91, 0xDD, 0x40, 0xBF,
    0xFF, 0x77, 0x05, 0xAF, 0x5C, 0xFC, 0x0C, 0x03, 0x11, 0x45, 0xD0, 0xEF, 0xFE, 0xCF, 0xC0, 0xB5,
    0xE7, 0x37, 0xF0, 0xEE, 0xD1, 0xDA, 0xA2, 0x15, 0x52, 0x89, 0xEC, 0x30, 0x0A, 0x28, 0x27, 0x81,
    0x7C, 0x85, 0x51, 0xC0, 0xAE, 0x30, 0x28, 0x84, 0xED, 0x00, 0x50, 0xF6, 0xAB, 0x9B, 0xCF, 0x67,
    0x06, 0x5F, 0x53, 0x03, 0xD4, 0x6F, 0xC9, 0x84, 0xB2, 0xFE, 0x92, 0x0C, 0xA3, 0xF6, 0x79, 0x89,
    0x11, 0xB4, 0x2F, 0x79, 0x28, 0xF0, 0xA7, 0x84, 0x3A, 0xCE, 0x9A, 0x92, 0x87, 0xEB, 0xC4, 0xBF,
    0x3B, 0x9D, 0x3D, 0xD7, 0x5E, 0xFA, 0xBE, 0xF5, 0x62, 0x06, 0x6D, 0x23, 0x32, 0x50, 0x25, 0x95,
    0x13, 0x18, 0x12, 0x52, 0x1B, 0x5C, 0x44, 0x06, 0x99, 0x71, 0xF7, 0x92, 0xC7, 0x75, 0x0A, 0x9E,
    0x41, 0x0A, 0x5A, 0x12, 0x01, 0xFA, 0x6A, 0xD5, 0x36, 0x48, 0x68, 0xE1, 0x82, 0xD0, 0x0E, 0x3A,
    0x46, 0x2A, 0xFC, 0x2D, 0x6D, 0xFF, 0x28, 0x83, 0xBD, 0x35, 0x0A, 0x50, 0x2F, 0xB0, 0x6C, 0x85,
    0xBC, 0x54, 0xFF, 0x56, 0x92, 0xB4, 0x7D, 0x4F, 0xDB, 0xFE, 0xC2, 0xDF, 0x93, 0xB6, 0xDF, 0x71,
    0x3D, 0xBC, 0x44, 0x72, 0xA3, 0x53, 0x92, 0x8E, 0x99, 0x12, 0x94, 0xCD, 0x87, 0x95, 0xA4, 0x13,
    0x5E, 0x56, 0x56, 0xF4, 0x49, 0x50, 0xD6, 0x56, 0xA6, 0x8F, 0x11, 0xD9, 0x76, 0xD1, 0x52, 0x4A,
    0xAF, 0x39, 0xBB, 0x75, 0xE5, 0xC6, 0x40, 0x42, 0x40, 0x48, 0x95, 0x25, 0x33, 0xCC, 0xFC, 0xFE,
    0xB5, 0x5C, 0x3B, 0x09, 0x33, 0x03, 0x8A, 0x95, 0x05, 0xB8, 0x21, 0xB2, 0x3A, 0xBC, 0x4F, 0xEE,
    0xEB, 0x41, 0xE1, 0x31, 0x66, 0xEC, 0x6B, 0xBA, 0xB3, 0xCC, 0x10, 0x0C, 0x79, 0x2F, 0xEC, 0xC9,
    0x8C, 0xBE, 0x58, 0x09, 0xFB, 0xB0, 0xA5, 0xDF, 0x52, 0xC7, 0x9C, 0xBE, 0x43, 0x07, 0x80, 0xCE,
    0x87, 0x67, 0x75, 0xC9, 0xBA, 0xD0, 0xD7, 0xCF, 0x14, 0x84, 0x4D, 0xB2, 0x3C, 0x13, 0x4F, 0x2C,
    0x93, 0x49, 0x71, 0xC3, 0xB1, 0xBB, 0x3F, 0xA2, 0x13, 0x5B, 0x75, 0xC0, 0x6D, 0x27, 0x2C, 0x93,
    0x4E, 0x50, 0xD7, 0x7B, 0xA9, 0x57, 0xA6, 0x7E, 0x57, 0xBF, 0xBE, 0x19, 0x57, 0x36, 0x67, 0x64,
    0x46, 0xF7, 0x72, 0x4A, 0x44, 0xEF, 0x75, 0xE6, 0xDD, 0xE7, 0x88, 0x38, 0xE6, 0xD5, 0xE3, 0x63,
    0xF7, 0x03, 0x69, 0x13, 0xD8, 0xC8, 0xB2, 0x86, 0x1B, 0x52, 0xE0, 0x85, 0x75, 0x25, 0x83, 0x44,
    0x8A, 0x4E, 0x35, 0xA5, 0xDB, 0x69, 0xB2, 0x95, 0x62, 0x4D, 0xAB, 0xAD, 0xB4, 0xB9, 0x4B, 0x5A,
    0xDD, 0xBE, 0x7F, 0x01, 0x9E, 0x04, 0x26, 0xE0, 0x08, 0xC9, 0x80, 0x74, 0x86, 0xE9, 0x90, 0x11,
    0xF2, 0x0A, 0x05, 0x75, 0xFB, 0xC0, 0x53, 0x2D, 0xF5, 0xC0, 0x07, 0x56, 0x4F, 0x78, 0xE1, 0xCE,
    0xA9, 0xC0, 0x61, 0x9F, 0xFF, 0xA1, 0xB4, 0xB0, 0x03, 0x5E, 0xCE, 0xB8, 0xFC, 0xCB, 0x40, 0x1A,
    0x8C, 0xE7, 0x14, 0xC8, 0x3D, 0xB3, 0xDC, 0x03, 0x65, 0xC5, 0xAC, 0x04, 0x50, 0xC3, 0x34, 0x72,
    0x1B, 0x66, 0x64, 0x00, 0xD4, 0x8F, 0xDF, 0x0F, 0x96, 0x00, 0xD9, 0x88, 0x47, 0xA0, 0xAB, 0x9D,
    0x81, 0x75, 0x6E, 0x7A, 0x19, 0x5F, 0x2F, 0x81, 0x25, 0x83, 0xEB, 0xE1, 0x95, 0xB5, 0xDE, 0x54,
    0xC2, 0x12, 0xF2, 0x67, 0x20, 0x2C, 0xA5, 0xEA, 0x23, 0x62, 0x0A, 0x30, 0x84, 0x57, 0xC5, 0x14,
    0x90, 0x93, 0x91, 0xD6, 0xBE, 0x0C, 0x3B, 0xCB, 0x00, 0x46, 0x81, 0x72, 0xE9, 0x84, 0xA5, 0xD7,
    0xDD, 0x1C, 0x8D, 0x9C, 0x06, 0x25, 0xD1, 0x02, 0x44, 0xAF, 0xFD, 0xCA, 0xCC, 0xED, 0x18, 0x7F,
    0xC2, 0x72, 0x52, 0xBC, 0x20, 0x56, 0xF1, 0x18, 0xF0, 0xE8, 0x73, 0x07, 0xE5, 0x04, 0xEE, 0xB4,
    0xB3, 0xF8, 0x98, 0x0B, 0x60, 0x41, 0x2F, 0x48, 0x06, 0x03, 0xFE, 0x73, 0x4A, 0x3C, 0x11, 0x62,
    0x75, 0xE7, 0xEF, 0x75, 0x78, 0x83, 0x8B, 0x78, 0xE5, 0xB8, 0x3A, 0xFE, 0xAC, 0x88, 0x77, 0xB1,
    0x42, 0xB2, 0x2A, 0xF7, 0xA1, 0x0A, 0x6B, 0x8C, 0x5C, 0x78, 0x58, 0xF7, 0x25, 0x0F, 0x63, 0xDB,
    0x6C, 0x92, 0xDC, 0x6F, 0x92, 0xEC, 0xCE, 0x44, 0xBF, 0x90, 0x5B, 0x6C, 0xB5, 0x49, 0x0A, 0xCE,
    0x71, 0x9E, 0x93, 0x23, 0xC0, 0xBD, 0x15, 0x00, 0xF7, 0x6D, 0xBF, 0xCE, 0x81, 0xDD, 0x08, 0x24,
    0x6C, 0xB3, 0x97, 0xB8, 0x25, 0x4B, 0xEB, 0x81, 0x03, 0x99, 0xFF, 0xDD, 0x99, 0xBC, 0xC1, 0x49,
    0x60, 0x57, 0xD2, 0xA3, 0xEC, 0xD3, 0x0E, 0x76, 0xCC, 0xBD, 0xEE, 0x84, 0x25, 0x34, 0xED, 0xBA,
    0x8D, 0xA4, 0xA5, 0x9B, 0x3A, 0xA7, 0x26, 0xF6, 0x4A, 0x07, 0x78, 0x8E, 0xB8, 0x27, 0xB9, 0x9B,
    0xC4, 0x07, 0xE4, 0x41, 0xD6, 0xDB, 0x69, 0x70, 0x00, 0x6B, 0x63, 0x4F, 0x00, 0x97, 0xF1, 0x22,
    0x1E, 0x6A, 0x36, 0x40, 0x5C, 0xD7, 0x9E, 0x82, 0x4B, 0x16, 0xF6, 0x0E, 0xE5, 0x17, 0x66, 0xB4,
    0x15, 0xEC, 0x5F, 0xCC, 0xD0, 0xD0, 0x24, 0x16, 0xDB, 0x2A, 0x14, 0xF4, 0x83, 0x45, 0x3A, 0x41,
    0x7C, 0xB5, 0x7D, 0xB7, 0xA5, 0x66, 0x03, 0xC1, 0xB0, 0xDE, 0x8A, 0x20, 0x32, 0x96, 0x7D, 0x36,
    0x3A, 0x8F, 0xB2, 0xCB, 0x87, 0xBC, 0x67, 0xD5, 0x04, 0x13, 0x04, 0xD2, 0x01, 0x75, 0x53, 0x84,
    0x44, 0xA0, 0xDF, 0x40, 0xDB, 0x94, 0x7D, 0xAA, 0x60, 0x02, 0x5A, 0x5F, 0x84, 0xAC, 0x47, 0xFD,
    0x6E, 0x3B, 0x5F, 0xF2, 0x70, 0x24, 0xB3, 0xA2, 0x9C, 0xFE, 0x44, 0x9A, 0xFC, 0x29, 0x3C, 0x50,
    0xE1, 0x45, 0xF5, 0x02, 0xBA, 0x6C, 0x39, 0xD7, 0x06, 0x81, 0x6B, 0x93, 0xC0, 0x51, 0xAD, 0x50,
    0x36, 0x02, 0x79, 0x2F, 0x90, 0x8E, 0x72, 0x27, 0x8E, 0x05, 0x7C, 0x59, 0x49, 0x3E, 0xDB, 0xF1,
    0x77, 0x93, 0x19, 0x34, 0xDF, 0xCC, 0x50, 0x34, 0x8E, 0x21, 0xEB, 0xAD, 0x97, 0x7C, 0x26, 0x6C,
    0x00, 0xC7, 0x98, 0x18, 0xCA, 0xA6, 0x66, 0xC8, 0xBB, 0xC2, 0x6F, 0xC0, 0x0C, 0x59, 0xBF, 0x01,
    0xCC, 0xC9, 0xC8, 0xE0, 0xAA, 0x63, 0x06, 0xEB, 0xCB, 0x69, 0x03, 0x26, 0xE4, 0x0C, 0x98, 0x52,
    0x81, 0x1A, 0x47, 0x0C, 0x92, 0x0F, 0xC8, 0x82, 0x40, 0x32, 0x09, 0xE0, 0x78, 0x5F, 0x40, 0xF2,
    0x01, 0xB9, 0x42, 0x3A, 0x21, 0x39, 0x7C, 0x0D, 0x38, 0x73, 0x78, 0xD8, 0xE8, 0x2A, 0x5B, 0x16,
    0x4F, 0x5E, 0x47, 0x0B, 0x90, 0xAC, 0xB1, 0xC3, 0xB0, 0xE6, 0xCB, 0x66, 0xE5, 0x3A, 0xC2, 0x95,
    0x77, 0x27, 0x3C, 0xA3, 0x1E, 0xD8, 0x5B, 0xF9, 0xF7, 0x03, 0x70, 0x5E, 0x79, 0xFE, 0x9D, 0x01,
    0xD8, 0x57, 0x6E, 0x7F, 0x47, 0x9C, 0x90, 0xF2, 0x8F, 0x4F, 0xC0, 0xA8, 0xBC, 0x30, 0x0B, 0x73,
    0xD9, 0x8F, 0x2E, 0x13, 0x02, 0x06, 0xC8, 0x9C, 0xC2, 0x81, 0xAA, 0x24, 0xA4, 0xCB, 0xA5, 0x20,
    0x33, 0x55, 0x9F, 0x86, 0x3C, 0x64, 0x23, 0x17, 0x5D, 0x7B, 0xD3, 0x17, 0x9D, 0x99, 0xB8, 0x68,
    0xD7, 0x9B, 0xCE, 0x79, 0x23, 0x45, 0x97, 0x21, 0xF3, 0x6D, 0xC5, 0xF1, 0x70, 0x84, 0x1D, 0x32,
    0x4F, 0xE0, 0xBF, 0x0F, 0x62, 0xD6, 0x84, 0x4C, 0x78, 0x36, 0xD9, 0xCF, 0x13, 0xC7, 0xD9, 0x24,
    0xC0, 0xCC, 0xF6, 0xE9, 0x45, 0xC2, 0x6B, 0x40, 0x4A, 0x05, 0x16, 0x14, 0xBD, 0x6E, 0xF1, 0x95,
    0x62, 0xA8, 0xE2, 0x86, 0xA8, 0x45, 0xBD, 0xC9, 0x81, 0xCC, 0x03, 0xF5, 0x82, 0x82, 0x46, 0xF5,
    0x76, 0x6E, 0x96, 0xC5, 0xBC, 0x70, 0x9D, 0x48, 0xE8, 0x9E, 0x68, 0xB1, 0xF2, 0xA2, 0x91, 0x79,
    0xD4, 0xC5, 0x8B, 0x17, 0x35, 0x84, 0xE4, 0x63, 0xC2, 0xB6, 0xEC, 0x88, 0x6D, 0x7D, 0x48, 0x89,
    0x26, 0xE6, 0xE2, 0x49, 0x99, 0x03, 0xDB, 0x43, 0x6D, 0x04, 0xD6, 0xC1, 0xD6, 0x89, 0x9F, 0xFA,
    0xD1, 0xC5, 0x76, 0xD2, 0x7D, 0x0C, 0x5D, 0x2E, 0xBB, 0x6E, 0x9D, 0x89, 0xB5, 0xD2, 0x13, 0x23,
    0xD2, 0xE9, 0x14, 0x57, 0x34, 0xC3, 0x84, 0x82, 0xAB, 0xA9, 0x91, 0x77, 0xA7, 0xE9, 0x90, 0x7C,
    0x59, 0xD9, 0x06, 0x2D, 0x6C, 0xB0, 0x1B, 0x8A, 0x1A, 0xD9, 0x90, 0x77, 0x4E, 0x3C, 0xF4, 0x68,
    0xFA, 0xBD, 0x95, 0x84, 0xCB, 0x4A, 0xD2, 0xDB, 0x64, 0x1F, 0x90, 0x75, 0x98, 0x92, 0xB2, 0x57,
    0x42, 0xD4, 0x24, 0x72, 0x0F, 0xFD, 0x25, 0xF4, 0x66, 0x19, 0xF3, 0x7B, 0x4A, 0x4C, 0x70, 0x2B,
    0xE9, 0x4B, 0x25, 0x59, 0x57, 0x34, 0x42, 0xAC, 0xB7, 0x1E, 0x54, 0xB1, 0x5A, 0x32, 0x96, 0x50,
    0x37, 0xCD, 0xCE, 0xB0, 0xFD, 0xCD, 0xC0, 0xB2, 0xB6, 0x02, 0xAE, 0x59, 0x27, 0x9A, 0x56, 0x5C,
    0x4B, 0x23, 0xDB, 0x75, 0xD0, 0x93, 0xA3, 0x5A, 0xF7, 0x4B, 0xC4, 0x52, 0xE7, 0x35, 0xFC, 0x5E,
    0x54, 0xAC, 0x14, 0x90, 0x76, 0x88, 0x1D, 0xA1, 0x18, 0x6D, 0x12, 0x98, 0xE2, 0x2D, 0x83, 0x98,
    0x77, 0x83, 0x2C, 0xB0, 0x2E, 0x29, 0xC8, 0x14, 0xA6, 0xB8, 0x79, 0x75, 0x92, 0xDD, 0xD2, 0x63,
    0x64, 0xDA, 0xF3, 0x3D, 0x2B, 0xDA, 0x35, 0x28, 0x2A, 0x80, 0x7C, 0xDD, 0x88, 0x15, 0xD7, 0xBE,
    0xAD, 0xD2, 0x00, 0xD6, 0x7F, 0x5B, 0xE5, 0x0D, 0x93, 0xBE, 0xAD, 0x9E, 0x00, 0x93, 0xD0, 0x36,
    0x2F, 0xAF, 0xE4, 0xF3, 0x41, 0x49, 0xFD, 0x2D, 0xAF, 0xC4, 0x7D, 0x7F, 0xDD, 0x32, 0x72, 0xB3,
    0xAC, 0xAE, 0xEA, 0xAE, 0x18, 0x51, 0x4C, 0xE2, 0x3C, 0x75, 0x6B, 0x81, 0x7C, 0xB6, 0xC0, 0x31,
    0xA9, 0x58, 0x00, 0x9E, 0x2C, 0xC2, 0x92, 0x77, 0x32, 0xC9, 0x7A, 0xB4, 0x65, 0x7D, 0xE6, 0xE3,
    0x26, 0xEA, 0x0C, 0x45, 0xC5, 0xFA, 0x39, 0x57, 0x4C, 0xB6, 0x43, 0xEB, 0xF1, 0x72, 0xBE, 0x98,
    0xF9, 0xB9, 0x05, 0xF8, 0x86, 0x21, 0x3D, 0xDA, 0x09, 0x09, 0x35, 0x32, 0x96, 0x82, 0x2C, 0x5C,
    0x85, 0xD4, 0xDD, 0x4A, 0xDC, 0x09, 0xE9, 0x85, 0xBC, 0x89, 0x52, 0xFF, 0x72, 0x2E, 0x92, 0x12,
    0x4E, 0x73, 0xD9, 0xAE, 0xAE, 0xA0, 0xEA, 0x5E, 0x04, 0x65, 0x4E, 0xB4, 0x7B, 0xBD, 0x78, 0x78,
    0xF8, 0x5A, 0x25, 0xA7, 0x46, 0x23, 0x8E, 0xAF, 0xBE, 0x7D, 0x95, 0x9A, 0x23, 0x5B, 0x65, 0xEF,
    0xF4, 0x9C, 0xBE, 0x35, 0x70, 0xEA, 0x27, 0x49, 0x2F, 0x4B, 0xBA, 0x77, 0x97, 0xF4, 0xBC, 0xA4,
    0xFB, 0x92, 0x8E, 0x9C, 0x7E, 0x2B, 0x70, 0xFA, 0xFD, 0x6E, 0xB3, 0x60, 0xFA, 0x0C, 0x55, 0x47,
    0x96, 0xCB, 0xE7, 0xB4, 0xD9, 0xA4, 0x15, 0xF0, 0xBF, 0x95, 0xF2, 0xA2, 0x08, 0x68, 0xE9, 0x76,
    0xBA, 0x7B, 0x0E, 0x76, 0x20, 0xA4, 0x25, 0x6D, 0x75, 0xB6, 0x54, 0x49, 0xEB, 0xA3, 0x51, 0xCA,
    0x31, 0x02, 0x93, 0x09, 0xC0, 0xC2, 0xA4, 0x06, 0xCC, 0x5F, 0x33, 0xF9, 0x64, 0x83, 0xEC, 0x4F,
    0x98, 0x7C, 0xDC, 0xC3, 0xBE, 0xC5, 0xE4, 0xD9, 0x1E, 0xF6, 0x99, 0x00, 0x49, 0x8A, 0x94, 0x49,
    0x15, 0x50, 0x2A, 0x19, 0xB0, 0xA7, 0x64, 0xC4, 0x79, 0x25, 0x47, 0xB7, 0xC9, 0x39, 0x25, 0xFB,
    0x77, 0x92, 0x3B, 0x6F, 0x8E, 0xE5, 0xBC, 0x19, 0xC9, 0x78, 0xBB, 0x8A, 0x22, 0xD6, 0x6E, 0xBF,
    0xB0, 0xCA, 0x93, 0xBD, 0x25, 0x12, 0x76, 0x51, 0x66, 0x8F, 0xE4, 0x16, 0x93, 0x4B, 0xF1, 0x4C,
    0x47, 0x96, 0x74, 0x71, 0xF8, 0xE5, 0x37, 0xA1, 0x96, 0x93, 0xD0, 0x42, 0x04, 0x8D, 0x0B, 0xB4,
    0xAA, 0xEC, 0x43, 0x43, 0xD1, 0x09, 0xC1, 0x68, 0x06, 0x25, 0xD7, 0x30, 0x2B, 0x71, 0x32, 0x8E,
    0x75, 0xD4, 0xF7, 0x42, 0xF2, 0x1B, 0x9F, 0x19, 0x85, 0x18, 0x8A, 0xD6, 0x44, 0x44, 0xCD, 0x1D,
    0x4B, 0x92, 0xB7, 0xAF, 0xFE, 0x7E, 0xA5, 0xEC, 0x00, 0x68, 0x85, 0x25, 0xD7, 0x01, 0xF3, 0x25,
    0x29, 0xE6, 0x51, 0xFE, 0x95, 0x48, 0x2B, 0x93, 0xBF, 0x97, 0x13, 0xAE, 0xCF, 0x54, 0xA7, 0xC5,
    0xD6, 0x65, 0xB2, 0x9E, 0xC1, 0xA8, 0x9B, 0x39, 0x8B, 0x0C, 0x79, 0x23, 0xD4, 0x23, 0x47, 0x01,
    0xA6, 0x69, 0x05, 0x0B, 0x27, 0xF4, 0x34, 0x50, 0x60, 0x46, 0x42, 0x9C, 0x0B, 0x4F, 0x24, 0x13,
    0xCC, 0x2C, 0x1B, 0x28, 0xE7, 0xCD, 0x28, 0xF3, 0x9A, 0x5F, 0x05, 0x8E, 0xF2, 0x01, 0x45, 0xCF,
    0x65, 0x25, 0x43, 0x11, 0x50, 0x6B, 0xB1, 0xC1, 0xFD, 0xF4, 0x0B, 0x03, 0xF8, 0x86, 0xC2, 0xF3,
    0x31, 0x07, 0x80, 0x07, 0xD1, 0x82, 0x74, 0x63, 0xEA, 0xCC, 0x73, 0x63, 0x42, 0xBE, 0x14, 0xC1,
    0x8F, 0x2B, 0x43, 0x4D, 0x59, 0xC5, 0x08, 0x19, 0x95, 0x02, 0x4B, 0xA8, 0x1B, 0xDD, 0x73, 0x28,
    0x66, 0x71, 0x72, 0xB2, 0x56, 0x99, 0x44, 0xDA, 0x72, 0x06, 0xEA, 0x21, 0xA5, 0x93, 0xD5, 0x8A,
    0x21, 0x7C, 0x60, 0xDD, 0x3B, 0xCA, 0x66, 0x9C, 0xE5, 0x91, 0x6B, 0xA8, 0xB2, 0x13, 0xBC, 0xEC,
    0x1B, 0x2D, 0xB0, 0x53, 0x5A, 0xC9, 0xAE, 0xD1, 0x08, 0x3B, 0x9E, 0x91, 0xF6, 0xB8, 0x0E, 0x76,
    0x78, 0x44, 0x76, 0x8C, 0x16, 0x2E, 0xFD, 0xD5, 0xB8, 0x68, 0x31, 0xA2, 0xF3, 0x53, 0x17, 0xF4,
    0x34, 0x66, 0xE7, 0x4A, 0xA9, 0x5F, 0x47, 0x78, 0x41, 0x93, 0xAC, 0x94, 0xC5, 0xE5, 0x56, 0x56,
    0xA6, 0x83, 0x7D, 0x4E, 0xFE, 0xBC, 0x21, 0x20, 0xAB, 0x12, 0xEA, 0xDF, 0x90, 0x65, 0x29, 0x50,
    0xFF, 0x95, 0x07, 0x49, 0xB0, 0x2F, 0xDF, 0xAB, 0x40, 0x7A, 0xA8, 0x41, 0xA2, 0xE0, 0x56, 0x37,
    0x57, 0xE8, 0x1D, 0x6E, 0x60, 0xC6, 0x8D, 0x1A, 0x51, 0xF7, 0x30, 0x8B, 0x9E, 0x44, 0x0C, 0xC2,
    0x5E, 0x96, 0xA6, 0xA7, 0xB3, 0xAC, 0x2D, 0xCC, 0xC2, 0xAC, 0x16, 0x7B, 0xDB, 0xB0, 0x42, 0x9C,
    0xFD, 0x31, 0xD2, 0x45, 0xDD, 0xFD, 0x11, 0x52, 0x7A, 0xE5, 0xD2, 0x02, 0xE0, 0x1B, 0x48, 0x27,
    0xC9, 0x9E, 0x74, 0x60, 0x6B, 0x58, 0x58, 0xAA, 0xC8, 0xEE, 0x01, 0xCC, 0x10, 0x6D, 0xC7, 0x84,
    0x13, 0xD6, 0x47, 0x96, 0x75, 0x91, 0xE5, 0x3E, 0x32, 0xDB, 0xC4, 0x43, 0xCC, 0x02, 0x80, 0x4E,
    0x3E, 0xCE, 0x31, 0xF3, 0x55, 0x42, 0x5E, 0x36, 0x88, 0x7F, 0xE2, 0x33, 0x92, 0xC3, 0x6F, 0x47,
    0x28, 0xD4, 0x86, 0x8B, 0x11, 0x4F, 0xDA, 0x51, 0x7D, 0x25, 0x0E, 0x34, 0xF6, 0x64, 0xD5, 0xAE,
    0x7B, 0x3C, 0x54, 0x37, 0xA3, 0x4D, 0x10, 0x17, 0xE9, 0x01, 0x71, 0x92, 0x41, 0xF1, 0xAD, 0x51,
    0xD1, 0x1F, 0xAD, 0x78, 0x79, 0xC5, 0xBD, 0xBF, 0x05, 0x2F, 0xEF, 0xE6, 0xFB, 0xE6, 0xA8, 0xF8,
    0xED, 0xA0, 0xA8, 0xF5, 0xC8, 0x68, 0x13, 0x0C, 0x82, 0x5F, 0xE9, 0x46, 0xC1, 0x67, 0xFB, 0x7D,
    0xC1, 0xA7, 0x43, 0x29, 0x58, 0x4D, 0xB6, 0x11, 0x3C, 0x9F, 0x79, 0xC1, 0xD2, 0x04, 0x41, 0xDB,
    0x0C, 0x3B, 0xF5, 0x98, 0xE0, 0x04, 0x31, 0x14, 0x95, 0xE0, 0x51, 0xEE, 0x05, 0xF7, 0x4C, 0x2F,
    0xAE, 0xB5, 0xF8, 0xF4, 0x20, 0x6E, 0xD5, 0xD2, 0x24, 0x68, 0x58, 0x82, 0x74, 0xA3, 0x88, 0x3F,
    0xD0, 0x51, 0x10, 0x83, 0xF8, 0xA5, 0xE5, 0xD3, 0xED, 0x04, 0x88, 0xCF, 0xC9, 0x48, 0xA7, 0xA5,
    0x48, 0x74, 0x3F, 0x5B, 0xE2, 0x21, 0xD4, 0x0B, 0xB5, 0x1D, 0x13, 0x89, 0x99, 0xEA, 0x85, 0x95,
    0x94, 0x61, 0xFD, 0xCA, 0x31, 0xF1, 0x4C, 0x7A, 0xC9, 0x25, 0xDF, 0xCB, 0x1C, 0x49, 0x37, 0x45,
    0x00, 0xF9, 0x5E, 0xFB, 0x89, 0x1A, 0xCD, 0x8D, 0x78, 0x52, 0x9D, 0xAC, 0x33, 0x2C, 0xA4, 0x74,
    0x48, 0x1D, 0x9B, 0xAA, 0x21, 0xB4, 0xC1, 0x90, 0x64, 0x75, 0xE3, 0xBA, 0x43, 0x59, 0x4C, 0xCE,
    0xEB, 0x1E, 0xED, 0xD2, 0xAA, 0xA4, 0x19, 0x4D, 0x50, 0xE3, 0xA5, 0xB0, 0x4A, 0x4A, 0x2A, 0xA9,
    0xFC, 0x45, 0x24, 0xCD, 0x69, 0x54, 0x49, 0x8B, 0xEF, 0xAF, 0x7E, 0xB5, 0xB6, 0x24, 0xAB, 0xCE,
    0x74, 0x32, 0x5C, 0x1B, 0x75, 0xED, 0x90, 0xD0, 0x04, 0x22, 0x4F, 0x1D, 0x1E, 0x9E, 0xB0, 0x7D,
    0x7D, 0x6D, 0x45, 0x09, 0x48, 0xA2, 0x30, 0xC5, 0xA4, 0x0D, 0x4A, 0xB2, 0x15, 0x4D, 0xAF, 0x98,
    0x79, 0x55, 0xF4, 0xD5, 0x26, 0xEA, 0x79, 0x55, 0xF3, 0xAC, 0x33, 0x47, 0x47, 0x2A, 0xFA, 0x35,
    0x52, 0x8F, 0x33, 0x90, 0x67, 0xC1, 0xD3, 0xD0, 0x76, 0x2C, 0xB7, 0xE9, 0xEB, 0x4E, 0x96, 0x56,
    0x9E, 0xB1, 0x0C, 0xB6, 0x61, 0x74, 0xA1, 0x10, 0xF5, 0xBA, 0xDE, 0x89, 0x76, 0xEB, 0xEE, 0xB2,
    0x28, 0xB7, 0xF6, 0x47, 0x86, 0x44, 0xB5, 0x83, 0x04, 0x43, 0xFA, 0x42, 0xA8, 0x03, 0xE3, 0x8F,
    0x25, 0x40, 0x24, 0x6B, 0xF5, 0x29, 0x5D, 0x15, 0xB5, 0x18, 0x2A, 0xEA, 0x9E, 0x71, 0x71, 0x2E,
    0x30, 0xCE, 0x97, 0xC5, 0xD5, 0x64, 0xF3, 0x91, 0x86, 0x9A, 0x49, 0x8B, 0xB1, 0x4B, 0xC8, 0x67,
    0xC6, 0xF7, 0xFA, 0x6C, 0x61, 0x24, 0x2F, 0xD5, 0x14, 0xD4, 0x18, 0xF1, 0x8E, 0x24, 0x36, 0x22,
    0x6D, 0x91, 0x73, 0x43, 0xF1, 0x96, 0x3C, 0xC0, 0x46, 0x94, 0x54, 0x11, 0x11, 0xEB, 0x1F, 0x48,
    0x77, 0x75, 0x83, 0xDC, 0xEF, 0xCE, 0x0B, 0x0B, 0x05, 0xFC, 0x3F, 0xB8, 0xC3, 0x09, 0x9E, 0xF9,
    0x3A, 0xF0, 0xF8, 0xD7, 0xEC, 0xEF, 0x4E, 0xEC, 0xBE, 0xDC, 0x75, 0x87, 0x2B, 0x20, 0xF6, 0x0E,
    0xE7, 0x71, 0x1E, 0x54, 0x81, 0xAA, 0x3D, 0x7C, 0x00, 0xEF, 0xF8, 0xE4, 0x9D, 0xCA, 0x55, 0xC0,
    0x8F, 0xBD, 0xF9, 0x6A, 0xC5, 0x4D, 0xF9, 0x8B, 0xDE, 0x3C, 0x5F, 0xE5, 0x54, 0xE1, 0xCF, 0x43,
    0x5E, 0x54, 0x09, 0x0D, 0xF8, 0xB3, 0xE1, 0xBE, 0xA2, 0xC2, 0xC3, 0x33, 0xFA, 0xE9, 0x91, 0x0D,
    0x41, 0x8B, 0xFE, 0xE8, 0xA9, 0xA2, 0xBA, 0x07, 0x0E, 0xFD, 0xDE, 0x93, 0x45, 0x75, 0x0E, 0x25,
    0xFA, 0xF2, 0x8D, 0xA2, 0xBA, 0xCC, 0x7F, 0x29, 0xBA, 0xA2, 0x72, 0xB8, 0x9C, 0x04, 0xEB, 0x5D,
    0x53, 0xD0, 0x60, 0xE7, 0xAC, 0xA1, 0x31, 0xF9, 0xCD, 0xEA, 0xC4, 0x95, 0xFC, 0x87, 0xCD, 0x51,
    0xE0, 0xE3, 0x87, 0xE2, 0x94, 0xFF, 0x9A, 0x68, 0x2A, 0x6F, 0x01, 0x9F, 0xB3, 0xCD, 0x1B, 0x0E,
    0x1F, 0x35, 0x01, 0x78, 0xC3, 0x36, 0x2F, 0x39, 0x3C, 0x62, 0x78, 0x2F, 0xC7, 0x36, 0x1F, 0x70,
    0xB8, 0x87, 0xA9, 0xF8, 0x5A, 0xE0, 0xE7, 0x51, 0xEA, 0x4E, 0xE8, 0x61, 0xF3, 0x37, 0xDF, 0xAB,
    0xF4, 0x55, 0xA5, 0xF9, 0x86, 0xF6, 0x4A, 0xAD, 0x50, 0xDE, 0xF1, 0xBB, 0x78, 0x29, 0x7B, 0xF7,
    0x33, 0x7D, 0x4A, 0x93, 0x21, 0xA2, 0x7A, 0x1D, 0xE2, 0xD8, 0x12, 0x1D, 0x38, 0xF3, 0x9A, 0x08,
    0xDE, 0xC0, 0xDE, 0x64, 0xB1, 0x65, 0xE1, 0x2E, 0x42, 0x77, 0x70, 0x1D, 0x8B, 0xFC, 0xEB, 0x01,
    0xFF, 0xAA, 0xE3, 0x82, 0x7F, 0x2D, 0xE0, 0x87, 0x42, 0x9E, 0x1A, 0xF1, 0x3D, 0x25, 0x47, 0xE9,
    0x1F, 0x2B, 0xB9, 0x6C, 0x3E, 0xAE, 0xC4, 0x65, 0x99, 0x92, 0xF2, 0xFE, 0x95, 0xD8, 0x7F, 0xBB,
    0x92, 0xFC, 0xBF, 0xAD, 0x24, 0x1B, 0xB2, 0x8E, 0xC5, 0xDB, 0x37, 0xC1, 0xAA, 0x70, 0x4F, 0xF7,
    0x6E, 0xC1, 0xEE, 0xB5, 0xBB, 0x70, 0x30, 0x4B, 0x15, 0x87, 0xD9, 0xCD, 0x93, 0x39, 0x61, 0xFC,
    0xB2, 0xF0, 0xD8, 0x35, 0x23, 0x14, 0x80, 0x2C, 0xA0, 0xBF, 0xB6, 0xB7, 0x49, 0x1A, 0x4B, 0x34,
    0x5C, 0xE6, 0x25, 0x74, 0x42, 0x4B, 0x75, 0x24, 0xEB, 0x67, 0x17, 0xE4, 0xF8, 0x8D, 0x49, 0x1A,
    0xE0, 0x2A, 0x26, 0xA6, 0x47, 0x0D, 0xC8, 0x6A, 0x15, 0x13, 0x74, 0xAC, 0xC9, 0x91, 0x5C, 0x31,
    0x14, 0x30, 0x41, 0xBC, 0xC8, 0x1E, 0x72, 0x51, 0xFE, 0x78, 0x19, 0xD6, 0x0B, 0x39, 0x42, 0x59,
    0x31, 0x99, 0x06, 0x38, 0x3D, 0xBA, 0x08, 0x98, 0x85, 0x50, 0x2F, 0xB9, 0x91, 0x91, 0x37, 0x41,
    0x49, 0x93, 0xF5, 0x3A, 0xDB, 0x92, 0xDC, 0x42, 0x24, 0xB7, 0x78, 0xB5, 0xD5, 0xD2, 0x71, 0x6D,
    0x25, 0xC9, 0xB4, 0x12, 0xCD, 0x0D, 0x43, 0x9A, 0x1B, 0x39, 0x69, 0x6E, 0x58, 0x2A, 0x1A, 0x21,
    0x05, 0xD5, 0x82, 0xD8, 0x23, 0xCD, 0x8D, 0xCB, 0xED, 0xA4, 0x64, 0xAA, 0x07, 0x25, 0x43, 0x7C,
    0xB0, 0x29, 0x38, 0xBF, 0x0E, 0x42, 0xA7, 0xB9, 0xF3, 0x9F, 0xAF, 0xBF, 0x9D, 0x75, 0xDA, 0xE5,
    0x48, 0xFE, 0x99, 0x02, 0xAB, 0x97, 0xAF, 0x57, 0x2D, 0xF1, 0x15, 0xF8, 0x53, 0xFB, 0x7A, 0x90,
    0x3C, 0x3A, 0xBA, 0x8F, 0xB4, 0xD8, 0xC1, 0x56, 0xBA, 0x04, 0xD5, 0x20, 0x7F, 0x59, 0xEB, 0x19,
    0x19, 0xCA, 0x74, 0xBD, 0xBF, 0x13, 0x41, 0xA5, 0x51, 0xC9, 0x50, 0x54, 0x22, 0xDB, 0x9E, 0x4A,
    0x76, 0xB4, 0x75, 0xBF, 0x53, 0x45, 0x5C, 0xCE, 0xE4, 0xFE, 0x51, 0xEE, 0x4F, 0x25, 0x52, 0xC6,
    0xFB, 0xAD, 0x9F, 0x44, 0xFC, 0xA7, 0x07, 0x2D, 0x38, 0x44, 0x41, 0xE4, 0xFE, 0x46, 0x04, 0x29,
    0x77, 0x04, 0x99, 0x54, 0x10, 0xB9, 0xDF, 0x7D, 0xE6, 0xDD, 0xCD, 0xB6, 0xC0, 0x85, 0x9A, 0xF8,
    0xEA, 0x57, 0x50, 0xE7, 0x7D, 0x28, 0x6A, 0xDF, 0x5C, 0xA2, 0x75, 0x09, 0xDF, 0x82, 0xA3, 0x9A,
    0x5F, 0x21, 0xB1, 0x0F, 0x68, 0x55, 0x67, 0x66, 0xD4, 0x63, 0xBF, 0x38, 0x15, 0x6F, 0x15, 0xF4,
    0xCF, 0xB8, 0xFD, 0xE7, 0x4A, 0xC0, 0x68, 0x35, 0x28, 0x34, 0xE8, 0xE9, 0xE9, 0xBD, 0x3C, 0x8D,
    0xF5, 0xFA, 0xB2, 0x7B, 0xF2, 0x57, 0x7A, 0xC5, 0x5F, 0xEC, 0xCF, 0xB4, 0x54, 0x6B, 0x4C, 0x1D,
    0x05, 0x0F, 0x5B, 0xAA, 0x76, 0x77, 0x57, 0x63, 0xE8, 0x72, 0x2B, 0x16, 0x83, 0xA2, 0x1D, 0xEF,
    0x82, 0x83, 0xA2, 0x3C, 0x11, 0xB9, 0xC6, 0xF8, 0x52, 0xA2, 0x0F, 0x64, 0x3A, 0x4E, 0x15, 0x24,
    0x66, 0x2F, 0x90, 0xD9, 0x40, 0x31, 0xCA, 0xAC, 0xF9, 0x1F, 0x68, 0x24, 0x8E, 0xBB, 0x04, 0x57,
    0x63, 0x04, 0xDD, 0x59, 0xE6, 0x5D, 0x07, 0xE2, 0x03, 0x8F, 0xA2, 0xF2, 0x57, 0x3E, 0x4D, 0x41,
    0x77, 0x4F, 0xD7, 0xA3, 0x7E, 0x0E, 0xF8, 0xC4, 0xB2, 0xAF, 0x8F, 0xC1, 0x49, 0x5C, 0x02, 0x79,
    0xAD, 0x05, 0xAD, 0x97, 0x56, 0x48, 0xBD, 0x6A, 0xF0, 0x75, 0xCF, 0x5C, 0x09, 0xF9, 0x1D, 0xD2,
    0xCA, 0xB3, 0x1A, 0x72, 0xF3, 0x4A, 0xC8, 0xA7, 0xBB, 0x84, 0x57, 0xED, 0x42, 0x0C, 0x21, 0x12,
    0x95, 0x42, 0x8F, 0x50, 0xBD, 0xAA, 0x4B, 0xEB, 0x12, 0x3D, 0x0C, 0x92, 0x09, 0x22, 0x58, 0xBE,
    0x88, 0x94, 0x9D, 0xAC, 0x4E, 0x4B, 0xD4, 0x53, 0x4E, 0x55, 0x81, 0x3D, 0x64, 0x63, 0x7E, 0x7D,
    0x03, 0x4E, 0x87, 0xC7, 0x65, 0x26, 0xC1, 0x02, 0x13, 0xEA, 0x2E, 0xED, 0x6D, 0xF5, 0xF0, 0xC4,
    0x1A, 0xE8, 0x78, 0x7D, 0xCD, 0xC4, 0x17, 0x1C, 0x3F, 0x49, 0x49, 0x10, 0xCF, 0xFD, 0xEA, 0xE3,
    0x1B, 0xE7, 0xC6, 0xDF, 0x05, 0xC7, 0x37, 0xD1, 0x86, 0xD4, 0x7A, 0x93, 0x18, 0x6E, 0x48, 0x16,
    0x98, 0xEE, 0x08, 0x45, 0x48, 0x47, 0x64, 0x7E, 0x84, 0x09, 0x26, 0x20, 0xF7, 0x03, 0x4C, 0x6F,
    0xD8, 0x09, 0x87, 0x0D, 0x49, 0xAA, 0xA4, 0x7D, 0x7A, 0xA9, 0x12, 0x89, 0xDF, 0x09, 0x85, 0x55,
    0xD4, 0x42, 0x02, 0xFD, 0xAC, 0xDA, 0x55, 0x65, 0x92, 0xBF, 0x3D, 0x87, 0x33, 0xB4, 0x5A, 0x4A,
    0xB6, 0xAC, 0xC4, 0x4E, 0x4A, 0xD6, 0x1E, 0x28, 0x07, 0xFE, 0xD1, 0xBF, 0xB8, 0x70, 0x57, 0x12,
    0x3B, 0x47, 0x88, 0x74, 0x97, 0x13, 0x42, 0xDA, 0x81, 0x52, 0x7B, 0x19, 0xD4, 0x35, 0x6A, 0xC9,
    0x76, 0x92, 0x5F, 0x95, 0xC9, 0x50, 0x85, 0x44, 0x64, 0xA2, 0xEB, 0x28, 0x44, 0x14, 0xDD, 0x03,
    0x97, 0xAC, 0xB4, 0xC4, 0x8D, 0xA8, 0x0A, 0x5B, 0x97, 0x51, 0xC8, 0x15, 0x8A, 0x2F, 0x3F, 0xF0,
    0xB5, 0xF8, 0x88, 0x8C, 0x9A, 0x9C, 0x57, 0xE8, 0x81, 0x87, 0x5E, 0x49, 0x18, 0xB4, 0x4F, 0x75,
    0xCC, 0x2A, 0x78, 0x81, 0xB2, 0x11, 0x70, 0x92, 0xAE, 0x0E, 0x3B, 0x19, 0x04, 0x32, 0x2F, 0xF0,
    0x04, 0x34, 0x18, 0xC8, 0xD8, 0x93, 0x6E, 0x93, 0x9A, 0x26, 0x99, 0x41, 0xB6, 0x2A, 0x9E, 0xA5,
    0xED, 0xA7, 0x48, 0x57, 0x0B, 0xC4, 0xCF, 0x87, 0x6A, 0x07, 0xB0, 0x0D, 0x5A, 0x58, 0x32, 0xEB,
    0x98, 0x9B, 0xE4, 0x10, 0xDD, 0x0C, 0xF8, 0x35, 0xF2, 0x12, 0xAC, 0x9C, 0x47, 0xE1, 0x05, 0x1C,
    0x36, 0xD0, 0x25, 0x23, 0xC3, 0xCD, 0xAB, 0x9D, 0xA8, 0x6C, 0xDC, 0x5D, 0xE8, 0x53, 0xE3, 0x28,
    0xFC, 0xD3, 0x76, 0x80, 0x1D, 0xE3, 0xCF, 0xC0, 0x3F, 0x45, 0xE0, 0x9F, 0xB2, 0x87, 0xEB, 0xB8,
    0xA4, 0xDA, 0xB3, 0xE5, 0x93, 0x2C, 0xE4, 0x49, 0xD6, 0x85, 0x0B, 0xCC, 0xCC, 0x3F, 0xD9, 0xC4,
    0x3F, 0xF9, 0xA8, 0x6E, 0x93, 0x1F, 0xDD, 0x92, 0x49, 0x2F, 0x4A, 0x5A, 0x80, 0x4B, 0xF4, 0x5F,
    0x91, 0xD1, 0x75, 0x1D, 0x17, 0x86, 0xD6, 0x31, 0x94, 0xC5, 0xCE, 0x15, 0x1D, 0xDB, 0x51, 0x7D,
    0x88, 0x9C, 0xB2, 0xCE, 0xEA, 0x65, 0xD6, 0x39, 0x75, 0x19, 0xC4, 0xA7, 0x49, 0x9F, 0xB4, 0x50,
    0x92, 0x4E, 0x42, 0xEA, 0x2E, 0xEF, 0x95, 0xF8, 0x35, 0xA8, 0xB5, 0x3E, 0x6A, 0xE9, 0x8B, 0x51,
    0x87, 0x9F, 0x24, 0xAF, 0x8A, 0xAE, 0xE3, 0xE2, 0x62, 0xAC, 0x83, 0xF6, 0x40, 0xE7, 0x06, 0x25,
    0xAB, 0x11, 0x9B, 0x59, 0x4D, 0x4D, 0x1A, 0xB3, 0x20, 0x2E, 0x2E, 0xA0, 0x92, 0x1A, 0xAA, 0x54,
    0xD2, 0x94, 0xBC, 0x4A, 0x0A, 0x21, 0x45, 0x60, 0x9F, 0xA2, 0x92, 0x42, 0x8A, 0x76, 0x61, 0x3D,
    0xF9, 0x91, 0xF3, 0x91, 0x45, 0xEC, 0xAB, 0x47, 0x46, 0x01, 0xEA, 0xEC, 0xA3, 0xE7, 0x4D, 0x76,
    0x9F, 0x7C, 0x96, 0xA0, 0xA0, 0x24, 0xEF, 0xCA, 0x6A, 0x0D, 0xCE, 0x31, 0xEA, 0x57, 0xF9, 0x4A,
    0x9A, 0x48, 0xFC, 0x1A, 0xB9, 0xB3, 0x98, 0x2B, 0xA1, 0x59, 0x50, 0xC4, 0xD8, 0x3D, 0x5E, 0x4B,
    0x23, 0x31, 0xEF, 0x44, 0x37, 0xFF, 0x9D, 0x95, 0x14, 0xFF, 0x6E, 0x54, 0xE2, 0xF2, 0x95, 0x5C,
    0xCB, 0xE3, 0x34, 0x22, 0x53, 0x92, 0x0E, 0x4A, 0xF4, 0x51, 0x7F, 0xAD, 0x7C, 0x25, 0x45, 0x63,
    0x16, 0xCD, 0x0D, 0x43, 0x9A, 0x1B, 0xA9, 0x92, 0x09, 0x89, 0x10, 0x13, 0xD6, 0x35, 0x60, 0xB6,
    0x89, 0xB4, 0x42, 0x2C, 0xE9, 0xF0, 0x43, 0x19, 0x89, 0x13, 0x27, 0x20, 0xB9, 0xD5, 0xBF, 0x8A,
    0xC1, 0xD6, 0x9E, 0x73, 0x33, 0xE9, 0xB8, 0x6E, 0xB1, 0x64, 0xAE, 0x3B, 0x7A, 0x5D, 0xC9, 0xC9,
    0x5A, 0x57, 0x22, 0xBE, 0x41, 0xB4, 0x5E, 0x13, 0x81, 0x13, 0x2F, 0x84, 0xBD, 0xE9, 0x1D, 0x07,
    0xA9, 0xC7, 0xFF, 0x58, 0xC8, 0x6F, 0x57, 0x50, 0x6B, 0xCA, 0x0E, 0x80, 0xFB, 0x45, 0xEB, 0x2F,
    0xF3, 0xAF, 0xED, 0x80, 0xB4, 0x39, 0x85, 0xA4, 0xB7, 0x01, 0xB8, 0x0F, 0x67, 0x60, 0x3C, 0xB3,
    0x97, 0x90, 0xC3, 0x62, 0xC3, 0x12, 0xBF, 0xC1, 0x27, 0x98, 0x19, 0xC0, 0x62, 0x9F, 0xD9, 0xFB,
    0x80, 0x47, 0x31, 0xB1, 0x45, 0x3C, 0xC8, 0x13, 0x11, 0x39, 0x87, 0xFF, 0x55, 0x60, 0x3F, 0x93,
    0xD9, 0xE6, 0x59, 0x60, 0xB4, 0x3D, 0xB7, 0xF0, 0xAC, 0xBC, 0x4A, 0x90, 0x04, 0x66, 0x79, 0xEF,
    0x7C, 0x56, 0x31, 0x2B, 0x9B, 0xF6, 0x3B, 0x23, 0x80, 0x07, 0x93, 0x05, 0xF4, 0x6F, 0x3E, 0xC9,
    0x32, 0x5D, 0x1D, 0x52, 0x42, 0xDE, 0x01, 0xB8, 0xC8, 0xEA, 0xCD, 0xC2, 0xEA, 0x60, 0x74, 0xF8,
    0x88, 0x59, 0xAE, 0x3D, 0x53, 0x0A, 0x3B, 0x7D, 0x00, 0xB8, 0x01, 0xD9, 0x2C, 0xDE, 0xB8, 0x0D,
    0xBF, 0x9A, 0x4F, 0xA8, 0x65, 0x39, 0xDC, 0xDB, 0x09, 0xC4, 0xB6, 0xFB, 0xAD, 0xAA, 0x18, 0x41,
    0x03, 0x0C, 0x9D, 0x61, 0x8B, 0xA5, 0x03, 0xD8, 0xF9, 0x11, 0x56, 0xE7, 0x1B, 0x40, 0x39, 0x3E,
    0x06, 0xF2, 0x78, 0x89, 0x5D, 0xF4, 0xD9, 0x84, 0x58, 0xA8, 0x84, 0xAA, 0xB3, 0x66, 0x02, 0x1E,
    0xE1, 0xE1, 0xFD, 0x11, 0x79, 0x0B, 0xE2, 0x95, 0xB6, 0xC1, 0xFD, 0xC7, 0x00, 0xF8, 0x74, 0x4E,
    0x0E, 0x52, 0xB7, 0xAF, 0xE4, 0x8D, 0xAD, 0xD9, 0x84, 0x9E, 0x5C, 0xDE, 0x53, 0xFE, 0x8E, 0x6E,
    0x60, 0x19, 0x02, 0xCC, 0x0F, 0x17, 0xFE, 0x6B, 0xF9, 0xEC, 0x82, 0xBA, 0x4B, 0x26, 0x43, 0xF8,
    0x20, 0xCC, 0xA0, 0x7E, 0x21, 0x48, 0xF4, 0xB1, 0x1A, 0xA0, 0x6D, 0x07, 0x86, 0xD2, 0x83, 0xD4,
    0x93, 0xB5, 0x3F, 0x17, 0x2A, 0x81, 0x05, 0x0C, 0x66, 0x64, 0xE8, 0xCA, 0x8E, 0xA1, 0xFF, 0xFA,
    0x1A, 0x74, 0x04, 0x86, 0x55, 0x4B, 0x02, 0x76, 0xD9, 0x7E, 0xD0, 0xCF, 0xA8, 0x63, 0x90, 0xD1,
    0x8A, 0xC7, 0xD0, 0x52, 0xA3, 0x0F, 0xC5, 0x2E, 0x55, 0x59, 0x89, 0x1F, 0x9B, 0x00, 0x09, 0xCD,
    0x71, 0xAC, 0xC9, 0xAE, 0x9D, 0xA4, 0x5F, 0x5E, 0x23, 0x8F, 0xB8, 0xD5, 0x1B, 0xCF, 0x4D, 0xEA,
    0x98, 0xEB, 0x4A, 0xAC, 0x36, 0x17, 0x57, 0xCC, 0xD4, 0x32, 0x8C, 0x28, 0x19, 0x26, 0x38, 0x86,
    0x19, 0x35, 0xC3, 0x82, 0x96, 0x81, 0x24, 0x04, 0xD1, 0x6D, 0x50, 0xBF, 0xB6, 0x0B, 0xF5, 0x4E,
    0x6C, 0x2A, 0x15, 0x0A, 0x86, 0x6F, 0x48, 0x45, 0x49, 0x80, 0x09, 0x1A, 0x8B, 0x66, 0x9D, 0x9A,
    0xB9, 0xEB, 0xA7, 0x67, 0x15, 0x5A, 0x6E, 0xFE, 0xEC, 0x8F, 0xA0, 0xC2, 0x57, 0x40, 0x7A, 0x73,
    0x00, 0xCA, 0x6E, 0x9F, 0x3B, 0x78, 0x9F, 0x2D, 0x4A, 0x8E, 0x3E, 0x26, 0xB4, 0x83, 0x19, 0x53,
    0x0A, 0x59, 0xC8, 0xA8, 0x2B, 0xBC, 0x25, 0x5F, 0xE3, 0xD7, 0xE9, 0x99, 0x11, 0x5F, 0xA5, 0xB2,
    0x79, 0xD0, 0xD2, 0x75, 0x9C, 0x65, 0x17, 0xE9, 0xED, 0x08, 0x83, 0x4D, 0x72, 0x1F, 0xB2, 0x01,
    0x2F, 0x61, 0x93, 0xA7, 0x01, 0xAE, 0xFD, 0x73, 0x2D, 0x7C, 0x4B, 0x43, 0x49, 0xDC, 0x9D, 0x4B,
    0x3A, 0x1D, 0xD8, 0x67, 0x21, 0xEE, 0xE1, 0x23, 0xA2, 0x82, 0xC7, 0xDE, 0x2F, 0x2E, 0xB6, 0xDF,
    0x80, 0x1D, 0x53, 0xCF, 0x30, 0x98, 0x8A, 0x21, 0x18, 0x3C, 0xA8, 0x70, 0x96, 0x21, 0x6D, 0x3A,
    0xB0, 0xF5, 0x1F, 0xB3, 0xE4, 0xC3, 0xBA, 0x05, 0xF3, 0x0D, 0x39, 0x12, 0x78, 0xF4, 0x5E, 0xE9,
    0xE5, 0xE4, 0xEB, 0xD1, 0x83, 0x44, 0x3F, 0x64, 0x67, 0x81, 0x72, 0xC4, 0x69, 0x5D, 0xFB, 0x9D,
    0x3F, 0x23, 0x3A, 0x0C, 0x29, 0xD0, 0x76, 0xC6, 0x27, 0x15, 0x5A, 0x9F, 0x55, 0x49, 0xB3, 0x81,
    0x1C, 0xFC, 0xA9, 0x39, 0x83, 0xB4, 0x42, 0xDD, 0xDC, 0x0B, 0x03, 0xB8, 0x0D, 0x9C, 0x66, 0xA3,
    0xBA, 0x17, 0x2C, 0x90, 0x07, 0x4B, 0x92, 0x75, 0x48, 0xBC, 0x44, 0xFD, 0x47, 0xA5, 0xEC, 0xC3,
    0x1E, 0xBB, 0xBB, 0xB7, 0x0F, 0x44, 0xFA, 0x30, 0xCF, 0x6A, 0x4F, 0x81, 0x15, 0x7D, 0xAA, 0xA5,
    0x57, 0x58, 0x33, 0x4F, 0x00, 0x99, 0x4E, 0xC7, 0x7B, 0x40, 0xCF, 0x87, 0x4C, 0x75, 0x0F, 0x90,
    0x2E, 0x15, 0x70, 0x1F, 0xD7, 0xF2, 0x01, 0x79, 0x8C, 0x66, 0xC3, 0xF5, 0x79, 0x8A, 0x03, 0xDC,
    0x0F, 0x23, 0x4D, 0xF2, 0x1B, 0x66, 0x01, 0xB0, 0x7C, 0x85, 0xAE, 0xCF, 0x0C, 0x36, 0x38, 0x89,
    0xA6, 0x37, 0x2C, 0x15, 0x76, 0x2F, 0x30, 0xAB, 0x67, 0x78, 0x1F, 0x92, 0xC9, 0x0E, 0xA7, 0x84,
    0x99, 0xA1, 0x0C, 0xA5, 0xDC, 0x67, 0x7B, 0x17, 0xE4, 0x90, 0x10, 0xAE, 0x69, 0xFB, 0x99, 0xD9,
    0xE7, 0x67, 0xD0, 0x37, 0x07, 0x51, 0xE8, 0x41, 0x4A, 0xDF, 0xEB, 0xA2, 0xF4, 0x3F, 0xF6, 0x42,
    0xF2, 0xAF, 0x50, 0xA6, 0xEC, 0x73, 0x96, 0x6C, 0xC3, 0xDA, 0x4F, 0x7D, 0x39, 0x17, 0x3C, 0x4C,
    0xA7, 0x14, 0x6E, 0x72, 0xF1, 0xB5, 0x93, 0xE1, 0x5F, 0xDC, 0xF9, 0x4C, 0x8F, 0xE4, 0xDC, 0xBB,
    0xF0, 0xF3, 0x9F, 0xE9, 0x19, 0xEF, 0xFA, 0x4C, 0x0F, 0xEE, 0x7C, 0xA6, 0x27, 0x6E, 0x5E, 0x7C,
    0x0D, 0x3A, 0x16, 0x47, 0xF9, 0x92, 0x96, 0x6A, 0x27, 0xDC, 0xB9, 0x5E, 0xB1, 0xEE, 0x76, 0x1F,
    0x75, 0xA6, 0x88, 0xCD, 0x8A, 0x9A, 0x2D, 0xA1, 0xDD, 0x07, 0x9C, 0x4D, 0xC4, 0x45, 0x31, 0x9B,
    0xE5, 0x26, 0x75, 0x00, 0xE9, 0x8A, 0xC9, 0xC5, 0x8B, 0xCF, 0xEF, 0xAE, 0x8C, 0x50, 0x0C, 0x8A,
    0x65, 0xD8, 0xC5, 0x28, 0x8E, 0xEB, 0x6E, 0x8B, 0x65, 0x1B, 0x15, 0xCB, 0x56, 0x2A, 0x56, 0xC1,
    0xD8, 0xAC, 0x58, 0x89, 0xBB, 0x4B, 0x18, 0xDD, 0xBB, 0x17, 0x3F, 0x2D, 0x7E, 0x4F, 0x1D, 0x42,
    0xC4, 0xBB, 0x5D, 0xF7, 0x43, 0x6D, 0x46, 0xAF, 0x73, 0x62, 0xA9, 0xEB, 0xC5, 0x23, 0xE3, 0xA1,
    0x26, 0x7E, 0x3A, 0xFD, 0x12, 0xF0, 0xBA, 0x30, 0xD1, 0x7E, 0x40, 0xFA, 0x1B, 0x88, 0xD7, 0xFF,
    0xDF, 0xE1, 0xDE, 0x73, 0x88, 0xD7, 0x1F, 0x7B, 0x3C, 0x36, 0xAC, 0x1C, 0xC6, 0x56, 0xF8, 0xF7,
    0x21, 0x7E, 0xBA, 0xD7, 0x21, 0xFD, 0x9D, 0x93, 0x0A, 0x3E, 0x72, 0x05, 0xA7, 0x4B, 0x1F, 0x3F,
    0xBD, 0x30, 0xE1, 0xC1, 0x1A, 0xF1, 0x7A, 0x6B, 0xC4, 0xD9, 0xE5, 0xA4, 0x90, 0x2C, 0xE0, 0x5B,
    0x53, 0xFC, 0x74, 0x9F, 0x0D, 0xE9, 0x27, 0xC6, 0x93, 0x42, 0xCA, 0xEE, 0x74, 0x71, 0x52, 0xC1,
    0x4B, 0xCE, 0xBF, 0x3F, 0x6A, 0x0F, 0xF0, 0xD4, 0x3C, 0x16, 0xBB, 0x12, 0xE9, 0xD3, 0x84, 0x17,
    0xA8, 0x89, 0xCD, 0x31, 0x0B, 0xDE, 0xA2, 0x2A, 0x36, 0x27, 0x9B, 0xD3, 0x67, 0xA3, 0x92, 0xD8,
    0x53, 0x9D, 0xCE, 0xE7, 0xF8, 0xE9, 0xA0, 0x18, 0xDF, 0x6F, 0x63, 0xE5, 0x49, 0x53, 0x86, 0xC7,
    0x74, 0xD3, 0x73, 0x02, 0x0C, 0x5C, 0x7F, 0x56, 0x02, 0x45, 0x31, 0xF3, 0x48, 0xAC, 0xBB, 0x46,
    0x57, 0x76, 0x0B, 0x5B, 0x6A, 0xFB, 0xCD, 0x46, 0x2A, 0x77, 0x13, 0x47, 0x7F, 0xFA, 0x22, 0xC8,
    0xDF, 0xAB, 0x01, 0xC5, 0x83, 0xFE, 0x21, 0xA8, 0x7A, 0x10, 0x38, 0x5F, 0xC1, 0x00, 0xF4, 0x20,
    0x08, 0x67, 0xC5, 0xCE, 0xEF, 0x03, 0xE8, 0x2C, 0x08, 0x1E, 0x78, 0x84, 0xB3, 0x61, 0xE9, 0x70,
    0xCD, 0x00, 0xC8, 0x91, 0x7A, 0xE9, 0xF1, 0xCB, 0x8F, 0x00, 0x48, 0x6F, 0xB0, 0x63, 0xB8, 0x02,
    0xEC, 0xBD, 0x1A, 0xE3, 0x29, 0x3E, 0x28, 0x23, 0x1A, 0xF2, 0x59, 0xA7, 0x77, 0xBA, 0xB5, 0xFE,
    0x24, 0x90, 0x90, 0xFF, 0x28, 0x90, 0x13, 0x36, 0x69, 0x39, 0x73, 0xDA, 0x8E, 0x38, 0x27, 0x93,
    0xBB, 0xA7, 0xE4, 0xB1, 0x8F, 0xCF, 0xC1, 0x92, 0x47, 0xD8, 0xB8, 0xEC, 0x2A, 0xE9, 0xF0, 0x55,
    0x82, 0xF9, 0x66, 0xC5, 0x7B, 0xFA, 0xCF, 0xC2, 0x4E, 0xB8, 0xF4, 0x7E, 0xD8, 0xD1, 0x4C, 0x2F,
    0xC1, 0x0E, 0xD9, 0x2D, 0x8F, 0x6C, 0x30, 0x37, 0x01, 0x33, 0xE4, 0x72, 0x10, 0xFB, 0xB2, 0x06,
    0x06, 0xAD, 0x3F, 0x69, 0xD8, 0x84, 0x8C, 0xC7, 0x3E, 0xDF, 0x80, 0x16, 0x3C, 0x81, 0xE7, 0xA3,
    0x23, 0x9A, 0xEA, 0x4E, 0xD2, 0x01, 0x86, 0x26, 0xD6, 0xC8, 0xD5, 0xC9, 0x12, 0xF0, 0xE8, 0x07,
    0x33, 0xF2, 0x38, 0x87, 0x84, 0x02, 0xDE, 0x14, 0xA9, 0x02, 0x40, 0x4B, 0xDA, 0x23, 0xFD, 0x31,
    0x3D, 0xEB, 0x61, 0xBE, 0x45, 0xDF, 0x6B, 0x60, 0x1B, 0x22, 0xF6, 0x5F, 0x6E, 0x93, 0x96, 0x28,
    0x36, 0xA9, 0x03, 0xE7, 0x73, 0xF2, 0xF0, 0x97, 0xAB, 0x38, 0x5F, 0xE9, 0xB9, 0x65, 0x65, 0x07,
    0x4B, 0x55, 0x11, 0x60, 0x48, 0x66, 0x5D, 0x14, 0x64, 0x85, 0x30, 0xE4, 0x13, 0xC7, 0x12, 0x2B,
    0xEB, 0x87, 0x76, 0x62, 0x6F, 0x24, 0x53, 0x67, 0xB5, 0x9B, 0xEA, 0x7D, 0x02, 0x1F, 0x96, 0xB4,
    0xA8, 0xE2, 0xEA, 0xB0, 0x91, 0x34, 0x48, 0x3A, 0xA2, 0x90, 0x61, 0x9C, 0x4B, 0x2A, 0x0B, 0xA8,
    0xAD, 0xC5, 0xDC, 0xF9, 0xFF, 0xA5, 0xF4, 0xDC, 0xDF, 0x98, 0xBE, 0x29, 0x35, 0x52, 0x5F, 0x4A,
    0xEA, 0xB6, 0xD2, 0x5A, 0x52, 0x79, 0xEC, 0x10, 0x32, 0x67, 0x12, 0x81, 0x88, 0x2A, 0x4E, 0xFC,
    0x9A, 0xB4, 0x9C, 0x94, 0x9C, 0x20, 0xFF, 0xBB, 0x49, 0xBA, 0xF8, 0x10, 0x71, 0x3D, 0xF0, 0x1C,
    0x67, 0x44, 0x49, 0xE3, 0x04, 0x47, 0xE1, 0xCA, 0x26, 0xE9, 0x1D, 0x6A, 0xF2, 0x05, 0x78, 0xD2,
    0x86, 0xC7, 0x20, 0x4E, 0x7B, 0xAB, 0xA9, 0x22, 0xF2, 0x76, 0x5A, 0x39, 0x49, 0x8B, 0xE8, 0x9B,
    0x52, 0x0D, 0xC0, 0x9A, 0x76, 0x3F, 0x9B, 0x66, 0x7F, 0x73, 0xDA, 0xFF, 0x82, 0x69, 0xB8, 0x23,
    0x6D, 0xB0, 0x5E, 0x69, 0x0F, 0x3B, 0xF1, 0x4F, 0xB1, 0x49, 0xC7, 0x35, 0x43, 0xBC, 0x1E, 0x3A,
    0x6C, 0x1C, 0xF9, 0x0F, 0x91, 0x07, 0xED, 0x2E, 0x67, 0x09, 0x46, 0x57, 0xB4, 0x71, 0x39, 0x6B,
    0x07, 0xF9, 0x09, 0x27, 0x2B, 0x61, 0xF9, 0x09, 0xF7, 0x94, 0x37, 0x8F, 0x2C, 0x0D, 0x19, 0x35,
    0x1A, 0xF9, 0x5F, 0x5C, 0x0E, 0x18, 0xA2, 0xC1, 0xAD, 0x1F, 0x0C, 0x2B, 0x65, 0x8E, 0x7F, 0xE6,
    0x4B, 0xC5, 0x6B, 0x85, 0x07, 0xC0, 0x22, 0xA5, 0xE5, 0x95, 0x8B, 0x9F, 0xA5, 0x89, 0xB9, 0xC6,
    0xC8, 0x62, 0x01, 0x0A, 0x58, 0x9D, 0x3C, 0xCB, 0x30, 0x51, 0xCF, 0xCA, 0xE0, 0xE0, 0x84, 0xC2,
    0x7A, 0x2C, 0x27, 0x0F, 0x78, 0x75, 0xF9, 0x8C, 0x7D, 0xE5, 0xE6, 0x16, 0x4D, 0x38, 0x8A, 0x31,
    0x8D, 0xC2, 0x16, 0xEF, 0x22, 0x4F, 0x88, 0xAA, 0xDB, 0x7F, 0x1F, 0x70, 0xC2, 0x6F, 0x02, 0x27,
    0xE5, 0x04, 0x75, 0x4A, 0xC2, 0x7B, 0xE0, 0xA4, 0xDE, 0x4E, 0x05, 0x41, 0x04, 0x1B, 0x84, 0xB7,
    0x8D, 0x2C, 0x4A, 0x2A, 0x4E, 0x49, 0x9B, 0x7E, 0xAB, 0xC2, 0xAF, 0xAC, 0x8D, 0x27, 0xB9, 0x06,
    0xE1, 0x4E, 0x78, 0x27, 0x3C, 0x67, 0xBA, 0x08, 0x55, 0xA5, 0xF4, 0xB7, 0x1F, 0xB9, 0xFA, 0xD1,
    0x4A, 0x77, 0x83, 0x7F, 0x95, 0x1E, 0xE0, 0xF1, 0xC3, 0xD3, 0x87, 0xB8, 0x44, 0xD4, 0x98, 0x80,
    0x72, 0xCE, 0x16, 0x64, 0x5D, 0xD6, 0xE4, 0x01, 0xE9, 0x90, 0x84, 0x0D, 0x37, 0xCD, 0xFD, 0x23,
    0x30, 0x19, 0xBF, 0xE1, 0x49, 0xF5, 0xE1, 0x23, 0xE0, 0x4A, 0x5E, 0x89, 0x81, 0x9D, 0xBB, 0x0C,
    0x94, 0xBF, 0x01, 0xE1, 0x4F, 0x39, 0x40, 0x9C, 0xC8, 0x8D, 0x4F, 0xE1, 0x8D, 0x52, 0xCD, 0x27,
    0xA3, 0x09, 0x7D, 0xD1, 0xC0, 0x0C, 0x7C, 0x0F, 0xBF, 0xD2, 0xE1, 0xF5, 0x9E, 0x0E, 0x86, 0x45,
    0xFE, 0x98, 0x53, 0xCE, 0x15, 0xEF, 0x97, 0x52, 0x66, 0x8E, 0x34, 0x20, 0x58, 0xCF, 0xDC, 0x22,
    0x19, 0x4D, 0x97, 0x05, 0xE4, 0x3D, 0x4A, 0xA4, 0x73, 0xDE, 0x99, 0x11, 0x2D, 0xB1, 0xE7, 0x22,
    0x1A, 0xD9, 0xD7, 0x6D, 0x5D, 0xC9, 0xA1, 0x5E, 0x4D, 0x41, 0x7A, 0xF9, 0x56, 0x40, 0x9C, 0x95,
    0xE9, 0x92, 0x70, 0x5E, 0x5F, 0xB7, 0x4E, 0x85, 0x9C, 0xCF, 0xBD, 0x91, 0x23, 0xE2, 0x7D, 0xDB,
    0x98, 0xEE, 0x48, 0x08, 0x3F, 0x9C, 0xC3, 0xDE, 0x85, 0xB7, 0x05, 0x06, 0x00, 0x63, 0x01, 0x2B,
    0x4F, 0x3A, 0x0D, 0xA5, 0x3E, 0x61, 0x92, 0x84, 0x3D, 0xD8, 0x67, 0x7A, 0x80, 0xCB, 0x28, 0x0C,
    0x93, 0xFE, 0x1C, 0x17, 0xCE, 0x83, 0x71, 0x9F, 0x0B, 0x67, 0x72, 0xC4, 0x85, 0x03, 0x99, 0x1F,
    0xB9, 0x70, 0x80, 0x0B, 0x63, 0x22, 0x85, 0x1D, 0x09, 0x79, 0x66, 0x43, 0xF2, 0x1F, 0x54, 0xB0,
    0x69, 0x8F, 0x23, 0x43, 0x95, 0x14, 0x76, 0x19, 0x05, 0x50, 0x7E, 0xA6, 0x83, 0xAB, 0x0A, 0xC0,
    0x91, 0x87, 0xA5, 0x45, 0x49, 0xAA, 0xDD, 0x2E, 0xD1, 0x4C, 0xDF, 0xE3, 0xC0, 0xFF, 0x57, 0x93,
    0x07, 0xF6, 0xDD, 0xEB, 0x3D, 0x30, 0xC9, 0x83, 0x30, 0x83, 0xF5, 0x23, 0xD2, 0x90, 0x6D, 0x04,
    0x30, 0xBD, 0x09, 0x7B, 0xDC, 0x5B, 0xA1, 0x64, 0x0F, 0x35, 0xF2, 0x31, 0x37, 0xF6, 0x73, 0x5F,
    0xC8, 0x19, 0x41, 0x09, 0x14, 0xA2, 0x05, 0xDB, 0x0C, 0xFB, 0x2C, 0xE8, 0xD1, 0xC8, 0x36, 0x79,
    0x5E, 0x5A, 0x58, 0x06, 0x69, 0x79, 0x27, 0xA7, 0xE6, 0x9E, 0x35, 0xC5, 0x12, 0xA3, 0x94, 0xC3,
    0x07, 0xFB, 0xBC, 0x18, 0x99, 0xAC, 0x53, 0xCD, 0x24, 0x26, 0x2E, 0x29, 0x74, 0x6C, 0x05, 0x75,
    0x13, 0x5B, 0x2E, 0xCA, 0xDF, 0xDE, 0xC8, 0xCB, 0x25, 0xB5, 0x8D, 0xA4, 0xD5, 0x56, 0xAA, 0xA1,
    0x45, 0xAC, 0x71, 0x73, 0x55, 0xD2, 0x6B, 0xCD, 0xE6, 0x49, 0x82, 0x0D, 0x3F, 0x92, 0x5B, 0x7E,
    0x99, 0xD3, 0x3B, 0x1F, 0xB6, 0x92, 0x56, 0xF0, 0x5B, 0x36, 0x7C, 0x4D, 0xDC, 0x8E, 0xD7, 0x4F,
    0xDE, 0xB2, 0xF9, 0xFB, 0x08, 0x77, 0x79, 0xCB, 0xE6, 0x71, 0x69, 0xE6, 0xD7, 0xF4, 0x6C, 0x67,
    0x5C, 0xC1, 0x25, 0xC3, 0xD6, 0x61, 0x50, 0xDE, 0xE9, 0xA2, 0x4A, 0x1F, 0x9C, 0x4E, 0xF4, 0x98,
    0x09, 0x47, 0x1A, 0x38, 0x5C, 0x1A, 0x74, 0x4A, 0x31, 0xA9, 0xF7, 0xBD, 0xBC, 0x1E, 0xA4, 0x31,
    0x24, 0x83, 0x9A, 0xC9, 0x94, 0x77, 0x5B, 0xA7, 0x4F, 0xE5, 0xD3, 0xA3, 0xDE, 0x7A, 0xC4, 0x90,
    0xE9, 0xAD, 0x69, 0xD0, 0x49, 0xC9, 0xA4, 0x85, 0x5F, 0x56, 0x70, 0xF5, 0xF6, 0x6A, 0x35, 0x1F,
    0xA2, 0xA7, 0xDD, 0xDA, 0x71, 0x3E, 0xC6, 0x96, 0xF9, 0x66, 0x61, 0x7B, 0x4F, 0xDA, 0x41, 0x2E,
    0xCD, 0x6C, 0x76, 0x32, 0xC7, 0x2D, 0x51, 0xE9, 0xE2, 0x94, 0xF8, 0x9A, 0x33, 0x05, 0xCD, 0x7C,
    0xBE, 0x86, 0xC0, 0x72, 0x91, 0xAF, 0xCB, 0xA4, 0xDF, 0xAD, 0x80, 0x78, 0x5D, 0x92, 0x45, 0x56,
    0xA1, 0x2E, 0xBC, 0x54, 0x97, 0xED, 0x96, 0x8B, 0x2D, 0x35, 0x70, 0x5E, 0x8F, 0x39, 0x1A, 0x59,
    0x81, 0xB5, 0x95, 0x1C, 0x03, 0x90, 0x2C, 0x0D, 0xA1, 0xFB, 0xBC, 0x09, 0x43, 0x36, 0x27, 0x8B,
    0xEC, 0xAE, 0xA6, 0xB3, 0x80, 0x99, 0xB6, 0x80, 0x45, 0xF2, 0x1B, 0xC8, 0x05, 0x26, 0x79, 0xAE,
    0xD0, 0xF0, 0xF3, 0xB3, 0x15, 0xB2, 0xDD, 0xD7, 0xA0, 0x86, 0x9D, 0x17, 0x9F, 0x14, 0x5C, 0x17,
    0xD7, 0x79, 0x1A, 0x2F, 0xB7, 0x97, 0xFF, 0x9A, 0xBB, 0x1E, 0xF0, 0x61, 0x88, 0x98, 0xEE, 0xE6,
    0xD3, 0x2D, 0x55, 0xF1, 0x85, 0xE2, 0x5A, 0xE3, 0xD0, 0xE9, 0xB5, 0xA9, 0xC9, 0x45, 0x99, 0x19,
    0xF0, 0xD9, 0x26, 0xDF, 0xD0, 0x9F, 0x24, 0xDD, 0xF6, 0x73, 0xFA, 0xD2, 0x54, 0x69, 0x28, 0x48,
    0x12, 0xAC, 0x89, 0x34, 0x50, 0x9B, 0x37, 0xC5, 0x24, 0x93, 0x64, 0x8C, 0x9D, 0x6A, 0x43, 0x4C,
    0x8A, 0x3E, 0x6E, 0xDF, 0xB8, 0xBB, 0x96, 0x7E, 0x52, 0xF0, 0x9D, 0xA5, 0xCB, 0x75, 0xB8, 0xBD,
    0x80, 0x4D, 0x17, 0x85, 0xD5, 0x0A, 0xA6, 0x6D, 0xB8, 0x53, 0x89, 0x51, 0x0C, 0x05, 0x91, 0x47,
    0xA0, 0x5C, 0xCD, 0x66, 0x05, 0x7F, 0xE7, 0xBF, 0xFF, 0xA0, 0xB2, 0xA9, 0x60, 0x02, 0x77, 0xCA,
    0x60, 0x7E, 0xAE, 0x0C, 0xE3, 0x5D, 0x64, 0xD8, 0x0C, 0xCC, 0xAB, 0x1B, 0x10, 0x65, 0x2B, 0x74,
    0xDA, 0x33, 0x5A, 0x2B, 0x1E, 0x6F, 0x54, 0x86, 0x28, 0x42, 0x94, 0x80, 0x10, 0x53, 0xA9, 0x3E,
    0xD6, 0xAE, 0x0A, 0x30, 0x93, 0xA6, 0xB1, 0xE6, 0x38, 0xA8, 0x0A, 0xE1, 0x6E, 0x92, 0x62, 0x26,
    0xC9, 0xAA, 0x2A, 0x5D, 0x44, 0x36, 0x12, 0xE3, 0x6A, 0xA5, 0xE9, 0x5C, 0x57, 0xDB, 0x38, 0x8F,
    0x44, 0x9F, 0x3F, 0xD6, 0x05, 0xC9, 0xC8, 0x9A, 0x2A, 0x02, 0x4B, 0xEE, 0x3A, 0x4E, 0xA9, 0x41,
    0x3E, 0x24, 0xC4, 0xD5, 0xE8, 0x1B, 0x93, 0x76, 0xE4, 0xB4, 0x0C, 0x2C, 0x8A, 0xEB, 0xA4, 0xE3,
    0x12, 0xF6, 0x3C, 0x2C, 0x1B, 0x69, 0xEB, 0xCC, 0xAD, 0xE5, 0xB0, 0x9D, 0x35, 0xF6, 0x26, 0x6D,
    0x25, 0xA1, 0x97, 0x4B, 0x97, 0x30, 0x5E, 0x06, 0xD8, 0x46, 0x0F, 0x0F, 0xEC, 0xD3, 0x1B, 0x3C,
    0x37, 0x49, 0xFC, 0xC5, 0xFE, 0x91, 0x86, 0xF0, 0xA3, 0xCB, 0x1A, 0xC1, 0xC7, 0x3D, 0x0D, 0xE0,
    0xC3, 0x9E, 0xC6, 0xEF, 0xB0, 0x87, 0x73, 0x79, 0x83, 0x24, 0x38, 0x9E, 0x1A, 0x20, 0xED, 0xF7,
    0x20, 0xFE, 0x70, 0x83, 0x63, 0xC1, 0x75, 0xED, 0x61, 0x28, 0x37, 0xE8, 0x2F, 0xF3, 0xB4, 0x00,
    0x99, 0xBF, 0x26, 0x53, 0x8C, 0xBC, 0x99, 0x78, 0x52, 0x00, 0xDB, 0x8C, 0x32, 0xC1, 0xB0, 0xCF,
    0x0C, 0x2C, 0x16, 0x0A, 0x13, 0x44, 0xAC, 0x22, 0xEF, 0x45, 0xAC, 0x27, 0xAC, 0x97, 0xC9, 0xC5,
    0x79, 0x57, 0x89, 0x58, 0xE7, 0x17, 0x99, 0x0D, 0xA0, 0x1E, 0x55, 0xAC, 0xB6, 0x17, 0xB1, 0x4E,
    0xF3, 0xE8, 0x7A, 0xEE, 0xC6, 0xA7, 0xDB, 0x51, 0xFB, 0x92, 0x1A, 0x45, 0x6E, 0xBE, 0x5C, 0x05,
    0xAD, 0xB6, 0x45, 0x5E, 0x70, 0xEF, 0xAA, 0xE2, 0x39, 0xDB, 0x08, 0xEE, 0x2B, 0x8A, 0xEC, 0x90,
    0xD0, 0x2E, 0x20, 0xB2, 0x43, 0xA6, 0x34, 0x82, 0x22, 0x3B, 0xCA, 0x9B, 0x22, 0x7B, 0x4A, 0xF4,
    0x45, 0x91, 0x7D, 0xB9, 0xF4, 0x17, 0x2C, 0xBB, 0x3B, 0x4A, 0x7E, 0xCA, 0xB2, 0xCF, 0xFB, 0x68,
    0xFD, 0x80, 0x74, 0x38, 0x82, 0xDB, 0xC8, 0x6E, 0xFA, 0x11, 0xEE, 0x99, 0x20, 0x6A, 0x2E, 0xD3,
    0x5E, 0xD4, 0x5C, 0x9A, 0x1E, 0x45, 0xC2, 0xD8, 0xF1, 0xDF, 0x44, 0xA5, 0x7B, 0xA6, 0x17, 0x95,
    0x9E, 0x37, 0x9D, 0x88, 0xB3, 0x6F, 0xBC, 0x88, 0xB3, 0x9F, 0xF1, 0xD4, 0x04, 0x38, 0xCA, 0x9B,
    0x64, 0x2C, 0x58, 0xC4, 0xC6, 0x0C, 0xA5, 0x88, 0x9A, 0xB1, 0x58, 0x47, 0x05, 0x2C, 0x8B, 0xB5,
    0x5F, 0xA2, 0x64, 0x71, 0xCE, 0x3F, 0x81, 0xB6, 0xDB, 0xA0, 0xDB, 0x4B, 0x7F, 0xEA, 0xDF, 0x04,
    0x8A, 0xB9, 0xF8, 0xDE, 0x77, 0x47, 0x99, 0xF4, 0xE6, 0x24, 0x87, 0xC5, 0xA3, 0xA5, 0x70, 0xE7,
    0xCB, 0x80, 0xFA, 0xCF, 0xAF, 0xD4, 0xE2, 0x0C, 0xE9, 0x06, 0x05, 0x8E, 0x0B, 0x7F, 0x3D, 0xC2,
    0x4D, 0x49, 0x98, 0xB0, 0x1C, 0xA5, 0xE1, 0x28, 0x1D, 0xDF, 0x34, 0xFD, 0x51, 0x16, 0x06, 0xD3,
    0x8D, 0xD6, 0x07, 0xF3, 0xAD, 0x50, 0x7C, 0x3E, 0x64, 0xEF, 0x74, 0x65, 0x1A, 0x72, 0x82, 0x33,
    0xEF, 0xD1, 0x88, 0x3D, 0xC3, 0x4E, 0xFB, 0xB2, 0xB9, 0x55, 0x71, 0x0C, 0xF3, 0xEB, 0xE3, 0x10,
    0x22, 0xB5, 0xAA, 0x57, 0xC2, 0x8F, 0x74, 0x81, 0xA8, 0xB8, 0xFC, 0xED, 0xB8, 0x2B, 0xFE, 0x08,
    0xB2, 0x05, 0xBF, 0x32, 0xC5, 0x5D, 0xAF, 0x92, 0xE8, 0x20, 0xFE, 0x4B, 0x31, 0x71, 0x0F, 0x3A,
    0xA1, 0x41, 0xD4, 0x69, 0x36, 0xED, 0x32, 0x7E, 0xC3, 0x7F, 0x1A, 0xC4, 0xBF, 0xEA, 0x8A, 0x21,
    0x3E, 0x26, 0x72, 0x80, 0x92, 0x3A, 0xE9, 0x69, 0x7E, 0x8A, 0xF1, 0x5C, 0xEE, 0x45, 0x9D, 0x5C,
    0x35, 0xAB, 0x6F, 0x28, 0xB9, 0x37, 0xA5, 0x27, 0xD3, 0xFE, 0x3C, 0x07, 0x6E, 0x19, 0x10, 0x6C,
    0x75, 0xDC, 0x43, 0xF9, 0xE7, 0x83, 0x0C, 0x00, 0x79, 0x5A, 0xDB, 0xA8, 0x75, 0x49, 0xEF, 0x3C,
    0xE7, 0xE1, 0xA8, 0xD1, 0x57, 0x52, 0xB0, 0x25, 0x13, 0x44, 0x2A, 0x88, 0x5C, 0x10, 0xC9, 0x20,
    0xB2, 0x41, 0xA4, 0x83, 0xCA, 0x77, 0x22, 0xE1, 0xAE, 0x9C, 0x10, 0x49, 0xD5, 0x2A, 0x65, 0xB2,
    0x2D, 0x16, 0xE9, 0xA3, 0x3D, 0xAA, 0xBA, 0x44, 0x6A, 0x91, 0x3B, 0xDA, 0xA1, 0xCE, 0xCD, 0xC5,
    0x06, 0x45, 0x7E, 0x1D, 0xD2, 0xD0, 0x01, 0xAD, 0xC3, 0x59, 0xA7, 0xE4, 0x3A, 0x94, 0x75, 0x32,
    0xAE, 0xE3, 0x45, 0x07, 0xB1, 0xB4, 0x28, 0x56, 0xB8, 0x9F, 0x37, 0x9C, 0xAE, 0xB3, 0x35, 0xDC,
    0xAE, 0xF0, 0x09, 0x35, 0x78, 0xA9, 0x90, 0x8B, 0x37, 0x7F, 0x16, 0x38, 0xFD, 0xA1, 0x2C, 0xE3,
    0x59, 0x0D, 0xFF, 0x52, 0xCE, 0x95, 0x6B, 0x69, 0x7E, 0xB9, 0x54, 0x71, 0xCF, 0xEF, 0x2E, 0xA1,
    0x80, 0xFF, 0x55, 0x8D, 0xE5, 0x02, 0x4A, 0x5D, 0x7B, 0x9D, 0xA2, 0x77, 0x2F, 0xBD, 0xC7, 0xDD,
    0xD4, 0x15, 0xC1, 0x0D, 0x70, 0xBE, 0xE8, 0xED, 0xB4, 0x81, 0xB2, 0xE3, 0xF3, 0x09, 0xEF, 0x3A,
    0xB3, 0x88, 0x1F, 0xDC, 0x00, 0x55, 0xB5, 0x00, 0xDA, 0xC6, 0x2C, 0xC9, 0x06, 0x2A, 0x33, 0xA7,
    0xFC, 0x39, 0x9B, 0xD2, 0x19, 0x04, 0x3B, 0x9A, 0x39, 0x21, 0x94, 0xC1, 0x4C, 0xFC, 0x67, 0x9F,
    0x4D, 0x66, 0x7E, 0x98, 0x90, 0x8F, 0x86, 0x88, 0x57, 0xD1, 0x86, 0x6E, 0x01, 0x36, 0x64, 0x13,
    0x18, 0x24, 0x14, 0x14, 0xC1, 0x8A, 0xD0, 0x72, 0xC2, 0xC6, 0x32, 0x08, 0xF8, 0xB2, 0x17, 0x9F,
    0xCF, 0xE1, 0xE8, 0x4D, 0x8D, 0x43, 0xA3, 0x40, 0x32, 0x48, 0x28, 0x48, 0x83, 0x1E, 0x79, 0x07,
    0x89, 0xC1, 0xB6, 0x47, 0x46, 0x17, 0x2F, 0xB6, 0x9D, 0x4E, 0x70, 0xBC, 0x51, 0x40, 0xBC, 0xD2,
    0xC3, 0x57, 0x91, 0x13, 0xFB, 0x5B, 0xD2, 0xC7, 0x2B, 0xF8, 0xE0, 0x20, 0xA3, 0x57, 0xD8, 0x47,
    0x19, 0xBA, 0xD4, 0xEB, 0x39, 0x2F, 0x11, 0x7F, 0x82, 0x78, 0x34, 0xE8, 0xA9, 0x93, 0x10, 0xBF,
    0xCE, 0xCB, 0x5A, 0xD9, 0x84, 0x51, 0x22, 0x06, 0x28, 0xE4, 0x88, 0x3A, 0xBD, 0x67, 0x74, 0x41,
    0x72, 0xA5, 0x43, 0xA1, 0x67, 0x9E, 0x26, 0xE4, 0x8B, 0xEC, 0x22, 0xE7, 0xBD, 0xA1, 0xCA, 0x8E,
    0x7A, 0x98, 0xE5, 0x6B, 0x3D, 0x98, 0xAF, 0x7F, 0x48, 0xBC, 0x3A, 0xF6, 0x28, 0x69, 0x80, 0x1C,
    0x37, 0x15, 0x24, 0x4B, 0xA5, 0xDB, 0x6F, 0x77, 0x94, 0xB7, 0x48, 0x30, 0xA5, 0x46, 0x4D, 0xDD,
    0x8E, 0x68, 0xE3, 0x29, 0xB8, 0xEB, 0x34, 0x2A, 0xAE, 0x84, 0xBD, 0x6E, 0xAF, 0x24, 0xFE, 0x05,
    0x91, 0x54, 0x1A, 0x3C, 0xF5, 0xDC, 0x5E, 0xB3, 0x1B, 0x5A, 0x7D, 0x31, 0x4D, 0xB7, 0x37, 0x07,
    0x76, 0xCF, 0x2E, 0xF4, 0xBD, 0xC8, 0x0B, 0xE9, 0x8F, 0x3B, 0xD4, 0x7F, 0x15, 0xEE, 0xC3, 0x3E,
    0x88, 0xC2, 0x83, 0x28, 0xB0, 0xB4, 0xFD, 0x93, 0xB0, 0x7E, 0x48, 0xFD, 0x59, 0x64, 0xDD, 0xCB,
    0xD8, 0x80, 0x09, 0x0F, 0x3F, 0xCD, 0x30, 0x20, 0xF1, 0x7C, 0x0E, 0x84, 0x94, 0x3F, 0x4D, 0x11,
    0x4C, 0xF3, 0x24, 0x43, 0x46, 0xCB, 0x81, 0x19, 0xD3, 0x1F, 0x36, 0x4F, 0x3D, 0xF7, 0xBD, 0xE1,
    0x3E, 0xD3, 0x3C, 0x85, 0x32, 0x3C, 0x99, 0x35, 0xE7, 0x60, 0xFB, 0x97, 0x18, 0x8A, 0x20, 0xB0,
    0xF7, 0xE4, 0x53, 0x79, 0x75, 0x2E, 0x19, 0x9F, 0x2A, 0x3E, 0x51, 0x9D, 0xCF, 0x9B, 0xA7, 0x12,
    0x3A, 0xD8, 0x1B, 0xB1, 0xA9, 0xF2, 0xF0, 0x18, 0xE8, 0x61, 0xAB, 0x27, 0x90, 0x7A, 0x81, 0xD3,
    0xD8, 0x40, 0x09, 0x30, 0x14, 0x0C, 0x05, 0xEE, 0x0E, 0xF1, 0xCE, 0x46, 0xE2, 0x07, 0x2F, 0x3A,
    0xA3, 0xC3, 0x90, 0x55, 0xAA, 0x7A, 0x02, 0x86, 0xDF, 0x5C, 0xA7, 0xDC, 0x53, 0x3C, 0x7A, 0xD6,
    0xFE, 0xCD, 0x3B, 0x24, 0xDF, 0xDF, 0x60, 0xD1, 0xC0, 0x7C, 0xA7, 0x03, 0x1C, 0x90, 0x7F, 0x62,
    0x83, 0xD7, 0x24, 0x44, 0xCA, 0x51, 0xF5, 0xB9, 0x2C, 0xC8, 0xED, 0x57, 0xAE, 0x06, 0x39, 0x2B,
    0x92, 0x0D, 0xC7, 0x0A, 0x69, 0x67, 0x02, 0x6A, 0xC0, 0x78, 0x33, 0x60, 0x62, 0x11, 0xCC, 0x98,
    0x72, 0xA7, 0x0F, 0x4E, 0x9E, 0xEB, 0x7B, 0xF1, 0xD5, 0xC7, 0x5F, 0xB3, 0x77, 0xFC, 0xBB, 0x50,
    0xF2, 0x9C, 0x69, 0x32, 0xE5, 0xEA, 0xD2, 0x82, 0xFB, 0xD3, 0x09, 0x2C, 0x44, 0x0D, 0xC6, 0xA2,
    0x69, 0x21, 0x4F, 0xB0, 0xA0, 0xD5, 0xA9, 0xBF, 0x9E, 0x76, 0xA4, 0x1C, 0x24, 0xE4, 0x76, 0x3D,
    0xD6, 0xB4, 0x5E, 0x4F, 0xC3, 0xCB, 0x4A, 0xE7, 0x9A, 0x35, 0xB2, 0xC6, 0x06, 0x60, 0xD2, 0xF7,
    0x40, 0xCC, 0x00, 0xDB, 0xD9, 0x0E, 0x59, 0x8F, 0xEC, 0x56, 0xDB, 0xE8, 0xED, 0xF3, 0xED, 0xE3,
    0x41, 0x36, 0xC7, 0xD7, 0x00, 0x90, 0x58, 0xE4, 0x73, 0x74, 0xFD, 0x64, 0x7E, 0x9D, 0x6E, 0x4D,
    0xB8, 0xCC, 0xD6, 0x84, 0x2B, 0x93, 0x54, 0xE7, 0x78, 0x76, 0x60, 0xD7, 0x7A, 0x55, 0x17, 0x0C,
    0x81, 0xBD, 0x4E, 0x1B, 0x00, 0x15, 0x24, 0xDA, 0xA6, 0xF3, 0x38, 0x25, 0x6A, 0x2E, 0x80, 0x56,
    0x52, 0x6A, 0x50, 0xAA, 0x15, 0x57, 0x6A, 0xC2, 0x89, 0xB8, 0x7A, 0xA2, 0x49, 0xD2, 0x11, 0xBB,
    0x57, 0x3E, 0xEB, 0xEF, 0xC3, 0x1A, 0x31, 0xBD, 0x44, 0x85, 0x56, 0xB7, 0x4F, 0x7B, 0x10, 0x75,
    0x09, 0x5B, 0x76, 0xBA, 0x3C, 0x1F, 0xF8, 0xD7, 0xCC, 0x97, 0x02, 0xCC, 0xC8, 0xFF, 0x65, 0x43,
    0x36, 0x48, 0x77, 0xA5, 0x53, 0x16, 0xCC, 0x98, 0x07, 0x33, 0xC8, 0x3F, 0x0C, 0x95, 0x87, 0x74,
    0xCA, 0xFB, 0x74, 0x44, 0x1E, 0xB0, 0x21, 0xC9, 0x64, 0xBB, 0x74, 0x42, 0xDE, 0x63, 0xB2, 0xF2,
    0x21, 0x91, 0x0F, 0xF3, 0x5D, 0x3F, 0x9C, 0xDC, 0xB6, 0x53, 0x80, 0x14, 0x2D, 0x1F, 0xB8, 0x68,
    0xFE, 0x90, 0x85, 0x74, 0xCC, 0x7B, 0x33, 0xC0, 0x0C, 0xE9, 0x68, 0x82, 0x19, 0xB2, 0xCD, 0x2F,
    0xCB, 0x36, 0x98, 0x41, 0x3F, 0x82, 0x6F, 0x62, 0x61, 0xCC, 0x68, 0x7B, 0x60, 0xB1, 0x1D, 0xE6,
    0xA2, 0x4B, 0x64, 0xDD, 0x56, 0xB7, 0x1E, 0x6D, 0xDD, 0x80, 0xEA, 0x46, 0x9D, 0x92, 0x5B, 0x7F,
    0x51, 0x10, 0x47, 0x00, 0x7D, 0x6B, 0xE5, 0xB3, 0x44, 0xCB, 0xEB, 0x9B, 0xDF, 0xAB, 0x44, 0xB7,
    0x1A, 0xA2, 0x96, 0xE2, 0xAF, 0xA7, 0x21, 0x23, 0x1A, 0x72, 0xA2, 0xEB, 0x39, 0xF9, 0x4F, 0x01,
    0xA7, 0xF4, 0x57, 0xC6, 0xC1, 0xE9, 0x06, 0x48, 0x64, 0xBA, 0x56, 0xAE, 0xE6, 0xAF, 0x46, 0x24,
    0x26, 0x7A, 0x29, 0xBE, 0x7A, 0x6A, 0x66, 0xAA, 0xA0, 0xEF, 0x86, 0xF4, 0x14, 0xF7, 0xAD, 0x41,
    0x7A, 0x32, 0xAB, 0xAB, 0x95, 0xAC, 0x57, 0x23, 0xD1, 0xAC, 0x6A, 0x28, 0xAE, 0x8A, 0xC6, 0x72,
    0x8C, 0x95, 0x25, 0x71, 0x7D, 0x20, 0x75, 0xE9, 0x4C, 0x3D, 0xEF, 0x2E, 0xF2, 0xE2, 0xCF, 0x0E,
    0x28, 0xDE, 0x12, 0x57, 0xCE, 0xD3, 0x6D, 0x23, 0xAC, 0x08, 0x98, 0xCD, 0xDB, 0xFC, 0x4C, 0x7D,
    0xD9, 0x27, 0x63, 0xB6, 0x01, 0x9C, 0x6A, 0xDF, 0x7D, 0x36, 0x64, 0x15, 0xCE, 0xC3, 0x11, 0x7D,
    0xBF, 0x4B, 0x80, 0x11, 0x0F, 0x5C, 0xBC, 0x78, 0xA9, 0x81, 0x04, 0x0A, 0x15, 0x73, 0x7D, 0xD4,
    0x54, 0x5C, 0x00, 0x56, 0x31, 0x4B, 0x60, 0x15, 0x73, 0x7D, 0x86, 0x54, 0xEF, 0x10, 0x31, 0x35,
    0xAB, 0x88, 0x69, 0x7A, 0x19, 0x8A, 0x7A, 0x87, 0xAA, 0x44, 0x86, 0x14, 0xF2, 0x93, 0xAC, 0xC5,
    0xED, 0xAC, 0x5A, 0x78, 0xBC, 0x64, 0xD2, 0xF4, 0x4B, 0xA2, 0xD3, 0xE4, 0x35, 0x40, 0x74, 0xEA,
    0x0B, 0xEA, 0x21, 0x3A, 0x45, 0xFB, 0xFB, 0x13, 0x44, 0xA7, 0xC9, 0x92, 0x2C, 0x10, 0x9D, 0x9A,
    0x09, 0xB4, 0xEA, 0x74, 0x44, 0xAB, 0x3A, 0xCD, 0x07, 0xB4, 0xAA, 0x53, 0x3B, 0x80, 0x54, 0xA7,
    0x91, 0x4D, 0xF2, 0x26, 0xAD, 0x36, 0xDB, 0x4C, 0x19, 0xA9, 0x4E, 0xF5, 0x51, 0x3C, 0x11, 0xB3,
    0xFE, 0xE9, 0xAC, 0x3A, 0x55, 0x29, 0x55, 0xCC, 0x6C, 0x50, 0x9D, 0x9E, 0x66, 0x39, 0x44, 0xCC,
    0x02, 0x45, 0xA7, 0x3A, 0x75, 0x95, 0x6B, 0x54, 0xA7, 0xE5, 0x9F, 0x2E, 0xAB, 0x4E, 0x2D, 0x45,
    0xA5, 0x26, 0x87, 0xD5, 0x8E, 0x4E, 0x77, 0xD4, 0xBA, 0xA3, 0xD9, 0x6D, 0xE5, 0x62, 0x5B, 0xBF,
    0x3B, 0x2A, 0xDE, 0xD1, 0xF2, 0x8E, 0xA2, 0x77, 0x74, 0xBD, 0xA3, 0xEE, 0x1D, 0x8D, 0xEF, 0x28,
    0x7D, 0x57, 0xEF, 0x51, 0xF5, 0x78, 0x08, 0x38, 0xFD, 0xB5, 0x55, 0xFB, 0x68, 0xC5, 0x57, 0x69,
    0x07, 0xE4, 0x0B, 0xE4, 0x8D, 0x6A, 0xE9, 0x83, 0x76, 0x41, 0xCE, 0x5A, 0xE7, 0x6E, 0xB0, 0x1B,
    0xAD, 0x15, 0x9D, 0x99, 0xA4, 0x27, 0xF2, 0x2F, 0xF2, 0x94, 0xCC, 0xCC, 0xD2, 0x19, 0xEC, 0x66,
    0xEB, 0xCA, 0xCC, 0xD2, 0x1F, 0x5C, 0x19, 0x89, 0x60, 0xA8, 0xB9, 0xB2, 0x44, 0x3F, 0x48, 0xA0,
    0x09, 0xE9, 0x22, 0x1F, 0xD2, 0x41, 0x3E, 0xC8, 0xA1, 0x86, 0xB4, 0xAC, 0x08, 0xFA, 0xC0, 0x9E,
    0xB4, 0xAC, 0xEC, 0x39, 0x38, 0x8F, 0xDA, 0xB2, 0xB2, 0x33, 0x13, 0x8B, 0x2C, 0x2D, 0x93, 0xD7,
    0xB8, 0x2D, 0x7B, 0xA2, 0xF8, 0xA1, 0xE8, 0xB4, 0x65, 0xB5, 0x4F, 0x67, 0xB8, 0x46, 0x47, 0x40,
    0xDB, 0x80, 0xD0, 0x6A, 0x87, 0x7D, 0x9A, 0xBE, 0xAB, 0x36, 0xE5, 0x00, 0xE8, 0xE3, 0x7F, 0xAA,
    0x49, 0x79, 0xEF, 0x5A, 0x2C, 0x50, 0x7A, 0x2E, 0x7D, 0x55, 0x7A, 0x4D, 0xC4, 0x89, 0x3D, 0x26,
    0xBD, 0x25, 0x62, 0x68, 0x4F, 0x1D, 0xAF, 0xBD, 0xA4, 0x8A, 0xA5, 0x38, 0x70, 0x16, 0x09, 0xC6,
    0xDA, 0x33, 0x85, 0x8F, 0xBD, 0x12, 0x7B, 0x64, 0x5E, 0x49, 0x32, 0xEE, 0xF4, 0x44, 0xCE, 0xB1,
    0xEE, 0xA1, 0x1F, 0x49, 0x0F, 0x94, 0x5F, 0x20, 0x92, 0xB5, 0x7B, 0x9D, 0x8F, 0xFA, 0x84, 0xE3,
    0x24, 0x93, 0xD2, 0xB2, 0x4F, 0x07, 0xDB, 0x65, 0xAC, 0xF1, 0x8F, 0xF7, 0xB9, 0xCF, 0x26, 0xD6,
    0x36, 0x4B, 0x36, 0x6E, 0x34, 0x5D, 0xB3, 0x72, 0x02, 0x54, 0x31, 0x6D, 0xA3, 0x52, 0xD1, 0x75,
    0xA8, 0x54, 0x24, 0xF3, 0x7D, 0x69, 0x8A, 0x5A, 0xAE, 0x46, 0x38, 0xA7, 0x01, 0x4F, 0xA4, 0xAA,
    0x98, 0x24, 0x23, 0xD2, 0x8E, 0x89, 0x09, 0xFC, 0xE3, 0x3C, 0x6C, 0x07, 0x33, 0x72, 0x81, 0x65,
    0x03, 0x43, 0xAF, 0x2F, 0x6A, 0xA0, 0x6D, 0xB4, 0xF6, 0xD3, 0x7F, 0x00, 0x20, 0xF9, 0xC3, 0x03,
    0x9D, 0x98, 0x14, 0xB4, 0x76, 0x6D, 0xFB, 0x5F, 0x68, 0xAD, 0x18, 0xB5, 0xF6, 0xC2, 0x1C, 0x1F,
    0xF7, 0x3C, 0x8A, 0x0F, 0x7C, 0xDE, 0xC3, 0x5F, 0xE9, 0xA1, 0x66, 0xBB, 0xAA, 0x03, 0x8B, 0x64,
    0x92, 0x99, 0x82, 0x8D, 0x07, 0x6E, 0x3A, 0x3A, 0xF4, 0xB5, 0x70, 0x6D, 0xDF, 0x04, 0x1D, 0xCD,
    0xE9, 0x70, 0xFA, 0x8F, 0x2A, 0xEE, 0x98, 0x2C, 0xB0, 0x40, 0x7B, 0xB8, 0xDF, 0xBE, 0xB5, 0x98,
    0x39, 0xE1, 0xF7, 0x9E, 0x9F, 0x9D, 0x12, 0xCA, 0x6F, 0x5C, 0x3C, 0xBA, 0x62, 0x86, 0x84, 0x4A,
    0xA2, 0x69, 0x4A, 0x43, 0x42, 0x35, 0xD1, 0x7B, 0x03, 0x60, 0x96, 0x8D, 0xC6, 0x9E, 0xEF, 0xF5,
    0x29, 0x4F, 0x1D, 0xC8, 0xEB, 0x11, 0x92, 0xBB, 0xB9, 0x1E, 0xB5, 0xBA, 0x05, 0x50, 0xA9, 0xEA,
    0x1E, 0xF1, 0x25, 0x0B, 0xA8, 0x54, 0xF9, 0x28, 0x63, 0xF6, 0x03, 0x42, 0x6A, 0xE0, 0x1B, 0x42,
    0x26, 0x40, 0xAC, 0x51, 0xDE, 0x2B, 0xE4, 0x02, 0x33, 0x6E, 0xFF, 0xDB, 0xD4, 0xA8, 0x15, 0xC7,
    0x99, 0x4B, 0xF2, 0x5A, 0xB5, 0xED, 0x1D, 0xA2, 0x67, 0xD8, 0xB5, 0xB1, 0xB2, 0x89, 0xDE, 0x60,
    0xC7, 0x13, 0x88, 0x17, 0xD8, 0xF6, 0x00, 0x3A, 0xFA, 0xB7, 0x47, 0xBE, 0x8E, 0xFA, 0x38, 0xE2,
    0x77, 0x6D, 0x4C, 0x03, 0xD7, 0xA7, 0x74, 0x94, 0x13, 0xCD, 0x32, 0xC2, 0x13, 0xA2, 0x49, 0x46,
    0x77, 0xFA, 0xF6, 0xE1, 0xA4, 0x0E, 0xD6, 0xE3, 0x29, 0xF5, 0xAF, 0x0D, 0x1E, 0x53, 0xF7, 0x5A,
    0x61, 0xF5, 0xAE, 0x90, 0xAB, 0xC6, 0xFD, 0x0F, 0x1D, 0x40, 0xA4, 0x2A, 0x89, 0x2A, 0x91, 0xCA,
    0xBD, 0xD2, 0x76, 0xAB, 0x54, 0x65, 0x58, 0xA5, 0xB2, 0x81, 0xA5, 0x12, 0x22, 0x52, 0xBD, 0xB0,
    0x8E, 0xD6, 0x64, 0x60, 0xC2, 0x36, 0x26, 0xFB, 0x55, 0x79, 0x8F, 0x34, 0xDA, 0x47, 0x42, 0xBF,
    0x47, 0x95, 0xD8, 0x47, 0x4D, 0xE3, 0x96, 0xC6, 0xD4, 0xC6, 0xCE, 0x1C, 0x44, 0x23, 0x2B, 0x9A,
    0xD5, 0xCA, 0xE4, 0x5E, 0x31, 0x33, 0xCC, 0x50, 0x3B, 0x93, 0x7E, 0x53, 0x43, 0x33, 0x61, 0xB5,
    0xB4, 0xE8, 0x24, 0xDB, 0x13, 0x77, 0xAB, 0xA6, 0xAC, 0xC6, 0x86, 0xF8, 0xE8, 0xA8, 0xEA, 0x57,
    0x8A, 0x97, 0xA6, 0x88, 0xD8, 0x92, 0x55, 0xBE, 0x71, 0x4F, 0x6F, 0x5E, 0xC3, 0x90, 0xCF, 0xC7,
    0x19, 0x51, 0x60, 0x93, 0xE3, 0x39, 0x30, 0x05, 0xB6, 0x39, 0x13, 0xEC, 0xE1, 0xEB, 0x81, 0x8D,
    0x2E, 0xEF, 0xEE, 0x07, 0x7A, 0xB6, 0xBA, 0xC2, 0x7F, 0x18, 0x68, 0x6A, 0xA2, 0xD1, 0xE1, 0x1C,
    0x44, 0x8B, 0x17, 0x66, 0x61, 0x6A, 0x5E, 0x2F, 0xBF, 0x58, 0x41, 0xC7, 0x68, 0x4B, 0x13, 0x20,
    0x06, 0x76, 0xF3, 0x33, 0x04, 0xAC, 0x62, 0x12, 0x27, 0x35, 0x38, 0xB9, 0x1D, 0xC2, 0xBD, 0x08,
    0x93, 0x34, 0xCC, 0x58, 0xCC, 0xDC, 0xCB, 0xB7, 0x56, 0x46, 0x6B, 0x5B, 0x89, 0xCE, 0x6D, 0x48,
    0x48, 0xA5, 0xCF, 0x96, 0xE7, 0x27, 0x75, 0x07, 0x09, 0x51, 0x8F, 0x38, 0x6E, 0x39, 0x39, 0x6E,
    0x74, 0xDC, 0xAA, 0xAE, 0xF5, 0x96, 0x67, 0x16, 0x35, 0x48, 0x09, 0xB3, 0xE2, 0xC9, 0xCC, 0x08,
    0x52, 0x85, 0x27, 0x81, 0x99, 0x53, 0xE1, 0x49, 0x15, 0x2E, 0x77, 0xA6, 0xA3, 0x30, 0x71, 0x1C,
    0x42, 0xA2, 0x5D, 0xC2, 0x2D, 0x55, 0x54, 0x78, 0x1D, 0x62, 0x70, 0xB3, 0x23, 0x26, 0x65, 0xD9,
    0x94, 0x0E, 0x1B, 0x9D, 0xE0, 0x9E, 0x0D, 0xCB, 0x7A, 0x47, 0x84, 0xFD, 0x0D, 0xB3, 0xBE, 0x25,
    0x92, 0xC0, 0xED, 0xAA, 0x5B, 0x87, 0x2D, 0x08, 0x45, 0x38, 0x46, 0xC0, 0xFD, 0x68, 0x7F, 0x40,
    0xDF, 0x9C, 0x92, 0x1E, 0xF7, 0xA2, 0xA4, 0xC5, 0x84, 0xD4, 0xB3, 0x24, 0x2F, 0x56, 0x79, 0x67,
    0x98, 0xC9, 0x60, 0xCE, 0xFE, 0xB5, 0x46, 0x5D, 0x07, 0xD9, 0xAF, 0x17, 0x9B, 0xB0, 0x37, 0xEA,
    0xA0, 0x3D, 0xAD, 0xA3, 0x57, 0xC5, 0x34, 0x93, 0x28, 0x5C, 0x98, 0x2A, 0xFC, 0x41, 0x65, 0x35,
    0xB0, 0xAF, 0x6C, 0x02, 0x16, 0xCE, 0x21, 0xBD, 0x4F, 0x55, 0x11, 0xD4, 0xC4, 0xEB, 0x1B, 0xAD,
    0x2A, 0x5C, 0x5F, 0xED, 0xD5, 0xEB, 0xC5, 0x0B, 0x02, 0xAF, 0xAD, 0x76, 0x0A, 0xB3, 0xDA, 0x69,
    0x7C, 0x39, 0x20, 0x6E, 0xED, 0xAA, 0xDA, 0xFE, 0xF3, 0xB8, 0xFA, 0x97, 0xF4, 0x87, 0xC3, 0x2A,
    0x4F, 0xFE, 0xED, 0x61, 0x55, 0x5B, 0x61, 0x03, 0x54, 0x6D, 0xFB, 0xCC, 0x64, 0xCE, 0x15, 0x8A,
    0x5E, 0x0D, 0xC0, 0x74, 0x65, 0xA7, 0x76, 0x6A, 0x2B, 0xE7, 0xD5, 0x4E, 0xDD, 0x61, 0xFB, 0x76,
    0x23, 0x59, 0x65, 0x6B, 0x5A, 0xEC, 0xF4, 0x81, 0x8B, 0xED, 0x77, 0x2B, 0xB5, 0x53, 0xB4, 0x95,
    0xDA, 0x29, 0x40, 0x10, 0x3B, 0x15, 0xA6, 0x76, 0x8A, 0x0F, 0xD1, 0x81, 0xDA, 0x29, 0xFB, 0x75,
    0xB5, 0x53, 0x3C, 0xF0, 0x4B, 0x63, 0xA7, 0xFF, 0x37, 0xBD, 0x25, 0x5E, 0xAC, 0xD4, 0x5B, 0x66,
    0x34, 0xEA, 0x7C, 0xC8, 0xDD, 0x98, 0xC5, 0x5B, 0x82, 0xB0, 0x88, 0xB7, 0x4C, 0x67, 0x1C, 0xC5,
    0xD9, 0xE8, 0x0B, 0xE2, 0x2D, 0x6D, 0x58, 0xBD, 0x65, 0xD1, 0xAF, 0xDE, 0xB2, 0xFC, 0xF1, 0x02,
    0x91, 0xCA, 0x11, 0xA9, 0x52, 0xDC, 0xB0, 0x9A, 0x52, 0xED, 0xAD, 0x76, 0x7A, 0xDD, 0xE4, 0x32,
    0xC7, 0x11, 0x22, 0x52, 0xD5, 0x55, 0x3E, 0x20, 0x99, 0x98, 0xA8, 0xB7, 0x84, 0x6B, 0x36, 0x44,
    0x5F, 0x9D, 0x58, 0xA3, 0xA9, 0x7D, 0x77, 0xF5, 0x96, 0x86, 0xE6, 0x68, 0x86, 0x07, 0x80, 0x9C,
    0x4D, 0xE1, 0x8C, 0xAC, 0xBE, 0xC8, 0x4B, 0xB1, 0x5C, 0x77, 0xA3, 0xAD, 0xDD, 0x3B, 0xBC, 0x5A,
    0x69, 0x73, 0x3F, 0x87, 0xAC, 0xD2, 0xF6, 0x06, 0xA4, 0x3C, 0xDA, 0x85, 0xAD, 0x31, 0x31, 0xE9,
    0x4F, 0x16, 0x0C, 0xDF, 0x65, 0xA3, 0x9E, 0xA5, 0x1A, 0xEA, 0xD5, 0x6C, 0xCD, 0x8D, 0xE7, 0x27,
    0xC9, 0xBA, 0xF3, 0xEF, 0xBA, 0xA5, 0x4B, 0x1C, 0xED, 0x09, 0xA1, 0xE6, 0x09, 0xD5, 0x29, 0x24,
    0x8B, 0xB4, 0xDC, 0x3B, 0xA4, 0x4B, 0x3A, 0x24, 0xCB, 0xF3, 0xBD, 0xE3, 0x89, 0x78, 0x9F, 0x8D,
    0x59, 0x70, 0x3E, 0x1F, 0xAD, 0x2F, 0xFA, 0xAC, 0x2F, 0x6F, 0xB6, 0xBD, 0xAB, 0x9C, 0x4F, 0xAB,
    0x9C, 0xA8, 0x3A, 0x16, 0x87, 0x8E, 0x7F, 0x74, 0x90, 0x88, 0x1B, 0x52, 0xDB, 0x4B, 0xE8, 0xD2,
    0x75, 0x66, 0x79, 0x2F, 0xB3, 0x77, 0x11, 0xD3, 0x50, 0x43, 0x95, 0x88, 0x69, 0x66, 0xCD, 0x23,
    0xD3, 0xC8, 0x9A, 0xE5, 0x1F, 0x99, 0x39, 0x31, 0x99, 0xF8, 0x37, 0xDB, 0x09, 0x5B, 0x8D, 0x46,
    0xCA, 0x16, 0xAB, 0xD1, 0xE3, 0xBF, 0x09, 0x40, 0xFB, 0xDC, 0x3A, 0xDA, 0x6F, 0x4F, 0x0D, 0xB7,
    0xE6, 0x85, 0xF8, 0x7A, 0xB4, 0xC2, 0x41, 0xAC, 0x90, 0x85, 0x11, 0x2B, 0x14, 0x95, 0xA9, 0x15,
    0xBA, 0x68, 0x85, 0xD7, 0xD4, 0x0A, 0x55, 0x5F, 0x89, 0xF8, 0xD5, 0x68, 0x85, 0x9D, 0x6A, 0x4D,
    0x95, 0x65, 0x26, 0x11, 0x42, 0x49, 0xB4, 0xC2, 0x34, 0x1E, 0x0B, 0x65, 0xE1, 0xA1, 0x3F, 0x92,
    0xC9, 0x87, 0xF5, 0x44, 0x7A, 0xB2, 0xF3, 0xEC, 0x9C, 0x49, 0xCC, 0xBE, 0x92, 0x0F, 0x29, 0xC7,
    0x6C, 0x9E, 0x20, 0x26, 0x33, 0x5B, 0xE1, 0xB0, 0x21, 0x3C, 0x2F, 0xFC, 0x76, 0x6F, 0x83, 0x19,
    0x79, 0x96, 0xE3, 0xED, 0x94, 0x07, 0x51, 0x50, 0x46, 0x6D, 0x25, 0x52, 0x25, 0x24, 0x02, 0x8D,
    0x1B, 0xB2, 0x40, 0xA4, 0x2A, 0x7E, 0x48, 0x1E, 0x3A, 0x2A, 0xDB, 0x9E, 0xA5, 0x4A, 0x16, 0x94,
    0xE2, 0x78, 0x74, 0x86, 0x8D, 0x79, 0x25, 0xE9, 0x28, 0x44, 0x26, 0x37, 0xE9, 0x8C, 0xD2, 0xCB,
    0x80, 0xA2, 0xDF, 0xA5, 0x4A, 0xA7, 0xE7, 0xDB, 0x31, 0x5B, 0xE2, 0x8B, 0x68, 0xAC, 0x26, 0xD5,
    0xA9, 0x46, 0x97, 0xAC, 0x5F, 0x35, 0x6F, 0xBD, 0xC6, 0x16, 0xCE, 0xAA, 0xA1, 0xE5, 0x78, 0xB5,
    0x9C, 0x64, 0x52, 0x75, 0xC4, 0x70, 0xD2, 0xAB, 0x69, 0x96, 0x8B, 0x38, 0x54, 0x8D, 0x2A, 0x2E,
    0x06, 0x95, 0x79, 0x8D, 0x29, 0xAA, 0x31, 0x64, 0x93, 0x61, 0x8D, 0x71, 0x44, 0x11, 0x8D, 0x71,
    0x40, 0x29, 0xBF, 0xB8, 0xD1, 0x18, 0xC7, 0x93, 0x9A, 0x35, 0xC6, 0xE1, 0x44, 0x34, 0xB6, 0x89,
    0x26, 0x6F, 0x89, 0xC6, 0x4A, 0x5A, 0x32, 0xD1, 0xD8, 0x26, 0x96, 0xD8, 0x13, 0x8D, 0x55, 0xAB,
    0xC6, 0x8E, 0xA3, 0xC6, 0xA6, 0x9F, 0xD5, 0x58, 0x1E, 0x35, 0x56, 0xF8, 0x55, 0x63, 0xEE, 0xAE,
    0x1A, 0x33, 0x27, 0x1A, 0xEB, 0x56, 0x8D, 0x95, 0xCD, 0xAE, 0xC6, 0xE2, 0xB8, 0x7D, 0x11, 0x71,
    0xDC, 0x4E, 0x58, 0xC7, 0x6D, 0x3A, 0xC4, 0x71, 0x9B, 0xF5, 0x71, 0xDC, 0x5A, 0x1F, 0xC7, 0xAD,
    0xAB, 0x84, 0x89, 0xA8, 0x71, 0xDC, 0x4E, 0x71, 0xDC, 0x9A, 0x10, 0xC7, 0x6D, 0xDE, 0xC7, 0x71,
    0x5B, 0xF8, 0x38, 0x6E, 0x1D, 0xE2, 0xB8, 0xBD, 0xA6, 0x2C, 0xA1, 0x64, 0x3C, 0xFD, 0x87, 0x8D,
    0x8C, 0x5B, 0x13, 0x1C, 0x4D, 0xE0, 0x71, 0x6B, 0x3B, 0x7A, 0x9A, 0xA4, 0x71, 0xF2, 0x8F, 0xB0,
    0x81, 0xC7, 0x6D, 0xCD, 0x23, 0xA9, 0xE2, 0x71, 0x3B, 0x31, 0xE3, 0x70, 0xFB, 0xCC, 0xB0, 0x61,
    0x0B, 0x8F, 0xDB, 0x2C, 0x18, 0x4A, 0x35, 0x52, 0xF8, 0x84, 0xDE, 0xE9, 0x00, 0x75, 0x6E, 0x0B,
    0x54, 0xCC, 0x78, 0x3E, 0x32, 0x21, 0xBB, 0x49, 0x22, 0xE1, 0x80, 0xB2, 0x2B, 0xD7, 0x75, 0x4A,
    0xDD, 0xC4, 0x99, 0x39, 0xC1, 0x68, 0xF0, 0x8C, 0xEC, 0x9A, 0xB0, 0x35, 0x78, 0xB6, 0x55, 0x1E,
    0xA0, 0xAE, 0xF1, 0x7A, 0xDD, 0xE9, 0xB8, 0xCA, 0xB7, 0x23, 0xB2, 0xA8, 0xF4, 0x53, 0xEB, 0xE2,
    0x84, 0x66, 0x60, 0x12, 0xD5, 0x4E, 0x32, 0x7E, 0xDD, 0xE1, 0xE1, 0x28, 0x4A, 0x39, 0xC7, 0xE6,
    0x57, 0x78, 0xD6, 0xAB, 0xE9, 0xE0, 0x00, 0x9E, 0xDB, 0xFB, 0x55, 0x23, 0x45, 0x5C, 0x39, 0xEF,
    0x45, 0x77, 0x77, 0xB4, 0x7A, 0xBB, 0x64, 0x50, 0x6B, 0x84, 0xE9, 0x55, 0x8F, 0x9C, 0x69, 0xD6,
    0x4C, 0x55, 0x3A, 0x26, 0xAF, 0xBF, 0x2A, 0xC3, 0x2E, 0x58, 0x22, 0xC9, 0xE4, 0x5D, 0x57, 0xFB,
    0x64, 0x44, 0x59, 0xB5, 0x55, 0xE9, 0x4D, 0xC0, 0x15, 0x10, 0x8A, 0x2E, 0xEF, 0x30, 0x31, 0xF1,
    0x45, 0x63, 0x06, 0x10, 0x5C, 0x73, 0x8A, 0xA5, 0x22, 0xDF, 0xAA, 0x0A, 0xEA, 0xF7, 0x06, 0xD5,
    0x40, 0x21, 0x2A, 0x3B, 0x66, 0xD2, 0xAB, 0x35, 0x2E, 0xF5, 0xA4, 0xDB, 0xA9, 0x43, 0xAE, 0x5E,
    0xA5, 0xE8, 0x53, 0x02, 0x0A, 0x09, 0xB9, 0x24, 0x99, 0x94, 0xCC, 0x42, 0x16, 0xF1, 0x2A, 0xA5,
    0xEE, 0xF8, 0x01, 0xF6, 0x66, 0x31, 0x88, 0x15, 0xA5, 0x6C, 0x62, 0x72, 0x3D, 0xF4, 0xE5, 0xED,
    0x78, 0xAB, 0xE1, 0x36, 0x46, 0xDB, 0x18, 0x6C, 0x63, 0xAC, 0x8D, 0xA1, 0x36, 0x46, 0xDA, 0x18,
    0x68, 0x63, 0x9C, 0x8D, 0x61, 0x56, 0xA3, 0xEC, 0x56, 0x90, 0x8D, 0x31, 0x56, 0x43, 0x2C, 0x34,
    0xC2, 0x32, 0x06, 0x55, 0x63, 0xA1, 0x63, 0x5A, 0xC2, 0x2B, 0x00, 0x89, 0xAE, 0x00, 0x24, 0xB8,
    0x62, 0x8D, 0xAD, 0x90, 0xAB, 0x56, 0xC0, 0xA4, 0x90, 0x0E, 0x8A, 0x59, 0xAF, 0x78, 0xC7, 0xB6,
    0xB5, 0x82, 0x08, 0x21, 0xC3, 0x58, 0xF1, 0x8E, 0xFF, 0xFB, 0x81, 0x02, 0xB6, 0x5F, 0xEC, 0xD7,
    0xF1, 0xD8, 0xDE, 0x68, 0xD9, 0x8B, 0xC1, 0x4E, 0xDC, 0x38, 0xB3, 0xC8, 0xDC, 0x97, 0x58, 0xAB,
    0x09, 0x55, 0xB8, 0xA0, 0xF3, 0xA0, 0xBB, 0xA5, 0x3B, 0x9B, 0xD3, 0x46, 0xD3, 0x45, 0x3D, 0x96,
    0x3A, 0x30, 0x9C, 0x91, 0xB6, 0x3B, 0x7D, 0x8F, 0xB0, 0x42, 0xEB, 0xD1, 0x36, 0x7C, 0x7B, 0xDD,
    0xD9, 0x49, 0xDA, 0xDF, 0xAB, 0x79, 0xEB, 0x91, 0x80, 0x4E, 0x7D, 0xD7, 0x98, 0x54, 0x50, 0x58,
    0xDB, 0xDF, 0x7E, 0x45, 0x76, 0x51, 0x24, 0xA8, 0x91, 0xEA, 0x20, 0x1B, 0xD4, 0xCB, 0x8A, 0x8A,
    0xA9, 0x12, 0x3D, 0x14, 0x5C, 0x85, 0x68, 0xC2, 0x71, 0x35, 0x26, 0x28, 0xA3, 0x4A, 0xBA, 0xA4,
    0x6E, 0x36, 0xAC, 0x68, 0xE2, 0xEE, 0x89, 0x68, 0x84, 0x2A, 0x10, 0x66, 0x65, 0xC9, 0x92, 0x8E,
    0xCA, 0xD2, 0xD9, 0x04, 0xF6, 0x17, 0x54, 0x99, 0xC9, 0x7A, 0xF6, 0xF4, 0x54, 0x65, 0x43, 0xF9,
    0x79, 0x76, 0xF5, 0x6D, 0x63, 0x43, 0x2D, 0xBE, 0xDE, 0xF9, 0xD2, 0x4F, 0x86, 0xBF, 0x2B, 0xDE,
    0xA5, 0x74, 0x48, 0x58, 0xA0, 0x8C, 0x46, 0x11, 0x93, 0x00, 0xF6, 0xBA, 0x6A, 0x2F, 0x2A, 0x66,
    0x11, 0x9D, 0x59, 0xB9, 0x68, 0x87, 0x89, 0xCB, 0x8F, 0x5D, 0x56, 0x73, 0xA2, 0x96, 0x33, 0xC6,
    0x6E, 0xCB, 0x56, 0x2F, 0x71, 0x8F, 0x7A, 0x89, 0x19, 0xB2, 0x90, 0x88, 0x8B, 0xBB, 0x7C, 0xD4,
    0xAC, 0xEC, 0xF9, 0xD5, 0x4B, 0xD4, 0x3F, 0x20, 0x2F, 0xE1, 0x37, 0xCE, 0xE0, 0xA3, 0x36, 0xFF,
    0x27, 0x63, 0x00, 0x02, 0xFB, 0xFF, 0xFF, 0x0F, 0x40, 0x71, 0x03, 0x88, 0x0F, 0x00, 0x62, 0x80,
    0x81, 0x00, 0x08, 0x95, 0xFF, 0x04, 0xD0, 0x6E, 0x19, 0xC2, 0x48, 0x4F, 0x45, 0x51, 0xF8, 0xB6,
    0x5D, 0xA8, 0xA8, 0x18, 0x0C, 0x09, 0xAE, 0x5E, 0xD5, 0xAB, 0xD6, 0xAB, 0x15, 0xEB, 0xBD, 0xC1,
    0x1B, 0x92, 0x36, 0x41, 0x62, 0x50, 0x68, 0xEC, 0x8E, 0x97, 0x24, 0x6F, 0xBC, 0xAA, 0xC7, 0x54,
    0xA1, 0x2B, 0x4A, 0x52, 0x92, 0xB6, 0x87, 0x79, 0xF7, 0xDE, 0x77, 0xBA, 0x0C, 0xBB, 0x09, 0xA8,
    0xDF, 0xEC, 0x98, 0x3D, 0xD9, 0x34, 0xBD, 0xF7, 0x9C, 0xEF, 0xCD, 0x79, 0x23, 0x0D, 0xC6, 0xA8,
    0x4A, 0x40, 0x80, 0x25, 0xCA, 0xFA, 0xCF, 0xF0, 0xE3, 0x56, 0x6D, 0x51, 0xB6, 0xB7, 0xF6, 0xA7,
    0xA5, 0x50, 0x09, 0x69, 0xEA, 0xB9, 0x58, 0xEF, 0x2A, 0x83, 0x3C, 0xB5, 0x63, 0x31, 0xDD, 0x65,
    0xBE, 0xC7, 0x67, 0xF4, 0x55, 0xF1, 0xA9, 0xDE, 0x64, 0x79, 0x97, 0x18, 0x54, 0x56, 0xAB, 0x08,
    0x3A, 0x95, 0xF5, 0x71, 0xBD, 0xE2, 0x1A, 0xFF, 0x7D, 0x81, 0x7E, 0xE2, 0xC3, 0x35, 0xE5, 0x5D,
    0xCF, 0x52, 0x1C, 0xB6, 0x57, 0x33, 0x49, 0xB1, 0x9B, 0x6C, 0x47, 0xB1, 0x05, 0x74, 0x52, 0xA9,
    0x52, 0x27, 0x55, 0x2B, 0xE5, 0x65, 0x31, 0x19, 0x06, 0xB9, 0xCC, 0x26, 0xD1, 0x49, 0x9D, 0xA4,
    0x24, 0x99, 0x21, 0xBE, 0x5A, 0x65, 0x7E, 0xE8, 0xAB, 0x75, 0xF3, 0xE3, 0x34, 0xB1, 0xD3, 0x44,
    0x1C, 0x1A, 0x86, 0x8F, 0xFD, 0xE8, 0x50, 0x88, 0xC9, 0x59, 0x5F, 0xED, 0x26, 0xF2, 0x64, 0x62,
    0xA6, 0x89, 0xE8, 0x67, 0xA3, 0x9F, 0xF2, 0x23, 0x3F, 0x34, 0xB1, 0xBC, 0x67, 0x82, 0x9B, 0xFF,
    0x33, 0xF3, 0xE1, 0x61, 0x9B, 0x6F, 0xFA, 0x29, 0xAB, 0x76, 0x1B, 0x80, 0xAE, 0xC2, 0x62, 0x03,
    0x56, 0xA9, 0x0E, 0x5D, 0x9C, 0x27, 0xC0, 0x27, 0xFB, 0x03, 0x25, 0x70, 0x98, 0x83, 0xA9, 0x82,
    0x8A, 0x7E, 0x28, 0xCC, 0x2A, 0x24, 0x87, 0xC6, 0x77, 0x48, 0xBE, 0xA6, 0x98, 0xB8, 0x00, 0x23,
    0x62, 0x40, 0xC4, 0xFD, 0x9A, 0x60, 0x1F, 0x09, 0xF5, 0x9E, 0x40, 0x6F, 0x1E, 0x4B, 0xB9, 0x79,
    0x28, 0xD5, 0xAA, 0x22, 0xC1, 0xEC, 0x4F, 0xE1, 0x19, 0x84, 0xC1, 0x05, 0x3A, 0x8F, 0x02, 0x8E,
    0x30, 0x83, 0x27, 0x92, 0x1F, 0x86, 0x4F, 0x91, 0x06, 0x15, 0xBB, 0x51, 0xD4, 0x81, 0xE8, 0x12,
    0x4C, 0xA2, 0xF4, 0xE8, 0x8C, 0x1E, 0x31, 0xD6, 0x2A, 0x3A, 0x45, 0x28, 0xF8, 0x7D, 0xB4, 0xEC,
    0x81, 0xC1, 0x06, 0xB6, 0xAB, 0xD8, 0xC0, 0xAF, 0x3A, 0x5B, 0x90, 0xE0, 0x88, 0x8D, 0xD0, 0x88,
    0x8C, 0x79, 0x11, 0x97, 0xC3, 0x92, 0x84, 0x4A, 0x12, 0x28, 0x79, 0x17, 0xD3, 0x2F, 0xBF, 0x3A,
    0x26, 0x4C, 0x86, 0xA9, 0xC4, 0x68, 0x98, 0x32, 0xE8, 0x0A, 0x70, 0xCF, 0xD9, 0x7F, 0x33, 0xEF,
    0x56, 0x8F, 0xD7, 0x1C, 0x86, 0x69, 0x2F, 0x1C, 0xD3, 0x56, 0xFC, 0x4F, 0x4C, 0x9F, 0x98, 0xE4,
    0x3E, 0x45, 0xD8, 0xA9, 0x15, 0x0E, 0x71, 0x58, 0x12, 0x80, 0x31, 0xB5, 0xEA, 0x2E, 0x98, 0x59,
    0xAB, 0xD2, 0xCF, 0xA9, 0x57, 0x27, 0x69, 0x27, 0x16, 0xAB, 0xB4, 0xDD, 0xD9, 0xAC, 0x0F, 0x5F,
    0x73, 0xCD, 0x85, 0x0E, 0x58, 0x46, 0x6C, 0xD7, 0xEB, 0x75, 0x50, 0x94, 0x6C, 0xD5, 0x9A, 0xDA,
    0x81, 0x5A, 0xD0, 0x6C, 0x58, 0x74, 0xAC, 0x58, 0xD7, 0x37, 0x46, 0xEF, 0xA5, 0x94, 0x81, 0xA0,
    0x63, 0x42, 0xAC, 0xD9, 0x62, 0x67, 0x45, 0x79, 0x60, 0x50, 0x12, 0xE5, 0x76, 0x36, 0x6D, 0xB5,
    0xB1, 0x6A, 0x75, 0x5B, 0x25, 0x6E, 0x87, 0x87, 0x65, 0x7B, 0x99, 0xCD, 0x22, 0x4F, 0x8E, 0xCE,
    0xD7, 0xD7, 0xD2, 0x62, 0x33, 0xB1, 0xE2, 0x5C, 0x2B, 0x7A, 0x8B, 0x4D, 0x2B, 0x37, 0xEA, 0x27,
    0x76, 0x6E, 0xF3, 0xD7, 0x6F, 0x2C, 0xDD, 0x0B, 0x16, 0xB6, 0x6E, 0x89, 0x4E, 0xE7, 0xEB, 0x5E,
    0x2F, 0x6E, 0xCB, 0x49, 0xB2, 0x78, 0x1F, 0x9A, 0x97, 0x33, 0xD9, 0xBD, 0xA4, 0x42, 0x12, 0x3C,
    0x9B, 0xAC, 0x5F, 0xF6, 0xAF, 0x12, 0x7F, 0x28, 0x60, 0x7E, 0x9E, 0xDE, 0x9E, 0x99, 0xF5, 0xFB,
    0xF3, 0xCC, 0x60, 0x3F, 0xCF, 0x4C, 0x38, 0xAF, 0x62, 0x69, 0x54, 0xA3, 0x6B, 0xEA, 0x39, 0x2E,
    0xCE, 0x33, 0x73, 0x59, 0xB8, 0x1D, 0x03, 0xF5, 0xEF, 0x24, 0xCF, 0x4C, 0xF3, 0x18, 0xA8, 0xDF,
    0xC8, 0xED, 0x78, 0x5E, 0xC9, 0xD1, 0x5C, 0xED, 0xBA, 0xFF, 0xE8, 0xCC, 0x0C, 0x5F, 0xEA, 0xCC,
    0x7C, 0x9E, 0x99, 0xE7, 0x24, 0x02, 0x7E, 0x96, 0xD4, 0x31, 0xBE, 0x4C, 0x33, 0x6B, 0xD4, 0xB6,
    0x21, 0xB8, 0x47, 0x3F, 0xF8, 0x16, 0xAE, 0x34, 0xC2, 0x81, 0xDB, 0xE8, 0xEB, 0x89, 0x8F, 0xF0,
    0x74, 0xBF, 0xCA, 0x7F, 0xAF, 0xCD, 0xC2, 0x06, 0xC9, 0x5C, 0x11, 0x20, 0x6F, 0x07, 0x02, 0x8B,
    0x8A, 0x11, 0xF1, 0x82, 0x90, 0xE0, 0xD8, 0x44, 0xE0, 0xD0, 0x88, 0x89, 0x97, 0x04, 0x6F, 0x09,
    0xAE, 0x7C, 0xE3, 0xCA, 0x54, 0x81, 0xCB, 0xE3, 0x5F, 0xCB, 0xBB, 0x62, 0xB8, 0xA4, 0x6E, 0x2B,
    0x8B, 0xA9, 0x26, 0xAA, 0x3F, 0x56, 0x5D, 0xDE, 0x7F, 0x01, 0xE9, 0xF4, 0x06, 0x83, 0xD8, 0xF4,
    0xEC, 0xC5, 0x97, 0x3F, 0x39, 0x93, 0x32, 0x55, 0x12, 0x1A, 0x3B, 0xF9, 0x92, 0x2E, 0xD9, 0x0A,
    0xC9, 0xCA, 0xBB, 0x97, 0x47, 0xD6, 0xB9, 0xF8, 0x1A, 0xBC, 0x5E, 0xE0, 0x67, 0xA0, 0x40, 0xE7,
    0x2F, 0xAD, 0x68, 0xB3, 0x5E, 0x44, 0xFA, 0xCE, 0x8C, 0x50, 0x4D, 0x6F, 0x55, 0xA0, 0x62, 0x08,
    0xB9, 0xAA, 0x80, 0xD9, 0xA8, 0x56, 0xC0, 0x62, 0x54, 0xDB, 0xB1, 0x59, 0x8D, 0x2A, 0xE2, 0x8C,
    0x38, 0x2D, 0xDF, 0xE3, 0x9F, 0x72, 0x53, 0x43, 0xF9, 0x26, 0xD5, 0xAA, 0x2A, 0x9B, 0xD5, 0x56,
    0x64, 0x20, 0xA6, 0x90, 0x72, 0xCD, 0x31, 0xBA, 0x12, 0xEC, 0x3A, 0x5A, 0x0D, 0xDF, 0x9C, 0xEA,
    0x05, 0xAB, 0x53, 0xCD, 0x40, 0xAA, 0x35, 0x3A, 0x09, 0x46, 0x1A, 0xB7, 0x94, 0x70, 0xB8, 0x69,
    0xC2, 0xDF, 0xC5, 0xC7, 0x75, 0xF9, 0x1F, 0xA8, 0xF6, 0xA8, 0x94, 0xE5, 0x71, 0x57, 0x83, 0xAA,
    0xD0, 0x49, 0x30, 0x93, 0xFD, 0x98, 0xEF, 0x91, 0xEA, 0x22, 0x35, 0xC2, 0x12, 0x9D, 0x2E, 0x92,
    0x03, 0x83, 0x53, 0xFD, 0xF6, 0x59, 0x8C, 0xEA, 0xDF, 0x3C, 0xCE, 0x01, 0x66, 0xC5, 0x40, 0x18,
    0xC4, 0xF1, 0x79, 0xFB, 0xB0, 0x58, 0xBC, 0xDE, 0x20, 0x47, 0xE8, 0x11, 0x12, 0x7A, 0x9A, 0x82,
    0x5E, 0xA0, 0x24, 0x37, 0x4B, 0x8E, 0x90, 0x23, 0x14, 0x3D, 0x40, 0xB0, 0x58, 0x74, 0x77, 0x9A,
    0x19, 0x76, 0x07, 0xEB, 0x1F, 0x7E, 0x3E, 0x81, 0xF6, 0x86, 0xB1, 0xEF, 0x51, 0x0F, 0x2E, 0x3D,
    0x23, 0xCF, 0x9E, 0x13, 0x73, 0xCF, 0x95, 0x75, 0x50, 0x1A, 0x9B, 0xD2, 0xD8, 0x94, 0xC2, 0xA6,
    0xBF, 0xF8, 0x32, 0xC6, 0xA3, 0x8E, 0xCB, 0x31, 0xE3, 0x13, 0xB3, 0xF1, 0x74, 0x81, 0x98, 0xB2,
    0xE9, 0x15, 0xB8, 0xBD, 0xAA, 0x28, 0xF3, 0x93, 0x47, 0x12, 0x8E, 0x6C, 0x1F, 0x3C, 0xF4, 0x1B,
    0xBE, 0xCA, 0x2D, 0xEA, 0xF2, 0xEA, 0x4C, 0xAC, 0x37, 0xD5, 0xF0, 0x22, 0x97, 0xA8, 0x6A, 0x62,
    0xA7, 0xE9, 0x1F, 0x66, 0x32, 0xBF, 0x2B, 0x2F, 0xB1, 0x92, 0x94, 0x8B, 0xDE, 0x9F, 0x60, 0xBA,
    0xEB, 0x8A, 0xDF, 0xA7, 0xBF, 0x21, 0xAC, 0x2C, 0x40, 0x52, 0x8A, 0x02, 0xC2, 0x34, 0x85, 0xB1,
    0xA9, 0x31, 0x4D, 0x85, 0x5B, 0x30, 0x15, 0x2E, 0x30, 0x15, 0xCE, 0xD8, 0x45, 0x85, 0xEF, 0x14,
    0x15, 0x2E, 0x30, 0x15, 0x6E, 0xC1, 0xD4, 0x98, 0xA6, 0xC6, 0x34, 0x35, 0x36, 0xF5, 0x44, 0xFB,
    0xFE, 0xB7, 0x0F, 0x11, 0x6F, 0x1A, 0x0C, 0x68, 0x00, 0x00,
};

static const EpdGlyph notoserif_en_22_italicGlyphs[] = {
    { 0, 0, 191, 0, 0, 0, 0 }, // U+0020
    { 13, 34, 244, 2, 33, 111, 0 }, // !
    { 15, 12, 299, 6, 33, 45, 111 }, // "
    { 25, 33, 410, 1, 33, 207, 156 }, // #
    { 24, 39, 410, 1, 35, 234, 363 }, // $
    { 36, 35, 657, 3, 34, 315, 597 }, // %
    { 34, 35, 544, 1, 34, 298, 912 }, // &
    { 7, 12, 161, 5, 33, 21, 1210 }, // '
    { 18, 41, 254, 1, 35, 185, 1231 }, // (
    { 18, 42, 254, -3, 35, 189, 1416 }, // )
    { 20, 19, 367, 5, 36, 95, 1605 }, // *
    { 21, 21, 410, 2, 27, 111, 1700 }, // +
    { 10, 13, 183, -2, 6, 33, 1811 }, // ,
    { 14, 5, 227, 0, 15, 18, 1844 }, // -
    { 7, 7, 183, 1, 6, 13, 1862 }, // .
    { 23, 41, 211, -5, 35, 236, 1875 }, // /
    { 24, 35, 410, 1, 34, 210, 2111 }, // 0
    { 19, 33, 337, -1, 33, 157, 2321 }, // 1
    { 25, 34, 410, -1, 34, 213, 2478 }, // 2
    { 25, 35, 410, -1, 34, 219, 2691 }, // 3
    { 26, 33, 410, -1, 33, 215, 2910 }, // 4
    { 25, 34, 410, 0, 33, 213, 3125 }, // 5
    { 24, 35, 410, 2, 34, 210, 3338 }, // 6
    { 23, 33, 410, 4, 33, 190, 3548 }, // 7
    { 25, 35, 410, 0, 34, 219, 3738 }, // 8
    { 23, 35, 410, 1, 34, 202, 3957 }, // 9
    { 11, 26, 210, 1, 25, 72, 4159 }, // :
    { 13, 32, 210, -1, 25, 104, 4231 }, // ;
    { 21, 23, 410, 2, 28, 121, 4335 }, // <
    { 21, 13, 410, 2, 23, 69, 4456 }, // =
    { 21, 23, 410, 2, 28, 121, 4525 }, // >
    { 18, 35, 367, 6, 34, 158, 4646 }, // ?
    { 38, 40, 675, 2, 33, 380, 4804 }, // @
    { 34, 33, 517, -3, 33, 281, 5184 }, // A
    { 30, 33, 480, -1, 33, 248, 5465 }, // B
    { 28, 35, 460, 2, 34, 245, 5713 }, // C
    { 33, 33, 532, -1, 33, 273, 5958 }, // D
    { 31, 33, 457, -1, 33, 256, 6231 }, // E
    { 31, 33, 433, -1, 33, 256, 6487 }, // F
    { 30, 35, 524, 2, 34, 263, 6743 }, // G
    { 40, 33, 581, -1, 33, 330, 7006 }, // H
    { 21, 33, 269, -1, 33, 174, 7336 }, // I
    { 28, 44, 262, -8, 33, 308, 7510 }, // J
    { 36, 33, 513, -1, 33, 297, 7818 }, // K
    { 27, 33, 457, -1, 33, 223, 8115 }, // L
    { 47, 33, 688, -1, 33, 388, 8338 }, // M
    { 39, 33, 559, -1, 33, 322, 8726 }, // N
    { 31, 35, 544, 2, 34, 272, 9048 }, // O
    { 30, 33, 455, -1, 33, 248, 9320 }, // P
    { 31, 45, 544, 2, 34, 349, 9568 }, // Q
    { 30, 33, 487, -1, 33, 248, 9917 }, // R
    { 26, 35, 399, 0, 34, 228, 10165 }, // S
    { 29, 33, 449, 3, 33, 240, 10393 }, // T
    { 33, 34, 535, 4, 33, 281, 10633 }, // U
    { 33, 33, 495, 3, 33, 273, 10914 }, // V
    { 48, 33, 766, 4, 33, 396, 11187 }, // W
    { 37, 33, 484, -3, 33, 306, 11583 }, // X
    { 30, 33, 458, 3, 33, 248, 11889 }, // Y
    { 30, 33, 444, -1, 33, 248, 12137 }, // Z
    { 20, 41, 264, 0, 35, 205, 12385 }, // [
    { 5, 41, 211, 5, 35, 52, 12590 }, // <backslash>
    { 20, 41, 264, -3, 35, 205, 12642 }, // ]
    { 22, 21, 410, 2, 33, 116, 12847 }, // ^
    { 23, 4, 337, -5, -3, 23, 12963 }, // _
    { 9, 9, 205, 6, 36, 21, 12986 }, // `
    { 26, 27, 425, 1, 26, 176, 13007 }, // a
    { 23, 36, 412, 1, 35, 207, 13183 }, // b
    { 22, 27, 357, 1, 26, 149, 13390 }, // c
    { 26, 36, 425, 1, 35, 234, 13539 }, // d
    { 21, 27, 361, 1, 26, 142, 13773 }, // e
    { 30, 47, 233, -7, 36, 353, 13915 }, // f
    { 30, 38, 408, -2, 27, 285, 14268 }, // g
    { 25, 36, 439, 2, 35, 225, 14553 }, // h
    { 12, 36, 223, 2, 35, 108, 14778 }, // i
    { 21, 46, 213, -7, 35, 242, 14886 }, // j
    { 26, 36, 417, 2, 35, 234, 15128 }, // k
    { 11, 36, 223, 3, 35, 99, 15362 }, // l
    { 39, 26, 657, 2, 25, 254, 15461 }, // m
    { 25, 26, 439, 2, 25, 163, 15715 }, // n
    { 24, 27, 421, 1, 26, 162, 15878 }, // o
    { 26, 37, 423, -1, 26, 241, 16040 }, // p
    { 24, 37, 411, 1, 26, 222, 16281 }, // q
    { 20, 26, 343, 2, 26, 130, 16503 }, // r
    { 20, 26, 340, 1, 25, 130, 16633 }, // s
    { 15, 32, 270, 3, 31, 120, 16763 }, // t
    { 25, 26, 439, 2, 25, 163, 16883 }, // u
    { 24, 26, 394, 0, 25, 156, 17046 }, // v
    { 36, 27, 601, 1, 26, 243, 17202 }, // w
    { 27, 25, 400, -1, 25, 169, 17445 }, // x
    { 31, 36, 387, -8, 25, 279, 17614 }, // y
    { 23, 25, 375, -1, 25, 144, 17893 }, // z
    { 21, 41, 314, 2, 35, 216, 18037 }, // {
    { 4, 46, 410, 11, 35, 46, 18253 }, // |
    { 21, 41, 314, -3, 35, 216, 18299 }, // }
    { 22, 9, 410, 2, 21, 50, 18515 }, // ~
    { 0, 0, 191, 0, 0, 0, 0 }, // U+00A0
    { 13, 34, 244, 0, 25, 111, 0 }, // U+00A1
    { 22, 33, 410, 3, 33, 182, 111 }, // U+00A2
    { 27, 35, 410, -1, 34, 237, 293 }, // U+00A3
    { 20, 21, 410, 3, 27, 105, 530 }, // U+00A4
    { 27, 33, 410, 3, 33, 223, 635 }, // U+00A5
    { 4, 46, 410, 11, 35, 46, 858 }, // U+00A6
    { 24, 41, 399, 0, 35, 246, 904 }, // U+00A7
    { 14, 7, 423, 9, 35, 25, 1150 }, // U+00A8
    { 35, 35, 620, 2, 34, 307, 1175 }, // U+00A9
    { 18, 16, 288, 2, 33, 72, 1482 }, // U+00AA
    { 21, 19, 377, 2, 22, 100, 1554 }, // U+00AB
    { 21, 13, 410, 2, 18, 69, 1654 }, // U+00AC
    { 14, 5, 227, 0, 15, 18, 1723 }, // U+00AD
    { 35, 35, 620, 2, 34, 307, 1741 }, // U+00AE
    { 23, 4, 337, 4, 38, 23, 2048 }, // U+00AF
    { 15, 15, 293, 5, 34, 57, 2071 }, // U+00B0
    { 21, 27, 410, 2, 27, 142, 2128 }, // U+00B1
    { 17, 21, 293, 2, 38, 90, 2270 }, // U+00B2
    { 17, 21, 293, 3, 38, 90, 2360 }, // U+00B3
    { 11, 9, 193, 5, 36, 25, 2450 }, // U+00B4
    { 27, 36, 443, -1, 25, 243, 2475 }, // U+00B5
    { 25, 41, 452, 2, 35, 257, 2718 }, // U+00B6
    { 7, 7, 210, 3, 20, 13, 2975 }, // U+00B7
    { 12, 12, 244, 1, 1, 36, 2988 }, // U+00B8
    { 14, 21, 293, 3, 38, 74, 3024 }, // U+00B9
    { 16, 16, 291, 3, 33, 64, 3098 }, // U+00BA
    { 20, 19, 377, 1, 22, 95, 3162 }, // U+00BB
    { 36, 34, 639, 3, 33, 306, 3257 }, // U+00BC
    { 35, 34, 639, 3, 33, 298, 3563 }, // U+00BD
    { 36, 34, 639, 3, 33, 306, 3861 }, // U+00BE
    { 18, 34, 367, 0, 25, 153, 4167 }, // U+00BF
    { 34, 44, 517, -3, 44, 374, 4320 }, // U+00C0
    { 34, 44, 517, -3, 44, 374, 4694 }, // U+00C1
    { 34, 44, 517, -3, 44, 374, 5068 }, // U+00C2
    { 34, 42, 517, -3, 42, 357, 5442 }, // U+00C3
    { 34, 43, 517, -3, 43, 366, 5799 }, // U+00C4
    { 34, 41, 517, -3, 41, 349, 6165 }, // U+00C5
    { 48, 33, 697, -3, 33, 396, 6514 }, // U+00C6
    { 28, 45, 460, 2, 34, 315, 6910 }, // U+00C7
    { 31, 44, 457, -1, 44, 341, 7225 }, // U+00C8
    { 31, 44, 457, -1, 44, 341, 7566 }, // U+00C9
    { 31, 44, 457, -1, 44, 341, 7907 }, // U+00CA
    { 31, 43, 457, -1, 43, 334, 8248 }, // U+00CB
    { 21, 44, 269, -1, 44, 231, 8582 }, // U+00CC
    { 22, 44, 269, -1, 44, 242, 8813 }, // U+00CD
    { 21, 44, 269, -1, 44, 231, 9055 }, // U+00CE
    { 22, 43, 269, -1, 43, 237, 9286 }, // U+00CF
    { 33, 33, 532, -1, 33, 273, 9523 }, // U+00D0
    { 39, 42, 559, -1, 42, 410, 9796 }, // U+00D1
    { 31, 45, 544, 2, 44, 349, 10206 }, // U+00D2
    { 31, 45, 544, 2, 44, 349, 10555 }, // U+00D3
    { 31, 45, 544, 2, 44, 349, 10904 }, // U+00D4
    { 31, 43, 544, 2, 42, 334, 11253 }, // U+00D5
    { 31, 44, 544, 2, 43, 341, 11587 }, // U+00D6
    { 20, 20, 410, 3, 26, 100, 11928 }, // U+00D7
    { 31, 37, 544, 2, 35, 287, 12028 }, // U+00D8
    { 33, 45, 535, 4, 44, 372, 12315 }, // U+00D9
    { 33, 45, 535, 4, 44, 372, 12687 }, // U+00DA
    { 33, 45, 535, 4, 44, 372, 13059 }, // U+00DB
    { 33, 44, 535, 4, 43, 363, 13431 }, // U+00DC
    { 30, 44, 458, 3, 44, 330, 13794 }, // U+00DD
    { 28, 33, 443, -1, 33, 231, 14124 }, // U+00DE
    { 35, 47, 460, -7, 36, 412, 14355 }, // U+00DF
    { 26, 37, 425, 1, 36, 241, 14767 }, // U+00E0
    { 26, 37, 425, 1, 36, 241, 15008 }, // U+00E1
    { 26, 37, 425, 1, 36, 241, 15249 }, // U+00E2
    { 26, 35, 425, 1, 34, 228, 15490 }, // U+00E3
    { 26, 36, 425, 1, 35, 234, 15718 }, // U+00E4
    { 26, 39, 425, 1, 38, 254, 15952 }, // U+00E5
    { 36, 27, 596, 1, 26, 243, 16206 }, // U+00E6
    { 22, 37, 357, 1, 26, 204, 16449 }, // U+00E7
    { 21, 37, 361, 1, 36, 195, 16653 }, // U+00E8
    { 23, 37, 361, 1, 36, 213, 16848 }, // U+00E9
    { 22, 37, 361, 1, 36, 204, 17061 }, // U+00EA
    { 22, 36, 361, 1, 35, 198, 17265 }, // U+00EB
    { 12, 37, 223, 2, 36, 111, 17463 }, // U+00EC
    { 16, 37, 223, 2, 36, 148, 17574 }, // U+00ED
    { 15, 37, 223, 1, 36, 139, 17722 }, // U+00EE
    { 14, 36, 223, 2, 35, 126, 17861 }, // U+00EF
    { 24, 36, 421, 1, 35, 216, 17987 }, // U+00F0
    { 25, 35, 439, 2, 34, 219, 18203 }, // U+00F1
    { 24, 37, 421, 1, 36, 222, 18422 }, // U+00F2
    { 24, 37, 421, 1, 36, 222, 18644 }, // U+00F3
    { 24, 37, 421, 1, 36, 222, 18866 }, // U+00F4
    { 25, 35, 421, 1, 34, 219, 19088 }, // U+00F5
    { 24, 36, 421, 1, 35, 216, 19307 }, // U+00F6
    { 21, 23, 410, 2, 28, 121, 19523 }, // U+00F7
    { 27, 30, 421, 0, 27, 203, 19644 }, // U+00F8
    { 25, 37, 439, 2, 36, 232, 19847 }, // U+00F9
    { 25, 37, 439, 2, 36, 232, 20079 }, // U+00FA
    { 25, 37, 439, 2, 36, 232, 20311 }, // U+00FB
    { 25, 36, 439, 2, 35, 225, 20543 }, // U+00FC
    { 31, 47, 387, -8, 36, 365, 20768 }, // U+00FD
    { 26, 46, 412, -2, 35, 299, 21133 }, // U+00FE
    { 31, 46, 387, -8, 35, 357, 21432 }, // U+00FF
    { 43, 35, 705, 2, 34, 377, 0 }, // U+0152
    { 38, 27, 633, 1, 26, 257, 377 }, // U+0153
    { 29, 45, 399, 0, 44, 327, 634 }, // U+0160
    { 22, 37, 340, 1, 36, 204, 961 }, // U+0161
    { 30, 43, 458, 3, 43, 323, 1165 }, // U+0178
    { 30, 44, 444, -1, 44, 330, 1488 }, // U+017D
    { 27, 36, 375, -1, 36, 243, 1818 }, // U+017E
    { 32, 48, 296, -5, 36, 384, 0 }, // U+0192
    { 14, 9, 275, 5, 36, 32, 0 }, // U+02C6
    { 18, 7, 320, 5, 34, 32, 32 }, // U+02DC
    { 9, 9, 0, -17, 36, 21, 0 }, // U+0300
    { 11, 9, 0, -11, 36, 25, 21 }, // U+0301
    { 15, 9, 0, -4, 36, 34, 46 }, // U+0302
    { 19, 7, 0, -20, 34, 34, 80 }, // U+0303
    { 15, 4, 0, -4, 31, 15, 114 }, // U+0304
    { 15, 4, 0, -2, 38, 15, 129 }, // U+0305
    { 14, 8, 0, -2, 35, 28, 144 }, // U+0306
    { 7, 6, 0, 1, 35, 11, 172 }, // U+0307
    { 14, 7, 0, -3, 35, 25, 183 }, // U+0308
    { 11, 11, 0, -16, 38, 31, 208 }, // U+0309
    { 12, 11, 0, -2, 38, 33, 239 }, // U+030A
    { 19, 9, 0, -3, 36, 43, 272 }, // U+030B
    { 15, 9, 0, 1, 36, 34, 315 }, // U+030C
    { 6, 8, 0, 1, 35, 12, 349 }, // U+030D
    { 12, 8, 0, -2, 35, 24, 361 }, // U+030E
    { 17, 9, 0, -19, 36, 39, 385 }, // U+030F
    { 14, 12, 0, -3, 39, 42, 424 }, // U+0310
    { 14, 8, 0, -4, 35, 28, 466 }, // U+0311
    { 9, 13, 0, -1, 33, 30, 494 }, // U+0312
    { 9, 13, 0, -2, 33, 30, 524 }, // U+0313
    { 8, 14, 0, 0, 33, 28, 554 }, // U+0314
    { 9, 13, 0, -2, 33, 30, 582 }, // U+0315
    { 9, 9, 0, -8, -2, 21, 612 }, // U+0316
    { 11, 9, 0, -9, -2, 25, 633 }, // U+0317
    { 9, 9, 0, -7, -1, 21, 658 }, // U+0318
    { 10, 9, 0, -9, -1, 23, 679 }, // U+0319
    { 11, 11, 229, 5, 35, 31, 702 }, // U+031A
    { 8, 11, 0, -2, 36, 22, 733 }, // U+031B
    { 8, 10, 0, -7, -1, 20, 755 }, // U+031C
    { 10, 8, 0, -9, -2, 20, 775 }, // U+031D
    { 10, 8, 0, -8, -2, 20, 795 }, // U+031E
    { 11, 10, 0, -9, -1, 28, 815 }, // U+031F
    { 12, 3, 0, -10, -4, 9, 843 }, // U+0320
    { 11, 12, 0, -10, 2, 33, 852 }, // U+0321
    { 9, 12, 0, -4, 2, 27, 885 }, // U+0322
    { 6, 7, 0, -20, -2, 11, 912 }, // U+0323
    { 15, 7, 0, -11, -2, 27, 923 }, // U+0324
    { 12, 11, 0, -10, -1, 33, 950 }, // U+0325
    { 8, 9, 0, -9, -2, 18, 983 }, // U+0326
    { 12, 12, 0, -8, 1, 36, 1001 }, // U+0327
    { 10, 11, 0, -8, 0, 28, 1037 }, // U+0328
    { 5, 8, 0, -6, -2, 10, 1065 }, // U+0329
    { 19, 8, 0, -14, -3, 38, 1075 }, // U+032A
    { 16, 7, 0, -11, -2, 28, 1113 }, // U+032B
    { 14, 9, 0, -7, -2, 32, 1141 }, // U+032C
    { 14, 9, 0, -12, -2, 32, 1173 }, // U+032D
    { 14, 8, 0, -11, -2, 28, 1205 }, // U+032E
    { 14, 8, 0, -11, -2, 28, 1233 }, // U+032F
    { 18, 7, 0, -13, -2, 32, 1261 }, // U+0330
    { 15, 4, 0, -11, -3, 15, 1293 }, // U+0331
    { 20, 4, 0, -23, -3, 20, 1308 }, // U+0332
    { 22, 9, 0, -24, -2, 50, 1328 }, // U+0333
    { 18, 7, 0, -9, 16, 32, 1378 }, // U+0334
    { 18, 4, 0, -9, 15, 18, 1410 }, // U+0335
    { 30, 4, 0, -15, 15, 30, 1428 }, // U+0336
    { 18, 11, 0, -9, 18, 50, 1458 }, // U+0337
    { 26, 40, 0, -12, 36, 260, 1508 }, // U+0338
    { 7, 10, 0, -8, -1, 18, 1768 }, // U+0339
    { 19, 8, 0, -14, -3, 38, 1786 }, // U+033A
    { 20, 9, 0, -14, -2, 45, 1824 }, // U+033B
    { 15, 7, 0, -12, -2, 27, 1869 }, // U+033C
    { 10, 9, 0, -1, 35, 23, 1896 }, // U+033D
    { 9, 14, 0, 0, 40, 32, 1919 }, // U+033E
    { 22, 10, 0, -6, 44, 55, 1951 }, // U+033F
    { 8, 9, 0, -1, 36, 18, 2006 }, // U+0340
    { 11, 9, 0, -1, 36, 25, 2024 }, // U+0341
    { 18, 7, 0, -5, 34, 32, 2049 }, // U+0342
    { 7, 10, 0, 1, 37, 18, 2081 }, // U+0343
    { 18, 11, 0, -5, 37, 50, 2099 }, // U+0344
    { 8, 8, 0, -2, -3, 16, 2149 }, // U+0345
    { 19, 8, 0, -5, 35, 38, 2165 }, // U+0346
    { 22, 10, 0, -15, -1, 55, 2203 }, // U+0347
    { 12, 8, 0, -10, -2, 24, 2258 }, // U+0348
    { 9, 8, 0, -8, -3, 18, 2282 }, // U+0349
    { 18, 11, 0, -5, 36, 50, 2300 }, // U+034A
    { 19, 17, 0, -5, 43, 81, 2350 }, // U+034B
    { 19, 12, 0, -5, 39, 57, 2431 }, // U+034C
    { 14, 9, 0, -11, -1, 32, 2488 }, // U+034D
    { 10, 11, 0, -9, 0, 28, 2520 }, // U+034E
    { 34, 33, 0, -17, 33, 281, 2548 }, // U+034F
    { 10, 10, 0, -2, 36, 25, 2829 }, // U+0350
    { 7, 11, 0, 1, 38, 20, 2854 }, // U+0351
    { 14, 12, 0, -3, 39, 42, 2874 }, // U+0352
    { 10, 9, 0, -8, -2, 23, 2916 }, // U+0353
    { 10, 10, 0, -8, -1, 25, 2939 }, // U+0354
    { 10, 10, 0, -8, -1, 25, 2964 }, // U+0355
    { 18, 10, 0, -12, -1, 45, 2989 }, // U+0356
    { 8, 11, 0, 0, 38, 22, 3034 }, // U+0357
    { 7, 6, 0, 7, 34, 11, 3056 }, // U+0358
    { 12, 11, 0, -6, -1, 33, 3067 }, // U+0359
    { 17, 10, 0, -12, -1, 43, 3100 }, // U+035A
    { 10, 9, 0, -1, 36, 23, 3143 }, // U+035B
    { 36, 9, 0, -21, -1, 81, 3166 }, // U+035C
    { 36, 9, 0, -13, 36, 81, 3247 }, // U+035D
    { 29, 4, 0, -11, 31, 29, 3328 }, // U+035E
    { 29, 4, 0, -18, -3, 29, 3357 }, // U+035F
    { 38, 7, 0, -15, 34, 67, 3386 }, // U+0360
    { 35, 9, 0, -14, 39, 79, 3453 }, // U+0361
    { 28, 9, 0, -18, -1, 63, 3532 }, // U+0362
    { 12, 11, 0, -1, 39, 33, 3595 }, // U+0363
    { 10, 11, 0, 0, 39, 28, 3628 }, // U+0364
    { 6, 15, 0, 2, 43, 23, 3656 }, // U+0365
    { 11, 11, 0, -1, 39, 31, 3679 }, // U+0366
    { 12, 11, 0, -1, 39, 33, 3710 }, // U+0367
    { 10, 11, 0, 0, 39, 28, 3743 }, // U+0368
    { 12, 15, 0, -1, 43, 45, 3771 }, // U+0369
    { 12, 15, 0, -1, 43, 45, 3816 }, // U+036A
    { 18, 11, 0, -4, 39, 50, 3861 }, // U+036B
    { 10, 11, 0, 0, 39, 28, 3911 }, // U+036C
    { 7, 13, 0, 2, 41, 23, 3939 }, // U+036D
    { 11, 11, 0, -1, 39, 31, 3962 }, // U+036E
    { 13, 11, 0, -2, 39, 36, 3993 }, // U+036F
    { 0, 0, 367, 0, 0, 0, 0 }, // U+2000
    { 0, 0, 733, 0, 0, 0, 0 }, // U+2001
    { 0, 0, 367, 0, 0, 0, 0 }, // U+2002
    { 0, 0, 733, 0, 0, 0, 0 }, // U+2003
    { 0, 0, 244, 0, 0, 0, 0 }, // U+2004
    { 0, 0, 183, 0, 0, 0, 0 }, // U+2005
    { 0, 0, 122, 0, 0, 0, 0 }, // U+2006
    { 0, 0, 410, 0, 0, 0, 0 }, // U+2007
    { 0, 0, 183, 0, 0, 0, 0 }, // U+2008
    { 0, 0, 122, 0, 0, 0, 0 }, // U+2009
    { 0, 0, 73, 0, 0, 0, 0 }, // U+200A
    { 0, 0, 0, 0, 0, 0, 0 }, // U+200B
    { 2, 36, 0, -1, 29, 18, 0 }, // U+200C
    { 10, 39, 0, -5, 32, 98, 18 }, // U+200D
    { 11, 39, 0, -1, 32, 108, 116 }, // U+200E
    { 11, 39, 0, -10, 32, 108, 224 }, // U+200F
    { 14, 5, 227, 0, 15, 18, 332 }, // U+2010
    { 14, 5, 227, 0, 15, 18, 350 }, // U+2011
    { 24, 4, 410, 1, 19, 24, 368 }, // U+2012
    { 25, 4, 367, -1, 14, 25, 392 }, // U+2013
    { 48, 4, 733, -1, 14, 48, 417 }, // U+2014
    { 48, 4, 733, -1, 14, 48, 465 }, // U+2015
    { 12, 46, 410, 7, 35, 138, 513 }, // U+2016
    { 22, 9, 301, -5, -1, 50, 651 }, // U+2017
    { 10, 13, 183, 4, 33, 33, 701 }, // U+2018
    { 10, 13, 183, 3, 33, 33, 734 }, // U+2019
    { 10, 13, 183, -2, 6, 33, 767 }, // U+201A
    { 8, 14, 183, 5, 33, 28, 800 }, // U+201B
    { 19, 13, 330, 4, 33, 62, 828 }, // U+201C
    { 19, 13, 330, 3, 33, 62, 890 }, // U+201D
    { 19, 13, 330, -2, 6, 62, 952 }, // U+201E
    { 17, 14, 330, 5, 33, 60, 1014 }, // U+201F
    { 19, 41, 328, 3, 35, 195, 1074 }, // U+2020
    { 24, 41, 328, -1, 35, 246, 1269 }, // U+2021
    { 13, 14, 265, 2, 23, 46, 1515 }, // U+2022
    { 15, 15, 367, 7, 24, 57, 1561 }, // U+2023
    { 7, 7, 210, 3, 20, 13, 1618 }, // U+2024
    { 20, 7, 393, 3, 20, 35, 1631 }, // U+2025
    { 33, 7, 629, 2, 6, 58, 1666 }, // U+2026
    { 7, 7, 183, 2, 16, 13, 1724 }, // U+2027
    { 0, 0, 440, 0, 0, 0, 1737 }, // U+2028
    { 0, 0, 440, 0, 0, 0, 1737 }, // U+2029
    { 11, 35, 0, -1, 28, 97, 1737 }, // U+202A
    { 11, 35, 0, -10, 28, 97, 1834 }, // U+202B
    { 12, 39, 0, -6, 32, 117, 1931 }, // U+202C
    { 12, 39, 0, -6, 32, 117, 2048 }, // U+202D
    { 12, 39, 0, -6, 32, 117, 2165 }, // U+202E
    { 0, 0, 122, 0, 0, 0, 2282 }, // U+202F
    { 54, 35, 941, 3, 34, 473, 2282 }, // U+2030
    { 72, 35, 1226, 3, 34, 630, 2755 }, // U+2031
    { 9, 12, 161, 4, 33, 27, 3385 }, // U+2032
    { 18, 12, 299, 4, 33, 54, 3412 }, // U+2033
    { 26, 12, 437, 4, 33, 78, 3466 }, // U+2034
    { 6, 12, 161, 6, 33, 18, 3544 }, // U+2035
    { 15, 12, 299, 6, 33, 45, 3562 }, // U+2036
    { 24, 12, 437, 6, 33, 72, 3607 }, // U+2037
    { 15, 13, 293, -1, 2, 49, 3679 }, // U+2038
    { 13, 19, 244, 2, 22, 62, 3728 }, // U+2039
    { 12, 19, 244, 1, 22, 57, 3790 }, // U+203A
    { 33, 33, 601, 2, 33, 273, 3847 }, // U+203B
    { 23, 34, 411, 2, 33, 196, 4120 }, // U+203C
    { 18, 35, 367, 6, 34, 158, 4316 }, // U+203D
    { 23, 4, 337, 4, 38, 23, 4474 }, // U+203E
    { 36, 9, 0, -34, -1, 81, 4497 }, // U+203F
    { 35, 9, 0, -27, 39, 79, 4578 }, // U+2040
    { 22, 33, 330, -3, 33, 182, 4657 }, // U+2041
    { 42, 37, 733, 1, 36, 389, 4839 }, // U+2042
    { 15, 9, 265, 1, 21, 34, 5228 }, // U+2043
    { 27, 33, 45, -12, 33, 223, 5262 }, // U+2044
    { 20, 41, 264, 0, 35, 205, 5485 }, // U+2045
    { 20, 41, 264, -3, 35, 205, 5690 }, // U+2046
    { 40, 35, 716, 6, 34, 350, 5895 }, // U+2047
    { 30, 35, 577, 6, 34, 263, 6245 }, // U+2048
    { 35, 35, 572, 2, 34, 307, 6508 }, // U+2049
    { 21, 35, 410, 2, 26, 184, 6815 }, // U+204A
    { 25, 41, 452, 4, 35, 257, 6999 }, // U+204B
    { 25, 17, 438, 2, 25, 107, 7256 }, // U+204C
    { 25, 17, 438, 2, 25, 107, 7363 }, // U+204D
    { 20, 19, 367, 2, 27, 95, 7470 }, // U+204E
    { 9, 33, 210, 2, 25, 75, 7565 }, // U+204F
    { 30, 35, 535, 3, 34, 263, 7640 }, // U+2050
    { 24, 38, 367, 1, 36, 228, 7903 }, // U+2051
    { 15, 34, 241, 1, 33, 128, 8131 }, // U+2052
    { 22, 9, 410, 2, 21, 50, 8259 }, // U+2053
    { 36, 9, 0, -9, -1, 81, 8309 }, // U+2054
    { 21, 21, 396, 3, 27, 111, 8390 }, // U+2055
    { 22, 26, 450, 1, 25, 143, 8501 }, // U+2056
    { 35, 12, 575, 4, 33, 105, 8644 }, // U+2057
    { 26, 26, 520, 2, 25, 169, 8749 }, // U+2058
    { 26, 26, 520, 1, 25, 169, 8918 }, // U+2059
    { 6, 35, 210, 4, 34, 53, 9087 }, // U+205A
    { 26, 35, 520, 3, 34, 228, 9140 }, // U+205B
    { 25, 25, 511, 2, 25, 157, 9368 }, // U+205C
    { 7, 35, 210, 4, 34, 62, 9525 }, // U+205D
    { 7, 35, 210, 3, 34, 62, 9587 }, // U+205E
    { 0, 0, 163, 0, 0, 0, 9649 }, // U+205F
    { 0, 0, 440, 0, 0, 0, 9649 }, // U+2060
    { 0, 0, 440, 0, 0, 0, 9649 }, // U+2061
    { 0, 0, 440, 0, 0, 0, 9649 }, // U+2062
    { 0, 0, 440, 0, 0, 0, 9649 }, // U+2063
    { 0, 0, 440, 0, 0, 0, 9649 }, // U+2064
    { 0, 0, 440, 0, 0, 0, 9649 }, // U+2066
    { 0, 0, 440, 0, 0, 0, 9649 }, // U+2067
    { 0, 0, 440, 0, 0, 0, 9649 }, // U+2068
    { 0, 0, 440, 0, 0, 0, 9649 }, // U+2069
    { 12, 39, 0, -6, 32, 117, 9649 }, // U+206A
    { 12, 39, 0, -6, 32, 117, 9766 }, // U+206B
    { 12, 39, 0, -6, 32, 117, 9883 }, // U+206C
    { 12, 39, 0, -6, 32, 117, 10000 }, // U+206D
    { 12, 39, 0, -6, 32, 117, 10117 }, // U+206E
    { 12, 39, 0, -6, 32, 117, 10234 }, // U+206F
    { 17, 21, 293, 3, 38, 90, 0 }, // U+2070
    { 8, 23, 145, 4, 35, 46, 90 }, // U+2071
    { 18, 21, 293, 2, 38, 95, 136 }, // U+2074
    { 17, 21, 293, 3, 38, 90, 231 }, // U+2075
    { 16, 21, 293, 4, 38, 84, 321 }, // U+2076
    { 16, 21, 293, 5, 38, 84, 405 }, // U+2077
    { 17, 21, 293, 3, 38, 90, 489 }, // U+2078
    { 16, 21, 293, 4, 38, 84, 579 }, // U+2079
    { 16, 16, 288, 3, 35, 64, 663 }, // U+207A
    { 16, 3, 288, 3, 28, 12, 727 }, // U+207B
    { 16, 10, 287, 3, 32, 40, 739 }, // U+207C
    { 13, 28, 183, 5, 41, 91, 779 }, // U+207D
    { 14, 28, 183, -2, 41, 98, 870 }, // U+207E
    { 17, 17, 285, 3, 29, 73, 968 }, // U+207F
    { 17, 21, 293, -1, 16, 90, 1041 }, // U+2080
    { 14, 21, 293, -1, 16, 74, 1131 }, // U+2081
    { 17, 21, 293, -2, 16, 90, 1205 }, // U+2082
    { 17, 21, 293, -1, 16, 90, 1295 }, // U+2083
    { 18, 21, 293, -2, 16, 95, 1385 }, // U+2084
    { 17, 21, 293, -1, 16, 90, 1480 }, // U+2085
    { 16, 21, 293, 0, 16, 84, 1570 }, // U+2086
    { 16, 21, 293, 1, 16, 84, 1654 }, // U+2087
    { 17, 21, 293, -1, 16, 90, 1738 }, // U+2088
    { 16, 21, 293, 0, 16, 84, 1828 }, // U+2089
    { 16, 16, 288, -1, 13, 64, 1912 }, // U+208A
    { 16, 3, 288, -1, 6, 12, 1976 }, // U+208B
    { 16, 10, 288, -1, 10, 40, 1988 }, // U+208C
    { 13, 28, 183, 1, 19, 91, 2028 }, // U+208D
    { 13, 28, 183, -6, 19, 91, 2119 }, // U+208E
    { 17, 16, 276, -2, 11, 68, 2210 }, // U+2090
    { 14, 16, 235, -2, 11, 56, 2278 }, // U+2091
    { 16, 16, 274, -2, 11, 64, 2334 }, // U+2092
    { 18, 16, 260, -3, 11, 72, 2398 }, // U+2093
    { 14, 16, 235, -2, 11, 56, 2470 }, // U+2094
    { 17, 22, 285, -2, 17, 94, 2526 }, // U+2095
    { 18, 22, 271, -2, 17, 99, 2620 }, // U+2096
    { 8, 22, 145, -1, 17, 44, 2719 }, // U+2097
    { 26, 16, 427, -2, 11, 104, 2763 }, // U+2098
    { 17, 16, 285, -2, 11, 68, 2867 }, // U+2099
    { 17, 22, 275, -3, 11, 94, 2935 }, // U+209A
    { 13, 16, 221, -2, 11, 52, 3029 }, // U+209B
    { 10, 19, 175, -1, 14, 48, 3081 }, // U+209C
    { 27, 34, 469, 2, 34, 230, 0 }, // U+20A0
    { 26, 39, 410, 1, 35, 254, 230 }, // U+20A1
    { 28, 35, 442, 1, 34, 245, 484 }, // U+20A2
    { 30, 33, 410, -2, 33, 248, 729 }, // U+20A3
    { 27, 35, 410, -1, 34, 237, 977 }, // U+20A4
    { 39, 37, 657, 2, 31, 361, 1214 }, // U+20A5
    { 35, 33, 507, -1, 33, 289, 1575 }, // U+20A6
    { 39, 34, 601, -2, 33, 332, 1864 }, // U+20A7
    { 48, 34, 749, -2, 33, 408, 2196 }, // U+20A8
    { 50, 33, 766, 2, 33, 413, 2604 }, // U+20A9
    { 32, 28, 654, 4, 28, 224, 3017 }, // U+20AA
    { 30, 42, 424, 0, 35, 315, 3241 }, // U+20AB
    { 27, 35, 410, 1, 34, 237, 3556 }, // U+20AC
    { 34, 33, 477, -1, 33, 281, 3793 }, // U+20AD
    { 27, 33, 410, 2, 33, 223, 4074 }, // U+20AE
    { 46, 47, 733, -2, 37, 541, 4297 }, // U+20AF
    { 24, 45, 410, -2, 34, 270, 4838 }, // U+20B0
    { 33, 33, 455, -2, 33, 273, 5108 }, // U+20B1
    { 30, 39, 524, 2, 35, 293, 5381 }, // U+20B2
    { 37, 33, 517, -3, 33, 306, 5674 }, // U+20B3
    { 28, 35, 403, -1, 34, 245, 5980 }, // U+20B4
    { 28, 39, 460, 2, 35, 273, 6225 }, // U+20B5
    { 26, 34, 403, 2, 33, 221, 6498 }, // U+20B6
    { 26, 39, 410, 0, 34, 254, 6719 }, // U+20B7
    { 27, 33, 410, 2, 33, 223, 6973 }, // U+20B8
    { 25, 33, 410, 2, 33, 207, 7196 }, // U+20B9
    { 26, 33, 410, -2, 33, 215, 7403 }, // U+20BA
    { 26, 35, 479, 3, 34, 228, 7618 }, // U+20BB
    { 31, 31, 576, 1, 31, 241, 7846 }, // U+20BC
    { 29, 33, 433, -1, 33, 240, 8087 }, // U+20BD
    { 28, 37, 410, 0, 37, 259, 8327 }, // U+20BE
    { 27, 41, 410, -3, 37, 277, 8586 }, // U+20BF
    { 30, 35, 564, 3, 34, 263, 0 }, // U+2100
    { 30, 35, 573, 3, 34, 263, 263 }, // U+2101
    { 25, 35, 463, 2, 34, 219, 526 }, // U+2102
    { 42, 35, 702, 3, 34, 368, 745 }, // U+2103
    { 27, 33, 483, 0, 33, 223, 1113 }, // U+2104
    { 31, 34, 554, 2, 33, 264, 1336 }, // U+2105
    { 34, 35, 607, 3, 34, 298, 1600 }, // U+2106
    { 27, 35, 435, 1, 34, 237, 1898 }, // U+2107
    { 28, 35, 463, 0, 34, 245, 2135 }, // U+2108
    { 40, 34, 645, 3, 34, 340, 2380 }, // U+2109
    { 32, 37, 425, -4, 19, 296, 2720 }, // U+210A
    { 51, 35, 776, -1, 34, 447, 3016 }, // U+210B
    { 32, 39, 538, 0, 33, 312, 3463 }, // U+210C
    { 28, 33, 570, 4, 33, 231, 3775 }, // U+210D
    { 25, 36, 439, 2, 35, 225, 4006 }, // U+210E
    { 25, 36, 439, 2, 35, 225, 4231 }, // U+210F
    { 37, 35, 545, -1, 34, 324, 4456 }, // U+2110
    { 24, 34, 410, 1, 33, 204, 4780 }, // U+2111
    { 37, 35, 611, 0, 34, 324, 4984 }, // U+2112
    { 19, 35, 367, 2, 34, 167, 5308 }, // U+2113
    { 27, 35, 463, 1, 34, 237, 5475 }, // U+2114
    { 28, 33, 570, 4, 33, 231, 5712 }, // U+2115
    { 48, 33, 752, -2, 33, 396, 5943 }, // U+2116
    { 35, 35, 620, 2, 34, 307, 6339 }, // U+2117
    { 34, 42, 613, 2, 30, 357, 6646 }, // U+2118
    { 24, 33, 480, 4, 33, 198, 7003 }, // U+2119
    { 34, 42, 573, 2, 34, 357, 7201 }, // U+211A
    { 41, 35, 639, -1, 34, 359, 7558 }, // U+211B
    { 38, 35, 623, 1, 34, 333, 7917 }, // U+211C
    { 29, 33, 524, 4, 33, 240, 8250 }, // U+211D
    { 34, 33, 518, -1, 33, 281, 8490 }, // U+211E
    { 30, 47, 487, -1, 41, 353, 8771 }, // U+211F
    { 35, 18, 612, 5, 34, 158, 9124 }, // U+2120
    { 42, 17, 763, 4, 33, 179, 9282 }, // U+2121
    { 36, 17, 612, 4, 33, 153, 9461 }, // U+2122
    { 34, 47, 495, 2, 41, 400, 9614 }, // U+2123
    { 27, 33, 462, 1, 33, 223, 10014 }, // U+2124
    { 29, 44, 401, -3, 33, 319, 10237 }, // U+2125
    { 35, 34, 552, 0, 34, 298, 10556 }, // U+2126
    { 35, 34, 552, 2, 33, 298, 10854 }, // U+2127
    { 25, 42, 430, 0, 36, 263, 11152 }, // U+2128
    { 11, 26, 245, 2, 26, 72, 11415 }, // U+2129
    { 36, 33, 513, -1, 33, 297, 11487 }, // U+212A
    { 34, 41, 517, -3, 41, 349, 11784 }, // U+212B
    { 39, 35, 614, 0, 34, 342, 12133 }, // U+212C
    { 28, 35, 493, 2, 34, 245, 12475 }, // U+212D
    { 25, 26, 454, 2, 25, 163, 12720 }, // U+212E
    { 20, 20, 339, 1, 19, 100, 12883 }, // U+212F
    { 28, 35, 442, 1, 34, 245, 12983 }, // U+2130
    { 40, 35, 604, -1, 34, 350, 13228 }, // U+2131
    { 31, 33, 436, -1, 33, 256, 13578 }, // U+2132
    { 54, 35, 847, -1, 34, 473, 13834 }, // U+2133
    { 21, 20, 352, 1, 19, 105, 14307 }, // U+2134
    { 24, 31, 440, 2, 30, 186, 14412 }, // U+2135
    { 22, 30, 397, 1, 30, 165, 14598 }, // U+2136
    { 17, 31, 293, 0, 30, 132, 14763 }, // U+2137
    { 21, 31, 359, 0, 30, 163, 14895 }, // U+2138
    { 12, 36, 223, 2, 35, 108, 15058 }, // U+2139
    { 45, 30, 777, 4, 31, 338, 15166 }, // U+213A
    { 45, 17, 753, 5, 33, 192, 15504 }, // U+213B
    { 34, 26, 570, 2, 25, 221, 15696 }, // U+213C
    { 24, 36, 398, 0, 25, 216, 15917 }, // U+213D
    { 21, 33, 405, 4, 33, 174, 16133 }, // U+213E
    { 28, 33, 611, 4, 33, 231, 16307 }, // U+213F
    { 28, 44, 455, 1, 33, 308, 16538 }, // U+2140
    { 28, 35, 451, 0, 34, 245, 16846 }, // U+2141
    { 18, 33, 325, 5, 33, 149, 17091 }, // U+2142
    { 25, 33, 326, -1, 33, 207, 17240 }, // U+2143
    { 24, 33, 367, -3, 33, 198, 17447 }, // U+2144
    { 32, 33, 535, 1, 33, 264, 17645 }, // U+2145
    { 30, 36, 425, 0, 35, 270, 17909 }, // U+2146
    { 23, 27, 366, 0, 26, 156, 18179 }, // U+2147
    { 15, 36, 252, 1, 36, 135, 18335 }, // U+2148
    { 23, 47, 252, -7, 36, 271, 18470 }, // U+2149
    { 28, 37, 539, 4, 37, 259, 18741 }, // U+214A
    { 33, 35, 544, 2, 34, 289, 19000 }, // U+214B
    { 27, 35, 480, 2, 34, 237, 19289 }, // U+214C
    { 32, 34, 532, 0, 33, 272, 19526 }, // U+214D
    { 24, 25, 340, -1, 25, 150, 19798 }, // U+214E
    { 49, 27, 762, -3, 26, 331, 19948 }, // U+214F
    { 38, 34, 654, 3, 33, 323, 20279 }, // U+2150
    { 37, 34, 661, 3, 33, 315, 20602 }, // U+2151
    { 52, 34, 896, 3, 33, 442, 20917 }, // U+2152
    { 35, 34, 639, 3, 33, 298, 21359 }, // U+2153
    { 36, 34, 639, 2, 33, 306, 21657 }, // U+2154
    { 36, 34, 647, 3, 33, 306, 21963 }, // U+2155
    { 39, 34, 676, 2, 33, 332, 22269 }, // U+2156
    { 37, 34, 661, 3, 33, 315, 22601 }, // U+2157
    { 39, 34, 676, 2, 33, 332, 22916 }, // U+2158
    { 36, 34, 647, 3, 33, 306, 23248 }, // U+2159
    { 38, 34, 669, 2, 33, 323, 23554 }, // U+215A
    { 36, 34, 639, 3, 33, 306, 23877 }, // U+215B
    { 36, 34, 639, 3, 33, 306, 24183 }, // U+215C
    { 37, 34, 639, 2, 33, 315, 24489 }, // U+215D
    { 34, 34, 639, 5, 33, 289, 24804 }, // U+215E
    { 31, 33, 353, 3, 33, 256, 25093 }, // U+215F
    { 21, 27, 363, 0, 26, 142, 25349 }, // U+2184
    { 37, 34, 661, 3, 33, 315, 25491 }, // U+2189
    { 14, 5, 227, 0, 15, 18, 0 }, // U+2212
    { 43, 47, 452, -7, 36, 506, 0 }, // U+FB00
    { 34, 47, 436, -7, 36, 400, 506 }, // U+FB01
    { 34, 47, 435, -7, 36, 400, 906 }, // U+FB02
    { 48, 47, 653, -7, 36, 564, 1306 }, // U+FB03
    { 48, 47, 653, -7, 36, 564, 1870 }, // U+FB04
    { 38, 47, 482, -7, 36, 447, 2434 }, // U+FB05
    { 38, 37, 610, 1, 36, 352, 2881 }, // U+FB06
    { 43, 43, 733, 1, 35, 463, 0 }, // U+FFFD
};

static const EpdUnicodeInterval notoserif_en_22_italicIntervals[] = {
    { 0x20, 0x7E, 0x0 },
    { 0xA0, 0xFF, 0x5F },
    { 0x152, 0x153, 0xBF },
    { 0x160, 0x161, 0xC1 },
    { 0x178, 0x178, 0xC3 },
    { 0x17D, 0x17E, 0xC4 },
    { 0x192, 0x192, 0xC6 },
    { 0x2C6, 0x2C6, 0xC7 },
    { 0x2DC, 0x2DC, 0xC8 },
    { 0x300, 0x36F, 0xC9 },
    { 0x2000, 0x2064, 0x139 },
    { 0x2066, 0x2071, 0x19E },
    { 0x2074, 0x208E, 0x1AA },
    { 0x2090, 0x209C, 0x1C5 },
    { 0x20A0, 0x20BF, 0x1D2 },
    { 0x2100, 0x215F, 0x1F2 },
    { 0x2184, 0x2184, 0x252 },
    { 0x2189, 0x2189, 0x253 },
    { 0x2212, 0x2212, 0x254 },
    { 0xFB00, 0xFB06, 0x255 },
    { 0xFFFD, 0xFFFD, 0x25C },
};

static const EpdFontGroup notoserif_en_22_italicGroups[] = {
    { 0, 6998, 19703, 95, 0 },
    { 6998, 5750, 23025, 96, 95 },
    { 12748, 852, 2185, 7, 191 },
    { 13600, 134, 384, 1, 198 },
    { 13734, 62, 71, 2, 199 },
    { 13796, 2212, 4401, 112, 201 },
    { 16008, 3638, 10943, 111, 313 },
    { 19646, 1645, 3488, 42, 424 },
    { 21291, 3904, 9240, 32, 466 },
    { 25195, 11206, 26899, 98, 498 },
    { 36401, 13, 20, 1, 596 },
    { 36414, 859, 3331, 7, 597 },
    { 37273, 193, 473, 1, 604 },
};

static const uint16_t notoserif_en_22_italicKernLeftCodepoints[] = {
    0x0022, 0x0026, 0x0027, 0x002A, 0x002C, 0x002E, 0x0041, 0x0042, 0x0043, 0x0044, 0x0045, 0x0046,
    0x0047, 0x004A, 0x004B, 0x004C, 0x004E, 0x004F, 0x0050, 0x0051, 0x0052, 0x0053, 0x0054, 0x0055,
    0x0056, 0x0057, 0x0058, 0x0059, 0x0061, 0x0062, 0x0063, 0x0065, 0x0066, 0x0068, 0x006B, 0x006D,
    0x006E, 0x006F, 0x0070, 0x0071, 0x0072, 0x0073, 0x0076, 0x0077, 0x0079, 0x007A, 0x00A1, 0x00BF,
    0x00C0, 0x00C1, 0x00C2, 0x00C3, 0x00C4, 0x00C5, 0x00C6, 0x00C7, 0x00C8, 0x00C9, 0x00CA, 0x00CB,
    0x00D0, 0x00D1, 0x00D2, 0x00D3, 0x00D4, 0x00D5, 0x00D6, 0x00D8, 0x00D9, 0x00DA, 0x00DB, 0x00DC,
    0x00DD, 0x00DE, 0x00DF, 0x00E0, 0x00E1, 0x00E2, 0x00E3, 0x00E4, 0x00E5, 0x00E6, 0x00E7, 0x00E8,
    0x00E9, 0x00EA, 0x00EB, 0x00F0, 0x00F1, 0x00F2, 0x00F3, 0x00F4, 0x00F5, 0x00F6, 0x00F8, 0x00F9,
    0x00FA, 0x00FB, 0x00FC, 0x00FD, 0x00FE, 0x00FF, 0x0152, 0x0153, 0x0160, 0x0161, 0x0178, 0x017E,
    0x2018, 0x2019, 0x201A, 0x201C, 0x201D, 0x201E, 0x207D, 0x208D, 0x2090, 0x2092, 0xFB00,
};

static const uint8_t notoserif_en_22_italicKernLeftClassIds[] = {
      1,   2,   1,   3,   4,   4,   5,   6,   7,   8,   9,  10,  11,  12,  13,  14,
     15,   8,   3,   8,  16,  17,  18,  19,  20,  21,  22,  23,  24,  25,  26,  26,
     27,  24,  28,  24,  24,  25,  25,  29,  30,  31,  32,  33,  34,  35,  36,  37,
     38,  38,  38,  38,  38,  38,   9,   7,   9,   9,   9,   9,   8,  15,   8,   8,
      8,   8,   8,   8,  19,  19,  19,  19,  23,   8,  31,  24,  24,  24,  24,  24,
     24,  26,  26,  26,  26,  26,  26,  25,  24,  25,  25,  25,  25,  25,  25,  24,
     24,  24,  24,  34,  25,  34,   9,  26,  17,  31,  23,  35,  39,  40,   4,  39,
     40,   4,  41,  42,  43,  44,  27,
};

static const uint16_t notoserif_en_22_italicKernRightCodepoints[] = {
    0x0022, 0x0026, 0x0027, 0x0029, 0x002A, 0x002C, 0x002E, 0x0041, 0x0043, 0x0047, 0x004F, 0x0051,
    0x0053, 0x0054, 0x0055, 0x0056, 0x0057, 0x0058, 0x0059, 0x005A, 0x005C, 0x005D, 0x0061, 0x0063,
    0x0064, 0x0065, 0x0067, 0x0069, 0x006F, 0x0071, 0x0073, 0x0075, 0x0076, 0x0077, 0x0078, 0x0079,
    0x007A, 0x007D, 0x00A9, 0x00AE, 0x00C0, 0x00C1, 0x00C2, 0x00C3, 0x00C4, 0x00C5, 0x00C6, 0x00C7,
    0x00D2, 0x00D3, 0x00D4, 0x00D5, 0x00D6, 0x00D8, 0x00D9, 0x00DA, 0x00DB, 0x00DC, 0x00DD, 0x00E0,
    0x00E1, 0x00E2, 0x00E3, 0x00E4, 0x00E5, 0x00E6, 0x00E7, 0x00E8, 0x00E9, 0x00EA, 0x00EB, 0x00EC,
    0x00ED, 0x00EE, 0x00EF, 0x00F0, 0x00F2, 0x00F3, 0x00F4, 0x00F5, 0x00F6, 0x00F8, 0x00F9, 0x00FA,
    0x00FB, 0x00FC, 0x00FD, 0x00FF, 0x0152, 0x0153, 0x0160, 0x0161, 0x0178, 0x017D, 0x017E, 0x2018,
    0x2019, 0x201A, 0x201C, 0x201D, 0x201E, 0x2026, 0x207E, 0x208E, 0x2117, 0x2122,
};

static const uint8_t notoserif_en_22_italicKernRightClassIds[] = {
      1,   2,   1,   3,   4,   5,   6,   7,   8,   8,   8,   8,   9,  10,  11,  12,
     13,  14,  15,  16,  17,   3,  18,  19,  19,  19,  20,  21,  19,  19,  22,  23,
     24,  25,  26,  27,  28,   3,  29,  29,   7,   7,   7,   7,   7,   7,  30,   8,
      8,   8,   8,   8,   8,   8,  11,  11,  11,  11,  15,  18,  18,  18,  18,  18,
     18,  18,  19,  19,  19,  19,  19,  21,  21,  21,  21,  19,  19,  19,  19,  19,
     19,  19,  23,  23,  23,  23,  27,  27,   8,  19,   9,  22,  15,  16,  28,  31,
      4,  32,  31,   4,  32,  32,  33,  34,  29,   4,
};

static const uint16_t notoserif_en_22_italicKernRowOffsets[] = {
        0,     4,     9,    15,    24,    41,    52,    53,    64,    67,    76,    81,    85,    92,   101,   105,
      115,   124,   134,   140,   151,   163,   170,   184,   191,   196,   199,   204,   206,   208,   219,   223,
      229,   235,   239,   244,   248,   253,   270,   274,   280,   281,   282,   284,   285,
};

static const uint8_t notoserif_en_22_italicKernSparseCols[] = {
      6,  19,  20,  29,   9,  10,  11,  12,  14,   1,   4,   5,   6,  29,  31,   7,
      9,  10,  11,  12,  14,  23,  24,  26,   0,   1,   3,   7,   9,  10,  11,  12,
     14,  18,  19,  22,  23,  24,  26,  28,  30,   3,   6,   9,  11,  12,  13,  14,
     15,  24,  26,  29,   1,   0,   4,   5,   6,   9,  11,  12,  13,  14,  29,  31,
     11,  12,  14,   1,   4,   5,   6,  17,  18,  19,  29,  31,   9,  11,  12,  14,
     29,   4,   5,   6,  31,   1,   7,  18,  19,  22,  24,  26,   0,   3,   9,  10,
     11,  12,  14,  23,  30,   1,   4,   5,  31,   1,   3,   7,   9,  10,  11,  12,
     14,  24,  26,   6,   9,  11,  12,  13,  14,  24,  26,  29,   1,   4,   5,   6,
      7,  17,  18,  19,  29,  31,   1,   4,   5,   6,  29,  31,   1,   4,   5,   6,
      7,  17,  18,  19,  21,  29,  31,   1,   4,   5,   6,   7,  17,  18,  19,  21,
     25,  29,  31,   7,   8,  18,  19,  24,  26,  28,   1,   4,   5,   6,   7,   8,
     17,  18,  19,  21,  25,  27,  29,  31,   0,   9,  11,  12,  14,  26,  30,   9,
     11,  12,  14,  26,  11,  12,  14,   0,   2,   3,  16,  30,  18,  19,  12,  14,
      3,   4,   5,  11,  12,  13,  14,  17,  18,  19,  31,   0,  11,  12,  14,   4,
      5,  11,  12,  14,  31,   4,   5,  11,  12,  14,  31,   4,   5,  12,  31,   3,
     11,  12,  14,  30,   9,  10,  11,  14,   9,  10,  11,  12,  14,   0,   1,   3,
      7,   9,  10,  11,  12,  14,  18,  19,  22,  23,  24,  26,  28,  30,   6,  20,
     26,  29,   6,  17,  18,  19,  21,  29,  32,  33,   0,  26,  26,
};

static const int8_t notoserif_en_22_italicKernSparseValues[] = {
     -59,  -29,   15,  -88,  -29,   -7,  -37,  -29,  -33,  -15,  -88,  -88,  -37,  -59,  -88,  -15,
     -51,   -7,  -66,  -59,  -51,  -37,  -15,  -15,  -59,  -15,  -51,  -15,  -44,  -15,  -59,  -51,
     -51,  -15,  -15,  -15,  -44,  -22,  -37,  -37,  -66,  -15,  -15,  -15,  -29,  -22,  -15,  -29,
     -15,   -7,  -15,  -22,  -15,  -22,  -15,  -29,  -15,  -15,  -15,  -15,  -15,  -22,  -37,  -15,
     -15,  -15,  -15,  -29,  -59,  -59,  -51,  -29,  -29,  -29,  -81,  -59,  -15,  -15,  -15,  -15,
     -15,  -15,  -15,  -15,  -15,  -15,  -15,  -15,  -15,  -15,  -22,  -22,  -44,  -59,  -51,  -15,
     -59,  -37,  -44,  -22,  -66,  -15,  -15,  -15,  -15,  -15,  -15,  -15,  -15,   -7,  -22,  -22,
     -22,  -15,  -15,  -15,  -15,  -15,  -15,  -15,  -15,   -7,  -15,  -15,  -15,  -66,  -66,  -44,
     -15,  -22,  -22,  -22,  -59,  -66,  -15,  -15,  -15,  -15,  -15,  -15,  -22,  -81,  -81,  -59,
     -15,  -44,  -44,  -44,  -29,  -95,  -81,  -22,  -66,  -66,  -44,  -15,  -37,  -44,  -44,  -22,
     -15,  -95,  -66,  -15,   -7,   -7,   -7,  -22,  -37,  -29,  -22,  -59,  -59,  -51,  -22,  -15,
     -44,  -51,  -51,  -44,   -7,   -7,  -66,  -59,  -29,  -15,  -37,  -29,  -37,  -15,  -29,  -22,
     -44,  -44,  -51,  -15,  -37,  -37,  -51,   59,   66,   59,   73,   44,  -15,  -15,  -29,  -15,
      22, -125, -125,  -22,  -29,  -37,  -22,  -15,  -15,  -15, -125,  -15,  -22,  -22,  -37,  -37,
     -51,  -22,  -15,  -22,  -51,  -51,  -51,  -15,  -15,  -22,  -51,  -66,  -66,  -15,  -66,  -15,
     -29,  -22,  -22,  -15,  -15,   -7,  -37,  -44,  -22,   -7,  -37,  -37,  -37,  -59,  -15,  -51,
     -15,  -44,  -15,  -59,  -51,  -51,  -15,  -15,  -15,  -37,  -22,  -37,  -37,  -66,  -51,    7,
      15, -103,  -66,   -7,   -7,   -7,  -37, -103,   48,   51,  -22,  -11,  -11,
};

static const EpdLigaturePair notoserif_en_22_italicLigaturePairs[] = {
    { 0x00660066, 0xFB00 }, // f f -> U+FB00
    { 0x00660069, 0xFB01 }, // f i -> U+FB01
    { 0x0066006C, 0xFB02 }, // f l -> U+FB02
    { 0xFB000069, 0xFB03 }, // U+FB00 i -> U+FB03
    { 0xFB00006C, 0xFB04 }, // U+FB00 l -> U+FB04
};

static const EpdFontData notoserif_en_22_italic = {
    notoserif_en_22_italicBitmaps,
    notoserif_en_22_italicGlyphs,
    notoserif_en_22_italicIntervals,
    21,
    62,
    49,
    -14,
    true,
    notoserif_en_22_italicGroups,
    13,
    nullptr,
    nullptr,  // kernLeftClasses: built-in fonts use the split arrays below
    nullptr,  // kernRightClasses
    notoserif_en_22_italicKernLeftCodepoints,
    notoserif_en_22_italicKernLeftClassIds,
    notoserif_en_22_italicKernRightCodepoints,
    notoserif_en_22_italicKernRightClassIds,
    nullptr,  // kernMatrix: built-in fonts use the sparse form below
    notoserif_en_22_italicKernRowOffsets,
    notoserif_en_22_italicKernSparseCols,
    notoserif_en_22_italicKernSparseValues,
    119,
    106,
    44,
    34,
    notoserif_en_22_italicLigaturePairs,
    5,
};
