/**
 * generated by fontconvert.py
 * name: notoserif_en_18_bold
 * size: 18
 * mode: 2-bit  compressed: true
 * Command used: fontconvert.py notoserif_en_18_bold 18 ../builtinFonts/source/NotoSerif/NotoSerif-Bold.ttf --2bit --compress --pnum --zopfli --no-default-intervals --additional-intervals 0x0020,0x007E --additional-intervals 0x00A0,0x00FF --additional-intervals 0x0152,0x0153 --additional-intervals 0x0160,0x0161 --additional-intervals 0x0178,0x0178 --additional-intervals 0x017D,0x017E --additional-intervals 0x0192,0x0192 --additional-intervals 0x02C6,0x02C6 --additional-intervals 0x02DC,0x02DC --additional-intervals 0x0300,0x036F --additional-intervals 0x2000,0x206F --additional-intervals 0x2070,0x209F --additional-intervals 0x20A0,0x20CF --additional-intervals 0x2100,0x214F --additional-intervals 0x2150,0x218F --additional-intervals 0x2190,0x21FF --additional-intervals 0x2200,0x22FF --additional-intervals 0xFB00,0xFB06 --additional-intervals 0xFFFD,0xFFFD
 */
#pragma once
#include "EpdFontData.h"

static const uint8_t notoserif_en_18_boldBitmaps[27194] = {
    0xC5, 0x5A, 0x01, 0xA4, 0x26, 0x59, 0x76, 0xFE, 0xAA, 0x2A, 0xD3, 0x25, 0x53, 0xA4, 0x20, 0xBD,
    0x92, 0xE9, 0x24, 0xB5, 0x08, 0xD8, 0x90, 0x02, 0x80, 0x4C, 0x57, 0x65, 0x61, 0x49, 0x90, 0x87,
    0x79, 0x09, 0x19, 0x0C, 0x0C, 0xE8, 0xA0, 0x21, 0x08, 0x7A, 0xBA, 0x6A, 0x77, 0x11, 0x2C, 0xF2,
    0xB0, 0x9B, 0x60, 0x91, 0x45, 0x87, 0xDD, 0xB7, 0x68, 0x08, 0x82, 0xEE, 0xAE, 0xCA, 0x0E, 0x82,
    0x60, 0x6A, 0x77, 0x57, 0x16, 0x8B, 0x2D, 0x91, 0x46, 0x06, 0xE6, 0x66, 0xA7, 0x66, 0xA7, 0x7A,
    0xE6, 0x56, 0x7D, 0xB9, 0xDF, 0xB9, 0xEF, 0x7F, 0xFD, 0x9B, 0xF4, 0x76, 0xEF, 0xCC, 0xF4, 0x6C,
    0xEA, 0xFD, 0xF5, 0x7D, 0xE7, 0xDD, 0xFF, 0xDE, 0x5B, 0xE7, 0x9E, 0x7B, 0xEE, 0x3D, 0xC7, 0xAD,
    0xBF, 0xD9, 0xC2, 0x9F, 0xAF, 0xED, 0xAF, 0x5A, 0xAB, 0xB5, 0x5C, 0xCB, 0x25, 0xFC, 0xB9, 0xD2,
    0x15, 0xE1, 0x2F, 0x77, 0xF9, 0x9C, 0xCD, 0x49, 0x0B, 0x00, 0x57, 0xCE, 0x2A, 0xDF, 0xF8, 0x66,
    0xAB, 0x7D, 0xB9, 0xA0, 0xED, 0x5C, 0xB3, 0xE8, 0x6E, 0x9C, 0xFE, 0x6A, 0xD7, 0xCC, 0xB5, 0xAB,
    0xA7, 0x6A, 0xAE, 0xA6, 0x72, 0xAE, 0xC6, 0x72, 0x2A, 0xC7, 0xF8, 0x77, 0xA5, 0xBD, 0xD2, 0x22,
    0x9D, 0x8B, 0x1E, 0xD9, 0x5C, 0x0A, 0xAA, 0x16, 0xF9, 0x54, 0x01, 0xF9, 0x58, 0x03, 0xC5, 0xD8,
    0x00, 0xE5, 0x78, 0x1D, 0x2F, 0xDD, 0x7D, 0xFB, 0xC1, 0xB7, 0x6B, 0x92, 0xDE, 0x00, 0x35, 0x3C,
    0xD0, 0x60, 0x05, 0xAE, 0x63, 0x09, 0x90, 0x04, 0x78, 0x23, 0x75, 0xC0, 0x3D, 0x81, 0xCF, 0x1C,
    0x48, 0xD2, 0x19, 0xDC, 0xF8, 0xE0, 0xEE, 0xDB, 0x67, 0xA9, 0x2B, 0x46, 0xA4, 0xAE, 0x1C, 0x91,
    0xB9, 0x5F, 0xF0, 0x1C, 0xE0, 0xF7, 0x05, 0xB7, 0x0E, 0x90, 0x3C, 0x38, 0x03, 0x1A, 0xEE, 0x48,
    0xF8, 0x80, 0x7D, 0xEE, 0x6F, 0x0D, 0x63, 0xB9, 0xDC, 0x6A, 0xC6, 0xD2, 0x05, 0x08, 0xD2, 0x1F,
    0xA2, 0xF4, 0xA1, 0x5E, 0xC9, 0x7B, 0x40, 0x41, 0x0F, 0x64, 0x64, 0x0B, 0x90, 0x0B, 0x50, 0x73,
    0x07, 0x52, 0x72, 0x04, 0x3A, 0xCE, 0xC0, 0x6D, 0xBA, 0xBC, 0xBD, 0xD5, 0xB8, 0xBA, 0xBF, 0x55,
    0xBB, 0x66, 0xBC, 0x55, 0x5D, 0xC0, 0x7C, 0x2B, 0x18, 0x65, 0xB9, 0xD5, 0x8D, 0x39, 0xD5, 0x62,
    0x50, 0xDB, 0xE4, 0xBE, 0x69, 0xF0, 0x04, 0x88, 0x57, 0xA2, 0x4A, 0x2F, 0x03, 0x85, 0x5A, 0xDC,
    0x03, 0xAA, 0x79, 0x68, 0x65, 0x89, 0x66, 0x6C, 0x46, 0x8D, 0xBE, 0x1B, 0x9B, 0x29, 0x13, 0xF7,
    0xF5, 0x5C, 0x4C, 0xC0, 0x10, 0xB8, 0x1C, 0x8D, 0x5D, 0xDD, 0x46, 0x6E, 0x10, 0xCB, 0xEF, 0x5F,
    0xB0, 0xC7, 0x49, 0x68, 0x57, 0xFF, 0x60, 0xA9, 0xD9, 0x86, 0x7E, 0xDE, 0x74, 0xBC, 0x3B, 0xD7,
    0x53, 0xF7, 0xB7, 0x3F, 0xD8, 0x8A, 0xA5, 0x7C, 0x8F, 0xE5, 0x9B, 0x3E, 0xF3, 0x29, 0xD7, 0xEA,
    0x4B, 0x6B, 0xE6, 0x71, 0xB5, 0x6D, 0x8A, 0x35, 0xDD, 0x00, 0xDC, 0x2E, 0x96, 0x74, 0x0F, 0xEC,
    0x4B, 0xE3, 0x64, 0x8D, 0x9C, 0xB9, 0x58, 0x9E, 0xCF, 0xB1, 0x5E, 0x39, 0xE6, 0x6B, 0x16, 0xB8,
    0xEA, 0x33, 0x9F, 0xD9, 0xC4, 0xA5, 0x5B, 0xBE, 0x84, 0xE6, 0x40, 0x78, 0x0E, 0xE0, 0x65, 0xB0,
    0x36, 0x0E, 0xEE, 0xC4, 0x28, 0xCA, 0xC3, 0x6E, 0x5C, 0x92, 0x93, 0xB8, 0x59, 0xAB, 0x45, 0xDC,
    0x85, 0x6E, 0xC5, 0xC3, 0x94, 0xFB, 0x27, 0x71, 0xE7, 0xF4, 0xBD, 0xD5, 0x77, 0xE2, 0x7A, 0xEB,
    0xC6, 0xD8, 0x4F, 0xEC, 0x2F, 0xA7, 0x4B, 0xB8, 0x01, 0xD7, 0xC4, 0x66, 0x75, 0x9F, 0xB2, 0x45,
    0xCE, 0x9A, 0xA6, 0xAD, 0x2F, 0xF8, 0x3D, 0xAF, 0xE6, 0x29, 0xDF, 0x95, 0x5D, 0x17, 0xF0, 0xC3,
    0x05, 0xE8, 0x16, 0x34, 0x74, 0xC6, 0x25, 0x67, 0xE3, 0x4C, 0xDC, 0xAC, 0x00, 0x55, 0xCF, 0x03,
    0xD2, 0xB8, 0xDA, 0x35, 0xF3, 0x3D, 0x0A, 0xFE, 0xE8, 0xE6, 0xFB, 0x9C, 0xF5, 0x0F, 0xBF, 0xAC,
    0x82, 0x9A, 0x2B, 0xBA, 0xC0, 0x38, 0x45, 0x54, 0xB3, 0x73, 0xB6, 0x3C, 0x82, 0xA5, 0xAB, 0xA9,
    0xBA, 0x58, 0x0E, 0xC0, 0x15, 0xA0, 0x43, 0xBA, 0xA3, 0x5A, 0xD0, 0xCD, 0xE0, 0x98, 0x11, 0xC5,
    0x8E, 0x72, 0x43, 0xED, 0xF5, 0x8C, 0x66, 0xD5, 0x93, 0x07, 0xFB, 0xD0, 0x3D, 0xFE, 0x58, 0x89,
    0x29, 0xB9, 0xEA, 0x53, 0x7B, 0x35, 0x09, 0x0D, 0x33, 0x22, 0x61, 0x8F, 0x6E, 0x52, 0x87, 0xF9,
    0x06, 0x0C, 0x40, 0x01, 0xE0, 0x0C, 0xD0, 0x3F, 0xA3, 0x8A, 0x8B, 0x4D, 0xD5, 0xC0, 0x11, 0xC3,
    0x8C, 0xCE, 0x59, 0x17, 0x5E, 0x5D, 0x54, 0x9B, 0x86, 0x53, 0x11, 0xE5, 0xF1, 0x87, 0x56, 0xB8,
    0xA3, 0x36, 0x9D, 0x54, 0xD9, 0xA9, 0x21, 0xC7, 0x94, 0x6D, 0xBE, 0xA3, 0x5C, 0xF4, 0xB4, 0x1D,
    0x98, 0x61, 0xD7, 0x95, 0x3B, 0x01, 0x34, 0xDF, 0x90, 0x5B, 0xFE, 0x6E, 0xE6, 0x7E, 0x07, 0xCD,
    0x57, 0xE7, 0x1D, 0xDD, 0xCF, 0x7E, 0x4C, 0xDC, 0x34, 0xC7, 0xBF, 0xB9, 0xB7, 0x48, 0x06, 0x9E,
    0xA1, 0xE3, 0x3B, 0xB4, 0x2F, 0x54, 0xE5, 0x41, 0xAC, 0x8C, 0xDC, 0x1D, 0x3A, 0x78, 0x41, 0xEE,
    0x91, 0x7E, 0xCB, 0xBA, 0x7A, 0x0A, 0xDC, 0xF8, 0xEE, 0x07, 0xE7, 0xFD, 0x40, 0x72, 0x34, 0x78,
    0x7A, 0x65, 0xA4, 0xCE, 0x76, 0xAF, 0xB5, 0xF6, 0xF5, 0x56, 0x6D, 0xF9, 0x06, 0x8F, 0x35, 0x75,
    0xF5, 0x74, 0x1B, 0x9F, 0x37, 0x37, 0xE2, 0x7A, 0xF9, 0x79, 0xB1, 0x6F, 0x5C, 0xB7, 0x0E, 0x6B,
    0xB7, 0xD4, 0x73, 0x02, 0xE0, 0x75, 0x60, 0x45, 0xB2, 0xA8, 0x8B, 0x2C, 0x7C, 0x66, 0xE4, 0x13,
    0x8A, 0x11, 0x65, 0xF8, 0xF4, 0xA8, 0x5A, 0xD4, 0x40, 0xA3, 0x3D, 0x0A, 0x6F, 0xD8, 0x52, 0xF5,
    0x1F, 0xBB, 0xBA, 0x4C, 0x67, 0x57, 0x61, 0x2E, 0xC7, 0x0D, 0x09, 0x7F, 0xCC, 0x36, 0x23, 0x38,
    0x16, 0x3B, 0xBA, 0xB9, 0xF4, 0x68, 0x5C, 0x15, 0x60, 0xB1, 0xA9, 0x68, 0x02, 0x78, 0x9B, 0xBB,
    0x66, 0xFD, 0x3F, 0xB0, 0x7D, 0xB4, 0xCC, 0x47, 0x68, 0xBC, 0xB5, 0xB5, 0x5E, 0xAC, 0xBF, 0x62,
    0x43, 0x37, 0xDB, 0x33, 0x12, 0x7E, 0x85, 0x2D, 0x06, 0xCA, 0xAF, 0xB9, 0x20, 0xFA, 0xAE, 0xA6,
    0x17, 0x29, 0x03, 0x54, 0x82, 0x21, 0xC0, 0xB5, 0x2D, 0x40, 0xB3, 0x08, 0xA6, 0x00, 0x2F, 0x22,
    0x00, 0x9E, 0x23, 0x24, 0x82, 0x94, 0x0E, 0x19, 0xC9, 0xC5, 0x00, 0x76, 0x0D, 0xB6, 0xD2, 0xA8,
    0xD1, 0x55, 0x44, 0xE7, 0x32, 0xB6, 0xC3, 0x94, 0x71, 0x1C, 0xC6, 0x94, 0x63, 0x27, 0xA8, 0x05,
    0x49, 0x1B, 0xCA, 0x80, 0x8C, 0x2D, 0x90, 0x13, 0xD0, 0xE2, 0x00, 0xAA, 0x35, 0x40, 0xE3, 0x02,
    0xE8, 0xCB, 0x54, 0xE5, 0xB9, 0x57, 0xB9, 0x8A, 0xBA, 0x1E, 0x48, 0x76, 0x24, 0x2E, 0x5B, 0x15,
    0x39, 0x66, 0x64, 0xAE, 0xE9, 0x51, 0x59, 0x50, 0xF9, 0x28, 0x1C, 0x74, 0x39, 0x93, 0x2E, 0x3E,
    0xEA, 0xD2, 0xB8, 0x8C, 0x7D, 0x27, 0x5D, 0x4C, 0x8D, 0x46, 0x50, 0x08, 0xA4, 0x46, 0x2F, 0xD0,
    0xB4, 0x6E, 0xB6, 0x13, 0xA8, 0x6D, 0x2B, 0xF8, 0x2F, 0xE0, 0xAA, 0x6D, 0x7B, 0xB9, 0xEA, 0x25,
    0x9A, 0x74, 0x58, 0xF7, 0x43, 0x84, 0x97, 0x05, 0x9B, 0xCA, 0x18, 0x60, 0x66, 0xAF, 0xA1, 0xBE,
    0x77, 0x93, 0x6D, 0x4D, 0x6E, 0xC8, 0xC9, 0xB3, 0x8B, 0x45, 0x12, 0x87, 0x8A, 0xC2, 0xB0, 0x34,
    0x6C, 0x0C, 0x3B, 0xC3, 0xF7, 0x85, 0xE9, 0xBB, 0xC2, 0xFC, 0x87, 0xC2, 0xF2, 0xAB, 0xC2, 0x2A,
    0x13, 0x5E, 0x37, 0xBC, 0x27, 0x4C, 0x16, 0x61, 0xE6, 0x84, 0xC5, 0x28, 0x2C, 0x7B, 0x61, 0x0D,
    0x61, 0x77, 0xFA, 0x2A, 0xBF, 0x81, 0x8E, 0x24, 0xDB, 0x88, 0x87, 0xE7, 0x1E, 0x63, 0xCE, 0xDE,
    0x74, 0x98, 0x54, 0x40, 0x5E, 0x60, 0xAE, 0xEA, 0xC5, 0x25, 0x94, 0x06, 0xDF, 0x38, 0xBD, 0xD9,
    0x96, 0x2D, 0x4A, 0x83, 0x3E, 0x00, 0x50, 0xE1, 0x12, 0x94, 0x68, 0xD4, 0x64, 0x2F, 0x58, 0xF1,
    0x7B, 0x27, 0x9D, 0x59, 0xD0, 0x6C, 0x69, 0xD6, 0x8A, 0xDE, 0x32, 0x3F, 0x86, 0xDF, 0x12, 0xBC,
    0xA1, 0x2F, 0x76, 0x55, 0x19, 0xDA, 0x82, 0x6D, 0xF7, 0xB0, 0xDB, 0xD5, 0xC1, 0x82, 0x2B, 0x64,
    0x1F, 0xAD, 0x15, 0xAF, 0x94, 0x8F, 0x80, 0x4A, 0x85, 0xC3, 0x34, 0xCC, 0x89, 0xCD, 0xE0, 0x8E,
    0xCA, 0x15, 0x1E, 0xE5, 0x54, 0x7A, 0xFC, 0x46, 0x6B, 0xFE, 0x52, 0x2F, 0x01, 0x1A, 0x03, 0x77,
    0xB5, 0x45, 0xF3, 0x73, 0x6E, 0x68, 0xCC, 0x02, 0x7B, 0xC2, 0xA9, 0x5B, 0xA0, 0x6D, 0x3D, 0x54,
    0x10, 0xAC, 0x01, 0xEA, 0xB5, 0x59, 0x02, 0xD4, 0x82, 0x6A, 0x0D, 0x50, 0x6A, 0x9D, 0x15, 0xDE,
    0x1C, 0x04, 0xDD, 0x94, 0xF0, 0xCB, 0x1C, 0xD1, 0x71, 0xD7, 0x58, 0xE2, 0x12, 0xB3, 0xFE, 0x96,
    0x4B, 0x70, 0x11, 0xBE, 0x71, 0xDA, 0x4D, 0x2F, 0x2B, 0xCE, 0xFF, 0x91, 0x9C, 0x33, 0x00, 0x01,
    0x24, 0x02, 0x0B, 0xC6, 0x99, 0x0F, 0x60, 0x91, 0xAF, 0x5C, 0x0E, 0x3E, 0xDC, 0xC8, 0x22, 0xDD,
    0x68, 0x51, 0x3E, 0x80, 0x4D, 0x3A, 0x55, 0x77, 0x3F, 0xB8, 0x7A, 0x29, 0xA8, 0xE2, 0x68, 0x04,
    0xB3, 0xEA, 0xAA, 0x01, 0x05, 0x76, 0x5D, 0x93, 0x57, 0x92, 0x44, 0xC6, 0x3F, 0xE6, 0x58, 0x6C,
    0x47, 0xBB, 0x4E, 0xBD, 0xD4, 0x02, 0x49, 0xAE, 0xDA, 0x42, 0x59, 0xC9, 0xB6, 0x9B, 0x72, 0xCE,
    0x6C, 0x13, 0xD2, 0x5F, 0x64, 0x3F, 0x25, 0x15, 0x69, 0xC8, 0x3E, 0xDF, 0x2B, 0xCE, 0xE5, 0x9A,
    0x52, 0xC6, 0xE9, 0x7C, 0x80, 0xDA, 0x77, 0x33, 0xCA, 0x2D, 0x82, 0x43, 0xA9, 0xB2, 0xCA, 0xD7,
    0xAB, 0x76, 0xA2, 0x1D, 0xC3, 0x9C, 0x91, 0x0A, 0x5E, 0x5C, 0xA3, 0x5D, 0xE2, 0x55, 0xB1, 0x47,
    0xA2, 0x19, 0xCC, 0xF9, 0xCD, 0x1D, 0xA5, 0x4F, 0xD8, 0x86, 0x16, 0x1C, 0x15, 0x86, 0x26, 0xF5,
    0x3C, 0x2B, 0x86, 0xB9, 0x4B, 0x58, 0x0C, 0x1A, 0x85, 0x46, 0x45, 0xCF, 0xB5, 0xDA, 0x53, 0xAE,
    0x85, 0xAC, 0x9B, 0x90, 0xA1, 0xF8, 0xA5, 0x3B, 0x17, 0xD3, 0x79, 0x80, 0xCE, 0xAC, 0x30, 0x15,
    0xB2, 0x42, 0xD5, 0x26, 0x6C, 0xAB, 0x31, 0xDB, 0x51, 0x6A, 0xC4, 0x05, 0x39, 0xEB, 0xE1, 0xAD,
    0x3C, 0x27, 0xDC, 0x6D, 0xED, 0xBA, 0xB5, 0xF3, 0xDD, 0xDA, 0x2C, 0x57, 0x5A, 0x7C, 0xE4, 0x7A,
    0xF1, 0xAC, 0x59, 0xF4, 0x6D, 0xB3, 0xD6, 0x2E, 0x79, 0x56, 0x5D, 0x85, 0x96, 0x50, 0xBB, 0x59,
    0xCB, 0x35, 0x5B, 0x32, 0x97, 0x4F, 0x5D, 0xBF, 0xE1, 0x0C, 0x87, 0x2B, 0x19, 0x03, 0x54, 0xE6,
    0xE6, 0x01, 0x8A, 0x5D, 0x1A, 0xCE, 0x51, 0x50, 0xD4, 0x47, 0xCE, 0x36, 0xBA, 0x65, 0x9C, 0xBE,
    0xCE, 0x21, 0x7E, 0x19, 0xAB, 0x45, 0x31, 0xAE, 0x90, 0x6A, 0x33, 0xB1, 0x0F, 0x58, 0xAB, 0x6A,
    0x2A, 0x00, 0x6E, 0x9C, 0x9F, 0x9F, 0xF7, 0x24, 0x39, 0x1A, 0xE0, 0x17, 0x5D, 0xC3, 0x65, 0x15,
    0x49, 0xBD, 0x95, 0x7D, 0x4B, 0x70, 0x5F, 0x30, 0x5C, 0x3E, 0x21, 0x8D, 0x4F, 0x58, 0x0F, 0x62,
    0x54, 0xCE, 0xD4, 0x34, 0x15, 0xAD, 0xB0, 0x5E, 0x4D, 0xB0, 0x26, 0xA6, 0x9E, 0x09, 0x51, 0xE5,
    0x07, 0x97, 0x3D, 0x1F, 0xE7, 0x84, 0xEC, 0x51, 0x91, 0x2B, 0x9A, 0xAD, 0x20, 0x86, 0x25, 0x63,
    0x3F, 0xB8, 0x54, 0x73, 0x1F, 0x5A, 0x5F, 0x99, 0x6D, 0xC7, 0x4C, 0x23, 0x4C, 0x71, 0x5F, 0x88,
    0xFB, 0x4F, 0x49, 0x19, 0x65, 0x8D, 0xE5, 0x71, 0xDB, 0x2D, 0x2C, 0xAD, 0x30, 0x98, 0x3F, 0x92,
    0x7A, 0x42, 0x19, 0x41, 0x80, 0xCA, 0x4B, 0xEF, 0x23, 0x38, 0xAC, 0x2E, 0xB4, 0x02, 0x7C, 0xEE,
    0xC1, 0x99, 0xD5, 0x25, 0xE3, 0xDE, 0xFA, 0xE8, 0x74, 0x70, 0x7A, 0x44, 0x6B, 0x4B, 0xD2, 0x6A,
    0x76, 0x2D, 0x9A, 0x51, 0xCD, 0x46, 0x10, 0xF6, 0xAC, 0xD4, 0xE3, 0xCA, 0x07, 0x2F, 0x84, 0x19,
    0x5E, 0x14, 0x58, 0x93, 0xA5, 0x9C, 0xB3, 0x2D, 0xDB, 0xB1, 0x56, 0x63, 0xB9, 0x84, 0x66, 0x6B,
    0x33, 0xD6, 0x73, 0xE6, 0xE1, 0x9B, 0xB6, 0x1B, 0xC5, 0x1D, 0x86, 0x31, 0x0F, 0x3C, 0x80, 0x7D,
    0xB1, 0x62, 0x1D, 0x12, 0xB6, 0xC5, 0x82, 0x75, 0x4F, 0xA8, 0x47, 0x2C, 0x7B, 0x1A, 0xD8, 0x25,
    0x4E, 0x5C, 0xB9, 0xCC, 0xA9, 0xBC, 0x0E, 0xFE, 0xF3, 0x00, 0x6C, 0x1B, 0x57, 0x8E, 0x03, 0x86,
    0xEF, 0xBF, 0xBB, 0x36, 0xE8, 0xD0, 0xF0, 0x5F, 0xB5, 0x59, 0x29, 0x49, 0xEB, 0xE6, 0x38, 0xF9,
    0xD2, 0x6C, 0x8A, 0x5C, 0xB8, 0xC8, 0xD9, 0x26, 0xFC, 0x3C, 0x20, 0xBB, 0xA5, 0x0B, 0x50, 0x3F,
    0x8A, 0x21, 0x3F, 0x23, 0x69, 0xDF, 0xD5, 0x64, 0x74, 0xCC, 0xAB, 0xAD, 0x91, 0xB9, 0x24, 0xCC,
    0xB6, 0xC6, 0x19, 0xE7, 0x43, 0xA6, 0x6D, 0x5C, 0x72, 0x89, 0xDC, 0x79, 0xE3, 0xBA, 0x8A, 0xDC,
    0x94, 0x9B, 0xF1, 0xED, 0x92, 0xC6, 0xF7, 0x8A, 0xC8, 0xDE, 0x02, 0xA4, 0x05, 0x9F, 0xD1, 0xB2,
    0x34, 0x75, 0x2C, 0x06, 0xCD, 0x97, 0x27, 0xD0, 0x45, 0x93, 0x0E, 0xB6, 0xD5, 0x91, 0x5C, 0xA3,
    0x5A, 0xB4, 0x69, 0x0A, 0xE2, 0xA6, 0x6E, 0xF5, 0x55, 0x60, 0x4D, 0x85, 0xD8, 0xC7, 0x78, 0x98,
    0xF8, 0xE8, 0x18, 0xD9, 0x2A, 0x9E, 0x50, 0x78, 0x69, 0xBA, 0x80, 0x74, 0x20, 0x79, 0xC9, 0x03,
    0xF9, 0x1D, 0x48, 0xB2, 0x9D, 0xE6, 0xED, 0x81, 0x1A, 0x5F, 0xC1, 0x3E, 0xE1, 0x14, 0x9A, 0x05,
    0x4C, 0x39, 0x3F, 0x11, 0xE3, 0xB7, 0xB9, 0x6A, 0xCE, 0x37, 0x77, 0x24, 0x24, 0x67, 0xC3, 0x35,
    0xE0, 0x7C, 0x4D, 0x7B, 0xE3, 0x14, 0x3F, 0xA0, 0x13, 0x0E, 0xAB, 0xB0, 0x8B, 0xE8, 0x1F, 0x63,
    0x2C, 0xE7, 0x92, 0xAA, 0xB2, 0xCB, 0xF8, 0xF0, 0xB5, 0xB8, 0xF2, 0x76, 0x08, 0x1F, 0xEF, 0x0D,
    0x96, 0x37, 0x14, 0x24, 0xE5, 0x82, 0xAF, 0x72, 0x4C, 0x38, 0x9A, 0x02, 0x5A, 0x48, 0xE5, 0xAE,
    0xC9, 0xD3, 0xAA, 0x6A, 0x5A, 0xF9, 0xEF, 0x6F, 0x22, 0x4E, 0xC2, 0xB0, 0x3E, 0x46, 0x2E, 0x4F,
    0xC3, 0xE3, 0x9A, 0xB1, 0x6D, 0x63, 0x68, 0x36, 0x8E, 0x96, 0x3D, 0x53, 0x14, 0x4E, 0xE7, 0x8C,
    0x0E, 0xD5, 0x84, 0x81, 0xDF, 0xE5, 0x68, 0xB3, 0x22, 0xD7, 0x90, 0x6E, 0x48, 0x5E, 0x91, 0x96,
    0xFC, 0xA0, 0x8D, 0x06, 0xDD, 0x20, 0x8B, 0xDE, 0xE5, 0x08, 0x1B, 0xDA, 0x62, 0x4B, 0xBF, 0xF1,
    0x46, 0x15, 0x8D, 0x4A, 0xB6, 0xA2, 0x9C, 0xA3, 0x28, 0x3B, 0xD0, 0x14, 0x69, 0x16, 0xA5, 0x4F,
    0x21, 0x55, 0x39, 0x6E, 0x30, 0x1E, 0x75, 0x16, 0xE7, 0x50, 0x9A, 0x8B, 0xEA, 0xDD, 0xA8, 0xF3,
    0x88, 0x66, 0x46, 0xCE, 0x87, 0x37, 0xD9, 0x1F, 0xF4, 0xBC, 0xB0, 0xF4, 0x20, 0xEE, 0x05, 0x1C,
    0x83, 0xEA, 0xE7, 0xC3, 0x98, 0x4A, 0x57, 0xEB, 0xAF, 0x3C, 0xC2, 0xC2, 0x10, 0x78, 0x12, 0xCE,
    0x86, 0xE4, 0x72, 0x89, 0xB1, 0x64, 0x7A, 0x06, 0x26, 0x8B, 0x30, 0x8D, 0x68, 0x6B, 0x21, 0x93,
    0x33, 0x9C, 0xBE, 0xE6, 0xA8, 0xEB, 0x02, 0x9F, 0x87, 0x86, 0x86, 0xA1, 0xE7, 0x93, 0x63, 0x3D,
    0x63, 0xF9, 0xC7, 0x40, 0xDB, 0x7F, 0x6D, 0x49, 0x99, 0xF9, 0xDC, 0x01, 0x2F, 0xAF, 0x9B, 0xDC,
    0xAD, 0x02, 0x55, 0xB1, 0xD9, 0x4F, 0xE9, 0xCD, 0x16, 0xF5, 0x66, 0x99, 0x71, 0xB9, 0x99, 0x53,
    0x15, 0xDE, 0x62, 0x41, 0xEE, 0xCC, 0xDD, 0x12, 0x18, 0xD9, 0x26, 0x6E, 0x34, 0x44, 0xE2, 0xF2,
    0x64, 0x7A, 0xF1, 0xFC, 0xFC, 0x2C, 0x50, 0x49, 0xCE, 0xC3, 0x6A, 0xA9, 0x5E, 0x20, 0x34, 0x1B,
    0x3A, 0x6F, 0x3D, 0x35, 0x91, 0xEA, 0xCD, 0xA8, 0xA4, 0x51, 0xCE, 0x5E, 0x94, 0x72, 0x16, 0x61,
    0xD8, 0x5B, 0xD5, 0x2E, 0x49, 0xAE, 0x16, 0x7A, 0xF6, 0x16, 0x96, 0x87, 0x98, 0x3B, 0xB4, 0x83,
    0x99, 0x3B, 0xDE, 0x1A, 0xEC, 0x35, 0x2E, 0xD6, 0x34, 0xD3, 0x94, 0x19, 0x8F, 0x9F, 0x82, 0x75,
    0x1D, 0xB3, 0xCA, 0x3F, 0x3D, 0x1F, 0xF4, 0x93, 0xBE, 0x79, 0xDC, 0xE7, 0xFA, 0xE3, 0x7B, 0x20,
    0xC7, 0xE8, 0x40, 0x71, 0x2C, 0xC9, 0x73, 0xBC, 0xD5, 0x5F, 0xDC, 0x67, 0xE3, 0x33, 0x0A, 0xD2,
    0x97, 0xE1, 0x46, 0xC7, 0x33, 0x54, 0x3B, 0x3E, 0xFB, 0x7B, 0xC3, 0x61, 0xC2, 0xCD, 0x8B, 0x6C,
    0xAD, 0x8F, 0x90, 0x33, 0x5E, 0x2C, 0xF1, 0xEF, 0x91, 0x13, 0x23, 0x49, 0xD3, 0x6E, 0x6F, 0xA5,
    0x74, 0xED, 0xE2, 0xFE, 0x34, 0x1A, 0x75, 0x10, 0x25, 0xDE, 0x28, 0x5B, 0x8C, 0xCA, 0xC9, 0xA8,
    0x69, 0x8D, 0x76, 0x88, 0x7E, 0x18, 0xE9, 0x27, 0x34, 0x22, 0xC7, 0x48, 0x56, 0xF3, 0xE7, 0x74,
    0xA2, 0x99, 0xAB, 0x35, 0xE8, 0x36, 0xA3, 0x86, 0x46, 0x25, 0x7B, 0x51, 0xC1, 0x51, 0x94, 0xD1,
    0x89, 0x92, 0x8B, 0x09, 0xE1, 0x06, 0x95, 0x34, 0x6C, 0xD5, 0x65, 0xC5, 0x55, 0x94, 0x0C, 0xEB,
    0x60, 0x0F, 0xA0, 0x61, 0xC1, 0xE5, 0x72, 0x15, 0x26, 0x9F, 0x15, 0x9E, 0x18, 0x2E, 0x8F, 0x31,
    0x71, 0xC2, 0xD4, 0x99, 0x8B, 0xB9, 0xFC, 0x09, 0xFB, 0x93, 0xC5, 0x5B, 0xCE, 0x71, 0xFB, 0x0F,
    0x42, 0xC1, 0x5D, 0xCA, 0x6E, 0x48, 0x49, 0x4B, 0x12, 0x62, 0x62, 0x5D, 0x69, 0xC4, 0xEF, 0xB3,
    0x47, 0x3D, 0x98, 0x30, 0xE2, 0xBA, 0x84, 0xF7, 0x38, 0xE1, 0x96, 0x84, 0x85, 0x33, 0xEE, 0x99,
    0x10, 0x60, 0x35, 0xA1, 0x5B, 0x12, 0x67, 0x42, 0xB3, 0xA6, 0x51, 0xA8, 0x7D, 0x36, 0x9B, 0x50,
    0x6D, 0xF9, 0x64, 0x42, 0xC9, 0x62, 0x34, 0xA1, 0x60, 0xD9, 0x9B, 0x90, 0xF3, 0xB5, 0xD6, 0x84,
    0x8C, 0xEF, 0xC0, 0x84, 0x94, 0x7B, 0x14, 0x12, 0x6E, 0x51, 0x00, 0x7D, 0x14, 0xB4, 0xE1, 0x44,
    0xA1, 0x5B, 0x24, 0xA4, 0x0B, 0x1A, 0x3B, 0x75, 0xCB, 0x3D, 0xEA, 0x39, 0xA1, 0x07, 0xA9, 0x73,
    0x3C, 0x1B, 0xE0, 0x54, 0x8E, 0x12, 0xE2, 0xE1, 0xC4, 0x4E, 0x0B, 0x36, 0xB4, 0x6C, 0xA8, 0x9B,
    0x52, 0xD9, 0xA1, 0xEE, 0xF5, 0x04, 0x54, 0x6D, 0x42, 0x5E, 0xD0, 0x28, 0x7A, 0x9F, 0xB3, 0x68,
    0xE1, 0x62, 0xD4, 0x79, 0xA3, 0x7A, 0x37, 0x2A, 0xD9, 0x8A, 0x72, 0x8E, 0xA2, 0x94, 0x4E, 0x04,
    0x2E, 0x46, 0x8D, 0x37, 0xAA, 0x68, 0x54, 0xF0, 0x1F, 0x45, 0x61, 0x60, 0xA2, 0x84, 0x14, 0x61,
    0x88, 0xD4, 0x44, 0x2A, 0xD9, 0xA6, 0x8B, 0xA5, 0x44, 0xB9, 0x65, 0x44, 0x6D, 0xDC, 0xAA, 0x23,
    0x75, 0xED, 0x51, 0xCA, 0x6D, 0x39, 0x3D, 0x6D, 0xD3, 0x1E, 0x1E, 0xFD, 0x85, 0x6D, 0x23, 0xA3,
    0x6C, 0x90, 0xB3, 0xB5, 0x83, 0xC6, 0x1D, 0xBA, 0xEB, 0x4D, 0x9D, 0x69, 0x75, 0xE9, 0x8B, 0x2E,
    0x66, 0x59, 0xC3, 0x7A, 0x4C, 0x5C, 0x44, 0xD3, 0xD3, 0x68, 0x58, 0x8E, 0x1B, 0x74, 0x91, 0x62,
    0x9F, 0x7D, 0xED, 0xED, 0x09, 0xF1, 0x79, 0x92, 0x50, 0x7B, 0x7D, 0xAD, 0x29, 0x01, 0x97, 0x2B,
    0x9C, 0x62, 0x12, 0x68, 0xDE, 0x6F, 0x79, 0x87, 0x25, 0x1E, 0x18, 0xC8, 0xFF, 0x7E, 0x9C, 0xC9,
    0x3D, 0x3C, 0x64, 0x72, 0xA3, 0x65, 0x6C, 0x31, 0x15, 0x73, 0x01, 0xF1, 0x54, 0x4C, 0x62, 0x6E,
    0x67, 0xAD, 0x0A, 0xB6, 0x49, 0xE8, 0x67, 0x7B, 0x9C, 0xDB, 0xFD, 0xD3, 0x2F, 0xB7, 0x74, 0x0E,
    0xA1, 0xD1, 0x7D, 0x34, 0x34, 0x3E, 0x57, 0x63, 0x2F, 0x9F, 0xAD, 0xB1, 0xDD, 0xB1, 0xB1, 0xE3,
    0x2E, 0xA7, 0x61, 0x99, 0x47, 0x89, 0x0A, 0xF6, 0x47, 0xA4, 0x26, 0x71, 0xE4, 0xC7, 0x21, 0xBA,
    0xE1, 0x49, 0xAC, 0x13, 0xFF, 0xBD, 0xB9, 0x7C, 0x24, 0x3D, 0xBC, 0xC6, 0x87, 0x77, 0xD9, 0xAB,
    0x55, 0x76, 0x11, 0x3E, 0xE8, 0x22, 0xAD, 0x46, 0xC3, 0x13, 0x69, 0x39, 0xAA, 0x19, 0x3E, 0x22,
    0xC5, 0xF4, 0xC4, 0xFA, 0x34, 0x9A, 0x45, 0x0F, 0x2F, 0xB6, 0xDF, 0x6E, 0x35, 0x6A, 0x36, 0xA3,
    0x8A, 0x46, 0x25, 0xFB, 0xD8, 0x6E, 0x14, 0x65, 0x87, 0xC7, 0xC6, 0xED, 0x77, 0xF0, 0xC8, 0x2F,
    0xB7, 0xDF, 0xBE, 0xA4, 0x13, 0x25, 0x83, 0x3B, 0x9C, 0x94, 0xAC, 0x80, 0x4A, 0xB2, 0xFD, 0x8B,
    0x9C, 0x75, 0x0E, 0xEE, 0x6A, 0x07, 0x1D, 0xF2, 0xA3, 0x32, 0x18, 0x9B, 0x05, 0xBF, 0x66, 0x93,
    0x86, 0x46, 0xD6, 0xA9, 0x68, 0xEB, 0x30, 0x88, 0x19, 0xD5, 0x76, 0x88, 0xFB, 0x9F, 0x25, 0x10,
    0xD2, 0xB1, 0x50, 0x21, 0xE8, 0x13, 0x19, 0xBF, 0x6E, 0x75, 0x48, 0x12, 0xC0, 0x0F, 0x23, 0x0A,
    0x41, 0xB9, 0x76, 0x0E, 0xB5, 0x6B, 0x36, 0x0C, 0x53, 0x49, 0xD2, 0xB2, 0xED, 0xE8, 0xF3, 0x1D,
    0x49, 0xEE, 0x91, 0x88, 0xEE, 0xED, 0x61, 0x3F, 0x27, 0x06, 0x3B, 0xAF, 0xC7, 0xFD, 0x48, 0xF7,
    0x44, 0xF5, 0x81, 0x5E, 0x17, 0xBD, 0x08, 0x88, 0xF0, 0x2B, 0xA1, 0x66, 0x33, 0xEA, 0x28, 0xAC,
    0x48, 0x7F, 0x49, 0x9D, 0xB6, 0x52, 0x6E, 0x81, 0xE6, 0x40, 0x39, 0x37, 0xC4, 0x55, 0x08, 0x34,
    0xF8, 0xFF, 0xA2, 0x21, 0xBE, 0xB0, 0xD2, 0x4A, 0x53, 0x0A, 0xB1, 0x23, 0xB5, 0xD4, 0xF0, 0xE1,
    0x4D, 0x67, 0x51, 0x8D, 0xA3, 0xE5, 0xB5, 0x1B, 0x0E, 0x19, 0x22, 0x49, 0x34, 0x74, 0xA2, 0x8E,
    0xAE, 0x0A, 0xF3, 0x92, 0x32, 0x1E, 0x42, 0x7B, 0xA4, 0x9A, 0xE0, 0xE8, 0xB2, 0xE9, 0x62, 0x4F,
    0xC8, 0x9C, 0x3D, 0x21, 0x9B, 0x2D, 0x33, 0x29, 0xA6, 0x98, 0x95, 0x8E, 0x96, 0xAF, 0x94, 0x7D,
    0x5C, 0xF1, 0x6D, 0x20, 0xA2, 0x89, 0xA7, 0xBA, 0xB7, 0x6D, 0x65, 0xF5, 0xF7, 0x8D, 0x46, 0x6F,
    0x8B, 0xF0, 0xFB, 0x6B, 0x20, 0xF0, 0x3F, 0x9D, 0xD1, 0xBB, 0x46, 0xDD, 0xFB, 0xB3, 0xA8, 0xF9,
    0x70, 0x14, 0xD5, 0x34, 0xAA, 0xD8, 0x8A, 0x4A, 0x0A, 0x51, 0x44, 0xCA, 0x37, 0xA3, 0xCC, 0x47,
    0xE5, 0x5B, 0xDC, 0x41, 0x41, 0xC2, 0x1C, 0xDC, 0xA3, 0x24, 0xCD, 0x5B, 0xD3, 0xED, 0xE2, 0xCD,
    0xD7, 0x64, 0x87, 0x88, 0xF5, 0x68, 0x62, 0xCE, 0x20, 0xDA, 0xB2, 0x91, 0x6E, 0xA6, 0x2A, 0x1D,
    0x4A, 0x8E, 0x68, 0x60, 0x62, 0x15, 0x45, 0x2D, 0xD4, 0x9A, 0x33, 0xA4, 0x7D, 0xE7, 0x65, 0x1F,
    0xDC, 0x87, 0x8D, 0xF5, 0xFA, 0xB0, 0xC0, 0xC3, 0xC6, 0xFB, 0x46, 0xB3, 0x9A, 0x58, 0xED, 0xF0,
    0x8D, 0x4F, 0x96, 0xA8, 0xA9, 0xAF, 0xB6, 0xD4, 0x99, 0xB6, 0xC9, 0x52, 0xEE, 0x99, 0xC4, 0x9C,
    0x5F, 0x71, 0x25, 0xB3, 0xD9, 0x6C, 0xF0, 0xA6, 0xCB, 0xF9, 0xA5, 0xC9, 0xC4, 0x7F, 0x9B, 0x33,
    0x7E, 0xCD, 0x4E, 0xB6, 0xF8, 0x93, 0x29, 0xE5, 0x5B, 0x12, 0xC1, 0x77, 0xC6, 0x84, 0x3F, 0xED,
    0x4D, 0x64, 0x0F, 0x46, 0x13, 0x0C, 0x81, 0x06, 0x1E, 0xFC, 0xD0, 0x6E, 0xD8, 0xEC, 0xDA, 0x6D,
    0xFA, 0xC4, 0x3B, 0x1E, 0x06, 0xC5, 0xE3, 0xD2, 0x48, 0x26, 0xD6, 0xE6, 0xA9, 0xAE, 0x21, 0xE7,
    0x9A, 0xEE, 0x0A, 0xF7, 0x36, 0xE7, 0x19, 0x14, 0x18, 0xA2, 0x93, 0x64, 0x8B, 0xAC, 0x6D, 0x07,
    0x4C, 0x05, 0x47, 0x4D, 0x68, 0xC6, 0xB9, 0xB1, 0xD9, 0x72, 0xB7, 0x4D, 0x01, 0xEF, 0x45, 0xB2,
    0x84, 0x4D, 0xCC, 0x24, 0x2A, 0x6D, 0x9A, 0xCC, 0xB2, 0x31, 0x5A, 0xC4, 0xC2, 0xD5, 0x6A, 0x76,
    0x9B, 0xE8, 0x7E, 0x6D, 0x51, 0x6E, 0xD5, 0x6E, 0x85, 0xDC, 0x59, 0xD5, 0x72, 0x4C, 0xCD, 0x59,
    0x5B, 0xD8, 0x5E, 0x02, 0x74, 0x17, 0x7A, 0xD0, 0xE6, 0xB8, 0xE3, 0x34, 0xD0, 0xE5, 0xA4, 0xBF,
    0x20, 0xCD, 0xF2, 0x10, 0xB7, 0x30, 0xCA, 0x45, 0x1F, 0x21, 0x97, 0x8B, 0x3A, 0x4D, 0x72, 0x2A,
    0xF2, 0xD1, 0x37, 0x17, 0x9B, 0xB7, 0xCC, 0xD9, 0x44, 0x15, 0x72, 0xCA, 0x3D, 0x3A, 0x25, 0x51,
    0xC7, 0x7D, 0xFE, 0x7A, 0x74, 0xC3, 0x7B, 0x31, 0xCE, 0x45, 0x37, 0xFC, 0x59, 0xF4, 0xBF, 0x0F,
    0xA3, 0xFF, 0x1D, 0x1C, 0xAF, 0x3F, 0x38, 0xDE, 0xC7, 0xA2, 0xE8, 0xB7, 0x25, 0xC9, 0x4B, 0xAA,
    0x02, 0x72, 0xAA, 0x85, 0x73, 0xFD, 0xC1, 0xF9, 0xDD, 0x20, 0x8F, 0x28, 0xD9, 0xD7, 0x2D, 0x6A,
    0xD3, 0xAB, 0xD9, 0x84, 0xF4, 0x01, 0x13, 0x3A, 0x98, 0xE5, 0x61, 0xD3, 0x70, 0xB9, 0x02, 0xE2,
    0x1C, 0x0F, 0x5E, 0xC8, 0xC5, 0xAA, 0x44, 0xBF, 0xB2, 0xA7, 0x99, 0xAE, 0x66, 0x66, 0x98, 0xCD,
    0x2D, 0xF4, 0xDC, 0x31, 0xC3, 0x2C, 0x19, 0xA7, 0x80, 0x9A, 0xA7, 0x6C, 0xA9, 0x08, 0xE4, 0x4B,
    0xB3, 0x9F, 0x9E, 0xDE, 0x74, 0xB6, 0xDF, 0x5E, 0xE0, 0x17, 0xCE, 0xBF, 0xDD, 0xD1, 0x77, 0xFC,
    0x7A, 0xE7, 0xB5, 0xA8, 0xBB, 0xE5, 0x39, 0x7D, 0x56, 0xFB, 0xEC, 0x6D, 0x47, 0xDF, 0xD0, 0xBF,
    0x0E, 0x78, 0xE0, 0x9E, 0xBD, 0x33, 0xBC, 0x1E, 0xCF, 0xBE, 0x94, 0x50, 0x6A, 0x82, 0xCA, 0x51,
    0xB3, 0x95, 0x4F, 0xC8, 0x66, 0xCD, 0x5E, 0x6A, 0xD9, 0x2B, 0xD6, 0x4F, 0xD0, 0xE0, 0xCE, 0x8D,
    0xF3, 0x3B, 0x03, 0xFD, 0x5F, 0xD2, 0xDB, 0xB2, 0x7D, 0xCE, 0x9F, 0x44, 0x1E, 0xE9, 0xED, 0x90,
    0xFF, 0xAF, 0x01, 0x53, 0xCF, 0xFC, 0x16, 0x19, 0x0F, 0x27, 0xC6, 0xE5, 0x5B, 0x8A, 0x96, 0x7F,
    0x3A, 0x02, 0x8D, 0xD6, 0xFB, 0xF5, 0xD4, 0x69, 0x08, 0xAB, 0x94, 0xF3, 0xD2, 0xF3, 0xB6, 0xF4,
    0x6D, 0xB4, 0x71, 0x56, 0x6D, 0x39, 0xA2, 0x1C, 0xEB, 0x16, 0xF9, 0xD4, 0x40, 0xC5, 0xC0, 0xF1,
    0x0B, 0x95, 0xAB, 0xA7, 0xA7, 0xA7, 0x27, 0x37, 0xEE, 0x28, 0x08, 0x15, 0xBB, 0x1D, 0xD5, 0x76,
    0xA3, 0x1D, 0x7D, 0x9E, 0xE0, 0x85, 0x73, 0x3B, 0x9B, 0xE6, 0x06, 0x25, 0xCE, 0x96, 0xBB, 0xA7,
    0x0C, 0x5F, 0x6E, 0xE0, 0x8C, 0xDC, 0x5B, 0x24, 0xF8, 0xB6, 0x21, 0x8E, 0xF0, 0x25, 0x06, 0x4C,
    0x29, 0x2C, 0x79, 0x16, 0xB0, 0xDE, 0x54, 0xDE, 0x78, 0x61, 0xB7, 0x3E, 0xC6, 0x66, 0x4D, 0xAC,
    0x3C, 0x53, 0x9D, 0xFD, 0xB5, 0x61, 0x45, 0xA9, 0x19, 0x6C, 0x53, 0xBA, 0x80, 0xB8, 0xAA, 0x0E,
    0xBF, 0x70, 0xDE, 0xC3, 0x56, 0x6A, 0xC0, 0xDA, 0x30, 0x7D, 0xD6, 0x81, 0xCB, 0x4B, 0x6D, 0xC0,
    0x1F, 0xD0, 0x07, 0xFC, 0x29, 0xD9, 0x26, 0xDC, 0xBF, 0xC4, 0x31, 0xE1, 0x6A, 0x29, 0x90, 0x03,
    0x9D, 0x70, 0x08, 0x38, 0xA3, 0x5B, 0x0E, 0x38, 0x49, 0x9B, 0x63, 0x54, 0x79, 0xC4, 0x25, 0xE2,
    0xA1, 0xD5, 0x62, 0x3D, 0xF8, 0x94, 0x53, 0xCE, 0xBB, 0xDF, 0xE4, 0xD8, 0xF1, 0xCF, 0x2C, 0xA4,
    0xA5, 0xB6, 0x1D, 0x99, 0xD6, 0x89, 0xEC, 0x56, 0x5B, 0x94, 0xB6, 0xA3, 0x90, 0x84, 0x63, 0xB9,
    0x83, 0x53, 0xE5, 0x31, 0x8C, 0x75, 0x80, 0xB6, 0x59, 0xF1, 0x0A, 0x02, 0xE0, 0x29, 0x60, 0xDB,
    0xE9, 0xC5, 0xBE, 0x9F, 0x8C, 0x25, 0xDB, 0x7C, 0xCA, 0xF8, 0x70, 0x18, 0x63, 0x30, 0xAA, 0x1E,
    0xBF, 0x02, 0x4A, 0xCF, 0xBF, 0x63, 0x6E, 0xB1, 0x4B, 0x1E, 0x84, 0xA8, 0x0C, 0xCB, 0x27, 0xE2,
    0x95, 0xAF, 0x0B, 0x07, 0x06, 0xCC, 0xC8, 0x9F, 0x2A, 0x95, 0xFD, 0x7B, 0xEE, 0xFA, 0xAA, 0xDB,
    0x2D, 0x11, 0xDA, 0xED, 0x20, 0x28, 0xE0, 0x8A, 0xEA, 0x08, 0x55, 0xE1, 0x08, 0x9B, 0x88, 0xC7,
    0x75, 0xAC, 0x55, 0xEC, 0xA1, 0x24, 0x06, 0xA2, 0xE0, 0x7F, 0x7C, 0xA8, 0xF9, 0xE4, 0x9B, 0xD4,
    0x0A, 0xCD, 0x02, 0xC6, 0xB7, 0x0A, 0xC9, 0x0D, 0xB3, 0xD0, 0x1A, 0x23, 0xAB, 0xDE, 0xA3, 0xC9,
    0x42, 0x83, 0xAB, 0x3C, 0x3A, 0x17, 0x5F, 0xDC, 0xAF, 0x17, 0xE0, 0x1B, 0x92, 0x17, 0xF0, 0xE8,
    0xF4, 0xF4, 0x95, 0x27, 0x59, 0x48, 0x03, 0x72, 0x05, 0x7B, 0x1D, 0x03, 0x3E, 0xBA, 0x39, 0x83,
    0xB4, 0xF3, 0xD6, 0xED, 0x70, 0x22, 0x7F, 0xF3, 0x91, 0xEC, 0xC3, 0x09, 0xD5, 0x66, 0xAF, 0xBE,
    0x6A, 0x87, 0xCE, 0xE9, 0x60, 0xD6, 0xBD, 0x80, 0x00, 0x00, 0x78, 0x80, 0x86, 0xF4, 0x11, 0xAE,
    0xF2, 0xBD, 0x57, 0xAC, 0xEC, 0xD3, 0x83, 0xF9, 0x46, 0x47, 0x2E, 0x11, 0x74, 0xDD, 0x00, 0x92,
    0xEF, 0x7C, 0x91, 0xBD, 0x4A, 0x38, 0xA6, 0x7C, 0x87, 0xAF, 0xF5, 0xF9, 0x9E, 0xF0, 0x4F, 0x14,
    0x47, 0x39, 0x0A, 0x87, 0xA0, 0x6F, 0xC0, 0x39, 0x62, 0x2C, 0x11, 0xDA, 0x12, 0x14, 0x66, 0xFC,
    0x07, 0xDA, 0x02, 0x8D, 0xF9, 0xF3, 0x19, 0x90, 0x98, 0x0F, 0x66, 0x8B, 0xB0, 0x58, 0x0D, 0xCD,
    0x5B, 0x32, 0xD2, 0xF2, 0x76, 0x6A, 0x59, 0x0C, 0xE4, 0x86, 0x6A, 0x3F, 0x1F, 0x76, 0x74, 0x13,
    0xF2, 0x1D, 0x43, 0xAF, 0xDC, 0x85, 0x01, 0x37, 0xC3, 0xF8, 0xE8, 0x05, 0xCD, 0xFE, 0xE7, 0x9C,
    0x2F, 0x7A, 0xC0, 0x5F, 0xED, 0x67, 0x71, 0x39, 0x5E, 0xAE, 0x47, 0xD4, 0x91, 0xD2, 0x48, 0xC9,
    0xD3, 0xE9, 0xA5, 0x13, 0x91, 0xD6, 0x65, 0x5C, 0x98, 0x22, 0xDE, 0x65, 0x1F, 0x68, 0xCD, 0x39,
    0x06, 0x52, 0xD0, 0x16, 0xA5, 0x46, 0x73, 0x72, 0x4C, 0xD3, 0x27, 0xA4, 0x39, 0x1E, 0xF4, 0xD9,
    0xEA, 0x6D, 0x18, 0xFC, 0x8C, 0xE8, 0x22, 0xE1, 0x76, 0x8B, 0x8B, 0xF3, 0x71, 0xBB, 0x65, 0x50,
    0xFC, 0x36, 0x8E, 0x2F, 0x8D, 0xD3, 0x6E, 0x53, 0xEC, 0x13, 0xDD, 0x33, 0xF2, 0x38, 0xEB, 0xBD,
    0x6E, 0x54, 0x67, 0x76, 0x5A, 0xB2, 0xEA, 0xD3, 0x38, 0x1C, 0xBD, 0xF5, 0xAC, 0xB8, 0x84, 0x0F,
    0xF8, 0xE9, 0x62, 0xE1, 0xE0, 0x60, 0xF6, 0x7B, 0x8D, 0x2D, 0x37, 0xF0, 0xEC, 0x93, 0xEC, 0x9F,
    0x11, 0x1B, 0xAE, 0x86, 0x4B, 0xC0, 0x8C, 0xAD, 0x70, 0x55, 0x79, 0x39, 0x0B, 0x9B, 0x5E, 0x38,
    0xD8, 0x8C, 0x6E, 0xF1, 0x54, 0x4F, 0xF8, 0x0E, 0xDB, 0x80, 0xB4, 0xD9, 0xFC, 0xC0, 0x1C, 0x6E,
    0x8E, 0xC7, 0xE5, 0x9D, 0x17, 0xD6, 0x14, 0x96, 0xF6, 0x1E, 0x28, 0xB7, 0x13, 0xC5, 0x94, 0x8B,
    0xEC, 0x32, 0x50, 0x58, 0x50, 0xDA, 0x4A, 0x57, 0x69, 0x9A, 0x3E, 0xDB, 0xBE, 0xCF, 0x67, 0x4E,
    0x80, 0x97, 0xCE, 0x10, 0x82, 0x06, 0x1A, 0x7E, 0x8F, 0x5B, 0x46, 0x2F, 0xE9, 0xDF, 0x69, 0xDB,
    0x3A, 0x52, 0xF9, 0xE8, 0xC1, 0x4D, 0xB3, 0x4B, 0x4F, 0x4D, 0xE9, 0xB2, 0x28, 0x25, 0x9C, 0x0F,
    0xFE, 0x7A, 0xEC, 0xAB, 0x9F, 0x8D, 0x74, 0x78, 0x46, 0x74, 0xE8, 0xC7, 0x3E, 0x9D, 0x1C, 0xDC,
    0xDA, 0x24, 0x8D, 0xE8, 0x24, 0x0E, 0xE7, 0x30, 0x16, 0x20, 0x3B, 0x8C, 0xC2, 0x67, 0x87, 0x21,
    0x18, 0x25, 0xBF, 0x9A, 0xC5, 0x96, 0xDC, 0x38, 0x31, 0x0F, 0xDC, 0x0F, 0x67, 0xBF, 0x19, 0x75,
    0xD4, 0x58, 0x5A, 0xBC, 0xA8, 0x7C, 0xFC, 0x39, 0x9F, 0x05, 0x94, 0x80, 0xD4, 0xFE, 0x5E, 0x3C,
    0x13, 0xAD, 0x66, 0x6C, 0x55, 0x6E, 0xEA, 0x24, 0x7E, 0x65, 0x6F, 0xC0, 0x81, 0x78, 0x00, 0x7C,
    0x8D, 0xDB, 0x21, 0x2A, 0x8B, 0x5A, 0x34, 0xFC, 0x22, 0xD7, 0x80, 0x7F, 0x47, 0xCA, 0x26, 0xAF,
    0xB2, 0x4F, 0xB9, 0x5E, 0xBC, 0xE8, 0x8A, 0x03, 0xA0, 0x13, 0x0E, 0x66, 0x99, 0x6E, 0x79, 0x16,
    0xC6, 0x9A, 0xB1, 0x55, 0xEC, 0x21, 0xF6, 0xB6, 0xBF, 0xCA, 0x31, 0xEE, 0x73, 0x49, 0x98, 0x07,
    0x5B, 0x3A, 0x57, 0xDB, 0x67, 0xBC, 0x21, 0xBA, 0xC6, 0x47, 0x6D, 0x54, 0xDC, 0x7E, 0x7D, 0xD0,
    0x1E, 0x7E, 0xE0, 0x87, 0x81, 0x99, 0xE6, 0x8D, 0x3F, 0xE4, 0x1A, 0x43, 0xEA, 0x73, 0x0B, 0xD6,
    0xDB, 0x21, 0x58, 0xEF, 0x0A, 0xD6, 0x54, 0x02, 0xC8, 0xB7, 0x76, 0xA0, 0xDB, 0xCB, 0x80, 0xC9,
    0x89, 0x10, 0xF8, 0x45, 0x58, 0x51, 0x2A, 0x0E, 0xFC, 0x91, 0x44, 0x7A, 0xE8, 0x2D, 0xD3, 0x1D,
    0xB9, 0x5F, 0xDB, 0xF0, 0x2B, 0x74, 0x72, 0x3D, 0x9F, 0xF1, 0x2D, 0xFA, 0x84, 0x5B, 0x15, 0x60,
    0x2D, 0x95, 0xF2, 0x15, 0x66, 0x6C, 0x5B, 0x88, 0x07, 0x98, 0x9E, 0x0D, 0x33, 0x6C, 0xD9, 0xA2,
    0xA1, 0x2C, 0x2F, 0xD0, 0x0F, 0x29, 0xD3, 0x20, 0x94, 0xFB, 0xB0, 0x34, 0x73, 0xE1, 0x9B, 0x31,
    0xF3, 0xDD, 0x98, 0x2E, 0xDD, 0x9C, 0xB4, 0xDD, 0xA6, 0x9A, 0x33, 0x6A, 0xB2, 0x2D, 0xA9, 0x35,
    0xCA, 0x35, 0x66, 0x04, 0xC3, 0xFE, 0xEB, 0x28, 0x78, 0x1B, 0x19, 0x07, 0xA4, 0xFB, 0xD0, 0x66,
    0x5B, 0x37, 0x15, 0x6B, 0x43, 0xBA, 0x9C, 0xCA, 0x3A, 0x4F, 0x80, 0x62, 0x8C, 0x3F, 0x02, 0xA8,
    0xC3, 0xDD, 0x98, 0x7F, 0xAB, 0x1F, 0xA7, 0x3A, 0x9F, 0xE3, 0xC3, 0x93, 0x4F, 0xB2, 0xEB, 0x40,
    0x23, 0xE6, 0xFE, 0xCF, 0xE8, 0xB8, 0xD8, 0x81, 0x3E, 0x5E, 0xC1, 0xC5, 0xD5, 0x70, 0x0A, 0x9F,
    0x03, 0x65, 0x9C, 0xB2, 0xD8, 0x26, 0x8D, 0x94, 0x7C, 0x3A, 0x4A, 0x8D, 0xE6, 0x2C, 0xEA, 0x10,
    0x69, 0x29, 0x45, 0x03, 0xF7, 0x98, 0xF0, 0xAC, 0x24, 0x50, 0x70, 0x1A, 0x88, 0x23, 0xB5, 0x00,
    0x72, 0x2F, 0xB8, 0x86, 0x6A, 0xB9, 0xDC, 0x6E, 0x44, 0xD7, 0x67, 0x01, 0x1B, 0xA4, 0x01, 0xAF,
    0xDB, 0xA8, 0xEE, 0xD9, 0xB8, 0xBC, 0xE5, 0x50, 0x2B, 0xD0, 0x2D, 0xA9, 0x3A, 0xF4, 0x59, 0xC0,
    0xDA, 0x67, 0x93, 0xDC, 0xC4, 0x6C, 0xC9, 0xB2, 0xD7, 0xEC, 0x95, 0x2D, 0x90, 0xF1, 0xAE, 0xF9,
    0x7B, 0x3C, 0x26, 0xB5, 0xC5, 0x49, 0x7F, 0xF4, 0x3E, 0x7D, 0x11, 0x5E, 0x5A, 0x86, 0xB8, 0x8E,
    0x8E, 0xA3, 0x84, 0x4E, 0x42, 0xC6, 0x19, 0x76, 0x3C, 0x9F, 0x70, 0x04, 0x7B, 0x25, 0x3A, 0x1A,
    0xE9, 0xA8, 0x27, 0xDA, 0x20, 0xB3, 0x59, 0xCA, 0x84, 0x6A, 0xF9, 0x64, 0x3F, 0x7C, 0xA6, 0x93,
    0x02, 0xCD, 0x52, 0x0E, 0x8B, 0x74, 0xA8, 0xD7, 0xAA, 0x5E, 0xA5, 0x46, 0xE5, 0xEB, 0xD2, 0xD7,
    0x76, 0x72, 0xF1, 0x72, 0xB9, 0x5D, 0x97, 0xB0, 0xDD, 0x2A, 0xF6, 0x97, 0x01, 0xE4, 0xFB, 0xBD,
    0x8C, 0xB7, 0x20, 0x55, 0x97, 0x8C, 0xF7, 0x4C, 0x70, 0x29, 0x17, 0x53, 0x5B, 0xF1, 0x35, 0xAE,
    0xDA, 0x28, 0x80, 0x23, 0x86, 0xC9, 0xF4, 0xEF, 0xD1, 0x8C, 0x8F, 0x35, 0x97, 0xEB, 0x07, 0xFC,
    0x1A, 0x7D, 0x4A, 0x0F, 0xE5, 0x79, 0x1E, 0x3B, 0x50, 0x6F, 0xC9, 0x2A, 0x83, 0x48, 0xE1, 0xCC,
    0x4E, 0x62, 0x12, 0xD2, 0x9A, 0x6F, 0xC2, 0x26, 0x22, 0x85, 0xB6, 0x0D, 0xA4, 0xFF, 0x63, 0x8E,
    0x6F, 0x07, 0xD3, 0x55, 0x6F, 0x2F, 0xEB, 0x50, 0x12, 0xD0, 0x72, 0x1D, 0x73, 0x06, 0xD9, 0xC5,
    0x13, 0x8B, 0x88, 0x87, 0x89, 0xF3, 0x15, 0x67, 0x72, 0x0D, 0x68, 0xD1, 0xD6, 0x0E, 0xA1, 0xBC,
    0x76, 0xC6, 0x80, 0x29, 0xC7, 0xC4, 0x82, 0xB2, 0x19, 0xCD, 0xD9, 0x11, 0x9B, 0x93, 0xB9, 0x9A,
    0xD5, 0x0E, 0xD8, 0xBC, 0x0C, 0x55, 0xF9, 0xCA, 0x56, 0x79, 0x23, 0x83, 0x50, 0x66, 0x89, 0xA6,
    0x48, 0x79, 0xFC, 0x03, 0x09, 0x27, 0xEC, 0x66, 0x61, 0x33, 0x1E, 0x61, 0x2B, 0x1C, 0x04, 0xC9,
    0x2E, 0xCC, 0xBD, 0xB0, 0x56, 0xA3, 0x3F, 0xE0, 0x6C, 0x23, 0x54, 0x95, 0x2F, 0x9C, 0xE0, 0x70,
    0x95, 0x24, 0x17, 0x81, 0x2B, 0xDF, 0x0B, 0x49, 0x67, 0x39, 0x66, 0x1C, 0xCB, 0xB6, 0x20, 0x2A,
    0x54, 0xFB, 0x21, 0xD7, 0x1F, 0x5C, 0xB4, 0xBC, 0x0D, 0xC4, 0xCC, 0xA0, 0x0D, 0x4C, 0x8A, 0x47,
    0x65, 0xFE, 0x46, 0xCE, 0xFE, 0x2F, 0x39, 0x7B, 0xAC, 0x25, 0x91, 0xAE, 0xF5, 0x7E, 0x7E, 0x77,
    0xED, 0x48, 0x46, 0x00, 0x3E, 0xF7, 0x2D, 0xE4, 0xB6, 0xFE, 0xCE, 0xAC, 0x43, 0x39, 0xDB, 0xF0,
    0xAC, 0xDB, 0x3D, 0x7E, 0x2F, 0xBA, 0xC1, 0xEE, 0x6B, 0x1C, 0x55, 0xA6, 0xEF, 0x9E, 0xDD, 0xBE,
    0x5B, 0xA2, 0xF2, 0xF5, 0x7E, 0x62, 0xCF, 0xC6, 0x8D, 0x3B, 0xAF, 0xFB, 0x5F, 0xE6, 0x52, 0xC0,
    0xE4, 0x0E, 0xBC, 0x1A, 0xCF, 0xDD, 0xF5, 0xC4, 0xA7, 0xDF, 0x43, 0xBC, 0xB5, 0xE3, 0xA3, 0x66,
    0x8B, 0x94, 0x8B, 0xDD, 0x15, 0x4F, 0xD0, 0xAC, 0xC7, 0xA3, 0x79, 0xC6, 0x3D, 0x43, 0x6F, 0x59,
    0x48, 0x40, 0x9B, 0x79, 0xB2, 0xDB, 0x2B, 0xC2, 0x29, 0x51, 0x7E, 0x9A, 0x2E, 0x4D, 0xBA, 0x67,
    0xEE, 0x3A, 0x86, 0x77, 0xE6, 0x97, 0x51, 0x71, 0x7C, 0xC3, 0x4E, 0x0C, 0x74, 0xFD, 0x2F, 0xB4,
    0xD4, 0x01, 0x84, 0x25, 0xC9, 0x1D, 0xC7, 0xF1, 0x6F, 0x77, 0xDF, 0x4E, 0xB3, 0x8D, 0x0E, 0xEE,
    0x60, 0x4E, 0xB6, 0x41, 0x88, 0xE0, 0x0A, 0x00, 0x32, 0xAF, 0x2A, 0x09, 0x02, 0x70, 0xB8, 0x17,
    0x24, 0x08, 0x1C, 0x62, 0x61, 0x21, 0x80, 0x97, 0xED, 0x4E, 0x00, 0xC0, 0x00, 0x00, 0x06, 0x21,
    0xC9, 0x0B, 0x0E, 0xE0, 0x30, 0xD9, 0xAA, 0x1C, 0x00, 0xE8, 0x84, 0x00, 0xD0, 0x62, 0x02, 0x09,
    0x34, 0x3A, 0xF4, 0x6D, 0xAA, 0xFB, 0x97, 0xEA, 0xF6, 0xEC, 0x66, 0xB0, 0x1B, 0x48, 0xFE, 0xFF,
    0xAA, 0x4F, 0x55, 0x55, 0x57, 0x4D, 0xD3, 0xFF, 0xF1, 0x32, 0x57, 0x4F, 0x36, 0x6E, 0x69, 0xE2,
    0xD5, 0x2D, 0x40, 0xE6, 0xCA, 0x21, 0xE5, 0x58, 0xA5, 0xAC, 0xB7, 0x9C, 0x52, 0xCE, 0x4D, 0x4A,
    0x13, 0x53, 0x6E, 0x67, 0x17, 0xBB, 0xC0, 0x77, 0x01, 0x4E, 0x5C, 0xF8, 0x58, 0x0F, 0x20, 0xC9,
    0x95, 0x5A, 0x15, 0xEA, 0xE5, 0xE4, 0x07, 0x13, 0x4F, 0xED, 0x60, 0xA7, 0x93, 0xED, 0xDB, 0xF1,
    0x64, 0x9D, 0x1F, 0x4F, 0xB0, 0xA3, 0xC7, 0xF8, 0x37, 0xB4, 0x53, 0xC2, 0xCE, 0x27, 0x3A, 0xB3,
    0x9C, 0xF2, 0xBE, 0xD6, 0x7D, 0x13, 0x4A, 0x49, 0x1D, 0xD2, 0x0A, 0x4F, 0x75, 0x0B, 0x9C, 0x78,
    0x04, 0x40, 0xAE, 0xD5, 0xD1, 0x48, 0x03, 0xFE, 0xA1, 0x9D, 0x51, 0x30, 0x31, 0x97, 0xAB, 0x13,
    0xD4, 0x73, 0x91, 0x18, 0x12, 0x90, 0xF6, 0x20, 0x53, 0x07, 0x28, 0xC0, 0x47, 0xFA, 0xCB, 0x11,
    0x2B, 0x89, 0x1D, 0xCC, 0x04, 0x34, 0x33, 0x50, 0xBF, 0x65, 0xDA, 0x18, 0x01, 0xD3, 0x03, 0xD6,
    0x91, 0xA3, 0xD5, 0x55, 0xA5, 0xB4, 0xFA, 0x46, 0x29, 0xCC, 0x2A, 0x2D, 0x9F, 0x70, 0xA5, 0xE9,
    0x1B, 0xF0, 0xC4, 0x01, 0xF0, 0x4D, 0x78, 0x86, 0x7D, 0xB1, 0xB6, 0xAE, 0x91, 0x56, 0xCA, 0xE5,
    0x27, 0x33, 0xD5, 0x90, 0xCD, 0xD4, 0x81, 0x7B, 0x6A, 0xC7, 0x2F, 0x68, 0x1C, 0x37, 0xD4, 0x3B,
    0x1D, 0xF7, 0x54, 0x3D, 0x91, 0x72, 0x2E, 0x67, 0x1A, 0x69, 0xC1, 0x7A, 0x79, 0xF7, 0x2C, 0xBB,
    0x7D, 0xC6, 0x07, 0xA4, 0xE6, 0x35, 0x37, 0xEA, 0xBC, 0xA2, 0x51, 0x30, 0xEA, 0xCB, 0x95, 0x4A,
    0x5D, 0x16, 0x29, 0x92, 0x13, 0xB9, 0x42, 0x3E, 0x82, 0xFA, 0xA2, 0x07, 0x8D, 0x65, 0x80, 0x76,
    0xAC, 0x3B, 0xB0, 0x73, 0x03, 0x34, 0xF1, 0x00, 0xA4, 0x8A, 0x00, 0xE5, 0xFA, 0x25, 0x50, 0x68,
    0xDC, 0x90, 0x66, 0xCA, 0x64, 0x24, 0x3B, 0xEA, 0x9F, 0x9F, 0x01, 0x1A, 0xD8, 0xE6, 0x7F, 0xFB,
    0xF4, 0xB2, 0xBF, 0x7B, 0xD9, 0x7F, 0x64, 0xA1, 0x09, 0xF0, 0x52, 0xB8, 0xF8, 0x79, 0x7C, 0x14,
    0x9F, 0x03, 0x00, 0xF1, 0x71, 0xF0, 0xE4, 0x33, 0xC0, 0xAB, 0xA7, 0x58, 0xBF, 0x98, 0xA9, 0xC7,
    0x32, 0xD2, 0xF4, 0xF9, 0x82, 0x09, 0x59, 0xDC, 0x98, 0x31, 0x3D, 0x8E, 0x66, 0x04, 0xEA, 0x05,
    0xA8, 0xD4, 0x43, 0xAD, 0x05, 0x6C, 0xAB, 0x9E, 0xB6, 0xD4, 0x8C, 0xA7, 0x5D, 0x13, 0x95, 0x5C,
    0x1B, 0x50, 0xB0, 0x13, 0x6D, 0x68, 0xE4, 0x6C, 0xA8, 0x34, 0x99, 0x2E, 0x93, 0x5A, 0x87, 0xD1,
    0x0A, 0xB9, 0x22, 0x60, 0x36, 0xCA, 0x95, 0x0C, 0x44, 0xED, 0xF0, 0xD8, 0x8E, 0x16, 0x1B, 0x78,
    0x89, 0xED, 0x59, 0x68, 0xA6, 0x7C, 0xA6, 0x92, 0x06, 0x32, 0x2F, 0xC7, 0x25, 0x3E, 0xC0, 0x86,
    0xD6, 0xB5, 0xBD, 0x0F, 0x6D, 0xAF, 0x90, 0xE6, 0xE1, 0x9A, 0x6B, 0xDE, 0xC4, 0x0B, 0x4D, 0xC0,
    0xFE, 0xCF, 0x09, 0xE6, 0x6B, 0x5E, 0x4C, 0x20, 0xC8, 0x56, 0x8A, 0x09, 0x30, 0x5D, 0xD5, 0xE7,
    0x1A, 0xAA, 0xBE, 0xEE, 0x8C, 0x96, 0x62, 0x34, 0x78, 0x7C, 0x36, 0x1D, 0xB2, 0xC8, 0x81, 0x78,
    0x4A, 0x67, 0xBE, 0xCD, 0xE9, 0xBE, 0x1C, 0x81, 0x9B, 0xB9, 0x1A, 0x81, 0xC3, 0x5C, 0x0D, 0xFB,
    0x50, 0x0F, 0xBC, 0x5D, 0x5D, 0x9E, 0x5D, 0x4E, 0x6E, 0xF7, 0xE0, 0x74, 0x93, 0x47, 0x0A, 0xEE,
    0x2D, 0x2B, 0x0D, 0x73, 0xE3, 0xEC, 0xEB, 0xF4, 0x86, 0xBA, 0xAF, 0xB6, 0xF7, 0xA5, 0x13, 0x1F,
    0x62, 0x3A, 0x56, 0x40, 0x60, 0x1F, 0x68, 0x66, 0xA8, 0x24, 0xF5, 0x40, 0xAB, 0xAF, 0x01, 0x38,
    0x02, 0xB9, 0xD2, 0xB3, 0x7F, 0xAD, 0xD8, 0x20, 0x9A, 0x20, 0x07, 0x72, 0xB9, 0x97, 0x33, 0xAF,
    0xE5, 0x7C, 0x5A, 0xEF, 0xF9, 0xCB, 0x34, 0xFF, 0x87, 0x3A, 0xBB, 0xDA, 0xF1, 0xEA, 0xEE, 0xFA,
    0x8E, 0xA7, 0xEE, 0x1A, 0x2C, 0x2D, 0xBC, 0x62, 0x21, 0x8F, 0x45, 0xA4, 0x9C, 0xEB, 0x89, 0x66,
    0xB4, 0x23, 0x76, 0xF0, 0x3D, 0xE9, 0x6A, 0xC0, 0xF7, 0x09, 0x3B, 0xB6, 0x3D, 0xF5, 0x64, 0x46,
    0xCA, 0x58, 0x4D, 0x64, 0x4B, 0x3A, 0x4C, 0xCB, 0x02, 0xC6, 0x59, 0x78, 0xE2, 0x9E, 0xE0, 0x25,
    0x75, 0x3B, 0xCF, 0xCF, 0xE7, 0x2F, 0x3A, 0xA0, 0xFE, 0xEF, 0x58, 0xCD, 0x6F, 0xDA, 0x3B, 0xEA,
    0xF1, 0x40, 0x33, 0xC1, 0xFA, 0xA8, 0x1E, 0x7F, 0x3E, 0xFF, 0xCE, 0xA5, 0x7A, 0xFC, 0x50, 0x9A,
    0xB6, 0x7A, 0xB4, 0xD9, 0xC2, 0x74, 0x83, 0xA5, 0xE5, 0xFE, 0x84, 0xC5, 0x72, 0xFA, 0x72, 0x1F,
    0x6E, 0xE6, 0x7D, 0xF3, 0x30, 0x61, 0x89, 0xFB, 0xA0, 0x91, 0x4F, 0xB6, 0x21, 0x70, 0x98, 0xB1,
    0x75, 0xCF, 0x21, 0x9D, 0x2C, 0xC7, 0x54, 0x0F, 0x6C, 0x3E, 0xA7, 0x7A, 0x60, 0x59, 0xB8, 0x3F,
    0xEC, 0xF7, 0xE6, 0xE6, 0xFB, 0x1A, 0xEC, 0x5F, 0xC7, 0xFA, 0xAB, 0xF3, 0xDD, 0xD3, 0xDF, 0xF4,
    0xC5, 0x08, 0x34, 0x1D, 0x0B, 0xE0, 0xC1, 0x0E, 0x7C, 0xFC, 0x8E, 0x7A, 0x7C, 0xE7, 0x7C, 0x3E,
    0xFF, 0xDA, 0x4A, 0x9A, 0xB6, 0xD9, 0x1D, 0x40, 0xAE, 0x9E, 0x5A, 0x11, 0xF3, 0xF7, 0x15, 0xEB,
    0x5A, 0x5E, 0x62, 0xDC, 0xAB, 0xD4, 0xB7, 0xB1, 0xC5, 0x62, 0xFF, 0x24, 0x1A, 0x45, 0x4A, 0x8D,
    0xF0, 0xDC, 0x41, 0x7E, 0x07, 0x14, 0xE3, 0x7B, 0x78, 0xFE, 0xFB, 0xD7, 0xE7, 0xFD, 0x8B, 0x87,
    0x9D, 0xF7, 0x1F, 0x26, 0x4F, 0xBC, 0x8D, 0x54, 0xA3, 0xFF, 0xBC, 0x7B, 0xA5, 0x5B, 0x8C, 0x22,
    0xF6, 0x57, 0x0B, 0xED, 0xF7, 0x56, 0x0C, 0x22, 0xCB, 0x56, 0xC8, 0x23, 0x14, 0x13, 0x54, 0x3D,
    0x18, 0x07, 0x7F, 0x80, 0x62, 0xCC, 0x5D, 0xDD, 0x15, 0xAE, 0x3D, 0xFE, 0xD4, 0x79, 0x69, 0xEF,
    0xC7, 0xE3, 0x91, 0x5C, 0xB7, 0x34, 0x9A, 0xD9, 0xFF, 0x46, 0x26, 0xCC, 0x5E, 0xB4, 0x05, 0x8A,
    0x48, 0xE6, 0x7B, 0x32, 0x3D, 0x40, 0xBE, 0x02, 0x02, 0xBC, 0xFB, 0x79, 0xEA, 0x33, 0xE2, 0x55,
    0xB9, 0x60, 0x35, 0x71, 0x75, 0x06, 0xCE, 0x77, 0xB9, 0xFA, 0x42, 0xAE, 0x8E, 0x98, 0x81, 0xD6,
    0xF1, 0x21, 0x97, 0xF0, 0xE3, 0xFF, 0xB4, 0x4D, 0xE8, 0x8D, 0x73, 0xB6, 0xB9, 0x94, 0x9A, 0xF0,
    0x92, 0x8D, 0xAC, 0x5A, 0x6A, 0x85, 0xE8, 0xA7, 0x3C, 0xF9, 0xC4, 0x01, 0x11, 0x80, 0x65, 0x57,
    0xEC, 0xBA, 0xDD, 0x07, 0x00, 0x1F, 0x01, 0xEC, 0x04, 0xD0, 0xF4, 0x00, 0xFC, 0x68, 0xFB, 0xC0,
    0xA5, 0x52, 0x84, 0x26, 0xB1, 0x3A, 0xAB, 0xB5, 0x1C, 0xD9, 0x1C, 0x68, 0x93, 0xFD, 0x3B, 0xB5,
    0xBB, 0x66, 0xB7, 0xDE, 0x2D, 0x76, 0xF9, 0xF1, 0xAB, 0x4D, 0x0E, 0xFF, 0x17, 0x07, 0x48, 0xA5,
    0x18, 0xC1, 0xAC, 0xA5, 0xC2, 0x45, 0x00, 0x32, 0xCC, 0xD8, 0x4E, 0x7E, 0x6E, 0x67, 0x3B, 0x3E,
    0xED, 0xF8, 0x94, 0x7C, 0xA0, 0x98, 0x29, 0xD4, 0xD1, 0x06, 0x9A, 0x3E, 0xB5, 0x6F, 0xF9, 0x60,
    0xE5, 0xCC, 0x0C, 0xD7, 0x0E, 0xDF, 0x95, 0xEA, 0x6C, 0xDB, 0xDD, 0xD8, 0x8E, 0xF7, 0x34, 0xDF,
    0x1B, 0xE9, 0xA3, 0xE3, 0x31, 0xF3, 0x0F, 0x54, 0x12, 0x66, 0x68, 0x83, 0x0D, 0x66, 0xF0, 0xA1,
    0x19, 0x7D, 0xF7, 0xB6, 0xB7, 0x69, 0x6D, 0x83, 0xED, 0xD3, 0x2A, 0x94, 0x5A, 0xE1, 0xF9, 0x1D,
    0x3F, 0xE3, 0xB7, 0x60, 0x79, 0x09, 0x4D, 0xB0, 0x1D, 0xF5, 0xD8, 0xF4, 0xFB, 0x8F, 0x17, 0xC5,
    0x5A, 0x46, 0x32, 0xFD, 0x40, 0xA0, 0x3F, 0xCA, 0xA1, 0xAF, 0xE4, 0x72, 0x15, 0xA2, 0x58, 0xAA,
    0x48, 0x35, 0xD5, 0x23, 0xF5, 0x60, 0x02, 0xA6, 0xB3, 0x0E, 0xCB, 0xBF, 0xCB, 0xB7, 0x62, 0x58,
    0xBD, 0xAD, 0x2A, 0x7C, 0xAE, 0x9D, 0xC4, 0x6A, 0x2C, 0xE1, 0x0E, 0x09, 0x12, 0x01, 0xE1, 0x85,
    0x81, 0x16, 0x81, 0x57, 0x86, 0xB6, 0xBE, 0x25, 0x12, 0xAC, 0x41, 0xCA, 0x83, 0xA1, 0x43, 0x26,
    0xA4, 0xD2, 0x25, 0x2B, 0x43, 0x1B, 0xBB, 0xFB, 0xF2, 0x16, 0xA6, 0x0E, 0x74, 0x60, 0x48, 0xC3,
    0xD0, 0xB5, 0x88, 0x44, 0xB6, 0xDA, 0x81, 0xA1, 0x8B, 0xD3, 0x22, 0x31, 0x30, 0x60, 0x09, 0x02,
    0xA8, 0x0C, 0x58, 0xE0, 0x08, 0xBF, 0x62, 0xFB, 0xE3, 0x3F, 0xDF, 0xF1, 0xFB, 0xFF, 0xFF, 0xBD,
    0xA4, 0x89, 0x9A, 0xB6, 0xCD, 0x7B, 0x2F, 0x57, 0xF9, 0xCF, 0x77, 0x63, 0xD9, 0xBE, 0xE7, 0x3B,
    0xF7, 0xFA, 0xDC, 0x73, 0xEE, 0xBD, 0xEF, 0x96, 0xC8, 0x39, 0xB9, 0xAC, 0x5F, 0xAC, 0xDA, 0x40,
    0xC4, 0x41, 0x44, 0x2F, 0xC6, 0x8A, 0xE3, 0xCA, 0x20, 0x95, 0x48, 0xD0, 0x8B, 0xFC, 0xA2, 0x5A,
    0xBE, 0xA2, 0x8A, 0x9F, 0x02, 0x31, 0xA9, 0x0D, 0x33, 0x6F, 0x98, 0x8B, 0xE1, 0xAD, 0x05, 0x47,
    0xA2, 0x3E, 0x7E, 0x43, 0x31, 0xEC, 0x1C, 0x14, 0xE3, 0x26, 0x84, 0x46, 0x2E, 0x49, 0x9D, 0x40,
    0x72, 0x4C, 0x99, 0xFF, 0x1E, 0xE4, 0xFC, 0xCE, 0xE5, 0x95, 0xD3, 0x82, 0xB0, 0xF5, 0x8E, 0x38,
    0x06, 0x8D, 0x62, 0xD0, 0x47, 0xA5, 0x62, 0xD8, 0x25, 0xA2, 0x18, 0x37, 0x39, 0x30, 0x68, 0xEB,
    0x2B, 0x1C, 0xAD, 0x75, 0x88, 0xB5, 0xBE, 0x28, 0xEF, 0xE0, 0xD9, 0x7A, 0x0A, 0xFB, 0xE4, 0x4F,
    0xEF, 0x5C, 0x22, 0xBF, 0x9B, 0xCB, 0xA8, 0x1D, 0x95, 0x9F, 0x27, 0xAF, 0xA2, 0xF0, 0xE4, 0xF5,
    0xDC, 0x0A, 0xC9, 0x6B, 0x85, 0x49, 0x6D, 0x98, 0x79, 0xC3, 0x5C, 0x0C, 0x6F, 0x2D, 0x38, 0x1A,
    0x06, 0xBD, 0x61, 0xD8, 0x65, 0x7B, 0x8A, 0xF1, 0x6D, 0xA0, 0x5E, 0x61, 0xF2, 0xDE, 0x98, 0xB6,
    0x82, 0x32, 0xBB, 0x38, 0x24, 0x5D, 0x8E, 0x39, 0x0F, 0xFA, 0xA4, 0x5B, 0x75, 0xF3, 0x2D, 0x79,
    0x3A, 0xE9, 0xC4, 0x14, 0x6B, 0xCC, 0xAA, 0x79, 0x69, 0x56, 0xBD, 0x46, 0x5E, 0xE2, 0x06, 0xA1,
    0x55, 0x39, 0x20, 0x33, 0x55, 0xE0, 0x5B, 0xE4, 0x35, 0xCA, 0xF7, 0x95, 0x57, 0x78, 0x77, 0xE7,
    0x1D, 0x11, 0x46, 0x32, 0x83, 0x3E, 0x4E, 0x14, 0x8D, 0x72, 0x76, 0x2E, 0xAB, 0xEF, 0x91, 0xD7,
    0x94, 0xF2, 0xC0, 0x16, 0xD4, 0x07, 0xE9, 0xEB, 0x0A, 0x07, 0x6D, 0x81, 0xBE, 0x88, 0x23, 0xDC,
    0x4D, 0xC6, 0x2F, 0x1C, 0xD5, 0x93, 0xD3, 0x2F, 0xE5, 0x22, 0xEA, 0x9B, 0x54, 0x0B, 0xFA, 0x27,
    0xF2, 0x13, 0xB8, 0x81, 0x58, 0x5D, 0xEC, 0x82, 0xEB, 0xB2, 0xF2, 0x55, 0x3F, 0x6A, 0xA3, 0x51,
    0x06, 0x41, 0x52, 0x27, 0xA3, 0xFA, 0xAC, 0xB4, 0xCC, 0x47, 0xF5, 0x5B, 0xB9, 0xFC, 0x6E, 0x54,
    0xDF, 0x75, 0xCD, 0xFD, 0x87, 0x4F, 0x8E, 0xE1, 0x7B, 0x8A, 0x6E, 0x88, 0x2F, 0x2A, 0x86, 0xDD,
    0x37, 0x43, 0xC5, 0xA8, 0x7D, 0x8E, 0x98, 0xD4, 0x00, 0x5A, 0x9D, 0x47, 0x00, 0x74, 0xE4, 0xC7,
    0xEB, 0xD7, 0x88, 0x54, 0x3E, 0x9A, 0xC4, 0x94, 0x5F, 0x3E, 0xC0, 0xF3, 0x3B, 0x9E, 0x68, 0xCE,
    0x33, 0x82, 0x17, 0x8D, 0x19, 0xAD, 0x13, 0x85, 0xD1, 0xB0, 0x7E, 0x0D, 0xDB, 0xE5, 0xB2, 0x0A,
    0x6A, 0xB1, 0x16, 0xB1, 0x8A, 0x6A, 0xD0, 0x07, 0x6A, 0x91, 0x84, 0x43, 0x46, 0x2F, 0x15, 0x83,
    0x5E, 0xEF, 0x95, 0x71, 0x67, 0xE2, 0x1F, 0x2A, 0x50, 0x56, 0x9D, 0x43, 0x9D, 0x0F, 0x01, 0xEA,
    0x74, 0x8A, 0x51, 0x87, 0x8C, 0xAB, 0xAF, 0xD2, 0xDF, 0x51, 0x97, 0x1B, 0x25, 0xD1, 0xA1, 0x21,
    0x4A, 0xD1, 0x19, 0x26, 0xA3, 0x61, 0x30, 0x19, 0x4A, 0xB1, 0xE0, 0x69, 0x39, 0x50, 0x1C, 0xD9,
    0x71, 0x62, 0x24, 0x86, 0x68, 0x89, 0x11, 0x3A, 0x62, 0x82, 0xDE, 0xB0, 0x18, 0x89, 0x59, 0x6A,
    0x98, 0x27, 0x13, 0xF1, 0x5A, 0x02, 0xE2, 0xCD, 0xD8, 0x70, 0x0C, 0xA1, 0x1A, 0xB9, 0x5E, 0x09,
    0x72, 0x96, 0x42, 0x43, 0x14, 0xB4, 0x36, 0xBE, 0xD0, 0xD1, 0xFE, 0xC6, 0x36, 0x85, 0x0D, 0x9F,
    0x8C, 0x71, 0x31, 0xFB, 0x21, 0x9B, 0xAC, 0x1F, 0x52, 0x98, 0xAB, 0x4F, 0x14, 0x97, 0x8F, 0xC5,
    0x8D, 0x66, 0xB9, 0x70, 0x50, 0x6C, 0x68, 0x4E, 0x9D, 0x2F, 0xA0, 0xB6, 0x02, 0xD6, 0xB8, 0x65,
    0x99, 0x08, 0x86, 0x8B, 0xBE, 0x92, 0xF5, 0x86, 0x45, 0x6D, 0x38, 0x1B, 0xC8, 0xA5, 0x27, 0xC3,
    0x2E, 0x8E, 0x66, 0xD9, 0xF0, 0x89, 0x17, 0x1E, 0xD9, 0x5F, 0x46, 0x62, 0xE1, 0x41, 0x9C, 0x24,
    0x2B, 0xCD, 0x2C, 0xCE, 0x3F, 0x09, 0x76, 0x39, 0x5B, 0x1A, 0xCF, 0x62, 0x08, 0x1B, 0xD2, 0xC4,
    0x15, 0xEA, 0x03, 0x80, 0xD8, 0x16, 0x20, 0xCD, 0x3A, 0x9E, 0xC4, 0x8A, 0x7F, 0x22, 0xC6, 0xCB,
    0x29, 0xB1, 0x52, 0xC9, 0x4C, 0xC4, 0xEB, 0xD8, 0x47, 0x4F, 0x5C, 0xC6, 0xCB, 0x33, 0xF2, 0xB2,
    0x58, 0x79, 0x42, 0xFC, 0x4B, 0xE5, 0x17, 0x1E, 0x2D, 0x31, 0xB9, 0xDD, 0x1B, 0xCA, 0x3B, 0x07,
    0xB1, 0x1C, 0x88, 0xF1, 0xC2, 0x37, 0x7C, 0x98, 0x1D, 0xAE, 0x0E, 0x9F, 0xCA, 0x0E, 0xC3, 0xC6,
    0x0E, 0xF5, 0x23, 0xDA, 0x61, 0xFE, 0x4C, 0x76, 0x80, 0x96, 0x7E, 0x5D, 0xA3, 0xF6, 0x57, 0x30,
    0xDF, 0x78, 0x9B, 0xB5, 0xF4, 0xEA, 0x28, 0x01, 0x6B, 0xB9, 0xAE, 0x1A, 0xB0, 0xF6, 0xDA, 0xBA,
    0x36, 0x6A, 0x6D, 0x64, 0x77, 0x66, 0x0A, 0x24, 0xB0, 0x5F, 0x8B, 0x1A, 0xD6, 0x48, 0x62, 0xBF,
    0x96, 0x79, 0x6A, 0x4D, 0x02, 0x4A, 0x85, 0x16, 0x59, 0xD7, 0x06, 0x72, 0xB2, 0x24, 0x6B, 0x79,
    0x22, 0x24, 0x5F, 0xBE, 0x64, 0x5D, 0x4B, 0x7F, 0xB9, 0x53, 0xB0, 0x46, 0x2B, 0x58, 0xED, 0x9A,
    0xD5, 0x32, 0xAA, 0xA3, 0xB5, 0x9C, 0x73, 0x3F, 0x6B, 0xB4, 0x42, 0xCE, 0x4C, 0x3B, 0x51, 0x39,
    0xED, 0xFC, 0x04, 0x02, 0x34, 0xFA, 0x46, 0x6C, 0xD7, 0xF6, 0x4B, 0xA5, 0xD3, 0x73, 0xCC, 0x2B,
    0xC5, 0xDE, 0x4B, 0xA8, 0x9D, 0xFE, 0x6B, 0x22, 0x88, 0x54, 0x6D, 0x32, 0x8B, 0x14, 0x4D, 0xAA,
    0xCB, 0x2F, 0x5E, 0xDF, 0x79, 0x4E, 0x4C, 0x97, 0x6A, 0xD8, 0x48, 0xF4, 0x0F, 0x92, 0xDB, 0x77,
    0xDA, 0xB3, 0x39, 0x25, 0xB9, 0x5B, 0x2F, 0xEE, 0x6A, 0x60, 0x12, 0xB4, 0x21, 0x3A, 0x0D, 0xF2,
    0x2A, 0xFC, 0x06, 0xB5, 0xA4, 0xD4, 0xC7, 0x81, 0xA1, 0x43, 0xF4, 0x07, 0x51, 0xF9, 0x57, 0x4A,
    0x98, 0xD2, 0x25, 0x5F, 0x55, 0xAF, 0xE5, 0xCF, 0x50, 0x92, 0x0B, 0xDB, 0xE9, 0x35, 0x38, 0x67,
    0x78, 0x63, 0x06, 0xB3, 0x51, 0xE8, 0xB0, 0xF5, 0x50, 0xDC, 0x1D, 0x9C, 0x47, 0x2B, 0x00, 0x28,
    0x55, 0xA0, 0x8E, 0xF0, 0xD1, 0x8D, 0xAA, 0xD6, 0x4F, 0x35, 0x55, 0x53, 0x48, 0xB2, 0x25, 0x63,
    0x4A, 0x91, 0xFB, 0xC9, 0x96, 0x12, 0xE8, 0x4D, 0xAE, 0xAF, 0x34, 0x0F, 0x91, 0xAE, 0x57, 0x19,
    0x98, 0xA4, 0x8B, 0x08, 0xBB, 0x10, 0x77, 0x76, 0xAE, 0x74, 0xD0, 0xB2, 0x48, 0x26, 0xBA, 0xEB,
    0xE7, 0x42, 0xF8, 0x75, 0xDC, 0x94, 0xB6, 0xE4, 0xE5, 0x55, 0x9E, 0x93, 0xE3, 0xC4, 0xE8, 0xC6,
    0x2E, 0x1F, 0xE8, 0x48, 0x88, 0x91, 0xEE, 0xDD, 0x59, 0x7B, 0xAD, 0x2E, 0x4A, 0x0E, 0xE0, 0x46,
    0x09, 0x39, 0x7F, 0x7C, 0x18, 0x39, 0x71, 0xCA, 0xA2, 0xD5, 0x6C, 0x25, 0xEB, 0xF2, 0x6E, 0x5F,
    0xA6, 0x5D, 0xD6, 0x8A, 0x9C, 0x29, 0xCF, 0x2C, 0x5C, 0x8E, 0x0D, 0x23, 0xFD, 0x8C, 0xD2, 0x69,
    0xF9, 0xEE, 0x50, 0xDB, 0x3A, 0x78, 0xD4, 0xAD, 0x3F, 0x9D, 0x0C, 0xE8, 0x72, 0xA0, 0x73, 0x98,
    0xEC, 0x33, 0x2F, 0x3E, 0xB7, 0x1F, 0xDF, 0xA7, 0xEF, 0xCD, 0x97, 0x36, 0x18, 0x25, 0x47, 0xF0,
    0x8C, 0x8E, 0xB3, 0x4E, 0x44, 0x47, 0xC9, 0xB4, 0x56, 0x85, 0x2B, 0xD1, 0x66, 0xC9, 0x5E, 0x02,
    0xB4, 0xE2, 0x3E, 0xBF, 0x1F, 0xDF, 0x67, 0x73, 0x8A, 0xB5, 0x21, 0xCF, 0xBE, 0xC9, 0x25, 0x1C,
    0xA7, 0xEB, 0xFB, 0x43, 0xE5, 0x75, 0x81, 0x20, 0xF7, 0x51, 0x77, 0x8E, 0xDA, 0x7C, 0xB9, 0x76,
    0x39, 0x25, 0xA7, 0xA4, 0x28, 0x2B, 0xA9, 0x6A, 0x94, 0xFA, 0x2B, 0x6A, 0xF8, 0x0B, 0xF2, 0x8C,
    0x88, 0x7C, 0xF9, 0x76, 0xA9, 0x80, 0x8F, 0xBD, 0xCD, 0xAE, 0x1C, 0x35, 0x1F, 0xBD, 0x8D, 0x5A,
    0xC3, 0x29, 0x87, 0x9E, 0xA3, 0x2E, 0x1F, 0x09, 0x29, 0x08, 0x09, 0xBC, 0x42, 0x84, 0x5A, 0x21,
    0xDC, 0x87, 0xC6, 0xA0, 0x0D, 0xAC, 0x81, 0x0A, 0xE8, 0x36, 0xB0, 0x5C, 0x5C, 0x6E, 0x39, 0xF0,
    0x40, 0xBD, 0xF5, 0xB2, 0x18, 0xA5, 0xB5, 0x20, 0x0A, 0xD9, 0x4C, 0x28, 0x46, 0xD3, 0xA5, 0x93,
    0x08, 0x77, 0xAE, 0xA2, 0x5C, 0xF4, 0x24, 0xEC, 0xCA, 0x26, 0xB0, 0xB6, 0xB8, 0xDA, 0xC2, 0x6A,
    0x8B, 0xAA, 0xD7, 0x41, 0x75, 0xB8, 0x8E, 0xA9, 0xFD, 0x96, 0x81, 0x4B, 0x89, 0x31, 0x83, 0xED,
    0x81, 0x41, 0x52, 0xD1, 0x04, 0xD0, 0x29, 0xB9, 0xE4, 0x00, 0x48, 0xBD, 0x03, 0x16, 0xA8, 0x15,
    0xFE, 0x8B, 0x56, 0xA1, 0x47, 0x4F, 0x28, 0x46, 0x42, 0x36, 0x13, 0x12, 0x78, 0x85, 0x08, 0xB5,
    0x42, 0x80, 0x4E, 0x41, 0xD0, 0x13, 0xF2, 0x91, 0x90, 0x82, 0x10, 0xE3, 0x57, 0x0A, 0x21, 0xFE,
    0xA5, 0xE0, 0x00, 0x05, 0xA9, 0x0C, 0x72, 0x82, 0x1A, 0x39, 0xE8, 0x19, 0x29, 0x45, 0x0C, 0x94,
    0x3C, 0x5D, 0xEF, 0x02, 0x85, 0x97, 0xB3, 0x37, 0x96, 0xD8, 0xCE, 0x6F, 0x87, 0xC0, 0x79, 0x47,
    0x88, 0x7B, 0x82, 0x1B, 0x09, 0xEB, 0xE9, 0x85, 0xD7, 0x2A, 0x34, 0x16, 0xAC, 0xCD, 0x6A, 0x83,
    0xBD, 0x9F, 0xB2, 0xA7, 0x6B, 0xA9, 0x3A, 0xBE, 0x2B, 0x1B, 0x25, 0x99, 0x45, 0x7F, 0xD9, 0xC4,
    0x29, 0x38, 0x1F, 0xD9, 0x48, 0x61, 0xD1, 0x5A, 0x35, 0x6C, 0x03, 0x7A, 0x85, 0xE6, 0x41, 0x50,
    0xF5, 0xDB, 0x0F, 0x14, 0x06, 0xF6, 0xCE, 0x32, 0x63, 0x24, 0xB8, 0xB4, 0xA7, 0x35, 0x6D, 0x3D,
    0x44, 0xCD, 0x50, 0x00, 0xFD, 0x19, 0x55, 0x74, 0x89, 0xBB, 0x02, 0x8B, 0x29, 0xC4, 0x5D, 0x16,
    0x96, 0x0B, 0x6F, 0x11, 0xF2, 0x71, 0x7B, 0x41, 0x02, 0xA5, 0xCA, 0x70, 0x92, 0xAD, 0x50, 0xC1,
    0xF9, 0x93, 0xC6, 0xFD, 0xAC, 0x51, 0xCF, 0x40, 0x28, 0x8C, 0x34, 0x32, 0x86, 0x17, 0x63, 0xD4,
    0x2B, 0xF5, 0x96, 0x1D, 0x7F, 0x9A, 0x1D, 0x7F, 0xA2, 0xB8, 0xFF, 0x5C, 0x49, 0xE9, 0xEB, 0x33,
    0xA5, 0x89, 0xBD, 0xC2, 0x82, 0xEE, 0x49, 0xED, 0xF1, 0x03, 0x8C, 0x0A, 0x52, 0xB4, 0xC6, 0xF7,
    0xA4, 0xF5, 0xBB, 0xA7, 0xEB, 0x0A, 0x07, 0xEB, 0xE2, 0x31, 0x19, 0x0C, 0xB8, 0xE2, 0x38, 0xC6,
    0x83, 0xDE, 0xF8, 0x66, 0xB0, 0x2B, 0x2C, 0x27, 0x8B, 0x3B, 0xCB, 0x53, 0x22, 0xDF, 0x90, 0xCC,
    0x4B, 0x21, 0x69, 0xE3, 0x26, 0x89, 0xFA, 0x68, 0x10, 0x37, 0x69, 0x10, 0x5D, 0x54, 0xE5, 0x92,
    0x61, 0xD2, 0x0A, 0xE9, 0x24, 0x7A, 0xCD, 0x8B, 0x9B, 0x75, 0xAB, 0x40, 0xED, 0x95, 0xB6, 0x6E,
    0xB2, 0xFD, 0xE3, 0xAF, 0xE8, 0x5B, 0x36, 0xE5, 0x12, 0x65, 0xD8, 0xD2, 0x4C, 0x6F, 0xD4, 0x34,
    0x13, 0xCA, 0xFB, 0x98, 0xA9, 0x32, 0x33, 0x81, 0x66, 0x0A, 0x40, 0x33, 0x45, 0x7F, 0xA4, 0x99,
    0x92, 0xDF, 0x93, 0x6E, 0x7A, 0x91, 0xF0, 0x82, 0x99, 0xE9, 0x55, 0xB3, 0xC8, 0x40, 0x70, 0x1D,
    0x21, 0x6C, 0x09, 0x71, 0x4D, 0x33, 0x25, 0x25, 0xCD, 0x94, 0x99, 0x99, 0x9E, 0x37, 0x33, 0xDD,
    0xA4, 0x99, 0xA6, 0x9E, 0x66, 0x42, 0x67, 0x66, 0x6A, 0xEE, 0x63, 0xA6, 0xDC, 0xCC, 0x74, 0xCD,
    0xCC, 0x34, 0x98, 0x99, 0xDE, 0x54, 0xC1, 0x84, 0x83, 0x50, 0xF4, 0x84, 0x74, 0x24, 0x84, 0x20,
    0x48, 0xE5, 0xED, 0x6A, 0x7D, 0xD8, 0x3D, 0x16, 0x40, 0x93, 0x62, 0x5A, 0x41, 0xBB, 0x82, 0x08,
    0x13, 0xE7, 0x5E, 0x5B, 0xB8, 0x7E, 0x5C, 0xA0, 0xA3, 0xE9, 0x9A, 0xA5, 0xA0, 0x9A, 0xCD, 0xCE,
    0xDC, 0xA4, 0x4C, 0x56, 0x41, 0x40, 0xB7, 0x59, 0x36, 0xBB, 0x0A, 0x73, 0xF8, 0x3B, 0x07, 0x56,
    0xAB, 0x43, 0x10, 0x92, 0x79, 0x7B, 0x41, 0xB6, 0xA8, 0x09, 0xF3, 0xBA, 0xF3, 0x4F, 0x18, 0x77,
    0xEB, 0x78, 0x0D, 0xDA, 0x96, 0xD4, 0x6C, 0x9D, 0x9B, 0x49, 0xA6, 0x9B, 0x67, 0x4B, 0x76, 0x66,
    0xE9, 0xD9, 0xC9, 0xE2, 0xCE, 0x42, 0x9A, 0xF5, 0x0A, 0xF2, 0xB6, 0x68, 0xB6, 0xA0, 0xE1, 0xC5,
    0xB3, 0xFE, 0xAC, 0x2C, 0xE5, 0x84, 0x71, 0x3F, 0x73, 0xC3, 0x2B, 0x24, 0x30, 0x1B, 0x0C, 0x84,
    0xA2, 0x25, 0xC0, 0xAB, 0x0C, 0x86, 0x7B, 0xA2, 0x21, 0x70, 0x43, 0xBF, 0xB3, 0x54, 0xB6, 0x4B,
    0xB1, 0xA7, 0x8E, 0x2E, 0xD4, 0x7C, 0x6D, 0x92, 0x40, 0x61, 0xA4, 0x4A, 0x61, 0xCF, 0xCC, 0x25,
    0xEC, 0x18, 0x6D, 0xC5, 0xB5, 0x68, 0x54, 0x9E, 0x94, 0x6C, 0xCD, 0x66, 0xE1, 0xF2, 0x05, 0xA1,
    0x97, 0xBF, 0x69, 0x89, 0x2D, 0x5B, 0xC2, 0xBF, 0x3B, 0xEA, 0xF0, 0x3F, 0x2A, 0x91, 0xA3, 0x56,
    0x48, 0x51, 0x2E, 0x6A, 0x7E, 0x3A, 0xC8, 0xF8, 0x78, 0x02, 0x60, 0x0D, 0x15, 0xED, 0x00, 0xCA,
    0x08, 0xBD, 0x32, 0x44, 0xBB, 0x9D, 0x58, 0xEF, 0x6D, 0xD2, 0xEB, 0x3B, 0xD5, 0xAC, 0xD7, 0x99,
    0xB5, 0xB4, 0x21, 0x6A, 0xCA, 0xC6, 0x31, 0x27, 0xA1, 0xEC, 0xB6, 0x64, 0x6B, 0x72, 0x7D, 0x67,
    0x84, 0x92, 0xCF, 0x8A, 0xC3, 0xC7, 0x4C, 0xE0, 0x80, 0x46, 0xEB, 0xBF, 0x66, 0x5B, 0xEB, 0x76,
    0x4D, 0x07, 0x6C, 0xB4, 0xE2, 0xE1, 0xBA, 0x5D, 0x9B, 0xC9, 0x26, 0x3A, 0xA2, 0x1F, 0x82, 0x87,
    0xBB, 0xD8, 0x2F, 0x45, 0xC7, 0x48, 0x1D, 0x2D, 0x3D, 0x93, 0x66, 0x56, 0x83, 0xC1, 0x28, 0xCE,
    0xFC, 0x7D, 0x81, 0x26, 0x06, 0x21, 0x9F, 0xAF, 0xCB, 0x57, 0xD1, 0x54, 0x4C, 0x6D, 0x1A, 0x94,
    0x0A, 0xB7, 0xF7, 0xA1, 0xB6, 0x8B, 0xAD, 0xC1, 0x44, 0x28, 0xD0, 0x28, 0xA4, 0x18, 0x14, 0x42,
    0x2C, 0x49, 0x14, 0xBC, 0x42, 0xCC, 0x3C, 0xEB, 0xE9, 0x40, 0xE1, 0x76, 0x27, 0x0A, 0x1F, 0x2E,
    0x30, 0x08, 0xCA, 0x00, 0x1F, 0xCC, 0x01, 0xD7, 0x1B, 0x81, 0x49, 0x21, 0x23, 0x3D, 0xEE, 0x33,
    0x3A, 0xAE, 0xFB, 0x70, 0x98, 0x92, 0x08, 0xE3, 0x0F, 0x95, 0x0E, 0xC2, 0x4B, 0xE5, 0xA1, 0xBD,
    0xBF, 0xD3, 0x1C, 0x96, 0x15, 0x26, 0xD1, 0x54, 0x87, 0xD9, 0x96, 0x4E, 0xA9, 0xF1, 0xA4, 0xC4,
    0xA3, 0x91, 0x6F, 0xBA, 0x4E, 0x29, 0x5B, 0xF2, 0x02, 0xD7, 0x0C, 0xA0, 0x32, 0xC1, 0xEE, 0x4A,
    0x66, 0x93, 0x5E, 0xCF, 0x79, 0x7F, 0x31, 0x6C, 0x64, 0x3E, 0x38, 0x5E, 0x0F, 0xF5, 0x9E, 0xF9,
    0x4A, 0x35, 0x48, 0x82, 0x31, 0x87, 0x0F, 0xD0, 0xAD, 0xA4, 0x9C, 0xDF, 0x9E, 0x0F, 0x2C, 0x4D,
    0x4A, 0xA6, 0x4D, 0x8E, 0x54, 0x50, 0xDB, 0xC9, 0x66, 0x82, 0xA3, 0xA5, 0xB3, 0xA3, 0xCA, 0x21,
    0xDA, 0xF5, 0xDE, 0x59, 0xCA, 0x9D, 0xB3, 0xC2, 0x57, 0x54, 0x39, 0xAB, 0x6D, 0xCF, 0xEC, 0x28,
    0xE9, 0x7C, 0xB6, 0x14, 0xCF, 0x0C, 0xBC, 0x15, 0x01, 0xDE, 0x68, 0x24, 0x58, 0x0E, 0x2A, 0x15,
    0xF0, 0x12, 0x36, 0x4B, 0xF6, 0x7D, 0xB4, 0xEC, 0x7C, 0x8A, 0xB2, 0x12, 0xAC, 0xF7, 0x9A, 0x16,
    0xE9, 0xC1, 0xDD, 0xA6, 0x6F, 0x1F, 0x41, 0x9D, 0xE5, 0x6B, 0x9B, 0x9D, 0xAE, 0xF8, 0x9F, 0x3C,
    0xE7, 0xEA, 0xDF, 0x51, 0x29, 0xAF, 0x6E, 0xEA, 0x7F, 0xEB, 0x37, 0xBB, 0x3F, 0xAF, 0x1C, 0x2D,
    0xFD, 0x4F, 0xBF, 0xE5, 0xDD, 0x5B, 0x5E, 0xB5, 0x18, 0x32, 0xF4, 0xD4, 0x03, 0x98, 0xA9, 0x09,
    0x42, 0x94, 0xAA, 0xCB, 0x28, 0xA8, 0x55, 0x9B, 0x41, 0xD0, 0xAA, 0x3E, 0xBD, 0x54, 0x1D, 0x75,
    0xD9, 0x42, 0xD5, 0x0A, 0x5C, 0x59, 0x32, 0x54, 0xCD, 0xEE, 0xEE, 0xEC, 0x5C, 0x32, 0xDD, 0x64,
    0xD1, 0x4E, 0xA8, 0x59, 0xBF, 0xE0, 0x20, 0xE2, 0x55, 0xC7, 0x51, 0x5C, 0xA3, 0x5A, 0x42, 0xA2,
    0x66, 0xA5, 0xE7, 0xDF, 0x71, 0xA7, 0xAA, 0x13, 0xE0, 0x75, 0x40, 0x75, 0xDD, 0x93, 0x4C, 0xEF,
    0x3C, 0xEF, 0x6D, 0x76, 0x75, 0x6A, 0xB3, 0x8C, 0x81, 0x01, 0x50, 0x46, 0x70, 0xA8, 0x93, 0x59,
    0xD0, 0xA4, 0xA3, 0x54, 0x75, 0xB6, 0x12, 0x3E, 0x1F, 0xE4, 0x32, 0xDD, 0xE1, 0x03, 0xC4, 0x72,
    0xA2, 0x95, 0x69, 0x8A, 0xAB, 0x13, 0xF8, 0xA8, 0x09, 0xB5, 0x59, 0x4E, 0xC2, 0x76, 0x94, 0x45,
    0x7E, 0xBB, 0x0E, 0x4D, 0x2D, 0x61, 0x53, 0xF5, 0x2D, 0xD7, 0x5B, 0x89, 0xA7, 0x74, 0xF6, 0x4F,
    0xD0, 0x58, 0x44, 0x6B, 0x81, 0x5E, 0xD1, 0xEF, 0x47, 0xF7, 0x91, 0x3D, 0xE6, 0x19, 0xD7, 0x6F,
    0x4F, 0xF3, 0xEE, 0x15, 0x2F, 0xE4, 0xC3, 0x86, 0x42, 0xBC, 0x48, 0xED, 0xAB, 0x2E, 0x1D, 0xA5,
    0xD0, 0x4D, 0xB0, 0x7C, 0xC8, 0x87, 0x45, 0x8C, 0x39, 0x80, 0x45, 0xEC, 0xAD, 0xCE, 0xD9, 0xDC,
    0xAB, 0xBD, 0xB5, 0xDD, 0xC5, 0x28, 0x75, 0xC9, 0x79, 0xEF, 0x6A, 0x6B, 0x33, 0x5D, 0x8A, 0x49,
    0xCC, 0x5E, 0xE6, 0x6B, 0xE9, 0x6A, 0x93, 0x69, 0x89, 0xBA, 0x2D, 0xE6, 0x9E, 0xCC, 0xCB, 0x3E,
    0x16, 0xAD, 0xE8, 0x4D, 0x43, 0xB4, 0xF4, 0xA5, 0x74, 0xA5, 0xF4, 0xA4, 0x76, 0xFC, 0x80, 0x7E,
    0xF4, 0x71, 0x68, 0x75, 0xCA, 0x72, 0x31, 0x2C, 0x3E, 0xC7, 0x4E, 0xB0, 0x79, 0x6C, 0xB9, 0x9D,
    0xC7, 0xA0, 0xD5, 0xF6, 0xB6, 0x81, 0x63, 0xB8, 0xB2, 0xBD, 0x6D, 0x60, 0x25, 0x45, 0xCF, 0x9F,
    0xE8, 0xAF, 0x78, 0x94, 0x9F, 0x2D, 0x83, 0xA7, 0x40, 0xAB, 0xBF, 0x83, 0xDB, 0x03, 0xBD, 0x0D,
    0x98, 0xE9, 0x70, 0x7A, 0xD6, 0xF0, 0x17, 0x32, 0xB2, 0x79, 0x94, 0x9F, 0x2D, 0x77, 0x17, 0x40,
    0xA9, 0x3F, 0x3D, 0x57, 0x28, 0xF4, 0x3E, 0xA3, 0xC4, 0x77, 0x21, 0x69, 0x93, 0x97, 0x85, 0xC4,
    0x2D, 0xD3, 0xA2, 0x2F, 0x8A, 0xE7, 0x92, 0x84, 0xE5, 0x6D, 0x51, 0xEB, 0x91, 0xEB, 0xBC, 0x29,
    0x6A, 0x9E, 0xCB, 0x66, 0xF9, 0x82, 0xDA, 0x34, 0x1B, 0x56, 0x65, 0xEC, 0x57, 0x72, 0xAA, 0x56,
    0x32, 0xB2, 0xCC, 0x01, 0x74, 0x2C, 0xAC, 0x67, 0x1F, 0xC2, 0x8B, 0x7C, 0x57, 0x50, 0xEF, 0x07,
    0x47, 0x6E, 0x47, 0xFB, 0x21, 0x83, 0x7A, 0x4A, 0xA8, 0x8C, 0x50, 0x56, 0x33, 0xD7, 0x88, 0xA0,
    0x0E, 0x27, 0x81, 0xE4, 0x8B, 0xE4, 0x8A, 0xD1, 0xF0, 0x00, 0xC9, 0x7B, 0x66, 0x2E, 0x33, 0x4D,
    0x7C, 0x76, 0xE4, 0x7B, 0x78, 0xA6, 0x54, 0xDD, 0x39, 0x80, 0x52, 0x89, 0xEF, 0x6D, 0xD2, 0x99,
    0xEB, 0xFC, 0x38, 0x22, 0xCB, 0x2B, 0x12, 0xEC, 0xDD, 0x12, 0x53, 0x46, 0xB5, 0xB3, 0x38, 0xFB,
    0x79, 0xA9, 0x1A, 0xB9, 0xB7, 0x5C, 0x58, 0xD1, 0xCD, 0xF1, 0x2E, 0x46, 0x85, 0xF7, 0x01, 0xE6,
    0x4B, 0x6F, 0xA3, 0x14, 0x87, 0x31, 0x44, 0xBD, 0x82, 0x2E, 0x30, 0x58, 0x06, 0xC5, 0x01, 0x68,
    0x1E, 0x0D, 0x98, 0x2B, 0x48, 0x88, 0x9E, 0x93, 0x1F, 0xF0, 0x22, 0x20, 0x05, 0xE1, 0xD3, 0x07,
    0xCC, 0xEE, 0x95, 0x4B, 0xE4, 0x3A, 0xEB, 0x2D, 0x0C, 0x9F, 0xE0, 0xAB, 0x8E, 0x06, 0x1B, 0x69,
    0xBC, 0xC9, 0xD6, 0xEB, 0x68, 0xFE, 0x87, 0x1A, 0x9E, 0xD2, 0xEE, 0xB4, 0xA7, 0xD8, 0x03, 0xBC,
    0xB8, 0x36, 0xBF, 0xE5, 0x51, 0x5F, 0xB7, 0x41, 0xB1, 0x44, 0x18, 0xD4, 0x3A, 0x44, 0xBD, 0xDE,
    0xB7, 0x4F, 0xA8, 0x7A, 0x4E, 0x93, 0x57, 0xB6, 0xA1, 0x70, 0xC4, 0x74, 0xFE, 0x84, 0x80, 0x39,
    0x2F, 0x2D, 0x60, 0x4E, 0x97, 0x80, 0xF9, 0x28, 0xE9, 0x7C, 0x66, 0x57, 0xBC, 0x7A, 0xE6, 0x25,
    0x60, 0x6E, 0x0F, 0x07, 0xCC, 0x33, 0x35, 0x7D, 0xFA, 0x48, 0xD9, 0x59, 0xB7, 0x2C, 0xF7, 0xD3,
    0x10, 0xD4, 0x28, 0xF7, 0x65, 0x55, 0xC2, 0x6B, 0x64, 0xBA, 0x6C, 0x5E, 0x1E, 0x29, 0x9D, 0x59,
    0x02, 0x06, 0x53, 0xC3, 0xBE, 0x08, 0x7B, 0x55, 0xCE, 0xD6, 0xCA, 0x1F, 0xF0, 0xA7, 0x12, 0x72,
    0xB8, 0x78, 0x3E, 0x7B, 0xF8, 0x55, 0x9B, 0xF2, 0xB2, 0x52, 0xFE, 0xB1, 0xF9, 0xCE, 0x96, 0x94,
    0x1B, 0xA5, 0x5C, 0x74, 0xE4, 0x38, 0xA8, 0xB6, 0xC5, 0xA8, 0xCA, 0x43, 0xFF, 0x1B, 0x40, 0x35,
    0x0F, 0xFF, 0xA4, 0x32, 0x79, 0x5F, 0x65, 0x4A, 0x2E, 0x2F, 0x50, 0xDE, 0x54, 0xB9, 0xD7, 0xAB,
    0x44, 0xAB, 0x94, 0x51, 0x2B, 0x65, 0xF8, 0xC3, 0x94, 0xA9, 0xA9, 0xAD, 0x32, 0x84, 0x8D, 0x52,
    0xB6, 0xD3, 0x0A, 0x9C, 0xCC, 0x39, 0xED, 0x13, 0x62, 0x10, 0x1C, 0x4A, 0x62, 0x5E, 0xDB, 0xD5,
    0xEE, 0x7E, 0x07, 0x53, 0x79, 0x03, 0x9A, 0x1C, 0x8D, 0x01, 0x27, 0xDE, 0x65, 0xEE, 0x0D, 0x0C,
    0xDC, 0x67, 0x83, 0x80, 0xD0, 0xEA, 0x3B, 0x05, 0x9D, 0x41, 0x9F, 0x28, 0x54, 0x98, 0xB9, 0x0E,
    0x86, 0x01, 0x50, 0xAD, 0x9B, 0x0A, 0xB6, 0xFA, 0xB0, 0xCD, 0xA9, 0xE8, 0x09, 0x68, 0x54, 0x06,
    0xC6, 0x2C, 0x1A, 0x08, 0x49, 0x43, 0x38, 0x2D, 0xC7, 0x83, 0xD1, 0x05, 0x23, 0x94, 0x4F, 0x04,
    0x80, 0x84, 0xA6, 0xA2, 0x66, 0xDF, 0x24, 0x2D, 0x03, 0xFA, 0xB0, 0x37, 0x42, 0x97, 0x8E, 0x05,
    0x23, 0x2F, 0x62, 0xCA, 0x77, 0x9C, 0x39, 0xD2, 0x7E, 0x0B, 0x7A, 0x5E, 0x0C, 0x76, 0x83, 0x52,
    0xAC, 0x1C, 0x0B, 0x46, 0x96, 0x6D, 0x05, 0xF7, 0x1C, 0xE0, 0xCA, 0x5A, 0x95, 0xC5, 0xA1, 0x03,
    0x5C, 0x56, 0x80, 0x31, 0x45, 0x0B, 0x0C, 0x2B, 0x99, 0xA0, 0x74, 0xE0, 0x91, 0xC7, 0x51, 0xBF,
    0xD9, 0x95, 0xD4, 0xD5, 0xB7, 0x9E, 0x8B, 0x73, 0x1D, 0x35, 0xE1, 0x8A, 0x60, 0xD4, 0x88, 0x3A,
    0x82, 0x5A, 0x3F, 0xD9, 0x44, 0x63, 0xA2, 0x31, 0x65, 0xC0, 0x9E, 0x73, 0x1E, 0x7E, 0x9E, 0x8D,
    0xDF, 0xA4, 0x22, 0xDB, 0x07, 0xF8, 0xBA, 0xCD, 0x52, 0x6F, 0x5E, 0x6F, 0x49, 0xBF, 0x9E, 0xAC,
    0xDD, 0xAC, 0x32, 0x32, 0x95, 0xF5, 0xA1, 0xEF, 0x70, 0x9E, 0xCC, 0xC9, 0xE4, 0xD9, 0x4B, 0xA2,
    0x92, 0xF3, 0x67, 0x4E, 0x86, 0x19, 0x65, 0xF0, 0xB0, 0x83, 0x48, 0xE7, 0xFD, 0x4A, 0xBE, 0xCB,
    0x25, 0xC6, 0x3F, 0x03, 0x2B, 0x89, 0x97, 0x94, 0xE6, 0xB0, 0x1C, 0xD4, 0xB0, 0xA8, 0x08, 0x9D,
    0xCA, 0x8A, 0xE1, 0x56, 0xD1, 0x3F, 0x4C, 0xDA, 0x9D, 0xF6, 0x94, 0xBD, 0xC1, 0xDE, 0x36, 0xF3,
    0x78, 0xA3, 0xB5, 0xF2, 0x01, 0x06, 0x6B, 0xFD, 0x13, 0x75, 0x33, 0xCD, 0x23, 0x1A, 0xA6, 0x02,
    0xCA, 0x7D, 0x79, 0xF8, 0x90, 0x57, 0x7B, 0xF8, 0x90, 0xD7, 0x59, 0x9A, 0xEC, 0x58, 0xF7, 0xE3,
    0xFF, 0x01, 0x95, 0x92, 0x21, 0xAC, 0xE6, 0x44, 0x14, 0x85, 0xBF, 0x76, 0x96, 0x6D, 0xA0, 0x09,
    0x83, 0x01, 0x01, 0xA2, 0x1E, 0x33, 0xDE, 0x30, 0x13, 0x2C, 0x82, 0x15, 0xFC, 0x20, 0xB0, 0x28,
    0x0C, 0x16, 0x45, 0x1B, 0xBC, 0x04, 0x85, 0x7D, 0x62, 0xB3, 0x66, 0x2D, 0x62, 0x93, 0x29, 0xDE,
    0xD4, 0xAB, 0x0A, 0x7C, 0x26, 0xA4, 0x9B, 0x74, 0xF7, 0xB5, 0x3D, 0xBC, 0x19, 0xFA, 0xEF, 0x9F,
    0x3C, 0xC7, 0x15, 0xE7, 0x7E, 0x49, 0x73, 0xEE, 0xED, 0x3D, 0x19, 0xDE, 0x55, 0x15, 0x95, 0x6B,
    0xA2, 0x53, 0xA9, 0x99, 0xF8, 0xE6, 0x3B, 0xBD, 0x7D, 0x11, 0xE7, 0x5A, 0x23, 0x4A, 0xB4, 0x73,
    0xA3, 0x40, 0x4C, 0x98, 0xD9, 0x1E, 0x50, 0xC0, 0xED, 0x27, 0xF8, 0xAD, 0x00, 0xF4, 0x57, 0x88,
    0xEB, 0x63, 0xD0, 0x02, 0x71, 0xB9, 0x82, 0xB4, 0x3D, 0x82, 0xF3, 0xD3, 0xE9, 0x5A, 0x1E, 0xDB,
    0xFB, 0x2B, 0xBC, 0xDB, 0xE5, 0x4E, 0x78, 0x75, 0xFE, 0x0F, 0x5B, 0xAB, 0x13, 0x8C, 0xC6, 0x0C,
    0x55, 0x1E, 0xFD, 0x54, 0xAF, 0x2F, 0xDF, 0x6F, 0x38, 0x95, 0xDA, 0xA8, 0xAF, 0x40, 0xF5, 0xCD,
    0x79, 0xFB, 0x8F, 0x81, 0x4F, 0x7E, 0x03, 0x9C, 0xB6, 0x5A, 0x1A, 0xA8, 0x24, 0x7D, 0x2D, 0x25,
    0x8C, 0x42, 0xAF, 0xE4, 0x36, 0xEC, 0x81, 0xD3, 0x64, 0x77, 0xBA, 0x07, 0xD6, 0xD8, 0x0A, 0x97,
    0x61, 0x68, 0x84, 0xCF, 0x10, 0x1A, 0x05, 0xBF, 0xD2, 0xDE, 0x40, 0x7A, 0x0C, 0xBF, 0x5F, 0x2E,
    0x14, 0x08, 0xC0, 0x0D, 0xCA, 0x1C, 0xC0, 0x95, 0xC9, 0x3C, 0x21, 0x6F, 0xD1, 0xC4, 0x87, 0xB4,
    0xC2, 0x6B, 0xE1, 0x17, 0x8C, 0x86, 0xA8, 0xE3, 0x8F, 0x9C, 0xB6, 0xF4, 0x95, 0xB4, 0x42, 0xA7,
    0x95, 0x58, 0x7C, 0x17, 0xA8, 0x9E, 0x41, 0x75, 0xC7, 0x07, 0x03, 0x07, 0x3D, 0xF8, 0x5F, 0x77,
    0xE8, 0xEE, 0x57, 0x68, 0x94, 0x20, 0x87, 0x01, 0x17, 0xCE, 0xFA, 0x2C, 0xDB, 0x25, 0x0D, 0xE6,
    0xF8, 0x52, 0xB3, 0x5D, 0xE8, 0x93, 0x4B, 0xF8, 0xE4, 0x13, 0x5D, 0x91, 0xD1, 0x2F, 0x3C, 0x29,
    0x31, 0xE3, 0x35, 0x40, 0xA7, 0x05, 0xAC, 0x34, 0x60, 0xCA, 0xEA, 0x28, 0x05, 0x3A, 0x69, 0xA2,
    0x92, 0x12, 0xB4, 0x5A, 0x01, 0x6D, 0x55, 0xBE, 0xC1, 0x05, 0xEC, 0xDE, 0x3F, 0xC8, 0x16, 0x47,
    0xDA, 0x2C, 0x76, 0xED, 0x13, 0x2E, 0xF9, 0x9D, 0x38, 0x59, 0x49, 0xD9, 0xF5, 0x37, 0x25, 0xFC,
    0x4F, 0x03, 0xCF, 0xED, 0xDC, 0x24, 0xB3, 0xBA, 0xA9, 0x52, 0x1C, 0xE8, 0x0F, 0xCA, 0xE2, 0xF7,
    0x9E, 0x51, 0xEA, 0xE9, 0x1D, 0xB5, 0x34, 0xD9, 0x23, 0x2E, 0x7E, 0x6E, 0x37, 0x3F, 0x9A, 0xAD,
    0x1F, 0xEB, 0xA5, 0x9F, 0xAB, 0xD0, 0xEF, 0xE0, 0x35, 0xE3, 0xA4, 0x60, 0xA5, 0xB9, 0x96, 0x56,
    0x3A, 0xE5, 0x8C, 0x8E, 0xF7, 0x69, 0x95, 0x53, 0x8B, 0xD4, 0x47, 0x0C, 0x66, 0xEF, 0xA7, 0x76,
    0xF5, 0x52, 0x6A, 0xA4, 0xC0, 0xC7, 0x79, 0xF6, 0x47, 0x00, 0x54, 0x7B, 0xBD, 0x01, 0x46, 0xE6,
    0xB8, 0xB5, 0xFA, 0x30, 0x3B, 0xC0, 0x0F, 0xDC, 0xF1, 0xA8, 0x24, 0x85, 0xA8, 0x24, 0x69, 0x90,
    0x52, 0xA7, 0x37, 0x34, 0x0A, 0x46, 0x89, 0x7A, 0xA7, 0xCE, 0x6D, 0x03, 0x25, 0xCC, 0x02, 0x71,
    0xC5, 0xA4, 0x72, 0x4C, 0x3B, 0x82, 0x3B, 0xB0, 0x03, 0x58, 0xE1, 0x80, 0x56, 0xC3, 0x17, 0x65,
    0xDF, 0xF8, 0x0A, 0xA8, 0x34, 0xAF, 0x00, 0xFA, 0x27, 0x01, 0xF4, 0xF7, 0x33, 0x80, 0xD7, 0x08,
    0xD0, 0x69, 0x80, 0x62, 0xFC, 0x7F, 0xCD, 0x15, 0xBB, 0x95, 0x74, 0x6B, 0x9F, 0xE7, 0x37, 0x82,
    0x9D, 0xDA, 0x04, 0xCD, 0xEA, 0xC7, 0x7C, 0xAA, 0x02, 0xA0, 0x1D, 0x28, 0xB9, 0xDF, 0x92, 0x87,
    0x4E, 0x92, 0x26, 0x97, 0x75, 0x76, 0x6F, 0x5F, 0xBC, 0x7C, 0xE0, 0x11, 0xAB, 0xC1, 0x05, 0x9C,
    0x70, 0xE0, 0xF7, 0xAC, 0xDA, 0x70, 0x54, 0x4A, 0x80, 0xD1, 0x5C, 0xAE, 0x1B, 0x8B, 0x3B, 0x00,
    0xFE, 0x00, 0x88, 0x65, 0xB2, 0x16, 0x20, 0x87, 0x05, 0x8D, 0x46, 0xB8, 0x3E, 0x7B, 0x01, 0xF4,
    0x3B, 0x80, 0x56, 0xAA, 0xBB, 0x12, 0xE4, 0x62, 0x34, 0x3D, 0xA8, 0xD5, 0x88, 0x59, 0x3A, 0x41,
    0xB3, 0xF8, 0xE3, 0x72, 0xF9, 0x29, 0xF5, 0x92, 0x74, 0x2A, 0xCF, 0xF3, 0x93, 0x8F, 0xF8, 0x80,
    0xFF, 0xEB, 0x00, 0x7B, 0xBF, 0x9D, 0x1B, 0x6A, 0x4D, 0xC0, 0x25, 0x70, 0x2B, 0x2B, 0x69, 0xC9,
    0x92, 0xEC, 0xEB, 0x6F, 0x35, 0xDB, 0xD1, 0x68, 0xB4, 0xA1, 0x15, 0x1D, 0xDD, 0x71, 0x3D, 0x3F,
    0x26, 0xA8, 0xB2, 0xD7, 0x68, 0x38, 0xB3, 0x74, 0x3B, 0xE0, 0x57, 0x40, 0x89, 0x9F, 0xF3, 0xE0,
    0x3F, 0x1B, 0x0D, 0xAC, 0x56, 0xD4, 0xAB, 0x3B, 0x5E, 0xBC, 0x5C, 0x7B, 0x49, 0xFF, 0xC9, 0xBF,
    0x63, 0x60, 0x60, 0xD0, 0xFE, 0xE5, 0xC0, 0xC0, 0xC0, 0xFC, 0xFF, 0xFF, 0x07, 0x06, 0x06, 0xFE,
    0xBF, 0xF5, 0x5F, 0x18, 0x18, 0xF4, 0x7F, 0xE8, 0x03, 0x49, 0xFB, 0x2F, 0xFC, 0x0F, 0x40, 0x24,
    0x0B, 0x50, 0x09, 0x50, 0x14, 0x95, 0xB4, 0xFF, 0xFF, 0xFF, 0x2F, 0x8C, 0x14, 0xDD, 0xFF, 0x33,
    0x04, 0x22, 0x4E, 0x6F, 0x12, 0xE8, 0x62, 0x79, 0x30, 0x69, 0x0F, 0x26, 0xEB, 0x1B, 0xF6, 0x5F,
    0x00, 0xB2, 0x2F, 0xFD, 0x6F, 0x00, 0xFA, 0xE1, 0xFF, 0x3F, 0xA0, 0x0A, 0xB6, 0xFF, 0x0F, 0x80,
    0x24, 0x00, 0x63, 0xC8, 0x5A, 0xC0, 0xC0, 0xF0, 0xFF, 0x0B, 0x03, 0xF3, 0xFF, 0x3F, 0x0C, 0xDC,
    0x5F, 0xFE, 0x33, 0xC8, 0x5F, 0xB0, 0x6F, 0xA8, 0x67, 0xE0, 0x7E, 0x20, 0xC2, 0xC0, 0xE8, 0xC0,
    0xB8, 0x84, 0x41, 0x84, 0xFB, 0xBF, 0x43, 0xAD, 0xFC, 0xFF, 0xAF, 0x7F, 0xEC, 0xFF, 0xFF, 0xFF,
    0x51, 0xC7, 0xFD, 0xFF, 0x43, 0x0D, 0xC3, 0xFF, 0x03, 0x0C, 0x0C, 0x2C, 0x0C, 0x00, 0x85, 0x95,
    0x01, 0x84, 0x25, 0xC9, 0xF9, 0xC0, 0x7F, 0xFD, 0x7A, 0xDE, 0xEB, 0xFF, 0xFD, 0x5B, 0xAE, 0x17,
    0xEF, 0xC9, 0x65, 0x2F, 0xA7, 0x0E, 0x13, 0x36, 0xEB, 0x26, 0x05, 0x87, 0xC3, 0xCC, 0xAB, 0x3E,
    0x47, 0x16, 0x11, 0x1E, 0x66, 0x04, 0xC8, 0x2E, 0x0E, 0xB9, 0x89, 0x58, 0x01, 0x5E, 0x98, 0x37,
    0x5D, 0xB9, 0x20, 0x08, 0x8C, 0x40, 0x00, 0x19, 0x6C, 0x64, 0xF6, 0x05, 0x77, 0x10, 0x16, 0x33,
    0xDB, 0x15, 0x87, 0xE0, 0xA0, 0x45, 0x38, 0x80, 0x76, 0x1C, 0x12, 0x48, 0x25, 0x7A, 0xE9, 0x9D,
    0x74, 0xBF, 0x4A, 0x57, 0xBF, 0x37, 0xB3, 0x77, 0xD9, 0xB5, 0xF9, 0xD5, 0x57, 0xF5, 0x55, 0xD5,
    0xFB, 0xBA, 0xEA, 0x75, 0xD7, 0xF7, 0x7D, 0x75, 0xFB, 0x0C, 0xD9, 0x12, 0x39, 0x02, 0xA7, 0x51,
    0x05, 0x91, 0x85, 0x19, 0xCB, 0x53, 0x5C, 0x19, 0x3A, 0x1D, 0xB7, 0x08, 0x8B, 0xD2, 0x8C, 0x81,
    0xC3, 0x53, 0x70, 0x15, 0xA1, 0x6B, 0x88, 0x9F, 0x38, 0xA4, 0x51, 0x3A, 0x23, 0x29, 0xC6, 0x04,
    0x29, 0x67, 0x8C, 0x23, 0xA7, 0xF7, 0x84, 0x7B, 0xD2, 0x28, 0xE7, 0x9A, 0x69, 0xE4, 0xEC, 0x11,
    0x79, 0x01, 0x5B, 0x1C, 0x2E, 0x1F, 0x66, 0xAE, 0xED, 0x64, 0x72, 0xB0, 0xBF, 0xEC, 0x38, 0x75,
    0x1D, 0xF6, 0xB0, 0xEB, 0x9D, 0x3C, 0xE0, 0x66, 0x83, 0xCA, 0xDF, 0x5D, 0x29, 0xD7, 0x08, 0x57,
    0x85, 0xCE, 0x30, 0x26, 0x2E, 0x55, 0xE3, 0x8B, 0xAC, 0x87, 0x29, 0x6C, 0xF5, 0xFB, 0xA8, 0x22,
    0x37, 0x59, 0x99, 0x1B, 0x65, 0x32, 0xF3, 0xFF, 0xE9, 0x4D, 0x5E, 0x7F, 0x4A, 0xE6, 0xF4, 0x23,
    0x69, 0xDE, 0x4C, 0x0C, 0xC2, 0x90, 0xA7, 0x61, 0xCD, 0xC0, 0x32, 0x28, 0x09, 0x1E, 0x90, 0x38,
    0xD4, 0x47, 0xE6, 0x28, 0x2C, 0xD6, 0xA2, 0xEE, 0x1A, 0xE1, 0xD2, 0x6E, 0x3E, 0x58, 0x7E, 0xF7,
    0x61, 0xE8, 0x92, 0x26, 0x6E, 0x84, 0x4D, 0xAC, 0x32, 0xD2, 0xE4, 0x64, 0x34, 0x8C, 0x99, 0x71,
    0x9B, 0xC1, 0xA9, 0xD4, 0x49, 0x91, 0xD8, 0x4C, 0x87, 0xAB, 0x15, 0x81, 0x6B, 0x20, 0xAF, 0x60,
    0x32, 0xE3, 0xD6, 0xA2, 0xE7, 0xDB, 0x23, 0x3D, 0x8D, 0xCD, 0x7F, 0xC9, 0xF2, 0xE7, 0x4B, 0x54,
    0xE9, 0xB4, 0xB0, 0xAA, 0x88, 0x6A, 0x61, 0x83, 0x36, 0xAA, 0xC8, 0x82, 0x86, 0x21, 0x63, 0x3C,
    0x52, 0x43, 0x5E, 0x82, 0xB3, 0x5E, 0xF7, 0xE3, 0x29, 0xB1, 0x51, 0xA9, 0x30, 0xE2, 0xD2, 0xA5,
    0xB1, 0xF3, 0x7B, 0x55, 0x30, 0x04, 0x3E, 0x20, 0x76, 0xA5, 0x74, 0x75, 0xE6, 0xDA, 0xC7, 0x3C,
    0x6E, 0x50, 0x33, 0x86, 0xBC, 0xC2, 0x45, 0x58, 0x27, 0x5A, 0xA2, 0x52, 0x55, 0x64, 0x95, 0xFF,
    0x34, 0xA2, 0x1A, 0x9D, 0x8C, 0x4E, 0x44, 0x2D, 0x1B, 0xD9, 0x8A, 0x36, 0x6A, 0x69, 0xA8, 0x07,
    0x56, 0x9A, 0x63, 0x6E, 0x30, 0x3A, 0x91, 0x9D, 0x4D, 0xD6, 0x74, 0x96, 0x85, 0x42, 0x92, 0x98,
    0xB0, 0xE6, 0x82, 0x2D, 0x6F, 0xAF, 0xBE, 0x64, 0x1F, 0xAE, 0xED, 0xFD, 0x51, 0xAB, 0x86, 0xA4,
    0x65, 0xE0, 0x20, 0x33, 0x24, 0x25, 0x41, 0xDA, 0xCD, 0x86, 0xCE, 0x44, 0x8E, 0xA4, 0x46, 0x15,
    0xE4, 0x30, 0x06, 0x4E, 0xB0, 0x07, 0xD6, 0xD9, 0xA5, 0xA5, 0x2B, 0xF7, 0xB0, 0x3C, 0x49, 0x9D,
    0xBD, 0x3C, 0xF5, 0xC3, 0xC3, 0xE5, 0x69, 0xEE, 0xAA, 0x4E, 0x26, 0x3F, 0xA8, 0x18, 0x3C, 0x27,
    0xCC, 0xE2, 0x52, 0xF4, 0x9B, 0x0F, 0x1A, 0x9A, 0xA8, 0xCA, 0xCC, 0x07, 0x40, 0x54, 0x48, 0x33,
    0x65, 0xB7, 0x2B, 0x53, 0x44, 0x31, 0x28, 0x20, 0x34, 0xBE, 0x7C, 0xFD, 0xAF, 0xF9, 0xEA, 0xF0,
    0x21, 0xE4, 0xAB, 0x7C, 0xB5, 0x9E, 0x19, 0xE8, 0x81, 0xF6, 0xDA, 0xCF, 0xAC, 0xC7, 0x07, 0x07,
    0xCE, 0x2D, 0x97, 0x7C, 0x03, 0xD9, 0x97, 0x29, 0xC7, 0x79, 0x9B, 0x37, 0x99, 0x1D, 0xA6, 0xEF,
    0x53, 0x77, 0xE5, 0x11, 0xE7, 0x5C, 0x90, 0xAD, 0xD4, 0x2A, 0x69, 0x83, 0x59, 0x7C, 0xA2, 0xEA,
    0xAC, 0xC9, 0x1A, 0x55, 0x8F, 0x34, 0x70, 0xED, 0x53, 0xAA, 0xEC, 0x6A, 0xB1, 0xF6, 0x29, 0x20,
    0x5E, 0xA1, 0x9C, 0x59, 0x44, 0x1B, 0xC7, 0xE9, 0x8E, 0x57, 0x3A, 0x1D, 0xB5, 0xDC, 0x3C, 0x95,
    0xA5, 0x32, 0x2A, 0x3D, 0xA6, 0x61, 0x06, 0x29, 0x83, 0x82, 0xB0, 0x26, 0x74, 0x29, 0x99, 0x41,
    0x14, 0x48, 0xF3, 0xAD, 0xDC, 0x64, 0x2E, 0x55, 0x35, 0x41, 0x4D, 0x5C, 0x22, 0x0D, 0x4A, 0x93,
    0xF5, 0xBF, 0xAB, 0xCB, 0x42, 0xB8, 0x62, 0xE4, 0xF4, 0x78, 0xD1, 0xC3, 0xE4, 0xE0, 0x20, 0xF5,
    0x31, 0xE0, 0x6B, 0x4B, 0x64, 0x2B, 0x02, 0x6B, 0xC1, 0xCE, 0x60, 0x76, 0xB2, 0x3D, 0x2A, 0xDF,
    0x89, 0xED, 0xF9, 0xAB, 0x99, 0x6B, 0xC5, 0x87, 0xD5, 0x63, 0x1F, 0x0E, 0x5A, 0x9A, 0xC4, 0x3A,
    0x42, 0xD7, 0xAE, 0x5D, 0xC5, 0x59, 0x7A, 0xF2, 0x92, 0x60, 0x13, 0x90, 0xC9, 0x26, 0x20, 0x8F,
    0x89, 0x0B, 0x80, 0x3D, 0xEF, 0x62, 0x24, 0x46, 0x7E, 0x91, 0xA7, 0x89, 0x73, 0xBD, 0x8D, 0xB7,
    0xEF, 0xB9, 0x7F, 0xD2, 0x8F, 0xFD, 0xBC, 0xF8, 0x7B, 0x9E, 0x2A, 0x84, 0xF6, 0x2E, 0x09, 0x10,
    0x3C, 0xE5, 0x56, 0xEC, 0xCC, 0x42, 0xB8, 0xCB, 0x46, 0xE5, 0xAE, 0x5E, 0x44, 0xCE, 0xFE, 0x88,
    0x4C, 0x03, 0x74, 0xF1, 0xBB, 0x0E, 0xE4, 0xDB, 0xCB, 0xB3, 0x83, 0x0E, 0xB7, 0xA1, 0x0B, 0xE5,
    0x87, 0x57, 0xE3, 0xDC, 0xB9, 0x15, 0x1B, 0xDC, 0x86, 0xEE, 0x75, 0xF7, 0x79, 0xC0, 0x38, 0x76,
    0x7A, 0xB1, 0x49, 0x10, 0xF5, 0x34, 0xEE, 0x13, 0x84, 0x81, 0x2D, 0x3C, 0x99, 0xF3, 0x2B, 0xFB,
    0xA5, 0x97, 0x67, 0xAC, 0x51, 0xCE, 0x63, 0x36, 0xAA, 0xFB, 0xA1, 0x43, 0x03, 0x37, 0x20, 0xA8,
    0x20, 0x5E, 0xBF, 0x50, 0xE4, 0x20, 0xAB, 0x18, 0x38, 0x8D, 0xAC, 0x41, 0x16, 0xF0, 0x35, 0xAE,
    0xB9, 0x07, 0x34, 0x6B, 0xFB, 0x81, 0x85, 0xB0, 0x84, 0xC8, 0x40, 0x62, 0x40, 0xA4, 0x20, 0x81,
    0x29, 0x70, 0xF4, 0xBC, 0x59, 0xFC, 0x02, 0xB3, 0x8B, 0x17, 0x98, 0x15, 0x2F, 0x36, 0x7B, 0x8B,
    0x2B, 0x16, 0x28, 0x1D, 0xF7, 0x4E, 0x1C, 0x9B, 0x2C, 0x9D, 0x73, 0x03, 0x52, 0x0B, 0xFD, 0xA1,
    0x37, 0x84, 0xF6, 0xCA, 0x11, 0xBA, 0x0F, 0x38, 0xBB, 0x72, 0x8C, 0x27, 0x07, 0x07, 0xD6, 0xC2,
    0x75, 0xF5, 0x73, 0x3E, 0x73, 0x8E, 0xDE, 0x3D, 0x55, 0xFF, 0x6E, 0xFF, 0x78, 0xFC, 0xC3, 0x72,
    0x37, 0x2E, 0xDF, 0x8A, 0xE1, 0x9D, 0x6F, 0x4E, 0x17, 0xA2, 0x8A, 0x4B, 0x51, 0x2F, 0x16, 0xDB,
    0xAF, 0x05, 0x5A, 0x98, 0x3D, 0x8E, 0xD8, 0xC3, 0x1F, 0x7D, 0x54, 0x84, 0x85, 0xCF, 0x33, 0xE3,
    0xAF, 0x1C, 0x06, 0x1B, 0x96, 0x1D, 0x57, 0x87, 0xE7, 0x53, 0x40, 0x4D, 0xD2, 0x12, 0x3A, 0xC8,
    0x35, 0xA2, 0x58, 0xA7, 0x80, 0xC1, 0x3A, 0x05, 0x34, 0xC8, 0x92, 0x2C, 0x65, 0x0C, 0x2F, 0x3F,
    0x46, 0xA9, 0xB3, 0x22, 0x2B, 0x45, 0xE9, 0xF7, 0x3D, 0xC6, 0x93, 0x42, 0xD8, 0x74, 0xB5, 0x45,
    0xFE, 0xB2, 0x6E, 0xD5, 0x9F, 0xFF, 0xE5, 0xB2, 0x4F, 0x3F, 0x77, 0xEA, 0xD3, 0x3F, 0xAD, 0x86,
    0x89, 0x7E, 0x9F, 0x00, 0xB2, 0x22, 0x2F, 0xF3, 0x32, 0x2B, 0xB3, 0x5A, 0x35, 0x71, 0xF9, 0xB2,
    0xC8, 0xF8, 0x5F, 0x2E, 0xF6, 0xC2, 0xF4, 0x3C, 0xD9, 0xCF, 0xDA, 0xAC, 0x9D, 0x5C, 0xB0, 0xE8,
    0x0B, 0x6F, 0xC3, 0xFE, 0xF9, 0x56, 0xE4, 0xAA, 0x1D, 0xE1, 0x9E, 0x9E, 0xFB, 0xAB, 0x6A, 0x37,
    0x71, 0xD5, 0x5C, 0xB8, 0x02, 0x09, 0x0C, 0x81, 0xD1, 0x09, 0x88, 0x0A, 0x64, 0x0D, 0xA2, 0xAB,
    0x51, 0x09, 0xFB, 0xEC, 0x45, 0xAE, 0x38, 0x17, 0xCE, 0xF9, 0xD7, 0xAE, 0xA6, 0x23, 0x57, 0x1C,
    0xB1, 0x05, 0x71, 0xE9, 0xED, 0x36, 0xB6, 0x15, 0x04, 0xE9, 0xCB, 0x3F, 0xD1, 0xCB, 0xA3, 0x20,
    0xC4, 0x24, 0x4B, 0xAB, 0x5C, 0x23, 0x5D, 0x1D, 0x53, 0x0E, 0xD0, 0x78, 0x06, 0x3A, 0xB1, 0xAA,
    0x89, 0x8A, 0xAB, 0x92, 0xF9, 0x8B, 0x52, 0xB4, 0x1B, 0xF5, 0xB3, 0x19, 0x07, 0x0C, 0x7F, 0x32,
    0xC7, 0xB3, 0xD3, 0xA9, 0x71, 0xAF, 0x5E, 0xDD, 0xFD, 0x98, 0x1D, 0x78, 0x75, 0xFC, 0x31, 0x10,
    0x1A, 0x2F, 0x0C, 0xB4, 0x17, 0xFE, 0x0F, 0xD8, 0xE6, 0xC6, 0x1B, 0xC0, 0x7C, 0x6B, 0xBE, 0x05,
    0xDC, 0xD8, 0x99, 0xDF, 0x00, 0xB6, 0x76, 0xE6, 0xBB, 0xC0, 0xCE, 0xCE, 0x7C, 0x1B, 0x78, 0x6D,
    0x67, 0xB3, 0xE6, 0x76, 0x6F, 0xF9, 0x1A, 0x5E, 0xBD, 0x0D, 0x41, 0xEA, 0xE5, 0x6A, 0xCD, 0xE0,
    0xFB, 0xFC, 0x34, 0x65, 0xB3, 0xDF, 0x1C, 0x6E, 0xD1, 0x2B, 0x9E, 0xA9, 0xAF, 0xFE, 0x5D, 0xB8,
    0xC7, 0x31, 0xA2, 0x0A, 0xDA, 0xA8, 0x95, 0xC5, 0x9C, 0x19, 0x81, 0x4E, 0x0A, 0xA5, 0xF7, 0xD8,
    0xF5, 0x7E, 0xDB, 0xF5, 0x03, 0xCD, 0x90, 0x3E, 0xB1, 0xF9, 0xBB, 0xD1, 0xDF, 0x91, 0xFE, 0xAE,
    0xF4, 0x09, 0xEA, 0x45, 0x77, 0xA9, 0x8F, 0x81, 0xE3, 0x0B, 0x1F, 0x03, 0xB2, 0x8F, 0x01, 0xE0,
    0x15, 0xBA, 0x71, 0x96, 0x66, 0x45, 0x54, 0xB3, 0xC3, 0xF0, 0xF9, 0x1D, 0x3D, 0x73, 0x9F, 0x20,
    0x8B, 0xC4, 0x44, 0xAD, 0x28, 0x06, 0xAD, 0xB4, 0xA2, 0xDE, 0xB5, 0xC7, 0x3C, 0x9A, 0xDF, 0xC3,
    0xEE, 0x6E, 0x93, 0x21, 0x4D, 0x64, 0xC2, 0xAE, 0x4A, 0x93, 0xB1, 0x8D, 0xD4, 0xB9, 0x75, 0x95,
    0xAB, 0x32, 0x3B, 0x4A, 0xB1, 0xBC, 0x69, 0xF5, 0xDE, 0xEF, 0xCD, 0xEB, 0xAB, 0xF4, 0xE6, 0x65,
    0x7A, 0xFC, 0x87, 0x62, 0xFB, 0x9F, 0x1A, 0x4B, 0x30, 0xDB, 0xEF, 0xFF, 0xED, 0xDE, 0xFD, 0xDF,
    0x98, 0x79, 0x32, 0x28, 0x7C, 0x3D, 0x12, 0xEF, 0x15, 0xCA, 0x39, 0x13, 0xDB, 0x15, 0x5B, 0xEC,
    0xB0, 0x8B, 0x6A, 0xB3, 0xA6, 0x53, 0x73, 0xEE, 0xED, 0xE0, 0x89, 0xB4, 0xD0, 0x00, 0x92, 0xC8,
    0x02, 0xF8, 0x14, 0x9F, 0xAE, 0x9D, 0x49, 0xB9, 0x65, 0xEE, 0x0C, 0x8C, 0x9C, 0x73, 0x4F, 0x01,
    0x6E, 0xBA, 0xCB, 0x94, 0x6B, 0xA6, 0x78, 0x62, 0x93, 0x5C, 0x3D, 0x5F, 0x01, 0x41, 0x03, 0xEE,
    0x04, 0xEE, 0x5B, 0x90, 0xAE, 0x43, 0xC3, 0xA0, 0x53, 0x35, 0xC0, 0x70, 0xF9, 0x3B, 0xA0, 0xCF,
    0xA4, 0x67, 0xCA, 0x75, 0x34, 0x5F, 0xEE, 0xAF, 0xDB, 0xC9, 0x41, 0xC7, 0x3E, 0x57, 0xE4, 0x7E,
    0x31, 0x8E, 0x42, 0xE7, 0x7C, 0xA7, 0x49, 0x5C, 0xC7, 0xDF, 0xEE, 0x57, 0xB2, 0x08, 0xF2, 0xAE,
    0x57, 0x2A, 0xF0, 0x1D, 0x7D, 0x0B, 0x08, 0x0E, 0xCF, 0x78, 0xC6, 0x4D, 0xE7, 0x1E, 0x00, 0x23,
    0xB7, 0x7E, 0x72, 0xBD, 0x38, 0x81, 0xFB, 0x02, 0x7E, 0xEC, 0xD2, 0xA8, 0x06, 0xB8, 0x5F, 0xAC,
    0xDF, 0x3D, 0xAC, 0xBE, 0x43, 0xCF, 0x23, 0xAE, 0x09, 0xD6, 0x19, 0xDF, 0xF6, 0x0F, 0xD6, 0x7D,
    0x5B, 0xF5, 0xF3, 0x45, 0xDF, 0xA6, 0xF4, 0x0C, 0x67, 0x4C, 0x2F, 0xD8, 0x9D, 0x82, 0x42, 0x3A,
    0xCE, 0x15, 0xB5, 0xE2, 0x3C, 0x43, 0xDE, 0xD5, 0xC1, 0x0C, 0x71, 0xC1, 0x9E, 0xE0, 0x3C, 0x49,
    0x73, 0x97, 0x9E, 0xC3, 0x02, 0xD4, 0x1D, 0xE2, 0x9A, 0x38, 0x4D, 0x74, 0xC0, 0x04, 0xA9, 0x93,
    0x67, 0xC5, 0x28, 0xCB, 0x3E, 0xF1, 0x47, 0x5A, 0x86, 0xC5, 0x34, 0x2C, 0xA7, 0xA1, 0xED, 0xDA,
    0xAE, 0x9F, 0x7C, 0xCF, 0x0C, 0x56, 0x4C, 0x86, 0x69, 0x96, 0x14, 0xDD, 0xF0, 0x99, 0x44, 0x85,
    0xF8, 0x6D, 0x11, 0x7D, 0x5E, 0x05, 0xFB, 0x24, 0x1F, 0x31, 0x4D, 0xD8, 0xDB, 0x62, 0x81, 0x97,
    0x29, 0xC8, 0x3B, 0x8C, 0x9E, 0xC2, 0x6D, 0x4D, 0x6C, 0x88, 0x4C, 0x70, 0xC7, 0x88, 0xDC, 0x4C,
    0x13, 0xB3, 0x17, 0x9B, 0x45, 0xE4, 0xA5, 0xEB, 0xC8, 0xBB, 0x45, 0xFC, 0x79, 0xB5, 0x04, 0x05,
    0xB2, 0x93, 0x09, 0x32, 0x37, 0xF2, 0xCE, 0x57, 0x77, 0x09, 0xCB, 0xFC, 0x93, 0x6A, 0x32, 0x0C,
    0x52, 0x54, 0xFE, 0x8F, 0x1A, 0xF1, 0x0B, 0xDB, 0x20, 0xDE, 0x2B, 0xCF, 0x9F, 0x6F, 0xEC, 0x05,
    0xD9, 0x5F, 0xEA, 0x8C, 0xF1, 0x90, 0x2C, 0x4B, 0xC5, 0xAF, 0x52, 0x91, 0x22, 0xD8, 0x88, 0x4C,
    0xFB, 0x80, 0x21, 0x42, 0xCC, 0xF2, 0x52, 0x70, 0x5D, 0x4E, 0xA2, 0x6A, 0xF2, 0xEE, 0x2C, 0xFB,
    0x75, 0x25, 0x52, 0x93, 0x7C, 0xA8, 0xA3, 0x4F, 0xD2, 0xF0, 0x33, 0x06, 0x97, 0xD0, 0xC0, 0x23,
    0xFC, 0x4F, 0x9F, 0x95, 0x71, 0x37, 0xD9, 0x42, 0xC3, 0xE0, 0x31, 0x51, 0xA2, 0xDF, 0x88, 0xCB,
    0xFC, 0x6E, 0xFD, 0x1F, 0xBD, 0x58, 0x3F, 0xCC, 0x1D, 0xC7, 0x56, 0xFF, 0xED, 0x6E, 0xFC, 0xED,
    0xE3, 0x5B, 0xA1, 0x75, 0x61, 0xA3, 0x27, 0x87, 0x97, 0xA5, 0x04, 0x23, 0xBF, 0x6D, 0x28, 0x28,
    0x9E, 0x3D, 0x93, 0xF7, 0x8A, 0x14, 0x29, 0xF2, 0x15, 0xB6, 0x10, 0x29, 0xA0, 0x85, 0xA4, 0x70,
    0x9A, 0x48, 0x11, 0xC2, 0xDE, 0x45, 0x29, 0x68, 0x5D, 0x20, 0x51, 0xE2, 0xC2, 0x11, 0xCE, 0x57,
    0xC4, 0x14, 0x14, 0x11, 0xD8, 0xDF, 0x6E, 0x94, 0x5E, 0x2C, 0x41, 0x80, 0x04, 0x45, 0x16, 0x30,
    0x0D, 0x8D, 0x47, 0xD1, 0x84, 0x6C, 0xEC, 0xD9, 0x3D, 0x9C, 0x73, 0x76, 0xEF, 0xDE, 0x9B, 0x9B,
    0xCF, 0xB1, 0x04, 0x9F, 0x39, 0x9A, 0xF9, 0x9D, 0x99, 0xD9, 0xF3, 0x6F, 0xCE, 0x99, 0xBD, 0xF7,
    0xCE, 0x3D, 0x72, 0x3F, 0x40, 0x17, 0x22, 0x7B, 0x25, 0xAD, 0xB3, 0xDF, 0x43, 0x3C, 0x20, 0xF2,
    0x48, 0x47, 0xBC, 0xF6, 0xCC, 0xFE, 0xF6, 0x57, 0x2D, 0x1C, 0xCE, 0xA0, 0x1D, 0x01, 0x7F, 0x0D,
    0x5C, 0xC1, 0x3B, 0x0F, 0x2C, 0x51, 0xED, 0x5E, 0x83, 0xFB, 0x00, 0xEE, 0xEE, 0x19, 0x18, 0xBE,
    0x0B, 0x44, 0x16, 0x69, 0x8D, 0xD7, 0x80, 0xDB, 0xC7, 0xB6, 0xA1, 0xF6, 0x4A, 0xD2, 0x66, 0xBF,
    0x68, 0xE3, 0x0F, 0x5B, 0x24, 0xFF, 0xF7, 0x56, 0x03, 0x30, 0x34, 0xAC, 0x6D, 0x77, 0xAA, 0x8D,
    0xC8, 0x2B, 0x5C, 0x3E, 0x3E, 0x3E, 0xBE, 0x77, 0xF1, 0x06, 0x93, 0x4C, 0x49, 0x41, 0xA7, 0x02,
    0x4A, 0xD7, 0x0D, 0x2D, 0x34, 0x6C, 0x47, 0xEB, 0xD3, 0x23, 0xAC, 0x74, 0x9A, 0x1C, 0x56, 0xFA,
    0x0D, 0xDC, 0xBD, 0x16, 0xF9, 0xFF, 0xCF, 0xB6, 0x06, 0x55, 0x2B, 0x60, 0x25, 0xD9, 0xB3, 0xD5,
    0x35, 0x1D, 0xE1, 0xC7, 0x51, 0xC8, 0x1E, 0x97, 0xF6, 0x1A, 0x4E, 0x40, 0x35, 0x39, 0x72, 0x8D,
    0x33, 0xEE, 0xB0, 0x3E, 0xB8, 0x53, 0x0C, 0x65, 0x28, 0xC7, 0x62, 0x4C, 0x47, 0x04, 0x0C, 0x89,
    0x2B, 0xDB, 0xDB, 0x38, 0x8F, 0xFD, 0xF5, 0xD8, 0x15, 0xDD, 0x6D, 0xFC, 0x1A, 0xB2, 0xDA, 0xB0,
    0xA6, 0xE8, 0x53, 0x7D, 0x82, 0x6B, 0x28, 0x6D, 0xE6, 0xA3, 0x80, 0x0B, 0xF8, 0x31, 0x2E, 0x44,
    0x21, 0x1E, 0xB2, 0xC7, 0x79, 0x5F, 0xDA, 0x92, 0x9F, 0xDC, 0x62, 0x4F, 0x8F, 0xD8, 0x97, 0x7A,
    0xEB, 0xD5, 0xA3, 0xFA, 0x34, 0xFD, 0x61, 0x7D, 0x68, 0x0F, 0xEE, 0x64, 0xE2, 0xC1, 0x97, 0xC1,
    0xB0, 0x17, 0x13, 0x8A, 0xB1, 0x08, 0xE9, 0x98, 0x06, 0x84, 0x88, 0xBD, 0x45, 0x3E, 0x71, 0x12,
    0x89, 0xC4, 0x22, 0xD1, 0x1C, 0x71, 0x3C, 0x07, 0x7B, 0xF2, 0xE5, 0xAE, 0x3C, 0xC7, 0x97, 0x70,
    0x84, 0x2A, 0xCF, 0x51, 0x1E, 0x71, 0x9C, 0x12, 0xE9, 0x1A, 0xAB, 0xD3, 0x18, 0x38, 0x16, 0x8E,
    0x49, 0x63, 0x2B, 0xAD, 0x44, 0x9E, 0xF5, 0x51, 0x88, 0x06, 0x8E, 0xFE, 0x02, 0x0E, 0xEF, 0x02,
    0xB9, 0xDB, 0xF6, 0xAC, 0xE7, 0xDE, 0x01, 0x29, 0xF7, 0xA4, 0x45, 0xF3, 0x97, 0xFF, 0x32, 0x35,
    0x44, 0xDA, 0xFF, 0xE6, 0x8D, 0xCF, 0x3E, 0xD1, 0xE7, 0x22, 0x57, 0x78, 0xA0, 0x1C, 0x94, 0x6B,
    0xDF, 0xB7, 0xB1, 0x6B, 0x27, 0x6D, 0xE7, 0x9E, 0x9C, 0xDE, 0x95, 0x34, 0x8E, 0x55, 0x5F, 0xF5,
    0x8E, 0x92, 0xF6, 0x5C, 0xF3, 0xEC, 0xC9, 0xEA, 0xFF, 0xA3, 0xB4, 0xFD, 0xDD, 0xD5, 0x7F, 0xA9,
    0x7E, 0x55, 0x76, 0xD7, 0x96, 0xFA, 0xD3, 0xE7, 0x1A, 0xDB, 0x6A, 0xEF, 0xE4, 0x77, 0xFE, 0xF1,
    0x64, 0x63, 0xE7, 0xE4, 0xCF, 0xFF, 0x69, 0xD2, 0x78, 0x32, 0x91, 0xED, 0x57, 0xBF, 0x4A, 0xE7,
    0x91, 0xC9, 0x99, 0xEA, 0x2B, 0xF2, 0x0D, 0x0D, 0x44, 0x61, 0x6E, 0x3C, 0xE6, 0x15, 0x43, 0x2E,
    0xA7, 0x36, 0xFA, 0x48, 0x25, 0x7F, 0x8B, 0xBB, 0xB1, 0xDC, 0x3D, 0x77, 0xB2, 0xDC, 0x3D, 0x77,
    0xB2, 0x86, 0x46, 0xE6, 0x1D, 0xCC, 0x08, 0x98, 0x0E, 0xB8, 0xAA, 0x56, 0x81, 0x08, 0xA5, 0xAB,
    0x7C, 0x33, 0x54, 0x83, 0x1C, 0xC0, 0x08, 0xB8, 0xC0, 0x0B, 0x11, 0xD9, 0xCA, 0x27, 0xD4, 0x36,
    0x03, 0x43, 0x25, 0x60, 0x5C, 0x4C, 0xF5, 0x61, 0x8D, 0x3F, 0xC4, 0xE1, 0x1D, 0x5C, 0xB2, 0xB8,
    0x2C, 0x0E, 0x9A, 0x1E, 0xF2, 0x18, 0xC4, 0x0F, 0xFB, 0x2A, 0xCC, 0xDC, 0xC8, 0x3C, 0xA2, 0xAE,
    0x74, 0xA8, 0x3A, 0x34, 0x62, 0x92, 0xDB, 0x2B, 0x38, 0xAC, 0x8D, 0xAB, 0x06, 0x76, 0xE4, 0xCB,
    0x3E, 0xC2, 0x3B, 0xC7, 0x35, 0x51, 0xEB, 0x80, 0xB3, 0x6A, 0x7F, 0x05, 0xF0, 0x8B, 0xC5, 0x36,
    0x91, 0x9C, 0x61, 0xAB, 0x2B, 0xEA, 0x4E, 0x6D, 0x67, 0x12, 0x34, 0xDB, 0xF9, 0xA3, 0xE3, 0xFA,
    0x3D, 0x60, 0x6D, 0xEF, 0xDF, 0xB0, 0x67, 0x68, 0xFC, 0xF2, 0x71, 0x07, 0x6C, 0xDB, 0xC5, 0x1B,
    0x67, 0x16, 0xF9, 0x2E, 0x45, 0xE4, 0xE5, 0x38, 0x29, 0x65, 0x34, 0x01, 0x0F, 0xA1, 0x54, 0xF4,
    0x8D, 0xC5, 0x00, 0x25, 0xD3, 0x9A, 0x36, 0x5E, 0xD4, 0xAA, 0xD6, 0x74, 0xC9, 0x66, 0x5C, 0x97,
    0x7D, 0xD6, 0x41, 0xA9, 0xE1, 0x71, 0xDE, 0xAE, 0x63, 0x57, 0xDA, 0xED, 0xD8, 0x60, 0x2B, 0xF3,
    0x68, 0x67, 0x1C, 0x70, 0x04, 0x44, 0x96, 0x6D, 0x96, 0x5F, 0xF8, 0x92, 0x78, 0x30, 0x89, 0xAF,
    0xCF, 0x1D, 0x3D, 0xE8, 0x63, 0x6A, 0xDA, 0xB2, 0xAB, 0xFE, 0xF4, 0x8B, 0x31, 0xF3, 0xE9, 0x50,
    0xF4, 0xF9, 0xD7, 0x94, 0x7F, 0x1E, 0x92, 0x90, 0xBB, 0xDC, 0xC5, 0x34, 0x14, 0x6F, 0x0C, 0x32,
    0xCE, 0x3C, 0x2E, 0x5A, 0x93, 0x0D, 0xF1, 0x58, 0xF4, 0x99, 0x44, 0x7B, 0x3B, 0xF3, 0xF1, 0x54,
    0xF6, 0x69, 0x00, 0x10, 0xF2, 0x75, 0x1C, 0x0D, 0xDB, 0x71, 0xE2, 0xB6, 0x32, 0x69, 0xBF, 0xD5,
    0xCD, 0xDB, 0x74, 0x48, 0x46, 0xB5, 0x89, 0xA2, 0x4E, 0x16, 0x5F, 0x80, 0x41, 0x3C, 0xA6, 0x1A,
    0x03, 0x9B, 0x07, 0x24, 0xB6, 0xA9, 0x69, 0x81, 0x00, 0x48, 0xCC, 0xCD, 0x04, 0xA5, 0xE8, 0x48,
    0xBB, 0xD2, 0xE9, 0xF9, 0xDD, 0xCF, 0xF1, 0x7E, 0x9E, 0xF7, 0x73, 0xBD, 0x9F, 0xEF, 0xFD, 0x9C,
    0xEF, 0xE7, 0x7D, 0x2F, 0xF7, 0x7B, 0xF9, 0xDF, 0xAF, 0xC1, 0x7E, 0x1D, 0x60, 0xE7, 0x5A, 0xD4,
    0x4B, 0x2D, 0xCC, 0x04, 0x34, 0xE3, 0x5A, 0x8F, 0x88, 0xEB, 0x91, 0x4C, 0x54, 0x6F, 0x6A, 0x32,
    0x67, 0xBF, 0xEC, 0x36, 0x75, 0xC9, 0x7C, 0xE6, 0xBF, 0x5B, 0x1B, 0xAD, 0x9A, 0xDB, 0xD4, 0x27,
    0x77, 0x49, 0x60, 0x69, 0xBF, 0xA9, 0x51, 0xC1, 0x73, 0xD3, 0x69, 0xCD, 0x42, 0xBE, 0x3B, 0xD7,
    0x5A, 0xED, 0xCE, 0x13, 0xF7, 0x5D, 0xF9, 0xB4, 0xDF, 0xB5, 0xB7, 0xA9, 0xDB, 0xEA, 0x4F, 0x6B,
    0xB7, 0xC6, 0xB3, 0xD6, 0x4F, 0xE3, 0x75, 0x65, 0xA7, 0x35, 0x5C, 0xF7, 0xD3, 0xD4, 0x6B, 0x1D,
    0x2B, 0xDD, 0xEF, 0x77, 0x6B, 0x79, 0xCE, 0x22, 0x23, 0x9B, 0x13, 0xF2, 0x11, 0x45, 0x40, 0xE1,
    0x51, 0x3A, 0x98, 0x16, 0xA6, 0x86, 0x59, 0xAA, 0xF9, 0x73, 0xEA, 0x72, 0x4A, 0xA8, 0xCD, 0xC7,
    0x84, 0x6C, 0x11, 0x52, 0x62, 0xA9, 0x74, 0x64, 0xB9, 0x2C, 0xB0, 0x64, 0xEE, 0x58, 0x36, 0xEF,
    0x61, 0x38, 0x4A, 0x6C, 0x35, 0x1A, 0xAF, 0x3A, 0xE4, 0x54, 0x8B, 0x3A, 0xD1, 0x8B, 0xA8, 0x15,
    0xCD, 0x88, 0xAC, 0xE8, 0xC6, 0xA4, 0xDA, 0x49, 0x50, 0xFD, 0x64, 0x50, 0x0B, 0xDB, 0x73, 0x60,
    0x02, 0xCA, 0x51, 0xA2, 0x4A, 0x27, 0x24, 0x84, 0x88, 0x00, 0x6E, 0x95, 0x45, 0x59, 0xEB, 0xD3,
    0x9C, 0xF8, 0x39, 0x87, 0xAE, 0xF6, 0xD3, 0x29, 0xA2, 0x9A, 0xA5, 0xA8, 0x65, 0xB9, 0xAA, 0x85,
    0x98, 0x66, 0xD9, 0xA2, 0x63, 0xE9, 0xAC, 0x5F, 0xEC, 0x69, 0x40, 0xE5, 0xA8, 0xE1, 0x2D, 0x51,
    0xA9, 0x5E, 0xD5, 0xAB, 0xA6, 0x71, 0xAA, 0x5B, 0x38, 0xCC, 0x81, 0xA9, 0x7E, 0xEA, 0xD5, 0x42,
    0xBC, 0x1E, 0xDF, 0x4B, 0x35, 0x60, 0x7A, 0xA0, 0x71, 0x00, 0x0D, 0x9C, 0xF7, 0x80, 0xC4, 0x4F,
    0xC8, 0x5C, 0x85, 0xBC, 0x33, 0x75, 0xD9, 0x16, 0xAD, 0xB1, 0x79, 0xDF, 0x20, 0x75, 0x38, 0xB4,
    0x30, 0xC0, 0x09, 0xE2, 0x80, 0x74, 0x40, 0xE1, 0x44, 0xB1, 0x69, 0xD1, 0x74, 0x30, 0x0E, 0xB9,
    0x47, 0x1A, 0x10, 0x8D, 0x40, 0x05, 0x94, 0x96, 0x0B, 0xF1, 0x07, 0x10, 0xF1, 0xA2, 0x45, 0xEE,
    0x44, 0x3E, 0x99, 0xC0, 0x99, 0x02, 0xB5, 0xDC, 0x62, 0x42, 0x32, 0x22, 0xF3, 0xE0, 0x44, 0x97,
    0x5A, 0x99, 0x0B, 0x5A, 0xC4, 0x4F, 0x19, 0x7E, 0x19, 0x29, 0x21, 0x66, 0xAF, 0x9C, 0x0C, 0x29,
    0x3F, 0x33, 0x06, 0xCF, 0x8B, 0x8D, 0x8D, 0xC7, 0x68, 0x8C, 0x47, 0xF0, 0x48, 0x94, 0x51, 0x76,
    0xD2, 0x64, 0xC8, 0x0B, 0x88, 0xF5, 0x11, 0xD0, 0xBC, 0xE9, 0x01, 0xD3, 0x95, 0x4F, 0xBA, 0xB2,
    0x6F, 0x5C, 0x4E, 0xB6, 0x72, 0x8D, 0x63, 0xEF, 0x8D, 0x6F, 0x5C, 0xC6, 0x33, 0x6F, 0xFA, 0x92,
    0x3A, 0xE3, 0xCE, 0xD9, 0xE6, 0x2D, 0x7F, 0xCE, 0xB2, 0x1E, 0xC7, 0xA2, 0x56, 0xC8, 0xAA, 0x4D,
    0xD3, 0xA9, 0x87, 0xDC, 0x83, 0xFD, 0xDD, 0xE7, 0x87, 0xEA, 0x9D, 0xAC, 0xC6, 0x62, 0x3A, 0x8D,
    0x2C, 0x77, 0x3F, 0x91, 0x38, 0x93, 0x16, 0xBA, 0x67, 0x18, 0xAE, 0x43, 0x3D, 0x43, 0x90, 0x88,
    0x43, 0x3A, 0x03, 0x14, 0x8A, 0x21, 0x59, 0x20, 0x57, 0xF0, 0xC9, 0xC4, 0x10, 0x33, 0xB8, 0x78,
    0x64, 0x88, 0xD8, 0xC7, 0x02, 0x41, 0x32, 0xCD, 0xD0, 0x33, 0x24, 0x02, 0x91, 0xC5, 0x75, 0x6C,
    0xE9, 0xE0, 0x0E, 0xEE, 0xA3, 0x08, 0x6C, 0x45, 0x1D, 0xA9, 0x4B, 0xF5, 0xA6, 0x46, 0x61, 0x71,
    0x1E, 0x33, 0x45, 0x0D, 0x3D, 0x06, 0x72, 0xFD, 0x5D, 0x6C, 0xA6, 0xD7, 0xC9, 0xA1, 0x19, 0x58,
    0x47, 0x2A, 0x9D, 0x4F, 0x30, 0x5F, 0xD1, 0x5B, 0x84, 0x83, 0xFF, 0x10, 0x44, 0xA2, 0x18, 0x53,
    0xAE, 0x58, 0x8C, 0xAC, 0x4C, 0x65, 0x60, 0x9C, 0x2A, 0xC7, 0x28, 0x16, 0x00, 0x0A, 0x0C, 0xD0,
    0x21, 0x46, 0x6C, 0xF1, 0xA1, 0xE2, 0x75, 0xEC, 0x51, 0x74, 0x5F, 0x30, 0x25, 0x41, 0x8E, 0x93,
    0x31, 0x57, 0xCC, 0x74, 0x25, 0x99, 0x04, 0x35, 0x56, 0xBD, 0x9E, 0xAC, 0x17, 0x95, 0xBB, 0x57,
    0xA0, 0x7A, 0x75, 0xA1, 0x8E, 0x4A, 0xC9, 0x86, 0xBA, 0x8A, 0x44, 0xBB, 0x90, 0xCA, 0xD2, 0x71,
    0x43, 0x2D, 0x70, 0xC0, 0x2A, 0xDF, 0xEA, 0x11, 0xA6, 0xA7, 0x16, 0x2B, 0xC9, 0x9C, 0xEE, 0x61,
    0x7E, 0x4E, 0x77, 0x44, 0x9E, 0x29, 0xB0, 0xFE, 0x7F, 0x02, 0xEF, 0x92, 0x4D, 0xF5, 0xE8, 0xDF,
    0xEC, 0x66, 0xFB, 0x89, 0xFF, 0x29, 0x94, 0xE4, 0xE4, 0xE9, 0xF0, 0xEA, 0xBA, 0x27, 0xCF, 0x3D,
    0x76, 0x22, 0xD4, 0x49, 0xDC, 0x2D, 0x43, 0x2E, 0x8E, 0xCA, 0xE7, 0x89, 0x09, 0x64, 0x32, 0xCD,
    0x83, 0x88, 0x5D, 0x15, 0xB1, 0x42, 0xC4, 0x44, 0xCD, 0x67, 0x2D, 0x8B, 0xB1, 0xA9, 0xA4, 0x63,
    0x69, 0x9E, 0x78, 0xB1, 0xF6, 0x10, 0xA5, 0xD8, 0x62, 0xD1, 0x92, 0xC7, 0xB3, 0x7D, 0x7C, 0x8C,
    0x85, 0x26, 0xC5, 0x35, 0xD3, 0x48, 0xEA, 0x87, 0x89, 0x86, 0x9D, 0xB9, 0x87, 0x65, 0x0B, 0xF1,
    0x34, 0x7E, 0x40, 0x9D, 0xAE, 0xE8, 0x66, 0x85, 0x5E, 0x95, 0x05, 0xDD, 0xA3, 0xA6, 0x47, 0xF2,
    0xFE, 0xB7, 0xD4, 0xEB, 0x20, 0xFC, 0x71, 0xA3, 0xCF, 0xD2, 0xFE, 0x61, 0xA1, 0xEA, 0x09, 0x42,
    0x6C, 0x77, 0x5D, 0x1C, 0xDC, 0x63, 0xA7, 0x97, 0x6B, 0x16, 0x91, 0x7D, 0xB0, 0x8F, 0x57, 0x12,
    0xF7, 0x0A, 0x6C, 0x59, 0x9F, 0xFF, 0x69, 0xE2, 0xAE, 0xC0, 0x17, 0xB5, 0x33, 0x9F, 0xFF, 0x1B,
    0x45, 0x53, 0xFE, 0xA6, 0xAF, 0xFE, 0xFB, 0x5F, 0x29, 0xA6, 0xBF, 0x33, 0xE1, 0x55, 0x29, 0x44,
    0x43, 0xF4, 0x18, 0xE5, 0x34, 0x7F, 0x7D, 0x1E, 0xE8, 0x84, 0x23, 0xAA, 0x9E, 0x7E, 0x49, 0xBF,
    0xA0, 0x2F, 0xAB, 0x60, 0xFE, 0xE1, 0xDF, 0x29, 0xA2, 0x3C, 0x1B, 0xCA, 0xC4, 0x5D, 0xC5, 0x50,
    0xBC, 0xEE, 0x7E, 0x94, 0xB8, 0x1F, 0xE1, 0xA8, 0xA8, 0xCF, 0x23, 0x75, 0xEA, 0x6B, 0x49, 0x9E,
    0x69, 0x71, 0x51, 0x6E, 0xA4, 0xC3, 0x6E, 0xBB, 0x7C, 0x7C, 0x7F, 0x93, 0xF9, 0x6B, 0x6B, 0xE6,
    0x87, 0x35, 0xF3, 0xFD, 0x5A, 0xA0, 0xFA, 0x65, 0x8B, 0x71, 0x24, 0x15, 0x85, 0x8A, 0xFE, 0xAC,
    0x0A, 0xA8, 0x06, 0x54, 0xFE, 0x05, 0x4D, 0x85, 0xC3, 0x8B, 0x25, 0x07, 0x6D, 0x93, 0x65, 0x61,
    0x43, 0xE1, 0x9D, 0xE3, 0x7B, 0x0D, 0x85, 0xB7, 0x29, 0x80, 0xDD, 0x98, 0x17, 0xB7, 0x86, 0xA4,
    0xE9, 0xF8, 0xC5, 0x2D, 0x52, 0xE1, 0x6A, 0xF7, 0xEA, 0x1E, 0x35, 0x54, 0x73, 0xD5, 0x26, 0x8B,
    0x82, 0x78, 0xDD, 0x10, 0x39, 0xFD, 0x48, 0x03, 0x0D, 0x45, 0x40, 0xE3, 0x13, 0xAA, 0xA9, 0xE7,
    0x69, 0xE3, 0x62, 0x6A, 0xA9, 0x4B, 0xA9, 0x36, 0x72, 0xE7, 0x68, 0xDA, 0x84, 0xDA, 0x83, 0x3E,
    0xA2, 0xFE, 0x92, 0x8C, 0x80, 0x98, 0x7A, 0x60, 0x19, 0x75, 0x00, 0xCB, 0x2D, 0xD3, 0x8C, 0xEC,
    0x32, 0xCD, 0x09, 0x0B, 0x98, 0xC0, 0x50, 0x0D, 0x0C, 0xE4, 0x54, 0x41, 0xC4, 0x6A, 0x86, 0x11,
    0x40, 0x31, 0xE8, 0x39, 0x17, 0xD9, 0x8E, 0x21, 0xD5, 0x51, 0x2B, 0xA3, 0x7E, 0x33, 0x8A, 0x8E,
    0xA0, 0x5F, 0xF8, 0xA7, 0xD3, 0xC1, 0x1D, 0x86, 0xC3, 0x5A, 0x4C, 0x89, 0x1F, 0xE3, 0x36, 0x1E,
    0x1B, 0xBF, 0x8E, 0x86, 0x35, 0x0A, 0x7D, 0x6D, 0x05, 0x4A, 0x31, 0x0F, 0x2B, 0xE6, 0xF7, 0xD2,
    0xD3, 0x0C, 0x92, 0x1B, 0x66, 0x92, 0x18, 0x66, 0x9A, 0x95, 0xCA, 0x6B, 0x4A, 0x2A, 0xAF, 0xF9,
    0x30, 0x4E, 0x93, 0x21, 0xBE, 0xE2, 0x0D, 0xEB, 0x84, 0xE9, 0x8D, 0x4E, 0x13, 0x20, 0xF6, 0x73,
    0x52, 0x37, 0xD5, 0x80, 0xA2, 0x13, 0x09, 0x61, 0xD9, 0xA8, 0xBB, 0xCA, 0x9C, 0xB2, 0x74, 0x61,
    0xBD, 0xB2, 0xE5, 0x87, 0xCD, 0xFE, 0xFE, 0x74, 0x7B, 0x45, 0xD0, 0xBD, 0x99, 0x20, 0xF6, 0x94,
    0x35, 0x33, 0xAB, 0xBC, 0x6C, 0x48, 0x1D, 0xD9, 0x9D, 0xCD, 0x98, 0x11, 0x37, 0xA9, 0x67, 0x96,
    0x10, 0x4D, 0xFA, 0x2B, 0xE2, 0xE7, 0xD4, 0x96, 0xA1, 0x98, 0xD0, 0x38, 0x66, 0x81, 0xF5, 0xCA,
    0x90, 0x07, 0x98, 0xA1, 0x18, 0xA2, 0x4F, 0x59, 0x40, 0x0B, 0x51, 0x0D, 0xF9, 0xCC, 0x34, 0x47,
    0xE4, 0x85, 0x45, 0xE4, 0xF2, 0x79, 0x6B, 0xC2, 0x72, 0xD2, 0xD8, 0x1B, 0x2F, 0x2C, 0xA2, 0x1A,
    0x29, 0xB3, 0x30, 0x97, 0x8B, 0x59, 0x32, 0xB3, 0xC8, 0x02, 0xD7, 0x4F, 0xAB, 0xD4, 0x7D, 0x2D,
    0x53, 0x4A, 0x52, 0x0F, 0x3D, 0x2C, 0x66, 0x54, 0x56, 0xCE, 0x33, 0xF6, 0x97, 0x4C, 0x5A, 0x97,
    0xF5, 0xFB, 0xED, 0xDA, 0x11, 0x7E, 0xE5, 0x53, 0x43, 0x44, 0x43, 0x25, 0x60, 0x56, 0x28, 0x18,
    0x7C, 0x4A, 0xF4, 0xCC, 0xE1, 0xE2, 0x75, 0xFD, 0x50, 0x4E, 0xB7, 0x6F, 0xB4, 0x40, 0xA1, 0xAF,
    0xB5, 0x65, 0x30, 0xD8, 0xC0, 0x6D, 0x81, 0x47, 0x02, 0x61, 0x03, 0x91, 0x7E, 0x22, 0x78, 0x06,
    0x35, 0xB2, 0x63, 0xA9, 0x53, 0x4B, 0x1B, 0xB8, 0x64, 0xF9, 0x76, 0x7D, 0xFC, 0xB1, 0x45, 0x23,
    0xDE, 0xF1, 0x9B, 0x8C, 0x84, 0x88, 0x13, 0x4B, 0x16, 0x82, 0xB5, 0x62, 0xFB, 0x7C, 0x5C, 0x65,
    0x20, 0x38, 0x29, 0x0E, 0x82, 0xFF, 0x65, 0x05, 0x6B, 0xBC, 0x14, 0x8C, 0x83, 0xBC, 0x58, 0x15,
    0xFB, 0x02, 0x1A, 0xC5, 0x85, 0xE4, 0x8F, 0x3F, 0xC4, 0xC4, 0x54, 0x73, 0x34, 0x0F, 0xBE, 0x45,
    0x49, 0x21, 0x6B, 0x61, 0x14, 0xAB, 0xE7, 0xA0, 0xD9, 0xC1, 0x82, 0xB1, 0x47, 0xAA, 0x16, 0xD0,
    0x08, 0xAA, 0x49, 0x48, 0x9D, 0x7A, 0xBC, 0x3A, 0x3D, 0xA0, 0x00, 0x84, 0x8C, 0x68, 0x17, 0xAD,
    0x62, 0xBD, 0x8F, 0xCB, 0x3A, 0x22, 0xC6, 0x09, 0x5A, 0x69, 0xC5, 0x3B, 0xFA, 0x5D, 0x05, 0xA4,
    0x9B, 0xFA, 0xFC, 0x24, 0x71, 0xBF, 0x0A, 0xF3, 0x61, 0xCF, 0x42, 0x5F, 0xFD, 0x33, 0xF1, 0x19,
    0x67, 0x71, 0xDC, 0x9C, 0x2C, 0xA2, 0x86, 0x85, 0x2B, 0x7A, 0x42, 0xFA, 0x40, 0x44, 0x4E, 0x66,
    0x61, 0xA4, 0x6E, 0x63, 0xE0, 0x9C, 0xDE, 0x6A, 0x4B, 0x67, 0x86, 0x2A, 0x54, 0x83, 0xF1, 0x07,
    0xF6, 0xFB, 0x67, 0xB4, 0xF0, 0x26, 0x98, 0x50, 0x79, 0xD3, 0x19, 0x94, 0xC8, 0xDB, 0x64, 0xC0,
    0x23, 0xFC, 0xD2, 0x2A, 0x50, 0xD1, 0x63, 0xC6, 0x4C, 0xF7, 0x8C, 0xE6, 0xDB, 0x1B, 0xCD, 0x7C,
    0x62, 0xE3, 0x09, 0x99, 0x93, 0xC7, 0x75, 0xA1, 0x07, 0xA6, 0x33, 0x16, 0xEA, 0xF9, 0xE5, 0x91,
    0x81, 0x7A, 0x28, 0x67, 0x7F, 0xB9, 0x93, 0xA5, 0x36, 0x19, 0x81, 0x98, 0x00, 0x7A, 0x1C, 0xDD,
    0x1C, 0x00, 0x79, 0x47, 0x3A, 0x48, 0x6E, 0xF4, 0x37, 0x42, 0x74, 0x1D, 0x38, 0xE3, 0x84, 0x9E,
    0xBD, 0xBD, 0xAC, 0x4F, 0x5B, 0x33, 0xE4, 0xAD, 0x09, 0x79, 0x6D, 0x42, 0x69, 0xCD, 0x60, 0x90,
    0xF7, 0xD7, 0x96, 0xF7, 0x36, 0x70, 0x1F, 0xF4, 0x7D, 0x55, 0x6F, 0x49, 0xBF, 0xFC, 0xB1, 0xD7,
    0xCE, 0xBD, 0xB0, 0x9A, 0x18, 0xED, 0xB7, 0x54, 0x5C, 0x7B, 0xE4, 0x2F, 0xD5, 0x89, 0xAB, 0x5C,
    0xE2, 0x1A, 0x9F, 0xF6, 0xE4, 0xB3, 0xB6, 0x71, 0xEC, 0x81, 0x95, 0x23, 0x44, 0x13, 0x3F, 0xCE,
    0xA8, 0x8B, 0x7C, 0x41, 0x3E, 0xF6, 0x26, 0x9E, 0x12, 0x77, 0x0D, 0xCD, 0x93, 0xFE, 0x2A, 0x0A,
    0x6A, 0x6F, 0x21, 0xA6, 0xFD, 0x53, 0x72, 0x53, 0xCF, 0x25, 0x32, 0xD2, 0xBD, 0xA1, 0x7A, 0x7A,
    0xE3, 0x6D, 0xEA, 0x10, 0xCB, 0x38, 0x1B, 0x30, 0x5F, 0xDC, 0x4E, 0x50, 0x30, 0x4A, 0x40, 0xBF,
    0xAE, 0x3C, 0xAE, 0xE7, 0x0F, 0x9A, 0xD7, 0x25, 0xF8, 0xCF, 0x86, 0x9F, 0x21, 0x73, 0xBE, 0x41,
    0x3A, 0x7C, 0xCD, 0x5A, 0xE3, 0x37, 0x1E, 0x28, 0xA9, 0xC5, 0xED, 0xBF, 0xA0, 0x77, 0x7B, 0x7D,
    0x7D, 0x14, 0xCE, 0x17, 0x54, 0x1F, 0xA1, 0x79, 0xD6, 0x23, 0x0E, 0xDF, 0x04, 0xE4, 0xDE, 0x13,
    0x92, 0xBF, 0x1F, 0xAE, 0x02, 0x7F, 0x32, 0x5C, 0x00, 0x2F, 0x62, 0xA5, 0xC8, 0x32, 0x94, 0xEB,
    0x37, 0xDE, 0x16, 0x74, 0xED, 0xA0, 0x9E, 0x63, 0xE9, 0x64, 0x55, 0x16, 0xAA, 0x41, 0x40, 0x85,
    0x64, 0x54, 0xF4, 0xFB, 0x5F, 0xA8, 0xE5, 0xF0, 0x7D, 0x53, 0x85, 0x68, 0x46, 0x9B, 0x7B, 0x72,
    0x39, 0x2E, 0x37, 0x65, 0x13, 0x96, 0x5B, 0xA9, 0xF1, 0xCB, 0x6D, 0xB9, 0x72, 0xCB, 0x7D, 0xB9,
    0xEA, 0x96, 0x1B, 0x73, 0xD3, 0x2E, 0x77, 0x66, 0xDA, 0xDC, 0x9A, 0xA7, 0xCD, 0xBD, 0x39, 0x60,
    0x97, 0xAC, 0x62, 0x3E, 0x28, 0x2B, 0xC3, 0xCC, 0xC6, 0x5D, 0x56, 0x84, 0x39, 0xCA, 0xBB, 0x58,
    0x49, 0xC2, 0x4F, 0x06, 0xDD, 0x4A, 0x4E, 0xB2, 0x2D, 0x65, 0xF3, 0xCC, 0x78, 0x65, 0xB2, 0xF5,
    0xF5, 0x36, 0xBC, 0x55, 0x2F, 0x4E, 0xF3, 0x50, 0x86, 0x35, 0x88, 0xBD, 0xDF, 0x08, 0xA5, 0x03,
    0xD2, 0xF1, 0xF9, 0x8E, 0xB2, 0x49, 0xFE, 0xC6, 0x45, 0x74, 0x0F, 0x2B, 0x65, 0xFE, 0xF9, 0x8E,
    0x74, 0x51, 0x45, 0x56, 0x5A, 0xD4, 0x17, 0x63, 0xD5, 0xAE, 0xA3, 0xC5, 0xED, 0x26, 0x88, 0x68,
    0x13, 0x5B, 0xD1, 0x6F, 0x3E, 0xCE, 0xB2, 0x0E, 0xCF, 0x27, 0x35, 0x6E, 0x7C, 0xC5, 0xB2, 0x66,
    0x28, 0x5D, 0xB4, 0x1B, 0xE2, 0x0B, 0xB3, 0x9D, 0xF6, 0xF8, 0x61, 0xD2, 0x9F, 0x2D, 0x47, 0x30,
    0x73, 0x6C, 0xD5, 0xA9, 0x09, 0x72, 0xFA, 0x93, 0xEF, 0x60, 0x96, 0x3C, 0x8D, 0xFE, 0xD7, 0xE5,
    0x99, 0xA9, 0xB2, 0xB7, 0x30, 0x82, 0x5F, 0xD9, 0x98, 0x04, 0x13, 0x5A, 0xC6, 0xBA, 0xBE, 0x7C,
    0x1E, 0xEC, 0xE2, 0x8D, 0x1B, 0x27, 0xFC, 0x75, 0x45, 0x42, 0x33, 0xF2, 0xCA, 0x6D, 0x5E, 0xD9,
    0x97, 0x54, 0xCB, 0xD1, 0x74, 0x8A, 0x65, 0xC3, 0x4F, 0x1F, 0x9D, 0x56, 0x02, 0xCD, 0x88, 0x71,
    0xD5, 0xBC, 0xEA, 0x0E, 0xEC, 0xE9, 0x25, 0x50, 0x4D, 0x6F, 0x06, 0x99, 0x49, 0x06, 0xB3, 0x6E,
    0x9E, 0x19, 0x2F, 0xE7, 0xE0, 0x80, 0x2D, 0xCC, 0xB3, 0x42, 0x3F, 0xA8, 0x4A, 0x67, 0xBC, 0xCE,
    0x5C, 0xA4, 0xFF, 0x42, 0x3F, 0xAD, 0xE1, 0xB0, 0xB6, 0x8B, 0x5F, 0xDB, 0x33, 0xFD, 0xFF, 0xBC,
    0x7B, 0x0F, 0xDB, 0xF6, 0xFE, 0xD9, 0xFD, 0xC5, 0x6D, 0xA8, 0x2D, 0xA9, 0xCE, 0x49, 0xCE, 0x77,
    0x12, 0xF4, 0xA5, 0x74, 0x67, 0xD7, 0x20, 0x18, 0x79, 0xB1, 0x9C, 0x8E, 0xFA, 0xB6, 0x50, 0xCD,
    0x1E, 0xCF, 0xC6, 0xF8, 0x91, 0x44, 0x9B, 0x7D, 0x82, 0x2B, 0x69, 0xFD, 0xB3, 0xA4, 0xCD, 0x7F,
    0x9F, 0xBD, 0x9C, 0x59, 0xE4, 0x55, 0x8F, 0xCB, 0x0E, 0x2F, 0xA9, 0xA0, 0xFF, 0x03, 0xED, 0x94,
    0x01, 0x84, 0x1D, 0x47, 0x18, 0x80, 0xBF, 0xDD, 0x77, 0xBD, 0x47, 0x46, 0xED, 0xC1, 0x83, 0xC2,
    0x42, 0xA1, 0xD5, 0x74, 0x00, 0x94, 0xDC, 0xED, 0xA4, 0x00, 0xE0, 0x90, 0xA7, 0x28, 0x0A, 0xA0,
    0x4F, 0x39, 0x28, 0x8A, 0x30, 0xAB, 0x00, 0x20, 0x00, 0x80, 0x20, 0xC8, 0x2D, 0xD2, 0x22, 0x45,
    0x43, 0xDE, 0x6C, 0x00, 0x14, 0x1E, 0x00, 0x60, 0x5B, 0x51, 0x38, 0x64, 0xAA, 0x5B, 0x59, 0x6E,
    0x77, 0xFF, 0xFE, 0xFB, 0x9E, 0x6B, 0x2E, 0x72, 0x27, 0x45, 0x51, 0x64, 0xE7, 0xFF, 0xC6, 0xCC,
    0xFF, 0xFF, 0xF3, 0x9B, 0x7F, 0x76, 0xFE, 0xE1, 0xE4, 0x39, 0x33, 0x11, 0x4C, 0xEB, 0xCB, 0x3C,
    0xDA, 0xDA, 0x36, 0x79, 0x53, 0x6C, 0xF2, 0x78, 0x1D, 0xB6, 0xB1, 0x9B, 0x2C, 0x16, 0xB5, 0xE9,
    0x42, 0x99, 0xCA, 0x08, 0x1F, 0xDF, 0x07, 0x98, 0x47, 0xB2, 0x16, 0x13, 0xD9, 0x7D, 0x21, 0x62,
    0x23, 0xE6, 0x1A, 0xC9, 0x3A, 0x82, 0x00, 0xC0, 0x29, 0xCC, 0x06, 0x30, 0x4A, 0xAE, 0x1C, 0x2A,
    0x3F, 0x0D, 0x24, 0xBF, 0x0E, 0xCC, 0x9E, 0x0D, 0x64, 0xB7, 0x07, 0x3E, 0x4D, 0x06, 0xBC, 0x48,
    0x3B, 0x81, 0x8E, 0xB7, 0xA4, 0x02, 0x85, 0x44, 0x16, 0xCB, 0xE3, 0x1B, 0xD5, 0x43, 0x72, 0x19,
    0xB6, 0xD8, 0xEA, 0x29, 0x37, 0x79, 0x9F, 0x5B, 0xC0, 0xAD, 0xC5, 0xE4, 0xD2, 0x52, 0xFC, 0x30,
    0xEE, 0xFC, 0x11, 0xB7, 0xA7, 0xDC, 0x55, 0x86, 0x44, 0x08, 0x5F, 0x0C, 0x5B, 0xFB, 0x7E, 0xE5,
    0xC0, 0xB6, 0xA4, 0xE3, 0x88, 0x69, 0x3C, 0x59, 0x7D, 0x84, 0x75, 0x07, 0x14, 0x0E, 0x8A, 0xF7,
    0x1C, 0x5E, 0x3A, 0x7C, 0x39, 0xE2, 0xA7, 0xA6, 0xDA, 0x89, 0xA9, 0xD9, 0x5A, 0x7D, 0x37, 0x23,
    0x33, 0xB5, 0xB3, 0x2A, 0x59, 0x55, 0x15, 0x41, 0xC4, 0x4D, 0xAC, 0xAB, 0xC0, 0x63, 0x8E, 0xF8,
    0x91, 0xBB, 0x40, 0x0F, 0x49, 0x0B, 0xB3, 0x08, 0x66, 0x03, 0x59, 0x0D, 0xB6, 0x84, 0x02, 0x18,
    0x77, 0xE9, 0xCC, 0x26, 0x97, 0x63, 0xE0, 0xA4, 0xD3, 0x78, 0x52, 0x66, 0xD1, 0x6E, 0xF2, 0x46,
    0x5B, 0x54, 0x5A, 0x5B, 0x67, 0x63, 0x70, 0xA9, 0x74, 0x10, 0x84, 0xF9, 0xB9, 0xA8, 0xCD, 0xC7,
    0xA2, 0xCE, 0xFE, 0x21, 0x57, 0xFF, 0xB9, 0x88, 0x63, 0xF5, 0x80, 0x24, 0x94, 0x18, 0x69, 0xB1,
    0xF5, 0x40, 0xE1, 0xC2, 0xAB, 0x7D, 0x4F, 0xBB, 0x2E, 0xBD, 0xB3, 0xBF, 0x8B, 0x33, 0xE2, 0x1D,
    0x07, 0x05, 0xE0, 0x95, 0x35, 0x9F, 0xD0, 0x73, 0x98, 0xB6, 0xE4, 0x2F, 0x36, 0xEC, 0x9F, 0x02,
    0x7B, 0xCA, 0xD1, 0x9B, 0x88, 0x48, 0x3D, 0xB1, 0xF4, 0x4B, 0xF7, 0x86, 0xFD, 0xA3, 0x4B, 0xF6,
    0xE5, 0xD2, 0x5D, 0x8C, 0xAB, 0xAA, 0x2A, 0xB9, 0xF4, 0x5D, 0xE8, 0x2F, 0xE6, 0xC6, 0xE1, 0x49,
    0x7B, 0x4C, 0x24, 0xDF, 0x50, 0xD4, 0x14, 0x25, 0x5E, 0xC5, 0x11, 0x2E, 0x89, 0x57, 0x29, 0x27,
    0xAB, 0x4A, 0xDE, 0x60, 0x76, 0x57, 0xC1, 0x3A, 0x52, 0x07, 0x7C, 0x06, 0xB6, 0x9E, 0x94, 0xE9,
    0x00, 0x02, 0xE1, 0xC2, 0xFB, 0x0A, 0xD9, 0x86, 0x16, 0x18, 0x98, 0x75, 0x64, 0x0D, 0x85, 0xE3,
    0x43, 0x00, 0xF0, 0xBF, 0x89, 0xCB, 0xF5, 0x74, 0x4D, 0x9F, 0x37, 0xA6, 0xCD, 0xA2, 0x89, 0x57,
    0x93, 0xA9, 0x2D, 0x48, 0x36, 0x02, 0xFC, 0x27, 0xE5, 0xF3, 0x81, 0x23, 0x94, 0x73, 0x29, 0x0B,
    0x5F, 0x1E, 0x16, 0x25, 0xD7, 0x0B, 0x61, 0x63, 0x45, 0x16, 0xCB, 0xE5, 0xBE, 0xDC, 0xC3, 0x4A,
    0x4F, 0xF1, 0xFD, 0x80, 0xBF, 0x3D, 0x62, 0x11, 0x92, 0x64, 0x84, 0xB4, 0x87, 0x59, 0xBB, 0xBB,
    0x68, 0xD6, 0xC1, 0x53, 0x9D, 0xC6, 0xD4, 0x65, 0xE5, 0xCC, 0xF9, 0xE5, 0x57, 0xEE, 0xE2, 0x82,
    0xEA, 0x0F, 0x22, 0xD5, 0x18, 0xB9, 0x74, 0xBB, 0x18, 0x89, 0x60, 0x2F, 0xDD, 0xC6, 0x24, 0x6C,
    0x48, 0xE4, 0x39, 0xA4, 0x23, 0x20, 0x4A, 0x70, 0xDF, 0x2A, 0x1D, 0xC2, 0x7A, 0x7E, 0x51, 0x38,
    0xFF, 0x97, 0x02, 0x7E, 0x57, 0xC0, 0xEF, 0x0A, 0x38, 0x59, 0x97, 0xE4, 0x67, 0x2D, 0xC5, 0xE7,
    0x3D, 0x79, 0xD2, 0x33, 0x85, 0x4F, 0xBE, 0x1C, 0xB0, 0xE7, 0x53, 0x85, 0x0C, 0x48, 0xA2, 0x68,
    0xF4, 0x30, 0xDD, 0xDE, 0x41, 0x4A, 0xD3, 0xAC, 0xCA, 0xE4, 0x91, 0xCB, 0xA4, 0x2D, 0x9E, 0xF5,
    0xDE, 0x8D, 0x01, 0x91, 0x4A, 0xA6, 0x0F, 0x02, 0x78, 0xB7, 0x57, 0x6C, 0x6E, 0x66, 0xD2, 0x27,
    0xE1, 0x5E, 0xF2, 0xA8, 0x24, 0x3B, 0xEF, 0x28, 0xCA, 0x51, 0xF5, 0xDE, 0x05, 0x1D, 0xC9, 0x8E,
    0x5A, 0x29, 0x83, 0x32, 0xE9, 0x55, 0xA3, 0x7E, 0x3D, 0xBA, 0x84, 0xC5, 0x72, 0x71, 0xA7, 0x90,
    0xBC, 0x9B, 0xF7, 0xF3, 0x3A, 0x19, 0x33, 0x08, 0xDF, 0x80, 0x8D, 0x90, 0x29, 0xB6, 0x87, 0xC7,
    0x42, 0xB2, 0x29, 0xCA, 0x79, 0x6D, 0x1B, 0xFF, 0x3C, 0x0C, 0xAB, 0x07, 0xD5, 0xE9, 0xFE, 0x13,
    0x67, 0xA5, 0xF9, 0x6E, 0xDE, 0x1F, 0x24, 0x03, 0x8C, 0x20, 0x55, 0x25, 0xA2, 0xC2, 0x18, 0x18,
    0x34, 0xB1, 0xFC, 0x45, 0x4C, 0xD7, 0x6E, 0x75, 0x1F, 0x7C, 0x04, 0xF3, 0x1A, 0x4F, 0x30, 0x2F,
    0xA5, 0x36, 0x83, 0x6D, 0x4C, 0x97, 0xC5, 0x6B, 0x9F, 0x2F, 0xD5, 0x9F, 0x8C, 0xD9, 0xB0, 0xAA,
    0xF6, 0x4F, 0xAF, 0x8E, 0xB3, 0xBC, 0x63, 0xA2, 0x6F, 0x4D, 0xCC, 0x9D, 0x89, 0x87, 0x3A, 0x6F,
    0x31, 0x7F, 0x46, 0x8C, 0xF4, 0x98, 0x71, 0xD4, 0xB9, 0xA8, 0xBE, 0xA8, 0x4D, 0x6B, 0x35, 0x8E,
    0xD1, 0x38, 0x7C, 0xAD, 0x71, 0xBC, 0x7A, 0xFC, 0x4B, 0x69, 0x39, 0x19, 0xD1, 0x65, 0x8B, 0xE3,
    0x75, 0xF2, 0x33, 0xFE, 0xA5, 0xFC, 0xB2, 0xDD, 0x75, 0x5F, 0x6C, 0x74, 0xDF, 0x6D, 0xB6, 0x7D,
    0x78, 0xB5, 0x8F, 0x6F, 0xED, 0xB7, 0x79, 0x64, 0xDD, 0x94, 0xC9, 0x8D, 0x87, 0x8B, 0xE3, 0x27,
    0xF8, 0xB7, 0xE7, 0xAF, 0xBC, 0xCA, 0x7F, 0xE1, 0x4E, 0xF1, 0x67, 0x52, 0x67, 0xDB, 0xE7, 0xDE,
    0xA8, 0x6D, 0xAE, 0xFD, 0xAC, 0x7B, 0x85, 0xCE, 0x27, 0x7D, 0xAF, 0xEB, 0xCE, 0x35, 0xF6, 0x1F,
    0xE3, 0x6B, 0x67, 0x75, 0x32, 0x40, 0x10, 0x47, 0x52, 0xB9, 0xEC, 0x2C, 0xDA, 0xA4, 0x2D, 0xD0,
    0xA7, 0x1F, 0x3B, 0x3A, 0x23, 0x0D, 0xA1, 0xDB, 0x9B, 0xF7, 0xB7, 0xE8, 0x8F, 0xE8, 0x8A, 0xB3,
    0xB8, 0x3F, 0x3A, 0x0E, 0x20, 0x92, 0x46, 0xCC, 0x5F, 0x2E, 0x48, 0x7D, 0xFD, 0x01, 0x31, 0x93,
    0x0D, 0xEB, 0xF2, 0x6F, 0xAD, 0x98, 0x01, 0xA4, 0x27, 0x47, 0x9E, 0xC7, 0xBF, 0xDD, 0xBD, 0x99,
    0xDE, 0x4B, 0xA3, 0x83, 0x19, 0xD6, 0xE6, 0xBC, 0x5E, 0x04, 0xEC, 0xDD, 0xA4, 0x01, 0x0E, 0x33,
    0xA9, 0xCE, 0x1D, 0x82, 0xC3, 0x3D, 0xCC, 0x9B, 0xE0, 0x30, 0x70, 0x70, 0x39, 0x0C, 0x40, 0x8E,
    0x39, 0xDD, 0x11, 0xC0, 0xE1, 0xDE, 0x61, 0xC1, 0x41, 0x90, 0x23, 0xF3, 0x82, 0x77, 0x78, 0x18,
    0xCC, 0xA4, 0x3A, 0x19, 0xE7, 0x70, 0x98, 0xCE, 0x9E, 0xCC, 0x61, 0x71, 0x9D, 0x4D, 0x62, 0x25,
    0x8B, 0xAD, 0xEC, 0x56, 0x36, 0xFD, 0xDE, 0x54, 0xD7, 0xF7, 0xEA, 0x57, 0xF5, 0xFF, 0xBF, 0xF7,
    0x5E, 0x92, 0xCD, 0xD9, 0xDC, 0x96, 0xBF, 0xCF, 0xE7, 0x3B, 0x5D, 0x55, 0xFF, 0xAA, 0x7A, 0x5D,
    0xFF, 0x52, 0x06, 0x9B, 0xF2, 0x2C, 0x17, 0x11, 0xC9, 0x0E, 0x28, 0xF9, 0x22, 0x47, 0xA0, 0x76,
    0xD0, 0x41, 0xAD, 0x45, 0xDF, 0x01, 0xCA, 0xE0, 0x32, 0x80, 0x7E, 0x86, 0x14, 0xBD, 0xD5, 0xD3,
    0x07, 0x07, 0x07, 0xFB, 0x7A, 0x6E, 0x48, 0x4E, 0x7A, 0xCE, 0xF8, 0xC9, 0xAD, 0x29, 0x34, 0xD1,
    0x53, 0x39, 0x2B, 0x13, 0x54, 0xCC, 0xAD, 0x0D, 0xCA, 0xF7, 0x6B, 0x17, 0x04, 0x94, 0xEC, 0x44,
    0xA0, 0xE7, 0xC9, 0x5D, 0x19, 0x96, 0xF4, 0x00, 0x9E, 0xE2, 0x27, 0x37, 0x82, 0xA4, 0xC9, 0x37,
    0xCA, 0x46, 0x65, 0x22, 0x4E, 0x45, 0x90, 0x8C, 0x77, 0x26, 0x3C, 0xF7, 0x83, 0x00, 0xDC, 0xBB,
    0x26, 0x3C, 0x7A, 0x55, 0xF8, 0xC5, 0x91, 0x74, 0xE1, 0x0A, 0x54, 0x32, 0x35, 0xF4, 0xFC, 0x39,
    0x4D, 0xC6, 0x8F, 0xDE, 0xE7, 0x52, 0xF0, 0xF5, 0xF7, 0x7E, 0xB5, 0xD4, 0x2C, 0x1E, 0x3E, 0xB2,
    0x0D, 0xCB, 0xD7, 0x1F, 0xCD, 0xED, 0x5A, 0xBD, 0xF4, 0xEF, 0x50, 0x6B, 0x5D, 0x0D, 0x50, 0xAE,
    0xAE, 0xBA, 0xC0, 0x9D, 0x1A, 0x81, 0xCF, 0x47, 0x5E, 0xDF, 0x11, 0x5E, 0xBB, 0x1A, 0xB8, 0x5E,
    0xBB, 0x0E, 0xB4, 0xFE, 0xD5, 0x6B, 0x32, 0xF8, 0x51, 0x60, 0x4D, 0xF3, 0x2A, 0x7E, 0x54, 0xD2,
    0x1C, 0xE1, 0x28, 0xA7, 0x35, 0xA5, 0x85, 0xE6, 0x89, 0x36, 0x71, 0x6E, 0x23, 0x0A, 0xCA, 0x1C,
    0x8A, 0xFF, 0xF8, 0xB4, 0x03, 0xCA, 0xD7, 0x47, 0x00, 0x55, 0x64, 0xFD, 0xD2, 0x80, 0xAF, 0x94,
    0x96, 0xC7, 0x40, 0x11, 0x7B, 0x35, 0xFE, 0x26, 0x0D, 0xB4, 0x41, 0x6F, 0x33, 0x8E, 0x68, 0x97,
    0x82, 0x1D, 0x1A, 0x5B, 0x11, 0xA8, 0xA7, 0x3A, 0xF0, 0xA9, 0xD0, 0x24, 0xF6, 0x59, 0x85, 0x2A,
    0xF0, 0xE9, 0x4E, 0x39, 0xE5, 0xB4, 0x51, 0xAE, 0x59, 0x69, 0x95, 0x2B, 0xF8, 0x2F, 0x8B, 0xB0,
    0x30, 0x81, 0x3E, 0x1F, 0xD4, 0x5A, 0xAC, 0x40, 0x1B, 0xD9, 0x78, 0x61, 0xCD, 0xC4, 0xBF, 0x08,
    0x2C, 0xF9, 0x70, 0xC5, 0x73, 0x39, 0x3F, 0x5A, 0x71, 0x0F, 0xE4, 0x5A, 0x5A, 0x28, 0x52, 0x1B,
    0x54, 0x71, 0x3E, 0xD0, 0x32, 0x37, 0x64, 0x7B, 0x92, 0x48, 0x47, 0x41, 0xC9, 0xCF, 0xDE, 0x76,
    0x19, 0xC7, 0x4C, 0x80, 0x88, 0xFB, 0x82, 0x3B, 0x02, 0x7C, 0x33, 0x4E, 0x0E, 0xBA, 0x8C, 0xE4,
    0x90, 0xF1, 0x33, 0x49, 0x17, 0x6A, 0xDF, 0xE6, 0xC9, 0x1B, 0xD0, 0xA4, 0xC5, 0x4D, 0x7E, 0xB2,
    0x7B, 0xA1, 0xDB, 0x04, 0x14, 0x34, 0x00, 0x19, 0x62, 0x44, 0x2A, 0x95, 0x4C, 0xAB, 0x27, 0xC7,
    0x8C, 0xEF, 0x73, 0x2E, 0x88, 0xDE, 0x94, 0x1E, 0xCA, 0x54, 0x2B, 0xD4, 0x1C, 0xD0, 0x0E, 0x01,
    0x40, 0x44, 0xA8, 0x00, 0x0A, 0x06, 0xDC, 0xE4, 0x4F, 0x6E, 0x80, 0xA4, 0x4B, 0x48, 0xFB, 0x4C,
    0xCD, 0xC0, 0x81, 0x3E, 0x79, 0x2B, 0x3E, 0x4B, 0x09, 0x6A, 0x04, 0xE2, 0xE6, 0xC7, 0x0A, 0x7C,
    0xBF, 0xE0, 0x31, 0xFE, 0xB4, 0x21, 0x4F, 0x5C, 0x2F, 0x6D, 0xFA, 0x27, 0xE4, 0xF2, 0xF7, 0x78,
    0x96, 0x73, 0x07, 0x5C, 0x41, 0x2C, 0xE5, 0x88, 0x4D, 0xA9, 0xCF, 0x52, 0xB7, 0x4D, 0xED, 0xC6,
    0x3F, 0xDC, 0x7F, 0xE1, 0x87, 0x1D, 0xA0, 0xF8, 0x1E, 0xD7, 0x9E, 0x4E, 0xD2, 0x7F, 0x52, 0x0A,
    0x90, 0x93, 0x87, 0xF2, 0x19, 0x90, 0xC9, 0x46, 0x5D, 0x4A, 0x8E, 0x21, 0x99, 0x9C, 0xA6, 0x48,
    0x29, 0xE3, 0x9C, 0x73, 0x42, 0x90, 0x7C, 0x62, 0x9A, 0xE4, 0xF3, 0x5D, 0x53, 0x7E, 0x9A, 0x8A,
    0xD3, 0x54, 0x6E, 0xD3, 0x5C, 0xA5, 0x31, 0x0A, 0xDA, 0x5A, 0x86, 0x36, 0x50, 0xE4, 0x2D, 0x32,
    0x23, 0xD1, 0x93, 0x7D, 0x4A, 0x00, 0xAE, 0x63, 0x5B, 0xEE, 0x9F, 0xA6, 0x65, 0x1B, 0x32, 0x7B,
    0x9A, 0xDE, 0x48, 0x6E, 0x39, 0x23, 0x27, 0x07, 0x45, 0x8B, 0x22, 0xBE, 0x3D, 0x07, 0x34, 0x16,
    0xD0, 0x1E, 0x28, 0x67, 0xA0, 0x67, 0x87, 0x72, 0x12, 0x8F, 0x1B, 0x9B, 0xE8, 0x7F, 0xA0, 0x4D,
    0x56, 0x2E, 0xB9, 0xA1, 0x58, 0x33, 0x96, 0x69, 0x6B, 0x3C, 0xC8, 0x68, 0xAB, 0x39, 0xD4, 0x43,
    0x2F, 0xA1, 0xFE, 0x15, 0x1E, 0x68, 0x7F, 0x78, 0x32, 0x6C, 0xEB, 0x5F, 0xF1, 0x07, 0x6F, 0xF3,
    0x97, 0x27, 0x43, 0xA8, 0xCF, 0xF9, 0x8B, 0x09, 0xC1, 0xE0, 0x93, 0xE4, 0x9E, 0xC9, 0xED, 0xC6,
    0xF5, 0xC6, 0x85, 0xF8, 0x01, 0x90, 0x89, 0x09, 0x20, 0x58, 0xC5, 0x97, 0xB7, 0x71, 0x13, 0x77,
    0xE6, 0x5D, 0x00, 0x62, 0x4E, 0xF1, 0x54, 0x7D, 0xCC, 0x25, 0x38, 0xE7, 0x58, 0x7B, 0xC4, 0xDD,
    0x5C, 0x32, 0xB9, 0xE0, 0xB0, 0xF1, 0x18, 0x9D, 0x9F, 0xF9, 0xF2, 0xC6, 0xF7, 0x37, 0xED, 0x5C,
    0xF2, 0x9F, 0x47, 0x57, 0xAC, 0xA2, 0x1B, 0xD7, 0xD3, 0x65, 0x7C, 0x4C, 0x43, 0x31, 0xD9, 0x1D,
    0xFA, 0xB7, 0x32, 0xFA, 0x7D, 0xD4, 0xB1, 0x1E, 0xBF, 0x8F, 0x73, 0x71, 0xE5, 0x50, 0x72, 0x46,
    0x00, 0x36, 0x27, 0xD7, 0x1A, 0x0D, 0x3A, 0xC4, 0xF2, 0xD4, 0x2E, 0xC9, 0x4F, 0x91, 0x0A, 0x49,
    0xDA, 0x14, 0x4B, 0x7E, 0xA0, 0x7D, 0x8A, 0x85, 0x4C, 0xB0, 0x8B, 0x31, 0x8F, 0x6B, 0x3B, 0x8B,
    0xD3, 0x36, 0xC6, 0xED, 0x7B, 0xB7, 0xDB, 0x46, 0x4D, 0xBB, 0x89, 0x05, 0x0F, 0x7D, 0x8A, 0x63,
    0xBD, 0xE4, 0xDC, 0x7C, 0x43, 0x63, 0x10, 0x63, 0x49, 0x84, 0x18, 0x1B, 0x34, 0x2B, 0xDA, 0x05,
    0xBB, 0x21, 0x92, 0x06, 0x0D, 0x3B, 0xC4, 0x38, 0xA2, 0xA6, 0x95, 0xF8, 0x98, 0x13, 0x2A, 0x72,
    0x90, 0xB6, 0x34, 0x81, 0x5C, 0x24, 0xF6, 0x16, 0xE8, 0xE9, 0x25, 0x2A, 0x27, 0xD3, 0xA6, 0xC4,
    0x78, 0x8E, 0xB6, 0x1C, 0x64, 0x54, 0xE2, 0x52, 0x97, 0xC7, 0x58, 0x72, 0x68, 0x07, 0x48, 0x94,
    0xA9, 0xAB, 0x11, 0x5A, 0x62, 0x46, 0xA3, 0x26, 0x10, 0x05, 0x67, 0x68, 0xD7, 0xDA, 0xDC, 0x83,
    0x64, 0xD7, 0xF2, 0x9F, 0xC8, 0x25, 0xC6, 0x4B, 0x7C, 0xED, 0xEC, 0x74, 0xC2, 0x53, 0x37, 0x00,
    0x45, 0x86, 0x0D, 0x28, 0x93, 0x18, 0x43, 0x9C, 0xC1, 0xA1, 0xA0, 0x7C, 0xFF, 0x0A, 0xC8, 0x41,
    0x2F, 0xB2, 0xF1, 0x45, 0x54, 0x26, 0xC6, 0x9C, 0x33, 0x64, 0xEB, 0xF6, 0x4B, 0x3C, 0xF2, 0xAA,
    0x09, 0x50, 0x2E, 0xC6, 0x7A, 0x8C, 0xB1, 0xFC, 0x1F, 0x1B, 0x63, 0xBB, 0xA2, 0x7A, 0xB4, 0xA0,
    0x19, 0x80, 0x86, 0xA8, 0xFF, 0xD1, 0xA1, 0xED, 0x80, 0x9A, 0x68, 0x5E, 0x5A, 0xA1, 0x80, 0x2B,
    0xB7, 0xB8, 0x77, 0xFB, 0x65, 0xBF, 0xD7, 0xEF, 0x75, 0x8A, 0xDB, 0x32, 0x9D, 0x8B, 0xB2, 0xFA,
    0x3B, 0x90, 0xFD, 0x15, 0x77, 0xF5, 0x7D, 0x70, 0x4C, 0x97, 0x80, 0x79, 0x81, 0x7E, 0xD7, 0xC6,
    0x68, 0x2C, 0xFA, 0x9F, 0x1A, 0x89, 0xFA, 0x73, 0x03, 0xF5, 0x51, 0x8C, 0xEA, 0xB7, 0x33, 0xDA,
    0xDF, 0xCC, 0x31, 0x72, 0x42, 0xF3, 0x64, 0x92, 0xD8, 0xC6, 0x17, 0x30, 0x4A, 0x6C, 0x4E, 0x63,
    0xD0, 0x80, 0x8A, 0x83, 0x44, 0xD9, 0x19, 0x65, 0xDC, 0x1D, 0x41, 0x9B, 0xA3, 0x38, 0xC8, 0x03,
    0xB9, 0xC4, 0x2B, 0x7B, 0x7B, 0x37, 0x80, 0x34, 0xD9, 0x39, 0xE3, 0x20, 0x76, 0xE2, 0x93, 0x83,
    0x43, 0x8A, 0xE5, 0x4D, 0xBE, 0x18, 0x0D, 0xBE, 0xB6, 0xF1, 0xBB, 0xE7, 0xFD, 0xCA, 0x7E, 0x72,
    0x3F, 0xFF, 0xBE, 0x46, 0xF6, 0x15, 0xE7, 0xEC, 0xA2, 0x0B, 0x22, 0xBA, 0x8A, 0x26, 0xE9, 0x36,
    0xB6, 0xC9, 0xBE, 0x03, 0x90, 0x1F, 0xDC, 0x8D, 0x6B, 0xF2, 0x92, 0xB5, 0x10, 0x4D, 0x64, 0x2D,
    0x0C, 0xB3, 0x7F, 0x0B, 0x88, 0x5D, 0xB1, 0x77, 0xCB, 0xDF, 0xD8, 0x3C, 0xCF, 0x76, 0x85, 0xBD,
    0x0F, 0xCC, 0xC9, 0x47, 0x1E, 0x15, 0x1F, 0xD3, 0xA3, 0x66, 0x78, 0x86, 0xD6, 0x41, 0x79, 0x28,
    0x87, 0x36, 0x70, 0x41, 0xB3, 0x65, 0xBF, 0xA0, 0xBE, 0x48, 0xB5, 0x65, 0xB3, 0x6D, 0x1F, 0xFB,
    0xC6, 0xEF, 0xA1, 0x7C, 0xE7, 0x13, 0x76, 0x05, 0xF9, 0x90, 0x0B, 0x7A, 0x5F, 0x04, 0x66, 0xBB,
    0xB8, 0x58, 0x0A, 0x92, 0xEC, 0xCA, 0xC8, 0x6C, 0x2F, 0x14, 0x6C, 0x8A, 0xF6, 0x1D, 0x2A, 0xD2,
    0xA0, 0x3D, 0xEE, 0xE5, 0xF6, 0x56, 0x3B, 0x70, 0xA8, 0xD6, 0x3C, 0x34, 0x76, 0x05, 0x51, 0x9A,
    0x92, 0xC8, 0x50, 0x11, 0x40, 0xE5, 0x03, 0x48, 0x5A, 0xC1, 0x82, 0x5B, 0x7E, 0x6F, 0x37, 0x2E,
    0x52, 0x52, 0x07, 0x92, 0x63, 0x44, 0x6A, 0x17, 0x7B, 0x94, 0x82, 0x22, 0xFD, 0x74, 0x87, 0x74,
    0x9A, 0xFE, 0x31, 0x7A, 0x83, 0x3B, 0x68, 0xFD, 0x5F, 0xBB, 0x34, 0x2E, 0x34, 0x07, 0xC8, 0x84,
    0x5B, 0xD2, 0x68, 0x5A, 0x95, 0x94, 0x71, 0x45, 0xC3, 0x7D, 0xE8, 0x45, 0xCE, 0x2C, 0xF4, 0x16,
    0xB5, 0x89, 0x6A, 0xC6, 0xA8, 0x1E, 0x51, 0x6B, 0x54, 0x61, 0xA3, 0xEA, 0x29, 0x4A, 0x0D, 0x51,
    0x0C, 0xD2, 0x94, 0x62, 0x36, 0xDA, 0x0B, 0x3E, 0x0E, 0x93, 0xEE, 0x57, 0xED, 0xA4, 0xC9, 0xA2,
    0xBC, 0xC8, 0x36, 0xEC, 0x44, 0x35, 0x47, 0x51, 0xC1, 0x59, 0x94, 0x33, 0x8D, 0x47, 0x17, 0xD5,
    0xAF, 0x90, 0xB9, 0x28, 0x76, 0xF2, 0xA4, 0xE6, 0x24, 0xF3, 0x2C, 0xE9, 0x45, 0xB8, 0xED, 0x7B,
    0x92, 0xF4, 0x88, 0x22, 0xFA, 0xCF, 0xB4, 0x3F, 0x20, 0x74, 0x7C, 0x4D, 0x78, 0x90, 0x74, 0x5F,
    0xD4, 0x6E, 0xF5, 0x37, 0xA2, 0xA7, 0x81, 0xA0, 0x67, 0x21, 0xF2, 0xEC, 0xB6, 0xD7, 0x43, 0xD1,
    0x20, 0xEA, 0x57, 0x61, 0x49, 0x77, 0x29, 0xA8, 0xA7, 0xEB, 0x83, 0xDE, 0x69, 0xC9, 0xA0, 0x1F,
    0xB5, 0x4C, 0xBF, 0x4D, 0x2F, 0xCC, 0xE8, 0x44, 0x4D, 0x12, 0x75, 0xD4, 0xAB, 0x6D, 0x14, 0x36,
    0x52, 0x6B, 0x54, 0xCF, 0xD4, 0x92, 0x6E, 0xAB, 0x58, 0x32, 0xE0, 0xEB, 0xB7, 0x1A, 0xA8, 0x61,
    0x9B, 0x32, 0x8F, 0x6D, 0x29, 0xDD, 0x36, 0xDD, 0x26, 0xE7, 0x94, 0x9E, 0xF5, 0xFA, 0xC9, 0x9A,
    0xA2, 0xEA, 0xF8, 0x3E, 0x53, 0xBF, 0xE7, 0x32, 0x8E, 0xFD, 0xB4, 0xDD, 0x81, 0x5D, 0x6B, 0xB6,
    0x11, 0xCD, 0x92, 0x62, 0x45, 0xD4, 0x2E, 0xC5, 0x7A, 0x95, 0x4F, 0x8A, 0x0E, 0x95, 0x4F, 0xB1,
    0x39, 0x8B, 0x6D, 0x88, 0x4C, 0x51, 0x2D, 0x67, 0xD1, 0x9E, 0xC6, 0xDE, 0x9C, 0xB6, 0xD5, 0x06,
    0xF5, 0x26, 0x72, 0x46, 0xBD, 0x66, 0x7A, 0x96, 0x38, 0xA1, 0x71, 0x15, 0x57, 0x89, 0x63, 0x88,
    0xED, 0xCF, 0xD9, 0xC5, 0x63, 0x59, 0x2D, 0xFD, 0x18, 0x74, 0x93, 0x03, 0x94, 0xE1, 0xC0, 0xB1,
    0x26, 0x3B, 0xE8, 0x59, 0xA2, 0x3A, 0xA4, 0x9C, 0x3D, 0x12, 0xAF, 0x17, 0xEC, 0x0A, 0xE6, 0x1C,
    0x39, 0xBC, 0x50, 0x72, 0x6E, 0x5C, 0x11, 0x9E, 0x43, 0xE9, 0x2F, 0xC9, 0xB9, 0x20, 0x57, 0x39,
    0xFD, 0x7A, 0x8F, 0xF2, 0xF4, 0xCF, 0xB2, 0x9D, 0x4F, 0x5A, 0xDF, 0x59, 0x74, 0xA7, 0xB1, 0x39,
    0x8B, 0xED, 0x72, 0x1A, 0x95, 0x15, 0x6E, 0x17, 0xB5, 0x2D, 0x57, 0x3A, 0x9C, 0x2B, 0x5A, 0x9A,
    0x17, 0x64, 0x60, 0x1D, 0xA6, 0x0F, 0x34, 0xA6, 0x99, 0x00, 0x65, 0xEA, 0xC4, 0xF9, 0x8C, 0xE9,
    0x79, 0x3B, 0x06, 0x5A, 0x15, 0xD8, 0x2E, 0x6A, 0x90, 0xA1, 0x75, 0x3C, 0xA6, 0xBC, 0x90, 0x2E,
    0xB0, 0xA2, 0xC5, 0xE6, 0x12, 0xFE, 0xFD, 0x9C, 0x13, 0xB0, 0x93, 0x51, 0xBE, 0xA0, 0x93, 0x27,
    0xFA, 0x3D, 0x2E, 0x00, 0x7F, 0x41, 0x27, 0xA3, 0x72, 0x45, 0x49, 0x3E, 0x22, 0xEA, 0xFF, 0xE6,
    0x5F, 0xB2, 0x6B, 0x1F, 0xFA, 0x82, 0x83, 0x7A, 0xD1, 0xE5, 0x1C, 0xDF, 0xC1, 0xBF, 0x65, 0xD2,
    0xF9, 0x19, 0x70, 0x8E, 0x13, 0x8D, 0x77, 0x34, 0x39, 0x77, 0xE5, 0xC2, 0x8E, 0xDC, 0x43, 0x4D,
    0xC8, 0x09, 0x99, 0x33, 0x1F, 0xC7, 0xDF, 0x5E, 0x7C, 0x25, 0x97, 0xB8, 0x8F, 0x96, 0xFC, 0xB4,
    0x83, 0x22, 0xE5, 0x10, 0xE3, 0xB1, 0x26, 0xA0, 0x6D, 0xC9, 0x31, 0xFE, 0x20, 0x67, 0x4D, 0x29,
    0x89, 0xB2, 0x7E, 0xDA, 0xF0, 0x3C, 0xF0, 0x8A, 0x3E, 0xDE, 0xE3, 0xF1, 0x85, 0x5A, 0x69, 0x2F,
    0xBD, 0x2A, 0x76, 0xE8, 0x8F, 0xF5, 0x2A, 0x83, 0x70, 0x16, 0xDE, 0x4D, 0x27, 0xC7, 0xFF, 0x49,
    0xBD, 0x08, 0xE9, 0x02, 0x14, 0xB9, 0x6C, 0x09, 0x59, 0x58, 0x2C, 0x36, 0x69, 0x89, 0xBC, 0x4D,
    0x1F, 0x58, 0x32, 0x0E, 0xA2, 0xFC, 0x31, 0x1D, 0x32, 0xCE, 0xB6, 0x5D, 0x51, 0x70, 0xB0, 0xB2,
    0xB7, 0x09, 0x5B, 0x39, 0x34, 0x2B, 0x6C, 0x69, 0xA0, 0x1C, 0x6C, 0x86, 0xA8, 0x78, 0x12, 0x45,
    0xE9, 0x24, 0xDA, 0x6F, 0x96, 0x3F, 0x38, 0xD8, 0x0F, 0x22, 0x39, 0x87, 0x96, 0x27, 0xE4, 0x20,
    0x1D, 0xD4, 0x8A, 0xDE, 0x05, 0x39, 0xA8, 0xA4, 0x76, 0x8D, 0xAA, 0x19, 0x55, 0x72, 0x10, 0xE5,
    0x9C, 0x45, 0xD0, 0x7E, 0xE9, 0x83, 0x6A, 0xC6, 0xB5, 0x64, 0x9A, 0x3E, 0xEE, 0xA9, 0xE3, 0x0B,
    0x2B, 0x4A, 0x2A, 0x28, 0x94, 0x2F, 0x10, 0xD5, 0x1C, 0xCF, 0xA9, 0xD9, 0x1C, 0x3E, 0x69, 0x73,
    0x5E, 0x57, 0x51, 0x77, 0x94, 0x15, 0xB9, 0xD6, 0x89, 0x96, 0x46, 0x94, 0xC9, 0xD2, 0x71, 0xE5,
    0xE5, 0x2F, 0xC2, 0x3D, 0xE5, 0x46, 0x4F, 0x29, 0x3E, 0x69, 0x45, 0x9D, 0xEE, 0xC7, 0x75, 0xBA,
    0x16, 0xB7, 0x83, 0x6C, 0x9A, 0x0B, 0x4D, 0x3C, 0xDE, 0x91, 0xD7, 0x0F, 0xAC, 0xF1, 0x4F, 0x04,
    0x07, 0x59, 0x63, 0x16, 0x24, 0x7F, 0xD6, 0x25, 0xC8, 0xA3, 0x92, 0x87, 0x1C, 0x48, 0x53, 0x91,
    0xCB, 0x46, 0x48, 0xE5, 0x12, 0x57, 0x48, 0xAD, 0x4C, 0x96, 0xB6, 0x89, 0xF7, 0xC3, 0xC2, 0x07,
    0x76, 0x19, 0x11, 0x3F, 0x1D, 0x74, 0xE0, 0x00, 0xA0, 0x88, 0xAC, 0x38, 0x84, 0x1B, 0x4A, 0xCF,
    0xFD, 0x38, 0x81, 0x45, 0x45, 0xA2, 0x14, 0xA0, 0x25, 0x27, 0xC4, 0x27, 0x36, 0xD5, 0xFE, 0x09,
    0xC3, 0x1B, 0x79, 0xB3, 0xE4, 0xBC, 0xB9, 0xF6, 0x3C, 0x13, 0x7F, 0xED, 0x0A, 0xD5, 0x1A, 0x38,
    0x96, 0x42, 0x19, 0x0E, 0x7A, 0xCA, 0x29, 0xA7, 0x4C, 0x08, 0x15, 0x07, 0xB4, 0x64, 0xBC, 0x0D,
    0x71, 0x4E, 0x97, 0x47, 0x29, 0x9D, 0x20, 0x9B, 0xCF, 0xA8, 0xF9, 0xB1, 0x7C, 0x29, 0x09, 0xF4,
    0x27, 0x4F, 0x38, 0x66, 0x7C, 0xF7, 0x43, 0x4E, 0x25, 0xB3, 0x59, 0xCF, 0xB5, 0xCF, 0xE6, 0x7E,
    0x6A, 0xD6, 0x6C, 0x56, 0x9D, 0x72, 0xD9, 0x7C, 0x19, 0x7D, 0xA0, 0x6C, 0x9F, 0x33, 0xD2, 0x7E,
    0x1B, 0xCF, 0xB7, 0x4C, 0x7D, 0x55, 0x64, 0xBB, 0x0A, 0x6B, 0x06, 0xEE, 0x57, 0x7C, 0x6D, 0xCE,
    0xE7, 0x82, 0x9F, 0xCF, 0xCD, 0x04, 0xCD, 0x30, 0x07, 0x34, 0x24, 0x81, 0x8C, 0x32, 0x37, 0xE4,
    0xF6, 0xE2, 0x9C, 0x2B, 0x0F, 0x8E, 0xA8, 0x08, 0x4E, 0xDF, 0xC2, 0x2C, 0x50, 0x93, 0xE4, 0x94,
    0x28, 0x4F, 0x62, 0xED, 0x1F, 0x98, 0xB3, 0x50, 0xFB, 0x37, 0x02, 0x7B, 0x9A, 0xC0, 0x26, 0x5D,
    0xD8, 0x6F, 0x9C, 0x6E, 0x0D, 0xBF, 0xD9, 0x19, 0xFC, 0x67, 0xBD, 0x14, 0x2B, 0x5A, 0x57, 0x39,
    0xD4, 0xAE, 0x76, 0xA8, 0x22, 0xE6, 0x7A, 0x45, 0x86, 0x9A, 0x1D, 0x50, 0x71, 0x06, 0xCA, 0xCD,
    0x4B, 0xB3, 0x80, 0x26, 0x81, 0x86, 0x9C, 0xE2, 0xBF, 0x25, 0x3A, 0x20, 0xE3, 0x8A, 0xB8, 0x21,
    0xA5, 0x69, 0xF5, 0xB3, 0x9F, 0x3D, 0xE4, 0xF3, 0xE4, 0xAF, 0xFD, 0xB5, 0x7B, 0xF6, 0xD7, 0xEB,
    0xB5, 0x23, 0xF3, 0x1B, 0x77, 0xFD, 0xC8, 0x7C, 0xB9, 0x34, 0xD6, 0x70, 0xAE, 0x48, 0x0E, 0x88,
    0x7B, 0xEA, 0xDE, 0x17, 0x06, 0x38, 0x32, 0x5B, 0x3C, 0xB3, 0x1B, 0xAF, 0x41, 0x24, 0x94, 0xB0,
    0xFB, 0xF1, 0x41, 0x28, 0x38, 0x5F, 0xD4, 0xB9, 0x5A, 0xF5, 0x01, 0x3F, 0xD4, 0x9D, 0x02, 0x27,
    0x15, 0xD9, 0x74, 0x2F, 0x44, 0x5E, 0x0F, 0xAC, 0x3B, 0x04, 0x02, 0xFF, 0x4F, 0xCE, 0x01, 0x39,
    0x4D, 0x1A, 0x78, 0x48, 0x14, 0x30, 0x5D, 0x8F, 0xAF, 0xDC, 0xE6, 0x4F, 0x76, 0x51, 0x70, 0x94,
    0x56, 0x33, 0x90, 0xD1, 0xE0, 0xC7, 0x07, 0x3C, 0x79, 0x23, 0xD6, 0xC6, 0x14, 0x9F, 0xA1, 0x90,
    0xDA, 0x4A, 0xDA, 0xF5, 0x72, 0x1E, 0xD3, 0x49, 0x18, 0x36, 0xB7, 0x97, 0x86, 0x5D, 0x3A, 0x58,
    0x52, 0xB3, 0x9C, 0x76, 0x7B, 0xEE, 0xF6, 0x52, 0xAD, 0x88, 0x4D, 0x75, 0x49, 0x2B, 0xD5, 0x04,
    0xD0, 0x12, 0x6D, 0x3A, 0x6A, 0x23, 0x33, 0xAE, 0xE7, 0x8E, 0x6F, 0x93, 0xF8, 0xB4, 0xF0, 0x73,
    0x0A, 0x79, 0x1C, 0x39, 0x48, 0x4B, 0x1B, 0xBB, 0x9B, 0x16, 0xD0, 0xFC, 0xAD, 0x07, 0x8E, 0x7A,
    0xDA, 0xED, 0x58, 0x97, 0x68, 0xB2, 0x37, 0x65, 0xC7, 0x94, 0x2B, 0xDE, 0xD1, 0xA6, 0x26, 0x76,
    0x7B, 0x73, 0x49, 0xA6, 0x6C, 0xD0, 0x0F, 0x42, 0x15, 0xD9, 0x76, 0x31, 0x63, 0x4B, 0x8B, 0x07,
    0x00, 0x97, 0x72, 0x81, 0x22, 0x39, 0x09, 0x57, 0x6C, 0x4A, 0xE9, 0x85, 0x0D, 0xC7, 0x40, 0x75,
    0x38, 0x05, 0x5E, 0x2B, 0x66, 0x61, 0x66, 0x02, 0x5F, 0xC0, 0x09, 0xD7, 0xD8, 0x8B, 0x63, 0x2B,
    0x34, 0x15, 0xF9, 0xAF, 0xB7, 0x2D, 0xFE, 0xD6, 0x22, 0x5F, 0x00, 0x0B, 0xB8, 0xC8, 0xFB, 0x81,
    0x43, 0x77, 0x07, 0xF8, 0xF2, 0xBF, 0xC6, 0x7B, 0x00, 0xF9, 0xA1, 0x15, 0x3E, 0x31, 0xC8, 0xDC,
    0x03, 0x8E, 0x28, 0xED, 0x9F, 0x29, 0xA0, 0xB1, 0xB8, 0x9C, 0x0E, 0xCB, 0xD0, 0x23, 0x74, 0x09,
    0xA7, 0x52, 0xE8, 0x32, 0x03, 0x0A, 0x85, 0x01, 0xDA, 0x8F, 0x6F, 0x05, 0xD6, 0x64, 0x60, 0xC9,
    0x38, 0x25, 0x9D, 0x2E, 0x90, 0xBB, 0xC2, 0x08, 0xE4, 0xE6, 0x77, 0xEB, 0xEF, 0xFC, 0x7E, 0x60,
    0x45, 0x4A, 0xAF, 0x3E, 0xAE, 0x35, 0xE3, 0x4F, 0x8D, 0x36, 0x28, 0x98, 0x1B, 0xB9, 0xA1, 0xAD,
    0xB9, 0xA9, 0x57, 0xD4, 0x2E, 0x37, 0xA5, 0x47, 0xB3, 0xE4, 0xA6, 0x20, 0x5A, 0x1B, 0xA5, 0xA2,
    0x3A, 0x65, 0x4E, 0x95, 0x6F, 0x35, 0x7C, 0x57, 0x69, 0xFA, 0x37, 0x01, 0x92, 0x1C, 0xE2, 0xFF,
    0xC4, 0xC8, 0x44, 0x06, 0xE5, 0x84, 0x8D, 0x17, 0xD6, 0xFC, 0x56, 0x7A, 0x61, 0xEB, 0x84, 0xBD,
    0xC5, 0xDB, 0xFC, 0x15, 0x27, 0x30, 0x2E, 0xEF, 0x65, 0x7E, 0xD0, 0x41, 0x9E, 0x63, 0x4B, 0x92,
    0x53, 0xE2, 0xD7, 0x6B, 0x85, 0x63, 0x60, 0xC5, 0xE9, 0x2B, 0x2D, 0x81, 0x1F, 0xFC, 0x91, 0xF0,
    0xEA, 0xCE, 0x19, 0x9F, 0x7F, 0x3E, 0x20, 0xD3, 0xDC, 0x07, 0x9A, 0x38, 0x98, 0x5E, 0x1B, 0x8E,
    0x39, 0xAF, 0xEE, 0x28, 0x53, 0xBA, 0xAB, 0x3B, 0xB5, 0xAB, 0x97, 0xAB, 0x3B, 0xE5, 0xDA, 0x98,
    0xAB, 0x3B, 0x85, 0x57, 0x81, 0xB9, 0x57, 0x73, 0xE0, 0x2A, 0xCC, 0x96, 0x7E, 0xFE, 0xDE, 0xF7,
    0xD0, 0xA5, 0xAB, 0xB5, 0x9A, 0xCF, 0xD1, 0x08, 0xDB, 0xC8, 0xDA, 0x0A, 0xAB, 0x45, 0x58, 0x38,
    0x21, 0x18, 0xD9, 0x0F, 0x02, 0x92, 0xB4, 0x5F, 0x27, 0xB2, 0x4C, 0xFA, 0xFE, 0xD5, 0x90, 0xD0,
    0x33, 0x1D, 0xD8, 0x2B, 0x1A, 0x1E, 0xB2, 0x2B, 0x7D, 0xC6, 0xB1, 0xF4, 0xE0, 0x14, 0xA0, 0xE7,
    0xAF, 0x23, 0xD5, 0x0E, 0x25, 0x83, 0x4A, 0xD2, 0x0A, 0x56, 0x94, 0x3E, 0xE7, 0x20, 0x4D, 0xA4,
    0x9B, 0x32, 0x02, 0x2B, 0x58, 0x2E, 0xC2, 0x6E, 0x6B, 0xB5, 0xA9, 0x78, 0x93, 0xA3, 0x26, 0x89,
    0x80, 0x8F, 0xE3, 0x5C, 0xCE, 0x03, 0x7B, 0x1D, 0xD0, 0x72, 0x45, 0xCE, 0x5F, 0x72, 0x88, 0xC7,
    0x7E, 0xBD, 0x42, 0xCF, 0xAD, 0x43, 0x3F, 0xA9, 0x05, 0x4A, 0x5E, 0xE6, 0x65, 0x04, 0x00, 0xFA,
    0x77, 0x21, 0xFE, 0x4A, 0x94, 0x43, 0xBC, 0x4E, 0x60, 0xAA, 0x89, 0x72, 0x2A, 0xF9, 0x89, 0x1E,
    0x33, 0x92, 0x1D, 0x5A, 0x4A, 0xFD, 0x1E, 0xCE, 0x95, 0x70, 0x37, 0x48, 0xFF, 0x75, 0x31, 0x46,
    0xC8, 0xF1, 0x3C, 0xFC, 0x2F, 0xC5, 0x9B, 0x01, 0x88, 0x20, 0xD7, 0x79, 0xDF, 0x7F, 0x33, 0x23,
    0xDF, 0x28, 0x1A, 0xF9, 0x9E, 0x00, 0xA9, 0x55, 0x74, 0xA7, 0x9B, 0x6B, 0x50, 0xA9, 0x63, 0xFB,
    0x76, 0x0C, 0x08, 0xAA, 0x96, 0xDD, 0x9D, 0x91, 0x8F, 0xC6, 0x34, 0x02, 0x7C, 0x50, 0x9F, 0x03,
    0x31, 0x34, 0x06, 0x52, 0x68, 0xD4, 0x92, 0x13, 0x20, 0x60, 0x49, 0xF7, 0x6E, 0x46, 0x3A, 0x20,
    0x14, 0x03, 0x5E, 0x68, 0x9C, 0xD0, 0xB6, 0xB4, 0xA2, 0x55, 0x4A, 0xB4, 0x02, 0x4E, 0xC0, 0x25,
    0x5C, 0xC8, 0xEE, 0xCD, 0x9C, 0x05, 0x98, 0x52, 0xC0, 0x23, 0x1B, 0x27, 0x14, 0xD3, 0x66, 0xA4,
    0x9C, 0xE3, 0x5A, 0x29, 0xF5, 0x93, 0x3D, 0x8E, 0xE7, 0xA4, 0x99, 0xF9, 0x3A, 0xEF, 0x7B, 0xC3,
    0xED, 0x6D, 0x65, 0x27, 0x76, 0xDA, 0x24, 0x8F, 0xDD, 0xFF, 0xEF, 0xD3, 0xEC, 0xBC, 0xF7, 0xDE,
    0xF7, 0xBE, 0x79, 0xDF, 0xBC, 0x99, 0x39, 0x85, 0x72, 0x1B, 0x52, 0x48, 0xDF, 0x13, 0xC8, 0x21,
    0xEB, 0xA4, 0xE0, 0x10, 0x92, 0xB6, 0xAE, 0x18, 0x01, 0xEA, 0x2A, 0xEC, 0x21, 0xA8, 0xA5, 0x8A,
    0x2C, 0x64, 0xEF, 0x4A, 0x95, 0xB4, 0x50, 0x36, 0x75, 0x65, 0x1A, 0xF7, 0xD7, 0xBA, 0xCA, 0x0A,
    0x47, 0xA9, 0x72, 0xA0, 0xFC, 0xA6, 0x34, 0x87, 0x40, 0x2E, 0x99, 0x1D, 0x81, 0x13, 0x2F, 0x3F,
    0xF0, 0x1F, 0x7B, 0xB4, 0x44, 0xD6, 0x33, 0x69, 0x1F, 0xBB, 0xE0, 0x68, 0xBE, 0x28, 0x93, 0x63,
    0xF6, 0x49, 0x5B, 0x3B, 0xE6, 0x69, 0x9B, 0x3B, 0x1E, 0xE6, 0xCD, 0xDF, 0x73, 0x1C, 0xF3, 0xC6,
    0x21, 0xEC, 0x3D, 0x23, 0xEB, 0x99, 0xB4, 0x9E, 0xA6, 0xC9, 0x94, 0x59, 0x91, 0x76, 0x11, 0x90,
    0x93, 0xDC, 0xB9, 0xE4, 0xAA, 0x13, 0xCA, 0x88, 0x96, 0x0F, 0x14, 0xFC, 0xB5, 0xF8, 0x17, 0x14,
    0x8E, 0xE6, 0x96, 0xCC, 0x8E, 0xD9, 0x33, 0x77, 0xEA, 0x02, 0xC8, 0x4D, 0x97, 0x39, 0x1E, 0x9A,
    0xFE, 0x27, 0xD5, 0x3F, 0x23, 0x7B, 0xEA, 0x5F, 0x2C, 0x93, 0x56, 0x0F, 0x44, 0x0A, 0xAD, 0x9E,
    0x48, 0xE3, 0xFC, 0x4B, 0x29, 0x1B, 0xE7, 0x5F, 0x56, 0xE5, 0x15, 0xE4, 0x6E, 0x6C, 0xEA, 0x5F,
    0x22, 0x03, 0x5A, 0x1E, 0xE1, 0x6E, 0xB9, 0x24, 0x77, 0x20, 0x16, 0x91, 0x8A, 0xAC, 0xE3, 0x14,
    0xD4, 0x00, 0x81, 0x38, 0x8D, 0xFE, 0xD0, 0x69, 0xF2, 0x79, 0xA7, 0xC6, 0x38, 0x4D, 0x55, 0xCF,
    0xA9, 0x6E, 0xFE, 0xC8, 0xBA, 0xA5, 0xBA, 0x71, 0x4F, 0x0B, 0xE6, 0x93, 0x4E, 0xE3, 0x2F, 0x6B,
    0x2F, 0xE2, 0x14, 0xAF, 0x65, 0x45, 0x00, 0x89, 0xEC, 0x8B, 0x4E, 0xAD, 0xB0, 0xE0, 0x22, 0x47,
    0x25, 0x94, 0x16, 0x4E, 0xC9, 0x8C, 0x91, 0x91, 0x40, 0x44, 0xBA, 0xEC, 0xED, 0x99, 0x44, 0xBE,
    0x20, 0x43, 0x5E, 0x94, 0x64, 0xE3, 0xF2, 0x73, 0x85, 0xAC, 0xA8, 0x2D, 0x66, 0xBA, 0x49, 0xF6,
    0xB4, 0xB4, 0x24, 0xEE, 0xC8, 0x79, 0x69, 0x88, 0x6D, 0x49, 0x1E, 0x49, 0x45, 0x50, 0xE4, 0x6F,
    0x48, 0xB2, 0x18, 0x90, 0xCA, 0x68, 0xA4, 0x00, 0x62, 0xB1, 0xDE, 0xE0, 0xD9, 0xC2, 0x08, 0xBE,
    0xFC, 0x68, 0x46, 0xC1, 0x71, 0xC3, 0xB7, 0xAC, 0x6D, 0x36, 0x4A, 0xA2, 0xD5, 0x20, 0x90, 0x0E,
    0x1E, 0x04, 0x90, 0x1E, 0x36, 0x01, 0xF2, 0x99, 0x70, 0xF4, 0xF5, 0xDF, 0xAD, 0x07, 0x75, 0xD2,
    0xF9, 0x05, 0x40, 0x26, 0xB3, 0x12, 0x2E, 0x16, 0x20, 0xA2, 0x3D, 0xAC, 0x88, 0xE5, 0xB6, 0x3F,
    0xB9, 0x71, 0x08, 0x3C, 0x62, 0x99, 0x0B, 0xA0, 0x16, 0x19, 0x34, 0xAC, 0xDF, 0x9E, 0xC0, 0x4C,
    0xF2, 0x5F, 0x67, 0xC8, 0xDF, 0x91, 0x2F, 0x79, 0xBC, 0x3E, 0x42, 0xF9, 0xA6, 0xDC, 0xBA, 0x00,
    0xF5, 0x1B, 0xD2, 0xF0, 0x3E, 0xBC, 0xA9, 0x28, 0xDF, 0x51, 0xE4, 0x0B, 0xEE, 0x83, 0x74, 0x96,
    0xE6, 0xA3, 0x41, 0x91, 0x88, 0x7C, 0x7D, 0x8C, 0x1B, 0x37, 0xF5, 0x7D, 0x52, 0x71, 0x4A, 0xEE,
    0x60, 0x2A, 0xD7, 0xBB, 0x43, 0xB8, 0x20, 0xAB, 0x88, 0xE4, 0x6B, 0x17, 0xEB, 0x0A, 0x71, 0x65,
    0x45, 0x15, 0xD4, 0xB7, 0x89, 0x5B, 0x48, 0x5C, 0xEC, 0x1A, 0x5D, 0x4F, 0xA4, 0x15, 0xE4, 0x4D,
    0x49, 0x06, 0xD4, 0xCD, 0x65, 0xB6, 0x1D, 0x2B, 0x38, 0x58, 0x39, 0xE8, 0x71, 0x42, 0x0B, 0x94,
    0x0D, 0x51, 0x07, 0xE4, 0x5D, 0x94, 0xB4, 0xB8, 0xE1, 0x5C, 0x33, 0x8D, 0x3A, 0x3C, 0x65, 0x3E,
    0x6A, 0x7B, 0x39, 0xBE, 0x1C, 0xAE, 0x1C, 0xF9, 0x94, 0xCF, 0x03, 0x99, 0xB4, 0xBA, 0x4E, 0xE4,
    0xDB, 0x03, 0x90, 0x7C, 0x75, 0x8E, 0x26, 0xC0, 0xBC, 0x3E, 0x06, 0x02, 0xA4, 0x9F, 0x18, 0x71,
    0xCC, 0x13, 0xCF, 0xCB, 0x2B, 0xC7, 0x58, 0x19, 0x0C, 0x91, 0x9E, 0x17, 0xD9, 0x50, 0xEB, 0xC5,
    0x1D, 0x72, 0x6D, 0xC0, 0x39, 0xE1, 0xDB, 0x05, 0xD7, 0x4F, 0x28, 0x1D, 0x49, 0x05, 0xE6, 0x9B,
    0x23, 0x69, 0x01, 0x79, 0x35, 0xA1, 0xEB, 0xBE, 0x18, 0xB9, 0x0C, 0xD4, 0x5C, 0x60, 0x04, 0x6D,
    0xB1, 0xF7, 0x8C, 0xAC, 0x52, 0xA7, 0x85, 0x5A, 0x5B, 0x74, 0xE7, 0xDF, 0xE7, 0xAA, 0x93, 0x37,
    0x8F, 0xAB, 0x3F, 0x46, 0x46, 0x57, 0x9D, 0x40, 0xDA, 0xD1, 0x71, 0xAD, 0x0E, 0x44, 0xEF, 0x5C,
    0xD4, 0xA5, 0x11, 0x7F, 0x55, 0xCE, 0x4B, 0xE5, 0xAA, 0xD7, 0x45, 0xBD, 0x30, 0x2D, 0xCA, 0xA2,
    0x5C, 0x98, 0xE3, 0x79, 0x79, 0xE5, 0xA8, 0x74, 0xD5, 0x95, 0x91, 0x55, 0xBA, 0xDE, 0xCB, 0xAA,
    0xAE, 0x5C, 0xEF, 0x65, 0x23, 0x95, 0x1B, 0x7C, 0x2E, 0x75, 0x4B, 0x0E, 0x66, 0xCE, 0x7D, 0x5F,
    0x05, 0xBE, 0xE8, 0xD2, 0xF3, 0x17, 0xA2, 0x25, 0x96, 0xB6, 0x1C, 0x31, 0x82, 0x99, 0x49, 0x27,
    0x62, 0x21, 0x1B, 0x89, 0x84, 0x7C, 0xD1, 0x59, 0xED, 0xDB, 0x4E, 0xC1, 0x9D, 0xA0, 0x91, 0x2A,
    0xD4, 0x8F, 0xDB, 0xBE, 0x1D, 0x01, 0x32, 0xA7, 0xA1, 0x7C, 0xEB, 0xE2, 0xBA, 0x9C, 0x5C, 0x5D,
    0xA0, 0xD4, 0x5E, 0x6B, 0x7B, 0x5C, 0x03, 0x3D, 0x1E, 0x17, 0xEE, 0x9C, 0xB4, 0xCA, 0x84, 0xA0,
    0x2E, 0x96, 0x25, 0x73, 0x6D, 0xD6, 0xF5, 0x32, 0x68, 0x6B, 0x15, 0xF0, 0xC8, 0x85, 0xE3, 0xC9,
    0x2D, 0x12, 0x91, 0x16, 0x23, 0x5F, 0xA8, 0x07, 0xB2, 0xC9, 0x0D, 0x26, 0x1F, 0xDC, 0x60, 0x72,
    0x4B, 0x24, 0x4D, 0x6A, 0x5D, 0x4E, 0x09, 0x5E, 0xF2, 0x2B, 0x13, 0xC4, 0xDE, 0xA3, 0xFD, 0xAA,
    0xC1, 0xFE, 0xBE, 0x0C, 0xBE, 0x1B, 0xB5, 0xD7, 0xE3, 0xF7, 0x9E, 0x1F, 0xA8, 0x66, 0x85, 0x0B,
    0x54, 0x59, 0xB9, 0x96, 0xEB, 0x66, 0xD1, 0xAA, 0x6E, 0x49, 0x84, 0xD2, 0x6A, 0x6A, 0x9A, 0x83,
    0xDA, 0x92, 0xE8, 0xAA, 0x08, 0x6A, 0x19, 0x8E, 0x27, 0x37, 0x9F, 0xDD, 0x32, 0x59, 0x4A, 0x67,
    0x64, 0xC8, 0x9D, 0x61, 0xF3, 0xB7, 0xE7, 0x40, 0xE6, 0xFD, 0x6B, 0xB6, 0xA4, 0xA4, 0xEE, 0x89,
    0xED, 0x4D, 0xF2, 0xA2, 0xEC, 0x89, 0xEC, 0x21, 0x99, 0x33, 0xC2, 0x23, 0xA3, 0x24, 0xF7, 0x73,
    0x97, 0xBF, 0x31, 0x7B, 0x23, 0x95, 0xD1, 0x1B, 0xB1, 0x58, 0x6F, 0xF0, 0x4B, 0xC5, 0x6A, 0x00,
    0xE5, 0x9D, 0x8B, 0x9F, 0xF2, 0x86, 0xC8, 0xC4, 0x71, 0xA3, 0x87, 0xFF, 0x1F, 0x46, 0x3D, 0x78,
    0xB2, 0xB6, 0x4B, 0x2E, 0x32, 0x1E, 0x37, 0x4E, 0x0C, 0x0F, 0xBC, 0x04, 0x94, 0x57, 0xF3, 0x0E,
    0xC2, 0x39, 0xAC, 0x1B, 0x48, 0xC6, 0x48, 0x0A, 0xC8, 0x6C, 0x24, 0x40, 0xD9, 0xC6, 0x93, 0xA6,
    0x38, 0x33, 0x42, 0x24, 0x45, 0x6A, 0xE1, 0xA4, 0x90, 0x77, 0x05, 0xE1, 0x44, 0x79, 0xAB, 0x22,
    0x1A, 0x91, 0x9F, 0x81, 0xA8, 0x8F, 0xE4, 0x51, 0x08, 0x6D, 0x32, 0x7D, 0x16, 0x02, 0xFB, 0x91,
    0xB9, 0x02, 0x7E, 0xE7, 0xDF, 0x6A, 0x47, 0xF7, 0xB9, 0x6A, 0x10, 0xD4, 0xAD, 0xC3, 0x99, 0xB2,
    0x72, 0x78, 0xAD, 0x76, 0x1A, 0x17, 0xB3, 0xC3, 0xA6, 0x4F, 0xC4, 0x36, 0x1A, 0x80, 0xB8, 0x49,
    0x2C, 0x60, 0x30, 0xAD, 0xFB, 0x13, 0x79, 0xA5, 0xB8, 0x02, 0xF0, 0x14, 0xA3, 0x22, 0xEA, 0x1C,
    0x3E, 0x98, 0x16, 0x0E, 0xC1, 0xAF, 0x71, 0xAC, 0x6C, 0x14, 0xAC, 0x25, 0x6C, 0x5B, 0x25, 0xF7,
    0x63, 0x70, 0xBE, 0x06, 0xF0, 0x1C, 0x9B, 0xB4, 0xC0, 0xDF, 0x69, 0x82, 0x06, 0x1B, 0x36, 0x10,
    0x5C, 0x6D, 0x92, 0x22, 0x6A, 0xA3, 0x0A, 0x3E, 0x90, 0x34, 0x19, 0xA6, 0x32, 0xC0, 0xC3, 0x69,
    0x75, 0x48, 0xC6, 0x26, 0x70, 0x21, 0x3F, 0xB1, 0xCB, 0x65, 0x2C, 0x50, 0x6D, 0x3E, 0x31, 0x30,
    0x46, 0x0D, 0x84, 0x6C, 0x5F, 0xED, 0xA3, 0xFE, 0x0C, 0xEA, 0x62, 0x6C, 0x63, 0xEB, 0x3A, 0x00,
    0x4C, 0x67, 0xDE, 0xC6, 0x97, 0xB4, 0xCD, 0xDA, 0xD5, 0xCC, 0x6F, 0x49, 0xB1, 0x9A, 0xE5, 0xFF,
    0x14, 0xD6, 0x22, 0xDE, 0x7F, 0x20, 0x91, 0x70, 0x5C, 0xCD, 0xFF, 0x34, 0x47, 0x83, 0xC6, 0x67,
    0x2F, 0x8C, 0xC7, 0xB8, 0xD7, 0x86, 0xEC, 0xA3, 0x66, 0x30, 0x56, 0x1B, 0xEA, 0xCF, 0xA6, 0xD6,
    0x74, 0x6A, 0x5A, 0xF2, 0x36, 0xD5, 0xDD, 0xCB, 0x76, 0x45, 0x59, 0xA5, 0xCD, 0x09, 0xE0, 0x49,
    0x98, 0x49, 0xAB, 0x47, 0x81, 0x27, 0x88, 0x06, 0x4C, 0xF1, 0x59, 0xE0, 0x41, 0x92, 0x16, 0xF3,
    0xF1, 0x0A, 0x08, 0xBF, 0x70, 0x08, 0xD1, 0xBF, 0xF6, 0x3B, 0x92, 0xC2, 0xF9, 0x87, 0x2F, 0x2D,
    0x0F, 0x01, 0xF1, 0x14, 0xB4, 0x3E, 0x47, 0x14, 0x2E, 0x86, 0x32, 0xEA, 0x44, 0x66, 0x1D, 0x90,
    0x34, 0xDE, 0xAD, 0x4A, 0x91, 0x17, 0xAC, 0x90, 0x6E, 0x41, 0x15, 0x8B, 0x2C, 0x68, 0x36, 0x5E,
    0x95, 0x86, 0xAC, 0x7D, 0x89, 0x05, 0xE9, 0x77, 0x2B, 0xF2, 0x06, 0x23, 0x90, 0xB5, 0xC4, 0x13,
    0xA4, 0x2D, 0xD1, 0x02, 0xD3, 0x11, 0xCC, 0x0A, 0x6A, 0x8F, 0x7C, 0x45, 0xA1, 0x48, 0xD1, 0xF0,
    0x9F, 0x51, 0x5C, 0xFF, 0xE8, 0x82, 0x26, 0x9A, 0x3F, 0xE6, 0x60, 0xA4, 0x71, 0x78, 0xAA, 0x2C,
    0xDC, 0x40, 0xAA, 0x93, 0x40, 0xE6, 0x07, 0xB2, 0xA5, 0x5A, 0xBD, 0xE6, 0x34, 0x7C, 0xAF, 0x71,
    0x88, 0x66, 0xB4, 0x7C, 0x16, 0xCA, 0x11, 0xA4, 0x57, 0x1D, 0x76, 0x36, 0xC1, 0xDE, 0x50, 0xDD,
    0xF9, 0xB1, 0x35, 0x17, 0x59, 0x55, 0x8F, 0xFC, 0xBF, 0xA9, 0x1F, 0x8F, 0xD7, 0x70, 0xFF, 0x15,
    0x34, 0x6D, 0xEA, 0x62, 0xF1, 0x5B, 0xD1, 0xC9, 0x69, 0x3A, 0xAA, 0xAD, 0x9A, 0x0F, 0x47, 0x5A,
    0xF6, 0xC1, 0xCB, 0x8B, 0xDA, 0x5C, 0xA0, 0x7E, 0x47, 0xA4, 0x41, 0xBE, 0xF9, 0x27, 0xD2, 0x22,
    0x7F, 0xE8, 0x52, 0xAB, 0x8C, 0x81, 0xB4, 0xA1, 0xD8, 0x45, 0x23, 0xE9, 0x42, 0x69, 0xA2, 0xF5,
    0xA7, 0x5A, 0x7E, 0x62, 0x29, 0x96, 0x9F, 0x44, 0x48, 0x04, 0xE3, 0x75, 0x76, 0x86, 0x99, 0x9C,
    0x91, 0x8E, 0xA4, 0x93, 0xDF, 0xD4, 0xB9, 0xAE, 0xBC, 0xA6, 0xF2, 0xCF, 0xCB, 0x1E, 0x23, 0x63,
    0xAD, 0xF7, 0x20, 0x7F, 0xFF, 0xFD, 0x81, 0x63, 0x3E, 0x0D, 0xA4, 0xF3, 0xE8, 0x6C, 0x19, 0x80,
    0x5C, 0x0A, 0xF7, 0x57, 0x67, 0xA6, 0xE2, 0xC6, 0x9C, 0x89, 0x1B, 0xF3, 0x53, 0x7F, 0x4D, 0x63,
    0x3E, 0x56, 0x82, 0x57, 0xF7, 0x94, 0xBF, 0x7C, 0xBF, 0x22, 0x69, 0x9F, 0x53, 0x1E, 0x06, 0xAD,
    0x43, 0x6C, 0xA3, 0xC6, 0x31, 0xAB, 0x4C, 0xE1, 0x78, 0x93, 0xCC, 0x21, 0x1C, 0xB8, 0xE2, 0xFF,
    0xCC, 0xE4, 0x68, 0x1A, 0xBF, 0x78, 0xD3, 0x2A, 0x1E, 0xCE, 0x02, 0x19, 0xC6, 0x7A, 0xA6, 0xF6,
    0x21, 0x60, 0x83, 0xBC, 0xBB, 0x00, 0x3C, 0x4E, 0xD9, 0x54, 0x2E, 0x71, 0x21, 0xB7, 0x0A, 0xE0,
    0x81, 0xD0, 0x25, 0x4F, 0x08, 0xAF, 0xCA, 0x2F, 0xBA, 0xF5, 0xCE, 0x25, 0x29, 0x20, 0xB5, 0x98,
    0x51, 0x57, 0x3A, 0x59, 0xBF, 0x2E, 0xF3, 0x0E, 0x5D, 0xE3, 0xD2, 0xE8, 0x02, 0x0F, 0x04, 0x5D,
    0xDD, 0xF1, 0x88, 0x2E, 0xED, 0xB4, 0x65, 0x5D, 0xD7, 0xEB, 0xA2, 0xF6, 0xCC, 0xF6, 0x20, 0x90,
    0x89, 0xD3, 0x91, 0xC8, 0x37, 0xBA, 0xE4, 0x8F, 0x45, 0x8A, 0x33, 0x24, 0xE3, 0xD9, 0xA7, 0xE0,
    0x82, 0xF3, 0x33, 0x2E, 0xF6, 0x20, 0x05, 0x28, 0x9D, 0xD4, 0xC7, 0xA5, 0x54, 0x29, 0x80, 0x5C,
    0xA5, 0x7A, 0xBF, 0xF8, 0x3F, 0x40, 0xC3, 0x36, 0x61, 0xCB, 0x2E, 0x89, 0xC5, 0x92, 0x0E, 0x51,
    0xC5, 0xDF, 0x95, 0x09, 0x8A, 0xB2, 0x03, 0xEE, 0xE3, 0x58, 0x39, 0xB5, 0x5F, 0xFD, 0x4A, 0x0B,
    0x61, 0x47, 0xD4, 0x3C, 0xE7, 0x57, 0x3A, 0x0B, 0x77, 0x60, 0x6B, 0x61, 0x60, 0x61, 0xE4, 0x35,
    0xA2, 0x86, 0xB0, 0xA7, 0x25, 0xA9, 0x88, 0x6D, 0xD0, 0x60, 0xC0, 0x74, 0x51, 0xE1, 0x98, 0x36,
    0xB1, 0x56, 0xCB, 0x9B, 0x07, 0x35, 0x43, 0xD4, 0xD5, 0x13, 0x70, 0x12, 0x84, 0x3D, 0x30, 0x84,
    0x12, 0x16, 0xCE, 0xB7, 0x68, 0xFA, 0x09, 0x20, 0x6A, 0x92, 0x51, 0x13, 0xF3, 0xF5, 0xF5, 0x31,
    0x21, 0x91, 0x1E, 0x2D, 0xB9, 0xF5, 0x2C, 0x3B, 0xCF, 0xBA, 0xF1, 0x94, 0x4A, 0x11, 0x0A, 0x54,
    0x7C, 0xF8, 0x97, 0xA2, 0x89, 0xB0, 0xE0, 0x42, 0xF0, 0x27, 0x03, 0x27, 0xA0, 0x22, 0x6B, 0x79,
    0x14, 0xCE, 0xBA, 0x6A, 0x2F, 0xC1, 0x63, 0x9F, 0xBE, 0xBD, 0xF1, 0x99, 0x42, 0x2F, 0xAB, 0xC0,
    0xA7, 0xD1, 0x8B, 0xAC, 0x7D, 0x64, 0xF3, 0x08, 0xA5, 0xDD, 0x80, 0xDA, 0x1A, 0x90, 0xCE, 0x4B,
    0xB1, 0x5A, 0x5E, 0x52, 0x27, 0x1B, 0x4E, 0xB6, 0x9C, 0x1C, 0x80, 0xBC, 0x65, 0x41, 0x5C, 0xFA,
    0x12, 0x81, 0x40, 0x06, 0xB8, 0x24, 0x1D, 0xCC, 0x4E, 0xF6, 0x9C, 0x70, 0xAF, 0x44, 0x0D, 0x62,
    0x17, 0xA9, 0x6D, 0xD2, 0x90, 0x0F, 0x69, 0xE1, 0x9F, 0x5D, 0x62, 0x19, 0xF4, 0x42, 0x38, 0xB6,
    0x7F, 0x0C, 0xE5, 0x5D, 0x19, 0x30, 0xFD, 0x62, 0x14, 0x79, 0x05, 0x59, 0x73, 0x05, 0x88, 0xFD,
    0x06, 0xB7, 0x52, 0x65, 0x34, 0x36, 0xEB, 0x54, 0x5B, 0x0E, 0xD3, 0x2E, 0x6F, 0xC8, 0xB3, 0x76,
    0xD1, 0x54, 0x1A, 0xB7, 0x69, 0x95, 0xA6, 0x2E, 0xA0, 0x9E, 0x05, 0x28, 0xC5, 0x69, 0xFD, 0x19,
    0xE9, 0x40, 0x02, 0xD7, 0xAB, 0x84, 0x53, 0x5D, 0x21, 0xD1, 0x98, 0x36, 0xC1, 0x1C, 0x8D, 0x49,
    0x17, 0x4E, 0xD1, 0x18, 0x75, 0xD1, 0x18, 0x0F, 0x91, 0x5D, 0xFE, 0x7B, 0x88, 0x3B, 0xA7, 0x49,
    0x1B, 0xCD, 0x89, 0x3B, 0x47, 0x96, 0x52, 0x50, 0x4F, 0x32, 0xBA, 0x67, 0xFF, 0x65, 0xB4, 0xBA,
    0xAA, 0x9E, 0x2F, 0x2B, 0x60, 0xA7, 0xEC, 0x9C, 0xEE, 0x0C, 0xAA, 0x97, 0x55, 0xD3, 0x62, 0xD1,
    0xDD, 0xB8, 0x75, 0x7F, 0x0D, 0x7A, 0xA7, 0xCD, 0xEE, 0xA2, 0xBF, 0x62, 0x33, 0xF7, 0xD7, 0x83,
    0xA4, 0x59, 0x34, 0x0B, 0xED, 0xA2, 0x49, 0x73, 0xB0, 0x68, 0xD4, 0xE5, 0x8B, 0x32, 0x98, 0x6A,
    0xD1, 0xED, 0xA8, 0x5B, 0xD4, 0x54, 0xC3, 0xA2, 0x51, 0xBB, 0xBD, 0x28, 0xBD, 0x19, 0x16, 0xBD,
    0x1C, 0x39, 0x4D, 0x9F, 0x76, 0x1A, 0xB7, 0x37, 0x16, 0x0D, 0xAD, 0xFB, 0x2B, 0x07, 0xAA, 0x99,
    0x3B, 0x42, 0x32, 0x38, 0x8D, 0x86, 0x5A, 0xBA, 0x58, 0xFD, 0x46, 0xC4, 0xAA, 0xE5, 0x27, 0xFB,
    0xD2, 0xFA, 0x50, 0x38, 0x62, 0x1A, 0xF0, 0xEB, 0xCE, 0x54, 0xDE, 0x12, 0x56, 0xEB, 0x3D, 0x29,
    0x56, 0xEB, 0xBB, 0xD2, 0xAC, 0xD6, 0x3B, 0xD2, 0xAE, 0x96, 0x15, 0x6B, 0xAA, 0x60, 0xBF, 0x58,
    0xAC, 0xB2, 0x37, 0x55, 0x26, 0xC3, 0x62, 0xE5, 0xA3, 0xA9, 0xEA, 0xDF, 0x9F, 0x17, 0x2B, 0x9D,
    0x4C, 0x25, 0x48, 0x11, 0x58, 0x33, 0x9B, 0x17, 0x85, 0xBA, 0x0A, 0x6C, 0x2C, 0xE6, 0xC5, 0x99,
    0xB2, 0x09, 0x6C, 0x24, 0x9F, 0xBF, 0xEA, 0xAD, 0x50, 0xBE, 0xBC, 0x1E, 0x43, 0xBE, 0xBD, 0x58,
    0xB5, 0xB3, 0x6A, 0x79, 0x41, 0x90, 0xA5, 0x06, 0xB9, 0x54, 0xF5, 0x62, 0x2F, 0x56, 0x26, 0x55,
    0x2E, 0xA3, 0xB3, 0x8C, 0x54, 0x27, 0xA4, 0x75, 0xD6, 0xFA, 0x08, 0x1D, 0xF6, 0x44, 0xDE, 0x8A,
    0x06, 0x42, 0xA9, 0x44, 0x04, 0x91, 0x8E, 0x23, 0xAB, 0x56, 0xEB, 0x9E, 0x1D, 0x7F, 0x0F, 0xEB,
    0xFB, 0x0C, 0xB2, 0xDB, 0xA4, 0x3D, 0xCC, 0x10, 0xCC, 0x44, 0xBD, 0xE6, 0xCF, 0xE4, 0x8D, 0xFD,
    0xFD, 0xBD, 0xA4, 0x35, 0x4F, 0x8B, 0xCC, 0x91, 0xCD, 0xC8, 0xAA, 0xB2, 0xEA, 0xB7, 0x48, 0x2B,
    0xD3, 0x1C, 0xEC, 0x3A, 0xB4, 0xBB, 0x37, 0x14, 0x5B, 0x83, 0x62, 0xBB, 0x77, 0x68, 0x14, 0x65,
    0xB5, 0xB1, 0x40, 0x66, 0xB6, 0x07, 0xD2, 0xB7, 0xF7, 0xD8, 0x76, 0x67, 0xC2, 0xD6, 0xAE, 0x62,
    0x77, 0x4B, 0x71, 0xB0, 0x4D, 0xD6, 0xC0, 0x90, 0x3E, 0x2D, 0x33, 0xA1, 0x35, 0xB7, 0xF6, 0xF7,
    0x89, 0xDB, 0xC8, 0x82, 0xFB, 0xF3, 0x04, 0xD4, 0x90, 0x77, 0x9C, 0x1A, 0x20, 0xD1, 0x47, 0x13,
    0x28, 0xE5, 0xCE, 0xBA, 0x66, 0xEF, 0x29, 0x51, 0xE1, 0x79, 0xC6, 0x83, 0x9D, 0x95, 0x16, 0x82,
    0xDF, 0x84, 0xA8, 0x85, 0x4C, 0x1A, 0x92, 0x86, 0x70, 0xAE, 0x2D, 0xA6, 0x71, 0x69, 0x7F, 0x5C,
    0x84, 0x1D, 0xC2, 0x89, 0xBC, 0x08, 0x5B, 0x98, 0x17, 0x26, 0x80, 0x2C, 0xDC, 0x04, 0xEA, 0x85,
    0xD6, 0xB1, 0xC8, 0x3F, 0xDE, 0x78, 0x7E, 0xAE, 0x50, 0x66, 0xFF, 0x1D, 0x40, 0x48, 0x07, 0x6A,
    0x47, 0x63, 0x03, 0x29, 0x98, 0x89, 0x87, 0x50, 0x5C, 0x7B, 0xD1, 0xA8, 0x42, 0x22, 0x61, 0x47,
    0xDC, 0x73, 0xB2, 0x7E, 0xA1, 0xC3, 0x74, 0x9C, 0xCE, 0x5B, 0x4B, 0xDE, 0xB0, 0x99, 0xDA, 0x2B,
    0xC1, 0x0C, 0x4F, 0x25, 0x43, 0x22, 0xB7, 0xE1, 0xC9, 0x68, 0x54, 0x7F, 0x9E, 0x5B, 0xAA, 0xE1,
    0xC8, 0xAC, 0x7C, 0x72, 0xE5, 0x53, 0xDC, 0x54, 0x9E, 0xE3, 0x50, 0x69, 0x8A, 0x51, 0x19, 0xBD,
    0xD7, 0x2B, 0x29, 0x5B, 0xEE, 0x2D, 0xA5, 0xCC, 0x2F, 0x2F, 0x22, 0x52, 0xEC, 0x6C, 0x51, 0x77,
    0x3B, 0x9B, 0xFC, 0x76, 0xBF, 0xC8, 0xF5, 0x5D, 0x27, 0x5B, 0x4E, 0x36, 0x8E, 0xCB, 0x39, 0x27,
    0x9B, 0x4E, 0x6E, 0x2C, 0xF2, 0x3B, 0x76, 0x67, 0xEB, 0xA2, 0x34, 0x3B, 0xB9, 0x4C, 0xEC, 0x6C,
    0xEF, 0x5F, 0x60, 0x39, 0xC6, 0x8F, 0x2C, 0xE5, 0xE8, 0xE5, 0xA8, 0x04, 0xB5, 0xEC, 0x01, 0x66,
    0x7E, 0x75, 0xF2, 0xB7, 0xA7, 0xAC, 0xC2, 0xB9, 0x9F, 0x76, 0xC4, 0xFF, 0x1B, 0xCE, 0x0C, 0x98,
    0x7F, 0xBC, 0x60, 0x93, 0xF4, 0xCC, 0x82, 0x33, 0x6C, 0x39, 0x18, 0x36, 0x1D, 0x92, 0x62, 0xC7,
    0x21, 0xAE, 0x6E, 0x38, 0x44, 0xCD, 0xF5, 0x3F, 0x1F, 0xEB, 0x99, 0x6B, 0xBD, 0xB5, 0x95, 0xB5,
    0xCD, 0x33, 0x0E, 0xA9, 0xEF, 0x6F, 0x8B, 0xF8, 0x7F, 0x2C, 0xB8, 0x41, 0xE8, 0xC6, 0x62, 0xA1,
    0x46, 0x2F, 0xC7, 0xF4, 0xCE, 0xCF, 0xCF, 0x3E, 0x07, 0x4C, 0x38, 0xBA, 0x04, 0x0D, 0xEC, 0xC6,
    0x9D, 0x43, 0x16, 0x0C, 0x0E, 0xA6, 0xF2, 0xBB, 0x89, 0xAF, 0x5D, 0xAA, 0x80, 0x50, 0xC4, 0xEA,
    0x45, 0x79, 0xF1, 0x02, 0xF7, 0x96, 0x67, 0xF7, 0xF7, 0x5F, 0x73, 0x7C, 0xA0, 0x20, 0xE9, 0x01,
    0x5E, 0x82, 0x27, 0xB7, 0x80, 0x13, 0x40, 0x9B, 0x15, 0xF0, 0x44, 0x40, 0x54, 0xA5, 0x0D, 0x54,
    0x61, 0x61, 0x58, 0x8C, 0x90, 0xB0, 0x3A, 0x47, 0xDA, 0x72, 0x3F, 0x51, 0xB5, 0xEB, 0x8E, 0x3C,
    0x4C, 0x5C, 0x0C, 0x6E, 0x64, 0x67, 0x49, 0x3E, 0xDE, 0x93, 0x17, 0x5C, 0xC0, 0xC4, 0x96, 0x43,
    0xA8, 0xD8, 0x36, 0x5D, 0xD8, 0x3B, 0xE3, 0x20, 0xFD, 0x6F, 0x69, 0x05, 0x45, 0x68, 0xF3, 0x3F,
    0xBC, 0x0D, 0x9C, 0x4D, 0x9A, 0xB2, 0xB2, 0xC0, 0x63, 0x33, 0x52, 0xDC, 0x00, 0x75, 0x89, 0xF5,
    0xC2, 0x99, 0x83, 0x11, 0x4E, 0x54, 0xC4, 0x53, 0x38, 0xAE, 0xBB, 0x97, 0x68, 0x80, 0xBC, 0x27,
    0xED, 0x93, 0x7E, 0xDD, 0xBF, 0x18, 0xFB, 0x13, 0xFA, 0x90, 0xD2, 0xA4, 0xDD, 0xA3, 0x3C, 0x09,
    0x42, 0xD6, 0x7E, 0xCC, 0x3D, 0xA0, 0x8C, 0x64, 0x4D, 0xC3, 0x83, 0x98, 0x8E, 0xEC, 0x8B, 0x6E,
    0x13, 0x73, 0x13, 0xCC, 0xB8, 0xBE, 0x2C, 0x0D, 0x0A, 0x8E, 0x4A, 0x2C, 0x05, 0x59, 0x07, 0x99,
    0x74, 0x7A, 0x5B, 0xFC, 0x5E, 0x3D, 0x24, 0xBF, 0x31, 0x12, 0x55, 0xC9, 0x78, 0x3A, 0x1C, 0x49,
    0x58, 0x9E, 0x10, 0x82, 0x91, 0x33, 0x20, 0xED, 0xC2, 0x1C, 0x97, 0xFA, 0xA6, 0x87, 0xF2, 0x82,
    0xBC, 0x41, 0xBA, 0xBC, 0x75, 0xDC, 0xC0, 0x58, 0xC7, 0x97, 0x88, 0x47, 0x97, 0x96, 0x0A, 0x82,
    0x85, 0x2F, 0x48, 0x01, 0x07, 0x64, 0xD7, 0xA4, 0x87, 0x1B, 0x64, 0xDF, 0xB8, 0x34, 0x80, 0x25,
    0x2B, 0x5C, 0xFA, 0x6B, 0xC8, 0xDC, 0x49, 0x27, 0x58, 0xE8, 0x7D, 0xDE, 0x5E, 0xB9, 0xB5, 0x72,
    0x73, 0xE5, 0x8D, 0x95, 0x16, 0x26, 0xB8, 0x1C, 0xB6, 0x20, 0x04, 0xF2, 0x0C, 0x20, 0xFF, 0x2B,
    0x16, 0xBD, 0x98, 0xBB, 0xC7, 0x33, 0xAB, 0x19, 0xF1, 0x6C, 0xAC, 0x5B, 0xC1, 0x63, 0x0B, 0xCD,
    0xA9, 0x48, 0x85, 0x5B, 0x6A, 0x16, 0xB7, 0x86, 0x06, 0xD5, 0x4D, 0xD5, 0x2D, 0xD5, 0x8D, 0xF7,
    0xA9, 0x3F, 0xBE, 0xAB, 0xDA, 0x3B, 0xAD, 0x3B, 0xDC, 0x03, 0x4A, 0xE1, 0x74, 0x64, 0x39, 0xB2,
    0x79, 0xC6, 0xE9, 0x72, 0xE9, 0x2E, 0x6A, 0xCE, 0x37, 0x8B, 0x46, 0xB7, 0xBA, 0x45, 0xC3, 0x4E,
    0xCF, 0xB7, 0xDA, 0xFE, 0xAE, 0xB6, 0xB6, 0x65, 0x8A, 0x45, 0x4D, 0xDC, 0x2C, 0x9A, 0xBC, 0xD8,
    0x95, 0x23, 0x91, 0xD8, 0x45, 0x03, 0x19, 0x6B, 0x91, 0xB7, 0xD7, 0x17, 0xA1, 0x32, 0x69, 0x40,
    0xBE, 0x71, 0x4D, 0x2A, 0x08, 0xA5, 0x8D, 0xA4, 0x85, 0xC0, 0xED, 0xE0, 0xAD, 0x92, 0xBB, 0xEC,
    0x7F, 0x08, 0xED, 0x7A, 0x7E, 0xA7, 0x0C, 0xA5, 0x51, 0x26, 0x82, 0xA3, 0xC8, 0xB0, 0xB2, 0x2B,
    0x65, 0xE1, 0x37, 0xA4, 0x57, 0xB6, 0xF9, 0x64, 0xAC, 0x63, 0x2A, 0xBF, 0x50, 0x39, 0xC6, 0x32,
    0xAD, 0xF5, 0xD7, 0x76, 0xEB, 0x71, 0xA5, 0xAC, 0xC7, 0xA5, 0x71, 0xE3, 0x4B, 0x5E, 0x97, 0x8E,
    0x68, 0xA9, 0x7F, 0x4B, 0x46, 0x44, 0xBE, 0x22, 0x43, 0x29, 0x9E, 0x27, 0xB4, 0x47, 0xB4, 0x44,
    0xB7, 0x3D, 0xA4, 0x50, 0x66, 0x83, 0x22, 0x98, 0x15, 0xEC, 0x7A, 0x1C, 0x40, 0x2D, 0xF2, 0x6E,
    0x7F, 0x77, 0x1E, 0x4E, 0xF9, 0x69, 0x08, 0xDD, 0xCE, 0xA0, 0x63, 0xF1, 0x28, 0x11, 0xEB, 0x60,
    0x64, 0x70, 0xC8, 0x6A, 0xC5, 0xB6, 0xC7, 0xAE, 0xC7, 0x41, 0xDD, 0x3B, 0xF4, 0x7A, 0xE6, 0x5B,
    0xEF, 0x68, 0xBD, 0x3F, 0xFA, 0xA6, 0x54, 0x04, 0xDA, 0xA6, 0xA2, 0xF3, 0xB0, 0x8A, 0x72, 0x70,
    0x98, 0xF3, 0xC9, 0x61, 0x4C, 0x45, 0x61, 0xB4, 0x42, 0x1F, 0x4B, 0xB3, 0xC0, 0x46, 0xBE, 0x5B,
    0xA4, 0x27, 0x5C, 0x50, 0x8F, 0xC4, 0x62, 0xC9, 0xA5, 0x10, 0x91, 0xCA, 0x88, 0x75, 0x08, 0x6A,
    0xCB, 0xF6, 0x31, 0x77, 0x6E, 0x78, 0xF4, 0xAA, 0xC1, 0x4B, 0xDC, 0x53, 0xF4, 0xCE, 0x0F, 0x75,
    0x95, 0x46, 0xF6, 0x52, 0xC5, 0xC4, 0x39, 0x6C, 0xDA, 0x04, 0x23, 0x5B, 0x54, 0x69, 0x1B, 0x1D,
    0x90, 0xC1, 0xE3, 0x36, 0xDA, 0x25, 0xBD, 0xCD, 0x69, 0xFB, 0xC0, 0xAE, 0x5B, 0xA1, 0xA7, 0x6F,
    0x3C, 0xB8, 0x0B, 0x65, 0x77, 0x7A, 0xF3, 0xD1, 0x85, 0xB1, 0x3D, 0xBD, 0xF5, 0xE4, 0x2E, 0xF7,
    0xD1, 0x9F, 0x4E, 0x9F, 0xDB, 0x65, 0x73, 0xA1, 0xE9, 0x76, 0xD9, 0xC2, 0x9E, 0x4E, 0x9A, 0xA5,
    0xDE, 0xAB, 0x8D, 0x9C, 0x7F, 0x51, 0xAA, 0xE0, 0x9F, 0xA0, 0xA5, 0x96, 0x49, 0xE4, 0x2D, 0x69,
    0xF8, 0xDE, 0xB4, 0x5B, 0x5E, 0x7C, 0xE7, 0x66, 0x41, 0x7B, 0xE3, 0xC1, 0x94, 0xE7, 0x36, 0xA1,
    0xBA, 0x71, 0x7F, 0xCA, 0xD9, 0x4D, 0x1D, 0x70, 0x0A, 0xFF, 0xB7, 0x21, 0xC5, 0x0F, 0xFB, 0x93,
    0x1A, 0xCF, 0xA9, 0xF1, 0xC4, 0x26, 0xAF, 0x71, 0x40, 0xCA, 0xF3, 0x9B, 0xD8, 0x44, 0x2A, 0x91,
    0x3F, 0xD5, 0x59, 0x86, 0xB5, 0xF7, 0x51, 0xBD, 0x5D, 0x3A, 0x57, 0x6F, 0x5D, 0xDF, 0xCE, 0x5B,
    0xD7, 0xB5, 0xF3, 0x96, 0x1B, 0xEA, 0xAD, 0xA3, 0x7A, 0xEB, 0xE8, 0xBC, 0x75, 0x74, 0xDE, 0x3A,
    0x3A, 0x6F, 0x1D, 0x9D, 0xB7, 0x8E, 0xCE, 0x5B, 0x0E, 0x50, 0x6F, 0x5D, 0x8F, 0xCE, 0x5B, 0x8E,
    0x4A, 0xE1, 0x71, 0xC7, 0x43, 0x5A, 0x45, 0x32, 0x2B, 0x28, 0x2B, 0x45, 0xAA, 0x4A, 0x06, 0x22,
    0x42, 0x2E, 0xD6, 0xA1, 0x16, 0x9B, 0xCA, 0x6D, 0xDE, 0x95, 0x22, 0x92, 0x26, 0xB0, 0xA3, 0xBB,
    0xC6, 0xC3, 0x77, 0xF4, 0xD2, 0x8A, 0xBE, 0xD2, 0x83, 0xD8, 0xE4, 0x75, 0x0B, 0x75, 0x6F, 0xAE,
    0x76, 0x50, 0x0E, 0x69, 0xD2, 0x42, 0x3E, 0x66, 0xA6, 0x81, 0x6C, 0xDA, 0x32, 0x15, 0x98, 0xF9,
    0x20, 0x2B, 0x16, 0xC8, 0x90, 0x03, 0x89, 0xD8, 0x2B, 0x40, 0x24, 0xF6, 0x50, 0xD1, 0x8E, 0x40,
    0x20, 0x6F, 0x0C, 0xA0, 0xCF, 0x24, 0x8A, 0xEF, 0x2A, 0xCA, 0xEF, 0x77, 0x0E, 0xB9, 0x7F, 0xC5,
    0x52, 0x8B, 0x42, 0xA4, 0xD0, 0x0A, 0x02, 0x10, 0xFE, 0x89, 0x22, 0xFA, 0x83, 0xC9, 0x21, 0x79,
    0x7D, 0x74, 0x30, 0xC7, 0xDC, 0xD9, 0xF0, 0xD8, 0xF2, 0xF8, 0xA7, 0xAA, 0xA9, 0x2C, 0xA5, 0xF1,
    0xAA, 0x1F, 0x08, 0x9C, 0x6E, 0x98, 0x02, 0xD8, 0xD4, 0x6A, 0xFD, 0x26, 0x10, 0xD8, 0x1B, 0x40,
    0xD4, 0x58, 0x20, 0xB9, 0xDA, 0x82, 0x4B, 0x56, 0xAE, 0x29, 0x3D, 0x71, 0x57, 0x1B, 0xB6, 0xEE,
    0xC4, 0xB0, 0xD3, 0x13, 0x6F, 0x59, 0xC0, 0x9C, 0x6F, 0x81, 0x34, 0xA9, 0xEE, 0x7E, 0x1C, 0xBB,
    0xB1, 0xA1, 0x6D, 0xED, 0x02, 0x51, 0xDB, 0x03, 0xF1, 0x17, 0xF5, 0xC4, 0x48, 0x3B, 0xD5, 0x13,
    0x77, 0xB5, 0xD3, 0x5A, 0xC7, 0xE3, 0x35, 0x10, 0xD1, 0xD5, 0x75, 0x5C, 0x5B, 0xC2, 0x81, 0xB2,
    0x20, 0xB4, 0x8C, 0x10, 0x75, 0x91, 0x3D, 0x7A, 0x4B, 0x76, 0x65, 0xDD, 0x4E, 0x03, 0xC9, 0xBB,
    0xEE, 0x65, 0x49, 0x2E, 0x32, 0x43, 0xB9, 0xAA, 0x8C, 0xF0, 0xC8, 0xC5, 0x4B, 0xDD, 0xDD, 0x67,
    0xED, 0xF5, 0x93, 0x94, 0x9F, 0x61, 0x9D, 0xD2, 0x51, 0xEB, 0xDE, 0x71, 0xB6, 0x91, 0xB9, 0x70,
    0x2A, 0x16, 0x08, 0xEA, 0xD1, 0x4F, 0x1A, 0x1A, 0xBE, 0x42, 0xC3, 0x56, 0xC5, 0xD5, 0xA2, 0x4D,
    0xA6, 0x9A, 0x37, 0xEE, 0x48, 0xD9, 0xAE, 0x6F, 0xDD, 0x13, 0x21, 0x1B, 0x48, 0x47, 0x8C, 0xFC,
    0xBA, 0x58, 0x1D, 0x79, 0xE1, 0xB2, 0xD7, 0x6D, 0x8E, 0x8A, 0xDF, 0x11, 0xAF, 0xFB, 0xE3, 0x72,
    0xBE, 0x58, 0x8F, 0x9A, 0x4B, 0x52, 0x21, 0x96, 0xC6, 0xFD, 0x1A, 0xC1, 0x1D, 0xF1, 0x09, 0xC8,
    0x66, 0x33, 0x20, 0x7D, 0x3E, 0x39, 0x0C, 0x7F, 0x26, 0xFC, 0x99, 0x99, 0xAF, 0xB7, 0xB6, 0x92,
    0x88, 0x8E, 0x33, 0x92, 0x16, 0x77, 0xA4, 0xEE, 0xC9, 0x27, 0x3E, 0x9B, 0xCA, 0xF2, 0xA7, 0x0F,
    0xDD, 0x08, 0x24, 0x9A, 0xD9, 0x3C, 0xC0, 0x84, 0x1D, 0xBB, 0x37, 0x15, 0xEE, 0x0E, 0x14, 0x88,
    0xBC, 0x0F, 0x33, 0x8A, 0x29, 0x10, 0x19, 0x6A, 0x99, 0xDD, 0x41, 0x91, 0x39, 0x54, 0x88, 0xC3,
    0x4C, 0x1A, 0x76, 0xE1, 0x38, 0x62, 0xA2, 0x96, 0x83, 0x3E, 0xA8, 0xA3, 0x3B, 0xEC, 0xBE, 0x96,
    0xCA, 0xD2, 0xF3, 0x26, 0xF5, 0x40, 0xA9, 0x0B, 0x08, 0xE3, 0xDC, 0xAC, 0xBC, 0x9B, 0xBA, 0x08,
    0xB2, 0x59, 0x87, 0xEB, 0x7D, 0x58, 0xD1, 0x97, 0xE3, 0x0F, 0x40, 0xBE, 0xC2, 0x9F, 0xB9, 0xD6,
    0x4B, 0x7D, 0x2B, 0x2E, 0x38, 0xF1, 0x91, 0x9B, 0x72, 0x47, 0x43, 0x97, 0xDD, 0x4D, 0xF1, 0x33,
    0x77, 0xBF, 0x48, 0xDC, 0xEF, 0x84, 0x27, 0x54, 0xAF, 0x5C, 0x7C, 0x05, 0x10, 0xBD, 0x83, 0xF9,
    0x73, 0xF7, 0x7F, 0xB3, 0xEE, 0x8E, 0x2E, 0x8F, 0xA4, 0x55, 0x6D, 0x8E, 0x16, 0x57, 0x7A, 0x94,
    0xD8, 0x83, 0x4E, 0x0F, 0x7C, 0xC1, 0xA9, 0xD6, 0x8D, 0xF4, 0x5A, 0x0B, 0x49, 0xA7, 0xF7, 0x7D,
    0xFC, 0xAD, 0x55, 0xCB, 0xF7, 0xA9, 0x3F, 0x7E, 0x53, 0x75, 0x82, 0x5F, 0x84, 0x91, 0x64, 0x22,
    0xE8, 0xF9, 0x17, 0x13, 0x91, 0x85, 0x59, 0x7B, 0x9F, 0xB5, 0x5F, 0x79, 0x7A, 0x00, 0xEA, 0x63,
    0xE9, 0xED, 0xD4, 0xEC, 0xD2, 0x43, 0x29, 0xF6, 0x21, 0xB1, 0xE4, 0x3D, 0xF9, 0xF0, 0x43, 0x7F,
    0xCA, 0xF7, 0xFD, 0x3C, 0x72, 0xA1, 0x16, 0xF9, 0xA2, 0x48, 0x2B, 0x1E, 0xB1, 0xF4, 0x94, 0x73,
    0xE1, 0x2E, 0xC7, 0x4C, 0xF7, 0x00, 0xE4, 0x8D, 0xA2, 0xC4, 0x21, 0x18, 0x15, 0x51, 0xAF, 0x30,
    0xAD, 0x22, 0x2F, 0x14, 0x33, 0x0E, 0x5F, 0xF5, 0xF8, 0xBA, 0x28, 0x44, 0x1A, 0x8F, 0xD6, 0xE1,
    0x4F, 0xC5, 0x3A, 0x74, 0x32, 0x68, 0x85, 0x72, 0x52, 0xE4, 0xA2, 0x30, 0x52, 0x39, 0x24, 0xD2,
    0x38, 0x44, 0x62, 0x1D, 0x82, 0xF5, 0x36, 0x2B, 0x13, 0xD1, 0x7A, 0x9B, 0xD5, 0xE4, 0x35, 0x38,
    0xF8, 0x97, 0x9D, 0x75, 0xB1, 0xEE, 0x5B, 0x3B, 0xA5, 0x79, 0xA3, 0xF7, 0xE4, 0xC6, 0x71, 0x56,
    0x83, 0x32, 0x11, 0xAB, 0x8C, 0xA4, 0x5D, 0xD9, 0xAD, 0xF5, 0xAD, 0xD2, 0xC8, 0x5A, 0xFF, 0xD2,
    0xA0, 0xCC, 0xD2, 0x51, 0x99, 0x9B, 0x49, 0x79, 0xC5, 0x88, 0xF2, 0x20, 0xF1, 0x1C, 0xFD, 0x23,
    0x7C, 0x30, 0x44, 0xD2, 0x00, 0x91, 0x0D, 0x57, 0xA2, 0x0D, 0x27, 0x7E, 0x13, 0x86, 0x69, 0xA8,
    0xFB, 0x35, 0xFB, 0x0E, 0xF8, 0xEB, 0x72, 0x04, 0x72, 0xC8, 0x26, 0x9F, 0xC1, 0xD2, 0x19, 0x98,
    0x40, 0x3B, 0x18, 0x7D, 0xB6, 0x09, 0x16, 0xBA, 0x86, 0xA3, 0xC1, 0xB1, 0x25, 0x19, 0xC1, 0x85,
    0x48, 0xC4, 0x22, 0x22, 0x77, 0x79, 0x54, 0xDC, 0x27, 0xBC, 0xFD, 0x06, 0xF8, 0x69, 0xC8, 0x16,
    0x86, 0x15, 0xB8, 0x29, 0xF9, 0x50, 0x48, 0x54, 0x8C, 0xB0, 0x17, 0x71, 0x92, 0x91, 0x90, 0x88,
    0x4D, 0x26, 0xEE, 0x27, 0x2E, 0xAE, 0x33, 0x72, 0x96, 0x24, 0xB0, 0xC1, 0xC8, 0x05, 0x4C, 0xE4,
    0x9E, 0x4F, 0x2A, 0x36, 0x92, 0x36, 0xEA, 0x16, 0x6E, 0x9A, 0xC6, 0x54, 0x0B, 0x87, 0xAC, 0x3A,
    0x07, 0x55, 0x64, 0xCB, 0x67, 0xF7, 0x58, 0xF2, 0x47, 0x25, 0x3F, 0x7D, 0x1D, 0x1E, 0x9B, 0x82,
    0x99, 0x2D, 0x40, 0x9F, 0xCA, 0x1D, 0xA3, 0x91, 0xBC, 0x02, 0x92, 0x81, 0xBC, 0x79, 0xA0, 0xC0,
    0xF4, 0x0B, 0xF3, 0x96, 0xCC, 0xEE, 0x95, 0x4D, 0xDD, 0x91, 0x7F, 0xA5, 0xA8, 0x2B, 0x69, 0x91,
    0x7F, 0x89, 0x30, 0x17, 0x81, 0x3C, 0x1A, 0xCC, 0x74, 0x44, 0xE3, 0xD9, 0x68, 0xE4, 0xB3, 0xEE,
    0x9D, 0x6E, 0x62, 0xF9, 0x18, 0x79, 0xF5, 0x44, 0x56, 0xF1, 0xC0, 0xA7, 0x07, 0x4E, 0x4E, 0xC0,
    0xA7, 0x8E, 0x3F, 0xA6, 0x10, 0x58, 0xA7, 0x99, 0xD5, 0xFB, 0xE0, 0xB0, 0xC8, 0xB7, 0xDD, 0xFD,
    0x6F, 0xA3, 0x2E, 0xA4, 0x0B, 0x6C, 0x59, 0x5D, 0xC1, 0x3D, 0x4C, 0x81, 0xA9, 0xF2, 0x06, 0x32,
    0x9C, 0xE6, 0x64, 0xAD, 0xD3, 0xB4, 0x83, 0x2B, 0x98, 0x45, 0x6F, 0x62, 0x5A, 0xA7, 0x69, 0xE3,
    0x34, 0x2F, 0xA0, 0x66, 0x62, 0xD1, 0x78, 0xEF, 0xEE, 0x85, 0x55, 0x36, 0x4E, 0xF3, 0xF6, 0x6E,
    0x77, 0x98, 0xF1, 0xEE, 0x07, 0xDF, 0x2A, 0x94, 0x9E, 0xA4, 0xA2, 0x94, 0x6F, 0x1D, 0x80, 0x11,
    0x0D, 0x79, 0xED, 0x6F, 0xD2, 0x47, 0xCF, 0x95, 0xA1, 0x26, 0xFF, 0xEC, 0x3F, 0xD7, 0xC0, 0x40,
    0xD2, 0x12, 0xB5, 0x60, 0x75, 0x55, 0xFB, 0x17, 0x59, 0x93, 0x46, 0x6A, 0xD6, 0x51, 0x0A, 0xF9,
    0xD7, 0x2E, 0x5E, 0x5C, 0x54, 0x96, 0x52, 0x38, 0xFB, 0xA2, 0x1E, 0x67, 0xD5, 0x4C, 0x35, 0x55,
    0x75, 0x75, 0x3F, 0x4A, 0xBC, 0xE8, 0xF3, 0x84, 0x96, 0x50, 0x5D, 0x4A, 0x2B, 0x48, 0x65, 0x02,
    0x78, 0xF6, 0x68, 0x0C, 0xEE, 0xB1, 0x9D, 0x9B, 0x49, 0x41, 0x34, 0x26, 0x15, 0xA9, 0x35, 0x05,
    0x65, 0x9B, 0x11, 0x48, 0xB3, 0x4D, 0x24, 0xC5, 0x80, 0x91, 0xB8, 0xE3, 0x23, 0xF3, 0x46, 0x40,
    0x22, 0x5D, 0xE8, 0xA2, 0x77, 0x3F, 0x49, 0xCF, 0x59, 0x62, 0x1B, 0x54, 0x84, 0xF6, 0x01, 0xE0,
    0x77, 0xAF, 0x03, 0x1F, 0x40, 0x8B, 0x8F, 0x46, 0xED, 0x9A, 0x8D, 0x87, 0xC0, 0xF5, 0xD9, 0xB2,
    0x07, 0x79, 0x75, 0xF6, 0x2C, 0x08, 0x7B, 0x1F, 0x83, 0x39, 0xA8, 0x16, 0x9D, 0xC2, 0xE2, 0xAC,
    0xEA, 0x05, 0x18, 0x83, 0x17, 0x2A, 0xD8, 0xE5, 0x97, 0x80, 0x2B, 0x7B, 0xC0, 0xA9, 0xF7, 0xFE,
    0xA1, 0xCE, 0xF4, 0x2B, 0x7A, 0xDD, 0x00, 0xA6, 0x77, 0x9A, 0x75, 0x3C, 0x04, 0x65, 0x13, 0xFF,
    0x1B, 0xA8, 0xAB, 0xC7, 0x83, 0x02, 0xE1, 0x49, 0x2A, 0x84, 0xE7, 0x16, 0x9D, 0xD9, 0xA3, 0x58,
    0xB4, 0x0A, 0xE1, 0xA6, 0xEA, 0x36, 0xC5, 0xFD, 0x90, 0x6A, 0x4E, 0x4F, 0x2A, 0x37, 0x9A, 0xE0,
    0x77, 0x5D, 0x1F, 0x04, 0xAC, 0xE5, 0x03, 0x17, 0x3C, 0x13, 0x91, 0x3D, 0x1D, 0xFA, 0x75, 0x6A,
    0xB9, 0x06, 0x24, 0x05, 0xFA, 0x78, 0xC3, 0x87, 0xD6, 0x00, 0xB3, 0x17, 0xAE, 0x61, 0x2B, 0x22,
    0xA2, 0xC2, 0x19, 0x0B, 0x4E, 0x02, 0xBA, 0x58, 0x36, 0xBD, 0x91, 0x14, 0x3A, 0xD0, 0x87, 0x31,
    0x91, 0x05, 0x38, 0x4B, 0x16, 0xAF, 0xC6, 0x65, 0xD3, 0x3D, 0xAF, 0xC6, 0x90, 0x69, 0x2E, 0xBA,
    0x2F, 0xEA, 0x72, 0xB7, 0x4D, 0xE4, 0x81, 0x4B, 0x45, 0xFD, 0xA5, 0x06, 0xE0, 0x02, 0xF2, 0x6D,
    0xB4, 0xFC, 0x33, 0x31, 0xCA, 0x13, 0xE7, 0xE7, 0x33, 0x40, 0xDC, 0x3E, 0x9A, 0x4C, 0x5B, 0x3A,
    0x92, 0x87, 0xCC, 0xB8, 0xBB, 0x7E, 0x9F, 0xB0, 0xC5, 0x3D, 0x1F, 0x28, 0xD8, 0x2E, 0x90, 0x86,
    0xA3, 0x4F, 0x14, 0x47, 0xDF, 0x28, 0x78, 0x50, 0x2F, 0x6E, 0xFC, 0x03, 0xFE, 0xF1, 0xCF, 0x14,
    0x3E, 0x19, 0xAF, 0x4A, 0x2C, 0x77, 0xF4, 0x90, 0x05, 0xF8, 0xB1, 0x34, 0xDC, 0x7F, 0x75, 0xD1,
    0x48, 0x64, 0xD1, 0xE0, 0xE2, 0xA7, 0xFF, 0xDC, 0xF3, 0x0F, 0xDE, 0xA7, 0x37, 0x55, 0xEB, 0x2F,
    0x5C, 0x94, 0xFE, 0xD8, 0xB6, 0x8F, 0xF7, 0x97, 0xA8, 0x20, 0x66, 0x2D, 0x09, 0x6C, 0xB0, 0x96,
    0x0F, 0xC3, 0xBF, 0xF3, 0x96, 0x33, 0xC2, 0xE7, 0x57, 0x33, 0x7C, 0x8A, 0xFB, 0xED, 0x6A, 0xDF,
    0x7F, 0x9D, 0x9F, 0x6A, 0x57, 0xFB, 0x6F, 0x5B, 0x3E, 0xD7, 0xAC, 0xF6, 0xBF, 0x6A, 0xC3, 0x74,
    0x35, 0x83, 0xCF, 0x35, 0x3F, 0xB1, 0xCD, 0x5A, 0x35, 0xAD, 0x1E, 0x1E, 0x57, 0xFB, 0xC1, 0x9C,
    0x9F, 0x1A, 0x56, 0xFB, 0x89, 0x9B, 0xFC, 0xAA, 0x5D, 0xED, 0x0B, 0x63, 0x68, 0xBA, 0xD5, 0x7E,
    0x71, 0x3C, 0x91, 0xAD, 0x4D, 0x46, 0x71, 0x7F, 0x7F, 0x59, 0xAD, 0xBD, 0x2E, 0xE9, 0x4B, 0xF0,
    0xE5, 0xE1, 0xB4, 0xFB, 0x5B, 0xAB, 0xCD, 0xD9, 0xAC, 0xB9, 0x3A, 0xAD, 0xAB, 0xA6, 0xCA, 0x6F,
    0x7D, 0x62, 0x04, 0x8C, 0x25, 0x28, 0xCA, 0x8F, 0x27, 0x3D, 0x90, 0xF5, 0x84, 0xC8, 0x52, 0xDB,
    0x07, 0xFA, 0x41, 0xE6, 0x87, 0x4D, 0x77, 0xBF, 0xE6, 0x9D, 0x8F, 0x31, 0x9D, 0x4D, 0xDB, 0x87,
    0xE1, 0x29, 0xD8, 0x0B, 0xC6, 0x2A, 0x6D, 0x3E, 0xEB, 0x42, 0x1F, 0x16, 0xC1, 0x54, 0x19, 0xB7,
    0x9C, 0x1E, 0xE4, 0x34, 0xCC, 0x98, 0x9F, 0x01, 0xE2, 0x2F, 0xBC, 0x04, 0x23, 0xF1, 0xCB, 0x3A,
    0x00, 0xE0, 0x21, 0x28, 0xEE, 0xD9, 0x2A, 0x0C, 0x40, 0xFD, 0x09, 0x88, 0xC7, 0xA8, 0x20, 0xED,
    0x17, 0x29, 0xBB, 0xA8, 0x08, 0xA4, 0x89, 0x89, 0xA4, 0x4A, 0x30, 0xC2, 0x07, 0xF9, 0xC8, 0xC4,
    0x47, 0x1F, 0x4A, 0x46, 0x9E, 0xAC, 0x92, 0x21, 0x7C, 0xB3, 0x48, 0xAC, 0xF9, 0x2F, 0xC4, 0x36,
    0xED, 0x08, 0xED, 0xE3, 0x2E, 0x0B, 0xBC, 0xB4, 0x66, 0x81, 0xFB, 0xF4, 0xE7, 0xA3, 0xB0, 0x1C,
    0xDD, 0x84, 0x0C, 0xB6, 0x21, 0x9F, 0x29, 0x2B, 0x72, 0x29, 0xCA, 0x6E, 0xD1, 0x2A, 0x1F, 0x9C,
    0x66, 0x33, 0x99, 0x14, 0x66, 0xE9, 0x41, 0x88, 0xA5, 0x0B, 0xDE, 0x24, 0x90, 0x31, 0xD2, 0x1D,
    0x57, 0x5C, 0x11, 0x7F, 0x59, 0xBE, 0x0C, 0xE6, 0xBC, 0x08, 0xA4, 0x38, 0xCD, 0xC8, 0x05, 0xF2,
    0xA5, 0x46, 0x4B, 0xD6, 0x44, 0xD2, 0x93, 0xB5, 0xC8, 0x48, 0x6A, 0x5D, 0xFB, 0xA6, 0x27, 0x11,
    0xCC, 0x40, 0x28, 0x94, 0x23, 0xD4, 0xD4, 0x03, 0xE4, 0xD4, 0xBD, 0x0E, 0x45, 0x47, 0xA6, 0x25,
    0x71, 0x62, 0x2A, 0x27, 0x22, 0xB3, 0x13, 0xA9, 0x9C, 0x34, 0x4E, 0x5A, 0x27, 0x5D, 0xE8, 0x04,
    0x88, 0x9D, 0x44, 0x4E, 0xC2, 0x3F, 0x53, 0xA2, 0x56, 0x25, 0x11, 0x91, 0xD9, 0xDC, 0x95, 0xD4,
    0x49, 0xE6, 0x24, 0x77, 0x42, 0x01, 0xB4, 0x10, 0xF4, 0xFE, 0x63, 0x45, 0x28, 0x33, 0x91, 0xCC,
    0xCA, 0x40, 0x66, 0xA8, 0x67, 0x60, 0xE3, 0xCF, 0xF9, 0xCD, 0x80, 0xB2, 0x48, 0x45, 0xAA, 0x4C,
    0xA4, 0xC9, 0xE5, 0xFB, 0x5D, 0x2E, 0x5F, 0xB5, 0xA5, 0xDC, 0xEA, 0x6B, 0x29, 0x3A, 0x7C, 0x70,
    0xE1, 0x49, 0x27, 0x97, 0x9D, 0x94, 0xCE, 0xAB, 0xFA, 0xB8, 0xE8, 0xB1, 0xD4, 0x09, 0xB0, 0xC9,
    0x31, 0xD9, 0xFD, 0x01, 0x72, 0xF9, 0x47, 0x94, 0x1D, 0x7C, 0xB9, 0x52, 0xE8, 0xEE, 0x30, 0x94,
    0x4E, 0x7F, 0x91, 0x06, 0x7E, 0x92, 0x63, 0xA5, 0x94, 0x56, 0x7F, 0x23, 0x69, 0x09, 0xFE, 0x42,
    0xBF, 0x1D, 0xBA, 0x2D, 0x15, 0xA9, 0xDC, 0x2F, 0xEF, 0x7B, 0x92, 0x02, 0x92, 0x35, 0x8E, 0x7E,
    0x16, 0x26, 0x80, 0x50, 0x5C, 0x29, 0x30, 0xC4, 0x6A, 0xB5, 0x18, 0x8C, 0x5A, 0x96, 0x94, 0x4C,
    0x7E, 0x8D, 0xBF, 0x21, 0x3D, 0xB9, 0xCF, 0xAA, 0xC9, 0x88, 0x50, 0x02, 0x04, 0xD3, 0x67, 0x84,
    0xC3, 0xB5, 0xA9, 0x89, 0x75, 0xF7, 0x27, 0x23, 0xC3, 0x6A, 0xF5, 0xAB, 0x95, 0x49, 0x77, 0xF7,
    0x58, 0xC1, 0x81, 0xB7, 0x06, 0xB4, 0xAE, 0xD7, 0xF2, 0xEE, 0xA3, 0xA5, 0xF6, 0x71, 0x6A, 0x04,
    0xED, 0xF7, 0xD3, 0xD2, 0xC3, 0xDD, 0xB1, 0xC0, 0x3A, 0xBE, 0xA3, 0x31, 0x1F, 0xF9, 0x71, 0xDC,
    0x37, 0x2E, 0xA9, 0xBF, 0xC7, 0x67, 0xA0, 0xA7, 0x43, 0xDE, 0x10, 0xD2, 0xAF, 0xDD, 0x08, 0x2C,
    0x97, 0xAA, 0x43, 0x92, 0xEA, 0xA9, 0x68, 0xC0, 0x54, 0xAF, 0x2D, 0xD6, 0xC3, 0xD1, 0x2E, 0x51,
    0xDB, 0x2E, 0x16, 0xC9, 0x16, 0xE1, 0x77, 0x2B, 0x67, 0x7D, 0x30, 0x03, 0x81, 0xE4, 0xED, 0xEA,
    0xB4, 0x81, 0x2D, 0x48, 0xBE, 0x56, 0x3C, 0x65, 0x2A, 0x6A, 0xFC, 0x6E, 0xA6, 0x09, 0xBE, 0xAE,
    0xE7, 0xBD, 0x14, 0xB5, 0xD1, 0x55, 0xAD, 0xDB, 0x86, 0xD6, 0x04, 0x76, 0xB1, 0xC2, 0x26, 0xE8,
    0xCF, 0x31, 0x52, 0x0E, 0x66, 0x30, 0xB3, 0x5C, 0x95, 0x82, 0xE3, 0x85, 0xD5, 0x9D, 0x39, 0x57,
    0x4C, 0x6C, 0x9E, 0xD1, 0xCF, 0x0C, 0x9B, 0xE7, 0xB8, 0xBE, 0x60, 0x31, 0xED, 0x0E, 0xCE, 0xB4,
    0xD7, 0x59, 0xCC, 0xC0, 0x5A, 0x16, 0x33, 0xE8, 0x16, 0x74, 0x36, 0x6C, 0x2D, 0x8B, 0xE9, 0xDE,
    0x9B, 0x2E, 0x66, 0xF4, 0xC5, 0x96, 0xC5, 0x8C, 0xAF, 0x36, 0x2C, 0x66, 0x72, 0xBE, 0x61, 0x31,
    0x1D, 0x96, 0x5F, 0x13, 0x57, 0x8A, 0xE8, 0x8F, 0x59, 0x4C, 0x13, 0x08, 0x26, 0x29, 0x92, 0xE6,
    0x0C, 0xA9, 0x10, 0xBD, 0x7B, 0x48, 0x26, 0x50, 0x8F, 0xFE, 0xDE, 0x5F, 0x28, 0xA8, 0x27, 0xD8,
    0xCC, 0x6B, 0xD8, 0x71, 0xAF, 0x3B, 0x7A, 0x13, 0x37, 0xD8, 0xE4, 0x6A, 0x13, 0x76, 0x4B, 0x1F,
    0xD1, 0x02, 0xEB, 0x0E, 0xEC, 0x24, 0xC5, 0x32, 0x38, 0xC3, 0x32, 0xEC, 0x33, 0x70, 0xCE, 0x9C,
    0x03, 0x93, 0x1C, 0xB0, 0xF4, 0x35, 0xB0, 0x8C, 0xC2, 0x42, 0xF8, 0x46, 0x07, 0xC1, 0x5B, 0x2D,
    0xF0, 0xDD, 0x06, 0xD0, 0xDC, 0x9F, 0x03, 0xA4, 0xB0, 0x66, 0xA0, 0x8F, 0xAE, 0x8B, 0x6C, 0x5D,
    0x28, 0xCF, 0x3B, 0xB9, 0xEE, 0xC4, 0x1E, 0x89, 0x0F, 0x71, 0xA3, 0xB2, 0xB3, 0x85, 0x4E, 0xCD,
    0x5F, 0xA1, 0x94, 0xE3, 0x5D, 0x91, 0xA5, 0xF4, 0xAA, 0x83, 0x1B, 0xC8, 0xD1, 0x3F, 0xDA, 0xF9,
    0x6B, 0xD4, 0x63, 0xFF, 0x68, 0x27, 0xD5, 0xB1, 0x65, 0xAA, 0xE9, 0xCF, 0x2D, 0x7B, 0xE2, 0x0B,
    0xE6, 0x45, 0xCD, 0xC6, 0x4D, 0x0F, 0x84, 0x76, 0x17, 0xA0, 0xDF, 0x70, 0xBA, 0x6B, 0x0A, 0x60,
    0x23, 0x6E, 0xF4, 0x7D, 0x94, 0xA6, 0xF6, 0xC6, 0x6A, 0xF6, 0xD6, 0x15, 0x6A, 0xB7, 0xB8, 0xFB,
    0xCE, 0x69, 0x2B, 0xA9, 0x00, 0xA3, 0x29, 0x3D, 0x79, 0xC1, 0x02, 0xD1, 0x57, 0x9C, 0x06, 0xEF,
    0xB5, 0xAC, 0xFB, 0xFF, 0x35, 0xDB, 0x31, 0x38, 0x89, 0xBA, 0x75, 0xD3, 0xBD, 0xC6, 0x1B, 0x0E,
    0xD0, 0xEE, 0x8F, 0xDE, 0x10, 0xA4, 0x5A, 0xE7, 0x8A, 0x93, 0x40, 0xAF, 0xFE, 0xE8, 0xDD, 0xE5,
    0x71, 0xEC, 0xD0, 0x54, 0xC0, 0xB9, 0x6D, 0x9C, 0xE6, 0x7A, 0xDC, 0x2B, 0x5A, 0x4E, 0x88, 0xDC,
    0x06, 0x5D, 0xF8, 0xAA, 0x56, 0x75, 0x44, 0xE6, 0x57, 0x65, 0x46, 0x3A, 0x4A, 0x71, 0x6A, 0xA4,
    0xD2, 0x4C, 0xD8, 0xF8, 0x97, 0xEC, 0xFE, 0x2D, 0xB8, 0x7C, 0xEF, 0x53, 0x88, 0x15, 0x19, 0x7E,
    0xA0, 0x2E, 0x13, 0x75, 0xEF, 0x7E, 0x4C, 0x33, 0xB4, 0xAB, 0x0B, 0x24, 0xFE, 0xED, 0x9F, 0x54,
    0xF7, 0x43, 0x2D, 0x64, 0xDF, 0xF8, 0x8C, 0x4C, 0xB8, 0x51, 0xF5, 0xFE, 0x3E, 0xC2, 0x22, 0x33,
    0x9C, 0x12, 0xE9, 0xD6, 0xED, 0xB3, 0x6E, 0xD6, 0x2A, 0x39, 0x2E, 0x7A, 0x0C, 0xA2, 0xBF, 0x52,
    0x09, 0xFF, 0x0A, 0x7B, 0xDB, 0xDF, 0x7F, 0x55, 0x5D, 0x7D, 0x9F, 0x40, 0xDE, 0xFB, 0x94, 0xFF,
    0x17, 0x57, 0x9F, 0xA0, 0x64, 0xF6, 0x99, 0x1F, 0x88, 0xB4, 0x61, 0x23, 0xD2, 0x40, 0x3A, 0x49,
    0x07, 0xF9, 0x58, 0xF6, 0x50, 0xEA, 0xAB, 0x2F, 0xB1, 0xE9, 0xE4, 0x5F, 0x95, 0x10, 0x49, 0xA3,
    0xFF, 0x4C, 0xAB, 0x58, 0x0C, 0x23, 0xEE, 0x60, 0x36, 0x81, 0x58, 0x77, 0x5A, 0x3D, 0xD4, 0xBD,
    0xAB, 0xE8, 0xDA, 0x79, 0x19, 0x58, 0x6F, 0xFF, 0x67, 0x8C, 0xEE, 0xFF, 0xCE, 0x19, 0xB8, 0xE9,
    0xD2, 0x1B, 0x94, 0x85, 0xCB, 0xCA, 0xFC, 0x9E, 0xFB, 0x54, 0xA5, 0xC9, 0xEC, 0xBA, 0x43, 0xEB,
    0x10, 0xBC, 0xD5, 0xB9, 0x3C, 0x1D, 0xBE, 0x61, 0x5D, 0x9E, 0x8E, 0x6E, 0xD9, 0xA0, 0xB3, 0x0E,
    0x61, 0xBB, 0xE0, 0x05, 0x4D, 0xD0, 0xF1, 0x8B, 0x9D, 0x4B, 0xD0, 0xC9, 0xC7, 0x15, 0x26, 0x6A,
    0x5D, 0x9E, 0x36, 0xB1, 0x26, 0xE8, 0x93, 0x49, 0x65, 0xE2, 0x6A, 0xE9, 0xB2, 0x30, 0x49, 0xC1,
    0xB9, 0x6C, 0xB1, 0x60, 0xF3, 0xB2, 0x62, 0x6B, 0xD0, 0x31, 0x94, 0x9D, 0x8E, 0xA1, 0xAE, 0xDC,
    0x18, 0x4E, 0x4D, 0x3E, 0x0D, 0x75, 0x7A, 0x95, 0x7D, 0x0B, 0x5F, 0x1E, 0xD8, 0x57, 0x64, 0xA2,
    0xD8, 0xFE, 0x65, 0x85, 0x1B, 0xB1, 0xE6, 0xB0, 0x7B, 0x71, 0x5D, 0xE1, 0x46, 0x0C, 0x17, 0xDD,
    0x88, 0x49, 0xE4, 0x8D, 0xCE, 0x42, 0xFE, 0xF6, 0x9F, 0xB6, 0x0B, 0xDE, 0x6B, 0xF2, 0x65, 0xC4,
    0xD1, 0x1F, 0x35, 0xE9, 0x82, 0xF8, 0xF5, 0xCA, 0xB8, 0x11, 0x7F, 0xA2, 0x32, 0xCB, 0x88, 0xD3,
    0xA4, 0x30, 0xE7, 0x1B, 0x37, 0x24, 0x37, 0xE2, 0xCD, 0x05, 0x49, 0xC1, 0xE6, 0x49, 0x4E, 0x1A,
    0xD8, 0x79, 0x9C, 0x8D, 0x05, 0xD7, 0xCF, 0xB1, 0xE5, 0xB0, 0xC9, 0xEE, 0x19, 0xC5, 0x78, 0x6E,
    0xC1, 0x4E, 0x30, 0xB8, 0xFB, 0xD9, 0xF5, 0xA8, 0x5F, 0xB0, 0x7B, 0xDD, 0xB8, 0xCE, 0xB7, 0xEC,
    0x65, 0x07, 0xF3, 0x5E, 0x2F, 0x3D, 0x44, 0xF2, 0x82, 0xD8, 0x75, 0x23, 0xAE, 0x37, 0xA2, 0x4F,
    0x69, 0x5A, 0xA8, 0x30, 0x73, 0x6D, 0x29, 0x9B, 0xCD, 0x3E, 0x90, 0x66, 0x67, 0x27, 0xFA, 0xA3,
    0xEA, 0xF9, 0x9D, 0xE4, 0x4B, 0xD5, 0xF5, 0x1B, 0x4B, 0xD7, 0xDF, 0xB1, 0x4B, 0x8F, 0xD2, 0x6C,
    0x99, 0x53, 0xC2, 0xAE, 0x91, 0xDB, 0xEC, 0xA4, 0x2F, 0xC3, 0x8D, 0x73, 0x2C, 0xB2, 0x79, 0x57,
    0x9E, 0x02, 0x76, 0x9D, 0xB3, 0xDB, 0xD7, 0x81, 0xD4, 0xB2, 0x41, 0x3C, 0x5F, 0x9B, 0xA1, 0x5E,
    0x6A, 0x10, 0x2C, 0xFD, 0x10, 0x0E, 0x98, 0x99, 0x33, 0xA9, 0xF3, 0x6C, 0x63, 0x83, 0x74, 0xE4,
    0x44, 0x07, 0xAC, 0x97, 0x9D, 0x0C, 0xFE, 0xA6, 0x1B, 0xB6, 0xEE, 0x27, 0xBA, 0xE5, 0x62, 0xE8,
    0x6F, 0xAE, 0xEE, 0x6E, 0x9A, 0x2C, 0x3F, 0xC5, 0x19, 0xB3, 0x54, 0x75, 0x31, 0xDA, 0x3C, 0xE7,
    0xA6, 0xB9, 0x1C, 0xD7, 0xCB, 0x35, 0xE9, 0xD6, 0xEB, 0x97, 0x9D, 0xDD, 0x75, 0xEA, 0xB9, 0x71,
    0x03, 0x28, 0x2D, 0x70, 0xAA, 0x3A, 0xFE, 0x6D, 0xCB, 0xAE, 0xAF, 0xD8, 0xDC, 0x35, 0xC2, 0xD2,
    0x03, 0x2C, 0x7D, 0xB0, 0x4C, 0xBE, 0x93, 0xB8, 0x42, 0xA7, 0x5B, 0xAF, 0x0B, 0xD7, 0x1B, 0xAE,
    0x3F, 0x17, 0x63, 0x27, 0x1F, 0xD5, 0xF8, 0x6A, 0x17, 0x6B, 0x6C, 0x35, 0xB2, 0xBA, 0x55, 0x08,
    0x5B, 0x15, 0xD7, 0xF0, 0xAD, 0xE3, 0xAD, 0x3F, 0x53, 0x80, 0x49, 0x81, 0x74, 0x17, 0x1E, 0xD2,
    0xC5, 0x23, 0x0D, 0x64, 0x77, 0x8E, 0x7D, 0x75, 0x3C, 0xCE, 0x5A, 0xFC, 0x47, 0x57, 0x71, 0x65,
    0x70, 0x59, 0xEF, 0xEB, 0x72, 0x4D, 0x20, 0x92, 0xAB, 0x72, 0x5E, 0x1A, 0xE5, 0xD3, 0xD2, 0x2A,
    0x0B, 0xB1, 0x3F, 0x26, 0x3B, 0xE5, 0xC7, 0xD7, 0x76, 0x3E, 0x21, 0x85, 0x52, 0x26, 0x3C, 0x3B,
    0xCF, 0x6F, 0xE1, 0x59, 0xDC, 0x65, 0xB0, 0xD2, 0x14, 0xC1, 0xC5, 0xF3, 0x4A, 0x88, 0xEE, 0x61,
    0xB6, 0x32, 0x5F, 0x98, 0xC8, 0xF2, 0x3C, 0x5D, 0xAC, 0xFB, 0xC7, 0x23, 0xAE, 0xA5, 0x14, 0x4E,
    0xC8, 0x1D, 0xFC, 0x7B, 0x62, 0x69, 0xF9, 0x9B, 0xF2, 0x1D, 0xF9, 0x75, 0xE7, 0xA8, 0x88, 0x25,
    0x9F, 0x20, 0x97, 0x0A, 0x23, 0x60, 0x16, 0x26, 0xE2, 0x43, 0x16, 0xBB, 0x21, 0xC8, 0xA0, 0x8C,
    0x64, 0x56, 0xC6, 0x22, 0x55, 0x2C, 0x90, 0x7C, 0xD7, 0x7F, 0x45, 0x36, 0x9D, 0xF4, 0x66, 0x82,
    0xB4, 0xCB, 0xA7, 0xBC, 0x87, 0xBC, 0x4D, 0x5D, 0xFB, 0xE9, 0xFA, 0xCD, 0x38, 0x93, 0x56, 0xAF,
    0x00, 0x20, 0x95, 0x51, 0x29, 0xD7, 0x26, 0x87, 0x68, 0x72, 0xD5, 0xEF, 0xFE, 0x53, 0x78, 0x4C,
    0x1F, 0x4A, 0xE5, 0x68, 0x03, 0xCF, 0x5E, 0xA9, 0xC7, 0x0B, 0x20, 0x1E, 0x5D, 0xB7, 0x38, 0xC7,
    0xC6, 0xD5, 0xA5, 0x4E, 0xA9, 0xD7, 0xBA, 0x2F, 0xC9, 0xD3, 0xC5, 0xDF, 0xBF, 0x4E, 0xFE, 0xCD,
    0xA6, 0x39, 0x49, 0x29, 0xB7, 0x8A, 0xB8, 0xDA, 0x39, 0x15, 0x16, 0x51, 0xBB, 0x19, 0x45, 0x84,
    0xF6, 0x84, 0x2A, 0x8B, 0x06, 0x3D, 0xF1, 0xA2, 0xC3, 0xA2, 0xC5, 0xA2, 0xE9, 0xAB, 0xDF, 0x0A,
    0xFB, 0xF0, 0x67, 0xA3, 0x17, 0x7E, 0xCF, 0x9E, 0x3E, 0x19, 0x56, 0x71, 0xF7, 0xC4, 0xC9, 0xB0,
    0x49, 0xBA, 0x27, 0x17, 0x4D, 0x9F, 0x3B, 0xBD, 0xE8, 0xCE, 0x93, 0xF1, 0xBF, 0x0F, 0xFF, 0xA0,
    0x7A, 0x92, 0x4B, 0xAF, 0xDE, 0xE6, 0x39, 0x1E, 0x0F, 0x5A, 0x1A, 0xCE, 0x05, 0x5D, 0x88, 0x53,
    0x9C, 0x5A, 0xA7, 0x38, 0xDD, 0xE2, 0xC8, 0xDE, 0xD0, 0xBF, 0x9A, 0xA8, 0x01, 0x9D, 0x3D, 0x40,
    0x47, 0x6B, 0x1A, 0x48, 0x2A, 0xD2, 0x0E, 0x52, 0xC8, 0xAC, 0x7F, 0x70, 0xEE, 0x61, 0x17, 0x7E,
    0x67, 0x80, 0x01, 0xDE, 0x19, 0x09, 0x2C, 0x41, 0x37, 0x11, 0x75, 0x84, 0xEF, 0x0A, 0x71, 0x43,
    0xF4, 0xB6, 0x60, 0x2A, 0xE2, 0x2A, 0xAF, 0x52, 0x30, 0x45, 0xD6, 0x6C, 0x43, 0xB6, 0x57, 0xDF,
    0xD6, 0x6F, 0xC1, 0x75, 0x3F, 0xDC, 0xF3, 0x66, 0x94, 0xA8, 0x7B, 0x6C, 0x0F, 0x88, 0x6F, 0xE9,
    0x7C, 0x99, 0xAB, 0x76, 0x02, 0xD2, 0xB8, 0xDB, 0x05, 0xB6, 0xE3, 0x1E, 0x60, 0xD7, 0x4F, 0xFD,
    0x80, 0xF4, 0x5A, 0x2D, 0x9B, 0x5C, 0x35, 0x02, 0x81, 0xB8, 0x89, 0x9A, 0x1C, 0x4C, 0x95, 0xB8,
    0x3E, 0x52, 0xE2, 0xEF, 0x1D, 0xC0, 0xB6, 0x3E, 0x8A, 0xDD, 0x5B, 0x22, 0x91, 0xD1, 0xC9, 0x00,
    0x46, 0xF4, 0x2A, 0xE4, 0x07, 0x49, 0x70, 0xF1, 0x33, 0xE2, 0x4E, 0x53, 0x79, 0xDF, 0x5F, 0x3F,
    0xE4, 0x64, 0xCB, 0xC9, 0xB6, 0x93, 0xBC, 0x4A, 0xA4, 0xC8, 0x45, 0x64, 0x54, 0xE1, 0xC4, 0x1E,
    0xC1, 0x2F, 0xFA, 0x87, 0xCA, 0x72, 0xC2, 0x48, 0xE5, 0x9F, 0x33, 0x85, 0xDC, 0x5D, 0x82, 0x03,
    0xD1, 0x54, 0x56, 0xE5, 0x7F, 0xB0, 0xE6, 0x8F, 0x27, 0xA2, 0x3E, 0x6D, 0xE6, 0xA8, 0xCF, 0x9A,
    0x99, 0xD8, 0x9A, 0x76, 0x8A, 0x86, 0xBC, 0x2A, 0x49, 0x16, 0x73, 0x0C, 0x87, 0xBC, 0x50, 0xF3,
    0xCD, 0x31, 0x1C, 0xF3, 0x22, 0x27, 0xE9, 0x7E, 0xA0, 0x69, 0x57, 0xB3, 0x24, 0x5E, 0xAB, 0x55,
    0x6A, 0x36, 0xD3, 0xD2, 0x6E, 0x55, 0xAF, 0x5D, 0xD8, 0x45, 0x08, 0x87, 0xAC, 0x2A, 0xF5, 0x2C,
    0x82, 0xB1, 0x24, 0xFF, 0x7C, 0x6B, 0xBE, 0x33, 0x80, 0xCC, 0x64, 0xD2, 0x44, 0x62, 0xD7, 0x5B,
    0x30, 0xA1, 0xB4, 0x3C, 0x52, 0xCF, 0x17, 0x2F, 0xC9, 0x17, 0x3E, 0x2D, 0xDF, 0x28, 0x4A, 0x91,
    0xB5, 0x74, 0xE5, 0x70, 0x49, 0xE6, 0x67, 0x44, 0xBE, 0x22, 0xDD, 0x23, 0x70, 0xB1, 0xE0, 0x91,
    0x0B, 0x6E, 0xA7, 0xF5, 0x58, 0x01, 0x19, 0x50, 0x57, 0xB0, 0x0D, 0xB1, 0x2C, 0x3C, 0x80, 0xBC,
    0x5C, 0x38, 0xC0, 0x56, 0x5E, 0xF9, 0x3D, 0xE7, 0xC2, 0xA8, 0xF3, 0x4C, 0x1A, 0x4F, 0x53, 0x79,
    0x66, 0x78, 0x6E, 0xAF, 0x3C, 0x58, 0x39, 0x2C, 0xBB, 0xD1, 0x85, 0xA1, 0x15, 0x91, 0x85, 0x51,
    0xE7, 0x58, 0xB7, 0x49, 0xF3, 0xEE, 0xFE, 0xCD, 0x4C, 0xC4, 0x54, 0x96, 0xCD, 0x47, 0x2E, 0x5E,
    0xCC, 0xE8, 0x18, 0xD0, 0xDE, 0x83, 0x1E, 0xED, 0x3D, 0xB2, 0x68, 0xEF, 0x71, 0x8B, 0xF6, 0x6E,
    0x1A, 0xB4, 0xF7, 0xAC, 0x42, 0x7B, 0xCF, 0x41, 0x7B, 0xBF, 0x89, 0x1F, 0xFC, 0xE8, 0xAB, 0x47,
    0xA3, 0xAF, 0xEE, 0xAF, 0x38, 0x9C, 0x7B, 0xEA, 0xDF, 0xC6, 0xEA, 0xDF, 0xE5, 0xD5, 0xBF, 0xD1,
    0xFB, 0x17, 0xF4, 0xDE, 0xBF, 0x68, 0xF5, 0x2F, 0xEE, 0x3C, 0x4D, 0xE3, 0x99, 0x56, 0x9E, 0x39,
    0x9E, 0x57, 0x56, 0x8E, 0x9E, 0xC1, 0x70, 0x6A, 0x70, 0x8C, 0x6C, 0x2D, 0xC5, 0xC2, 0xF8, 0xAD,
    0xD1, 0xB4, 0xD4, 0xAD, 0x79, 0xBD, 0x4F, 0x6C, 0x26, 0x92, 0xFE, 0x6A, 0x1F, 0xDB, 0xC5, 0xBF,
    0x3C, 0xB6, 0x51, 0x0F, 0x5C, 0x89, 0x7B, 0xE5, 0x18, 0x0D, 0xF1, 0x00, 0xC1, 0x10, 0xCE, 0x97,
    0x06, 0xF5, 0xB5, 0xFC, 0x7E, 0x8F, 0xEB, 0x3D, 0x88, 0x7A, 0xEF, 0x6B, 0x6C, 0xD1, 0xDE, 0x93,
    0x0E, 0x72, 0xC2, 0xC6, 0x1D, 0xBB, 0x42, 0xD4, 0x66, 0x3A, 0xF8, 0x60, 0x9E, 0xD1, 0xF2, 0xEC,
    0xDE, 0x91, 0x7F, 0x47, 0x2E, 0x72, 0xE4, 0x25, 0x47, 0x8E, 0x72, 0x8F, 0xAF, 0xF7, 0xB8, 0x7B,
    0x8F, 0xC7, 0xF7, 0x38, 0x7D, 0xE4, 0xF7, 0xBD, 0xAE, 0xDF, 0xE3, 0xFD, 0x3A, 0x01, 0xC1, 0xCB,
    0x64, 0xEB, 0x1C, 0x24, 0x43, 0x20, 0x7E, 0x1A, 0xBA, 0x72, 0x88, 0xC7, 0xAC, 0xD1, 0x99, 0xF8,
    0xFE, 0x60, 0xAC, 0xE9, 0xDC, 0x64, 0x5C, 0xFD, 0xAA, 0x33, 0x75, 0x3E, 0x88, 0x86, 0xD4, 0x1A,
    0x9D, 0x92, 0x23, 0x73, 0x5C, 0xCC, 0xAC, 0x33, 0x3A, 0x31, 0x77, 0xCD, 0xC8, 0x7A, 0x53, 0xA7,
    0xE7, 0xEE, 0xB9, 0xA6, 0xF1, 0xA6, 0x9F, 0xA4, 0x48, 0xDB, 0x85, 0x9C, 0xC5, 0x4C, 0x7A, 0xFF,
    0xC1, 0x85, 0x64, 0x8A, 0xC6, 0xB2, 0x81, 0x91, 0x50, 0xE4, 0x1D, 0x11, 0x00, 0x82, 0xE5, 0x11,
    0xE5, 0xB1, 0x97, 0xDD, 0x9C, 0x1D, 0xFB, 0x3F, 0x23, 0x63, 0xF1, 0xD7, 0x78, 0x5E, 0xFA, 0x6B,
    0x7C, 0xEB, 0xC7, 0xB9, 0xC6, 0x3D, 0x43, 0xEB, 0x19, 0x75, 0x97, 0x6E, 0x3B, 0x26, 0xAF, 0x8B,
    0x38, 0x9A, 0xCF, 0xDB, 0xD2, 0xCD, 0x44, 0x66, 0xBA, 0xBC, 0xC9, 0x44, 0xB6, 0xE3, 0x36, 0x6F,
    0x96, 0x39, 0x70, 0x2B, 0xAC, 0x41, 0x7B, 0xAF, 0x81, 0xD0, 0xEA, 0x3C, 0xBA, 0xDE, 0xF3, 0x09,
    0xB4, 0xF7, 0xB2, 0x41, 0x7B, 0x77, 0x0E, 0x65, 0x80, 0x59, 0xB8, 0xCD, 0x49, 0xE5, 0x01, 0x29,
    0x59, 0x0B, 0x03, 0xE9, 0x1B, 0xB5, 0x0E, 0x3E, 0x91, 0x19, 0x2D, 0xFB, 0x7B, 0x9C, 0x90, 0x3D,
    0xF5, 0x2F, 0x93, 0x51, 0x7B, 0xC8, 0x5F, 0x9C, 0xD4, 0xBF, 0xF2, 0xE9, 0xD9, 0xAF, 0x22, 0x44,
    0x7B, 0x08, 0x82, 0xD9, 0xFB, 0x17, 0x8E, 0xDE, 0xBF, 0xA8, 0xF7, 0xFE, 0x25, 0xAD, 0xF7, 0x2F,
    0x2B, 0xBC, 0x7F, 0x87, 0x5A, 0x9D, 0xC8, 0x86, 0xE7, 0x9D, 0x7F, 0xA6, 0x8A, 0x9E, 0x71, 0xFE,
    0x95, 0x17, 0x7F, 0xE1, 0x93, 0xCE, 0xBF, 0x5A, 0xE4, 0xD2, 0xE2, 0x9F, 0xE3, 0x4D, 0xE7, 0xDF,
    0xF2, 0x15, 0x69, 0xFC, 0xCB, 0xF4, 0xEF, 0x2F, 0x35, 0x67, 0x3D, 0xBB, 0x74, 0xE0, 0x73, 0x56,
    0xB7, 0xE6, 0x2C, 0xBB, 0xE6, 0x2C, 0xB7, 0xA6, 0xCD, 0x0B, 0x1D, 0xD6, 0xE5, 0xAC, 0xA0, 0x03,
    0x60, 0x3B, 0x78, 0xF3, 0x82, 0xE3, 0x41, 0x28, 0x52, 0x01, 0x43, 0xF8, 0x6E, 0x6D, 0xD7, 0x9C,
    0x35, 0xA0, 0xBD, 0x27, 0xA3, 0xF7, 0x37, 0x5E, 0x68, 0x96, 0x06, 0x93, 0x85, 0x19, 0xB1, 0x5E,
    0xC9, 0xDB, 0xC4, 0x77, 0x2E, 0x59, 0x38, 0x60, 0xAD, 0x0F, 0xCB, 0xF5, 0xA9, 0xF1, 0xCB, 0xD6,
    0xF8, 0xE5, 0x3E, 0x7E, 0x1C, 0xFA, 0xF8, 0xA1, 0xB5, 0x85, 0xB0, 0xF7, 0xF1, 0x8B, 0xAC, 0x8F,
    0x5F, 0xD2, 0xFA, 0xF8, 0x99, 0xC6, 0xC7, 0x2F, 0x2B, 0xC0, 0x49, 0x0E, 0x5A, 0xF7, 0xD0, 0xC7,
    0xAF, 0x18, 0x9F, 0xDD, 0x7F, 0xC9, 0x54, 0xD1, 0xC7, 0xFB, 0x5A, 0xEC, 0x12, 0xBF, 0xF3, 0x56,
    0xC4, 0xD6, 0x22, 0xCF, 0xB4, 0x8B, 0x7F, 0x0B, 0x3F, 0xD9, 0x58, 0x5E, 0x5B, 0xE2, 0x97, 0x15,
    0x16, 0x80, 0x9C, 0x77, 0x3E, 0xA5, 0x2D, 0x04, 0x22, 0x0D, 0x30, 0x06, 0xDE, 0xBF, 0x1E, 0xCC,
    0xE8, 0x5A, 0x54, 0xBF, 0xB4, 0xF7, 0x68, 0xA1, 0x69, 0x42, 0x1B, 0x8F, 0xAE, 0xE3, 0xC8, 0x26,
    0x3A, 0xF8, 0x68, 0x72, 0xFE, 0x1D, 0xA2, 0xF5, 0xD5, 0xBF, 0x57, 0x08, 0xD7, 0xEB, 0x33, 0x95,
    0x81, 0xC0, 0x5F, 0x9F, 0xDA, 0x52, 0x19, 0x88, 0x26, 0xA5, 0x8C, 0xD9, 0xFB, 0x11, 0x4C, 0xA4,
    0x15, 0xDA, 0x74, 0x0E, 0x04, 0x75, 0xCB, 0x15, 0x47, 0xB9, 0xCD, 0x08, 0x10, 0xCE, 0xAE, 0x3A,
    0x20, 0xAE, 0xBA, 0x7E, 0x6D, 0x78, 0x6B, 0x7F, 0xBF, 0x78, 0x9E, 0xFA, 0x93, 0xAF, 0x8B, 0x54,
    0x03, 0x4B, 0xDA, 0x59, 0x78, 0x33, 0x9E, 0xF2, 0xF8, 0xED, 0x6B, 0x55, 0x2E, 0xFD, 0x95, 0xB8,
    0x8A, 0xAA, 0x13, 0xFB, 0x8C, 0x71, 0x01, 0x10, 0x0C, 0xC9, 0x3F, 0x70, 0x46, 0x64, 0xFD, 0xF5,
    0x15, 0x77, 0xE6, 0x6D, 0x69, 0xD0, 0xDE, 0xCB, 0x16, 0xED, 0x3D, 0xD3, 0x1C, 0xBC, 0xD0, 0xC2,
    0x15, 0x4C, 0xE1, 0xFE, 0x7B, 0x24, 0x6B, 0xF2, 0xD6, 0x0D, 0x3E, 0xFD, 0x86, 0x34, 0x44, 0xC7,
    0xAF, 0x4F, 0x78, 0xC5, 0x87, 0x9E, 0x68, 0xC2, 0x47, 0x26, 0x99, 0xF0, 0x2E, 0xA5, 0x13, 0x3E,
    0x36, 0x5B, 0x93, 0x6F, 0x96, 0xDF, 0xF6, 0xC1, 0x25, 0x78, 0x73, 0x42, 0xDD, 0x8A, 0x6E, 0x4D,
    0x3A, 0xC1, 0x98, 0xA7, 0xFD, 0xBC, 0xB0, 0x11, 0x4C, 0xBE, 0x99, 0x52, 0xA4, 0x37, 0xCD, 0x6A,
    0x64, 0x3F, 0xBB, 0xFF, 0x8A, 0xCE, 0x51, 0x6E, 0x64, 0x56, 0xE3, 0x30, 0x75, 0x46, 0x28, 0x8C,
    0xE9, 0xFE, 0x4D, 0xC8, 0xE5, 0x3B, 0xFD, 0x19, 0x4E, 0xC2, 0x23, 0x17, 0xFF, 0x91, 0x3D, 0x07,
    0x7E, 0x69, 0x9F, 0x7B, 0xC4, 0x11, 0xD3, 0xE4, 0x32, 0xF8, 0x45, 0x9E, 0x5F, 0x9B, 0x7D, 0xAC,
    0x09, 0xA4, 0xC0, 0x8F, 0x46, 0x2A, 0x60, 0xE4, 0x3E, 0xEA, 0x4A, 0xC3, 0xBD, 0xA5, 0x47, 0x22,
    0xCB, 0x4D, 0xA4, 0x50, 0xA7, 0xCA, 0xDF, 0x98, 0x51, 0xA7, 0x32, 0xDF, 0x0E, 0x9C, 0xD8, 0x2F,
    0xFE, 0x72, 0xEF, 0xB7, 0xC9, 0xEC, 0x18, 0xD9, 0xB2, 0x6E, 0x16, 0xC6, 0x6F, 0x0E, 0xC6, 0xDF,
    0x65, 0xAC, 0x71, 0xB9, 0x35, 0xFD, 0x5C, 0x77, 0x1F, 0xEE, 0xFE, 0x62, 0x5A, 0x00, 0xAE, 0x98,
    0x37, 0x2E, 0x38, 0x8E, 0x3A, 0x3D, 0x04, 0x43, 0x6A, 0xF3, 0x06, 0xDC, 0x7E, 0x2A, 0x6D, 0x35,
    0xD6, 0x8D, 0xE9, 0x60, 0xD1, 0xD6, 0x31, 0xAD, 0x4C, 0xE7, 0x6A, 0xE6, 0xC4, 0xCB, 0x19, 0xFE,
    0xDE, 0x94, 0xF9, 0xC1, 0x6B, 0x7D, 0xBF, 0x36, 0x1F, 0xD8, 0xFF, 0x2D, 0x18, 0x20, 0x15, 0xCD,
    0xA9, 0x4A, 0xCD, 0xA9, 0xFB, 0x87, 0xBA, 0xCA, 0xCF, 0xF1, 0x41, 0xCD, 0x31, 0x9B, 0x40, 0xC6,
    0xC2, 0x47, 0x60, 0x7B, 0x7D, 0x93, 0x7F, 0x00, 0xB8, 0xB9, 0x1E, 0x00, 0x42, 0x71, 0xD5, 0x01,
    0xD1, 0xF7, 0x86, 0xF7, 0x21, 0xCF, 0x34, 0x4B, 0x6E, 0xDD, 0x45, 0x3E, 0xF9, 0xE2, 0xBB, 0x33,
    0x53, 0x20, 0x59, 0xD2, 0x96, 0xD4, 0x3F, 0x37, 0x6D, 0xA7, 0xCD, 0xB6, 0xAB, 0x7F, 0x90, 0x17,
    0x0F, 0xB9, 0x39, 0x1E, 0x72, 0xB4, 0x01, 0x5B, 0xEA, 0xBB, 0xE6, 0xA8, 0x2B, 0x35, 0x00, 0x49,
    0x53, 0xBF, 0xA0, 0x11, 0xA9, 0x6A, 0x6A, 0xED, 0xBD, 0xA4, 0x2C, 0x60, 0x7B, 0xE5, 0x21, 0x79,
    0xE1, 0x38, 0x92, 0x55, 0xA5, 0xC6, 0xD4, 0xB4, 0x93, 0xBF, 0xC5, 0xAE, 0x01, 0xE4, 0xD9, 0x0A,
    0x1E, 0xAB, 0x60, 0x6B, 0x8D, 0xDF, 0xC1, 0x1A, 0xBF, 0x41, 0xE3, 0xA7, 0xFE, 0x6E, 0xFD, 0x45,
    0x72, 0xAA, 0x67, 0x68, 0xB3, 0x3B, 0x8E, 0xD1, 0x5B, 0x22, 0x0D, 0x79, 0x93, 0x7C, 0x69, 0x89,
    0x08, 0x65, 0xBB, 0xDC, 0x23, 0x8D, 0xCB, 0xAD, 0x99, 0xE9, 0x75, 0x7F, 0xB0, 0x6D, 0x46, 0xD3,
    0x01, 0x07, 0xB1, 0xB8, 0x41, 0x30, 0x04, 0x32, 0xA9, 0xBF, 0xE4, 0x7A, 0x0D, 0x76, 0xE1, 0x2C,
    0xD6, 0xF9, 0xBB, 0xD4, 0xEA, 0x9D, 0xBF, 0x69, 0x97, 0x0C, 0x90, 0x91, 0xB5, 0xF1, 0xC2, 0x6D,
    0x96, 0xFF, 0xEE, 0xE1, 0x00, 0xD3, 0xA7, 0x16, 0x06, 0xA2, 0x35, 0xF7, 0xF0, 0xE1, 0xDF, 0x22,
    0x14, 0xBD, 0x0E, 0xF5, 0xA2, 0x8D, 0x2C, 0xE4, 0xE7, 0x27, 0xBD, 0x0E, 0xCB, 0xC0, 0xE7, 0x9C,
    0x6C, 0x61, 0x5A, 0xDD, 0xF3, 0x2F, 0x4C, 0xE2, 0x81, 0x2B, 0x6B, 0xEE, 0x19, 0x35, 0x6C, 0x9D,
    0xCF, 0x39, 0x27, 0xA6, 0x68, 0x8D, 0x5F, 0xDC, 0x29, 0x6B, 0xD3, 0xD4, 0xB7, 0x79, 0x8D, 0x3A,
    0xFD, 0x9C, 0x08, 0x03, 0x92, 0xA7, 0x5D, 0xDE, 0xCC, 0xF1, 0x74, 0x25, 0x6F, 0xB2, 0x26, 0x17,
    0x3B, 0xE6, 0x6D, 0xD6, 0x9C, 0x78, 0x25, 0x18, 0x32, 0x9B, 0xEB, 0x5A, 0x32, 0xB3, 0xCF, 0x39,
    0xB1, 0xE8, 0x6A, 0x6F, 0xFC, 0x75, 0x96, 0x56, 0xC9, 0x7B, 0xD2, 0x40, 0x4E, 0xDE, 0xD4, 0xBA,
    0x99, 0x29, 0xAB, 0xCC, 0xC2, 0x48, 0x59, 0xA4, 0x96, 0x60, 0xA0, 0x5C, 0x3C, 0x76, 0x83, 0xCF,
    0xDB, 0xB2, 0x71, 0x83, 0x4F, 0x44, 0xD6, 0xDC, 0xB3, 0xDC, 0x3B, 0xF6, 0xF7, 0x75, 0xDD, 0xE9,
    0xB1, 0x51, 0xE9, 0xAA, 0x60, 0xF6, 0xAF, 0xA9, 0xBF, 0x86, 0x58, 0xFD, 0x35, 0xBE, 0x47, 0xCC,
    0x23, 0x85, 0xFA, 0x6B, 0xC4, 0xFB, 0x9B, 0xBE, 0x2A, 0xC5, 0x15, 0xEF, 0x4F, 0x33, 0x2A, 0xF3,
    0x5B, 0x83, 0xE7, 0x57, 0x5D, 0xFC, 0x32, 0xF2, 0x2F, 0xB9, 0xF8, 0xE5, 0x45, 0xF9, 0xE5, 0x2F,
    0x0D, 0xC6, 0xE6, 0xBF, 0x2F, 0xBF, 0xF0, 0x79, 0x9B, 0xD8, 0x54, 0xA6, 0xDC, 0xF4, 0x89, 0x0D,
    0xF6, 0xF7, 0xAE, 0x24, 0x3E, 0x7E, 0x63, 0xA4, 0xF1, 0x0B, 0xD6, 0xF8, 0x45, 0x6B, 0xFC, 0xE2,
    0x35, 0x7E, 0xC6, 0xC5, 0x6F, 0x80, 0xD4, 0xC5, 0x6F, 0x84, 0x9C, 0xB4, 0x8D, 0x17, 0x5E, 0x21,
    0xED, 0x5C, 0x1C, 0x47, 0x4C, 0xEF, 0xFD, 0x0D, 0xEF, 0xC6, 0xEF, 0x15, 0x3E, 0xBC, 0xE4, 0x77,
    0xDD, 0x3D, 0x88, 0x54, 0x66, 0x65, 0x56, 0xC0, 0x95, 0xFD, 0x6B, 0x45, 0x0E, 0xEC, 0x90, 0x6A,
    0xFE, 0x7A, 0x9E, 0x6D, 0x46, 0xFC, 0xAD, 0xB9, 0x57, 0x0E, 0x3E, 0x5E, 0xA1, 0x4D, 0x5A, 0xC7,
    0xA8, 0x73, 0xD5, 0xC1, 0xB4, 0xAE, 0x3A, 0xA4, 0x4D, 0xCE, 0x12, 0x3F, 0xF2, 0xE2, 0x50, 0xE7,
    0xAE, 0x64, 0x74, 0xF1, 0x63, 0x0E, 0x7B, 0x17, 0xBF, 0x70, 0x8C, 0xAC, 0x8B, 0x5F, 0xF0, 0xA9,
    0xA4, 0xF5, 0xF1, 0x33, 0x8D, 0x8F, 0x5F, 0x56, 0xF8, 0xF8, 0xE5, 0xF8, 0xF8, 0x1D, 0xE2, 0xE3,
    0x37, 0xFA, 0xF8, 0x85, 0xBD, 0x8F, 0x5F, 0x64, 0x7D, 0xFC, 0x92, 0xD6, 0xC7, 0xCF, 0x34, 0x3E,
    0x7E, 0x59, 0x71, 0x2C, 0x7E, 0x7E, 0x6F, 0xB3, 0x6E, 0x6D, 0xD6, 0x9D, 0xCD, 0xBA, 0xB1, 0xB9,
    0xBB, 0xAF, 0x59, 0x97, 0xA0, 0xAE, 0x40, 0x85, 0xA9, 0x14, 0x19, 0x8A, 0x6D, 0x8F, 0x03, 0x8F,
    0x41, 0x11, 0x5A, 0x85, 0xAB, 0xA6, 0xBB, 0x19, 0xD0, 0x07, 0x30, 0xD0, 0xE7, 0x2F, 0x2D, 0xDB,
    0x1E, 0x07, 0x1E, 0x83, 0xAA, 0x56, 0x03, 0xAD, 0x86, 0xF6, 0xA6, 0x09, 0x46, 0xF1, 0x03, 0xAB,
    0x01, 0xEB, 0x6B, 0xC1, 0x44, 0xF4, 0x71, 0x60, 0xFE, 0xB4, 0x74, 0x94, 0x96, 0x7C, 0xA4, 0x6C,
    0x31, 0x33, 0x65, 0x43, 0x22, 0x64, 0x0D, 0x91, 0x54, 0x27, 0xAA, 0x45, 0x1B, 0x20, 0x94, 0x56,
    0xB5, 0x03, 0x02, 0xB1, 0x3F, 0xA2, 0xFA, 0xF3, 0xB5, 0xAE, 0x6B, 0xC7, 0x68, 0x9B, 0x79, 0x4B,
    0x2C, 0x94, 0x9D, 0xF6, 0xA5, 0xDB, 0xCE, 0x7C, 0x0A, 0xA4, 0x23, 0x95, 0xF5, 0x55, 0x55, 0x7F,
    0xF7, 0x3D, 0xCE, 0xCF, 0xFF, 0x9A, 0x0E, 0xB3, 0x22, 0x13, 0xB1, 0xE4, 0x43, 0x39, 0x2E, 0xF5,
    0x5C, 0xB5, 0x36, 0x76, 0x23, 0x8C, 0xA4, 0x0A, 0xAA, 0x45, 0xB4, 0xF1, 0x1F, 0x2A, 0x27, 0x2A,
    0xED, 0x34, 0x92, 0x42, 0xAB, 0xD5, 0xDA, 0x40, 0x9F, 0x8D, 0xBE, 0xD1, 0xD8, 0x75, 0xAA, 0xCF,
    0xA1, 0xB8, 0x07, 0x83, 0x5D, 0x57, 0x65, 0x5D, 0x98, 0x7D, 0x59, 0x85, 0x3D, 0xA4, 0x76, 0xE9,
    0xC9, 0x42, 0xD6, 0xA5, 0x5D, 0xD2, 0xEA, 0x4B, 0x2D, 0x6B, 0x1A, 0xCF, 0xAC, 0xF0, 0xCC, 0xF1,
    0x3C, 0x5C, 0x39, 0x7A, 0x7E, 0xA7, 0xF7, 0xFC, 0xAE, 0xBD, 0x34, 0x90, 0x75, 0xD9, 0xD7, 0xBF,
    0x22, 0x52, 0x18, 0x9B, 0x7F, 0xF9, 0x4B, 0x7D, 0xDE, 0x24, 0x43, 0x7D, 0xED, 0x19, 0x9B, 0xB5,
    0xA1, 0xCC, 0x79, 0xD4, 0x65, 0x2D, 0x1F, 0x7E, 0xE9, 0x70, 0xDD, 0x94, 0x8F, 0x50, 0x16, 0x10,
    0xF6, 0x7C, 0xE4, 0xCE, 0xBA, 0x30, 0x67, 0xC0, 0xF5, 0x5E, 0x36, 0x6B, 0x5A, 0x70, 0x23, 0x2A,
    0x3C, 0x73, 0x12, 0xE5, 0x21, 0xA6, 0x48, 0x3B, 0x5D, 0x98, 0x6D, 0xD9, 0xB8, 0xEA, 0xB1, 0x1C,
    0x3D, 0x88, 0xFE, 0x1F, 0xDB, 0xFF, 0xFF, 0xFF, 0xFF, 0x03, 0x08, 0x82, 0x01, 0x04, 0x00, 0xCD,
    0xD3, 0x21, 0x6C, 0xDC, 0x30, 0x14, 0x06, 0xE0, 0x3F, 0x17, 0xF5, 0xA2, 0x29, 0xC0, 0xA8, 0xA4,
    0x05, 0xC1, 0x43, 0xE6, 0xC8, 0x61, 0xA3, 0x05, 0x3D, 0x0D, 0x8C, 0xE3, 0x72, 0xB2, 0x84, 0xA3,
    0x72, 0x32, 0x32, 0x30, 0x4D, 0x9A, 0xCA, 0xA5, 0x49, 0x6E, 0x35, 0x58, 0x12, 0xA9, 0x5C, 0x0A,
    0x19, 0x58, 0x47, 0x02, 0x32, 0x29, 0x9D, 0x6C, 0xFF, 0xB3, 0x9F, 0x7B, 0xB9, 0x81, 0xC2, 0xAD,
    0x5B, 0xC8, 0xF7, 0x40, 0x6C, 0xEB, 0x7F, 0x7E, 0x06, 0x8E, 0xCE, 0xB1, 0x0D, 0x97, 0xD8, 0x90,
    0x6D, 0x47, 0x07, 0x45, 0xDE, 0xF0, 0x9D, 0x87, 0x5E, 0xCC, 0x1D, 0x6B, 0x0F, 0x33, 0xE9, 0xDB,
    0x50, 0x2D, 0xE8, 0xA6, 0x13, 0xE5, 0x0B, 0xC0, 0x4E, 0x68, 0x3C, 0x00, 0x46, 0x5D, 0x56, 0x7B,
    0xC0, 0x50, 0xBE, 0x76, 0xEF, 0x31, 0x7F, 0xEC, 0xAE, 0xC2, 0x6E, 0xFD, 0xEF, 0x39, 0xD4, 0x1E,
    0xD8, 0x70, 0x41, 0xC7, 0x16, 0x1D, 0xF9, 0x9D, 0x0C, 0xAB, 0xC0, 0x96, 0xDF, 0x00, 0x14, 0x24,
    0x47, 0xA0, 0xE2, 0x6B, 0xCE, 0x48, 0x2B, 0xB9, 0x00, 0x66, 0x46, 0x37, 0x23, 0x46, 0x84, 0x19,
    0x25, 0xE1, 0x4B, 0x08, 0x00, 0x40, 0x41, 0x62, 0xB9, 0x3D, 0x29, 0xDC, 0x85, 0xCB, 0x67, 0xFF,
    0x3D, 0xB4, 0xDF, 0xA7, 0xC9, 0x21, 0xE6, 0x47, 0x52, 0x94, 0xFB, 0x0F, 0x39, 0x8A, 0xCB, 0x51,
    0x5C, 0x8E, 0xE2, 0x24, 0x8A, 0x71, 0x39, 0x8A, 0x93, 0x0C, 0x3A, 0x73, 0xD8, 0xDA, 0x90, 0xCB,
    0x1E, 0x89, 0x72, 0xDE, 0x3C, 0x6F, 0x94, 0x2F, 0x12, 0x45, 0x90, 0xE9, 0x2B, 0xAE, 0x7E, 0xB6,
    0x90, 0xF9, 0xD3, 0x12, 0x48, 0x91, 0xD7, 0xFC, 0x6A, 0x03, 0xF2, 0x0C, 0x42, 0x13, 0x79, 0x0A,
    0xA1, 0x02, 0xF2, 0x1C, 0x42, 0xAD, 0xA9, 0xB6, 0xED, 0x7A, 0xD0, 0x61, 0x0A, 0xD6, 0x79, 0x24,
    0xFB, 0x43, 0x25, 0xD7, 0x16, 0x76, 0x6F, 0xD8, 0xE7, 0x15, 0x28, 0xFF, 0x6D, 0xA5, 0x3D, 0x2A,
    0xF6, 0x8F, 0x8D, 0x51, 0x1C, 0xF2, 0xFD, 0x7A, 0x32, 0x1C, 0x2A, 0xE0, 0xE4, 0x3D, 0x0A, 0x7B,
    0xFF, 0xB1, 0xC5, 0x86, 0xEC, 0x75, 0xCA, 0x01, 0x15, 0xEC, 0x4D, 0xEC, 0x50, 0xAC, 0xF4, 0xDC,
    0xDC, 0x11, 0x4D, 0xAC, 0xCC, 0xA4, 0x62, 0x87, 0xEA, 0x58, 0xD9, 0xE9, 0x85, 0x92, 0x9D, 0xF3,
    0x5B, 0x7D, 0xF2, 0xDC, 0x72, 0xED, 0xCB, 0x6F, 0xD5, 0xDA, 0xA1, 0xF2, 0x7F, 0xEC, 0x10, 0x72,
    0x87, 0x6E, 0xC9, 0x89, 0x0C, 0xB9, 0x9A, 0xA5, 0x43, 0x9A, 0x97, 0x00, 0x4A, 0xA9, 0xA1, 0xC2,
    0x2B, 0x0E, 0xF2, 0x0E, 0x6C, 0x7E, 0xD2, 0x5D, 0x84, 0x23, 0x4C, 0x62, 0xD8, 0xD3, 0x65, 0x38,
    0xA3, 0xE0, 0x50, 0x93, 0x2E, 0xA2, 0x32, 0x47, 0xF6, 0xE1, 0xBC, 0xC8, 0xBF, 0xFC, 0x79, 0x96,
    0xC8, 0x08, 0xE3, 0x50, 0x71, 0x86, 0xE1, 0x27, 0x4B, 0x4E, 0x0D, 0x7D, 0xA2, 0xA2, 0x07, 0x00,
    0x1C, 0x03, 0xC0, 0x45, 0x68, 0x13, 0x15, 0xF9, 0x90, 0x6C, 0x1E, 0x4E, 0xD9, 0x47, 0xCD, 0x90,
    0x96, 0x03, 0xDD, 0x35, 0x9E, 0xD4, 0x64, 0xB7, 0x76, 0xDC, 0x44, 0x37, 0xE4, 0x7C, 0x4A, 0x2E,
    0x2A, 0x58, 0x67, 0xA2, 0x66, 0xAC, 0x5D, 0xBC, 0xE1, 0x33, 0x73, 0x5D, 0x3A, 0x70, 0x8C, 0xAB,
    0xCA, 0x45, 0x1C, 0x8B, 0x56, 0xF4, 0xC8, 0xAD, 0xE2, 0x20, 0x6A, 0x06, 0xB1, 0x26, 0xC7, 0x64,
    0x41, 0xCA, 0xFF, 0x68, 0xE8, 0x45, 0xD8, 0x90, 0x3C, 0x41, 0xCD, 0xE4, 0x5B, 0x94, 0x22, 0xB1,
    0x09, 0xE0, 0x04, 0xF6, 0xA5, 0x07, 0x67, 0xD8, 0xA1, 0x5E, 0x60, 0xC3, 0x67, 0x43, 0xD9, 0xDC,
    0x55, 0x64, 0x8B, 0x9A, 0x0B, 0x8E, 0xCF, 0x00, 0xEC, 0xF0, 0x0B, 0x62, 0x40, 0x06, 0x15, 0x50,
    0x1A, 0xC0, 0xC2, 0x1C, 0x1B, 0x21, 0x0C, 0x03, 0x41, 0x14, 0x5D, 0xD9, 0x01, 0x01, 0x29, 0xB9,
    0x4A, 0x70, 0x09, 0x0E, 0x29, 0x81, 0x72, 0xEC, 0x4E, 0x28, 0x05, 0x4A, 0xA0, 0x04, 0x97, 0x40,
    0x40, 0xA0, 0x19, 0xC4, 0x2D, 0xBB, 0x73, 0x52, 0xF4, 0x47, 0xF7, 0xEE, 0x4A, 0x8C, 0x38, 0x71,
    0xCF, 0xA8, 0x3C, 0x32, 0x36, 0xB6, 0x24, 0x64, 0x0C, 0xC2, 0x44, 0xF5, 0x85, 0x45, 0x48, 0x04,
    0x97, 0xB9, 0x99, 0xFC, 0x10, 0x08, 0x93, 0x5E, 0x88, 0x4D, 0xA8, 0xC6, 0x44, 0xAC, 0x42, 0x1B,
    0xBF, 0x8A, 0xE6, 0x2B, 0x54, 0x84, 0xAF, 0x30, 0xF0, 0xE0, 0x5E, 0x15, 0x1D, 0xE4, 0xB1, 0x2A,
    0x3E, 0x33, 0xD9, 0x16, 0x85, 0xBF, 0xDF, 0x67, 0x85, 0x17, 0x9E, 0x13, 0x49, 0x4D, 0x08, 0x2D,
    0xF0, 0x6A, 0x0F, 0xA1, 0xBB, 0x08, 0x20, 0x64, 0x02, 0x18, 0x99, 0x08, 0xC5, 0x6C, 0x22, 0xD4,
    0x8B, 0x89, 0x50, 0x87, 0x89, 0x50, 0x2F, 0x26, 0x46, 0x37, 0x13, 0xA3, 0x24, 0x42, 0x49, 0x84,
    0x88, 0xF1, 0xFE, 0xDB, 0x03, 0x63, 0x28, 0x80, 0x08, 0x00,
};

static const EpdGlyph notoserif_en_18_boldGlyphs[] = {
    { 0, 0, 156, 0, 0, 0, 0 }, // U+0020
    { 8, 28, 229, 3, 27, 56, 0 }, // !
    { 15, 11, 305, 2, 27, 42, 56 }, // "
    { 20, 27, 339, 1, 27, 135, 98 }, // #
    { 19, 32, 339, 1, 29, 152, 233 }, // $
    { 32, 29, 544, 1, 28, 232, 385 }, // %
    { 29, 29, 481, 1, 28, 211, 617 }, // &
    { 7, 11, 174, 2, 27, 20, 828 }, // '
    { 12, 35, 241, 2, 29, 105, 848 }, // (
    { 12, 35, 241, 1, 29, 105, 953 }, // )
    { 17, 16, 301, 1, 29, 68, 1058 }, // *
    { 17, 17, 339, 2, 22, 73, 1126 }, // +
    { 8, 12, 176, 1, 6, 24, 1199 }, // ,
    { 11, 5, 186, 0, 13, 14, 1223 }, // -
    { 7, 7, 176, 2, 6, 13, 1237 }, // .
    { 11, 34, 173, 0, 29, 94, 1250 }, // /
    { 20, 29, 349, 1, 28, 145, 1344 }, // 0
    { 19, 27, 304, 0, 27, 129, 1489 }, // 1
    { 19, 28, 319, 1, 28, 133, 1618 }, // 2
    { 19, 29, 323, 1, 28, 138, 1751 }, // 3
    { 21, 27, 334, 0, 27, 142, 1889 }, // 4
    { 18, 28, 318, 1, 27, 126, 2031 }, // 5
    { 19, 29, 336, 1, 28, 138, 2157 }, // 6
    { 19, 27, 325, 1, 27, 129, 2295 }, // 7
    { 20, 29, 347, 1, 28, 145, 2424 }, // 8
    { 19, 29, 336, 1, 28, 138, 2569 }, // 9
    { 7, 22, 182, 2, 21, 39, 2707 }, // :
    { 7, 27, 182, 2, 21, 48, 2746 }, // ;
    { 17, 21, 339, 2, 24, 90, 2794 }, // <
    { 17, 11, 339, 2, 19, 47, 2884 }, // =
    { 17, 21, 339, 2, 24, 90, 2931 }, // >
    { 18, 29, 330, 1, 28, 131, 3021 }, // ?
    { 31, 33, 553, 2, 27, 256, 3152 }, // @
    { 29, 27, 452, 0, 27, 196, 3408 }, // A
    { 23, 27, 403, 1, 27, 156, 3604 }, // B
    { 22, 29, 401, 2, 28, 160, 3760 }, // C
    { 26, 27, 460, 1, 27, 176, 3920 }, // D
    { 23, 27, 392, 1, 27, 156, 4096 }, // E
    { 22, 27, 373, 1, 27, 149, 4252 }, // F
    { 26, 29, 462, 2, 28, 189, 4401 }, // G
    { 29, 27, 491, 1, 27, 196, 4590 }, // H
    { 14, 27, 241, 1, 27, 95, 4786 }, // I
    { 16, 36, 238, -1, 27, 144, 4881 }, // J
    { 27, 27, 440, 1, 27, 183, 5025 }, // K
    { 23, 27, 392, 1, 27, 156, 5208 }, // L
    { 34, 27, 571, 1, 27, 230, 5364 }, // M
    { 28, 27, 473, 1, 27, 189, 5594 }, // N
    { 26, 29, 472, 2, 28, 189, 5783 }, // O
    { 23, 27, 383, 1, 27, 156, 5972 }, // P
    { 26, 37, 472, 2, 28, 241, 6128 }, // Q
    { 26, 27, 427, 1, 27, 176, 6369 }, // R
    { 20, 29, 347, 1, 28, 145, 6545 }, // S
    { 25, 27, 392, 0, 27, 169, 6690 }, // T
    { 28, 28, 448, 0, 27, 196, 6859 }, // U
    { 27, 27, 419, 0, 27, 183, 7055 }, // V
    { 41, 27, 640, 0, 27, 277, 7238 }, // W
    { 28, 27, 440, 0, 27, 189, 7515 }, // X
    { 27, 27, 416, 0, 27, 183, 7704 }, // Y
    { 23, 27, 400, 1, 27, 156, 7887 }, // Z
    { 12, 34, 249, 3, 29, 102, 8043 }, // [
    { 11, 34, 173, 0, 29, 94, 8145 }, // <backslash>
    { 11, 34, 249, 1, 29, 94, 8239 }, // ]
    { 19, 18, 335, 1, 27, 86, 8333 }, // ^
    { 19, 3, 275, -1, -3, 15, 8419 }, // _
    { 11, 7, 200, 1, 29, 20, 8434 }, // `
    { 21, 22, 360, 1, 21, 116, 8454 }, // a
    { 23, 30, 389, 0, 29, 173, 8570 }, // b
    { 18, 22, 316, 1, 21, 99, 8743 }, // c
    { 23, 30, 389, 1, 29, 173, 8842 }, // d
    { 19, 22, 343, 1, 21, 105, 9015 }, // e
    { 18, 29, 244, 0, 29, 131, 9120 }, // f
    { 21, 31, 336, 0, 22, 163, 9251 }, // g
    { 25, 29, 400, 0, 29, 182, 9414 }, // h
    { 13, 29, 211, 0, 29, 95, 9596 }, // i
    { 11, 38, 207, -1, 29, 105, 9691 }, // j
    { 24, 29, 382, 0, 29, 174, 9796 }, // k
    { 13, 29, 211, 0, 29, 95, 9970 }, // l
    { 37, 21, 592, 0, 21, 195, 10065 }, // m
    { 25, 21, 400, 0, 21, 132, 10260 }, // n
    { 21, 22, 368, 1, 21, 116, 10392 }, // o
    { 23, 30, 387, 0, 21, 173, 10508 }, // p
    { 23, 30, 389, 1, 21, 173, 10681 }, // q
    { 20, 21, 314, 0, 21, 105, 10854 }, // r
    { 16, 22, 289, 1, 21, 88, 10959 }, // s
    { 15, 26, 243, 0, 25, 98, 11047 }, // t
    { 25, 22, 400, 0, 21, 138, 11145 }, // u
    { 23, 21, 364, 0, 21, 121, 11283 }, // v
    { 34, 21, 514, -1, 21, 179, 11404 }, // w
    { 24, 21, 388, 0, 21, 126, 11583 }, // x
    { 22, 30, 347, 0, 21, 165, 11709 }, // y
    { 19, 21, 317, 0, 21, 100, 11874 }, // z
    { 15, 34, 265, 1, 29, 128, 11974 }, // {
    { 3, 38, 339, 9, 29, 29, 12102 }, // |
    { 15, 34, 265, 1, 29, 128, 12131 }, // }
    { 19, 8, 339, 1, 17, 38, 12259 }, // ~
    { 0, 0, 156, 0, 0, 0, 0 }, // U+00A0
    { 8, 28, 229, 3, 21, 56, 0 }, // U+00A1
    { 18, 27, 339, 2, 27, 122, 56 }, // U+00A2
    { 20, 29, 335, 0, 28, 145, 178 }, // U+00A3
    { 17, 17, 339, 2, 22, 73, 323 }, // U+00A4
    { 21, 27, 339, 0, 27, 142, 396 }, // U+00A5
    { 3, 38, 339, 9, 29, 29, 538 }, // U+00A6
    { 17, 34, 326, 2, 29, 145, 567 }, // U+00A7
    { 14, 6, 346, 4, 29, 21, 712 }, // U+00A8
    { 28, 29, 507, 2, 28, 203, 733 }, // U+00A9
    { 14, 13, 252, 1, 27, 46, 936 }, // U+00AA
    { 17, 16, 332, 2, 18, 68, 982 }, // U+00AB
    { 17, 10, 339, 2, 15, 43, 1050 }, // U+00AC
    { 11, 5, 186, 0, 13, 14, 1093 }, // U+00AD
    { 28, 29, 507, 2, 28, 203, 1107 }, // U+00AE
    { 19, 3, 275, -1, 31, 15, 1310 }, // U+00AF
    { 13, 13, 240, 1, 28, 43, 1325 }, // U+00B0
    { 17, 22, 339, 2, 22, 94, 1368 }, // U+00B1
    { 13, 17, 240, 1, 31, 56, 1462 }, // U+00B2
    { 13, 17, 240, 1, 31, 56, 1518 }, // U+00B3
    { 11, 7, 200, 1, 29, 20, 1574 }, // U+00B4
    { 21, 30, 399, 3, 21, 158, 1594 }, // U+00B5
    { 22, 34, 376, 1, 29, 187, 1752 }, // U+00B6
    { 7, 7, 176, 2, 17, 13, 1939 }, // U+00B7
    { 10, 10, 200, 1, 1, 25, 1952 }, // U+00B8
    { 12, 17, 240, 1, 31, 51, 1977 }, // U+00B9
    { 15, 13, 262, 1, 27, 49, 2028 }, // U+00BA
    { 17, 16, 332, 2, 18, 68, 2077 }, // U+00BB
    { 31, 28, 504, 0, 27, 217, 2145 }, // U+00BC
    { 31, 28, 504, 0, 27, 217, 2362 }, // U+00BD
    { 30, 28, 504, 1, 27, 210, 2579 }, // U+00BE
    { 18, 29, 330, 2, 21, 131, 2789 }, // U+00BF
    { 29, 35, 452, 0, 35, 254, 2920 }, // U+00C0
    { 29, 35, 452, 0, 35, 254, 3174 }, // U+00C1
    { 29, 35, 452, 0, 35, 254, 3428 }, // U+00C2
    { 29, 35, 452, 0, 35, 254, 3682 }, // U+00C3
    { 29, 35, 452, 0, 35, 254, 3936 }, // U+00C4
    { 29, 33, 452, 0, 33, 240, 4190 }, // U+00C5
    { 37, 27, 596, 0, 27, 250, 4430 }, // U+00C6
    { 22, 37, 401, 2, 28, 204, 4680 }, // U+00C7
    { 23, 35, 392, 1, 35, 202, 4884 }, // U+00C8
    { 23, 35, 392, 1, 35, 202, 5086 }, // U+00C9
    { 23, 35, 392, 1, 35, 202, 5288 }, // U+00CA
    { 23, 35, 392, 1, 35, 202, 5490 }, // U+00CB
    { 15, 35, 241, 0, 35, 132, 5692 }, // U+00CC
    { 14, 35, 241, 1, 35, 123, 5824 }, // U+00CD
    { 15, 35, 241, 0, 35, 132, 5947 }, // U+00CE
    { 14, 35, 241, 1, 35, 123, 6079 }, // U+00CF
    { 26, 27, 460, 1, 27, 176, 6202 }, // U+00D0
    { 28, 35, 473, 1, 35, 245, 6378 }, // U+00D1
    { 26, 36, 472, 2, 35, 234, 6623 }, // U+00D2
    { 26, 36, 472, 2, 35, 234, 6857 }, // U+00D3
    { 26, 36, 472, 2, 35, 234, 7091 }, // U+00D4
    { 26, 36, 472, 2, 35, 234, 7325 }, // U+00D5
    { 26, 36, 472, 2, 35, 234, 7559 }, // U+00D6
    { 17, 17, 339, 2, 22, 73, 7793 }, // U+00D7
    { 26, 31, 472, 2, 29, 202, 7866 }, // U+00D8
    { 28, 36, 448, 0, 35, 252, 8068 }, // U+00D9
    { 28, 36, 448, 0, 35, 252, 8320 }, // U+00DA
    { 28, 36, 448, 0, 35, 252, 8572 }, // U+00DB
    { 28, 36, 448, 0, 35, 252, 8824 }, // U+00DC
    { 27, 35, 416, 0, 35, 237, 9076 }, // U+00DD
    { 22, 27, 383, 1, 27, 149, 9313 }, // U+00DE
    { 26, 30, 424, 0, 29, 195, 9462 }, // U+00DF
    { 21, 30, 360, 1, 29, 158, 9657 }, // U+00E0
    { 21, 30, 360, 1, 29, 158, 9815 }, // U+00E1
    { 21, 30, 360, 1, 29, 158, 9973 }, // U+00E2
    { 21, 30, 360, 1, 29, 158, 10131 }, // U+00E3
    { 21, 30, 360, 1, 29, 158, 10289 }, // U+00E4
    { 21, 32, 360, 1, 31, 168, 10447 }, // U+00E5
    { 31, 22, 525, 1, 21, 171, 10615 }, // U+00E6
    { 18, 30, 316, 1, 21, 135, 10786 }, // U+00E7
    { 19, 30, 343, 1, 29, 143, 10921 }, // U+00E8
    { 19, 30, 343, 1, 29, 143, 11064 }, // U+00E9
    { 19, 30, 343, 1, 29, 143, 11207 }, // U+00EA
    { 19, 30, 343, 1, 29, 143, 11350 }, // U+00EB
    { 14, 29, 211, -1, 29, 102, 11493 }, // U+00EC
    { 14, 29, 211, 0, 29, 102, 11595 }, // U+00ED
    { 14, 29, 211, -1, 29, 102, 11697 }, // U+00EE
    { 14, 29, 211, -1, 29, 102, 11799 }, // U+00EF
    { 21, 30, 368, 1, 29, 158, 11901 }, // U+00F0
    { 25, 29, 400, 0, 29, 182, 12059 }, // U+00F1
    { 21, 30, 368, 1, 29, 158, 12241 }, // U+00F2
    { 21, 30, 368, 1, 29, 158, 12399 }, // U+00F3
    { 21, 30, 368, 1, 29, 158, 12557 }, // U+00F4
    { 21, 30, 368, 1, 29, 158, 12715 }, // U+00F5
    { 21, 30, 368, 1, 29, 158, 12873 }, // U+00F6
    { 17, 21, 339, 2, 24, 90, 13031 }, // U+00F7
    { 21, 24, 368, 1, 22, 126, 13121 }, // U+00F8
    { 25, 30, 400, 0, 29, 188, 13247 }, // U+00F9
    { 25, 30, 400, 0, 29, 188, 13435 }, // U+00FA
    { 25, 30, 400, 0, 29, 188, 13623 }, // U+00FB
    { 25, 30, 400, 0, 29, 188, 13811 }, // U+00FC
    { 22, 38, 347, 0, 29, 209, 13999 }, // U+00FD
    { 23, 38, 387, 0, 29, 219, 14208 }, // U+00FE
    { 22, 38, 347, 0, 29, 209, 14427 }, // U+00FF
    { 36, 29, 611, 2, 28, 261, 0 }, // U+0152
    { 33, 22, 562, 1, 21, 182, 261 }, // U+0153
    { 20, 36, 347, 1, 35, 180, 443 }, // U+0160
    { 16, 30, 289, 1, 29, 120, 623 }, // U+0161
    { 27, 35, 416, 0, 35, 237, 743 }, // U+0178
    { 23, 35, 400, 1, 35, 202, 980 }, // U+017D
    { 19, 29, 317, 0, 29, 138, 1182 }, // U+017E
    { 23, 38, 298, -1, 29, 219, 0 }, // U+0192
    { 14, 7, 261, 1, 29, 25, 0 }, // U+02C6
    { 16, 7, 286, 1, 29, 28, 25 }, // U+02DC
    { 11, 7, 0, -18, 29, 20, 0 }, // U+0300
    { 11, 7, 0, -13, 29, 20, 20 }, // U+0301
    { 14, 7, 0, -18, 29, 25, 40 }, // U+0302
    { 16, 7, 0, -20, 29, 28, 65 }, // U+0303
    { 12, 4, 0, -6, 26, 12, 93 }, // U+0304
    { 18, 3, 0, -9, 31, 14, 105 }, // U+0305
    { 12, 7, 0, -6, 29, 21, 119 }, // U+0306
    { 8, 6, 0, -4, 29, 12, 140 }, // U+0307
    { 14, 6, 0, -7, 29, 21, 152 }, // U+0308
    { 10, 9, 0, -16, 31, 23, 173 }, // U+0309
    { 10, 9, 0, -5, 31, 23, 196 }, // U+030A
    { 16, 7, 0, -8, 29, 28, 219 }, // U+030B
    { 14, 7, 0, -19, 29, 25, 247 }, // U+030C
    { 4, 7, 0, -2, 29, 7, 272 }, // U+030D
    { 10, 7, 0, -5, 29, 18, 279 }, // U+030E
    { 16, 7, 0, -21, 29, 28, 297 }, // U+030F
    { 14, 12, 0, -7, 34, 42, 325 }, // U+0310
    { 12, 7, 0, -6, 29, 21, 367 }, // U+0311
    { 8, 12, 0, -4, 27, 24, 388 }, // U+0312
    { 8, 12, 0, -4, 27, 24, 412 }, // U+0313
    { 8, 12, 0, -4, 27, 24, 436 }, // U+0314
    { 8, 12, 0, -4, 27, 24, 460 }, // U+0315
    { 10, 7, 0, -5, -2, 18, 484 }, // U+0316
    { 10, 7, 0, -5, -2, 18, 502 }, // U+0317
    { 6, 7, 0, -3, -1, 11, 520 }, // U+0318
    { 6, 7, 0, -3, -1, 11, 531 }, // U+0319
    { 11, 11, 222, 0, 29, 31, 542 }, // U+031A
    { 8, 9, 0, -4, 29, 18, 573 }, // U+031B
    { 6, 9, 0, -3, 0, 14, 591 }, // U+031C
    { 8, 7, 0, -4, -1, 14, 605 }, // U+031D
    { 8, 7, 0, -4, -1, 14, 619 }, // U+031E
    { 8, 8, 0, -4, -1, 16, 633 }, // U+031F
    { 8, 3, 0, -4, -3, 6, 649 }, // U+0320
    { 8, 10, 0, -4, 2, 20, 655 }, // U+0321
    { 8, 10, 0, -4, 2, 20, 675 }, // U+0322
    { 8, 6, 0, -15, -2, 12, 695 }, // U+0323
    { 14, 6, 0, -7, -1, 21, 707 }, // U+0324
    { 10, 9, 0, -5, 0, 23, 728 }, // U+0325
    { 6, 7, 0, -3, -2, 11, 751 }, // U+0326
    { 10, 10, 0, -5, 1, 25, 762 }, // U+0327
    { 10, 9, 0, -5, 0, 23, 787 }, // U+0328
    { 4, 8, 0, -2, -1, 8, 810 }, // U+0329
    { 14, 7, 0, -7, -2, 25, 818 }, // U+032A
    { 12, 5, 0, -6, -2, 15, 843 }, // U+032B
    { 14, 7, 0, -7, -2, 25, 858 }, // U+032C
    { 14, 7, 0, -7, -2, 25, 883 }, // U+032D
    { 13, 7, 0, -7, -2, 23, 908 }, // U+032E
    { 13, 7, 0, -7, -2, 23, 931 }, // U+032F
    { 16, 7, 0, -8, -2, 28, 954 }, // U+0330
    { 12, 4, 0, -6, -3, 12, 982 }, // U+0331
    { 16, 4, 0, -8, -3, 16, 994 }, // U+0332
    { 16, 8, 0, -8, -1, 32, 1010 }, // U+0333
    { 16, 7, 0, -8, 14, 28, 1042 }, // U+0334
    { 16, 4, 0, -8, 13, 16, 1070 }, // U+0335
    { 26, 4, 0, -13, 13, 26, 1086 }, // U+0336
    { 16, 11, 0, -8, 16, 44, 1112 }, // U+0337
    { 16, 33, 0, -8, 29, 132, 1156 }, // U+0338
    { 6, 9, 0, -3, 0, 14, 1288 }, // U+0339
    { 14, 7, 0, -7, -2, 25, 1302 }, // U+033A
    { 14, 8, 0, -7, -1, 28, 1327 }, // U+033B
    { 12, 5, 0, -6, -2, 15, 1355 }, // U+033C
    { 8, 8, 0, -4, 29, 16, 1370 }, // U+033D
    { 6, 12, 0, -3, 33, 18, 1386 }, // U+033E
    { 16, 8, 0, -8, 36, 32, 1404 }, // U+033F
    { 10, 7, 0, -6, 29, 18, 1436 }, // U+0340
    { 10, 7, 0, -4, 29, 18, 1454 }, // U+0341
    { 16, 7, 0, -8, 29, 28, 1472 }, // U+0342
    { 6, 9, 0, -3, 31, 14, 1500 }, // U+0343
    { 16, 9, 0, -8, 30, 36, 1514 }, // U+0344
    { 8, 7, 0, 2, -2, 14, 1550 }, // U+0345
    { 14, 7, 0, -7, 29, 25, 1564 }, // U+0346
    { 16, 8, 0, -8, -1, 32, 1589 }, // U+0347
    { 10, 7, 0, -5, -2, 18, 1621 }, // U+0348
    { 8, 7, 0, -4, -2, 14, 1639 }, // U+0349
    { 16, 9, 0, -8, 30, 36, 1653 }, // U+034A
    { 16, 16, 0, -8, 37, 64, 1689 }, // U+034B
    { 16, 14, 0, -8, 35, 56, 1753 }, // U+034C
    { 12, 8, 0, -6, -1, 24, 1809 }, // U+034D
    { 8, 9, 0, -4, 0, 18, 1833 }, // U+034E
    { 28, 27, 0, -14, 27, 189, 1851 }, // U+034F
    { 8, 9, 0, -4, 30, 18, 2040 }, // U+0350
    { 6, 9, 0, -3, 31, 14, 2058 }, // U+0351
    { 14, 11, 0, -7, 33, 39, 2072 }, // U+0352
    { 8, 8, 0, -4, -1, 16, 2111 }, // U+0353
    { 8, 9, 0, -4, 0, 18, 2127 }, // U+0354
    { 8, 9, 0, -4, 0, 18, 2145 }, // U+0355
    { 16, 8, 0, -8, -1, 32, 2163 }, // U+0356
    { 6, 9, 0, -3, 31, 14, 2195 }, // U+0357
    { 7, 6, 0, 3, 29, 11, 2209 }, // U+0358
    { 10, 8, 0, -5, -1, 20, 2220 }, // U+0359
    { 14, 8, 0, -7, -1, 28, 2240 }, // U+035A
    { 8, 8, 0, -4, 30, 16, 2268 }, // U+035B
    { 30, 7, 0, -15, -1, 53, 2284 }, // U+035C
    { 30, 8, 0, -15, 30, 60, 2337 }, // U+035D
    { 24, 3, 0, -12, 26, 18, 2397 }, // U+035E
    { 24, 3, 0, -12, -3, 18, 2415 }, // U+035F
    { 32, 7, 0, -16, 30, 56, 2433 }, // U+0360
    { 32, 8, 0, -16, 32, 64, 2489 }, // U+0361
    { 24, 8, 0, -12, -1, 48, 2553 }, // U+0362
    { 9, 9, 0, -4, 32, 21, 2601 }, // U+0363
    { 9, 9, 0, -4, 32, 21, 2622 }, // U+0364
    { 7, 12, 0, -3, 35, 21, 2643 }, // U+0365
    { 10, 9, 0, -5, 32, 23, 2664 }, // U+0366
    { 11, 9, 0, -5, 32, 25, 2687 }, // U+0367
    { 9, 9, 0, -4, 32, 21, 2712 }, // U+0368
    { 11, 12, 0, -5, 35, 33, 2733 }, // U+0369
    { 11, 12, 0, -5, 35, 33, 2766 }, // U+036A
    { 17, 9, 0, -8, 32, 39, 2799 }, // U+036B
    { 9, 9, 0, -4, 32, 21, 2838 }, // U+036C
    { 7, 11, 0, -3, 34, 20, 2859 }, // U+036D
    { 11, 9, 0, -5, 32, 25, 2879 }, // U+036E
    { 11, 9, 0, -5, 32, 25, 2904 }, // U+036F
    { 0, 0, 300, 0, 0, 0, 0 }, // U+2000
    { 0, 0, 600, 0, 0, 0, 0 }, // U+2001
    { 0, 0, 300, 0, 0, 0, 0 }, // U+2002
    { 0, 0, 600, 0, 0, 0, 0 }, // U+2003
    { 0, 0, 200, 0, 0, 0, 0 }, // U+2004
    { 0, 0, 150, 0, 0, 0, 0 }, // U+2005
    { 0, 0, 100, 0, 0, 0, 0 }, // U+2006
    { 0, 0, 339, 0, 0, 0, 0 }, // U+2007
    { 0, 0, 176, 0, 0, 0, 0 }, // U+2008
    { 0, 0, 100, 0, 0, 0, 0 }, // U+2009
    { 0, 0, 60, 0, 0, 0, 0 }, // U+200A
    { 0, 0, 0, 0, 0, 0, 0 }, // U+200B
    { 2, 29, 0, -1, 24, 15, 0 }, // U+200C
    { 10, 31, 0, -5, 26, 78, 15 }, // U+200D
    { 9, 31, 0, -1, 26, 70, 93 }, // U+200E
    { 9, 31, 0, -8, 26, 70, 163 }, // U+200F
    { 11, 5, 186, 0, 13, 14, 233 }, // U+2010
    { 11, 5, 186, 0, 13, 14, 247 }, // U+2011
    { 19, 3, 339, 1, 15, 15, 261 }, // U+2012
    { 20, 4, 300, -1, 12, 20, 276 }, // U+2013
    { 39, 4, 600, -1, 12, 39, 296 }, // U+2014
    { 39, 4, 600, -1, 12, 39, 335 }, // U+2015
    { 11, 38, 335, 5, 29, 105, 374 }, // U+2016
    { 17, 8, 247, -1, 0, 34, 479 }, // U+2017
    { 7, 12, 168, 2, 27, 21, 513 }, // U+2018
    { 8, 12, 168, 1, 27, 24, 534 }, // U+2019
    { 8, 12, 176, 1, 6, 24, 558 }, // U+201A
    { 7, 12, 168, 2, 27, 21, 582 }, // U+201B
    { 15, 12, 293, 2, 27, 45, 603 }, // U+201C
    { 16, 12, 293, 1, 27, 48, 648 }, // U+201D
    { 16, 12, 293, 1, 6, 48, 696 }, // U+201E
    { 15, 12, 293, 2, 27, 45, 744 }, // U+201F
    { 16, 34, 287, 1, 29, 136, 789 }, // U+2020
    { 16, 34, 287, 1, 29, 136, 925 }, // U+2021
    { 11, 13, 240, 2, 20, 36, 1061 }, // U+2022
    { 13, 13, 300, 3, 20, 43, 1097 }, // U+2023
    { 7, 7, 176, 2, 17, 13, 1140 }, // U+2024
    { 18, 7, 346, 2, 17, 32, 1153 }, // U+2025
    { 30, 7, 548, 2, 6, 53, 1185 }, // U+2026
    { 7, 7, 176, 2, 15, 13, 1238 }, // U+2027
    { 0, 0, 360, 0, 0, 0, 1251 }, // U+2028
    { 0, 0, 360, 0, 0, 0, 1251 }, // U+2029
    { 9, 28, 0, -1, 23, 63, 1251 }, // U+202A
    { 9, 28, 0, -8, 23, 63, 1314 }, // U+202B
    { 10, 31, 0, -5, 26, 78, 1377 }, // U+202C
    { 10, 31, 0, -5, 26, 78, 1455 }, // U+202D
    { 10, 31, 0, -5, 26, 78, 1533 }, // U+202E
    { 0, 0, 100, 0, 0, 0, 1611 }, // U+202F
    { 47, 29, 786, 1, 28, 341, 1611 }, // U+2030
    { 63, 29, 1038, 1, 28, 457, 1952 }, // U+2031
    { 9, 10, 151, 0, 27, 23, 2409 }, // U+2032
    { 18, 10, 295, 0, 27, 45, 2432 }, // U+2033
    { 27, 10, 439, 0, 27, 68, 2477 }, // U+2034
    { 9, 10, 151, 0, 27, 23, 2545 }, // U+2035
    { 18, 10, 295, 0, 27, 45, 2568 }, // U+2036
    { 27, 10, 439, 0, 27, 68, 2613 }, // U+2037
    { 15, 11, 264, 1, 2, 42, 2681 }, // U+2038
    { 9, 16, 212, 2, 18, 36, 2723 }, // U+2039
    { 9, 16, 212, 2, 18, 36, 2759 }, // U+203A
    { 27, 27, 491, 2, 27, 183, 2795 }, // U+203B
    { 17, 28, 377, 3, 27, 119, 2978 }, // U+203C
    { 21, 29, 370, 1, 28, 153, 3097 }, // U+203D
    { 19, 3, 275, -1, 31, 15, 3250 }, // U+203E
    { 30, 7, 0, -15, -1, 53, 3265 }, // U+203F
    { 32, 8, 0, -16, 32, 64, 3318 }, // U+2040
    { 17, 27, 270, 0, 27, 115, 3382 }, // U+2041
    { 36, 29, 600, 1, 29, 261, 3497 }, // U+2042
    { 11, 7, 217, 1, 17, 20, 3758 }, // U+2043
    { 17, 27, 37, -7, 27, 115, 3778 }, // U+2044
    { 12, 34, 249, 3, 29, 102, 3893 }, // U+2045
    { 11, 34, 249, 1, 29, 94, 3995 }, // U+2046
    { 37, 29, 640, 1, 28, 269, 4089 }, // U+2047
    { 27, 29, 506, 1, 28, 196, 4358 }, // U+2048
    { 27, 29, 509, 3, 28, 196, 4554 }, // U+2049
    { 19, 29, 366, 1, 22, 138, 4750 }, // U+204A
    { 22, 34, 376, 1, 29, 187, 4888 }, // U+204B
    { 21, 14, 370, 1, 21, 74, 5075 }, // U+204C
    { 21, 14, 370, 1, 21, 74, 5149 }, // U+204D
    { 17, 16, 301, 1, 21, 68, 5223 }, // U+204E
    { 8, 27, 182, 2, 21, 54, 5291 }, // U+204F
    { 27, 29, 462, 1, 28, 196, 5345 }, // U+2050
    { 17, 32, 301, 1, 29, 136, 5541 }, // U+2051
    { 15, 28, 242, 0, 27, 105, 5677 }, // U+2052
    { 19, 8, 335, 1, 17, 38, 5782 }, // U+2053
    { 30, 8, 0, -15, 0, 60, 5820 }, // U+2054
    { 18, 18, 324, 1, 22, 81, 5880 }, // U+2055
    { 19, 22, 378, 2, 21, 105, 5961 }, // U+2056
    { 36, 10, 582, 0, 27, 90, 6066 }, // U+2057
    { 25, 22, 459, 2, 21, 138, 6156 }, // U+2058
    { 25, 22, 459, 2, 21, 138, 6294 }, // U+2059
    { 7, 29, 182, 2, 28, 51, 6432 }, // U+205A
    { 25, 29, 459, 2, 28, 182, 6483 }, // U+205B
    { 21, 21, 418, 3, 21, 111, 6665 }, // U+205C
    { 7, 29, 182, 2, 28, 51, 6776 }, // U+205D
    { 7, 29, 182, 2, 28, 51, 6827 }, // U+205E
    { 0, 0, 133, 0, 0, 0, 6878 }, // U+205F
    { 0, 0, 360, 0, 0, 0, 6878 }, // U+2060
    { 0, 0, 360, 0, 0, 0, 6878 }, // U+2061
    { 0, 0, 360, 0, 0, 0, 6878 }, // U+2062
    { 0, 0, 360, 0, 0, 0, 6878 }, // U+2063
    { 0, 0, 360, 0, 0, 0, 6878 }, // U+2064
    { 0, 0, 0, 0, 0, 0, 6878 }, // U+2066
    { 0, 0, 0, 0, 0, 0, 6878 }, // U+2067
    { 0, 0, 0, 0, 0, 0, 6878 }, // U+2068
    { 0, 0, 0, 0, 0, 0, 6878 }, // U+2069
    { 10, 31, 0, -5, 26, 78, 6878 }, // U+206A
    { 10, 31, 0, -5, 26, 78, 6956 }, // U+206B
    { 10, 31, 0, -5, 26, 78, 7034 }, // U+206C
    { 10, 31, 0, -5, 26, 78, 7112 }, // U+206D
    { 10, 31, 0, -5, 26, 78, 7190 }, // U+206E
    { 10, 31, 0, -5, 26, 78, 7268 }, // U+206F
    { 15, 17, 240, 0, 31, 64, 0 }, // U+2070
    { 9, 19, 137, 0, 29, 43, 64 }, // U+2071
    { 15, 17, 240, 0, 31, 64, 107 }, // U+2074
    { 13, 17, 240, 1, 31, 56, 171 }, // U+2075
    { 13, 17, 240, 1, 31, 56, 227 }, // U+2076
    { 13, 17, 240, 1, 31, 56, 283 }, // U+2077
    { 15, 17, 240, 0, 31, 64, 339 }, // U+2078
    { 13, 17, 240, 1, 31, 56, 403 }, // U+2079
    { 13, 14, 240, 1, 29, 46, 459 }, // U+207A
    { 13, 3, 240, 1, 23, 10, 505 }, // U+207B
    { 13, 9, 240, 1, 26, 30, 515 }, // U+207C
    { 9, 23, 150, 2, 34, 52, 545 }, // U+207D
    { 10, 23, 150, -2, 34, 58, 597 }, // U+207E
    { 16, 14, 260, 0, 24, 56, 655 }, // U+207F
    { 15, 17, 240, 0, 13, 64, 711 }, // U+2080
    { 12, 17, 240, 1, 13, 51, 775 }, // U+2081
    { 13, 17, 240, 1, 13, 56, 826 }, // U+2082
    { 13, 17, 240, 1, 13, 56, 882 }, // U+2083
    { 15, 17, 240, 0, 13, 64, 938 }, // U+2084
    { 13, 17, 240, 1, 13, 56, 1002 }, // U+2085
    { 13, 17, 240, 1, 13, 56, 1058 }, // U+2086
    { 13, 17, 240, 1, 13, 56, 1114 }, // U+2087
    { 15, 17, 240, 0, 13, 64, 1170 }, // U+2088
    { 13, 17, 240, 1, 13, 56, 1234 }, // U+2089
    { 13, 14, 240, 1, 11, 46, 1290 }, // U+208A
    { 13, 3, 240, 1, 5, 10, 1336 }, // U+208B
    { 13, 9, 240, 1, 8, 30, 1346 }, // U+208C
    { 9, 23, 150, 2, 16, 52, 1376 }, // U+208D
    { 10, 23, 150, -2, 16, 58, 1428 }, // U+208E
    { 13, 13, 234, 1, 9, 43, 1486 }, // U+2090
    { 12, 13, 223, 1, 9, 39, 1529 }, // U+2091
    { 13, 13, 239, 1, 9, 43, 1568 }, // U+2092
    { 16, 13, 252, 0, 9, 52, 1611 }, // U+2093
    { 12, 13, 223, 1, 9, 39, 1663 }, // U+2094
    { 16, 18, 260, 0, 14, 72, 1702 }, // U+2095
    { 16, 18, 248, 0, 14, 72, 1774 }, // U+2096
    { 9, 18, 137, 0, 14, 41, 1846 }, // U+2097
    { 24, 13, 385, 0, 9, 78, 1887 }, // U+2098
    { 16, 13, 260, 0, 9, 52, 1965 }, // U+2099
    { 15, 18, 251, 0, 9, 68, 2017 }, // U+209A
    { 11, 13, 187, 0, 9, 36, 2085 }, // U+209B
    { 10, 16, 158, 0, 12, 40, 2121 }, // U+209C
    { 27, 28, 462, 1, 28, 189, 0 }, // U+20A0
    { 23, 32, 401, 1, 29, 184, 189 }, // U+20A1
    { 23, 29, 401, 1, 28, 167, 373 }, // U+20A2
    { 20, 27, 339, 1, 27, 135, 540 }, // U+20A3
    { 19, 29, 339, 1, 28, 138, 675 }, // U+20A4
    { 37, 30, 592, 0, 25, 278, 813 }, // U+20A5
    { 30, 27, 473, 0, 27, 203, 1091 }, // U+20A6
    { 32, 28, 540, 1, 27, 224, 1294 }, // U+20A7
    { 41, 28, 692, 1, 27, 287, 1518 }, // U+20A8
    { 42, 27, 640, -1, 27, 284, 1805 }, // U+20A9
    { 29, 23, 535, 2, 23, 167, 2089 }, // U+20AA
    { 23, 35, 389, 1, 29, 202, 2256 }, // U+20AB
    { 20, 29, 335, 1, 28, 145, 2458 }, // U+20AC
    { 28, 27, 440, 0, 27, 189, 2603 }, // U+20AD
    { 25, 27, 392, 0, 27, 169, 2792 }, // U+20AE
    { 42, 39, 664, 0, 31, 410, 2961 }, // U+20AF
    { 22, 37, 382, 0, 28, 204, 3371 }, // U+20B0
    { 24, 27, 383, 0, 27, 162, 3575 }, // U+20B1
    { 26, 33, 462, 2, 30, 215, 3737 }, // U+20B2
    { 28, 27, 452, 0, 27, 189, 3952 }, // U+20B3
    { 23, 29, 347, -1, 28, 167, 4141 }, // U+20B4
    { 22, 33, 401, 2, 30, 182, 4308 }, // U+20B5
    { 22, 28, 356, 0, 27, 154, 4490 }, // U+20B6
    { 20, 32, 339, 0, 28, 160, 4644 }, // U+20B7
    { 21, 27, 339, 0, 27, 142, 4804 }, // U+20B8
    { 19, 27, 335, 1, 27, 129, 4946 }, // U+20B9
    { 21, 27, 339, 0, 27, 142, 5075 }, // U+20BA
    { 23, 29, 392, 0, 28, 167, 5217 }, // U+20BB
    { 25, 26, 472, 2, 26, 163, 5384 }, // U+20BC
    { 21, 27, 354, 1, 27, 142, 5547 }, // U+20BD
    { 24, 29, 420, 1, 29, 174, 5689 }, // U+20BE
    { 19, 33, 339, 1, 30, 157, 5863 }, // U+20BF
    { 18, 28, 316, 1, 21, 126, 6020 }, // U+20C0
    { 29, 28, 461, 0, 27, 203, 0 }, // U+2100
    { 29, 28, 469, 0, 27, 203, 203 }, // U+2101
    { 21, 29, 379, 1, 28, 153, 406 }, // U+2102
    { 36, 29, 600, 1, 28, 261, 559 }, // U+2103
    { 25, 27, 429, 1, 27, 169, 820 }, // U+2104
    { 29, 28, 488, 1, 27, 203, 989 }, // U+2105
    { 31, 28, 514, 1, 27, 217, 1192 }, // U+2106
    { 21, 29, 370, 1, 28, 153, 1409 }, // U+2107
    { 23, 29, 410, 1, 28, 167, 1562 }, // U+2108
    { 35, 28, 574, 1, 28, 245, 1729 }, // U+2109
    { 27, 30, 348, -4, 15, 203, 1974 }, // U+210A
    { 42, 29, 635, -1, 28, 305, 2177 }, // U+210B
    { 26, 32, 440, 0, 27, 208, 2482 }, // U+210C
    { 23, 27, 466, 3, 27, 156, 2690 }, // U+210D
    { 24, 30, 404, 1, 29, 180, 2846 }, // U+210E
    { 24, 30, 404, 1, 29, 180, 3026 }, // U+210F
    { 30, 29, 446, -1, 28, 218, 3206 }, // U+2110
    { 20, 28, 335, 1, 27, 140, 3424 }, // U+2111
    { 31, 29, 500, 0, 28, 225, 3564 }, // U+2112
    { 18, 29, 335, 1, 28, 131, 3789 }, // U+2113
    { 22, 29, 379, 1, 28, 160, 3920 }, // U+2114
    { 23, 27, 467, 3, 27, 156, 4080 }, // U+2115
    { 37, 27, 616, 1, 27, 250, 4236 }, // U+2116
    { 28, 29, 507, 2, 28, 203, 4486 }, // U+2117
    { 29, 35, 502, 1, 25, 254, 4689 }, // U+2118
    { 20, 27, 393, 3, 27, 135, 4943 }, // U+2119
    { 27, 35, 469, 2, 28, 237, 5078 }, // U+211A
    { 34, 29, 523, -1, 28, 247, 5315 }, // U+211B
    { 32, 29, 509, 0, 28, 232, 5562 }, // U+211C
    { 24, 27, 428, 3, 27, 162, 5794 }, // U+211D
    { 29, 27, 477, 1, 27, 196, 5956 }, // U+211E
    { 26, 39, 424, 1, 34, 254, 6152 }, // U+211F
    { 29, 15, 501, 1, 28, 109, 6406 }, // U+2120
    { 34, 14, 583, 1, 27, 119, 6515 }, // U+2121
    { 29, 14, 501, 1, 27, 102, 6634 }, // U+2122
    { 27, 39, 419, 0, 34, 264, 6736 }, // U+2123
    { 22, 27, 378, 1, 27, 149, 7000 }, // U+2124
    { 21, 36, 355, 0, 27, 189, 7149 }, // U+2125
    { 28, 28, 485, 1, 28, 196, 7338 }, // U+2126
    { 28, 28, 485, 2, 27, 196, 7534 }, // U+2127
    { 21, 34, 352, 0, 29, 179, 7730 }, // U+2128
    { 11, 22, 226, 1, 28, 61, 7909 }, // U+2129
    { 27, 27, 440, 1, 27, 183, 7970 }, // U+212A
    { 29, 33, 452, 0, 33, 240, 8153 }, // U+212B
    { 32, 29, 503, 0, 28, 232, 8393 }, // U+212C
    { 22, 29, 403, 2, 28, 160, 8625 }, // U+212D
    { 21, 22, 371, 1, 21, 116, 8785 }, // U+212E
    { 17, 17, 277, 0, 16, 73, 8901 }, // U+212F
    { 22, 29, 362, 1, 28, 160, 8974 }, // U+2130
    { 33, 29, 494, -1, 28, 240, 9134 }, // U+2131
    { 22, 27, 373, 1, 27, 149, 9374 }, // U+2132
    { 45, 29, 693, -1, 28, 327, 9523 }, // U+2133
    { 18, 17, 288, 0, 16, 77, 9850 }, // U+2134
    { 21, 26, 365, 1, 25, 137, 9927 }, // U+2135
    { 20, 25, 329, 0, 25, 125, 10064 }, // U+2136
    { 15, 26, 257, 0, 25, 98, 10189 }, // U+2137
    { 18, 26, 307, 0, 25, 117, 10287 }, // U+2138
    { 13, 29, 211, 0, 29, 95, 10404 }, // U+2139
    { 37, 27, 625, 2, 27, 250, 10499 }, // U+213A
    { 37, 14, 616, 1, 27, 130, 10749 }, // U+213B
    { 28, 22, 466, 1, 21, 154, 10879 }, // U+213C
    { 20, 30, 326, 0, 21, 150, 11033 }, // U+213D
    { 18, 27, 331, 3, 27, 122, 11183 }, // U+213E
    { 23, 27, 500, 3, 27, 156, 11305 }, // U+213F
    { 24, 36, 372, 0, 27, 216, 11461 }, // U+2140
    { 22, 29, 434, 3, 28, 160, 11677 }, // U+2141
    { 17, 27, 335, 1, 27, 115, 11837 }, // U+2142
    { 17, 27, 335, 1, 27, 115, 11952 }, // U+2143
    { 24, 27, 374, 0, 27, 162, 12067 }, // U+2144
    { 26, 27, 438, 1, 27, 176, 12229 }, // U+2145
    { 25, 30, 347, 0, 29, 188, 12405 }, // U+2146
    { 19, 22, 299, 0, 21, 105, 12593 }, // U+2147
    { 12, 29, 206, 1, 29, 87, 12698 }, // U+2148
    { 19, 38, 206, -6, 29, 181, 12785 }, // U+2149
    { 29, 30, 493, 1, 30, 218, 12966 }, // U+214A
    { 29, 29, 481, 0, 28, 211, 13184 }, // U+214B
    { 23, 29, 393, 1, 28, 167, 13395 }, // U+214C
    { 28, 28, 469, 0, 27, 196, 13562 }, // U+214D
    { 19, 21, 308, 0, 21, 100, 13758 }, // U+214E
    { 42, 22, 646, -1, 21, 231, 13858 }, // U+214F
    { 32, 28, 553, 1, 27, 224, 14089 }, // U+2150
    { 31, 28, 529, 1, 27, 217, 14313 }, // U+2151
    { 43, 28, 712, 1, 27, 301, 14530 }, // U+2152
    { 30, 28, 517, 1, 27, 210, 14831 }, // U+2153
    { 30, 28, 517, 1, 27, 210, 15041 }, // U+2154
    { 31, 28, 535, 1, 27, 217, 15251 }, // U+2155
    { 32, 28, 539, 1, 27, 224, 15468 }, // U+2156
    { 30, 28, 517, 1, 27, 210, 15692 }, // U+2157
    { 33, 28, 547, 0, 27, 231, 15902 }, // U+2158
    { 30, 28, 514, 1, 27, 210, 16133 }, // U+2159
    { 29, 28, 494, 1, 27, 203, 16343 }, // U+215A
    { 31, 28, 504, 0, 27, 217, 16546 }, // U+215B
    { 30, 28, 504, 1, 27, 210, 16763 }, // U+215C
    { 31, 28, 504, 0, 27, 217, 16973 }, // U+215D
    { 30, 28, 504, 1, 27, 210, 17190 }, // U+215E
    { 25, 27, 293, 1, 27, 169, 17400 }, // U+215F
    { 22, 29, 401, 1, 28, 160, 17569 }, // U+2183
    { 17, 22, 316, 1, 21, 94, 17729 }, // U+2184
    { 31, 28, 506, 0, 27, 217, 17823 }, // U+2189
    { 18, 4, 344, 2, 15, 18, 0 }, // U+2212
    { 32, 29, 457, 0, 29, 232, 0 }, // U+FB00
    { 27, 29, 431, 0, 29, 196, 232 }, // U+FB01
    { 27, 29, 431, 0, 29, 196, 428 }, // U+FB02
    { 40, 29, 644, 0, 29, 290, 624 }, // U+FB03
    { 40, 29, 644, 0, 29, 290, 914 }, // U+FB04
    { 28, 30, 452, 0, 29, 210, 1204 }, // U+FB05
    { 31, 30, 521, 1, 29, 233, 1414 }, // U+FB06
    { 35, 35, 600, 1, 29, 307, 0 }, // U+FFFD
};

static const EpdUnicodeInterval notoserif_en_18_boldIntervals[] = {
    { 0x20, 0x7E, 0x0 },
    { 0xA0, 0xFF, 0x5F },
    { 0x152, 0x153, 0xBF },
    { 0x160, 0x161, 0xC1 },
    { 0x178, 0x178, 0xC3 },
    { 0x17D, 0x17E, 0xC4 },
    { 0x192, 0x192, 0xC6 },
    { 0x2C6, 0x2C6, 0xC7 },
    { 0x2DC, 0x2DC, 0xC8 },
    { 0x300, 0x36F, 0xC9 },
    { 0x2000, 0x2064, 0x139 },
    { 0x2066, 0x2071, 0x19E },
    { 0x2074, 0x208E, 0x1AA },
    { 0x2090, 0x209C, 0x1C5 },
    { 0x20A0, 0x20C0, 0x1D2 },
    { 0x2100, 0x215F, 0x1F3 },
    { 0x2183, 0x2184, 0x253 },
    { 0x2189, 0x2189, 0x255 },
    { 0x2212, 0x2212, 0x256 },
    { 0xFB00, 0xFB06, 0x257 },
    { 0xFFFD, 0xFFFD, 0x25E },
};

static const EpdFontGroup notoserif_en_18_boldGroups[] = {
    { 0, 4863, 13082, 95, 0 },
    { 4863, 4195, 15895, 96, 95 },
    { 9058, 654, 1359, 7, 191 },
    { 9712, 82, 228, 1, 198 },
    { 9794, 60, 56, 2, 199 },
    { 9854, 1702, 3129, 112, 201 },
    { 11556, 2810, 8055, 111, 313 },
    { 14366, 886, 2457, 42, 424 },
    { 15252, 2785, 6493, 33, 466 },
    { 18037, 8479, 19142, 99, 499 },
    { 26516, 11, 20, 1, 598 },
    { 26527, 508, 1668, 7, 599 },
    { 27035, 159, 315, 1, 606 },
};

static const uint16_t notoserif_en_18_boldKernLeftCodepoints[] = {
    0x0022, 0x0026, 0x0027, 0x002A, 0x002C, 0x002E, 0x0040, 0x0041, 0x0042, 0x0044, 0x0045, 0x0046,
    0x0047, 0x004B, 0x004C, 0x004E, 0x004F, 0x0050, 0x0051, 0x0052, 0x0053, 0x0054, 0x0055, 0x0056,
    0x0057, 0x0058, 0x0059, 0x0061, 0x0062, 0x0065, 0x0066, 0x0067, 0x0068, 0x006B, 0x006D, 0x006E,
    0x006F, 0x0070, 0x0072, 0x0073, 0x0076, 0x0077, 0x0079, 0x00A1, 0x00BF, 0x00C0, 0x00C1, 0x00C2,
    0x00C3, 0x00C4, 0x00C5, 0x00C6, 0x00C8, 0x00C9, 0x00CA, 0x00CB, 0x00D0, 0x00D1, 0x00D2, 0x00D3,
    0x00D4, 0x00D5, 0x00D6, 0x00D8, 0x00D9, 0x00DA, 0x00DB, 0x00DC, 0x00DD, 0x00DE, 0x00DF, 0x00E0,
    0x00E1, 0x00E2, 0x00E3, 0x00E4, 0x00E5, 0x00E6, 0x00E8, 0x00E9, 0x00EA, 0x00EB, 0x00F0, 0x00F1,
    0x00F2, 0x00F3, 0x00F4, 0x00F5, 0x00F6, 0x00F8, 0x00FD, 0x00FE, 0x00FF, 0x0152, 0x0153, 0x0160,
    0x0161, 0x0178, 0x2018, 0x2019, 0x201A, 0x201C, 0x201D, 0x201E, 0x2026, 0x207D, 0x208D, 0x214E,
    0xFB00,
};

static const uint8_t notoserif_en_18_boldKernLeftClassIds[] = {
      1,   2,   1,   3,   4,   4,   5,   6,   7,   8,   9,  10,  11,  12,  13,  14,
      8,   3,   8,  15,  16,  17,  18,  19,  20,  21,  22,  23,  24,  25,  26,  27,
     23,  28,  23,  23,  24,  24,  29,  30,  31,  32,  33,  34,  35,  36,  36,  36,
     36,  36,  36,   9,   9,   9,   9,   9,   8,  14,   8,   8,   8,   8,   8,   8,
     18,  18,  18,  18,  22,   8,  24,  23,  23,  23,  23,  23,  23,  25,  25,  25,
     25,  25,  24,  23,  24,  24,  24,  24,  24,  24,  33,  24,  33,   9,  25,  16,
     30,  22,  37,  38,   4,  37,  38,   4,   4,  39,  40,  41,  26,
};

static const uint16_t notoserif_en_18_boldKernRightCodepoints[] = {
    0x0022, 0x0026, 0x0027, 0x0029, 0x002A, 0x002C, 0x002E, 0x003F, 0x0040, 0x0041, 0x0043, 0x0047,
    0x004F, 0x0051, 0x0053, 0x0054, 0x0055, 0x0056, 0x0057, 0x0058, 0x0059, 0x005A, 0x005D, 0x0061,
    0x0063, 0x0064, 0x0065, 0x0067, 0x006F, 0x0071, 0x0073, 0x0075, 0x0076, 0x0077, 0x0079, 0x007A,
    0x007D, 0x00AB, 0x00B7, 0x00BB, 0x00C0, 0x00C1, 0x00C2, 0x00C3, 0x00C4, 0x00C5, 0x00C6, 0x00C7,
    0x00D2, 0x00D3, 0x00D4, 0x00D5, 0x00D6, 0x00D8, 0x00D9, 0x00DA, 0x00DB, 0x00DC, 0x00DD, 0x00E0,
    0x00E1, 0x00E2, 0x00E3, 0x00E4, 0x00E5, 0x00E6, 0x00E7, 0x00E8, 0x00E9, 0x00EA, 0x00EB, 0x00EC,
    0x00EE, 0x00EF, 0x00F0, 0x00F2, 0x00F3, 0x00F4, 0x00F5, 0x00F6, 0x00F8, 0x00F9, 0x00FA, 0x00FB,
    0x00FC, 0x00FD, 0x00FF, 0x0152, 0x0153, 0x0160, 0x0161, 0x0178, 0x017D, 0x017E, 0x2018, 0x2019,
    0x201A, 0x201C, 0x201D, 0x201E, 0x2026, 0x2039, 0x203A, 0x207E, 0x208E, 0x2122, 0x2126,
};

static const uint8_t notoserif_en_18_boldKernRightClassIds[] = {
      1,   2,   1,   3,   4,   5,   6,   7,   8,   9,  10,  10,  10,  10,  11,   7,
     12,  13,  14,  15,  16,  17,   3,  18,  19,  19,  19,  20,  19,  19,  21,  22,
     23,  24,  25,  26,   3,  27,  28,  27,   9,   9,   9,   9,   9,   9,  29,  10,
     10,  10,  10,  10,  10,  10,  12,  12,  12,  12,  16,  18,  18,  18,  18,  18,
     18,  18,  19,  19,  19,  19,  19,  30,  30,  30,  19,  19,  19,  19,  19,  19,
     19,  22,  22,  22,  22,  25,  25,  10,  19,  11,  21,  16,  17,  26,  31,   4,
      6,  31,   4,   6,   6,  27,  27,  32,  33,   4,  34,
};

static const uint16_t notoserif_en_18_boldKernRowOffsets[] = {
        0,     4,     8,    13,    22,    24,    39,    50,    59,    62,    71,    76,    82,    93,    94,   104,
      113,   125,   130,   141,   152,   156,   169,   171,   175,   178,   182,   183,   185,   189,   190,   193,
      196,   199,   202,   206,   221,   223,   229,   230,   231,   235,
};

static const uint8_t notoserif_en_18_boldKernSparseCols[] = {
      8,  18,  19,  28,   6,  12,  13,  15,   1,   4,   5,   8,  28,   6,   9,  11,
     12,  13,  15,  22,  23,  24,   8,  15,   0,   3,   6,   9,  11,  12,  13,  15,
     18,  19,  21,  22,  23,  24,  30,   3,   6,   8,  12,  13,  14,  15,  16,  23,
     24,  28,   4,   5,   6,   8,  12,  13,  14,  15,  28,  12,  13,  15,   1,   4,
      5,   7,   8,  17,  18,  19,  28,   6,  12,  13,  15,  28,   9,  18,  19,  21,
     23,  24,   0,   3,   6,  12,  13,  15,  22,  23,  24,  27,  30,  26,   3,   6,
      9,  11,  12,  13,  15,  22,  23,  24,   6,   8,  12,  13,  14,  15,  23,  24,
     28,   1,   4,   5,   7,   8,   9,  17,  18,  19,  20,  28,  33,   4,   5,   7,
      8,  28,   1,   4,   5,   7,   8,   9,  17,  18,  19,  20,  28,   4,   5,   7,
      8,   9,  17,  18,  19,  20,  25,  28,   9,  10,  23,  24,   1,   4,   5,   7,
      8,   9,  10,  17,  18,  19,  20,  25,  28,   0,  24,  12,  13,  15,  24,  12,
     13,  15,   0,   2,   3,  29,  13,  18,  19,   3,   4,   5,  17,  15,   4,   5,
      8,   4,   5,   8,   4,   5,   8,  12,  13,  15,   6,  12,  13,  15,   0,   3,
      6,   9,  11,  12,  13,  15,  18,  19,  21,  22,  23,  24,  30,   8,  28,   8,
      9,  17,  18,  19,  20,  31,  32,   8,  17,  18,  19,
};

static const int8_t notoserif_en_18_boldKernSparseValues[] = {
     -48,  -12,  -36,  -72,  -18,  -24,  -24,  -18,   -6,  -72,  -72,  -30,  -48,  -54,  -12,  -12,
     -66,  -54,  -48,  -42,  -36,  -30,  -18,   -6,  -48,  -42,  -36,  -12,  -12,  -48,  -42,  -42,
     -12,  -12,  -12,  -36,  -18,  -30,  -42,  -12,  -12,  -12,  -24,  -18,  -12,  -24,  -12,   -6,
     -12,  -18,  -12,  -12,  -12,  -12,  -12,  -12,  -12,  -18,  -30,  -12,  -12,  -12,  -12,  -72,
     -72,  -24,  -42,  -24,  -24,  -24,  -66,  -12,  -12,  -12,  -12,  -12,  -12,  -12,  -12,  -12,
     -18,  -18,  -36,  -48,  -42,  -30,  -30,  -36,  -12,   -6,  -18,  -12,  -48,   -6,  -12,  -12,
     -12,   -6,  -18,  -18,  -18,   -6,   -6,  -12,  -12,  -12,  -12,  -12,  -12,  -12,   -6,  -12,
     -12,   -6,  -54,  -54,  -18,  -36,  -12,  -18,  -23,  -23,   -3,  -48,   -6,  -12,  -12,   -6,
     -12,  -24,  -18,  -66,  -66,  -30,  -48,  -12,  -36,  -36,  -36,  -24,  -78,  -54,  -54,  -30,
     -42,  -12,  -38,  -36,  -36,  -30,  -18,  -78,  -12,   -6,  -18,  -30,   -6,  -48,  -48,  -24,
     -42,  -18,  -12,  -36,  -42,  -42,  -36,  -12,  -54,  -24,  -12,  -36,  -36,  -42,  -12,  -36,
     -36,  -36,   48,   54,   48,   24,  -12,  -12,  -12,   18,  -85,  -85,  -12,  -36,  -30,  -42,
     -36,  -42,  -42,  -18,  -54,  -54,  -30,  -18,  -12,  -18,  -12,  -30,  -30,  -30,  -48,  -42,
     -36,  -12,  -12,  -48,  -42,  -42,  -12,  -12,  -12,  -30,  -18,  -30,  -42,  -42,  -84,  -60,
     -12,  -18,  -24,  -24,  -30,   47,   47,  -32,  -19,  -19,  -19,
};

static const EpdLigaturePair notoserif_en_18_boldLigaturePairs[] = {
    { 0x00660066, 0xFB00 }, // f f -> U+FB00
    { 0x00660069, 0xFB01 }, // f i -> U+FB01
    { 0x0066006C, 0xFB02 }, // f l -> U+FB02
    { 0xFB000069, 0xFB03 }, // U+FB00 i -> U+FB03
    { 0xFB00006C, 0xFB04 }, // U+FB00 l -> U+FB04
};

static const EpdFontData notoserif_en_18_bold = {
    notoserif_en_18_boldBitmaps,
    notoserif_en_18_boldGlyphs,
    notoserif_en_18_boldIntervals,
    21,
    51,
    41,
    -11,
    true,
    notoserif_en_18_boldGroups,
    13,
    nullptr,
    nullptr,  // kernLeftClasses: built-in fonts use the split arrays below
    nullptr,  // kernRightClasses
    notoserif_en_18_boldKernLeftCodepoints,
    notoserif_en_18_boldKernLeftClassIds,
    notoserif_en_18_boldKernRightCodepoints,
    notoserif_en_18_boldKernRightClassIds,
    nullptr,  // kernMatrix: built-in fonts use the sparse form below
    notoserif_en_18_boldKernRowOffsets,
    notoserif_en_18_boldKernSparseCols,
    notoserif_en_18_boldKernSparseValues,
    109,
    107,
    41,
    34,
    notoserif_en_18_boldLigaturePairs,
    5,
};
