/**
 * generated by fontconvert.py
 * name: notosans_12_small
 * size: 12
 * mode: 1-bit
 * Command used: fontconvert.py notosans_12_small 12 ../builtinFonts/source/NotoSans/NotoSans-Regular.ttf ../builtinFonts/source/NotoSansHebrew/NotoSansHebrew-Regular.ttf ../builtinFonts/source/NotoSansArabic/NotoSansArabic-Regular.ttf --additional-intervals 0x05D0,0x05EA --additional-intervals 0x060C,0x060C --additional-intervals 0x061B,0x061B --additional-intervals 0x061F,0x061F --additional-intervals 0x0621,0x0621 --additional-intervals 0x0640,0x0640 --additional-intervals 0x0654,0x0654 --additional-intervals 0x0660,0x0669 --additional-intervals 0x06BA,0x06BA --additional-intervals 0x06D4,0x06D4 --additional-intervals 0x06D5,0x06D5 --additional-intervals 0x06F0,0x06F9 --additional-intervals 0xFB56,0xFB59 --additional-intervals 0xFB66,0xFB69 --additional-intervals 0xFB7A,0xFB7D --additional-intervals 0xFB88,0xFB95 --additional-intervals 0xFB9E,0xFB9F --additional-intervals 0xFBA6,0xFBB1 --additional-intervals 0xFBFC,0xFBFF --additional-intervals 0xFE80,0xFEFC
 */
#pragma once
#include "EpdFontData.h"

static const uint8_t notosans_12_smallBitmaps[39054] = {
    0x77, 0x77, 0x77, 0x77, 0x77, 0x77, 0x60, 0x07, 0xF7, 0x60, 0xE7, 0xE7, 0xE7, 0x67, 0x67, 0x67,
    0x66, 0x03, 0x1C, 0x03, 0x18, 0x07, 0x18, 0x07, 0x18, 0x07, 0x38, 0x7F, 0xFF, 0x7F, 0xFF, 0x0E,
    0x30, 0x0E, 0x30, 0x0E, 0x70, 0x0C, 0x70, 0xFF, 0xFE, 0xFF, 0xFE, 0x1C, 0x60, 0x1C, 0xE0, 0x18,
    0xE0, 0x18, 0xE0, 0x18, 0xC0, 0x06, 0x00, 0x60, 0x1F, 0xE7, 0xFF, 0x7F, 0xEE, 0x60, 0xE6, 0x0F,
    0x60, 0x7E, 0x03, 0xF8, 0x1F, 0xE0, 0x7F, 0x06, 0x70, 0x67, 0x06, 0x7F, 0xFF, 0xFF, 0xE7, 0xF8,
    0x06, 0x00, 0x60, 0x06, 0x00, 0x00, 0x00, 0x0F, 0x80, 0xC1, 0xF8, 0x38, 0x73, 0x86, 0x0E, 0x71,
    0xC1, 0x8E, 0x30, 0x31, 0xCE, 0x06, 0x3B, 0x80, 0xE7, 0x7F, 0x9C, 0xFD, 0xF9, 0xFB, 0xF3, 0x3E,
    0xEE, 0x70, 0x19, 0x8E, 0x07, 0x31, 0xC0, 0xC6, 0x38, 0x38, 0xC7, 0x0E, 0x1C, 0xE1, 0xC1, 0xF8,
    0x70, 0x3F, 0x00, 0x01, 0x80, 0x00, 0x00, 0x07, 0xF0, 0x03, 0xFE, 0x00, 0xE3, 0x80, 0x38, 0xE0,
    0x0E, 0x38, 0x03, 0x8E, 0x00, 0xFF, 0x00, 0x1F, 0x80, 0x07, 0xC0, 0x03, 0xF8, 0x71, 0xEF, 0x1C,
    0xF1, 0xE7, 0x38, 0x3F, 0x8E, 0x07, 0xE3, 0x80, 0xF0, 0xF0, 0xFE, 0x1F, 0xFF, 0xC3, 0xFC, 0x78,
    0x3C, 0x00, 0xFF, 0xB6, 0xD8, 0x1C, 0xE3, 0x9C, 0x73, 0x8E, 0x38, 0xE3, 0x8E, 0x38, 0xE3, 0x8E,
    0x38, 0xE1, 0xC7, 0x0E, 0x38, 0x70, 0x70, 0xE0, 0xE1, 0xC1, 0xC3, 0x87, 0x07, 0x0E, 0x1C, 0x38,
    0x70, 0xE1, 0xC3, 0x8E, 0x1C, 0x38, 0xE1, 0xC7, 0x0E, 0x00, 0x0E, 0x00, 0xE0, 0x0E, 0x0C, 0x63,
    0xFF, 0xFF, 0xFF, 0x0F, 0x01, 0xF8, 0x3B, 0x83, 0x9C, 0x39, 0xC0, 0x00, 0x06, 0x00, 0x60, 0x06,
    0x00, 0x60, 0x06, 0x0F, 0xFF, 0xFF, 0xF0, 0x60, 0x06, 0x00, 0x60, 0x06, 0x00, 0x60, 0x06, 0x00,
    0x77, 0xFE, 0xEC, 0xC0, 0xFD, 0xFB, 0xF0, 0x07, 0xF7, 0x60, 0x03, 0x80, 0xE0, 0x38, 0x1C, 0x07,
    0x01, 0x80, 0xE0, 0x38, 0x1C, 0x07, 0x01, 0xC0, 0xE0, 0x38, 0x0C, 0x07, 0x01, 0xC0, 0xE0, 0x38,
    0x00, 0x00, 0x00, 0xFC, 0x0F, 0xF0, 0xF1, 0xC7, 0x07, 0x70, 0x3B, 0x81, 0xDC, 0x0E, 0xE0, 0x77,
    0x03, 0xB8, 0x1D, 0xC0, 0xEE, 0x07, 0x70, 0x3B, 0x81, 0xCE, 0x0E, 0x70, 0xE1, 0xFF, 0x07, 0xF0,
    0x0C, 0x00, 0x0E, 0x3D, 0xFF, 0xFE, 0xE9, 0xC3, 0x87, 0x0E, 0x1C, 0x38, 0x70, 0xE1, 0xC3, 0x87,
    0x0E, 0x1C, 0x00, 0x03, 0xF8, 0xFF, 0xEF, 0x1E, 0x40, 0xF0, 0x07, 0x00, 0x70, 0x0E, 0x00, 0xE0,
    0x1C, 0x03, 0xC0, 0x78, 0x0F, 0x01, 0xE0, 0x3C, 0x07, 0x80, 0xF0, 0x0F, 0xFF, 0xFF, 0xF0, 0x00,
    0x03, 0xFC, 0xFF, 0xEF, 0x0E, 0x00, 0x70, 0x07, 0x00, 0x70, 0x0E, 0x1F, 0xE3, 0xF8, 0x1F, 0xE0,
    0x1F, 0x00, 0x70, 0x07, 0x00, 0x70, 0x07, 0xC0, 0xFF, 0xFE, 0xFF, 0xC1, 0xE0, 0x00, 0xF0, 0x07,
    0xC0, 0x1F, 0x00, 0xFC, 0x07, 0x70, 0x1D, 0xC0, 0xE7, 0x07, 0x1C, 0x1C, 0x70, 0xE1, 0xC7, 0x07,
    0x38, 0x1C, 0xFF, 0xFF, 0xFF, 0xF0, 0x07, 0x00, 0x1C, 0x00, 0x70, 0x01, 0xC0, 0x7F, 0xE7, 0xFE,
    0x7F, 0xC7, 0x00, 0x70, 0x07, 0x00, 0x70, 0x07, 0xF8, 0x7F, 0xE2, 0x1F, 0x00, 0x70, 0x07, 0x00,
    0x70, 0x07, 0x00, 0x7C, 0x0E, 0xFF, 0xEF, 0xFC, 0x1E, 0x00, 0x00, 0x00, 0x7F, 0x07, 0xF8, 0x78,
    0x07, 0x80, 0x38, 0x01, 0xC0, 0x1C, 0x60, 0xEF, 0xC7, 0xFF, 0x3C, 0x3D, 0xC0, 0xEE, 0x03, 0x70,
    0x1B, 0x81, 0xCE, 0x0E, 0x78, 0xF1, 0xFF, 0x07, 0xF0, 0x0E, 0x00, 0xFF, 0xF7, 0xFF, 0xBF, 0xFC,
    0x00, 0xE0, 0x0E, 0x00, 0x70, 0x07, 0x00, 0x38, 0x03, 0x80, 0x1C, 0x01, 0xE0, 0x0E, 0x00, 0x70,
    0x07, 0x00, 0x38, 0x03, 0x80, 0x1C, 0x01, 0xC0, 0x00, 0x00, 0x01, 0xFE, 0x1F, 0xF8, 0xE1, 0xEE,
    0x07, 0x70, 0x39, 0xC1, 0xCF, 0x1C, 0x3F, 0xC0, 0xFC, 0x0F, 0xF0, 0xF3, 0xCE, 0x07, 0x70, 0x3B,
    0x80, 0xDC, 0x0E, 0xF0, 0x73, 0xFF, 0x0F, 0xF0, 0x0E, 0x00, 0x00, 0x03, 0xF8, 0x7F, 0xC7, 0x1E,
    0xE0, 0x7E, 0x07, 0xE0, 0x7E, 0x07, 0xE0, 0x7F, 0x0F, 0x7F, 0xF3, 0xFF, 0x0E, 0x70, 0x07, 0x00,
    0x60, 0x0E, 0x01, 0xC7, 0xFC, 0x7F, 0x03, 0x80, 0x7F, 0xF7, 0x00, 0x00, 0x00, 0x07, 0xF7, 0x60,
    0x3B, 0xDE, 0x70, 0x00, 0x00, 0x00, 0x00, 0x77, 0xB9, 0xCE, 0x62, 0x00, 0x00, 0x00, 0x01, 0x80,
    0x3C, 0x07, 0xC0, 0xF8, 0x1F, 0x03, 0xE0, 0x1E, 0x00, 0x7E, 0x00, 0xFC, 0x01, 0xF8, 0x01, 0xE0,
    0x03, 0x00, 0x00, 0x7F, 0xFF, 0xFF, 0xFF, 0xF0, 0x00, 0x00, 0x07, 0xFF, 0xFF, 0xFF, 0xFF, 0x00,
    0x06, 0x00, 0x3C, 0x00, 0xF8, 0x01, 0xF0, 0x03, 0xE0, 0x07, 0xC0, 0x1E, 0x03, 0xF0, 0xFC, 0x1F,
    0x81, 0xF0, 0x0C, 0x00, 0x00, 0x00, 0x00, 0x0F, 0xF3, 0xFF, 0x30, 0xE0, 0x0E, 0x01, 0xC0, 0x30,
    0x0E, 0x03, 0x80, 0xE0, 0x38, 0x0E, 0x01, 0xC0, 0x38, 0x00, 0x00, 0x00, 0x1C, 0x03, 0x80, 0x70,
    0x04, 0x00, 0x01, 0xFE, 0x00, 0x3F, 0xFC, 0x03, 0xC1, 0xF0, 0x38, 0x03, 0xC3, 0x80, 0x0E, 0x38,
    0x7F, 0x39, 0xC7, 0xF8, 0xCC, 0x71, 0xC6, 0xE7, 0x0E, 0x37, 0x38, 0x71, 0xB9, 0xC3, 0x8D, 0xCE,
    0x1C, 0x6E, 0x71, 0xE7, 0x71, 0xFF, 0xF1, 0x8F, 0xDF, 0x0E, 0x1C, 0x30, 0x78, 0x00, 0x01, 0xE0,
    0x10, 0x07, 0xFF, 0xC0, 0x0F, 0xFC, 0x00, 0x0F, 0x00, 0x00, 0x03, 0xC0, 0x03, 0xC0, 0x03, 0xC0,
    0x07, 0xE0, 0x07, 0xE0, 0x0E, 0x60, 0x0E, 0x70, 0x0E, 0x70, 0x1C, 0x38, 0x1C, 0x38, 0x1F, 0xF8,
    0x3F, 0xFC, 0x3F, 0xFC, 0x70, 0x1E, 0x70, 0x0E, 0x70, 0x0E, 0xE0, 0x07, 0xE0, 0x07, 0xFF, 0xC7,
    0xFF, 0xB8, 0x7D, 0xC0, 0xFE, 0x03, 0xF0, 0x1F, 0x81, 0xDF, 0xFE, 0xFF, 0xC7, 0xFF, 0xB8, 0x1F,
    0xC0, 0x7E, 0x03, 0xF0, 0x1F, 0x80, 0xFC, 0x1F, 0xFF, 0xF7, 0xFF, 0x00, 0x00, 0x00, 0x0F, 0xF8,
    0x7F, 0xF1, 0xF0, 0xE3, 0x80, 0x0E, 0x00, 0x1C, 0x00, 0x78, 0x00, 0xE0, 0x01, 0xC0, 0x03, 0x80,
    0x07, 0x00, 0x0F, 0x00, 0x0E, 0x00, 0x1C, 0x00, 0x3C, 0x00, 0x3E, 0x08, 0x3F, 0xF8, 0x3F, 0xF0,
    0x0F, 0x00, 0xFF, 0xC1, 0xFF, 0xE3, 0x8F, 0xE7, 0x01, 0xEE, 0x01, 0xDC, 0x03, 0xF8, 0x03, 0xF0,
    0x07, 0xE0, 0x0F, 0xC0, 0x1F, 0x80, 0x3F, 0x00, 0x7E, 0x01, 0xFC, 0x03, 0xB8, 0x0F, 0x70, 0xFC,
    0xFF, 0xF1, 0xFF, 0x80, 0xFF, 0xFF, 0xFF, 0xFF, 0x70, 0x0E, 0x01, 0xC0, 0x38, 0x07, 0xFE, 0xFF,
    0xDF, 0xFB, 0x80, 0x70, 0x0E, 0x01, 0xC0, 0x38, 0x07, 0x00, 0xFF, 0xFF, 0xFC, 0xFF, 0xFF, 0xFF,
    0xFF, 0x70, 0x0E, 0x01, 0xC0, 0x38, 0x07, 0x00, 0xFF, 0xDF, 0xFB, 0xFF, 0x70, 0x0E, 0x01, 0xC0,
    0x38, 0x07, 0x00, 0xE0, 0x1C, 0x00, 0x00, 0x00, 0x07, 0xFE, 0x1F, 0xFE, 0x3F, 0x0E, 0x3C, 0x00,
    0x78, 0x00, 0x70, 0x00, 0xF0, 0x00, 0xE0, 0x00, 0xE0, 0x7F, 0xE0, 0x7F, 0xE0, 0x7F, 0xF0, 0x07,
    0x70, 0x07, 0x70, 0x07, 0x78, 0x07, 0x3E, 0x07, 0x1F, 0xFF, 0x0F, 0xFF, 0x01, 0xF0, 0xE0, 0x1D,
    0xC0, 0x3B, 0x80, 0x77, 0x00, 0xEE, 0x01, 0xDC, 0x03, 0xB8, 0x07, 0x7F, 0xFE, 0xFF, 0xFD, 0xFF,
    0xFB, 0x80, 0x77, 0x00, 0xEE, 0x01, 0xDC, 0x03, 0xB8, 0x07, 0x70, 0x0E, 0xE0, 0x1D, 0xC0, 0x38,
    0xFF, 0xFC, 0xE1, 0xC3, 0x87, 0x0E, 0x1C, 0x38, 0x70, 0xE1, 0xC3, 0x87, 0x0E, 0x1C, 0xFF, 0xFC,
    0x0E, 0x1C, 0x38, 0x70, 0xE1, 0xC3, 0x87, 0x0E, 0x1C, 0x38, 0x70, 0xE1, 0xC3, 0x87, 0x0E, 0x1C,
    0x38, 0x7F, 0xDF, 0xBE, 0x00, 0xE0, 0x3B, 0x81, 0xCE, 0x0F, 0x38, 0x78, 0xE3, 0xC3, 0x9E, 0x0E,
    0xF0, 0x3F, 0x80, 0xFE, 0x03, 0xFC, 0x0F, 0x70, 0x38, 0xE0, 0xE3, 0xC3, 0x87, 0x8E, 0x0E, 0x38,
    0x1C, 0xE0, 0x7B, 0x80, 0xF0, 0xE0, 0x1C, 0x03, 0x80, 0x70, 0x0E, 0x01, 0xC0, 0x38, 0x07, 0x00,
    0xE0, 0x1C, 0x03, 0x80, 0x70, 0x0E, 0x01, 0xC0, 0x38, 0x07, 0x00, 0xFF, 0xFF, 0xFC, 0xF0, 0x03,
    0xFF, 0x00, 0x7F, 0xE0, 0x0F, 0xFC, 0x03, 0xFF, 0xC0, 0x7F, 0xF8, 0x0D, 0xFB, 0x83, 0xBF, 0x70,
    0x77, 0xEE, 0x1C, 0xFC, 0xE3, 0x9F, 0x9C, 0x63, 0xF3, 0x9C, 0x7E, 0x3B, 0x8F, 0xC7, 0xE1, 0xF8,
    0x7C, 0x3F, 0x0F, 0x07, 0xE1, 0xE0, 0xFC, 0x1C, 0x1C, 0xF0, 0x0F, 0xE0, 0x1F, 0xE0, 0x3F, 0xE0,
    0x7F, 0xC0, 0xFF, 0xC1, 0xFB, 0xC3, 0xF3, 0x87, 0xE7, 0x8F, 0xC7, 0x1F, 0x87, 0x3F, 0x0F, 0x7E,
    0x0E, 0xFC, 0x0F, 0xF8, 0x1F, 0xF0, 0x1F, 0xE0, 0x1F, 0xC0, 0x3C, 0x00, 0x00, 0x07, 0xFC, 0x07,
    0xFF, 0x87, 0xC3, 0xC7, 0x80, 0x73, 0x80, 0x3D, 0xC0, 0x0F, 0xE0, 0x07, 0xE0, 0x03, 0xF0, 0x01,
    0xF8, 0x00, 0xFC, 0x00, 0x7F, 0x00, 0x3B, 0x80, 0x1D, 0xC0, 0x1E, 0xF0, 0x0E, 0x3C, 0x1F, 0x0F,
    0xFF, 0x03, 0xFE, 0x00, 0x38, 0x00, 0xFF, 0x8F, 0xFE, 0xE3, 0xEE, 0x07, 0xE0, 0x7E, 0x07, 0xE0,
    0x7E, 0x07, 0xE1, 0xEF, 0xFE, 0xFF, 0x8E, 0x00, 0xE0, 0x0E, 0x00, 0xE0, 0x0E, 0x00, 0xE0, 0x0E,
    0x00, 0x00, 0x00, 0x07, 0xFC, 0x07, 0xFF, 0x87, 0xC3, 0xC7, 0x80, 0x73, 0x80, 0x3D, 0xC0, 0x0F,
    0xE0, 0x07, 0xE0, 0x03, 0xF0, 0x01, 0xF8, 0x00, 0xFC, 0x00, 0x7F, 0x00, 0x3B, 0x80, 0x1D, 0xC0,
    0x1E, 0xF0, 0x0E, 0x3C, 0x1F, 0x0F, 0xFF, 0x03, 0xFE, 0x00, 0x3F, 0x00, 0x03, 0xC0, 0x00, 0xF0,
    0x00, 0x3C, 0x00, 0x0E, 0xFF, 0x83, 0xFF, 0x8E, 0x3F, 0x38, 0x1C, 0xE0, 0x73, 0x81, 0xCE, 0x07,
    0x38, 0x3C, 0xFF, 0xE3, 0xFF, 0x0F, 0xF8, 0x38, 0xF0, 0xE1, 0xC3, 0x87, 0x8E, 0x0E, 0x38, 0x1C,
    0xE0, 0x7B, 0x80, 0xE0, 0x00, 0x03, 0xFE, 0x7F, 0xE7, 0x8E, 0xE0, 0x0E, 0x00, 0xE0, 0x0F, 0x00,
    0x7C, 0x03, 0xF8, 0x0F, 0xC0, 0x3E, 0x00, 0xF0, 0x07, 0x00, 0x70, 0x07, 0xC0, 0xEF, 0xFE, 0xFF,
    0xC1, 0xE0, 0xFF, 0xFF, 0xFF, 0xF7, 0xFF, 0x81, 0xC0, 0x07, 0x00, 0x1C, 0x00, 0x70, 0x01, 0xC0,
    0x07, 0x00, 0x1C, 0x00, 0x70, 0x01, 0xC0, 0x07, 0x00, 0x1C, 0x00, 0x70, 0x01, 0xC0, 0x07, 0x00,
    0x1C, 0x00, 0xE0, 0x1F, 0x80, 0x7E, 0x01, 0xF8, 0x07, 0xE0, 0x1F, 0x80, 0x7E, 0x01, 0xF8, 0x07,
    0xE0, 0x1F, 0x80, 0x7E, 0x01, 0xF8, 0x07, 0xE0, 0x1F, 0x80, 0x7F, 0x01, 0xDE, 0x1E, 0x3F, 0xF8,
    0x7F, 0x80, 0x78, 0x00, 0xE0, 0x0F, 0xC0, 0x1F, 0xC0, 0x7B, 0x80, 0xE7, 0x01, 0xC7, 0x07, 0x0E,
    0x0E, 0x1C, 0x1C, 0x1C, 0x70, 0x38, 0xE0, 0x71, 0xC0, 0x77, 0x00, 0xEE, 0x01, 0xDC, 0x01, 0xF0,
    0x03, 0xE0, 0x07, 0xC0, 0x07, 0x00, 0xE0, 0x38, 0x0F, 0xC0, 0x70, 0x1D, 0xC1, 0xF0, 0x3B, 0x83,
    0xE0, 0xE7, 0x07, 0xC1, 0xCE, 0x1D, 0xC3, 0x8E, 0x3B, 0x87, 0x1C, 0x77, 0x1C, 0x38, 0xC7, 0x38,
    0x73, 0x8E, 0x70, 0x77, 0x1C, 0xE0, 0xEE, 0x1B, 0x81, 0xF8, 0x3F, 0x03, 0xF0, 0x7E, 0x03, 0xE0,
    0xF8, 0x07, 0x80, 0xF0, 0x0F, 0x01, 0xE0, 0x0E, 0x03, 0xC0, 0xF0, 0x1C, 0xE0, 0x78, 0xE0, 0xE1,
    0xC3, 0x81, 0xC7, 0x01, 0xDC, 0x03, 0xF0, 0x03, 0xE0, 0x07, 0x80, 0x0F, 0x80, 0x3F, 0x00, 0x77,
    0x01, 0xCE, 0x03, 0x8E, 0x0E, 0x1E, 0x38, 0x1C, 0x70, 0x1D, 0xC0, 0x3C, 0xE0, 0x1D, 0xE0, 0x39,
    0xC0, 0xE3, 0xC1, 0xC3, 0x87, 0x07, 0x9E, 0x07, 0x38, 0x07, 0xF0, 0x0F, 0xC0, 0x0F, 0x00, 0x1E,
    0x00, 0x1C, 0x00, 0x38, 0x00, 0x70, 0x00, 0xE0, 0x01, 0xC0, 0x03, 0x80, 0x07, 0x00, 0x7F, 0xF9,
    0xFF, 0xE3, 0xFF, 0x80, 0x1C, 0x00, 0xF0, 0x03, 0x80, 0x1C, 0x00, 0xF0, 0x03, 0x80, 0x1C, 0x00,
    0xF0, 0x03, 0x80, 0x1C, 0x00, 0xF0, 0x03, 0x80, 0x1C, 0x00, 0x7F, 0xFD, 0xFF, 0xF0, 0xFF, 0xFE,
    0x38, 0xE3, 0x8E, 0x38, 0xE3, 0x8E, 0x38, 0xE3, 0x8E, 0x38, 0xE3, 0x8E, 0x38, 0xFF, 0xF0, 0xE0,
    0x38, 0x07, 0x01, 0xC0, 0x70, 0x0E, 0x03, 0x80, 0x70, 0x1C, 0x07, 0x00, 0xE0, 0x38, 0x0E, 0x01,
    0xC0, 0x70, 0x0E, 0x03, 0x80, 0xE0, 0xFF, 0xFC, 0x38, 0x70, 0xE1, 0xC3, 0x87, 0x0E, 0x1C, 0x38,
    0x70, 0xE1, 0xC3, 0x87, 0x0E, 0x1C, 0x38, 0x7F, 0xFF, 0xC0, 0x03, 0x00, 0x1E, 0x00, 0x78, 0x03,
    0xF0, 0x0C, 0xC0, 0x73, 0x81, 0x86, 0x0E, 0x1C, 0x38, 0x31, 0xC0, 0xE7, 0x01, 0x98, 0x06, 0x7F,
    0xF3, 0xFF, 0xC0, 0xC3, 0x87, 0x0E, 0x18, 0x1F, 0x8F, 0xF8, 0xFF, 0x80, 0x70, 0x0E, 0x01, 0xCF,
    0xFB, 0xFF, 0xF0, 0xFC, 0x1F, 0x83, 0xF0, 0xFF, 0xFE, 0xFE, 0xC7, 0x00, 0xE0, 0x0E, 0x00, 0xE0,
    0x0E, 0x00, 0xE0, 0x0E, 0xF8, 0xFF, 0xCF, 0xFE, 0xF0, 0xFE, 0x07, 0xE0, 0x7E, 0x07, 0xE0, 0x7E,
    0x07, 0xE0, 0x7E, 0x07, 0xF0, 0xFF, 0xFE, 0xDF, 0xC0, 0x70, 0x0F, 0xC7, 0xF9, 0xFF, 0x38, 0x0E,
    0x01, 0xC0, 0x38, 0x07, 0x00, 0xE0, 0x1C, 0x03, 0xC0, 0x3C, 0x23, 0xFC, 0x3F, 0x81, 0xC0, 0x00,
    0x38, 0x01, 0xC0, 0x0E, 0x00, 0x70, 0x03, 0x8F, 0x9C, 0xFF, 0xEF, 0xFF, 0x70, 0x7F, 0x03, 0xF8,
    0x0F, 0xC0, 0x7E, 0x03, 0xF0, 0x1F, 0x80, 0xFE, 0x0F, 0x70, 0xFB, 0xFF, 0xCF, 0xEE, 0x0C, 0x00,
    0x0F, 0x83, 0xFC, 0x7F, 0xE7, 0x0F, 0xE0, 0x7E, 0x07, 0xFF, 0xFF, 0xFF, 0xE0, 0x0E, 0x00, 0x70,
    0x07, 0x82, 0x3F, 0xF1, 0xFE, 0x07, 0x80, 0x00, 0x03, 0xF1, 0xFC, 0x70, 0x38, 0x0E, 0x03, 0xF3,
    0xFE, 0xFF, 0x0E, 0x03, 0x80, 0xE0, 0x38, 0x0E, 0x03, 0x80, 0xE0, 0x38, 0x0E, 0x03, 0x80, 0xE0,
    0x1F, 0x31, 0xFF, 0xDF, 0xFE, 0xE0, 0xFE, 0x07, 0xF0, 0x1F, 0x80, 0xFC, 0x07, 0xE0, 0x3F, 0x01,
    0xFC, 0x1E, 0xE1, 0xF7, 0xFF, 0x9F, 0xDC, 0x18, 0xE0, 0x07, 0x00, 0x73, 0x87, 0x9F, 0xF8, 0xFF,
    0x80, 0xE0, 0x0E, 0x00, 0xE0, 0x0E, 0x00, 0xE0, 0x0E, 0xF8, 0xFF, 0xEF, 0xFE, 0xF0, 0xFE, 0x07,
    0xE0, 0x7E, 0x07, 0xE0, 0x7E, 0x07, 0xE0, 0x7E, 0x07, 0xE0, 0x7E, 0x07, 0xE0, 0x70, 0x67, 0x76,
    0x07, 0x77, 0x77, 0x77, 0x77, 0x77, 0x77, 0x70, 0x0C, 0x1C, 0x38, 0x60, 0x01, 0xC3, 0x87, 0x0E,
    0x1C, 0x38, 0x70, 0xE1, 0xC3, 0x87, 0x0E, 0x1C, 0x38, 0x70, 0xE1, 0xC7, 0xFE, 0xF8, 0xE0, 0x0E,
    0x00, 0xE0, 0x0E, 0x00, 0xE0, 0x0E, 0x0E, 0xE1, 0xCE, 0x38, 0xE7, 0x0E, 0xF0, 0xFE, 0x0F, 0xC0,
    0xFE, 0x0F, 0xE0, 0xE7, 0x0E, 0x78, 0xE3, 0xCE, 0x1C, 0xE0, 0xE0, 0xFF, 0xFF, 0xFF, 0xFF, 0xFF,
    0xFF, 0xFF, 0x80, 0xCF, 0x8F, 0x8F, 0xFD, 0xFE, 0xFF, 0xFF, 0xEF, 0x0F, 0x0F, 0xE0, 0xE0, 0x7E,
    0x0E, 0x07, 0xE0, 0xE0, 0x7E, 0x0E, 0x07, 0xE0, 0xE0, 0x7E, 0x0E, 0x07, 0xE0, 0xE0, 0x7E, 0x0E,
    0x07, 0xE0, 0xE0, 0x7E, 0x0E, 0x07, 0xCF, 0x8F, 0xFE, 0xFF, 0xEF, 0x0F, 0xE0, 0x7E, 0x07, 0xE0,
    0x7E, 0x07, 0xE0, 0x7E, 0x07, 0xE0, 0x7E, 0x07, 0xE0, 0x7E, 0x07, 0x0F, 0x81, 0xFF, 0x1F, 0xFC,
    0xE0, 0xEE, 0x03, 0xF0, 0x1F, 0x80, 0xFC, 0x07, 0xE0, 0x3F, 0x01, 0xDC, 0x1E, 0xF0, 0xE3, 0xFE,
    0x0F, 0xE0, 0x1C, 0x00, 0xCF, 0x8F, 0xFC, 0xFF, 0xEF, 0x0F, 0xE0, 0x7E, 0x07, 0xE0, 0x7E, 0x07,
    0xE0, 0x7E, 0x07, 0xE0, 0x7F, 0x0F, 0xFF, 0xEF, 0xFC, 0xE7, 0x0E, 0x00, 0xE0, 0x0E, 0x00, 0xE0,
    0x0E, 0x00, 0x1F, 0x31, 0xFF, 0xDF, 0xFE, 0xE0, 0xFE, 0x07, 0xF0, 0x1F, 0x80, 0xFC, 0x07, 0xE0,
    0x3F, 0x01, 0xFC, 0x1E, 0xE1, 0xF7, 0xFF, 0x9F, 0xDC, 0x18, 0xE0, 0x07, 0x00, 0x38, 0x01, 0xC0,
    0x0E, 0x00, 0x70, 0xCF, 0xDF, 0xFF, 0xF0, 0xE0, 0xE0, 0xE0, 0xE0, 0xE0, 0xE0, 0xE0, 0xE0, 0xE0,
    0xE0, 0x3F, 0x9F, 0xFF, 0xFB, 0x80, 0xE0, 0x3E, 0x07, 0xE0, 0x7E, 0x07, 0xC0, 0x70, 0x1E, 0x07,
    0xFF, 0xFF, 0xE1, 0xC0, 0x18, 0x0C, 0x0E, 0x0F, 0xFF, 0xFF, 0xF8, 0xE0, 0x70, 0x38, 0x1C, 0x0E,
    0x07, 0x03, 0x81, 0xC0, 0xE0, 0x7F, 0x1F, 0x83, 0x80, 0x60, 0x3B, 0x81, 0xDC, 0x0E, 0xE0, 0x77,
    0x03, 0xB8, 0x1D, 0xC0, 0xEE, 0x07, 0x70, 0x3B, 0x81, 0xDC, 0x1E, 0xE1, 0xF7, 0xFF, 0x9F, 0xDC,
    0x38, 0x00, 0xE0, 0x3F, 0x01, 0xF8, 0x1C, 0xE0, 0xE7, 0x07, 0x38, 0x70, 0xE3, 0x87, 0x38, 0x1D,
    0xC0, 0xEE, 0x07, 0xE0, 0x1F, 0x00, 0xF8, 0x03, 0x80, 0xE0, 0xE0, 0x7E, 0x0F, 0x06, 0xE0, 0xF0,
    0xE7, 0x1F, 0x0E, 0x71, 0xF8, 0xE7, 0x1F, 0x9C, 0x33, 0xB9, 0xC3, 0xB9, 0xDC, 0x3B, 0x9D, 0xC3,
    0xB1, 0xF8, 0x1F, 0x0F, 0x81, 0xF0, 0xF8, 0x1E, 0x0F, 0x01, 0xE0, 0x70, 0x70, 0x3B, 0x83, 0x8E,
    0x3C, 0x79, 0xC1, 0xDC, 0x07, 0xE0, 0x3E, 0x00, 0xF0, 0x0F, 0x80, 0xEE, 0x0F, 0x78, 0x71, 0xC7,
    0x07, 0x78, 0x1C, 0xE0, 0x3F, 0x01, 0xF8, 0x1C, 0xE0, 0xE7, 0x07, 0x1C, 0x70, 0xE3, 0x87, 0x1C,
    0x1D, 0xC0, 0xEE, 0x03, 0xE0, 0x1F, 0x00, 0xF8, 0x03, 0x80, 0x1C, 0x01, 0xC0, 0x0E, 0x00, 0xF0,
    0x3F, 0x01, 0xF0, 0x00, 0x7F, 0xEF, 0xFD, 0xFF, 0x80, 0xE0, 0x38, 0x0F, 0x01, 0xC0, 0x70, 0x1E,
    0x03, 0x80, 0xE0, 0x3C, 0x07, 0xFE, 0xFF, 0xC0, 0x07, 0x87, 0xC3, 0xC3, 0x81, 0xC0, 0xE0, 0x70,
    0x38, 0x1C, 0x1E, 0x3E, 0x1F, 0x03, 0xC0, 0xE0, 0x70, 0x38, 0x1C, 0x0E, 0x07, 0x01, 0xC0, 0xF8,
    0x3C, 0x6D, 0xB6, 0xDB, 0x6D, 0xB6, 0xDB, 0x6D, 0xB6, 0xDB, 0x60, 0xF0, 0x7C, 0x0F, 0x03, 0x81,
    0xC0, 0xE0, 0x70, 0x38, 0x1C, 0x07, 0x03, 0xE1, 0xF0, 0xE0, 0xE0, 0x70, 0x38, 0x1C, 0x0E, 0x07,
    0x07, 0x8F, 0x87, 0x80, 0x38, 0x07, 0xF9, 0xBF, 0xFD, 0x07, 0xC0, 0x77, 0xF7, 0x02, 0x67, 0x77,
    0x77, 0x77, 0x77, 0x77, 0x70, 0x00, 0x00, 0xC0, 0x18, 0x0F, 0xE3, 0xFC, 0xF1, 0xBC, 0x07, 0x00,
    0xE0, 0x1C, 0x03, 0x80, 0x70, 0x0E, 0x01, 0xE0, 0x1F, 0x71, 0xFE, 0x1F, 0xC0, 0xC0, 0x18, 0x03,
    0x00, 0x00, 0x00, 0x1F, 0xE0, 0xFF, 0x87, 0x84, 0x1C, 0x00, 0x70, 0x01, 0xC0, 0x07, 0x00, 0x1C,
    0x01, 0xFF, 0x8F, 0xFE, 0x07, 0x00, 0x1C, 0x00, 0x70, 0x01, 0xC0, 0x07, 0x00, 0x78, 0x03, 0xFF,
    0xFF, 0xFF, 0xC0, 0x40, 0x2E, 0xFF, 0x7F, 0xF3, 0x9E, 0x70, 0x66, 0x06, 0x60, 0x67, 0x06, 0x70,
    0xE7, 0xFE, 0xFF, 0xF6, 0x02, 0xE0, 0x1D, 0xC0, 0x77, 0x03, 0x8E, 0x1E, 0x38, 0x70, 0x73, 0x81,
    0xCE, 0x03, 0xF0, 0x0F, 0xC0, 0xFF, 0xC3, 0xFF, 0x07, 0xF8, 0x03, 0x80, 0xFF, 0xC3, 0xFF, 0x00,
    0xE0, 0x03, 0x80, 0x0E, 0x00, 0x6D, 0xB6, 0xDB, 0x6C, 0x00, 0x03, 0x6D, 0xB6, 0xDB, 0x60, 0x00,
    0x07, 0xF9, 0xFF, 0x70, 0x2E, 0x00, 0xF0, 0x1F, 0x83, 0xFC, 0x73, 0xDC, 0x3B, 0x83, 0xB8, 0x67,
    0xDC, 0x7F, 0x01, 0xF0, 0x0E, 0x00, 0xF8, 0x3B, 0xFF, 0x7F, 0xC0, 0x00, 0x42, 0xE7, 0xE7, 0x42,
    0x00, 0x00, 0x00, 0xFF, 0x80, 0x7F, 0xF8, 0x1E, 0x03, 0x83, 0x0F, 0x38, 0xC7, 0xF3, 0xB9, 0xFE,
    0x36, 0x38, 0x07, 0xC6, 0x00, 0x79, 0xC0, 0x0F, 0x38, 0x01, 0xE3, 0x00, 0x3C, 0x70, 0x0F, 0xCF,
    0x31, 0x98, 0xFE, 0x73, 0x8F, 0x8C, 0x38, 0x07, 0x83, 0xF7, 0xE0, 0x1F, 0xF0, 0x00, 0x70, 0x00,
    0x00, 0x7E, 0x7F, 0x03, 0x3F, 0x7F, 0xE3, 0xE7, 0x7F, 0x3B, 0x08, 0x43, 0x9C, 0xE7, 0x39, 0xCE,
    0x71, 0xCE, 0x3D, 0xE3, 0x9C, 0x39, 0xC3, 0x9C, 0x21, 0x00, 0xFF, 0xFF, 0xFF, 0x00, 0x30, 0x03,
    0x00, 0x30, 0x03, 0x00, 0x30, 0xFD, 0xFB, 0xF0, 0x00, 0x00, 0x00, 0xFF, 0x80, 0x7F, 0xF8, 0x1E,
    0x03, 0x83, 0x3E, 0x38, 0xC7, 0xF3, 0xB8, 0xFE, 0x36, 0x18, 0xC7, 0xC3, 0x18, 0x78, 0x7F, 0x0F,
    0x0F, 0xC1, 0xE1, 0xF8, 0x3C, 0x33, 0x8F, 0xC6, 0x71, 0x98, 0xC7, 0x73, 0x98, 0xEC, 0x38, 0x07,
    0x83, 0xF7, 0xE0, 0x1F, 0xF0, 0x00, 0x70, 0x00, 0x7F, 0xFD, 0xFF, 0xF0, 0x00, 0x3F, 0x1F, 0xDC,
    0x7C, 0x3E, 0x1F, 0x9C, 0xFE, 0x3C, 0x00, 0x06, 0x00, 0x30, 0x01, 0x80, 0x0C, 0x00, 0x60, 0x7F,
    0xFB, 0xFF, 0xC0, 0xC0, 0x06, 0x00, 0x30, 0x01, 0x80, 0x0C, 0x00, 0x20, 0x7F, 0xFB, 0xFF, 0xC0,
    0x1C, 0x7E, 0x7F, 0x07, 0x07, 0x07, 0x0E, 0x1C, 0x38, 0x70, 0xFF, 0xFF, 0x1C, 0x7F, 0x3F, 0xC0,
    0xE0, 0x71, 0xF0, 0xFC, 0x0E, 0x03, 0x43, 0xBF, 0xDF, 0xC0, 0x18, 0xE7, 0x38, 0xC0, 0xE0, 0x7E,
    0x07, 0xE0, 0x7E, 0x07, 0xE0, 0x7E, 0x07, 0xE0, 0x7E, 0x07, 0xE0, 0x7E, 0x07, 0xE0, 0xFF, 0x0F,
    0xFF, 0xFF, 0xFF, 0xEC, 0x0E, 0x00, 0xE0, 0x0E, 0x00, 0xE0, 0x0E, 0x00, 0x3F, 0xFB, 0xFF, 0xDF,
    0xE7, 0xFF, 0x3F, 0xF9, 0xFF, 0xCF, 0xFE, 0x7F, 0xF3, 0xFF, 0x9F, 0xFC, 0xDF, 0xE6, 0x7F, 0x30,
    0xF9, 0x80, 0xCC, 0x06, 0x60, 0x33, 0x01, 0x98, 0x0C, 0xC0, 0x66, 0x03, 0x30, 0x19, 0x80, 0xCC,
    0x06, 0x60, 0x07, 0xF7, 0x60, 0x31, 0xE7, 0x87, 0xFB, 0xE0, 0x00, 0x77, 0xDF, 0x4C, 0x30, 0xC3,
    0x0C, 0x30, 0xC3, 0x00, 0x1F, 0x1F, 0xCC, 0x7E, 0x1F, 0x0D, 0x8E, 0xE7, 0x3F, 0x0E, 0x00, 0x63,
    0x07, 0x38, 0x39, 0xC3, 0xDE, 0x1E, 0xF0, 0xE7, 0x1C, 0xE3, 0xDE, 0x7B, 0xC7, 0x38, 0x21, 0x00,
    0x1C, 0x07, 0x07, 0x80, 0xE1, 0xF0, 0x38, 0x36, 0x06, 0x00, 0xC1, 0xC0, 0x18, 0x70, 0x03, 0x0C,
    0x00, 0x63, 0x9C, 0x0C, 0x63, 0x81, 0x9C, 0xF0, 0x37, 0x3E, 0x00, 0xC6, 0xC0, 0x39, 0x98, 0x0E,
    0x73, 0x01, 0xCF, 0xF8, 0x71, 0xFF, 0x0C, 0x01, 0x83, 0x80, 0x30, 0x1C, 0x06, 0x0F, 0x81, 0xC3,
    0xF0, 0x70, 0x2E, 0x0E, 0x01, 0xC3, 0x80, 0x38, 0x60, 0x07, 0x1C, 0x00, 0xE7, 0x7C, 0x1C, 0xDF,
    0xC3, 0xB9, 0x1C, 0x76, 0x03, 0x81, 0xC0, 0x60, 0x70, 0x1C, 0x0C, 0x07, 0x03, 0x81, 0xC0, 0x60,
    0x70, 0x1C, 0x1F, 0xC7, 0x03, 0xFC, 0x00, 0x00, 0x07, 0xE0, 0x18, 0xFF, 0x03, 0x80, 0x70, 0x70,
    0x07, 0x06, 0x03, 0xE0, 0xE0, 0x3E, 0x1C, 0x00, 0x71, 0xC0, 0x03, 0x39, 0xC0, 0x33, 0x1C, 0xFF,
    0x73, 0xCF, 0xEE, 0x7C, 0x00, 0xE6, 0xC0, 0x1C, 0xCC, 0x01, 0x9C, 0xC0, 0x39, 0xFF, 0x07, 0x1F,
    0xF0, 0x60, 0x0C, 0x0E, 0x00, 0xC0, 0x07, 0x01, 0xE0, 0x3C, 0x03, 0x80, 0x00, 0x0C, 0x01, 0xC0,
    0x38, 0x0E, 0x03, 0xC0, 0xF0, 0x3C, 0x07, 0x01, 0xC0, 0x38, 0x07, 0x00, 0x7F, 0xCF, 0xFC, 0x7E,
    0x00, 0x06, 0x00, 0x07, 0x00, 0x07, 0x80, 0x03, 0x80, 0x01, 0xC0, 0x00, 0x00, 0x03, 0xC0, 0x03,
    0xC0, 0x03, 0xC0, 0x07, 0xE0, 0x07, 0xE0, 0x0E, 0x60, 0x0E, 0x70, 0x0E, 0x70, 0x1C, 0x38, 0x1C,
    0x38, 0x1F, 0xF8, 0x3F, 0xFC, 0x3F, 0xFC, 0x70, 0x1E, 0x70, 0x0E, 0x70, 0x0E, 0xE0, 0x07, 0xE0,
    0x07, 0x00, 0x60, 0x00, 0xF0, 0x00, 0xE0, 0x01, 0xC0, 0x03, 0x80, 0x00, 0x00, 0x03, 0xC0, 0x03,
    0xC0, 0x03, 0xC0, 0x07, 0xE0, 0x07, 0xE0, 0x0E, 0x60, 0x0E, 0x70, 0x0E, 0x70, 0x1C, 0x38, 0x1C,
    0x38, 0x1F, 0xF8, 0x3F, 0xFC, 0x3F, 0xFC, 0x70, 0x1E, 0x70, 0x0E, 0x70, 0x0E, 0xE0, 0x07, 0xE0,
    0x07, 0x01, 0x80, 0x03, 0xC0, 0x07, 0xE0, 0x0E, 0xF0, 0x0C, 0x30, 0x00, 0x00, 0x03, 0xC0, 0x03,
    0xC0, 0x03, 0xC0, 0x07, 0xE0, 0x07, 0xE0, 0x0E, 0x60, 0x0E, 0x70, 0x0E, 0x70, 0x1C, 0x38, 0x1C,
    0x38, 0x1F, 0xF8, 0x3F, 0xFC, 0x3F, 0xFC, 0x70, 0x1E, 0x70, 0x0E, 0x70, 0x0E, 0xE0, 0x07, 0xE0,
    0x07, 0x06, 0x18, 0x0F, 0xB8, 0x1F, 0xF0, 0x18, 0xF0, 0x00, 0x00, 0x03, 0xC0, 0x03, 0xC0, 0x03,
    0xC0, 0x07, 0xE0, 0x07, 0xE0, 0x0E, 0x60, 0x0E, 0x70, 0x0E, 0x70, 0x1C, 0x38, 0x1C, 0x38, 0x1F,
    0xF8, 0x3F, 0xFC, 0x3F, 0xFC, 0x70, 0x1E, 0x70, 0x0E, 0x70, 0x0E, 0xE0, 0x07, 0xE0, 0x07, 0x04,
    0x20, 0x0E, 0x70, 0x0E, 0x70, 0x04, 0x20, 0x00, 0x00, 0x03, 0xC0, 0x03, 0xC0, 0x03, 0xC0, 0x07,
    0xE0, 0x07, 0xE0, 0x0E, 0x60, 0x0E, 0x70, 0x0E, 0x70, 0x1C, 0x38, 0x1C, 0x38, 0x1F, 0xF8, 0x3F,
    0xFC, 0x3F, 0xFC, 0x70, 0x1E, 0x70, 0x0E, 0x70, 0x0E, 0xE0, 0x07, 0xE0, 0x07, 0x01, 0x80, 0x07,
    0xE0, 0x06, 0x60, 0x06, 0x60, 0x07, 0xE0, 0x03, 0xC0, 0x03, 0xC0, 0x03, 0xC0, 0x07, 0xE0, 0x07,
    0xE0, 0x0E, 0x60, 0x0E, 0x70, 0x0E, 0x70, 0x1C, 0x38, 0x1C, 0x38, 0x1F, 0xF8, 0x3F, 0xFC, 0x3F,
    0xFC, 0x70, 0x1E, 0x70, 0x0E, 0x70, 0x0E, 0xE0, 0x07, 0xE0, 0x07, 0x00, 0x7F, 0xFC, 0x03, 0xFF,
    0xF0, 0x0F, 0xFF, 0x80, 0x7B, 0x80, 0x01, 0xCE, 0x00, 0x07, 0x38, 0x00, 0x38, 0xE0, 0x00, 0xE3,
    0xFE, 0x07, 0x0F, 0xF8, 0x1C, 0x3F, 0xE0, 0xFF, 0xE0, 0x03, 0xFF, 0x80, 0x1F, 0xFE, 0x00, 0x70,
    0x38, 0x03, 0x80, 0xE0, 0x0E, 0x03, 0x80, 0x70, 0x0F, 0xFD, 0xC0, 0x3F, 0xF0, 0x00, 0x00, 0x0F,
    0xF8, 0x7F, 0xF1, 0xF0, 0xE3, 0x80, 0x0E, 0x00, 0x1C, 0x00, 0x78, 0x00, 0xE0, 0x01, 0xC0, 0x03,
    0x80, 0x07, 0x00, 0x0F, 0x00, 0x0E, 0x00, 0x1C, 0x00, 0x3C, 0x00, 0x3E, 0x08, 0x3F, 0xF8, 0x3F,
    0xF0, 0x0F, 0x00, 0x1C, 0x00, 0x3C, 0x00, 0x18, 0x01, 0xF0, 0x03, 0xC0, 0x18, 0x07, 0x80, 0x70,
    0x07, 0x00, 0x70, 0x00, 0x3F, 0xFF, 0xFF, 0xFF, 0xDC, 0x03, 0x80, 0x70, 0x0E, 0x01, 0xFF, 0xBF,
    0xF7, 0xFE, 0xE0, 0x1C, 0x03, 0x80, 0x70, 0x0E, 0x01, 0xC0, 0x3F, 0xFF, 0xFF, 0x01, 0x80, 0x70,
    0x1E, 0x03, 0x80, 0xE0, 0x00, 0x3F, 0xFF, 0xFF, 0xFF, 0xDC, 0x03, 0x80, 0x70, 0x0E, 0x01, 0xFF,
    0xBF, 0xF7, 0xFE, 0xE0, 0x1C, 0x03, 0x80, 0x70, 0x0E, 0x01, 0xC0, 0x3F, 0xFF, 0xFF, 0x04, 0x01,
    0xE0, 0x7C, 0x1D, 0xC7, 0x1C, 0x00, 0x3F, 0xFF, 0xFF, 0xFF, 0xDC, 0x03, 0x80, 0x70, 0x0E, 0x01,
    0xFF, 0xBF, 0xF7, 0xFE, 0xE0, 0x1C, 0x03, 0x80, 0x70, 0x0E, 0x01, 0xC0, 0x3F, 0xFF, 0xFF, 0x11,
    0x87, 0x30, 0xE6, 0x08, 0x00, 0x01, 0xFF, 0xFF, 0xFF, 0xFE, 0xE0, 0x1C, 0x03, 0x80, 0x70, 0x0F,
    0xFD, 0xFF, 0xBF, 0xF7, 0x00, 0xE0, 0x1C, 0x03, 0x80, 0x70, 0x0E, 0x01, 0xFF, 0xFF, 0xF8, 0xC1,
    0xC1, 0xC1, 0xC1, 0x80, 0x3F, 0xFF, 0x38, 0x70, 0xE1, 0xC3, 0x87, 0x0E, 0x1C, 0x38, 0x70, 0xE1,
    0xC3, 0x87, 0x3F, 0xFF, 0x06, 0x1C, 0x71, 0xC3, 0x00, 0x3F, 0xFF, 0x38, 0x70, 0xE1, 0xC3, 0x87,
    0x0E, 0x1C, 0x38, 0x70, 0xE1, 0xC3, 0x87, 0x3F, 0xFF, 0x18, 0x1E, 0x1F, 0x8E, 0xEE, 0x38, 0x01,
    0xFC, 0xFE, 0x1C, 0x0E, 0x07, 0x03, 0x81, 0xC0, 0xE0, 0x70, 0x38, 0x1C, 0x0E, 0x07, 0x03, 0x81,
    0xC0, 0xE1, 0xFC, 0xFE, 0x42, 0xE7, 0xE7, 0x02, 0x00, 0x7F, 0x7F, 0x1C, 0x1C, 0x1C, 0x1C, 0x1C,
    0x1C, 0x1C, 0x1C, 0x1C, 0x1C, 0x1C, 0x1C, 0x1C, 0x1C, 0x7F, 0x7F, 0x3F, 0xF0, 0x1F, 0xFE, 0x0E,
    0x3F, 0x87, 0x01, 0xE3, 0x80, 0x71, 0xC0, 0x3C, 0xE0, 0x0E, 0x70, 0x07, 0xFF, 0xC3, 0xFF, 0xE1,
    0xDF, 0xE0, 0xE7, 0x00, 0x73, 0x80, 0x79, 0xC0, 0x38, 0xE0, 0x3C, 0x70, 0xFC, 0x3F, 0xFC, 0x1F,
    0xF8, 0x00, 0x06, 0x10, 0x3F, 0x60, 0x7F, 0xC0, 0xCF, 0x00, 0x00, 0x1E, 0x01, 0xFC, 0x03, 0xFC,
    0x07, 0xFC, 0x0F, 0xF8, 0x1F, 0xF8, 0x3F, 0x78, 0x7E, 0x70, 0xFC, 0xF1, 0xF8, 0xE3, 0xF0, 0xE7,
    0xE1, 0xEF, 0xC1, 0xDF, 0x81, 0xFF, 0x03, 0xFE, 0x03, 0xFC, 0x03, 0xF8, 0x07, 0x80, 0x03, 0x00,
    0x03, 0xC0, 0x00, 0xF0, 0x00, 0x38, 0x00, 0x0E, 0x00, 0x00, 0x00, 0x3F, 0xE0, 0x3F, 0xFC, 0x3E,
    0x1E, 0x3C, 0x03, 0x9C, 0x01, 0xEE, 0x00, 0x7F, 0x00, 0x3F, 0x00, 0x1F, 0x80, 0x0F, 0xC0, 0x07,
    0xE0, 0x03, 0xF8, 0x01, 0xDC, 0x00, 0xEE, 0x00, 0xF7, 0x80, 0x71, 0xE0, 0xF8, 0x7F, 0xF8, 0x1F,
    0xF0, 0x01, 0xC0, 0x00, 0x00, 0x30, 0x00, 0x3C, 0x00, 0x3C, 0x00, 0x1C, 0x00, 0x1C, 0x00, 0x00,
    0x00, 0x3F, 0xE0, 0x3F, 0xFC, 0x3E, 0x1E, 0x3C, 0x03, 0x9C, 0x01, 0xEE, 0x00, 0x7F, 0x00, 0x3F,
    0x00, 0x1F, 0x80, 0x0F, 0xC0, 0x07, 0xE0, 0x03, 0xF8, 0x01, 0xDC, 0x00, 0xEE, 0x00, 0xF7, 0x80,
    0x71, 0xE0, 0xF8, 0x7F, 0xF8, 0x1F, 0xF0, 0x01, 0xC0, 0x00, 0x00, 0xC0, 0x00, 0xF0, 0x00, 0xFC,
    0x00, 0xEE, 0x00, 0xE3, 0x80, 0x00, 0x00, 0x3F, 0xE0, 0x3F, 0xFC, 0x3E, 0x1E, 0x3C, 0x03, 0x9C,
    0x01, 0xEE, 0x00, 0x7F, 0x00, 0x3F, 0x00, 0x1F, 0x80, 0x0F, 0xC0, 0x07, 0xE0, 0x03, 0xF8, 0x01,
    0xDC, 0x00, 0xEE, 0x00, 0xF7, 0x80, 0x71, 0xE0, 0xF8, 0x7F, 0xF8, 0x1F, 0xF0, 0x01, 0xC0, 0x00,
    0x03, 0x0C, 0x03, 0xEE, 0x03, 0xFE, 0x01, 0x8E, 0x00, 0x00, 0x00, 0x7F, 0xC0, 0x7F, 0xF8, 0x7C,
    0x3C, 0x78, 0x07, 0x38, 0x03, 0xDC, 0x00, 0xFE, 0x00, 0x7E, 0x00, 0x3F, 0x00, 0x1F, 0x80, 0x0F,
    0xC0, 0x07, 0xF0, 0x03, 0xB8, 0x01, 0xDC, 0x01, 0xEF, 0x00, 0xE3, 0xC1, 0xF0, 0xFF, 0xF0, 0x3F,
    0xE0, 0x03, 0x80, 0x02, 0x10, 0x03, 0x9C, 0x01, 0xCE, 0x00, 0x42, 0x00, 0x00, 0x00, 0x7F, 0xC0,
    0x7F, 0xF8, 0x7C, 0x3C, 0x78, 0x07, 0x38, 0x03, 0xDC, 0x00, 0xFE, 0x00, 0x7E, 0x00, 0x3F, 0x00,
    0x1F, 0x80, 0x0F, 0xC0, 0x07, 0xF0, 0x03, 0xB8, 0x01, 0xDC, 0x01, 0xEF, 0x00, 0xE3, 0xC1, 0xF0,
    0xFF, 0xF0, 0x3F, 0xE0, 0x03, 0x80, 0x00, 0x06, 0x07, 0x70, 0xF3, 0x9E, 0x1F, 0xC0, 0xF8, 0x0F,
    0x01, 0xF8, 0x3D, 0xC7, 0x8E, 0xF0, 0x76, 0x02, 0x00, 0x02, 0x07, 0xFF, 0x87, 0xFF, 0xC7, 0xC3,
    0xC7, 0x81, 0xF3, 0x81, 0xFD, 0xC0, 0xEF, 0xE0, 0xE7, 0xE0, 0xE3, 0xF0, 0x71, 0xF8, 0x70, 0xFC,
    0x70, 0x7F, 0x70, 0x3B, 0xB8, 0x1D, 0xF8, 0x1E, 0xF8, 0x0E, 0x3C, 0x1F, 0x1F, 0xFF, 0x1F, 0xFE,
    0x06, 0x38, 0x00, 0x0C, 0x00, 0x38, 0x00, 0x70, 0x01, 0xE0, 0x01, 0x80, 0x00, 0x0E, 0x01, 0xF8,
    0x07, 0xE0, 0x1F, 0x80, 0x7E, 0x01, 0xF8, 0x07, 0xE0, 0x1F, 0x80, 0x7E, 0x01, 0xF8, 0x07, 0xE0,
    0x1F, 0x80, 0x7E, 0x01, 0xF8, 0x07, 0xF0, 0x1D, 0xE1, 0xE3, 0xFF, 0x87, 0xF8, 0x07, 0x80, 0x00,
    0xE0, 0x07, 0x80, 0x1C, 0x00, 0xE0, 0x03, 0x00, 0x00, 0x0E, 0x01, 0xF8, 0x07, 0xE0, 0x1F, 0x80,
    0x7E, 0x01, 0xF8, 0x07, 0xE0, 0x1F, 0x80, 0x7E, 0x01, 0xF8, 0x07, 0xE0, 0x1F, 0x80, 0x7E, 0x01,
    0xF8, 0x07, 0xF0, 0x1D, 0xE1, 0xE3, 0xFF, 0x87, 0xF8, 0x07, 0x80, 0x03, 0x00, 0x1E, 0x00, 0xFC,
    0x07, 0xB8, 0x1C, 0x70, 0x00, 0x0E, 0x01, 0xF8, 0x07, 0xE0, 0x1F, 0x80, 0x7E, 0x01, 0xF8, 0x07,
    0xE0, 0x1F, 0x80, 0x7E, 0x01, 0xF8, 0x07, 0xE0, 0x1F, 0x80, 0x7E, 0x01, 0xF8, 0x07, 0xF0, 0x1D,
    0xE1, 0xE3, 0xFF, 0x87, 0xF8, 0x07, 0x80, 0x08, 0x40, 0x73, 0x81, 0xCE, 0x02, 0x10, 0x00, 0x03,
    0x80, 0x7E, 0x01, 0xF8, 0x07, 0xE0, 0x1F, 0x80, 0x7E, 0x01, 0xF8, 0x07, 0xE0, 0x1F, 0x80, 0x7E,
    0x01, 0xF8, 0x07, 0xE0, 0x1F, 0x80, 0x7E, 0x01, 0xFC, 0x07, 0x78, 0x78, 0xFF, 0xE1, 0xFE, 0x01,
    0xE0, 0x00, 0xC0, 0x03, 0xC0, 0x07, 0x00, 0x1C, 0x00, 0x30, 0x00, 0x00, 0x38, 0x07, 0x78, 0x0E,
    0x70, 0x38, 0xF0, 0x70, 0xE1, 0xC1, 0xE7, 0x81, 0xCE, 0x01, 0xFC, 0x03, 0xF0, 0x03, 0xC0, 0x07,
    0x80, 0x07, 0x00, 0x0E, 0x00, 0x1C, 0x00, 0x38, 0x00, 0x70, 0x00, 0xE0, 0x01, 0xC0, 0xE0, 0x0E,
    0x00, 0xE0, 0x0F, 0xF8, 0xFF, 0xEF, 0xFE, 0xE0, 0xFE, 0x07, 0xE0, 0x7E, 0x07, 0xE0, 0x7E, 0x1E,
    0xFF, 0xEF, 0xF8, 0xF8, 0x0E, 0x00, 0xE0, 0x0E, 0x00, 0x00, 0x01, 0xFE, 0x1F, 0xF9, 0xE1, 0xCE,
    0x0E, 0x70, 0x73, 0x87, 0x9C, 0x78, 0xE7, 0x87, 0x38, 0x39, 0xC1, 0xC7, 0x8E, 0x3E, 0x70, 0x7B,
    0x81, 0xFC, 0x07, 0xE0, 0x3F, 0x41, 0xFB, 0xFD, 0xDF, 0xE0, 0x38, 0x00, 0x18, 0x03, 0x80, 0x78,
    0x07, 0x00, 0x70, 0x00, 0x07, 0xE3, 0xFE, 0x3F, 0xE0, 0x1C, 0x03, 0x80, 0x73, 0xFE, 0xFF, 0xFC,
    0x3F, 0x07, 0xE0, 0xFC, 0x3F, 0xFF, 0xBF, 0xB1, 0xC0, 0x01, 0x80, 0x78, 0x0E, 0x03, 0x80, 0xE0,
    0x00, 0x07, 0xE3, 0xFE, 0x3F, 0xE0, 0x1C, 0x03, 0x80, 0x73, 0xFE, 0xFF, 0xFC, 0x3F, 0x07, 0xE0,
    0xFC, 0x3F, 0xFF, 0xBF, 0xB1, 0xC0, 0x06, 0x01, 0xE0, 0x7E, 0x1F, 0xE3, 0x0C, 0x00, 0x07, 0xE3,
    0xFE, 0x3F, 0xE0, 0x1C, 0x03, 0x80, 0x73, 0xFE, 0xFF, 0xFC, 0x3F, 0x07, 0xE0, 0xFC, 0x3F, 0xFF,
    0xBF, 0xB1, 0xC0, 0x18, 0x67, 0xCD, 0xFF, 0x31, 0xE0, 0x00, 0x3F, 0x1F, 0xF1, 0xFF, 0x00, 0xE0,
    0x1C, 0x03, 0x9F, 0xF7, 0xFF, 0xE1, 0xF8, 0x3F, 0x07, 0xE1, 0xFF, 0xFD, 0xFD, 0x8E, 0x00, 0x10,
    0x87, 0x38, 0xE7, 0x08, 0x40, 0x00, 0x3F, 0x1F, 0xF1, 0xFF, 0x00, 0xE0, 0x1C, 0x03, 0x9F, 0xF7,
    0xFF, 0xE1, 0xF8, 0x3F, 0x07, 0xE1, 0xFF, 0xFD, 0xFD, 0x8E, 0x00, 0x06, 0x03, 0xF0, 0x66, 0x0C,
    0xC1, 0xF8, 0x1E, 0x00, 0x00, 0xFC, 0x7F, 0xC7, 0xFC, 0x03, 0x80, 0x70, 0x0E, 0x7F, 0xDF, 0xFF,
    0x87, 0xE0, 0xFC, 0x1F, 0x87, 0xFF, 0xF7, 0xF6, 0x38, 0x00, 0x1F, 0x0F, 0x87, 0xFF, 0xFC, 0x7F,
    0xFF, 0xE0, 0x0F, 0x0E, 0x00, 0xE0, 0xE0, 0x0E, 0x07, 0x3F, 0xFF, 0xF7, 0xFF, 0xFF, 0xF0, 0xE0,
    0x0E, 0x0E, 0x00, 0xE0, 0xF0, 0x0E, 0x1F, 0x82, 0xFF, 0xBF, 0xE7, 0xF1, 0xFE, 0x1C, 0x07, 0x00,
    0x0F, 0xC7, 0xF9, 0xFF, 0x38, 0x0E, 0x01, 0xC0, 0x38, 0x07, 0x00, 0xE0, 0x1C, 0x03, 0xC0, 0x3C,
    0x23, 0xFC, 0x3F, 0x81, 0xC0, 0x78, 0x07, 0x80, 0x70, 0x7E, 0x0F, 0x80, 0x18, 0x01, 0xC0, 0x0E,
    0x00, 0xF0, 0x07, 0x00, 0x00, 0x0F, 0x83, 0xFC, 0x7F, 0xE7, 0x0F, 0xE0, 0x7E, 0x07, 0xFF, 0xFF,
    0xFF, 0xE0, 0x0E, 0x00, 0x70, 0x07, 0x82, 0x3F, 0xF1, 0xFE, 0x07, 0x80, 0x01, 0xC0, 0x3C, 0x03,
    0x80, 0x70, 0x06, 0x00, 0x00, 0x0F, 0x83, 0xFC, 0x7F, 0xE7, 0x0F, 0xE0, 0x7E, 0x07, 0xFF, 0xFF,
    0xFF, 0xE0, 0x0E, 0x00, 0x70, 0x07, 0x82, 0x3F, 0xF1, 0xFE, 0x07, 0x80, 0x06, 0x00, 0xF0, 0x1F,
    0x83, 0xDC, 0x30, 0xE0, 0x00, 0x0F, 0x83, 0xFC, 0x7F, 0xE7, 0x0F, 0xE0, 0x7E, 0x07, 0xFF, 0xFF,
    0xFF, 0xE0, 0x0E, 0x00, 0x70, 0x07, 0x82, 0x3F, 0xF1, 0xFE, 0x07, 0x80, 0x10, 0x83, 0x9C, 0x39,
    0xC1, 0x08, 0x00, 0x00, 0xF8, 0x3F, 0xC7, 0xFE, 0x70, 0xFE, 0x07, 0xE0, 0x7F, 0xFF, 0xFF, 0xFE,
    0x00, 0xE0, 0x07, 0x00, 0x78, 0x23, 0xFF, 0x1F, 0xE0, 0x78, 0x61, 0xC3, 0x87, 0x0C, 0x01, 0xC7,
    0x1C, 0x71, 0xC7, 0x1C, 0x71, 0xC7, 0x1C, 0x71, 0xC7, 0x0C, 0x73, 0x9C, 0x60, 0x07, 0x1C, 0x71,
    0xC7, 0x1C, 0x71, 0xC7, 0x1C, 0x71, 0xC7, 0x1C, 0x18, 0x1E, 0x1F, 0x8E, 0xEE, 0x38, 0x00, 0x70,
    0x38, 0x1C, 0x0E, 0x07, 0x03, 0x81, 0xC0, 0xE0, 0x70, 0x38, 0x1C, 0x0E, 0x07, 0x03, 0x80, 0x42,
    0xE7, 0xE7, 0x42, 0x00, 0x1C, 0x1C, 0x1C, 0x1C, 0x1C, 0x1C, 0x1C, 0x1C, 0x1C, 0x1C, 0x1C, 0x1C,
    0x1C, 0x1C, 0x00, 0x00, 0x63, 0x07, 0xFC, 0x0F, 0x80, 0xFC, 0x0F, 0xF0, 0x63, 0x80, 0x0E, 0x1F,
    0xF1, 0xFF, 0xDE, 0x3F, 0xE0, 0xFE, 0x03, 0xF0, 0x1F, 0x80, 0xFC, 0x07, 0xE0, 0x3B, 0x83, 0x8F,
    0xFC, 0x3F, 0x80, 0x70, 0x00, 0x18, 0x43, 0xEE, 0x7F, 0xC6, 0x38, 0x00, 0x0C, 0xF8, 0xFF, 0xEF,
    0xFE, 0xF0, 0xFE, 0x07, 0xE0, 0x7E, 0x07, 0xE0, 0x7E, 0x07, 0xE0, 0x7E, 0x07, 0xE0, 0x7E, 0x07,
    0xE0, 0x70, 0x0C, 0x00, 0xF0, 0x03, 0x80, 0x0E, 0x00, 0x38, 0x00, 0x00, 0x3E, 0x07, 0xFC, 0x7F,
    0xF3, 0x83, 0xB8, 0x0F, 0xC0, 0x7E, 0x03, 0xF0, 0x1F, 0x80, 0xFC, 0x07, 0x70, 0x7B, 0xC3, 0x8F,
    0xF8, 0x3F, 0x80, 0x70, 0x00, 0x00, 0xC0, 0x0E, 0x00, 0xF0, 0x07, 0x00, 0x70, 0x00, 0x00, 0x3E,
    0x07, 0xFC, 0x7F, 0xF3, 0x83, 0xB8, 0x0F, 0xC0, 0x7E, 0x03, 0xF0, 0x1F, 0x80, 0xFC, 0x07, 0x70,
    0x7B, 0xC3, 0x8F, 0xF8, 0x3F, 0x80, 0x70, 0x00, 0x02, 0x00, 0x3C, 0x03, 0xE0, 0x3B, 0x83, 0x8E,
    0x00, 0x00, 0x3E, 0x07, 0xFC, 0x7F, 0xF3, 0x83, 0xB8, 0x0F, 0xC0, 0x7E, 0x03, 0xF0, 0x1F, 0x80,
    0xFC, 0x07, 0x70, 0x7B, 0xC3, 0x8F, 0xF8, 0x3F, 0x80, 0x70, 0x00, 0x0C, 0x21, 0xFB, 0x0F, 0xF8,
    0x67, 0x80, 0x00, 0x07, 0xC0, 0xFF, 0x8F, 0xFE, 0x70, 0x77, 0x01, 0xF8, 0x0F, 0xC0, 0x7E, 0x03,
    0xF0, 0x1F, 0x80, 0xEE, 0x0F, 0x78, 0x71, 0xFF, 0x07, 0xF0, 0x0E, 0x00, 0x08, 0x80, 0xEE, 0x07,
    0x70, 0x11, 0x00, 0x00, 0x07, 0xC0, 0xFF, 0x8F, 0xFE, 0x70, 0x77, 0x01, 0xF8, 0x0F, 0xC0, 0x7E,
    0x03, 0xF0, 0x1F, 0x80, 0xEE, 0x0F, 0x78, 0x71, 0xFF, 0x07, 0xF0, 0x0E, 0x00, 0x06, 0x00, 0x78,
    0x03, 0xC0, 0x0C, 0x00, 0x00, 0x7F, 0xFB, 0xFF, 0xC0, 0x00, 0x00, 0x00, 0x38, 0x03, 0xC0, 0x0E,
    0x00, 0x00, 0x00, 0x7D, 0x8F, 0xFC, 0xFF, 0xE7, 0x0F, 0x70, 0xFF, 0x8E, 0xFC, 0x77, 0xE7, 0x3F,
    0x71, 0xFB, 0x8E, 0xF8, 0xF7, 0x87, 0x3F, 0xF1, 0xFF, 0x0C, 0xE0, 0x0C, 0x00, 0xF0, 0x03, 0x80,
    0x0E, 0x00, 0x38, 0x00, 0x01, 0x80, 0xEE, 0x07, 0x70, 0x3B, 0x81, 0xDC, 0x0E, 0xE0, 0x77, 0x03,
    0xB8, 0x1D, 0xC0, 0xEE, 0x07, 0x70, 0x7B, 0x87, 0xDF, 0xFE, 0x7F, 0x70, 0xE0, 0x00, 0x00, 0xC0,
    0x0F, 0x00, 0xF0, 0x07, 0x00, 0x70, 0x00, 0x01, 0x80, 0xEE, 0x07, 0x70, 0x3B, 0x81, 0xDC, 0x0E,
    0xE0, 0x77, 0x03, 0xB8, 0x1D, 0xC0, 0xEE, 0x07, 0x70, 0x7B, 0x87, 0xDF, 0xFE, 0x7F, 0x70, 0xE0,
    0x00, 0x03, 0x00, 0x3C, 0x03, 0xF0, 0x3B, 0x83, 0x8E, 0x00, 0x01, 0x80, 0xEE, 0x07, 0x70, 0x3B,
    0x81, 0xDC, 0x0E, 0xE0, 0x77, 0x03, 0xB8, 0x1D, 0xC0, 0xEE, 0x07, 0x70, 0x7B, 0x87, 0xDF, 0xFE,
    0x7F, 0x70, 0xE0, 0x00, 0x08, 0x40, 0xE7, 0x07, 0x38, 0x10, 0x00, 0x00, 0x30, 0x1D, 0xC0, 0xEE,
    0x07, 0x70, 0x3B, 0x81, 0xDC, 0x0E, 0xE0, 0x77, 0x03, 0xB8, 0x1D, 0xC0, 0xEE, 0x0F, 0x70, 0xFB,
    0xFF, 0xCF, 0xEE, 0x1C, 0x00, 0x00, 0xC0, 0x0E, 0x00, 0xE0, 0x0E, 0x00, 0x60, 0x00, 0x03, 0x80,
    0xFC, 0x07, 0xE0, 0x73, 0x83, 0x9C, 0x1C, 0x71, 0xC3, 0x8E, 0x1C, 0x70, 0x77, 0x03, 0xB8, 0x0F,
    0x80, 0x7C, 0x03, 0xE0, 0x0E, 0x00, 0x70, 0x07, 0x00, 0x38, 0x03, 0xC0, 0xFC, 0x07, 0xC0, 0x00,
    0xE0, 0x0E, 0x00, 0xE0, 0x0E, 0x00, 0xE0, 0x0E, 0xF8, 0xFF, 0xCF, 0xFE, 0xF0, 0xFE, 0x07, 0xE0,
    0x7E, 0x07, 0xE0, 0x7E, 0x07, 0xE0, 0x7E, 0x07, 0xF0, 0xFF, 0xFE, 0xFF, 0xCE, 0x70, 0xE0, 0x0E,
    0x00, 0xE0, 0x0E, 0x00, 0xE0, 0x00, 0x08, 0x80, 0xEE, 0x07, 0x70, 0x01, 0x00, 0x00, 0x70, 0x1F,
    0x80, 0xFC, 0x0E, 0x70, 0x73, 0x83, 0x8E, 0x38, 0x71, 0xC3, 0x8E, 0x0E, 0xE0, 0x77, 0x01, 0xF0,
    0x0F, 0x80, 0x7C, 0x01, 0xC0, 0x0E, 0x00, 0xE0, 0x07, 0x00, 0x78, 0x1F, 0x80, 0xF8, 0x00, 0x0F,
    0xF0, 0x0F, 0xF0, 0x00, 0x00, 0x03, 0xC0, 0x03, 0xC0, 0x03, 0xC0, 0x07, 0xE0, 0x07, 0xE0, 0x0E,
    0x60, 0x0E, 0x70, 0x0E, 0x70, 0x1C, 0x38, 0x1C, 0x38, 0x1F, 0xF8, 0x3F, 0xFC, 0x3F, 0xFC, 0x70,
    0x1E, 0x70, 0x0E, 0x70, 0x0E, 0xE0, 0x07, 0xE0, 0x07, 0x3F, 0xC7, 0xF8, 0x00, 0x0F, 0xC7, 0xFC,
    0x7F, 0xC0, 0x38, 0x07, 0x00, 0xE7, 0xFD, 0xFF, 0xF8, 0x7E, 0x0F, 0xC1, 0xF8, 0x7F, 0xFF, 0x7F,
    0x63, 0x80, 0x0C, 0x30, 0x0C, 0x70, 0x0F, 0xF0, 0x07, 0xC0, 0x00, 0x00, 0x03, 0xC0, 0x03, 0xC0,
    0x03, 0xC0, 0x07, 0xE0, 0x07, 0xE0, 0x0E, 0x60, 0x0E, 0x70, 0x0E, 0x70, 0x1C, 0x38, 0x1C, 0x38,
    0x1F, 0xF8, 0x3F, 0xFC, 0x3F, 0xFC, 0x70, 0x1E, 0x70, 0x0E, 0x70, 0x0E, 0xE0, 0x07, 0xE0, 0x07,
    0x30, 0xC7, 0x38, 0xFF, 0x0F, 0xC0, 0x00, 0x3F, 0x1F, 0xF1, 0xFF, 0x00, 0xE0, 0x1C, 0x03, 0x9F,
    0xF7, 0xFF, 0xE1, 0xF8, 0x3F, 0x07, 0xE1, 0xFF, 0xFD, 0xFD, 0x8E, 0x00, 0x03, 0xC0, 0x03, 0xC0,
    0x03, 0xC0, 0x07, 0xE0, 0x07, 0xE0, 0x0E, 0x60, 0x0E, 0x70, 0x0E, 0x70, 0x1C, 0x38, 0x1C, 0x38,
    0x1F, 0xF8, 0x3F, 0xFC, 0x3F, 0xFC, 0x70, 0x1E, 0x70, 0x0E, 0x70, 0x0E, 0xE0, 0x07, 0xE0, 0x07,
    0x00, 0x06, 0x00, 0x0C, 0x00, 0x0C, 0x00, 0x1C, 0x00, 0x0F, 0x00, 0x07, 0x1F, 0x87, 0xFC, 0x3F,
    0xE0, 0x0E, 0x00, 0xE0, 0x0E, 0x3F, 0xE7, 0xFE, 0xF0, 0xEE, 0x0E, 0xE0, 0xEE, 0x1E, 0xFF, 0xE7,
    0xF6, 0x1C, 0xE0, 0x0C, 0x01, 0xC0, 0x1C, 0x01, 0xF0, 0x0F, 0x00, 0x30, 0x00, 0xE0, 0x03, 0xC0,
    0x0F, 0x00, 0x1C, 0x00, 0x00, 0x01, 0xFF, 0x0F, 0xFE, 0x3E, 0x1C, 0x70, 0x01, 0xC0, 0x03, 0x80,
    0x0F, 0x00, 0x1C, 0x00, 0x38, 0x00, 0x70, 0x00, 0xE0, 0x01, 0xE0, 0x01, 0xC0, 0x03, 0x80, 0x07,
    0x80, 0x07, 0xC1, 0x07, 0xFF, 0x07, 0xFE, 0x01, 0xE0, 0x01, 0xC0, 0x78, 0x0E, 0x03, 0x80, 0x60,
    0x00, 0x03, 0xF1, 0xFE, 0x7F, 0xCE, 0x03, 0x80, 0x70, 0x0E, 0x01, 0xC0, 0x38, 0x07, 0x00, 0xF0,
    0x0F, 0x08, 0xFF, 0x0F, 0xE0, 0x70, 0x00, 0x80, 0x07, 0x80, 0x0F, 0x80, 0x3B, 0x80, 0xE3, 0x80,
    0x00, 0x01, 0xFF, 0x0F, 0xFE, 0x3E, 0x1C, 0x70, 0x01, 0xC0, 0x03, 0x80, 0x0F, 0x00, 0x1C, 0x00,
    0x38, 0x00, 0x70, 0x00, 0xE0, 0x01, 0xE0, 0x01, 0xC0, 0x03, 0x80, 0x07, 0x80, 0x07, 0xC1, 0x07,
    0xFF, 0x07, 0xFE, 0x01, 0xE0, 0x06, 0x01, 0xE0, 0x7E, 0x1F, 0xE3, 0x0E, 0x00, 0x03, 0xF1, 0xFE,
    0x7F, 0xCE, 0x03, 0x80, 0x70, 0x0E, 0x01, 0xC0, 0x38, 0x07, 0x00, 0xF0, 0x0F, 0x08, 0xFF, 0x0F,
    0xE0, 0x70, 0x00, 0x80, 0x03, 0x80, 0x07, 0x00, 0x04, 0x00, 0x00, 0x00, 0xFF, 0x87, 0xFF, 0x1F,
    0x0E, 0x38, 0x00, 0xE0, 0x01, 0xC0, 0x07, 0x80, 0x0E, 0x00, 0x1C, 0x00, 0x38, 0x00, 0x70, 0x00,
    0xF0, 0x00, 0xE0, 0x01, 0xC0, 0x03, 0xC0, 0x03, 0xE0, 0x83, 0xFF, 0x83, 0xFF, 0x00, 0xF0, 0x06,
    0x00, 0xE0, 0x1C, 0x03, 0x00, 0x00, 0x1F, 0x8F, 0xF3, 0xFE, 0x70, 0x1C, 0x03, 0x80, 0x70, 0x0E,
    0x01, 0xC0, 0x38, 0x07, 0x80, 0x78, 0x47, 0xF8, 0x7F, 0x03, 0x80, 0x04, 0x10, 0x1C, 0x70, 0x1D,
    0xC0, 0x1F, 0x00, 0x1C, 0x00, 0x00, 0x01, 0xFF, 0x0F, 0xFE, 0x3E, 0x1C, 0x70, 0x01, 0xC0, 0x03,
    0x80, 0x0F, 0x00, 0x1C, 0x00, 0x38, 0x00, 0x70, 0x00, 0xE0, 0x01, 0xE0, 0x01, 0xC0, 0x03, 0x80,
    0x07, 0x80, 0x07, 0xC1, 0x07, 0xFF, 0x07, 0xFE, 0x01, 0xE0, 0x20, 0x47, 0x38, 0x7F, 0x0F, 0xC0,
    0xF0, 0x00, 0x03, 0xF1, 0xFE, 0x7F, 0xCE, 0x03, 0x80, 0x70, 0x0E, 0x01, 0xC0, 0x38, 0x07, 0x00,
    0xF0, 0x0F, 0x08, 0xFF, 0x0F, 0xE0, 0x70, 0x10, 0x20, 0x39, 0xC0, 0x3F, 0x00, 0x7E, 0x00, 0x78,
    0x00, 0x00, 0x3F, 0xF0, 0x7F, 0xF8, 0xE3, 0xF9, 0xC0, 0x7B, 0x80, 0x77, 0x00, 0xFE, 0x00, 0xFC,
    0x01, 0xF8, 0x03, 0xF0, 0x07, 0xE0, 0x0F, 0xC0, 0x1F, 0x80, 0x7F, 0x00, 0xEE, 0x03, 0xDC, 0x3F,
    0x3F, 0xFC, 0x7F, 0xE0, 0x00, 0x3B, 0x00, 0x1F, 0x80, 0x0F, 0xC0, 0x07, 0xC0, 0x03, 0x80, 0xF9,
    0xC0, 0xFF, 0xE0, 0xFF, 0xF0, 0x70, 0x78, 0x70, 0x3C, 0x38, 0x0E, 0x1C, 0x07, 0x0E, 0x03, 0x87,
    0x01, 0xC3, 0x80, 0xE1, 0xE0, 0xF0, 0x70, 0xF8, 0x3F, 0xFC, 0x0F, 0xEE, 0x00, 0xC0, 0x00, 0x3F,
    0xF0, 0x1F, 0xFE, 0x0E, 0x3F, 0x87, 0x01, 0xE3, 0x80, 0x71, 0xC0, 0x3C, 0xE0, 0x0E, 0x70, 0x07,
    0xFF, 0xC3, 0xFF, 0xE1, 0xDF, 0xE0, 0xE7, 0x00, 0x73, 0x80, 0x79, 0xC0, 0x38, 0xE0, 0x3C, 0x70,
    0xFC, 0x3F, 0xFC, 0x1F, 0xF8, 0x00, 0x00, 0x38, 0x00, 0x70, 0x3F, 0xF0, 0x7F, 0xF0, 0x03, 0x81,
    0xE7, 0x0F, 0xFE, 0x3F, 0xFC, 0x70, 0x79, 0xE0, 0xF3, 0x80, 0xE7, 0x01, 0xCE, 0x03, 0x9C, 0x07,
    0x38, 0x0E, 0x78, 0x3C, 0x70, 0xF8, 0xFF, 0xF0, 0xFE, 0xE0, 0x30, 0x00, 0x3F, 0xC7, 0xF8, 0x00,
    0x7F, 0xFF, 0xFF, 0xFF, 0xB8, 0x07, 0x00, 0xE0, 0x1C, 0x03, 0xFF, 0x7F, 0xEF, 0xFD, 0xC0, 0x38,
    0x07, 0x00, 0xE0, 0x1C, 0x03, 0x80, 0x7F, 0xFF, 0xFE, 0x3F, 0xC3, 0xFC, 0x00, 0x00, 0xF8, 0x3F,
    0xC7, 0xFE, 0x70, 0xFE, 0x07, 0xE0, 0x7F, 0xFF, 0xFF, 0xFE, 0x00, 0xE0, 0x07, 0x00, 0x78, 0x23,
    0xFF, 0x1F, 0xE0, 0x78, 0x60, 0xC6, 0x38, 0xFE, 0x0F, 0x80, 0x01, 0xFF, 0xFF, 0xFF, 0xFE, 0xE0,
    0x1C, 0x03, 0x80, 0x70, 0x0F, 0xFD, 0xFF, 0xBF, 0xF7, 0x00, 0xE0, 0x1C, 0x03, 0x80, 0x70, 0x0E,
    0x01, 0xFF, 0xFF, 0xF8, 0x30, 0xC3, 0x9C, 0x3F, 0xC1, 0xF8, 0x00, 0x00, 0xF8, 0x3F, 0xC7, 0xFE,
    0x70, 0xFE, 0x07, 0xE0, 0x7F, 0xFF, 0xFF, 0xFE, 0x00, 0xE0, 0x07, 0x00, 0x78, 0x23, 0xFF, 0x1F,
    0xE0, 0x78, 0x06, 0x01, 0xC0, 0x38, 0x02, 0x00, 0x01, 0xFF, 0xFF, 0xFF, 0xFE, 0xE0, 0x1C, 0x03,
    0x80, 0x70, 0x0F, 0xFD, 0xFF, 0xBF, 0xF7, 0x00, 0xE0, 0x1C, 0x03, 0x80, 0x70, 0x0E, 0x01, 0xFF,
    0xFF, 0xF8, 0x06, 0x00, 0x70, 0x07, 0x00, 0x60, 0x00, 0x00, 0xF8, 0x3F, 0xC7, 0xFE, 0x70, 0xFE,
    0x07, 0xE0, 0x7F, 0xFF, 0xFF, 0xFE, 0x00, 0xE0, 0x07, 0x00, 0x78, 0x23, 0xFF, 0x1F, 0xE0, 0x78,
    0xFF, 0xFF, 0xFF, 0xFF, 0x70, 0x0E, 0x01, 0xC0, 0x38, 0x07, 0xFE, 0xFF, 0xDF, 0xFB, 0x80, 0x70,
    0x0E, 0x01, 0xC0, 0x38, 0x07, 0x00, 0xFF, 0xFF, 0xFC, 0x07, 0x01, 0xC0, 0x30, 0x07, 0x00, 0xF8,
    0x0E, 0x0F, 0x83, 0xFC, 0x7F, 0xE7, 0x0F, 0xE0, 0x7E, 0x07, 0xFF, 0xFF, 0xFF, 0xE0, 0x0E, 0x00,
    0x70, 0x07, 0x82, 0x3F, 0xF1, 0xFE, 0x07, 0xC0, 0x1C, 0x01, 0x80, 0x18, 0x01, 0xE0, 0x0E, 0x20,
    0xCE, 0x38, 0xFE, 0x0F, 0x80, 0xE0, 0x00, 0x3F, 0xFF, 0xFF, 0xFF, 0xDC, 0x03, 0x80, 0x70, 0x0E,
    0x01, 0xFF, 0xBF, 0xF7, 0xFE, 0xE0, 0x1C, 0x03, 0x80, 0x70, 0x0E, 0x01, 0xC0, 0x3F, 0xFF, 0xFF,
    0x20, 0x43, 0x9E, 0x1F, 0xC0, 0xF8, 0x0F, 0x00, 0x00, 0x0F, 0x83, 0xFC, 0x7F, 0xE7, 0x0F, 0xE0,
    0x7E, 0x07, 0xFF, 0xFF, 0xFF, 0xE0, 0x0E, 0x00, 0x70, 0x07, 0x82, 0x3F, 0xF1, 0xFE, 0x07, 0x80,
    0x00, 0xC0, 0x01, 0xE0, 0x03, 0xF0, 0x07, 0xB8, 0x06, 0x1C, 0x00, 0x00, 0x07, 0xFE, 0x1F, 0xFE,
    0x3F, 0x0E, 0x3C, 0x00, 0x78, 0x00, 0x70, 0x00, 0xF0, 0x00, 0xE0, 0x00, 0xE0, 0x7F, 0xE0, 0x7F,
    0xE0, 0x7F, 0xF0, 0x07, 0x70, 0x07, 0x70, 0x07, 0x78, 0x07, 0x3E, 0x07, 0x1F, 0xFF, 0x0F, 0xFF,
    0x01, 0xF0, 0x02, 0x00, 0x78, 0x03, 0xE0, 0x3B, 0x83, 0x8E, 0x00, 0x00, 0x7C, 0xC7, 0xFF, 0x7F,
    0xFB, 0x83, 0xF8, 0x1F, 0xC0, 0x7E, 0x03, 0xF0, 0x1F, 0x80, 0xFC, 0x07, 0xF0, 0x7B, 0x87, 0xDF,
    0xFE, 0x7F, 0x70, 0x63, 0x80, 0x1C, 0x01, 0xCE, 0x1E, 0x7F, 0xE3, 0xFE, 0x00, 0x06, 0x18, 0x07,
    0x38, 0x07, 0xF8, 0x03, 0xF0, 0x00, 0x00, 0x07, 0xFE, 0x1F, 0xFE, 0x3F, 0x0E, 0x3C, 0x00, 0x78,
    0x00, 0x70, 0x00, 0xF0, 0x00, 0xE0, 0x00, 0xE0, 0x7F, 0xE0, 0x7F, 0xE0, 0x7F, 0xF0, 0x07, 0x70,
    0x07, 0x70, 0x07, 0x78, 0x07, 0x3E, 0x07, 0x1F, 0xFF, 0x0F, 0xFF, 0x01, 0xF0, 0x30, 0x61, 0xC6,
    0x07, 0xF0, 0x1F, 0x00, 0x00, 0x0F, 0x98, 0xFF, 0xEF, 0xFF, 0x70, 0x7F, 0x03, 0xF8, 0x0F, 0xC0,
    0x7E, 0x03, 0xF0, 0x1F, 0x80, 0xFE, 0x0F, 0x70, 0xFB, 0xFF, 0xCF, 0xEE, 0x0C, 0x70, 0x03, 0x80,
    0x39, 0xC3, 0xCF, 0xFC, 0x7F, 0xC0, 0x00, 0xC0, 0x00, 0xE0, 0x00, 0xE0, 0x00, 0xC0, 0x00, 0x00,
    0x07, 0xFE, 0x1F, 0xFE, 0x3F, 0x0E, 0x3C, 0x00, 0x78, 0x00, 0x70, 0x00, 0xF0, 0x00, 0xE0, 0x00,
    0xE0, 0x7F, 0xE0, 0x7F, 0xE0, 0x7F, 0xF0, 0x07, 0x70, 0x07, 0x70, 0x07, 0x78, 0x07, 0x3E, 0x07,
    0x1F, 0xFF, 0x0F, 0xFF, 0x01, 0xF0, 0x02, 0x00, 0x38, 0x01, 0xC0, 0x04, 0x00, 0x00, 0x0F, 0x98,
    0xFF, 0xEF, 0xFF, 0x70, 0x7F, 0x03, 0xF8, 0x0F, 0xC0, 0x7E, 0x03, 0xF0, 0x1F, 0x80, 0xFE, 0x0F,
    0x70, 0xFB, 0xFF, 0xCF, 0xEE, 0x0C, 0x70, 0x03, 0x80, 0x39, 0xC3, 0xCF, 0xFC, 0x7F, 0xC0, 0x00,
    0x00, 0x07, 0xFE, 0x1F, 0xFE, 0x3F, 0x0E, 0x3C, 0x00, 0x78, 0x00, 0x70, 0x00, 0xF0, 0x00, 0xE0,
    0x00, 0xE0, 0x7F, 0xE0, 0x7F, 0xE0, 0x7F, 0xF0, 0x07, 0x70, 0x07, 0x70, 0x07, 0x78, 0x07, 0x3E,
    0x07, 0x1F, 0xFF, 0x0F, 0xFF, 0x01, 0xF0, 0x00, 0xE0, 0x00, 0xE0, 0x00, 0xC0, 0x01, 0xC0, 0x01,
    0x80, 0x01, 0x00, 0x18, 0x01, 0xC0, 0x0E, 0x00, 0x60, 0x00, 0x00, 0x7C, 0xC7, 0xFF, 0x7F, 0xFB,
    0x83, 0xF8, 0x1F, 0xC0, 0x7E, 0x03, 0xF0, 0x1F, 0x80, 0xFC, 0x07, 0xF0, 0x7B, 0x87, 0xDF, 0xFE,
    0x7F, 0x70, 0x63, 0x80, 0x1C, 0x01, 0xCE, 0x1E, 0x7F, 0xE3, 0xFE, 0x00, 0x03, 0x00, 0x0F, 0x00,
    0x3F, 0x00, 0x77, 0x01, 0xC7, 0x00, 0x00, 0x38, 0x07, 0x70, 0x0E, 0xE0, 0x1D, 0xC0, 0x3B, 0x80,
    0x77, 0x00, 0xEE, 0x01, 0xDF, 0xFF, 0xBF, 0xFF, 0x7F, 0xFE, 0xE0, 0x1D, 0xC0, 0x3B, 0x80, 0x77,
    0x00, 0xEE, 0x01, 0xDC, 0x03, 0xB8, 0x07, 0x70, 0x0E, 0x18, 0x00, 0x78, 0x01, 0xF8, 0x03, 0xB8,
    0x0E, 0x38, 0x00, 0x00, 0x00, 0x00, 0x0E, 0x00, 0x1C, 0x00, 0x38, 0x00, 0x70, 0x00, 0xE0, 0x01,
    0xDF, 0x03, 0xFF, 0x87, 0xFF, 0x0F, 0x0F, 0x1C, 0x0E, 0x38, 0x1C, 0x70, 0x38, 0xE0, 0x71, 0xC0,
    0xE3, 0x81, 0xC7, 0x03, 0x8E, 0x07, 0x1C, 0x0E, 0x38, 0x1C, 0x38, 0x07, 0x07, 0x00, 0xE0, 0xE0,
    0x1C, 0x7F, 0xFF, 0xFF, 0xFF, 0xFE, 0x70, 0x0E, 0x0E, 0x01, 0xC1, 0xFF, 0xF8, 0x3F, 0xFF, 0x07,
    0xFF, 0xE0, 0xE0, 0x1C, 0x1C, 0x03, 0x83, 0x80, 0x70, 0x70, 0x0E, 0x0E, 0x01, 0xC1, 0xC0, 0x38,
    0x38, 0x07, 0x07, 0x00, 0xE0, 0x38, 0x00, 0xE0, 0x0F, 0xFC, 0x3F, 0xF0, 0x38, 0x00, 0xE2, 0x03,
    0xFF, 0x0F, 0xFE, 0x3C, 0x38, 0xE0, 0x73, 0x81, 0xCE, 0x07, 0x38, 0x1C, 0xE0, 0x73, 0x81, 0xCE,
    0x07, 0x38, 0x1C, 0xE0, 0x73, 0x81, 0xC0, 0x30, 0xDF, 0x37, 0xFF, 0x1E, 0x00, 0x0F, 0xE3, 0xF8,
    0x38, 0x0E, 0x03, 0x80, 0xE0, 0x38, 0x0E, 0x03, 0x80, 0xE0, 0x38, 0x0E, 0x03, 0x80, 0xE0, 0x38,
    0x0E, 0x0F, 0xE3, 0xF8, 0x30, 0xDF, 0x37, 0xFF, 0x1E, 0x00, 0x03, 0x80, 0xE0, 0x38, 0x0E, 0x03,
    0x80, 0xE0, 0x38, 0x0E, 0x03, 0x80, 0xE0, 0x38, 0x0E, 0x03, 0x80, 0xE0, 0xFF, 0xFF, 0x00, 0x7F,
    0x7F, 0x1C, 0x1C, 0x1C, 0x1C, 0x1C, 0x1C, 0x1C, 0x1C, 0x1C, 0x1C, 0x1C, 0x1C, 0x1C, 0x1C, 0x7F,
    0x7F, 0xFF, 0xFF, 0x00, 0x1C, 0x1C, 0x1C, 0x1C, 0x1C, 0x1C, 0x1C, 0x1C, 0x1C, 0x1C, 0x1C, 0x1C,
    0x1C, 0x1C, 0xC3, 0x71, 0x9F, 0xC7, 0xC0, 0x03, 0xF9, 0xFC, 0x38, 0x1C, 0x0E, 0x07, 0x03, 0x81,
    0xC0, 0xE0, 0x70, 0x38, 0x1C, 0x0E, 0x07, 0x03, 0x81, 0xC3, 0xF9, 0xFC, 0xC3, 0x71, 0x9F, 0xC7,
    0xC0, 0x00, 0xE0, 0x70, 0x38, 0x1C, 0x0E, 0x07, 0x03, 0x81, 0xC0, 0xE0, 0x70, 0x38, 0x1C, 0x0E,
    0x07, 0x00, 0xFF, 0xFC, 0xE1, 0xC3, 0x87, 0x0E, 0x1C, 0x38, 0x70, 0xE1, 0xC3, 0x87, 0x0E, 0x1C,
    0xFF, 0xFC, 0x71, 0xC3, 0x87, 0x0F, 0x8F, 0x31, 0xCE, 0x60, 0x1C, 0xE7, 0x39, 0xCE, 0x73, 0x9C,
    0xE7, 0x39, 0xCE, 0xE6, 0x73, 0x8F, 0x38, 0x30, 0x70, 0xE1, 0x80, 0x1F, 0xFF, 0x9C, 0x38, 0x70,
    0xE1, 0xC3, 0x87, 0x0E, 0x1C, 0x38, 0x70, 0xE1, 0xC3, 0x9F, 0xFF, 0x80, 0xFF, 0xFF, 0xFF, 0xFF,
    0xFF, 0xC0, 0xFE, 0x77, 0xF3, 0x8E, 0x1C, 0x70, 0xE3, 0x87, 0x1C, 0x38, 0xE1, 0xC7, 0x0E, 0x38,
    0x71, 0xC3, 0x8E, 0x1C, 0x70, 0xE3, 0x87, 0x1C, 0x38, 0xE1, 0xC7, 0x0E, 0xFE, 0x77, 0xF3, 0x80,
    0x1C, 0x00, 0xE0, 0x7F, 0x03, 0xF0, 0x1F, 0x00, 0x60, 0xDC, 0x77, 0x1D, 0x83, 0x00, 0x1C, 0x77,
    0x1D, 0xC7, 0x71, 0xDC, 0x77, 0x1D, 0xC7, 0x71, 0xDC, 0x77, 0x1D, 0xC7, 0x71, 0xDC, 0x77, 0x1C,
    0x07, 0x01, 0xC0, 0x70, 0x1C, 0x3F, 0x0F, 0x80, 0x04, 0x07, 0x81, 0xF0, 0xEE, 0x71, 0xC0, 0x00,
    0xE0, 0x38, 0x0E, 0x03, 0x80, 0xE0, 0x38, 0x0E, 0x03, 0x80, 0xE0, 0x38, 0x0E, 0x03, 0x80, 0xE0,
    0x38, 0x0E, 0x03, 0x80, 0xE0, 0x38, 0x0E, 0x03, 0x8F, 0xC3, 0xF0, 0xF8, 0x00, 0x0C, 0x07, 0x83,
    0xF0, 0xEE, 0x71, 0xC0, 0x00, 0xE0, 0x38, 0x0E, 0x03, 0x80, 0xE0, 0x38, 0x0E, 0x03, 0x80, 0xE0,
    0x38, 0x0E, 0x03, 0x80, 0xE0, 0x38, 0x0E, 0x03, 0x80, 0xE0, 0x78, 0xFC, 0x3E, 0x00, 0xE0, 0x3B,
    0x81, 0xCE, 0x0F, 0x38, 0x78, 0xE3, 0xC3, 0x9E, 0x0E, 0xF0, 0x3F, 0x80, 0xFE, 0x03, 0xFC, 0x0F,
    0x70, 0x38, 0xE0, 0xE3, 0xC3, 0x87, 0x8E, 0x0E, 0x38, 0x1C, 0xE0, 0x7B, 0x80, 0xF0, 0x00, 0x01,
    0xC0, 0x07, 0x00, 0x1C, 0x00, 0x60, 0x03, 0x00, 0xE0, 0x0E, 0x00, 0xE0, 0x0E, 0x00, 0xE0, 0x0E,
    0x0E, 0xE1, 0xCE, 0x38, 0xE7, 0x0E, 0xF0, 0xFE, 0x0F, 0xC0, 0xFE, 0x0F, 0xE0, 0xE7, 0x0E, 0x78,
    0xE3, 0xCE, 0x1C, 0xE0, 0xE0, 0x00, 0x0C, 0x00, 0xC0, 0x1C, 0x01, 0x80, 0x18, 0x00, 0xE0, 0xEE,
    0x1C, 0xE3, 0xCE, 0x78, 0xEF, 0x0F, 0xE0, 0xFC, 0x0F, 0xE0, 0xFF, 0x0E, 0x70, 0xE3, 0x8E, 0x3C,
    0xE1, 0xCE, 0x0E, 0x18, 0x07, 0x01, 0xE0, 0x78, 0x0E, 0x00, 0x00, 0x38, 0x07, 0x00, 0xE0, 0x1C,
    0x03, 0x80, 0x70, 0x0E, 0x01, 0xC0, 0x38, 0x07, 0x00, 0xE0, 0x1C, 0x03, 0x80, 0x70, 0x0E, 0x01,
    0xC0, 0x3F, 0xFF, 0xFF, 0x0C, 0x73, 0x9C, 0x60, 0x00, 0x1C, 0x71, 0xC7, 0x1C, 0x71, 0xC7, 0x1C,
    0x71, 0xC7, 0x1C, 0x71, 0xC7, 0x1C, 0x71, 0xC0, 0xE0, 0x1C, 0x03, 0x80, 0x70, 0x0E, 0x01, 0xC0,
    0x38, 0x07, 0x00, 0xE0, 0x1C, 0x03, 0x80, 0x70, 0x0E, 0x01, 0xC0, 0x38, 0x07, 0x00, 0xFF, 0xFF,
    0xFC, 0x00, 0x03, 0x00, 0xE0, 0x1C, 0x03, 0x00, 0x60, 0x77, 0x77, 0x77, 0x77, 0x77, 0x77, 0x77,
    0x77, 0x77, 0x70, 0x77, 0x76, 0xC0, 0xE0, 0xFC, 0x1B, 0x87, 0x70, 0xCE, 0x01, 0xC0, 0x38, 0x07,
    0x00, 0xE0, 0x1C, 0x03, 0x80, 0x70, 0x0E, 0x01, 0xC0, 0x38, 0x07, 0x00, 0xFF, 0xFF, 0xFC, 0xEF,
    0xDB, 0xF7, 0xCE, 0x1C, 0x38, 0x70, 0xE1, 0xC3, 0x87, 0x0E, 0x1C, 0x38, 0x70, 0xE1, 0xC3, 0x80,
    0xE0, 0x1C, 0x03, 0x80, 0x70, 0x0E, 0x01, 0xC0, 0x38, 0x07, 0x08, 0xE3, 0x9C, 0x73, 0x84, 0x70,
    0x0E, 0x01, 0xC0, 0x38, 0x07, 0x00, 0xFF, 0xFF, 0xFC, 0xE3, 0x8E, 0x38, 0xE3, 0x8E, 0x38, 0xEB,
    0xFF, 0xFA, 0xE3, 0x8E, 0x38, 0xE3, 0x8E, 0x00, 0x38, 0x01, 0xC0, 0x0E, 0x00, 0x70, 0x03, 0x80,
    0x1C, 0x00, 0xE6, 0x07, 0x70, 0x3F, 0x81, 0xF0, 0x1E, 0x01, 0xF0, 0x07, 0x80, 0x1C, 0x00, 0xE0,
    0x07, 0x00, 0x3F, 0xF9, 0xFF, 0xC0, 0x1C, 0x1C, 0x1C, 0x1C, 0x1C, 0x1C, 0x1C, 0x1E, 0x1F, 0x1E,
    0x7C, 0x7C, 0x7C, 0x1C, 0x1C, 0x1C, 0x1C, 0x1C, 0x1C, 0x00, 0x60, 0x01, 0xC0, 0x07, 0x80, 0x1E,
    0x00, 0x38, 0x00, 0x00, 0x3C, 0x03, 0xF8, 0x07, 0xF8, 0x0F, 0xF8, 0x1F, 0xF0, 0x3F, 0xF0, 0x7E,
    0xF0, 0xFC, 0xE1, 0xF9, 0xE3, 0xF1, 0xC7, 0xE1, 0xCF, 0xC3, 0xDF, 0x83, 0xBF, 0x03, 0xFE, 0x07,
    0xFC, 0x07, 0xF8, 0x07, 0xF0, 0x0F, 0x01, 0x80, 0x3C, 0x07, 0x80, 0x70, 0x0E, 0x00, 0x00, 0xCF,
    0x8F, 0xFE, 0xFF, 0xEF, 0x0F, 0xE0, 0x7E, 0x07, 0xE0, 0x7E, 0x07, 0xE0, 0x7E, 0x07, 0xE0, 0x7E,
    0x07, 0xE0, 0x7E, 0x07, 0xF0, 0x0F, 0xE0, 0x1F, 0xE0, 0x3F, 0xE0, 0x7F, 0xC0, 0xFF, 0xC1, 0xFB,
    0xC3, 0xF3, 0x87, 0xE7, 0x8F, 0xC7, 0x1F, 0x87, 0x3F, 0x0F, 0x7E, 0x0E, 0xFC, 0x0F, 0xF8, 0x1F,
    0xF0, 0x1F, 0xE0, 0x1F, 0xC0, 0x3C, 0x00, 0x00, 0x0C, 0x00, 0x38, 0x00, 0x70, 0x00, 0xC0, 0x01,
    0x80, 0xCF, 0x8F, 0xFE, 0xFF, 0xEF, 0x0F, 0xE0, 0x7E, 0x07, 0xE0, 0x7E, 0x07, 0xE0, 0x7E, 0x07,
    0xE0, 0x7E, 0x07, 0xE0, 0x7E, 0x07, 0x00, 0x00, 0x70, 0x06, 0x00, 0xE0, 0x0C, 0x00, 0xC0, 0x08,
    0x20, 0x38, 0xE0, 0x3B, 0x80, 0x3E, 0x00, 0x38, 0x00, 0x00, 0x3C, 0x03, 0xF8, 0x07, 0xF8, 0x0F,
    0xF8, 0x1F, 0xF0, 0x3F, 0xF0, 0x7E, 0xF0, 0xFC, 0xE1, 0xF9, 0xE3, 0xF1, 0xC7, 0xE1, 0xCF, 0xC3,
    0xDF, 0x83, 0xBF, 0x03, 0xFE, 0x07, 0xFC, 0x07, 0xF8, 0x07, 0xF0, 0x0F, 0x20, 0x47, 0x1C, 0x3F,
    0x81, 0xF0, 0x0E, 0x00, 0x00, 0xCF, 0x8F, 0xFE, 0xFF, 0xEF, 0x0F, 0xE0, 0x7E, 0x07, 0xE0, 0x7E,
    0x07, 0xE0, 0x7E, 0x07, 0xE0, 0x7E, 0x07, 0xE0, 0x7E, 0x07, 0x70, 0x00, 0x70, 0x00, 0xF0, 0x00,
    0xE0, 0x00, 0xEC, 0xF8, 0xDF, 0xFC, 0xDF, 0xFE, 0x1E, 0x0E, 0x1E, 0x07, 0x1E, 0x07, 0x1C, 0x07,
    0x1C, 0x07, 0x1C, 0x07, 0x1C, 0x07, 0x1C, 0x07, 0x1C, 0x07, 0x1C, 0x07, 0x1C, 0x07, 0xF0, 0x0F,
    0xE0, 0x1F, 0xE0, 0x3F, 0xE0, 0x7F, 0xC0, 0xFD, 0xC1, 0xFB, 0xC3, 0xF3, 0x87, 0xE3, 0x8F, 0xC7,
    0x9F, 0x87, 0x3F, 0x07, 0x7E, 0x0F, 0xFC, 0x0F, 0xF8, 0x0F, 0xF0, 0x1F, 0xE0, 0x1F, 0xC0, 0x1C,
    0x00, 0x38, 0x00, 0x70, 0x0F, 0xC0, 0x1F, 0x80, 0x3E, 0x00, 0xCF, 0x8F, 0xFE, 0xFF, 0xEF, 0x0F,
    0xE0, 0x7E, 0x07, 0xE0, 0x7E, 0x07, 0xE0, 0x7E, 0x07, 0xE0, 0x7E, 0x07, 0xE0, 0x7E, 0x07, 0x00,
    0x70, 0x07, 0x00, 0x70, 0x0F, 0x03, 0xE0, 0x3C, 0x07, 0xF8, 0x03, 0xFC, 0x00, 0x00, 0x01, 0xFF,
    0x01, 0xFF, 0xE1, 0xF0, 0xF1, 0xE0, 0x1C, 0xE0, 0x0F, 0x70, 0x03, 0xF8, 0x01, 0xF8, 0x00, 0xFC,
    0x00, 0x7E, 0x00, 0x3F, 0x00, 0x1F, 0xC0, 0x0E, 0xE0, 0x07, 0x70, 0x07, 0xBC, 0x03, 0x8F, 0x07,
    0xC3, 0xFF, 0xC0, 0xFF, 0x80, 0x0E, 0x00, 0x3F, 0xE1, 0xFF, 0x00, 0x00, 0x1F, 0x03, 0xFE, 0x3F,
    0xF9, 0xC1, 0xDC, 0x07, 0xE0, 0x3F, 0x01, 0xF8, 0x0F, 0xC0, 0x7E, 0x03, 0xB8, 0x3D, 0xE1, 0xC7,
    0xFC, 0x1F, 0xC0, 0x38, 0x00, 0x06, 0x18, 0x03, 0x1C, 0x01, 0xFC, 0x00, 0x7C, 0x00, 0x00, 0x00,
    0x7F, 0xC0, 0x7F, 0xF8, 0x7C, 0x3C, 0x78, 0x07, 0x38, 0x03, 0xDC, 0x00, 0xFE, 0x00, 0x7E, 0x00,
    0x3F, 0x00, 0x1F, 0x80, 0x0F, 0xC0, 0x07, 0xF0, 0x03, 0xB8, 0x01, 0xDC, 0x01, 0xEF, 0x00, 0xE3,
    0xC1, 0xF0, 0xFF, 0xF0, 0x3F, 0xE0, 0x03, 0x80, 0x30, 0x61, 0xC7, 0x07, 0xF0, 0x1F, 0x00, 0x00,
    0x07, 0xC0, 0xFF, 0x8F, 0xFE, 0x70, 0x77, 0x01, 0xF8, 0x0F, 0xC0, 0x7E, 0x03, 0xF0, 0x1F, 0x80,
    0xEE, 0x0F, 0x78, 0x71, 0xFF, 0x07, 0xF0, 0x0E, 0x00, 0x01, 0x98, 0x01, 0xDC, 0x01, 0xCE, 0x00,
    0xCE, 0x00, 0xCE, 0x00, 0x00, 0x00, 0x3F, 0xE0, 0x3F, 0xFC, 0x3E, 0x1E, 0x3C, 0x03, 0x9C, 0x01,
    0xEE, 0x00, 0x7F, 0x00, 0x3F, 0x00, 0x1F, 0x80, 0x0F, 0xC0, 0x07, 0xE0, 0x03, 0xF8, 0x01, 0xDC,
    0x00, 0xEE, 0x00, 0xF7, 0x80, 0x71, 0xE0, 0xF8, 0x7F, 0xF8, 0x1F, 0xF0, 0x01, 0xC0, 0x00, 0x0C,
    0x60, 0x77, 0x07, 0x70, 0x73, 0x83, 0x38, 0x00, 0x00, 0x3E, 0x07, 0xFC, 0x7F, 0xF3, 0x83, 0xB8,
    0x0F, 0xC0, 0x7E, 0x03, 0xF0, 0x1F, 0x80, 0xFC, 0x07, 0x70, 0x7B, 0xC3, 0x8F, 0xF8, 0x3F, 0x80,
    0x70, 0x00, 0x00, 0x00, 0x00, 0x7F, 0xFF, 0xC7, 0xFF, 0xFE, 0x7C, 0x3F, 0xE7, 0x81, 0xC0, 0x38,
    0x0E, 0x01, 0xC0, 0x70, 0x1E, 0x03, 0x80, 0xE0, 0x1F, 0xF7, 0x00, 0xFF, 0xF8, 0x07, 0xFF, 0xC0,
    0x38, 0x0E, 0x01, 0xC0, 0x38, 0x0E, 0x01, 0xC0, 0x70, 0x0F, 0x03, 0x80, 0x3C, 0x1C, 0x00, 0xFF,
    0xFF, 0xC3, 0xFF, 0xFE, 0x03, 0x80, 0x00, 0x0F, 0x83, 0xC0, 0xFF, 0x3F, 0xC7, 0xFF, 0xFF, 0x9C,
    0x1F, 0x0E, 0xE0, 0x78, 0x3B, 0x80, 0xE0, 0x7E, 0x03, 0xFF, 0xF8, 0x0F, 0xFF, 0xE0, 0x38, 0x03,
    0x80, 0xE0, 0x07, 0x07, 0x80, 0x1C, 0x3F, 0x02, 0x3F, 0xEF, 0xF8, 0x7F, 0x1F, 0xE0, 0x70, 0x1C,
    0x00, 0x01, 0x80, 0x0F, 0x00, 0x78, 0x01, 0xC0, 0x0E, 0x00, 0x00, 0x0F, 0xF8, 0x3F, 0xF8, 0xE3,
    0xF3, 0x81, 0xCE, 0x07, 0x38, 0x1C, 0xE0, 0x73, 0x83, 0xCF, 0xFE, 0x3F, 0xF0, 0xFF, 0x83, 0x8F,
    0x0E, 0x1C, 0x38, 0x78, 0xE0, 0xE3, 0x81, 0xCE, 0x07, 0xB8, 0x0E, 0x06, 0x0F, 0x0E, 0x1C, 0x38,
    0x00, 0xCF, 0xDF, 0xFF, 0xF0, 0xE0, 0xE0, 0xE0, 0xE0, 0xE0, 0xE0, 0xE0, 0xE0, 0xE0, 0xE0, 0xFF,
    0x83, 0xFF, 0x8E, 0x3F, 0x38, 0x1C, 0xE0, 0x73, 0x81, 0xCE, 0x07, 0x38, 0x3C, 0xFF, 0xE3, 0xFF,
    0x0F, 0xF8, 0x38, 0xF0, 0xE1, 0xC3, 0x87, 0x8E, 0x0E, 0x38, 0x1C, 0xE0, 0x7B, 0x80, 0xE0, 0x00,
    0x01, 0xC0, 0x07, 0x00, 0x18, 0x00, 0x60, 0x03, 0x00, 0x67, 0xB7, 0xDF, 0xEF, 0x07, 0x03, 0x81,
    0xC0, 0xE0, 0x70, 0x38, 0x1C, 0x0E, 0x07, 0x03, 0x80, 0x00, 0xE0, 0x70, 0x30, 0x38, 0x18, 0x00,
    0x20, 0x41, 0xC7, 0x03, 0xF8, 0x07, 0xC0, 0x0F, 0x00, 0x00, 0x0F, 0xF8, 0x3F, 0xF8, 0xE3, 0xF3,
    0x81, 0xCE, 0x07, 0x38, 0x1C, 0xE0, 0x73, 0x83, 0xCF, 0xFE, 0x3F, 0xF0, 0xFF, 0x83, 0x8F, 0x0E,
    0x1C, 0x38, 0x78, 0xE0, 0xE3, 0x81, 0xCE, 0x07, 0xB8, 0x0E, 0x40, 0x9C, 0xE3, 0xF0, 0xFC, 0x1E,
    0x00, 0x06, 0x79, 0xBE, 0x7F, 0x9E, 0x07, 0x01, 0xC0, 0x70, 0x1C, 0x07, 0x01, 0xC0, 0x70, 0x1C,
    0x07, 0x01, 0xC0, 0x01, 0xC0, 0x3C, 0x03, 0x80, 0x70, 0x06, 0x00, 0x00, 0x3F, 0xE7, 0xFE, 0x78,
    0xEE, 0x00, 0xE0, 0x0E, 0x00, 0xF0, 0x07, 0xC0, 0x3F, 0x80, 0xFC, 0x03, 0xE0, 0x0F, 0x00, 0x70,
    0x07, 0x00, 0x7C, 0x0E, 0xFF, 0xEF, 0xFC, 0x1E, 0x00, 0x03, 0x01, 0xE0, 0x70, 0x38, 0x1C, 0x00,
    0x03, 0xF9, 0xFF, 0xFF, 0xB8, 0x0E, 0x03, 0xE0, 0x7E, 0x07, 0xE0, 0x7C, 0x07, 0x01, 0xE0, 0x7F,
    0xFF, 0xFE, 0x1C, 0x00, 0x06, 0x00, 0xF0, 0x1F, 0x83, 0xDC, 0x30, 0xE0, 0x00, 0x3F, 0xE7, 0xFE,
    0x78, 0xEE, 0x00, 0xE0, 0x0E, 0x00, 0xF0, 0x07, 0xC0, 0x3F, 0x80, 0xFC, 0x03, 0xE0, 0x0F, 0x00,
    0x70, 0x07, 0x00, 0x7C, 0x0E, 0xFF, 0xEF, 0xFC, 0x1E, 0x00, 0x0C, 0x07, 0x83, 0xF1, 0xFE, 0x61,
    0x80, 0x03, 0xF9, 0xFF, 0xFF, 0xB8, 0x0E, 0x03, 0xE0, 0x7E, 0x07, 0xE0, 0x7C, 0x07, 0x01, 0xE0,
    0x7F, 0xFF, 0xFE, 0x1C, 0x00, 0x00, 0x03, 0xFE, 0x7F, 0xE7, 0x8E, 0xE0, 0x0E, 0x00, 0xE0, 0x0F,
    0x00, 0x7C, 0x03, 0xF8, 0x0F, 0xC0, 0x3E, 0x00, 0xF0, 0x07, 0x00, 0x70, 0x07, 0xC0, 0xEF, 0xFE,
    0xFF, 0xC1, 0xE0, 0x0E, 0x00, 0xF0, 0x03, 0x01, 0xF0, 0x1E, 0x00, 0x3F, 0x9F, 0xFF, 0xFB, 0x80,
    0xE0, 0x3E, 0x07, 0xE0, 0x7E, 0x07, 0xC0, 0x70, 0x1E, 0x07, 0xFF, 0xFF, 0xE1, 0xC0, 0x78, 0x0F,
    0x01, 0xC3, 0xF0, 0xF8, 0x20, 0x43, 0x9E, 0x1F, 0xC0, 0xF8, 0x0F, 0x00, 0x00, 0x3F, 0xE7, 0xFE,
    0x78, 0xEE, 0x00, 0xE0, 0x0E, 0x00, 0xF0, 0x07, 0xC0, 0x3F, 0x80, 0xFC, 0x03, 0xE0, 0x0F, 0x00,
    0x70, 0x07, 0x00, 0x7C, 0x0E, 0xFF, 0xEF, 0xFC, 0x1E, 0x00, 0x40, 0x9C, 0xE3, 0xF0, 0xFC, 0x1E,
    0x00, 0x03, 0xF9, 0xFF, 0xFF, 0xB8, 0x0E, 0x03, 0xE0, 0x7E, 0x07, 0xE0, 0x7C, 0x07, 0x01, 0xE0,
    0x7F, 0xFF, 0xFE, 0x1C, 0x00, 0xFF, 0xFF, 0xFF, 0xF7, 0xFF, 0x81, 0xC0, 0x07, 0x00, 0x1C, 0x00,
    0x70, 0x01, 0xC0, 0x07, 0x00, 0x1C, 0x00, 0x70, 0x01, 0xC0, 0x07, 0x00, 0x1C, 0x00, 0x70, 0x01,
    0xC0, 0x07, 0x00, 0x1C, 0x00, 0x30, 0x01, 0xE0, 0x03, 0xC0, 0x07, 0x00, 0xFC, 0x03, 0xE0, 0x18,
    0x0C, 0x0E, 0x0F, 0xFF, 0xFF, 0xF8, 0xE0, 0x70, 0x38, 0x1C, 0x0E, 0x07, 0x03, 0x81, 0xC0, 0xE0,
    0x7F, 0x1F, 0x87, 0x83, 0x81, 0xE0, 0x30, 0xF8, 0x78, 0x10, 0x20, 0x73, 0x81, 0xFC, 0x03, 0xE0,
    0x07, 0x80, 0x00, 0x0F, 0xFF, 0xFF, 0xFF, 0x7F, 0xF8, 0x1C, 0x00, 0x70, 0x01, 0xC0, 0x07, 0x00,
    0x1C, 0x00, 0x70, 0x01, 0xC0, 0x07, 0x00, 0x1C, 0x00, 0x70, 0x01, 0xC0, 0x07, 0x00, 0x1C, 0x00,
    0x70, 0x01, 0xC0, 0x00, 0x70, 0x07, 0x18, 0x61, 0x8E, 0x38, 0x07, 0xF8, 0xFF, 0x8F, 0xF0, 0x38,
    0x03, 0x80, 0x38, 0x03, 0x80, 0x38, 0x03, 0x80, 0x38, 0x03, 0x80, 0x38, 0x03, 0xF8, 0x1F, 0x80,
    0x70, 0xFF, 0xFF, 0xFF, 0xF7, 0xFF, 0x81, 0xC0, 0x07, 0x00, 0x1C, 0x00, 0x70, 0x01, 0xC0, 0x3F,
    0xF0, 0xFF, 0xC0, 0x70, 0x01, 0xC0, 0x07, 0x00, 0x1C, 0x00, 0x70, 0x01, 0xC0, 0x07, 0x00, 0x1C,
    0x00, 0x18, 0x0C, 0x0E, 0x0F, 0xFF, 0xFF, 0xF8, 0xE0, 0x70, 0xFF, 0x7F, 0xCE, 0x07, 0x03, 0x81,
    0xC0, 0xE0, 0x7F, 0x1F, 0x83, 0x80, 0x0C, 0x30, 0x7C, 0xC1, 0xFF, 0x0C, 0x78, 0x00, 0x03, 0x80,
    0x7E, 0x01, 0xF8, 0x07, 0xE0, 0x1F, 0x80, 0x7E, 0x01, 0xF8, 0x07, 0xE0, 0x1F, 0x80, 0x7E, 0x01,
    0xF8, 0x07, 0xE0, 0x1F, 0x80, 0x7E, 0x01, 0xFC, 0x07, 0x78, 0x78, 0xFF, 0xE1, 0xFE, 0x01, 0xE0,
    0x0C, 0x20, 0xFB, 0x8F, 0xF8, 0x63, 0x80, 0x00, 0x30, 0x1D, 0xC0, 0xEE, 0x07, 0x70, 0x3B, 0x81,
    0xDC, 0x0E, 0xE0, 0x77, 0x03, 0xB8, 0x1D, 0xC0, 0xEE, 0x0F, 0x70, 0xFB, 0xFF, 0xCF, 0xEE, 0x1C,
    0x00, 0x1F, 0xE0, 0x7F, 0x80, 0x00, 0x38, 0x07, 0xE0, 0x1F, 0x80, 0x7E, 0x01, 0xF8, 0x07, 0xE0,
    0x1F, 0x80, 0x7E, 0x01, 0xF8, 0x07, 0xE0, 0x1F, 0x80, 0x7E, 0x01, 0xF8, 0x07, 0xE0, 0x1F, 0xC0,
    0x77, 0x87, 0x8F, 0xFE, 0x1F, 0xE0, 0x1E, 0x00, 0x1F, 0xE0, 0xFF, 0x00, 0x00, 0xC0, 0x77, 0x03,
    0xB8, 0x1D, 0xC0, 0xEE, 0x07, 0x70, 0x3B, 0x81, 0xDC, 0x0E, 0xE0, 0x77, 0x03, 0xB8, 0x3D, 0xC3,
    0xEF, 0xFF, 0x3F, 0xB8, 0x70, 0x00, 0x18, 0x60, 0x73, 0x81, 0xFE, 0x03, 0xF0, 0x00, 0x03, 0x80,
    0x7E, 0x01, 0xF8, 0x07, 0xE0, 0x1F, 0x80, 0x7E, 0x01, 0xF8, 0x07, 0xE0, 0x1F, 0x80, 0x7E, 0x01,
    0xF8, 0x07, 0xE0, 0x1F, 0x80, 0x7E, 0x01, 0xFC, 0x07, 0x78, 0x78, 0xFF, 0xE1, 0xFE, 0x01, 0xE0,
    0x10, 0x60, 0xC7, 0x07, 0xF0, 0x1F, 0x00, 0x00, 0x30, 0x1D, 0xC0, 0xEE, 0x07, 0x70, 0x3B, 0x81,
    0xDC, 0x0E, 0xE0, 0x77, 0x03, 0xB8, 0x1D, 0xC0, 0xEE, 0x0F, 0x70, 0xFB, 0xFF, 0xCF, 0xEE, 0x1C,
    0x00, 0x03, 0x80, 0x1F, 0x00, 0xCC, 0x03, 0x30, 0x0F, 0xC0, 0x1E, 0x00, 0x00, 0x38, 0x07, 0xE0,
    0x1F, 0x80, 0x7E, 0x01, 0xF8, 0x07, 0xE0, 0x1F, 0x80, 0x7E, 0x01, 0xF8, 0x07, 0xE0, 0x1F, 0x80,
    0x7E, 0x01, 0xF8, 0x07, 0xE0, 0x1F, 0xC0, 0x77, 0x87, 0x8F, 0xFE, 0x1F, 0xE0, 0x1E, 0x00, 0x07,
    0x00, 0x7C, 0x03, 0x70, 0x19, 0x80, 0xFC, 0x03, 0xC0, 0x00, 0x0C, 0x07, 0x70, 0x3B, 0x81, 0xDC,
    0x0E, 0xE0, 0x77, 0x03, 0xB8, 0x1D, 0xC0, 0xEE, 0x07, 0x70, 0x3B, 0x83, 0xDC, 0x3E, 0xFF, 0xF3,
    0xFB, 0x87, 0x00, 0x06, 0x60, 0x39, 0xC0, 0xEE, 0x07, 0x70, 0x39, 0x80, 0x00, 0x0E, 0x01, 0xF8,
    0x07, 0xE0, 0x1F, 0x80, 0x7E, 0x01, 0xF8, 0x07, 0xE0, 0x1F, 0x80, 0x7E, 0x01, 0xF8, 0x07, 0xE0,
    0x1F, 0x80, 0x7E, 0x01, 0xF8, 0x07, 0xF0, 0x1D, 0xE1, 0xE3, 0xFF, 0x87, 0xF8, 0x07, 0x80, 0x06,
    0x60, 0x77, 0x07, 0x78, 0x33, 0x83, 0x38, 0x00, 0x01, 0x80, 0xEE, 0x07, 0x70, 0x3B, 0x81, 0xDC,
    0x0E, 0xE0, 0x77, 0x03, 0xB8, 0x1D, 0xC0, 0xEE, 0x07, 0x70, 0x7B, 0x87, 0xDF, 0xFE, 0x7F, 0x70,
    0xE0, 0x00, 0xE0, 0x1F, 0x80, 0x7E, 0x01, 0xF8, 0x07, 0xE0, 0x1F, 0x80, 0x7E, 0x01, 0xF8, 0x07,
    0xE0, 0x1F, 0x80, 0x7E, 0x01, 0xF8, 0x07, 0xE0, 0x1F, 0x80, 0x7F, 0x01, 0xDE, 0x1E, 0x3F, 0xF8,
    0x7F, 0xC0, 0x7E, 0x00, 0x30, 0x00, 0xC0, 0x03, 0x00, 0x0F, 0x00, 0x1C, 0x60, 0x3B, 0x81, 0xDC,
    0x0E, 0xE0, 0x77, 0x03, 0xB8, 0x1D, 0xC0, 0xEE, 0x07, 0x70, 0x3B, 0x81, 0xDC, 0x1E, 0xE1, 0xF7,
    0xFF, 0x9F, 0xDC, 0x39, 0xC0, 0x0C, 0x00, 0xE0, 0x07, 0x00, 0x3E, 0x00, 0xF0, 0x00, 0x10, 0x00,
    0x00, 0x78, 0x00, 0x01, 0xF0, 0x00, 0x07, 0x70, 0x00, 0x1C, 0x70, 0x00, 0x00, 0x00, 0x38, 0x0E,
    0x03, 0xF0, 0x1C, 0x07, 0x70, 0x7C, 0x0E, 0xE0, 0xF8, 0x39, 0xC1, 0xF0, 0x73, 0x87, 0x70, 0xE3,
    0x8E, 0xE1, 0xC7, 0x1D, 0xC7, 0x0E, 0x31, 0xCE, 0x1C, 0xE3, 0x9C, 0x1D, 0xC7, 0x38, 0x3B, 0x86,
    0xE0, 0x7E, 0x0F, 0xC0, 0xFC, 0x1F, 0x80, 0xF8, 0x3E, 0x01, 0xE0, 0x3C, 0x03, 0xC0, 0x78, 0x03,
    0x80, 0xF0, 0x00, 0x60, 0x00, 0x0F, 0x00, 0x01, 0xF8, 0x00, 0x3B, 0x80, 0x07, 0x1C, 0x00, 0x00,
    0x00, 0xE0, 0xE0, 0x7E, 0x0F, 0x06, 0xE0, 0xF0, 0xE7, 0x1F, 0x0E, 0x71, 0xF8, 0xE7, 0x1F, 0x9C,
    0x33, 0xB9, 0xC3, 0xB9, 0xDC, 0x3B, 0x9D, 0xC3, 0xB1, 0xF8, 0x1F, 0x0F, 0x81, 0xF0, 0xF8, 0x1E,
    0x0F, 0x01, 0xE0, 0x70, 0x03, 0x00, 0x0F, 0x00, 0x3F, 0x00, 0xFF, 0x01, 0x86, 0x00, 0x00, 0x38,
    0x07, 0x78, 0x0E, 0x70, 0x38, 0xF0, 0x70, 0xE1, 0xC1, 0xE7, 0x81, 0xCE, 0x01, 0xFC, 0x03, 0xF0,
    0x03, 0xC0, 0x07, 0x80, 0x07, 0x00, 0x0E, 0x00, 0x1C, 0x00, 0x38, 0x00, 0x70, 0x00, 0xE0, 0x01,
    0xC0, 0x06, 0x00, 0x78, 0x03, 0xE0, 0x3B, 0x83, 0x8E, 0x00, 0x03, 0x80, 0xFC, 0x07, 0xE0, 0x73,
    0x83, 0x9C, 0x1C, 0x71, 0xC3, 0x8E, 0x1C, 0x70, 0x77, 0x03, 0xB8, 0x0F, 0x80, 0x7C, 0x03, 0xE0,
    0x0E, 0x00, 0x70, 0x07, 0x00, 0x38, 0x03, 0xC0, 0xFC, 0x07, 0xC0, 0x00, 0x08, 0x40, 0x39, 0xC0,
    0x73, 0x80, 0x42, 0x00, 0x00, 0x1C, 0x03, 0xBC, 0x07, 0x38, 0x1C, 0x78, 0x38, 0x70, 0xE0, 0xF3,
    0xC0, 0xE7, 0x00, 0xFE, 0x01, 0xF8, 0x01, 0xE0, 0x03, 0xC0, 0x03, 0x80, 0x07, 0x00, 0x0E, 0x00,
    0x1C, 0x00, 0x38, 0x00, 0x70, 0x00, 0xE0, 0x00, 0x00, 0x60, 0x03, 0x80, 0x1C, 0x00, 0xE0, 0x03,
    0x00, 0x00, 0x07, 0xFF, 0x9F, 0xFE, 0x3F, 0xF8, 0x01, 0xC0, 0x0F, 0x00, 0x38, 0x01, 0xC0, 0x0F,
    0x00, 0x38, 0x01, 0xC0, 0x0F, 0x00, 0x38, 0x01, 0xC0, 0x0F, 0x00, 0x38, 0x01, 0xC0, 0x07, 0xFF,
    0xDF, 0xFF, 0x01, 0x80, 0x78, 0x0E, 0x03, 0x80, 0xE0, 0x00, 0x1F, 0xFB, 0xFF, 0x7F, 0xE0, 0x38,
    0x0E, 0x03, 0xC0, 0x70, 0x1C, 0x07, 0x80, 0xE0, 0x38, 0x0F, 0x01, 0xFF, 0xBF, 0xF0, 0x03, 0x00,
    0x0E, 0x00, 0x38, 0x00, 0xC0, 0x00, 0x01, 0xFF, 0xE7, 0xFF, 0x8F, 0xFE, 0x00, 0x70, 0x03, 0xC0,
    0x0E, 0x00, 0x70, 0x03, 0xC0, 0x0E, 0x00, 0x70, 0x03, 0xC0, 0x0E, 0x00, 0x70, 0x03, 0xC0, 0x0E,
    0x00, 0x70, 0x01, 0xFF, 0xF7, 0xFF, 0xC0, 0x06, 0x01, 0xC0, 0x38, 0x03, 0x00, 0x00, 0xFF, 0xDF,
    0xFB, 0xFF, 0x01, 0xC0, 0x70, 0x1E, 0x03, 0x80, 0xE0, 0x3C, 0x07, 0x01, 0xC0, 0x78, 0x0F, 0xFD,
    0xFF, 0x80, 0x10, 0x20, 0x73, 0xC0, 0xFE, 0x01, 0xF0, 0x07, 0x80, 0x00, 0x07, 0xFF, 0x9F, 0xFE,
    0x3F, 0xF8, 0x01, 0xC0, 0x0F, 0x00, 0x38, 0x01, 0xC0, 0x0F, 0x00, 0x38, 0x01, 0xC0, 0x0F, 0x00,
    0x38, 0x01, 0xC0, 0x0F, 0x00, 0x38, 0x01, 0xC0, 0x07, 0xFF, 0xDF, 0xFF, 0x20, 0x47, 0x38, 0xFE,
    0x0F, 0x80, 0xF0, 0x00, 0x1F, 0xFB, 0xFF, 0x7F, 0xE0, 0x38, 0x0E, 0x03, 0xC0, 0x70, 0x1C, 0x07,
    0x80, 0xE0, 0x38, 0x0F, 0x01, 0xFF, 0xBF, 0xF0, 0x00, 0x7E, 0xFE, 0xE0, 0xE0, 0xE0, 0xE0, 0xE0,
    0xE0, 0xE0, 0xE0, 0xE0, 0xE0, 0xE0, 0xE0, 0xE0, 0xE0, 0xE0, 0xE0, 0xE0, 0x00, 0x00, 0xE0, 0xFF,
    0x8E, 0x1F, 0xFE, 0xE3, 0xE1, 0xFC, 0x78, 0x07, 0x87, 0x00, 0x78, 0x70, 0x03, 0x8F, 0x00, 0x38,
    0xE0, 0x03, 0x8E, 0x00, 0x38, 0xE0, 0x03, 0x8E, 0x00, 0x38, 0xF0, 0x03, 0x87, 0x00, 0x38, 0x70,
    0x07, 0x87, 0x80, 0x70, 0x3C, 0x1F, 0x01, 0xFF, 0xE0, 0x0F, 0xF8, 0x00, 0x1C, 0x00, 0x00, 0x0E,
    0x00, 0x0E, 0x0F, 0x8E, 0x3F, 0xFE, 0x7F, 0xFC, 0x70, 0x78, 0xE0, 0x38, 0xE0, 0x38, 0xE0, 0x38,
    0xE0, 0x38, 0xE0, 0x38, 0xE0, 0x38, 0x70, 0x38, 0x70, 0x70, 0x3F, 0xE0, 0x1F, 0xC0, 0x07, 0x00,
    0x00, 0x00, 0xFC, 0x03, 0xBF, 0x80, 0x77, 0x70, 0x0F, 0xEE, 0x01, 0xF9, 0xC0, 0x38, 0x38, 0x07,
    0x07, 0x00, 0xE0, 0xE0, 0x1C, 0x1C, 0x03, 0x83, 0x80, 0x70, 0x70, 0x0E, 0x0E, 0x01, 0xC1, 0xC0,
    0x38, 0x38, 0x07, 0x07, 0x80, 0xE0, 0x78, 0x78, 0x07, 0xFF, 0x00, 0x7F, 0xC0, 0x01, 0xC0, 0x00,
    0x00, 0x03, 0x80, 0x01, 0xD8, 0x0E, 0xEE, 0x07, 0xE7, 0x03, 0xF3, 0x81, 0xE1, 0xC0, 0xE0, 0xE0,
    0x70, 0x70, 0x38, 0x38, 0x1C, 0x1C, 0x0E, 0x0E, 0x07, 0x07, 0x07, 0x83, 0x87, 0xC1, 0xFF, 0xE0,
    0x7F, 0x70, 0x0E, 0x00, 0x00, 0x00, 0x00, 0x10, 0x20, 0x00, 0x00, 0x73, 0xC0, 0x00, 0x00, 0xFE,
    0x00, 0x00, 0x01, 0xF0, 0x00, 0x00, 0x07, 0x80, 0x00, 0x00, 0x00, 0x0F, 0xFC, 0x07, 0xFF, 0xBF,
    0xFC, 0x1F, 0xFE, 0xE3, 0xF8, 0x3F, 0xFB, 0x80, 0xF0, 0x01, 0xCE, 0x01, 0xC0, 0x0F, 0x38, 0x07,
    0x80, 0x38, 0xE0, 0x0E, 0x01, 0xC3, 0x80, 0x38, 0x0F, 0x0E, 0x00, 0xE0, 0x38, 0x38, 0x03, 0x81,
    0xC0, 0xE0, 0x0E, 0x0F, 0x03, 0x80, 0x38, 0x38, 0x0E, 0x01, 0xE1, 0xC0, 0x38, 0x07, 0x0F, 0x00,
    0xE0, 0x3C, 0x38, 0x03, 0x87, 0xE1, 0xC0, 0x0F, 0xFF, 0x07, 0xFF, 0xFF, 0xF0, 0x1F, 0xFF, 0x00,
    0x00, 0x20, 0x40, 0x00, 0x03, 0x9E, 0xFF, 0xC0, 0x1F, 0xCF, 0xFF, 0x00, 0xF8, 0xE3, 0xF8, 0x0F,
    0x0E, 0x03, 0xC0, 0x00, 0xE0, 0x1C, 0x7F, 0xEE, 0x01, 0xE7, 0xFE, 0xE0, 0x0E, 0x3F, 0xEE, 0x00,
    0xE0, 0x1C, 0xE0, 0x0E, 0x03, 0xCE, 0x00, 0xE0, 0x38, 0xE0, 0x0E, 0x07, 0x0E, 0x00, 0xE0, 0xF0,
    0xE0, 0x1E, 0x0E, 0x0E, 0x01, 0xC1, 0xC0, 0xE0, 0x3C, 0x38, 0x0E, 0x1F, 0x83, 0x80, 0xFF, 0xF0,
    0x7F, 0xEF, 0xFC, 0x07, 0xFE, 0x00, 0x00, 0x81, 0x00, 0x0E, 0x39, 0xE0, 0x03, 0x87, 0xF0, 0x00,
    0xE0, 0xF8, 0x00, 0x38, 0x3C, 0x00, 0x0E, 0x00, 0x01, 0xF3, 0x8F, 0xF8, 0xFF, 0xE7, 0xFE, 0x7F,
    0xF8, 0xFF, 0x9C, 0x1E, 0x01, 0xEE, 0x07, 0x80, 0x73, 0x80, 0xE0, 0x38, 0xE0, 0x38, 0x1C, 0x38,
    0x0E, 0x0F, 0x0E, 0x03, 0x83, 0x83, 0x80, 0xE1, 0xC0, 0xF0, 0x78, 0xF0, 0x1C, 0x3E, 0x38, 0x07,
    0xFF, 0x9F, 0xF8, 0xFE, 0xE7, 0xFF, 0x06, 0x00, 0x00, 0x00, 0xE0, 0x07, 0xE0, 0x07, 0xE0, 0x07,
    0xE0, 0x07, 0xE0, 0x07, 0xE0, 0x07, 0xE0, 0x07, 0xE0, 0x07, 0xE0, 0x07, 0xE0, 0x07, 0xE0, 0x07,
    0xE0, 0x07, 0xE0, 0x07, 0xE0, 0x07, 0xE0, 0x07, 0xE0, 0x07, 0xFF, 0xE7, 0xFF, 0xE7, 0x00, 0x07,
    0x00, 0x07, 0x00, 0x7E, 0x00, 0x7E, 0x00, 0x7C, 0x00, 0x06, 0xE0, 0x07, 0xE0, 0x07, 0xE0, 0x02,
    0xE0, 0x00, 0xE0, 0x07, 0xE0, 0x07, 0xE0, 0x07, 0xE0, 0x07, 0xE0, 0x07, 0xE0, 0x07, 0xE0, 0x07,
    0xE0, 0x07, 0xE0, 0x07, 0xE0, 0x07, 0xE0, 0x07, 0xE0, 0x07, 0xFF, 0xE7, 0xFF, 0xE7, 0x00, 0x07,
    0x00, 0x07, 0x00, 0x07, 0x00, 0x0F, 0x00, 0x7E, 0x00, 0x7C, 0xE1, 0xF1, 0xF8, 0xFC, 0x3E, 0x07,
    0x1F, 0x8F, 0xC7, 0xE3, 0xF1, 0xF8, 0xFC, 0x7E, 0x3F, 0x1F, 0x8F, 0xC7, 0xE3, 0xF1, 0xF8, 0xE0,
    0x70, 0x38, 0x1C, 0x0E, 0x3F, 0x1F, 0x00, 0xF0, 0x0E, 0x1F, 0xC0, 0x38, 0x7F, 0x80, 0xE1, 0xFF,
    0x03, 0x87, 0xFC, 0x0E, 0x1F, 0xF8, 0x38, 0x7E, 0xF0, 0xE1, 0xF9, 0xC3, 0x87, 0xE7, 0x8E, 0x1F,
    0x8E, 0x38, 0x7E, 0x1C, 0xE1, 0xF8, 0x7B, 0x87, 0xE0, 0xEE, 0x1F, 0x81, 0xF8, 0x7E, 0x07, 0xE1,
    0xF8, 0x0F, 0x87, 0xE0, 0x1E, 0x1F, 0x80, 0x78, 0x70, 0x00, 0x01, 0xC0, 0x00, 0x07, 0x00, 0x01,
    0xF8, 0x00, 0x07, 0xE0, 0x00, 0x1F, 0x00, 0x00, 0x00, 0x1B, 0xC0, 0x38, 0x7F, 0x00, 0xE1, 0xFE,
    0x03, 0x86, 0xFC, 0x0E, 0x03, 0xF0, 0x38, 0x7F, 0xE0, 0xE1, 0xFB, 0xC3, 0x87, 0xE7, 0x0E, 0x1F,
    0x9E, 0x38, 0x7E, 0x38, 0xE1, 0xF8, 0x73, 0x87, 0xE1, 0xEE, 0x1F, 0x83, 0xB8, 0x7E, 0x07, 0xE1,
    0xF8, 0x1F, 0x87, 0xE0, 0x3E, 0x1F, 0x80, 0x78, 0x7E, 0x01, 0xE1, 0xC0, 0x00, 0x07, 0x00, 0x00,
    0x1C, 0x00, 0x00, 0x70, 0x00, 0x03, 0xC0, 0x00, 0x7E, 0x00, 0x01, 0xF0, 0x00, 0x00, 0xC0, 0x00,
    0x70, 0x00, 0x1C, 0x00, 0x03, 0x00, 0x00, 0x33, 0xE0, 0x7F, 0xFE, 0x1F, 0xFF, 0x87, 0xF0, 0xF1,
    0xF8, 0x1C, 0x7E, 0x07, 0x1F, 0x81, 0xC7, 0xE0, 0x71, 0xF8, 0x1C, 0x7E, 0x07, 0x1F, 0x81, 0xC7,
    0xE0, 0x71, 0xF8, 0x1C, 0x7E, 0x07, 0x1C, 0x00, 0x07, 0x00, 0x01, 0xC0, 0x00, 0x70, 0x00, 0x1C,
    0x00, 0x3F, 0x00, 0x0F, 0x80, 0x08, 0x10, 0x0E, 0x70, 0x0F, 0xE0, 0x07, 0xC0, 0x03, 0xC0, 0x00,
    0x00, 0x03, 0xC0, 0x03, 0xC0, 0x03, 0xC0, 0x07, 0xE0, 0x07, 0xE0, 0x0E, 0x60, 0x0E, 0x70, 0x0E,
    0x70, 0x1C, 0x38, 0x1C, 0x38, 0x1F, 0xF8, 0x3F, 0xFC, 0x3F, 0xFC, 0x70, 0x1E, 0x70, 0x0E, 0x70,
    0x0E, 0xE0, 0x07, 0xE0, 0x07, 0x20, 0x47, 0x38, 0x7E, 0x0F, 0xC0, 0xF0, 0x00, 0x07, 0xE3, 0xFE,
    0x3F, 0xE0, 0x1C, 0x03, 0x80, 0x73, 0xFE, 0xFF, 0xFC, 0x3F, 0x07, 0xE0, 0xFC, 0x3F, 0xFF, 0xBF,
    0xB1, 0xC0, 0x81, 0x73, 0xDF, 0xC7, 0xC3, 0xC0, 0x01, 0xFC, 0xFE, 0x1C, 0x0E, 0x07, 0x03, 0x81,
    0xC0, 0xE0, 0x70, 0x38, 0x1C, 0x0E, 0x07, 0x03, 0x81, 0xC0, 0xE1, 0xFC, 0xFE, 0x81, 0x73, 0xDF,
    0xC7, 0xC3, 0xC0, 0x00, 0x70, 0x38, 0x1C, 0x0E, 0x07, 0x03, 0x81, 0xC0, 0xE0, 0x70, 0x38, 0x1C,
    0x0E, 0x07, 0x03, 0x80, 0x04, 0x08, 0x07, 0x1C, 0x01, 0xFC, 0x00, 0x7C, 0x00, 0x1E, 0x00, 0x00,
    0x00, 0x3F, 0xE0, 0x3F, 0xFC, 0x3E, 0x1E, 0x3C, 0x03, 0x9C, 0x01, 0xEE, 0x00, 0x7F, 0x00, 0x3F,
    0x00, 0x1F, 0x80, 0x0F, 0xC0, 0x07, 0xE0, 0x03, 0xF8, 0x01, 0xDC, 0x00, 0xEE, 0x00, 0xF7, 0x80,
    0x71, 0xE0, 0xF8, 0x7F, 0xF8, 0x1F, 0xF0, 0x01, 0xC0, 0x00, 0x10, 0x61, 0xC7, 0x07, 0xF0, 0x1F,
    0x00, 0x70, 0x00, 0x00, 0x3E, 0x07, 0xFC, 0x7F, 0xF3, 0x83, 0xB8, 0x0F, 0xC0, 0x7E, 0x03, 0xF0,
    0x1F, 0x80, 0xFC, 0x07, 0x70, 0x7B, 0xC3, 0x8F, 0xF8, 0x3F, 0x80, 0x70, 0x00, 0x10, 0x20, 0x73,
    0xC0, 0xFE, 0x01, 0xF0, 0x07, 0x80, 0x00, 0x0E, 0x01, 0xF8, 0x07, 0xE0, 0x1F, 0x80, 0x7E, 0x01,
    0xF8, 0x07, 0xE0, 0x1F, 0x80, 0x7E, 0x01, 0xF8, 0x07, 0xE0, 0x1F, 0x80, 0x7E, 0x01, 0xF8, 0x07,
    0xF0, 0x1D, 0xE1, 0xE3, 0xFF, 0x87, 0xF8, 0x07, 0x80, 0x10, 0x21, 0xC7, 0x07, 0xF0, 0x1F, 0x00,
    0x70, 0x00, 0x01, 0x80, 0xEE, 0x07, 0x70, 0x3B, 0x81, 0xDC, 0x0E, 0xE0, 0x77, 0x03, 0xB8, 0x1D,
    0xC0, 0xEE, 0x07, 0x70, 0x7B, 0x87, 0xDF, 0xFE, 0x7F, 0x70, 0xE0, 0x00, 0x1F, 0xE0, 0x7F, 0x81,
    0xFE, 0x00, 0x00, 0x1C, 0xE0, 0x73, 0x80, 0xCE, 0x00, 0x00, 0xE0, 0x1F, 0x80, 0x7E, 0x01, 0xF8,
    0x07, 0xE0, 0x1F, 0x80, 0x7E, 0x01, 0xF8, 0x07, 0xE0, 0x1F, 0x80, 0x7E, 0x01, 0xF8, 0x07, 0xE0,
    0x1F, 0x80, 0x7F, 0x01, 0xDE, 0x1E, 0x3F, 0xF8, 0x7F, 0x80, 0x78, 0x00, 0x1F, 0xE0, 0xFF, 0x00,
    0x00, 0x31, 0x81, 0xCE, 0x0E, 0x60, 0x00, 0x0C, 0x07, 0x70, 0x3B, 0x81, 0xDC, 0x0E, 0xE0, 0x77,
    0x03, 0xB8, 0x1D, 0xC0, 0xEE, 0x07, 0x70, 0x3B, 0x83, 0xDC, 0x3E, 0xFF, 0xF3, 0xFB, 0x87, 0x00,
    0x00, 0xE0, 0x07, 0x80, 0x1C, 0x00, 0xE0, 0x03, 0x00, 0x73, 0x81, 0xCE, 0x03, 0x38, 0x00, 0x03,
    0x80, 0x7E, 0x01, 0xF8, 0x07, 0xE0, 0x1F, 0x80, 0x7E, 0x01, 0xF8, 0x07, 0xE0, 0x1F, 0x80, 0x7E,
    0x01, 0xF8, 0x07, 0xE0, 0x1F, 0x80, 0x7E, 0x01, 0xFC, 0x07, 0x78, 0x78, 0xFF, 0xE1, 0xFE, 0x01,
    0xE0, 0x01, 0xE0, 0x0E, 0x00, 0xE0, 0x0E, 0x01, 0x8C, 0x0E, 0x70, 0x73, 0x00, 0x00, 0x60, 0x3B,
    0x81, 0xDC, 0x0E, 0xE0, 0x77, 0x03, 0xB8, 0x1D, 0xC0, 0xEE, 0x07, 0x70, 0x3B, 0x81, 0xDC, 0x1E,
    0xE1, 0xF7, 0xFF, 0x9F, 0xDC, 0x38, 0x00, 0x18, 0x70, 0x73, 0x80, 0xFC, 0x01, 0xE0, 0x03, 0x00,
    0x73, 0x81, 0xCE, 0x03, 0x38, 0x00, 0x03, 0x80, 0x7E, 0x01, 0xF8, 0x07, 0xE0, 0x1F, 0x80, 0x7E,
    0x01, 0xF8, 0x07, 0xE0, 0x1F, 0x80, 0x7E, 0x01, 0xF8, 0x07, 0xE0, 0x1F, 0x80, 0x7E, 0x01, 0xFC,
    0x07, 0x78, 0x78, 0xFF, 0xE1, 0xFE, 0x01, 0xE0, 0x00, 0x01, 0xC7, 0x07, 0xF0, 0x1F, 0x00, 0x70,
    0x0C, 0x60, 0x73, 0x83, 0x98, 0x00, 0x03, 0x01, 0xDC, 0x0E, 0xE0, 0x77, 0x03, 0xB8, 0x1D, 0xC0,
    0xEE, 0x07, 0x70, 0x3B, 0x81, 0xDC, 0x0E, 0xE0, 0xF7, 0x0F, 0xBF, 0xFC, 0xFE, 0xE1, 0xC0, 0x0C,
    0x00, 0x78, 0x00, 0xF0, 0x01, 0xC0, 0x01, 0x80, 0x73, 0x81, 0xCE, 0x03, 0x38, 0x00, 0x03, 0x80,
    0x7E, 0x01, 0xF8, 0x07, 0xE0, 0x1F, 0x80, 0x7E, 0x01, 0xF8, 0x07, 0xE0, 0x1F, 0x80, 0x7E, 0x01,
    0xF8, 0x07, 0xE0, 0x1F, 0x80, 0x7E, 0x01, 0xFC, 0x07, 0x78, 0x78, 0xFF, 0xE1, 0xFE, 0x01, 0xE0,
    0x1C, 0x00, 0xF0, 0x03, 0xC0, 0x06, 0x01, 0x8C, 0x0E, 0x70, 0x73, 0x00, 0x00, 0x60, 0x3B, 0x81,
    0xDC, 0x0E, 0xE0, 0x77, 0x03, 0xB8, 0x1D, 0xC0, 0xEE, 0x07, 0x70, 0x3B, 0x81, 0xDC, 0x1E, 0xE1,
    0xF7, 0xFF, 0x9F, 0xDC, 0x38, 0x00, 0x3F, 0x07, 0xFC, 0xFF, 0xE0, 0x0E, 0x00, 0x70, 0x07, 0x7F,
    0xFF, 0xFF, 0xFF, 0xFE, 0x07, 0xE0, 0x77, 0x0E, 0x7F, 0xC3, 0xF8, 0x06, 0x00, 0x0F, 0xF0, 0x0F,
    0xF0, 0x0F, 0xF0, 0x00, 0x00, 0x0E, 0x70, 0x0E, 0x70, 0x06, 0x60, 0x00, 0x00, 0x03, 0xC0, 0x03,
    0xC0, 0x03, 0xC0, 0x07, 0xE0, 0x07, 0xE0, 0x0E, 0x60, 0x0E, 0x70, 0x0E, 0x70, 0x1C, 0x38, 0x1C,
    0x38, 0x1F, 0xF8, 0x3F, 0xFC, 0x3F, 0xFC, 0x70, 0x1E, 0x70, 0x0E, 0x70, 0x0E, 0xE0, 0x07, 0xE0,
    0x07, 0x3F, 0xC7, 0xF8, 0x00, 0x0C, 0xC3, 0x9C, 0x73, 0x80, 0x00, 0xFC, 0x7F, 0xC7, 0xFC, 0x03,
    0x80, 0x70, 0x0E, 0x7F, 0xDF, 0xFF, 0x87, 0xE0, 0xFC, 0x1F, 0x87, 0xFF, 0xF7, 0xF6, 0x38, 0x00,
    0x00, 0x00, 0x0F, 0xF0, 0x0F, 0xF0, 0x00, 0x00, 0x03, 0x80, 0x03, 0xC0, 0x01, 0x80, 0x00, 0x00,
    0x03, 0xC0, 0x03, 0xC0, 0x03, 0xC0, 0x07, 0xE0, 0x07, 0xE0, 0x0E, 0x60, 0x0E, 0x70, 0x0E, 0x70,
    0x1C, 0x38, 0x1C, 0x38, 0x1F, 0xF8, 0x3F, 0xFC, 0x3F, 0xFC, 0x70, 0x1E, 0x70, 0x0E, 0x70, 0x0E,
    0xE0, 0x07, 0xE0, 0x07, 0x3F, 0xC7, 0xF8, 0x00, 0x03, 0x00, 0xF0, 0x0C, 0x00, 0x00, 0xFC, 0x7F,
    0xC7, 0xFC, 0x03, 0x80, 0x70, 0x0E, 0x7F, 0xDF, 0xFF, 0x87, 0xE0, 0xFC, 0x1F, 0x87, 0xFF, 0xF7,
    0xF6, 0x38, 0x00, 0x00, 0x7F, 0x80, 0x01, 0xFE, 0x00, 0x00, 0x00, 0x00, 0x1F, 0xFF, 0x00, 0xFF,
    0xFC, 0x03, 0xFF, 0xE0, 0x1E, 0xE0, 0x00, 0x73, 0x80, 0x01, 0xCE, 0x00, 0x0E, 0x38, 0x00, 0x38,
    0xFF, 0x81, 0xC3, 0xFE, 0x07, 0x0F, 0xF8, 0x3F, 0xF8, 0x00, 0xFF, 0xE0, 0x07, 0xFF, 0x80, 0x1C,
    0x0E, 0x00, 0xE0, 0x38, 0x03, 0x80, 0xE0, 0x1C, 0x03, 0xFF, 0x70, 0x0F, 0xFC, 0x03, 0xFC, 0x00,
    0x3F, 0xC0, 0x00, 0x00, 0x01, 0xF0, 0xF8, 0x7F, 0xFF, 0xC7, 0xFF, 0xFE, 0x00, 0xF0, 0xE0, 0x0E,
    0x0E, 0x00, 0xE0, 0x73, 0xFF, 0xFF, 0x7F, 0xFF, 0xFF, 0x0E, 0x00, 0xE0, 0xE0, 0x0E, 0x0F, 0x00,
    0xE1, 0xF8, 0x2F, 0xFB, 0xFE, 0x7F, 0x1F, 0xE1, 0xC0, 0x70, 0x00, 0x00, 0x03, 0xFF, 0x07, 0xFF,
    0x87, 0xE1, 0xC3, 0x80, 0x03, 0x80, 0x01, 0xC0, 0x01, 0xE0, 0x00, 0xE0, 0x00, 0x70, 0x3F, 0xB8,
    0x1F, 0xDC, 0x0F, 0xEF, 0x00, 0x73, 0x83, 0xFD, 0xC1, 0xFE, 0xF0, 0x0E, 0x3E, 0x07, 0x0F, 0xFF,
    0x83, 0xFF, 0x80, 0x3E, 0x00, 0x1F, 0x30, 0xFF, 0xE7, 0xFF, 0x9C, 0x1E, 0xE0, 0x7B, 0x80, 0xEE,
    0x03, 0xB8, 0x0E, 0xE0, 0x3B, 0x81, 0xE7, 0x07, 0x9F, 0xFE, 0x3F, 0xF8, 0x3C, 0xE0, 0x3F, 0xC1,
    0xFF, 0x07, 0xFD, 0xC3, 0xC7, 0xFE, 0x1F, 0xF0, 0x04, 0x08, 0x07, 0x3C, 0x03, 0xF8, 0x01, 0xF0,
    0x01, 0xE0, 0x00, 0x00, 0x07, 0xFE, 0x1F, 0xFE, 0x3F, 0x0E, 0x3C, 0x00, 0x78, 0x00, 0x70, 0x00,
    0xF0, 0x00, 0xE0, 0x00, 0xE0, 0x7F, 0xE0, 0x7F, 0xE0, 0x7F, 0xF0, 0x07, 0x70, 0x07, 0x70, 0x07,
    0x78, 0x07, 0x3E, 0x07, 0x1F, 0xFF, 0x0F, 0xFF, 0x01, 0xF0, 0x30, 0x41, 0xC7, 0x07, 0xF0, 0x1F,
    0x00, 0x70, 0x00, 0x00, 0x7C, 0xC7, 0xFF, 0x7F, 0xFB, 0x83, 0xF8, 0x1F, 0xC0, 0x7E, 0x03, 0xF0,
    0x1F, 0x80, 0xFC, 0x07, 0xF0, 0x7B, 0x87, 0xDF, 0xFE, 0x7F, 0x70, 0x63, 0x80, 0x1C, 0x01, 0xCE,
    0x1E, 0x7F, 0xE3, 0xFE, 0x00, 0x10, 0x40, 0xE3, 0x81, 0xDC, 0x03, 0xE0, 0x07, 0x00, 0x00, 0x0E,
    0x03, 0xB8, 0x1C, 0xE0, 0xF3, 0x87, 0x8E, 0x3C, 0x39, 0xE0, 0xEF, 0x03, 0xF8, 0x0F, 0xE0, 0x3F,
    0xC0, 0xF7, 0x03, 0x8E, 0x0E, 0x3C, 0x38, 0x78, 0xE0, 0xE3, 0x81, 0xCE, 0x07, 0xB8, 0x0F, 0x81,
    0x01, 0xCF, 0x01, 0xFC, 0x01, 0xF0, 0x03, 0xC0, 0x00, 0x00, 0x00, 0x00, 0x0E, 0x00, 0x1C, 0x00,
    0x38, 0x00, 0x70, 0x00, 0xE0, 0x01, 0xC1, 0xC3, 0x87, 0x07, 0x1C, 0x0E, 0x70, 0x1D, 0xE0, 0x3F,
    0x80, 0x7E, 0x00, 0xFE, 0x01, 0xFC, 0x03, 0x9C, 0x07, 0x3C, 0x0E, 0x3C, 0x1C, 0x38, 0x38, 0x38,
    0x00, 0x00, 0x07, 0xFC, 0x07, 0xFF, 0x87, 0xC3, 0xC7, 0x80, 0x73, 0x80, 0x3D, 0xC0, 0x0F, 0xE0,
    0x07, 0xE0, 0x03, 0xF0, 0x01, 0xF8, 0x00, 0xFC, 0x00, 0x7F, 0x00, 0x3B, 0x80, 0x1D, 0xC0, 0x1E,
    0xF0, 0x0E, 0x3C, 0x1F, 0x0F, 0xFF, 0x03, 0xFE, 0x00, 0x3C, 0x00, 0x1C, 0x00, 0x0C, 0x00, 0x06,
    0x00, 0x03, 0xC0, 0x00, 0xE0, 0x00, 0x0F, 0x81, 0xFF, 0x1F, 0xFC, 0xE0, 0xEE, 0x03, 0xF0, 0x1F,
    0x80, 0xFC, 0x07, 0xE0, 0x3F, 0x01, 0xDC, 0x1E, 0xF0, 0xE3, 0xFE, 0x0F, 0xE0, 0x1C, 0x00, 0xC0,
    0x0E, 0x00, 0x70, 0x01, 0xE0, 0x07, 0x00, 0x07, 0xF8, 0x03, 0xFC, 0x00, 0x00, 0x01, 0xFF, 0x01,
    0xFF, 0xE1, 0xF0, 0xF1, 0xE0, 0x1C, 0xE0, 0x0F, 0x70, 0x03, 0xF8, 0x01, 0xF8, 0x00, 0xFC, 0x00,
    0x7E, 0x00, 0x3F, 0x00, 0x1F, 0xC0, 0x0E, 0xE0, 0x07, 0x70, 0x07, 0xBC, 0x03, 0x8F, 0x07, 0xC3,
    0xFF, 0xC0, 0xFF, 0x80, 0x0F, 0x00, 0x07, 0x00, 0x03, 0x00, 0x01, 0xC0, 0x00, 0xF8, 0x00, 0x38,
    0x00, 0x3F, 0xE1, 0xFF, 0x00, 0x00, 0x1F, 0x03, 0xFE, 0x3F, 0xF9, 0xC1, 0xDC, 0x07, 0xE0, 0x3F,
    0x01, 0xF8, 0x0F, 0xC0, 0x7E, 0x03, 0xB8, 0x3D, 0xE1, 0xC7, 0xFC, 0x1F, 0xC0, 0x38, 0x01, 0x80,
    0x1C, 0x00, 0xE0, 0x03, 0xC0, 0x0E, 0x00, 0x10, 0x20, 0x73, 0x81, 0xFC, 0x03, 0xE0, 0x07, 0x80,
    0x00, 0x07, 0xFF, 0x9F, 0xFE, 0x3F, 0xF0, 0x03, 0x80, 0x1C, 0x00, 0xE0, 0x07, 0x00, 0x38, 0x01,
    0xFE, 0x07, 0xFC, 0x00, 0x78, 0x00, 0xE0, 0x03, 0xC0, 0x0F, 0x00, 0x39, 0x81, 0xEF, 0xFF, 0x1F,
    0xF8, 0x0F, 0x00, 0x20, 0x43, 0x9C, 0x3F, 0x81, 0xF0, 0x0F, 0x00, 0x00, 0x7F, 0xEF, 0xFE, 0xFF,
    0xE0, 0x1C, 0x03, 0x80, 0x70, 0x0F, 0x01, 0xE0, 0x1F, 0x03, 0xFC, 0x07, 0xE0, 0x0E, 0x00, 0x70,
    0x07, 0x00, 0x70, 0x07, 0x00, 0xEE, 0x1E, 0xFF, 0xCF, 0xF8, 0x40, 0x9C, 0xF3, 0xF8, 0x7C, 0x1E,
    0x00, 0x00, 0xE0, 0x38, 0x0E, 0x03, 0x80, 0xE0, 0x38, 0x0E, 0x03, 0x80, 0xE0, 0x38, 0x0E, 0x03,
    0x80, 0xE0, 0x38, 0x0E, 0x03, 0x80, 0xE0, 0x78, 0xFC, 0x3E, 0x00, 0xFF, 0xC0, 0x7F, 0xFB, 0xFF,
    0xC1, 0xFF, 0xEE, 0x3F, 0x83, 0xFF, 0xB8, 0x0F, 0x00, 0x1C, 0xE0, 0x1C, 0x00, 0xF3, 0x80, 0x78,
    0x03, 0x8E, 0x00, 0xE0, 0x1C, 0x38, 0x03, 0x80, 0xF0, 0xE0, 0x0E, 0x03, 0x83, 0x80, 0x38, 0x1C,
    0x0E, 0x00, 0xE0, 0xF0, 0x38, 0x03, 0x83, 0x80, 0xE0, 0x1E, 0x1C, 0x03, 0x80, 0x70, 0xF0, 0x0E,
    0x03, 0xC3, 0x80, 0x38, 0x7E, 0x1C, 0x00, 0xFF, 0xF0, 0x7F, 0xFF, 0xFF, 0x01, 0xFF, 0xF0, 0xFF,
    0xC0, 0x00, 0x0F, 0xFF, 0x00, 0x00, 0xE3, 0xF8, 0x00, 0x0E, 0x03, 0xC0, 0x00, 0xE0, 0x1C, 0x7F,
    0xEE, 0x01, 0xE7, 0xFE, 0xE0, 0x0E, 0x3F, 0xEE, 0x00, 0xE0, 0x1C, 0xE0, 0x0E, 0x03, 0xCE, 0x00,
    0xE0, 0x38, 0xE0, 0x0E, 0x07, 0x0E, 0x00, 0xE0, 0xF0, 0xE0, 0x1E, 0x0E, 0x0E, 0x01, 0xC1, 0xC0,
    0xE0, 0x3C, 0x38, 0x0E, 0x1F, 0x83, 0x80, 0xFF, 0xF0, 0x7F, 0xEF, 0xFC, 0x07, 0xFE, 0x00, 0x38,
    0x00, 0x00, 0x0E, 0x00, 0x00, 0x03, 0x80, 0x00, 0x00, 0xE0, 0x00, 0x00, 0x38, 0x00, 0x07, 0xCE,
    0x3F, 0xE3, 0xFF, 0x9F, 0xF9, 0xFF, 0xE3, 0xFE, 0x70, 0x78, 0x07, 0xB8, 0x1E, 0x01, 0xCE, 0x03,
    0x80, 0xE3, 0x80, 0xE0, 0x70, 0xE0, 0x38, 0x3C, 0x38, 0x0E, 0x0E, 0x0E, 0x03, 0x87, 0x03, 0xC1,
    0xE3, 0xC0, 0x70, 0xF8, 0xE0, 0x1F, 0xFE, 0x7F, 0xE3, 0xFB, 0x9F, 0xFC, 0x18, 0x00, 0x00, 0x00,
    0x38, 0x00, 0x78, 0x00, 0x70, 0x00, 0xE0, 0x00, 0xC0, 0x00, 0x00, 0x07, 0xFE, 0x1F, 0xFE, 0x3F,
    0x0E, 0x3C, 0x00, 0x78, 0x00, 0x70, 0x00, 0xF0, 0x00, 0xE0, 0x00, 0xE0, 0x7F, 0xE0, 0x7F, 0xE0,
    0x7F, 0xF0, 0x07, 0x70, 0x07, 0x70, 0x07, 0x78, 0x07, 0x3E, 0x07, 0x1F, 0xFF, 0x0F, 0xFF, 0x01,
    0xF0, 0x00, 0xC0, 0x0E, 0x00, 0xE0, 0x0F, 0x00, 0x70, 0x00, 0x00, 0x7C, 0xC7, 0xFF, 0x7F, 0xFB,
    0x83, 0xF8, 0x1F, 0xC0, 0x7E, 0x03, 0xF0, 0x1F, 0x80, 0xFC, 0x07, 0xF0, 0x7B, 0x87, 0xDF, 0xFE,
    0x7F, 0x70, 0x63, 0x80, 0x1C, 0x01, 0xCE, 0x1E, 0x7F, 0xE3, 0xFE, 0x00, 0xE0, 0x38, 0x0E, 0x03,
    0x80, 0xE0, 0x38, 0x0E, 0x03, 0x80, 0xE0, 0x38, 0x6E, 0x03, 0x87, 0xE0, 0x38, 0x7F, 0xFF, 0x87,
    0xFF, 0xF8, 0x7F, 0xFF, 0x87, 0xE0, 0x38, 0x7E, 0x03, 0x87, 0xE0, 0x38, 0x7E, 0x03, 0x87, 0xE0,
    0x38, 0xFE, 0x03, 0x8E, 0xE0, 0x3F, 0xEE, 0x01, 0xFC, 0x00, 0x07, 0x00, 0x00, 0x03, 0xBF, 0x8F,
    0xFF, 0x3E, 0x1E, 0xF0, 0x3B, 0xC0, 0xEE, 0x01, 0xF8, 0x07, 0xE0, 0x3B, 0x80, 0xEE, 0x03, 0xB8,
    0x1E, 0xE0, 0x73, 0x83, 0x8E, 0x1E, 0x39, 0xF0, 0xFF, 0x03, 0xF8, 0x0F, 0x80, 0x38, 0x00, 0xE0,
    0x03, 0x80, 0x0E, 0x00, 0x38, 0x00, 0xE0, 0x00, 0x06, 0x00, 0x1E, 0x00, 0x1C, 0x00, 0x1C, 0x00,
    0x1C, 0x00, 0x00, 0x3C, 0x03, 0xF8, 0x07, 0xF8, 0x0F, 0xF8, 0x1F, 0xF0, 0x3F, 0xF0, 0x7E, 0xF0,
    0xFC, 0xE1, 0xF9, 0xE3, 0xF1, 0xC7, 0xE1, 0xCF, 0xC3, 0xDF, 0x83, 0xBF, 0x03, 0xFE, 0x07, 0xFC,
    0x07, 0xF8, 0x07, 0xF0, 0x0F, 0x18, 0x03, 0xC0, 0x1C, 0x00, 0xE0, 0x07, 0x00, 0x00, 0xCF, 0x8F,
    0xFE, 0xFF, 0xEF, 0x0F, 0xE0, 0x7E, 0x07, 0xE0, 0x7E, 0x07, 0xE0, 0x7E, 0x07, 0xE0, 0x7E, 0x07,
    0xE0, 0x7E, 0x07, 0x00, 0xF0, 0x00, 0xE0, 0x01, 0xC0, 0x01, 0x80, 0x03, 0xC0, 0x07, 0xE0, 0x06,
    0x60, 0x07, 0xE0, 0x03, 0xC0, 0x03, 0xC0, 0x07, 0xE0, 0x07, 0xE0, 0x0E, 0x70, 0x0E, 0x70, 0x0E,
    0x70, 0x1C, 0x38, 0x1C, 0x38, 0x3F, 0xFC, 0x3F, 0xFC, 0x3F, 0xFC, 0x70, 0x0E, 0x70, 0x0E, 0xE0,
    0x07, 0xE0, 0x07, 0x03, 0xC0, 0xF0, 0x18, 0x03, 0x80, 0xF8, 0x33, 0x06, 0x60, 0xFC, 0x0F, 0x00,
    0x00, 0x7E, 0x3F, 0xE3, 0xFE, 0x01, 0xC0, 0x38, 0x07, 0x3F, 0xEF, 0xFF, 0xC3, 0xF0, 0x7E, 0x0F,
    0xC3, 0xFF, 0xFB, 0xFB, 0x1C, 0x00, 0x00, 0x01, 0x80, 0x00, 0x0E, 0x00, 0x00, 0x70, 0x00, 0x03,
    0x80, 0x00, 0x0C, 0x00, 0x00, 0x00, 0x00, 0x07, 0xFF, 0xC0, 0x3F, 0xFF, 0x00, 0xFF, 0xF8, 0x07,
    0xB8, 0x00, 0x1C, 0xE0, 0x00, 0x73, 0x80, 0x03, 0x8E, 0x00, 0x0E, 0x3F, 0xE0, 0x70, 0xFF, 0x81,
    0xC3, 0xFE, 0x0F, 0xFE, 0x00, 0x3F, 0xF8, 0x01, 0xFF, 0xE0, 0x07, 0x03, 0x80, 0x38, 0x0E, 0x00,
    0xE0, 0x38, 0x07, 0x00, 0xFF, 0xDC, 0x03, 0xFF, 0x00, 0x18, 0x00, 0x03, 0xC0, 0x00, 0x38, 0x00,
    0x07, 0x00, 0x00, 0xE0, 0x00, 0x00, 0x00, 0x1F, 0x0F, 0x87, 0xFF, 0xFC, 0x7F, 0xFF, 0xE0, 0x0F,
    0x0E, 0x00, 0xE0, 0xE0, 0x0E, 0x07, 0x3F, 0xFF, 0xF7, 0xFF, 0xFF, 0xF0, 0xE0, 0x0E, 0x0E, 0x00,
    0xE0, 0xF0, 0x0E, 0x1F, 0x82, 0xFF, 0xBF, 0xE7, 0xF1, 0xFE, 0x1C, 0x07, 0x00, 0x00, 0x30, 0x00,
    0x3C, 0x00, 0x3C, 0x00, 0x1C, 0x00, 0x1C, 0x00, 0x00, 0x10, 0x3F, 0xFC, 0x3F, 0xFE, 0x3E, 0x1E,
    0x3C, 0x0F, 0x9C, 0x0F, 0xEE, 0x07, 0x7F, 0x07, 0x3F, 0x07, 0x1F, 0x83, 0x8F, 0xC3, 0x87, 0xE3,
    0x83, 0xFB, 0x81, 0xDD, 0xC0, 0xEF, 0xC0, 0xF7, 0xC0, 0x71, 0xE0, 0xF8, 0xFF, 0xF8, 0xFF, 0xF0,
    0x31, 0xC0, 0x00, 0x00, 0xC0, 0x0E, 0x00, 0xF0, 0x07, 0x00, 0x70, 0x00, 0x00, 0x3E, 0xC7, 0xFE,
    0x7F, 0xF3, 0x87, 0xB8, 0x7F, 0xC7, 0x7E, 0x3B, 0xF3, 0x9F, 0xB8, 0xFD, 0xC7, 0x7C, 0x7B, 0xC3,
    0x9F, 0xF8, 0xFF, 0x86, 0x70, 0x00, 0x19, 0x80, 0x39, 0xC0, 0x1D, 0xC0, 0x0E, 0xE0, 0x06, 0x70,
    0x00, 0x00, 0x03, 0xC0, 0x03, 0xC0, 0x03, 0xC0, 0x07, 0xE0, 0x07, 0xE0, 0x0E, 0x60, 0x0E, 0x70,
    0x0E, 0x70, 0x1C, 0x38, 0x1C, 0x38, 0x1F, 0xF8, 0x3F, 0xFC, 0x3F, 0xFC, 0x70, 0x1E, 0x70, 0x0E,
    0x70, 0x0E, 0xE0, 0x07, 0xE0, 0x07, 0x66, 0x1E, 0xE1, 0xDE, 0x1D, 0xC1, 0x9C, 0x00, 0x07, 0xE3,
    0xFE, 0x3F, 0xE0, 0x1C, 0x03, 0x80, 0x73, 0xFE, 0xFF, 0xFC, 0x3F, 0x07, 0xE0, 0xFC, 0x3F, 0xFF,
    0xBF, 0xB1, 0xC0, 0x03, 0xC0, 0x07, 0xE0, 0x0F, 0xF0, 0x0C, 0x30, 0x00, 0x00, 0x03, 0xC0, 0x03,
    0xC0, 0x03, 0xC0, 0x07, 0xE0, 0x07, 0xE0, 0x0E, 0x60, 0x0E, 0x70, 0x0E, 0x70, 0x1C, 0x38, 0x1C,
    0x38, 0x1F, 0xF8, 0x3F, 0xFC, 0x3F, 0xFC, 0x70, 0x1E, 0x70, 0x0E, 0x70, 0x0E, 0xE0, 0x07, 0xE0,
    0x07, 0x0F, 0x03, 0xF0, 0xFF, 0x18, 0x60, 0x00, 0x3F, 0x1F, 0xF1, 0xFF, 0x00, 0xE0, 0x1C, 0x03,
    0x9F, 0xF7, 0xFF, 0xE1, 0xF8, 0x3F, 0x07, 0xE1, 0xFF, 0xFD, 0xFD, 0x8E, 0x00, 0xC6, 0x1D, 0xE1,
    0xDC, 0x39, 0xC3, 0x98, 0x00, 0x3F, 0xFF, 0xFF, 0xFF, 0xDC, 0x03, 0x80, 0x70, 0x0E, 0x01, 0xFF,
    0xBF, 0xF7, 0xFE, 0xE0, 0x1C, 0x03, 0x80, 0x70, 0x0E, 0x01, 0xC0, 0x3F, 0xFF, 0xFF, 0x66, 0x0F,
    0x70, 0x73, 0x83, 0xB8, 0x19, 0xC0, 0x00, 0x0F, 0x83, 0xFC, 0x7F, 0xE7, 0x0F, 0xE0, 0x7E, 0x07,
    0xFF, 0xFF, 0xFF, 0xE0, 0x0E, 0x00, 0x70, 0x07, 0x82, 0x3F, 0xF1, 0xFE, 0x07, 0x80, 0x0F, 0x07,
    0xF0, 0xFF, 0x38, 0x60, 0x01, 0xFF, 0xFF, 0xFF, 0xFE, 0xE0, 0x1C, 0x03, 0x80, 0x70, 0x0F, 0xFD,
    0xFF, 0xBF, 0xF7, 0x00, 0xE0, 0x1C, 0x03, 0x80, 0x70, 0x0E, 0x01, 0xFF, 0xFF, 0xF8, 0x0F, 0x01,
    0xFC, 0x3F, 0xC3, 0x0C, 0x00, 0x00, 0xF8, 0x3F, 0xC7, 0xFE, 0x70, 0xFE, 0x07, 0xE0, 0x7F, 0xFF,
    0xFF, 0xFE, 0x00, 0xE0, 0x07, 0x00, 0x78, 0x23, 0xFF, 0x1F, 0xE0, 0x78, 0x66, 0x3D, 0xC7, 0x38,
    0xEE, 0x19, 0xC0, 0x01, 0xFC, 0x7F, 0x07, 0x01, 0xC0, 0x70, 0x1C, 0x07, 0x01, 0xC0, 0x70, 0x1C,
    0x07, 0x01, 0xC0, 0x70, 0x1C, 0x07, 0x01, 0xC1, 0xFC, 0x7F, 0x66, 0x3D, 0xC7, 0x38, 0xEE, 0x19,
    0xC0, 0x00, 0x70, 0x1C, 0x07, 0x01, 0xC0, 0x70, 0x1C, 0x07, 0x01, 0xC0, 0x70, 0x1C, 0x07, 0x01,
    0xC0, 0x70, 0x1C, 0x3C, 0x3F, 0xBF, 0xD8, 0x60, 0x03, 0xF9, 0xFC, 0x38, 0x1C, 0x0E, 0x07, 0x03,
    0x81, 0xC0, 0xE0, 0x70, 0x38, 0x1C, 0x0E, 0x07, 0x03, 0x81, 0xC3, 0xF9, 0xFC, 0x3C, 0x3F, 0xBF,
    0xD8, 0x60, 0x00, 0xE0, 0x70, 0x38, 0x1C, 0x0E, 0x07, 0x03, 0x81, 0xC0, 0xE0, 0x70, 0x38, 0x1C,
    0x0E, 0x07, 0x00, 0x18, 0xC0, 0x0E, 0xF0, 0x03, 0xB8, 0x00, 0xCE, 0x00, 0x33, 0x00, 0x00, 0x00,
    0x3F, 0xE0, 0x3F, 0xFC, 0x3E, 0x1E, 0x3C, 0x03, 0x9C, 0x01, 0xEE, 0x00, 0x7F, 0x00, 0x3F, 0x00,
    0x1F, 0x80, 0x0F, 0xC0, 0x07, 0xE0, 0x03, 0xF8, 0x01, 0xDC, 0x00, 0xEE, 0x00, 0xF7, 0x80, 0x71,
    0xE0, 0xF8, 0x7F, 0xF8, 0x1F, 0xF0, 0x01, 0xC0, 0x00, 0x63, 0x03, 0xBC, 0x0E, 0xE0, 0x73, 0x81,
    0xCC, 0x00, 0x00, 0x3E, 0x07, 0xFC, 0x7F, 0xF3, 0x83, 0xB8, 0x0F, 0xC0, 0x7E, 0x03, 0xF0, 0x1F,
    0x80, 0xFC, 0x07, 0x70, 0x7B, 0xC3, 0x8F, 0xF8, 0x3F, 0x80, 0x70, 0x00, 0x01, 0xE0, 0x03, 0xF8,
    0x01, 0xFE, 0x00, 0xC3, 0x00, 0x00, 0x00, 0x7F, 0xC0, 0x7F, 0xF8, 0x7C, 0x3C, 0x78, 0x07, 0x38,
    0x03, 0xDC, 0x00, 0xFE, 0x00, 0x7E, 0x00, 0x3F, 0x00, 0x1F, 0x80, 0x0F, 0xC0, 0x07, 0xF0, 0x03,
    0xB8, 0x01, 0xDC, 0x01, 0xEF, 0x00, 0xE3, 0xC1, 0xF0, 0xFF, 0xF0, 0x3F, 0xE0, 0x03, 0x80, 0x07,
    0x80, 0xFE, 0x07, 0xF8, 0x70, 0xC0, 0x00, 0x07, 0xC0, 0xFF, 0x8F, 0xFE, 0x70, 0x77, 0x01, 0xF8,
    0x0F, 0xC0, 0x7E, 0x03, 0xF0, 0x1F, 0x80, 0xEE, 0x0F, 0x78, 0x71, 0xFF, 0x07, 0xF0, 0x0E, 0x00,
    0xC6, 0x03, 0xBC, 0x07, 0x70, 0x0C, 0xE0, 0x19, 0x80, 0x00, 0x0F, 0xF8, 0x3F, 0xF8, 0xE3, 0xF3,
    0x81, 0xCE, 0x07, 0x38, 0x1C, 0xE0, 0x73, 0x83, 0xCF, 0xFE, 0x3F, 0xF0, 0xFF, 0x83, 0x8F, 0x0E,
    0x1C, 0x38, 0x78, 0xE0, 0xE3, 0x81, 0xCE, 0x07, 0xB8, 0x0E, 0x66, 0x3D, 0xC7, 0x70, 0xEE, 0x19,
    0xC0, 0x03, 0x3C, 0xDF, 0x3F, 0xCF, 0x03, 0x80, 0xE0, 0x38, 0x0E, 0x03, 0x80, 0xE0, 0x38, 0x0E,
    0x03, 0x80, 0xE0, 0x0F, 0x00, 0xFE, 0x03, 0xFC, 0x0C, 0x30, 0x00, 0x03, 0xFE, 0x0F, 0xFE, 0x38,
    0xFC, 0xE0, 0x73, 0x81, 0xCE, 0x07, 0x38, 0x1C, 0xE0, 0xF3, 0xFF, 0x8F, 0xFC, 0x3F, 0xE0, 0xE3,
    0xC3, 0x87, 0x0E, 0x1E, 0x38, 0x38, 0xE0, 0x73, 0x81, 0xEE, 0x03, 0x80, 0x3C, 0x7E, 0xFF, 0xC3,
    0x00, 0xCF, 0xDF, 0xFF, 0xF0, 0xE0, 0xE0, 0xE0, 0xE0, 0xE0, 0xE0, 0xE0, 0xE0, 0xE0, 0xE0, 0x33,
    0x01, 0xEE, 0x03, 0x9C, 0x07, 0x70, 0x0C, 0xE0, 0x00, 0x0E, 0x01, 0xF8, 0x07, 0xE0, 0x1F, 0x80,
    0x7E, 0x01, 0xF8, 0x07, 0xE0, 0x1F, 0x80, 0x7E, 0x01, 0xF8, 0x07, 0xE0, 0x1F, 0x80, 0x7E, 0x01,
    0xF8, 0x07, 0xF0, 0x1D, 0xE1, 0xE3, 0xFF, 0x87, 0xF8, 0x07, 0x80, 0x63, 0x03, 0xBC, 0x0E, 0xE0,
    0x33, 0x80, 0xCC, 0x00, 0x01, 0x80, 0xEE, 0x07, 0x70, 0x3B, 0x81, 0xDC, 0x0E, 0xE0, 0x77, 0x03,
    0xB8, 0x1D, 0xC0, 0xEE, 0x07, 0x70, 0x7B, 0x87, 0xDF, 0xFE, 0x7F, 0x70, 0xE0, 0x00, 0x07, 0x80,
    0x3F, 0x81, 0xFE, 0x06, 0x18, 0x00, 0x03, 0x80, 0x7E, 0x01, 0xF8, 0x07, 0xE0, 0x1F, 0x80, 0x7E,
    0x01, 0xF8, 0x07, 0xE0, 0x1F, 0x80, 0x7E, 0x01, 0xF8, 0x07, 0xE0, 0x1F, 0x80, 0x7E, 0x01, 0xFC,
    0x07, 0x78, 0x78, 0xFF, 0xE1, 0xFE, 0x01, 0xE0, 0x07, 0x80, 0xFE, 0x07, 0xF8, 0x30, 0xC0, 0x00,
    0x30, 0x1D, 0xC0, 0xEE, 0x07, 0x70, 0x3B, 0x81, 0xDC, 0x0E, 0xE0, 0x77, 0x03, 0xB8, 0x1D, 0xC0,
    0xEE, 0x0F, 0x70, 0xFB, 0xFF, 0xCF, 0xEE, 0x1C, 0x00, 0x00, 0x03, 0xFE, 0x7F, 0xE7, 0x8E, 0xE0,
    0x0E, 0x00, 0xE0, 0x0F, 0x00, 0x7C, 0x03, 0xF8, 0x0F, 0xC0, 0x3E, 0x00, 0xF0, 0x07, 0x00, 0x70,
    0x07, 0xC0, 0xEF, 0xFE, 0xFF, 0xC1, 0xE0, 0x06, 0x00, 0xE0, 0x0E, 0x00, 0xC0, 0x08, 0x00, 0x3F,
    0x9F, 0xFF, 0xFB, 0x80, 0xE0, 0x3E, 0x07, 0xE0, 0x7E, 0x07, 0xC0, 0x70, 0x1E, 0x07, 0xFF, 0xFF,
    0xE1, 0xC0, 0x38, 0x0E, 0x03, 0x01, 0xC0, 0x60, 0xFF, 0xFF, 0xFF, 0xF7, 0xFF, 0x81, 0xC0, 0x07,
    0x00, 0x1C, 0x00, 0x70, 0x01, 0xC0, 0x07, 0x00, 0x1C, 0x00, 0x70, 0x01, 0xC0, 0x07, 0x00, 0x1C,
    0x00, 0x70, 0x01, 0xC0, 0x07, 0x00, 0x1C, 0x00, 0x00, 0x00, 0xE0, 0x03, 0x80, 0x0C, 0x00, 0x70,
    0x01, 0x80, 0x18, 0x0C, 0x0E, 0x0F, 0xFF, 0xFF, 0xF8, 0xE0, 0x70, 0x38, 0x1C, 0x0E, 0x07, 0x03,
    0x81, 0xC0, 0xE0, 0x7F, 0x1F, 0x83, 0x83, 0x81, 0xC0, 0xE0, 0x60, 0x60, 0x00, 0x00, 0xFF, 0x87,
    0xFF, 0x1C, 0x1E, 0x00, 0x38, 0x00, 0xE0, 0x03, 0x80, 0x1E, 0x01, 0xF0, 0x3F, 0x81, 0xFF, 0x03,
    0x1E, 0x00, 0x38, 0x00, 0xE0, 0x03, 0x80, 0x0E, 0x00, 0x38, 0x01, 0xE0, 0x0F, 0x00, 0xF8, 0x1F,
    0xC1, 0xFC, 0x07, 0xC0, 0x10, 0x00, 0x1F, 0x87, 0xFC, 0x7F, 0xE0, 0x0E, 0x00, 0xE0, 0x0E, 0x01,
    0xE0, 0x7C, 0x1F, 0xC1, 0xFE, 0x00, 0xE0, 0x0E, 0x00, 0x70, 0x0E, 0x00, 0xE0, 0x1E, 0x07, 0xC7,
    0xF8, 0xFE, 0x0F, 0x00, 0x10, 0x20, 0x39, 0xE0, 0x3F, 0x80, 0x3E, 0x00, 0x78, 0x00, 0x00, 0x38,
    0x07, 0x70, 0x0E, 0xE0, 0x1D, 0xC0, 0x3B, 0x80, 0x77, 0x00, 0xEE, 0x01, 0xDF, 0xFF, 0xBF, 0xFF,
    0x7F, 0xFE, 0xE0, 0x1D, 0xC0, 0x3B, 0x80, 0x77, 0x00, 0xEE, 0x01, 0xDC, 0x03, 0xB8, 0x07, 0x70,
    0x0E, 0x81, 0x01, 0xCF, 0x01, 0xFC, 0x01, 0xF0, 0x03, 0xC0, 0x00, 0x00, 0x00, 0x00, 0x0E, 0x00,
    0x1C, 0x00, 0x38, 0x00, 0x70, 0x00, 0xE0, 0x01, 0xDF, 0x03, 0xFF, 0x87, 0xFF, 0x0F, 0x0F, 0x1C,
    0x0E, 0x38, 0x1C, 0x70, 0x38, 0xE0, 0x71, 0xC0, 0xE3, 0x81, 0xC7, 0x03, 0x8E, 0x07, 0x1C, 0x0E,
    0x38, 0x1C, 0x61, 0xC7, 0x8E, 0x1C, 0x1C, 0xF3, 0x9C, 0x60, 0x0C, 0x07, 0x83, 0xF1, 0xFE, 0x61,
    0x80, 0x38, 0xDF, 0xB7, 0xFF, 0x1E, 0xFF, 0xFF, 0x00, 0x0F, 0xFF, 0xFF, 0xF0, 0xC3, 0xE7, 0xFF,
    0x7E, 0x6F, 0xF6, 0x42, 0xE7, 0xE7, 0x42, 0xF3, 0xE1, 0xCE, 0x79, 0x82, 0x00, 0x33, 0xFC, 0xF3,
    0xFD, 0xE0, 0x18, 0xCF, 0x73, 0xB9, 0xCC, 0x66, 0x00, 0x40, 0x9C, 0xE3, 0xF0, 0xFC, 0x1E, 0x00,
    0xFF, 0x00, 0xCF, 0x3C, 0xF3, 0x00, 0xC6, 0x3B, 0xC7, 0x71, 0xCE, 0x39, 0x80, 0x00, 0x18, 0x3C,
    0xDB, 0xC7, 0xFF, 0x7E, 0x3C, 0x7E, 0xFF, 0xC3, 0x37, 0x7E, 0xEE, 0xE0, 0x77, 0x7E, 0xEC, 0xC0,
    0xEE, 0xE7, 0x77, 0x30, 0x77, 0x7E, 0xEC, 0xC0, 0x63, 0xC7, 0x8E, 0x1C, 0x18, 0xF7, 0x9C, 0xE0,
    0x18, 0x7F, 0xFF, 0x1C, 0x60, 0x63, 0x8F, 0xFF, 0xE1, 0x80, 0xFF, 0xFC, 0x18, 0x30, 0x60, 0xC0,
    0x1C, 0x73, 0xBE, 0xF0, 0x00, 0x37, 0xCC, 0x73, 0x30, 0xCF, 0xFF, 0xFC, 0xFF, 0xF3, 0x0C, 0x30,
    0x30, 0xCF, 0xFF, 0x30, 0xC0, 0xFF, 0xFF, 0xC0, 0x00, 0xC6, 0x31, 0x9F, 0xFE, 0x06, 0x31, 0x8C,
    0x73, 0xEF, 0x5F, 0xA0, 0x42, 0xE7, 0xE7, 0x42, 0x33, 0xFC, 0xF3, 0xFD, 0xE0, 0x77, 0x6E, 0xC0,
    0x31, 0xE3, 0xC7, 0xFF, 0xE0, 0x10, 0xC7, 0x18, 0x61, 0xE3, 0x80, 0xFF, 0x00, 0xFF, 0xFF, 0xFE,
    0x1F, 0x87, 0xC0, 0xC0, 0xCC, 0xF3, 0x3F, 0xFC, 0xCC, 0x40, 0x9C, 0xE3, 0xF0, 0xFC, 0x1E, 0x00,
    0x0C, 0x07, 0x83, 0xF1, 0xFE, 0x61, 0x80, 0xC3, 0xC7, 0xFF, 0x7E, 0x3C, 0x7E, 0xFF, 0xC3, 0x30,
    0xDF, 0x3F, 0xFB, 0x1E, 0xFF, 0xFF, 0xFF, 0xFF, 0xFF, 0x7F, 0xEF, 0xFF, 0x7F, 0xE0, 0x00, 0xFF,
    0xF7, 0xFE, 0x30, 0xDF, 0x3F, 0xFF, 0x1E, 0x00, 0x0F, 0xFF, 0xFF, 0xF0, 0xFF, 0xFF, 0xFF, 0xFF,
    0xF0, 0x06, 0x0F, 0x3E, 0xF8, 0xF0, 0x40, 0x01, 0xC0, 0x70, 0x18, 0x0E, 0x03, 0x80, 0xC0, 0x70,
    0x18, 0x0E, 0x03, 0x80, 0xC0, 0x70, 0x18, 0x0E, 0x03, 0x80, 0xC0, 0x70, 0x18, 0x0E, 0x03, 0x80,
    0xC0, 0x00, 0xEE, 0x33, 0xEC, 0xE1, 0xF8, 0x7E, 0x1F, 0xFF, 0xFF, 0xC0, 0xFF, 0xFF, 0xFC, 0x0F,
    0x03, 0xFF, 0xFF, 0xF0, 0x33, 0xBF, 0xFC, 0xCF, 0x33, 0x4B, 0xF7, 0x9E, 0xFD, 0x20, 0x7F, 0xEE,
    0x77, 0xFE, 0x7F, 0xEF, 0xFF, 0x7F, 0xE0, 0x00, 0xFF, 0xF7, 0xFE, 0xC3, 0x87, 0x0E, 0x18, 0x18,
    0xE7, 0x38, 0xC0, 0x30, 0xDF, 0x3F, 0xFB, 0x1E, 0xEF, 0x77, 0x60, 0x0E, 0x2F, 0xBF, 0xFF, 0xF5,
    0x90, 0xCC, 0xFF, 0x00, 0x0F, 0xFF, 0xFF, 0xFE, 0x07, 0xE0, 0x74, 0x02, 0x7F, 0xEF, 0xFF, 0x7F,
    0xE0, 0x00, 0xFF, 0xF7, 0xFE, 0xCF, 0x3C, 0xF3, 0x00, 0xFF, 0xF1, 0xC7, 0x1C, 0x00, 0x0D, 0xB7,
    0xEF, 0xFE, 0xDF, 0x86, 0x00, 0x00, 0x03, 0x00, 0xC0, 0xF3, 0x7C, 0xFF, 0xEC, 0x78, 0x30, 0x1E,
    0x03, 0x00, 0x38, 0x9F, 0xE7, 0xF9, 0x0C, 0x7D, 0x9F, 0xE6, 0x78, 0x00, 0x0C, 0xC7, 0xF9, 0xFE,
    0x33, 0x04, 0x80, 0x00, 0xC7, 0x8C, 0x30, 0xC0, 0xF1, 0xE3, 0xFC, 0x78, 0xFC, 0x00, 0x0F, 0x0F,
    0xC3, 0x0F, 0xFC, 0x03, 0x03, 0x01, 0x80, 0x63, 0x60, 0x1B, 0xD0, 0x02, 0xF4, 0x00, 0xBD, 0x80,
    0x6C, 0x60, 0x18, 0x0C, 0x0C, 0x03, 0xCF, 0x0C, 0x3F, 0x0F, 0x00, 0x03, 0xF1, 0xE3, 0xFC, 0x78,
    0xF0, 0x43, 0xCE, 0xF7, 0x00, 0x37, 0x66, 0x73, 0x7E, 0xFF, 0xC3, 0xDB, 0x3C, 0x18, 0x01, 0xE7,
    0x9E, 0x7D, 0x20, 0x1B, 0xDC, 0xF1, 0x80, 0x63, 0xCE, 0xF6, 0x00, 0xE3, 0xBE, 0xE3, 0xFB, 0xFF,
    0xE6, 0xC0, 0x67, 0x33, 0x76, 0x5F, 0xA0, 0x00, 0xCF, 0xFF, 0x79, 0xE0, 0x33, 0x3F, 0xFC, 0xCF,
    0x33, 0xFF, 0xDF, 0xE0, 0x61, 0x87, 0xFE, 0x18, 0x00, 0xE0, 0x00, 0x77, 0x00, 0x0E, 0x3F, 0x0F,
    0xC1, 0xFF, 0xF8, 0x07, 0xFE, 0x00, 0xE0, 0x00, 0x77, 0x00, 0x0E, 0x3F, 0x0F, 0xC1, 0xFF, 0xF8,
    0x07, 0xFE, 0x00, 0xFF, 0xFF, 0xFF, 0xFF, 0xFF, 0xFF, 0xFF, 0xFF, 0x1F, 0x00, 0x37, 0xFF, 0x07,
    0xFF, 0xFF, 0xEC, 0x03, 0xFC, 0x00, 0x60, 0x00, 0xFF, 0xF0, 0x3F, 0xFF, 0xC7, 0xC0, 0x3E, 0x70,
    0x00, 0xEE, 0x00, 0x07, 0x00, 0x00, 0x00, 0x00, 0x02, 0x1F, 0xFF, 0xFC, 0xFF, 0xFF, 0xE0, 0x00,
    0x06, 0x00, 0x00, 0x20, 0x78, 0x37, 0xF3, 0xFD, 0xF0, 0x79, 0x3F, 0xF0, 0x7C, 0xF0, 0xDF, 0xFF,
    0x79, 0x9B, 0x16, 0x27, 0xC7, 0x00, 0xCF, 0x3C, 0xF3, 0xFD, 0xF0, 0x7E, 0x31, 0x8F, 0xBC, 0x00,
    0x30, 0xDF, 0xCF, 0x3C, 0xFF, 0x7C, 0x03, 0x0C, 0x3F, 0xCF, 0x3C, 0xF3, 0xC4, 0x7F, 0xDB, 0x34,
    0xCD, 0x33, 0x4C, 0xD1, 0x30, 0x7F, 0x31, 0x8C, 0x20, 0x03, 0x3C, 0xC6, 0x31, 0xC6, 0xC4, 0x99,
    0xB3, 0xC3, 0x86, 0x00, 0x4C, 0xF0, 0xC1, 0xC6, 0xD9, 0x80, 0x18, 0x07, 0x80, 0x70, 0x07, 0x00,
    0x70, 0x00, 0x3F, 0xFF, 0xFF, 0xFF, 0xDC, 0x03, 0x80, 0x70, 0x0E, 0x01, 0xFF, 0xBF, 0xF7, 0xFE,
    0xE0, 0x1C, 0x03, 0x80, 0x70, 0x0E, 0x01, 0xC0, 0x3F, 0xFF, 0xFF, 0x11, 0x87, 0x70, 0xEE, 0x08,
    0xC0, 0x01, 0xFF, 0xFF, 0xFF, 0xFE, 0xE0, 0x1C, 0x03, 0x80, 0x70, 0x0F, 0xFD, 0xFF, 0xBF, 0xF7,
    0x00, 0xE0, 0x1C, 0x03, 0x80, 0x70, 0x0E, 0x01, 0xFF, 0xFF, 0xF8, 0xFF, 0xF8, 0x7F, 0xFC, 0x1F,
    0xFC, 0x01, 0xC0, 0x00, 0xE0, 0x00, 0x70, 0x00, 0x38, 0x00, 0x1F, 0xF8, 0x0F, 0xFF, 0x07, 0xCF,
    0x83, 0x81, 0xE1, 0xC0, 0x70, 0xE0, 0x38, 0x70, 0x1C, 0x38, 0x0E, 0x1C, 0x0E, 0x0E, 0x7F, 0x07,
    0x3F, 0x00, 0x0E, 0x00, 0x01, 0x80, 0x70, 0x1C, 0x07, 0x00, 0xC0, 0x00, 0x3F, 0xFF, 0xFF, 0xFF,
    0xDC, 0x03, 0x80, 0x70, 0x0E, 0x01, 0xC0, 0x38, 0x07, 0x00, 0xE0, 0x1C, 0x03, 0x80, 0x70, 0x0E,
    0x01, 0xC0, 0x38, 0x07, 0x00, 0x00, 0x00, 0x1F, 0xF1, 0xFF, 0xCF, 0x87, 0x38, 0x01, 0xC0, 0x07,
    0x00, 0x3C, 0x00, 0xFF, 0xE3, 0xFF, 0xCF, 0xFF, 0x38, 0x00, 0xE0, 0x01, 0xC0, 0x07, 0x00, 0x1E,
    0x00, 0x3E, 0x0C, 0x7F, 0xF0, 0xFF, 0xC0, 0x78, 0x00, 0x03, 0xFE, 0x7F, 0xE7, 0x8E, 0xE0, 0x0E,
    0x00, 0xE0, 0x0F, 0x00, 0x7C, 0x03, 0xF8, 0x0F, 0xC0, 0x3E, 0x00, 0xF0, 0x07, 0x00, 0x70, 0x07,
    0xC0, 0xEF, 0xFE, 0xFF, 0xC1, 0xE0, 0xFF, 0xFF, 0xFF, 0xFF, 0xFF, 0xFF, 0xFC, 0x6D, 0xDF, 0xBB,
    0x20, 0x07, 0x0E, 0x1C, 0x38, 0x70, 0xE1, 0xC3, 0x87, 0x0E, 0x1C, 0x38, 0x70, 0xE1, 0xC3, 0x87,
    0x0E, 0x00, 0x0E, 0x1C, 0x38, 0x70, 0xE1, 0xC3, 0x87, 0x0E, 0x1C, 0x38, 0x70, 0xE1, 0xC3, 0x87,
    0x0E, 0x1C, 0x38, 0x7F, 0xDF, 0xBE, 0x00, 0x0F, 0xFE, 0x00, 0x0F, 0xFE, 0x00, 0x0F, 0xFE, 0x00,
    0x0E, 0x0E, 0x00, 0x0E, 0x0E, 0x00, 0x0E, 0x0E, 0x00, 0x0E, 0x0E, 0x00, 0x0C, 0x0F, 0xF8, 0x0C,
    0x0F, 0xFE, 0x1C, 0x0E, 0x1F, 0x1C, 0x0E, 0x07, 0x1C, 0x0E, 0x07, 0x1C, 0x0E, 0x07, 0x1C, 0x0E,
    0x07, 0x1C, 0x0E, 0x07, 0x3C, 0x0E, 0x1F, 0xF8, 0x0F, 0xFE, 0xF8, 0x0F, 0xF8, 0x60, 0x00, 0x00,
    0xE0, 0x1C, 0x01, 0xC0, 0x38, 0x03, 0x80, 0x70, 0x07, 0x00, 0xE0, 0x0E, 0x01, 0xC0, 0x1C, 0x03,
    0x80, 0x38, 0x07, 0x00, 0x7F, 0xFF, 0xF0, 0xFF, 0xFF, 0xF9, 0xFF, 0xFF, 0xFB, 0x80, 0x70, 0x77,
    0x00, 0xE0, 0x7E, 0x01, 0xC0, 0xFC, 0x03, 0x81, 0xF8, 0x07, 0x07, 0x70, 0x0E, 0x1E, 0xE0, 0x1F,
    0xF9, 0xC0, 0x3F, 0xE0, 0xFF, 0xF8, 0x7F, 0xFC, 0x1F, 0xFC, 0x01, 0xC0, 0x00, 0xE0, 0x00, 0x70,
    0x00, 0x38, 0x00, 0x1F, 0xF8, 0x0F, 0xFF, 0x07, 0xCF, 0x83, 0x81, 0xE1, 0xC0, 0x70, 0xE0, 0x38,
    0x70, 0x1C, 0x38, 0x0E, 0x1C, 0x07, 0x0E, 0x03, 0x87, 0x01, 0xC0, 0x00, 0xC0, 0x0F, 0x00, 0x38,
    0x01, 0xC0, 0x06, 0x00, 0x00, 0x0E, 0x03, 0xB8, 0x1C, 0xE0, 0xF3, 0x83, 0x8E, 0x1C, 0x38, 0xF0,
    0xE3, 0x83, 0xFC, 0x0F, 0xF0, 0x3F, 0xC0, 0xE7, 0x83, 0x8F, 0x0E, 0x1C, 0x38, 0x78, 0xE0, 0xE3,
    0x81, 0xCE, 0x07, 0xB8, 0x0E, 0x06, 0x00, 0x1E, 0x00, 0x1C, 0x00, 0x1C, 0x00, 0x1C, 0x00, 0x00,
    0x38, 0x07, 0xF0, 0x0F, 0xE0, 0x3F, 0xC0, 0xFF, 0x81, 0xFF, 0x07, 0x7E, 0x0E, 0xFC, 0x39, 0xF8,
    0xE3, 0xF1, 0xC7, 0xE7, 0x0F, 0xDC, 0x1F, 0xB8, 0x3F, 0xE0, 0x7F, 0x80, 0xFF, 0x01, 0xFC, 0x03,
    0xF8, 0x07, 0x0E, 0x30, 0x0E, 0x70, 0x07, 0xF0, 0x03, 0xC0, 0x00, 0x00, 0xE0, 0x0F, 0xF0, 0x0E,
    0x70, 0x0E, 0x78, 0x1C, 0x38, 0x1C, 0x3C, 0x38, 0x1C, 0x38, 0x1E, 0x78, 0x0E, 0x70, 0x0F, 0x70,
    0x07, 0xE0, 0x07, 0xE0, 0x03, 0xC0, 0x03, 0xC0, 0x03, 0x80, 0x07, 0x80, 0x3F, 0x00, 0x3E, 0x00,
    0x18, 0x00, 0xE0, 0x1F, 0x80, 0x7E, 0x01, 0xF8, 0x07, 0xE0, 0x1F, 0x80, 0x7E, 0x01, 0xF8, 0x07,
    0xE0, 0x1F, 0x80, 0x7E, 0x01, 0xF8, 0x07, 0xE0, 0x1F, 0x80, 0x7E, 0x01, 0xF8, 0x07, 0xFF, 0xFF,
    0xFF, 0xF0, 0x38, 0x00, 0xE0, 0x03, 0x80, 0x0E, 0x00, 0x03, 0xC0, 0x03, 0xC0, 0x03, 0xC0, 0x07,
    0xE0, 0x07, 0xE0, 0x0E, 0x60, 0x0E, 0x70, 0x0E, 0x70, 0x1C, 0x38, 0x1C, 0x38, 0x1F, 0xF8, 0x3F,
    0xFC, 0x3F, 0xFC, 0x70, 0x1E, 0x70, 0x0E, 0x70, 0x0E, 0xE0, 0x07, 0xE0, 0x07, 0xFF, 0xE7, 0xFF,
    0x3F, 0xF9, 0xC0, 0x0E, 0x00, 0x70, 0x03, 0x80, 0x1F, 0xF0, 0xFF, 0xE7, 0xFF, 0xB8, 0x1D, 0xC0,
    0xEE, 0x07, 0x70, 0x3B, 0x81, 0xDC, 0x3E, 0xFF, 0xE7, 0xFE, 0x00, 0xFF, 0xC7, 0xFF, 0xB8, 0x7D,
    0xC0, 0xFE, 0x03, 0xF0, 0x1F, 0x81, 0xDF, 0xFE, 0xFF, 0xC7, 0xFF, 0xB8, 0x1F, 0xC0, 0x7E, 0x03,
    0xF0, 0x1F, 0x80, 0xFC, 0x1F, 0xFF, 0xF7, 0xFF, 0x00, 0xFF, 0xFF, 0xFF, 0xFF, 0x70, 0x0E, 0x01,
    0xC0, 0x38, 0x07, 0x00, 0xE0, 0x1C, 0x03, 0x80, 0x70, 0x0E, 0x01, 0xC0, 0x38, 0x07, 0x00, 0xE0,
    0x1C, 0x00, 0x07, 0xFF, 0x01, 0xFF, 0xC0, 0xFF, 0xF0, 0x38, 0x1C, 0x0E, 0x07, 0x03, 0x81, 0xC0,
    0xE0, 0x70, 0x38, 0x1C, 0x0E, 0x07, 0x03, 0x81, 0xC0, 0xE0, 0x70, 0x38, 0x1C, 0x1C, 0x07, 0x07,
    0x01, 0xC1, 0xC0, 0x70, 0xE0, 0x1C, 0xFF, 0xFF, 0xFF, 0xFF, 0xFE, 0x00, 0x1F, 0x80, 0x07, 0xE0,
    0x01, 0xF8, 0x00, 0x70, 0xFF, 0xFF, 0xFF, 0xFF, 0x70, 0x0E, 0x01, 0xC0, 0x38, 0x07, 0xFE, 0xFF,
    0xDF, 0xFB, 0x80, 0x70, 0x0E, 0x01, 0xC0, 0x38, 0x07, 0x00, 0xFF, 0xFF, 0xFC, 0xF0, 0x38, 0x1C,
    0xE0, 0x70, 0x78, 0xE0, 0xE0, 0xE1, 0xE1, 0xC3, 0x81, 0xC3, 0x8F, 0x01, 0xC7, 0x1C, 0x03, 0xCE,
    0x70, 0x03, 0xFF, 0xE0, 0x03, 0xFF, 0x80, 0x0F, 0xFF, 0x80, 0x3C, 0xE7, 0x00, 0x71, 0xCF, 0x01,
    0xE3, 0x8E, 0x03, 0x87, 0x0E, 0x0E, 0x0E, 0x1E, 0x3C, 0x1C, 0x1C, 0x70, 0x38, 0x1D, 0xC0, 0x70,
    0x3C, 0x06, 0x03, 0xFF, 0x1F, 0xFC, 0xE1, 0xE0, 0x07, 0x80, 0x1C, 0x00, 0xE0, 0x0E, 0x1F, 0xF0,
    0xFE, 0x07, 0xFC, 0x00, 0xF0, 0x03, 0x80, 0x1C, 0x00, 0xE0, 0x07, 0x60, 0x7B, 0xFF, 0x9F, 0xF8,
    0x1E, 0x00, 0xE0, 0x1F, 0xC0, 0x3F, 0x80, 0xFF, 0x03, 0xFE, 0x07, 0xFC, 0x1D, 0xF8, 0x3B, 0xF0,
    0xE7, 0xE3, 0x8F, 0xC7, 0x1F, 0x9C, 0x3F, 0x70, 0x7E, 0xE0, 0xFF, 0x81, 0xFE, 0x03, 0xFC, 0x07,
    0xF0, 0x0F, 0xE0, 0x1C, 0x1C, 0x70, 0x3D, 0xE0, 0x3F, 0x80, 0x3E, 0x00, 0x00, 0x1C, 0x03, 0xF8,
    0x07, 0xF0, 0x1F, 0xE0, 0x7F, 0xC0, 0xFF, 0x83, 0xBF, 0x07, 0x7E, 0x1C, 0xFC, 0x71, 0xF8, 0xE3,
    0xF3, 0x87, 0xEE, 0x0F, 0xDC, 0x1F, 0xF0, 0x3F, 0xC0, 0x7F, 0x80, 0xFE, 0x01, 0xFC, 0x03, 0x80,
    0xE0, 0x3B, 0x81, 0xCE, 0x0F, 0x38, 0x38, 0xE1, 0xC3, 0x8F, 0x0E, 0x38, 0x3F, 0xC0, 0xFF, 0x03,
    0xFC, 0x0E, 0x78, 0x38, 0xF0, 0xE1, 0xC3, 0x87, 0x8E, 0x0E, 0x38, 0x1C, 0xE0, 0x7B, 0x80, 0xE0,
    0x0F, 0xFE, 0x0F, 0xFE, 0x0F, 0xFE, 0x0E, 0x0E, 0x0E, 0x0E, 0x0E, 0x0E, 0x0E, 0x0E, 0x0C, 0x0E,
    0x0C, 0x0E, 0x1C, 0x0E, 0x1C, 0x0E, 0x1C, 0x0E, 0x1C, 0x0E, 0x1C, 0x0E, 0x1C, 0x0E, 0x3C, 0x0E,
    0xF8, 0x0E, 0xF8, 0x0E, 0x60, 0x00, 0xF0, 0x03, 0xFF, 0x00, 0x7F, 0xE0, 0x0F, 0xFC, 0x03, 0xFF,
    0xC0, 0x7F, 0xF8, 0x0D, 0xFB, 0x83, 0xBF, 0x70, 0x77, 0xEE, 0x1C, 0xFC, 0xE3, 0x9F, 0x9C, 0x63,
    0xF3, 0x9C, 0x7E, 0x3B, 0x8F, 0xC7, 0xE1, 0xF8, 0x7C, 0x3F, 0x0F, 0x07, 0xE1, 0xE0, 0xFC, 0x1C,
    0x1C, 0xE0, 0x0F, 0xC0, 0x1F, 0x80, 0x3F, 0x00, 0x7E, 0x00, 0xFC, 0x01, 0xF8, 0x03, 0xFF, 0xFF,
    0xFF, 0xFF, 0xFF, 0xFF, 0x80, 0x3F, 0x00, 0x7E, 0x00, 0xFC, 0x01, 0xF8, 0x03, 0xF0, 0x07, 0xE0,
    0x0F, 0xC0, 0x1C, 0x00, 0x00, 0x07, 0xFC, 0x07, 0xFF, 0x07, 0xC7, 0xC7, 0x80, 0xF3, 0x80, 0x39,
    0xC0, 0x1D, 0xC0, 0x07, 0xE0, 0x03, 0xF0, 0x01, 0xF8, 0x00, 0xFC, 0x00, 0x7E, 0x00, 0x3B, 0x80,
    0x39, 0xC0, 0x1C, 0xF0, 0x1E, 0x3C, 0x1E, 0x0F, 0xFE, 0x03, 0xFE, 0x00, 0x38, 0x00, 0xFF, 0xFF,
    0xFF, 0xFF, 0xFF, 0xF8, 0x07, 0xE0, 0x1F, 0x80, 0x7E, 0x01, 0xF8, 0x07, 0xE0, 0x1F, 0x80, 0x7E,
    0x01, 0xF8, 0x07, 0xE0, 0x1F, 0x80, 0x7E, 0x01, 0xF8, 0x07, 0xE0, 0x1F, 0x80, 0x70, 0xFF, 0x8F,
    0xFE, 0xE3, 0xEE, 0x07, 0xE0, 0x7E, 0x07, 0xE0, 0x7E, 0x07, 0xE1, 0xEF, 0xFE, 0xFF, 0x8E, 0x00,
    0xE0, 0x0E, 0x00, 0xE0, 0x0E, 0x00, 0xE0, 0x0E, 0x00, 0x00, 0x00, 0x1F, 0xF1, 0xFF, 0xCF, 0x87,
    0x38, 0x01, 0xC0, 0x07, 0x00, 0x3C, 0x00, 0xE0, 0x03, 0x80, 0x0E, 0x00, 0x38, 0x00, 0xE0, 0x01,
    0xC0, 0x07, 0x00, 0x1E, 0x00, 0x3E, 0x0C, 0x7F, 0xF0, 0xFF, 0xC0, 0x78, 0xFF, 0xFF, 0xFF, 0xF7,
    0xFF, 0x81, 0xC0, 0x07, 0x00, 0x1C, 0x00, 0x70, 0x01, 0xC0, 0x07, 0x00, 0x1C, 0x00, 0x70, 0x01,
    0xC0, 0x07, 0x00, 0x1C, 0x00, 0x70, 0x01, 0xC0, 0x07, 0x00, 0x1C, 0x00, 0xE0, 0x0F, 0xF0, 0x0E,
    0x70, 0x0E, 0x78, 0x1C, 0x38, 0x1C, 0x3C, 0x38, 0x1C, 0x38, 0x1E, 0x78, 0x0E, 0x70, 0x0F, 0x70,
    0x07, 0xE0, 0x07, 0xE0, 0x03, 0xC0, 0x03, 0xC0, 0x03, 0x80, 0x07, 0x80, 0x3F, 0x00, 0x3E, 0x00,
    0x18, 0x00, 0x00, 0x00, 0x00, 0x1C, 0x00, 0x03, 0x80, 0x07, 0xFE, 0x03, 0xFF, 0xF0, 0xFD, 0xDF,
    0x1C, 0x38, 0xF7, 0x07, 0x0E, 0xE0, 0xE1, 0xDC, 0x1C, 0x3B, 0x83, 0x87, 0x70, 0x70, 0xEE, 0x0E,
    0x1C, 0xE1, 0xC7, 0x9F, 0xBB, 0xE1, 0xFF, 0xF8, 0x0F, 0xFC, 0x00, 0x1C, 0x00, 0x03, 0x80, 0x00,
    0x60, 0x00, 0xF0, 0x1C, 0xE0, 0x38, 0xE0, 0xE1, 0xE3, 0x81, 0xC7, 0x01, 0xDC, 0x03, 0xF0, 0x03,
    0xE0, 0x07, 0x80, 0x0F, 0x80, 0x3F, 0x00, 0x77, 0x01, 0xCE, 0x03, 0x8E, 0x0E, 0x1E, 0x38, 0x1C,
    0x70, 0x1D, 0xC0, 0x3C, 0xE0, 0x1C, 0x70, 0x0E, 0x38, 0x07, 0x1C, 0x03, 0x8E, 0x01, 0xC7, 0x00,
    0xE3, 0x80, 0x71, 0xC0, 0x38, 0xE0, 0x1C, 0x70, 0x0E, 0x38, 0x07, 0x1C, 0x03, 0x8E, 0x01, 0xC7,
    0x00, 0xE3, 0x80, 0x71, 0xC0, 0x38, 0xFF, 0xFF, 0xFF, 0xFF, 0xC0, 0x00, 0xE0, 0x00, 0x70, 0x00,
    0x38, 0x00, 0x1C, 0x60, 0x1F, 0x80, 0x7E, 0x01, 0xF8, 0x07, 0xE0, 0x1F, 0x80, 0x77, 0x01, 0xDC,
    0x07, 0x78, 0x3D, 0xFF, 0xF3, 0xFF, 0xC1, 0xC7, 0x00, 0x1C, 0x00, 0x70, 0x01, 0xC0, 0x07, 0x00,
    0x1C, 0x00, 0x70, 0xE0, 0x70, 0x1F, 0x81, 0xC0, 0x7E, 0x07, 0x01, 0xF8, 0x1C, 0x07, 0xE0, 0x70,
    0x1F, 0x81, 0xC0, 0x7E, 0x07, 0x01, 0xF8, 0x1C, 0x07, 0xE0, 0x70, 0x1F, 0x81, 0xC0, 0x7E, 0x07,
    0x01, 0xF8, 0x1C, 0x07, 0xE0, 0x70, 0x1F, 0x81, 0xC0, 0x7E, 0x07, 0x01, 0xF8, 0x1C, 0x07, 0xFF,
    0xFF, 0xFF, 0xFF, 0xFF, 0xF0, 0xE0, 0x70, 0x38, 0xE0, 0x70, 0x38, 0xE0, 0x70, 0x38, 0xE0, 0x70,
    0x38, 0xE0, 0x70, 0x38, 0xE0, 0x70, 0x38, 0xE0, 0x70, 0x38, 0xE0, 0x70, 0x38, 0xE0, 0x70, 0x38,
    0xE0, 0x70, 0x38, 0xE0, 0x70, 0x38, 0xE0, 0x70, 0x38, 0xE0, 0x70, 0x38, 0xE0, 0x70, 0x38, 0xE0,
    0x70, 0x38, 0xE0, 0x70, 0x38, 0xFF, 0xFF, 0xFF, 0xFF, 0xFF, 0xFF, 0x00, 0x00, 0x07, 0x00, 0x00,
    0x07, 0x00, 0x00, 0x07, 0x00, 0x00, 0x07, 0xFE, 0x00, 0xFE, 0x00, 0x7E, 0x00, 0x0E, 0x00, 0x0E,
    0x00, 0x0E, 0x00, 0x0E, 0x00, 0x0F, 0xF8, 0x0F, 0xFE, 0x0E, 0x3E, 0x0E, 0x07, 0x0E, 0x07, 0x0E,
    0x07, 0x0E, 0x07, 0x0E, 0x07, 0x0E, 0x1E, 0x0F, 0xFE, 0x0F, 0xF8, 0xE0, 0x03, 0xF0, 0x01, 0xF8,
    0x00, 0xFC, 0x00, 0x7E, 0x00, 0x3F, 0x00, 0x1F, 0x80, 0x0F, 0xFF, 0x07, 0xFF, 0xE3, 0xF1, 0xF9,
    0xF8, 0x1C, 0xFC, 0x0E, 0x7E, 0x07, 0x3F, 0x03, 0x9F, 0x81, 0xCF, 0xC3, 0xE7, 0xFF, 0xE3, 0xFF,
    0xC1, 0xC0, 0xE0, 0x0E, 0x00, 0xE0, 0x0E, 0x00, 0xE0, 0x0E, 0x00, 0xE0, 0x0F, 0xF8, 0xFF, 0xEE,
    0x3F, 0xE0, 0x7E, 0x07, 0xE0, 0x7E, 0x07, 0xE0, 0x7E, 0x1F, 0xFF, 0xEF, 0xF8, 0x00, 0x03, 0xFF,
    0x0F, 0xFE, 0x38, 0x7C, 0x00, 0x78, 0x00, 0xE0, 0x03, 0xC0, 0x07, 0x1F, 0xFC, 0xFF, 0xF3, 0xFF,
    0xC0, 0x07, 0x00, 0x1C, 0x00, 0xF0, 0x03, 0x80, 0x1E, 0xC1, 0xF3, 0xFF, 0x8F, 0xFC, 0x07, 0x80,
    0x00, 0x00, 0x03, 0x80, 0xFF, 0x0E, 0x0F, 0xFE, 0x38, 0x7C, 0x7C, 0xE1, 0xC0, 0x7B, 0x8E, 0x00,
    0xEE, 0x38, 0x03, 0xB8, 0xE0, 0x0F, 0xFF, 0x80, 0x1F, 0xFE, 0x00, 0x7F, 0xF8, 0x01, 0xF8, 0xE0,
    0x07, 0xE3, 0x80, 0x1F, 0x8E, 0x00, 0xEE, 0x38, 0x03, 0xB8, 0x70, 0x1E, 0xE1, 0xE0, 0xF3, 0x83,
    0xFF, 0x8E, 0x07, 0xFC, 0x00, 0x03, 0x80, 0x0F, 0xFC, 0x7F, 0xF3, 0xF1, 0xCE, 0x07, 0x78, 0x1D,
    0xC0, 0x73, 0x81, 0xCE, 0x07, 0x3F, 0xFC, 0x7F, 0xF0, 0x7F, 0xC1, 0xC7, 0x0E, 0x1C, 0x78, 0x71,
    0xC1, 0xCE, 0x07, 0x78, 0x1D, 0xC0, 0x70, 0x3F, 0x8F, 0xF9, 0xFF, 0x80, 0x70, 0x0E, 0x01, 0xCF,
    0xFB, 0xFF, 0xF0, 0xFC, 0x1F, 0x83, 0xF0, 0xFF, 0xFE, 0xFE, 0xC7, 0x00, 0x00, 0x30, 0x3F, 0x87,
    0xFC, 0x7F, 0x03, 0x80, 0x38, 0x01, 0x80, 0x1D, 0xFC, 0xFF, 0xF7, 0xC3, 0xBC, 0x1F, 0xC0, 0x7E,
    0x03, 0xF0, 0x1F, 0x80, 0xFC, 0x07, 0x70, 0x7B, 0xC7, 0x8F, 0xF8, 0x3F, 0x80, 0x70, 0x00, 0xFF,
    0x1F, 0xFB, 0xFF, 0xF0, 0x7E, 0x0F, 0xC3, 0xFF, 0xF7, 0xFE, 0xE1, 0xFC, 0x1F, 0x83, 0xF0, 0xFF,
    0xFF, 0xFF, 0x00, 0xFF, 0xFF, 0xFF, 0xFC, 0x0E, 0x07, 0x03, 0x81, 0xC0, 0xE0, 0x70, 0x38, 0x1C,
    0x0E, 0x07, 0x00, 0x0F, 0xF8, 0x3F, 0xF0, 0x7F, 0xE0, 0xE1, 0xC1, 0xC3, 0x83, 0x87, 0x07, 0x0E,
    0x0E, 0x1C, 0x1C, 0x38, 0x30, 0x70, 0xE0, 0xE1, 0xC1, 0xCF, 0xFF, 0xFF, 0xFF, 0xF8, 0x03, 0xF0,
    0x07, 0xE0, 0x0F, 0xC0, 0x0C, 0x0F, 0x83, 0xFC, 0x7F, 0xE7, 0x0E, 0xE0, 0x7E, 0x07, 0xFF, 0xFF,
    0xFF, 0xE0, 0x0E, 0x00, 0xF0, 0x07, 0x82, 0x3F, 0xE1, 0xFE, 0x07, 0x00, 0xE0, 0xE0, 0xEE, 0x1C,
    0x39, 0xE3, 0x8F, 0x1C, 0x71, 0xC1, 0xCE, 0x70, 0x3D, 0xDE, 0x03, 0xFF, 0x80, 0x7F, 0xF0, 0x1E,
    0xEF, 0x03, 0x9C, 0xE0, 0xE3, 0x8E, 0x3C, 0x71, 0xE7, 0x0E, 0x1D, 0xC1, 0xC1, 0xC0, 0x3F, 0x87,
    0xFC, 0x7F, 0xE0, 0x0E, 0x00, 0xE0, 0x1E, 0x3F, 0xC3, 0xFC, 0x01, 0xE0, 0x0E, 0x00, 0xE4, 0x0E,
    0xFF, 0xE7, 0xFC, 0x1E, 0x00, 0xC0, 0xFE, 0x0F, 0xE1, 0xFE, 0x1F, 0xE3, 0xFE, 0x77, 0xE7, 0x7E,
    0xE7, 0xEC, 0x7F, 0xC7, 0xF8, 0x7F, 0x87, 0xF0, 0x7F, 0x07, 0x31, 0xC3, 0x9C, 0x3F, 0x81, 0xF0,
    0x00, 0x0C, 0x0F, 0xE0, 0xFE, 0x1F, 0xE1, 0xFE, 0x3F, 0xE7, 0x7E, 0x77, 0xEE, 0x7E, 0xC7, 0xFC,
    0x7F, 0x87, 0xF8, 0x7F, 0x07, 0xF0, 0x70, 0xE0, 0xEE, 0x1E, 0xE1, 0xCE, 0x38, 0xE7, 0x0E, 0x70,
    0xFE, 0x0F, 0xE0, 0xEF, 0x0E, 0x70, 0xE3, 0x8E, 0x3C, 0xE1, 0xCE, 0x0E, 0x1F, 0xF8, 0xFF, 0xC7,
    0xFE, 0x38, 0x71, 0xC3, 0x8E, 0x1C, 0x70, 0xE3, 0x07, 0x18, 0x38, 0xC1, 0xCE, 0x0E, 0x70, 0x7F,
    0x83, 0xF8, 0x1D, 0x00, 0x00, 0xE0, 0x0E, 0xF0, 0x1E, 0xF0, 0x1E, 0xF8, 0x1E, 0xF8, 0x3E, 0xFC,
    0x36, 0xFC, 0x76, 0xEC, 0x76, 0xEE, 0xE6, 0xEE, 0xE6, 0xE7, 0xC6, 0xE7, 0xC6, 0xE3, 0x86, 0xE3,
    0x86, 0xE0, 0x6E, 0x07, 0xE0, 0x7E, 0x07, 0xE0, 0x7E, 0x07, 0xFF, 0xFF, 0xFF, 0xE0, 0x7E, 0x07,
    0xE0, 0x7E, 0x07, 0xE0, 0x7E, 0x07, 0x0F, 0x81, 0xFF, 0x1F, 0xFC, 0xE0, 0xEE, 0x07, 0xF0, 0x1F,
    0x80, 0xFC, 0x07, 0xE0, 0x3F, 0x01, 0xFC, 0x1E, 0xE1, 0xE3, 0xFE, 0x0F, 0xE0, 0x1C, 0x00, 0xFF,
    0xEF, 0xFE, 0xFF, 0xEE, 0x0E, 0xE0, 0xEE, 0x0E, 0xE0, 0xEE, 0x0E, 0xE0, 0xEE, 0x0E, 0xE0, 0xEE,
    0x0E, 0xE0, 0xEE, 0x0E, 0xCF, 0x8F, 0xFC, 0xFF, 0xEF, 0x0F, 0xE0, 0x7E, 0x07, 0xE0, 0x7E, 0x07,
    0xE0, 0x7E, 0x07, 0xE0, 0x7F, 0x0F, 0xFF, 0xEF, 0xFC, 0xE7, 0x0E, 0x00, 0xE0, 0x0E, 0x00, 0xE0,
    0x0E, 0x00, 0x0F, 0xC7, 0xFD, 0xFF, 0x38, 0x0E, 0x01, 0xC0, 0x38, 0x07, 0x00, 0xE0, 0x1C, 0x03,
    0xC0, 0x3C, 0x07, 0xFC, 0x3F, 0x81, 0xC0, 0xFF, 0xEF, 0xFF, 0xFF, 0xE0, 0xE0, 0x0E, 0x00, 0xE0,
    0x0E, 0x00, 0xE0, 0x0E, 0x00, 0xE0, 0x0E, 0x00, 0xE0, 0x0E, 0x00, 0xE0, 0xE0, 0x3F, 0x01, 0xF8,
    0x1C, 0xE0, 0xE7, 0x07, 0x1C, 0x70, 0xE3, 0x87, 0x38, 0x1D, 0xC0, 0xEE, 0x03, 0xE0, 0x1F, 0x00,
    0xF8, 0x03, 0x80, 0x1C, 0x01, 0xC0, 0x0E, 0x00, 0xF0, 0x3F, 0x01, 0xF0, 0x00, 0x01, 0xC0, 0x00,
    0xE0, 0x00, 0x70, 0x00, 0x38, 0x00, 0x1C, 0x00, 0x3F, 0x80, 0x7F, 0xF0, 0x7F, 0xFC, 0x71, 0xCF,
    0x78, 0xE3, 0xB8, 0x71, 0xDC, 0x38, 0xFE, 0x1C, 0x3F, 0x0E, 0x3F, 0x87, 0x1D, 0xE3, 0x8E, 0x79,
    0xCE, 0x1F, 0xFF, 0x07, 0xFE, 0x00, 0xFC, 0x00, 0x1C, 0x00, 0x0E, 0x00, 0x07, 0x00, 0x03, 0x80,
    0x01, 0xC0, 0x00, 0xE0, 0x73, 0x83, 0x9E, 0x38, 0x73, 0xC1, 0xDC, 0x0F, 0xC0, 0x3E, 0x01, 0xE0,
    0x0F, 0x80, 0xEE, 0x0F, 0x70, 0x71, 0xC7, 0x07, 0x70, 0x3C, 0xE0, 0x63, 0x83, 0x8E, 0x0E, 0x38,
    0x38, 0xE0, 0xE3, 0x83, 0x8E, 0x0E, 0x38, 0x38, 0xE0, 0xE3, 0x83, 0x8E, 0x0E, 0x38, 0x38, 0xFF,
    0xFB, 0xFF, 0xE0, 0x01, 0x80, 0x06, 0x00, 0x18, 0x00, 0x60, 0xE0, 0x7E, 0x07, 0xE0, 0x7E, 0x07,
    0xE0, 0x7E, 0x07, 0xF0, 0x77, 0xFF, 0x7F, 0xF1, 0xF7, 0x00, 0x70, 0x07, 0x00, 0x70, 0x07, 0xC0,
    0xC0, 0xDC, 0x1C, 0x1F, 0x83, 0x83, 0xF0, 0x70, 0x7E, 0x0E, 0x0F, 0xC1, 0xC1, 0xF8, 0x38, 0x3F,
    0x07, 0x07, 0xE0, 0xE0, 0xFC, 0x1C, 0x1F, 0x83, 0x83, 0xF0, 0x70, 0x7F, 0xFF, 0xFF, 0xFF, 0xFF,
    0xC0, 0xE0, 0xC0, 0xC7, 0x07, 0x06, 0x38, 0x38, 0x31, 0xC1, 0xC1, 0x8E, 0x0E, 0x0C, 0x70, 0x70,
    0x63, 0x83, 0x83, 0x1C, 0x1C, 0x18, 0xE0, 0xE0, 0xC7, 0x07, 0x06, 0x38, 0x38, 0x31, 0xC1, 0xC1,
    0x8F, 0xFF, 0xFF, 0xFF, 0xFF, 0xFC, 0x00, 0x00, 0xE0, 0x00, 0x07, 0x00, 0x00, 0x38, 0x00, 0x01,
    0x80, 0xFC, 0x01, 0xFC, 0x03, 0xF8, 0x00, 0x70, 0x00, 0xE0, 0x01, 0xFE, 0x03, 0xFF, 0x07, 0xFE,
    0x0E, 0x1E, 0x1C, 0x1C, 0x38, 0x38, 0x70, 0xE0, 0xFF, 0xC1, 0xFF, 0x00, 0xE0, 0x0F, 0xC0, 0x1F,
    0x80, 0x3F, 0x00, 0x7E, 0x00, 0xFF, 0xE1, 0xFF, 0xF3, 0xFF, 0xE7, 0xE1, 0xEF, 0xC1, 0xDF, 0x83,
    0xBF, 0x0E, 0x7F, 0xFC, 0xFF, 0xF1, 0xC0, 0xE0, 0x1C, 0x03, 0x80, 0x70, 0x0E, 0x01, 0xFE, 0x3F,
    0xF7, 0xFE, 0xE1, 0xFC, 0x1F, 0x83, 0xF0, 0xFF, 0xFD, 0xFF, 0x00, 0x7E, 0x1F, 0xE3, 0xFE, 0x01,
    0xE0, 0x1C, 0x03, 0x9F, 0xF3, 0xFF, 0x01, 0xC0, 0x38, 0x07, 0x41, 0xEF, 0xF9, 0xFE, 0x0E, 0x00,
    0xE0, 0xF8, 0x70, 0xFF, 0x38, 0xFF, 0xDC, 0xE0, 0xEE, 0x70, 0x3F, 0x38, 0x1F, 0xFC, 0x0F, 0xFE,
    0x07, 0xE7, 0x03, 0xF3, 0x81, 0xF9, 0xC0, 0xFC, 0xF0, 0xEE, 0x3F, 0xF7, 0x0F, 0xF0, 0x00, 0xC0,
    0x0F, 0xF9, 0xFF, 0xCF, 0xFE, 0xF0, 0x77, 0x03, 0xB8, 0x1C, 0xF0, 0xE7, 0xFF, 0x0F, 0xF8, 0x71,
    0xC7, 0x0E, 0x78, 0x77, 0x83, 0xB8, 0x1C, 0x18, 0x01, 0xC0, 0x0E, 0x00, 0x70, 0x03, 0x00, 0x00,
    0x0F, 0x83, 0xFC, 0x7F, 0xE7, 0x0E, 0xE0, 0x7E, 0x07, 0xFF, 0xFF, 0xFF, 0xE0, 0x0E, 0x00, 0xF0,
    0x07, 0x82, 0x3F, 0xE1, 0xFE, 0x07, 0x00, 0x00, 0x03, 0x9C, 0x39, 0xC1, 0x88, 0x00, 0x00, 0xF8,
    0x3F, 0xC7, 0xFE, 0x70, 0xEE, 0x07, 0xE0, 0x7F, 0xFF, 0xFF, 0xFE, 0x00, 0xE0, 0x0F, 0x00, 0x78,
    0x23, 0xFE, 0x1F, 0xE0, 0x70, 0x38, 0x00, 0xE0, 0x0F, 0xF8, 0x3F, 0xE0, 0x38, 0x00, 0xE2, 0x03,
    0xFF, 0x0F, 0xFE, 0x3C, 0x38, 0xE0, 0x73, 0x81, 0xCE, 0x07, 0x38, 0x1C, 0xE0, 0x73, 0x81, 0xCE,
    0x07, 0x38, 0x1C, 0xE0, 0x73, 0x81, 0xC0, 0x07, 0x00, 0x1C, 0x00, 0x70, 0x03, 0xC0, 0x7E, 0x01,
    0xF0, 0x03, 0x03, 0x83, 0x83, 0x81, 0x80, 0x03, 0xFF, 0xFF, 0xFF, 0xF0, 0x38, 0x1C, 0x0E, 0x07,
    0x03, 0x81, 0xC0, 0xE0, 0x70, 0x38, 0x1C, 0x00, 0x0F, 0xC7, 0xFD, 0xFF, 0x38, 0x0E, 0x01, 0xC0,
    0x3F, 0xE7, 0xFC, 0xE0, 0x1C, 0x03, 0xC0, 0x3C, 0x07, 0xFC, 0x3F, 0x81, 0xC0, 0x3F, 0x1F, 0xFF,
    0xFB, 0x80, 0xE0, 0x3C, 0x07, 0xE0, 0xFE, 0x07, 0xC0, 0x70, 0x1E, 0x07, 0xFF, 0xBF, 0xC1, 0xC0,
    0x67, 0x76, 0x07, 0x77, 0x77, 0x77, 0x77, 0x77, 0x77, 0x70, 0x6F, 0xFF, 0xD3, 0x00, 0xC3, 0x8E,
    0x38, 0xE3, 0x8E, 0x38, 0xE3, 0x8E, 0x38, 0xE3, 0x80, 0x0C, 0x1C, 0x38, 0x60, 0x01, 0xC3, 0x87,
    0x0E, 0x1C, 0x38, 0x70, 0xE1, 0xC3, 0x87, 0x0E, 0x1C, 0x38, 0x70, 0xE1, 0xC7, 0xFE, 0xF8, 0x1F,
    0xF0, 0x00, 0xFF, 0xC0, 0x07, 0xFE, 0x00, 0x38, 0x70, 0x01, 0xC3, 0x80, 0x0E, 0x1F, 0xE0, 0x70,
    0xFF, 0x83, 0x07, 0xFE, 0x18, 0x38, 0x78, 0xC1, 0xC1, 0xCE, 0x0E, 0x0E, 0x70, 0x70, 0xEF, 0x83,
    0xFF, 0x78, 0x1F, 0xF1, 0x00, 0x00, 0x00, 0xE0, 0x60, 0x0E, 0x0E, 0x00, 0xE0, 0xE0, 0x0E, 0x0E,
    0x00, 0xE0, 0xE0, 0x0F, 0xFF, 0xC0, 0xFF, 0xFF, 0xCF, 0xFF, 0xFE, 0xE0, 0xE0, 0xEE, 0x0E, 0x0E,
    0xE0, 0xE0, 0xEE, 0x0E, 0x1E, 0xE0, 0xFF, 0xEE, 0x0F, 0xF8, 0x38, 0x00, 0xE0, 0x0F, 0xFC, 0x3F,
    0xF0, 0x38, 0x00, 0xE2, 0x03, 0xFF, 0x0F, 0xFE, 0x3C, 0x3C, 0xE0, 0x73, 0x81, 0xCE, 0x07, 0x38,
    0x1C, 0xE0, 0x73, 0x81, 0xCE, 0x07, 0x38, 0x1C, 0xE0, 0x73, 0x81, 0xC0, 0x01, 0x80, 0x38, 0x07,
    0x00, 0xE0, 0x0E, 0x00, 0x00, 0xE0, 0xEE, 0x1E, 0xE1, 0xCE, 0x38, 0xE7, 0x0E, 0x70, 0xFE, 0x0F,
    0xE0, 0xEF, 0x0E, 0x70, 0xE3, 0x8E, 0x3C, 0xE1, 0xCE, 0x0E, 0x18, 0x03, 0xC0, 0x1E, 0x00, 0xE0,
    0x07, 0x00, 0x00, 0xC0, 0xFE, 0x0F, 0xE1, 0xFE, 0x1F, 0xE3, 0xFE, 0x77, 0xE7, 0x7E, 0xE7, 0xEC,
    0x7F, 0xC7, 0xF8, 0x7F, 0x87, 0xF0, 0x7F, 0x07, 0x38, 0xE0, 0xC7, 0x07, 0xF0, 0x1F, 0x00, 0x00,
    0x70, 0x1F, 0x80, 0xFC, 0x0E, 0x70, 0x73, 0x83, 0x8E, 0x38, 0x71, 0xC3, 0x9C, 0x0E, 0xE0, 0x77,
    0x01, 0xF0, 0x0F, 0x80, 0x7C, 0x01, 0xC0, 0x0E, 0x00, 0xE0, 0x07, 0x00, 0x78, 0x1F, 0x80, 0xF8,
    0x00, 0xE0, 0x6E, 0x0E, 0xE0, 0xEE, 0x0E, 0xE0, 0xEE, 0x0E, 0xE0, 0xEE, 0x0E, 0xE0, 0xEE, 0x0E,
    0xE0, 0xEE, 0x0E, 0xFF, 0xEF, 0xFE, 0x0E, 0x00, 0xE0, 0x0E, 0x00, 0xE0, 0xE0, 0x38, 0x0F, 0xC0,
    0x70, 0x1F, 0xC0, 0xE0, 0x3B, 0x81, 0xC0, 0xF7, 0x03, 0x81, 0xCE, 0x07, 0x03, 0x9C, 0x0F, 0x07,
    0x38, 0x3E, 0x0E, 0x38, 0x7C, 0x1C, 0x70, 0xF8, 0x78, 0xE3, 0xB8, 0xE0, 0xE7, 0x71, 0xC1, 0xCC,
    0xF3, 0x83, 0xB8, 0xEE, 0x03, 0xF1, 0xDC, 0x07, 0xC1, 0xF0, 0x07, 0x83, 0xE0, 0x0F, 0x03, 0x80,
    0x0C, 0x02, 0x00, 0xE0, 0xE0, 0x6E, 0x0E, 0x06, 0xE0, 0xE0, 0xEE, 0x0E, 0x0E, 0x70, 0xE0, 0xE7,
    0x07, 0x0E, 0x70, 0xF0, 0xE7, 0x0F, 0x1C, 0x39, 0xF1, 0xC3, 0x9B, 0x98, 0x1B, 0xBB, 0x81, 0xF1,
    0xF0, 0x0F, 0x1F, 0x00, 0xE0, 0xE0, 0x0E, 0x00, 0x0E, 0x00, 0xFF, 0xE0, 0xFF, 0xF0, 0xFF, 0xF0,
    0x0E, 0x00, 0x0E, 0x00, 0x0F, 0xE0, 0x0F, 0xFC, 0x0F, 0xFE, 0x0E, 0x0E, 0x0E, 0x07, 0x0E, 0x07,
    0x0E, 0x07, 0x0E, 0x0F, 0x0E, 0x1E, 0x0F, 0xFE, 0x0F, 0xF8, 0x00, 0x00, 0x38, 0x00, 0x70, 0x07,
    0xFE, 0x0F, 0xFC, 0x1F, 0xF8, 0x07, 0x00, 0x0E, 0x00, 0x1C, 0x00, 0x3F, 0xF0, 0x7F, 0xF0, 0xE0,
    0xF1, 0xC0, 0xE3, 0x81, 0xC7, 0x07, 0x8F, 0xFE, 0x1F, 0xF8, 0x00, 0x00, 0x07, 0x00, 0xFF, 0xB8,
    0x1F, 0xFF, 0xC1, 0xF0, 0xEE, 0x0F, 0x00, 0x70, 0xF0, 0x03, 0x87, 0x00, 0x1C, 0x38, 0x00, 0xFF,
    0xFF, 0xC7, 0xFF, 0xFE, 0x3F, 0xFF, 0xF1, 0xC7, 0x80, 0x0E, 0x1C, 0x00, 0x70, 0xE0, 0x03, 0x87,
    0x80, 0x1C, 0x1C, 0x00, 0xE0, 0xF8, 0x37, 0x03, 0xFF, 0xB8, 0x0F, 0xFC, 0x00, 0x0F, 0x00, 0xE0,
    0x7E, 0xE0, 0xFF, 0xE1, 0xFF, 0xE3, 0x80, 0xE3, 0x80, 0xE3, 0x80, 0xFF, 0xFE, 0xFF, 0xFE, 0xE7,
    0x00, 0xE3, 0x80, 0xE3, 0x80, 0xE3, 0xC1, 0xE1, 0xFF, 0xE0, 0xFF, 0x00, 0x1C, 0x01, 0xC0, 0x00,
    0x78, 0x00, 0x3E, 0x00, 0x0F, 0x80, 0x07, 0x70, 0x01, 0xDC, 0x00, 0xE3, 0x80, 0x3F, 0xE0, 0x0F,
    0xF8, 0x07, 0xFF, 0x01, 0xDD, 0xC0, 0xE7, 0x38, 0x39, 0xCE, 0x1E, 0x73, 0xC7, 0x1C, 0x71, 0xC7,
    0x1C, 0xE1, 0xC3, 0xB8, 0x70, 0xE0, 0x07, 0x80, 0x0F, 0x00, 0x1F, 0x00, 0x7E, 0x00, 0xEE, 0x03,
    0x9C, 0x07, 0xF8, 0x1F, 0xF8, 0x3F, 0xF0, 0x77, 0x71, 0xCE, 0xE3, 0x9D, 0xEE, 0x39, 0xDC, 0x73,
    0x80, 0xE0, 0x1C, 0x03, 0x80, 0x78, 0x0E, 0x03, 0xE0, 0x38, 0x0F, 0xC0, 0xE0, 0x77, 0x03, 0x81,
    0xDC, 0x0E, 0x07, 0x38, 0x3F, 0xFF, 0xE0, 0xFF, 0xFF, 0xC3, 0xFF, 0xFF, 0x0E, 0x1D, 0xDC, 0x38,
    0xF7, 0x38, 0xE3, 0x9C, 0xE3, 0x8E, 0x71, 0xCE, 0x71, 0xC7, 0x39, 0xC7, 0x1E, 0xEF, 0x1C, 0x3B,
    0xB8, 0x70, 0xE0, 0xC0, 0x70, 0x38, 0x3C, 0x0E, 0x0F, 0x83, 0x87, 0xE0, 0xE1, 0xDC, 0x38, 0x67,
    0x0F, 0xFF, 0xE3, 0xFF, 0xF8, 0xE7, 0x7E, 0x39, 0xDD, 0xCE, 0xE7, 0x73, 0xB9, 0xCE, 0xEE, 0x73,
    0xBF, 0x1C, 0x70, 0x3F, 0xFF, 0x8F, 0xFF, 0xE3, 0xFF, 0xF0, 0x70, 0x38, 0x0E, 0x1C, 0x01, 0xCF,
    0x00, 0x7B, 0x80, 0x0F, 0xC0, 0x0F, 0xFC, 0x07, 0xFF, 0x83, 0xCE, 0x70, 0xE3, 0x9C, 0x38, 0xE3,
    0x9C, 0x38, 0xE7, 0x0E, 0x39, 0xC3, 0x8F, 0xE0, 0xE1, 0xF8, 0x38, 0x70, 0x3F, 0xFC, 0x7F, 0xFE,
    0x3F, 0xFC, 0x1C, 0x38, 0x0E, 0x70, 0x07, 0xE0, 0x0F, 0xF0, 0x1F, 0xF8, 0x39, 0x9C, 0x39, 0x9C,
    0x71, 0x8E, 0x71, 0x8E, 0xE1, 0x87, 0xE1, 0x87, 0xE3, 0xFF, 0xF9, 0xC7, 0xFF, 0xF3, 0x87, 0xFF,
    0xE7, 0x0F, 0x03, 0x8E, 0x0F, 0x0E, 0x1C, 0x0E, 0x38, 0x38, 0x0E, 0xE0, 0x7F, 0xFF, 0xC0, 0xFF,
    0xFF, 0xE1, 0xFF, 0xFF, 0xE3, 0x87, 0x39, 0xC7, 0x1E, 0x71, 0xCE, 0x38, 0xE3, 0x9C, 0x71, 0xC7,
    0x38, 0xE3, 0x87, 0x73, 0x87, 0x0E, 0xE7, 0x0E, 0x1D, 0xCE, 0x1C, 0x1C, 0xC7, 0xFF, 0xCE, 0x7F,
    0xFC, 0xE7, 0xFF, 0x8E, 0x38, 0x70, 0xE1, 0xCF, 0x0E, 0x0F, 0xE0, 0xFF, 0xFF, 0x0F, 0xFF, 0xF8,
    0xE7, 0xBB, 0x8E, 0x73, 0x9C, 0xEE, 0x39, 0xCE, 0xE3, 0x8C, 0xEE, 0x38, 0xEF, 0xC3, 0x8E, 0x10,
    0x70, 0x73, 0xC0, 0xFF, 0x03, 0xE0, 0x3F, 0xE1, 0xFF, 0xC7, 0x07, 0x80, 0x0E, 0x00, 0x38, 0x00,
    0xE0, 0x07, 0x87, 0xFC, 0x1F, 0xC0, 0x7F, 0xC0, 0x07, 0x80, 0x0E, 0x00, 0x1C, 0x00, 0x70, 0x03,
    0x80, 0x1E, 0x1F, 0xF1, 0xFF, 0x87, 0xE0, 0x38, 0x00, 0xF9, 0xF1, 0xFF, 0xE3, 0xFF, 0x80, 0x00,
    0x70, 0xE3, 0x9E, 0x1F, 0x83, 0xF8, 0x7F, 0xC7, 0xFE, 0x00, 0xE0, 0x0E, 0x01, 0xE1, 0xFC, 0x1F,
    0xC0, 0x1E, 0x00, 0xE0, 0x06, 0x00, 0xE3, 0xFE, 0x7F, 0xCF, 0xC0, 0xE0, 0x0F, 0xFE, 0x7F, 0xE3,
    0xFE, 0xE1, 0xC3, 0xF0, 0xE1, 0xF8, 0x70, 0xFC, 0x38, 0x7E, 0x1C, 0x3F, 0x0E, 0x1F, 0x87, 0x0F,
    0xC3, 0x8F, 0xE1, 0xC7, 0x78, 0xE3, 0x9E, 0x73, 0xC7, 0xFF, 0xC1, 0xFF, 0xC0, 0x3F, 0x00, 0x07,
    0x00, 0x03, 0x80, 0x01, 0xC0, 0x00, 0xE0, 0x00, 0x01, 0xC0, 0x01, 0xC0, 0x01, 0xC0, 0x01, 0xC0,
    0x01, 0xC0, 0x61, 0xC6, 0x71, 0xC7, 0x71, 0xC7, 0x71, 0xC7, 0x71, 0xC7, 0x71, 0xC7, 0x71, 0xC7,
    0x71, 0xC7, 0x71, 0xC7, 0x71, 0xC7, 0x71, 0xC7, 0x79, 0xDE, 0x3F, 0xFE, 0x1F, 0xF8, 0x03, 0xC0,
    0x01, 0xC0, 0x01, 0xC0, 0x01, 0xC0, 0x01, 0xC0, 0x01, 0xC0, 0x00, 0x00, 0x07, 0xFC, 0x07, 0xFF,
    0x87, 0xC3, 0xC7, 0x80, 0xF3, 0x80, 0x3D, 0xC0, 0x0F, 0xE0, 0x07, 0xE0, 0x03, 0xFF, 0xFF, 0xFF,
    0xFF, 0xFC, 0x00, 0x7F, 0x00, 0x3B, 0x80, 0x1D, 0xC0, 0x1E, 0xF0, 0x0E, 0x3C, 0x1F, 0x0F, 0xFF,
    0x03, 0xFE, 0x00, 0x38, 0x00, 0x0F, 0x81, 0xFF, 0x1F, 0xFC, 0xE0, 0xEE, 0x03, 0xF0, 0x1F, 0xFF,
    0xFF, 0xFF, 0xE0, 0x3F, 0x01, 0xDC, 0x0E, 0xE0, 0xE3, 0xFE, 0x0F, 0xE0, 0x1C, 0x00, 0xE0, 0x07,
    0xF0, 0x07, 0xFC, 0x07, 0x8E, 0x03, 0x87, 0x01, 0xC1, 0xC1, 0xC0, 0xE0, 0xE0, 0x70, 0x70, 0x1C,
    0x70, 0x0E, 0x38, 0x07, 0x1C, 0x01, 0xDC, 0x00, 0xEE, 0x00, 0x77, 0x00, 0x1F, 0x00, 0x0F, 0x80,
    0x03, 0xC0, 0x01, 0xE0, 0x00, 0xE0, 0x1F, 0x80, 0xFE, 0x07, 0x9C, 0x1C, 0x70, 0xE1, 0xC3, 0x83,
    0x8E, 0x0E, 0x70, 0x1D, 0xC0, 0x77, 0x01, 0xD8, 0x03, 0xE0, 0x0F, 0x80, 0x3C, 0x00, 0x31, 0x80,
    0x1D, 0xE0, 0x07, 0x70, 0x01, 0x9C, 0x00, 0x66, 0x00, 0x00, 0x03, 0x80, 0x1F, 0xC0, 0x1F, 0xF0,
    0x1E, 0x38, 0x0E, 0x1C, 0x07, 0x07, 0x07, 0x03, 0x83, 0x81, 0xC1, 0xC0, 0x71, 0xC0, 0x38, 0xE0,
    0x1C, 0x70, 0x07, 0x70, 0x03, 0xB8, 0x01, 0xDC, 0x00, 0x7C, 0x00, 0x3E, 0x00, 0x0F, 0x00, 0x07,
    0x80, 0x62, 0x01, 0xDC, 0x07, 0xB8, 0x0E, 0x70, 0x1C, 0xC0, 0x00, 0x0E, 0x01, 0xF8, 0x0F, 0xE0,
    0x79, 0xC1, 0xC7, 0x0E, 0x1C, 0x38, 0x38, 0xE0, 0xE7, 0x01, 0xDC, 0x07, 0x70, 0x1D, 0x80, 0x3E,
    0x00, 0xF8, 0x03, 0xC0, 0x00, 0x00, 0x00, 0x00, 0x3F, 0xC0, 0x00, 0x01, 0xFF, 0x80, 0x00, 0x0F,
    0x0F, 0x00, 0x00, 0x78, 0x1E, 0x00, 0x01, 0xC0, 0x39, 0x80, 0x67, 0x00, 0x77, 0x03, 0xB8, 0x01,
    0xDC, 0x0E, 0xE0, 0x07, 0x78, 0x3B, 0x80, 0x1C, 0xE1, 0xCE, 0x00, 0x73, 0x87, 0x38, 0x01, 0xC7,
    0x1C, 0xE0, 0x07, 0x1C, 0xE1, 0xC0, 0x1C, 0x73, 0x87, 0x00, 0xE0, 0xEC, 0x1E, 0x03, 0x83, 0xF0,
    0x3C, 0x3C, 0x07, 0xC0, 0x7F, 0xF0, 0x1E, 0x00, 0xFF, 0x00, 0x78, 0x00, 0x70, 0x00, 0xE0, 0x00,
    0x00, 0x07, 0x00, 0x00, 0x00, 0x1C, 0x00, 0x00, 0x00, 0xE0, 0x00, 0x00, 0x1F, 0x80, 0x00, 0x00,
    0x7C, 0x00, 0x0F, 0x83, 0x00, 0xC7, 0xFC, 0x70, 0x39, 0xFF, 0xCE, 0x07, 0x38, 0x39, 0xC0, 0xEE,
    0x03, 0x9C, 0x39, 0xC0, 0x73, 0x87, 0x38, 0x0E, 0x38, 0xE7, 0x01, 0xC7, 0x38, 0xE0, 0x38, 0xE7,
    0x1C, 0x07, 0x0F, 0xC1, 0xC1, 0xE1, 0xF8, 0x3C, 0x38, 0x1F, 0x03, 0xFE, 0x03, 0xC0, 0x3F, 0x80,
    0x78, 0x01, 0xC0, 0x0E, 0x00, 0x00, 0x01, 0xC0, 0x00, 0x00, 0x38, 0x00, 0x00, 0x0E, 0x00, 0x00,
    0x0F, 0xC0, 0x00, 0x01, 0xF0, 0x00, 0x00, 0xC0, 0x00, 0x78, 0x00, 0x7F, 0xC0, 0x7F, 0xF8, 0x3F,
    0xFF, 0x0E, 0x01, 0xE7, 0x00, 0x39, 0xC0, 0x07, 0xF0, 0x01, 0xF8, 0x00, 0x7E, 0x00, 0x1F, 0x80,
    0x07, 0xE0, 0x01, 0xFC, 0x00, 0x77, 0x00, 0x1D, 0xC0, 0x0F, 0x78, 0x07, 0x8F, 0xFB, 0xC1, 0xFF,
    0xE0, 0x1F, 0xF0, 0x01, 0xE0, 0x00, 0x38, 0x00, 0x03, 0x80, 0x1F, 0x80, 0xFF, 0xC3, 0xFF, 0xC7,
    0x33, 0xDE, 0x03, 0xB8, 0x07, 0x70, 0x0E, 0xE0, 0x1D, 0xC0, 0x3B, 0x80, 0x73, 0x80, 0xE7, 0xBB,
    0x87, 0xFF, 0x07, 0xF8, 0x03, 0xC0, 0x03, 0x00, 0x00, 0xF8, 0x00, 0x01, 0xFF, 0x80, 0x01, 0xDF,
    0x80, 0x01, 0xB9, 0x00, 0x00, 0x38, 0x00, 0x00, 0x18, 0x00, 0x00, 0x30, 0x00, 0x00, 0x00, 0x00,
    0x0F, 0xC7, 0xF0, 0x3F, 0xE7, 0xF8, 0x3C, 0x46, 0x3C, 0x78, 0x00, 0x1C, 0x70, 0x00, 0x0E, 0x70,
    0x00, 0x0E, 0xE0, 0x00, 0x0E, 0xE0, 0x00, 0x0E, 0xE0, 0x00, 0x0E, 0xE0, 0x18, 0x0E, 0xE0, 0x38,
    0x0E, 0xE0, 0x38, 0x0E, 0x70, 0x38, 0x0E, 0x70, 0x38, 0x0E, 0x78, 0x38, 0x1C, 0x3C, 0x7C, 0x3C,
    0x3F, 0xFF, 0xF8, 0x0F, 0xEF, 0xF0, 0x03, 0x81, 0xC0, 0x00, 0x00, 0x00, 0x1F, 0x80, 0x00, 0xFF,
    0x80, 0x06, 0xFC, 0x00, 0x0F, 0x00, 0x00, 0x38, 0x00, 0x01, 0xC0, 0x00, 0x1C, 0x00, 0x00, 0x00,
    0x00, 0xF8, 0x7C, 0x0F, 0xE3, 0xF8, 0xFE, 0x1F, 0xC7, 0x00, 0x07, 0x70, 0x00, 0x3B, 0x80, 0x01,
    0xDC, 0x00, 0x0E, 0xE0, 0x70, 0x7F, 0x03, 0x83, 0xB8, 0x1C, 0x1C, 0xE0, 0xE0, 0xE7, 0x8F, 0x0F,
    0x1F, 0xFF, 0xF0, 0x7F, 0x7F, 0x00, 0xC0, 0xE0, 0x00, 0x00, 0x00, 0x07, 0xFF, 0x00, 0x07, 0xFE,
    0x00, 0x08, 0x88, 0x00, 0x00, 0x00, 0x1C, 0x07, 0x01, 0xF8, 0x0E, 0x03, 0xF8, 0x1C, 0x07, 0x70,
    0x38, 0x1E, 0xE0, 0x70, 0x39, 0xC0, 0xE0, 0x73, 0x81, 0xE0, 0xE7, 0x07, 0xC1, 0xC7, 0x0F, 0x83,
    0x8E, 0x1F, 0x0F, 0x1C, 0x77, 0x1C, 0x1C, 0xEE, 0x38, 0x39, 0x9E, 0x70, 0x77, 0x1D, 0xC0, 0x7E,
    0x3B, 0x80, 0xF8, 0x3E, 0x00, 0xF0, 0x7C, 0x01, 0xE0, 0x70, 0x01, 0x80, 0x40, 0x0F, 0xFE, 0x00,
    0x7F, 0xE0, 0x06, 0x44, 0x00, 0x00, 0x00, 0xE0, 0xE0, 0x6E, 0x0E, 0x06, 0xE0, 0xE0, 0xEE, 0x0E,
    0x0E, 0x70, 0xE0, 0xE7, 0x07, 0x0E, 0x70, 0xF0, 0xE7, 0x0F, 0x1C, 0x39, 0xF1, 0xC3, 0x9B, 0x98,
    0x1B, 0xBB, 0x81, 0xF1, 0xF0, 0x0F, 0x1F, 0x00, 0xE0, 0xE0, 0x00, 0x00, 0x0F, 0xF8, 0x7F, 0xF1,
    0xF0, 0xE3, 0x80, 0x0F, 0x00, 0x1C, 0x00, 0x78, 0x00, 0xE0, 0x01, 0xC0, 0x03, 0x80, 0x07, 0x00,
    0x0F, 0x00, 0x0E, 0x00, 0x1C, 0x00, 0x3C, 0x00, 0x3E, 0x00, 0x3F, 0xE0, 0x3F, 0xC0, 0x0F, 0x80,
    0x07, 0x00, 0x0E, 0x00, 0x1C, 0x00, 0x38, 0x00, 0x70, 0x0F, 0xC7, 0xFD, 0xFF, 0x38, 0x0E, 0x01,
    0xC0, 0x38, 0x07, 0x00, 0xE0, 0x1C, 0x03, 0xC0, 0x3C, 0x03, 0xF8, 0x3F, 0x01, 0xE0, 0x0C, 0x01,
    0x80, 0x30, 0x06, 0x00, 0xC0, 0x00, 0x20, 0x03, 0x83, 0x38, 0x3D, 0xC0, 0xFC, 0x01, 0xF0, 0x0F,
    0xE0, 0x67, 0xE7, 0x17, 0xF0, 0x0F, 0x80, 0x3E, 0x01, 0xFC, 0x1C, 0xE0, 0xC0, 0x0E, 0x00, 0x00,
    0x00, 0x01, 0xFF, 0xFF, 0xFF, 0x80, 0x03, 0x0F, 0xFF, 0xFF, 0xC3, 0x6E, 0xEE, 0x70, 0x6F, 0x76,
    0xC0, 0x00, 0x1F, 0x8F, 0xFF, 0x1F, 0x00, 0x07, 0x80, 0x00, 0x00, 0x3F, 0x00, 0x00, 0x00, 0xCC,
    0x00, 0x00, 0x02, 0x10, 0x00, 0x07, 0x00, 0x03, 0x80, 0x3E, 0x00, 0x1F, 0x01, 0xFC, 0x00, 0xFE,
    0x06, 0x30, 0x03, 0x18, 0x00, 0x00, 0x00, 0x00, 0x00, 0x00, 0x00, 0x00, 0x00, 0x00, 0x00, 0x06,
    0x00, 0x00, 0x18, 0x7C, 0x00, 0x01, 0xF9, 0xF8, 0x00, 0x07, 0xE4, 0x60, 0x00, 0x18, 0x80, 0x00,
    0x00, 0x00, 0x00, 0x00, 0x00, 0x00, 0x00, 0x00, 0x00, 0x00, 0x00, 0x00, 0x00, 0x03, 0xE0, 0x01,
    0xF0, 0x1F, 0xC0, 0x0F, 0xC0, 0x63, 0x00, 0x31, 0x80, 0x00, 0x00, 0x00, 0x00, 0x01, 0xE0, 0x00,
    0x00, 0x0F, 0xC0, 0x00, 0x00, 0x63, 0x00, 0x00, 0x00, 0x00, 0x00, 0x00, 0x00, 0x03, 0x00, 0x00,
    0x00, 0x70, 0x00, 0x00, 0x07, 0x00, 0x00, 0x00, 0x60, 0x00, 0x0C, 0x0E, 0x00, 0x00, 0xE0, 0xE0,
    0x38, 0x07, 0x00, 0x0F, 0x80, 0x70, 0x01, 0xE0, 0x03, 0x00, 0x0C, 0x00, 0x20, 0x00, 0x00, 0x00,
    0x00, 0x00, 0x00, 0x00, 0x00, 0x00, 0x80, 0x00, 0x01, 0x0F, 0xC0, 0x00, 0x3C, 0xFC, 0x00, 0x03,
    0xF1, 0xC0, 0x00, 0x0F, 0x00, 0x00, 0x00, 0x00, 0x00, 0x00, 0x00, 0x00, 0x00, 0x00, 0x00, 0x00,
    0x00, 0x40, 0x01, 0x00, 0x0C, 0x00, 0x78, 0x00, 0xE0, 0x0F, 0x82, 0x0E, 0x01, 0xE0, 0x70, 0x70,
    0x00, 0x07, 0x03, 0x00, 0x00, 0x60, 0x20, 0x00, 0x0E, 0x00, 0x00, 0x00, 0xC0, 0x00, 0x00, 0x00,
    0x07, 0x0E, 0x01, 0xC7, 0x00, 0x7F, 0xC0, 0x07, 0xE0, 0x00, 0x00, 0x0E, 0x00, 0xE3, 0x80, 0x78,
    0xE0, 0x3E, 0x38, 0x0F, 0x8E, 0x07, 0xE3, 0x83, 0xF8, 0xE0, 0xEE, 0x38, 0x73, 0x8E, 0x3C, 0xE3,
    0x8E, 0x38, 0xE7, 0x0E, 0x3B, 0xC3, 0x8E, 0xE0, 0xE3, 0xF0, 0x38, 0xFC, 0x0E, 0x3E, 0x03, 0x8F,
    0x00, 0xFB, 0xC0, 0x3E, 0x00, 0x03, 0x80, 0x00, 0xE0, 0x00, 0x70, 0x00, 0x1C, 0x00, 0x07, 0x00,
    0x70, 0xE0, 0x71, 0xC0, 0xFF, 0x80, 0xFC, 0x00, 0x00, 0x18, 0x0E, 0x38, 0x3C, 0x70, 0x78, 0xE1,
    0xF1, 0xC7, 0x63, 0x8E, 0xC7, 0x3B, 0x8E, 0xE7, 0x1D, 0xCE, 0x3F, 0x1C, 0x7C, 0x38, 0xF8, 0x71,
    0xE0, 0xFB, 0xC1, 0xF0, 0x00, 0xE0, 0x01, 0xC0, 0x03, 0x80, 0x0E, 0x00, 0x1C, 0x38, 0x00, 0x70,
    0x03, 0xFE, 0x07, 0xFC, 0x0F, 0xF8, 0x07, 0x00, 0x0E, 0x00, 0x1F, 0xC0, 0x3F, 0xF0, 0x7F, 0xF0,
    0xE0, 0xF1, 0xC0, 0xE3, 0x81, 0xC7, 0x03, 0x8E, 0x07, 0x1C, 0x3E, 0x3F, 0xF8, 0x7F, 0xE0, 0x38,
    0x00, 0xE0, 0x03, 0x80, 0x3F, 0xC0, 0xFF, 0x00, 0xE0, 0x03, 0x80, 0x0E, 0x00, 0x38, 0x00, 0xE0,
    0x03, 0x80, 0x0F, 0xFC, 0x3F, 0xF8, 0xE0, 0xF3, 0x81, 0xCE, 0x07, 0x38, 0x3C, 0xFF, 0xE3, 0xFF,
    0x00, 0xFF, 0x87, 0xFF, 0x38, 0xFD, 0xC0, 0xEE, 0x07, 0x70, 0x3B, 0x89, 0xDC, 0xEE, 0xE3, 0xF7,
    0xFF, 0x3F, 0xF1, 0xC1, 0xCE, 0x06, 0x70, 0x03, 0x80, 0x1C, 0x00, 0xE0, 0x07, 0x00, 0x00, 0xCF,
    0x8F, 0xFC, 0xFF, 0xEF, 0x0F, 0xE0, 0x7E, 0x07, 0xE0, 0x7E, 0x07, 0xE0, 0x7E, 0x37, 0xE3, 0x7F,
    0x3F, 0xFF, 0xEF, 0xFE, 0xE7, 0xEE, 0x06, 0xE0, 0x0E, 0x00, 0xE0, 0x0E, 0x00, 0x00, 0xE0, 0x1C,
    0x03, 0x80, 0x7F, 0xFF, 0xFF, 0xFF, 0xF7, 0x00, 0xE0, 0x1C, 0x03, 0x80, 0x70, 0x0E, 0x01, 0xC0,
    0x38, 0x07, 0x00, 0xE0, 0x1C, 0x03, 0x80, 0x70, 0x0E, 0x01, 0xC0, 0x00, 0x03, 0x01, 0xC0, 0xE0,
    0x7F, 0xFF, 0xFF, 0xFD, 0xC0, 0xE0, 0x70, 0x38, 0x1C, 0x0E, 0x07, 0x03, 0x81, 0xC0, 0xE0, 0x70,
    0x00, 0x3F, 0xF9, 0xFF, 0xCF, 0xFC, 0x70, 0x03, 0x80, 0x1C, 0x00, 0xE0, 0x07, 0x00, 0xFF, 0xC7,
    0xFE, 0x1F, 0xF0, 0x70, 0x03, 0x80, 0x1C, 0x00, 0xE0, 0x07, 0x00, 0x38, 0x01, 0xC0, 0x00, 0x3F,
    0xE7, 0xFC, 0xFF, 0x9C, 0x03, 0x80, 0x70, 0x3F, 0xE7, 0xFC, 0xFF, 0x07, 0x00, 0xE0, 0x1C, 0x03,
    0x80, 0x70, 0x00, 0xFF, 0xE3, 0xFF, 0x8F, 0xFE, 0x38, 0x00, 0xE0, 0x03, 0x80, 0x0E, 0x00, 0x38,
    0x00, 0xFF, 0x83, 0xFF, 0x8F, 0xFF, 0x38, 0x1E, 0xE0, 0x3B, 0x80, 0xEE, 0x03, 0xF8, 0x07, 0xE0,
    0x1F, 0x80, 0x70, 0x03, 0xC0, 0x0E, 0x00, 0x38, 0x43, 0xC1, 0xFF, 0x07, 0xF8, 0x07, 0x00, 0xFF,
    0x9F, 0xF3, 0xFE, 0x70, 0x0E, 0x01, 0xC0, 0x3F, 0x87, 0xFC, 0xFF, 0xDC, 0x3B, 0x83, 0xF0, 0x7E,
    0x0F, 0xC1, 0xC0, 0x38, 0x07, 0x01, 0xE4, 0x78, 0xFE, 0x1F, 0x80, 0x00, 0xF0, 0x70, 0x38, 0xE0,
    0xE0, 0xE0, 0xE1, 0xC3, 0xC1, 0xE3, 0x8F, 0x01, 0xE7, 0x1C, 0x01, 0xCE, 0x70, 0x01, 0xDD, 0xC0,
    0x01, 0xFF, 0x80, 0x03, 0xFE, 0x00, 0x07, 0xFC, 0x00, 0x1F, 0xFC, 0x00, 0x3B, 0xBC, 0x00, 0xE7,
    0x38, 0x03, 0xCE, 0x38, 0x0F, 0x1C, 0x38, 0x1C, 0x38, 0x78, 0x70, 0x70, 0x7F, 0xC0, 0xE0, 0x7C,
    0x00, 0x00, 0x38, 0x00, 0x00, 0x70, 0x00, 0x00, 0xE0, 0x00, 0x01, 0xC0, 0x00, 0x03, 0x00, 0xE0,
    0xE1, 0xC7, 0x0E, 0x1C, 0x38, 0xE3, 0x81, 0xCE, 0x70, 0x1E, 0xEE, 0x00, 0xEF, 0xC0, 0x07, 0xFC,
    0x00, 0x7F, 0x80, 0x0F, 0xFC, 0x01, 0xEE, 0xE0, 0x1C, 0xE7, 0x03, 0x8E, 0x38, 0x70, 0xE3, 0xFE,
    0x0E, 0x1F, 0x00, 0x00, 0x70, 0x00, 0x07, 0x00, 0x00, 0x70, 0x00, 0x07, 0x00, 0x00, 0x70, 0x06,
    0x03, 0xFF, 0x1F, 0xFC, 0xE1, 0xE0, 0x07, 0x80, 0x1C, 0x00, 0xE0, 0x0E, 0x1F, 0xF0, 0xFE, 0x07,
    0xFC, 0x00, 0xF0, 0x03, 0x80, 0x1C, 0x00, 0xE0, 0x07, 0x60, 0x7B, 0xFF, 0x9F, 0xF8, 0x1E, 0x00,
    0x38, 0x00, 0xC0, 0x0E, 0x01, 0xF0, 0x07, 0x00, 0x3F, 0x87, 0xFC, 0x7F, 0xE0, 0x0E, 0x00, 0xE0,
    0x1E, 0x3F, 0xC3, 0xFC, 0x01, 0xE0, 0x0E, 0x00, 0xE4, 0x0E, 0xFF, 0xE7, 0xFC, 0x1E, 0x00, 0x70,
    0x03, 0x00, 0x70, 0x1F, 0x00, 0xE0, 0xE0, 0x39, 0xC0, 0xE3, 0x83, 0x87, 0x0F, 0x0E, 0x3C, 0x1C,
    0xF0, 0x3B, 0xC0, 0x7F, 0x00, 0xFC, 0x01, 0xF8, 0x03, 0xB8, 0x07, 0x78, 0x0E, 0x78, 0x1C, 0x78,
    0x38, 0x78, 0x70, 0x78, 0xE0, 0x7F, 0xC0, 0x7C, 0x00, 0x38, 0x00, 0x70, 0x00, 0xE0, 0x01, 0xC0,
    0x03, 0x80, 0xE0, 0xCE, 0x1C, 0xE3, 0x8E, 0x70, 0xEE, 0x0F, 0xE0, 0xFC, 0x0F, 0xC0, 0xFC, 0x0E,
    0xE0, 0xE7, 0x0E, 0x38, 0xE1, 0xFE, 0x1F, 0x00, 0x70, 0x07, 0x00, 0x70, 0x07, 0x00, 0x70, 0xE0,
    0x3B, 0x81, 0xCE, 0x0E, 0x3B, 0x78, 0xEF, 0xC3, 0xBE, 0x0E, 0xF0, 0x3F, 0x80, 0xFC, 0x03, 0xF0,
    0x0E, 0xE0, 0x3B, 0xC0, 0xEF, 0x83, 0xBF, 0x0E, 0xDE, 0x38, 0x3C, 0xE0, 0x7B, 0x80, 0xE0, 0xE0,
    0xDD, 0xBB, 0xFE, 0x7F, 0x8F, 0xE1, 0xFC, 0x3F, 0x07, 0xE0, 0xFC, 0x1F, 0xC3, 0xFC, 0x7F, 0xCF,
    0xDD, 0xC3, 0xC0, 0x38, 0x0E, 0x38, 0x1C, 0xFE, 0x3C, 0xFE, 0x38, 0xFE, 0x70, 0x38, 0xF0, 0x38,
    0xE0, 0x3F, 0xC0, 0x3F, 0xC0, 0x3F, 0xC0, 0x39, 0xE0, 0x38, 0xF0, 0x38, 0x70, 0x38, 0x78, 0x38,
    0x38, 0x38, 0x1C, 0x38, 0x1E, 0x38, 0x0E, 0x38, 0x01, 0xC0, 0x3F, 0xE1, 0xFF, 0x03, 0x80, 0x1C,
    0x18, 0xE1, 0xC7, 0x1C, 0x39, 0xC1, 0xDC, 0x0F, 0xE0, 0x7E, 0x03, 0xF0, 0x1F, 0x80, 0xEE, 0x07,
    0x38, 0x38, 0xE1, 0xC3, 0x8E, 0x1E, 0xFE, 0x03, 0xBF, 0x81, 0xCF, 0xE0, 0xE0, 0x38, 0x70, 0x0E,
    0x3C, 0x03, 0x9E, 0x00, 0xEF, 0x00, 0x3F, 0x80, 0x0F, 0xC0, 0x03, 0xF0, 0x00, 0xFE, 0x00, 0x3B,
    0xC0, 0x0E, 0x78, 0x03, 0x8F, 0x00, 0xE1, 0xE0, 0x38, 0x3C, 0x0E, 0x07, 0x03, 0x80, 0xE0, 0xFE,
    0x0E, 0xFE, 0x1E, 0xFE, 0x3C, 0x0E, 0x38, 0x0E, 0x70, 0x0E, 0xE0, 0x0F, 0xC0, 0x0F, 0xC0, 0x0E,
    0xE0, 0x0E, 0xF0, 0x0E, 0x78, 0x0E, 0x3C, 0x0E, 0x1E, 0x0E, 0x0F, 0xE0, 0x1C, 0x70, 0x0E, 0x38,
    0x07, 0x1C, 0x03, 0x8E, 0x01, 0xC7, 0x00, 0xE3, 0x80, 0x71, 0xFF, 0xF8, 0xFF, 0xFC, 0x7F, 0xFE,
    0x38, 0x07, 0x1C, 0x03, 0x8E, 0x01, 0xC7, 0x00, 0xE3, 0x80, 0x71, 0xC0, 0x38, 0xE0, 0x1F, 0xF0,
    0x0F, 0xC0, 0x00, 0xE0, 0x00, 0x70, 0x00, 0x38, 0x00, 0x1C, 0x00, 0x0E, 0xE0, 0x73, 0x81, 0xCE,
    0x07, 0x38, 0x1C, 0xE0, 0x73, 0x81, 0xCF, 0xFF, 0x3F, 0xFC, 0xE0, 0x73, 0x81, 0xCE, 0x07, 0x38,
    0x1C, 0xE0, 0x7F, 0x81, 0xF0, 0x01, 0xC0, 0x07, 0x00, 0x1C, 0x00, 0x70, 0x01, 0xC0, 0xE0, 0x1F,
    0xFC, 0x03, 0xFF, 0x80, 0x7F, 0x70, 0x0E, 0x0E, 0x01, 0xC1, 0xC0, 0x38, 0x38, 0x07, 0x07, 0xFF,
    0xE0, 0xFF, 0xFC, 0x1F, 0xFF, 0x83, 0x80, 0x70, 0x70, 0x0E, 0x0E, 0x01, 0xC1, 0xC0, 0x38, 0x38,
    0x07, 0x07, 0x00, 0xE0, 0xE0, 0x1C, 0x1C, 0x03, 0x80, 0xE0, 0x7F, 0x70, 0x3F, 0xB8, 0x1F, 0xDC,
    0x0E, 0x0E, 0x07, 0x07, 0x03, 0x83, 0xFF, 0xC1, 0xFF, 0xE0, 0xE0, 0x70, 0x70, 0x38, 0x38, 0x1C,
    0x1C, 0x0E, 0x0E, 0x07, 0x07, 0x03, 0x80, 0xFF, 0xFC, 0x00, 0xFF, 0xFC, 0x00, 0xFF, 0xFC, 0x00,
    0xE0, 0x1C, 0x00, 0xE0, 0x1C, 0x00, 0xE0, 0x1C, 0x00, 0xE0, 0x1C, 0x00, 0xE0, 0x1C, 0x00, 0xE0,
    0x1F, 0xE0, 0xE0, 0x1F, 0xF8, 0xE0, 0x1F, 0xFC, 0xE0, 0x1C, 0x1E, 0xE0, 0x1C, 0x0E, 0xE0, 0x1C,
    0x0F, 0xE0, 0x1C, 0x07, 0xE0, 0x1C, 0x07, 0xE0, 0x1C, 0x07, 0xE0, 0x1C, 0x07, 0x00, 0x00, 0x07,
    0x00, 0x00, 0x0E, 0x00, 0x00, 0x0E, 0x00, 0x04, 0x3E, 0x00, 0x07, 0xFC, 0x00, 0x07, 0xF8, 0x00,
    0x01, 0xC0, 0xFF, 0xE0, 0x1F, 0xFC, 0x03, 0xFF, 0x80, 0x70, 0x70, 0x0E, 0x0E, 0x01, 0xC1, 0xC0,
    0x38, 0x3F, 0xC7, 0x07, 0xFC, 0xE0, 0xFF, 0xDC, 0x1C, 0x3F, 0x83, 0x83, 0xF0, 0x70, 0x7E, 0x0E,
    0x0F, 0xC1, 0xC1, 0xC0, 0x00, 0x38, 0x00, 0x07, 0x00, 0x00, 0xE0, 0x02, 0x38, 0x00, 0x7F, 0x00,
    0x0F, 0xC0, 0x00, 0x00, 0x00, 0x00, 0x03, 0xF8, 0x01, 0xFE, 0x00, 0xF0, 0x00, 0x78, 0x3C, 0x1C,
    0x1F, 0xC7, 0x0F, 0xF3, 0x83, 0x8E, 0xE0, 0xE3, 0xB8, 0x70, 0xEE, 0x1C, 0x3B, 0x87, 0x0E, 0xE0,
    0xE3, 0x9C, 0x38, 0xE7, 0x0E, 0x79, 0xE3, 0xDC, 0x3C, 0x7E, 0x07, 0xFF, 0x80, 0xFF, 0xFC, 0x07,
    0x3F, 0x00, 0x00, 0x00, 0x0F, 0x00, 0x7E, 0x01, 0xFC, 0x03, 0x87, 0x8E, 0x1F, 0x9C, 0x7F, 0xB8,
    0xE7, 0x71, 0xCE, 0xE3, 0x9D, 0xC7, 0x39, 0xCE, 0xF3, 0xCF, 0xC3, 0xFF, 0x03, 0xFF, 0xC1, 0xCF,
    0x00, 0x00, 0x00, 0x0F, 0xF8, 0x7F, 0xF1, 0xF0, 0xE3, 0x80, 0x0E, 0x00, 0x1C, 0x00, 0x78, 0x00,
    0xE0, 0x01, 0xC0, 0x03, 0x80, 0x07, 0x00, 0x0F, 0x00, 0x0E, 0x00, 0x1C, 0x00, 0x3C, 0x00, 0x3E,
    0x08, 0x3F, 0xF8, 0x3F, 0xF0, 0x0F, 0x00, 0x0C, 0x00, 0x1C, 0x00, 0x38, 0x01, 0xE0, 0x03, 0x80,
    0x0F, 0xC7, 0xF9, 0xFF, 0x38, 0x0E, 0x01, 0xC0, 0x38, 0x07, 0x00, 0xE0, 0x1C, 0x03, 0xC0, 0x3C,
    0x23, 0xFC, 0x3F, 0x81, 0xC0, 0x18, 0x03, 0x80, 0x70, 0x3C, 0x07, 0x00, 0xFF, 0xFF, 0xFF, 0xFF,
    0xFF, 0x81, 0xC0, 0x07, 0x00, 0x1C, 0x00, 0x70, 0x01, 0xC0, 0x07, 0x00, 0x1C, 0x00, 0x70, 0x01,
    0xC0, 0x07, 0x00, 0x1C, 0x00, 0x70, 0x01, 0xC0, 0x07, 0xE0, 0x1F, 0x80, 0x0E, 0x00, 0x38, 0x00,
    0xE0, 0x03, 0x80, 0x0E, 0x00, 0xFF, 0xFF, 0xFF, 0xFF, 0xF0, 0xE0, 0x0E, 0x00, 0xE0, 0x0E, 0x00,
    0xE0, 0x0E, 0x00, 0xE0, 0x0E, 0x00, 0xE0, 0x0F, 0x80, 0xF8, 0x03, 0x80, 0x38, 0x03, 0x80, 0x38,
    0x01, 0x80, 0xE0, 0x1D, 0xE0, 0x39, 0xC0, 0xE3, 0xC1, 0xC3, 0x87, 0x07, 0x9E, 0x07, 0x38, 0x07,
    0xF0, 0x0F, 0xC0, 0x0F, 0x00, 0x1E, 0x00, 0x1C, 0x00, 0x38, 0x00, 0x70, 0x00, 0xE0, 0x01, 0xC0,
    0x03, 0x80, 0x07, 0x00, 0xE0, 0x3F, 0x01, 0xF8, 0x1C, 0xE0, 0xE7, 0x07, 0x1C, 0x70, 0xE3, 0x87,
    0x38, 0x1D, 0xC0, 0xEE, 0x07, 0xE0, 0x1F, 0x00, 0xF0, 0x03, 0x80, 0x1C, 0x00, 0xE0, 0x07, 0x00,
    0x38, 0x01, 0xC0, 0x0E, 0x00, 0xE0, 0x1D, 0xE0, 0x39, 0xC0, 0xE3, 0xC1, 0xC3, 0x87, 0x07, 0x9E,
    0x07, 0x38, 0x07, 0xF0, 0x0F, 0xC0, 0x0F, 0x00, 0x1E, 0x01, 0xFF, 0x83, 0xFF, 0x07, 0xFE, 0x00,
    0xE0, 0x01, 0xC0, 0x03, 0x80, 0x07, 0x00, 0xE0, 0x3F, 0x01, 0xF8, 0x1C, 0xE0, 0xE7, 0x07, 0x1C,
    0x70, 0xE3, 0x87, 0x38, 0x1D, 0xC0, 0xEE, 0x07, 0xE0, 0x1F, 0x00, 0xF0, 0x03, 0x81, 0xFF, 0x87,
    0xFC, 0x07, 0x00, 0x38, 0x01, 0xC0, 0x0E, 0x00, 0xF0, 0x1C, 0x70, 0x3C, 0x38, 0x38, 0x38, 0x70,
    0x1C, 0x70, 0x0E, 0xE0, 0x0F, 0xC0, 0x07, 0xC0, 0x07, 0x80, 0x07, 0xC0, 0x0F, 0xC0, 0x0E, 0xE0,
    0x1C, 0xE0, 0x1C, 0x70, 0x38, 0x78, 0x70, 0x38, 0x70, 0x1F, 0xE0, 0x1F, 0x00, 0x07, 0x00, 0x07,
    0x00, 0x07, 0x00, 0x07, 0x00, 0x07, 0x70, 0x39, 0xC1, 0xC3, 0x8F, 0x0F, 0x38, 0x1D, 0xC0, 0x3F,
    0x00, 0xF8, 0x01, 0xE0, 0x0F, 0x80, 0x77, 0x03, 0xDE, 0x0E, 0x38, 0x70, 0x7F, 0xC0, 0xF0, 0x01,
    0xC0, 0x07, 0x00, 0x1C, 0x00, 0x70, 0x01, 0xC0, 0xFF, 0xFC, 0xE7, 0xFF, 0xE7, 0x3F, 0xFE, 0x38,
    0x0E, 0x01, 0xC0, 0x70, 0x0E, 0x03, 0x80, 0x70, 0x1C, 0x03, 0x80, 0xE0, 0x1C, 0x07, 0x00, 0xE0,
    0x38, 0x07, 0x01, 0xC0, 0x38, 0x0E, 0x01, 0xC0, 0x70, 0x0E, 0x03, 0x80, 0x70, 0x1C, 0x03, 0x80,
    0xE0, 0x1C, 0x07, 0xFF, 0xF8, 0x3F, 0xFF, 0xC0, 0x00, 0x0E, 0x00, 0x00, 0x70, 0x00, 0x03, 0x80,
    0x00, 0x1C, 0x00, 0x00, 0x60, 0xFF, 0xE7, 0x3F, 0xF9, 0xCF, 0xFE, 0x70, 0x38, 0x1C, 0x0E, 0x07,
    0x03, 0x81, 0xC0, 0xE0, 0x70, 0x38, 0x1C, 0x0E, 0x07, 0x03, 0x81, 0xC0, 0xE0, 0x70, 0x38, 0x1C,
    0x0F, 0xFF, 0xC3, 0xFF, 0xF0, 0x00, 0x1C, 0x00, 0x07, 0x00, 0x01, 0xC0, 0x00, 0x70, 0x00, 0x1C,
    0xE0, 0x38, 0xE0, 0x38, 0xE0, 0x38, 0xE0, 0x38, 0xE0, 0x38, 0xE0, 0x38, 0xE0, 0x38, 0xE0, 0x38,
    0xE0, 0x38, 0xFF, 0xF8, 0x7F, 0xF8, 0x3F, 0xB8, 0x00, 0x38, 0x00, 0x38, 0x00, 0x38, 0x00, 0x38,
    0x00, 0x3F, 0x00, 0x3F, 0x00, 0x07, 0x00, 0x07, 0x00, 0x07, 0x00, 0x07, 0x00, 0x06, 0x60, 0x31,
    0xC0, 0x73, 0x80, 0xE7, 0x01, 0xCE, 0x03, 0x9C, 0x07, 0x1C, 0x1E, 0x3F, 0xFC, 0x7F, 0xF8, 0x3E,
    0x70, 0x00, 0xE0, 0x01, 0xC0, 0x03, 0xE0, 0x07, 0xC0, 0x03, 0x80, 0x07, 0x00, 0x0E, 0x00, 0x1C,
    0x00, 0x30, 0xE0, 0x3B, 0x80, 0xEE, 0x03, 0xB8, 0x0E, 0xE0, 0x3B, 0x98, 0xEE, 0x73, 0xB9, 0xCE,
    0xE7, 0x3B, 0xFF, 0xE7, 0xFF, 0x8F, 0xFE, 0x07, 0x38, 0x1C, 0xE0, 0x73, 0x81, 0x8E, 0x00, 0x38,
    0x00, 0xE0, 0x60, 0x3E, 0x07, 0xE0, 0x7E, 0x07, 0xE6, 0x7E, 0x67, 0x76, 0x77, 0xFF, 0x7F, 0xF1,
    0xF7, 0x06, 0x70, 0x67, 0x06, 0x70, 0x07, 0xE0, 0x03, 0x80, 0x0E, 0x00, 0x38, 0x00, 0xE0, 0x03,
    0x80, 0x0E, 0x7E, 0x3F, 0xFE, 0xFF, 0xFB, 0x80, 0xFE, 0x01, 0xF8, 0x07, 0xE0, 0x1F, 0x80, 0x7E,
    0x01, 0xF8, 0x07, 0xE0, 0x1F, 0x80, 0x70, 0xE0, 0x0E, 0x00, 0xE0, 0x0E, 0x00, 0xE0, 0x0E, 0xF8,
    0xFF, 0xEF, 0xFE, 0xF0, 0xFE, 0x07, 0xE0, 0x7E, 0x07, 0xE0, 0x7E, 0x07, 0xE0, 0x7E, 0x07, 0xE0,
    0x7E, 0x07, 0xE0, 0x70, 0x00, 0x00, 0x00, 0x0F, 0xF0, 0x01, 0xFF, 0xC0, 0x3E, 0x3E, 0x07, 0x80,
    0xE0, 0x70, 0x0E, 0x67, 0x00, 0x7E, 0xE0, 0x07, 0xFE, 0x00, 0x77, 0xFF, 0xFF, 0x7F, 0xFF, 0xF0,
    0xE0, 0x00, 0x0E, 0x00, 0x00, 0xF0, 0x00, 0x07, 0x00, 0x00, 0x78, 0x00, 0x03, 0xC0, 0xE0, 0x1F,
    0xFE, 0x00, 0xFF, 0xE0, 0x01, 0xE0, 0x01, 0xF0, 0x03, 0xFC, 0x07, 0xFE, 0x6E, 0x0E, 0xEE, 0x0E,
    0xEE, 0x07, 0x7F, 0xFF, 0x7F, 0xFF, 0x0E, 0x00, 0x0E, 0x00, 0x0E, 0x00, 0x0F, 0x02, 0x07, 0xFE,
    0x03, 0xFE, 0x00, 0x70, 0x00, 0x00, 0x00, 0x0F, 0xF8, 0x01, 0xFF, 0xC0, 0x3E, 0x3E, 0x07, 0x80,
    0xE0, 0x70, 0x0E, 0x67, 0x00, 0x7E, 0xE0, 0x07, 0xFE, 0x00, 0x77, 0xFF, 0xFF, 0x7F, 0xFF, 0xF0,
    0xE0, 0x00, 0x0E, 0x00, 0x00, 0xF0, 0x00, 0x07, 0x00, 0x00, 0x78, 0x00, 0x03, 0xC0, 0xE0, 0x1F,
    0xFE, 0x00, 0xFF, 0xE0, 0x01, 0xE0, 0x00, 0x1C, 0x00, 0x01, 0xC0, 0x00, 0x1C, 0x00, 0x01, 0xC0,
    0x01, 0xF0, 0x03, 0xFC, 0x07, 0xFE, 0x6E, 0x0E, 0xEE, 0x0E, 0xEE, 0x07, 0x7F, 0xFF, 0x7F, 0xFF,
    0x0E, 0x00, 0x0E, 0x00, 0x0E, 0x00, 0x0F, 0x02, 0x07, 0xFE, 0x03, 0xFE, 0x00, 0xF0, 0x00, 0xE0,
    0x00, 0xE0, 0x00, 0xE0, 0x00, 0x60, 0xFF, 0xFC, 0xE1, 0xC3, 0x87, 0x0E, 0x1C, 0x38, 0x70, 0xE1,
    0xC3, 0x87, 0x0E, 0x1C, 0xFF, 0xFC, 0x01, 0xC6, 0x00, 0x03, 0x9C, 0x00, 0x03, 0xF8, 0x00, 0x03,
    0xE0, 0x00, 0x00, 0x00, 0x1E, 0x07, 0x03, 0x9C, 0x0E, 0x0F, 0x1C, 0x1C, 0x1C, 0x3C, 0x38, 0x70,
    0x38, 0x71, 0xE0, 0x38, 0xE3, 0x80, 0x79, 0xCE, 0x00, 0x7F, 0xFC, 0x00, 0x7F, 0xF0, 0x01, 0xFF,
    0xF0, 0x07, 0x9C, 0xE0, 0x0E, 0x39, 0xE0, 0x3C, 0x71, 0xC0, 0x70, 0xE1, 0xC1, 0xC1, 0xC3, 0xC7,
    0x83, 0x83, 0x8E, 0x07, 0x03, 0xB8, 0x0E, 0x07, 0x80, 0x07, 0x1C, 0x00, 0x63, 0x80, 0x0F, 0xE0,
    0x00, 0xF8, 0x00, 0x00, 0x01, 0xC1, 0xC1, 0xDC, 0x38, 0x73, 0xC7, 0x1E, 0x38, 0xE3, 0x83, 0x9C,
    0xE0, 0x7B, 0xBC, 0x07, 0xFF, 0x00, 0xFF, 0xE0, 0x3D, 0xDE, 0x07, 0x39, 0xC1, 0xC7, 0x1C, 0x78,
    0xE3, 0xCE, 0x1C, 0x3B, 0x83, 0x83, 0x80, 0xE0, 0x39, 0xC0, 0xE3, 0x83, 0x87, 0x0F, 0x0E, 0x3C,
    0x1C, 0xF0, 0x3B, 0xC0, 0x7F, 0x00, 0xFF, 0x81, 0xFF, 0xC3, 0xFF, 0xC7, 0x03, 0xCE, 0x03, 0xDC,
    0x03, 0xB8, 0x07, 0x70, 0x0E, 0xE0, 0x1D, 0xC0, 0x38, 0x00, 0x70, 0x00, 0xE0, 0x03, 0xC0, 0x0F,
    0x07, 0xFC, 0x07, 0xF0, 0x03, 0x80, 0xC0, 0xEE, 0x1C, 0xE3, 0x8E, 0x70, 0xEE, 0x0F, 0xC0, 0xFE,
    0x0F, 0xF8, 0xFF, 0xCE, 0x1E, 0xE0, 0xEE, 0x0E, 0xE0, 0x6E, 0x07, 0x00, 0x60, 0x0E, 0x00, 0xE1,
    0x1E, 0x3F, 0xC1, 0xF8, 0x00, 0x00, 0x07, 0xFF, 0x01, 0xFF, 0xC0, 0x7F, 0xF0, 0x1C, 0x1C, 0x06,
    0x07, 0x03, 0x81, 0xC0, 0xE0, 0x70, 0x38, 0x1C, 0x0E, 0x07, 0x03, 0x81, 0xC0, 0xE0, 0x70, 0x70,
    0x1C, 0x1C, 0x07, 0x07, 0x01, 0xC1, 0xC0, 0x70, 0xF0, 0x1C, 0xF8, 0x07, 0xFC, 0x01, 0xF6, 0x00,
    0x18, 0x00, 0x0E, 0x00, 0x03, 0x80, 0x01, 0xE0, 0x00, 0x70, 0x0F, 0xF0, 0x1F, 0xF0, 0x3F, 0xE0,
    0x61, 0xC1, 0xC3, 0x83, 0x87, 0x07, 0x0E, 0x0E, 0x1C, 0x1C, 0x38, 0x38, 0x70, 0xE0, 0xE1, 0xC1,
    0xCF, 0x03, 0xFE, 0x07, 0xD0, 0x03, 0x00, 0x0E, 0x00, 0x1C, 0x00, 0x38, 0x00, 0x60, 0xE0, 0x1D,
    0xC0, 0x3B, 0x80, 0x77, 0x00, 0xEE, 0x01, 0xDC, 0x03, 0xB8, 0x07, 0x7F, 0xFE, 0xFF, 0xFD, 0xFF,
    0xFB, 0x80, 0x77, 0x00, 0xEE, 0x01, 0xDC, 0x03, 0xB8, 0x07, 0x70, 0x0E, 0xE0, 0x1D, 0xC0, 0x38,
    0x00, 0x70, 0x00, 0xE0, 0x03, 0xC1, 0x0F, 0x03, 0xFE, 0x07, 0xF0, 0x03, 0x80, 0xE0, 0x7E, 0x07,
    0xE0, 0x7E, 0x07, 0xE0, 0x7E, 0x07, 0xFF, 0xFF, 0xFF, 0xE0, 0x7E, 0x07, 0xE0, 0x7E, 0x07, 0xE0,
    0x7E, 0x07, 0x00, 0x70, 0x07, 0x00, 0x70, 0x8E, 0x0F, 0xE0, 0xFC, 0x00, 0x00, 0xE0, 0x1C, 0x70,
    0x0E, 0x38, 0x07, 0x1C, 0x03, 0x8E, 0x01, 0xC7, 0x00, 0xE3, 0x80, 0x71, 0xFF, 0xF8, 0xFF, 0xFC,
    0x7F, 0xFE, 0x38, 0x07, 0x1C, 0x03, 0x8E, 0x01, 0xC7, 0x00, 0xE3, 0x80, 0x71, 0xC0, 0x38, 0xE0,
    0x1F, 0xF0, 0x0F, 0x80, 0x01, 0xC0, 0x00, 0xE0, 0x00, 0x70, 0x00, 0x70, 0x00, 0x38, 0xE0, 0x71,
    0xC0, 0xE3, 0x81, 0xC7, 0x03, 0x8E, 0x07, 0x1C, 0x0E, 0x3F, 0xFC, 0x7F, 0xF8, 0xE0, 0x71, 0xC0,
    0xE3, 0x81, 0xC7, 0x03, 0x8E, 0x07, 0xDC, 0x0F, 0x80, 0x07, 0x00, 0x0E, 0x00, 0x18, 0x00, 0x70,
    0x00, 0xE0, 0xE0, 0x3B, 0x80, 0xEE, 0x03, 0xB8, 0x0E, 0xE0, 0x3B, 0x80, 0xEE, 0x03, 0xB8, 0x0E,
    0xE0, 0x3B, 0xFF, 0xE7, 0xFF, 0x8F, 0xEE, 0x00, 0x38, 0x00, 0xE0, 0x03, 0x80, 0x0E, 0x00, 0xF8,
    0x03, 0xE0, 0x0E, 0x00, 0x38, 0x00, 0xE0, 0x03, 0x80, 0x0E, 0x00, 0x60, 0x37, 0x01, 0xF8, 0x0F,
    0xC0, 0x7E, 0x03, 0xF0, 0x1D, 0xC1, 0xEF, 0xFF, 0x7F, 0xF8, 0xF9, 0xC0, 0x0E, 0x00, 0x70, 0x0F,
    0x80, 0x7C, 0x03, 0x80, 0x1C, 0x00, 0xE0, 0x07, 0x00, 0x38, 0xF0, 0x03, 0xE7, 0xC0, 0x1F, 0x3E,
    0x00, 0xF9, 0xF0, 0x0F, 0xCF, 0xC0, 0x7E, 0x7E, 0x03, 0x73, 0xB8, 0x3B, 0x9D, 0xC1, 0xDC, 0xEE,
    0x1C, 0xE7, 0x38, 0xE7, 0x39, 0xC6, 0x39, 0xCE, 0x71, 0xCE, 0x3B, 0x8E, 0x71, 0xF8, 0x73, 0x87,
    0xC3, 0x9C, 0x3C, 0x1C, 0xE1, 0xE0, 0xFF, 0x07, 0x07, 0xC0, 0x00, 0x0C, 0x00, 0x00, 0xE0, 0x00,
    0x07, 0x00, 0x00, 0x78, 0x00, 0x03, 0x80, 0xE0, 0x1E, 0x78, 0x0F, 0x3C, 0x0F, 0x9F, 0x07, 0xCF,
    0x83, 0xE7, 0xC3, 0xF3, 0x71, 0xF9, 0xB9, 0xDC, 0xCE, 0xEE, 0x67, 0x67, 0x31, 0xF3, 0x98, 0xF9,
    0xCC, 0x78, 0xFE, 0x1C, 0x7C, 0x00, 0x0E, 0x00, 0x06, 0x00, 0x07, 0x00, 0x03, 0x80, 0x01, 0xC0,
    0xFF, 0xFC, 0xE1, 0xC3, 0x87, 0x0E, 0x1C, 0x38, 0x70, 0xE1, 0xC3, 0x87, 0x0E, 0x1C, 0xFF, 0xFC,
    0x0C, 0x70, 0x0E, 0x70, 0x0F, 0xE0, 0x03, 0xC0, 0x00, 0x00, 0x03, 0xC0, 0x03, 0xC0, 0x03, 0xC0,
    0x07, 0xE0, 0x07, 0xE0, 0x0E, 0x60, 0x0E, 0x70, 0x0E, 0x70, 0x1C, 0x38, 0x1C, 0x38, 0x1F, 0xF8,
    0x3F, 0xFC, 0x3F, 0xFC, 0x70, 0x1E, 0x70, 0x0E, 0x70, 0x0E, 0xE0, 0x07, 0xE0, 0x07, 0x38, 0xC7,
    0x38, 0x7F, 0x07, 0xC0, 0x00, 0x3F, 0x1F, 0xF1, 0xFF, 0x00, 0xE0, 0x1C, 0x03, 0x9F, 0xF7, 0xFF,
    0xE1, 0xF8, 0x3F, 0x07, 0xE1, 0xFF, 0xFD, 0xFD, 0x8E, 0x00, 0x04, 0x20, 0x0E, 0x70, 0x0E, 0x70,
    0x04, 0x20, 0x00, 0x00, 0x03, 0xC0, 0x03, 0xC0, 0x03, 0xC0, 0x07, 0xE0, 0x07, 0xE0, 0x0E, 0x60,
    0x0E, 0x70, 0x0E, 0x70, 0x1C, 0x38, 0x1C, 0x38, 0x1F, 0xF8, 0x3F, 0xFC, 0x3F, 0xFC, 0x70, 0x1E,
    0x70, 0x0E, 0x70, 0x0E, 0xE0, 0x07, 0xE0, 0x07, 0x10, 0x87, 0x38, 0xE7, 0x08, 0x40, 0x00, 0x3F,
    0x1F, 0xF1, 0xFF, 0x00, 0xE0, 0x1C, 0x03, 0x9F, 0xF7, 0xFF, 0xE1, 0xF8, 0x3F, 0x07, 0xE1, 0xFF,
    0xFD, 0xFD, 0x8E, 0x00, 0x00, 0x7F, 0xFC, 0x03, 0xFF, 0xF0, 0x0F, 0xFF, 0x80, 0x7B, 0x80, 0x01,
    0xCE, 0x00, 0x07, 0x38, 0x00, 0x38, 0xE0, 0x00, 0xE3, 0xFE, 0x07, 0x0F, 0xF8, 0x1C, 0x3F, 0xE0,
    0xFF, 0xE0, 0x03, 0xFF, 0x80, 0x1F, 0xFE, 0x00, 0x70, 0x38, 0x03, 0x80, 0xE0, 0x0E, 0x03, 0x80,
    0x70, 0x0F, 0xFD, 0xC0, 0x3F, 0xF0, 0x1F, 0x0F, 0x87, 0xFF, 0xFC, 0x7F, 0xFF, 0xE0, 0x0F, 0x0E,
    0x00, 0xE0, 0xE0, 0x0E, 0x07, 0x3F, 0xFF, 0xF7, 0xFF, 0xFF, 0xF0, 0xE0, 0x0E, 0x0E, 0x00, 0xE0,
    0xF0, 0x0E, 0x1F, 0x82, 0xFF, 0xBF, 0xE7, 0xF1, 0xFE, 0x1C, 0x07, 0x00, 0x31, 0xC7, 0x38, 0xFE,
    0x0F, 0x80, 0x01, 0xFF, 0xFF, 0xFF, 0xFE, 0xE0, 0x1C, 0x03, 0x80, 0x70, 0x0F, 0xFD, 0xFF, 0xBF,
    0xF7, 0x00, 0xE0, 0x1C, 0x03, 0x80, 0x70, 0x0E, 0x01, 0xFF, 0xFF, 0xF8, 0x38, 0xC3, 0x9C, 0x1F,
    0xC0, 0xF8, 0x00, 0x00, 0xF8, 0x3F, 0xC7, 0xFE, 0x70, 0xFE, 0x07, 0xE0, 0x7F, 0xFF, 0xFF, 0xFE,
    0x00, 0xE0, 0x07, 0x00, 0x78, 0x23, 0xFF, 0x1F, 0xE0, 0x78, 0x00, 0x00, 0x3F, 0xF0, 0x7F, 0xF8,
    0x70, 0x7C, 0x00, 0x1E, 0x00, 0x0E, 0x00, 0x07, 0x00, 0x07, 0x00, 0x07, 0xFF, 0xFF, 0xFF, 0xFF,
    0xFF, 0xFF, 0xE0, 0x07, 0xE0, 0x07, 0x70, 0x0F, 0x70, 0x0E, 0x3C, 0x3C, 0x3F, 0xFC, 0x0F, 0xF0,
    0x03, 0x80, 0x3F, 0x07, 0xFC, 0xFF, 0xE0, 0x0E, 0x00, 0x70, 0x07, 0x7F, 0xFF, 0xFF, 0xFF, 0xFE,
    0x07, 0xE0, 0x77, 0x0E, 0x7F, 0xC3, 0xF8, 0x06, 0x00, 0x04, 0x20, 0x0E, 0x70, 0x0E, 0x60, 0x04,
    0x00, 0x00, 0x00, 0x3F, 0xF0, 0x7F, 0xF8, 0x70, 0x7C, 0x00, 0x1E, 0x00, 0x0E, 0x00, 0x07, 0x00,
    0x07, 0x00, 0x07, 0xFF, 0xFF, 0xFF, 0xFF, 0xFF, 0xFF, 0xE0, 0x07, 0xE0, 0x07, 0x70, 0x0F, 0x70,
    0x0E, 0x3C, 0x3C, 0x3F, 0xFC, 0x0F, 0xF0, 0x03, 0x80, 0x10, 0x83, 0x9C, 0x39, 0xC1, 0x08, 0x00,
    0x03, 0xF0, 0x7F, 0xCF, 0xFE, 0x00, 0xE0, 0x07, 0x00, 0x77, 0xFF, 0xFF, 0xFF, 0xFF, 0xE0, 0x7E,
    0x07, 0x70, 0xE7, 0xFC, 0x3F, 0x80, 0x60, 0x00, 0x84, 0x00, 0x03, 0x9C, 0x00, 0x07, 0x38, 0x00,
    0x00, 0x20, 0x00, 0x00, 0x00, 0x1E, 0x07, 0x03, 0x9C, 0x0E, 0x0F, 0x1C, 0x1C, 0x1C, 0x3C, 0x38,
    0x70, 0x38, 0x71, 0xE0, 0x38, 0xE3, 0x80, 0x79, 0xCE, 0x00, 0x7F, 0xFC, 0x00, 0x7F, 0xF0, 0x01,
    0xFF, 0xF0, 0x07, 0x9C, 0xE0, 0x0E, 0x39, 0xE0, 0x3C, 0x71, 0xC0, 0x70, 0xE1, 0xC1, 0xC1, 0xC3,
    0xC7, 0x83, 0x83, 0x8E, 0x07, 0x03, 0xB8, 0x0E, 0x07, 0x80, 0x01, 0x10, 0x00, 0x77, 0x00, 0x0E,
    0xE0, 0x00, 0x88, 0x00, 0x00, 0x01, 0xC1, 0xC1, 0xDC, 0x38, 0x73, 0xC7, 0x1E, 0x38, 0xE3, 0x83,
    0x9C, 0xE0, 0x7B, 0xBC, 0x07, 0xFF, 0x00, 0xFF, 0xE0, 0x3D, 0xDE, 0x07, 0x39, 0xC1, 0xC7, 0x1C,
    0x78, 0xE3, 0xCE, 0x1C, 0x3B, 0x83, 0x83, 0x80, 0x08, 0x80, 0xEE, 0x07, 0x70, 0x01, 0x00, 0x60,
    0x3F, 0xF1, 0xFF, 0xCE, 0x1E, 0x00, 0x78, 0x01, 0xC0, 0x0E, 0x00, 0xE1, 0xFF, 0x0F, 0xE0, 0x7F,
    0xC0, 0x0F, 0x00, 0x38, 0x01, 0xC0, 0x0E, 0x00, 0x76, 0x07, 0xBF, 0xF9, 0xFF, 0x81, 0xE0, 0x10,
    0x83, 0x9C, 0x39, 0xC1, 0x08, 0x00, 0x03, 0xF8, 0x7F, 0xC7, 0xFE, 0x00, 0xE0, 0x0E, 0x01, 0xE3,
    0xFC, 0x3F, 0xC0, 0x1E, 0x00, 0xE0, 0x0E, 0x40, 0xEF, 0xFE, 0x7F, 0xC1, 0xE0, 0x7F, 0xF9, 0xFF,
    0xE3, 0xFF, 0x00, 0x38, 0x01, 0xC0, 0x0E, 0x00, 0x70, 0x03, 0x80, 0x1F, 0xE0, 0x7F, 0xC0, 0x07,
    0x80, 0x0E, 0x00, 0x3C, 0x00, 0xF0, 0x03, 0x98, 0x1E, 0xFF, 0xF1, 0xFF, 0x80, 0xF0, 0x00, 0x7F,
    0xEF, 0xFE, 0xFF, 0xE0, 0x1C, 0x03, 0x80, 0x70, 0x0F, 0x01, 0xE0, 0x1F, 0x03, 0xFC, 0x07, 0xE0,
    0x0E, 0x00, 0x70, 0x07, 0x00, 0x70, 0x07, 0x00, 0xEE, 0x1E, 0xFF, 0xCF, 0xF8, 0x1F, 0xF0, 0x3F,
    0xE0, 0x00, 0x07, 0x00, 0xFE, 0x01, 0xFC, 0x07, 0xF8, 0x1F, 0xF0, 0x3F, 0xE0, 0xEF, 0xC1, 0xDF,
    0x87, 0x3F, 0x1C, 0x7E, 0x38, 0xFC, 0xE1, 0xFB, 0x83, 0xF7, 0x07, 0xFC, 0x0F, 0xF0, 0x1F, 0xE0,
    0x3F, 0x80, 0x7F, 0x00, 0xE0, 0x3F, 0xC3, 0xFC, 0x00, 0x0C, 0x0F, 0xE0, 0xFE, 0x1F, 0xE1, 0xFE,
    0x3F, 0xE7, 0x7E, 0x77, 0xEE, 0x7E, 0xC7, 0xFC, 0x7F, 0x87, 0xF8, 0x7F, 0x07, 0xF0, 0x70, 0x04,
    0x40, 0x1D, 0xC0, 0x3B, 0x80, 0x22, 0x00, 0x00, 0x1C, 0x03, 0xF8, 0x07, 0xF0, 0x1F, 0xE0, 0x7F,
    0xC0, 0xFF, 0x83, 0xBF, 0x07, 0x7E, 0x1C, 0xFC, 0x71, 0xF8, 0xE3, 0xF3, 0x87, 0xEE, 0x0F, 0xDC,
    0x1F, 0xF0, 0x3F, 0xC0, 0x7F, 0x80, 0xFE, 0x01, 0xFC, 0x03, 0x80, 0x10, 0x83, 0x9C, 0x39, 0xC1,
    0x08, 0x00, 0x0C, 0x0F, 0xE0, 0xFE, 0x1F, 0xE1, 0xFE, 0x3F, 0xE7, 0x7E, 0x77, 0xEE, 0x7E, 0xC7,
    0xFC, 0x7F, 0x87, 0xF8, 0x7F, 0x07, 0xF0, 0x70, 0x02, 0x10, 0x03, 0x9C, 0x01, 0xCE, 0x00, 0x42,
    0x00, 0x00, 0x00, 0x7F, 0xC0, 0x7F, 0xF8, 0x7C, 0x3C, 0x78, 0x07, 0x38, 0x03, 0xDC, 0x00, 0xFE,
    0x00, 0x7E, 0x00, 0x3F, 0x00, 0x1F, 0x80, 0x0F, 0xC0, 0x07, 0xF0, 0x03, 0xB8, 0x01, 0xDC, 0x01,
    0xEF, 0x00, 0xE3, 0xC1, 0xF0, 0xFF, 0xF0, 0x3F, 0xE0, 0x03, 0x80, 0x08, 0x80, 0xEE, 0x07, 0x70,
    0x11, 0x00, 0x00, 0x07, 0xC0, 0xFF, 0x8F, 0xFE, 0x70, 0x77, 0x01, 0xF8, 0x0F, 0xC0, 0x7E, 0x03,
    0xF0, 0x1F, 0x80, 0xEE, 0x0F, 0x78, 0x71, 0xFF, 0x07, 0xF0, 0x0E, 0x00, 0x00, 0x00, 0x07, 0xFC,
    0x07, 0xFF, 0x87, 0xC3, 0xC7, 0x80, 0xF3, 0x80, 0x3D, 0xC0, 0x0F, 0xE0, 0x07, 0xE0, 0x03, 0xFF,
    0xFF, 0xFF, 0xFF, 0xFC, 0x00, 0x7F, 0x00, 0x3B, 0x80, 0x1D, 0xC0, 0x1E, 0xF0, 0x0E, 0x3C, 0x1F,
    0x0F, 0xFF, 0x03, 0xFE, 0x00, 0x38, 0x00, 0x0F, 0x81, 0xFF, 0x1F, 0xFC, 0xE0, 0xEE, 0x03, 0xF0,
    0x1F, 0xFF, 0xFF, 0xFF, 0xE0, 0x3F, 0x01, 0xDC, 0x0E, 0xE0, 0xE3, 0xFE, 0x0F, 0xE0, 0x1C, 0x00,
    0x02, 0x10, 0x03, 0x9C, 0x01, 0xCE, 0x00, 0x42, 0x00, 0x00, 0x00, 0x7F, 0xC0, 0x7F, 0xF8, 0x7C,
    0x3C, 0x78, 0x0F, 0x38, 0x03, 0xDC, 0x00, 0xFE, 0x00, 0x7E, 0x00, 0x3F, 0xFF, 0xFF, 0xFF, 0xFF,
    0xC0, 0x07, 0xF0, 0x03, 0xB8, 0x01, 0xDC, 0x01, 0xEF, 0x00, 0xE3, 0xC1, 0xF0, 0xFF, 0xF0, 0x3F,
    0xE0, 0x03, 0x80, 0x08, 0x80, 0xEE, 0x07, 0x70, 0x11, 0x00, 0x00, 0x07, 0xC0, 0xFF, 0x8F, 0xFE,
    0x70, 0x77, 0x01, 0xF8, 0x0F, 0xFF, 0xFF, 0xFF, 0xF0, 0x1F, 0x80, 0xEE, 0x07, 0x70, 0x71, 0xFF,
    0x07, 0xF0, 0x0E, 0x00, 0x11, 0x00, 0xEE, 0x03, 0xB8, 0x00, 0x40, 0x00, 0x03, 0xFF, 0x0F, 0xFE,
    0x38, 0x7C, 0x00, 0x78, 0x00, 0xE0, 0x03, 0xC0, 0x07, 0x1F, 0xFC, 0xFF, 0xF3, 0xFF, 0xC0, 0x07,
    0x00, 0x1C, 0x00, 0xF0, 0x03, 0x80, 0x1E, 0xC1, 0xF3, 0xFF, 0x8F, 0xFC, 0x07, 0x80, 0x62, 0x0C,
    0xE1, 0x9C, 0x01, 0x00, 0x00, 0xFC, 0x3F, 0xC7, 0xFC, 0x03, 0xC0, 0x38, 0x07, 0x3F, 0xE7, 0xFE,
    0x03, 0x80, 0x70, 0x0E, 0x83, 0xDF, 0xF3, 0xFC, 0x1C, 0x00, 0x0F, 0xF0, 0x0F, 0xF0, 0x00, 0x00,
    0xE0, 0x0F, 0xF0, 0x0E, 0x70, 0x0E, 0x78, 0x1C, 0x38, 0x1C, 0x3C, 0x38, 0x1C, 0x38, 0x1E, 0x78,
    0x0E, 0x70, 0x0F, 0x70, 0x07, 0xE0, 0x07, 0xE0, 0x03, 0xC0, 0x03, 0xC0, 0x03, 0x80, 0x07, 0x80,
    0x3F, 0x00, 0x3E, 0x00, 0x18, 0x00, 0x3F, 0xC1, 0xFE, 0x00, 0x01, 0xC0, 0x7E, 0x03, 0xF0, 0x39,
    0xC1, 0xCE, 0x0E, 0x38, 0xE1, 0xC7, 0x0E, 0x70, 0x3B, 0x81, 0xDC, 0x07, 0xC0, 0x3E, 0x01, 0xF0,
    0x07, 0x00, 0x38, 0x03, 0x80, 0x1C, 0x01, 0xE0, 0x7E, 0x03, 0xE0, 0x00, 0x04, 0x20, 0x0E, 0x70,
    0x0E, 0x70, 0x04, 0x20, 0x00, 0x00, 0xE0, 0x0F, 0xF0, 0x0E, 0x70, 0x0E, 0x78, 0x1C, 0x38, 0x1C,
    0x3C, 0x38, 0x1C, 0x38, 0x1E, 0x78, 0x0E, 0x70, 0x0F, 0x70, 0x07, 0xE0, 0x07, 0xE0, 0x03, 0xC0,
    0x03, 0xC0, 0x03, 0x80, 0x07, 0x80, 0x3F, 0x00, 0x3E, 0x00, 0x18, 0x00, 0x18, 0x80, 0xCE, 0x06,
    0x70, 0x01, 0x00, 0x00, 0x70, 0x1F, 0x80, 0xFC, 0x0E, 0x70, 0x73, 0x83, 0x8E, 0x38, 0x71, 0xC3,
    0x9C, 0x0E, 0xE0, 0x77, 0x01, 0xF0, 0x0F, 0x80, 0x7C, 0x01, 0xC0, 0x0E, 0x00, 0xE0, 0x07, 0x00,
    0x78, 0x1F, 0x80, 0xF8, 0x00, 0x01, 0x8C, 0x03, 0xDC, 0x03, 0xB8, 0x07, 0x38, 0x06, 0x70, 0x00,
    0x00, 0xE0, 0x0F, 0xF0, 0x0E, 0x70, 0x0E, 0x78, 0x1C, 0x38, 0x1C, 0x3C, 0x38, 0x1C, 0x38, 0x1E,
    0x78, 0x0E, 0x70, 0x0F, 0x70, 0x07, 0xE0, 0x07, 0xE0, 0x03, 0xC0, 0x03, 0xC0, 0x03, 0x80, 0x07,
    0x80, 0x3F, 0x00, 0x3E, 0x00, 0x18, 0x00, 0x03, 0x30, 0x3B, 0x83, 0x9C, 0x19, 0xC1, 0x9C, 0x00,
    0x03, 0x80, 0xFC, 0x07, 0xE0, 0x73, 0x83, 0x9C, 0x1C, 0x71, 0xC3, 0x8E, 0x1C, 0x70, 0x77, 0x03,
    0xB8, 0x0F, 0x80, 0x7C, 0x03, 0xE0, 0x0E, 0x00, 0x70, 0x07, 0x00, 0x38, 0x03, 0xC0, 0xFC, 0x07,
    0xC0, 0x00, 0x08, 0x40, 0x73, 0x81, 0xCE, 0x02, 0x10, 0x00, 0x01, 0x80, 0x7E, 0x01, 0xF8, 0x07,
    0xE0, 0x1F, 0x80, 0x7E, 0x01, 0xDC, 0x07, 0x70, 0x1D, 0xE0, 0xF7, 0xFF, 0xCF, 0xFF, 0x07, 0x1C,
    0x00, 0x70, 0x01, 0xC0, 0x07, 0x00, 0x1C, 0x00, 0x70, 0x01, 0xC0, 0x10, 0x83, 0x9C, 0x39, 0xC1,
    0x08, 0x00, 0x0E, 0x07, 0xE0, 0x7E, 0x07, 0xE0, 0x7E, 0x07, 0xE0, 0x7F, 0x07, 0x7F, 0xF7, 0xFF,
    0x1F, 0x70, 0x07, 0x00, 0x70, 0x07, 0x00, 0x70, 0xFF, 0xFF, 0xFF, 0xFF, 0x70, 0x0E, 0x01, 0xC0,
    0x38, 0x07, 0x00, 0xE0, 0x1C, 0x03, 0x80, 0x70, 0x0E, 0x01, 0xC0, 0x38, 0x07, 0x00, 0xF8, 0x1F,
    0x00, 0xE0, 0x1C, 0x03, 0x80, 0x70, 0x0E, 0x00, 0xFF, 0x7F, 0xFF, 0xDC, 0x0E, 0x07, 0x03, 0x81,
    0xC0, 0xE0, 0x70, 0x38, 0x1C, 0x0F, 0x87, 0xC0, 0xE0, 0x70, 0x38, 0x1C, 0x0E, 0x00, 0x02, 0x20,
    0x03, 0x98, 0x01, 0xCC, 0x00, 0x40, 0x00, 0x00, 0x07, 0x00, 0x1F, 0x80, 0x0F, 0xC0, 0x07, 0xE0,
    0x03, 0xF0, 0x01, 0xF8, 0x00, 0xFC, 0x00, 0x7F, 0xF8, 0x3F, 0xFF, 0x1F, 0x8F, 0xCF, 0xC0, 0xE7,
    0xE0, 0x73, 0xF0, 0x39, 0xF8, 0x1C, 0xFC, 0x0E, 0x7E, 0x1F, 0x3F, 0xFF, 0x1F, 0xFE, 0x0E, 0x04,
    0x40, 0x1D, 0xC0, 0x3B, 0x80, 0x22, 0x00, 0x00, 0x1C, 0x01, 0xF8, 0x03, 0xF0, 0x07, 0xE0, 0x0F,
    0xC0, 0x1F, 0xFC, 0x3F, 0xFE, 0x7F, 0xFC, 0xFC, 0x3D, 0xF8, 0x3B, 0xF0, 0x77, 0xE1, 0xCF, 0xFF,
    0x9F, 0xFE, 0x38, 0x3F, 0xF9, 0xFF, 0xCF, 0xFC, 0x70, 0x03, 0x80, 0x1C, 0x00, 0xE0, 0x07, 0x00,
    0xFF, 0xC7, 0xFE, 0x1F, 0xF0, 0x70, 0x03, 0x80, 0x1C, 0x00, 0xE0, 0x07, 0x00, 0x3E, 0x01, 0xF0,
    0x03, 0x80, 0x1C, 0x00, 0xE0, 0x1F, 0x00, 0xF0, 0x00, 0x3F, 0xE7, 0xFC, 0xFF, 0x9C, 0x03, 0x80,
    0x70, 0x3F, 0xE7, 0xFC, 0xFF, 0x07, 0x00, 0xE0, 0x1C, 0x03, 0xE0, 0x7C, 0x03, 0x80, 0x70, 0x0E,
    0x0F, 0x81, 0xF0, 0x00, 0xF0, 0x1C, 0x70, 0x3C, 0x38, 0x38, 0x38, 0x70, 0x1C, 0x70, 0x0E, 0xE0,
    0x0F, 0xC0, 0x07, 0xC0, 0x07, 0x80, 0x07, 0xC0, 0x0F, 0xC0, 0x0E, 0xE0, 0x1C, 0xE0, 0x1C, 0x70,
    0x38, 0x78, 0x70, 0x38, 0x70, 0x1F, 0xE0, 0x1F, 0x00, 0x07, 0x00, 0x07, 0x00, 0x07, 0x00, 0x3E,
    0x00, 0x3E, 0x70, 0x39, 0xC1, 0xC3, 0x8F, 0x0F, 0x38, 0x1D, 0xC0, 0x3F, 0x00, 0xF8, 0x01, 0xE0,
    0x0F, 0x80, 0x77, 0x03, 0xDE, 0x0E, 0x38, 0x70, 0x7F, 0xC0, 0xF0, 0x01, 0xC0, 0x07, 0x00, 0x1C,
    0x01, 0xE0, 0x07, 0x80, 0xF0, 0x1C, 0xE0, 0x78, 0xE0, 0xE1, 0xC3, 0x81, 0xC7, 0x01, 0xDC, 0x03,
    0xF0, 0x3F, 0xFC, 0x7F, 0xFC, 0xFF, 0xF0, 0x3F, 0x00, 0x77, 0x01, 0xCE, 0x03, 0x8E, 0x0E, 0x1E,
    0x38, 0x1C, 0x70, 0x1D, 0xC0, 0x3C, 0x70, 0x3B, 0x83, 0x8E, 0x3C, 0x79, 0xC1, 0xDC, 0x07, 0xC1,
    0xFF, 0xCF, 0xFE, 0x0F, 0x80, 0xEE, 0x0F, 0x78, 0x71, 0xC7, 0x07, 0x78, 0x1C, 0x78, 0x0E, 0x78,
    0x1C, 0x78, 0x38, 0x70, 0x70, 0x71, 0xC1, 0xF3, 0x87, 0xFF, 0x1C, 0xFC, 0x38, 0xE0, 0xE1, 0xE1,
    0xC1, 0xC3, 0x81, 0xC7, 0x03, 0xCE, 0x03, 0x9C, 0x03, 0x80, 0x7F, 0x87, 0xFE, 0x00, 0x78, 0x01,
    0xC0, 0x0E, 0x00, 0x70, 0x03, 0x80, 0x1C, 0x00, 0xE0, 0x07, 0x00, 0x38, 0x01, 0xC0, 0x0E, 0x7F,
    0xFF, 0xFF, 0xE0, 0x3E, 0x1F, 0x83, 0xC0, 0xE0, 0x70, 0x38, 0x1C, 0x0E, 0x07, 0x03, 0x81, 0xC1,
    0xE3, 0xFF, 0xDF, 0xCE, 0x00, 0x7F, 0xFB, 0xFF, 0xC0, 0x38, 0x01, 0xC0, 0x0E, 0x00, 0x70, 0x03,
    0x80, 0x1C, 0x00, 0xE0, 0x07, 0x00, 0x38, 0x01, 0xC0, 0x0E, 0x00, 0x70, 0x03, 0x80, 0xFF, 0xE7,
    0xFF, 0x80, 0x1E, 0x00, 0x70, 0x03, 0x80, 0x1D, 0x80, 0xFC, 0x07, 0xE0, 0x3F, 0x01, 0xF8, 0x0F,
    0xC0, 0x7E, 0x03, 0xF0, 0x1F, 0x80, 0xE0, 0x7D, 0xF1, 0xC7, 0x1C, 0x71, 0xC7, 0x1C, 0x71, 0xC7,
    0x1C, 0x71, 0xC0, 0xFF, 0xFC, 0xF1, 0x87, 0x0E, 0x1C, 0x38, 0x70, 0xE1, 0xC3, 0x87, 0x0F, 0x0E,
    0x00, 0xFF, 0xF3, 0xFF, 0xE3, 0x03, 0xDC, 0x07, 0x70, 0x1D, 0xC0, 0x77, 0x01, 0xDC, 0x07, 0x70,
    0x1D, 0xC0, 0x77, 0x01, 0xDC, 0x07, 0x70, 0x1D, 0xC0, 0x77, 0x01, 0xC0, 0xE3, 0xF3, 0x8F, 0xEE,
    0x07, 0xB8, 0x0F, 0xE0, 0x1F, 0x80, 0x7E, 0x01, 0xF8, 0x07, 0xE0, 0x1F, 0x80, 0x77, 0x03, 0x9C,
    0x0E, 0x7C, 0xF8, 0xFF, 0xC1, 0xFC, 0x00, 0x7D, 0xF1, 0xC7, 0x1C, 0x71, 0xC7, 0x1C, 0xFF, 0x9F,
    0xF8, 0x07, 0x80, 0x70, 0x0E, 0x01, 0xC0, 0x38, 0x07, 0x00, 0xE0, 0x1C, 0x03, 0x80, 0x70, 0x0E,
    0x01, 0xC0, 0x38, 0x07, 0x00, 0xE0, 0x1C, 0x03, 0x80, 0x70, 0xFF, 0x1F, 0xF0, 0x0F, 0x00, 0xE0,
    0x0E, 0x01, 0xC0, 0x38, 0x07, 0x00, 0xE0, 0x1C, 0x03, 0x80, 0xE0, 0x3D, 0xFF, 0x3F, 0xC0, 0x00,
    0x07, 0x80, 0x3C, 0x01, 0xE0, 0x0F, 0x00, 0x7F, 0xFB, 0xFF, 0xC0, 0x0E, 0x00, 0x70, 0x07, 0x00,
    0x38, 0x01, 0xC0, 0x1C, 0x00, 0xE0, 0x07, 0x00, 0x70, 0x03, 0x80, 0x1C, 0x01, 0xC0, 0x0E, 0x00,
    0xFF, 0xF9, 0xFF, 0xF8, 0xE0, 0xF3, 0x80, 0xF7, 0x00, 0xEE, 0x01, 0xDC, 0x03, 0xB8, 0x07, 0x70,
    0x0E, 0xE0, 0x1D, 0xC0, 0x3B, 0x80, 0x77, 0x00, 0xEF, 0xFF, 0xDF, 0xFF, 0x80, 0xE3, 0xF1, 0xCF,
    0xF1, 0xF8, 0xF3, 0xE0, 0xE7, 0x81, 0xE7, 0x01, 0xCE, 0x03, 0x9C, 0x07, 0x70, 0x0E, 0xE0, 0x1D,
    0xC0, 0x73, 0x80, 0xE7, 0x07, 0xDE, 0xFF, 0x39, 0xFC, 0x00, 0xFF, 0xCE, 0x73, 0x9C, 0xE7, 0x39,
    0xCE, 0x73, 0x9C, 0xE7, 0x39, 0xCE, 0x70, 0x7C, 0xFC, 0x78, 0x70, 0xE1, 0xC3, 0x87, 0x0E, 0x1C,
    0x38, 0x70, 0xFF, 0xFF, 0x80, 0xFF, 0xF3, 0xFF, 0xE3, 0x87, 0x9C, 0x07, 0x70, 0x1D, 0xC0, 0x77,
    0x01, 0xDC, 0x07, 0x70, 0x1D, 0xC0, 0x77, 0x01, 0xDE, 0x0E, 0x3C, 0x78, 0xFF, 0xC0, 0xFE, 0x00,
    0x00, 0x01, 0xC0, 0x73, 0x81, 0xCE, 0x07, 0x38, 0x1C, 0xE0, 0x71, 0xC1, 0xC7, 0x0F, 0x1C, 0x38,
    0x70, 0xE1, 0xE3, 0x83, 0x9C, 0x0E, 0xF0, 0x3F, 0x87, 0xFC, 0x1F, 0xC0, 0x70, 0x00, 0x3F, 0xC3,
    0xFF, 0x1E, 0x7D, 0xC0, 0xEE, 0x07, 0xF0, 0x1F, 0x80, 0xFE, 0x07, 0x7C, 0x39, 0xE1, 0xC0, 0x0E,
    0x00, 0x70, 0x03, 0x80, 0x1C, 0x00, 0xE0, 0x07, 0x00, 0x38, 0x01, 0xC0, 0x0E, 0x00, 0x70, 0x1F,
    0xC3, 0xFF, 0x1E, 0x3D, 0xC0, 0xEE, 0x03, 0xF0, 0x1F, 0x80, 0xEF, 0x07, 0x7C, 0x39, 0xE1, 0xC0,
    0x1E, 0x00, 0xE0, 0x1F, 0x7F, 0xF3, 0xFE, 0x00, 0x70, 0x73, 0x83, 0x9E, 0x1C, 0x70, 0xE3, 0x87,
    0x0E, 0x70, 0x73, 0x83, 0xF8, 0x0F, 0xC0, 0x7C, 0x01, 0xC0, 0x0E, 0x00, 0x70, 0x03, 0xC0, 0x0E,
    0x00, 0x70, 0x03, 0x80, 0x1E, 0x00, 0x70, 0x03, 0x80, 0xF0, 0x77, 0x07, 0x78, 0x73, 0x87, 0x3C,
    0xE1, 0xCE, 0x0F, 0xE0, 0xFC, 0x07, 0x80, 0x38, 0x03, 0xC0, 0x1C, 0x00, 0xEF, 0xFE, 0xFF, 0xE0,
    0xFF, 0xFF, 0xFF, 0xF0, 0x01, 0xC0, 0x0E, 0x00, 0x39, 0xC0, 0xE7, 0x07, 0x1C, 0x1C, 0x70, 0x71,
    0xC1, 0xC7, 0x0E, 0x1C, 0x38, 0x70, 0xE1, 0xC7, 0x07, 0x1C, 0x1C, 0x00, 0x70, 0x01, 0xC0, 0x07,
    0x00, 0x1C, 0x00, 0xFF, 0x9F, 0xF8, 0x0F, 0x00, 0xE0, 0x1E, 0x01, 0xC0, 0x38, 0x07, 0x00, 0xE0,
    0x1C, 0x03, 0x80, 0x70, 0x0E, 0x01, 0xC0, 0x38, 0xE1, 0xC7, 0xE1, 0xC7, 0xE1, 0xC7, 0xE3, 0xC7,
    0xE3, 0x87, 0xE3, 0x87, 0xEF, 0x87, 0xFF, 0x07, 0xFE, 0x07, 0x70, 0x07, 0x70, 0x0E, 0x78, 0x1E,
    0x3C, 0x3C, 0x1F, 0xF8, 0x0F, 0xF0, 0x7F, 0xFC, 0x7F, 0xFE, 0x1C, 0x1E, 0x1C, 0x0F, 0x1C, 0x07,
    0x1C, 0x07, 0x1C, 0x07, 0x1C, 0x07, 0x1C, 0x07, 0x1C, 0x07, 0x1C, 0x07, 0x1C, 0x07, 0x1C, 0x07,
    0x7C, 0x07, 0x78, 0x07, 0x67, 0xEE, 0xFF, 0x00, 0x19, 0xCE, 0x77, 0x39, 0xC0, 0x00, 0x1D, 0xE7,
    0x30, 0x00, 0x07, 0xF9, 0xFF, 0x78, 0x6E, 0x01, 0xC0, 0x38, 0x07, 0x80, 0x78, 0x07, 0x80, 0x78,
    0x07, 0x00, 0x60, 0x0C, 0x00, 0x00, 0x00, 0x0F, 0x01, 0xE0, 0x3C, 0x03, 0x00, 0x1F, 0x0F, 0xC7,
    0xA1, 0xC0, 0x70, 0x1C, 0x03, 0xF8, 0x7F, 0xFF, 0x3F, 0x04, 0x00, 0xFF, 0xFF, 0xFC, 0x31, 0xEE,
    0x38, 0x7F, 0xF6, 0x00, 0x03, 0x3C, 0xE2, 0x00, 0x07, 0x39, 0xCE, 0x31, 0xCE, 0x73, 0x9C, 0xE7,
    0x18, 0xC7, 0x39, 0xC0, 0x00, 0x1C, 0x1B, 0x83, 0x70, 0xEF, 0xFC, 0xFF, 0x1F, 0x03, 0x80, 0x70,
    0x0E, 0x01, 0xC0, 0x38, 0x07, 0x00, 0x60, 0x0E, 0x01, 0xC0, 0x38, 0x07, 0x00, 0x00, 0x00, 0x00,
    0x01, 0x86, 0x67, 0x19, 0xDC, 0x67, 0x73, 0x9D, 0xFF, 0xF3, 0xFF, 0x8F, 0x98, 0x38, 0x00, 0xE0,
    0x03, 0x80, 0x0E, 0x00, 0x38, 0x00, 0xE0, 0x03, 0x80, 0x06, 0x00, 0x18, 0x00, 0x60, 0x00, 0x00,
    0x00, 0x00, 0x01, 0xC0, 0xF8, 0x3E, 0x0F, 0x01, 0xC0, 0x30, 0x07, 0x00, 0xFE, 0x0F, 0xC1, 0xF0,
    0x38, 0x0E, 0x01, 0xC0, 0x38, 0x07, 0x86, 0xFF, 0xEF, 0xF8, 0x00, 0x00, 0x1F, 0x07, 0xF1, 0xFE,
    0x70, 0xEE, 0x1D, 0xC1, 0xB8, 0x3F, 0x07, 0xE0, 0xDC, 0x3B, 0xCF, 0x3F, 0xC3, 0xF8, 0x00, 0x00,
    0x00, 0x07, 0xFC, 0x7F, 0xC7, 0xFC, 0x00, 0xC0, 0x0C, 0x00, 0xC0, 0x0C, 0x00, 0xE0, 0x0E, 0x00,
    0xE0, 0x0E, 0x00, 0xE0, 0x0E, 0x00, 0x60, 0x06, 0x00, 0x70, 0x07, 0x00, 0x00, 0x00, 0x03, 0x80,
    0x7F, 0x01, 0xDC, 0x0E, 0x70, 0x38, 0xE0, 0xE3, 0x87, 0x0E, 0x1C, 0x1C, 0x60, 0x73, 0x81, 0xCE,
    0x03, 0xB0, 0x0F, 0xC0, 0x3F, 0x00, 0x78, 0x01, 0xE0, 0x07, 0x80, 0x0C, 0x00, 0x20, 0x00, 0x00,
    0x00, 0x0E, 0x00, 0x38, 0x01, 0xE0, 0x07, 0xC0, 0x1F, 0x00, 0xFC, 0x03, 0xF8, 0x0E, 0xE0, 0x73,
    0x81, 0xCF, 0x06, 0x1C, 0x38, 0x70, 0xE0, 0xE7, 0x03, 0x9C, 0x0E, 0xF0, 0x1F, 0x80, 0x70, 0x00,
    0x80, 0x3E, 0x0F, 0xE3, 0xDC, 0x71, 0xCC, 0x39, 0xC7, 0x3C, 0xE3, 0xFC, 0x3F, 0x80, 0x30, 0x07,
    0x00, 0xE0, 0x1C, 0x03, 0x80, 0x70, 0x06, 0x00, 0xC0, 0x00, 0x00, 0x0E, 0x00, 0x0E, 0x00, 0x0E,
    0x20, 0x07, 0x70, 0x07, 0x70, 0x07, 0x60, 0x07, 0xE0, 0x07, 0xE0, 0x07, 0x70, 0x07, 0x78, 0x1E,
    0x7F, 0xFC, 0x3F, 0xF8, 0x0F, 0xF0, 0xFF, 0xF0, 0x08, 0x07, 0x81, 0xE0, 0xFC, 0x3B, 0x9C, 0x66,
    0x1F, 0x87, 0xE1, 0xDC, 0xE7, 0xF8, 0xFC, 0x03, 0x3C, 0xE2, 0x00, 0x07, 0x39, 0xCE, 0x31, 0xCE,
    0x73, 0x9C, 0xE7, 0x18, 0xC7, 0x39, 0xC0, 0x00, 0x1C, 0x1B, 0x83, 0x70, 0xEF, 0xFC, 0xFF, 0x1F,
    0x03, 0x80, 0x70, 0x0E, 0x01, 0xC0, 0x38, 0x07, 0x00, 0x60, 0x0E, 0x01, 0xC0, 0x38, 0x07, 0x00,
    0x00, 0x00, 0x00, 0x01, 0x86, 0x67, 0x19, 0xDC, 0x67, 0x73, 0x9D, 0xFF, 0xF3, 0xFF, 0x8F, 0x98,
    0x38, 0x00, 0xE0, 0x03, 0x80, 0x0E, 0x00, 0x38, 0x00, 0xE0, 0x03, 0x80, 0x06, 0x00, 0x18, 0x00,
    0x60, 0x00, 0x00, 0x00, 0xE7, 0x9D, 0xF3, 0xB8, 0x77, 0x0F, 0xFC, 0xFF, 0xDF, 0xE3, 0x80, 0x70,
    0x0E, 0x01, 0xC0, 0x38, 0x03, 0x00, 0x60, 0x0C, 0x01, 0xC0, 0x38, 0x00, 0x06, 0x00, 0xF0, 0x07,
    0x00, 0xF8, 0x1F, 0x81, 0xDC, 0x39, 0xC3, 0x8E, 0x70, 0xE7, 0x06, 0x60, 0x76, 0x07, 0x60, 0x76,
    0x67, 0x76, 0x67, 0xFE, 0x3F, 0xC0, 0x1F, 0x8F, 0xE3, 0x91, 0xC0, 0x70, 0x1C, 0x03, 0x88, 0xFF,
    0x1F, 0x83, 0xC1, 0xE0, 0x70, 0x38, 0x0E, 0x07, 0x01, 0xC0, 0xE0, 0x00, 0x00, 0x00, 0x03, 0x80,
    0x7F, 0x01, 0xDC, 0x0E, 0x70, 0x38, 0xE0, 0xE3, 0x87, 0x0E, 0x1C, 0x1C, 0x60, 0x73, 0x81, 0xCE,
    0x03, 0xB0, 0x0F, 0xC0, 0x3F, 0x00, 0x78, 0x01, 0xE0, 0x07, 0x80, 0x0C, 0x00, 0x20, 0x00, 0x00,
    0x00, 0x0E, 0x00, 0x38, 0x01, 0xE0, 0x07, 0xC0, 0x1F, 0x00, 0xFC, 0x03, 0xF8, 0x0E, 0xE0, 0x73,
    0x81, 0xCF, 0x06, 0x1C, 0x38, 0x70, 0xE0, 0xE7, 0x03, 0x9C, 0x0E, 0xF0, 0x1F, 0x80, 0x70, 0x00,
    0x80, 0x3E, 0x0F, 0xE3, 0xDC, 0x71, 0xCC, 0x39, 0xC7, 0x3C, 0xE3, 0xFC, 0x3F, 0x80, 0x30, 0x07,
    0x00, 0xE0, 0x1C, 0x03, 0x80, 0x70, 0x06, 0x00, 0xC0, 0x00, 0x03, 0xC0, 0x03, 0xC0, 0x03, 0xC0,
    0x07, 0xE0, 0x07, 0xE0, 0x0E, 0x60, 0x0E, 0x70, 0x0E, 0x70, 0x1C, 0x38, 0x1C, 0x38, 0x1F, 0xF8,
    0x3F, 0xFC, 0x3F, 0xFC, 0x70, 0x1E, 0x70, 0x0E, 0x70, 0x0E, 0xE0, 0x07, 0xE0, 0x07, 0x00, 0x00,
    0x01, 0x80, 0x03, 0xC0, 0x03, 0xC0, 0x01, 0x80, 0x1F, 0x8F, 0xF8, 0xFF, 0x80, 0x70, 0x0E, 0x01,
    0xCF, 0xFB, 0xFF, 0xF0, 0xFC, 0x1F, 0x83, 0xF0, 0xFF, 0xFE, 0xFE, 0xC7, 0x00, 0x30, 0x0F, 0x01,
    0xE0, 0x18, 0x00, 0x03, 0x80, 0x03, 0xE0, 0x00, 0xE0, 0x00, 0xE0, 0x03, 0xC0, 0x01, 0x80, 0x01,
    0x00, 0x03, 0xC0, 0x03, 0xC0, 0x03, 0xC0, 0x07, 0xE0, 0x07, 0xE0, 0x0E, 0x60, 0x0E, 0x70, 0x0E,
    0x70, 0x1C, 0x38, 0x1C, 0x38, 0x1F, 0xF8, 0x3F, 0xFC, 0x3F, 0xFC, 0x70, 0x1E, 0x70, 0x0E, 0x70,
    0x0E, 0xE0, 0x07, 0xE0, 0x07, 0x0E, 0x01, 0xF0, 0x0E, 0x01, 0xC0, 0x70, 0x0C, 0x01, 0x00, 0xFC,
    0x7F, 0xC7, 0xFC, 0x03, 0x80, 0x70, 0x0E, 0x7F, 0xDF, 0xFF, 0x87, 0xE0, 0xFC, 0x1F, 0x87, 0xFF,
    0xF7, 0xF6, 0x38, 0x00, 0x00, 0x0E, 0x00, 0x1C, 0x03, 0xDC, 0x07, 0xF0, 0x0F, 0xE0, 0x0C, 0x30,
    0x00, 0x00, 0x03, 0xC0, 0x03, 0xC0, 0x03, 0xC0, 0x07, 0xE0, 0x07, 0xE0, 0x0E, 0x60, 0x0E, 0x70,
    0x0E, 0x70, 0x1C, 0x38, 0x1C, 0x38, 0x1F, 0xF8, 0x3F, 0xFC, 0x3F, 0xFC, 0x70, 0x1E, 0x70, 0x0E,
    0x70, 0x0E, 0xE0, 0x07, 0xE0, 0x07, 0x00, 0x38, 0x03, 0xC3, 0xDC, 0x3F, 0xC1, 0xF8, 0x18, 0xE0,
    0x00, 0x03, 0xF0, 0x7F, 0xC1, 0xFF, 0x00, 0x38, 0x01, 0xC0, 0x0E, 0x1F, 0xF1, 0xFF, 0x9E, 0x1C,
    0xE0, 0xE7, 0x07, 0x38, 0x79, 0xFF, 0xC7, 0xF6, 0x0E, 0x00, 0x70, 0x00, 0x70, 0x00, 0x3B, 0xC0,
    0x0F, 0xE0, 0x0F, 0xE0, 0x0C, 0x30, 0x00, 0x00, 0x03, 0xC0, 0x03, 0xC0, 0x03, 0xC0, 0x07, 0xE0,
    0x07, 0xE0, 0x0E, 0x60, 0x0E, 0x70, 0x0E, 0x70, 0x1C, 0x38, 0x1C, 0x38, 0x1F, 0xF8, 0x3F, 0xFC,
    0x3F, 0xFC, 0x70, 0x1E, 0x70, 0x0E, 0x70, 0x0E, 0xE0, 0x07, 0xE0, 0x07, 0xE0, 0x0E, 0x00, 0x77,
    0x83, 0xFC, 0x0F, 0xC1, 0xCE, 0x00, 0x00, 0xFC, 0x3F, 0xE1, 0xFF, 0x00, 0x70, 0x07, 0x00, 0x71,
    0xFF, 0x3F, 0xF7, 0x87, 0x70, 0x77, 0x07, 0x70, 0xF7, 0xFF, 0x3F, 0xB0, 0xE0, 0x00, 0x3C, 0x00,
    0x1C, 0x00, 0x1C, 0x03, 0xD8, 0x07, 0xD0, 0x0E, 0xE0, 0x0C, 0x70, 0x00, 0x00, 0x03, 0xC0, 0x03,
    0xC0, 0x03, 0xC0, 0x07, 0xE0, 0x07, 0xE0, 0x0E, 0x60, 0x0E, 0x70, 0x0E, 0x70, 0x1C, 0x38, 0x1C,
    0x38, 0x1F, 0xF8, 0x3F, 0xFC, 0x3F, 0xFC, 0x70, 0x1E, 0x70, 0x0E, 0x70, 0x0E, 0xE0, 0x07, 0xE0,
    0x07, 0x00, 0xF0, 0x0F, 0x00, 0x30, 0xF6, 0x0F, 0xE1, 0xF8, 0x38, 0xC0, 0x00, 0x1F, 0x87, 0xFC,
    0x3F, 0xE0, 0x0E, 0x00, 0xE0, 0x0E, 0x3F, 0xE7, 0xFE, 0xF0, 0xEE, 0x0E, 0xE0, 0xEE, 0x1E, 0xFF,
    0xE7, 0xF6, 0x1C, 0x00, 0x02, 0x10, 0x0F, 0xB0, 0x0F, 0xF0, 0x0C, 0xE0, 0x03, 0xC0, 0x07, 0xE0,
    0x07, 0xE0, 0x0C, 0x30, 0x00, 0x00, 0x03, 0xC0, 0x03, 0xC0, 0x03, 0xC0, 0x07, 0xE0, 0x07, 0xE0,
    0x0E, 0x60, 0x0E, 0x70, 0x0E, 0x70, 0x1C, 0x38, 0x1C, 0x38, 0x1F, 0xF8, 0x3F, 0xFC, 0x3F, 0xFC,
    0x70, 0x1E, 0x70, 0x0E, 0x70, 0x0E, 0xE0, 0x07, 0xE0, 0x07, 0x00, 0x03, 0xD8, 0xFF, 0x19, 0xC0,
    0xF0, 0x1E, 0x07, 0xE1, 0x8E, 0x00, 0x03, 0xF1, 0xFF, 0x1F, 0xF0, 0x0E, 0x01, 0xC0, 0x39, 0xFF,
    0x7F, 0xFE, 0x1F, 0x83, 0xF0, 0x7E, 0x1F, 0xFF, 0xDF, 0xD8, 0xE0, 0x01, 0x80, 0x03, 0xC0, 0x07,
    0xE0, 0x0F, 0xF0, 0x0C, 0x30, 0x00, 0x00, 0x03, 0xC0, 0x03, 0xC0, 0x03, 0xC0, 0x07, 0xE0, 0x07,
    0xE0, 0x0E, 0x60, 0x0E, 0x70, 0x0E, 0x70, 0x1C, 0x38, 0x1C, 0x38, 0x1F, 0xF8, 0x3F, 0xFC, 0x3F,
    0xFC, 0x70, 0x1E, 0x70, 0x0E, 0x70, 0x0E, 0xE0, 0x07, 0xE0, 0x07, 0x00, 0x00, 0x01, 0x80, 0x03,
    0xC0, 0x03, 0xC0, 0x01, 0x80, 0x06, 0x01, 0xE0, 0x7E, 0x1F, 0xE3, 0x0C, 0x00, 0x07, 0xE3, 0xFE,
    0x3F, 0xE0, 0x1C, 0x03, 0x80, 0x73, 0xFE, 0xFF, 0xFC, 0x3F, 0x07, 0xE0, 0xFC, 0x3F, 0xFF, 0xBF,
    0xB1, 0xC0, 0x0C, 0x03, 0x80, 0x70, 0x06, 0x00, 0x00, 0x60, 0x00, 0xE0, 0x01, 0xC0, 0x0D, 0xB0,
    0x0E, 0x70, 0x07, 0xE0, 0x03, 0xC0, 0x00, 0x00, 0x03, 0xC0, 0x03, 0xC0, 0x03, 0xC0, 0x07, 0xE0,
    0x07, 0xE0, 0x0E, 0x60, 0x0E, 0x70, 0x0E, 0x70, 0x1C, 0x38, 0x1C, 0x38, 0x1F, 0xF8, 0x3F, 0xFC,
    0x3F, 0xFC, 0x70, 0x1E, 0x70, 0x0E, 0x70, 0x0E, 0xE0, 0x07, 0xE0, 0x07, 0x00, 0x00, 0x70, 0x1C,
    0x1B, 0x63, 0x1C, 0x3F, 0x07, 0xE0, 0x00, 0x1F, 0x8F, 0xF8, 0xFF, 0x80, 0x70, 0x0E, 0x01, 0xCF,
    0xFB, 0xFF, 0xF0, 0xFC, 0x1F, 0x83, 0xF0, 0xFF, 0xFE, 0xFE, 0xC7, 0x00, 0x06, 0x00, 0x07, 0x00,
    0x03, 0x80, 0x0D, 0xB0, 0x0E, 0x70, 0x07, 0xE0, 0x03, 0xC0, 0x00, 0x00, 0x03, 0xC0, 0x03, 0xC0,
    0x03, 0xC0, 0x07, 0xE0, 0x07, 0xE0, 0x0E, 0x60, 0x0E, 0x70, 0x0E, 0x70, 0x1C, 0x38, 0x1C, 0x38,
    0x1F, 0xF8, 0x3F, 0xFC, 0x3F, 0xFC, 0x70, 0x1E, 0x70, 0x0E, 0x70, 0x0E, 0xE0, 0x07, 0xE0, 0x07,
    0x00, 0x03, 0x80, 0x30, 0x1B, 0x63, 0x1C, 0x7F, 0x07, 0xC0, 0x00, 0x1F, 0x8F, 0xF8, 0xFF, 0x80,
    0x70, 0x0E, 0x01, 0xCF, 0xFB, 0xFF, 0xF0, 0xFC, 0x1F, 0x83, 0xF0, 0xFF, 0xFE, 0xFE, 0xC7, 0x00,
    0x00, 0x00, 0x03, 0xC0, 0x00, 0xC0, 0x01, 0xC0, 0x0D, 0xB0, 0x0E, 0x70, 0x07, 0xE0, 0x03, 0xC0,
    0x00, 0x00, 0x03, 0xC0, 0x03, 0xC0, 0x03, 0xC0, 0x07, 0xE0, 0x07, 0xE0, 0x0E, 0x60, 0x0E, 0x70,
    0x0E, 0x70, 0x1C, 0x38, 0x1C, 0x38, 0x1F, 0xF8, 0x3F, 0xFC, 0x3F, 0xFC, 0x70, 0x1E, 0x70, 0x0E,
    0x70, 0x0E, 0xE0, 0x07, 0xE0, 0x07, 0x0F, 0x00, 0x60, 0x1C, 0x1B, 0x63, 0x0C, 0x3F, 0x87, 0xE0,
    0x00, 0x1F, 0x8F, 0xF8, 0xFF, 0x80, 0x70, 0x0E, 0x01, 0xCF, 0xFB, 0xFF, 0xF0, 0xFC, 0x1F, 0x83,
    0xF0, 0xFF, 0xFE, 0xFE, 0xC7, 0x00, 0x00, 0x10, 0x0F, 0xB0, 0x0F, 0xF0, 0x0C, 0xE0, 0x0C, 0x30,
    0x0E, 0x70, 0x0F, 0xE0, 0x07, 0xC0, 0x00, 0x00, 0x03, 0xC0, 0x03, 0xC0, 0x03, 0xC0, 0x07, 0xE0,
    0x07, 0xE0, 0x0E, 0x60, 0x0E, 0x70, 0x0E, 0x70, 0x1C, 0x38, 0x1C, 0x38, 0x1F, 0xF8, 0x3F, 0xFC,
    0x3F, 0xFC, 0x70, 0x1E, 0x70, 0x0E, 0x70, 0x0E, 0xE0, 0x07, 0xE0, 0x07, 0x00, 0x03, 0xD8, 0xFF,
    0x19, 0xC3, 0x0C, 0x63, 0x8F, 0xE0, 0xFC, 0x00, 0x03, 0xF1, 0xFF, 0x1F, 0xF0, 0x0E, 0x01, 0xC0,
    0x39, 0xFF, 0x7F, 0xFE, 0x1F, 0x83, 0xF0, 0x7E, 0x1F, 0xFF, 0xDF, 0xD8, 0xE0, 0x0C, 0x30, 0x0E,
    0x70, 0x0F, 0xF0, 0x07, 0xE0, 0x00, 0x00, 0x03, 0xC0, 0x03, 0xC0, 0x03, 0xC0, 0x07, 0xE0, 0x07,
    0xE0, 0x0E, 0x60, 0x0E, 0x70, 0x0E, 0x70, 0x1C, 0x38, 0x1C, 0x38, 0x1F, 0xF8, 0x3F, 0xFC, 0x3F,
    0xFC, 0x70, 0x1E, 0x70, 0x0E, 0x70, 0x0E, 0xE0, 0x07, 0xE0, 0x07, 0x00, 0x00, 0x01, 0x80, 0x03,
    0xC0, 0x03, 0xC0, 0x01, 0x80, 0x30, 0xC7, 0x38, 0xFF, 0x0F, 0xC0, 0x00, 0x3F, 0x1F, 0xF1, 0xFF,
    0x00, 0xE0, 0x1C, 0x03, 0x9F, 0xF7, 0xFF, 0xE1, 0xF8, 0x3F, 0x07, 0xE1, 0xFF, 0xFD, 0xFD, 0x8E,
    0x00, 0x40, 0x1C, 0x03, 0x80, 0x20, 0xFF, 0xFF, 0xFF, 0xFF, 0x70, 0x0E, 0x01, 0xC0, 0x38, 0x07,
    0xFE, 0xFF, 0xDF, 0xFB, 0x80, 0x70, 0x0E, 0x01, 0xC0, 0x38, 0x07, 0x00, 0xFF, 0xFF, 0xFC, 0x00,
    0x02, 0x00, 0xE0, 0x1C, 0x01, 0x00, 0x0F, 0x83, 0xFC, 0x7F, 0xE7, 0x0F, 0xE0, 0x7E, 0x07, 0xFF,
    0xFF, 0xFF, 0xE0, 0x0E, 0x00, 0x70, 0x07, 0x82, 0x3F, 0xF1, 0xFE, 0x07, 0x80, 0x20, 0x07, 0x00,
    0x70, 0x02, 0x00, 0x1E, 0x03, 0xE0, 0x0C, 0x03, 0x80, 0xF0, 0x18, 0x01, 0x07, 0xFF, 0xFF, 0xFF,
    0xFB, 0x80, 0x70, 0x0E, 0x01, 0xC0, 0x3F, 0xF7, 0xFE, 0xFF, 0xDC, 0x03, 0x80, 0x70, 0x0E, 0x01,
    0xC0, 0x38, 0x07, 0xFF, 0xFF, 0xE0, 0x0F, 0x00, 0xF8, 0x01, 0x80, 0x38, 0x07, 0x80, 0x60, 0x02,
    0x00, 0xF8, 0x3F, 0xC7, 0xFE, 0x70, 0xFE, 0x07, 0xE0, 0x7F, 0xFF, 0xFF, 0xFE, 0x00, 0xE0, 0x07,
    0x00, 0x78, 0x23, 0xFF, 0x1F, 0xE0, 0x78, 0x18, 0x4F, 0xD9, 0xFF, 0x33, 0xC0, 0x01, 0xFF, 0xFF,
    0xFF, 0xFE, 0xE0, 0x1C, 0x03, 0x80, 0x70, 0x0F, 0xFD, 0xFF, 0xBF, 0xF7, 0x00, 0xE0, 0x1C, 0x03,
    0x80, 0x70, 0x0E, 0x01, 0xFF, 0xFF, 0xF8, 0x18, 0x63, 0xE6, 0x7F, 0xE6, 0x3C, 0x00, 0x00, 0xF8,
    0x3F, 0xC7, 0xFE, 0x70, 0xFE, 0x07, 0xE0, 0x7F, 0xFF, 0xFF, 0xFE, 0x00, 0xE0, 0x07, 0x00, 0x78,
    0x23, 0xFF, 0x1F, 0xE0, 0x78, 0x00, 0x70, 0x07, 0x0E, 0xE1, 0xFC, 0x3B, 0x87, 0x18, 0x00, 0x0F,
    0xFE, 0xFF, 0xEF, 0xFC, 0xE0, 0x0E, 0x00, 0xE0, 0x0E, 0x00, 0xFF, 0xCF, 0xFC, 0xFF, 0xCE, 0x00,
    0xE0, 0x0E, 0x00, 0xE0, 0x0E, 0x00, 0xE0, 0x0F, 0xFE, 0xFF, 0xE0, 0x00, 0x38, 0x01, 0xC1, 0xDC,
    0x1F, 0xC1, 0xFC, 0x1C, 0x60, 0x00, 0x01, 0xF0, 0x3F, 0xC3, 0xFF, 0x1C, 0x3D, 0xC0, 0xEE, 0x07,
    0x7F, 0xFB, 0xFF, 0xDC, 0x00, 0xE0, 0x03, 0x80, 0x1E, 0x08, 0x7F, 0xE1, 0xFE, 0x03, 0xC0, 0x60,
    0x03, 0x80, 0x0E, 0xE0, 0x3F, 0x80, 0xEE, 0x0E, 0x38, 0x00, 0x07, 0xFF, 0x3F, 0xF9, 0xFF, 0x8E,
    0x00, 0x70, 0x03, 0x80, 0x1C, 0x00, 0xFF, 0xC7, 0xFE, 0x3F, 0xF1, 0xC0, 0x0E, 0x00, 0x70, 0x03,
    0x80, 0x1C, 0x00, 0xE0, 0x07, 0xFF, 0x3F, 0xF8, 0x60, 0x03, 0x80, 0x0C, 0xE0, 0x3F, 0x80, 0xEE,
    0x0E, 0x30, 0x00, 0x00, 0xF8, 0x1F, 0xE1, 0xFF, 0x8E, 0x1E, 0xE0, 0x77, 0x03, 0xBF, 0xFD, 0xFF,
    0xEE, 0x00, 0x70, 0x01, 0xC0, 0x0F, 0x04, 0x3F, 0xF0, 0xFF, 0x01, 0xE0, 0x00, 0xE0, 0x0F, 0x00,
    0x70, 0xEE, 0x1F, 0xC3, 0xB8, 0x71, 0x80, 0x00, 0xFF, 0xEF, 0xFE, 0xFF, 0xCE, 0x00, 0xE0, 0x0E,
    0x00, 0xE0, 0x0F, 0xFC, 0xFF, 0xCF, 0xFC, 0xE0, 0x0E, 0x00, 0xE0, 0x0E, 0x00, 0xE0, 0x0E, 0x00,
    0xFF, 0xEF, 0xFE, 0x00, 0xF0, 0x03, 0x80, 0x0C, 0x1E, 0xE0, 0xFE, 0x0F, 0xC0, 0xE3, 0x00, 0x00,
    0x0F, 0x81, 0xFE, 0x1F, 0xF8, 0xE1, 0xEE, 0x07, 0x70, 0x3B, 0xFF, 0xDF, 0xFE, 0xE0, 0x07, 0x00,
    0x1C, 0x00, 0xF0, 0x43, 0xFF, 0x0F, 0xF0, 0x1E, 0x00, 0x10, 0x87, 0xF9, 0xFE, 0x31, 0x80, 0xE0,
    0x3E, 0x0E, 0xE3, 0x8C, 0x00, 0x1F, 0xFF, 0xFF, 0xFF, 0xEE, 0x01, 0xC0, 0x38, 0x07, 0x00, 0xFF,
    0xDF, 0xFB, 0xFF, 0x70, 0x0E, 0x01, 0xC0, 0x38, 0x07, 0x00, 0xE0, 0x1F, 0xFF, 0xFF, 0x80, 0x00,
    0x01, 0xEC, 0x3F, 0xC3, 0x38, 0x07, 0x00, 0xF8, 0x1F, 0x83, 0x8C, 0x00, 0x00, 0xF8, 0x3F, 0xC7,
    0xFE, 0x70, 0xFE, 0x07, 0xE0, 0x7F, 0xFF, 0xFF, 0xFE, 0x00, 0xE0, 0x07, 0x00, 0x78, 0x23, 0xFF,
    0x1F, 0xE0, 0x78, 0x06, 0x01, 0xE0, 0x7C, 0x1D, 0xC7, 0x1C, 0x00, 0x3F, 0xFF, 0xFF, 0xFF, 0xDC,
    0x03, 0x80, 0x70, 0x0E, 0x01, 0xFF, 0xBF, 0xF7, 0xFE, 0xE0, 0x1C, 0x03, 0x80, 0x70, 0x0E, 0x01,
    0xC0, 0x3F, 0xFF, 0xFF, 0x00, 0x00, 0x80, 0x38, 0x07, 0x00, 0x40, 0x06, 0x00, 0xF0, 0x1F, 0x83,
    0xDC, 0x38, 0xE0, 0x00, 0x0F, 0x83, 0xFC, 0x7F, 0xE7, 0x0F, 0xE0, 0x7E, 0x07, 0xFF, 0xFF, 0xFF,
    0xE0, 0x0E, 0x00, 0x70, 0x07, 0x82, 0x3F, 0xF1, 0xFE, 0x07, 0x80, 0x20, 0x07, 0x00, 0x70, 0x02,
    0x00, 0x78, 0xF8, 0x30, 0xE3, 0xC6, 0x00, 0x7F, 0xFE, 0x70, 0xE1, 0xC3, 0x87, 0x0E, 0x1C, 0x38,
    0x70, 0xE1, 0xC3, 0x87, 0x0E, 0x7F, 0xFE, 0xF3, 0xE1, 0x8E, 0x79, 0x82, 0x1C, 0x71, 0xC7, 0x1C,
    0x71, 0xC7, 0x1C, 0x71, 0xC7, 0x1C, 0x70, 0xFF, 0xFC, 0xE1, 0xC3, 0x87, 0x0E, 0x1C, 0x38, 0x70,
    0xE1, 0xC3, 0x87, 0x0E, 0x1C, 0xFF, 0xFC, 0x01, 0x83, 0x87, 0x0C, 0x00, 0x67, 0x76, 0x07, 0x77,
    0x77, 0x77, 0x77, 0x77, 0x77, 0x70, 0x67, 0x76, 0x00, 0x00, 0x07, 0xFC, 0x07, 0xFF, 0x87, 0xC3,
    0xC7, 0x80, 0x73, 0x80, 0x3D, 0xC0, 0x0F, 0xE0, 0x07, 0xE0, 0x03, 0xF0, 0x01, 0xF8, 0x00, 0xFC,
    0x00, 0x7F, 0x00, 0x3B, 0x80, 0x1D, 0xC0, 0x1E, 0xF0, 0x0E, 0x3C, 0x1F, 0x0F, 0xFF, 0x03, 0xFE,
    0x00, 0x38, 0x00, 0x0C, 0x00, 0x0E, 0x00, 0x07, 0x00, 0x01, 0x80, 0x0F, 0x81, 0xFF, 0x1F, 0xFC,
    0xE0, 0xEE, 0x03, 0xF0, 0x1F, 0x80, 0xFC, 0x07, 0xE0, 0x3F, 0x01, 0xDC, 0x1E, 0xF0, 0xE3, 0xFE,
    0x0F, 0xE0, 0x1C, 0x00, 0x40, 0x07, 0x00, 0x38, 0x00, 0x80, 0x01, 0xE0, 0x00, 0xF8, 0x00, 0x1C,
    0x00, 0x1E, 0x00, 0x0E, 0x00, 0x06, 0x00, 0x03, 0x00, 0x1F, 0xF0, 0x1F, 0xFE, 0x1F, 0x0F, 0x1E,
    0x01, 0xCE, 0x00, 0xF7, 0x00, 0x3F, 0x80, 0x1F, 0x80, 0x0F, 0xC0, 0x07, 0xE0, 0x03, 0xF0, 0x01,
    0xFC, 0x00, 0xEE, 0x00, 0x77, 0x00, 0x7B, 0xC0, 0x38, 0xF0, 0x7C, 0x3F, 0xFC, 0x0F, 0xF8, 0x00,
    0xE0, 0x00, 0x07, 0x00, 0x7C, 0x00, 0x70, 0x03, 0x80, 0x78, 0x03, 0x80, 0x08, 0x01, 0xF0, 0x3F,
    0xE3, 0xFF, 0x9C, 0x1D, 0xC0, 0x7E, 0x03, 0xF0, 0x1F, 0x80, 0xFC, 0x07, 0xE0, 0x3B, 0x83, 0xDE,
    0x1C, 0x7F, 0xC1, 0xFC, 0x03, 0x80, 0x00, 0x07, 0x00, 0x07, 0x00, 0x7B, 0x00, 0x7F, 0x00, 0x77,
    0x00, 0x31, 0xC0, 0x00, 0x00, 0x1F, 0xF0, 0x1F, 0xFE, 0x1F, 0x0F, 0x1E, 0x01, 0xCE, 0x00, 0xF7,
    0x00, 0x3F, 0x80, 0x1F, 0x80, 0x0F, 0xC0, 0x07, 0xE0, 0x03, 0xF0, 0x01, 0xFC, 0x00, 0xEE, 0x00,
    0x77, 0x00, 0x7B, 0xC0, 0x38, 0xF0, 0x7C, 0x3F, 0xFC, 0x0F, 0xF8, 0x00, 0xE0, 0x00, 0x00, 0x18,
    0x00, 0xE0, 0x77, 0x03, 0xF8, 0x1D, 0xC0, 0xE3, 0x80, 0x00, 0x03, 0xE0, 0x3F, 0xE1, 0xFF, 0xC7,
    0x07, 0x38, 0x0E, 0xE0, 0x3B, 0x80, 0xEE, 0x03, 0xB8, 0x0E, 0xE0, 0x39, 0xC1, 0xE7, 0x87, 0x0F,
    0xF8, 0x1F, 0xC0, 0x1C, 0x00, 0x38, 0x00, 0x1C, 0x00, 0x07, 0x78, 0x01, 0xFC, 0x00, 0x77, 0x00,
    0x31, 0xC0, 0x00, 0x00, 0x1F, 0xF0, 0x1F, 0xFE, 0x1F, 0x0F, 0x1E, 0x01, 0xCE, 0x00, 0xF7, 0x00,
    0x3F, 0x80, 0x1F, 0x80, 0x0F, 0xC0, 0x07, 0xE0, 0x03, 0xF0, 0x01, 0xFC, 0x00, 0xEE, 0x00, 0x77,
    0x00, 0x7B, 0xC0, 0x38, 0xF0, 0x7C, 0x3F, 0xFC, 0x0F, 0xF8, 0x00, 0xE0, 0x00, 0xC0, 0x07, 0x00,
    0x1D, 0xC0, 0x7F, 0x01, 0xDC, 0x0C, 0x70, 0x00, 0x01, 0xF0, 0x3F, 0xE3, 0xFF, 0x9C, 0x1D, 0xC0,
    0x7E, 0x03, 0xF0, 0x1F, 0x80, 0xFC, 0x07, 0xE0, 0x3B, 0x83, 0xDE, 0x1C, 0x7F, 0xC1, 0xFC, 0x03,
    0x80, 0x00, 0x1C, 0x00, 0x07, 0x00, 0x03, 0x80, 0x3D, 0x80, 0x3E, 0x80, 0x3B, 0x80, 0x18, 0xE0,
    0x00, 0x00, 0x0F, 0xF8, 0x0F, 0xFF, 0x0F, 0x87, 0x8F, 0x00, 0xE7, 0x00, 0x7B, 0x80, 0x1F, 0xC0,
    0x0F, 0xC0, 0x07, 0xE0, 0x03, 0xF0, 0x01, 0xF8, 0x00, 0xFE, 0x00, 0x77, 0x00, 0x3B, 0x80, 0x3D,
    0xE0, 0x1C, 0x78, 0x3E, 0x1F, 0xFE, 0x07, 0xFC, 0x00, 0x70, 0x00, 0x00, 0x70, 0x03, 0xC0, 0x0E,
    0x0E, 0xE0, 0xFE, 0x0E, 0xE0, 0xE3, 0x80, 0x00, 0x0F, 0x81, 0xFF, 0x1F, 0xFC, 0xE0, 0xEE, 0x03,
    0xF0, 0x1F, 0x80, 0xFC, 0x07, 0xE0, 0x3F, 0x01, 0xDC, 0x1E, 0xF0, 0xE3, 0xFE, 0x0F, 0xE0, 0x1C,
    0x00, 0x01, 0x08, 0x03, 0xEC, 0x01, 0xFE, 0x00, 0x8E, 0x00, 0x1C, 0x00, 0x1F, 0x00, 0x1D, 0xC0,
    0x0C, 0x70, 0x00, 0x00, 0x07, 0xFC, 0x07, 0xFF, 0x87, 0xC3, 0xC7, 0x80, 0x73, 0x80, 0x3D, 0xC0,
    0x0F, 0xE0, 0x07, 0xE0, 0x03, 0xF0, 0x01, 0xF8, 0x00, 0xFC, 0x00, 0x7F, 0x00, 0x3B, 0x80, 0x1D,
    0xC0, 0x1E, 0xF0, 0x0E, 0x3C, 0x1F, 0x0F, 0xFF, 0x03, 0xFE, 0x00, 0x38, 0x00, 0x00, 0x00, 0xF3,
    0x07, 0xF0, 0x63, 0x80, 0x70, 0x07, 0xC0, 0x77, 0x03, 0x1C, 0x00, 0x00, 0x7C, 0x0F, 0xF8, 0xFF,
    0xE7, 0x07, 0x70, 0x1F, 0x80, 0xFC, 0x07, 0xE0, 0x3F, 0x01, 0xF8, 0x0E, 0xE0, 0xF7, 0x87, 0x1F,
    0xF0, 0x7F, 0x00, 0xE0, 0x00, 0xC0, 0x00, 0xF0, 0x00, 0xFC, 0x00, 0xEE, 0x00, 0xE3, 0x80, 0x00,
    0x00, 0x3F, 0xE0, 0x3F, 0xFC, 0x3E, 0x1E, 0x3C, 0x03, 0x9C, 0x01, 0xEE, 0x00, 0x7F, 0x00, 0x3F,
    0x00, 0x1F, 0x80, 0x0F, 0xC0, 0x07, 0xE0, 0x03, 0xF8, 0x01, 0xDC, 0x00, 0xEE, 0x00, 0xF7, 0x80,
    0x71, 0xE0, 0xF8, 0x7F, 0xF8, 0x1F, 0xF0, 0x01, 0xC0, 0x00, 0x60, 0x00, 0x70, 0x00, 0x38, 0x00,
    0x0C, 0x00, 0x02, 0x00, 0x3C, 0x03, 0xE0, 0x3B, 0x83, 0x8E, 0x00, 0x00, 0x3E, 0x07, 0xFC, 0x7F,
    0xF3, 0x83, 0xB8, 0x0F, 0xC0, 0x7E, 0x03, 0xF0, 0x1F, 0x80, 0xFC, 0x07, 0x70, 0x7B, 0xC3, 0x8F,
    0xF8, 0x3F, 0x80, 0x70, 0x01, 0x00, 0x1C, 0x00, 0xE0, 0x02, 0x00, 0x00, 0x30, 0x00, 0x07, 0x00,
    0x00, 0xF0, 0x00, 0x0E, 0x00, 0x01, 0xC0, 0x00, 0x00, 0x0E, 0x0F, 0xF8, 0xE1, 0xFF, 0xEE, 0x3E,
    0x1F, 0xC7, 0x80, 0x78, 0x70, 0x07, 0x87, 0x00, 0x38, 0xF0, 0x03, 0x8E, 0x00, 0x38, 0xE0, 0x03,
    0x8E, 0x00, 0x38, 0xE0, 0x03, 0x8F, 0x00, 0x38, 0x70, 0x03, 0x87, 0x00, 0x78, 0x78, 0x07, 0x03,
    0xC1, 0xF0, 0x1F, 0xFE, 0x00, 0xFF, 0x80, 0x01, 0xC0, 0x00, 0x00, 0xC0, 0x01, 0xC0, 0x03, 0x80,
    0x07, 0x80, 0x06, 0x0E, 0x00, 0x0E, 0x0F, 0x8E, 0x3F, 0xFE, 0x7F, 0xFC, 0x70, 0x78, 0xE0, 0x38,
    0xE0, 0x38, 0xE0, 0x38, 0xE0, 0x38, 0xE0, 0x38, 0xE0, 0x38, 0x70, 0x38, 0x70, 0x70, 0x3F, 0xE0,
    0x1F, 0xC0, 0x07, 0x00, 0x03, 0x00, 0x00, 0x78, 0x00, 0x03, 0xC0, 0x00, 0x1C, 0x00, 0x00, 0xE0,
    0x00, 0x00, 0x0E, 0x0F, 0xF8, 0xE1, 0xFF, 0xEE, 0x3E, 0x1F, 0xC7, 0x80, 0x78, 0x70, 0x07, 0x87,
    0x00, 0x38, 0xF0, 0x03, 0x8E, 0x00, 0x38, 0xE0, 0x03, 0x8E, 0x00, 0x38, 0xE0, 0x03, 0x8F, 0x00,
    0x38, 0x70, 0x03, 0x87, 0x00, 0x78, 0x78, 0x07, 0x03, 0xC1, 0xF0, 0x1F, 0xFE, 0x00, 0xFF, 0x80,
    0x01, 0xC0, 0x00, 0x0C, 0x00, 0x1E, 0x00, 0x0E, 0x00, 0x07, 0x00, 0x03, 0x8E, 0x00, 0x0E, 0x0F,
    0x8E, 0x3F, 0xFE, 0x7F, 0xFC, 0x70, 0x78, 0xE0, 0x38, 0xE0, 0x38, 0xE0, 0x38, 0xE0, 0x38, 0xE0,
    0x38, 0xE0, 0x38, 0x70, 0x38, 0x70, 0x70, 0x3F, 0xE0, 0x1F, 0xC0, 0x07, 0x00, 0x01, 0xC0, 0x00,
    0x3E, 0x00, 0x00, 0x70, 0x00, 0x07, 0x00, 0x01, 0xE0, 0x00, 0x1C, 0x00, 0x00, 0xC0, 0xE0, 0xFF,
    0x8E, 0x1F, 0xFE, 0xE3, 0xE1, 0xFC, 0x78, 0x07, 0x87, 0x00, 0x78, 0x70, 0x03, 0x8F, 0x00, 0x38,
    0xE0, 0x03, 0x8E, 0x00, 0x38, 0xE0, 0x03, 0x8E, 0x00, 0x38, 0xF0, 0x03, 0x87, 0x00, 0x38, 0x70,
    0x07, 0x87, 0x80, 0x70, 0x3C, 0x1F, 0x01, 0xFF, 0xE0, 0x0F, 0xF8, 0x00, 0x1C, 0x00, 0x0F, 0x00,
    0x0F, 0x80, 0x01, 0x80, 0x03, 0x80, 0x07, 0x80, 0x06, 0x0E, 0x02, 0x0E, 0x0F, 0x8E, 0x3F, 0xFE,
    0x7F, 0xFC, 0x70, 0x78, 0xE0, 0x38, 0xE0, 0x38, 0xE0, 0x38, 0xE0, 0x38, 0xE0, 0x38, 0xE0, 0x38,
    0x70, 0x38, 0x70, 0x70, 0x3F, 0xE0, 0x1F, 0xC0, 0x07, 0x00, 0x03, 0x08, 0x00, 0x7D, 0xC0, 0x0F,
    0xF8, 0x00, 0xC7, 0x00, 0x00, 0x00, 0xE0, 0xFF, 0x8E, 0x1F, 0xFE, 0xE3, 0xE1, 0xFC, 0x78, 0x07,
    0x87, 0x00, 0x78, 0x70, 0x03, 0x8F, 0x00, 0x38, 0xE0, 0x03, 0x8E, 0x00, 0x38, 0xE0, 0x03, 0x8E,
    0x00, 0x38, 0xF0, 0x03, 0x87, 0x00, 0x38, 0x70, 0x07, 0x87, 0x80, 0x70, 0x3C, 0x1F, 0x01, 0xFF,
    0xE0, 0x0F, 0xF8, 0x00, 0x1C, 0x00, 0x0C, 0x20, 0x3F, 0x60, 0x3F, 0xE0, 0x33, 0xCE, 0x00, 0x0E,
    0x0F, 0x8E, 0x3F, 0xFE, 0x7F, 0xFC, 0x70, 0x78, 0xE0, 0x38, 0xE0, 0x38, 0xE0, 0x38, 0xE0, 0x38,
    0xE0, 0x38, 0xE0, 0x38, 0x70, 0x38, 0x70, 0x70, 0x3F, 0xE0, 0x1F, 0xC0, 0x07, 0x00, 0x00, 0x00,
    0xE0, 0xFF, 0x8E, 0x1F, 0xFE, 0xE3, 0xE1, 0xFC, 0x78, 0x07, 0x87, 0x00, 0x78, 0x70, 0x03, 0x8F,
    0x00, 0x38, 0xE0, 0x03, 0x8E, 0x00, 0x38, 0xE0, 0x03, 0x8E, 0x00, 0x38, 0xF0, 0x03, 0x87, 0x00,
    0x38, 0x70, 0x07, 0x87, 0x80, 0x70, 0x3C, 0x1F, 0x01, 0xFF, 0xE0, 0x0F, 0xF8, 0x00, 0x1C, 0x00,
    0x00, 0xC0, 0x00, 0x1C, 0x00, 0x01, 0xC0, 0x00, 0x0C, 0x00, 0x00, 0x0E, 0x00, 0x0E, 0x0F, 0x8E,
    0x3F, 0xFE, 0x7F, 0xFC, 0x70, 0x78, 0xE0, 0x38, 0xE0, 0x38, 0xE0, 0x38, 0xE0, 0x38, 0xE0, 0x38,
    0xE0, 0x38, 0x70, 0x38, 0x70, 0x70, 0x3F, 0xE0, 0x1F, 0xC0, 0x07, 0x00, 0x02, 0x00, 0x07, 0x00,
    0x07, 0x00, 0x02, 0x00, 0xE0, 0x1F, 0x80, 0x7E, 0x01, 0xF8, 0x07, 0xE0, 0x1F, 0x80, 0x7E, 0x01,
    0xF8, 0x07, 0xE0, 0x1F, 0x80, 0x7E, 0x01, 0xF8, 0x07, 0xE0, 0x1F, 0x80, 0x7F, 0x01, 0xDE, 0x1E,
    0x3F, 0xF8, 0x7F, 0x80, 0x78, 0x00, 0xC0, 0x07, 0x80, 0x1E, 0x00, 0x30, 0x00, 0x60, 0x3B, 0x81,
    0xDC, 0x0E, 0xE0, 0x77, 0x03, 0xB8, 0x1D, 0xC0, 0xEE, 0x07, 0x70, 0x3B, 0x81, 0xDC, 0x1E, 0xE1,
    0xF7, 0xFF, 0x9F, 0xDC, 0x38, 0x00, 0xC0, 0x07, 0x00, 0x38, 0x01, 0x80, 0x07, 0x80, 0x1F, 0x00,
    0x0C, 0x00, 0x70, 0x03, 0x80, 0x0C, 0x00, 0x00, 0x38, 0x07, 0xE0, 0x1F, 0x80, 0x7E, 0x01, 0xF8,
    0x07, 0xE0, 0x1F, 0x80, 0x7E, 0x01, 0xF8, 0x07, 0xE0, 0x1F, 0x80, 0x7E, 0x01, 0xF8, 0x07, 0xE0,
    0x1F, 0xC0, 0x77, 0x87, 0x8F, 0xFE, 0x1F, 0xE0, 0x1E, 0x00, 0x07, 0x00, 0x7C, 0x00, 0x70, 0x03,
    0x80, 0x78, 0x03, 0x80, 0x08, 0x0C, 0x07, 0x70, 0x3B, 0x81, 0xDC, 0x0E, 0xE0, 0x77, 0x03, 0xB8,
    0x1D, 0xC0, 0xEE, 0x07, 0x70, 0x3B, 0x83, 0xDC, 0x3E, 0xFF, 0xF3, 0xFB, 0x87, 0x00, 0x00, 0xC0,
    0x00, 0x3C, 0x00, 0x07, 0x00, 0x01, 0xC0, 0x00, 0x70, 0x00, 0x00, 0x01, 0xF8, 0x07, 0x7F, 0x00,
    0xEE, 0xE0, 0x1F, 0xDC, 0x03, 0xF3, 0x80, 0x70, 0x70, 0x0E, 0x0E, 0x01, 0xC1, 0xC0, 0x38, 0x38,
    0x07, 0x07, 0x00, 0xE0, 0xE0, 0x1C, 0x1C, 0x03, 0x83, 0x80, 0x70, 0x70, 0x0E, 0x0F, 0x01, 0xC0,
    0xF0, 0xF0, 0x0F, 0xFE, 0x00, 0xFF, 0x80, 0x03, 0x80, 0x00, 0x00, 0xC0, 0x00, 0xE0, 0x00, 0xF0,
    0x00, 0x70, 0x00, 0x70, 0x38, 0x00, 0x1D, 0x80, 0xEE, 0xE0, 0x7E, 0x70, 0x3F, 0x38, 0x1E, 0x1C,
    0x0E, 0x0E, 0x07, 0x07, 0x03, 0x83, 0x81, 0xC1, 0xC0, 0xE0, 0xE0, 0x70, 0x70, 0x78, 0x38, 0x7C,
    0x1F, 0xFE, 0x07, 0xF7, 0x00, 0xE0, 0x00, 0x0C, 0x00, 0x01, 0xC0, 0x00, 0x1C, 0x00, 0x03, 0xC0,
    0x00, 0x38, 0x00, 0x00, 0x01, 0xF8, 0x07, 0x7F, 0x00, 0xEE, 0xE0, 0x1F, 0xDC, 0x03, 0xF3, 0x80,
    0x70, 0x70, 0x0E, 0x0E, 0x01, 0xC1, 0xC0, 0x38, 0x38, 0x07, 0x07, 0x00, 0xE0, 0xE0, 0x1C, 0x1C,
    0x03, 0x83, 0x80, 0x70, 0x70, 0x0E, 0x0F, 0x01, 0xC0, 0xF0, 0xF0, 0x0F, 0xFE, 0x00, 0xFF, 0x80,
    0x03, 0x80, 0x00, 0x0C, 0x00, 0x0F, 0x00, 0x03, 0x80, 0x00, 0xE0, 0x00, 0x38, 0x38, 0x00, 0x1D,
    0x80, 0xEE, 0xE0, 0x7E, 0x70, 0x3F, 0x38, 0x1E, 0x1C, 0x0E, 0x0E, 0x07, 0x07, 0x03, 0x83, 0x81,
    0xC1, 0xC0, 0xE0, 0xE0, 0x70, 0x70, 0x78, 0x38, 0x7C, 0x1F, 0xFE, 0x07, 0xF7, 0x00, 0xE0, 0x00,
    0x07, 0x80, 0x00, 0xF8, 0x00, 0x03, 0x00, 0x00, 0xE0, 0x00, 0x38, 0x00, 0x06, 0x00, 0x00, 0x00,
    0x3F, 0x00, 0xEF, 0xE0, 0x1D, 0xDC, 0x03, 0xFB, 0x80, 0x7E, 0x70, 0x0E, 0x0E, 0x01, 0xC1, 0xC0,
    0x38, 0x38, 0x07, 0x07, 0x00, 0xE0, 0xE0, 0x1C, 0x1C, 0x03, 0x83, 0x80, 0x70, 0x70, 0x0E, 0x0E,
    0x01, 0xC1, 0xE0, 0x38, 0x1E, 0x1E, 0x01, 0xFF, 0xC0, 0x1F, 0xF0, 0x00, 0x70, 0x00, 0x07, 0x00,
    0x03, 0xC0, 0x00, 0x70, 0x00, 0x38, 0x00, 0x78, 0x00, 0x38, 0x1C, 0x08, 0x0E, 0xC0, 0x77, 0x70,
    0x3F, 0x38, 0x1F, 0x9C, 0x0F, 0x0E, 0x07, 0x07, 0x03, 0x83, 0x81, 0xC1, 0xC0, 0xE0, 0xE0, 0x70,
    0x70, 0x38, 0x38, 0x3C, 0x1C, 0x3E, 0x0F, 0xFF, 0x03, 0xFB, 0x80, 0x70, 0x00, 0x0C, 0x30, 0x03,
    0xE6, 0x00, 0xFF, 0xC0, 0x18, 0xF0, 0x00, 0x00, 0x0F, 0xC0, 0x3B, 0xF8, 0x07, 0x77, 0x00, 0xFE,
    0xE0, 0x1F, 0x9C, 0x03, 0x83, 0x80, 0x70, 0x70, 0x0E, 0x0E, 0x01, 0xC1, 0xC0, 0x38, 0x38, 0x07,
    0x07, 0x00, 0xE0, 0xE0, 0x1C, 0x1C, 0x03, 0x83, 0x80, 0x70, 0x78, 0x0E, 0x07, 0x87, 0x80, 0x7F,
    0xF0, 0x07, 0xFC, 0x00, 0x1C, 0x00, 0x0C, 0x20, 0x0F, 0xB8, 0x0F, 0xF8, 0x06, 0x38, 0x70, 0x00,
    0x3B, 0x01, 0xDD, 0xC0, 0xFC, 0xE0, 0x7E, 0x70, 0x3C, 0x38, 0x1C, 0x1C, 0x0E, 0x0E, 0x07, 0x07,
    0x03, 0x83, 0x81, 0xC1, 0xC0, 0xE0, 0xE0, 0xF0, 0x70, 0xF8, 0x3F, 0xFC, 0x0F, 0xEE, 0x01, 0xC0,
    0x00, 0x00, 0x00, 0xFC, 0x03, 0xBF, 0x80, 0x77, 0x70, 0x0F, 0xEE, 0x01, 0xF9, 0xC0, 0x38, 0x38,
    0x07, 0x07, 0x00, 0xE0, 0xE0, 0x1C, 0x1C, 0x03, 0x83, 0x80, 0x70, 0x70, 0x0E, 0x0E, 0x01, 0xC1,
    0xC0, 0x38, 0x38, 0x07, 0x07, 0x80, 0xE0, 0x78, 0x78, 0x07, 0xFF, 0x00, 0x7F, 0xC0, 0x01, 0xC0,
    0x00, 0x30, 0x00, 0x07, 0x00, 0x00, 0xE0, 0x00, 0x18, 0x00, 0x00, 0x03, 0x80, 0x01, 0xD8, 0x0E,
    0xEE, 0x07, 0xE7, 0x03, 0xF3, 0x81, 0xE1, 0xC0, 0xE0, 0xE0, 0x70, 0x70, 0x38, 0x38, 0x1C, 0x1C,
    0x0E, 0x0E, 0x07, 0x07, 0x07, 0x83, 0x87, 0xC1, 0xFF, 0xE0, 0x7F, 0x70, 0x0E, 0x00, 0x03, 0x00,
    0x01, 0xC0, 0x00, 0xE0, 0x00, 0x60, 0x00, 0x0C, 0x00, 0x1C, 0x00, 0x3C, 0x00, 0x3C, 0x00, 0x38,
    0x00, 0x00, 0x38, 0x07, 0x78, 0x0E, 0x70, 0x38, 0xF0, 0x70, 0xE1, 0xC1, 0xE7, 0x81, 0xCE, 0x01,
    0xFC, 0x03, 0xF0, 0x03, 0xC0, 0x07, 0x80, 0x07, 0x00, 0x0E, 0x00, 0x1C, 0x00, 0x38, 0x00, 0x70,
    0x00, 0xE0, 0x01, 0xC0, 0x1C, 0x00, 0xF0, 0x03, 0x80, 0x0E, 0x00, 0x30, 0x00, 0x03, 0x80, 0xFC,
    0x07, 0xE0, 0x73, 0x83, 0x9C, 0x1C, 0x71, 0xC3, 0x8E, 0x1C, 0x70, 0x77, 0x03, 0xB8, 0x0F, 0x80,
    0x7C, 0x03, 0xE0, 0x0E, 0x00, 0x70, 0x07, 0x00, 0x38, 0x03, 0xC0, 0xFC, 0x07, 0xC0, 0x00, 0xE0,
    0x1D, 0xE0, 0x39, 0xC0, 0xE3, 0xC1, 0xC3, 0x87, 0x07, 0x9E, 0x07, 0x38, 0x07, 0xF0, 0x0F, 0xC0,
    0x0F, 0x00, 0x1E, 0x00, 0x1C, 0x00, 0x38, 0x00, 0x70, 0x00, 0xE0, 0x01, 0xC0, 0x03, 0x80, 0x07,
    0x00, 0x00, 0x00, 0x18, 0x00, 0x78, 0x00, 0xF0, 0x00, 0xC0, 0x00, 0xE0, 0x3F, 0x01, 0xF8, 0x1C,
    0xE0, 0xE7, 0x07, 0x1C, 0x70, 0xE3, 0x87, 0x1C, 0x1D, 0xC0, 0xEE, 0x03, 0xE0, 0x1F, 0x00, 0xF8,
    0x03, 0x80, 0x1C, 0x01, 0xCC, 0x0E, 0xE0, 0xF7, 0x3F, 0x19, 0xF0, 0x00, 0x07, 0x80, 0x0F, 0x80,
    0x03, 0x00, 0x0E, 0x00, 0x38, 0x00, 0x60, 0x00, 0x00, 0x70, 0x0E, 0xF0, 0x1C, 0xE0, 0x71, 0xE0,
    0xE1, 0xC3, 0x83, 0xCF, 0x03, 0x9C, 0x03, 0xF8, 0x07, 0xE0, 0x07, 0x80, 0x0F, 0x00, 0x0E, 0x00,
    0x1C, 0x00, 0x38, 0x00, 0x70, 0x00, 0xE0, 0x01, 0xC0, 0x03, 0x80, 0x0F, 0x00, 0x7C, 0x00, 0x60,
    0x07, 0x00, 0x78, 0x03, 0x00, 0x08, 0x1C, 0x07, 0xE0, 0x3F, 0x03, 0x9C, 0x1C, 0xE0, 0xE3, 0x8E,
    0x1C, 0x70, 0xE3, 0x83, 0xB8, 0x1D, 0xC0, 0x7C, 0x03, 0xE0, 0x1F, 0x00, 0x70, 0x03, 0x80, 0x38,
    0x01, 0xC0, 0x1E, 0x07, 0xE0, 0x3E, 0x00, 0x0C, 0x30, 0x3E, 0x60, 0xFF, 0x81, 0x8F, 0x00, 0x00,
    0x1C, 0x03, 0xBC, 0x07, 0x38, 0x1C, 0x78, 0x38, 0x70, 0xE0, 0xF3, 0xC0, 0xE7, 0x00, 0xFE, 0x01,
    0xF8, 0x01, 0xE0, 0x03, 0xC0, 0x03, 0x80, 0x07, 0x00, 0x0E, 0x00, 0x1C, 0x00, 0x38, 0x00, 0x70,
    0x00, 0xE0, 0x00, 0x1C, 0x61, 0xFB, 0x0F, 0xF8, 0xE7, 0x80, 0x00, 0x70, 0x1F, 0x80, 0xFC, 0x0E,
    0x70, 0x73, 0x83, 0x8E, 0x38, 0x71, 0xC3, 0x8E, 0x0E, 0xE0, 0x77, 0x01, 0xF0, 0x0F, 0x80, 0x7C,
    0x01, 0xC0, 0x0E, 0x00, 0xE0, 0x07, 0x00, 0x78, 0x1F, 0x80, 0xF8, 0x00, 0x00, 0x30, 0x77, 0xED,
    0xDB, 0x30, 0x60, 0xC1, 0x83, 0x06, 0x0C, 0x18, 0x30, 0x60, 0xC1, 0x83, 0x06, 0x0C, 0x18, 0x00,
    0x00, 0x61, 0xC3, 0xF7, 0x66, 0xC1, 0x83, 0x06, 0x0C, 0x18, 0x30, 0x60, 0xC1, 0x83, 0x06, 0x0C,
    0x18, 0x30, 0x60, 0xC0, 0xFD, 0xFB, 0xF0, 0xFD, 0xFB, 0xF0, 0xFF, 0xFF, 0xFF, 0xC0, 0xFF, 0xFF,
    0xFF, 0xFF, 0x80, 0xFF, 0xFF, 0xFF, 0xFF, 0xFF, 0xFF, 0xFF, 0xFF, 0xF8, 0xFF, 0xFF, 0xFF, 0xFF,
    0xFF, 0xFF, 0xFF, 0xFF, 0xF8, 0xC7, 0xC7, 0xC7, 0xC7, 0xC7, 0xC7, 0xC7, 0xC7, 0xC7, 0xC7, 0xC7,
    0xC7, 0xC7, 0xC7, 0xC7, 0xC7, 0xC7, 0xC7, 0xC7, 0xC7, 0xC7, 0xC7, 0xC7, 0xC7, 0xC7, 0x00, 0x7F,
    0xE7, 0xFF, 0x7F, 0xE0, 0x00, 0x7F, 0xF7, 0xFF, 0x33, 0x9C, 0xEE, 0x73, 0x80, 0x73, 0x9C, 0xCE,
    0x73, 0x00, 0x3B, 0xDC, 0xE7, 0x31, 0x80, 0xE7, 0x1C, 0xE7, 0x18, 0xC0, 0x31, 0xB9, 0xDC, 0xEE,
    0xEE, 0x77, 0x3B, 0x9C, 0x73, 0xB9, 0xDD, 0xCC, 0xEE, 0x77, 0x33, 0x18, 0x3B, 0x9E, 0xE7, 0x39,
    0xCE, 0x77, 0x19, 0xC4, 0x60, 0xE7, 0x73, 0x9D, 0xCE, 0xE7, 0x39, 0x9C, 0xC6, 0x0E, 0x01, 0xC0,
    0x38, 0x06, 0x04, 0xCD, 0xFF, 0xFF, 0xF8, 0x60, 0x0C, 0x01, 0x80, 0x30, 0x07, 0x00, 0xE0, 0x1C,
    0x03, 0x80, 0x70, 0x0E, 0x01, 0xC0, 0x38, 0x00, 0x0E, 0x01, 0xC0, 0x38, 0x07, 0x0F, 0xFF, 0xFF,
    0xFF, 0xF0, 0x70, 0x0E, 0x01, 0xC0, 0x38, 0x07, 0x0F, 0xFD, 0xFF, 0xFF, 0xF8, 0x70, 0x0E, 0x01,
    0xC0, 0x38, 0x00, 0x10, 0xF9, 0xFB, 0xF7, 0xEF, 0xDF, 0x00, 0xC0, 0xF0, 0xFC, 0xFE, 0xFC, 0xF8,
    0xE0, 0x00, 0x07, 0xFF, 0x60, 0x00, 0x0E, 0x3F, 0xC7, 0xB8, 0xF6, 0x0C, 0x00, 0x00, 0x38, 0xF1,
    0xFC, 0x78, 0xEE, 0x3C, 0x76, 0x0C, 0x10, 0x07, 0xF7, 0x60, 0x01, 0xFF, 0x06, 0x0C, 0x18, 0x30,
    0x60, 0xC1, 0x83, 0x06, 0x0C, 0x18, 0x30, 0x60, 0xC1, 0x83, 0x06, 0x00, 0x01, 0xFC, 0x18, 0x30,
    0x60, 0xC1, 0x83, 0x06, 0x0C, 0x18, 0x30, 0x60, 0xC1, 0x83, 0x06, 0x0C, 0x18, 0x30, 0xFF, 0xFF,
    0xFF, 0xFF, 0xF3, 0x0C, 0x30, 0xC3, 0x0C, 0x30, 0xC3, 0x0C, 0x30, 0xC3, 0x0C, 0x30, 0xC0, 0xFF,
    0xF8, 0x20, 0x83, 0xF3, 0x0C, 0x30, 0xC3, 0x0C, 0x30, 0xC3, 0x0C, 0x30, 0xC3, 0x0C, 0x30, 0xC0,
    0xFF, 0xF0, 0x41, 0x07, 0xF3, 0x0C, 0x30, 0xC3, 0x0C, 0x30, 0xC3, 0x0C, 0x30, 0xC3, 0x0C, 0x30,
    0xC0, 0x00, 0x00, 0x00, 0x07, 0xC0, 0x60, 0x00, 0x7E, 0x0E, 0x00, 0x0E, 0x70, 0xC0, 0x00, 0xE7,
    0x1C, 0x00, 0x0C, 0x71, 0x80, 0x00, 0xC7, 0x38, 0x00, 0x0C, 0x77, 0x00, 0x00, 0xE7, 0x7F, 0x87,
    0xCE, 0x7E, 0xFC, 0xFE, 0x7E, 0xFC, 0xCE, 0xE7, 0xDD, 0xCE, 0xC6, 0x01, 0x98, 0xFC, 0x70, 0x39,
    0x8F, 0xC7, 0x03, 0x18, 0xFC, 0x70, 0x71, 0x8E, 0xC6, 0x0E, 0x1C, 0xEC, 0x60, 0xE0, 0xFC, 0xFE,
    0x1C, 0x0F, 0xC7, 0xC0, 0x00, 0x30, 0x10, 0x00, 0x00, 0x00, 0x00, 0x03, 0xE0, 0x38, 0x00, 0x00,
    0x1F, 0x83, 0x80, 0x00, 0x01, 0xCE, 0x1C, 0x00, 0x00, 0x0E, 0x71, 0xC0, 0x00, 0x00, 0x63, 0x8C,
    0x00, 0x00, 0x03, 0x1C, 0xE0, 0x00, 0x00, 0x18, 0xE6, 0x00, 0x00, 0x00, 0xE7, 0x77, 0xC7, 0xC3,
    0xE7, 0x3B, 0x7E, 0x3F, 0x3F, 0x9F, 0xBF, 0x3B, 0x9D, 0xDC, 0xFB, 0xB9, 0xDC, 0xEC, 0x70, 0x1D,
    0xC6, 0xC7, 0x63, 0x81, 0xCE, 0x36, 0x3F, 0x1C, 0x0C, 0x71, 0xB1, 0xD8, 0xE0, 0xE3, 0x9D, 0xCE,
    0xC7, 0x06, 0x1C, 0xEE, 0x77, 0x30, 0x70, 0x7F, 0x3F, 0x3F, 0x83, 0x03, 0xF1, 0xF8, 0xF8, 0x00,
    0x06, 0x03, 0x01, 0x80, 0x0E, 0x38, 0x61, 0xC3, 0x0E, 0x18, 0x00, 0x0E, 0xE3, 0x98, 0x67, 0x1C,
    0xC3, 0x38, 0xE6, 0x19, 0x80, 0x0E, 0xEE, 0x1C, 0xCE, 0x19, 0xDC, 0x39, 0x9C, 0x33, 0xB8, 0x73,
    0x30, 0x66, 0x30, 0xE1, 0xC7, 0x0E, 0x18, 0x70, 0xC0, 0xEE, 0x1D, 0xC7, 0x70, 0xEE, 0x19, 0x87,
    0x70, 0xCC, 0xEE, 0xE1, 0xDD, 0xC7, 0x73, 0x0E, 0xEE, 0x19, 0x98, 0x77, 0x70, 0xCC, 0xC0, 0x00,
    0x03, 0x01, 0xE0, 0x78, 0x3F, 0x0C, 0xC7, 0x39, 0x86, 0xE1, 0xC0, 0x08, 0x73, 0x9C, 0xE3, 0x8F,
    0x1C, 0x38, 0x70, 0x80, 0x60, 0xE0, 0xE1, 0xE1, 0xE1, 0xC7, 0x1E, 0x78, 0xE0, 0x80, 0x00, 0x00,
    0x0C, 0x1C, 0x1B, 0xC3, 0x87, 0x3C, 0x71, 0xE3, 0xC0, 0x78, 0x3C, 0x1E, 0x03, 0xC7, 0x80, 0x3D,
    0xE0, 0x43, 0xF8, 0x5C, 0x3E, 0x1F, 0x87, 0xC3, 0xF1, 0xFC, 0x70, 0x7B, 0x80, 0x1E, 0x38, 0x07,
    0x83, 0x81, 0xE0, 0x38, 0x78, 0xE3, 0x8E, 0x1C, 0x39, 0x83, 0x83, 0x00, 0x60, 0x00, 0x73, 0xDC,
    0xF7, 0x1D, 0xC7, 0x71, 0xDC, 0x77, 0x1D, 0xC6, 0x71, 0x9C, 0x67, 0x19, 0xC6, 0x61, 0x80, 0x00,
    0x01, 0xCF, 0xF3, 0xDC, 0xF6, 0x18, 0x00, 0x0F, 0xF3, 0xFF, 0x2E, 0xE1, 0xCE, 0x39, 0xC7, 0x38,
    0xEE, 0x1F, 0xC3, 0xF0, 0x78, 0x0E, 0x01, 0xC0, 0x38, 0x00, 0x00, 0x00, 0x1C, 0x03, 0x80, 0x70,
    0x04, 0x00, 0x7F, 0xFD, 0xFF, 0xF0, 0x00, 0x01, 0x80, 0x0D, 0x80, 0x31, 0xC0, 0xE1, 0xFF, 0x81,
    0xFC, 0x00, 0x0F, 0xE0, 0x3F, 0xE0, 0xE0, 0xE3, 0x00, 0x6E, 0x00, 0x68, 0x00, 0x80, 0x00, 0x00,
    0xC0, 0xE0, 0x60, 0x70, 0x30, 0x18, 0x18, 0x0C, 0x0E, 0x07, 0x07, 0x83, 0x61, 0xB1, 0x9C, 0xC6,
    0xE3, 0x80, 0x00, 0x0E, 0x00, 0x00, 0x00, 0x60, 0x00, 0x00, 0x06, 0x00, 0x00, 0x0C, 0x63, 0x00,
    0x00, 0xFF, 0xF0, 0x00, 0x0F, 0xFF, 0x00, 0x00, 0x0F, 0x00, 0x00, 0x01, 0xF8, 0x00, 0x00, 0x1F,
    0x80, 0x00, 0x03, 0x9C, 0x00, 0x00, 0x39, 0xC0, 0x00, 0x70, 0x00, 0xE0, 0x07, 0x00, 0x0E, 0x00,
    0x70, 0x00, 0xE0, 0x06, 0x10, 0x8E, 0x0F, 0xEF, 0x0F, 0xFF, 0xFF, 0xF0, 0xFF, 0xF7, 0xFE, 0x07,
    0xFC, 0x0F, 0x80, 0x1F, 0x01, 0xF8, 0x03, 0xB8, 0x3D, 0xC0, 0x3B, 0xC3, 0x9E, 0x07, 0x9C, 0x18,
    0x80, 0x11, 0x80, 0xFD, 0xFB, 0xF0, 0x00, 0x38, 0x01, 0xC0, 0x1C, 0x00, 0xC0, 0x0E, 0x00, 0xE0,
    0x07, 0x00, 0x70, 0x03, 0x00, 0x38, 0x03, 0x80, 0x18, 0x01, 0xC0, 0x0C, 0x00, 0xE0, 0x0E, 0x00,
    0x60, 0x07, 0x00, 0x00, 0x7E, 0xFD, 0x83, 0x06, 0x0C, 0x18, 0x30, 0x60, 0xC1, 0xFB, 0xF6, 0x0C,
    0x18, 0x30, 0x60, 0xC1, 0x83, 0x07, 0xEF, 0xC0, 0xFF, 0xFC, 0x38, 0x70, 0xE1, 0xC3, 0x87, 0x0E,
    0x1F, 0xFF, 0xF0, 0xE1, 0xC3, 0x87, 0x0E, 0x1C, 0x38, 0x7F, 0xFF, 0xC0, 0x00, 0x00, 0x03, 0xFC,
    0xFF, 0x3F, 0xF7, 0xFC, 0xC3, 0xB8, 0xF0, 0x0E, 0x03, 0x80, 0x70, 0x1C, 0x03, 0x00, 0xE0, 0x38,
    0x0F, 0x03, 0x80, 0xF0, 0x38, 0x0F, 0x03, 0x80, 0xF0, 0x38, 0x07, 0x01, 0xC0, 0x30, 0x0E, 0x01,
    0x80, 0x00, 0x00, 0x00, 0x00, 0x00, 0x1C, 0x07, 0x80, 0xE0, 0x3C, 0x07, 0x01, 0xE0, 0x10, 0x06,
    0x00, 0x00, 0x00, 0x7F, 0x8E, 0xFF, 0xCE, 0x61, 0xCE, 0x00, 0xEE, 0x00, 0xEE, 0x00, 0xCE, 0x01,
    0xCE, 0x03, 0x8E, 0x07, 0x0E, 0x0E, 0x0E, 0x1C, 0x0E, 0x1C, 0x0E, 0x1C, 0x06, 0x00, 0x00, 0x00,
    0x00, 0x1C, 0x0E, 0x1C, 0x0F, 0x1C, 0x0E, 0x08, 0x04, 0x00, 0x00, 0x73, 0xFC, 0x77, 0xFE, 0x73,
    0x0E, 0x70, 0x07, 0x70, 0x07, 0x70, 0x07, 0x70, 0x0E, 0x70, 0x1E, 0x70, 0x3C, 0x70, 0x70, 0x70,
    0x60, 0x70, 0xE0, 0x60, 0xE0, 0x00, 0x00, 0x00, 0x00, 0x70, 0xE0, 0xF0, 0xF0, 0x70, 0xE0, 0x60,
    0x60, 0x7F, 0xFB, 0xFF, 0xDF, 0xFE, 0x00, 0xE0, 0x07, 0x00, 0x70, 0x03, 0x80, 0x38, 0x03, 0x80,
    0x1C, 0x01, 0xC0, 0x1E, 0x00, 0xE0, 0x0E, 0x00, 0xFF, 0xE7, 0xFF, 0xB3, 0xFD, 0x9F, 0xFC, 0xFF,
    0xE7, 0xFF, 0x3F, 0xF9, 0xFF, 0xCF, 0xFE, 0x7F, 0xF3, 0xFD, 0x9F, 0xCC, 0xFC, 0x66, 0x03, 0x30,
    0x19, 0x80, 0xCC, 0x06, 0x60, 0x33, 0x01, 0x98, 0x0C, 0xC0, 0x66, 0x01, 0x10, 0x00, 0x0F, 0xF9,
    0xFF, 0xDF, 0xFE, 0xFF, 0x3F, 0xF9, 0xFF, 0xCF, 0xFE, 0x7F, 0xF3, 0xFF, 0x9F, 0xFC, 0xDF, 0xE6,
    0xFF, 0xF3, 0xFF, 0x80, 0x00, 0xFF, 0x87, 0xFF, 0x3F, 0xFD, 0x9F, 0xEC, 0xFF, 0xE7, 0xFF, 0x3F,
    0xF9, 0xFF, 0xCF, 0xFE, 0x7F, 0xF3, 0xFD, 0xFF, 0xEF, 0xFE, 0x00, 0x00, 0x0E, 0x00, 0xE0, 0x0E,
    0x0C, 0x63, 0xFF, 0xFF, 0xFF, 0x0F, 0x01, 0xF8, 0x3B, 0x83, 0x9C, 0x39, 0xC0, 0x00, 0xE7, 0xBD,
    0xC0, 0x00, 0x00, 0x00, 0x01, 0xCF, 0x39, 0xCE, 0x30, 0x80, 0x0F, 0xE0, 0x3F, 0xE0, 0xE0, 0xE3,
    0x00, 0x6E, 0x00, 0x68, 0x00, 0x80, 0x00, 0x00, 0x00, 0x00, 0x00, 0x00, 0x00, 0x00, 0x00, 0x00,
    0x00, 0x00, 0x00, 0x00, 0x00, 0x00, 0x00, 0x00, 0x00, 0x00, 0x00, 0x00, 0x00, 0x00, 0x00, 0x00,
    0x00, 0x18, 0x00, 0xD8, 0x03, 0x1C, 0x0E, 0x1F, 0xF8, 0x1F, 0xC0, 0x0E, 0x00, 0xE0, 0x0E, 0x0C,
    0x63, 0xFF, 0xFF, 0xFF, 0x0F, 0x01, 0xF8, 0x3B, 0x83, 0x9C, 0x39, 0xC0, 0x00, 0x00, 0x00, 0xE0,
    0x0E, 0x00, 0xE0, 0xC6, 0x3F, 0xFF, 0xFF, 0xF0, 0xF0, 0x1F, 0x83, 0xB8, 0x39, 0xC3, 0x9C, 0x00,
    0x00, 0x00, 0x38, 0x6E, 0x3B, 0x8E, 0x07, 0x01, 0xC0, 0x60, 0x38, 0x0E, 0x03, 0x01, 0xC0, 0x60,
    0x38, 0x0E, 0x03, 0x01, 0xC0, 0x63, 0xB8, 0xEE, 0x38, 0x04, 0x0F, 0x00, 0x04, 0x7F, 0xE0, 0x19,
    0xFF, 0xFC, 0xF3, 0x01, 0xFF, 0xC6, 0x00, 0x3F, 0x00, 0x07, 0xC0, 0x3F, 0xE0, 0xF0, 0xE3, 0x80,
    0xE6, 0x00, 0xE8, 0x00, 0xC0, 0x03, 0x00, 0x0C, 0x03, 0x33, 0x0E, 0xDC, 0x1F, 0xE0, 0x3F, 0x0F,
    0xFF, 0xFF, 0xFF, 0x0F, 0xC0, 0x7F, 0x83, 0xB7, 0x0C, 0xCC, 0x03, 0x00, 0x00, 0x00, 0x00, 0x40,
    0x1C, 0x07, 0x80, 0x70, 0x00, 0x00, 0x00, 0x00, 0x00, 0x60, 0x1C, 0x03, 0xC0, 0x70, 0x00, 0x00,
    0x00, 0x00, 0x00, 0x00, 0x00, 0xC0, 0x3C, 0x07, 0x80, 0x60, 0x0E, 0xEE, 0xE1, 0xDC, 0xEE, 0x19,
    0xDD, 0xC3, 0xB9, 0x9C, 0x33, 0x3B, 0x87, 0x73, 0x30, 0x66, 0x63, 0x00, 0x00, 0x40, 0x00, 0x3C,
    0x00, 0x07, 0x80, 0x00, 0x70, 0x00, 0x00, 0x00, 0x00, 0x00, 0x00, 0x00, 0x00, 0x00, 0x00, 0x60,
    0x00, 0xDC, 0x00, 0x3B, 0xC0, 0x07, 0xF0, 0x00, 0xE0, 0x00, 0x00, 0x00, 0x00, 0x00, 0x00, 0x00,
    0x00, 0x00, 0x00, 0xC0, 0x00, 0x3C, 0x00, 0x07, 0x80, 0x00, 0x60, 0x00, 0x40, 0x00, 0x9C, 0x00,
    0x3F, 0xC0, 0x07, 0xF0, 0x00, 0x60, 0x00, 0x00, 0x00, 0x00, 0x00, 0x00, 0x00, 0x00, 0x00, 0x00,
    0xC0, 0x00, 0x3C, 0x00, 0x07, 0x80, 0x00, 0x60, 0x00, 0x00, 0x00, 0x00, 0x00, 0x00, 0x00, 0x00,
    0x00, 0x00, 0xE0, 0x01, 0xDE, 0x00, 0x3B, 0x80, 0x07, 0x30, 0x00, 0x60, 0x0E, 0xFE, 0x00, 0x00,
    0x00, 0x00, 0x00, 0x00, 0xEF, 0xE4, 0x03, 0x00, 0x0F, 0x00, 0x1E, 0x00, 0x18, 0x00, 0x00, 0x00,
    0x00, 0x00, 0x00, 0x00, 0x00, 0xE0, 0x1D, 0xE0, 0x3B, 0x80, 0x73, 0x00, 0x60, 0x00, 0x00, 0x00,
    0x00, 0x00, 0x00, 0x00, 0x03, 0x80, 0x0F, 0x00, 0x1E, 0x00, 0x18, 0x00, 0x00, 0x60, 0x00, 0x0C,
    0x00, 0x21, 0x84, 0x0E, 0x31, 0xC1, 0xC6, 0x38, 0x38, 0xC7, 0x00, 0x18, 0x00, 0x03, 0x00, 0x00,
    0x60, 0x0F, 0xFF, 0xFD, 0xFF, 0xFF, 0x80, 0x30, 0x00, 0x06, 0x00, 0x00, 0xC0, 0x07, 0x18, 0xE0,
    0xE3, 0x1C, 0x1C, 0x63, 0x83, 0x0C, 0x60, 0x01, 0x80, 0x00, 0x30, 0x00, 0x67, 0xF7, 0x00, 0x02,
    0x7F, 0x72, 0x00, 0x07, 0xF7, 0x60, 0x07, 0xF7, 0x20, 0x7F, 0x72, 0x07, 0xF7, 0x20, 0x7F, 0x76,
    0xFF, 0xF3, 0x0C, 0x33, 0xF3, 0x0C, 0x30, 0xC3, 0x0C, 0x30, 0xC3, 0x0C, 0x30, 0xC3, 0x0C, 0x30,
    0xC0, 0xFF, 0xF8, 0x61, 0x87, 0xF3, 0x0C, 0x30, 0xC3, 0x0C, 0x30, 0xC3, 0x0C, 0x30, 0xC3, 0x0C,
    0x30, 0xC0, 0xFF, 0xF7, 0x9E, 0x30, 0xC3, 0x0C, 0x30, 0xC3, 0x0C, 0x30, 0xC3, 0x0C, 0x30, 0xC3,
    0x0C, 0x30, 0xC0, 0x00, 0xC3, 0x1E, 0x7B, 0xF3, 0x0C, 0x30, 0xC3, 0x0C, 0x30, 0xC3, 0x0C, 0x30,
    0xC3, 0x0C, 0x30, 0xC0, 0x00, 0xC7, 0xB3, 0x78, 0xC3, 0x0C, 0x30, 0xC3, 0x0C, 0x30, 0xC3, 0x0C,
    0x30, 0xC3, 0x0C, 0x30, 0xC0, 0xE3, 0xC3, 0x0C, 0x33, 0xF3, 0x0C, 0x30, 0xC3, 0x0C, 0x30, 0xC3,
    0x0C, 0x30, 0xC3, 0x0C, 0x30, 0xC0, 0x1C, 0x3F, 0x1F, 0xDC, 0x6E, 0x37, 0x1F, 0x8F, 0xC7, 0xE3,
    0x33, 0x9F, 0xC7, 0xC0, 0x3F, 0xFF, 0xFF, 0x06, 0x07, 0x03, 0x83, 0xC3, 0xE3, 0xB1, 0x99, 0xFF,
    0xFF, 0xFF, 0x81, 0x80, 0xC0, 0x00, 0x7F, 0x7F, 0x60, 0x68, 0x7E, 0x7F, 0x03, 0x03, 0x47, 0xFF,
    0x7E, 0x0E, 0x1F, 0x9F, 0x8C, 0x0E, 0xC7, 0xFB, 0xDD, 0xC7, 0xE3, 0xB1, 0x9F, 0xC7, 0xC0, 0x00,
    0x7F, 0x9F, 0xC0, 0xE0, 0x60, 0x70, 0x38, 0x38, 0x1C, 0x0C, 0x0E, 0x06, 0x00, 0x1C, 0x3F, 0x1D,
    0xCC, 0x67, 0x73, 0xF1, 0xFC, 0xCE, 0xE3, 0x71, 0x9F, 0xC7, 0xC0, 0x1C, 0x3F, 0x3D, 0xDC, 0x6E,
    0x3F, 0x1D, 0xFE, 0x7E, 0x03, 0x03, 0x9F, 0x8F, 0x80, 0x18, 0x18, 0x18, 0x7F, 0x7F, 0x18, 0x18,
    0x18, 0x7F, 0x7F, 0x7F, 0x7F, 0x7E, 0xFF, 0x7E, 0x39, 0x98, 0xCE, 0x73, 0x18, 0xE7, 0x18, 0xC3,
    0x1C, 0xC3, 0x1C, 0x63, 0x18, 0xC6, 0x31, 0x8C, 0xE6, 0x60, 0x9C, 0xFF, 0xE3, 0xC3, 0xC3, 0xC3,
    0xC3, 0xC3, 0xC3, 0x1C, 0x3F, 0x1F, 0xDC, 0x6E, 0x37, 0x1F, 0x8F, 0xC7, 0xE3, 0x33, 0x9F, 0xC7,
    0xC0, 0x00, 0x77, 0xDF, 0x4C, 0x30, 0xC3, 0x0C, 0x30, 0xC3, 0x1C, 0x7E, 0x7F, 0x07, 0x07, 0x07,
    0x0E, 0x1C, 0x38, 0x70, 0xFF, 0xFF, 0x1C, 0x7F, 0x3F, 0xC0, 0xE0, 0x71, 0xF0, 0xFC, 0x0E, 0x03,
    0x43, 0xBF, 0xDF, 0xC0, 0x06, 0x07, 0x03, 0x83, 0xC3, 0xE3, 0xB1, 0x99, 0xFF, 0xFF, 0xFF, 0x81,
    0x80, 0xC0, 0x00, 0x7F, 0x7F, 0x60, 0x68, 0x7E, 0x7F, 0x03, 0x03, 0x47, 0xFF, 0x7E, 0x0E, 0x1F,
    0x9F, 0x8C, 0x0E, 0xC7, 0xFB, 0xDD, 0xC7, 0xE3, 0xB1, 0x9F, 0xC7, 0xC0, 0x00, 0x7F, 0x9F, 0xC0,
    0xE0, 0x60, 0x70, 0x38, 0x38, 0x1C, 0x0C, 0x0E, 0x06, 0x00, 0x1C, 0x3F, 0x1D, 0xCC, 0x67, 0x73,
    0xF1, 0xFC, 0xCE, 0xE3, 0x71, 0x9F, 0xC7, 0xC0, 0x1C, 0x3F, 0x3D, 0xDC, 0x6E, 0x3F, 0x1D, 0xFE,
    0x7E, 0x03, 0x03, 0x9F, 0x8F, 0x80, 0x18, 0x18, 0x18, 0x7F, 0x7F, 0x18, 0x18, 0x18, 0x7F, 0x7F,
    0x7F, 0x7F, 0x7E, 0xFF, 0x7E, 0x39, 0x98, 0xCE, 0x73, 0x18, 0xE7, 0x18, 0xC3, 0x1C, 0xC3, 0x1C,
    0x63, 0x18, 0xC6, 0x31, 0x8C, 0xE6, 0x60, 0x3E, 0x3F, 0x03, 0x1F, 0x7F, 0xE3, 0xE3, 0x7F, 0x39,
    0x3E, 0x3F, 0x98, 0xEF, 0xF7, 0xFB, 0x01, 0x80, 0x7E, 0x1F, 0x00, 0x3E, 0x3F, 0x98, 0x6C, 0x36,
    0x1B, 0x0D, 0x8E, 0x7E, 0x1E, 0x00, 0xE3, 0x33, 0x8D, 0x87, 0x81, 0xC1, 0xF1, 0xD8, 0xC6, 0xC3,
    0x00, 0x7E, 0x3F, 0x80, 0xC0, 0x7F, 0xFF, 0xFD, 0x8C, 0xFE, 0x1C, 0x00, 0xC0, 0xC0, 0xC0, 0xFE,
    0xFF, 0xE3, 0xC3, 0xC3, 0xC3, 0xC3, 0xC3, 0xC3, 0xC0, 0xC0, 0xC0, 0xC6, 0xCE, 0xDC, 0xF8, 0xF8,
    0xDC, 0xCC, 0xC6, 0xC7, 0xFF, 0xFF, 0xFF, 0xFE, 0xF7, 0xFF, 0xF1, 0xC7, 0x86, 0x3C, 0x31, 0xE1,
    0x8F, 0x0C, 0x78, 0x63, 0xC3, 0x18, 0xFE, 0xFF, 0xE3, 0xC3, 0xC3, 0xC3, 0xC3, 0xC3, 0xC3, 0xFE,
    0x7F, 0xB8, 0xD8, 0x6C, 0x36, 0x1B, 0x8D, 0xFE, 0xDC, 0x60, 0x30, 0x18, 0x00, 0x3E, 0x7E, 0xE0,
    0x78, 0x3E, 0x0E, 0x06, 0xFE, 0x7C, 0x21, 0x8F, 0xFF, 0x61, 0x86, 0x18, 0x61, 0xF3, 0xC0, 0x00,
    0x00, 0x7F, 0x03, 0xFC, 0x1E, 0x00, 0x70, 0x01, 0xC0, 0x06, 0x1F, 0xD8, 0xFF, 0x73, 0xF9, 0xCE,
    0x07, 0x38, 0x0F, 0xFE, 0x1F, 0xF8, 0x1F, 0xE0, 0x38, 0x00, 0xE0, 0x03, 0x80, 0x0F, 0xF0, 0x3F,
    0xC0, 0x03, 0x30, 0x1B, 0x83, 0xFC, 0x3F, 0xF3, 0xF7, 0xBF, 0x31, 0xDB, 0x9C, 0xDC, 0xEE, 0xC7,
    0x66, 0x3B, 0x31, 0xDB, 0x8E, 0xDC, 0x7E, 0xC1, 0xE6, 0x0F, 0xB2, 0x3F, 0xF8, 0xFF, 0x8E, 0xF0,
    0x66, 0x03, 0x30, 0x00, 0x00, 0x00, 0x7F, 0x87, 0xFE, 0x78, 0x67, 0x80, 0x38, 0x03, 0xC0, 0x1C,
    0x00, 0xE7, 0xF7, 0x3F, 0xB9, 0xE1, 0xCF, 0x0E, 0x70, 0x73, 0x81, 0xDC, 0x0E, 0xE0, 0x3F, 0x11,
    0xFF, 0x87, 0xFC, 0x07, 0x80, 0x3F, 0xF3, 0xFF, 0x3F, 0xE3, 0x80, 0x38, 0x03, 0x80, 0x38, 0x03,
    0x80, 0x3F, 0xF3, 0xFF, 0x3F, 0xF3, 0x80, 0x38, 0x0F, 0xF8, 0xFF, 0x83, 0x80, 0x38, 0x03, 0x80,
    0x00, 0x00, 0x1F, 0xE0, 0xFF, 0x87, 0x84, 0x1C, 0x00, 0x70, 0x01, 0xC0, 0x07, 0x00, 0x7F, 0xE1,
    0xFF, 0x81, 0xC0, 0x1F, 0xF8, 0x7F, 0xE1, 0xFF, 0x81, 0xC0, 0x07, 0x00, 0x38, 0x03, 0xFF, 0xFF,
    0xFF, 0xC0, 0x00, 0x0C, 0x00, 0x00, 0xC0, 0x00, 0x1C, 0x0C, 0xF9, 0xF8, 0xFF, 0xFF, 0xEF, 0xFF,
    0xFE, 0xF0, 0xF0, 0xFE, 0x0E, 0x07, 0xE0, 0xE0, 0x7E, 0x0E, 0x07, 0xE1, 0xE0, 0x7E, 0x1E, 0x07,
    0xE3, 0xE0, 0x7E, 0x3E, 0x07, 0xE3, 0xE0, 0x7E, 0x7E, 0x07, 0xE6, 0xE0, 0x70, 0xE0, 0x00, 0x0C,
    0x00, 0x01, 0xC0, 0x00, 0x38, 0x30, 0x78, 0x60, 0xF0, 0xC1, 0xE1, 0x83, 0xE3, 0x07, 0xC6, 0x3F,
    0xFF, 0x7F, 0xFE, 0x33, 0x30, 0x77, 0x63, 0xFF, 0xF7, 0xFF, 0xE3, 0x9F, 0x07, 0x3E, 0x0E, 0x3C,
    0x1C, 0x78, 0x38, 0x70, 0x70, 0xE0, 0x7F, 0x00, 0x1F, 0xF0, 0x07, 0x7C, 0x01, 0x87, 0x80, 0x60,
    0xE0, 0x18, 0x39, 0x86, 0x0E, 0xE1, 0x87, 0xFE, 0x63, 0xFF, 0xDF, 0xEF, 0xE7, 0xF0, 0xE1, 0x80,
    0x38, 0x60, 0x0E, 0x18, 0x03, 0x86, 0x00, 0xE1, 0x80, 0x38, 0x60, 0x0F, 0xD8, 0x01, 0xF0, 0x00,
    0x38, 0xFE, 0x00, 0x3F, 0xC0, 0x0E, 0x78, 0x03, 0x8E, 0x00, 0xE3, 0x8F, 0xB8, 0x67, 0xFE, 0x3B,
    0xFF, 0x8E, 0xE0, 0xFF, 0xB8, 0x3F, 0xCF, 0x0F, 0xE1, 0xF3, 0xBC, 0x3E, 0xE7, 0x03, 0xF9, 0xC0,
    0x7E, 0x38, 0x1F, 0x8E, 0x87, 0xE1, 0xFF, 0xF8, 0x7F, 0xE0, 0x00, 0xE0, 0xE1, 0xC3, 0xF0, 0xE1,
    0xB8, 0xF0, 0xCC, 0x7C, 0xE7, 0x3E, 0x73, 0x9B, 0x39, 0xCD, 0x9C, 0xE6, 0xCC, 0xFF, 0xFF, 0xFF,
    0xFF, 0xCD, 0xDF, 0x87, 0xC7, 0xC3, 0xE3, 0xE1, 0xF1, 0xE0, 0x78, 0xF0, 0x3C, 0x78, 0x1C, 0x3C,
    0x0E, 0x0E, 0x00, 0xFF, 0x83, 0xFF, 0xC3, 0xE1, 0xE3, 0xE0, 0xE3, 0xE6, 0x73, 0xEE, 0x73, 0xEE,
    0x73, 0xEE, 0x73, 0xEE, 0x73, 0xEE, 0x73, 0xEE, 0x73, 0xEE, 0x73, 0xEE, 0x73, 0xEE, 0x67, 0xEE,
    0x07, 0xEE, 0x0F, 0xEF, 0xFE, 0xEF, 0xFC, 0x00, 0x38, 0x00, 0x70, 0x3F, 0xF0, 0x7F, 0xF0, 0x03,
    0x81, 0xE7, 0x0F, 0xFE, 0x3F, 0xFC, 0x70, 0x79, 0xE0, 0xF3, 0x80, 0xE7, 0x01, 0xCE, 0x03, 0x9C,
    0x07, 0x38, 0x0E, 0x78, 0x3C, 0x70, 0xF8, 0xFF, 0xF0, 0xFE, 0xE0, 0x30, 0x00, 0x00, 0x07, 0xFF,
    0x0F, 0xFE, 0x00, 0x00, 0x00, 0x0F, 0xF0, 0x7F, 0xC3, 0xC7, 0x1C, 0x00, 0x70, 0x03, 0x80, 0x3F,
    0xF8, 0xFF, 0xE1, 0xFF, 0x83, 0x80, 0x3F, 0xF0, 0xFF, 0xC0, 0xE0, 0x01, 0xC0, 0x07, 0x00, 0x0F,
    0x0C, 0x3F, 0xF0, 0x3F, 0xC0, 0x38, 0x38, 0x1C, 0x70, 0x70, 0xE1, 0xE1, 0xC7, 0x83, 0x8E, 0x07,
    0x38, 0x0E, 0xE0, 0x1F, 0xC0, 0xFF, 0xF9, 0xFF, 0xF0, 0xFE, 0x01, 0xCE, 0x03, 0x8E, 0x07, 0x1E,
    0x0E, 0x1C, 0x1C, 0x1C, 0x38, 0x3C, 0x70, 0x38, 0xFF, 0xFF, 0xFF, 0xF7, 0xFF, 0x80, 0xE0, 0x03,
    0xB0, 0x0F, 0xC0, 0x3E, 0x01, 0xF0, 0x0F, 0x80, 0xFF, 0xC3, 0xBF, 0x04, 0xF8, 0x07, 0x80, 0x7E,
    0x03, 0xF8, 0x0C, 0xE0, 0x03, 0x80, 0x0E, 0x00, 0x00, 0x00, 0x00, 0x7F, 0xC0, 0x00, 0xFF, 0xF0,
    0x00, 0x60, 0xF8, 0x00, 0x0E, 0x38, 0x00, 0x0E, 0x1C, 0x00, 0x1C, 0x1C, 0x00, 0x1C, 0x1C, 0x00,
    0x1C, 0x1C, 0x00, 0x1C, 0x1C, 0x00, 0x18, 0x1C, 0x38, 0x38, 0x1C, 0xFE, 0x38, 0x1D, 0xFE, 0x38,
    0x39, 0xC7, 0x38, 0x7B, 0x87, 0x30, 0xF3, 0x87, 0x73, 0xE3, 0x8E, 0x7F, 0xC3, 0xFE, 0x7F, 0x03,
    0xFC, 0x00, 0x07, 0x30, 0x00, 0x07, 0x00, 0x00, 0x07, 0x00, 0x00, 0x07, 0x00, 0x00, 0x06, 0x00,
    0x00, 0x0E, 0x00, 0x00, 0x00, 0x0F, 0x80, 0xFE, 0x07, 0x70, 0x33, 0x81, 0x9C, 0x0E, 0xE0, 0x77,
    0x03, 0xB0, 0x1F, 0x80, 0x7C, 0x03, 0xC1, 0x1E, 0x0C, 0xF0, 0xEF, 0x87, 0xFE, 0x7F, 0x73, 0xF1,
    0xF9, 0x8E, 0x00, 0x70, 0x03, 0x80, 0x1C, 0x00, 0xE0, 0x3F, 0x01, 0xF0, 0x3F, 0xC0, 0x7F, 0xC0,
    0xE7, 0xC7, 0xFF, 0xEF, 0xFF, 0xC7, 0x07, 0x0E, 0x0E, 0x7F, 0xFE, 0xFF, 0xFC, 0x71, 0xE0, 0xFF,
    0x81, 0xFE, 0x03, 0xE0, 0x07, 0x00, 0x0E, 0x00, 0x1C, 0x00, 0x38, 0x00, 0x70, 0x00, 0x00, 0xC0,
    0x07, 0xFE, 0x1F, 0xFE, 0x3F, 0xCE, 0x3C, 0xC0, 0x78, 0xC0, 0x70, 0xC0, 0xF0, 0xC0, 0xE0, 0xC0,
    0xE0, 0xFF, 0xE0, 0xFF, 0xE0, 0xFF, 0xF0, 0xC7, 0x70, 0xC7, 0x70, 0xC7, 0x78, 0xC7, 0x3E, 0xC7,
    0x1F, 0xFF, 0x0F, 0xFF, 0x01, 0xF0, 0x00, 0xC0, 0x03, 0x80, 0x03, 0xC0, 0x07, 0xC0, 0x07, 0xC0,
    0x0E, 0xE0, 0x0E, 0xE0, 0xFF, 0xFE, 0xFF, 0xFE, 0xFF, 0xFE, 0x1C, 0x70, 0xFF, 0xFE, 0xFF, 0xFE,
    0x78, 0x3C, 0x70, 0x1C, 0x70, 0x1C, 0x70, 0x0E, 0xE0, 0x0E, 0xE0, 0x0E, 0x00, 0x00, 0xFF, 0x83,
    0xFF, 0x0E, 0x1E, 0x00, 0x38, 0x00, 0xE0, 0x03, 0xBF, 0xFF, 0xFF, 0xFC, 0x1F, 0x81, 0xF8, 0x3F,
    0xFF, 0xFF, 0xFD, 0xC0, 0x07, 0x00, 0x1C, 0x00, 0x78, 0x38, 0xFF, 0xE1, 0xFF, 0x80, 0xE0, 0x00,
    0xC0, 0x0F, 0xF8, 0x7F, 0xF1, 0xF6, 0xE3, 0x8C, 0x0E, 0x18, 0x1C, 0x30, 0x78, 0x60, 0xE0, 0xC1,
    0xC1, 0x83, 0x83, 0x07, 0x06, 0x0F, 0x0C, 0x0E, 0x18, 0x1C, 0x30, 0x3C, 0x60, 0x3E, 0xC8, 0x3F,
    0xF8, 0x3F, 0xF0, 0x0F, 0x00, 0x0C, 0x00, 0x18, 0x60, 0x30, 0xC0, 0xE3, 0x81, 0xFF, 0xFF, 0xFF,
    0xFF, 0xFF, 0xCE, 0x38, 0x1C, 0x70, 0x38, 0xE0, 0x71, 0xC0, 0xE3, 0x81, 0xC7, 0x03, 0x8E, 0x07,
    0x1C, 0x0E, 0x38, 0x1C, 0x7F, 0x38, 0x7E, 0x00, 0x30, 0x00, 0x00, 0x00, 0x7F, 0x80, 0x7F, 0xE0,
    0x78, 0x60, 0x38, 0x00, 0x1C, 0x00, 0x0E, 0x00, 0x07, 0x80, 0x03, 0xF0, 0x00, 0xFE, 0x00, 0x1F,
    0xC0, 0x03, 0xF0, 0x00, 0x7B, 0xFB, 0xDF, 0xFF, 0xE7, 0xF3, 0x37, 0x79, 0x9B, 0x9F, 0xFF, 0x8F,
    0xFF, 0x87, 0x3F, 0x03, 0x99, 0x80, 0xFF, 0xFF, 0xFF, 0xF0, 0x00, 0x00, 0x00, 0xFF, 0xFF, 0xFF,
    0xF0, 0x70, 0x01, 0xC0, 0x07, 0x00, 0x1C, 0x00, 0x70, 0x01, 0xC0, 0x07, 0x00, 0x1C, 0x00, 0x70,
    0x01, 0xC0, 0x07, 0x00, 0x1C, 0x00, 0x7F, 0xF7, 0xFF, 0x0F, 0x00, 0x70, 0x7F, 0xF7, 0xFF, 0x07,
    0x00, 0x70, 0x7E, 0x07, 0xC0, 0x70, 0x03, 0x80, 0x38, 0x01, 0xC0, 0x1E, 0x00, 0xE0, 0x0F, 0x00,
    0x70, 0x1C, 0x00, 0x70, 0x01, 0xCE, 0x07, 0xF8, 0x3F, 0x83, 0xF8, 0x0F, 0xDE, 0x07, 0xF8, 0x7F,
    0x03, 0xF0, 0x7D, 0xC1, 0xC7, 0x07, 0x1C, 0x18, 0x70, 0xE1, 0xC7, 0x87, 0x3C, 0x1F, 0xE0, 0x7F,
    0x00, 0x00, 0x00, 0x00, 0x00, 0x07, 0xC0, 0x00, 0xFE, 0x00, 0x0C, 0x60, 0x00, 0xE6, 0x00, 0x0F,
    0xFF, 0xE0, 0x7F, 0xFF, 0xC3, 0xFF, 0xFE, 0x06, 0x00, 0xE0, 0x60, 0x06, 0x06, 0x6C, 0x60, 0x7F,
    0xE6, 0x07, 0xFF, 0xE0, 0x73, 0x9C, 0x0F, 0x00, 0x01, 0xF8, 0x00, 0x0B, 0xC0, 0x00, 0x1F, 0xF0,
    0x00, 0xFF, 0x00, 0x01, 0xC0, 0x00, 0xE0, 0x00, 0x38, 0x00, 0x0E, 0x00, 0x03, 0x80, 0x00, 0xE0,
    0x01, 0xFE, 0x01, 0xFF, 0xE0, 0xFF, 0xFC, 0x78, 0xE7, 0x9C, 0x38, 0xEF, 0x0E, 0x3F, 0x83, 0x87,
    0xE0, 0xE1, 0xF8, 0x38, 0x7E, 0x00, 0x1F, 0x80, 0x07, 0xE0, 0x01, 0xF8, 0x00, 0x70, 0x3F, 0xE0,
    0xFF, 0xE3, 0x8F, 0x8E, 0x0F, 0x38, 0x1C, 0xE0, 0x73, 0x81, 0xCE, 0x0F, 0x7F, 0xFB, 0xFF, 0xCF,
    0xFC, 0x0E, 0x00, 0x38, 0x03, 0xFE, 0x0F, 0xF8, 0x0E, 0x00, 0x38, 0x00, 0xE0, 0x00, 0x03, 0x20,
    0x01, 0xB8, 0x00, 0xFC, 0x01, 0xFF, 0x83, 0xFF, 0xE1, 0xDB, 0xF9, 0xCD, 0xDC, 0xE6, 0xEF, 0xF3,
    0x73, 0xF1, 0xB9, 0xF8, 0xDC, 0xFC, 0x64, 0x7E, 0x00, 0x03, 0x80, 0x01, 0xC0, 0x00, 0xF0, 0x00,
    0x3C, 0x00, 0x0F, 0x80, 0x0F, 0xFF, 0xCF, 0xFF, 0xE0, 0x1B, 0x03, 0xB0, 0x3B, 0x0F, 0xF8, 0xFF,
    0xCE, 0x3E, 0xE0, 0xEE, 0x0E, 0xE0, 0xEE, 0x0E, 0xFF, 0xCF, 0xF8, 0xFF, 0xEE, 0x0E, 0xE0, 0xFE,
    0x07, 0xE0, 0x7E, 0x0F, 0xE1, 0xEF, 0xFE, 0xFF, 0x83, 0xB0, 0x3B, 0x03, 0xB0, 0x0F, 0xCF, 0xF7,
    0xFD, 0xC0, 0xE0, 0x38, 0x0E, 0x03, 0x80, 0xE0, 0x38, 0x0F, 0x01, 0xC1, 0x7F, 0xCF, 0xF0, 0x70,
    0x00, 0xFF, 0xFF, 0xF0, 0xFF, 0xFF, 0xFF, 0x00, 0x00, 0x00, 0x06, 0x00, 0x06, 0x00, 0x0E, 0x00,
    0x0E, 0x00, 0x1C, 0x00, 0x1C, 0xF8, 0x18, 0xFC, 0x38, 0xFC, 0x38, 0x0E, 0x30, 0x0E, 0x70, 0x07,
    0x60, 0x07, 0xE0, 0x03, 0xE0, 0x03, 0xC0, 0x01, 0xC0, 0x01, 0xC0, 0x00, 0x80, 0x00, 0x00, 0x01,
    0xF8, 0xF8, 0x7F, 0x3F, 0x0E, 0x0E, 0x03, 0x81, 0xC0, 0x70, 0x38, 0x0F, 0xCF, 0xE7, 0xFF, 0xFC,
    0xFF, 0x7F, 0x87, 0x03, 0x80, 0xE0, 0x70, 0x1C, 0x0E, 0x03, 0x81, 0xC0, 0x70, 0x38, 0x0E, 0x07,
    0x01, 0xC0, 0xE0, 0x38, 0x1C, 0x07, 0x03, 0x80, 0xE0, 0x70, 0x1C, 0x0E, 0x00, 0x00, 0x00, 0x3F,
    0x61, 0xFF, 0x87, 0x0E, 0x38, 0x18, 0xE0, 0x03, 0xF1, 0xBF, 0xEE, 0xFF, 0x38, 0xE0, 0xE3, 0x83,
    0x8E, 0x0E, 0x38, 0x38, 0xE0, 0xE3, 0x83, 0x8E, 0x0E, 0x38, 0x38, 0xE0, 0xE3, 0x83, 0x8E, 0x0E,
    0x00, 0x00, 0x7F, 0xC7, 0xFE, 0x38, 0x73, 0x83, 0x9C, 0x1C, 0xFC, 0xFF, 0xF7, 0xFF, 0x39, 0xC1,
    0xCE, 0x0E, 0x70, 0x73, 0x83, 0x9C, 0x1C, 0xE0, 0xE7, 0x07, 0x38, 0x39, 0xC1, 0xCE, 0x0E, 0x70,
    0x70, 0x00, 0x00, 0x00, 0x3F, 0x1F, 0x21, 0xFC, 0xFD, 0xC7, 0x07, 0x07, 0x38, 0x1C, 0x08, 0xE0,
    0x70, 0x03, 0xF3, 0xF9, 0xFF, 0xFF, 0xE7, 0xFF, 0x7F, 0x9C, 0xE0, 0x70, 0x73, 0x81, 0xC1, 0xCE,
    0x07, 0x07, 0x38, 0x1C, 0x1C, 0xE0, 0x70, 0x73, 0x81, 0xC1, 0xCE, 0x07, 0x07, 0x38, 0x1C, 0x1C,
    0xE0, 0x70, 0x73, 0x81, 0xC1, 0xCE, 0x07, 0x07, 0x00, 0x00, 0x00, 0x3F, 0x1F, 0x71, 0xFC, 0xFD,
    0xC7, 0x07, 0x07, 0x38, 0x1C, 0x1C, 0xE0, 0x70, 0x73, 0xF3, 0xF9, 0xFF, 0xFF, 0xE7, 0xFF, 0x7F,
    0x9C, 0xE0, 0x70, 0x73, 0x81, 0xC1, 0xCE, 0x07, 0x07, 0x38, 0x1C, 0x1C, 0xE0, 0x70, 0x73, 0x81,
    0xC1, 0xCE, 0x07, 0x07, 0x38, 0x1C, 0x1C, 0xE0, 0x70, 0x73, 0x81, 0xC1, 0xCE, 0x07, 0x07, 0x00,
    0x00, 0x7F, 0x01, 0xFF, 0x07, 0x8F, 0x0E, 0x0E, 0x1C, 0x1C, 0x38, 0x7F, 0x71, 0xFF, 0xE3, 0xFD,
    0xC1, 0xC3, 0x83, 0x87, 0x07, 0x0E, 0x0E, 0x1C, 0x1C, 0x38, 0x38, 0x70, 0x70, 0xE0, 0xE1, 0xC1,
    0xC3, 0x83, 0xFF, 0x03, 0xF0, 0x01, 0x80, 0x00, 0x00, 0x00, 0x0F, 0xC0, 0x01, 0xFE, 0x00, 0x1C,
    0xF0, 0x03, 0x87, 0x00, 0x38, 0x70, 0x3F, 0x8F, 0xF7, 0xFD, 0xFF, 0xFF, 0x9F, 0xEE, 0x00, 0x70,
    0xE0, 0x07, 0x0F, 0x80, 0x70, 0x7E, 0x07, 0x01, 0xF8, 0x70, 0x07, 0xC7, 0x00, 0x1C, 0x70, 0x01,
    0xC7, 0x08, 0x1C, 0x70, 0xFF, 0xC7, 0xFF, 0xF8, 0x3F, 0x1C, 0x00, 0xE0, 0x00, 0x00, 0x00, 0x00,
    0x00, 0x0E, 0x60, 0x00, 0x0E, 0x70, 0x00, 0x07, 0x60, 0x00, 0x07, 0xE0, 0x00, 0x07, 0xE0, 0x00,
    0x07, 0xF0, 0x00, 0x07, 0x78, 0x00, 0x1E, 0x7F, 0xFF, 0xFE, 0x1F, 0xFF, 0xF8, 0x07, 0xFF, 0x80,
    0x00, 0x00, 0x00, 0x00, 0x00, 0x00, 0x00, 0x76, 0x00, 0x00, 0x7E, 0x00, 0x00, 0x76, 0x00, 0x00,
    0x1C, 0x00, 0x00, 0x1C, 0x00, 0x00, 0x18, 0x00, 0x60, 0x00, 0x00, 0x03, 0x80, 0x00, 0x00, 0x18,
    0x00, 0x00, 0x01, 0xC0, 0x00, 0x06, 0x0E, 0x00, 0x00, 0x78, 0x78, 0x00, 0x0F, 0x81, 0xE0, 0x03,
    0xFF, 0x0F, 0xFF, 0xFF, 0x7F, 0x1F, 0xFF, 0xE1, 0xF8, 0x3F, 0xF0, 0x00, 0x00, 0x00, 0x00, 0x00,
    0x00, 0x00, 0x00, 0x00, 0x06, 0xE0, 0x00, 0x00, 0x77, 0x00, 0x00, 0x01, 0xB0, 0x00, 0x00, 0x07,
    0x00, 0x00, 0x00, 0x38, 0x00, 0x00, 0x00, 0x80, 0x00, 0x00, 0x00, 0x18, 0x38, 0x70, 0xE0, 0xC1,
    0x83, 0x0E, 0xFD, 0xF0, 0x00, 0x0D, 0xDF, 0xB7, 0x38, 0x70, 0x60, 0x00, 0x01, 0xC0, 0x30, 0x0E,
    0x01, 0xC0, 0x7C, 0x3F, 0xFF, 0xBF, 0x00, 0x00, 0x00, 0xD8, 0x3B, 0x83, 0x60, 0x38, 0x07, 0x00,
    0x40, 0x00, 0x30, 0x00, 0x00, 0x30, 0x00, 0x00, 0x3E, 0x00, 0x00, 0x3F, 0x00, 0x00, 0x3B, 0x00,
    0x00, 0x7F, 0x00, 0x00, 0x7E, 0x00, 0x00, 0x00, 0x00, 0x00, 0x00, 0x0E, 0x60, 0x00, 0x0E, 0x70,
    0x00, 0x07, 0x60, 0x00, 0x07, 0xE0, 0x00, 0x07, 0xE0, 0x00, 0x07, 0xF0, 0x00, 0x07, 0x78, 0x00,
    0x1E, 0x7F, 0xFF, 0xFE, 0x1F, 0xFF, 0xF8, 0x07, 0xFF, 0x80, 0x00, 0x30, 0x00, 0x00, 0x01, 0x80,
    0x00, 0x00, 0x0F, 0x80, 0x00, 0x00, 0x7E, 0x00, 0x00, 0x03, 0xB0, 0x00, 0x00, 0x3F, 0x80, 0x00,
    0x01, 0xF8, 0x00, 0x00, 0x00, 0x00, 0x00, 0x00, 0x00, 0x00, 0x03, 0x00, 0x00, 0x00, 0x1C, 0x00,
    0x00, 0x00, 0xC0, 0x00, 0x00, 0x0E, 0x00, 0x00, 0x30, 0x70, 0x00, 0x03, 0xC3, 0xC0, 0x00, 0x7C,
    0x0F, 0x00, 0x1F, 0xF8, 0x7F, 0xFF, 0xFB, 0xF8, 0xFF, 0xFF, 0x0F, 0xC1, 0xFF, 0x80, 0x00, 0x60,
    0xC1, 0xF3, 0xF7, 0x7F, 0xFF, 0x00, 0x00, 0x00, 0xE1, 0xC3, 0x83, 0x87, 0x0E, 0x1C, 0x7B, 0xE7,
    0x80, 0x00, 0x18, 0x03, 0x00, 0x7C, 0x0F, 0xC1, 0xD8, 0x7F, 0x0F, 0xC0, 0x00, 0x00, 0x00, 0x00,
    0x38, 0x06, 0x01, 0xC0, 0x38, 0x0F, 0x87, 0xFF, 0xF7, 0xE0, 0x00, 0x3C, 0x00, 0x7F, 0xC0, 0x7F,
    0xFE, 0x01, 0xFE, 0x01, 0xFE, 0x07, 0xF0, 0x0F, 0x80, 0x1E, 0x00, 0x38, 0x00, 0x70, 0x00, 0x73,
    0x70, 0xE7, 0xF0, 0xE3, 0x70, 0xE1, 0xC0, 0xE1, 0xC0, 0xE0, 0xC0, 0xF0, 0x00, 0x78, 0x00, 0x3F,
    0xFE, 0x1F, 0xFF, 0x07, 0xFC, 0x3C, 0x00, 0x07, 0xFC, 0x00, 0x7F, 0xFE, 0x00, 0x1F, 0xE0, 0x01,
    0xFE, 0x00, 0x7F, 0xC0, 0x0F, 0x9C, 0x01, 0xE0, 0xE0, 0x38, 0x0F, 0x07, 0x00, 0x7E, 0x73, 0x73,
    0xEE, 0x7F, 0x00, 0xE3, 0x70, 0x0E, 0x1C, 0x00, 0xE1, 0xC0, 0x0E, 0x0C, 0x00, 0xF0, 0x00, 0x07,
    0x80, 0x00, 0x3F, 0xFE, 0x01, 0xFF, 0xF0, 0x07, 0xFC, 0x00, 0x7F, 0x01, 0xFF, 0x03, 0xFE, 0x00,
    0x3F, 0x00, 0xFC, 0x0F, 0xE1, 0xFC, 0x3F, 0xC0, 0xFC, 0x00, 0x00, 0x00, 0x00, 0x03, 0xF0, 0x0F,
    0xC0, 0x37, 0x00, 0x30, 0x01, 0xC0, 0x03, 0x00, 0x7F, 0x00, 0x1F, 0xF0, 0x03, 0xFE, 0x00, 0x03,
    0xF0, 0x00, 0xFC, 0x00, 0xFE, 0x01, 0xFF, 0xC3, 0xFC, 0x7E, 0xFC, 0x0F, 0x80, 0x00, 0x00, 0x00,
    0x00, 0x36, 0x00, 0x1D, 0xC0, 0x03, 0x60, 0x00, 0x70, 0x00, 0x1C, 0x00, 0x02, 0x00, 0x00, 0x18,
    0x03, 0x00, 0x7C, 0x0F, 0xC1, 0xD8, 0x7F, 0x0F, 0xC0, 0x00, 0x00, 0x00, 0x00, 0x0C, 0x03, 0xC0,
    0x38, 0x07, 0x80, 0x70, 0x07, 0x00, 0xE0, 0x1C, 0x03, 0xB8, 0xF7, 0xFC, 0xFF, 0x01, 0x00, 0x18,
    0x00, 0x30, 0x00, 0x7C, 0x00, 0xFC, 0x01, 0xDC, 0x07, 0xF0, 0x0F, 0xE0, 0x00, 0x00, 0x00, 0x00,
    0x00, 0x00, 0x0C, 0x00, 0x38, 0x00, 0x38, 0x00, 0x78, 0x00, 0x70, 0x00, 0x70, 0x00, 0xE0, 0x01,
    0xC0, 0x03, 0xC3, 0x8F, 0xC7, 0xFF, 0xEF, 0xF3, 0xC1, 0x00, 0x00, 0x04, 0x07, 0x03, 0x83, 0x63,
    0xB9, 0xD8, 0x00, 0x00, 0x02, 0x03, 0x81, 0xC0, 0x60, 0x38, 0x1C, 0x0E, 0x07, 0x03, 0x83, 0x83,
    0xC3, 0xCF, 0xC7, 0xC1, 0x80, 0x0C, 0x00, 0x70, 0x03, 0x80, 0x76, 0x03, 0xF0, 0x1D, 0x80, 0x00,
    0x00, 0x00, 0x02, 0x00, 0x38, 0x01, 0xC0, 0x06, 0x00, 0x38, 0x01, 0xC0, 0x0F, 0x00, 0x7E, 0x03,
    0xF0, 0x38, 0x03, 0xC0, 0x3C, 0x0F, 0xC0, 0x7C, 0x01, 0x80, 0x00, 0x18, 0x06, 0x01, 0xF0, 0x7E,
    0x1D, 0x8F, 0xE3, 0xF0, 0x00, 0x00, 0x00, 0x00, 0x20, 0x1C, 0x07, 0x00, 0xC0, 0x38, 0x0E, 0x03,
    0x80, 0xE0, 0x38, 0x1C, 0x0F, 0x07, 0x8F, 0xC3, 0xE0, 0x60, 0x00, 0x18, 0x00, 0xC0, 0x07, 0xC0,
    0x3F, 0x01, 0xD8, 0x1F, 0xC0, 0xFC, 0x00, 0x00, 0x00, 0x00, 0x00, 0x00, 0x80, 0x0E, 0x00, 0x70,
    0x01, 0x80, 0x0E, 0x00, 0x70, 0x03, 0xC0, 0x1F, 0x80, 0xFC, 0x0E, 0x00, 0xF0, 0x0F, 0x03, 0xF0,
    0x1F, 0x00, 0x60, 0x00, 0x00, 0x00, 0x0C, 0x00, 0x00, 0x78, 0x00, 0x03, 0xF0, 0x00, 0x1F, 0x80,
    0x00, 0x7C, 0x00, 0x01, 0xE0, 0x00, 0x03, 0x80, 0x00, 0x07, 0x80, 0x00, 0x07, 0x80, 0xC0, 0x03,
    0x81, 0xC0, 0x03, 0x83, 0x00, 0x03, 0x8E, 0x00, 0x07, 0x1C, 0x00, 0x07, 0x3C, 0x00, 0x0E, 0x3C,
    0x00, 0x3C, 0x7F, 0xFF, 0xF0, 0x3F, 0xFF, 0xC0, 0x1F, 0xFC, 0x00, 0x00, 0x00, 0x0C, 0x00, 0x00,
    0x0F, 0x00, 0x00, 0x0F, 0xC0, 0x00, 0x0F, 0xC0, 0x00, 0x07, 0xC0, 0x00, 0x03, 0xC0, 0x00, 0x00,
    0xE0, 0x00, 0x00, 0x3C, 0x00, 0x00, 0x07, 0x80, 0x18, 0x00, 0xF0, 0x07, 0x00, 0x1E, 0x01, 0x80,
    0x03, 0xC0, 0xE0, 0x00, 0x70, 0x38, 0x00, 0x0E, 0x0F, 0x00, 0x03, 0xC1, 0xE0, 0x03, 0xF8, 0x7F,
    0xFF, 0xFF, 0xC7, 0xFF, 0xF9, 0xF0, 0x7F, 0xF0, 0x00, 0x00, 0x40, 0x3C, 0x1F, 0x8F, 0xC7, 0xE0,
    0xF0, 0x3C, 0x03, 0xC0, 0x3C, 0x03, 0xC0, 0x3C, 0x03, 0x80, 0x38, 0x07, 0x00, 0xE0, 0x3C, 0xFF,
    0x1F, 0xC3, 0x00, 0x00, 0x00, 0x40, 0x0F, 0x80, 0x7E, 0x07, 0xE0, 0x7E, 0x01, 0xE0, 0x0E, 0x00,
    0x1C, 0x00, 0x78, 0x00, 0x70, 0x00, 0xE0, 0x01, 0xC0, 0x03, 0x80, 0x0E, 0x00, 0x3C, 0x01, 0xFC,
    0xFF, 0xFF, 0xF9, 0xFC, 0x00, 0x00, 0x00, 0x00, 0x10, 0x00, 0x00, 0xF0, 0x00, 0x03, 0xE0, 0x00,
    0x1F, 0x60, 0x00, 0xFB, 0xC0, 0x01, 0xDF, 0x80, 0x02, 0xFC, 0x00, 0x03, 0xE0, 0x00, 0x0F, 0x00,
    0x00, 0x1C, 0x00, 0x00, 0x3C, 0x00, 0x00, 0x3C, 0x06, 0x00, 0x1C, 0x0E, 0x00, 0x1C, 0x18, 0x00,
    0x1C, 0x70, 0x00, 0x38, 0xE0, 0x00, 0x39, 0xE0, 0x00, 0x71, 0xE0, 0x01, 0xE3, 0xFF, 0xFF, 0x81,
    0xFF, 0xFE, 0x00, 0xFF, 0xE0, 0x00, 0x00, 0x00, 0x10, 0x00, 0x00, 0x1E, 0x00, 0x00, 0x0F, 0x80,
    0x00, 0x0F, 0xB0, 0x00, 0x0F, 0xBC, 0x00, 0x03, 0xBF, 0x00, 0x00, 0xBF, 0x00, 0x00, 0x1F, 0x00,
    0x00, 0x0F, 0x00, 0x00, 0x03, 0x80, 0x00, 0x00, 0xF0, 0x00, 0x00, 0x1E, 0x00, 0x60, 0x03, 0xC0,
    0x1C, 0x00, 0x78, 0x06, 0x00, 0x0F, 0x03, 0x80, 0x01, 0xC0, 0xE0, 0x00, 0x38, 0x3C, 0x00, 0x0F,
    0x07, 0x80, 0x0F, 0xE1, 0xFF, 0xFF, 0xFF, 0x1F, 0xFF, 0xE7, 0xC1, 0xFF, 0xC0, 0x00, 0x00, 0x80,
    0x70, 0x3E, 0x1F, 0x27, 0x9F, 0xEF, 0xF7, 0xE3, 0xF0, 0x78, 0x1E, 0x01, 0xE0, 0x1E, 0x01, 0xE0,
    0x1E, 0x01, 0xC0, 0x1C, 0x03, 0x80, 0x70, 0x1E, 0x7F, 0x8F, 0xE1, 0x80, 0x00, 0x00, 0x80, 0x0E,
    0x00, 0xF8, 0x0F, 0x90, 0x7B, 0xE3, 0xDF, 0x8D, 0xF8, 0x1F, 0x80, 0x78, 0x03, 0x80, 0x07, 0x00,
    0x1E, 0x00, 0x1C, 0x00, 0x38, 0x00, 0x70, 0x00, 0xE0, 0x03, 0x80, 0x0F, 0x00, 0x7F, 0x3F, 0xFF,
    0xFE, 0x7F, 0x00, 0x00, 0x00, 0x0E, 0x00, 0x0E, 0x00, 0x0E, 0x20, 0x07, 0x70, 0x07, 0x70, 0x07,
    0x60, 0x07, 0xE0, 0x07, 0xE0, 0x07, 0x70, 0x07, 0x78, 0x1E, 0x7F, 0xFC, 0x3F, 0xF8, 0x0F, 0xF0,
    0x00, 0x00, 0x00, 0x00, 0xE0, 0x00, 0x07, 0x02, 0x00, 0x70, 0x70, 0x07, 0x07, 0x00, 0x78, 0x60,
    0x07, 0xFE, 0x00, 0x7F, 0xE0, 0x07, 0x07, 0x00, 0x70, 0x70, 0x0E, 0x07, 0xFF, 0xE0, 0x3F, 0xFC,
    0x00, 0xFF, 0x00, 0x08, 0x07, 0x81, 0xE0, 0xFC, 0x3B, 0x9C, 0x66, 0x1F, 0x87, 0xE1, 0xDC, 0xE7,
    0xF8, 0xFC, 0x04, 0x00, 0xFC, 0x07, 0xF8, 0x3C, 0xE0, 0xE1, 0x83, 0x87, 0x0E, 0x1E, 0x18, 0x3E,
    0x60, 0x78, 0x00, 0x00, 0x00, 0xE3, 0x8E, 0x1C, 0x71, 0xC7, 0x3F, 0xEF, 0x04, 0x30, 0x87, 0x0C,
    0x38, 0x03, 0xC0, 0x3E, 0x3D, 0xF3, 0xE3, 0xBE, 0x0D, 0xC0, 0x7C, 0x03, 0xE0, 0x0F, 0x00, 0x38,
    0x01, 0x80, 0x01, 0x00, 0x03, 0x80, 0x03, 0xC0, 0x03, 0xF0, 0x07, 0xF8, 0x0E, 0x7C, 0x0E, 0x3E,
    0x0E, 0x7E, 0x0E, 0x77, 0x07, 0xF7, 0x07, 0xE7, 0xFF, 0xFF, 0xFF, 0xFE, 0x18, 0x18, 0x00, 0x60,
    0x00, 0xF8, 0x00, 0xFE, 0x00, 0x77, 0x00, 0x73, 0x80, 0x39, 0xC0, 0x1C, 0xE0, 0x0C, 0xF0, 0x4F,
    0xF8, 0x7F, 0xFF, 0xFF, 0xFF, 0xE1, 0xC1, 0x80, 0x70, 0xC0, 0x3C, 0x60, 0x0F, 0xF0, 0x03, 0xF8,
    0x00, 0xF0, 0x00, 0x08, 0x00, 0x38, 0x00, 0xF0, 0x07, 0xE0, 0x3F, 0xC0, 0xE7, 0x83, 0x1F, 0x0C,
    0x7E, 0x39, 0xF8, 0xFE, 0x71, 0xF1, 0xFF, 0xFE, 0xFF, 0xF8, 0x01, 0x80, 0x03, 0x80, 0x1F, 0x00,
    0xFC, 0x07, 0x38, 0x1C, 0xE0, 0xE3, 0x83, 0x8C, 0x0E, 0x70, 0x3F, 0xC3, 0xFF, 0xFF, 0xFF, 0xCE,
    0x1C, 0x38, 0x70, 0xF1, 0xC1, 0xFE, 0x03, 0xF8, 0x03, 0x80, 0x03, 0x00, 0x00, 0x0F, 0x00, 0x00,
    0x1F, 0x00, 0x00, 0x7F, 0x00, 0x01, 0xCE, 0x00, 0x07, 0x8C, 0x00, 0x1E, 0x10, 0x00, 0x38, 0x00,
    0x00, 0xE0, 0x00, 0x00, 0xF0, 0x00, 0x0D, 0xFF, 0xFF, 0xF8, 0xFF, 0xFF, 0xF0, 0x3F, 0xFE, 0x00,
    0x07, 0xFE, 0x7F, 0xFD, 0xFF, 0xF7, 0x80, 0x0C, 0x00, 0x1C, 0x00, 0x3F, 0x80, 0x1F, 0xFF, 0x0F,
    0xFE, 0x0C, 0x00, 0x00, 0x78, 0x00, 0x00, 0xC0, 0x00, 0x01, 0x80, 0x00, 0x01, 0xE0, 0x00, 0x07,
    0xC0, 0x00, 0x0C, 0xC0, 0x00, 0x03, 0xC0, 0x00, 0x07, 0xC0, 0x00, 0x1F, 0xC0, 0x00, 0x73, 0x80,
    0x01, 0xE3, 0x00, 0x07, 0x84, 0x00, 0x0E, 0x00, 0x00, 0x38, 0x00, 0x00, 0x3C, 0x00, 0x03, 0x7F,
    0xFF, 0xFE, 0x3F, 0xFF, 0xFC, 0x0F, 0xFF, 0x80, 0x0C, 0x00, 0x78, 0x00, 0xC0, 0x01, 0x80, 0x01,
    0xE0, 0x07, 0xC0, 0x0C, 0x00, 0x03, 0xFF, 0x3F, 0xFE, 0xFF, 0xFB, 0xC0, 0x06, 0x00, 0x0E, 0x00,
    0x1F, 0xC0, 0x0F, 0xFF, 0x87, 0xFF, 0x00, 0x03, 0xC0, 0x01, 0xFC, 0x00, 0x7F, 0x00, 0x1E, 0x00,
    0x03, 0x80, 0x00, 0xE0, 0x08, 0x1C, 0x03, 0x83, 0xE0, 0x70, 0x3F, 0x0C, 0x01, 0xFB, 0x80, 0x07,
    0x70, 0x00, 0xE7, 0x00, 0x3C, 0xF0, 0x0F, 0x1F, 0xFF, 0xC1, 0xFF, 0xF0, 0x0F, 0xF0, 0x00, 0x20,
    0x00, 0x07, 0x00, 0xC0, 0x70, 0x0F, 0x86, 0x00, 0xFF, 0xE0, 0x03, 0xFE, 0x00, 0x1C, 0x70, 0x01,
    0xC7, 0x80, 0x78, 0x3F, 0xFF, 0x81, 0xFF, 0xE0, 0x0F, 0xF8, 0x00, 0x00, 0x18, 0x38, 0x70, 0xE0,
    0xC1, 0x83, 0x0E, 0xFD, 0xF0, 0x00, 0x0D, 0xDF, 0xB7, 0x00, 0x01, 0xC0, 0x30, 0x0E, 0x01, 0xC0,
    0x7C, 0x3F, 0xFF, 0xBF, 0x00, 0x00, 0x00, 0xD8, 0x3B, 0x83, 0x60, 0x1F, 0x0F, 0xC7, 0xA1, 0xC0,
    0x70, 0x1C, 0x03, 0xF8, 0x7F, 0xFF, 0x3F, 0x04, 0x00, 0x38, 0x7F, 0xD3, 0xC0, 0x00, 0x00, 0xE0,
    0x70, 0x38, 0x0C, 0x06, 0x03, 0x01, 0x80, 0xC0, 0x60, 0x30, 0x18, 0x0E, 0x07, 0x03, 0x81, 0xC0,
    0xE0, 0x38, 0x1F, 0xF1, 0x3C, 0x00, 0x00, 0x00, 0x38, 0x07, 0x00, 0x60, 0x0C, 0x01, 0x80, 0x30,
    0x06, 0x00, 0xE0, 0x1C, 0x03, 0x80, 0x70, 0x0E, 0x01, 0xC0, 0x38, 0x07, 0x00, 0xF0, 0x1F, 0xC1,
    0xF8, 0x00, 0x33, 0xCC, 0x30, 0xFB, 0xEC, 0x00, 0x71, 0xC7, 0x0C, 0x30, 0xC3, 0x0C, 0x30, 0xC3,
    0x0E, 0x38, 0xE3, 0x8E, 0x30, 0x78, 0x30, 0x18, 0x0F, 0x87, 0xC3, 0x00, 0x00, 0x70, 0x38, 0x0C,
    0x06, 0x03, 0x01, 0x80, 0xC0, 0x70, 0x38, 0x1C, 0x0E, 0x07, 0x03, 0x81, 0xC0, 0xE0, 0x78, 0x3F,
    0x8F, 0xC0, 0x00, 0x0C, 0x1E, 0x0C, 0x06, 0x03, 0xE1, 0xF0, 0xC0, 0x38, 0x3F, 0x3F, 0x9C, 0xFC,
    0x7E, 0x3F, 0x1D, 0xFE, 0xFF, 0x0F, 0x83, 0x87, 0xDF, 0xCF, 0xC7, 0x00, 0x0C, 0x01, 0xE0, 0x0C,
    0x00, 0x60, 0x03, 0xE0, 0x1F, 0x00, 0xC0, 0x00, 0x00, 0x1C, 0x01, 0xF8, 0x1F, 0xC0, 0xE7, 0x0E,
    0x38, 0x71, 0xC3, 0xCE, 0x0F, 0xFE, 0x7F, 0xF0, 0x3F, 0x01, 0xC0, 0x3E, 0x0F, 0xE0, 0x7E, 0x03,
    0x80, 0x00, 0xE3, 0x8E, 0x18, 0x61, 0x86, 0x18, 0x61, 0x86, 0x1C, 0x71, 0xC7, 0x1C, 0x71, 0xC0,
    0x0C, 0xF3, 0x0C, 0x1E, 0xFB, 0x00, 0xE0, 0xE0, 0x60, 0x60, 0x60, 0x60, 0x60, 0x70, 0x70, 0x70,
    0x70, 0x70, 0x70, 0x70, 0x70, 0x78, 0x7F, 0x3F, 0x00, 0x30, 0xF0, 0xC0, 0xC0, 0x78, 0xF8, 0xC0,
    0x0E, 0x00, 0x03, 0xC0, 0x78, 0x60, 0x3F, 0x8C, 0x0F, 0xE1, 0xF3, 0xC0, 0x3E, 0x70, 0x06, 0x1C,
    0x01, 0x03, 0x80, 0x70, 0x7C, 0x0E, 0x07, 0xE1, 0x80, 0x3F, 0x70, 0x00, 0xEE, 0x00, 0x1C, 0xE0,
    0x07, 0x9E, 0x01, 0xE3, 0xFF, 0xF8, 0x3F, 0xFE, 0x01, 0xFE, 0x00, 0x0E, 0x00, 0x01, 0xE0, 0x00,
    0x18, 0x00, 0x01, 0x80, 0x00, 0x1F, 0x00, 0x01, 0xF0, 0x00, 0x18, 0x00, 0x02, 0x00, 0x00, 0x70,
    0x0C, 0x07, 0x00, 0xF8, 0x60, 0x0F, 0xFE, 0x00, 0x3F, 0xE0, 0x01, 0xC7, 0x00, 0x1C, 0x78, 0x07,
    0x83, 0xFF, 0xF8, 0x1F, 0xFE, 0x00, 0xFF, 0x80, 0x31, 0xEE, 0x38, 0x7F, 0xF6, 0x00, 0x38, 0xE3,
    0x87, 0x1C, 0x71, 0xCF, 0xFB, 0xC0, 0x00, 0x18, 0x1E, 0x06, 0x01, 0x80, 0x3C, 0x1F, 0x06, 0x00,
    0x00, 0x1C, 0x07, 0x01, 0xC0, 0x70, 0x3E, 0x3F, 0xFF, 0x7C, 0x00, 0xEE, 0xE6, 0x66, 0x66, 0x66,
    0x67, 0x77, 0x77, 0x77, 0xE0, 0xE0, 0x60, 0x60, 0x60, 0x60, 0x60, 0x70, 0x70, 0x70, 0x70, 0x70,
    0x70, 0x70, 0x70, 0x78, 0x7F, 0x3F, 0x00, 0x00, 0x00, 0x00, 0x00, 0x00, 0x0E, 0x60, 0x00, 0x0E,
    0x70, 0x00, 0x07, 0x60, 0x00, 0x07, 0xE0, 0x00, 0x07, 0xE0, 0x00, 0x07, 0xF0, 0x00, 0x07, 0x78,
    0x00, 0x1E, 0x7F, 0xFF, 0xFE, 0x1F, 0xFF, 0xF8, 0x07, 0xFF, 0x80, 0x00, 0x00, 0x00, 0x00, 0x00,
    0x00, 0x00, 0x18, 0x00, 0x00, 0x1C, 0x00, 0x00, 0x18, 0x00, 0x60, 0x00, 0x00, 0x03, 0x80, 0x00,
    0x00, 0x18, 0x00, 0x00, 0x01, 0xC0, 0x00, 0x06, 0x0E, 0x00, 0x00, 0x78, 0x78, 0x00, 0x0F, 0x81,
    0xE0, 0x03, 0xFF, 0x0F, 0xFF, 0xFF, 0x7F, 0x1F, 0xFF, 0xE1, 0xF8, 0x3F, 0xF0, 0x00, 0x00, 0x00,
    0x00, 0x00, 0x00, 0x00, 0x00, 0x00, 0x03, 0x80, 0x00, 0x00, 0x1C, 0x00, 0x00, 0x00, 0xE0, 0x00,
    0x00, 0x00, 0xE3, 0x8E, 0x1C, 0x71, 0xC7, 0x3F, 0xEF, 0x00, 0x01, 0xC7, 0x1C, 0x00, 0x07, 0x01,
    0xC0, 0x70, 0x1C, 0x0F, 0x8F, 0xFF, 0xDF, 0x00, 0x00, 0x01, 0x80, 0x70, 0x18, 0x00, 0x3B, 0x0F,
    0xE3, 0xB0, 0x00, 0x00, 0x02, 0x01, 0xE0, 0x78, 0x3F, 0x0E, 0xE7, 0x19, 0x87, 0xE1, 0xF8, 0x77,
    0x39, 0xFE, 0x3F, 0x00, 0x1D, 0x80, 0x7E, 0x01, 0xD8, 0x00, 0x00, 0x00, 0x00, 0x00, 0x00, 0x18,
    0x00, 0x60, 0x0F, 0xC0, 0x7F, 0x03, 0xFC, 0x1C, 0x70, 0x61, 0xC3, 0x87, 0x07, 0xFC, 0x1F, 0xF0,
    0x3F, 0xE0, 0x03, 0xF0, 0x07, 0xC0, 0x00, 0x00, 0x76, 0x00, 0x00, 0x7E, 0x00, 0x00, 0x76, 0x00,
    0x00, 0x00, 0x0E, 0x60, 0x00, 0x0E, 0x70, 0x00, 0x07, 0x60, 0x00, 0x07, 0xE0, 0x00, 0x07, 0xE0,
    0x00, 0x07, 0xF0, 0x00, 0x07, 0x78, 0x00, 0x1E, 0x7F, 0xFF, 0xFE, 0x1F, 0xFF, 0xF8, 0x07, 0xFF,
    0x80, 0x00, 0x76, 0x00, 0x00, 0x03, 0xF8, 0x00, 0x00, 0x1D, 0x80, 0x00, 0x00, 0x00, 0x00, 0x06,
    0x00, 0x00, 0x00, 0x38, 0x00, 0x00, 0x01, 0x80, 0x00, 0x00, 0x1C, 0x00, 0x00, 0x60, 0xE0, 0x00,
    0x07, 0x87, 0x80, 0x00, 0xF8, 0x1E, 0x00, 0x3F, 0xF0, 0xFF, 0xFF, 0xF7, 0xF1, 0xFF, 0xFE, 0x1F,
    0x83, 0xFF, 0x00, 0x00, 0xED, 0xFF, 0xB0, 0x00, 0x00, 0x0E, 0x1C, 0x38, 0x38, 0x70, 0xE1, 0xC7,
    0xBE, 0x78, 0x00, 0x33, 0x07, 0xE0, 0xFC, 0x00, 0x00, 0x00, 0x00, 0x03, 0x80, 0x60, 0x1C, 0x03,
    0x80, 0xF8, 0x7F, 0xFF, 0x7E, 0x00, 0x00, 0x00, 0x18, 0x00, 0x00, 0x1C, 0x00, 0x00, 0x1C, 0x00,
    0x00, 0x76, 0x00, 0x00, 0x7E, 0x00, 0x00, 0x76, 0x00, 0x00, 0x00, 0x0E, 0x60, 0x00, 0x0E, 0x70,
    0x00, 0x07, 0x60, 0x00, 0x07, 0xE0, 0x00, 0x07, 0xE0, 0x00, 0x07, 0xF0, 0x00, 0x07, 0x78, 0x00,
    0x1E, 0x7F, 0xFF, 0xFE, 0x1F, 0xFF, 0xF8, 0x07, 0xFF, 0x80, 0x00, 0x18, 0x00, 0x00, 0x00, 0xE0,
    0x00, 0x00, 0x07, 0x00, 0x00, 0x00, 0xEC, 0x00, 0x00, 0x07, 0xF0, 0x00, 0x00, 0x3B, 0x00, 0x00,
    0x00, 0x00, 0x00, 0x0C, 0x00, 0x00, 0x00, 0x70, 0x00, 0x00, 0x03, 0x00, 0x00, 0x00, 0x38, 0x00,
    0x00, 0xC1, 0xC0, 0x00, 0x0F, 0x0F, 0x00, 0x01, 0xF0, 0x3C, 0x00, 0x7F, 0xE1, 0xFF, 0xFF, 0xEF,
    0xE3, 0xFF, 0xFC, 0x3F, 0x07, 0xFE, 0x00, 0x00, 0x30, 0x70, 0xE7, 0x6F, 0xFD, 0x80, 0x00, 0x00,
    0x70, 0xE1, 0xC1, 0xC3, 0x87, 0x0E, 0x3D, 0xF3, 0xC0, 0x00, 0x0C, 0x03, 0x80, 0x30, 0x19, 0x83,
    0xF0, 0x7E, 0x00, 0x00, 0x00, 0x00, 0x01, 0xC0, 0x30, 0x0E, 0x01, 0xC0, 0x7C, 0x3F, 0xFF, 0xBF,
    0x00, 0x00, 0x3C, 0x00, 0xFF, 0x01, 0xFF, 0xF0, 0x0F, 0xF0, 0x1F, 0xE0, 0xFC, 0x03, 0xC0, 0x0F,
    0x00, 0x38, 0x00, 0xE0, 0x01, 0xC0, 0x07, 0x04, 0x0E, 0x1C, 0x1C, 0x38, 0x38, 0x20, 0x70, 0x00,
    0xF0, 0x00, 0xF0, 0x00, 0xFF, 0xF8, 0xFF, 0xF0, 0x7F, 0x80, 0x3C, 0x00, 0x1F, 0xE0, 0x07, 0xFF,
    0xC0, 0x07, 0xF8, 0x01, 0xFE, 0x01, 0xFC, 0x00, 0xF3, 0x00, 0x78, 0xE0, 0x38, 0x3C, 0x1C, 0x07,
    0xF7, 0x00, 0xFF, 0x82, 0x00, 0xE1, 0xC0, 0x38, 0x70, 0x0E, 0x08, 0x03, 0x80, 0x00, 0xF0, 0x00,
    0x1E, 0x00, 0x03, 0xFF, 0xE0, 0x7F, 0xF8, 0x07, 0xF8, 0x00, 0x7F, 0x01, 0xFF, 0x03, 0xFE, 0x00,
    0x3F, 0x00, 0xFC, 0x0F, 0xE1, 0xFC, 0x3F, 0xC0, 0xFC, 0x00, 0x00, 0x00, 0x00, 0x00, 0xC0, 0x07,
    0x80, 0x0C, 0x00, 0x7F, 0x00, 0x1F, 0xF0, 0x03, 0xFE, 0x00, 0x03, 0xF0, 0x00, 0xFC, 0x00, 0xFE,
    0x01, 0xFF, 0xC3, 0xFC, 0x7E, 0xFC, 0x0F, 0x80, 0x00, 0x00, 0x00, 0x00, 0x1C, 0x00, 0x07, 0x00,
    0x01, 0xC0, 0x00, 0x3C, 0x00, 0xFF, 0x01, 0xFF, 0xF0, 0x0F, 0xF0, 0x1F, 0xE0, 0xFC, 0x03, 0xC0,
    0x0F, 0x00, 0x38, 0x00, 0xE0, 0x01, 0xC0, 0x07, 0x00, 0x0E, 0x00, 0x1C, 0x00, 0x38, 0x00, 0x70,
    0x00, 0xF0, 0x00, 0xF0, 0x00, 0xFF, 0xF8, 0xFF, 0xF0, 0x7F, 0x80, 0x3C, 0x00, 0x1F, 0xE0, 0x07,
    0xFF, 0xC0, 0x07, 0xF8, 0x01, 0xFE, 0x01, 0xFC, 0x00, 0xF3, 0x00, 0x78, 0xE0, 0x38, 0x3C, 0x1C,
    0x07, 0xF7, 0x00, 0xFF, 0x80, 0x00, 0xE0, 0x00, 0x38, 0x00, 0x0E, 0x00, 0x03, 0x80, 0x00, 0xF0,
    0x00, 0x1E, 0x00, 0x03, 0xFF, 0xE0, 0x7F, 0xF8, 0x07, 0xF8, 0x00, 0x7F, 0x01, 0xFF, 0x03, 0xFE,
    0x00, 0x3F, 0x00, 0xFC, 0x0F, 0xE1, 0xFC, 0x3F, 0xC0, 0xFC, 0x00, 0x00, 0x00, 0x7F, 0x00, 0x1F,
    0xF0, 0x03, 0xFE, 0x00, 0x03, 0xF0, 0x00, 0xFC, 0x00, 0xFE, 0x01, 0xFF, 0xC3, 0xFC, 0x7E, 0xFC,
    0x0F, 0x80, 0x00, 0x00, 0x01, 0x80, 0x07, 0x00, 0x0E, 0x00, 0x00, 0x00, 0x00, 0x07, 0x80, 0x1F,
    0xE0, 0x3F, 0xFE, 0x01, 0xFE, 0x03, 0xFC, 0x1F, 0x80, 0x78, 0x01, 0xE0, 0x07, 0x00, 0x1C, 0x00,
    0x38, 0x00, 0xE0, 0x01, 0xC0, 0x03, 0x80, 0x07, 0x00, 0x0E, 0x00, 0x1E, 0x00, 0x1E, 0x00, 0x1F,
    0xFF, 0x1F, 0xFE, 0x0F, 0xF0, 0x01, 0x80, 0x00, 0xE0, 0x00, 0x38, 0x00, 0x00, 0x00, 0x00, 0x00,
    0x0F, 0x00, 0x07, 0xF8, 0x01, 0xFF, 0xF0, 0x01, 0xFE, 0x00, 0x7F, 0x80, 0x7F, 0x00, 0x3C, 0xC0,
    0x1E, 0x38, 0x0E, 0x0F, 0x07, 0x01, 0xFD, 0xC0, 0x3F, 0xE0, 0x00, 0x38, 0x00, 0x0E, 0x00, 0x03,
    0x80, 0x00, 0xE0, 0x00, 0x3C, 0x00, 0x07, 0x80, 0x00, 0xFF, 0xF8, 0x1F, 0xFE, 0x01, 0xFE, 0x00,
    0x18, 0x00, 0x70, 0x01, 0x80, 0x00, 0x00, 0x00, 0x01, 0xFC, 0x07, 0xFC, 0x0F, 0xF8, 0x00, 0xFC,
    0x03, 0xF0, 0x3F, 0x87, 0xF0, 0xFF, 0x03, 0xF0, 0x00, 0x00, 0x00, 0x18, 0x00, 0x0E, 0x00, 0x01,
    0x80, 0x00, 0x00, 0x00, 0x00, 0x00, 0x1F, 0xC0, 0x07, 0xFC, 0x00, 0xFF, 0x80, 0x00, 0xFC, 0x00,
    0x3F, 0x00, 0x3F, 0x80, 0x7F, 0xF0, 0xFF, 0x1F, 0xBF, 0x03, 0xE0, 0x00, 0x00, 0x03, 0x00, 0xF0,
    0x0E, 0x01, 0xE0, 0x1C, 0x01, 0xC0, 0x38, 0x07, 0x00, 0xEE, 0x3D, 0xFF, 0x3F, 0xC0, 0x40, 0x03,
    0x00, 0x0E, 0x00, 0x0E, 0x00, 0x1E, 0x00, 0x1C, 0x00, 0x1C, 0x00, 0x38, 0x00, 0x70, 0x00, 0xF0,
    0xE3, 0xF1, 0xFF, 0xFB, 0xFC, 0xF0, 0x40, 0x00, 0x0C, 0x01, 0xC0, 0x38, 0x00, 0x00, 0x00, 0x06,
    0x01, 0xE0, 0x1C, 0x03, 0xC0, 0x38, 0x03, 0x80, 0x70, 0x0E, 0x01, 0xDC, 0x7B, 0xFE, 0x7F, 0x80,
    0x80, 0x0E, 0x00, 0x1C, 0x00, 0x38, 0x00, 0x00, 0x00, 0x00, 0x00, 0x60, 0x01, 0xC0, 0x01, 0xC0,
    0x03, 0xC0, 0x03, 0x80, 0x03, 0x80, 0x07, 0x00, 0x0E, 0x00, 0x1E, 0x1C, 0x7E, 0x3F, 0xFF, 0x7F,
    0x9E, 0x08, 0x00, 0x02, 0x03, 0x81, 0xC0, 0x60, 0x38, 0x1C, 0x0E, 0x07, 0x03, 0x83, 0x83, 0xC3,
    0xCF, 0xC7, 0xC1, 0x80, 0x02, 0x00, 0x38, 0x01, 0xC0, 0x06, 0x00, 0x38, 0x01, 0xC0, 0x0F, 0x00,
    0x7E, 0x03, 0xF0, 0x38, 0x03, 0xC0, 0x3C, 0x0F, 0xC0, 0x7C, 0x01, 0x80, 0x00, 0x0E, 0x07, 0x03,
    0x80, 0x00, 0x00, 0x10, 0x1C, 0x0E, 0x03, 0x01, 0xC0, 0xE0, 0x70, 0x38, 0x1C, 0x1C, 0x1E, 0x1E,
    0x7E, 0x3E, 0x0C, 0x00, 0x0C, 0x00, 0xF0, 0x03, 0x00, 0x00, 0x00, 0x00, 0x01, 0x00, 0x1C, 0x00,
    0xE0, 0x03, 0x00, 0x1C, 0x00, 0xE0, 0x07, 0x80, 0x3F, 0x01, 0xF8, 0x1C, 0x01, 0xE0, 0x1E, 0x07,
    0xE0, 0x3E, 0x00, 0xC0, 0x00, 0x00, 0x00, 0x00, 0x00, 0x00, 0x00, 0x01, 0x80, 0x00, 0x00, 0x0E,
    0x00, 0x00, 0x00, 0x70, 0x00, 0xE0, 0xE3, 0x80, 0x03, 0x87, 0x0C, 0x80, 0x1C, 0x38, 0x6E, 0x00,
    0xE1, 0xC3, 0x70, 0x07, 0x9E, 0x3B, 0x00, 0x3F, 0xFF, 0xF8, 0x01, 0xFF, 0xFD, 0xC0, 0x0E, 0x00,
    0x07, 0x00, 0x70, 0x00, 0x3C, 0x07, 0x00, 0x00, 0xFF, 0xF8, 0x00, 0x03, 0xFF, 0x80, 0x00, 0x0F,
    0xF0, 0x00, 0x00, 0x00, 0x00, 0x00, 0x38, 0x00, 0x00, 0x00, 0x1C, 0x00, 0x03, 0x83, 0x8E, 0x00,
    0x00, 0xE1, 0xC3, 0x02, 0x00, 0x70, 0xE1, 0x83, 0x80, 0x38, 0x71, 0xE1, 0xC0, 0x1E, 0x78, 0xF8,
    0xC0, 0x0F, 0xFF, 0xFF, 0xE0, 0x07, 0xFF, 0xE7, 0xF0, 0x03, 0x80, 0x00, 0x1C, 0x01, 0xC0, 0x00,
    0x0F, 0x01, 0xC0, 0x00, 0x03, 0xFF, 0xE0, 0x00, 0x00, 0xFF, 0xE0, 0x00, 0x00, 0x3F, 0xC0, 0x00,
    0x00, 0x00, 0x00, 0x00, 0x00, 0x38, 0x00, 0x07, 0x00, 0x00, 0xE1, 0xC3, 0x8C, 0x38, 0x61, 0xC7,
    0x0C, 0x39, 0xC3, 0x87, 0x3C, 0x79, 0xDF, 0xFF, 0xFB, 0xFF, 0x7E, 0x00, 0x00, 0x00, 0x00, 0x00,
    0xC0, 0x00, 0x01, 0x80, 0x70, 0xE3, 0x80, 0xE1, 0x87, 0x01, 0xC3, 0x0E, 0x07, 0x0E, 0x1C, 0x0F,
    0x1E, 0x7C, 0x7F, 0xFF, 0xFF, 0xFF, 0xDF, 0xBE, 0x00, 0x00, 0x00, 0x00, 0x00, 0x08, 0x00, 0x00,
    0x00, 0xE0, 0x00, 0x00, 0x07, 0x00, 0x00, 0x00, 0x6C, 0x00, 0x00, 0x07, 0x70, 0x00, 0x00, 0x1B,
    0x80, 0x00, 0x00, 0x00, 0x00, 0x00, 0x00, 0x06, 0x00, 0x00, 0x00, 0x38, 0x00, 0x00, 0x01, 0xC0,
    0x03, 0x83, 0x8E, 0x00, 0x0E, 0x1C, 0x32, 0x00, 0x70, 0xE1, 0xB8, 0x03, 0x87, 0x0D, 0xC0, 0x1E,
    0x78, 0xEC, 0x00, 0xFF, 0xFF, 0xE0, 0x07, 0xFF, 0xF7, 0x00, 0x38, 0x00, 0x1C, 0x01, 0xC0, 0x00,
    0xF0, 0x1C, 0x00, 0x03, 0xFF, 0xE0, 0x00, 0x0F, 0xFE, 0x00, 0x00, 0x3F, 0xC0, 0x00, 0x00, 0x00,
    0x00, 0x08, 0x00, 0x00, 0x00, 0x0E, 0x00, 0x00, 0x00, 0x07, 0x00, 0x00, 0x00, 0x06, 0xC0, 0x00,
    0x00, 0x07, 0x70, 0x00, 0x00, 0x01, 0xB8, 0x00, 0x00, 0x00, 0x00, 0x00, 0x00, 0x00, 0x00, 0x00,
    0x00, 0x00, 0x00, 0x38, 0x00, 0x00, 0x00, 0x1C, 0x00, 0x03, 0x83, 0x8E, 0x00, 0x00, 0xE1, 0xC3,
    0x02, 0x00, 0x70, 0xE1, 0x83, 0x80, 0x38, 0x71, 0xE1, 0xC0, 0x1E, 0x78, 0xF8, 0xC0, 0x0F, 0xFF,
    0xFF, 0xE0, 0x07, 0xFF, 0xE7, 0xF0, 0x03, 0x80, 0x00, 0x1C, 0x01, 0xC0, 0x00, 0x0F, 0x01, 0xC0,
    0x00, 0x03, 0xFF, 0xE0, 0x00, 0x00, 0xFF, 0xE0, 0x00, 0x00, 0x3F, 0xC0, 0x00, 0x00, 0x00, 0x30,
    0x00, 0x0E, 0x00, 0x01, 0xC0, 0x00, 0x6E, 0x00, 0x1F, 0xC0, 0x01, 0xB8, 0x00, 0x00, 0x00, 0x00,
    0x0E, 0x00, 0x01, 0xC0, 0x00, 0x38, 0x70, 0xE3, 0x0E, 0x18, 0x71, 0xC3, 0x0E, 0x70, 0xE1, 0xCF,
    0x1E, 0x77, 0xFF, 0xFE, 0xFF, 0xDF, 0x80, 0x00, 0x00, 0x00, 0x30, 0x00, 0x00, 0xE0, 0x00, 0x01,
    0xC0, 0x00, 0x06, 0xE0, 0x00, 0x1F, 0xC0, 0x00, 0x1B, 0x80, 0x00, 0x00, 0x00, 0x00, 0x00, 0x00,
    0x00, 0x00, 0xC0, 0x00, 0x01, 0x80, 0x70, 0xE3, 0x80, 0xE1, 0x87, 0x01, 0xC3, 0x0E, 0x07, 0x0E,
    0x1C, 0x0F, 0x1E, 0x7C, 0x7F, 0xFF, 0xFF, 0xFF, 0xDF, 0xBE, 0x00, 0x00, 0x00, 0x00, 0x00, 0x00,
    0x78, 0x00, 0x00, 0x01, 0xFC, 0x00, 0x00, 0x03, 0xFE, 0x00, 0x0E, 0x0F, 0x8F, 0x00, 0x07, 0x1E,
    0x07, 0x20, 0x07, 0x1C, 0x07, 0x70, 0x07, 0x38, 0x07, 0x70, 0x07, 0xF0, 0x1E, 0x60, 0x07, 0xFF,
    0xFC, 0xE0, 0x07, 0xFF, 0xF8, 0xE0, 0x07, 0x1F, 0x80, 0x70, 0x07, 0x00, 0x00, 0x78, 0x0E, 0x00,
    0x00, 0x3F, 0xFE, 0x00, 0x00, 0x1F, 0xFC, 0x00, 0x00, 0x0F, 0xF0, 0x00, 0x00, 0x00, 0x00, 0x00,
    0x78, 0x00, 0x00, 0x00, 0x1F, 0xC0, 0x00, 0x00, 0x03, 0xFE, 0x00, 0x00, 0xE0, 0xF8, 0xF0, 0x00,
    0x07, 0x1E, 0x07, 0x02, 0x00, 0x71, 0xC0, 0x70, 0x70, 0x07, 0x38, 0x07, 0x07, 0x00, 0x7F, 0x01,
    0xF0, 0x60, 0x07, 0xFF, 0xFF, 0xEE, 0x00, 0x7F, 0xFF, 0xFE, 0xE0, 0x07, 0x1F, 0x80, 0x07, 0x00,
    0x70, 0x00, 0x00, 0x78, 0x0E, 0x00, 0x00, 0x03, 0xFF, 0xE0, 0x00, 0x00, 0x1F, 0xFC, 0x00, 0x00,
    0x00, 0xFF, 0x00, 0x00, 0x00, 0x00, 0x00, 0xC0, 0x00, 0x1F, 0xC0, 0x00, 0xFF, 0x87, 0x07, 0x8F,
    0x1C, 0x38, 0x1C, 0x71, 0xC0, 0x73, 0xCE, 0x01, 0xDF, 0x70, 0x1E, 0xFF, 0xFF, 0xF3, 0x9F, 0xFF,
    0x80, 0x1F, 0xF0, 0x00, 0x00, 0x00, 0xC0, 0x00, 0x03, 0xF8, 0x00, 0x03, 0xFE, 0x03, 0x83, 0xC7,
    0x81, 0xC3, 0x81, 0xC0, 0xE3, 0x80, 0xE0, 0xF3, 0x80, 0x70, 0xFB, 0x80, 0xF8, 0xFF, 0xFF, 0xFF,
    0xF3, 0xFF, 0xFF, 0xC0, 0x7F, 0xC0, 0x00, 0x00, 0x00, 0x00, 0x60, 0x00, 0x00, 0x00, 0x70, 0x00,
    0x00, 0x00, 0x70, 0x00, 0x00, 0x00, 0x00, 0x00, 0x00, 0x00, 0x00, 0x00, 0x00, 0x00, 0x78, 0x00,
    0x00, 0x01, 0xFC, 0x00, 0x00, 0x03, 0xFE, 0x00, 0x0E, 0x0F, 0x8F, 0x00, 0x07, 0x1E, 0x07, 0x20,
    0x07, 0x1C, 0x07, 0x70, 0x07, 0x38, 0x07, 0x70, 0x07, 0xF0, 0x1E, 0x60, 0x07, 0xFF, 0xFC, 0xE0,
    0x07, 0xFF, 0xF8, 0xE0, 0x07, 0x1F, 0x80, 0x70, 0x07, 0x00, 0x00, 0x78, 0x0E, 0x00, 0x00, 0x3F,
    0xFE, 0x00, 0x00, 0x1F, 0xFC, 0x00, 0x00, 0x0F, 0xF0, 0x00, 0x00, 0x00, 0x00, 0x00, 0x60, 0x00,
    0x00, 0x00, 0x07, 0x00, 0x00, 0x00, 0x00, 0x70, 0x00, 0x00, 0x00, 0x00, 0x00, 0x00, 0x00, 0x00,
    0x00, 0x00, 0x00, 0x00, 0x07, 0x80, 0x00, 0x00, 0x01, 0xFC, 0x00, 0x00, 0x00, 0x3F, 0xE0, 0x00,
    0x0E, 0x0F, 0x8F, 0x00, 0x00, 0x71, 0xE0, 0x70, 0x20, 0x07, 0x1C, 0x07, 0x07, 0x00, 0x73, 0x80,
    0x70, 0x70, 0x07, 0xF0, 0x1F, 0x06, 0x00, 0x7F, 0xFF, 0xFE, 0xE0, 0x07, 0xFF, 0xFF, 0xEE, 0x00,
    0x71, 0xF8, 0x00, 0x70, 0x07, 0x00, 0x00, 0x07, 0x80, 0xE0, 0x00, 0x00, 0x3F, 0xFE, 0x00, 0x00,
    0x01, 0xFF, 0xC0, 0x00, 0x00, 0x0F, 0xF0, 0x00, 0x00, 0x00, 0x00, 0x01, 0x80, 0x00, 0x07, 0x00,
    0x00, 0x1C, 0x00, 0x00, 0x00, 0x00, 0x00, 0x00, 0x00, 0x03, 0x00, 0x00, 0x7F, 0x00, 0x03, 0xFE,
    0x1C, 0x1E, 0x3C, 0x70, 0xE0, 0x71, 0xC7, 0x01, 0xCF, 0x38, 0x07, 0x7D, 0xC0, 0x7B, 0xFF, 0xFF,
    0xCE, 0x7F, 0xFE, 0x00, 0x7F, 0xC0, 0x00, 0x01, 0x80, 0x00, 0x00, 0xE0, 0x00, 0x00, 0x70, 0x00,
    0x00, 0x00, 0x00, 0x00, 0x00, 0x00, 0x00, 0x06, 0x00, 0x00, 0x1F, 0xC0, 0x00, 0x1F, 0xF0, 0x1C,
    0x1E, 0x3C, 0x0E, 0x1C, 0x0E, 0x07, 0x1C, 0x07, 0x07, 0x9C, 0x03, 0x87, 0xDC, 0x07, 0xC7, 0xFF,
    0xFF, 0xFF, 0x9F, 0xFF, 0xFE, 0x03, 0xFE, 0x00, 0x0E, 0x00, 0x01, 0xC0, 0x00, 0x18, 0x00, 0x03,
    0x00, 0x00, 0x60, 0x00, 0x0C, 0x00, 0x01, 0x80, 0x00, 0x30, 0x00, 0x07, 0x07, 0x00, 0xE7, 0xF0,
    0x1D, 0xFF, 0x03, 0xF8, 0xF0, 0x7C, 0x0E, 0x0F, 0x01, 0xC1, 0xC0, 0x38, 0x70, 0x1E, 0xFF, 0xFF,
    0x9F, 0xFF, 0xE0, 0x7F, 0xC0, 0x00, 0x0E, 0x00, 0x00, 0x1C, 0x00, 0x00, 0x18, 0x00, 0x00, 0x30,
    0x00, 0x00, 0x60, 0x00, 0x00, 0xC0, 0x00, 0x01, 0x80, 0x00, 0x03, 0x00, 0x00, 0x07, 0x07, 0x00,
    0x0E, 0x7F, 0x00, 0x1D, 0xFF, 0x00, 0x3F, 0x8F, 0x00, 0x7C, 0x0E, 0x00, 0xF0, 0x1C, 0x01, 0xC0,
    0x38, 0x07, 0x01, 0xF0, 0xFF, 0xFF, 0xFD, 0xFF, 0xFF, 0xF8, 0x7F, 0xC0, 0x00, 0x30, 0x00, 0x30,
    0x00, 0x30, 0x00, 0x30, 0x00, 0x30, 0x00, 0x30, 0x00, 0x38, 0x00, 0x38, 0x00, 0x38, 0x30, 0x38,
    0xFE, 0x3B, 0xFE, 0x3F, 0xC7, 0x3F, 0x07, 0x3E, 0x07, 0x3C, 0x07, 0x78, 0x7E, 0xFF, 0xFC, 0xFF,
    0xF0, 0xF0, 0x00, 0x30, 0x00, 0x06, 0x00, 0x00, 0xC0, 0x00, 0x18, 0x00, 0x03, 0x00, 0x00, 0x60,
    0x00, 0x0E, 0x00, 0x01, 0xC0, 0x00, 0x38, 0x30, 0x07, 0x1F, 0xC0, 0xEF, 0xF8, 0x1F, 0xE3, 0x83,
    0xF0, 0x70, 0x7C, 0x0E, 0x0F, 0x01, 0xC3, 0xC3, 0xF8, 0xFF, 0xFF, 0xFF, 0xFE, 0xFF, 0xC0, 0x00,
    0x00, 0x0E, 0x00, 0x01, 0xC0, 0x00, 0x18, 0x00, 0x03, 0x03, 0x00, 0x60, 0x70, 0x0C, 0x0C, 0x01,
    0x80, 0x00, 0x30, 0x00, 0x07, 0x07, 0x00, 0xE7, 0xF0, 0x1D, 0xFF, 0x03, 0xF8, 0xF0, 0x7C, 0x0E,
    0x0F, 0x01, 0xC1, 0xC0, 0x38, 0x70, 0x1E, 0xFF, 0xFF, 0x9F, 0xFF, 0xE0, 0x7F, 0xC0, 0x00, 0x0E,
    0x00, 0x00, 0x1C, 0x00, 0x00, 0x18, 0x00, 0x00, 0x30, 0x60, 0x00, 0x61, 0xC0, 0x00, 0xC1, 0x80,
    0x01, 0x80, 0x00, 0x03, 0x00, 0x00, 0x07, 0x07, 0x00, 0x0E, 0x7F, 0x00, 0x1D, 0xFF, 0x00, 0x3F,
    0x8F, 0x00, 0x7C, 0x0E, 0x00, 0xF0, 0x1C, 0x01, 0xC0, 0x38, 0x07, 0x01, 0xF0, 0xFF, 0xFF, 0xFD,
    0xFF, 0xFF, 0xF8, 0x7F, 0xC0, 0x00, 0x30, 0x00, 0x30, 0x00, 0x30, 0x00, 0x30, 0x60, 0x30, 0x70,
    0x30, 0x60, 0x38, 0x00, 0x38, 0x00, 0x38, 0x30, 0x38, 0xFE, 0x3B, 0xFE, 0x3F, 0xC7, 0x3F, 0x07,
    0x3E, 0x07, 0x3C, 0x07, 0x78, 0x7E, 0xFF, 0xFC, 0xFF, 0xF0, 0xF0, 0x00, 0x30, 0x00, 0x06, 0x00,
    0x00, 0xC0, 0x00, 0x18, 0x30, 0x03, 0x07, 0x00, 0x60, 0xC0, 0x0E, 0x00, 0x01, 0xC0, 0x00, 0x38,
    0x30, 0x07, 0x1F, 0xC0, 0xEF, 0xF8, 0x1F, 0xE3, 0x83, 0xF0, 0x70, 0x7C, 0x0E, 0x0F, 0x01, 0xC3,
    0xC3, 0xF8, 0xFF, 0xFF, 0xFF, 0xFE, 0xFF, 0xC0, 0x00, 0x00, 0x0F, 0x00, 0x7F, 0x01, 0xFE, 0x03,
    0x80, 0x06, 0x00, 0x0C, 0x00, 0x1C, 0x10, 0x3F, 0xF0, 0x3F, 0xE0, 0x3E, 0x00, 0xF0, 0x03, 0xC0,
    0x07, 0x00, 0x1C, 0x00, 0x38, 0x00, 0x70, 0x00, 0xE0, 0x01, 0xC0, 0x03, 0x80, 0x03, 0xC0, 0x07,
    0xFF, 0xC7, 0xFF, 0xC3, 0xFE, 0x00, 0x03, 0x80, 0x3F, 0x80, 0xFF, 0x83, 0xC7, 0x07, 0x86, 0x07,
    0x9C, 0x07, 0xF0, 0x07, 0xE0, 0x0F, 0xE0, 0x3F, 0xFC, 0xF3, 0xFB, 0xC0, 0x0F, 0x00, 0x1C, 0x00,
    0x38, 0x00, 0x70, 0x00, 0xE0, 0x01, 0xE0, 0x11, 0xFF, 0xF1, 0xFF, 0xE1, 0xFF, 0x00, 0x0F, 0xC1,
    0xFC, 0x3E, 0x83, 0x80, 0x30, 0x03, 0x00, 0x38, 0x03, 0xE7, 0x1F, 0xFF, 0xFE, 0xFF, 0x00, 0x00,
    0x03, 0x80, 0x3F, 0x80, 0xFF, 0x83, 0xC7, 0x07, 0x06, 0x07, 0x9C, 0x07, 0xF8, 0x07, 0xE0, 0x1F,
    0xE1, 0xFF, 0xFB, 0xE3, 0xF8, 0x00, 0x00, 0x06, 0x00, 0x1E, 0x00, 0x18, 0x00, 0x00, 0x00, 0x00,
    0x01, 0xE0, 0x0F, 0xE0, 0x3F, 0xC0, 0x70, 0x00, 0xC0, 0x01, 0x80, 0x03, 0x82, 0x07, 0xFE, 0x07,
    0xFC, 0x07, 0xC0, 0x1E, 0x00, 0x78, 0x00, 0xE0, 0x03, 0x80, 0x07, 0x00, 0x0E, 0x00, 0x1C, 0x00,
    0x38, 0x00, 0x70, 0x00, 0x78, 0x00, 0xFF, 0xF8, 0xFF, 0xF8, 0x7F, 0xC0, 0x03, 0x00, 0x07, 0x00,
    0x0E, 0x00, 0x00, 0x00, 0x00, 0x00, 0x70, 0x07, 0xF0, 0x1F, 0xF0, 0x78, 0xE0, 0xF0, 0xC0, 0xF3,
    0x80, 0xFE, 0x00, 0xFC, 0x01, 0xFC, 0x07, 0xFF, 0x9E, 0x7F, 0x78, 0x01, 0xE0, 0x03, 0x80, 0x07,
    0x00, 0x0E, 0x00, 0x1C, 0x00, 0x3C, 0x02, 0x3F, 0xFE, 0x3F, 0xFC, 0x3F, 0xE0, 0x03, 0x00, 0x70,
    0x07, 0x00, 0x00, 0x00, 0x00, 0xFC, 0x1F, 0xC3, 0xE8, 0x38, 0x03, 0x00, 0x30, 0x03, 0x80, 0x3E,
    0x71, 0xFF, 0xFF, 0xEF, 0xF0, 0x00, 0x00, 0x03, 0x00, 0x0E, 0x00, 0x0C, 0x00, 0x00, 0x00, 0x00,
    0x00, 0x70, 0x07, 0xF0, 0x1F, 0xF0, 0x78, 0xE0, 0xE0, 0xC0, 0xF3, 0x80, 0xFF, 0x00, 0xFC, 0x03,
    0xFC, 0x3F, 0xFF, 0x7C, 0x7F, 0x00, 0x00, 0x00, 0x00, 0x30, 0x00, 0x00, 0x78, 0x00, 0x00, 0x30,
    0x00, 0x00, 0x00, 0x00, 0x00, 0x00, 0x00, 0x00, 0x38, 0x00, 0x00, 0x7C, 0x00, 0x00, 0xFE, 0x00,
    0x01, 0xCE, 0x60, 0x01, 0xC7, 0x70, 0x01, 0xC7, 0x60, 0x01, 0xC7, 0xE0, 0x01, 0xFF, 0xE0, 0x00,
    0xFF, 0xF0, 0x00, 0x07, 0x78, 0x00, 0x0E, 0x7F, 0xFF, 0xFE, 0x1F, 0xFF, 0xFC, 0x07, 0xFF, 0xE0,
    0x00, 0x00, 0x0C, 0x00, 0x00, 0x00, 0x70, 0x00, 0x00, 0x03, 0x80, 0x00, 0x00, 0x00, 0x00, 0x00,
    0x00, 0x00, 0x00, 0x00, 0x07, 0x00, 0x00, 0x00, 0xFC, 0x0C, 0x00, 0x07, 0xF0, 0x70, 0x00, 0x73,
    0xC3, 0x00, 0x03, 0x8E, 0x38, 0x00, 0x1C, 0x71, 0xC0, 0x00, 0xE3, 0x8F, 0x00, 0x07, 0xB8, 0x3C,
    0x00, 0x1F, 0xC1, 0xFF, 0xFF, 0xFF, 0xE3, 0xFF, 0xFF, 0xFF, 0x07, 0xFF, 0x80, 0x00, 0x0E, 0x01,
    0xC0, 0x38, 0x00, 0x00, 0x00, 0x1E, 0x07, 0xE1, 0xFE, 0x39, 0xC6, 0x39, 0xC3, 0x1C, 0x63, 0xFC,
    0x3F, 0x80, 0x70, 0x3C, 0xFF, 0x9F, 0xC0, 0x00, 0x00, 0x06, 0x00, 0x1C, 0x00, 0x60, 0x00, 0x00,
    0x00, 0x00, 0x1C, 0x01, 0xF8, 0x07, 0xF0, 0x39, 0xE0, 0xE3, 0x83, 0x0E, 0x0E, 0x38, 0x3D, 0xC0,
    0x7F, 0x0F, 0xFF, 0xFF, 0xFF, 0x00, 0x00, 0x00, 0x1B, 0x80, 0x07, 0xF0, 0x00, 0x6E, 0x00, 0x00,
    0x00, 0x00, 0x00, 0x00, 0x0E, 0x00, 0x07, 0xE0, 0x00, 0xFE, 0x00, 0x39, 0xC0, 0x07, 0x19, 0xC0,
    0xC3, 0xB8, 0x1C, 0x77, 0x03, 0xFF, 0xC0, 0x3F, 0xB8, 0x01, 0xF7, 0x00, 0x0E, 0x70, 0x03, 0xCF,
    0x00, 0xF0, 0xFF, 0xFC, 0x0F, 0xFF, 0x00, 0x7F, 0x80, 0x00, 0x1D, 0x80, 0x00, 0x7F, 0x00, 0x01,
    0xD8, 0x00, 0x00, 0x00, 0x00, 0x00, 0x00, 0x00, 0x18, 0x00, 0x00, 0xF8, 0x00, 0x07, 0xF0, 0x00,
    0x39, 0xC0, 0x00, 0xE7, 0x03, 0x03, 0x0E, 0x1C, 0x0E, 0x38, 0x70, 0x3F, 0xFD, 0x80, 0x7F, 0xFE,
    0x00, 0x3F, 0x38, 0x00, 0x70, 0x70, 0x03, 0xC1, 0xE0, 0x1E, 0x03, 0xFF, 0xF0, 0x0F, 0xFF, 0x80,
    0x0F, 0xF8, 0x00, 0x1B, 0x07, 0x70, 0x6E, 0x00, 0x00, 0x00, 0x1E, 0x07, 0xE1, 0xFE, 0x39, 0xC6,
    0x39, 0xC3, 0x1C, 0x63, 0xFC, 0x3F, 0x80, 0x70, 0x3C, 0xFF, 0x9F, 0xC0, 0x00, 0x00, 0x1D, 0x80,
    0x7E, 0x01, 0xD8, 0x00, 0x00, 0x00, 0x00, 0x1C, 0x01, 0xF8, 0x07, 0xF0, 0x39, 0xE0, 0xE3, 0x83,
    0x0E, 0x0E, 0x38, 0x3D, 0xC0, 0x7F, 0x0F, 0xFF, 0xFF, 0xFF, 0x00, 0x00, 0x00, 0x00, 0x30, 0x00,
    0x01, 0x80, 0x00, 0x0E, 0x00, 0x00, 0x70, 0x00, 0x83, 0x80, 0x1E, 0x1C, 0x00, 0xE0, 0xE0, 0x0E,
    0x07, 0x00, 0x38, 0x3B, 0x00, 0xC1, 0xDC, 0x0F, 0x0E, 0xC1, 0xF0, 0x7E, 0x06, 0x03, 0xF0, 0x00,
    0x1F, 0xC0, 0x00, 0xEF, 0x00, 0x1E, 0x7F, 0xFF, 0xF0, 0xFF, 0xFF, 0x01, 0xFF, 0x80, 0x00, 0x00,
    0x30, 0x00, 0x00, 0x18, 0x00, 0x00, 0x0E, 0x00, 0x00, 0x07, 0x00, 0x00, 0x83, 0x80, 0x01, 0xE1,
    0xC0, 0x00, 0xE0, 0xE0, 0x00, 0xE0, 0x70, 0x00, 0x38, 0x38, 0x30, 0x0C, 0x1C, 0x1C, 0x0F, 0x0E,
    0x0C, 0x1F, 0x07, 0x0E, 0x06, 0x03, 0x87, 0x00, 0x01, 0xC3, 0xC0, 0x00, 0xE0, 0xF0, 0x01, 0xF8,
    0x7F, 0xFF, 0xFF, 0x8F, 0xFF, 0xF7, 0xC1, 0xFF, 0xC0, 0x00, 0x00, 0x40, 0x3C, 0x1F, 0x8F, 0xC7,
    0xE0, 0xF0, 0x3C, 0x03, 0xC0, 0x3C, 0x03, 0xC0, 0x3C, 0x03, 0x80, 0x38, 0x07, 0x00, 0xE0, 0x3C,
    0xFF, 0x1F, 0xC3, 0x00, 0x00, 0x00, 0x40, 0x0F, 0x80, 0x7E, 0x07, 0xE0, 0x7E, 0x01, 0xE0, 0x0E,
    0x00, 0x1C, 0x00, 0x78, 0x00, 0x70, 0x00, 0xE0, 0x01, 0xC0, 0x03, 0x80, 0x0E, 0x00, 0x3C, 0x01,
    0xFC, 0xFF, 0xFF, 0xF9, 0xFC, 0x00, 0x00, 0x00, 0x07, 0x00, 0x07, 0x00, 0x07, 0x00, 0x07, 0x00,
    0x07, 0x00, 0x07, 0x00, 0x07, 0x00, 0x07, 0x00, 0x07, 0x00, 0x07, 0x00, 0x07, 0x00, 0x07, 0x00,
    0x07, 0x20, 0x07, 0x70, 0x07, 0x70, 0x07, 0x60, 0x07, 0xE0, 0x07, 0xE0, 0x07, 0x70, 0x0E, 0x78,
    0x1E, 0x7F, 0xFC, 0x3F, 0xF8, 0x0F, 0xF0, 0x00, 0x07, 0x00, 0x00, 0x70, 0x00, 0x07, 0x00, 0x00,
    0x70, 0x00, 0x07, 0x00, 0x00, 0x70, 0x00, 0x07, 0x00, 0x00, 0x70, 0x00, 0x07, 0x00, 0x00, 0x70,
    0x00, 0x07, 0x00, 0x00, 0x70, 0x00, 0x07, 0x02, 0x00, 0x70, 0x70, 0x07, 0x07, 0x00, 0x78, 0x60,
    0x07, 0xFE, 0x00, 0x7F, 0xE0, 0x07, 0x07, 0x00, 0xF0, 0x78, 0x1E, 0x03, 0xFF, 0xC0, 0x1F, 0xF8,
    0x00, 0xFE, 0x00, 0x38, 0xE3, 0x8E, 0x38, 0xE3, 0x8E, 0x38, 0xE3, 0x8E, 0x18, 0x61, 0x8E, 0xFB,
    0xC0, 0x00, 0x38, 0x1C, 0x0E, 0x07, 0x03, 0x81, 0xC0, 0xE0, 0x70, 0x38, 0x1C, 0x0E, 0x07, 0x01,
    0x80, 0xC0, 0x70, 0x7C, 0xFF, 0xFB, 0xC0, 0x00, 0x07, 0x81, 0xFC, 0x3F, 0xE3, 0x8E, 0x30, 0x60,
    0x06, 0x0F, 0xE3, 0xFE, 0x7F, 0xEF, 0x00, 0xE0, 0x0E, 0x00, 0xE0, 0x0E, 0x00, 0xE0, 0x06, 0x00,
    0x60, 0x07, 0x00, 0x70, 0x07, 0x00, 0x00, 0x00, 0x07, 0xC0, 0x0F, 0xE0, 0x1F, 0xE0, 0x3C, 0x70,
    0x78, 0x70, 0x7C, 0x30, 0xFE, 0x38, 0xEF, 0xFF, 0xE7, 0xFF, 0xE1, 0xC0, 0xE0, 0x00, 0xE0, 0x00,
    0xE0, 0x00, 0xE0, 0x00, 0x60, 0x00, 0x70, 0x00, 0x70, 0x00, 0x70, 0x00, 0x70, 0x00, 0x07, 0xC0,
    0xFE, 0x0F, 0xE1, 0xC7, 0x18, 0x73, 0x87, 0x7E, 0x7F, 0xFE, 0xE7, 0xE0, 0x00, 0x00, 0x00, 0x07,
    0xC0, 0x0F, 0xE0, 0x0E, 0xE0, 0x1C, 0x70, 0x38, 0x70, 0x3C, 0x38, 0x7E, 0x3C, 0xFF, 0xFF, 0xE7,
    0xFF, 0x01, 0xC0, 0x01, 0x80, 0x01, 0xC0, 0x01, 0xC0, 0x00, 0x00, 0x00, 0x00, 0x00, 0x0E, 0x00,
    0x0E, 0x00, 0x0E, 0x20, 0x07, 0x70, 0x07, 0x70, 0x07, 0x60, 0x07, 0xE0, 0x07, 0xE0, 0x07, 0x70,
    0x07, 0x78, 0x1E, 0x7F, 0xFC, 0x3F, 0xF8, 0x0F, 0xF0, 0x01, 0x80, 0x00, 0x1C, 0x00, 0x01, 0xC0,
    0x00, 0x00, 0x00, 0x00, 0x00, 0x00, 0x00, 0x00, 0x00, 0x0E, 0x00, 0x00, 0x70, 0x20, 0x07, 0x07,
    0x00, 0x70, 0x70, 0x07, 0x86, 0x00, 0x7F, 0xE0, 0x07, 0xFE, 0x00, 0x70, 0x70, 0x07, 0x07, 0x00,
    0xE0, 0x7F, 0xFE, 0x03, 0xFF, 0xC0, 0x0F, 0xF0, 0x00, 0x30, 0xE3, 0x00, 0x00, 0x03, 0x8E, 0x38,
    0x71, 0xC7, 0x1C, 0xFF, 0xBC, 0x00, 0x18, 0x0E, 0x01, 0x80, 0x00, 0x00, 0x00, 0x01, 0xC0, 0x70,
    0x1C, 0x07, 0x03, 0xE3, 0xFF, 0xF7, 0xC0, 0x00, 0x08, 0x07, 0x81, 0xE0, 0xFC, 0x3B, 0x9C, 0x66,
    0x1F, 0x87, 0xE1, 0xDC, 0xE7, 0xF8, 0xFC, 0x01, 0x80, 0x06, 0x00, 0xFC, 0x07, 0xF0, 0x3F, 0xC1,
    0xC7, 0x06, 0x1C, 0x38, 0x70, 0x7F, 0xC1, 0xFF, 0x03, 0xFE, 0x00, 0x3F, 0x00, 0x7C, 0x00, 0x00,
    0x08, 0x00, 0x38, 0x00, 0xF0, 0x07, 0xE0, 0x3F, 0xC0, 0xE7, 0x83, 0x1F, 0x0C, 0x7E, 0x39, 0xF8,
    0xFE, 0x71, 0xF1, 0xFF, 0xFE, 0xFF, 0xF8, 0x01, 0x80, 0x03, 0x80, 0x1F, 0x00, 0xFC, 0x07, 0x38,
    0x1C, 0xE0, 0xE3, 0x83, 0x8C, 0x0E, 0x70, 0x3F, 0xC3, 0xFF, 0xFF, 0xFF, 0xCE, 0x1C, 0x38, 0x70,
    0xF1, 0xC1, 0xFE, 0x03, 0xF8, 0x03, 0x80, 0x1C, 0x1F, 0x9F, 0xCE, 0x7E, 0x3F, 0x1F, 0x8E, 0xFF,
    0x7F, 0x87, 0xC1, 0xC3, 0xEF, 0xE7, 0xE3, 0x80, 0x1C, 0x01, 0xF8, 0x1F, 0xC0, 0xE7, 0x0E, 0x38,
    0x71, 0xC3, 0xCE, 0x0F, 0xFE, 0x7F, 0xF0, 0x3F, 0x01, 0xC0, 0x3E, 0x0F, 0xE0, 0x7E, 0x03, 0x80,
    0x00, 0x00, 0x03, 0xC0, 0x01, 0xFC, 0x00, 0x7F, 0x00, 0x1E, 0x00, 0x03, 0x80, 0x00, 0xE0, 0x08,
    0x1C, 0x03, 0x83, 0xE0, 0x70, 0x3F, 0x0C, 0x01, 0xFB, 0x80, 0x07, 0x70, 0x00, 0xE7, 0x00, 0x3C,
    0xF0, 0x0F, 0x1F, 0xFF, 0xC1, 0xFF, 0xF0, 0x0F, 0xF0, 0x00, 0x20, 0x00, 0x07, 0x00, 0xC0, 0x70,
    0x0F, 0x86, 0x00, 0xFF, 0xE0, 0x03, 0xFE, 0x00, 0x1C, 0x70, 0x01, 0xC7, 0x80, 0x78, 0x3F, 0xFF,
    0x81, 0xFF, 0xE0, 0x0F, 0xF8, 0x00, 0x00, 0x03, 0xC0, 0x01, 0xFC, 0x00, 0x7F, 0x00, 0x1E, 0x00,
    0x03, 0x80, 0x00, 0xE0, 0x08, 0x1C, 0x03, 0x83, 0xE0, 0x70, 0x3F, 0x0C, 0x01, 0xFB, 0x80, 0x07,
    0x70, 0x00, 0xE7, 0x00, 0x3C, 0xF0, 0x0F, 0x1F, 0xFF, 0xC1, 0xFF, 0xF0, 0x0F, 0xF0, 0x00, 0x00,
    0x00, 0x00, 0x00, 0x01, 0xB8, 0x00, 0x3F, 0x00, 0x06, 0xE0, 0x00, 0x20, 0x00, 0x07, 0x00, 0xC0,
    0x70, 0x0F, 0x86, 0x00, 0xFF, 0xE0, 0x03, 0xFE, 0x00, 0x1C, 0x70, 0x01, 0xC7, 0x80, 0x78, 0x3F,
    0xFF, 0x81, 0xFF, 0xE0, 0x0F, 0xF8, 0x00, 0x00, 0x00, 0x00, 0x00, 0x00, 0x76, 0x00, 0x07, 0xF0,
    0x00, 0x76, 0x00, 0x00, 0x18, 0x38, 0x70, 0xE0, 0xC1, 0x83, 0x0E, 0xFD, 0xF0, 0x00, 0x0D, 0xDF,
    0xB7, 0x00, 0x01, 0xC0, 0x30, 0x0E, 0x01, 0xC0, 0x7C, 0x3F, 0xFF, 0xBF, 0x00, 0x00, 0x00, 0xD8,
    0x3B, 0x83, 0x60, 0x78, 0x01, 0xFF, 0x3B, 0x3C, 0x70, 0x00, 0xE0, 0x81, 0xC3, 0x83, 0x87, 0xC7,
    0x07, 0xCE, 0x03, 0xDC, 0x03, 0xF8, 0x03, 0xE0, 0x01, 0xC0, 0x07, 0xC0, 0x1F, 0xC0, 0x7B, 0x81,
    0xE3, 0x07, 0x8E, 0x1F, 0xFC, 0x3F, 0xF0, 0x38, 0x00, 0x0F, 0xF3, 0x81, 0x3E, 0x70, 0x00, 0x0E,
    0x00, 0x01, 0xC0, 0x30, 0x38, 0x07, 0x07, 0x00, 0x70, 0xE0, 0x07, 0x1C, 0x00, 0x73, 0x80, 0x07,
    0x70, 0x00, 0x7E, 0x00, 0x0F, 0xC0, 0x00, 0xF8, 0x00, 0x0F, 0x00, 0x01, 0xF0, 0x01, 0xFE, 0x03,
    0xFD, 0xF8, 0x7F, 0x1F, 0x00, 0x00, 0x00, 0x38, 0x01, 0xE0, 0x06, 0x00, 0x18, 0x00, 0x7C, 0x39,
    0xF0, 0xE6, 0x03, 0x84, 0x0E, 0x38, 0x38, 0xF8, 0xE1, 0xF3, 0x81, 0xEE, 0x03, 0xF8, 0x07, 0xC0,
    0x07, 0x00, 0x3E, 0x01, 0xFC, 0x0F, 0x70, 0x78, 0xC3, 0xC7, 0x1F, 0xFC, 0x7F, 0xE0, 0x30, 0x00,
    0x78, 0x00, 0x30, 0x00, 0x18, 0x00, 0x07, 0x87, 0x07, 0xC3, 0x83, 0x01, 0xC0, 0x00, 0xE0, 0x60,
    0x70, 0x38, 0x38, 0x0E, 0x1C, 0x03, 0x8E, 0x00, 0xE7, 0x00, 0x3B, 0x80, 0x0F, 0xC0, 0x07, 0xE0,
    0x01, 0xF0, 0x00, 0x78, 0x00, 0x3E, 0x00, 0xFF, 0x07, 0xFB, 0xF3, 0xF8, 0xF8, 0x00, 0x00, 0x00,
    0xE0, 0x0E, 0x00, 0xE4, 0x0E, 0xE0, 0xEF, 0x8E, 0x7C, 0xE1, 0xEE, 0x0F, 0xE0, 0x7C, 0x01, 0xC0,
    0x3E, 0x07, 0xF0, 0xF7, 0x1E, 0x33, 0xC7, 0x7F, 0xF7, 0xFE, 0x00, 0x03, 0x80, 0x78, 0x06, 0x00,
    0x60, 0x07, 0xC0, 0x7C, 0x06, 0x00, 0x00, 0xE0, 0x00, 0xE0, 0x00, 0xE0, 0x00, 0xE0, 0xC0, 0xE0,
    0xE0, 0xE0, 0x70, 0xE0, 0x38, 0xE0, 0x1C, 0xE0, 0x0E, 0xE0, 0x07, 0xE0, 0x07, 0xE0, 0x03, 0xE0,
    0x01, 0xE0, 0x01, 0xF0, 0x0F, 0xF0, 0xFF, 0x7E, 0xFE, 0x3E, 0x00, 0x00, 0x0C, 0x00, 0x1E, 0x00,
    0x38, 0x00, 0x38, 0x00, 0x1F, 0x00, 0x3F, 0x00, 0x18, 0x00, 0x00, 0xE0, 0x0E, 0x00, 0xE4, 0x0E,
    0xE0, 0xEF, 0x8E, 0x7C, 0xE1, 0xEE, 0x0F, 0xE0, 0x7C, 0x01, 0xC0, 0x3E, 0x07, 0xF0, 0xF7, 0x1E,
    0x33, 0xC7, 0x7F, 0xF7, 0xFE, 0x00, 0xE0, 0x00, 0xE0, 0x00, 0xE0, 0x00, 0xE0, 0xC0, 0xE0, 0xE0,
    0xE0, 0x70, 0xE0, 0x38, 0xE0, 0x1C, 0xE0, 0x0E, 0xE0, 0x07, 0xE0, 0x07, 0xE0, 0x03, 0xE0, 0x01,
    0xE0, 0x01, 0xF0, 0x0F, 0xF0, 0xFF, 0x7E, 0xFE, 0x3E, 0x00, 0x00, 0x00, 0x30, 0x00, 0x00, 0xF0,
    0x00, 0x03, 0xF0, 0x00, 0x0F, 0xF0, 0x00, 0x3F, 0xF0, 0x00, 0xF0, 0xF0, 0x03, 0xC0, 0x70, 0x0F,
    0xBC, 0xF0, 0x3F, 0xF9, 0xF0, 0xFF, 0xF3, 0xFB, 0xFF, 0xC7, 0xFF, 0xFF, 0x1F, 0xF7, 0xFC, 0xFF,
    0xC7, 0xF9, 0xFF, 0x07, 0xFF, 0xFC, 0x07, 0xFF, 0xF0, 0x07, 0xFF, 0xC0, 0x07, 0x9F, 0x00, 0x07,
    0x3C, 0x00, 0x07, 0xF0, 0x00, 0x07, 0xC0, 0x00, 0x07, 0x00, 0x00, 0x04, 0x00, 0x00,
};

static const EpdGlyph notosans_12_smallGlyphs[] = {
    { 0, 0, 0, 0, 0, 0, 0 }, // U+0000
    { 0, 0, 104, 0, 0, 0, 0 }, // U+000D
    { 0, 0, 104, 0, 0, 0, 0 }, // U+0020
    { 4, 19, 108, 1, 18, 10, 0 }, // !
    { 8, 7, 163, 1, 18, 7, 10 }, // "
    { 16, 18, 258, 0, 18, 36, 17 }, // #
    { 12, 21, 229, 1, 19, 32, 53 }, // $
    { 19, 20, 332, 1, 19, 48, 85 }, // %
    { 18, 20, 293, 1, 19, 45, 133 }, // &
    { 3, 7, 90, 1, 18, 3, 178 }, // '
    { 6, 22, 120, 1, 18, 17, 181 }, // (
    { 7, 22, 120, 0, 18, 20, 198 }, // )
    { 12, 12, 220, 1, 19, 18, 218 }, // *
    { 12, 13, 229, 1, 15, 20, 236 }, // +
    { 4, 7, 107, 1, 3, 4, 256 }, // ,
    { 7, 3, 129, 1, 8, 3, 260 }, // -
    { 4, 5, 107, 1, 4, 3, 263 }, // .
    { 10, 18, 149, 0, 18, 23, 266 }, // /
    { 13, 20, 229, 1, 19, 33, 289 }, // 0
    { 7, 18, 229, 2, 18, 16, 322 }, // 1
    { 12, 19, 229, 1, 19, 29, 338 }, // 2
    { 12, 20, 229, 1, 19, 30, 367 }, // 3
    { 14, 18, 229, 0, 18, 32, 397 }, // 4
    { 12, 19, 229, 1, 18, 29, 429 }, // 5
    { 13, 20, 229, 1, 19, 33, 458 }, // 6
    { 13, 18, 229, 1, 18, 30, 491 }, // 7
    { 13, 20, 229, 1, 19, 33, 521 }, // 8
    { 12, 20, 229, 1, 19, 30, 554 }, // 9
    { 4, 15, 107, 1, 14, 8, 584 }, // :
    { 5, 18, 107, 0, 14, 12, 592 }, // ;
    { 13, 14, 229, 1, 16, 23, 604 }, // <
    { 12, 8, 229, 1, 13, 12, 627 }, // =
    { 13, 14, 229, 1, 16, 23, 639 }, // >
    { 11, 20, 174, 0, 19, 28, 662 }, // ?
    { 21, 21, 360, 1, 18, 56, 690 }, // @
    { 16, 18, 256, 0, 18, 36, 746 }, // A
    { 13, 18, 260, 2, 18, 30, 782 }, // B
    { 15, 20, 253, 1, 19, 38, 812 }, // C
    { 15, 18, 292, 2, 18, 34, 850 }, // D
    { 11, 18, 222, 2, 18, 25, 884 }, // E
    { 11, 18, 208, 2, 18, 25, 909 }, // F
    { 16, 20, 291, 1, 19, 40, 934 }, // G
    { 15, 18, 296, 2, 18, 34, 974 }, // H
    { 7, 18, 136, 1, 18, 16, 1008 }, // I
    { 7, 23, 109, -2, 18, 21, 1024 }, // J
    { 14, 18, 248, 2, 18, 32, 1045 }, // K
    { 11, 18, 210, 2, 18, 25, 1077 }, // L
    { 19, 18, 363, 2, 18, 43, 1102 }, // M
    { 15, 18, 304, 2, 18, 34, 1145 }, // N
    { 17, 20, 312, 1, 19, 43, 1179 }, // O
    { 12, 18, 242, 2, 18, 27, 1222 }, // P
    { 17, 24, 312, 1, 19, 51, 1249 }, // Q
    { 14, 18, 249, 2, 18, 32, 1300 }, // R
    { 12, 20, 220, 1, 19, 30, 1332 }, // S
    { 14, 18, 222, 0, 18, 32, 1362 }, // T
    { 14, 19, 292, 2, 18, 34, 1394 }, // U
    { 15, 18, 240, 0, 18, 34, 1428 }, // V
    { 23, 18, 372, 0, 18, 52, 1462 }, // W
    { 15, 18, 234, 0, 18, 34, 1514 }, // X
    { 15, 18, 226, 0, 18, 34, 1548 }, // Y
    { 14, 18, 229, 0, 18, 32, 1582 }, // Z
    { 6, 22, 132, 2, 18, 17, 1614 }, // [
    { 10, 18, 149, 0, 18, 23, 1631 }, // <backslash>
    { 7, 22, 132, 0, 18, 20, 1654 }, // ]
    { 14, 12, 229, 0, 18, 21, 1674 }, // ^
    { 13, 2, 178, -1, -2, 4, 1695 }, // _
    { 6, 5, 112, 1, 20, 4, 1699 }, // `
    { 11, 15, 224, 1, 14, 21, 1703 }, // a
    { 12, 20, 246, 2, 19, 30, 1724 }, // b
    { 11, 15, 192, 1, 14, 21, 1754 }, // c
    { 13, 20, 246, 1, 19, 33, 1775 }, // d
    { 12, 15, 226, 1, 14, 23, 1808 }, // e
    { 10, 20, 138, 0, 20, 25, 1831 }, // f
    { 13, 20, 246, 1, 14, 33, 1856 }, // g
    { 12, 19, 247, 2, 19, 29, 1889 }, // h
    { 4, 19, 103, 1, 19, 10, 1918 }, // i
    { 7, 25, 103, -2, 19, 22, 1928 }, // j
    { 12, 19, 214, 2, 19, 29, 1950 }, // k
    { 3, 19, 103, 2, 19, 8, 1979 }, // l
    { 20, 14, 374, 2, 14, 35, 1987 }, // m
    { 12, 14, 247, 2, 14, 21, 2022 }, // n
    { 13, 15, 242, 1, 14, 25, 2043 }, // o
    { 12, 20, 246, 2, 14, 30, 2068 }, // p
    { 13, 20, 246, 1, 14, 33, 2098 }, // q
    { 8, 14, 165, 2, 14, 14, 2131 }, // r
    { 10, 15, 192, 1, 14, 19, 2145 }, // s
    { 9, 18, 144, 0, 17, 21, 2164 }, // t
    { 13, 15, 247, 1, 14, 25, 2185 }, // u
    { 13, 14, 203, 0, 14, 23, 2210 }, // v
    { 20, 14, 314, 0, 14, 35, 2233 }, // w
    { 13, 14, 212, 0, 14, 23, 2268 }, // x
    { 13, 20, 204, 0, 14, 33, 2291 }, // y
    { 11, 14, 188, 0, 14, 20, 2324 }, // z
    { 9, 22, 152, 0, 18, 25, 2344 }, // {
    { 3, 26, 220, 5, 19, 10, 2369 }, // |
    { 9, 22, 152, 0, 18, 25, 2379 }, // }
    { 13, 4, 229, 1, 11, 7, 2404 }, // ~
    { 0, 0, 104, 0, 0, 0, 2411 }, // U+00A0
    { 4, 19, 108, 1, 14, 10, 2411 }, // U+00A1
    { 11, 20, 229, 2, 19, 28, 2421 }, // U+00A2
    { 14, 19, 229, 0, 19, 34, 2449 }, // U+00A3
    { 12, 12, 229, 1, 15, 18, 2483 }, // U+00A4
    { 14, 18, 229, 0, 18, 32, 2501 }, // U+00A5
    { 3, 26, 220, 5, 19, 10, 2533 }, // U+00A6
    { 11, 21, 205, 1, 20, 29, 2543 }, // U+00A7
    { 8, 4, 232, 3, 19, 4, 2572 }, // U+00A8
    { 19, 20, 333, 1, 19, 48, 2576 }, // U+00A9
    { 8, 10, 143, 0, 19, 10, 2624 }, // U+00AA
    { 11, 11, 204, 1, 12, 16, 2634 }, // U+00AB
    { 12, 7, 229, 1, 10, 11, 2650 }, // U+00AC
    { 7, 3, 129, 1, 8, 3, 2661 }, // U+00AD
    { 19, 20, 333, 1, 19, 48, 2664 }, // U+00AE
    { 14, 2, 200, -1, 21, 4, 2712 }, // U+00AF
    { 9, 9, 171, 1, 19, 11, 2716 }, // U+00B0
    { 13, 15, 229, 1, 15, 25, 2727 }, // U+00B1
    { 8, 12, 140, 0, 22, 12, 2752 }, // U+00B2
    { 9, 12, 140, 0, 22, 14, 2764 }, // U+00B3
    { 6, 5, 112, 1, 20, 4, 2778 }, // U+00B4
    { 12, 20, 249, 2, 14, 30, 2782 }, // U+00B5
    { 13, 23, 262, 1, 19, 38, 2812 }, // U+00B6
    { 4, 5, 107, 1, 11, 3, 2850 }, // U+00B7
    { 6, 6, 90, 0, 0, 5, 2853 }, // U+00B8
    { 6, 12, 140, 0, 22, 9, 2858 }, // U+00B9
    { 9, 10, 150, 0, 19, 12, 2867 }, // U+00BA
    { 12, 11, 204, 0, 12, 17, 2879 }, // U+00BB
    { 19, 18, 298, 0, 18, 43, 2896 }, // U+00BC
    { 19, 18, 308, 0, 18, 43, 2939 }, // U+00BD
    { 20, 19, 312, 0, 19, 48, 2982 }, // U+00BE
    { 11, 19, 174, 0, 14, 27, 3030 }, // U+00BF
    { 16, 24, 256, 0, 24, 48, 3057 }, // U+00C0
    { 16, 24, 256, 0, 24, 48, 3105 }, // U+00C1
    { 16, 24, 256, 0, 24, 48, 3153 }, // U+00C2
    { 16, 23, 256, 0, 23, 46, 3201 }, // U+00C3
    { 16, 23, 256, 0, 23, 46, 3247 }, // U+00C4
    { 16, 23, 256, 0, 23, 46, 3293 }, // U+00C5
    { 22, 18, 352, -1, 18, 50, 3339 }, // U+00C6
    { 15, 25, 253, 1, 19, 47, 3389 }, // U+00C7
    { 11, 24, 222, 2, 24, 33, 3436 }, // U+00C8
    { 11, 24, 222, 2, 24, 33, 3469 }, // U+00C9
    { 11, 24, 222, 2, 24, 33, 3502 }, // U+00CA
    { 11, 23, 222, 2, 23, 32, 3535 }, // U+00CB
    { 7, 24, 136, 1, 24, 21, 3567 }, // U+00CC
    { 7, 24, 136, 1, 24, 21, 3588 }, // U+00CD
    { 9, 24, 136, 0, 24, 27, 3609 }, // U+00CE
    { 8, 23, 136, 0, 23, 23, 3636 }, // U+00CF
    { 17, 18, 292, 0, 18, 39, 3659 }, // U+00D0
    { 15, 23, 304, 2, 23, 44, 3698 }, // U+00D1
    { 17, 25, 312, 1, 24, 54, 3742 }, // U+00D2
    { 17, 25, 312, 1, 24, 54, 3796 }, // U+00D3
    { 17, 25, 312, 1, 24, 54, 3850 }, // U+00D4
    { 17, 24, 312, 1, 23, 51, 3904 }, // U+00D5
    { 17, 24, 312, 1, 23, 51, 3955 }, // U+00D6
    { 12, 12, 229, 1, 15, 18, 4006 }, // U+00D7
    { 17, 20, 312, 1, 19, 43, 4024 }, // U+00D8
    { 14, 25, 292, 2, 24, 44, 4067 }, // U+00D9
    { 14, 25, 292, 2, 24, 44, 4111 }, // U+00DA
    { 14, 25, 292, 2, 24, 44, 4155 }, // U+00DB
    { 14, 24, 292, 2, 23, 42, 4199 }, // U+00DC
    { 15, 24, 226, 0, 24, 45, 4241 }, // U+00DD
    { 12, 18, 242, 2, 18, 27, 4286 }, // U+00DE
    { 13, 21, 252, 2, 20, 35, 4313 }, // U+00DF
    { 11, 21, 224, 1, 20, 29, 4348 }, // U+00E0
    { 11, 21, 224, 1, 20, 29, 4377 }, // U+00E1
    { 11, 21, 224, 1, 20, 29, 4406 }, // U+00E2
    { 11, 20, 224, 1, 19, 28, 4435 }, // U+00E3
    { 11, 20, 224, 1, 19, 28, 4463 }, // U+00E4
    { 11, 22, 224, 1, 21, 31, 4491 }, // U+00E5
    { 20, 15, 346, 1, 14, 38, 4522 }, // U+00E6
    { 11, 20, 192, 1, 14, 28, 4560 }, // U+00E7
    { 12, 21, 226, 1, 20, 32, 4588 }, // U+00E8
    { 12, 21, 226, 1, 20, 32, 4620 }, // U+00E9
    { 12, 21, 226, 1, 20, 32, 4652 }, // U+00EA
    { 12, 20, 226, 1, 19, 30, 4684 }, // U+00EB
    { 6, 20, 103, -1, 20, 15, 4714 }, // U+00EC
    { 6, 20, 103, 1, 20, 15, 4729 }, // U+00ED
    { 9, 20, 103, -1, 20, 23, 4744 }, // U+00EE
    { 8, 19, 103, -1, 19, 19, 4767 }, // U+00EF
    { 13, 21, 242, 1, 20, 35, 4786 }, // U+00F0
    { 12, 19, 247, 2, 19, 29, 4821 }, // U+00F1
    { 13, 21, 242, 1, 20, 35, 4850 }, // U+00F2
    { 13, 21, 242, 1, 20, 35, 4885 }, // U+00F3
    { 13, 21, 242, 1, 20, 35, 4920 }, // U+00F4
    { 13, 20, 242, 1, 19, 33, 4955 }, // U+00F5
    { 13, 20, 242, 1, 19, 33, 4988 }, // U+00F6
    { 13, 12, 229, 1, 15, 20, 5021 }, // U+00F7
    { 13, 16, 242, 1, 15, 26, 5041 }, // U+00F8
    { 13, 21, 247, 1, 20, 35, 5067 }, // U+00F9
    { 13, 21, 247, 1, 20, 35, 5102 }, // U+00FA
    { 13, 21, 247, 1, 20, 35, 5137 }, // U+00FB
    { 13, 20, 247, 1, 19, 33, 5172 }, // U+00FC
    { 13, 26, 204, 0, 20, 43, 5205 }, // U+00FD
    { 12, 25, 246, 2, 19, 38, 5248 }, // U+00FE
    { 13, 25, 204, 0, 19, 41, 5286 }, // U+00FF
    { 16, 21, 256, 0, 21, 42, 5327 }, // U+0100
    { 11, 18, 224, 1, 17, 25, 5369 }, // U+0101
    { 16, 23, 256, 0, 23, 46, 5394 }, // U+0102
    { 11, 20, 224, 1, 19, 28, 5440 }, // U+0103
    { 16, 24, 256, 0, 18, 48, 5468 }, // U+0104
    { 12, 20, 224, 1, 14, 30, 5516 }, // U+0105
    { 15, 25, 253, 1, 24, 47, 5546 }, // U+0106
    { 11, 21, 192, 1, 20, 29, 5593 }, // U+0107
    { 15, 25, 253, 1, 24, 47, 5622 }, // U+0108
    { 11, 21, 192, 1, 20, 29, 5669 }, // U+0109
    { 15, 24, 253, 1, 23, 45, 5698 }, // U+010A
    { 11, 20, 192, 1, 19, 28, 5743 }, // U+010B
    { 15, 25, 253, 1, 24, 47, 5771 }, // U+010C
    { 11, 21, 192, 1, 20, 29, 5818 }, // U+010D
    { 15, 24, 292, 2, 24, 45, 5847 }, // U+010E
    { 17, 20, 246, 1, 19, 43, 5892 }, // U+010F
    { 17, 18, 292, 0, 18, 39, 5935 }, // U+0110
    { 15, 20, 247, 1, 19, 38, 5974 }, // U+0111
    { 11, 21, 222, 2, 21, 29, 6012 }, // U+0112
    { 12, 18, 226, 1, 17, 27, 6041 }, // U+0113
    { 11, 23, 222, 2, 23, 32, 6068 }, // U+0114
    { 12, 20, 226, 1, 19, 30, 6100 }, // U+0115
    { 11, 23, 222, 2, 23, 32, 6130 }, // U+0116
    { 12, 20, 226, 1, 19, 30, 6162 }, // U+0117
    { 11, 24, 222, 2, 18, 33, 6192 }, // U+0118
    { 12, 20, 226, 1, 14, 30, 6225 }, // U+0119
    { 11, 24, 222, 2, 24, 33, 6255 }, // U+011A
    { 12, 21, 226, 1, 20, 32, 6288 }, // U+011B
    { 16, 25, 291, 1, 24, 50, 6320 }, // U+011C
    { 13, 26, 246, 1, 20, 43, 6370 }, // U+011D
    { 16, 24, 291, 1, 23, 48, 6413 }, // U+011E
    { 13, 25, 246, 1, 19, 41, 6461 }, // U+011F
    { 16, 24, 291, 1, 23, 48, 6502 }, // U+0120
    { 13, 25, 246, 1, 19, 41, 6550 }, // U+0121
    { 16, 25, 291, 1, 19, 50, 6591 }, // U+0122
    { 13, 26, 246, 1, 20, 43, 6641 }, // U+0123
    { 15, 24, 296, 2, 24, 45, 6684 }, // U+0124
    { 15, 26, 247, -1, 26, 49, 6729 }, // U+0125
    { 19, 18, 296, 0, 18, 43, 6778 }, // U+0126
    { 14, 19, 247, 0, 19, 34, 6821 }, // U+0127
    { 10, 23, 136, -1, 23, 29, 6855 }, // U+0128
    { 10, 19, 103, -2, 19, 24, 6884 }, // U+0129
    { 8, 21, 136, 0, 21, 21, 6908 }, // U+012A
    { 8, 17, 103, -1, 17, 17, 6929 }, // U+012B
    { 9, 23, 136, 0, 23, 26, 6946 }, // U+012C
    { 9, 19, 103, -1, 19, 22, 6972 }, // U+012D
    { 7, 24, 136, 1, 18, 21, 6994 }, // U+012E
    { 5, 25, 103, 0, 19, 16, 7015 }, // U+012F
    { 7, 23, 136, 1, 23, 21, 7031 }, // U+0130
    { 3, 14, 103, 2, 14, 6, 7052 }, // U+0131
    { 13, 23, 245, 1, 18, 38, 7058 }, // U+0132
    { 10, 25, 206, 1, 19, 32, 7096 }, // U+0133
    { 10, 29, 109, -2, 24, 37, 7128 }, // U+0134
    { 10, 26, 103, -2, 20, 33, 7165 }, // U+0135
    { 14, 24, 248, 2, 18, 42, 7198 }, // U+0136
    { 12, 25, 214, 2, 19, 38, 7240 }, // U+0137
    { 12, 14, 214, 2, 14, 21, 7278 }, // U+0138
    { 11, 24, 210, 2, 24, 33, 7299 }, // U+0139
    { 6, 26, 103, 1, 26, 20, 7332 }, // U+013A
    { 11, 24, 210, 2, 18, 33, 7352 }, // U+013B
    { 4, 25, 103, 1, 19, 13, 7385 }, // U+013C
    { 11, 18, 210, 2, 18, 25, 7398 }, // U+013D
    { 7, 19, 103, 2, 19, 17, 7423 }, // U+013E
    { 11, 18, 210, 2, 18, 25, 7440 }, // U+013F
    { 6, 19, 107, 2, 19, 15, 7465 }, // U+0140
    { 13, 18, 210, 0, 18, 30, 7480 }, // U+0141
    { 8, 19, 103, -1, 19, 19, 7510 }, // U+0142
    { 15, 24, 304, 2, 24, 45, 7529 }, // U+0143
    { 12, 20, 247, 2, 20, 30, 7574 }, // U+0144
    { 15, 24, 304, 2, 18, 45, 7604 }, // U+0145
    { 12, 20, 247, 2, 14, 30, 7649 }, // U+0146
    { 15, 24, 304, 2, 24, 45, 7679 }, // U+0147
    { 12, 20, 247, 2, 20, 30, 7724 }, // U+0148
    { 16, 18, 275, 0, 18, 36, 7754 }, // U+0149
    { 15, 23, 304, 2, 18, 44, 7790 }, // U+014A
    { 12, 20, 247, 2, 14, 30, 7834 }, // U+014B
    { 17, 22, 312, 1, 21, 47, 7864 }, // U+014C
    { 13, 18, 242, 1, 17, 30, 7911 }, // U+014D
    { 17, 24, 312, 1, 23, 51, 7941 }, // U+014E
    { 13, 20, 242, 1, 19, 33, 7992 }, // U+014F
    { 17, 25, 312, 1, 24, 54, 8025 }, // U+0150
    { 13, 21, 242, 1, 20, 35, 8079 }, // U+0151
    { 21, 20, 371, 1, 19, 53, 8114 }, // U+0152
    { 22, 15, 378, 1, 14, 42, 8167 }, // U+0153
    { 14, 24, 249, 2, 24, 42, 8209 }, // U+0154
    { 8, 20, 165, 2, 20, 20, 8251 }, // U+0155
    { 14, 24, 249, 2, 18, 42, 8271 }, // U+0156
    { 9, 20, 165, 1, 14, 23, 8313 }, // U+0157
    { 14, 24, 249, 2, 24, 42, 8336 }, // U+0158
    { 10, 20, 165, 1, 20, 25, 8378 }, // U+0159
    { 12, 25, 220, 1, 24, 38, 8403 }, // U+015A
    { 10, 21, 192, 1, 20, 27, 8441 }, // U+015B
    { 12, 25, 220, 1, 24, 38, 8468 }, // U+015C
    { 10, 21, 192, 1, 20, 27, 8506 }, // U+015D
    { 12, 25, 220, 1, 19, 38, 8533 }, // U+015E
    { 10, 20, 192, 1, 14, 25, 8571 }, // U+015F
    { 12, 25, 220, 1, 24, 38, 8596 }, // U+0160
    { 10, 21, 192, 1, 20, 27, 8634 }, // U+0161
    { 14, 24, 222, 0, 18, 42, 8661 }, // U+0162
    { 9, 23, 144, 0, 17, 26, 8703 }, // U+0163
    { 14, 24, 222, 0, 24, 42, 8729 }, // U+0164
    { 12, 20, 144, 0, 19, 30, 8771 }, // U+0165
    { 14, 18, 222, 0, 18, 32, 8801 }, // U+0166
    { 9, 18, 144, 0, 17, 21, 8833 }, // U+0167
    { 14, 24, 292, 2, 23, 42, 8854 }, // U+0168
    { 13, 20, 247, 1, 19, 33, 8896 }, // U+0169
    { 14, 22, 292, 2, 21, 39, 8929 }, // U+016A
    { 13, 18, 247, 1, 17, 30, 8968 }, // U+016B
    { 14, 24, 292, 2, 23, 42, 8998 }, // U+016C
    { 13, 20, 247, 1, 19, 33, 9040 }, // U+016D
    { 14, 26, 292, 2, 25, 46, 9073 }, // U+016E
    { 13, 22, 247, 1, 21, 36, 9119 }, // U+016F
    { 14, 25, 292, 2, 24, 44, 9155 }, // U+0170
    { 13, 21, 247, 1, 20, 35, 9199 }, // U+0171
    { 14, 24, 292, 2, 18, 42, 9234 }, // U+0172
    { 13, 20, 247, 1, 14, 33, 9276 }, // U+0173
    { 23, 24, 372, 0, 24, 69, 9309 }, // U+0174
    { 20, 20, 314, 0, 20, 50, 9378 }, // U+0175
    { 15, 24, 226, 0, 24, 45, 9428 }, // U+0176
    { 13, 26, 204, 0, 20, 43, 9473 }, // U+0177
    { 15, 23, 226, 0, 23, 44, 9516 }, // U+0178
    { 14, 24, 229, 0, 24, 42, 9560 }, // U+0179
    { 11, 20, 188, 0, 20, 28, 9602 }, // U+017A
    { 14, 23, 229, 0, 23, 41, 9630 }, // U+017B
    { 11, 19, 188, 0, 19, 27, 9671 }, // U+017C
    { 14, 24, 229, 0, 24, 42, 9698 }, // U+017D
    { 11, 20, 188, 0, 20, 28, 9740 }, // U+017E
    { 8, 20, 130, 2, 20, 20, 9768 }, // U+017F
    { 20, 20, 314, 1, 19, 50, 9788 }, // U+01A0
    { 16, 17, 246, 1, 16, 34, 9838 }, // U+01A1
    { 19, 20, 312, 2, 19, 48, 9872 }, // U+01AF
    { 17, 17, 270, 1, 16, 37, 9920 }, // U+01B0
    { 30, 24, 517, 2, 24, 90, 9957 }, // U+01C4
    { 28, 20, 480, 2, 20, 70, 10047 }, // U+01C5
    { 26, 21, 434, 1, 20, 69, 10117 }, // U+01C6
    { 16, 23, 319, 2, 18, 46, 10186 }, // U+01C7
    { 16, 25, 313, 2, 19, 50, 10232 }, // U+01C8
    { 9, 25, 206, 2, 19, 29, 10282 }, // U+01C9
    { 22, 23, 413, 2, 18, 64, 10311 }, // U+01CA
    { 22, 25, 407, 2, 19, 69, 10375 }, // U+01CB
    { 18, 25, 350, 2, 19, 57, 10444 }, // U+01CC
    { 16, 24, 256, 0, 24, 48, 10501 }, // U+01CD
    { 11, 21, 224, 1, 20, 29, 10549 }, // U+01CE
    { 9, 24, 136, 0, 24, 27, 10578 }, // U+01CF
    { 9, 20, 103, -1, 20, 23, 10605 }, // U+01D0
    { 17, 25, 312, 1, 24, 54, 10628 }, // U+01D1
    { 13, 21, 242, 1, 20, 35, 10682 }, // U+01D2
    { 14, 25, 292, 2, 24, 44, 10717 }, // U+01D3
    { 13, 21, 247, 1, 20, 35, 10761 }, // U+01D4
    { 14, 27, 292, 2, 26, 48, 10796 }, // U+01D5
    { 13, 22, 247, 1, 21, 36, 10844 }, // U+01D6
    { 14, 28, 292, 2, 27, 49, 10880 }, // U+01D7
    { 13, 23, 247, 1, 22, 38, 10929 }, // U+01D8
    { 14, 28, 292, 2, 27, 49, 10967 }, // U+01D9
    { 13, 24, 247, 1, 23, 39, 11016 }, // U+01DA
    { 14, 28, 292, 2, 27, 49, 11055 }, // U+01DB
    { 13, 23, 247, 1, 22, 38, 11104 }, // U+01DC
    { 12, 15, 226, 1, 14, 23, 11142 }, // U+01DD
    { 16, 26, 256, 0, 26, 52, 11165 }, // U+01DE
    { 11, 22, 224, 1, 21, 31, 11217 }, // U+01DF
    { 16, 26, 256, 0, 26, 52, 11248 }, // U+01E0
    { 11, 22, 224, 1, 21, 31, 11300 }, // U+01E1
    { 22, 21, 352, -1, 21, 58, 11331 }, // U+01E2
    { 20, 18, 346, 1, 17, 45, 11389 }, // U+01E3
    { 17, 20, 291, 1, 19, 43, 11434 }, // U+01E4
    { 14, 20, 246, 1, 14, 35, 11477 }, // U+01E5
    { 16, 25, 291, 1, 24, 50, 11512 }, // U+01E6
    { 13, 26, 246, 1, 20, 43, 11562 }, // U+01E7
    { 14, 24, 248, 2, 24, 42, 11605 }, // U+01E8
    { 15, 26, 214, -1, 26, 49, 11647 }, // U+01E9
    { 17, 25, 312, 1, 19, 54, 11696 }, // U+01EA
    { 13, 20, 242, 1, 14, 33, 11750 }, // U+01EB
    { 17, 27, 312, 1, 21, 58, 11783 }, // U+01EC
    { 13, 23, 242, 1, 17, 38, 11841 }, // U+01ED
    { 14, 25, 234, 0, 24, 44, 11879 }, // U+01EE
    { 12, 26, 199, 0, 20, 39, 11923 }, // U+01EF
    { 10, 26, 103, -2, 20, 33, 11962 }, // U+01F0
    { 30, 18, 517, 2, 18, 68, 11995 }, // U+01F1
    { 28, 18, 480, 2, 18, 63, 12063 }, // U+01F2
    { 26, 20, 434, 1, 19, 65, 12126 }, // U+01F3
    { 16, 25, 291, 1, 24, 50, 12191 }, // U+01F4
    { 13, 26, 246, 1, 20, 43, 12241 }, // U+01F5
    { 20, 19, 375, 2, 18, 48, 12284 }, // U+01F6
    { 14, 25, 264, 2, 19, 44, 12332 }, // U+01F7
    { 15, 24, 304, 2, 24, 45, 12376 }, // U+01F8
    { 12, 20, 247, 2, 20, 30, 12421 }, // U+01F9
    { 16, 24, 256, 0, 24, 48, 12451 }, // U+01FA
    { 11, 25, 224, 1, 24, 35, 12499 }, // U+01FB
    { 22, 24, 352, -1, 24, 66, 12534 }, // U+01FC
    { 20, 21, 346, 1, 20, 53, 12600 }, // U+01FD
    { 17, 25, 312, 1, 24, 54, 12653 }, // U+01FE
    { 13, 21, 242, 1, 20, 35, 12707 }, // U+01FF
    { 16, 24, 256, 0, 24, 48, 12742 }, // U+0200
    { 11, 21, 224, 1, 20, 29, 12790 }, // U+0201
    { 16, 23, 256, 0, 23, 46, 12819 }, // U+0202
    { 11, 20, 224, 1, 19, 28, 12865 }, // U+0203
    { 11, 24, 222, 2, 24, 33, 12893 }, // U+0204
    { 12, 21, 226, 1, 20, 32, 12926 }, // U+0205
    { 11, 23, 222, 2, 23, 32, 12958 }, // U+0206
    { 12, 20, 226, 1, 19, 30, 12990 }, // U+0207
    { 10, 24, 136, -2, 24, 30, 13020 }, // U+0208
    { 10, 20, 103, -3, 20, 25, 13050 }, // U+0209
    { 9, 23, 136, 0, 23, 26, 13075 }, // U+020A
    { 9, 19, 103, -1, 19, 22, 13101 }, // U+020B
    { 17, 25, 312, 1, 24, 54, 13123 }, // U+020C
    { 13, 21, 242, 1, 20, 35, 13177 }, // U+020D
    { 17, 24, 312, 1, 23, 51, 13212 }, // U+020E
    { 13, 20, 242, 1, 19, 33, 13263 }, // U+020F
    { 14, 24, 249, 2, 24, 42, 13296 }, // U+0210
    { 10, 20, 165, 0, 20, 25, 13338 }, // U+0211
    { 14, 23, 249, 2, 23, 41, 13363 }, // U+0212
    { 8, 19, 165, 2, 19, 19, 13404 }, // U+0213
    { 14, 25, 292, 2, 24, 44, 13423 }, // U+0214
    { 13, 21, 247, 1, 20, 35, 13467 }, // U+0215
    { 14, 24, 292, 2, 23, 42, 13502 }, // U+0216
    { 13, 20, 247, 1, 19, 33, 13544 }, // U+0217
    { 12, 25, 220, 1, 19, 38, 13577 }, // U+0218
    { 10, 20, 192, 1, 14, 25, 13615 }, // U+0219
    { 14, 24, 222, 0, 18, 42, 13640 }, // U+021A
    { 9, 23, 144, 0, 17, 26, 13682 }, // U+021B
    { 14, 24, 230, 0, 19, 42, 13708 }, // U+021C
    { 12, 20, 198, 0, 14, 30, 13750 }, // U+021D
    { 15, 24, 296, 2, 24, 45, 13780 }, // U+021E
    { 15, 26, 247, -1, 26, 49, 13825 }, // U+021F
    { 6, 5, 0, -13, 20, 4, 13874 }, // U+0300
    { 6, 5, 0, -9, 20, 4, 13878 }, // U+0301
    { 10, 5, 0, -5, 20, 7, 13882 }, // U+0302
    { 10, 4, 0, -13, 19, 5, 13889 }, // U+0303
    { 8, 2, 0, -4, 17, 2, 13894 }, // U+0304
    { 12, 3, 0, -6, 22, 5, 13896 }, // U+0305
    { 8, 4, 0, -4, 19, 4, 13901 }, // U+0306
    { 4, 4, 0, -2, 19, 2, 13905 }, // U+0307
    { 8, 4, 0, -4, 19, 4, 13907 }, // U+0308
    { 6, 7, 0, -10, 21, 6, 13911 }, // U+0309
    { 6, 6, 0, -3, 21, 5, 13917 }, // U+030A
    { 10, 5, 0, -4, 20, 7, 13922 }, // U+030B
    { 10, 5, 0, -5, 20, 7, 13929 }, // U+030C
    { 2, 5, 0, -1, 19, 2, 13936 }, // U+030D
    { 6, 5, 0, -3, 19, 4, 13938 }, // U+030E
    { 10, 5, 0, -13, 20, 7, 13942 }, // U+030F
    { 8, 7, 0, -4, 22, 7, 13949 }, // U+0310
    { 8, 4, 0, -4, 19, 4, 13956 }, // U+0311
    { 4, 7, 0, -2, 18, 4, 13960 }, // U+0312
    { 4, 7, 0, -2, 18, 4, 13964 }, // U+0313
    { 4, 7, 0, -2, 18, 4, 13968 }, // U+0314
    { 4, 7, 0, -2, 18, 4, 13972 }, // U+0315
    { 6, 5, 0, -3, 0, 4, 13976 }, // U+0316
    { 6, 5, 0, -3, 0, 4, 13980 }, // U+0317
    { 6, 6, 0, -3, 0, 5, 13984 }, // U+0318
    { 6, 6, 0, -3, 0, 5, 13989 }, // U+0319
    { 7, 6, 125, 0, 19, 6, 13994 }, // U+031A
    { 6, 6, 0, -3, 19, 5, 14000 }, // U+031B
    { 4, 6, 0, -2, 0, 3, 14005 }, // U+031C
    { 6, 5, 0, -3, -1, 4, 14008 }, // U+031D
    { 6, 5, 0, -3, -1, 4, 14012 }, // U+031E
    { 6, 6, 0, -3, 0, 5, 14016 }, // U+031F
    { 6, 3, 0, -3, -2, 3, 14021 }, // U+0320
    { 5, 8, 0, -5, 2, 5, 14024 }, // U+0321
    { 5, 8, 0, 0, 2, 5, 14029 }, // U+0322
    { 3, 4, 0, -9, -1, 2, 14034 }, // U+0323
    { 8, 4, 0, -4, -1, 4, 14036 }, // U+0324
    { 6, 6, 0, -3, 0, 5, 14040 }, // U+0325
    { 4, 5, 0, -2, -1, 3, 14045 }, // U+0326
    { 6, 6, 0, -3, 0, 5, 14048 }, // U+0327
    { 6, 7, 0, -3, 1, 6, 14053 }, // U+0328
    { 2, 5, 0, -1, -1, 2, 14059 }, // U+0329
    { 10, 5, 0, -5, -1, 7, 14061 }, // U+032A
    { 10, 4, 0, -5, -1, 5, 14068 }, // U+032B
    { 10, 5, 0, -5, 0, 7, 14073 }, // U+032C
    { 10, 5, 0, -5, 0, 7, 14080 }, // U+032D
    { 8, 4, 0, -4, -1, 4, 14087 }, // U+032E
    { 8, 4, 0, -4, -1, 4, 14091 }, // U+032F
    { 10, 4, 0, -5, -1, 5, 14095 }, // U+0330
    { 8, 2, 0, -4, -2, 2, 14100 }, // U+0331
    { 12, 2, 0, -6, -2, 3, 14102 }, // U+0332
    { 12, 6, 0, -6, 0, 9, 14105 }, // U+0333
    { 10, 4, 0, -5, 9, 5, 14114 }, // U+0334
    { 12, 3, 0, -6, 9, 5, 14119 }, // U+0335
    { 18, 2, 0, -9, 8, 5, 14124 }, // U+0336
    { 8, 6, 0, -4, 10, 6, 14129 }, // U+0337
    { 10, 21, 0, -5, 19, 27, 14135 }, // U+0338
    { 4, 6, 0, -2, 0, 3, 14162 }, // U+0339
    { 10, 5, 0, -5, -1, 7, 14165 }, // U+033A
    { 10, 6, 0, -5, 0, 8, 14172 }, // U+033B
    { 10, 4, 0, -5, -1, 5, 14180 }, // U+033C
    { 6, 6, 0, -3, 20, 5, 14185 }, // U+033D
    { 4, 8, 0, -2, 22, 4, 14190 }, // U+033E
    { 12, 6, 0, -6, 25, 9, 14194 }, // U+033F
    { 6, 5, 0, -4, 20, 4, 14203 }, // U+0340
    { 6, 5, 0, -1, 20, 4, 14207 }, // U+0341
    { 10, 4, 0, -5, 19, 5, 14211 }, // U+0342
    { 4, 5, 0, -2, 20, 3, 14216 }, // U+0343
    { 9, 5, 0, -4, 20, 6, 14219 }, // U+0344
    { 4, 4, 0, -1, -2, 2, 14225 }, // U+0345
    { 12, 6, 0, -6, 20, 9, 14227 }, // U+0346
    { 12, 6, 0, -6, 0, 9, 14236 }, // U+0347
    { 6, 5, 0, -3, -1, 4, 14245 }, // U+0348
    { 6, 5, 0, -3, -1, 4, 14249 }, // U+0349
    { 10, 6, 0, -5, 20, 8, 14253 }, // U+034A
    { 10, 10, 0, -5, 24, 13, 14261 }, // U+034B
    { 10, 7, 0, -5, 22, 9, 14274 }, // U+034C
    { 10, 6, 0, -5, 0, 8, 14283 }, // U+034D
    { 6, 6, 0, -3, 0, 5, 14291 }, // U+034E
    { 18, 18, 0, -9, 18, 41, 14296 }, // U+034F
    { 5, 6, 0, -3, 20, 4, 14337 }, // U+0350
    { 4, 6, 0, -2, 21, 3, 14341 }, // U+0351
    { 8, 6, 0, -4, 21, 6, 14344 }, // U+0352
    { 6, 6, 0, -3, 0, 5, 14350 }, // U+0353
    { 5, 5, 0, -3, -1, 4, 14355 }, // U+0354
    { 5, 5, 0, -3, -1, 4, 14359 }, // U+0355
    { 10, 5, 0, -5, -1, 7, 14363 }, // U+0356
    { 4, 6, 0, -2, 21, 3, 14370 }, // U+0357
    { 3, 4, 0, 3, 19, 2, 14373 }, // U+0358
    { 6, 6, 0, -3, 0, 5, 14375 }, // U+0359
    { 10, 6, 0, -5, 0, 8, 14380 }, // U+035A
    { 6, 6, 0, -3, 20, 5, 14388 }, // U+035B
    { 20, 5, 0, -10, -1, 13, 14393 }, // U+035C
    { 20, 5, 0, -10, 19, 13, 14406 }, // U+035D
    { 16, 2, 0, -8, 17, 4, 14419 }, // U+035E
    { 16, 2, 0, -8, -2, 4, 14423 }, // U+035F
    { 20, 4, 0, -10, 19, 10, 14427 }, // U+0360
    { 20, 6, 0, -10, 22, 15, 14437 }, // U+0361
    { 21, 6, 0, -10, 0, 16, 14452 }, // U+0362
    { 6, 6, 0, -3, 21, 5, 14468 }, // U+0363
    { 6, 6, 0, -3, 21, 5, 14473 }, // U+0364
    { 2, 8, 0, -1, 23, 2, 14478 }, // U+0365
    { 7, 6, 0, -3, 21, 6, 14480 }, // U+0366
    { 6, 6, 0, -3, 21, 5, 14486 }, // U+0367
    { 5, 6, 0, -2, 21, 4, 14491 }, // U+0368
    { 6, 9, 0, -3, 24, 7, 14495 }, // U+0369
    { 6, 9, 0, -3, 24, 7, 14502 }, // U+036A
    { 10, 6, 0, -5, 21, 8, 14509 }, // U+036B
    { 5, 6, 0, -2, 21, 4, 14517 }, // U+036C
    { 5, 8, 0, -2, 23, 5, 14521 }, // U+036D
    { 7, 6, 0, -3, 21, 6, 14526 }, // U+036E
    { 7, 6, 0, -3, 21, 6, 14532 }, // U+036F
    { 11, 24, 222, 2, 24, 33, 14538 }, // U+0400
    { 11, 23, 222, 2, 23, 32, 14571 }, // U+0401
    { 17, 19, 286, 0, 18, 41, 14603 }, // U+0402
    { 11, 24, 204, 2, 24, 33, 14644 }, // U+0403
    { 14, 20, 256, 1, 19, 35, 14677 }, // U+0404
    { 12, 20, 220, 1, 19, 30, 14712 }, // U+0405
    { 3, 18, 114, 2, 18, 7, 14742 }, // U+0406
    { 7, 23, 114, 0, 23, 21, 14749 }, // U+0407
    { 7, 23, 109, -2, 18, 21, 14770 }, // U+0408
    { 24, 19, 404, 0, 18, 57, 14791 }, // U+0409
    { 23, 18, 411, 2, 18, 52, 14848 }, // U+040A
    { 17, 18, 286, 0, 18, 39, 14900 }, // U+040B
    { 14, 24, 250, 2, 24, 42, 14939 }, // U+040C
    { 15, 24, 302, 2, 24, 45, 14981 }, // U+040D
    { 16, 24, 246, 0, 23, 48, 15026 }, // U+040E
    { 14, 22, 292, 2, 18, 39, 15074 }, // U+040F
    { 16, 18, 255, 0, 18, 36, 15113 }, // U+0410
    { 13, 18, 246, 2, 18, 30, 15149 }, // U+0411
    { 13, 18, 260, 2, 18, 30, 15179 }, // U+0412
    { 11, 18, 204, 2, 18, 25, 15209 }, // U+0413
    { 18, 22, 292, 0, 18, 50, 15234 }, // U+0414
    { 11, 18, 222, 2, 18, 25, 15284 }, // U+0415
    { 23, 18, 362, 0, 18, 52, 15309 }, // U+0416
    { 13, 20, 231, 0, 19, 33, 15361 }, // U+0417
    { 15, 18, 302, 2, 18, 34, 15394 }, // U+0418
    { 15, 23, 302, 2, 23, 44, 15428 }, // U+0419
    { 14, 18, 250, 2, 18, 32, 15472 }, // U+041A
    { 16, 19, 279, 0, 18, 38, 15504 }, // U+041B
    { 19, 18, 363, 2, 18, 43, 15542 }, // U+041C
    { 15, 18, 297, 2, 18, 34, 15585 }, // U+041D
    { 17, 20, 304, 1, 19, 43, 15619 }, // U+041E
    { 14, 18, 293, 2, 18, 32, 15662 }, // U+041F
    { 12, 18, 242, 2, 18, 27, 15694 }, // U+0420
    { 14, 20, 256, 1, 19, 35, 15721 }, // U+0421
    { 14, 18, 222, 0, 18, 32, 15756 }, // U+0422
    { 16, 19, 246, 0, 18, 38, 15788 }, // U+0423
    { 19, 20, 327, 1, 19, 48, 15826 }, // U+0424
    { 15, 18, 235, 0, 18, 34, 15874 }, // U+0425
    { 17, 22, 296, 2, 18, 47, 15908 }, // U+0426
    { 14, 18, 269, 1, 18, 32, 15955 }, // U+0427
    { 22, 18, 414, 2, 18, 50, 15987 }, // U+0428
    { 24, 22, 410, 2, 18, 66, 16037 }, // U+0429
    { 16, 18, 274, 0, 18, 36, 16103 }, // U+042A
    { 17, 18, 340, 2, 18, 39, 16139 }, // U+042B
    { 12, 18, 243, 2, 18, 27, 16178 }, // U+042C
    { 14, 20, 259, 1, 19, 35, 16205 }, // U+042D
    { 22, 20, 400, 2, 19, 55, 16240 }, // U+042E
    { 14, 18, 255, 0, 18, 32, 16295 }, // U+042F
    { 11, 15, 222, 1, 14, 21, 16327 }, // U+0430
    { 13, 21, 239, 1, 20, 35, 16348 }, // U+0431
    { 11, 14, 226, 2, 14, 20, 16383 }, // U+0432
    { 9, 14, 175, 2, 14, 16, 16403 }, // U+0433
    { 15, 18, 243, 0, 14, 34, 16419 }, // U+0434
    { 12, 15, 220, 1, 14, 23, 16453 }, // U+0435
    { 19, 14, 304, 0, 14, 34, 16476 }, // U+0436
    { 12, 15, 195, 0, 14, 23, 16510 }, // U+0437
    { 12, 14, 248, 2, 14, 21, 16533 }, // U+0438
    { 12, 19, 248, 2, 19, 29, 16554 }, // U+0439
    { 12, 14, 212, 2, 14, 21, 16583 }, // U+043A
    { 13, 15, 235, 0, 14, 25, 16604 }, // U+043B
    { 16, 14, 307, 2, 14, 28, 16629 }, // U+043C
    { 12, 14, 246, 2, 14, 21, 16657 }, // U+043D
    { 13, 15, 238, 1, 14, 25, 16678 }, // U+043E
    { 12, 14, 242, 2, 14, 21, 16703 }, // U+043F
    { 12, 20, 243, 2, 14, 30, 16724 }, // U+0440
    { 11, 15, 197, 1, 14, 21, 16754 }, // U+0441
    { 12, 14, 186, 0, 14, 21, 16775 }, // U+0442
    { 13, 20, 204, 0, 14, 33, 16796 }, // U+0443
    { 17, 25, 295, 1, 19, 54, 16829 }, // U+0444
    { 13, 14, 204, 0, 14, 23, 16883 }, // U+0445
    { 14, 18, 245, 2, 14, 32, 16906 }, // U+0446
    { 12, 14, 236, 1, 14, 21, 16938 }, // U+0447
    { 19, 14, 358, 2, 14, 34, 16959 }, // U+0448
    { 21, 18, 359, 2, 14, 48, 16993 }, // U+0449
    { 15, 14, 249, 0, 14, 27, 17041 }, // U+044A
    { 15, 14, 304, 2, 14, 27, 17068 }, // U+044B
    { 11, 14, 218, 2, 14, 20, 17095 }, // U+044C
    { 11, 15, 198, 1, 14, 21, 17115 }, // U+044D
    { 17, 15, 320, 2, 14, 32, 17136 }, // U+044E
    { 13, 14, 231, 0, 14, 23, 17168 }, // U+044F
    { 12, 21, 220, 1, 20, 32, 17191 }, // U+0450
    { 12, 20, 220, 1, 19, 30, 17223 }, // U+0451
    { 14, 25, 248, 0, 19, 44, 17253 }, // U+0452
    { 9, 20, 175, 2, 20, 23, 17297 }, // U+0453
    { 11, 15, 197, 1, 14, 21, 17320 }, // U+0454
    { 10, 15, 187, 1, 14, 19, 17341 }, // U+0455
    { 4, 19, 103, 1, 19, 10, 17360 }, // U+0456
    { 6, 19, 103, 0, 19, 15, 17370 }, // U+0457
    { 7, 25, 103, -2, 19, 22, 17385 }, // U+0458
    { 21, 15, 344, 0, 14, 40, 17407 }, // U+0459
    { 20, 14, 356, 2, 14, 35, 17447 }, // U+045A
    { 14, 19, 248, 0, 19, 34, 17482 }, // U+045B
    { 12, 20, 212, 2, 20, 30, 17516 }, // U+045C
    { 12, 20, 248, 2, 20, 30, 17546 }, // U+045D
    { 13, 25, 204, 0, 19, 41, 17576 }, // U+045E
    { 12, 18, 242, 2, 14, 27, 17617 }, // U+045F
    { 23, 19, 368, 0, 18, 55, 17644 }, // U+0460
    { 20, 14, 316, 0, 14, 35, 17699 }, // U+0461
    { 16, 18, 270, 0, 18, 36, 17734 }, // U+0462
    { 15, 17, 254, 0, 17, 32, 17770 }, // U+0463
    { 21, 20, 369, 2, 19, 53, 17802 }, // U+0464
    { 16, 15, 297, 2, 14, 30, 17855 }, // U+0465
    { 18, 18, 273, 0, 18, 41, 17885 }, // U+0466
    { 15, 14, 229, 0, 14, 27, 17926 }, // U+0467
    { 22, 18, 372, 2, 18, 50, 17953 }, // U+0468
    { 18, 14, 312, 2, 14, 32, 18003 }, // U+0469
    { 18, 18, 292, 0, 18, 41, 18035 }, // U+046A
    { 16, 14, 256, 0, 14, 28, 18076 }, // U+046B
    { 23, 18, 394, 2, 18, 52, 18104 }, // U+046C
    { 20, 14, 340, 2, 14, 35, 18156 }, // U+046D
    { 14, 28, 235, 0, 22, 49, 18191 }, // U+046E
    { 12, 22, 196, 0, 17, 33, 18240 }, // U+046F
    { 17, 18, 322, 2, 18, 39, 18273 }, // U+0470
    { 16, 25, 304, 1, 19, 50, 18312 }, // U+0471
    { 17, 20, 313, 1, 19, 43, 18362 }, // U+0472
    { 13, 15, 242, 1, 14, 25, 18405 }, // U+0473
    { 17, 18, 254, 0, 18, 39, 18430 }, // U+0474
    { 14, 14, 206, 0, 14, 25, 18469 }, // U+0475
    { 17, 24, 254, 0, 24, 51, 18494 }, // U+0476
    { 14, 20, 206, 0, 20, 35, 18545 }, // U+0477
    { 30, 25, 488, 1, 19, 94, 18580 }, // U+0478
    { 27, 20, 438, 1, 14, 68, 18674 }, // U+0479
    { 18, 22, 328, 1, 20, 50, 18742 }, // U+047A
    { 15, 17, 264, 1, 15, 32, 18792 }, // U+047B
    { 24, 27, 410, 1, 26, 81, 18824 }, // U+047C
    { 21, 24, 362, 1, 23, 63, 18905 }, // U+047D
    { 23, 24, 368, 0, 23, 69, 18968 }, // U+047E
    { 20, 18, 316, 0, 18, 45, 19037 }, // U+047F
    { 15, 25, 257, 1, 19, 47, 19082 }, // U+0480
    { 11, 20, 197, 1, 14, 28, 19129 }, // U+0481
    { 13, 17, 244, 1, 16, 28, 19157 }, // U+0482
    { 10, 4, 0, -12, 18, 5, 19185 }, // U+0483
    { 10, 4, 0, -12, 19, 5, 19190 }, // U+0484
    { 4, 5, 0, -9, 20, 3, 19195 }, // U+0485
    { 4, 5, 0, -9, 20, 3, 19198 }, // U+0486
    { 10, 4, 0, -5, 23, 5, 19201 }, // U+0487
    { 30, 27, 0, -15, 20, 102, 19206 }, // U+0488
    { 28, 28, 0, -14, 21, 98, 19308 }, // U+0489
    { 18, 29, 314, 2, 24, 66, 19406 }, // U+048A
    { 15, 24, 264, 2, 19, 45, 19472 }, // U+048B
    { 15, 18, 246, 0, 18, 34, 19517 }, // U+048C
    { 14, 19, 238, 0, 19, 34, 19551 }, // U+048D
    { 13, 18, 245, 2, 18, 30, 19585 }, // U+048E
    { 12, 20, 246, 2, 14, 30, 19615 }, // U+048F
    { 11, 22, 213, 2, 22, 31, 19645 }, // U+0490
    { 9, 18, 174, 2, 18, 21, 19676 }, // U+0491
    { 13, 18, 212, 0, 18, 30, 19697 }, // U+0492
    { 11, 14, 174, 0, 14, 20, 19727 }, // U+0493
    { 14, 25, 260, 2, 18, 44, 19747 }, // U+0494
    { 11, 21, 213, 2, 14, 29, 19791 }, // U+0495
    { 23, 23, 362, 0, 18, 67, 19820 }, // U+0496
    { 20, 19, 318, 0, 14, 48, 19887 }, // U+0497
    { 13, 25, 231, 0, 19, 41, 19935 }, // U+0498
    { 12, 20, 195, 0, 14, 30, 19976 }, // U+0499
    { 15, 23, 268, 2, 18, 44, 20006 }, // U+049A
    { 12, 19, 223, 2, 14, 29, 20050 }, // U+049B
    { 14, 18, 250, 2, 18, 32, 20079 }, // U+049C
    { 11, 14, 212, 2, 14, 20, 20111 }, // U+049D
    { 16, 18, 250, 0, 18, 36, 20131 }, // U+049E
    { 13, 19, 214, 0, 19, 31, 20167 }, // U+049F
    { 18, 18, 277, 0, 18, 41, 20198 }, // U+04A0
    { 16, 14, 249, 0, 14, 28, 20239 }, // U+04A1
    { 17, 23, 302, 2, 18, 49, 20267 }, // U+04A2
    { 14, 19, 263, 2, 14, 34, 20316 }, // U+04A3
    { 19, 18, 326, 2, 18, 43, 20350 }, // U+04A4
    { 17, 14, 295, 2, 14, 30, 20393 }, // U+04A5
    { 24, 25, 422, 2, 18, 75, 20423 }, // U+04A6
    { 19, 21, 345, 2, 14, 50, 20498 }, // U+04A7
    { 18, 21, 312, 1, 19, 48, 20548 }, // U+04A8
    { 15, 15, 257, 1, 14, 29, 20596 }, // U+04A9
    { 15, 25, 253, 1, 19, 47, 20625 }, // U+04AA
    { 11, 20, 192, 1, 14, 28, 20672 }, // U+04AB
    { 14, 23, 222, 0, 18, 41, 20700 }, // U+04AC
    { 12, 19, 190, 0, 14, 29, 20741 }, // U+04AD
    { 15, 18, 226, 0, 18, 34, 20770 }, // U+04AE
    { 13, 20, 203, 0, 14, 33, 20804 }, // U+04AF
    { 15, 18, 226, 0, 18, 34, 20837 }, // U+04B0
    { 13, 20, 203, 0, 14, 33, 20871 }, // U+04B1
    { 16, 23, 252, 0, 18, 46, 20904 }, // U+04B2
    { 14, 19, 221, 0, 14, 34, 20950 }, // U+04B3
    { 21, 23, 345, 0, 18, 61, 20984 }, // U+04B4
    { 18, 19, 290, 0, 14, 43, 21045 }, // U+04B5
    { 16, 23, 281, 2, 18, 46, 21088 }, // U+04B6
    { 15, 19, 248, 1, 14, 36, 21134 }, // U+04B7
    { 14, 18, 279, 2, 18, 32, 21170 }, // U+04B8
    { 12, 14, 242, 1, 14, 21, 21202 }, // U+04B9
    { 14, 18, 279, 2, 18, 32, 21223 }, // U+04BA
    { 12, 19, 247, 2, 19, 29, 21255 }, // U+04BB
    { 20, 20, 340, 0, 19, 50, 21284 }, // U+04BC
    { 16, 15, 266, 0, 14, 30, 21334 }, // U+04BD
    { 20, 24, 340, 0, 19, 60, 21364 }, // U+04BE
    { 16, 19, 266, 0, 14, 38, 21424 }, // U+04BF
    { 7, 18, 136, 1, 18, 16, 21462 }, // U+04C0
    { 23, 23, 362, 0, 23, 67, 21478 }, // U+04C1
    { 19, 19, 304, 0, 19, 46, 21545 }, // U+04C2
    { 15, 25, 278, 2, 18, 47, 21591 }, // U+04C3
    { 12, 21, 224, 2, 14, 32, 21638 }, // U+04C4
    { 18, 23, 288, 0, 18, 52, 21670 }, // U+04C5
    { 15, 19, 235, 0, 14, 36, 21722 }, // U+04C6
    { 15, 25, 292, 2, 18, 47, 21758 }, // U+04C7
    { 12, 21, 248, 2, 14, 32, 21805 }, // U+04C8
    { 17, 23, 302, 2, 18, 49, 21837 }, // U+04C9
    { 15, 19, 265, 2, 14, 36, 21886 }, // U+04CA
    { 14, 23, 279, 2, 18, 41, 21922 }, // U+04CB
    { 13, 19, 245, 1, 14, 31, 21963 }, // U+04CC
    { 21, 23, 367, 2, 18, 61, 21994 }, // U+04CD
    { 17, 19, 302, 2, 14, 41, 22055 }, // U+04CE
    { 7, 18, 136, 1, 18, 16, 22096 }, // U+04CF
    { 16, 23, 256, 0, 23, 46, 22112 }, // U+04D0
    { 11, 20, 224, 1, 19, 28, 22158 }, // U+04D1
    { 16, 23, 256, 0, 23, 46, 22186 }, // U+04D2
    { 11, 20, 224, 1, 19, 28, 22232 }, // U+04D3
    { 22, 18, 352, -1, 18, 50, 22260 }, // U+04D4
    { 20, 15, 346, 1, 14, 38, 22310 }, // U+04D5
    { 11, 23, 222, 2, 23, 32, 22348 }, // U+04D6
    { 12, 20, 226, 1, 19, 30, 22380 }, // U+04D7
    { 16, 20, 296, 1, 19, 40, 22410 }, // U+04D8
    { 12, 15, 226, 1, 14, 23, 22450 }, // U+04D9
    { 16, 24, 296, 1, 23, 48, 22473 }, // U+04DA
    { 12, 20, 226, 1, 19, 30, 22521 }, // U+04DB
    { 23, 23, 362, 0, 23, 67, 22551 }, // U+04DC
    { 19, 19, 304, 0, 19, 46, 22618 }, // U+04DD
    { 13, 24, 231, 0, 23, 39, 22664 }, // U+04DE
    { 12, 20, 195, 0, 19, 30, 22703 }, // U+04DF
    { 14, 19, 234, 0, 18, 34, 22733 }, // U+04E0
    { 12, 20, 199, 0, 14, 30, 22767 }, // U+04E1
    { 15, 21, 302, 2, 21, 40, 22797 }, // U+04E2
    { 12, 17, 248, 2, 17, 26, 22837 }, // U+04E3
    { 15, 23, 302, 2, 23, 44, 22863 }, // U+04E4
    { 12, 19, 248, 2, 19, 29, 22907 }, // U+04E5
    { 17, 24, 312, 1, 23, 51, 22936 }, // U+04E6
    { 13, 20, 242, 1, 19, 33, 22987 }, // U+04E7
    { 17, 20, 313, 1, 19, 43, 23020 }, // U+04E8
    { 13, 15, 242, 1, 14, 25, 23063 }, // U+04E9
    { 17, 24, 313, 1, 23, 51, 23088 }, // U+04EA
    { 13, 20, 242, 1, 19, 33, 23139 }, // U+04EB
    { 14, 24, 259, 1, 23, 42, 23172 }, // U+04EC
    { 11, 20, 198, 1, 19, 28, 23214 }, // U+04ED
    { 16, 22, 246, 0, 21, 44, 23242 }, // U+04EE
    { 13, 23, 204, 0, 17, 38, 23286 }, // U+04EF
    { 16, 24, 246, 0, 23, 48, 23324 }, // U+04F0
    { 13, 25, 204, 0, 19, 41, 23372 }, // U+04F1
    { 16, 25, 246, 0, 24, 50, 23413 }, // U+04F2
    { 13, 26, 204, 0, 20, 43, 23463 }, // U+04F3
    { 14, 23, 269, 1, 23, 41, 23506 }, // U+04F4
    { 12, 19, 236, 1, 19, 29, 23547 }, // U+04F5
    { 11, 23, 212, 2, 18, 32, 23576 }, // U+04F6
    { 9, 19, 173, 2, 14, 22, 23608 }, // U+04F7
    { 17, 23, 340, 2, 23, 49, 23630 }, // U+04F8
    { 15, 19, 304, 2, 19, 36, 23679 }, // U+04F9
    { 13, 23, 212, 0, 18, 38, 23715 }, // U+04FA
    { 11, 19, 174, 0, 14, 27, 23753 }, // U+04FB
    { 16, 23, 253, 0, 18, 46, 23780 }, // U+04FC
    { 14, 19, 220, 0, 14, 34, 23826 }, // U+04FD
    { 15, 18, 234, 0, 18, 34, 23860 }, // U+04FE
    { 13, 14, 212, 0, 14, 23, 23894 }, // U+04FF
    { 15, 15, 253, 0, 15, 29, 23917 }, // U+05D0
    { 13, 15, 229, 1, 15, 25, 23946 }, // U+05D1
    { 9, 16, 150, 0, 15, 18, 23971 }, // U+05D2
    { 13, 15, 217, 0, 15, 25, 23989 }, // U+05D3
    { 13, 15, 251, 1, 15, 25, 24014 }, // U+05D4
    { 6, 15, 120, 0, 15, 12, 24039 }, // U+05D5
    { 7, 15, 132, 1, 15, 14, 24051 }, // U+05D6
    { 14, 15, 265, 1, 15, 27, 24065 }, // U+05D7
    { 14, 15, 254, 1, 15, 27, 24092 }, // U+05D8
    { 6, 9, 118, 0, 15, 7, 24119 }, // U+05D9
    { 11, 20, 218, 1, 15, 28, 24126 }, // U+05DA
    { 11, 15, 206, 1, 15, 21, 24154 }, // U+05DB
    { 13, 20, 209, 0, 20, 33, 24175 }, // U+05DC
    { 15, 15, 274, 1, 15, 29, 24208 }, // U+05DD
    { 15, 15, 264, 1, 15, 29, 24237 }, // U+05DE
    { 5, 20, 132, 1, 15, 13, 24266 }, // U+05DF
    { 7, 15, 152, 1, 15, 14, 24279 }, // U+05E0
    { 14, 15, 257, 1, 15, 27, 24293 }, // U+05E1
    { 14, 17, 237, 0, 16, 30, 24320 }, // U+05E2
    { 13, 20, 248, 1, 15, 33, 24350 }, // U+05E3
    { 13, 15, 240, 1, 15, 25, 24383 }, // U+05E4
    { 13, 20, 212, 0, 15, 33, 24408 }, // U+05E5
    { 12, 15, 222, 1, 15, 23, 24441 }, // U+05E6
    { 14, 20, 251, 1, 15, 35, 24464 }, // U+05E7
    { 11, 15, 209, 1, 15, 21, 24499 }, // U+05E8
    { 16, 15, 292, 1, 15, 30, 24520 }, // U+05E9
    { 16, 15, 274, 0, 15, 30, 24550 }, // U+05EA
    { 4, 7, 131, 2, 6, 4, 24580 }, // U+060C
    { 5, 14, 138, 1, 13, 9, 24584 }, // U+061B
    { 11, 20, 174, 0, 19, 28, 24593 }, // U+061F
    { 10, 11, 164, 0, 9, 14, 24621 }, // U+0621
    { 8, 3, 108, 0, 2, 3, 24635 }, // U+0640
    { 6, 7, 0, 0, 21, 6, 24638 }, // U+0654
    { 5, 5, 229, 5, 10, 4, 24644 }, // U+0660
    { 5, 19, 229, 5, 18, 12, 24648 }, // U+0661
    { 11, 19, 229, 2, 18, 27, 24660 }, // U+0662
    { 14, 19, 229, 0, 18, 34, 24687 }, // U+0663
    { 11, 19, 229, 2, 18, 27, 24721 }, // U+0664
    { 11, 14, 229, 2, 13, 20, 24748 }, // U+0665
    { 12, 19, 229, 1, 18, 29, 24768 }, // U+0666
    { 14, 19, 229, 0, 18, 34, 24797 }, // U+0667
    { 14, 19, 229, 0, 18, 34, 24831 }, // U+0668
    { 11, 18, 229, 2, 17, 25, 24865 }, // U+0669
    { 16, 14, 274, 0, 8, 28, 24890 }, // U+06BA
    { 6, 2, 120, 1, 2, 2, 24918 }, // U+06D4
    { 10, 12, 162, 0, 12, 15, 24920 }, // U+06D5
    { 5, 5, 229, 5, 10, 4, 24935 }, // U+06F0
    { 5, 19, 229, 5, 18, 12, 24939 }, // U+06F1
    { 11, 19, 229, 2, 18, 27, 24951 }, // U+06F2
    { 14, 19, 229, 0, 18, 34, 24978 }, // U+06F3
    { 11, 17, 229, 2, 17, 24, 25012 }, // U+06F4
    { 12, 17, 229, 1, 17, 26, 25036 }, // U+06F5
    { 10, 18, 229, 2, 17, 23, 25062 }, // U+06F6
    { 14, 19, 229, 0, 18, 34, 25085 }, // U+06F7
    { 14, 19, 229, 0, 18, 34, 25119 }, // U+06F8
    { 11, 18, 229, 2, 17, 25, 25153 }, // U+06F9
    { 16, 23, 256, 0, 18, 46, 25178 }, // U+1EA0
    { 11, 19, 224, 1, 14, 27, 25224 }, // U+1EA1
    { 16, 25, 256, 0, 25, 50, 25251 }, // U+1EA2
    { 11, 22, 224, 1, 21, 31, 25301 }, // U+1EA3
    { 16, 25, 256, 0, 25, 50, 25332 }, // U+1EA4
    { 13, 22, 224, 1, 21, 36, 25382 }, // U+1EA5
    { 16, 25, 256, 0, 25, 50, 25418 }, // U+1EA6
    { 12, 22, 224, 0, 21, 33, 25468 }, // U+1EA7
    { 16, 26, 256, 0, 26, 52, 25501 }, // U+1EA8
    { 12, 23, 224, 1, 22, 35, 25553 }, // U+1EA9
    { 16, 27, 256, 0, 27, 54, 25588 }, // U+1EAA
    { 11, 24, 224, 1, 23, 33, 25642 }, // U+1EAB
    { 16, 29, 256, 0, 24, 58, 25675 }, // U+1EAC
    { 11, 25, 224, 1, 20, 35, 25733 }, // U+1EAD
    { 16, 26, 256, 0, 26, 52, 25768 }, // U+1EAE
    { 11, 23, 224, 1, 22, 32, 25820 }, // U+1EAF
    { 16, 26, 256, 0, 26, 52, 25852 }, // U+1EB0
    { 11, 23, 224, 1, 22, 32, 25904 }, // U+1EB1
    { 16, 27, 256, 0, 27, 54, 25936 }, // U+1EB2
    { 11, 23, 224, 1, 22, 32, 25990 }, // U+1EB3
    { 16, 27, 256, 0, 27, 54, 26022 }, // U+1EB4
    { 11, 24, 224, 1, 23, 33, 26076 }, // U+1EB5
    { 16, 28, 256, 0, 23, 56, 26109 }, // U+1EB6
    { 11, 24, 224, 1, 19, 33, 26165 }, // U+1EB7
    { 11, 23, 222, 2, 18, 32, 26198 }, // U+1EB8
    { 12, 19, 226, 1, 14, 29, 26230 }, // U+1EB9
    { 11, 25, 222, 2, 25, 35, 26259 }, // U+1EBA
    { 12, 22, 226, 1, 21, 33, 26294 }, // U+1EBB
    { 11, 23, 222, 2, 23, 32, 26327 }, // U+1EBC
    { 12, 20, 226, 1, 19, 30, 26359 }, // U+1EBD
    { 12, 25, 222, 2, 25, 38, 26389 }, // U+1EBE
    { 13, 22, 226, 1, 21, 36, 26427 }, // U+1EBF
    { 13, 25, 222, 0, 25, 41, 26463 }, // U+1EC0
    { 13, 22, 226, 0, 21, 36, 26504 }, // U+1EC1
    { 12, 26, 222, 2, 26, 39, 26540 }, // U+1EC2
    { 13, 23, 226, 1, 22, 38, 26579 }, // U+1EC3
    { 11, 27, 222, 2, 27, 38, 26617 }, // U+1EC4
    { 12, 24, 226, 1, 23, 36, 26655 }, // U+1EC5
    { 11, 29, 222, 2, 24, 40, 26691 }, // U+1EC6
    { 12, 25, 226, 1, 20, 38, 26731 }, // U+1EC7
    { 7, 25, 136, 1, 25, 22, 26769 }, // U+1EC8
    { 6, 21, 103, 1, 21, 16, 26791 }, // U+1EC9
    { 7, 23, 136, 1, 18, 21, 26807 }, // U+1ECA
    { 4, 24, 103, 1, 19, 12, 26828 }, // U+1ECB
    { 17, 24, 312, 1, 19, 51, 26840 }, // U+1ECC
    { 13, 19, 242, 1, 14, 31, 26891 }, // U+1ECD
    { 17, 26, 312, 1, 25, 56, 26922 }, // U+1ECE
    { 13, 22, 242, 1, 21, 36, 26978 }, // U+1ECF
    { 17, 26, 312, 1, 25, 56, 27014 }, // U+1ED0
    { 14, 22, 242, 1, 21, 39, 27070 }, // U+1ED1
    { 17, 26, 312, 1, 25, 56, 27109 }, // U+1ED2
    { 13, 22, 242, 1, 21, 36, 27165 }, // U+1ED3
    { 17, 27, 312, 1, 26, 58, 27201 }, // U+1ED4
    { 13, 23, 242, 1, 22, 38, 27259 }, // U+1ED5
    { 17, 28, 312, 1, 27, 60, 27297 }, // U+1ED6
    { 13, 24, 242, 1, 23, 39, 27357 }, // U+1ED7
    { 17, 29, 312, 1, 24, 62, 27396 }, // U+1ED8
    { 13, 25, 242, 1, 20, 41, 27458 }, // U+1ED9
    { 20, 25, 314, 1, 24, 63, 27499 }, // U+1EDA
    { 16, 21, 246, 1, 20, 42, 27562 }, // U+1EDB
    { 20, 25, 314, 1, 24, 63, 27604 }, // U+1EDC
    { 16, 21, 246, 1, 20, 42, 27667 }, // U+1EDD
    { 20, 26, 314, 1, 25, 65, 27709 }, // U+1EDE
    { 16, 22, 246, 1, 21, 44, 27774 }, // U+1EDF
    { 20, 24, 314, 1, 23, 60, 27818 }, // U+1EE0
    { 16, 20, 246, 1, 19, 40, 27878 }, // U+1EE1
    { 20, 24, 314, 1, 19, 60, 27918 }, // U+1EE2
    { 16, 21, 246, 1, 16, 42, 27978 }, // U+1EE3
    { 14, 23, 292, 2, 18, 41, 28020 }, // U+1EE4
    { 13, 19, 247, 1, 14, 31, 28061 }, // U+1EE5
    { 14, 26, 292, 2, 25, 46, 28092 }, // U+1EE6
    { 13, 22, 247, 1, 21, 36, 28138 }, // U+1EE7
    { 19, 25, 312, 2, 24, 60, 28174 }, // U+1EE8
    { 17, 21, 270, 1, 20, 45, 28234 }, // U+1EE9
    { 19, 25, 312, 2, 24, 60, 28279 }, // U+1EEA
    { 17, 21, 270, 1, 20, 45, 28339 }, // U+1EEB
    { 19, 26, 312, 2, 25, 62, 28384 }, // U+1EEC
    { 17, 22, 270, 1, 21, 47, 28446 }, // U+1EED
    { 19, 24, 312, 2, 23, 57, 28493 }, // U+1EEE
    { 17, 20, 270, 1, 19, 43, 28550 }, // U+1EEF
    { 19, 24, 312, 2, 19, 57, 28593 }, // U+1EF0
    { 17, 21, 270, 1, 16, 45, 28650 }, // U+1EF1
    { 15, 24, 226, 0, 24, 45, 28695 }, // U+1EF2
    { 13, 26, 204, 0, 20, 43, 28740 }, // U+1EF3
    { 15, 23, 226, 0, 18, 44, 28783 }, // U+1EF4
    { 13, 20, 204, 0, 14, 33, 28827 }, // U+1EF5
    { 15, 25, 226, 0, 25, 47, 28860 }, // U+1EF6
    { 13, 27, 204, 0, 21, 44, 28907 }, // U+1EF7
    { 15, 23, 226, 0, 23, 44, 28951 }, // U+1EF8
    { 13, 25, 204, 0, 19, 41, 28995 }, // U+1EF9
    { 0, 0, 200, 0, 0, 0, 29036 }, // U+2000
    { 0, 0, 400, 0, 0, 0, 29036 }, // U+2001
    { 0, 0, 200, 0, 0, 0, 29036 }, // U+2002
    { 0, 0, 400, 0, 0, 0, 29036 }, // U+2003
    { 0, 0, 133, 0, 0, 0, 29036 }, // U+2004
    { 0, 0, 100, 0, 0, 0, 29036 }, // U+2005
    { 0, 0, 67, 0, 0, 0, 29036 }, // U+2006
    { 0, 0, 229, 0, 0, 0, 29036 }, // U+2007
    { 0, 0, 107, 0, 0, 0, 29036 }, // U+2008
    { 0, 0, 66, 0, 0, 0, 29036 }, // U+2009
    { 0, 0, 40, 0, 0, 0, 29036 }, // U+200A
    { 0, 0, 0, 0, 0, 0, 29036 }, // U+200B
    { 0, 0, 0, 0, 0, 0, 29036 }, // U+200C
    { 0, 0, 0, 0, 0, 0, 29036 }, // U+200D
    { 7, 22, 0, -1, 18, 20, 29036 }, // U+200E
    { 7, 22, 0, -6, 18, 20, 29056 }, // U+200F
    { 7, 3, 129, 1, 8, 3, 29076 }, // U+2010
    { 7, 3, 129, 1, 8, 3, 29079 }, // U+2011
    { 13, 2, 229, 1, 10, 4, 29082 }, // U+2012
    { 11, 3, 200, 1, 8, 5, 29086 }, // U+2013
    { 23, 3, 400, 1, 8, 9, 29091 }, // U+2014
    { 23, 3, 400, 1, 8, 9, 29100 }, // U+2015
    { 8, 26, 220, 3, 19, 26, 29109 }, // U+2016
    { 12, 6, 164, -1, 0, 9, 29135 }, // U+2017
    { 5, 7, 70, 0, 18, 5, 29144 }, // U+2018
    { 5, 7, 70, 0, 18, 5, 29149 }, // U+2019
    { 5, 7, 100, 0, 3, 5, 29154 }, // U+201A
    { 5, 7, 70, 0, 18, 5, 29159 }, // U+201B
    { 9, 7, 144, 0, 18, 8, 29164 }, // U+201C
    { 9, 7, 144, 0, 18, 8, 29172 }, // U+201D
    { 10, 7, 166, 0, 3, 9, 29180 }, // U+201E
    { 9, 7, 144, 0, 18, 8, 29189 }, // U+201F
    { 11, 19, 205, 1, 19, 27, 29197 }, // U+2020
    { 11, 19, 205, 1, 19, 27, 29224 }, // U+2021
    { 7, 7, 150, 1, 13, 7, 29251 }, // U+2022
    { 8, 8, 147, 1, 13, 8, 29258 }, // U+2023
    { 4, 5, 200, 4, 4, 3, 29266 }, // U+2024
    { 11, 5, 214, 1, 4, 7, 29269 }, // U+2025
    { 17, 5, 316, 1, 4, 11, 29276 }, // U+2026
    { 4, 5, 107, 1, 9, 3, 29287 }, // U+2027
    { 0, 0, 240, 0, 0, 0, 29290 }, // U+2028
    { 0, 0, 240, 0, 0, 0, 29290 }, // U+2029
    { 7, 20, 0, -1, 16, 18, 29290 }, // U+202A
    { 7, 20, 0, -6, 16, 18, 29308 }, // U+202B
    { 6, 22, 0, -3, 18, 17, 29326 }, // U+202C
    { 6, 22, 0, -3, 18, 17, 29343 }, // U+202D
    { 6, 22, 0, -3, 18, 17, 29360 }, // U+202E
    { 0, 0, 66, 0, 0, 0, 29377 }, // U+202F
    { 28, 20, 471, 1, 19, 70, 29377 }, // U+2030
    { 37, 20, 618, 1, 19, 93, 29447 }, // U+2031
    { 7, 7, 93, 0, 18, 7, 29540 }, // U+2032
    { 11, 7, 163, 0, 18, 10, 29547 }, // U+2033
    { 16, 7, 234, 0, 18, 14, 29557 }, // U+2034
    { 6, 7, 93, -1, 18, 6, 29571 }, // U+2035
    { 10, 7, 176, -1, 18, 9, 29577 }, // U+2036
    { 14, 7, 241, -1, 18, 13, 29586 }, // U+2037
    { 10, 9, 160, 0, 3, 12, 29599 }, // U+2038
    { 6, 11, 124, 1, 12, 9, 29611 }, // U+2039
    { 7, 11, 124, 0, 12, 10, 29620 }, // U+203A
    { 19, 20, 335, 1, 19, 48, 29630 }, // U+203B
    { 10, 19, 200, 1, 18, 24, 29678 }, // U+203C
    { 11, 20, 178, 0, 19, 28, 29702 }, // U+203D
    { 14, 2, 200, -1, 21, 4, 29730 }, // U+203E
    { 15, 6, 244, 0, 0, 12, 29734 }, // U+203F
    { 15, 6, 244, 0, 20, 12, 29746 }, // U+2040
    { 9, 17, 150, 0, 11, 20, 29758 }, // U+2041
    { 28, 23, 447, 0, 19, 81, 29778 }, // U+2042
    { 7, 3, 129, 1, 8, 3, 29859 }, // U+2043
    { 13, 18, 52, -5, 18, 30, 29862 }, // U+2044
    { 7, 22, 130, 1, 18, 20, 29892 }, // U+2045
    { 7, 22, 130, 0, 18, 20, 29912 }, // U+2046
    { 21, 20, 342, 0, 19, 53, 29932 }, // U+2047
    { 16, 20, 272, 0, 19, 40, 29985 }, // U+2048
    { 16, 20, 273, 1, 19, 40, 30025 }, // U+2049
    { 13, 14, 229, 0, 14, 23, 30065 }, // U+204A
    { 13, 23, 262, 2, 19, 38, 30088 }, // U+204B
    { 13, 14, 256, 1, 14, 23, 30126 }, // U+204C
    { 13, 14, 256, 2, 14, 23, 30149 }, // U+204D
    { 12, 12, 220, 1, 6, 18, 30172 }, // U+204E
    { 5, 18, 95, 1, 14, 12, 30190 }, // U+204F
    { 15, 26, 242, 0, 20, 49, 30202 }, // U+2050
    { 12, 25, 220, 1, 19, 38, 30251 }, // U+2051
    { 10, 20, 149, 0, 19, 25, 30289 }, // U+2052
    { 23, 5, 400, 1, 10, 15, 30314 }, // U+2053
    { 15, 6, 242, 0, 0, 12, 30329 }, // U+2054
    { 14, 14, 229, 0, 13, 25, 30341 }, // U+2055
    { 11, 20, 207, 1, 19, 28, 30366 }, // U+2056
    { 20, 7, 297, 0, 18, 18, 30394 }, // U+2057
    { 19, 20, 329, 1, 19, 48, 30412 }, // U+2058
    { 19, 20, 332, 1, 19, 48, 30460 }, // U+2059
    { 4, 20, 88, 1, 19, 10, 30508 }, // U+205A
    { 15, 20, 262, 1, 19, 38, 30518 }, // U+205B
    { 19, 20, 318, 0, 19, 48, 30556 }, // U+205C
    { 4, 19, 107, 1, 18, 10, 30604 }, // U+205D
    { 4, 20, 107, 1, 19, 10, 30614 }, // U+205E
    { 0, 0, 89, 0, 0, 0, 30624 }, // U+205F
    { 0, 0, 240, 0, 0, 0, 30624 }, // U+2060
    { 0, 0, 240, 0, 0, 0, 30624 }, // U+2061
    { 0, 0, 240, 0, 0, 0, 30624 }, // U+2062
    { 0, 0, 240, 0, 0, 0, 30624 }, // U+2063
    { 0, 0, 240, 0, 0, 0, 30624 }, // U+2064
    { 0, 0, 0, 0, 0, 0, 30624 }, // U+2066
    { 0, 0, 0, 0, 0, 0, 30624 }, // U+2067
    { 0, 0, 0, 0, 0, 0, 30624 }, // U+2068
    { 0, 0, 0, 0, 0, 0, 30624 }, // U+2069
    { 6, 22, 0, -3, 18, 17, 30624 }, // U+206A
    { 6, 22, 0, -3, 18, 17, 30641 }, // U+206B
    { 6, 22, 0, -3, 18, 17, 30658 }, // U+206C
    { 6, 22, 0, -3, 18, 17, 30675 }, // U+206D
    { 6, 22, 0, -3, 18, 17, 30692 }, // U+206E
    { 6, 22, 0, -3, 18, 17, 30709 }, // U+206F
    { 9, 12, 140, 0, 22, 14, 30726 }, // U+2070
    { 2, 12, 67, 1, 19, 3, 30740 }, // U+2071
    { 9, 12, 140, 0, 22, 14, 30743 }, // U+2074
    { 8, 12, 140, 0, 22, 12, 30757 }, // U+2075
    { 9, 12, 140, 0, 22, 14, 30769 }, // U+2076
    { 9, 12, 140, 0, 22, 14, 30783 }, // U+2077
    { 9, 12, 140, 0, 22, 14, 30797 }, // U+2078
    { 9, 12, 140, 0, 22, 14, 30811 }, // U+2079
    { 8, 8, 135, 0, 19, 8, 30825 }, // U+207A
    { 8, 2, 135, 0, 16, 2, 30833 }, // U+207B
    { 8, 5, 135, 0, 17, 5, 30835 }, // U+207C
    { 5, 14, 90, 1, 23, 9, 30840 }, // U+207D
    { 5, 14, 90, 0, 23, 9, 30849 }, // U+207E
    { 8, 9, 161, 1, 16, 9, 30858 }, // U+207F
    { 9, 12, 140, 0, 8, 14, 30867 }, // U+2080
    { 6, 12, 140, 0, 8, 9, 30881 }, // U+2081
    { 8, 12, 140, 0, 8, 12, 30890 }, // U+2082
    { 9, 12, 140, 0, 8, 14, 30902 }, // U+2083
    { 9, 12, 140, 0, 8, 14, 30916 }, // U+2084
    { 8, 12, 140, 0, 8, 12, 30930 }, // U+2085
    { 9, 12, 140, 0, 8, 14, 30942 }, // U+2086
    { 9, 12, 140, 0, 8, 14, 30956 }, // U+2087
    { 9, 12, 140, 0, 8, 14, 30970 }, // U+2088
    { 9, 12, 140, 0, 8, 14, 30984 }, // U+2089
    { 8, 8, 135, 0, 6, 8, 30998 }, // U+208A
    { 8, 2, 135, 0, 3, 2, 31006 }, // U+208B
    { 8, 5, 135, 0, 4, 5, 31008 }, // U+208C
    { 5, 14, 90, 1, 9, 9, 31013 }, // U+208D
    { 5, 14, 90, 0, 9, 9, 31022 }, // U+208E
    { 8, 9, 146, 0, 6, 9, 31031 }, // U+2090
    { 9, 9, 147, 0, 6, 11, 31040 }, // U+2091
    { 9, 9, 157, 0, 6, 11, 31051 }, // U+2092
    { 9, 9, 138, 0, 6, 11, 31062 }, // U+2093
    { 9, 9, 147, 0, 6, 11, 31073 }, // U+2094
    { 8, 12, 161, 1, 9, 12, 31084 }, // U+2095
    { 8, 12, 139, 1, 9, 12, 31096 }, // U+2096
    { 2, 12, 67, 1, 9, 3, 31108 }, // U+2097
    { 13, 9, 243, 1, 6, 15, 31111 }, // U+2098
    { 8, 9, 161, 1, 6, 9, 31126 }, // U+2099
    { 9, 12, 160, 1, 6, 14, 31135 }, // U+209A
    { 8, 9, 124, 0, 6, 9, 31149 }, // U+209B
    { 6, 11, 94, 0, 8, 9, 31158 }, // U+209C
    { 14, 19, 229, 0, 19, 34, 31167 }, // U+20A0
    { 13, 21, 229, 1, 19, 35, 31201 }, // U+20A1
    { 13, 20, 229, 1, 19, 33, 31236 }, // U+20A2
    { 12, 18, 229, 1, 18, 27, 31269 }, // U+20A3
    { 14, 19, 229, 0, 19, 34, 31296 }, // U+20A4
    { 20, 20, 374, 2, 17, 50, 31330 }, // U+20A5
    { 15, 18, 229, 0, 18, 34, 31380 }, // U+20A6
    { 18, 19, 310, 1, 18, 43, 31414 }, // U+20A7
    { 18, 19, 333, 2, 18, 43, 31457 }, // U+20A8
    { 17, 18, 268, 0, 18, 39, 31500 }, // U+20A9
    { 16, 18, 320, 2, 18, 36, 31539 }, // U+20AA
    { 15, 23, 247, 1, 19, 44, 31575 }, // U+20AB
    { 14, 20, 229, 0, 19, 35, 31619 }, // U+20AC
    { 15, 18, 229, 0, 18, 34, 31654 }, // U+20AD
    { 14, 18, 229, 0, 18, 32, 31688 }, // U+20AE
    { 24, 25, 388, 0, 19, 75, 31720 }, // U+20AF
    { 13, 25, 229, 0, 19, 41, 31795 }, // U+20B0
    { 15, 18, 229, 0, 18, 34, 31836 }, // U+20B1
    { 16, 21, 291, 1, 19, 42, 31870 }, // U+20B2
    { 16, 18, 243, 0, 18, 36, 31912 }, // U+20B3
    { 14, 20, 220, 0, 19, 35, 31948 }, // U+20B4
    { 15, 21, 253, 1, 19, 40, 31983 }, // U+20B5
    { 15, 18, 248, 0, 17, 34, 32023 }, // U+20B6
    { 17, 21, 290, 0, 19, 45, 32057 }, // U+20B7
    { 14, 18, 218, 0, 18, 32, 32102 }, // U+20B8
    { 12, 18, 229, 1, 18, 27, 32134 }, // U+20B9
    { 14, 19, 229, 0, 18, 34, 32161 }, // U+20BA
    { 20, 20, 312, 0, 19, 50, 32195 }, // U+20BB
    { 18, 18, 324, 1, 18, 41, 32245 }, // U+20BC
    { 14, 18, 233, 0, 18, 32, 32286 }, // U+20BD
    { 17, 20, 308, 1, 20, 43, 32318 }, // U+20BE
    { 12, 24, 229, 2, 21, 36, 32361 }, // U+20BF
    { 10, 18, 197, 1, 14, 23, 32397 }, // U+20C0
    { 12, 3, 229, 1, 10, 5, 32420 }, // U+2212
    { 16, 18, 249, 0, 18, 36, 32425 }, // U+221A
    { 19, 20, 275, 0, 20, 48, 32461 }, // U+FB00
    { 14, 20, 241, 0, 20, 35, 32509 }, // U+FB01
    { 13, 20, 241, 0, 20, 33, 32544 }, // U+FB02
    { 22, 20, 378, 0, 20, 55, 32577 }, // U+FB03
    { 22, 20, 378, 0, 20, 55, 32632 }, // U+FB04
    { 15, 21, 269, 2, 20, 40, 32687 }, // U+FB05
    { 20, 21, 336, 1, 20, 53, 32727 }, // U+FB06
    { 24, 20, 397, 0, 11, 60, 32780 }, // U+FB56
    { 29, 18, 437, 0, 9, 66, 32840 }, // U+FB57
    { 7, 19, 120, -1, 11, 17, 32906 }, // U+FB58
    { 11, 16, 149, 0, 8, 22, 32923 }, // U+FB59
    { 24, 19, 397, 0, 18, 57, 32945 }, // U+FB66
    { 29, 19, 437, 0, 18, 69, 33002 }, // U+FB67
    { 7, 21, 108, 0, 20, 19, 33071 }, // U+FB68
    { 11, 18, 149, 0, 17, 25, 33090 }, // U+FB69
    { 16, 21, 264, 0, 11, 42, 33115 }, // U+FB7A
    { 20, 21, 288, 0, 11, 53, 33157 }, // U+FB7B
    { 14, 17, 236, 0, 9, 30, 33210 }, // U+FB7C
    { 18, 17, 255, 0, 9, 39, 33240 }, // U+FB7D
    { 11, 23, 191, 0, 22, 32, 33279 }, // U+FB88
    { 15, 23, 213, 0, 22, 44, 33311 }, // U+FB89
    { 9, 23, 147, -1, 17, 26, 33355 }, // U+FB8A
    { 13, 23, 158, -1, 17, 38, 33381 }, // U+FB8B
    { 10, 25, 147, -1, 19, 32, 33419 }, // U+FB8C
    { 13, 25, 158, -1, 19, 41, 33451 }, // U+FB8D
    { 23, 19, 351, 0, 18, 55, 33492 }, // U+FB8E
    { 26, 19, 390, 0, 18, 62, 33547 }, // U+FB8F
    { 11, 19, 165, 0, 18, 27, 33609 }, // U+FB90
    { 14, 19, 203, 0, 18, 34, 33636 }, // U+FB91
    { 23, 22, 351, 0, 21, 64, 33670 }, // U+FB92
    { 26, 22, 390, 0, 21, 72, 33734 }, // U+FB93
    { 11, 22, 165, 0, 21, 31, 33806 }, // U+FB94
    { 14, 22, 203, 0, 21, 39, 33837 }, // U+FB95
    { 16, 14, 274, 0, 8, 28, 33876 }, // U+FB9E
    { 20, 14, 292, 0, 8, 35, 33904 }, // U+FB9F
    { 10, 12, 162, 0, 12, 15, 33939 }, // U+FBA6
    { 14, 10, 192, 0, 9, 18, 33954 }, // U+FBA7
    { 6, 16, 108, 0, 11, 12, 33972 }, // U+FBA8
    { 13, 11, 175, 0, 4, 18, 33984 }, // U+FBA9
    { 16, 14, 269, 0, 13, 28, 34002 }, // U+FBAA
    { 17, 17, 246, 0, 11, 37, 34030 }, // U+FBAB
    { 14, 14, 230, 0, 13, 25, 34067 }, // U+FBAC
    { 14, 17, 203, 0, 11, 30, 34092 }, // U+FBAD
    { 23, 13, 377, 0, 12, 38, 34122 }, // U+FBAE
    { 15, 9, 220, 0, 2, 17, 34160 }, // U+FBAF
    { 23, 19, 377, 0, 18, 55, 34177 }, // U+FBB0
    { 15, 16, 220, 0, 9, 30, 34232 }, // U+FBB1
    { 19, 17, 304, 0, 11, 41, 34262 }, // U+FBFC
    { 20, 11, 294, 0, 5, 28, 34303 }, // U+FBFD
    { 7, 16, 120, -1, 11, 14, 34331 }, // U+FBFE
    { 11, 13, 149, 0, 8, 18, 34345 }, // U+FBFF
    { 10, 11, 164, 0, 9, 14, 34363 }, // U+FE80
    { 9, 21, 94, -2, 21, 24, 34377 }, // U+FE81
    { 11, 24, 116, -2, 23, 33, 34401 }, // U+FE82
    { 6, 24, 94, 0, 24, 18, 34434 }, // U+FE83
    { 9, 27, 116, 0, 26, 31, 34452 }, // U+FE84
    { 9, 22, 179, 1, 16, 25, 34483 }, // U+FE85
    { 13, 23, 189, 1, 17, 38, 34508 }, // U+FE86
    { 6, 26, 95, 1, 18, 20, 34546 }, // U+FE87
    { 8, 26, 116, 1, 18, 26, 34566 }, // U+FE88
    { 19, 18, 304, 0, 12, 43, 34592 }, // U+FE89
    { 20, 18, 294, 0, 12, 45, 34635 }, // U+FE8A
    { 6, 19, 108, 0, 18, 15, 34680 }, // U+FE8B
    { 10, 16, 137, 0, 15, 20, 34695 }, // U+FE8C
    { 4, 18, 95, 1, 18, 9, 34715 }, // U+FE8D
    { 8, 19, 116, 1, 18, 19, 34724 }, // U+FE8E
    { 24, 17, 397, 0, 11, 51, 34743 }, // U+FE8F
    { 29, 15, 437, 0, 9, 55, 34794 }, // U+FE90
    { 6, 16, 108, 0, 11, 12, 34849 }, // U+FE91
    { 10, 13, 137, 0, 8, 17, 34861 }, // U+FE92
    { 10, 17, 162, 0, 17, 22, 34878 }, // U+FE93
    { 14, 20, 194, 0, 19, 35, 34900 }, // U+FE94
    { 24, 14, 397, 0, 13, 42, 34935 }, // U+FE95
    { 29, 14, 437, 0, 13, 51, 34977 }, // U+FE96
    { 7, 17, 108, 0, 16, 15, 35028 }, // U+FE97
    { 11, 14, 149, 0, 13, 20, 35043 }, // U+FE98
    { 24, 17, 397, 0, 16, 51, 35063 }, // U+FE99
    { 29, 17, 437, 0, 16, 62, 35114 }, // U+FE9A
    { 7, 20, 108, 0, 19, 18, 35176 }, // U+FE9B
    { 11, 17, 149, 0, 16, 24, 35194 }, // U+FE9C
    { 15, 21, 256, 0, 11, 40, 35218 }, // U+FE9D
    { 18, 21, 260, 0, 11, 48, 35258 }, // U+FE9E
    { 14, 14, 236, 0, 9, 25, 35306 }, // U+FE9F
    { 18, 14, 255, 0, 9, 32, 35331 }, // U+FEA0
    { 15, 21, 256, 0, 11, 40, 35363 }, // U+FEA1
    { 18, 21, 260, 0, 11, 48, 35403 }, // U+FEA2
    { 14, 10, 236, 0, 9, 18, 35451 }, // U+FEA3
    { 18, 10, 255, 0, 9, 23, 35469 }, // U+FEA4
    { 15, 26, 256, 0, 16, 49, 35492 }, // U+FEA5
    { 18, 26, 260, 0, 16, 59, 35541 }, // U+FEA6
    { 14, 15, 236, 0, 14, 27, 35600 }, // U+FEA7
    { 18, 15, 255, 0, 14, 34, 35627 }, // U+FEA8
    { 11, 13, 191, 0, 12, 18, 35661 }, // U+FEA9
    { 15, 13, 213, 0, 12, 25, 35679 }, // U+FEAA
    { 11, 18, 191, 0, 17, 25, 35704 }, // U+FEAB
    { 15, 18, 213, 0, 17, 34, 35729 }, // U+FEAC
    { 9, 15, 147, -1, 9, 17, 35763 }, // U+FEAD
    { 13, 15, 158, -1, 9, 25, 35780 }, // U+FEAE
    { 9, 20, 147, -1, 14, 23, 35805 }, // U+FEAF
    { 13, 20, 158, -1, 14, 33, 35828 }, // U+FEB0
    { 29, 17, 484, 0, 11, 62, 35861 }, // U+FEB1
    { 33, 15, 508, 0, 9, 62, 35923 }, // U+FEB2
    { 19, 12, 314, 0, 11, 29, 35985 }, // U+FEB3
    { 23, 10, 340, 0, 9, 29, 36014 }, // U+FEB4
    { 29, 23, 484, 0, 17, 84, 36043 }, // U+FEB5
    { 33, 23, 508, 0, 17, 95, 36127 }, // U+FEB6
    { 19, 18, 314, 0, 17, 43, 36222 }, // U+FEB7
    { 23, 18, 340, 0, 17, 52, 36265 }, // U+FEB8
    { 32, 16, 522, 0, 10, 64, 36317 }, // U+FEB9
    { 36, 16, 541, 0, 10, 72, 36381 }, // U+FEBA
    { 22, 11, 361, 0, 10, 31, 36453 }, // U+FEBB
    { 25, 11, 380, 0, 10, 35, 36484 }, // U+FEBC
    { 32, 21, 522, 0, 15, 84, 36519 }, // U+FEBD
    { 36, 21, 541, 0, 15, 95, 36603 }, // U+FEBE
    { 22, 16, 361, 0, 15, 44, 36698 }, // U+FEBF
    { 25, 16, 380, 0, 15, 50, 36742 }, // U+FEC0
    { 19, 19, 315, 0, 18, 46, 36792 }, // U+FEC1
    { 23, 19, 332, 0, 18, 55, 36838 }, // U+FEC2
    { 16, 19, 271, 0, 18, 38, 36893 }, // U+FEC3
    { 19, 19, 284, 0, 18, 46, 36931 }, // U+FEC4
    { 19, 19, 315, 0, 18, 46, 36977 }, // U+FEC5
    { 23, 19, 332, 0, 18, 55, 37023 }, // U+FEC6
    { 16, 19, 271, 0, 18, 38, 37078 }, // U+FEC7
    { 19, 19, 284, 0, 18, 46, 37116 }, // U+FEC8
    { 15, 23, 203, 0, 13, 44, 37162 }, // U+FEC9
    { 15, 21, 212, 0, 11, 40, 37206 }, // U+FECA
    { 12, 12, 201, 0, 11, 18, 37246 }, // U+FECB
    { 15, 12, 208, 0, 11, 23, 37264 }, // U+FECC
    { 15, 28, 203, 0, 18, 53, 37287 }, // U+FECD
    { 15, 26, 212, 0, 16, 49, 37340 }, // U+FECE
    { 12, 17, 201, 0, 16, 26, 37389 }, // U+FECF
    { 15, 17, 208, 0, 16, 32, 37415 }, // U+FED0
    { 24, 19, 393, 0, 18, 57, 37447 }, // U+FED1
    { 29, 17, 439, 0, 16, 62, 37504 }, // U+FED2
    { 11, 19, 179, 0, 18, 27, 37566 }, // U+FED3
    { 14, 17, 198, 0, 16, 30, 37593 }, // U+FED4
    { 19, 21, 310, 0, 16, 50, 37623 }, // U+FED5
    { 22, 21, 323, 0, 14, 58, 37673 }, // U+FED6
    { 11, 19, 179, 0, 18, 27, 37731 }, // U+FED7
    { 14, 17, 198, 0, 16, 30, 37758 }, // U+FED8
    { 21, 19, 353, 0, 18, 50, 37788 }, // U+FED9
    { 25, 19, 369, 0, 18, 60, 37838 }, // U+FEDA
    { 11, 19, 165, 0, 18, 27, 37898 }, // U+FEDB
    { 14, 19, 203, 0, 18, 34, 37925 }, // U+FEDC
    { 16, 24, 278, 0, 18, 48, 37959 }, // U+FEDD
    { 20, 24, 292, 0, 18, 60, 38007 }, // U+FEDE
    { 6, 19, 104, 0, 18, 15, 38067 }, // U+FEDF
    { 9, 19, 120, 0, 18, 22, 38082 }, // U+FEE0
    { 12, 20, 194, 0, 10, 30, 38104 }, // U+FEE1
    { 16, 20, 225, 0, 10, 40, 38134 }, // U+FEE2
    { 12, 10, 210, 0, 9, 15, 38174 }, // U+FEE3
    { 16, 11, 231, 0, 10, 22, 38189 }, // U+FEE4
    { 16, 19, 274, 0, 13, 38, 38211 }, // U+FEE5
    { 20, 19, 292, 0, 13, 48, 38249 }, // U+FEE6
    { 6, 17, 108, 0, 16, 13, 38297 }, // U+FEE7
    { 10, 14, 137, 0, 13, 18, 38310 }, // U+FEE8
    { 10, 12, 162, 0, 12, 15, 38328 }, // U+FEE9
    { 14, 14, 194, 0, 13, 25, 38343 }, // U+FEEA
    { 14, 14, 230, 0, 13, 25, 38368 }, // U+FEEB
    { 14, 17, 203, 0, 11, 30, 38393 }, // U+FEEC
    { 9, 15, 179, 1, 9, 17, 38423 }, // U+FEED
    { 13, 15, 189, 1, 9, 25, 38440 }, // U+FEEE
    { 19, 17, 304, 0, 11, 41, 38465 }, // U+FEEF
    { 20, 11, 294, 0, 5, 28, 38506 }, // U+FEF0
    { 19, 22, 304, 0, 11, 53, 38534 }, // U+FEF1
    { 20, 16, 294, 0, 5, 40, 38587 }, // U+FEF2
    { 7, 16, 120, -1, 11, 14, 38627 }, // U+FEF3
    { 11, 13, 149, 0, 8, 18, 38641 }, // U+FEF4
    { 15, 19, 233, -2, 19, 36, 38659 }, // U+FEF5
    { 19, 20, 240, -2, 19, 48, 38695 }, // U+FEF6
    { 14, 22, 233, -1, 22, 39, 38743 }, // U+FEF7
    { 17, 23, 240, 0, 22, 49, 38782 }, // U+FEF8
    { 12, 26, 233, 1, 18, 39, 38831 }, // U+FEF9
    { 16, 26, 240, 1, 18, 52, 38870 }, // U+FEFA
    { 12, 18, 233, 1, 18, 27, 38922 }, // U+FEFB
    { 16, 19, 240, 1, 18, 38, 38949 }, // U+FEFC
    { 23, 23, 400, 1, 19, 67, 38987 }, // U+FFFD
};

static const EpdUnicodeInterval notosans_12_smallIntervals[] = {
    { 0x0, 0x0, 0x0 },
    { 0xD, 0xD, 0x1 },
    { 0x20, 0x7E, 0x2 },
    { 0xA0, 0x17F, 0x61 },
    { 0x1A0, 0x1A1, 0x141 },
    { 0x1AF, 0x1B0, 0x143 },
    { 0x1C4, 0x21F, 0x145 },
    { 0x300, 0x36F, 0x1A1 },
    { 0x400, 0x4FF, 0x211 },
    { 0x5D0, 0x5EA, 0x311 },
    { 0x60C, 0x60C, 0x32C },
    { 0x61B, 0x61B, 0x32D },
    { 0x61F, 0x61F, 0x32E },
    { 0x621, 0x621, 0x32F },
    { 0x640, 0x640, 0x330 },
    { 0x654, 0x654, 0x331 },
    { 0x660, 0x669, 0x332 },
    { 0x6BA, 0x6BA, 0x33C },
    { 0x6D4, 0x6D5, 0x33D },
    { 0x6F0, 0x6F9, 0x33F },
    { 0x1EA0, 0x1EF9, 0x349 },
    { 0x2000, 0x2064, 0x3A3 },
    { 0x2066, 0x2071, 0x408 },
    { 0x2074, 0x208E, 0x414 },
    { 0x2090, 0x209C, 0x42F },
    { 0x20A0, 0x20C0, 0x43C },
    { 0x2212, 0x2212, 0x45D },
    { 0x221A, 0x221A, 0x45E },
    { 0xFB00, 0xFB06, 0x45F },
    { 0xFB56, 0xFB59, 0x466 },
    { 0xFB66, 0xFB69, 0x46A },
    { 0xFB7A, 0xFB7D, 0x46E },
    { 0xFB88, 0xFB95, 0x472 },
    { 0xFB9E, 0xFB9F, 0x480 },
    { 0xFBA6, 0xFBB1, 0x482 },
    { 0xFBFC, 0xFBFF, 0x48E },
    { 0xFE80, 0xFEFC, 0x492 },
    { 0xFFFD, 0xFFFD, 0x50F },
};

static const uint16_t notosans_12_smallKernLeftCodepoints[] = {
    0x0022, 0x0026, 0x0027, 0x0028, 0x002C, 0x002D, 0x002E, 0x003A, 0x0041, 0x0042, 0x0043, 0x0044,
    0x0045, 0x0046, 0x004B, 0x004C, 0x004F, 0x0050, 0x0051, 0x0052, 0x0054, 0x0055, 0x0056, 0x0057,
    0x0058, 0x0059, 0x005A, 0x005B, 0x005F, 0x0061, 0x0062, 0x0063, 0x0065, 0x0066, 0x0068, 0x006D,
    0x006E, 0x006F, 0x0070, 0x0072, 0x0074, 0x0076, 0x0077, 0x0078, 0x0079, 0x007B, 0x00A1, 0x00AB,
    0x00BB, 0x00BF, 0x00C0, 0x00C1, 0x00C2, 0x00C3, 0x00C4, 0x00C5, 0x00C6, 0x00C7, 0x00C8, 0x00C9,
    0x00CA, 0x00CB, 0x00D0, 0x00D2, 0x00D3, 0x00D4, 0x00D5, 0x00D6, 0x00D8, 0x00D9, 0x00DA, 0x00DB,
    0x00DC, 0x00DD, 0x00DE, 0x00E0, 0x00E1, 0x00E2, 0x00E3, 0x00E4, 0x00E5, 0x00E6, 0x00E8, 0x00E9,
    0x00EA, 0x00EB, 0x00EE, 0x00EF, 0x00F0, 0x00F2, 0x00F3, 0x00F4, 0x00F5, 0x00F6, 0x00F8, 0x00FD,
    0x00FE, 0x00FF, 0x0100, 0x0101, 0x0102, 0x0103, 0x0104, 0x0105, 0x0106, 0x0108, 0x010A, 0x010C,
    0x010E, 0x010F, 0x0110, 0x0112, 0x0113, 0x0114, 0x0115, 0x0116, 0x0117, 0x0118, 0x0119, 0x011A,
    0x011B, 0x0125, 0x0129, 0x012B, 0x012E, 0x0136, 0x0138, 0x0139, 0x013B, 0x013D, 0x013E, 0x013F,
    0x0141, 0x0144, 0x0146, 0x0149, 0x014B, 0x014C, 0x014D, 0x014E, 0x014F, 0x0150, 0x0151, 0x0152,
    0x0153, 0x0155, 0x0157, 0x0159, 0x0162, 0x0163, 0x0164, 0x0165, 0x0166, 0x0167, 0x0168, 0x016A,
    0x016C, 0x016E, 0x0170, 0x0172, 0x0174, 0x0175, 0x0176, 0x0177, 0x0178, 0x0179, 0x017B, 0x017D,
    0x01A0, 0x01A1, 0x01AF, 0x01B0, 0x01FA, 0x01FB, 0x01FC, 0x01FD, 0x01FE, 0x020B, 0x021A, 0x021B,
    0x0400, 0x0401, 0x0402, 0x0403, 0x0404, 0x0405, 0x0409, 0x040A, 0x040B, 0x040C, 0x040E, 0x0410,
    0x0411, 0x0412, 0x0413, 0x0414, 0x0415, 0x0416, 0x0417, 0x041A, 0x041E, 0x0420, 0x0421, 0x0422,
    0x0423, 0x0424, 0x0425, 0x0426, 0x0429, 0x042A, 0x042C, 0x042D, 0x042E, 0x0430, 0x0431, 0x0432,
    0x0433, 0x0434, 0x0435, 0x0436, 0x0437, 0x0438, 0x0439, 0x043A, 0x043B, 0x043C, 0x043D, 0x043E,
    0x043F, 0x0440, 0x0441, 0x0442, 0x0443, 0x0444, 0x0445, 0x0446, 0x0447, 0x0448, 0x0449, 0x044A,
    0x044B, 0x044C, 0x044D, 0x044E, 0x044F, 0x0450, 0x0451, 0x0452, 0x0453, 0x0454, 0x0455, 0x0457,
    0x0458, 0x0459, 0x045A, 0x045B, 0x045C, 0x045D, 0x045E, 0x045F, 0x0460, 0x0461, 0x0462, 0x0463,
    0x0464, 0x0465, 0x0466, 0x0467, 0x0468, 0x0469, 0x046E, 0x0471, 0x0472, 0x0473, 0x0474, 0x0475,
    0x0476, 0x0477, 0x0478, 0x0479, 0x047A, 0x047B, 0x047C, 0x047D, 0x047E, 0x047F, 0x0480, 0x048A,
    0x048B, 0x048C, 0x048D, 0x048E, 0x048F, 0x0490, 0x0491, 0x0492, 0x0493, 0x0496, 0x0497, 0x0498,
    0x0499, 0x049A, 0x049B, 0x049C, 0x049D, 0x049E, 0x049F, 0x04A0, 0x04A1, 0x04A2, 0x04A3, 0x04A4,
    0x04A5, 0x04A9, 0x04AA, 0x04AB, 0x04AC, 0x04AD, 0x04AE, 0x04AF, 0x04B0, 0x04B1, 0x04B2, 0x04B3,
    0x04B4, 0x04B5, 0x04B6, 0x04B7, 0x04BC, 0x04BD, 0x04BE, 0x04BF, 0x04C1, 0x04C2, 0x04C5, 0x04C6,
    0x04C9, 0x04CA, 0x04CD, 0x04CE, 0x04D0, 0x04D1, 0x04D2, 0x04D3, 0x04D4, 0x04D5, 0x04D6, 0x04D7,
    0x04D8, 0x04D9, 0x04DA, 0x04DB, 0x04DC, 0x04DD, 0x04DE, 0x04DF, 0x04E3, 0x04E5, 0x04E6, 0x04E7,
    0x04E8, 0x04E9, 0x04EA, 0x04EB, 0x04EC, 0x04ED, 0x04EE, 0x04EF, 0x04F0, 0x04F1, 0x04F2, 0x04F3,
    0x04F5, 0x04F6, 0x04F7, 0x04F9, 0x04FA, 0x04FB, 0x04FC, 0x04FD, 0x04FE, 0x04FF, 0x05D0, 0x05D1,
    0x05D2, 0x05D3, 0x05D5, 0x05D6, 0x05D8, 0x05D9, 0x05DB, 0x05DC, 0x05DE, 0x05E0, 0x05E1, 0x05E2,
    0x05E4, 0x05E6, 0x05E8, 0x05E9, 0x05EA, 0x1EA0, 0x1EA1, 0x1EA2, 0x1EA3, 0x1EA4, 0x1EA5, 0x1EA6,
    0x1EA7, 0x1EA8, 0x1EA9, 0x1EAA, 0x1EAB, 0x1EAC, 0x1EAD, 0x1EAE, 0x1EAF, 0x1EB0, 0x1EB1, 0x1EB2,
    0x1EB3, 0x1EB4, 0x1EB5, 0x1EB6, 0x1EB7, 0x1EB8, 0x1EB9, 0x1EBA, 0x1EBB, 0x1EBC, 0x1EBD, 0x1EBE,
    0x1EBF, 0x1EC0, 0x1EC1, 0x1EC2, 0x1EC3, 0x1EC4, 0x1EC5, 0x1EC6, 0x1EC7, 0x1ECC, 0x1ECD, 0x1ECE,
    0x1ECF, 0x1ED0, 0x1ED1, 0x1ED2, 0x1ED3, 0x1ED4, 0x1ED5, 0x1ED6, 0x1ED7, 0x1ED8, 0x1ED9, 0x1EDA,
    0x1EDB, 0x1EDC, 0x1EDD, 0x1EDE, 0x1EDF, 0x1EE0, 0x1EE1, 0x1EE2, 0x1EE3, 0x1EE4, 0x1EE6, 0x1EE8,
    0x1EE9, 0x1EEA, 0x1EEB, 0x1EEC, 0x1EED, 0x1EEE, 0x1EEF, 0x1EF0, 0x1EF1, 0x1EF2, 0x1EF3, 0x1EF4,
    0x1EF5, 0x1EF6, 0x1EF7, 0x1EF8, 0x1EF9, 0x2013, 0x2014, 0x2015, 0x2018, 0x2019, 0x201A, 0x201C,
    0x201D, 0x201E, 0x2039, 0x203A, 0xFB00, 0xFB8C, 0xFEAD, 0xFEAE, 0xFEAF,
};

static const uint8_t notosans_12_smallKernLeftClassIds[] = {
      1,   2,   1,   3,   4,   5,   4,   6,   7,   8,   9,  10,  11,  12,   9,  13,
     10,  14,  10,  15,  16,  17,  18,  18,   9,  19,  20,   3,  21,  22,  23,  24,
     23,  25,  22,  22,  22,  23,  23,  26,  24,  27,  27,  28,  27,   3,  29,  30,
     31,  32,   7,   7,   7,   7,   7,   7,  11,   9,  11,  11,  11,  11,  10,  10,
     10,  10,  10,  10,  10,  17,  17,  17,  17,  19,  14,  22,  22,  22,  22,  22,
     22,  23,  23,  23,  23,  23,  33,  33,  23,  23,  23,  23,  23,  23,  23,  27,
     23,  27,   7,  22,   7,  22,  34,  22,   9,   9,   9,   9,  10,  35,  10,  11,
     23,  11,  23,  11,  23,  11,  23,  11,  23,  22,  36,  33,  37,   9,  28,  13,
     13,  13,  35,  13,  13,  22,  22,  22,  22,  10,  23,  10,  23,  10,  23,  11,
     23,  26,  26,  26,  16,  24,  16,  38,  16,  24,  17,  17,  17,  17,  17,  17,
     18,  27,  19,  27,  19,  20,  20,  20,  39,  40,  41,  42,   7,  22,  11,  23,
     10,  33,  16,  24,  43,  43,  44,  45,  46,  47,  48,  48,  44,  49,  50,  51,
     52,  53,  45,  54,  43,  49,  53,  49,  55,  56,  46,  45,  50,  57,  49,  54,
     54,  48,  48,  55,  55,  58,  59,  60,  61,  62,  63,  64,  60,  65,  65,  64,
     65,  65,  65,  63,  65,  63,  66,  61,  67,  63,  64,  62,  65,  65,  62,  68,
     65,  68,  63,  63,  65,  63,  63,  69,  61,  66,  70,  71,  72,  68,  68,  73,
     64,  65,  67,  65,  55,  74,  75,  68,  46,  66,  51,  76,  51,  76,  77,  63,
     55,  63,  50,  74,  50,  74,  67,  67,  55,  63,  55,  63,  55,  74,  46,  54,
     62,  75,  68,  56,  63,  78,  79,  80,  81,  82,  83,  77,  60,  82,  83,  49,
     64,  49,  64,  49,  64,  54,  62,  80,  79,  63,  46,  66,  78,  79,  84,  85,
     84,  85,  82,  83,  54,  62,  54,  62,  86,  87,  86,  87,  49,  64,  54,  62,
     54,  62,  54,  62,  51,  58,  51,  58,  43,  87,  43,  87,  55,  63,  55,  63,
     49,  64,  77,  60,  65,  65,  55,  63,  55,  63,  55,  63,  55,  63,  50,  67,
     50,  67,  50,  67,  65,  78,  79,  65,  80,  81,  82,  83,  49,  83,  88,  89,
     90,  91,  92,  93,  94,  95,  96,  97,  98,  99, 100, 101, 102, 103, 104, 105,
    106,   7,  22,   7,  22,   7,  22,   7,  22,   7,  22,   7,  22,   7,  22,   7,
     22,   7,  22,   7,  22,   7,  22,   7,  22,  11,  23,  11,  23,  11,  23,  11,
     23,  11,  23,  11,  23,  11,  23,  11,  23,  10,  23,  10,  23,  10,  23,  10,
     23,  10,  23,  10,  23,  10,  23,  39,  40,  39,  40,  39,  40,  39,  40,  39,
     40,  17,  17,  41,  42,  41,  42,  41,  42,  41,  42,  41,  42,  19,  27,  19,
     27,  19,  27,  19,  27,   5,   5,   5,   1,   1,   4,   1,   1,   4,  30,  31,
     25, 107, 107, 107, 107,
};

static const uint16_t notosans_12_smallKernRightCodepoints[] = {
    0x0021, 0x0022, 0x0026, 0x0027, 0x0029, 0x002C, 0x002D, 0x002E, 0x003A, 0x003B, 0x003F, 0x0041,
    0x0043, 0x0047, 0x0049, 0x004A, 0x004F, 0x0051, 0x0054, 0x0055, 0x0056, 0x0057, 0x0058, 0x0059,
    0x005A, 0x005D, 0x0061, 0x0062, 0x0063, 0x0064, 0x0065, 0x0066, 0x0067, 0x0068, 0x006A, 0x006B,
    0x006C, 0x006D, 0x006E, 0x006F, 0x0070, 0x0071, 0x0072, 0x0073, 0x0074, 0x0075, 0x0076, 0x0077,
    0x0078, 0x0079, 0x007A, 0x007D, 0x00AB, 0x00BB, 0x00C0, 0x00C1, 0x00C2, 0x00C3, 0x00C4, 0x00C5,
    0x00C6, 0x00C7, 0x00D2, 0x00D3, 0x00D4, 0x00D5, 0x00D6, 0x00D8, 0x00D9, 0x00DA, 0x00DB, 0x00DC,
    0x00DD, 0x00E0, 0x00E1, 0x00E2, 0x00E3, 0x00E4, 0x00E5, 0x00E6, 0x00E7, 0x00E8, 0x00E9, 0x00EA,
    0x00EB, 0x00F2, 0x00F3, 0x00F4, 0x00F5, 0x00F6, 0x00F8, 0x00F9, 0x00FA, 0x00FB, 0x00FC, 0x00FD,
    0x00FE, 0x00FF, 0x0100, 0x0101, 0x0102, 0x0103, 0x0104, 0x0105, 0x0106, 0x0107, 0x0108, 0x0109,
    0x010A, 0x010B, 0x010C, 0x010D, 0x010F, 0x0111, 0x0113, 0x0115, 0x0117, 0x0119, 0x011B, 0x011C,
    0x011D, 0x011E, 0x011F, 0x0120, 0x0121, 0x0122, 0x0123, 0x0125, 0x0127, 0x0129, 0x0137, 0x0138,
    0x013A, 0x013C, 0x013E, 0x0140, 0x0144, 0x0146, 0x014B, 0x014C, 0x014D, 0x014E, 0x014F, 0x0150,
    0x0151, 0x0152, 0x0153, 0x0155, 0x0157, 0x015B, 0x015F, 0x0162, 0x0163, 0x0164, 0x0165, 0x0166,
    0x0167, 0x0168, 0x0169, 0x016A, 0x016B, 0x016C, 0x016D, 0x016E, 0x016F, 0x0170, 0x0171, 0x0172,
    0x0173, 0x0174, 0x0175, 0x0176, 0x0177, 0x0178, 0x0179, 0x017A, 0x017B, 0x017C, 0x017D, 0x017E,
    0x01A0, 0x01A1, 0x01AF, 0x01B0, 0x01FA, 0x01FB, 0x01FC, 0x01FD, 0x01FE, 0x01FF, 0x0219, 0x021A,
    0x021B, 0x0402, 0x0404, 0x0405, 0x0408, 0x0409, 0x040B, 0x040E, 0x0410, 0x0414, 0x0416, 0x0417,
    0x041B, 0x041E, 0x0421, 0x0422, 0x0423, 0x0424, 0x0425, 0x0427, 0x042A, 0x042D, 0x042F, 0x0430,
    0x0431, 0x0432, 0x0433, 0x0434, 0x0435, 0x0436, 0x0437, 0x0438, 0x0439, 0x043A, 0x043B, 0x043C,
    0x043D, 0x043E, 0x043F, 0x0440, 0x0441, 0x0442, 0x0443, 0x0444, 0x0445, 0x0446, 0x0447, 0x0448,
    0x0449, 0x044A, 0x044B, 0x044C, 0x044D, 0x044E, 0x044F, 0x0450, 0x0451, 0x0452, 0x0453, 0x0454,
    0x0455, 0x0457, 0x0458, 0x0459, 0x045A, 0x045B, 0x045C, 0x045D, 0x045E, 0x045F, 0x0460, 0x0461,
    0x0462, 0x0465, 0x0466, 0x0467, 0x0469, 0x046D, 0x046E, 0x0470, 0x0472, 0x0473, 0x0474, 0x0475,
    0x0476, 0x0477, 0x0478, 0x0479, 0x047A, 0x047B, 0x047C, 0x047D, 0x047E, 0x047F, 0x0480, 0x0481,
    0x048B, 0x048C, 0x048D, 0x048F, 0x0491, 0x0492, 0x0495, 0x0496, 0x0497, 0x0498, 0x0499, 0x049B,
    0x049D, 0x049F, 0x04A0, 0x04A1, 0x04A3, 0x04A5, 0x04A7, 0x04A8, 0x04A9, 0x04AA, 0x04AB, 0x04AC,
    0x04AD, 0x04AE, 0x04AF, 0x04B0, 0x04B1, 0x04B2, 0x04B3, 0x04B4, 0x04B5, 0x04B6, 0x04B7, 0x04B8,
    0x04B9, 0x04BB, 0x04BC, 0x04BD, 0x04BE, 0x04BF, 0x04C1, 0x04C2, 0x04C4, 0x04C5, 0x04C6, 0x04C8,
    0x04CA, 0x04CB, 0x04CC, 0x04CE, 0x04D0, 0x04D1, 0x04D2, 0x04D3, 0x04D4, 0x04D5, 0x04D7, 0x04D8,
    0x04D9, 0x04DA, 0x04DB, 0x04DC, 0x04DD, 0x04DE, 0x04DF, 0x04E3, 0x04E5, 0x04E6, 0x04E7, 0x04E8,
    0x04E9, 0x04EA, 0x04EB, 0x04EC, 0x04ED, 0x04EE, 0x04EF, 0x04F0, 0x04F1, 0x04F2, 0x04F3, 0x04F4,
    0x04F5, 0x04F7, 0x04F9, 0x04FA, 0x04FC, 0x04FD, 0x04FE, 0x04FF, 0x05D0, 0x05D1, 0x05D2, 0x05D3,
    0x05D4, 0x05D6, 0x05D7, 0x05D8, 0x05D9, 0x05DA, 0x05DB, 0x05DC, 0x05DD, 0x05DE, 0x05E1, 0x05E2,
    0x05E3, 0x05E4, 0x05E5, 0x05E7, 0x05E8, 0x05E9, 0x05EA, 0x06D5, 0x1EA0, 0x1EA1, 0x1EA2, 0x1EA3,
    0x1EA4, 0x1EA5, 0x1EA6, 0x1EA7, 0x1EA8, 0x1EA9, 0x1EAA, 0x1EAB, 0x1EAC, 0x1EAD, 0x1EAE, 0x1EAF,
    0x1EB0, 0x1EB1, 0x1EB2, 0x1EB3, 0x1EB4, 0x1EB5, 0x1EB6, 0x1EB7, 0x1EB9, 0x1EBB, 0x1EBD, 0x1EBF,
    0x1EC1, 0x1EC3, 0x1EC5, 0x1EC7, 0x1ECC, 0x1ECD, 0x1ECE, 0x1ECF, 0x1ED0, 0x1ED1, 0x1ED2, 0x1ED3,
    0x1ED4, 0x1ED5, 0x1ED6, 0x1ED7, 0x1ED8, 0x1ED9, 0x1EDA, 0x1EDB, 0x1EDC, 0x1EDD, 0x1EDE, 0x1EDF,
    0x1EE0, 0x1EE1, 0x1EE2, 0x1EE3, 0x1EE4, 0x1EE5, 0x1EE6, 0x1EE7, 0x1EE8, 0x1EE9, 0x1EEA, 0x1EEB,
    0x1EEC, 0x1EED, 0x1EEE, 0x1EEF, 0x1EF0, 0x1EF1, 0x1EF2, 0x1EF4, 0x1EF5, 0x1EF6, 0x1EF7, 0x1EF8,
    0x1EF9, 0x2013, 0x2014, 0x2015, 0x2018, 0x2019, 0x201A, 0x201C, 0x201D, 0x201E, 0x2026, 0x2039,
    0x203A, 0xFB00, 0xFB01, 0xFB02, 0xFB03, 0xFB04, 0xFB8E, 0xFBA6, 0xFBAA, 0xFE8D, 0xFEA3, 0xFEA9,
    0xFEB1, 0xFEB3, 0xFEB9, 0xFEBB, 0xFEC1, 0xFEC3, 0xFECB, 0xFEDB, 0xFEDF, 0xFEE1, 0xFEE3, 0xFEEB,
};

static const uint8_t notosans_12_smallKernRightClassIds[] = {
      1,   2,   3,   2,   4,   5,   6,   5,   7,   7,   8,   9,  10,  10,  11,  12,
     10,  10,  13,  14,  15,  15,  16,  17,  18,   4,  19,  20,  21,  21,  21,  22,
     23,  20,  24,  20,  20,  25,  25,  21,  25,  21,  25,  26,  22,  25,  27,  27,
     27,  27,  28,   4,  29,  30,   9,   9,   9,   9,   9,   9,  31,  10,  10,  10,
     10,  10,  10,  10,  14,  14,  14,  14,  17,  21,  19,  19,  19,  19,  19,  19,
     21,  21,  21,  21,  21,  21,  21,  21,  21,  21,  21,  25,  25,  25,  25,  27,
     20,  27,   9,  19,   9,  19,   9,  19,  10,  21,  10,  21,  10,  21,  10,  21,
     21,  21,  21,  21,  21,  21,  21,  10,  23,  10,  23,  10,  23,  10,  23,  20,
     32,  33,  20,  25,  20,  20,  20,  20,  25,  25,  25,  10,  21,  10,  21,  10,
     21,  10,  21,  25,  25,  26,  26,  13,  22,  13,  22,  13,  22,  14,  25,  14,
     25,  14,  25,  14,  25,  14,  25,  14,  25,  15,  27,  17,  27,  17,  18,  28,
     18,  28,  18,  28,  10,  21,  14,  25,   9,  19,  31,  19,  10,  21,  26,  13,
     22,  34,  35,  36,  37,  38,  34,  39,  40,  41,  42,  43,  38,  35,  35,  34,
     39,  44,  42,  45,  34,  43,  46,  47,  48,  49,  49,  50,  51,  52,  53,  49,
     49,  49,  54,  49,  49,  51,  49,  49,  51,  55,  56,  51,  52,  49,  57,  49,
     49,  55,  49,  49,  53,  49,  58,  51,  51,  59,  49,  51,  60,  61,  62,  54,
     49,  59,  49,  49,  56,  49,  63,  64,  65,  66,  40,  50,  66,  66,  43,  45,
     63,  47,  67,  64,  67,  64,  63,  47,  63,  47,  63,  47,  63,  64,  63,  47,
     66,  65,  59,  66,  66,  65,  66,  42,  52,  43,  53,  66,  66,  59,  68,  55,
     66,  66,  66,  63,  47,  63,  47,  34,  55,  69,  70,  69,  70,  42,  52,  68,
     55,  45,  57,  45,  57,  66,  71,  72,  71,  72,  42,  52,  66,  73,  50,  66,
     66,  45,  57,  66,  40,  74,  40,  74,  40,  74,  47,  75,  74,  75,  74,  42,
     52,  43,  53,  49,  49,  63,  47,  63,  47,  63,  47,  43,  53,  39,  56,  39,
     56,  39,  56,  45,  57,  66,  49,  65,  42,  52,  42,  52,  76,  77,  78,  79,
     80,  81,  82,  83,  84,  85,  86,  87,  88,  89,  90,  91,  92,  93,  94,  95,
     96,  97,  98,  99,   9,  19,   9,  19,   9,  19,   9,  19,   9,  19,   9,  19,
      9,  19,   9,  19,   9,  19,   9,  19,   9,  19,   9,  19,  21,  21,  21,  21,
     21,  21,  21,  21,  10,  21,  10,  21,  10,  21,  10,  21,  10,  21,  10,  21,
     10,  21,  10,  21,  10,  21,  10,  21,  10,  21,  10,  21,  14,  25,  14,  25,
     14,  25,  14,  25,  14,  25,  14,  25,  14,  25,  17,  17,  27,  17,  27,  17,
     27,   6,   6,   6, 100,   2,   5, 100,   2,   5,   5,  29,  30,  22,  22,  22,
     22,  22,  99,  99,  99, 101,  99, 102, 102, 102, 102, 102, 102, 102, 101,  99,
    101,  99,  99,  99,
};

static const uint16_t notosans_12_smallKernRowOffsets[] = {
        0,    29,    32,    37,    54,    61,    66,    72,    73,    75,    82,    83,    87,    93,   100,   101,
      117,   119,   130,   143,   145,   146,   147,   150,   151,   154,   159,   162,   163,   167,   173,   182,
      186,   187,   193,   200,   202,   203,   208,   214,   217,   227,   230,   231,   244,   269,   275,   277,
      288,   303,   332,   351,   353,   357,   369,   385,   402,   420,   426,   437,   445,   456,   468,   479,
      491,   493,   497,   509,   527,   533,   537,   541,   543,   548,   550,   557,   565,   568,   593,   600,
      616,   619,   624,   626,   638,   640,   643,   646,   652,   657,   664,   675,   681,   682,   691,   702,
      708,   718,   723,   726,   733,   735,   742,   749,   759,   766,   776,   779,
};

static const uint8_t notosans_12_smallKernSparseCols[] = {
      8,  12,  14,  16,  18,  20,  22,  24,  25,  30,  32,  33,  37,  38,  39,  40,
     41,  43,  46,  49,  52,  53,  54,  55,  58,  60,  67,  72,  73,  12,  14,  16,
     11,  23,  36,  43,  61,   9,  12,  13,  14,  16,  33,  36,  38,  43,  44,  54,
     56,  62,  66,  67,  68,  70,  12,  33,  38,  41,  51,  54,  67,  33,  41,  43,
     44,  56,   1,   9,  11,  12,  14,  16,   4,   9,  28,   4,   8,  12,  14,  15,
     16,  17,  11,   3,   4,   7,   8,   1,   9,  12,  13,  14,  16,   2,   4,   8,
     15,  17,  28,  30,  28,   2,   4,   5,   7,   8,   9,  12,  18,  20,  22,  24,
     25,  26,  27,  28,  29,   4,   8,   4,   7,   8,   9,  18,  20,  22,  24,  25,
     28,  29,   2,   4,   7,   8,   9,  18,  20,  22,  24,  25,  27,  28,  29,   9,
     28,  11,   1,   1,  26,  27,   1,   1,   3,   4,   1,   4,  18,  20,  22,   1,
      4,   7,  20,  11,  12,  14,  16,  12,  14,  16,  33,  39,  67,  12,  14,  15,
     16,  33,  38,  41,  44,  67,  11,  12,  14,  16,   3,   1,   9,  11,  12,  14,
     16,   0,   1,   3,   7,  19,  31,  99,   3,  32,  11,   0,   1,   3,   7,  99,
      8,  10,  12,  14,  15,  16,  19,  21,  26,   8,   9,  10,  12,  14,  15,  16,
     18,  20,  22,  19,  21,  26,  36,   1,  33,  38,  44,  54,  55,  56,  64,  66,
     67,  68,  69,  99,   1,   4,   5,   6,  29,  33,  34,  37,  39,  40,  43,  46,
     47,  48,  49,  50,  51,  52,  53,  54,  55,  56,  57,  59,  67,  28,  34,  43,
     56,  62,  70,   4,  43,   1,   4,  33,  38,  44,  51,  54,  55,  57,  67,  99,
      1,   5,   6,  28,  34,  43,  44,  46,  47,  50,  54,  55,  56,  62,  70,   1,
      4,   5,   6,  28,  29,  34,  35,  37,  39,  40,  43,  45,  46,  47,  48,  49,
     50,  51,  52,  53,  56,  57,  58,  59,  62,  70,  71,  72,   1,  29,  33,  34,
     36,  38,  43,  44,  50,  54,  55,  56,  64,  66,  67,  68,  70,  74,  99,  51,
     55,   3,  51,  56,  57,   4,  36,  37,  40,  43,  44,  49,  53,  54,  55,  56,
     61,   4,  33,  37,  38,  39,  40,  41,  42,  49,  51,  53,  57,  66,  67,  68,
     72,   4,   5,   6,  28,  29,  37,  38,  39,  40,  41,  43,  46,  49,  50,  53,
     57,  72,   1,   3,   4,   6,  33,  35,  37,  38,  39,  40,  41,  42,  45,  49,
     51,  53,  57,  67,   1,  33,  38,  51,  54,  55,  33,  38,  39,  41,  45,  49,
     51,  54,  55,  56,  57,   3,  33,  38,  41,  45,  51,  54,  55,   1,   4,   5,
     37,  39,  40,  41,  49,  50,  53,  99,   1,   4,  33,  36,  37,  40,  44,  49,
     53,  54,  56,  61,  33,  38,  39,  41,  45,  49,  51,  54,  55,  56,  57,   5,
     33,  34,  38,  43,  44,  46,  50,  56,  57,  71,  99,  33,  58,   1,  33,  50,
     57,   1,   4,  37,  39,  40,  41,  46,  49,  50,  53,  57,  99,   1,   6,  33,
     38,  39,  41,  43,  44,  45,  51,  54,  55,  56,  57,  63,  69,  71,  99,   1,
     33,  36,  54,  55,  61,  33,  38,  45,  57,   1,  33,  58,  60,  36,  61,   1,
     33,  36,  54,  55,   4,  49,   1,  33,  44,  54,  66,  67,  68,   1,  46,  54,
     55,  56,  63,  69,  71,   4,  66,  68,   4,   5,  28,  29,  33,  34,  37,  39,
     40,  43,  46,  49,  51,  52,  54,  55,  56,  62,  63,  65,  69,  70,  71,  72,
     73,   4,   5,  39,  46,  49,  50,  53,   4,   5,  33,  39,  46,  49,  51,  52,
     56,  58,  62,  65,  67,  70,  71,  72,   4,  46,  49,  54,  56,  62,  70,  71,
     46,  56,   4,  39,  46,  49,  56,  58,  62,  65,  71,  72,  73,  74,   4,  49,
     33,  66,  68,   1,  51,  55,  83,  85,  86,  92,  94,  96,  78,  84,  89,  92,
     95,  76,  82,  83,  85,  86,  88,  92,  76,  79,  82,  84,  85,  87,  88,  89,
     91,  92,  95,  76,  82,  87,  89,  92,  95,  76,  78,  82,  84,  85,  91,  92,
     93,  94,  95,  76,  79,  81,  82,  85,  87,  88,  89,  92,  95,  97,  82,  85,
     88,  89,  91,  92,  76,  77,  82,  84,  85,  89,  91,  92,  96,  97,  85,  87,
     88,  89,  92,  82,  83,  85,  82,  84,  86,  89,  91,  92,  95,  82,  89,  84,
     85,  86,  89,  91,  92,  96,  75,  76,  78,  83,  87,  89,  92,  76,  82,  84,
     85,  88,  89,  91,  92,  95,  97,  76,  82,  85,  87,  89,  92,  95,  78,  80,
     83,  85,  86,  88,  89,  90,  92,  96,  98, 100, 101,
};

static const int8_t notosans_12_smallKernSparseValues[] = {
     -28,    8,    8,    4,  -16,  -24,  -12,  -12,  -12,  -32,   28,    8,  -12,    8,  -28,  -24,
       8,   -4,  -16,  -28,    8,  -20,   12,    8,   12,   12,    8,  -24,   -8,  -24,   -8,  -12,
      36,   16,   40,  -12,   24,  -20,  -28,   -8,  -24,  -24,  -20,   24,   -8,  -16,  -32,  -16,
     -24,  -20,  -24,  -28,  -24,  -24,  -16,  -16,   -8,   -4,   -4,   -8,  -16,  -12,   -4,   -4,
      -4,   -4,  -28,   -8,   20,  -28,  -16,  -24,   -4,   -8,   -8,  -16,   -8,  -12,   -4,   -8,
      -4,   -4,   24,    8,  -24,    8,   -8,  -32,   -8,   -8,   -4,   -8,  -12,   -4,  -52,  -20,
      -8,   -4,   -8,  -12,   -4,   -8,  -24,  -16,    8,  -28,   -8,    8,  -32,  -28,  -28,  -20,
     -24,   -8,  -16,  -24,  -12,   -8,   -4,  -20,    8,  -16,   -4,   -8,   -8,   -4,   -4,   -4,
     -12,   -4,  -12,  -24,    8,  -24,   -8,  -20,  -20,  -20,  -12,  -16,   -8,  -32,  -12,   -4,
      -8,   38,   -4,   -4,   -8,   -4,    8,   24,   16,   -8,   16,  -64,   -8,   -8,   -4,   16,
     -16,    8,   -8,   20,   -8,   -4,  -12,  -12,   -4,  -12,  -12,   -4,   -4,  -24,  -12,   -8,
     -32,  -24,   -8,   -8,   -8,  -16,   40,  -16,  -12,  -16,   20,  -28,   -8,   44,  -28,  -16,
     -24,   20,   20,   36,   36,   12,   28,   28,   20,   52,   20,   28,   44,   48,   44,   28,
      -8,    8,   24,   28,   20,   24,    8,   16,   20,  -12,   -4,    8,   28,   28,   20,   24,
     -12,   -8,   -8,    8,   20,   20,   20,  -28,  -20,   -8,  -12,   -8,   -8,   -8,   -8,  -16,
     -24,  -20,   -8,  -12,    8,  -20,  -16,  -12,  -12,    8,   -8,  -10,  -28,  -10,  -14,  -16,
      -8,  -12,  -16,  -16,   -4,   -4,  -12,   -4,   -8,  -12,  -16,   -8,    4,   -8,   -8,  -12,
      -8,   -8,   -8,   -8,   -4,  -36,   -4,  -24,   -8,  -12,   -8,   -8,   -8,   -8,  -12,  -24,
       8,   -4,   -4,   -8,   -8,  -16,   -4,   -4,   -8,   -8,   -4,   -4,   -8,   -8,  -20,    8,
     -28,   -8,   -4,  -20,   -8,  -16,   -8,  -36,  -48,  -40,  -12,  -12,  -20,  -16,   -4,  -40,
     -24,  -12,   -8,  -20,   -8,  -20,   20,  -12,   -4,   -8,  -12,  -20,  -28,   -4,  -28,   -8,
      20,  -12,  -14,  -24,   -4,  -12,   -8,  -12,   -8,  -16,  -20,  -24,  -20,   -4,  -16,   -4,
      -4,  -10,   -4,   -6,   -4,   12,   36,   12,   16,   -4,  -10,   12,   12,   -4,   12,   -8,
      28,  -16,   -8,   -4,  -16,   -8,   -4,   -8,   -4,   -4,   -6,   -4,   -4,   -4,   -4,   -4,
      -8,  -52,   -4,   -4,   -8,   -4,  -24,   -8,  -20,  -24,   -8,   -4,  -10,  -20,   -4,  -16,
      -4,  -24,   -4,  -12,  -16,   -4,  -14,   -4,  -10,  -12,  -14,  -12,  -16,  -12,   -4,  -10,
      -6,   -6,   -4,   -8,   -4,  -16,  -16,   -8,   -4,   -4,  -24,  -16,   -4,  -12,   -8,   -4,
      -8,   -4,  -12,   -4,   -4,   -4,  -12,   -4,   -4,   -4,   -8,   -4,   -4,   12,  -16,   -8,
      -8,  -12,  -12,   -4,  -16,   -4,  -12,   16,   -4,    8,  -12,   40,    8,   12,   -6,    8,
      10,   -6,  -12,   24,  -16,  -16,   -4,   -8,   -8,   -4,   -8,   -4,  -12,   -4,   -4,   -4,
      -4,   -6,   -4,   -6,   -4,   -8,   -8,   -8,   -4,   -8,   12,  -12,   -2,    8,   -8,   -4,
      -4,    8,  -16,   -8,   -8,  -12,   -4,   -4,  -20,  -12,  -20,  -12,   16,  -32,   -4,  -24,
      -8,   -4,   -4,   -4,  -28,   -8,   -8,  -24,  -18,  -16,   -8,   -8,  -12,   -8,  -12,   -4,
     -16,   32,  -12,  -20,    8,   -8,  -12,   -4,   -8,   12,    8,   12,    4,   12,    8,   -4,
     -16,   16,  -12,  -20,  -16,   -8,  -16,  -16,  -16,   -8,  -12,   -8,  -12,  -28,   -8,  -20,
     -12,  -12,   -8,   -8,   -8,  -16,   -4,   -4,  -24,  -16,  -24,  -12,    8,   -8,  -16,  -28,
     -20,  -14,  -28,  -24,   -8,   -8,  -16,  -16,  -20,   -8,   -8,  -20,  -16,  -20,  -28,  -20,
     -32,  -20,   -8,  -12,   -4,  -16,   -4,  -12,  -20,   -8,    8,  -24,  -16,  -20,   -8,   -8,
     -20,    8,   -8,  -12,    8,   -8,  -12,  -16,  -12,   -8,  -12,   -8,  -20,   -8,  -20,   -8,
      -4,   -4,  -24,  -24,  -20,  -20,  -16,    8,   -8,  -12,  -16,  -16,  -16,   -4,  -16,   -4,
      -8,   -4,   -4,   -4,   -8,   -4,   -8,   -2,   -2,   -8,   -4,   -8,   -5,   -8,  -13,  -13,
     -10,    2,   -8,  -13,   -5,   -6,   -9,  -10,  -16,   -8,   -8,  -20,  -14,  -10,   -5,  -13,
     -20,  -14,  -14,   -2,   -6,   -4,   -3,   -8,   -4,   -8,   -5,   -8,   -8,   -2,   -4,   -9,
      -8,   -8,   -5,  -26,   -8,   -3,   -3,   -3,  -12,   -3,   -3,   -9,   -8,   -8,   -8,   -5,
      -6,   -6,  -10,  -10,  -16,   -2,   -8,  -12,  -10,   -8,  -15,   -6,    8,   -2,   -8,   -5,
      -8,   -9,  -11,   -6,   -6,  -10,   -2,  -12,   -2,   -2,  -12,   -5,   -4,   -3,  -10,   -3,
      -8,   -3,   -3,  -11,   -2,   -3,   -5,  -10,   -8,   -8,  -10,  -13,  -10,  -16,   -8,   -6,
      -8,   -3,   -4,  -12,   -4,   -8,   -9,  -10,   -2,  -10,   -3,   -4,   -3,   -3,  -18,  -20,
      -6,   -8,   -2,  -14,  -16,  -16,  -10,   -8,  -16,  -10,  -12,
};

static const EpdLigaturePair notosans_12_smallLigaturePairs[] = {
    { 0x00660066, 0xFB00 }, // f f -> U+FB00
    { 0x00660069, 0xFB01 }, // f i -> U+FB01
    { 0x0066006C, 0xFB02 }, // f l -> U+FB02
    { 0xFB000069, 0xFB03 }, // U+FB00 i -> U+FB03
    { 0xFB00006C, 0xFB04 }, // U+FB00 l -> U+FB04
};

static const EpdFontData notosans_12_small = {
    notosans_12_smallBitmaps,
    notosans_12_smallGlyphs,
    notosans_12_smallIntervals,
    38,
    34,
    27,
    -8,
    false,
    nullptr,
    0,
    nullptr,
    nullptr,  // kernLeftClasses: built-in fonts use the split arrays below
    nullptr,  // kernRightClasses
    notosans_12_smallKernLeftCodepoints,
    notosans_12_smallKernLeftClassIds,
    notosans_12_smallKernRightCodepoints,
    notosans_12_smallKernRightClassIds,
    nullptr,  // kernMatrix: built-in fonts use the sparse form below
    notosans_12_smallKernRowOffsets,
    notosans_12_smallKernSparseCols,
    notosans_12_smallKernSparseValues,
    501,
    516,
    107,
    102,
    notosans_12_smallLigaturePairs,
    5,
};
