/**
 * generated by fontconvert.py
 * name: notoserif_en_20_italic
 * size: 20
 * mode: 2-bit  compressed: true
 * Command used: fontconvert.py notoserif_en_20_italic 20 ../builtinFonts/source/NotoSerif/NotoSerif-Italic.ttf --2bit --compress --pnum --zopfli --no-default-intervals --additional-intervals 0x0020,0x007E --additional-intervals 0x00A0,0x00FF --additional-intervals 0x0152,0x0153 --additional-intervals 0x0160,0x0161 --additional-intervals 0x0178,0x0178 --additional-intervals 0x017D,0x017E --additional-intervals 0x0192,0x0192 --additional-intervals 0x02C6,0x02C6 --additional-intervals 0x02DC,0x02DC --additional-intervals 0x0300,0x036F --additional-intervals 0x2000,0x206F --additional-intervals 0x2070,0x209F --additional-intervals 0x20A0,0x20CF --additional-intervals 0x2100,0x214F --additional-intervals 0x2150,0x218F --additional-intervals 0x2190,0x21FF --additional-intervals 0x2200,0x22FF --additional-intervals 0xFB00,0xFB06 --additional-intervals 0xFFFD,0xFFFD
 */
#pragma once
#include "EpdFontData.h"

static const uint8_t notoserif_en_20_italicBitmaps[33048] = {
    0x54, 0x8D, 0x81, 0xA6, 0x1C, 0x31, 0x14, 0x86, 0xBF, 0x49, 0x6E, 0x0D, 0x1D, 0x04, 0x0A, 0xA0,
    0x01, 0xA0, 0xB4, 0x79, 0x81, 0xEE, 0x26, 0xED, 0x53, 0x15, 0xB7, 0x77, 0xF2, 0x08, 0x7D, 0x8C,
    0x5A, 0x28, 0x14, 0x8B, 0x76, 0x27, 0xF4, 0x05, 0xF2, 0x08, 0x43, 0xAB, 0x00, 0x82, 0x41, 0x68,
    0x76, 0xA7, 0x99, 0x0C, 0xAE, 0x3D, 0x67, 0x7C, 0xFF, 0xE7, 0x90, 0x7F, 0x18, 0x32, 0xAA, 0xA0,
    0x2A, 0x17, 0x74, 0x42, 0xCF, 0x98, 0x88, 0x0D, 0xED, 0xF3, 0x58, 0xC7, 0x08, 0x13, 0x5C, 0xE0,
    0x0A, 0x05, 0x32, 0xDD, 0x42, 0x97, 0x10, 0x09, 0x39, 0x23, 0xBE, 0xB0, 0x4F, 0x47, 0x7B, 0x97,
    0x18, 0xEB, 0x37, 0x63, 0x03, 0x0F, 0xDB, 0xC5, 0x44, 0x1B, 0x6D, 0x68, 0xEB, 0xAD, 0xAB, 0x8B,
    0x65, 0xE4, 0xC8, 0x67, 0x1E, 0xDB, 0x9E, 0xEB, 0x7E, 0x67, 0x1F, 0x11, 0xC5, 0x0C, 0x7D, 0x90,
    0x95, 0x43, 0xE8, 0x03, 0x28, 0x3F, 0x6C, 0x74, 0xCA, 0x83, 0xAE, 0x09, 0xC7, 0x9A, 0x70, 0xA8,
    0xC9, 0xE9, 0x72, 0x9A, 0xBE, 0x76, 0x6B, 0x9D, 0xB2, 0x13, 0x16, 0x32, 0x88, 0x54, 0x13, 0x39,
    0xD7, 0x44, 0x46, 0xB9, 0x57, 0xC6, 0xFB, 0x4A, 0x5D, 0x13, 0xB3, 0xBD, 0x0A, 0xB6, 0xF1, 0x4D,
    0x2D, 0x3B, 0x39, 0x1E, 0x39, 0x00, 0xB9, 0x26, 0x7B, 0x59, 0xD7, 0xCA, 0x44, 0xAA, 0x79, 0x57,
    0x39, 0xB4, 0x4A, 0xE0, 0x65, 0xE3, 0xEB, 0xC6, 0xB7, 0x00, 0xDD, 0x93, 0x03, 0xC6, 0xF5, 0x0A,
    0xF2, 0x76, 0x59, 0x1D, 0x2A, 0x9D, 0xC7, 0x80, 0x0D, 0x8B, 0xA9, 0xF4, 0x49, 0x07, 0x46, 0x97,
    0x94, 0x67, 0xFA, 0x30, 0xBF, 0x80, 0xE9, 0x63, 0x04, 0xC6, 0x5F, 0x1B, 0xED, 0xEF, 0x00, 0x98,
    0x75, 0xA3, 0x6A, 0x14, 0x6B, 0xA6, 0xB5, 0xD1, 0x4E, 0x11, 0xD0, 0x63, 0x02, 0xDE, 0xA9, 0xCC,
    0x03, 0x87, 0xBE, 0x70, 0xE0, 0xBD, 0x2C, 0x5C, 0x1B, 0x6F, 0x7C, 0x92, 0x99, 0x95, 0xF3, 0xB0,
    0x30, 0x85, 0x45, 0x25, 0xEC, 0x9C, 0xC6, 0x80, 0x5E, 0xFF, 0xDD, 0xB6, 0xB2, 0xF5, 0x0F, 0xD0,
    0x6F, 0x40, 0x86, 0x67, 0xF6, 0x8D, 0x83, 0x07, 0xE8, 0xB8, 0x9B, 0x7E, 0x75, 0xA0, 0x1D, 0xD8,
    0x6F, 0x73, 0x05, 0x70, 0x95, 0x09, 0x7E, 0x80, 0x5C, 0x44, 0xA6, 0xCB, 0xD0, 0xA7, 0xAE, 0xB0,
    0x1D, 0x55, 0xAC, 0xA2, 0x02, 0xE8, 0x50, 0xC5, 0x38, 0x30, 0x5E, 0x14, 0x8E, 0x80, 0x75, 0x55,
    0x4A, 0x13, 0x99, 0xC5, 0xB2, 0x49, 0x2D, 0xE8, 0xE7, 0x26, 0x7D, 0x52, 0xA1, 0xC9, 0x30, 0x1B,
    0x67, 0x32, 0x16, 0x15, 0x9E, 0xC4, 0x6D, 0xC2, 0x3A, 0xE3, 0x4B, 0x3D, 0x7A, 0xE3, 0x27, 0x99,
    0x74, 0xD0, 0x41, 0xFD, 0x2D, 0x43, 0xB4, 0x4E, 0x45, 0xB1, 0x46, 0x1D, 0x46, 0x54, 0xE4, 0x15,
    0x96, 0xEB, 0x26, 0xF0, 0x93, 0xD2, 0xA4, 0xCB, 0xDD, 0x2E, 0x32, 0x89, 0x8C, 0x0E, 0xA0, 0xA2,
    0xCC, 0x98, 0x00, 0xDA, 0x57, 0xB1, 0x7E, 0xFF, 0x3F, 0x23, 0x50, 0x10, 0x99, 0x0B, 0x88, 0x65,
    0x7F, 0x47, 0x9F, 0xA0, 0xFC, 0xAF, 0xDE, 0xFA, 0x61, 0x34, 0x37, 0xAE, 0xFB, 0x90, 0xD4, 0x2D,
    0x91, 0x10, 0x08, 0xD3, 0x48, 0xB0, 0x74, 0x88, 0x59, 0x05, 0xB0, 0x15, 0x45, 0x6C, 0x54, 0xB8,
    0xB8, 0x5D, 0x0E, 0x10, 0x04, 0x2A, 0xAD, 0x42, 0xAB, 0x14, 0x02, 0x22, 0x15, 0x29, 0x0C, 0xC7,
    0xC8, 0x35, 0x29, 0xAE, 0xB8, 0x3B, 0xD2, 0x49, 0x91, 0xC2, 0x45, 0x2E, 0x40, 0xD4, 0x26, 0x2A,
    0x14, 0x20, 0x5E, 0x05, 0x90, 0x8B, 0x00, 0xB9, 0x62, 0x25, 0x0E, 0xDC, 0xA4, 0x48, 0x61, 0xC6,
    0x42, 0xE0, 0x52, 0x8C, 0x71, 0x8E, 0x01, 0xB9, 0x10, 0x13, 0x51, 0x11, 0x4F, 0xE1, 0xC7, 0x97,
    0xF9, 0xFD, 0xDE, 0x7C, 0x4B, 0xF3, 0x6E, 0xF7, 0xF6, 0x0E, 0x71, 0x82, 0xF8, 0xDB, 0xDB, 0xF7,
    0xDE, 0x92, 0xC3, 0x79, 0xFF, 0xDF, 0xBC, 0x99, 0x8F, 0xE7, 0x6F, 0x52, 0x95, 0xF6, 0x7A, 0x67,
    0xA8, 0x4A, 0xB1, 0xEC, 0x4D, 0xF2, 0x4A, 0xC0, 0x1A, 0xF6, 0xB2, 0x58, 0xE0, 0x42, 0xA4, 0xA7,
    0xA7, 0xBA, 0x7C, 0x04, 0x16, 0x93, 0xCC, 0xB8, 0xBD, 0x28, 0x8E, 0x77, 0x26, 0x06, 0xF6, 0x7F,
    0x24, 0xC4, 0xBB, 0xB3, 0xEB, 0xD9, 0xC8, 0x69, 0x4C, 0xC9, 0xE7, 0x25, 0x12, 0xBA, 0xA1, 0xFD,
    0xEB, 0x89, 0xF3, 0x57, 0x62, 0xE3, 0x93, 0xB7, 0xFD, 0xDF, 0xA3, 0x77, 0xC5, 0x60, 0x32, 0x99,
    0x4D, 0xB6, 0xB3, 0xA6, 0xFD, 0x70, 0x31, 0x79, 0xEF, 0x03, 0x2C, 0x12, 0xEB, 0xC5, 0xCC, 0xE1,
    0xEE, 0xC2, 0x62, 0x8E, 0xAA, 0xAF, 0x0C, 0xB2, 0xAF, 0x18, 0x7D, 0x24, 0x7B, 0xD7, 0x67, 0xF3,
    0xA9, 0xC7, 0x8D, 0x49, 0x64, 0xF4, 0xB3, 0xF8, 0xB9, 0x65, 0xC0, 0xDF, 0x90, 0x94, 0xF7, 0x4D,
    0x39, 0xF8, 0xF1, 0xA0, 0x67, 0xD2, 0xB1, 0x78, 0x45, 0xF3, 0x9D, 0x29, 0x7F, 0x2C, 0x78, 0x48,
    0xC4, 0xE2, 0x42, 0x2D, 0xA3, 0x17, 0xC5, 0xCB, 0x79, 0x4C, 0xA9, 0x4A, 0xE6, 0x34, 0xB2, 0xB9,
    0x46, 0x26, 0xAF, 0x39, 0x8C, 0xE8, 0xB9, 0x4D, 0x35, 0x51, 0x48, 0x4C, 0x6B, 0xA1, 0xA1, 0x49,
    0x27, 0x3F, 0x25, 0xD9, 0x28, 0x6B, 0xF1, 0x8A, 0x2F, 0x34, 0x82, 0xF1, 0x01, 0x8C, 0x0A, 0x04,
    0x0D, 0x50, 0x7D, 0x28, 0x4D, 0xD9, 0x73, 0x28, 0xB4, 0xD8, 0xFE, 0x36, 0x0F, 0xFC, 0x42, 0x7A,
    0x38, 0x17, 0xBF, 0x3D, 0x1D, 0x07, 0x5F, 0xB2, 0x50, 0xD1, 0x67, 0xA9, 0xFF, 0x5D, 0x3F, 0x7F,
    0x6C, 0x54, 0x38, 0xC4, 0x27, 0xC2, 0x1D, 0xF6, 0x86, 0x9B, 0xD5, 0x33, 0xF0, 0x3C, 0x9F, 0xA4,
    0x78, 0x01, 0xB4, 0x67, 0x40, 0xCE, 0x05, 0x74, 0x1C, 0x95, 0xA1, 0x36, 0x54, 0x9C, 0x3A, 0x51,
    0x29, 0x6A, 0x45, 0xB5, 0xA8, 0x0F, 0x05, 0xA6, 0x4D, 0xF4, 0x29, 0x8E, 0xA5, 0xF7, 0x4B, 0x96,
    0x00, 0xCB, 0x70, 0xD8, 0x8F, 0x87, 0xE8, 0xBF, 0xAE, 0x82, 0x3F, 0x6B, 0x55, 0xE6, 0xC4, 0x79,
    0xA5, 0xB2, 0xA1, 0xF4, 0xF3, 0xCE, 0x2F, 0x62, 0x92, 0xDF, 0x3E, 0x18, 0x4C, 0x39, 0xB7, 0x70,
    0x9A, 0x8C, 0xCF, 0x8B, 0xBC, 0xE5, 0x7D, 0xE4, 0xBD, 0x56, 0xDD, 0xFB, 0x87, 0xC9, 0x7C, 0xD5,
    0x0C, 0x9E, 0x8C, 0x07, 0xCF, 0x38, 0x41, 0xB5, 0x49, 0x87, 0x58, 0x2D, 0x14, 0xA6, 0xBD, 0x0B,
    0x70, 0x7A, 0x19, 0xA8, 0x45, 0x64, 0x22, 0x78, 0xFA, 0x78, 0x77, 0xFC, 0x0A, 0xAF, 0x5D, 0x06,
    0xC8, 0x02, 0xE6, 0x48, 0x05, 0xE5, 0x23, 0x11, 0x0B, 0x13, 0x56, 0xA8, 0xDD, 0x3E, 0x54, 0xE2,
    0x01, 0xBE, 0xFB, 0x5A, 0x08, 0x6E, 0xE1, 0x6F, 0x2D, 0x9A, 0x5C, 0x57, 0xBC, 0x85, 0xDA, 0x4E,
    0x3A, 0x71, 0xB5, 0x7D, 0x8A, 0x57, 0xBE, 0x0A, 0x70, 0x0B, 0x80, 0xEE, 0xA1, 0xB7, 0xA0, 0x03,
    0x8B, 0x6F, 0xC6, 0x3A, 0x89, 0x74, 0xF1, 0x26, 0xE1, 0xF4, 0x9E, 0x01, 0xC0, 0x04, 0xC7, 0x70,
    0x58, 0x0F, 0x77, 0x74, 0x86, 0x31, 0xC2, 0x3A, 0x46, 0x41, 0xB0, 0x80, 0x50, 0xDA, 0xCD, 0x94,
    0xFD, 0x66, 0xCA, 0xE2, 0x9C, 0x29, 0x47, 0x0C, 0x1B, 0x36, 0x53, 0xE6, 0x96, 0xEC, 0x37, 0x53,
    0x6E, 0x3E, 0x05, 0xF3, 0x59, 0x64, 0x44, 0x1A, 0xA4, 0x33, 0x23, 0x55, 0x18, 0xBF, 0x2D, 0xEC,
    0x82, 0x7C, 0x58, 0x10, 0x19, 0xF1, 0x0C, 0x98, 0x4C, 0x80, 0xE9, 0x08, 0x98, 0x0F, 0x2B, 0x2C,
    0x7A, 0xC0, 0xB2, 0x03, 0xD4, 0x2C, 0x42, 0x2C, 0xB5, 0x76, 0x85, 0xC2, 0x64, 0x26, 0x8C, 0x16,
    0xCC, 0x1A, 0xCF, 0x80, 0xC9, 0x0C, 0x56, 0xE9, 0x88, 0xD8, 0xCB, 0x06, 0xC0, 0xBC, 0x33, 0x45,
    0x87, 0x8B, 0x7E, 0xE6, 0x16, 0x42, 0x81, 0x73, 0x24, 0x02, 0xBD, 0x6A, 0x0A, 0x1B, 0xBD, 0xAA,
    0xA2, 0x97, 0x0D, 0x6E, 0x78, 0x05, 0x33, 0x41, 0xE6, 0x78, 0x90, 0xDE, 0xF7, 0xA0, 0xFD, 0xB1,
    0x17, 0x58, 0x7E, 0xC7, 0x87, 0xEA, 0x37, 0x92, 0xF9, 0x82, 0x98, 0x87, 0xD4, 0x1A, 0xC8, 0x65,
    0x0F, 0xD0, 0x6D, 0x52, 0xA0, 0x06, 0x68, 0x69, 0x17, 0x7B, 0x59, 0x32, 0xE5, 0xB0, 0x0E, 0xCA,
    0x10, 0xA2, 0xF0, 0xCC, 0xAA, 0x57, 0x65, 0xA2, 0xD0, 0xFE, 0xF9, 0x74, 0x31, 0x2D, 0x2B, 0x60,
    0x35, 0x80, 0x59, 0xE1, 0xA1, 0x03, 0xFF, 0x92, 0x1A, 0xE6, 0x56, 0x65, 0x61, 0x39, 0x52, 0x41,
    0x68, 0x7C, 0xCD, 0x6B, 0x66, 0x3C, 0xCB, 0x00, 0x60, 0xC6, 0x9B, 0xA5, 0x05, 0x7C, 0x1F, 0x20,
    0xE6, 0xE5, 0x5C, 0x9F, 0x01, 0xD0, 0x28, 0x4C, 0x74, 0x42, 0x17, 0xEA, 0x49, 0xCE, 0x55, 0xF0,
    0x45, 0x3E, 0x7E, 0xCB, 0x94, 0x6F, 0x1D, 0xBF, 0x36, 0x53, 0xE2, 0x59, 0xB3, 0xC7, 0xB4, 0x42,
    0xEF, 0x87, 0x4F, 0x06, 0xC9, 0x71, 0x0D, 0xD5, 0xD5, 0xD6, 0x3D, 0x9A, 0xAF, 0x62, 0xA0, 0xA8,
    0x23, 0x84, 0x44, 0x23, 0xD6, 0x01, 0xA6, 0x54, 0x4A, 0x6D, 0xA9, 0x76, 0x54, 0xCB, 0xA9, 0x99,
    0x82, 0xB1, 0x9F, 0x91, 0x3B, 0xB8, 0x4A, 0x25, 0xFE, 0x50, 0x38, 0xA4, 0x50, 0x19, 0x61, 0x45,
    0x8E, 0xA4, 0x95, 0x1F, 0x86, 0x99, 0x2E, 0x3A, 0x16, 0xF6, 0xAE, 0x34, 0x4E, 0xC8, 0xB6, 0xF2,
    0x02, 0x7B, 0x29, 0x68, 0xDA, 0x58, 0x05, 0xBF, 0x82, 0x78, 0x58, 0x6D, 0x58, 0x11, 0xB2, 0x17,
    0x49, 0x64, 0x6D, 0x55, 0x4A, 0xCA, 0xF6, 0x7E, 0x8D, 0xA0, 0x99, 0x5A, 0x8B, 0x84, 0x12, 0x66,
    0x09, 0x60, 0x15, 0x41, 0x9E, 0x39, 0xDE, 0xC1, 0xA8, 0x70, 0x6E, 0xD6, 0x71, 0x8D, 0x68, 0x00,
    0x6F, 0x73, 0x81, 0x98, 0x51, 0x0B, 0x13, 0xB5, 0x84, 0x3A, 0xF0, 0xE3, 0x93, 0xF7, 0xBE, 0x78,
    0xA7, 0x16, 0x18, 0x91, 0x70, 0xD4, 0xF8, 0x39, 0x83, 0x75, 0xB3, 0x42, 0xAA, 0x15, 0x23, 0x7C,
    0x53, 0xC6, 0x49, 0x46, 0x68, 0x5A, 0xC6, 0xB5, 0x00, 0x46, 0x84, 0xF1, 0xC7, 0x27, 0xEF, 0xF6,
    0x68, 0x7B, 0xE2, 0xCE, 0xA4, 0x80, 0x68, 0x7B, 0xA2, 0x86, 0x79, 0x0C, 0x57, 0xAE, 0xCD, 0xDC,
    0x21, 0xE1, 0x35, 0xC2, 0x5B, 0xEF, 0xBD, 0xAD, 0x93, 0x79, 0xB8, 0x9C, 0x48, 0x87, 0x26, 0xA0,
    0x52, 0xE7, 0xD0, 0xDA, 0x29, 0x21, 0xF4, 0x3A, 0x17, 0xEE, 0xC7, 0x1C, 0x31, 0x3B, 0x5A, 0x66,
    0x46, 0x6B, 0xE1, 0xCC, 0xBA, 0x3B, 0x10, 0xC6, 0xF7, 0x04, 0xC1, 0xE9, 0xCC, 0xA7, 0x7F, 0xBE,
    0xBF, 0x38, 0xC0, 0x0D, 0xDC, 0x67, 0x26, 0xB6, 0x0E, 0x5E, 0xAF, 0x1C, 0x9B, 0x74, 0x07, 0xA2,
    0xB4, 0x48, 0x9C, 0x67, 0x91, 0xF2, 0x2B, 0x23, 0xC2, 0x35, 0x76, 0xC0, 0xAE, 0xF5, 0xD3, 0x94,
    0x3F, 0x83, 0x4F, 0x2B, 0x4E, 0x53, 0x8D, 0x08, 0xA8, 0x1A, 0x76, 0x86, 0x01, 0xF3, 0x11, 0x30,
    0xF3, 0xD0, 0x6E, 0x60, 0x4E, 0x88, 0x36, 0x52, 0x61, 0x83, 0x04, 0x22, 0x67, 0x04, 0x29, 0x92,
    0x6F, 0x4C, 0xB5, 0xB1, 0x1C, 0xD7, 0xEA, 0x01, 0xF9, 0x53, 0x36, 0xD5, 0xF9, 0x0A, 0x6D, 0xFE,
    0xF1, 0xC9, 0x89, 0xC0, 0xB4, 0xD1, 0x6C, 0x5E, 0xF0, 0xA2, 0x4E, 0x30, 0x6D, 0x36, 0x98, 0x97,
    0x98, 0x60, 0xAB, 0x4F, 0x35, 0x3C, 0x01, 0x62, 0x35, 0xEA, 0x04, 0x98, 0xA9, 0x1E, 0x97, 0x0F,
    0xCC, 0x1F, 0x1A, 0xD8, 0x3E, 0x38, 0x30, 0xBD, 0x60, 0xE0, 0x5A, 0x5B, 0x46, 0xAD, 0x2D, 0x7E,
    0xE8, 0x4E, 0x6D, 0xA4, 0xBB, 0x22, 0x10, 0x2C, 0xA3, 0x34, 0xD6, 0x0A, 0xF5, 0x3A, 0xAB, 0x6A,
    0x0F, 0x1B, 0x15, 0x13, 0xDC, 0x91, 0x49, 0x36, 0x22, 0x43, 0xB4, 0xC4, 0x2D, 0x74, 0x26, 0x12,
    0xA5, 0xFE, 0x67, 0x19, 0xB0, 0xD0, 0x97, 0x33, 0xCC, 0x9B, 0x2E, 0x70, 0x44, 0x2C, 0x94, 0x41,
    0xB4, 0x3B, 0xA2, 0xC8, 0x2D, 0xA1, 0x5E, 0xE1, 0xDD, 0x68, 0x87, 0x0C, 0x4D, 0xF9, 0x54, 0x39,
    0xF8, 0x89, 0xDF, 0x85, 0xB9, 0x6B, 0xB9, 0x6F, 0xD8, 0x96, 0xAD, 0x9F, 0x52, 0x2C, 0x5D, 0x32,
    0xA0, 0x8F, 0x4B, 0x67, 0x24, 0x2C, 0xE4, 0xF1, 0xA3, 0x5B, 0x16, 0x84, 0xDA, 0x22, 0x2C, 0xEB,
    0x86, 0xB7, 0x9A, 0x6C, 0x02, 0x44, 0xB4, 0xD4, 0x7B, 0x38, 0xC0, 0x68, 0xA0, 0xC5, 0x7A, 0x15,
    0x62, 0x01, 0xD3, 0x4C, 0x50, 0x52, 0xB0, 0x0F, 0x11, 0xEE, 0x25, 0x2A, 0xF9, 0x10, 0xCB, 0xC6,
    0x3B, 0x1A, 0x6C, 0xD9, 0xCF, 0x9B, 0x94, 0x90, 0xC5, 0x1E, 0xC2, 0x7F, 0x89, 0xB6, 0xBF, 0x09,
    0xF1, 0xCD, 0xFB, 0xB4, 0x7D, 0x6D, 0xB9, 0x9A, 0x7D, 0xA1, 0x2B, 0x0B, 0x9F, 0x54, 0xF1, 0xAF,
    0xD0, 0x13, 0x6D, 0x87, 0xDA, 0x22, 0x8E, 0x1E, 0xBE, 0xE4, 0xA3, 0x9B, 0xCE, 0xBA, 0x47, 0xC9,
    0x6A, 0xB9, 0xA8, 0x3D, 0xA5, 0x1D, 0x7A, 0x82, 0x36, 0xD9, 0xAB, 0x8F, 0xFC, 0x4C, 0xC7, 0x4B,
    0xE7, 0x09, 0x4F, 0x08, 0xD5, 0x14, 0x4A, 0x5C, 0xB1, 0x02, 0x9C, 0x86, 0x7E, 0xE5, 0xC6, 0x76,
    0xF8, 0x57, 0x4C, 0xE8, 0x34, 0x4B, 0x86, 0x4A, 0x83, 0xAA, 0x0B, 0x02, 0xBB, 0x4C, 0xA4, 0x7C,
    0x0B, 0x62, 0xD9, 0xD7, 0xCA, 0x9A, 0xDB, 0xB6, 0x1D, 0xEB, 0xB1, 0x03, 0x39, 0x91, 0x64, 0xE3,
    0x02, 0x32, 0x16, 0xAB, 0x53, 0x85, 0x20, 0x5E, 0xB9, 0x6D, 0x1B, 0xB0, 0x63, 0x34, 0x60, 0x17,
    0x7C, 0xB6, 0xE3, 0x5E, 0xDD, 0x36, 0xBC, 0x14, 0x43, 0x05, 0x32, 0x2D, 0x49, 0xED, 0x73, 0x1F,
    0x94, 0x8B, 0x2B, 0x37, 0x97, 0x27, 0x55, 0x44, 0x47, 0xA7, 0x0B, 0xE6, 0x07, 0xC1, 0x4A, 0x3E,
    0x6A, 0xF2, 0xE9, 0xF4, 0x5B, 0x11, 0x1A, 0xE4, 0xFD, 0xE4, 0xE7, 0x49, 0x17, 0x78, 0x52, 0x30,
    0xAE, 0xB5, 0x6C, 0x72, 0x6E, 0x03, 0x3C, 0x0B, 0x80, 0x59, 0x01, 0xCE, 0xD6, 0x7A, 0x86, 0x10,
    0xA3, 0xA6, 0x75, 0x2B, 0xDB, 0xB0, 0x32, 0x8F, 0xFB, 0x56, 0x2E, 0x26, 0xE8, 0x01, 0xEE, 0x6C,
    0x63, 0xE0, 0x6C, 0x65, 0xAA, 0xD8, 0xC2, 0x10, 0xF0, 0x4F, 0xA7, 0x31, 0xA5, 0x9F, 0x6F, 0x7E,
    0xD7, 0x12, 0x5F, 0x67, 0xAD, 0x85, 0x32, 0x3F, 0x79, 0x5D, 0x5D, 0x30, 0x06, 0xEE, 0x4C, 0x9B,
    0x59, 0xE5, 0xD1, 0x85, 0x5D, 0xD7, 0x53, 0x1B, 0xFA, 0x85, 0xDC, 0x21, 0x81, 0xDA, 0xF1, 0xCD,
    0x94, 0xFB, 0xDC, 0x45, 0x86, 0xA4, 0xF7, 0xFE, 0xAA, 0x5D, 0xD1, 0xC7, 0x43, 0x3A, 0x78, 0x85,
    0xF2, 0x2E, 0x1E, 0xF2, 0x3E, 0x99, 0x3D, 0x11, 0x0D, 0x39, 0xDA, 0xB8, 0xC2, 0x45, 0x43, 0xE1,
    0xB0, 0x98, 0x79, 0xA2, 0x6C, 0x0A, 0xD4, 0x87, 0x68, 0xA8, 0x6C, 0xD9, 0x61, 0x4B, 0x3C, 0x54,
    0x5E, 0xC8, 0x95, 0xA8, 0x4D, 0xD2, 0xD7, 0x4C, 0x01, 0x93, 0x74, 0x24, 0xC4, 0x64, 0x8E, 0xC4,
    0x62, 0xF2, 0xA6, 0xF2, 0x93, 0xC4, 0x62, 0x4A, 0x53, 0x79, 0x75, 0xD3, 0xF7, 0xCC, 0x07, 0xFE,
    0xC9, 0x6C, 0x77, 0x3D, 0xFF, 0x29, 0x36, 0xB4, 0xB1, 0xCC, 0xA9, 0x70, 0x55, 0xF8, 0xAD, 0x3B,
    0xFE, 0x8E, 0xD6, 0xD4, 0xB5, 0x72, 0x32, 0xB4, 0x14, 0xEB, 0x26, 0x83, 0x89, 0x42, 0x3F, 0xBC,
    0x18, 0x6C, 0x70, 0x30, 0xD3, 0x2A, 0x7F, 0xF3, 0x1A, 0x9C, 0xCF, 0x80, 0xE2, 0x38, 0xAF, 0xB1,
    0xEE, 0x70, 0xCF, 0xBA, 0x22, 0x75, 0x1B, 0xA7, 0x14, 0xC5, 0x59, 0xC0, 0x45, 0xC0, 0x47, 0xAD,
    0xE2, 0x9B, 0xAD, 0x25, 0x9E, 0xE0, 0x75, 0xB8, 0x50, 0x71, 0xDA, 0x55, 0x4E, 0x0D, 0xAA, 0xB8,
    0xB0, 0x8A, 0x8F, 0x58, 0x35, 0x90, 0x74, 0x25, 0xF1, 0xA4, 0x4D, 0x4F, 0x32, 0xA8, 0x7F, 0x52,
    0x16, 0x60, 0xFA, 0x81, 0xB8, 0xE4, 0x82, 0xAE, 0xDD, 0xE1, 0xC8, 0xC7, 0x58, 0x87, 0xA2, 0x11,
    0x98, 0x8F, 0xD1, 0x95, 0x69, 0x07, 0xCC, 0xC7, 0x90, 0xE4, 0xEC, 0xEF, 0x58, 0x00, 0x8D, 0xE2,
    0xD0, 0xE0, 0x56, 0x32, 0xB3, 0x68, 0x02, 0x27, 0x1E, 0x23, 0x94, 0x3F, 0xBE, 0x63, 0xD8, 0x09,
    0x31, 0x01, 0x3E, 0x7B, 0x4D, 0x3A, 0x44, 0x0A, 0xC3, 0xAC, 0x64, 0xA3, 0xC6, 0x35, 0x61, 0x66,
    0xB1, 0xCB, 0x80, 0x1C, 0x51, 0x0D, 0x44, 0xE3, 0x6A, 0x0D, 0xA5, 0xF4, 0x82, 0x51, 0x40, 0x11,
    0x97, 0xF2, 0x93, 0x76, 0x64, 0x8D, 0x46, 0x04, 0x26, 0xCB, 0x71, 0x0B, 0x79, 0xC1, 0x57, 0x45,
    0x95, 0x86, 0x85, 0x52, 0x97, 0x7B, 0xAE, 0x40, 0xA3, 0xA2, 0x01, 0x88, 0xF3, 0xB5, 0x8E, 0xC6,
    0x11, 0xA7, 0xD3, 0x5A, 0x30, 0x4F, 0x44, 0x99, 0xEF, 0x90, 0xCF, 0x3E, 0x50, 0xE1, 0x43, 0x70,
    0x00, 0xBC, 0xB7, 0x26, 0x0C, 0x72, 0x80, 0x45, 0x20, 0x28, 0x76, 0x2F, 0x65, 0xAB, 0xC7, 0xC9,
    0x72, 0x65, 0x5B, 0xF5, 0x98, 0x09, 0x94, 0x8F, 0xB1, 0x48, 0x58, 0xF1, 0xB4, 0xA3, 0xA4, 0x6A,
    0xA1, 0x4C, 0x84, 0x92, 0xA1, 0x99, 0xB7, 0x76, 0x86, 0x5A, 0xEF, 0x34, 0x9B, 0x57, 0x24, 0x5B,
    0xD4, 0x04, 0xB4, 0x0E, 0x21, 0xC7, 0x75, 0xE9, 0xE0, 0x9C, 0xB1, 0x72, 0xC8, 0x2C, 0x8B, 0x57,
    0xE5, 0x2F, 0xF8, 0xAC, 0x5D, 0xB4, 0x15, 0x9B, 0x54, 0x05, 0xCE, 0xC0, 0x9E, 0x09, 0x1E, 0xFB,
    0x02, 0xB5, 0x41, 0x1B, 0x0E, 0x4C, 0xE1, 0x7D, 0xA6, 0x1B, 0x11, 0xBA, 0x49, 0x57, 0x5A, 0xE0,
    0x8E, 0xAC, 0xC9, 0xA9, 0x76, 0x74, 0xDC, 0x4A, 0xF7, 0x9A, 0x17, 0xE5, 0x40, 0xB3, 0x2A, 0x36,
    0x1B, 0x1C, 0x05, 0x1C, 0x6B, 0x85, 0x67, 0x14, 0x11, 0x83, 0x07, 0xD7, 0x68, 0x2A, 0x43, 0x1F,
    0xD2, 0x89, 0x23, 0x55, 0x85, 0x17, 0xF9, 0x6C, 0x3E, 0xC0, 0xE9, 0x14, 0x8B, 0xE6, 0x2C, 0x7B,
    0x55, 0x93, 0x22, 0x70, 0xA3, 0xC7, 0xD5, 0x81, 0xBE, 0x5C, 0x58, 0x9C, 0x0F, 0x04, 0x01, 0x10,
    0xD4, 0x02, 0x7A, 0x87, 0xFA, 0x82, 0xDA, 0xA9, 0xBA, 0x33, 0x22, 0xF4, 0xF8, 0xF5, 0x59, 0x05,
    0x0C, 0x93, 0x4E, 0xAA, 0x2A, 0xA7, 0x06, 0xA2, 0xA2, 0x6F, 0xAB, 0x9E, 0xFB, 0xF4, 0xA7, 0x96,
    0x44, 0x84, 0x44, 0x8C, 0xD0, 0x93, 0x3B, 0x1A, 0xA1, 0x3D, 0x23, 0xF4, 0xD8, 0x32, 0x42, 0xC9,
    0x36, 0xA0, 0x89, 0x28, 0x23, 0x82, 0x6E, 0x6B, 0x0B, 0x40, 0xCD, 0xAE, 0xA8, 0x0C, 0xB9, 0x32,
    0x2F, 0x95, 0xF9, 0x91, 0x32, 0x7F, 0x1F, 0x4A, 0x61, 0xA2, 0x5A, 0x65, 0x07, 0x94, 0xE9, 0x21,
    0x8D, 0x2A, 0xD5, 0xA8, 0xF8, 0xC5, 0x68, 0x44, 0x14, 0x53, 0x31, 0x1E, 0x6C, 0x75, 0xC8, 0x7F,
    0x2A, 0xF6, 0x98, 0x1A, 0x31, 0x82, 0x36, 0x21, 0xAA, 0x48, 0x99, 0x47, 0xE1, 0x00, 0x90, 0x13,
    0x43, 0x23, 0x67, 0xB6, 0x39, 0x77, 0x1F, 0x73, 0x2B, 0xDF, 0x7A, 0x8C, 0x64, 0xE4, 0xBA, 0x5F,
    0xF1, 0xF4, 0x1D, 0xBF, 0xD5, 0xC0, 0xAC, 0xE2, 0x1A, 0x38, 0x70, 0xDB, 0x7D, 0x60, 0xCF, 0xCF,
    0xB9, 0xE1, 0xB1, 0x72, 0x4E, 0x64, 0x12, 0x04, 0x92, 0xCC, 0x82, 0x29, 0xA5, 0xD1, 0x5A, 0x63,
    0x88, 0x66, 0x0E, 0x81, 0x03, 0x1C, 0x14, 0xA6, 0x26, 0xD9, 0x88, 0xC9, 0xB8, 0x0D, 0x1D, 0xA9,
    0x77, 0xB6, 0x23, 0xB3, 0x58, 0x3A, 0x86, 0x65, 0x4B, 0xD9, 0xA1, 0xC2, 0xC4, 0x9C, 0x7B, 0x35,
    0xC4, 0xE0, 0x88, 0x3B, 0xCC, 0xBA, 0x11, 0x6A, 0x43, 0xA6, 0x1D, 0x6E, 0x74, 0x2A, 0x2B, 0x53,
    0x4E, 0x2D, 0xC7, 0x44, 0xA1, 0x03, 0x35, 0x94, 0xAA, 0x95, 0x82, 0x34, 0xA4, 0x54, 0x20, 0x75,
    0x26, 0x85, 0x51, 0x7F, 0x06, 0x3F, 0x08, 0xE6, 0xDC, 0x50, 0x0C, 0xD5, 0x93, 0xB6, 0xA7, 0x6F,
    0x85, 0x22, 0x42, 0x4D, 0x5C, 0x73, 0xA0, 0x42, 0x2E, 0x72, 0x7A, 0xCE, 0x49, 0x3F, 0x73, 0x4E,
    0xAA, 0x1C, 0xA8, 0x9C, 0x94, 0x3A, 0x3C, 0x04, 0x8B, 0x0A, 0xBF, 0x6C, 0x85, 0xDF, 0x8A, 0x9C,
    0xAC, 0x22, 0x83, 0x62, 0x03, 0x58, 0x90, 0xA3, 0x88, 0xCD, 0xF6, 0x7B, 0x4F, 0x9B, 0x93, 0xA2,
    0xAD, 0x68, 0x26, 0x5A, 0xE8, 0x17, 0x74, 0x3E, 0x92, 0x12, 0x4C, 0x8F, 0x3A, 0x7D, 0xD9, 0x4C,
    0x4C, 0x21, 0x29, 0x1F, 0x45, 0xA3, 0xA1, 0x45, 0x39, 0x28, 0x52, 0xC7, 0x05, 0xAF, 0x29, 0xB7,
    0xC0, 0x6F, 0x5B, 0x01, 0x1E, 0x4E, 0x94, 0xCB, 0xF3, 0x65, 0x53, 0xE7, 0xEB, 0x50, 0xFC, 0xED,
    0xC3, 0x39, 0x1B, 0x9D, 0xCF, 0xFC, 0x49, 0x65, 0x50, 0xE6, 0xE5, 0x96, 0xB9, 0x72, 0xDD, 0x30,
    0xD0, 0x49, 0x2A, 0xE9, 0x89, 0x94, 0x1B, 0xBD, 0x15, 0xC1, 0x42, 0xF0, 0x58, 0x02, 0x82, 0xB7,
    0xAA, 0x91, 0xDA, 0x71, 0x22, 0xD5, 0x6F, 0x1F, 0xD4, 0xC9, 0xA8, 0xAA, 0xAE, 0xFB, 0xD9, 0x2A,
    0xA8, 0x8B, 0xEA, 0x45, 0x8F, 0xA6, 0x43, 0xD0, 0xB5, 0x08, 0x52, 0xA0, 0x55, 0x23, 0x11, 0x4F,
    0xAA, 0xF8, 0x12, 0x14, 0x8A, 0x77, 0xE5, 0x1C, 0x94, 0x97, 0xA0, 0xBE, 0x7C, 0x2A, 0x41, 0xB0,
    0x6F, 0x8B, 0x0D, 0x26, 0x10, 0xCE, 0xC3, 0x6F, 0x7B, 0x82, 0x19, 0xEA, 0x9E, 0x04, 0xDB, 0x14,
    0x4A, 0xCA, 0x6C, 0xD6, 0x8E, 0x65, 0x9F, 0x74, 0x99, 0x12, 0x8E, 0xAD, 0x3D, 0xFD, 0x91, 0x88,
    0x86, 0x2F, 0xEB, 0xB2, 0x46, 0x47, 0xBB, 0xD3, 0xE0, 0xE5, 0x68, 0x8D, 0x5D, 0x4D, 0x72, 0x35,
    0xD2, 0x39, 0x5E, 0xA6, 0xA1, 0xB7, 0xCE, 0x7E, 0xFC, 0xCA, 0xBC, 0x75, 0xF6, 0xE3, 0xAE, 0x35,
    0x99, 0x76, 0x57, 0xB9, 0xD5, 0x45, 0x54, 0x99, 0x57, 0x9B, 0xB5, 0x66, 0xF7, 0xC0, 0x5A, 0xD3,
    0x9E, 0xAD, 0x35, 0x8B, 0x7A, 0x7D, 0x80, 0x56, 0x9A, 0x07, 0x03, 0xFE, 0xA6, 0x64, 0xCC, 0x4F,
    0xB1, 0x30, 0x3B, 0xF3, 0x08, 0xF2, 0xA7, 0x9F, 0x30, 0x57, 0xE1, 0xF8, 0xFC, 0x3D, 0x28, 0x79,
    0x84, 0xF9, 0x4B, 0x2A, 0x7A, 0x08, 0x48, 0x60, 0x6E, 0x02, 0x9E, 0x32, 0x3C, 0x4E, 0xBD, 0x38,
    0xD1, 0xC8, 0x08, 0x9F, 0xCA, 0x8E, 0x27, 0x62, 0x24, 0x7B, 0x93, 0x3A, 0x92, 0x23, 0x4E, 0xFC,
    0x1A, 0x1A, 0x7F, 0xC0, 0x2E, 0x81, 0xE7, 0x38, 0x31, 0xC8, 0xC3, 0x98, 0x29, 0xDE, 0x7B, 0xF2,
    0x54, 0x8F, 0x59, 0xBB, 0x7C, 0x8C, 0x46, 0x92, 0x69, 0x97, 0x8D, 0x49, 0x4F, 0xA3, 0xA4, 0x2E,
    0x9D, 0xF0, 0xCB, 0xB3, 0xEB, 0x74, 0xCE, 0x9B, 0x8C, 0x6E, 0x6A, 0x92, 0xB9, 0x0C, 0xDD, 0xB2,
    0x4D, 0xE6, 0x43, 0x25, 0x0B, 0x6F, 0xD5, 0x53, 0xCD, 0x8A, 0xD2, 0x9B, 0x7B, 0x0C, 0x65, 0xC7,
    0xC4, 0xD2, 0xAB, 0xB7, 0x8E, 0x68, 0x2A, 0x92, 0xB7, 0xD8, 0xB1, 0xD0, 0x79, 0x0B, 0x1D, 0xA5,
    0x71, 0x31, 0x79, 0x73, 0x96, 0x8C, 0x0E, 0x4F, 0xF2, 0x98, 0x13, 0x32, 0xD0, 0x6E, 0x5C, 0xB7,
    0xD1, 0xAE, 0x72, 0xE5, 0xE6, 0x76, 0xD8, 0x86, 0xED, 0x25, 0x7B, 0x2F, 0x81, 0xE6, 0x20, 0x70,
    0x79, 0x04, 0x37, 0x69, 0x74, 0x6B, 0x77, 0xE8, 0xD9, 0xC4, 0x03, 0x2D, 0xD7, 0xEB, 0xE1, 0xEA,
    0x69, 0x31, 0xE8, 0x79, 0xFC, 0x9C, 0x8F, 0x7A, 0xD6, 0x3F, 0x65, 0xB3, 0x7E, 0x4D, 0x89, 0xD3,
    0xC3, 0xCC, 0xC1, 0x5E, 0xB1, 0xF0, 0xA4, 0x3E, 0xC6, 0x62, 0x99, 0xF3, 0xBC, 0xD1, 0x8B, 0x5C,
    0x80, 0xE8, 0xB0, 0x29, 0xA3, 0x9D, 0x4C, 0xD5, 0x97, 0xB4, 0x92, 0x29, 0x87, 0x23, 0xDA, 0xC8,
    0x47, 0xCF, 0x21, 0x2D, 0xE4, 0xE3, 0xFA, 0x26, 0xED, 0xE3, 0x43, 0xEE, 0x14, 0xD6, 0x81, 0xAF,
    0x29, 0x29, 0x44, 0x9F, 0xC2, 0x91, 0xAF, 0x50, 0x52, 0xDD, 0x57, 0xD2, 0x2A, 0xCC, 0x2B, 0xBA,
    0xA9, 0xEC, 0x69, 0x11, 0xEE, 0x13, 0x69, 0x0F, 0x9C, 0x00, 0xAF, 0x9F, 0xA8, 0x95, 0x3B, 0x0C,
    0x22, 0x4E, 0xDA, 0xDE, 0x3B, 0x10, 0xCB, 0xAE, 0xAF, 0xE6, 0x31, 0x2B, 0x37, 0x12, 0xBD, 0x01,
    0xA9, 0x2B, 0x71, 0xF8, 0x4A, 0x28, 0xD1, 0xEA, 0x9E, 0xD1, 0xE3, 0x4B, 0x3E, 0x11, 0x15, 0x23,
    0x11, 0x38, 0x03, 0xF5, 0x1C, 0xC2, 0x15, 0x3F, 0xDD, 0x31, 0xF1, 0xB3, 0x99, 0x28, 0x9F, 0x85,
    0x68, 0x22, 0x2A, 0x46, 0x69, 0x28, 0xAF, 0xA2, 0x8E, 0x43, 0x5A, 0x47, 0x9F, 0x8A, 0xE5, 0xF2,
    0xB5, 0xE8, 0xC2, 0x3F, 0x33, 0x3E, 0xCA, 0x01, 0x14, 0xC4, 0x89, 0xC5, 0xA6, 0xE1, 0xF4, 0x74,
    0xD4, 0xA6, 0xC5, 0x6E, 0xBA, 0xEC, 0x8F, 0x2D, 0x2B, 0x81, 0x1A, 0xE9, 0xB3, 0xD7, 0xE9, 0xE7,
    0x81, 0x7A, 0x94, 0x3D, 0xA6, 0xD1, 0xB3, 0x32, 0xAD, 0x85, 0xEC, 0xD1, 0xA8, 0x71, 0xAD, 0xA8,
    0x6D, 0x88, 0xC4, 0xF2, 0x9E, 0xE0, 0x51, 0x22, 0x36, 0xD6, 0x34, 0x4F, 0xAC, 0xA7, 0x55, 0x70,
    0xF4, 0xC2, 0xB5, 0x5C, 0x46, 0xB2, 0x5D, 0x2C, 0x14, 0x3E, 0xB6, 0x4F, 0xD6, 0xA3, 0xB9, 0x4D,
    0x8F, 0xD6, 0xAD, 0x3D, 0x1A, 0xD4, 0x73, 0xE6, 0x97, 0xCE, 0x63, 0xE5, 0xA3, 0x3C, 0x56, 0x6F,
    0x3D, 0x56, 0x6F, 0x2B, 0x72, 0xBF, 0x22, 0x3E, 0xBC, 0x9A, 0x90, 0xBD, 0x1E, 0x57, 0xFD, 0x9F,
    0x35, 0x6A, 0x21, 0xB5, 0x17, 0x7A, 0xBC, 0xED, 0x46, 0x98, 0x9B, 0x2A, 0xB7, 0xD9, 0x08, 0x8F,
    0xEA, 0xF0, 0xE9, 0xE2, 0x8D, 0x70, 0x76, 0x9E, 0xC3, 0x51, 0x1B, 0x05, 0x55, 0x02, 0x0E, 0x2F,
    0x66, 0x6D, 0xCA, 0xEF, 0x10, 0xED, 0x58, 0xFA, 0xF5, 0x74, 0x68, 0x8A, 0x44, 0x1D, 0xCE, 0x2E,
    0x70, 0xC4, 0x74, 0x3C, 0xB5, 0x0E, 0x32, 0x74, 0x90, 0x01, 0x3A, 0x81, 0x84, 0x4E, 0xFC, 0xEE,
    0x5B, 0xA3, 0x6D, 0xE6, 0x19, 0x57, 0xBA, 0xD0, 0xE1, 0xB1, 0xF4, 0x74, 0xF8, 0x75, 0x55, 0x9F,
    0x8A, 0x85, 0xAD, 0x64, 0x0F, 0xFB, 0x95, 0x23, 0x98, 0xA8, 0x65, 0x93, 0xD9, 0x6B, 0x04, 0x58,
    0xA1, 0x32, 0x01, 0xD2, 0x8A, 0xAB, 0xF5, 0x68, 0x3C, 0x16, 0x37, 0xB6, 0xD6, 0x5C, 0x9E, 0x69,
    0x48, 0xD1, 0x7E, 0x51, 0xBA, 0xF5, 0x52, 0x3D, 0xD3, 0xCE, 0xBC, 0xC1, 0x75, 0x16, 0x3A, 0xFF,
    0x0A, 0x5D, 0x7A, 0x44, 0xD8, 0xAE, 0x10, 0xDA, 0x45, 0xCC, 0x4A, 0x88, 0xC0, 0x4E, 0x3C, 0x93,
    0x77, 0x61, 0xEF, 0x76, 0x3D, 0xE8, 0xCD, 0x05, 0x1F, 0x57, 0x28, 0x2A, 0x7F, 0xF2, 0x7B, 0xBB,
    0xE3, 0xDA, 0x55, 0xD6, 0x3F, 0x51, 0xB8, 0x43, 0x9E, 0x10, 0x37, 0x37, 0xA1, 0x4B, 0x6E, 0xEF,
    0xC2, 0x60, 0xB9, 0x79, 0x13, 0x3A, 0xFD, 0xEA, 0x13, 0x35, 0x67, 0xED, 0xFF, 0x5A, 0x73, 0x56,
    0xF1, 0x62, 0x19, 0xCE, 0x6E, 0x14, 0xD5, 0x82, 0xF8, 0x15, 0xD7, 0x6A, 0xDB, 0xEC, 0x12, 0x51,
    0xB7, 0x46, 0xF4, 0xB9, 0x53, 0x96, 0xB9, 0x55, 0x9E, 0x45, 0x60, 0x5A, 0x06, 0x76, 0x47, 0x01,
    0x1F, 0x06, 0xBE, 0xB7, 0x02, 0xE3, 0x9B, 0x81, 0xF3, 0x69, 0x60, 0x3D, 0x05, 0xC5, 0x47, 0xED,
    0x0C, 0x23, 0xAD, 0x53, 0xF0, 0xAF, 0x76, 0xF5, 0x1A, 0x3B, 0x5C, 0x77, 0x6A, 0xE0, 0x4E, 0xAD,
    0x90, 0x3A, 0x35, 0x43, 0xE6, 0x68, 0x07, 0xAE, 0x39, 0x2A, 0x0E, 0x31, 0xC4, 0x21, 0x3E, 0xA2,
    0xD5, 0xC0, 0x8E, 0xF3, 0xE9, 0xF1, 0xF0, 0x7D, 0x0D, 0xB7, 0x6C, 0x6D, 0xB5, 0xA9, 0x3D, 0xFD,
    0xA8, 0xEA, 0x23, 0xBD, 0x9A, 0xDA, 0xE3, 0xCC, 0xE3, 0x54, 0x1A, 0x2E, 0x30, 0x31, 0x27, 0x76,
    0x8A, 0x4B, 0x4B, 0xFD, 0x75, 0x39, 0xA2, 0x3E, 0x8A, 0x75, 0x17, 0x03, 0xF9, 0x89, 0xD3, 0x9E,
    0x02, 0xC0, 0x5C, 0xC4, 0x85, 0xA5, 0x37, 0xF1, 0x18, 0xF1, 0xFB, 0xC1, 0xC9, 0x93, 0xE2, 0x78,
    0x20, 0xEE, 0xA0, 0x2E, 0x0C, 0x91, 0x39, 0xE2, 0x1E, 0x8F, 0xC1, 0x40, 0x95, 0x51, 0x7C, 0x2B,
    0xF8, 0x6E, 0x56, 0xFC, 0xEF, 0xA3, 0xE2, 0x4F, 0x7B, 0xC5, 0x9F, 0x3B, 0xB3, 0xE6, 0x00, 0x8F,
    0x88, 0x15, 0xEF, 0x88, 0xE8, 0x18, 0xE2, 0x91, 0x88, 0xAD, 0xC3, 0x15, 0xB4, 0xD4, 0x0B, 0x54,
    0xE7, 0x97, 0x25, 0xB2, 0xD0, 0xDB, 0x30, 0x79, 0xEB, 0xA8, 0x28, 0x5B, 0x0D, 0xEA, 0x18, 0x81,
    0xBC, 0x45, 0x32, 0x01, 0x39, 0x93, 0x4C, 0x3D, 0x19, 0x8D, 0x5A, 0x51, 0x5A, 0x07, 0xC7, 0x81,
    0x2C, 0xD0, 0xCF, 0x76, 0x24, 0x8F, 0xB0, 0xF0, 0x38, 0x5A, 0xE1, 0xA6, 0x27, 0x0B, 0x4B, 0xF2,
    0x2E, 0x0E, 0x5D, 0x0D, 0xC9, 0xA1, 0xEC, 0x31, 0xAD, 0x67, 0x1A, 0xF7, 0x9E, 0x9C, 0x49, 0x26,
    0xAE, 0xE8, 0xA3, 0x91, 0x64, 0xD6, 0x14, 0x43, 0x32, 0xD0, 0x4E, 0xB9, 0x2D, 0x86, 0xB4, 0x23,
    0x89, 0x8E, 0x2A, 0x77, 0x24, 0xD1, 0x51, 0x15, 0x96, 0xE4, 0xA9, 0x27, 0x2B, 0xB5, 0xE5, 0xE8,
    0xC9, 0x5B, 0x24, 0x7F, 0x38, 0xEC, 0x4D, 0x56, 0x7E, 0xD8, 0xC1, 0x6A, 0x24, 0x7F, 0xE4, 0x4C,
    0xF6, 0x1F, 0x03, 0xC9, 0x8F, 0xAC, 0xC9, 0x3E, 0xEF, 0x68, 0x62, 0x81, 0xF9, 0x1C, 0x49, 0xEE,
    0x9B, 0x2D, 0xC9, 0x19, 0x64, 0x48, 0x1F, 0xB5, 0x27, 0xDD, 0x70, 0x66, 0xD2, 0x08, 0xCB, 0x2F,
    0x8E, 0xBF, 0x62, 0x7D, 0xFF, 0xCD, 0xE9, 0x4C, 0xFA, 0x2D, 0x82, 0x30, 0x7A, 0x74, 0x13, 0x57,
    0x85, 0x8A, 0xC3, 0x00, 0x80, 0x71, 0xE3, 0x31, 0x24, 0x7A, 0xBA, 0x5F, 0x16, 0x74, 0x37, 0xA2,
    0x2D, 0x12, 0x99, 0x8F, 0x93, 0x12, 0xB9, 0x50, 0x5A, 0x9A, 0x7C, 0x7B, 0xE4, 0x6B, 0xE2, 0x95,
    0xB0, 0xC4, 0xAA, 0x04, 0x1F, 0x6F, 0x03, 0x71, 0x2B, 0x2C, 0x35, 0xD1, 0xC4, 0x7A, 0xC9, 0x76,
    0x36, 0xC4, 0x4F, 0x93, 0xCF, 0xCA, 0x7C, 0xAF, 0xDA, 0xCC, 0xA5, 0x96, 0x69, 0xA8, 0x53, 0xE7,
    0xF4, 0x25, 0x4D, 0xCC, 0x90, 0x20, 0xE0, 0x21, 0x4B, 0x29, 0xDA, 0x79, 0x7A, 0xC0, 0xAE, 0xDE,
    0x78, 0x80, 0x1A, 0x3F, 0xB5, 0xB2, 0x20, 0xC3, 0x32, 0xA1, 0xC2, 0x9C, 0x6F, 0xC7, 0xD9, 0xF0,
    0xA6, 0x9A, 0x80, 0x3D, 0x1B, 0x8B, 0x8C, 0xA1, 0x66, 0x0A, 0x9D, 0xFB, 0x50, 0x8B, 0xFA, 0x44,
    0x03, 0xC4, 0x03, 0xAD, 0x9C, 0xEA, 0xA2, 0x9C, 0x5B, 0xD6, 0x32, 0x58, 0x85, 0xAD, 0x33, 0xAB,
    0xDE, 0xB0, 0x36, 0x12, 0x9C, 0x6D, 0x53, 0x18, 0x89, 0x96, 0xC7, 0xDE, 0x39, 0x2B, 0x2A, 0x79,
    0xB1, 0xE0, 0xD2, 0xCD, 0x8A, 0xC8, 0x91, 0xBA, 0x5B, 0xC9, 0x14, 0xE5, 0xF7, 0x8F, 0x8F, 0xEB,
    0x89, 0x41, 0x5D, 0xF7, 0x08, 0x68, 0x18, 0xA3, 0xA4, 0x3B, 0xA0, 0x40, 0xBE, 0xC3, 0x09, 0xAD,
    0x3A, 0x9F, 0x23, 0xD4, 0xD3, 0xAB, 0xC3, 0x38, 0xC2, 0x3C, 0x7A, 0xC4, 0xFC, 0xF0, 0x88, 0xE8,
    0xA2, 0x11, 0x57, 0x74, 0x44, 0xA1, 0x07, 0x95, 0x2F, 0xEA, 0x88, 0x43, 0x1D, 0x71, 0xCA, 0x11,
    0xBA, 0xE1, 0x0A, 0xEF, 0x3F, 0xA8, 0x6A, 0x27, 0x27, 0x28, 0x9D, 0xF4, 0x22, 0xCF, 0x16, 0x37,
    0xE7, 0x18, 0x04, 0xBA, 0x8F, 0x19, 0xE9, 0x83, 0x8B, 0xDE, 0x22, 0x71, 0x7B, 0x50, 0x37, 0x17,
    0x9C, 0x92, 0x70, 0x0F, 0xF5, 0xC0, 0xC4, 0x17, 0xCE, 0xDE, 0xAF, 0xA7, 0x24, 0xDB, 0xD9, 0xEF,
    0xBF, 0xE2, 0x67, 0x47, 0xB8, 0xE1, 0x88, 0xD0, 0x5B, 0xF7, 0x9A, 0xFF, 0x39, 0x3C, 0xFB, 0x39,
    0xD2, 0x1F, 0xAF, 0x7A, 0x19, 0x7E, 0x8A, 0xB3, 0x9F, 0xDC, 0xE4, 0xF6, 0xEC, 0xA7, 0xD9, 0xFF,
    0x64, 0x4D, 0xE6, 0xF0, 0x63, 0x82, 0x25, 0x98, 0xB3, 0x1E, 0x3E, 0xA9, 0x16, 0xD9, 0x13, 0x69,
    0xC1, 0xD9, 0xB7, 0x13, 0x5F, 0x3E, 0xFB, 0x7A, 0x88, 0x84, 0xBC, 0x7D, 0x0D, 0x46, 0x60, 0xC7,
    0x4C, 0x4B, 0x18, 0xF3, 0x12, 0x00, 0xB3, 0x01, 0x13, 0xA8, 0x1F, 0x3F, 0xC1, 0x0A, 0xF9, 0x03,
    0xCF, 0x32, 0x7F, 0x19, 0x4B, 0x37, 0x32, 0xED, 0x28, 0x1A, 0xB0, 0x08, 0x4F, 0x58, 0xA9, 0x4E,
    0x51, 0xB0, 0x8F, 0x90, 0xDC, 0x25, 0x8A, 0xB4, 0xB7, 0x87, 0x33, 0x19, 0xDE, 0x58, 0x4C, 0x7A,
    0x44, 0x31, 0x0A, 0x4F, 0x34, 0x62, 0xCA, 0xF9, 0xF9, 0x13, 0xFF, 0xD1, 0xD0, 0x61, 0xE4, 0x2C,
    0x46, 0x6C, 0xED, 0x8A, 0x2E, 0x43, 0x41, 0x9E, 0x10, 0xE5, 0x07, 0xDF, 0x35, 0x16, 0xAE, 0xF9,
    0xA9, 0xF3, 0xE1, 0x73, 0x20, 0x8E, 0x7B, 0x8F, 0x06, 0xFA, 0xB6, 0x16, 0x1A, 0x8A, 0x6E, 0x20,
    0xA8, 0x94, 0x78, 0x85, 0xA0, 0x6C, 0x3E, 0x40, 0xDB, 0x42, 0x3B, 0xBB, 0x1E, 0x90, 0xE7, 0xF4,
    0xEC, 0x54, 0x27, 0xC0, 0x7C, 0x04, 0x2C, 0x07, 0xC0, 0x8A, 0xF0, 0x13, 0x0F, 0xBB, 0xF8, 0x07,
    0x83, 0x1F, 0x9F, 0x7D, 0x7D, 0x30, 0xC5, 0x74, 0x3B, 0x1F, 0x6F, 0x64, 0x32, 0xE5, 0x32, 0xC6,
    0xD2, 0xA1, 0x4C, 0x3F, 0x8D, 0xEF, 0x8D, 0xE3, 0x93, 0xBF, 0x65, 0x86, 0x68, 0xB1, 0x9F, 0x1E,
    0x7C, 0xF5, 0xE2, 0x9C, 0x97, 0x8F, 0x14, 0xBA, 0xE7, 0x7D, 0x0E, 0xD4, 0xDF, 0xE7, 0x8E, 0xF9,
    0x3B, 0x68, 0x78, 0xDB, 0x3F, 0x4A, 0x20, 0xFC, 0x0D, 0xC4, 0xC1, 0xD2, 0x7B, 0x88, 0xE4, 0x6B,
    0x9B, 0x58, 0xAC, 0x87, 0xFE, 0x16, 0xE0, 0x0E, 0x90, 0x7A, 0xD9, 0x74, 0xA2, 0x76, 0x23, 0xFC,
    0x09, 0xED, 0xA8, 0x63, 0x42, 0x1D, 0xD3, 0x19, 0x0C, 0x73, 0xEE, 0xEF, 0x0B, 0xD5, 0xC8, 0x05,
    0xF3, 0xD4, 0x1D, 0xE7, 0xF8, 0xE2, 0xBA, 0x17, 0xEB, 0xEF, 0x5B, 0x46, 0xDC, 0x15, 0xFD, 0x52,
    0xF9, 0xE0, 0xC4, 0x68, 0xBC, 0xA7, 0xBB, 0x37, 0x60, 0x23, 0xE4, 0x2F, 0x18, 0x7A, 0x6B, 0xCE,
    0x1E, 0x45, 0x43, 0x3A, 0x6F, 0x23, 0x03, 0xA0, 0xDA, 0x84, 0xDC, 0x43, 0xA0, 0xD3, 0x71, 0x09,
    0xCF, 0x94, 0x4D, 0xBA, 0xFC, 0xEE, 0x07, 0x58, 0xAD, 0x26, 0x1C, 0x86, 0x77, 0x61, 0x73, 0xE1,
    0x11, 0x0D, 0x18, 0xAB, 0x01, 0x0B, 0xC2, 0x6C, 0x22, 0xDC, 0x98, 0x91, 0xB0, 0x57, 0x63, 0x22,
    0x06, 0x60, 0xCC, 0x56, 0xE4, 0xFF, 0x45, 0x0C, 0x40, 0x1E, 0x5A, 0xCF, 0xCF, 0x77, 0xDF, 0x9B,
    0xB6, 0xEC, 0xF2, 0xC9, 0xD4, 0x36, 0x9B, 0xC8, 0x3B, 0xD9, 0x79, 0x80, 0xAE, 0x7C, 0x80, 0x4B,
    0xFA, 0x1C, 0x3B, 0xE5, 0x72, 0x48, 0x17, 0xBC, 0x02, 0xE1, 0x39, 0x62, 0x5B, 0x5B, 0xFD, 0x8B,
    0x7D, 0x0C, 0xEB, 0x2D, 0x0F, 0x59, 0x6F, 0xFD, 0x14, 0xBA, 0x0A, 0x8B, 0xF4, 0x4C, 0x67, 0xDA,
    0x2B, 0x1B, 0xD2, 0x81, 0x56, 0x4B, 0xE8, 0xB0, 0x2E, 0xB6, 0xFB, 0xB9, 0x57, 0x14, 0xDA, 0xFC,
    0xB7, 0x70, 0xEB, 0x3A, 0xCC, 0x49, 0xAB, 0xF2, 0xAA, 0xE8, 0xCC, 0x0B, 0x61, 0x14, 0xF6, 0x87,
    0xF3, 0x79, 0xDD, 0x3E, 0xDD, 0x45, 0x7F, 0x91, 0xEB, 0xE6, 0x28, 0xB6, 0xBF, 0xF8, 0x28, 0x76,
    0x7B, 0x22, 0x5B, 0x5B, 0xA2, 0x96, 0x70, 0xCF, 0x7C, 0xBB, 0xA2, 0x9E, 0xBB, 0xD5, 0x58, 0x37,
    0x17, 0x2B, 0x83, 0xB6, 0x21, 0x5C, 0x0C, 0x51, 0xBF, 0x79, 0xD1, 0xE3, 0x2C, 0xC0, 0x9E, 0x7B,
    0xA7, 0x9A, 0x0D, 0x4C, 0xFA, 0x81, 0x47, 0xC5, 0xBD, 0xBA, 0xFF, 0x1E, 0x84, 0xA0, 0xC0, 0x0B,
    0xB5, 0x88, 0x67, 0xA2, 0x04, 0x08, 0x8C, 0xC8, 0x24, 0xF3, 0xA8, 0xA7, 0x96, 0x45, 0xF8, 0xCE,
    0xC4, 0xD1, 0x02, 0x2D, 0x57, 0x33, 0x15, 0x31, 0x2C, 0xE1, 0xD5, 0x62, 0x21, 0x75, 0x10, 0xD0,
    0x11, 0x15, 0x36, 0xC8, 0xA9, 0x48, 0xBE, 0xB0, 0xB8, 0x47, 0xB7, 0xF2, 0x88, 0x03, 0xF2, 0x9E,
    0x08, 0xDF, 0xAC, 0xE2, 0xEA, 0x5B, 0x38, 0xDA, 0xA9, 0xB2, 0x44, 0xB5, 0x59, 0x91, 0x25, 0x6A,
    0xE1, 0x43, 0x7A, 0xA7, 0x18, 0xCD, 0x1B, 0x23, 0x27, 0xA1, 0xFB, 0xAE, 0xEB, 0x57, 0xBE, 0x0F,
    0x27, 0x57, 0xAA, 0xF0, 0xD1, 0x29, 0xD6, 0x1D, 0xBC, 0xE3, 0xA5, 0x73, 0xB0, 0x60, 0xF5, 0x7D,
    0xB6, 0x5A, 0xDF, 0x71, 0x38, 0x0F, 0xFC, 0x7D, 0x78, 0xAB, 0xBE, 0x01, 0xD8, 0x0E, 0x80, 0xFA,
    0x9E, 0x0E, 0x5F, 0xF1, 0x8D, 0xB6, 0x79, 0xC7, 0x57, 0xDF, 0xE1, 0xB3, 0x64, 0x02, 0x91, 0x8E,
    0x34, 0xA4, 0x87, 0x13, 0x58, 0xA5, 0x84, 0x34, 0x26, 0x60, 0xD1, 0x01, 0x96, 0xCE, 0x57, 0x9F,
    0x6F, 0xF1, 0x9B, 0xEC, 0xC9, 0x43, 0x6D, 0xB2, 0x90, 0x62, 0x07, 0x0D, 0x32, 0x16, 0x39, 0xD9,
    0xC3, 0x74, 0xE1, 0xA5, 0x0E, 0xDE, 0x3C, 0xC6, 0x89, 0xED, 0x55, 0xE1, 0x51, 0xC2, 0xA2, 0xEF,
    0xD9, 0x83, 0x11, 0x38, 0x4E, 0x9C, 0x7F, 0xE0, 0xBF, 0xDE, 0xB3, 0x58, 0x5F, 0x5E, 0x0B, 0xFF,
    0xFE, 0x75, 0x28, 0xA5, 0xCB, 0x17, 0xBE, 0xB2, 0x46, 0x26, 0xFB, 0x45, 0x74, 0x50, 0xA0, 0x7E,
    0x5A, 0xD9, 0x6D, 0xD8, 0xFA, 0x11, 0xC8, 0xB9, 0xAB, 0x9B, 0x35, 0x95, 0x9E, 0x80, 0x08, 0xE7,
    0x77, 0x35, 0x19, 0xF3, 0x91, 0x00, 0x7C, 0x8A, 0x73, 0xBA, 0x1A, 0x66, 0x24, 0x73, 0xA1, 0xBD,
    0xBC, 0x1F, 0x58, 0xAB, 0x71, 0xA7, 0x51, 0xAF, 0x31, 0xDF, 0xF6, 0xFF, 0x13, 0xD7, 0x47, 0xC7,
    0xC7, 0x7E, 0xBE, 0x54, 0x04, 0xBB, 0x44, 0xB9, 0xEF, 0x21, 0xFC, 0x5B, 0x37, 0xD1, 0x0C, 0xC1,
    0xD2, 0x1E, 0x41, 0x57, 0x70, 0x13, 0x7C, 0x1B, 0xA9, 0x12, 0x8F, 0xD0, 0x3A, 0xEB, 0xA0, 0xB6,
    0x7E, 0x3B, 0x26, 0x48, 0x1A, 0x91, 0x11, 0xF0, 0xE5, 0x19, 0x0C, 0x21, 0x6D, 0x36, 0xC6, 0x0B,
    0x59, 0x09, 0x61, 0xDB, 0x80, 0x61, 0xBD, 0x7F, 0x6D, 0xAE, 0xF4, 0x04, 0x73, 0x29, 0x93, 0x86,
    0xAE, 0xD7, 0xF3, 0x27, 0xF3, 0xDC, 0xC9, 0x9D, 0x52, 0x1C, 0xFE, 0xAC, 0x1D, 0xA3, 0x2E, 0x94,
    0x77, 0xB3, 0xA8, 0xBB, 0x57, 0x5F, 0xA7, 0x23, 0xCC, 0x4B, 0x77, 0xC3, 0xB0, 0xAB, 0xAF, 0x9B,
    0xF0, 0x5C, 0xCB, 0xE7, 0xC2, 0xBF, 0x3F, 0x73, 0xB5, 0xD8, 0x6A, 0xC2, 0x66, 0xF4, 0xCA, 0xB1,
    0xF5, 0xD1, 0xEE, 0xFF, 0x15, 0xE2, 0xEA, 0x05, 0xE1, 0xF4, 0x8C, 0xF8, 0x98, 0x8F, 0x90, 0x47,
    0xED, 0x3F, 0x39, 0xF9, 0xD3, 0x0E, 0xAC, 0xFF, 0xCA, 0xD4, 0x7F, 0xCE, 0xF5, 0xE5, 0xAE, 0xA9,
    0xFF, 0x0E, 0x04, 0xE2, 0x7F, 0x00, 0x01, 0xD9, 0xBA, 0x60, 0xA5, 0x16, 0x42, 0x22, 0x1A, 0x40,
    0x5B, 0xE6, 0xC2, 0x9A, 0x0E, 0x24, 0xE8, 0xC3, 0x85, 0x49, 0xC1, 0x8B, 0xE9, 0xA8, 0x17, 0x35,
    0x35, 0x40, 0x33, 0x3B, 0x94, 0xE0, 0xC5, 0x99, 0x39, 0x32, 0x80, 0x28, 0xBA, 0xFD, 0xE9, 0x94,
    0x23, 0xB1, 0xFB, 0x8D, 0x0A, 0x04, 0xBC, 0x0C, 0x02, 0x7D, 0x5A, 0xBF, 0x8F, 0x50, 0xD5, 0x4B,
    0x95, 0x52, 0x8D, 0x0C, 0xD5, 0x69, 0xA8, 0x4B, 0x43, 0x45, 0xFE, 0x6F, 0xB3, 0x58, 0x57, 0x49,
    0x5D, 0xA3, 0xB2, 0xE5, 0x0D, 0x7E, 0xA5, 0x1F, 0x43, 0x2A, 0xB0, 0x86, 0x7D, 0x6A, 0xF6, 0x36,
    0xB5, 0xCB, 0x26, 0xEE, 0xBC, 0x47, 0xC0, 0x62, 0xC0, 0x95, 0x92, 0xB0, 0xEA, 0x09, 0x79, 0x30,
    0xC3, 0x5D, 0xA1, 0x25, 0xE4, 0x29, 0xDD, 0x02, 0x98, 0xE8, 0x3B, 0x92, 0x7C, 0x71, 0x88, 0x91,
    0x80, 0x3F, 0xF5, 0xE8, 0x30, 0x96, 0x4F, 0xB8, 0xCD, 0xA7, 0x34, 0xBA, 0x78, 0x1E, 0xBF, 0x1A,
    0x9D, 0x78, 0xF1, 0xE6, 0xDC, 0x5F, 0xBB, 0x3E, 0x57, 0x32, 0xF8, 0xA1, 0x23, 0xDE, 0xBC, 0xFE,
    0xCF, 0x2E, 0xF3, 0x4A, 0xFE, 0x97, 0x85, 0xAA, 0xD4, 0x3F, 0x9F, 0x09, 0xA9, 0xFC, 0xA3, 0x1A,
    0x08, 0x1A, 0x93, 0x2F, 0xF7, 0x22, 0xFE, 0x84, 0x29, 0x4D, 0x05, 0xB5, 0x3A, 0x05, 0x63, 0x0A,
    0xE7, 0x90, 0x7F, 0x93, 0x26, 0x9C, 0x75, 0xA6, 0xD3, 0xD3, 0x76, 0x9F, 0x91, 0xD9, 0x26, 0x23,
    0x1F, 0x6A, 0x1E, 0x07, 0x42, 0x69, 0xF6, 0x90, 0x56, 0x8D, 0xDD, 0xBE, 0x17, 0x5A, 0xCE, 0xEB,
    0x85, 0xEC, 0x13, 0xF4, 0x42, 0xDD, 0xC5, 0xBD, 0x50, 0x8F, 0x5E, 0xE8, 0xA3, 0x1E, 0xBD, 0xD0,
    0x1B, 0x1D, 0x7A, 0xA1, 0xD2, 0xEB, 0x4D, 0x17, 0xC7, 0xD2, 0x55, 0x0D, 0x5C, 0x5C, 0xDB, 0x75,
    0x09, 0x17, 0x85, 0x84, 0xCB, 0xDA, 0x42, 0xC4, 0x84, 0xC9, 0x42, 0x28, 0x23, 0x97, 0xBD, 0x11,
    0xF5, 0xF4, 0xB9, 0xA6, 0x92, 0x6F, 0xCB, 0x70, 0x55, 0x5E, 0xC6, 0x9E, 0xF1, 0xEB, 0x2F, 0x4F,
    0xA6, 0x7E, 0x21, 0x19, 0x4D, 0xFB, 0x52, 0xD2, 0x6B, 0x41, 0x13, 0x07, 0xD0, 0xB0, 0xDA, 0x3E,
    0xFE, 0xF6, 0x51, 0x0B, 0x2D, 0x7B, 0xA9, 0x6D, 0x7F, 0x65, 0x22, 0xBC, 0x08, 0x52, 0x60, 0xC9,
    0x6D, 0xFF, 0x42, 0x50, 0xDD, 0xF8, 0xDF, 0x2F, 0x0A, 0xE7, 0x99, 0xF2, 0xDD, 0xBD, 0x5F, 0x83,
    0x41, 0x54, 0x54, 0x68, 0x08, 0xE6, 0x60, 0x57, 0x42, 0x8E, 0x54, 0x8F, 0x2D, 0xB9, 0x63, 0x9A,
    0x55, 0xAB, 0xAF, 0x41, 0x4D, 0x4F, 0xEF, 0x14, 0x2C, 0x58, 0x05, 0x5A, 0x9B, 0x0E, 0xBE, 0xCD,
    0x6B, 0xBD, 0x55, 0x65, 0x41, 0x12, 0xD0, 0x3E, 0x56, 0x0F, 0x17, 0x53, 0xA7, 0x5D, 0x41, 0x89,
    0x5A, 0xFA, 0x96, 0x2D, 0xC5, 0x5B, 0x11, 0x4E, 0x14, 0x16, 0x7B, 0x98, 0x8B, 0x0B, 0x49, 0xC2,
    0x5F, 0x2A, 0x47, 0xDD, 0xA0, 0x15, 0x7F, 0x7B, 0x0D, 0x8D, 0xF2, 0x9C, 0xFF, 0x29, 0x55, 0x8E,
    0xDF, 0xF2, 0x9A, 0xCD, 0xFA, 0x5D, 0xFE, 0xAB, 0x58, 0xAE, 0xC0, 0xBB, 0xE6, 0x6B, 0x62, 0x57,
    0x05, 0x89, 0xA6, 0x79, 0xC7, 0xA2, 0x04, 0xE1, 0x01, 0x91, 0xEC, 0x9B, 0x94, 0xD7, 0x2A, 0xA4,
    0x25, 0x68, 0x9B, 0xEC, 0x20, 0x0A, 0x6C, 0x2E, 0xC0, 0x5D, 0xC3, 0xA3, 0xED, 0x3D, 0x8C, 0x3E,
    0x02, 0x4C, 0xDE, 0x00, 0xFC, 0x72, 0xE1, 0xE1, 0x67, 0xA7, 0xC5, 0x67, 0xDF, 0x2B, 0x64, 0xC8,
    0xA5, 0xCF, 0x70, 0xBC, 0x69, 0x21, 0xCD, 0x2B, 0x7C, 0x77, 0xE4, 0x4B, 0xA6, 0x02, 0x5F, 0x7B,
    0x75, 0xE1, 0xEB, 0x6A, 0x84, 0x6B, 0xCA, 0x14, 0x0E, 0x61, 0x94, 0x33, 0x86, 0x73, 0x56, 0x70,
    0x7D, 0x0F, 0xB3, 0xE4, 0x80, 0x23, 0xC2, 0x9B, 0x84, 0x13, 0x4C, 0x10, 0x0D, 0x70, 0x32, 0xAC,
    0x5A, 0xF4, 0x59, 0x03, 0xE3, 0x14, 0x0C, 0x80, 0x43, 0x42, 0x86, 0xC5, 0xA7, 0x03, 0xA0, 0x38,
    0x46, 0xDC, 0xDA, 0x40, 0x46, 0xEB, 0xBB, 0x2C, 0xE6, 0x2B, 0x14, 0xA9, 0x42, 0xD6, 0x5C, 0xE5,
    0x56, 0x6B, 0x6F, 0x9C, 0xC6, 0x5F, 0x8C, 0x70, 0x94, 0x04, 0x01, 0x3C, 0x91, 0x88, 0x53, 0x22,
    0x6D, 0x03, 0x91, 0xEB, 0x49, 0xD2, 0x62, 0xBE, 0x0C, 0xC1, 0x40, 0x5C, 0xF3, 0xC4, 0x5D, 0x10,
    0x37, 0x7C, 0xE0, 0x0D, 0x20, 0x86, 0xD2, 0xC5, 0xBD, 0x27, 0xA2, 0xBE, 0x74, 0x70, 0xFE, 0x92,
    0xB8, 0xD2, 0xE5, 0xD6, 0x13, 0x69, 0x53, 0x3A, 0x08, 0xBC, 0xE4, 0x3E, 0x4A, 0xAF, 0x81, 0x78,
    0xD1, 0x5B, 0x60, 0x04, 0x71, 0xCD, 0x14, 0x3F, 0x1C, 0x40, 0xDC, 0x35, 0xC5, 0x8F, 0x98, 0x01,
    0xDE, 0xF4, 0x1F, 0x59, 0x10, 0xBD, 0x29, 0x98, 0x46, 0x48, 0x79, 0xEA, 0xA2, 0xEF, 0x1A, 0x6A,
    0x84, 0x3D, 0x65, 0xF4, 0x2B, 0x3B, 0x1E, 0x35, 0x57, 0x33, 0x74, 0xC6, 0xA8, 0xFC, 0x33, 0x46,
    0x74, 0xA9, 0x69, 0x74, 0x5B, 0x9F, 0xE2, 0xC3, 0xF5, 0x9F, 0x68, 0x6D, 0xF9, 0xC7, 0x4E, 0x0F,
    0x28, 0x1B, 0xA0, 0x5C, 0x0C, 0xD1, 0xF6, 0xF4, 0x4A, 0x91, 0x32, 0x37, 0xB7, 0x84, 0x68, 0x62,
    0xBB, 0x92, 0x0C, 0xB5, 0x5B, 0xDF, 0xEC, 0x2C, 0x1B, 0xB6, 0x53, 0x35, 0xE3, 0x35, 0x9E, 0xF5,
    0x5B, 0xC0, 0xD1, 0x8B, 0xC2, 0x75, 0x27, 0xA1, 0x2F, 0x8E, 0xAD, 0x89, 0xDE, 0xF6, 0x74, 0x8F,
    0xD9, 0xA3, 0x76, 0x40, 0xC5, 0xD5, 0x17, 0xE3, 0xB5, 0x4D, 0x5F, 0xC0, 0x96, 0x28, 0x61, 0x5E,
    0x31, 0xE7, 0xD1, 0xB7, 0x2F, 0x40, 0x7C, 0xA3, 0x72, 0xA4, 0x12, 0xC9, 0xC0, 0x16, 0x28, 0x21,
    0x47, 0x97, 0x69, 0x9E, 0xE7, 0x0D, 0x4B, 0x67, 0xA9, 0x75, 0xF4, 0x48, 0x4B, 0xEB, 0xA9, 0x22,
    0x2D, 0xB7, 0x9F, 0x63, 0x3C, 0x65, 0x21, 0xB2, 0xEB, 0xD9, 0x26, 0x5F, 0x3A, 0x5B, 0x1B, 0xF8,
    0x74, 0x58, 0xFB, 0x78, 0x06, 0xC9, 0xBA, 0x31, 0xC9, 0xA6, 0xF5, 0xCC, 0xEC, 0x37, 0x5F, 0x17,
    0xBB, 0x1E, 0xF4, 0x5F, 0x5F, 0x38, 0xCE, 0xAF, 0xC5, 0xC7, 0xDE, 0x0D, 0x39, 0x7B, 0xF3, 0xC2,
    0x43, 0x9C, 0xEA, 0x43, 0x91, 0x43, 0x3E, 0x7B, 0x83, 0x6E, 0x7B, 0x93, 0xA9, 0x4B, 0x2F, 0xC2,
    0x47, 0xAB, 0xA5, 0xE9, 0xD3, 0xF5, 0x26, 0x74, 0x5F, 0xBD, 0x91, 0xEB, 0xCD, 0xCE, 0xBC, 0xC0,
    0x80, 0xBD, 0x46, 0xE1, 0xEF, 0xF2, 0xE6, 0x88, 0x63, 0xC3, 0xD7, 0x87, 0xF0, 0xA2, 0x6C, 0xE5,
    0x21, 0x75, 0xFD, 0xE6, 0xDB, 0xA1, 0x7E, 0x15, 0xF7, 0xCF, 0xB6, 0xF0, 0xEE, 0xC9, 0x0F, 0xA1,
    0xC8, 0x9A, 0x9C, 0xCD, 0x01, 0x9E, 0xAA, 0xEF, 0xC1, 0x04, 0x53, 0xE8, 0x86, 0xC3, 0x74, 0x35,
    0xC1, 0x7A, 0x08, 0x65, 0x1F, 0xEB, 0x10, 0x8A, 0x80, 0x7F, 0xC6, 0xF2, 0x97, 0x78, 0x16, 0xB3,
    0xA2, 0x49, 0xFF, 0xC6, 0xE9, 0xE3, 0x7E, 0x8C, 0x79, 0xFE, 0xEC, 0x7F, 0x46, 0xA9, 0x3B, 0xD5,
    0x2D, 0xF6, 0x09, 0x45, 0xA1, 0xA2, 0xE9, 0xC4, 0x6B, 0x9B, 0xB7, 0xF6, 0xF1, 0x7E, 0xAD, 0xC9,
    0xEE, 0x33, 0xAE, 0x2E, 0x3B, 0x6D, 0x8B, 0xCF, 0x9B, 0x9D, 0x16, 0x1C, 0xC3, 0x49, 0xCA, 0x33,
    0x82, 0xCA, 0xBD, 0x5F, 0x22, 0x58, 0xB3, 0xFF, 0x00, 0xD5, 0xF2, 0xB4, 0xF0, 0x3E, 0x9B, 0x2A,
    0xFF, 0xC4, 0x78, 0x68, 0xDA, 0x78, 0xB8, 0x69, 0xCA, 0x4F, 0xFA, 0x53, 0x94, 0xB1, 0xBB, 0xF8,
    0x2F, 0xF9, 0xFF, 0x0D, 0xED, 0x7B, 0x01, 0xA4, 0x26, 0xD9, 0x99, 0xF6, 0x73, 0xAA, 0xD2, 0xB7,
    0x48, 0x91, 0x0A, 0xD2, 0x21, 0x19, 0x33, 0xF5, 0xE3, 0xFF, 0x99, 0x7F, 0xFE, 0x64, 0xEA, 0x07,
    0x04, 0xE9, 0x7B, 0x2A, 0xC9, 0xEE, 0x02, 0x6C, 0x23, 0x37, 0xC3, 0x0E, 0x02, 0x41, 0x64, 0x97,
    0xBB, 0x58, 0x0C, 0xEE, 0x74, 0x55, 0x12, 0x16, 0x60, 0x7B, 0x97, 0x15, 0x84, 0x4D, 0xA3, 0xAD,
    0x9D, 0xBB, 0x98, 0x61, 0x83, 0x61, 0xEF, 0x4C, 0xD5, 0x4E, 0xB0, 0x08, 0x52, 0xD9, 0xDD, 0x80,
    0x20, 0x95, 0x35, 0xD9, 0x24, 0x09, 0x3B, 0xC7, 0x6E, 0x8D, 0xA9, 0x9E, 0xA9, 0xAA, 0x77, 0xEB,
    0x7D, 0xDE, 0x32, 0x5F, 0xF5, 0xED, 0x96, 0x8D, 0x20, 0xEE, 0xEA, 0x3E, 0xF7, 0xFB, 0xDE, 0xE7,
    0xEB, 0xAF, 0xBF, 0x3A, 0xE7, 0x79, 0x9E, 0xF7, 0xD4, 0x39, 0xA7, 0x4E, 0x7D, 0x1F, 0xDC, 0x6D,
    0xA4, 0x13, 0xB2, 0xED, 0x81, 0x24, 0xE0, 0xFD, 0x92, 0x96, 0xC8, 0xA0, 0x8F, 0x02, 0x38, 0xE6,
    0xE3, 0x45, 0xE0, 0x35, 0x60, 0xD2, 0x87, 0x9B, 0x10, 0x8F, 0xFA, 0x48, 0x06, 0xA4, 0x03, 0xB2,
    0xA0, 0x8F, 0x3C, 0xA0, 0xE8, 0xE1, 0x7B, 0x54, 0x1D, 0xAE, 0x97, 0x00, 0xF0, 0x27, 0x1A, 0xBE,
    0xAD, 0x41, 0x2B, 0x3E, 0xBA, 0x07, 0x38, 0x91, 0x1E, 0xE9, 0xBB, 0x32, 0xC0, 0xFF, 0xD3, 0x0F,
    0x27, 0x34, 0x9F, 0xFB, 0xCE, 0x14, 0x2D, 0xF1, 0x77, 0xC6, 0x78, 0x4A, 0xBE, 0xD6, 0xA7, 0xA3,
    0x36, 0x1A, 0xB2, 0x12, 0x45, 0xC8, 0x00, 0xDF, 0x6B, 0xE8, 0x9E, 0x02, 0xAA, 0xF6, 0x93, 0x1A,
    0x3E, 0xFD, 0x7E, 0x38, 0xD3, 0xF0, 0x02, 0xE0, 0xDB, 0x6F, 0xEB, 0xE7, 0xC2, 0x11, 0xF2, 0x10,
    0x9E, 0x42, 0xB6, 0xBC, 0x3D, 0x23, 0x16, 0x19, 0x80, 0x4A, 0x5A, 0x20, 0xFE, 0x17, 0xAC, 0xA1,
    0x05, 0x90, 0xD4, 0x26, 0x69, 0x57, 0x0A, 0xE9, 0x01, 0x44, 0x22, 0x13, 0x80, 0x6C, 0x48, 0x04,
    0x5A, 0x1F, 0xA4, 0x04, 0x1A, 0xA0, 0x59, 0x61, 0x01, 0x2A, 0xC0, 0xCD, 0xC0, 0x0D, 0x20, 0xD2,
    0x8F, 0xFD, 0x6A, 0x70, 0x1B, 0xCC, 0x04, 0x21, 0x0F, 0xB7, 0x02, 0x5D, 0x15, 0xB0, 0x34, 0x0F,
    0x83, 0xC5, 0x60, 0xAB, 0x6C, 0x24, 0xC4, 0x81, 0x90, 0xB5, 0x84, 0xE3, 0x13, 0xA0, 0xD4, 0x3A,
    0xDF, 0x8C, 0x02, 0x52, 0x59, 0x4B, 0x0B, 0xFF, 0x8B, 0x46, 0x16, 0xE0, 0x69, 0x1C, 0xC9, 0x00,
    0x2D, 0xD7, 0x01, 0xFC, 0x2F, 0xC0, 0xD5, 0x17, 0xEE, 0x6E, 0xD2, 0x57, 0x95, 0x7C, 0xAB, 0xCB,
    0xE5, 0x65, 0x29, 0x93, 0xC1, 0xCD, 0x5A, 0xD1, 0x31, 0xB2, 0x12, 0x39, 0x0A, 0xAC, 0xF8, 0xEC,
    0x1A, 0xEA, 0x35, 0xA4, 0x35, 0xFF, 0x99, 0x97, 0xC8, 0xF5, 0x23, 0x5E, 0xFB, 0xC0, 0x0C, 0x3D,
    0x0C, 0x55, 0x23, 0x6F, 0xB5, 0xAF, 0x1D, 0xBD, 0x94, 0xF4, 0xFF, 0x5B, 0x2B, 0x35, 0x3A, 0xB2,
    0xA0, 0x91, 0x3A, 0x97, 0x19, 0x22, 0x75, 0x24, 0x2D, 0xB2, 0x11, 0xEA, 0x59, 0xDA, 0x03, 0x4D,
    0x4D, 0xBA, 0x55, 0x8B, 0xDC, 0xBC, 0xBC, 0xA1, 0xD0, 0x41, 0x05, 0x15, 0xBD, 0x53, 0x41, 0x79,
    0x88, 0x3B, 0x40, 0x93, 0xCC, 0x84, 0x04, 0xFD, 0x20, 0x92, 0xE1, 0x06, 0x15, 0x8F, 0x23, 0xE1,
    0x1E, 0x95, 0x47, 0xD2, 0x01, 0x94, 0x1A, 0x08, 0xCC, 0x96, 0x33, 0xA7, 0x22, 0xC2, 0xB5, 0xE7,
    0x96, 0x93, 0x12, 0xF0, 0x34, 0x03, 0xCF, 0xFC, 0xED, 0x72, 0x5E, 0x6A, 0x65, 0x66, 0x5F, 0x3A,
    0x10, 0xB2, 0xB0, 0x07, 0xCF, 0x37, 0x0B, 0xAB, 0xCB, 0x5B, 0x62, 0xBE, 0x7C, 0x71, 0xA9, 0x80,
    0xE5, 0xE1, 0xFF, 0xF1, 0x95, 0xDB, 0xE4, 0xA4, 0xCD, 0x57, 0x7F, 0x29, 0xAD, 0x66, 0xBC, 0xE8,
    0x11, 0xB3, 0xFB, 0x27, 0x3D, 0xB2, 0x5E, 0x7D, 0x48, 0x5B, 0x8D, 0x4E, 0xE5, 0x91, 0x89, 0xA9,
    0x12, 0x8B, 0x54, 0x2F, 0x33, 0x80, 0x1B, 0x5E, 0x6A, 0xE0, 0x22, 0x55, 0x16, 0x23, 0x9A, 0x09,
    0x6E, 0x44, 0xBE, 0x68, 0x95, 0x91, 0xB0, 0x4B, 0x08, 0x20, 0x2D, 0x2A, 0xA0, 0x19, 0xE0, 0x95,
    0x6F, 0x79, 0xAC, 0xC7, 0xF6, 0x17, 0x6A, 0xCE, 0x3C, 0x50, 0x49, 0xA7, 0x8A, 0x85, 0xB9, 0x69,
    0x5A, 0x8A, 0xEB, 0xA8, 0xB7, 0xC3, 0x35, 0x30, 0xE5, 0x8C, 0x5E, 0x93, 0x0D, 0x5F, 0xA2, 0x60,
    0x5A, 0x6E, 0x01, 0xF9, 0xBD, 0xE7, 0x46, 0x3D, 0x92, 0x15, 0xFC, 0xE1, 0xCF, 0x61, 0xA5, 0x80,
    0x47, 0x55, 0x37, 0xFC, 0xAB, 0xCA, 0xA6, 0xFC, 0x18, 0x3E, 0x86, 0x43, 0x49, 0x64, 0x6B, 0x48,
    0xC8, 0x3F, 0x5D, 0xCA, 0x23, 0xA9, 0x99, 0x60, 0xE4, 0x81, 0x8C, 0x49, 0x7E, 0x80, 0xBB, 0x89,
    0x0A, 0x49, 0xC7, 0x8E, 0x52, 0x67, 0x6D, 0x7A, 0xEF, 0x34, 0xA4, 0x6D, 0x8E, 0xA2, 0x4D, 0x86,
    0xB8, 0x3F, 0x46, 0x85, 0x38, 0x44, 0xE1, 0x06, 0x66, 0xED, 0x54, 0xC3, 0x99, 0x75, 0xFB, 0xF1,
    0xC2, 0x11, 0x5F, 0xBD, 0x88, 0x88, 0x17, 0xAF, 0x5E, 0xC2, 0x8B, 0x4B, 0x78, 0xE6, 0x88, 0xE3,
    0x0D, 0x36, 0x8C, 0xE1, 0x18, 0x0D, 0xF0, 0xFF, 0x5D, 0x28, 0x54, 0xE1, 0x2B, 0x71, 0xC8, 0xEA,
    0xEC, 0xDE, 0x13, 0x7D, 0xD2, 0xA5, 0x5D, 0x24, 0xB2, 0xB2, 0x88, 0x03, 0x3E, 0x7E, 0x17, 0x1E,
    0x98, 0x01, 0x06, 0x5F, 0x5B, 0x2F, 0xC9, 0xEE, 0xC1, 0x35, 0xAD, 0x9D, 0xA9, 0xAC, 0xEA, 0x09,
    0x73, 0x05, 0xB8, 0x7E, 0x13, 0x1C, 0xB6, 0x3E, 0x82, 0x4A, 0x06, 0x37, 0x25, 0x41, 0xFF, 0xB2,
    0x2E, 0xED, 0x8B, 0x36, 0xEB, 0x7C, 0x9D, 0xB7, 0xBE, 0x2C, 0xDA, 0x0A, 0xBE, 0xAE, 0xD0, 0x94,
    0x15, 0xDE, 0x82, 0xFF, 0xFA, 0xE9, 0xEF, 0xF8, 0xA5, 0x98, 0xB2, 0x21, 0xEB, 0x71, 0x28, 0x83,
    0x0B, 0x88, 0xFB, 0xB4, 0x45, 0xD6, 0x16, 0x25, 0x2A, 0xBC, 0x0E, 0x37, 0xC7, 0x13, 0x92, 0x31,
    0x0B, 0x28, 0x82, 0xEF, 0x50, 0xB5, 0x4D, 0xBD, 0x06, 0xA9, 0x51, 0x74, 0xBE, 0x45, 0xB6, 0x36,
    0x80, 0xB5, 0xA5, 0x1E, 0xD1, 0x10, 0x6B, 0xEF, 0x88, 0x06, 0xE0, 0x0C, 0x23, 0xF0, 0xF4, 0xFA,
    0xC7, 0x52, 0x89, 0xC8, 0xC8, 0x70, 0xFD, 0xE4, 0xE4, 0x84, 0x3D, 0xEC, 0xD7, 0x09, 0x5E, 0x04,
    0xFA, 0xAC, 0x4C, 0xE9, 0x6F, 0x92, 0x5C, 0x40, 0x93, 0xFB, 0x7D, 0x91, 0x9F, 0x41, 0x93, 0xDB,
    0x88, 0xD4, 0x9A, 0xDC, 0xAC, 0xCB, 0x7A, 0x4D, 0x6E, 0xD6, 0x31, 0xB9, 0x8A, 0x83, 0x26, 0x97,
    0x38, 0x5E, 0x28, 0x06, 0xBC, 0xAA, 0x98, 0xF6, 0x6B, 0x52, 0x91, 0xFD, 0xE4, 0xB4, 0x26, 0xCA,
    0xAC, 0x49, 0x45, 0xF6, 0x6F, 0x93, 0x61, 0xB7, 0xAC, 0xA8, 0xC7, 0xF9, 0x12, 0xA3, 0xD6, 0x53,
    0xB4, 0x9A, 0x5C, 0xAD, 0xDF, 0x85, 0x62, 0xC5, 0x64, 0xD0, 0xE4, 0x9E, 0xBE, 0x1D, 0xCF, 0x6B,
    0x72, 0x57, 0x1E, 0x4E, 0xFE, 0x4C, 0x93, 0x0B, 0xFC, 0x06, 0xC9, 0x3D, 0x98, 0x29, 0x68, 0x18,
    0x4F, 0xB4, 0xC0, 0x06, 0xA0, 0x1E, 0x99, 0x4C, 0xF0, 0x7F, 0x2E, 0xB8, 0x85, 0xA2, 0x5C, 0xB9,
    0xD5, 0xD3, 0xF6, 0xD4, 0xD7, 0xFA, 0x9E, 0xAF, 0x1B, 0xE4, 0x32, 0x21, 0x96, 0xDE, 0x86, 0x5F,
    0xBC, 0xCA, 0xCE, 0xF9, 0xDF, 0x85, 0x7D, 0xFA, 0xE6, 0x93, 0x9B, 0xBF, 0xC6, 0x11, 0x97, 0x8A,
    0x66, 0xFD, 0xF3, 0x87, 0x5A, 0x80, 0xCF, 0x03, 0xB9, 0x74, 0x90, 0x6F, 0x0E, 0x6E, 0x8E, 0xA6,
    0x68, 0x74, 0x13, 0x86, 0x68, 0x02, 0xF4, 0x19, 0x0F, 0x40, 0x12, 0x6C, 0x2E, 0xF1, 0xD6, 0x17,
    0xE2, 0x1E, 0xC8, 0x4B, 0xAD, 0xF9, 0x8F, 0xA3, 0x1E, 0x21, 0xFB, 0xC1, 0x73, 0xBD, 0x17, 0xE9,
    0x1A, 0x91, 0x96, 0x75, 0x15, 0xD2, 0x39, 0x79, 0x7E, 0x88, 0xA7, 0xF5, 0x2F, 0xC4, 0x93, 0x5B,
    0x9F, 0x36, 0xB4, 0xE6, 0x3D, 0xAE, 0x35, 0x25, 0x47, 0xD2, 0x8F, 0x4A, 0x69, 0x1D, 0x44, 0x3B,
    0x7B, 0x16, 0x3E, 0xBD, 0xE2, 0x05, 0xF2, 0xAE, 0x41, 0xD5, 0xFA, 0xF7, 0x16, 0xA4, 0xF2, 0x26,
    0x58, 0x7C, 0x87, 0xA6, 0x76, 0x0B, 0xE2, 0x11, 0x59, 0x87, 0x02, 0xF8, 0x14, 0xC0, 0x46, 0x4E,
    0x8C, 0x9E, 0x00, 0x5A, 0xFB, 0x42, 0x70, 0x33, 0xDB, 0x89, 0x56, 0x48, 0x07, 0xBE, 0x9F, 0x85,
    0x0D, 0xD8, 0x7E, 0xD6, 0x33, 0xAF, 0xF9, 0x0A, 0x81, 0xA3, 0x5D, 0xB6, 0x82, 0x6F, 0x37, 0xD0,
    0xF7, 0x51, 0xE9, 0x69, 0xB4, 0x42, 0xA9, 0x6F, 0xA0, 0x31, 0x10, 0xBE, 0xAF, 0x20, 0x35, 0x9C,
    0x94, 0x91, 0x94, 0x88, 0xA4, 0x4E, 0x57, 0x88, 0xE5, 0x27, 0x2F, 0x56, 0x7F, 0x8A, 0xF8, 0x2D,
    0x19, 0xBD, 0x20, 0xFD, 0x67, 0xE9, 0xF2, 0x11, 0x59, 0x7B, 0x1D, 0xAE, 0x5C, 0x01, 0x5A, 0x72,
    0x83, 0xC2, 0xC0, 0x6F, 0xD0, 0x1B, 0x4C, 0xF7, 0xC1, 0x40, 0xC8, 0x3A, 0x02, 0xBE, 0x72, 0x7E,
    0x7E, 0x7E, 0x87, 0xF3, 0xF5, 0x50, 0x88, 0x7C, 0x61, 0xE1, 0xD9, 0x37, 0x6A, 0x5F, 0xC3, 0x00,
    0xF9, 0x95, 0xB1, 0x61, 0xAC, 0x18, 0x3D, 0x63, 0xC1, 0x98, 0x32, 0xBA, 0x46, 0x23, 0x50, 0xFC,
    0x56, 0xA2, 0xC7, 0x08, 0x38, 0xC1, 0x52, 0xA2, 0x10, 0xC8, 0x80, 0x8F, 0x9F, 0xE3, 0xFC, 0xCE,
    0x07, 0x4B, 0xDF, 0x55, 0xA1, 0xE9, 0xAB, 0xAE, 0xA8, 0x01, 0x7C, 0x00, 0xF8, 0x24, 0x97, 0x4A,
    0x4D, 0xCB, 0x6C, 0x05, 0xC4, 0x01, 0x69, 0xB8, 0x7E, 0xDA, 0x55, 0x52, 0x57, 0x23, 0x58, 0x6E,
    0x21, 0x99, 0x51, 0x4D, 0xE9, 0x3B, 0x53, 0xF4, 0xF5, 0x09, 0xDB, 0x0A, 0x92, 0xF3, 0x67, 0xD6,
    0xEB, 0x23, 0xEF, 0xD4, 0x65, 0xBF, 0x3E, 0x6A, 0x54, 0xF5, 0x33, 0xF2, 0x73, 0x1D, 0xAA, 0x8E,
    0x16, 0xA0, 0x92, 0xCE, 0x4D, 0xE9, 0x90, 0x84, 0x78, 0xCA, 0xFA, 0x78, 0xCA, 0xDB, 0x78, 0xF2,
    0xFA, 0xAC, 0x93, 0xD1, 0xD7, 0xE9, 0xE0, 0xCB, 0x2C, 0xF8, 0x3A, 0xEF, 0x8A, 0xB6, 0xAA, 0xB3,
    0x77, 0x67, 0x9E, 0xBD, 0xEF, 0x17, 0xC7, 0x55, 0xC7, 0xE8, 0x02, 0x70, 0x81, 0x09, 0xA8, 0x6C,
    0x88, 0xA8, 0x34, 0xA3, 0xDA, 0x69, 0x02, 0xFB, 0x51, 0xD1, 0x63, 0x1B, 0x8D, 0xA5, 0xC4, 0x12,
    0xCD, 0x88, 0xC7, 0x24, 0x20, 0xED, 0xB3, 0x16, 0x79, 0xE9, 0x55, 0xD9, 0x05, 0x70, 0x17, 0x77,
    0x60, 0x65, 0x93, 0x03, 0x3C, 0x0B, 0xD5, 0xC4, 0xF5, 0x71, 0x35, 0xF1, 0xF4, 0x5A, 0xD5, 0x41,
    0xC5, 0xAB, 0x44, 0xA4, 0x1D, 0x54, 0x27, 0xB2, 0x1A, 0x2A, 0x16, 0x1E, 0x40, 0x4A, 0x26, 0xEC,
    0xD4, 0x6E, 0x54, 0xE4, 0x22, 0x82, 0x98, 0xB6, 0x80, 0xBA, 0x90, 0x97, 0xEA, 0x3E, 0x17, 0x6D,
    0x41, 0xFD, 0xE0, 0x4A, 0xC3, 0xD7, 0xD1, 0x80, 0xA6, 0x43, 0x55, 0x27, 0x7D, 0xF4, 0x56, 0xB7,
    0xDA, 0x93, 0xB5, 0xC9, 0xCB, 0x6D, 0x25, 0x4B, 0x81, 0xDC, 0xB7, 0x24, 0x74, 0xE6, 0x6B, 0x00,
    0x13, 0x82, 0x2F, 0x95, 0x44, 0xDC, 0x56, 0x50, 0x12, 0x59, 0xD9, 0x40, 0x49, 0x1C, 0x43, 0x98,
    0xD0, 0x86, 0x03, 0xE2, 0x6B, 0x6B, 0x0F, 0x5D, 0x5E, 0x22, 0x89, 0xC8, 0x38, 0x23, 0x56, 0xCE,
    0x2D, 0x91, 0x24, 0x5E, 0x5E, 0x6A, 0x72, 0x16, 0x69, 0xF7, 0xBA, 0xA9, 0x97, 0xBA, 0x27, 0xD3,
    0x1D, 0x05, 0xD3, 0x9D, 0x74, 0xA6, 0x3B, 0xAB, 0x4D, 0xB7, 0x87, 0xE9, 0x7E, 0xCD, 0x74, 0x9B,
    0xDE, 0xB0, 0xD7, 0x4B, 0xCC, 0x6B, 0xD3, 0xED, 0x39, 0xFC, 0xB4, 0x98, 0x74, 0x38, 0xF3, 0xAD,
    0x1B, 0x9A, 0x6F, 0x8E, 0xF0, 0x75, 0xFC, 0xE3, 0x39, 0x9A, 0xB0, 0xE6, 0xF6, 0x1F, 0x46, 0x37,
    0xAF, 0xBA, 0x8B, 0x72, 0x70, 0xD3, 0xAA, 0xFB, 0x96, 0x11, 0x87, 0x92, 0x1F, 0x49, 0x02, 0x49,
    0x20, 0x09, 0x64, 0xAD, 0x3D, 0x3D, 0xEC, 0x39, 0x81, 0x24, 0xE2, 0x1E, 0x24, 0x91, 0xD3, 0x1E,
    0x0E, 0x81, 0x48, 0x3B, 0x3D, 0x32, 0x28, 0x09, 0x1D, 0x0A, 0x6D, 0xB9, 0x25, 0x1D, 0xA5, 0x6D,
    0x43, 0xA2, 0x95, 0x5C, 0x7A, 0x20, 0xEA, 0x80, 0xE6, 0x1B, 0x13, 0x6B, 0x77, 0xB3, 0x9B, 0x81,
    0xA2, 0x84, 0x1B, 0xF5, 0xC5, 0xB1, 0x5E, 0xF0, 0xE8, 0x8B, 0x09, 0xA0, 0x85, 0x4A, 0x88, 0x43,
    0x59, 0xD2, 0x03, 0xB8, 0x56, 0xD5, 0xA4, 0x84, 0x7C, 0x04, 0x0A, 0x00, 0xF8, 0x68, 0x53, 0xE3,
    0x45, 0xAB, 0x3A, 0x60, 0x04, 0x68, 0x92, 0xD2, 0xE2, 0x51, 0x69, 0x17, 0x4F, 0xF8, 0xA4, 0xAE,
    0x93, 0xEB, 0x74, 0x64, 0x57, 0xF0, 0x28, 0x06, 0xF8, 0xB2, 0xE8, 0x2E, 0xF0, 0xF7, 0x03, 0x8A,
    0xF7, 0xE4, 0x33, 0x83, 0xFB, 0x65, 0x40, 0x22, 0x43, 0x1C, 0x92, 0xEF, 0xF1, 0xB8, 0xAC, 0xCD,
    0x6D, 0xF9, 0x51, 0x94, 0x9F, 0xB6, 0x71, 0xE8, 0x18, 0xC1, 0x46, 0xB0, 0x29, 0xEE, 0x38, 0x86,
    0x45, 0x43, 0x56, 0xB3, 0xBB, 0x24, 0x7D, 0x21, 0x22, 0xB5, 0x1E, 0xF4, 0xF1, 0xF3, 0xE6, 0xBC,
    0x34, 0x56, 0x0D, 0x2C, 0xBD, 0x10, 0x00, 0x64, 0x25, 0x30, 0xB3, 0xFE, 0x9F, 0xDC, 0xB1, 0x1E,
    0xED, 0x85, 0x6D, 0x7D, 0x49, 0x2B, 0xE3, 0x7F, 0x1E, 0xC2, 0x02, 0xCB, 0xC9, 0xE5, 0x12, 0x29,
    0xA9, 0xB8, 0xC3, 0x16, 0x92, 0x16, 0xB0, 0xEC, 0x9F, 0xD6, 0x40, 0xB2, 0x6C, 0x23, 0xAA, 0x93,
    0x12, 0x48, 0x27, 0x33, 0x04, 0x20, 0xCB, 0xA6, 0x06, 0x20, 0xA5, 0xF1, 0xB8, 0xA1, 0xC1, 0x6B,
    0xA8, 0xCA, 0xA6, 0x5E, 0xD1, 0xB7, 0xD1, 0x82, 0x62, 0x7C, 0x62, 0x42, 0xC2, 0x95, 0xFD, 0xE9,
    0x3D, 0xB0, 0x54, 0xAD, 0xA1, 0xEF, 0x0C, 0xB3, 0xDE, 0x30, 0x09, 0x86, 0x6E, 0x34, 0xC4, 0xD9,
    0x86, 0x4F, 0xE2, 0xE1, 0xE5, 0x35, 0x83, 0x68, 0x31, 0x8C, 0xC5, 0x30, 0xDD, 0x30, 0xDF, 0xF0,
    0xB8, 0xD9, 0xAA, 0x6B, 0x4A, 0xE2, 0x58, 0xD5, 0x3C, 0x2C, 0x18, 0x26, 0x9D, 0x6F, 0x2D, 0x3D,
    0x86, 0x79, 0x69, 0x78, 0xBC, 0x11, 0xBC, 0x40, 0x41, 0x1C, 0x51, 0xD0, 0xA8, 0x60, 0x06, 0x24,
    0x3A, 0x34, 0xF1, 0x30, 0x43, 0xCD, 0x97, 0xA2, 0x5F, 0x71, 0xE0, 0x61, 0xBC, 0xC2, 0x70, 0x03,
    0x91, 0x49, 0x4A, 0xEC, 0x2C, 0x24, 0x66, 0xDB, 0x99, 0x5C, 0x94, 0x2B, 0xCE, 0x40, 0x05, 0x43,
    0xBA, 0x2C, 0xF0, 0x32, 0x21, 0x12, 0x09, 0x8A, 0xB1, 0x55, 0x4C, 0xBF, 0x09, 0x4E, 0x08, 0x3C,
    0x9E, 0xCC, 0x83, 0x61, 0x51, 0x1B, 0xBE, 0x68, 0x80, 0x3B, 0x8F, 0x7D, 0xBB, 0xAF, 0xC3, 0x49,
    0xB7, 0xE9, 0x0D, 0xC4, 0xEC, 0x9D, 0x81, 0x58, 0x7C, 0x75, 0x32, 0x5B, 0xCC, 0x38, 0xD7, 0xE3,
    0x83, 0x00, 0x1E, 0xFB, 0x76, 0x74, 0x1B, 0x2C, 0x7E, 0xB6, 0xBD, 0x22, 0x91, 0xAF, 0x06, 0xFA,
    0xD3, 0xD0, 0xC8, 0xB8, 0xCD, 0xF5, 0x60, 0x38, 0xB8, 0xBF, 0x79, 0xEC, 0xD7, 0xAE, 0x78, 0x78,
    0x62, 0x53, 0x37, 0xA5, 0xA1, 0xD4, 0xC4, 0xD2, 0x84, 0x7E, 0x0C, 0xFF, 0x17, 0x5B, 0x79, 0xEC,
    0xDB, 0x4E, 0x67, 0x2E, 0x1D, 0xD1, 0xFF, 0x5E, 0x30, 0x5D, 0x18, 0x36, 0x7C, 0x75, 0xC3, 0xD1,
    0x74, 0xBB, 0x70, 0x98, 0xF3, 0x95, 0xB1, 0x94, 0x8F, 0x84, 0x4F, 0x4E, 0xB4, 0x8C, 0x26, 0x55,
    0xCB, 0x64, 0x72, 0x5F, 0x7E, 0xFB, 0xE4, 0xF9, 0xD1, 0x14, 0x17, 0x3D, 0x22, 0x33, 0xED, 0x86,
    0xEF, 0xD8, 0xB6, 0x32, 0x51, 0x3D, 0x56, 0x43, 0xA8, 0x5A, 0x98, 0x7B, 0x71, 0xD7, 0xD4, 0xC0,
    0x6D, 0x13, 0xAE, 0x2F, 0x59, 0x0A, 0xB6, 0xBF, 0x4D, 0x22, 0x82, 0xAD, 0x8C, 0x4E, 0x88, 0xAA,
    0x82, 0xC9, 0x62, 0xB3, 0x6D, 0x2C, 0xE7, 0xE7, 0xB7, 0xCD, 0x31, 0xE5, 0xD3, 0x99, 0x69, 0xF1,
    0x7C, 0x72, 0x52, 0xB2, 0x59, 0xEA, 0x64, 0xB3, 0x03, 0x2D, 0xC0, 0x46, 0xDC, 0x58, 0x21, 0x33,
    0xC3, 0xAC, 0x59, 0x7A, 0xCA, 0x66, 0x0F, 0x2F, 0x47, 0xD0, 0xF1, 0x6B, 0x34, 0x8F, 0xC9, 0x28,
    0xB6, 0x35, 0x4E, 0xAB, 0x0D, 0x71, 0x65, 0x5A, 0xB5, 0x3C, 0xC4, 0x6F, 0x93, 0xE3, 0x44, 0x03,
    0x9D, 0xD4, 0x48, 0x27, 0x7A, 0xD8, 0x98, 0x65, 0x95, 0x4C, 0x10, 0x2D, 0x03, 0x0E, 0xE5, 0x54,
    0x7A, 0xF6, 0x16, 0xDB, 0x36, 0x7C, 0x33, 0xE1, 0x95, 0x27, 0xB0, 0xED, 0x9D, 0x36, 0x2D, 0x7C,
    0xAF, 0x0D, 0xE8, 0x2B, 0xF8, 0x92, 0x1E, 0x3C, 0x8D, 0xD8, 0xF4, 0xA7, 0x13, 0x21, 0xDB, 0x7C,
    0x1F, 0x08, 0x3E, 0x18, 0xF4, 0x84, 0xAA, 0x23, 0x34, 0xED, 0x1E, 0xE4, 0x7E, 0xA8, 0x37, 0xD8,
    0x7F, 0xA4, 0x22, 0x50, 0xEF, 0x56, 0x67, 0x64, 0x2D, 0xA4, 0x25, 0xD2, 0x85, 0x5A, 0x23, 0xF9,
    0xC9, 0xF3, 0x0B, 0xA0, 0xEA, 0x46, 0x93, 0xC0, 0x1A, 0x9E, 0xBD, 0x09, 0xCB, 0xC1, 0xBE, 0xFD,
    0x34, 0x10, 0xE2, 0xE1, 0x41, 0xB8, 0x7E, 0x1A, 0x14, 0xBC, 0xB1, 0x29, 0xEE, 0x01, 0xFB, 0x96,
    0xF3, 0xB0, 0x3F, 0x3E, 0x1A, 0x09, 0x98, 0xB0, 0x6F, 0xE3, 0xC1, 0x89, 0x32, 0x51, 0x97, 0x67,
    0x64, 0x5B, 0xFF, 0xAC, 0xD6, 0xBE, 0xB9, 0x42, 0x11, 0xE0, 0x14, 0x7A, 0xCB, 0x6A, 0x07, 0x0C,
    0x6C, 0x87, 0xD0, 0x02, 0x77, 0x28, 0x7B, 0xB7, 0xC4, 0x91, 0xD2, 0x00, 0x3B, 0x70, 0xD6, 0xDF,
    0x22, 0xDB, 0x73, 0x8E, 0x17, 0xF6, 0xB3, 0xD8, 0x08, 0x25, 0x1B, 0x8C, 0x84, 0xD4, 0x20, 0xDB,
    0xEF, 0x35, 0x53, 0xCF, 0x35, 0xE3, 0x90, 0x6D, 0xDD, 0x69, 0xEB, 0x4A, 0xD6, 0xF8, 0x6B, 0x70,
    0xD2, 0x6A, 0x45, 0x95, 0x71, 0xDF, 0xCE, 0xB6, 0x1D, 0x9D, 0x68, 0xD9, 0x37, 0x92, 0xF5, 0x04,
    0x5F, 0x12, 0x2E, 0xC0, 0xD2, 0x3F, 0x1A, 0x86, 0x14, 0x81, 0x50, 0x11, 0x9C, 0x6C, 0xF7, 0x07,
    0xD8, 0x64, 0xD6, 0xBD, 0xAE, 0xE0, 0x51, 0x28, 0xDC, 0x45, 0x52, 0x3E, 0x0A, 0x86, 0x58, 0xB9,
    0x85, 0x5B, 0x46, 0x4D, 0xF6, 0x00, 0x85, 0xC3, 0x16, 0xF1, 0xA3, 0xD0, 0x43, 0xC8, 0x85, 0xF4,
    0x94, 0x38, 0xD2, 0x6D, 0xE2, 0x04, 0x30, 0xD2, 0x8B, 0x4B, 0xF2, 0x07, 0x64, 0x1A, 0xE0, 0x67,
    0x6B, 0xD4, 0x9A, 0xB4, 0x63, 0x3D, 0x43, 0xCB, 0xFA, 0x2E, 0x5F, 0x72, 0x5A, 0x70, 0x62, 0xE7,
    0xA6, 0x4D, 0xA0, 0x26, 0x2F, 0x61, 0x18, 0x29, 0x8C, 0xB2, 0x28, 0x6A, 0x5F, 0xFB, 0xA5, 0x8A,
    0x9D, 0x74, 0x50, 0x19, 0x25, 0x44, 0x83, 0x55, 0xB6, 0x0D, 0xF0, 0x39, 0x3F, 0xAE, 0x6F, 0xEA,
    0x5B, 0x11, 0x67, 0xFF, 0xFA, 0x7F, 0x82, 0x04, 0x8D, 0x31, 0x77, 0x11, 0xA4, 0x05, 0x8A, 0x1F,
    0x75, 0xC0, 0xEB, 0x71, 0x40, 0x34, 0x60, 0x54, 0x05, 0x4F, 0x5F, 0x7D, 0x09, 0x2C, 0x13, 0x74,
    0xE3, 0x39, 0x9E, 0x11, 0x6B, 0x88, 0x26, 0xAD, 0xFB, 0xCE, 0xFA, 0xC7, 0x72, 0xB5, 0x25, 0x90,
    0xD5, 0xBB, 0xB7, 0x6D, 0xB9, 0x63, 0x92, 0xFC, 0xDB, 0x5F, 0x90, 0xAD, 0x82, 0x6C, 0xB2, 0x3A,
    0x22, 0xD9, 0x48, 0xDA, 0xAD, 0x1D, 0xAB, 0xC8, 0xB7, 0xBB, 0xD7, 0xBD, 0x11, 0x2E, 0x82, 0x71,
    0x26, 0x62, 0x8F, 0xEE, 0x5C, 0xCE, 0xEF, 0xAE, 0x18, 0xF1, 0x0C, 0xF4, 0xBD, 0x5B, 0x6F, 0xC2,
    0xDE, 0x5C, 0xD1, 0x54, 0xF8, 0xCE, 0x84, 0x54, 0xAD, 0x69, 0x69, 0x5A, 0xBB, 0x11, 0x2B, 0x35,
    0x15, 0x39, 0x31, 0x51, 0xF1, 0x62, 0xBA, 0xD2, 0x6D, 0xE0, 0xC9, 0x87, 0x8D, 0x42, 0x4F, 0x3A,
    0x4E, 0x6C, 0xC5, 0x95, 0x2E, 0x7A, 0x48, 0xCB, 0xDB, 0xDB, 0xD5, 0x26, 0x4B, 0xE1, 0x2E, 0x80,
    0xFD, 0x85, 0x23, 0xFC, 0x84, 0xA0, 0x08, 0x91, 0xCF, 0xF6, 0x8A, 0x51, 0x2F, 0xD2, 0x62, 0xBB,
    0x78, 0x54, 0x84, 0x43, 0x64, 0x87, 0x3D, 0x98, 0xCD, 0x00, 0x78, 0x8E, 0x8B, 0xA3, 0x36, 0x33,
    0xB1, 0x3A, 0xDB, 0x86, 0xCA, 0x67, 0x00, 0xF4, 0x4E, 0x00, 0x8C, 0x7C, 0x51, 0x02, 0xAA, 0xE8,
    0x58, 0x6A, 0x5B, 0xE1, 0xDE, 0xA8, 0x5A, 0x3B, 0x55, 0xCF, 0xD4, 0x04, 0x7D, 0x71, 0x91, 0x07,
    0xC4, 0xBD, 0x1E, 0x99, 0x0D, 0xB6, 0xD5, 0x35, 0xA6, 0x93, 0x6D, 0x77, 0x0D, 0xF1, 0x8C, 0x54,
    0x93, 0x17, 0x22, 0xE1, 0x06, 0x69, 0x14, 0x9C, 0x94, 0x59, 0x09, 0x3D, 0x40, 0xEA, 0x5C, 0x5F,
    0xE8, 0x06, 0x74, 0x6E, 0x0B, 0x7F, 0xDF, 0x17, 0x80, 0x1E, 0x59, 0x84, 0x63, 0x40, 0x8F, 0xCC,
    0x78, 0xAB, 0x3C, 0xD3, 0x75, 0xE7, 0x99, 0xBE, 0x28, 0x11, 0xCF, 0x17, 0x00, 0x72, 0x20, 0x16,
    0x32, 0xDD, 0xE6, 0x49, 0xDB, 0xB2, 0x25, 0xD3, 0x6D, 0x02, 0xC5, 0x8B, 0xDB, 0x32, 0xCF, 0x2D,
    0x30, 0xDB, 0x2B, 0xB1, 0x1B, 0x2A, 0x68, 0xF4, 0x45, 0x7A, 0x58, 0x8E, 0x1D, 0x06, 0xE8, 0x78,
    0x24, 0xB8, 0x89, 0x80, 0x5B, 0x06, 0xB9, 0x41, 0x52, 0xE2, 0x72, 0x71, 0x8D, 0x68, 0x52, 0x72,
    0x21, 0x99, 0xE6, 0xCD, 0x23, 0x29, 0x99, 0xED, 0xAA, 0x43, 0x36, 0xB2, 0x72, 0xDF, 0x43, 0x5F,
    0x36, 0xAD, 0xF6, 0x79, 0x27, 0xEC, 0xFF, 0xB1, 0x9D, 0x0B, 0xE9, 0xA4, 0xB0, 0x64, 0x23, 0x21,
    0x1F, 0x08, 0x3E, 0x18, 0xF4, 0x0A, 0x33, 0x17, 0x9B, 0xC9, 0xAC, 0x47, 0x23, 0x9D, 0x08, 0xD9,
    0x24, 0x84, 0x91, 0x90, 0x0F, 0x52, 0x53, 0xA7, 0x41, 0xC7, 0x8F, 0x34, 0x6D, 0xA5, 0x20, 0xA5,
    0x6F, 0xD9, 0xF9, 0x7C, 0xA7, 0x47, 0xB3, 0x2B, 0x16, 0x41, 0x5F, 0x29, 0x9D, 0x48, 0xCA, 0x44,
    0x6C, 0xB1, 0x3B, 0xD8, 0x62, 0xB7, 0x3C, 0xDC, 0x27, 0x64, 0xE3, 0xFB, 0x09, 0x2C, 0xEF, 0x09,
    0xBE, 0xDE, 0x5D, 0x49, 0x47, 0x9B, 0x67, 0x35, 0x1E, 0x25, 0x5F, 0x9A, 0x9A, 0xDA, 0xD9, 0x0A,
    0x12, 0xE9, 0x14, 0xF2, 0x1F, 0x06, 0x85, 0x2A, 0x1E, 0x6C, 0x9F, 0x55, 0x05, 0x44, 0xB7, 0xF1,
    0x89, 0x47, 0xC8, 0x97, 0x0F, 0x96, 0x84, 0x66, 0x74, 0x3D, 0x17, 0x46, 0xB1, 0x0A, 0xF8, 0x3E,
    0x3F, 0x94, 0xC1, 0xAB, 0x80, 0x6B, 0x38, 0xBA, 0xFB, 0xA8, 0x18, 0xB2, 0x5F, 0xBB, 0xBE, 0xA8,
    0x20, 0x10, 0x82, 0x33, 0xC0, 0x62, 0xEB, 0xB5, 0x2F, 0xC3, 0xCA, 0xA3, 0xE2, 0xCB, 0x07, 0x00,
    0x94, 0x39, 0x10, 0xF5, 0x45, 0x8B, 0x34, 0xA4, 0x01, 0x45, 0x1B, 0x4D, 0x68, 0x80, 0x66, 0x05,
    0x14, 0xDF, 0x0D, 0x7A, 0x40, 0x0B, 0x44, 0x02, 0x06, 0xFE, 0x93, 0xFF, 0x61, 0x1F, 0xE1, 0x87,
    0x79, 0x18, 0x2B, 0x28, 0x80, 0x28, 0xB0, 0x52, 0xB0, 0x7C, 0xC4, 0x60, 0xA4, 0x81, 0x7F, 0x11,
    0x68, 0xA0, 0xB4, 0x66, 0x60, 0xBD, 0x37, 0xB0, 0x32, 0x03, 0x85, 0x06, 0xC6, 0x3F, 0xA5, 0x81,
    0xE9, 0x77, 0x68, 0x60, 0x6E, 0x06, 0xDE, 0x30, 0x03, 0x47, 0x1A, 0x18, 0x05, 0x1A, 0x98, 0xB4,
    0x34, 0x30, 0x2B, 0x69, 0xE0, 0xB3, 0x66, 0xE0, 0x99, 0x19, 0x38, 0xD0, 0xC0, 0xB8, 0xA7, 0x81,
    0x69, 0x4B, 0x03, 0x73, 0x33, 0xF0, 0x86, 0x19, 0x38, 0xD2, 0xC0, 0x37, 0x02, 0x0D, 0xFC, 0xC7,
    0x96, 0x06, 0xBE, 0x55, 0xD2, 0xC0, 0xE5, 0x21, 0x06, 0x6E, 0x7B, 0x3A, 0xE9, 0x77, 0x69, 0x60,
    0x4E, 0x03, 0x0F, 0x5B, 0x9C, 0xC9, 0x64, 0x18, 0xCD, 0x86, 0x90, 0x0D, 0x7D, 0x69, 0x98, 0xB5,
    0x86, 0x49, 0x67, 0xE8, 0x88, 0x97, 0x4A, 0x25, 0xDA, 0x96, 0xB4, 0xCD, 0x8A, 0xE9, 0x8A, 0xB1,
    0x74, 0x9C, 0x2B, 0x9D, 0x94, 0xAC, 0xC1, 0x09, 0x67, 0x5D, 0x5B, 0xBD, 0xE5, 0xDB, 0xA4, 0x50,
    0x6C, 0x6B, 0xB8, 0xE3, 0x0D, 0x6F, 0x6C, 0x6C, 0x5E, 0xDC, 0x66, 0x8B, 0xB3, 0x6D, 0x3A, 0xBD,
    0xD8, 0x96, 0x74, 0xD6, 0x5F, 0x81, 0xC1, 0xA6, 0x11, 0x17, 0x6C, 0x51, 0x16, 0x6D, 0xBB, 0x4F,
    0xB1, 0x62, 0x6B, 0x37, 0x2A, 0x2B, 0xC5, 0xCE, 0x06, 0xD9, 0xC4, 0xBE, 0xCD, 0xC0, 0x05, 0x04,
    0xE9, 0xD4, 0x80, 0xD1, 0x31, 0xCC, 0x61, 0x78, 0x0C, 0xFB, 0xFC, 0x05, 0x58, 0x5F, 0x34, 0xDA,
    0xA6, 0xCB, 0xA9, 0xED, 0x42, 0xD1, 0x3C, 0x9B, 0xF2, 0xE9, 0xC2, 0x09, 0xAC, 0x6C, 0x1C, 0x79,
    0x8C, 0x61, 0x53, 0x12, 0xDC, 0x66, 0x68, 0x3C, 0xDC, 0xEF, 0xE3, 0x53, 0xD8, 0x97, 0xC7, 0xFE,
    0x51, 0x0A, 0x3F, 0x62, 0x58, 0x6C, 0xD8, 0x54, 0xB5, 0x2D, 0xA1, 0xCC, 0xB8, 0xA4, 0x8F, 0x7B,
    0xC5, 0x0F, 0x01, 0xAF, 0x28, 0x3E, 0xF6, 0xEF, 0xFE, 0x92, 0x76, 0xB6, 0x10, 0xCD, 0x82, 0x72,
    0x55, 0xA6, 0x39, 0x31, 0xEB, 0xB3, 0x5E, 0xF1, 0xA8, 0x3E, 0x2A, 0xF1, 0x90, 0xF2, 0xD8, 0x3F,
    0xDF, 0x11, 0xC4, 0xBA, 0xDB, 0xB2, 0x3F, 0x69, 0xB3, 0x8E, 0x50, 0x80, 0xE5, 0x85, 0x87, 0xD8,
    0xB6, 0xAC, 0xCF, 0xB1, 0x91, 0x45, 0x2B, 0x4E, 0x05, 0x6A, 0x18, 0x27, 0xCF, 0x19, 0x91, 0x40,
    0x39, 0x38, 0x31, 0x45, 0x52, 0x53, 0x40, 0x73, 0xFF, 0x97, 0x7C, 0x7B, 0x90, 0x65, 0x88, 0x02,
    0x53, 0x97, 0xD8, 0xC4, 0xA9, 0xCA, 0x90, 0x4C, 0xC7, 0x64, 0x32, 0x5D, 0x28, 0x44, 0xCB, 0xB6,
    0x97, 0xB7, 0x27, 0x0B, 0x31, 0x2D, 0x0A, 0x97, 0xBE, 0xE4, 0x6B, 0x19, 0xDA, 0x6F, 0x26, 0xED,
    0x77, 0x91, 0x0C, 0x0A, 0xBE, 0x99, 0x8B, 0x0C, 0x87, 0xAF, 0xF5, 0x22, 0x11, 0x3A, 0x94, 0x19,
    0xC0, 0xCF, 0xFB, 0xAB, 0x9B, 0xA2, 0x37, 0x78, 0xF7, 0x2E, 0xEC, 0x90, 0x4E, 0xE1, 0x07, 0x2F,
    0xDB, 0xB5, 0x6B, 0x2C, 0xCC, 0x00, 0xC9, 0x49, 0xC9, 0x1C, 0x8A, 0xD9, 0x6B, 0xE0, 0x0C, 0xA2,
    0x85, 0x10, 0xCF, 0x06, 0x93, 0x5D, 0xF6, 0x4E, 0x3C, 0x34, 0x31, 0xC3, 0xD2, 0x01, 0xF1, 0xC2,
    0xDE, 0x93, 0x8F, 0x2B, 0xBC, 0xFD, 0x07, 0xD2, 0x91, 0xE8, 0xCC, 0xC6, 0x5F, 0x2A, 0x77, 0xFB,
    0xEF, 0xFB, 0x4D, 0xF9, 0xCD, 0x9D, 0x4A, 0x68, 0x0F, 0xBF, 0x94, 0x67, 0xC5, 0x35, 0x3F, 0xC3,
    0xA6, 0xB5, 0x36, 0xFB, 0xF2, 0xDE, 0x3C, 0x4A, 0x06, 0x40, 0x43, 0x4C, 0xD1, 0x01, 0x91, 0x4A,
    0xC9, 0x3B, 0x45, 0x56, 0xBE, 0xA1, 0xD2, 0xE4, 0xB7, 0x50, 0x9E, 0x5B, 0xD1, 0x4B, 0x99, 0xAB,
    0x3B, 0xCF, 0x48, 0xD9, 0xFC, 0x42, 0x9D, 0x90, 0x6D, 0xF2, 0x94, 0x78, 0xB4, 0x44, 0xB0, 0x56,
    0x44, 0xF3, 0x86, 0x53, 0x32, 0x5A, 0x2E, 0xE2, 0xD9, 0x30, 0x52, 0x1A, 0x2A, 0x56, 0x02, 0xA8,
    0xD6, 0xCF, 0xD6, 0x7C, 0x2A, 0x25, 0xD1, 0x29, 0xF5, 0xAC, 0x37, 0x99, 0xB9, 0x3E, 0x7B, 0xA0,
    0xE8, 0x3E, 0x6C, 0xEF, 0xB5, 0x83, 0xE1, 0x1B, 0x23, 0x7B, 0x68, 0xF5, 0xB5, 0x09, 0x85, 0xF6,
    0xAD, 0xCF, 0x2E, 0xA8, 0xCA, 0x15, 0x21, 0xBF, 0x5C, 0x00, 0x08, 0x0A, 0x19, 0x88, 0x38, 0x21,
    0xAD, 0xFD, 0x4C, 0xBF, 0x75, 0x0D, 0xA3, 0xB1, 0xBF, 0x93, 0xC0, 0xA6, 0x68, 0x63, 0x6D, 0xB0,
    0xC0, 0xB0, 0x37, 0x64, 0x6E, 0x37, 0xCB, 0x95, 0x13, 0x0F, 0xED, 0x77, 0x5F, 0xBD, 0x67, 0x75,
    0x0F, 0xEE, 0xA6, 0x1E, 0xBD, 0x04, 0xE5, 0x26, 0x3F, 0x6D, 0x11, 0xCF, 0x47, 0xD2, 0x6A, 0x9F,
    0x6A, 0x6A, 0xF5, 0xB6, 0x29, 0x21, 0x80, 0xB0, 0x63, 0x08, 0x69, 0x09, 0xD2, 0x51, 0xF9, 0x66,
    0x41, 0xD9, 0xE6, 0x41, 0xDF, 0x2C, 0x7A, 0x8D, 0xDC, 0x29, 0xD1, 0x83, 0xD2, 0x51, 0x63, 0x36,
    0x68, 0x2C, 0x82, 0x46, 0xCF, 0xF8, 0xD6, 0x1A, 0xBB, 0xE8, 0x7B, 0x01, 0x45, 0x9F, 0xFE, 0x7E,
    0x40, 0x3E, 0xDE, 0xCA, 0x86, 0x17, 0x52, 0x19, 0x33, 0x19, 0x22, 0xE9, 0x12, 0x29, 0x71, 0x1D,
    0xB8, 0x79, 0x38, 0x89, 0x22, 0x39, 0x78, 0x61, 0x23, 0x65, 0x51, 0x1F, 0xBE, 0xA4, 0x71, 0xE7,
    0xCA, 0xAB, 0x60, 0x1A, 0xAC, 0xE3, 0xC7, 0xA2, 0xFC, 0xB3, 0x9F, 0x06, 0x00, 0xFE, 0x33, 0x23,
    0x80, 0x09, 0x67, 0x40, 0xD4, 0xE1, 0xC9, 0x2B, 0xAE, 0xC2, 0x2E, 0xFA, 0x9A, 0xC1, 0x75, 0x88,
    0x64, 0x89, 0x5B, 0x24, 0x6F, 0x88, 0x94, 0xBC, 0xE0, 0xE3, 0xF5, 0xDE, 0x9D, 0xAB, 0xCD, 0x7F,
    0xB7, 0x0F, 0x8A, 0x68, 0x8E, 0x66, 0xD8, 0x4E, 0x28, 0xA2, 0x29, 0x9A, 0xB0, 0xFF, 0xEE, 0xE3,
    0xD5, 0x56, 0xE1, 0x5E, 0x2F, 0x39, 0xF2, 0x73, 0xE7, 0x94, 0xFD, 0xE7, 0x06, 0xCE, 0x2E, 0xC5,
    0x02, 0xE3, 0xFB, 0x9F, 0x89, 0xA4, 0xBE, 0xD2, 0x8A, 0xC8, 0xC7, 0x9D, 0xD7, 0x80, 0x13, 0xE9,
    0x0A, 0x6E, 0xD6, 0xCD, 0xC9, 0x2C, 0xCF, 0xCD, 0xD0, 0x96, 0x9A, 0x31, 0x12, 0x90, 0x5E, 0x70,
    0x62, 0x93, 0x53, 0xAB, 0xDC, 0x66, 0x7D, 0xD3, 0x09, 0x12, 0x92, 0x8C, 0x17, 0x25, 0xC0, 0x7F,
    0x2A, 0xD5, 0x98, 0x54, 0x0B, 0x65, 0xEB, 0xEC, 0x16, 0x74, 0xB2, 0xBC, 0x6C, 0x13, 0x5A, 0x2A,
    0xD2, 0x81, 0x84, 0xEF, 0x69, 0xDB, 0xC6, 0xDC, 0x5E, 0xE4, 0xDB, 0x0B, 0x14, 0xE3, 0xF6, 0xC2,
    0x4F, 0x00, 0x8F, 0xFA, 0xBB, 0x09, 0xB8, 0x8D, 0x3C, 0x44, 0xFF, 0x2A, 0x88, 0x3B, 0x64, 0xF3,
    0x13, 0xAD, 0x74, 0xA7, 0x2D, 0x92, 0xED, 0x27, 0x07, 0x80, 0x8C, 0x48, 0x95, 0x3B, 0xAE, 0x95,
    0xC0, 0x89, 0xF9, 0x7C, 0x0E, 0xB5, 0xB9, 0x47, 0x32, 0x7F, 0x51, 0x5D, 0x4B, 0x26, 0x54, 0x75,
    0x3C, 0xAB, 0xBF, 0xD3, 0x0A, 0x2E, 0x28, 0xF7, 0xDD, 0x66, 0x78, 0xA1, 0xC1, 0xEF, 0x37, 0xC3,
    0x1F, 0x0C, 0x1D, 0x40, 0x5D, 0x9C, 0x75, 0x91, 0x2C, 0xBF, 0xFB, 0x3A, 0x22, 0xD1, 0x76, 0x4F,
    0x55, 0x56, 0xFC, 0x26, 0x6C, 0x45, 0x86, 0x94, 0xCC, 0x45, 0x43, 0x45, 0x0D, 0x1A, 0x1A, 0xC0,
    0x7D, 0x61, 0x06, 0x12, 0x19, 0x0F, 0x3F, 0xAC, 0xA9, 0xAD, 0xEE, 0x6D, 0x5C, 0x4D, 0x94, 0x83,
    0xA3, 0xFE, 0x0B, 0x0D, 0x9F, 0xB8, 0xD4, 0x73, 0xA8, 0xA8, 0x43, 0x72, 0xEF, 0x34, 0xA0, 0xE8,
    0xB2, 0x11, 0x55, 0x99, 0x8E, 0xEC, 0x25, 0xF1, 0xBC, 0x06, 0xDA, 0x9F, 0x0D, 0x28, 0xFA, 0x2C,
    0xA0, 0x69, 0x8B, 0x90, 0x2C, 0xF0, 0xFC, 0x41, 0x9C, 0x2C, 0x25, 0xFC, 0x0F, 0xCA, 0x5F, 0x43,
    0xD1, 0xB2, 0x57, 0xE4, 0x3E, 0x7F, 0x58, 0x3C, 0x31, 0xE9, 0x9C, 0x88, 0x6D, 0xF6, 0xDF, 0x64,
    0x01, 0xE3, 0xC3, 0xAF, 0x78, 0xC9, 0x96, 0x74, 0x8D, 0xAF, 0x11, 0x36, 0xC6, 0xA4, 0x0C, 0x72,
    0xDE, 0xFA, 0x0C, 0x59, 0x83, 0xB4, 0x41, 0xDE, 0x46, 0xDC, 0x98, 0x93, 0x3A, 0x19, 0x5F, 0x8E,
    0x6C, 0x95, 0xFC, 0x4D, 0x80, 0x29, 0x30, 0x09, 0xA6, 0x81, 0x22, 0x58, 0xA4, 0xB4, 0xAD, 0xC4,
    0x6D, 0x97, 0xE3, 0x87, 0x3D, 0x50, 0xC5, 0xC1, 0xB6, 0x10, 0xA3, 0x1A, 0x9F, 0xB8, 0x0A, 0x56,
    0xB3, 0x4C, 0x4A, 0x68, 0x89, 0xE6, 0x35, 0xC4, 0x6B, 0x98, 0x75, 0x80, 0xFC, 0x12, 0xB8, 0x9C,
    0xBC, 0x02, 0xFD, 0x21, 0x1B, 0x34, 0x65, 0xCA, 0x69, 0x81, 0xFD, 0xFA, 0x4B, 0xDD, 0xDB, 0x7E,
    0x39, 0x02, 0x2F, 0x78, 0x82, 0x03, 0x85, 0x5B, 0xA0, 0x0A, 0x26, 0xC4, 0x7C, 0x24, 0xE3, 0xE1,
    0xC7, 0x9C, 0xDB, 0x57, 0xF1, 0xED, 0xDB, 0xF8, 0xEF, 0x3F, 0x7E, 0x1C, 0x0A, 0xE9, 0xB2, 0x05,
    0xEE, 0xE6, 0xC6, 0xA3, 0xA9, 0xB5, 0x12, 0xFB, 0x7E, 0xBB, 0xDD, 0xB6, 0xC5, 0xA7, 0x60, 0xC5,
    0xDA, 0xD2, 0xC6, 0xB4, 0x35, 0x38, 0x7D, 0x2E, 0xD0, 0x06, 0x49, 0x2C, 0xB6, 0xA7, 0x36, 0xAA,
    0xAD, 0x6A, 0x9B, 0xF6, 0xEC, 0xAD, 0xE7, 0x16, 0xFA, 0x6C, 0x01, 0x7F, 0x78, 0x6A, 0xFB, 0x58,
    0x09, 0x20, 0x5B, 0x40, 0x0A, 0x3C, 0xC0, 0x8F, 0x80, 0x4C, 0x88, 0xE7, 0x19, 0x69, 0xEF, 0x51,
    0x94, 0x79, 0xF9, 0x02, 0xD5, 0x5A, 0xB9, 0x76, 0x52, 0xF2, 0xB6, 0xA4, 0x8E, 0xE2, 0xA8, 0xF4,
    0x59, 0xDB, 0x65, 0x58, 0xB3, 0x9D, 0xFD, 0x3B, 0x5E, 0xC6, 0xC9, 0xE4, 0x24, 0x83, 0xF1, 0x4A,
    0xC9, 0x6B, 0xF7, 0x1C, 0xCF, 0x90, 0xCA, 0x60, 0xF7, 0x3B, 0xB7, 0xFE, 0xE0, 0x71, 0x8C, 0xA6,
    0x14, 0xFE, 0x35, 0x90, 0xED, 0x1E, 0xFC, 0x6F, 0xD1, 0x07, 0xAC, 0xA1, 0x04, 0x16, 0xBB, 0xC6,
    0xEC, 0x55, 0xA2, 0x0D, 0xB5, 0x50, 0xD5, 0x48, 0x18, 0xAB, 0x1F, 0x05, 0x00, 0xB3, 0x8A, 0x43,
    0xA7, 0x4D, 0x83, 0xDD, 0x03, 0x66, 0xC5, 0xE9, 0xD2, 0x94, 0xDC, 0x62, 0xAB, 0x91, 0x0F, 0xC9,
    0x1A, 0xAB, 0xD6, 0x49, 0x0B, 0xD1, 0x2A, 0x38, 0x95, 0xB4, 0x09, 0xAF, 0x70, 0xB2, 0x41, 0x63,
    0x1E, 0x34, 0x16, 0x1A, 0x6B, 0xBB, 0x69, 0xE8, 0xBB, 0x6D, 0x1F, 0x14, 0xA2, 0x1C, 0x1D, 0x63,
    0x3C, 0x33, 0x72, 0x2A, 0xD4, 0xCE, 0x1A, 0x54, 0x4E, 0x3A, 0x6A, 0xB7, 0x89, 0xE5, 0xE5, 0x59,
    0x49, 0x49, 0xCF, 0xD3, 0x7F, 0x77, 0x43, 0xAF, 0x9A, 0x10, 0xB6, 0x5B, 0x79, 0xF1, 0xF7, 0x45,
    0x5A, 0x24, 0x75, 0x21, 0x97, 0xEF, 0xE0, 0x59, 0x66, 0x8F, 0xEE, 0x22, 0x97, 0xB6, 0x5A, 0xF0,
    0x51, 0x79, 0x43, 0x04, 0x68, 0xBE, 0xDB, 0x2A, 0xF3, 0xBF, 0xD2, 0x24, 0x37, 0xAF, 0x32, 0x06,
    0x8D, 0xD2, 0xA2, 0x2A, 0x21, 0x25, 0x1A, 0xB8, 0xFB, 0xA7, 0x6F, 0xB7, 0x68, 0xE4, 0x8F, 0x3D,
    0x78, 0x0A, 0x0C, 0x1A, 0xD3, 0x35, 0x8E, 0x9A, 0x85, 0x44, 0x23, 0x4F, 0x8A, 0x5E, 0x63, 0xDE,
    0x69, 0x2C, 0x5A, 0x24, 0xF3, 0x1F, 0xA9, 0x2E, 0x19, 0xA9, 0xB4, 0x63, 0x8E, 0x2F, 0x5D, 0x4A,
    0x64, 0xE1, 0x70, 0xFD, 0xED, 0x26, 0x1C, 0x96, 0xE2, 0x4F, 0x3E, 0x7C, 0x10, 0x16, 0x35, 0x22,
    0x5D, 0xBE, 0xC8, 0x5B, 0xA2, 0x9C, 0xD0, 0x95, 0xB0, 0x5B, 0xD4, 0xE1, 0x98, 0xCE, 0xA7, 0x23,
    0xE0, 0xE9, 0xBF, 0xDF, 0xFB, 0xDF, 0xFA, 0x9E, 0xB1, 0x63, 0x16, 0xDA, 0x7D, 0x16, 0x54, 0xE6,
    0x96, 0x85, 0x4E, 0xB5, 0x70, 0xF4, 0xD6, 0x87, 0x67, 0x16, 0xF8, 0x45, 0xB4, 0xB7, 0x94, 0x5B,
    0xB5, 0x1F, 0x84, 0x6D, 0x14, 0xA6, 0x45, 0xD6, 0x2D, 0xB5, 0x33, 0x1E, 0x76, 0x52, 0x2F, 0xA0,
    0xA5, 0xBF, 0xF2, 0x2A, 0x38, 0x6D, 0x3B, 0xEB, 0xFF, 0xFC, 0x8F, 0xDC, 0x2E, 0x28, 0x3E, 0x3B,
    0x00, 0x18, 0x71, 0xC1, 0x3B, 0x52, 0x4F, 0x5E, 0x71, 0x15, 0x47, 0xB5, 0xC6, 0x6A, 0x74, 0x3D,
    0x9C, 0xC8, 0xE7, 0x3A, 0x9E, 0x11, 0x35, 0xD2, 0xB2, 0x58, 0xEC, 0x06, 0xD2, 0x15, 0xE7, 0x6F,
    0xE5, 0x42, 0xDD, 0x76, 0x0B, 0x87, 0x3D, 0xD1, 0x7E, 0x65, 0xBF, 0x9A, 0xC1, 0x97, 0xD6, 0xBF,
    0xAD, 0x5C, 0x7D, 0x15, 0x33, 0x54, 0x83, 0x06, 0x79, 0x7F, 0xE4, 0xFC, 0x08, 0x2E, 0x95, 0x87,
    0xFD, 0x3A, 0xF7, 0x26, 0x2E, 0x97, 0x0F, 0xBF, 0x5F, 0x9F, 0x58, 0xA5, 0xF6, 0x4F, 0xFB, 0x8F,
    0x6D, 0x30, 0xB1, 0x7D, 0x47, 0x77, 0x5E, 0xAA, 0x3A, 0x79, 0xAF, 0x47, 0x24, 0xDF, 0x90, 0x96,
    0x83, 0x67, 0x8B, 0xA2, 0x43, 0xD5, 0x71, 0x60, 0xEB, 0x21, 0x88, 0x25, 0x44, 0x0B, 0xD2, 0xEF,
    0x05, 0x5D, 0xD4, 0x67, 0xBA, 0x66, 0x3E, 0xCB, 0x43, 0x3A, 0x61, 0xC8, 0x43, 0x36, 0xC6, 0xFD,
    0x1A, 0x87, 0xB4, 0xD6, 0xF5, 0x45, 0x0E, 0xDF, 0x65, 0xE1, 0x4C, 0x3D, 0x0B, 0x03, 0x9A, 0x3A,
    0xFB, 0xCF, 0x1E, 0x52, 0x66, 0x52, 0xBB, 0x05, 0xA9, 0x6C, 0xAB, 0x80, 0x6C, 0xA0, 0x49, 0x1D,
    0x62, 0x79, 0x4F, 0x80, 0xF4, 0x5B, 0x32, 0x00, 0x05, 0x4E, 0x48, 0x68, 0x57, 0xE2, 0x99, 0x20,
    0xA6, 0xB8, 0x3C, 0xFC, 0x3E, 0x32, 0xED, 0x76, 0x9B, 0x28, 0xAF, 0xE0, 0x81, 0x99, 0xF0, 0x7A,
    0x59, 0x49, 0x09, 0xDF, 0x3E, 0x21, 0x9A, 0x49, 0x26, 0x96, 0x59, 0x15, 0x44, 0x33, 0x23, 0x47,
    0xE5, 0xFD, 0xD8, 0x9C, 0x8C, 0x36, 0x2A, 0x6B, 0xBC, 0x7F, 0x54, 0xD6, 0x17, 0x79, 0x67, 0x13,
    0xCB, 0x76, 0x51, 0xD5, 0xF4, 0x6B, 0x74, 0x3F, 0xD2, 0x18, 0x7F, 0x51, 0xE3, 0x53, 0xF9, 0x1A,
    0xDF, 0xBE, 0xC8, 0xDF, 0x7E, 0x25, 0x97, 0x90, 0x49, 0x9F, 0x4A, 0x9D, 0x48, 0xA9, 0x73, 0x37,
    0x33, 0x13, 0xC9, 0x61, 0x63, 0x31, 0x0B, 0x07, 0x19, 0xB7, 0x0E, 0x0B, 0xE7, 0xA8, 0xBE, 0xF2,
    0x2A, 0x6C, 0xC8, 0xE6, 0x68, 0x97, 0x32, 0x16, 0xEB, 0xB1, 0xB6, 0x78, 0x86, 0x1B, 0x55, 0x46,
    0xCC, 0xE5, 0xF3, 0xD5, 0x56, 0xC1, 0xF2, 0xDA, 0xFA, 0x07, 0x27, 0x6E, 0xD1, 0x18, 0x71, 0xB9,
    0x74, 0x69, 0xB4, 0xB8, 0xD2, 0x2A, 0xF6, 0x1B, 0xD3, 0xFD, 0x7E, 0x03, 0x72, 0xD9, 0x7F, 0xC1,
    0x39, 0xED, 0x08, 0x1F, 0xC2, 0x03, 0xE5, 0xA4, 0x84, 0xBB, 0xC3, 0x3D, 0xB0, 0x64, 0x82, 0x6B,
    0x02, 0xD2, 0xC5, 0x16, 0xF4, 0x2B, 0xA4, 0x23, 0xAB, 0x49, 0x26, 0x42, 0xBC, 0xC2, 0x6C, 0x27,
    0xE2, 0x04, 0x44, 0x0B, 0x01, 0x02, 0x37, 0x28, 0x94, 0x71, 0xE0, 0x2C, 0x18, 0xF7, 0xE0, 0x58,
    0x69, 0xD7, 0x0F, 0x59, 0xCD, 0x15, 0x4A, 0x61, 0x1B, 0xA4, 0xC7, 0xD6, 0xE9, 0x2F, 0x0C, 0x06,
    0x12, 0x7B, 0x87, 0xA4, 0x63, 0x69, 0x0D, 0xCA, 0xED, 0x1C, 0xD9, 0xAD, 0x63, 0xA2, 0x81, 0x90,
    0x84, 0xFD, 0xFD, 0x40, 0x5F, 0xEE, 0xF6, 0xEE, 0xD3, 0xF1, 0xB0, 0xD5, 0xFA, 0x7F, 0x9E, 0x97,
    0xF2, 0x70, 0xC3, 0xE2, 0x74, 0x29, 0x15, 0xF0, 0xCC, 0xB9, 0xA2, 0x17, 0xA5, 0x73, 0x64, 0x8D,
    0x08, 0x18, 0x0F, 0xD5, 0x30, 0xEB, 0xB0, 0x95, 0x6A, 0xBC, 0xC5, 0xE8, 0x25, 0x20, 0x19, 0x0B,
    0x9D, 0x03, 0x07, 0x91, 0x0E, 0xE9, 0x7F, 0xF4, 0x3E, 0x20, 0x7B, 0xA7, 0xCC, 0xD6, 0xF8, 0xEF,
    0x5C, 0x64, 0x4E, 0xDA, 0x7C, 0x31, 0x68, 0xF4, 0x81, 0xB1, 0x3B, 0xEC, 0xC0, 0x54, 0x35, 0x2F,
    0x60, 0x4B, 0x4D, 0xB0, 0x30, 0x43, 0xA2, 0xB6, 0x70, 0x56, 0x69, 0xD9, 0x5B, 0xCA, 0x35, 0x3A,
    0x0E, 0x86, 0x7C, 0xD0, 0xFA, 0x99, 0x75, 0xC8, 0x5F, 0x0B, 0x90, 0xBD, 0x27, 0x5C, 0xA5, 0x9F,
    0xD8, 0xB2, 0x88, 0x36, 0x82, 0x9E, 0x5E, 0xBE, 0xF0, 0xAD, 0x76, 0xB1, 0x11, 0x6A, 0x63, 0xB4,
    0x62, 0xD6, 0xD1, 0xBC, 0xA2, 0x2F, 0x3A, 0x82, 0xEF, 0x2D, 0x39, 0xAD, 0x9A, 0x52, 0xDA, 0x66,
    0x22, 0x1E, 0xD1, 0x1E, 0xF2, 0x5F, 0x7D, 0xD4, 0x21, 0xCC, 0xE5, 0x58, 0x19, 0xC6, 0xF1, 0x5F,
    0x5B, 0x76, 0x9B, 0xDD, 0x26, 0x5B, 0xB5, 0x06, 0x44, 0x2D, 0x82, 0xA1, 0x16, 0x31, 0xDF, 0xF4,
    0x7A, 0x03, 0x82, 0x4F, 0x21, 0xC0, 0x1B, 0x2C, 0x82, 0xA4, 0xF5, 0x0A, 0xBC, 0xC0, 0xC2, 0x20,
    0xB0, 0x88, 0x99, 0xB4, 0x5E, 0xD5, 0x8C, 0xAF, 0x40, 0xA1, 0x2A, 0x4A, 0xD2, 0x99, 0xF4, 0xF6,
    0xE5, 0x36, 0x27, 0x24, 0x5F, 0x66, 0x80, 0x47, 0xDC, 0xE7, 0x7F, 0x4F, 0xFE, 0x69, 0x7A, 0xDE,
    0xD3, 0x1C, 0x2F, 0x92, 0x8D, 0x71, 0x65, 0xA3, 0x89, 0x44, 0x8C, 0xFF, 0xC8, 0xC6, 0x0F, 0xCF,
    0xBF, 0x5E, 0x15, 0x27, 0xDD, 0xA4, 0x58, 0xD5, 0x3B, 0xFD, 0x45, 0xBA, 0x85, 0x71, 0x50, 0x2C,
    0xC6, 0x89, 0xB8, 0x29, 0xE6, 0x2C, 0x10, 0x64, 0x43, 0x71, 0x26, 0xA2, 0x3A, 0xC8, 0x02, 0xEA,
    0x9D, 0xFC, 0x84, 0x66, 0xA3, 0xB8, 0x43, 0xB7, 0x52, 0x1C, 0xD0, 0x2D, 0x94, 0xE7, 0xDB, 0xB7,
    0x83, 0x7E, 0xA6, 0x8A, 0x88, 0xC1, 0x38, 0x51, 0x7D, 0x7C, 0x7E, 0xBE, 0xB9, 0xA8, 0xDE, 0x20,
    0x2E, 0x5A, 0x49, 0xD4, 0x24, 0x1A, 0x68, 0x17, 0x12, 0x75, 0x33, 0x8C, 0x13, 0xDD, 0x04, 0x7D,
    0x22, 0x3F, 0xD0, 0x4D, 0xE9, 0xDF, 0x6B, 0x97, 0x33, 0x0E, 0xFC, 0x5E, 0xBD, 0x12, 0x37, 0x76,
    0xD5, 0x41, 0x90, 0x6F, 0xF2, 0xB8, 0xE5, 0x91, 0x1E, 0x9E, 0xA6, 0x12, 0x2B, 0x55, 0xA2, 0x05,
    0xDF, 0xFF, 0x02, 0xE0, 0xEB, 0xBF, 0xF0, 0xC3, 0x3F, 0xBB, 0xBC, 0x25, 0x8B, 0x18, 0x54, 0xE7,
    0x6F, 0x8F, 0xFA, 0x5F, 0xFD, 0xA2, 0x5D, 0xF2, 0xE8, 0x86, 0x66, 0x35, 0x0E, 0x22, 0xD4, 0x6B,
    0x16, 0x8C, 0xC7, 0x03, 0x8A, 0x83, 0x7E, 0xD7, 0xAC, 0xE5, 0x41, 0xB7, 0x3E, 0xCC, 0x7A, 0xBB,
    0x40, 0x3F, 0x35, 0x2B, 0xFD, 0x92, 0xC5, 0xAD, 0xBD, 0x60, 0xFA, 0xD1, 0x5D, 0xB7, 0xD0, 0xFF,
    0x33, 0x96, 0xF4, 0xC6, 0x71, 0xBA, 0x40, 0x7C, 0xB8, 0xA5, 0x3D, 0xC5, 0xE0, 0x02, 0xD9, 0x7F,
    0xA0, 0x48, 0x30, 0x2B, 0x63, 0x42, 0xBB, 0xA8, 0x63, 0xF2, 0x8D, 0x7A, 0xD5, 0xC6, 0xEA, 0x95,
    0x6A, 0x17, 0x3F, 0xBF, 0x7F, 0x7D, 0xC8, 0xE3, 0x6F, 0xF7, 0x22, 0x62, 0xA5, 0x8F, 0xD9, 0x18,
    0x03, 0xD9, 0x2F, 0xC9, 0xD2, 0xDE, 0xBE, 0x93, 0xAD, 0xA8, 0xA7, 0x7A, 0x42, 0xB9, 0xF4, 0x50,
    0x7C, 0xBA, 0x43, 0x16, 0x1B, 0x88, 0x19, 0xF4, 0x83, 0xCF, 0x53, 0xC6, 0x09, 0x63, 0xC4, 0xE2,
    0x9A, 0x66, 0xBB, 0x51, 0xA5, 0x09, 0xD7, 0xAB, 0xE2, 0xA0, 0x9D, 0xAF, 0xD2, 0x4D, 0xF2, 0xF5,
    0x2A, 0xD0, 0xCD, 0xA9, 0x16, 0xD0, 0xAE, 0xA0, 0xB9, 0x83, 0x2A, 0x06, 0x28, 0x62, 0x03, 0x71,
    0x26, 0x27, 0xE6, 0x97, 0xAB, 0xFD, 0x01, 0xEA, 0x53, 0x5A, 0x05, 0x59, 0xDC, 0x7C, 0x83, 0x47,
    0xBD, 0x49, 0x35, 0xBE, 0x28, 0xC6, 0x41, 0x96, 0xE6, 0x5A, 0x1C, 0xB4, 0x9B, 0x66, 0xA3, 0x8A,
    0xBF, 0xC6, 0x84, 0x31, 0x3E, 0x42, 0xF6, 0x0C, 0xF2, 0xD9, 0x2B, 0xB6, 0x6C, 0xE7, 0x7D, 0xB5,
    0xD0, 0xF5, 0x13, 0x5D, 0xA0, 0x39, 0x50, 0x6D, 0x5E, 0x24, 0x7B, 0xFB, 0x07, 0x9A, 0x38, 0x19,
    0xFF, 0x18, 0x43, 0x76, 0xE8, 0xA6, 0x62, 0xD7, 0x4C, 0xC5, 0xA6, 0x9E, 0xCA, 0xCD, 0x77, 0xCA,
    0x03, 0xC5, 0x89, 0x3C, 0x66, 0xC4, 0x1D, 0x6D, 0x4C, 0x94, 0xB1, 0xA6, 0xED, 0x50, 0x1D, 0xC8,
    0xEF, 0x7E, 0xC6, 0xE9, 0xE0, 0x9E, 0x7E, 0x4E, 0xF9, 0x61, 0xBC, 0x95, 0xAB, 0xEE, 0xD3, 0x38,
    0xAB, 0xE2, 0xC4, 0xF7, 0x37, 0x00, 0x34, 0x43, 0x73, 0x43, 0x37, 0x75, 0xD3, 0x17, 0xF5, 0xAD,
    0x6F, 0xFD, 0xF7, 0xF4, 0x71, 0xEA, 0x63, 0x1F, 0x1F, 0x35, 0xC6, 0x5E, 0x85, 0x6B, 0x7E, 0xC5,
    0x89, 0xBB, 0x3C, 0xC8, 0x77, 0x59, 0x50, 0x2C, 0xC4, 0xA0, 0x9A, 0x18, 0x27, 0x0D, 0xBA, 0xC9,
    0x53, 0x3A, 0xBC, 0x1D, 0xED, 0x9A, 0xAF, 0xA8, 0xD7, 0x72, 0xBA, 0x6A, 0xAF, 0x6F, 0x28, 0x8F,
    0x37, 0x50, 0x1C, 0xEF, 0x20, 0x3F, 0x57, 0xC8, 0x62, 0x06, 0x31, 0xA4, 0x92, 0x16, 0x53, 0x9D,
    0x92, 0x09, 0x8A, 0x7B, 0xAA, 0x03, 0x94, 0xA9, 0xAA, 0x1D, 0xD4, 0xA9, 0xDA, 0x03, 0x9A, 0x88,
    0x0D, 0x5D, 0xC4, 0x0A, 0xD4, 0x6C, 0x28, 0xA7, 0x6A, 0x46, 0xB1, 0x76, 0x37, 0x64, 0xF7, 0x13,
    0xC4, 0x0E, 0xC6, 0xE4, 0x76, 0xC3, 0x97, 0x1F, 0xF3, 0x23, 0x87, 0x2A, 0x55, 0xFD, 0xB8, 0x8F,
    0xFA, 0x5D, 0x3D, 0xD1, 0x2F, 0x9A, 0x1B, 0x31, 0x69, 0x29, 0x82, 0x27, 0xEA, 0x3B, 0x3F, 0xA6,
    0xDD, 0x70, 0x19, 0xB8, 0x0C, 0x92, 0x21, 0x19, 0xFE, 0xBF, 0x71, 0x7C, 0x69, 0x64, 0xFF, 0xCB,
    0xF8, 0x2A, 0x19, 0x4D, 0xBA, 0x02, 0x7E, 0x9A, 0x8C, 0xA7, 0x64, 0xBC, 0xBB, 0x0C, 0xE5, 0xA1,
    0x8F, 0x47, 0x76, 0xE3, 0x55, 0x1B, 0xAC, 0x1A, 0x97, 0xE0, 0x3D, 0x74, 0xE5, 0x06, 0xED, 0x9F,
    0x66, 0xA8, 0x63, 0x80, 0xEA, 0x04, 0xE5, 0xEE, 0xF3, 0x7C, 0xF5, 0xFC, 0xFC, 0xEC, 0xF2, 0xE2,
    0x32, 0x9B, 0x47, 0xA1, 0xBD, 0x15, 0x77, 0x3C, 0xA5, 0x03, 0xF9, 0x9D, 0x66, 0xC5, 0x6F, 0x74,
    0x13, 0x88, 0x1B, 0x14, 0x27, 0xA8, 0x0E, 0x48, 0x86, 0x97, 0x06, 0xF9, 0xF9, 0xF2, 0x6C, 0xEB,
    0x35, 0x19, 0xB3, 0x9F, 0x60, 0x1C, 0xBC, 0x26, 0x0F, 0xFE, 0x9E, 0x8C, 0xCD, 0x75, 0x1A, 0xBF,
    0x5A, 0x69, 0xD3, 0x15, 0xDD, 0xA5, 0xFB, 0xF9, 0xDF, 0x62, 0x40, 0x06, 0xFB, 0x7F, 0x00, 0x0A,
    0x9D, 0x03, 0x0C, 0x86, 0x61, 0x30, 0x8A, 0xE3, 0xAF, 0x1B, 0xC2, 0x86, 0x01, 0x18, 0xE8, 0x11,
    0x72, 0x84, 0xF4, 0x10, 0xBB, 0x4F, 0xB3, 0x93, 0xA5, 0x47, 0xE8, 0x11, 0x76, 0x84, 0xA1, 0x18,
    0x96, 0xBC, 0xC9, 0xFB, 0x82, 0x35, 0xD0, 0x0F, 0x7E, 0x5E, 0x02, 0x7F, 0xE1, 0xC8, 0xA9, 0x3A,
    0xAE, 0xF3, 0x52, 0x0D, 0x31, 0xC8, 0x04, 0xAF, 0x77, 0xE2, 0x5E, 0x41, 0x81, 0x6E, 0xC8, 0xE6,
    0xA9, 0x79, 0xCE, 0x0F, 0x4D, 0xB2, 0x68, 0x92, 0xF6, 0xE1, 0x36, 0x81, 0xEB, 0xDB, 0xBC, 0x75,
    0x8E, 0x2F, 0xD3, 0xAF, 0x66, 0x58, 0x3A, 0xA3, 0x39, 0x4F, 0x66, 0x6A, 0x12, 0x3B, 0x87, 0xD2,
    0xE5, 0x7C, 0x3B, 0x3F, 0xD8, 0xE7, 0xC8, 0xA3, 0x9C, 0x4B, 0xCB, 0x08, 0x08, 0xD1, 0x4C, 0x90,
    0xCF, 0x2C, 0x3D, 0x37, 0xE9, 0x18, 0xF1, 0x7F, 0x3F, 0x63, 0xE0, 0xFF, 0xC2, 0xC0, 0x60, 0xFF,
    0x83, 0x81, 0x61, 0xFF, 0x1F, 0x06, 0xA6, 0xBF, 0xFF, 0x18, 0xB8, 0x3F, 0xD8, 0x33, 0xC8, 0x37,
    0xF0, 0x37, 0x58, 0x30, 0x30, 0x35, 0x30, 0x64, 0x32, 0x30, 0x30, 0x30, 0xFF, 0xBF, 0xC0, 0xED,
    0xC0, 0xFF, 0xFF, 0x87, 0x3C, 0x83, 0x1C, 0xF7, 0xFF, 0xBF, 0x0C, 0x36, 0x8C, 0xFF, 0xBF, 0x30,
    0x08, 0x30, 0x48, 0x35, 0x30, 0x00, 0x00, 0x9D, 0x95, 0x01, 0x84, 0x25, 0xC9, 0x19, 0xC7, 0x7F,
    0xDD, 0x3D, 0xB3, 0x7D, 0x3B, 0xED, 0xB6, 0x06, 0xB3, 0x61, 0xF7, 0xB2, 0xD3, 0xC1, 0x62, 0xB3,
    0xBB, 0x33, 0x0D, 0xC8, 0x43, 0xBF, 0xD7, 0x75, 0x7B, 0x38, 0x10, 0x16, 0x3B, 0x39, 0x72, 0xB8,
    0x13, 0x81, 0xBB, 0xC8, 0x2D, 0x0C, 0x06, 0xB3, 0xDB, 0xB5, 0x07, 0x07, 0xC8, 0x42, 0xC0, 0x09,
    0x4B, 0x16, 0xD9, 0x07, 0x19, 0x31, 0x61, 0x12, 0xB3, 0xD3, 0x15, 0x07, 0x08, 0xD2, 0x41, 0x42,
    0x40, 0x9A, 0x6C, 0x88, 0x44, 0x28, 0x34, 0x7A, 0xE7, 0xFA, 0xBD, 0x2F, 0x5D, 0xFB, 0xE6, 0xB9,
    0x49, 0x4E, 0x0E, 0xF7, 0xD5, 0xD7, 0xDF, 0xF7, 0x5E, 0x75, 0x7D, 0xDF, 0xF7, 0xFF, 0xAA, 0xFF,
    0xAA, 0x8A, 0x9A, 0xD4, 0x91, 0xB4, 0x84, 0x1D, 0xF4, 0x30, 0x81, 0x35, 0xA8, 0x2C, 0x42, 0xD4,
    0x93, 0x38, 0x52, 0xCB, 0x04, 0x9E, 0x02, 0x49, 0x07, 0x59, 0x0F, 0xE5, 0x8C, 0x60, 0x56, 0x11,
    0xBB, 0x42, 0xA7, 0x46, 0xD9, 0x6F, 0x13, 0x5A, 0x3E, 0x00, 0x62, 0xB1, 0x0A, 0x25, 0xED, 0x36,
    0xE3, 0x54, 0x7A, 0xF6, 0x42, 0x71, 0xAC, 0x73, 0x53, 0xF3, 0xE1, 0x74, 0xAA, 0x2B, 0x11, 0xFF,
    0x70, 0x73, 0x3A, 0x35, 0x85, 0x88, 0x2D, 0x45, 0xF4, 0x01, 0x8A, 0x23, 0xB6, 0x79, 0xF8, 0x66,
    0x4F, 0x21, 0x2D, 0x4A, 0x6A, 0x82, 0x67, 0xB0, 0xA6, 0x8B, 0xBA, 0x1C, 0x46, 0x61, 0x57, 0x01,
    0xC8, 0xC8, 0x28, 0x4D, 0x69, 0x2A, 0x5B, 0x99, 0x52, 0x97, 0xFA, 0x0A, 0x57, 0x00, 0x12, 0xD1,
    0x85, 0xD4, 0x79, 0xEC, 0xD6, 0x23, 0x47, 0xD2, 0x04, 0x95, 0x89, 0x5E, 0x12, 0x5B, 0x62, 0x43,
    0x00, 0xE1, 0xDC, 0xE7, 0x2B, 0xEE, 0xB8, 0x9C, 0x6E, 0x9F, 0xA3, 0x41, 0x27, 0x41, 0x9B, 0x4A,
    0x13, 0x8B, 0x06, 0x28, 0x9A, 0xD2, 0x52, 0x19, 0xD1, 0xC1, 0x3C, 0x9A, 0x11, 0x75, 0x89, 0x23,
    0xA9, 0x53, 0x4B, 0xA6, 0x27, 0x30, 0x62, 0x17, 0x0E, 0x49, 0xF4, 0x98, 0x87, 0x64, 0x77, 0x3A,
    0xD4, 0x5F, 0x1D, 0x4A, 0x2C, 0xB1, 0x40, 0x38, 0xF3, 0x08, 0x95, 0x4E, 0x49, 0x19, 0x5A, 0x25,
    0x07, 0xD6, 0x78, 0x92, 0x06, 0x6E, 0x3B, 0x6C, 0x26, 0x51, 0x33, 0x8E, 0xEA, 0x3C, 0xB2, 0xFB,
    0xB1, 0x05, 0xE4, 0xCD, 0x39, 0x85, 0x15, 0xD2, 0xA1, 0x97, 0xC4, 0xA5, 0x75, 0xD8, 0xC5, 0x8E,
    0xE3, 0xA0, 0x63, 0x8B, 0x3D, 0x80, 0x13, 0x10, 0x02, 0x81, 0x39, 0xEE, 0xBA, 0x6A, 0x19, 0x9F,
    0x04, 0x7D, 0x21, 0x2E, 0x15, 0x1B, 0x3E, 0x83, 0xEA, 0x31, 0xB1, 0x74, 0xF8, 0xCD, 0x2C, 0xF4,
    0x43, 0x8E, 0x49, 0x39, 0x60, 0x0D, 0x56, 0x39, 0x89, 0x5F, 0x28, 0x3D, 0xE1, 0x01, 0x15, 0x62,
    0xC5, 0x55, 0xAE, 0x68, 0xD6, 0x74, 0xF8, 0x44, 0xF5, 0x6A, 0xAE, 0xE6, 0xD1, 0x9C, 0x39, 0x43,
    0xBF, 0x81, 0x4B, 0xED, 0x09, 0x77, 0xB9, 0xF0, 0x38, 0x6B, 0x8B, 0xB6, 0x72, 0x52, 0xCF, 0xE9,
    0x38, 0x22, 0x27, 0xD3, 0x49, 0xC3, 0x13, 0xF8, 0x7F, 0x11, 0xA5, 0xCD, 0x6A, 0xE5, 0xA2, 0x96,
    0x9E, 0x07, 0x5C, 0xA3, 0x68, 0x28, 0x2D, 0x42, 0xD4, 0x91, 0x34, 0xA4, 0x9A, 0x1B, 0xC0, 0x2A,
    0x28, 0x8D, 0x22, 0x13, 0x8A, 0x39, 0x97, 0x1F, 0xC0, 0x18, 0x72, 0xFC, 0xB4, 0x57, 0x52, 0x21,
    0x13, 0xC6, 0xF7, 0xC8, 0x61, 0x04, 0x57, 0xA7, 0x4F, 0x0B, 0x71, 0x37, 0xA7, 0x8E, 0xC0, 0x11,
    0x36, 0x44, 0x35, 0x91, 0xF5, 0x1A, 0x1B, 0x12, 0x03, 0x71, 0xA3, 0x3A, 0xD5, 0xC7, 0x3D, 0x1D,
    0xAD, 0x87, 0xF1, 0x00, 0x80, 0xD0, 0x29, 0x57, 0xE8, 0x7D, 0xFC, 0x28, 0x74, 0x66, 0x62, 0xCD,
    0x21, 0x38, 0xF0, 0x69, 0xF8, 0xD1, 0xA9, 0xAE, 0x64, 0x60, 0x17, 0xA5, 0xE7, 0x96, 0x7E, 0xE7,
    0x4F, 0xF8, 0x7C, 0xD6, 0xE7, 0xBB, 0x00, 0x6C, 0xC0, 0x11, 0xB4, 0xDC, 0x3C, 0xD5, 0x85, 0x98,
    0x5B, 0xA7, 0x7A, 0x51, 0x33, 0x34, 0x14, 0xE2, 0x06, 0x05, 0x08, 0x6B, 0x8F, 0x24, 0x5E, 0x86,
    0x29, 0xFD, 0xAD, 0x82, 0x72, 0x4E, 0xD9, 0x53, 0x38, 0x80, 0x2D, 0xC6, 0xE4, 0x7E, 0x6B, 0xE8,
    0xE8, 0x57, 0xA4, 0xAF, 0xFA, 0xCC, 0xC1, 0x15, 0x3C, 0x19, 0xC5, 0x56, 0xE6, 0x0A, 0x00, 0xA9,
    0xCE, 0x74, 0x61, 0xFD, 0x28, 0xBD, 0x35, 0x6B, 0x5C, 0x25, 0x9C, 0x93, 0x4A, 0x5D, 0xBC, 0xED,
    0xF6, 0x69, 0x17, 0x3A, 0x09, 0x5D, 0xB6, 0xE4, 0x5F, 0x70, 0x2F, 0x6A, 0x93, 0x46, 0xD9, 0x94,
    0x2D, 0x46, 0x00, 0x1B, 0x90, 0xC3, 0x73, 0x10, 0x4B, 0xDA, 0x90, 0x38, 0xAF, 0xAA, 0xD9, 0x29,
    0x6D, 0x25, 0xBA, 0x6A, 0x21, 0xD3, 0x61, 0x8B, 0xAA, 0xC9, 0x0C, 0x85, 0xC6, 0xAB, 0xA5, 0x38,
    0x7D, 0xEC, 0xA9, 0x22, 0xFA, 0x82, 0x56, 0x5A, 0x91, 0x92, 0x31, 0x61, 0x0C, 0x64, 0x22, 0xA2,
    0x8B, 0xC1, 0x50, 0x4C, 0xA7, 0xC2, 0x03, 0x98, 0x70, 0x04, 0x5B, 0x1C, 0x42, 0xCE, 0x5D, 0xD8,
    0x60, 0x7D, 0x05, 0x7D, 0x70, 0x89, 0xE6, 0x60, 0x3B, 0xAC, 0x7F, 0x53, 0x7D, 0x6A, 0xCB, 0xBF,
    0x09, 0x57, 0xF5, 0x53, 0x46, 0xC4, 0xB6, 0xA0, 0x20, 0x7D, 0xD4, 0xA3, 0xFE, 0xE5, 0x88, 0xA5,
    0x26, 0x12, 0x4D, 0x30, 0x07, 0x52, 0x07, 0x45, 0x0B, 0xD2, 0x13, 0xCD, 0x7A, 0x54, 0x53, 0x52,
    0xE8, 0x54, 0xEF, 0x71, 0x41, 0xE7, 0xC4, 0x26, 0x47, 0x51, 0xBC, 0x79, 0xE2, 0x19, 0x4B, 0x22,
    0x0E, 0xA6, 0x1A, 0x4A, 0x1F, 0xDF, 0xA3, 0x64, 0x4E, 0xA6, 0x0B, 0xFC, 0x9A, 0x5D, 0x62, 0xF8,
    0x00, 0x88, 0xA4, 0x4E, 0x50, 0xD2, 0xA5, 0x6C, 0x27, 0xD2, 0x93, 0x07, 0xD2, 0xFA, 0x23, 0xC3,
    0xFC, 0xEF, 0x91, 0x31, 0x7D, 0x52, 0x8A, 0x88, 0xF3, 0xA6, 0x59, 0xDD, 0xD9, 0xD9, 0xB9, 0x97,
    0x8A, 0x48, 0x9F, 0x79, 0xC3, 0x52, 0xB8, 0x3C, 0xBC, 0xB8, 0xFB, 0x6A, 0x5D, 0xE5, 0x0D, 0x3F,
    0x84, 0x44, 0xCC, 0x66, 0x26, 0x2E, 0x1F, 0xA7, 0xD2, 0x1D, 0x46, 0xD2, 0xDC, 0xE5, 0x43, 0xBF,
    0x2D, 0xF3, 0xE1, 0x99, 0x0D, 0x69, 0x7F, 0x51, 0x8A, 0x97, 0xB6, 0x5A, 0xB8, 0xA1, 0xA8, 0x2F,
    0x05, 0x00, 0xEC, 0x43, 0x38, 0x83, 0xAC, 0x25, 0x14, 0xBD, 0x74, 0x69, 0x0B, 0xA5, 0x81, 0x1B,
    0x7C, 0x49, 0x46, 0x00, 0x3C, 0x00, 0xA0, 0x03, 0x08, 0x1D, 0x40, 0x5C, 0x03, 0x28, 0x0B, 0x90,
    0x02, 0x30, 0x01, 0xE0, 0x18, 0x20, 0x68, 0x01, 0x22, 0x07, 0x90, 0x58, 0x00, 0x65, 0x00, 0x8A,
    0xAF, 0x9F, 0xAB, 0xF9, 0x1A, 0xB9, 0xB2, 0x73, 0xB9, 0x6E, 0x73, 0x5E, 0x14, 0xCA, 0xC6, 0x4D,
    0xE0, 0x02, 0x17, 0x36, 0x6F, 0xD4, 0xA5, 0x39, 0x62, 0x0B, 0x12, 0x9D, 0x83, 0x62, 0x0C, 0x29,
    0xA5, 0xE6, 0x84, 0x4A, 0x64, 0xE6, 0x4D, 0x8F, 0xFF, 0x36, 0x00, 0x90, 0xF8, 0x6F, 0xA5, 0x06,
    0x53, 0x2B, 0x88, 0xEC, 0x2B, 0xB3, 0x09, 0xB1, 0xD9, 0xDE, 0xD9, 0x79, 0xF7, 0x15, 0x37, 0xB5,
    0xFF, 0xB0, 0xA0, 0x57, 0x48, 0xFA, 0xD2, 0x16, 0x27, 0x9F, 0x37, 0x7B, 0xEA, 0x51, 0x73, 0xA0,
    0x68, 0x9E, 0xAC, 0xF1, 0x18, 0xB8, 0xB8, 0x46, 0x7A, 0x9F, 0xA4, 0x27, 0x76, 0x64, 0x1D, 0xE3,
    0x9C, 0xF5, 0x0D, 0x20, 0x78, 0x1E, 0x77, 0xCA, 0xFA, 0xAB, 0x47, 0xD5, 0xB1, 0x8B, 0x86, 0x11,
    0xBB, 0xD2, 0x3E, 0x07, 0x00, 0xF0, 0x35, 0xFB, 0xD4, 0x9B, 0x57, 0x4C, 0x61, 0x29, 0x7C, 0x41,
    0x8D, 0x57, 0x4C, 0xA9, 0x4C, 0x61, 0xD3, 0x26, 0x76, 0x61, 0xCB, 0x31, 0xB7, 0x29, 0x1A, 0xAA,
    0x2F, 0x1D, 0x72, 0x5F, 0xC9, 0x51, 0x50, 0x36, 0x6B, 0x52, 0x17, 0x37, 0x51, 0x3D, 0xB4, 0xC5,
    0xFB, 0xE0, 0x39, 0x47, 0x30, 0x07, 0xC2, 0x39, 0x64, 0x6F, 0xF5, 0x19, 0xE5, 0x67, 0x5D, 0x69,
    0xCA, 0xCF, 0x5C, 0x65, 0xCA, 0x4F, 0xEA, 0x52, 0x5F, 0x89, 0xCD, 0x15, 0xB8, 0x00, 0x14, 0xA6,
    0xD4, 0x95, 0x16, 0x06, 0x4C, 0xCD, 0x15, 0x3C, 0x6A, 0xEB, 0x51, 0x9B, 0xEC, 0x9F, 0x53, 0xD1,
    0x13, 0xC8, 0xC8, 0x21, 0x65, 0x0F, 0x36, 0x59, 0x87, 0x15, 0xBE, 0x9A, 0xF8, 0xD5, 0xB2, 0xBB,
    0x06, 0x58, 0xDE, 0x48, 0x8B, 0x4B, 0xE9, 0xFC, 0x8D, 0x54, 0xF4, 0x65, 0x7F, 0xF9, 0x98, 0x23,
    0x5A, 0x1C, 0x4B, 0xAA, 0xBF, 0x0E, 0x7C, 0xB0, 0x0D, 0x91, 0xF4, 0xCA, 0xB7, 0xBA, 0x7D, 0xD6,
    0x6A, 0xE2, 0x5B, 0x4D, 0x7D, 0xAB, 0xE7, 0x58, 0xB1, 0x0E, 0x41, 0x0F, 0xE1, 0xD9, 0x43, 0x0B,
    0xF7, 0x20, 0x96, 0x7A, 0x33, 0x95, 0xF9, 0xF3, 0xF1, 0x7B, 0xD2, 0xED, 0x06, 0x67, 0x20, 0x52,
    0x03, 0x85, 0x5D, 0x3C, 0x99, 0x06, 0x80, 0x55, 0x0D, 0x54, 0x5D, 0x58, 0x47, 0x22, 0x9F, 0xDA,
    0xF8, 0xCF, 0x22, 0x5A, 0x91, 0xCD, 0x00, 0x34, 0x6C, 0x00, 0xE1, 0x62, 0xC3, 0x67, 0x1F, 0xB1,
    0xFD, 0xDE, 0x62, 0xC3, 0x1D, 0xB0, 0x0A, 0x00, 0x81, 0xB9, 0x4E, 0x6C, 0x72, 0x32, 0x11, 0x4A,
    0x91, 0xC1, 0xF7, 0x5C, 0xE2, 0x80, 0x00, 0xC3, 0x52, 0x0E, 0x08, 0x3B, 0xD4, 0x8C, 0x5B, 0xA7,
    0x44, 0x8E, 0xB8, 0x21, 0xA9, 0x51, 0xD6, 0x6B, 0xD5, 0x22, 0x6E, 0x40, 0x27, 0x5D, 0x20, 0x6D,
    0x28, 0xEE, 0xF4, 0x29, 0xD3, 0x27, 0xC1, 0xD4, 0xB5, 0x00, 0x04, 0xE7, 0x7C, 0xA0, 0x56, 0x06,
    0x7F, 0x48, 0xF2, 0x93, 0x6D, 0x68, 0xE0, 0x6D, 0x7D, 0x6D, 0x1D, 0x08, 0x1B, 0x38, 0x02, 0x02,
    0x03, 0xD7, 0x81, 0x8B, 0x40, 0x08, 0xA4, 0x40, 0x62, 0x68, 0x5F, 0xFD, 0x3F, 0x97, 0x27, 0x07,
    0xC2, 0xDF, 0x2D, 0x7C, 0xF4, 0xC7, 0x2F, 0xE6, 0x57, 0xBC, 0x0B, 0xDC, 0xDD, 0x45, 0xDC, 0x5D,
    0x5E, 0x07, 0x62, 0x0D, 0x68, 0xF8, 0xAF, 0x3A, 0x1F, 0xF3, 0xDA, 0x75, 0x78, 0x7F, 0x81, 0xE3,
    0x71, 0xCB, 0x05, 0x75, 0x91, 0xE0, 0x4B, 0x78, 0x5F, 0xDE, 0x65, 0x67, 0x50, 0xB7, 0xEC, 0x6B,
    0xE9, 0x81, 0x11, 0x14, 0x86, 0xE4, 0x25, 0x54, 0x26, 0x10, 0xA3, 0x5E, 0x52, 0x68, 0x46, 0x00,
    0x40, 0xD0, 0x26, 0x2E, 0x7D, 0x3C, 0x26, 0x67, 0x4C, 0x61, 0x94, 0x0D, 0x0D, 0x10, 0x48, 0x9D,
    0x48, 0x97, 0x7D, 0x3E, 0x9B, 0x30, 0x39, 0x42, 0xBD, 0x7F, 0x74, 0x31, 0x98, 0x13, 0x0A, 0xC1,
    0xCC, 0xF3, 0xFB, 0xFA, 0x45, 0x1E, 0x64, 0x64, 0x33, 0x92, 0xD6, 0x6B, 0x36, 0x1B, 0xFE, 0xFA,
    0x49, 0x80, 0x44, 0x53, 0xE9, 0xFB, 0x33, 0xAA, 0x9A, 0xAA, 0xE1, 0x8D, 0x39, 0x94, 0x9A, 0x58,
    0x03, 0x87, 0xBE, 0x3C, 0x99, 0xCF, 0xA3, 0x63, 0xD1, 0xE5, 0x0B, 0x4E, 0x60, 0x49, 0xBF, 0x96,
    0xA8, 0x61, 0x98, 0x77, 0x64, 0x2F, 0x13, 0x47, 0x38, 0x57, 0x2D, 0xC9, 0x3C, 0x3D, 0xA6, 0x7C,
    0x31, 0x19, 0x33, 0x63, 0x3F, 0xA3, 0xA6, 0x53, 0x1A, 0x62, 0x93, 0x34, 0xB1, 0xA3, 0xA5, 0xC5,
    0xBD, 0xE1, 0x0A, 0x3B, 0xE6, 0x2A, 0x95, 0x11, 0x2B, 0xA6, 0xD2, 0x1B, 0xB0, 0xC9, 0xA5, 0x94,
    0xF4, 0x67, 0x1B, 0xE1, 0xBF, 0xFB, 0x6F, 0x54, 0xFF, 0x28, 0x2A, 0x7D, 0xE3, 0x3B, 0x2D, 0x87,
    0x7E, 0x3D, 0x80, 0x5E, 0x45, 0xCD, 0xAA, 0xBA, 0xA8, 0x3E, 0x6F, 0xF7, 0x13, 0x7B, 0xBC, 0x17,
    0xDB, 0x7C, 0x3F, 0xB6, 0xFB, 0x63, 0x55, 0x77, 0x99, 0x88, 0x8B, 0xBB, 0xD2, 0xAC, 0xC1, 0x36,
    0x8C, 0xA1, 0xF0, 0xEC, 0xE2, 0xF2, 0x47, 0x30, 0x86, 0x1C, 0xCE, 0x0C, 0x5C, 0x62, 0x1B, 0x00,
    0xF6, 0x51, 0x06, 0x20, 0x74, 0x44, 0x2D, 0xC0, 0x7D, 0x03, 0xF2, 0x02, 0xDE, 0x9D, 0x01, 0xA9,
    0x0C, 0xD2, 0x00, 0x41, 0x25, 0xF2, 0x12, 0x80, 0xE0, 0xFB, 0x3F, 0x05, 0xD8, 0x00, 0x80, 0xD5,
    0x65, 0xC2, 0x4D, 0x52, 0x00, 0x38, 0x22, 0xA9, 0x01, 0xE2, 0x86, 0x70, 0x86, 0x8F, 0xD4, 0x50,
    0x9E, 0xEE, 0x7C, 0xAF, 0xEA, 0x81, 0xC4, 0x27, 0xAC, 0xF1, 0x75, 0x64, 0xA8, 0x72, 0x4E, 0x6E,
    0x2E, 0x6E, 0xAD, 0x42, 0xBC, 0x34, 0x0B, 0x57, 0x2F, 0x26, 0x4D, 0x25, 0x5E, 0xAC, 0xBC, 0x12,
    0xC3, 0xD5, 0x67, 0x1A, 0x08, 0x4D, 0x28, 0x32, 0xD7, 0x90, 0x18, 0x25, 0xFE, 0x17, 0x25, 0x99,
    0xF6, 0x79, 0xA5, 0x67, 0x7F, 0x51, 0xA1, 0xE1, 0x09, 0xC0, 0x87, 0xCF, 0x00, 0x82, 0x5F, 0xCA,
    0xDF, 0x01, 0xCE, 0x4E, 0x97, 0x44, 0x4E, 0xA7, 0xD5, 0x1C, 0xCA, 0x1A, 0x28, 0x6D, 0xD8, 0x01,
    0x44, 0x2E, 0xB1, 0x00, 0x1C, 0x6F, 0x03, 0xC0, 0xD6, 0x75, 0x00, 0x58, 0xE3, 0x9C, 0x5C, 0x00,
    0x80, 0x44, 0x67, 0x0B, 0x60, 0x67, 0x68, 0x17, 0x4E, 0x03, 0xF0, 0x4D, 0x00, 0x58, 0x67, 0x29,
    0x27, 0x8F, 0xE3, 0x3B, 0xF5, 0x66, 0x68, 0xF3, 0xC8, 0x8E, 0x22, 0xB3, 0x9B, 0xE8, 0x43, 0xC5,
    0xDE, 0x2D, 0x8A, 0xDF, 0x37, 0xAB, 0x01, 0xC1, 0x09, 0x49, 0xC2, 0x56, 0x42, 0xBE, 0xC9, 0x6F,
    0x5B, 0x7E, 0x0D, 0x87, 0xB0, 0xF7, 0x1A, 0xD9, 0x11, 0x81, 0x26, 0x20, 0x31, 0x21, 0xF0, 0x11,
    0x9B, 0x5C, 0xE3, 0x36, 0x39, 0x23, 0x76, 0x87, 0x51, 0xE8, 0x15, 0x7C, 0xE4, 0x5B, 0xF6, 0x5A,
    0xD0, 0xE4, 0x41, 0xB3, 0x37, 0x68, 0x58, 0xEF, 0x0E, 0x05, 0x12, 0x36, 0x8F, 0x7D, 0xE4, 0x7D,
    0x1A, 0x15, 0xD4, 0x97, 0xC2, 0xFA, 0x5A, 0x64, 0x6F, 0x47, 0x36, 0x8F, 0xCD, 0x48, 0xE9, 0xD1,
    0x2D, 0x5D, 0x7C, 0xE2, 0x56, 0xD0, 0x3E, 0x36, 0x36, 0x5B, 0x11, 0x39, 0x1C, 0x2E, 0x75, 0x6F,
    0xE5, 0xAC, 0x2A, 0xC1, 0x53, 0x68, 0xE1, 0x00, 0x1C, 0x27, 0xCD, 0x57, 0xA0, 0x5F, 0xD3, 0xC4,
    0x96, 0xC8, 0x10, 0x6B, 0x92, 0xD4, 0xA8, 0x9F, 0x5B, 0x75, 0xC7, 0x6E, 0xFA, 0x8A, 0x26, 0x8F,
    0xF5, 0x28, 0xD6, 0xBB, 0x09, 0x07, 0xB1, 0x03, 0x9D, 0xA5, 0x1F, 0xB7, 0xA8, 0x1F, 0xFC, 0x25,
    0x47, 0x3D, 0x72, 0x83, 0x09, 0xEB, 0x11, 0x03, 0xB4, 0x5D, 0x86, 0xA5, 0x87, 0x0C, 0x8B, 0x0F,
    0x18, 0x96, 0x3B, 0x86, 0x80, 0x13, 0x80, 0x75, 0xB6, 0x53, 0xAD, 0xDE, 0x31, 0xEA, 0x11, 0x0A,
    0x36, 0xE1, 0x36, 0xE4, 0x30, 0x82, 0x5D, 0x00, 0x30, 0x91, 0xC9, 0x5A, 0x85, 0xE2, 0xD2, 0xD9,
    0xCE, 0xE4, 0x64, 0xF5, 0x2A, 0x3F, 0x0E, 0xED, 0x66, 0x58, 0x5F, 0xA2, 0x56, 0xD8, 0x24, 0x30,
    0x49, 0x44, 0xFC, 0x5D, 0xA2, 0xA7, 0x44, 0x0D, 0x40, 0x58, 0xDF, 0xA0, 0x69, 0xF8, 0x95, 0xA1,
    0x80, 0x1C, 0x1E, 0x12, 0xFC, 0x81, 0xE8, 0x6D, 0xBD, 0xE5, 0x5F, 0xF3, 0x1F, 0xC5, 0x99, 0x01,
    0xA4, 0x25, 0x59, 0x7A, 0xC7, 0xFF, 0x55, 0xD5, 0xEF, 0xD5, 0x6C, 0x97, 0xA8, 0x41, 0x3A, 0x74,
    0xB7, 0x6C, 0xC1, 0x60, 0x35, 0xDB, 0x05, 0x8B, 0x4C, 0xBC, 0xFB, 0xCE, 0xD9, 0x0D, 0x02, 0xC8,
    0x0D, 0xF3, 0x36, 0x08, 0x3A, 0x98, 0x90, 0x74, 0xC8, 0x2C, 0x60, 0xF0, 0xE6, 0xD5, 0xD9, 0x10,
    0x00, 0x5A, 0x64, 0x00, 0x78, 0x98, 0xB0, 0x79, 0x63, 0xF5, 0x60, 0x22, 0x8D, 0x97, 0x57, 0xB5,
    0x09, 0x02, 0x50, 0x13, 0x80, 0x60, 0x0F, 0x26, 0x21, 0x60, 0x4E, 0x56, 0x8D, 0xD4, 0x74, 0x57,
    0xDD, 0x93, 0xEF, 0xEF, 0x54, 0xDD, 0xDB, 0xF5, 0x6E, 0x6F, 0xEB, 0x8C, 0x6E, 0xF9, 0x5E, 0x9D,
    0x5F, 0xDD, 0x53, 0xE7, 0x3B, 0xDF, 0x57, 0xDF, 0xF7, 0x9D, 0x7B, 0xD4, 0xAD, 0x07, 0xF7, 0x72,
    0x59, 0xBF, 0x0D, 0x7D, 0x9A, 0xB4, 0x45, 0xAE, 0xD3, 0x11, 0x51, 0x87, 0x64, 0x40, 0xEE, 0xB1,
    0xFA, 0x9F, 0xE6, 0x07, 0xFF, 0xDD, 0xC0, 0xE1, 0xB5, 0x1D, 0x6B, 0xE0, 0x6D, 0xE0, 0x09, 0x70,
    0x1F, 0xC8, 0x8C, 0xF7, 0xF6, 0xE9, 0xA7, 0x8D, 0xCB, 0xE1, 0x8E, 0xE0, 0x7E, 0xF2, 0x9A, 0xFD,
    0x40, 0x23, 0xB6, 0xE2, 0x84, 0xAE, 0x6A, 0xEF, 0x8E, 0x2F, 0xE8, 0x27, 0x69, 0x1C, 0x5A, 0x87,
    0xD7, 0xEA, 0x4A, 0x79, 0x0F, 0xB6, 0xCA, 0x6F, 0x40, 0xB9, 0xDE, 0xBF, 0x73, 0x21, 0x62, 0x94,
    0x17, 0x69, 0x48, 0x6F, 0x6E, 0x9D, 0x88, 0xC8, 0x3C, 0x11, 0x57, 0x79, 0x12, 0x14, 0xF0, 0x7A,
    0x90, 0xF7, 0x38, 0x18, 0x64, 0xA0, 0x46, 0x90, 0x1E, 0x94, 0xFF, 0xBB, 0xEE, 0xCF, 0x70, 0x3E,
    0x44, 0xDD, 0xFF, 0xD7, 0x51, 0xF2, 0xC6, 0x94, 0xA0, 0xBF, 0xC5, 0xBB, 0xC5, 0x56, 0x6A, 0x46,
    0xEE, 0x45, 0x2C, 0xC3, 0xD0, 0x38, 0x44, 0x9D, 0x74, 0xB9, 0xBE, 0x8F, 0x63, 0x54, 0xA8, 0xDB,
    0xDA, 0x55, 0x4E, 0xB9, 0x43, 0x13, 0x9D, 0x67, 0x63, 0xEE, 0x33, 0x9F, 0x78, 0x5C, 0x61, 0x85,
    0xD3, 0xA8, 0xBB, 0xDB, 0x9E, 0x85, 0x95, 0x94, 0x8C, 0x48, 0xBD, 0x1C, 0x3A, 0xF1, 0x1A, 0x35,
    0xA0, 0x20, 0x73, 0x71, 0x8A, 0xD8, 0x41, 0x35, 0x78, 0x17, 0x94, 0xF8, 0xBC, 0xE8, 0x55, 0x5F,
    0x75, 0xB5, 0xBD, 0xC2, 0xA5, 0x8C, 0xAD, 0x50, 0xE8, 0xD4, 0xE1, 0x33, 0x00, 0x87, 0xF2, 0x87,
    0x1A, 0x15, 0x92, 0x2E, 0xEE, 0x90, 0x6B, 0x2E, 0x16, 0x14, 0xB4, 0xA1, 0x80, 0x0A, 0x4A, 0x6C,
    0xB6, 0x95, 0x85, 0xDC, 0x48, 0x07, 0xB9, 0x97, 0x1E, 0xCA, 0x95, 0x0E, 0x87, 0xE6, 0xD0, 0x20,
    0x3A, 0x8F, 0x3E, 0x41, 0x36, 0xA6, 0x1B, 0xF0, 0xD6, 0x90, 0x79, 0xDE, 0x84, 0x8F, 0x3D, 0x70,
    0x85, 0x0A, 0x58, 0xD1, 0x02, 0x7D, 0x45, 0x1D, 0x7A, 0xDC, 0x6D, 0x33, 0x8B, 0x33, 0xDA, 0x5B,
    0x73, 0xF9, 0x4B, 0xE3, 0xAD, 0xC7, 0x1B, 0xA4, 0x12, 0x94, 0x4E, 0xFD, 0xEF, 0x79, 0x93, 0xF8,
    0x1F, 0x79, 0xC3, 0x7B, 0x31, 0x50, 0x28, 0x35, 0x8E, 0x51, 0x06, 0x03, 0xB1, 0x13, 0x13, 0xAA,
    0x29, 0x5B, 0x09, 0x87, 0x01, 0x85, 0x90, 0x22, 0x09, 0x2A, 0x1F, 0x54, 0x5F, 0x0E, 0x55, 0xA7,
    0xFA, 0xDA, 0x56, 0x56, 0xDC, 0x6A, 0x86, 0x77, 0x8A, 0x23, 0xAC, 0x18, 0x86, 0xCE, 0x4D, 0xEA,
    0x12, 0x06, 0xFA, 0x13, 0x80, 0x72, 0x4F, 0x03, 0xA2, 0x44, 0xB0, 0x7B, 0x45, 0xFC, 0x13, 0x71,
    0x49, 0xF4, 0x44, 0x47, 0x38, 0xE0, 0x5D, 0xED, 0xEE, 0x18, 0xAE, 0x25, 0x5D, 0x3D, 0xFB, 0xCA,
    0xEB, 0xF7, 0x93, 0xF6, 0xB7, 0x80, 0xAC, 0x05, 0x90, 0x5B, 0x41, 0x49, 0x28, 0x4B, 0xB4, 0x44,
    0x43, 0x98, 0x5F, 0x63, 0x7D, 0xD8, 0xB3, 0x8E, 0x88, 0x88, 0x2D, 0xC1, 0xF9, 0x49, 0xB3, 0x05,
    0x8D, 0xA4, 0x34, 0x92, 0x01, 0xAC, 0xCF, 0x73, 0x77, 0x8E, 0x2A, 0x90, 0xC0, 0x19, 0xC2, 0x8D,
    0xEF, 0xF8, 0x04, 0xC0, 0xFD, 0xB5, 0xBB, 0xD3, 0x80, 0x4B, 0x4D, 0xF8, 0xF4, 0x99, 0x37, 0x78,
    0x27, 0x76, 0x87, 0x1A, 0x48, 0x1C, 0x68, 0x93, 0x44, 0x11, 0x68, 0xC9, 0xBC, 0x21, 0x33, 0x0D,
    0x92, 0xC0, 0x6F, 0x3C, 0xC7, 0xEF, 0x13, 0x38, 0x26, 0xE0, 0x89, 0x88, 0x04, 0x46, 0xCC, 0x71,
    0xDD, 0x46, 0x77, 0x60, 0xA0, 0x36, 0xCF, 0x7C, 0x70, 0x6B, 0xF0, 0xE7, 0x3F, 0xB4, 0x7F, 0x4C,
    0x87, 0x2D, 0x30, 0x33, 0x23, 0xE9, 0x6A, 0xCB, 0x92, 0xC4, 0x3D, 0x43, 0x93, 0x57, 0x3A, 0xF7,
    0x56, 0xF9, 0xBE, 0xF2, 0x83, 0x1C, 0xB5, 0x1F, 0xC3, 0x21, 0x9F, 0xE5, 0x62, 0xE1, 0x5D, 0x2A,
    0x46, 0x83, 0x7C, 0x0E, 0xA0, 0xD6, 0xD2, 0x3A, 0x69, 0x5E, 0x4B, 0xEB, 0xA4, 0x79, 0x2D, 0xCD,
    0xD4, 0xBE, 0x47, 0xCD, 0x05, 0xD4, 0xCB, 0x98, 0x09, 0xD9, 0x60, 0x54, 0x37, 0xB5, 0x6A, 0x2B,
    0x27, 0xEB, 0xA3, 0x2D, 0x0D, 0x7B, 0xE0, 0x05, 0xF0, 0x1A, 0x6A, 0x5B, 0x5B, 0x70, 0x04, 0x1C,
    0x84, 0x1C, 0x94, 0x48, 0xE3, 0x40, 0xC8, 0xFC, 0x94, 0x2D, 0x4A, 0xAB, 0x1C, 0x78, 0x38, 0x41,
    0xC5, 0x63, 0xEE, 0x73, 0xB0, 0x11, 0x95, 0x08, 0xE0, 0x21, 0xF3, 0x0A, 0x4B, 0xAD, 0xCA, 0xAA,
    0x46, 0x0C, 0x00, 0xDE, 0xBB, 0xA7, 0x17, 0x8F, 0x1C, 0xF0, 0xDA, 0x8F, 0x35, 0x26, 0xFB, 0x0F,
    0x2F, 0xA4, 0xF7, 0x46, 0x3C, 0x5C, 0x5C, 0x9C, 0x8B, 0xFD, 0x17, 0x1E, 0xAF, 0x37, 0x92, 0xE0,
    0xE8, 0xDA, 0xE5, 0xAF, 0x4F, 0xD6, 0x6F, 0xC8, 0xD1, 0xB5, 0x81, 0x93, 0x93, 0xD7, 0x1F, 0xD1,
    0x42, 0xB8, 0x35, 0x03, 0x85, 0x34, 0x8A, 0x7A, 0x6C, 0x05, 0x08, 0x32, 0x26, 0x6E, 0xFE, 0xEA,
    0x72, 0xFB, 0xED, 0x11, 0xF5, 0xD3, 0x14, 0x17, 0x0D, 0xE0, 0x20, 0x25, 0x6F, 0xA5, 0x93, 0x37,
    0xA1, 0x53, 0x34, 0xD2, 0x29, 0x27, 0x63, 0xA5, 0x89, 0x07, 0x1C, 0x23, 0x88, 0xD2, 0xD2, 0x19,
    0xB6, 0x9D, 0xA4, 0x8F, 0xBB, 0xB9, 0x23, 0xC6, 0x53, 0x3B, 0x77, 0xC4, 0xF8, 0x64, 0x8C, 0x9D,
    0xCC, 0x96, 0xBA, 0xEC, 0x01, 0x69, 0x4A, 0x9C, 0x9C, 0xC5, 0x9B, 0x1A, 0x91, 0x34, 0xA5, 0x4B,
    0x33, 0xC8, 0xA0, 0x49, 0x5D, 0xD1, 0x94, 0xA6, 0x4E, 0xE4, 0x54, 0x34, 0x39, 0xFF, 0xFE, 0x73,
    0xC8, 0x5A, 0xA5, 0x73, 0xB6, 0x36, 0xF6, 0x6D, 0xD1, 0x54, 0xC8, 0x5B, 0x69, 0x16, 0xBF, 0x09,
    0x85, 0x51, 0x3A, 0x57, 0xEC, 0x70, 0xEB, 0x1B, 0xA4, 0x33, 0xB2, 0x23, 0x91, 0x31, 0x88, 0x2F,
    0x78, 0x01, 0x12, 0x99, 0xC4, 0x5A, 0xFC, 0x62, 0x40, 0xD1, 0x32, 0xBC, 0xA4, 0x47, 0xF9, 0xCF,
    0xD2, 0x69, 0x80, 0xC2, 0x48, 0x47, 0xFD, 0x95, 0x34, 0x13, 0xEE, 0x1B, 0x55, 0x2C, 0x1D, 0x0D,
    0x0C, 0x90, 0x0F, 0x57, 0xD2, 0x6A, 0x40, 0x22, 0xA3, 0xBD, 0x88, 0xF1, 0x4A, 0x38, 0x32, 0x28,
    0x8A, 0x6C, 0x60, 0x64, 0xF5, 0x07, 0x2D, 0xAA, 0x07, 0x2D, 0x50, 0x32, 0xEF, 0x1B, 0x69, 0x5E,
    0x23, 0xC8, 0x3A, 0x34, 0xCA, 0x4B, 0x6A, 0xB4, 0xAC, 0xD3, 0x7E, 0xAD, 0xF6, 0xEB, 0xB5, 0x57,
    0xB3, 0xBD, 0xBA, 0xED, 0xD5, 0x6E, 0x59, 0xBF, 0xFD, 0x1A, 0xEE, 0xD7, 0x71, 0xBF, 0x96, 0xCB,
    0x7A, 0xEE, 0xD7, 0x74, 0xBF, 0xAE, 0x6C, 0x7A, 0x51, 0xDB, 0x65, 0x7D, 0xC3, 0x5F, 0xBB, 0xA8,
    0x71, 0x69, 0x32, 0xBB, 0xA8, 0xB3, 0x78, 0x70, 0x8B, 0x5A, 0xD7, 0x72, 0x61, 0x51, 0xEF, 0x0D,
    0x72, 0xB7, 0xA8, 0x39, 0x2F, 0x3E, 0x5F, 0x77, 0x5E, 0x5C, 0xD4, 0xFE, 0x17, 0xD7, 0xEB, 0xFF,
    0xD3, 0x01, 0x65, 0xF3, 0xFC, 0x1A, 0xF8, 0xE1, 0x70, 0x6D, 0x1D, 0x88, 0xF1, 0x6A, 0xB9, 0x16,
    0x06, 0x8C, 0xCB, 0xF5, 0x30, 0xC6, 0xFD, 0x72, 0x4D, 0xA8, 0x07, 0x76, 0xB9, 0x2E, 0xF2, 0xE5,
    0xDA, 0x08, 0x2D, 0x19, 0xD2, 0x21, 0xEB, 0x72, 0x9B, 0x37, 0x85, 0x29, 0xA5, 0x40, 0x47, 0xF8,
    0x10, 0xBC, 0x9A, 0xF4, 0x72, 0xBD, 0x97, 0x11, 0x27, 0x63, 0x1C, 0xE5, 0xB8, 0x68, 0x28, 0xD1,
    0x59, 0x89, 0xD6, 0xA9, 0xE8, 0x7D, 0x0E, 0xCC, 0xBA, 0x93, 0x36, 0xF5, 0xA7, 0x19, 0x2D, 0xE7,
    0x4C, 0xB3, 0x34, 0xE7, 0x85, 0x99, 0x1F, 0x71, 0x2E, 0x2E, 0x39, 0x1B, 0x73, 0xB1, 0x2B, 0xA3,
    0x1A, 0x15, 0x4A, 0xD2, 0xA6, 0x6D, 0xD2, 0xC6, 0x36, 0xB2, 0xBC, 0xCA, 0xEB, 0x55, 0x13, 0xC6,
    0xCA, 0x86, 0xF6, 0x68, 0x35, 0x6D, 0xB3, 0x26, 0xA1, 0x96, 0x4D, 0xDA, 0xC8, 0xC6, 0x16, 0x08,
    0xBA, 0xB5, 0xA6, 0x76, 0xB0, 0xA5, 0x0C, 0x67, 0x28, 0xCE, 0x99, 0x66, 0x85, 0x79, 0x61, 0x66,
    0xDA, 0x70, 0x6E, 0xD2, 0x70, 0x76, 0xDC, 0x22, 0xC8, 0x4D, 0x00, 0xC5, 0xF4, 0x60, 0x53, 0x35,
    0xC0, 0x33, 0x8B, 0xE8, 0x57, 0x0E, 0x89, 0xED, 0x91, 0xB6, 0x97, 0x92, 0xD9, 0x15, 0x72, 0x89,
    0xA3, 0x14, 0xAE, 0xE6, 0xA5, 0xDE, 0xC9, 0x30, 0x3F, 0x57, 0x88, 0x46, 0xA4, 0x52, 0x5E, 0xC7,
    0xA9, 0x72, 0x94, 0x2D, 0x72, 0xCB, 0xF2, 0x70, 0x41, 0xF7, 0x90, 0x88, 0xF1, 0x3D, 0x4C, 0x4F,
    0x42, 0x3D, 0x57, 0x0F, 0x2A, 0x7A, 0xA2, 0x5E, 0xE1, 0xB8, 0x80, 0xC2, 0xCC, 0x0D, 0x92, 0x1E,
    0x99, 0x45, 0x61, 0xB0, 0x02, 0xDE, 0x07, 0xE5, 0x8E, 0x16, 0xBC, 0x05, 0xA8, 0x06, 0x31, 0x4A,
    0xA0, 0x12, 0xD3, 0x12, 0x1D, 0xCF, 0x4A, 0xA7, 0x8E, 0xD7, 0x47, 0x44, 0x03, 0x0E, 0xB8, 0x7A,
    0x68, 0x16, 0x5C, 0x6D, 0xA2, 0x20, 0xC3, 0x61, 0x85, 0x8C, 0x00, 0x15, 0x38, 0x4C, 0x05, 0x0E,
    0x53, 0x81, 0xC3, 0x07, 0xA2, 0x30, 0x0A, 0x55, 0x13, 0xF9, 0x4E, 0x28, 0x46, 0x69, 0xB7, 0x25,
    0x1A, 0x28, 0x2B, 0xF0, 0x4E, 0xFA, 0x77, 0x90, 0x7C, 0x3D, 0xE0, 0xA6, 0xA6, 0x71, 0xBA, 0xA0,
    0x71, 0xBA, 0xA0, 0xF1, 0x94, 0x76, 0x93, 0x8E, 0x29, 0x08, 0xBE, 0x2B, 0x1D, 0x7C, 0x17, 0x2D,
    0x87, 0x21, 0x0A, 0x1C, 0x2E, 0x8D, 0x28, 0xE4, 0x34, 0x2E, 0x0A, 0xA5, 0xA6, 0x9F, 0xC2, 0x7C,
    0x07, 0xEC, 0x1F, 0x02, 0x90, 0x0E, 0x99, 0xF5, 0xE0, 0x4A, 0x1D, 0x22, 0xB2, 0x8F, 0x3D, 0x90,
    0x77, 0x31, 0xD7, 0xAF, 0x4B, 0x46, 0xA1, 0x4D, 0x06, 0xA0, 0x6C, 0x49, 0xD5, 0x48, 0xC2, 0xC9,
    0x4E, 0x68, 0x32, 0x47, 0x9F, 0xB9, 0xB0, 0x62, 0xE6, 0x51, 0xD3, 0x15, 0xAE, 0xC0, 0x42, 0x8D,
    0xA0, 0xED, 0xB0, 0x1D, 0xF5, 0x4C, 0x21, 0x9F, 0xB0, 0x85, 0x8E, 0xFB, 0x51, 0xEC, 0x98, 0xEA,
    0xC4, 0xB2, 0x44, 0xF1, 0x23, 0xFC, 0x19, 0x16, 0x12, 0x01, 0xEB, 0xAD, 0x43, 0x97, 0x0B, 0xAB,
    0x40, 0x4B, 0xAA, 0x26, 0xEB, 0x80, 0x1B, 0x80, 0xC6, 0x24, 0x95, 0x37, 0x48, 0xBD, 0xEF, 0x51,
    0x74, 0xE9, 0x06, 0xCC, 0x1E, 0xB3, 0x51, 0xEB, 0x9A, 0x4B, 0xF4, 0xEC, 0x60, 0x5D, 0x99, 0xDB,
    0xA5, 0xAD, 0x58, 0xF7, 0xDA, 0xC8, 0xB0, 0x87, 0x6C, 0x00, 0x1B, 0xC1, 0xEF, 0xD3, 0x66, 0xE1,
    0x04, 0x35, 0xBF, 0xC1, 0x72, 0x09, 0xDE, 0x32, 0xBB, 0x8B, 0x87, 0xE9, 0xF0, 0x1C, 0x4D, 0x44,
    0x8F, 0x96, 0xB7, 0xA9, 0xE7, 0x47, 0x5C, 0xC5, 0xD1, 0x8A, 0x50, 0x8E, 0x68, 0xC0, 0x22, 0x63,
    0x77, 0x7F, 0x22, 0xA8, 0x49, 0x9C, 0x50, 0xF0, 0x3B, 0x61, 0xE0, 0xBB, 0xAB, 0x70, 0x7E, 0x92,
    0x1B, 0xB0, 0x64, 0x96, 0x69, 0xE5, 0x4D, 0xC3, 0xFF, 0x2D, 0xF0, 0xC1, 0x08, 0x94, 0x9C, 0x64,
    0x81, 0x48, 0x66, 0x7F, 0x03, 0x3A, 0x7D, 0xF8, 0x71, 0x70, 0xFE, 0xD8, 0xFF, 0xD7, 0xD6, 0xF8,
    0x97, 0xAC, 0xA1, 0x7F, 0x7A, 0x51, 0x7B, 0x5E, 0x60, 0x4F, 0x76, 0xA3, 0x88, 0x11, 0xF0, 0xAB,
    0x90, 0xB6, 0xA0, 0x9C, 0xE2, 0xBB, 0x93, 0x57, 0x7C, 0x6F, 0xF7, 0xE5, 0x43, 0xC2, 0x51, 0x16,
    0x0C, 0x85, 0x16, 0x28, 0x88, 0x7C, 0x44, 0x0C, 0x60, 0xCD, 0xA8, 0xE1, 0x04, 0xE9, 0x4B, 0xD5,
    0x7A, 0xAA, 0x0D, 0x54, 0xDB, 0x50, 0xED, 0x2B, 0xAA, 0xFD, 0x81, 0x01, 0x54, 0xD6, 0x88, 0x9A,
    0xD4, 0x19, 0x43, 0xEC, 0x68, 0xAD, 0xA7, 0xB5, 0x4B, 0x5A, 0x3B, 0xA6, 0xB5, 0x92, 0x8B, 0x24,
    0x37, 0x0A, 0xC8, 0x9A, 0x33, 0x2E, 0x88, 0x21, 0xA4, 0x5A, 0x38, 0xE7, 0x3A, 0xB8, 0xA7, 0x7C,
    0x36, 0x7F, 0x8A, 0x86, 0x29, 0x24, 0xC4, 0x3E, 0x6D, 0xE6, 0x24, 0xFF, 0xAB, 0xB9, 0x04, 0x28,
    0xE9, 0xB3, 0x07, 0x23, 0x82, 0xCC, 0x6F, 0x07, 0x0E, 0x1F, 0xFB, 0xFF, 0x58, 0x83, 0x92, 0xF9,
    0xAF, 0xBA, 0x49, 0xED, 0x9B, 0xDF, 0xF6, 0x93, 0x07, 0xBD, 0x52, 0x16, 0x41, 0x8E, 0xB2, 0x1E,
    0x41, 0x2E, 0xE3, 0xD9, 0xF1, 0x00, 0xB3, 0xFD, 0x14, 0xE4, 0x18, 0x37, 0x08, 0x44, 0x50, 0x13,
    0x32, 0x3D, 0xA3, 0xB0, 0xAB, 0x19, 0xFD, 0x11, 0x34, 0xA1, 0xE3, 0xCD, 0x87, 0x77, 0x5B, 0xA2,
    0x45, 0xF9, 0xD4, 0xDB, 0x80, 0xD4, 0x4F, 0xA8, 0xFD, 0x08, 0x10, 0xA8, 0x36, 0xDE, 0x4C, 0xF8,
    0xE9, 0xBF, 0xF7, 0x01, 0xEF, 0x24, 0x5F, 0x78, 0x4D, 0x68, 0xA9, 0x55, 0x65, 0x02, 0xB2, 0xB6,
    0x40, 0x40, 0xDE, 0xDE, 0x98, 0xC0, 0x5C, 0x07, 0x6C, 0x25, 0x92, 0x5F, 0xFC, 0xB9, 0xF7, 0x0D,
    0x5B, 0xE1, 0xBD, 0x29, 0xBD, 0xD7, 0xF3, 0x9B, 0x93, 0x7B, 0x17, 0x7F, 0x0F, 0x50, 0xEE, 0x13,
    0xE0, 0xF6, 0x48, 0xE9, 0x77, 0x49, 0x9F, 0xAD, 0xB1, 0x48, 0x14, 0x35, 0x25, 0x86, 0x60, 0x31,
    0x29, 0xAC, 0xED, 0xBC, 0x32, 0x30, 0x3F, 0x7B, 0x9C, 0xED, 0xB2, 0x35, 0xD7, 0x93, 0x25, 0x7F,
    0x4E, 0x51, 0xBD, 0xC4, 0x67, 0xFB, 0xED, 0x7D, 0x52, 0xE4, 0x35, 0x10, 0x20, 0xF1, 0x22, 0xF2,
    0x8F, 0xB8, 0x42, 0x38, 0x61, 0x24, 0x86, 0x19, 0x69, 0x4F, 0x37, 0x1D, 0x4D, 0xB8, 0x19, 0x05,
    0x51, 0x5A, 0x62, 0xF7, 0x6B, 0x9B, 0xA8, 0x8C, 0xA0, 0x26, 0x68, 0x13, 0x9E, 0xD6, 0x69, 0x33,
    0xDA, 0x30, 0xB6, 0x6B, 0x86, 0x7F, 0xAD, 0xF5, 0xDD, 0x0F, 0xFA, 0x9D, 0x75, 0x7E, 0xAA, 0xBE,
    0x59, 0xB3, 0xF4, 0x16, 0x90, 0x4A, 0xCD, 0x77, 0x1F, 0xD1, 0x13, 0x62, 0x4F, 0xA7, 0x01, 0x9A,
    0x00, 0xBE, 0xBD, 0x67, 0x3A, 0x69, 0xC5, 0x7A, 0x7D, 0x2D, 0x2E, 0xFD, 0xEA, 0xD6, 0xB3, 0xA5,
    0xF5, 0x52, 0xF0, 0x63, 0x6F, 0x97, 0x77, 0x8F, 0xE7, 0xB6, 0xE4, 0xDD, 0xBE, 0x4C, 0x74, 0x61,
    0x73, 0x2E, 0xBB, 0x74, 0xA4, 0x7F, 0x2F, 0x88, 0xE6, 0x6D, 0x5A, 0xC3, 0x87, 0xBD, 0x5A, 0x50,
    0x9B, 0x33, 0xA0, 0x0A, 0xB8, 0x1D, 0xC0, 0xEC, 0xCF, 0x58, 0xDC, 0x6A, 0xBC, 0x09, 0x98, 0xC3,
    0x27, 0x0A, 0x37, 0xA3, 0x6E, 0xA6, 0x59, 0xD9, 0x88, 0x09, 0xB5, 0x25, 0x5A, 0x01, 0x7B, 0xC4,
    0xBC, 0xC5, 0x2F, 0x10, 0x3B, 0xC2, 0xCE, 0x48, 0xDA, 0xB0, 0x1F, 0x09, 0x0C, 0x5E, 0x2C, 0xD1,
    0x16, 0x85, 0x25, 0x38, 0x43, 0xB9, 0x19, 0xD5, 0x0E, 0x16, 0xC4, 0x62, 0x81, 0x1D, 0x20, 0x60,
    0x99, 0xBC, 0xAC, 0x67, 0xE6, 0x90, 0x0F, 0x4C, 0x1B, 0xF2, 0x8E, 0x39, 0x43, 0xEE, 0x98, 0x30,
    0x5D, 0x38, 0x66, 0xCB, 0x94, 0xF6, 0x0C, 0x3C, 0xB5, 0xCC, 0x93, 0x51, 0x21, 0x5C, 0x9E, 0x98,
    0x5D, 0xC3, 0xCC, 0x30, 0xBF, 0x4C, 0x4B, 0x15, 0x72, 0x72, 0x15, 0xB2, 0x32, 0x86, 0x6C, 0x0C,
    0x21, 0x1F, 0x43, 0xC8, 0x43, 0xCF, 0x4C, 0xF0, 0x0B, 0x16, 0x39, 0x26, 0x80, 0x07, 0x1B, 0x13,
    0x90, 0x58, 0x46, 0xBF, 0x1F, 0x7C, 0xC4, 0x16, 0x22, 0x2E, 0x5B, 0x46, 0xCA, 0xC8, 0x2A, 0x47,
    0xB3, 0xFC, 0x84, 0xBA, 0x65, 0x80, 0x6C, 0x8C, 0xEE, 0x06, 0x76, 0x92, 0xF5, 0x88, 0xFD, 0x06,
    0x12, 0x1D, 0x4A, 0xEF, 0x5B, 0xE4, 0x3D, 0x6A, 0x53, 0x76, 0x12, 0x66, 0xB4, 0xE1, 0xFD, 0x16,
    0x2E, 0x19, 0x20, 0x47, 0x61, 0x13, 0xD1, 0x1C, 0xC5, 0x7C, 0xDC, 0xC9, 0x99, 0xA6, 0x3E, 0x9B,
    0xCE, 0xE0, 0x38, 0xA3, 0xA4, 0xBE, 0xD2, 0x80, 0x4C, 0x46, 0x85, 0xB0, 0xD8, 0x6B, 0x84, 0xD2,
    0x5F, 0x71, 0x78, 0x13, 0x02, 0x2C, 0x1D, 0x63, 0x45, 0xE2, 0x35, 0x83, 0x45, 0xFA, 0x25, 0xA3,
    0x0D, 0x3B, 0x5C, 0xE4, 0xC2, 0x99, 0x31, 0xE7, 0x86, 0x01, 0xCB, 0x59, 0x87, 0x9A, 0xDF, 0x7C,
    0x71, 0xB5, 0x19, 0x0E, 0xA3, 0xE6, 0x8A, 0x64, 0xE8, 0x91, 0x37, 0x60, 0xEC, 0xB1, 0xE7, 0xD9,
    0xCA, 0x59, 0x87, 0xF2, 0x6E, 0x26, 0xDD, 0xB7, 0x31, 0x3D, 0xB0, 0x6C, 0x3E, 0x3E, 0x79, 0xDC,
    0x79, 0x11, 0x57, 0x13, 0x25, 0x11, 0x3D, 0xFC, 0x3B, 0xFA, 0x44, 0xDA, 0xCE, 0x7B, 0x6E, 0xBE,
    0x45, 0x61, 0x08, 0x4D, 0x77, 0xDB, 0xFD, 0xF0, 0x98, 0x38, 0x5B, 0xBC, 0xFC, 0x0B, 0xE8, 0xE7,
    0x4D, 0x32, 0x26, 0x12, 0x37, 0x23, 0x7D, 0xA9, 0xF5, 0x92, 0xD6, 0x6F, 0x01, 0xF7, 0xE4, 0x15,
    0xFA, 0x27, 0xE1, 0x69, 0xC5, 0xC4, 0x9B, 0x3F, 0xF2, 0xDE, 0xE2, 0x32, 0xF1, 0xDE, 0xE1, 0x54,
    0xD8, 0x83, 0x1C, 0x5E, 0xCA, 0xA0, 0xD3, 0x91, 0xD3, 0x2C, 0x0B, 0xD2, 0x90, 0xDF, 0x40, 0x68,
    0xF1, 0xE6, 0x79, 0xC9, 0x90, 0x0F, 0x07, 0x6E, 0xFA, 0xD5, 0x90, 0x78, 0x8B, 0x7B, 0x3F, 0x8B,
    0x2F, 0xA4, 0x94, 0x0F, 0x25, 0xBC, 0xF3, 0xC4, 0x8B, 0xB8, 0xDC, 0xFB, 0x1F, 0x8F, 0x28, 0xFD,
    0x26, 0xEE, 0xA0, 0x84, 0x0E, 0xD5, 0x4B, 0xA9, 0x9E, 0x63, 0x21, 0xEC, 0x91, 0xD1, 0xCE, 0x79,
    0x44, 0x3A, 0x50, 0x68, 0x5E, 0xBC, 0x30, 0x7B, 0x1B, 0xC4, 0xA3, 0x64, 0xCF, 0x40, 0xBC, 0xFB,
    0x96, 0x39, 0x9C, 0x33, 0xF9, 0x52, 0x06, 0x9D, 0x16, 0x9C, 0xD5, 0xFC, 0x05, 0x2D, 0xEB, 0x6A,
    0xF1, 0x3F, 0x86, 0xDB, 0x5A, 0x50, 0x34, 0x48, 0x9A, 0xC2, 0x20, 0x73, 0x25, 0xBF, 0x40, 0xF7,
    0x81, 0xC8, 0x7F, 0xFF, 0xD0, 0xA1, 0x18, 0x6A, 0x2E, 0x3F, 0xDF, 0xDD, 0xF3, 0xFE, 0x63, 0x28,
    0xBA, 0x2F, 0xBF, 0xFC, 0xC7, 0x1E, 0xB7, 0xE1, 0xE4, 0x63, 0xE4, 0x54, 0x8B, 0xC4, 0xE5, 0x46,
    0x10, 0x87, 0x1F, 0x28, 0x61, 0x4D, 0xFE, 0x49, 0x22, 0xAF, 0xD7, 0xB3, 0x4D, 0x3A, 0x26, 0x3D,
    0x5E, 0x28, 0x91, 0x2E, 0x9C, 0xEA, 0xEB, 0xCE, 0x3B, 0xAF, 0x07, 0x3C, 0xC1, 0x11, 0xEE, 0x23,
    0x6F, 0x63, 0x8B, 0x9D, 0x7C, 0xE0, 0x3B, 0x21, 0x33, 0x62, 0xF8, 0xF8, 0x89, 0x0F, 0xC2, 0xCF,
    0x92, 0x68, 0x13, 0xFC, 0x94, 0x26, 0x6F, 0x38, 0xDE, 0xAA, 0xF0, 0x38, 0x70, 0x0A, 0x4A, 0x8F,
    0x37, 0x2E, 0xE1, 0x31, 0xF7, 0xFD, 0x63, 0x32, 0xEA, 0xB8, 0xD4, 0x91, 0xDA, 0xCC, 0x82, 0x49,
    0x8C, 0x07, 0x00, 0xB5, 0x1C, 0x2D, 0xEE, 0xF6, 0x40, 0xE1, 0x99, 0x79, 0x44, 0xF5, 0xF4, 0x94,
    0x7D, 0x42, 0x02, 0x7F, 0x4A, 0x84, 0x9F, 0x77, 0xFC, 0xAA, 0xA1, 0x6C, 0x2E, 0x85, 0xCA, 0x3D,
    0xA1, 0xA9, 0xE1, 0xF3, 0xBB, 0x0D, 0x50, 0xFF, 0xCA, 0x0B, 0x33, 0x4E, 0xFF, 0xD4, 0x6F, 0xDE,
    0x03, 0x58, 0x7F, 0xE1, 0xDF, 0xFC, 0xD2, 0x02, 0x9F, 0x24, 0xFF, 0xC2, 0x4E, 0xD6, 0x78, 0xCD,
    0x2F, 0xDC, 0x31, 0xE8, 0xFA, 0x2D, 0x90, 0xA0, 0x68, 0x6C, 0xE5, 0x5D, 0x02, 0x8A, 0xDA, 0x42,
    0x6A, 0x7C, 0x44, 0x87, 0xCC, 0x16, 0xD2, 0xF1, 0xC3, 0xAC, 0x05, 0xAA, 0x7F, 0x10, 0x27, 0xE1,
    0xB1, 0xF1, 0xA1, 0xDF, 0x9C, 0x00, 0xF5, 0x86, 0x76, 0xAB, 0x2F, 0x7E, 0xE9, 0x80, 0x1F, 0x24,
    0xFF, 0x46, 0x57, 0x49, 0x5B, 0x1B, 0x3A, 0x2C, 0x41, 0x87, 0x6F, 0x91, 0xB3, 0x2B, 0x46, 0x9F,
    0x9A, 0xBC, 0xCB, 0x4D, 0xDE, 0xE7, 0x3A, 0xEF, 0x0A, 0x64, 0x8E, 0x77, 0x74, 0x04, 0xE0, 0x72,
    0xAA, 0x48, 0xD8, 0xF5, 0x91, 0xD0, 0x4F, 0x43, 0x3B, 0x61, 0x27, 0x2C, 0xA6, 0xC7, 0xC4, 0x15,
    0x80, 0xD3, 0x49, 0xB5, 0x03, 0x22, 0xAA, 0x5A, 0xAA, 0x4F, 0xAA, 0x46, 0x5A, 0xD4, 0xA1, 0x4C,
    0x46, 0x1C, 0x4B, 0x3B, 0x95, 0x76, 0xC9, 0x4C, 0x53, 0xDE, 0x93, 0x82, 0x24, 0xDE, 0x60, 0x95,
    0x73, 0x6F, 0x28, 0x7E, 0x24, 0x43, 0x0A, 0x95, 0xEE, 0x57, 0x28, 0x9E, 0xB9, 0x15, 0x12, 0xDF,
    0x1E, 0x01, 0x7F, 0xC9, 0xE4, 0x7F, 0xEA, 0x3F, 0x99, 0xFF, 0x73, 0x45, 0xC3, 0x7E, 0x23, 0x89,
    0xE5, 0xC2, 0x62, 0x7D, 0x9A, 0xB8, 0x07, 0x23, 0x71, 0xF4, 0x27, 0xF2, 0xE4, 0x3E, 0x09, 0xAC,
    0xDE, 0x09, 0xE7, 0xEF, 0x84, 0x8D, 0x91, 0x88, 0xEC, 0x2A, 0xD5, 0x49, 0xB7, 0x92, 0xD5, 0x3A,
    0x1C, 0xA9, 0x06, 0xD5, 0xD1, 0x15, 0x50, 0xFC, 0xBC, 0xC3, 0xDB, 0x89, 0x6F, 0x6E, 0xA8, 0xA7,
    0xFE, 0xF1, 0xA8, 0xC4, 0xC5, 0xF8, 0xBB, 0x7F, 0xE8, 0xFF, 0xFA, 0xE7, 0xE2, 0xC6, 0x02, 0xE5,
    0xD1, 0x00, 0x8C, 0x47, 0x4A, 0xA7, 0xFD, 0xAA, 0xB0, 0xB1, 0x5B, 0x89, 0x17, 0x73, 0x16, 0x63,
    0x32, 0x7A, 0x8B, 0x00, 0xD6, 0xDB, 0x47, 0xA2, 0x4D, 0x00, 0x2B, 0x24, 0x88, 0x7B, 0x2C, 0x85,
    0x4B, 0x0E, 0xCA, 0x2E, 0x7F, 0x1C, 0xB2, 0x7B, 0x53, 0xE3, 0xBA, 0xAC, 0xE7, 0x87, 0xAD, 0x6C,
    0xDC, 0x5A, 0x1E, 0xA7, 0x6B, 0xBB, 0xF7, 0x3D, 0xF3, 0xFB, 0xA1, 0x4E, 0x9A, 0xDB, 0xBD, 0xF5,
    0x29, 0xA6, 0x77, 0x2E, 0xA5, 0x09, 0x6F, 0x7E, 0x14, 0xE6, 0x77, 0x3F, 0xE1, 0xED, 0xCF, 0xE9,
    0xF4, 0xFE, 0xE7, 0xC9, 0xF4, 0x06, 0xC8, 0x2D, 0xBE, 0xE0, 0x64, 0xE1, 0xC8, 0xB2, 0xDF, 0xB1,
    0xE8, 0xC8, 0xCC, 0x22, 0xC8, 0x5E, 0x60, 0x71, 0xC7, 0x50, 0xB2, 0x81, 0xA1, 0xE5, 0x63, 0xA0,
    0x6A, 0x79, 0x85, 0xD1, 0x45, 0xE7, 0x00, 0xF6, 0xBC, 0xE4, 0xC1, 0x4B, 0xF7, 0x9C, 0xAF, 0x6E,
    0x77, 0x9D, 0x72, 0x48, 0xBD, 0x47, 0xCA, 0x32, 0xC3, 0xCA, 0x31, 0x07, 0x15, 0xB9, 0x09, 0x9F,
    0xF9, 0xB5, 0x79, 0xF1, 0x46, 0x95, 0x5A, 0xB2, 0xE8, 0xAF, 0x33, 0xEF, 0x96, 0xBF, 0x26, 0x83,
    0x1C, 0x10, 0xEB, 0xB2, 0x65, 0x5E, 0xF7, 0xBD, 0x84, 0xEB, 0x11, 0x44, 0xB8, 0xF6, 0x5B, 0xE5,
    0xF8, 0x57, 0xDA, 0x03, 0x8D, 0x57, 0x92, 0x72, 0x9E, 0xD1, 0xD2, 0x4F, 0x90, 0xDC, 0xEE, 0xA2,
    0x55, 0x24, 0x3F, 0x6F, 0xF3, 0x1E, 0xBD, 0xA2, 0x65, 0xBE, 0x96, 0x8A, 0xCF, 0xAB, 0x96, 0x3B,
    0x7F, 0x6D, 0x77, 0x0C, 0x57, 0x4A, 0x56, 0xC5, 0xE1, 0x15, 0x64, 0x59, 0xF5, 0xFD, 0xBB, 0xCA,
    0xED, 0xEE, 0x39, 0xE7, 0x40, 0x74, 0x2B, 0x2D, 0x9B, 0x86, 0xF3, 0x8D, 0xB0, 0x23, 0x8B, 0xAE,
    0x36, 0xBC, 0x72, 0x0F, 0xB9, 0x91, 0xDC, 0x0A, 0x81, 0x7D, 0x9E, 0x9C, 0x3C, 0xF8, 0xF8, 0x64,
    0xED, 0x29, 0x5D, 0xE0, 0x42, 0x67, 0x8F, 0x4A, 0x98, 0xD9, 0x3D, 0x2F, 0x1D, 0xAF, 0xB3, 0xBE,
    0x95, 0xF1, 0x8D, 0x6F, 0x7D, 0x53, 0x35, 0xB7, 0x96, 0x59, 0x41, 0xCD, 0xEB, 0x6D, 0xDD, 0x94,
    0xCB, 0x3C, 0xEE, 0x66, 0x18, 0x56, 0x82, 0x6F, 0xDA, 0x6A, 0x5B, 0xCF, 0xFF, 0x3C, 0x43, 0xA1,
    0x43, 0xBF, 0x6A, 0x99, 0x57, 0x80, 0x6F, 0xE4, 0x42, 0xBF, 0x34, 0xA0, 0xB0, 0xBF, 0x9D, 0x21,
    0x0F, 0x0F, 0xFB, 0xFF, 0xC7, 0x39, 0xF9, 0x7A, 0xFD, 0xC6, 0xFE, 0x5D, 0xB5, 0x38, 0xBE, 0x7E,
    0x03, 0xFF, 0x45, 0x7A, 0x78, 0xF1, 0x48, 0xF9, 0xA6, 0xF4, 0x26, 0xF7, 0xDC, 0x70, 0x12, 0xBE,
    0xF9, 0x7E, 0x63, 0xFF, 0x4A, 0x3C, 0x47, 0xD4, 0xD1, 0x45, 0x3A, 0x42, 0xDC, 0x15, 0x5E, 0x8B,
    0xEB, 0xDA, 0xDB, 0xD7, 0xEC, 0x68, 0x2D, 0x5E, 0xE8, 0xE2, 0x7E, 0x66, 0x9E, 0xC4, 0xB2, 0xFF,
    0x37, 0xF9, 0x03, 0x3A, 0x7D, 0xED, 0x11, 0x5D, 0x9C, 0xC3, 0x3B, 0xBC, 0xF9, 0xC5, 0x80, 0xFF,
    0x05, 0x85, 0x96, 0x01, 0xA4, 0x24, 0xC9, 0x19, 0xC7, 0x7F, 0xDD, 0xBD, 0xB7, 0x1D, 0x69, 0x51,
    0x87, 0xDB, 0x70, 0x1B, 0x51, 0x87, 0x80, 0x13, 0x57, 0xC1, 0x01, 0xF6, 0x4D, 0x15, 0x41, 0x00,
    0x0E, 0x7B, 0xC9, 0x12, 0x80, 0x83, 0x5D, 0xE1, 0x16, 0xC1, 0xE1, 0xBD, 0xD7, 0x05, 0x04, 0x88,
    0x15, 0x24, 0x00, 0x8B, 0x43, 0xF2, 0x0E, 0xB3, 0x08, 0x0E, 0xB3, 0xAF, 0x0B, 0x00, 0x9C, 0xE2,
    0x00, 0x90, 0xC6, 0xE5, 0x9C, 0x5D, 0x6C, 0x85, 0x3E, 0xDA, 0xDB, 0x9E, 0xAE, 0xD4, 0x54, 0xCF,
    0x78, 0xEF, 0x76, 0xDF, 0xBA, 0x6F, 0xEA, 0xA7, 0x7B, 0xBE, 0x1A, 0x55, 0xDF, 0x57, 0xF5, 0x7D,
    0x7F, 0x03, 0x80, 0x8C, 0x86, 0x6E, 0xDD, 0x97, 0x53, 0x3D, 0xD4, 0xA1, 0x1A, 0x85, 0xAF, 0x26,
    0xE5, 0xAA, 0x49, 0xDB, 0x84, 0xA9, 0xA6, 0x36, 0xD1, 0x51, 0x8D, 0x91, 0x7A, 0x88, 0x34, 0x21,
    0x22, 0xFA, 0x0E, 0xE9, 0x5A, 0xB4, 0xD5, 0xF6, 0x1C, 0xF9, 0x72, 0xA4, 0x8E, 0x9E, 0x6C, 0x5F,
    0x32, 0x31, 0x02, 0xDC, 0xFA, 0x48, 0x85, 0xAA, 0xAF, 0x7C, 0xED, 0x1A, 0x27, 0xAC, 0x30, 0x12,
    0x85, 0x42, 0xA3, 0xEE, 0xC9, 0x50, 0xB0, 0x98, 0xE8, 0x41, 0x27, 0xA2, 0xA7, 0x8C, 0x8E, 0x66,
    0xED, 0xF8, 0x40, 0x5B, 0x3E, 0xD3, 0xA6, 0x08, 0xAD, 0xA9, 0x5D, 0x87, 0x20, 0x72, 0x54, 0xCC,
    0x74, 0x31, 0x6E, 0x1F, 0x7C, 0x31, 0xFF, 0x93, 0x72, 0x82, 0x6A, 0xC7, 0x08, 0xEB, 0xD9, 0x14,
    0x31, 0x5A, 0xBA, 0x38, 0x12, 0xE3, 0x58, 0x5C, 0x9C, 0x0D, 0xA5, 0xE3, 0x61, 0xE5, 0x78, 0xBB,
    0xB2, 0x50, 0x1B, 0x68, 0x3E, 0xFD, 0x0E, 0x11, 0xA3, 0x79, 0x0B, 0xED, 0x40, 0xF6, 0x20, 0xFA,
    0x77, 0x12, 0x1B, 0xA4, 0x9F, 0x50, 0x2E, 0xD2, 0xDA, 0xF6, 0xE5, 0x4C, 0x13, 0x7B, 0x38, 0x58,
    0x1D, 0x1D, 0xEA, 0x79, 0x60, 0x2E, 0x87, 0x72, 0x2A, 0x43, 0x3D, 0x14, 0x56, 0x04, 0x90, 0x1E,
    0xD4, 0x8B, 0x19, 0x3D, 0x77, 0x56, 0x3B, 0xE5, 0xB4, 0x95, 0xBE, 0x35, 0x0B, 0xDA, 0xA4, 0xEF,
    0x46, 0x5B, 0xB5, 0x8B, 0xF9, 0x62, 0x4B, 0xB9, 0x5F, 0x4F, 0xC7, 0xD8, 0x27, 0xFC, 0xE9, 0xD9,
    0xDA, 0x3D, 0x41, 0x98, 0x80, 0x04, 0xEE, 0x00, 0x23, 0x14, 0x01, 0x2A, 0x0F, 0xC2, 0x92, 0xDD,
    0x47, 0xAF, 0xB8, 0xDD, 0xE2, 0x5E, 0x01, 0x70, 0x17, 0x54, 0xF4, 0xC4, 0x3F, 0x0E, 0xD5, 0x54,
    0x4E, 0xD5, 0x50, 0xA4, 0xDB, 0x4A, 0xCF, 0xB1, 0x1A, 0xAA, 0x59, 0xF8, 0x22, 0xCE, 0xD0, 0x4E,
    0x94, 0x31, 0x1A, 0xD9, 0x77, 0xAE, 0x35, 0xAA, 0xEF, 0x10, 0xFD, 0x9C, 0x88, 0x08, 0x9F, 0xBE,
    0x3B, 0xF5, 0x6D, 0xA4, 0x8E, 0x03, 0x07, 0xA3, 0x1D, 0xA9, 0xE6, 0xCE, 0x88, 0xA0, 0x9C, 0xF4,
    0xC2, 0x6B, 0x27, 0xFA, 0x8C, 0xDD, 0x3F, 0x9D, 0xF2, 0xF2, 0xFB, 0xE8, 0xEA, 0x18, 0x1D, 0x77,
    0xB5, 0x85, 0x96, 0x77, 0x98, 0xF9, 0xB2, 0x98, 0x48, 0x9B, 0xD3, 0xAD, 0x3D, 0x6A, 0xE6, 0xD2,
    0x1A, 0xF3, 0x3A, 0xC2, 0xD0, 0xC5, 0x18, 0x1E, 0xAC, 0x9F, 0x3D, 0xBE, 0x76, 0xFE, 0x26, 0x00,
    0xCB, 0x6F, 0xCE, 0xCE, 0x1E, 0xDF, 0xFA, 0xF8, 0xE3, 0x8F, 0x0E, 0xEF, 0xBC, 0x62, 0x3B, 0x7F,
    0x9B, 0x00, 0xE0, 0x17, 0x14, 0x33, 0x62, 0xA0, 0x75, 0x44, 0xAA, 0x89, 0x7A, 0x40, 0x04, 0xA4,
    0x47, 0x39, 0xB4, 0x45, 0x1B, 0xDA, 0x65, 0x90, 0x87, 0x41, 0xA7, 0x61, 0x77, 0xB3, 0xC2, 0x53,
    0x87, 0x5C, 0x47, 0xC7, 0x70, 0x03, 0x7E, 0x06, 0x48, 0x0B, 0x4D, 0x0F, 0xD5, 0x40, 0x9E, 0x61,
    0x0B, 0xCC, 0x40, 0xF7, 0x06, 0xE2, 0x32, 0x5F, 0x6C, 0x97, 0x6A, 0xAC, 0x07, 0x10, 0x01, 0x94,
    0x87, 0xCE, 0x50, 0x6E, 0x41, 0x0E, 0xA0, 0x0D, 0xBC, 0x97, 0x7B, 0xE1, 0x5D, 0xF4, 0xFF, 0xA2,
    0xAB, 0x9F, 0x37, 0xBE, 0xFA, 0xAE, 0xF6, 0x75, 0xA8, 0x5D, 0xE3, 0x1B, 0x27, 0x72, 0x67, 0x08,
    0x2B, 0x91, 0x46, 0xA1, 0x58, 0x25, 0x8E, 0xD0, 0x09, 0x75, 0xEF, 0x38, 0x2F, 0x58, 0x90, 0xAD,
    0x89, 0x96, 0x76, 0x1D, 0x8A, 0xDD, 0x7D, 0x87, 0x72, 0x12, 0xA9, 0x57, 0xA5, 0x2F, 0xB7, 0xCA,
    0x95, 0x5B, 0x6D, 0x33, 0x4B, 0x97, 0x9A, 0x6A, 0xEC, 0xA8, 0x87, 0x8E, 0x26, 0xB4, 0x46, 0x2C,
    0x55, 0xE9, 0x5A, 0xC4, 0xCB, 0x5D, 0x65, 0x78, 0x2E, 0xAD, 0x85, 0x72, 0x86, 0x4F, 0xB7, 0xD4,
    0x17, 0x69, 0xEE, 0x6F, 0x97, 0x5D, 0x95, 0x73, 0x69, 0x02, 0x88, 0x03, 0xFD, 0xBE, 0xF4, 0x1D,
    0xE8, 0x85, 0xF7, 0xE3, 0x33, 0x74, 0x8C, 0x4B, 0x55, 0xCA, 0xD8, 0xD3, 0xFD, 0x63, 0x64, 0x2E,
    0xB6, 0xC5, 0xC4, 0x96, 0xB1, 0xD8, 0x42, 0x7A, 0xA3, 0x1C, 0xA1, 0x0A, 0x4B, 0x1D, 0x2B, 0x60,
    0x03, 0x55, 0xBF, 0x54, 0xFB, 0x09, 0x1F, 0x96, 0x81, 0x27, 0xCD, 0x7F, 0x7F, 0x1F, 0x76, 0x1D,
    0xD2, 0xC6, 0xE8, 0xAF, 0x54, 0xF8, 0x58, 0x4E, 0xE9, 0x93, 0xAA, 0x9B, 0x70, 0x68, 0x77, 0x11,
    0x78, 0xAB, 0xB3, 0xA8, 0x11, 0x7E, 0x1E, 0x2D, 0xA8, 0xFE, 0x10, 0xE0, 0x9D, 0xC4, 0x09, 0xA2,
    0x6F, 0xD1, 0x4E, 0xBF, 0x8C, 0x34, 0xF1, 0x1B, 0x0E, 0xB6, 0x24, 0xA2, 0x12, 0x5D, 0x4F, 0x11,
    0x3D, 0xF5, 0x7F, 0x1C, 0x52, 0x39, 0xEE, 0x68, 0x4B, 0xD0, 0xB6, 0xF2, 0xAD, 0x11, 0xA6, 0x63,
    0x45, 0x24, 0xC5, 0x30, 0x3F, 0x38, 0x8B, 0xFF, 0xCA, 0x77, 0x7A, 0xD8, 0x76, 0x3D, 0x5B, 0x62,
    0x74, 0xB4, 0x71, 0xA2, 0x4B, 0x5C, 0x9C, 0x8D, 0x85, 0x4F, 0xB1, 0x3B, 0xDE, 0xAB, 0x1C, 0x64,
    0x95, 0x59, 0x8F, 0x88, 0x18, 0x6D, 0x52, 0x18, 0x7F, 0x88, 0xE9, 0x46, 0xE2, 0x18, 0xD1, 0x3F,
    0x45, 0xFA, 0xCE, 0xB4, 0xAF, 0xC5, 0x95, 0xEF, 0x53, 0xBF, 0xE8, 0xD9, 0x56, 0x61, 0x77, 0xA3,
    0x4D, 0x28, 0x8D, 0x38, 0x1C, 0xF1, 0x8B, 0x2D, 0xFA, 0x22, 0x9A, 0xD6, 0x6A, 0xD7, 0xA1, 0xAE,
    0xA0, 0x5D, 0xCB, 0x4E, 0x63, 0x22, 0xE2, 0xF9, 0x74, 0x50, 0x18, 0x54, 0x8C, 0xF9, 0x0C, 0x57,
    0x67, 0x5F, 0xF8, 0x3F, 0xD3, 0xD8, 0x27, 0x88, 0xBD, 0x94, 0x6C, 0x80, 0xB0, 0x9C, 0x79, 0xE3,
    0xC8, 0xEE, 0xD5, 0xDE, 0x3D, 0x5C, 0x71, 0x1B, 0xF8, 0xE0, 0x07, 0x0A, 0xF3, 0x87, 0x74, 0xFE,
    0xBB, 0x4A, 0x23, 0x91, 0x9E, 0x53, 0x39, 0x96, 0x73, 0xD3, 0x13, 0x67, 0xD0, 0x5B, 0x76, 0x8A,
    0x2B, 0xFA, 0xCE, 0x6B, 0x2B, 0x43, 0x8B, 0x08, 0x1D, 0x4D, 0x62, 0xA7, 0x1A, 0xD2, 0xC9, 0x6F,
    0x3B, 0x73, 0x33, 0x8E, 0xAF, 0x29, 0x4C, 0x13, 0x64, 0x56, 0x18, 0xF5, 0x8A, 0xC2, 0x28, 0xA7,
    0xBC, 0x78, 0x93, 0xC2, 0x54, 0xD7, 0x28, 0x4C, 0x6D, 0xAF, 0x45, 0xC7, 0x38, 0xBE, 0xBF, 0x7E,
    0xF6, 0xF9, 0xB5, 0xF3, 0xA5, 0x01, 0x58, 0x7E, 0x73, 0x76, 0xF6, 0xF9, 0x4E, 0x61, 0x0E, 0xEF,
    0xBC, 0x62, 0x3B, 0x7F, 0x62, 0x80, 0x77, 0x29, 0x26, 0xE4, 0x40, 0x6B, 0x8B, 0x99, 0x6A, 0xDC,
    0x6B, 0x8B, 0xCE, 0xDA, 0xD2, 0x1A, 0x3A, 0x88, 0x79, 0xCC, 0x79, 0x44, 0xE8, 0xA0, 0x05, 0x6D,
    0x2E, 0x15, 0xA6, 0x18, 0xE1, 0x57, 0xF0, 0x13, 0x40, 0x1A, 0x76, 0x4E, 0xAA, 0xB0, 0x94, 0x56,
    0x71, 0x90, 0x97, 0xF8, 0x46, 0x69, 0xC9, 0x14, 0x87, 0xB6, 0xBC, 0x22, 0x2F, 0xAD, 0xCD, 0x9D,
    0x2B, 0x06, 0xD0, 0x36, 0xEF, 0x00, 0x37, 0x1F, 0x19, 0xCE, 0x5B, 0x57, 0xF5, 0x22, 0x4B, 0x8A,
    0x42, 0x98, 0x15, 0x92, 0x13, 0x14, 0x1B, 0x56, 0x4C, 0x9C, 0x24, 0xB6, 0x4C, 0x59, 0xB8, 0x37,
    0x9C, 0xFE, 0xE9, 0xFC, 0xA1, 0x0A, 0xDA, 0x03, 0xF0, 0xD3, 0x47, 0x5C, 0x4C, 0x95, 0x3F, 0x15,
    0x76, 0xA5, 0x38, 0x59, 0x31, 0x3D, 0x6D, 0xFA, 0x38, 0x33, 0xB1, 0x1F, 0x4F, 0xF9, 0x8D, 0xFE,
    0x7B, 0xDF, 0x44, 0x03, 0x70, 0xFB, 0x31, 0xCC, 0xE7, 0xD4, 0x5E, 0x1A, 0x61, 0x85, 0xD3, 0x34,
    0xEE, 0x34, 0xB1, 0x49, 0x4C, 0x88, 0x1D, 0x76, 0x42, 0x9A, 0x09, 0xCD, 0x26, 0x7D, 0x74, 0x19,
    0x72, 0xA9, 0x03, 0x14, 0x77, 0xB9, 0x55, 0x6E, 0x99, 0x93, 0xD3, 0xA3, 0x6A, 0x83, 0xF8, 0x2B,
    0x34, 0x13, 0x54, 0x21, 0x93, 0x33, 0xFA, 0xF5, 0x04, 0xFF, 0x3E, 0xA1, 0xEC, 0x57, 0x34, 0x4E,
    0x99, 0x5D, 0x5D, 0xF1, 0xC0, 0x50, 0xC5, 0x01, 0xC1, 0xC4, 0x0D, 0x56, 0x80, 0x5E, 0xB8, 0xDD,
    0x51, 0xCE, 0x1D, 0xD2, 0x9D, 0xE4, 0xDD, 0x9E, 0x32, 0xB0, 0xA9, 0x7A, 0x4E, 0x1B, 0x8B, 0xDA,
    0x92, 0x4D, 0xEC, 0x55, 0x88, 0x01, 0x8A, 0x00, 0x65, 0x6E, 0x87, 0xFB, 0x54, 0x5F, 0x47, 0x53,
    0x7F, 0x25, 0x5C, 0xF3, 0x4D, 0xE3, 0xC4, 0xFE, 0xD0, 0x52, 0x46, 0x46, 0x22, 0x59, 0x74, 0x78,
    0xC5, 0x51, 0xE2, 0x98, 0x23, 0x36, 0xE8, 0x4F, 0x46, 0x54, 0x7F, 0x75, 0xBD, 0xE2, 0x07, 0xEB,
    0xDD, 0xBA, 0x5B, 0x79, 0x35, 0xD6, 0x4E, 0x98, 0xC6, 0xDD, 0x41, 0xD8, 0x1E, 0xF1, 0x3B, 0x8B,
    0x54, 0x20, 0xA3, 0x45, 0xFD, 0xC5, 0xB1, 0xAA, 0x7A, 0x8E, 0xCA, 0xC0, 0x31, 0x23, 0x1B, 0xCE,
    0x19, 0x51, 0x0E, 0x40, 0xA6, 0xDE, 0x62, 0x28, 0x42, 0x79, 0xF5, 0x9F, 0xD2, 0xF2, 0x5F, 0x29,
    0x47, 0x90, 0x62, 0xF8, 0x44, 0xF5, 0x70, 0xCB, 0xDC, 0xE7, 0x3E, 0xED, 0xD7, 0xF1, 0xB7, 0xD1,
    0x36, 0x5F, 0x89, 0x25, 0xF2, 0x25, 0xF6, 0xBE, 0x71, 0x97, 0xF1, 0x0B, 0xA3, 0x38, 0xE4, 0x90,
    0xB3, 0x38, 0xAC, 0xC2, 0x31, 0x27, 0x39, 0x97, 0xE3, 0x9C, 0xCD, 0x06, 0xD9, 0x03, 0x2C, 0x2B,
    0xA7, 0x75, 0x4D, 0x73, 0xCD, 0x69, 0xA8, 0x1F, 0x39, 0x8D, 0xE2, 0xEE, 0xCD, 0x47, 0xF5, 0xD4,
    0x0E, 0x6C, 0xFC, 0x44, 0xC7, 0x86, 0x6D, 0xAE, 0xB3, 0x93, 0x22, 0x79, 0xCA, 0xC0, 0x94, 0x18,
    0xAB, 0x3E, 0xE5, 0xE6, 0xAB, 0xBE, 0x76, 0x69, 0x7D, 0xAF, 0x11, 0x71, 0x40, 0x18, 0x90, 0x80,
    0x02, 0xF4, 0x9E, 0x36, 0x00, 0xB7, 0x1F, 0x15, 0x17, 0x53, 0xED, 0x56, 0x8D, 0xFD, 0xA5, 0x70,
    0x34, 0x3D, 0xD5, 0x0C, 0x6D, 0x6E, 0x26, 0xC6, 0x0F, 0x19, 0x3F, 0x63, 0x38, 0x2A, 0x7B, 0x19,
    0x0D, 0xC0, 0xDB, 0xF0, 0x10, 0x02, 0xF5, 0xF7, 0x46, 0x47, 0x5B, 0x3B, 0x1A, 0x87, 0xB0, 0xBB,
    0x21, 0x0D, 0x12, 0x14, 0xAC, 0xE0, 0x28, 0x0F, 0x7D, 0x0F, 0x39, 0x02, 0xFC, 0x1F, 0x9D, 0x59,
    0x01, 0xA4, 0x26, 0x59, 0x76, 0xFE, 0xAA, 0x6A, 0xFA, 0xD5, 0xDA, 0x8A, 0xAD, 0x60, 0x7B, 0x93,
    0x18, 0x3D, 0x05, 0x8B, 0x11, 0xBD, 0x5D, 0xC1, 0xA0, 0xC9, 0xEB, 0xAE, 0xDA, 0x0C, 0x20, 0xD0,
    0xE8, 0x7F, 0x86, 0xB4, 0x98, 0x20, 0x88, 0x85, 0x07, 0x8D, 0x46, 0xCF, 0x54, 0x65, 0x06, 0x4B,
    0x82, 0x4C, 0xC8, 0x80, 0x10, 0x8D, 0x46, 0xF6, 0x3D, 0x74, 0x93, 0x0E, 0x2F, 0xF4, 0x76, 0xDD,
    0xED, 0x07, 0x08, 0xB6, 0x76, 0xC6, 0x6E, 0xB0, 0x48, 0xD9, 0xED, 0x49, 0xA4, 0x87, 0xF4, 0x45,
    0x75, 0xB6, 0xDE, 0xEB, 0xAA, 0x3A, 0xB9, 0xE7, 0xBB, 0xD7, 0xFF, 0xDE, 0xDB, 0x99, 0x04, 0x7B,
    0xB4, 0xF3, 0x7D, 0xFE, 0xFB, 0xEA, 0xDE, 0x73, 0xCF, 0x39, 0xE7, 0xDC, 0x5B, 0xD5, 0x40, 0x90,
    0x3D, 0x69, 0x01, 0x24, 0x6B, 0x67, 0x1D, 0x14, 0x43, 0x36, 0x39, 0x68, 0xEA, 0x44, 0x61, 0x45,
    0x62, 0x81, 0x64, 0x46, 0x54, 0x03, 0xE9, 0x08, 0x95, 0xDC, 0x12, 0x8A, 0x81, 0x50, 0xF6, 0x17,
    0x36, 0x9B, 0x4D, 0x5D, 0x99, 0x5C, 0x44, 0x4C, 0x65, 0x22, 0xD9, 0x34, 0x0E, 0xB0, 0x22, 0x6F,
    0xAB, 0x16, 0x0B, 0x72, 0x37, 0x16, 0x39, 0x40, 0x65, 0xE2, 0x19, 0x5F, 0x47, 0xD1, 0x27, 0xB3,
    0xCE, 0x32, 0x72, 0x81, 0x44, 0x0E, 0xD6, 0xFD, 0x56, 0x6D, 0x10, 0x31, 0x00, 0x32, 0x1B, 0xD6,
    0xF0, 0x30, 0x78, 0xE8, 0x09, 0x85, 0xC1, 0xAE, 0xAE, 0xE8, 0xA1, 0x6A, 0x71, 0x48, 0x43, 0xA3,
    0x11, 0xF8, 0xBA, 0x88, 0x58, 0x20, 0xF7, 0x00, 0xFC, 0xD9, 0xB7, 0x55, 0x3F, 0xBC, 0xA3, 0xDA,
    0xDE, 0xA6, 0x7E, 0x08, 0x20, 0x92, 0x55, 0xE7, 0x11, 0xE9, 0x1D, 0xFD, 0x89, 0x8C, 0x48, 0x5F,
    0x3D, 0xFD, 0xF9, 0x84, 0xF2, 0x97, 0x1F, 0x1E, 0x4D, 0x68, 0xBE, 0xFF, 0xF6, 0xD1, 0x18, 0x49,
    0xF6, 0xF6, 0x47, 0x6D, 0x32, 0xE7, 0x69, 0x8D, 0x74, 0xCA, 0x33, 0x35, 0xE5, 0x1B, 0x39, 0x50,
    0xD8, 0x4B, 0xB9, 0x6E, 0xF6, 0xF2, 0x37, 0x80, 0xCA, 0xEC, 0x5E, 0xA2, 0xBE, 0xAC, 0xFA, 0xCE,
    0x2E, 0xD0, 0x98, 0xDB, 0xAA, 0x5B, 0x5D, 0xB0, 0x69, 0xED, 0x23, 0xFD, 0x7D, 0x78, 0xE8, 0xF4,
    0x8F, 0x06, 0xEB, 0xF4, 0xD3, 0x7E, 0x78, 0x0D, 0xC5, 0x2F, 0x7E, 0xD4, 0x5F, 0x45, 0xF6, 0xEA,
    0xE9, 0x4F, 0x26, 0x24, 0xF2, 0xD9, 0x8B, 0x11, 0xE8, 0xD4, 0x10, 0xE4, 0x34, 0x2A, 0x7F, 0xBD,
    0x55, 0x9D, 0x01, 0x80, 0x2E, 0x08, 0x5C, 0xA2, 0xBE, 0xFC, 0x86, 0xEA, 0xD7, 0x5E, 0xC3, 0x59,
    0xD9, 0x13, 0x75, 0x4C, 0x2A, 0x7C, 0xB2, 0x7A, 0x96, 0x4A, 0x8D, 0x48, 0x00, 0x31, 0x48, 0x27,
    0xA0, 0x33, 0x0C, 0x4E, 0x63, 0x50, 0x19, 0xA0, 0xAA, 0x21, 0x00, 0xDE, 0x44, 0xBC, 0x42, 0x25,
    0x99, 0x09, 0x8C, 0xB2, 0x86, 0xE1, 0xE2, 0xCD, 0x9D, 0x01, 0x85, 0xAD, 0xE6, 0x72, 0x46, 0x39,
    0xFC, 0xCE, 0xDC, 0x2D, 0xA8, 0xFA, 0x78, 0xEE, 0x67, 0x0D, 0xD8, 0x49, 0x3B, 0x39, 0x48, 0x04,
    0x37, 0xD0, 0x98, 0x64, 0x01, 0x14, 0x66, 0x85, 0x36, 0x9D, 0x08, 0xD9, 0x08, 0xDD, 0x6D, 0x6E,
    0x3D, 0x0C, 0x0A, 0x7D, 0xD1, 0x33, 0x41, 0x0A, 0x13, 0xEB, 0x0A, 0xA5, 0xC9, 0x6A, 0xA4, 0x6B,
    0x65, 0x1A, 0x20, 0x16, 0xF9, 0x7B, 0xB5, 0xA3, 0x11, 0xD1, 0xE7, 0x33, 0x61, 0xEE, 0xE1, 0xE2,
    0x0D, 0x9A, 0x26, 0x22, 0x1A, 0x14, 0x0F, 0x28, 0x5F, 0x6E, 0xDE, 0xB3, 0xCC, 0x85, 0x44, 0x61,
    0x20, 0x14, 0x3D, 0xE2, 0x41, 0x23, 0x81, 0xA4, 0x67, 0x2E, 0x44, 0x2D, 0xB8, 0x4F, 0xA6, 0x04,
    0xA1, 0xA9, 0x09, 0x1D, 0x28, 0x72, 0x1E, 0xF6, 0x35, 0xDB, 0x22, 0x9F, 0x6D, 0xF1, 0xE2, 0x32,
    0x77, 0xEB, 0x91, 0x64, 0x22, 0xA4, 0x84, 0xF8, 0xC1, 0xC9, 0xBE, 0xB7, 0x4F, 0x1C, 0x5C, 0x78,
    0xEF, 0xE5, 0xE6, 0x4C, 0x3E, 0x16, 0x3D, 0xA1, 0xF4, 0x10, 0x16, 0xEF, 0x38, 0x56, 0x31, 0xA4,
    0x68, 0x38, 0xFF, 0x19, 0x29, 0x65, 0x00, 0x77, 0xEF, 0x73, 0x3F, 0x15, 0xFF, 0xA0, 0xD4, 0xB4,
    0xB3, 0x73, 0xB0, 0x02, 0x0D, 0x10, 0x2D, 0xC0, 0x35, 0x20, 0xA6, 0x49, 0xFF, 0x2F, 0x44, 0x1E,
    0xF6, 0xD7, 0xFD, 0xFB, 0x0E, 0xBC, 0xC7, 0xB0, 0x91, 0x0D, 0x3D, 0x29, 0x38, 0x75, 0x41, 0xBC,
    0x2F, 0xFB, 0x1F, 0x33, 0x5B, 0xD4, 0xB4, 0x68, 0xB3, 0xEA, 0x9E, 0x81, 0x30, 0xCB, 0x44, 0x48,
    0x42, 0xBD, 0x19, 0xC2, 0x95, 0x0D, 0x50, 0xEB, 0x9C, 0xCF, 0x62, 0x4B, 0x17, 0x88, 0x41, 0xF5,
    0xBC, 0x93, 0x55, 0xD3, 0x68, 0x47, 0x46, 0x30, 0x64, 0xD4, 0x4C, 0xD7, 0x80, 0xB8, 0x12, 0x90,
    0xF5, 0x49, 0x19, 0x03, 0x46, 0x16, 0xB8, 0xB0, 0xA9, 0x77, 0xEE, 0x27, 0x3F, 0xBB, 0x8F, 0x42,
    0x4C, 0xB3, 0xA6, 0x22, 0xF8, 0x96, 0x3C, 0x15, 0xC9, 0x35, 0x05, 0xBA, 0x7F, 0x35, 0xF2, 0xA0,
    0x6F, 0x0C, 0x9A, 0x7F, 0x40, 0x23, 0xEA, 0x99, 0xEE, 0x10, 0xCD, 0x4C, 0x62, 0xD1, 0x58, 0x25,
    0xE2, 0x46, 0xFB, 0xE0, 0xB4, 0xCE, 0xF1, 0x36, 0x12, 0x90, 0xD7, 0x9A, 0xD9, 0xCA, 0xD9, 0xA8,
    0xD6, 0x40, 0xE2, 0x85, 0xED, 0x6B, 0x0A, 0x3F, 0xA6, 0x63, 0xF8, 0x31, 0x1B, 0x91, 0xF2, 0xC7,
    0xDC, 0x22, 0x0F, 0x04, 0xE5, 0x48, 0x32, 0xA0, 0xB2, 0x4A, 0x8A, 0x1E, 0x1D, 0x49, 0x69, 0x20,
    0x8E, 0x2C, 0x97, 0x2A, 0x93, 0xBC, 0xB0, 0x88, 0x65, 0xAE, 0x4C, 0xFA, 0xE3, 0x01, 0xD0, 0x70,
    0xE6, 0x35, 0xDD, 0xF0, 0x55, 0xFB, 0x3E, 0x0C, 0x88, 0x7B, 0x01, 0x33, 0x31, 0x28, 0x65, 0x42,
    0x2E, 0x03, 0x2A, 0x99, 0xA1, 0x7B, 0x8A, 0xA4, 0x86, 0x2E, 0x88, 0xC7, 0x70, 0x38, 0xF9, 0xA7,
    0xAA, 0xD9, 0x7B, 0xAD, 0x71, 0x68, 0x1D, 0xFE, 0xCB, 0x82, 0x48, 0x71, 0x5A, 0x99, 0xF7, 0x18,
    0x05, 0x89, 0xA2, 0xED, 0xEA, 0xA4, 0x47, 0x74, 0x70, 0x22, 0xCF, 0x0F, 0x4E, 0xDA, 0x44, 0x28,
    0x26, 0x7A, 0xF7, 0xF3, 0xBD, 0x9F, 0xDE, 0xFA, 0x04, 0x48, 0x4C, 0x31, 0xA8, 0x7D, 0xA9, 0xC9,
    0x6D, 0xAE, 0xCB, 0x53, 0x90, 0x7B, 0x54, 0xDB, 0x93, 0xF9, 0x3A, 0x1C, 0x22, 0x99, 0xAF, 0x39,
    0x2C, 0x10, 0x2D, 0x6C, 0xAE, 0xC0, 0x7A, 0xD7, 0x6F, 0x49, 0xD4, 0x2C, 0x37, 0xD6, 0x4D, 0x7E,
    0x67, 0x95, 0x9A, 0x75, 0x97, 0x16, 0x33, 0x7B, 0x4A, 0xCB, 0x5C, 0xF4, 0xBD, 0x46, 0x2C, 0xBB,
    0xB4, 0x38, 0xCC, 0x7A, 0xDF, 0x9B, 0x7E, 0x00, 0x15, 0x5D, 0x71, 0x20, 0xAB, 0x5E, 0xEE, 0xCD,
    0x24, 0x85, 0x8D, 0x25, 0x10, 0xF8, 0xF2, 0x2F, 0x07, 0xED, 0x56, 0x6C, 0x1D, 0xFA, 0x4F, 0x89,
    0x09, 0xA4, 0xD9, 0x92, 0xD6, 0x91, 0xAF, 0x01, 0xE8, 0x1C, 0x31, 0x97, 0xC1, 0xD8, 0x37, 0x66,
    0x17, 0x3E, 0xF6, 0xED, 0xA1, 0x96, 0x35, 0x22, 0x89, 0x47, 0x68, 0xAB, 0x4B, 0x97, 0xEC, 0xF8,
    0x26, 0x92, 0xC5, 0x75, 0x11, 0x6D, 0x35, 0xC9, 0x7A, 0x20, 0x9F, 0x6A, 0x8D, 0x24, 0x22, 0xC7,
    0xAC, 0xE3, 0x74, 0xD9, 0x80, 0x36, 0xB3, 0x13, 0x16, 0x46, 0xCB, 0x52, 0x4D, 0x51, 0x62, 0xD9,
    0x4C, 0xCE, 0x90, 0x62, 0x50, 0x52, 0xD3, 0x52, 0xA0, 0xF1, 0x96, 0x06, 0x62, 0x02, 0x11, 0x0E,
    0xB5, 0x75, 0xC3, 0x3A, 0xAB, 0x64, 0x08, 0xED, 0x9D, 0x5B, 0x54, 0xB9, 0x49, 0xB7, 0x3C, 0xAF,
    0x95, 0xFB, 0x90, 0x4C, 0xF0, 0x52, 0x1E, 0xDF, 0x12, 0xFE, 0xCC, 0x25, 0x3B, 0xB3, 0xA5, 0xD5,
    0x80, 0xE0, 0x29, 0xBA, 0x3B, 0xF8, 0xAA, 0x50, 0x4A, 0x1B, 0x94, 0xEE, 0xFC, 0x80, 0x56, 0x38,
    0x1A, 0xD1, 0xD5, 0x8D, 0xD2, 0xF4, 0xF8, 0xF5, 0x99, 0xAE, 0x2A, 0x87, 0xA2, 0x8F, 0x97, 0xE0,
    0x35, 0x1E, 0xC8, 0xEA, 0x37, 0x69, 0x1D, 0x9D, 0x59, 0x29, 0x2B, 0x1C, 0xBD, 0xA7, 0xBE, 0xDB,
    0x1B, 0x75, 0x1A, 0x76, 0x29, 0xA9, 0x7D, 0x98, 0x13, 0xDA, 0x58, 0xAC, 0x4A, 0xE7, 0x74, 0x56,
    0xAB, 0x07, 0xA5, 0xC9, 0x02, 0x2D, 0x06, 0x20, 0x9D, 0x93, 0x95, 0xED, 0xAD, 0x46, 0x36, 0x45,
    0xC2, 0x47, 0x8C, 0x7A, 0x92, 0xFB, 0x69, 0x7A, 0xE4, 0x3E, 0xC6, 0xC1, 0xEC, 0xCE, 0xC4, 0x6E,
    0xD4, 0xD1, 0xC1, 0x8D, 0x65, 0x4A, 0x75, 0xA0, 0x1A, 0xB2, 0x1E, 0x39, 0x43, 0x5F, 0xDA, 0xCC,
    0x6A, 0x30, 0xBA, 0x01, 0xF9, 0x9C, 0x4E, 0x68, 0xEA, 0x4A, 0x64, 0x48, 0xE5, 0xA9, 0x1C, 0x2C,
    0xA0, 0x67, 0x3B, 0xD3, 0xD0, 0xD3, 0x94, 0xE8, 0x26, 0x90, 0xF1, 0x38, 0xBF, 0xA1, 0xB6, 0xB6,
    0xB9, 0x08, 0x27, 0x4D, 0x1D, 0x87, 0x8C, 0x74, 0x1C, 0x3D, 0xD7, 0x18, 0x9F, 0xB8, 0x85, 0xA2,
    0x01, 0x1A, 0xE5, 0xB5, 0xE7, 0x62, 0x1D, 0x82, 0x3C, 0x52, 0xFE, 0xBE, 0x77, 0xAD, 0x16, 0x3C,
    0x66, 0xCF, 0xD3, 0x1F, 0x5B, 0x44, 0xA3, 0xE7, 0xF9, 0xDF, 0x8C, 0xEC, 0x97, 0xDC, 0x52, 0x3E,
    0x22, 0xED, 0x3D, 0xBF, 0x92, 0x8D, 0xC8, 0x8D, 0xE7, 0xBB, 0xD9, 0xC4, 0xE9, 0x2F, 0xEE, 0xBD,
    0xDC, 0xFC, 0xF0, 0xD6, 0xF1, 0xA6, 0xD9, 0xF0, 0x4C, 0x08, 0x62, 0xF0, 0xBD, 0xEE, 0xE4, 0xE0,
    0xE4, 0xC1, 0xEA, 0x9A, 0x77, 0xAD, 0x71, 0x4E, 0xFA, 0x74, 0xD6, 0xE9, 0x95, 0x67, 0xC6, 0xB9,
    0xD7, 0x7A, 0xAE, 0x55, 0x9A, 0xF6, 0x9E, 0x97, 0x48, 0xE6, 0xDC, 0x90, 0x8F, 0xD7, 0x1C, 0x2F,
    0x6A, 0xCF, 0x1F, 0x3B, 0x5E, 0xF9, 0x8C, 0x1A, 0xB5, 0x8B, 0xBD, 0xEF, 0xF9, 0x4B, 0x8B, 0x78,
    0x7E, 0xEC, 0xF9, 0xAF, 0x7A, 0xC4, 0xCB, 0x48, 0x9E, 0x8A, 0x41, 0x2C, 0x96, 0xDC, 0x5F, 0x1B,
    0xFA, 0xC0, 0xE1, 0xB8, 0x21, 0x4F, 0x16, 0xE5, 0xB5, 0xE7, 0x73, 0x38, 0x4D, 0x68, 0xFF, 0xB1,
    0x56, 0x43, 0xC7, 0x8A, 0x6E, 0xDA, 0xAE, 0x46, 0x39, 0x11, 0xF5, 0x09, 0x22, 0xE4, 0xD7, 0xB0,
    0xAB, 0x3D, 0x36, 0xED, 0x59, 0x54, 0xFD, 0x9B, 0xE1, 0x45, 0x78, 0xC4, 0x29, 0xD6, 0x1E, 0xBB,
    0x80, 0x02, 0x62, 0xB2, 0x78, 0x2C, 0x66, 0x45, 0x5A, 0x4C, 0x3C, 0x01, 0xE5, 0x7B, 0xFB, 0x84,
    0x4E, 0x08, 0xE9, 0x4A, 0x88, 0x03, 0x2C, 0xAA, 0xF7, 0x0F, 0xD6, 0x7F, 0x74, 0x10, 0x8A, 0x74,
    0xF3, 0xEE, 0xF1, 0x0D, 0x60, 0x7B, 0x05, 0xCE, 0x14, 0x76, 0xE4, 0xAF, 0xAD, 0x77, 0x8B, 0xD5,
    0x67, 0xEB, 0x6E, 0x60, 0x2F, 0x29, 0x7B, 0x66, 0x00, 0x93, 0xCC, 0x10, 0x04, 0x0A, 0x7A, 0x30,
    0xD1, 0x30, 0x1E, 0xF7, 0x5A, 0x4B, 0xC2, 0xBF, 0x57, 0xC8, 0x47, 0x0E, 0xE7, 0x96, 0xC3, 0xA7,
    0x90, 0xCD, 0x84, 0xDC, 0xC3, 0x1F, 0x2A, 0x8C, 0xF8, 0xA7, 0x59, 0x9F, 0x8B, 0x3F, 0x9B, 0xD5,
    0xF0, 0xE2, 0xA3, 0xE5, 0x0D, 0x24, 0xB2, 0x26, 0xA2, 0xE5, 0x3E, 0x32, 0x9C, 0x17, 0x6A, 0x7C,
    0x13, 0xBF, 0x26, 0xBF, 0xBF, 0xEF, 0x04, 0xA8, 0x84, 0xB5, 0xDD, 0x28, 0xE0, 0x54, 0x5E, 0x97,
    0x8F, 0x81, 0x88, 0x5B, 0xCD, 0xC6, 0x74, 0x51, 0x7B, 0xFD, 0x99, 0x1A, 0xAD, 0x6C, 0xF1, 0x33,
    0x2F, 0x47, 0x83, 0x1A, 0xB1, 0xBD, 0xF9, 0x97, 0xBE, 0x61, 0x53, 0x37, 0xAC, 0x70, 0x7F, 0x4F,
    0xA0, 0x66, 0x27, 0xD0, 0xA7, 0xB7, 0x6E, 0xED, 0x44, 0x46, 0x6A, 0xEB, 0x93, 0xEA, 0x2B, 0xF5,
    0xB2, 0xFD, 0xFB, 0x30, 0x83, 0xF6, 0x8E, 0x3B, 0x7A, 0xF4, 0xEC, 0xD8, 0x70, 0x6F, 0x47, 0x2C,
    0x1C, 0xBF, 0x70, 0xC3, 0x9F, 0x32, 0x63, 0xAE, 0xA7, 0xAA, 0xC3, 0xC2, 0x21, 0xAA, 0x05, 0x89,
    0x68, 0xBF, 0xE6, 0xE9, 0xCD, 0x40, 0x64, 0x83, 0x62, 0x8F, 0xB2, 0xF5, 0xE5, 0xFB, 0xC4, 0x9B,
    0x9D, 0x8C, 0x8A, 0x8D, 0xC9, 0x7B, 0xC5, 0xAE, 0xAD, 0x6A, 0x45, 0xA9, 0x67, 0x10, 0x53, 0xEB,
    0xB1, 0x30, 0x1A, 0xE9, 0x03, 0xE9, 0x9E, 0xEF, 0xDF, 0x0B, 0xA7, 0xA8, 0xC5, 0x85, 0x77, 0xD7,
    0xE6, 0xE5, 0xE6, 0x86, 0x9A, 0xED, 0x5B, 0x71, 0x3A, 0xE7, 0x13, 0x71, 0xD2, 0x88, 0x69, 0x78,
    0xD2, 0xC5, 0x57, 0x67, 0x22, 0x44, 0x1B, 0x11, 0x8B, 0xD3, 0x66, 0xD8, 0x19, 0x6F, 0x4E, 0xD3,
    0x87, 0xD3, 0xCE, 0xD2, 0x1C, 0xBD, 0x89, 0xB0, 0x28, 0xF3, 0x85, 0xA9, 0x55, 0xA7, 0x32, 0x80,
    0x31, 0xEB, 0x7A, 0x24, 0xA2, 0x82, 0xD4, 0x43, 0x76, 0xFC, 0xEE, 0xF2, 0x8E, 0x20, 0x37, 0xE9,
    0x8C, 0x0F, 0x90, 0xD7, 0xD9, 0x84, 0x6B, 0x28, 0x34, 0x37, 0x77, 0x71, 0x05, 0xB9, 0xC2, 0xEF,
    0x6A, 0xC4, 0xBE, 0xED, 0x17, 0x06, 0xD7, 0xBD, 0xAB, 0x50, 0xBD, 0x98, 0x09, 0xB4, 0x05, 0xDD,
    0x33, 0x9A, 0x26, 0xBE, 0xF5, 0xF3, 0xB7, 0xF4, 0x99, 0x7C, 0x57, 0x33, 0x02, 0xB2, 0x37, 0x80,
    0x99, 0x51, 0x73, 0xD0, 0x07, 0x7E, 0xF5, 0x0D, 0x63, 0x51, 0x28, 0xFF, 0x73, 0x56, 0xF8, 0xBD,
    0xF4, 0xFC, 0x5B, 0xC5, 0xF9, 0x37, 0x45, 0x0F, 0xD5, 0xC8, 0x07, 0x84, 0xB3, 0x54, 0x4C, 0x04,
    0x2F, 0x75, 0x40, 0x20, 0x6D, 0xB7, 0xB4, 0xC0, 0x56, 0x68, 0x33, 0x85, 0x3D, 0x92, 0xB2, 0xA7,
    0xD3, 0x50, 0x8A, 0xFF, 0xDA, 0xFB, 0xD9, 0xE2, 0xE9, 0x9B, 0xA8, 0xF4, 0x5C, 0xF3, 0xD2, 0xC0,
    0x87, 0x76, 0xFB, 0x16, 0xCB, 0x09, 0x16, 0xC4, 0x13, 0x59, 0xC8, 0xEB, 0xED, 0xCD, 0x7F, 0x25,
    0x63, 0x81, 0x77, 0x9E, 0x66, 0x56, 0x27, 0xA1, 0xE4, 0x67, 0xE8, 0xB0, 0x7D, 0xC1, 0x28, 0xFA,
    0x2D, 0x2D, 0xCF, 0x50, 0xB3, 0xA5, 0x95, 0x52, 0x78, 0xDA, 0x86, 0x79, 0xFD, 0xA0, 0x80, 0x8E,
    0xED, 0xD4, 0xB8, 0x44, 0x16, 0x4F, 0xA3, 0x25, 0xEF, 0x1B, 0x9A, 0xCB, 0xF6, 0xAE, 0xA9, 0xB7,
    0xA8, 0x71, 0x15, 0x72, 0x13, 0xFD, 0xED, 0xAC, 0x16, 0x5D, 0x77, 0xB4, 0x90, 0x59, 0xD7, 0xFE,
    0xC0, 0xD1, 0xAB, 0x6A, 0x6E, 0xD5, 0x3E, 0x71, 0xF4, 0x2D, 0x2D, 0x1E, 0x81, 0xA0, 0x68, 0xDF,
    0x4A, 0xFF, 0xBD, 0x4D, 0x27, 0x3D, 0xE3, 0x71, 0x7D, 0x2F, 0x16, 0xE9, 0x23, 0x39, 0x59, 0xD8,
    0x9A, 0x8E, 0x11, 0x4F, 0xDD, 0x00, 0x2F, 0xAC, 0x80, 0x40, 0xED, 0x96, 0xA6, 0xA7, 0x94, 0x95,
    0x43, 0xD9, 0xBA, 0x92, 0xBB, 0x26, 0x6C, 0x5B, 0xC0, 0xE9, 0xFE, 0x82, 0x5C, 0xC4, 0x59, 0x29,
    0x97, 0x6D, 0x02, 0x25, 0x53, 0x61, 0x74, 0x81, 0xB4, 0xD7, 0xB9, 0x93, 0x41, 0xA7, 0x3D, 0xA3,
    0x87, 0xA4, 0xDF, 0x6A, 0x9B, 0x18, 0xDD, 0x6E, 0xA6, 0x7A, 0xE4, 0x3D, 0x76, 0x2A, 0xD8, 0x26,
    0xAE, 0xA8, 0x5E, 0x76, 0xD9, 0x5C, 0x18, 0x48, 0xB1, 0xD4, 0x03, 0x7C, 0xF9, 0xE0, 0x6B, 0xBC,
    0x33, 0x5D, 0x62, 0x3D, 0x55, 0x68, 0x46, 0x6D, 0x4E, 0xEA, 0x30, 0x79, 0xEA, 0x32, 0x35, 0xFA,
    0xE2, 0x97, 0x47, 0x2B, 0x92, 0x23, 0xF9, 0x4B, 0x41, 0xF6, 0xA1, 0x40, 0xEA, 0x1C, 0x0B, 0xBA,
    0xF6, 0x3B, 0x38, 0xE4, 0x55, 0xF2, 0x0F, 0x18, 0x32, 0x86, 0x33, 0xEC, 0xD4, 0x07, 0x7C, 0x97,
    0xFA, 0x31, 0xDD, 0xB0, 0xF0, 0x90, 0xEF, 0xA0, 0x7B, 0x69, 0xFA, 0x8E, 0x29, 0x3D, 0xB3, 0x3A,
    0x7A, 0xDE, 0x97, 0x4E, 0x42, 0x63, 0xF2, 0xF5, 0x51, 0xB8, 0x12, 0x35, 0xAC, 0x08, 0xDA, 0xA5,
    0xC8, 0xE2, 0x28, 0x7C, 0x73, 0xAF, 0x44, 0x65, 0x08, 0xD8, 0xFB, 0xBB, 0xC6, 0xCC, 0xD4, 0x21,
    0x6E, 0x9A, 0x9F, 0x6E, 0x6E, 0x69, 0x60, 0x29, 0x2D, 0xF6, 0xE5, 0xF9, 0x7E, 0x77, 0xC2, 0x46,
    0x85, 0xD2, 0x2A, 0x82, 0x9D, 0x24, 0x12, 0x3D, 0xCD, 0x15, 0xF7, 0xBB, 0xC9, 0xD7, 0x71, 0xF8,
    0xA8, 0xA3, 0x6D, 0x8A, 0xFD, 0x95, 0x92, 0x06, 0xCC, 0xA6, 0x80, 0xE3, 0x36, 0xC1, 0xCF, 0x61,
    0x11, 0xB0, 0x1C, 0x3C, 0x76, 0x16, 0xA7, 0xC5, 0x7B, 0xBE, 0x7A, 0xDF, 0xF4, 0xB0, 0x1B, 0xCA,
    0xF2, 0x58, 0x67, 0xF5, 0x7B, 0x69, 0xC6, 0x97, 0x62, 0x11, 0x4B, 0x6D, 0xAB, 0x49, 0xCF, 0x30,
    0x9B, 0xCF, 0xA8, 0x6C, 0x34, 0xE4, 0x93, 0xDE, 0x03, 0xFB, 0xCC, 0x46, 0x52, 0x27, 0x66, 0xA7,
    0x4E, 0x56, 0x30, 0xDC, 0x33, 0x52, 0x07, 0x6E, 0x34, 0x6D, 0xBD, 0x83, 0xFC, 0xEB, 0x51, 0x0E,
    0x07, 0x03, 0xA1, 0xE9, 0xF1, 0x06, 0xB8, 0xE3, 0x2B, 0x04, 0x35, 0x64, 0x12, 0xC2, 0xEC, 0x60,
    0x37, 0x93, 0x56, 0x0F, 0x8C, 0x64, 0x85, 0x83, 0x47, 0xC9, 0xAC, 0x7F, 0x62, 0xD3, 0x19, 0x8D,
    0x83, 0x6C, 0x42, 0xD5, 0x47, 0x36, 0xD3, 0x40, 0x38, 0x1B, 0x46, 0x14, 0x63, 0xDC, 0xEB, 0x19,
    0xBB, 0x24, 0xA6, 0x50, 0x33, 0x3F, 0x33, 0xCD, 0x00, 0x74, 0xDE, 0xF6, 0x2C, 0x5C, 0xCE, 0xF3,
    0xBF, 0x03, 0x01, 0x67, 0xE1, 0xF4, 0x63, 0xCC, 0x0F, 0x03, 0xC6, 0x6B, 0x20, 0x89, 0x04, 0x92,
    0x05, 0x82, 0x22, 0x10, 0x5C, 0xEF, 0x02, 0xB9, 0xDB, 0xD5, 0x44, 0x4C, 0x4D, 0x4B, 0x8C, 0x6D,
    0x20, 0x69, 0x5F, 0x19, 0x92, 0xDC, 0x90, 0x5C, 0xDC, 0xEC, 0x7D, 0xE2, 0x32, 0xA0, 0x46, 0x25,
    0x14, 0xE3, 0xCE, 0xF1, 0xD5, 0x25, 0xC0, 0x7E, 0xAB, 0x4F, 0x33, 0x3A, 0x2C, 0xDE, 0x70, 0x0A,
    0xF1, 0xB6, 0xCD, 0xA7, 0x49, 0x22, 0xA1, 0xAC, 0x88, 0x03, 0x81, 0xE6, 0xB0, 0x8F, 0x7D, 0x34,
    0x92, 0xF0, 0x69, 0xA4, 0x33, 0x9F, 0x26, 0xE1, 0xD3, 0xE1, 0xF0, 0xAC, 0xC3, 0x91, 0xDC, 0x20,
    0x10, 0xA9, 0xFD, 0xC6, 0x2A, 0x99, 0x75, 0x52, 0x4B, 0x92, 0x28, 0xD9, 0x4A, 0xC4, 0x65, 0x78,
    0x56, 0x33, 0x60, 0xC5, 0xE8, 0x40, 0x38, 0x61, 0xBC, 0xD2, 0x4F, 0xF1, 0xCC, 0xC3, 0x3D, 0x9A,
    0x08, 0xF8, 0x26, 0x81, 0xB9, 0x4A, 0xC8, 0xDC, 0xF0, 0x66, 0xB3, 0xD9, 0x5B, 0xEA, 0xCC, 0xEF,
    0x79, 0x67, 0x7F, 0xBF, 0xE3, 0x5B, 0xD3, 0x8E, 0x9F, 0xBA, 0x91, 0x11, 0xAC, 0xB4, 0x9A, 0xEB,
    0x3C, 0x43, 0x28, 0xA3, 0xD5, 0xC3, 0x82, 0x84, 0x23, 0x48, 0x97, 0x30, 0x1F, 0x21, 0x3F, 0x7F,
    0x32, 0x4D, 0x40, 0xEC, 0xC7, 0xF2, 0x9A, 0x2B, 0x77, 0xAC, 0x60, 0xAD, 0x35, 0x5E, 0x55, 0x18,
    0xC1, 0xB5, 0x66, 0x3F, 0x53, 0xAD, 0xF2, 0xE7, 0x1E, 0x0E, 0xCF, 0x7C, 0x82, 0xCB, 0xBC, 0x57,
    0x9B, 0xCF, 0x7F, 0x25, 0x35, 0x62, 0x89, 0x07, 0x31, 0xC8, 0xA7, 0xB8, 0xD7, 0xD4, 0x1C, 0x12,
    0xD3, 0x18, 0x74, 0x26, 0x31, 0x55, 0xAD, 0xF5, 0xD9, 0xBE, 0xA9, 0x0B, 0x65, 0x2D, 0x97, 0xCD,
    0x6B, 0x1A, 0x91, 0xEB, 0x16, 0x46, 0x42, 0x65, 0xF1, 0x86, 0xC2, 0x80, 0xEF, 0xF8, 0x4C, 0xDF,
    0x65, 0x8A, 0x07, 0xE0, 0x21, 0x28, 0x06, 0x87, 0x1E, 0x1E, 0x29, 0xB4, 0xB0, 0xA7, 0xD0, 0x99,
    0x68, 0x60, 0x0B, 0x8C, 0x15, 0xAA, 0x3E, 0xE9, 0x15, 0x6C, 0x62, 0x62, 0x5D, 0x21, 0x31, 0x59,
    0x8D, 0x6C, 0x4D, 0xDB, 0x4A, 0xB7, 0xF9, 0x82, 0x9F, 0xE0, 0xBA, 0xF3, 0x9F, 0xE0, 0x0A, 0x36,
    0x0A, 0xDA, 0x00, 0xD0, 0x06, 0x06, 0x47, 0x25, 0x9E, 0xF0, 0x84, 0xA7, 0xE4, 0xAA, 0x8D, 0x38,
    0x72, 0x3A, 0x1B, 0xE3, 0xC5, 0x69, 0x1B, 0xCF, 0x6C, 0xD6, 0xAA, 0x07, 0x37, 0x7E, 0x61, 0xEF,
    0x73, 0xF7, 0xB2, 0x53, 0x30, 0x1A, 0xD4, 0x4B, 0xF8, 0x34, 0x58, 0xB5, 0xFE, 0xDC, 0xD4, 0x96,
    0xDA, 0xF1, 0xDC, 0x10, 0xB6, 0x5A, 0xBE, 0x7C, 0x46, 0x2B, 0x9A, 0x16, 0xB1, 0xDE, 0xD8, 0x35,
    0x39, 0x3A, 0xA6, 0x9F, 0x6C, 0x17, 0x1C, 0xA3, 0xC5, 0x2F, 0xC8, 0xA5, 0xCE, 0x2E, 0xC8, 0x73,
    0x50, 0x75, 0x69, 0x12, 0x5E, 0x5A, 0x13, 0xE1, 0xB4, 0x67, 0x6E, 0x88, 0x94, 0x90, 0x39, 0x8D,
    0xC8, 0xA0, 0xED, 0xA8, 0x9C, 0x90, 0xCE, 0xFA, 0xCF, 0x5F, 0xB4, 0x8B, 0x41, 0x57, 0x2D, 0x7B,
    0x44, 0xA3, 0x6A, 0x76, 0x3D, 0x6A, 0x0B, 0x46, 0x47, 0x75, 0xBE, 0xA8, 0x4E, 0xE9, 0xA9, 0x58,
    0xF8, 0x53, 0x27, 0x1C, 0x96, 0x9E, 0x3F, 0x31, 0xBB, 0xAA, 0x65, 0x5B, 0xF9, 0xBA, 0x8E, 0x42,
    0xB8, 0x62, 0xB5, 0xE9, 0xA7, 0xBF, 0x18, 0xBA, 0xB6, 0x7C, 0xF5, 0x6A, 0xEA, 0xDA, 0x3B, 0xD3,
    0x63, 0xD7, 0x02, 0x6E, 0xDB, 0x47, 0x87, 0x82, 0xDB, 0xD6, 0xFE, 0xF3, 0x82, 0x6B, 0xD6, 0xBE,
    0x1A, 0x51, 0xBC, 0xFC, 0x1F, 0xE9, 0xFD, 0x07, 0x0A, 0x24, 0xFF, 0xF6, 0x1F, 0x83, 0xD3, 0x47,
    0x47, 0x5A, 0x95, 0x1F, 0x1D, 0x19, 0x60, 0xE7, 0x8F, 0x3E, 0x6C, 0xE1, 0x4B, 0x79, 0x49, 0xA8,
    0xA3, 0x8D, 0x93, 0x9B, 0x38, 0x23, 0x3B, 0xFB, 0x4E, 0xEE, 0xE5, 0x3A, 0x3A, 0x16, 0xCF, 0x1F,
    0x9C, 0x3C, 0xB0, 0x65, 0xED, 0xFC, 0x64, 0xAF, 0xA3, 0xE8, 0x63, 0xBB, 0x8B, 0xB2, 0x8F, 0x87,
    0xBB, 0xEA, 0xA7, 0xFE, 0x50, 0xB5, 0x9E, 0x60, 0xDE, 0xBE, 0x9A, 0x1A, 0x2A, 0x42, 0x7D, 0xF6,
    0xFE, 0xBE, 0x7C, 0xE9, 0x9E, 0x3E, 0x9D, 0xBE, 0x0B, 0x65, 0xD4, 0xB9, 0x3D, 0xD5, 0xD5, 0xE8,
    0xEB, 0x7F, 0xD8, 0x9E, 0x17, 0xBC, 0x35, 0x47, 0xD4, 0xC0, 0xDE, 0x74, 0x5A, 0x9C, 0xB1, 0x9C,
    0x5D, 0x92, 0xF6, 0xBB, 0x4A, 0xA7, 0xFD, 0xF5, 0x85, 0xCD, 0x46, 0x36, 0xDB, 0x17, 0x81, 0xC4,
    0x07, 0x60, 0xDE, 0x06, 0x66, 0x47, 0x3D, 0x5B, 0x09, 0xDB, 0x13, 0xEB, 0xB4, 0xEA, 0xC3, 0xD8,
    0xB6, 0xCA, 0xB3, 0xF9, 0x74, 0xA5, 0xC4, 0x6F, 0x28, 0x04, 0xC5, 0xC0, 0x97, 0x18, 0x4B, 0xE4,
    0x6C, 0x7C, 0x07, 0x85, 0x3D, 0xD5, 0x31, 0xAB, 0x23, 0xA1, 0x46, 0xB1, 0x7C, 0xF5, 0x56, 0xF3,
    0x61, 0x07, 0xBC, 0x8B, 0xE9, 0xCA, 0x3F, 0x9F, 0x74, 0x3A, 0xAE, 0xD0, 0x68, 0x53, 0xCA, 0x3C,
    0x95, 0xFA, 0x2F, 0x80, 0xFB, 0x1D, 0xBD, 0x25, 0xDD, 0xC7, 0xAA, 0x27, 0xAE, 0x55, 0x27, 0x23,
    0xBA, 0x19, 0xD9, 0x1C, 0xBF, 0x9A, 0x91, 0x2F, 0xF1, 0xDB, 0xFA, 0x9D, 0x92, 0xBE, 0x7D, 0x42,
    0xDF, 0x7E, 0xC0, 0x1B, 0xE8, 0xFB, 0x5C, 0xEA, 0x31, 0x2F, 0x20, 0x93, 0xEA, 0xD8, 0x6A, 0x96,
    0x66, 0x3D, 0x9A, 0x01, 0x4D, 0x5D, 0x8A, 0x5A, 0x58, 0x09, 0x7B, 0x15, 0x25, 0x66, 0xCA, 0xE5,
    0xDC, 0xCA, 0xF5, 0xD8, 0xF2, 0xFE, 0xAC, 0x6B, 0x1F, 0x52, 0x3F, 0xC6, 0xF8, 0xAD, 0xFB, 0x78,
    0xB2, 0xD1, 0xFB, 0x41, 0xC5, 0x88, 0x14, 0xB2, 0x7E, 0xF2, 0xDE, 0x14, 0xBD, 0x63, 0x11, 0xCD,
    0x88, 0x79, 0xCD, 0x49, 0x7A, 0x7D, 0x28, 0x31, 0xA7, 0x3A, 0xFD, 0xAB, 0x1D, 0x1C, 0x22, 0xEB,
    0x0A, 0x58, 0xE4, 0xD2, 0x7D, 0x34, 0x20, 0xFF, 0xE2, 0xD5, 0x8B, 0x16, 0xE5, 0xDB, 0x47, 0x0B,
    0xB0, 0xC6, 0xF1, 0x10, 0x22, 0x54, 0xBC, 0xAF, 0xFA, 0xDA, 0x35, 0xD5, 0xBF, 0x4D, 0x8D, 0xEB,
    0xC0, 0x6F, 0x01, 0x25, 0xBF, 0x25, 0x16, 0x46, 0x8B, 0x39, 0x3F, 0xDE, 0x9B, 0x79, 0x47, 0x62,
    0xFF, 0x92, 0xFA, 0x7C, 0xB1, 0x52, 0xF2, 0x80, 0x45, 0xC0, 0x2B, 0x01, 0xAF, 0x9D, 0xC7, 0x4E,
    0x6B, 0x85, 0x3D, 0x8C, 0x31, 0x6D, 0x86, 0xC3, 0xC6, 0xF2, 0xA0, 0x19, 0x33, 0x5D, 0x61, 0x82,
    0xF5, 0x6F, 0xD2, 0x91, 0xD5, 0x5C, 0x2E, 0xB5, 0x47, 0x8A, 0x76, 0xA3, 0xB8, 0x57, 0xEC, 0x90,
    0x10, 0x45, 0x77, 0x29, 0x88, 0x16, 0xA4, 0x8A, 0xF1, 0x8C, 0xAC, 0xD5, 0x1F, 0x1D, 0xD6, 0x58,
    0x75, 0x9A, 0x5C, 0x43, 0x93, 0x8D, 0x0E, 0xE3, 0x45, 0xC3, 0x52, 0x20, 0x66, 0xFB, 0xB8, 0x82,
    0x84, 0x78, 0x4D, 0xB1, 0x18, 0xB0, 0xAB, 0x7F, 0x5C, 0xF6, 0x0E, 0x33, 0x7E, 0x4C, 0xBB, 0xE3,
    0x06, 0x15, 0x0F, 0x89, 0x2D, 0x46, 0xE4, 0x03, 0x77, 0x7E, 0xF2, 0xB1, 0xB7, 0x7A, 0xE1, 0x87,
    0xD1, 0x77, 0xC2, 0x3B, 0x6B, 0x35, 0x38, 0x18, 0x18, 0xF1, 0xA2, 0x67, 0x16, 0x97, 0x86, 0x50,
    0x05, 0x68, 0x39, 0xD6, 0x78, 0xE8, 0x6A, 0x76, 0xAA, 0x8E, 0xC3, 0x10, 0x7F, 0x3C, 0xAF, 0x4C,
    0xF8, 0x77, 0xD6, 0x4D, 0x67, 0x11, 0x09, 0xF3, 0x22, 0x3A, 0x58, 0xF7, 0x6F, 0xE0, 0x4B, 0xFF,
    0xCF, 0x31, 0xB2, 0x63, 0x7C, 0xE5, 0xFF, 0x73, 0x14, 0xE7, 0xFF, 0x9F, 0xC3, 0x10, 0x2A, 0x0F,
    0xE2, 0xCB, 0x26, 0x38, 0x9C, 0xA0, 0x12, 0x7D, 0x97, 0x90, 0x1C, 0xB5, 0x84, 0xEF, 0xFB, 0x23,
    0xF8, 0x8F, 0xA1, 0x92, 0xF1, 0x90, 0x8E, 0xFC, 0x59, 0x99, 0x49, 0xAE, 0x76, 0x56, 0xFF, 0x7D,
    0xA9, 0x6B, 0x81, 0xEE, 0x4F, 0x2F, 0x6B, 0xEF, 0x5F, 0x2F, 0xEF, 0x56, 0x6A, 0xE0, 0xEE, 0xD5,
    0xAB, 0x5A, 0xBD, 0x57, 0xDF, 0x62, 0x89, 0x5D, 0xBD, 0xCD, 0x66, 0x7C, 0xFB, 0x21, 0x57, 0x7F,
    0x68, 0x09, 0xD6, 0x7F, 0x66, 0xBD, 0xA7, 0x66, 0xE8, 0x0C, 0x0A, 0xF5, 0xFF, 0x0D, 0x4D, 0x7B,
    0xD6, 0x78, 0xC2, 0x76, 0x7F, 0x2C, 0xE2, 0xAD, 0x5F, 0x22, 0x21, 0xF8, 0x46, 0x72, 0x61, 0x73,
    0x6B, 0xBD, 0xC9, 0x06, 0x26, 0xBC, 0xA6, 0x6F, 0x61, 0x02, 0xA5, 0xE6, 0xEC, 0xF1, 0xA7, 0x83,
    0x42, 0xF2, 0xB4, 0x27, 0x1C, 0x19, 0xF6, 0x8D, 0x2F, 0x1C, 0x24, 0xBE, 0xD9, 0xA1, 0x3C, 0xDE,
    0x5B, 0xB6, 0x1F, 0x02, 0x34, 0x11, 0x43, 0xA4, 0x15, 0xCA, 0x01, 0x62, 0xB8, 0x1E, 0xC1, 0xE8,
    0x8F, 0x84, 0x5A, 0xCD, 0x8E, 0x84, 0x1B, 0x0C, 0xF7, 0xAE, 0x62, 0x54, 0x38, 0x90, 0x96, 0x7E,
    0x5C, 0x58, 0xE7, 0x7F, 0x22, 0x86, 0xDD, 0xB9, 0xB2, 0xEC, 0x8F, 0xF9, 0xC4, 0xAD, 0x30, 0xF1,
    0x79, 0xBC, 0x21, 0x9B, 0x08, 0xF9, 0x88, 0x4C, 0xC1, 0x06, 0xE0, 0x5F, 0x16, 0x0E, 0x46, 0xDA,
    0x50, 0x59, 0xDA, 0xD0, 0x19, 0xA0, 0x33, 0xAF, 0x4B, 0x0D, 0xDF, 0x53, 0x4E, 0x9B, 0xCA, 0xA3,
    0x3B, 0x50, 0xB1, 0x8F, 0x3C, 0x58, 0xC2, 0xBD, 0x7B, 0x00, 0xFE, 0x17, 0xD5, 0x7B, 0x0F, 0xA8,
    0x26, 0xD7, 0x75, 0xDF, 0x6F, 0x66, 0xAC, 0x1D, 0x79, 0x47, 0xD9, 0x2B, 0x40, 0x0A, 0xC6, 0x2B,
    0xEF, 0x08, 0x10, 0xA0, 0x1A, 0x6B, 0x47, 0x80, 0xDB, 0x8A, 0xE6, 0xBD, 0x37, 0x57, 0x12, 0xC4,
    0x40, 0x00, 0x2F, 0xAD, 0xD6, 0xA6, 0x11, 0x44, 0x82, 0x34, 0x25, 0xC8, 0x25, 0x2B, 0x8A, 0x00,
    0x97, 0xBE, 0x7D, 0x73, 0xB5, 0xA2, 0x04, 0x6A, 0xC0, 0xDB, 0x50, 0x37, 0x40, 0xDA, 0x66, 0x29,
    0x4E, 0x71, 0x9E, 0xDA, 0xAC, 0xA0, 0xA2, 0x6C, 0xCB, 0xDB, 0x9D, 0x2B, 0x09, 0x30, 0x10, 0x42,
    0xC6, 0x49, 0x13, 0x43, 0x1C, 0xC8, 0x28, 0x59, 0x39, 0x58, 0x6A, 0xAB, 0x9B, 0x64, 0xE4, 0xCC,
    0xDB, 0x9D, 0x6F, 0x4E, 0xE7, 0x9C, 0x73, 0xBF, 0x7D, 0xDF, 0xBE, 0x7A, 0x0D, 0x49, 0x03, 0xA6,
    0xC3, 0x7B, 0xE7, 0x77, 0xDE, 0xF7, 0xE6, 0xCE, 0x3D, 0xF7, 0xDC, 0xF3, 0xEF, 0xDE, 0x3B, 0x1F,
    0xE2, 0x55, 0xCC, 0xAF, 0x00, 0x4F, 0xA0, 0x79, 0x3E, 0x00, 0x53, 0x32, 0x66, 0x01, 0x69, 0xC8,
    0x42, 0xDE, 0x23, 0xEB, 0x4C, 0x57, 0xF4, 0x30, 0xDE, 0x78, 0xD3, 0xA1, 0x42, 0xE5, 0x8C, 0xC7,
    0x45, 0xD4, 0xB6, 0xF4, 0x18, 0x17, 0xA8, 0x5C, 0x16, 0x16, 0xA8, 0x6D, 0xE1, 0x17, 0x68, 0x61,
    0x1C, 0xAA, 0x4B, 0x84, 0x1A, 0x28, 0xE9, 0xC2, 0x78, 0x00, 0xE4, 0xA3, 0x79, 0x77, 0x00, 0x5F,
    0x59, 0x2F, 0x60, 0xBC, 0x40, 0x89, 0x97, 0x1C, 0x80, 0x9D, 0x82, 0x46, 0x00, 0x53, 0x7D, 0x69,
    0x06, 0xD2, 0x70, 0x03, 0x0B, 0xE4, 0xDF, 0x9A, 0x30, 0x01, 0xE6, 0xB5, 0x11, 0xE7, 0x80, 0x3A,
    0x93, 0xE6, 0x17, 0x73, 0x81, 0x31, 0x0F, 0xFC, 0xA8, 0x20, 0x50, 0xF8, 0x7C, 0xC0, 0x83, 0x28,
    0x6D, 0x36, 0xE1, 0x0D, 0xEC, 0x20, 0xA1, 0xAB, 0x3D, 0xB7, 0x6C, 0x88, 0x1F, 0x8D, 0xE4, 0x1C,
    0x7E, 0xA4, 0xE3, 0xBB, 0xA2, 0xE3, 0x5B, 0xF1, 0xF8, 0xAA, 0x57, 0x89, 0xC7, 0x57, 0x63, 0x0F,
    0xC8, 0xBB, 0xC6, 0xFE, 0x23, 0xC0, 0xB8, 0xFA, 0x26, 0x80, 0x1A, 0x15, 0x59, 0xE0, 0x22, 0x0A,
    0x0A, 0xC0, 0x08, 0xB4, 0x23, 0xB2, 0x80, 0x73, 0xF9, 0xC4, 0xE3, 0xEB, 0x93, 0x09, 0xA5, 0x2D,
    0x42, 0x3A, 0x60, 0x07, 0xF9, 0xEA, 0x79, 0x1E, 0x5F, 0x42, 0xDC, 0x00, 0xB8, 0xEF, 0x68, 0x7C,
    0x15, 0x91, 0x43, 0x46, 0x44, 0x01, 0xD5, 0x21, 0x4E, 0xF7, 0x68, 0xF9, 0x8E, 0x94, 0x00, 0x20,
    0xFF, 0x50, 0xC4, 0xFA, 0x6D, 0x91, 0xCA, 0x80, 0x85, 0x12, 0xBA, 0x2D, 0x74, 0x57, 0xE8, 0x81,
    0xD0, 0x51, 0xE8, 0x70, 0x0F, 0x3A, 0x0A, 0xBD, 0xB6, 0x71, 0xFF, 0xEE, 0xC6, 0x73, 0x2A, 0xA1,
    0xE5, 0xE7, 0x99, 0x16, 0x7F, 0xC4, 0x34, 0x23, 0xA6, 0x89, 0x50, 0x34, 0x3D, 0x92, 0xCB, 0x28,
    0x88, 0xA8, 0x03, 0x5A, 0xA1, 0xC9, 0xF9, 0x23, 0xF9, 0x59, 0xD6, 0x5E, 0xC6, 0x31, 0xC2, 0xD0,
    0x04, 0xE4, 0x44, 0x64, 0xEB, 0x7F, 0x35, 0x03, 0xD5, 0x61, 0x42, 0x7E, 0x8F, 0x35, 0x4E, 0x0E,
    0x4D, 0x3F, 0xA1, 0x74, 0xD9, 0x0C, 0xD4, 0x61, 0x82, 0x71, 0x66, 0x04, 0xAA, 0x9E, 0xB9, 0xBA,
    0x07, 0x4A, 0xCF, 0x5C, 0xEB, 0x81, 0x8F, 0xE3, 0x06, 0x2A, 0xAB, 0x6A, 0xAA, 0x5D, 0xAB, 0xA2,
    0xA0, 0xA4, 0x29, 0x5F, 0x41, 0x65, 0xEB, 0x8B, 0x49, 0x38, 0x3C, 0x0C, 0x7E, 0x88, 0x5E, 0xE5,
    0xB0, 0xE6, 0xAA, 0xB0, 0xE6, 0xEA, 0x23, 0xAE, 0xFF, 0xA1, 0x5C, 0xB7, 0xC9, 0x1D, 0xFF, 0x6F,
    0x75, 0x87, 0x2B, 0x43, 0x64, 0xB4, 0x5F, 0xCF, 0x1C, 0xCB, 0x92, 0x09, 0x97, 0x91, 0x45, 0x29,
    0x1C, 0xE8, 0xF0, 0x0B, 0x64, 0xD7, 0xB3, 0xBB, 0x5A, 0x6B, 0x49, 0xD4, 0x24, 0xB3, 0xFF, 0x9C,
    0x40, 0x43, 0x04, 0x80, 0x84, 0xE6, 0x62, 0xF7, 0xE9, 0x0C, 0xA6, 0xD2, 0x22, 0x9F, 0xAD, 0x34,
    0x9A, 0x80, 0xEA, 0x36, 0x9B, 0x0D, 0x7D, 0x6E, 0x20, 0x9F, 0xAD, 0x8A, 0xA1, 0xF1, 0xC5, 0x60,
    0x42, 0xED, 0xCA, 0x60, 0xC2, 0x0E, 0xAA, 0xCE, 0xF4, 0x40, 0xED, 0xCB, 0x0E, 0x68, 0x7C, 0xE5,
    0x17, 0xEA, 0x6A, 0x0F, 0xB4, 0x91, 0x36, 0x8E, 0x3F, 0x6F, 0x2C, 0xDF, 0xD3, 0xCA, 0xC0, 0x08,
    0x8F, 0xC2, 0xAC, 0xE6, 0xD3, 0x41, 0xA6, 0xAA, 0x3B, 0x8B, 0x96, 0x0E, 0xB1, 0x0D, 0xD6, 0xEF,
    0x2E, 0xB2, 0x09, 0x38, 0x40, 0x3E, 0x22, 0x19, 0x59, 0xA7, 0xC5, 0xC0, 0xF7, 0x50, 0x28, 0x84,
    0xA2, 0x20, 0x8B, 0xDC, 0xA3, 0x6D, 0x3B, 0x9E, 0xCB, 0xC9, 0xF4, 0xA8, 0x51, 0x84, 0xC2, 0xE3,
    0x3A, 0xCA, 0xEE, 0x3E, 0x6E, 0xC3, 0x02, 0xB0, 0xDF, 0x39, 0x76, 0x27, 0x81, 0xD2, 0x42, 0x7A,
    0x87, 0xC0, 0xC4, 0xB3, 0xFA, 0xB1, 0x74, 0x60, 0x5D, 0x7F, 0x26, 0xEF, 0x01, 0x43, 0xA3, 0xF1,
    0x3C, 0xD2, 0xAE, 0x52, 0x95, 0xED, 0x09, 0xE5, 0x1B, 0x21, 0x8F, 0x7A, 0xC9, 0x02, 0x45, 0x6F,
    0x68, 0xE0, 0x27, 0x36, 0xCF, 0xF0, 0x03, 0xB0, 0xC2, 0x0C, 0x5C, 0xCF, 0x46, 0x10, 0x92, 0x31,
    0x1F, 0x16, 0xC8, 0x82, 0x09, 0x0B, 0x14, 0xAC, 0x8D, 0x19, 0xA5, 0x33, 0x7D, 0xB2, 0x42, 0x0D,
    0xD3, 0x65, 0x13, 0x56, 0x30, 0x7D, 0x3E, 0xA4, 0x23, 0x8A, 0xB0, 0x30, 0x01, 0xD9, 0x61, 0xEB,
    0x0C, 0x2B, 0x67, 0xA5, 0xD3, 0xC1, 0xFD, 0xEA, 0x94, 0xA0, 0x24, 0x87, 0x24, 0x00, 0xF3, 0x0B,
    0x81, 0xA3, 0x42, 0x36, 0x98, 0x80, 0xC2, 0xA3, 0xE8, 0x8B, 0x80, 0x12, 0x30, 0xDD, 0x49, 0x8B,
    0x1D, 0xC8, 0x28, 0x65, 0x28, 0x2C, 0x79, 0x80, 0x8C, 0x33, 0xEF, 0x14, 0x8D, 0xD3, 0xCF, 0x2B,
    0xF0, 0x7D, 0x19, 0x2E, 0x02, 0x30, 0x1F, 0x5D, 0xC0, 0x28, 0xD3, 0xBC, 0xCA, 0xC4, 0x88, 0x5E,
    0xBA, 0x5C, 0xF8, 0xD8, 0xA3, 0x55, 0xDC, 0x51, 0xC0, 0xC1, 0xC3, 0xE7, 0x58, 0x98, 0x64, 0xA8,
    0x39, 0x72, 0x20, 0x5B, 0x04, 0xCE, 0x64, 0xE8, 0x59, 0xE0, 0xA6, 0x15, 0xF2, 0x9E, 0xF1, 0x22,
    0x8A, 0x8E, 0xD5, 0x37, 0xC2, 0xF8, 0xA2, 0x63, 0x21, 0x38, 0x10, 0x22, 0xE7, 0x89, 0x29, 0xBD,
    0x04, 0x3B, 0x5B, 0x7B, 0xD6, 0x7A, 0x6D, 0xC9, 0xE1, 0x60, 0xC1, 0x6F, 0x7F, 0xE8, 0x92, 0x81,
    0x4D, 0xB2, 0xFC, 0x5F, 0x19, 0xBB, 0xDC, 0xA4, 0xDE, 0x93, 0xD8, 0xC4, 0x62, 0x7D, 0x9D, 0xA0,
    0xD9, 0x42, 0xDC, 0x3C, 0x88, 0x45, 0x97, 0x93, 0x18, 0x7B, 0x4E, 0xE2, 0x57, 0x29, 0x89, 0x8B,
    0x24, 0xC4, 0x26, 0x05, 0xCC, 0x40, 0xEB, 0x35, 0xF0, 0x39, 0xB5, 0x68, 0x2F, 0x50, 0x2B, 0x44,
    0xC7, 0x29, 0x46, 0x81, 0x84, 0xBE, 0x66, 0xD5, 0xEA, 0x3B, 0xD1, 0xF3, 0xBE, 0xE3, 0xCF, 0x2E,
    0x03, 0x40, 0xF4, 0x6C, 0x33, 0x44, 0xAF, 0x55, 0xE8, 0x36, 0x1F, 0xD9, 0xDE, 0x05, 0x4D, 0x07,
    0xA4, 0x7A, 0xA7, 0x59, 0x80, 0x05, 0x00, 0x0C, 0x7D, 0xED, 0x4B, 0x2B, 0x48, 0x28, 0xE5, 0x07,
    0x5D, 0x88, 0xA1, 0xF6, 0xBC, 0xD0, 0xF5, 0x75, 0x9A, 0x0E, 0xA1, 0x4E, 0xE7, 0x81, 0x9C, 0x6C,
    0x35, 0xE8, 0xF8, 0x26, 0x1D, 0xDF, 0xBC, 0x40, 0x07, 0x90, 0xE6, 0x02, 0x72, 0xC8, 0x5D, 0xEC,
    0xF4, 0x87, 0x03, 0xAD, 0x41, 0x54, 0xC7, 0xBE, 0x4C, 0x02, 0xE2, 0xF7, 0x36, 0x86, 0x54, 0x81,
    0x19, 0x1B, 0x23, 0x96, 0x40, 0x26, 0x02, 0x9C, 0x82, 0x08, 0x50, 0xEB, 0xC0, 0x1B, 0x88, 0x4A,
    0x1B, 0x27, 0xAA, 0xAE, 0x7B, 0xB9, 0xB1, 0x1A, 0xD1, 0xF0, 0x80, 0x49, 0x06, 0x96, 0xC8, 0x28,
    0x39, 0x14, 0x03, 0x77, 0xC7, 0x62, 0x71, 0xD8, 0x95, 0xA1, 0xC9, 0x08, 0xC3, 0x91, 0xB8, 0xFE,
    0xE8, 0xFC, 0xF3, 0x13, 0x07, 0x62, 0x8E, 0x60, 0x13, 0xC7, 0x61, 0x66, 0x46, 0x0E, 0xB9, 0x55,
    0x1F, 0x19, 0xD6, 0xF7, 0x20, 0x8C, 0x07, 0xAE, 0x70, 0x0C, 0x6E, 0xBC, 0x86, 0x60, 0x96, 0x43,
    0x22, 0x30, 0x5A, 0xAB, 0x01, 0x18, 0x64, 0x35, 0xFE, 0x82, 0x18, 0x63, 0xAE, 0x88, 0x02, 0xEC,
    0xEF, 0x5F, 0x06, 0x74, 0x1E, 0x3A, 0x1D, 0xF2, 0x79, 0x9D, 0x83, 0x2C, 0x86, 0x6D, 0xD1, 0xF6,
    0xA6, 0x69, 0xE8, 0xD4, 0x2B, 0x13, 0x8E, 0xC7, 0xDA, 0xB2, 0x3F, 0x16, 0x87, 0x8F, 0x82, 0x74,
    0xB3, 0x66, 0xA8, 0x57, 0x6C, 0x62, 0x97, 0x68, 0xD7, 0x0C, 0xF0, 0x0F, 0x15, 0x8A, 0xD5, 0x2F,
    0x89, 0xD0, 0x75, 0xFF, 0x77, 0x49, 0xE4, 0x75, 0xF5, 0x24, 0x52, 0x8A, 0xF9, 0xC0, 0x4C, 0xA2,
    0x5C, 0xD4, 0x03, 0xA4, 0x65, 0x1B, 0x12, 0xD2, 0xA8, 0x94, 0x71, 0xB3, 0x93, 0xE4, 0xD9, 0x05,
    0x70, 0x3F, 0x59, 0x33, 0xDD, 0x2F, 0xC3, 0x2D, 0xC7, 0xC7, 0x24, 0x54, 0xD7, 0xE1, 0x0A, 0x90,
    0x4C, 0xA0, 0xDF, 0x61, 0x2D, 0x8D, 0x29, 0xFD, 0x96, 0xE4, 0xDD, 0x53, 0xF4, 0x06, 0xE3, 0xF6,
    0x7F, 0x55, 0x2B, 0xB8, 0x2F, 0x5B, 0xC5, 0x51, 0x4C, 0x02, 0xE9, 0x1F, 0x0D, 0x82, 0x4F, 0x68,
    0xB6, 0x4A, 0x7A, 0xF5, 0x19, 0x63, 0xD5, 0x93, 0x76, 0x41, 0x0C, 0x69, 0xAF, 0x19, 0xA1, 0x70,
    0xAA, 0xBB, 0x12, 0xC5, 0xC0, 0xB8, 0x05, 0xD3, 0x33, 0x7E, 0x19, 0xDA, 0xEC, 0x4D, 0x34, 0x0C,
    0x78, 0x05, 0xA3, 0xE0, 0x53, 0x79, 0x27, 0x78, 0xF2, 0x37, 0x70, 0x8F, 0xEB, 0x82, 0x3B, 0x32,
    0x99, 0xEE, 0x8D, 0xC8, 0x9D, 0x43, 0x89, 0x97, 0x95, 0x4D, 0x3C, 0x76, 0xC1, 0x9F, 0xA7, 0x6F,
    0x22, 0xE7, 0x88, 0xC8, 0xFD, 0x3D, 0xBE, 0x85, 0x27, 0x90, 0xFB, 0x94, 0xFB, 0xBC, 0x3C, 0xE1,
    0x00, 0xC6, 0xB2, 0x7F, 0xA4, 0xC9, 0x98, 0x0E, 0x1C, 0x6B, 0x59, 0x41, 0x59, 0xF8, 0x64, 0xC0,
    0x84, 0x2D, 0x00, 0x8F, 0x15, 0xDD, 0x2F, 0x77, 0xE9, 0x88, 0xC0, 0x8F, 0x36, 0x97, 0x38, 0x82,
    0xE5, 0xDC, 0xD4, 0x15, 0xDF, 0xA8, 0x9C, 0xE9, 0xCF, 0x68, 0x47, 0xB6, 0xB1, 0xD5, 0x5B, 0x3D,
    0xF4, 0x22, 0xD4, 0xFF, 0x3E, 0xB2, 0xC9, 0x8C, 0xF6, 0x72, 0xE4, 0xB3, 0x55, 0x32, 0x33, 0xAA,
    0xEB, 0x7C, 0x69, 0x5A, 0xF3, 0x66, 0xFE, 0xDC, 0x1D, 0xBE, 0x1A, 0xEE, 0x18, 0x51, 0x4A, 0xE1,
    0x8E, 0xF9, 0x7C, 0xAA, 0xE9, 0xD5, 0x70, 0xD2, 0x2B, 0xB8, 0x4C, 0x5D, 0x54, 0xF3, 0x98, 0x25,
    0xE4, 0x1B, 0xE1, 0xEB, 0xE9, 0x81, 0x8C, 0xD0, 0x3A, 0xE5, 0x91, 0xCF, 0x20, 0xA4, 0xCC, 0x07,
    0x36, 0x0A, 0xC2, 0xC7, 0x59, 0x9F, 0x62, 0x8F, 0x33, 0x3E, 0x01, 0xE0, 0xB3, 0x12, 0xDF, 0x56,
    0x78, 0x11, 0xE0, 0xBF, 0x09, 0x98, 0x52, 0xC7, 0xBA, 0x06, 0x87, 0xE9, 0x5D, 0xBE, 0x1D, 0xE9,
    0x7B, 0x17, 0x2C, 0xF0, 0x84, 0xEA, 0x75, 0x89, 0xE7, 0x40, 0x22, 0x2C, 0xEB, 0x30, 0xB2, 0xE4,
    0x4E, 0x32, 0xE4, 0x34, 0x5F, 0x63, 0x2C, 0x63, 0x75, 0xB0, 0x5B, 0x8A, 0x95, 0x26, 0x21, 0xB9,
    0xB6, 0x51, 0x98, 0xC2, 0x74, 0x8A, 0xA5, 0x47, 0x62, 0x21, 0x41, 0xAA, 0x9C, 0xAD, 0xF8, 0x44,
    0x4B, 0x23, 0x4B, 0x97, 0xDE, 0xA2, 0x15, 0xFB, 0xD1, 0x29, 0x98, 0x99, 0x07, 0xF8, 0x8A, 0x44,
    0x9C, 0x7C, 0xEE, 0xC5, 0x35, 0x33, 0xF2, 0x22, 0x6A, 0xC2, 0x4F, 0x97, 0x5F, 0x07, 0xF1, 0xE6,
    0xC6, 0x2B, 0xD6, 0x9D, 0xA6, 0xE7, 0xB2, 0x57, 0x34, 0x11, 0xF3, 0x35, 0xF2, 0xFF, 0x81, 0x07,
    0x73, 0x27, 0x48, 0xA7, 0xC0, 0x98, 0xD3, 0x1F, 0x02, 0xB8, 0x81, 0x92, 0x02, 0x80, 0x19, 0x4F,
    0xC5, 0xBC, 0x78, 0x39, 0xB7, 0xE2, 0x13, 0x72, 0xA5, 0x41, 0xE0, 0xFE, 0xDC, 0x09, 0x56, 0x3F,
    0x23, 0x80, 0x66, 0x50, 0xAC, 0x9C, 0x80, 0x5C, 0x2D, 0x87, 0x39, 0xB2, 0x3C, 0x92, 0x9A, 0xEC,
    0xE1, 0x45, 0x60, 0xE7, 0x05, 0x3B, 0x6C, 0x73, 0xA1, 0xFA, 0xFF, 0x0C, 0xF5, 0xFE, 0xFE, 0x75,
    0x06, 0xA2, 0xD5, 0x02, 0x3B, 0xF2, 0x97, 0xFC, 0xEF, 0x6F, 0x18, 0xA2, 0xF0, 0x11, 0xB0, 0xFF,
    0x0D, 0x31, 0x48, 0x75, 0x5F, 0xA1, 0xB9, 0xD2, 0x91, 0xA9, 0xBA, 0xB3, 0x09, 0x1B, 0xB4, 0x97,
    0x3B, 0xBB, 0x13, 0x5F, 0x07, 0x2A, 0xDF, 0xCE, 0x40, 0xFD, 0x36, 0xD1, 0x42, 0xBF, 0xE2, 0xB9,
    0x88, 0xFE, 0x19, 0x34, 0x0B, 0xFD, 0x32, 0xD3, 0x36, 0x30, 0x25, 0xCF, 0xF3, 0x43, 0x16, 0xAD,
    0x4C, 0x34, 0x49, 0x0E, 0x23, 0x8E, 0xB5, 0xC9, 0xCC, 0x34, 0x5D, 0x21, 0x1B, 0x99, 0xC9, 0x07,
    0xA6, 0xC5, 0x42, 0x47, 0xEE, 0x2A, 0x67, 0xCA, 0x7F, 0x9A, 0x9E, 0x69, 0xD9, 0x31, 0xAD, 0x3C,
    0xF2, 0xD5, 0x3F, 0xA9, 0x3D, 0x32, 0x1A, 0x17, 0x9A, 0x50, 0x17, 0xC3, 0xFC, 0xBD, 0x47, 0xF1,
    0x26, 0xA0, 0xCB, 0x1F, 0x18, 0x72, 0x4C, 0x65, 0x5C, 0x6D, 0x2F, 0x1F, 0xF3, 0x28, 0xCA, 0xAB,
    0x3C, 0x8A, 0xC7, 0x7F, 0xF4, 0xA3, 0xC0, 0xB1, 0xEB, 0x44, 0x6B, 0x05, 0xD3, 0xF1, 0x49, 0x41,
    0xEC, 0x25, 0x5E, 0x30, 0x0F, 0xB9, 0x65, 0xE4, 0xA5, 0xA4, 0x60, 0x3A, 0x61, 0x5B, 0x98, 0x22,
    0x60, 0x8A, 0x15, 0x4E, 0x3A, 0x08, 0xD3, 0x22, 0xD7, 0x00, 0xBE, 0xD2, 0x99, 0x63, 0xB9, 0xAA,
    0x4E, 0x9F, 0x82, 0xE6, 0x6D, 0x69, 0xD4, 0x81, 0x5E, 0xB5, 0xCC, 0xF8, 0x84, 0x9E, 0x06, 0xA4,
    0x96, 0xA3, 0x54, 0xE3, 0x7A, 0x3E, 0x0B, 0x93, 0x3B, 0xB3, 0xBA, 0x4F, 0x9A, 0xBB, 0x72, 0x7A,
    0x40, 0x03, 0x70, 0x1D, 0xE5, 0x7A, 0xB9, 0xFD, 0xBE, 0x93, 0xF0, 0xF5, 0x49, 0x1A, 0x55, 0xC1,
    0x29, 0x79, 0x0D, 0x56, 0x19, 0x39, 0x65, 0x0A, 0xC2, 0x9D, 0x90, 0xA5, 0xF1, 0xAA, 0x1E, 0xA0,
    0xC1, 0xAA, 0xED, 0x20, 0x91, 0x2A, 0x66, 0xE8, 0x8F, 0x47, 0xCB, 0x43, 0xFA, 0x7B, 0x8D, 0x43,
    0x0C, 0x50, 0x8A, 0x28, 0x6F, 0x6A, 0xEE, 0xB4, 0xF0, 0x09, 0xD1, 0x58, 0x20, 0xA3, 0x05, 0x50,
    0xB8, 0xD3, 0xD4, 0xE1, 0x0C, 0xF0, 0x0B, 0x39, 0x3F, 0x19, 0x9F, 0x01, 0x0B, 0x16, 0x70, 0x79,
    0x1D, 0x9F, 0x8C, 0xD2, 0xF0, 0xC3, 0x68, 0x31, 0x1C, 0xD1, 0x7C, 0xBC, 0x07, 0x1D, 0xA2, 0xE2,
    0xF0, 0x20, 0x8A, 0x1E, 0xE0, 0x9A, 0x16, 0xE9, 0x00, 0x63, 0x91, 0x4B, 0x4A, 0x29, 0x29, 0x09,
    0xC0, 0xDF, 0x96, 0x02, 0xE8, 0x5C, 0x15, 0xAB, 0x57, 0xDC, 0x7D, 0xA5, 0xB7, 0xFE, 0x73, 0xFA,
    0x81, 0x03, 0x57, 0xC8, 0x28, 0x93, 0x8E, 0x93, 0x28, 0xB0, 0x8B, 0x1E, 0xFC, 0x98, 0x64, 0x60,
    0x66, 0x5B, 0xE2, 0x5A, 0x07, 0x8C, 0x3C, 0x17, 0x89, 0x97, 0x10, 0x55, 0xB9, 0xCC, 0x21, 0x93,
    0x30, 0x98, 0x03, 0xB9, 0xC4, 0xCB, 0x53, 0x3C, 0x69, 0x6C, 0x8B, 0x8F, 0xF0, 0x5C, 0xB1, 0xE5,
    0x3D, 0x29, 0x4C, 0x31, 0xA1, 0x13, 0xC6, 0x8C, 0xA9, 0xE5, 0xD9, 0x43, 0x15, 0x38, 0x9C, 0x67,
    0x1E, 0x75, 0x78, 0x8C, 0xA5, 0xEA, 0xD0, 0x7E, 0xAB, 0xD3, 0xD4, 0x4C, 0x7F, 0xA0, 0xCA, 0x7D,
    0x26, 0x56, 0x29, 0x09, 0x2B, 0x58, 0xAE, 0x9C, 0x14, 0x25, 0x64, 0x43, 0x7D, 0x2B, 0x32, 0x3A,
    0x38, 0x9D, 0xD3, 0x04, 0x38, 0xF1, 0xEB, 0x68, 0x3B, 0x4E, 0x45, 0x9F, 0x4D, 0x3B, 0x72, 0x9C,
    0x77, 0xCE, 0xA1, 0x9A, 0x81, 0x27, 0x99, 0x29, 0x46, 0x24, 0x9E, 0xF9, 0x72, 0x05, 0x96, 0xE2,
    0xE4, 0x17, 0x0E, 0xF3, 0xF7, 0xD8, 0x2F, 0x71, 0xFE, 0x8E, 0xD9, 0x7F, 0xD2, 0x4A, 0x5A, 0x04,
    0x8A, 0xC3, 0x03, 0xC0, 0x74, 0x67, 0x39, 0xBA, 0x94, 0x4C, 0x0C, 0x50, 0xDF, 0x9B, 0x9C, 0x65,
    0xB2, 0xC5, 0xE4, 0xCB, 0x0B, 0x79, 0x2B, 0x2C, 0xE4, 0x9B, 0xDD, 0x42, 0x3E, 0xB4, 0x62, 0x77,
    0x5A, 0x83, 0x9D, 0x26, 0x0F, 0xD4, 0xAD, 0x07, 0x1E, 0x95, 0xFC, 0x7A, 0x17, 0x71, 0xA8, 0x59,
    0xC5, 0x15, 0x97, 0x0D, 0x65, 0x97, 0x39, 0x98, 0xC1, 0x48, 0xDE, 0x03, 0x12, 0x1A, 0xE3, 0xF2,
    0x2B, 0x7A, 0x24, 0xD1, 0x4D, 0x29, 0xE2, 0xC8, 0x66, 0x2B, 0xE0, 0x42, 0x30, 0x1D, 0x3B, 0x5F,
    0x65, 0xD9, 0x39, 0x65, 0x7D, 0x74, 0x6A, 0x17, 0x5A, 0x1E, 0x3D, 0x87, 0xE7, 0xB0, 0x9B, 0x4D,
    0xE9, 0xB4, 0xD0, 0x31, 0x9B, 0xB0, 0xB3, 0xD0, 0x11, 0xD5, 0xE7, 0x06, 0x8E, 0x0B, 0xDF, 0x09,
    0x1C, 0x26, 0x28, 0x14, 0x01, 0x68, 0x0F, 0x4D, 0x58, 0xA7, 0xD7, 0xF2, 0x43, 0x1A, 0x78, 0xC8,
    0x17, 0xC8, 0xA2, 0xF6, 0x15, 0xF5, 0xA8, 0x5D, 0xFD, 0xCD, 0x11, 0x8D, 0xAD, 0xDD, 0x75, 0xB4,
    0x0B, 0xEE, 0x2C, 0xB4, 0x45, 0x05, 0x12, 0x3A, 0x83, 0x22, 0xDD, 0x01, 0x81, 0x70, 0x11, 0xF4,
    0x2F, 0xE8, 0x97, 0x26, 0x91, 0x30, 0xA0, 0xA2, 0x17, 0xC8, 0x21, 0xE1, 0xD5, 0xDA, 0x75, 0xB1,
    0x6D, 0xDD, 0xB4, 0x30, 0x96, 0x3A, 0x81, 0xEF, 0x0F, 0x02, 0xC3, 0xA4, 0x50, 0x2B, 0x18, 0xCF,
    0x30, 0x65, 0x81, 0x81, 0x30, 0x09, 0xF8, 0x9A, 0xE1, 0x2F, 0x83, 0x71, 0xD2, 0x20, 0xEF, 0x19,
    0xEA, 0x64, 0x64, 0x30, 0x6E, 0x8F, 0x21, 0xEB, 0x4B, 0xBB, 0x40, 0x32, 0x16, 0xDD, 0x02, 0xD8,
    0x4B, 0x07, 0x86, 0xD2, 0x5D, 0x67, 0xC8, 0xBB, 0x8A, 0x21, 0x1D, 0x8A, 0xDF, 0x5E, 0x00, 0xD7,
    0x33, 0x62, 0xA8, 0xAC, 0x40, 0xE1, 0x6B, 0x86, 0x2C, 0x18, 0x06, 0x4C, 0x0A, 0xB5, 0x82, 0x91,
    0x06, 0xD0, 0x06, 0x40, 0x84, 0xC6, 0xAA, 0xB1, 0x88, 0xD6, 0x38, 0x8C, 0x22, 0xE1, 0x11, 0x47,
    0x03, 0x2D, 0xC6, 0x58, 0x51, 0x1F, 0x6D, 0x9C, 0x91, 0xD8, 0xFE, 0x9A, 0xCD, 0x23, 0xDB, 0x3A,
    0x14, 0xCA, 0x96, 0xB5, 0x47, 0xE1, 0x84, 0x3D, 0x5B, 0x77, 0x30, 0x56, 0xD8, 0xED, 0xB2, 0x87,
    0x81, 0xB2, 0x26, 0xA0, 0x44, 0xF2, 0x73, 0x3C, 0xB9, 0xC5, 0x80, 0xB3, 0xA8, 0xA8, 0x5B, 0xD8,
    0x7C, 0xC2, 0x0E, 0x66, 0x8E, 0x1A, 0xD7, 0xB2, 0x09, 0xDB, 0x32, 0xD5, 0x18, 0xD2, 0x19, 0x5B,
    0x45, 0x60, 0x36, 0x80, 0xB0, 0x2B, 0x6B, 0xFC, 0x24, 0xA0, 0xB5, 0xD7, 0x2A, 0xCF, 0xC9, 0x82,
    0x53, 0xCA, 0x50, 0x0B, 0xDB, 0xA3, 0xF6, 0xA1, 0x76, 0xF9, 0xC8, 0xAE, 0x5D, 0x7D, 0x6B, 0x61,
    0x8B, 0xC0, 0xA2, 0x9A, 0x3F, 0x5B, 0x58, 0xD3, 0xB3, 0xA8, 0xE6, 0xCF, 0xFB, 0xCA, 0xAB, 0x7C,
    0xF9, 0xED, 0xCE, 0xBC, 0x4B, 0x12, 0x29, 0x32, 0xF2, 0x29, 0x8D, 0xCC, 0x4A, 0xB8, 0x7D, 0xD8,
    0x02, 0xE6, 0x68, 0xA1, 0x57, 0x31, 0xEB, 0x10, 0x75, 0xC5, 0x06, 0x44, 0x33, 0x2A, 0xC9, 0xF9,
    0x68, 0x16, 0xB6, 0x96, 0x6D, 0x1B, 0xB4, 0xB4, 0xC2, 0xD1, 0x95, 0x93, 0x36, 0x69, 0x49, 0x3E,
    0x2E, 0x66, 0x7B, 0x82, 0x3F, 0xA8, 0x3B, 0x5D, 0xED, 0xCC, 0x90, 0x9A, 0x29, 0xD5, 0x19, 0xE0,
    0xAD, 0x46, 0x9A, 0x6D, 0xE9, 0x8C, 0xAF, 0x88, 0x86, 0xC2, 0x97, 0xC8, 0x86, 0x64, 0x95, 0xF5,
    0x3B, 0x0B, 0xA2, 0x4D, 0xC3, 0x36, 0x63, 0x8D, 0x61, 0x57, 0x71, 0x3C, 0x50, 0xBC, 0x26, 0xD8,
    0xE0, 0xE0, 0x1A, 0xE3, 0x4A, 0xF0, 0xF0, 0x4B, 0x23, 0x0E, 0x0E, 0x38, 0x9A, 0x77, 0x82, 0xDC,
    0xC3, 0xC1, 0xAE, 0xE2, 0xB8, 0xAD, 0x38, 0xEC, 0x08, 0x26, 0xA1, 0x62, 0x64, 0x6B, 0x71, 0xA7,
    0x57, 0x16, 0x79, 0x57, 0x2C, 0x72, 0x04, 0xD9, 0x7E, 0x90, 0x70, 0x04, 0xAC, 0x00, 0x21, 0xB5,
    0xD3, 0x78, 0x6E, 0x0E, 0x91, 0xB0, 0xEF, 0x27, 0x44, 0x34, 0xEB, 0x1A, 0x9B, 0xBA, 0xCD, 0xC4,
    0x12, 0xAB, 0xF8, 0xCC, 0x2B, 0x1A, 0x05, 0x6C, 0x47, 0x1C, 0xB9, 0xC9, 0x4D, 0xA4, 0x41, 0x02,
    0x80, 0x98, 0x54, 0xF5, 0x3E, 0xF9, 0xA2, 0x43, 0x32, 0xA2, 0x0E, 0x46, 0x66, 0xC6, 0x0C, 0xA5,
    0x97, 0xB8, 0x3D, 0x55, 0x1E, 0x01, 0xC8, 0xA6, 0xDA, 0xF3, 0x03, 0xB3, 0x95, 0x04, 0x2A, 0xC1,
    0x2D, 0xC6, 0xB9, 0xF6, 0x41, 0xB0, 0xFA, 0x5D, 0x2F, 0x58, 0x7E, 0x60, 0x19, 0x57, 0x66, 0x86,
    0xE9, 0x91, 0x4D, 0xC5, 0xC4, 0x31, 0x35, 0x9F, 0x32, 0xC1, 0x62, 0x4C, 0x09, 0x4D, 0x0F, 0x13,
    0x32, 0x72, 0x7B, 0x40, 0xD9, 0xE7, 0xD4, 0x6D, 0x4B, 0xF8, 0xAB, 0xC3, 0x0E, 0xD0, 0xDA, 0x53,
    0x66, 0x2C, 0xB9, 0xFE, 0xF8, 0x4C, 0xB1, 0x2A, 0xDE, 0xBB, 0x30, 0x60, 0x2B, 0x23, 0xD9, 0xC5,
    0x7D, 0x2A, 0x21, 0xCB, 0xDB, 0xB8, 0x4F, 0xC9, 0xDA, 0x81, 0xB1, 0xF1, 0x8A, 0xB5, 0xE0, 0x16,
    0x2A, 0xC1, 0x27, 0x22, 0x9A, 0x58, 0xE9, 0xE6, 0x5D, 0x6D, 0x19, 0x93, 0x79, 0x5E, 0x2F, 0x5C,
    0xB0, 0x79, 0xB5, 0x34, 0x7F, 0x1D, 0x20, 0x62, 0x25, 0x1E, 0xEE, 0x9D, 0x6F, 0x46, 0x0C, 0xDB,
    0xD8, 0xBE, 0x21, 0xB4, 0x14, 0x6A, 0x1C, 0xD3, 0xC2, 0x33, 0xCD, 0xEF, 0x41, 0x0B, 0x77, 0x74,
    0xFF, 0x1E, 0xD3, 0x7A, 0x04, 0xD7, 0xBE, 0x1D, 0xD3, 0x99, 0xA7, 0xFB, 0xBC, 0x05, 0x7F, 0x8E,
    0xBF, 0x2E, 0xA5, 0x55, 0xA4, 0x77, 0x5D, 0x15, 0x1D, 0x32, 0xA4, 0x22, 0xBE, 0x54, 0x14, 0xB9,
    0x64, 0x89, 0xF5, 0xF2, 0x83, 0xD1, 0x23, 0xFB, 0xD3, 0x05, 0xFF, 0xA2, 0x47, 0xF1, 0xCD, 0x05,
    0xFF, 0x2C, 0xC0, 0x7C, 0x6E, 0xC1, 0x70, 0x0D, 0x65, 0xCE, 0xB8, 0x8B, 0x1D, 0xC1, 0x6D, 0x6C,
    0x09, 0x9E, 0x8D, 0x78, 0x06, 0xBB, 0x82, 0xE5, 0x31, 0x34, 0xC7, 0xB0, 0xBC, 0x83, 0x5B, 0x77,
    0xE1, 0x59, 0x6C, 0xC7, 0xE7, 0x56, 0x82, 0x5B, 0x30, 0x82, 0x07, 0x30, 0xBF, 0xC8, 0x38, 0x20,
    0xFB, 0x36, 0xCB, 0x15, 0x90, 0xDE, 0x5E, 0x90, 0x7F, 0x5B, 0x96, 0xD7, 0xCA, 0x7A, 0x2B, 0x5D,
    0x89, 0x0B, 0xEF, 0xB7, 0x3D, 0x74, 0x77, 0xA9, 0x87, 0x30, 0xAF, 0x4E, 0x82, 0x85, 0x6F, 0x04,
    0xB3, 0xDE, 0x78, 0xC6, 0x64, 0x50, 0x87, 0xC1, 0x01, 0x56, 0x82, 0x75, 0xDC, 0x8F, 0x2A, 0x59,
    0x33, 0x3F, 0xF0, 0x4A, 0xFF, 0xFB, 0xFE, 0x7F, 0xD4, 0x7F, 0xFD, 0x37, 0xEE, 0x51, 0xD2, 0x36,
    0x80, 0x7E, 0x64, 0xEE, 0x0A, 0x90, 0xD9, 0x1B, 0x2C, 0x02, 0x1E, 0xC4, 0x29, 0x34, 0x52, 0xD3,
    0x3D, 0x89, 0x2D, 0x71, 0xC3, 0x17, 0x17, 0xEE, 0x4D, 0x70, 0xAD, 0xEB, 0xF0, 0xD9, 0x34, 0x30,
    0x97, 0x02, 0xAF, 0x64, 0x1D, 0xFF, 0xF7, 0x01, 0x80, 0x9D, 0xA8, 0xB5, 0x78, 0x08, 0x08, 0x95,
    0x03, 0x71, 0xAD, 0x90, 0xF6, 0xB5, 0x4D, 0x27, 0xE0, 0x51, 0xE4, 0x1D, 0x21, 0x0F, 0xCC, 0x99,
    0x57, 0x09, 0x95, 0x65, 0xAE, 0xCE, 0x56, 0xB7, 0x6E, 0x82, 0xEF, 0x9B, 0xF2, 0xE9, 0x4B, 0xE0,
    0xCE, 0x8A, 0x60, 0x26, 0x71, 0xE1, 0x13, 0xB3, 0x2D, 0x87, 0x18, 0xF8, 0x51, 0x87, 0x3C, 0x28,
    0xD7, 0x04, 0x13, 0x80, 0xF4, 0x32, 0x40, 0x1D, 0x73, 0x66, 0xE4, 0xE9, 0xAE, 0xFA, 0x58, 0xA8,
    0xDA, 0xDA, 0xAF, 0xD7, 0xD7, 0xAD, 0xBF, 0x1F, 0xF5, 0x20, 0xAB, 0x6B, 0xF7, 0x28, 0xB6, 0x25,
    0xFA, 0x11, 0x5E, 0x94, 0x95, 0x75, 0x97, 0x50, 0xE2, 0x74, 0x5D, 0x9D, 0x50, 0xB6, 0x2E, 0x57,
    0xE9, 0x11, 0x20, 0x79, 0x8F, 0xFD, 0xAC, 0xED, 0xE5, 0xF4, 0x84, 0x09, 0x36, 0xAF, 0x9C, 0x2C,
    0xF2, 0x95, 0xA8, 0x39, 0xC8, 0xBA, 0x0B, 0xB7, 0x68, 0x4A, 0x6E, 0xB1, 0xAD, 0xB9, 0x72, 0xCE,
    0x5C, 0xED, 0x71, 0x0A, 0x19, 0x9D, 0x62, 0xD5, 0x6C, 0x01, 0xF4, 0x9F, 0x98, 0xD9, 0x05, 0xDA,
    0x80, 0xCA, 0x4B, 0x34, 0x5B, 0x98, 0xEF, 0x3A, 0xDD, 0x6D, 0x33, 0x2C, 0x23, 0xCA, 0x5E, 0xD2,
    0x47, 0x60, 0xE6, 0x8C, 0x8C, 0xC7, 0xF4, 0xC9, 0xC0, 0x21, 0x68, 0x61, 0xCA, 0x4E, 0x82, 0xB5,
    0xF9, 0xB6, 0x84, 0xBC, 0x11, 0x46, 0xB7, 0xFB, 0x02, 0x4C, 0x87, 0x85, 0x49, 0x7D, 0xDC, 0xFD,
    0xCE, 0xC1, 0x4C, 0xE5, 0x71, 0x3F, 0x50, 0xBA, 0x78, 0x3E, 0x50, 0xDA, 0xC8, 0x54, 0x88, 0xCC,
    0xCE, 0x9A, 0xD9, 0x8E, 0x0C, 0xCB, 0xC6, 0x7D, 0x3C, 0x86, 0x00, 0x16, 0x20, 0x99, 0x59, 0xF7,
    0xE5, 0xF0, 0x72, 0x4E, 0x5F, 0x95, 0x2C, 0xEB, 0x4B, 0x9A, 0x00, 0x56, 0xE7, 0x2B, 0x55, 0xAF,
    0xEB, 0x0E, 0x57, 0x58, 0x29, 0x3D, 0x8F, 0xC7, 0x92, 0x18, 0x4C, 0x24, 0x9A, 0x4C, 0x90, 0x90,
    0xD0, 0x2A, 0x94, 0x56, 0xA0, 0xF0, 0x02, 0xF9, 0x0F, 0x81, 0x42, 0xC1, 0x38, 0x81, 0x0A, 0x0C,
    0x3B, 0x2B, 0x89, 0x23, 0x4D, 0x80, 0x84, 0x16, 0x2B, 0xF0, 0xAB, 0x0C, 0xDB, 0x55, 0xEE, 0x19,
    0xCC, 0x33, 0x3D, 0x43, 0xEE, 0x07, 0x86, 0xB4, 0xDF, 0x65, 0x58, 0xDA, 0x08, 0x1C, 0x18, 0x7D,
    0x8A, 0x3E, 0xBA, 0xCC, 0x7A, 0x86, 0xE2, 0xD5, 0xC0, 0x90, 0x75, 0x07, 0x0C, 0x69, 0xB8, 0x28,
    0x11, 0x86, 0x48, 0xA0, 0x21, 0xCF, 0x49, 0xF4, 0xD6, 0x65, 0xD1, 0x40, 0xCC, 0x36, 0xCD, 0x47,
    0x5F, 0x20, 0x1F, 0x77, 0x4F, 0x03, 0x63, 0x0F, 0x33, 0x30, 0x76, 0x3C, 0x65, 0x92, 0x5E, 0x8B,
    0x89, 0xD1, 0x2B, 0x36, 0x11, 0x5B, 0xA7, 0xFF, 0x27, 0x0B, 0x13, 0x18, 0xA5, 0xA9, 0x60, 0x2D,
    0xD9, 0x8C, 0x7F, 0xE4, 0x48, 0xA6, 0x1C, 0xE3, 0x76, 0xA6, 0x55, 0x5C, 0xB1, 0x01, 0xE6, 0x53,
    0x46, 0x92, 0x48, 0xC6, 0x94, 0x1C, 0x49, 0x11, 0x4E, 0xEF, 0x0C, 0xE0, 0xBE, 0x9B, 0x0F, 0xBB,
    0x05, 0xA3, 0x19, 0x96, 0x01, 0xE5, 0x2A, 0x8A, 0xB5, 0x52, 0x71, 0x2A, 0x52, 0x6C, 0xC9, 0xB1,
    0x38, 0xE9, 0x48, 0x1D, 0xBB, 0x4A, 0xD1, 0x37, 0x03, 0x1A, 0xBA, 0xC4, 0x53, 0x0B, 0xA2, 0x67,
    0x29, 0x1E, 0x02, 0x26, 0xD8, 0x3C, 0xA3, 0xCC, 0xC9, 0x09, 0x56, 0x2B, 0x81, 0xA4, 0xBD, 0x2B,
    0x99, 0xEE, 0x82, 0x15, 0xF4, 0xFE, 0x70, 0xA4, 0x9F, 0xFA, 0xA3, 0x2F, 0x92, 0x67, 0x31, 0x32,
    0x0A, 0x2C, 0x45, 0xF1, 0xD5, 0x81, 0x75, 0x63, 0x3E, 0x3F, 0xB2, 0x0C, 0x15, 0xAB, 0xA2, 0xF6,
    0xDB, 0x0C, 0x8D, 0xDF, 0x65, 0x68, 0xDD, 0x50, 0xB0, 0xCB, 0x3D, 0x1D, 0x58, 0x8D, 0x94, 0xF5,
    0x65, 0x60, 0xF0, 0x35, 0x0B, 0x59, 0xBC, 0x4A, 0x16, 0xE9, 0x6C, 0x5E, 0x98, 0x54, 0x23, 0x97,
    0x05, 0x24, 0x32, 0x4E, 0x7B, 0x33, 0xC3, 0xF8, 0x11, 0x81, 0x57, 0x19, 0x81, 0x07, 0x6F, 0xFE,
    0xB2, 0x6F, 0x1D, 0x83, 0x6F, 0x58, 0x86, 0xDB, 0xB2, 0xC9, 0x5C, 0x91, 0xAD, 0x39, 0x2A, 0x10,
    0xAA, 0xB0, 0xC0, 0x4A, 0x8E, 0xEE, 0x9A, 0x49, 0x96, 0xAE, 0x34, 0x20, 0x9F, 0x65, 0x1B, 0x37,
    0xA5, 0xBE, 0x25, 0xF2, 0xB8, 0x20, 0x35, 0x9A, 0x2E, 0x96, 0x05, 0x8C, 0x15, 0xA8, 0x36, 0xC7,
    0x7D, 0xEC, 0x2A, 0xC8, 0xB6, 0x1E, 0xC5, 0xB8, 0x93, 0x87, 0x0B, 0x1D, 0xCA, 0x9B, 0xBB, 0x49,
    0x30, 0xEC, 0xE7, 0xD7, 0xD0, 0x9B, 0x01, 0xB5, 0x3F, 0x00, 0x4E, 0x8D, 0xF8, 0xE7, 0xBE, 0xB1,
    0xBC, 0xA0, 0xF8, 0x8E, 0xAF, 0x46, 0x9C, 0xDA, 0x4E, 0x7E, 0xD3, 0xE7, 0xE4, 0x4E, 0x55, 0xE9,
    0x57, 0x3C, 0x9A, 0x70, 0xAA, 0xCC, 0x0A, 0x8F, 0x7C, 0x38, 0x65, 0xBE, 0x52, 0xF8, 0x47, 0x31,
    0x9E, 0xCA, 0x7F, 0xAB, 0xF0, 0xC3, 0x82, 0xD9, 0xFF, 0x2C, 0xFC, 0x88, 0xE1, 0x54, 0x3A, 0x16,
    0xFE, 0x46, 0xDE, 0x5F, 0x70, 0xA1, 0xBA, 0x79, 0x7A, 0xB6, 0xFB, 0xEE, 0xCA, 0xA7, 0xBF, 0x71,
    0xE4, 0x76, 0x74, 0x81, 0xC8, 0x90, 0xC5, 0xAD, 0xF6, 0xEA, 0xF3, 0xB7, 0xAE, 0x7E, 0x6E, 0x05,
    0xF4, 0x3B, 0xD9, 0xB3, 0x7D, 0x6E, 0x07, 0xA0, 0x63, 0x2E, 0x63, 0x0E, 0x3B, 0x32, 0xAB, 0xFF,
    0x17, 0xF7, 0xD1, 0x73, 0x6B, 0x8E, 0x46, 0xDC, 0xFB, 0x3E, 0xE5, 0xAE, 0x08, 0x97, 0xF8, 0x01,
    0xBD, 0x70, 0x29, 0x73, 0x49, 0x7B, 0xF9, 0xF4, 0xAD, 0xAB, 0xDF, 0xBC, 0xF5, 0x7A, 0x9F, 0xEE,
    0x5F, 0xF9, 0xF4, 0xFE, 0xFE, 0xBF, 0x5C, 0x36, 0xE5, 0x59, 0x2A, 0x3E, 0xE2, 0x60, 0x99, 0x06,
    0xE4, 0x87, 0x2C, 0xD1, 0x84, 0x22, 0xB0, 0x3C, 0x2B, 0x98, 0xC0, 0xAD, 0x6F, 0xE0, 0x8C, 0xE0,
    0xAF, 0xE2, 0xEF, 0x08, 0x7E, 0xD5, 0xFE, 0x53, 0xC1, 0xAF, 0xF8, 0xFF, 0x20, 0xF8, 0x8B, 0xFE,
    0x6D, 0xC1, 0xD7, 0xFE, 0x58, 0xF1, 0xD5, 0xBF, 0x78, 0x46, 0xD0, 0xDD, 0x4E, 0x15, 0x6F, 0xA4,
    0x81, 0xFB, 0xEE, 0xB7, 0x8A, 0x43, 0xEE, 0xF9, 0xCA, 0xE3, 0x27, 0xF7, 0x71, 0xE7, 0xCA, 0x6E,
    0x46, 0xA4, 0xCB, 0xCA, 0x94, 0xB3, 0x22, 0xDA, 0x88, 0x67, 0x23, 0x6E, 0xA9, 0xA7, 0x85, 0x6B,
    0x0D, 0x8D, 0xF9, 0x82, 0x43, 0x4B, 0x23, 0x9A, 0x31, 0x09, 0x19, 0xB1, 0xA7, 0x67, 0x5D, 0x32,
    0x31, 0xE6, 0xB2, 0x0D, 0x53, 0x06, 0xE3, 0x64, 0x3D, 0x15, 0x4A, 0x14, 0x9E, 0xF1, 0x2C, 0x8C,
    0x63, 0x57, 0xDC, 0x42, 0x05, 0xC6, 0x6B, 0xD8, 0x93, 0xD3, 0x86, 0x01, 0x13, 0xE3, 0xAD, 0x90,
    0x0C, 0xE2, 0x4A, 0x5D, 0x16, 0x04, 0x7D, 0xD1, 0x49, 0x87, 0xCE, 0x38, 0x41, 0x54, 0x60, 0x9C,
    0xB1, 0x13, 0xCF, 0x63, 0x0F, 0x04, 0x67, 0x69, 0xC6, 0xB1, 0x38, 0xE8, 0xDF, 0x79, 0xA7, 0xC3,
    0x31, 0x5E, 0x5D, 0xB3, 0xB4, 0x8C, 0x86, 0xA4, 0x19, 0x4A, 0xDA, 0x15, 0xDC, 0x69, 0x47, 0x1D,
    0x54, 0x13, 0x04, 0xAF, 0x35, 0x9D, 0xE0, 0x50, 0x7B, 0x86, 0x34, 0xD4, 0x96, 0x31, 0xD3, 0x4F,
    0xD7, 0xE6, 0x0E, 0xE3, 0x14, 0x4B, 0x05, 0x91, 0x65, 0xF3, 0xD2, 0xE3, 0x1D, 0xA1, 0xF3, 0x7D,
    0xE7, 0xCF, 0x7F, 0xE1, 0x70, 0x4F, 0xA2, 0x04, 0xF7, 0x29, 0x01, 0x17, 0xE6, 0x19, 0x89, 0x87,
    0x99, 0xE7, 0xBE, 0xE5, 0x69, 0x63, 0xC9, 0xE2, 0x87, 0x6D, 0x40, 0x22, 0x2C, 0x50, 0xE8, 0x8D,
    0x6C, 0x49, 0x5A, 0x74, 0x61, 0x57, 0x6E, 0x1C, 0x2A, 0x11, 0x4C, 0x6E, 0x64, 0x77, 0x81, 0x79,
    0x35, 0x00, 0x12, 0xA4, 0x21, 0xC9, 0x00, 0x38, 0x30, 0x56, 0x6E, 0xDC, 0xE8, 0x74, 0xDC, 0xE8,
    0xB4, 0xBB, 0x73, 0x63, 0xC3, 0x12, 0x4E, 0x4A, 0x81, 0x62, 0x81, 0x1E, 0x30, 0x0A, 0xA5, 0x66,
    0xA6, 0xEA, 0xFD, 0x7D, 0x92, 0x11, 0xA6, 0xA3, 0x9E, 0x6E, 0x74, 0x72, 0x98, 0xD1, 0xC4, 0xFD,
    0xB9, 0xCD, 0x2D, 0xF0, 0xF8, 0xD9, 0x24, 0x60, 0x62, 0x8C, 0x23, 0x5A, 0xA9, 0xDB, 0x0D, 0xAA,
    0xB1, 0x4E, 0xA0, 0xBD, 0x67, 0xF3, 0x63, 0x9F, 0x59, 0xF9, 0x8C, 0x66, 0x1B, 0xAD, 0x4E, 0x3F,
    0x9D, 0x36, 0xF7, 0x68, 0x12, 0xB2, 0x82, 0xE4, 0xEE, 0x3A, 0x87, 0x8C, 0x10, 0x3F, 0x54, 0x20,
    0x8B, 0x13, 0x31, 0x8F, 0x00, 0xD9, 0x4A, 0x9E, 0x5F, 0x0C, 0x72, 0xB3, 0x54, 0x43, 0x43, 0x4A,
    0x56, 0x44, 0x1F, 0x25, 0x7E, 0x73, 0xAF, 0x9B, 0x57, 0xA5, 0x72, 0xE4, 0xA4, 0x82, 0xD4, 0x87,
    0x92, 0x3F, 0x12, 0x72, 0x22, 0x43, 0xB6, 0xD2, 0x6E, 0x35, 0xB5, 0xF5, 0xA8, 0x64, 0x5A, 0x02,
    0xEA, 0x4E, 0x0C, 0x5D, 0x05, 0x33, 0x23, 0xC8, 0x09, 0x72, 0x13, 0xC6, 0x94, 0xC0, 0x38, 0x28,
    0x96, 0x43, 0x26, 0x58, 0x05, 0xC5, 0x7A, 0x8D, 0x5D, 0x2A, 0xD8, 0xF8, 0x44, 0x90, 0x2C, 0xFF,
    0x20, 0x25, 0x1D, 0x70, 0x3E, 0x49, 0x97, 0x28, 0xA5, 0xBA, 0x93, 0xF1, 0x7E, 0x2C, 0x23, 0x7B,
    0x7A, 0x95, 0xD8, 0x6D, 0x34, 0x5D, 0xD3, 0xE5, 0x7E, 0x1B, 0xB9, 0xBF, 0x88, 0xC2, 0xED, 0x20,
    0xF3, 0x6F, 0xC2, 0xD8, 0xC6, 0xE6, 0x8E, 0x0F, 0xA7, 0x5A, 0x22, 0x4B, 0x44, 0x8C, 0x20, 0x9A,
    0xE3, 0xEF, 0x4A, 0xE6, 0xEC, 0x19, 0x66, 0x88, 0x28, 0x23, 0x9A, 0x92, 0x05, 0xF3, 0x05, 0x53,
    0xDA, 0xBF, 0x51, 0xBC, 0x7F, 0x75, 0xCA, 0x06, 0x3C, 0x51, 0xD8, 0x64, 0xCC, 0x3A, 0x6C, 0x19,
    0x8B, 0x31, 0xF7, 0x0B, 0x02, 0xC3, 0x09, 0x9B, 0x8E, 0xE6, 0x32, 0x17, 0xC5, 0xCD, 0x20, 0xE9,
    0x35, 0x9F, 0x2D, 0xAB, 0x48, 0xF4, 0xC1, 0x32, 0x32, 0x6F, 0x82, 0x88, 0x8E, 0x62, 0x14, 0xD1,
    0x99, 0x98, 0x51, 0x50, 0xD5, 0x96, 0xAD, 0xE4, 0x56, 0xC1, 0x4E, 0x0F, 0x65, 0x1B, 0xCF, 0x38,
    0x29, 0x16, 0xD3, 0x5A, 0x9D, 0x11, 0x07, 0x34, 0xEB, 0x4A, 0x83, 0xB1, 0xEE, 0xA4, 0xBD, 0xD4,
    0x8A, 0x41, 0xD5, 0x64, 0x26, 0x69, 0xC6, 0xF5, 0x2E, 0x5A, 0xF9, 0x5F, 0x2C, 0x1B, 0x0A, 0x22,
    0x0D, 0x7E, 0x0F, 0x3F, 0x87, 0xA3, 0xEB, 0x3E, 0xA1, 0x0F, 0x08, 0xAD, 0xCF, 0xFF, 0xF4, 0x65,
    0xB9, 0x7F, 0x02, 0x68, 0xAD, 0x9B, 0x59, 0x2C, 0x53, 0x28, 0x94, 0xAE, 0x84, 0x4E, 0x4C, 0x34,
    0x1A, 0x65, 0xFD, 0x51, 0xB0, 0xD8, 0x3E, 0x3A, 0x6F, 0xA9, 0x69, 0xD4, 0xEE, 0x2D, 0x92, 0xEF,
    0x5D, 0xD0, 0x25, 0x07, 0xE9, 0x7F, 0x84, 0x9A, 0xE1, 0x88, 0x16, 0x9B, 0x34, 0x28, 0x3D, 0x7E,
    0x22, 0x61, 0x3A, 0xFC, 0x06, 0x50, 0xFA, 0x82, 0x2C, 0x6A, 0xFB, 0xF7, 0x16, 0xDA, 0xC8, 0xC9,
    0xD1, 0xC4, 0x94, 0xBB, 0x6C, 0x5C, 0xE9, 0x16, 0x2A, 0xEB, 0xBF, 0x4F, 0xFE, 0xBA, 0x65, 0x82,
    0x86, 0xDC, 0x3F, 0x26, 0xD1, 0x52, 0xB5, 0xFC, 0x74, 0xFC, 0x53, 0x7B, 0xFE, 0x69, 0x1C, 0xB7,
    0x6D, 0x01, 0xE2, 0x9F, 0x64, 0x96, 0x0D, 0xFE, 0x49, 0x7E, 0x46, 0xE4, 0x23, 0xCB, 0x62, 0x02,
    0xFF, 0xB0, 0x1F, 0x0C, 0xB2, 0xDE, 0x36, 0x0B, 0x93, 0x31, 0x83, 0x7A, 0x15, 0xB7, 0xB7, 0x4B,
    0xE9, 0x56, 0x8A, 0x2B, 0x55, 0x0C, 0x77, 0x90, 0x0D, 0x6A, 0xCA, 0xEA, 0xDD, 0xD2, 0x1F, 0xA2,
    0x51, 0x4F, 0xD1, 0x4D, 0xF3, 0x10, 0x1D, 0xB5, 0x74, 0xCA, 0xE0, 0x06, 0x94, 0x89, 0x81, 0x21,
    0x99, 0x0B, 0x65, 0xD2, 0x55, 0xA5, 0x8D, 0xB2, 0x15, 0xAD, 0x94, 0xA1, 0xBF, 0xA0, 0x18, 0x18,
    0xB8, 0x16, 0x62, 0x66, 0x8A, 0x51, 0xA1, 0x50, 0xF7, 0x53, 0x43, 0x51, 0xA5, 0x69, 0x4D, 0xAA,
    0x55, 0xE0, 0x00, 0x91, 0x54, 0x6C, 0x24, 0x96, 0xA5, 0x51, 0xC0, 0x7C, 0x56, 0x01, 0x21, 0x6E,
    0x98, 0x68, 0x39, 0xC8, 0xBA, 0x64, 0x2B, 0x5A, 0x01, 0xC4, 0x0C, 0xDF, 0xBD, 0x61, 0x0D, 0x28,
    0xA9, 0x13, 0xAC, 0x7F, 0x32, 0x08, 0xEE, 0x62, 0x88, 0x78, 0x2D, 0xE2, 0x28, 0xB8, 0x93, 0x84,
    0x78, 0x7F, 0x1F, 0xE5, 0xB6, 0x71, 0x20, 0x02, 0x28, 0x22, 0x96, 0x11, 0x77, 0x5A, 0xC5, 0xDD,
    0xD6, 0x0A, 0x8E, 0x1A, 0xDD, 0xD2, 0xA0, 0x98, 0xAF, 0x8F, 0x50, 0xBD, 0x62, 0x69, 0x15, 0x77,
    0xD4, 0x87, 0x70, 0x80, 0x4A, 0x70, 0x84, 0x2E, 0x4B, 0x02, 0xCA, 0x20, 0xCD, 0x60, 0x18, 0x8D,
    0x57, 0xAC, 0xD6, 0xE1, 0x6D, 0xC1, 0x41, 0x9A, 0x81, 0x55, 0x9E, 0x0C, 0x8A, 0x59, 0x10, 0xBD,
    0x72, 0x33, 0x46, 0x6E, 0x86, 0x6C, 0xC1, 0xCA, 0xC6, 0x90, 0x0A, 0x45, 0xB2, 0x32, 0x80, 0x9A,
    0x26, 0xA4, 0x44, 0x81, 0x51, 0x02, 0xF8, 0xE6, 0x75, 0xF2, 0xFD, 0xFD, 0x5F, 0xB1, 0x3C, 0x82,
    0x9B, 0x31, 0x25, 0xFC, 0x3C, 0x96, 0x42, 0xA6, 0x03, 0x52, 0xF7, 0x20, 0x7E, 0x8C, 0x7B, 0x7A,
    0x04, 0x4F, 0xE2, 0xA9, 0x6C, 0x04, 0xAE, 0x2C, 0x4C, 0x58, 0x98, 0xD4, 0xE2, 0xE5, 0x94, 0x77,
    0x15, 0x3F, 0x0E, 0xBC, 0x51, 0xF8, 0x6C, 0xC4, 0xFD, 0x40, 0x30, 0x36, 0x1F, 0xF0, 0x28, 0x9F,
    0xD5, 0xA3, 0x08, 0x0B, 0x93, 0x75, 0x37, 0x58, 0xB0, 0x73, 0x28, 0xFC, 0x0A, 0xB5, 0x1C, 0x9F,
    0x3F, 0x33, 0xE1, 0x1A, 0x33, 0x7B, 0xD9, 0xF4, 0xF7, 0x1D, 0xF0, 0x68, 0x32, 0x16, 0xDF, 0xBF,
    0x6D, 0x81, 0x4F, 0x94, 0x9D, 0x09, 0x49, 0x0F, 0x9C, 0x38, 0xE4, 0xF0, 0x31, 0x22, 0x9A, 0xC0,
    0x6A, 0x9D, 0x4D, 0x48, 0x18, 0x62, 0xE6, 0x84, 0x43, 0x4A, 0x36, 0x91, 0xD5, 0x45, 0x46, 0x27,
    0x16, 0xA6, 0x0D, 0x28, 0x56, 0x8F, 0x64, 0x04, 0x0A, 0x30, 0xE3, 0xCB, 0xD9, 0x0A, 0xEC, 0x54,
    0xC1, 0x17, 0x13, 0x38, 0xAF, 0xBC, 0x65, 0x0D, 0x97, 0x81, 0xA0, 0x67, 0x58, 0xF7, 0x4F, 0x22,
    0x9B, 0x32, 0xCE, 0x39, 0x8F, 0xA3, 0xEC, 0xD3, 0xA7, 0x57, 0x40, 0xFE, 0x6F, 0x66, 0xE0, 0x83,
    0x1E, 0x90, 0x5D, 0xCC, 0x87, 0x70, 0xD7, 0x55, 0x6E, 0xA6, 0xB7, 0x8A, 0x3C, 0x80, 0x9F, 0x1B,
    0x6B, 0xD6, 0x0E, 0x85, 0xEA, 0xFB, 0xC0, 0x59, 0x13, 0xCC, 0x8C, 0x64, 0x2C, 0x43, 0x7A, 0x19,
    0x79, 0x90, 0x80, 0x61, 0x3A, 0x89, 0xA3, 0x25, 0x0B, 0x00, 0x54, 0x2E, 0x67, 0xA8, 0x6D, 0x16,
    0x61, 0x75, 0xF4, 0x57, 0x73, 0x07, 0x06, 0x01, 0xD3, 0x33, 0xB8, 0xC6, 0x32, 0xBC, 0x7D, 0x73,
    0xF3, 0x9D, 0xA1, 0x5E, 0x21, 0x1A, 0xEB, 0xB4, 0x79, 0x2E, 0x92, 0x91, 0x57, 0x21, 0x07, 0x91,
    0xB7, 0xA5, 0xCB, 0xC9, 0xA8, 0xB5, 0x83, 0x67, 0x39, 0x69, 0x56, 0xD9, 0x83, 0x06, 0xD8, 0xA3,
    0xC8, 0x9A, 0x4B, 0x30, 0x6A, 0x7E, 0xAD, 0xF5, 0x48, 0x46, 0xA4, 0x83, 0x94, 0x56, 0xBB, 0x62,
    0x4C, 0x35, 0x2A, 0xA6, 0xB6, 0x66, 0xEA, 0x1B, 0xA1, 0x2D, 0xD3, 0x8E, 0xDE, 0xDF, 0xDF, 0x6F,
    0x7B, 0xE2, 0xAB, 0xD7, 0x7E, 0x95, 0xB6, 0x1B, 0xB4, 0x8E, 0x94, 0xFB, 0x29, 0x3D, 0x60, 0xA4,
    0xEE, 0xD4, 0x9D, 0xD4, 0x91, 0x03, 0xE2, 0x69, 0xAD, 0x6D, 0xF4, 0x4D, 0x2F, 0x91, 0x7D, 0x9F,
    0x45, 0x7C, 0xCD, 0x73, 0xF1, 0xC8, 0x0B, 0xD3, 0x8C, 0x27, 0xB0, 0xF0, 0xA0, 0x8E, 0x0F, 0x03,
    0x7D, 0x6D, 0x0B, 0xB2, 0xD7, 0x51, 0x51, 0x3A, 0xE0, 0xC2, 0xAA, 0x74, 0x78, 0x61, 0x35, 0xC2,
    0x95, 0x2B, 0x64, 0xEC, 0x3E, 0x0F, 0xB0, 0xCF, 0x3C, 0xB9, 0x90, 0xC4, 0x23, 0xE7, 0x83, 0xA6,
    0xE4, 0xF0, 0xCD, 0x3B, 0x23, 0x5D, 0xCF, 0xE8, 0x69, 0xEA, 0x35, 0xBA, 0x3D, 0xA2, 0xBE, 0x71,
    0x42, 0x03, 0xD1, 0xB3, 0x12, 0x74, 0xF2, 0xD4, 0xF2, 0xD8, 0x1E, 0x48, 0x1C, 0x8B, 0xFD, 0x98,
    0xFC, 0xE5, 0x9E, 0x4C, 0xC1, 0xF0, 0x59, 0x85, 0x4F, 0x70, 0xBB, 0xD2, 0xE5, 0x57, 0xB8, 0xDD,
    0xFF, 0xD0, 0x8A, 0xE8, 0xBB, 0x12, 0x5C, 0xC3, 0x3F, 0x7B, 0x51, 0x2A, 0x9F, 0x84, 0x9D, 0x4F,
    0x74, 0x2D, 0x31, 0x4C, 0xFE, 0x25, 0x07, 0x4B, 0x75, 0x9F, 0xDC, 0xE4, 0x54, 0xEC, 0x73, 0xF7,
    0x28, 0xAB, 0xE8, 0x14, 0x8B, 0x44, 0xF6, 0x11, 0xDC, 0xCF, 0xF0, 0x38, 0xFF, 0xD5, 0xE2, 0x31,
    0x3C, 0x06, 0x34, 0x0B, 0x79, 0x92, 0xB5, 0xFF, 0x28, 0x2E, 0x8B, 0x37, 0xB3, 0x40, 0xC6, 0xE1,
    0xA4, 0xD6, 0xBF, 0xAF, 0xC8, 0x31, 0xEC, 0x4F, 0xDB, 0x63, 0x07, 0x7B, 0xE7, 0x23, 0x26, 0x2D,
    0xCD, 0x48, 0x99, 0x2B, 0xCF, 0x9D, 0xA6, 0x5B, 0x57, 0x01, 0xB0, 0x4F, 0x35, 0xBA, 0x13, 0x62,
    0x81, 0x13, 0x14, 0xC0, 0xEE, 0xEC, 0xA2, 0x72, 0x5E, 0xC6, 0x15, 0x96, 0x01, 0x80, 0xC7, 0x1B,
    0x78, 0x4A, 0x06, 0x85, 0x85, 0x0B, 0x91, 0x0B, 0x5A, 0x73, 0x8B, 0x73, 0x7B, 0x4D, 0xC5, 0x69,
    0xA8, 0x9C, 0x7E, 0x96, 0xF5, 0x0D, 0x94, 0x33, 0x9E, 0x12, 0x27, 0x5C, 0x75, 0x69, 0xCE, 0x3B,
    0xE1, 0xF6, 0xB2, 0x95, 0x34, 0xB9, 0x2F, 0x1D, 0x8B, 0xA9, 0x92, 0xE7, 0x7D, 0xE8, 0xCC, 0xB4,
    0x0B, 0xBD, 0x2E, 0xCC, 0x83, 0x32, 0x67, 0xDA, 0xF0, 0xA6, 0x0A, 0xDF, 0xB5, 0x41, 0x22, 0x61,
    0x7F, 0x12, 0xF4, 0x3B, 0xCC, 0x95, 0xE3, 0xFD, 0x29, 0xBD, 0xD3, 0xAF, 0x8F, 0x72, 0x7F, 0xD2,
    0x32, 0x37, 0xA2, 0x98, 0xA3, 0x43, 0x88, 0x17, 0x6C, 0x9E, 0xE6, 0xB2, 0x06, 0xDB, 0x0E, 0x90,
    0x31, 0x46, 0x97, 0xC5, 0x49, 0x14, 0x63, 0x54, 0xCF, 0xEF, 0x49, 0x05, 0x7A, 0xEC, 0xFD, 0xE2,
    0xE8, 0x20, 0xBA, 0x5E, 0x8F, 0x11, 0xDF, 0x09, 0x66, 0x33, 0x14, 0xA7, 0xBB, 0x31, 0x8F, 0xB8,
    0x7E, 0xAE, 0x19, 0x22, 0x06, 0xC5, 0x32, 0x62, 0xD5, 0x47, 0xEC, 0x14, 0x6B, 0xC6, 0x4C, 0xBD,
    0x12, 0xB9, 0xA2, 0x9A, 0xA4, 0x22, 0xD9, 0x88, 0xB8, 0x0B, 0x93, 0x88, 0xE9, 0xAC, 0x7E, 0x2B,
    0xF1, 0xC3, 0x44, 0x71, 0x4A, 0x11, 0x47, 0x71, 0x84, 0x98, 0x4C, 0x31, 0xC6, 0xFC, 0x3E, 0x31,
    0x92, 0x26, 0x92, 0x88, 0x3F, 0xF8, 0xCA, 0x81, 0xD4, 0x47, 0x1E, 0x9F, 0x06, 0x0A, 0x1B, 0x79,
    0xFC, 0x5B, 0xE0, 0x27, 0xD6, 0x7C, 0xFA, 0xF3, 0x48, 0xFE, 0x5D, 0xE4, 0xF1, 0xF1, 0x57, 0x70,
    0xE2, 0xA9, 0xC8, 0xE3, 0x13, 0x81, 0x7F, 0xE2, 0xF5, 0xB3, 0x1D, 0x7E, 0xB6, 0x8F, 0x3C, 0x7E,
    0xD3, 0x27, 0x5F, 0xF1, 0x91, 0xCF, 0x8C, 0xCD, 0xCA, 0xF5, 0x93, 0x1F, 0xA8, 0xF1, 0x40, 0x13,
    0x79, 0x3C, 0x76, 0x03, 0x8F, 0xAE, 0x22, 0x8F, 0x17, 0x27, 0xFC, 0x83, 0x29, 0xF2, 0xC9, 0x3B,
    0x23, 0xBE, 0x32, 0xAC, 0xDB, 0xE7, 0x43, 0x66, 0xC2, 0xBA, 0x7F, 0x13, 0x3E, 0x5E, 0x77, 0xEB,
    0xFE, 0xAB, 0xEE, 0x13, 0x31, 0x4C, 0xCA, 0x11, 0xEB, 0x93, 0x6B, 0x4D, 0xC2, 0xB7, 0xEE, 0x12,
    0x45, 0x3E, 0xB5, 0x94, 0xBC, 0x36, 0x2B, 0x8F, 0x13, 0x09, 0x65, 0x5A, 0x31, 0xD8, 0x45, 0x98,
    0x6C, 0x75, 0x9F, 0x19, 0x63, 0x89, 0xF7, 0x68, 0x3E, 0xDD, 0x5F, 0x0E, 0xF1, 0x4D, 0xB4, 0x17,
    0x8B, 0xF1, 0xD1, 0x2A, 0xA8, 0x05, 0x26, 0xCE, 0x0C, 0x2F, 0x4A, 0x9F, 0xF5, 0x80, 0x0C, 0x26,
    0xF8, 0xDA, 0xDF, 0x0F, 0xDD, 0x41, 0x36, 0x7F, 0x6C, 0x6B, 0xF7, 0xA8, 0x98, 0xE2, 0x67, 0x61,
    0x7E, 0x1F, 0xB5, 0xBD, 0x0C, 0x3C, 0x0E, 0x74, 0x30, 0x7F, 0x88, 0x9A, 0xC3, 0xC9, 0x8F, 0x21,
    0x17, 0x0B, 0xA9, 0x3E, 0xCE, 0xA2, 0x7C, 0xED, 0x4D, 0xA0, 0xE8, 0x60, 0x5E, 0x59, 0x47, 0xE4,
    0x44, 0x1C, 0x5A, 0x24, 0xFB, 0x06, 0x80, 0xE6, 0xDB, 0x16, 0x29, 0x25, 0x1E, 0x66, 0x5A, 0x48,
    0x3D, 0x24, 0x1D, 0xA8, 0x4F, 0x38, 0x12, 0xA6, 0xBE, 0x20, 0x97, 0xB9, 0x8A, 0x90, 0xE3, 0xC2,
    0x0A, 0xA7, 0x3E, 0xF6, 0xC2, 0x84, 0x47, 0x1E, 0x2B, 0x47, 0x3C, 0xF5, 0x62, 0x19, 0x8A, 0x3F,
    0x73, 0x26, 0x94, 0x7F, 0x00, 0xD3, 0x9B, 0x9B, 0xC8, 0xFB, 0x4F, 0x01, 0xC9, 0x47, 0x7D, 0xEC,
    0xE1, 0x49, 0xF6, 0x5E, 0x8E, 0x20, 0x67, 0xA4, 0x9A, 0xA8, 0xDE, 0xC3, 0xCC, 0x66, 0xE1, 0xC8,
    0x2D, 0xD4, 0xB7, 0x1D, 0x27, 0xB7, 0x7A, 0xC0, 0x09, 0x72, 0xE5, 0x84, 0xE4, 0x5D, 0x5B, 0x10,
    0x32, 0x8F, 0x94, 0x7C, 0xEE, 0x00, 0x0A, 0x46, 0xCE, 0x39, 0xCF, 0x00, 0xF9, 0x57, 0xE7, 0x2D,
    0xC0, 0x64, 0x74, 0x00, 0x9C, 0x95, 0x13, 0xEA, 0x6D, 0x34, 0x42, 0x59, 0x61, 0x3B, 0x52, 0x2F,
    0xD5, 0x92, 0x92, 0x6A, 0x0B, 0xEA, 0xA5, 0xC0, 0x1C, 0x65, 0xB7, 0x71, 0x85, 0xB2, 0x47, 0x4E,
    0x30, 0x81, 0x9D, 0x73, 0xA1, 0x68, 0xAD, 0x6C, 0xBA, 0x81, 0xE9, 0x29, 0xF0, 0xF5, 0x31, 0x3C,
    0xC2, 0xF0, 0x19, 0x26, 0xF5, 0xFE, 0xFE, 0xD7, 0xC5, 0x70, 0x85, 0xF8, 0x8A, 0x89, 0x89, 0x07,
    0x27, 0x86, 0x49, 0x76, 0x87, 0xA4, 0x7F, 0x65, 0x92, 0x79, 0x21, 0x9F, 0xDC, 0xDF, 0x7F, 0xFD,
    0x7B, 0xFC, 0xE4, 0xB9, 0xBE, 0x43, 0x1A, 0x26, 0xE0, 0x9B, 0x7A, 0x20, 0x99, 0xBF, 0x81, 0x84,
    0x66, 0x24, 0x44, 0x00, 0xFF, 0x36, 0x14, 0x77, 0xD7, 0xCA, 0xBF, 0xE2, 0x6F, 0x25, 0xAF, 0x93,
    0x9D, 0x7C, 0x9D, 0x47, 0xF2, 0x27, 0x7D, 0xBD, 0xC4, 0xB8, 0x9A, 0xFC, 0xD8, 0x90, 0xBD, 0x06,
    0x9D, 0x1E, 0x68, 0x04, 0x6E, 0xF6, 0xF7, 0xF7, 0xAF, 0xB0, 0x0C, 0xC3, 0x11, 0xA9, 0x98, 0x40,
    0x95, 0xA4, 0xE4, 0xCC, 0x1D, 0x52, 0xFD, 0xCD, 0x91, 0x27, 0xD6, 0xDE, 0xE1, 0x38, 0x78, 0xD5,
    0x41, 0x56, 0x26, 0xDD, 0xE6, 0x51, 0xC2, 0xC3, 0xE7, 0x51, 0x13, 0x4E, 0x13, 0x92, 0xF5, 0xB2,
    0x24, 0x9D, 0x90, 0xC9, 0xCF, 0xE6, 0xB2, 0xC4, 0xF4, 0x28, 0x3B, 0x59, 0xD1, 0x78, 0xD4, 0x77,
    0x7E, 0xDE, 0x0D, 0x15, 0x75, 0x5C, 0x2D, 0x9D, 0xE3, 0x3E, 0x5A, 0xDD, 0xE5, 0xDA, 0x58, 0x04,
    0x02, 0xC5, 0x51, 0x98, 0xAA, 0x99, 0x5D, 0xB1, 0xDB, 0x82, 0xE8, 0xFD, 0xD7, 0x49, 0x5E, 0x36,
    0xCE, 0xB8, 0xCD, 0x09, 0xEA, 0x16, 0xB6, 0x18, 0x63, 0xAC, 0x2D, 0x9C, 0x18, 0x03, 0xB2, 0x01,
    0xC6, 0xC5, 0x00, 0x33, 0xA1, 0xB6, 0x55, 0xAC, 0xD3, 0x4F, 0x10, 0xB6, 0x11, 0x1F, 0xB9, 0x3A,
    0x62, 0xF5, 0x1D, 0x4C, 0x2D, 0x8C, 0x8E, 0x58, 0x7B, 0xE7, 0x86, 0x9B, 0x50, 0x56, 0x61, 0xFD,
    0x30, 0x00, 0x77, 0xBA, 0x00, 0x34, 0x29, 0xA6, 0xE3, 0xDD, 0x6F, 0xAA, 0x65, 0x3C, 0x98, 0xA4,
    0xED, 0x25, 0x76, 0xD3, 0xAF, 0x7D, 0xA1, 0xD5, 0x40, 0xDF, 0x10, 0x5F, 0x10, 0xA9, 0x99, 0x8B,
    0x4B, 0x29, 0x66, 0x1D, 0x62, 0x89, 0x42, 0x37, 0xB1, 0x79, 0xA9, 0x1A, 0x70, 0x12, 0x19, 0xBD,
    0x45, 0x76, 0xD9, 0xB1, 0x44, 0x69, 0x13, 0x7A, 0xFA, 0x06, 0xB2, 0xAE, 0x10, 0x8D, 0xE2, 0x95,
    0x85, 0xCD, 0xF1, 0x13, 0x1E, 0xC6, 0xF5, 0xE2, 0x0A, 0xFF, 0xA5, 0x47, 0xFE, 0x8E, 0x17, 0xF6,
    0xDD, 0x80, 0xEC, 0x36, 0x98, 0x4D, 0xFC, 0x00, 0xAC, 0xC4, 0x83, 0x33, 0x3F, 0x01, 0xD7, 0x81,
    0xEC, 0xBD, 0x73, 0xD9, 0xD7, 0x0E, 0x90, 0x90, 0xDC, 0x50, 0xD0, 0x8C, 0xEC, 0xB7, 0x1D, 0xB3,
    0xA7, 0x50, 0xA1, 0xC8, 0x3B, 0x66, 0x1F, 0x81, 0xB1, 0x9F, 0x4A, 0x03, 0xB3, 0x5B, 0x30, 0x9E,
    0x57, 0x4C, 0xA7, 0x0F, 0x93, 0x1B, 0xF6, 0xC2, 0x77, 0x57, 0xE9, 0x6C, 0x3F, 0xBD, 0x9F, 0xEC,
    0xDB, 0x97, 0xF6, 0xF7, 0xD3, 0x7D, 0x97, 0x9C, 0x97, 0xEB, 0x5C, 0x49, 0x72, 0xF5, 0xAD, 0x62,
    0x87, 0xDD, 0x52, 0xCF, 0x2C, 0xAF, 0x9D, 0xC5, 0xD9, 0xC2, 0x01, 0x6F, 0x3E, 0x81, 0x6D, 0xA3,
    0x07, 0xAB, 0x5B, 0x06, 0x40, 0xD8, 0xE2, 0x5B, 0x90, 0x84, 0x5D, 0x1C, 0x9C, 0x05, 0xD2, 0xFE,
    0x1A, 0xAE, 0x6D, 0xB3, 0x44, 0x03, 0x06, 0x46, 0x1F, 0xF8, 0x16, 0x46, 0xBE, 0x05, 0xF9, 0x5B,
    0x81, 0x6F, 0x41, 0x71, 0xA9, 0xE7, 0x5B, 0x60, 0x9E, 0xED, 0xB2, 0x2E, 0x2C, 0x98, 0x79, 0xBE,
    0x95, 0xFB, 0x92, 0xAD, 0xBD, 0x33, 0x8C, 0x6D, 0xCF, 0x7D, 0x66, 0xDD, 0xE9, 0x8E, 0xFB, 0xCC,
    0x42, 0xE6, 0xD9, 0x74, 0x41, 0x57, 0xBD, 0xF8, 0x70, 0x15, 0xD3, 0x6F, 0xF2, 0x9C, 0x58, 0x35,
    0x12, 0xDB, 0x10, 0xF7, 0x54, 0x5F, 0x75, 0x28, 0x7C, 0x99, 0x79, 0x18, 0xCB, 0xE7, 0x33, 0x25,
    0x72, 0x1F, 0x70, 0x16, 0x59, 0x77, 0x0D, 0x5B, 0x22, 0xE9, 0xAE, 0xBC, 0x0D, 0x30, 0x00, 0x07,
    0x25, 0x02, 0xB0, 0x6D, 0x2E, 0xF5, 0x40, 0x95, 0xBF, 0xD3, 0xB1, 0x40, 0x7C, 0x42, 0x5A, 0xBC,
    0x7A, 0xDB, 0xF1, 0xA3, 0x08, 0x40, 0xAA, 0x55, 0x52, 0x10, 0x5B, 0xBA, 0x26, 0x76, 0xB6, 0x75,
    0x4D, 0x7C, 0xED, 0xC8, 0x60, 0x50, 0xA8, 0x01, 0x8B, 0x40, 0xB9, 0x50, 0x4D, 0xC1, 0x06, 0x47,
    0xF4, 0xCC, 0xC6, 0x06, 0xB0, 0x1A, 0xE6, 0xD6, 0x31, 0xCA, 0x5A, 0x1F, 0x88, 0xC9, 0xE1, 0xDE,
    0x32, 0x19, 0xAC, 0x40, 0xFC, 0xA8, 0x08, 0xAD, 0xD6, 0x44, 0x6D, 0xC1, 0x92, 0x02, 0x4B, 0xB6,
    0xB7, 0x7E, 0x67, 0xF5, 0xFF, 0x17, 0x38, 0xF6, 0xCE, 0x6A, 0x74, 0xE4, 0x08, 0x7B, 0x57, 0xDF,
    0x5F, 0x02, 0x36, 0xEA, 0xB8, 0xCF, 0xF4, 0xB4, 0x4E, 0xA8, 0x9F, 0x18, 0xB2, 0x7E, 0x9B, 0x21,
    0x19, 0x2A, 0x06, 0x1C, 0x18, 0xC7, 0xB0, 0x93, 0x77, 0x0C, 0x65, 0x1A, 0x6F, 0x1D, 0x19, 0xB2,
    0x6E, 0x97, 0x21, 0x09, 0x7A, 0xEB, 0x68, 0x2C, 0xC3, 0xB6, 0x5A, 0x43, 0x15, 0x1F, 0xEE, 0x06,
    0x86, 0xBC, 0xD3, 0xED, 0xF6, 0x30, 0x31, 0xE0, 0xF6, 0xB0, 0xF9, 0xB2, 0x7F, 0xBD, 0xF9, 0x25,
    0xA1, 0x64, 0x14, 0xC8, 0xEF, 0xFA, 0xFA, 0x5E, 0x7D, 0xEC, 0xFB, 0x43, 0x47, 0x06, 0x88, 0xCA,
    0x0A, 0x5C, 0x3F, 0x8A, 0x4C, 0xE4, 0x73, 0x85, 0xF2, 0x6B, 0x8B, 0x83, 0x7F, 0xD1, 0xD7, 0x6A,
    0xA8, 0x2B, 0xB5, 0x54, 0x92, 0x6B, 0x0D, 0x38, 0x5A, 0x86, 0x0C, 0x31, 0x80, 0x5B, 0x0D, 0x7B,
    0xFD, 0x02, 0xFF, 0x3A, 0x69, 0xE3, 0xF7, 0x50, 0x56, 0x00, 0xE9, 0xFE, 0xCA, 0x2C, 0x55, 0x6F,
    0x22, 0x66, 0xE2, 0x52, 0x3D, 0x7D, 0xCC, 0x18, 0x6A, 0x9F, 0x8D, 0x0A, 0x83, 0x40, 0x7E, 0x78,
    0x9E, 0xA1, 0x20, 0x62, 0x30, 0x34, 0x2F, 0xE0, 0x0C, 0xAD, 0x8E, 0xF6, 0x96, 0xAD, 0x00, 0x61,
    0x03, 0xD2, 0xD5, 0x66, 0xD9, 0x5E, 0x8C, 0x9B, 0xC5, 0x79, 0xDD, 0xE9, 0x10, 0x1D, 0x1E, 0x82,
    0x96, 0x2C, 0x97, 0xD1, 0x4E, 0x0B, 0x44, 0x69, 0x55, 0x76, 0x7D, 0xE1, 0x6E, 0xFD, 0x85, 0xB4,
    0x5A, 0x6B, 0x83, 0xB9, 0x25, 0x5A, 0xBD, 0xB4, 0xFF, 0xFA, 0x04, 0xA4, 0x93, 0x3E, 0x9E, 0x85,
    0xCD, 0x07, 0xA0, 0x08, 0xFA, 0x6B, 0xF8, 0xB7, 0x97, 0x8D, 0x76, 0x5D, 0x47, 0xF3, 0xAF, 0xD3,
    0xC9, 0x69, 0x2C, 0xD0, 0x46, 0x19, 0x67, 0x80, 0x07, 0x9F, 0xDC, 0xE3, 0x51, 0xFA, 0x18, 0x95,
    0x5E, 0xC0, 0x6C, 0x50, 0x7E, 0xB6, 0x3E, 0x5D, 0x9F, 0xAF, 0x3D, 0xE8, 0xF3, 0xB5, 0x87, 0x35,
    0x25, 0x40, 0xFB, 0xD2, 0xDE, 0xB4, 0x2F, 0x20, 0xDB, 0xA4, 0x1B, 0xEF, 0x97, 0x16, 0x3F, 0xE0,
    0x6D, 0xEB, 0x7B, 0x75, 0xB8, 0x44, 0xCE, 0xF3, 0xAD, 0x15, 0xAD, 0x21, 0xD2, 0x86, 0xE9, 0x5F,
    0xBF, 0x2F, 0xA3, 0x7D, 0xF9, 0xA3, 0xBE, 0xD4, 0xB0, 0xE3, 0x9B, 0x76, 0x81, 0x9B, 0xDE, 0x66,
    0x6A, 0xFE, 0x44, 0x4C, 0xE3, 0x1D, 0x7E, 0x9A, 0x7C, 0xEB, 0x0D, 0x73, 0xA2, 0x3A, 0x5C, 0x49,
    0x36, 0x9E, 0xE5, 0xB9, 0xAD, 0xC8, 0xDA, 0x00, 0x2C, 0xA5, 0x4D, 0x88, 0x85, 0x66, 0x31, 0x2A,
    0x5F, 0x8C, 0xDC, 0x4D, 0x19, 0xB8, 0xCB, 0xDA, 0x4B, 0xF7, 0x19, 0xD1, 0xFB, 0xEB, 0xB3, 0x05,
    0x16, 0xBE, 0xF8, 0xE5, 0xF7, 0xBE, 0xD0, 0x7A, 0x49, 0x33, 0x28, 0x34, 0xCD, 0xC8, 0x18, 0xCA,
    0x7C, 0xC1, 0x15, 0x24, 0xA5, 0xE5, 0x57, 0xC1, 0x5B, 0xF0, 0x28, 0x5E, 0x90, 0x48, 0x01, 0xF3,
    0x79, 0x2B, 0xA9, 0xCD, 0x18, 0x27, 0xA9, 0xAD, 0x2C, 0x1C, 0x67, 0x3F, 0x9C, 0x91, 0x63, 0x7C,
    0xBE, 0xD7, 0x4B, 0x4A, 0xDB, 0x8E, 0xB8, 0x65, 0x9C, 0xA4, 0xB6, 0x5D, 0xE3, 0x24, 0xB5, 0x5D,
    0x33, 0x56, 0x52, 0xDB, 0x9B, 0xA5, 0x64, 0x3F, 0x84, 0x0A, 0xF9, 0x5B, 0x8C, 0x3B, 0xC8, 0x2F,
    0xF5, 0x48, 0xC2, 0x01, 0x8A, 0x05, 0xD3, 0x7E, 0x14, 0xB1, 0xB2, 0xDF, 0x0D, 0x2A, 0xD6, 0x6F,
    0x76, 0x2A, 0xD6, 0x87, 0x4E, 0xC5, 0x9A, 0xA3, 0x38, 0xA3, 0xE0, 0x8F, 0x53, 0x07, 0xD4, 0x71,
    0x58, 0x6C, 0xC3, 0x76, 0xED, 0xAB, 0xFB, 0x5F, 0x67, 0x48, 0x49, 0x83, 0xD0, 0xFB, 0x83, 0x00,
    0x77, 0x0C, 0xED, 0x17, 0xD2, 0x1D, 0x54, 0x09, 0x50, 0x1D, 0x28, 0xF0, 0xD6, 0x0D, 0x77, 0x99,
    0xD3, 0xC4, 0x3D, 0x96, 0x87, 0x2D, 0x77, 0x78, 0x23, 0x14, 0x07, 0x06, 0xC9, 0x18, 0xB2, 0xA9,
    0x44, 0xF6, 0x6E, 0x9F, 0x8E, 0x67, 0x91, 0xBF, 0xDD, 0x27, 0x0B, 0x2C, 0x4F, 0x48, 0xE4, 0x4D,
    0x06, 0x9F, 0x84, 0x2D, 0x9C, 0x65, 0xD8, 0xC5, 0x76, 0x2E, 0xE3, 0xDE, 0x2A, 0x5C, 0xDA, 0x0D,
    0xD8, 0x35, 0x96, 0x3B, 0xFF, 0xB2, 0x91, 0xA4, 0x7B, 0xAD, 0x84, 0x79, 0x6B, 0x81, 0x33, 0x28,
    0x2F, 0xF5, 0xAC, 0xC5, 0xFA, 0xD9, 0x8E, 0xEB, 0x83, 0x36, 0xF3, 0xD8, 0xDD, 0x4A, 0x28, 0xF7,
    0xD8, 0xDE, 0xCD, 0xFF, 0x77, 0xEE, 0x50, 0x5D, 0xAB, 0x7E, 0xA1, 0x70, 0x30, 0xB4, 0xAA, 0xC9,
    0x22, 0xA5, 0xBE, 0xA6, 0x8D, 0x0D, 0xA0, 0x13, 0xFB, 0x56, 0x12, 0x11, 0xBB, 0x16, 0xBD, 0x2E,
    0x27, 0xA4, 0xC5, 0xAF, 0x3A, 0xB4, 0xC1, 0xFC, 0x94, 0x4F, 0x0F, 0x83, 0xC9, 0x7D, 0xF6, 0xC7,
    0xBD, 0x29, 0x9C, 0x79, 0xA7, 0x3B, 0x53, 0xDA, 0xF2, 0x59, 0x7F, 0x76, 0x0F, 0x55, 0xE6, 0xEB,
    0x11, 0x3B, 0xF9, 0x77, 0xA8, 0x5B, 0x84, 0xA3, 0x43, 0x9E, 0xA1, 0xEF, 0x49, 0x0C, 0xC7, 0x11,
    0x2D, 0x85, 0x4A, 0x4E, 0xDE, 0xDD, 0x96, 0xD0, 0xBE, 0xC5, 0xB4, 0x3A, 0x00, 0xCE, 0xC1, 0x4C,
    0x38, 0xDD, 0xAD, 0xDF, 0xF4, 0x6A, 0x68, 0x75, 0xF7, 0x97, 0xD1, 0xC8, 0xCA, 0x1A, 0xA9, 0x78,
    0xCD, 0x8B, 0x2E, 0xCD, 0xB3, 0x0B, 0x4F, 0x4E, 0xF7, 0x1C, 0x1E, 0xBC, 0x53, 0x6B, 0xA3, 0x16,
    0x8F, 0x02, 0x0F, 0x5E, 0xCC, 0x27, 0xF0, 0xAF, 0x96, 0x21, 0xAC, 0x36, 0x36, 0x15, 0x56, 0x58,
    0xF6, 0x56, 0xE0, 0xE9, 0xE2, 0xB9, 0x62, 0x35, 0xF3, 0x23, 0xD9, 0x1C, 0xC4, 0x14, 0x9E, 0x28,
    0x9C, 0x98, 0xC2, 0x96, 0xD1, 0x47, 0xB5, 0xDC, 0xC5, 0xA6, 0x1C, 0x10, 0x49, 0x20, 0xB2, 0xC4,
    0x99, 0x15, 0x79, 0x20, 0x12, 0x41, 0x65, 0x8A, 0x52, 0x1D, 0x49, 0xA6, 0xB2, 0xE9, 0x23, 0x55,
    0x3E, 0x95, 0x50, 0x65, 0x14, 0x29, 0x21, 0x72, 0x42, 0x24, 0x85, 0xC8, 0x1A, 0x6D, 0x4B, 0x64,
    0x65, 0xDA, 0xAF, 0xED, 0x4B, 0xA4, 0x8E, 0x9D, 0x8B, 0xE4, 0xEA, 0x5D, 0xEC, 0x27, 0x96, 0xA9,
    0xE8, 0x7B, 0x8B, 0x29, 0x7B, 0xD5, 0xF1, 0x0E, 0xB7, 0x84, 0xEE, 0x4A, 0x87, 0x03, 0x77, 0xF8,
    0x6E, 0x00, 0xF4, 0x6D, 0x35, 0x14, 0x1F, 0x5A, 0xE0, 0x6F, 0x5D, 0x58, 0xBF, 0xFB, 0x04, 0x54,
    0x6B, 0xE3, 0xBF, 0x4F, 0xB1, 0xF2, 0x02, 0x75, 0x04, 0xA7, 0x9B, 0xEF, 0xDF, 0x8B, 0x2B, 0x90,
    0x1E, 0x29, 0x9D, 0xA7, 0x0B, 0x13, 0x40, 0xA0, 0x94, 0x18, 0x66, 0x56, 0xDA, 0x9C, 0xAC, 0xD0,
    0xB8, 0x64, 0x95, 0xF2, 0x61, 0x58, 0xBA, 0xCA, 0x18, 0xB2, 0x89, 0xC1, 0x2D, 0x30, 0xA2, 0x75,
    0x99, 0x7E, 0xF1, 0x36, 0x1F, 0x8A, 0x90, 0xCC, 0x28, 0x82, 0x09, 0xF9, 0x04, 0x13, 0x4C, 0x5F,
    0x85, 0x05, 0xCA, 0xDB, 0xE4, 0x50, 0xF6, 0x25, 0x71, 0x18, 0xEA, 0xAA, 0xF7, 0x44, 0x90, 0xF8,
    0x4E, 0x78, 0xED, 0x18, 0xE2, 0x2E, 0xB0, 0x6D, 0x35, 0xBF, 0x11, 0xC3, 0x3E, 0x16, 0x28, 0x35,
    0x9A, 0x9F, 0xD5, 0x10, 0xBB, 0xAD, 0x31, 0x76, 0x57, 0xC3, 0xAB, 0x9E, 0xAF, 0xE5, 0x23, 0x32,
    0x29, 0x04, 0x91, 0xDF, 0xBD, 0xEF, 0x93, 0xC8, 0x7B, 0xD9, 0x37, 0x91, 0xD2, 0xA4, 0xDB, 0x5E,
    0xC5, 0x5C, 0x1E, 0x9E, 0x20, 0x8F, 0x94, 0x5A, 0xAB, 0x07, 0x83, 0x93, 0xC6, 0xE3, 0x3A, 0x00,
    0x12, 0x22, 0x07, 0x20, 0x67, 0x9C, 0xE2, 0x01, 0x27, 0x29, 0x1E, 0x90, 0x93, 0xCF, 0xC7, 0xA6,
    0x83, 0x19, 0x90, 0x06, 0x19, 0x15, 0xB2, 0x60, 0x26, 0x39, 0xBB, 0xE9, 0x32, 0x51, 0x53, 0xE9,
    0x13, 0xFA, 0xA9, 0x95, 0xEC, 0x0B, 0xB7, 0xD4, 0xA3, 0x26, 0x87, 0x7A, 0x96, 0x2A, 0x2A, 0xA5,
    0x41, 0xD5, 0x7F, 0x7B, 0x62, 0x48, 0xE7, 0x4C, 0xD0, 0x0C, 0xE9, 0xAC, 0xD3, 0x91, 0x50, 0x4C,
    0x67, 0x8C, 0x4C, 0x8E, 0xE3, 0xAC, 0x8A, 0x49, 0x57, 0x7A, 0x7F, 0x31, 0x31, 0x56, 0xB7, 0xDA,
    0x1E, 0x1A, 0xC3, 0xED, 0xE6, 0x4B, 0xB6, 0x72, 0x15, 0xEE, 0x5C, 0xF1, 0xBA, 0x45, 0xFD, 0x51,
    0xF8, 0x44, 0x12, 0xD8, 0x1C, 0x9E, 0xC4, 0x2E, 0xB6, 0x4F, 0x77, 0x2F, 0x63, 0x07, 0x5B, 0xF0,
    0x2F, 0xA2, 0xC2, 0x29, 0xE7, 0xAF, 0xA0, 0x74, 0x48, 0x16, 0x30, 0x7E, 0x0D, 0xE9, 0x1A, 0xDE,
    0x60, 0xC8, 0x3F, 0xB8, 0x75, 0xAE, 0xF4, 0xC9, 0x9F, 0xBA, 0x97, 0x9F, 0xBF, 0xEA, 0x4F, 0x66,
    0xEE, 0x65, 0x34, 0xF6, 0x91, 0xCC, 0xBD, 0x82, 0x1A, 0x8F, 0x33, 0x90, 0x7B, 0x24, 0x77, 0x4F,
    0xA5, 0xEF, 0x7A, 0xB3, 0x80, 0x79, 0xDA, 0x27, 0x1F, 0xB8, 0xED, 0x21, 0xF5, 0x28, 0x3E, 0xB8,
    0x8E, 0xCC, 0xA2, 0xB0, 0x5B, 0x38, 0x05, 0x98, 0x05, 0x1E, 0x63, 0x10, 0x1B, 0x3E, 0x0E, 0x3B,
    0x77, 0xC1, 0xB6, 0x4A, 0xBF, 0xC5, 0xC0, 0x0B, 0x11, 0x99, 0xCA, 0x1E, 0x38, 0x0A, 0x72, 0x4F,
    0xC4, 0x45, 0xC3, 0x0D, 0xD6, 0x05, 0x54, 0x39, 0x07, 0xF1, 0x14, 0x8B, 0xE3, 0x5E, 0xA3, 0xB5,
    0x9E, 0xA9, 0x80, 0xC2, 0x03, 0x9F, 0xA9, 0xAC, 0x2C, 0x64, 0x9F, 0x5A, 0x08, 0xF7, 0x71, 0xEB,
    0xAA, 0xC3, 0x24, 0x35, 0x9F, 0x4F, 0x06, 0xF6, 0x52, 0xE3, 0xB3, 0x9E, 0x9F, 0x68, 0x16, 0x8E,
    0xF7, 0x93, 0xCB, 0xBE, 0x02, 0x40, 0xA1, 0x1D, 0x2E, 0x42, 0xAF, 0x51, 0x21, 0x0D, 0x8A, 0x79,
    0xD7, 0x8C, 0x8C, 0xE6, 0xD2, 0xDC, 0x32, 0xD6, 0x79, 0xA8, 0x2C, 0x0B, 0x51, 0xF4, 0x67, 0xA4,
    0x14, 0xCD, 0x83, 0x16, 0x9C, 0xD9, 0x8A, 0xB1, 0xF0, 0x29, 0x39, 0x80, 0x85, 0x68, 0x02, 0x47,
    0x4E, 0x35, 0x37, 0x4C, 0x78, 0x88, 0xCD, 0x39, 0x1D, 0xB0, 0x8B, 0x49, 0x4A, 0xD7, 0xEB, 0x89,
    0x1E, 0x70, 0x35, 0xBF, 0x32, 0xE8, 0x1B, 0x81, 0xEB, 0xE5, 0xB2, 0x4E, 0xEC, 0xB2, 0xD2, 0xE1,
    0x61, 0xB2, 0x36, 0x92, 0x0B, 0xE2, 0xDA, 0xE6, 0xF8, 0x97, 0xC6, 0x50, 0x8A, 0xAA, 0xAA, 0x63,
    0x05, 0xCC, 0x7D, 0xE7, 0xE5, 0x5C, 0x83, 0xF8, 0x79, 0x9F, 0xDE, 0x57, 0x73, 0xA1, 0xBB, 0x2B,
    0xA6, 0x93, 0xE2, 0x62, 0xA5, 0x94, 0x92, 0x95, 0x38, 0x58, 0xAD, 0xD4, 0xE6, 0x4C, 0xA5, 0xEA,
    0x6D, 0x84, 0x82, 0xBF, 0x90, 0xF6, 0x92, 0x45, 0x2A, 0xDB, 0x77, 0x84, 0x8C, 0x06, 0x95, 0x94,
    0xC8, 0x15, 0x34, 0xA1, 0xA1, 0x0E, 0xE9, 0xEA, 0x82, 0x37, 0xEF, 0xCD, 0xA0, 0xE7, 0x03, 0xB2,
    0xA1, 0xE8, 0x2B, 0xD7, 0x80, 0x8F, 0xF0, 0xB3, 0x90, 0x87, 0xDA, 0xD6, 0xC9, 0x98, 0x8E, 0xF2,
    0xED, 0xF5, 0x1A, 0xD5, 0x33, 0x43, 0x32, 0xA1, 0x58, 0xF3, 0x58, 0xF8, 0x4E, 0xF8, 0xD7, 0xC2,
    0x3D, 0xF8, 0x01, 0x77, 0xDF, 0x7F, 0xF4, 0x9C, 0x91, 0x75, 0xDE, 0xD7, 0x58, 0x9E, 0x2F, 0x7C,
    0xDE, 0x55, 0x4B, 0x5F, 0x53, 0x3A, 0x20, 0x1D, 0x8C, 0x2F, 0xFD, 0x1E, 0xA6, 0x2C, 0x20, 0x99,
    0x4A, 0x6F, 0xBA, 0x09, 0x37, 0xF2, 0x1E, 0x98, 0x6B, 0x5B, 0xFC, 0xF9, 0x88, 0xFA, 0xF3, 0x1E,
    0x68, 0x66, 0x29, 0xBB, 0x4A, 0xB2, 0xBA, 0x25, 0x4A, 0x9D, 0x1C, 0x3B, 0xFD, 0x38, 0xD1, 0xAF,
    0x7D, 0x89, 0xE6, 0xF3, 0x2D, 0xBD, 0x67, 0x5B, 0xBA, 0x73, 0xB9, 0x76, 0x38, 0xCD, 0x94, 0x0E,
    0x73, 0x72, 0x0F, 0xC9, 0x89, 0x5A, 0x72, 0xFE, 0xD8, 0xCB, 0xA8, 0x7B, 0x00, 0x2E, 0xAE, 0xBF,
    0xE4, 0x2D, 0x45, 0xFF, 0xA4, 0x66, 0x54, 0xFC, 0x65, 0x3C, 0xD2, 0x4C, 0x5F, 0xE3, 0x29, 0x77,
    0xB1, 0x58, 0xAC, 0xD7, 0xF5, 0xE2, 0x75, 0x2D, 0x19, 0x75, 0x59, 0xA3, 0xD1, 0x46, 0x98, 0x1E,
    0x85, 0x8F, 0x4C, 0xE9, 0x62, 0xA9, 0x5A, 0xAF, 0x63, 0xFB, 0x54, 0x93, 0xEC, 0x42, 0x26, 0xFA,
    0x7A, 0x77, 0xED, 0xB2, 0x7E, 0x6F, 0x9F, 0xF7, 0x00, 0x9C, 0x61, 0x6F, 0xB6, 0x9F, 0xA6, 0xEF,
    0x55, 0x36, 0xA0, 0x44, 0x43, 0x33, 0x4B, 0xB6, 0x85, 0x28, 0xD5, 0x18, 0x8D, 0x3B, 0x09, 0x50,
    0xA9, 0x32, 0xC9, 0x50, 0x5E, 0x24, 0x53, 0xA9, 0x4A, 0x40, 0xA5, 0xDA, 0x16, 0x0B, 0x8F, 0x8D,
    0xB2, 0x75, 0xA3, 0x22, 0x36, 0x12, 0xA9, 0x8C, 0xDF, 0x6C, 0x34, 0xA9, 0xC9, 0xFF, 0x08, 0xD5,
    0xC2, 0xF1, 0x43, 0xD4, 0x62, 0x6E, 0xAD, 0x20, 0x6A, 0xA9, 0x7D, 0x0B, 0x51, 0x4B, 0x63, 0x6B,
    0x55, 0x0B, 0xA1, 0x76, 0xA2, 0x16, 0x66, 0x44, 0xAA, 0x59, 0x98, 0x34, 0xC8, 0x27, 0x22, 0x15,
    0xA1, 0xB5, 0xEA, 0x9F, 0xDF, 0x26, 0x1D, 0x61, 0x49, 0xA4, 0x6A, 0x49, 0xCE, 0xCD, 0x51, 0x2D,
    0xC9, 0xA4, 0x6A, 0x39, 0x97, 0x8D, 0xA2, 0x96, 0xB4, 0xCF, 0x83, 0xA8, 0x25, 0x0B, 0x65, 0x27,
    0x8D, 0xD2, 0xB9, 0xB5, 0x3A, 0xEC, 0x76, 0xC4, 0xBD, 0xAE, 0xB5, 0x8A, 0x36, 0xB5, 0xB4, 0xA1,
    0x28, 0x6C, 0xE8, 0x0A, 0x9B, 0xEA, 0xDA, 0xD4, 0xD8, 0xA6, 0xD2, 0x36, 0xF5, 0xB6, 0xA9, 0xBA,
    0x4D, 0xED, 0x6D, 0x2A, 0x70, 0x53, 0x87, 0x51, 0x8D, 0x28, 0x3D, 0xAA, 0x59, 0x35, 0x89, 0xD6,
    0x25, 0x73, 0xEB, 0x45, 0x99, 0xA7, 0xC9, 0xE6, 0xC1, 0xF4, 0xAC, 0xCF, 0xB7, 0xE6, 0x16, 0xA6,
    0x2B, 0x82, 0xA8, 0xF4, 0x0A, 0xA1, 0xF2, 0xF9, 0xA0, 0xC6, 0x46, 0x1C, 0x48, 0x06, 0x1D, 0xC8,
    0x8C, 0x16, 0xCC, 0xA7, 0x81, 0x63, 0x0E, 0x09, 0x9F, 0x77, 0x48, 0x59, 0xE7, 0xC5, 0x20, 0x1A,
    0xCE, 0x26, 0x29, 0x24, 0x64, 0x20, 0xD9, 0x98, 0xAC, 0x60, 0x82, 0x0C, 0x24, 0x1F, 0x98, 0xEF,
    0x65, 0x20, 0xC2, 0x97, 0x5E, 0x06, 0x52, 0x84, 0x85, 0xAF, 0x1D, 0x2B, 0x9C, 0x6F, 0x9D, 0xD1,
    0x88, 0xCE, 0x99, 0x6F, 0x13, 0x89, 0x65, 0x38, 0xD9, 0xDE, 0x72, 0xF5, 0x07, 0x41, 0x24, 0x30,
    0x44, 0x7C, 0xB8, 0xF0, 0x43, 0x74, 0xBF, 0x1B, 0xF5, 0x3E, 0xAA, 0xCE, 0xB3, 0xA0, 0xFA, 0x2E,
    0xBC, 0xEA, 0xBA, 0x74, 0x51, 0xCF, 0x51, 0xC7, 0x07, 0x51, 0xBF, 0x43, 0xD4, 0x6D, 0xAF, 0xBA,
    0x34, 0x5E, 0xB1, 0xB2, 0xAA, 0xCF, 0x3D, 0x3C, 0xA7, 0xBA, 0x2C, 0xC5, 0x51, 0xD3, 0xD0, 0xFE,
    0xF2, 0x84, 0xDA, 0xE5, 0xDF, 0x5A, 0x25, 0x2B, 0xD1, 0xDF, 0x32, 0xD4, 0x45, 0x77, 0x35, 0xDE,
    0x4C, 0x56, 0x0D, 0xCD, 0xBC, 0x79, 0x19, 0xFD, 0xB3, 0x18, 0x44, 0x88, 0xFB, 0x1A, 0x27, 0x56,
    0x55, 0x8E, 0xEA, 0x6B, 0x3F, 0xDE, 0xBA, 0xE8, 0x6A, 0xE1, 0x6E, 0x21, 0x8A, 0x81, 0x85, 0x78,
    0x02, 0x45, 0x60, 0x21, 0x76, 0x60, 0x02, 0x0B, 0x51, 0xDB, 0x8A, 0x85, 0x40, 0x75, 0x9B, 0xAC,
    0xE4, 0x1C, 0x1A, 0x70, 0x74, 0x3D, 0x17, 0xB1, 0xA2, 0x4E, 0xB2, 0x15, 0x88, 0xF3, 0x10, 0x5B,
    0xEC, 0x94, 0x4D, 0xF2, 0xF8, 0x74, 0x4C, 0x27, 0x7D, 0x7E, 0x48, 0x27, 0x19, 0x25, 0xFF, 0x53,
    0x87, 0x89, 0x6C, 0xD0, 0x71, 0xA2, 0xE8, 0xB9, 0x0F, 0x8D, 0x20, 0x93, 0x30, 0xF5, 0xDA, 0x68,
    0x39, 0xEA, 0x43, 0x83, 0x8C, 0xF1, 0x0F, 0x43, 0xBA, 0xA9, 0x73, 0x1A, 0xF9, 0xE9, 0x6F, 0x5C,
    0xAC, 0xDE, 0x23, 0x7E, 0x68, 0x3F, 0x36, 0xB6, 0xB1, 0xE6, 0xF7, 0xBE, 0xF8, 0xBB, 0x61, 0x0F,
    0x0B, 0x4B, 0xF4, 0x9D, 0xEE, 0x09, 0x34, 0x1C, 0x7C, 0xFF, 0xC8, 0x01, 0xA4, 0x4F, 0x94, 0x4C,
    0xC5, 0xED, 0x92, 0x17, 0x7A, 0x80, 0xA5, 0xCA, 0x67, 0x40, 0xB5, 0x74, 0x55, 0xF4, 0x1F, 0x5F,
    0x54, 0x13, 0xA9, 0x52, 0x66, 0xF6, 0x10, 0x5B, 0x4D, 0x28, 0x6C, 0xCC, 0xBD, 0xC6, 0x65, 0x9A,
    0x7C, 0x4D, 0x17, 0x6D, 0xAF, 0x98, 0x49, 0x1D, 0x35, 0xA1, 0xD5, 0xBD, 0x7D, 0xF3, 0xC8, 0x2F,
    0xA3, 0x4F, 0x46, 0x7F, 0x8C, 0xBE, 0x78, 0xCC, 0x3E, 0xAE, 0x6F, 0xF8, 0x5F, 0xF4, 0xBD, 0xE8,
    0x77, 0xD1, 0xE7, 0x36, 0xFC, 0x4D, 0xED, 0x83, 0x62, 0x20, 0x9F, 0xC5, 0xC7, 0x76, 0xF6, 0x6F,
    0x48, 0xBC, 0x7A, 0x05, 0x9F, 0x12, 0xDF, 0x7A, 0x03, 0xF7, 0x8B, 0x5F, 0xA9, 0x56, 0xA7, 0xA4,
    0x63, 0x48, 0x43, 0xFA, 0xC1, 0x2C, 0xCA, 0xD5, 0x22, 0xC1, 0xF8, 0xC4, 0x1A, 0x99, 0x41, 0x15,
    0xE6, 0x3A, 0xE3, 0xC4, 0x42, 0x24, 0x8C, 0x59, 0x40, 0xC9, 0x9F, 0x17, 0x9D, 0xF8, 0x26, 0x0B,
    0x51, 0xF9, 0xB2, 0xE7, 0xDB, 0xCD, 0x4C, 0x0E, 0x3C, 0x2C, 0x3A, 0xBC, 0x97, 0x7D, 0xA4, 0x7D,
    0xB4, 0x8F, 0xBC, 0x8B, 0xF6, 0x61, 0xBC, 0xDA, 0x07, 0x2A, 0xB5, 0x8F, 0x18, 0xC0, 0x98, 0x19,
    0x99, 0x91, 0xF4, 0xAF, 0xF6, 0x21, 0x7E, 0x2A, 0x2D, 0x34, 0xDA, 0xD4, 0xEB, 0x88, 0x25, 0x86,
    0x20, 0x43, 0x10, 0x33, 0x13, 0xFB, 0xC8, 0x02, 0xD1, 0xC0, 0xF6, 0x61, 0xFC, 0xC2, 0xB0, 0x7D,
    0x54, 0x4F, 0xDF, 0xDA, 0x0F, 0x8B, 0x7D, 0x74, 0x3B, 0xA9, 0xC7, 0x1B, 0x0D, 0x51, 0x37, 0x65,
    0x0E, 0xE7, 0x5A, 0xA2, 0xB7, 0x87, 0xDC, 0xC6, 0x8D, 0xC0, 0x02, 0xD1, 0x06, 0xCD, 0xD5, 0x9B,
    0x22, 0x35, 0x7B, 0x3D, 0x64, 0xEA, 0xEE, 0x43, 0xE3, 0xA5, 0x33, 0xAD, 0x94, 0xB2, 0xA0, 0xDA,
    0x67, 0xA9, 0x1E, 0x64, 0x86, 0xA5, 0x1A, 0x11, 0xC3, 0xF5, 0x24, 0x15, 0xD4, 0x81, 0x84, 0x2D,
    0x2B, 0x33, 0xD8, 0x7C, 0xB0, 0xD2, 0x46, 0xF1, 0x45, 0x8B, 0xE3, 0xFA, 0x61, 0xE7, 0x46, 0xEE,
    0x01, 0xF6, 0x6E, 0x36, 0x85, 0x84, 0xDD, 0x5B, 0x2C, 0x6A, 0x64, 0xE6, 0x3A, 0xC0, 0x0E, 0xAE,
    0xD6, 0x10, 0x67, 0x42, 0x5C, 0x56, 0xEC, 0x41, 0x7C, 0xBC, 0x94, 0x80, 0x31, 0x6A, 0xE6, 0x14,
    0x2F, 0x9F, 0xF4, 0xD1, 0x21, 0x1D, 0x62, 0x30, 0xCF, 0x7B, 0x65, 0x06, 0xF3, 0x36, 0x51, 0xCF,
    0x9E, 0x5E, 0xF1, 0xB4, 0xB3, 0xAB, 0xEF, 0xE5, 0xEF, 0xBF, 0xDE, 0xB1, 0xAF, 0x4F, 0x05, 0x12,
    0xBF, 0x38, 0xFB, 0xB3, 0xC1, 0x00, 0x36, 0xA7, 0x21, 0xEF, 0x4E, 0x45, 0xB5, 0xB8, 0x4F, 0x29,
    0x53, 0xE3, 0x89, 0xF6, 0x8A, 0x26, 0xF7, 0x5A, 0x57, 0xEE, 0x23, 0x1E, 0x02, 0x21, 0xAA, 0x45,
    0xE2, 0x8D, 0xD7, 0xD5, 0x22, 0x4B, 0x75, 0x4E, 0x18, 0xF1, 0xE7, 0xC6, 0x02, 0x22, 0x7B, 0x2B,
    0x8E, 0xC4, 0x21, 0x5B, 0x1C, 0x29, 0xA1, 0x0F, 0x47, 0xF5, 0xBE, 0xEA, 0x1E, 0x21, 0xD6, 0x04,
    0xB5, 0x1F, 0xD4, 0x7D, 0x4C, 0x61, 0x6D, 0xA7, 0x2D, 0x52, 0xF2, 0x6A, 0x3F, 0xC5, 0x55, 0xAF,
    0xF6, 0x73, 0xA6, 0xF6, 0x3A, 0x53, 0xBB, 0xB5, 0x8B, 0xF5, 0x46, 0x63, 0xB5, 0xDE, 0xF0, 0x6D,
    0x0C, 0xF2, 0x20, 0xB5, 0x9F, 0x6D, 0x66, 0x0E, 0xA0, 0xEF, 0x4B, 0x8A, 0xFD, 0xBC, 0xF4, 0xFA,
    0xFC, 0x0D, 0xB1, 0x1F, 0x0D, 0x53, 0xCC, 0x64, 0x13, 0xC4, 0x7E, 0x98, 0x11, 0xFB, 0xC1, 0xD5,
    0xD9, 0x89, 0xFD, 0x24, 0x44, 0x97, 0x7E, 0x94, 0xF6, 0xF3, 0xA3, 0xAA, 0x8F, 0xD0, 0x8E, 0x9A,
    0xD5, 0xB3, 0x79, 0xD6, 0xFA, 0xC8, 0x74, 0xB5, 0xD6, 0x47, 0xB5, 0xAB, 0x21, 0x01, 0xA7, 0xC5,
    0x63, 0x5A, 0x36, 0xC6, 0x90, 0x38, 0x49, 0x40, 0x65, 0xA9, 0x32, 0x09, 0x97, 0x12, 0x74, 0xAE,
    0x0E, 0xA2, 0xB0, 0x7C, 0xD4, 0x9D, 0x6D, 0x14, 0x41, 0xEE, 0xBA, 0x1E, 0x99, 0x64, 0x14, 0x46,
    0xB3, 0x69, 0xC8, 0x26, 0x51, 0x58, 0x1E, 0xB2, 0x41, 0xEB, 0xA3, 0xD1, 0x04, 0x1D, 0x0A, 0x17,
    0x16, 0x90, 0xC0, 0x3D, 0xDF, 0x7D, 0x3E, 0x38, 0xA9, 0xD9, 0x34, 0xCC, 0xF0, 0x80, 0x6E, 0xED,
    0x4F, 0x9A, 0xA8, 0x7A, 0x3C, 0x25, 0xAE, 0x92, 0x74, 0x78, 0x48, 0x9A, 0xA6, 0x1E, 0x62, 0x94,
    0xC8, 0x98, 0x61, 0x57, 0xC9, 0xAE, 0x1E, 0xAA, 0x89, 0x15, 0x44, 0x1E, 0x15, 0xFB, 0x19, 0xAA,
    0x5E, 0xD4, 0x2C, 0x9A, 0x1A, 0xA3, 0x5B, 0x89, 0xC6, 0x3E, 0xB6, 0x30, 0x45, 0x97, 0x93, 0xDB,
    0x86, 0x09, 0x86, 0xCB, 0x86, 0x3D, 0x98, 0xBE, 0xC6, 0x9C, 0x0D, 0x8D, 0xAD, 0xFD, 0xF5, 0x6C,
    0x4A, 0x43, 0x7D, 0x9B, 0x78, 0xA5, 0x97, 0xB8, 0x9C, 0x86, 0x2C, 0x98, 0xE8, 0x8D, 0xBE, 0xEC,
    0xA0, 0x71, 0xAB, 0xFA, 0x70, 0x15, 0xDF, 0x86, 0xBC, 0x45, 0x16, 0x6A, 0x07, 0xB5, 0x17, 0xA9,
    0x1A, 0x5B, 0x76, 0x22, 0x95, 0x30, 0x52, 0x51, 0x82, 0x99, 0x0A, 0x68, 0x6C, 0xE5, 0xC5, 0x00,
    0x6A, 0xCB, 0x8E, 0x26, 0xFB, 0xB7, 0x6D, 0x5C, 0xD0, 0xDE, 0x5E, 0x89, 0xC6, 0x90, 0x52, 0x7F,
    0x2F, 0xAB, 0x39, 0x1B, 0x8D, 0xE6, 0x40, 0x6D, 0x26, 0x19, 0xD4, 0x64, 0xB2, 0x3E, 0x5A, 0x8C,
    0x57, 0x83, 0xA9, 0xAC, 0xDA, 0xCB, 0x9E, 0x9A, 0x0B, 0x26, 0xD5, 0x41, 0x1A, 0xD3, 0x52, 0xBE,
    0x59, 0xBE, 0x88, 0xA9, 0x3C, 0x2C, 0x96, 0x72, 0xB1, 0xA0, 0xC0, 0xD6, 0x3C, 0x36, 0xBF, 0x3F,
    0xB1, 0x9D, 0x04, 0xE2, 0x4A, 0xCB, 0x15, 0xDF, 0x5A, 0xA1, 0x5D, 0xAC, 0xA4, 0x7C, 0x75, 0xC2,
    0x8D, 0x86, 0xE6, 0x3A, 0x99, 0x31, 0x89, 0x10, 0xF4, 0xEC, 0x20, 0x42, 0x34, 0xE4, 0x20, 0xF9,
    0x86, 0x20, 0x42, 0xB4, 0xD4, 0xB1, 0x10, 0xF9, 0x50, 0x07, 0x16, 0xA2, 0xEC, 0xCC, 0xA0, 0x0A,
    0xCA, 0x46, 0xA4, 0x03, 0x3F, 0x7A, 0x40, 0xDE, 0x33, 0x06, 0xFD, 0xD2, 0x5C, 0xA1, 0x69, 0xE9,
    0xB0, 0xF5, 0x3C, 0x63, 0x09, 0x1D, 0xDE, 0x2B, 0xEC, 0x16, 0x2E, 0x86, 0xDD, 0xCA, 0xC6, 0xB0,
    0xBB, 0xB7, 0x0E, 0xBB, 0x53, 0x0C, 0xBB, 0x69, 0x88, 0x61, 0x37, 0xEF, 0x62, 0xD8, 0x35, 0x2E,
    0x86, 0xDD, 0x1A, 0x31, 0xEC, 0x5E, 0x5F, 0x87, 0xDD, 0xF5, 0x51, 0x8A, 0x3A, 0x12, 0x9B, 0x85,
    0xBF, 0xCF, 0x4A, 0xAB, 0xF2, 0x12, 0x4D, 0x52, 0x60, 0xD5, 0xE5, 0x47, 0xAD, 0x54, 0x58, 0x07,
    0x35, 0xFB, 0x8B, 0xAD, 0xBE, 0x35, 0xF0, 0x2C, 0x72, 0xD8, 0xED, 0x1B, 0x54, 0x6C, 0x1F, 0xC6,
    0x37, 0x4E, 0x73, 0xBB, 0xAD, 0xBB, 0x95, 0x4C, 0x96, 0x8A, 0xCB, 0x52, 0xE5, 0x24, 0xC6, 0x1A,
    0x50, 0xD1, 0x20, 0x8E, 0x94, 0xAC, 0xCC, 0xA4, 0x8E, 0x34, 0xE8, 0x1B, 0x94, 0x5A, 0xD2, 0xB2,
    0x54, 0xA6, 0x87, 0x54, 0xA5, 0xCC, 0xAC, 0x1D, 0x29, 0xD5, 0x85, 0x46, 0x36, 0x5F, 0x08, 0x1A,
    0x0F, 0x9B, 0xD9, 0x1E, 0x77, 0x9B, 0xC2, 0x46, 0xB7, 0xA9, 0x11, 0xDD, 0xE6, 0x3A, 0xA2, 0xDB,
    0x8C, 0xD1, 0x6D, 0xB2, 0x10, 0xDD, 0xA6, 0xF0, 0xD1, 0x6D, 0x4A, 0x17, 0xDD, 0xA6, 0x46, 0x74,
    0x9B, 0x83, 0xE8, 0x36, 0xC9, 0x10, 0xDD, 0x26, 0xEB, 0xA3, 0x5A, 0x0C, 0xAB, 0x85, 0xDD, 0xA6,
    0x7A, 0x86, 0x26, 0xB0, 0xDB, 0xEC, 0xB1, 0x5A, 0xD8, 0x6D, 0x26, 0x56, 0x4B, 0x63, 0xEB, 0xB7,
    0x03, 0xAB, 0x65, 0x71, 0x9B, 0xBC, 0x3B, 0xAE, 0x96, 0x1A, 0x51, 0x2D, 0xD7, 0xD7, 0x6A, 0x19,
    0xA3, 0x5A, 0xB2, 0xB5, 0x5A, 0x0A, 0x51, 0x8B, 0x48, 0x75, 0x5C, 0x2D, 0x07, 0x51, 0x2D, 0xC9,
    0xB0, 0x56, 0x4B, 0x1F, 0xD5, 0x62, 0x7C, 0x54, 0x4B, 0x65, 0x8F, 0xA9, 0x45, 0x96, 0xCA, 0xC6,
    0x32, 0x4A, 0x28, 0xE4, 0x85, 0x32, 0xEB, 0x84, 0xD7, 0xC9, 0x1C, 0x3D, 0x03, 0xCA, 0x18, 0x3C,
    0xB7, 0x62, 0xEC, 0x1C, 0x35, 0x29, 0x27, 0x41, 0xAD, 0x24, 0xEB, 0x30, 0x69, 0x22, 0x8D, 0x85,
    0x0A, 0x44, 0x17, 0x3C, 0x74, 0x9F, 0x9C, 0xE3, 0xDB, 0x2B, 0xDB, 0x12, 0xDF, 0xBE, 0x97, 0xAF,
    0x2E, 0x78, 0xBE, 0x9D, 0x77, 0x44, 0x8D, 0x4F, 0x43, 0xD9, 0x15, 0xA1, 0x44, 0xDE, 0x95, 0xBE,
    0xE0, 0x74, 0xED, 0xCA, 0xE5, 0x53, 0x19, 0xCE, 0x50, 0x5B, 0x56, 0x81, 0xD4, 0xC3, 0x5C, 0xA5,
    0x51, 0xD0, 0x29, 0x26, 0x75, 0xFC, 0xE6, 0x59, 0xE2, 0xE1, 0xF3, 0x9A, 0xC9, 0xEA, 0xEE, 0x4C,
    0xED, 0x30, 0xB1, 0x43, 0xD7, 0x36, 0x19, 0x04, 0xC5, 0xD3, 0x27, 0xF0, 0xDB, 0xC8, 0x5C, 0x9E,
    0x4D, 0x32, 0xF0, 0x92, 0x2E, 0xDF, 0x2B, 0xC7, 0xC4, 0x0C, 0xA3, 0xF9, 0x25, 0x66, 0x97, 0x98,
    0x5B, 0x62, 0x66, 0x89, 0x79, 0x25, 0x66, 0x95, 0x98, 0x53, 0x62, 0x46, 0x89, 0xF9, 0x44, 0x43,
    0x44, 0xCC, 0x25, 0x71, 0x7D, 0xA8, 0x79, 0x04, 0x9A, 0x45, 0xA0, 0x39, 0x04, 0x9A, 0x41, 0xE4,
    0x5A, 0x67, 0x0F, 0x81, 0xBC, 0xFB, 0x01, 0xA7, 0xB6, 0xE2, 0x82, 0xD2, 0xE7, 0xF1, 0xC3, 0x5B,
    0xE9, 0xF3, 0xF8, 0xF1, 0x2E, 0x92, 0xFD, 0xCB, 0x40, 0xC5, 0xAA, 0xA2, 0xEF, 0x92, 0x93, 0x6F,
    0x72, 0x64, 0x23, 0xCA, 0x90, 0x07, 0x98, 0x21, 0x0D, 0xBA, 0xE7, 0x56, 0x4C, 0x77, 0x93, 0x71,
    0x4D, 0x8C, 0xAE, 0xDC, 0xC4, 0xD7, 0xD7, 0x87, 0xA6, 0x8D, 0x3F, 0x0B, 0x90, 0x6D, 0x90, 0xC8,
    0x8A, 0x75, 0x42, 0xEB, 0xAA, 0xC0, 0xE1, 0xDC, 0xA1, 0x20, 0x6E, 0x74, 0x1E, 0x9B, 0x97, 0x18,
    0x2C, 0xC7, 0x9F, 0xFA, 0xC3, 0x41, 0x2D, 0x6E, 0x95, 0x4E, 0xA2, 0xE8, 0x74, 0x1D, 0x7F, 0x72,
    0x36, 0xD8, 0x54, 0xF5, 0x37, 0x23, 0xEF, 0x44, 0x75, 0x33, 0x8C, 0x13, 0xE5, 0xCD, 0xA8, 0x55,
    0x7D, 0x33, 0xAE, 0x2B, 0xB3, 0xC2, 0x28, 0x9A, 0x4C, 0xA7, 0x2C, 0xA8, 0x4A, 0xA7, 0x82, 0xAD,
    0x8B, 0x03, 0x64, 0xF9, 0xAA, 0xAC, 0x0D, 0x8A, 0x50, 0x17, 0x87, 0x8D, 0xAF, 0xBD, 0xE9, 0x0E,
    0x4C, 0x6F, 0xFA, 0xB2, 0xAB, 0x9F, 0x1E, 0x8C, 0x37, 0x7D, 0x71, 0x6B, 0x95, 0xF5, 0x85, 0x33,
    0x7D, 0x42, 0x62, 0x5F, 0x55, 0x87, 0xE8, 0x07, 0x0E, 0x22, 0xD5, 0x17, 0xC7, 0xA8, 0x3D, 0xEA,
    0xE2, 0x54, 0x3C, 0x3F, 0xAD, 0x27, 0x23, 0xC6, 0x69, 0xCE, 0x47, 0xA2, 0x67, 0x6D, 0x75, 0x1D,
    0x49, 0x2F, 0x9F, 0x8C, 0x5A, 0xF6, 0x31, 0xCD, 0xC6, 0x74, 0x96, 0x89, 0x49, 0xA8, 0x1D, 0x63,
    0xFC, 0xD9, 0x2C, 0xFB, 0xFE, 0x0F, 0xB3, 0xFF, 0xFF, 0x9F, 0x01, 0x84, 0xEB, 0xFF, 0xFF, 0x63,
    0x00, 0x01, 0x00, 0x62, 0x40, 0x01, 0x6C, 0x2B, 0x01, 0xED, 0x96, 0x21, 0xAC, 0xD4, 0x4C, 0x14,
    0x85, 0xEF, 0xEE, 0x26, 0x7F, 0x45, 0x93, 0xBF, 0x0A, 0x85, 0xA8, 0x46, 0xD5, 0xE2, 0x3A, 0x5E,
    0x3D, 0xC1, 0x6A, 0x0C, 0xE2, 0x09, 0x12, 0xBC, 0x6A, 0xBD, 0x43, 0xE0, 0x3D, 0x1A, 0xDF, 0x3A,
    0x04, 0xA6, 0xE6, 0xF9, 0x12, 0x9E, 0xCF, 0x88, 0x92, 0x3C, 0x48, 0xB7, 0x97, 0xDB, 0x73, 0x67,
    0x8E, 0xD8, 0x07, 0x38, 0x14, 0xBC, 0xDC, 0xD0, 0x33, 0xB3, 0x9B, 0xE9, 0xB9, 0xE7, 0x9B, 0xBD,
    0x41, 0x4A, 0xED, 0x77, 0xD5, 0xE9, 0xD8, 0x69, 0x34, 0x71, 0xD8, 0x5E, 0xCE, 0x97, 0xE2, 0xC1,
    0xD4, 0x69, 0x29, 0xBE, 0x3C, 0x9C, 0x76, 0x55, 0xC5, 0xD3, 0xA7, 0x78, 0x5A, 0x4C, 0xD5, 0xB3,
    0x2D, 0x8E, 0xBD, 0xA9, 0x66, 0xB4, 0x05, 0x0E, 0x69, 0x47, 0x69, 0x26, 0x57, 0xBD, 0x2D, 0xA0,
    0x86, 0x77, 0xE7, 0xEE, 0x2E, 0x98, 0x78, 0xA3, 0xFB, 0xDF, 0xB4, 0x6F, 0x41, 0xE1, 0x63, 0xB5,
    0x55, 0xC0, 0xF7, 0x36, 0x5B, 0x40, 0x1C, 0x2E, 0x59, 0x1D, 0x57, 0x6C, 0xEF, 0x06, 0x56, 0x6C,
    0x43, 0xD9, 0x36, 0x94, 0x39, 0x3B, 0xB9, 0x2A, 0x17, 0xAA, 0xB8, 0x6F, 0x0B, 0x8C, 0xDA, 0xB6,
    0xAB, 0xDD, 0x28, 0x54, 0x4D, 0x65, 0x2E, 0x2B, 0x5A, 0x7E, 0x64, 0xBE, 0xA3, 0xF9, 0x2E, 0xB0,
    0x0D, 0x6C, 0xC3, 0x32, 0xB6, 0xA1, 0xB0, 0x8D, 0xA4, 0x68, 0x39, 0x9B, 0x87, 0xE5, 0xED, 0xDA,
    0x32, 0x8D, 0x56, 0xD1, 0x16, 0xB4, 0xE2, 0xA6, 0x86, 0x5E, 0xBA, 0x11, 0x62, 0x93, 0x56, 0x7D,
    0x6B, 0x96, 0xEE, 0x5E, 0xAE, 0xFF, 0x0A, 0xF5, 0x1E, 0x3B, 0xD5, 0x80, 0xC0, 0x0E, 0x3A, 0xFA,
    0xE9, 0x78, 0x56, 0xD1, 0x33, 0xAD, 0x27, 0xB9, 0x15, 0xE7, 0x93, 0x1B, 0xCC, 0x6C, 0x32, 0x99,
    0x73, 0xE6, 0x12, 0x12, 0x95, 0xD4, 0x16, 0x9E, 0x9B, 0x15, 0x8E, 0xB7, 0x02, 0x0D, 0xEB, 0x0E,
    0xED, 0x58, 0xF1, 0x09, 0x0E, 0x56, 0xA0, 0x80, 0x96, 0xCA, 0x68, 0x05, 0x1B, 0x56, 0xCC, 0x1F,
    0xE9, 0x5B, 0xA1, 0x61, 0x73, 0xE6, 0x79, 0x8F, 0xFE, 0xB4, 0x62, 0xEA, 0xCC, 0x7C, 0xB0, 0x8F,
    0x3E, 0x47, 0x78, 0xA9, 0x75, 0xC2, 0xB3, 0xDC, 0x3C, 0xEB, 0xC3, 0x8D, 0x27, 0xED, 0xE9, 0xF2,
    0x99, 0x33, 0xCE, 0x09, 0xE7, 0x7C, 0x73, 0xBA, 0x29, 0xDB, 0x9C, 0xEC, 0x4F, 0x72, 0x9D, 0x5F,
    0xA5, 0x5C, 0x17, 0x6F, 0x5C, 0xA3, 0x9F, 0xD8, 0xA6, 0x86, 0x9A, 0xD9, 0x73, 0xC5, 0xA1, 0xCD,
    0x55, 0x03, 0xB8, 0xF3, 0xC8, 0x35, 0x74, 0x3D, 0x72, 0x1D, 0x07, 0xCF, 0xB5, 0xFF, 0x8B, 0x73,
    0xE5, 0x78, 0xF9, 0x4F, 0xBF, 0x49, 0x9A, 0x2F, 0xAD, 0x45, 0x92, 0x06, 0xCC, 0x26, 0x3A, 0xE5,
    0x09, 0x23, 0xDD, 0xE4, 0x23, 0xE6, 0x63, 0x34, 0xAB, 0xFC, 0xC1, 0x3E, 0xF3, 0x4B, 0xEC, 0xDD,
    0xA5, 0x06, 0x21, 0x19, 0x39, 0xE7, 0xCC, 0xF9, 0x1C, 0xF2, 0xA0, 0xC1, 0x2B, 0x86, 0x24, 0x03,
    0x47, 0x8D, 0x55, 0x9E, 0x35, 0x0A, 0x08, 0x94, 0x47, 0xFC, 0x60, 0xAD, 0xFC, 0x17, 0x0B, 0x3A,
    0x2E, 0x51, 0x00, 0xE2, 0x6C, 0xC0, 0x84, 0x32, 0x92, 0x14, 0x66, 0x8E, 0x15, 0xE1, 0x94, 0xCE,
    0x87, 0xC8, 0x30, 0x76, 0x20, 0x31, 0x77, 0xB0, 0x82, 0x04, 0x3B, 0xB2, 0x72, 0x19, 0xF0, 0xC1,
    0xCC, 0xD9, 0x53, 0x7F, 0xFD, 0x90, 0x9B, 0xA8, 0x74, 0x76, 0x69, 0xA6, 0x34, 0x70, 0xFC, 0x24,
    0x7A, 0x4E, 0x82, 0x33, 0x93, 0x4D, 0x5C, 0x8D, 0xA0, 0x64, 0xF7, 0x6A, 0x1E, 0x72, 0x0A, 0x71,
    0x0C, 0xFD, 0x7A, 0x0E, 0x11, 0xEC, 0xFD, 0x2D, 0xC1, 0xEA, 0x03, 0xC1, 0x0E, 0x4B, 0x02, 0xBB,
    0x4A, 0x13, 0x09, 0xB6, 0x7A, 0x94, 0x09, 0x6E, 0x30, 0x83, 0xB0, 0x22, 0x58, 0xAB, 0x04, 0x36,
    0x98, 0x4C, 0x60, 0xA7, 0x96, 0x60, 0xC7, 0xAE, 0xFF, 0x07, 0xF6, 0x8F, 0x80, 0x2D, 0x77, 0x23,
    0x0E, 0xD5, 0x5F, 0x65, 0xEF, 0xEF, 0x42, 0x7A, 0x4F, 0x33, 0xA6, 0xB7, 0xD4, 0x10, 0xB5, 0xF7,
    0xE8, 0xAD, 0x8F, 0xC2, 0x11, 0x44, 0x8C, 0xDE, 0xB4, 0xE2, 0x7F, 0x01, 0x43, 0xA8, 0x0D, 0x21,
    0xA8, 0xB5, 0x06, 0x50, 0x48, 0x09, 0xCD, 0x6E, 0xFE, 0x2A, 0x68, 0x4E, 0x46, 0x8E, 0x44, 0x0A,
    0x47, 0xB6, 0x93, 0xE1, 0x74, 0x24, 0x15, 0x32, 0x21, 0x11, 0xDE, 0x2F, 0xDE, 0xAE, 0x64, 0x90,
    0x43, 0x92, 0x80, 0x88, 0xC7, 0xE1, 0x34, 0xCB, 0x6B, 0x37, 0x58, 0xE9, 0xEA, 0xA2, 0x30, 0xEF,
    0xEE, 0xEE, 0x85, 0x3B, 0x25, 0x07, 0x0A, 0xE2, 0x20, 0x0C, 0xA2, 0x20, 0x88, 0x8C, 0xE1, 0x77,
    0x33, 0xB3, 0xD1, 0xC9, 0x8F, 0xD4, 0x84, 0xA0, 0x5E, 0x1C, 0x01, 0x73, 0xC6, 0x8D, 0x99, 0xC4,
    0x9D, 0x3D, 0x16, 0x0E, 0x65, 0x10, 0xF4, 0x73, 0x78, 0xAF, 0x41, 0x86, 0xBB, 0x1B, 0xB1, 0xF8,
    0xFB, 0xA7, 0x6A, 0x78, 0x87, 0xB7, 0x3A, 0x36, 0xC6, 0xE2, 0xB0, 0xEE, 0x5F, 0x18, 0x64, 0x0F,
    0xD4, 0x8E, 0x55, 0x13, 0x8B, 0x54, 0x26, 0xD0, 0xC4, 0xFF, 0xE8, 0xB6, 0x58, 0x53, 0xB7, 0xA7,
    0x2D, 0x35, 0x79, 0xD4, 0xC9, 0x85, 0x98, 0x3B, 0x67, 0xD1, 0xE8, 0xE8, 0x6D, 0x17, 0x9A, 0x2F,
    0x60, 0xB7, 0xA6, 0xFE, 0x4B, 0x08, 0x1C, 0x82, 0x0B, 0xF9, 0xDC, 0x58, 0xC3, 0xA0, 0x9D, 0x70,
    0x41, 0x34, 0x14, 0x9B, 0x71, 0x87, 0x18, 0x42, 0x11, 0xA5, 0x36, 0x04, 0xED, 0xF7, 0x61, 0x32,
    0x04, 0x17, 0x29, 0x75, 0xDB, 0xF3, 0x98, 0x45, 0x9E, 0x04, 0xB1, 0x7F, 0x44, 0x7E, 0x00, 0x5D,
    0xD0, 0x81, 0x09, 0x83, 0x40, 0x0C, 0x05, 0xD0, 0x3B, 0x05, 0x0A, 0x08, 0xDC, 0x08, 0x8E, 0xE0,
    0x08, 0x0E, 0xD4, 0x21, 0x74, 0x99, 0xCE, 0xD1, 0x8C, 0xD2, 0x11, 0x02, 0x1C, 0x20, 0x72, 0xF0,
    0x9B, 0x9F, 0x26, 0x00, 0xFD, 0x00, 0x7E, 0xC3, 0x23, 0x18, 0x8B, 0xA5, 0x96, 0xCC, 0x43, 0xB2,
    0xAD, 0x9A, 0xED, 0x18, 0x51, 0x2A, 0x90, 0x0C, 0x90, 0x60, 0x80, 0x06, 0x03, 0x46, 0xB0, 0xD7,
    0x13, 0x3F, 0xD6, 0x6D, 0x2C, 0xCE, 0x64, 0x3A, 0x9B, 0x3A, 0xB3, 0xE7, 0x3C, 0x9C, 0x9D, 0x5B,
    0x9F, 0x40, 0x06, 0xD9, 0x7A, 0x85, 0x70, 0xDB, 0x7D, 0x58, 0x53, 0xDF, 0x06, 0x6B, 0xC3, 0x98,
    0x45, 0x27, 0xC0, 0x98, 0xE5, 0x33, 0x03, 0xB2, 0xB2, 0xC9, 0x02, 0xE8, 0xCE, 0x56, 0x36, 0xE0,
    0xE2, 0xEC, 0x2A, 0xB4, 0x74, 0xBA, 0x50, 0x54, 0x04, 0xF1, 0x7D, 0x6C, 0xC3, 0xBF, 0xB8, 0xF3,
    0xCD, 0xAF, 0x60, 0xC4, 0x2F, 0x83, 0x33, 0xC2, 0xFB, 0x4D, 0x46, 0x28, 0x2B, 0x19, 0xE1, 0xD9,
    0xC8, 0x0C, 0xB2, 0xC5, 0xBD, 0xD2, 0xC8, 0x08, 0xFB, 0xA1, 0xFF, 0xFF, 0xA5, 0x00, 0x25, 0xB2,
    0x8F, 0x6C, 0x4D, 0xB3, 0xCD, 0xC9, 0x22, 0x5F,
};

static const EpdGlyph notoserif_en_20_italicGlyphs[] = {
    { 0, 0, 173, 0, 0, 0, 0 }, // U+0020
    { 12, 31, 222, 2, 30, 93, 0 }, // !
    { 14, 11, 272, 5, 30, 39, 93 }, // "
    { 24, 30, 373, 0, 30, 180, 132 }, // #
    { 22, 36, 373, 1, 32, 198, 312 }, // $
    { 34, 32, 597, 2, 31, 272, 510 }, // %
    { 31, 32, 495, 1, 31, 248, 782 }, // &
    { 6, 11, 147, 5, 30, 17, 1030 }, // '
    { 16, 38, 231, 1, 32, 152, 1047 }, // (
    { 17, 38, 231, -3, 32, 162, 1199 }, // )
    { 19, 17, 333, 4, 32, 81, 1361 }, // *
    { 19, 19, 373, 2, 24, 91, 1442 }, // +
    { 9, 13, 167, -2, 6, 30, 1533 }, // ,
    { 13, 4, 207, 0, 13, 13, 1563 }, // -
    { 6, 7, 167, 1, 6, 11, 1576 }, // .
    { 20, 38, 192, -4, 32, 190, 1587 }, // /
    { 22, 32, 373, 1, 31, 176, 1777 }, // 0
    { 17, 30, 306, -1, 30, 128, 1953 }, // 1
    { 23, 31, 373, -1, 31, 179, 2081 }, // 2
    { 23, 32, 373, -1, 31, 184, 2260 }, // 3
    { 23, 30, 373, -1, 30, 173, 2444 }, // 4
    { 23, 31, 373, 0, 30, 179, 2617 }, // 5
    { 22, 32, 373, 2, 31, 176, 2796 }, // 6
    { 22, 30, 373, 3, 30, 165, 2972 }, // 7
    { 23, 32, 373, 0, 31, 184, 3137 }, // 8
    { 21, 32, 373, 1, 31, 168, 3321 }, // 9
    { 10, 24, 191, 1, 23, 60, 3489 }, // :
    { 12, 30, 191, -1, 23, 90, 3549 }, // ;
    { 19, 22, 373, 2, 26, 105, 3639 }, // <
    { 19, 12, 373, 2, 21, 57, 3744 }, // =
    { 19, 22, 373, 2, 26, 105, 3801 }, // >
    { 17, 32, 333, 5, 31, 136, 3906 }, // ?
    { 35, 36, 614, 2, 30, 315, 4042 }, // @
    { 31, 30, 470, -3, 30, 233, 4357 }, // A
    { 27, 30, 436, -1, 30, 203, 4590 }, // B
    { 26, 32, 418, 2, 31, 208, 4793 }, // C
    { 30, 30, 483, -1, 30, 225, 5001 }, // D
    { 28, 30, 415, -1, 30, 210, 5226 }, // E
    { 28, 30, 393, -1, 30, 210, 5436 }, // F
    { 28, 32, 476, 2, 31, 224, 5646 }, // G
    { 37, 30, 529, -1, 30, 278, 5870 }, // H
    { 19, 30, 245, -1, 30, 143, 6148 }, // I
    { 25, 40, 238, -7, 30, 250, 6291 }, // J
    { 33, 30, 467, -1, 30, 248, 6541 }, // K
    { 25, 30, 415, -1, 30, 188, 6789 }, // L
    { 43, 30, 625, -1, 30, 323, 6977 }, // M
    { 36, 30, 509, -1, 30, 270, 7300 }, // N
    { 28, 32, 495, 2, 31, 224, 7570 }, // O
    { 27, 30, 413, -1, 30, 203, 7794 }, // P
    { 28, 41, 495, 2, 31, 287, 7997 }, // Q
    { 27, 30, 443, -1, 30, 203, 8284 }, // R
    { 24, 32, 363, 0, 31, 192, 8487 }, // S
    { 26, 30, 409, 3, 30, 195, 8679 }, // T
    { 30, 31, 487, 4, 30, 233, 8874 }, // U
    { 29, 30, 450, 3, 30, 218, 9107 }, // V
    { 44, 30, 697, 3, 30, 330, 9325 }, // W
    { 34, 30, 440, -3, 30, 255, 9655 }, // X
    { 27, 30, 417, 3, 30, 203, 9910 }, // Y
    { 28, 30, 403, -1, 30, 210, 10113 }, // Z
    { 18, 38, 240, 0, 32, 171, 10323 }, // [
    { 5, 38, 192, 4, 32, 48, 10494 }, // <backslash>
    { 18, 38, 240, -2, 32, 171, 10542 }, // ]
    { 20, 19, 373, 2, 30, 95, 10713 }, // ^
    { 21, 3, 306, -4, -3, 16, 10808 }, // _
    { 8, 7, 186, 6, 32, 14, 10824 }, // `
    { 23, 24, 386, 1, 23, 138, 10838 }, // a
    { 21, 33, 375, 1, 32, 174, 10976 }, // b
    { 20, 24, 325, 1, 23, 120, 11150 }, // c
    { 24, 33, 386, 1, 32, 198, 11270 }, // d
    { 19, 24, 329, 1, 23, 114, 11468 }, // e
    { 27, 43, 212, -6, 33, 291, 11582 }, // f
    { 27, 35, 371, -2, 25, 237, 11873 }, // g
    { 24, 33, 399, 1, 32, 198, 12110 }, // h
    { 11, 33, 203, 2, 32, 91, 12308 }, // i
    { 18, 42, 194, -6, 32, 189, 12399 }, // j
    { 24, 33, 379, 1, 32, 198, 12588 }, // k
    { 10, 33, 203, 3, 32, 83, 12786 }, // l
    { 36, 24, 597, 1, 23, 216, 12869 }, // m
    { 24, 24, 399, 1, 23, 144, 13085 }, // n
    { 22, 24, 383, 1, 23, 132, 13229 }, // o
    { 24, 33, 385, -1, 23, 198, 13361 }, // p
    { 22, 33, 373, 1, 23, 182, 13559 }, // q
    { 19, 23, 312, 1, 23, 110, 13741 }, // r
    { 18, 24, 309, 1, 23, 108, 13851 }, // s
    { 14, 29, 245, 2, 28, 102, 13959 }, // t
    { 23, 24, 399, 2, 23, 138, 14061 }, // u
    { 22, 24, 359, 0, 23, 132, 14199 }, // v
    { 33, 24, 546, 1, 23, 198, 14331 }, // w
    { 25, 23, 364, -1, 23, 144, 14529 }, // x
    { 28, 33, 352, -7, 23, 231, 14673 }, // y
    { 21, 23, 341, -1, 23, 121, 14904 }, // z
    { 19, 38, 285, 2, 32, 181, 15025 }, // {
    { 3, 42, 373, 10, 32, 32, 15206 }, // |
    { 19, 38, 285, -3, 32, 181, 15238 }, // }
    { 19, 8, 373, 2, 19, 38, 15419 }, // ~
    { 0, 0, 173, 0, 0, 0, 0 }, // U+00A0
    { 12, 31, 222, 0, 23, 93, 0 }, // U+00A1
    { 19, 30, 373, 3, 30, 143, 93 }, // U+00A2
    { 25, 32, 373, -1, 31, 200, 236 }, // U+00A3
    { 18, 19, 373, 3, 24, 86, 436 }, // U+00A4
    { 25, 30, 373, 2, 30, 188, 522 }, // U+00A5
    { 3, 42, 373, 10, 32, 32, 710 }, // U+00A6
    { 22, 37, 363, 0, 32, 204, 742 }, // U+00A7
    { 13, 6, 385, 8, 32, 20, 946 }, // U+00A8
    { 31, 32, 563, 2, 31, 248, 966 }, // U+00A9
    { 16, 15, 262, 2, 30, 60, 1214 }, // U+00AA
    { 19, 17, 343, 2, 20, 81, 1274 }, // U+00AB
    { 19, 12, 373, 2, 17, 57, 1355 }, // U+00AC
    { 13, 4, 207, 0, 13, 13, 1412 }, // U+00AD
    { 31, 32, 563, 2, 31, 248, 1425 }, // U+00AE
    { 21, 4, 306, 4, 35, 21, 1673 }, // U+00AF
    { 13, 14, 267, 5, 31, 46, 1694 }, // U+00B0
    { 19, 24, 373, 2, 24, 114, 1740 }, // U+00B1
    { 16, 19, 267, 2, 35, 76, 1854 }, // U+00B2
    { 15, 20, 267, 3, 35, 75, 1930 }, // U+00B3
    { 10, 7, 175, 4, 32, 18, 2005 }, // U+00B4
    { 25, 33, 403, -1, 23, 207, 2023 }, // U+00B5
    { 23, 37, 411, 2, 32, 213, 2230 }, // U+00B6
    { 6, 7, 191, 3, 18, 11, 2443 }, // U+00B7
    { 11, 11, 222, 1, 1, 31, 2454 }, // U+00B8
    { 12, 19, 267, 3, 35, 57, 2485 }, // U+00B9
    { 15, 15, 265, 2, 30, 57, 2542 }, // U+00BA
    { 18, 17, 343, 1, 20, 77, 2599 }, // U+00BB
    { 32, 31, 581, 3, 31, 248, 2676 }, // U+00BC
    { 32, 31, 581, 3, 31, 248, 2924 }, // U+00BD
    { 33, 31, 581, 2, 31, 256, 3172 }, // U+00BE
    { 17, 31, 333, 0, 23, 132, 3428 }, // U+00BF
    { 31, 39, 470, -3, 39, 303, 3560 }, // U+00C0
    { 31, 39, 470, -3, 39, 303, 3863 }, // U+00C1
    { 31, 39, 470, -3, 39, 303, 4166 }, // U+00C2
    { 31, 38, 470, -3, 38, 295, 4469 }, // U+00C3
    { 31, 39, 470, -3, 39, 303, 4764 }, // U+00C4
    { 31, 37, 470, -3, 37, 287, 5067 }, // U+00C5
    { 44, 30, 634, -3, 30, 330, 5354 }, // U+00C6
    { 26, 41, 418, 2, 31, 267, 5684 }, // U+00C7
    { 28, 39, 415, -1, 39, 273, 5951 }, // U+00C8
    { 28, 39, 415, -1, 39, 273, 6224 }, // U+00C9
    { 28, 39, 415, -1, 39, 273, 6497 }, // U+00CA
    { 28, 39, 415, -1, 39, 273, 6770 }, // U+00CB
    { 19, 39, 245, -1, 39, 186, 7043 }, // U+00CC
    { 20, 39, 245, -1, 39, 195, 7229 }, // U+00CD
    { 19, 39, 245, -1, 39, 186, 7424 }, // U+00CE
    { 20, 39, 245, -1, 39, 195, 7610 }, // U+00CF
    { 30, 30, 483, -1, 30, 225, 7805 }, // U+00D0
    { 36, 38, 509, -1, 38, 342, 8030 }, // U+00D1
    { 28, 40, 495, 2, 39, 280, 8372 }, // U+00D2
    { 28, 40, 495, 2, 39, 280, 8652 }, // U+00D3
    { 28, 40, 495, 2, 39, 280, 8932 }, // U+00D4
    { 28, 39, 495, 2, 38, 273, 9212 }, // U+00D5
    { 28, 40, 495, 2, 39, 280, 9485 }, // U+00D6
    { 19, 18, 373, 2, 24, 86, 9765 }, // U+00D7
    { 28, 34, 495, 2, 32, 238, 9851 }, // U+00D8
    { 30, 40, 487, 4, 39, 300, 10089 }, // U+00D9
    { 30, 40, 487, 4, 39, 300, 10389 }, // U+00DA
    { 30, 40, 487, 4, 39, 300, 10689 }, // U+00DB
    { 30, 40, 487, 4, 39, 300, 10989 }, // U+00DC
    { 27, 39, 417, 3, 39, 264, 11289 }, // U+00DD
    { 26, 30, 403, -1, 30, 195, 11553 }, // U+00DE
    { 31, 42, 418, -6, 32, 326, 11748 }, // U+00DF
    { 23, 33, 386, 1, 32, 190, 12074 }, // U+00E0
    { 23, 33, 386, 1, 32, 190, 12264 }, // U+00E1
    { 23, 33, 386, 1, 32, 190, 12454 }, // U+00E2
    { 23, 32, 386, 1, 31, 184, 12644 }, // U+00E3
    { 23, 33, 386, 1, 32, 190, 12828 }, // U+00E4
    { 23, 35, 386, 1, 34, 202, 13018 }, // U+00E5
    { 33, 24, 542, 1, 23, 198, 13220 }, // U+00E6
    { 20, 33, 325, 1, 23, 165, 13418 }, // U+00E7
    { 19, 33, 329, 1, 32, 157, 13583 }, // U+00E8
    { 21, 33, 329, 1, 32, 174, 13740 }, // U+00E9
    { 20, 33, 329, 1, 32, 165, 13914 }, // U+00EA
    { 20, 33, 329, 1, 32, 165, 14079 }, // U+00EB
    { 11, 33, 203, 2, 32, 91, 14244 }, // U+00EC
    { 14, 33, 203, 2, 32, 116, 14335 }, // U+00ED
    { 13, 33, 203, 1, 32, 108, 14451 }, // U+00EE
    { 13, 33, 203, 2, 32, 108, 14559 }, // U+00EF
    { 22, 33, 383, 1, 32, 182, 14667 }, // U+00F0
    { 24, 32, 399, 1, 31, 192, 14849 }, // U+00F1
    { 22, 33, 383, 1, 32, 182, 15041 }, // U+00F2
    { 22, 33, 383, 1, 32, 182, 15223 }, // U+00F3
    { 22, 33, 383, 1, 32, 182, 15405 }, // U+00F4
    { 22, 32, 383, 1, 31, 176, 15587 }, // U+00F5
    { 22, 33, 383, 1, 32, 182, 15763 }, // U+00F6
    { 19, 22, 373, 2, 26, 105, 15945 }, // U+00F7
    { 24, 28, 383, 0, 25, 168, 16050 }, // U+00F8
    { 23, 33, 399, 2, 32, 190, 16218 }, // U+00F9
    { 23, 33, 399, 2, 32, 190, 16408 }, // U+00FA
    { 23, 33, 399, 2, 32, 190, 16598 }, // U+00FB
    { 23, 33, 399, 2, 32, 190, 16788 }, // U+00FC
    { 28, 42, 352, -7, 32, 294, 16978 }, // U+00FD
    { 23, 42, 375, -1, 32, 242, 17272 }, // U+00FE
    { 28, 42, 352, -7, 32, 294, 17514 }, // U+00FF
    { 39, 32, 641, 2, 31, 312, 0 }, // U+0152
    { 35, 24, 575, 1, 23, 210, 312 }, // U+0153
    { 27, 40, 363, 0, 39, 270, 522 }, // U+0160
    { 20, 33, 309, 1, 32, 165, 792 }, // U+0161
    { 27, 39, 417, 3, 39, 264, 957 }, // U+0178
    { 28, 39, 403, -1, 39, 273, 1221 }, // U+017D
    { 25, 32, 341, -1, 32, 200, 1494 }, // U+017E
    { 29, 44, 269, -5, 33, 319, 0 }, // U+0192
    { 14, 7, 250, 4, 32, 25, 0 }, // U+02C6
    { 17, 6, 291, 4, 31, 26, 25 }, // U+02DC
    { 9, 7, 0, -16, 32, 16, 0 }, // U+0300
    { 10, 7, 0, -10, 32, 18, 16 }, // U+0301
    { 14, 7, 0, -4, 32, 25, 34 }, // U+0302
    { 17, 6, 0, -18, 31, 26, 59 }, // U+0303
    { 13, 3, 0, -3, 28, 10, 85 }, // U+0304
    { 14, 3, 0, -2, 34, 11, 95 }, // U+0305
    { 13, 6, 0, -2, 31, 20, 106 }, // U+0306
    { 6, 6, 0, 1, 32, 9, 126 }, // U+0307
    { 13, 6, 0, -3, 32, 20, 135 }, // U+0308
    { 10, 11, 0, -15, 35, 28, 155 }, // U+0309
    { 11, 10, 0, -2, 34, 28, 183 }, // U+030A
    { 18, 7, 0, -3, 32, 32, 211 }, // U+030B
    { 13, 7, 0, 1, 32, 23, 243 }, // U+030C
    { 5, 8, 0, 1, 32, 10, 266 }, // U+030D
    { 11, 8, 0, -2, 32, 22, 276 }, // U+030E
    { 16, 7, 0, -17, 32, 28, 298 }, // U+030F
    { 12, 11, 0, -2, 36, 33, 326 }, // U+0310
    { 13, 6, 0, -3, 31, 20, 359 }, // U+0311
    { 8, 12, 0, -1, 30, 24, 379 }, // U+0312
    { 8, 12, 0, -2, 30, 24, 403 }, // U+0313
    { 7, 13, 0, 0, 30, 23, 427 }, // U+0314
    { 8, 12, 0, -2, 30, 24, 450 }, // U+0315
    { 8, 7, 0, -7, -3, 14, 474 }, // U+0316
    { 10, 7, 0, -9, -3, 18, 488 }, // U+0317
    { 9, 8, 0, -7, -1, 18, 506 }, // U+0318
    { 9, 8, 0, -8, -1, 18, 524 }, // U+0319
    { 11, 10, 208, 4, 32, 28, 542 }, // U+031A
    { 7, 11, 0, -2, 33, 20, 570 }, // U+031B
    { 7, 10, 0, -6, 0, 18, 590 }, // U+031C
    { 9, 7, 0, -8, -2, 16, 608 }, // U+031D
    { 9, 7, 0, -7, -2, 16, 624 }, // U+031E
    { 9, 9, 0, -8, -1, 21, 640 }, // U+031F
    { 11, 3, 0, -9, -4, 9, 661 }, // U+0320
    { 10, 11, 0, -9, 2, 28, 670 }, // U+0321
    { 8, 11, 0, -3, 2, 22, 698 }, // U+0322
    { 5, 6, 0, -18, -2, 8, 720 }, // U+0323
    { 13, 6, 0, -10, -2, 20, 728 }, // U+0324
    { 11, 10, 0, -9, -2, 28, 748 }, // U+0325
    { 7, 8, 0, -8, -2, 14, 776 }, // U+0326
    { 10, 11, 0, -7, 1, 28, 790 }, // U+0327
    { 10, 10, 0, -8, 0, 25, 818 }, // U+0328
    { 5, 8, 0, -6, -1, 10, 843 }, // U+0329
    { 17, 7, 0, -12, -3, 30, 853 }, // U+032A
    { 14, 6, 0, -10, -2, 21, 883 }, // U+032B
    { 14, 7, 0, -7, -2, 25, 904 }, // U+032C
    { 13, 7, 0, -11, -2, 23, 929 }, // U+032D
    { 13, 6, 0, -10, -3, 20, 952 }, // U+032E
    { 13, 6, 0, -10, -3, 20, 972 }, // U+032F
    { 17, 6, 0, -12, -2, 26, 992 }, // U+0330
    { 13, 3, 0, -10, -3, 10, 1018 }, // U+0331
    { 19, 3, 0, -21, -3, 15, 1028 }, // U+0332
    { 20, 8, 0, -22, -2, 40, 1043 }, // U+0333
    { 16, 6, 0, -8, 15, 24, 1083 }, // U+0334
    { 16, 3, 0, -8, 13, 12, 1107 }, // U+0335
    { 27, 3, 0, -13, 13, 21, 1119 }, // U+0336
    { 16, 11, 0, -8, 17, 44, 1140 }, // U+0337
    { 24, 37, 0, -11, 33, 222, 1184 }, // U+0338
    { 6, 10, 0, -7, 0, 15, 1406 }, // U+0339
    { 17, 7, 0, -12, -3, 30, 1421 }, // U+033A
    { 18, 9, 0, -13, -1, 41, 1451 }, // U+033B
    { 14, 6, 0, -11, -2, 21, 1492 }, // U+033C
    { 9, 8, 0, -1, 32, 18, 1513 }, // U+033D
    { 8, 14, 0, 0, 37, 28, 1531 }, // U+033E
    { 20, 9, 0, -5, 40, 45, 1559 }, // U+033F
    { 8, 7, 0, -1, 32, 14, 1604 }, // U+0340
    { 10, 7, 0, -1, 32, 18, 1618 }, // U+0341
    { 17, 6, 0, -5, 31, 26, 1636 }, // U+0342
    { 6, 9, 0, 1, 34, 14, 1662 }, // U+0343
    { 17, 9, 0, -5, 33, 39, 1676 }, // U+0344
    { 6, 7, 0, -1, -3, 11, 1715 }, // U+0345
    { 17, 7, 0, -5, 32, 30, 1726 }, // U+0346
    { 20, 9, 0, -13, -1, 45, 1756 }, // U+0347
    { 11, 8, 0, -9, -1, 22, 1801 }, // U+0348
    { 8, 7, 0, -7, -3, 14, 1823 }, // U+0349
    { 17, 10, 0, -5, 33, 43, 1837 }, // U+034A
    { 16, 16, 0, -4, 39, 64, 1880 }, // U+034B
    { 18, 12, 0, -5, 36, 54, 1944 }, // U+034C
    { 13, 9, 0, -10, -1, 30, 1998 }, // U+034D
    { 9, 10, 0, -8, 0, 23, 2028 }, // U+034E
    { 30, 30, 0, -15, 30, 225, 2051 }, // U+034F
    { 9, 10, 0, -2, 33, 23, 2276 }, // U+0350
    { 7, 10, 0, 0, 35, 18, 2299 }, // U+0351
    { 12, 11, 0, -2, 36, 33, 2317 }, // U+0352
    { 9, 8, 0, -7, -2, 18, 2350 }, // U+0353
    { 9, 9, 0, -7, -1, 21, 2368 }, // U+0354
    { 9, 9, 0, -7, -1, 21, 2389 }, // U+0355
    { 17, 9, 0, -11, -1, 39, 2410 }, // U+0356
    { 7, 10, 0, 0, 35, 18, 2449 }, // U+0357
    { 5, 6, 0, 7, 31, 8, 2467 }, // U+0358
    { 12, 10, 0, -6, -1, 30, 2475 }, // U+0359
    { 15, 9, 0, -11, -1, 34, 2505 }, // U+035A
    { 9, 9, 0, -1, 33, 21, 2539 }, // U+035B
    { 33, 8, 0, -19, -1, 66, 2560 }, // U+035C
    { 33, 9, 0, -12, 33, 75, 2626 }, // U+035D
    { 26, 3, 0, -10, 28, 20, 2701 }, // U+035E
    { 26, 3, 0, -16, -3, 20, 2721 }, // U+035F
    { 34, 6, 0, -13, 31, 51, 2741 }, // U+0360
    { 32, 8, 0, -13, 35, 64, 2792 }, // U+0361
    { 26, 9, 0, -17, -1, 59, 2856 }, // U+0362
    { 11, 10, 0, -1, 35, 28, 2915 }, // U+0363
    { 9, 10, 0, 0, 35, 23, 2943 }, // U+0364
    { 5, 14, 0, 2, 39, 18, 2966 }, // U+0365
    { 10, 10, 0, -1, 35, 25, 2984 }, // U+0366
    { 11, 10, 0, -1, 35, 28, 3009 }, // U+0367
    { 9, 10, 0, 0, 35, 23, 3037 }, // U+0368
    { 11, 14, 0, -1, 39, 39, 3060 }, // U+0369
    { 11, 14, 0, -1, 39, 39, 3099 }, // U+036A
    { 17, 10, 0, -4, 35, 43, 3138 }, // U+036B
    { 9, 10, 0, 0, 35, 23, 3181 }, // U+036C
    { 7, 12, 0, 1, 37, 21, 3204 }, // U+036D
    { 10, 10, 0, -1, 35, 25, 3225 }, // U+036E
    { 12, 10, 0, -2, 35, 30, 3250 }, // U+036F
    { 0, 0, 333, 0, 0, 0, 0 }, // U+2000
    { 0, 0, 667, 0, 0, 0, 0 }, // U+2001
    { 0, 0, 333, 0, 0, 0, 0 }, // U+2002
    { 0, 0, 667, 0, 0, 0, 0 }, // U+2003
    { 0, 0, 222, 0, 0, 0, 0 }, // U+2004
    { 0, 0, 167, 0, 0, 0, 0 }, // U+2005
    { 0, 0, 111, 0, 0, 0, 0 }, // U+2006
    { 0, 0, 373, 0, 0, 0, 0 }, // U+2007
    { 0, 0, 167, 0, 0, 0, 0 }, // U+2008
    { 0, 0, 111, 0, 0, 0, 0 }, // U+2009
    { 0, 0, 67, 0, 0, 0, 0 }, // U+200A
    { 0, 0, 0, 0, 0, 0, 0 }, // U+200B
    { 2, 33, 0, -1, 27, 17, 0 }, // U+200C
    { 10, 35, 0, -5, 29, 88, 17 }, // U+200D
    { 10, 35, 0, -1, 29, 88, 105 }, // U+200E
    { 10, 35, 0, -9, 29, 88, 193 }, // U+200F
    { 13, 4, 207, 0, 13, 13, 281 }, // U+2010
    { 13, 4, 207, 0, 13, 13, 294 }, // U+2011
    { 22, 3, 373, 1, 17, 17, 307 }, // U+2012
    { 23, 4, 333, -1, 13, 23, 324 }, // U+2013
    { 44, 4, 667, -1, 13, 44, 347 }, // U+2014
    { 44, 4, 667, -1, 13, 44, 391 }, // U+2015
    { 11, 42, 373, 7, 32, 116, 435 }, // U+2016
    { 20, 8, 274, -4, -1, 40, 551 }, // U+2017
    { 8, 12, 167, 4, 30, 24, 591 }, // U+2018
    { 8, 12, 167, 3, 30, 24, 615 }, // U+2019
    { 9, 13, 167, -2, 6, 30, 639 }, // U+201A
    { 7, 13, 167, 5, 30, 23, 669 }, // U+201B
    { 17, 12, 300, 4, 30, 51, 692 }, // U+201C
    { 17, 12, 300, 3, 30, 51, 743 }, // U+201D
    { 17, 13, 300, -2, 6, 56, 794 }, // U+201E
    { 15, 13, 300, 5, 30, 49, 850 }, // U+201F
    { 17, 37, 299, 3, 32, 158, 899 }, // U+2020
    { 22, 37, 299, -1, 32, 204, 1057 }, // U+2021
    { 12, 13, 241, 2, 21, 39, 1261 }, // U+2022
    { 14, 14, 333, 6, 22, 49, 1300 }, // U+2023
    { 6, 7, 191, 3, 18, 11, 1349 }, // U+2024
    { 18, 7, 357, 3, 18, 32, 1360 }, // U+2025
    { 31, 7, 572, 1, 6, 55, 1392 }, // U+2026
    { 7, 7, 167, 2, 15, 13, 1447 }, // U+2027
    { 0, 0, 400, 0, 0, 0, 1460 }, // U+2028
    { 0, 0, 400, 0, 0, 0, 1460 }, // U+2029
    { 10, 32, 0, -1, 26, 80, 1460 }, // U+202A
    { 10, 32, 0, -9, 26, 80, 1540 }, // U+202B
    { 10, 35, 0, -5, 29, 88, 1620 }, // U+202C
    { 10, 35, 0, -5, 29, 88, 1708 }, // U+202D
    { 10, 35, 0, -5, 29, 88, 1796 }, // U+202E
    { 0, 0, 111, 0, 0, 0, 1884 }, // U+202F
    { 50, 32, 856, 2, 31, 400, 1884 }, // U+2030
    { 66, 32, 1115, 2, 31, 528, 2284 }, // U+2031
    { 8, 11, 147, 4, 30, 22, 2812 }, // U+2032
    { 16, 11, 272, 4, 30, 44, 2834 }, // U+2033
    { 24, 11, 397, 4, 30, 66, 2878 }, // U+2034
    { 6, 11, 147, 5, 30, 17, 2944 }, // U+2035
    { 14, 11, 272, 5, 30, 39, 2961 }, // U+2036
    { 22, 11, 397, 5, 30, 61, 3000 }, // U+2037
    { 14, 12, 267, -1, 2, 42, 3061 }, // U+2038
    { 11, 17, 222, 2, 20, 47, 3103 }, // U+2039
    { 11, 17, 222, 1, 20, 47, 3150 }, // U+203A
    { 30, 30, 546, 2, 30, 225, 3197 }, // U+203B
    { 21, 31, 373, 2, 30, 163, 3422 }, // U+203C
    { 17, 32, 333, 5, 31, 136, 3585 }, // U+203D
    { 21, 4, 306, 4, 35, 21, 3721 }, // U+203E
    { 32, 8, 0, -31, -1, 64, 3742 }, // U+203F
    { 33, 8, 0, -25, 35, 66, 3806 }, // U+2040
    { 19, 30, 300, -2, 30, 143, 3872 }, // U+2041
    { 38, 33, 667, 1, 32, 314, 4015 }, // U+2042
    { 14, 8, 241, 1, 19, 28, 4329 }, // U+2043
    { 25, 30, 41, -11, 30, 188, 4357 }, // U+2044
    { 18, 38, 240, 0, 32, 171, 4545 }, // U+2045
    { 18, 38, 240, -2, 32, 171, 4716 }, // U+2046
    { 37, 32, 651, 5, 31, 296, 4887 }, // U+2047
    { 28, 32, 525, 5, 31, 224, 5183 }, // U+2048
    { 32, 32, 520, 2, 31, 256, 5407 }, // U+2049
    { 19, 32, 373, 2, 24, 152, 5663 }, // U+204A
    { 23, 37, 411, 3, 32, 213, 5815 }, // U+204B
    { 22, 16, 398, 2, 23, 88, 6028 }, // U+204C
    { 23, 16, 398, 2, 23, 92, 6116 }, // U+204D
    { 19, 17, 333, 1, 24, 81, 6208 }, // U+204E
    { 8, 30, 191, 2, 23, 60, 6289 }, // U+204F
    { 27, 32, 487, 3, 31, 216, 6349 }, // U+2050
    { 22, 35, 333, 1, 32, 193, 6565 }, // U+2051
    { 14, 31, 219, 1, 30, 109, 6758 }, // U+2052
    { 20, 8, 373, 2, 19, 40, 6867 }, // U+2053
    { 32, 8, 0, -8, -1, 64, 6907 }, // U+2054
    { 20, 19, 360, 2, 24, 95, 6971 }, // U+2055
    { 20, 24, 409, 1, 23, 120, 7066 }, // U+2056
    { 31, 11, 523, 4, 30, 86, 7186 }, // U+2057
    { 24, 24, 473, 2, 23, 144, 7272 }, // U+2058
    { 24, 24, 473, 1, 23, 144, 7416 }, // U+2059
    { 7, 32, 191, 3, 31, 56, 7560 }, // U+205A
    { 24, 32, 473, 3, 31, 192, 7616 }, // U+205B
    { 23, 23, 465, 2, 23, 133, 7808 }, // U+205C
    { 6, 32, 191, 4, 31, 48, 7941 }, // U+205D
    { 6, 32, 191, 3, 31, 48, 7989 }, // U+205E
    { 0, 0, 148, 0, 0, 0, 8037 }, // U+205F
    { 0, 0, 400, 0, 0, 0, 8037 }, // U+2060
    { 0, 0, 400, 0, 0, 0, 8037 }, // U+2061
    { 0, 0, 400, 0, 0, 0, 8037 }, // U+2062
    { 0, 0, 400, 0, 0, 0, 8037 }, // U+2063
    { 0, 0, 400, 0, 0, 0, 8037 }, // U+2064
    { 0, 0, 400, 0, 0, 0, 8037 }, // U+2066
    { 0, 0, 400, 0, 0, 0, 8037 }, // U+2067
    { 0, 0, 400, 0, 0, 0, 8037 }, // U+2068
    { 0, 0, 400, 0, 0, 0, 8037 }, // U+2069
    { 10, 35, 0, -5, 29, 88, 8037 }, // U+206A
    { 10, 35, 0, -5, 29, 88, 8125 }, // U+206B
    { 10, 35, 0, -5, 29, 88, 8213 }, // U+206C
    { 10, 35, 0, -5, 29, 88, 8301 }, // U+206D
    { 10, 35, 0, -5, 29, 88, 8389 }, // U+206E
    { 10, 35, 0, -5, 29, 88, 8477 }, // U+206F
    { 16, 20, 267, 3, 35, 80, 0 }, // U+2070
    { 8, 20, 132, 3, 31, 40, 80 }, // U+2071
    { 16, 19, 267, 2, 35, 76, 120 }, // U+2074
    { 15, 19, 267, 3, 34, 72, 196 }, // U+2075
    { 15, 20, 267, 3, 35, 75, 268 }, // U+2076
    { 14, 18, 267, 5, 34, 63, 343 }, // U+2077
    { 15, 20, 267, 3, 35, 75, 406 }, // U+2078
    { 14, 20, 267, 4, 35, 70, 481 }, // U+2079
    { 15, 15, 262, 3, 32, 57, 551 }, // U+207A
    { 15, 3, 262, 3, 26, 12, 608 }, // U+207B
    { 15, 9, 261, 3, 29, 34, 620 }, // U+207C
    { 12, 26, 166, 4, 38, 78, 654 }, // U+207D
    { 13, 25, 167, -2, 37, 82, 732 }, // U+207E
    { 15, 15, 259, 3, 26, 57, 814 }, // U+207F
    { 16, 20, 267, -1, 15, 80, 871 }, // U+2080
    { 13, 19, 267, -1, 15, 62, 951 }, // U+2081
    { 16, 19, 267, -2, 15, 76, 1013 }, // U+2082
    { 16, 20, 267, -1, 15, 80, 1089 }, // U+2083
    { 16, 19, 267, -2, 15, 76, 1169 }, // U+2084
    { 16, 19, 267, -1, 14, 76, 1245 }, // U+2085
    { 15, 20, 267, 0, 15, 75, 1321 }, // U+2086
    { 14, 18, 267, 1, 14, 63, 1396 }, // U+2087
    { 16, 20, 267, -1, 15, 80, 1459 }, // U+2088
    { 14, 20, 267, 0, 15, 70, 1539 }, // U+2089
    { 15, 15, 262, -1, 12, 57, 1609 }, // U+208A
    { 15, 3, 262, -1, 6, 12, 1666 }, // U+208B
    { 15, 9, 262, -1, 9, 34, 1678 }, // U+208C
    { 12, 25, 167, 1, 17, 75, 1712 }, // U+208D
    { 13, 25, 167, -6, 17, 82, 1787 }, // U+208E
    { 15, 15, 251, -1, 10, 57, 1869 }, // U+2090
    { 12, 15, 213, -1, 10, 45, 1926 }, // U+2091
    { 14, 15, 249, -1, 10, 53, 1971 }, // U+2092
    { 16, 14, 237, -3, 10, 56, 2024 }, // U+2093
    { 13, 15, 213, -2, 10, 49, 2080 }, // U+2094
    { 15, 20, 259, -1, 15, 75, 2129 }, // U+2095
    { 16, 20, 247, -1, 15, 80, 2204 }, // U+2096
    { 7, 20, 132, -1, 15, 35, 2284 }, // U+2097
    { 23, 15, 388, -1, 10, 87, 2319 }, // U+2098
    { 15, 15, 259, -1, 10, 57, 2406 }, // U+2099
    { 16, 20, 250, -3, 10, 80, 2463 }, // U+209A
    { 12, 15, 201, -2, 10, 45, 2543 }, // U+209B
    { 9, 18, 159, -1, 13, 41, 2588 }, // U+209C
    { 26, 31, 426, 1, 31, 202, 0 }, // U+20A0
    { 23, 36, 373, 1, 32, 207, 202 }, // U+20A1
    { 26, 32, 402, 1, 31, 208, 409 }, // U+20A2
    { 27, 30, 373, -2, 30, 203, 617 }, // U+20A3
    { 25, 32, 373, -1, 31, 200, 820 }, // U+20A4
    { 36, 33, 597, 1, 28, 297, 1020 }, // U+20A5
    { 32, 30, 461, -1, 30, 240, 1317 }, // U+20A6
    { 35, 31, 546, -2, 30, 272, 1557 }, // U+20A7
    { 44, 31, 681, -2, 30, 341, 1829 }, // U+20A8
    { 45, 30, 697, 2, 30, 338, 2170 }, // U+20A9
    { 29, 25, 595, 4, 25, 182, 2508 }, // U+20AA
    { 27, 38, 385, 0, 32, 257, 2690 }, // U+20AB
    { 24, 32, 373, 1, 31, 192, 2947 }, // U+20AC
    { 31, 30, 433, -1, 30, 233, 3139 }, // U+20AD
    { 25, 30, 373, 2, 30, 188, 3372 }, // U+20AE
    { 42, 43, 667, -2, 34, 452, 3560 }, // U+20AF
    { 22, 41, 373, -2, 31, 226, 4012 }, // U+20B0
    { 30, 30, 413, -2, 30, 225, 4238 }, // U+20B1
    { 28, 36, 476, 2, 32, 252, 4463 }, // U+20B2
    { 34, 30, 470, -3, 30, 255, 4715 }, // U+20B3
    { 26, 32, 367, -1, 31, 208, 4970 }, // U+20B4
    { 26, 36, 418, 2, 32, 234, 5178 }, // U+20B5
    { 24, 31, 367, 1, 30, 186, 5412 }, // U+20B6
    { 24, 35, 373, 0, 31, 210, 5598 }, // U+20B7
    { 24, 30, 373, 2, 30, 180, 5808 }, // U+20B8
    { 23, 30, 373, 2, 30, 173, 5988 }, // U+20B9
    { 24, 30, 373, -2, 30, 180, 6161 }, // U+20BA
    { 24, 32, 435, 3, 31, 192, 6341 }, // U+20BB
    { 29, 29, 524, 1, 29, 211, 6533 }, // U+20BC
    { 27, 30, 393, -1, 30, 203, 6744 }, // U+20BD
    { 25, 34, 373, 0, 34, 213, 6947 }, // U+20BE
    { 25, 38, 373, -3, 34, 238, 7160 }, // U+20BF
    { 28, 32, 513, 2, 31, 224, 0 }, // U+2100
    { 28, 32, 521, 2, 31, 224, 224 }, // U+2101
    { 23, 32, 421, 2, 31, 184, 448 }, // U+2102
    { 38, 32, 638, 3, 31, 304, 632 }, // U+2103
    { 24, 30, 439, 0, 30, 180, 936 }, // U+2104
    { 28, 31, 504, 2, 30, 217, 1116 }, // U+2105
    { 32, 32, 552, 2, 31, 256, 1333 }, // U+2106
    { 25, 32, 395, 1, 31, 200, 1589 }, // U+2107
    { 26, 32, 421, 0, 31, 208, 1789 }, // U+2108
    { 36, 31, 587, 3, 31, 279, 1997 }, // U+2109
    { 29, 34, 387, -4, 17, 247, 2276 }, // U+210A
    { 47, 32, 705, -1, 31, 376, 2523 }, // U+210B
    { 29, 36, 489, 0, 30, 261, 2899 }, // U+210C
    { 25, 30, 518, 4, 30, 188, 3160 }, // U+210D
    { 24, 33, 399, 1, 32, 198, 3348 }, // U+210E
    { 24, 33, 399, 1, 32, 198, 3546 }, // U+210F
    { 34, 32, 495, -1, 31, 272, 3744 }, // U+2110
    { 22, 31, 373, 1, 30, 171, 4016 }, // U+2111
    { 34, 32, 555, 0, 31, 272, 4187 }, // U+2112
    { 18, 32, 333, 1, 31, 144, 4459 }, // U+2113
    { 24, 32, 421, 1, 31, 192, 4603 }, // U+2114
    { 25, 30, 519, 4, 30, 188, 4795 }, // U+2115
    { 44, 30, 684, -2, 30, 330, 4983 }, // U+2116
    { 31, 32, 563, 2, 31, 248, 5313 }, // U+2117
    { 32, 38, 557, 1, 27, 304, 5561 }, // U+2118
    { 22, 30, 437, 4, 30, 165, 5865 }, // U+2119
    { 30, 39, 521, 2, 31, 293, 6030 }, // U+211A
    { 37, 32, 581, -1, 31, 296, 6323 }, // U+211B
    { 35, 32, 566, 1, 31, 280, 6619 }, // U+211C
    { 26, 30, 476, 4, 30, 195, 6899 }, // U+211D
    { 31, 30, 471, -1, 30, 233, 7094 }, // U+211E
    { 27, 43, 443, -1, 37, 291, 7327 }, // U+211F
    { 31, 17, 557, 5, 31, 132, 7618 }, // U+2120
    { 38, 15, 694, 4, 30, 143, 7750 }, // U+2121
    { 32, 15, 557, 4, 30, 120, 7893 }, // U+2122
    { 31, 43, 450, 1, 37, 334, 8013 }, // U+2123
    { 24, 30, 420, 1, 30, 180, 8347 }, // U+2124
    { 26, 40, 365, -3, 30, 260, 8527 }, // U+2125
    { 31, 31, 502, 0, 31, 241, 8787 }, // U+2126
    { 32, 31, 502, 2, 30, 248, 9028 }, // U+2127
    { 23, 38, 391, 0, 33, 219, 9276 }, // U+2128
    { 10, 23, 223, 2, 23, 58, 9495 }, // U+2129
    { 33, 30, 467, -1, 30, 248, 9553 }, // U+212A
    { 31, 37, 470, -3, 37, 287, 9801 }, // U+212B
    { 35, 32, 559, 0, 31, 280, 10088 }, // U+212C
    { 25, 32, 448, 2, 31, 200, 10368 }, // U+212D
    { 22, 24, 413, 2, 23, 132, 10568 }, // U+212E
    { 18, 18, 308, 1, 17, 81, 10700 }, // U+212F
    { 25, 32, 402, 1, 31, 200, 10781 }, // U+2130
    { 37, 32, 549, -1, 31, 296, 10981 }, // U+2131
    { 29, 30, 397, -1, 30, 218, 11277 }, // U+2132
    { 50, 32, 770, -1, 31, 400, 11495 }, // U+2133
    { 19, 18, 320, 1, 17, 86, 11895 }, // U+2134
    { 21, 28, 400, 2, 27, 147, 11981 }, // U+2135
    { 20, 27, 361, 1, 27, 135, 12128 }, // U+2136
    { 15, 28, 267, 0, 27, 105, 12263 }, // U+2137
    { 19, 28, 326, 0, 27, 133, 12368 }, // U+2138
    { 11, 33, 203, 2, 32, 91, 12501 }, // U+2139
    { 41, 27, 706, 3, 28, 277, 12592 }, // U+213A
    { 41, 15, 685, 4, 30, 154, 12869 }, // U+213B
    { 30, 24, 518, 2, 23, 180, 13023 }, // U+213C
    { 22, 33, 362, 0, 23, 182, 13203 }, // U+213D
    { 19, 30, 368, 4, 30, 143, 13385 }, // U+213E
    { 25, 30, 555, 4, 30, 188, 13528 }, // U+213F
    { 25, 40, 413, 1, 30, 250, 13716 }, // U+2140
    { 25, 32, 410, 0, 31, 200, 13966 }, // U+2141
    { 16, 30, 295, 5, 30, 120, 14166 }, // U+2142
    { 22, 30, 296, -1, 30, 165, 14286 }, // U+2143
    { 22, 30, 334, -3, 30, 165, 14451 }, // U+2144
    { 29, 30, 487, 1, 30, 218, 14616 }, // U+2145
    { 27, 33, 386, 0, 32, 223, 14834 }, // U+2146
    { 21, 24, 333, 0, 23, 126, 15057 }, // U+2147
    { 14, 33, 229, 1, 33, 116, 15183 }, // U+2148
    { 22, 43, 229, -7, 33, 237, 15299 }, // U+2149
    { 25, 34, 490, 4, 34, 213, 15536 }, // U+214A
    { 31, 32, 495, 1, 31, 248, 15749 }, // U+214B
    { 26, 32, 437, 1, 31, 208, 15997 }, // U+214C
    { 29, 31, 484, 0, 30, 225, 16205 }, // U+214D
    { 22, 23, 309, -1, 23, 127, 16430 }, // U+214E
    { 45, 24, 693, -3, 23, 270, 16557 }, // U+214F
    { 34, 31, 595, 3, 31, 264, 16827 }, // U+2150
    { 33, 32, 601, 3, 31, 264, 17091 }, // U+2151
    { 47, 32, 815, 3, 31, 376, 17355 }, // U+2152
    { 32, 32, 581, 3, 31, 256, 17731 }, // U+2153
    { 33, 32, 581, 2, 31, 264, 17987 }, // U+2154
    { 32, 32, 588, 3, 31, 256, 18251 }, // U+2155
    { 35, 32, 615, 2, 31, 280, 18507 }, // U+2156
    { 34, 32, 601, 2, 31, 272, 18787 }, // U+2157
    { 35, 32, 615, 2, 31, 280, 19059 }, // U+2158
    { 33, 32, 588, 3, 31, 264, 19339 }, // U+2159
    { 35, 31, 608, 2, 30, 272, 19603 }, // U+215A
    { 32, 32, 581, 3, 31, 256, 19875 }, // U+215B
    { 33, 32, 581, 2, 31, 264, 20131 }, // U+215C
    { 33, 31, 581, 2, 30, 256, 20395 }, // U+215D
    { 30, 31, 581, 5, 30, 233, 20651 }, // U+215E
    { 28, 31, 321, 3, 31, 217, 20884 }, // U+215F
    { 19, 24, 330, 0, 23, 114, 21101 }, // U+2184
    { 34, 32, 601, 2, 31, 272, 21215 }, // U+2189
    { 13, 4, 207, 0, 13, 13, 0 }, // U+2212
    { 39, 43, 411, -6, 33, 420, 0 }, // U+FB00
    { 31, 43, 396, -6, 33, 334, 420 }, // U+FB01
    { 31, 43, 395, -6, 33, 334, 754 }, // U+FB02
    { 43, 43, 594, -6, 33, 463, 1088 }, // U+FB03
    { 43, 43, 593, -6, 33, 463, 1551 }, // U+FB04
    { 34, 43, 439, -6, 33, 366, 2014 }, // U+FB05
    { 34, 34, 555, 1, 33, 289, 2380 }, // U+FB06
    { 39, 39, 667, 1, 32, 381, 0 }, // U+FFFD
};

static const EpdUnicodeInterval notoserif_en_20_italicIntervals[] = {
    { 0x20, 0x7E, 0x0 },
    { 0xA0, 0xFF, 0x5F },
    { 0x152, 0x153, 0xBF },
    { 0x160, 0x161, 0xC1 },
    { 0x178, 0x178, 0xC3 },
    { 0x17D, 0x17E, 0xC4 },
    { 0x192, 0x192, 0xC6 },
    { 0x2C6, 0x2C6, 0xC7 },
    { 0x2DC, 0x2DC, 0xC8 },
    { 0x300, 0x36F, 0xC9 },
    { 0x2000, 0x2064, 0x139 },
    { 0x2066, 0x2071, 0x19E },
    { 0x2074, 0x208E, 0x1AA },
    { 0x2090, 0x209C, 0x1C5 },
    { 0x20A0, 0x20BF, 0x1D2 },
    { 0x2100, 0x215F, 0x1F2 },
    { 0x2184, 0x2184, 0x252 },
    { 0x2189, 0x2189, 0x253 },
    { 0x2212, 0x2212, 0x254 },
    { 0xFB00, 0xFB06, 0x255 },
    { 0xFFFD, 0xFFFD, 0x25C },
};

static const EpdFontGroup notoserif_en_20_italicGroups[] = {
    { 0, 6084, 16317, 95, 0 },
    { 6084, 5122, 18588, 96, 95 },
    { 11206, 755, 1751, 7, 191 },
    { 11961, 128, 352, 1, 198 },
    { 12089, 62, 58, 2, 199 },
    { 12151, 1974, 3659, 112, 201 },
    { 14125, 3220, 9300, 111, 313 },
    { 17345, 1421, 2799, 42, 424 },
    { 18766, 3486, 7747, 32, 466 },
    { 22252, 9850, 22685, 98, 498 },
    { 32102, 13, 16, 1, 596 },
    { 32115, 764, 2757, 7, 597 },
    { 32879, 169, 390, 1, 604 },
};

static const uint16_t notoserif_en_20_italicKernLeftCodepoints[] = {
    0x0022, 0x0026, 0x0027, 0x002A, 0x002C, 0x002E, 0x0041, 0x0042, 0x0043, 0x0044, 0x0045, 0x0046,
    0x0047, 0x004A, 0x004B, 0x004C, 0x004E, 0x004F, 0x0050, 0x0051, 0x0052, 0x0053, 0x0054, 0x0055,
    0x0056, 0x0057, 0x0058, 0x0059, 0x0061, 0x0062, 0x0063, 0x0065, 0x0066, 0x0068, 0x006B, 0x006D,
    0x006E, 0x006F, 0x0070, 0x0071, 0x0072, 0x0073, 0x0076, 0x0077, 0x0079, 0x007A, 0x00A1, 0x00BF,
    0x00C0, 0x00C1, 0x00C2, 0x00C3, 0x00C4, 0x00C5, 0x00C6, 0x00C7, 0x00C8, 0x00C9, 0x00CA, 0x00CB,
    0x00D0, 0x00D1, 0x00D2, 0x00D3, 0x00D4, 0x00D5, 0x00D6, 0x00D8, 0x00D9, 0x00DA, 0x00DB, 0x00DC,
    0x00DD, 0x00DE, 0x00DF, 0x00E0, 0x00E1, 0x00E2, 0x00E3, 0x00E4, 0x00E5, 0x00E6, 0x00E7, 0x00E8,
    0x00E9, 0x00EA, 0x00EB, 0x00F0, 0x00F1, 0x00F2, 0x00F3, 0x00F4, 0x00F5, 0x00F6, 0x00F8, 0x00F9,
    0x00FA, 0x00FB, 0x00FC, 0x00FD, 0x00FE, 0x00FF, 0x0152, 0x0153, 0x0160, 0x0161, 0x0178, 0x017E,
    0x2018, 0x2019, 0x201A, 0x201C, 0x201D, 0x201E, 0x207D, 0x208D, 0x2090, 0x2092, 0xFB00,
};

static const uint8_t notoserif_en_20_italicKernLeftClassIds[] = {
      1,   2,   1,   3,   4,   4,   5,   6,   7,   8,   9,  10,  11,  12,  13,  14,
     15,   8,   3,   8,  16,  17,  18,  19,  20,  21,  22,  23,  24,  25,  26,  26,
     27,  24,  28,  24,  24,  25,  25,  29,  30,  31,  32,  33,  34,  35,  36,  37,
     38,  38,  38,  38,  38,  38,   9,   7,   9,   9,   9,   9,   8,  15,   8,   8,
      8,   8,   8,   8,  19,  19,  19,  19,  23,   8,  31,  24,  24,  24,  24,  24,
     24,  26,  26,  26,  26,  26,  26,  25,  24,  25,  25,  25,  25,  25,  25,  24,
     24,  24,  24,  34,  25,  34,   9,  26,  17,  31,  23,  35,  39,  40,   4,  39,
     40,   4,  41,  42,  43,  44,  27,
};

static const uint16_t notoserif_en_20_italicKernRightCodepoints[] = {
    0x0022, 0x0026, 0x0027, 0x0029, 0x002A, 0x002C, 0x002E, 0x0041, 0x0043, 0x0047, 0x004F, 0x0051,
    0x0053, 0x0054, 0x0055, 0x0056, 0x0057, 0x0058, 0x0059, 0x005A, 0x005C, 0x005D, 0x0061, 0x0063,
    0x0064, 0x0065, 0x0067, 0x0069, 0x006F, 0x0071, 0x0073, 0x0075, 0x0076, 0x0077, 0x0078, 0x0079,
    0x007A, 0x007D, 0x00A9, 0x00AE, 0x00C0, 0x00C1, 0x00C2, 0x00C3, 0x00C4, 0x00C5, 0x00C6, 0x00C7,
    0x00D2, 0x00D3, 0x00D4, 0x00D5, 0x00D6, 0x00D8, 0x00D9, 0x00DA, 0x00DB, 0x00DC, 0x00DD, 0x00E0,
    0x00E1, 0x00E2, 0x00E3, 0x00E4, 0x00E5, 0x00E6, 0x00E7, 0x00E8, 0x00E9, 0x00EA, 0x00EB, 0x00EC,
    0x00ED, 0x00EE, 0x00EF, 0x00F0, 0x00F2, 0x00F3, 0x00F4, 0x00F5, 0x00F6, 0x00F8, 0x00F9, 0x00FA,
    0x00FB, 0x00FC, 0x00FD, 0x00FF, 0x0152, 0x0153, 0x0160, 0x0161, 0x0178, 0x017D, 0x017E, 0x2018,
    0x2019, 0x201A, 0x201C, 0x201D, 0x201E, 0x2026, 0x207E, 0x208E, 0x2117, 0x2122,
};

static const uint8_t notoserif_en_20_italicKernRightClassIds[] = {
      1,   2,   1,   3,   4,   5,   6,   7,   8,   8,   8,   8,   9,  10,  11,  12,
     13,  14,  15,  16,  17,   3,  18,  19,  19,  19,  20,  21,  19,  19,  22,  23,
     24,  25,  26,  27,  28,   3,  29,  29,   7,   7,   7,   7,   7,   7,  30,   8,
      8,   8,   8,   8,   8,   8,  11,  11,  11,  11,  15,  18,  18,  18,  18,  18,
     18,  18,  19,  19,  19,  19,  19,  21,  21,  21,  21,  19,  19,  19,  19,  19,
     19,  19,  23,  23,  23,  23,  27,  27,   8,  19,   9,  22,  15,  16,  28,  31,
      4,  32,  31,   4,  32,  32,  33,  34,  29,   4,
};

static const uint16_t notoserif_en_20_italicKernRowOffsets[] = {
        0,     4,     9,    15,    24,    41,    52,    53,    64,    67,    76,    81,    85,    92,   101,   105,
      115,   124,   134,   140,   151,   163,   170,   184,   191,   196,   199,   204,   206,   208,   219,   223,
      229,   235,   239,   244,   248,   253,   270,   274,   280,   281,   282,   284,   285,
};

static const uint8_t notoserif_en_20_italicKernSparseCols[] = {
      6,  19,  20,  29,   9,  10,  11,  12,  14,   1,   4,   5,   6,  29,  31,   7,
      9,  10,  11,  12,  14,  23,  24,  26,   0,   1,   3,   7,   9,  10,  11,  12,
     14,  18,  19,  22,  23,  24,  26,  28,  30,   3,   6,   9,  11,  12,  13,  14,
     15,  24,  26,  29,   1,   0,   4,   5,   6,   9,  11,  12,  13,  14,  29,  31,
     11,  12,  14,   1,   4,   5,   6,  17,  18,  19,  29,  31,   9,  11,  12,  14,
     29,   4,   5,   6,  31,   1,   7,  18,  19,  22,  24,  26,   0,   3,   9,  10,
     11,  12,  14,  23,  30,   1,   4,   5,  31,   1,   3,   7,   9,  10,  11,  12,
     14,  24,  26,   6,   9,  11,  12,  13,  14,  24,  26,  29,   1,   4,   5,   6,
      7,  17,  18,  19,  29,  31,   1,   4,   5,   6,  29,  31,   1,   4,   5,   6,
      7,  17,  18,  19,  21,  29,  31,   1,   4,   5,   6,   7,  17,  18,  19,  21,
     25,  29,  31,   7,   8,  18,  19,  24,  26,  28,   1,   4,   5,   6,   7,   8,
     17,  18,  19,  21,  25,  27,  29,  31,   0,   9,  11,  12,  14,  26,  30,   9,
     11,  12,  14,  26,  11,  12,  14,   0,   2,   3,  16,  30,  18,  19,  12,  14,
      3,   4,   5,  11,  12,  13,  14,  17,  18,  19,  31,   0,  11,  12,  14,   4,
      5,  11,  12,  14,  31,   4,   5,  11,  12,  14,  31,   4,   5,  12,  31,   3,
     11,  12,  14,  30,   9,  10,  11,  14,   9,  10,  11,  12,  14,   0,   1,   3,
      7,   9,  10,  11,  12,  14,  18,  19,  22,  23,  24,  26,  28,  30,   6,  20,
     26,  29,   6,  17,  18,  19,  21,  29,  32,  33,   0,  26,  26,
};

static const int8_t notoserif_en_20_italicKernSparseValues[] = {
     -53,  -27,   13,  -80,  -27,   -7,  -33,  -27,  -30,  -13,  -80,  -80,  -33,  -53,  -80,  -13,
     -47,   -7,  -60,  -53,  -47,  -33,  -13,  -13,  -53,  -13,  -47,  -13,  -40,  -13,  -53,  -47,
     -47,  -13,  -13,  -13,  -40,  -20,  -33,  -33,  -60,  -13,  -13,  -13,  -27,  -20,  -13,  -27,
     -13,   -7,  -13,  -20,  -13,  -20,  -13,  -27,  -13,  -13,  -13,  -13,  -13,  -20,  -33,  -13,
     -13,  -13,  -13,  -27,  -53,  -53,  -47,  -27,  -27,  -27,  -73,  -53,  -13,  -13,  -13,  -13,
     -13,  -13,  -13,  -13,  -13,  -13,  -13,  -13,  -13,  -13,  -20,  -20,  -40,  -53,  -47,  -13,
     -53,  -33,  -40,  -20,  -60,  -13,  -13,  -13,  -13,  -13,  -13,  -13,  -13,   -7,  -20,  -20,
     -20,  -13,  -13,  -13,  -13,  -13,  -13,  -13,  -13,   -7,  -13,  -13,  -13,  -60,  -60,  -40,
     -13,  -20,  -20,  -20,  -53,  -60,  -13,  -13,  -13,  -13,  -13,  -13,  -20,  -73,  -73,  -53,
     -13,  -40,  -40,  -40,  -27,  -87,  -73,  -20,  -60,  -60,  -40,  -13,  -33,  -40,  -40,  -20,
     -13,  -87,  -60,  -13,   -7,   -7,   -7,  -20,  -33,  -27,  -20,  -53,  -53,  -47,  -20,  -13,
     -40,  -47,  -47,  -40,   -7,   -7,  -60,  -53,  -27,  -13,  -33,  -27,  -33,  -13,  -27,  -20,
     -40,  -40,  -47,  -13,  -33,  -33,  -47,   53,   60,   53,   67,   40,  -13,  -13,  -27,  -13,
      20, -113, -113,  -20,  -27,  -33,  -20,  -13,  -13,  -13, -113,  -13,  -20,  -20,  -33,  -33,
     -47,  -20,  -13,  -20,  -47,  -47,  -47,  -13,  -13,  -20,  -47,  -60,  -60,  -13,  -60,  -13,
     -27,  -20,  -20,  -13,  -13,   -7,  -33,  -40,  -20,   -7,  -33,  -33,  -33,  -53,  -13,  -47,
     -13,  -40,  -13,  -53,  -47,  -47,  -13,  -13,  -13,  -33,  -20,  -33,  -33,  -60,  -47,    7,
      13,  -93,  -60,   -7,   -7,   -7,  -33,  -93,   43,   47,  -20,  -10,  -10,
};

static const EpdLigaturePair notoserif_en_20_italicLigaturePairs[] = {
    { 0x00660066, 0xFB00 }, // f f -> U+FB00
    { 0x00660069, 0xFB01 }, // f i -> U+FB01
    { 0x0066006C, 0xFB02 }, // f l -> U+FB02
    { 0xFB000069, 0xFB03 }, // U+FB00 i -> U+FB03
    { 0xFB00006C, 0xFB04 }, // U+FB00 l -> U+FB04
};

static const EpdFontData notoserif_en_20_italic = {
    notoserif_en_20_italicBitmaps,
    notoserif_en_20_italicGlyphs,
    notoserif_en_20_italicIntervals,
    21,
    57,
    45,
    -13,
    true,
    notoserif_en_20_italicGroups,
    13,
    nullptr,
    nullptr,  // kernLeftClasses: built-in fonts use the split arrays below
    nullptr,  // kernRightClasses
    notoserif_en_20_italicKernLeftCodepoints,
    notoserif_en_20_italicKernLeftClassIds,
    notoserif_en_20_italicKernRightCodepoints,
    notoserif_en_20_italicKernRightClassIds,
    nullptr,  // kernMatrix: built-in fonts use the sparse form below
    notoserif_en_20_italicKernRowOffsets,
    notoserif_en_20_italicKernSparseCols,
    notoserif_en_20_italicKernSparseValues,
    119,
    106,
    44,
    34,
    notoserif_en_20_italicLigaturePairs,
    5,
};
