/**
 * generated by fontconvert.py
 * name: notoserif_en_20_bold
 * size: 20
 * mode: 2-bit  compressed: true
 * Command used: fontconvert.py notoserif_en_20_bold 20 ../builtinFonts/source/NotoSerif/NotoSerif-Bold.ttf --2bit --compress --pnum --zopfli --no-default-intervals --additional-intervals 0x0020,0x007E --additional-intervals 0x00A0,0x00FF --additional-intervals 0x0152,0x0153 --additional-intervals 0x0160,0x0161 --additional-intervals 0x0178,0x0178 --additional-intervals 0x017D,0x017E --additional-intervals 0x0192,0x0192 --additional-intervals 0x02C6,0x02C6 --additional-intervals 0x02DC,0x02DC --additional-intervals 0x0300,0x036F --additional-intervals 0x2000,0x206F --additional-intervals 0x2070,0x209F --additional-intervals 0x20A0,0x20CF --additional-intervals 0x2100,0x214F --additional-intervals 0x2150,0x218F --additional-intervals 0x2190,0x21FF --additional-intervals 0x2200,0x22FF --additional-intervals 0xFB00,0xFB06 --additional-intervals 0xFFFD,0xFFFD
 */
#pragma once
#include "EpdFontData.h"

static const uint8_t notoserif_en_20_boldBitmaps[30506] = {
    0xBC, 0x96, 0x3F, 0x8C, 0xE6, 0x46, 0x19, 0x87, 0x1F, 0xDB, 0xB9, 0x35, 0xC2, 0x12, 0xD3, 0x70,
    0x42, 0x22, 0x12, 0x6E, 0x28, 0x50, 0x9A, 0xE9, 0xA5, 0x0D, 0x63, 0xFA, 0xE6, 0x8A, 0xAC, 0x28,
    0x43, 0x1D, 0x8A, 0xB4, 0x14, 0xB9, 0x8C, 0x25, 0x7A, 0x91, 0x02, 0x44, 0x41, 0x93, 0xE2, 0x8A,
    0xF0, 0x5D, 0x91, 0x5E, 0x24, 0x67, 0x53, 0xD1, 0xBA, 0x00, 0x6A, 0x17, 0x17, 0x8A, 0x50, 0xC4,
    0x85, 0x23, 0xF9, 0x8E, 0xB1, 0x5F, 0xFC, 0x93, 0xBF, 0x6F, 0x77, 0x4F, 0x9C, 0x94, 0xAB, 0x18,
    0xDB, 0x8F, 0xDF, 0xCF, 0x9E, 0xF7, 0xAF, 0xF7, 0x9D, 0xD9, 0xB8, 0x76, 0x6B, 0x5C, 0x63, 0x0A,
    0x97, 0x63, 0xF1, 0x8B, 0x9F, 0xEB, 0xFD, 0x70, 0xD3, 0xF9, 0x18, 0xAB, 0xFD, 0xC8, 0x5B, 0x80,
    0xAC, 0xF1, 0x73, 0x48, 0x71, 0xD7, 0x08, 0xA9, 0x9E, 0xB3, 0x26, 0xA4, 0xCA, 0x76, 0x38, 0x43,
    0x12, 0x3E, 0x09, 0x4B, 0xB9, 0x51, 0xCF, 0xC5, 0x86, 0x9B, 0x8B, 0x15, 0x37, 0x15, 0x69, 0x47,
    0x9E, 0xA8, 0x26, 0x61, 0xCC, 0x16, 0xAE, 0x3E, 0xE1, 0x09, 0xF0, 0x05, 0x0B, 0x90, 0x32, 0x31,
    0xE5, 0x33, 0x64, 0x4B, 0x31, 0x41, 0x3E, 0x17, 0xE2, 0x24, 0x16, 0x53, 0x39, 0x8A, 0xD5, 0xC0,
    0x8F, 0x9F, 0xBE, 0xFC, 0xFC, 0x65, 0x5B, 0xDB, 0x3E, 0x86, 0x83, 0x0F, 0xDE, 0xFF, 0xC7, 0xFB,
    0x7F, 0x68, 0x70, 0x7D, 0xDD, 0xB0, 0xD3, 0xEF, 0xAC, 0xDB, 0x00, 0xF8, 0x46, 0x0C, 0xFC, 0x5C,
    0xE4, 0x63, 0x20, 0xF2, 0x0C, 0x3A, 0x69, 0x9D, 0xF9, 0xC1, 0xF6, 0x74, 0x3B, 0xBD, 0xB9, 0x73,
    0xCA, 0x51, 0x84, 0x9F, 0x09, 0xD7, 0x17, 0x64, 0xCF, 0x1E, 0x81, 0xB7, 0x8D, 0x4C, 0xF1, 0x94,
    0xEB, 0x75, 0x9C, 0xDC, 0x7C, 0xED, 0x27, 0x3F, 0x5D, 0xD7, 0x53, 0x98, 0xAE, 0xDD, 0xB8, 0xE3,
    0xFB, 0x4D, 0x48, 0xD7, 0x9A, 0xF6, 0x11, 0xD4, 0x96, 0xC0, 0x99, 0x35, 0x14, 0x66, 0xB3, 0x42,
    0xDA, 0xF4, 0xD0, 0x7A, 0x59, 0x98, 0x20, 0xD8, 0x02, 0xEF, 0x76, 0xE9, 0x6D, 0xAE, 0xFD, 0x1A,
    0xB9, 0x76, 0x6B, 0xD7, 0x5C, 0x57, 0xAB, 0xB5, 0xD7, 0x55, 0xEA, 0xFA, 0x6B, 0xB7, 0xC4, 0x71,
    0xB7, 0xEC, 0xD7, 0xC7, 0xDD, 0x50, 0x99, 0x99, 0x0C, 0x3C, 0x07, 0x3E, 0x42, 0x01, 0xBD, 0x06,
    0x3F, 0xE4, 0xDE, 0xE8, 0x56, 0xE5, 0x87, 0x5C, 0xB7, 0x28, 0x41, 0xB7, 0xF8, 0x91, 0x6A, 0x84,
    0x7A, 0x0F, 0x1B, 0xD7, 0x43, 0x18, 0xAB, 0x05, 0xDF, 0x42, 0x18, 0xAA, 0x44, 0x00, 0x62, 0x5F,
    0x26, 0x15, 0x8F, 0xAE, 0x2F, 0x57, 0xD2, 0x59, 0xC8, 0x97, 0xB3, 0x20, 0x33, 0x48, 0x90, 0x19,
    0x34, 0x59, 0x66, 0x90, 0xBA, 0x6F, 0xE3, 0x0B, 0x64, 0x30, 0xC8, 0xA1, 0xDF, 0x5D, 0x3C, 0x73,
    0x4B, 0x18, 0xDD, 0xEC, 0xC7, 0xB4, 0xFF, 0x9A, 0x0A, 0xB3, 0xBF, 0xA6, 0xFD, 0xF7, 0x42, 0xB7,
    0x15, 0xB3, 0x34, 0xC8, 0x9A, 0x72, 0x8A, 0xFD, 0x2E, 0x80, 0x1B, 0x64, 0x15, 0xA8, 0xFB, 0xB3,
    0x10, 0x9A, 0xB3, 0x10, 0x39, 0x0B, 0xEB, 0x11, 0x1D, 0x59, 0x22, 0x4A, 0x9D, 0x62, 0x26, 0x0C,
    0x6E, 0x81, 0x72, 0xC2, 0xEF, 0x9E, 0x64, 0x06, 0x39, 0x94, 0x19, 0xCA, 0xCD, 0x7A, 0x99, 0x21,
    0xB3, 0x8D, 0x63, 0x3C, 0x78, 0xC4, 0xDD, 0xF8, 0xD0, 0x94, 0x83, 0xCA, 0x23, 0xE3, 0x38, 0xFB,
    0xA5, 0xA1, 0x00, 0x12, 0xD2, 0x23, 0x2C, 0x74, 0xBA, 0x87, 0xF9, 0x7C, 0x5F, 0x78, 0xF5, 0x9E,
    0xB0, 0x56, 0xF3, 0xAD, 0xB0, 0x43, 0xFF, 0x77, 0x49, 0xF7, 0xD2, 0x0E, 0xBB, 0xB9, 0x59, 0xE3,
    0x6C, 0x21, 0xB3, 0x15, 0xDD, 0x6B, 0xD3, 0xEF, 0xDF, 0x63, 0xDF, 0xD8, 0xE0, 0x66, 0x4A, 0xFB,
    0xAD, 0x4D, 0xF5, 0x84, 0x33, 0x2C, 0xD5, 0x23, 0x7E, 0x23, 0x98, 0xEF, 0x09, 0xAB, 0x66, 0xEE,
    0xF7, 0x24, 0x4B, 0xAD, 0xEE, 0x99, 0x19, 0xBA, 0x13, 0x0D, 0xBD, 0xC7, 0xEB, 0xFD, 0x06, 0x95,
    0x4D, 0xD4, 0x26, 0xD7, 0x69, 0xBF, 0x06, 0x3A, 0x33, 0x0A, 0xDB, 0x7E, 0xBD, 0x05, 0xFB, 0x3B,
    0x66, 0x36, 0x3B, 0x33, 0xDE, 0x36, 0x6B, 0x0A, 0x59, 0x78, 0xA8, 0xE4, 0x39, 0xFA, 0xDE, 0x27,
    0xBF, 0xD4, 0xB3, 0x53, 0xD7, 0x4F, 0xD5, 0x54, 0x8D, 0x7B, 0x8B, 0x6A, 0x90, 0x0D, 0x50, 0x0F,
    0x28, 0x43, 0x65, 0x55, 0xCB, 0xE9, 0x04, 0x36, 0x92, 0x5B, 0x4F, 0x69, 0x2D, 0xCE, 0x1A, 0xC5,
    0xAC, 0x78, 0x09, 0xBA, 0x56, 0x88, 0xBA, 0x12, 0x74, 0xAF, 0xB9, 0xE2, 0xF9, 0xD2, 0x3C, 0x5D,
    0xD2, 0x3B, 0x62, 0x56, 0xFC, 0x6A, 0x0C, 0x35, 0x83, 0x5C, 0x4E, 0xAA, 0x2D, 0x54, 0xAB, 0x6A,
    0xD7, 0x42, 0x54, 0x1F, 0xEE, 0x17, 0x8A, 0x9B, 0x4F, 0x81, 0x67, 0x40, 0x1C, 0x8F, 0xB0, 0x4A,
    0x43, 0x31, 0x29, 0x36, 0x88, 0xB3, 0x12, 0xBB, 0x6F, 0x5C, 0x41, 0xB6, 0x54, 0xD6, 0xDF, 0x5E,
    0xA5, 0x2E, 0x1B, 0x5E, 0xB9, 0xEE, 0xBF, 0x77, 0xF7, 0x92, 0x93, 0x0D, 0xBF, 0xCA, 0xE6, 0x11,
    0x97, 0x0D, 0x14, 0x32, 0xB7, 0x81, 0x57, 0x1B, 0xB7, 0xF0, 0xE5, 0x25, 0xB0, 0xFC, 0x24, 0x6C,
    0x40, 0xB6, 0xC2, 0x0F, 0x48, 0x79, 0xEF, 0xFB, 0xE4, 0x86, 0x30, 0x2F, 0xDD, 0x14, 0xB7, 0xBF,
    0xD8, 0x7C, 0x65, 0xB6, 0x35, 0x54, 0xD6, 0x92, 0x75, 0xF6, 0x82, 0x68, 0xFB, 0xB3, 0xB0, 0xEC,
    0x6F, 0xFD, 0x90, 0xEA, 0x51, 0x1A, 0xFD, 0x5B, 0xD2, 0x25, 0x17, 0x64, 0xEA, 0x3C, 0xD6, 0xEF,
    0xC2, 0xC3, 0x9B, 0xED, 0xE6, 0xBD, 0x68, 0x66, 0x49, 0x48, 0xEF, 0x9C, 0xB6, 0xD3, 0x67, 0x6F,
    0xA0, 0x76, 0x2C, 0x14, 0x0D, 0x55, 0xA2, 0xDE, 0x94, 0x6C, 0xAD, 0x3F, 0xCD, 0x26, 0x37, 0xE8,
    0x54, 0x65, 0x12, 0xA5, 0x5A, 0x8B, 0x77, 0xD1, 0x38, 0x9D, 0x9E, 0x98, 0xA5, 0xCB, 0xB9, 0x64,
    0x4D, 0xBD, 0x84, 0x35, 0x6E, 0x71, 0x0B, 0x6B, 0xBD, 0xFF, 0x82, 0x77, 0xD0, 0xDA, 0xFB, 0x18,
    0xBE, 0x90, 0x2A, 0x0B, 0xD9, 0x4C, 0x3E, 0x51, 0xE8, 0xA4, 0x1C, 0xA9, 0x06, 0x5C, 0xAF, 0xB3,
    0x6E, 0xF1, 0x0D, 0x01, 0x9D, 0x1F, 0xAB, 0x86, 0x24, 0x9D, 0xD9, 0x42, 0x3E, 0xBF, 0xE9, 0xF4,
    0xBB, 0x51, 0x69, 0x31, 0x24, 0x9A, 0x41, 0x6E, 0xFF, 0xD6, 0xE7, 0xB5, 0xA6, 0x9B, 0x70, 0x9B,
    0x7A, 0xB6, 0x5E, 0x09, 0x49, 0xA7, 0x97, 0xA0, 0x3C, 0xE3, 0x4E, 0xA3, 0x5B, 0x70, 0x17, 0x9A,
    0xD8, 0xBC, 0x39, 0xEF, 0xEB, 0x1E, 0xD6, 0x0E, 0xCB, 0x87, 0x17, 0x9D, 0x09, 0x79, 0x5F, 0x28,
    0x8D, 0x6E, 0x22, 0xB7, 0x7F, 0x5A, 0x8F, 0xDA, 0x12, 0xA8, 0x6D, 0x01, 0xB8, 0x11, 0xA8, 0x93,
    0xD8, 0x89, 0x85, 0x89, 0x5E, 0xCC, 0x4C, 0x4F, 0xFC, 0x16, 0x77, 0x86, 0x45, 0xF4, 0xA3, 0x78,
    0x85, 0xC8, 0xFF, 0x89, 0x9D, 0x98, 0xD9, 0xA6, 0xD0, 0xF6, 0xD1, 0x1C, 0xBC, 0x5D, 0x34, 0x9F,
    0x1F, 0xCF, 0xD5, 0x28, 0x7F, 0xB2, 0x41, 0xB9, 0xDB, 0x44, 0x9C, 0x55, 0x96, 0xB8, 0x0B, 0x49,
    0x54, 0xE5, 0x47, 0xB1, 0x1E, 0xF5, 0x84, 0x86, 0xB8, 0x20, 0xD3, 0xB3, 0x68, 0x13, 0x1C, 0x3D,
    0xAF, 0xAE, 0x02, 0x2A, 0xBB, 0xAB, 0x49, 0x98, 0x44, 0x95, 0x8D, 0xDC, 0xD0, 0xCB, 0x24, 0xFA,
    0x49, 0xEC, 0x7A, 0x6A, 0x32, 0x75, 0x21, 0xE5, 0x02, 0x41, 0xF6, 0xE9, 0x88, 0x5F, 0x9F, 0x9E,
    0x1E, 0x3B, 0xFD, 0xEB, 0x78, 0x1B, 0xF9, 0x7C, 0x44, 0xDE, 0xA2, 0xC8, 0x15, 0x1E, 0x36, 0xA3,
    0xE5, 0x3D, 0x1D, 0x91, 0xCB, 0x77, 0x58, 0xF1, 0x7A, 0xC5, 0xD5, 0x20, 0x82, 0x22, 0x7F, 0x35,
    0xE6, 0xD2, 0x80, 0x77, 0x94, 0x0A, 0xC1, 0x0E, 0x5A, 0x8B, 0x9E, 0x1F, 0x31, 0x26, 0x31, 0x6C,
    0x62, 0x6D, 0xA2, 0xB3, 0xE6, 0xE0, 0x4F, 0x10, 0xA3, 0x9E, 0x63, 0xE0, 0x77, 0xB6, 0xF2, 0xD8,
    0x8D, 0x58, 0x22, 0x6C, 0x4F, 0xB5, 0x9E, 0x2B, 0x42, 0x72, 0x33, 0xB9, 0x7D, 0xF0, 0x1E, 0x1A,
    0x74, 0x87, 0x77, 0xB1, 0x10, 0xA9, 0x44, 0x9C, 0x48, 0xE8, 0xC4, 0xC7, 0x22, 0x49, 0x4F, 0xF2,
    0x49, 0x2C, 0x46, 0xD1, 0xF5, 0x62, 0xDD, 0x8A, 0x01, 0xF1, 0x4B, 0x91, 0x24, 0x16, 0x93, 0x58,
    0x8E, 0xA2, 0xEB, 0x45, 0xDF, 0x88, 0xF1, 0x74, 0xB2, 0x97, 0x4F, 0xA2, 0xED, 0x63, 0x39, 0xF8,
    0xF0, 0xE6, 0xC6, 0xBE, 0x7D, 0x04, 0x7A, 0x7B, 0xC7, 0x59, 0x54, 0xA0, 0xFC, 0x48, 0x2B, 0x5C,
    0x66, 0x66, 0xD3, 0xC1, 0xE2, 0x82, 0xB9, 0xBC, 0x45, 0x65, 0x42, 0x4F, 0x2E, 0x30, 0xBB, 0x0B,
    0x38, 0xD0, 0x5E, 0x50, 0x7F, 0x63, 0xA3, 0xCA, 0xB0, 0x51, 0xBF, 0xEC, 0x6C, 0xC8, 0xCE, 0x29,
    0x5B, 0x02, 0xA2, 0xA0, 0xDA, 0xE2, 0x05, 0x6F, 0xC2, 0xF6, 0x40, 0x08, 0x10, 0xD6, 0x6E, 0x47,
    0xEA, 0x1A, 0xBA, 0x25, 0x0E, 0xB9, 0x4D, 0x61, 0xFB, 0xDC, 0x7A, 0x67, 0x66, 0x2A, 0xE8, 0xF3,
    0xBB, 0x7A, 0x6A, 0x74, 0xD6, 0x42, 0x69, 0x0A, 0xDF, 0xBF, 0xF8, 0x70, 0x85, 0x6E, 0xAC, 0x8C,
    0xCC, 0xFA, 0xC2, 0x28, 0xB4, 0x18, 0x52, 0x1A, 0xB9, 0x1A, 0x9A, 0xEC, 0x13, 0xDC, 0x8A, 0x42,
    0x13, 0xF1, 0x49, 0x0C, 0x67, 0x46, 0x6B, 0x08, 0x4A, 0x77, 0xE7, 0x57, 0x9D, 0x3E, 0xE3, 0x79,
    0x49, 0xA8, 0x4C, 0x2C, 0xAD, 0xDD, 0x59, 0x58, 0x7F, 0xD0, 0xDF, 0x63, 0xBD, 0x8A, 0x6E, 0xDB,
    0xD9, 0x56, 0x72, 0xD7, 0xEC, 0x7E, 0x8F, 0x18, 0xE4, 0xA8, 0xFB, 0xB6, 0x53, 0x6C, 0x66, 0x03,
    0x5C, 0x99, 0xD2, 0xE5, 0x61, 0xA3, 0x07, 0xEA, 0xBE, 0x20, 0xB6, 0xE2, 0x59, 0x46, 0xDC, 0x08,
    0x0D, 0x45, 0x22, 0xA8, 0x6D, 0xB4, 0x26, 0xBB, 0x59, 0xAC, 0x27, 0x14, 0xEA, 0x28, 0xC6, 0x41,
    0xB4, 0x1E, 0xB1, 0xBD, 0xED, 0xB2, 0x62, 0x13, 0xCB, 0x55, 0x74, 0x49, 0xAC, 0x17, 0x31, 0x4C,
    0x77, 0xEC, 0xEE, 0x54, 0x73, 0xA9, 0x52, 0x18, 0x52, 0x12, 0x71, 0xF7, 0x54, 0xFD, 0xA1, 0x3A,
    0x8B, 0xDD, 0x24, 0x6A, 0x5C, 0xB2, 0x88, 0x66, 0x23, 0x99, 0x7D, 0x15, 0x93, 0x12, 0x77, 0x1B,
    0xCA, 0xDD, 0x50, 0x1D, 0xAC, 0x79, 0x85, 0x76, 0xB0, 0x29, 0x4D, 0x3B, 0x74, 0xA5, 0x72, 0xCD,
    0xF5, 0x4C, 0x66, 0xA6, 0x50, 0x82, 0xAC, 0x51, 0x99, 0x35, 0xF0, 0xB6, 0x6C, 0xD2, 0x7D, 0x63,
    0xB2, 0xF9, 0x0B, 0x33, 0x85, 0x13, 0xAC, 0xD5, 0x7A, 0x6C, 0x7D, 0x58, 0x28, 0x6C, 0x08, 0x33,
    0xB9, 0x8D, 0x3B, 0xB3, 0x33, 0x87, 0xB0, 0x90, 0xDB, 0x70, 0x7C, 0x0B, 0x85, 0x21, 0x47, 0x9F,
    0xF8, 0x55, 0xF6, 0x6D, 0x86, 0x5A, 0x96, 0xE1, 0x46, 0x78, 0xCD, 0x86, 0xF3, 0x9F, 0x63, 0xC3,
    0x89, 0xDA, 0x70, 0x94, 0xB1, 0x7C, 0x25, 0xC2, 0xCE, 0xDB, 0xAF, 0xBF, 0x88, 0x71, 0xD1, 0x34,
    0x51, 0x7F, 0x09, 0x77, 0xF4, 0x2B, 0x95, 0xB5, 0xB5, 0xE1, 0xF5, 0xF5, 0xFF, 0x65, 0xD6, 0xE6,
    0xB6, 0x1B, 0x6D, 0x89, 0xF6, 0xB7, 0x9D, 0xD9, 0x93, 0x52, 0xEE, 0x65, 0xE1, 0x42, 0x59, 0x16,
    0x57, 0x72, 0xA8, 0x13, 0x55, 0x2B, 0xBF, 0xAE, 0xD7, 0xE7, 0x71, 0x13, 0x36, 0xE0, 0x56, 0x29,
    0x9D, 0xFF, 0xA3, 0xED, 0x6C, 0xB8, 0x2C, 0x21, 0x57, 0x9F, 0xFA, 0x14, 0x36, 0x1D, 0x7E, 0xAD,
    0x66, 0xFE, 0x77, 0x68, 0x4B, 0xDF, 0x8E, 0xC3, 0x2D, 0x34, 0xDF, 0x35, 0x3F, 0x6B, 0xEA, 0x39,
    0xA4, 0xB0, 0xEE, 0xEF, 0xB7, 0x72, 0x63, 0x25, 0xE5, 0x73, 0x3D, 0x76, 0xED, 0xC2, 0x31, 0xDE,
    0x12, 0x3E, 0x02, 0xCA, 0x74, 0x74, 0x8A, 0x0A, 0x0D, 0x7E, 0x95, 0x30, 0xA2, 0x06, 0x21, 0x33,
    0x09, 0x06, 0xC4, 0x59, 0x18, 0x39, 0x9E, 0x1F, 0x53, 0x35, 0xF7, 0x22, 0xAA, 0xE9, 0x55, 0x31,
    0x89, 0xCB, 0xED, 0x8E, 0xF0, 0x85, 0xF0, 0xBD, 0x0F, 0x4E, 0xA7, 0xD3, 0x67, 0x9D, 0x99, 0x25,
    0x21, 0xED, 0xEB, 0xD4, 0x8D, 0x12, 0x7E, 0xFD, 0xB8, 0x9B, 0x17, 0x85, 0x47, 0x00, 0xBF, 0x11,
    0xE2, 0x9D, 0x6D, 0x6B, 0x2E, 0xFB, 0x94, 0x93, 0x98, 0xD9, 0x25, 0x2E, 0x89, 0x97, 0xE6, 0xAF,
    0x93, 0x7E, 0x4E, 0xC7, 0x74, 0xCD, 0x96, 0x20, 0x0B, 0xE7, 0x38, 0xC3, 0x72, 0xE9, 0xB4, 0xC7,
    0x00, 0x8F, 0xEE, 0x87, 0xF0, 0x9C, 0x4A, 0x4D, 0xEB, 0xED, 0x8F, 0x36, 0x84, 0x15, 0x9B, 0xB5,
    0x65, 0xA6, 0xB8, 0x10, 0xD6, 0x7A, 0x26, 0x6C, 0xD9, 0xAF, 0x76, 0xC0, 0x81, 0xB8, 0x5E, 0x76,
    0x14, 0x5B, 0xA0, 0x38, 0x5C, 0xF6, 0x10, 0xB7, 0xA3, 0x92, 0x47, 0xDF, 0xE6, 0xE9, 0x82, 0x4C,
    0xE0, 0x09, 0xAF, 0x0C, 0xB9, 0x2F, 0xB7, 0x23, 0x23, 0xA1, 0xBD, 0x45, 0xA3, 0x17, 0x77, 0x11,
    0x66, 0x1F, 0xFC, 0xB9, 0x39, 0xEF, 0x95, 0x72, 0xA7, 0x64, 0xBE, 0x7E, 0x6A, 0x2D, 0x47, 0x42,
    0x7E, 0x82, 0x4C, 0x2A, 0xC5, 0x7A, 0xF9, 0x06, 0x1D, 0xF8, 0x11, 0x76, 0xB6, 0x47, 0x0D, 0xD1,
    0x36, 0x42, 0xD6, 0xCD, 0x3F, 0xAD, 0xC6, 0x22, 0xA9, 0x85, 0x96, 0x62, 0x2A, 0x17, 0xBA, 0xC1,
    0xCF, 0xC5, 0xE4, 0xA6, 0xDC, 0x9A, 0x7A, 0xD2, 0xDF, 0x4A, 0xB9, 0xE1, 0x77, 0xC1, 0x0F, 0x2E,
    0x21, 0x21, 0xF4, 0xF5, 0x42, 0x18, 0x77, 0xA1, 0x0D, 0x33, 0x61, 0xC8, 0xE7, 0xD8, 0x84, 0x89,
    0x28, 0x41, 0x3D, 0x16, 0xFB, 0x62, 0xEA, 0x9A, 0x38, 0xD2, 0x49, 0x60, 0x17, 0xAC, 0x2F, 0xC6,
    0x43, 0x68, 0xAB, 0x41, 0x42, 0x66, 0xAD, 0xEB, 0xBB, 0x5D, 0xAB, 0xB0, 0xD6, 0x37, 0xB1, 0xF1,
    0x4B, 0xF5, 0x61, 0x1F, 0x09, 0xAD, 0xFB, 0x6F, 0xF3, 0x66, 0x0C, 0x23, 0xB9, 0x91, 0x9D, 0xE1,
    0x62, 0x37, 0x76, 0x1A, 0x30, 0x0D, 0x30, 0xB1, 0x13, 0x2D, 0x60, 0xE6, 0xEB, 0xA0, 0x63, 0x07,
    0x36, 0x09, 0x38, 0xBC, 0x64, 0x83, 0xDD, 0x4B, 0x26, 0x70, 0x0E, 0x07, 0x93, 0x07, 0x27, 0x12,
    0x50, 0x0E, 0x4F, 0x20, 0xC7, 0x77, 0x81, 0x02, 0x69, 0x02, 0x6F, 0x0E, 0xDC, 0x0E, 0x79, 0xE7,
    0xC0, 0x81, 0x03, 0xD3, 0x67, 0xD8, 0x89, 0x83, 0xA3, 0xA1, 0xB5, 0x8D, 0xD3, 0x05, 0xD7, 0x27,
    0xF5, 0x6A, 0xB9, 0x33, 0x24, 0x7F, 0xF3, 0xFF, 0xFF, 0xEA, 0x86, 0xFA, 0x16, 0x92, 0x46, 0x7B,
    0x73, 0xF2, 0x12, 0xDD, 0xF5, 0x95, 0x76, 0xBA, 0xAB, 0xAB, 0x5E, 0xBD, 0x7A, 0xAF, 0xDE, 0xAB,
    0x12, 0xAE, 0xB3, 0xDB, 0x31, 0x14, 0xED, 0x1A, 0xC3, 0x06, 0x7D, 0xD8, 0x76, 0xE1, 0xE2, 0x32,
    0x5C, 0x97, 0x5C, 0x34, 0x7E, 0x8E, 0x3A, 0xBE, 0x1E, 0x05, 0x0E, 0x54, 0xA8, 0xA3, 0x62, 0xA6,
    0x5D, 0x54, 0xDA, 0xA6, 0xA6, 0xE0, 0x6F, 0x7E, 0xA8, 0x39, 0x91, 0x2D, 0xAE, 0xA3, 0xC4, 0x3E,
    0x14, 0x6D, 0xFB, 0xA4, 0xB4, 0x26, 0xE6, 0x48, 0x08, 0x8C, 0x0A, 0xC9, 0xF5, 0x2B, 0x7F, 0x71,
    0xF3, 0x29, 0x5A, 0x32, 0xFD, 0x37, 0x74, 0x64, 0xF6, 0x73, 0xF4, 0x64, 0x2E, 0xBF, 0xCD, 0xDC,
    0x06, 0xF6, 0x64, 0x11, 0xF7, 0x15, 0xEF, 0xC7, 0x86, 0xA7, 0xB8, 0xC3, 0x18, 0xED, 0x03, 0x57,
    0x83, 0x97, 0xD2, 0x7A, 0xEF, 0xA9, 0xDD, 0xBC, 0x7C, 0xFA, 0x37, 0x68, 0x65, 0x1D, 0xE5, 0x3F,
    0x32, 0xD2, 0x61, 0xF1, 0x4A, 0x5B, 0x81, 0x3A, 0x24, 0xD8, 0x2F, 0x2C, 0xAD, 0x59, 0x4D, 0x54,
    0xB3, 0xA8, 0x73, 0x8A, 0x46, 0x0A, 0x84, 0xB5, 0x59, 0xE6, 0x28, 0x19, 0xBB, 0x74, 0x80, 0xE6,
    0x74, 0x3A, 0xB0, 0x01, 0xAE, 0x1E, 0x73, 0x6C, 0x8A, 0x70, 0xCE, 0x11, 0x37, 0x00, 0x43, 0x82,
    0x51, 0xED, 0x56, 0xB3, 0x50, 0xE0, 0xAE, 0x68, 0x46, 0x62, 0x85, 0xBD, 0x1B, 0xAD, 0x85, 0x59,
    0x62, 0x7C, 0x86, 0xDE, 0x6D, 0x4E, 0x42, 0x0E, 0x21, 0x43, 0x4B, 0xA4, 0x07, 0x74, 0x5F, 0x07,
    0x7D, 0x52, 0xA8, 0xE3, 0xEF, 0x6D, 0xB0, 0x6C, 0xB8, 0xC6, 0x00, 0x89, 0x46, 0xF8, 0xD5, 0x57,
    0x16, 0xCD, 0x43, 0x8E, 0x88, 0xD3, 0x65, 0x57, 0x70, 0x85, 0x49, 0xEB, 0x7B, 0x0B, 0xD9, 0x01,
    0xB9, 0x26, 0xC6, 0x8D, 0x0A, 0xEB, 0x98, 0xFC, 0x02, 0x85, 0xAF, 0xC9, 0x48, 0xE2, 0xDA, 0x35,
    0x24, 0x50, 0xA1, 0xB9, 0x33, 0xAA, 0xD9, 0x30, 0x0A, 0x18, 0x46, 0x2E, 0xFD, 0xD1, 0x68, 0xC2,
    0x4A, 0x41, 0x6C, 0x48, 0x83, 0x04, 0x56, 0x50, 0x58, 0xE5, 0x19, 0xAC, 0x96, 0x0A, 0x91, 0x21,
    0x25, 0xAA, 0xAC, 0x73, 0xF2, 0x64, 0x0D, 0x70, 0x43, 0x4D, 0x05, 0x9F, 0xCB, 0xE0, 0x39, 0xA3,
    0x35, 0xA3, 0x64, 0xF9, 0x31, 0x0B, 0x8C, 0xA4, 0xA6, 0x88, 0x01, 0xA3, 0xD9, 0x4C, 0xA2, 0xC6,
    0x25, 0xC2, 0xDC, 0xA2, 0x3C, 0x61, 0x8E, 0xFA, 0x4E, 0x3C, 0xFD, 0x9E, 0xDA, 0x3B, 0x61, 0x35,
    0x9D, 0xFC, 0x3E, 0xFB, 0x48, 0xCA, 0x0C, 0x7A, 0x46, 0xC5, 0x0A, 0x21, 0x4E, 0x66, 0x1C, 0x57,
    0x67, 0xBE, 0x88, 0x26, 0x1F, 0x53, 0x80, 0x71, 0x2E, 0x78, 0x70, 0x46, 0x88, 0x78, 0x7E, 0x82,
    0x1F, 0x19, 0xE1, 0x5B, 0xA0, 0x30, 0xE8, 0xA8, 0xA8, 0xF3, 0xD5, 0x55, 0x19, 0xFF, 0x76, 0x67,
    0xFC, 0x51, 0x2D, 0x64, 0xAD, 0x90, 0x1B, 0x5B, 0x81, 0xC9, 0x2E, 0xB6, 0x89, 0x1A, 0x7A, 0x0E,
    0xD0, 0x88, 0x46, 0x0F, 0xC8, 0xE3, 0x49, 0x3C, 0x1C, 0x8F, 0xC6, 0xA3, 0x70, 0xA9, 0xA1, 0xA8,
    0x0C, 0xDF, 0x56, 0x6A, 0x28, 0x6A, 0xDF, 0x03, 0xF1, 0xBF, 0x7F, 0xF7, 0xD2, 0xAE, 0x7A, 0xB6,
    0x58, 0x26, 0x97, 0xA7, 0x31, 0xBB, 0xA6, 0x25, 0x89, 0xB2, 0xCB, 0x70, 0xF3, 0x0C, 0x9D, 0x34,
    0xCA, 0xB3, 0xBA, 0x0F, 0x0A, 0x4C, 0x62, 0x42, 0xC8, 0xBE, 0xAE, 0xB7, 0xA7, 0x2A, 0x4A, 0xDB,
    0x3A, 0xAF, 0x05, 0x73, 0x36, 0xAB, 0xC8, 0x66, 0xFA, 0x76, 0x4A, 0x86, 0x91, 0xFC, 0x5E, 0x8E,
    0x29, 0x90, 0xFC, 0xFD, 0x02, 0xA2, 0x7E, 0x67, 0xA5, 0x60, 0xAC, 0x14, 0xA9, 0x69, 0x2B, 0xF7,
    0x4B, 0x4C, 0xB0, 0x17, 0x43, 0x33, 0x9B, 0x39, 0x5E, 0x9F, 0x93, 0xB4, 0x17, 0xDE, 0xBE, 0x70,
    0x9C, 0xDA, 0xB2, 0x3F, 0xB1, 0x16, 0xEE, 0x64, 0x8A, 0x17, 0xD2, 0x14, 0x9F, 0x03, 0x97, 0x0F,
    0x80, 0xFF, 0x96, 0x9D, 0x2C, 0x8E, 0xAB, 0x20, 0xFC, 0xFE, 0xD4, 0xF3, 0x26, 0xF5, 0xF7, 0xFB,
    0xE4, 0x48, 0x96, 0x9C, 0x69, 0xFB, 0x05, 0x8F, 0xEB, 0xC0, 0x06, 0xD8, 0x2F, 0x18, 0xCE, 0x81,
    0x0F, 0xA3, 0x2F, 0xF8, 0x03, 0xBD, 0x47, 0x69, 0x1B, 0x7F, 0x8B, 0x6F, 0xCA, 0xB8, 0xCE, 0x58,
    0x3C, 0x68, 0xF0, 0xBA, 0xD4, 0xBC, 0xBD, 0x13, 0x45, 0x7D, 0x5A, 0x94, 0x92, 0xA2, 0x12, 0xA2,
    0x96, 0xE5, 0xB9, 0x9C, 0x9B, 0xAC, 0x49, 0xB4, 0x5A, 0xFB, 0x2D, 0xA0, 0x71, 0x15, 0x0B, 0xCF,
    0x81, 0xC7, 0x0F, 0x31, 0xEB, 0xB3, 0xAB, 0xA3, 0x75, 0x0E, 0xE2, 0x7A, 0x34, 0xB3, 0x9D, 0xB9,
    0x6D, 0xCD, 0xA6, 0x14, 0xE9, 0xCA, 0xC9, 0xCD, 0xDE, 0xCC, 0x3B, 0xB3, 0x68, 0x4D, 0xEC, 0xC4,
    0x5B, 0xEC, 0x45, 0x60, 0x8C, 0x9C, 0xC5, 0xA9, 0x80, 0xDB, 0xC9, 0xD1, 0x8A, 0x19, 0x7A, 0x71,
    0x83, 0x9D, 0xB8, 0x42, 0xFC, 0x7D, 0x4C, 0x66, 0x05, 0xB3, 0x40, 0x2D, 0xE6, 0xEA, 0x2F, 0x03,
    0xA2, 0xBD, 0x02, 0xC0, 0x75, 0x9C, 0xAF, 0x00, 0xF4, 0xE2, 0x43, 0xF4, 0x1C, 0xAF, 0x7E, 0x55,
    0x56, 0x84, 0x5A, 0xB3, 0x40, 0x8A, 0xA3, 0xB6, 0xBE, 0x7F, 0x24, 0xA5, 0x90, 0xB6, 0xD1, 0x3C,
    0x7F, 0x83, 0x95, 0xAE, 0xBF, 0xCE, 0x4A, 0xCB, 0x59, 0x6B, 0x6D, 0xD4, 0xB2, 0x07, 0xFD, 0x39,
    0x74, 0x20, 0xC1, 0x35, 0x23, 0x23, 0x51, 0x51, 0x84, 0x0E, 0x5C, 0x59, 0xCC, 0xC7, 0xFF, 0x9C,
    0xB0, 0x0F, 0xC9, 0x2D, 0x6B, 0x23, 0x27, 0xFA, 0x0B, 0xD5, 0x18, 0x2E, 0xBB, 0x56, 0x4C, 0xDC,
    0x36, 0xB2, 0xB6, 0x9D, 0x43, 0xFA, 0x8F, 0xAA, 0xE5, 0x08, 0x99, 0x6B, 0x19, 0xCA, 0xFC, 0x03,
    0xD5, 0x52, 0xD4, 0xDB, 0xB5, 0x6A, 0x1B, 0xB4, 0x85, 0x6B, 0x6B, 0x74, 0xEF, 0xBB, 0xB6, 0xC2,
    0xEE, 0xA7, 0xAE, 0x25, 0xD8, 0x8D, 0xAE, 0x05, 0xBC, 0x1C, 0x62, 0xAD, 0x99, 0x77, 0xB1, 0x56,
    0xE1, 0x50, 0x2B, 0xD0, 0xC7, 0xDA, 0x16, 0x5D, 0xAC, 0xE5, 0x68, 0x5D, 0xA3, 0x6E, 0xC7, 0x5A,
    0x8A, 0x52, 0xB5, 0xA5, 0x9F, 0x90, 0x3D, 0x65, 0x6A, 0x63, 0x5E, 0x26, 0xFA, 0x75, 0x00, 0x06,
    0xBA, 0x2A, 0xCD, 0xFD, 0x10, 0x46, 0xD5, 0x1A, 0x8B, 0x60, 0x04, 0xF6, 0xE2, 0xB9, 0x57, 0xC4,
    0x87, 0x3E, 0xB7, 0x99, 0xE3, 0xC2, 0x98, 0xC8, 0x36, 0x72, 0x27, 0xCE, 0x18, 0xC4, 0x11, 0x93,
    0x59, 0xC0, 0xCC, 0x51, 0x8B, 0x29, 0x3A, 0x91, 0x7D, 0x20, 0xA9, 0x52, 0x93, 0x47, 0x67, 0x16,
    0x10, 0xB9, 0x4C, 0xC5, 0x0D, 0x7A, 0x71, 0x85, 0xBD, 0x18, 0x30, 0x9A, 0x15, 0xCC, 0x6D, 0x64,
    0x16, 0xB9, 0x8E, 0x4C, 0x4C, 0xBB, 0x98, 0x49, 0x4B, 0x9B, 0xA3, 0x56, 0xCA, 0x48, 0x6B, 0x2A,
    0x35, 0xBD, 0xA5, 0xF6, 0x13, 0x5B, 0xF3, 0x46, 0xAD, 0xD7, 0x7F, 0x7E, 0x06, 0x07, 0x7C, 0xB2,
    0x11, 0xD1, 0xE3, 0xE8, 0xE4, 0x22, 0x91, 0x17, 0x8A, 0x2B, 0x4A, 0xB1, 0xE6, 0x78, 0x34, 0x21,
    0x85, 0x08, 0x79, 0x31, 0x71, 0x52, 0x5B, 0xA1, 0x31, 0xCB, 0xBB, 0xB2, 0x32, 0x8F, 0xED, 0x14,
    0x07, 0x82, 0x9C, 0x63, 0xB0, 0x3E, 0xBA, 0x1F, 0xCD, 0xA0, 0x7E, 0x05, 0xEC, 0x14, 0x88, 0xAE,
    0xA3, 0x55, 0x4A, 0x15, 0xFE, 0xE2, 0xEF, 0x9B, 0xD9, 0xE3, 0xB2, 0x79, 0xA9, 0xB4, 0x23, 0xD0,
    0x16, 0xD4, 0xD6, 0xED, 0xB3, 0xCB, 0xE8, 0x9B, 0x18, 0x35, 0xCC, 0xCD, 0x69, 0xD4, 0x50, 0xCC,
    0xC2, 0x16, 0x42, 0xDC, 0x2C, 0x66, 0x07, 0xB4, 0x27, 0xA8, 0x23, 0xA2, 0x5C, 0x88, 0x02, 0x31,
    0x4E, 0x38, 0x09, 0x25, 0x3A, 0x41, 0x36, 0x6A, 0xFE, 0xA4, 0x7C, 0x2B, 0xBB, 0xE0, 0xE3, 0x3D,
    0x0F, 0x25, 0xB6, 0x65, 0xDC, 0xC3, 0x8C, 0x86, 0xD3, 0x19, 0x9D, 0xDF, 0xF5, 0x19, 0xBD, 0x88,
    0x33, 0x2A, 0xF9, 0x06, 0xC7, 0x0F, 0x7A, 0x8E, 0x1C, 0xCD, 0x6A, 0x32, 0x0B, 0x98, 0x19, 0x3A,
    0x71, 0x8D, 0xB9, 0x56, 0xA5, 0x41, 0x2B, 0x9E, 0x35, 0xED, 0x69, 0x74, 0xD2, 0x05, 0xEA, 0xC6,
    0xB3, 0x43, 0x74, 0xD2, 0x20, 0xFA, 0x37, 0xC9, 0x4C, 0x2A, 0x70, 0x42, 0xAE, 0xF5, 0x37, 0xF9,
    0xE6, 0xE7, 0x34, 0x66, 0xE9, 0x07, 0x39, 0xFD, 0x50, 0x03, 0xB0, 0x2A, 0x9A, 0xD1, 0x4F, 0xA2,
    0x14, 0xF5, 0x35, 0xF9, 0xBB, 0x5E, 0x74, 0x32, 0x5A, 0xCA, 0x2A, 0x72, 0x4E, 0xC4, 0xE2, 0x8D,
    0xFE, 0x1D, 0xFC, 0xDE, 0x4E, 0x4A, 0x43, 0x4B, 0x41, 0xE9, 0x71, 0xC0, 0xA2, 0x36, 0xB7, 0x1E,
    0xBA, 0x84, 0x59, 0x01, 0x7B, 0xE6, 0x45, 0x97, 0x06, 0x37, 0x9A, 0x9A, 0x4C, 0x96, 0x34, 0x67,
    0xC0, 0x53, 0x6E, 0xE5, 0xF0, 0x8B, 0x31, 0xAC, 0x06, 0x96, 0x47, 0x81, 0x6E, 0xD5, 0xAD, 0x4C,
    0x4A, 0x96, 0x42, 0x19, 0x21, 0xBB, 0xEE, 0x18, 0xEF, 0x03, 0x4A, 0xBE, 0x1D, 0xBC, 0x51, 0x4D,
    0x59, 0xEA, 0x77, 0xF3, 0x78, 0x96, 0xD1, 0x65, 0xAD, 0x32, 0xA2, 0x14, 0x4E, 0x57, 0x75, 0x2C,
    0x9B, 0x7E, 0x29, 0xDB, 0x8A, 0x6A, 0xE0, 0x5C, 0x25, 0xC7, 0x74, 0xC1, 0xCE, 0x44, 0x67, 0xA5,
    0x6C, 0xD8, 0x53, 0x75, 0x99, 0xCF, 0xDE, 0x18, 0x0E, 0xA8, 0x53, 0xB4, 0x9B, 0xA1, 0xE2, 0x00,
    0x57, 0xC3, 0x35, 0x91, 0x0C, 0xCF, 0x89, 0x30, 0x46, 0xFC, 0x89, 0xF0, 0x24, 0x08, 0xE1, 0xFB,
    0x47, 0x66, 0x5C, 0xC0, 0x79, 0x3E, 0x49, 0xC4, 0x28, 0x80, 0x31, 0xD1, 0x90, 0xC4, 0xE1, 0x21,
    0xF0, 0xD1, 0xF2, 0xB9, 0xCB, 0xA0, 0xF3, 0xB0, 0x78, 0x96, 0xBD, 0x1A, 0xDE, 0x31, 0xEE, 0xBD,
    0x95, 0x5C, 0x93, 0xB3, 0xAE, 0x43, 0x28, 0xA6, 0xCE, 0x7A, 0xAF, 0x37, 0x4E, 0xEE, 0x9A, 0x01,
    0x72, 0xB4, 0xBE, 0x93, 0x13, 0x1C, 0xD2, 0x80, 0x18, 0xA1, 0xE8, 0x42, 0x0B, 0xA4, 0x99, 0x3D,
    0xC9, 0xF5, 0x9D, 0x5C, 0x50, 0x6B, 0xF7, 0x81, 0x5B, 0xCB, 0x44, 0xD4, 0x8A, 0xF2, 0x81, 0x8D,
    0x4E, 0x2A, 0x6B, 0xFF, 0x7E, 0x51, 0xFA, 0x77, 0x0B, 0x29, 0xA4, 0xCF, 0xE9, 0x73, 0xBB, 0x62,
    0x99, 0x96, 0x71, 0xA1, 0x94, 0x41, 0x1A, 0xD7, 0xAE, 0xF7, 0x5A, 0xFF, 0xFD, 0x7A, 0x17, 0x14,
    0x66, 0xA5, 0xBD, 0x4F, 0xB7, 0xD8, 0xBC, 0x96, 0x5E, 0x4B, 0x36, 0x23, 0x9B, 0xD7, 0x85, 0x85,
    0x20, 0x4E, 0xE6, 0x76, 0x7E, 0x5F, 0xCC, 0xF0, 0xD3, 0xC8, 0x51, 0xDC, 0x68, 0x32, 0x15, 0xBF,
    0x9D, 0x30, 0xF1, 0x30, 0xA9, 0xD2, 0xA6, 0x28, 0x55, 0x7E, 0x50, 0x2A, 0xC9, 0xAF, 0xD5, 0x98,
    0xF5, 0xAA, 0x2F, 0xE3, 0x7E, 0xCC, 0xF3, 0x92, 0x33, 0xBC, 0x0E, 0x6B, 0x0C, 0x3E, 0xFA, 0x28,
    0xBA, 0x98, 0x61, 0xE1, 0x7F, 0xDB, 0x8A, 0x78, 0xDC, 0xB5, 0xED, 0x5C, 0x33, 0x51, 0x06, 0x92,
    0x89, 0xF4, 0xA4, 0x8A, 0x59, 0x34, 0xDD, 0xD8, 0x91, 0xA5, 0x75, 0xDE, 0x2F, 0x5A, 0xE3, 0x35,
    0xB8, 0x06, 0x9C, 0xCB, 0xD9, 0xBC, 0x42, 0x9B, 0x8C, 0x96, 0x53, 0xFA, 0x29, 0xBA, 0xD5, 0x60,
    0xF5, 0xCC, 0x7E, 0x81, 0x9D, 0xE4, 0x94, 0x2E, 0xF5, 0x9F, 0x2D, 0x75, 0x9F, 0xFD, 0x75, 0x79,
    0x8D, 0x61, 0xE3, 0x7A, 0x5F, 0x94, 0xCD, 0x98, 0xF6, 0x96, 0x61, 0x11, 0x8A, 0x89, 0xF2, 0xE3,
    0x44, 0x55, 0xA1, 0x98, 0xB3, 0xB8, 0xBD, 0xBF, 0x0E, 0x39, 0x5C, 0x6F, 0x46, 0xDA, 0xF9, 0xBC,
    0xB6, 0x51, 0xE6, 0x6A, 0x7E, 0x56, 0x3A, 0x86, 0xA6, 0xDD, 0x47, 0x34, 0xD2, 0x7B, 0xF6, 0xCE,
    0x72, 0x96, 0x1F, 0x98, 0xA3, 0x8C, 0xFB, 0xC3, 0x76, 0xFC, 0x68, 0xD7, 0x8E, 0xCB, 0xA9, 0x19,
    0x2C, 0x7F, 0xD6, 0x8B, 0xC3, 0x1C, 0x94, 0x94, 0x9C, 0x5A, 0xC1, 0xB8, 0x02, 0xDA, 0x03, 0x1F,
    0x02, 0x2F, 0x92, 0x66, 0x2E, 0x75, 0xFC, 0x96, 0xED, 0x83, 0xCC, 0x65, 0xDE, 0x69, 0xCC, 0x92,
    0xE7, 0x86, 0x16, 0x52, 0x4D, 0x0C, 0x4E, 0x66, 0x63, 0x94, 0x1C, 0x42, 0x85, 0xB4, 0x77, 0x1F,
    0x7F, 0x1C, 0xD7, 0x30, 0x62, 0x1F, 0x26, 0x71, 0x8D, 0x51, 0x4C, 0x70, 0x9A, 0x79, 0x95, 0xE4,
    0xED, 0xBA, 0xFC, 0xBD, 0xFF, 0x84, 0xDB, 0xF9, 0xC0, 0x0A, 0xD3, 0xF8, 0x0B, 0x89, 0x36, 0x85,
    0x5A, 0x43, 0xB2, 0xAC, 0xD2, 0x87, 0x56, 0xDB, 0xFC, 0x54, 0x56, 0xAF, 0x94, 0x46, 0x25, 0x20,
    0xC7, 0xF0, 0x10, 0x9D, 0x6E, 0xD6, 0x34, 0x18, 0x15, 0xDD, 0x1F, 0x18, 0x23, 0xE0, 0x3A, 0xB2,
    0xBD, 0x60, 0xA4, 0xDF, 0x70, 0x1D, 0x8D, 0xBA, 0x3B, 0xB2, 0x22, 0x79, 0x6A, 0x2D, 0xB6, 0x51,
    0x77, 0x6A, 0x9B, 0xF3, 0x2A, 0xE6, 0xF7, 0x94, 0xAB, 0x97, 0x5E, 0xC8, 0x42, 0xC7, 0xF5, 0xB2,
    0xDB, 0xEC, 0x3C, 0xBF, 0x71, 0x9D, 0x8C, 0x79, 0xEB, 0xB9, 0x2C, 0x3C, 0x8F, 0x28, 0x08, 0xFB,
    0x02, 0xC9, 0x65, 0x14, 0xD7, 0x27, 0xEB, 0xE2, 0xED, 0x99, 0xBB, 0x5D, 0x1D, 0xEA, 0x8A, 0xA2,
    0xA3, 0xFE, 0x90, 0x9F, 0x82, 0x81, 0xCC, 0xE4, 0x64, 0xF3, 0x40, 0x6C, 0xB0, 0x23, 0xA8, 0x3A,
    0x79, 0xAD, 0xEB, 0x4B, 0x79, 0xA9, 0x11, 0xC7, 0x69, 0x3A, 0xCE, 0x9A, 0x3B, 0x6B, 0x89, 0x07,
    0x4D, 0x80, 0x13, 0xD0, 0x44, 0x13, 0x3F, 0x1F, 0x3F, 0x38, 0x10, 0x6C, 0xF8, 0xA0, 0x93, 0xD2,
    0x25, 0x6B, 0x8A, 0x13, 0x6B, 0x13, 0x2D, 0x95, 0x05, 0xDE, 0x6A, 0x14, 0xDB, 0x56, 0x0D, 0x17,
    0xAD, 0x1A, 0x6E, 0xDA, 0x02, 0xBC, 0x38, 0xD0, 0xCA, 0x6F, 0x1D, 0xB1, 0x1C, 0x28, 0xA9, 0xF2,
    0x09, 0xC6, 0x80, 0xE1, 0x0F, 0xF3, 0x1A, 0xD9, 0x39, 0x60, 0x06, 0xB0, 0x9C, 0x57, 0x7D, 0xAC,
    0xC3, 0xAC, 0x1F, 0xE9, 0x12, 0x4D, 0xC1, 0xBB, 0x0D, 0x94, 0x4E, 0x56, 0xFB, 0x12, 0x0C, 0x8F,
    0x1E, 0x36, 0xBD, 0x2F, 0xC7, 0xD0, 0xD0, 0xF3, 0x06, 0xE3, 0xA8, 0xD7, 0x73, 0x5D, 0x8A, 0x29,
    0xFC, 0x9D, 0x32, 0xE4, 0x77, 0xFF, 0x42, 0x58, 0x4E, 0xCD, 0x74, 0x8C, 0xF9, 0x08, 0xB0, 0xE6,
    0xE5, 0xFF, 0x4F, 0xEF, 0x0A, 0xCB, 0xCB, 0xEF, 0xE5, 0xE8, 0x2E, 0x84, 0xF0, 0x67, 0xB6, 0x43,
    0x2A, 0xAB, 0xFA, 0x68, 0xAE, 0x6D, 0xC4, 0x57, 0xAF, 0x64, 0xF9, 0x3E, 0x97, 0x5D, 0xEC, 0x64,
    0x35, 0xDB, 0xE7, 0x3A, 0x24, 0xA9, 0xF4, 0x25, 0x2E, 0x84, 0x6B, 0xAD, 0xAA, 0x91, 0xBE, 0x2A,
    0x19, 0x8E, 0x82, 0xA0, 0x4B, 0x5C, 0x0D, 0x72, 0x60, 0xA3, 0x3E, 0x70, 0x6D, 0xA7, 0x15, 0xFC,
    0x3C, 0xBA, 0x5A, 0x9E, 0xE0, 0xD3, 0xF4, 0x58, 0x4E, 0xEC, 0xDF, 0x06, 0x35, 0x7F, 0xB9, 0x58,
    0xBE, 0x3F, 0x70, 0x92, 0xCE, 0x9A, 0x5F, 0x49, 0x11, 0x75, 0x1F, 0xEC, 0x16, 0xDA, 0x30, 0x57,
    0xDE, 0x21, 0x31, 0xB1, 0x21, 0xE7, 0xD7, 0x78, 0x87, 0x79, 0x52, 0x5E, 0x40, 0xFE, 0x16, 0xCE,
    0x0F, 0xD2, 0x9C, 0xE6, 0x08, 0x7E, 0x15, 0xB3, 0xCA, 0xE9, 0xA4, 0xDC, 0xEA, 0xDF, 0x0B, 0x35,
    0xA8, 0xCF, 0xFF, 0xFA, 0x97, 0x72, 0xCF, 0x3F, 0xE0, 0xBE, 0x73, 0xDA, 0x60, 0xA0, 0xEB, 0x62,
    0xB7, 0x3F, 0xB2, 0xBE, 0x0F, 0xC4, 0x9F, 0x1B, 0xC9, 0x5D, 0x42, 0x99, 0x7D, 0x44, 0xFA, 0x5A,
    0x68, 0x64, 0xD3, 0xBF, 0x54, 0xFA, 0x05, 0xF8, 0x77, 0x4C, 0x84, 0x14, 0x63, 0xA9, 0x66, 0x84,
    0x62, 0x04, 0x22, 0x25, 0x8E, 0x07, 0x2E, 0x9B, 0x3B, 0x23, 0x25, 0xDC, 0x8A, 0x50, 0x06, 0x38,
    0xFE, 0xA0, 0xB0, 0xE7, 0xB0, 0xC1, 0xFF, 0xDE, 0x82, 0xB9, 0x86, 0x9F, 0x03, 0xBB, 0x05, 0x6D,
    0xE5, 0xB5, 0x9C, 0x3C, 0x66, 0x41, 0xB1, 0xEB, 0x22, 0x04, 0x66, 0x0C, 0x3C, 0xCB, 0x1F, 0x37,
    0xA8, 0xF3, 0x29, 0xE3, 0x39, 0xBF, 0x36, 0xCA, 0x8B, 0xF8, 0xB3, 0xCE, 0xD1, 0xCD, 0xF4, 0x75,
    0xC5, 0x1C, 0x0B, 0xCD, 0x92, 0x46, 0xF5, 0xC7, 0x74, 0x3A, 0x7F, 0xB9, 0x41, 0x9F, 0x4C, 0x09,
    0xD0, 0xF0, 0xE7, 0xB5, 0x2F, 0x47, 0xA9, 0xDB, 0x92, 0xBA, 0xFA, 0xF6, 0x13, 0x22, 0x06, 0x3D,
    0xCF, 0x8C, 0xB5, 0xB1, 0xFA, 0x06, 0x24, 0xC4, 0xD9, 0x2C, 0x54, 0xF8, 0x2F, 0x39, 0x0E, 0x4C,
    0x8A, 0xFE, 0x5E, 0x56, 0x4E, 0x28, 0x67, 0x42, 0x29, 0xD3, 0x08, 0x67, 0x9D, 0x67, 0x42, 0xBB,
    0x05, 0x62, 0xBA, 0x33, 0x66, 0x41, 0x5F, 0x77, 0x63, 0x6E, 0x3A, 0x75, 0x90, 0x91, 0xEB, 0x67,
    0xE7, 0xC9, 0x49, 0xEF, 0xA1, 0x42, 0xC7, 0xF4, 0x4D, 0xB1, 0x20, 0xF1, 0x51, 0x79, 0xD2, 0xBC,
    0x38, 0x46, 0x07, 0x0D, 0xA0, 0x7B, 0x12, 0xBE, 0xA3, 0x40, 0x01, 0xF3, 0x55, 0xE6, 0xE0, 0xC4,
    0x6F, 0x39, 0x4F, 0x6D, 0x11, 0xCB, 0xA7, 0xE7, 0x4B, 0x09, 0xC0, 0xA5, 0xFE, 0xE5, 0xE9, 0x53,
    0x2E, 0x9C, 0x63, 0x62, 0x7E, 0xFB, 0x3B, 0x97, 0xA0, 0x52, 0x69, 0x41, 0x2E, 0x2B, 0xDF, 0xB0,
    0x33, 0xBF, 0xE1, 0xA6, 0x51, 0x5A, 0xB7, 0xD1, 0x69, 0x94, 0xA5, 0xEE, 0x67, 0xAB, 0x4B, 0xA7,
    0xE0, 0x2D, 0x89, 0x1F, 0x23, 0xE4, 0x33, 0x97, 0xD7, 0xB8, 0xE6, 0x65, 0xBE, 0xD5, 0x0B, 0x87,
    0x40, 0xD5, 0xA1, 0xF8, 0xD3, 0x66, 0x7A, 0xAA, 0x75, 0xDB, 0xAA, 0x78, 0xD4, 0xCC, 0x57, 0xA5,
    0xFE, 0x70, 0x4F, 0x05, 0x25, 0x77, 0x86, 0x78, 0xCF, 0xC7, 0x85, 0x9F, 0x78, 0x76, 0xBC, 0x6A,
    0x5E, 0xF0, 0xF6, 0x18, 0x14, 0x33, 0xDC, 0xA0, 0x1F, 0xD7, 0xA8, 0x8B, 0xFD, 0x4F, 0x74, 0x45,
    0x9E, 0x02, 0xCC, 0x27, 0x5E, 0xDD, 0xC8, 0x58, 0x9E, 0xBC, 0x72, 0x0E, 0x2E, 0xE4, 0x23, 0xF7,
    0x4B, 0xC5, 0xC0, 0xD8, 0xCF, 0xFA, 0xE2, 0x70, 0x84, 0x4B, 0xF3, 0x5A, 0x3A, 0x65, 0x8F, 0xA7,
    0x72, 0x83, 0xAB, 0x4F, 0x74, 0xC3, 0x43, 0x99, 0x60, 0x45, 0xAD, 0x0D, 0xC7, 0x9C, 0xB0, 0xEC,
    0xE5, 0x8D, 0x77, 0x85, 0x0E, 0x51, 0x74, 0x45, 0x66, 0x07, 0xDD, 0xF2, 0x66, 0x59, 0x75, 0x4D,
    0xA7, 0xB8, 0x6E, 0xCF, 0xC4, 0x94, 0x13, 0x13, 0x31, 0x4D, 0xF1, 0x1E, 0x3E, 0xBA, 0x17, 0x63,
    0x72, 0x73, 0x6A, 0x4C, 0x94, 0x79, 0xB9, 0xC5, 0x48, 0xC8, 0x1B, 0xC3, 0x99, 0x0D, 0x8C, 0x11,
    0x31, 0xC5, 0x73, 0x9F, 0x18, 0x09, 0x86, 0xDB, 0x52, 0x71, 0xF4, 0x5B, 0x0C, 0x86, 0xFB, 0xAA,
    0x00, 0x77, 0xCF, 0x61, 0xE9, 0xCD, 0xBA, 0xA2, 0x98, 0xE3, 0xC3, 0x3B, 0xB5, 0x8F, 0x25, 0x04,
    0xBE, 0x57, 0xF7, 0x74, 0x3E, 0x41, 0xBB, 0xC2, 0xB7, 0x16, 0xC2, 0x9E, 0xEB, 0xB6, 0x9A, 0xF9,
    0x5A, 0x2A, 0x29, 0xD7, 0x9E, 0x9F, 0x07, 0x4F, 0x9F, 0xE4, 0x98, 0x97, 0x17, 0x77, 0xA2, 0xC5,
    0x5B, 0xBF, 0xA6, 0xC3, 0x8B, 0xF7, 0x4A, 0x94, 0x02, 0xDB, 0x5D, 0xA0, 0xC5, 0x1C, 0x70, 0xF9,
    0xF6, 0x93, 0x7C, 0x44, 0xB2, 0xAC, 0xF1, 0x05, 0x29, 0x64, 0xD6, 0x37, 0x06, 0xAF, 0xF0, 0x10,
    0x4D, 0x2B, 0xC0, 0x99, 0x92, 0x51, 0xF0, 0xB9, 0xC4, 0xBE, 0x68, 0x85, 0x46, 0xF8, 0x12, 0x3D,
    0x01, 0xEC, 0x8D, 0x51, 0xA8, 0x66, 0x62, 0xDC, 0xA2, 0x8C, 0x89, 0x97, 0x78, 0xCE, 0x40, 0xD0,
    0x64, 0xC4, 0xAD, 0x13, 0xDF, 0xCD, 0x71, 0x92, 0x29, 0xD6, 0x14, 0x03, 0x11, 0x9E, 0x0D, 0x1C,
    0x1F, 0x07, 0xC7, 0x91, 0x25, 0x77, 0x99, 0xA0, 0x7B, 0x9E, 0xE0, 0x45, 0x79, 0x52, 0x5A, 0x63,
    0x6D, 0xE8, 0x77, 0x4D, 0x54, 0xBC, 0x2D, 0x3E, 0x07, 0x06, 0xE5, 0x4D, 0x12, 0xDC, 0xDE, 0x62,
    0x9E, 0x01, 0x8D, 0x98, 0x77, 0xB4, 0x72, 0xD4, 0x5E, 0x19, 0xA8, 0x3D, 0x64, 0x65, 0xA5, 0x53,
    0x8F, 0x5E, 0xDA, 0xFC, 0x4E, 0x54, 0xBB, 0x83, 0xC0, 0x19, 0x67, 0x6B, 0x49, 0x69, 0xF6, 0xBF,
    0x5A, 0xE5, 0xE0, 0x6F, 0xE2, 0xC0, 0xBB, 0x05, 0x9F, 0xCB, 0x97, 0x70, 0xC0, 0xA3, 0x07, 0xFB,
    0xBD, 0x9B, 0x80, 0xCB, 0xDF, 0x31, 0x01, 0xC9, 0x33, 0x1A, 0xD5, 0xDC, 0x69, 0x2C, 0x9B, 0xD0,
    0x3E, 0xD3, 0x36, 0x6F, 0x8D, 0x76, 0xA9, 0xAC, 0x38, 0x1D, 0x74, 0xDE, 0xF4, 0x5C, 0xBC, 0x3E,
    0x2A, 0xCD, 0x9D, 0x8E, 0xE5, 0xF0, 0x66, 0xE9, 0xCF, 0xF8, 0xF3, 0xFE, 0x6E, 0xC6, 0xB2, 0xD7,
    0x19, 0x48, 0xBB, 0xBC, 0x78, 0x21, 0x0C, 0xFB, 0x0B, 0x7C, 0xC5, 0xD3, 0xD5, 0xF2, 0x74, 0x34,
    0x35, 0xE5, 0x7B, 0x1F, 0xF3, 0xDF, 0x3B, 0xA7, 0x9E, 0x3E, 0xB5, 0xC0, 0x7E, 0xFD, 0x3F, 0x51,
    0x60, 0x6A, 0x5B, 0x7B, 0xC2, 0xE3, 0x9E, 0xE9, 0x98, 0xEC, 0x4E, 0xD5, 0xAC, 0xF4, 0xE4, 0x2E,
    0x88, 0x5F, 0x18, 0x4E, 0x36, 0x60, 0xDA, 0x68, 0xEA, 0x87, 0x26, 0xE2, 0x33, 0xFD, 0xEC, 0x2B,
    0x60, 0x67, 0x33, 0x5E, 0x13, 0xBA, 0x3F, 0xA8, 0x75, 0xFA, 0x8D, 0x58, 0x61, 0x24, 0x2E, 0x9C,
    0xF6, 0x8E, 0xB6, 0xEE, 0x51, 0xDC, 0x3E, 0x9D, 0x5D, 0x71, 0xA8, 0xA1, 0x42, 0x5F, 0xA0, 0x4B,
    0x74, 0xFD, 0xAE, 0x5B, 0xE3, 0xE5, 0x75, 0xC3, 0x5E, 0x7D, 0xEF, 0x1B, 0xA1, 0x78, 0xCE, 0xF6,
    0x92, 0xD8, 0xE2, 0x67, 0x44, 0xF2, 0x24, 0x21, 0x96, 0xCA, 0xB7, 0x6F, 0xED, 0x1C, 0xA2, 0xAE,
    0x1A, 0x6D, 0x58, 0xD6, 0xCE, 0x53, 0xAF, 0x96, 0xF0, 0xE1, 0x72, 0x19, 0x62, 0xCA, 0x34, 0x70,
    0xDF, 0x30, 0x88, 0xF8, 0x2D, 0xD0, 0xAE, 0xF0, 0x85, 0xEC, 0xE3, 0xED, 0x07, 0x2C, 0x91, 0xB0,
    0x9C, 0x82, 0x67, 0xF3, 0x43, 0x95, 0x47, 0xCB, 0xFA, 0x7B, 0x5F, 0xB7, 0x28, 0x64, 0x45, 0x5D,
    0x86, 0xF7, 0xE6, 0x4B, 0x6D, 0x38, 0x99, 0xE4, 0x41, 0xC8, 0xF7, 0x09, 0xEA, 0xA2, 0x0F, 0x0D,
    0x0B, 0xDD, 0xA6, 0xFB, 0x8B, 0x78, 0x91, 0x1A, 0xBE, 0x46, 0xAB, 0x25, 0xC1, 0x6D, 0x01, 0xAB,
    0x0D, 0xF5, 0x93, 0xE6, 0x9D, 0xB3, 0xD9, 0x25, 0x5C, 0x22, 0x5B, 0x5E, 0x8E, 0xAE, 0x96, 0x09,
    0xEC, 0x9B, 0xDA, 0xFB, 0x08, 0x5E, 0xAA, 0xDD, 0x70, 0x5B, 0x08, 0x4A, 0x9E, 0x73, 0x2E, 0x3D,
    0x59, 0x71, 0xBA, 0x37, 0x0A, 0xCF, 0x58, 0x64, 0x2C, 0x8A, 0xA5, 0x48, 0xF0, 0xFA, 0x49, 0xD8,
    0xB2, 0xF9, 0x82, 0xC5, 0x23, 0xDC, 0x7C, 0x22, 0xC5, 0xB9, 0x8F, 0x62, 0xF0, 0x06, 0x4D, 0x4A,
    0xA7, 0x28, 0x41, 0x12, 0xF1, 0x65, 0xE9, 0xC5, 0x57, 0x3D, 0x58, 0xDC, 0x39, 0xD0, 0x71, 0xF5,
    0x47, 0xA4, 0xD4, 0x41, 0x5D, 0x09, 0x0E, 0x11, 0xCD, 0xBD, 0x00, 0x44, 0x1F, 0x91, 0xF8, 0xFE,
    0xD4, 0x5A, 0x7E, 0x68, 0xCA, 0xBD, 0xA0, 0x51, 0xCD, 0xDC, 0x43, 0x8E, 0x85, 0xD4, 0xB2, 0xDF,
    0x2E, 0xF0, 0xFF, 0x0F, 0xC2, 0x8D, 0xF3, 0xF2, 0x82, 0x12, 0xB0, 0x5D, 0x23, 0xB4, 0xD2, 0xDA,
    0x51, 0x3A, 0xBC, 0xE6, 0x96, 0x45, 0x41, 0xAC, 0x16, 0x34, 0xAD, 0xD7, 0xA0, 0x2C, 0x6C, 0xA5,
    0x68, 0x56, 0x21, 0x63, 0xA9, 0xFD, 0x76, 0xE1, 0x0D, 0xF7, 0xFB, 0xDE, 0x71, 0x3F, 0x77, 0x8E,
    0x6E, 0x94, 0xDA, 0xB6, 0x83, 0xF0, 0x8B, 0xBD, 0xF4, 0xFC, 0x0B, 0x29, 0x33, 0x5E, 0xF5, 0x04,
    0xED, 0xB5, 0x24, 0x18, 0xF3, 0x2D, 0x35, 0x41, 0xDB, 0xE0, 0xD6, 0x68, 0xA9, 0x98, 0xEE, 0x5F,
    0x7C, 0x3F, 0x27, 0xB0, 0xDD, 0x2C, 0xE3, 0x42, 0xCD, 0x5A, 0xBA, 0x5B, 0x81, 0xC6, 0x73, 0xE0,
    0x5C, 0xE7, 0xEE, 0x65, 0x3E, 0x2A, 0xF1, 0xCC, 0xF5, 0xA8, 0x30, 0x3C, 0x34, 0xDA, 0xF1, 0xA8,
    0xBB, 0xBA, 0x1E, 0x90, 0xD7, 0xBA, 0x13, 0x0C, 0xB8, 0xD3, 0x93, 0x42, 0x40, 0xDD, 0xB2, 0x5D,
    0x7D, 0x81, 0xF6, 0xAF, 0xD4, 0xF5, 0xF5, 0xE7, 0x68, 0x9F, 0xAB, 0xB6, 0xF9, 0x57, 0x74, 0x4E,
    0x20, 0xFF, 0xA0, 0x45, 0xEF, 0x31, 0xFC, 0x5D, 0xDB, 0xFC, 0x76, 0xAF, 0xDA, 0xBF, 0x94, 0xD5,
    0x97, 0x4E, 0x23, 0xFF, 0x26, 0x14, 0xB7, 0x4E, 0x24, 0xCF, 0x61, 0xAB, 0xF1, 0xD8, 0x76, 0xC6,
    0xE4, 0xA7, 0x73, 0xFE, 0xEA, 0x42, 0x0A, 0x27, 0xCC, 0xA8, 0xF1, 0x41, 0x35, 0xDA, 0x05, 0x8F,
    0xF2, 0x31, 0x43, 0x18, 0xE5, 0xF1, 0xFA, 0x2D, 0x21, 0x7B, 0xA5, 0x6B, 0xED, 0xC5, 0x82, 0x9D,
    0xF2, 0x73, 0x79, 0x2B, 0xA9, 0x16, 0xB6, 0x09, 0x93, 0x93, 0x58, 0x03, 0x51, 0x9C, 0xE4, 0xAD,
    0x52, 0x83, 0xF6, 0x4D, 0x7F, 0x1B, 0x88, 0x6B, 0x85, 0x46, 0x89, 0xCF, 0x97, 0x36, 0x3B, 0x7D,
    0x26, 0x6B, 0xE3, 0xA5, 0x4C, 0x69, 0xB3, 0x42, 0x63, 0x7A, 0xDC, 0x33, 0xE9, 0xC2, 0xB8, 0x05,
    0x86, 0x88, 0x45, 0x4F, 0x38, 0x07, 0x00, 0xD6, 0x40, 0x84, 0x92, 0xB3, 0x5B, 0x8E, 0xA5, 0xA3,
    0xB4, 0xA9, 0x82, 0xF1, 0x96, 0xE7, 0xB6, 0xF6, 0x2C, 0x04, 0xA9, 0x4B, 0xE5, 0x68, 0xE6, 0xB9,
    0xE3, 0xE1, 0x51, 0xF2, 0x4E, 0x9C, 0x6D, 0x5E, 0x39, 0xD1, 0xFC, 0xD7, 0xCE, 0x2B, 0xFF, 0x53,
    0x2F, 0xFC, 0xB3, 0xB3, 0xC9, 0xBF, 0xD4, 0x18, 0x60, 0x95, 0x68, 0xA2, 0xBC, 0x22, 0x26, 0x21,
    0x1F, 0x85, 0x6C, 0x30, 0xF6, 0xC6, 0x4E, 0xD8, 0xF6, 0x42, 0xD1, 0x0A, 0x6E, 0x64, 0xED, 0x6F,
    0x5F, 0x4C, 0x31, 0xE3, 0x6C, 0xD4, 0xC4, 0x7B, 0xF1, 0x1E, 0xF2, 0xD3, 0xE5, 0xF1, 0xDD, 0xD5,
    0x32, 0x73, 0xC6, 0xE4, 0xE6, 0xAA, 0x61, 0x88, 0xAF, 0x89, 0x6C, 0x75, 0x74, 0xAA, 0xCB, 0x06,
    0x0F, 0xA2, 0x90, 0x73, 0x1C, 0x3B, 0x24, 0x19, 0xDA, 0x90, 0x6B, 0x59, 0x2A, 0xB5, 0x6E, 0x75,
    0x76, 0x5A, 0xFE, 0xCC, 0x6E, 0xB4, 0x5D, 0xA9, 0x15, 0x6E, 0x72, 0xF2, 0x9A, 0xEE, 0xB0, 0xA8,
    0xB7, 0x00, 0xF5, 0x5A, 0x65, 0xA5, 0x72, 0xE9, 0xD2, 0x95, 0x52, 0xC8, 0x94, 0xCF, 0x67, 0x9A,
    0xFD, 0xD8, 0x52, 0x31, 0x7F, 0xD7, 0xA2, 0x9A, 0xE2, 0x56, 0xFB, 0x02, 0xBD, 0x74, 0x33, 0x8A,
    0xF5, 0x0C, 0x7B, 0x69, 0xA8, 0x06, 0xF0, 0x56, 0x2D, 0xE7, 0xF0, 0x28, 0xE5, 0x8F, 0x3C, 0x4D,
    0x7A, 0x3E, 0x9E, 0xEE, 0xFA, 0x28, 0x2C, 0x90, 0xCD, 0xFF, 0x5B, 0x09, 0x4E, 0x32, 0xAC, 0xDC,
    0xA5, 0xEF, 0x5C, 0xB8, 0x4B, 0xCA, 0xE5, 0xDF, 0xC4, 0x74, 0x6C, 0x02, 0xC4, 0x2C, 0x6D, 0x14,
    0xDE, 0x77, 0x6D, 0xB4, 0x1A, 0x2D, 0x23, 0x1F, 0x44, 0xC9, 0xE3, 0xC8, 0xED, 0xF9, 0xF9, 0x07,
    0xA6, 0x3F, 0x69, 0x28, 0x39, 0x93, 0xB4, 0x85, 0xF9, 0x7F, 0xA0, 0x2C, 0xCA, 0x6D, 0x59, 0xF5,
    0x55, 0x28, 0x42, 0x46, 0xC7, 0xA3, 0xB4, 0x7D, 0xA1, 0xEB, 0x84, 0x7E, 0xFE, 0x0F, 0xBC, 0x96,
    0x31, 0x90, 0x1D, 0x37, 0x1D, 0xC6, 0xBF, 0x5D, 0xCD, 0x59, 0x4C, 0xB6, 0x50, 0xC3, 0x51, 0x40,
    0xA1, 0xDE, 0x33, 0x20, 0xFA, 0xC2, 0xDA, 0x0C, 0x45, 0x0A, 0x0A, 0xAE, 0xF0, 0x73, 0x93, 0xBE,
    0x09, 0xC5, 0xB5, 0x14, 0xD8, 0xDA, 0x99, 0x14, 0x14, 0x34, 0x57, 0x90, 0x1A, 0x8A, 0x14, 0xC9,
    0xA3, 0x80, 0x9A, 0x31, 0xAC, 0xE8, 0x8B, 0x88, 0x9A, 0xC2, 0xCB, 0xE4, 0x02, 0x93, 0x50, 0x58,
    0xC5, 0xCE, 0xB0, 0x67, 0xB4, 0xFB, 0x21, 0xE9, 0xED, 0xC5, 0x87, 0x4D, 0x30, 0x05, 0x93, 0xEF,
    0x3D, 0xFD, 0xFE, 0x9F, 0xF5, 0x97, 0xFE, 0xDE, 0xB9, 0xEF, 0xDE, 0x9B, 0xBB, 0x77, 0x65, 0x17,
    0x97, 0xDC, 0xEA, 0x56, 0x9B, 0x74, 0x44, 0x95, 0x0C, 0xDD, 0xD4, 0x4D, 0x6A, 0x52, 0xB1, 0xBC,
    0x74, 0xD4, 0xB3, 0x9E, 0xCD, 0x6C, 0x16, 0xBB, 0xD8, 0x54, 0x5F, 0xF5, 0xFC, 0xB8, 0xBE, 0xF7,
    0x31, 0xA0, 0x7A, 0xDC, 0x41, 0x73, 0x79, 0x0D, 0x18, 0x72, 0x02, 0xC9, 0x24, 0xF8, 0xEC, 0x37,
    0x9B, 0xA2, 0xFA, 0x11, 0xF5, 0xA6, 0x7E, 0x48, 0xBB, 0xAA, 0x77, 0x56, 0x9B, 0xD4, 0x3B, 0xB3,
    0x4B, 0xF9, 0x70, 0xC5, 0xF8, 0x1F, 0xF0, 0xB2, 0x6B, 0xD7, 0x82, 0x4D, 0xF5, 0xDF, 0xD0, 0x54,
    0xFD, 0x77, 0x15, 0x9F, 0xBD, 0xBD, 0x0A, 0xF2, 0x79, 0x02, 0xC9, 0x19, 0x9A, 0x1C, 0x80, 0xCB,
    0x5F, 0xE0, 0x95, 0xC7, 0xD8, 0xD5, 0xD6, 0xB6, 0x21, 0x17, 0x60, 0xBC, 0x19, 0xD7, 0xBC, 0xE1,
    0x35, 0x21, 0x38, 0x74, 0x84, 0xFC, 0xF2, 0xBD, 0x16, 0x8A, 0xA9, 0x30, 0x4B, 0xB0, 0xAF, 0x1C,
    0x80, 0x72, 0x3E, 0xB3, 0xA9, 0x64, 0x96, 0xDF, 0x79, 0x1C, 0x5F, 0x1C, 0x7B, 0xC0, 0x2E, 0xC8,
    0x32, 0xA9, 0x50, 0xDF, 0xE5, 0x52, 0x19, 0x0B, 0xED, 0x54, 0xE8, 0x06, 0xA0, 0xC7, 0xF6, 0x10,
    0xF0, 0x82, 0xBC, 0x96, 0xDE, 0xD4, 0x41, 0xEE, 0xC4, 0x2F, 0x46, 0xB2, 0x7F, 0x8C, 0x7B, 0x5C,
    0x71, 0x01, 0x9C, 0x5D, 0xE0, 0x0C, 0xC0, 0xA0, 0xFB, 0x43, 0x1B, 0xED, 0x33, 0xFE, 0x79, 0x56,
    0x24, 0x83, 0xE0, 0x23, 0xF6, 0x62, 0x81, 0xED, 0xE5, 0x04, 0xE5, 0x3B, 0x8F, 0xCE, 0xAB, 0x8C,
    0x90, 0x21, 0x43, 0x75, 0x5D, 0x69, 0x88, 0x19, 0x66, 0x10, 0x5B, 0xC3, 0xBE, 0x2B, 0xD7, 0xCC,
    0x73, 0x72, 0xD6, 0x6F, 0xFF, 0xEE, 0x07, 0xB1, 0x0E, 0x1D, 0x49, 0xC1, 0x74, 0xE2, 0x25, 0x6F,
    0x9A, 0x71, 0xE9, 0x38, 0xC1, 0x78, 0xC1, 0x90, 0xAF, 0xB5, 0xD9, 0x5B, 0x80, 0x11, 0x0F, 0x80,
    0x71, 0xC6, 0x53, 0xC0, 0x26, 0xA4, 0xCC, 0xB5, 0x99, 0x01, 0x4D, 0x11, 0x01, 0x45, 0x19, 0x00,
    0xC9, 0x9F, 0x7B, 0x40, 0xF0, 0x93, 0x01, 0x68, 0xF8, 0x1C, 0x85, 0x5B, 0xD9, 0xC8, 0xF2, 0x27,
    0xE2, 0xE0, 0xD6, 0x03, 0xEA, 0x88, 0x2C, 0xB7, 0xFE, 0x7B, 0xB7, 0x29, 0xDD, 0xBE, 0x76, 0xEF,
    0x9E, 0xA9, 0xA9, 0x95, 0x6D, 0x32, 0xED, 0xFC, 0x68, 0x7D, 0x45, 0xD8, 0xF5, 0x7A, 0xA3, 0x29,
    0xB1, 0x38, 0x26, 0x34, 0xFC, 0x3B, 0x7B, 0x99, 0x40, 0xAF, 0x22, 0x5C, 0x81, 0x0D, 0x3A, 0xC3,
    0x67, 0x7C, 0x0F, 0x6A, 0x06, 0xA0, 0xD6, 0x8C, 0x8E, 0x03, 0x20, 0xB8, 0x00, 0x92, 0xD9, 0xEA,
    0xE7, 0xD9, 0xDA, 0xF7, 0x49, 0xD8, 0xDE, 0x31, 0xB8, 0x41, 0x32, 0xDA, 0x00, 0xB7, 0xD8, 0x19,
    0x2A, 0x99, 0x0D, 0x32, 0x29, 0x4E, 0x22, 0x09, 0x6E, 0x22, 0x61, 0xE4, 0xDF, 0xF2, 0x36, 0x39,
    0xA1, 0x21, 0x3D, 0xA0, 0x0B, 0x1A, 0x86, 0x1A, 0x7B, 0xEB, 0xA1, 0xA2, 0x2A, 0xD0, 0x01, 0x5D,
    0x34, 0x13, 0xD4, 0xA4, 0xF3, 0x71, 0xAF, 0x56, 0xD8, 0x3C, 0xF7, 0x0B, 0x96, 0x5B, 0x0B, 0x70,
    0xEF, 0xD8, 0xE3, 0x2C, 0xBF, 0x9C, 0xB7, 0x81, 0xC1, 0xC5, 0xBA, 0xBC, 0x8D, 0xB6, 0xD7, 0x1E,
    0x77, 0xB4, 0x3F, 0x62, 0xD6, 0x48, 0x9E, 0x9E, 0xFD, 0x83, 0x77, 0xCB, 0x86, 0x9D, 0x00, 0x13,
    0x01, 0x02, 0x10, 0x09, 0x6D, 0xC2, 0xD9, 0x43, 0x8C, 0x90, 0xB1, 0x21, 0x07, 0x33, 0x28, 0xDF,
    0x6D, 0x63, 0x54, 0x5E, 0x0F, 0x26, 0xC8, 0x59, 0x4E, 0x16, 0x0E, 0x22, 0x8A, 0xF8, 0x00, 0x1B,
    0xDA, 0xAB, 0x76, 0x7E, 0xDC, 0xAC, 0xC8, 0x5A, 0x7E, 0xDF, 0xA6, 0x5A, 0x9F, 0x8A, 0x5A, 0xD3,
    0x57, 0xD5, 0xFD, 0x5C, 0xBA, 0xBD, 0x57, 0xE6, 0x00, 0xCD, 0x6C, 0x31, 0xF6, 0xF8, 0xBE, 0x88,
    0xA6, 0xB7, 0x01, 0xB3, 0x28, 0xFF, 0xE3, 0x8B, 0x1F, 0x47, 0x15, 0xBA, 0x49, 0x90, 0x83, 0xF6,
    0x62, 0xC1, 0xFD, 0x0F, 0xE1, 0x50, 0x8F, 0xB7, 0x2B, 0x60, 0x03, 0xA0, 0x67, 0x40, 0x6D, 0x17,
    0xF7, 0x4E, 0x3F, 0x39, 0xB2, 0xF4, 0xF0, 0x1D, 0x32, 0xA0, 0xE8, 0xFC, 0x22, 0xA3, 0x19, 0x6F,
    0xA0, 0x48, 0x6F, 0xA2, 0x0B, 0x66, 0xB2, 0xD3, 0xD9, 0x95, 0x8D, 0x38, 0x73, 0x51, 0x92, 0xD1,
    0xDE, 0xD8, 0xBC, 0x6B, 0x23, 0xFD, 0x69, 0x8D, 0x9F, 0xE5, 0x3D, 0x7E, 0xB2, 0xA9, 0xB5, 0xAB,
    0x93, 0xD0, 0x5E, 0x35, 0xBF, 0x82, 0x0A, 0x32, 0xC2, 0x78, 0x1D, 0x30, 0xF6, 0xCE, 0xB7, 0x04,
    0x7B, 0xB9, 0x0A, 0x42, 0xA7, 0x92, 0xC5, 0x6C, 0x12, 0x5C, 0xB4, 0x73, 0xC1, 0x02, 0xB3, 0xE8,
    0x04, 0x95, 0xE4, 0x06, 0xB1, 0xB5, 0x04, 0x88, 0x71, 0x80, 0x1D, 0xAC, 0x87, 0xF6, 0x6A, 0x82,
    0x9C, 0x44, 0x44, 0xD1, 0x7B, 0xC7, 0xE3, 0xF1, 0x43, 0x47, 0x72, 0xA9, 0x38, 0x3F, 0x1C, 0x1E,
    0x2D, 0x00, 0x9A, 0x37, 0x03, 0x17, 0xF9, 0x26, 0x99, 0x6E, 0xDF, 0xCB, 0x7F, 0x09, 0xF8, 0xEA,
    0x5B, 0xB7, 0x01, 0xEB, 0x3D, 0xE0, 0x36, 0xA1, 0xAD, 0x37, 0x1C, 0xE4, 0x5F, 0xC8, 0x1B, 0xE4,
    0x80, 0xFF, 0x38, 0x92, 0x5E, 0x79, 0xDD, 0xAB, 0xA0, 0xA3, 0x98, 0x2C, 0x54, 0x0E, 0xBA, 0x8D,
    0x0F, 0x72, 0x15, 0x73, 0x33, 0x3F, 0xAE, 0x35, 0x07, 0x7B, 0xA7, 0x76, 0x11, 0x29, 0xD7, 0xCF,
    0x46, 0x8F, 0xA7, 0xB9, 0x72, 0x45, 0xAD, 0x7F, 0x4D, 0xA8, 0xFB, 0x81, 0xB9, 0x96, 0x7B, 0xAE,
    0xC7, 0x52, 0xE6, 0x18, 0x9F, 0x03, 0xCE, 0x55, 0x4D, 0x6D, 0x0E, 0x58, 0x4D, 0xB2, 0x06, 0x7C,
    0x79, 0x23, 0xB6, 0x2E, 0x74, 0xF9, 0x39, 0x1A, 0xFE, 0xD2, 0x8B, 0x19, 0xC0, 0x6D, 0xC0, 0xCD,
    0x1E, 0xB0, 0xAA, 0x01, 0xF7, 0x67, 0x5F, 0x1D, 0xF0, 0x2E, 0xCB, 0xAC, 0xFE, 0xC4, 0xF3, 0x43,
    0x16, 0xAA, 0xC6, 0x05, 0x92, 0x84, 0x26, 0xBD, 0x0D, 0x26, 0xD8, 0xBE, 0x8B, 0x0E, 0x72, 0x5F,
    0x5D, 0xB4, 0x83, 0x9A, 0xCC, 0xB5, 0x0B, 0x8A, 0x1C, 0x44, 0x19, 0x7E, 0x39, 0x61, 0xD7, 0xFA,
    0x26, 0x9C, 0x1F, 0xB6, 0xC3, 0x43, 0x47, 0x32, 0x55, 0xDC, 0x3F, 0x6E, 0xC7, 0x8F, 0x6A, 0xE3,
    0x4D, 0xF8, 0x26, 0xEE, 0xA8, 0xDE, 0x7D, 0x09, 0x9C, 0xF7, 0x90, 0x5C, 0x61, 0x5E, 0xB0, 0xB7,
    0x7E, 0xF4, 0xD6, 0x3B, 0x6F, 0x06, 0xE7, 0xDB, 0xDE, 0x79, 0x60, 0x1C, 0x00, 0xD6, 0x10, 0x21,
    0x23, 0xA0, 0x3D, 0xF0, 0x04, 0x25, 0xD0, 0xDF, 0x76, 0x01, 0xD1, 0x7E, 0xF0, 0x28, 0x3A, 0xF2,
    0x76, 0x4D, 0x38, 0x07, 0x24, 0x17, 0xE8, 0xDB, 0x59, 0xC3, 0x69, 0x16, 0x50, 0x16, 0x7B, 0xBC,
    0xBB, 0x02, 0x9C, 0x81, 0x5F, 0x67, 0x0F, 0x17, 0x00, 0x53, 0x7F, 0x53, 0x7E, 0x02, 0x13, 0x9F,
    0xC2, 0x4E, 0x23, 0xE8, 0x2D, 0x89, 0x8E, 0xD7, 0xA8, 0x72, 0x09, 0x9C, 0x5B, 0x06, 0x49, 0xA8,
    0xA5, 0xC4, 0xF3, 0x00, 0x38, 0x7F, 0x88, 0xB3, 0x03, 0x6C, 0x82, 0xE2, 0xF0, 0x7F, 0xE6, 0x7A,
    0x87, 0x1B, 0x0C, 0x07, 0x47, 0xD8, 0xC2, 0x3F, 0xFD, 0x93, 0xDE, 0x91, 0x9F, 0x72, 0x7E, 0x42,
    0x7A, 0x6E, 0x4F, 0x4C, 0x6E, 0x6F, 0xAE, 0xB9, 0x00, 0x30, 0x02, 0x2F, 0xD9, 0x57, 0xFA, 0xCA,
    0xA9, 0xD0, 0xB1, 0xD0, 0x56, 0x9A, 0xB5, 0xB0, 0x9B, 0xBF, 0xFC, 0x3C, 0x7E, 0x2C, 0x98, 0xB5,
    0xAA, 0xC2, 0xCF, 0x0D, 0xE9, 0x47, 0xD8, 0xCC, 0x3F, 0xEC, 0x74, 0xAF, 0xD1, 0xBE, 0x46, 0x5D,
    0xA9, 0x2A, 0x45, 0x25, 0x5C, 0x25, 0xD4, 0xD7, 0x42, 0xE3, 0x47, 0xE0, 0x2D, 0xFA, 0xF1, 0x73,
    0xA8, 0xCC, 0x15, 0x6F, 0x1D, 0x87, 0xFA, 0x57, 0xD6, 0x6C, 0x93, 0x5D, 0xDD, 0x66, 0x57, 0x93,
    0x9A, 0xAB, 0xA6, 0x87, 0x08, 0x10, 0xD7, 0x90, 0xEC, 0x1B, 0x7A, 0xD8, 0xA9, 0x24, 0x6F, 0xC3,
    0x0B, 0x7A, 0xB2, 0x1F, 0x17, 0x54, 0xE9, 0x08, 0x8C, 0x11, 0x92, 0x11, 0xF6, 0x59, 0x84, 0x29,
    0xFF, 0xFE, 0x5F, 0x97, 0x89, 0xD0, 0x64, 0x28, 0x0B, 0x97, 0x37, 0x90, 0xC5, 0xDF, 0x98, 0xD9,
    0xC6, 0x2E, 0xD9, 0x49, 0xAE, 0x2E, 0x88, 0x6D, 0xDC, 0x57, 0xF1, 0x65, 0xAF, 0xF4, 0xF4, 0xA2,
    0x17, 0x49, 0x4E, 0x18, 0xB7, 0x1A, 0xDD, 0x7D, 0x7C, 0x1B, 0xB0, 0x83, 0xF6, 0xD0, 0x41, 0x45,
    0x74, 0xB3, 0x5C, 0x20, 0x92, 0xD8, 0xD0, 0xB2, 0xE1, 0x00, 0x7A, 0x06, 0x8C, 0xD1, 0x45, 0xD8,
    0xFA, 0x05, 0x5C, 0xC0, 0x30, 0xC6, 0xDC, 0xA3, 0xAF, 0xDF, 0xBF, 0x72, 0x11, 0x09, 0x2A, 0x76,
    0x33, 0x8C, 0x57, 0x01, 0x16, 0x66, 0xC0, 0x2B, 0xB2, 0x1E, 0x68, 0x67, 0xA0, 0xA1, 0xDF, 0x3F,
    0x55, 0xC5, 0xE4, 0xC3, 0x18, 0x5D, 0x36, 0x3A, 0xAF, 0x9F, 0xDA, 0x0C, 0xDB, 0xEF, 0x87, 0x1D,
    0x76, 0xB3, 0xEE, 0xA6, 0x49, 0xBB, 0x11, 0xF3, 0x6E, 0x64, 0xDC, 0x8D, 0x0A, 0xBB, 0xD1, 0x7E,
    0x37, 0xB6, 0x97, 0xA9, 0x1A, 0x07, 0x75, 0x32, 0x2B, 0x4C, 0x36, 0x2E, 0xE4, 0x31, 0x2E, 0xC1,
    0x92, 0xEF, 0xCF, 0xF8, 0x47, 0x35, 0x3F, 0x8B, 0xE2, 0xD3, 0x3A, 0x5B, 0x85, 0x7F, 0xB5, 0x6F,
    0xFE, 0x30, 0x76, 0x63, 0xD7, 0x19, 0xBF, 0x7C, 0xCC, 0x0C, 0x81, 0x30, 0x08, 0x5D, 0x44, 0x29,
    0x24, 0x20, 0x6C, 0x52, 0xC9, 0xF0, 0xB2, 0x2F, 0x56, 0x97, 0x80, 0xCB, 0x34, 0x53, 0x68, 0x90,
    0x42, 0x85, 0x9A, 0x54, 0xDB, 0x4C, 0xCA, 0x14, 0xB1, 0x48, 0x20, 0x3D, 0x32, 0x40, 0x12, 0xA4,
    0x4D, 0xE1, 0xC2, 0x18, 0x17, 0x4E, 0xE9, 0x46, 0x7E, 0x4C, 0x5C, 0xB8, 0x48, 0x11, 0x22, 0xE9,
    0xB1, 0x04, 0x2C, 0x05, 0xC8, 0xBA, 0x08, 0x91, 0xA5, 0x63, 0x4A, 0x22, 0xF9, 0x85, 0xDF, 0xF9,
    0x2E, 0xDE, 0xF0, 0xAD, 0xC6, 0xF6, 0x20, 0xD1, 0xC6, 0xB3, 0xD9, 0x21, 0xF4, 0xEE, 0xEF, 0x3C,
    0x3D, 0xF2, 0xF2, 0xDC, 0x8F, 0xF7, 0x1E, 0xDE, 0x7F, 0x93, 0xFE, 0xD8, 0x8C, 0xBC, 0xC9, 0x63,
    0xDD, 0xAD, 0xFC, 0x58, 0x46, 0xE5, 0x7E, 0x28, 0x63, 0x8E, 0x86, 0x84, 0x46, 0x34, 0xC5, 0x00,
    0x7A, 0xE7, 0xE2, 0x41, 0x86, 0x79, 0x63, 0xE7, 0x64, 0x9D, 0x0C, 0xF3, 0x26, 0xA1, 0xFB, 0x9E,
    0x01, 0x05, 0x9D, 0x0A, 0x15, 0xA2, 0xAA, 0x8E, 0x62, 0xB5, 0x13, 0xB6, 0x19, 0xB4, 0x52, 0x23,
    0x45, 0xAB, 0x0B, 0xAB, 0xAA, 0x95, 0x1A, 0x1F, 0xFB, 0x36, 0xA8, 0x41, 0x63, 0x96, 0x41, 0x35,
    0x64, 0xC4, 0x83, 0x0C, 0xA9, 0x41, 0x23, 0x6B, 0x65, 0x48, 0x0D, 0x1A, 0xBE, 0x7C, 0x50, 0x9A,
    0x51, 0x25, 0x98, 0xCD, 0x98, 0xF3, 0xB7, 0xA8, 0x57, 0x23, 0x9A, 0x7C, 0x5B, 0xB1, 0x6A, 0xC6,
    0x83, 0x6F, 0x7C, 0xEB, 0x81, 0x9F, 0xF4, 0xB9, 0x8C, 0x7F, 0x6E, 0xA3, 0x92, 0xFA, 0xCB, 0x1B,
    0x1A, 0xF4, 0x06, 0x52, 0xC3, 0x45, 0x21, 0xD0, 0xEA, 0xFE, 0xF4, 0x26, 0x6B, 0x1C, 0xBF, 0xC9,
    0x57, 0x7A, 0x13, 0x8D, 0xEE, 0x4F, 0xAD, 0x50, 0x69, 0xEB, 0xFE, 0xDE, 0xB2, 0x61, 0xE8, 0xB4,
    0x6C, 0x18, 0x3B, 0xED, 0x44, 0x19, 0xF4, 0x89, 0xC6, 0x03, 0xA7, 0x83, 0xE1, 0xD4, 0xED, 0x7A,
    0x67, 0x31, 0xD5, 0x0A, 0xC6, 0xC0, 0x6A, 0x05, 0x63, 0x74, 0x35, 0x8F, 0x0A, 0x1A, 0xF4, 0xC8,
    0x9C, 0xAB, 0x48, 0x87, 0x52, 0xFA, 0x3C, 0x9B, 0x83, 0x3E, 0x18, 0xE4, 0x1F, 0x63, 0xAF, 0xF4,
    0x71, 0x55, 0x2B, 0x7D, 0x5C, 0xD1, 0x49, 0x1F, 0x97, 0xB3, 0x13, 0xD7, 0x3B, 0xC6, 0xE3, 0xCA,
    0xF9, 0xDE, 0x31, 0x28, 0xCF, 0x6C, 0x93, 0x7B, 0x87, 0x7F, 0x98, 0x22, 0xF4, 0x74, 0x2E, 0x1E,
    0xE2, 0x4F, 0x7B, 0xC6, 0xE8, 0xA4, 0xCF, 0xFE, 0xB2, 0x57, 0x6D, 0x29, 0xB2, 0x5E, 0xB5, 0xE5,
    0xCF, 0x65, 0xF8, 0x72, 0x90, 0x51, 0xED, 0x3A, 0x19, 0x73, 0xD2, 0xE6, 0xBD, 0xE9, 0x93, 0x01,
    0x68, 0xA8, 0x8F, 0x0C, 0x2B, 0x94, 0x9D, 0x93, 0xB5, 0x66, 0x48, 0xE6, 0x7C, 0x90, 0xCC, 0x31,
    0x50, 0x53, 0x1F, 0x1A, 0xA5, 0x93, 0x2E, 0xAC, 0x18, 0x74, 0xC6, 0xED, 0x42, 0xA2, 0xAF, 0x16,
    0x79, 0xDF, 0x3B, 0x1E, 0xCB, 0x1F, 0x25, 0x1A, 0xD9, 0x44, 0xCC, 0x32, 0x67, 0x76, 0xEA, 0x48,
    0xF3, 0xBE, 0xA8, 0x43, 0x98, 0xF6, 0x33, 0x33, 0x9A, 0x36, 0xC9, 0xC3, 0x72, 0x4D, 0x8A, 0xB1,
    0x5A, 0x93, 0xC9, 0xCF, 0xCE, 0xCF, 0x39, 0xDC, 0x7E, 0x4A, 0xF0, 0x33, 0x8C, 0x6E, 0xCF, 0x3A,
    0x7C, 0x8A, 0x37, 0x52, 0x58, 0xB2, 0x4E, 0x62, 0xBE, 0x88, 0x09, 0x4A, 0x19, 0x68, 0xC4, 0xBC,
    0x13, 0xF9, 0x58, 0x6F, 0x3A, 0x8A, 0xF1, 0x38, 0x23, 0x2C, 0x81, 0xD0, 0x65, 0x50, 0x86, 0xF1,
    0x2F, 0x50, 0x93, 0xC9, 0x4F, 0x95, 0x71, 0xFA, 0xAF, 0x68, 0xC9, 0xEC, 0x1F, 0xD1, 0xE9, 0x61,
    0xA0, 0x27, 0x8B, 0x52, 0x9E, 0x79, 0x15, 0xC8, 0xBD, 0x08, 0x19, 0xCF, 0xCE, 0x2F, 0xE4, 0xE4,
    0x0A, 0x38, 0x7B, 0xA9, 0xE7, 0x64, 0x3C, 0x48, 0x8C, 0xE4, 0xE7, 0xE7, 0xCF, 0x99, 0x71, 0x0A,
    0xC0, 0x14, 0x22, 0x3B, 0x66, 0x2B, 0xC5, 0x7D, 0xED, 0x22, 0x0C, 0x2B, 0x83, 0x8C, 0xFB, 0xA0,
    0xD8, 0xA2, 0x71, 0x51, 0x34, 0xEB, 0xBD, 0x17, 0x8B, 0x25, 0xE5, 0x8E, 0xF6, 0x68, 0x81, 0x89,
    0x91, 0x7A, 0x46, 0xA0, 0x93, 0xE4, 0xA1, 0xEF, 0x64, 0x88, 0x20, 0x81, 0xE2, 0x20, 0x5C, 0x3A,
    0x1F, 0xEB, 0xF6, 0x51, 0x79, 0xAF, 0x9B, 0xFD, 0xBA, 0x29, 0xE7, 0xA6, 0x7C, 0xC9, 0xAC, 0x66,
    0x90, 0xF5, 0x79, 0x78, 0x2B, 0x24, 0xA3, 0xFC, 0xE7, 0xF8, 0xF8, 0x5E, 0xB7, 0xD3, 0x51, 0x51,
    0xA4, 0x40, 0xE9, 0xC9, 0x0A, 0x3F, 0x5F, 0x48, 0xF0, 0x14, 0x86, 0xF3, 0x02, 0x23, 0x39, 0xEC,
    0x54, 0xAE, 0x33, 0xF7, 0x49, 0xE9, 0xDC, 0xBD, 0x6E, 0x27, 0x2E, 0x62, 0x79, 0x34, 0x31, 0x41,
    0xF6, 0xC5, 0x40, 0x72, 0x18, 0xBA, 0xFD, 0x9E, 0x37, 0x69, 0x47, 0xEA, 0xB8, 0xD7, 0xCD, 0x9D,
    0x5E, 0x86, 0xF0, 0x36, 0x1B, 0x22, 0xC0, 0x18, 0xF7, 0x79, 0x6D, 0x6C, 0xB3, 0xE6, 0x88, 0xFA,
    0x7F, 0x9D, 0xA7, 0xEB, 0x6E, 0xA7, 0xD3, 0xE7, 0xBF, 0x5A, 0x27, 0x7F, 0xAD, 0x93, 0x06, 0xE4,
    0xD7, 0x3A, 0xCD, 0xB7, 0xD5, 0xA9, 0xF9, 0x20, 0x3A, 0xB9, 0x9B, 0x75, 0x2A, 0xC0, 0x43, 0x3E,
    0x5E, 0x9B, 0x0F, 0xCD, 0x1C, 0xAD, 0xC4, 0xBF, 0x40, 0xEF, 0x12, 0x33, 0xE3, 0xCF, 0x57, 0x33,
    0x1E, 0x43, 0x79, 0xFB, 0x30, 0xC7, 0x90, 0xFD, 0x78, 0x35, 0x23, 0x33, 0x8B, 0x6F, 0x1F, 0x4C,
    0x1F, 0xAF, 0xA6, 0x8E, 0xF9, 0x60, 0x46, 0x93, 0x4C, 0x2B, 0xE9, 0xC1, 0x4C, 0xFA, 0x83, 0x99,
    0xB5, 0x31, 0x20, 0xC9, 0xF3, 0xFA, 0x60, 0x7A, 0x17, 0xE3, 0xED, 0xD5, 0x15, 0xCD, 0x1F, 0xB9,
    0xC3, 0xB9, 0x93, 0x4C, 0x3D, 0x14, 0x04, 0x33, 0xBE, 0x36, 0xD3, 0xD7, 0xE7, 0x7F, 0x1C, 0xCC,
    0xAC, 0x39, 0x9C, 0x5B, 0xD4, 0x32, 0x1F, 0xF3, 0x59, 0xC8, 0xF4, 0xA6, 0x9B, 0x4C, 0x4A, 0x27,
    0xB3, 0xA2, 0x7A, 0x32, 0xE1, 0x28, 0x60, 0xBE, 0xFA, 0xF0, 0x7D, 0x38, 0x60, 0xB0, 0xFB, 0xE1,
    0xC8, 0x3C, 0x1C, 0x8F, 0xB0, 0x94, 0xF2, 0xC8, 0xE6, 0x42, 0xAF, 0x28, 0x72, 0x35, 0xBA, 0x02,
    0xF6, 0x86, 0xCD, 0xE0, 0x62, 0x34, 0x2E, 0x85, 0xCD, 0x29, 0xC6, 0x8B, 0xCB, 0x40, 0x29, 0xAC,
    0x12, 0x44, 0x4E, 0x6D, 0xE7, 0x80, 0x6A, 0x36, 0xEC, 0x6F, 0x8D, 0x6A, 0xD9, 0xC2, 0x63, 0x03,
    0x96, 0x80, 0xC8, 0xC0, 0x81, 0x90, 0xBA, 0x5F, 0xA9, 0xDB, 0x61, 0xB0, 0xE2, 0x03, 0xE5, 0x29,
    0x54, 0x17, 0x38, 0xE9, 0x10, 0x24, 0xAC, 0xA0, 0x6B, 0x5E, 0x5A, 0xEA, 0x42, 0x83, 0x40, 0x67,
    0xB8, 0x18, 0x0D, 0xC9, 0x64, 0x88, 0x05, 0x7D, 0xFB, 0x03, 0x55, 0xF5, 0x5C, 0x67, 0x3E, 0xA2,
    0x1E, 0xAA, 0xE5, 0xEA, 0xF1, 0x69, 0xCA, 0x5C, 0x7E, 0xF7, 0x86, 0x7C, 0x34, 0x50, 0x6F, 0xC5,
    0x92, 0x2F, 0x1E, 0x7B, 0x80, 0xB5, 0x15, 0xC2, 0x33, 0x81, 0x15, 0x7F, 0x27, 0xB8, 0x80, 0x97,
    0x47, 0xF8, 0x8E, 0xE0, 0x7E, 0x0D, 0x00, 0x94, 0x42, 0xBD, 0x62, 0xB9, 0xBA, 0x2A, 0xC3, 0x6F,
    0xB7, 0xC6, 0x6F, 0xD7, 0x86, 0xAC, 0x31, 0xE4, 0x42, 0x21, 0x54, 0x4D, 0xC2, 0x3C, 0x51, 0x83,
    0xC7, 0x01, 0xD7, 0x92, 0xF8, 0xF0, 0x08, 0x07, 0x85, 0x1F, 0x45, 0xA3, 0x45, 0x6A, 0x0D, 0x86,
    0xBC, 0xFE, 0x5A, 0x08, 0x52, 0x84, 0x4A, 0x0C, 0x83, 0x34, 0xE2, 0xC4, 0x81, 0x4D, 0xDF, 0x98,
    0x14, 0x45, 0x6B, 0xB3, 0xCA, 0x4F, 0x58, 0xA0, 0xAF, 0x81, 0x20, 0x67, 0xEE, 0xCC, 0xDA, 0x94,
    0xB5, 0x8B, 0x6C, 0x4E, 0xB0, 0xC1, 0x14, 0xEB, 0x75, 0x11, 0x4D, 0x4E, 0xC7, 0xFF, 0x7F, 0x41,
    0x18, 0x15, 0x33, 0x94, 0x0C, 0xA0, 0x8A, 0x42, 0xC5, 0xA0, 0x88, 0xB3, 0xA9, 0x0D, 0x05, 0x30,
    0x7B, 0x60, 0xF9, 0x7D, 0xE0, 0xB5, 0xD5, 0x24, 0xBF, 0x7C, 0x49, 0x1F, 0x5B, 0x98, 0xB9, 0xE4,
    0xBD, 0xF8, 0x91, 0xB2, 0xE8, 0x6D, 0x49, 0x30, 0x5B, 0xE4, 0x5B, 0xD5, 0xD0, 0xB5, 0xED, 0x13,
    0x19, 0x00, 0x8C, 0xCF, 0x80, 0xBF, 0x8E, 0x30, 0x49, 0x87, 0x2F, 0xE5, 0x33, 0xB9, 0x04, 0x4B,
    0xC9, 0x7B, 0xF1, 0x63, 0x0D, 0x8B, 0x5A, 0x00, 0x35, 0x27, 0xE1, 0xD2, 0x31, 0x1B, 0xF2, 0x76,
    0x37, 0x7D, 0x54, 0xBA, 0x17, 0xBF, 0x69, 0xDD, 0xD8, 0xBD, 0xF5, 0x4D, 0xD1, 0xED, 0x3B, 0xDF,
    0xAF, 0x9F, 0xA1, 0x5A, 0x59, 0xD4, 0x79, 0xEB, 0xDC, 0x6F, 0x5E, 0xB7, 0x3D, 0xF0, 0x96, 0x8B,
    0xC6, 0xE0, 0x71, 0xE9, 0xD4, 0x86, 0x26, 0xC6, 0xE8, 0xD1, 0x55, 0x50, 0x8D, 0x4F, 0xD1, 0x1E,
    0x1E, 0x7D, 0xC8, 0x43, 0xDC, 0xCF, 0xA2, 0x5F, 0x02, 0x21, 0x16, 0x28, 0x8F, 0x98, 0xA3, 0xAE,
    0x80, 0x25, 0x10, 0xE4, 0x27, 0x58, 0xAE, 0x48, 0xFD, 0x2E, 0x1E, 0x5F, 0xA7, 0xFC, 0x8E, 0x58,
    0xCD, 0xDB, 0xFB, 0x9B, 0x8F, 0x64, 0x2C, 0xBF, 0xF4, 0xDA, 0x37, 0xBF, 0x1D, 0xCB, 0xF8, 0x7D,
    0x3B, 0x8D, 0x47, 0x2B, 0x6A, 0xEA, 0x7F, 0xA7, 0x41, 0x1A, 0x6F, 0xEA, 0xC3, 0x20, 0xED, 0x47,
    0x24, 0x80, 0x99, 0x9C, 0x73, 0x0D, 0xD6, 0x46, 0x2B, 0x2E, 0x03, 0xD4, 0xE3, 0xF2, 0xA6, 0xC8,
    0xD3, 0x31, 0x99, 0x80, 0xC1, 0xF8, 0x8C, 0x17, 0x3D, 0xE3, 0xB3, 0xE3, 0x5B, 0x8D, 0x7A, 0x50,
    0xBC, 0x99, 0x6C, 0x02, 0x7B, 0xE3, 0x82, 0xD1, 0x38, 0x61, 0x16, 0x3D, 0x44, 0x8A, 0x40, 0x52,
    0x6D, 0x92, 0xA5, 0x22, 0x23, 0x4C, 0x46, 0xB7, 0x5F, 0x44, 0x0F, 0x23, 0x8B, 0x6B, 0x4C, 0xD0,
    0x19, 0x77, 0x18, 0x48, 0xCA, 0x23, 0x56, 0x10, 0x8B, 0xC0, 0x2C, 0x30, 0x0E, 0x8C, 0x44, 0x3D,
    0xC7, 0x59, 0x6F, 0xE9, 0x84, 0x6E, 0xE7, 0xB3, 0xB3, 0x4A, 0x90, 0x06, 0xAA, 0x8F, 0xD8, 0x85,
    0x31, 0x46, 0x7F, 0x3C, 0xC6, 0xCA, 0x66, 0x71, 0x07, 0xD1, 0x55, 0x8D, 0x98, 0xB6, 0xE2, 0xF1,
    0x21, 0x6F, 0xD4, 0xFF, 0xEA, 0xEC, 0xEB, 0x67, 0xD0, 0xBC, 0x98, 0xC5, 0x3D, 0x85, 0x97, 0xD6,
    0x25, 0x68, 0x78, 0x2B, 0xF5, 0xA5, 0x30, 0xAA, 0x67, 0xC7, 0x79, 0x32, 0xC8, 0x4F, 0x6F, 0x84,
    0xAB, 0x96, 0x40, 0x75, 0xF3, 0xDD, 0x5E, 0x2C, 0x6F, 0xCB, 0x4A, 0x3C, 0xE4, 0xE3, 0xC5, 0x90,
    0x3F, 0xAB, 0xAC, 0x8A, 0x6A, 0x7E, 0xEC, 0x47, 0xF3, 0xCB, 0x71, 0x54, 0x80, 0x8E, 0x7E, 0xAA,
    0x7D, 0x68, 0x86, 0xEF, 0x6F, 0xF6, 0x8B, 0xCA, 0x25, 0x85, 0x2A, 0x2C, 0xAA, 0x37, 0xE7, 0x02,
    0x8B, 0x46, 0xF0, 0x32, 0x63, 0x06, 0x83, 0xCB, 0x27, 0xD1, 0x77, 0x22, 0x74, 0x7E, 0x34, 0xBA,
    0xCD, 0x71, 0xAF, 0xDF, 0x2E, 0xC8, 0x96, 0x04, 0x19, 0x33, 0x48, 0x20, 0xFF, 0xD3, 0xC5, 0xB8,
    0xAF, 0x51, 0x6A, 0xB5, 0xB5, 0x68, 0x78, 0xFA, 0x2B, 0xCD, 0xF9, 0x87, 0xE3, 0x5E, 0xBF, 0xFC,
    0xD2, 0x9D, 0x91, 0x98, 0xA2, 0xC1, 0xE4, 0xC4, 0xDF, 0x0E, 0x9B, 0xF3, 0xD3, 0x6E, 0x6F, 0x02,
    0x67, 0x8D, 0x06, 0x51, 0x27, 0x65, 0xF4, 0xBD, 0x8D, 0x6A, 0xF7, 0xFA, 0xFD, 0x9E, 0x16, 0xBB,
    0x23, 0x6E, 0x83, 0x30, 0xFD, 0x4A, 0x34, 0xDA, 0x1E, 0x45, 0xEA, 0xBB, 0x06, 0xEF, 0x55, 0xE9,
    0x8E, 0x8F, 0x7B, 0xFD, 0x74, 0x7C, 0xCB, 0xB9, 0x8C, 0xEA, 0x70, 0x15, 0xCC, 0xA1, 0xCC, 0x86,
    0x78, 0x76, 0xF1, 0xCC, 0x51, 0x0F, 0x6C, 0x21, 0x0E, 0xA5, 0x5E, 0x27, 0x4A, 0xF8, 0x95, 0x3F,
    0xE8, 0x14, 0x3B, 0xD9, 0x2E, 0xB3, 0x0C, 0x2C, 0xAB, 0xDF, 0x72, 0x3A, 0x58, 0x5B, 0xC5, 0x82,
    0x2C, 0xF0, 0xE6, 0x45, 0xF0, 0x64, 0x3A, 0x56, 0x38, 0x0F, 0x0A, 0x27, 0x41, 0xE1, 0x2C, 0x28,
    0x9C, 0x07, 0x85, 0x7D, 0x50, 0xF8, 0x3B, 0x41, 0xE1, 0x49, 0x0A, 0xEF, 0x06, 0x29, 0x1C, 0xF7,
    0x52, 0x38, 0x6D, 0xA5, 0x60, 0x56, 0x8B, 0x85, 0x13, 0x9F, 0x04, 0x4E, 0x62, 0x34, 0x4A, 0xE1,
    0xB8, 0x97, 0xC2, 0x49, 0x27, 0x85, 0xB3, 0xC6, 0x88, 0xBC, 0x94, 0xC2, 0x55, 0x50, 0x78, 0x96,
    0xC2, 0x74, 0xDA, 0x6A, 0xC1, 0x70, 0xB3, 0xC2, 0x79, 0x50, 0xD8, 0x07, 0x85, 0x5F, 0x04, 0x85,
    0x0F, 0xCD, 0xD5, 0x2F, 0x62, 0x0E, 0x91, 0x25, 0xB5, 0x03, 0xAD, 0x58, 0xF4, 0x62, 0x32, 0x89,
    0xEF, 0x8F, 0x34, 0x4D, 0x7E, 0x4C, 0x11, 0x30, 0x54, 0xE2, 0xF8, 0x08, 0xF8, 0xAE, 0xBB, 0xC0,
    0xA5, 0xB3, 0xCD, 0x6D, 0x93, 0xF9, 0xEC, 0x76, 0xE3, 0x1D, 0xE3, 0xA0, 0xB9, 0x86, 0x98, 0x5C,
    0xB4, 0x02, 0x58, 0xA0, 0xB4, 0xE5, 0xE2, 0x0C, 0xAD, 0xAD, 0x75, 0xC7, 0xEC, 0x1A, 0x96, 0x61,
    0x6F, 0xD1, 0xF1, 0x1E, 0x9C, 0xA7, 0x5B, 0x05, 0x55, 0x65, 0x8E, 0x97, 0x8D, 0xEA, 0x1B, 0x97,
    0x8D, 0x8A, 0x52, 0xBC, 0xD7, 0xEF, 0x68, 0x7D, 0x52, 0x2D, 0xD8, 0x4E, 0x6C, 0x88, 0x1D, 0x8A,
    0x5E, 0xD5, 0x2E, 0x1D, 0xC9, 0xAC, 0x8B, 0xE6, 0x20, 0xDF, 0x47, 0x1B, 0xE1, 0xEE, 0xF5, 0x2B,
    0xF5, 0xA6, 0x4E, 0xC7, 0x78, 0x22, 0xB3, 0x29, 0x5D, 0x8E, 0x99, 0x18, 0x93, 0x81, 0xB7, 0x7D,
    0xFF, 0xB8, 0x6F, 0xBF, 0x18, 0x8F, 0xC6, 0x2A, 0x31, 0x1A, 0x63, 0xB6, 0x18, 0x5C, 0x3E, 0x88,
    0xBE, 0xF9, 0xE5, 0xE1, 0xCF, 0x01, 0xE8, 0x33, 0xA0, 0x0E, 0x6C, 0x2E, 0x80, 0xCB, 0x93, 0xFD,
    0x52, 0xC6, 0x98, 0x6C, 0xE6, 0x63, 0x47, 0x32, 0x02, 0x18, 0x1B, 0x8D, 0xA2, 0x7C, 0x58, 0xEB,
    0xAF, 0xC2, 0x64, 0xF4, 0xA2, 0xD9, 0xE8, 0x68, 0xB2, 0x30, 0xDC, 0xC6, 0x83, 0x79, 0xD3, 0x27,
    0xBD, 0x79, 0x37, 0x64, 0xE6, 0x37, 0xA6, 0xBC, 0x21, 0xAB, 0xD9, 0x97, 0xA4, 0x87, 0x97, 0xBB,
    0x98, 0x8D, 0x29, 0xA6, 0x50, 0x8C, 0x21, 0xB0, 0xFF, 0x5F, 0x31, 0xC7, 0xAC, 0xAF, 0xC0, 0x70,
    0x20, 0xD5, 0x1C, 0xAF, 0xD7, 0x2A, 0x39, 0x0F, 0x61, 0x3E, 0x4E, 0x5B, 0x41, 0x31, 0x9F, 0x19,
    0x0E, 0xA7, 0xAA, 0x77, 0xF2, 0x08, 0x3D, 0x41, 0x25, 0x88, 0x6A, 0x36, 0x78, 0x6C, 0x51, 0xA0,
    0x3C, 0xC6, 0xD1, 0x29, 0xC2, 0x62, 0xD8, 0x4F, 0x44, 0x44, 0x9F, 0x30, 0x3F, 0x0F, 0x83, 0xF7,
    0xC5, 0x19, 0x2E, 0x37, 0xBE, 0x08, 0x72, 0x90, 0x53, 0x1A, 0x07, 0xE7, 0x85, 0xCD, 0x91, 0x62,
    0x09, 0x6E, 0x77, 0x3C, 0xF5, 0x75, 0x35, 0x51, 0x5C, 0x97, 0xC2, 0x56, 0xBA, 0x63, 0x94, 0xAC,
    0x7B, 0x3B, 0x34, 0x7C, 0xFD, 0x46, 0xC4, 0xB0, 0xA2, 0x75, 0x30, 0x3C, 0x58, 0xF1, 0x10, 0x9D,
    0xC7, 0x10, 0xC1, 0x90, 0xE2, 0xB3, 0xCB, 0xC7, 0x18, 0x72, 0x8A, 0x88, 0xA1, 0x18, 0x0D, 0x7E,
    0x10, 0x46, 0x61, 0x12, 0x50, 0x12, 0x39, 0x06, 0x22, 0xC5, 0x42, 0xEC, 0xA0, 0xAC, 0x2B, 0x0C,
    0x04, 0x1F, 0xAE, 0xC9, 0x3F, 0x1B, 0x8A, 0x65, 0xC5, 0xB7, 0xE8, 0x1D, 0x86, 0x17, 0x2E, 0xE5,
    0xB7, 0x7D, 0x40, 0x9D, 0x4D, 0xA7, 0x18, 0x7C, 0x57, 0x8C, 0x60, 0x9E, 0xE8, 0x56, 0x24, 0x40,
    0xA9, 0xDD, 0xA3, 0x41, 0x10, 0x96, 0xE4, 0xF0, 0xEA, 0x8F, 0xB1, 0xD9, 0x35, 0xA8, 0xA5, 0x55,
    0x36, 0xB0, 0xA3, 0xE3, 0x74, 0xFF, 0xEF, 0x3C, 0x85, 0x4E, 0xC5, 0x78, 0x07, 0xEB, 0xE1, 0x55,
    0xD3, 0x9A, 0xD2, 0x95, 0x18, 0xD6, 0x1D, 0xDA, 0x2B, 0xBF, 0xA3, 0xF4, 0x02, 0xD6, 0xF0, 0xA0,
    0x75, 0x29, 0x97, 0xA1, 0xCB, 0xE1, 0xF4, 0xCF, 0x2F, 0x96, 0xCE, 0x47, 0x69, 0x61, 0xFF, 0xEF,
    0x41, 0xC3, 0xCE, 0xFF, 0xD9, 0xA7, 0x68, 0x13, 0xE0, 0x8F, 0xF8, 0xA8, 0xE7, 0x04, 0xE3, 0xA1,
    0x0F, 0xA7, 0x97, 0x2E, 0xFA, 0x43, 0xC3, 0x4D, 0x71, 0xBD, 0x7E, 0xE2, 0x5B, 0x2D, 0x9E, 0xDC,
    0xF5, 0x52, 0x54, 0xA3, 0xDA, 0x8B, 0xDA, 0x17, 0x0B, 0x31, 0xA1, 0xE1, 0x43, 0x28, 0x3A, 0x46,
    0x89, 0x64, 0x60, 0xD4, 0x89, 0x7E, 0x78, 0xB7, 0x4B, 0x71, 0x3A, 0xB8, 0x07, 0x16, 0x7F, 0x9F,
    0xD0, 0xAB, 0xD7, 0x73, 0x68, 0x59, 0xD1, 0x54, 0x70, 0x36, 0x70, 0x88, 0xD1, 0x69, 0x0F, 0xC3,
    0xDD, 0x2E, 0x85, 0x76, 0x17, 0x68, 0x6F, 0x41, 0xD5, 0x79, 0xB6, 0xB5, 0xDE, 0x0F, 0x66, 0xF3,
    0xED, 0x52, 0x2B, 0x08, 0xDF, 0xF9, 0x1A, 0xC5, 0x8A, 0xE3, 0x22, 0xD5, 0xA8, 0x37, 0x7B, 0xC6,
    0xBC, 0x36, 0x2B, 0xD7, 0xB4, 0xC9, 0x6A, 0xDA, 0x4C, 0xE3, 0xA1, 0xE2, 0x39, 0x8A, 0x76, 0xD5,
    0x5D, 0x6E, 0xE9, 0xF2, 0xE7, 0x95, 0xFB, 0xE6, 0x1B, 0xB9, 0xF4, 0x17, 0x40, 0x67, 0x5E, 0x01,
    0x98, 0xCC, 0x31, 0x86, 0x38, 0xF3, 0x8D, 0xD7, 0xD6, 0xE6, 0x5E, 0x13, 0xA3, 0x89, 0xE0, 0x72,
    0x7E, 0x6D, 0xF5, 0x82, 0x8D, 0xD1, 0xC9, 0xCF, 0x9D, 0x19, 0x17, 0x58, 0x57, 0xC3, 0x3B, 0x7A,
    0xCB, 0xA3, 0xDB, 0x21, 0x18, 0xE6, 0xF3, 0xBA, 0x91, 0xBE, 0x94, 0xDB, 0xCE, 0xC9, 0xF3, 0x92,
    0xC6, 0xBC, 0x35, 0x6A, 0x19, 0x05, 0x1A, 0x17, 0x97, 0x56, 0x8A, 0xCE, 0xA5, 0x8D, 0x15, 0x64,
    0x74, 0xBE, 0x5E, 0xCB, 0x32, 0x55, 0xF6, 0xF7, 0x34, 0x40, 0x6F, 0x7B, 0x0B, 0x22, 0xA0, 0xDC,
    0x81, 0x37, 0x3F, 0x39, 0x5B, 0x3F, 0x4F, 0xA9, 0x3F, 0x75, 0x2E, 0x28, 0x33, 0x16, 0x8C, 0x31,
    0x5A, 0x3F, 0x25, 0xA8, 0xF3, 0x39, 0x83, 0xCB, 0xE6, 0x1C, 0xFA, 0xEB, 0x99, 0xAC, 0xD5, 0x48,
    0x7B, 0xFE, 0x65, 0xC9, 0x12, 0x12, 0xAA, 0xA8, 0xB9, 0xC2, 0xDF, 0xC9, 0xD0, 0xB8, 0x8F, 0x13,
    0x74, 0xD1, 0x1C, 0x01, 0xFB, 0x49, 0xFB, 0x3A, 0x53, 0xD0, 0xFB, 0xE2, 0xEC, 0xB0, 0x15, 0x71,
    0xB4, 0xE5, 0x68, 0xFA, 0x61, 0x05, 0x45, 0xB0, 0x92, 0x1F, 0x2C, 0xB6, 0xE7, 0x93, 0xC9, 0x65,
    0x08, 0xB2, 0xBA, 0x81, 0x4B, 0x51, 0x5E, 0x2F, 0x57, 0x57, 0x9D, 0xB6, 0x92, 0xDF, 0x38, 0x05,
    0x19, 0xED, 0x5F, 0x99, 0xDC, 0xA8, 0xB5, 0x62, 0x41, 0xD9, 0x3D, 0x9F, 0x57, 0x9D, 0xC1, 0xD9,
    0x3F, 0x2A, 0x9C, 0xA2, 0x2E, 0x16, 0x3E, 0x44, 0x1F, 0xD2, 0xF3, 0x67, 0x6B, 0x0A, 0xE0, 0x90,
    0x2E, 0x7C, 0x16, 0x7E, 0xBE, 0x76, 0xA1, 0x60, 0xAA, 0x47, 0xC3, 0x4C, 0x5C, 0xEA, 0x52, 0x34,
    0x2E, 0xB7, 0x2E, 0xCF, 0xDE, 0x39, 0xE0, 0x3F, 0x6C, 0x59, 0x45, 0xEE, 0xE3, 0x52, 0x6F, 0xBC,
    0xCD, 0xCB, 0x62, 0x38, 0x4C, 0x10, 0x26, 0xCA, 0xE3, 0xE8, 0x65, 0x71, 0xD7, 0x4B, 0x11, 0x5E,
    0x16, 0xD3, 0xF6, 0x65, 0x51, 0xB3, 0x73, 0xC9, 0x36, 0x5F, 0x1D, 0x5E, 0x16, 0x77, 0xBB, 0x14,
    0x47, 0x61, 0x56, 0x01, 0x76, 0x1B, 0x66, 0x1B, 0x85, 0xD9, 0x3B, 0xFE, 0x2C, 0xFC, 0xAC, 0x6B,
    0x12, 0xFA, 0x83, 0x56, 0x53, 0x25, 0xC9, 0xE4, 0xB6, 0x1B, 0x1C, 0x4F, 0xCE, 0x9F, 0xBA, 0x1C,
    0x8B, 0x7D, 0xDC, 0xFE, 0xC3, 0x2C, 0x15, 0xE6, 0xC0, 0xC4, 0xCF, 0x61, 0x9D, 0x2D, 0xD9, 0x2E,
    0xB1, 0xD6, 0x47, 0x43, 0x94, 0x07, 0xE7, 0x67, 0xAE, 0xC2, 0x68, 0x9F, 0xDD, 0x07, 0x5A, 0x0E,
    0x64, 0x28, 0xE1, 0xC7, 0xBA, 0x8F, 0x98, 0x19, 0xEA, 0x6D, 0xB7, 0x67, 0xD6, 0xE7, 0x9D, 0xAF,
    0x93, 0x51, 0x3B, 0x3C, 0xBF, 0xFC, 0xF2, 0xB3, 0x12, 0x15, 0x5D, 0xD6, 0xFB, 0xBE, 0x18, 0xC3,
    0x67, 0xC8, 0x5B, 0xED, 0xFA, 0xFB, 0x3F, 0xD1, 0xFF, 0x0F, 0x9D, 0xFB, 0x86, 0x73, 0xFE, 0x55,
    0x34, 0xF0, 0xB7, 0xE7, 0x6B, 0x7A, 0x0A, 0xB4, 0x87, 0x1D, 0x46, 0x7B, 0xD6, 0x8B, 0x74, 0x41,
    0xCF, 0xD9, 0x0B, 0x86, 0xDA, 0xDF, 0xD5, 0x5C, 0xA5, 0xC2, 0xCE, 0x27, 0x7F, 0xC5, 0xB9, 0xC4,
    0xC3, 0x5F, 0xC7, 0xB6, 0x31, 0x5F, 0x3B, 0x7D, 0x8A, 0x26, 0x41, 0x9F, 0x81, 0xCF, 0x35, 0xE7,
    0xED, 0x86, 0xC2, 0x06, 0x02, 0x1A, 0xEE, 0xF8, 0xF9, 0xC6, 0x74, 0x50, 0x6A, 0xE7, 0xF4, 0x05,
    0x98, 0x66, 0xBC, 0xB6, 0xCB, 0x50, 0xC6, 0xF6, 0x26, 0xB4, 0x3F, 0x78, 0x19, 0x2E, 0x16, 0xE7,
    0xAA, 0x50, 0x8B, 0x51, 0x1F, 0x22, 0xCA, 0x45, 0x19, 0xAD, 0xDC, 0x61, 0x88, 0x7B, 0xFB, 0xE5,
    0xB9, 0x8D, 0x9F, 0xF5, 0xA7, 0x99, 0xFF, 0x62, 0x27, 0x16, 0xA5, 0x5F, 0xAC, 0xD5, 0x9E, 0x7E,
    0xD7, 0x6D, 0x0F, 0x55, 0xB0, 0xF4, 0x2D, 0x4B, 0xDC, 0xEF, 0xD1, 0xAE, 0xF8, 0x4F, 0xB5, 0xCB,
    0x77, 0xEF, 0xB4, 0xA0, 0xAA, 0x65, 0xDF, 0xD9, 0xE4, 0xC3, 0xE4, 0x02, 0xCC, 0xC7, 0xF1, 0x43,
    0x62, 0x22, 0x58, 0x39, 0x0B, 0x5B, 0x4A, 0xEF, 0x0A, 0x8C, 0x01, 0xFF, 0xC3, 0xA1, 0x4E, 0xF4,
    0x83, 0x37, 0x76, 0xBE, 0x96, 0x6E, 0x31, 0xB9, 0x1D, 0xE5, 0x74, 0xD6, 0xBD, 0x68, 0xEC, 0xF9,
    0xB4, 0xF6, 0x7C, 0xFA, 0xC2, 0x54, 0xF7, 0x7A, 0x4A, 0xB3, 0xD2, 0x9B, 0x9F, 0x95, 0xCE, 0xD1,
    0xF9, 0xBA, 0x56, 0x4F, 0x29, 0xBD, 0x7E, 0x4A, 0xB5, 0xC3, 0xC0, 0x2E, 0x94, 0x7F, 0xFF, 0x29,
    0x85, 0x50, 0x55, 0x6D, 0x07, 0x3C, 0xFC, 0x35, 0xB1, 0x2A, 0x95, 0x85, 0x3D, 0xA8, 0x77, 0xBD,
    0x14, 0x9B, 0xA1, 0xCE, 0x0E, 0xD0, 0x36, 0xF1, 0xED, 0x50, 0x67, 0xD4, 0x06, 0xF1, 0xBB, 0x5D,
    0x0A, 0x6D, 0xDD, 0xD6, 0xC6, 0x6D, 0x6D, 0xDB, 0x06, 0x30, 0x69, 0xCB, 0xB6, 0x36, 0x6C, 0x6B,
    0xA8, 0x73, 0xB7, 0x4B, 0xA1, 0x77, 0x30, 0x03, 0xA8, 0x73, 0x0C, 0x9F, 0x9B, 0x74, 0x70, 0xEE,
    0x10, 0x48, 0xEF, 0x7A, 0x8D, 0xFA, 0x13, 0x26, 0xB0, 0xFA, 0xB4, 0xED, 0xC7, 0x72, 0x0D, 0xEE,
    0xFD, 0x58, 0x75, 0x7E, 0xFC, 0x97, 0xAB, 0x57, 0x57, 0xEF, 0x2F, 0x5B, 0x7E, 0x83, 0x89, 0xBA,
    0xC4, 0xC7, 0x99, 0xFE, 0x99, 0x7E, 0xCF, 0x1A, 0x6A, 0x50, 0x94, 0xD4, 0x60, 0xD1, 0xBC, 0xE2,
    0x17, 0x35, 0x48, 0x4D, 0x83, 0xDC, 0x34, 0xF0, 0xA6, 0xC1, 0x4B, 0x2B, 0xFD, 0xC4, 0x74, 0xD7,
    0xB3, 0xDC, 0x49, 0xC7, 0x34, 0x6B, 0x98, 0x16, 0x25, 0x35, 0x78, 0x62, 0x1A, 0x4C, 0xA6, 0xC1,
    0x60, 0x11, 0xBC, 0x37, 0x0D, 0x9A, 0x2F, 0x6A, 0xA0, 0xB9, 0x37, 0x50, 0x83, 0xB8, 0x3F, 0x61,
    0xE4, 0xBE, 0xDC, 0xAE, 0x3F, 0xF8, 0xD9, 0x90, 0xC1, 0x6D, 0xF7, 0x95, 0x56, 0xAD, 0x21, 0xEB,
    0x0D, 0x37, 0x4C, 0x05, 0xAF, 0x3D, 0xA2, 0x93, 0xF3, 0x33, 0x07, 0xB4, 0xAC, 0xC4, 0x02, 0x0B,
    0x12, 0xAD, 0xE0, 0x08, 0x2A, 0x60, 0xFF, 0x41, 0x00, 0xA2, 0x0B, 0x88, 0xD4, 0x8B, 0x89, 0x57,
    0x44, 0xD0, 0x86, 0x1A, 0x00, 0xD5, 0x52, 0x3A, 0x8F, 0xC9, 0xDB, 0xA2, 0x5B, 0x57, 0xAC, 0x70,
    0xE7, 0x4E, 0x47, 0xFE, 0x2B, 0xB6, 0x89, 0xEA, 0xA7, 0x74, 0x30, 0x64, 0xF5, 0x57, 0xB6, 0x98,
    0xEF, 0x6F, 0xFE, 0x64, 0xF9, 0xB8, 0x59, 0x6D, 0x05, 0xF7, 0xAB, 0x51, 0x07, 0x6D, 0xFE, 0xD4,
    0xAE, 0xB5, 0xAF, 0x68, 0x31, 0x23, 0x2D, 0x5F, 0x64, 0xFA, 0x1B, 0xCE, 0x7C, 0xCA, 0xE6, 0x0D,
    0xC6, 0x94, 0x48, 0xFB, 0x38, 0x54, 0xD7, 0xAF, 0x72, 0xA5, 0x2D, 0xB0, 0xDD, 0x08, 0x85, 0x7E,
    0xD3, 0x38, 0x93, 0x5F, 0xB7, 0xB7, 0x79, 0x0D, 0x5B, 0xD1, 0xF9, 0xB9, 0x03, 0x10, 0x03, 0x01,
    0xBC, 0x81, 0x2B, 0x06, 0x5B, 0x9D, 0xCE, 0x5A, 0xF3, 0x2C, 0xFC, 0x29, 0x44, 0x51, 0x5B, 0xFE,
    0x5E, 0x7F, 0xC9, 0x56, 0xE9, 0xA6, 0x2F, 0xD5, 0x60, 0x4C, 0xE4, 0xC5, 0x86, 0xEA, 0x19, 0xAC,
    0xCF, 0x93, 0xE2, 0xDB, 0xEA, 0x4B, 0xFC, 0xA4, 0x33, 0xFC, 0x53, 0x6B, 0xAD, 0xE9, 0x53, 0xF3,
    0x0C, 0xA8, 0x89, 0x7D, 0x68, 0x70, 0x01, 0xF3, 0x76, 0x27, 0x52, 0x36, 0x0A, 0x83, 0xD0, 0x1B,
    0x8A, 0x6E, 0xBB, 0x64, 0x82, 0x7A, 0xD3, 0x34, 0x2F, 0x66, 0x65, 0x35, 0x08, 0x35, 0xF1, 0x50,
    0x1D, 0x9C, 0xC7, 0x57, 0x7F, 0xB7, 0xF9, 0xED, 0x9B, 0x42, 0x24, 0xB8, 0x5B, 0xE1, 0xE1, 0xF7,
    0x0C, 0xB6, 0x84, 0x88, 0xCF, 0xC1, 0xFF, 0xC7, 0xBB, 0x7F, 0xD3, 0xC3, 0x51, 0xDF, 0x73, 0xB6,
    0xE8, 0x01, 0xED, 0x9F, 0xC0, 0xB8, 0xA2, 0x26, 0x52, 0x62, 0x58, 0xD1, 0xDC, 0x0A, 0xBA, 0x40,
    0x97, 0x1F, 0x32, 0xB3, 0xC9, 0xAC, 0xC3, 0x8D, 0xDE, 0x7D, 0x66, 0xB7, 0xFD, 0x2F, 0xA0, 0xA7,
    0x4B, 0x15, 0x6A, 0xE2, 0xE4, 0xE9, 0xAD, 0x8A, 0x12, 0x61, 0xDC, 0x2C, 0x54, 0xD8, 0x58, 0xEB,
    0x00, 0xED, 0x82, 0xB6, 0x05, 0xBF, 0x39, 0xAC, 0xF3, 0x09, 0x30, 0x24, 0xCB, 0xD1, 0x62, 0xDF,
    0xD7, 0xB5, 0x2E, 0xFD, 0x37, 0xA5, 0x54, 0x21, 0x8C, 0xE5, 0x36, 0x14, 0x9C, 0x24, 0xDA, 0x8B,
    0xD4, 0x00, 0xA3, 0x92, 0xAA, 0x52, 0x38, 0x0A, 0x2E, 0xB2, 0x39, 0x2A, 0xE8, 0xC7, 0xE5, 0x68,
    0x39, 0xA8, 0x6C, 0x8E, 0x8E, 0x94, 0xD3, 0xD3, 0x16, 0x2C, 0x27, 0xB5, 0x39, 0x0A, 0x27, 0x35,
    0x68, 0x41, 0x17, 0x05, 0x04, 0xA4, 0x95, 0x93, 0xE9, 0xBE, 0xE7, 0xE4, 0xEB, 0x6E, 0x57, 0x87,
    0x3A, 0xD2, 0xFA, 0x4D, 0x24, 0xEF, 0x7B, 0x33, 0xF3, 0xE4, 0x8F, 0xCF, 0x30, 0x51, 0x31, 0xA3,
    0x67, 0x45, 0xC6, 0xC4, 0x97, 0x93, 0xC5, 0x02, 0xC3, 0x84, 0x31, 0xB7, 0x5C, 0x30, 0x30, 0x61,
    0xC8, 0x3D, 0x93, 0xB2, 0x3E, 0x1B, 0x86, 0x93, 0x8D, 0x74, 0xCA, 0xBA, 0x3C, 0x11, 0xCA, 0x00,
    0x7B, 0x67, 0xFE, 0xB8, 0xB3, 0xFD, 0x62, 0xF1, 0x0D, 0x23, 0xB7, 0x3B, 0x2B, 0x27, 0x7B, 0x79,
    0xFA, 0xF4, 0xEE, 0x5E, 0xED, 0xF2, 0xBE, 0xB3, 0x3D, 0xDE, 0xCF, 0x1D, 0x2F, 0xF6, 0xE9, 0x52,
    0x8A, 0xA2, 0xEA, 0x95, 0xB5, 0xCC, 0xCA, 0x9A, 0x02, 0x6E, 0xEA, 0xB2, 0x2B, 0xB0, 0xFC, 0x35,
    0xBE, 0xCE, 0x7D, 0x2E, 0xF7, 0x34, 0x0A, 0xE0, 0xEF, 0x0C, 0x37, 0x07, 0x45, 0xF3, 0xFC, 0x37,
    0x9A, 0xF8, 0xA7, 0x0E, 0xE1, 0x3C, 0x91, 0x0E, 0x88, 0xE4, 0xAA, 0x41, 0xB6, 0xCC, 0x86, 0x0C,
    0x71, 0x45, 0xCF, 0xD0, 0x91, 0xB0, 0x92, 0x22, 0x5A, 0xEE, 0x98, 0x76, 0x51, 0xD5, 0xB0, 0x48,
    0x99, 0x0E, 0x40, 0x99, 0xAA, 0x57, 0x11, 0xB0, 0x3B, 0xC0, 0xFD, 0xF6, 0xF3, 0xC9, 0x04, 0x6F,
    0xD9, 0x3F, 0xB7, 0xDB, 0xAD, 0xB2, 0x0D, 0xA7, 0x73, 0xD5, 0x76, 0xF5, 0x53, 0x51, 0x17, 0x33,
    0x32, 0xED, 0x00, 0xBE, 0xC7, 0x40, 0xD7, 0x89, 0xCE, 0x5F, 0xD0, 0x31, 0xF5, 0xE4, 0xDC, 0x14,
    0x80, 0xEB, 0xE3, 0x4E, 0xC6, 0x0D, 0xB0, 0xE4, 0xE2, 0xC9, 0x05, 0xE2, 0xDC, 0x0D, 0xEA, 0x08,
    0xDF, 0xFE, 0x58, 0xFF, 0xB0, 0xA3, 0xDD, 0x00, 0x1F, 0xCC, 0x02, 0x8C, 0x8B, 0x9D, 0x81, 0x61,
    0x97, 0x1B, 0x9D, 0xF4, 0xBE, 0x66, 0xF9, 0x15, 0x5F, 0xE2, 0x03, 0x0F, 0xA7, 0xF1, 0xAD, 0x68,
    0xF8, 0x57, 0xDC, 0xD1, 0x1F, 0x22, 0xCD, 0x14, 0x11, 0x33, 0x6E, 0xE8, 0xE8, 0xA6, 0x0D, 0xAD,
    0x06, 0xD4, 0x6E, 0x72, 0xEA, 0xFE, 0xD4, 0x0B, 0xB3, 0xAA, 0xDF, 0x01, 0x0C, 0x94, 0x8F, 0x8E,
    0x3A, 0x8B, 0xFA, 0x31, 0xEA, 0x3A, 0x5A, 0x92, 0xD0, 0x8F, 0x00, 0x34, 0x3C, 0x97, 0x3E, 0x43,
    0x3C, 0xCC, 0x26, 0xA1, 0x61, 0xB6, 0x09, 0xE0, 0xEC, 0x67, 0x39, 0x63, 0x06, 0x98, 0xFC, 0x82,
    0x96, 0xC1, 0xCA, 0x86, 0x31, 0x31, 0x3C, 0x8A, 0x18, 0xED, 0x19, 0xB5, 0x7F, 0x23, 0x2B, 0x36,
    0x33, 0xAC, 0x1B, 0x56, 0x10, 0xED, 0xD1, 0x17, 0x80, 0xCF, 0x8B, 0x08, 0x9B, 0xA5, 0x7D, 0x00,
    0x86, 0x03, 0x9F, 0xE3, 0xBB, 0xE3, 0xA3, 0x4C, 0xDF, 0x31, 0xF0, 0x99, 0x18, 0xD7, 0x86, 0xC1,
    0x66, 0x44, 0x39, 0xBC, 0xF3, 0x0B, 0x7E, 0x80, 0x2F, 0xD0, 0xFF, 0x97, 0xE3, 0x50, 0xC1, 0x2B,
    0x7A, 0x0A, 0x8D, 0xA2, 0x7D, 0x50, 0xE9, 0x8F, 0x9C, 0x1B, 0xB4, 0xCC, 0x13, 0x10, 0xB3, 0x77,
    0xF0, 0x39, 0x06, 0xF8, 0x39, 0xCE, 0x60, 0xB2, 0x5B, 0x4F, 0x37, 0xCA, 0x8C, 0x56, 0xB5, 0x3E,
    0xFC, 0x04, 0xBC, 0x9E, 0x78, 0x80, 0xC0, 0x27, 0xD9, 0x48, 0x35, 0xA7, 0x75, 0xD6, 0x2A, 0xDF,
    0x59, 0x23, 0x75, 0x53, 0xC2, 0x57, 0x41, 0x72, 0x31, 0x64, 0x38, 0x6B, 0x7A, 0x24, 0x3F, 0x3E,
    0xC4, 0xC3, 0x75, 0x2C, 0xC0, 0xB4, 0xA2, 0x95, 0x3A, 0x66, 0x40, 0x6B, 0xAA, 0x2F, 0xD1, 0x86,
    0xBA, 0x29, 0xAF, 0x91, 0x3B, 0x1C, 0xBA, 0xAD, 0xD4, 0x94, 0x1A, 0x7E, 0xB7, 0x02, 0xE8, 0xB8,
    0xF4, 0xA2, 0xA3, 0xE1, 0x6A, 0xAA, 0xBE, 0x32, 0x26, 0xD5, 0xBB, 0x5B, 0xA7, 0xBA, 0x68, 0x81,
    0x6B, 0xCD, 0xBA, 0xE8, 0xA2, 0xB5, 0xE3, 0x7A, 0xD6, 0xE5, 0x7F, 0xD5, 0x91, 0x7B, 0xFD, 0x24,
    0xD7, 0x7B, 0xD5, 0xED, 0x4E, 0x01, 0xE8, 0x37, 0x10, 0x38, 0x37, 0x0C, 0xF0, 0x8F, 0xB5, 0x6A,
    0xCA, 0xA8, 0x5E, 0xAA, 0x22, 0xBC, 0x85, 0xA1, 0x00, 0xE3, 0x97, 0x65, 0x01, 0xB8, 0x4B, 0x3A,
    0x2D, 0x37, 0x29, 0x3D, 0x17, 0x29, 0x86, 0x33, 0xC6, 0x80, 0x89, 0x09, 0xA3, 0x83, 0x25, 0x04,
    0x3C, 0xA0, 0xA9, 0x94, 0xCB, 0xAB, 0x0E, 0xCA, 0x55, 0x71, 0xAA, 0x22, 0x34, 0x9F, 0x48, 0x08,
    0xAE, 0x8B, 0x1B, 0x00, 0x6D, 0x0C, 0x68, 0x63, 0x7D, 0x26, 0x41, 0x03, 0x25, 0xF0, 0x4D, 0x10,
    0x05, 0x30, 0xA9, 0xEE, 0x2B, 0x69, 0x08, 0x53, 0xD2, 0xC6, 0x36, 0x69, 0xE3, 0x98, 0x2C, 0x5F,
    0x9E, 0x7E, 0x63, 0xF2, 0x14, 0x5C, 0x05, 0xBF, 0xA3, 0x29, 0x72, 0x69, 0x58, 0x01, 0xA3, 0xAF,
    0xBB, 0xDF, 0x19, 0xF4, 0x7D, 0x7D, 0xFD, 0x75, 0x37, 0xB7, 0x57, 0xE8, 0xDB, 0xA1, 0xD3, 0x4C,
    0x60, 0xFE, 0x7D, 0x8A, 0x87, 0xA4, 0x1B, 0x0B, 0x4C, 0x6A, 0xB8, 0xC0, 0x84, 0x8E, 0x19, 0x0F,
    0xF7, 0xDF, 0x63, 0xF5, 0xA6, 0x3B, 0x51, 0x33, 0x72, 0x45, 0x8C, 0xCD, 0x6A, 0x28, 0xA8, 0x1F,
    0x1D, 0xB5, 0xE3, 0x83, 0x03, 0x37, 0x31, 0xA3, 0x5D, 0x7A, 0xC9, 0x2F, 0x18, 0x3A, 0xD8, 0x30,
    0x91, 0x64, 0xB0, 0x7A, 0x7A, 0x3D, 0xFF, 0x03, 0x63, 0x80, 0x03, 0xE9, 0xFF, 0x3F, 0x40, 0xD4,
    0xFE, 0xFF, 0xFF, 0x1D, 0x18, 0x18, 0x98, 0xFF, 0xDF, 0xFE, 0x7F, 0x80, 0x81, 0x81, 0xFB, 0x3F,
    0x33, 0x88, 0xE2, 0xFF, 0xCF, 0x08, 0x12, 0x94, 0xFF, 0xCF, 0xB0, 0x84, 0x01, 0x4C, 0x81, 0x80,
    0x3E, 0x32, 0xC5, 0x9A, 0xFF, 0x3F, 0x14, 0xAC, 0xE2, 0xFF, 0xFF, 0x07, 0x70, 0x8A, 0x6B, 0xFF,
    0xFF, 0x55, 0x13, 0xA0, 0x4A, 0x06, 0x0D, 0xF5, 0x0F, 0x41, 0x71, 0x3B, 0x80, 0x29, 0xFB, 0x06,
    0xFD, 0xBF, 0x40, 0xAA, 0xBE, 0x41, 0xFF, 0x0F, 0x88, 0x3A, 0x60, 0xFF, 0x05, 0x24, 0xF8, 0x0B,
    0xE8, 0x03, 0xB0, 0x4F, 0x1C, 0x80, 0x14, 0xD3, 0xFF, 0x27, 0x20, 0x5D, 0x00, 0x63, 0xB0, 0xFF,
    0xC3, 0xC0, 0xB0, 0xFF, 0x1F, 0x03, 0xE3, 0xFF, 0xFF, 0x0E, 0xCC, 0x7F, 0xEB, 0x2F, 0xF0, 0x7F,
    0x91, 0xFF, 0xA0, 0x7F, 0x80, 0xF9, 0x8F, 0x1D, 0x03, 0xC3, 0x5E, 0x86, 0x7D, 0x0C, 0xAC, 0x0E,
    0xEC, 0xFF, 0x1F, 0xF0, 0x1F, 0xE0, 0xFF, 0xFF, 0x57, 0xFF, 0x80, 0xFE, 0x7F, 0xA0, 0x1A, 0x7B,
    0xF7, 0xFF, 0xFF, 0x19, 0xEC, 0x18, 0xF6, 0xFF, 0x61, 0x10, 0x61, 0xE0, 0x9A, 0xC0, 0x00, 0x00,
    0xAD, 0x95, 0x01, 0x84, 0x26, 0xD7, 0x1D, 0xC0, 0x7F, 0x33, 0x73, 0xFB, 0x4D, 0x72, 0xD3, 0xE6,
    0x1D, 0x36, 0x34, 0xB9, 0x36, 0x73, 0x08, 0xDA, 0xD3, 0xDE, 0x40, 0xD0, 0xF2, 0xED, 0xBE, 0x57,
    0x70, 0x08, 0x2C, 0x76, 0x5B, 0x14, 0x17, 0x14, 0xBD, 0x43, 0xB7, 0x80, 0xC3, 0xEE, 0xCE, 0x34,
    0x01, 0x04, 0xFD, 0x50, 0x8A, 0xC2, 0x21, 0x68, 0x36, 0x48, 0x70, 0xB8, 0xD4, 0xEE, 0xCE, 0x8B,
    0xD2, 0x02, 0x4C, 0x4A, 0x0B, 0xD0, 0x97, 0x36, 0x11, 0x4D, 0xD0, 0x51, 0x43, 0xE6, 0xAE, 0x33,
    0xF3, 0xEF, 0xBC, 0x6F, 0xF6, 0xBB, 0xDB, 0x4B, 0xF6, 0x2A, 0xA1, 0xBF, 0xF7, 0xFF, 0xBF, 0xF7,
    0xDE, 0xFF, 0x7D, 0x6F, 0xDE, 0x7F, 0xDE, 0xF7, 0x7F, 0xFF, 0xD1, 0x03, 0xA9, 0x10, 0x8B, 0x45,
    0x2A, 0xB2, 0x9A, 0xB8, 0x83, 0x63, 0xCA, 0x2E, 0x90, 0x3A, 0x12, 0x9B, 0x08, 0x69, 0x8B, 0xAE,
    0x38, 0x00, 0x74, 0x07, 0x32, 0x10, 0x8A, 0x10, 0xF7, 0xA5, 0x55, 0x75, 0x5A, 0x6B, 0x1B, 0xB7,
    0x07, 0x70, 0xC4, 0x09, 0x6B, 0x26, 0x96, 0x4A, 0xD9, 0x54, 0xFA, 0xDD, 0x42, 0x8B, 0x88, 0xD1,
    0xD7, 0x65, 0x60, 0x9F, 0xB2, 0x63, 0x9D, 0x8B, 0x0B, 0xAE, 0x1E, 0x1E, 0x7A, 0xBB, 0x5D, 0x29,
    0x1E, 0x79, 0xC8, 0xCE, 0xC8, 0xF6, 0x11, 0x91, 0x3B, 0x20, 0xA9, 0x74, 0x91, 0xD9, 0x4C, 0xA4,
    0x50, 0x22, 0x44, 0xD2, 0xC1, 0xAD, 0x05, 0x90, 0x36, 0xBA, 0x2F, 0x87, 0x7C, 0xD0, 0x5D, 0xE2,
    0xD6, 0x58, 0x23, 0xB7, 0xBA, 0x92, 0x2A, 0xAF, 0x97, 0x6A, 0x73, 0xA7, 0x4D, 0x66, 0xF1, 0x6C,
    0x93, 0x4A, 0xA1, 0xA5, 0x9E, 0x27, 0xCD, 0x7A, 0xD4, 0x10, 0x37, 0xA4, 0x0E, 0x31, 0x74, 0xD0,
    0xC2, 0x16, 0xB3, 0xFB, 0x68, 0xB1, 0xE5, 0x0D, 0xD7, 0x45, 0x75, 0x1B, 0x7A, 0x39, 0x49, 0xDC,
    0x68, 0x49, 0x06, 0x3C, 0x52, 0x49, 0x15, 0xCA, 0xAB, 0x52, 0x44, 0x12, 0x09, 0x49, 0xA7, 0x3A,
    0xD2, 0x3A, 0xAD, 0xD1, 0x56, 0x5B, 0x0E, 0xC6, 0x42, 0x0E, 0x7D, 0x56, 0xC5, 0xAD, 0x6A, 0xD2,
    0x3A, 0x1A, 0x4A, 0x8B, 0x88, 0x21, 0x1F, 0x20, 0x6B, 0xB9, 0x79, 0xB2, 0xE4, 0xE6, 0xCD, 0xD9,
    0xE2, 0x24, 0x76, 0x9F, 0x93, 0x9B, 0xE1, 0x42, 0x37, 0xBA, 0x21, 0xED, 0xD2, 0x8E, 0xA4, 0x4F,
    0x7A, 0x42, 0x09, 0x05, 0xCA, 0xA2, 0x2C, 0xC8, 0xAA, 0xCC, 0x12, 0xBB, 0xA4, 0xE2, 0x79, 0x03,
    0xE2, 0x40, 0xEA, 0x53, 0x75, 0x6C, 0x5F, 0xFD, 0xE1, 0x56, 0x4F, 0x5C, 0x97, 0x28, 0xA7, 0x1F,
    0x88, 0x4D, 0x45, 0x4C, 0x2C, 0xFD, 0x74, 0x34, 0xBB, 0x8B, 0xE5, 0x31, 0x29, 0x11, 0xFC, 0xD1,
    0xFA, 0xE3, 0x3B, 0x21, 0x71, 0x7B, 0x44, 0x15, 0x33, 0xF2, 0xA8, 0x57, 0x55, 0x66, 0x34, 0x79,
    0x51, 0xD6, 0x65, 0x57, 0x76, 0x79, 0xE7, 0x8F, 0x70, 0xB6, 0xC8, 0x5A, 0xDD, 0xEB, 0x41, 0x8B,
    0x1A, 0xC2, 0x81, 0x9E, 0x2E, 0x6A, 0xB2, 0xAA, 0xE4, 0x0D, 0xFC, 0x4C, 0xDE, 0x95, 0xBE, 0x34,
    0x65, 0xA1, 0xD1, 0x46, 0xD9, 0xB8, 0xA5, 0xE4, 0xE2, 0xC3, 0x35, 0xC3, 0xC3, 0x35, 0xF5, 0xB4,
    0x46, 0xF7, 0x53, 0x1C, 0x15, 0x48, 0x85, 0x9E, 0xE2, 0xE8, 0x88, 0xBC, 0x43, 0x9A, 0x50, 0xAA,
    0x58, 0x50, 0x1D, 0x59, 0xC5, 0x26, 0xB0, 0xCE, 0x9C, 0xB9, 0x1E, 0x7D, 0x78, 0x76, 0xCF, 0xF7,
    0x96, 0x43, 0xFC, 0x78, 0x63, 0xDB, 0xF7, 0x6E, 0x1D, 0xBE, 0x59, 0x4A, 0x3F, 0xCA, 0xAD, 0xC3,
    0x1E, 0xCE, 0x95, 0x75, 0x50, 0x8D, 0xF7, 0x23, 0x1B, 0xE2, 0x81, 0x3E, 0xEC, 0x76, 0x6B, 0x29,
    0xB6, 0x80, 0x99, 0x4B, 0x9D, 0x36, 0x7B, 0xEC, 0xB1, 0x8F, 0x36, 0xA9, 0x0B, 0xAB, 0xC8, 0x4E,
    0xE5, 0xAD, 0x4F, 0x44, 0x0E, 0x0F, 0x65, 0xE4, 0xC7, 0x7F, 0x99, 0x2C, 0x61, 0x11, 0x98, 0xD5,
    0xCC, 0x5B, 0x9F, 0x4C, 0x96, 0x5C, 0xAA, 0x51, 0x00, 0x62, 0x4B, 0x72, 0x46, 0x94, 0xFD, 0x41,
    0x6E, 0xB5, 0x8F, 0x2A, 0xD2, 0x0E, 0x60, 0x03, 0x36, 0xCF, 0x88, 0x06, 0xFD, 0x57, 0x9B, 0x89,
    0x55, 0x62, 0x23, 0x31, 0xC0, 0xCC, 0xE4, 0x8D, 0x74, 0xBE, 0xE4, 0xCD, 0x9A, 0xF9, 0x62, 0xBC,
    0xEA, 0x7A, 0x74, 0xD0, 0x32, 0x91, 0x0C, 0x68, 0xB1, 0x27, 0x3F, 0x71, 0x53, 0x38, 0x76, 0x51,
    0x3D, 0xF6, 0x47, 0x4B, 0xDC, 0xB3, 0xB6, 0xAD, 0x3A, 0x1F, 0x67, 0x99, 0xD5, 0x85, 0x06, 0x82,
    0x2D, 0x22, 0x47, 0xF4, 0x21, 0xB1, 0x98, 0xA0, 0xAC, 0xC8, 0x1C, 0x69, 0x3D, 0xD6, 0xBF, 0x17,
    0x2B, 0x62, 0xF2, 0x96, 0xA0, 0x47, 0xF9, 0x60, 0x25, 0x2F, 0x10, 0xC3, 0xF4, 0x8F, 0xE4, 0x52,
    0x67, 0x52, 0xCF, 0x64, 0xC1, 0xC9, 0x04, 0xA5, 0xC8, 0xB0, 0xD4, 0xC3, 0xC3, 0xE1, 0x08, 0x36,
    0xEF, 0xC1, 0x35, 0xAF, 0x97, 0xE0, 0xC2, 0xA5, 0x0B, 0x98, 0x77, 0x9E, 0xC1, 0xDD, 0x4D, 0x83,
    0x6A, 0x3F, 0xFF, 0x8D, 0xD5, 0x9F, 0x49, 0x31, 0x5B, 0xDC, 0xE4, 0x00, 0x8E, 0xB5, 0x8D, 0x96,
    0xFE, 0x44, 0x7D, 0x6E, 0x03, 0x11, 0x43, 0x39, 0x80, 0xEE, 0xE0, 0xEA, 0xEF, 0x20, 0xEF, 0x41,
    0x04, 0x7F, 0x27, 0x92, 0x36, 0x73, 0xFE, 0x8E, 0xE4, 0x26, 0xE8, 0x01, 0x7E, 0x46, 0xB8, 0x38,
    0x26, 0xA9, 0x72, 0x93, 0x5A, 0x2D, 0xCB, 0x00, 0x26, 0x96, 0x0E, 0xCA, 0x0A, 0x1F, 0xF0, 0xA1,
    0xB4, 0x28, 0x11, 0xFC, 0xBD, 0xD7, 0x8B, 0xDC, 0x07, 0x70, 0xE5, 0xF3, 0x01, 0x37, 0x09, 0x4C,
    0x24, 0x55, 0x62, 0x95, 0xF4, 0xA9, 0xCD, 0xC4, 0xCF, 0xFF, 0x56, 0x04, 0x4D, 0xD9, 0xF3, 0x1D,
    0x2E, 0x3B, 0x3C, 0x67, 0x53, 0xCB, 0xB3, 0x3B, 0x3B, 0x06, 0x8F, 0x8C, 0xD4, 0x8F, 0xAA, 0xD1,
    0xBE, 0x63, 0x96, 0xD5, 0x23, 0x1B, 0x0F, 0x39, 0x77, 0xE2, 0x84, 0xC0, 0xC4, 0xE2, 0x94, 0xDF,
    0x3C, 0x3B, 0xDD, 0xFC, 0xBA, 0x08, 0x9B, 0xAB, 0xBC, 0x36, 0x2D, 0xD3, 0x32, 0x6D, 0x2D, 0x76,
    0x4C, 0x73, 0x87, 0xC5, 0x68, 0x1B, 0xD9, 0x2E, 0xC5, 0x33, 0x9C, 0x36, 0xB7, 0x0E, 0x3D, 0x6F,
    0x32, 0xB1, 0x07, 0x61, 0x0F, 0x59, 0x4F, 0x20, 0x0E, 0x25, 0x50, 0x36, 0xCB, 0xEB, 0x93, 0xB7,
    0x90, 0x5B, 0xD8, 0xE0, 0x71, 0x9E, 0x01, 0x48, 0x0B, 0x40, 0x03, 0xE4, 0x00, 0xC7, 0x00, 0x1D,
    0x10, 0xB4, 0x40, 0x54, 0x03, 0xB1, 0xAF, 0x92, 0x0A, 0x50, 0xF6, 0xFF, 0xB9, 0x20, 0x7C, 0xD2,
    0x82, 0xEC, 0xF1, 0x05, 0xFB, 0x3C, 0xE2, 0x5D, 0x4A, 0x93, 0xDA, 0xA8, 0x8A, 0xAA, 0xB8, 0x4A,
    0x6D, 0x69, 0x6E, 0xB3, 0x0A, 0x32, 0x1F, 0x70, 0xA5, 0x09, 0x86, 0x55, 0x10, 0x8E, 0x07, 0xB6,
    0x0D, 0xB0, 0x1A, 0xDF, 0x85, 0x17, 0x56, 0xFA, 0xEE, 0xCE, 0xCE, 0xCF, 0xCB, 0xE9, 0xFC, 0xDE,
    0xC4, 0x5C, 0x20, 0x6D, 0xA5, 0xD0, 0xE5, 0x7F, 0xEC, 0x6D, 0xF5, 0xCB, 0xEA, 0x9D, 0x04, 0xF7,
    0xCA, 0x8C, 0xC5, 0x95, 0xAF, 0x71, 0xA4, 0xD1, 0x1D, 0xAA, 0xF6, 0xA2, 0x3B, 0x3F, 0x1C, 0x8D,
    0x18, 0xFF, 0x31, 0x39, 0xE2, 0x88, 0x83, 0x29, 0x8B, 0xB9, 0xC8, 0xC5, 0x4E, 0xDB, 0x03, 0x4E,
    0xF9, 0x5C, 0x70, 0xC0, 0x13, 0x26, 0xF2, 0x8E, 0x4C, 0x48, 0xC4, 0x04, 0x62, 0xD1, 0x35, 0x49,
    0x4B, 0x70, 0x0F, 0xDD, 0x23, 0x6D, 0x20, 0x2E, 0x12, 0xE3, 0xD3, 0x9B, 0xE3, 0x9A, 0xF9, 0x32,
    0x21, 0xE3, 0x53, 0x41, 0x59, 0x97, 0x75, 0x56, 0x8F, 0xDE, 0xD8, 0xD2, 0xFC, 0x14, 0xB8, 0x0D,
    0x20, 0x05, 0x04, 0x63, 0x95, 0xBD, 0x2F, 0x99, 0xD5, 0x7F, 0xEF, 0xB5, 0xD3, 0xFF, 0xEE, 0xC6,
    0xEA, 0x1F, 0x8D, 0x76, 0xEA, 0xB5, 0x3A, 0x2D, 0x08, 0x2B, 0xB8, 0x7A, 0x07, 0xDD, 0x9C, 0x11,
    0x21, 0x13, 0x66, 0xED, 0xFF, 0xBC, 0xD1, 0x5F, 0x29, 0xEA, 0x9F, 0xF4, 0xE9, 0x92, 0x25, 0xE4,
    0xA7, 0x65, 0xE2, 0x05, 0xBF, 0x40, 0xFB, 0x2B, 0x3A, 0x44, 0x56, 0xC9, 0x70, 0xE3, 0xF4, 0x95,
    0x13, 0x11, 0xE6, 0xB1, 0xF4, 0xAC, 0xAB, 0x3F, 0x2E, 0x20, 0x2E, 0xF0, 0xAC, 0x42, 0x2F, 0x19,
    0x00, 0x25, 0xAB, 0x2A, 0xEE, 0xF1, 0xCC, 0x0A, 0xCA, 0x42, 0xD9, 0x58, 0x86, 0x5D, 0xAB, 0x44,
    0xC4, 0xF8, 0x47, 0xA1, 0x83, 0xB2, 0x65, 0x93, 0xC0, 0x9C, 0x46, 0x61, 0x22, 0x8F, 0xAD, 0x8D,
    0x3A, 0xF8, 0xB2, 0x97, 0xF5, 0xAB, 0xFC, 0x2E, 0x28, 0x5E, 0x24, 0xB6, 0x1B, 0xA4, 0x22, 0xFE,
    0x7E, 0x7B, 0x87, 0x88, 0x8A, 0xEF, 0x42, 0x71, 0x85, 0x89, 0xB0, 0x48, 0x5C, 0xD6, 0xEE, 0xDE,
    0x4F, 0xDC, 0xAA, 0x94, 0x0D, 0x52, 0x07, 0xE2, 0x7C, 0x54, 0x34, 0xA1, 0xD4, 0x0F, 0xDE, 0xE0,
    0xF0, 0x4E, 0x70, 0x58, 0x37, 0x78, 0x82, 0x33, 0x6D, 0xA0, 0x2E, 0x8C, 0xED, 0x5D, 0x92, 0x5F,
    0x5D, 0x03, 0x07, 0xD7, 0xCD, 0xB7, 0x2E, 0x01, 0xA1, 0x83, 0x7B, 0xCB, 0xCD, 0xE1, 0x45, 0xE0,
    0x69, 0x6F, 0x03, 0x52, 0x20, 0x29, 0x68, 0x96, 0xE3, 0x33, 0xCF, 0x99, 0xFB, 0xF1, 0x7B, 0x53,
    0x1B, 0xBD, 0xFF, 0xC8, 0x7E, 0xC1, 0x37, 0x41, 0xBD, 0x35, 0xAD, 0xDB, 0xE2, 0xEB, 0x40, 0x6C,
    0x00, 0x03, 0x8F, 0xED, 0xF3, 0x2A, 0x4F, 0xBD, 0x08, 0xAF, 0x4C, 0x7E, 0x2C, 0x1A, 0x66, 0xEA,
    0x69, 0x82, 0x2F, 0xF8, 0x7B, 0x7F, 0x8B, 0x9D, 0x51, 0xEA, 0xD5, 0x7B, 0xAD, 0x5A, 0xA8, 0x39,
    0x21, 0x1D, 0xBB, 0xA1, 0x64, 0xCD, 0x09, 0x0E, 0x08, 0x2B, 0xFF, 0x0D, 0xDE, 0x67, 0x6F, 0x2C,
    0xFE, 0x1B, 0x1C, 0x3B, 0xA0, 0x74, 0x24, 0x32, 0x4C, 0xC9, 0xFD, 0xA3, 0xD2, 0x96, 0x28, 0xD7,
    0x11, 0xD5, 0x64, 0x05, 0x48, 0xFD, 0x48, 0x4B, 0x07, 0xCF, 0x99, 0xF1, 0xEA, 0x1E, 0x69, 0xDD,
    0xA9, 0x5A, 0xD5, 0xBA, 0x3B, 0xDA, 0xBC, 0xF2, 0x14, 0xA0, 0x38, 0xF1, 0x37, 0x5F, 0x8A, 0xB4,
    0xE5, 0x84, 0x04, 0xCE, 0xD9, 0x7B, 0xE2, 0xFB, 0x04, 0x0D, 0x7A, 0x11, 0xB6, 0xA8, 0x21, 0xEA,
    0x08, 0xE4, 0x7A, 0x47, 0x28, 0x2F, 0x0F, 0x64, 0x8D, 0xBA, 0x81, 0x36, 0x99, 0x2A, 0x5E, 0x62,
    0x23, 0xB6, 0xB7, 0x97, 0xE9, 0x29, 0xAE, 0xA2, 0xB1, 0xF8, 0xF4, 0x74, 0x8C, 0x27, 0x6D, 0xF2,
    0xAE, 0xEC, 0xCB, 0x5E, 0x77, 0x89, 0x63, 0xCE, 0x85, 0xF9, 0xA5, 0x17, 0xE6, 0x77, 0xB3, 0x4F,
    0xFD, 0xA6, 0x97, 0xE5, 0xC3, 0xEC, 0xDB, 0xED, 0x53, 0xF3, 0x2B, 0xCC, 0x61, 0x6B, 0x8D, 0xA4,
    0xCF, 0x5D, 0x56, 0x0E, 0xED, 0x46, 0x5C, 0xED, 0xCD, 0x23, 0x3B, 0xF7, 0xBA, 0x99, 0xB8, 0xA3,
    0x54, 0xA4, 0x89, 0xDB, 0xAC, 0x7A, 0x8E, 0x0D, 0xE6, 0xE4, 0x43, 0x39, 0xEC, 0xEC, 0x33, 0xE7,
    0x36, 0x5E, 0x3C, 0xDF, 0xD3, 0x2C, 0xE9, 0x54, 0x05, 0x10, 0xD7, 0x51, 0x0F, 0x90, 0x5B, 0xE4,
    0x3E, 0xEC, 0x0A, 0x64, 0x32, 0xD2, 0x40, 0xE0, 0x5B, 0x03, 0xAC, 0xBD, 0xFD, 0x60, 0x0B, 0xD6,
    0x59, 0xB2, 0xBE, 0xC9, 0x92, 0xA3, 0xB4, 0x00, 0x08, 0x9B, 0xA4, 0x01, 0x48, 0x5D, 0x28, 0x0B,
    0x98, 0x89, 0x21, 0x97, 0x4F, 0xDE, 0x92, 0x1E, 0x62, 0x19, 0xA9, 0x80, 0xCB, 0x22, 0x1F, 0xF2,
    0x90, 0xAB, 0x87, 0x9E, 0x22, 0x17, 0x4F, 0x75, 0xDA, 0x9C, 0x6B, 0x64, 0x6D, 0x0B, 0x20, 0xD8,
    0x0A, 0x44, 0xFE, 0x09, 0x44, 0x2E, 0x11, 0xF1, 0x5E, 0xAA, 0x2A, 0x95, 0x91, 0x07, 0x3F, 0x2A,
    0xAD, 0xAE, 0x82, 0x72, 0xE9, 0xE7, 0x01, 0xF8, 0x5E, 0x4F, 0x07, 0x04, 0x6F, 0x8B, 0x03, 0xCE,
    0xA6, 0x1A, 0x83, 0x67, 0x57, 0xC4, 0xBB, 0x49, 0x22, 0x23, 0x03, 0xB0, 0xDA, 0x2A, 0x94, 0x8F,
    0x60, 0x56, 0xB6, 0xA8, 0xFB, 0x00, 0xB1, 0x90, 0x15, 0x78, 0xF2, 0x62, 0x9F, 0x25, 0x49, 0xC5,
    0x79, 0x7C, 0x83, 0x25, 0xD7, 0x4E, 0x9F, 0x54, 0x4C, 0x8D, 0xD5, 0xE2, 0x61, 0xC9, 0x37, 0x59,
    0x72, 0x89, 0x53, 0x92, 0x81, 0x4C, 0xD9, 0x8B, 0x89, 0x25, 0xB1, 0xA9, 0x58, 0x9D, 0xD8, 0x83,
    0xC4, 0x6E, 0xAA, 0x2A, 0xFB, 0xB8, 0x09, 0x20, 0x1C, 0x50, 0xAF, 0xDB, 0x2C, 0x72, 0x3A, 0xAA,
    0xB5, 0xD4, 0x1A, 0x34, 0xA4, 0xC5, 0x9D, 0x58, 0xAC, 0x4F, 0x10, 0x26, 0xB5, 0x17, 0x8D, 0x77,
    0x2B, 0xB5, 0xEA, 0x4C, 0xC9, 0x1B, 0x98, 0x0D, 0xA4, 0x2F, 0x57, 0x9B, 0x51, 0x7D, 0x10, 0xD6,
    0xFB, 0x61, 0xB3, 0x1F, 0xD6, 0x63, 0x7F, 0x7C, 0x50, 0xF2, 0xAF, 0x82, 0x2D, 0xF4, 0x6B, 0x2D,
    0xE9, 0x7B, 0x1D, 0xCA, 0x9E, 0xA3, 0x7F, 0xEE, 0x88, 0x7B, 0x81, 0x2D, 0x88, 0x07, 0xB4, 0x2A,
    0xF6, 0x95, 0x8F, 0xC9, 0x49, 0xF6, 0x41, 0x87, 0x85, 0x9A, 0xA6, 0x9F, 0x5F, 0x70, 0xD9, 0x11,
    0x7B, 0x49, 0x3E, 0x76, 0xFA, 0x86, 0x3B, 0x1E, 0xA3, 0x2E, 0x76, 0xDD, 0x52, 0x8E, 0x63, 0x77,
    0xA0, 0x5C, 0xFA, 0x59, 0x17, 0x18, 0x6E, 0x19, 0xC8, 0x2C, 0xA8, 0x95, 0xFE, 0xCD, 0xA1, 0x3E,
    0x6B, 0xFD, 0x7E, 0xE7, 0x6A, 0x5E, 0x0B, 0x9E, 0xFC, 0xC6, 0x07, 0xC3, 0xF8, 0x43, 0xC9, 0x8B,
    0xD1, 0xAA, 0xEC, 0x13, 0xAB, 0xBC, 0x16, 0x55, 0xE3, 0xD1, 0xAF, 0x3B, 0xF5, 0x69, 0x9D, 0x7C,
    0xE0, 0x92, 0x8A, 0xC4, 0xAE, 0xA4, 0x42, 0xB7, 0x00, 0xB1, 0x51, 0xA6, 0x6C, 0x77, 0x7F, 0x9D,
    0x99, 0x55, 0x49, 0x0B, 0xD5, 0x61, 0x74, 0x23, 0xA8, 0x6A, 0x4E, 0x52, 0xBD, 0x44, 0x54, 0xFF,
    0x82, 0xB0, 0xBE, 0x43, 0xD0, 0x56, 0xD0, 0x5B, 0xC8, 0x0D, 0x68, 0x96, 0xE8, 0xFB, 0x03, 0x49,
    0x7D, 0x8F, 0xA8, 0x71, 0x20, 0xC5, 0x64, 0x2F, 0x2D, 0xE1, 0x1F, 0x6A, 0x92, 0xB0, 0x25, 0xFF,
    0x93, 0xE0, 0xF9, 0x2F, 0xC5, 0x59, 0x3F, 0x8C, 0xE5, 0xD4, 0xD5, 0xFF, 0xD9, 0x66, 0xC7, 0x12,
    0xFE, 0x84, 0xB7, 0x60, 0x3F, 0x89, 0x45, 0x9F, 0x5C, 0x7D, 0x05, 0x8B, 0x3E, 0xDC, 0x50, 0x7E,
    0x3B, 0xF7, 0x4A, 0x14, 0x14, 0x69, 0xA6, 0xD8, 0x29, 0x92, 0x06, 0x0A, 0x1A, 0x96, 0x82, 0x94,
    0x29, 0x02, 0x76, 0x97, 0x32, 0x13, 0x29, 0x28, 0xED, 0x14, 0x5B, 0xB0, 0x83, 0x14, 0x52, 0xA4,
    0x20, 0x0A, 0x8C, 0x9D, 0xA4, 0x4C, 0x63, 0x25, 0x4A, 0x6A, 0x47, 0x0A, 0x0D, 0x0D, 0x17, 0xC9,
    0x2B, 0xBC, 0xBB, 0xD7, 0x3E, 0x39, 0xE7, 0xDC, 0xF7, 0x9E, 0x1F, 0xEF, 0xED, 0x6C, 0x48, 0x32,
    0x93, 0x1C, 0xEC, 0xDF, 0xFD, 0xE3, 0xF3, 0xFF, 0x9C, 0xBD, 0x1E, 0xFC, 0xE0, 0x9E, 0x4E, 0x47,
    0xD7, 0x61, 0x7F, 0x98, 0x74, 0x45, 0x6E, 0xD3, 0x09, 0xD1, 0x80, 0xC4, 0x23, 0x27, 0xDC, 0xFE,
    0xBA, 0x7D, 0xF5, 0xAB, 0x16, 0x0E, 0x97, 0x76, 0x1D, 0x01, 0xD7, 0x81, 0x4F, 0x80, 0x57, 0x80,
    0xAC, 0x26, 0xEA, 0x1F, 0x7D, 0xD4, 0xBA, 0x1C, 0xEE, 0xFF, 0xE1, 0xBE, 0x7F, 0xC9, 0x76, 0x60,
    0x11, 0xF7, 0x6C, 0x44, 0x4C, 0x35, 0xE4, 0x0E, 0xCF, 0xC4, 0x4E, 0xD2, 0x3A, 0x74, 0x0E, 0x97,
    0x6A, 0xEA, 0xEC, 0xEC, 0x1E, 0x91, 0x5F, 0x5F, 0xE3, 0xEE, 0x92, 0xE9, 0x3E, 0x31, 0xCD, 0x0A,
    0xC7, 0x4C, 0x77, 0x6E, 0xC9, 0xE6, 0xA9, 0x21, 0x26, 0x17, 0xF0, 0x86, 0xEC, 0x1F, 0xE9, 0xBE,
    0xD2, 0x87, 0xBA, 0xAD, 0xE4, 0xB7, 0xA6, 0xCA, 0xA6, 0x74, 0x67, 0x6B, 0xFA, 0x64, 0x5E, 0x2C,
    0xF4, 0x36, 0x3E, 0xFC, 0x0C, 0xFE, 0x3F, 0x74, 0xA9, 0x4F, 0x83, 0x82, 0xF8, 0x7C, 0x84, 0x0D,
    0xED, 0x3E, 0x38, 0x40, 0x95, 0x4C, 0x79, 0x57, 0x5A, 0x83, 0xAA, 0x6E, 0x5C, 0xE3, 0x1B, 0x5F,
    0x79, 0xE3, 0xB3, 0x3E, 0x3E, 0x45, 0x3E, 0xA1, 0xA0, 0x70, 0xD9, 0x8C, 0x6C, 0x44, 0x40, 0x05,
    0x7C, 0x86, 0xC8, 0xA3, 0x70, 0x30, 0x35, 0x5E, 0xD5, 0x8A, 0x67, 0xBC, 0x9C, 0x57, 0x6C, 0x39,
    0xD9, 0x98, 0x80, 0x06, 0x38, 0x07, 0x3C, 0xD2, 0x01, 0xA6, 0xC3, 0x6D, 0x08, 0x1D, 0x9C, 0x94,
    0xA3, 0xF1, 0x62, 0xA0, 0x19, 0xAA, 0xD6, 0xA0, 0xB4, 0x79, 0x9B, 0x3E, 0x64, 0xD6, 0x67, 0xD9,
    0x89, 0xC8, 0xB2, 0xEA, 0xB2, 0x4E, 0xA6, 0x88, 0x75, 0x74, 0xC9, 0xA0, 0x4F, 0x61, 0x50, 0xB4,
    0xEC, 0x56, 0xD9, 0xA1, 0x71, 0x66, 0x44, 0xE3, 0xCD, 0x2C, 0x40, 0xA8, 0x7C, 0x49, 0x30, 0x3E,
    0x9F, 0x91, 0xF5, 0xC9, 0x88, 0xF8, 0x34, 0xFA, 0x90, 0xBD, 0x4D, 0xC5, 0x85, 0x8C, 0xEA, 0x82,
    0x72, 0x6A, 0x0B, 0xFA, 0x0E, 0xB5, 0x19, 0xBD, 0x46, 0x6D, 0x44, 0x68, 0x58, 0x0D, 0x3B, 0xCC,
    0xBE, 0x1B, 0xF1, 0xFE, 0x9C, 0xFD, 0xCF, 0x46, 0xDE, 0x28, 0x3A, 0x8E, 0xE1, 0x05, 0x8D, 0xE2,
    0x3A, 0xC7, 0x91, 0x70, 0x18, 0x33, 0x47, 0xBA, 0x28, 0xC8, 0xE9, 0x75, 0x6A, 0x63, 0x8A, 0xA8,
    0x45, 0xC3, 0xFC, 0x2C, 0x69, 0x2C, 0x3C, 0x2A, 0x8E, 0x2C, 0xF6, 0x1C, 0x5B, 0xE1, 0x38, 0xBA,
    0xC2, 0x62, 0x15, 0x61, 0x7C, 0x0F, 0xE5, 0xC8, 0x69, 0x33, 0xE2, 0x9F, 0x7A, 0x1A, 0x7C, 0x1E,
    0x0C, 0xCB, 0xB4, 0xA6, 0x0F, 0x11, 0x69, 0x6C, 0x1C, 0xBC, 0x43, 0xFA, 0x30, 0x9E, 0x81, 0x86,
    0x63, 0x94, 0x2C, 0x58, 0x1C, 0xDC, 0x07, 0x90, 0x4E, 0x02, 0x9E, 0x21, 0x59, 0x60, 0x64, 0x88,
    0x05, 0xA2, 0x01, 0x78, 0x2B, 0x72, 0xD1, 0x49, 0x33, 0x3F, 0xA6, 0xAE, 0x21, 0x5A, 0xC1, 0xF9,
    0x4F, 0x86, 0x77, 0x3A, 0x65, 0x09, 0x12, 0xD9, 0xCC, 0x90, 0x93, 0x82, 0x2E, 0x05, 0x54, 0xF3,
    0xA4, 0x2C, 0xFB, 0xA0, 0xB2, 0x01, 0x06, 0x31, 0xB4, 0x80, 0x5B, 0x03, 0x9E, 0x04, 0xA7, 0xC0,
    0xE2, 0xF8, 0xAE, 0x3E, 0x51, 0x70, 0xFE, 0xC1, 0x83, 0x77, 0x82, 0x93, 0x01, 0x1E, 0x3D, 0xA2,
    0xEE, 0x4E, 0x3C, 0x44, 0x27, 0xCA, 0xA7, 0x62, 0x8B, 0xBB, 0xBC, 0xA7, 0x62, 0x7B, 0x86, 0x36,
    0xB1, 0x2D, 0x11, 0x2D, 0x69, 0xE2, 0x94, 0x0C, 0x4F, 0x48, 0x09, 0xDB, 0x55, 0x55, 0x8B, 0xEC,
    0x62, 0x32, 0xF8, 0x7C, 0x83, 0x17, 0xD4, 0xA3, 0x20, 0x0F, 0x43, 0x33, 0x2A, 0x22, 0x34, 0xE1,
    0xB6, 0xEB, 0x5B, 0xF6, 0x0C, 0xDF, 0x25, 0xF3, 0x64, 0xC4, 0xDA, 0xCE, 0x42, 0xBD, 0x7F, 0xC9,
    0x77, 0x63, 0xF9, 0x1E, 0xF8, 0x26, 0xCB, 0xF7, 0xB0, 0x96, 0xAB, 0x1B, 0x1A, 0x79, 0x5E, 0xA3,
    0x19, 0xF9, 0x59, 0xAD, 0xA7, 0x2F, 0x82, 0x54, 0xCE, 0xBD, 0x60, 0xA6, 0x6A, 0x36, 0x53, 0xE9,
    0x39, 0x03, 0x61, 0x0B, 0x85, 0x33, 0x1E, 0xF2, 0x00, 0x95, 0xAF, 0x66, 0x34, 0x93, 0xCE, 0x4A,
    0xDE, 0x1B, 0x99, 0x89, 0x3B, 0xC3, 0xAE, 0xCE, 0xF1, 0x62, 0x94, 0x2A, 0x26, 0x64, 0xCD, 0x2C,
    0x69, 0xC8, 0xA8, 0xE5, 0x49, 0x41, 0x76, 0x67, 0x12, 0x1E, 0xE5, 0xA3, 0x44, 0x1A, 0x13, 0x36,
    0xE2, 0x91, 0x2D, 0x46, 0xB1, 0x2E, 0xF6, 0x8B, 0x31, 0x12, 0x97, 0x88, 0xDC, 0xA3, 0xB3, 0x13,
    0x07, 0x5C, 0xFA, 0xC5, 0x16, 0x83, 0xFE, 0xBB, 0x67, 0x57, 0xA1, 0x3E, 0xBC, 0x07, 0x4E, 0x59,
    0xFF, 0x13, 0xAF, 0xCB, 0x8D, 0x24, 0x18, 0xDA, 0xD9, 0x7E, 0x70, 0x7C, 0x74, 0x45, 0x86, 0x76,
    0x1E, 0x1C, 0x1F, 0x5F, 0x7E, 0x44, 0x3B, 0xD4, 0x4C, 0xFA, 0xEF, 0x3E, 0x50, 0x42, 0x54, 0x23,
    0x71, 0x08, 0x94, 0x8F, 0x65, 0x8F, 0xAC, 0x47, 0xA0, 0xC2, 0xE5, 0x03, 0xF2, 0x16, 0x81, 0x4C,
    0x9F, 0x8D, 0x28, 0xEB, 0xF5, 0xAA, 0xCB, 0x3C, 0x0C, 0x56, 0x54, 0xB5, 0xA9, 0xC7, 0xF9, 0xC6,
    0x40, 0x9B, 0x4E, 0xF0, 0xDB, 0xAB, 0x78, 0xDC, 0x5E, 0x89, 0xB9, 0x65, 0x25, 0xE6, 0x16, 0x2D,
    0x62, 0x6E, 0xB1, 0x50, 0xD6, 0xD5, 0x43, 0xA0, 0x9C, 0x83, 0x75, 0x23, 0xCE, 0x46, 0x44, 0x1D,
    0x4A, 0xF6, 0xEC, 0x3C, 0x1F, 0x4D, 0x9F, 0x4C, 0xE2, 0xE2, 0x50, 0xF6, 0x9E, 0xB7, 0x5C, 0x36,
    0xB2, 0x1B, 0xCC, 0xF4, 0x1B, 0x6F, 0xFA, 0x7C, 0xCC, 0x87, 0x64, 0x62, 0x13, 0x73, 0x32, 0x88,
    0xAA, 0xC2, 0x25, 0x04, 0x44, 0x36, 0x75, 0x55, 0x9B, 0x31, 0x77, 0x4C, 0x1A, 0x70, 0x27, 0x2E,
    0x98, 0xD5, 0xAA, 0x68, 0xB7, 0x57, 0xC6, 0x6E, 0xAF, 0x2A, 0x6C, 0xAF, 0x26, 0x71, 0x76, 0xAD,
    0x25, 0xF2, 0xA8, 0x36, 0x16, 0x90, 0xC8, 0x9B, 0x50, 0xAD, 0xEB, 0xB1, 0xE5, 0x50, 0xF6, 0xF9,
    0x90, 0x8F, 0x89, 0x57, 0x73, 0xEA, 0x6C, 0xEA, 0xB3, 0x51, 0xCD, 0x21, 0x9D, 0xE5, 0xA5, 0xD3,
    0x38, 0x35, 0x87, 0x88, 0x58, 0xA4, 0xA2, 0x1A, 0x81, 0xAE, 0x1D, 0xB1, 0xEE, 0x3B, 0x3A, 0xBD,
    0xB8, 0x86, 0xFB, 0x75, 0xDC, 0xAF, 0xE5, 0x7E, 0x3D, 0xF7, 0x6B, 0xBA, 0x57, 0xD7, 0xFD, 0xDA,
    0xEE, 0xD7, 0x77, 0xBF, 0xC6, 0xFB, 0x75, 0xDE, 0xAF, 0xF5, 0x7E, 0xBD, 0xF7, 0x6B, 0x5E, 0xCC,
    0x16, 0x07, 0xD4, 0x2D, 0x75, 0x07, 0x51, 0xAF, 0x07, 0xF3, 0x52, 0xFB, 0x99, 0x9D, 0x6F, 0x7E,
    0x4B, 0x92, 0x52, 0xA7, 0xF5, 0x4F, 0x3D, 0x57, 0x9C, 0x40, 0xF5, 0xD2, 0x03, 0x63, 0x4C, 0x31,
    0xB1, 0xA5, 0x4D, 0x1F, 0xE4, 0x43, 0x44, 0x5C, 0x99, 0xAA, 0xDB, 0xF4, 0x42, 0xC1, 0x3B, 0xAF,
    0xCD, 0x6C, 0x69, 0xD3, 0x0F, 0xB2, 0xF3, 0xFA, 0x14, 0x76, 0x42, 0x4F, 0x14, 0x6E, 0xD9, 0x31,
    0x76, 0x77, 0xA7, 0xC2, 0xAE, 0x54, 0xE8, 0x0F, 0xD5, 0x1C, 0x76, 0x42, 0x8F, 0x2C, 0xD6, 0xD7,
    0x7D, 0xB2, 0x78, 0xB8, 0xE9, 0x15, 0x89, 0x22, 0x22, 0x34, 0xF5, 0xA6, 0x5F, 0x92, 0x89, 0x4B,
    0x40, 0x35, 0x2D, 0x3D, 0x03, 0x22, 0x07, 0xF3, 0x78, 0xDA, 0xEA, 0x9B, 0x92, 0x6A, 0x64, 0xE4,
    0x76, 0x7B, 0xE7, 0x98, 0xF5, 0x52, 0x27, 0xAF, 0x08, 0xB2, 0x39, 0xE9, 0x5F, 0x7A, 0x1E, 0xA5,
    0x58, 0x82, 0x69, 0x61, 0xD8, 0x88, 0x32, 0x54, 0x13, 0xB3, 0x34, 0x9E, 0x99, 0x68, 0x60, 0x36,
    0x72, 0xCC, 0x48, 0x5D, 0xE1, 0x23, 0x6A, 0xA5, 0xCB, 0x99, 0x3D, 0x9E, 0x59, 0x20, 0xF1, 0x2C,
    0x92, 0x8C, 0xC0, 0x46, 0x8C, 0x41, 0x25, 0x19, 0x54, 0x98, 0x41, 0xE5, 0x19, 0x54, 0x05, 0x83,
    0x6A, 0x51, 0xAB, 0x31, 0x31, 0xA8, 0x2E, 0x06, 0x55, 0xC7, 0xA0, 0x1A, 0x19, 0xB0, 0xA6, 0x52,
    0xFF, 0xC6, 0x64, 0x45, 0x29, 0xD9, 0x84, 0x6A, 0x16, 0x06, 0x5F, 0xCC, 0x58, 0x72, 0x3A, 0x7A,
    0x65, 0x88, 0xA9, 0x2F, 0x28, 0x22, 0xA7, 0x26, 0x99, 0xAD, 0x1A, 0x98, 0xD1, 0x8C, 0xC1, 0x0E,
    0x7B, 0xE2, 0x55, 0x39, 0x0B, 0xC4, 0x93, 0x88, 0xCC, 0xC0, 0x5A, 0x4C, 0x95, 0xB3, 0xA4, 0x5A,
    0x08, 0xFE, 0xAA, 0x3C, 0x83, 0xAA, 0x60, 0x50, 0x2D, 0x0C, 0x41, 0x51, 0xD3, 0x6E, 0x1C, 0x15,
    0x75, 0x0C, 0xAA, 0x51, 0x60, 0x4D, 0xD9, 0xC0, 0x50, 0x78, 0x06, 0x33, 0x31, 0x54, 0xC4, 0x40,
    0x8D, 0x45, 0x34, 0xB1, 0x50, 0xE2, 0x59, 0x22, 0x1D, 0x72, 0x87, 0xDC, 0x31, 0x63, 0xD1, 0xA9,
    0x2E, 0x56, 0xC4, 0x0C, 0x04, 0xC4, 0x27, 0x52, 0xE5, 0xB2, 0xE5, 0x65, 0x4C, 0x48, 0xB5, 0x3C,
    0x66, 0x40, 0xE5, 0xE4, 0x2A, 0x47, 0xB0, 0x07, 0xC9, 0x0C, 0xE1, 0x34, 0xB5, 0x56, 0x5F, 0xCC,
    0xDE, 0x0A, 0xAB, 0x4E, 0x2C, 0xB3, 0x3A, 0x16, 0x04, 0xB1, 0x06, 0x07, 0xA3, 0x62, 0xD4, 0x45,
    0x54, 0xB3, 0x54, 0xCA, 0xE2, 0x4E, 0x74, 0x1B, 0xAC, 0xE8, 0xA6, 0x65, 0x78, 0x16, 0x20, 0xC7,
    0x58, 0xD6, 0xA0, 0x81, 0xB1, 0xEC, 0x65, 0x6C, 0xDA, 0x6C, 0x04, 0x49, 0x89, 0xE2, 0x99, 0x55,
    0x65, 0x1E, 0xA0, 0xFA, 0xA6, 0xE5, 0x87, 0xDA, 0xC0, 0xDA, 0x8E, 0xA3, 0x3C, 0x83, 0x38, 0xC4,
    0xBC, 0x4C, 0x24, 0xB2, 0x10, 0x06, 0x79, 0x5C, 0xF4, 0xF9, 0x23, 0x16, 0xB5, 0xC6, 0x27, 0x34,
    0xC6, 0xD4, 0x56, 0x1E, 0xD4, 0x27, 0xD4, 0xF3, 0xD8, 0xC8, 0x68, 0x7C, 0x4C, 0x9C, 0xDF, 0xAE,
    0x1C, 0xB2, 0xC7, 0x33, 0xCB, 0x46, 0xAC, 0x9C, 0xEA, 0xE7, 0x21, 0xCA, 0xC5, 0x84, 0x28, 0x67,
    0x13, 0x60, 0xE5, 0x1A, 0x33, 0x44, 0x39, 0xD5, 0xF2, 0xF8, 0x1A, 0x9B, 0x90, 0xC7, 0x55, 0xCF,
    0x0C, 0xEA, 0x27, 0x33, 0x94, 0x0E, 0x34, 0x88, 0x0F, 0xAD, 0x8C, 0xA6, 0xCE, 0x34, 0xAE, 0xE7,
    0xB4, 0xD4, 0x35, 0x83, 0x34, 0x67, 0xDF, 0x4C, 0xE2, 0x81, 0x82, 0x67, 0x30, 0x0C, 0xDD, 0x0A,
    0xD8, 0x45, 0x05, 0xED, 0x9B, 0x52, 0x61, 0x60, 0x28, 0x44, 0xA7, 0x42, 0xCE, 0x06, 0xEC, 0x1A,
    0x1A, 0x05, 0x29, 0x7B, 0x85, 0x6C, 0x03, 0x71, 0x8D, 0x97, 0xB0, 0x50, 0x64, 0xF1, 0x3C, 0x44,
    0x4B, 0xAD, 0x36, 0xD4, 0xAE, 0x82, 0x2E, 0x0B, 0x79, 0xA0, 0x2C, 0x2B, 0x7A, 0x97, 0x66, 0x8B,
    0x94, 0x48, 0xCA, 0x40, 0x9F, 0x57, 0x04, 0x43, 0xC8, 0x34, 0x71, 0x22, 0x37, 0x42, 0xFA, 0x74,
    0xA4, 0xAF, 0x68, 0x88, 0xDE, 0x14, 0x04, 0x56, 0xF8, 0x17, 0x72, 0x40, 0xF3, 0x07, 0xC5, 0x3F,
    0x52, 0x0B, 0x54, 0xBF, 0x27, 0xCB, 0xF8, 0xA5, 0x1E, 0x08, 0xD4, 0x0B, 0xCE, 0x10, 0xEC, 0x14,
    0x5B, 0xC5, 0x5A, 0xB0, 0xB4, 0xDA, 0x07, 0xD8, 0xA5, 0x67, 0x14, 0x49, 0x38, 0x63, 0x55, 0x90,
    0x90, 0x0B, 0x18, 0x76, 0xC2, 0xD3, 0x85, 0x13, 0x6A, 0x89, 0xC9, 0x06, 0xD4, 0xFF, 0x63, 0xC6,
    0x0F, 0xA0, 0xF4, 0x7F, 0x26, 0x8C, 0x3E, 0x57, 0xFB, 0xA9, 0x4B, 0xA6, 0x70, 0xE0, 0x83, 0x1E,
    0x4A, 0xD4, 0x40, 0x49, 0x1A, 0x35, 0x22, 0x15, 0x96, 0x03, 0xEB, 0xE3, 0x47, 0x47, 0x10, 0xBA,
    0x71, 0x2C, 0x4B, 0xE1, 0x22, 0x3A, 0xE1, 0x31, 0x23, 0xA6, 0x59, 0xA4, 0x49, 0xA8, 0x43, 0x4C,
    0x9F, 0x03, 0x07, 0xCD, 0x88, 0xFC, 0xA1, 0x2A, 0x27, 0xAD, 0xB6, 0x30, 0xD4, 0xEF, 0x41, 0x29,
    0xEB, 0xB0, 0x45, 0xB1, 0xAC, 0xB2, 0x96, 0x21, 0x17, 0xBE, 0x12, 0x4C, 0x87, 0x02, 0x9F, 0x0A,
    0x8C, 0xC2, 0xA1, 0x91, 0xF6, 0x4F, 0x63, 0xF3, 0xC2, 0x36, 0x69, 0x42, 0x84, 0xED, 0x4B, 0xCB,
    0x6C, 0x3F, 0x66, 0xE6, 0x32, 0xED, 0x98, 0x2D, 0x71, 0xCC, 0x16, 0x0D, 0xA2, 0xCD, 0x8B, 0xB6,
    0xF7, 0x44, 0x9B, 0x11, 0x6D, 0x85, 0x65, 0x6D, 0x79, 0xCB, 0xDA, 0xD2, 0x8E, 0xB5, 0x25, 0x8E,
    0xB5, 0x31, 0xA3, 0x94, 0xE0, 0x74, 0x79, 0x2F, 0x23, 0xD0, 0x72, 0xA6, 0xFC, 0x22, 0xEF, 0xFE,
    0x07, 0x4A, 0x53, 0xD6, 0x9E, 0x87, 0x30, 0xE8, 0x47, 0xBF, 0x23, 0x40, 0x5D, 0xF8, 0xFA, 0x4B,
    0xAA, 0xD7, 0x49, 0xFA, 0xEB, 0xF2, 0x27, 0x41, 0xA0, 0x92, 0xF7, 0x76, 0xF8, 0x16, 0xD9, 0x45,
    0x1F, 0x4E, 0xD5, 0xC6, 0xB6, 0xDD, 0xE8, 0x58, 0x7C, 0x39, 0x16, 0x81, 0x59, 0xFC, 0x23, 0xCB,
    0x7B, 0xAA, 0xB6, 0x01, 0xFE, 0x0B, 0x3E, 0xAA, 0x13, 0x54, 0x78, 0xB3, 0xA8, 0x7D, 0xD6, 0x65,
    0xDD, 0xFB, 0xB1, 0x33, 0x6E, 0x94, 0xB7, 0xEC, 0x61, 0x31, 0x54, 0xD3, 0xAF, 0xC8, 0x95, 0x74,
    0xBB, 0xF1, 0x2F, 0x4A, 0xDD, 0x0E, 0x48, 0x9C, 0x28, 0xA4, 0x80, 0x29, 0x4F, 0xA2, 0x26, 0xD4,
    0x7D, 0x46, 0x45, 0x8F, 0xE5, 0xEC, 0x3D, 0xA7, 0xD1, 0x8C, 0x63, 0xE3, 0x8A, 0xE9, 0xB6, 0x19,
    0xCB, 0xCE, 0x17, 0x7D, 0xEE, 0x0E, 0xB3, 0x21, 0x87, 0x4F, 0xDA, 0xB4, 0xAE, 0x22, 0xF7, 0x0C,
    0xDB, 0xB5, 0x11, 0x9A, 0x75, 0xDA, 0x41, 0xEA, 0x95, 0xCE, 0x2C, 0xF7, 0xC8, 0x1D, 0x22, 0xBF,
    0x73, 0xF1, 0x77, 0x1D, 0xE1, 0xD1, 0x32, 0x0A, 0xE4, 0xED, 0xFA, 0x20, 0x30, 0x60, 0x3A, 0xDF,
    0x94, 0x71, 0x84, 0x14, 0xE2, 0x8A, 0xD8, 0x3A, 0x61, 0x13, 0x5E, 0x63, 0x35, 0x6F, 0x4C, 0xFC,
    0xC5, 0x89, 0x84, 0xEE, 0x93, 0x07, 0x8D, 0xDF, 0xEE, 0x7A, 0xC8, 0x01, 0xCE, 0x7C, 0x7D, 0x5B,
    0x7E, 0xD6, 0x3C, 0x41, 0x45, 0x88, 0xBF, 0x59, 0xDD, 0x3D, 0x3B, 0x43, 0x45, 0x84, 0x5B, 0x7C,
    0xC3, 0xF0, 0x5D, 0xFC, 0xE3, 0xF7, 0x8D, 0x37, 0x48, 0x74, 0xE8, 0x8D, 0xE2, 0x9F, 0xBC, 0xAB,
    0x45, 0x07, 0x1F, 0x10, 0xD8, 0xA6, 0x46, 0xBA, 0xF4, 0x45, 0x9A, 0xC2, 0xBF, 0x70, 0x1B, 0x51,
    0xF8, 0x03, 0xEF, 0x67, 0xD4, 0xA5, 0xF4, 0xA0, 0xF1, 0x30, 0x13, 0x68, 0xC8, 0xA8, 0x2D, 0x58,
    0xDC, 0xF3, 0x95, 0x93, 0xE5, 0xAB, 0x1A, 0xF9, 0x41, 0x4E, 0x90, 0x07, 0x03, 0xCC, 0x1C, 0xEB,
    0x34, 0x7A, 0x93, 0xA7, 0xB8, 0x29, 0xD3, 0xF5, 0xD1, 0x17, 0xA6, 0xD5, 0xC4, 0x90, 0xEB, 0xB4,
    0xF1, 0x3A, 0xAD, 0x19, 0x69, 0x64, 0x28, 0x69, 0x73, 0xBC, 0x29, 0x97, 0x0A, 0x44, 0x34, 0xC8,
    0x7A, 0xA3, 0x20, 0x1C, 0x7C, 0x66, 0x0A, 0x2F, 0x3D, 0x79, 0xD4, 0x31, 0xC4, 0x7E, 0x73, 0x9E,
    0x6E, 0x4D, 0xA3, 0x30, 0xB5, 0x82, 0xF7, 0xC2, 0x21, 0x7B, 0x31, 0x1D, 0x6D, 0x4E, 0xD2, 0x74,
    0xDE, 0x1C, 0xAD, 0x1C, 0x9F, 0x98, 0x74, 0xC1, 0xD1, 0xBD, 0xE9, 0xC2, 0xB0, 0x11, 0x6B, 0xDA,
    0x45, 0xD9, 0x6E, 0x72, 0x53, 0xEA, 0x35, 0xB3, 0x3C, 0x6A, 0x5A, 0x13, 0xEA, 0x35, 0xA7, 0x09,
    0x75, 0x9A, 0x50, 0x1E, 0x35, 0x9B, 0x3C, 0x86, 0x54, 0x6A, 0x1E, 0x75, 0x04, 0x36, 0x63, 0x35,
    0x45, 0xAB, 0xF4, 0x45, 0xEB, 0xDC, 0xF1, 0xA8, 0x89, 0xE3, 0x51, 0xB3, 0x44, 0x56, 0x53, 0x26,
    0xA3, 0xE6, 0x8B, 0x56, 0xC9, 0x6A, 0x34, 0x3D, 0xCB, 0x58, 0x01, 0x51, 0x18, 0x43, 0x82, 0x5E,
    0xBA, 0x20, 0x2F, 0xCF, 0x87, 0xE8, 0xD8, 0x9E, 0x06, 0xCC, 0xFE, 0x69, 0x0E, 0xD8, 0xFF, 0x65,
    0x0C, 0xFB, 0x1B, 0xBE, 0xB5, 0x9C, 0x92, 0x38, 0x1D, 0x3A, 0xAB, 0x99, 0xB4, 0xAD, 0x78, 0xAD,
    0x3D, 0x25, 0x5D, 0xA4, 0x0D, 0x65, 0x56, 0xDD, 0x24, 0xA3, 0x84, 0x60, 0x7C, 0xB2, 0x1A, 0xF1,
    0x82, 0x8E, 0x23, 0x20, 0x63, 0x29, 0x63, 0xCE, 0xE3, 0xA0, 0x63, 0x5D, 0xC8, 0x58, 0x12, 0x74,
    0x64, 0x23, 0xB9, 0xD3, 0x96, 0xE1, 0x51, 0xD9, 0x75, 0xE4, 0xED, 0x30, 0x76, 0x3C, 0xF6, 0xA1,
    0x37, 0xB2, 0xED, 0x51, 0x4A, 0x58, 0x3F, 0xB9, 0x3B, 0x22, 0x1B, 0xEA, 0x28, 0xF6, 0x24, 0xEB,
    0xEC, 0x4F, 0x4C, 0x41, 0x67, 0xB2, 0x8C, 0xCB, 0x7E, 0xA1, 0x7C, 0x8B, 0xDC, 0x75, 0x08, 0x99,
    0xCF, 0x8F, 0xBF, 0xD7, 0xB4, 0x86, 0x98, 0xF6, 0xB1, 0xCE, 0x05, 0x6D, 0x2A, 0x28, 0x7D, 0x72,
    0xAF, 0x82, 0xD0, 0xB9, 0xE2, 0xA4, 0xE8, 0x05, 0x22, 0xC5, 0x78, 0x14, 0x4C, 0x06, 0x45, 0x27,
    0x98, 0x2A, 0x66, 0xBD, 0x60, 0xDE, 0x29, 0xB6, 0x82, 0x85, 0x62, 0x59, 0x2F, 0xFF, 0x06, 0x82,
    0xE2, 0x46, 0x71, 0x0E, 0xEA, 0xB7, 0x14, 0x2B, 0x26, 0x5B, 0xEA, 0xA3, 0x23, 0xE0, 0x96, 0x7C,
    0xCE, 0x47, 0xA5, 0xDE, 0xBE, 0x2C, 0xE8, 0x30, 0x27, 0x44, 0x23, 0xDE, 0x67, 0xF4, 0x8A, 0xD3,
    0x53, 0xD1, 0x6F, 0x61, 0x90, 0x72, 0x8A, 0x9D, 0xE0, 0x0C, 0x46, 0x87, 0xAB, 0xC7, 0x59, 0xE2,
    0x7A, 0x99, 0x3D, 0x3F, 0x45, 0xC5, 0xE8, 0x70, 0xEB, 0x7E, 0x7C, 0x76, 0xCA, 0x25, 0x97, 0xDF,
    0x1E, 0x62, 0x62, 0xF2, 0x19, 0xD1, 0x19, 0xFD, 0xB4, 0x20, 0xC2, 0x04, 0xC3, 0xE8, 0x57, 0x58,
    0xED, 0xE1, 0xF6, 0xD3, 0x52, 0x31, 0x27, 0xB2, 0x33, 0x12, 0xD5, 0x83, 0x46, 0x51, 0x48, 0xB3,
    0x77, 0x2F, 0x64, 0xCF, 0xFE, 0x37, 0x7D, 0x24, 0x51, 0x9F, 0x47, 0x9A, 0x01, 0xC6, 0x51, 0xD1,
    0x3F, 0x15, 0x03, 0xCF, 0x80, 0x39, 0x66, 0xA9, 0xD0, 0x33, 0xA2, 0x6D, 0xC2, 0x8A, 0xE2, 0x33,
    0x81, 0x99, 0x21, 0xE2, 0xBD, 0xE7, 0xE0, 0xE3, 0xB6, 0x6C, 0x7D, 0xDE, 0x99, 0x61, 0x6C, 0x5C,
    0x35, 0xFF, 0x9A, 0x86, 0x03, 0xA2, 0xD9, 0x22, 0xA3, 0x3A, 0xBC, 0xF2, 0x2B, 0xE2, 0x3D, 0x7D,
    0xD1, 0xEB, 0x3B, 0x5E, 0x25, 0xF8, 0xCD, 0x2E, 0x5A, 0x14, 0x58, 0xD5, 0xC1, 0x29, 0x4A, 0x0F,
    0x33, 0xAF, 0xAE, 0x72, 0x42, 0x36, 0xE0, 0x62, 0x5A, 0x7E, 0x86, 0x30, 0xA4, 0x22, 0x13, 0xCC,
    0x80, 0xB2, 0x95, 0xFE, 0xCB, 0x3A, 0x6D, 0xA8, 0xC6, 0xA2, 0xB0, 0xD8, 0xA6, 0x17, 0xC5, 0x29,
    0x40, 0x32, 0x1F, 0x4E, 0xFE, 0xB3, 0x8F, 0xA9, 0x06, 0xA8, 0x67, 0x66, 0xA7, 0x67, 0x95, 0xE8,
    0xCC, 0xC5, 0x6E, 0x44, 0x28, 0xBA, 0xF0, 0xC7, 0xA4, 0xF6, 0xB2, 0xA8, 0xFE, 0x37, 0xD3, 0xAD,
    0xF0, 0x17, 0x7A, 0x1D, 0x2C, 0x9B, 0x3A, 0x77, 0x32, 0x12, 0x92, 0xF5, 0x37, 0x7D, 0xEA, 0x80,
    0x77, 0x07, 0x70, 0xF8, 0x1F, 0xBC, 0x43, 0x2D, 0xEF, 0x85, 0x1A, 0xF1, 0x26, 0xD1, 0x09, 0x84,
    0x8E, 0x8F, 0xAE, 0xA6, 0x5C, 0x57, 0xD9, 0x08, 0xD9, 0x10, 0x8D, 0x66, 0x8A, 0x07, 0x33, 0x27,
    0xCE, 0xCC, 0x29, 0xDF, 0x59, 0x57, 0xFA, 0xBC, 0x3D, 0x38, 0x2D, 0xDA, 0x70, 0xB0, 0x18, 0x29,
    0xCB, 0xEA, 0xAC, 0xF2, 0xE1, 0x20, 0x89, 0xC7, 0x70, 0x2E, 0xA5, 0x7C, 0x67, 0x7D, 0x38, 0x91,
    0x36, 0xEC, 0x76, 0x61, 0x9F, 0x60, 0x23, 0x9F, 0xFB, 0x78, 0x2C, 0xE5, 0x33, 0x10, 0xB1, 0x05,
    0xCA, 0xFA, 0x72, 0xCE, 0xBB, 0xDC, 0x6B, 0x4B, 0xFD, 0xDC, 0xA2, 0xA8, 0x13, 0x72, 0x8C, 0x39,
    0x4D, 0x28, 0x6D, 0xF1, 0x67, 0xB2, 0xC6, 0x96, 0xB6, 0xEA, 0x2B, 0x18, 0xE4, 0x34, 0x33, 0x26,
    0xE4, 0x19, 0x51, 0xF5, 0xD8, 0xA5, 0x9B, 0xE1, 0x4F, 0x6E, 0x0E, 0x5A, 0x2B, 0x60, 0x64, 0xF4,
    0x88, 0x64, 0x9E, 0x92, 0x4D, 0x47, 0x6D, 0xA4, 0xAE, 0x68, 0xC3, 0x69, 0x77, 0x08, 0xA5, 0x4F,
    0xEF, 0x84, 0xF1, 0x86, 0x5E, 0xE1, 0xA4, 0xB4, 0x55, 0x8C, 0xC8, 0x55, 0x69, 0x9B, 0x7A, 0x53,
    0xB8, 0x64, 0x3E, 0x34, 0x3D, 0x9A, 0xF7, 0x89, 0xBD, 0x63, 0x7D, 0xFF, 0x9B, 0x52, 0xFF, 0x5D,
    0xD1, 0x3D, 0x07, 0xF8, 0x88, 0xBE, 0x98, 0xC3, 0xEF, 0x14, 0xE6, 0x7C, 0x66, 0x6B, 0x87, 0x15,
    0x8B, 0x1D, 0x96, 0x2E, 0x19, 0x2A, 0xCE, 0x43, 0x5F, 0x25, 0x36, 0x28, 0xC5, 0x5D, 0x28, 0xBD,
    0xAD, 0xE6, 0xA9, 0x65, 0x4C, 0x57, 0xD8, 0x05, 0xDC, 0xEC, 0xE3, 0x7C, 0x79, 0x13, 0x31, 0x15,
    0x5E, 0xD0, 0xCC, 0x7B, 0x38, 0x09, 0xE6, 0xA3, 0x20, 0xAC, 0xE2, 0xFA, 0xFD, 0x1B, 0x93, 0xDD,
    0xD7, 0x1F, 0x76, 0xC2, 0x53, 0xE5, 0x0C, 0xDF, 0x8E, 0x96, 0xEF, 0x4E, 0xCB, 0xC7, 0xA7, 0xE5,
    0x0B, 0xD4, 0xF2, 0x19, 0x6A, 0xF9, 0x16, 0xB5, 0x7C, 0x90, 0x5A, 0xBE, 0x4A, 0x2D, 0x9F, 0xA6,
    0x96, 0xEF, 0x53, 0x0A, 0xDF, 0xA0, 0xB7, 0x14, 0x13, 0xAA, 0xB1, 0x71, 0x26, 0x78, 0x16, 0x86,
    0x25, 0x03, 0x11, 0x2D, 0x42, 0xD1, 0x11, 0xC3, 0x35, 0xAB, 0x69, 0x30, 0x83, 0xC6, 0xDE, 0x78,
    0x1D, 0x68, 0x33, 0x4C, 0xB2, 0x39, 0x6A, 0x2E, 0xCA, 0x9E, 0x61, 0x49, 0x46, 0x88, 0xF7, 0x42,
    0x7B, 0xB2, 0xB9, 0xB0, 0xA8, 0x40, 0x74, 0xC2, 0x70, 0xB0, 0x6B, 0x8F, 0xB6, 0xED, 0x95, 0xC1,
    0x5E, 0x76, 0x81, 0xBD, 0x6F, 0x13, 0x9F, 0x5D, 0xA4, 0xAC, 0x6C, 0xA0, 0x10, 0x65, 0xC6, 0x05,
    0x7B, 0xE3, 0x4E, 0x7C, 0x61, 0x33, 0x0F, 0x2C, 0x41, 0x40, 0x6B, 0x6F, 0x26, 0x33, 0xCB, 0x7F,
    0x85, 0xD7, 0x2C, 0x3D, 0x9D, 0x6C, 0x31, 0x06, 0x6E, 0x33, 0xB1, 0x26, 0x0B, 0xA5, 0xC5, 0x99,
    0xE4, 0xA9, 0xF9, 0xA9, 0x21, 0x74, 0x07, 0x4F, 0xA1, 0x25, 0x96, 0xFC, 0xEF, 0xC7, 0x12, 0xD2,
    0xEB, 0xB4, 0xC5, 0x15, 0xF6, 0xE9, 0x5F, 0xAC, 0xE3, 0x35, 0x6E, 0x9A, 0xC8, 0x9A, 0x2E, 0x6F,
    0x73, 0xD7, 0xF4, 0x79, 0x5B, 0x8E, 0x8D, 0x53, 0xD4, 0xB9, 0xEC, 0x17, 0xEE, 0x1A, 0xF2, 0x96,
    0xAD, 0x33, 0x02, 0xDB, 0x78, 0xF7, 0xEC, 0xE3, 0x2F, 0xCE, 0xEE, 0x35, 0xC4, 0x34, 0x06, 0xBC,
    0x71, 0xFC, 0xC6, 0x9F, 0x8E, 0x8F, 0xF6, 0x39, 0x8B, 0x3A, 0x6F, 0xD3, 0xAE, 0x62, 0x9D, 0xC5,
    0x10, 0xF4, 0x07, 0x94, 0x9D, 0x72, 0x28, 0xF9, 0x69, 0xD6, 0x5F, 0x58, 0x29, 0xCB, 0xFB, 0xF3,
    0x66, 0xDF, 0x5E, 0x5C, 0x29, 0xD3, 0x37, 0x03, 0x8D, 0xEC, 0xCB, 0x50, 0x76, 0xE1, 0x1C, 0xDB,
    0xAC, 0xFB, 0x6F, 0xAE, 0x8D, 0xAE, 0x8B, 0x93, 0xC6, 0xAD, 0xD7, 0xD1, 0xFA, 0x47, 0x2E, 0x87,
    0xED, 0xEB, 0xF8, 0xC1, 0xD1, 0x95, 0xFD, 0x6C, 0xF7, 0x8D, 0xEB, 0xC1, 0xE5, 0xFF, 0x9A, 0xC6,
    0xF5, 0x39, 0x31, 0xD4, 0x96, 0x54, 0xE7, 0x84, 0x6C, 0xD6, 0xCF, 0xAF, 0xE3, 0x95, 0xFD, 0xA4,
    0x7A, 0x8A, 0x68, 0x10, 0x13, 0xE9, 0x04, 0x36, 0x57, 0x90, 0x65, 0xD3, 0x0D, 0xF5, 0x97, 0x6C,
    0xE8, 0x88, 0xAD, 0x88, 0x89, 0x57, 0xB2, 0xFA, 0x93, 0xB8, 0xBF, 0x9D, 0xB6, 0xF9, 0x1B, 0x6C,
    0xF4, 0xF2, 0x23, 0x3A, 0x3B, 0x05, 0xF1, 0xE4, 0xEA, 0x9B, 0xE1, 0x6F, 0xED, 0x56, 0x01, 0x84,
    0x25, 0x47, 0x13, 0xFE, 0xE6, 0xBD, 0x5D, 0x83, 0xC1, 0x1C, 0x3C, 0xF8, 0xFF, 0xD0, 0x00, 0x1C,
    0xD9, 0x0E, 0x02, 0xC8, 0x5D, 0x77, 0x02, 0x07, 0xC8, 0x43, 0x5E, 0x20, 0x00, 0x01, 0x07, 0x01,
    0x08, 0xD8, 0xEE, 0x00, 0x00, 0x0B, 0x01, 0x90, 0x43, 0xC0, 0x3B, 0x6C, 0x10, 0x04, 0x27, 0xDD,
    0x02, 0x41, 0x60, 0x20, 0x20, 0x48, 0x23, 0x12, 0x2E, 0xD0, 0x89, 0x09, 0xB3, 0x6B, 0x66, 0x2A,
    0x55, 0xD3, 0x46, 0x72, 0xEB, 0x72, 0x96, 0x1C, 0x88, 0xEB, 0xED, 0xAF, 0x5E, 0x77, 0x55, 0x55,
    0x75, 0x7D, 0xEF, 0x55, 0xCF, 0x2C, 0x4E, 0x2D, 0x36, 0x34, 0xA1, 0x25, 0xB2, 0x3A, 0x9B, 0x68,
    0x3A, 0x9D, 0x5C, 0x54, 0x39, 0x44, 0xD5, 0x53, 0x6C, 0x05, 0xC3, 0x33, 0x60, 0x7D, 0x60, 0xBB,
    0x63, 0x88, 0xAF, 0xAC, 0x1A, 0x8E, 0xAD, 0x68, 0x00, 0xCA, 0xA8, 0x07, 0x34, 0xA3, 0x48, 0xEC,
    0x01, 0x60, 0xF7, 0x1E, 0xC2, 0xB8, 0x68, 0xFE, 0x79, 0xAA, 0xD9, 0x06, 0x8A, 0x58, 0x47, 0xF0,
    0x00, 0x79, 0x6C, 0x19, 0x0D, 0x43, 0x39, 0x8F, 0x7B, 0x8C, 0xC1, 0xF9, 0x4D, 0x76, 0xBE, 0x8E,
    0xCE, 0xB7, 0xD6, 0x79, 0x8D, 0x10, 0x1D, 0x11, 0x09, 0x00, 0xE7, 0x0B, 0x42, 0x84, 0xA2, 0x49,
    0xC0, 0x94, 0xFC, 0x0A, 0x75, 0xBC, 0x8C, 0x0A, 0xDB, 0x78, 0x86, 0xCA, 0x9E, 0x01, 0xD0, 0x34,
    0xC0, 0x10, 0xD9, 0xD7, 0x2B, 0xEA, 0x00, 0x97, 0x00, 0x93, 0x4F, 0x18, 0xE7, 0x8C, 0xC0, 0xFB,
    0xF0, 0x09, 0x45, 0xB6, 0xA3, 0xA1, 0x1E, 0xCB, 0xA8, 0xF6, 0x80, 0x61, 0x9A, 0x93, 0x8B, 0x75,
    0x6E, 0x3B, 0xFE, 0x8B, 0x2A, 0x9E, 0x42, 0x47, 0xC0, 0x78, 0xC6, 0xE5, 0x04, 0x77, 0x15, 0xBC,
    0x8B, 0xBA, 0x73, 0x5E, 0x65, 0xE3, 0xDB, 0x6C, 0x62, 0x81, 0xEA, 0x54, 0x92, 0xD5, 0x76, 0x26,
    0x8B, 0x30, 0x40, 0x86, 0x23, 0xCA, 0x2B, 0xCE, 0x8F, 0x8F, 0xD3, 0x57, 0x68, 0xE2, 0x97, 0x68,
    0x3D, 0xA0, 0x01, 0x18, 0xC6, 0x04, 0x54, 0x23, 0xB0, 0xED, 0x81, 0x3A, 0x03, 0x6D, 0xC2, 0x7A,
    0x18, 0x02, 0x9B, 0x08, 0xD8, 0x4C, 0x40, 0xF9, 0xF9, 0x66, 0xB4, 0xD7, 0x21, 0x9A, 0xA4, 0xB3,
    0xE9, 0xDA, 0xEC, 0x18, 0x26, 0xEB, 0xA4, 0xB9, 0xD6, 0x96, 0x26, 0xB1, 0x33, 0x28, 0xEA, 0xDF,
    0xF8, 0xBC, 0x68, 0x06, 0xF2, 0xED, 0x48, 0xB6, 0x95, 0xCF, 0xC1, 0x75, 0x3A, 0x2B, 0xB6, 0x49,
    0x0B, 0x00, 0x92, 0x4F, 0x72, 0x0F, 0x68, 0xAE, 0x09, 0xAA, 0x33, 0xDE, 0x30, 0x4B, 0xE6, 0x90,
    0x9C, 0x70, 0x29, 0x90, 0xCC, 0xB9, 0x25, 0xCA, 0x15, 0xBD, 0x5B, 0x0A, 0x63, 0x4F, 0x29, 0xEE,
    0x35, 0x18, 0x7F, 0x86, 0x00, 0xF5, 0xCB, 0x88, 0x9A, 0x58, 0x85, 0x52, 0x9F, 0xD0, 0xBA, 0x89,
    0x87, 0x97, 0x4F, 0x3F, 0x27, 0xA2, 0x41, 0xC0, 0xFB, 0xE7, 0xFB, 0x1C, 0x8F, 0x7F, 0xF9, 0x00,
    0x38, 0xDE, 0xD8, 0xAF, 0xE3, 0x70, 0x38, 0xEC, 0x57, 0xFD, 0x8E, 0xD7, 0xC0, 0x23, 0x34, 0x09,
    0xDC, 0x2C, 0x33, 0x6A, 0xCE, 0x9E, 0xA1, 0x32, 0x4C, 0xB7, 0xCC, 0x08, 0xF7, 0xB7, 0x69, 0xCA,
    0x64, 0x7D, 0x12, 0x9F, 0xB6, 0x97, 0x5E, 0xAC, 0x08, 0x62, 0xAB, 0x13, 0xB0, 0x7F, 0x13, 0x30,
    0x5E, 0x4C, 0xDB, 0x69, 0xD1, 0x07, 0x0F, 0xB7, 0x06, 0xE8, 0x32, 0xF3, 0x3A, 0x13, 0x2B, 0xD7,
    0x33, 0x3C, 0x08, 0xE5, 0x74, 0xDD, 0xE1, 0x3E, 0x70, 0x07, 0xD8, 0xED, 0xEF, 0x72, 0xF0, 0x15,
    0xF5, 0x68, 0xE8, 0xB3, 0x11, 0xF5, 0xC4, 0x29, 0xEB, 0x71, 0x11, 0x9B, 0x17, 0x8B, 0x19, 0x6A,
    0x7E, 0x87, 0xAC, 0xA3, 0x6F, 0xD6, 0x2F, 0xF5, 0xE5, 0xDF, 0x59, 0x08, 0x49, 0x84, 0x8C, 0x9A,
    0x32, 0xCC, 0x8F, 0x4C, 0x47, 0xF6, 0xB7, 0x05, 0xD3, 0x57, 0x44, 0x9D, 0x00, 0x3B, 0xCB, 0x39,
    0x26, 0xE8, 0x6B, 0xB2, 0x26, 0x86, 0x68, 0xA2, 0x8B, 0xDA, 0xBB, 0xB8, 0xB1, 0x2E, 0xA2, 0x5C,
    0x6C, 0x60, 0x33, 0x96, 0xA6, 0x56, 0x11, 0x38, 0xE7, 0xED, 0x80, 0x2F, 0x9A, 0x0E, 0xD9, 0x7C,
    0xFA, 0xFE, 0x7A, 0x29, 0x04, 0x09, 0x3B, 0x70, 0xAE, 0x01, 0x6A, 0xCD, 0xE5, 0x4B, 0x2E, 0x40,
    0x40, 0x16, 0x1F, 0x4C, 0x00, 0xF5, 0xC0, 0x63, 0x5E, 0xC3, 0x49, 0x13, 0x26, 0x29, 0xE8, 0x63,
    0x2E, 0xE8, 0x09, 0x4C, 0x0A, 0x58, 0x2F, 0xF1, 0x4F, 0xC0, 0xAB, 0x87, 0xCB, 0xAB, 0x87, 0xCB,
    0x7F, 0xF6, 0xE1, 0x52, 0x1D, 0x2F, 0xD0, 0xD2, 0x0C, 0x1D, 0x09, 0x2A, 0x06, 0x5F, 0xD9, 0xE0,
    0x25, 0xE1, 0x26, 0x90, 0xD7, 0x4B, 0xE7, 0x38, 0x1F, 0x3C, 0x83, 0xF5, 0xC1, 0x93, 0x37, 0xBF,
    0xBA, 0x4E, 0x4D, 0xA6, 0xB4, 0xDF, 0xC3, 0x8B, 0xE5, 0xC6, 0xAA, 0x14, 0xAC, 0x89, 0x86, 0x3D,
    0x0D, 0x67, 0x30, 0x5D, 0x20, 0xEA, 0xC2, 0xD3, 0xA3, 0x0F, 0xA5, 0xF7, 0xE5, 0x68, 0xAB, 0xD3,
    0x36, 0xB6, 0x73, 0xB0, 0x15, 0xFB, 0x97, 0xD8, 0x47, 0x1C, 0x3B, 0x73, 0xAC, 0x44, 0xAA, 0xE4,
    0xB8, 0x33, 0x83, 0xC0, 0xB6, 0xFD, 0x0A, 0xD6, 0x95, 0x5F, 0x96, 0xBB, 0xB7, 0xFD, 0x83, 0x6B,
    0xA3, 0x2B, 0xC8, 0xD8, 0x1D, 0xDE, 0x3E, 0xC0, 0xD0, 0x77, 0xE4, 0x6B, 0xAA, 0x06, 0x54, 0xB4,
    0x49, 0x80, 0xFB, 0x36, 0x02, 0x9A, 0x00, 0xB4, 0x23, 0x80, 0x7A, 0x96, 0x15, 0x59, 0xE0, 0x2D,
    0x13, 0x81, 0x2C, 0x5F, 0x56, 0x6A, 0x46, 0xA8, 0x5E, 0x91, 0x0D, 0xA3, 0xA3, 0xAE, 0x3A, 0x7A,
    0x28, 0x1A, 0x70, 0xFF, 0x01, 0xE1, 0x0D, 0x90, 0xD4, 0x1A, 0x01, 0x23, 0xE8, 0x48, 0x18, 0x1C,
    0x43, 0x14, 0x5E, 0xCE, 0x2F, 0xBC, 0xAC, 0xFA, 0x59, 0x7A, 0xB6, 0x10, 0x0F, 0x23, 0x00, 0xB5,
    0x9C, 0x73, 0x53, 0xDC, 0xF5, 0xA8, 0x27, 0x76, 0xAB, 0xFF, 0xC5, 0xB3, 0xFA, 0x05, 0xE9, 0x4F,
    0x0F, 0x2C, 0x34, 0xB1, 0xA8, 0x7B, 0x16, 0x4D, 0x94, 0x2D, 0x58, 0x3C, 0x11, 0xCE, 0x33, 0x0B,
    0x22, 0xCB, 0xAB, 0x20, 0x06, 0x93, 0x58, 0xA8, 0xC5, 0x6F, 0x2C, 0xE9, 0x03, 0x45, 0x17, 0x03,
    0x6F, 0xB8, 0xB6, 0xDB, 0xCF, 0xF5, 0xDF, 0x2C, 0x7E, 0x13, 0x5D, 0xFC, 0xEF, 0x62, 0x79, 0x17,
    0xD1, 0x28, 0x6F, 0x23, 0xFA, 0x61, 0x16, 0x8E, 0x54, 0x91, 0xB0, 0x9C, 0x41, 0x85, 0xCE, 0x6D,
    0x3F, 0x38, 0xA0, 0x94, 0x45, 0x17, 0x0B, 0x6F, 0xCA, 0x2F, 0xE7, 0x5D, 0xC7, 0x59, 0x2C, 0xDC,
    0xEF, 0x4B, 0x96, 0x07, 0x92, 0x45, 0x9A, 0x7E, 0x5C, 0x8A, 0x04, 0x8B, 0xE1, 0x59, 0x21, 0xBA,
    0x62, 0x9D, 0xE5, 0x20, 0xBA, 0xE4, 0x88, 0x2B, 0x4A, 0x6C, 0x3D, 0x01, 0x0B, 0xA0, 0x88, 0x66,
    0x04, 0xF0, 0xD1, 0xD2, 0x27, 0x14, 0x4B, 0xF3, 0x37, 0x34, 0x42, 0xF9, 0xAF, 0x61, 0xEC, 0x3D,
    0x98, 0x78, 0x07, 0xFA, 0x0A, 0x50, 0x94, 0xB0, 0xA5, 0x49, 0x5C, 0x71, 0xC2, 0x49, 0xD9, 0x52,
    0xFE, 0xBE, 0x9F, 0xD0, 0xB0, 0x6D, 0x19, 0x1F, 0x02, 0x03, 0xAA, 0x81, 0x2B, 0xDB, 0x3B, 0xCA,
    0xFF, 0x9F, 0xF6, 0x7C, 0xC2, 0xF3, 0xE7, 0xC8, 0xC9, 0x7A, 0xF0, 0x04, 0xFE, 0x04, 0xB5, 0x98,
    0x3F, 0xAC, 0xDE, 0xD6, 0x79, 0xC6, 0x1F, 0x92, 0xD5, 0x65, 0x61, 0x02, 0x65, 0x86, 0x48, 0x29,
    0xAC, 0x02, 0x5C, 0xBA, 0xC4, 0x40, 0xC3, 0xB5, 0x43, 0xAE, 0xC8, 0xC4, 0x40, 0x33, 0x74, 0xE8,
    0x1D, 0xF4, 0xB9, 0x83, 0x86, 0xEC, 0xEE, 0xE0, 0xA5, 0xA3, 0xED, 0xC3, 0x3A, 0x43, 0x06, 0x2F,
    0x77, 0x88, 0xA7, 0x2C, 0x1E, 0x14, 0xA0, 0xBE, 0x19, 0xD4, 0xB1, 0x05, 0x22, 0x1F, 0x5A, 0x1E,
    0x3A, 0x64, 0x30, 0x2B, 0x34, 0xE8, 0x18, 0x02, 0x55, 0x50, 0x54, 0x1E, 0xCA, 0xBA, 0x54, 0xC0,
    0x7B, 0x45, 0x9E, 0xA7, 0xE7, 0x7D, 0xCF, 0x77, 0x70, 0xBF, 0x2B, 0x5D, 0xC3, 0x49, 0x90, 0xBC,
    0x10, 0x9E, 0xDF, 0xA3, 0x8F, 0x2F, 0x79, 0xFE, 0xDC, 0xF3, 0x8F, 0x44, 0x8C, 0x23, 0xB2, 0x15,
    0x1A, 0x72, 0xF2, 0x48, 0xF9, 0xC4, 0x2C, 0x9E, 0x39, 0x51, 0xAD, 0x9E, 0xE5, 0x86, 0x72, 0xF1,
    0xAC, 0x57, 0x14, 0x83, 0x67, 0xB3, 0x40, 0xC3, 0xCC, 0x57, 0x69, 0xE7, 0xF4, 0xCC, 0x47, 0x6B,
    0xE7, 0x8C, 0x24, 0x5B, 0x33, 0x27, 0x86, 0x67, 0x42, 0x54, 0x1B, 0x9A, 0xB6, 0x59, 0x84, 0x75,
    0x5B, 0xAF, 0xC2, 0xAA, 0x2D, 0x9D, 0x50, 0xCA, 0x69, 0x85, 0x52, 0xAE, 0x12, 0x86, 0x24, 0x67,
    0xAD, 0x97, 0x12, 0x37, 0xDE, 0x72, 0xBB, 0x13, 0xCF, 0x90, 0x7F, 0x3D, 0x8F, 0x4E, 0x03, 0x8B,
    0x21, 0xB0, 0x14, 0xD6, 0x6E, 0xF7, 0x96, 0xA7, 0xD6, 0xE7, 0x80, 0xF8, 0xE6, 0x2B, 0x90, 0x38,
    0x2E, 0x15, 0xDF, 0xAE, 0x14, 0x6F, 0x7F, 0x4B, 0xF4, 0x2D, 0xED, 0x8C, 0x3C, 0x94, 0xDC, 0xF0,
    0x82, 0x1B, 0x12, 0x9E, 0x4F, 0x86, 0xC8, 0xF9, 0x78, 0xB4, 0x44, 0xC9, 0xF7, 0xC6, 0xE7, 0x44,
    0xCD, 0x6C, 0xF8, 0x3F, 0xA2, 0x71, 0xD9, 0x27, 0x5F, 0xAC, 0x30, 0x5B, 0xFE, 0xE8, 0x7F, 0x4F,
    0x60, 0xB7, 0xE2, 0xBD, 0x11, 0xE0, 0x5A, 0xBE, 0x3E, 0x28, 0xB2, 0x5E, 0x50, 0xE5, 0x01, 0x45,
    0x27, 0xF8, 0x56, 0xD9, 0x0A, 0x8E, 0x05, 0x76, 0xD3, 0xC2, 0x8D, 0x7B, 0x5B, 0xD0, 0xF0, 0x9F,
    0xA5, 0x0E, 0x35, 0x97, 0x63, 0xA4, 0x28, 0x39, 0x7F, 0x1B, 0x25, 0x0A, 0xCE, 0x6F, 0xC3, 0x20,
    0xA5, 0x5B, 0x73, 0x07, 0x58, 0x92, 0x2B, 0x50, 0x7A, 0x4C, 0xDA, 0x22, 0x27, 0xD5, 0x7D, 0xF4,
    0xCC, 0x2B, 0x8A, 0x47, 0x23, 0x7C, 0x94, 0x3F, 0x18, 0x14, 0xAF, 0x2B, 0x6E, 0x24, 0x2D, 0x0E,
    0xE2, 0xB6, 0xDE, 0x90, 0x86, 0xF6, 0x55, 0x3C, 0xE3, 0x06, 0xD8, 0x05, 0x35, 0x91, 0x72, 0x44,
    0x49, 0xE4, 0xEC, 0x91, 0xD3, 0xBB, 0x16, 0x99, 0x43, 0x45, 0x20, 0x9B, 0xD1, 0x38, 0x20, 0x01,
    0x9A, 0xD0, 0xDF, 0x26, 0xC0, 0xAE, 0x40, 0x72, 0xE2, 0xD1, 0xB8, 0x6A, 0x03, 0xD7, 0x9A, 0x0D,
    0x3D, 0x32, 0x52, 0x90, 0xB2, 0x0F, 0xE8, 0x36, 0x58, 0x8F, 0x56, 0xBA, 0xC7, 0x03, 0x30, 0x1E,
    0x00, 0x1A, 0x17, 0x40, 0x45, 0xAD, 0x90, 0xDE, 0x25, 0x52, 0x14, 0x7C, 0x4C, 0x94, 0xC8, 0xF8,
    0x6B, 0xA2, 0x01, 0x48, 0x1E, 0x51, 0x52, 0xB5, 0xED, 0x45, 0x68, 0x3B, 0xAC, 0x36, 0x05, 0xC9,
    0xAE, 0x15, 0x4F, 0xB2, 0x57, 0x1D, 0xEE, 0xA9, 0x82, 0x33, 0x6A, 0xD5, 0x52, 0xB5, 0x38, 0xD0,
    0x5C, 0x15, 0xF8, 0x72, 0x3D, 0x97, 0x01, 0x47, 0x72, 0x09, 0xFA, 0xA5, 0x99, 0x6F, 0xD2, 0x9D,
    0x85, 0xD2, 0xA3, 0xBF, 0x2E, 0x73, 0xD1, 0x59, 0xE6, 0x42, 0x3D, 0xD7, 0xA8, 0xFB, 0x48, 0xC9,
    0x0E, 0xA8, 0xB5, 0x14, 0x7B, 0x6E, 0x1D, 0x12, 0x0E, 0x25, 0x91, 0xB1, 0x2B, 0x44, 0xDB, 0x9C,
    0xC8, 0xBD, 0xD9, 0x54, 0x9F, 0x78, 0x95, 0x46, 0x67, 0x7B, 0xED, 0xF4, 0x01, 0xBD, 0x96, 0x32,
    0x88, 0x90, 0xEC, 0xF7, 0x7A, 0x66, 0xDD, 0x59, 0x17, 0xE7, 0x6B, 0xB5, 0xBE, 0x78, 0xF5, 0x81,
    0x5E, 0xAD, 0xB4, 0x86, 0xF5, 0x28, 0xDA, 0x74, 0xA2, 0x6E, 0x07, 0xF4, 0x19, 0xF9, 0x24, 0xEF,
    0x2B, 0x4D, 0x35, 0x41, 0x9F, 0x5A, 0xB2, 0x7B, 0x07, 0x29, 0x37, 0x7C, 0x0D, 0xB8, 0x71, 0x82,
    0x10, 0x3A, 0x6B, 0x42, 0xDC, 0xB9, 0xB4, 0x0F, 0x2F, 0xED, 0x8A, 0x18, 0xC9, 0x22, 0x7A, 0x73,
    0x77, 0x52, 0xB8, 0xEC, 0xD7, 0x94, 0xAA, 0x71, 0xB2, 0xFC, 0x4F, 0x6D, 0x79, 0xCD, 0x2F, 0x28,
    0x21, 0x03, 0x8D, 0xCF, 0x9F, 0x7B, 0x43, 0x6A, 0x8D, 0x61, 0x39, 0x54, 0x92, 0xCC, 0x0D, 0x0D,
    0xBB, 0x92, 0x3A, 0x97, 0xBC, 0x45, 0xA1, 0x56, 0xC7, 0x6E, 0xFE, 0x07, 0xB6, 0xCD, 0xA5, 0x35,
    0x97, 0x96, 0x2F, 0xD8, 0x01, 0x39, 0xDD, 0x77, 0xC9, 0xD3, 0x9C, 0x33, 0x1A, 0x6A, 0xCB, 0x72,
    0x52, 0xEC, 0x7F, 0x05, 0xAB, 0xF3, 0xB2, 0x87, 0xC6, 0x55, 0x5B, 0xB7, 0x88, 0xD1, 0x04, 0x48,
    0xBC, 0x8B, 0x97, 0xA2, 0xD6, 0xDE, 0xD2, 0xA7, 0x6E, 0xF0, 0x42, 0xDC, 0x22, 0xE1, 0xE5, 0x57,
    0x40, 0xA3, 0x9D, 0xDA, 0x89, 0x19, 0xBC, 0xB4, 0x62, 0xA6, 0x68, 0xD6, 0xBD, 0xB1, 0xDB, 0xDE,
    0x34, 0xDC, 0x9B, 0x92, 0x7D, 0x30, 0x39, 0x47, 0x31, 0x96, 0x21, 0xDA, 0x68, 0xBA, 0x37, 0xED,
    0x99, 0xE5, 0x99, 0x3D, 0x6B, 0xD1, 0xA0, 0x66, 0xAB, 0xC9, 0x28, 0xD9, 0x1F, 0x24, 0x77, 0x36,
    0x9A, 0x9D, 0xF9, 0x60, 0x67, 0x9D, 0xF9, 0x40, 0x5B, 0xD2, 0x30, 0x24, 0xA3, 0xA2, 0x0D, 0xA6,
    0x20, 0x83, 0xC9, 0xA2, 0x01, 0xA3, 0x31, 0xD1, 0xD4, 0x6A, 0x5A, 0xE8, 0x3A, 0x94, 0x70, 0xD0,
    0x6D, 0x42, 0x5B, 0x8B, 0x34, 0x1A, 0x50, 0x4B, 0x7F, 0xDA, 0x42, 0x3C, 0xC9, 0x4D, 0xCC, 0xDF,
    0xF1, 0x82, 0x3A, 0x2D, 0x12, 0x4E, 0x19, 0x47, 0xBD, 0x36, 0x81, 0xF3, 0xDE, 0x98, 0x65, 0x6F,
    0x9A, 0xF5, 0x25, 0xB3, 0x21, 0x9A, 0xE4, 0x34, 0x98, 0x35, 0x9B, 0x5E, 0x30, 0x4B, 0x19, 0x8C,
    0x9D, 0xEB, 0x60, 0x38, 0xDA, 0x67, 0x27, 0xDE, 0xE4, 0xFC, 0x39, 0x75, 0x20, 0xD0, 0x95, 0x7B,
    0x33, 0x26, 0x46, 0x2E, 0x5D, 0xDC, 0x07, 0x4C, 0x48, 0xFE, 0x5D, 0x4D, 0x33, 0x21, 0xE1, 0x2C,
    0x66, 0xC6, 0x37, 0xB8, 0xB5, 0xDE, 0x6C, 0x77, 0xC3, 0x6A, 0x58, 0x71, 0x0D, 0x26, 0x17, 0xD1,
    0xB8, 0xD9, 0x4A, 0xB7, 0x9C, 0x22, 0x04, 0xA9, 0x9B, 0x84, 0xC6, 0x3D, 0x3A, 0x1B, 0xFA, 0x44,
    0xFB, 0x27, 0xE5, 0xA2, 0x36, 0xB4, 0x68, 0xBD, 0xF4, 0x8D, 0x3B, 0xF0, 0xBC, 0xEA, 0x5F, 0x75,
    0xA7, 0xD1, 0xA7, 0xE4, 0x1A, 0x7D, 0xE9, 0x1E, 0x30, 0xDE, 0xDB, 0x4C, 0x29, 0x3B, 0xF5, 0x1B,
    0xCC, 0x80, 0xE0, 0xCD, 0x02, 0x3B, 0x40, 0x73, 0xB4, 0xB8, 0x11, 0xFF, 0x02, 0xF0, 0xFC, 0x1E,
    0x3B, 0x58, 0xAD, 0x46, 0xF8, 0x0B, 0x1A, 0x76, 0xC1, 0xAF, 0xD0, 0x21, 0x2E, 0xF9, 0x52, 0x9D,
    0x8A, 0x1C, 0xC5, 0x57, 0x04, 0xF2, 0x7D, 0xB9, 0xA5, 0xE4, 0x92, 0x14, 0xAF, 0x33, 0xB1, 0xA0,
    0xD7, 0xF8, 0x77, 0x37, 0xEA, 0xA5, 0xDF, 0x8E, 0x64, 0x72, 0x6A, 0xB9, 0x2B, 0x0C, 0x10, 0xBC,
    0xD9, 0x40, 0xC0, 0xAA, 0x6F, 0xA8, 0x83, 0xA9, 0x97, 0xE4, 0x92, 0xBD, 0xDC, 0xD8, 0xE5, 0xDC,
    0x50, 0x70, 0xB6, 0x73, 0x4E, 0x90, 0xD2, 0x59, 0xAE, 0x26, 0x57, 0xF5, 0xA8, 0x5D, 0x4E, 0x0E,
    0x88, 0x71, 0xE3, 0xAE, 0x4E, 0xC5, 0x05, 0xE9, 0x7D, 0xC8, 0x85, 0x46, 0x12, 0x8B, 0x55, 0xFC,
    0x78, 0x9B, 0xFC, 0x11, 0x4A, 0x87, 0xC4, 0xBA, 0x16, 0x74, 0x40, 0x49, 0xA0, 0x9C, 0x01, 0x99,
    0x88, 0x95, 0x78, 0x99, 0xA2, 0x2E, 0x8C, 0xF9, 0x72, 0xF4, 0x9E, 0x61, 0x26, 0x97, 0x83, 0xFC,
    0x06, 0xDC, 0x61, 0x8F, 0xAA, 0x97, 0xDC, 0x16, 0x0F, 0x39, 0xA0, 0xF6, 0x5E, 0x5A, 0xBE, 0xDA,
    0x51, 0x26, 0xBB, 0xAE, 0x83, 0x4B, 0x33, 0xE9, 0x74, 0xC9, 0xD9, 0x27, 0xB3, 0xF7, 0x46, 0x77,
    0x87, 0x21, 0x9D, 0xEA, 0x05, 0x1F, 0x6B, 0xDD, 0x62, 0x8C, 0xE6, 0xD2, 0x4F, 0xAF, 0x9D, 0xF1,
    0xE2, 0xC1, 0x53, 0xBF, 0x13, 0xB8, 0xB3, 0x53, 0x80, 0x4B, 0xD1, 0x17, 0x2E, 0x5D, 0xC2, 0xE6,
    0x5E, 0xF6, 0x19, 0xB3, 0x59, 0xBC, 0x59, 0xAB, 0x36, 0xE3, 0xEB, 0x93, 0xF8, 0x66, 0xAB, 0x91,
    0xF2, 0x87, 0xEA, 0x6B, 0xD7, 0x20, 0xE1, 0xBF, 0x8E, 0xE2, 0x2B, 0xDE, 0x01, 0xF8, 0xF3, 0x70,
    0xF2, 0xE0, 0x43, 0x80, 0xFF, 0xD3, 0x07, 0xBF, 0x02, 0x86, 0xEA, 0x0B, 0xAE, 0xA1, 0x65, 0x5A,
    0xB9, 0x59, 0x7C, 0x1B, 0xFC, 0xA4, 0x2D, 0x95, 0x48, 0xC5, 0x57, 0xC1, 0x27, 0x1C, 0xF5, 0xF8,
    0xA9, 0xC1, 0xC1, 0xFB, 0xB8, 0x89, 0x9D, 0xA2, 0x5A, 0x85, 0x0E, 0xB5, 0x92, 0xBD, 0xE7, 0xB3,
    0xDD, 0x3D, 0x0E, 0x9E, 0x3A, 0x4C, 0x02, 0xCD, 0x9E, 0xCD, 0xBC, 0xE7, 0x72, 0x48, 0x33, 0xFF,
    0xAE, 0xBC, 0x71, 0x12, 0x08, 0xBC, 0xC8, 0x66, 0x09, 0x34, 0xB3, 0xE7, 0xF9, 0xEE, 0x0D, 0x4E,
    0x9E, 0x5A, 0xC3, 0x3D, 0x11, 0xF8, 0x04, 0x3E, 0xCE, 0xCE, 0x3E, 0x14, 0x90, 0x93, 0xE0, 0x41,
    0x40, 0x16, 0x90, 0x2A, 0x6E, 0xBE, 0xC1, 0x67, 0xBA, 0x7A, 0x93, 0x43, 0x44, 0xBC, 0x86, 0x44,
    0x90, 0xFC, 0x44, 0x51, 0xF3, 0xDF, 0x3C, 0x12, 0xF2, 0xDC, 0x23, 0xE3, 0xC5, 0xC7, 0x1E, 0x05,
    0xFB, 0xCA, 0xA3, 0x64, 0x5B, 0x78, 0x54, 0x44, 0xA6, 0x23, 0x57, 0xD1, 0x38, 0xA4, 0x82, 0xED,
    0xAB, 0xA1, 0x99, 0xF1, 0xBE, 0x8A, 0x8A, 0xF0, 0xCC, 0x58, 0x42, 0x46, 0xB7, 0xC9, 0x68, 0x26,
    0x17, 0x23, 0x03, 0x94, 0x43, 0xE3, 0x91, 0xDC, 0xC5, 0x4B, 0x91, 0x9C, 0xF9, 0xB8, 0x1F, 0x4E,
    0xE2, 0x4B, 0x44, 0x8C, 0x8A, 0xA3, 0x34, 0x8A, 0x0E, 0x28, 0xF8, 0x80, 0x3D, 0xEA, 0x35, 0xE3,
    0x00, 0x23, 0x8B, 0xAC, 0xFE, 0x1B, 0x12, 0x0E, 0xB0, 0x7D, 0xCA, 0x1E, 0x1F, 0x23, 0xF3, 0x1A,
    0x8F, 0x40, 0xB9, 0xAA, 0x25, 0x19, 0xC6, 0x47, 0xBB, 0xF7, 0x85, 0x77, 0x51, 0x1F, 0xF0, 0xE9,
    0xFD, 0xAB, 0x67, 0x3A, 0xBD, 0x4B, 0x9F, 0x13, 0x35, 0xE5, 0x10, 0xC7, 0x5D, 0x58, 0x79, 0x3B,
    0x98, 0x05, 0xA9, 0x34, 0x49, 0xA6, 0x60, 0xC1, 0x0B, 0xF6, 0x48, 0x49, 0xC6, 0x8D, 0x18, 0xD8,
    0x89, 0xE3, 0x56, 0x84, 0x59, 0xEF, 0x4A, 0xCF, 0x5B, 0xE4, 0xBF, 0x1F, 0x91, 0x9D, 0xCE, 0x64,
    0x3B, 0x87, 0xD9, 0x6D, 0xFB, 0x40, 0x42, 0x99, 0xAD, 0x81, 0xC5, 0x14, 0x58, 0x0F, 0x81, 0xA6,
    0x55, 0x26, 0x1B, 0x94, 0xF9, 0x1C, 0x58, 0x4A, 0xDA, 0x9B, 0x96, 0xD6, 0xC9, 0x1B, 0x16, 0x35,
    0xFA, 0x48, 0x1D, 0x17, 0x1D, 0xE0, 0xF9, 0x37, 0x1C, 0xC2, 0x7D, 0x9C, 0x94, 0x19, 0x17, 0x65,
    0xC2, 0x55, 0x09, 0xCB, 0xC0, 0x86, 0xAD, 0xB2, 0x62, 0xAF, 0x2C, 0x39, 0x2A, 0xF3, 0x30, 0x2F,
    0xF5, 0x98, 0x97, 0x58, 0x76, 0x20, 0x4F, 0x1B, 0x52, 0x6E, 0x58, 0x94, 0x47, 0x5C, 0x0C, 0x25,
    0xE6, 0x80, 0x25, 0xA2, 0x2B, 0xD8, 0xE7, 0x8B, 0x81, 0x47, 0xBA, 0x7C, 0x2C, 0x48, 0x96, 0x87,
    0x02, 0xAC, 0x7B, 0x7C, 0x5D, 0x71, 0x17, 0x1E, 0x9F, 0x4C, 0x10, 0xFC, 0x72, 0x51, 0x70, 0x54,
    0x68, 0x9B, 0x4B, 0x0E, 0x02, 0xC3, 0x3E, 0x5C, 0xFA, 0xE4, 0x9F, 0x00, 0x43, 0xCD, 0x6C, 0xFE,
    0x5A, 0x33, 0xBF, 0x56, 0xD0, 0x41, 0x2F, 0x1E, 0x64, 0xE6, 0x54, 0x18, 0x85, 0x64, 0x0A, 0xFE,
    0xBC, 0x50, 0x60, 0x8F, 0x32, 0xE0, 0x2D, 0xCE, 0xFA, 0x1F, 0x49, 0x8D, 0x80, 0x64, 0x1F, 0x0C,
    0xD3, 0xED, 0xD2, 0xE7, 0xCB, 0xA5, 0xAF, 0xA7, 0x4B, 0x6F, 0xFB, 0xE8, 0x5E, 0x25, 0x63, 0x7E,
    0xAA, 0x4B, 0x6C, 0xF0, 0xE5, 0x79, 0xB5, 0x55, 0x6B, 0xF0, 0x7F, 0x82, 0x66, 0xCD, 0x89, 0x7D,
    0x98, 0x39, 0x65, 0x17, 0x1F, 0x33, 0x81, 0xFD, 0xE5, 0x0E, 0x1B, 0x6F, 0xD6, 0x91, 0x3E, 0xC5,
    0x87, 0xF6, 0xF1, 0x2D, 0x5B, 0xC7, 0x69, 0xB3, 0xA8, 0xD5, 0xF1, 0xDB, 0xAC, 0x6A, 0x75, 0x8C,
    0x47, 0x5F, 0x12, 0xD7, 0xFA, 0xEA, 0xD0, 0x3B, 0xC0, 0xEC, 0x7D, 0xBD, 0x79, 0xBF, 0xA8, 0xD5,
    0xEB, 0x76, 0x4E, 0x39, 0xAB, 0x0F, 0x1B, 0xAE, 0x83, 0x5C, 0x17, 0x6F, 0x1E, 0xB3, 0x93, 0xEA,
    0xCB, 0x14, 0x61, 0xC7, 0x41, 0xAB, 0x9F, 0xF2, 0x11, 0x5B, 0x8E, 0x39, 0x75, 0x25, 0xF8, 0x81,
    0xF8, 0x9A, 0x1C, 0x51, 0x30, 0x13, 0xDF, 0x7C, 0x87, 0x03, 0xAA, 0x2D, 0xF7, 0x7E, 0xB8, 0x93,
    0x70, 0x86, 0x99, 0x0B, 0x76, 0xEC, 0x9B, 0x8C, 0xEE, 0xAF, 0x38, 0x94, 0x72, 0x77, 0xCD, 0xC5,
    0x92, 0x28, 0xA9, 0x7B, 0xEE, 0x69, 0xC1, 0x27, 0xA8, 0x1C, 0x47, 0xEC, 0xA3, 0x5E, 0x15, 0x1A,
    0xCD, 0xA1, 0x5F, 0x2E, 0x7D, 0xE8, 0xA0, 0xD8, 0xA7, 0x97, 0x9E, 0xD1, 0x6B, 0x9F, 0x2A, 0x63,
    0x3F, 0x7E, 0x59, 0xDC, 0x66, 0x27, 0xB0, 0x9C, 0xB5, 0xF3, 0x7F, 0xBC, 0x6A, 0x7E, 0xBA, 0x79,
    0x14, 0x5B, 0x42, 0xE8, 0xA6, 0x74, 0x05, 0x89, 0xC2, 0x05, 0x30, 0x75, 0x8A, 0x6C, 0x53, 0x7C,
    0x6F, 0x95, 0xFB, 0xF8, 0xFE, 0xAC, 0x4F, 0xF9, 0x6C, 0x12, 0xC4, 0x65, 0x3C, 0x54, 0x82, 0x6C,
    0x15, 0x4E, 0x2E, 0x85, 0xBF, 0x4A, 0xD9, 0xE9, 0x11, 0xAC, 0xEA, 0x6B, 0xEA, 0xF1, 0x4F, 0x4F,
    0x45, 0x76, 0xD1, 0x1B, 0x48, 0xB9, 0x3D, 0x23, 0x1D, 0x27, 0xE4, 0xCF, 0x39, 0x71, 0x46, 0xF9,
    0x05, 0x07, 0xAE, 0xA8, 0x7B, 0x76, 0x66, 0x45, 0xD3, 0x19, 0x59, 0xBD, 0x2D, 0xFE, 0x02, 0x7A,
    0xFF, 0x1F, 0xA1, 0x14, 0x20, 0xA0, 0xE8, 0x0A, 0x81, 0xE9, 0x72, 0x81, 0xED, 0x15, 0xEC, 0x73,
    0xE7, 0x61, 0xC7, 0x32, 0x2C, 0x14, 0x36, 0xCC, 0x91, 0xB0, 0x1E, 0xDA, 0x73, 0xA0, 0x0E, 0x47,
    0xCA, 0x26, 0x2C, 0xAF, 0xB7, 0x48, 0xDD, 0xAE, 0x74, 0x65, 0x11, 0xC8, 0xBF, 0x9B, 0x86, 0x3B,
    0xC3, 0xBB, 0x96, 0x12, 0xCB, 0x1E, 0x61, 0x71, 0xE9, 0xF7, 0xB8, 0x69, 0xDC, 0xEE, 0xFB, 0x1C,
    0x5E, 0x4E, 0x69, 0x08, 0x81, 0x59, 0x05, 0x29, 0xE7, 0x50, 0x52, 0xAF, 0xD8, 0x20, 0xF8, 0xA8,
    0x85, 0xA6, 0xE0, 0xB7, 0x03, 0x45, 0x75, 0x25, 0x0B, 0x8F, 0x6C, 0x23, 0x24, 0x5E, 0x41, 0x88,
    0xB2, 0xBD, 0xC2, 0x22, 0xEC, 0xCF, 0x09, 0x43, 0x62, 0x29, 0x8D, 0x1D, 0x74, 0x19, 0x7E, 0x5D,
    0x1A, 0xCD, 0xB9, 0x6C, 0x75, 0xAC, 0x0F, 0x65, 0x6B, 0x75, 0x13, 0x2C, 0x5B, 0x33, 0xA2, 0x64,
    0x5B, 0xCA, 0xAB, 0x51, 0xCD, 0xF0, 0x9C, 0x26, 0xD2, 0x05, 0x9A, 0x3D, 0xED, 0xF6, 0xD5, 0x24,
    0xD9, 0x45, 0xCA, 0x7D, 0xDF, 0xE7, 0x06, 0xA1, 0x94, 0xDF, 0x50, 0xA9, 0xE5, 0x7C, 0xD7, 0xB3,
    0x62, 0xAB, 0x2C, 0xD9, 0x2B, 0x33, 0x0E, 0xCA, 0x84, 0xB3, 0x12, 0xD6, 0x05, 0x56, 0xE4, 0x8F,
    0x85, 0x69, 0xFC, 0x0E, 0x56, 0x87, 0x76, 0x02, 0xD5, 0x8F, 0xAE, 0xED, 0x07, 0xDC, 0x08, 0x80,
    0x1D, 0x03, 0x39, 0x2B, 0xE2, 0x7B, 0x43, 0xC6, 0x75, 0xCF, 0x4D, 0x59, 0xFC, 0xD2, 0x29, 0xCB,
    0xCF, 0x18, 0xF8, 0x7E, 0x60, 0xFD, 0x3D, 0x76, 0xC2, 0x26, 0x63, 0x7F, 0xC8, 0x87, 0xFB, 0x9D,
    0x76, 0xD5, 0x23, 0x8C, 0xA1, 0xC6, 0x12, 0x79, 0xF3, 0x6F, 0xCF, 0x77, 0x76, 0xDB, 0xDD, 0x45,
    0xB6, 0x7F, 0x49, 0x2B, 0x46, 0x34, 0x3A, 0xA7, 0x46, 0xD4, 0xBC, 0x26, 0xDF, 0x7C, 0xE0, 0xC7,
    0xD6, 0x2F, 0x4E, 0xD0, 0xB4, 0x61, 0xC5, 0xB7, 0x7A, 0x06, 0x06, 0x9C, 0x70, 0xD4, 0x45, 0x3D,
    0x95, 0xFE, 0x51, 0x2E, 0xB8, 0xCD, 0x16, 0x39, 0x5D, 0xBB, 0x3F, 0xD4, 0x8F, 0x91, 0xD0, 0xD0,
    0x41, 0xA3, 0x1F, 0x15, 0xA9, 0xAD, 0x34, 0xEE, 0x1E, 0x5B, 0xED, 0x01, 0x3B, 0xE8, 0x4A, 0xA2,
    0xEF, 0x64, 0x3D, 0xEA, 0x19, 0x60, 0x87, 0x7A, 0x01, 0xEA, 0xB8, 0x1C, 0xC3, 0x04, 0x70, 0xC1,
    0xCD, 0xDD, 0xEE, 0x1E, 0xCF, 0xDB, 0x50, 0xC7, 0x7E, 0x0F, 0x24, 0xAA, 0x28, 0x3C, 0xB0, 0x7F,
    0x73, 0xC0, 0xD5, 0x94, 0x6F, 0x90, 0xBB, 0xDD, 0xAE, 0xCD, 0x39, 0xC7, 0x0D, 0x2C, 0x11, 0xB4,
    0xC8, 0x26, 0x0F, 0x20, 0x5B, 0x91, 0x7B, 0xE4, 0x1B, 0x32, 0x8F, 0xC2, 0xE9, 0x6B, 0x71, 0xB5,
    0x01, 0x1C, 0xB4, 0x12, 0xCD, 0xF9, 0x11, 0x97, 0x50, 0xC2, 0x10, 0xBE, 0x95, 0x61, 0xFF, 0xAD,
    0x4C, 0xE2, 0x4F, 0xA1, 0x71, 0x1C, 0x71, 0xCD, 0x97, 0x41, 0x4B, 0xDD, 0x15, 0x8E, 0x6B, 0xCA,
    0x62, 0x7F, 0x5C, 0x52, 0x96, 0xCC, 0xE3, 0x82, 0x28, 0xD8, 0x1D, 0x67, 0x32, 0x99, 0x71, 0x9C,
    0xCD, 0xA8, 0x3D, 0x12, 0x1D, 0xE3, 0xC7, 0x40, 0x84, 0xD9, 0x14, 0xF6, 0x37, 0x86, 0x71, 0x87,
    0x68, 0x78, 0x88, 0x8A, 0xAD, 0xA0, 0xF4, 0xA5, 0x23, 0x45, 0xCE, 0xE1, 0x18, 0x05, 0x52, 0xCE,
    0xC7, 0x68, 0x00, 0xF2, 0x9D, 0x23, 0x02, 0x75, 0x7C, 0x05, 0x66, 0x78, 0x6F, 0xDE, 0xCF, 0xEF,
    0x77, 0xDB, 0x97, 0x9B, 0x89, 0xAF, 0x87, 0x9D, 0xB3, 0x5E, 0x15, 0xCD, 0x6F, 0x86, 0xDB, 0xFC,
    0x85, 0xD9, 0x76, 0xB0, 0x94, 0x88, 0xD0, 0x1F, 0xEF, 0xC6, 0x94, 0x3F, 0x30, 0x36, 0x45, 0x4D,
    0x45, 0x45, 0x0A, 0x8A, 0x80, 0x94, 0x6E, 0xFF, 0xDE, 0x7F, 0xF5, 0x93, 0xBE, 0xD1, 0x37, 0x52,
    0xFE, 0x8A, 0x0E, 0xB9, 0xD3, 0xE5, 0x62, 0x45, 0xC9, 0xB6, 0x5A, 0x90, 0x53, 0x06, 0x6C, 0xE6,
    0x64, 0xA8, 0x64, 0x73, 0x98, 0x55, 0xA8, 0xD9, 0xC6, 0x43, 0x38, 0x4A, 0x7D, 0x64, 0xAE, 0x63,
    0x21, 0x65, 0x7C, 0xDA, 0xA8, 0x03, 0x6A, 0x45, 0x1C, 0x4F, 0x52, 0xBE, 0x8F, 0xB0, 0xB8, 0x96,
    0xF1, 0x1C, 0x5D, 0xBD, 0xFF, 0xC3, 0x41, 0xC7, 0xF1, 0xC4, 0xFE, 0xD9, 0xBC, 0xCC, 0xEC, 0xA6,
    0x69, 0x5E, 0xD8, 0xCE, 0xD3, 0x7C, 0x4E, 0x3C, 0x9C, 0xE6, 0xE7, 0x1B, 0x9A, 0x79, 0xE6, 0x8C,
    0x52, 0x47, 0x67, 0x12, 0x56, 0xF8, 0x67, 0xE7, 0x0B, 0x80, 0x69, 0xBE, 0xD4, 0x0F, 0xEF, 0xDF,
    0x0F, 0x7F, 0x5A, 0xCE, 0x8D, 0xE8, 0x12, 0x14, 0x07, 0xF1, 0xEA, 0x99, 0x8F, 0x0F, 0xE3, 0x55,
    0xD5, 0xC1, 0xAC, 0xC5, 0xD2, 0x74, 0x66, 0xCD, 0x96, 0x06, 0x66, 0x4D, 0x55, 0x13, 0x55, 0x2C,
    0xDF, 0x14, 0xBD, 0x0F, 0x51, 0xFC, 0xDE, 0x34, 0x21, 0x5B, 0xAD, 0xE8, 0x1C, 0x74, 0xBF, 0x49,
    0x06, 0x7D, 0xCD, 0xF2, 0xE2, 0xAC, 0x45, 0x38, 0x51, 0x81, 0x7A, 0x97, 0x75, 0x08, 0xA3, 0xFD,
    0x6A, 0xA6, 0x7C, 0x63, 0x6B, 0xC3, 0xEF, 0x80, 0xF6, 0x49, 0xAA, 0xF9, 0x05, 0x27, 0xE0, 0x96,
    0x0D, 0xBB, 0xE1, 0x86, 0xF8, 0x0E, 0x5D, 0xCB, 0x0F, 0xE1, 0xE0, 0x8E, 0x9C, 0xD3, 0xE5, 0x7A,
    0xAC, 0x39, 0xB0, 0x04, 0x62, 0x6A, 0xC5, 0x41, 0x53, 0x63, 0x52, 0xAC, 0x33, 0x8C, 0xFE, 0x74,
    0xA4, 0xBB, 0x09, 0x57, 0xEC, 0x55, 0x5E, 0x60, 0xC2, 0x6C, 0x16, 0xDD, 0x0E, 0x35, 0x1F, 0x45,
    0xAD, 0x28, 0xD9, 0x8A, 0x8E, 0xB1, 0x41, 0xB7, 0xB9, 0xA5, 0x23, 0x0C, 0x37, 0x33, 0xE2, 0x9D,
    0x86, 0xEC, 0x70, 0xD2, 0x68, 0xAB, 0x4D, 0x18, 0x4B, 0x9B, 0x9C, 0x4B, 0xBC, 0x72, 0x7A, 0xD7,
    0x6C, 0x09, 0xE7, 0x13, 0x39, 0xA2, 0x2C, 0xF0, 0x5A, 0xAC, 0xA2, 0x99, 0x6A, 0xBA, 0xA8, 0x0F,
    0x3A, 0x8B, 0xE6, 0x93, 0x68, 0xD5, 0x27, 0xE4, 0x77, 0x6C, 0x1B, 0xA6, 0xBA, 0xE8, 0x29, 0x42,
    0xE8, 0xD2, 0x17, 0x7A, 0x42, 0x50, 0x73, 0x16, 0x34, 0xE9, 0x12, 0x26, 0xFD, 0xCF, 0x04, 0x77,
    0xF0, 0xF6, 0x8D, 0x8F, 0x80, 0xE6, 0x03, 0xC3, 0xF8, 0xF7, 0x71, 0xA8, 0x04, 0x6C, 0x73, 0xF2,
    0xBF, 0xDF, 0x60, 0x8F, 0x37, 0xDF, 0x01, 0xAA, 0x5E, 0x6E, 0x41, 0x31, 0x28, 0xF2, 0x80, 0x4C,
    0xF0, 0xF7, 0x7F, 0x99, 0xF7, 0xC0, 0x9D, 0xF5, 0x67, 0x85, 0x47, 0x43, 0x56, 0x9D, 0x82, 0x00,
    0x6C, 0xF9, 0xD9, 0x06, 0xA4, 0x5B, 0x9E, 0x4F, 0xBA, 0x14, 0x27, 0x32, 0x1A, 0x1C, 0x24, 0x4C,
    0xAD, 0xF8, 0xB3, 0xBA, 0x45, 0x01, 0x7D, 0x7C, 0xD9, 0xEA, 0x17, 0x1F, 0xD3, 0x01, 0x39, 0x7F,
    0x4A, 0x8F, 0x2C, 0x3C, 0x05, 0xE4, 0x16, 0xDF, 0x82, 0x25, 0x76, 0x38, 0x88, 0xF5, 0xAB, 0x90,
    0x58, 0x9E, 0xEB, 0xCD, 0x94, 0xDB, 0xAD, 0x76, 0x52, 0xC6, 0x61, 0x35, 0x44, 0x41, 0xAC, 0x05,
    0xDB, 0x72, 0xC3, 0x9A, 0xB1, 0xAF, 0x57, 0xAC, 0x09, 0x87, 0x66, 0xC1, 0x0A, 0x8E, 0xCD, 0x2C,
    0x98, 0x8C, 0xC0, 0x4E, 0x66, 0xF2, 0x30, 0x93, 0x55, 0xCC, 0xBF, 0x5F, 0xD0, 0x7D, 0x04, 0xE8,
    0x5C, 0xC6, 0x3D, 0x5E, 0x50, 0x3F, 0x23, 0x94, 0xEC, 0x53, 0xFD, 0x5A, 0xE7, 0x35, 0xFC, 0x4B,
    0x38, 0x7B, 0xC5, 0x4B, 0x9A, 0x70, 0xDA, 0x6B, 0xCC, 0xCF, 0xD9, 0xDF, 0xE2, 0x33, 0x43, 0x90,
    0xF1, 0xBB, 0x6B, 0x0B, 0xC9, 0xC7, 0x15, 0xB5, 0x3A, 0xA0, 0xA9, 0xFA, 0x53, 0x5E, 0xFC, 0x23,
    0xAE, 0xC9, 0xC9, 0x54, 0x0B, 0xED, 0x40, 0x1E, 0xE4, 0x03, 0x47, 0xEF, 0x9D, 0x0A, 0x8A, 0x4F,
    0x87, 0x97, 0x71, 0x3B, 0xBC, 0x1E, 0x84, 0x0D, 0xB6, 0xE2, 0x7F, 0xC8, 0x1D, 0xF6, 0xF3, 0x4F,
    0x3F, 0x27, 0x12, 0xBE, 0xFF, 0xE9, 0x63, 0xF6, 0x19, 0x7D, 0xA6, 0x1D, 0x8B, 0xCD, 0xA3, 0x99,
    0xCA, 0x55, 0x51, 0x2F, 0x1E, 0xD5, 0xDC, 0xCC, 0x82, 0x49, 0x51, 0xFA, 0x9F, 0x7D, 0x41, 0xAF,
    0xA0, 0x99, 0x20, 0x11, 0x31, 0x1F, 0xA2, 0x5E, 0x14, 0xD5, 0xAA, 0x28, 0x03, 0xF2, 0x4D, 0x91,
    0x52, 0x01, 0x76, 0x8A, 0x66, 0x10, 0x7D, 0xED, 0xC1, 0x85, 0x5F, 0x1A, 0xBB, 0x86, 0x12, 0xFD,
    0xB5, 0x40, 0xFA, 0x0F, 0x1F, 0x4A, 0xF3, 0x1F, 0x4F, 0x51, 0x0D, 0x39, 0xAB, 0xB2, 0x43, 0xC5,
    0xF0, 0x42, 0xD7, 0x99, 0x55, 0xB4, 0xDE, 0x44, 0x2B, 0x27, 0x5A, 0x06, 0x65, 0xF4, 0x51, 0xAB,
    0x4D, 0x33, 0x17, 0x51, 0x2B, 0xF7, 0x92, 0x9D, 0xA8, 0x83, 0xD7, 0xCF, 0x39, 0xEA, 0xD5, 0xF5,
    0x32, 0xBF, 0xA0, 0x68, 0xCE, 0xD6, 0xEB, 0xCB, 0xFF, 0xF2, 0xBD, 0xB6, 0xA1, 0xAC, 0x50, 0x7A,
    0xC1, 0xA7, 0x5C, 0xB5, 0x86, 0xA3, 0xE8, 0x79, 0xA8, 0xF9, 0x0B, 0x9A, 0xB4, 0x27, 0xA2, 0x67,
    0x3F, 0xD1, 0x05, 0x6D, 0x00, 0x2F, 0xA8, 0x43, 0x7F, 0x93, 0x23, 0xBA, 0xAB, 0x88, 0xD2, 0xD5,
    0x0E, 0xC5, 0x2A, 0x4B, 0xCF, 0xE0, 0x25, 0xAC, 0xE3, 0xD7, 0x8B, 0xAE, 0xB7, 0x2A, 0x4E, 0x17,
    0x17, 0xE0, 0x8F, 0x4B, 0x76, 0x38, 0x2E, 0x38, 0x26, 0x5B, 0x46, 0xDA, 0x15, 0x96, 0x9C, 0x50,
    0xE8, 0x72, 0x78, 0xF3, 0x04, 0x2F, 0x44, 0x43, 0x72, 0xBD, 0x14, 0x7F, 0x1E, 0xDC, 0xDD, 0xFD,
    0x7F, 0xD5, 0xBB, 0x01, 0xA8, 0x26, 0xD7, 0x75, 0x1F, 0xFE, 0x9B, 0x19, 0x6B, 0x47, 0xDA, 0x91,
    0x75, 0x0D, 0x44, 0x46, 0x68, 0x65, 0x8D, 0x00, 0x01, 0x8A, 0xB1, 0x76, 0xC4, 0x1F, 0xFF, 0xA9,
    0x92, 0xBE, 0xF7, 0xEE, 0x48, 0x82, 0x18, 0x08, 0xE0, 0xA5, 0xD5, 0x3A, 0x34, 0x82, 0x4A, 0x90,
    0x14, 0x42, 0x03, 0x79, 0x02, 0x04, 0xB8, 0xE4, 0x69, 0x67, 0x24, 0x03, 0x86, 0x1A, 0xF0, 0xA3,
    0xD4, 0x0D, 0x90, 0xB6, 0x5E, 0x8A, 0x5B, 0xEC, 0xB7, 0x6D, 0x9E, 0xA0, 0xA2, 0x6C, 0xCB, 0xD3,
    0x9B, 0x2B, 0x09, 0x10, 0x60, 0x82, 0x27, 0x52, 0x1D, 0x41, 0x1A, 0xD0, 0xC8, 0x59, 0xD9, 0x64,
    0x55, 0xAA, 0x2B, 0x3C, 0xB2, 0xE7, 0xAD, 0x66, 0xE6, 0x74, 0xCE, 0x39, 0xF7, 0x7B, 0xEF, 0xCB,
    0x6A, 0x57, 0x71, 0x93, 0x14, 0xD1, 0x61, 0xBF, 0xF3, 0xFB, 0xBD, 0xEF, 0x9B, 0x39, 0xF7, 0xDC,
    0xDF, 0xDC, 0x7B, 0xEE, 0x99, 0x99, 0xD9, 0xA8, 0x39, 0x02, 0x30, 0xC0, 0x10, 0x39, 0xC4, 0x03,
    0xF2, 0xDE, 0x76, 0x48, 0x3C, 0x8C, 0xB7, 0x1E, 0x59, 0x07, 0x9C, 0x2B, 0x3C, 0x8C, 0x03, 0xA2,
    0xCA, 0xA3, 0xA8, 0x71, 0x8A, 0xC8, 0xC3, 0x02, 0xC5, 0x51, 0xE5, 0x71, 0x08, 0x54, 0x5D, 0xE1,
    0x31, 0x02, 0x8D, 0x2B, 0x7C, 0x3C, 0x30, 0x5A, 0x9F, 0x78, 0xA0, 0x7A, 0x9F, 0x7A, 0x3E, 0xDC,
    0xD2, 0x0F, 0x88, 0x0F, 0xCF, 0xE6, 0x74, 0x2E, 0x6A, 0xC8, 0x66, 0x15, 0x70, 0x18, 0x70, 0x3C,
    0x45, 0xBB, 0x00, 0xE2, 0xC1, 0xBE, 0x37, 0x02, 0x48, 0x3C, 0xC5, 0x13, 0x80, 0xEC, 0x47, 0x73,
    0xC4, 0x7F, 0x9B, 0x57, 0xA7, 0xA8, 0x07, 0x50, 0x7C, 0x6D, 0xD4, 0xC3, 0x13, 0xC5, 0xC3, 0x80,
    0xA3, 0x62, 0x3C, 0x24, 0x13, 0xE4, 0xF0, 0x78, 0xC6, 0xA7, 0x80, 0xAC, 0x8B, 0x08, 0x9F, 0x03,
    0x07, 0xDF, 0x5C, 0x1D, 0xC1, 0xC1, 0xE7, 0xE4, 0x21, 0xDB, 0x79, 0xAC, 0xFA, 0x7D, 0xDC, 0xF1,
    0xE3, 0x9E, 0x1F, 0x77, 0xFD, 0xA4, 0xEF, 0xAB, 0xCE, 0xAF, 0x7A, 0x7F, 0xD2, 0xFD, 0x55, 0xFF,
    0x4F, 0x04, 0x58, 0x29, 0x70, 0x22, 0xC1, 0x4A, 0x83, 0x75, 0x11, 0x44, 0x85, 0xEB, 0x64, 0xC0,
    0x18, 0xED, 0xED, 0x6A, 0x4F, 0x0A, 0x1A, 0xB5, 0x2B, 0xCD, 0xBF, 0x9A, 0x99, 0x64, 0x1D, 0x41,
    0x88, 0x71, 0x54, 0xFF, 0x36, 0x93, 0xA2, 0xA6, 0xA3, 0xE0, 0xA6, 0xA1, 0x4E, 0xDD, 0x14, 0x34,
    0x89, 0x1B, 0xC4, 0x44, 0xE2, 0x06, 0x2F, 0x66, 0xA4, 0x8A, 0x0C, 0x11, 0x89, 0x9B, 0x64, 0x8C,
    0x66, 0x71, 0x13, 0x93, 0x68, 0x5D, 0xD4, 0xA8, 0xF4, 0x70, 0x20, 0x7A, 0x5C, 0x51, 0xDC, 0x13,
    0xD5, 0x48, 0x88, 0xBB, 0x5B, 0x1C, 0xE1, 0x4C, 0x87, 0xA6, 0x64, 0x8F, 0x04, 0x00, 0xE9, 0x7B,
    0x12, 0xC9, 0x0F, 0xD8, 0xE6, 0x86, 0xED, 0x96, 0xD8, 0x4D, 0xB1, 0x3B, 0x62, 0x0F, 0xC4, 0x0E,
    0x62, 0xFB, 0x9B, 0xD8, 0x41, 0xEC, 0xE5, 0xB5, 0xFD, 0x77, 0xD6, 0xFC, 0x14, 0x62, 0xF3, 0x2F,
    0x4B, 0xF7, 0xDF, 0x12, 0x35, 0x48, 0xA2, 0x14, 0x8B, 0xAA, 0x43, 0xB4, 0x8B, 0x8C, 0x88, 0x5A,
    0xA0, 0x11, 0x1B, 0x9D, 0x3F, 0x87, 0xB5, 0xAD, 0x19, 0x00, 0x6C, 0xD3, 0x11, 0x52, 0x22, 0xE8,
    0x9E, 0x39, 0x91, 0x43, 0x45, 0x97, 0x68, 0xB0, 0x6D, 0xD1, 0x46, 0xE4, 0xD1, 0x8C, 0xB6, 0xCC,
    0x7C, 0x4A, 0x0E, 0x76, 0xAA, 0x90, 0x7A, 0x43, 0x40, 0x3E, 0x32, 0x2B, 0x66, 0xC0, 0x0C, 0x15,
    0x32, 0x6F, 0xA7, 0x85, 0x75, 0xB6, 0x36, 0x5D, 0x33, 0x4A, 0x64, 0x57, 0xAA, 0x96, 0x84, 0x19,
    0xA2, 0x9A, 0x06, 0x8D, 0x6D, 0x8E, 0x94, 0x61, 0xBB, 0x0B, 0x4C, 0x04, 0xEB, 0x7F, 0x21, 0x26,
    0x47, 0x5C, 0xC7, 0x40, 0xE3, 0x47, 0x59, 0x73, 0xCC, 0xAA, 0x79, 0xC5, 0x2C, 0x01, 0xB8, 0x55,
    0xD4, 0xA2, 0x1A, 0xF8, 0x82, 0x28, 0x46, 0x1D, 0x30, 0x6A, 0x23, 0x13, 0xCE, 0x08, 0x63, 0x99,
    0x42, 0x8B, 0xB9, 0xE8, 0x26, 0xED, 0x35, 0x34, 0x09, 0x61, 0xFD, 0xD8, 0xAD, 0xEE, 0xD2, 0x28,
    0x7C, 0x96, 0xE6, 0x73, 0x6B, 0xCD, 0x56, 0x83, 0xC2, 0x91, 0x36, 0x41, 0x53, 0x70, 0xEA, 0x90,
    0x10, 0x5D, 0x23, 0x0F, 0x33, 0x57, 0xC3, 0x02, 0xC5, 0x58, 0x0D, 0x8D, 0x87, 0x1D, 0xAA, 0xA1,
    0x6A, 0x51, 0xF5, 0xD5, 0xF0, 0x79, 0xA0, 0xF2, 0x72, 0x78, 0xB3, 0x0E, 0xA8, 0x02, 0xF4, 0x02,
    0x76, 0x10, 0xE0, 0xC3, 0x51, 0xC2, 0x50, 0x33, 0xC4, 0xED, 0xA7, 0x52, 0xA2, 0xA3, 0xAA, 0xDD,
    0x8A, 0x88, 0x1B, 0xDA, 0xC2, 0x19, 0xA2, 0x01, 0x17, 0x00, 0x9E, 0xBF, 0x87, 0x1A, 0xD2, 0x2C,
    0x27, 0x3B, 0x9E, 0x10, 0xD1, 0xBC, 0xB7, 0x3F, 0x49, 0x48, 0x74, 0x0C, 0xDB, 0x47, 0xC0, 0x59,
    0x20, 0x25, 0x72, 0x7C, 0x40, 0x3E, 0x54, 0x1D, 0x2B, 0x63, 0x7D, 0xD1, 0xF1, 0x7C, 0xAD, 0xDA,
    0xDC, 0x25, 0x9E, 0xF1, 0x36, 0xA4, 0x1D, 0xD0, 0xB4, 0x92, 0x32, 0x04, 0xF3, 0x05, 0xAB, 0x05,
    0x6D, 0x29, 0x03, 0x0E, 0x15, 0x16, 0xDE, 0xE3, 0xE2, 0xC4, 0x12, 0xCE, 0x4F, 0xBC, 0x3D, 0x42,
    0xFC, 0xBE, 0xDA, 0x8B, 0x46, 0x73, 0xEA, 0x21, 0x9B, 0x69, 0x15, 0x73, 0xA7, 0x68, 0xCB, 0xDF,
    0xFC, 0x0E, 0x63, 0x95, 0x12, 0xD5, 0x00, 0xA6, 0x7C, 0x6A, 0x3C, 0x10, 0x8D, 0xD6, 0x9B, 0x01,
    0x88, 0xFB, 0xAA, 0xCD, 0x46, 0x99, 0xED, 0x2E, 0x9D, 0x64, 0xB2, 0x0B, 0x1A, 0xA7, 0x58, 0xD4,
    0x8A, 0x16, 0x8D, 0xE3, 0xFD, 0x0E, 0x51, 0xB5, 0x66, 0xC1, 0x11, 0xD6, 0xE7, 0x3D, 0x4F, 0x73,
    0x33, 0x93, 0xA4, 0xAE, 0x98, 0xA8, 0x04, 0x6F, 0xB7, 0x9C, 0x43, 0xC4, 0xE3, 0xFF, 0x25, 0x49,
    0x3A, 0x54, 0x46, 0x32, 0xD7, 0xBB, 0xAA, 0x4E, 0x38, 0x54, 0xEB, 0x6C, 0x2D, 0xB1, 0x56, 0x6E,
    0x4B, 0x83, 0x6D, 0x6A, 0x89, 0x56, 0x89, 0x2D, 0x03, 0xA9, 0x10, 0xC8, 0x24, 0xC4, 0x81, 0xDD,
    0xF0, 0x51, 0x78, 0xAC, 0x67, 0x62, 0xBB, 0xE4, 0xEB, 0x9E, 0x89, 0x99, 0x9B, 0x2F, 0xB7, 0x61,
    0xB0, 0x85, 0x4E, 0xDF, 0x59, 0x8A, 0x1B, 0xD9, 0x3F, 0x20, 0xA6, 0x6A, 0x28, 0x66, 0x70, 0xC7,
    0xB7, 0xC7, 0x33, 0x92, 0x98, 0xFA, 0x6C, 0x8C, 0x99, 0xA4, 0x3E, 0x10, 0xD3, 0x06, 0x92, 0xBB,
    0x40, 0x6C, 0x19, 0x48, 0x85, 0x40, 0xA6, 0x40, 0xA2, 0x31, 0x90, 0xA4, 0x47, 0x3A, 0x26, 0xC4,
    0x6E, 0x90, 0xCC, 0x19, 0xB1, 0x1B, 0xC4, 0x34, 0xD3, 0xAE, 0x74, 0xAA, 0xE9, 0xC9, 0xAB, 0x2A,
    0x08, 0x9B, 0x24, 0xF2, 0x4E, 0x06, 0xFB, 0x8C, 0x98, 0x8E, 0x9E, 0x24, 0x97, 0x92, 0x8B, 0xC9,
    0x1B, 0x2A, 0x41, 0x3E, 0x27, 0x1E, 0x91, 0x6C, 0xAD, 0x2F, 0xD8, 0x76, 0xCC, 0xB7, 0x4A, 0x43,
    0xD2, 0x59, 0xD1, 0x38, 0x21, 0xE9, 0xA7, 0xCE, 0xA7, 0x9C, 0xAE, 0x5E, 0x04, 0xAB, 0xCF, 0xE3,
    0x88, 0x6D, 0x22, 0xDF, 0x1B, 0x39, 0xDB, 0xD2, 0x65, 0x58, 0xD1, 0xB0, 0x1A, 0x6F, 0x68, 0x1F,
    0xB0, 0xBC, 0xCF, 0x41, 0x41, 0x25, 0x92, 0xD1, 0x50, 0x87, 0xED, 0x3E, 0xA5, 0x65, 0xF3, 0x32,
    0x86, 0x6B, 0x64, 0x44, 0x03, 0x6B, 0x7A, 0x1E, 0xC7, 0xDB, 0x19, 0x19, 0x4A, 0x11, 0xC9, 0x2F,
    0x19, 0x5D, 0xDB, 0xA7, 0x92, 0xA7, 0x7F, 0x42, 0x9D, 0x34, 0x48, 0x3D, 0x8A, 0x51, 0xBC, 0xE7,
    0x0B, 0xD8, 0x19, 0xD9, 0x00, 0x70, 0x5F, 0x7E, 0x9B, 0xA3, 0x2D, 0xA1, 0xD1, 0x29, 0xB8, 0x1B,
    0x83, 0xB4, 0xBD, 0x02, 0x6E, 0xFC, 0xC9, 0x1B, 0xEF, 0x59, 0x47, 0xA5, 0xF8, 0xCC, 0x9D, 0xB4,
    0x60, 0x9D, 0xB4, 0x27, 0xD3, 0x66, 0x44, 0xE5, 0x65, 0x6E, 0x56, 0x3D, 0x22, 0xF2, 0x2C, 0x02,
    0xA7, 0xDA, 0x9C, 0x7E, 0x58, 0x11, 0x16, 0xAA, 0xDD, 0xAA, 0xC2, 0xA8, 0x3D, 0x5F, 0x62, 0x7D,
    0x8B, 0x48, 0x45, 0xA0, 0x2E, 0x23, 0x52, 0xE6, 0x73, 0xA2, 0x97, 0x2B, 0x61, 0xD6, 0x15, 0xAD,
    0x61, 0x5F, 0xBE, 0x2A, 0x4D, 0x97, 0x2D, 0x2C, 0xF3, 0x9C, 0xAC, 0x99, 0x25, 0x0B, 0x4B, 0x95,
    0xAD, 0x7D, 0x67, 0x6B, 0xDD, 0x0F, 0xB0, 0x57, 0x2A, 0xA7, 0xCC, 0x10, 0x95, 0xCA, 0x12, 0x9A,
    0x20, 0x8C, 0x13, 0xB8, 0x32, 0xD9, 0xD6, 0x19, 0xD1, 0xF8, 0x11, 0x76, 0x75, 0xEF, 0xBB, 0x6B,
    0xFB, 0xFD, 0xDF, 0x61, 0x6D, 0x60, 0xDB, 0xD4, 0x0B, 0x8A, 0x72, 0xFE, 0x3A, 0x86, 0x7F, 0xA4,
    0x90, 0x4D, 0xFF, 0x42, 0xE4, 0xB4, 0xDD, 0xDF, 0x23, 0x51, 0xB1, 0xB6, 0xA3, 0xF4, 0x0F, 0x96,
    0xC5, 0x36, 0x72, 0x4E, 0x24, 0x8D, 0x89, 0xDF, 0xC6, 0x47, 0xDC, 0x52, 0x4C, 0x6D, 0xC2, 0x87,
    0x9D, 0x26, 0x97, 0xCA, 0x72, 0x42, 0xA5, 0x19, 0x6F, 0xE5, 0xC3, 0x91, 0x0F, 0xF7, 0x83, 0x93,
    0xAB, 0xF5, 0x17, 0x65, 0xCE, 0xD1, 0xEB, 0x35, 0x80, 0x21, 0xA6, 0x3F, 0x96, 0xA5, 0xFC, 0x0E,
    0x7A, 0x81, 0x71, 0xF3, 0xBF, 0x50, 0x2D, 0x73, 0x4C, 0x8A, 0x30, 0x49, 0xE2, 0x02, 0xF1, 0x5B,
    0xBD, 0xE0, 0x83, 0x45, 0xC7, 0x10, 0x75, 0x56, 0x87, 0x4D, 0xD9, 0xD4, 0x8C, 0x3B, 0x20, 0xD9,
    0xAB, 0x8B, 0xB5, 0xCE, 0xA9, 0xB5, 0x96, 0xCB, 0x91, 0xC9, 0x61, 0x1B, 0x30, 0x72, 0xD8, 0x57,
    0x61, 0x6B, 0xC6, 0x17, 0x43, 0x32, 0x79, 0x06, 0x83, 0xE0, 0xC3, 0x69, 0x2B, 0x78, 0xFA, 0x8F,
    0x70, 0x93, 0x6D, 0xBB, 0x3E, 0xA6, 0x71, 0xFB, 0x42, 0x60, 0xE7, 0x90, 0xE3, 0x69, 0xA5, 0x91,
    0xC3, 0x0E, 0xF8, 0xFB, 0xF8, 0x45, 0xA4, 0x88, 0x3C, 0x3A, 0x9E, 0x8F, 0x1B, 0x78, 0x10, 0xA9,
    0x8B, 0x39, 0xD4, 0xDD, 0x11, 0x07, 0x30, 0x65, 0x5A, 0x03, 0x71, 0x34, 0xC4, 0x3D, 0x2C, 0x0C,
    0x0B, 0x94, 0xF8, 0xBB, 0x3D, 0x46, 0x6C, 0x00, 0xB8, 0x3F, 0x6B, 0xFF, 0xA0, 0x8D, 0x07, 0x78,
    0x76, 0x6D, 0x9E, 0xFF, 0xB2, 0x4B, 0x7C, 0xCA, 0x87, 0xD6, 0xD9, 0x77, 0x8B, 0xDA, 0x74, 0xF7,
    0x6A, 0x43, 0x65, 0x55, 0x16, 0x2F, 0x77, 0xD0, 0x8D, 0x60, 0xFF, 0x6D, 0xA0, 0xD1, 0x8C, 0x66,
    0x37, 0xF0, 0x64, 0x8A, 0xE6, 0x40, 0x91, 0x4E, 0xBF, 0x3B, 0xAE, 0xB8, 0x99, 0xBF, 0x74, 0xCC,
    0x8B, 0xDE, 0x9C, 0x14, 0x10, 0x3E, 0xF7, 0x81, 0x7F, 0xAE, 0xEA, 0x54, 0xE2, 0xF8, 0x22, 0x76,
    0xA9, 0x0D, 0x32, 0x0F, 0x49, 0x44, 0xAE, 0x12, 0x6E, 0xC7, 0xDB, 0x13, 0x42, 0x53, 0x2B, 0x47,
    0x3A, 0x83, 0x10, 0x33, 0xF7, 0x3C, 0x28, 0x08, 0xB7, 0xB1, 0x9E, 0x40, 0xEE, 0x31, 0xE3, 0x2E,
    0x00, 0x5F, 0x04, 0xAC, 0xC3, 0x84, 0xA7, 0x00, 0xFE, 0x9B, 0x80, 0x31, 0xAE, 0x59, 0x6B, 0xCE,
    0xB7, 0xD8, 0xE1, 0xDD, 0x11, 0xBF, 0xB3, 0x5D, 0x02, 0x0F, 0xAA, 0xAE, 0x77, 0x72, 0xA9, 0x10,
    0x09, 0x65, 0x0D, 0x03, 0xA5, 0xFA, 0xB4, 0x0E, 0xD4, 0xF9, 0x72, 0xA8, 0x3C, 0x3A, 0xC6, 0x1D,
    0xCD, 0x42, 0x91, 0x8F, 0xE4, 0xEB, 0xA4, 0xFB, 0xC8, 0xD2, 0x19, 0xF1, 0xEF, 0x45, 0x8B, 0x7C,
    0x2E, 0x17, 0xEC, 0xD0, 0xD0, 0xC0, 0xD1, 0xC5, 0xD7, 0x68, 0x02, 0x4C, 0x7F, 0x07, 0x8C, 0x54,
    0x68, 0xCF, 0x40, 0x32, 0xFF, 0xDC, 0x21, 0xA2, 0x90, 0x96, 0x17, 0x8C, 0xD8, 0xBB, 0x7C, 0x6A,
    0x48, 0xED, 0x5A, 0x39, 0x45, 0xDB, 0x2E, 0x7C, 0xC1, 0xBC, 0x53, 0x34, 0x01, 0xD3, 0x15, 0xF2,
    0xEF, 0xC0, 0x67, 0xD2, 0x5A, 0x90, 0xEE, 0x00, 0x63, 0x4A, 0x7F, 0x2E, 0x15, 0xB6, 0x5E, 0x40,
    0xCC, 0x78, 0xB8, 0x70, 0x52, 0x68, 0xEF, 0xA6, 0xA5, 0xCC, 0x09, 0xD9, 0x62, 0x2F, 0x70, 0x6B,
    0x5A, 0x0B, 0x16, 0xFF, 0x58, 0x00, 0x55, 0xAF, 0x58, 0xD4, 0xC0, 0x7A, 0x19, 0x57, 0x50, 0xC9,
    0x3D, 0xB1, 0x54, 0x1E, 0x3D, 0x0B, 0x6C, 0x3D, 0x59, 0xF6, 0x9B, 0x5C, 0xFB, 0xFE, 0xAD, 0xC1,
    0xEE, 0xED, 0xBD, 0xC4, 0x40, 0x34, 0x2D, 0xB0, 0x25, 0x7F, 0xC9, 0x6F, 0x7F, 0xC7, 0x10, 0x82,
    0x0F, 0x10, 0xED, 0xC9, 0xB5, 0x4B, 0x42, 0xE4, 0xB4, 0xAA, 0x5C, 0x5F, 0x24, 0xB2, 0xD5, 0x52,
    0x53, 0x2A, 0xE8, 0x29, 0x0E, 0x30, 0x0B, 0x14, 0x93, 0xCC, 0x02, 0x3B, 0x66, 0x34, 0x30, 0x58,
    0xF6, 0x5B, 0x0D, 0x33, 0x71, 0x71, 0xF7, 0xB3, 0xCE, 0xD2, 0x02, 0x54, 0x17, 0x0B, 0xD0, 0x0C,
    0x81, 0x11, 0xC5, 0xCC, 0x8B, 0x04, 0xEC, 0x8C, 0x58, 0x17, 0x17, 0x5E, 0xFD, 0xAA, 0x71, 0x81,
    0x16, 0x0D, 0x83, 0x03, 0x0D, 0x48, 0x19, 0x7A, 0x8E, 0x21, 0x22, 0xCF, 0x31, 0x28, 0x20, 0xA6,
    0x0E, 0x39, 0xC9, 0xCE, 0xC5, 0xAC, 0x20, 0x1E, 0x3E, 0x63, 0x19, 0xC8, 0xDB, 0x11, 0x11, 0x51,
    0x57, 0x8D, 0x5A, 0x6B, 0x6B, 0x55, 0x75, 0xB3, 0x6E, 0xBE, 0xCC, 0x98, 0xD1, 0x7E, 0x2D, 0x7F,
    0x91, 0xC2, 0xD1, 0x71, 0x4D, 0xCE, 0x95, 0xA9, 0xEE, 0x28, 0xDD, 0xCC, 0x49, 0xBA, 0xF9, 0xCB,
    0x37, 0xEC, 0x26, 0x7D, 0xF2, 0xDD, 0xC4, 0x75, 0xDB, 0xA9, 0xA6, 0x14, 0x8C, 0x87, 0x87, 0x04,
    0x71, 0x21, 0x72, 0x82, 0xA9, 0x4F, 0xCB, 0x50, 0xE2, 0xE6, 0x82, 0xF1, 0x88, 0x4D, 0x21, 0x99,
    0xC7, 0x28, 0xC4, 0xBA, 0xB8, 0x17, 0xD2, 0x40, 0xEB, 0xE3, 0x68, 0x0A, 0x49, 0x3D, 0x19, 0x50,
    0xB4, 0xEA, 0x05, 0xD5, 0x2B, 0x72, 0x50, 0x0B, 0x7A, 0xAE, 0x64, 0xE2, 0x22, 0x7A, 0x44, 0x04,
    0x73, 0x09, 0xC5, 0xBA, 0x32, 0xA4, 0xB3, 0x90, 0xB4, 0x36, 0xD3, 0x2D, 0x72, 0x78, 0x9D, 0x8F,
    0xB7, 0x6B, 0x0A, 0xB7, 0x21, 0xAE, 0x17, 0x9A, 0x9F, 0xD5, 0x92, 0x00, 0xEF, 0xA6, 0x41, 0xB2,
    0x1F, 0x62, 0x5D, 0xF0, 0x59, 0xA5, 0x5A, 0x49, 0x46, 0x58, 0x25, 0x3D, 0x26, 0xBF, 0x22, 0x4B,
    0xA1, 0xA6, 0xBB, 0xA6, 0x85, 0xE4, 0xBA, 0x88, 0x18, 0x71, 0x1B, 0xD2, 0x41, 0x48, 0xFC, 0xC3,
    0xAA, 0x46, 0x48, 0x71, 0x8A, 0xC8, 0xAF, 0x48, 0x97, 0xA8, 0x84, 0x8B, 0x88, 0x86, 0x0C, 0x09,
    0x2D, 0x80, 0xAC, 0x3E, 0x43, 0x2D, 0xEE, 0x05, 0x7E, 0x2F, 0xE5, 0x5C, 0x8A, 0x2F, 0x80, 0x03,
    0xF3, 0xD8, 0x5D, 0x65, 0x38, 0xA3, 0xD6, 0x7F, 0x9C, 0xCD, 0xFA, 0x13, 0x9B, 0x0E, 0x37, 0xB1,
    0x7D, 0x10, 0x0E, 0x9F, 0x91, 0x5B, 0x15, 0x72, 0x9F, 0x22, 0xEE, 0x61, 0x4A, 0xA4, 0xB2, 0x28,
    0xE5, 0x14, 0x79, 0xE0, 0xFF, 0x97, 0xD2, 0xEA, 0x5C, 0x21, 0xC7, 0x48, 0x42, 0x5D, 0xDF, 0xE2,
    0x6B, 0xFF, 0x29, 0x7E, 0xB7, 0x06, 0xF0, 0x2C, 0x90, 0x47, 0x2D, 0x10, 0x77, 0xC0, 0x0E, 0x3A,
    0xB0, 0x9B, 0xA8, 0x67, 0xB2, 0x29, 0x99, 0xB1, 0xD5, 0x3B, 0x25, 0x2E, 0x72, 0x92, 0xE4, 0x8A,
    0x3A, 0xA9, 0x91, 0x48, 0x22, 0x4D, 0x81, 0x54, 0x32, 0xEE, 0x1D, 0x7C, 0xD2, 0x10, 0xCF, 0xB8,
    0x67, 0x21, 0x35, 0x92, 0x11, 0x0F, 0x09, 0xC9, 0x46, 0xB4, 0x42, 0xCC, 0x10, 0x97, 0x7C, 0xF6,
    0x50, 0xF8, 0xD3, 0x00, 0x12, 0x07, 0xEB, 0xEF, 0xE7, 0xA8, 0x5A, 0x34, 0x7F, 0xD2, 0xEA, 0xE2,
    0x4E, 0x7F, 0xA6, 0xE2, 0x3E, 0x4A, 0x9D, 0x90, 0x88, 0x05, 0x96, 0x2D, 0xA5, 0xE3, 0x95, 0x30,
    0x90, 0x7C, 0x0C, 0x44, 0x3B, 0xA7, 0xE7, 0x34, 0x02, 0x4E, 0x7D, 0x0F, 0x4D, 0xCB, 0x8B, 0xD9,
    0x17, 0xE3, 0x96, 0x6A, 0x5E, 0xB9, 0xCE, 0x49, 0x45, 0xFC, 0x10, 0x93, 0x6C, 0x40, 0xE4, 0x98,
    0xE7, 0x13, 0x38, 0x8A, 0xD3, 0x5F, 0x39, 0x4A, 0xDF, 0x79, 0x51, 0x8A, 0x4F, 0xE0, 0x4E, 0xC8,
    0xF6, 0xD9, 0x5D, 0x20, 0xA6, 0x39, 0xDC, 0x19, 0x2A, 0xE6, 0xB4, 0x85, 0x1D, 0x63, 0x8F, 0x6A,
    0x8C, 0xD6, 0x4D, 0xB3, 0x66, 0x62, 0x36, 0x49, 0xB7, 0x98, 0xD4, 0x2D, 0xC6, 0xD4, 0x8B, 0x29,
    0xB0, 0x98, 0x69, 0x31, 0xD4, 0xB3, 0x71, 0x88, 0x64, 0xAA, 0xD3, 0x08, 0x10, 0x9B, 0x5D, 0xB9,
    0xA6, 0x16, 0x53, 0x05, 0xF3, 0x00, 0x9B, 0x1D, 0x58, 0xAE, 0x38, 0xEC, 0x84, 0x01, 0x39, 0x7D,
    0xC9, 0x23, 0x23, 0x6A, 0x11, 0x11, 0x95, 0x58, 0x9F, 0x99, 0x29, 0xD1, 0x15, 0x20, 0x5C, 0x1F,
    0xA4, 0x73, 0x19, 0x35, 0xBD, 0xAC, 0x69, 0xE9, 0xA4, 0xA5, 0x52, 0x83, 0x4A, 0xC4, 0xC1, 0x21,
    0xC3, 0xA7, 0x30, 0x45, 0x8F, 0xF3, 0xF5, 0xFD, 0x94, 0x4C, 0xC9, 0x0C, 0x1C, 0xA6, 0x63, 0xC2,
    0xD1, 0x64, 0x63, 0x3A, 0x02, 0xF6, 0x9B, 0x43, 0xB6, 0x40, 0xFE, 0x5E, 0x6F, 0x06, 0xF6, 0xEC,
    0xA5, 0xC0, 0xA0, 0x23, 0x81, 0x42, 0x0B, 0x4C, 0x4B, 0xD4, 0x33, 0xB4, 0x15, 0xD5, 0x40, 0xE5,
    0x2C, 0x79, 0x81, 0xD7, 0xE4, 0xDE, 0x5F, 0xE5, 0x66, 0x80, 0xEA, 0x85, 0x2C, 0x50, 0x52, 0x6D,
    0xCB, 0x88, 0x16, 0xB2, 0x06, 0x0B, 0xB1, 0x90, 0xBF, 0x1A, 0x80, 0xFE, 0x94, 0xFE, 0x74, 0x5A,
    0x40, 0xE6, 0x0C, 0x0A, 0xDA, 0xA6, 0x16, 0x58, 0x02, 0x7C, 0x5C, 0xAF, 0x58, 0x91, 0x95, 0x54,
    0x4A, 0x91, 0x48, 0xAD, 0xC0, 0xCF, 0x7A, 0x81, 0x7E, 0x54, 0xB0, 0x0A, 0xC6, 0x31, 0x8C, 0x89,
    0x67, 0x20, 0x8C, 0x02, 0xCE, 0x32, 0xFC, 0xDC, 0x9B, 0x5A, 0x0E, 0x48, 0x3B, 0x06, 0x1B, 0x0D,
    0x0C, 0xA6, 0xBE, 0xC0, 0x90, 0x74, 0x79, 0xB9, 0x40, 0x34, 0x64, 0xED, 0x02, 0xB8, 0x10, 0xF7,
    0x0C, 0x79, 0xFD, 0x12, 0x43, 0xDA, 0x16, 0x0C, 0x71, 0x9F, 0xFD, 0x60, 0x01, 0xBC, 0x94, 0x10,
    0x43, 0x51, 0x0A, 0x64, 0xCE, 0x32, 0x24, 0xDE, 0x30, 0x60, 0x54, 0xB0, 0x0A, 0x46, 0x0E, 0x40,
    0x42, 0x02, 0x08, 0x50, 0x95, 0x5C, 0xB7, 0xF0, 0x07, 0x7A, 0xE2, 0x1B, 0x1A, 0x99, 0x3E, 0x41,
    0xF3, 0xF2, 0xF9, 0x97, 0xD0, 0xAF, 0x81, 0x09, 0x81, 0xD6, 0x18, 0x57, 0xD4, 0x9D, 0xD0, 0x6E,
    0x45, 0x27, 0xF2, 0x2B, 0x3A, 0xD2, 0x70, 0x4C, 0xAB, 0xF1, 0x98, 0xDA, 0x69, 0xA1, 0xA7, 0xF6,
    0xCA, 0x85, 0xE6, 0xB4, 0xD0, 0x8A, 0x7A, 0x0E, 0x95, 0xCA, 0x31, 0xA6, 0x4B, 0xF3, 0x42, 0x53,
    0x72, 0x63, 0x32, 0x47, 0x54, 0x62, 0x4C, 0xA8, 0x1D, 0xB3, 0x11, 0xDC, 0x52, 0x4C, 0x7E, 0x34,
    0x4A, 0x41, 0x3D, 0xD3, 0x86, 0x69, 0x33, 0x1E, 0x53, 0x3B, 0x1D, 0xD3, 0x62, 0x3E, 0xDE, 0xD7,
    0x90, 0x78, 0xE0, 0xB0, 0x33, 0x5A, 0xFC, 0xC6, 0x84, 0x85, 0x26, 0x34, 0x46, 0xF4, 0xDE, 0xC4,
    0x34, 0xE6, 0x25, 0x8C, 0x3C, 0x53, 0x2C, 0x94, 0x47, 0x21, 0x53, 0x19, 0xF9, 0x42, 0x79, 0x7A,
    0xED, 0xED, 0xED, 0x21, 0xA5, 0x12, 0xC5, 0x98, 0x12, 0x51, 0xC9, 0x42, 0x99, 0x13, 0x9A, 0x29,
    0xC5, 0xFA, 0xE8, 0xAF, 0xA1, 0xC3, 0x7F, 0x92, 0x85, 0x77, 0xF7, 0xB3, 0xFC, 0x85, 0xED, 0xA4,
    0x7E, 0x05, 0xE9, 0x4A, 0x14, 0x0F, 0xD0, 0xEA, 0xAD, 0xAB, 0x78, 0x51, 0xAD, 0x8D, 0xDB, 0x26,
    0xEA, 0x8D, 0xCB, 0xCB, 0xA4, 0x8F, 0xA7, 0xA4, 0xB3, 0x48, 0x7A, 0xCC, 0xB1, 0xDF, 0x62, 0x6C,
    0xA2, 0xFE, 0x59, 0x41, 0x0C, 0x07, 0xEB, 0x48, 0x18, 0x19, 0xA3, 0x09, 0x07, 0x0B, 0x5E, 0xDB,
    0x1F, 0x04, 0x89, 0x5A, 0xF9, 0xFE, 0x83, 0xC7, 0x81, 0x51, 0x8E, 0x03, 0x86, 0x2D, 0xC1, 0xA8,
    0xB7, 0x82, 0xB1, 0x2F, 0x4A, 0xC6, 0xC4, 0x2F, 0xED, 0xCE, 0xBB, 0xC8, 0xDA, 0xAC, 0xAB, 0x78,
    0x31, 0x76, 0xB2, 0x37, 0x2A, 0x60, 0xD6, 0xE5, 0x50, 0x8A, 0x52, 0x9E, 0x6C, 0x66, 0x2E, 0x6F,
    0x21, 0xA7, 0x97, 0xF5, 0x73, 0xB8, 0xCA, 0x6F, 0xD7, 0x17, 0x9E, 0x5D, 0xB1, 0x48, 0x9C, 0xA2,
    0x51, 0xC0, 0x66, 0xC0, 0x81, 0x0F, 0xB9, 0x22, 0x39, 0xFA, 0x14, 0x91, 0x2C, 0x39, 0xC5, 0x55,
    0x72, 0x59, 0x8B, 0x68, 0x80, 0xF5, 0xC6, 0x49, 0x22, 0xEE, 0x73, 0x27, 0x79, 0x7D, 0x2C, 0x1C,
    0x3C, 0x90, 0x8C, 0xD6, 0xB1, 0xC3, 0x64, 0xB2, 0xCE, 0x40, 0x71, 0x83, 0x71, 0xB6, 0xCE, 0x0B,
    0x16, 0x6F, 0x38, 0xC1, 0xFC, 0xDD, 0x92, 0x71, 0x32, 0x33, 0x4C, 0x87, 0x84, 0xCF, 0xBB, 0xF5,
    0x48, 0xC7, 0x44, 0x30, 0x1B, 0x62, 0x42, 0xD5, 0xC1, 0xF8, 0x84, 0xEA, 0x0B, 0x40, 0xDE, 0xA5,
    0xD4, 0x6E, 0x02, 0x8B, 0x57, 0xBB, 0x48, 0x8C, 0xA6, 0xBC, 0xD7, 0x0C, 0x39, 0xE2, 0x09, 0x5F,
    0xC8, 0xA6, 0xEC, 0x9D, 0xED, 0x1E, 0x1B, 0x09, 0x49, 0x5E, 0x7B, 0x38, 0xA2, 0x92, 0x53, 0xDB,
    0xC3, 0x72, 0x75, 0xC2, 0x58, 0x39, 0x45, 0x2B, 0xB8, 0x81, 0x42, 0xF0, 0xC1, 0x80, 0x26, 0xD4,
    0xD2, 0x69, 0x6B, 0x4B, 0xC6, 0x68, 0x9E, 0x57, 0x97, 0x46, 0x58, 0xDF, 0x1A, 0x9A, 0xBF, 0xA3,
    0x59, 0xA6, 0xC5, 0xD1, 0x85, 0xF3, 0xD5, 0x80, 0x7E, 0x13, 0x9B, 0x87, 0x62, 0x73, 0xB1, 0xA6,
    0x66, 0x9B, 0x39, 0xB6, 0xE9, 0x4D, 0x6C, 0x56, 0x9F, 0xEC, 0x7F, 0x81, 0xAD, 0x1D, 0xC0, 0xD5,
    0x75, 0xCB, 0x76, 0x06, 0xFA, 0xAD, 0xF3, 0x25, 0xF8, 0x7B, 0xFC, 0x4D, 0x2D, 0x4D, 0x2B, 0xBB,
    0xBE, 0x15, 0x5A, 0x3F, 0xC6, 0x12, 0xBE, 0x54, 0x1C, 0xA9, 0xAC, 0x13, 0xAB, 0x0B, 0x1C, 0x46,
    0x87, 0xE4, 0x27, 0x0B, 0xFE, 0xB4, 0x43, 0xF6, 0xDA, 0x82, 0xEF, 0x7B, 0x98, 0x2F, 0x2D, 0xE8,
    0x2F, 0x23, 0x4F, 0x19, 0x77, 0xB0, 0x25, 0xB8, 0x89, 0x0D, 0xC1, 0xB3, 0x01, 0xEF, 0xC5, 0x8E,
    0x60, 0x7E, 0x1D, 0x9A, 0xEB, 0x30, 0x3F, 0xC6, 0x8D, 0x35, 0x64, 0x3F, 0x9B, 0xC1, 0x6F, 0x21,
    0xB8, 0x01, 0x23, 0x78, 0x00, 0xF3, 0x75, 0xC6, 0x1E, 0xC9, 0x9B, 0x1C, 0x97, 0x47, 0xFC, 0xE1,
    0x82, 0xFC, 0x69, 0x38, 0xDE, 0x52, 0xAE, 0xE8, 0xE2, 0x49, 0xA6, 0xF0, 0x5E, 0xD3, 0xE9, 0x5D,
    0x0D, 0xEA, 0x20, 0xE4, 0xB9, 0x51, 0x30, 0x73, 0x95, 0x60, 0xD2, 0x19, 0xC7, 0x18, 0xF5, 0x89,
    0x67, 0xC4, 0x01, 0x26, 0x41, 0x1B, 0x72, 0x41, 0x2E, 0xCA, 0xDC, 0x68, 0x8B, 0xFF, 0xDB, 0xDE,
    0x7F, 0x68, 0x85, 0xFD, 0x57, 0xA0, 0x10, 0x76, 0x37, 0x80, 0x6E, 0x60, 0x76, 0x11, 0x48, 0xCA,
    0x43, 0x0E, 0x01, 0x9F, 0xC1, 0x1D, 0xA8, 0xA4, 0xE6, 0x7B, 0x08, 0x1B, 0xB2, 0x70, 0x3E, 0xB5,
    0xB0, 0x17, 0x79, 0xDC, 0x45, 0xF5, 0x52, 0x41, 0x78, 0x66, 0x31, 0xF0, 0x4C, 0xD2, 0xF2, 0xAF,
    0xB7, 0xB3, 0x34, 0x0E, 0x4D, 0x89, 0x5F, 0x5A, 0x58, 0x51, 0x83, 0xB8, 0x96, 0x88, 0x3B, 0x5B,
    0xC6, 0x23, 0x70, 0x1F, 0xD2, 0x96, 0x90, 0x7A, 0x66, 0xE6, 0x39, 0x42, 0x51, 0x32, 0xB3, 0xC9,
    0x74, 0xED, 0x0A, 0x78, 0xBF, 0x31, 0x1D, 0x7F, 0x17, 0xDC, 0x58, 0xE6, 0xCD, 0x28, 0x53, 0xF8,
    0xD4, 0x5C, 0xE6, 0x7D, 0xD2, 0xAD, 0xCA, 0x97, 0xD4, 0x2B, 0xAB, 0xBC, 0x59, 0x58, 0xBC, 0x0B,
    0x50, 0xCB, 0xCC, 0x0C, 0x7C, 0xBA, 0x8B, 0x2E, 0x14, 0xB2, 0xA5, 0x75, 0xAB, 0x2B, 0xF8, 0xC6,
    0xDD, 0x0A, 0xDB, 0xCB, 0xF5, 0x7B, 0x7D, 0x1F, 0x36, 0x25, 0xFB, 0x11, 0x9E, 0x92, 0x6B, 0xF7,
    0x36, 0xA2, 0x48, 0xEA, 0x1F, 0x42, 0x44, 0xC9, 0xAA, 0x9C, 0xA5, 0x7B, 0x80, 0xE8, 0x1D, 0x9E,
    0x67, 0x4D, 0x27, 0xB5, 0x3E, 0x1B, 0xAC, 0x6D, 0x92, 0x86, 0xD3, 0x49, 0x64, 0xF6, 0xB0, 0xAC,
    0xF4, 0x35, 0x1A, 0xA3, 0x6B, 0xE4, 0xB8, 0xE2, 0x9E, 0x93, 0xDA, 0x3A, 0xDC, 0x81, 0x84, 0xEE,
    0xC0, 0x42, 0x36, 0x00, 0xFA, 0x8F, 0x4C, 0x76, 0x80, 0xC6, 0xF3, 0xF4, 0x9C, 0x00, 0xBB, 0x90,
    0x1F, 0xD7, 0x24, 0xE9, 0xD8, 0x70, 0x8C, 0xC8, 0x3B, 0xC4, 0x1D, 0xAC, 0x67, 0x72, 0xAF, 0xF4,
    0xC7, 0x74, 0x51, 0xCF, 0x29, 0x68, 0x21, 0x79, 0x0B, 0x44, 0x0B, 0x79, 0x93, 0xE6, 0xD5, 0x93,
    0x48, 0xAA, 0xA5, 0xA2, 0x6D, 0xB1, 0x90, 0xD8, 0xC1, 0x38, 0x16, 0x3F, 0x05, 0x93, 0xC2, 0xE1,
    0x56, 0x20, 0xAF, 0xC3, 0xCD, 0xF5, 0xBC, 0x0C, 0xA4, 0x40, 0x20, 0x5B, 0x2B, 0xB2, 0x19, 0x08,
    0xC7, 0xC6, 0x6D, 0xDC, 0x0F, 0x0F, 0x0E, 0x20, 0x9A, 0x59, 0xFB, 0xBC, 0x7F, 0x3A, 0xA5, 0x6F,
    0xEA, 0x25, 0x6A, 0x4E, 0x23, 0xC0, 0x72, 0x3E, 0x53, 0x74, 0x7A, 0x5D, 0x52, 0x67, 0xA5, 0x94,
    0xA6, 0xD7, 0xE7, 0x92, 0x90, 0x4C, 0x24, 0x9B, 0x8C, 0x90, 0x94, 0xD0, 0x28, 0xE4, 0xA5, 0x40,
    0xE6, 0x04, 0xD2, 0x8F, 0x81, 0x4C, 0xC1, 0xD4, 0x02, 0x05, 0x18, 0xB6, 0x26, 0xC9, 0x23, 0x95,
    0x87, 0xA4, 0x96, 0x52, 0xE0, 0xDB, 0x0C, 0x9B, 0x45, 0xEA, 0x18, 0xCC, 0xA3, 0x1D, 0x43, 0xEA,
    0x7A, 0x86, 0xB8, 0xDB, 0x61, 0x58, 0x8E, 0x11, 0x38, 0x30, 0xEA, 0x45, 0x5D, 0xE7, 0x49, 0xC7,
    0x90, 0x3D, 0xE7, 0x19, 0x92, 0xF6, 0x80, 0x21, 0xF6, 0xCF, 0x4A, 0x86, 0x21, 0x12, 0xA8, 0xC8,
    0x35, 0x44, 0xD7, 0xB8, 0xFE, 0x20, 0xDE, 0x6A, 0xA9, 0x48, 0xF6, 0xA5, 0x4C, 0x59, 0x4C, 0x33,
    0x2B, 0x5A, 0x52, 0xCC, 0xA9, 0x16, 0x34, 0xE4, 0xFE, 0x1A, 0xAC, 0xC3, 0xFE, 0xA5, 0x60, 0x11,
    0xFC, 0x54, 0x23, 0xE3, 0xF4, 0x1B, 0xD4, 0x85, 0x06, 0x1F, 0xDD, 0xFB, 0xAE, 0x60, 0x42, 0x23,
    0x68, 0xC8, 0xE9, 0x15, 0x1A, 0x16, 0x4C, 0xA9, 0xAB, 0xEA, 0x05, 0x63, 0x1A, 0x26, 0x8D, 0x83,
    0x7A, 0x41, 0x7B, 0xEC, 0xBF, 0x15, 0xCC, 0xC2, 0xF7, 0x39, 0x4D, 0x82, 0x17, 0x1A, 0x62, 0x8C,
    0xC6, 0x82, 0xDC, 0x29, 0x1A, 0xCE, 0x4C, 0xCB, 0x0E, 0x44, 0x43, 0xB5, 0xF8, 0x9D, 0x04, 0xDD,
    0x99, 0xF5, 0xEC, 0xFA, 0xD5, 0x80, 0xB4, 0xAB, 0x58, 0x4C, 0x8A, 0x11, 0x75, 0x4A, 0x32, 0xAF,
    0x98, 0xB6, 0x8A, 0xC6, 0x01, 0xAC, 0xD7, 0x7E, 0x1D, 0xF4, 0x6A, 0x4F, 0xF4, 0x8A, 0x24, 0x4E,
    0xED, 0xA7, 0x08, 0x29, 0xE8, 0x18, 0xE3, 0x80, 0xC9, 0x87, 0x1A, 0x77, 0xFA, 0x3F, 0x14, 0xCD,
    0xF7, 0x03, 0x7E, 0x53, 0x7F, 0x2F, 0x8C, 0xA2, 0xCD, 0xD5, 0xCF, 0xB3, 0xD5, 0xC4, 0x38, 0x11,
    0xF5, 0x41, 0xAF, 0x32, 0x20, 0xB0, 0xFE, 0xF7, 0x5B, 0xE4, 0x04, 0x5F, 0x0B, 0xBA, 0x7E, 0x8D,
    0xBC, 0x60, 0x44, 0x23, 0xE3, 0x8C, 0x46, 0xFD, 0xE8, 0x79, 0x94, 0x3A, 0xAC, 0x5E, 0xD3, 0x91,
    0x2B, 0x36, 0x8F, 0x94, 0xE6, 0x32, 0xA1, 0x09, 0xE1, 0x79, 0x83, 0x13, 0xCC, 0xC8, 0xC1, 0x94,
    0x41, 0x1D, 0x05, 0x6C, 0x05, 0x7C, 0x36, 0xE0, 0x88, 0x1B, 0x6E, 0x19, 0x5F, 0x07, 0x20, 0x1B,
    0xB7, 0x52, 0xBF, 0xDD, 0xC1, 0x5C, 0xD9, 0x89, 0x7C, 0xC6, 0xA9, 0xE1, 0x00, 0x5D, 0xD6, 0xC3,
    0x2E, 0x88, 0xD3, 0x03, 0x7E, 0xDF, 0x55, 0x25, 0x4E, 0xEF, 0xE0, 0x5D, 0x57, 0x0C, 0x38, 0xBD,
    0x85, 0xEF, 0xBB, 0x94, 0xEA, 0xD3, 0x45, 0xFC, 0x0D, 0x87, 0xCA, 0x9F, 0x36, 0x8F, 0xFD, 0xBA,
    0x43, 0xDA, 0x9F, 0x36, 0x5F, 0xCF, 0xDC, 0x7D, 0x18, 0x4E, 0xA7, 0x7F, 0x9C, 0xB9, 0x17, 0x17,
    0x4C, 0xFE, 0x67, 0xE6, 0x06, 0xF4, 0xA7, 0xE3, 0x21, 0x73, 0x17, 0xD2, 0x6E, 0xBB, 0xEE, 0x8B,
    0x2B, 0x67, 0xA8, 0xDC, 0xAB, 0x2F, 0x7E, 0xFE, 0xBB, 0x27, 0x33, 0x95, 0xB6, 0x89, 0x0C, 0x95,
    0xB8, 0xD6, 0xEC, 0x3F, 0x71, 0x6D, 0xFF, 0xD7, 0x26, 0xA0, 0xDB, 0x4A, 0x1E, 0xF5, 0x49, 0xD9,
    0x03, 0xED, 0x56, 0xF2, 0xBC, 0x32, 0x6C, 0x49, 0xA1, 0xF4, 0x11, 0xB6, 0x94, 0x74, 0x81, 0xD1,
    0x80, 0x9B, 0xEF, 0xA7, 0xEC, 0xA2, 0x32, 0xD7, 0xA3, 0x13, 0x16, 0x33, 0x8B, 0x9A, 0xDD, 0x33,
    0xD7, 0xF6, 0x5F, 0x9B, 0x2F, 0x75, 0xF1, 0xDE, 0xC5, 0xCF, 0xEF, 0xED, 0xFD, 0xF3, 0xE5, 0xA6,
    0x11, 0x47, 0xE5, 0x11, 0x93, 0x04, 0x35, 0x20, 0x39, 0x92, 0x98, 0x46, 0x64, 0x5E, 0x42, 0x9A,
    0x60, 0xBC, 0x78, 0x3D, 0xC4, 0xBD, 0x4A, 0xBE, 0x8D, 0x5F, 0x55, 0xF2, 0xCD, 0xFA, 0xFF, 0x13,
    0xB2, 0x48, 0xF3, 0xEF, 0x94, 0x7C, 0xAD, 0x7D, 0x3D, 0x90, 0xB7, 0x5F, 0x51, 0xF2, 0xDC, 0x4F,
    0x1F, 0x55, 0x52, 0x7F, 0x18, 0x07, 0x72, 0xB8, 0x10, 0x0E, 0xA4, 0xDB, 0xCC, 0x8E, 0xC0, 0x71,
    0x5C, 0x7C, 0xE0, 0xF4, 0x1E, 0xD6, 0xB6, 0x7B, 0x03, 0xDA, 0x2B, 0x8A, 0x19, 0x95, 0x4A, 0xAA,
    0x41, 0x31, 0x1E, 0x15, 0xA3, 0x5E, 0x31, 0xF1, 0x32, 0xF6, 0xDA, 0x94, 0xC8, 0x85, 0xC7, 0x32,
    0x6E, 0x9B, 0xE6, 0xD2, 0xBC, 0xC7, 0x03, 0xA8, 0x47, 0xFE, 0x65, 0xAF, 0x37, 0xAA, 0x8C, 0x4E,
    0xD2, 0x2D, 0x99, 0x35, 0x23, 0x0E, 0x8A, 0x5A, 0x2E, 0x6F, 0x47, 0x5B, 0x02, 0x76, 0xE6, 0xFA,
    0x18, 0x28, 0x28, 0xF1, 0x87, 0xB2, 0x86, 0x27, 0xDD, 0x24, 0x69, 0xF8, 0x1B, 0x6E, 0x94, 0x28,
    0x7E, 0xF0, 0xCA, 0x20, 0xAB, 0xD0, 0x7B, 0xF2, 0x90, 0x31, 0x21, 0xE2, 0x76, 0x11, 0xD3, 0x9C,
    0x75, 0x32, 0x45, 0x47, 0x76, 0x0F, 0xD0, 0xA8, 0xD9, 0xBD, 0x19, 0x8B, 0x70, 0x4B, 0xDB, 0x42,
    0x70, 0x52, 0x2C, 0xE6, 0x0B, 0x82, 0x86, 0x0E, 0x04, 0x73, 0x1A, 0x05, 0x2D, 0xF5, 0x01, 0xBD,
    0x60, 0x13, 0xF0, 0x88, 0x5A, 0xED, 0x2C, 0x39, 0xED, 0x6C, 0xC0, 0x36, 0xA8, 0xE3, 0x14, 0x4D,
    0xAD, 0x98, 0x97, 0x8A, 0x16, 0xEB, 0x9B, 0x2C, 0x5E, 0x34, 0x89, 0x9D, 0x6F, 0x39, 0x7F, 0xFE,
    0x2B, 0x47, 0x1C, 0x44, 0xC2, 0xD9, 0x1A, 0x92, 0xBA, 0x61, 0xF8, 0x44, 0xA1, 0x90, 0xE5, 0x7F,
    0x43, 0x9C, 0x0D, 0x39, 0x37, 0xEB, 0x37, 0xA5, 0x31, 0x8E, 0x35, 0xD3, 0x1D, 0xA5, 0x2E, 0x90,
    0xF2, 0x0D, 0x3B, 0xB2, 0x63, 0x5F, 0xB0, 0x0E, 0xBA, 0xA3, 0xE3, 0x1D, 0xCD, 0x73, 0xEC, 0x2B,
    0x97, 0x1D, 0x37, 0x25, 0xC0, 0x03, 0x53, 0xCA, 0x8E, 0x6B, 0x8D, 0x0E, 0x6B, 0x8D, 0xB6, 0xC7,
    0x3B, 0x56, 0x1C, 0xE1, 0xA8, 0x16, 0x6C, 0xCB, 0x75, 0x1B, 0xB1, 0x45, 0x44, 0x7B, 0x97, 0x06,
    0x44, 0xBC, 0x58, 0xF3, 0x18, 0xB0, 0x25, 0x22, 0x1F, 0x4D, 0xAB, 0xFB, 0x4E, 0xAB, 0xD5, 0xF5,
    0x90, 0x4D, 0x3C, 0x9D, 0x3F, 0x5F, 0x4A, 0xE7, 0x3B, 0xD8, 0xEB, 0x6C, 0xC9, 0x07, 0x8C, 0x72,
    0x40, 0x27, 0x82, 0x97, 0x72, 0xC0, 0xC9, 0xFD, 0xAE, 0xAA, 0x96, 0x1A, 0xFE, 0xE4, 0xBA, 0x4E,
    0xDF, 0x2C, 0x88, 0xBE, 0x22, 0x7F, 0x20, 0xA3, 0xEE, 0xE4, 0x5D, 0x09, 0x0A, 0x0F, 0x4D, 0x4F,
    0x39, 0xB6, 0xB9, 0x58, 0xDB, 0x8A, 0xED, 0x78, 0x2C, 0x58, 0x0F, 0x50, 0x2F, 0xF7, 0x34, 0xBB,
    0x5C, 0x9E, 0xED, 0xA5, 0x74, 0x4D, 0x6E, 0xAE, 0x12, 0xBB, 0x39, 0x25, 0x35, 0xF5, 0xFA, 0x43,
    0xD4, 0xDD, 0x50, 0x62, 0xCF, 0xFA, 0x18, 0x77, 0x5F, 0x5E, 0x27, 0x99, 0xA5, 0x39, 0xFE, 0x70,
    0x06, 0x4D, 0xF9, 0x48, 0x4B, 0xBA, 0xC8, 0xE5, 0x54, 0x1B, 0xAA, 0xC1, 0x7F, 0x14, 0x54, 0x32,
    0xB6, 0x8C, 0x1C, 0xA5, 0x25, 0xDC, 0x04, 0x4B, 0xC1, 0x42, 0xB1, 0x2D, 0xC2, 0xF1, 0xEC, 0x8F,
    0x31, 0x63, 0x2C, 0xA8, 0x4C, 0xA4, 0x1D, 0xBD, 0xD9, 0x0B, 0xD2, 0xFB, 0xB1, 0x09, 0x79, 0x3C,
    0xAE, 0xC7, 0x9C, 0x3B, 0x88, 0x9A, 0x8E, 0xAF, 0x3D, 0x0E, 0x90, 0x76, 0xB6, 0x8C, 0xFA, 0x43,
    0x24, 0x1D, 0x5F, 0x72, 0x56, 0xBB, 0x49, 0x5B, 0xE0, 0x49, 0x5F, 0x11, 0xEF, 0x47, 0xEB, 0xE8,
    0xF2, 0x8F, 0xC1, 0x66, 0xC1, 0x42, 0xB1, 0x15, 0x7C, 0xE7, 0x37, 0xDA, 0xE2, 0xFC, 0xBE, 0x5F,
    0xFC, 0xB6, 0x8B, 0x5F, 0xCF, 0xED, 0x6C, 0x21, 0x5A, 0xDA, 0x5B, 0xDA, 0xED, 0xD1, 0xFF, 0xB6,
    0xF6, 0xE5, 0x22, 0x2C, 0xA9, 0x26, 0x34, 0x48, 0x9C, 0x09, 0x79, 0x89, 0x3B, 0xA3, 0x56, 0xFA,
    0xB1, 0xEA, 0x57, 0xBE, 0xA6, 0x13, 0xFF, 0x68, 0x7F, 0x31, 0x9D, 0xDA, 0x95, 0xAE, 0xAB, 0xE3,
    0x57, 0xBA, 0x07, 0xFF, 0xDA, 0x5E, 0x35, 0x49, 0xDB, 0x11, 0xC7, 0x60, 0xE9, 0x5B, 0x72, 0x07,
    0x29, 0x95, 0x61, 0xBB, 0x7E, 0x49, 0xB1, 0xFE, 0x46, 0x90, 0x56, 0xB9, 0xB7, 0x8B, 0xB5, 0xE7,
    0x7F, 0x73, 0x57, 0xC6, 0xC4, 0x08, 0xF0, 0x84, 0x15, 0x2E, 0x23, 0x30, 0x16, 0x0B, 0xB5, 0x93,
    0xD8, 0xF1, 0x24, 0x09, 0x26, 0xDD, 0x49, 0x0E, 0xD8, 0x3C, 0x79, 0xE6, 0x63, 0x69, 0x80, 0xB8,
    0x28, 0x11, 0xFD, 0xA5, 0x84, 0x02, 0x90, 0xFE, 0x22, 0xD6, 0xF4, 0x27, 0x36, 0x5B, 0xB7, 0xFE,
    0xC4, 0x1A, 0xB5, 0xDA, 0x40, 0x8B, 0x3F, 0x92, 0x57, 0x20, 0xA8, 0x84, 0x2D, 0x7F, 0x75, 0xB1,
    0x95, 0xCC, 0x9B, 0x91, 0x2D, 0x37, 0x59, 0xD5, 0x79, 0xBD, 0x58, 0x19, 0xCD, 0x77, 0x7F, 0xAF,
    0x5C, 0xAD, 0xBB, 0x15, 0x9F, 0xDC, 0xF1, 0x57, 0x9A, 0x89, 0x4F, 0x47, 0x4E, 0x37, 0xF8, 0x57,
    0xDC, 0xFC, 0x9F, 0x25, 0xDC, 0xBD, 0xD7, 0x10, 0xF5, 0x85, 0xDC, 0x75, 0xA1, 0xC1, 0x2E, 0xF8,
    0x04, 0xD1, 0xB9, 0x33, 0x34, 0x8B, 0xD6, 0xB1, 0x16, 0x2D, 0x0B, 0x42, 0x30, 0x19, 0x15, 0x8D,
    0x57, 0x2C, 0x9C, 0x62, 0x53, 0x0A, 0x46, 0x13, 0x04, 0xD3, 0x5E, 0x31, 0x6F, 0x15, 0xAD, 0x53,
    0x24, 0x2F, 0xF8, 0x21, 0xF5, 0x82, 0x44, 0x63, 0xC0, 0x59, 0x70, 0xB2, 0x54, 0xEA, 0x71, 0xE4,
    0x04, 0x0D, 0x75, 0x82, 0x29, 0x79, 0xC1, 0x98, 0x42, 0xFB, 0x34, 0x29, 0x56, 0xA4, 0x68, 0x57,
    0x45, 0xE8, 0x71, 0x91, 0xD3, 0xE3, 0x14, 0xF1, 0x5C, 0x9A, 0xA5, 0x5F, 0x20, 0xEA, 0x04, 0xCF,
    0x88, 0xC7, 0x53, 0xA1, 0x08, 0x6C, 0x26, 0x81, 0x88, 0x48, 0x30, 0xF1, 0x79, 0x2D, 0xD8, 0x1A,
    0xB7, 0x8E, 0xFA, 0xBD, 0xEE, 0xB7, 0x7E, 0x1C, 0x68, 0x0E, 0x48, 0x02, 0xAB, 0x77, 0x71, 0x92,
    0x9F, 0x53, 0xCD, 0x98, 0xFE, 0x34, 0x3C, 0x0B, 0x7B, 0x43, 0xC7, 0x87, 0x79, 0x85, 0x3A, 0xCD,
    0xA2, 0x61, 0xA4, 0x94, 0xD4, 0x0B, 0xA2, 0x09, 0xB7, 0xAD, 0xAA, 0x91, 0x71, 0x82, 0x9D, 0x18,
    0x47, 0x14, 0xE1, 0xA5, 0xBE, 0x9C, 0x31, 0xE9, 0xB5, 0xD8, 0x4E, 0x3F, 0xD0, 0xF7, 0x32, 0x32,
    0x22, 0x62, 0x34, 0x8C, 0x1D, 0xBB, 0x45, 0x2C, 0xF3, 0xB2, 0xD6, 0x7C, 0x62, 0xB5, 0x20, 0x47,
    0x13, 0x6E, 0x3A, 0xCF, 0x90, 0x39, 0x14, 0xE9, 0x85, 0x1E, 0x12, 0xC5, 0x52, 0x0A, 0xF7, 0x86,
    0x5A, 0xA2, 0x11, 0x39, 0xD1, 0xB4, 0x42, 0xAC, 0x6F, 0xA7, 0xAF, 0xEE, 0xFD, 0xA1, 0x24, 0xF1,
    0x2B, 0xEA, 0x0F, 0xBF, 0x03, 0x24, 0x5F, 0x6F, 0x81, 0xB8, 0xFE, 0x0C, 0x3E, 0x9D, 0x78, 0xE0,
    0x1E, 0x3C, 0x84, 0x87, 0x93, 0x01, 0xB8, 0xB8, 0x10, 0xBF, 0x90, 0xB8, 0xC4, 0xD3, 0x71, 0x9B,
    0x8C, 0xB8, 0x0D, 0x78, 0x21, 0x73, 0xC9, 0x80, 0x5B, 0x01, 0x6F, 0xCA, 0xB4, 0xC7, 0x7D, 0x88,
    0x3A, 0x8B, 0xCC, 0x2F, 0x24, 0x69, 0x0F, 0x61, 0x1C, 0xDF, 0xA7, 0x77, 0x13, 0x2C, 0x16, 0x92,
    0x3F, 0x3A, 0xE2, 0x32, 0x93, 0x0B, 0xC9, 0xF8, 0x0F, 0x6A, 0xE0, 0xBE, 0x68, 0xC8, 0x7E, 0xF6,
    0x61, 0x09, 0xDC, 0x95, 0xB7, 0xC6, 0x47, 0x9C, 0xD2, 0x8F, 0x50, 0x78, 0x88, 0x64, 0xB0, 0x2D,
    0x34, 0xD2, 0xC6, 0x81, 0x84, 0x10, 0x93, 0x53, 0x35, 0x62, 0x5E, 0xD4, 0x60, 0x3D, 0x12, 0x3A,
    0xB5, 0x90, 0xC6, 0x23, 0x9B, 0xEE, 0x49, 0x08, 0xE4, 0x61, 0x86, 0xA7, 0x93, 0x09, 0xD4, 0xC2,
    0x7A, 0x97, 0x8D, 0xE8, 0x81, 0xEA, 0xE5, 0xD2, 0x70, 0x69, 0x07, 0x7A, 0x14, 0x45, 0x8B, 0xA7,
    0x91, 0x8C, 0x09, 0xAA, 0x12, 0x0F, 0x20, 0xEF, 0xE2, 0x47, 0x26, 0x20, 0xE5, 0xB7, 0x32, 0xDF,
    0xED, 0xE4, 0x35, 0x27, 0xF0, 0xBD, 0x80, 0xF5, 0x2D, 0x0F, 0xC3, 0xA8, 0x64, 0x28, 0xE4, 0xA4,
    0xFF, 0x93, 0xC1, 0xB2, 0x3A, 0xE4, 0x8B, 0x9F, 0x01, 0x67, 0x8D, 0x37, 0x33, 0xA2, 0x21, 0xF7,
    0xF1, 0x2E, 0x52, 0xBD, 0xD7, 0x6E, 0x5A, 0x33, 0x40, 0x66, 0xBC, 0xBE, 0x94, 0x99, 0x32, 0xD8,
    0x32, 0x09, 0x30, 0x9D, 0xFC, 0x55, 0x1D, 0x43, 0x2F, 0x60, 0x3A, 0x86, 0xBA, 0x2A, 0x19, 0x5E,
    0xB9, 0x02, 0x06, 0xA7, 0x62, 0x74, 0x0A, 0x5E, 0x20, 0x1F, 0xD7, 0x1F, 0x9F, 0x24, 0x12, 0x96,
    0x8E, 0x8C, 0x1C, 0x68, 0x68, 0x37, 0x1A, 0x16, 0xA6, 0x43, 0x28, 0x0E, 0x53, 0xB0, 0x20, 0x3D,
    0xF4, 0xCE, 0x93, 0xF4, 0x99, 0x4A, 0xC6, 0xA9, 0xFE, 0x7D, 0xE3, 0x10, 0x0D, 0x88, 0x7B, 0xA4,
    0x0E, 0xD8, 0x81, 0x59, 0xAC, 0x45, 0xC1, 0xB6, 0xB4, 0x6C, 0x5D, 0x25, 0xB6, 0x61, 0xDB, 0xD2,
    0xD5, 0xBD, 0xBD, 0xA6, 0x23, 0xDE, 0x3A, 0x6D, 0x57, 0x6D, 0xB3, 0x66, 0x6D, 0xB0, 0xDC, 0x4E,
    0xBE, 0x58, 0x23, 0x05, 0xD7, 0x26, 0xB8, 0x97, 0x3C, 0x6A, 0xCB, 0x33, 0x9D, 0xC4, 0x07, 0x00,
    0xFF, 0x54, 0x26, 0x6C, 0xB4, 0x27, 0xAF, 0x04, 0x3B, 0xBE, 0x9E, 0x6F, 0x61, 0x86, 0xC5, 0x58,
    0x9F, 0x39, 0x50, 0x6B, 0x5C, 0x42, 0xCE, 0x96, 0x19, 0x95, 0x2F, 0xA1, 0xA0, 0xB8, 0xC7, 0xF6,
    0x94, 0xD7, 0x78, 0x72, 0x1A, 0x50, 0xE7, 0x13, 0x12, 0xE4, 0x1E, 0xB7, 0xC3, 0x78, 0x3C, 0xB4,
    0x98, 0xC8, 0x21, 0xF5, 0xA7, 0x81, 0xE8, 0xE8, 0xC5, 0xE3, 0x9E, 0x86, 0x33, 0x1A, 0xD2, 0x03,
    0x9A, 0xFA, 0x1E, 0x80, 0x27, 0xC8, 0x29, 0xCD, 0xE1, 0x8F, 0x71, 0xBB, 0x5D, 0x1A, 0x97, 0xDC,
    0xB7, 0xDB, 0xA3, 0x9A, 0xC3, 0x7E, 0x40, 0xFE, 0xAA, 0x1F, 0x8A, 0xC1, 0xF0, 0x45, 0x85, 0xBB,
    0xF8, 0xB8, 0xBC, 0x4E, 0x2F, 0xF2, 0x71, 0xFF, 0x5D, 0x73, 0xC2, 0x8F, 0x6B, 0x3E, 0xDA, 0xFF,
    0xB3, 0xA7, 0x00, 0xE8, 0x9B, 0x53, 0x89, 0x68, 0x0D, 0x33, 0x0A, 0x14, 0x1E, 0x77, 0xB3, 0xAB,
    0x2E, 0xBA, 0xB2, 0x1C, 0x56, 0xB9, 0xB4, 0xBE, 0x8F, 0x25, 0xBA, 0x83, 0x43, 0xA2, 0xF2, 0x1E,
    0xDC, 0xCA, 0xF0, 0x00, 0xFF, 0xD5, 0xE0, 0x7E, 0xDC, 0x0F, 0x54, 0x8B, 0x79, 0x08, 0xB0, 0xB8,
    0x0F, 0xBB, 0x40, 0x51, 0x82, 0x03, 0x32, 0x35, 0x4E, 0xEB, 0x6A, 0xF5, 0x8C, 0x3C, 0xAD, 0xFD,
    0xCD, 0xF2, 0xBA, 0xE7, 0x7F, 0xE7, 0x03, 0x46, 0x0D, 0xCD, 0x88, 0x99, 0xE5, 0x4B, 0x9A, 0xBF,
    0xB6, 0xCF, 0x5F, 0x75, 0xE1, 0x29, 0x15, 0xD2, 0x92, 0x0B, 0x26, 0x0F, 0x9E, 0xCE, 0x75, 0x10,
    0xE7, 0x69, 0x5C, 0xE4, 0x18, 0x00, 0x38, 0xBC, 0x80, 0x87, 0x99, 0xC4, 0x58, 0x98, 0x0F, 0xCC,
    0x4B, 0x8D, 0xA9, 0x93, 0xDB, 0xE9, 0x7A, 0x1B, 0xFB, 0xA2, 0xD6, 0xEF, 0x92, 0xAE, 0x82, 0x32,
    0xE3, 0x28, 0xAA, 0x85, 0x15, 0xCF, 0xCF, 0x69, 0x2B, 0xEC, 0x42, 0x32, 0xC9, 0x21, 0xB7, 0xC4,
    0x43, 0x36, 0x16, 0xE2, 0xEF, 0xBD, 0xDA, 0x8C, 0x3B, 0xD0, 0x6D, 0x7B, 0xEE, 0x95, 0xDC, 0xDB,
    0xF8, 0x17, 0x85, 0x44, 0x6D, 0xE3, 0x3D, 0xC7, 0xD9, 0x9D, 0x02, 0xBD, 0xCE, 0x2C, 0x1F, 0x6E,
    0x8D, 0xE9, 0xD5, 0x6E, 0xF5, 0xC4, 0xF7, 0xD7, 0x4A, 0x66, 0x03, 0xB2, 0x39, 0x4C, 0x88, 0x30,
    0x0B, 0x38, 0x6E, 0x2B, 0xDE, 0x58, 0xC1, 0xA6, 0x15, 0x76, 0xCF, 0x6A, 0xCA, 0xE2, 0x34, 0xB2,
    0x21, 0xC8, 0xF3, 0xC3, 0xA6, 0x06, 0xAE, 0x7F, 0x28, 0x5E, 0x91, 0x14, 0x94, 0x62, 0x3F, 0x4B,
    0xF4, 0x8E, 0x66, 0xD0, 0xBF, 0xA1, 0x3D, 0x7F, 0xBE, 0x22, 0x29, 0x40, 0xD5, 0xFE, 0x62, 0x47,
    0xFD, 0x8E, 0xD8, 0x97, 0xC4, 0x1E, 0x8A, 0xAD, 0xD4, 0x96, 0x62, 0xAF, 0xEE, 0x35, 0xD4, 0x4A,
    0x6D, 0x3F, 0xAB, 0xC5, 0x8D, 0xB6, 0x14, 0x88, 0x5D, 0xE0, 0xF8, 0x3C, 0x90, 0x95, 0x81, 0xE3,
    0x5F, 0x03, 0x7F, 0x7F, 0xC5, 0xE3, 0xDF, 0x41, 0xF4, 0x6F, 0x02, 0xC7, 0x6D, 0xCF, 0xE0, 0xD4,
    0xC3, 0x81, 0xE3, 0x2E, 0xCF, 0xFF, 0xC2, 0xF6, 0x5B, 0x2D, 0x7E, 0xAB, 0x0B, 0x1C, 0xDF, 0x77,
    0xD1, 0x37, 0x5C, 0xE0, 0x89, 0x29, 0x93, 0x7C, 0xE5, 0xF9, 0x76, 0x8B, 0xDB, 0x2B, 0x26, 0x22,
    0xFD, 0x21, 0xEE, 0x9B, 0x02, 0xC7, 0x53, 0x23, 0xFE, 0xE1, 0x18, 0x78, 0xF4, 0xEA, 0x80, 0x6F,
    0xF4, 0xAB, 0xE3, 0xD3, 0x3E, 0x31, 0x7E, 0xD5, 0xBE, 0xF1, 0xB7, 0xD9, 0x76, 0xD5, 0x7E, 0xD1,
    0xDE, 0x55, 0xAD, 0x9A, 0xB9, 0xCF, 0xBA, 0x87, 0x68, 0xD5, 0x8C, 0x6B, 0xEA, 0xE7, 0x29, 0xF0,
    0xB8, 0xA4, 0xE8, 0x6B, 0x2B, 0x01, 0x4E, 0x45, 0x94, 0x64, 0xD2, 0x4C, 0xB9, 0x04, 0x93, 0x4C,
    0xB7, 0x98, 0x21, 0xD4, 0x62, 0xF7, 0xA5, 0xE3, 0xAD, 0x79, 0x1F, 0x5E, 0x5B, 0x7B, 0x2A, 0x1B,
    0xEE, 0x2B, 0xBC, 0x8E, 0xA2, 0xA8, 0x36, 0xFD, 0x53, 0xD2, 0xA6, 0xED, 0x91, 0xC0, 0x78, 0x67,
    0xDD, 0xAD, 0xD0, 0x9B, 0xC1, 0xE6, 0x47, 0xA5, 0xAD, 0xEF, 0x93, 0xE1, 0xF4, 0x45, 0x98, 0x3F,
    0x85, 0x2D, 0x77, 0x81, 0x07, 0x80, 0x16, 0xE6, 0xCF, 0x61, 0x39, 0x25, 0x7C, 0x1A, 0xA9, 0x54,
    0x76, 0xC5, 0x6D, 0x1C, 0xCA, 0xB7, 0x5E, 0x04, 0xB2, 0x16, 0xE6, 0x99, 0x55, 0x56, 0x8D, 0x8E,
    0x27, 0xE5, 0xA9, 0xEF, 0x02, 0xA8, 0xDE, 0x2C, 0x11, 0x53, 0xE4, 0x60, 0xC6, 0xC5, 0xD8, 0x3E,
    0x6A, 0x41, 0x5D, 0xC4, 0xD9, 0x2C, 0x76, 0x19, 0xD5, 0x49, 0x5D, 0x10, 0x52, 0x6C, 0x4F, 0xB8,
    0xE3, 0x53, 0x4F, 0x8E, 0xB8, 0xE7, 0xFE, 0x7C, 0xC0, 0xC3, 0x4F, 0xE5, 0x3E, 0x7B, 0xBF, 0x36,
    0x3E, 0xFF, 0x33, 0x98, 0xCE, 0x5C, 0x41, 0xDA, 0x7D, 0x0E, 0x88, 0x3E, 0xE8, 0x42, 0x0B, 0x9F,
    0x96, 0x93, 0x7C, 0x16, 0xE0, 0xF4, 0xB8, 0xD8, 0x6B, 0x4B, 0xC4, 0x48, 0xA9, 0xB7, 0xED, 0x62,
    0x07, 0xDB, 0x2F, 0x76, 0xB4, 0x33, 0xDB, 0x82, 0xEA, 0x84, 0x46, 0x43, 0x5D, 0x44, 0x43, 0xC2,
    0xD5, 0xD3, 0x39, 0xD0, 0x8C, 0x4D, 0x80, 0xC8, 0x1D, 0xC8, 0xBB, 0xAD, 0x3D, 0xD2, 0x37, 0x68,
    0xF2, 0x3C, 0x79, 0x69, 0xB1, 0xB5, 0xA5, 0x0E, 0x79, 0x6D, 0x16, 0x5E, 0x38, 0x79, 0xC8, 0xD7,
    0xA2, 0xA1, 0x32, 0xF7, 0xBC, 0xE8, 0x99, 0x01, 0x19, 0x79, 0xC3, 0x45, 0xA3, 0xCF, 0xB8, 0xBC,
    0xEE, 0x79, 0x12, 0xE6, 0x7D, 0xB5, 0xD8, 0x54, 0x6C, 0xEC, 0xE5, 0x26, 0x97, 0x0E, 0x9A, 0xF2,
    0x73, 0x02, 0x67, 0xC5, 0x16, 0x57, 0xF7, 0xBE, 0x07, 0xB9, 0x74, 0xAC, 0xD7, 0x2E, 0x23, 0xBD,
    0xD8, 0x1E, 0x85, 0xD8, 0x6C, 0xB1, 0x6B, 0xAF, 0x43, 0x44, 0x62, 0xF1, 0xF1, 0xB6, 0xBF, 0x81,
    0xBD, 0x7B, 0x6F, 0xEF, 0xD2, 0x5C, 0xB2, 0x4F, 0xAA, 0xED, 0x9A, 0xAD, 0xC4, 0x36, 0x62, 0x49,
    0xAC, 0xBC, 0x24, 0xE8, 0x01, 0xCC, 0xDF, 0x43, 0x44, 0x54, 0x2F, 0x1F, 0xB7, 0xFA, 0x80, 0x3F,
    0x95, 0x94, 0x5F, 0x0E, 0xC8, 0x7E, 0x81, 0x8F, 0xE9, 0x4E, 0xEF, 0x91, 0xCF, 0xA5, 0xDA, 0x9E,
    0x47, 0x4B, 0xC3, 0x64, 0xA9, 0x3F, 0xAC, 0xC8, 0xDB, 0x86, 0xDC, 0x17, 0x42, 0x8E, 0x02, 0x36,
    0xD8, 0x54, 0xCB, 0xC3, 0xD1, 0xEF, 0x72, 0x40, 0x53, 0xF3, 0x57, 0x8D, 0x7C, 0x57, 0xB0, 0x61,
    0x21, 0xE4, 0x5A, 0x99, 0x8D, 0x71, 0x7F, 0x77, 0xA6, 0x94, 0x97, 0x07, 0x64, 0xAB, 0x5A, 0x80,
    0x7A, 0x44, 0x34, 0xF0, 0x47, 0x38, 0x8A, 0x5D, 0xAC, 0x6F, 0x77, 0x9E, 0x3F, 0x87, 0x8A, 0x06,
    0xF9, 0xC4, 0xB2, 0xCF, 0xDF, 0xE6, 0x33, 0xCA, 0xAD, 0xC9, 0x8A, 0xC8, 0xF3, 0x07, 0x37, 0xB8,
    0x70, 0xC7, 0xDA, 0xA3, 0x52, 0x2D, 0x5F, 0xA8, 0x13, 0x1A, 0x6E, 0x6C, 0xE0, 0x74, 0x19, 0x91,
    0x6C, 0xDC, 0x95, 0x44, 0x69, 0xBD, 0x50, 0xA3, 0xD4, 0xA1, 0x28, 0x73, 0xDA, 0xD5, 0xA5, 0xDE,
    0x96, 0xBA, 0x26, 0x54, 0x3E, 0x22, 0x58, 0xA7, 0x83, 0x6B, 0x5B, 0x52, 0x2B, 0x42, 0x51, 0xF4,
    0xAC, 0x50, 0xB0, 0xE0, 0x07, 0x2B, 0x3A, 0xAC, 0x68, 0x43, 0xFE, 0x84, 0x3A, 0xBC, 0xA4, 0x94,
    0x83, 0xBB, 0x10, 0xE8, 0x2E, 0x56, 0xCE, 0x06, 0x20, 0x34, 0x91, 0xF5, 0x4C, 0x07, 0x6D, 0x58,
    0x3A, 0xF1, 0x1D, 0xE0, 0x09, 0xE9, 0x46, 0x08, 0xB2, 0xE5, 0x40, 0x56, 0xA1, 0x03, 0x91, 0xD2,
    0xB5, 0x6E, 0x5E, 0xD7, 0xF9, 0x75, 0x49, 0x70, 0x3A, 0x08, 0xB5, 0xBE, 0x59, 0x9A, 0xE5, 0x09,
    0xCE, 0xF3, 0x84, 0xFC, 0x6A, 0x83, 0x02, 0x11, 0x3D, 0x32, 0x23, 0x69, 0x0D, 0x6C, 0x0D, 0x8B,
    0x17, 0x17, 0x9A, 0xE1, 0xF7, 0x1D, 0xF2, 0x47, 0xDA, 0x85, 0x02, 0xFF, 0xB9, 0x45, 0xF6, 0x6A,
    0x2D, 0xF4, 0x75, 0x8F, 0xE4, 0x5D, 0x30, 0x8D, 0x5F, 0xF6, 0x72, 0xF1, 0x90, 0x50, 0x9F, 0xD4,
    0x03, 0x30, 0x2E, 0xF4, 0x87, 0xE7, 0xD2, 0x6F, 0x8D, 0x88, 0x48, 0x76, 0x30, 0x34, 0x21, 0xF9,
    0xA6, 0x1C, 0xF6, 0x69, 0x58, 0x98, 0xCC, 0x31, 0xFD, 0x02, 0x72, 0x3C, 0x98, 0x78, 0xA6, 0x0F,
    0xC3, 0xD4, 0x5F, 0x8D, 0x06, 0xE4, 0x1F, 0x44, 0x33, 0xB6, 0x7F, 0x3C, 0xC5, 0x73, 0xF9, 0xF9,
    0xEF, 0xC5, 0x7B, 0xE5, 0x32, 0xDA, 0x4F, 0xED, 0x95, 0xD1, 0x79, 0xD9, 0xCE, 0xE5, 0x24, 0x5B,
    0xD7, 0x28, 0xB6, 0xD8, 0xC9, 0xF5, 0xD9, 0xE6, 0xE5, 0xB3, 0x38, 0xCB, 0xC3, 0xFD, 0xC5, 0x07,
    0xB1, 0x69, 0xF4, 0x01, 0xEC, 0x86, 0x01, 0xE0, 0x37, 0x78, 0x17, 0x44, 0x7E, 0x07, 0x07, 0x67,
    0x81, 0xB8, 0xBB, 0x8C, 0xCB, 0x9B, 0x1C, 0x51, 0x8F, 0x9E, 0xD1, 0x79, 0xDE, 0x85, 0x91, 0x77,
    0x41, 0xFA, 0xB2, 0xE7, 0x5D, 0x90, 0x3D, 0xDF, 0xF1, 0x2E, 0x30, 0x8F, 0xB5, 0x49, 0xEB, 0x17,
    0x4C, 0x1C, 0xEF, 0xCA, 0x6D, 0xC9, 0x8D, 0xBB, 0x7B, 0x19, 0x9B, 0x8E, 0xDB, 0x4C, 0xDA, 0x33,
    0x2D, 0xB7, 0x99, 0xF8, 0xC4, 0xC9, 0x9A, 0x4C, 0xFB, 0x3C, 0xFB, 0x57, 0xC5, 0x3E, 0xBF, 0xC9,
    0xC2, 0x53, 0x61, 0xC1, 0xB2, 0x22, 0x6E, 0xC9, 0xEE, 0xD7, 0xC8, 0x5C, 0x9E, 0x38, 0x98, 0x92,
    0x9F, 0xE3, 0xE4, 0x48, 0x9D, 0xC7, 0x59, 0x24, 0xED, 0x65, 0x6C, 0x48, 0xA4, 0x3B, 0x40, 0xBF,
    0x85, 0x1E, 0x38, 0xC8, 0xE1, 0xB1, 0x38, 0x7F, 0xBE, 0x03, 0x8A, 0xF4, 0xD5, 0x96, 0x03, 0xE2,
    0x27, 0xA9, 0xD9, 0x73, 0x1F, 0xD6, 0xEC, 0x8A, 0x00, 0xC4, 0x5A, 0x46, 0xF9, 0x4D, 0xB6, 0x97,
    0x37, 0x24, 0x4F, 0x5C, 0x66, 0xFB, 0x60, 0xBF, 0xF6, 0x12, 0x59, 0x7B, 0xF2, 0xA2, 0x40, 0x2A,
    0x56, 0xD7, 0x77, 0x83, 0x13, 0x7B, 0xEF, 0x5A, 0xD2, 0xDD, 0x84, 0xF8, 0xB9, 0xCE, 0xB2, 0xEA,
    0x3D, 0xB1, 0x39, 0xBA, 0xB0, 0x9C, 0x0C, 0x16, 0x10, 0x9F, 0x94, 0xA1, 0x69, 0x65, 0x74, 0x2C,
    0x94, 0xA4, 0xC0, 0x91, 0x5D, 0x58, 0xBD, 0x3D, 0xFB, 0xFF, 0x0A, 0x5C, 0xF7, 0xF6, 0x6C, 0x45,
    0xBC, 0x21, 0xC0, 0x85, 0xFD, 0xAB, 0xFC, 0x3E, 0x8C, 0x0D, 0x77, 0x9B, 0x1E, 0xD1, 0x13, 0xEA,
    0x46, 0x86, 0xA4, 0xDB, 0x64, 0x88, 0xFA, 0x82, 0x01, 0x07, 0xA6, 0x66, 0xD8, 0x4A, 0x5B, 0x86,
    0x3C, 0x0E, 0xBB, 0x0E, 0x0C, 0x49, 0xBB, 0xC3, 0x10, 0x79, 0xDD, 0x75, 0x30, 0x25, 0xC3, 0xA6,
    0x8E, 0x86, 0x22, 0x38, 0xAF, 0x7B, 0x86, 0xB4, 0x3D, 0x60, 0x88, 0xFD, 0xC8, 0x80, 0x0F, 0xFB,
    0x90, 0xF1, 0x05, 0x6C, 0x29, 0x70, 0x01, 0x6B, 0x2B, 0x6D, 0xDA, 0x09, 0x18, 0x27, 0x60, 0xD7,
    0x1F, 0x08, 0x25, 0x5E, 0x20, 0x6B, 0x05, 0x8A, 0x52, 0x40, 0xB3, 0xA1, 0xE6, 0x2E, 0x97, 0x2A,
    0xE4, 0xDF, 0x5A, 0x26, 0xF8, 0x6F, 0x38, 0xAB, 0x03, 0x75, 0xD2, 0x91, 0x4A, 0xB2, 0xAD, 0x60,
    0xED, 0x32, 0xA5, 0x84, 0xC8, 0xD3, 0xEB, 0xE9, 0x9F, 0x15, 0xC8, 0x29, 0x78, 0x34, 0x47, 0xD8,
    0xA6, 0x1E, 0xCD, 0x80, 0x84, 0x46, 0x06, 0xD0, 0x24, 0x60, 0x49, 0xA0, 0x50, 0xC8, 0xA9, 0x6C,
    0x8E, 0xCE, 0xC3, 0x2C, 0x40, 0xB4, 0x40, 0xFD, 0x71, 0x00, 0xE0, 0x04, 0x4A, 0x86, 0x5C, 0xC1,
    0x92, 0xA6, 0xF9, 0x59, 0x3B, 0xA5, 0xA1, 0xD3, 0x08, 0xB3, 0x8B, 0x8A, 0x3C, 0x72, 0xCD, 0x54,
    0x96, 0xA1, 0x14, 0x98, 0x34, 0x78, 0xB9, 0x03, 0x2D, 0xBB, 0xEB, 0x6B, 0x50, 0x12, 0xFC, 0x70,
    0x23, 0xB3, 0x28, 0xA3, 0xF7, 0x14, 0x3F, 0x21, 0x53, 0x7D, 0x62, 0x8D, 0xDF, 0x54, 0x92, 0xF0,
    0xE2, 0xF8, 0xDF, 0x31, 0x14, 0x54, 0x33, 0xD8, 0x70, 0x4B, 0x82, 0x3A, 0x06, 0x2D, 0x37, 0x62,
    0x69, 0x14, 0x89, 0x9E, 0x31, 0x43, 0xDB, 0x24, 0x23, 0x40, 0x86, 0x82, 0x9D, 0x32, 0x92, 0x87,
    0x0F, 0x09, 0x49, 0x59, 0x14, 0x93, 0x47, 0x44, 0x7E, 0x61, 0xAB, 0xD7, 0xB2, 0xF9, 0x77, 0x3B,
    0xCB, 0xC0, 0x91, 0xFB, 0xAB, 0x32, 0x94, 0xEC, 0x04, 0xFE, 0xA1, 0x19, 0xD9, 0x6D, 0xC7, 0xAE,
    0xAF, 0x96, 0x32, 0x76, 0xB4, 0x8D, 0xEC, 0x0F, 0xDE, 0xF9, 0x4A, 0xE3, 0x64, 0x11, 0x42, 0xA6,
    0x8B, 0x10, 0x92, 0x51, 0x16, 0x21, 0x24, 0x13, 0x64, 0xC1, 0x4B, 0xF7, 0x81, 0x07, 0xB3, 0x12,
    0xD9, 0x93, 0x92, 0x47, 0x60, 0xBE, 0x5C, 0xCA, 0xC2, 0x67, 0x4C, 0x2D, 0x0B, 0x5F, 0x9E, 0xD5,
    0xBC, 0x36, 0xE2, 0x5E, 0x79, 0x19, 0x80, 0xF7, 0x75, 0xB2, 0xE0, 0x6D, 0x0A, 0xCA, 0x43, 0x27,
    0x59, 0xF8, 0x76, 0x4C, 0x2D, 0x0B, 0xDF, 0x65, 0x53, 0xCA, 0xC2, 0xF7, 0x62, 0x2E, 0x6B, 0x23,
    0x7C, 0x81, 0xF4, 0x65, 0xC6, 0x2D, 0xA4, 0xCF, 0x77, 0x88, 0xFC, 0x01, 0xB2, 0x05, 0xE3, 0x6E,
    0x90, 0xB0, 0x92, 0x37, 0xBC, 0x86, 0xF5, 0xFD, 0x56, 0xC3, 0x7A, 0xAF, 0xD6, 0xB0, 0xE6, 0x10,
    0xCE, 0x20, 0xF8, 0x59, 0x6A, 0x11, 0x46, 0xBE, 0x5E, 0x30, 0x97, 0xD0, 0x2D, 0xDA, 0xFB, 0x0E,
    0x43, 0x4C, 0x9A, 0xA2, 0xAE, 0xF6, 0x02, 0xDC, 0x30, 0xB4, 0x5D, 0x48, 0x73, 0x50, 0x11, 0xA0,
    0x1A, 0x28, 0xF0, 0x9D, 0x1F, 0x6E, 0x32, 0xA5, 0x91, 0x5B, 0xCC, 0x8F, 0x1A, 0x6E, 0xF0, 0xD0,
    0x67, 0x07, 0x06, 0xD1, 0xE0, 0x93, 0x31, 0x47, 0xF2, 0x76, 0x17, 0x0F, 0x67, 0x91, 0xBE, 0xD2,
    0x45, 0x0B, 0x2C, 0x1E, 0x22, 0x79, 0x1F, 0xC2, 0x45, 0x7E, 0x03, 0x67, 0x19, 0x76, 0xB0, 0x99,
    0x4A, 0xBF, 0x37, 0xB2, 0x3A, 0x6E, 0xFB, 0x45, 0x85, 0x92, 0x1B, 0xFF, 0xAA, 0x91, 0x25, 0xF9,
    0x72, 0x0E, 0xF3, 0xF2, 0x02, 0xF7, 0x22, 0x7F, 0xBE, 0x63, 0x15, 0xED, 0x63, 0x2D, 0x57, 0x0F,
    0x4D, 0xE2, 0xB0, 0xB3, 0x11, 0x51, 0xEA, 0xB0, 0xB9, 0x93, 0xFE, 0xAF, 0xB4, 0x46, 0x71, 0xB9,
    0xF8, 0xBD, 0xAC, 0x86, 0xD1, 0xDB, 0xD4, 0x31, 0x75, 0x96, 0xD6, 0xEE, 0x1F, 0xC9, 0xDB, 0x97,
    0xFA, 0xD2, 0x67, 0x4A, 0x97, 0x08, 0x28, 0x7C, 0xF6, 0xED, 0x1A, 0x8D, 0x37, 0xBF, 0xEE, 0xE2,
    0x23, 0x6F, 0x52, 0x97, 0xFC, 0xA8, 0x33, 0x59, 0x6D, 0x5E, 0x6D, 0xEF, 0xCD, 0xCB, 0xFC, 0x31,
    0x77, 0xF6, 0x02, 0x8A, 0xC4, 0xD9, 0x01, 0x5B, 0xF2, 0x8A, 0xC0, 0x46, 0x46, 0x47, 0x7C, 0x86,
    0xFE, 0x52, 0x32, 0x3C, 0x4E, 0x6C, 0x2E, 0x56, 0x56, 0xEC, 0x9D, 0x4D, 0x49, 0xFC, 0x1B, 0x6C,
    0x8B, 0x03, 0xE0, 0x1C, 0xCC, 0x88, 0x33, 0xED, 0xEA, 0x7D, 0xB1, 0x8A, 0xA6, 0x90, 0x65, 0xC2,
    0x46, 0xA5, 0xDC, 0xF5, 0xCB, 0xBE, 0xE6, 0x44, 0x4B, 0xF3, 0xD8, 0xC2, 0xA9, 0xD6, 0xDB, 0x4F,
    0x9F, 0x59, 0x95, 0xEF, 0x9A, 0xDA, 0x2A, 0x92, 0xF2, 0x4A, 0x86, 0x8F, 0xE7, 0x8F, 0x16, 0x29,
    0x2C, 0x1B, 0x0F, 0x15, 0x16, 0x2C, 0x79, 0xD9, 0xF3, 0xE9, 0xE2, 0x73, 0xC5, 0x32, 0x8B, 0xCB,
    0x3C, 0x75, 0x32, 0x14, 0x1E, 0x5C, 0x3E, 0x9B, 0x46, 0x47, 0x65, 0x45, 0x21, 0x4D, 0xAE, 0xC7,
    0x01, 0x89, 0x04, 0x12, 0x4B, 0x38, 0xB3, 0x12, 0x0F, 0x24, 0x22, 0x68, 0x4C, 0x21, 0xAA, 0x93,
    0xC8, 0x34, 0x36, 0x75, 0xA9, 0xF1, 0x69, 0x84, 0x1A, 0xA3, 0x44, 0x09, 0x89, 0x13, 0x12, 0x29,
    0x24, 0xD6, 0x30, 0xB6, 0x38, 0x56, 0xB1, 0xDD, 0x6A, 0x7C, 0x49, 0xD4, 0xA1, 0x71, 0x89, 0x1C,
    0x12, 0x3B, 0xCF, 0x93, 0x92, 0xAD, 0xE8, 0xBD, 0x21, 0x76, 0x27, 0xFF, 0x48, 0x83, 0xA2, 0xBA,
    0x34, 0x15, 0xF9, 0x9E, 0x1B, 0x7C, 0xDB, 0x03, 0xFA, 0xCE, 0x1B, 0xB2, 0xF7, 0x4A, 0xE0, 0x97,
    0xB7, 0x57, 0x6F, 0x50, 0x01, 0xC5, 0x5C, 0x62, 0xFD, 0x25, 0x4E, 0x50, 0x7F, 0x03, 0x6C, 0x88,
    0xF4, 0x75, 0x45, 0xD9, 0x6A, 0x3C, 0x41, 0xD7, 0x88, 0x24, 0x9D, 0x74, 0xD4, 0x57, 0x13, 0x62,
    0xC6, 0x9C, 0x14, 0x0D, 0xD5, 0x82, 0x19, 0xB9, 0xBF, 0x82, 0x29, 0xB5, 0xD7, 0xA1, 0xBB, 0x6E,
    0xBF, 0x3A, 0x1C, 0x5F, 0x0A, 0x16, 0x33, 0x04, 0x9B, 0x51, 0x90, 0xA8, 0x53, 0x9C, 0x21, 0x78,
    0xAD, 0x54, 0xEC, 0x71, 0x8C, 0x9F, 0x0A, 0x58, 0x44, 0x7B, 0xBB, 0x8C, 0x5B, 0x00, 0xD6, 0xF1,
    0x42, 0xC0, 0x59, 0x31, 0x12, 0x4F, 0xD7, 0xF6, 0xF6, 0x57, 0x0B, 0xF6, 0x1A, 0xEA, 0x56, 0x51,
    0x8D, 0x8A, 0x3A, 0x34, 0xE4, 0x33, 0x22, 0xC2, 0x19, 0xBE, 0x21, 0x41, 0xD4, 0xF2, 0x6E, 0x65,
    0x4A, 0x1E, 0x36, 0x5C, 0x10, 0x9A, 0x85, 0xA3, 0x1A, 0x91, 0xF0, 0xDF, 0x76, 0x02, 0x68, 0x56,
    0x6C, 0xA8, 0x14, 0x24, 0x6A, 0x19, 0x23, 0xA2, 0x9E, 0x31, 0x19, 0x69, 0x92, 0xFB, 0x80, 0x83,
    0x96, 0x00, 0xE9, 0x60, 0xC8, 0xC9, 0xFD, 0xFE, 0x84, 0x7E, 0x4E, 0x75, 0x54, 0x0D, 0x11, 0xD1,
    0x84, 0x5C, 0xAE, 0x57, 0xDB, 0x80, 0x35, 0x34, 0x1D, 0xB7, 0x8C, 0xC5, 0xCF, 0xC8, 0x33, 0x36,
    0x2D, 0x0D, 0x6B, 0xFF, 0x95, 0x32, 0x26, 0x7D, 0x61, 0x28, 0x21, 0xE4, 0x01, 0x4D, 0xC0, 0x5C,
    0x7F, 0x2F, 0x0B, 0x46, 0x50, 0xDB, 0xF4, 0x8C, 0x55, 0xF0, 0x97, 0x69, 0xAF, 0xF5, 0xA9, 0x41,
    0xD8, 0xB2, 0xFA, 0x5C, 0x76, 0xA9, 0x84, 0xFD, 0xC0, 0xDF, 0x15, 0x71, 0x5F, 0xFD, 0x43, 0x58,
    0x72, 0xD4, 0x99, 0xF6, 0x69, 0x6C, 0x61, 0x03, 0xEE, 0x29, 0x14, 0xB8, 0xA3, 0x76, 0x17, 0x91,
    0xD7, 0x88, 0x16, 0x30, 0x6E, 0x05, 0xF1, 0x0A, 0x5E, 0x60, 0x48, 0xDF, 0xBD, 0x76, 0x2E, 0x77,
    0xD1, 0x4F, 0xEA, 0xA7, 0x9F, 0xD8, 0x77, 0xA7, 0x93, 0xFA, 0x69, 0x54, 0xE5, 0x3D, 0x49, 0xFD,
    0x0C, 0x2C, 0x1E, 0x60, 0xA0, 0xFA, 0x9E, 0xB4, 0x7E, 0x38, 0x7E, 0xDB, 0x99, 0x05, 0xCC, 0x23,
    0x2E, 0x7A, 0xB7, 0xDE, 0xEC, 0x63, 0x87, 0xEC, 0xDD, 0x97, 0x90, 0x94, 0xC8, 0xCA, 0x0D, 0xDC,
    0x01, 0x98, 0x05, 0xEE, 0x67, 0xD8, 0x04, 0x3E, 0x0A, 0x5B, 0x58, 0x87, 0x4D, 0x8D, 0x7E, 0x83,
    0x81, 0x2F, 0x64, 0xD6, 0x5E, 0x9F, 0xBA, 0xF3, 0xA4, 0x0E, 0xDC, 0x84, 0xDE, 0x4C, 0x1D, 0xF5,
    0x0E, 0x77, 0xD4, 0x83, 0x35, 0x93, 0xDF, 0x36, 0x67, 0x7D, 0xBF, 0x6A, 0xA3, 0xD1, 0x3A, 0xF2,
    0x72, 0x55, 0x22, 0x97, 0x37, 0xDF, 0x1C, 0x2C, 0x3B, 0x23, 0x87, 0x67, 0x81, 0xE4, 0x5A, 0xD3,
    0x61, 0x5C, 0xD0, 0x19, 0xCF, 0x87, 0x67, 0x2E, 0xEB, 0xF9, 0xF0, 0xBC, 0x3D, 0x33, 0xF1, 0xE1,
    0x55, 0x6F, 0xC9, 0xB8, 0x1B, 0xBF, 0x94, 0xF1, 0x6C, 0xAC, 0xC2, 0x8F, 0xF9, 0x5B, 0x3D, 0xB8,
    0x75, 0x9B, 0x30, 0x26, 0xDE, 0xC6, 0x9D, 0xBE, 0x3F, 0xAC, 0x6B, 0x8B, 0xB3, 0x83, 0x1E, 0xAE,
    0xCF, 0x1A, 0xAD, 0x3E, 0xFA, 0xE7, 0xD6, 0x8B, 0x51, 0x82, 0xBF, 0x2B, 0xD1, 0xE0, 0x9F, 0x8D,
    0x46, 0x09, 0xFE, 0x30, 0x1A, 0x24, 0x78, 0xFB, 0x87, 0x5E, 0x82, 0xCF, 0xA9, 0xC6, 0xF1, 0xB6,
    0xD4, 0x6E, 0xA5, 0xCC, 0x63, 0xB7, 0xB2, 0x89, 0x8C, 0xA3, 0xE8, 0xAF, 0xB5, 0xD1, 0xDE, 0xDE,
    0x62, 0x63, 0x22, 0xB5, 0x1F, 0xB3, 0xA7, 0x5D, 0xB7, 0xA5, 0xD8, 0x77, 0xBE, 0x42, 0x83, 0xD6,
    0x9C, 0x4E, 0x2D, 0x4E, 0x0D, 0x40, 0xD1, 0x01, 0x87, 0x25, 0x60, 0xA9, 0xE6, 0x42, 0x35, 0x23,
    0x2F, 0x13, 0x25, 0x21, 0x42, 0x4E, 0x3C, 0xEB, 0xB7, 0x7D, 0x76, 0xD4, 0xD4, 0xF6, 0x27, 0x33,
    0x92, 0x31, 0xEB, 0x8D, 0xB7, 0xAE, 0xAA, 0x09, 0xC9, 0x90, 0x0C, 0x79, 0x9B, 0xB7, 0x0D, 0x1A,
    0xA4, 0x7D, 0x32, 0x16, 0xAD, 0xE9, 0x08, 0x55, 0x29, 0xDC, 0x29, 0xCF, 0x8E, 0xB9, 0xAD, 0x6F,
    0xC6, 0xD7, 0xF7, 0x5F, 0xF8, 0xB0, 0xF8, 0x69, 0x99, 0xAF, 0xFB, 0x4F, 0xC6, 0xB4, 0x37, 0x5D,
    0xE1, 0xAA, 0x92, 0x10, 0x8F, 0x99, 0x37, 0xDE, 0xD6, 0xD6, 0xCD, 0xC0, 0x6C, 0xBA, 0xB4, 0xAF,
    0xCA, 0xE2, 0x95, 0x11, 0x68, 0x2A, 0x97, 0x4C, 0x04, 0xF3, 0x73, 0x29, 0xE9, 0xCB, 0x88, 0x46,
    0xED, 0x4B, 0x3E, 0x43, 0x8B, 0xFE, 0x16, 0x9F, 0x27, 0xBA, 0x7A, 0x89, 0x68, 0x6F, 0x9F, 0xE6,
    0x8B, 0x15, 0x1D, 0x6F, 0x7D, 0x75, 0x74, 0x86, 0xE8, 0x4A, 0x45, 0xF4, 0x3C, 0xF5, 0x77, 0x02,
    0x77, 0x3E, 0x2E, 0xEF, 0x05, 0xAC, 0xDD, 0xD0, 0x47, 0xEE, 0x01, 0x48, 0xF9, 0xB9, 0x90, 0x58,
    0x56, 0x6D, 0xAF, 0x83, 0xD4, 0xBE, 0xB5, 0x98, 0xAC, 0x03, 0x8A, 0x5C, 0xCF, 0xB4, 0xEE, 0x5C,
    0xD4, 0x81, 0x58, 0x04, 0x72, 0xB8, 0x22, 0xA3, 0x12, 0x71, 0x23, 0x24, 0xF1, 0x4A, 0xC4, 0x8D,
    0x10, 0xF3, 0x7D, 0xA2, 0x99, 0x49, 0xF1, 0x8D, 0x40, 0xAC, 0x61, 0x52, 0x78, 0x1C, 0x9A, 0xAB,
    0x7B, 0x63, 0x4E, 0xD4, 0x8E, 0xA6, 0x04, 0x93, 0xD7, 0x07, 0x83, 0x48, 0x07, 0xAD, 0x7E, 0xC4,
    0x4D, 0xD6, 0xCA, 0xB0, 0x95, 0x8F, 0x44, 0x23, 0x1F, 0x58, 0xFD, 0x68, 0x34, 0x33, 0x20, 0xD1,
    0x44, 0x13, 0xB4, 0x53, 0xC9, 0x18, 0xDC, 0xA4, 0x7D, 0x70, 0x63, 0x7C, 0x70, 0x53, 0x74, 0xC1,
    0x8D, 0x4C, 0x88, 0x75, 0x59, 0xA2, 0x95, 0x2C, 0x49, 0x1F, 0x64, 0x49, 0x57, 0xB2, 0x98, 0x36,
    0xC8, 0x92, 0xAF, 0x64, 0xB1, 0x65, 0x20, 0x15, 0x02, 0x99, 0x02, 0x89, 0x46, 0x25, 0xE2, 0x46,
    0x48, 0xEA, 0x03, 0x31, 0xED, 0x2D, 0x4A, 0xF2, 0x97, 0x69, 0x10, 0x62, 0x7F, 0xFD, 0x1A, 0x09,
    0xA9, 0xF2, 0xD6, 0x3A, 0x96, 0x65, 0xB2, 0x2E, 0x6F, 0x73, 0xA2, 0x3F, 0x19, 0xAD, 0x33, 0xDD,
    0x42, 0xDE, 0xE8, 0x17, 0xE2, 0xC1, 0xD1, 0x04, 0x62, 0xDA, 0x40, 0x72, 0x57, 0x74, 0x05, 0x13,
    0x5B, 0x1A, 0x22, 0x26, 0x15, 0xA2, 0xE6, 0x9B, 0x4C, 0xA4, 0x8E, 0xEF, 0x20, 0xD1, 0x48, 0xF8,
    0x49, 0x2F, 0x07, 0x48, 0xA7, 0xEE, 0x81, 0xAD, 0xE5, 0xDB, 0xB3, 0x68, 0xF4, 0xDB, 0xFC, 0xC7,
    0xA3, 0xB8, 0x91, 0xB7, 0x5D, 0xD6, 0xB6, 0x1B, 0x49, 0xB4, 0xA6, 0x12, 0xD6, 0x84, 0xC2, 0x9A,
    0x56, 0x58, 0x97, 0x6B, 0x5D, 0xB1, 0x75, 0xD1, 0xD6, 0x75, 0x5B, 0x97, 0x6E, 0x5D, 0xBD, 0x75,
    0x01, 0x95, 0x8B, 0xFB, 0xE8, 0x9C, 0xF0, 0xDC, 0xE5, 0x1D, 0x9A, 0x59, 0xB8, 0x2D, 0x9B, 0x2E,
    0x21, 0x72, 0x22, 0x66, 0x4A, 0x9D, 0x19, 0x16, 0x22, 0x7A, 0x7E, 0xBB, 0xCB, 0xBD, 0xE9, 0x45,
    0xD2, 0xB3, 0xF9, 0xA2, 0x57, 0x36, 0x8A, 0xAA, 0xC8, 0x3B, 0xDB, 0x65, 0xA3, 0x08, 0x2B, 0x3C,
    0x55, 0xA9, 0x94, 0x4F, 0xA2, 0xCB, 0x09, 0xB7, 0xE5, 0x09, 0xAF, 0x70, 0xC2, 0x27, 0x1C, 0xFB,
    0x89, 0x46, 0xE1, 0x9E, 0x39, 0x47, 0x2F, 0x6D, 0x0D, 0xEC, 0x9E, 0xB9, 0x59, 0x62, 0x50, 0x71,
    0x78, 0x8F, 0x42, 0xC5, 0xE1, 0x40, 0x88, 0x9C, 0xBA, 0x27, 0x6A, 0xAB, 0xF9, 0x63, 0xC4, 0x4F,
    0x3B, 0x55, 0x5E, 0x9C, 0xA4, 0xA4, 0x1E, 0x44, 0x73, 0xD1, 0xB6, 0xF8, 0x3F, 0x1F, 0x8D, 0x4A,
    0xC4, 0x4D, 0xD0, 0xF0, 0x4E, 0x25, 0x55, 0x46, 0xBD, 0x90, 0xC9, 0xBE, 0x2B, 0xF2, 0x46, 0x63,
    0xF3, 0x88, 0x14, 0xF7, 0x49, 0x4F, 0xA0, 0x32, 0x27, 0x7A, 0xD3, 0x57, 0x4A, 0xDE, 0x6A, 0x01,
    0x82, 0xCA, 0x15, 0xCF, 0x10, 0xAD, 0xA2, 0x27, 0xC3, 0x8B, 0x1D, 0x61, 0x55, 0x9A, 0x10, 0xED,
    0x4F, 0x80, 0x46, 0x43, 0x35, 0x34, 0x9A, 0x4A, 0x47, 0xA3, 0x4C, 0x45, 0x8E, 0xC6, 0xCB, 0x37,
    0xB9, 0x8B, 0x7A, 0x34, 0x4E, 0xDC, 0x4C, 0x31, 0xA9, 0xDE, 0x44, 0x63, 0x10, 0x7B, 0xED, 0x26,
    0xEF, 0x49, 0x75, 0x91, 0xD2, 0xA4, 0xFA, 0x14, 0xD7, 0xA8, 0x54, 0x91, 0x5D, 0xE3, 0x90, 0x87,
    0x07, 0xF4, 0xAA, 0x4F, 0xBD, 0x10, 0xD6, 0x27, 0x2E, 0x17, 0x12, 0x5E, 0x9E, 0xA8, 0xC3, 0x90,
    0xA3, 0xA0, 0x4F, 0x3C, 0x6A, 0x44, 0x6C, 0x83, 0x3E, 0xEA, 0x46, 0xCA, 0x3D, 0xD1, 0x27, 0x1E,
    0xF0, 0x82, 0xE8, 0x93, 0xB5, 0xF0, 0xA2, 0x8F, 0xFD, 0xD6, 0x57, 0xDE, 0x17, 0x7D, 0x2A, 0xA2,
    0x9F, 0x8A, 0x3E, 0x0B, 0xF9, 0xB9, 0xAF, 0x94, 0xBC, 0xF7, 0xC9, 0xE9, 0xF3, 0xC9, 0xA5, 0xFD,
    0xD7, 0x88, 0x5C, 0x48, 0xFB, 0x4A, 0x6C, 0xC6, 0x44, 0xD2, 0xFE, 0xDE, 0x25, 0x17, 0xD2, 0x7E,
    0xEC, 0x42, 0xDA, 0x47, 0x29, 0xF9, 0xDA, 0x40, 0xB6, 0xAC, 0x33, 0xCD, 0xC4, 0xC4, 0xF0, 0xEF,
    0x9A, 0xF6, 0x4F, 0x3F, 0xD2, 0x88, 0x12, 0xFC, 0xF1, 0xD0, 0x68, 0xF2, 0x5E, 0xD2, 0xFE, 0x2D,
    0x4C, 0x38, 0x1A, 0x8B, 0xA2, 0x97, 0x4E, 0xD9, 0xD2, 0x6A, 0xA7, 0x6C, 0xDB, 0xB4, 0xD2, 0xA9,
    0x82, 0x48, 0x57, 0x8E, 0x94, 0x86, 0x9B, 0x8D, 0x1F, 0x5C, 0xD6, 0xF1, 0xC3, 0xAE, 0x74, 0xFC,
    0x24, 0x3E, 0x8C, 0x9F, 0xAC, 0x0B, 0xE3, 0xC7, 0xB8, 0x30, 0x7E, 0x8A, 0x5A, 0xC7, 0x8F, 0xEA,
    0x03, 0x0A, 0xFA, 0xC4, 0x63, 0xD0, 0x27, 0x3D, 0xD6, 0x47, 0xDC, 0xC8, 0xF8, 0x11, 0x37, 0x32,
    0x7E, 0xCC, 0xAB, 0x44, 0x2D, 0x8F, 0x9F, 0xE2, 0xEB, 0x0B, 0x59, 0xC6, 0x8F, 0xB7, 0xE9, 0x42,
    0x2A, 0x22, 0x7F, 0x98, 0x5D, 0xBD, 0xD4, 0x31, 0x19, 0xB3, 0x3A, 0x62, 0xF2, 0xA3, 0xC1, 0x94,
    0x2B, 0x7D, 0x18, 0x54, 0x9F, 0x59, 0xF5, 0x31, 0x44, 0xAD, 0xEA, 0x53, 0xAE, 0xF4, 0x11, 0x11,
    0x24, 0x1A, 0xA3, 0xE5, 0x68, 0xC4, 0x84, 0x9B, 0x2D, 0x4A, 0x26, 0xAC, 0x4F, 0x5D, 0xF4, 0xAA,
    0x4F, 0x57, 0x75, 0xA1, 0xAA, 0x0B, 0xFA, 0xC4, 0x74, 0xB4, 0xAE, 0x8F, 0x82, 0xA8, 0x26, 0xF3,
    0x2B, 0xFF, 0xE8, 0xFC, 0xAA, 0xAF, 0x9F, 0x5F, 0xC0, 0xF1, 0xFC, 0xA2, 0x52, 0xE7, 0xD7, 0x13,
    0x53, 0x98, 0x5F, 0xD4, 0x87, 0xF9, 0x75, 0x89, 0xCA, 0xB0, 0x50, 0x54, 0x6D, 0x58, 0x25, 0x8A,
    0xCE, 0x96, 0x61, 0xB0, 0x56, 0x05, 0x11, 0xBE, 0x8A, 0xC2, 0x4F, 0x96, 0x08, 0x07, 0xB0, 0x6F,
    0x8F, 0x4C, 0x1A, 0xD0, 0xAB, 0xFD, 0xD6, 0xDE, 0x3E, 0x2C, 0x51, 0xEA, 0x37, 0x60, 0x90, 0xD1,
    0x15, 0xD3, 0xEE, 0x20, 0x52, 0xA5, 0x77, 0x18, 0xC0, 0x4B, 0x01, 0xE9, 0xEB, 0x41, 0x68, 0x48,
    0x84, 0x9A, 0xF0, 0xD5, 0x94, 0xCA, 0xD5, 0xFC, 0x72, 0xD0, 0x68, 0x48, 0xE7, 0xD7, 0x2F, 0xA1,
    0xD1, 0xF9, 0x35, 0x82, 0x74, 0x7E, 0x09, 0x91, 0x62, 0x33, 0x39, 0x9E, 0x5F, 0xAB, 0x64, 0x7F,
    0xB3, 0xF5, 0xB1, 0xA9, 0x57, 0x45, 0x39, 0xD5, 0x61, 0xD6, 0x24, 0xCC, 0x64, 0x58, 0x64, 0xCC,
    0x74, 0xDE, 0x54, 0x75, 0x18, 0x18, 0x9B, 0x0B, 0xD3, 0x91, 0x31, 0x2C, 0x4C, 0x87, 0x86, 0x5F,
    0x98, 0x4C, 0xC1, 0xD4, 0x2D, 0x4C, 0xC6, 0x98, 0x29, 0xAB, 0x30, 0xC8, 0x0A, 0x8E, 0x53, 0xDC,
    0x55, 0x44, 0x84, 0x71, 0xC5, 0xE2, 0xA1, 0xA1, 0x91, 0x79, 0x9D, 0x78, 0x0A, 0x2C, 0xEB, 0x94,
    0x35, 0xCE, 0xB8, 0x6B, 0x7B, 0x07, 0x1C, 0xF7, 0x54, 0xD4, 0x1E, 0x5F, 0x10, 0x66, 0xE1, 0xC3,
    0xA3, 0xCE, 0xC3, 0xC8, 0x43, 0xB7, 0x31, 0xFA, 0x50, 0x53, 0x47, 0x3C, 0x44, 0x7A, 0x2C, 0x12,
    0x1F, 0x7D, 0x27, 0x17, 0xFD, 0x38, 0x3A, 0x91, 0x42, 0x27, 0x00, 0x95, 0x5A, 0x43, 0x9D, 0x53,
    0x66, 0x91, 0x78, 0x49, 0x44, 0x5A, 0x41, 0x0B, 0x9B, 0x90, 0x4C, 0xD9, 0xA4, 0x33, 0x22, 0x26,
    0xEA, 0xA1, 0x9A, 0x57, 0xEB, 0x57, 0x0F, 0x9F, 0x44, 0xFD, 0x55, 0x86, 0x15, 0xAF, 0x99, 0x84,
    0xD8, 0x2F, 0x7D, 0x40, 0xA5, 0xD6, 0x5F, 0xCE, 0x96, 0x5A, 0x2F, 0xD4, 0x16, 0x52, 0x2C, 0x54,
    0xF8, 0x25, 0x48, 0xA5, 0xD0, 0x84, 0x49, 0xE0, 0x49, 0x89, 0x69, 0xA9, 0x51, 0xDF, 0x8E, 0x7E,
    0x1C, 0x32, 0x3A, 0xE9, 0xBB, 0xA0, 0x15, 0x66, 0x2D, 0x2C, 0xA7, 0x40, 0x78, 0x2C, 0x09, 0x49,
    0x7A, 0x34, 0x42, 0x52, 0x8F, 0xAA, 0xAC, 0xB4, 0xFE, 0xB2, 0x2E, 0xD4, 0x5F, 0xE6, 0xC3, 0x50,
    0x64, 0x44, 0xEB, 0xE3, 0xCB, 0x10, 0xD5, 0xC8, 0x9C, 0x62, 0xAE, 0x28, 0xA5, 0xC2, 0xDE, 0xBE,
    0x4C, 0xB5, 0x1C, 0x89, 0xCC, 0xB4, 0xB3, 0x88, 0xCA, 0x68, 0x64, 0x54, 0xF1, 0x0A, 0x1A, 0x54,
    0x3B, 0xD2, 0x59, 0xF6, 0x60, 0x44, 0x61, 0x92, 0x55, 0x61, 0x8E, 0x59, 0x5F, 0xE1, 0x4E, 0x7C,
    0x6A, 0xC1, 0x29, 0x25, 0x7F, 0x01, 0xF6, 0xFD, 0xB1, 0x78, 0x73, 0x6C, 0x50, 0xFD, 0x45, 0x7F,
    0x18, 0x8D, 0xCD, 0x73, 0xF4, 0xDA, 0xFB, 0x23, 0x06, 0x4B, 0x64, 0x5E, 0x1F, 0x51, 0x66, 0xD4,
    0xE7, 0xAF, 0xCA, 0xA0, 0x5D, 0x04, 0xEB, 0x05, 0xAB, 0xF4, 0x43, 0x39, 0x95, 0x53, 0x46, 0x4F,
    0xF6, 0xDC, 0x4D, 0xBE, 0x14, 0xE2, 0xD6, 0xB3, 0x3E, 0x9E, 0xB8, 0x93, 0x59, 0x1F, 0xCD, 0xDC,
    0xC7, 0x54, 0x30, 0x77, 0x89, 0xBC, 0x25, 0x6B, 0xCB, 0x78, 0x8C, 0x47, 0x39, 0x6B, 0x73, 0x32,
    0xC8, 0x49, 0xAB, 0xDE, 0xD3, 0x73, 0x96, 0xDD, 0x68, 0x68, 0xE4, 0x5D, 0x78, 0xF1, 0xB8, 0xE9,
    0x44, 0x39, 0xA9, 0x4F, 0x35, 0x01, 0xBD, 0xD5, 0xE9, 0x70, 0x58, 0x6A, 0xBA, 0x30, 0x1C, 0x98,
    0x54, 0x08, 0x64, 0x52, 0x22, 0xAE, 0x85, 0x24, 0x7D, 0x20, 0xA9, 0x57, 0x22, 0x6E, 0x84, 0xE4,
    0xEE, 0xCE, 0x52, 0x88, 0xFD, 0x12, 0x4D, 0x42, 0xAA, 0xE2, 0x1A, 0xD5, 0x4C, 0xA6, 0xCA, 0x49,
    0x5D, 0x1E, 0x8D, 0x54, 0xDB, 0x56, 0x86, 0x03, 0x39, 0x21, 0x6F, 0x7A, 0xD2, 0x8B, 0x6A, 0xD3,
    0x56, 0x03, 0x49, 0xFB, 0x2E, 0xA7, 0x41, 0x87, 0x43, 0xAA, 0xA4, 0x42, 0x4A, 0x2A, 0x13, 0xAA,
    0x37, 0xA9, 0xD5, 0xE1, 0x50, 0xEA, 0x18, 0x8F, 0x08, 0x85, 0x8C, 0xF1, 0x98, 0x90, 0xCB, 0x18,
    0x97, 0x6F, 0xA4, 0x53, 0x54, 0x57, 0x2D, 0xBB, 0x91, 0x33, 0x28, 0x9D, 0x12, 0x87, 0x37, 0xCE,
    0xCB, 0x99, 0x93, 0x75, 0x4B, 0x0E, 0x94, 0xBC, 0x2C, 0x6A, 0xD8, 0x55, 0x3A, 0x2E, 0x3E, 0xA6,
    0xDC, 0x79, 0x62, 0x55, 0xEE, 0xD0, 0x4A, 0x8D, 0x4B, 0x24, 0x6E, 0x24, 0x89, 0xEB, 0x50, 0xE1,
    0x45, 0x02, 0xE7, 0x35, 0x41, 0x4F, 0x39, 0xF5, 0x9C, 0x97, 0xDF, 0x1E, 0x9B, 0x77, 0x67, 0x8C,
    0xB0, 0x6F, 0x7C, 0x40, 0x20, 0xCC, 0x11, 0xBD, 0xF6, 0xD3, 0x19, 0x54, 0x5A, 0x9A, 0xCD, 0x1B,
    0xB4, 0x90, 0x8C, 0xBA, 0xFC, 0x15, 0x2A, 0x49, 0x8E, 0x7F, 0x84, 0xFE, 0x62, 0x52, 0x35, 0x2A,
    0x1D, 0xDD, 0x13, 0x8C, 0x90, 0x68, 0x44, 0x4E, 0xB3, 0x0E, 0x5A, 0x7A, 0x92, 0x6A, 0x56, 0x23,
    0x99, 0x22, 0x72, 0x32, 0x70, 0x46, 0x34, 0x2E, 0xBC, 0x28, 0x5A, 0x39, 0x11, 0x55, 0x49, 0x05,
    0xFD, 0x2F, 0xFD, 0x98, 0x00, 0xA2, 0x39, 0x14, 0xDE, 0xD7, 0xCD, 0x9B, 0x52, 0x64, 0xC9, 0x99,
    0xE4, 0x81, 0xE8, 0x2A, 0xB5, 0xB7, 0x5F, 0x8B, 0x2C, 0x67, 0x91, 0xD6, 0x22, 0xCB, 0x26, 0x22,
    0xF6, 0xC0, 0x04, 0x2A, 0xCB, 0x96, 0x4E, 0x9F, 0x93, 0xF9, 0x83, 0x5F, 0x8E, 0xC9, 0x05, 0x59,
    0x9A, 0x76, 0x5D, 0x16, 0xF0, 0x1C, 0x52, 0x59, 0x5E, 0x82, 0x55, 0x59, 0x66, 0x34, 0x2A, 0x0B,
    0x3D, 0x47, 0x5F, 0x17, 0x59, 0xAA, 0x13, 0x59, 0xAE, 0x7C, 0x82, 0xB2, 0x58, 0x22, 0x8F, 0x0B,
    0x4A, 0x7A, 0x4C, 0x4A, 0x7C, 0x34, 0x32, 0xD9, 0xBB, 0xE4, 0xA5, 0xEF, 0x1B, 0x48, 0xDA, 0xD4,
    0x0B, 0x31, 0x2E, 0xAC, 0xD0, 0x79, 0x1D, 0xFA, 0x6E, 0x4F, 0x1E, 0x90, 0x56, 0x82, 0x18, 0x31,
    0x09, 0xC6, 0x23, 0xBB, 0x91, 0x90, 0x93, 0x5E, 0x46, 0x4B, 0xE6, 0x53, 0xCF, 0xB2, 0x20, 0x6F,
    0x4D, 0xCB, 0xB2, 0xC0, 0xBA, 0xFC, 0x65, 0x02, 0x01, 0x55, 0x6D, 0x1F, 0x63, 0x59, 0x40, 0xA8,
    0x12, 0x5A, 0x48, 0x34, 0x63, 0x8A, 0x55, 0x96, 0x68, 0x8C, 0x54, 0x96, 0xA4, 0x57, 0x59, 0xA4,
    0x12, 0x17, 0x62, 0xDA, 0x20, 0x4B, 0xEE, 0x82, 0x2C, 0xB6, 0x0C, 0xB2, 0x54, 0x08, 0xB2, 0x4C,
    0x50, 0x59, 0xA2, 0x11, 0xA9, 0x90, 0xA4, 0x0F, 0xB2, 0xA4, 0x3E, 0xC8, 0x62, 0x5A, 0x91, 0xE5,
    0xA6, 0x35, 0xB2, 0x56, 0xC8, 0xA1, 0x3E, 0x0E, 0xD5, 0x71, 0xA8, 0x8D, 0x43, 0x65, 0x2C, 0x60,
    0x21, 0x70, 0xA8, 0x30, 0x0A, 0xC4, 0x83, 0x40, 0xE2, 0x05, 0xB2, 0x4E, 0xC0, 0x38, 0x81, 0xA2,
    0x16, 0xB0, 0x80, 0x54, 0xC1, 0x80, 0xD4, 0xC0, 0x02, 0xAF, 0x0F, 0x58, 0x7F, 0x9A, 0xBC, 0xFE,
    0xBC, 0x59, 0x0E, 0x13, 0xE5, 0x65, 0x3B, 0x54, 0x18, 0xC5, 0xC6, 0x7F, 0xFD, 0x61, 0xBA, 0x6D,
    0x4B, 0x4D, 0x97, 0x86, 0xB7, 0xE5, 0xE9, 0x2A, 0xAB, 0x60, 0x47, 0x79, 0xDE, 0x6B, 0xE5, 0xAE,
    0xBB, 0x94, 0xD4, 0xD4, 0x43, 0xFF, 0x63, 0x11, 0xF2, 0x56, 0x5F, 0x98, 0x67, 0x85, 0xE7, 0x30,
    0x72, 0x04, 0x8A, 0x15, 0x94, 0x6B, 0x90, 0xAF, 0xA0, 0xBE, 0x1E, 0x74, 0x97, 0x75, 0x58, 0x73,
    0xC6, 0xAE, 0x4F, 0xE9, 0x6D, 0xEE, 0x62, 0x81, 0x66, 0xE0, 0x58, 0x40, 0x1E, 0xD5, 0x80, 0x58,
    0x6E, 0x6F, 0xCB, 0x8A, 0x50, 0xD0, 0xB7, 0x78, 0xA9, 0xCE, 0xC2, 0x2D, 0x42, 0x7D, 0x3A, 0x8E,
    0xE8, 0x7C, 0x29, 0x1D, 0x9B, 0x4B, 0xEE, 0xD6, 0x80, 0x82, 0x88, 0x60, 0xE7, 0x27, 0xC9, 0xD9,
    0x3E, 0xA1, 0xD6, 0xFA, 0x88, 0x7C, 0xE1, 0x41, 0x7D, 0xE6, 0xC3, 0xC3, 0x56, 0x29, 0x8B, 0x6E,
    0x66, 0x9A, 0x31, 0x3A, 0x87, 0x66, 0xC8, 0xF9, 0x08, 0xBB, 0x18, 0x5F, 0xF5, 0x11, 0x75, 0xD5,
    0x90, 0x90, 0xB3, 0x53, 0x2E, 0x57, 0xB9, 0x13, 0x62, 0x91, 0xEF, 0x96, 0xC7, 0xB1, 0x98, 0x12,
    0xB2, 0xC5, 0x34, 0x01, 0xA6, 0x06, 0xCC, 0x71, 0x7A, 0xF1, 0x56, 0xB3, 0xAE, 0x6D, 0x8B, 0x0E,
    0x93, 0xA4, 0xD1, 0x5C, 0xA7, 0x58, 0xE3, 0xF2, 0x3E, 0x94, 0x9D, 0xA6, 0x4F, 0xBD, 0x92, 0xC1,
    0xB4, 0x81, 0xE4, 0x2E, 0x10, 0x5B, 0x06, 0x52, 0x41, 0x48, 0xDE, 0x4F, 0x78, 0x5C, 0x0E, 0x5F,
    0xD6, 0x68, 0xEA, 0xD8, 0xE1, 0x4F, 0x7B, 0xDA, 0x1F, 0xB9, 0x89, 0x9F, 0xBC, 0x3F, 0x27, 0x13,
    0xD7, 0xCB, 0x3F, 0x78, 0x7D, 0x4C, 0x66, 0x56, 0xE9, 0x49, 0xC7, 0x24, 0x22, 0x76, 0x93, 0x84,
    0xF4, 0x82, 0x74, 0x0C, 0x17, 0x99, 0xDB, 0x21, 0xBD, 0xA4, 0x54, 0xEA, 0x14, 0x8B, 0xF7, 0x07,
    0x9D, 0x62, 0x7A, 0x69, 0xAA, 0xD1, 0x00, 0xD0, 0x68, 0x4A, 0x99, 0x62, 0x4E, 0x48, 0x85, 0xA4,
    0x8B, 0x08, 0xC0, 0x8C, 0x64, 0x48, 0x27, 0x71, 0xA3, 0x85, 0x5D, 0x32, 0x00, 0x95, 0x38, 0x0C,
    0xDB, 0xFF, 0x06, 0xD3, 0x5A, 0xB5, 0x6A, 0xD5, 0x8A, 0xFA, 0xFF, 0xFF, 0xFF, 0xFF, 0x85, 0x13,
    0x7F, 0x00, 0xDD, 0x94, 0x21, 0x8C, 0xD4, 0x40, 0x14, 0x86, 0xFF, 0xB6, 0x61, 0x9B, 0xB0, 0xA2,
    0x0A, 0xC3, 0x8A, 0x7A, 0xCC, 0x79, 0x35, 0xF5, 0xEA, 0xC4, 0x1E, 0x78, 0x2F, 0xCE, 0x0B, 0x32,
    0x9B, 0xE0, 0x13, 0x30, 0xE8, 0x93, 0xDC, 0x22, 0xD6, 0xAB, 0x59, 0x82, 0x4F, 0x16, 0x81, 0xAF,
    0x38, 0x0C, 0xAA, 0x09, 0x73, 0xC9, 0x1E, 0x99, 0xF6, 0x67, 0xDE, 0xDB, 0x29, 0xDD, 0xFA, 0x84,
    0x03, 0x9E, 0xF9, 0xBF, 0xF4, 0x7A, 0xAF, 0xDD, 0xEF, 0xCD, 0x2B, 0xA6, 0x5A, 0xDC, 0x36, 0xB8,
    0xE6, 0x06, 0x70, 0xF4, 0x25, 0xE9, 0x51, 0x90, 0xA1, 0xEE, 0x6D, 0x40, 0xC5, 0x65, 0x6F, 0xFC,
    0x45, 0x40, 0xDD, 0x17, 0xC1, 0x75, 0xB5, 0x87, 0x09, 0x85, 0x67, 0xF7, 0xB4, 0x89, 0x00, 0xB0,
    0x03, 0x04, 0x32, 0x05, 0x1B, 0x90, 0x0B, 0x3C, 0x73, 0xFD, 0xD5, 0x2B, 0xDE, 0xAF, 0x61, 0xA8,
    0x35, 0x4C, 0xF0, 0xC2, 0x0D, 0xDB, 0x8F, 0xFC, 0x79, 0x3B, 0xDD, 0xFC, 0xC8, 0xE0, 0x7A, 0x14,
    0x02, 0x0B, 0xB2, 0x59, 0xB1, 0x07, 0x0C, 0x19, 0x48, 0x1E, 0x27, 0x38, 0xF3, 0x44, 0xDE, 0x49,
    0x5A, 0x92, 0x31, 0x72, 0x7E, 0x73, 0xDC, 0x03, 0x4B, 0xA2, 0x96, 0xAC, 0x86, 0x88, 0x31, 0xA3,
    0xAE, 0x92, 0x8D, 0x8A, 0x29, 0x1E, 0xA0, 0xA9, 0x65, 0x35, 0x55, 0xCF, 0xD5, 0xD5, 0x65, 0x92,
    0xD2, 0x8D, 0x99, 0xDC, 0x74, 0xE9, 0xE5, 0x1E, 0x21, 0x93, 0x8B, 0xA4, 0x62, 0x14, 0x70, 0x18,
    0x73, 0xE6, 0x61, 0x7B, 0x93, 0x3C, 0x74, 0xC9, 0x43, 0x97, 0x3C, 0x74, 0xC9, 0x43, 0xA7, 0x1E,
    0x0A, 0x49, 0x93, 0xFA, 0x9B, 0xF9, 0xF3, 0xC4, 0x83, 0xA4, 0x21, 0x79, 0x9E, 0xE2, 0x21, 0xFF,
    0xBB, 0x3C, 0x1C, 0x9D, 0x78, 0x48, 0x09, 0xA9, 0xD9, 0xEE, 0xAC, 0x38, 0x6C, 0x84, 0x1D, 0x7D,
    0x4E, 0x32, 0x44, 0x2C, 0x62, 0x54, 0x7C, 0xCF, 0x21, 0xB2, 0x2E, 0x51, 0x80, 0x25, 0xA0, 0x7B,
    0x64, 0x3D, 0x4C, 0xE4, 0xB4, 0x4A, 0xF1, 0x92, 0x32, 0x20, 0xDC, 0x9E, 0x2F, 0xD4, 0xF9, 0x41,
    0x85, 0xFA, 0x7A, 0xC9, 0xFB, 0x78, 0x76, 0x00, 0xC3, 0xB1, 0x36, 0x33, 0x4E, 0xFB, 0xB5, 0xDD,
    0x45, 0x1E, 0xFF, 0xB7, 0xFA, 0x77, 0x38, 0xB9, 0x17, 0xDE, 0xFF, 0xF6, 0x6F, 0xE9, 0xC7, 0xB3,
    0xF8, 0x83, 0xE4, 0x8C, 0xE7, 0xB5, 0x1A, 0x36, 0x58, 0xC5, 0x5F, 0xDF, 0x00, 0x19, 0x4F, 0xB3,
    0x90, 0x9E, 0x25, 0x77, 0x32, 0x0B, 0xE5, 0x6A, 0x28, 0x64, 0x16, 0x46, 0xF8, 0x42, 0xBE, 0x69,
    0x1E, 0xB5, 0xB0, 0x09, 0x79, 0x3B, 0xBE, 0x83, 0xFA, 0x4F, 0x6C, 0xE7, 0x9C, 0x27, 0x4E, 0xB3,
    0x58, 0x0B, 0x27, 0xFF, 0x61, 0xC6, 0xD3, 0x2C, 0x3E, 0x54, 0xFF, 0xDF, 0x2C, 0x3C, 0xC9, 0xCF,
    0x24, 0x67, 0x3C, 0xD5, 0x8A, 0x83, 0x44, 0x46, 0xD2, 0x43, 0xFC, 0x7F, 0xB1, 0x72, 0xA1, 0x1E,
    0xA4, 0x97, 0xFA, 0x2D, 0x25, 0xED, 0xF1, 0x94, 0xEE, 0x88, 0x22, 0x65, 0x29, 0xC9, 0x23, 0x96,
    0x29, 0x6B, 0x7E, 0xBD, 0x8C, 0x29, 0x9D, 0xBA, 0x98, 0x79, 0xCA, 0x6C, 0xC7, 0xEF, 0x37, 0xE3,
    0x7D, 0x7F, 0x22, 0xCB, 0x59, 0x06, 0xF1, 0x12, 0x79, 0x68, 0x8A, 0xD3, 0x37, 0xA1, 0xCF, 0x52,
    0xC2, 0xF0, 0x0E, 0x52, 0xD9, 0x1A, 0xE7, 0x55, 0xF3, 0x01, 0xA3, 0x92, 0x56, 0xA0, 0xE4, 0x3B,
    0x37, 0x08, 0x54, 0x41, 0x0E, 0xA0, 0x80, 0x3C, 0x4D, 0xA0, 0xF6, 0x28, 0x67, 0x20, 0x7F, 0x4A,
    0x10, 0x50, 0x09, 0x3C, 0x67, 0xAF, 0x6A, 0xA4, 0x9D, 0x3A, 0x59, 0x72, 0xC7, 0x37, 0x02, 0xB5,
    0xCF, 0xF8, 0x49, 0xEC, 0x98, 0x16, 0xDC, 0x4B, 0xC3, 0x08, 0x76, 0x23, 0x60, 0x3B, 0xBC, 0x86,
    0x42, 0x00, 0x14, 0x0C, 0xDF, 0x8E, 0x30, 0x9C, 0xA0, 0x22, 0x5B, 0x85, 0x82, 0xEC, 0x15, 0xE0,
    0xC8, 0x46, 0x61, 0x49, 0xEE, 0x15, 0x70, 0xCD, 0x83, 0xC0, 0x02, 0x39, 0x5B, 0x01, 0x03, 0x38,
    0x05, 0xD7, 0xC0, 0x46, 0xD8, 0xC3, 0xED, 0x61, 0x0F, 0x0A, 0x87, 0xC8, 0x25, 0x5B, 0x98, 0xE3,
    0x82, 0xA2, 0xCB, 0xD7, 0x64, 0x9F, 0xD6, 0x53, 0x54, 0x58, 0xB6, 0x78, 0xB2, 0x3E, 0x19, 0xFB,
    0x05, 0x5D, 0xD0, 0x81, 0x09, 0x83, 0x40, 0x0C, 0x05, 0xD0, 0x3B, 0x05, 0x0A, 0x08, 0xDC, 0x08,
    0x8E, 0xE0, 0x08, 0x0E, 0xD4, 0x21, 0x74, 0x99, 0xCE, 0xD1, 0x8C, 0xD2, 0x11, 0x02, 0x1C, 0x20,
    0x72, 0xF0, 0x9B, 0x9F, 0x26, 0x00, 0xFD, 0x00, 0x7E, 0xC3, 0x23, 0x18, 0x8B, 0xA5, 0x96, 0xCC,
    0x43, 0xB2, 0xAD, 0x9A, 0xED, 0x18, 0x51, 0x2A, 0x90, 0x0C, 0x90, 0x60, 0x80, 0x06, 0x03, 0x46,
    0xB0, 0xD7, 0x13, 0x3F, 0xD6, 0x6D, 0x2C, 0xCE, 0x64, 0x3A, 0x9B, 0x3A, 0xB3, 0xE7, 0x3C, 0x9C,
    0x9D, 0x5B, 0x9F, 0x40, 0x06, 0xD9, 0x7A, 0x85, 0x70, 0xDB, 0x7D, 0x58, 0x53, 0xDF, 0x06, 0x6B,
    0xC3, 0x98, 0x45, 0x27, 0xC0, 0x98, 0xE5, 0x33, 0x03, 0xB2, 0xB2, 0xC9, 0x02, 0xE8, 0xCE, 0x56,
    0x36, 0xE0, 0xE2, 0xEC, 0x2A, 0xB4, 0x74, 0xBA, 0x50, 0x54, 0x04, 0xF1, 0x7D, 0x6C, 0xC3, 0xBF,
    0xB8, 0xF3, 0xCD, 0xAF, 0x60, 0xC4, 0x2F, 0x83, 0x33, 0xC2, 0xFB, 0x4D, 0x46, 0x28, 0x2B, 0x19,
    0xE1, 0xD9, 0xC8, 0x0C, 0xB2, 0xC5, 0xBD, 0xD2, 0xC8, 0x08, 0xFB, 0xA1, 0xFF, 0xFF, 0xA5, 0x00,
    0x25, 0xB2, 0x8F, 0x6C, 0x4D, 0xB3, 0xCD, 0xC9, 0x22, 0x5F,
};

static const EpdGlyph notoserif_en_20_boldGlyphs[] = {
    { 0, 0, 173, 0, 0, 0, 0 }, // U+0020
    { 8, 31, 255, 4, 30, 62, 0 }, // !
    { 17, 12, 339, 2, 30, 51, 62 }, // "
    { 22, 30, 377, 1, 30, 165, 113 }, // #
    { 20, 36, 377, 2, 32, 180, 278 }, // $
    { 36, 32, 604, 1, 31, 288, 458 }, // %
    { 32, 32, 534, 1, 31, 256, 746 }, // &
    { 8, 12, 193, 2, 30, 24, 1002 }, // '
    { 14, 39, 267, 2, 33, 137, 1026 }, // (
    { 14, 39, 267, 1, 33, 137, 1163 }, // )
    { 19, 17, 335, 1, 32, 81, 1300 }, // *
    { 19, 20, 377, 2, 25, 95, 1381 }, // +
    { 9, 14, 196, 1, 7, 32, 1476 }, // ,
    { 11, 5, 207, 1, 14, 14, 1508 }, // -
    { 8, 8, 196, 2, 7, 16, 1522 }, // .
    { 12, 38, 192, 0, 32, 114, 1538 }, // /
    { 21, 32, 388, 2, 31, 168, 1652 }, // 0
    { 21, 30, 337, 0, 30, 158, 1820 }, // 1
    { 21, 31, 354, 1, 31, 163, 1978 }, // 2
    { 21, 32, 359, 1, 31, 168, 2141 }, // 3
    { 23, 30, 371, 0, 30, 173, 2309 }, // 4
    { 20, 31, 353, 1, 30, 155, 2482 }, // 5
    { 21, 32, 373, 1, 31, 168, 2637 }, // 6
    { 21, 30, 361, 1, 30, 158, 2805 }, // 7
    { 22, 32, 386, 1, 31, 176, 2963 }, // 8
    { 21, 32, 373, 1, 31, 168, 3139 }, // 9
    { 8, 24, 203, 2, 23, 48, 3307 }, // :
    { 8, 30, 203, 2, 23, 60, 3355 }, // ;
    { 19, 22, 377, 2, 26, 105, 3415 }, // <
    { 20, 12, 377, 2, 21, 60, 3520 }, // =
    { 19, 22, 377, 2, 26, 105, 3580 }, // >
    { 20, 32, 367, 1, 31, 160, 3685 }, // ?
    { 35, 36, 614, 2, 30, 315, 3845 }, // @
    { 32, 30, 502, 0, 30, 240, 4160 }, // A
    { 26, 30, 448, 1, 30, 195, 4400 }, // B
    { 25, 32, 446, 2, 31, 200, 4595 }, // C
    { 29, 30, 511, 1, 30, 218, 4795 }, // D
    { 25, 30, 435, 1, 30, 188, 5013 }, // E
    { 24, 30, 414, 1, 30, 180, 5201 }, // F
    { 29, 32, 513, 2, 31, 232, 5381 }, // G
    { 32, 30, 546, 1, 30, 240, 5613 }, // H
    { 15, 30, 267, 1, 30, 113, 5853 }, // I
    { 17, 40, 264, -1, 30, 170, 5966 }, // J
    { 30, 30, 489, 1, 30, 225, 6136 }, // K
    { 25, 30, 436, 1, 30, 188, 6361 }, // L
    { 38, 30, 635, 1, 30, 285, 6549 }, // M
    { 32, 30, 525, 1, 30, 240, 6834 }, // N
    { 29, 32, 525, 2, 31, 232, 7074 }, // O
    { 25, 30, 425, 1, 30, 188, 7306 }, // P
    { 29, 41, 525, 2, 31, 298, 7494 }, // Q
    { 29, 30, 475, 1, 30, 218, 7792 }, // R
    { 22, 32, 386, 1, 31, 176, 8010 }, // S
    { 27, 30, 435, 0, 30, 203, 8186 }, // T
    { 31, 31, 498, 0, 30, 241, 8389 }, // U
    { 30, 30, 465, 0, 30, 225, 8630 }, // V
    { 45, 30, 711, 0, 30, 338, 8855 }, // W
    { 31, 30, 489, 0, 30, 233, 9193 }, // X
    { 29, 30, 462, 0, 30, 218, 9426 }, // Y
    { 25, 30, 445, 1, 30, 188, 9644 }, // Z
    { 12, 38, 277, 4, 32, 114, 9832 }, // [
    { 12, 38, 192, 0, 32, 114, 9946 }, // <backslash>
    { 13, 38, 277, 1, 32, 124, 10060 }, // ]
    { 21, 20, 373, 1, 30, 105, 10184 }, // ^
    { 21, 3, 306, -1, -3, 16, 10289 }, // _
    { 12, 7, 223, 1, 32, 21, 10305 }, // `
    { 23, 24, 400, 1, 23, 138, 10326 }, // a
    { 26, 33, 433, 0, 32, 215, 10464 }, // b
    { 20, 24, 351, 1, 23, 120, 10679 }, // c
    { 26, 33, 433, 1, 32, 215, 10799 }, // d
    { 22, 24, 381, 1, 23, 132, 11014 }, // e
    { 20, 33, 271, 0, 33, 165, 11146 }, // f
    { 24, 35, 373, 0, 25, 210, 11311 }, // g
    { 27, 32, 445, 0, 32, 216, 11521 }, // h
    { 14, 33, 235, 0, 33, 116, 11737 }, // i
    { 12, 43, 230, -1, 33, 129, 11853 }, // j
    { 27, 32, 425, 0, 32, 216, 11982 }, // k
    { 14, 32, 235, 0, 32, 112, 12198 }, // l
    { 41, 23, 657, 0, 23, 236, 12310 }, // m
    { 27, 23, 445, 0, 23, 156, 12546 }, // n
    { 23, 24, 409, 1, 23, 138, 12702 }, // o
    { 25, 33, 430, 0, 23, 207, 12840 }, // p
    { 26, 33, 432, 1, 23, 215, 13047 }, // q
    { 22, 23, 349, 0, 23, 127, 13262 }, // r
    { 18, 24, 321, 1, 23, 108, 13389 }, // s
    { 17, 29, 270, 0, 28, 124, 13497 }, // t
    { 26, 24, 445, 1, 23, 156, 13621 }, // u
    { 26, 23, 404, 0, 23, 150, 13777 }, // v
    { 37, 23, 571, -1, 23, 213, 13927 }, // w
    { 27, 23, 431, 0, 23, 156, 14140 }, // x
    { 25, 33, 386, 0, 23, 207, 14296 }, // y
    { 21, 23, 353, 0, 23, 121, 14503 }, // z
    { 17, 38, 295, 1, 32, 162, 14624 }, // {
    { 4, 42, 377, 10, 32, 42, 14786 }, // |
    { 17, 38, 295, 1, 32, 162, 14828 }, // }
    { 21, 9, 377, 1, 19, 48, 14990 }, // ~
    { 0, 0, 173, 0, 0, 0, 0 }, // U+00A0
    { 8, 31, 255, 4, 23, 62, 0 }, // U+00A1
    { 20, 30, 377, 2, 30, 150, 62 }, // U+00A2
    { 22, 32, 373, 1, 31, 176, 212 }, // U+00A3
    { 19, 18, 377, 2, 24, 86, 388 }, // U+00A4
    { 24, 30, 377, 0, 30, 180, 474 }, // U+00A5
    { 4, 42, 377, 10, 32, 42, 654 }, // U+00A6
    { 20, 37, 363, 2, 32, 185, 696 }, // U+00A7
    { 14, 7, 385, 5, 32, 25, 881 }, // U+00A8
    { 31, 32, 563, 2, 31, 248, 906 }, // U+00A9
    { 16, 15, 280, 1, 30, 60, 1154 }, // U+00AA
    { 19, 18, 369, 2, 20, 86, 1214 }, // U+00AB
    { 19, 12, 377, 2, 17, 57, 1300 }, // U+00AC
    { 11, 5, 207, 1, 14, 14, 1357 }, // U+00AD
    { 31, 32, 563, 2, 31, 248, 1371 }, // U+00AE
    { 21, 4, 306, -1, 35, 21, 1619 }, // U+00AF
    { 14, 14, 267, 1, 31, 49, 1640 }, // U+00B0
    { 19, 25, 377, 2, 25, 119, 1689 }, // U+00B1
    { 14, 19, 267, 1, 35, 67, 1808 }, // U+00B2
    { 14, 20, 267, 1, 35, 70, 1875 }, // U+00B3
    { 12, 7, 223, 1, 32, 21, 1945 }, // U+00B4
    { 24, 33, 443, 3, 23, 198, 1966 }, // U+00B5
    { 24, 37, 418, 1, 32, 222, 2164 }, // U+00B6
    { 8, 8, 196, 2, 19, 16, 2386 }, // U+00B7
    { 10, 11, 222, 2, 1, 28, 2402 }, // U+00B8
    { 14, 19, 267, 1, 35, 67, 2430 }, // U+00B9
    { 16, 15, 291, 1, 30, 60, 2497 }, // U+00BA
    { 19, 18, 369, 2, 20, 86, 2557 }, // U+00BB
    { 35, 31, 560, 0, 31, 272, 2643 }, // U+00BC
    { 35, 31, 560, 0, 31, 272, 2915 }, // U+00BD
    { 34, 31, 560, 1, 31, 264, 3187 }, // U+00BE
    { 20, 31, 367, 2, 23, 155, 3451 }, // U+00BF
    { 32, 39, 502, 0, 39, 312, 3606 }, // U+00C0
    { 32, 39, 502, 0, 39, 312, 3918 }, // U+00C1
    { 32, 39, 502, 0, 39, 312, 4230 }, // U+00C2
    { 32, 39, 502, 0, 39, 312, 4542 }, // U+00C3
    { 32, 39, 502, 0, 39, 312, 4854 }, // U+00C4
    { 32, 37, 502, 0, 37, 296, 5166 }, // U+00C5
    { 41, 30, 662, 0, 30, 308, 5462 }, // U+00C6
    { 25, 41, 446, 2, 31, 257, 5770 }, // U+00C7
    { 25, 39, 435, 1, 39, 244, 6027 }, // U+00C8
    { 25, 39, 435, 1, 39, 244, 6271 }, // U+00C9
    { 25, 39, 435, 1, 39, 244, 6515 }, // U+00CA
    { 25, 39, 435, 1, 39, 244, 6759 }, // U+00CB
    { 16, 39, 267, 0, 39, 156, 7003 }, // U+00CC
    { 15, 39, 267, 1, 39, 147, 7159 }, // U+00CD
    { 16, 39, 267, 0, 39, 156, 7306 }, // U+00CE
    { 15, 39, 267, 1, 39, 147, 7462 }, // U+00CF
    { 29, 30, 511, 1, 30, 218, 7609 }, // U+00D0
    { 32, 39, 525, 1, 39, 312, 7827 }, // U+00D1
    { 29, 40, 525, 2, 39, 290, 8139 }, // U+00D2
    { 29, 40, 525, 2, 39, 290, 8429 }, // U+00D3
    { 29, 40, 525, 2, 39, 290, 8719 }, // U+00D4
    { 29, 40, 525, 2, 39, 290, 9009 }, // U+00D5
    { 29, 40, 525, 2, 39, 290, 9299 }, // U+00D6
    { 18, 18, 377, 3, 24, 81, 9589 }, // U+00D7
    { 29, 34, 525, 2, 32, 247, 9670 }, // U+00D8
    { 31, 40, 498, 0, 39, 310, 9917 }, // U+00D9
    { 31, 40, 498, 0, 39, 310, 10227 }, // U+00DA
    { 31, 40, 498, 0, 39, 310, 10537 }, // U+00DB
    { 31, 40, 498, 0, 39, 310, 10847 }, // U+00DC
    { 29, 39, 462, 0, 39, 283, 11157 }, // U+00DD
    { 25, 30, 425, 1, 30, 188, 11440 }, // U+00DE
    { 28, 34, 471, 0, 33, 238, 11628 }, // U+00DF
    { 23, 33, 400, 1, 32, 190, 11866 }, // U+00E0
    { 23, 33, 400, 1, 32, 190, 12056 }, // U+00E1
    { 23, 33, 400, 1, 32, 190, 12246 }, // U+00E2
    { 23, 33, 400, 1, 32, 190, 12436 }, // U+00E3
    { 23, 33, 400, 1, 32, 190, 12626 }, // U+00E4
    { 23, 35, 400, 1, 34, 202, 12816 }, // U+00E5
    { 34, 24, 583, 1, 23, 204, 13018 }, // U+00E6
    { 20, 33, 351, 1, 23, 165, 13222 }, // U+00E7
    { 22, 33, 381, 1, 32, 182, 13387 }, // U+00E8
    { 22, 33, 381, 1, 32, 182, 13569 }, // U+00E9
    { 22, 33, 381, 1, 32, 182, 13751 }, // U+00EA
    { 22, 33, 381, 1, 32, 182, 13933 }, // U+00EB
    { 15, 32, 235, -1, 32, 120, 14115 }, // U+00EC
    { 15, 32, 235, 0, 32, 120, 14235 }, // U+00ED
    { 16, 32, 235, -1, 32, 128, 14355 }, // U+00EE
    { 15, 32, 235, -1, 32, 120, 14483 }, // U+00EF
    { 23, 33, 409, 1, 32, 190, 14603 }, // U+00F0
    { 27, 32, 445, 0, 32, 216, 14793 }, // U+00F1
    { 23, 33, 409, 1, 32, 190, 15009 }, // U+00F2
    { 23, 33, 409, 1, 32, 190, 15199 }, // U+00F3
    { 23, 33, 409, 1, 32, 190, 15389 }, // U+00F4
    { 23, 33, 409, 1, 32, 190, 15579 }, // U+00F5
    { 23, 33, 409, 1, 32, 190, 15769 }, // U+00F6
    { 19, 22, 377, 2, 26, 105, 15959 }, // U+00F7
    { 23, 26, 409, 1, 24, 150, 16064 }, // U+00F8
    { 26, 33, 445, 1, 32, 215, 16214 }, // U+00F9
    { 26, 33, 445, 1, 32, 215, 16429 }, // U+00FA
    { 26, 33, 445, 1, 32, 215, 16644 }, // U+00FB
    { 26, 33, 445, 1, 32, 215, 16859 }, // U+00FC
    { 25, 42, 386, 0, 32, 263, 17074 }, // U+00FD
    { 25, 42, 430, 0, 32, 263, 17337 }, // U+00FE
    { 25, 42, 386, 0, 32, 263, 17600 }, // U+00FF
    { 40, 32, 679, 2, 31, 320, 0 }, // U+0152
    { 37, 24, 624, 1, 23, 222, 320 }, // U+0153
    { 22, 40, 386, 1, 39, 220, 542 }, // U+0160
    { 18, 33, 321, 1, 32, 149, 762 }, // U+0161
    { 29, 39, 462, 0, 39, 283, 911 }, // U+0178
    { 25, 39, 445, 1, 39, 244, 1194 }, // U+017D
    { 21, 32, 353, 0, 32, 168, 1438 }, // U+017E
    { 25, 43, 331, -1, 33, 269, 0 }, // U+0192
    { 16, 7, 290, 1, 32, 28, 0 }, // U+02C6
    { 18, 7, 317, 1, 32, 32, 28 }, // U+02DC
    { 12, 7, 0, -20, 32, 21, 0 }, // U+0300
    { 11, 7, 0, -14, 32, 20, 21 }, // U+0301
    { 16, 7, 0, -20, 32, 28, 41 }, // U+0302
    { 17, 7, 0, -22, 32, 30, 69 }, // U+0303
    { 14, 4, 0, -7, 29, 14, 99 }, // U+0304
    { 20, 4, 0, -10, 35, 20, 113 }, // U+0305
    { 14, 7, 0, -7, 32, 25, 133 }, // U+0306
    { 8, 7, 0, -4, 33, 14, 158 }, // U+0307
    { 14, 7, 0, -7, 32, 25, 172 }, // U+0308
    { 11, 11, 0, -18, 35, 31, 197 }, // U+0309
    { 10, 10, 0, -5, 34, 25, 228 }, // U+030A
    { 18, 7, 0, -9, 32, 32, 253 }, // U+030B
    { 16, 7, 0, -21, 32, 28, 285 }, // U+030C
    { 4, 8, 0, -2, 32, 8, 313 }, // U+030D
    { 10, 8, 0, -5, 32, 20, 321 }, // U+030E
    { 18, 7, 0, -24, 32, 32, 341 }, // U+030F
    { 14, 12, 0, -7, 37, 42, 373 }, // U+0310
    { 14, 7, 0, -7, 32, 25, 415 }, // U+0311
    { 8, 13, 0, -4, 30, 26, 440 }, // U+0312
    { 8, 13, 0, -4, 30, 26, 466 }, // U+0313
    { 8, 13, 0, -4, 30, 26, 492 }, // U+0314
    { 8, 13, 0, -4, 30, 26, 518 }, // U+0315
    { 12, 7, 0, -6, -3, 21, 544 }, // U+0316
    { 12, 7, 0, -6, -3, 21, 565 }, // U+0317
    { 8, 8, 0, -4, -1, 16, 586 }, // U+0318
    { 8, 8, 0, -4, -1, 16, 602 }, // U+0319
    { 12, 12, 247, 0, 32, 36, 618 }, // U+031A
    { 8, 11, 0, -4, 33, 22, 654 }, // U+031B
    { 6, 10, 0, -3, 0, 15, 676 }, // U+031C
    { 8, 7, 0, -4, -2, 14, 691 }, // U+031D
    { 8, 7, 0, -4, -2, 14, 705 }, // U+031E
    { 8, 9, 0, -4, -1, 18, 719 }, // U+031F
    { 10, 3, 0, -5, -4, 8, 737 }, // U+0320
    { 10, 11, 0, -5, 2, 28, 745 }, // U+0321
    { 10, 11, 0, -5, 2, 28, 773 }, // U+0322
    { 8, 7, 0, -16, -2, 14, 801 }, // U+0323
    { 14, 7, 0, -7, -2, 25, 815 }, // U+0324
    { 10, 10, 0, -5, 0, 25, 840 }, // U+0325
    { 8, 8, 0, -4, -2, 16, 865 }, // U+0326
    { 10, 11, 0, -5, 1, 28, 881 }, // U+0327
    { 10, 10, 0, -5, 0, 25, 909 }, // U+0328
    { 4, 9, 0, -2, -1, 9, 934 }, // U+0329
    { 16, 7, 0, -8, -3, 28, 943 }, // U+032A
    { 14, 6, 0, -7, -2, 21, 971 }, // U+032B
    { 16, 7, 0, -8, -2, 28, 992 }, // U+032C
    { 16, 8, 0, -8, -2, 32, 1020 }, // U+032D
    { 14, 7, 0, -7, -2, 25, 1052 }, // U+032E
    { 14, 7, 0, -7, -2, 25, 1077 }, // U+032F
    { 18, 7, 0, -9, -2, 32, 1102 }, // U+0330
    { 14, 5, 0, -7, -3, 18, 1134 }, // U+0331
    { 18, 5, 0, -9, -3, 23, 1152 }, // U+0332
    { 18, 9, 0, -9, -1, 41, 1175 }, // U+0333
    { 18, 7, 0, -9, 15, 32, 1216 }, // U+0334
    { 18, 4, 0, -9, 14, 18, 1248 }, // U+0335
    { 28, 4, 0, -14, 14, 28, 1266 }, // U+0336
    { 16, 12, 0, -8, 18, 48, 1294 }, // U+0337
    { 17, 37, 0, -9, 33, 158, 1342 }, // U+0338
    { 6, 10, 0, -3, 0, 15, 1500 }, // U+0339
    { 16, 7, 0, -8, -3, 28, 1515 }, // U+033A
    { 16, 9, 0, -8, -1, 36, 1543 }, // U+033B
    { 14, 6, 0, -7, -2, 21, 1579 }, // U+033C
    { 9, 8, 0, -4, 32, 18, 1600 }, // U+033D
    { 6, 14, 0, -3, 37, 21, 1618 }, // U+033E
    { 18, 9, 0, -9, 40, 41, 1639 }, // U+033F
    { 12, 7, 0, -7, 32, 21, 1680 }, // U+0340
    { 12, 7, 0, -5, 32, 21, 1701 }, // U+0341
    { 18, 7, 0, -9, 32, 32, 1722 }, // U+0342
    { 7, 9, 0, -3, 34, 16, 1754 }, // U+0343
    { 18, 9, 0, -9, 33, 41, 1770 }, // U+0344
    { 9, 8, 0, 2, -2, 18, 1811 }, // U+0345
    { 16, 7, 0, -8, 32, 28, 1829 }, // U+0346
    { 18, 9, 0, -9, -1, 41, 1857 }, // U+0347
    { 10, 8, 0, -5, -2, 20, 1898 }, // U+0348
    { 8, 7, 0, -4, -3, 14, 1918 }, // U+0349
    { 18, 11, 0, -9, 34, 50, 1932 }, // U+034A
    { 18, 18, 0, -9, 41, 81, 1982 }, // U+034B
    { 18, 15, 0, -9, 39, 68, 2063 }, // U+034C
    { 14, 9, 0, -7, -1, 32, 2131 }, // U+034D
    { 8, 10, 0, -4, 0, 20, 2163 }, // U+034E
    { 30, 30, 0, -15, 30, 225, 2183 }, // U+034F
    { 8, 10, 0, -4, 33, 20, 2408 }, // U+0350
    { 6, 10, 0, -3, 34, 15, 2428 }, // U+0351
    { 14, 12, 0, -7, 36, 42, 2443 }, // U+0352
    { 8, 8, 0, -4, -2, 16, 2485 }, // U+0353
    { 8, 10, 0, -4, -1, 20, 2501 }, // U+0354
    { 8, 10, 0, -4, -1, 20, 2521 }, // U+0355
    { 18, 9, 0, -9, -1, 41, 2541 }, // U+0356
    { 6, 10, 0, -3, 34, 15, 2582 }, // U+0357
    { 8, 7, 0, 3, 33, 14, 2597 }, // U+0358
    { 12, 9, 0, -6, -1, 27, 2611 }, // U+0359
    { 16, 9, 0, -8, -1, 36, 2638 }, // U+035A
    { 8, 9, 0, -4, 33, 18, 2674 }, // U+035B
    { 32, 8, 0, -16, -1, 64, 2692 }, // U+035C
    { 32, 9, 0, -16, 33, 72, 2756 }, // U+035D
    { 26, 3, 0, -13, 29, 20, 2828 }, // U+035E
    { 26, 3, 0, -13, -3, 20, 2848 }, // U+035F
    { 34, 8, 0, -17, 33, 68, 2868 }, // U+0360
    { 34, 9, 0, -17, 35, 77, 2936 }, // U+0361
    { 26, 9, 0, -13, -1, 59, 3013 }, // U+0362
    { 11, 10, 0, -5, 35, 28, 3072 }, // U+0363
    { 10, 10, 0, -5, 35, 25, 3100 }, // U+0364
    { 7, 14, 0, -3, 39, 25, 3125 }, // U+0365
    { 11, 10, 0, -5, 35, 28, 3150 }, // U+0366
    { 13, 10, 0, -6, 35, 33, 3178 }, // U+0367
    { 9, 10, 0, -4, 35, 23, 3211 }, // U+0368
    { 12, 14, 0, -5, 39, 42, 3234 }, // U+0369
    { 13, 14, 0, -6, 39, 46, 3276 }, // U+036A
    { 19, 10, 0, -9, 35, 48, 3322 }, // U+036B
    { 11, 10, 0, -5, 35, 28, 3370 }, // U+036C
    { 7, 12, 0, -3, 37, 21, 3398 }, // U+036D
    { 13, 10, 0, -6, 35, 33, 3419 }, // U+036E
    { 13, 10, 0, -6, 35, 33, 3452 }, // U+036F
    { 0, 0, 333, 0, 0, 0, 0 }, // U+2000
    { 0, 0, 667, 0, 0, 0, 0 }, // U+2001
    { 0, 0, 333, 0, 0, 0, 0 }, // U+2002
    { 0, 0, 667, 0, 0, 0, 0 }, // U+2003
    { 0, 0, 222, 0, 0, 0, 0 }, // U+2004
    { 0, 0, 167, 0, 0, 0, 0 }, // U+2005
    { 0, 0, 111, 0, 0, 0, 0 }, // U+2006
    { 0, 0, 377, 0, 0, 0, 0 }, // U+2007
    { 0, 0, 196, 0, 0, 0, 0 }, // U+2008
    { 0, 0, 111, 0, 0, 0, 0 }, // U+2009
    { 0, 0, 67, 0, 0, 0, 0 }, // U+200A
    { 0, 0, 0, 0, 0, 0, 0 }, // U+200B
    { 2, 33, 0, -1, 27, 17, 0 }, // U+200C
    { 10, 35, 0, -5, 29, 88, 17 }, // U+200D
    { 10, 35, 0, -1, 29, 88, 105 }, // U+200E
    { 10, 35, 0, -9, 29, 88, 193 }, // U+200F
    { 11, 5, 207, 1, 14, 14, 281 }, // U+2010
    { 11, 5, 207, 1, 14, 14, 295 }, // U+2011
    { 20, 4, 377, 2, 17, 20, 309 }, // U+2012
    { 23, 4, 333, -1, 13, 23, 329 }, // U+2013
    { 43, 4, 667, -1, 13, 43, 352 }, // U+2014
    { 43, 4, 667, -1, 13, 43, 395 }, // U+2015
    { 12, 42, 373, 6, 32, 126, 438 }, // U+2016
    { 19, 8, 274, -1, -1, 38, 564 }, // U+2017
    { 8, 13, 187, 2, 30, 26, 602 }, // U+2018
    { 9, 13, 187, 1, 30, 30, 628 }, // U+2019
    { 9, 14, 196, 1, 7, 32, 658 }, // U+201A
    { 8, 13, 187, 2, 30, 26, 690 }, // U+201B
    { 17, 13, 326, 2, 30, 56, 716 }, // U+201C
    { 18, 13, 326, 1, 30, 59, 772 }, // U+201D
    { 18, 14, 326, 1, 7, 63, 831 }, // U+201E
    { 17, 13, 326, 2, 30, 56, 894 }, // U+201F
    { 18, 37, 319, 1, 32, 167, 950 }, // U+2020
    { 18, 37, 319, 1, 32, 167, 1117 }, // U+2021
    { 13, 14, 267, 2, 22, 46, 1284 }, // U+2022
    { 14, 14, 333, 4, 22, 49, 1330 }, // U+2023
    { 8, 8, 196, 2, 19, 16, 1379 }, // U+2024
    { 20, 8, 384, 2, 19, 40, 1395 }, // U+2025
    { 34, 8, 609, 2, 7, 68, 1435 }, // U+2026
    { 8, 8, 196, 2, 16, 16, 1503 }, // U+2027
    { 0, 0, 400, 0, 0, 0, 1519 }, // U+2028
    { 0, 0, 400, 0, 0, 0, 1519 }, // U+2029
    { 10, 32, 0, -1, 26, 80, 1519 }, // U+202A
    { 10, 32, 0, -9, 26, 80, 1599 }, // U+202B
    { 10, 35, 0, -5, 29, 88, 1679 }, // U+202C
    { 10, 35, 0, -5, 29, 88, 1767 }, // U+202D
    { 10, 35, 0, -5, 29, 88, 1855 }, // U+202E
    { 0, 0, 111, 0, 0, 0, 1943 }, // U+202F
    { 53, 32, 873, 1, 31, 424, 1943 }, // U+2030
    { 70, 32, 1153, 1, 31, 560, 2367 }, // U+2031
    { 10, 11, 167, 0, 30, 28, 2927 }, // U+2032
    { 20, 11, 327, 0, 30, 55, 2955 }, // U+2033
    { 30, 11, 487, 0, 30, 83, 3010 }, // U+2034
    { 10, 11, 167, 0, 30, 28, 3093 }, // U+2035
    { 20, 11, 327, 0, 30, 55, 3121 }, // U+2036
    { 30, 11, 487, 0, 30, 83, 3176 }, // U+2037
    { 17, 12, 293, 1, 2, 51, 3259 }, // U+2038
    { 10, 18, 235, 2, 20, 45, 3310 }, // U+2039
    { 10, 18, 235, 2, 20, 45, 3355 }, // U+203A
    { 30, 30, 546, 2, 30, 225, 3400 }, // U+203B
    { 18, 31, 419, 4, 30, 140, 3625 }, // U+203C
    { 23, 32, 411, 1, 31, 184, 3765 }, // U+203D
    { 21, 4, 306, -1, 35, 21, 3949 }, // U+203E
    { 32, 8, 0, -16, -1, 64, 3970 }, // U+203F
    { 34, 9, 0, -17, 35, 77, 4034 }, // U+2040
    { 19, 30, 300, 0, 30, 143, 4111 }, // U+2041
    { 40, 32, 667, 1, 32, 320, 4254 }, // U+2042
    { 12, 8, 241, 2, 19, 24, 4574 }, // U+2043
    { 19, 30, 41, -8, 30, 143, 4598 }, // U+2044
    { 12, 38, 277, 4, 32, 114, 4741 }, // U+2045
    { 13, 38, 277, 1, 32, 124, 4855 }, // U+2046
    { 42, 32, 711, 1, 31, 336, 4979 }, // U+2047
    { 30, 32, 563, 1, 31, 240, 5315 }, // U+2048
    { 30, 32, 566, 4, 31, 240, 5555 }, // U+2049
    { 21, 32, 407, 1, 24, 168, 5795 }, // U+204A
    { 24, 37, 418, 1, 32, 222, 5963 }, // U+204B
    { 23, 16, 411, 1, 23, 92, 6185 }, // U+204C
    { 24, 16, 411, 1, 23, 96, 6277 }, // U+204D
    { 19, 17, 335, 1, 23, 81, 6373 }, // U+204E
    { 9, 30, 203, 2, 23, 68, 6454 }, // U+204F
    { 30, 32, 513, 1, 31, 240, 6522 }, // U+2050
    { 19, 35, 335, 1, 32, 167, 6762 }, // U+2051
    { 16, 31, 269, 0, 30, 124, 6929 }, // U+2052
    { 21, 9, 373, 1, 19, 48, 7053 }, // U+2053
    { 32, 9, 0, -16, 0, 72, 7101 }, // U+2054
    { 20, 20, 360, 1, 25, 100, 7173 }, // U+2055
    { 22, 24, 420, 2, 23, 132, 7273 }, // U+2056
    { 40, 11, 647, 0, 30, 110, 7405 }, // U+2057
    { 27, 24, 510, 2, 23, 162, 7515 }, // U+2058
    { 27, 24, 510, 2, 23, 162, 7677 }, // U+2059
    { 8, 32, 203, 2, 31, 64, 7839 }, // U+205A
    { 27, 32, 510, 2, 31, 216, 7903 }, // U+205B
    { 23, 23, 465, 3, 23, 133, 8119 }, // U+205C
    { 8, 32, 203, 2, 31, 64, 8252 }, // U+205D
    { 7, 32, 203, 3, 31, 56, 8316 }, // U+205E
    { 0, 0, 148, 0, 0, 0, 8372 }, // U+205F
    { 0, 0, 400, 0, 0, 0, 8372 }, // U+2060
    { 0, 0, 400, 0, 0, 0, 8372 }, // U+2061
    { 0, 0, 400, 0, 0, 0, 8372 }, // U+2062
    { 0, 0, 400, 0, 0, 0, 8372 }, // U+2063
    { 0, 0, 400, 0, 0, 0, 8372 }, // U+2064
    { 0, 0, 0, 0, 0, 0, 8372 }, // U+2066
    { 0, 0, 0, 0, 0, 0, 8372 }, // U+2067
    { 0, 0, 0, 0, 0, 0, 8372 }, // U+2068
    { 0, 0, 0, 0, 0, 0, 8372 }, // U+2069
    { 10, 35, 0, -5, 29, 88, 8372 }, // U+206A
    { 10, 35, 0, -5, 29, 88, 8460 }, // U+206B
    { 10, 35, 0, -5, 29, 88, 8548 }, // U+206C
    { 10, 35, 0, -5, 29, 88, 8636 }, // U+206D
    { 10, 35, 0, -5, 29, 88, 8724 }, // U+206E
    { 10, 35, 0, -5, 29, 88, 8812 }, // U+206F
    { 15, 20, 267, 1, 35, 75, 0 }, // U+2070
    { 10, 21, 153, 0, 32, 53, 75 }, // U+2071
    { 16, 19, 267, 0, 35, 76, 128 }, // U+2074
    { 14, 19, 267, 1, 34, 67, 204 }, // U+2075
    { 14, 20, 267, 1, 35, 70, 271 }, // U+2076
    { 14, 18, 267, 1, 34, 63, 341 }, // U+2077
    { 15, 20, 267, 1, 35, 75, 404 }, // U+2078
    { 14, 20, 267, 1, 35, 70, 479 }, // U+2079
    { 15, 15, 267, 1, 32, 57, 549 }, // U+207A
    { 15, 4, 267, 1, 26, 15, 606 }, // U+207B
    { 15, 10, 267, 1, 29, 38, 621 }, // U+207C
    { 10, 25, 167, 2, 37, 63, 659 }, // U+207D
    { 10, 25, 167, -2, 37, 63, 722 }, // U+207E
    { 18, 15, 289, 0, 26, 68, 785 }, // U+207F
    { 15, 20, 267, 1, 15, 75, 853 }, // U+2080
    { 14, 19, 267, 1, 15, 67, 928 }, // U+2081
    { 14, 19, 267, 1, 15, 67, 995 }, // U+2082
    { 14, 20, 267, 1, 15, 70, 1062 }, // U+2083
    { 16, 19, 267, 0, 15, 76, 1132 }, // U+2084
    { 14, 19, 267, 1, 14, 67, 1208 }, // U+2085
    { 14, 20, 267, 1, 15, 70, 1275 }, // U+2086
    { 14, 18, 267, 1, 14, 63, 1345 }, // U+2087
    { 15, 20, 267, 1, 15, 75, 1408 }, // U+2088
    { 14, 20, 267, 1, 15, 70, 1483 }, // U+2089
    { 15, 15, 267, 1, 12, 57, 1553 }, // U+208A
    { 15, 4, 267, 1, 6, 15, 1610 }, // U+208B
    { 15, 10, 267, 1, 9, 38, 1625 }, // U+208C
    { 10, 25, 167, 2, 17, 63, 1663 }, // U+208D
    { 10, 25, 167, -2, 17, 63, 1726 }, // U+208E
    { 15, 15, 260, 1, 10, 57, 1789 }, // U+2090
    { 14, 15, 248, 1, 10, 53, 1846 }, // U+2091
    { 15, 15, 266, 1, 10, 57, 1899 }, // U+2092
    { 18, 14, 280, 0, 10, 63, 1956 }, // U+2093
    { 14, 15, 248, 1, 10, 53, 2019 }, // U+2094
    { 18, 19, 289, 0, 15, 86, 2072 }, // U+2095
    { 18, 19, 276, 0, 15, 86, 2158 }, // U+2096
    { 10, 19, 153, 0, 15, 48, 2244 }, // U+2097
    { 26, 14, 427, 0, 10, 91, 2292 }, // U+2098
    { 18, 14, 289, 0, 10, 63, 2383 }, // U+2099
    { 17, 20, 279, 0, 10, 85, 2446 }, // U+209A
    { 13, 15, 208, 0, 10, 49, 2531 }, // U+209B
    { 11, 18, 176, 0, 13, 50, 2580 }, // U+209C
    { 30, 31, 513, 1, 31, 233, 0 }, // U+20A0
    { 25, 35, 446, 2, 32, 219, 233 }, // U+20A1
    { 25, 32, 446, 2, 31, 200, 452 }, // U+20A2
    { 22, 30, 377, 1, 30, 165, 652 }, // U+20A3
    { 22, 32, 377, 1, 31, 176, 817 }, // U+20A4
    { 41, 34, 657, 0, 28, 349, 993 }, // U+20A5
    { 33, 30, 525, 0, 30, 248, 1342 }, // U+20A6
    { 35, 31, 600, 1, 30, 272, 1590 }, // U+20A7
    { 46, 31, 769, 1, 30, 357, 1862 }, // U+20A8
    { 46, 30, 711, -1, 30, 345, 2219 }, // U+20A9
    { 32, 25, 595, 3, 25, 200, 2564 }, // U+20AA
    { 26, 38, 433, 1, 32, 247, 2764 }, // U+20AB
    { 22, 32, 373, 1, 31, 176, 3011 }, // U+20AC
    { 31, 30, 489, 0, 30, 233, 3187 }, // U+20AD
    { 27, 30, 435, 0, 30, 203, 3420 }, // U+20AE
    { 46, 43, 738, 0, 34, 495, 3623 }, // U+20AF
    { 25, 41, 424, 0, 31, 257, 4118 }, // U+20B0
    { 27, 30, 425, 0, 30, 203, 4375 }, // U+20B1
    { 29, 37, 513, 2, 33, 269, 4578 }, // U+20B2
    { 31, 30, 502, 0, 30, 233, 4847 }, // U+20B3
    { 25, 32, 386, -1, 31, 200, 5080 }, // U+20B4
    { 25, 37, 446, 2, 33, 232, 5280 }, // U+20B5
    { 25, 31, 395, 0, 30, 194, 5512 }, // U+20B6
    { 21, 35, 377, 1, 31, 184, 5706 }, // U+20B7
    { 23, 30, 377, 0, 30, 173, 5890 }, // U+20B8
    { 21, 30, 373, 1, 30, 158, 6063 }, // U+20B9
    { 23, 30, 377, 0, 30, 173, 6221 }, // U+20BA
    { 26, 32, 435, 0, 31, 208, 6394 }, // U+20BB
    { 27, 29, 524, 3, 29, 196, 6602 }, // U+20BC
    { 23, 30, 393, 1, 30, 173, 6798 }, // U+20BD
    { 27, 32, 467, 1, 32, 216, 6971 }, // U+20BE
    { 21, 37, 377, 1, 33, 195, 7187 }, // U+20BF
    { 20, 31, 351, 1, 23, 155, 7382 }, // U+20C0
    { 32, 31, 513, 0, 30, 248, 0 }, // U+2100
    { 33, 31, 521, 0, 30, 256, 248 }, // U+2101
    { 23, 32, 421, 2, 31, 184, 504 }, // U+2102
    { 40, 32, 667, 1, 31, 320, 688 }, // U+2103
    { 28, 30, 477, 1, 30, 210, 1008 }, // U+2104
    { 32, 31, 542, 1, 30, 248, 1218 }, // U+2105
    { 34, 31, 571, 1, 30, 264, 1466 }, // U+2106
    { 23, 32, 411, 1, 31, 184, 1730 }, // U+2107
    { 26, 32, 455, 1, 31, 208, 1914 }, // U+2108
    { 38, 31, 637, 1, 31, 295, 2122 }, // U+2109
    { 29, 34, 387, -4, 17, 247, 2417 }, // U+210A
    { 47, 32, 705, -1, 31, 376, 2664 }, // U+210B
    { 29, 36, 489, 0, 30, 261, 3040 }, // U+210C
    { 25, 30, 518, 4, 30, 188, 3301 }, // U+210D
    { 27, 33, 449, 1, 32, 223, 3489 }, // U+210E
    { 27, 33, 449, 1, 32, 223, 3712 }, // U+210F
    { 34, 32, 495, -1, 31, 272, 3935 }, // U+2110
    { 22, 31, 373, 1, 30, 171, 4207 }, // U+2111
    { 34, 32, 555, 0, 31, 272, 4378 }, // U+2112
    { 20, 32, 373, 1, 31, 160, 4650 }, // U+2113
    { 25, 32, 421, 1, 31, 200, 4810 }, // U+2114
    { 25, 30, 519, 4, 30, 188, 5010 }, // U+2115
    { 42, 30, 684, 1, 30, 315, 5198 }, // U+2116
    { 31, 32, 563, 2, 31, 248, 5513 }, // U+2117
    { 32, 38, 557, 1, 27, 304, 5761 }, // U+2118
    { 22, 30, 437, 4, 30, 165, 6065 }, // U+2119
    { 30, 39, 521, 2, 31, 293, 6230 }, // U+211A
    { 37, 32, 581, -1, 31, 296, 6523 }, // U+211B
    { 35, 32, 566, 1, 31, 280, 6819 }, // U+211C
    { 26, 30, 476, 4, 30, 195, 7099 }, // U+211D
    { 32, 30, 530, 1, 30, 240, 7294 }, // U+211E
    { 29, 44, 471, 1, 38, 319, 7534 }, // U+211F
    { 32, 17, 557, 2, 31, 136, 7853 }, // U+2120
    { 38, 15, 647, 1, 30, 143, 7989 }, // U+2121
    { 33, 15, 557, 1, 30, 124, 8132 }, // U+2122
    { 30, 44, 465, 0, 38, 330, 8256 }, // U+2123
    { 24, 30, 420, 1, 30, 180, 8586 }, // U+2124
    { 24, 40, 395, 0, 30, 240, 8766 }, // U+2125
    { 31, 31, 539, 1, 31, 241, 9006 }, // U+2126
    { 31, 31, 539, 2, 30, 241, 9247 }, // U+2127
    { 23, 38, 391, 0, 33, 219, 9488 }, // U+2128
    { 12, 24, 251, 1, 31, 72, 9707 }, // U+2129
    { 30, 30, 489, 1, 30, 225, 9779 }, // U+212A
    { 32, 37, 502, 0, 37, 296, 10004 }, // U+212B
    { 35, 32, 559, 0, 31, 280, 10300 }, // U+212C
    { 25, 32, 448, 2, 31, 200, 10580 }, // U+212D
    { 22, 24, 413, 2, 23, 132, 10780 }, // U+212E
    { 18, 18, 308, 1, 17, 81, 10912 }, // U+212F
    { 25, 32, 402, 1, 31, 200, 10993 }, // U+2130
    { 37, 32, 549, -1, 31, 296, 11193 }, // U+2131
    { 24, 30, 414, 1, 30, 180, 11489 }, // U+2132
    { 50, 32, 770, -1, 31, 400, 11669 }, // U+2133
    { 19, 18, 320, 1, 17, 86, 12069 }, // U+2134
    { 23, 28, 406, 1, 27, 161, 12155 }, // U+2135
    { 21, 27, 366, 1, 27, 142, 12316 }, // U+2136
    { 16, 28, 286, 0, 27, 112, 12458 }, // U+2137
    { 20, 28, 341, 0, 27, 140, 12570 }, // U+2138
    { 14, 33, 235, 0, 33, 116, 12710 }, // U+2139
    { 41, 30, 695, 2, 30, 308, 12826 }, // U+213A
    { 41, 15, 685, 1, 30, 154, 13134 }, // U+213B
    { 30, 24, 518, 2, 23, 180, 13288 }, // U+213C
    { 22, 33, 362, 0, 23, 182, 13468 }, // U+213D
    { 19, 30, 368, 4, 30, 143, 13650 }, // U+213E
    { 25, 30, 555, 4, 30, 188, 13793 }, // U+213F
    { 25, 40, 413, 1, 30, 250, 13981 }, // U+2140
    { 25, 32, 483, 3, 31, 200, 14231 }, // U+2141
    { 19, 30, 372, 1, 30, 143, 14431 }, // U+2142
    { 19, 30, 372, 1, 30, 143, 14574 }, // U+2143
    { 26, 30, 415, 0, 30, 195, 14717 }, // U+2144
    { 29, 30, 487, 1, 30, 218, 14912 }, // U+2145
    { 27, 33, 386, 0, 32, 223, 15130 }, // U+2146
    { 21, 24, 333, 0, 23, 126, 15353 }, // U+2147
    { 14, 33, 229, 1, 33, 116, 15479 }, // U+2148
    { 22, 43, 229, -7, 33, 237, 15595 }, // U+2149
    { 32, 34, 548, 1, 34, 272, 15832 }, // U+214A
    { 32, 32, 534, 0, 31, 256, 16104 }, // U+214B
    { 26, 32, 437, 1, 31, 208, 16360 }, // U+214C
    { 32, 31, 521, 0, 30, 248, 16568 }, // U+214D
    { 21, 23, 342, 0, 23, 121, 16816 }, // U+214E
    { 47, 24, 717, -1, 23, 282, 16937 }, // U+214F
    { 36, 31, 614, 1, 31, 279, 17219 }, // U+2150
    { 35, 32, 587, 1, 31, 280, 17498 }, // U+2151
    { 48, 32, 791, 1, 31, 384, 17778 }, // U+2152
    { 34, 32, 575, 1, 31, 272, 18162 }, // U+2153
    { 34, 32, 575, 1, 31, 272, 18434 }, // U+2154
    { 35, 32, 594, 1, 31, 280, 18706 }, // U+2155
    { 35, 32, 599, 1, 31, 280, 18986 }, // U+2156
    { 34, 32, 574, 1, 31, 272, 19266 }, // U+2157
    { 37, 32, 608, 0, 31, 296, 19538 }, // U+2158
    { 33, 32, 571, 1, 31, 264, 19834 }, // U+2159
    { 32, 31, 549, 1, 30, 248, 20098 }, // U+215A
    { 35, 32, 560, 0, 31, 280, 20346 }, // U+215B
    { 34, 32, 560, 1, 31, 272, 20626 }, // U+215C
    { 34, 31, 560, 1, 30, 264, 20898 }, // U+215D
    { 34, 31, 560, 1, 30, 264, 21162 }, // U+215E
    { 28, 31, 326, 1, 31, 217, 21426 }, // U+215F
    { 25, 32, 446, 1, 31, 200, 21643 }, // U+2183
    { 19, 24, 351, 1, 23, 114, 21843 }, // U+2184
    { 33, 32, 563, 1, 31, 264, 21957 }, // U+2189
    { 20, 4, 382, 2, 17, 20, 0 }, // U+2212
    { 35, 33, 508, 0, 33, 289, 0 }, // U+FB00
    { 30, 33, 479, 0, 33, 248, 289 }, // U+FB01
    { 30, 33, 479, 0, 33, 248, 537 }, // U+FB02
    { 45, 33, 716, 0, 33, 372, 785 }, // U+FB03
    { 45, 33, 716, 0, 33, 372, 1157 }, // U+FB04
    { 31, 34, 502, 0, 33, 264, 1529 }, // U+FB05
    { 35, 34, 579, 1, 33, 298, 1793 }, // U+FB06
    { 39, 39, 667, 1, 32, 381, 0 }, // U+FFFD
};

static const EpdUnicodeInterval notoserif_en_20_boldIntervals[] = {
    { 0x20, 0x7E, 0x0 },
    { 0xA0, 0xFF, 0x5F },
    { 0x152, 0x153, 0xBF },
    { 0x160, 0x161, 0xC1 },
    { 0x178, 0x178, 0xC3 },
    { 0x17D, 0x17E, 0xC4 },
    { 0x192, 0x192, 0xC6 },
    { 0x2C6, 0x2C6, 0xC7 },
    { 0x2DC, 0x2DC, 0xC8 },
    { 0x300, 0x36F, 0xC9 },
    { 0x2000, 0x2064, 0x139 },
    { 0x2066, 0x2071, 0x19E },
    { 0x2074, 0x208E, 0x1AA },
    { 0x2090, 0x209C, 0x1C5 },
    { 0x20A0, 0x20C0, 0x1D2 },
    { 0x2100, 0x215F, 0x1F3 },
    { 0x2183, 0x2184, 0x253 },
    { 0x2189, 0x2189, 0x255 },
    { 0x2212, 0x2212, 0x256 },
    { 0xFB00, 0xFB06, 0x257 },
    { 0xFFFD, 0xFFFD, 0x25E },
};

static const EpdFontGroup notoserif_en_20_boldGroups[] = {
    { 0, 5502, 16140, 95, 0 },
    { 5502, 4647, 18847, 96, 95 },
    { 10149, 739, 1742, 7, 191 },
    { 10888, 101, 301, 1, 198 },
    { 10989, 67, 63, 2, 199 },
    { 11056, 1860, 3790, 112, 201 },
    { 12916, 3128, 9617, 111, 313 },
    { 16044, 978, 2929, 42, 424 },
    { 17022, 3091, 8059, 33, 466 },
    { 20113, 9634, 23401, 99, 499 },
    { 29747, 15, 20, 1, 598 },
    { 29762, 575, 2195, 7, 599 },
    { 30337, 169, 390, 1, 606 },
};

static const uint16_t notoserif_en_20_boldKernLeftCodepoints[] = {
    0x0022, 0x0026, 0x0027, 0x002A, 0x002C, 0x002E, 0x0040, 0x0041, 0x0042, 0x0044, 0x0045, 0x0046,
    0x0047, 0x004B, 0x004C, 0x004E, 0x004F, 0x0050, 0x0051, 0x0052, 0x0053, 0x0054, 0x0055, 0x0056,
    0x0057, 0x0058, 0x0059, 0x0061, 0x0062, 0x0065, 0x0066, 0x0067, 0x0068, 0x006B, 0x006D, 0x006E,
    0x006F, 0x0070, 0x0072, 0x0073, 0x0076, 0x0077, 0x0079, 0x00A1, 0x00BF, 0x00C0, 0x00C1, 0x00C2,
    0x00C3, 0x00C4, 0x00C5, 0x00C6, 0x00C8, 0x00C9, 0x00CA, 0x00CB, 0x00D0, 0x00D1, 0x00D2, 0x00D3,
    0x00D4, 0x00D5, 0x00D6, 0x00D8, 0x00D9, 0x00DA, 0x00DB, 0x00DC, 0x00DD, 0x00DE, 0x00DF, 0x00E0,
    0x00E1, 0x00E2, 0x00E3, 0x00E4, 0x00E5, 0x00E6, 0x00E8, 0x00E9, 0x00EA, 0x00EB, 0x00F0, 0x00F1,
    0x00F2, 0x00F3, 0x00F4, 0x00F5, 0x00F6, 0x00F8, 0x00FD, 0x00FE, 0x00FF, 0x0152, 0x0153, 0x0160,
    0x0161, 0x0178, 0x2018, 0x2019, 0x201A, 0x201C, 0x201D, 0x201E, 0x2026, 0x207D, 0x208D, 0x214E,
    0xFB00,
};

static const uint8_t notoserif_en_20_boldKernLeftClassIds[] = {
      1,   2,   1,   3,   4,   4,   5,   6,   7,   8,   9,  10,  11,  12,  13,  14,
      8,   3,   8,  15,  16,  17,  18,  19,  20,  21,  22,  23,  24,  25,  26,  27,
     23,  28,  23,  23,  24,  24,  29,  30,  31,  32,  33,  34,  35,  36,  36,  36,
     36,  36,  36,   9,   9,   9,   9,   9,   8,  14,   8,   8,   8,   8,   8,   8,
     18,  18,  18,  18,  22,   8,  24,  23,  23,  23,  23,  23,  23,  25,  25,  25,
     25,  25,  24,  23,  24,  24,  24,  24,  24,  24,  33,  24,  33,   9,  25,  16,
     30,  22,  37,  38,   4,  37,  38,   4,   4,  39,  40,  41,  26,
};

static const uint16_t notoserif_en_20_boldKernRightCodepoints[] = {
    0x0022, 0x0026, 0x0027, 0x0029, 0x002A, 0x002C, 0x002E, 0x003F, 0x0040, 0x0041, 0x0043, 0x0047,
    0x004F, 0x0051, 0x0053, 0x0054, 0x0055, 0x0056, 0x0057, 0x0058, 0x0059, 0x005A, 0x005D, 0x0061,
    0x0063, 0x0064, 0x0065, 0x0067, 0x006F, 0x0071, 0x0073, 0x0075, 0x0076, 0x0077, 0x0079, 0x007A,
    0x007D, 0x00AB, 0x00B7, 0x00BB, 0x00C0, 0x00C1, 0x00C2, 0x00C3, 0x00C4, 0x00C5, 0x00C6, 0x00C7,
    0x00D2, 0x00D3, 0x00D4, 0x00D5, 0x00D6, 0x00D8, 0x00D9, 0x00DA, 0x00DB, 0x00DC, 0x00DD, 0x00E0,
    0x00E1, 0x00E2, 0x00E3, 0x00E4, 0x00E5, 0x00E6, 0x00E7, 0x00E8, 0x00E9, 0x00EA, 0x00EB, 0x00EC,
    0x00EE, 0x00EF, 0x00F0, 0x00F2, 0x00F3, 0x00F4, 0x00F5, 0x00F6, 0x00F8, 0x00F9, 0x00FA, 0x00FB,
    0x00FC, 0x00FD, 0x00FF, 0x0152, 0x0153, 0x0160, 0x0161, 0x0178, 0x017D, 0x017E, 0x2018, 0x2019,
    0x201A, 0x201C, 0x201D, 0x201E, 0x2026, 0x2039, 0x203A, 0x207E, 0x208E, 0x2122, 0x2126,
};

static const uint8_t notoserif_en_20_boldKernRightClassIds[] = {
      1,   2,   1,   3,   4,   5,   6,   7,   8,   9,  10,  10,  10,  10,  11,   7,
     12,  13,  14,  15,  16,  17,   3,  18,  19,  19,  19,  20,  19,  19,  21,  22,
     23,  24,  25,  26,   3,  27,  28,  27,   9,   9,   9,   9,   9,   9,  29,  10,
     10,  10,  10,  10,  10,  10,  12,  12,  12,  12,  16,  18,  18,  18,  18,  18,
     18,  18,  19,  19,  19,  19,  19,  30,  30,  30,  19,  19,  19,  19,  19,  19,
     19,  22,  22,  22,  22,  25,  25,  10,  19,  11,  21,  16,  17,  26,  31,   4,
      6,  31,   4,   6,   6,  27,  27,  32,  33,   4,  34,
};

static const uint16_t notoserif_en_20_boldKernRowOffsets[] = {
        0,     4,     8,    13,    22,    24,    39,    50,    59,    62,    71,    76,    82,    93,    94,   104,
      113,   125,   130,   141,   152,   156,   169,   171,   175,   178,   182,   183,   185,   189,   190,   193,
      196,   199,   202,   206,   221,   223,   229,   230,   231,   235,
};

static const uint8_t notoserif_en_20_boldKernSparseCols[] = {
      8,  18,  19,  28,   6,  12,  13,  15,   1,   4,   5,   8,  28,   6,   9,  11,
     12,  13,  15,  22,  23,  24,   8,  15,   0,   3,   6,   9,  11,  12,  13,  15,
     18,  19,  21,  22,  23,  24,  30,   3,   6,   8,  12,  13,  14,  15,  16,  23,
     24,  28,   4,   5,   6,   8,  12,  13,  14,  15,  28,  12,  13,  15,   1,   4,
      5,   7,   8,  17,  18,  19,  28,   6,  12,  13,  15,  28,   9,  18,  19,  21,
     23,  24,   0,   3,   6,  12,  13,  15,  22,  23,  24,  27,  30,  26,   3,   6,
      9,  11,  12,  13,  15,  22,  23,  24,   6,   8,  12,  13,  14,  15,  23,  24,
     28,   1,   4,   5,   7,   8,   9,  17,  18,  19,  20,  28,  33,   4,   5,   7,
      8,  28,   1,   4,   5,   7,   8,   9,  17,  18,  19,  20,  28,   4,   5,   7,
      8,   9,  17,  18,  19,  20,  25,  28,   9,  10,  23,  24,   1,   4,   5,   7,
      8,   9,  10,  17,  18,  19,  20,  25,  28,   0,  24,  12,  13,  15,  24,  12,
     13,  15,   0,   2,   3,  29,  13,  18,  19,   3,   4,   5,  17,  15,   4,   5,
      8,   4,   5,   8,   4,   5,   8,  12,  13,  15,   6,  12,  13,  15,   0,   3,
      6,   9,  11,  12,  13,  15,  18,  19,  21,  22,  23,  24,  30,   8,  28,   8,
      9,  17,  18,  19,  20,  31,  32,   8,  17,  18,  19,
};

static const int8_t notoserif_en_20_boldKernSparseValues[] = {
     -53,  -13,  -40,  -80,  -20,  -27,  -27,  -20,   -7,  -80,  -80,  -33,  -53,  -60,  -13,  -13,
     -73,  -60,  -53,  -47,  -40,  -33,  -20,   -7,  -53,  -47,  -40,  -13,  -13,  -53,  -47,  -47,
     -13,  -13,  -13,  -40,  -20,  -33,  -47,  -13,  -13,  -13,  -27,  -20,  -13,  -27,  -13,   -7,
     -13,  -20,  -13,  -13,  -13,  -13,  -13,  -13,  -13,  -20,  -33,  -13,  -13,  -13,  -13,  -80,
     -80,  -27,  -47,  -27,  -27,  -27,  -73,  -13,  -13,  -13,  -13,  -13,  -13,  -13,  -13,  -13,
     -20,  -20,  -40,  -53,  -47,  -33,  -33,  -40,  -13,   -7,  -20,  -13,  -53,   -7,  -13,  -13,
     -13,   -7,  -20,  -20,  -20,   -7,   -7,  -13,  -13,  -13,  -13,  -13,  -13,  -13,   -7,  -13,
     -13,   -7,  -60,  -60,  -20,  -40,  -13,  -20,  -25,  -25,   -3,  -53,   -7,  -13,  -13,   -7,
     -13,  -27,  -20,  -73,  -73,  -33,  -53,  -13,  -40,  -40,  -40,  -27,  -87,  -60,  -60,  -33,
     -47,  -13,  -43,  -40,  -40,  -33,  -20,  -87,  -13,   -7,  -20,  -33,   -7,  -53,  -53,  -27,
     -47,  -20,  -13,  -40,  -47,  -47,  -40,  -13,  -60,  -27,  -13,  -40,  -40,  -47,  -13,  -40,
     -40,  -40,   53,   60,   53,   27,  -13,  -13,  -13,   20,  -95,  -95,  -13,  -40,  -33,  -47,
     -40,  -47,  -47,  -20,  -60,  -60,  -33,  -20,  -13,  -20,  -13,  -33,  -33,  -33,  -53,  -47,
     -40,  -13,  -13,  -53,  -47,  -47,  -13,  -13,  -13,  -33,  -20,  -33,  -47,  -47,  -93,  -67,
     -13,  -20,  -27,  -27,  -33,   53,   53,  -36,  -21,  -21,  -21,
};

static const EpdLigaturePair notoserif_en_20_boldLigaturePairs[] = {
    { 0x00660066, 0xFB00 }, // f f -> U+FB00
    { 0x00660069, 0xFB01 }, // f i -> U+FB01
    { 0x0066006C, 0xFB02 }, // f l -> U+FB02
    { 0xFB000069, 0xFB03 }, // U+FB00 i -> U+FB03
    { 0xFB00006C, 0xFB04 }, // U+FB00 l -> U+FB04
};

static const EpdFontData notoserif_en_20_bold = {
    notoserif_en_20_boldBitmaps,
    notoserif_en_20_boldGlyphs,
    notoserif_en_20_boldIntervals,
    21,
    57,
    45,
    -13,
    true,
    notoserif_en_20_boldGroups,
    13,
    nullptr,
    nullptr,  // kernLeftClasses: built-in fonts use the split arrays below
    nullptr,  // kernRightClasses
    notoserif_en_20_boldKernLeftCodepoints,
    notoserif_en_20_boldKernLeftClassIds,
    notoserif_en_20_boldKernRightCodepoints,
    notoserif_en_20_boldKernRightClassIds,
    nullptr,  // kernMatrix: built-in fonts use the sparse form below
    notoserif_en_20_boldKernRowOffsets,
    notoserif_en_20_boldKernSparseCols,
    notoserif_en_20_boldKernSparseValues,
    109,
    107,
    41,
    34,
    notoserif_en_20_boldLigaturePairs,
    5,
};
