/**
 * generated by fontconvert.py
 * name: notoserif_en_18_bolditalic
 * size: 18
 * mode: 2-bit  compressed: true
 * Command used: fontconvert.py notoserif_en_18_bolditalic 18 ../builtinFonts/source/NotoSerif/NotoSerif-BoldItalic.ttf --2bit --compress --pnum --zopfli --no-default-intervals --additional-intervals 0x0020,0x007E --additional-intervals 0x00A0,0x00FF --additional-intervals 0x0152,0x0153 --additional-intervals 0x0160,0x0161 --additional-intervals 0x0178,0x0178 --additional-intervals 0x017D,0x017E --additional-intervals 0x0192,0x0192 --additional-intervals 0x02C6,0x02C6 --additional-intervals 0x02DC,0x02DC --additional-intervals 0x0300,0x036F --additional-intervals 0x2000,0x206F --additional-intervals 0x2070,0x209F --additional-intervals 0x20A0,0x20CF --additional-intervals 0x2100,0x214F --additional-intervals 0x2150,0x218F --additional-intervals 0x2190,0x21FF --additional-intervals 0x2200,0x22FF --additional-intervals 0xFB00,0xFB06 --additional-intervals 0xFFFD,0xFFFD
 */
#pragma once
#include "EpdFontData.h"

static const uint8_t notoserif_en_18_bolditalicBitmaps[30835] = {
    0xB5, 0x5A, 0x01, 0xA4, 0x26, 0xD9, 0x95, 0xBE, 0xF5, 0xD7, 0xA4, 0xFF, 0x35, 0x85, 0x6A, 0xEC,
    0x88, 0x64, 0xD8, 0x02, 0x4B, 0x84, 0x6C, 0x01, 0xEC, 0x32, 0xFD, 0x6E, 0x65, 0x82, 0x45, 0xE0,
    0x61, 0x3A, 0x83, 0xC1, 0x40, 0x10, 0x03, 0x0F, 0x16, 0x41, 0x5E, 0x57, 0x4D, 0x82, 0xC5, 0x22,
    0x8D, 0xCD, 0xC2, 0x62, 0x07, 0x83, 0xE4, 0x05, 0x0D, 0xC1, 0x2E, 0x3D, 0x5D, 0x95, 0x04, 0x30,
    0x48, 0x25, 0xBB, 0xB1, 0x58, 0xA4, 0x92, 0x74, 0x76, 0x49, 0xB2, 0xFA, 0x46, 0x6A, 0x66, 0xAA,
    0xBB, 0x6F, 0xD5, 0xD9, 0xF3, 0x7D, 0xA7, 0xBA, 0xD4, 0xBC, 0x7D, 0x6F, 0x33, 0x9B, 0xEC, 0xD6,
    0xFF, 0xD7, 0xF7, 0xDD, 0xBF, 0xFE, 0xFB, 0xDF, 0x7B, 0xCE, 0x39, 0xE7, 0x9E, 0x7B, 0xEB, 0xD6,
    0xEF, 0x72, 0x71, 0xAE, 0xC0, 0xB9, 0x38, 0x57, 0xCE, 0x7A, 0x46, 0xE7, 0xFC, 0xA4, 0x67, 0x58,
    0xCF, 0xC1, 0xB9, 0xBA, 0xB3, 0xB3, 0xAD, 0xF4, 0x74, 0xCE, 0x89, 0x9E, 0xB3, 0x9E, 0x51, 0x4F,
    0xAD, 0x9A, 0x8C, 0xCA, 0xA7, 0x6E, 0x3B, 0x6E, 0x0C, 0xDA, 0x1C, 0x9A, 0xD9, 0x9D, 0x45, 0xD0,
    0x7A, 0x0E, 0xD7, 0xF3, 0xB9, 0x8C, 0x45, 0x2C, 0xA7, 0x62, 0x2A, 0x43, 0x39, 0xFA, 0xA1, 0x0C,
    0xBE, 0x2F, 0x7B, 0xDF, 0xE9, 0xAB, 0xF2, 0x8D, 0x77, 0xDE, 0x9D, 0xE8, 0xF9, 0x29, 0x7D, 0xA9,
    0x30, 0x0E, 0x4D, 0x7B, 0x76, 0x70, 0xEB, 0x10, 0x14, 0xEF, 0xA7, 0xC0, 0x98, 0xF6, 0xE8, 0xFA,
    0xD8, 0xA1, 0xF3, 0xBC, 0x73, 0x37, 0xBE, 0xFD, 0xE4, 0xDE, 0x2F, 0x5D, 0x26, 0x7A, 0xAC, 0xE8,
    0xB2, 0xEE, 0x44, 0xAB, 0xE4, 0xDD, 0x2D, 0x60, 0x73, 0x1F, 0x5D, 0x53, 0xDE, 0x12, 0x12, 0xBB,
    0x93, 0x04, 0xCD, 0x9C, 0xA3, 0xC9, 0x56, 0x44, 0x82, 0x13, 0xE2, 0x1B, 0xDA, 0xCC, 0x5D, 0x97,
    0x84, 0xBC, 0x71, 0x2E, 0x0D, 0x79, 0xA5, 0x38, 0x94, 0x5A, 0xF1, 0xD8, 0x7B, 0xB7, 0x35, 0xD9,
    0x9C, 0xA3, 0xB1, 0x4A, 0x9B, 0xC4, 0xF1, 0x09, 0xE2, 0x67, 0x88, 0x2F, 0x51, 0xFB, 0x45, 0x4D,
    0x91, 0x88, 0xCC, 0xFA, 0x83, 0x45, 0xA4, 0x72, 0x65, 0x78, 0x5F, 0x3A, 0xE7, 0xFB, 0xA0, 0x58,
    0x7F, 0x37, 0xB4, 0x8D, 0x6B, 0x7F, 0x38, 0xD4, 0xDA, 0xF1, 0xCF, 0xFA, 0x9B, 0x6A, 0xD7, 0xA7,
    0x1D, 0x54, 0x14, 0x60, 0x29, 0x03, 0x3A, 0x10, 0xD8, 0xF6, 0x20, 0xD2, 0x28, 0xD5, 0xEB, 0xA5,
    0x80, 0x3E, 0x65, 0x72, 0x37, 0xBA, 0x3F, 0x53, 0x73, 0x16, 0xDD, 0xAD, 0x3C, 0x6A, 0x93, 0x2F,
    0x01, 0x87, 0x97, 0xF2, 0x49, 0x5D, 0xF5, 0xE5, 0x22, 0xA8, 0xF3, 0xBE, 0xE3, 0x7B, 0xAD, 0xFD,
    0x44, 0x2A, 0x34, 0x30, 0x41, 0x9C, 0xC7, 0x95, 0x62, 0x32, 0x38, 0xB4, 0xD9, 0x03, 0xD3, 0x6E,
    0xC3, 0xED, 0xC8, 0xF0, 0x03, 0x78, 0x5A, 0x7A, 0x97, 0xF5, 0x2E, 0x59, 0xB2, 0xE0, 0x8A, 0xC6,
    0xA5, 0xF1, 0xA8, 0x4D, 0xEB, 0xD7, 0x63, 0x3A, 0x39, 0x55, 0x38, 0x0F, 0x69, 0x84, 0x33, 0xCA,
    0x21, 0x9D, 0xE0, 0x08, 0xDF, 0x1F, 0xA7, 0xAC, 0x53, 0xEE, 0xB2, 0xB1, 0xA8, 0xC0, 0x79, 0x80,
    0x8D, 0xEA, 0x2E, 0x1F, 0xA2, 0x3B, 0x55, 0x2E, 0x7F, 0x34, 0x16, 0xA2, 0xD7, 0xFD, 0xD7, 0x06,
    0x69, 0xD5, 0xC7, 0x6D, 0xFE, 0xFD, 0x98, 0x87, 0xE2, 0x83, 0x58, 0x7E, 0x7E, 0xCC, 0xC2, 0x51,
    0x86, 0x3B, 0x79, 0xC8, 0x46, 0x77, 0xDB, 0xC5, 0xB2, 0x57, 0x76, 0x87, 0xE0, 0x3B, 0xF0, 0x71,
    0xD0, 0x36, 0x02, 0x1C, 0xD8, 0x36, 0x60, 0xEF, 0xDA, 0xAA, 0x18, 0xD4, 0x65, 0xCA, 0xA5, 0xAA,
    0x31, 0x29, 0xFB, 0x4E, 0x9D, 0xA4, 0xDC, 0x3A, 0xC8, 0x5C, 0xBF, 0x39, 0x3B, 0xC8, 0x5C, 0xFE,
    0x6A, 0x74, 0x94, 0x59, 0x56, 0x0D, 0x5F, 0x01, 0x6C, 0xB1, 0x29, 0x13, 0xD9, 0x8B, 0x54, 0x60,
    0xE9, 0x5B, 0x54, 0x4B, 0xA5, 0xF2, 0x03, 0xD9, 0x95, 0xE0, 0xE3, 0x9E, 0xED, 0xBA, 0x5F, 0xEB,
    0x49, 0x45, 0xEF, 0xBC, 0x3B, 0xB3, 0x1D, 0x91, 0xC1, 0x78, 0xD6, 0x26, 0x1B, 0xAD, 0x1F, 0x95,
    0x2B, 0x57, 0xCB, 0xE2, 0xEA, 0x5E, 0xAB, 0xBF, 0x2B, 0x10, 0x2F, 0x5F, 0x52, 0xE9, 0x16, 0x8C,
    0x84, 0x44, 0x7E, 0x13, 0xD5, 0x3E, 0xA3, 0x6B, 0x9F, 0xA8, 0x98, 0x6D, 0xD0, 0xDA, 0x81, 0x9C,
    0x4B, 0x4F, 0x3E, 0x4A, 0x47, 0x3E, 0xC8, 0xC0, 0x7A, 0x89, 0x40, 0x9D, 0x88, 0x96, 0x11, 0x01,
    0x9F, 0xAD, 0x1F, 0x49, 0xA5, 0x1F, 0x44, 0x32, 0x5C, 0x68, 0xE5, 0x61, 0x0A, 0x8D, 0x12, 0x53,
    0xB2, 0x9C, 0xFC, 0xE4, 0x83, 0xBE, 0x30, 0x9E, 0x1A, 0x5F, 0x61, 0x2C, 0x7D, 0x8A, 0x6A, 0x03,
    0x5A, 0x38, 0x7A, 0x81, 0xF2, 0x23, 0x22, 0xB4, 0xA3, 0x7A, 0x2A, 0xDC, 0xEC, 0x38, 0xE4, 0xD1,
    0x2D, 0x34, 0x19, 0xA0, 0x5E, 0x07, 0x5D, 0x1B, 0x0B, 0x0C, 0xE6, 0x08, 0x26, 0x08, 0x64, 0x08,
    0x4A, 0xB3, 0x87, 0x7A, 0xDA, 0x60, 0xFC, 0x10, 0x78, 0x03, 0xCA, 0xC5, 0xA1, 0x8F, 0xCE, 0x00,
    0xC7, 0x85, 0x26, 0xAC, 0xD0, 0x65, 0x8F, 0x6F, 0x00, 0x07, 0x00, 0x8F, 0x43, 0x03, 0x4B, 0x4F,
    0xAC, 0x43, 0xDB, 0x72, 0x84, 0x04, 0xB4, 0x33, 0xB2, 0x09, 0x0A, 0x0D, 0x58, 0x00, 0x02, 0xB5,
    0xA8, 0xC8, 0x75, 0x60, 0xA2, 0x7F, 0x58, 0x7E, 0x0A, 0xDC, 0xA2, 0x3D, 0x38, 0x20, 0x81, 0xF5,
    0x53, 0x9A, 0x84, 0x0A, 0xB3, 0x2E, 0xAB, 0x85, 0xBD, 0xA9, 0x4A, 0x6A, 0x09, 0xF1, 0xFE, 0x71,
    0x17, 0x53, 0x18, 0xEF, 0x30, 0x6E, 0xDA, 0xC0, 0xD5, 0xFD, 0x0C, 0x39, 0xE3, 0xC1, 0x1D, 0xE7,
    0xB1, 0xAE, 0x74, 0x7C, 0x4B, 0xF3, 0xC2, 0x99, 0x48, 0x57, 0xCB, 0xF2, 0x8A, 0xF3, 0xEF, 0x6B,
    0x47, 0xFE, 0x73, 0xFF, 0x36, 0xBB, 0x9B, 0xC7, 0x1F, 0x09, 0x6B, 0x43, 0xFD, 0x3F, 0xD7, 0x9F,
    0x50, 0x7D, 0x8E, 0x55, 0x6D, 0x0F, 0x81, 0x7D, 0x3D, 0xBC, 0xF1, 0xED, 0x27, 0x17, 0x15, 0xF2,
    0x56, 0x03, 0xA8, 0xAE, 0xAF, 0x4C, 0x38, 0xBC, 0xA5, 0xF0, 0x4D, 0xD5, 0x0E, 0xBA, 0x1D, 0xA5,
    0x81, 0x5F, 0x5B, 0x15, 0xCC, 0xB9, 0x07, 0x2E, 0x99, 0x10, 0xDF, 0x77, 0xA8, 0x03, 0x47, 0x45,
    0xF4, 0x32, 0xD5, 0x32, 0xD6, 0x12, 0xB2, 0xC6, 0x87, 0x76, 0xD2, 0xD7, 0xE8, 0x87, 0x84, 0xDF,
    0x7E, 0x11, 0xC2, 0x4D, 0xD6, 0x2C, 0x46, 0x28, 0xF3, 0x2B, 0xCC, 0x0B, 0x83, 0x78, 0xD4, 0xB8,
    0x03, 0x88, 0x00, 0x7A, 0x8F, 0x22, 0x0C, 0xCC, 0x9C, 0xA8, 0x8B, 0x6A, 0x65, 0xF5, 0xAC, 0xEE,
    0x3B, 0xAC, 0x8B, 0x6A, 0xA3, 0x35, 0xC9, 0x51, 0xCC, 0x26, 0xF7, 0xD5, 0xCE, 0xAD, 0x1A, 0x12,
    0xFD, 0xD6, 0x73, 0x7F, 0x4D, 0xCF, 0x5F, 0x72, 0xBB, 0xE3, 0xCC, 0x82, 0x4C, 0x06, 0x04, 0xCB,
    0xD9, 0x88, 0x08, 0xCA, 0x22, 0x02, 0x2E, 0x5D, 0x5C, 0x02, 0x2B, 0x38, 0x7B, 0x1F, 0x89, 0xD9,
    0x0C, 0xCC, 0x23, 0xB0, 0x20, 0x96, 0x13, 0xD0, 0x8F, 0xC4, 0x80, 0x98, 0xAD, 0x83, 0x56, 0x03,
    0x6A, 0xB5, 0x76, 0x58, 0xB1, 0x98, 0x80, 0xE5, 0x08, 0xD4, 0x6A, 0xF5, 0x80, 0x71, 0xAF, 0x88,
    0x94, 0x1F, 0x12, 0xA6, 0xFF, 0x74, 0x81, 0x08, 0x5A, 0xD1, 0xA5, 0x96, 0x2E, 0x5A, 0xD9, 0xFC,
    0x8C, 0x4F, 0x8C, 0x2E, 0x85, 0x52, 0x1A, 0x08, 0x5C, 0xB9, 0xB3, 0x0F, 0x44, 0x45, 0x7C, 0x57,
    0x9C, 0x13, 0x44, 0xE2, 0x17, 0x01, 0xAE, 0x98, 0x01, 0x9C, 0xC2, 0x00, 0x7E, 0x02, 0x8C, 0x0C,
    0xD1, 0x6D, 0xE8, 0x12, 0x06, 0x40, 0xCF, 0xB0, 0xDD, 0x46, 0x32, 0xA1, 0x01, 0x54, 0xEB, 0x60,
    0x29, 0xB4, 0xE4, 0x11, 0x42, 0x00, 0x88, 0xC3, 0xA3, 0x60, 0x32, 0xE1, 0x95, 0x4C, 0xFE, 0x52,
    0x7A, 0x74, 0x28, 0x01, 0xB6, 0x00, 0x06, 0x74, 0x53, 0x10, 0xB3, 0x81, 0x1D, 0x9D, 0xAA, 0x9E,
    0xDB, 0x58, 0x86, 0x9E, 0xAA, 0xE9, 0x04, 0x2C, 0x07, 0x60, 0xCB, 0x5C, 0xC9, 0x4C, 0x99, 0x05,
    0xA0, 0xEF, 0x80, 0xAC, 0x77, 0x1C, 0xD9, 0x61, 0xE7, 0x0A, 0x66, 0xA6, 0x13, 0x77, 0x98, 0xE0,
    0xED, 0x7C, 0xC0, 0x0F, 0x20, 0x54, 0xDC, 0xE1, 0xE4, 0x6A, 0xC5, 0x71, 0x73, 0xEE, 0x8B, 0x32,
    0xEE, 0xE5, 0xEC, 0x28, 0xE7, 0x00, 0x7B, 0x48, 0x80, 0x1B, 0x20, 0xED, 0x00, 0xBC, 0x71, 0x97,
    0x72, 0xD2, 0x0E, 0x30, 0x73, 0xF3, 0x2C, 0x1D, 0x24, 0x6C, 0x81, 0xAA, 0x1F, 0x88, 0xEE, 0x0B,
    0xD6, 0x7E, 0x1D, 0x81, 0xAC, 0xC3, 0xEC, 0x61, 0x58, 0x01, 0xB3, 0x0E, 0x58, 0xF6, 0xC8, 0x0F,
    0x5E, 0x9D, 0x1E, 0xD1, 0x61, 0x3B, 0xB9, 0x72, 0x79, 0x55, 0x3B, 0xC9, 0x20, 0x0E, 0x9A, 0x7C,
    0xE8, 0xB6, 0x84, 0x8C, 0xE8, 0xDA, 0xDA, 0xF1, 0x6C, 0xD3, 0x66, 0xF7, 0x47, 0xCC, 0x83, 0x3F,
    0x01, 0x16, 0x67, 0xC0, 0x13, 0x3A, 0x34, 0x7A, 0xCE, 0x81, 0x70, 0x69, 0xD6, 0xC1, 0xA7, 0x45,
    0x25, 0x03, 0x8C, 0x03, 0x9C, 0xE0, 0xD6, 0x34, 0xC0, 0xAF, 0x59, 0x07, 0x85, 0x8A, 0x0A, 0x4E,
    0xAD, 0x6F, 0xBF, 0x2A, 0xDF, 0xE0, 0x32, 0x46, 0x1C, 0x60, 0xCB, 0x87, 0x10, 0x13, 0x38, 0x53,
    0x21, 0x62, 0xCD, 0xF4, 0x0F, 0x4B, 0x02, 0x03, 0x75, 0xD7, 0x86, 0x52, 0xE2, 0x91, 0x98, 0x1B,
    0x7E, 0xE3, 0xF6, 0x59, 0xA3, 0x1D, 0x60, 0xD4, 0x96, 0xDA, 0x46, 0xA5, 0x32, 0xE0, 0xB8, 0x45,
    0xBC, 0x4F, 0x8C, 0x7F, 0x0C, 0x94, 0x35, 0x64, 0x60, 0xDA, 0xF7, 0x3E, 0x2E, 0xF4, 0xBB, 0x98,
    0xB3, 0x27, 0x62, 0x04, 0x96, 0x1B, 0xF2, 0x4A, 0xC1, 0x6F, 0xBD, 0x22, 0x26, 0x70, 0x68, 0xD7,
    0x52, 0xA3, 0xFA, 0xBD, 0xD7, 0x45, 0xAB, 0xB1, 0xCD, 0xA3, 0xD0, 0x5B, 0x2F, 0x9C, 0x5E, 0x9E,
    0xBE, 0x21, 0x3A, 0x24, 0x7F, 0x19, 0x86, 0x88, 0x4E, 0x11, 0x91, 0xD9, 0x61, 0xE0, 0xB5, 0x15,
    0x3E, 0xFE, 0xD3, 0xB3, 0x80, 0x94, 0x9D, 0x0B, 0xE6, 0xE4, 0x14, 0x58, 0x73, 0xBD, 0x2B, 0xF8,
    0x91, 0x54, 0x98, 0x7F, 0xE1, 0x44, 0xBC, 0xCB, 0x89, 0x18, 0x21, 0x52, 0x01, 0xC4, 0x95, 0x0D,
    0xF1, 0x55, 0xE0, 0x57, 0xE3, 0x3A, 0xF6, 0x61, 0xB0, 0xE5, 0x28, 0xD4, 0x9D, 0xA3, 0x52, 0x7A,
    0xF3, 0x3B, 0x44, 0x43, 0x07, 0xE9, 0x86, 0xD2, 0x1C, 0x81, 0x2E, 0x7B, 0xEF, 0xF6, 0xAB, 0x33,
    0x32, 0x57, 0x3E, 0xC1, 0xA2, 0x45, 0x70, 0x39, 0xD6, 0x50, 0x6B, 0x12, 0x40, 0x4B, 0x6E, 0x1B,
    0x46, 0x99, 0x85, 0xE1, 0x08, 0xF4, 0xC3, 0xAE, 0xCA, 0xAA, 0xD8, 0xE5, 0x2A, 0x61, 0xAB, 0xE2,
    0x68, 0xB6, 0xB5, 0xCA, 0x6C, 0x43, 0x72, 0x57, 0xA5, 0xFF, 0x50, 0x92, 0x94, 0x01, 0x55, 0x65,
    0x46, 0xB0, 0xA8, 0xD1, 0xA0, 0x27, 0xDC, 0x40, 0x7B, 0xB6, 0x03, 0x4D, 0xDA, 0xAF, 0x65, 0x51,
    0x0C, 0x8E, 0x75, 0x20, 0x62, 0x39, 0xA3, 0xD9, 0x5C, 0xD0, 0x60, 0xFA, 0x6C, 0xC9, 0x4A, 0x3B,
    0x48, 0xAF, 0x62, 0x7E, 0x55, 0x2C, 0x5B, 0x46, 0x18, 0xD0, 0xAC, 0x9A, 0xEB, 0xC7, 0x01, 0x17,
    0x2F, 0x61, 0x6E, 0xD6, 0x1E, 0x51, 0xA1, 0x1D, 0x20, 0x0E, 0x34, 0xA8, 0x65, 0xA2, 0x3D, 0xF7,
    0x19, 0x9D, 0x41, 0x31, 0x68, 0xD7, 0x35, 0xBC, 0x90, 0xC7, 0x44, 0xBA, 0xE3, 0x9C, 0x4A, 0x95,
    0x2E, 0xCC, 0xE2, 0xD9, 0xA2, 0x90, 0xCF, 0x06, 0xC7, 0x45, 0x21, 0x03, 0xE4, 0x33, 0x46, 0xED,
    0x7C, 0x94, 0x37, 0x25, 0x6A, 0xE3, 0x3A, 0xF4, 0x5A, 0x39, 0x9B, 0xDC, 0xF3, 0x6F, 0xD3, 0x22,
    0x04, 0x5A, 0x45, 0x3A, 0xDA, 0xF7, 0x25, 0xD8, 0x2E, 0xC2, 0xBA, 0x0B, 0x5C, 0x24, 0x8D, 0x7E,
    0x59, 0x0B, 0xC3, 0x06, 0xA6, 0xA6, 0x40, 0x09, 0xFC, 0x46, 0x73, 0xE0, 0x0D, 0xA9, 0x3F, 0x5D,
    0xB9, 0xAB, 0x0F, 0xA4, 0x20, 0xC4, 0x50, 0x84, 0x2D, 0xFC, 0x84, 0x30, 0xE2, 0x74, 0x7A, 0x53,
    0xCD, 0x36, 0xDB, 0x48, 0xCD, 0xED, 0xE4, 0xE2, 0xEC, 0xF0, 0xB6, 0xFB, 0x9D, 0xC7, 0x37, 0x61,
    0x71, 0x9C, 0x0D, 0x53, 0x3B, 0x73, 0x5B, 0xDB, 0xA8, 0x48, 0x15, 0x27, 0xC2, 0x04, 0x2B, 0xC5,
    0x81, 0x1F, 0xD1, 0x0B, 0xE5, 0xAD, 0x6C, 0xB6, 0x64, 0x70, 0xB0, 0x1F, 0xC8, 0x6C, 0x43, 0xA3,
    0x1E, 0x51, 0xA8, 0x6C, 0x36, 0x81, 0xAF, 0x79, 0x89, 0xAB, 0x34, 0xAB, 0x86, 0x1F, 0x6C, 0x45,
    0xE6, 0x91, 0xC4, 0xF2, 0x28, 0xE0, 0x60, 0x7A, 0xBF, 0x70, 0xFB, 0xF6, 0x6D, 0xE6, 0xA0, 0x86,
    0xC0, 0x8F, 0x57, 0x1C, 0xBB, 0x2A, 0x6F, 0x5C, 0x5C, 0x5C, 0x54, 0xA7, 0xDB, 0x4A, 0x00, 0xF2,
    0xDB, 0xFA, 0xEA, 0xC0, 0xC6, 0x29, 0x0C, 0xC5, 0xA2, 0x34, 0x14, 0x81, 0xD2, 0x6F, 0xB2, 0xB2,
    0x22, 0x7F, 0xC2, 0x02, 0x05, 0xA3, 0x1F, 0xD9, 0xDE, 0x5B, 0x80, 0x4B, 0x91, 0x7E, 0x14, 0x51,
    0x97, 0x2E, 0x99, 0x34, 0x7E, 0x52, 0xC3, 0x61, 0x7E, 0xEE, 0x01, 0x43, 0x31, 0x28, 0x24, 0x77,
    0xF5, 0xE3, 0x7E, 0xED, 0x0B, 0x97, 0xC0, 0x6F, 0xB6, 0x16, 0x2F, 0xCD, 0x68, 0x00, 0xB4, 0xF7,
    0x60, 0x93, 0x9C, 0x59, 0x70, 0x3B, 0x92, 0xB7, 0x29, 0xEC, 0xB6, 0xF4, 0x04, 0xE4, 0xCB, 0x36,
    0x5A, 0xAB, 0x35, 0x26, 0x5A, 0x54, 0x63, 0xDA, 0x84, 0xC4, 0xE5, 0xE3, 0xEA, 0x2C, 0xD2, 0xAC,
    0x6C, 0xFD, 0x18, 0x6D, 0x66, 0xB4, 0x5B, 0x90, 0x60, 0x2B, 0xCE, 0x74, 0x74, 0x8B, 0x3B, 0x3C,
    0xF8, 0xAC, 0x8B, 0x69, 0xC4, 0x20, 0xAB, 0xE2, 0x71, 0x4C, 0x24, 0x11, 0xF7, 0x00, 0x77, 0x65,
    0x4E, 0xDC, 0x9D, 0xA2, 0xCF, 0x47, 0xE5, 0xBA, 0xEC, 0x8A, 0x90, 0x2C, 0xAE, 0xF6, 0x9D, 0x1F,
    0x0E, 0xB3, 0xBB, 0xE3, 0x9B, 0xBA, 0x4F, 0x95, 0xEB, 0xAA, 0xED, 0xD2, 0x08, 0x16, 0xF0, 0x3B,
    0x60, 0xED, 0x2A, 0x82, 0xB3, 0xC9, 0x4D, 0xF8, 0x3E, 0x9F, 0x0E, 0xC1, 0x57, 0x75, 0x57, 0xC4,
    0xE3, 0xE0, 0x1B, 0xBD, 0xAB, 0x9C, 0x8B, 0xCE, 0x77, 0xB9, 0x84, 0x56, 0x54, 0x22, 0x35, 0x74,
    0x31, 0xBA, 0x1C, 0x62, 0x51, 0x32, 0x63, 0x6D, 0xCB, 0x0E, 0x01, 0xFC, 0xD1, 0x9A, 0xD2, 0xCE,
    0x2D, 0xFB, 0xBC, 0xC8, 0x69, 0xF6, 0xC9, 0xB7, 0xE9, 0xD4, 0x0C, 0x93, 0x23, 0x8E, 0x8F, 0xD1,
    0xF1, 0x5C, 0xD1, 0x1B, 0xD7, 0x93, 0xB1, 0x44, 0xD2, 0x61, 0xE5, 0x74, 0xE5, 0xEC, 0x27, 0x33,
    0x39, 0xFF, 0xBA, 0xB1, 0x87, 0x49, 0xD1, 0xC9, 0xCA, 0x31, 0x17, 0xFE, 0x6C, 0xCC, 0xC8, 0x69,
    0x30, 0xCE, 0xBA, 0xA3, 0x58, 0xE4, 0x1B, 0x7B, 0x3A, 0x16, 0x83, 0xC4, 0x98, 0x19, 0x1A, 0xBD,
    0x91, 0xB1, 0xBA, 0x4C, 0xC1, 0x79, 0xAF, 0x97, 0x7A, 0xBA, 0x80, 0xEC, 0xA1, 0xC2, 0x40, 0xD7,
    0x90, 0x21, 0x83, 0xA0, 0x2E, 0x7E, 0x3A, 0xB9, 0x56, 0xCB, 0x0C, 0x6B, 0xE3, 0x0A, 0xF3, 0xCB,
    0x72, 0x17, 0x99, 0x50, 0x59, 0x75, 0x95, 0xE5, 0x1E, 0x47, 0xE8, 0x98, 0xB2, 0x91, 0x70, 0x90,
    0x80, 0xDF, 0x27, 0x46, 0x78, 0xA3, 0x55, 0x52, 0x8F, 0xD2, 0x41, 0x38, 0x17, 0xA6, 0x02, 0xE9,
    0x41, 0x67, 0x33, 0x13, 0x9F, 0xDC, 0xA5, 0x05, 0xB9, 0xA2, 0x95, 0xAA, 0x8D, 0x20, 0x06, 0x58,
    0xBE, 0xE0, 0x02, 0xD6, 0x2C, 0x99, 0xAA, 0x55, 0xCE, 0x24, 0x1F, 0x57, 0xE2, 0x77, 0x7E, 0x52,
    0xE2, 0x50, 0x2A, 0x17, 0xF6, 0x5A, 0x47, 0xED, 0xE7, 0xBD, 0x57, 0x91, 0xBC, 0x84, 0x09, 0x17,
    0x68, 0xCE, 0x71, 0x74, 0x4E, 0xD2, 0xA2, 0x23, 0x28, 0x31, 0x43, 0xED, 0x87, 0xA5, 0x40, 0x08,
    0xDE, 0x10, 0x96, 0x91, 0x83, 0xB0, 0x36, 0x13, 0xC8, 0x80, 0x08, 0x80, 0xE1, 0x92, 0x8A, 0xD7,
    0xB7, 0x05, 0x0F, 0x24, 0xA2, 0x93, 0x57, 0xA7, 0x45, 0x52, 0xFD, 0x21, 0x6A, 0xA7, 0xEB, 0x69,
    0xAD, 0xE2, 0x57, 0x42, 0x76, 0xAC, 0xB8, 0x70, 0xCD, 0xF5, 0xAD, 0xDD, 0xD6, 0x08, 0x10, 0xCA,
    0x07, 0x25, 0x98, 0x25, 0xA0, 0xC9, 0x16, 0x5F, 0xE6, 0x07, 0x73, 0x04, 0xE4, 0x4A, 0xE0, 0x89,
    0xC1, 0x32, 0x0A, 0x03, 0xAB, 0x1D, 0xD9, 0x2A, 0xEC, 0x91, 0x0B, 0x99, 0x36, 0x4B, 0x98, 0x2B,
    0x3A, 0xF8, 0x83, 0x4C, 0x6F, 0x5C, 0x71, 0x1E, 0xA5, 0xC1, 0xF7, 0xB4, 0x09, 0x18, 0x6D, 0xE0,
    0xF7, 0xE0, 0x1C, 0x62, 0x2E, 0x60, 0x33, 0x43, 0x21, 0x66, 0x07, 0x8F, 0x33, 0x52, 0x37, 0xB2,
    0x04, 0x06, 0x7F, 0x2A, 0x3D, 0xC5, 0xCA, 0x21, 0xBF, 0x8C, 0x58, 0xA8, 0xC1, 0x3F, 0xAF, 0x41,
    0xAB, 0x76, 0x15, 0x1F, 0xF4, 0xF6, 0xAA, 0x97, 0x60, 0x85, 0x4B, 0x82, 0x56, 0x17, 0xED, 0x60,
    0xBF, 0x1E, 0xA8, 0x53, 0xD6, 0x9B, 0x2A, 0x1D, 0x29, 0x87, 0x22, 0xD0, 0x9A, 0xFA, 0x6C, 0x6B,
    0x61, 0x68, 0xB0, 0x23, 0x2E, 0xFE, 0x20, 0x3E, 0x29, 0xDF, 0xDC, 0x48, 0x5A, 0xAE, 0xF7, 0x26,
    0xE8, 0xDC, 0xC6, 0x6F, 0xA4, 0x0C, 0x89, 0x29, 0x95, 0x4E, 0x90, 0xFF, 0xF6, 0xD9, 0x48, 0xF1,
    0x11, 0xE6, 0xA4, 0x2B, 0x85, 0x0F, 0x94, 0x3A, 0x37, 0x3A, 0x0E, 0xFC, 0xFD, 0x71, 0xD5, 0xE1,
    0x23, 0x0A, 0xFF, 0x8D, 0xDB, 0x15, 0x85, 0x47, 0x25, 0xAE, 0x60, 0x3F, 0xB2, 0xF0, 0xA0, 0x35,
    0xDC, 0x46, 0x92, 0x90, 0x30, 0xB0, 0x19, 0x57, 0xEC, 0x96, 0x2D, 0xEE, 0x8F, 0x33, 0xD6, 0x7A,
    0x51, 0x84, 0x29, 0xFB, 0xF1, 0x6B, 0x8C, 0x98, 0x06, 0x43, 0xBA, 0x98, 0x6D, 0x7C, 0xD9, 0xF6,
    0x8E, 0xC0, 0x31, 0x1D, 0xC5, 0xFC, 0x0B, 0xD4, 0xF8, 0xC8, 0x83, 0x03, 0xCA, 0x8C, 0x2D, 0x46,
    0x2D, 0x08, 0xA3, 0xB1, 0x52, 0x42, 0x35, 0xD2, 0x44, 0x8B, 0xD7, 0x23, 0x7F, 0xD7, 0x1A, 0xA1,
    0xF3, 0x05, 0x84, 0x80, 0x84, 0xD5, 0x52, 0x79, 0xF8, 0x71, 0x88, 0xDF, 0x6E, 0xBE, 0x7D, 0xCC,
    0xC1, 0xF1, 0xCA, 0x1A, 0x44, 0x63, 0xB9, 0x7A, 0x62, 0xF4, 0xAB, 0x2F, 0xAA, 0x8F, 0xE9, 0x69,
    0xE3, 0x8F, 0x0A, 0xB6, 0x96, 0xA2, 0x0C, 0xE8, 0x87, 0x35, 0x5B, 0x11, 0x98, 0x1C, 0xE1, 0x17,
    0xE8, 0xB7, 0x8D, 0x12, 0x02, 0xF2, 0x2B, 0x0B, 0x48, 0x08, 0x0A, 0x38, 0xE8, 0x21, 0x1C, 0x6E,
    0x1D, 0x1E, 0x56, 0xA0, 0x25, 0xE8, 0x27, 0xDA, 0x8E, 0x9F, 0xCA, 0x48, 0xCB, 0x50, 0x5F, 0xC2,
    0x56, 0xA0, 0xDE, 0xD0, 0x1F, 0x5A, 0x9B, 0xCF, 0x4C, 0x40, 0x16, 0xCC, 0x6F, 0xA9, 0x8C, 0xE6,
    0x39, 0xEA, 0x0D, 0x60, 0x81, 0x2A, 0x53, 0x5D, 0xAA, 0xCA, 0xA6, 0xA8, 0xE2, 0x4E, 0x47, 0x2A,
    0xB9, 0x5B, 0x07, 0x6C, 0x40, 0xDF, 0x65, 0xD4, 0x81, 0x62, 0x13, 0x96, 0xEB, 0xF6, 0xC5, 0x26,
    0x13, 0x8D, 0x62, 0x51, 0x24, 0x8A, 0x43, 0x51, 0x6C, 0xAC, 0x71, 0xE5, 0x07, 0x74, 0xB5, 0xDC,
    0x65, 0x2B, 0xFB, 0xFB, 0xA3, 0x0D, 0x29, 0x22, 0x9B, 0xA2, 0xA4, 0x40, 0xD9, 0xD0, 0x1C, 0x41,
    0x2F, 0x50, 0xC8, 0x1D, 0x36, 0xDB, 0xE2, 0x89, 0x22, 0x53, 0x5C, 0x22, 0xBB, 0x22, 0xCE, 0xD7,
    0x77, 0x08, 0xDB, 0xEE, 0xBA, 0x1A, 0xB6, 0xD1, 0xC7, 0x86, 0x4D, 0xED, 0x9B, 0x66, 0x3C, 0x5C,
    0x66, 0xB8, 0x6C, 0x11, 0x15, 0xD7, 0x80, 0x8A, 0x34, 0x72, 0x2E, 0x77, 0xF9, 0x7D, 0x36, 0x9B,
    0x02, 0xF9, 0x6A, 0x68, 0xDF, 0x18, 0x2F, 0xA6, 0x46, 0x3A, 0x92, 0xFB, 0xBC, 0xB7, 0x21, 0x5E,
    0xDB, 0xE0, 0xFE, 0x6E, 0x34, 0x7E, 0x97, 0x7C, 0x94, 0x7B, 0xA8, 0xCE, 0x20, 0x32, 0x75, 0x64,
    0x55, 0xEE, 0x6F, 0xA4, 0xA3, 0x5C, 0x47, 0xE9, 0xA9, 0x60, 0x2A, 0x03, 0x9D, 0xC2, 0x99, 0x16,
    0x8A, 0xC9, 0xB4, 0xF2, 0xEA, 0x9D, 0x7A, 0x36, 0xAB, 0x7A, 0x34, 0xC4, 0xA0, 0xA8, 0xE8, 0xA6,
    0x5C, 0x7A, 0x7A, 0x2A, 0x95, 0x48, 0x67, 0x41, 0x74, 0xEA, 0x85, 0xE6, 0x48, 0xD4, 0x6A, 0x3F,
    0x55, 0x05, 0x92, 0xEC, 0xE8, 0xA3, 0x65, 0xAC, 0x86, 0xAA, 0xEC, 0xF3, 0xEC, 0xF5, 0x19, 0xEB,
    0x63, 0xE6, 0x9D, 0xD2, 0xE8, 0xC4, 0x02, 0xEC, 0x96, 0xC5, 0xC5, 0x7D, 0x2A, 0x90, 0x44, 0xA6,
    0xDB, 0xD7, 0x26, 0x4B, 0xB7, 0xE3, 0x3E, 0xDD, 0xD2, 0x4F, 0xB3, 0x2B, 0x69, 0x2D, 0xA1, 0x63,
    0xB8, 0xD3, 0x44, 0xD7, 0xF0, 0x1E, 0x82, 0xCE, 0xE1, 0x44, 0x06, 0xFB, 0x2C, 0x5A, 0x2A, 0x5A,
    0x94, 0x66, 0x2D, 0x79, 0x38, 0x3A, 0x99, 0xB4, 0x74, 0x8E, 0xEE, 0x92, 0x51, 0xB5, 0x8A, 0xD0,
    0xFA, 0x10, 0x64, 0x48, 0x46, 0xF4, 0x91, 0x6A, 0x09, 0xA7, 0x96, 0x86, 0x36, 0x64, 0x3F, 0x44,
    0xE9, 0xD8, 0xB7, 0x21, 0x7F, 0x13, 0x16, 0xC8, 0xFA, 0x3A, 0x94, 0x34, 0x42, 0xDE, 0xD5, 0xE1,
    0x24, 0xB5, 0x92, 0x1F, 0xEF, 0xDB, 0x22, 0xBB, 0xF1, 0xE3, 0xC4, 0x50, 0x2D, 0x2A, 0xFF, 0x14,
    0xEB, 0x36, 0xE8, 0xE9, 0x65, 0x60, 0xC9, 0xAB, 0xD4, 0x5D, 0xFE, 0xAC, 0x54, 0xD1, 0x32, 0x27,
    0xAA, 0x93, 0x85, 0xEF, 0x39, 0x88, 0x21, 0x1C, 0x5D, 0x1E, 0x6D, 0xA9, 0xBE, 0xB8, 0x7C, 0x74,
    0xED, 0x0C, 0x7D, 0x42, 0x3E, 0x30, 0xC1, 0x89, 0x36, 0xD6, 0x79, 0xB3, 0x06, 0x00, 0x41, 0x5B,
    0x22, 0x22, 0x78, 0xA7, 0x0A, 0x95, 0x0B, 0xE4, 0xC5, 0x76, 0x59, 0x37, 0x35, 0x5B, 0x59, 0x77,
    0x2C, 0x61, 0xA6, 0x1C, 0x85, 0xA7, 0xD2, 0xB1, 0x90, 0x3C, 0x96, 0x81, 0xFB, 0x98, 0xD4, 0xBB,
    0xA8, 0x60, 0x04, 0x35, 0x4F, 0xC9, 0x25, 0x27, 0x76, 0x12, 0x50, 0x18, 0x8A, 0x99, 0x85, 0x63,
    0xAF, 0x82, 0xDF, 0x79, 0xB6, 0x0A, 0x3D, 0x87, 0x63, 0x31, 0x11, 0xDC, 0x67, 0x21, 0x91, 0x1E,
    0x72, 0x6B, 0x5B, 0x12, 0x54, 0x12, 0xB4, 0xD5, 0xBE, 0x37, 0x3A, 0xF3, 0xF1, 0x82, 0x82, 0x47,
    0xC4, 0x05, 0x2B, 0xE4, 0x28, 0xC0, 0xEF, 0x99, 0x0C, 0xD4, 0xDB, 0xD6, 0x0B, 0x0E, 0x0A, 0x33,
    0xF5, 0xC2, 0x2E, 0x28, 0xB4, 0xD4, 0x4F, 0x0B, 0x82, 0x8A, 0x18, 0x64, 0xDB, 0x81, 0x19, 0xC4,
    0xA2, 0x18, 0xFE, 0x94, 0x5F, 0x9C, 0x2D, 0x68, 0x8E, 0x81, 0x58, 0x46, 0xC6, 0x6A, 0x6D, 0xC9,
    0xDE, 0x1E, 0x44, 0xA4, 0x6C, 0x6E, 0xA4, 0x67, 0xEA, 0x49, 0x35, 0x01, 0x15, 0x0B, 0xA9, 0x64,
    0xBC, 0x4C, 0x3E, 0x82, 0x46, 0x92, 0x8C, 0x35, 0x29, 0xB4, 0xD3, 0x4A, 0x4C, 0x4C, 0xED, 0xC8,
    0x88, 0x37, 0x6A, 0xEA, 0x89, 0x5D, 0x7A, 0xA5, 0x7C, 0x86, 0xBB, 0x50, 0x84, 0x27, 0xDB, 0x80,
    0xEB, 0x36, 0x81, 0x0C, 0xEC, 0x64, 0x5B, 0xCF, 0xD9, 0x60, 0x7B, 0x81, 0x58, 0x88, 0xFC, 0xB2,
    0xA2, 0x0A, 0xA6, 0xC3, 0xDC, 0x0A, 0x05, 0x39, 0x9A, 0xAC, 0xDA, 0xDF, 0xB5, 0xEB, 0x6A, 0xD0,
    0x81, 0x04, 0x79, 0x70, 0x5D, 0x49, 0x8D, 0x08, 0xFD, 0xF5, 0x8D, 0x81, 0xC8, 0x95, 0xB4, 0xFC,
    0x9D, 0x44, 0x90, 0x48, 0x4F, 0x7A, 0xFB, 0x0F, 0x5A, 0x3A, 0x30, 0xD9, 0x81, 0xAE, 0xF4, 0xC3,
    0xF8, 0x7F, 0xEB, 0x87, 0x7A, 0xF5, 0xC3, 0xE6, 0x00, 0xA8, 0xDF, 0x8E, 0x97, 0xFD, 0x70, 0xFC,
    0x43, 0xFC, 0xC0, 0x0F, 0xA4, 0xFD, 0x32, 0x7D, 0xDA, 0x5B, 0xA4, 0x5C, 0x48, 0x4C, 0xFC, 0xE8,
    0xD4, 0xAC, 0x76, 0x86, 0x11, 0xB6, 0xBB, 0x2F, 0x12, 0xFA, 0xEF, 0x8C, 0x3A, 0x4E, 0x4C, 0xD3,
    0xED, 0xC8, 0x66, 0xA1, 0xF8, 0x44, 0x6A, 0x27, 0xFA, 0x8F, 0xD4, 0xE3, 0x22, 0xE4, 0xDA, 0xFB,
    0xAF, 0x59, 0xD7, 0xE0, 0x85, 0x40, 0x40, 0x0A, 0xCA, 0x29, 0x01, 0xF4, 0x1A, 0x73, 0xCB, 0x42,
    0xEB, 0x15, 0x4A, 0x3D, 0xFC, 0x87, 0x9F, 0x41, 0x4C, 0x09, 0x46, 0xA3, 0xCD, 0x05, 0x71, 0x5B,
    0x48, 0x89, 0xD2, 0x42, 0xFF, 0x15, 0xD2, 0xC0, 0x7F, 0x47, 0x09, 0xF4, 0xDF, 0xD9, 0xE6, 0xC2,
    0x17, 0xE5, 0x31, 0x44, 0x17, 0x64, 0xCB, 0xE5, 0x65, 0xB1, 0x0D, 0xC1, 0xB0, 0x6E, 0x11, 0xD6,
    0x03, 0x0A, 0x78, 0x1E, 0xD0, 0xE1, 0xE2, 0x73, 0xD4, 0x0A, 0x16, 0x9A, 0x81, 0x1E, 0x52, 0x30,
    0xF3, 0x50, 0xD0, 0x6A, 0xF7, 0x3C, 0x60, 0xA2, 0x75, 0x22, 0x83, 0x67, 0xB1, 0xBA, 0x2E, 0xB9,
    0xCB, 0xFB, 0x3B, 0x84, 0xA8, 0xF3, 0xD0, 0x17, 0x81, 0x61, 0x78, 0xA4, 0xD7, 0xF2, 0x88, 0x9C,
    0x58, 0x07, 0x2A, 0xCF, 0xC1, 0x0F, 0x23, 0x27, 0xB7, 0xE9, 0x2F, 0x1C, 0x7D, 0x6E, 0x54, 0x3C,
    0xB9, 0x27, 0x17, 0x6D, 0x57, 0x76, 0xEA, 0xDC, 0xBC, 0x2B, 0x5D, 0x0E, 0x3A, 0x21, 0x35, 0xB7,
    0x10, 0xDE, 0x79, 0xF5, 0x29, 0x84, 0xF7, 0xF3, 0xAB, 0x17, 0xF7, 0xB4, 0xF7, 0x30, 0x95, 0x81,
    0x6F, 0xF6, 0x74, 0x69, 0xAE, 0xEB, 0xAF, 0x99, 0xEB, 0x40, 0x15, 0x28, 0xDB, 0xCF, 0x75, 0x50,
    0x80, 0x1F, 0xA8, 0xFB, 0x4A, 0x48, 0xDA, 0x99, 0xA8, 0xD2, 0xCA, 0xB9, 0xF2, 0x0D, 0x99, 0xAB,
    0xA4, 0xFD, 0x17, 0xEB, 0xD1, 0x3B, 0x32, 0x92, 0x21, 0xDD, 0x79, 0xBE, 0x76, 0xFA, 0x0E, 0xB8,
    0xE3, 0x74, 0xC8, 0x6E, 0xE3, 0xBA, 0x5A, 0x99, 0xAC, 0xFF, 0x64, 0x5C, 0x1F, 0x72, 0x07, 0xEB,
    0x3A, 0xDD, 0xF3, 0xA2, 0x3C, 0xD8, 0x92, 0xE8, 0x88, 0x40, 0x89, 0xCC, 0xFF, 0x54, 0x3E, 0xDF,
    0x33, 0xD6, 0x02, 0x8D, 0x59, 0xA3, 0x74, 0xF6, 0xD9, 0x83, 0x23, 0xBB, 0x87, 0x05, 0x0F, 0xE6,
    0xDB, 0x1F, 0x33, 0x5E, 0xD6, 0x8D, 0x4C, 0xDB, 0xCA, 0xE4, 0x01, 0xD7, 0xE0, 0xA3, 0x34, 0xA5,
    0x4C, 0xAD, 0x92, 0x97, 0xA9, 0x90, 0x87, 0xAA, 0x61, 0x05, 0xA1, 0x93, 0x08, 0xD9, 0xD1, 0x08,
    0x28, 0xB5, 0x8C, 0x95, 0xF5, 0x34, 0xEE, 0x7A, 0x17, 0x57, 0x56, 0xB4, 0xF8, 0x1D, 0xB3, 0x42,
    0x24, 0x25, 0x13, 0x29, 0xB5, 0xE7, 0x40, 0xD9, 0x00, 0x1A, 0x73, 0xDB, 0xC7, 0x2B, 0x2B, 0x92,
    0xB7, 0x5C, 0xF5, 0x8E, 0xD1, 0x44, 0x7A, 0x12, 0x40, 0xE5, 0xD3, 0x81, 0x64, 0xAE, 0x2A, 0xA4,
    0x32, 0x32, 0x1F, 0xCD, 0x46, 0xD1, 0x28, 0x3C, 0x13, 0xDE, 0x7D, 0x09, 0xBA, 0x35, 0x2D, 0x8A,
    0x33, 0x56, 0xB3, 0xD5, 0x8B, 0xAA, 0xC4, 0x61, 0x46, 0x4F, 0x26, 0x3A, 0x96, 0xF0, 0x1D, 0x8B,
    0x70, 0xB7, 0xAF, 0x58, 0xCC, 0x51, 0x34, 0x37, 0x95, 0xB2, 0x79, 0xCC, 0x0B, 0x9C, 0x45, 0x55,
    0x5B, 0xA9, 0x54, 0x77, 0xA8, 0x9B, 0x3C, 0x95, 0x26, 0x0D, 0x2C, 0xA6, 0xBF, 0x95, 0x26, 0x1B,
    0xE8, 0xED, 0xE3, 0xCF, 0xA5, 0xA3, 0x5E, 0x32, 0xE4, 0xDF, 0x93, 0xAE, 0x68, 0x58, 0x2C, 0xBE,
    0x2A, 0x1D, 0xF5, 0x93, 0xE0, 0xB5, 0xFE, 0x1D, 0x2B, 0xDE, 0x71, 0x9C, 0x61, 0x51, 0x8C, 0x4E,
    0x7E, 0x6A, 0x19, 0xF9, 0x37, 0x93, 0x93, 0x9F, 0x05, 0x16, 0x7F, 0x1B, 0x9C, 0xE8, 0x89, 0xE2,
    0x07, 0x83, 0x9E, 0xBD, 0x29, 0xD7, 0xF1, 0x64, 0xB1, 0xD1, 0xB3, 0x62, 0x11, 0x72, 0xCB, 0xB6,
    0x07, 0xE1, 0xB7, 0x79, 0x60, 0x3F, 0x09, 0xF8, 0xD1, 0x8A, 0x41, 0x35, 0xD7, 0xD3, 0xDC, 0x1F,
    0x31, 0x9A, 0x8F, 0xCA, 0xA9, 0x72, 0xD2, 0xCA, 0xDD, 0xA4, 0x7D, 0x68, 0x31, 0x5F, 0x23, 0x4B,
    0xD1, 0x7C, 0x88, 0xCB, 0xEE, 0x60, 0xBB, 0x9D, 0x7D, 0x66, 0xAB, 0xEC, 0x40, 0xB7, 0x25, 0x12,
    0xE8, 0x30, 0x27, 0x8F, 0x27, 0x72, 0x2B, 0x03, 0xD9, 0x5B, 0x58, 0xD1, 0x8A, 0x9B, 0xD7, 0x78,
    0xBD, 0x23, 0xB7, 0xC6, 0x87, 0x0F, 0xAC, 0xBE, 0x2E, 0xC8, 0xCC, 0xD5, 0x15, 0xE2, 0x10, 0x86,
    0x6F, 0xD7, 0xE7, 0xAE, 0x9E, 0xDD, 0x0F, 0xD6, 0x50, 0xD9, 0x98, 0xDF, 0x5B, 0x4A, 0xC6, 0x47,
    0x28, 0x25, 0x36, 0x59, 0x24, 0xF0, 0x01, 0x81, 0x71, 0x54, 0x46, 0xD8, 0x8E, 0x70, 0x7E, 0x2D,
    0x63, 0x81, 0x1B, 0x5F, 0x46, 0x2F, 0xFC, 0x8F, 0x3C, 0x9B, 0x8E, 0xEE, 0x80, 0x8B, 0x03, 0xE4,
    0xE7, 0xB8, 0x51, 0x2A, 0x2B, 0x66, 0x8F, 0x3B, 0x96, 0x4B, 0x22, 0xCD, 0xC7, 0x78, 0x2D, 0x23,
    0x55, 0x2E, 0xE6, 0xDC, 0xEE, 0x2C, 0xBC, 0x03, 0xC9, 0x39, 0xE5, 0x86, 0xB8, 0x34, 0xC7, 0xF5,
    0xEB, 0xE7, 0xAB, 0x72, 0x4A, 0x61, 0x64, 0xDE, 0x2B, 0x21, 0x3B, 0x29, 0x5A, 0x9E, 0x12, 0x5C,
    0x48, 0x41, 0x51, 0xE9, 0xE2, 0x42, 0xE9, 0x38, 0xA2, 0x13, 0x18, 0x22, 0xE7, 0x42, 0x0F, 0x1E,
    0x02, 0x61, 0x19, 0x99, 0x57, 0xC9, 0x5E, 0x0C, 0xD6, 0xA0, 0xA9, 0x81, 0x5A, 0x03, 0xB8, 0xD5,
    0x18, 0xAE, 0xAB, 0x71, 0x90, 0xD1, 0xA4, 0xDE, 0x6A, 0x7C, 0xD2, 0x6A, 0xA8, 0xBE, 0x12, 0x41,
    0xAC, 0xF1, 0x80, 0x35, 0x92, 0x19, 0x29, 0xE4, 0xF6, 0xEB, 0xF6, 0xE8, 0x53, 0x8C, 0xD8, 0xC5,
    0xC5, 0xC5, 0x5B, 0xD0, 0x00, 0x89, 0xE1, 0xC9, 0x29, 0xAD, 0x0D, 0x7B, 0x00, 0x70, 0x93, 0x7D,
    0xC5, 0xCD, 0xE9, 0xEE, 0xA1, 0xF1, 0x15, 0x37, 0xA7, 0xFB, 0x87, 0xC6, 0xD7, 0xDD, 0xFA, 0x36,
    0xBF, 0xAB, 0xF5, 0x92, 0x20, 0x15, 0xF4, 0x99, 0x01, 0x11, 0xFF, 0x14, 0x80, 0x93, 0xA3, 0xBB,
    0xBF, 0xBE, 0xBE, 0xA2, 0xAF, 0x73, 0x7D, 0xDD, 0xD2, 0xD7, 0xC9, 0xFA, 0xF2, 0xFA, 0x2A, 0xD7,
    0x57, 0x81, 0x57, 0x55, 0x54, 0x39, 0x5E, 0x0D, 0x5E, 0xCF, 0x57, 0x2E, 0xB9, 0xB8, 0xC0, 0xBD,
    0x09, 0xF2, 0xE2, 0x19, 0x64, 0x39, 0x6E, 0x02, 0xED, 0x64, 0xB9, 0x42, 0xA0, 0xBD, 0xA6, 0x80,
    0xF1, 0x6A, 0x75, 0x37, 0x4D, 0x2F, 0xAB, 0x7B, 0x95, 0xA6, 0x39, 0xED, 0x08, 0x40, 0xC3, 0x89,
    0x44, 0x4E, 0xDA, 0x00, 0xFA, 0xF5, 0xAF, 0x00, 0x7A, 0x0D, 0xAE, 0x43, 0x2B, 0x6E, 0x6D, 0x25,
    0xFF, 0x01, 0x1E, 0x4C, 0x7C, 0x1E, 0x73, 0x07, 0x26, 0x98, 0x93, 0x43, 0xC0, 0x04, 0x35, 0x39,
    0x9A, 0x47, 0x3F, 0xDC, 0x41, 0x92, 0xF7, 0x48, 0xF1, 0xAA, 0x3B, 0x22, 0xAF, 0xAC, 0xF8, 0x5F,
    0x33, 0x5C, 0xC6, 0x01, 0xC7, 0x8F, 0x04, 0x3C, 0x50, 0x39, 0x7D, 0xE3, 0x2D, 0xA8, 0x94, 0x47,
    0x3E, 0x38, 0x12, 0x8E, 0xD8, 0x64, 0xDD, 0xEC, 0x44, 0x76, 0xF9, 0xFB, 0x7E, 0x5D, 0x09, 0x78,
    0xAE, 0x88, 0x65, 0x48, 0xB9, 0x91, 0xCC, 0x85, 0x12, 0xE4, 0xC9, 0x17, 0xA8, 0x95, 0x23, 0xBA,
    0x60, 0xA4, 0x7C, 0x61, 0x6B, 0x40, 0xA8, 0x66, 0x4B, 0xA0, 0x3A, 0xAC, 0xD8, 0x4E, 0x8A, 0x89,
    0x28, 0x8E, 0xA9, 0xE0, 0xAB, 0x5C, 0xAB, 0x95, 0xF2, 0x8E, 0x5F, 0xBE, 0x93, 0xCB, 0x54, 0x22,
    0x19, 0xF4, 0xB9, 0x54, 0x78, 0xFA, 0x71, 0x8A, 0xC0, 0x5C, 0x9F, 0xA3, 0x53, 0x10, 0xC6, 0xF8,
    0x1E, 0xAF, 0xD8, 0x71, 0x48, 0x4E, 0xE1, 0x9F, 0x1A, 0x73, 0xC6, 0x7B, 0x82, 0x5C, 0xFB, 0xC1,
    0xAF, 0x70, 0xBB, 0xFD, 0x88, 0x4B, 0xF6, 0x5F, 0x3B, 0xE0, 0x64, 0x8B, 0x79, 0x45, 0x24, 0x14,
    0x20, 0x95, 0x02, 0xF6, 0xAA, 0x54, 0xC2, 0xFD, 0x71, 0xBD, 0x98, 0x09, 0x42, 0x34, 0x87, 0x8E,
    0xE8, 0x2A, 0x9F, 0xF1, 0x2E, 0x4C, 0x29, 0x6C, 0x6F, 0xD9, 0x2C, 0x23, 0x48, 0xDD, 0xAF, 0xC3,
    0xF3, 0x7C, 0x86, 0x07, 0xBB, 0x81, 0xEC, 0xB6, 0x57, 0x54, 0xED, 0x41, 0x15, 0x94, 0xAE, 0x88,
    0x07, 0x6D, 0x6B, 0x42, 0x53, 0x41, 0x9B, 0x79, 0xBE, 0x2A, 0xAE, 0x18, 0x38, 0x06, 0x61, 0xFF,
    0x11, 0x55, 0x8E, 0x58, 0xFC, 0x16, 0xAA, 0xF4, 0xBF, 0x0B, 0xB3, 0x3F, 0x72, 0x50, 0xBF, 0x3D,
    0xC3, 0xBC, 0x71, 0xF1, 0x4D, 0x5A, 0x24, 0xA2, 0x4C, 0x44, 0x2E, 0x64, 0x84, 0x5E, 0xB1, 0xC7,
    0xA3, 0x5E, 0x95, 0x81, 0xE9, 0xEA, 0xFF, 0xD7, 0xAB, 0x35, 0xBC, 0xFA, 0xC0, 0x2F, 0xE3, 0x15,
    0x5E, 0x85, 0xE4, 0x7B, 0x0B, 0x05, 0x5A, 0xA8, 0x84, 0x85, 0xCA, 0x78, 0xD4, 0xEE, 0x26, 0xDC,
    0x3E, 0x04, 0xFE, 0xF7, 0xC2, 0xEB, 0x85, 0xC6, 0x2F, 0xAD, 0x76, 0x09, 0x91, 0xEB, 0x27, 0x7F,
    0x4B, 0x95, 0x76, 0x00, 0x89, 0x52, 0xA4, 0x8B, 0x6B, 0x2D, 0xE4, 0x5E, 0x5C, 0x2A, 0x10, 0x3A,
    0xC3, 0x08, 0x7A, 0x3D, 0x72, 0xF5, 0x91, 0x81, 0xB4, 0x43, 0x90, 0x1F, 0xD3, 0x81, 0xB6, 0xBF,
    0xBC, 0xF9, 0xB2, 0xED, 0xCF, 0xB4, 0xF6, 0xEB, 0x57, 0xE5, 0x17, 0xA7, 0xFB, 0x59, 0xA3, 0x21,
    0x5D, 0xBF, 0x12, 0x85, 0xC9, 0x48, 0x33, 0xA9, 0x30, 0x2A, 0xAF, 0xBF, 0xD9, 0x63, 0xE7, 0xA4,
    0xEB, 0x57, 0xC3, 0x97, 0x3A, 0x77, 0xEC, 0x75, 0x21, 0x15, 0x11, 0xF8, 0x42, 0x1B, 0x76, 0x13,
    0xBA, 0x7F, 0xB8, 0xFF, 0x13, 0x2D, 0xBE, 0x3E, 0xB5, 0xE7, 0x9C, 0x0B, 0x34, 0x2B, 0x44, 0x7E,
    0xA1, 0xB5, 0xDB, 0xBE, 0xED, 0xEF, 0x6A, 0x0F, 0x95, 0x0F, 0x6C, 0x13, 0x74, 0x9C, 0x49, 0x19,
    0x7D, 0x0C, 0x6A, 0x7B, 0x12, 0xD3, 0xE6, 0xAC, 0xEE, 0x42, 0xCD, 0xD7, 0xA9, 0x92, 0x88, 0xC5,
    0x19, 0x2D, 0x7D, 0x0C, 0x26, 0x4B, 0x47, 0xF2, 0xBD, 0x91, 0x3C, 0xA9, 0x48, 0x70, 0x0F, 0x7A,
    0x95, 0x6D, 0xA7, 0x3B, 0x91, 0x0B, 0x44, 0x62, 0x3E, 0x51, 0x35, 0xAC, 0x73, 0x94, 0xF0, 0x33,
    0x69, 0x8C, 0x2A, 0xC8, 0x81, 0xD5, 0x5F, 0xB1, 0xDC, 0xAE, 0xB9, 0xF4, 0x16, 0xAA, 0x76, 0x26,
    0x50, 0xED, 0xF7, 0x49, 0x13, 0xAF, 0xC0, 0xEC, 0x5C, 0x31, 0x8D, 0xE8, 0xBA, 0xFD, 0x00, 0xD1,
    0xD5, 0x3E, 0x7D, 0x19, 0x19, 0x61, 0x49, 0x80, 0x91, 0x8F, 0xCD, 0x82, 0xE2, 0x41, 0x06, 0x8E,
    0x8C, 0x3E, 0x05, 0xDA, 0x10, 0xC1, 0x93, 0x3F, 0xBE, 0x5D, 0xC6, 0x77, 0x6E, 0xEF, 0x05, 0xEF,
    0x62, 0x26, 0x46, 0x60, 0xA9, 0x28, 0xF7, 0xFC, 0xA4, 0x75, 0x66, 0x45, 0x6D, 0x8A, 0xFE, 0x51,
    0x79, 0xEE, 0xC2, 0xC5, 0x32, 0x3A, 0x09, 0x30, 0xEB, 0x27, 0xF6, 0xCF, 0xB2, 0xBB, 0x16, 0x39,
    0xA8, 0xB3, 0x5E, 0xF6, 0x8D, 0xDB, 0xBE, 0x94, 0xD7, 0xF7, 0x84, 0x77, 0x3D, 0xE2, 0xDD, 0x8E,
    0x37, 0xEB, 0x65, 0xF4, 0x12, 0x72, 0xA9, 0x30, 0xBC, 0xD0, 0xF6, 0x36, 0x2D, 0x8D, 0x00, 0x94,
    0x5A, 0x74, 0xBC, 0xEB, 0x65, 0xD7, 0xDB, 0x0A, 0xD7, 0x4F, 0x84, 0xCB, 0xFF, 0x34, 0x11, 0xD6,
    0x1F, 0x75, 0x22, 0x6C, 0x00, 0x5B, 0xC3, 0xCB, 0x1A, 0xAC, 0x37, 0x71, 0xF7, 0xE7, 0xED, 0x46,
    0xFA, 0xF7, 0xF3, 0x25, 0x71, 0xCA, 0x65, 0x51, 0x29, 0x72, 0x99, 0x55, 0x8C, 0x44, 0x1A, 0xC5,
    0xC3, 0x0C, 0x69, 0xB2, 0x00, 0x71, 0xCA, 0x0E, 0xF2, 0xB4, 0x68, 0xF9, 0xFB, 0x11, 0x72, 0xFC,
    0x80, 0x28, 0x33, 0x71, 0x81, 0xCA, 0x8F, 0x04, 0xA2, 0x1D, 0xF9, 0x9C, 0x8D, 0xB7, 0x15, 0x0B,
    0x9C, 0xA5, 0x5D, 0x49, 0x80, 0xA0, 0x6D, 0xA4, 0xE9, 0x85, 0x09, 0x50, 0x3A, 0xFA, 0xB2, 0x3B,
    0x5C, 0x7C, 0x4B, 0xFD, 0x8A, 0xAC, 0xEB, 0xF9, 0xA6, 0x4F, 0xE8, 0x57, 0x7D, 0x0F, 0x0C, 0x9D,
    0x1E, 0xA1, 0x73, 0xC9, 0x97, 0xCB, 0x15, 0xBE, 0x44, 0x41, 0xEE, 0x97, 0x32, 0x66, 0xD2, 0xD8,
    0x44, 0x92, 0x9C, 0xF2, 0x3F, 0x1E, 0x12, 0xEA, 0x05, 0xCB, 0xBD, 0x52, 0x7E, 0x23, 0xF2, 0x39,
    0x11, 0x55, 0xE4, 0x3F, 0x44, 0x7E, 0x00, 0xDB, 0xC8, 0xA3, 0xA3, 0xFC, 0xA7, 0x7A, 0x3D, 0x91,
    0x98, 0xE2, 0x87, 0xD5, 0x41, 0xF0, 0x30, 0x98, 0x13, 0x17, 0xF2, 0x39, 0x0B, 0x9D, 0xAA, 0x94,
    0xB3, 0x80, 0xDE, 0x17, 0xE6, 0x76, 0x41, 0xEF, 0xF6, 0x91, 0x01, 0x6A, 0xFB, 0x35, 0x94, 0x8A,
    0xF2, 0xE4, 0x26, 0xDB, 0xC4, 0x8F, 0x11, 0x3A, 0xF1, 0x23, 0x0A, 0xAB, 0x96, 0xD3, 0xCD, 0x35,
    0xFE, 0x64, 0x02, 0xEA, 0x75, 0x19, 0xDA, 0x00, 0xD5, 0xB1, 0x76, 0xDE, 0x0E, 0xE6, 0xE0, 0x52,
    0x86, 0x5A, 0x14, 0x7F, 0x2A, 0xD2, 0x50, 0xF8, 0x4E, 0x25, 0x57, 0x79, 0x28, 0x76, 0x07, 0x99,
    0x61, 0x9F, 0x40, 0xEC, 0x6D, 0xFF, 0xE5, 0xFA, 0xD1, 0xC5, 0x49, 0x58, 0xDF, 0x11, 0x58, 0x9A,
    0x53, 0x14, 0xE7, 0xE7, 0xE8, 0x97, 0x77, 0xF8, 0xAC, 0x73, 0x52, 0x31, 0x6C, 0xCF, 0x1E, 0x33,
    0x8E, 0x4D, 0xC8, 0xC9, 0xFA, 0xF0, 0x4E, 0x10, 0x6E, 0x23, 0x22, 0x48, 0x7A, 0xD8, 0x07, 0xDD,
    0x55, 0xEB, 0x54, 0xBF, 0xE0, 0x63, 0x19, 0x81, 0xDE, 0x70, 0x82, 0xB9, 0xEA, 0x09, 0x4A, 0xB1,
    0x65, 0x07, 0x5C, 0x38, 0xFF, 0xD3, 0x2C, 0x70, 0x1C, 0x1D, 0x5E, 0xC6, 0x44, 0x3A, 0x6E, 0x10,
    0x55, 0xBC, 0x33, 0xE3, 0xC8, 0xBA, 0x6B, 0x5E, 0xC4, 0xC1, 0x31, 0x2F, 0x72, 0x44, 0x54, 0x2C,
    0x85, 0xC0, 0xC4, 0x27, 0x6D, 0x54, 0x0C, 0x05, 0xB4, 0xEA, 0xA0, 0x18, 0xFD, 0x54, 0x50, 0xD5,
    0x72, 0x06, 0xD2, 0x25, 0xC4, 0xD9, 0x9C, 0x61, 0x9E, 0x40, 0x7F, 0x9E, 0x89, 0xA3, 0x46, 0x98,
    0x59, 0xA4, 0x69, 0xF7, 0x8A, 0xA9, 0x60, 0xC5, 0x5F, 0x40, 0x78, 0x91, 0x40, 0x84, 0x3C, 0x9F,
    0x3D, 0xB5, 0x61, 0x77, 0xFD, 0x3F, 0xF8, 0x4A, 0x5E, 0xF1, 0x32, 0x01, 0x61, 0x23, 0x2E, 0x00,
    0x55, 0xF8, 0x44, 0xE4, 0x1F, 0x3E, 0xBC, 0x54, 0x68, 0x2F, 0x2F, 0x15, 0xB2, 0xFF, 0xED, 0x52,
    0x61, 0x4C, 0x64, 0xE4, 0x52, 0x01, 0x17, 0x73, 0x1F, 0xB8, 0x54, 0x08, 0x70, 0x5C, 0x3D, 0xE0,
    0xF6, 0xA3, 0xED, 0xE1, 0x38, 0xCE, 0x72, 0x86, 0x89, 0x21, 0x52, 0xC8, 0xFE, 0x3F, 0x78, 0xDB,
    0x13, 0xA9, 0x85, 0x38, 0x9B, 0xD0, 0xA5, 0x0C, 0x6D, 0x2C, 0xE5, 0x67, 0xC8, 0xE3, 0xFF, 0xAA,
    0xA3, 0x5A, 0x7E, 0x92, 0x4A, 0x22, 0xBF, 0x3E, 0xCC, 0x6A, 0x99, 0xC3, 0x84, 0x4E, 0xD1, 0xC7,
    0xE5, 0xE7, 0x6F, 0x57, 0xAC, 0xCA, 0xAF, 0xBF, 0xBB, 0x81, 0x3B, 0x69, 0x52, 0xAC, 0x30, 0x9F,
    0xC0, 0x05, 0x8D, 0x0F, 0x07, 0x75, 0x5E, 0x48, 0xB1, 0xC0, 0x43, 0x2C, 0x55, 0xEC, 0xE3, 0x40,
    0xA1, 0x04, 0xC5, 0x7A, 0xDD, 0x01, 0x86, 0x1E, 0xE8, 0xAF, 0x90, 0x26, 0x6B, 0xD4, 0x8C, 0xBE,
    0x53, 0x1D, 0x6B, 0x85, 0xA6, 0xEE, 0x31, 0xFD, 0x8E, 0xC7, 0x05, 0xB3, 0x23, 0xF2, 0x8B, 0x34,
    0xD0, 0x67, 0xFD, 0xDB, 0xD1, 0x21, 0xD8, 0xC4, 0x5A, 0x0C, 0x4C, 0xE6, 0xA5, 0x48, 0x68, 0x45,
    0x86, 0x57, 0xE5, 0xC7, 0xDA, 0x55, 0x03, 0x3F, 0xD0, 0xB9, 0x38, 0x73, 0xD9, 0x9E, 0x7B, 0x52,
    0x05, 0x1F, 0xB7, 0xCD, 0x04, 0xEA, 0xC0, 0x73, 0x7A, 0x4E, 0x45, 0x7A, 0xA0, 0xED, 0x44, 0x97,
    0x41, 0x3E, 0x0C, 0x12, 0x1E, 0x2D, 0x83, 0xA9, 0xA5, 0x8F, 0x6D, 0x16, 0xDA, 0xCF, 0x78, 0xD9,
    0xF5, 0x63, 0x72, 0xCB, 0x68, 0x5B, 0x32, 0x6C, 0x27, 0xA0, 0x39, 0x9B, 0x98, 0x21, 0x47, 0xC4,
    0xCF, 0xD4, 0x3A, 0x65, 0xC9, 0xC4, 0x59, 0x6B, 0xB0, 0x89, 0xAB, 0xE0, 0xDC, 0xC5, 0xC1, 0x02,
    0xDF, 0x7B, 0x64, 0x0A, 0x57, 0xAF, 0x5D, 0x77, 0x16, 0x70, 0xAE, 0xEE, 0x12, 0x45, 0xDF, 0x38,
    0x95, 0xB7, 0xAC, 0x80, 0x9E, 0x73, 0x8D, 0xA7, 0x45, 0xCE, 0xE9, 0x9B, 0xE8, 0xB0, 0x14, 0xC5,
    0x20, 0x0F, 0x69, 0x80, 0xCA, 0x59, 0x07, 0x2C, 0xF8, 0x9F, 0x2E, 0xEF, 0x80, 0xB6, 0xFE, 0x18,
    0x39, 0xA9, 0xF4, 0xC4, 0x66, 0x1B, 0x13, 0xCF, 0xED, 0x32, 0x57, 0xE5, 0x55, 0x28, 0x69, 0xF2,
    0xB1, 0x46, 0x8A, 0xED, 0x8A, 0x98, 0x49, 0x85, 0x34, 0x1A, 0x53, 0x72, 0x0A, 0xC6, 0x26, 0x8B,
    0x72, 0x93, 0x2B, 0x4F, 0xCA, 0x7F, 0xD2, 0x76, 0x69, 0x38, 0x48, 0xF3, 0x52, 0xDB, 0x93, 0xBF,
    0xD2, 0xF6, 0xC7, 0x5E, 0x79, 0x6C, 0xFB, 0x5C, 0x75, 0x78, 0x33, 0xB4, 0x7D, 0x51, 0x1D, 0xE4,
    0x6B, 0x1A, 0xE3, 0x27, 0xEA, 0xE1, 0xBF, 0xEE, 0xDA, 0xFE, 0xBE, 0xF2, 0xD7, 0xAB, 0xF6, 0xA7,
    0xA3, 0xF2, 0x3D, 0xD7, 0xFE, 0x7C, 0x50, 0x8E, 0xAE, 0x7E, 0xD4, 0x29, 0x4F, 0xDC, 0x25, 0x4A,
    0x30, 0xD4, 0x67, 0x70, 0x4F, 0xDF, 0x25, 0x08, 0xBB, 0xC1, 0xA4, 0xBC, 0x49, 0xE4, 0x81, 0x4D,
    0xA1, 0xC5, 0xC9, 0x3A, 0x14, 0xAB, 0xB2, 0xC1, 0xF8, 0xB8, 0xC3, 0xF9, 0x17, 0x2A, 0xCB, 0x3F,
    0x07, 0xE0, 0xD3, 0x6E, 0xDB, 0xC4, 0xF0, 0xBB, 0x79, 0xB4, 0x58, 0x13, 0x00, 0xD0, 0x36, 0x91,
    0x7F, 0xCB, 0x84, 0xF9, 0x3D, 0x98, 0xC8, 0x57, 0x18, 0x35, 0x0F, 0xD6, 0x3F, 0x60, 0xD4, 0x36,
    0x9C, 0xA5, 0x6B, 0x3B, 0x6E, 0xF0, 0xF1, 0x38, 0xA5, 0xD4, 0x47, 0x64, 0x1E, 0xA6, 0x00, 0x34,
    0xBE, 0xC6, 0xE1, 0x61, 0x71, 0x2C, 0x2E, 0x16, 0x9D, 0xB3, 0x2D, 0x30, 0x6C, 0x27, 0x35, 0x99,
    0x40, 0x1D, 0x82, 0x1B, 0x29, 0x65, 0xA0, 0x92, 0xD9, 0xBA, 0x19, 0xD7, 0x70, 0xB8, 0x95, 0x8A,
    0xDA, 0xE1, 0x39, 0xC8, 0x87, 0x48, 0x7A, 0x3F, 0x50, 0x72, 0xC8, 0xC6, 0x91, 0xB4, 0x5F, 0x70,
    0x47, 0x52, 0x36, 0x92, 0xF2, 0x81, 0xE4, 0x3B, 0x52, 0x4B, 0x4C, 0x23, 0xA9, 0x44, 0x1B, 0x7F,
    0xFA, 0x05, 0x2A, 0xE0, 0xC5, 0x4C, 0xC1, 0x94, 0x6D, 0x07, 0xB7, 0x74, 0x0E, 0x7A, 0x2E, 0xE9,
    0x72, 0xBB, 0xC5, 0xB6, 0x92, 0x8C, 0xEA, 0x4A, 0x48, 0x97, 0xA1, 0xC3, 0x42, 0x9E, 0xE5, 0x06,
    0x81, 0xF0, 0x10, 0xE5, 0xBF, 0x5F, 0xFF, 0x32, 0xAE, 0x4F, 0x7A, 0x3D, 0x19, 0x0B, 0xC1, 0xC3,
    0xBC, 0xE5, 0xE2, 0x1E, 0x86, 0xAD, 0x0C, 0x7A, 0x52, 0xFA, 0x2F, 0xBC, 0x85, 0xDF, 0x21, 0x5E,
    0x97, 0x53, 0x6E, 0x66, 0x5D, 0xBF, 0x61, 0x72, 0x39, 0x57, 0x01, 0xE8, 0x36, 0xF4, 0x76, 0x03,
    0x52, 0x78, 0xFE, 0xFD, 0x60, 0xE1, 0xC2, 0xBA, 0x37, 0x09, 0x2E, 0x43, 0x82, 0xD6, 0x29, 0x6D,
    0x7A, 0xB9, 0xF5, 0x6A, 0x03, 0x2E, 0xD5, 0x7E, 0xCC, 0x48, 0x50, 0xF8, 0xE4, 0xB7, 0x74, 0xEB,
    0x25, 0x7E, 0x94, 0xC3, 0xB9, 0x0B, 0x8C, 0x60, 0xE6, 0xE3, 0xD7, 0xA5, 0xDA, 0x9A, 0xBF, 0x56,
    0x8D, 0x6B, 0xF6, 0x7D, 0xA8, 0x55, 0x0E, 0x67, 0x20, 0xA8, 0x6C, 0x23, 0xAC, 0xC0, 0xC7, 0x7A,
    0xBA, 0xAC, 0xC6, 0x35, 0xDB, 0x2C, 0xFB, 0x84, 0x6E, 0xCF, 0xBA, 0x5B, 0x24, 0x40, 0xFC, 0xEA,
    0xD3, 0xDF, 0x82, 0x77, 0x35, 0x2C, 0x43, 0x26, 0xFD, 0x21, 0x14, 0x32, 0xA6, 0xA1, 0x7C, 0x79,
    0x39, 0x0E, 0xDE, 0xB5, 0x8F, 0xFA, 0x13, 0x84, 0xF4, 0x39, 0x06, 0x12, 0x8F, 0xFF, 0x02, 0xE5,
    0x5B, 0x01, 0xA4, 0x26, 0xD9, 0x95, 0xFE, 0xAA, 0x2A, 0xDD, 0xC5, 0x2B, 0xDC, 0x59, 0xBA, 0x31,
    0x13, 0x14, 0x6C, 0xC8, 0x46, 0x92, 0x02, 0x80, 0xE9, 0x77, 0x6B, 0xB3, 0x58, 0x2C, 0xE6, 0x21,
    0x2F, 0x61, 0x07, 0x59, 0x0C, 0x92, 0x81, 0x06, 0x58, 0xF4, 0xEB, 0x2A, 0x1B, 0x2C, 0x16, 0x79,
    0xD8, 0x80, 0x85, 0x87, 0x59, 0x26, 0x2F, 0x08, 0x2C, 0x82, 0xE9, 0xAE, 0x9B, 0x6D, 0x04, 0x81,
    0xCA, 0x66, 0xB3, 0x8B, 0xC5, 0x54, 0xEC, 0x6C, 0x42, 0x16, 0x73, 0xAD, 0x9B, 0x4D, 0xF5, 0xCC,
    0xAD, 0x7B, 0xB6, 0xCE, 0x39, 0xF5, 0x7B, 0xD5, 0xDE, 0xF6, 0x98, 0x5D, 0x22, 0x4F, 0xF7, 0x7D,
    0xF5, 0x9F, 0xEF, 0xFE, 0xEF, 0xFD, 0x55, 0xF7, 0x3B, 0xDF, 0xBD, 0x75, 0xEE, 0xB9, 0xF7, 0xAF,
    0x07, 0x9C, 0xA0, 0x5C, 0x60, 0x08, 0xB5, 0x1C, 0x66, 0x41, 0x7E, 0x01, 0x2D, 0x79, 0x8F, 0xD2,
    0xC1, 0xC8, 0x51, 0xF7, 0xB0, 0xEB, 0xD1, 0x62, 0x68, 0x41, 0xC8, 0x08, 0x39, 0xA1, 0x20, 0x94,
    0x09, 0x55, 0xE2, 0x93, 0xEA, 0x05, 0x36, 0xF2, 0xF1, 0xF6, 0xBB, 0x00, 0xF0, 0x97, 0x6C, 0x66,
    0x36, 0x01, 0xC0, 0x67, 0xA9, 0x47, 0x4E, 0x14, 0x60, 0x3E, 0xA6, 0x88, 0xEE, 0xDF, 0xDF, 0x4F,
    0xA0, 0x27, 0x3F, 0x5E, 0x0A, 0x2A, 0x9F, 0xC4, 0x2A, 0x95, 0x4F, 0x26, 0xB3, 0x54, 0x3D, 0x9A,
    0x68, 0x5A, 0xD8, 0xD9, 0x60, 0x35, 0x35, 0xD0, 0x85, 0x86, 0xCD, 0x31, 0x9B, 0x7B, 0x6C, 0x5E,
    0xE7, 0x3F, 0x3C, 0x40, 0x6F, 0xE3, 0x0F, 0x0B, 0x57, 0xD3, 0xDC, 0xB8, 0x92, 0x88, 0xB9, 0x50,
    0xE4, 0x26, 0xCE, 0x81, 0x7C, 0x02, 0x50, 0x8C, 0x6C, 0x1C, 0x70, 0x28, 0xD9, 0x90, 0x5A, 0xC0,
    0x10, 0x4D, 0x40, 0xF7, 0xC1, 0x10, 0x00, 0xEA, 0x9B, 0x99, 0xD9, 0x1B, 0xB5, 0x81, 0xDD, 0x30,
    0x23, 0xAA, 0x05, 0xC0, 0x66, 0xCB, 0x74, 0x65, 0xBF, 0x4E, 0xA7, 0x27, 0x28, 0x88, 0x28, 0x88,
    0xF5, 0x58, 0x41, 0xF4, 0xB9, 0x66, 0x0B, 0x3D, 0x37, 0xB2, 0x35, 0x9E, 0x6D, 0xD3, 0xB2, 0x7D,
    0x4C, 0xE7, 0x79, 0x9F, 0x13, 0xD1, 0x30, 0xD6, 0xAB, 0xA5, 0xDE, 0x7E, 0x44, 0xB4, 0xE0, 0xF3,
    0xB8, 0xCD, 0xA4, 0x80, 0x5B, 0xD0, 0xB2, 0xBA, 0xF8, 0x45, 0x0C, 0xDD, 0x32, 0xC0, 0xB2, 0x57,
    0xE6, 0xE9, 0x7D, 0x0F, 0xE3, 0x0A, 0xCF, 0x97, 0x99, 0xD1, 0x00, 0x11, 0xC7, 0xC0, 0x7B, 0xB0,
    0x5C, 0x6B, 0x58, 0x61, 0xE3, 0xF2, 0x00, 0x13, 0x6A, 0xAF, 0x67, 0x0C, 0x43, 0x4A, 0x78, 0xFD,
    0xD6, 0xC9, 0xEB, 0x90, 0x52, 0x12, 0xFD, 0x15, 0xC5, 0x8A, 0xE8, 0xDB, 0x14, 0x33, 0x0A, 0x18,
    0x26, 0x0C, 0x9E, 0x7B, 0xD1, 0x7A, 0x3C, 0x04, 0xDB, 0xB8, 0xDA, 0x90, 0x05, 0xA0, 0x99, 0x8B,
    0x09, 0xA8, 0xE7, 0xCA, 0x01, 0x26, 0x9A, 0x96, 0xED, 0xB1, 0xC8, 0xF1, 0x00, 0x40, 0xB9, 0x04,
    0xB0, 0xDB, 0x5E, 0x84, 0x5C, 0x41, 0xED, 0xAD, 0x37, 0xE9, 0xBB, 0x27, 0xDC, 0x0C, 0x80, 0xBB,
    0xDF, 0xA0, 0xD3, 0x96, 0x59, 0x90, 0x13, 0xDB, 0x03, 0x46, 0xE4, 0xA8, 0x45, 0x0E, 0x2B, 0x76,
    0x58, 0xB8, 0x4A, 0x14, 0xC4, 0x7A, 0xE0, 0xAD, 0xF8, 0x4C, 0x79, 0x0B, 0x5A, 0xE2, 0xB3, 0x05,
    0xC8, 0x4E, 0x45, 0x4D, 0x3E, 0x31, 0xA3, 0x1F, 0x24, 0xA0, 0x98, 0x73, 0x12, 0x91, 0xA9, 0x85,
    0x99, 0x30, 0x00, 0xF5, 0xC4, 0x3E, 0xD5, 0x1E, 0xAF, 0xAC, 0x36, 0x00, 0x87, 0xF6, 0x2B, 0x72,
    0x72, 0xEA, 0x0C, 0xE0, 0x11, 0x51, 0x8B, 0x6C, 0xAE, 0x69, 0x42, 0x11, 0x72, 0x0A, 0xAB, 0x45,
    0x13, 0x51, 0x44, 0x94, 0xAB, 0xA5, 0x76, 0xAD, 0x64, 0x14, 0xF2, 0x08, 0x0C, 0x29, 0x67, 0x55,
    0xE8, 0x57, 0x9E, 0xFD, 0x93, 0x4B, 0x74, 0x24, 0x97, 0x13, 0x9B, 0x51, 0x2B, 0xFE, 0xB4, 0xA8,
    0x5B, 0x74, 0x2D, 0x6C, 0x8F, 0x0E, 0xB0, 0x4E, 0xEC, 0x88, 0x05, 0x68, 0x42, 0x31, 0x1F, 0x86,
    0x5D, 0x46, 0xA9, 0xC5, 0x0A, 0x6C, 0x8E, 0x70, 0xBB, 0xB5, 0xAE, 0x19, 0xBB, 0xD1, 0x4E, 0x83,
    0xB3, 0x53, 0xE7, 0xEC, 0xF8, 0x1A, 0x8E, 0x5A, 0x1C, 0xCA, 0x7D, 0x76, 0x12, 0xA5, 0x4A, 0xD8,
    0xFC, 0x06, 0xF7, 0x03, 0x40, 0x40, 0x96, 0x98, 0x2C, 0xD0, 0xF4, 0xD5, 0x78, 0x9B, 0xA6, 0x6A,
    0x34, 0x7D, 0x43, 0x4B, 0xE1, 0x1B, 0x24, 0x0C, 0x59, 0x38, 0xCE, 0x79, 0x6C, 0xC4, 0x07, 0x45,
    0xC0, 0xE7, 0xF1, 0xE0, 0xBD, 0xD2, 0x03, 0xB8, 0x37, 0x57, 0x13, 0x80, 0xE3, 0xD9, 0xFC, 0x6F,
    0x50, 0x09, 0xBC, 0x57, 0xC9, 0x27, 0xF9, 0x3C, 0xE0, 0xC1, 0xBD, 0x22, 0x22, 0x47, 0xB4, 0x48,
    0xA8, 0x31, 0xD7, 0x6D, 0xF7, 0xEB, 0xB5, 0x05, 0xE3, 0x2A, 0xF2, 0xD5, 0x58, 0x04, 0xDC, 0x45,
    0xD3, 0x23, 0x41, 0xF8, 0xD8, 0x0F, 0xF0, 0xD9, 0x99, 0xE5, 0x20, 0x1A, 0x45, 0x9C, 0xA7, 0xE0,
    0x22, 0xFD, 0x74, 0x3B, 0x7D, 0x13, 0xDD, 0x87, 0x73, 0xBE, 0x94, 0xA1, 0x9C, 0x2B, 0x6F, 0xD6,
    0x9F, 0x66, 0x32, 0xDE, 0x8E, 0xF5, 0x64, 0xC7, 0xF5, 0xC7, 0xB1, 0xD3, 0x1F, 0x3A, 0xFB, 0xF1,
    0x37, 0x7E, 0x59, 0x2F, 0xF5, 0x92, 0x5F, 0xDC, 0xBE, 0x40, 0x76, 0x91, 0x9F, 0xA3, 0x9A, 0x8C,
    0x43, 0xE3, 0x38, 0xCE, 0xB0, 0xBF, 0x4B, 0x19, 0x61, 0xE6, 0x26, 0xC0, 0x7A, 0x1E, 0xBA, 0x23,
    0x39, 0x0C, 0x8E, 0x7A, 0xD8, 0x71, 0x70, 0x68, 0xD6, 0xEB, 0xC1, 0xF8, 0x7A, 0x42, 0x19, 0x2A,
    0x8F, 0x7C, 0x2E, 0x3C, 0x10, 0xB3, 0x00, 0xDC, 0xC1, 0x09, 0xDE, 0xBE, 0xBC, 0xBC, 0x6C, 0x07,
    0x16, 0x51, 0x0C, 0x00, 0xF3, 0x89, 0x46, 0x3A, 0xC0, 0x52, 0xB4, 0x34, 0x77, 0x14, 0x3A, 0xF2,
    0xFF, 0x87, 0xFE, 0xF8, 0xA7, 0xB5, 0xA9, 0x6A, 0x34, 0xDF, 0x26, 0x9A, 0xB9, 0x3F, 0x6C, 0xB6,
    0xAC, 0xFD, 0x01, 0x8B, 0x6E, 0xED, 0x8F, 0x15, 0xEC, 0xDA, 0x1F, 0x02, 0xF7, 0x66, 0x81, 0x63,
    0x86, 0x45, 0x80, 0x82, 0x82, 0x13, 0x30, 0xE3, 0xDA, 0x1F, 0xB0, 0x85, 0x5F, 0xFB, 0x03, 0x36,
    0x9F, 0xD7, 0xFE, 0x90, 0x4F, 0x46, 0x2B, 0x17, 0x9B, 0xEB, 0xAF, 0xD0, 0x64, 0x7F, 0xE6, 0xCD,
    0x3F, 0x5E, 0x5E, 0x1C, 0x7D, 0x9F, 0xFB, 0x03, 0x9F, 0xAE, 0x3F, 0xBE, 0xB0, 0x6A, 0xF1, 0xAE,
    0x25, 0xA2, 0x99, 0x6B, 0x17, 0x1A, 0xAF, 0x46, 0x18, 0x8A, 0x68, 0x7E, 0x9E, 0x84, 0xD3, 0x43,
    0x34, 0xED, 0xD9, 0xFA, 0x62, 0xE4, 0xF7, 0xCD, 0x2F, 0x13, 0x0C, 0xCD, 0xC8, 0x68, 0x84, 0x94,
    0xEC, 0x04, 0x40, 0xE1, 0x3F, 0xC1, 0xBC, 0xFD, 0xFD, 0x8F, 0x76, 0x8A, 0xB7, 0x9F, 0xFC, 0xE1,
    0xC3, 0x2C, 0xA3, 0xE5, 0x5A, 0x6F, 0x55, 0x09, 0x18, 0x68, 0xCC, 0x16, 0xE3, 0xF3, 0xD9, 0x84,
    0x2C, 0x18, 0x8F, 0x57, 0xD6, 0x17, 0x1A, 0x07, 0x58, 0x00, 0x11, 0x28, 0x27, 0x0D, 0xAF, 0x11,
    0x7D, 0x39, 0xE5, 0xAE, 0xF9, 0xEE, 0x9B, 0xAE, 0xD3, 0x0B, 0xB4, 0xEB, 0xE5, 0x80, 0x2A, 0xB5,
    0x18, 0x68, 0xCA, 0x96, 0x2A, 0xE4, 0xB1, 0x0A, 0xF8, 0x61, 0x15, 0x34, 0x2A, 0x5B, 0x87, 0xD7,
    0x96, 0x15, 0x9E, 0x02, 0xD9, 0xE0, 0x80, 0x66, 0xFC, 0x0C, 0xEA, 0xE9, 0x1E, 0xEA, 0xB1, 0x83,
    0x75, 0xDD, 0x4F, 0xA9, 0x6D, 0x68, 0x41, 0x7E, 0x79, 0xBE, 0xF2, 0x7A, 0x07, 0x34, 0x15, 0xD4,
    0x56, 0x0B, 0x9A, 0x09, 0x5D, 0x8B, 0x3B, 0x57, 0x9C, 0x4B, 0x6A, 0xD7, 0x03, 0x15, 0xF1, 0xC1,
    0x2F, 0x43, 0xE0, 0x97, 0x49, 0xE0, 0x17, 0x43, 0xBD, 0xF0, 0x81, 0x26, 0xF2, 0x21, 0x13, 0x24,
    0xC3, 0xCC, 0x07, 0x6C, 0x40, 0x17, 0xC0, 0xAF, 0xCE, 0x03, 0x83, 0xE7, 0x03, 0xE4, 0x41, 0x0C,
    0x53, 0x46, 0x13, 0x32, 0x6E, 0x7A, 0x44, 0x4E, 0x53, 0xB9, 0x42, 0x41, 0x5E, 0xC2, 0x16, 0x51,
    0xA4, 0x8F, 0xA7, 0xF2, 0x7D, 0xF2, 0x03, 0xB9, 0xEA, 0x09, 0x39, 0x9B, 0x60, 0xDC, 0x1D, 0x64,
    0xED, 0x0A, 0xE0, 0x52, 0x2B, 0x34, 0x0A, 0x76, 0x54, 0x78, 0xAA, 0x90, 0x14, 0xA2, 0x40, 0x3D,
    0x09, 0xE0, 0xCF, 0x59, 0xFE, 0x92, 0xD6, 0xE2, 0xEA, 0xD5, 0xA4, 0xD6, 0x52, 0x2A, 0x27, 0x74,
    0xAB, 0x1D, 0x37, 0x3B, 0x5C, 0xB3, 0x9D, 0x58, 0xBB, 0xB3, 0x46, 0x6C, 0x29, 0x16, 0x6F, 0x3F,
    0x66, 0x8B, 0xE3, 0xDF, 0x81, 0x7D, 0x28, 0x36, 0x71, 0x8C, 0x6B, 0x52, 0x49, 0x0E, 0x56, 0xAC,
    0x94, 0x0C, 0x76, 0x1A, 0x02, 0xAD, 0x3F, 0x9D, 0x7F, 0xAD, 0xE5, 0x99, 0xF5, 0x4B, 0xC0, 0x71,
    0x8B, 0x61, 0x42, 0x1D, 0x50, 0x06, 0x54, 0xE1, 0xD5, 0xFB, 0xDE, 0x92, 0x6B, 0xB8, 0xFB, 0xDF,
    0x45, 0x35, 0x63, 0x08, 0xD5, 0x7F, 0xFA, 0xEA, 0x6F, 0x3C, 0xCC, 0x7A, 0x4C, 0xA8, 0x47, 0x96,
    0xCE, 0xAE, 0x47, 0xCF, 0x47, 0xD7, 0x62, 0xE0, 0x70, 0x3F, 0x50, 0x3C, 0x3D, 0xFD, 0xEA, 0x61,
    0x54, 0x15, 0xC9, 0x84, 0x2A, 0x94, 0x73, 0xED, 0xCB, 0x68, 0xC7, 0xF5, 0xE5, 0xAA, 0xB9, 0x73,
    0x26, 0x74, 0xAE, 0xF6, 0xD6, 0x59, 0xD7, 0xFC, 0x82, 0xDA, 0x8A, 0x22, 0x70, 0xD9, 0x03, 0xEF,
    0xE2, 0x02, 0x78, 0x84, 0x08, 0x74, 0x48, 0x80, 0xED, 0x07, 0x80, 0xA3, 0x20, 0x6A, 0x09, 0x61,
    0x73, 0xE3, 0x61, 0x62, 0x1D, 0xB4, 0x66, 0x7D, 0x37, 0x71, 0x94, 0x6B, 0xB3, 0x54, 0x2C, 0x28,
    0xE6, 0x2A, 0xC0, 0x4C, 0xB5, 0x93, 0xFB, 0x12, 0x77, 0x75, 0x00, 0x7E, 0x0F, 0xC8, 0x66, 0x4D,
    0x34, 0x0A, 0x0F, 0x74, 0x2B, 0x56, 0x23, 0x8A, 0xDF, 0x46, 0xE9, 0xFC, 0xE2, 0x67, 0x33, 0x60,
    0x01, 0xF6, 0x16, 0x0B, 0x00, 0x89, 0x8E, 0x82, 0xF2, 0x71, 0xF1, 0xD3, 0x31, 0x4E, 0x1C, 0x3F,
    0xC0, 0x1E, 0x77, 0xDB, 0x88, 0x89, 0xF8, 0x42, 0x0F, 0xEB, 0x8A, 0x80, 0x61, 0x45, 0xBE, 0xB1,
    0xA8, 0xC5, 0xE0, 0x8C, 0x2B, 0x89, 0x3B, 0xD9, 0xB6, 0xF5, 0x80, 0xBB, 0xA7, 0x5F, 0x7D, 0x8C,
    0x07, 0xC4, 0x62, 0xC7, 0xCC, 0x27, 0x30, 0x89, 0xF2, 0x47, 0xD2, 0xD0, 0x68, 0xF2, 0x08, 0xA0,
    0xEE, 0x5F, 0x2F, 0x18, 0x2D, 0x48, 0xE6, 0xBF, 0x25, 0x5B, 0x71, 0x14, 0x12, 0x55, 0x00, 0x4A,
    0x2F, 0x5C, 0x84, 0x44, 0x1D, 0xE4, 0x2E, 0xCE, 0x89, 0xB4, 0xFB, 0x4E, 0x4F, 0xC5, 0x3F, 0x21,
    0x5A, 0xAA, 0x5F, 0xE2, 0x5F, 0xDD, 0xAB, 0x7F, 0x16, 0xEA, 0xDF, 0xA2, 0xFE, 0x1D, 0xFC, 0x2A,
    0xBD, 0xA2, 0xFA, 0x25, 0x09, 0x93, 0xF8, 0xD7, 0x41, 0xFD, 0x8B, 0xEA, 0x5F, 0x11, 0x3E, 0xFB,
    0x14, 0xB0, 0xAE, 0xFA, 0x05, 0x11, 0xFB, 0x67, 0x9E, 0xCC, 0x76, 0xC4, 0xE0, 0x6C, 0xE9, 0xEB,
    0xC9, 0x52, 0x7A, 0x5C, 0x4C, 0xCD, 0x78, 0xF7, 0xF4, 0x6B, 0x11, 0xAD, 0x75, 0x4A, 0xC2, 0xB6,
    0x80, 0x19, 0xA5, 0x41, 0x21, 0x11, 0xC4, 0x2F, 0x6D, 0x68, 0x01, 0x1E, 0x02, 0x4C, 0x22, 0x0F,
    0x79, 0xCB, 0x24, 0xEA, 0xBE, 0x94, 0xFB, 0x70, 0x38, 0xBD, 0x2F, 0x7E, 0x11, 0x11, 0x7F, 0x26,
    0x23, 0xD2, 0x1B, 0xEF, 0xF2, 0x72, 0xF5, 0xED, 0xB6, 0xCC, 0x24, 0x80, 0x25, 0x0F, 0x3C, 0x06,
    0xA8, 0x8C, 0xC8, 0x22, 0xB0, 0x14, 0x51, 0x9A, 0x7C, 0xB0, 0x22, 0xFB, 0xCD, 0x62, 0xD5, 0xD2,
    0x41, 0x93, 0xF4, 0xE7, 0x51, 0xDA, 0x68, 0x24, 0xF5, 0x1B, 0xDD, 0x28, 0x7E, 0xA3, 0xF6, 0x4C,
    0x27, 0x83, 0xF1, 0x4D, 0x7B, 0x74, 0xD1, 0xAC, 0xD8, 0xA1, 0x99, 0x6C, 0x5B, 0x4F, 0x11, 0xC3,
    0x68, 0x7F, 0x3A, 0x3C, 0x09, 0x19, 0x39, 0x43, 0xA9, 0x9A, 0xCA, 0x0F, 0x5D, 0x76, 0x79, 0x6E,
    0x5C, 0xCD, 0xFE, 0xF1, 0xD4, 0x64, 0xB9, 0x81, 0xC7, 0x99, 0xEF, 0x5A, 0xEE, 0xCF, 0xC2, 0x0D,
    0xD2, 0x9F, 0x06, 0x04, 0xF6, 0xDB, 0x12, 0xCD, 0xEC, 0x77, 0xA7, 0x39, 0x1B, 0x90, 0x2F, 0xEA,
    0x77, 0x1E, 0x21, 0x24, 0xCA, 0x45, 0xFB, 0x73, 0x20, 0xA7, 0xF3, 0xCD, 0x29, 0x2B, 0x7F, 0x02,
    0xFD, 0x0B, 0x0C, 0x31, 0x3D, 0x31, 0x49, 0x32, 0xB2, 0x6B, 0xA1, 0x5F, 0xB3, 0xA2, 0x4A, 0xFA,
    0x8D, 0x4D, 0xCD, 0x9E, 0xD0, 0x6A, 0x6A, 0x6A, 0x01, 0x6E, 0xB5, 0xA4, 0x5E, 0x4F, 0xD7, 0xB0,
    0xD5, 0x05, 0x48, 0xA0, 0x7C, 0x87, 0x0D, 0x89, 0xE9, 0xC9, 0xE7, 0xE4, 0xBA, 0xB9, 0xA0, 0xDE,
    0x2E, 0x35, 0xC1, 0x30, 0xEB, 0x6C, 0xA0, 0x1E, 0x87, 0x72, 0x74, 0xA9, 0x58, 0x92, 0x62, 0x76,
    0xF8, 0x5B, 0xE7, 0xB0, 0x0F, 0x85, 0xA2, 0x3F, 0xA0, 0x2E, 0xEC, 0x4B, 0x13, 0x14, 0xBB, 0x59,
    0x91, 0xA2, 0x40, 0xBE, 0x61, 0xB1, 0x61, 0xF5, 0xFE, 0x22, 0x68, 0xBE, 0xA3, 0x68, 0x4D, 0x12,
    0x3C, 0xDB, 0x30, 0x1A, 0x92, 0xD3, 0x42, 0x45, 0xDA, 0x9A, 0x62, 0xE5, 0x4A, 0x6A, 0x65, 0x80,
    0x29, 0x5A, 0x14, 0x42, 0xF0, 0xE1, 0x86, 0x12, 0x9A, 0x81, 0x5C, 0x50, 0x48, 0x16, 0x8C, 0x66,
    0x94, 0x89, 0x1C, 0xB5, 0x53, 0xB4, 0xEC, 0xD8, 0x04, 0x0C, 0x1B, 0x2E, 0xAA, 0x54, 0x41, 0x7C,
    0xEA, 0x8C, 0x81, 0x3C, 0x74, 0x8E, 0x15, 0x6C, 0x9F, 0x51, 0xA6, 0x89, 0x8A, 0x9D, 0x57, 0xDC,
    0x04, 0x2A, 0xD4, 0x0F, 0x98, 0x49, 0xF1, 0x16, 0x5E, 0x0E, 0x5D, 0x6E, 0x6F, 0xB2, 0xD4, 0xFA,
    0x16, 0x1D, 0x39, 0x1D, 0x37, 0xCD, 0xC8, 0xC8, 0x69, 0xAD, 0x86, 0x96, 0x3C, 0x6C, 0xB2, 0x9C,
    0xBC, 0x14, 0xBA, 0xFC, 0x91, 0x8E, 0x80, 0x8C, 0xC6, 0x9A, 0xB1, 0xA4, 0xA7, 0x67, 0xC2, 0x9F,
    0xD4, 0xA1, 0xBA, 0x20, 0x71, 0xFC, 0x4B, 0xE8, 0x0E, 0x89, 0xE3, 0x4B, 0x31, 0x5E, 0xB2, 0xF3,
    0xEC, 0x42, 0x08, 0x84, 0x6D, 0xF5, 0x3F, 0x57, 0xCF, 0x62, 0x28, 0x67, 0x21, 0x7C, 0x9E, 0x9D,
    0x43, 0xCB, 0x8B, 0xAF, 0xCB, 0xBE, 0xFB, 0xED, 0xC1, 0x2F, 0xE5, 0x99, 0xFB, 0x5A, 0x71, 0x32,
    0xED, 0x86, 0x0C, 0xC8, 0xE6, 0x4E, 0x10, 0xC3, 0xA2, 0xD8, 0xC5, 0x17, 0x4B, 0x0F, 0x43, 0x5C,
    0x34, 0xB4, 0x5C, 0x55, 0x6F, 0x7F, 0x4C, 0xBF, 0xFE, 0xBE, 0x32, 0x2E, 0x7E, 0x45, 0x2D, 0xB4,
    0x5A, 0xFD, 0x84, 0x5A, 0x3C, 0xD2, 0xCF, 0xB2, 0x1F, 0xEF, 0x49, 0xF5, 0x1E, 0x57, 0xA3, 0x7A,
    0x57, 0x27, 0x41, 0xD1, 0x73, 0x81, 0x96, 0x72, 0x3C, 0x84, 0x72, 0x98, 0xDE, 0x1E, 0xAA, 0x16,
    0x5B, 0x95, 0x2F, 0xD3, 0x91, 0xCA, 0x97, 0x05, 0x0C, 0x5B, 0xB5, 0x98, 0x40, 0x61, 0x3B, 0xCB,
    0xB1, 0x13, 0x52, 0x1A, 0xC9, 0xDF, 0xA4, 0x74, 0x57, 0xD5, 0xE5, 0xF4, 0xEB, 0xEC, 0x3D, 0xAE,
    0x84, 0x91, 0xDC, 0x4F, 0xAA, 0xE5, 0xC8, 0xAA, 0x8A, 0x8C, 0x46, 0xD7, 0x6A, 0xAC, 0x70, 0xED,
    0xC0, 0x3E, 0xB1, 0xF8, 0xB6, 0x97, 0x49, 0xB8, 0xA1, 0xD3, 0xAF, 0x51, 0x8B, 0x8E, 0x7C, 0xB5,
    0xC9, 0x30, 0x1C, 0xAA, 0xBB, 0xF9, 0x37, 0x1B, 0x68, 0x52, 0x1A, 0x0B, 0x4B, 0xFC, 0x41, 0x43,
    0xE0, 0xB3, 0x2B, 0x6A, 0xD1, 0x44, 0xB9, 0x72, 0xA7, 0x72, 0xD3, 0x84, 0x22, 0x0A, 0x81, 0xAC,
    0x45, 0x79, 0x90, 0x5A, 0xA5, 0x4B, 0x02, 0xCD, 0xB2, 0x5F, 0xF9, 0x74, 0xCF, 0xC0, 0x30, 0x3F,
    0x1F, 0xB6, 0x8F, 0xD8, 0x0D, 0x12, 0x90, 0xB7, 0x32, 0x2B, 0x98, 0xF5, 0x20, 0xC9, 0x30, 0x0B,
    0x12, 0x7E, 0x18, 0x48, 0x24, 0xAC, 0x48, 0xE7, 0xCE, 0x33, 0x71, 0x61, 0xEB, 0x40, 0x90, 0x53,
    0x1A, 0x93, 0x80, 0xF1, 0x0A, 0xF2, 0xEE, 0x73, 0xC3, 0xA8, 0x0A, 0xB7, 0xFB, 0x08, 0x90, 0x5F,
    0xEA, 0x0D, 0xB4, 0x9D, 0xA8, 0x9F, 0x41, 0xE3, 0x05, 0xCA, 0x20, 0x90, 0x29, 0xAB, 0xFD, 0xB2,
    0x54, 0x46, 0x95, 0x47, 0xA3, 0x90, 0x51, 0xBA, 0x1C, 0x26, 0xA0, 0x0B, 0xD2, 0xD6, 0x10, 0x24,
    0xB1, 0x24, 0x8F, 0xCA, 0x09, 0x18, 0xA7, 0x23, 0x57, 0x22, 0xBA, 0xB4, 0xAA, 0xCD, 0x15, 0xCF,
    0x40, 0xA9, 0xB7, 0x41, 0xA5, 0x60, 0x9E, 0x91, 0xD7, 0xA4, 0xE7, 0xAA, 0x2C, 0x70, 0xA6, 0x1E,
    0x45, 0xE1, 0x90, 0x45, 0xBD, 0x41, 0x66, 0xE4, 0xF4, 0x9B, 0xD3, 0xFB, 0x01, 0x83, 0xD2, 0x24,
    0x05, 0x75, 0x5B, 0xC4, 0xAB, 0x68, 0x9F, 0x95, 0x74, 0x93, 0x00, 0x89, 0x2D, 0x66, 0x81, 0xAC,
    0x7D, 0x71, 0x9C, 0x3E, 0x6C, 0xCA, 0x78, 0x75, 0x5D, 0x1C, 0xAC, 0xFF, 0x2B, 0x8A, 0xEB, 0xFD,
    0xC0, 0x44, 0x17, 0x34, 0x9A, 0x58, 0xDF, 0x7A, 0x51, 0x9C, 0x7E, 0x0B, 0x9F, 0x67, 0x32, 0x09,
    0x24, 0xCD, 0xE7, 0x3B, 0xC8, 0x97, 0x8C, 0x01, 0xEF, 0xE0, 0x9B, 0xD0, 0xF2, 0x62, 0x38, 0x2D,
    0x49, 0xA5, 0xCE, 0x30, 0xD2, 0xB2, 0x1D, 0x0F, 0xA1, 0x40, 0xD7, 0x73, 0xAF, 0x5C, 0x39, 0x19,
    0xD0, 0xB0, 0x91, 0x9D, 0x63, 0x69, 0x41, 0xF6, 0x87, 0x40, 0x57, 0x66, 0x52, 0xA7, 0xD4, 0xA5,
    0xE2, 0x60, 0x74, 0xB5, 0x54, 0x51, 0xCB, 0x46, 0xDD, 0x50, 0x27, 0xC4, 0x05, 0x71, 0x40, 0xE9,
    0xAB, 0x99, 0x71, 0x58, 0x50, 0x05, 0x9D, 0xB3, 0x98, 0xF2, 0x08, 0x55, 0x42, 0x09, 0x1F, 0x9C,
    0xB7, 0x01, 0x07, 0xDE, 0xB9, 0xFC, 0xA2, 0xF2, 0xCF, 0x2E, 0x08, 0x94, 0xB6, 0xF2, 0x56, 0xE2,
    0xCA, 0x7C, 0xA3, 0x0E, 0xDA, 0xDB, 0x09, 0x4A, 0x5F, 0xF9, 0x2B, 0x77, 0xB5, 0xEA, 0x82, 0xF8,
    0x20, 0x16, 0xEA, 0x85, 0xBA, 0xA1, 0x6C, 0xD4, 0x11, 0x71, 0x62, 0x67, 0x67, 0xA8, 0x33, 0xEA,
    0x8D, 0xBA, 0xB3, 0xF9, 0xA3, 0x0E, 0x1D, 0x82, 0xAA, 0xE1, 0x7A, 0xC3, 0xBF, 0x1E, 0xBE, 0xE3,
    0x91, 0x2F, 0xC5, 0xCC, 0xBE, 0x44, 0xDC, 0x6A, 0x71, 0xE7, 0x66, 0x75, 0xC0, 0x05, 0xDE, 0x42,
    0x11, 0x8B, 0x05, 0x55, 0x2C, 0xD2, 0x6A, 0xCA, 0x05, 0xE5, 0x5C, 0x44, 0x64, 0xE7, 0xD0, 0x45,
    0xF4, 0x0D, 0xA2, 0x2B, 0x34, 0xD2, 0x39, 0xA0, 0x37, 0x67, 0x0B, 0x26, 0xF3, 0x03, 0x9A, 0xF4,
    0x0C, 0x8A, 0x90, 0xFB, 0xD3, 0x26, 0x25, 0x64, 0x48, 0xB1, 0xA2, 0x5E, 0x6E, 0xD1, 0x92, 0x9C,
    0xD0, 0x63, 0x64, 0x86, 0xC5, 0xEE, 0x55, 0x2A, 0xCA, 0x26, 0xD2, 0x5A, 0xCF, 0xB9, 0xB5, 0x15,
    0x61, 0xA8, 0x95, 0xF3, 0x0D, 0x41, 0xEA, 0x26, 0x31, 0x2A, 0xF3, 0x9A, 0x94, 0xBC, 0x5D, 0x94,
    0x7A, 0x17, 0x15, 0xC9, 0x8B, 0x3C, 0x05, 0x8D, 0x1A, 0x35, 0xA8, 0x17, 0x5F, 0xBA, 0x04, 0xBE,
    0x67, 0xDF, 0x64, 0xB7, 0x86, 0x8D, 0x3E, 0xC3, 0x3B, 0x90, 0x22, 0xCB, 0x9E, 0xFD, 0xBA, 0x07,
    0x25, 0x2D, 0x0F, 0xB1, 0x5F, 0xF9, 0xA0, 0xFE, 0x13, 0x0A, 0x52, 0xF9, 0xB2, 0xAE, 0x7D, 0xAE,
    0x2F, 0x7E, 0x6A, 0xF2, 0xB2, 0xAD, 0xAD, 0x5F, 0x46, 0xB1, 0x6E, 0x19, 0x9F, 0x5B, 0x3F, 0x65,
    0x69, 0x92, 0xEE, 0x68, 0x63, 0xA0, 0x6D, 0x37, 0x84, 0xB6, 0x14, 0x0A, 0x1F, 0x93, 0x93, 0x4A,
    0xF6, 0x94, 0x26, 0x98, 0x1E, 0xC8, 0x02, 0x79, 0xD4, 0x2D, 0x90, 0xFB, 0x6E, 0x46, 0x23, 0x79,
    0x98, 0x8D, 0xB0, 0x5C, 0x99, 0xEA, 0x45, 0x2A, 0xE5, 0x68, 0x08, 0x0F, 0x0F, 0xA9, 0xEE, 0x99,
    0xA4, 0x75, 0x05, 0xB9, 0xF7, 0xA4, 0xB2, 0x7A, 0x11, 0xB9, 0xD2, 0x83, 0xFC, 0x0C, 0xF0, 0xB5,
    0x86, 0xDF, 0x04, 0xE8, 0xA6, 0x54, 0xDA, 0x76, 0xB8, 0x1A, 0xF2, 0x5A, 0x31, 0x52, 0x39, 0x06,
    0x2A, 0xE9, 0xCC, 0x33, 0xA8, 0x7A, 0x88, 0x3A, 0x96, 0x34, 0x1A, 0x70, 0x65, 0x10, 0xFF, 0x1C,
    0x53, 0x9F, 0x24, 0xD1, 0x03, 0x70, 0xF4, 0xBD, 0xFD, 0xBE, 0x4B, 0x4E, 0xAD, 0xE0, 0xE0, 0xF6,
    0x9B, 0x2E, 0x85, 0xBF, 0xBE, 0xE5, 0x92, 0x0D, 0xD4, 0xEA, 0x50, 0x9A, 0x59, 0xF5, 0xFF, 0xB8,
    0x2F, 0xE9, 0xA3, 0x8C, 0xD6, 0x26, 0xCA, 0x48, 0xE9, 0x74, 0xBF, 0x5C, 0x6E, 0x63, 0x5F, 0x48,
    0xFB, 0xA1, 0x24, 0x19, 0xFD, 0x86, 0xC0, 0x50, 0x27, 0x01, 0x19, 0xC3, 0xC3, 0x6C, 0x75, 0x04,
    0x0A, 0x50, 0xE8, 0x04, 0xFC, 0x30, 0x1F, 0x80, 0x33, 0xFA, 0x21, 0xC8, 0x4D, 0xA1, 0xD0, 0x77,
    0xB3, 0x34, 0x69, 0x57, 0x30, 0xCB, 0x61, 0xEB, 0xBE, 0x5E, 0xB8, 0x39, 0xFE, 0xBD, 0x8E, 0xD2,
    0xA9, 0x4E, 0xFB, 0xCC, 0x2F, 0x89, 0x7F, 0x77, 0xD9, 0x5E, 0xC5, 0x4F, 0x39, 0xE9, 0x10, 0x41,
    0x55, 0x2A, 0x55, 0x4D, 0x83, 0xA8, 0x46, 0xD1, 0x17, 0xCD, 0x77, 0x4D, 0x5F, 0x35, 0xD6, 0x6E,
    0xD1, 0x56, 0xE3, 0x2D, 0x38, 0xE2, 0xCA, 0x19, 0x13, 0x22, 0x20, 0x51, 0xF7, 0x05, 0xF3, 0xFD,
    0x5B, 0xB8, 0x05, 0xB9, 0x70, 0x73, 0xB5, 0x45, 0xB2, 0xC5, 0x89, 0xA6, 0x94, 0x33, 0xEE, 0x1D,
    0xF2, 0xF9, 0x17, 0xAD, 0xDF, 0x65, 0xCA, 0x02, 0x8A, 0x98, 0x33, 0x83, 0x92, 0xA7, 0x2D, 0xA0,
    0x12, 0xE0, 0x77, 0xCC, 0x20, 0xBB, 0xC0, 0xC5, 0x0B, 0xE8, 0xFB, 0x1D, 0xE0, 0xE4, 0x0C, 0x59,
    0x18, 0xDA, 0x32, 0x34, 0x63, 0x3D, 0x56, 0xA1, 0x6B, 0xB3, 0xB4, 0xE8, 0x7C, 0xD9, 0x4C, 0x82,
    0xFC, 0xBE, 0x5C, 0x7F, 0x5F, 0xAF, 0x7F, 0xEF, 0xD6, 0xCF, 0x3D, 0x42, 0x36, 0xFF, 0x21, 0xF0,
    0x17, 0xFB, 0xF8, 0x57, 0x4C, 0xA2, 0xC6, 0x1B, 0x4E, 0xD4, 0x20, 0x55, 0x83, 0xF6, 0x6A, 0x14,
    0xAA, 0x46, 0xA5, 0x6A, 0xD4, 0x24, 0x6A, 0x1C, 0xAB, 0x1A, 0x51, 0xD4, 0xC8, 0xBD, 0xA8, 0x51,
    0x8E, 0xA2, 0x86, 0xE9, 0x45, 0x0D, 0xAB, 0x6A, 0xBC, 0x27, 0x6A, 0x64, 0x41, 0x64, 0x28, 0x26,
    0x01, 0xE3, 0x44, 0x8D, 0x46, 0xD5, 0x38, 0x53, 0x35, 0x66, 0x51, 0x83, 0xBC, 0xA8, 0x41, 0x4E,
    0xD4, 0xA0, 0xF6, 0xBA, 0x1A, 0x39, 0x89, 0x1A, 0xE5, 0xBF, 0x89, 0x1A, 0xA6, 0x17, 0x35, 0x5E,
    0xC5, 0x56, 0x5E, 0x7B, 0x57, 0xD1, 0x24, 0xC5, 0x82, 0x14, 0x41, 0xBD, 0x62, 0xE3, 0x14, 0xAB,
    0x49, 0x11, 0x2D, 0xAE, 0x4A, 0x43, 0xB2, 0x2B, 0x00, 0xBB, 0xA2, 0x59, 0xF1, 0x36, 0x2D, 0x6D,
    0x36, 0xFC, 0xB3, 0xCE, 0xE3, 0x16, 0x8A, 0xC7, 0xD0, 0x2C, 0xFF, 0x4C, 0x3A, 0x15, 0x78, 0xC4,
    0xE8, 0x64, 0xBF, 0xA4, 0x60, 0x8C, 0x5B, 0xD2, 0x3D, 0x43, 0x14, 0xCC, 0x82, 0x26, 0x3C, 0xB9,
    0xD7, 0x74, 0xA1, 0xD8, 0x63, 0x92, 0x0E, 0x90, 0x6E, 0x2F, 0x47, 0x5D, 0x7F, 0x56, 0x4E, 0x53,
    0x07, 0xB3, 0x47, 0xF9, 0x56, 0x44, 0x33, 0xAD, 0x06, 0xFA, 0xDE, 0x32, 0x46, 0x69, 0x1E, 0xCD,
    0xA2, 0x29, 0xBD, 0xA1, 0x9F, 0xDF, 0xF7, 0xE2, 0x35, 0xA9, 0xBF, 0x1D, 0xCD, 0x90, 0x72, 0xAA,
    0xF0, 0xFC, 0x1D, 0xF8, 0xEC, 0xF9, 0x3B, 0xF0, 0x2F, 0x95, 0x3E, 0xF9, 0xA5, 0xA2, 0xD9, 0xF4,
    0xB0, 0xE4, 0x04, 0xE9, 0x8D, 0x89, 0xA1, 0x88, 0x45, 0xD8, 0xE4, 0x89, 0x9B, 0x3C, 0x77, 0x5E,
    0x26, 0x7D, 0xB2, 0x6D, 0x47, 0xD9, 0xF8, 0x72, 0x16, 0x0C, 0x26, 0x32, 0xD6, 0x1B, 0x1A, 0x5F,
    0x05, 0xC6, 0xBC, 0xCF, 0xCF, 0xA1, 0xE5, 0x25, 0xBB, 0xBF, 0xDE, 0x7E, 0x47, 0x80, 0x74, 0xB8,
    0x6C, 0xAB, 0xFB, 0xB8, 0xDF, 0x8D, 0xEB, 0x80, 0xFD, 0xF2, 0x5B, 0x2E, 0x43, 0xBD, 0xA5, 0x30,
    0xAC, 0xD0, 0x51, 0xA8, 0x65, 0x81, 0xD2, 0xB2, 0xB3, 0xF9, 0x22, 0xE1, 0xB7, 0x08, 0xC8, 0xF9,
    0x97, 0x13, 0x32, 0xF2, 0xC2, 0x78, 0x85, 0xA6, 0x95, 0x25, 0xCE, 0x43, 0x08, 0xEF, 0x28, 0x74,
    0x0B, 0x0F, 0xF6, 0xB2, 0x1A, 0xC1, 0x4E, 0xEB, 0xF3, 0x46, 0xC9, 0x82, 0x81, 0xCE, 0x76, 0xBB,
    0x3D, 0x05, 0x79, 0x5C, 0xDF, 0x98, 0x10, 0x9F, 0x44, 0x4C, 0x01, 0xEC, 0xB7, 0x35, 0x15, 0xBA,
    0xC3, 0xB4, 0xB9, 0x28, 0xC4, 0xAB, 0x85, 0x38, 0x1A, 0x85, 0x8C, 0xD2, 0x7E, 0x63, 0x71, 0xF0,
    0x02, 0x44, 0x4F, 0x15, 0x68, 0x92, 0x29, 0x66, 0x88, 0xBA, 0xBA, 0x21, 0xE9, 0xDC, 0x8A, 0x5A,
    0x26, 0xC1, 0x04, 0x56, 0x58, 0x0F, 0xE6, 0xC2, 0x50, 0xA9, 0x0C, 0x86, 0x84, 0x9C, 0x21, 0x21,
    0x67, 0xD2, 0x61, 0xDD, 0xD5, 0x24, 0xE9, 0x9B, 0x81, 0xBB, 0x4B, 0x17, 0x7F, 0x96, 0x48, 0xA6,
    0xE5, 0x74, 0xD9, 0x32, 0x04, 0x6D, 0x5C, 0x20, 0x57, 0xD7, 0x75, 0x85, 0xAE, 0x6B, 0x48, 0x2D,
    0xB7, 0xE9, 0x03, 0xA5, 0x4A, 0xE2, 0x5D, 0x41, 0xDF, 0xA5, 0x09, 0x3A, 0x2B, 0x7B, 0x1D, 0x0C,
    0xCD, 0xAC, 0x81, 0x52, 0x70, 0xD8, 0x90, 0x26, 0x46, 0xF6, 0x22, 0x63, 0x5F, 0x07, 0x72, 0x0D,
    0x37, 0x44, 0xE4, 0xE8, 0xA3, 0x0B, 0xE0, 0xEB, 0xF4, 0x44, 0xF4, 0x2C, 0xE8, 0xAF, 0x49, 0xD5,
    0xFD, 0xB3, 0xA4, 0xBA, 0x1E, 0x36, 0x19, 0x4A, 0x6A, 0x19, 0x53, 0x41, 0x93, 0x60, 0x4E, 0x8B,
    0x66, 0xEF, 0x03, 0x9F, 0xD8, 0x44, 0x4D, 0x63, 0x6D, 0x94, 0xDE, 0x62, 0x1A, 0x10, 0x0C, 0xAF,
    0x8A, 0x5F, 0x9D, 0x7F, 0xBC, 0xD6, 0x99, 0x0E, 0x09, 0x4F, 0xF2, 0xD4, 0x76, 0x13, 0xD3, 0x22,
    0xA7, 0xAB, 0xDB, 0x8E, 0x54, 0xDD, 0x9A, 0x82, 0x20, 0x4E, 0xA1, 0xB7, 0x8E, 0xD2, 0x69, 0x05,
    0x85, 0x8C, 0x78, 0xAB, 0x28, 0xAE, 0x01, 0x7F, 0x30, 0x4C, 0x82, 0x96, 0x5A, 0xC1, 0x4E, 0x25,
    0xD2, 0x44, 0x5B, 0xAF, 0x26, 0xBB, 0xC4, 0x57, 0x9B, 0xC4, 0x55, 0xD8, 0x6D, 0x11, 0xEF, 0x62,
    0xE2, 0xAD, 0x13, 0xCD, 0xB7, 0xFE, 0x6E, 0xDC, 0xB6, 0xBC, 0xEC, 0x5C, 0xAE, 0x96, 0xA6, 0x82,
    0x5C, 0x4E, 0xAE, 0xE0, 0x8E, 0x66, 0x36, 0x26, 0xA1, 0x22, 0xA6, 0x61, 0x88, 0x7D, 0x37, 0x89,
    0x3D, 0x56, 0x5B, 0x2F, 0xEC, 0xB1, 0x8D, 0xDC, 0x05, 0x6A, 0x87, 0x79, 0xB5, 0x19, 0xAD, 0x36,
    0x14, 0xC4, 0x7F, 0x32, 0xDC, 0x4B, 0xF4, 0xC8, 0xA6, 0x7F, 0x30, 0x34, 0x37, 0x9C, 0xA3, 0x8C,
    0x86, 0x5A, 0xC9, 0x92, 0xAE, 0xB6, 0x79, 0x0D, 0x5D, 0x79, 0xD8, 0x89, 0x7F, 0xC4, 0xA6, 0x50,
    0xE6, 0xED, 0xCD, 0xE2, 0xAC, 0x42, 0x1F, 0x1E, 0x27, 0x9D, 0xB6, 0xE5, 0x8C, 0xEE, 0x1F, 0xA1,
    0xF2, 0x58, 0x74, 0x2D, 0x73, 0xA3, 0x38, 0x1F, 0xF5, 0xAC, 0x62, 0x17, 0x4A, 0x59, 0x95, 0x7F,
    0xA3, 0x97, 0x40, 0xC9, 0xA1, 0x77, 0x48, 0x40, 0xD5, 0xD7, 0x3A, 0xB6, 0xDA, 0x9B, 0xC4, 0x59,
    0xF6, 0xB6, 0x74, 0xAD, 0xA0, 0x3B, 0x5E, 0x07, 0x3B, 0x17, 0xF1, 0xEA, 0x8B, 0x56, 0xDC, 0xB0,
    0xF1, 0x2C, 0x73, 0x87, 0xDE, 0xCA, 0x46, 0xBF, 0xB3, 0xCA, 0x75, 0xD7, 0x84, 0xED, 0x97, 0xC5,
    0xD6, 0x7F, 0xCA, 0xD6, 0x48, 0xB0, 0xCB, 0x1E, 0xDF, 0x24, 0xFE, 0xC2, 0x21, 0xFB, 0x96, 0xB0,
    0xE8, 0x3B, 0xF2, 0xCC, 0xE3, 0xB7, 0x34, 0x44, 0x61, 0x32, 0x9B, 0x04, 0x9A, 0xC0, 0x79, 0x42,
    0xCE, 0xB4, 0x5C, 0x45, 0x05, 0xB1, 0xAB, 0x26, 0x99, 0xB4, 0x62, 0x6B, 0xA2, 0x59, 0x98, 0x99,
    0x0D, 0xC2, 0x2A, 0xA3, 0x89, 0x79, 0xD1, 0x0F, 0xA8, 0x65, 0x66, 0x44, 0x81, 0xB9, 0x35, 0xE9,
    0xEF, 0xB1, 0xB1, 0x13, 0x1C, 0x36, 0xA4, 0x85, 0x31, 0x14, 0xEF, 0x27, 0xC0, 0xAD, 0x2C, 0xDF,
    0xA0, 0xB6, 0x74, 0x0D, 0x3D, 0x2E, 0xE8, 0xE9, 0xE0, 0x56, 0xA6, 0x19, 0x11, 0xC9, 0x8C, 0xDB,
    0x50, 0xD0, 0x28, 0x76, 0x2A, 0x9A, 0x7D, 0x15, 0x12, 0xE0, 0x99, 0xA9, 0x87, 0xE5, 0x16, 0xC9,
    0xD5, 0x31, 0xA7, 0xD6, 0xAC, 0x94, 0x61, 0xBC, 0x59, 0x70, 0xD4, 0xD6, 0xD7, 0x37, 0x2E, 0x37,
    0xE3, 0x77, 0x6F, 0xE5, 0x23, 0x25, 0x9A, 0x84, 0x1A, 0x86, 0x7E, 0xC9, 0xCD, 0x51, 0x04, 0x3A,
    0x1A, 0x81, 0xEA, 0x6F, 0xA1, 0x8F, 0x7F, 0x41, 0xAE, 0xA5, 0xB9, 0x78, 0xD2, 0x2F, 0x64, 0x70,
    0xFB, 0xCD, 0x08, 0x59, 0x85, 0xA1, 0x4A, 0xED, 0x21, 0x40, 0x64, 0xE4, 0x34, 0x0E, 0x6F, 0x61,
    0xB8, 0x0C, 0x1A, 0x84, 0xF7, 0x31, 0x38, 0x7B, 0x96, 0xBD, 0x17, 0xF6, 0x0D, 0xB3, 0x6F, 0x62,
    0x49, 0x68, 0x66, 0x99, 0xE9, 0xEA, 0x08, 0x9A, 0x6C, 0x2C, 0xA9, 0xB7, 0x69, 0x58, 0xD0, 0x11,
    0x8D, 0xE8, 0x3E, 0x5A, 0x09, 0x29, 0x71, 0x35, 0xEA, 0x5B, 0x81, 0x66, 0xB9, 0xC6, 0x5E, 0xDA,
    0x79, 0x4E, 0xAC, 0x1D, 0x9F, 0x1F, 0x6B, 0xE5, 0x2C, 0xA5, 0xA7, 0xFC, 0x94, 0xA0, 0x30, 0x84,
    0x50, 0x84, 0x70, 0x84, 0x90, 0x84, 0xB0, 0x84, 0xD0, 0x84, 0xF0, 0x54, 0xA2, 0xCA, 0x54, 0x09,
    0xEE, 0xAD, 0xB2, 0x55, 0xBA, 0xCA, 0x57, 0x09, 0x2B, 0xE3, 0x1D, 0x65, 0xCD, 0xF8, 0xB7, 0x74,
    0x9F, 0xDE, 0xF0, 0x92, 0xE8, 0x4B, 0x96, 0x2F, 0x29, 0xFE, 0xEF, 0x43, 0x49, 0x49, 0xB5, 0xF9,
    0xA9, 0x4F, 0x79, 0xAC, 0x63, 0x35, 0x66, 0x35, 0xBE, 0x9A, 0x91, 0xF7, 0x9A, 0x83, 0xFF, 0x3E,
    0xFA, 0xF7, 0xED, 0x0B, 0xD8, 0x00, 0x13, 0x65, 0x6C, 0x12, 0xD0, 0xB4, 0xBA, 0xEB, 0xAC, 0x0C,
    0xD6, 0xA3, 0x94, 0x10, 0x52, 0x52, 0xCB, 0xC1, 0x43, 0x8F, 0xC4, 0x01, 0xA3, 0x89, 0xB0, 0xEB,
    0x31, 0xF3, 0xD1, 0x05, 0x3E, 0x86, 0xF0, 0x4A, 0x97, 0x82, 0x25, 0xCF, 0x81, 0xE1, 0x64, 0xCB,
    0x9C, 0x69, 0x92, 0x9C, 0xB9, 0x8A, 0xDB, 0x26, 0x46, 0x7B, 0x25, 0xBE, 0x36, 0x21, 0x2F, 0xDD,
    0xA2, 0xEF, 0xB1, 0x3D, 0x11, 0x0D, 0x73, 0x78, 0x25, 0x1C, 0x1E, 0x81, 0xDE, 0x76, 0x54, 0xF4,
    0xD5, 0x05, 0x79, 0x71, 0x93, 0x58, 0xDB, 0xD4, 0x6D, 0x06, 0x6A, 0x21, 0xCD, 0x7E, 0xE1, 0x5D,
    0x60, 0x88, 0xC8, 0x28, 0xA1, 0x8C, 0x03, 0xEA, 0xA9, 0x71, 0x5D, 0x5B, 0x8D, 0x77, 0x76, 0xA3,
    0xB4, 0x21, 0x2F, 0xAF, 0x8C, 0xBC, 0x50, 0xCC, 0x68, 0xDC, 0x7F, 0x6D, 0x70, 0x9D, 0x4B, 0xBA,
    0xE2, 0x22, 0x7C, 0x96, 0xCF, 0xA0, 0xA6, 0x47, 0x30, 0x24, 0xDB, 0x29, 0xE2, 0xD3, 0x51, 0xCB,
    0xFF, 0x99, 0x21, 0xFF, 0xA2, 0xE0, 0xBB, 0xF5, 0x65, 0x5D, 0x33, 0x1E, 0xE1, 0x48, 0xDA, 0xFC,
    0x5D, 0xB6, 0x8B, 0xAC, 0x87, 0xC6, 0x96, 0x2F, 0x02, 0x39, 0xFD, 0x38, 0x1E, 0xF2, 0x0B, 0xB9,
    0x0A, 0x34, 0xF9, 0x2C, 0x16, 0x3B, 0xAD, 0x76, 0xAC, 0x3D, 0x90, 0x6D, 0xCB, 0x97, 0x52, 0x52,
    0xF6, 0x8F, 0xF9, 0xF2, 0x44, 0x04, 0x74, 0x4F, 0x3B, 0x82, 0x3C, 0xE8, 0xD9, 0x1E, 0x66, 0x8C,
    0xD5, 0xF6, 0x75, 0x64, 0x5A, 0x8D, 0x58, 0x3B, 0xF3, 0xEF, 0xBB, 0xB0, 0x5A, 0xAC, 0xB6, 0x5A,
    0xAD, 0x67, 0x82, 0x6C, 0x17, 0x89, 0xD3, 0x3A, 0x24, 0x3C, 0x57, 0x68, 0x84, 0xA1, 0x37, 0x65,
    0x25, 0x40, 0x8B, 0x10, 0x19, 0xB7, 0xFF, 0x04, 0xB8, 0xCA, 0x2C, 0xE6, 0x4F, 0x99, 0x59, 0xF0,
    0x60, 0x65, 0xAF, 0x3A, 0x5A, 0x2D, 0x3F, 0x7D, 0x9B, 0xD1, 0xAF, 0x88, 0x1C, 0xE8, 0x43, 0xF9,
    0x66, 0x27, 0xCA, 0x5C, 0x17, 0x64, 0xAD, 0xE1, 0xC5, 0x8E, 0x32, 0xEF, 0xB9, 0x95, 0xAD, 0x1C,
    0x4C, 0x75, 0x37, 0x80, 0xE5, 0x58, 0x50, 0xAF, 0x47, 0xD4, 0xC1, 0xAC, 0xE3, 0x99, 0x05, 0xB6,
    0x33, 0x4B, 0x2C, 0x5F, 0xEE, 0xCC, 0x83, 0x47, 0x29, 0xAC, 0x71, 0xE7, 0xFF, 0x93, 0x29, 0xCB,
    0x5D, 0xCF, 0x34, 0x61, 0xF4, 0x01, 0xD8, 0xC0, 0x9D, 0x48, 0x63, 0x45, 0x10, 0x7A, 0xAD, 0x54,
    0x58, 0xE7, 0x2B, 0x85, 0xF7, 0x3A, 0xCF, 0xA8, 0x44, 0x6D, 0x23, 0x6A, 0xAB, 0xCE, 0x4D, 0xE4,
    0x3A, 0x8B, 0x1C, 0x30, 0xF0, 0xDB, 0x8C, 0xDC, 0xA6, 0x73, 0xA9, 0x91, 0x70, 0xA0, 0xF3, 0x83,
    0xCE, 0x8C, 0x97, 0xE7, 0x57, 0xA9, 0x45, 0x12, 0xD2, 0x1A, 0x4E, 0x7B, 0x9D, 0x86, 0xB8, 0x9C,
    0xDC, 0x2C, 0xCE, 0x99, 0x4C, 0x38, 0x2A, 0x7C, 0x4D, 0x32, 0xD7, 0xFE, 0x6B, 0x00, 0xB2, 0xC4,
    0x12, 0x97, 0xB2, 0x42, 0xCE, 0x5A, 0x7C, 0xE6, 0x46, 0x71, 0xFE, 0xF4, 0x99, 0xF2, 0xCD, 0xE1,
    0xFC, 0xD6, 0xFA, 0x83, 0x7C, 0xC9, 0x12, 0x50, 0xA4, 0x9C, 0xD8, 0x16, 0x6C, 0x63, 0x9E, 0xB6,
    0x9D, 0x78, 0x29, 0x37, 0x89, 0x73, 0x3E, 0x1D, 0x72, 0xA2, 0x6A, 0xD6, 0xDA, 0xF6, 0x3B, 0xE0,
    0xF9, 0xFF, 0x10, 0xD4, 0x62, 0x5F, 0x64, 0x26, 0xBE, 0x7E, 0x95, 0x62, 0xF7, 0x04, 0x77, 0x76,
    0x5A, 0x39, 0xA0, 0x23, 0x8D, 0x5D, 0x09, 0x30, 0x0B, 0x47, 0x65, 0x1B, 0x0A, 0x49, 0xAC, 0x2B,
    0x1A, 0x65, 0x15, 0xCE, 0x31, 0xE6, 0x21, 0xBF, 0xC5, 0x4C, 0x93, 0xA1, 0xC2, 0xAF, 0x36, 0x55,
    0x3F, 0xA2, 0xB1, 0x4E, 0xF5, 0x57, 0x56, 0xBB, 0x3C, 0x2C, 0xC8, 0xD5, 0x4B, 0x2C, 0xA8, 0xAF,
    0x39, 0xFF, 0x45, 0x4D, 0x8E, 0x03, 0x8F, 0x24, 0x41, 0x1A, 0x3B, 0x0B, 0xFA, 0x17, 0x1A, 0xB7,
    0xB1, 0x52, 0x7D, 0xC8, 0xFB, 0x16, 0x75, 0xCB, 0x2A, 0x1F, 0xEF, 0xF7, 0x76, 0x0B, 0xF5, 0x80,
    0xDC, 0x55, 0xEE, 0x65, 0xBC, 0xA8, 0x11, 0xAE, 0x3F, 0x6B, 0x2E, 0x71, 0x36, 0x93, 0xA9, 0x3B,
    0x3F, 0xCC, 0xDE, 0x7A, 0x68, 0x2C, 0xAC, 0x9E, 0x1B, 0x0B, 0x77, 0xB3, 0xBA, 0x1E, 0x33, 0x86,
    0x99, 0xAD, 0xA4, 0xE0, 0x85, 0xD8, 0x6A, 0xE0, 0xDC, 0xFB, 0x4B, 0xDD, 0x3A, 0xD5, 0xD3, 0x2C,
    0xB3, 0xFD, 0xA4, 0x13, 0x7E, 0x2D, 0x73, 0x7E, 0x76, 0xF2, 0xE9, 0x13, 0xC6, 0x1B, 0xC5, 0x59,
    0x29, 0xEB, 0xE2, 0xBC, 0xD6, 0x87, 0x0E, 0x7E, 0xE2, 0x39, 0xE4, 0xE4, 0x1A, 0x72, 0x1E, 0x09,
    0xE5, 0x3B, 0x37, 0x8A, 0xB3, 0x3C, 0x01, 0xA5, 0x0F, 0x40, 0x15, 0x94, 0xC9, 0x58, 0xCD, 0x09,
    0xC8, 0x53, 0x46, 0xFB, 0x87, 0x9F, 0x6E, 0x0E, 0xE7, 0xE7, 0xEF, 0xA7, 0x56, 0xCF, 0xEE, 0xA7,
    0xB6, 0x02, 0x7B, 0xB5, 0x75, 0x98, 0xE7, 0xB4, 0xFD, 0xA7, 0x6D, 0x64, 0x62, 0xB0, 0xCB, 0x21,
    0x49, 0xCA, 0x13, 0xA4, 0x9A, 0x34, 0xE9, 0x59, 0x74, 0x3B, 0x4C, 0x37, 0x96, 0xB3, 0x99, 0xC1,
    0xE5, 0x5E, 0xE6, 0xEE, 0x42, 0x9F, 0x63, 0xA9, 0x9C, 0x50, 0x90, 0x0D, 0xD5, 0xC1, 0x37, 0xD2,
    0xAA, 0x3F, 0x63, 0xB0, 0x3E, 0x0A, 0xFC, 0xB7, 0xDF, 0x7D, 0xF1, 0x5C, 0x53, 0xBF, 0x7F, 0xA8,
    0x4B, 0xD9, 0x56, 0x61, 0xFF, 0xC5, 0x8A, 0x75, 0x02, 0x83, 0xD8, 0x62, 0xF3, 0xC7, 0x03, 0xF8,
    0xDC, 0xD7, 0xF4, 0x61, 0x2D, 0x5A, 0xF4, 0x82, 0x9A, 0xEA, 0xBF, 0x76, 0xF9, 0x8E, 0xBC, 0xD3,
    0x7F, 0x70, 0xFF, 0x54, 0x0F, 0x38, 0xDD, 0xD5, 0xBD, 0xC7, 0x09, 0x25, 0xD5, 0x34, 0xAF, 0xF6,
    0xE1, 0x10, 0x51, 0x25, 0x5F, 0x73, 0x37, 0x69, 0x60, 0xE9, 0x0D, 0xA1, 0x96, 0xBE, 0x6B, 0xF6,
    0xEB, 0xFC, 0xD5, 0x2E, 0xB2, 0xCE, 0x8F, 0x5B, 0x8E, 0x36, 0x78, 0xD8, 0x00, 0xF2, 0xB2, 0x84,
    0x9E, 0xF8, 0x90, 0x71, 0x91, 0x71, 0x48, 0x43, 0x4E, 0x41, 0x72, 0x3E, 0x22, 0x2F, 0x96, 0x03,
    0xF1, 0x1F, 0x9F, 0xA8, 0xB2, 0x07, 0x6B, 0x92, 0x58, 0x71, 0xA9, 0x56, 0xC7, 0x12, 0xC4, 0xCB,
    0x59, 0xAC, 0x4A, 0x23, 0xFF, 0xAD, 0x2C, 0xDA, 0x58, 0xF6, 0x64, 0x70, 0x76, 0x12, 0x90, 0x70,
    0xD0, 0xF5, 0x22, 0xD9, 0xAB, 0x38, 0x82, 0x94, 0x17, 0xB8, 0xB7, 0xFF, 0x07, 0x75, 0x54, 0x21,
    0x70, 0xD5, 0x40, 0x10, 0xDD, 0x24, 0xD0, 0xCC, 0x34, 0x22, 0xAA, 0x06, 0x44, 0x7C, 0xCD, 0xF7,
    0x2A, 0x37, 0x78, 0x81, 0xE0, 0x2B, 0x04, 0x5E, 0x15, 0x89, 0x69, 0x13, 0xAF, 0x6A, 0xF0, 0x48,
    0x28, 0xA2, 0xDE, 0x90, 0x0C, 0x5E, 0xC4, 0xE0, 0xCF, 0x60, 0x30, 0x44, 0x9C, 0x08, 0x25, 0xC9,
    0xF2, 0xDE, 0x5E, 0xF3, 0xE7, 0xFF, 0x01, 0x76, 0xDA, 0xDD, 0xBD, 0xDB, 0x37, 0xB7, 0x6F, 0x77,
    0x37, 0x5F, 0x8E, 0x24, 0xE9, 0x94, 0xE2, 0x44, 0x76, 0xFA, 0xE8, 0x25, 0xFA, 0xFD, 0x4A, 0x7F,
    0x7C, 0x56, 0x91, 0x42, 0x25, 0xD3, 0x5E, 0x3A, 0x04, 0x67, 0xC9, 0xB5, 0x95, 0x1B, 0x91, 0x66,
    0x84, 0xE7, 0xE8, 0xE9, 0x20, 0x05, 0xBC, 0x6B, 0xC3, 0x94, 0x80, 0x8B, 0x45, 0xCC, 0x33, 0x5D,
    0xAD, 0xF4, 0xA8, 0x77, 0x8B, 0x08, 0xF5, 0xE6, 0xD5, 0x33, 0xFE, 0x55, 0xD7, 0x83, 0x87, 0xDB,
    0x06, 0x5E, 0x33, 0x31, 0xDA, 0x41, 0x77, 0x61, 0xF3, 0x74, 0x34, 0x2F, 0x9C, 0x78, 0x5E, 0xC4,
    0xD0, 0x49, 0xF4, 0xEA, 0x49, 0x52, 0xD0, 0xC9, 0x3C, 0xDF, 0x23, 0x9D, 0x7C, 0x90, 0x6A, 0x89,
    0xC4, 0x7A, 0xB0, 0x34, 0xF2, 0xBB, 0x1E, 0x17, 0xBE, 0xD2, 0xF7, 0x7B, 0x1C, 0xA4, 0xDB, 0xCA,
    0x45, 0xD8, 0x44, 0x20, 0x17, 0x38, 0x46, 0x79, 0xFA, 0x8A, 0x27, 0xEB, 0xCF, 0x50, 0xE8, 0x64,
    0xA8, 0xD0, 0xA9, 0x32, 0x57, 0xA5, 0x2B, 0x0B, 0xD5, 0x21, 0xD7, 0x29, 0xD3, 0xD6, 0xFE, 0x46,
    0x68, 0x6B, 0x97, 0xCF, 0xD4, 0x95, 0x2B, 0x53, 0xE7, 0xFA, 0xC8, 0xA1, 0x5C, 0x22, 0xAD, 0xB6,
    0x0B, 0x64, 0x9A, 0xEB, 0xBD, 0xF6, 0x20, 0xCF, 0x27, 0x7F, 0xA1, 0x8A, 0x20, 0xA5, 0x7E, 0x72,
    0x8F, 0x8E, 0x88, 0xB5, 0x78, 0x17, 0x1D, 0xE0, 0xCD, 0xA9, 0x83, 0x74, 0xC8, 0xF8, 0x16, 0x73,
    0x48, 0x54, 0xFB, 0x74, 0x04, 0xF2, 0xB5, 0xEA, 0xC3, 0x95, 0xC7, 0x6B, 0x3A, 0xD5, 0x6A, 0x15,
    0x91, 0x01, 0xDB, 0x9B, 0xBC, 0xDC, 0x2A, 0xB9, 0x94, 0xF4, 0x03, 0x7A, 0xDE, 0x56, 0x83, 0x48,
    0xE9, 0x3B, 0x16, 0xFB, 0x9B, 0x88, 0x4C, 0x03, 0x74, 0x1A, 0x9B, 0xB7, 0x37, 0xA8, 0xC9, 0x73,
    0x12, 0x42, 0x06, 0x45, 0xD3, 0xD6, 0x17, 0x3A, 0x4A, 0x85, 0xC4, 0xA3, 0xD4, 0x23, 0x19, 0x34,
    0x9E, 0x4E, 0xE7, 0xD9, 0x48, 0x5C, 0x3E, 0xD9, 0x86, 0xD4, 0xC4, 0x91, 0x2A, 0x72, 0x80, 0xF7,
    0x64, 0xC3, 0x57, 0xC7, 0x24, 0xF6, 0x7E, 0x67, 0x57, 0x95, 0xCE, 0x96, 0x71, 0x8D, 0x58, 0x49,
    0x6E, 0x59, 0x2C, 0x78, 0xE5, 0x2A, 0xB5, 0x07, 0x96, 0x55, 0x47, 0x9D, 0x5B, 0xBB, 0xCA, 0x19,
    0x8F, 0x39, 0x1C, 0x0B, 0xA3, 0x23, 0x1D, 0xA9, 0x49, 0xB2, 0x87, 0x62, 0x51, 0x97, 0xD0, 0x53,
    0xC2, 0xCC, 0x6B, 0x11, 0x98, 0xA5, 0x1B, 0xEC, 0x61, 0x47, 0x12, 0xEB, 0x36, 0xC1, 0x4D, 0x2E,
    0xD0, 0x11, 0x29, 0xAC, 0x4B, 0xCD, 0x03, 0x59, 0x69, 0x8B, 0x52, 0x52, 0x10, 0xB0, 0xA4, 0x25,
    0xB5, 0x2B, 0x1D, 0xF4, 0x60, 0x2C, 0xAD, 0x22, 0xB5, 0x43, 0xA3, 0x73, 0xAC, 0x48, 0xAC, 0x33,
    0xCE, 0x6A, 0x69, 0xA5, 0x68, 0x53, 0xB0, 0xAA, 0x7B, 0x81, 0x6E, 0xA0, 0x5B, 0x69, 0x86, 0x04,
    0xD1, 0x3A, 0xE4, 0x2B, 0x11, 0x2C, 0x3A, 0x65, 0x42, 0x10, 0x41, 0x72, 0xC8, 0x99, 0x4B, 0x79,
    0xDA, 0x79, 0x64, 0x13, 0x74, 0x72, 0x77, 0x6C, 0x86, 0x8A, 0xE6, 0xDC, 0x9D, 0xB5, 0x72, 0x2A,
    0x8D, 0x82, 0xAA, 0x6D, 0x5E, 0xDB, 0x68, 0xA8, 0x94, 0x03, 0x77, 0xDC, 0xEB, 0x74, 0x31, 0xB6,
    0x59, 0xB0, 0x31, 0xE6, 0x1E, 0xE4, 0x46, 0x2E, 0xBB, 0xC0, 0xEC, 0x9C, 0xCD, 0xE6, 0x26, 0x7E,
    0x23, 0xB3, 0x7D, 0x70, 0xD9, 0xC8, 0xE4, 0x73, 0xC1, 0x9A, 0xAA, 0xA5, 0x64, 0x9E, 0x72, 0xAD,
    0x85, 0x46, 0xAF, 0x69, 0x6C, 0xCB, 0x39, 0xB5, 0x31, 0x9A, 0xFE, 0xC8, 0xF0, 0xF3, 0x31, 0x88,
    0x8B, 0x46, 0x28, 0x65, 0x34, 0x55, 0x34, 0x4D, 0x6C, 0xBD, 0xEA, 0x12, 0xCD, 0x2C, 0x26, 0x1F,
    0xE5, 0xFC, 0x96, 0x51, 0x69, 0x5A, 0xD2, 0xF8, 0x1A, 0x7F, 0x12, 0x7E, 0x4E, 0xF1, 0x01, 0x7F,
    0xF4, 0x38, 0x47, 0xBB, 0x49, 0xA2, 0x10, 0x16, 0x08, 0x99, 0x61, 0xEE, 0xEE, 0x60, 0xF2, 0x60,
    0xE4, 0x0A, 0x2F, 0xA5, 0x7D, 0xD7, 0xDC, 0x0F, 0x9A, 0x0E, 0x19, 0x4B, 0x97, 0x9C, 0xD0, 0x27,
    0x82, 0xF9, 0x94, 0x9A, 0x08, 0xC8, 0x01, 0xE1, 0xFF, 0x87, 0x48, 0x35, 0x44, 0x42, 0x07, 0xC4,
    0xB3, 0x88, 0xA8, 0x45, 0x74, 0xA6, 0x31, 0xC4, 0x17, 0x43, 0x24, 0x0B, 0x10, 0xDF, 0xF6, 0x6F,
    0x66, 0x20, 0x20, 0xD1, 0xD8, 0xD8, 0x6F, 0xB9, 0x9D, 0x59, 0xB0, 0xED, 0x5C, 0xCA, 0xBF, 0xB6,
    0x93, 0xD7, 0xDB, 0x52, 0x9C, 0x56, 0x2C, 0x29, 0xD4, 0x2A, 0xD9, 0xBA, 0xEF, 0x50, 0xF5, 0x28,
    0x48, 0x96, 0x0F, 0x29, 0x7F, 0x67, 0xFB, 0x42, 0xDB, 0x43, 0xAF, 0x6B, 0xEB, 0xAD, 0x15, 0xCA,
    0xA0, 0xC8, 0x3F, 0x83, 0xEF, 0x2C, 0x38, 0x31, 0x98, 0x04, 0x06, 0xF1, 0x60, 0xBD, 0xDE, 0xDD,
    0x8F, 0xF6, 0xD3, 0xE7, 0x05, 0x0A, 0xF1, 0x3F, 0x5D, 0xCE, 0xB1, 0x0D, 0xC2, 0x30, 0x14, 0x04,
    0xD0, 0x6F, 0x22, 0x48, 0xE1, 0x82, 0x11, 0x3C, 0x02, 0x23, 0xC4, 0xEC, 0xC0, 0x3E, 0xCE, 0x08,
    0x2C, 0x84, 0xEC, 0x8E, 0x96, 0x11, 0x28, 0x10, 0x35, 0x05, 0x05, 0x45, 0x9C, 0xC3, 0xDC, 0xFF,
    0x41, 0x82, 0x6B, 0x9E, 0xAC, 0xB3, 0xF4, 0x4F, 0x5A, 0x5C, 0xBE, 0x7D, 0x90, 0x80, 0x99, 0xE6,
    0x3B, 0x62, 0xC3, 0xA1, 0x60, 0x6C, 0x76, 0x88, 0x7C, 0xF7, 0x90, 0x53, 0x43, 0xB6, 0x10, 0xA1,
    0xB3, 0x1A, 0x2A, 0xD9, 0x00, 0xD0, 0x1A, 0x2C, 0xD6, 0xA9, 0x1E, 0x58, 0x0C, 0x2F, 0x22, 0xE9,
    0xA9, 0xE6, 0x87, 0x8A, 0xC5, 0x2B, 0x71, 0xB8, 0x98, 0x85, 0xAE, 0xCC, 0xEE, 0xEB, 0x48, 0x7B,
    0x44, 0xEA, 0x41, 0x7E, 0xE6, 0xD0, 0xAA, 0x06, 0x73, 0x37, 0xA9, 0x03, 0xFD, 0x9F, 0xE3, 0x6D,
    0x4E, 0x12, 0x3D, 0x9F, 0xF7, 0x28, 0xF4, 0x0C, 0xFD, 0x8D, 0x89, 0x7A, 0x1C, 0xE9, 0x92, 0x37,
    0x63, 0x90, 0x5A, 0xC1, 0xC0, 0x50, 0xFF, 0x97, 0x81, 0xF1, 0xFF, 0x7F, 0x06, 0xF6, 0x3F, 0xFB,
    0x1D, 0xE4, 0x1F, 0xE8, 0x1F, 0xA8, 0x77, 0xE0, 0xBE, 0x20, 0xC2, 0xC0, 0xE8, 0xC0, 0xB0, 0x82,
    0x41, 0x84, 0xFD, 0xBF, 0x43, 0x0D, 0xFF, 0xFF, 0xAF, 0x3F, 0xEC, 0xFF, 0xFF, 0xFF, 0x50, 0xCB,
    0xFD, 0xFF, 0xC1, 0x0E, 0xC6, 0xFF, 0x0D, 0x0C, 0x0C, 0x2C, 0x0C, 0x00, 0x7D, 0x96, 0x01, 0x84,
    0x25, 0x47, 0xFE, 0xC7, 0x3F, 0xDD, 0x3D, 0x33, 0x9D, 0x9D, 0x96, 0xAD, 0xC1, 0x8C, 0x7F, 0xFE,
    0x9B, 0x24, 0x0D, 0x8B, 0xCD, 0xCA, 0x5E, 0xC1, 0x62, 0x31, 0xEF, 0x55, 0xE5, 0x16, 0xC1, 0x39,
    0x1E, 0x66, 0xE0, 0x40, 0x70, 0xC7, 0x66, 0x23, 0x36, 0xE1, 0xF0, 0xE2, 0x66, 0xA6, 0x3B, 0x09,
    0x0E, 0x60, 0x70, 0x1C, 0xC0, 0x60, 0xB1, 0x3B, 0x41, 0x16, 0x8B, 0x1C, 0x6F, 0xAF, 0x2B, 0x77,
    0x08, 0x82, 0xEB, 0xDC, 0x85, 0x00, 0xAE, 0xC5, 0x06, 0xEE, 0x90, 0x72, 0x3A, 0xF4, 0x6E, 0xFA,
    0xBD, 0xDF, 0xBD, 0xEA, 0xBC, 0x9B, 0xDD, 0x13, 0x97, 0xCF, 0xFB, 0x55, 0x55, 0xEB, 0xD7, 0xF5,
    0xAB, 0xDF, 0xEB, 0xDF, 0xB7, 0x7E, 0xF5, 0x6E, 0x9E, 0x60, 0x3A, 0x54, 0x4F, 0xB2, 0x00, 0x01,
    0x5D, 0x12, 0xC1, 0xE5, 0x3B, 0x88, 0x8F, 0xA5, 0x4C, 0xE7, 0xE4, 0x1E, 0x63, 0xD9, 0x06, 0x36,
    0xEF, 0x82, 0x16, 0xA8, 0xC4, 0xC6, 0x0B, 0xE3, 0xB2, 0x56, 0x35, 0xDA, 0x25, 0x7E, 0x07, 0x26,
    0xDC, 0x66, 0x3B, 0x15, 0x7B, 0x90, 0xCB, 0xD7, 0x9D, 0x11, 0xF1, 0x07, 0x4A, 0xEA, 0xFB, 0x91,
    0x58, 0x58, 0xE3, 0xF2, 0xE9, 0xDD, 0x42, 0x16, 0x95, 0xCC, 0x77, 0xF6, 0xF7, 0x86, 0xEB, 0xF9,
    0xF7, 0xD7, 0x37, 0xD8, 0xE4, 0x00, 0x4D, 0xF1, 0xEA, 0x1C, 0x23, 0x3D, 0xB9, 0x78, 0x52, 0x29,
    0x61, 0x0B, 0xB2, 0xC6, 0x74, 0x45, 0x5F, 0xF5, 0xC6, 0x6F, 0xD8, 0xF0, 0x31, 0x75, 0xDE, 0x98,
    0xC6, 0x78, 0x53, 0x2F, 0x9B, 0xD3, 0xCD, 0x26, 0x9B, 0x36, 0x0D, 0xD3, 0xEC, 0x48, 0x3B, 0x72,
    0x87, 0x2E, 0x23, 0x21, 0x69, 0x49, 0x5D, 0x30, 0xB6, 0x48, 0xC5, 0xE6, 0xE2, 0xC6, 0x49, 0xB3,
    0x1B, 0xF9, 0x51, 0xEC, 0xCD, 0x6B, 0x8D, 0x12, 0x17, 0xCF, 0xE1, 0xE6, 0xF1, 0xA9, 0x45, 0x3E,
    0x10, 0xE2, 0x45, 0xD6, 0x93, 0x76, 0xAA, 0x41, 0xD5, 0xA6, 0xC4, 0xD8, 0x39, 0x6C, 0x33, 0x81,
    0x97, 0xD9, 0x38, 0x31, 0x56, 0xD7, 0x79, 0x2D, 0x56, 0x7D, 0x37, 0x27, 0x91, 0x96, 0x58, 0x6A,
    0xD8, 0x87, 0x0B, 0x18, 0x0C, 0x63, 0x0E, 0x99, 0xD1, 0xB3, 0xF9, 0xEA, 0x49, 0x7E, 0xDD, 0xEB,
    0xEB, 0xDE, 0x24, 0x8D, 0x49, 0xEB, 0x71, 0xE6, 0x0E, 0x95, 0x3B, 0x7D, 0xEF, 0x14, 0xD3, 0x48,
    0x99, 0xFB, 0xC2, 0xA5, 0x5D, 0xEE, 0xA3, 0x79, 0xDA, 0x52, 0x44, 0x3D, 0xEB, 0x6C, 0x13, 0xD0,
    0x16, 0x8C, 0x83, 0xC2, 0x81, 0x29, 0x79, 0xF9, 0xDC, 0x86, 0x1D, 0xA3, 0xAC, 0x3E, 0xAE, 0xC8,
    0x65, 0x4E, 0x26, 0x2D, 0x91, 0x94, 0x0C, 0x5C, 0xB0, 0xB1, 0x78, 0x25, 0xBD, 0xFE, 0x6E, 0x7E,
    0xC4, 0xD1, 0x0C, 0x3D, 0x61, 0x9D, 0xA8, 0x44, 0xBB, 0x68, 0x41, 0xEA, 0x51, 0x0E, 0xED, 0x30,
    0x0D, 0xA6, 0xC3, 0xF4, 0xC1, 0xF2, 0x8E, 0xF8, 0x18, 0xDE, 0x25, 0x96, 0x32, 0x11, 0xB7, 0x34,
    0x96, 0x66, 0x96, 0x56, 0x62, 0x60, 0xCE, 0xF3, 0x43, 0x42, 0xB7, 0x20, 0x6E, 0xF2, 0xDE, 0xF4,
    0x45, 0x5F, 0xF9, 0xAA, 0x7C, 0xC0, 0x21, 0x86, 0xBC, 0x4E, 0x3C, 0x13, 0x0E, 0x89, 0x86, 0xB9,
    0xF1, 0x0F, 0xE7, 0xB6, 0xAB, 0xB9, 0x97, 0x6F, 0xA3, 0x07, 0xD9, 0xC4, 0x0B, 0xA8, 0x2C, 0xB9,
    0x23, 0xB2, 0x4F, 0xCB, 0x46, 0x9D, 0xC9, 0xE6, 0x22, 0xF7, 0x77, 0x7C, 0xE5, 0x3F, 0xF4, 0x51,
    0x13, 0xD7, 0xE7, 0x50, 0xBC, 0xB4, 0xA7, 0xFB, 0xF1, 0x9D, 0x5D, 0xA6, 0x5C, 0x38, 0xBD, 0x6B,
    0x64, 0x6E, 0xA4, 0xDF, 0xD9, 0xEF, 0xA1, 0x27, 0xEA, 0x88, 0x5B, 0x12, 0x3F, 0x58, 0x43, 0x64,
    0xA3, 0x07, 0x24, 0x42, 0x1A, 0xA2, 0xB1, 0x54, 0x70, 0x44, 0xDC, 0x61, 0x6A, 0x2E, 0x01, 0xC4,
    0x5E, 0x79, 0xC3, 0x88, 0x5D, 0xC6, 0xE4, 0x2E, 0x2D, 0x81, 0x61, 0x8D, 0xFF, 0xFB, 0xBA, 0x5A,
    0xDC, 0xBC, 0x0B, 0xD5, 0xA2, 0x9A, 0xA7, 0x65, 0x66, 0x15, 0x9B, 0x70, 0x02, 0x9E, 0xA8, 0xC1,
    0x08, 0x85, 0x90, 0xB8, 0x60, 0xB1, 0x65, 0x67, 0xDF, 0x1A, 0x71, 0x97, 0x4F, 0x6D, 0x58, 0x2F,
    0xA9, 0x57, 0xFA, 0x51, 0x8E, 0xBC, 0x34, 0x82, 0x59, 0xA0, 0x3B, 0x22, 0xCB, 0xFF, 0x33, 0x62,
    0xC4, 0x01, 0x33, 0x1E, 0x50, 0xF5, 0x45, 0xAF, 0xDB, 0xC8, 0x6E, 0x34, 0xBA, 0x37, 0xE1, 0xD3,
    0x06, 0x85, 0xC6, 0xA5, 0x6E, 0x94, 0x37, 0x5E, 0x7B, 0xD3, 0x2C, 0x5B, 0x9D, 0xFB, 0x4D, 0xBB,
    0x51, 0xFE, 0x88, 0x10, 0x37, 0xEE, 0xA8, 0x2E, 0x6F, 0x8C, 0x33, 0xCC, 0x98, 0xC0, 0x36, 0x7C,
    0x0C, 0x8F, 0x42, 0xD6, 0x30, 0x35, 0x79, 0x43, 0x5E, 0xFF, 0xAA, 0x72, 0x95, 0x50, 0x3D, 0x84,
    0x23, 0xD2, 0x96, 0xBC, 0xC6, 0x38, 0x56, 0xF6, 0xD8, 0xE5, 0xE2, 0x36, 0xC4, 0x5E, 0x40, 0x3F,
    0x25, 0xC8, 0xF5, 0xFD, 0xFD, 0x3D, 0x2D, 0xD2, 0x1B, 0x91, 0x6E, 0x4C, 0xD4, 0x1E, 0x80, 0xBF,
    0x0F, 0x7E, 0x02, 0x93, 0x8B, 0xE7, 0xA2, 0xF2, 0xDA, 0xF9, 0xC4, 0x5D, 0x33, 0xA9, 0x35, 0x22,
    0x64, 0xEF, 0x77, 0xDC, 0x08, 0x52, 0x47, 0x3B, 0xFD, 0x89, 0xA0, 0xBE, 0xEB, 0xC9, 0xC4, 0x13,
    0x14, 0xC3, 0x3E, 0x43, 0x8E, 0xA9, 0x7A, 0x62, 0x59, 0x90, 0x75, 0x82, 0xAE, 0x4D, 0x59, 0xA1,
    0xEA, 0x3D, 0x22, 0xBB, 0xDC, 0x22, 0xD6, 0x04, 0xCD, 0x96, 0xC5, 0x4A, 0xB3, 0xAB, 0x2D, 0xB2,
    0xF6, 0x03, 0xCD, 0x7E, 0x8C, 0x99, 0xB0, 0xC6, 0x0D, 0xB6, 0x13, 0x29, 0x77, 0x95, 0x7C, 0xDB,
    0x6B, 0x91, 0x76, 0x94, 0x49, 0x73, 0x10, 0x54, 0x3E, 0x14, 0x88, 0x53, 0x8C, 0x84, 0xBC, 0x2C,
    0x58, 0xD6, 0x85, 0x65, 0xDB, 0x0F, 0x59, 0x11, 0xB1, 0x45, 0xE8, 0x6E, 0x9E, 0x2E, 0xBF, 0x5F,
    0x5F, 0xDE, 0x9B, 0x28, 0x11, 0xF1, 0xD9, 0xB2, 0x6B, 0x38, 0x43, 0x8B, 0x88, 0x33, 0xA1, 0x0B,
    0xD3, 0xE0, 0x0D, 0xD6, 0x62, 0x71, 0xE3, 0x4C, 0x1E, 0xCD, 0x72, 0x91, 0xCE, 0xA4, 0xE2, 0x77,
    0xA9, 0xDC, 0x10, 0x19, 0x84, 0x75, 0xE6, 0x85, 0x48, 0xBF, 0x74, 0x7A, 0x07, 0x56, 0xB7, 0x02,
    0xF5, 0x30, 0x04, 0x29, 0x04, 0x4A, 0x86, 0x09, 0x1C, 0x40, 0x3A, 0x87, 0xA2, 0x0D, 0x69, 0x5C,
    0x0D, 0x98, 0x16, 0x0A, 0x0B, 0x57, 0x79, 0x42, 0x74, 0x0C, 0x90, 0x78, 0x80, 0xD4, 0x01, 0xA8,
    0x12, 0x40, 0x13, 0x38, 0x24, 0xD0, 0x33, 0x88, 0x16, 0x20, 0x69, 0x00, 0x94, 0x03, 0xC8, 0x2D,
    0xC0, 0x98, 0xC0, 0x8C, 0x40, 0xF7, 0x94, 0xAF, 0xFA, 0xC7, 0x7C, 0xB5, 0x4F, 0x7C, 0x65, 0x4F,
    0xF9, 0x32, 0x3F, 0xEA, 0xCB, 0x3D, 0xF1, 0xF5, 0x12, 0x4F, 0xA3, 0xAC, 0xAA, 0x93, 0x26, 0xF6,
    0xB1, 0xCF, 0xEA, 0xA2, 0x7C, 0x97, 0x35, 0xD8, 0x7E, 0x05, 0x76, 0x77, 0x61, 0x1A, 0xC4, 0x54,
    0x88, 0xF8, 0x6A, 0xD9, 0x42, 0x2A, 0x82, 0xD0, 0x94, 0xC8, 0xE2, 0xA5, 0xFD, 0xFD, 0xB7, 0x5E,
    0x84, 0x57, 0x56, 0xCF, 0x5D, 0x0B, 0xC2, 0x5B, 0xBE, 0xC2, 0x93, 0xE8, 0xF8, 0x65, 0xD4, 0x5C,
    0xEC, 0xE8, 0xD6, 0xEF, 0xCB, 0x6B, 0x2A, 0x29, 0xDF, 0x7E, 0x36, 0xB1, 0x70, 0xFE, 0x85, 0xFC,
    0x41, 0xE6, 0x95, 0x1F, 0x77, 0x57, 0xDF, 0x06, 0x7E, 0x99, 0xB6, 0xCA, 0xE5, 0xE4, 0x56, 0xB9,
    0xCC, 0xA5, 0x75, 0x52, 0xE7, 0xAE, 0x62, 0xC2, 0x40, 0x1E, 0x72, 0x32, 0x24, 0x97, 0x33, 0x42,
    0x6E, 0x6C, 0x25, 0x22, 0x2C, 0xD3, 0x77, 0x97, 0xD3, 0x13, 0x4C, 0x4B, 0xDE, 0x91, 0xF6, 0x20,
    0x60, 0x2C, 0xEB, 0xFF, 0xE3, 0xE8, 0xBA, 0x13, 0x8E, 0xA7, 0x41, 0x7D, 0xDD, 0x7F, 0xD4, 0x37,
    0x5D, 0xA9, 0x0F, 0xB2, 0x26, 0x6F, 0xF3, 0x2E, 0x6B, 0x23, 0x9F, 0xD6, 0x63, 0x02, 0x13, 0x20,
    0x9E, 0xC3, 0x66, 0xB2, 0xB8, 0x84, 0xF9, 0x73, 0x2F, 0x54, 0x9F, 0x7E, 0x2B, 0xB6, 0xFA, 0xEC,
    0x2B, 0xA1, 0xF8, 0xCB, 0x27, 0xC2, 0x05, 0x65, 0x6F, 0x40, 0x44, 0x40, 0x77, 0xA6, 0x35, 0xDE,
    0xF8, 0xE2, 0x91, 0x59, 0xE4, 0x0F, 0x97, 0x2F, 0x66, 0x12, 0x5E, 0xC2, 0xB2, 0xB5, 0x47, 0xC4,
    0x7E, 0x0A, 0xFE, 0xDE, 0x6A, 0x07, 0x0E, 0xC2, 0x1E, 0x7E, 0x53, 0xE8, 0x4A, 0xCE, 0x18, 0x7E,
    0x93, 0x2C, 0x09, 0xDA, 0xDF, 0x63, 0x33, 0x3A, 0xD6, 0x89, 0x37, 0x69, 0x38, 0x53, 0x8E, 0x86,
    0x33, 0x65, 0xA6, 0xCA, 0x9D, 0xBD, 0x62, 0x5E, 0xF5, 0xFB, 0x3D, 0x1D, 0x5D, 0xD4, 0xC2, 0xB3,
    0xC0, 0x8E, 0x8E, 0x88, 0xA5, 0x57, 0x28, 0x99, 0x17, 0x84, 0x8D, 0xCF, 0x48, 0x49, 0xCB, 0x34,
    0xAF, 0xEA, 0x95, 0xA4, 0xD6, 0x38, 0xA3, 0x07, 0xE2, 0xC5, 0x59, 0xD7, 0x03, 0xBC, 0xBE, 0x0E,
    0x6F, 0x90, 0x93, 0xC8, 0xA3, 0x23, 0x54, 0x70, 0x10, 0xDE, 0x0F, 0xA3, 0xA8, 0x2A, 0xB9, 0x41,
    0x20, 0xAB, 0x81, 0xDC, 0x9F, 0x75, 0x0D, 0xB0, 0x61, 0x09, 0xD3, 0xD6, 0x13, 0xA9, 0xCF, 0x76,
    0x9A, 0x4E, 0xC2, 0x4E, 0x2B, 0x1C, 0x40, 0xF4, 0x88, 0x4B, 0x99, 0x94, 0x33, 0x2D, 0x8F, 0x5B,
    0x53, 0x89, 0x9F, 0x65, 0xE2, 0x6E, 0x53, 0xB1, 0x22, 0x2E, 0xDF, 0xCE, 0xFE, 0xD1, 0x19, 0x99,
    0x6B, 0xE9, 0x54, 0x54, 0x47, 0x91, 0x65, 0xE0, 0x24, 0xE9, 0xF2, 0x79, 0xE2, 0xD3, 0x26, 0xAD,
    0x33, 0xA7, 0x5C, 0xD1, 0x26, 0xE2, 0xF2, 0xF9, 0x6A, 0x78, 0x77, 0xC2, 0x3E, 0xEB, 0x6F, 0x4D,
    0x09, 0x5C, 0x99, 0xC2, 0xF6, 0x30, 0x9C, 0xDF, 0xBD, 0xC7, 0x15, 0x38, 0xBF, 0x7D, 0x0F, 0x56,
    0x65, 0x9D, 0xB8, 0x0C, 0xC6, 0x33, 0xC0, 0x45, 0xB6, 0x5E, 0x04, 0xA6, 0x6B, 0xD3, 0x35, 0x60,
    0xEB, 0xCA, 0x74, 0x0B, 0x58, 0xBB, 0x32, 0xDD, 0x0D, 0x4E, 0xAE, 0x4C, 0x2F, 0x02, 0xCF, 0x5D,
    0x59, 0xF9, 0xBC, 0x38, 0x3C, 0xF9, 0x1C, 0x61, 0xB8, 0x0A, 0x91, 0x0D, 0xB6, 0xF2, 0x49, 0xF4,
    0x73, 0xDE, 0xB1, 0xAC, 0xD6, 0x9B, 0xC2, 0x25, 0x86, 0x81, 0x27, 0xC3, 0x7F, 0x87, 0x0B, 0x35,
    0x73, 0x74, 0x93, 0xF4, 0x59, 0x57, 0x94, 0x2D, 0x25, 0x4C, 0xB2, 0xC6, 0x1C, 0x1F, 0x30, 0x63,
    0xC6, 0x18, 0x6D, 0x37, 0x60, 0x07, 0x62, 0xF1, 0x28, 0xE9, 0x59, 0x16, 0x4B, 0xC6, 0x14, 0xCC,
    0xD0, 0x70, 0x04, 0xC8, 0x53, 0xED, 0x12, 0x81, 0x17, 0x9E, 0x45, 0x17, 0x64, 0x3D, 0x89, 0x47,
    0xF5, 0x18, 0xCD, 0x33, 0xE7, 0x20, 0x82, 0x9C, 0x48, 0x30, 0x2D, 0xA6, 0x26, 0x2C, 0x5C, 0x40,
    0xCA, 0x16, 0x8C, 0x40, 0x3F, 0x24, 0x15, 0x22, 0x21, 0x7F, 0x84, 0xB1, 0x5C, 0x05, 0x0B, 0x74,
    0x28, 0x5B, 0x1D, 0xE7, 0x65, 0xD6, 0x6B, 0x97, 0xF4, 0xA6, 0xD6, 0x0F, 0xFF, 0xE0, 0xE7, 0xF8,
    0xF6, 0x24, 0x6A, 0x0E, 0xD6, 0xC9, 0x5C, 0xE6, 0x23, 0x8F, 0x8F, 0xFD, 0xF3, 0x8D, 0x29, 0x2F,
    0x92, 0x3E, 0xD4, 0xBD, 0x99, 0x9B, 0x5E, 0xB7, 0x43, 0xDA, 0xD7, 0xA6, 0xBC, 0xF2, 0x6B, 0xF4,
    0x3B, 0x2E, 0x96, 0xBA, 0xEA, 0xB8, 0xF6, 0x77, 0x1B, 0x7D, 0xE9, 0xE2, 0xCF, 0x01, 0xA2, 0xC9,
    0x1E, 0xF9, 0x42, 0xEC, 0xF8, 0xD6, 0x97, 0x6E, 0xAA, 0xE2, 0x66, 0xAA, 0xA2, 0x66, 0x57, 0x5D,
    0x0F, 0xA5, 0xD5, 0x65, 0xED, 0x82, 0x35, 0xAE, 0xB0, 0x8B, 0x99, 0x17, 0x3D, 0xBB, 0x4C, 0x79,
    0x7D, 0x77, 0x55, 0x76, 0x0C, 0x81, 0x23, 0x54, 0x0D, 0xC4, 0x1D, 0xE9, 0x1C, 0x28, 0x6A, 0x22,
    0x59, 0x9C, 0xCA, 0x02, 0xD0, 0xAB, 0x9A, 0x1F, 0xDD, 0x92, 0xDB, 0x3C, 0x61, 0x4C, 0x20, 0x2B,
    0x57, 0x15, 0x94, 0x6C, 0xD0, 0x66, 0x47, 0x2C, 0xC7, 0x44, 0x55, 0x3D, 0xEC, 0xAB, 0x61, 0x7E,
    0xB6, 0x1C, 0x6B, 0x80, 0x0B, 0xA7, 0xBF, 0x03, 0x86, 0x1A, 0x7F, 0xC7, 0xC8, 0x92, 0xFE, 0xFB,
    0x7E, 0x67, 0x7F, 0xC9, 0x84, 0x81, 0xA7, 0xEF, 0xDF, 0x1C, 0x9E, 0x24, 0x5A, 0x7D, 0x45, 0x21,
    0x0F, 0x01, 0x43, 0x2C, 0x12, 0xAE, 0x66, 0x28, 0x59, 0xF2, 0xF8, 0xA3, 0x0E, 0x5D, 0x72, 0x6B,
    0x88, 0x72, 0x0C, 0xE1, 0x6A, 0xA8, 0x3B, 0xF0, 0x8B, 0x63, 0x80, 0xE8, 0xA3, 0x21, 0xEE, 0x21,
    0x9E, 0x66, 0x08, 0x67, 0x88, 0xAB, 0x78, 0xBC, 0x17, 0xBD, 0x29, 0x6E, 0xD8, 0x8E, 0x68, 0xAF,
    0x6A, 0x80, 0xA4, 0xFD, 0x09, 0x03, 0x3D, 0x4F, 0x70, 0x43, 0xC8, 0x7E, 0x08, 0xAA, 0x2B, 0x42,
    0xEF, 0x01, 0x92, 0x12, 0x20, 0x66, 0xC5, 0xF6, 0x56, 0xFC, 0x4F, 0xAF, 0x3E, 0xF0, 0x3A, 0x69,
    0xC6, 0x69, 0x3D, 0x1A, 0x2A, 0xC7, 0xF8, 0xCD, 0x2F, 0xF2, 0xDF, 0x36, 0xEC, 0x10, 0x7F, 0xE3,
    0xD4, 0x6B, 0x2E, 0xCF, 0x4A, 0xF3, 0x47, 0xC6, 0x13, 0xC6, 0xA0, 0x7F, 0x46, 0xDA, 0x11, 0x97,
    0x99, 0x8B, 0xD8, 0x41, 0x97, 0xCA, 0xE6, 0x68, 0xC6, 0x8C, 0x18, 0x5B, 0x6D, 0xD9, 0x23, 0xFB,
    0xC6, 0xEA, 0xD4, 0x1D, 0xA6, 0x6E, 0x96, 0xB9, 0x5E, 0x2D, 0xCD, 0x1E, 0x1E, 0x92, 0x2F, 0x9D,
    0xD9, 0x89, 0x76, 0xAD, 0x7A, 0xCF, 0xAB, 0x9F, 0xFA, 0x3C, 0x69, 0x74, 0x5A, 0x1B, 0xE5, 0xCC,
    0x87, 0x5F, 0xE4, 0xEF, 0xB7, 0xAB, 0x85, 0xAE, 0xBB, 0x3C, 0x62, 0x0C, 0x23, 0x86, 0x85, 0x5E,
    0x0B, 0x0B, 0x11, 0xDF, 0x81, 0x0E, 0x5A, 0x76, 0xDA, 0xE4, 0x87, 0x71, 0xFE, 0x26, 0xC4, 0xB9,
    0x79, 0x4C, 0xDA, 0x90, 0xD6, 0x64, 0x9F, 0x58, 0xF5, 0x4D, 0xA3, 0xFE, 0xE6, 0xF3, 0x0F, 0x1A,
    0x9D, 0xD4, 0x26, 0x75, 0xE3, 0xCC, 0x8D, 0xB2, 0x2F, 0x0E, 0x92, 0x66, 0x67, 0x3D, 0x9A, 0xDC,
    0xAA, 0x3E, 0x6B, 0xF3, 0x4F, 0x7D, 0xA7, 0xD3, 0xCF, 0x5B, 0x93, 0xFD, 0xC9, 0x8F, 0xD4, 0xFB,
    0xFE, 0x40, 0x5D, 0x6F, 0x66, 0xF9, 0xF5, 0x6F, 0x3F, 0xCE, 0xA3, 0x6E, 0x3D, 0xB2, 0xFA, 0xA3,
    0x5A, 0x7D, 0xE5, 0x94, 0x23, 0xB7, 0x68, 0x30, 0x30, 0x86, 0x5D, 0x80, 0xB8, 0xCC, 0x8F, 0xAB,
    0x13, 0xCD, 0x98, 0xD5, 0x5F, 0xBA, 0x52, 0xDB, 0x75, 0xAC, 0x7E, 0xCF, 0x67, 0xEE, 0x5E, 0xEA,
    0x4E, 0x52, 0x57, 0x27, 0x7F, 0x2D, 0x93, 0x2F, 0x89, 0x7B, 0xA2, 0x86, 0x75, 0xBB, 0x95, 0x35,
    0x6D, 0xFC, 0xAF, 0x92, 0x05, 0xCC, 0x60, 0x4E, 0x52, 0xF0, 0x62, 0x6E, 0xEF, 0x67, 0xF5, 0xBF,
    0x01, 0xBD, 0x9A, 0x01, 0xA4, 0x26, 0x59, 0x76, 0x80, 0xBF, 0xAA, 0x9A, 0x7E, 0xB5, 0xA6, 0x24,
    0xB5, 0xE8, 0x0E, 0x7A, 0xB3, 0x53, 0x8B, 0x20, 0xD3, 0x76, 0xA6, 0x20, 0x08, 0xD2, 0xEF, 0xDE,
    0xEC, 0x60, 0x31, 0xC8, 0x43, 0xBF, 0x45, 0x96, 0x0C, 0x08, 0x9B, 0x81, 0x5E, 0x58, 0x22, 0xE6,
    0x75, 0xD5, 0xEC, 0x20, 0x08, 0xD2, 0x22, 0x03, 0x09, 0x34, 0x86, 0xCC, 0xBE, 0x90, 0x0E, 0x1A,
    0xBD, 0x74, 0x77, 0xD5, 0x18, 0x12, 0x04, 0xA9, 0x6C, 0xB0, 0x00, 0xB5, 0xD9, 0x49, 0x82, 0x60,
    0xEE, 0xAE, 0xDA, 0x9D, 0xEA, 0xE9, 0x5B, 0x75, 0x52, 0xE7, 0xD6, 0xFF, 0xFE, 0xF7, 0xBF, 0xE7,
    0x75, 0x67, 0x25, 0x6F, 0x73, 0xDE, 0xFD, 0xBF, 0x7B, 0xAB, 0xEA, 0xDC, 0x73, 0xCE, 0x3D, 0xA7,
    0xAF, 0xBF, 0xDE, 0x7D, 0x7D, 0xE0, 0x5E, 0x20, 0x57, 0x23, 0xFB, 0x5A, 0x5A, 0x67, 0x7F, 0x40,
    0x3C, 0x12, 0x0D, 0xA4, 0x13, 0xAF, 0x3C, 0xB3, 0xBF, 0xFD, 0xD3, 0x16, 0xC7, 0x25, 0xB4, 0x03,
    0x78, 0x00, 0xAF, 0xF1, 0xF6, 0x7D, 0x2B, 0x52, 0xBB, 0x57, 0x70, 0x7F, 0x8C, 0xBB, 0x77, 0x09,
    0x86, 0xEF, 0x41, 0x64, 0x49, 0x6B, 0x5E, 0x81, 0x3B, 0xC7, 0xB6, 0x91, 0xF6, 0xB5, 0xA4, 0xCD,
    0xDE, 0x68, 0xE3, 0xF7, 0x5A, 0x92, 0xFF, 0x7B, 0xAB, 0x01, 0x23, 0xDE, 0xC8, 0x58, 0xC9, 0x50,
    0x89, 0x3B, 0x77, 0x59, 0x89, 0xC8, 0xDC, 0x2C, 0x98, 0x14, 0xFE, 0xDA, 0xE1, 0x22, 0x18, 0x59,
    0x84, 0x2A, 0x50, 0xEF, 0xDC, 0x0A, 0x0C, 0x72, 0xCB, 0xC8, 0x46, 0x7C, 0x25, 0x1B, 0x19, 0xB7,
    0x4F, 0x0F, 0x7E, 0x51, 0xBD, 0x57, 0x79, 0x75, 0x9F, 0xFD, 0xFF, 0xCF, 0x86, 0x4A, 0xA9, 0xF1,
    0x98, 0x05, 0x23, 0x5B, 0x79, 0xFB, 0xF8, 0xF8, 0xF8, 0x9E, 0x2E, 0xDE, 0xE9, 0xE8, 0x2E, 0x7B,
    0x96, 0x8A, 0xE4, 0x29, 0x79, 0x4B, 0x69, 0x31, 0x96, 0xA6, 0xA5, 0x71, 0x34, 0x83, 0xD2, 0x38,
    0x7D, 0x1E, 0x3D, 0x24, 0x11, 0x32, 0xB1, 0xA9, 0xD4, 0x89, 0x58, 0x96, 0xD6, 0xC0, 0x44, 0x3C,
    0x52, 0x76, 0x3C, 0x81, 0x03, 0xE0, 0x43, 0xD5, 0x49, 0x37, 0x3A, 0x35, 0xA2, 0x66, 0x79, 0x1C,
    0x74, 0x7A, 0xEE, 0x04, 0x9D, 0xE8, 0x41, 0x3E, 0x95, 0x93, 0x99, 0xCC, 0x68, 0x3A, 0x83, 0xA1,
    0xB0, 0x79, 0x1F, 0x0F, 0x7C, 0x65, 0xF1, 0xB1, 0x07, 0x15, 0xCD, 0x12, 0x47, 0x88, 0x24, 0xC4,
    0x62, 0xC0, 0xD8, 0x0A, 0x9A, 0xB6, 0xA9, 0x69, 0x9C, 0xF4, 0x34, 0x83, 0xB8, 0x65, 0x14, 0xE2,
    0x32, 0xBD, 0xCE, 0xD2, 0xD8, 0xA2, 0x07, 0x24, 0x92, 0xCE, 0x64, 0xF2, 0xA6, 0x06, 0xF0, 0x67,
    0x62, 0x13, 0x79, 0x43, 0x40, 0xAC, 0x40, 0xA3, 0xE1, 0x4D, 0x78, 0xE2, 0x31, 0x1E, 0x28, 0xBB,
    0xDB, 0x1A, 0x6F, 0x88, 0x38, 0xC4, 0x1C, 0xA2, 0x4E, 0x64, 0xC1, 0x9F, 0xEA, 0xB4, 0x7F, 0x94,
    0x3A, 0x96, 0x8F, 0xA5, 0xA6, 0xA9, 0xC5, 0xAE, 0xDE, 0xEF, 0xF0, 0x84, 0xC8, 0x47, 0x23, 0x85,
    0x2B, 0x7B, 0x8C, 0xBD, 0x63, 0xF9, 0xA2, 0xCE, 0x8D, 0xFB, 0xE8, 0x61, 0xE1, 0xB3, 0xD9, 0xF8,
    0x62, 0xAE, 0x7C, 0x39, 0x37, 0x83, 0xF1, 0x4D, 0x6D, 0xBA, 0x27, 0x18, 0x8E, 0x28, 0x17, 0xE6,
    0x75, 0xDE, 0x67, 0x43, 0xE2, 0xA2, 0x91, 0x03, 0xAE, 0xC2, 0x8D, 0x1A, 0xA8, 0x5A, 0x45, 0x18,
    0x59, 0x05, 0xA8, 0x0B, 0xE0, 0xD1, 0x06, 0xC5, 0xD3, 0xEF, 0x37, 0x6D, 0x21, 0x22, 0x6D, 0xB9,
    0xA0, 0xDE, 0xFF, 0x8B, 0x9F, 0xDC, 0xB6, 0x24, 0x0E, 0xC8, 0x06, 0xA0, 0x18, 0x81, 0x32, 0xC0,
    0x01, 0x26, 0xA0, 0x53, 0xB4, 0x8A, 0x5A, 0x61, 0x15, 0x5B, 0xC3, 0x47, 0xBB, 0xD6, 0x61, 0x50,
    0xB8, 0x13, 0x44, 0xFD, 0x09, 0xE2, 0x8E, 0x53, 0x39, 0x56, 0x44, 0x12, 0x38, 0x07, 0xFA, 0xC0,
    0x11, 0xB8, 0x1A, 0xB9, 0x2B, 0x16, 0x33, 0x3F, 0x93, 0x85, 0x22, 0x02, 0x55, 0xE0, 0x1F, 0x26,
    0xDD, 0xEF, 0x03, 0x79, 0x0F, 0x50, 0x38, 0xA5, 0x59, 0x19, 0x2C, 0x17, 0x56, 0x99, 0x2B, 0xF8,
    0x95, 0xC0, 0x2F, 0x07, 0xDE, 0x0C, 0x7C, 0xA2, 0x88, 0x45, 0x99, 0x04, 0xC6, 0xD3, 0xD6, 0x61,
    0xF9, 0xFE, 0xCF, 0xEE, 0xD7, 0xC1, 0xD5, 0xD6, 0xE1, 0xDF, 0xFC, 0x47, 0xA3, 0x9A, 0xC1, 0x70,
    0x16, 0x98, 0x07, 0x96, 0x81, 0x26, 0x70, 0x95, 0x97, 0x88, 0xA4, 0xCF, 0xC4, 0xE7, 0x32, 0x95,
    0x22, 0xE6, 0xB4, 0xCD, 0x46, 0x7C, 0x21, 0x63, 0x2A, 0x3D, 0x7F, 0x84, 0xCA, 0xBD, 0x4D, 0x18,
    0x4D, 0x0F, 0xCD, 0x0C, 0x8D, 0xF4, 0x34, 0x32, 0xD3, 0xC8, 0x48, 0x23, 0x35, 0xCD, 0x08, 0x4D,
    0x0D, 0x0F, 0x01, 0x0B, 0x44, 0x98, 0xBE, 0x19, 0x64, 0xF9, 0xA9, 0xDC, 0x75, 0x1B, 0xC1, 0x55,
    0x4C, 0x8F, 0xD8, 0x66, 0x48, 0xA4, 0x95, 0x2D, 0x2A, 0x17, 0x4B, 0x7D, 0xDD, 0x2E, 0x4E, 0xF6,
    0x6A, 0x5E, 0xB6, 0x5C, 0xA7, 0x74, 0xAA, 0xD8, 0xB4, 0x66, 0xA4, 0x71, 0x48, 0x17, 0xFA, 0x68,
    0xE9, 0x87, 0x70, 0xDD, 0x96, 0xBD, 0x16, 0xB3, 0x51, 0x93, 0x57, 0x74, 0x01, 0x7B, 0x77, 0xCB,
    0xD1, 0x78, 0xFD, 0x29, 0x5C, 0xB4, 0x6C, 0xDF, 0x5A, 0xA4, 0x75, 0x70, 0x59, 0xED, 0xEF, 0xE1,
    0xF8, 0xD8, 0x8A, 0xB4, 0x24, 0x97, 0xD8, 0xEA, 0x4A, 0xBA, 0x0B, 0xDB, 0xA5, 0x04, 0xBD, 0xD8,
    0xF9, 0x93, 0xE3, 0xFA, 0xDB, 0xB0, 0x6D, 0xDF, 0x39, 0xB4, 0x97, 0x68, 0xFC, 0xC6, 0x71, 0x07,
    0xA7, 0xED, 0xDA, 0xE1, 0xA5, 0x45, 0x7E, 0x46, 0x32, 0xB1, 0xC4, 0x3D, 0x41, 0xD4, 0x41, 0xD6,
    0xB1, 0x6E, 0xB9, 0xCC, 0x51, 0xD4, 0xA8, 0x24, 0x3E, 0x1D, 0x31, 0x1B, 0xF5, 0x21, 0x19, 0x79,
    0x44, 0x90, 0xDC, 0x25, 0x3E, 0x1A, 0x08, 0x52, 0xF6, 0xC9, 0x98, 0x6C, 0x4C, 0x9B, 0x2E, 0x1D,
    0xB3, 0x76, 0x33, 0x6E, 0xB3, 0xA1, 0xB0, 0x27, 0xE3, 0xDC, 0xED, 0xB3, 0x71, 0xD5, 0xE6, 0xBD,
    0xE7, 0x00, 0x22, 0xBB, 0x8C, 0xCB, 0x1F, 0x0C, 0x85, 0x40, 0x35, 0x61, 0x5A, 0xF3, 0x5E, 0x2F,
    0x4D, 0x1B, 0x8B, 0x58, 0xD3, 0x36, 0xF9, 0xC7, 0x3E, 0x77, 0xD9, 0x60, 0xDA, 0xE2, 0x33, 0x5F,
    0xBE, 0x39, 0x64, 0xAE, 0xE8, 0x8B, 0x2E, 0x95, 0xFE, 0xCE, 0xE6, 0x6E, 0xC7, 0x21, 0xBE, 0xEC,
    0xB2, 0xA1, 0xAA, 0x8B, 0x1E, 0x62, 0xA7, 0xFE, 0xC4, 0x16, 0x1D, 0xA4, 0xFD, 0xE2, 0xC3, 0x49,
    0xD8, 0x8F, 0x79, 0xDB, 0xD4, 0xF9, 0x4F, 0x04, 0xD3, 0x82, 0xA1, 0xB1, 0xC5, 0x8F, 0xE6, 0x30,
    0x3E, 0x5A, 0xC6, 0xE5, 0x0F, 0x66, 0x2A, 0x0B, 0xE3, 0x32, 0x36, 0x1F, 0xCD, 0x08, 0x24, 0x6E,
    0x19, 0x37, 0xD1, 0x1C, 0x4D, 0x68, 0x3E, 0xAA, 0x77, 0x27, 0x24, 0x19, 0xD1, 0x7C, 0x94, 0xFF,
    0x35, 0x50, 0x7D, 0xDA, 0x83, 0x81, 0x4C, 0x5A, 0x0A, 0xB1, 0x04, 0xB9, 0x05, 0xD1, 0x01, 0x2A,
    0xCF, 0xCF, 0xEF, 0xB9, 0x1C, 0x9F, 0xCF, 0xF3, 0xF9, 0x5C, 0x9F, 0xCF, 0xF7, 0xF9, 0x9C, 0x9F,
    0xCF, 0xFB, 0xF9, 0xDC, 0x9F, 0xCF, 0xFF, 0xF9, 0x1A, 0x9C, 0xAF, 0x03, 0x11, 0x67, 0x6A, 0x41,
    0x33, 0x9E, 0xA9, 0x47, 0x3A, 0xCF, 0x9C, 0xA9, 0x49, 0xDF, 0xB0, 0x5B, 0x97, 0x45, 0xB7, 0xDE,
    0xAD, 0x8D, 0x58, 0x53, 0xEF, 0xD6, 0x47, 0xF3, 0xBF, 0x53, 0xA3, 0x25, 0xEF, 0xA6, 0xDE, 0xA9,
    0xD3, 0xBF, 0x4E, 0x54, 0xF5, 0x4E, 0xAD, 0x3E, 0xF6, 0x34, 0x76, 0x5B, 0xAF, 0x70, 0x2D, 0xEC,
    0xD4, 0xEC, 0xEB, 0x9E, 0x99, 0x9D, 0xBA, 0xA5, 0x3E, 0xF6, 0xBB, 0xB5, 0x4B, 0x7C, 0x32, 0xEE,
    0xD6, 0x2F, 0xF1, 0x99, 0xDB, 0xAD, 0x61, 0x24, 0x4D, 0x7B, 0xA6, 0x8E, 0xD5, 0xCC, 0x6E, 0x2D,
    0x43, 0x4A, 0x62, 0xA9, 0x13, 0x5D, 0x39, 0x99, 0x27, 0x1F, 0xC9, 0x1D, 0x45, 0x4F, 0xB9, 0xBE,
    0xA6, 0xC0, 0x6F, 0xAA, 0xC2, 0xBB, 0xD2, 0x26, 0xF2, 0x35, 0x69, 0xD3, 0x79, 0xD1, 0xCC, 0x7C,
    0x32, 0x2F, 0x8A, 0xA9, 0x67, 0xC9, 0xC2, 0xB8, 0x28, 0x67, 0x8E, 0x72, 0xC9, 0x31, 0xA5, 0xCD,
    0x5B, 0x0C, 0x85, 0x5D, 0x26, 0x5D, 0xDF, 0x4C, 0x6B, 0xFA, 0x30, 0x51, 0x3A, 0x9D, 0xFA, 0xBB,
    0xD2, 0xEA, 0xE4, 0x58, 0xAC, 0x4E, 0x8F, 0xE7, 0x60, 0x20, 0xF1, 0xC1, 0x44, 0x32, 0x06, 0x23,
    0xA9, 0x0B, 0x66, 0xB2, 0x2E, 0x18, 0xCA, 0xDB, 0x60, 0xEA, 0x65, 0x8B, 0x19, 0xCC, 0x58, 0x8C,
    0xF9, 0x98, 0xF9, 0xD4, 0x27, 0x9A, 0x05, 0xFD, 0xF9, 0x96, 0x19, 0x0A, 0xBF, 0xDC, 0xF7, 0xCB,
    0x13, 0xBF, 0x3C, 0x9B, 0x16, 0xEB, 0x53, 0xBA, 0x7C, 0x12, 0x1F, 0x4D, 0x8B, 0xCE, 0x84, 0xE7,
    0x09, 0x9E, 0x7D, 0xBE, 0xC5, 0xAB, 0xAA, 0x9B, 0xCF, 0xA8, 0x7A, 0x36, 0xA3, 0x33, 0x52, 0x41,
    0x27, 0x25, 0x82, 0xCE, 0x8B, 0x05, 0x9D, 0x8A, 0xA0, 0xB3, 0x11, 0x82, 0x81, 0x8A, 0x60, 0xC3,
    0x10, 0xCC, 0x94, 0xA8, 0x25, 0x5E, 0x86, 0x97, 0xEF, 0x42, 0xE9, 0xC0, 0x8C, 0xD0, 0x78, 0x98,
    0xE6, 0x45, 0xBF, 0x22, 0x19, 0x4C, 0x9D, 0xB9, 0xA2, 0xCD, 0xBB, 0xBC, 0x2F, 0xDB, 0xD4, 0x19,
    0x9B, 0x8C, 0x44, 0xF7, 0xC8, 0x42, 0x46, 0x1B, 0x92, 0x49, 0x53, 0x6C, 0x1C, 0x55, 0x47, 0xD3,
    0x62, 0x3A, 0x35, 0x92, 0x3B, 0x92, 0x81, 0x78, 0x04, 0x0F, 0x57, 0xE1, 0x43, 0x78, 0x0C, 0x15,
    0x98, 0x1A, 0xD3, 0x52, 0xB8, 0x50, 0x16, 0xBF, 0x99, 0xD9, 0xB4, 0xD1, 0x4C, 0x32, 0x12, 0x12,
    0xCE, 0x35, 0x80, 0xE8, 0x61, 0xF8, 0xB6, 0x4F, 0x85, 0xB8, 0x35, 0x36, 0x13, 0x9B, 0xB9, 0xB2,
    0x5B, 0xBA, 0x05, 0x43, 0x2A, 0x34, 0x36, 0x9E, 0x22, 0x1F, 0x4F, 0x2C, 0x23, 0xB2, 0x01, 0xCA,
    0x4E, 0x9B, 0x0E, 0x1B, 0xAD, 0xFF, 0xA4, 0x8F, 0xA0, 0x79, 0x73, 0x00, 0xD3, 0x95, 0x9F, 0x76,
    0x65, 0xDF, 0xB8, 0x5C, 0x6C, 0xE5, 0x1A, 0x97, 0xCC, 0x54, 0x43, 0xE3, 0xB2, 0xE5, 0x6A, 0x30,
    0x7D, 0x29, 0x9D, 0x71, 0x57, 0x6C, 0xF3, 0x7B, 0xC3, 0x15, 0x4B, 0x3C, 0x25, 0x13, 0xC1, 0x8A,
    0xD8, 0x60, 0xD3, 0x74, 0xC1, 0x43, 0x3E, 0xB0, 0xF8, 0xFB, 0x30, 0x99, 0x08, 0xDE, 0x43, 0x18,
    0x82, 0xE9, 0x42, 0x64, 0xB9, 0xFB, 0xB2, 0xC6, 0x99, 0xB4, 0x10, 0x05, 0xAF, 0xB9, 0xC4, 0xD2,
    0x51, 0x48, 0x22, 0x2D, 0xC5, 0xAC, 0x2C, 0xA7, 0x54, 0x6A, 0x4A, 0x2D, 0x0F, 0x66, 0xCC, 0x94,
    0x2E, 0x9B, 0x94, 0xB9, 0x5F, 0xD8, 0x2B, 0xAB, 0x36, 0x1F, 0x02, 0x9D, 0xBA, 0x2C, 0xFA, 0x85,
    0x14, 0x1D, 0x88, 0xA6, 0x99, 0x89, 0xB2, 0x06, 0x8F, 0xB1, 0x30, 0x62, 0x20, 0x1A, 0xD8, 0x87,
    0xF0, 0x7E, 0x78, 0x46, 0xF6, 0x7A, 0x1E, 0x42, 0xE1, 0x13, 0x75, 0xE2, 0x33, 0xB1, 0x0B, 0xF3,
    0x40, 0x75, 0x5B, 0x38, 0x5D, 0x60, 0x04, 0x5F, 0x64, 0x23, 0x8D, 0x8C, 0x64, 0x22, 0x52, 0x97,
    0xD3, 0x9E, 0x38, 0x2D, 0xE3, 0x68, 0x7A, 0x8C, 0x2F, 0x7F, 0x38, 0x97, 0x7E, 0xEF, 0x9F, 0x16,
    0x90, 0x4D, 0x0A, 0x6F, 0x16, 0xC5, 0xD1, 0x38, 0x32, 0x27, 0x1D, 0xD9, 0x4F, 0xC5, 0x92, 0xC9,
    0xC4, 0x82, 0x0E, 0xF2, 0x89, 0x05, 0x9D, 0xA2, 0x3D, 0xC1, 0x92, 0xCF, 0x5D, 0x79, 0xDD, 0x02,
    0xAA, 0x1B, 0x49, 0x0F, 0xB1, 0x22, 0xD2, 0x4B, 0xA4, 0x06, 0x5E, 0x02, 0x6E, 0x2C, 0xBF, 0x55,
    0x7C, 0x18, 0x7E, 0xE7, 0xD0, 0xD1, 0xBD, 0x07, 0xA8, 0x14, 0x1C, 0xA1, 0xF2, 0x28, 0x24, 0x80,
    0xD4, 0x91, 0x3F, 0x85, 0xA8, 0xA9, 0x89, 0x65, 0x3E, 0x96, 0x89, 0xF5, 0x2D, 0xF2, 0x2E, 0x10,
    0xDD, 0x97, 0x0F, 0xE0, 0x74, 0x10, 0x35, 0x22, 0xEA, 0xA1, 0x10, 0x11, 0x55, 0x6C, 0x3E, 0x3F,
    0xB8, 0x72, 0x5B, 0xEA, 0x50, 0x62, 0xAA, 0xAE, 0xE8, 0x08, 0x06, 0x6F, 0x12, 0x64, 0x04, 0x72,
    0x80, 0x52, 0x71, 0xF3, 0xCC, 0x6B, 0x6F, 0xEC, 0x4E, 0x5E, 0x1A, 0xB3, 0xB0, 0x3C, 0xFB, 0x1C,
    0x35, 0x45, 0xE2, 0x55, 0x2D, 0xE4, 0xE3, 0x2D, 0x55, 0x53, 0xE5, 0x9B, 0x3A, 0xED, 0x91, 0x1A,
    0x18, 0x62, 0xA7, 0xD6, 0x06, 0xB5, 0xF6, 0x48, 0xAD, 0xDD, 0x54, 0x6B, 0x25, 0xA5, 0x5A, 0xBD,
    0xB9, 0xB1, 0xBF, 0xAD, 0xA9, 0x2D, 0x5B, 0x82, 0xF4, 0x9B, 0x41, 0x32, 0x18, 0x0B, 0xC1, 0x81,
    0xA1, 0x06, 0x88, 0xE4, 0x68, 0x5D, 0x08, 0xC5, 0x2C, 0x3D, 0x9A, 0xF7, 0x6F, 0x8A, 0x38, 0x08,
    0xEB, 0x7E, 0x1F, 0xD0, 0xEA, 0x34, 0xC3, 0x3A, 0xE8, 0x7E, 0x2E, 0x16, 0x4D, 0x77, 0x34, 0x34,
    0x27, 0x16, 0xCB, 0xD5, 0x62, 0x3A, 0xFC, 0x2A, 0x2A, 0xDF, 0xCF, 0x06, 0x92, 0x0F, 0x88, 0x68,
    0xEC, 0x17, 0xBF, 0x90, 0x78, 0xD2, 0xB6, 0x81, 0xD7, 0x75, 0x77, 0x3A, 0xDD, 0xC2, 0xEF, 0x39,
    0x0A, 0xFF, 0x28, 0xB5, 0xCD, 0x8F, 0xFB, 0xAF, 0xC6, 0xF3, 0x83, 0xA6, 0xCE, 0x3E, 0xFB, 0x87,
    0x89, 0x52, 0xA4, 0xA5, 0x91, 0xF9, 0x86, 0x88, 0x7C, 0xF4, 0xB7, 0x22, 0xB3, 0x11, 0xB1, 0x91,
    0xC8, 0x88, 0xF9, 0xB7, 0x4F, 0x07, 0xE4, 0xCF, 0x9B, 0xFA, 0xF5, 0xE4, 0x87, 0xC2, 0x90, 0x17,
    0x23, 0xE9, 0xBF, 0x08, 0x94, 0xD9, 0x48, 0xDE, 0xBD, 0x03, 0x26, 0x76, 0x14, 0xDD, 0x55, 0x68,
    0xA8, 0xF9, 0x52, 0x07, 0xDC, 0xE6, 0x54, 0xAE, 0x1C, 0x1E, 0x16, 0x32, 0x95, 0xE2, 0x4D, 0x68,
    0x95, 0x8C, 0x6F, 0x1F, 0x87, 0x22, 0x27, 0xFD, 0xCE, 0xCB, 0x7B, 0xAD, 0xAC, 0x14, 0x78, 0xD6,
    0x42, 0x84, 0xD2, 0x06, 0x95, 0x56, 0xB9, 0xA6, 0xED, 0xC9, 0xA9, 0x4A, 0xE2, 0x94, 0x59, 0xB0,
    0x52, 0xAC, 0x2A, 0x0A, 0xB6, 0xBF, 0x3D, 0xA8, 0xCA, 0xFF, 0xEC, 0xA2, 0xBF, 0xD8, 0x05, 0x2C,
    0xFF, 0x80, 0x89, 0xB4, 0x10, 0xB1, 0x7C, 0x7E, 0x40, 0x22, 0x1D, 0x0B, 0x5A, 0x45, 0x0D, 0xA9,
    0x58, 0xC8, 0x04, 0xC8, 0x03, 0x66, 0xC5, 0x04, 0x14, 0x8A, 0xD2, 0x03, 0x26, 0x60, 0x04, 0xAA,
    0x01, 0x68, 0xC4, 0x2B, 0x46, 0x08, 0xB5, 0xDD, 0xEE, 0x9E, 0x58, 0xDA, 0x53, 0xC3, 0x0A, 0x7B,
    0xB1, 0xF5, 0xE2, 0xD4, 0xBA, 0x3E, 0x35, 0x32, 0x29, 0x3C, 0x10, 0x1D, 0x1F, 0xD7, 0x24, 0x5A,
    0xBF, 0xE8, 0xF6, 0x02, 0xD2, 0x17, 0x47, 0x39, 0xBF, 0x28, 0xCA, 0xCA, 0x6D, 0xD6, 0xAC, 0x20,
    0xDA, 0x8D, 0x32, 0xE0, 0x17, 0xCF, 0x81, 0x1A, 0x8E, 0x36, 0x6B, 0x56, 0x0C, 0xEC, 0xCA, 0x6D,
    0xE9, 0x57, 0xA4, 0x22, 0xB3, 0x62, 0xA2, 0x98, 0x33, 0xA9, 0x8B, 0xB9, 0x10, 0x6B, 0xC6, 0xC5,
    0xC9, 0x0A, 0xB7, 0x78, 0xAF, 0x5C, 0x2C, 0x9D, 0x8E, 0x7A, 0xD3, 0x2F, 0x97, 0xC5, 0x82, 0xBE,
    0xEC, 0x96, 0x51, 0x74, 0x57, 0x51, 0x2F, 0x4F, 0x2F, 0x8C, 0x6D, 0x27, 0xAC, 0xB0, 0xCA, 0x6A,
    0x54, 0xB5, 0x1E, 0xC2, 0x84, 0x72, 0xD6, 0x30, 0x14, 0x4D, 0xBF, 0x05, 0x27, 0x78, 0xB2, 0xC5,
    0x63, 0xC5, 0xA3, 0xED, 0x9E, 0xBE, 0xC5, 0xC5, 0x12, 0x7D, 0x00, 0xC4, 0x9F, 0x00, 0xD9, 0x36,
    0xCB, 0xC1, 0x7F, 0xB1, 0x83, 0x6D, 0xFA, 0x15, 0x99, 0x3F, 0x01, 0x36, 0xE0, 0x7C, 0x7E, 0x0A,
    0x09, 0xD9, 0xD1, 0x3E, 0xE4, 0xA6, 0x9C, 0x08, 0x49, 0x29, 0x3D, 0x21, 0x2F, 0x66, 0xED, 0x7B,
    0x33, 0x10, 0x72, 0x62, 0x1C, 0x21, 0x23, 0xA6, 0x27, 0xE4, 0xA3, 0xEA, 0x08, 0xD9, 0xA8, 0xDA,
    0x35, 0x96, 0xA6, 0x5E, 0x33, 0xD1, 0xD8, 0x35, 0x0F, 0xC2, 0x9A, 0x85, 0x93, 0x1C, 0x4C, 0x9B,
    0xC5, 0xFB, 0x75, 0xE9, 0xD1, 0xB8, 0xAE, 0x3E, 0x72, 0x9B, 0xB5, 0x1F, 0x5C, 0xBC, 0xEA, 0xBD,
    0xBB, 0xEB, 0x9A, 0xCB, 0x31, 0x78, 0x51, 0x0F, 0x61, 0xA9, 0x95, 0x5F, 0x57, 0x6B, 0xC6, 0x75,
    0x99, 0xA5, 0x5B, 0x17, 0x19, 0xB1, 0x23, 0xB9, 0x50, 0xCA, 0x27, 0x3A, 0x21, 0x16, 0x11, 0xCD,
    0x4C, 0x2E, 0x5F, 0x0F, 0xDF, 0xB7, 0x85, 0x8F, 0xA4, 0xA7, 0xF4, 0xE5, 0x88, 0x38, 0xCC, 0x58,
    0x0E, 0xA1, 0x77, 0xB9, 0x5B, 0xFB, 0xE8, 0x5E, 0xE8, 0x7B, 0x50, 0xBD, 0x6A, 0xAD, 0x7E, 0xE8,
    0x33, 0xB1, 0x61, 0x8D, 0xE5, 0x04, 0x8D, 0x3E, 0x76, 0xA0, 0xA6, 0xC5, 0x86, 0x35, 0x9A, 0x61,
    0x5D, 0xA3, 0xA9, 0x81, 0x11, 0x0C, 0x10, 0x0D, 0x6B, 0xCF, 0xC1, 0xBA, 0xD4, 0xF3, 0xB2, 0xD7,
    0xC3, 0x43, 0xA0, 0xF0, 0x24, 0x12, 0xB2, 0x18, 0xBC, 0x68, 0x9F, 0x6F, 0xFA, 0x2C, 0x94, 0xD8,
    0x91, 0x4C, 0x40, 0xC4, 0xCE, 0x17, 0xF4, 0xFE, 0x01, 0xBF, 0xF6, 0x30, 0x7C, 0x2B, 0x56, 0x0A,
    0xB3, 0x45, 0xB1, 0x60, 0x48, 0x44, 0x9E, 0x39, 0xAE, 0xDD, 0x4A, 0x1C, 0x90, 0xF6, 0xDB, 0x6F,
    0x28, 0x45, 0x51, 0x03, 0xA5, 0x05, 0x0C, 0x67, 0x0E, 0x76, 0x1E, 0x2B, 0xFC, 0x09, 0xA2, 0x71,
    0xFB, 0xD5, 0xE5, 0x80, 0x1D, 0x4B, 0x67, 0xBF, 0xCF, 0xAF, 0x5B, 0x3D, 0x01, 0xFC, 0x9E, 0x45,
    0xD4, 0x31, 0xB7, 0x17, 0x4E, 0xC4, 0x43, 0x21, 0x42, 0xA4, 0xB4, 0x81, 0xF5, 0x73, 0x68, 0x03,
    0x39, 0xE5, 0x14, 0x38, 0x28, 0x8F, 0xAD, 0x12, 0x2E, 0x9F, 0x16, 0x92, 0xA1, 0x68, 0xA1, 0x19,
    0x8A, 0x19, 0x64, 0xF1, 0xC8, 0x46, 0xC2, 0x49, 0x2D, 0xB1, 0x2C, 0x52, 0xE7, 0x32, 0xDF, 0x7F,
    0x4A, 0x29, 0x3E, 0x6B, 0x31, 0x81, 0xD5, 0x73, 0x68, 0x76, 0x58, 0x2C, 0xEC, 0x49, 0x83, 0x05,
    0x1A, 0x65, 0x30, 0x89, 0xD6, 0xA9, 0xE7, 0x4B, 0xF3, 0x7D, 0xF1, 0xE0, 0x33, 0x91, 0x5D, 0xDA,
    0xC0, 0x9A, 0xF3, 0xB4, 0x81, 0x44, 0x0B, 0x27, 0x42, 0xA5, 0xB7, 0xEF, 0x35, 0xBF, 0x01, 0x50,
    0xD5, 0xC4, 0x6D, 0x65, 0x49, 0x5D, 0x05, 0xB9, 0x3F, 0x8A, 0xEA, 0x78, 0x7E, 0xA7, 0x6C, 0x29,
    0x3F, 0x97, 0xF6, 0xDA, 0x37, 0x45, 0x3A, 0x23, 0x72, 0x8B, 0xF2, 0xA9, 0xF4, 0x14, 0xDF, 0xFD,
    0xF1, 0xCC, 0x4B, 0xC9, 0x8F, 0xA4, 0x26, 0xED, 0x55, 0xBB, 0xFF, 0xF5, 0x05, 0x8E, 0xCD, 0x26,
    0x7C, 0x09, 0xC4, 0xC6, 0xD2, 0x26, 0xA1, 0xC5, 0x52, 0xF3, 0x3D, 0x9E, 0x27, 0x51, 0x78, 0xF7,
    0x35, 0x9E, 0xCA, 0xD3, 0x0C, 0x48, 0xC7, 0x0C, 0x8F, 0xE0, 0x08, 0xCA, 0x9A, 0xCC, 0x11, 0xDD,
    0x3B, 0xA3, 0xDE, 0x48, 0xBF, 0x39, 0x3C, 0xB6, 0x44, 0xF2, 0xEF, 0xDF, 0x90, 0x9E, 0x74, 0x0A,
    0x1B, 0xB8, 0xE8, 0x01, 0xD9, 0x1C, 0x31, 0xD6, 0x4F, 0x36, 0xDF, 0xAC, 0xBF, 0x3C, 0x79, 0xBC,
    0x7A, 0x08, 0xFE, 0xCA, 0xB6, 0xEC, 0x80, 0x86, 0x6C, 0x44, 0xE3, 0x89, 0xE4, 0x2F, 0xA3, 0xC6,
    0xAD, 0x71, 0xD6, 0x10, 0x8B, 0x7C, 0x12, 0xA2, 0xBF, 0x45, 0x90, 0xBB, 0x3A, 0x46, 0x80, 0xD4,
    0xCE, 0xC1, 0x8A, 0x07, 0x8C, 0x1B, 0xF7, 0x74, 0x25, 0x9A, 0x7F, 0x1A, 0x3D, 0xC3, 0xBC, 0x76,
    0x7B, 0x2D, 0xFC, 0x7C, 0x00, 0xD5, 0x67, 0x6A, 0x69, 0xFF, 0x8D, 0x7F, 0x1E, 0xE1, 0x2B, 0xD9,
    0xC7, 0x12, 0x36, 0x8D, 0x0F, 0xBE, 0x7F, 0x0B, 0x30, 0xED, 0x26, 0x9B, 0xA1, 0x9C, 0x9B, 0x7A,
    0x92, 0xB4, 0x15, 0x90, 0xB9, 0x3B, 0xAA, 0x3D, 0xBE, 0x13, 0x59, 0xD2, 0x50, 0x53, 0x6E, 0x3F,
    0x93, 0x96, 0x6B, 0x6F, 0xC9, 0xC2, 0x50, 0xD6, 0xB5, 0xAE, 0x4B, 0x61, 0xFF, 0x73, 0x26, 0x54,
    0xD6, 0x42, 0xDA, 0xDF, 0x21, 0xD4, 0x36, 0x90, 0x93, 0xEA, 0x96, 0x75, 0x6E, 0x1B, 0x57, 0x5A,
    0x71, 0x06, 0x19, 0xF6, 0x69, 0xDC, 0x63, 0xCA, 0xB0, 0x80, 0x71, 0xDD, 0xE5, 0x89, 0x83, 0xA4,
    0x0F, 0xBB, 0x3B, 0xEC, 0xEB, 0xBC, 0x86, 0xC2, 0x82, 0x61, 0xFD, 0x1C, 0x01, 0x7E, 0xFD, 0x44,
    0x27, 0xEA, 0xEE, 0x06, 0x69, 0x27, 0x5D, 0xFE, 0x91, 0xF4, 0xFA, 0x29, 0xDE, 0x95, 0xBE, 0xA4,
    0x69, 0xC3, 0x21, 0xE9, 0x4C, 0xEC, 0x32, 0xE9, 0x62, 0x57, 0xC8, 0x90, 0xB8, 0xF2, 0x6B, 0x73,
    0xDA, 0x1B, 0x9A, 0x4F, 0xBB, 0x7D, 0x4A, 0x69, 0x8F, 0x48, 0x67, 0xCE, 0xC9, 0xF5, 0x90, 0xEE,
    0xCD, 0xCE, 0x83, 0x72, 0x7E, 0xFF, 0x1B, 0x32, 0x80, 0x58, 0xD8, 0x9B, 0x82, 0x3F, 0x30, 0xE4,
    0x16, 0x34, 0xB8, 0x57, 0x51, 0x89, 0x6B, 0x22, 0x0F, 0xD8, 0x05, 0x71, 0xE7, 0xBF, 0x4A, 0xE6,
    0xC6, 0x8A, 0xC4, 0x3F, 0x15, 0x98, 0x9F, 0x8D, 0x50, 0x4A, 0xC7, 0xFE, 0x5F, 0xCB, 0x5F, 0x39,
    0x23, 0x22, 0x2B, 0xAE, 0xE6, 0x52, 0x1F, 0x50, 0x3D, 0x73, 0xC4, 0xFE, 0xE7, 0x13, 0xD9, 0x30,
    0x8A, 0x4D, 0xFA, 0x71, 0x1F, 0x6A, 0xFF, 0x05, 0x82, 0x3D, 0x95, 0x6D, 0x61, 0x8A, 0x11, 0x30,
    0xFE, 0x0C, 0xC2, 0xBD, 0xE8, 0x2E, 0xDB, 0x77, 0x45, 0x73, 0x81, 0x92, 0x66, 0x7F, 0x2B, 0x7B,
    0xAA, 0x5C, 0x9C, 0x55, 0x28, 0x83, 0xD6, 0x00, 0x60, 0x23, 0xF9, 0x48, 0x8F, 0x76, 0xAB, 0x21,
    0x91, 0xEF, 0x4A, 0x2B, 0x7D, 0xE3, 0x12, 0x49, 0xC4, 0x86, 0xF3, 0x84, 0x29, 0x99, 0x23, 0x1D,
    0xEA, 0x89, 0x40, 0x2C, 0xC8, 0x7A, 0x98, 0x30, 0x45, 0x33, 0x79, 0x38, 0x4E, 0x88, 0x3D, 0x45,
    0x38, 0x50, 0x48, 0xC6, 0xF5, 0x48, 0xA1, 0x4F, 0xDC, 0xE6, 0x50, 0x21, 0xED, 0x36, 0xC7, 0x0A,
    0x7B, 0x75, 0x70, 0xA3, 0x20, 0x1F, 0x61, 0x75, 0x1F, 0xBA, 0x69, 0xB7, 0x0B, 0x21, 0xC2, 0xDE,
    0xCE, 0xFE, 0x2D, 0x7A, 0x48, 0xC6, 0xB0, 0xC4, 0x5C, 0xA8, 0xFC, 0xDA, 0xAD, 0x57, 0x66, 0x80,
    0x7C, 0xA6, 0xE8, 0x20, 0x5E, 0xAD, 0xEE, 0x4E, 0x2F, 0x2E, 0xF2, 0x50, 0xFA, 0xDD, 0x20, 0xB0,
    0x40, 0x44, 0x90, 0xD2, 0x41, 0x3A, 0x3D, 0xDF, 0x51, 0x36, 0x87, 0xC3, 0x88, 0xE8, 0x83, 0xDD,
    0x13, 0xB5, 0xE7, 0x3B, 0x2A, 0xFC, 0xAE, 0x4A, 0x90, 0xCD, 0xF4, 0x8D, 0xB1, 0xEA, 0x8C, 0xA3,
    0x8D, 0xDB, 0x4D, 0x10, 0x21, 0x24, 0x1B, 0x56, 0x6F, 0xC6, 0xCA, 0x57, 0xA3, 0x19, 0xB2, 0x8E,
    0xE7, 0x4B, 0x30, 0x6E, 0x86, 0x6A, 0xD1, 0x35, 0x63, 0xE9, 0xA2, 0x73, 0x21, 0xBE, 0x38, 0xDB,
    0x69, 0xCF, 0x8B, 0xE5, 0x8A, 0x05, 0x0E, 0x30, 0x0E, 0xB2, 0x89, 0xEA, 0xC2, 0x04, 0xAD, 0xCF,
    0xF6, 0xEC, 0x73, 0x8E, 0x2E, 0xE1, 0x7F, 0x5D, 0x9E, 0x55, 0x2A, 0x7B, 0xC4, 0x84, 0xB4, 0x47,
    0xB1, 0x28, 0x13, 0x59, 0xC7, 0x9B, 0xFB, 0x70, 0x04, 0x67, 0x78, 0x78, 0xF8, 0xE4, 0xF0, 0x10,
    0x51, 0x59, 0xB9, 0xDC, 0xB9, 0xB3, 0xDC, 0x39, 0xAF, 0xB9, 0x5A, 0x9E, 0x2F, 0xB0, 0x6C, 0x38,
    0xE2, 0x31, 0x60, 0x3A, 0x71, 0xFA, 0xD3, 0xB8, 0xB2, 0xDE, 0x66, 0x84, 0xAA, 0x5F, 0xEF, 0x56,
    0x7D, 0xC8, 0x4E, 0x90, 0xEB, 0xB6, 0x39, 0xB9, 0xDB, 0x45, 0x6B, 0xF1, 0x06, 0xB3, 0x94, 0xAE,
    0x74, 0xAA, 0x93, 0x75, 0xE1, 0x6A, 0x34, 0x4E, 0xFF, 0x1D, 0xEC, 0x59, 0xE3, 0xC2, 0xD5, 0x50,
    0xF4, 0x10, 0x51, 0xBA, 0x55, 0xB7, 0x70, 0x51, 0x38, 0xB1, 0xFF, 0xBC, 0xC6, 0xB1, 0x6D, 0xD7,
    0x7E, 0x66, 0x2F, 0xF5, 0x6F, 0x0D, 0xDD, 0xB7, 0x39, 0x6D, 0xDF, 0xB9, 0xBC, 0x3F, 0x07, 0x18,
    0x69, 0x4B, 0xA9, 0x73, 0x21, 0x9B, 0x49, 0x7C, 0xD8, 0x94, 0xEE, 0xF2, 0x1A, 0xCA, 0x68, 0x50,
    0xCB, 0xE9, 0x14, 0x76, 0x8B, 0xD4, 0x46, 0x2E, 0xED, 0x3F, 0x08, 0xC4, 0x23, 0xD9, 0xDF, 0xF1,
    0x5A, 0x5A, 0xFF, 0x4E, 0xD2, 0xE6, 0x6F, 0x91, 0xF8, 0x4B, 0x8B, 0xBC, 0xEA, 0xB9, 0xE1, 0xF8,
    0x25, 0x15, 0xF4, 0xBF, 0x01, 0x8D, 0x95, 0x01, 0xC4, 0xE6, 0xC8, 0x19, 0xC7, 0x7F, 0x49, 0x6E,
    0xBF, 0xB4, 0x5F, 0x90, 0xA2, 0x1F, 0xF5, 0x1D, 0x02, 0x45, 0xFB, 0x96, 0x0B, 0x1C, 0x8A, 0xDD,
    0x9D, 0xA1, 0x38, 0x14, 0x0E, 0xFB, 0xB5, 0x28, 0xB6, 0x00, 0xAA, 0xEC, 0xE1, 0x00, 0x6B, 0x67,
    0xB6, 0xDA, 0x02, 0x78, 0xD1, 0x52, 0x8A, 0x2E, 0x16, 0xBD, 0xEF, 0x50, 0x80, 0xC3, 0xBA, 0x99,
    0xF6, 0x68, 0x01, 0x72, 0xCE, 0x01, 0x10, 0x9C, 0x96, 0x96, 0x6E, 0xCA, 0xBB, 0xDD, 0x74, 0x2F,
    0x6F, 0x9E, 0x3E, 0x8F, 0x2F, 0xB7, 0xF6, 0xBA, 0x8B, 0x4E, 0xE6, 0x9F, 0x4C, 0x26, 0x33, 0x4F,
    0xE6, 0xFF, 0xCF, 0xFC, 0x9F, 0x50, 0xFF, 0x07, 0x42, 0x8A, 0xC5, 0xB1, 0xCD, 0xD5, 0xDC, 0x8E,
    0xCD, 0xD4, 0x8E, 0x7A, 0x4C, 0xFD, 0xD0, 0x8E, 0x2E, 0x1B, 0xBA, 0xC1, 0xC5, 0x3E, 0x07, 0xEF,
    0x14, 0x7A, 0xF6, 0x09, 0xE7, 0x8F, 0xF4, 0x1F, 0xCD, 0xB4, 0x32, 0x50, 0xBC, 0x07, 0x50, 0xCE,
    0xD5, 0x52, 0x1D, 0x00, 0xC2, 0xD4, 0x4D, 0xAD, 0xC6, 0xE8, 0x86, 0x3E, 0xBB, 0xEC, 0xA2, 0xF3,
    0x3A, 0xEB, 0x37, 0x6E, 0xBE, 0xE6, 0xE1, 0x74, 0x0F, 0x2E, 0x83, 0x64, 0x2A, 0x45, 0x9B, 0x22,
    0x6F, 0x04, 0xCF, 0x07, 0x89, 0x72, 0x14, 0x9A, 0x28, 0xF4, 0xAC, 0x04, 0x91, 0x29, 0x29, 0xA8,
    0x16, 0xA8, 0x66, 0x68, 0x16, 0x10, 0x89, 0x5C, 0x5C, 0xC0, 0xE5, 0x65, 0x2C, 0x44, 0x86, 0x52,
    0x24, 0x57, 0x9F, 0xFE, 0x28, 0x57, 0xB1, 0xCA, 0xB5, 0x87, 0xF6, 0xCC, 0xD3, 0xCA, 0x4C, 0xF7,
    0xBE, 0x00, 0xE2, 0x21, 0xC4, 0x6F, 0x28, 0x1E, 0x11, 0xFC, 0x11, 0x21, 0xBD, 0x75, 0xC4, 0xC9,
    0x81, 0x93, 0x4B, 0x0F, 0xCD, 0x0A, 0x29, 0xE5, 0x72, 0x6E, 0x07, 0x65, 0x1B, 0xDB, 0xE1, 0x35,
    0xFA, 0x0C, 0xEE, 0x97, 0x7B, 0x82, 0x2C, 0xA4, 0xFB, 0xAB, 0xCD, 0xC0, 0xB0, 0x1A, 0xAC, 0x55,
    0xE8, 0xFC, 0x5A, 0xE3, 0xCB, 0x40, 0xA9, 0x8C, 0x4F, 0x2F, 0x2F, 0xF7, 0x9D, 0xC8, 0xD8, 0x8B,
    0x0C, 0x37, 0x2F, 0x6E, 0xE7, 0xEB, 0x74, 0xFE, 0x4D, 0x6E, 0x02, 0x8F, 0xA0, 0x98, 0xA0, 0x1A,
    0xA1, 0xCD, 0xD0, 0x03, 0xF7, 0x14, 0x46, 0x65, 0x82, 0x66, 0x84, 0x2E, 0xC3, 0x19, 0xD8, 0x3A,
    0x3C, 0x49, 0xC6, 0xE2, 0x58, 0x1F, 0x54, 0xBD, 0x2B, 0x1C, 0xEB, 0xA9, 0x94, 0xDB, 0x19, 0x39,
    0x42, 0x10, 0xEA, 0x7F, 0x4B, 0xEE, 0x72, 0x18, 0x9D, 0xEF, 0x47, 0x47, 0xA7, 0x57, 0xFD, 0x1A,
    0x39, 0xC4, 0x56, 0x9F, 0x17, 0x97, 0x7B, 0x78, 0x7D, 0x06, 0x49, 0x5E, 0xBF, 0x5C, 0xDE, 0xBE,
    0x9C, 0x2A, 0xDF, 0x4E, 0x06, 0x6D, 0x8D, 0xCD, 0x93, 0xA4, 0x5A, 0xFD, 0xC1, 0xD8, 0x19, 0x3C,
    0x24, 0xAE, 0xB3, 0x70, 0xA3, 0x3E, 0xE0, 0x24, 0x73, 0xA2, 0x5C, 0xB8, 0xA6, 0xE8, 0x5E, 0x46,
    0x52, 0x6E, 0x86, 0xB3, 0x3B, 0xBF, 0xF6, 0x2F, 0x3D, 0x3F, 0x85, 0xA0, 0xCF, 0x0C, 0x67, 0x17,
    0x17, 0xFE, 0x8B, 0xF6, 0x4F, 0x54, 0x17, 0x5E, 0x28, 0x5F, 0xF4, 0xC3, 0x56, 0x1E, 0xD1, 0x1C,
    0x70, 0x99, 0x95, 0x6A, 0xA1, 0x99, 0x94, 0x12, 0x7D, 0xB6, 0x8E, 0xE0, 0x49, 0x5A, 0x41, 0x20,
    0x59, 0xB5, 0x1E, 0xA7, 0x35, 0xD3, 0x0E, 0xD4, 0x13, 0xC5, 0x0C, 0xDF, 0xC4, 0xCA, 0x77, 0xC1,
    0x99, 0x8C, 0x36, 0x5F, 0x79, 0x54, 0xB3, 0xC6, 0xFA, 0xDF, 0x5A, 0xCF, 0xF6, 0xA2, 0x76, 0xA2,
    0x1F, 0x70, 0x11, 0xB1, 0x3E, 0xBD, 0x0B, 0x9E, 0x87, 0x60, 0xA5, 0x5B, 0xFA, 0xB1, 0x5E, 0x64,
    0xAA, 0xE4, 0xFB, 0xA6, 0xFA, 0xA1, 0x5E, 0x9A, 0xA9, 0x39, 0xA8, 0x6A, 0xD3, 0x95, 0x86, 0x7A,
    0xA8, 0xF2, 0xBD, 0x1D, 0x7F, 0x75, 0xB1, 0x3D, 0x42, 0xF1, 0x36, 0xCD, 0x0C, 0x29, 0xF9, 0x72,
    0xE9, 0x4C, 0xED, 0xAC, 0x23, 0x87, 0x5E, 0x47, 0xBE, 0xE8, 0x91, 0x84, 0x21, 0xF8, 0x84, 0x1D,
    0x2B, 0xA1, 0x5C, 0x70, 0x6F, 0x29, 0x51, 0xC9, 0xD8, 0xCE, 0x81, 0xF7, 0xA8, 0x17, 0xC2, 0x52,
    0x3D, 0x5D, 0xAA, 0x4F, 0x66, 0x23, 0xD0, 0x4C, 0x56, 0x5B, 0xAD, 0x23, 0xDD, 0xB0, 0xE9, 0xE1,
    0x22, 0x29, 0x3B, 0x59, 0xCF, 0x2E, 0x6E, 0x71, 0xB2, 0x7A, 0x9C, 0x4C, 0x88, 0xB2, 0x3A, 0x2A,
    0x91, 0x47, 0x8A, 0xAF, 0xEB, 0x44, 0x9B, 0x40, 0x1F, 0xE1, 0x43, 0x28, 0xED, 0x36, 0xC3, 0x3D,
    0x7E, 0xAC, 0xCD, 0xB1, 0xFB, 0xF4, 0x87, 0x83, 0x13, 0x31, 0xE4, 0xDD, 0xE5, 0xA5, 0xE7, 0xF5,
    0x15, 0xF4, 0xBE, 0x5A, 0xDA, 0xA9, 0x52, 0x9A, 0x85, 0x12, 0xC5, 0xD4, 0x27, 0x44, 0xBE, 0x63,
    0x29, 0x60, 0x86, 0x42, 0x3C, 0xB8, 0xFC, 0x9A, 0xE2, 0xAE, 0xE2, 0x88, 0x8B, 0xE9, 0xBE, 0xE0,
    0x64, 0xBE, 0x32, 0x0E, 0x27, 0x0F, 0xA0, 0x9B, 0x20, 0x8C, 0x14, 0x32, 0x50, 0x3D, 0xCE, 0xB4,
    0x77, 0x32, 0x37, 0x5C, 0xE6, 0xE0, 0x62, 0x35, 0x04, 0xDF, 0xFA, 0x84, 0x13, 0x59, 0x14, 0x33,
    0xC5, 0x0A, 0x6A, 0x1C, 0xEA, 0x15, 0x82, 0x64, 0x74, 0xA3, 0xB0, 0xBB, 0x7C, 0x40, 0x32, 0x2E,
    0x32, 0x16, 0x4F, 0x7E, 0x30, 0x96, 0x03, 0x43, 0x95, 0xA1, 0xFA, 0x85, 0xA7, 0x96, 0x95, 0xF6,
    0xEF, 0x12, 0xC1, 0x65, 0xC3, 0x57, 0xE9, 0xF3, 0x4D, 0xBD, 0x3A, 0x5C, 0x74, 0x1F, 0x0B, 0x9D,
    0x85, 0xB4, 0x75, 0x9C, 0x48, 0xA4, 0x7F, 0x3C, 0xA2, 0x66, 0xA9, 0xE6, 0x5A, 0x4D, 0x5C, 0x60,
    0x4A, 0x74, 0x7F, 0xDE, 0xA3, 0x8A, 0xE1, 0x86, 0xE4, 0x75, 0x46, 0x0C, 0xFE, 0x0A, 0xCE, 0xEB,
    0xD9, 0x0B, 0xFD, 0x9F, 0x16, 0x1A, 0x99, 0xB0, 0x18, 0xE7, 0xBA, 0x51, 0xFB, 0x4D, 0x9F, 0x9B,
    0x17, 0x77, 0xE2, 0xBB, 0xF4, 0xBC, 0xC3, 0x5D, 0x60, 0xDE, 0x9C, 0x9A, 0xA1, 0x8B, 0xE0, 0x36,
    0x4F, 0x6F, 0xDD, 0x26, 0x71, 0x1F, 0x37, 0x03, 0x3F, 0xD7, 0xB4, 0x99, 0xEA, 0xB9, 0xBE, 0xC2,
    0xD2, 0x8E, 0x95, 0xF4, 0xB1, 0x90, 0x05, 0xD2, 0x4A, 0xF3, 0x37, 0x89, 0xAA, 0x62, 0x0E, 0xB6,
    0x2A, 0xFA, 0x41, 0xAF, 0x59, 0xEF, 0x7D, 0x27, 0x8B, 0xAE, 0x23, 0x42, 0x7F, 0xA0, 0x90, 0x44,
    0x7D, 0xE8, 0x6C, 0x3B, 0x65, 0x35, 0xEE, 0xD0, 0x67, 0x43, 0xA7, 0xD0, 0x24, 0xFC, 0x44, 0x72,
    0x25, 0x21, 0xF3, 0x35, 0x17, 0x21, 0x01, 0x2B, 0x6F, 0x96, 0x0B, 0x8F, 0x9A, 0x89, 0x20, 0x91,
    0xD3, 0x87, 0xFF, 0x8F, 0x81, 0x2F, 0x5E, 0x36, 0xF0, 0xF9, 0xF6, 0x7C, 0x33, 0xB0, 0x5E, 0xB3,
    0x28, 0xD4, 0xC0, 0x91, 0x17, 0x8A, 0x6C, 0xFD, 0xB0, 0x95, 0x9F, 0x9A, 0xB5, 0xFA, 0x81, 0x44,
    0xB9, 0x50, 0x6F, 0x16, 0xDB, 0x36, 0xEC, 0x73, 0x0F, 0x5B, 0xF5, 0x76, 0xEB, 0xA2, 0x3D, 0xEA,
    0x06, 0x9A, 0x89, 0x72, 0x86, 0x6F, 0xB1, 0x95, 0x77, 0xE1, 0x1E, 0xA6, 0x64, 0x3B, 0x3E, 0xB7,
    0xF1, 0xAB, 0x0D, 0xAC, 0x03, 0xFA, 0x4C, 0xF8, 0x92, 0x87, 0x3F, 0x03, 0x8C, 0xC3, 0xFE, 0xED,
    0x42, 0x64, 0xAC, 0x0F, 0xBD, 0xA9, 0xA6, 0xBA, 0x3A, 0xB3, 0x60, 0x34, 0xFB, 0xC9, 0x96, 0xB8,
    0xA5, 0x5A, 0x49, 0xA7, 0x82, 0x5B, 0xD2, 0xD4, 0xEC, 0xDF, 0xF0, 0x9C, 0x3F, 0x64, 0x3D, 0xD6,
    0x63, 0xEA, 0x72, 0x72, 0x7E, 0x0D, 0xD5, 0x9C, 0xD2, 0x20, 0xBF, 0x42, 0xB0, 0x1A, 0xE2, 0x3B,
    0xBD, 0x8C, 0xE5, 0xAA, 0xC3, 0x1E, 0x50, 0xC8, 0x4A, 0x33, 0x39, 0x6F, 0x59, 0xC0, 0xDC, 0x9D,
    0x7C, 0x9F, 0x05, 0x67, 0x88, 0xAB, 0xBD, 0x62, 0x73, 0xB7, 0xCE, 0xE0, 0xE4, 0x19, 0x14, 0x17,
    0x9C, 0x95, 0xC2, 0x91, 0xF0, 0xB3, 0x81, 0xFE, 0x2F, 0x9E, 0xEE, 0x9F, 0xD0, 0xCE, 0x18, 0x39,
    0xDA, 0x05, 0x6E, 0x1E, 0x61, 0x5A, 0xA9, 0x06, 0x8D, 0xE4, 0xC3, 0xF8, 0x6D, 0x76, 0x0F, 0xD8,
    0xED, 0x29, 0x45, 0xD9, 0x7A, 0x41, 0x6D, 0x17, 0x31, 0x5C, 0x0B, 0x51, 0x69, 0xC5, 0xF6, 0x10,
    0xD0, 0xB7, 0xE2, 0xFC, 0x82, 0xFB, 0xDE, 0x01, 0xF7, 0x38, 0xDB, 0xCF, 0x5A, 0xAD, 0x08, 0x8D,
    0x00, 0x86, 0xCD, 0x61, 0xE5, 0x72, 0x1E, 0x2B, 0xCB, 0x66, 0x9F, 0xDF, 0x9E, 0xEA, 0x63, 0x3B,
    0x35, 0xF3, 0x96, 0xC9, 0xA6, 0x17, 0x33, 0x99, 0x6D, 0x3D, 0x85, 0xEF, 0x8F, 0x3B, 0x9A, 0xF1,
    0xD5, 0x71, 0xCE, 0x6E, 0x55, 0x4B, 0xBF, 0x54, 0x73, 0x1B, 0xEB, 0xC3, 0x0D, 0xE5, 0x7F, 0xA0,
    0x7D, 0x3A, 0xD2, 0xCA, 0x44, 0xF7, 0xF9, 0x4C, 0xF7, 0x91, 0xF2, 0xFD, 0xE3, 0x8A, 0x8B, 0xE2,
    0x9D, 0x72, 0xD8, 0x71, 0xB2, 0x3F, 0xFF, 0xBD, 0x8E, 0xD7, 0x19, 0xF5, 0xA1, 0xF9, 0xD2, 0x9F,
    0x3F, 0xF8, 0x40, 0xD2, 0x23, 0xCC, 0xDD, 0xFE, 0xDA, 0xAD, 0xF3, 0xB8, 0xF3, 0xDD, 0x92, 0xFE,
    0xA5, 0x76, 0x59, 0x7F, 0xF7, 0xF4, 0xF6, 0x58, 0xAD, 0x8D, 0x59, 0x65, 0xD1, 0x9C, 0x3B, 0xD6,
    0xB3, 0xAD, 0xB3, 0xD1, 0xB9, 0x7D, 0xB6, 0x96, 0xCB, 0xD6, 0x72, 0xD1, 0x5A, 0xC1, 0x5B, 0xB4,
    0xF0, 0x73, 0x8B, 0xE8, 0x96, 0x9D, 0xDF, 0xF9, 0x53, 0x8B, 0x16, 0xD1, 0x60, 0x13, 0xD5, 0xFA,
    0xDB, 0x83, 0x9E, 0x6C, 0xFB, 0x2C, 0x7A, 0xAA, 0xE7, 0x66, 0xC2, 0x56, 0x81, 0x2D, 0x04, 0x5B,
    0x0B, 0x46, 0x1F, 0x65, 0xFF, 0x31, 0x2E, 0x77, 0x2B, 0x3B, 0x5F, 0x7F, 0xC6, 0xB5, 0x5B, 0xA7,
    0xFB, 0xE6, 0x18, 0x0E, 0xC5, 0xF1, 0x93, 0xA5, 0x90, 0x72, 0x29, 0xD7, 0x42, 0xF3, 0x6A, 0xA1,
    0x24, 0x4A, 0xFB, 0x09, 0x9B, 0x8F, 0xA7, 0xC6, 0xE4, 0x9B, 0x74, 0x41, 0xEB, 0x4A, 0xF7, 0x0F,
    0xDB, 0x84, 0xE0, 0x0C, 0x11, 0x82, 0x22, 0xCD, 0xA0, 0x5F, 0xB0, 0x7C, 0xB6, 0x36, 0x43, 0x68,
    0x87, 0x1B, 0xED, 0x81, 0x46, 0x7C, 0x29, 0x13, 0xFD, 0xFC, 0x95, 0x6A, 0xB9, 0xCB, 0xF2, 0x61,
    0x31, 0xBB, 0xF7, 0xA7, 0x93, 0x67, 0x1E, 0xE0, 0x3A, 0x7C, 0x40, 0x7D, 0xF4, 0x41, 0xF2, 0x2B,
    0x93, 0xBD, 0xF3, 0x84, 0xFB, 0xB8, 0x95, 0x66, 0xE4, 0xBF, 0x95, 0x59, 0x01, 0xA4, 0x26, 0xD9,
    0x95, 0xBE, 0x55, 0xFF, 0x74, 0xFF, 0x74, 0x59, 0x77, 0x30, 0x4D, 0x6C, 0x56, 0x6A, 0x01, 0xC1,
    0x66, 0x0A, 0x20, 0x4B, 0x77, 0x57, 0x4D, 0x82, 0xC1, 0x5A, 0xF3, 0xD8, 0x79, 0x09, 0x06, 0xBD,
    0x80, 0xB5, 0xF0, 0x16, 0x10, 0x6C, 0xCF, 0x5F, 0x49, 0x58, 0x4B, 0xD8, 0x79, 0xEC, 0xCE, 0x02,
    0xEC, 0x62, 0xD8, 0xC9, 0x1B, 0x74, 0x10, 0xCC, 0x4A, 0x6F, 0xDF, 0x4A, 0x3F, 0x0C, 0x82, 0xAD,
    0xCE, 0xC8, 0x0E, 0x06, 0xA9, 0x4C, 0x26, 0xC6, 0x76, 0xD0, 0xD5, 0x93, 0x7A, 0x49, 0xBD, 0x9E,
    0xAA, 0xFA, 0xF6, 0x3B, 0xDF, 0xAD, 0x7E, 0xFF, 0x93, 0x4D, 0xD8, 0x3D, 0xFA, 0x3F, 0xDF, 0x57,
    0xF5, 0xEE, 0xBD, 0xF7, 0x9C, 0x7B, 0xCF, 0x39, 0x75, 0xAB, 0xDA, 0x3D, 0x93, 0x23, 0xB4, 0xD4,
    0x5B, 0x60, 0x24, 0x94, 0x83, 0x9F, 0x08, 0x68, 0x32, 0xC2, 0x06, 0x6E, 0xDB, 0x3B, 0x97, 0x2D,
    0x2E, 0xE1, 0x3D, 0xFB, 0x03, 0x25, 0x1F, 0x05, 0xC5, 0x90, 0x9E, 0x9C, 0x9C, 0xBC, 0x55, 0xF6,
    0xEC, 0x88, 0xA1, 0xEC, 0x5D, 0x38, 0x7B, 0xAD, 0x27, 0xEC, 0xFA, 0x8D, 0x41, 0xE8, 0x36, 0x5D,
    0x31, 0x38, 0xB4, 0xE9, 0x31, 0x3B, 0xA0, 0x61, 0xF7, 0x45, 0xB0, 0xC1, 0x67, 0x78, 0xF4, 0xB6,
    0x73, 0x3B, 0xC4, 0x09, 0xBF, 0x8E, 0x37, 0x0F, 0x9C, 0xA6, 0x72, 0x7B, 0xD8, 0x2E, 0x82, 0x6C,
    0x76, 0xBE, 0xD6, 0xC4, 0x45, 0x25, 0xD8, 0x59, 0x0B, 0x4A, 0x04, 0x35, 0x4A, 0xEA, 0x63, 0x75,
    0x7C, 0xD0, 0xAA, 0xE3, 0xB7, 0x1B, 0x03, 0xFF, 0x72, 0x4D, 0x7D, 0x15, 0xB0, 0xBF, 0x05, 0x80,
    0x96, 0x67, 0x98, 0x77, 0xEC, 0x50, 0xCE, 0xEF, 0x96, 0x70, 0x0E, 0x7D, 0xFF, 0x03, 0xB8, 0x14,
    0x0F, 0xBB, 0x5F, 0x81, 0xAE, 0x7F, 0xFB, 0xE1, 0xCF, 0x27, 0xE7, 0xB1, 0x39, 0x7D, 0x70, 0xEC,
    0xF2, 0x25, 0x7B, 0x99, 0x83, 0x14, 0xB3, 0xF7, 0x15, 0xDB, 0x4F, 0x2F, 0x7A, 0x67, 0x70, 0xE3,
    0x4B, 0x82, 0x6F, 0xDC, 0x30, 0x18, 0x87, 0x77, 0x0D, 0xCE, 0xFB, 0xDE, 0x60, 0x79, 0x28, 0xC0,
    0x69, 0x4B, 0x28, 0x40, 0x13, 0x1A, 0xE7, 0xF1, 0x67, 0xD5, 0xB6, 0xE1, 0xAC, 0x8F, 0x5D, 0x51,
    0x73, 0x22, 0xBC, 0x03, 0x99, 0x22, 0x9F, 0x7F, 0x00, 0xD4, 0x84, 0xFE, 0xCC, 0x51, 0xD2, 0x9F,
    0xF5, 0xFF, 0xDB, 0x81, 0x4B, 0x72, 0x20, 0x2F, 0x03, 0x3A, 0x0D, 0x8E, 0x99, 0x17, 0xF8, 0xB8,
    0x80, 0xED, 0x18, 0x87, 0xAF, 0x5C, 0x31, 0x91, 0x55, 0x5C, 0x77, 0x2D, 0x1E, 0x9B, 0x6D, 0x26,
    0xB2, 0xC6, 0x25, 0x95, 0xEE, 0x53, 0x3C, 0x4C, 0xD3, 0x31, 0x4E, 0x76, 0x6C, 0x8E, 0xA1, 0x18,
    0xE9, 0x4A, 0x86, 0xC0, 0x15, 0x9D, 0x52, 0x7C, 0x10, 0x61, 0x33, 0xBA, 0x30, 0x6E, 0x16, 0x36,
    0x21, 0x70, 0x1A, 0xC2, 0x76, 0x12, 0x64, 0x04, 0x36, 0xF1, 0xA3, 0x96, 0xC0, 0x0F, 0x06, 0x8B,
    0xEF, 0xD3, 0xCA, 0xE5, 0xB8, 0xDD, 0x67, 0x95, 0xF3, 0x40, 0xB7, 0xEE, 0x8D, 0x3A, 0x02, 0xD6,
    0x26, 0x8B, 0x6E, 0xBA, 0x2B, 0x72, 0xC1, 0x83, 0x62, 0x3D, 0x04, 0x09, 0x9E, 0x6A, 0x45, 0x76,
    0x83, 0x0B, 0x06, 0xBD, 0x2B, 0x09, 0xA1, 0x77, 0xB7, 0x9C, 0x9C, 0xB8, 0x63, 0xD0, 0xCA, 0x75,
    0x34, 0x06, 0xE9, 0x1E, 0x14, 0x27, 0x75, 0x84, 0x37, 0x5F, 0x55, 0xEC, 0x6A, 0xDA, 0x4C, 0x20,
    0x77, 0x0D, 0x96, 0x08, 0xB3, 0xE9, 0xAB, 0x77, 0x97, 0x93, 0xD5, 0x06, 0xC2, 0xB5, 0xB0, 0x7C,
    0xD7, 0x29, 0xD8, 0xA9, 0x6C, 0x72, 0x41, 0x10, 0x24, 0x18, 0x74, 0x0F, 0xE8, 0xA3, 0x27, 0x9D,
    0xDB, 0x4B, 0x12, 0x16, 0x0B, 0x44, 0xDD, 0xDC, 0x7D, 0x1C, 0xD8, 0x12, 0x75, 0x31, 0xDA, 0xC2,
    0xFB, 0xA8, 0x07, 0x0B, 0x5D, 0xDF, 0x5A, 0xE4, 0x52, 0xA4, 0xED, 0x4E, 0xD4, 0x8A, 0xF6, 0xC3,
    0x03, 0x2D, 0xD3, 0x20, 0xDD, 0x3B, 0x82, 0xDC, 0x92, 0x59, 0xEF, 0xE0, 0xE4, 0x58, 0x36, 0x36,
    0xE4, 0xCB, 0x09, 0x5D, 0xD4, 0x06, 0x38, 0x2F, 0xCB, 0x8A, 0xCA, 0xF4, 0x7D, 0x1C, 0xA7, 0x75,
    0x0A, 0x20, 0xB4, 0x5A, 0xCA, 0xBA, 0x7C, 0x6A, 0x6E, 0x7F, 0x91, 0xD1, 0xDE, 0x69, 0xB1, 0x5D,
    0x14, 0xAD, 0xA0, 0x64, 0x5C, 0x31, 0xED, 0x57, 0xB2, 0x6D, 0x05, 0xC9, 0x81, 0xFF, 0x3B, 0x86,
    0x03, 0xFA, 0xDD, 0x52, 0x60, 0x26, 0x79, 0x02, 0x04, 0xC0, 0x25, 0xF8, 0x04, 0xC6, 0x9C, 0xC3,
    0xE3, 0x2D, 0x66, 0x8F, 0x2A, 0xC1, 0xB4, 0xC1, 0xC0, 0x60, 0x4B, 0x31, 0x6C, 0xD0, 0x65, 0x70,
    0xD4, 0x8C, 0x31, 0x91, 0x66, 0x8B, 0xDA, 0x93, 0xE8, 0xD2, 0x2F, 0x16, 0x74, 0xBC, 0xCC, 0x67,
    0xA7, 0x4B, 0x0B, 0xCF, 0x78, 0x59, 0x4E, 0xEB, 0x65, 0x39, 0xDA, 0xA6, 0xEC, 0x44, 0xF2, 0xC9,
    0x61, 0xB2, 0x20, 0x28, 0x18, 0x80, 0x23, 0x09, 0x9B, 0x6D, 0x8D, 0x8C, 0xCF, 0x97, 0xA3, 0xC7,
    0xE0, 0x76, 0x18, 0x77, 0x43, 0x11, 0x78, 0x1F, 0x5D, 0xE8, 0xEF, 0x84, 0x5E, 0x31, 0xFF, 0x7B,
    0x7D, 0x72, 0x2A, 0x18, 0x92, 0x3F, 0x5C, 0xD1, 0xE5, 0xB6, 0xCC, 0x01, 0xAD, 0x2B, 0x2C, 0xF9,
    0x40, 0x42, 0x7F, 0x78, 0xFB, 0xDC, 0xF6, 0x77, 0x61, 0xD7, 0xCE, 0x08, 0x9C, 0xCB, 0x1A, 0x12,
    0x8B, 0x59, 0x6F, 0xE4, 0x33, 0x34, 0x22, 0xC9, 0x39, 0x3A, 0x8D, 0x9A, 0x0C, 0xE8, 0x5D, 0x5E,
    0x71, 0x13, 0xCF, 0xC2, 0xF9, 0xE1, 0xD1, 0xA1, 0x4B, 0x11, 0xE5, 0x19, 0x59, 0xCC, 0x0C, 0x0F,
    0xF7, 0xBA, 0xB3, 0xB1, 0xB8, 0x0E, 0x77, 0x78, 0x03, 0x92, 0x89, 0x66, 0xAF, 0x24, 0xB9, 0xFD,
    0xE6, 0x21, 0xCE, 0xE6, 0x03, 0x67, 0x63, 0x85, 0x33, 0x8B, 0xB6, 0xC2, 0xF2, 0x49, 0x59, 0x45,
    0x8E, 0x3E, 0x12, 0x2F, 0x72, 0xCB, 0xC2, 0xBA, 0x8B, 0xDB, 0xB9, 0x51, 0x42, 0x4C, 0x4A, 0x02,
    0x2A, 0x0B, 0x28, 0x23, 0x41, 0xFE, 0x91, 0x28, 0x2C, 0xCB, 0x3A, 0x66, 0xC2, 0xD3, 0x35, 0xF5,
    0x81, 0x71, 0x8D, 0xDC, 0x00, 0x23, 0x5A, 0xE0, 0x26, 0x92, 0x54, 0x03, 0x72, 0xB1, 0x13, 0xCD,
    0xE5, 0xB8, 0xCC, 0x22, 0xD4, 0x97, 0x09, 0x43, 0x2A, 0x41, 0x47, 0xE2, 0x2B, 0xC7, 0x2E, 0xE4,
    0xB9, 0x6C, 0xA0, 0x3D, 0xA5, 0x5B, 0x23, 0x60, 0x11, 0xC9, 0xF1, 0x79, 0x58, 0x04, 0xFC, 0x17,
    0xA6, 0x80, 0x59, 0x3E, 0xB7, 0x47, 0xCB, 0xDB, 0x66, 0xC6, 0x5B, 0x2E, 0x9B, 0xD6, 0xDC, 0xF4,
    0xE3, 0x9A, 0x9D, 0x7E, 0x50, 0x55, 0xA2, 0xEA, 0xAD, 0xE0, 0x3A, 0xAA, 0xDE, 0xEC, 0x72, 0x54,
    0x17, 0xA4, 0x33, 0x03, 0x23, 0x49, 0xA0, 0x3B, 0xC3, 0x0B, 0x25, 0x60, 0x5D, 0x31, 0xED, 0x44,
    0xB6, 0x17, 0x49, 0x7A, 0x9D, 0x77, 0xE5, 0xBB, 0xA4, 0xD0, 0x82, 0x4B, 0x12, 0xCC, 0x01, 0xBA,
    0xAD, 0x82, 0x86, 0x66, 0xA5, 0x43, 0x5C, 0x54, 0xB9, 0xBA, 0xD1, 0x30, 0xA2, 0x29, 0xE9, 0x95,
    0x43, 0xF9, 0x4D, 0x9A, 0x00, 0x36, 0x79, 0xCB, 0x06, 0x7E, 0x09, 0x53, 0xF4, 0xBD, 0x29, 0x7B,
    0x3F, 0xAF, 0xDE, 0xEF, 0xDA, 0x0D, 0xA9, 0xF2, 0x20, 0x34, 0xAC, 0xBF, 0x76, 0x6B, 0x72, 0xEC,
    0xDB, 0xC5, 0x35, 0xE0, 0x94, 0xE6, 0xAE, 0xAC, 0xD9, 0xA1, 0x36, 0x7A, 0x64, 0x0F, 0x23, 0x68,
    0x25, 0x3C, 0xA8, 0x41, 0x95, 0x93, 0xDA, 0x12, 0xA3, 0xE1, 0x6A, 0x70, 0x0C, 0xF3, 0xA0, 0xE3,
    0x32, 0x6C, 0xE2, 0x83, 0xB3, 0x17, 0x6D, 0x93, 0xDE, 0x05, 0xD2, 0x31, 0x45, 0x9F, 0x11, 0x7B,
    0xCB, 0x1A, 0xF4, 0x7E, 0x30, 0x0A, 0xD2, 0xD1, 0x8F, 0x5C, 0x2C, 0xA5, 0xD3, 0xAC, 0x87, 0x6E,
    0x00, 0xFA, 0x1C, 0xA7, 0x00, 0x1C, 0x48, 0xD3, 0xC0, 0x3B, 0x83, 0x5B, 0x25, 0x79, 0x75, 0x7D,
    0xF6, 0x5F, 0xAD, 0xCD, 0x9E, 0xCC, 0xA8, 0x6F, 0x69, 0xE5, 0xA0, 0x62, 0x57, 0xB4, 0x96, 0xD0,
    0x9C, 0x58, 0x1B, 0x90, 0x1A, 0x4C, 0x2A, 0x95, 0x9B, 0x21, 0x52, 0x90, 0xDA, 0xEE, 0x71, 0x55,
    0x48, 0xB3, 0xD6, 0xA8, 0x6C, 0xF5, 0x8D, 0xF6, 0x34, 0xC3, 0x60, 0x4F, 0x40, 0xAB, 0x00, 0x79,
    0xA0, 0x61, 0x4E, 0xB4, 0x64, 0xEE, 0xDF, 0xB7, 0x05, 0x58, 0x65, 0xDE, 0xD3, 0xC9, 0x5D, 0xBF,
    0x8D, 0xAF, 0x9D, 0x1F, 0xCD, 0x5F, 0x3F, 0xA3, 0x69, 0x1E, 0x9B, 0x3E, 0x9F, 0x95, 0xA2, 0x1E,
    0xDB, 0xCE, 0xCF, 0xBE, 0x11, 0xF5, 0x8D, 0x5F, 0xF2, 0x18, 0xEA, 0x79, 0xED, 0x97, 0xC2, 0x89,
    0x96, 0xCE, 0xF3, 0x27, 0xFA, 0x3A, 0x7F, 0x2A, 0x81, 0x5B, 0x4C, 0xFA, 0x89, 0x8E, 0xFC, 0x0D,
    0xA2, 0x66, 0xB7, 0x62, 0x9C, 0xD0, 0x29, 0xB5, 0x44, 0x1B, 0xFD, 0x44, 0x6B, 0xFE, 0xAA, 0x48,
    0xD7, 0x02, 0xED, 0x0E, 0x0F, 0x0F, 0x5F, 0x75, 0xC9, 0xA1, 0x0B, 0xB6, 0xA9, 0x29, 0x2A, 0xC3,
    0xC9, 0xF0, 0xD1, 0xC9, 0xDD, 0xC5, 0xB0, 0x65, 0xE3, 0x88, 0x29, 0xBE, 0x22, 0x4C, 0xF0, 0xAD,
    0xCB, 0xF8, 0xD7, 0xDF, 0x8C, 0x88, 0x1F, 0xFE, 0x3F, 0xB1, 0x71, 0x69, 0x44, 0x33, 0xE7, 0x77,
    0x62, 0x3E, 0x1B, 0x52, 0xA6, 0x15, 0xBB, 0x88, 0x8B, 0x9C, 0xB8, 0x7A, 0xF2, 0xB6, 0x81, 0xC7,
    0xA4, 0x2B, 0x81, 0x32, 0x4B, 0x30, 0x50, 0xA5, 0x27, 0x58, 0x8E, 0x15, 0x0C, 0xB6, 0x18, 0x09,
    0x8B, 0x94, 0x3A, 0x2A, 0x29, 0xAE, 0xBC, 0xA4, 0x7B, 0x80, 0x4E, 0x72, 0x02, 0xF6, 0xCD, 0x2C,
    0x44, 0xD1, 0xC6, 0xA5, 0xAA, 0x2D, 0x4E, 0x32, 0xD8, 0x3F, 0xAB, 0xEF, 0x9E, 0x50, 0xA8, 0xE4,
    0xAB, 0xF2, 0xCF, 0x4E, 0xE5, 0x9E, 0xA0, 0x1A, 0x4F, 0xE8, 0x9F, 0x45, 0x52, 0x18, 0xED, 0x2A,
    0xC1, 0x40, 0x60, 0x3A, 0x2A, 0xAE, 0x3C, 0x1B, 0xBB, 0x02, 0xF7, 0xAD, 0x2C, 0x7A, 0x8C, 0xA5,
    0x76, 0xAB, 0xB5, 0xEC, 0x70, 0x2F, 0xAC, 0x47, 0xA2, 0xCB, 0x92, 0xC7, 0x44, 0x2F, 0x22, 0x5C,
    0xD7, 0x36, 0xED, 0xE5, 0x68, 0xA9, 0xE4, 0x56, 0xC7, 0x16, 0x67, 0x36, 0x1B, 0x1A, 0x85, 0xAB,
    0xCB, 0x27, 0x3D, 0xAE, 0x19, 0xF0, 0xB4, 0xB0, 0x73, 0xC5, 0xE8, 0xAE, 0xC4, 0x43, 0x81, 0xCC,
    0xB3, 0x28, 0xD2, 0xD3, 0x40, 0xFA, 0x2A, 0x7E, 0x71, 0xA8, 0xAA, 0xA7, 0xE0, 0xF9, 0xC9, 0x81,
    0x82, 0xB7, 0x5F, 0xB5, 0xA2, 0xC5, 0x74, 0xB5, 0xD7, 0xBA, 0x13, 0xDB, 0x27, 0xD4, 0x5F, 0x56,
    0xAA, 0x98, 0xAB, 0xCB, 0x6B, 0xBD, 0x2C, 0x6E, 0xED, 0xCF, 0x8B, 0x9E, 0xD9, 0x55, 0xF4, 0x61,
    0x28, 0x68, 0x7E, 0x41, 0x2C, 0x89, 0x09, 0x37, 0xCE, 0x5B, 0xA3, 0x30, 0xC6, 0x83, 0x44, 0xE8,
    0xE3, 0x41, 0x00, 0xBD, 0x12, 0xCA, 0x70, 0xD1, 0xE0, 0xDD, 0x66, 0x10, 0xB6, 0x79, 0x13, 0xA7,
    0xDC, 0xC5, 0xA8, 0x7D, 0x30, 0x45, 0xFC, 0x4F, 0xC3, 0x6C, 0xCD, 0x33, 0x2F, 0x54, 0x29, 0x7E,
    0x85, 0x26, 0x1A, 0x66, 0x68, 0x0C, 0x97, 0x2D, 0x5A, 0x1D, 0x13, 0x63, 0x1D, 0x2C, 0x66, 0x4B,
    0x68, 0xED, 0x1E, 0xC6, 0x15, 0x27, 0x43, 0xAB, 0x2B, 0x2E, 0xEE, 0x23, 0x88, 0x96, 0xDF, 0xAA,
    0x5A, 0xA3, 0x33, 0x73, 0x03, 0x2C, 0x20, 0xD8, 0x16, 0x68, 0x64, 0x3A, 0x4C, 0x5A, 0x1F, 0x21,
    0x7F, 0x7A, 0x17, 0x27, 0xA1, 0x29, 0x74, 0x56, 0x68, 0x0A, 0xE7, 0x0D, 0x6E, 0x09, 0xEA, 0x9B,
    0x9C, 0xDA, 0xF9, 0xEA, 0x8B, 0x9C, 0x39, 0xB9, 0xA6, 0x09, 0x0B, 0x67, 0x00, 0x08, 0x64, 0x94,
    0x4D, 0x2D, 0x1F, 0x07, 0x6D, 0x2C, 0xFA, 0xCF, 0xD1, 0xC1, 0x05, 0xBF, 0x9E, 0x08, 0x1D, 0xEC,
    0x6E, 0x92, 0x60, 0x51, 0x93, 0xD8, 0xBE, 0x58, 0x37, 0x4C, 0x90, 0xFF, 0x52, 0x1E, 0xFF, 0xC1,
    0x7A, 0x2E, 0xCE, 0xD6, 0x83, 0xA2, 0x40, 0x4E, 0xC4, 0x1A, 0xBD, 0x87, 0xDF, 0x12, 0x15, 0x9C,
    0x28, 0xE1, 0x82, 0xA5, 0xFB, 0x86, 0xD9, 0x28, 0xD0, 0x71, 0x1D, 0xC7, 0x91, 0x16, 0x0B, 0x1E,
    0xAF, 0xB7, 0x5F, 0x7F, 0x09, 0x0F, 0x10, 0xE9, 0x1F, 0x33, 0x48, 0x64, 0x92, 0x8C, 0xB3, 0xD2,
    0x2A, 0xC9, 0x16, 0x2B, 0xE2, 0x12, 0x3F, 0x5B, 0x3C, 0x4A, 0xF2, 0xC9, 0xFE, 0x49, 0x78, 0xCB,
    0x8B, 0x2A, 0x4E, 0x2F, 0xD3, 0x99, 0xA8, 0xB8, 0xBD, 0xA0, 0x61, 0x4F, 0xD1, 0xED, 0x69, 0x1B,
    0x07, 0x53, 0x54, 0xEA, 0xD8, 0x75, 0x1C, 0x69, 0x39, 0xE6, 0xD0, 0xD9, 0xA2, 0xE6, 0x78, 0xBB,
    0x53, 0x28, 0x90, 0x39, 0x9E, 0xD5, 0xB1, 0xE4, 0x2F, 0xC0, 0xF1, 0x7E, 0x86, 0x04, 0x75, 0x01,
    0x52, 0x3C, 0x30, 0xBA, 0x3B, 0x5A, 0xD8, 0xFC, 0xAB, 0x46, 0xEF, 0x6D, 0x17, 0x1A, 0xBF, 0xC1,
    0x4B, 0x70, 0xF7, 0x3C, 0xDA, 0x62, 0xE4, 0x3B, 0xD5, 0xE2, 0x76, 0xE1, 0x43, 0xA0, 0xD5, 0x23,
    0x85, 0x5B, 0x1B, 0x14, 0x7C, 0xEB, 0xB2, 0xAC, 0xB6, 0x4B, 0xF2, 0x3D, 0x8D, 0x2E, 0xAF, 0x4E,
    0xED, 0x69, 0x7F, 0x41, 0xC3, 0x9E, 0xA2, 0xBD, 0xA0, 0x87, 0x95, 0x60, 0x95, 0x22, 0xA6, 0x85,
    0x1E, 0x9A, 0x73, 0xC1, 0x56, 0x7E, 0xF4, 0x3D, 0xF5, 0x90, 0x51, 0xE7, 0x97, 0x74, 0x31, 0x8A,
    0x4F, 0x3E, 0xEA, 0xCE, 0x56, 0xBD, 0xD0, 0xAB, 0xAA, 0x9D, 0xA2, 0x32, 0x04, 0xED, 0xCE, 0xA2,
    0x24, 0x9A, 0x62, 0xD8, 0x51, 0x39, 0xD8, 0x60, 0x55, 0x20, 0xCF, 0x1B, 0x2B, 0xA0, 0x65, 0x67,
    0x7F, 0x0D, 0xBF, 0xB1, 0x96, 0xA0, 0xB0, 0x35, 0x3E, 0x61, 0x3D, 0xFC, 0x15, 0x4E, 0xD1, 0xF8,
    0x87, 0x48, 0xD0, 0x16, 0xCD, 0x7D, 0x87, 0xAE, 0xAC, 0x6E, 0xC8, 0x81, 0xE7, 0x63, 0x79, 0x91,
    0x8B, 0x85, 0x2B, 0xA8, 0x83, 0x34, 0xAA, 0xA2, 0xA7, 0x6E, 0x74, 0xE6, 0xF9, 0x45, 0x68, 0x54,
    0xD1, 0x34, 0xEF, 0xC7, 0xAA, 0x0F, 0x8F, 0x2A, 0xA7, 0x5B, 0x18, 0x9F, 0x9D, 0x68, 0x5C, 0x7C,
    0x4D, 0x43, 0x63, 0x38, 0xE8, 0x3C, 0xB7, 0x83, 0x49, 0xED, 0x82, 0xB0, 0x62, 0x3B, 0xD5, 0x56,
    0x62, 0x2B, 0xCB, 0xDF, 0xC1, 0xA3, 0x13, 0x9C, 0xAF, 0x67, 0xD6, 0xC5, 0x25, 0xBC, 0x7E, 0x07,
    0xFF, 0x4D, 0x47, 0xAD, 0x82, 0xCB, 0xED, 0x2A, 0x87, 0x52, 0xE0, 0x9F, 0x31, 0x09, 0x81, 0x36,
    0xE2, 0x5B, 0xEB, 0x6B, 0xA4, 0xA4, 0x98, 0x23, 0x96, 0xD3, 0x6F, 0xE1, 0x18, 0x71, 0x37, 0x44,
    0x84, 0xD0, 0xEA, 0x83, 0x30, 0x00, 0xBD, 0x21, 0x22, 0x4A, 0xFE, 0x32, 0xC2, 0x20, 0x7D, 0x04,
    0xC3, 0x4C, 0xB6, 0xBB, 0xF0, 0xF4, 0x33, 0x74, 0x34, 0xED, 0x5B, 0x3F, 0x66, 0xEB, 0x7C, 0xDE,
    0x34, 0x04, 0x3E, 0x24, 0x1A, 0xAE, 0x22, 0xBA, 0x6D, 0xB3, 0xB3, 0x73, 0x58, 0x56, 0xFF, 0xA9,
    0x19, 0x9F, 0x55, 0x4A, 0x65, 0x2F, 0x13, 0x09, 0xB2, 0x30, 0x8F, 0x86, 0xBD, 0xA8, 0xF7, 0x57,
    0x77, 0x33, 0x82, 0x9D, 0x1E, 0xC3, 0xF8, 0x0C, 0xEE, 0x04, 0x54, 0x84, 0xEF, 0xB3, 0x19, 0x61,
    0xB0, 0xF2, 0x36, 0xBA, 0x5E, 0x4F, 0xA9, 0xA4, 0x0F, 0x82, 0xCE, 0x26, 0x5F, 0xD2, 0x96, 0xE0,
    0xF1, 0xD5, 0x1F, 0xEA, 0xBC, 0xF0, 0x9B, 0x0F, 0x54, 0x9B, 0xA1, 0x30, 0x53, 0x88, 0x53, 0xFC,
    0x3F, 0x39, 0x81, 0x93, 0x5C, 0xBB, 0x08, 0xC8, 0x41, 0x60, 0x03, 0x4B, 0x30, 0x09, 0xD2, 0x15,
    0x37, 0x2B, 0x66, 0x3F, 0x9D, 0x85, 0xFE, 0x8D, 0x88, 0xA5, 0x5F, 0x84, 0x77, 0x56, 0x9C, 0x3C,
    0xD4, 0x6D, 0xC8, 0x0C, 0x0F, 0x5F, 0x3B, 0xBB, 0x6D, 0xDF, 0x4E, 0x20, 0xE9, 0xDD, 0x49, 0x78,
    0x74, 0x17, 0x8F, 0xFE, 0x95, 0xDD, 0xD6, 0x67, 0xCF, 0xFD, 0xF5, 0x38, 0x23, 0x69, 0x57, 0x6C,
    0xDC, 0xB6, 0x8F, 0xA7, 0x1D, 0xDF, 0xBA, 0xD4, 0x30, 0x6F, 0x22, 0x96, 0xF1, 0x94, 0xEF, 0xC2,
    0x8A, 0x66, 0x03, 0xAC, 0x6D, 0xDC, 0xBB, 0x40, 0x6E, 0x71, 0xB5, 0xE2, 0x3E, 0xE1, 0xAE, 0x62,
    0x96, 0x6F, 0x40, 0xA3, 0x48, 0x2D, 0x7A, 0x55, 0x8E, 0x6C, 0xD4, 0x3B, 0xEF, 0x76, 0x22, 0x4C,
    0x82, 0x74, 0x8A, 0xCF, 0xB1, 0xE7, 0x95, 0xF0, 0x71, 0x2B, 0x7C, 0x34, 0x3E, 0x42, 0x77, 0x51,
    0xA8, 0x03, 0xA0, 0x40, 0xA7, 0x34, 0xA5, 0xA0, 0xBE, 0x0E, 0x9C, 0x1F, 0xDA, 0x3B, 0x97, 0xA6,
    0xD6, 0xD1, 0x4D, 0x31, 0x1B, 0xCB, 0xE6, 0x45, 0x49, 0x49, 0x22, 0x6C, 0x2B, 0x97, 0x11, 0xF2,
    0x4A, 0x33, 0x07, 0x33, 0xAC, 0xCA, 0x2E, 0x7D, 0x9A, 0xF8, 0xFC, 0xEA, 0xC1, 0x75, 0x6A, 0xC9,
    0xB1, 0x74, 0xDA, 0xFD, 0x8E, 0x8F, 0x2D, 0x9F, 0x3C, 0x86, 0xCD, 0xB4, 0xFD, 0x8E, 0x3E, 0xB6,
    0x64, 0x2F, 0xAB, 0x2A, 0xFA, 0xF8, 0xB1, 0xC5, 0xC7, 0x8F, 0x2D, 0x79, 0xFC, 0xD8, 0xF2, 0x05,
    0xA7, 0x10, 0xFC, 0x52, 0x0C, 0xC1, 0x1B, 0x0A, 0x41, 0x82, 0x42, 0xF0, 0x6F, 0xA3, 0xC3, 0xEF,
    0x46, 0x18, 0x94, 0xB7, 0xAE, 0xBF, 0x0C, 0x49, 0x27, 0x48, 0x5B, 0x35, 0xD9, 0xB4, 0xEA, 0xB7,
    0x69, 0x0C, 0x96, 0x4D, 0xA3, 0x8F, 0x2D, 0x2F, 0xD7, 0xBE, 0x72, 0x1E, 0xBF, 0xAC, 0x7E, 0xFF,
    0xC7, 0x96, 0x17, 0x0F, 0x4C, 0xD3, 0x06, 0xC9, 0xE7, 0xA4, 0xB9, 0x0F, 0x3A, 0xB7, 0xAD, 0x30,
    0x27, 0x82, 0x29, 0xB5, 0x1E, 0xF9, 0xA4, 0xF3, 0x4A, 0x31, 0x0A, 0xCA, 0x71, 0x0B, 0x8D, 0x45,
    0x71, 0x5E, 0x60, 0x35, 0x97, 0x3D, 0x09, 0x9D, 0x6A, 0x36, 0xDA, 0x5C, 0xD0, 0x14, 0x04, 0x8E,
    0x64, 0xF9, 0x9E, 0x12, 0x06, 0x9D, 0x79, 0xCA, 0xB8, 0xFB, 0x3B, 0x81, 0x0B, 0xDA, 0x52, 0x87,
    0x4E, 0x7B, 0xA4, 0xA8, 0x5B, 0x92, 0x4B, 0x36, 0xE4, 0xB2, 0x41, 0xD0, 0x98, 0x0D, 0x29, 0x9E,
    0xDA, 0xD3, 0x27, 0xB1, 0xDD, 0x29, 0x7B, 0xBD, 0x9D, 0xAF, 0xC7, 0x23, 0x89, 0x36, 0xEE, 0x7C,
    0x3D, 0x87, 0x72, 0xC4, 0xAF, 0x58, 0x5E, 0x0E, 0xB4, 0xCF, 0x1A, 0xD3, 0x80, 0x5D, 0xA7, 0x5E,
    0x9D, 0x2B, 0x1A, 0xBB, 0xF9, 0x9C, 0xD5, 0xC4, 0xFD, 0xA1, 0xA1, 0x44, 0x2B, 0xBD, 0xBE, 0x8A,
    0x55, 0x66, 0xA1, 0x36, 0x1A, 0xBA, 0x95, 0x2B, 0x0B, 0xD7, 0xD3, 0x43, 0x01, 0x2A, 0x9D, 0x66,
    0x3F, 0xF8, 0xF0, 0x7D, 0xB8, 0x5B, 0xC0, 0xA7, 0x70, 0xDF, 0x18, 0x9E, 0x7C, 0xB4, 0xB8, 0xEF,
    0x3F, 0xF9, 0x94, 0x1F, 0x0B, 0xFF, 0xFD, 0xD3, 0x8F, 0x7E, 0xCA, 0xDA, 0xF0, 0xD1, 0xFB, 0xFA,
    0xAE, 0x00, 0x45, 0x88, 0x55, 0xE9, 0xCD, 0x8F, 0x3E, 0xAC, 0xC8, 0xBF, 0xF3, 0x06, 0x75, 0xF6,
    0xC6, 0x2B, 0x36, 0xE2, 0x95, 0x2B, 0xCA, 0x75, 0xCA, 0xB0, 0x91, 0x4E, 0x4F, 0x28, 0x4C, 0xD4,
    0xBD, 0x64, 0xFB, 0x33, 0x52, 0xE3, 0xF9, 0x5D, 0x69, 0xD7, 0xE4, 0x75, 0xE8, 0xF3, 0xA6, 0x70,
    0xE8, 0x7D, 0x7D, 0xCB, 0x02, 0xAD, 0xBA, 0x69, 0x2B, 0x6F, 0xE5, 0x7C, 0x3D, 0xE4, 0x5D, 0x9C,
    0x31, 0xA5, 0x2D, 0xFC, 0xA2, 0xC5, 0x17, 0xDA, 0x2F, 0xD2, 0xF3, 0xFE, 0x11, 0x5B, 0x48, 0x97,
    0xD2, 0xC1, 0x74, 0x3C, 0x85, 0x16, 0xD2, 0xB2, 0xB0, 0xDE, 0x48, 0x27, 0x5F, 0x63, 0xB2, 0x55,
    0x6B, 0xC1, 0x8A, 0x1D, 0x54, 0xEF, 0xAF, 0x9D, 0x04, 0x7C, 0x57, 0x71, 0x31, 0x1B, 0x5F, 0xDE,
    0x8E, 0xD1, 0x4C, 0xC1, 0x78, 0x91, 0x95, 0x47, 0x7A, 0x39, 0x88, 0xB1, 0xB9, 0x1C, 0x9B, 0x8E,
    0xD3, 0x2E, 0xD2, 0x90, 0x39, 0xEB, 0x59, 0xAB, 0x91, 0xB1, 0xAD, 0xBA, 0x76, 0x17, 0x03, 0x24,
    0x88, 0x43, 0xAE, 0x1D, 0xD4, 0x48, 0xDA, 0x6B, 0xBF, 0x72, 0xE9, 0x04, 0xE7, 0xDA, 0xDA, 0x4E,
    0xBA, 0x4D, 0xA8, 0x43, 0x73, 0x44, 0x8D, 0xF7, 0xAC, 0xDF, 0xDA, 0x66, 0xD6, 0xCA, 0x1C, 0x5B,
    0x24, 0xC0, 0xDD, 0x33, 0x1F, 0xF3, 0xD1, 0xA5, 0xFF, 0x08, 0xE8, 0x45, 0x67, 0x50, 0xA2, 0x56,
    0x7F, 0x65, 0x95, 0x38, 0x01, 0x27, 0x99, 0xEC, 0x1D, 0xFE, 0xF6, 0x68, 0xAB, 0x9B, 0x33, 0x9C,
    0x1A, 0x57, 0x30, 0xAE, 0x1A, 0x45, 0x57, 0x2D, 0x5D, 0xD9, 0x84, 0x3B, 0x8E, 0xD6, 0xBA, 0xD9,
    0x8E, 0x98, 0x19, 0x5B, 0xC5, 0x17, 0x7C, 0xC8, 0x1E, 0x49, 0x2A, 0xEF, 0x72, 0x28, 0x75, 0xEF,
    0xEA, 0xE3, 0x8D, 0xBE, 0x53, 0xDD, 0x4B, 0x4C, 0xDF, 0x4F, 0x3E, 0x53, 0x39, 0xA5, 0xB8, 0xD2,
    0x74, 0x93, 0x63, 0x79, 0x33, 0xB4, 0xC9, 0xBF, 0x35, 0xF6, 0xFA, 0xCC, 0x84, 0xDF, 0x74, 0x6E,
    0x4B, 0xDD, 0xBA, 0xEC, 0xEF, 0x9F, 0xE3, 0xA5, 0xBF, 0x73, 0x23, 0xA3, 0xC6, 0x5C, 0x54, 0xD4,
    0xB0, 0xD7, 0xE6, 0x37, 0xEE, 0x8E, 0xCE, 0x2D, 0xD7, 0x7C, 0xEB, 0xB6, 0xB3, 0xBD, 0xB3, 0x14,
    0xFF, 0xE1, 0x28, 0x37, 0x6F, 0x5A, 0x71, 0x7D, 0xE1, 0x96, 0x73, 0xDF, 0xB3, 0x72, 0x9E, 0xF6,
    0xD4, 0x1F, 0xDF, 0xBE, 0x78, 0xD9, 0xF0, 0xAA, 0x10, 0x29, 0xE6, 0xCB, 0x39, 0x75, 0x20, 0x9D,
    0x0C, 0x02, 0xEB, 0xB1, 0x87, 0x8D, 0x20, 0xB9, 0xAB, 0x3D, 0xDC, 0xA9, 0xD8, 0x6C, 0xD6, 0x6F,
    0xB8, 0xB3, 0x7F, 0x0F, 0xB6, 0x2C, 0xBE, 0x46, 0xEB, 0xD0, 0xFA, 0x3A, 0x74, 0x09, 0xEA, 0x9C,
    0x69, 0x4F, 0xDF, 0x0B, 0xFE, 0x61, 0x43, 0xDF, 0x08, 0x2C, 0x3C, 0xB7, 0x58, 0x2C, 0x59, 0x79,
    0xEF, 0x70, 0xE1, 0xBC, 0x55, 0xC1, 0x60, 0x70, 0x2F, 0x56, 0x91, 0xC9, 0xAA, 0xC8, 0xE8, 0x46,
    0x02, 0x93, 0x7E, 0x48, 0x08, 0x7D, 0xCA, 0x21, 0x6A, 0x03, 0x55, 0x91, 0x0D, 0x41, 0xFF, 0x97,
    0x40, 0x40, 0xBB, 0x6D, 0x39, 0xE0, 0xFA, 0x71, 0x4B, 0x51, 0x38, 0x28, 0x0E, 0x82, 0x42, 0x6D,
    0xF0, 0xA8, 0x08, 0xBD, 0xD2, 0x01, 0x84, 0x86, 0xD0, 0x19, 0x24, 0x68, 0x0D, 0xB8, 0xAB, 0x2B,
    0x58, 0xAE, 0x90, 0x7A, 0x28, 0x79, 0x8A, 0x59, 0xD9, 0x83, 0x81, 0xBE, 0x02, 0x7A, 0x64, 0xAA,
    0x22, 0x24, 0xB7, 0x71, 0xB8, 0xCF, 0x23, 0x3A, 0xBD, 0x66, 0xAA, 0x5D, 0xFA, 0x08, 0x57, 0x76,
    0xF3, 0xAB, 0x97, 0xCE, 0x3A, 0xA1, 0x17, 0xE0, 0xF2, 0x87, 0xE4, 0x12, 0x44, 0x41, 0xEF, 0x24,
    0x7F, 0xF4, 0x37, 0xA6, 0xFF, 0xE4, 0x7B, 0xA6, 0xBF, 0xDC, 0x5D, 0x7C, 0x54, 0x8E, 0x51, 0x1D,
    0x7E, 0x8D, 0x91, 0xF3, 0x7F, 0xFA, 0xD8, 0x5E, 0x99, 0x7F, 0xFE, 0x2F, 0x93, 0x2B, 0xC6, 0xF7,
    0x5F, 0x19, 0x5D, 0xF9, 0xE4, 0x83, 0x57, 0x3A, 0x17, 0x9E, 0xBC, 0xC7, 0xBD, 0xC6, 0x8F, 0x7F,
    0x64, 0x83, 0x9F, 0xFE, 0x83, 0xED, 0xE5, 0xE9, 0x9F, 0x9B, 0x0B, 0xDF, 0x7C, 0xEE, 0xFF, 0xF2,
    0x06, 0x4A, 0x41, 0x27, 0x93, 0x86, 0x7D, 0x61, 0xE0, 0x62, 0x1B, 0x14, 0xE7, 0x55, 0x3C, 0x58,
    0x2A, 0x24, 0x07, 0xE9, 0x7E, 0xD5, 0x94, 0x2F, 0x78, 0x3D, 0x53, 0x72, 0xD3, 0x37, 0x5E, 0x94,
    0xFB, 0xB3, 0x4C, 0x46, 0x6D, 0x5F, 0xF2, 0xAD, 0x51, 0xE8, 0xCA, 0xF1, 0xD9, 0xC3, 0x01, 0x4D,
    0xD4, 0xDC, 0x69, 0x86, 0x05, 0x35, 0x67, 0xC9, 0x47, 0x33, 0xAB, 0xE8, 0xA9, 0x19, 0x0A, 0xD4,
    0x57, 0x69, 0xE4, 0x56, 0x0B, 0x9D, 0x49, 0xFB, 0x79, 0x0B, 0xEA, 0xC9, 0x4C, 0x65, 0x77, 0xEA,
    0x62, 0xB4, 0x3C, 0x2B, 0x06, 0xD3, 0x65, 0xBF, 0x6A, 0xB4, 0x6E, 0x47, 0xDD, 0x70, 0x42, 0xB3,
    0x1D, 0x2D, 0x7B, 0xA5, 0xF8, 0xC9, 0x6E, 0x56, 0x22, 0xB2, 0x55, 0xFC, 0xE0, 0xB1, 0x79, 0xD8,
    0xC5, 0xFF, 0x54, 0x31, 0x7D, 0xAA, 0x25, 0x48, 0x78, 0xFB, 0x7F, 0x00, 0xC5, 0x7C, 0x0F, 0xA8,
    0x27, 0xD7, 0x75, 0xDE, 0x37, 0x33, 0xD6, 0x8E, 0xB2, 0x23, 0xEF, 0x15, 0x20, 0x81, 0x62, 0xAD,
    0x76, 0xB6, 0x41, 0xA5, 0x8E, 0xAD, 0x7D, 0x23, 0x40, 0x50, 0x51, 0xDE, 0x7B, 0x33, 0x92, 0xC0,
    0xA2, 0x35, 0xE0, 0x05, 0xF4, 0x6C, 0x88, 0xA1, 0x31, 0x90, 0x02, 0x49, 0x20, 0x2B, 0x40, 0xC0,
    0x23, 0x7D, 0xBB, 0x33, 0xF2, 0x42, 0x4B, 0x31, 0xE0, 0x07, 0xAD, 0x5A, 0xDA, 0x94, 0x46, 0x50,
    0xA5, 0xD4, 0x4F, 0x50, 0x09, 0xD8, 0x86, 0x17, 0xB2, 0xBB, 0x73, 0x57, 0x2A, 0x84, 0x12, 0x40,
    0x23, 0x0B, 0x63, 0x0A, 0xB4, 0x19, 0xD9, 0x52, 0x52, 0x3B, 0xA5, 0xBA, 0x4E, 0x46, 0xF1, 0x48,
    0x3B, 0x33, 0xA7, 0xF7, 0x3B, 0x73, 0x9F, 0xF2, 0x5B, 0x5B, 0x49, 0x1C, 0x8A, 0x93, 0xD1, 0xDB,
    0xEF, 0x3B, 0x6F, 0xFE, 0xDC, 0x7B, 0xCE, 0xBD, 0xE7, 0x9C, 0x7B, 0xEE, 0xCC, 0x43, 0x08, 0x47,
    0xFD, 0xED, 0x0A, 0x99, 0x4D, 0x16, 0xA9, 0x50, 0x54, 0xC6, 0xB5, 0xC0, 0x15, 0xE4, 0x56, 0x80,
    0x09, 0xA5, 0xA7, 0x64, 0x40, 0x5D, 0x2D, 0x48, 0x7B, 0xB4, 0x4F, 0xCC, 0x30, 0x16, 0x6D, 0xEC,
    0x2F, 0x00, 0x92, 0x4C, 0xB8, 0x01, 0xB4, 0xE9, 0x14, 0x8D, 0x40, 0xFD, 0xCA, 0xF2, 0xBA, 0x03,
    0xCA, 0xF7, 0xE5, 0xEB, 0x1D, 0x70, 0x57, 0x75, 0x5F, 0xDE, 0x80, 0x47, 0xA9, 0x88, 0x09, 0xCF,
    0x78, 0x8C, 0x87, 0x5C, 0x1A, 0x20, 0x75, 0xCB, 0xA5, 0x1E, 0x30, 0xAF, 0x8F, 0xC6, 0x53, 0xF9,
    0xB4, 0x33, 0xD6, 0xF7, 0x69, 0xDC, 0x5D, 0xBC, 0x31, 0xEF, 0x3D, 0x26, 0x4E, 0x29, 0xEB, 0xF2,
    0xCE, 0x53, 0x6E, 0xF5, 0xB7, 0x12, 0xC6, 0x65, 0xC0, 0x8C, 0x6C, 0x69, 0x11, 0x8F, 0x88, 0x64,
    0x02, 0xC0, 0xCE, 0xF0, 0xD7, 0x33, 0x25, 0xF3, 0xA6, 0x44, 0x6A, 0x8A, 0xFC, 0x44, 0xA6, 0x14,
    0xCD, 0xDA, 0xF8, 0x9D, 0xA6, 0x14, 0xD2, 0x01, 0x69, 0xBF, 0x5C, 0x72, 0x80, 0x79, 0x6D, 0xCA,
    0xF8, 0xC8, 0x93, 0xF3, 0xE9, 0x0A, 0xB8, 0x19, 0xF3, 0x52, 0x34, 0x41, 0x16, 0x9A, 0x82, 0x42,
    0x1A, 0x6F, 0x0A, 0x62, 0xB1, 0xC8, 0x1B, 0x63, 0x4B, 0x8B, 0x12, 0x05, 0x69, 0x46, 0xFE, 0xBE,
    0x9A, 0x92, 0xC9, 0x08, 0x1E, 0xF7, 0x2B, 0xEA, 0x71, 0x49, 0x3E, 0x00, 0x52, 0x11, 0x69, 0x50,
    0xF4, 0x78, 0x10, 0x68, 0x79, 0x36, 0x12, 0x62, 0xF2, 0x07, 0xC4, 0xEC, 0xEB, 0x44, 0x63, 0x88,
    0xB9, 0xE2, 0x05, 0xC5, 0xED, 0x9F, 0x18, 0x77, 0x14, 0xB7, 0x36, 0x5A, 0x30, 0x5F, 0x20, 0xA6,
    0x6F, 0x10, 0x13, 0x21, 0x62, 0xC5, 0xBA, 0x41, 0x04, 0x64, 0x72, 0x24, 0x40, 0xD4, 0x8A, 0xC0,
    0xD3, 0x1E, 0xC2, 0x11, 0x5D, 0x44, 0xC2, 0x89, 0x3D, 0x25, 0x72, 0x98, 0xCB, 0x00, 0xD4, 0x22,
    0x63, 0xF9, 0xAF, 0x27, 0xC4, 0xD2, 0xD5, 0xF3, 0x4D, 0xDC, 0x84, 0xF1, 0xA6, 0x2E, 0x1C, 0xEB,
    0x72, 0x80, 0x51, 0x41, 0x7A, 0x64, 0xB3, 0x17, 0x12, 0xB1, 0xC8, 0x06, 0x7F, 0x4F, 0x2A, 0x95,
    0x1F, 0xEC, 0xF2, 0xDB, 0x93, 0x11, 0xD5, 0x47, 0x86, 0x62, 0xA6, 0x10, 0x4B, 0x53, 0x4E, 0x27,
    0xF3, 0x7B, 0x22, 0xB4, 0x63, 0x10, 0x64, 0x38, 0x11, 0xDC, 0x5F, 0x24, 0x44, 0x7F, 0xE1, 0xA5,
    0x8D, 0xC7, 0xDB, 0xC9, 0xAB, 0x4F, 0xA1, 0x5C, 0x80, 0x7C, 0x55, 0xA0, 0x8B, 0x54, 0x81, 0x4C,
    0x44, 0xA6, 0xB5, 0x21, 0x91, 0x1E, 0xEB, 0xB5, 0xA5, 0xC2, 0x3A, 0x63, 0x64, 0x5E, 0x50, 0x4D,
    0x25, 0xA8, 0x7E, 0xB8, 0x3E, 0x07, 0xA5, 0x45, 0xA9, 0x95, 0x77, 0xF4, 0x92, 0x48, 0xC3, 0x5F,
    0x66, 0xE9, 0x91, 0xC8, 0xA5, 0xA9, 0x76, 0x30, 0x73, 0x39, 0x96, 0x0E, 0xC5, 0x58, 0x0E, 0x74,
    0x0D, 0x57, 0xBA, 0xFB, 0x80, 0xDA, 0xF9, 0x2B, 0x9E, 0xFA, 0x96, 0xD4, 0xF6, 0xD2, 0xEB, 0x6F,
    0xD2, 0x91, 0x7E, 0x20, 0x96, 0x9A, 0x7A, 0xFA, 0x04, 0x90, 0x7F, 0x28, 0xCD, 0x7E, 0x44, 0x2D,
    0x7F, 0x63, 0x34, 0x15, 0x75, 0xE8, 0x73, 0xA0, 0x90, 0xEF, 0xA1, 0x5C, 0x75, 0xB8, 0x02, 0x98,
    0x85, 0x71, 0x83, 0x62, 0xD9, 0xFB, 0xD2, 0x04, 0x23, 0xFE, 0x08, 0x34, 0x02, 0x0F, 0x2E, 0xC0,
    0x31, 0x4D, 0xB0, 0xD1, 0x80, 0x74, 0x2C, 0x6C, 0xD2, 0x23, 0x77, 0xB9, 0x35, 0x16, 0x65, 0x77,
    0x0E, 0x45, 0x85, 0xDA, 0x6A, 0x23, 0xAD, 0xA7, 0xC9, 0x53, 0x83, 0xD8, 0xE9, 0x6F, 0x69, 0x0F,
    0xD4, 0xDD, 0x43, 0x8C, 0xDE, 0xF2, 0xC3, 0xB9, 0x00, 0x60, 0x64, 0xBC, 0xEC, 0x29, 0x3A, 0x6A,
    0xD6, 0xF9, 0x49, 0x9C, 0x52, 0xD6, 0x69, 0x8C, 0x9A, 0xE7, 0xDB, 0x99, 0x7A, 0x67, 0x0B, 0xC7,
    0xE0, 0x46, 0xD1, 0x97, 0x16, 0xD1, 0x58, 0xDB, 0xB2, 0x43, 0xE2, 0xA4, 0xF2, 0x94, 0xDD, 0x12,
    0x78, 0xCA, 0xBF, 0xBA, 0x80, 0x43, 0x11, 0x2F, 0xF4, 0xBB, 0xC9, 0x93, 0x20, 0x1A, 0x22, 0x89,
    0x67, 0x78, 0xE5, 0xDA, 0xF7, 0x06, 0x18, 0xAB, 0x51, 0xC5, 0xE3, 0x22, 0x87, 0x75, 0x06, 0x46,
    0x44, 0xBE, 0xDD, 0xC4, 0x21, 0x75, 0xA5, 0xCD, 0x3A, 0x98, 0xBE, 0xAC, 0xF2, 0x06, 0x85, 0xFD,
    0x34, 0x4A, 0xB0, 0x39, 0xDC, 0x58, 0xDD, 0x78, 0x54, 0x4A, 0x9C, 0x92, 0x2A, 0x6F, 0xEF, 0x29,
    0x2A, 0x06, 0xFC, 0xF5, 0x5A, 0x6D, 0x18, 0x26, 0xB5, 0xE1, 0xC9, 0xD5, 0x37, 0xD2, 0x5E, 0xC9,
    0x58, 0xA5, 0xB2, 0x98, 0xD2, 0x01, 0xB8, 0xF9, 0xE0, 0x98, 0x0D, 0x88, 0xA6, 0x74, 0x34, 0x0E,
    0x89, 0xCB, 0x06, 0x4F, 0x59, 0x67, 0x9C, 0xE9, 0x19, 0xE2, 0x2E, 0xEF, 0x98, 0xAD, 0xFA, 0xC2,
    0x62, 0x42, 0xDE, 0x95, 0x36, 0x1E, 0x51, 0x74, 0xB5, 0x4D, 0x1D, 0x8A, 0xB7, 0xE5, 0xBF, 0x19,
    0x8B, 0x5C, 0xEA, 0xA9, 0xA8, 0x60, 0xC6, 0xC2, 0xE1, 0xCE, 0xE3, 0x94, 0xBA, 0x56, 0x2B, 0xE2,
    0x90, 0xCA, 0x61, 0x3B, 0xD1, 0xB6, 0x62, 0x46, 0x39, 0x52, 0x68, 0xBD, 0xE5, 0x13, 0x5A, 0x07,
    0xE3, 0xE8, 0xC3, 0x77, 0x9D, 0x78, 0x72, 0x4D, 0xE4, 0x3D, 0x9B, 0xFE, 0xE6, 0xD4, 0x75, 0x7B,
    0x2F, 0x2E, 0x7B, 0x15, 0x52, 0xF5, 0x19, 0xA3, 0x17, 0xD7, 0x78, 0xAA, 0x47, 0xC5, 0x81, 0xD8,
    0x12, 0x55, 0x4E, 0x2A, 0x5E, 0xCD, 0xAB, 0x52, 0x98, 0x6C, 0x8C, 0x7C, 0xD8, 0xCE, 0x48, 0x44,
    0x18, 0x28, 0x97, 0x54, 0x35, 0xF8, 0xC6, 0x36, 0xD3, 0xD4, 0x3B, 0x21, 0x44, 0x40, 0xFF, 0xFA,
    0x9C, 0x74, 0xDA, 0x30, 0x5B, 0x6A, 0x7B, 0x14, 0x93, 0x3A, 0x8A, 0x99, 0x75, 0x02, 0xD8, 0x79,
    0x56, 0x61, 0x8D, 0xEF, 0xBF, 0x84, 0x3E, 0x73, 0xF4, 0x0A, 0xA9, 0x5E, 0x1B, 0xFD, 0x95, 0xA3,
    0x96, 0xA4, 0x91, 0xA9, 0x34, 0x87, 0x80, 0x55, 0x92, 0x11, 0xF9, 0x1A, 0xE2, 0x75, 0x85, 0x44,
    0x7A, 0xB4, 0x8D, 0x9A, 0x2A, 0x56, 0xDB, 0x6A, 0x9D, 0x1A, 0x5B, 0xCE, 0xB1, 0x38, 0xA8, 0xCB,
    0x57, 0x40, 0xA4, 0xD6, 0x78, 0x7E, 0x06, 0x9B, 0x47, 0x24, 0x3D, 0xA3, 0x47, 0x96, 0x54, 0xA6,
    0x44, 0x05, 0xF3, 0xAE, 0x78, 0x03, 0x8F, 0x5E, 0x9E, 0x8B, 0xAA, 0xA8, 0x8C, 0x20, 0x9A, 0x4B,
    0x4E, 0xAF, 0x00, 0x53, 0x09, 0xD3, 0xE4, 0x8B, 0x0A, 0x79, 0x53, 0xD0, 0xFD, 0x8A, 0xA6, 0xD4,
    0xA1, 0x03, 0x9F, 0x52, 0xC1, 0xB7, 0x13, 0xE6, 0xA4, 0xED, 0xC3, 0x68, 0x87, 0xA1, 0xD6, 0x43,
    0xDE, 0xDF, 0xBB, 0xA8, 0x82, 0x86, 0x63, 0x10, 0xC6, 0x55, 0x93, 0x8E, 0x04, 0x5D, 0x32, 0xF4,
    0x48, 0x7E, 0x4C, 0x48, 0xA5, 0x51, 0x46, 0x26, 0xD5, 0x89, 0xB0, 0x32, 0xCC, 0x8F, 0x09, 0x75,
    0xB8, 0xC7, 0xB0, 0xA7, 0x20, 0x8C, 0xC1, 0xDF, 0xC6, 0xD3, 0x2F, 0xF2, 0x8E, 0xAB, 0x65, 0x0F,
    0xC4, 0x4B, 0xCC, 0x28, 0xCF, 0xA6, 0x84, 0x0F, 0x14, 0x2E, 0xD1, 0x79, 0xE8, 0xD2, 0x99, 0x3A,
    0x59, 0x33, 0xB1, 0xFF, 0x2A, 0x77, 0xC0, 0x19, 0x41, 0xD9, 0x57, 0x88, 0x67, 0xD4, 0xB7, 0x1A,
    0x24, 0x13, 0xE4, 0x73, 0x40, 0x32, 0x24, 0xF2, 0x00, 0x10, 0xBB, 0x6C, 0xFE, 0x0A, 0x10, 0xB9,
    0xCF, 0x2E, 0x54, 0xF1, 0xB7, 0x7F, 0x43, 0xBB, 0xFC, 0x44, 0xEE, 0x48, 0x51, 0xDB, 0x91, 0xCE,
    0xD5, 0x0D, 0xE9, 0xD5, 0x96, 0x98, 0x56, 0x0B, 0x69, 0x3B, 0x9E, 0x48, 0x2E, 0x19, 0x79, 0xCE,
    0x66, 0x8E, 0x7A, 0xC2, 0x74, 0xBC, 0x84, 0xB2, 0x51, 0xD2, 0x35, 0xF8, 0x71, 0x4C, 0x4A, 0x49,
    0x4F, 0xFA, 0x64, 0x5E, 0x91, 0xA2, 0x43, 0xDC, 0x71, 0x6C, 0x55, 0x27, 0x52, 0xDC, 0x75, 0xCA,
    0xB8, 0x1B, 0x06, 0xB4, 0x35, 0x02, 0x9E, 0xC5, 0x36, 0x78, 0xF6, 0xEF, 0xD9, 0xC8, 0xC2, 0xC5,
    0x16, 0x88, 0xAE, 0xDA, 0xAC, 0x4A, 0xBA, 0xA4, 0x01, 0xEE, 0xCA, 0x6C, 0x01, 0xD3, 0x18, 0x00,
    0xBE, 0x8C, 0xB9, 0x81, 0x02, 0xDB, 0xCC, 0x33, 0xE5, 0xA9, 0x03, 0x5C, 0x06, 0xB5, 0x6A, 0xB6,
    0x1F, 0x1E, 0x31, 0x25, 0x16, 0x88, 0xB1, 0x7B, 0x75, 0x48, 0x86, 0x73, 0x50, 0x13, 0x53, 0x97,
    0xBA, 0x17, 0xC3, 0xD0, 0xF7, 0xE6, 0xFB, 0x58, 0x8F, 0xBC, 0x2B, 0xBA, 0x20, 0x96, 0xB7, 0xA4,
    0x0A, 0x62, 0xFD, 0xBF, 0x05, 0xE1, 0x10, 0xDA, 0x1F, 0xA6, 0x30, 0x9E, 0x82, 0xF8, 0x1F, 0x97,
    0x64, 0xD4, 0xF9, 0x39, 0x8C, 0x53, 0x4D, 0x39, 0x40, 0xEE, 0x1E, 0x30, 0xA3, 0x59, 0x43, 0x7D,
    0x38, 0x9F, 0x33, 0xD9, 0x50, 0x74, 0x28, 0xBB, 0xBC, 0x8B, 0x2A, 0x60, 0xB7, 0x41, 0xDD, 0xE4,
    0x96, 0xEB, 0xD8, 0x63, 0xC0, 0x82, 0xBC, 0xF1, 0xD3, 0x81, 0x87, 0xE1, 0x5B, 0x32, 0x95, 0x9F,
    0x12, 0xDC, 0x03, 0x26, 0xC6, 0x27, 0x1B, 0x8E, 0xCA, 0x0B, 0x37, 0x80, 0xE4, 0xDF, 0x86, 0x45,
    0x2C, 0xE4, 0x51, 0x1E, 0x1D, 0xEE, 0xF5, 0x98, 0xCE, 0x11, 0x95, 0x2E, 0x44, 0x2A, 0xCE, 0xA1,
    0x4C, 0x3A, 0x90, 0x85, 0x56, 0x65, 0x16, 0x3C, 0x4E, 0x0A, 0xBC, 0xEA, 0x84, 0xA4, 0xF7, 0xD4,
    0xA4, 0x22, 0x9E, 0xEC, 0xD6, 0xCB, 0x62, 0x51, 0x74, 0x2F, 0xC2, 0x53, 0xFE, 0xA7, 0x8D, 0x86,
    0xBF, 0xC0, 0x9F, 0xF1, 0x2D, 0x73, 0x48, 0x90, 0x78, 0x32, 0x3D, 0xA2, 0x45, 0x09, 0xED, 0x4A,
    0x65, 0xA0, 0x4A, 0x29, 0x87, 0x4E, 0xFF, 0x39, 0xA5, 0x6B, 0x8F, 0x78, 0xB2, 0xC9, 0xF2, 0x28,
    0xC9, 0x88, 0x25, 0x3D, 0x5E, 0x57, 0x54, 0xA4, 0x39, 0x43, 0x55, 0x57, 0x45, 0x76, 0x14, 0x9B,
    0x57, 0x89, 0xF1, 0x6D, 0x4B, 0x4A, 0xC2, 0xF0, 0x7E, 0x65, 0x2D, 0x20, 0x64, 0x50, 0x1C, 0xF7,
    0xB7, 0x01, 0x77, 0xAC, 0xB8, 0xFF, 0xD7, 0xC6, 0x52, 0x24, 0xA0, 0x9E, 0xF9, 0xFF, 0xC3, 0x55,
    0x9F, 0x15, 0x71, 0x74, 0x54, 0x01, 0xF1, 0x9A, 0xA8, 0xD6, 0xCC, 0x67, 0x36, 0x71, 0x21, 0xE6,
    0x33, 0xB1, 0x98, 0xD6, 0x64, 0xCE, 0x3C, 0x56, 0x8E, 0x85, 0x54, 0xA8, 0x07, 0x11, 0x8B, 0xF6,
    0x87, 0x22, 0x1D, 0xDA, 0xDB, 0x4F, 0x4A, 0x0F, 0x59, 0x22, 0xE2, 0x14, 0x49, 0x17, 0x89, 0xF3,
    0x18, 0x33, 0xCB, 0xD9, 0x44, 0xBA, 0xC4, 0x23, 0x7F, 0x1A, 0xFF, 0x93, 0x4A, 0xA5, 0x3F, 0xC8,
    0xF4, 0xC7, 0xAC, 0x3F, 0x0B, 0x7F, 0xF2, 0x59, 0x71, 0x22, 0x16, 0x1E, 0xE5, 0x95, 0x92, 0xF5,
    0xEA, 0xEC, 0xD1, 0x37, 0x15, 0x8A, 0xD6, 0x8F, 0xD3, 0x39, 0x53, 0x6C, 0x15, 0xA9, 0x74, 0xBE,
    0xD6, 0x2E, 0xB3, 0xE6, 0x2E, 0xEA, 0x9C, 0x09, 0x75, 0x3E, 0xF3, 0xB7, 0xA5, 0xF3, 0xE6, 0x11,
    0xBD, 0x7C, 0xA8, 0xFC, 0x6B, 0x77, 0x2B, 0x65, 0xDD, 0xB3, 0xCA, 0x37, 0xA2, 0x8E, 0x94, 0xBA,
    0xC4, 0x92, 0x8B, 0xC6, 0x54, 0xE4, 0x9B, 0x28, 0x48, 0xF1, 0x88, 0x2B, 0xEB, 0x65, 0xCC, 0x64,
    0x63, 0xD7, 0xE0, 0xCD, 0x9B, 0x74, 0x3C, 0xCF, 0xDB, 0x61, 0xDC, 0xCA, 0xB9, 0x63, 0x48, 0x6D,
    0xA1, 0xEC, 0x19, 0x64, 0x0F, 0xA1, 0xB6, 0x0D, 0x13, 0x17, 0xE4, 0x16, 0xDB, 0x3B, 0x1D, 0xCB,
    0xE7, 0xB4, 0xBD, 0xAB, 0xF2, 0x4B, 0x8C, 0x77, 0x5C, 0x12, 0x7A, 0xB5, 0x83, 0x99, 0x34, 0xD2,
    0x51, 0x0C, 0x21, 0xCC, 0x7B, 0x68, 0x8C, 0x8B, 0xD5, 0x00, 0x8F, 0x04, 0x1A, 0xDD, 0xE9, 0x44,
    0xBE, 0x87, 0x41, 0x15, 0xE2, 0x3A, 0x04, 0xF5, 0xCA, 0x85, 0x37, 0x2D, 0x92, 0x19, 0x67, 0x13,
    0x91, 0x77, 0xFB, 0xEC, 0x0F, 0x45, 0xAA, 0x73, 0xC8, 0xA6, 0xF3, 0x8F, 0x03, 0x17, 0x69, 0x67,
    0x5A, 0x1D, 0x86, 0x8A, 0xB7, 0x26, 0xB4, 0x77, 0x42, 0xAD, 0x50, 0x51, 0x01, 0x85, 0xE6, 0x63,
    0x40, 0x2F, 0x00, 0x16, 0xBB, 0x88, 0x3B, 0x1C, 0x20, 0x73, 0x70, 0xC8, 0xC7, 0xA4, 0xC1, 0xDF,
    0x97, 0x19, 0xA8, 0xEA, 0x9E, 0xC9, 0x11, 0x77, 0x1C, 0x0F, 0x1E, 0x35, 0xBF, 0xDE, 0x01, 0x71,
    0x8F, 0xC4, 0x3E, 0xBB, 0x46, 0x3A, 0x3C, 0xEF, 0x03, 0x3B, 0x9E, 0x23, 0x07, 0x4C, 0x78, 0xD5,
    0x5F, 0x43, 0x3C, 0xA0, 0x43, 0xD6, 0x20, 0x75, 0x91, 0x85, 0x61, 0x7A, 0x48, 0x2A, 0x72, 0x6E,
    0x53, 0x0F, 0x5A, 0xBC, 0x69, 0x86, 0x68, 0x9B, 0x87, 0x81, 0x33, 0x80, 0xE0, 0x90, 0x6D, 0xC5,
    0x12, 0x57, 0xB4, 0x2D, 0x99, 0x7F, 0x06, 0x40, 0x62, 0xB3, 0x49, 0x13, 0xF3, 0x35, 0x23, 0x15,
    0x39, 0x93, 0x81, 0xC4, 0x61, 0x5D, 0x59, 0x75, 0xA4, 0xD1, 0x76, 0x65, 0x69, 0x94, 0x62, 0x01,
    0x1A, 0x7C, 0xE6, 0x97, 0x93, 0x19, 0xBE, 0xBD, 0x8B, 0xD1, 0x1F, 0x8F, 0x38, 0xC5, 0x33, 0x45,
    0x87, 0x07, 0x80, 0xF3, 0x7C, 0xCC, 0xB7, 0xFB, 0xA9, 0x2F, 0xBE, 0xB3, 0xF5, 0x65, 0xB6, 0xFB,
    0x0C, 0xB7, 0x42, 0x3C, 0xF6, 0x4E, 0xFA, 0x28, 0x97, 0x89, 0xE5, 0xD9, 0x16, 0x20, 0x2E, 0xF7,
    0xD0, 0x9B, 0x8F, 0x01, 0xBD, 0xB0, 0x45, 0xD8, 0x21, 0x1C, 0x7B, 0xF8, 0x8E, 0xF3, 0xF0, 0x9E,
    0xF5, 0x20, 0x9C, 0xBE, 0x91, 0x95, 0x56, 0x0F, 0x2C, 0x84, 0x43, 0x02, 0x36, 0x21, 0xB1, 0x2B,
    0xB4, 0x2E, 0x6B, 0x50, 0x8F, 0x79, 0x85, 0x82, 0x31, 0x97, 0xCA, 0x18, 0x1C, 0x21, 0x0C, 0x3A,
    0x0B, 0xB8, 0x58, 0x3E, 0x94, 0x11, 0x66, 0xF0, 0x42, 0xC5, 0xF9, 0x2B, 0x2C, 0xBD, 0x38, 0xED,
    0xD4, 0x8B, 0x1A, 0x45, 0x4C, 0xC6, 0x15, 0xBD, 0x62, 0x87, 0x1B, 0x39, 0xEB, 0xF4, 0xB2, 0xE8,
    0x3C, 0xE6, 0x62, 0x6B, 0xAD, 0xAF, 0xDA, 0x8A, 0x65, 0xE5, 0x5A, 0xA5, 0x11, 0xDB, 0x2F, 0x53,
    0x13, 0x89, 0xD8, 0xAB, 0xC4, 0x73, 0xDB, 0x70, 0x4F, 0x9D, 0xDB, 0x68, 0x49, 0xA6, 0xAC, 0x8F,
    0xE7, 0x64, 0x4A, 0xFA, 0x64, 0x4A, 0xC7, 0xC4, 0xF9, 0xDF, 0xC7, 0xB4, 0x27, 0x66, 0x5D, 0xB2,
    0x64, 0xBC, 0x47, 0xB4, 0x2A, 0x6B, 0x67, 0x99, 0xB8, 0xDB, 0xF6, 0xDA, 0x6A, 0x54, 0x3D, 0xA7,
    0x15, 0xC2, 0x7E, 0xDD, 0x13, 0xF7, 0x47, 0xC5, 0xCB, 0x8A, 0x79, 0xE5, 0xF1, 0x20, 0xED, 0x78,
    0x35, 0x1A, 0x88, 0xF6, 0xC0, 0xE3, 0xAF, 0xBB, 0x82, 0x57, 0xAF, 0x67, 0xD6, 0x63, 0x11, 0x3B,
    0x8F, 0x99, 0xBD, 0xEE, 0x31, 0xE9, 0x4B, 0x8F, 0x18, 0x4D, 0xE3, 0x71, 0x37, 0xE9, 0x3D, 0x9A,
    0x66, 0xF4, 0x98, 0x74, 0xBB, 0x1E, 0x31, 0x98, 0xD1, 0xE3, 0xE5, 0x84, 0x98, 0x3F, 0x41, 0x4C,
    0xBB, 0x63, 0x8F, 0xB1, 0xE3, 0x55, 0x5C, 0x57, 0x2C, 0x78, 0x06, 0xD9, 0x48, 0x4C, 0x46, 0xE4,
    0xD2, 0x23, 0x57, 0x1F, 0x2A, 0xC4, 0xA1, 0x54, 0x89, 0xB3, 0x74, 0x6A, 0xA9, 0x4E, 0x8A, 0xD3,
    0x11, 0x2A, 0xCD, 0x80, 0x53, 0x49, 0x16, 0x44, 0xAB, 0x74, 0x5B, 0x10, 0xAB, 0x14, 0xFD, 0xA9,
    0x54, 0x49, 0xAF, 0xD2, 0x9F, 0x48, 0x93, 0xAC, 0xF1, 0xDB, 0x8B, 0x4D, 0x2D, 0x7E, 0xA5, 0xF2,
    0xEA, 0x49, 0x97, 0x5A, 0x23, 0x83, 0x97, 0x6A, 0x97, 0xD9, 0xFA, 0xDB, 0x33, 0x52, 0x5B, 0x3A,
    0xF3, 0xBC, 0x44, 0x0B, 0x32, 0x5B, 0x0C, 0xE6, 0xA9, 0x29, 0x12, 0x16, 0xA2, 0x53, 0x9E, 0x8D,
    0x94, 0x2A, 0x33, 0x15, 0x66, 0xA0, 0x84, 0x6C, 0xD9, 0x35, 0x2E, 0x9E, 0x91, 0x23, 0x91, 0x1D,
    0xE3, 0xC7, 0x1D, 0x85, 0x97, 0x2E, 0x1B, 0x97, 0x0D, 0xD8, 0x45, 0x24, 0x7E, 0x06, 0xF2, 0x9E,
    0xAB, 0xA5, 0x16, 0xBB, 0x0D, 0xB6, 0x81, 0x76, 0xD4, 0x2A, 0xF5, 0xE0, 0x64, 0x53, 0x80, 0xE9,
    0x24, 0x3E, 0x7C, 0x3B, 0x28, 0x5C, 0x21, 0xD2, 0xB7, 0xD2, 0xC3, 0xB8, 0x52, 0xA4, 0x13, 0xD1,
    0x3D, 0x96, 0x88, 0xDD, 0xD8, 0x0C, 0x0C, 0x38, 0x79, 0x69, 0x81, 0xE2, 0x7D, 0x5C, 0x1A, 0x00,
    0x01, 0xD7, 0xF8, 0x44, 0x87, 0xAA, 0xC9, 0xBA, 0xA3, 0xA3, 0x97, 0xB2, 0xCE, 0x34, 0x22, 0x92,
    0xB8, 0x02, 0xB9, 0x2D, 0x6E, 0x0D, 0xBB, 0x5C, 0xCF, 0xBB, 0xE9, 0xC0, 0x53, 0xD6, 0x1F, 0x5C,
    0xF7, 0x94, 0xF6, 0x3B, 0xA3, 0xFE, 0xB6, 0x4B, 0x32, 0x9D, 0x52, 0x61, 0x49, 0x22, 0x20, 0x7D,
    0xFF, 0x25, 0xEC, 0xF2, 0x4E, 0x60, 0xE7, 0x40, 0xE9, 0x60, 0x47, 0x89, 0xE5, 0xB8, 0x27, 0x1F,
    0x01, 0x22, 0x48, 0x9C, 0xB1, 0x47, 0x47, 0xC8, 0xBA, 0xD0, 0x3B, 0x16, 0xA8, 0x3E, 0xE5, 0x3B,
    0x78, 0x70, 0x5C, 0x37, 0x2D, 0xBA, 0x24, 0xC9, 0x07, 0x21, 0x66, 0x37, 0x8E, 0xB4, 0x5A, 0xF9,
    0xDC, 0x4A, 0xD8, 0x0F, 0xEC, 0x80, 0xE8, 0xB7, 0x00, 0xCE, 0x55, 0x21, 0x96, 0xB5, 0x50, 0xBC,
    0x70, 0x3F, 0x66, 0x99, 0xF6, 0x27, 0x0F, 0xD8, 0xE7, 0x68, 0x95, 0x55, 0xDC, 0x01, 0x8B, 0xE7,
    0x8C, 0x7D, 0x7A, 0xDE, 0xF6, 0xDC, 0x7A, 0x76, 0xE4, 0xAA, 0x7C, 0xD2, 0xAE, 0xFC, 0xB5, 0x4A,
    0xB9, 0xF8, 0x9F, 0xD0, 0xFB, 0xF2, 0x11, 0x2D, 0xD9, 0xB8, 0x48, 0x2A, 0x2C, 0x48, 0xC7, 0x58,
    0xD8, 0x5E, 0x32, 0x29, 0xB0, 0x40, 0xEC, 0x91, 0x0E, 0x38, 0xD3, 0x3E, 0xDF, 0xC3, 0xF4, 0x38,
    0x5B, 0x76, 0x0E, 0xA5, 0xC5, 0x76, 0xEE, 0xAE, 0xB0, 0x94, 0x7A, 0xDC, 0xC7, 0x15, 0x77, 0x64,
    0x8F, 0x25, 0x93, 0xDA, 0xF3, 0x2C, 0x67, 0x8E, 0x8C, 0x45, 0xF9, 0xB1, 0xC0, 0x8F, 0xE3, 0xA6,
    0xF2, 0x05, 0xDC, 0x50, 0x36, 0xD5, 0xA4, 0x9C, 0xDC, 0x1E, 0x94, 0x51, 0x77, 0xD8, 0x3C, 0x6A,
    0x59, 0x5E, 0xF2, 0x20, 0x52, 0xED, 0xEF, 0xA0, 0xED, 0x7D, 0xD9, 0xF2, 0x5F, 0x07, 0x0F, 0xD7,
    0x0E, 0x08, 0x3B, 0x84, 0xAD, 0x3B, 0xE1, 0x02, 0x61, 0x9B, 0x70, 0xEC, 0xE1, 0xB7, 0xDD, 0xFE,
    0xCE, 0x9E, 0xD8, 0xFD, 0x52, 0x66, 0xEC, 0xEF, 0x1E, 0x5D, 0x84, 0x3F, 0x87, 0x9F, 0x18, 0xEA,
    0x29, 0x40, 0x38, 0xB4, 0xC8, 0x38, 0xD4, 0x62, 0xE8, 0xE5, 0x59, 0x97, 0x27, 0x4E, 0x2E, 0xCD,
    0xCF, 0x7B, 0xA4, 0xFF, 0x17, 0x38, 0x37, 0xC2, 0xFC, 0x63, 0x4F, 0xDB, 0xC8, 0xCF, 0x79, 0x3A,
    0x87, 0x1D, 0x92, 0xC1, 0x36, 0x29, 0xAB, 0xF6, 0x49, 0x69, 0x73, 0x4C, 0x4A, 0xEC, 0xB5, 0xBF,
    0x9A, 0xC2, 0x9D, 0xE1, 0xB9, 0xD0, 0x4A, 0x68, 0xF3, 0x1C, 0x29, 0x5F, 0xFB, 0xDB, 0x41, 0xFA,
    0xBF, 0x3C, 0x1D, 0x23, 0xA6, 0x2E, 0x4E, 0x97, 0xD0, 0xC2, 0x7A, 0xF1, 0x83, 0x5F, 0x58, 0x34,
    0x41, 0xC8, 0x0C, 0xF2, 0x98, 0x57, 0xE4, 0x83, 0xB4, 0x27, 0x15, 0xD1, 0x48, 0x32, 0xCD, 0x5A,
    0x4D, 0x7C, 0xEB, 0x92, 0x96, 0xE7, 0x22, 0x4E, 0x9D, 0x52, 0xF7, 0x88, 0xE1, 0xD0, 0xDD, 0xF0,
    0xD1, 0xAB, 0xE4, 0xD3, 0x15, 0x32, 0x9D, 0xAA, 0x17, 0xFD, 0xA4, 0xEE, 0x60, 0x7D, 0x79, 0xD5,
    0xB1, 0x06, 0x7E, 0x38, 0x42, 0xD2, 0x30, 0x08, 0x9A, 0xB8, 0x32, 0xF0, 0x42, 0x8C, 0xB8, 0xB9,
    0xC0, 0xEA, 0xE0, 0x6E, 0x7F, 0xE1, 0x80, 0x67, 0xEE, 0x43, 0x5A, 0x8D, 0xD4, 0xEC, 0x3C, 0xB2,
    0x27, 0x07, 0x2E, 0xE0, 0x17, 0x61, 0x52, 0x47, 0x5F, 0x68, 0xB0, 0x6B, 0xFA, 0x78, 0xA0, 0x70,
    0x3D, 0xFF, 0x1F, 0xAC, 0xF1, 0xAB, 0xD8, 0x95, 0x7F, 0xC0, 0x4D, 0xFE, 0xF9, 0xCC, 0xD6, 0x0D,
    0x95, 0xFA, 0xD4, 0x02, 0xA9, 0x8E, 0xC3, 0x9E, 0x19, 0xC1, 0x71, 0x96, 0xC8, 0x0B, 0xA7, 0x1A,
    0xA4, 0x73, 0x3C, 0x85, 0xEA, 0x25, 0x19, 0xB5, 0x7C, 0xC9, 0x07, 0x6A, 0xAA, 0xF5, 0x8B, 0x71,
    0x3F, 0xA3, 0x9B, 0x14, 0x9B, 0xF7, 0x0F, 0x70, 0x8B, 0x22, 0x28, 0xBA, 0x47, 0xF1, 0x30, 0x98,
    0x9D, 0xAC, 0xC5, 0x3D, 0x74, 0xE9, 0xE2, 0x35, 0x16, 0x31, 0x37, 0x01, 0x33, 0x85, 0x42, 0x2D,
    0xAA, 0x36, 0x03, 0x53, 0x2A, 0x14, 0x3D, 0xA3, 0xAF, 0xD7, 0x65, 0xF1, 0xFD, 0x76, 0xCC, 0xFE,
    0xCD, 0x84, 0xA4, 0xC9, 0xA6, 0xB3, 0xBE, 0xE7, 0x0C, 0x7E, 0x87, 0x10, 0x4D, 0x8C, 0x5B, 0xE9,
    0x3C, 0x97, 0x5C, 0xD2, 0xA3, 0xF9, 0xDE, 0xB2, 0x62, 0x98, 0x48, 0x5F, 0x76, 0xE4, 0x2D, 0x18,
    0x47, 0x7E, 0x11, 0xE9, 0xC4, 0xB4, 0x54, 0x21, 0xF2, 0xFC, 0x3C, 0x57, 0xB5, 0xEB, 0x28, 0x5E,
    0x61, 0x1A, 0x3B, 0x46, 0xF1, 0xEE, 0xA5, 0x11, 0x70, 0x28, 0xAA, 0x64, 0x44, 0x6C, 0x51, 0xF0,
    0xA6, 0x53, 0xF0, 0xBC, 0xDA, 0xBC, 0x1B, 0x78, 0x27, 0xF0, 0x76, 0xE0, 0xE3, 0xC0, 0x0E, 0x98,
    0x81, 0xCB, 0x4C, 0x04, 0x82, 0x48, 0x3E, 0x0F, 0xCF, 0xFF, 0x27, 0x15, 0x75, 0xE6, 0xFE, 0xA1,
    0xC2, 0x69, 0x4E, 0x3A, 0x9F, 0xAE, 0xA5, 0xE0, 0x66, 0xA0, 0x11, 0x99, 0x42, 0x19, 0x6A, 0x0E,
    0x8C, 0xA1, 0x51, 0x71, 0x5B, 0x71, 0x47, 0x71, 0x6B, 0x13, 0x37, 0xCE, 0x1F, 0x28, 0x0E, 0xC4,
    0xB6, 0x07, 0x37, 0x28, 0x15, 0x71, 0x62, 0x28, 0x6D, 0x9F, 0x23, 0x7A, 0xD7, 0xF5, 0x68, 0x9E,
    0xB2, 0x1E, 0x93, 0x5B, 0xBD, 0xC7, 0xB8, 0xD7, 0xFB, 0x9D, 0xB6, 0x7F, 0xA0, 0xAD, 0xED, 0x98,
    0xCA, 0xA3, 0x49, 0xAD, 0xC7, 0xEC, 0xAB, 0x7D, 0x3D, 0x21, 0x11, 0xE7, 0x31, 0x92, 0x09, 0xB9,
    0xC8, 0xC2, 0xE8, 0x2B, 0xE4, 0xE4, 0x75, 0xCA, 0xAC, 0xAB, 0x3F, 0xDA, 0x21, 0x12, 0xA7, 0xBC,
    0xBE, 0x9F, 0x15, 0xA7, 0x0B, 0xE1, 0x09, 0x47, 0xD2, 0x2B, 0xC7, 0xD2, 0x41, 0x46, 0xB2, 0xE5,
    0x25, 0x24, 0x62, 0x79, 0x8A, 0xAC, 0x2F, 0x35, 0x3C, 0x14, 0x33, 0x34, 0x3F, 0x6B, 0xB3, 0x86,
    0xDD, 0xE4, 0xA3, 0xE7, 0x2F, 0x8B, 0xAD, 0xF9, 0xFE, 0x38, 0x91, 0xB7, 0x19, 0x60, 0x0B, 0x84,
    0xE9, 0xCA, 0xDF, 0xDC, 0x8A, 0xD5, 0xB7, 0x5A, 0xA5, 0x40, 0x39, 0xA7, 0x5E, 0xF5, 0xE8, 0xD9,
    0x7A, 0xF6, 0xEA, 0x88, 0xA3, 0x5A, 0xF1, 0x2C, 0x23, 0xBC, 0x8E, 0xC6, 0xB5, 0x7C, 0xE6, 0x07,
    0x62, 0x0B, 0x69, 0x44, 0xBE, 0x23, 0x38, 0xC5, 0x07, 0xF0, 0x00, 0xF4, 0x28, 0xBA, 0x50, 0x2D,
    0x55, 0xCA, 0x97, 0x9C, 0x52, 0xD2, 0x29, 0xA5, 0x8C, 0x67, 0xAE, 0x1C, 0x61, 0x00, 0xD4, 0xFE,
    0x9A, 0xBF, 0xB6, 0xE3, 0xEE, 0xDA, 0xCD, 0xB1, 0x0C, 0x34, 0x7A, 0xA0, 0x91, 0xF2, 0x03, 0xD7,
    0xB2, 0xCF, 0xEF, 0x76, 0x4A, 0xDF, 0xB6, 0xC2, 0x3D, 0xC8, 0x1B, 0x95, 0x38, 0x24, 0xF2, 0x46,
    0x24, 0xBD, 0xA7, 0xFF, 0xE2, 0x2D, 0x47, 0x2A, 0xD7, 0x73, 0x59, 0x8D, 0x1E, 0x82, 0xCD, 0xA4,
    0xDB, 0xD2, 0x90, 0xDE, 0x12, 0xED, 0xF6, 0xF5, 0xB5, 0xDB, 0x27, 0x74, 0xAB, 0x2D, 0x10, 0xE7,
    0x69, 0x81, 0x0C, 0x6A, 0x74, 0x3D, 0xD1, 0x66, 0x4A, 0x90, 0x81, 0xE7, 0x63, 0xE1, 0x08, 0x34,
    0xAD, 0x88, 0x4B, 0xC5, 0x89, 0x27, 0xDA, 0x62, 0x56, 0xAB, 0x72, 0x45, 0x6C, 0xAD, 0xB4, 0xBD,
    0xD2, 0x2F, 0x61, 0xE3, 0xE0, 0x44, 0x08, 0x0B, 0xEB, 0x3C, 0xE9, 0xEB, 0x06, 0x33, 0x76, 0x22,
    0x97, 0x73, 0x8F, 0xB3, 0x8D, 0x26, 0xEF, 0x92, 0xEB, 0x28, 0x81, 0x73, 0x7D, 0x7A, 0xC0, 0xAC,
    0x7B, 0xD6, 0x7D, 0xF2, 0x00, 0xA9, 0xE0, 0xEC, 0xF1, 0x3D, 0x2C, 0x1F, 0xBA, 0xB3, 0x07, 0x9F,
    0xF6, 0x9C, 0xBA, 0xB3, 0x3B, 0x8F, 0x1E, 0xE0, 0x3E, 0x0C, 0x67, 0xCF, 0x3D, 0x7B, 0x80, 0x6D,
    0xB8, 0xB3, 0xA6, 0x3B, 0x60, 0x3B, 0x8F, 0xB0, 0x34, 0xCB, 0x5F, 0xB6, 0x92, 0x5E, 0x95, 0x26,
    0xFA, 0x27, 0xD0, 0xA3, 0x95, 0x99, 0x93, 0x61, 0xF1, 0xFE, 0x7C, 0x50, 0xEF, 0xFD, 0xE0, 0x66,
    0x85, 0xEE, 0xF8, 0x9E, 0x1C, 0xCF, 0x6E, 0x03, 0xCD, 0xF1, 0xDD, 0x39, 0xCE, 0x53, 0xCB, 0x63,
    0x6A, 0xFE, 0xA3, 0x82, 0x54, 0x7F, 0xE1, 0x25, 0x0A, 0xCF, 0xAA, 0xF0, 0xF0, 0x36, 0x5E, 0x85,
    0xEF, 0x15, 0xCF, 0x79, 0x45, 0x32, 0x4E, 0xFC, 0x9F, 0xAD, 0x0E, 0x76, 0xD2, 0xFB, 0xA4, 0xD6,
    0xFA, 0xCE, 0x2F, 0xD1, 0x5A, 0xF6, 0x6D, 0xA3, 0x89, 0x5D, 0xD3, 0x5A, 0x36, 0xF6, 0x90, 0x4B,
    0x0E, 0xC8, 0x67, 0xDD, 0x69, 0x65, 0xB5, 0x96, 0xBC, 0xFD, 0xC0, 0xCA, 0x3B, 0x8F, 0xAD, 0x9C,
    0x3F, 0xBB, 0xB2, 0xE9, 0x3D, 0x5F, 0xC7, 0xD9, 0xCC, 0x1E, 0x80, 0x3D, 0x3E, 0xF5, 0x55, 0x4E,
    0xE7, 0xC9, 0x71, 0xDF, 0x4A, 0xE5, 0xA1, 0xD2, 0x83, 0x4B, 0xB5, 0xB9, 0x13, 0x49, 0xAC, 0x52,
    0xD6, 0x68, 0x36, 0xF8, 0x7A, 0x21, 0x63, 0x2B, 0xF2, 0x9B, 0xA5, 0x8C, 0xB9, 0xBC, 0xB3, 0xE3,
    0xDD, 0x35, 0x11, 0x7B, 0xE0, 0xB5, 0xF3, 0x34, 0xC4, 0x23, 0xC9, 0x25, 0x0E, 0xB1, 0x7C, 0xB3,
    0xCF, 0x3A, 0x44, 0xF2, 0x96, 0x35, 0xD6, 0xD3, 0x1F, 0x37, 0x5C, 0x11, 0x44, 0x70, 0x05, 0x4A,
    0x13, 0x69, 0x8E, 0x46, 0xD2, 0x94, 0xAC, 0xB1, 0x9A, 0xF5, 0x4A, 0xC6, 0x82, 0xA1, 0x52, 0x54,
    0x4A, 0xA5, 0x2A, 0x36, 0xDE, 0x58, 0x69, 0x54, 0xFA, 0xD0, 0x29, 0xDD, 0xEE, 0x49, 0xB5, 0x58,
    0x92, 0x48, 0xF8, 0xFE, 0xA1, 0x2A, 0xBF, 0x37, 0x2B, 0xBD, 0x31, 0xAD, 0x9F, 0xA7, 0x1C, 0xC9,
    0x84, 0x98, 0x5A, 0x69, 0x67, 0xA5, 0x83, 0x4D, 0x77, 0xD3, 0x70, 0x12, 0xBB, 0x22, 0x7F, 0x7D,
    0x9A, 0xB8, 0xA5, 0x7E, 0xBA, 0xAD, 0x6E, 0x3A, 0x70, 0x2E, 0x23, 0x77, 0xAC, 0xC3, 0xE2, 0xD8,
    0xF6, 0xD5, 0x0E, 0x60, 0x7A, 0x62, 0x93, 0x7A, 0xE3, 0x81, 0x3A, 0xB2, 0xE3, 0x8D, 0x71, 0xAF,
    0x37, 0xDE, 0x72, 0xBC, 0xE5, 0xA9, 0x8E, 0x2D, 0x72, 0x14, 0xC3, 0x37, 0xAF, 0xE3, 0x2D, 0x6D,
    0xEB, 0x40, 0x23, 0x5A, 0xCB, 0xD5, 0xD7, 0xF4, 0xC6, 0x44, 0x3B, 0xD5, 0x1B, 0x0F, 0xB4, 0xD3,
    0x56, 0xF5, 0x59, 0x51, 0x75, 0x24, 0x15, 0x2B, 0x95, 0x1F, 0xD1, 0x02, 0xE0, 0x4A, 0x95, 0x0E,
    0x00, 0x5D, 0xAB, 0xA1, 0xB2, 0xA1, 0xA4, 0x4A, 0x9D, 0x52, 0xD1, 0x28, 0xCD, 0x8A, 0xD9, 0x87,
    0x47, 0xDF, 0x80, 0x3E, 0x37, 0xAF, 0x3D, 0x4C, 0x9E, 0x34, 0xE2, 0xB9, 0xD2, 0xB7, 0x7A, 0x6B,
    0xA8, 0xD8, 0x8C, 0x53, 0xAA, 0x2B, 0x3D, 0x37, 0x85, 0x37, 0x89, 0x4A, 0xED, 0x4B, 0x7A, 0x4E,
    0xA4, 0x57, 0xD2, 0xB6, 0xA8, 0x5A, 0x45, 0x4A, 0xC5, 0x92, 0x12, 0x25, 0xCD, 0xB5, 0xA7, 0x2C,
    0x22, 0x4F, 0x85, 0xD5, 0x8C, 0x5B, 0xAF, 0xD4, 0x5A, 0x24, 0x52, 0xB1, 0xCC, 0xCB, 0x64, 0x5D,
    0x9C, 0x27, 0xA0, 0x58, 0x34, 0x91, 0xA7, 0xAB, 0x59, 0xB8, 0xC4, 0x22, 0x6B, 0xF3, 0x68, 0xD7,
    0x4A, 0x39, 0xA4, 0x3F, 0xB4, 0xCB, 0x17, 0x65, 0x64, 0x57, 0x9D, 0xBE, 0x94, 0x37, 0x52, 0xC1,
    0x08, 0x5B, 0x01, 0x9D, 0x5D, 0x5B, 0x4C, 0xD9, 0xD5, 0xB8, 0xB2, 0x0C, 0xCA, 0x5C, 0x23, 0x36,
    0x39, 0x26, 0x67, 0x81, 0x8D, 0x34, 0x81, 0x2B, 0xBD, 0x9E, 0x0B, 0x40, 0x66, 0xFB, 0x7C, 0x9E,
    0x6D, 0x95, 0x93, 0x2E, 0x25, 0xC8, 0x17, 0xED, 0xE6, 0x67, 0x53, 0xE9, 0xDA, 0xE9, 0x14, 0xB6,
    0xD0, 0x76, 0x72, 0x68, 0xB0, 0x8B, 0xD4, 0x0E, 0x28, 0x58, 0x7A, 0x37, 0x2E, 0xBA, 0xC9, 0xE8,
    0x79, 0x42, 0x64, 0x26, 0x47, 0x22, 0x13, 0x47, 0x3D, 0x26, 0xFB, 0x73, 0x9E, 0x47, 0x84, 0x43,
    0x07, 0xD2, 0x88, 0xB8, 0xC4, 0x5F, 0xF4, 0xDC, 0x6F, 0x72, 0xEE, 0x39, 0x75, 0xF4, 0x9D, 0xAC,
    0xCB, 0x2C, 0x86, 0x2D, 0x24, 0x9D, 0xA9, 0x22, 0xB7, 0xE3, 0xF9, 0x2E, 0xE4, 0xAE, 0x3C, 0x8C,
    0x2A, 0x8E, 0x35, 0x4D, 0x46, 0x31, 0xEB, 0x50, 0x40, 0x53, 0xBC, 0xD5, 0x7F, 0xD4, 0x37, 0x0B,
    0xE7, 0x8C, 0x80, 0xB6, 0xF0, 0x36, 0xE5, 0x72, 0xBA, 0x93, 0x6B, 0xCF, 0xB4, 0x9D, 0x1C, 0x07,
    0xD6, 0x21, 0x0E, 0xC3, 0x79, 0x32, 0xD4, 0x05, 0x87, 0x5A, 0xE5, 0x46, 0x87, 0x26, 0x91, 0x0F,
    0x2E, 0x79, 0x71, 0xFD, 0xF8, 0x7A, 0xF2, 0x25, 0x89, 0x7C, 0x37, 0x01, 0x0F, 0x2B, 0x5E, 0xD9,
    0xA3, 0xFF, 0xA9, 0xF7, 0xC6, 0xEB, 0xF2, 0x7A, 0xF4, 0x5B, 0xAD, 0x47, 0xC0, 0x28, 0x66, 0x9D,
    0xA2, 0x25, 0x9A, 0x86, 0x98, 0xFF, 0x79, 0xC0, 0x46, 0xBD, 0x9E, 0x78, 0x81, 0xA8, 0xCF, 0x26,
    0x22, 0x54, 0x12, 0xF9, 0xFC, 0x63, 0xDF, 0x8B, 0x5B, 0xC5, 0x7A, 0x13, 0x37, 0xCE, 0xDF, 0x54,
    0x9C, 0x35, 0x03, 0x4C, 0xC8, 0x66, 0x44, 0x03, 0xFE, 0xE9, 0x0C, 0x66, 0x24, 0xEE, 0x6C, 0x89,
    0xEC, 0x57, 0x9E, 0xA0, 0x21, 0xED, 0x46, 0xCE, 0xBC, 0xBF, 0x8A, 0x65, 0x28, 0x64, 0xDE, 0x6D,
    0xE5, 0x5E, 0x23, 0xC8, 0xEE, 0x7C, 0xE9, 0x57, 0x4C, 0x5A, 0x04, 0x8C, 0xBA, 0xE4, 0x3B, 0x0E,
    0xB6, 0xF4, 0xFE, 0x47, 0xDF, 0x20, 0x5A, 0xCE, 0x43, 0x2E, 0x7C, 0x7A, 0x42, 0xE1, 0xB9, 0xF4,
    0x1C, 0xC9, 0x52, 0x19, 0x7A, 0x79, 0x3B, 0x52, 0x0B, 0x84, 0x4F, 0x6B, 0x3A, 0x4F, 0x65, 0xB3,
    0xF2, 0x5A, 0xB9, 0xF7, 0xC9, 0xA0, 0xDC, 0x99, 0x0E, 0x5A, 0xBA, 0xD4, 0xAB, 0xC9, 0xB7, 0xA6,
    0x95, 0x7F, 0x5F, 0x39, 0x95, 0x57, 0x16, 0x84, 0xD2, 0x85, 0xAC, 0xCB, 0xB8, 0xF2, 0xD7, 0xC2,
    0xE7, 0xB7, 0x54, 0x34, 0x21, 0x2D, 0x89, 0xF4, 0xEA, 0x2A, 0xEA, 0xED, 0xD4, 0x5A, 0xC6, 0xC0,
    0x13, 0xA0, 0x26, 0xCC, 0x00, 0xED, 0x28, 0x4F, 0xDC, 0x45, 0x2A, 0x5D, 0xD0, 0x8D, 0x74, 0x74,
    0xE1, 0x2E, 0x51, 0x17, 0x0E, 0xE1, 0x45, 0xD5, 0x14, 0xF9, 0xE8, 0xCA, 0xB2, 0x28, 0xC5, 0x2E,
    0x5F, 0xB9, 0x37, 0x55, 0x60, 0x12, 0xBF, 0xBB, 0x2A, 0xA3, 0x9D, 0xEF, 0xFC, 0xB4, 0x2E, 0x2B,
    0xC7, 0x81, 0x93, 0xC0, 0xD9, 0x1F, 0x84, 0xB4, 0xF4, 0xF5, 0x95, 0x4B, 0xB3, 0x28, 0x5F, 0x0E,
    0x1C, 0xBE, 0xDA, 0xC7, 0x43, 0xA6, 0x9C, 0xB8, 0x95, 0x33, 0x9B, 0xEA, 0x00, 0xE4, 0xCD, 0xCA,
    0x25, 0x12, 0x9D, 0xCD, 0x2B, 0x81, 0x43, 0x76, 0x8D, 0x03, 0x27, 0x6B, 0xC8, 0xC0, 0x74, 0x9A,
    0xB9, 0x90, 0xDB, 0x95, 0x4B, 0xAC, 0x21, 0xDF, 0x06, 0x9E, 0x11, 0xC2, 0x0B, 0x3A, 0x26, 0xAD,
    0x38, 0xB6, 0xD4, 0x04, 0xAE, 0x36, 0x77, 0x8A, 0x47, 0x47, 0x47, 0xD6, 0xF3, 0xCF, 0x03, 0x05,
    0x3B, 0x6A, 0x80, 0x37, 0x07, 0xE0, 0xD3, 0x31, 0x92, 0x6A, 0x02, 0x0E, 0x13, 0x9C, 0xC1, 0x04,
    0xFF, 0x1B, 0xB6, 0x31, 0xE3, 0x6E, 0xA4, 0xD5, 0x35, 0x4C, 0xDC, 0x17, 0x45, 0x2E, 0x9A, 0xB8,
    0x2D, 0x4A, 0xB8, 0x1B, 0x6A, 0xB0, 0x95, 0x75, 0x49, 0xEF, 0x79, 0xDB, 0x58, 0xD3, 0x78, 0x1E,
    0x8B, 0xE6, 0x02, 0xD0, 0x24, 0xAE, 0xFE, 0x95, 0x43, 0xE0, 0x2B, 0x79, 0x23, 0x3F, 0x7F, 0x0D,
    0xF8, 0xD4, 0x1C, 0x2D, 0xD8, 0x09, 0x59, 0xBC, 0x24, 0x27, 0xD3, 0xEA, 0x48, 0xD9, 0x88, 0xD2,
    0x9E, 0xAE, 0x60, 0x06, 0xCF, 0x65, 0x87, 0xC2, 0x1D, 0xD6, 0xB6, 0xED, 0x51, 0x7E, 0xB3, 0x6A,
    0x1B, 0xE9, 0x20, 0xFF, 0x02, 0x82, 0xA5, 0x8A, 0xE4, 0x01, 0xDF, 0xC2, 0x8B, 0x48, 0xA6, 0xF3,
    0xC9, 0x84, 0xAF, 0xF0, 0x0D, 0x72, 0xE6, 0xF0, 0xA8, 0x6F, 0xE3, 0xE1, 0xA2, 0xC1, 0xE9, 0x2F,
    0x8E, 0x38, 0x43, 0xDB, 0x9F, 0xF9, 0x91, 0x4D, 0x51, 0xE4, 0x88, 0x05, 0x31, 0xFE, 0xE3, 0xD1,
    0xC3, 0x7B, 0xAF, 0x4F, 0xC0, 0x56, 0x5B, 0x49, 0x1F, 0xB9, 0xBA, 0xB9, 0x02, 0x6E, 0xDD, 0x18,
    0xD1, 0x25, 0xD7, 0x30, 0x10, 0x4B, 0x14, 0x1D, 0x31, 0xEF, 0x39, 0x1B, 0xC6, 0xE3, 0x4D, 0x98,
    0x8E, 0x98, 0x5B, 0x62, 0x59, 0x71, 0xB8, 0x35, 0x26, 0xD2, 0x43, 0xA2, 0xF6, 0x57, 0x5B, 0x62,
    0xD9, 0x9D, 0x74, 0x17, 0x76, 0x69, 0xD0, 0xD9, 0x6D, 0x62, 0x19, 0xC0, 0x17, 0x90, 0xF2, 0xBD,
    0xEB, 0xEA, 0xFB, 0x5A, 0x59, 0xAC, 0x15, 0xC2, 0xC5, 0x8D, 0x3C, 0xFB, 0x0E, 0x1F, 0xFE, 0x4F,
    0xAD, 0xC7, 0x11, 0x59, 0xA7, 0x85, 0xB5, 0xD3, 0xA8, 0x9F, 0x60, 0x3C, 0xCE, 0x3A, 0x53, 0x8B,
    0x6A, 0x29, 0x28, 0xBF, 0xB5, 0xB7, 0xE7, 0x51, 0x38, 0xAF, 0x94, 0xF7, 0xF4, 0x3C, 0x02, 0x16,
    0x8A, 0x39, 0x51, 0x9F, 0x7D, 0x04, 0xA9, 0xC7, 0xE7, 0x10, 0x3B, 0xC4, 0x34, 0x49, 0x97, 0xE4,
    0x5C, 0x66, 0xDD, 0x3A, 0x7F, 0xA4, 0x83, 0xBE, 0x24, 0xC0, 0xCD, 0xAC, 0x42, 0x32, 0x79, 0x7D,
    0x73, 0x67, 0xB8, 0x12, 0x16, 0x88, 0xC4, 0xEE, 0x72, 0x59, 0x64, 0x94, 0xA5, 0x3D, 0x3E, 0xBB,
    0x6C, 0x45, 0xC8, 0xA4, 0x8F, 0x39, 0x7B, 0x77, 0x73, 0xBF, 0x7D, 0x9E, 0xAF, 0xA1, 0x1B, 0xC4,
    0xEE, 0x34, 0x80, 0xDF, 0xB9, 0xE6, 0xE1, 0x2E, 0xF0, 0x08, 0xB3, 0xD1, 0xB2, 0xD9, 0x74, 0x8C,
    0xD8, 0x67, 0x87, 0x43, 0xA0, 0x6E, 0xCE, 0x9F, 0xD7, 0x57, 0xD2, 0x8F, 0x02, 0x4B, 0xD4, 0x78,
    0x9C, 0xE3, 0xEA, 0xBC, 0xA2, 0x57, 0x66, 0x8A, 0x9E, 0x6F, 0x98, 0x5A, 0x7F, 0x99, 0x01, 0xC1,
    0x31, 0x7E, 0xF0, 0xF6, 0x3F, 0xD4, 0x91, 0xFE, 0x86, 0xFA, 0x0D, 0x4D, 0x1A, 0x88, 0x45, 0x8F,
    0x7B, 0x39, 0xF4, 0xE9, 0xBF, 0x63, 0x7D, 0xFA, 0x90, 0xEF, 0x4B, 0xF0, 0x18, 0x1A, 0x8F, 0xCF,
    0x7A, 0x5C, 0x7C, 0x47, 0x95, 0xC7, 0x26, 0xA6, 0xBD, 0xC4, 0x5D, 0x54, 0x77, 0x03, 0xB9, 0xE6,
    0xFC, 0xAC, 0xA1, 0x36, 0xD1, 0xEF, 0xB0, 0x8F, 0x90, 0x23, 0xA8, 0x75, 0x18, 0x8A, 0x4C, 0xE4,
    0x50, 0x55, 0xBF, 0x86, 0x56, 0x5E, 0xE1, 0x89, 0x0A, 0xA9, 0x8E, 0xD6, 0xA7, 0x4F, 0x26, 0xF8,
    0x30, 0x0E, 0xD3, 0x56, 0x25, 0x48, 0x2A, 0x0A, 0x9E, 0xCE, 0x78, 0xD6, 0x60, 0xD9, 0x5E, 0x85,
    0xAC, 0x1A, 0xD6, 0x82, 0xD6, 0x24, 0x8E, 0xC2, 0x79, 0x14, 0x69, 0x10, 0x2E, 0x9B, 0xFE, 0x39,
    0x15, 0xC6, 0x82, 0x81, 0x87, 0x4F, 0x24, 0x7D, 0xF9, 0x3A, 0xAF, 0x9D, 0xBE, 0x54, 0xB5, 0xBF,
    0xA7, 0x13, 0x77, 0x11, 0xF2, 0x1E, 0xF4, 0xF8, 0x55, 0x31, 0xCA, 0xA7, 0x9E, 0x5A, 0xCE, 0x79,
    0x4A, 0xBB, 0x4F, 0x67, 0xF3, 0x8E, 0x6A, 0x72, 0xAF, 0x99, 0x0E, 0xC2, 0xD7, 0x10, 0x57, 0x6D,
    0x7C, 0x0E, 0xC1, 0x6E, 0x05, 0xB1, 0xD8, 0xF8, 0x20, 0xB2, 0x7E, 0x11, 0x09, 0x9F, 0x44, 0x7A,
    0x32, 0x5F, 0x27, 0x28, 0x6F, 0xBE, 0x0B, 0xD7, 0xB5, 0x80, 0x4D, 0xAF, 0x74, 0x57, 0x58, 0x2C,
    0xDB, 0x11, 0x4A, 0x4E, 0x49, 0x36, 0x89, 0x99, 0x27, 0x94, 0x54, 0xA1, 0xC0, 0xDA, 0xA4, 0xC6,
    0x5B, 0x74, 0xF4, 0x0A, 0x29, 0x5F, 0x53, 0xD0, 0xFD, 0x7B, 0xBF, 0xB8, 0xEA, 0x63, 0x02, 0x2D,
    0x4A, 0x79, 0xA8, 0xD6, 0x26, 0xA5, 0xD2, 0x53, 0x5E, 0x29, 0x15, 0xBA, 0x7B, 0x43, 0xC9, 0x62,
    0xDC, 0x53, 0xA5, 0x3A, 0x94, 0xEF, 0xEE, 0xC9, 0xA8, 0x4B, 0xBA, 0x30, 0xEF, 0x93, 0x2C, 0x7E,
    0xFC, 0xE0, 0xCC, 0xA4, 0x27, 0x72, 0x06, 0x6C, 0x9D, 0xC8, 0x9F, 0x01, 0xFE, 0xFD, 0x2A, 0x51,
    0x88, 0x9F, 0x0B, 0x62, 0xFC, 0x38, 0xEE, 0x76, 0x41, 0xBE, 0xFB, 0x1A, 0x7E, 0xAE, 0x0B, 0xF2,
    0xDF, 0x75, 0xF8, 0x9A, 0x0D, 0xF2, 0xBF, 0xEC, 0xE2, 0x3C, 0x88, 0xD1, 0xD7, 0xEC, 0xCF, 0xEC,
    0x06, 0x39, 0xCE, 0x9B, 0xFB, 0xA6, 0x20, 0xDF, 0x53, 0xE2, 0xE7, 0xC6, 0x20, 0x3F, 0x7C, 0x13,
    0xFF, 0xDC, 0x05, 0xF9, 0xE2, 0x14, 0x9B, 0x3E, 0xC8, 0x5F, 0x9D, 0x4E, 0x15, 0x36, 0x28, 0x99,
    0x0E, 0x77, 0xD7, 0x4D, 0xE8, 0xD5, 0x67, 0x36, 0x39, 0xD9, 0x07, 0xE5, 0xFD, 0xDF, 0x39, 0x91,
    0xCF, 0x17, 0xF6, 0xEA, 0x1C, 0x02, 0xAA, 0x29, 0x6F, 0x3D, 0x3D, 0xAD, 0xA5, 0x70, 0x54, 0xD5,
    0x4F, 0x66, 0x3A, 0x5D, 0x03, 0x62, 0x88, 0x7F, 0x7A, 0xF5, 0x81, 0x7B, 0xB0, 0xDC, 0x67, 0xFA,
    0xBB, 0x35, 0x25, 0x3D, 0x8A, 0xF9, 0x7C, 0xDE, 0xDD, 0x07, 0x3C, 0x0E, 0x1C, 0x46, 0x53, 0x93,
    0xDB, 0xAF, 0xD0, 0x2B, 0xE2, 0x2A, 0x9A, 0x1B, 0xC3, 0x48, 0xBB, 0x07, 0x67, 0x81, 0x05, 0x86,
    0x5F, 0xDB, 0xD2, 0x17, 0x5E, 0x04, 0x26, 0xA4, 0x2F, 0xA9, 0x02, 0x00, 0x23, 0xAC, 0xDA, 0xF8,
    0x3C, 0xA5, 0x85, 0xC7, 0xD3, 0x40, 0x3A, 0x25, 0x15, 0xF2, 0xC1, 0x43, 0xDD, 0x27, 0x55, 0x24,
    0x36, 0xE5, 0x5C, 0x67, 0x9C, 0xD4, 0x4F, 0xE2, 0xB3, 0x33, 0x1E, 0xB9, 0x37, 0x9B, 0xF0, 0x58,
    0x93, 0x8D, 0xF1, 0xDB, 0x55, 0xE6, 0xCC, 0x7F, 0x47, 0xEA, 0xF2, 0x1E, 0xB1, 0x7B, 0x88, 0x09,
    0xE2, 0xC5, 0x90, 0x20, 0x3E, 0xA1, 0x3F, 0x8F, 0x00, 0xFE, 0xEC, 0xB6, 0xCE, 0xF4, 0xAE, 0x6E,
    0xDC, 0xEB, 0x06, 0xA5, 0x54, 0x75, 0xEF, 0xB1, 0x29, 0x47, 0x62, 0xB1, 0x70, 0xA1, 0x37, 0xBE,
    0x07, 0x41, 0x2A, 0x7D, 0xF4, 0x36, 0x22, 0x99, 0x12, 0x2D, 0xD6, 0xD2, 0x06, 0xE9, 0x1B, 0xF2,
    0x06, 0xF7, 0x34, 0x22, 0x40, 0x0E, 0x62, 0x81, 0xD2, 0x63, 0x59, 0x19, 0x2D, 0xF0, 0x13, 0xD6,
    0x09, 0x1D, 0x64, 0x42, 0xEE, 0xD8, 0xBE, 0x19, 0xB4, 0x42, 0x1A, 0x11, 0x8B, 0xAE, 0xEF, 0xED,
    0x5A, 0x3F, 0xAB, 0x83, 0x51, 0x41, 0xAA, 0xA5, 0x47, 0x46, 0x30, 0x0D, 0x41, 0x64, 0x21, 0x48,
    0x43, 0xB0, 0x84, 0x8E, 0xD0, 0xC7, 0x04, 0x0E, 0x1C, 0x21, 0x21, 0xC4, 0x7F, 0x29, 0x24, 0x9D,
    0x02, 0x2B, 0xA1, 0xC5, 0x7C, 0x04, 0x39, 0xA1, 0x20, 0x94, 0x04, 0x1D, 0xF2, 0x0E, 0x88, 0x86,
    0xB5, 0xE2, 0x88, 0x65, 0x41, 0x22, 0x8B, 0xB2, 0x7E, 0x4B, 0x6A, 0x19, 0x34, 0x5B, 0x7F, 0xC5,
    0xBF, 0x42, 0xF7, 0x49, 0xB9, 0x48, 0x53, 0x88, 0xD8, 0x52, 0x7E, 0xD8, 0x97, 0xF2, 0x96, 0xAB,
    0xE5, 0xD6, 0xD0, 0x4A, 0xD5, 0x43, 0x27, 0x97, 0x09, 0x82, 0x70, 0x99, 0x50, 0xD3, 0xAA, 0xF6,
    0x4E, 0xD0, 0x73, 0x39, 0x01, 0x3A, 0x49, 0x9B, 0x70, 0xF0, 0x31, 0x70, 0xF9, 0x27, 0x84, 0x7D,
    0xAC, 0x47, 0x7E, 0xA8, 0x25, 0xE9, 0xA0, 0x6F, 0xC3, 0x3A, 0xFC, 0xEC, 0xE6, 0xAE, 0xCA, 0xFA,
    0x9F, 0x54, 0xEC, 0xFA, 0x51, 0x7B, 0xF3, 0x5B, 0xF6, 0x66, 0x4D, 0xAB, 0x65, 0x2D, 0x7F, 0xDA,
    0xE1, 0xDE, 0x7A, 0x19, 0x4A, 0x71, 0x46, 0x2A, 0x84, 0x44, 0xBE, 0xF9, 0x47, 0xA3, 0x3C, 0xD2,
    0x60, 0x08, 0x50, 0x6E, 0xFE, 0xF5, 0x22, 0x13, 0x53, 0x56, 0x25, 0x2A, 0x59, 0x98, 0xCA, 0xA8,
    0xE4, 0xBC, 0x94, 0xCB, 0x6F, 0x3D, 0xF1, 0x0B, 0x74, 0x9F, 0xAA, 0xE4, 0xF2, 0x9C, 0x4F, 0x68,
    0xAB, 0x5A, 0x57, 0xEE, 0x39, 0x13, 0x5C, 0x09, 0x8A, 0x0A, 0xAE, 0x87, 0x46, 0x67, 0x1C, 0x07,
    0x69, 0xC2, 0xA8, 0x52, 0x21, 0xEE, 0x23, 0xA9, 0x39, 0xB9, 0xCF, 0xAB, 0x73, 0x43, 0x25, 0xB6,
    0x50, 0x9F, 0x54, 0xFD, 0x6B, 0xEA, 0xCE, 0xA8, 0x56, 0xB1, 0x5C, 0xC4, 0x5D, 0x9A, 0x74, 0x83,
    0x2E, 0xBC, 0xA0, 0x92, 0x7A, 0x92, 0x4A, 0x4D, 0xE8, 0x5C, 0x42, 0x06, 0x0D, 0x1B, 0x66, 0x3D,
    0xB9, 0x20, 0x1C, 0x7B, 0x27, 0x67, 0x5C, 0xD4, 0x45, 0xF2, 0xDA, 0x82, 0xFC, 0x05, 0x97, 0x38,
    0xD4, 0x5C, 0xCC, 0xAB, 0x47, 0xBD, 0x64, 0xD0, 0x7B, 0xE9, 0x7C, 0x76, 0x8C, 0xEC, 0x35, 0xDA,
    0x8E, 0x4F, 0x6E, 0x23, 0xF9, 0xA3, 0x8A, 0xD2, 0xD9, 0x1D, 0x60, 0x01, 0xCC, 0xF7, 0x9B, 0xC7,
    0x0B, 0x50, 0x75, 0xF3, 0x42, 0xF5, 0x5C, 0xBE, 0x9E, 0xAB, 0xB8, 0xFF, 0x88, 0xDF, 0xD0, 0xFB,
    0xBA, 0xD4, 0xA6, 0x4F, 0xF3, 0xD9, 0xC8, 0x26, 0xDD, 0x99, 0x84, 0xED, 0x25, 0x36, 0x76, 0xDB,
    0x11, 0x27, 0x25, 0x1F, 0xF2, 0x45, 0x52, 0xC1, 0x8F, 0x1D, 0xA9, 0x88, 0x3A, 0xBC, 0xD2, 0x8C,
    0xED, 0x73, 0xFA, 0x55, 0x63, 0xFB, 0x02, 0x5F, 0xE8, 0x52, 0x74, 0xFB, 0xA0, 0xE8, 0xAE, 0xC1,
    0x8B, 0x91, 0x73, 0xF0, 0x62, 0xD4, 0x7B, 0xEA, 0x5D, 0xDC, 0x39, 0x78, 0x91, 0xAF, 0x69, 0xBD,
    0x98, 0xBC, 0xD6, 0xC1, 0x8B, 0xE9, 0x55, 0x0B, 0x2F, 0x66, 0x4F, 0x59, 0x78, 0x91, 0xE4, 0xFF,
    0x99, 0xB4, 0x51, 0x4A, 0xFE, 0x10, 0x5E, 0x34, 0x91, 0xC0, 0x64, 0x55, 0x66, 0xCF, 0x21, 0x17,
    0x24, 0x1F, 0xDE, 0xD0, 0xDD, 0x62, 0xBB, 0xF1, 0xF7, 0xD2, 0xA1, 0xF2, 0xDF, 0x2E, 0x5B, 0xAF,
    0x03, 0xDF, 0xB5, 0x0C, 0x26, 0xB5, 0x70, 0xD9, 0x55, 0x1B, 0xF7, 0xBE, 0x8F, 0xC4, 0x93, 0xE3,
    0x89, 0xFD, 0xAC, 0xF2, 0xCA, 0x19, 0x78, 0xB5, 0xCF, 0x01, 0x17, 0xCC, 0x05, 0xC0, 0x64, 0xD7,
    0xE1, 0xFB, 0x1A, 0xE1, 0xB5, 0x70, 0x40, 0xFC, 0x66, 0x0F, 0x44, 0xDF, 0xE9, 0x00, 0xFC, 0xA9,
    0xF5, 0xA0, 0x19, 0xBE, 0x0C, 0x5B, 0xC7, 0x90, 0x67, 0x1E, 0x09, 0xA1, 0x14, 0xC2, 0x41, 0x97,
    0xA1, 0x6B, 0x04, 0xB7, 0x09, 0x0C, 0x41, 0xAB, 0xB0, 0xBF, 0x03, 0x0E, 0xCD, 0xDF, 0x24, 0xD4,
    0x53, 0x00, 0x55, 0x43, 0x06, 0xC5, 0x91, 0x8A, 0x9C, 0xFC, 0x8D, 0xD0, 0xDF, 0x2E, 0x6E, 0xFE,
    0x8D, 0x50, 0xAE, 0xBA, 0x15, 0x8A, 0xF9, 0x97, 0x7C, 0x51, 0x7C, 0xD1, 0x7C, 0x55, 0x73, 0xAE,
    0x1D, 0x74, 0xCB, 0xA7, 0x09, 0x6A, 0xD8, 0x22, 0x1E, 0x98, 0x8A, 0x59, 0x32, 0xB5, 0xE0, 0xC2,
    0xA1, 0x09, 0xDC, 0x3A, 0xCD, 0xD1, 0x1A, 0xA1, 0x6E, 0x47, 0x6F, 0xCA, 0x89, 0x3B, 0x99, 0x2E,
    0x00, 0x9A, 0xB8, 0xB3, 0xE7, 0x1D, 0xDB, 0xFB, 0x26, 0x31, 0xBA, 0xDD, 0x21, 0x6C, 0x00, 0x42,
    0x4E, 0xC3, 0x48, 0x48, 0xFA, 0x50, 0x75, 0x87, 0xF9, 0x66, 0xE4, 0x68, 0xF7, 0xC4, 0xCC, 0x12,
    0xF3, 0x2A, 0xC4, 0x7E, 0x48, 0x3F, 0x73, 0xF2, 0xA1, 0xDF, 0x8F, 0xDD, 0xD0, 0x95, 0xE6, 0xC2,
    0x2E, 0x88, 0xA5, 0x9E, 0x5F, 0xF1, 0xCF, 0xBF, 0xEE, 0xBD, 0xB3, 0x26, 0xAE, 0x4A, 0xB1, 0xD3,
    0x29, 0x71, 0x68, 0x97, 0x57, 0x64, 0xC2, 0xFA, 0x15, 0x41, 0x3A, 0x94, 0x4B, 0x24, 0x16, 0xB9,
    0xA2, 0x91, 0x58, 0x31, 0x91, 0x6F, 0x55, 0x99, 0x47, 0xAE, 0x5C, 0xA9, 0x62, 0x46, 0x5C, 0x3C,
    0x36, 0x66, 0x89, 0xFC, 0xEE, 0xA1, 0x98, 0x7F, 0xF4, 0x2F, 0x60, 0x45, 0x07, 0x2D, 0x64, 0x1E,
    0x7B, 0x8A, 0x0E, 0xD0, 0x98, 0x0F, 0xBE, 0x2C, 0x8B, 0x66, 0x9A, 0x11, 0x85, 0xC7, 0x3E, 0xA8,
    0x73, 0x4A, 0xA8, 0x1A, 0xEE, 0x7A, 0x06, 0xA1, 0xCE, 0xE3, 0x45, 0x5E, 0x0B, 0x50, 0xAF, 0x49,
    0xCA, 0xCC, 0xBC, 0xAE, 0xF9, 0x8D, 0x50, 0x2A, 0x8C, 0xBA, 0xA1, 0x27, 0xB0, 0xAB, 0x96, 0x20,
    0x3D, 0x81, 0x0B, 0x20, 0x81, 0x26, 0xAC, 0x90, 0x48, 0x43, 0xA8, 0x00, 0x4D, 0x28, 0x19, 0xC1,
    0x28, 0xFC, 0x78, 0xEB, 0x3C, 0xF8, 0x0C, 0x22, 0xC5, 0x98, 0xA8, 0x0D, 0x10, 0xAB, 0x80, 0xA1,
    0x21, 0x6D, 0x29, 0xB4, 0xA2, 0xCD, 0x84, 0x76, 0x02, 0x16, 0x8A, 0xE5, 0xA8, 0x38, 0x20, 0xA8,
    0xAA, 0xBA, 0xAA, 0xB2, 0x1B, 0xD8, 0x6D, 0x76, 0xE8, 0x2B, 0xDF, 0x97, 0xA5, 0x09, 0x85, 0xAF,
    0x8E, 0x08, 0xCA, 0x0D, 0x64, 0xBF, 0xCB, 0x66, 0xBF, 0x7F, 0x69, 0x8F, 0x8A, 0xED, 0x8F, 0xF4,
    0x1B, 0xE6, 0x27, 0x55, 0x34, 0xA1, 0x70, 0xD7, 0x01, 0xD5, 0xC5, 0x4D, 0xDE, 0xF3, 0x18, 0xCB,
    0x1B, 0x33, 0x6F, 0xF9, 0xFC, 0x02, 0x70, 0xF6, 0x39, 0xEE, 0x89, 0x70, 0x96, 0x39, 0x1A, 0xE2,
    0xD6, 0x77, 0x40, 0x1E, 0x33, 0x69, 0x22, 0x56, 0x35, 0x6C, 0xBA, 0x9C, 0xC3, 0x4B, 0x39, 0x61,
    0x25, 0x18, 0xD6, 0xFF, 0x73, 0x46, 0x0B, 0xC0, 0x0B, 0x06, 0xB8, 0xC9, 0xCC, 0xC7, 0xF2, 0x82,
    0x09, 0x1B, 0xBF, 0xCB, 0x8F, 0x66, 0x9A, 0xE7, 0xAE, 0x91, 0x3A, 0x52, 0xF4, 0x9D, 0x9E, 0x29,
    0x3C, 0x7E, 0xD3, 0x31, 0x85, 0x27, 0xB7, 0x5C, 0xD4, 0x3B, 0x52, 0xDC, 0x79, 0x7A, 0x5E, 0x73,
    0x77, 0xFA, 0xD5, 0x9E, 0xB9, 0x3B, 0x7B, 0x92, 0xC4, 0x08, 0x63, 0x0A, 0x37, 0xA9, 0xE6, 0xEE,
    0x33, 0x59, 0xC3, 0xDC, 0x7D, 0xCE, 0x54, 0x26, 0xAB, 0x70, 0xA1, 0x60, 0xE7, 0xD8, 0xBE, 0xAC,
    0xB4, 0x33, 0xAA, 0x0E, 0x75, 0xAF, 0x3A, 0xB4, 0x0D, 0x75, 0x78, 0x70, 0x5E, 0x33, 0x54, 0xAF,
    0x4B, 0xE2, 0xF7, 0xA0, 0x87, 0x9F, 0x00, 0xA5, 0x42, 0x94, 0x76, 0x7F, 0x4D, 0x89, 0x1A, 0x6B,
    0x7A, 0xDB, 0xA4, 0x6B, 0x4A, 0xD4, 0x18, 0xD8, 0xA3, 0xC6, 0xC8, 0xE4, 0x4D, 0xAE, 0x36, 0xE5,
    0xF7, 0xFF, 0xAC, 0xF3, 0x74, 0xDB, 0x96, 0x5E, 0xE3, 0xE4, 0xBB, 0x36, 0xA7, 0xE2, 0xAF, 0x37,
    0x86, 0x1A, 0x3F, 0xDD, 0x18, 0xAF, 0x71, 0x9E, 0x55, 0xE6, 0x29, 0x4B, 0x95, 0xA8, 0xF1, 0xB6,
    0x01, 0x35, 0xDE, 0x3E, 0x83, 0x33, 0xC6, 0xB7, 0xFE, 0x10, 0xB6, 0x3C, 0x5D, 0xBB, 0x80, 0x1D,
    0xD2, 0x36, 0x0E, 0xCE, 0x29, 0x4D, 0x17, 0x3C, 0xED, 0x47, 0x23, 0x97, 0xBA, 0x6B, 0xC9, 0xE0,
    0xE9, 0xE0, 0x9A, 0x61, 0xE7, 0x3B, 0xEE, 0x32, 0xC9, 0xDC, 0x1E, 0xD6, 0x97, 0x97, 0xCF, 0x8B,
    0x0B, 0x95, 0x38, 0x42, 0x80, 0x45, 0x5C, 0xF9, 0xCD, 0xD2, 0x3A, 0xD4, 0x76, 0x7B, 0x88, 0xC4,
    0xEE, 0xEF, 0x27, 0xDF, 0x6D, 0x9E, 0xDB, 0xCF, 0x7E, 0xAF, 0xB9, 0x76, 0xEC, 0xBB, 0xFE, 0x13,
    0xE7, 0x7B, 0x14, 0xBB, 0x63, 0x1E, 0x14, 0x1C, 0x18, 0x1F, 0x97, 0xFB, 0xB9, 0x9F, 0xC3, 0xE3,
    0x0B, 0xF0, 0xB0, 0xFD, 0x11, 0x3C, 0xEE, 0xE1, 0x80, 0xC6, 0xEE, 0x72, 0xC1, 0xC9, 0x1D, 0xB6,
    0x90, 0x2E, 0x7C, 0x4B, 0xA7, 0x49, 0x26, 0x62, 0x20, 0xC7, 0x23, 0x3D, 0xF3, 0x5C, 0x4E, 0xCB,
    0xB6, 0xB6, 0xE8, 0x99, 0xA7, 0x7A, 0xE8, 0xA1, 0x99, 0x66, 0x5C, 0xD7, 0xE3, 0xB8, 0xE3, 0x4F,
    0x72, 0x8B, 0x73, 0xB8, 0xAE, 0xBB, 0x5C, 0x68, 0x33, 0xFF, 0x53, 0x9D, 0x33, 0x7C, 0x74, 0xFB,
    0x9C, 0x1F, 0x71, 0x0E, 0x73, 0x3D, 0x85, 0xA5, 0x36, 0xEB, 0x4F, 0x9C, 0x7B, 0xFF, 0xE0, 0x64,
    0xE8, 0x8F, 0x8F, 0x4F, 0xC2, 0xEA, 0xC1, 0x06, 0x1B, 0x87, 0x3A, 0x78, 0xC2, 0x69, 0xA5, 0x8F,
    0x80, 0x1E, 0x02, 0xFA, 0x87, 0x1F, 0x7C, 0x42, 0xDA, 0x40, 0x87, 0x5B, 0xFD, 0x82, 0xBD, 0xA9,
    0x5F, 0x72, 0x8E, 0x09, 0x8F, 0x84, 0xF9, 0xD5, 0x2E, 0x74, 0x6E, 0x75, 0x66, 0xB5, 0x8A, 0x88,
    0x3B, 0x05, 0x36, 0x7C, 0xEB, 0xCE, 0xD6, 0x3F, 0x5F, 0x01, 0x26, 0xE7, 0xA8, 0x1C, 0x00, 0xF7,
    0xD6, 0x43, 0xF8, 0xAA, 0x53, 0x84, 0x1A, 0xB2, 0x1C, 0x37, 0x89, 0x97, 0xB5, 0x7A, 0x5F, 0x23,
    0x5C, 0x66, 0xC4, 0xF2, 0xBE, 0xE7, 0x06, 0xD2, 0xCB, 0x9B, 0xD2, 0xC3, 0x43, 0xD7, 0x3A, 0x5F,
    0x7A, 0xF1, 0x23, 0x6D, 0x2C, 0xAF, 0x8B, 0x2D, 0xC7, 0xC4, 0x53, 0x53, 0x0E, 0x89, 0x5C, 0x95,
    0xAA, 0xF6, 0xF4, 0xB4, 0xA0, 0x75, 0xA9, 0x64, 0x02, 0x71, 0x99, 0x18, 0x4F, 0x9D, 0x59, 0xF8,
    0x3D, 0xD7, 0x9A, 0xD9, 0xFF, 0x27, 0xC8, 0xE7, 0x7C, 0x61, 0xCA, 0x9D, 0x0A, 0x91, 0x43, 0x94,
    0x53, 0xB9, 0xFC, 0x2B, 0x6A, 0xA0, 0x3A, 0x94, 0x03, 0x75, 0xB8, 0x58, 0x3B, 0xA6, 0x05, 0x77,
    0xFF, 0x45, 0x4F, 0xB1, 0xD3, 0xF4, 0x90, 0xF4, 0x9A, 0x91, 0xD2, 0x0E, 0xBA, 0x22, 0x58, 0xF8,
    0x65, 0x60, 0xAF, 0xB5, 0x91, 0xF0, 0x68, 0x56, 0xAA, 0x10, 0x8E, 0x4C, 0xFA, 0x88, 0x56, 0x18,
    0xBE, 0x0A, 0x16, 0x87, 0xA8, 0x9D, 0xE5, 0x85, 0x76, 0x5A, 0x13, 0xCA, 0xFA, 0x09, 0x76, 0xFD,
    0x28, 0x92, 0x78, 0x4E, 0x3E, 0x7A, 0x91, 0xDF, 0x70, 0x27, 0xA6, 0x9C, 0xC8, 0xA2, 0xE7, 0xD3,
    0xF7, 0xA4, 0x62, 0x96, 0x31, 0x6F, 0x71, 0x85, 0x01, 0x8A, 0x5B, 0xD2, 0x33, 0x9F, 0x95, 0x4D,
    0x3B, 0x78, 0xDD, 0x22, 0xA9, 0x4A, 0x0E, 0x4F, 0x2D, 0x30, 0x32, 0xD2, 0xDF, 0x90, 0x4B, 0x13,
    0x96, 0x42, 0x4B, 0x36, 0x1F, 0x48, 0x47, 0xAE, 0x6D, 0x48, 0x74, 0x28, 0xC9, 0xF1, 0xB2, 0x72,
    0x32, 0xFF, 0x08, 0x2F, 0xA8, 0x7B, 0x7D, 0xFC, 0x89, 0xF5, 0xF9, 0x36, 0x58, 0x95, 0xCB, 0xB8,
    0x51, 0x03, 0x07, 0x2B, 0x9F, 0xA8, 0xFE, 0xC1, 0x35, 0x94, 0x7F, 0x64, 0xED, 0x19, 0xD4, 0x72,
    0xAB, 0x4A, 0x9B, 0xFD, 0x07, 0xE3, 0x2A, 0xE9, 0xB6, 0x93, 0x04, 0xB1, 0x3B, 0xA5, 0x08, 0x8F,
    0xD1, 0x80, 0xD4, 0xE3, 0xE8, 0xB1, 0xF2, 0x98, 0xBF, 0xFC, 0xBD, 0x78, 0x88, 0xFF, 0x51, 0xF2,
    0xFC, 0xEF, 0xBA, 0xB3, 0x67, 0xE2, 0x26, 0xED, 0x1F, 0x3E, 0x13, 0xDB, 0xAC, 0x7F, 0xCC, 0x63,
    0xFE, 0xEC, 0x59, 0x8F, 0xFB, 0x8F, 0xA5, 0xFF, 0x21, 0xFE, 0x76, 0xF3, 0x18, 0x2E, 0xBD, 0xFC,
    0x0E, 0x9E, 0xC5, 0x43, 0x51, 0x07, 0x8B, 0x0B, 0x51, 0x1F, 0x83, 0x08, 0xA2, 0x23, 0x82, 0xB8,
    0x43, 0x0C, 0xF2, 0x16, 0xAF, 0x86, 0xCF, 0x6C, 0xE9, 0xAA, 0xF7, 0x33, 0x04, 0x94, 0x7A, 0x0B,
    0xC4, 0xD3, 0x75, 0x0E, 0x1A, 0x22, 0xA7, 0xC3, 0x9B, 0x74, 0xC8, 0x2E, 0x35, 0x30, 0xFE, 0xA7,
    0xB0, 0x28, 0x80, 0xED, 0xDC, 0xE2, 0x00, 0xB8, 0xD2, 0x5A, 0x0C, 0xC0, 0x87, 0xAD, 0xD5, 0x97,
    0x7C, 0xA6, 0x4B, 0x2D, 0x12, 0x6B, 0x7A, 0x53, 0xA1, 0xE8, 0x2F, 0x8D, 0xDC, 0x59, 0xF7, 0xED,
    0x78, 0x7D, 0xE3, 0xBD, 0xA8, 0x6F, 0x8A, 0x2F, 0x69, 0x91, 0x5D, 0xBD, 0x3D, 0x7A, 0xCA, 0xCD,
    0xAD, 0x89, 0xCA, 0x19, 0xCB, 0xAB, 0x63, 0xDE, 0x69, 0xD1, 0x62, 0x78, 0x29, 0xE5, 0xDA, 0x00,
    0x16, 0xF8, 0xD2, 0xEB, 0x26, 0xBD, 0x70, 0xD4, 0xEA, 0x20, 0x75, 0x1C, 0xA8, 0x29, 0x55, 0x57,
    0x5B, 0x7E, 0xD1, 0xB2, 0xBC, 0x29, 0x96, 0x8F, 0x29, 0xF4, 0x7B, 0xDD, 0xBD, 0x74, 0xA1, 0x94,
    0xA4, 0xCF, 0x2A, 0xBA, 0x8D, 0xB5, 0x34, 0xAC, 0x9F, 0x27, 0xF8, 0x99, 0x97, 0xD7, 0x2F, 0x89,
    0xC4, 0xFB, 0xBF, 0x24, 0xCD, 0x1D, 0x0B, 0xF6, 0xE9, 0x26, 0xF3, 0x68, 0x2C, 0x97, 0xCF, 0xDC,
    0x72, 0xE1, 0x2C, 0xBA, 0x7C, 0xD1, 0xDB, 0xC5, 0x29, 0xF6, 0xFA, 0x17, 0xC3, 0xD1, 0x2F, 0x41,
    0x77, 0x94, 0xF5, 0xAC, 0x5F, 0xD0, 0x78, 0x56, 0x2B, 0x92, 0x2E, 0x93, 0x11, 0xC9, 0x5C, 0x37,
    0xF5, 0x6F, 0x3A, 0xF3, 0x87, 0x33, 0x92, 0x21, 0xB7, 0x4B, 0x32, 0x14, 0x76, 0x41, 0xEA, 0x4C,
    0x37, 0x27, 0xA3, 0x77, 0x56, 0x64, 0x5E, 0x9C, 0xE2, 0xB1, 0xAC, 0x6A, 0x8A, 0x6F, 0x4F, 0xF1,
    0xA4, 0x62, 0x1F, 0xC4, 0x72, 0x43, 0xDC, 0xBC, 0x21, 0x5D, 0x1F, 0x0B, 0xA2, 0x9D, 0x7D, 0xBB,
    0x4D, 0x1B, 0xBA, 0x70, 0xB9, 0x9D, 0x11, 0x8F, 0x45, 0x53, 0xEB, 0x5D, 0x88, 0xA6, 0x1A, 0xE5,
    0x17, 0x3A, 0xF3, 0x27, 0x23, 0x20, 0x0B, 0x0A, 0x2E, 0xC5, 0x4E, 0x0B, 0x23, 0x23, 0xFA, 0x46,
    0xED, 0xFE, 0x76, 0xD9, 0xBB, 0x24, 0x2F, 0x7C, 0x51, 0xDE, 0xAD, 0x6A, 0x39, 0x39, 0xFA, 0x7A,
    0xBC, 0x24, 0xCB, 0xE7, 0x45, 0xBE, 0x29, 0xFD, 0xFD, 0xC0, 0x5E, 0x85, 0xFB, 0x2F, 0xEA, 0xBB,
    0xCB, 0x6F, 0x00, 0x91, 0xCE, 0xD7, 0x04, 0x24, 0x2E, 0x8C, 0x76, 0xD6, 0x01, 0xC9, 0x0F, 0x27,
    0x8E, 0x94, 0x17, 0xDE, 0x1A, 0x43, 0x55, 0x9A, 0x0E, 0xE1, 0xEB, 0x6B, 0xE6, 0xBC, 0x46, 0x41,
    0xD0, 0x87, 0x60, 0x1C, 0x8C, 0x55, 0xA1, 0x0F, 0xDF, 0x69, 0xF3, 0x0E, 0x35, 0x19, 0x85, 0xC5,
    0xF4, 0x19, 0xFE, 0x59, 0x7B, 0x69, 0x13, 0xEE, 0x05, 0x1A, 0x94, 0x3E, 0x1A, 0x34, 0xE2, 0x5A,
    0x6B, 0xEC, 0x07, 0x7B, 0xDE, 0x1E, 0x59, 0xCA, 0xCA, 0xE1, 0x00, 0xF7, 0xEF, 0x3D, 0x73, 0x13,
    0x1D, 0xD8, 0x76, 0x34, 0x85, 0x02, 0x98, 0x1D, 0xA4, 0x16, 0xAB, 0x56, 0x5A, 0xEF, 0xE6, 0x4D,
    0x50, 0x88, 0xA0, 0xEE, 0x39, 0x07, 0x2B, 0xA8, 0x95, 0x2A, 0x94, 0x7A, 0x50, 0x85, 0x08, 0xAA,
    0x50, 0x51, 0x21, 0x28, 0x14, 0xE2, 0x25, 0xD8, 0xFE, 0xE7, 0xA6, 0x07, 0xCB, 0x83, 0xE1, 0xC1,
    0xEE, 0x0D, 0xB3, 0x83, 0xD5, 0xC1, 0xE8, 0x60, 0xF3, 0x86, 0xC9, 0xC1, 0x62, 0x35, 0x38, 0x6A,
    0x1B, 0xB5, 0xD7, 0x2F, 0xCA, 0x6A, 0x6E, 0x69, 0x67, 0xB5, 0xB6, 0xC5, 0x4D, 0x35, 0x76, 0x41,
    0xAB, 0xB6, 0x7A, 0xA6, 0xA9, 0x9E, 0x45, 0x95, 0x58, 0xA2, 0x45, 0x95, 0x68, 0x7F, 0x63, 0x51,
    0x3B, 0x8B, 0x0F, 0xE7, 0x55, 0x89, 0x78, 0x5A, 0x95, 0x48, 0xC6, 0x13, 0x25, 0x68, 0x63, 0x6C,
    0x4D, 0x47, 0x25, 0x92, 0xAE, 0xAE, 0x68, 0x61, 0x72, 0x52, 0xF9, 0x6B, 0x94, 0x06, 0xFB, 0x36,
    0x66, 0x77, 0x63, 0x7E, 0x37, 0x66, 0x78, 0x63, 0x8E, 0x37, 0xCC, 0xDD, 0xB0, 0x78, 0xC3, 0xE8,
    0x0D, 0xBB, 0x37, 0x4C, 0xDF, 0xB0, 0x3E, 0x0C, 0x80, 0xEF, 0xFC, 0xD4, 0x02, 0x1D, 0x83, 0x74,
    0x46, 0xF1, 0x9E, 0xD5, 0x61, 0x28, 0xBC, 0xA5, 0x59, 0xCF, 0x91, 0x78, 0xFD, 0x87, 0xDE, 0xF7,
    0x53, 0xC7, 0xC1, 0x78, 0xEA, 0xAD, 0x31, 0x1D, 0x52, 0xA7, 0xE3, 0x91, 0x0E, 0x99, 0x4B, 0x1D,
    0x87, 0x84, 0x91, 0xD0, 0x67, 0x4E, 0xF5, 0xCE, 0x5C, 0xDE, 0x19, 0xA7, 0x7A, 0x1B, 0x57, 0x58,
    0x8A, 0x79, 0x03, 0xD3, 0x7B, 0xB1, 0x57, 0xBD, 0xF3, 0xAE, 0xB4, 0x45, 0xA7, 0x7A, 0x17, 0xB6,
    0xF4, 0xFF, 0x51, 0x6F, 0x2F, 0xFA, 0x5F, 0x2A, 0xF5, 0x85, 0xD2, 0x8B, 0x2D, 0x54, 0xEF, 0xB6,
    0xD3, 0xAC, 0x55, 0x54, 0x74, 0xBB, 0x74, 0x2D, 0xC2, 0xE9, 0x78, 0x38, 0xAA, 0x38, 0x66, 0xC1,
    0xE1, 0xC2, 0x28, 0xD5, 0x93, 0x76, 0xA5, 0x43, 0x55, 0x86, 0x71, 0x9A, 0x75, 0x90, 0x36, 0xA7,
    0x81, 0x1C, 0x7C, 0xC1, 0xB1, 0x61, 0x1D, 0x98, 0x3A, 0x8C, 0xCA, 0xB4, 0x0E, 0x49, 0x32, 0x7C,
    0xF6, 0x03, 0xEA, 0x91, 0xBD, 0x2D, 0xC2, 0xC1, 0x30, 0xAF, 0x8F, 0x05, 0x47, 0xA2, 0xE4, 0x6B,
    0x4E, 0xAF, 0xC9, 0xCD, 0xD8, 0xF3, 0xFD, 0x7B, 0x5F, 0x64, 0x47, 0x56, 0x95, 0xD0, 0x7D, 0xA2,
    0xE9, 0xF0, 0xAB, 0x23, 0x54, 0x89, 0x96, 0x5C, 0x02, 0xB1, 0x60, 0x55, 0xA2, 0x6D, 0xA8, 0xC4,
    0xBD, 0xBE, 0x31, 0x2A, 0x31, 0x92, 0x0D, 0x87, 0xBE, 0x55, 0x5F, 0x90, 0xCF, 0x2D, 0xBA, 0x61,
    0xAC, 0xC3, 0x2B, 0x9E, 0x53, 0xB4, 0xEF, 0xD4, 0x52, 0x69, 0xC8, 0x94, 0xB2, 0x4E, 0xAD, 0x64,
    0xA3, 0x1A, 0x30, 0x27, 0x93, 0x1A, 0x30, 0xA5, 0xA3, 0x1A, 0x70, 0x5F, 0x36, 0xF0, 0x59, 0x1A,
    0x12, 0x0C, 0x68, 0x92, 0x81, 0x7C, 0x73, 0x2D, 0xC5, 0xE2, 0x41, 0x3D, 0x87, 0xA0, 0x6E, 0x73,
    0x03, 0x2F, 0xDE, 0x38, 0xBD, 0x54, 0x89, 0xC3, 0xDB, 0x63, 0x2D, 0x2E, 0xFF, 0xD6, 0x97, 0xDE,
    0x72, 0x4B, 0x36, 0x96, 0x22, 0x6F, 0xBC, 0x39, 0xA5, 0xE4, 0xF7, 0x9A, 0xEB, 0xE9, 0xE8, 0xF3,
    0x40, 0xAB, 0x83, 0x04, 0x70, 0x0A, 0x3A, 0x6D, 0xE8, 0x53, 0xCB, 0x1A, 0xB0, 0x05, 0x59, 0x67,
    0x88, 0x69, 0xBC, 0x02, 0x8A, 0x9E, 0xFD, 0x7D, 0x82, 0x3A, 0x44, 0x13, 0x76, 0xC9, 0x89, 0xD3,
    0xCF, 0x6D, 0x54, 0xA2, 0x7C, 0xB3, 0x6D, 0xD8, 0x7F, 0x1E, 0x7C, 0x3E, 0x3A, 0x3A, 0xFC, 0xE9,
    0xC6, 0xF4, 0xA7, 0x8E, 0x5E, 0x52, 0x7F, 0x2E, 0x65, 0x8D, 0xE9, 0xDA, 0x33, 0x63, 0xFA, 0x77,
    0xBE, 0xE8, 0x42, 0x02, 0x7B, 0x95, 0x3E, 0x1C, 0xF5, 0xAA, 0xCD, 0x14, 0xDF, 0xBA, 0x08, 0x2A,
    0x91, 0x88, 0x80, 0x4A, 0x24, 0xDF, 0xA7, 0x5D, 0x79, 0xB3, 0xDA, 0x55, 0x6A, 0x27, 0x54, 0xE2,
    0x14, 0xD9, 0x2B, 0x91, 0x23, 0xEF, 0x75, 0x18, 0x9A, 0xC2, 0x52, 0x89, 0xFC, 0xDD, 0x75, 0x1E,
    0xB3, 0x60, 0x1F, 0x68, 0x9F, 0xCE, 0x5F, 0x01, 0x9D, 0x40, 0x0E, 0x8E, 0xCE, 0x20, 0x47, 0x47,
    0xA7, 0x50, 0x6D, 0xE0, 0x1C, 0xD2, 0x66, 0x9D, 0x44, 0xED, 0x4F, 0x7B, 0x2A, 0xC9, 0x34, 0x6A,
    0x6D, 0xED, 0xA6, 0xDA, 0xAD, 0xE3, 0xAF, 0x0E, 0x8C, 0x9C, 0x9D, 0x86, 0xA9, 0x2C, 0x9E, 0x3C,
    0x3A, 0x62, 0x5B, 0x7D, 0x9D, 0x89, 0xC0, 0x4F, 0x66, 0x37, 0x19, 0x59, 0xB8, 0x4A, 0xBE, 0x3E,
    0xE4, 0x7B, 0xBF, 0x46, 0xE1, 0xF7, 0xFB, 0x0B, 0x78, 0x08, 0x7E, 0x3E, 0xBF, 0x60, 0xB7, 0xA1,
    0x47, 0x89, 0xC7, 0x9F, 0x09, 0x4D, 0xB7, 0xD2, 0x61, 0x4D, 0x6B, 0xAF, 0x0C, 0x21, 0x83, 0x7B,
    0xE5, 0xD4, 0x99, 0x55, 0xA0, 0x56, 0x87, 0x2A, 0x94, 0x48, 0x7A, 0x15, 0x66, 0xA4, 0xCE, 0xEB,
    0x4D, 0xAD, 0x92, 0x39, 0x77, 0xEA, 0x10, 0xBA, 0x6D, 0xD1, 0xE3, 0x53, 0x2F, 0xD1, 0x81, 0xF9,
    0xDB, 0x0D, 0x35, 0x5D, 0x2D, 0x96, 0x54, 0x0D, 0x56, 0xC3, 0x69, 0xEF, 0x81, 0x67, 0x35, 0x37,
    0x1B, 0x56, 0x6B, 0xF3, 0x5E, 0x8D, 0x3D, 0xBD, 0xAC, 0xB6, 0xE6, 0x4B, 0x30, 0xB5, 0xEE, 0x56,
    0x4B, 0x73, 0x47, 0x57, 0x8F, 0x60, 0xDC, 0x95, 0xD3, 0x47, 0xFF, 0xB9, 0xF0, 0x3C, 0xE5, 0x32,
    0x95, 0x55, 0xFE, 0xDD, 0xA1, 0xF0, 0xFC, 0x66, 0xFB, 0xFB, 0xFD, 0xCE, 0xDE, 0x75, 0x6F, 0x79,
    0x6E, 0xF7, 0xF1, 0xB8, 0xF7, 0xAF, 0x12, 0xAF, 0x62, 0x1D, 0xA2, 0x1F, 0x3C, 0xA3, 0x06, 0xAE,
    0x1A, 0x26, 0x2E, 0xFE, 0xB0, 0xED, 0x57, 0xF3, 0x8C, 0xD3, 0x41, 0xA6, 0x0E, 0xA8, 0x11, 0x55,
    0x64, 0x86, 0xD6, 0xEA, 0x68, 0xA6, 0x33, 0x9A, 0x30, 0xCC, 0x50, 0xEB, 0x70, 0x27, 0x22, 0x21,
    0x5F, 0xBF, 0x48, 0x03, 0x3D, 0xE4, 0xD5, 0xAA, 0xB8, 0x5A, 0xA0, 0x55, 0xEA, 0xC4, 0x9E, 0xA4,
    0x5B, 0x6D, 0x48, 0xDF, 0xB3, 0xAB, 0x11, 0x79, 0x19, 0xE6, 0x6B, 0xBB, 0x6C, 0xD6, 0x94, 0x33,
    0x94, 0x95, 0x86, 0xAC, 0xAE, 0x05, 0x3A, 0xDA, 0x15, 0x6B, 0x08, 0xF5, 0x15, 0x19, 0xB3, 0x3E,
    0x08, 0xF9, 0x6B, 0x7E, 0x6E, 0x11, 0xCD, 0x28, 0x53, 0x11, 0x5D, 0x57, 0x6E, 0x64, 0x14, 0xD2,
    0x25, 0x1A, 0xCD, 0xDE, 0x25, 0xA0, 0x95, 0xD7, 0x9D, 0xDF, 0x89, 0xF2, 0xCF, 0xA8, 0xBE, 0xD0,
    0x5D, 0x40, 0x70, 0x9B, 0xED, 0x3D, 0x15, 0xB8, 0x56, 0xF7, 0x14, 0x26, 0x5C, 0x79, 0x65, 0x5A,
    0xFD, 0x07, 0xC9, 0xAC, 0x01, 0xAC, 0xAD, 0x6A, 0x04, 0x5F, 0x54, 0xA1, 0xAC, 0x62, 0x17, 0x53,
    0xB8, 0xE9, 0xD5, 0x48, 0x26, 0x75, 0x88, 0x78, 0xCE, 0x87, 0xD5, 0x21, 0x44, 0x6C, 0x98, 0xDB,
    0x6F, 0xFC, 0x94, 0xD7, 0x62, 0x5C, 0x7A, 0x67, 0x5D, 0x87, 0x3E, 0x9C, 0x35, 0x6E, 0x73, 0x7B,
    0x53, 0xE3, 0xB6, 0xC4, 0xF5, 0xB0, 0x16, 0x43, 0xE3, 0x76, 0x5E, 0xE3, 0x36, 0x99, 0x7E, 0xF9,
    0x24, 0x6E, 0x3B, 0x2A, 0x91, 0xCE, 0xEB, 0x7A, 0x93, 0x0E, 0xEC, 0x9C, 0x75, 0x1B, 0x79, 0x5E,
    0x39, 0x1E, 0x3D, 0xEB, 0x22, 0xA0, 0xEB, 0x95, 0xCE, 0xE9, 0x50, 0x5A, 0x9D, 0x11, 0x59, 0x82,
    0x81, 0x7E, 0x5A, 0x8F, 0x7C, 0xF0, 0x72, 0xA8, 0xD8, 0xE6, 0xEA, 0xD9, 0xEB, 0xFC, 0xBF, 0xFB,
    0x65, 0xBD, 0x37, 0xB1, 0x89, 0xE5, 0xE4, 0xA5, 0x9C, 0x48, 0x9A, 0x7E, 0x7F, 0xA5, 0x53, 0x67,
    0x64, 0xD2, 0x7C, 0x9B, 0xBF, 0x2C, 0x61, 0xA5, 0x6E, 0xAB, 0x92, 0x84, 0xBA, 0xB9, 0xE1, 0xF1,
    0x01, 0xD4, 0xCF, 0x8F, 0x68, 0xFB, 0xEB, 0xA8, 0x9F, 0x72, 0xD9, 0xED, 0x69, 0x41, 0x6B, 0xBA,
    0xA2, 0x99, 0xDA, 0x7F, 0x36, 0xB3, 0x82, 0x1C, 0x4B, 0x19, 0x6A, 0x6F, 0x57, 0xE5, 0x73, 0xBF,
    0xB7, 0x6B, 0x8D, 0xF7, 0x64, 0xF4, 0xF6, 0x31, 0xDA, 0xA8, 0x03, 0x3D, 0x73, 0x54, 0x77, 0xAB,
    0x8C, 0x33, 0x9A, 0x52, 0x74, 0xD5, 0x8D, 0x26, 0xCF, 0x86, 0x83, 0x4B, 0xEE, 0x91, 0xF1, 0x87,
    0xC9, 0x96, 0xEE, 0x57, 0x57, 0x9C, 0x8B, 0xE8, 0x24, 0x2F, 0x7D, 0xE6, 0xF0, 0x6F, 0x78, 0xDD,
    0x34, 0x1D, 0xD7, 0xCD, 0xCC, 0x19, 0x5D, 0x37, 0x8D, 0x67, 0xAE, 0x9B, 0x66, 0x34, 0xBA, 0x6E,
    0xA6, 0x73, 0xA9, 0xEB, 0x66, 0x2C, 0x03, 0xA8, 0x44, 0x24, 0x6B, 0xA2, 0xC9, 0xBF, 0xBD, 0xAE,
    0x9B, 0x35, 0x44, 0xCB, 0x83, 0x05, 0xB5, 0xC6, 0xD2, 0x0C, 0x0D, 0x25, 0xCF, 0x6B, 0x0D, 0xD5,
    0x42, 0x74, 0xDD, 0x2C, 0xC2, 0x5E, 0x30, 0xD6, 0x75, 0x53, 0x9A, 0x3B, 0xD7, 0xCD, 0x74, 0xDA,
    0x5C, 0x37, 0x35, 0xF7, 0xA8, 0x01, 0x61, 0xDD, 0x64, 0x08, 0x4F, 0x6B, 0xEE, 0x49, 0x54, 0x8D,
    0x45, 0xE7, 0x91, 0xB9, 0x27, 0x0F, 0xB9, 0xA7, 0xC4, 0x9A, 0x7B, 0xB8, 0x6E, 0x16, 0x30, 0x3F,
    0xE0, 0xBA, 0xC9, 0xDC, 0xE3, 0x96, 0x64, 0xF0, 0xB9, 0xE7, 0x8D, 0x6F, 0x4E, 0xC9, 0x68, 0x64,
    0x29, 0xAE, 0x7A, 0xF6, 0xB9, 0xA7, 0x4E, 0x96, 0x35, 0xBB, 0x47, 0xF2, 0x85, 0x0E, 0x54, 0xA2,
    0x0D, 0x61, 0x57, 0x8B, 0x46, 0x5D, 0xFA, 0xBE, 0xE8, 0xBA, 0x99, 0xDB, 0x52, 0xE7, 0xB1, 0x6C,
    0x72, 0xCF, 0x93, 0xCE, 0xAC, 0x57, 0x82, 0x57, 0x74, 0xDD, 0x2C, 0x6C, 0xA9, 0xF3, 0x98, 0xC9,
    0x72, 0xB2, 0xAE, 0xA8, 0x7F, 0x86, 0xA8, 0xEC, 0x38, 0x7F, 0xEA, 0x9F, 0x79, 0xB3, 0xFA, 0x67,
    0x89, 0xD5, 0x3F, 0x67, 0xF5, 0x4F, 0xF6, 0xAC, 0xFE, 0xA9, 0x25, 0xB6, 0xA8, 0xF9, 0xEA, 0x9F,
    0x6A, 0x3E, 0xBF, 0x75, 0x05, 0xFF, 0x9C, 0x56, 0xFF, 0xBC, 0xCA, 0xF9, 0xF3, 0xFE, 0xF9, 0x79,
    0xCE, 0x1F, 0xFD, 0x93, 0xF3, 0xE7, 0xFD, 0x33, 0xCC, 0xDF, 0xA0, 0xF3, 0x77, 0xEA, 0xE8, 0x89,
    0x9F, 0xEA, 0xFC, 0x9D, 0x3A, 0x3A, 0x7A, 0x91, 0xD7, 0x8C, 0x88, 0xE3, 0xB5, 0x5C, 0x44, 0xE7,
    0xA7, 0xD8, 0xFB, 0xB2, 0xE5, 0xFC, 0x6C, 0xC3, 0x54, 0x9C, 0x9F, 0x4F, 0xA3, 0x08, 0x71, 0x76,
    0x40, 0xB3, 0x4F, 0xFE, 0x06, 0x95, 0x6A, 0x45, 0x23, 0x39, 0xB3, 0x89, 0x23, 0xE7, 0x95, 0xE9,
    0xC8, 0x25, 0x8A, 0xE6, 0x95, 0x77, 0x38, 0xCC, 0x75, 0x2A, 0xC2, 0x10, 0x9F, 0xBC, 0x55, 0x55,
    0xEA, 0xE2, 0xC1, 0x8F, 0x73, 0xE3, 0x67, 0xC5, 0x95, 0x9E, 0xEF, 0xAF, 0x8C, 0x2D, 0xFB, 0x12,
    0x3A, 0x3F, 0xC3, 0x9A, 0x13, 0x33, 0xE9, 0xD6, 0x3A, 0x57, 0xD6, 0x22, 0xB7, 0xFE, 0x45, 0xC6,
    0x4E, 0x1F, 0xE9, 0x9B, 0xD6, 0xDC, 0xFA, 0x49, 0xF7, 0x5C, 0x72, 0xE6, 0x3C, 0xCF, 0x9E, 0xA3,
    0x99, 0x66, 0xC7, 0x53, 0x58, 0xE7, 0xDB, 0x50, 0xBA, 0x9E, 0x0E, 0xF9, 0x93, 0x27, 0x43, 0xF8,
    0xAD, 0xD1, 0x17, 0x82, 0x2F, 0xC4, 0x5E, 0x08, 0xBD, 0x10, 0x79, 0x21, 0xF0, 0x42, 0xDC, 0x85,
    0xB0, 0x0B, 0x51, 0xA7, 0x41, 0x07, 0x8D, 0xB9, 0x9E, 0xD4, 0xF0, 0x46, 0x46, 0x9C, 0x47, 0x06,
    0x9C, 0xA7, 0xB5, 0x4E, 0xD5, 0x71, 0x51, 0x32, 0x9D, 0xD2, 0x9D, 0xFF, 0xA7, 0xA2, 0x59, 0x31,
    0x1E, 0x95, 0xD2, 0x70, 0xA3, 0x55, 0x2A, 0x2A, 0xA5, 0x2B, 0x8A, 0xBA, 0x1D, 0x5D, 0xCB, 0x9C,
    0x9A, 0x7E, 0x27, 0x10, 0xAE, 0x1B, 0x25, 0xD7, 0x8C, 0x72, 0x8A, 0x27, 0x14, 0x13, 0x8E, 0x91,
    0x6B, 0xDD, 0xC0, 0x36, 0x8B, 0x8F, 0xFB, 0x1A, 0xE0, 0xE2, 0x43, 0xB4, 0xCC, 0x54, 0x62, 0x4B,
    0x17, 0x4B, 0x53, 0xBA, 0x64, 0xF1, 0xD7, 0xCD, 0x88, 0x5C, 0x73, 0xAE, 0x2C, 0x54, 0x9B, 0xDD,
    0x9E, 0x9A, 0xD7, 0x55, 0xAB, 0x6C, 0xED, 0x1A, 0xC2, 0x61, 0x0B, 0x35, 0x32, 0x36, 0x2A, 0x4D,
    0xE7, 0x54, 0x4C, 0xD3, 0xE1, 0x04, 0x70, 0xE7, 0xC1, 0xE1, 0xE0, 0xB6, 0x83, 0xE3, 0x51, 0xDA,
    0x9C, 0x89, 0x90, 0xE1, 0xD5, 0x95, 0x20, 0x97, 0xF6, 0xC6, 0xCA, 0xCF, 0x8F, 0xA7, 0x7C, 0xC7,
    0x55, 0x9B, 0xB8, 0x52, 0x86, 0xB2, 0x59, 0xBC, 0x9F, 0x27, 0x53, 0xFE, 0xDA, 0x58, 0x34, 0x4B,
    0x32, 0x65, 0xD2, 0xD7, 0xB8, 0x9C, 0x4C, 0xD1, 0x11, 0x5B, 0x4D, 0xC7, 0x55, 0x89, 0x50, 0xE9,
    0xF8, 0x14, 0xA0, 0x63, 0x63, 0xC8, 0x65, 0xB5, 0x2E, 0xFC, 0x1C, 0x68, 0xA3, 0xA9, 0x38, 0x0A,
    0xEB, 0x5C, 0x4E, 0xA6, 0x9A, 0x8D, 0x71, 0xF4, 0xD3, 0xE2, 0x9D, 0x5A, 0xC3, 0xD3, 0x88, 0x7C,
    0x54, 0x02, 0xFF, 0x3F, 0x63, 0x60, 0x60, 0xB0, 0xFF, 0xFF, 0xC7, 0xFE, 0xFF, 0x8F, 0xFA, 0xFF,
    0x5F, 0xEA, 0xFF, 0x7F, 0x00, 0x00, 0xAC, 0x95, 0x21, 0x90, 0xE3, 0x46, 0x10, 0x45, 0xC7, 0xF6,
    0xE6, 0x5C, 0x75, 0x02, 0x22, 0xE7, 0x90, 0x00, 0x73, 0x24, 0x8E, 0x64, 0x8E, 0x16, 0x5C, 0x72,
    0x9C, 0x86, 0x73, 0x99, 0xF3, 0xE0, 0x70, 0x4E, 0x93, 0x92, 0x39, 0x32, 0x49, 0xB0, 0xC0, 0xEE,
    0x56, 0x05, 0x45, 0x40, 0x40, 0xBB, 0x91, 0xFC, 0xA3, 0xFF, 0xA7, 0xBB, 0x6B, 0x78, 0x9D, 0x6A,
    0xAA, 0xF4, 0xE7, 0xD6, 0x27, 0x75, 0xBF, 0xD7, 0x53, 0x4A, 0xDB, 0xB5, 0xFB, 0x39, 0x7D, 0x7E,
    0x5C, 0x98, 0x3A, 0x0C, 0x3D, 0xA6, 0x2D, 0xEC, 0x81, 0xFF, 0xF0, 0xFB, 0xB2, 0xA5, 0x6A, 0xAD,
    0xB0, 0x1E, 0xD7, 0x2D, 0x9D, 0x97, 0x03, 0x96, 0x03, 0xFF, 0xAD, 0x9D, 0xF7, 0xFD, 0x7C, 0x18,
    0xF8, 0x1F, 0xA6, 0xD4, 0x4E, 0x89, 0x57, 0x3F, 0xA6, 0x6E, 0x54, 0xC2, 0x98, 0x7A, 0xA5, 0x06,
    0xBC, 0x66, 0xFE, 0x91, 0x41, 0x0F, 0xFE, 0x86, 0xD7, 0x5F, 0xF1, 0xFA, 0xBC, 0xA5, 0x03, 0x6E,
    0x7B, 0xDC, 0x92, 0xD2, 0xF5, 0x50, 0xA4, 0x2B, 0xD3, 0x11, 0x17, 0x4B, 0x15, 0xB8, 0x61, 0xAA,
    0xC1, 0x8D, 0xD2, 0x83, 0x1B, 0xA5, 0x95, 0x1B, 0x5E, 0xE7, 0x95, 0x4B, 0xEF, 0x5D, 0xB6, 0x5A,
    0x95, 0xDA, 0x85, 0x1B, 0xA5, 0x99, 0x9B, 0x64, 0x25, 0xCF, 0x51, 0x72, 0x14, 0xDF, 0x7B, 0xF1,
    0x91, 0x06, 0x2E, 0xE2, 0xC1, 0x3D, 0x6D, 0x4B, 0x54, 0x6E, 0xBB, 0x28, 0x34, 0x8A, 0xDF, 0x96,
    0xCA, 0xAB, 0x1E, 0xE9, 0x08, 0x06, 0xBE, 0xBD, 0x5E, 0x18, 0x4E, 0xFD, 0xF8, 0x25, 0x53, 0x69,
    0x71, 0xDD, 0x96, 0xD2, 0x8B, 0xBF, 0x5F, 0x0F, 0xEF, 0xDF, 0x73, 0x55, 0xC0, 0xA0, 0x37, 0xFC,
    0x8D, 0x39, 0x37, 0xDD, 0x2F, 0xF9, 0x49, 0xDD, 0x6C, 0xE5, 0x1B, 0xEF, 0x93, 0x15, 0xEC, 0xE5,
    0x06, 0xE9, 0xC1, 0x38, 0xDF, 0x45, 0xF9, 0x1B, 0x6E, 0x62, 0xBC, 0x2D, 0x27, 0xEC, 0x7C, 0x45,
    0x57, 0x4C, 0x2B, 0x23, 0x5A, 0x83, 0x2B, 0x73, 0x7D, 0x18, 0xD5, 0xD5, 0x99, 0x8A, 0x28, 0x97,
    0x78, 0xB6, 0xBA, 0xCF, 0x5C, 0xCE, 0x52, 0xE5, 0xB4, 0x8B, 0xDD, 0x1F, 0x7F, 0xA8, 0xAC, 0x06,
    0x93, 0x18, 0x56, 0xB8, 0x8A, 0x60, 0xFA, 0x2A, 0x7E, 0xC9, 0xE8, 0xD9, 0x5D, 0x37, 0x92, 0x73,
    0x6E, 0x46, 0x4D, 0x77, 0x03, 0x46, 0x62, 0x71, 0xED, 0xFB, 0x97, 0x93, 0xF1, 0x82, 0xF1, 0x7A,
    0x18, 0xAF, 0xD5, 0x78, 0x2D, 0xA1, 0xBB, 0x2C, 0x90, 0x31, 0xEB, 0x9D, 0xC4, 0x6B, 0xEC, 0x47,
    0xF1, 0x1A, 0x30, 0x8A, 0xD7, 0x33, 0x06, 0xF1, 0x52, 0xAD, 0xAE, 0xD7, 0xB9, 0xF9, 0x34, 0x56,
    0xC8, 0xB5, 0xD7, 0x9A, 0x49, 0xF1, 0xAA, 0x60, 0xBC, 0x20, 0x5E, 0xE2, 0x47, 0x58, 0xE2, 0xD6,
    0xFA, 0x7D, 0x4E, 0x8D, 0x95, 0xA3, 0xBB, 0x78, 0x3D, 0xE9, 0xDE, 0x20, 0xF3, 0x3A, 0x63, 0x16,
    0xAF, 0x23, 0xEE, 0xDF, 0x8D, 0x97, 0xCE, 0x76, 0x31, 0x62, 0x43, 0x4C, 0x19, 0x3E, 0xF0, 0x86,
    0xD9, 0x8E, 0x77, 0xCC, 0xDA, 0x01, 0xAB, 0xFB, 0xDD, 0xF7, 0x4B, 0x4C, 0x5C, 0x6B, 0x43, 0xE7,
    0x10, 0x8D, 0x63, 0x8C, 0x9E, 0x2E, 0xD2, 0xB4, 0x38, 0x08, 0xE8, 0x2F, 0x5C, 0x77, 0x3F, 0xE7,
    0x8E, 0x53, 0x31, 0xC8, 0x16, 0x70, 0x9D, 0xAF, 0x8F, 0x26, 0x0F, 0xBB, 0x96, 0x28, 0xC7, 0x80,
    0xAE, 0x3E, 0xA3, 0x62, 0x5D, 0xE2, 0x0E, 0xE2, 0x8D, 0x96, 0xCF, 0x80, 0x73, 0xD7, 0x2E, 0x9A,
    0x88, 0xB8, 0x89, 0x30, 0x01, 0x3D, 0x1D, 0x68, 0x66, 0xB9, 0xAB, 0x70, 0x93, 0x06, 0x0C, 0x66,
    0xC2, 0x4F, 0x7E, 0xCC, 0x46, 0x79, 0xF6, 0xE3, 0xF0, 0xC7, 0xE9, 0x77, 0x31, 0x4F, 0x5D, 0xB8,
    0x69, 0x42, 0x4F, 0x9E, 0xC9, 0xD2, 0xD0, 0xCB, 0xA7, 0x42, 0x11, 0x52, 0x76, 0xF4, 0x8E, 0x37,
    0x66, 0x97, 0xD4, 0xC9, 0xBA, 0x59, 0x5A, 0x93, 0x6B, 0x52, 0x2F, 0xEE, 0x49, 0xD9, 0x7B, 0x9C,
    0xDD, 0x94, 0xB6, 0xAE, 0x6A, 0xEC, 0x99, 0x7B, 0xCB, 0x63, 0x72, 0x59, 0xCF, 0x60, 0xCE, 0xB6,
    0xD8, 0xB6, 0x77, 0x4A, 0x0A, 0xCA, 0xF6, 0xA7, 0x10, 0xC6, 0x6C, 0xC6, 0x98, 0x5D, 0x19, 0x45,
    0xBA, 0x33, 0x9A, 0x74, 0x69, 0x52, 0xE9, 0xD6, 0x94, 0xA5, 0x4D, 0x06, 0xDD, 0x5B, 0x6D, 0x6D,
    0xF9, 0xC1, 0x71, 0x73, 0x4D, 0xD1, 0x56, 0xB3, 0x3E, 0x59, 0xA6, 0xB0, 0x3F, 0xA3, 0xC5, 0x1A,
    0x4B, 0x72, 0x7B, 0x3C, 0x44, 0xA1, 0xEF, 0x4B, 0x0A, 0x7F, 0xA5, 0xC0, 0xD2, 0x60, 0xA9, 0xB0,
    0x74, 0x58, 0x4A, 0x2C, 0x2D, 0x96, 0x1A, 0xFD, 0xFA, 0x04, 0x1D, 0x3B, 0xA1, 0xBD, 0xE6, 0x67,
    0xFF, 0x45, 0xA4, 0x62, 0xA1, 0x5F, 0xC6, 0x64, 0xD2, 0x94, 0x02, 0x7B, 0x68, 0x66, 0xEB, 0xAD,
    0x9D, 0xDC, 0x57, 0x0E, 0xC3, 0x4F, 0xC0, 0xAC, 0x36, 0x5A, 0x60, 0x52, 0x0F, 0x3F, 0xEA, 0xD3,
    0x59, 0x4A, 0xD9, 0x72, 0xD8, 0x09, 0x35, 0xF2, 0xE2, 0xF0, 0x3D, 0x84, 0x02, 0xE7, 0xEF, 0xF0,
    0x5D, 0x44, 0xF9, 0xBD, 0x74, 0xE6, 0xE2, 0xEF, 0x95, 0xB6, 0xEB, 0x2E, 0x57, 0xDA, 0x80, 0x4F,
    0x04, 0x99, 0x3F, 0x32, 0xF3, 0x03, 0x41, 0xAB, 0xA8, 0x53, 0xA6, 0x1D, 0xA8, 0x83, 0xB3, 0x43,
    0x76, 0xC2, 0x81, 0x37, 0xD8, 0x06, 0xD8, 0x92, 0x6A, 0xFF, 0x4F, 0x50, 0xBD, 0xE7, 0x27, 0xFD,
    0x96, 0xF9, 0xD4, 0xFE, 0x95, 0x3F, 0x8F, 0x3E, 0x37, 0x83, 0x87, 0xBB, 0xEC, 0x29, 0xE8, 0x37,
    0xA7, 0xEE, 0xAE, 0x36, 0x2A, 0x60, 0xF8, 0x0C, 0x2C, 0xA9, 0xFB, 0xC0, 0x78, 0x66, 0xC0, 0xB5,
    0x9D, 0x7E, 0xC0, 0xFB, 0xD7, 0x3D, 0xF8, 0x1C, 0x8C, 0xAC, 0xB4, 0x1E, 0x73, 0x4B, 0x97, 0xFA,
    0xC2, 0x96, 0x0E, 0x3E, 0x4C, 0x7B, 0xAC, 0xD6, 0x1B, 0x6B, 0x11, 0xF0, 0x0E, 0x8B, 0x7F, 0x11,
    0x8C, 0xF3, 0x0E, 0xB8, 0xD8, 0xA8, 0xE3, 0x4A, 0xCE, 0x15, 0x1D, 0x31, 0xB4, 0xB7, 0x84, 0x1B,
    0x81, 0x77, 0x5B, 0xB8, 0x2A, 0xDC, 0x77, 0xB8, 0xD4, 0x48, 0x97, 0x76, 0x3A, 0xF2, 0xBC, 0xFC,
    0x7B, 0x3B, 0x53, 0xF9, 0x11, 0xB8, 0xEC, 0xC1, 0xEF, 0x26, 0xFD, 0xFF, 0x3F, 0xD6, 0x00, 0x06,
    0x70, 0xA8, 0x02, 0x00, 0x62, 0x40, 0x06, 0x15, 0x50, 0x1A, 0xC0, 0xC2, 0x1C, 0x1B, 0x21, 0x0C,
    0x03, 0x41, 0x14, 0x5D, 0xD9, 0x01, 0x01, 0x29, 0xB9, 0x4A, 0x70, 0x09, 0x0E, 0x29, 0x81, 0x72,
    0xEC, 0x4E, 0x28, 0x05, 0x4A, 0xA0, 0x04, 0x97, 0x40, 0x40, 0xA0, 0x19, 0xC4, 0x2D, 0xBB, 0x73,
    0x52, 0xF4, 0x47, 0xF7, 0xEE, 0x4A, 0x8C, 0x38, 0x71, 0xCF, 0xA8, 0x3C, 0x32, 0x36, 0xB6, 0x24,
    0x64, 0x0C, 0xC2, 0x44, 0xF5, 0x85, 0x45, 0x48, 0x04, 0x97, 0xB9, 0x99, 0xFC, 0x10, 0x08, 0x93,
    0x5E, 0x88, 0x4D, 0xA8, 0xC6, 0x44, 0xAC, 0x42, 0x1B, 0xBF, 0x8A, 0xE6, 0x2B, 0x54, 0x84, 0xAF,
    0x30, 0xF0, 0xE0, 0x5E, 0x15, 0x1D, 0xE4, 0xB1, 0x2A, 0x3E, 0x33, 0xD9, 0x16, 0x85, 0xBF, 0xDF,
    0x67, 0x85, 0x17, 0x9E, 0x13, 0x49, 0x4D, 0x08, 0x2D, 0xF0, 0x6A, 0x0F, 0xA1, 0xBB, 0x08, 0x20,
    0x64, 0x02, 0x18, 0x99, 0x08, 0xC5, 0x6C, 0x22, 0xD4, 0x8B, 0x89, 0x50, 0x87, 0x89, 0x50, 0x2F,
    0x26, 0x46, 0x37, 0x13, 0xA3, 0x24, 0x42, 0x49, 0x84, 0x88, 0xF1, 0xFE, 0xDB, 0x03, 0x63, 0x28,
    0x80, 0x08, 0x00,
};

static const EpdGlyph notoserif_en_18_bolditalicGlyphs[] = {
    { 0, 0, 156, 0, 0, 0, 0 }, // U+0020
    { 13, 28, 237, 2, 27, 91, 0 }, // !
    { 16, 11, 305, 5, 27, 44, 91 }, // "
    { 21, 27, 335, 1, 27, 142, 135 }, // #
    { 21, 32, 335, 0, 29, 168, 277 }, // $
    { 31, 29, 538, 2, 28, 225, 445 }, // %
    { 29, 29, 481, 1, 28, 211, 670 }, // &
    { 8, 11, 174, 5, 27, 22, 881 }, // '
    { 17, 35, 240, 1, 29, 149, 903 }, // (
    { 17, 35, 240, -2, 29, 149, 1052 }, // )
    { 17, 16, 371, 5, 29, 68, 1201 }, // *
    { 17, 17, 335, 2, 22, 73, 1269 }, // +
    { 9, 12, 182, -1, 6, 27, 1342 }, // ,
    { 11, 5, 186, 0, 13, 14, 1369 }, // -
    { 7, 7, 182, 1, 6, 13, 1383 }, // .
    { 20, 34, 173, -4, 29, 170, 1396 }, // /
    { 21, 29, 335, 1, 28, 153, 1566 }, // 0
    { 18, 27, 310, 0, 27, 122, 1719 }, // 1
    { 23, 28, 335, -1, 28, 161, 1841 }, // 2
    { 22, 29, 335, -1, 28, 160, 2002 }, // 3
    { 21, 27, 335, 0, 27, 142, 2162 }, // 4
    { 22, 28, 335, 0, 27, 154, 2304 }, // 5
    { 22, 29, 335, 1, 28, 160, 2458 }, // 6
    { 22, 27, 335, 2, 27, 149, 2618 }, // 7
    { 22, 29, 335, 0, 28, 160, 2767 }, // 8
    { 20, 29, 335, 1, 28, 145, 2927 }, // 9
    { 11, 22, 215, 1, 21, 61, 3072 }, // :
    { 13, 27, 215, -1, 21, 88, 3133 }, // ;
    { 17, 20, 335, 2, 23, 85, 3221 }, // <
    { 17, 11, 335, 2, 19, 47, 3306 }, // =
    { 17, 20, 335, 2, 23, 85, 3353 }, // >
    { 18, 29, 321, 3, 28, 131, 3438 }, // ?
    { 32, 33, 553, 1, 27, 264, 3569 }, // @
    { 29, 27, 452, -2, 27, 196, 3833 }, // A
    { 27, 27, 403, -1, 27, 183, 4029 }, // B
    { 25, 29, 401, 2, 28, 182, 4212 }, // C
    { 30, 27, 461, -1, 27, 203, 4394 }, // D
    { 27, 27, 380, -1, 27, 183, 4597 }, // E
    { 27, 27, 373, -1, 27, 183, 4780 }, // F
    { 27, 29, 478, 2, 28, 196, 4963 }, // G
    { 35, 27, 491, -1, 27, 237, 5159 }, // H
    { 19, 27, 241, -1, 27, 129, 5396 }, // I
    { 24, 36, 241, -6, 27, 216, 5525 }, // J
    { 32, 27, 445, -1, 27, 216, 5741 }, // K
    { 25, 27, 392, -1, 27, 169, 5957 }, // L
    { 40, 27, 571, -1, 27, 270, 6126 }, // M
    { 34, 27, 473, -1, 27, 230, 6396 }, // N
    { 27, 29, 475, 2, 28, 196, 6626 }, // O
    { 27, 27, 398, -1, 27, 183, 6822 }, // P
    { 27, 37, 472, 2, 28, 250, 7005 }, // Q
    { 27, 27, 424, -1, 27, 183, 7255 }, // R
    { 23, 29, 352, 0, 28, 167, 7438 }, // S
    { 26, 27, 392, 2, 27, 176, 7605 }, // T
    { 29, 28, 448, 3, 27, 203, 7781 }, // U
    { 27, 27, 419, 3, 27, 183, 7984 }, // V
    { 41, 27, 640, 3, 27, 277, 8167 }, // W
    { 32, 27, 439, -2, 27, 216, 8444 }, // X
    { 27, 27, 416, 3, 27, 183, 8660 }, // Y
    { 28, 27, 400, -1, 27, 189, 8843 }, // Z
    { 19, 34, 248, 0, 29, 162, 9032 }, // [
    { 5, 34, 173, 4, 29, 43, 9194 }, // <backslash>
    { 18, 34, 248, -2, 29, 153, 9237 }, // ]
    { 19, 18, 335, 1, 27, 86, 9390 }, // ^
    { 19, 3, 275, -4, -3, 15, 9476 }, // _
    { 9, 7, 200, 5, 29, 16, 9491 }, // `
    { 23, 22, 399, 1, 21, 127, 9507 }, // a
    { 22, 30, 374, 0, 29, 165, 9634 }, // b
    { 19, 22, 317, 1, 21, 105, 9799 }, // c
    { 24, 30, 399, 1, 29, 180, 9904 }, // d
    { 19, 22, 321, 1, 21, 105, 10084 }, // e
    { 28, 38, 242, -6, 29, 266, 10189 }, // f
    { 27, 31, 348, -3, 22, 210, 10455 }, // g
    { 24, 30, 394, 0, 29, 180, 10665 }, // h
    { 11, 30, 212, 2, 29, 83, 10845 }, // i
    { 19, 38, 203, -6, 29, 181, 10928 }, // j
    { 24, 29, 358, 0, 29, 174, 11109 }, // k
    { 12, 30, 212, 1, 29, 90, 11283 }, // l
    { 35, 22, 581, 1, 21, 193, 11373 }, // m
    { 24, 22, 403, 1, 21, 132, 11566 }, // n
    { 21, 22, 371, 1, 21, 116, 11698 }, // o
    { 24, 30, 374, -2, 21, 180, 11814 }, // p
    { 22, 30, 379, 1, 21, 165, 11994 }, // q
    { 20, 21, 331, 1, 21, 105, 12159 }, // r
    { 19, 22, 308, 0, 21, 105, 12264 }, // s
    { 14, 26, 250, 2, 25, 91, 12369 }, // t
    { 23, 22, 404, 2, 21, 127, 12460 }, // u
    { 21, 22, 352, 0, 21, 116, 12587 }, // v
    { 31, 22, 525, 1, 21, 171, 12703 }, // w
    { 24, 21, 362, -1, 21, 126, 12874 }, // x
    { 28, 30, 352, -7, 21, 210, 13000 }, // y
    { 20, 21, 335, 0, 21, 105, 13210 }, // z
    { 19, 34, 265, 1, 29, 162, 13315 }, // {
    { 3, 38, 335, 9, 29, 29, 13477 }, // |
    { 20, 34, 265, -3, 29, 170, 13506 }, // }
    { 19, 8, 335, 1, 17, 38, 13676 }, // ~
    { 0, 0, 156, 0, 0, 0, 0 }, // U+00A0
    { 12, 28, 237, 0, 21, 84, 0 }, // U+00A1
    { 20, 27, 335, 2, 27, 135, 84 }, // U+00A2
    { 23, 29, 335, -1, 28, 167, 219 }, // U+00A3
    { 17, 17, 335, 3, 22, 73, 386 }, // U+00A4
    { 24, 27, 335, 1, 27, 162, 459 }, // U+00A5
    { 3, 38, 335, 9, 29, 29, 621 }, // U+00A6
    { 21, 34, 326, 0, 29, 179, 650 }, // U+00A7
    { 14, 6, 346, 6, 29, 21, 829 }, // U+00A8
    { 28, 29, 507, 2, 28, 203, 850 }, // U+00A9
    { 16, 13, 259, 2, 27, 52, 1053 }, // U+00AA
    { 18, 16, 332, 2, 18, 72, 1105 }, // U+00AB
    { 17, 10, 335, 2, 15, 43, 1177 }, // U+00AC
    { 11, 5, 186, 0, 13, 14, 1220 }, // U+00AD
    { 28, 29, 507, 2, 28, 203, 1234 }, // U+00AE
    { 19, 3, 275, 3, 31, 15, 1437 }, // U+00AF
    { 13, 13, 240, 4, 28, 43, 1452 }, // U+00B0
    { 17, 22, 335, 2, 22, 94, 1495 }, // U+00B1
    { 15, 17, 240, 2, 31, 64, 1589 }, // U+00B2
    { 15, 17, 240, 2, 31, 64, 1653 }, // U+00B3
    { 11, 7, 195, 4, 29, 20, 1717 }, // U+00B4
    { 26, 30, 406, -1, 21, 195, 1737 }, // U+00B5
    { 21, 34, 376, 2, 29, 179, 1932 }, // U+00B6
    { 7, 7, 182, 3, 17, 13, 2111 }, // U+00B7
    { 11, 10, 200, 0, 1, 28, 2124 }, // U+00B8
    { 12, 17, 240, 3, 31, 51, 2152 }, // U+00B9
    { 15, 13, 244, 2, 27, 49, 2203 }, // U+00BA
    { 19, 16, 332, 0, 18, 76, 2252 }, // U+00BB
    { 30, 28, 529, 2, 27, 210, 2328 }, // U+00BC
    { 30, 28, 529, 2, 27, 210, 2538 }, // U+00BD
    { 31, 28, 529, 1, 27, 217, 2748 }, // U+00BE
    { 17, 29, 321, 0, 21, 124, 2965 }, // U+00BF
    { 29, 35, 452, -2, 35, 254, 3089 }, // U+00C0
    { 29, 35, 452, -2, 35, 254, 3343 }, // U+00C1
    { 29, 35, 452, -2, 35, 254, 3597 }, // U+00C2
    { 29, 35, 452, -2, 35, 254, 3851 }, // U+00C3
    { 29, 35, 452, -2, 35, 254, 4105 }, // U+00C4
    { 29, 34, 452, -2, 34, 247, 4359 }, // U+00C5
    { 41, 27, 596, -2, 27, 277, 4606 }, // U+00C6
    { 25, 37, 401, 2, 28, 232, 4883 }, // U+00C7
    { 27, 35, 380, -1, 35, 237, 5115 }, // U+00C8
    { 27, 35, 380, -1, 35, 237, 5352 }, // U+00C9
    { 27, 35, 380, -1, 35, 237, 5589 }, // U+00CA
    { 27, 35, 380, -1, 35, 237, 5826 }, // U+00CB
    { 19, 35, 241, -1, 35, 167, 6063 }, // U+00CC
    { 21, 35, 241, -1, 35, 184, 6230 }, // U+00CD
    { 20, 35, 241, -1, 35, 175, 6414 }, // U+00CE
    { 20, 35, 241, -1, 35, 175, 6589 }, // U+00CF
    { 30, 27, 461, -1, 27, 203, 6764 }, // U+00D0
    { 34, 35, 473, -1, 35, 298, 6967 }, // U+00D1
    { 27, 36, 475, 2, 35, 243, 7265 }, // U+00D2
    { 27, 36, 475, 2, 35, 243, 7508 }, // U+00D3
    { 27, 36, 475, 2, 35, 243, 7751 }, // U+00D4
    { 27, 36, 475, 2, 35, 243, 7994 }, // U+00D5
    { 27, 36, 475, 2, 35, 243, 8237 }, // U+00D6
    { 15, 15, 335, 3, 21, 57, 8480 }, // U+00D7
    { 27, 31, 475, 2, 29, 210, 8537 }, // U+00D8
    { 29, 36, 448, 3, 35, 261, 8747 }, // U+00D9
    { 29, 36, 448, 3, 35, 261, 9008 }, // U+00DA
    { 29, 36, 448, 3, 35, 261, 9269 }, // U+00DB
    { 29, 36, 448, 3, 35, 261, 9530 }, // U+00DC
    { 27, 35, 416, 3, 35, 237, 9791 }, // U+00DD
    { 25, 27, 383, -1, 27, 169, 10028 }, // U+00DE
    { 31, 38, 417, -6, 29, 295, 10197 }, // U+00DF
    { 23, 30, 399, 1, 29, 173, 10492 }, // U+00E0
    { 23, 30, 399, 1, 29, 173, 10665 }, // U+00E1
    { 23, 30, 399, 1, 29, 173, 10838 }, // U+00E2
    { 23, 30, 399, 1, 29, 173, 11011 }, // U+00E3
    { 23, 30, 399, 1, 29, 173, 11184 }, // U+00E4
    { 23, 32, 399, 1, 31, 184, 11357 }, // U+00E5
    { 32, 22, 528, 1, 21, 176, 11541 }, // U+00E6
    { 19, 30, 317, 1, 21, 143, 11717 }, // U+00E7
    { 19, 30, 321, 1, 29, 143, 11860 }, // U+00E8
    { 21, 30, 321, 1, 29, 158, 12003 }, // U+00E9
    { 20, 30, 321, 1, 29, 150, 12161 }, // U+00EA
    { 19, 30, 321, 1, 29, 143, 12311 }, // U+00EB
    { 11, 30, 212, 2, 29, 83, 12454 }, // U+00EC
    { 15, 30, 212, 2, 29, 113, 12537 }, // U+00ED
    { 14, 30, 212, 1, 29, 105, 12650 }, // U+00EE
    { 14, 30, 212, 1, 29, 105, 12755 }, // U+00EF
    { 21, 30, 369, 1, 29, 158, 12860 }, // U+00F0
    { 24, 30, 403, 1, 29, 180, 13018 }, // U+00F1
    { 21, 30, 371, 1, 29, 158, 13198 }, // U+00F2
    { 22, 30, 371, 1, 29, 165, 13356 }, // U+00F3
    { 21, 30, 371, 1, 29, 158, 13521 }, // U+00F4
    { 22, 30, 371, 1, 29, 165, 13679 }, // U+00F5
    { 21, 30, 371, 1, 29, 158, 13844 }, // U+00F6
    { 17, 19, 335, 2, 23, 81, 14002 }, // U+00F7
    { 23, 24, 371, 0, 22, 138, 14083 }, // U+00F8
    { 23, 30, 404, 2, 29, 173, 14221 }, // U+00F9
    { 23, 30, 404, 2, 29, 173, 14394 }, // U+00FA
    { 23, 30, 404, 2, 29, 173, 14567 }, // U+00FB
    { 23, 30, 404, 2, 29, 173, 14740 }, // U+00FC
    { 28, 38, 352, -7, 29, 266, 14913 }, // U+00FD
    { 24, 38, 374, -2, 29, 228, 15179 }, // U+00FE
    { 28, 38, 352, -7, 29, 266, 15407 }, // U+00FF
    { 37, 29, 595, 2, 28, 269, 0 }, // U+0152
    { 33, 22, 541, 1, 21, 182, 269 }, // U+0153
    { 23, 36, 352, 0, 35, 207, 451 }, // U+0160
    { 21, 30, 308, 0, 29, 158, 658 }, // U+0161
    { 27, 35, 416, 3, 35, 237, 816 }, // U+0178
    { 28, 35, 400, -1, 35, 245, 1053 }, // U+017D
    { 21, 29, 335, 0, 29, 153, 1298 }, // U+017E
    { 29, 39, 299, -4, 29, 283, 0 }, // U+0192
    { 14, 7, 261, 4, 29, 25, 0 }, // U+02C6
    { 16, 7, 270, 4, 29, 28, 25 }, // U+02DC
    { 9, 7, 0, -18, 29, 16, 0 }, // U+0300
    { 11, 7, 0, -12, 29, 20, 16 }, // U+0301
    { 15, 7, 0, -5, 29, 27, 36 }, // U+0302
    { 16, 7, 0, -18, 29, 28, 63 }, // U+0303
    { 12, 4, 0, -3, 26, 12, 91 }, // U+0304
    { 12, 4, 0, -2, 32, 12, 103 }, // U+0305
    { 13, 7, 0, -3, 29, 23, 115 }, // U+0306
    { 7, 6, 0, 0, 29, 11, 138 }, // U+0307
    { 14, 6, 0, -4, 29, 21, 149 }, // U+0308
    { 10, 9, 0, -14, 31, 23, 170 }, // U+0309
    { 10, 9, 0, -2, 31, 23, 193 }, // U+030A
    { 17, 7, 0, -5, 29, 30, 216 }, // U+030B
    { 15, 7, 0, -3, 29, 27, 246 }, // U+030C
    { 5, 7, 0, 1, 29, 9, 273 }, // U+030D
    { 11, 7, 0, -2, 29, 20, 282 }, // U+030E
    { 16, 7, 0, -17, 29, 28, 302 }, // U+030F
    { 13, 12, 0, -3, 34, 39, 330 }, // U+0310
    { 12, 7, 0, -3, 29, 21, 369 }, // U+0311
    { 10, 12, 0, -2, 27, 30, 390 }, // U+0312
    { 10, 12, 0, -3, 27, 30, 420 }, // U+0313
    { 7, 12, 0, -1, 27, 21, 450 }, // U+0314
    { 10, 12, 0, -3, 27, 30, 471 }, // U+0315
    { 10, 7, 0, -8, -2, 18, 501 }, // U+0316
    { 11, 7, 0, -9, -2, 20, 519 }, // U+0317
    { 7, 7, 0, -5, -1, 13, 539 }, // U+0318
    { 8, 7, 0, -6, -1, 14, 552 }, // U+0319
    { 12, 11, 224, 3, 29, 33, 566 }, // U+031A
    { 9, 9, 0, -3, 29, 21, 599 }, // U+031B
    { 7, 9, 0, -6, 0, 16, 620 }, // U+031C
    { 8, 7, 0, -7, -1, 14, 636 }, // U+031D
    { 8, 7, 0, -6, -1, 14, 650 }, // U+031E
    { 9, 8, 0, -7, -1, 18, 664 }, // U+031F
    { 10, 3, 0, -8, -3, 8, 682 }, // U+0320
    { 10, 10, 0, -10, 2, 25, 690 }, // U+0321
    { 8, 10, 0, -4, 2, 20, 715 }, // U+0322
    { 8, 6, 0, -18, -2, 12, 735 }, // U+0323
    { 15, 6, 0, -10, -1, 23, 747 }, // U+0324
    { 10, 9, 0, -8, -1, 23, 770 }, // U+0325
    { 8, 7, 0, -7, -2, 14, 793 }, // U+0326
    { 10, 10, 0, -7, 1, 25, 807 }, // U+0327
    { 10, 9, 0, -8, 0, 23, 832 }, // U+0328
    { 5, 7, 0, -5, -1, 9, 855 }, // U+0329
    { 15, 7, 0, -10, -2, 27, 864 }, // U+032A
    { 14, 5, 0, -9, -2, 18, 891 }, // U+032B
    { 14, 7, 0, -9, -2, 25, 909 }, // U+032C
    { 14, 7, 0, -10, -2, 25, 934 }, // U+032D
    { 13, 7, 0, -9, -2, 23, 959 }, // U+032E
    { 12, 7, 0, -9, -1, 21, 982 }, // U+032F
    { 16, 7, 0, -11, -2, 28, 1003 }, // U+0330
    { 13, 4, 0, -9, -2, 13, 1031 }, // U+0331
    { 17, 4, 0, -19, -3, 17, 1044 }, // U+0332
    { 19, 8, 0, -20, -1, 38, 1061 }, // U+0333
    { 16, 7, 0, -8, 14, 28, 1099 }, // U+0334
    { 16, 4, 0, -8, 13, 16, 1127 }, // U+0335
    { 26, 4, 0, -13, 13, 26, 1143 }, // U+0336
    { 16, 11, 0, -8, 16, 44, 1169 }, // U+0337
    { 23, 33, 0, -11, 29, 190, 1213 }, // U+0338
    { 6, 9, 0, -5, 0, 14, 1403 }, // U+0339
    { 15, 7, 0, -10, -2, 27, 1417 }, // U+033A
    { 16, 8, 0, -11, -1, 32, 1444 }, // U+033B
    { 13, 5, 0, -9, -2, 17, 1476 }, // U+033C
    { 8, 8, 0, -1, 29, 16, 1493 }, // U+033D
    { 7, 12, 0, 0, 33, 21, 1509 }, // U+033E
    { 18, 8, 0, -4, 36, 36, 1530 }, // U+033F
    { 9, 7, 0, -3, 29, 16, 1566 }, // U+0340
    { 11, 7, 0, -1, 29, 20, 1582 }, // U+0341
    { 16, 7, 0, -5, 29, 28, 1602 }, // U+0342
    { 7, 9, 0, 1, 31, 16, 1630 }, // U+0343
    { 17, 9, 0, -5, 30, 39, 1646 }, // U+0344
    { 8, 8, 0, -2, -1, 16, 1685 }, // U+0345
    { 15, 7, 0, -4, 29, 27, 1701 }, // U+0346
    { 18, 8, 0, -11, -1, 36, 1728 }, // U+0347
    { 11, 7, 0, -8, -1, 20, 1764 }, // U+0348
    { 8, 7, 0, -5, -2, 14, 1784 }, // U+0349
    { 17, 9, 0, -5, 30, 39, 1798 }, // U+034A
    { 17, 17, 0, -5, 38, 73, 1837 }, // U+034B
    { 16, 14, 0, -5, 35, 56, 1910 }, // U+034C
    { 12, 8, 0, -9, -1, 24, 1966 }, // U+034D
    { 8, 9, 0, -7, 0, 18, 1990 }, // U+034E
    { 28, 27, 0, -14, 27, 189, 2008 }, // U+034F
    { 7, 9, 0, -1, 30, 16, 2197 }, // U+0350
    { 6, 9, 0, 0, 31, 14, 2213 }, // U+0351
    { 13, 11, 0, -3, 33, 36, 2227 }, // U+0352
    { 9, 8, 0, -7, -1, 18, 2263 }, // U+0353
    { 9, 8, 0, -7, -1, 18, 2281 }, // U+0354
    { 9, 8, 0, -7, -1, 18, 2299 }, // U+0355
    { 15, 8, 0, -10, -1, 30, 2317 }, // U+0356
    { 7, 9, 0, -1, 31, 16, 2347 }, // U+0357
    { 8, 6, 0, 5, 29, 12, 2363 }, // U+0358
    { 10, 10, 0, -5, 0, 25, 2375 }, // U+0359
    { 14, 8, 0, -10, -1, 28, 2400 }, // U+035A
    { 8, 8, 0, -1, 30, 16, 2428 }, // U+035B
    { 29, 7, 0, -17, -1, 51, 2444 }, // U+035C
    { 30, 8, 0, -11, 30, 60, 2495 }, // U+035D
    { 24, 4, 0, -9, 26, 24, 2555 }, // U+035E
    { 24, 4, 0, -15, -2, 24, 2579 }, // U+035F
    { 33, 7, 0, -13, 29, 58, 2603 }, // U+0360
    { 32, 7, 0, -13, 32, 56, 2661 }, // U+0361
    { 23, 8, 0, -15, -1, 46, 2717 }, // U+0362
    { 11, 9, 0, -2, 32, 25, 2763 }, // U+0363
    { 10, 9, 0, -1, 32, 23, 2788 }, // U+0364
    { 6, 12, 0, 1, 35, 18, 2811 }, // U+0365
    { 10, 9, 0, -1, 32, 23, 2829 }, // U+0366
    { 12, 9, 0, -2, 32, 27, 2852 }, // U+0367
    { 10, 9, 0, -1, 32, 23, 2879 }, // U+0368
    { 11, 12, 0, -2, 35, 33, 2902 }, // U+0369
    { 11, 12, 0, -2, 35, 33, 2935 }, // U+036A
    { 16, 9, 0, -4, 32, 36, 2968 }, // U+036B
    { 10, 9, 0, -1, 32, 23, 3004 }, // U+036C
    { 7, 11, 0, 1, 34, 20, 3027 }, // U+036D
    { 11, 9, 0, -2, 32, 25, 3047 }, // U+036E
    { 11, 9, 0, -2, 32, 25, 3072 }, // U+036F
    { 0, 0, 300, 0, 0, 0, 0 }, // U+2000
    { 0, 0, 600, 0, 0, 0, 0 }, // U+2001
    { 0, 0, 300, 0, 0, 0, 0 }, // U+2002
    { 0, 0, 600, 0, 0, 0, 0 }, // U+2003
    { 0, 0, 200, 0, 0, 0, 0 }, // U+2004
    { 0, 0, 150, 0, 0, 0, 0 }, // U+2005
    { 0, 0, 100, 0, 0, 0, 0 }, // U+2006
    { 0, 0, 335, 0, 0, 0, 0 }, // U+2007
    { 0, 0, 182, 0, 0, 0, 0 }, // U+2008
    { 0, 0, 100, 0, 0, 0, 0 }, // U+2009
    { 0, 0, 60, 0, 0, 0, 0 }, // U+200A
    { 0, 0, 0, 0, 0, 0, 0 }, // U+200B
    { 2, 29, 0, -1, 24, 15, 0 }, // U+200C
    { 10, 31, 0, -5, 26, 78, 15 }, // U+200D
    { 9, 31, 0, -1, 26, 70, 93 }, // U+200E
    { 9, 31, 0, -8, 26, 70, 163 }, // U+200F
    { 11, 5, 186, 0, 13, 14, 233 }, // U+2010
    { 11, 5, 186, 0, 13, 14, 247 }, // U+2011
    { 20, 3, 335, 1, 15, 15, 261 }, // U+2012
    { 21, 4, 300, -1, 12, 21, 276 }, // U+2013
    { 40, 4, 600, -1, 12, 40, 297 }, // U+2014
    { 40, 4, 600, -1, 12, 40, 337 }, // U+2015
    { 12, 38, 335, 5, 29, 114, 377 }, // U+2016
    { 20, 8, 247, -4, 0, 40, 491 }, // U+2017
    { 9, 12, 168, 4, 27, 27, 531 }, // U+2018
    { 9, 12, 168, 3, 27, 27, 558 }, // U+2019
    { 9, 12, 168, -1, 6, 27, 585 }, // U+201A
    { 8, 12, 168, 4, 27, 24, 612 }, // U+201B
    { 17, 12, 293, 4, 27, 51, 636 }, // U+201C
    { 17, 12, 293, 3, 27, 51, 687 }, // U+201D
    { 17, 12, 293, -1, 6, 51, 738 }, // U+201E
    { 16, 12, 293, 4, 27, 48, 789 }, // U+201F
    { 18, 34, 287, 2, 29, 153, 837 }, // U+2020
    { 21, 34, 287, -1, 29, 179, 990 }, // U+2021
    { 12, 13, 240, 2, 20, 39, 1169 }, // U+2022
    { 13, 13, 300, 5, 20, 43, 1208 }, // U+2023
    { 7, 7, 182, 3, 17, 13, 1251 }, // U+2024
    { 18, 7, 353, 3, 17, 32, 1264 }, // U+2025
    { 30, 7, 549, 1, 6, 53, 1296 }, // U+2026
    { 8, 7, 182, 2, 14, 14, 1349 }, // U+2027
    { 0, 0, 360, 0, 0, 0, 1363 }, // U+2028
    { 0, 0, 360, 0, 0, 0, 1363 }, // U+2029
    { 9, 28, 0, -1, 23, 63, 1363 }, // U+202A
    { 9, 28, 0, -8, 23, 63, 1426 }, // U+202B
    { 10, 31, 0, -5, 26, 78, 1489 }, // U+202C
    { 10, 31, 0, -5, 26, 78, 1567 }, // U+202D
    { 10, 31, 0, -5, 26, 78, 1645 }, // U+202E
    { 0, 0, 100, 0, 0, 0, 1723 }, // U+202F
    { 46, 29, 781, 2, 28, 334, 1723 }, // U+2030
    { 61, 29, 1023, 2, 28, 443, 2057 }, // U+2031
    { 9, 11, 174, 4, 27, 25, 2500 }, // U+2032
    { 18, 11, 311, 4, 27, 50, 2525 }, // U+2033
    { 27, 11, 448, 4, 27, 75, 2575 }, // U+2034
    { 8, 11, 174, 5, 27, 22, 2650 }, // U+2035
    { 16, 11, 311, 5, 27, 44, 2672 }, // U+2036
    { 25, 11, 448, 5, 27, 69, 2716 }, // U+2037
    { 15, 11, 264, -1, 2, 42, 2785 }, // U+2038
    { 11, 16, 212, 2, 18, 44, 2827 }, // U+2039
    { 11, 16, 212, 0, 18, 44, 2871 }, // U+203A
    { 27, 27, 491, 2, 27, 183, 2915 }, // U+203B
    { 22, 28, 377, 2, 27, 154, 3098 }, // U+203C
    { 20, 29, 347, 3, 28, 145, 3252 }, // U+203D
    { 19, 3, 275, 3, 31, 15, 3397 }, // U+203E
    { 29, 7, 0, -26, -1, 51, 3412 }, // U+203F
    { 31, 7, 0, -24, 32, 55, 3463 }, // U+2040
    { 18, 27, 270, -2, 27, 122, 3518 }, // U+2041
    { 36, 30, 600, 0, 29, 270, 3640 }, // U+2042
    { 12, 7, 217, 1, 17, 21, 3910 }, // U+2043
    { 23, 27, 37, -10, 27, 156, 3931 }, // U+2044
    { 19, 34, 248, 0, 29, 162, 4087 }, // U+2045
    { 18, 34, 248, -2, 29, 153, 4249 }, // U+2046
    { 38, 29, 639, 3, 28, 276, 4402 }, // U+2047
    { 29, 29, 506, 3, 28, 211, 4678 }, // U+2048
    { 31, 29, 505, 2, 28, 225, 4889 }, // U+2049
    { 19, 29, 366, 1, 22, 138, 5114 }, // U+204A
    { 21, 34, 376, 4, 29, 179, 5252 }, // U+204B
    { 21, 14, 370, 1, 21, 74, 5431 }, // U+204C
    { 21, 14, 370, 1, 21, 74, 5505 }, // U+204D
    { 18, 16, 301, 1, 21, 72, 5579 }, // U+204E
    { 10, 28, 215, 2, 21, 70, 5651 }, // U+204F
    { 26, 29, 462, 2, 28, 189, 5721 }, // U+2050
    { 21, 32, 301, -1, 29, 168, 5910 }, // U+2051
    { 14, 28, 263, 2, 27, 98, 6078 }, // U+2052
    { 19, 8, 335, 1, 17, 38, 6176 }, // U+2053
    { 30, 8, 0, -11, 0, 60, 6214 }, // U+2054
    { 18, 18, 324, 1, 22, 81, 6274 }, // U+2055
    { 20, 22, 378, 1, 21, 110, 6355 }, // U+2056
    { 35, 11, 584, 4, 27, 97, 6465 }, // U+2057
    { 25, 22, 458, 2, 21, 138, 6562 }, // U+2058
    { 25, 22, 458, 2, 21, 138, 6700 }, // U+2059
    { 7, 29, 182, 2, 28, 51, 6838 }, // U+205A
    { 25, 29, 458, 2, 28, 182, 6889 }, // U+205B
    { 21, 21, 418, 3, 21, 111, 7071 }, // U+205C
    { 7, 29, 182, 3, 28, 51, 7182 }, // U+205D
    { 7, 29, 182, 2, 28, 51, 7233 }, // U+205E
    { 0, 0, 133, 0, 0, 0, 7284 }, // U+205F
    { 0, 0, 360, 0, 0, 0, 7284 }, // U+2060
    { 0, 0, 360, 0, 0, 0, 7284 }, // U+2061
    { 0, 0, 360, 0, 0, 0, 7284 }, // U+2062
    { 0, 0, 360, 0, 0, 0, 7284 }, // U+2063
    { 0, 0, 360, 0, 0, 0, 7284 }, // U+2064
    { 0, 0, 360, 0, 0, 0, 7284 }, // U+2066
    { 0, 0, 360, 0, 0, 0, 7284 }, // U+2067
    { 0, 0, 360, 0, 0, 0, 7284 }, // U+2068
    { 0, 0, 360, 0, 0, 0, 7284 }, // U+2069
    { 10, 31, 0, -5, 26, 78, 7284 }, // U+206A
    { 10, 31, 0, -5, 26, 78, 7362 }, // U+206B
    { 10, 31, 0, -5, 26, 78, 7440 }, // U+206C
    { 10, 31, 0, -5, 26, 78, 7518 }, // U+206D
    { 10, 31, 0, -5, 26, 78, 7596 }, // U+206E
    { 10, 31, 0, -5, 26, 78, 7674 }, // U+206F
    { 14, 17, 240, 3, 31, 60, 0 }, // U+2070
    { 8, 19, 138, 3, 29, 38, 60 }, // U+2071
    { 15, 17, 240, 2, 31, 64, 98 }, // U+2074
    { 14, 17, 240, 3, 31, 60, 162 }, // U+2075
    { 14, 17, 240, 4, 31, 60, 222 }, // U+2076
    { 14, 17, 240, 4, 31, 60, 282 }, // U+2077
    { 15, 17, 240, 2, 31, 64, 342 }, // U+2078
    { 14, 17, 240, 3, 31, 60, 406 }, // U+2079
    { 14, 14, 240, 3, 29, 49, 466 }, // U+207A
    { 14, 3, 240, 3, 23, 11, 515 }, // U+207B
    { 14, 9, 240, 3, 26, 32, 526 }, // U+207C
    { 12, 23, 150, 4, 34, 69, 558 }, // U+207D
    { 12, 23, 150, -1, 34, 69, 627 }, // U+207E
    { 16, 14, 262, 2, 24, 56, 696 }, // U+207F
    { 14, 17, 240, 0, 13, 60, 752 }, // U+2080
    { 12, 17, 240, -1, 13, 51, 812 }, // U+2081
    { 15, 17, 240, -2, 13, 64, 863 }, // U+2082
    { 15, 17, 240, -1, 13, 64, 927 }, // U+2083
    { 15, 17, 240, -2, 13, 64, 991 }, // U+2084
    { 15, 17, 240, -1, 13, 64, 1055 }, // U+2085
    { 14, 17, 240, 0, 13, 60, 1119 }, // U+2086
    { 14, 17, 240, 1, 13, 60, 1179 }, // U+2087
    { 15, 17, 240, -1, 13, 64, 1239 }, // U+2088
    { 14, 17, 240, 0, 13, 60, 1303 }, // U+2089
    { 14, 14, 240, 0, 11, 49, 1363 }, // U+208A
    { 14, 3, 240, 0, 5, 11, 1412 }, // U+208B
    { 14, 9, 240, 0, 8, 32, 1423 }, // U+208C
    { 12, 24, 150, 1, 16, 72, 1455 }, // U+208D
    { 11, 24, 150, -4, 16, 66, 1527 }, // U+208E
    { 15, 13, 259, -1, 9, 49, 1593 }, // U+2090
    { 12, 13, 209, -1, 9, 39, 1642 }, // U+2091
    { 14, 13, 241, -1, 9, 46, 1681 }, // U+2092
    { 16, 13, 236, -3, 9, 52, 1727 }, // U+2093
    { 13, 13, 219, -2, 9, 43, 1779 }, // U+2094
    { 16, 18, 256, -2, 14, 72, 1822 }, // U+2095
    { 16, 18, 233, -2, 14, 72, 1894 }, // U+2096
    { 8, 18, 138, -1, 14, 36, 1966 }, // U+2097
    { 24, 13, 378, -2, 9, 78, 2002 }, // U+2098
    { 17, 13, 262, -2, 9, 56, 2080 }, // U+2099
    { 16, 18, 243, -3, 9, 72, 2136 }, // U+209A
    { 12, 13, 200, -2, 9, 39, 2208 }, // U+209B
    { 10, 16, 163, -1, 12, 40, 2247 }, // U+209C
    { 27, 28, 462, 1, 28, 189, 0 }, // U+20A0
    { 25, 32, 401, 1, 29, 200, 189 }, // U+20A1
    { 25, 29, 401, 2, 28, 182, 389 }, // U+20A2
    { 25, 27, 335, -1, 27, 169, 571 }, // U+20A3
    { 23, 29, 335, -1, 28, 167, 740 }, // U+20A4
    { 35, 30, 581, 1, 25, 263, 907 }, // U+20A5
    { 34, 27, 473, -1, 27, 230, 1170 }, // U+20A6
    { 36, 28, 551, -2, 27, 252, 1400 }, // U+20A7
    { 44, 28, 697, -1, 27, 308, 1652 }, // U+20A8
    { 43, 27, 640, 1, 27, 291, 1960 }, // U+20A9
    { 29, 23, 535, 3, 23, 167, 2251 }, // U+20AA
    { 26, 35, 398, 1, 29, 228, 2418 }, // U+20AB
    { 23, 29, 335, 0, 28, 167, 2646 }, // U+20AC
    { 32, 27, 445, -1, 27, 216, 2813 }, // U+20AD
    { 26, 27, 392, 2, 27, 176, 3029 }, // U+20AE
    { 41, 39, 664, -1, 31, 400, 3205 }, // U+20AF
    { 23, 37, 382, -2, 28, 213, 3605 }, // U+20B0
    { 29, 27, 406, -1, 27, 196, 3818 }, // U+20B1
    { 27, 32, 478, 2, 29, 216, 4014 }, // U+20B2
    { 31, 27, 452, -2, 27, 210, 4230 }, // U+20B3
    { 26, 29, 369, -1, 28, 189, 4440 }, // U+20B4
    { 25, 32, 401, 2, 29, 200, 4629 }, // U+20B5
    { 25, 28, 358, 0, 27, 175, 4829 }, // U+20B6
    { 23, 32, 335, 0, 28, 184, 5004 }, // U+20B7
    { 23, 27, 335, 1, 27, 156, 5188 }, // U+20B8
    { 21, 27, 335, 2, 27, 142, 5344 }, // U+20B9
    { 21, 27, 335, -1, 27, 142, 5486 }, // U+20BA
    { 22, 29, 392, 3, 28, 160, 5628 }, // U+20BB
    { 26, 26, 472, 1, 26, 169, 5788 }, // U+20BC
    { 26, 27, 354, -1, 27, 176, 5957 }, // U+20BD
    { 23, 30, 335, 0, 30, 173, 6133 }, // U+20BE
    { 24, 34, 335, -2, 30, 204, 6306 }, // U+20BF
    { 26, 29, 461, 2, 28, 189, 0 }, // U+2100
    { 27, 29, 469, 2, 28, 196, 189 }, // U+2101
    { 21, 29, 379, 1, 28, 153, 385 }, // U+2102
    { 36, 29, 599, 3, 28, 261, 538 }, // U+2103
    { 25, 27, 429, 0, 27, 169, 799 }, // U+2104
    { 26, 28, 488, 3, 27, 182, 968 }, // U+2105
    { 28, 28, 497, 2, 27, 196, 1150 }, // U+2106
    { 24, 29, 370, 1, 28, 174, 1346 }, // U+2107
    { 25, 29, 404, 0, 28, 182, 1520 }, // U+2108
    { 36, 28, 557, 1, 28, 252, 1702 }, // U+2109
    { 27, 30, 348, -4, 15, 203, 1954 }, // U+210A
    { 42, 29, 635, -1, 28, 305, 2157 }, // U+210B
    { 26, 32, 440, 0, 27, 208, 2462 }, // U+210C
    { 23, 27, 466, 3, 27, 156, 2670 }, // U+210D
    { 24, 30, 394, 0, 29, 180, 2826 }, // U+210E
    { 24, 30, 394, 0, 29, 180, 3006 }, // U+210F
    { 30, 29, 446, -1, 28, 218, 3186 }, // U+2110
    { 20, 28, 335, 1, 27, 140, 3404 }, // U+2111
    { 31, 29, 500, 0, 28, 225, 3544 }, // U+2112
    { 18, 29, 300, 1, 28, 131, 3769 }, // U+2113
    { 22, 29, 379, 1, 28, 160, 3900 }, // U+2114
    { 23, 27, 467, 3, 27, 156, 4060 }, // U+2115
    { 40, 27, 649, -1, 27, 270, 4216 }, // U+2116
    { 28, 29, 507, 2, 28, 203, 4486 }, // U+2117
    { 29, 35, 502, 1, 25, 254, 4689 }, // U+2118
    { 20, 27, 393, 3, 27, 135, 4943 }, // U+2119
    { 27, 35, 469, 2, 28, 237, 5078 }, // U+211A
    { 34, 29, 523, -1, 28, 247, 5315 }, // U+211B
    { 32, 29, 509, 0, 28, 232, 5562 }, // U+211C
    { 24, 27, 428, 3, 27, 162, 5794 }, // U+211D
    { 31, 27, 476, -1, 27, 210, 5956 }, // U+211E
    { 27, 38, 424, -1, 33, 257, 6166 }, // U+211F
    { 29, 15, 484, 3, 28, 109, 6423 }, // U+2120
    { 34, 14, 631, 4, 27, 119, 6532 }, // U+2121
    { 29, 14, 501, 4, 27, 102, 6651 }, // U+2122
    { 27, 38, 419, 3, 33, 257, 6753 }, // U+2123
    { 22, 27, 378, 1, 27, 149, 7010 }, // U+2124
    { 26, 36, 355, -3, 27, 234, 7159 }, // U+2125
    { 30, 28, 485, -1, 28, 210, 7393 }, // U+2126
    { 30, 28, 485, 2, 28, 210, 7603 }, // U+2127
    { 21, 34, 352, 0, 29, 179, 7813 }, // U+2128
    { 12, 21, 226, 0, 21, 63, 7992 }, // U+2129
    { 32, 27, 445, -1, 27, 216, 8055 }, // U+212A
    { 29, 34, 452, -2, 34, 247, 8271 }, // U+212B
    { 32, 29, 503, 0, 28, 232, 8518 }, // U+212C
    { 22, 29, 403, 2, 28, 160, 8750 }, // U+212D
    { 21, 22, 371, 1, 21, 116, 8910 }, // U+212E
    { 17, 17, 277, 0, 16, 73, 9026 }, // U+212F
    { 22, 29, 362, 1, 28, 160, 9099 }, // U+2130
    { 33, 29, 494, -1, 28, 240, 9259 }, // U+2131
    { 27, 27, 367, -1, 27, 183, 9499 }, // U+2132
    { 45, 29, 693, -1, 28, 327, 9682 }, // U+2133
    { 18, 17, 288, 0, 16, 77, 10009 }, // U+2134
    { 21, 26, 377, 1, 25, 137, 10086 }, // U+2135
    { 20, 25, 328, 0, 25, 125, 10223 }, // U+2136
    { 15, 26, 257, 0, 25, 98, 10348 }, // U+2137
    { 18, 26, 314, 0, 25, 117, 10446 }, // U+2138
    { 11, 30, 212, 2, 29, 83, 10563 }, // U+2139
    { 37, 27, 625, 3, 27, 250, 10646 }, // U+213A
    { 37, 14, 616, 4, 27, 130, 10896 }, // U+213B
    { 28, 22, 466, 1, 21, 154, 11026 }, // U+213C
    { 20, 30, 326, 0, 21, 150, 11180 }, // U+213D
    { 18, 27, 331, 3, 27, 122, 11330 }, // U+213E
    { 23, 27, 500, 3, 27, 156, 11452 }, // U+213F
    { 24, 36, 372, 0, 27, 216, 11608 }, // U+2140
    { 24, 29, 401, 0, 28, 174, 11824 }, // U+2141
    { 17, 27, 275, 3, 27, 115, 11998 }, // U+2142
    { 22, 27, 272, -2, 27, 149, 12113 }, // U+2143
    { 22, 27, 340, -3, 27, 149, 12262 }, // U+2144
    { 26, 27, 438, 1, 27, 176, 12411 }, // U+2145
    { 25, 30, 347, 0, 29, 188, 12587 }, // U+2146
    { 19, 22, 299, 0, 21, 105, 12775 }, // U+2147
    { 12, 29, 206, 1, 29, 87, 12880 }, // U+2148
    { 19, 38, 206, -6, 29, 181, 12967 }, // U+2149
    { 27, 30, 493, 3, 30, 203, 13148 }, // U+214A
    { 29, 29, 481, 2, 28, 211, 13351 }, // U+214B
    { 23, 29, 393, 1, 28, 167, 13562 }, // U+214C
    { 28, 28, 469, 0, 27, 196, 13729 }, // U+214D
    { 22, 21, 323, -1, 21, 116, 13925 }, // U+214E
    { 42, 22, 645, -1, 21, 231, 14041 }, // U+214F
    { 33, 28, 559, 2, 27, 231, 14272 }, // U+2150
    { 32, 28, 559, 2, 27, 224, 14503 }, // U+2151
    { 43, 28, 727, 2, 27, 301, 14727 }, // U+2152
    { 30, 28, 529, 2, 27, 210, 15028 }, // U+2153
    { 31, 28, 529, 1, 27, 217, 15238 }, // U+2154
    { 31, 28, 547, 2, 27, 217, 15455 }, // U+2155
    { 33, 28, 553, 1, 27, 231, 15672 }, // U+2156
    { 32, 28, 541, 1, 27, 224, 15903 }, // U+2157
    { 33, 28, 559, 1, 27, 231, 16127 }, // U+2158
    { 32, 28, 541, 2, 27, 224, 16358 }, // U+2159
    { 32, 28, 535, 2, 27, 224, 16582 }, // U+215A
    { 30, 28, 529, 2, 27, 210, 16806 }, // U+215B
    { 31, 28, 529, 1, 27, 217, 17016 }, // U+215C
    { 30, 28, 529, 2, 27, 210, 17233 }, // U+215D
    { 29, 28, 529, 3, 27, 203, 17443 }, // U+215E
    { 27, 27, 295, 2, 27, 183, 17646 }, // U+215F
    { 20, 22, 332, 0, 21, 110, 17829 }, // U+2184
    { 32, 28, 553, 2, 27, 224, 17939 }, // U+2189
    { 11, 5, 186, 0, 13, 14, 0 }, // U+2212
    { 40, 38, 437, -6, 29, 380, 0 }, // U+FB00
    { 32, 38, 412, -6, 29, 304, 380 }, // U+FB01
    { 32, 38, 426, -6, 29, 304, 684 }, // U+FB02
    { 44, 38, 607, -6, 29, 418, 988 }, // U+FB03
    { 45, 38, 622, -6, 29, 428, 1406 }, // U+FB04
    { 35, 38, 454, -6, 29, 333, 1834 }, // U+FB05
    { 36, 30, 559, 0, 29, 270, 2167 }, // U+FB06
    { 35, 35, 600, 1, 29, 307, 0 }, // U+FFFD
};

static const EpdUnicodeInterval notoserif_en_18_bolditalicIntervals[] = {
    { 0x20, 0x7E, 0x0 },
    { 0xA0, 0xFF, 0x5F },
    { 0x152, 0x153, 0xBF },
    { 0x160, 0x161, 0xC1 },
    { 0x178, 0x178, 0xC3 },
    { 0x17D, 0x17E, 0xC4 },
    { 0x192, 0x192, 0xC6 },
    { 0x2C6, 0x2C6, 0xC7 },
    { 0x2DC, 0x2DC, 0xC8 },
    { 0x300, 0x36F, 0xC9 },
    { 0x2000, 0x2064, 0x139 },
    { 0x2066, 0x2071, 0x19E },
    { 0x2074, 0x208E, 0x1AA },
    { 0x2090, 0x209C, 0x1C5 },
    { 0x20A0, 0x20BF, 0x1D2 },
    { 0x2100, 0x215F, 0x1F2 },
    { 0x2184, 0x2184, 0x252 },
    { 0x2189, 0x2189, 0x253 },
    { 0x2212, 0x2212, 0x254 },
    { 0xFB00, 0xFB06, 0x255 },
    { 0xFFFD, 0xFFFD, 0x25C },
};

static const EpdFontGroup notoserif_en_18_bolditalicGroups[] = {
    { 0, 5711, 14537, 95, 0 },
    { 5711, 4750, 16679, 96, 95 },
    { 10461, 715, 1548, 7, 191 },
    { 11176, 136, 312, 1, 198 },
    { 11312, 60, 56, 2, 199 },
    { 11372, 1941, 3389, 112, 201 },
    { 13313, 3188, 8533, 111, 313 },
    { 16501, 1365, 2452, 42, 424 },
    { 17866, 3170, 6901, 32, 466 },
    { 21036, 8776, 19084, 98, 498 },
    { 29812, 18, 15, 1, 596 },
    { 29830, 846, 2474, 7, 597 },
    { 30676, 159, 315, 1, 604 },
};

static const uint16_t notoserif_en_18_bolditalicKernLeftCodepoints[] = {
    0x0022, 0x0026, 0x0027, 0x002A, 0x002C, 0x002E, 0x0041, 0x0042, 0x0043, 0x0044, 0x0045, 0x0046,
    0x0047, 0x004A, 0x004B, 0x004C, 0x004E, 0x004F, 0x0050, 0x0051, 0x0052, 0x0053, 0x0054, 0x0055,
    0x0056, 0x0057, 0x0058, 0x0059, 0x0061, 0x0062, 0x0063, 0x0065, 0x0066, 0x0068, 0x006B, 0x006D,
    0x006E, 0x006F, 0x0070, 0x0071, 0x0072, 0x0073, 0x0076, 0x0077, 0x0079, 0x007A, 0x00A1, 0x00BF,
    0x00C0, 0x00C1, 0x00C2, 0x00C3, 0x00C4, 0x00C5, 0x00C6, 0x00C7, 0x00C8, 0x00C9, 0x00CA, 0x00CB,
    0x00D0, 0x00D1, 0x00D2, 0x00D3, 0x00D4, 0x00D5, 0x00D6, 0x00D8, 0x00D9, 0x00DA, 0x00DB, 0x00DC,
    0x00DD, 0x00DE, 0x00DF, 0x00E0, 0x00E1, 0x00E2, 0x00E3, 0x00E4, 0x00E5, 0x00E6, 0x00E7, 0x00E8,
    0x00E9, 0x00EA, 0x00EB, 0x00F0, 0x00F1, 0x00F2, 0x00F3, 0x00F4, 0x00F5, 0x00F6, 0x00F8, 0x00F9,
    0x00FA, 0x00FB, 0x00FC, 0x00FD, 0x00FE, 0x00FF, 0x0152, 0x0153, 0x0160, 0x0161, 0x0178, 0x017E,
    0x2018, 0x2019, 0x201A, 0x201C, 0x201D, 0x201E, 0x207D, 0x208D, 0x2090, 0x2092, 0xFB00,
};

static const uint8_t notoserif_en_18_bolditalicKernLeftClassIds[] = {
      1,   2,   1,   3,   4,   4,   5,   6,   7,   8,   9,  10,  11,  12,  13,  14,
     15,   8,   3,   8,  16,  17,  18,  19,  20,  21,  22,  23,  24,  25,  26,  26,
     27,  24,  28,  24,  24,  25,  25,  29,  30,  31,  32,  33,  34,  35,  36,  37,
     38,  38,  38,  38,  38,  38,   9,   7,   9,   9,   9,   9,   8,  15,   8,   8,
      8,   8,   8,   8,  19,  19,  19,  19,  23,   8,  31,  24,  24,  24,  24,  24,
     24,  26,  26,  26,  26,  26,  26,  25,  24,  25,  25,  25,  25,  25,  25,  24,
     24,  24,  24,  34,  25,  34,   9,  26,  17,  31,  23,  35,  39,  40,   4,  39,
     40,   4,  41,  42,  43,  44,  27,
};

static const uint16_t notoserif_en_18_bolditalicKernRightCodepoints[] = {
    0x0022, 0x0026, 0x0027, 0x0029, 0x002A, 0x002C, 0x002E, 0x0041, 0x0043, 0x0047, 0x004F, 0x0051,
    0x0053, 0x0054, 0x0055, 0x0056, 0x0057, 0x0058, 0x0059, 0x005A, 0x005C, 0x005D, 0x0061, 0x0063,
    0x0064, 0x0065, 0x0067, 0x0069, 0x006F, 0x0071, 0x0073, 0x0075, 0x0076, 0x0077, 0x0078, 0x0079,
    0x007A, 0x007D, 0x00A9, 0x00AE, 0x00C0, 0x00C1, 0x00C2, 0x00C3, 0x00C4, 0x00C5, 0x00C6, 0x00C7,
    0x00D2, 0x00D3, 0x00D4, 0x00D5, 0x00D6, 0x00D8, 0x00D9, 0x00DA, 0x00DB, 0x00DC, 0x00DD, 0x00E0,
    0x00E1, 0x00E2, 0x00E3, 0x00E4, 0x00E5, 0x00E6, 0x00E7, 0x00E8, 0x00E9, 0x00EA, 0x00EB, 0x00EC,
    0x00ED, 0x00EE, 0x00EF, 0x00F0, 0x00F2, 0x00F3, 0x00F4, 0x00F5, 0x00F6, 0x00F8, 0x00F9, 0x00FA,
    0x00FB, 0x00FC, 0x00FD, 0x00FF, 0x0152, 0x0153, 0x0160, 0x0161, 0x0178, 0x017D, 0x017E, 0x2018,
    0x2019, 0x201A, 0x201C, 0x201D, 0x201E, 0x2026, 0x207E, 0x208E, 0x2117, 0x2122,
};

static const uint8_t notoserif_en_18_bolditalicKernRightClassIds[] = {
      1,   2,   1,   3,   4,   5,   6,   7,   8,   8,   8,   8,   9,  10,  11,  12,
     13,  14,  15,  16,  17,   3,  18,  19,  19,  19,  20,  21,  19,  19,  22,  23,
     24,  25,  26,  27,  28,   3,  29,  29,   7,   7,   7,   7,   7,   7,  30,   8,
      8,   8,   8,   8,   8,   8,  11,  11,  11,  11,  15,  18,  18,  18,  18,  18,
     18,  18,  19,  19,  19,  19,  19,  21,  21,  21,  21,  19,  19,  19,  19,  19,
     19,  19,  23,  23,  23,  23,  27,  27,   8,  19,   9,  22,  15,  16,  28,  31,
      4,  32,  31,   4,  32,  32,  33,  34,  29,   4,
};

static const uint16_t notoserif_en_18_bolditalicKernRowOffsets[] = {
        0,     4,     9,    15,    24,    41,    52,    53,    64,    67,    76,    81,    85,    92,   101,   105,
      115,   124,   134,   140,   151,   163,   170,   184,   191,   196,   199,   204,   206,   208,   219,   223,
      229,   235,   239,   244,   248,   253,   270,   274,   280,   281,   282,   284,   285,
};

static const uint8_t notoserif_en_18_bolditalicKernSparseCols[] = {
      6,  19,  20,  29,   9,  10,  11,  12,  14,   1,   4,   5,   6,  29,  31,   7,
      9,  10,  11,  12,  14,  23,  24,  26,   0,   1,   3,   7,   9,  10,  11,  12,
     14,  18,  19,  22,  23,  24,  26,  28,  30,   3,   6,   9,  11,  12,  13,  14,
     15,  24,  26,  29,   1,   0,   4,   5,   6,   9,  11,  12,  13,  14,  29,  31,
     11,  12,  14,   1,   4,   5,   6,  17,  18,  19,  29,  31,   9,  11,  12,  14,
     29,   4,   5,   6,  31,   1,   7,  18,  19,  22,  24,  26,   0,   3,   9,  10,
     11,  12,  14,  23,  30,   1,   4,   5,  31,   1,   3,   7,   9,  10,  11,  12,
     14,  24,  26,   6,   9,  11,  12,  13,  14,  24,  26,  29,   1,   4,   5,   6,
      7,  17,  18,  19,  29,  31,   1,   4,   5,   6,  29,  31,   1,   4,   5,   6,
      7,  17,  18,  19,  21,  29,  31,   1,   4,   5,   6,   7,  17,  18,  19,  21,
     25,  29,  31,   7,   8,  18,  19,  24,  26,  28,   1,   4,   5,   6,   7,   8,
     17,  18,  19,  21,  25,  27,  29,  31,   0,   9,  11,  12,  14,  26,  30,   9,
     11,  12,  14,  26,  11,  12,  14,   0,   2,   3,  16,  30,  18,  19,  12,  14,
      3,   4,   5,  11,  12,  13,  14,  17,  18,  19,  31,   0,  11,  12,  14,   4,
      5,  11,  12,  14,  31,   4,   5,  11,  12,  14,  31,   4,   5,  12,  31,   3,
     11,  12,  14,  30,   9,  10,  11,  14,   9,  10,  11,  12,  14,   0,   1,   3,
      7,   9,  10,  11,  12,  14,  18,  19,  22,  23,  24,  26,  28,  30,   6,  20,
     26,  29,   6,  17,  18,  19,  21,  29,  32,  33,   0,  26,  26,
};

static const int8_t notoserif_en_18_bolditalicKernSparseValues[] = {
     -48,  -24,   12,  -72,  -24,   -6,  -30,  -24,  -27,  -12,  -72,  -72,  -30,  -48,  -72,  -12,
     -42,   -6,  -54,  -48,  -42,  -30,  -12,  -12,  -48,  -12,  -42,  -12,  -36,  -12,  -48,  -42,
     -42,  -12,  -12,  -12,  -36,  -18,  -30,  -30,  -54,  -12,  -12,  -12,  -24,  -18,  -12,  -24,
     -12,   -6,  -12,  -18,  -12,  -18,  -12,  -24,  -12,  -12,  -12,  -12,  -12,  -18,  -30,  -12,
     -12,  -12,  -12,  -24,  -48,  -48,  -42,  -24,  -24,  -24,  -66,  -48,  -12,  -12,  -12,  -12,
     -12,  -12,  -12,  -12,  -12,  -12,  -12,  -12,  -12,  -12,  -18,  -18,  -36,  -48,  -42,  -12,
     -48,  -30,  -36,  -18,  -54,  -12,  -12,  -12,  -12,  -12,  -12,  -12,  -12,   -6,  -18,  -18,
     -18,  -12,  -12,  -12,  -12,  -12,  -12,  -12,  -12,   -6,  -12,  -12,  -12,  -54,  -54,  -36,
     -12,  -18,  -18,  -18,  -48,  -54,  -12,  -12,  -12,  -12,  -12,  -12,  -18,  -66,  -66,  -48,
     -12,  -36,  -36,  -36,  -24,  -78,  -66,  -18,  -54,  -54,  -36,  -12,  -30,  -36,  -36,  -18,
     -12,  -78,  -54,  -12,   -6,   -6,   -6,  -18,  -30,  -24,  -18,  -48,  -48,  -42,  -18,  -12,
     -36,  -42,  -42,  -36,   -6,   -6,  -54,  -48,  -24,  -12,  -30,  -24,  -30,  -12,  -24,  -18,
     -36,  -36,  -42,  -12,  -30,  -30,  -42,   48,   54,   48,   60,   36,  -12,  -12,  -24,  -12,
      18, -126, -126,  -18,  -24,  -30,  -18,  -12,  -12,  -12, -126,  -12,  -18,  -18,  -30,  -30,
     -42,  -18,  -12,  -18,  -42,  -42,  -42,  -12,  -12,  -18,  -42,  -54,  -54,  -12,  -54,  -12,
     -24,  -18,  -18,  -12,  -12,   -6,  -30,  -36,  -18,   -6,  -30,  -30,  -30,  -48,  -12,  -42,
     -12,  -36,  -12,  -48,  -42,  -42,  -12,  -12,  -12,  -30,  -18,  -30,  -30,  -54,  -42,    6,
      12,  -84,  -54,   -6,   -6,   -6,  -30,  -84,   42,   48,  -18,   -9,   -9,
};

static const EpdLigaturePair notoserif_en_18_bolditalicLigaturePairs[] = {
    { 0x00660066, 0xFB00 }, // f f -> U+FB00
    { 0x00660069, 0xFB01 }, // f i -> U+FB01
    { 0x0066006C, 0xFB02 }, // f l -> U+FB02
    { 0xFB000069, 0xFB03 }, // U+FB00 i -> U+FB03
    { 0xFB00006C, 0xFB04 }, // U+FB00 l -> U+FB04
};

static const EpdFontData notoserif_en_18_bolditalic = {
    notoserif_en_18_bolditalicBitmaps,
    notoserif_en_18_bolditalicGlyphs,
    notoserif_en_18_bolditalicIntervals,
    21,
    51,
    41,
    -11,
    true,
    notoserif_en_18_bolditalicGroups,
    13,
    nullptr,
    nullptr,  // kernLeftClasses: built-in fonts use the split arrays below
    nullptr,  // kernRightClasses
    notoserif_en_18_bolditalicKernLeftCodepoints,
    notoserif_en_18_bolditalicKernLeftClassIds,
    notoserif_en_18_bolditalicKernRightCodepoints,
    notoserif_en_18_bolditalicKernRightClassIds,
    nullptr,  // kernMatrix: built-in fonts use the sparse form below
    notoserif_en_18_bolditalicKernRowOffsets,
    notoserif_en_18_bolditalicKernSparseCols,
    notoserif_en_18_bolditalicKernSparseValues,
    119,
    106,
    44,
    34,
    notoserif_en_18_bolditalicLigaturePairs,
    5,
};
