/**
 * generated by fontconvert.py
 * name: notoserif_en_22_bold
 * size: 22
 * mode: 2-bit  compressed: true
 * Command used: fontconvert.py notoserif_en_22_bold 22 ../builtinFonts/source/NotoSerif/NotoSerif-Bold.ttf --2bit --compress --pnum --zopfli --no-default-intervals --additional-intervals 0x0020,0x007E --additional-intervals 0x00A0,0x00FF --additional-intervals 0x0152,0x0153 --additional-intervals 0x0160,0x0161 --additional-intervals 0x0178,0x0178 --additional-intervals 0x017D,0x017E --additional-intervals 0x0192,0x0192 --additional-intervals 0x02C6,0x02C6 --additional-intervals 0x02DC,0x02DC --additional-intervals 0x0300,0x036F --additional-intervals 0x2000,0x206F --additional-intervals 0x2070,0x209F --additional-intervals 0x20A0,0x20CF --additional-intervals 0x2100,0x214F --additional-intervals 0x2150,0x218F --additional-intervals 0x2190,0x21FF --additional-intervals 0x2200,0x22FF --additional-intervals 0xFB00,0xFB06 --additional-intervals 0xFFFD,0xFFFD
 */
#pragma once
#include "EpdFontData.h"

static const uint8_t notoserif_en_22_boldBitmaps[34537] = {
    0xC4, 0x97, 0x2F, 0xAC, 0xDD, 0xC8, 0x15, 0xC6, 0xC7, 0xD7, 0x4D, 0x2C, 0xC5, 0x60, 0x4A, 0x42,
    0x76, 0x81, 0x69, 0xB5, 0xA0, 0xE6, 0x68, 0xBC, 0xBB, 0xA0, 0xA0, 0x24, 0x20, 0x77, 0x17, 0x14,
    0x94, 0x2F, 0x79, 0x5C, 0xAA, 0x6A, 0xAB, 0xE5, 0x52, 0x40, 0x17, 0x37, 0xA0, 0x60, 0xF5, 0x2A,
    0x75, 0x49, 0x71, 0x3C, 0xE5, 0xC4, 0x05, 0x4B, 0x4A, 0x62, 0x90, 0x92, 0x16, 0xAC, 0x5B, 0xDD,
    0x54, 0x4E, 0x6A, 0xFB, 0xF4, 0xFB, 0xBE, 0xB9, 0x7E, 0xF7, 0x2A, 0xD1, 0x93, 0x1A, 0xB4, 0x23,
    0xCF, 0xEF, 0xCC, 0xB5, 0xE7, 0xFC, 0x99, 0x3F, 0x67, 0xE6, 0xBD, 0x4F, 0x6E, 0xBB, 0x60, 0x78,
    0x9A, 0xF4, 0xD4, 0xE6, 0xF0, 0x54, 0x7A, 0x3C, 0x9E, 0x4D, 0xCF, 0xCA, 0xA7, 0x5C, 0xF8, 0x14,
    0xFB, 0x93, 0xCF, 0x7A, 0x4E, 0x2E, 0x7B, 0xEE, 0xEE, 0x4A, 0x31, 0x53, 0x51, 0xA6, 0x68, 0xB6,
    0x36, 0x2A, 0xBA, 0x27, 0xEE, 0xF6, 0x9B, 0x47, 0xB7, 0x5D, 0xBF, 0x94, 0x16, 0x85, 0x76, 0x2E,
    0xF0, 0x7D, 0xCE, 0x81, 0x53, 0x8E, 0xCE, 0x53, 0x0E, 0xA5, 0xE9, 0x00, 0xDF, 0x44, 0x35, 0x66,
    0x1B, 0xE0, 0xE0, 0x78, 0x70, 0x70, 0x1D, 0xDD, 0x02, 0xD3, 0x9F, 0x34, 0x1F, 0x75, 0xCE, 0x05,
    0x57, 0x83, 0xAD, 0x0B, 0x8D, 0x88, 0xF7, 0x2F, 0x5C, 0x0B, 0xAE, 0x67, 0xBE, 0x00, 0x17, 0x48,
    0x97, 0x2D, 0x90, 0xDE, 0x50, 0xD6, 0x6B, 0x3E, 0xF8, 0xF2, 0xF5, 0x97, 0x6F, 0x9E, 0xBA, 0x62,
    0x42, 0xE0, 0xE4, 0xE4, 0x5C, 0x39, 0x16, 0xA0, 0x1F, 0xCA, 0x11, 0x8C, 0x64, 0x15, 0xFD, 0x20,
    0x46, 0xF7, 0xF8, 0xE6, 0xBB, 0x9B, 0xEF, 0x9E, 0xF4, 0xD4, 0x9D, 0x12, 0x5B, 0xF1, 0xFF, 0x70,
    0xEE, 0x0E, 0x73, 0x62, 0x06, 0xE6, 0x27, 0xFC, 0x42, 0xF1, 0xCD, 0xBB, 0xAC, 0x9E, 0x01, 0xA5,
    0x19, 0x04, 0x4C, 0x2F, 0xEE, 0x60, 0xBF, 0xFF, 0xD6, 0x5C, 0xB1, 0xF9, 0x9F, 0x9B, 0xF3, 0x8B,
    0xFF, 0xDC, 0x5C, 0x35, 0xFB, 0xCF, 0xCC, 0xD5, 0x8B, 0xFF, 0x6C, 0x25, 0x3F, 0x7D, 0xE6, 0xEA,
    0x8D, 0xBA, 0x95, 0xBD, 0x04, 0xBD, 0x59, 0x23, 0x03, 0x11, 0xBE, 0xCC, 0xE0, 0xDD, 0xF5, 0x66,
    0x1D, 0x3F, 0xDB, 0x49, 0xAF, 0x36, 0xBC, 0xAA, 0xCD, 0x52, 0xDF, 0x08, 0xFE, 0xD2, 0x62, 0xD9,
    0xC1, 0xF2, 0x10, 0xA2, 0xFF, 0xD4, 0x86, 0x36, 0xFA, 0xC6, 0x86, 0x7E, 0x00, 0x63, 0x3F, 0x92,
    0x61, 0x82, 0xC7, 0xA6, 0x5E, 0xFD, 0xCF, 0x36, 0xE8, 0x7C, 0x6F, 0x33, 0xCD, 0x18, 0xE6, 0xE4,
    0x63, 0x7B, 0xB3, 0x47, 0x7E, 0x3F, 0x1F, 0x91, 0x97, 0x52, 0xD3, 0x33, 0xD7, 0x2E, 0xE3, 0xBC,
    0xB9, 0x10, 0x1D, 0x46, 0x57, 0x2D, 0x18, 0x2E, 0x23, 0x5A, 0x72, 0x84, 0xD7, 0xB3, 0xDB, 0x09,
    0x4B, 0xCF, 0xC9, 0xD3, 0x4E, 0x68, 0x0E, 0x8B, 0x5A, 0x99, 0x75, 0x5C, 0x29, 0xD7, 0xA2, 0x15,
    0xCB, 0x49, 0x2D, 0x67, 0x58, 0x1F, 0xB6, 0x46, 0xB4, 0xEA, 0xB8, 0xB7, 0x42, 0xB3, 0x7F, 0xA5,
    0xB9, 0xA4, 0x41, 0x73, 0xB2, 0xF2, 0x9B, 0x25, 0xEB, 0x9F, 0xCB, 0xF2, 0xE7, 0xA7, 0xCA, 0xB0,
    0xBD, 0xE0, 0xAD, 0x9C, 0xDA, 0xFF, 0x58, 0xC7, 0x08, 0xFC, 0x68, 0xB1, 0x1D, 0x18, 0x55, 0xFD,
    0x17, 0x6E, 0x47, 0x46, 0x1A, 0x7E, 0x6B, 0x88, 0x89, 0xD1, 0xB7, 0x39, 0xD7, 0x80, 0x96, 0xB6,
    0x02, 0x2D, 0x06, 0x96, 0x2D, 0xC5, 0x96, 0x5A, 0xF9, 0x5C, 0xAA, 0xC5, 0xDD, 0xB4, 0xB7, 0xFC,
    0xB8, 0x7F, 0xAD, 0xE2, 0xDE, 0x0A, 0xDD, 0x6E, 0xA5, 0x75, 0x39, 0x2D, 0xD3, 0x9C, 0x3B, 0x70,
    0xDF, 0xC3, 0xDC, 0xEA, 0x30, 0xD0, 0x30, 0xC2, 0x1C, 0xFA, 0xF6, 0xB1, 0xE7, 0x1C, 0xA1, 0x47,
    0x30, 0xA3, 0x39, 0x6E, 0x52, 0xA3, 0xAA, 0xCA, 0xE3, 0xEB, 0xE9, 0xDD, 0x57, 0x44, 0x8B, 0x1E,
    0x29, 0x73, 0x7B, 0x6B, 0x50, 0xA0, 0x4A, 0x57, 0xD3, 0xB3, 0xF2, 0x58, 0x8D, 0x8A, 0xA9, 0x7C,
    0x4F, 0x63, 0xEF, 0xE3, 0xAD, 0x63, 0x94, 0x6C, 0xC4, 0x20, 0x3B, 0x85, 0xFD, 0x4B, 0x96, 0xD3,
    0x56, 0x52, 0xE1, 0xCE, 0xFA, 0xEA, 0x56, 0x3B, 0x36, 0xE2, 0xC7, 0xC4, 0x4F, 0xA3, 0x1A, 0xB5,
    0x21, 0x50, 0xC8, 0xCC, 0x5E, 0xDB, 0xEA, 0xF0, 0x35, 0xB7, 0xA1, 0xB7, 0xC6, 0x1A, 0x1A, 0xAE,
    0x6D, 0x30, 0xBA, 0x6A, 0x4A, 0x7C, 0xE5, 0xE8, 0xB4, 0x61, 0xD5, 0x80, 0xF2, 0xC2, 0x06, 0xEB,
    0x4C, 0x30, 0x80, 0x53, 0x6A, 0xE4, 0xEA, 0xC3, 0x5D, 0x64, 0x54, 0x67, 0x30, 0x3D, 0xE0, 0xE1,
    0x32, 0xA7, 0xCF, 0x02, 0x1A, 0xD5, 0x7F, 0x95, 0x3A, 0xF6, 0x4F, 0xFB, 0xAB, 0xD9, 0x1F, 0x98,
    0x49, 0x06, 0x2C, 0xF8, 0x66, 0xAF, 0x5C, 0x45, 0xDB, 0x0F, 0x9E, 0x32, 0x72, 0x9C, 0x44, 0xFD,
    0xD2, 0x2F, 0xED, 0x1C, 0xE6, 0x70, 0x0A, 0x53, 0x98, 0xEA, 0xA9, 0x1A, 0xAB, 0xD1, 0x0F, 0xC8,
    0xF5, 0x54, 0x7E, 0x95, 0x16, 0xA1, 0x46, 0x14, 0x36, 0x42, 0xBF, 0xE3, 0x24, 0xB9, 0x80, 0x57,
    0x88, 0x27, 0x83, 0xBB, 0x1C, 0xAF, 0x4B, 0xFA, 0x47, 0xAD, 0xF0, 0xB9, 0x46, 0x65, 0x74, 0x0C,
    0x95, 0xB5, 0xBD, 0xA7, 0x86, 0xBB, 0xDA, 0xA8, 0x52, 0xCF, 0xAB, 0x46, 0xB8, 0x19, 0x64, 0x97,
    0xF6, 0xE9, 0x47, 0xFE, 0xFC, 0xC6, 0xB1, 0x77, 0x8A, 0x03, 0x89, 0xAF, 0xB8, 0x14, 0x5F, 0x2A,
    0x7F, 0x46, 0xED, 0x1B, 0x6D, 0x79, 0x57, 0xAD, 0xA9, 0x6B, 0xC6, 0xAE, 0xFD, 0x59, 0xBF, 0xD6,
    0x24, 0x36, 0x72, 0x50, 0xC2, 0x41, 0xA1, 0x09, 0x9B, 0xCE, 0xF5, 0x84, 0xCA, 0xBC, 0xBE, 0xAE,
    0xCB, 0xF5, 0xEF, 0xD4, 0x47, 0x55, 0x3A, 0xD4, 0x97, 0x1D, 0xDA, 0xF3, 0x1A, 0x00, 0xFD, 0xC8,
    0x5F, 0xB6, 0x4F, 0xD5, 0xAA, 0x78, 0x14, 0x17, 0xE3, 0x4B, 0xC5, 0x22, 0xD9, 0x27, 0x62, 0x3C,
    0x8F, 0x90, 0xFA, 0x3F, 0x71, 0x7E, 0x08, 0xD9, 0x82, 0x79, 0x0E, 0x48, 0x9B, 0x60, 0x3F, 0x0D,
    0x06, 0x83, 0xDA, 0x61, 0x37, 0xB6, 0x41, 0xFD, 0xA1, 0xBD, 0x22, 0x0C, 0x22, 0xD8, 0x9F, 0x7A,
    0x73, 0x61, 0x0D, 0xBC, 0x97, 0xA6, 0x90, 0xAF, 0xCE, 0x77, 0x01, 0x13, 0xF1, 0x00, 0x76, 0x7E,
    0x24, 0x9B, 0x17, 0x2F, 0xC7, 0xE6, 0x92, 0x23, 0x75, 0xF7, 0x21, 0x0C, 0x86, 0x12, 0xAF, 0xF9,
    0xF8, 0xD8, 0x7E, 0x0D, 0x7B, 0x1F, 0x60, 0xE7, 0x23, 0x1E, 0xC5, 0x27, 0x84, 0x0A, 0x6B, 0xE9,
    0xE1, 0x01, 0x52, 0x70, 0x7F, 0x33, 0xDD, 0xB3, 0x85, 0x69, 0xDD, 0x0E, 0xFC, 0x35, 0x9E, 0x33,
    0xC9, 0xDE, 0xAB, 0xC5, 0xCC, 0xA9, 0xBD, 0xBE, 0x92, 0xD3, 0x25, 0xCA, 0xEB, 0x89, 0x47, 0xCA,
    0x39, 0xDC, 0x06, 0x55, 0xC7, 0x09, 0xAF, 0xA1, 0x74, 0x72, 0x62, 0x31, 0x32, 0x5D, 0x39, 0xBC,
    0x70, 0x50, 0xB1, 0x12, 0x05, 0xAA, 0x6E, 0xB6, 0xE1, 0xC3, 0xD4, 0x93, 0x89, 0xA4, 0x8E, 0xEA,
    0x93, 0x89, 0xA4, 0x8E, 0x1A, 0x64, 0x22, 0xA9, 0xF7, 0x67, 0x13, 0xDF, 0xB8, 0xBB, 0x72, 0xD8,
    0x2F, 0x1D, 0x6E, 0x47, 0xD3, 0x7E, 0x1A, 0xEB, 0xCD, 0x15, 0x16, 0xBD, 0x71, 0xEF, 0xA0, 0x81,
    0xB5, 0xCC, 0x2D, 0xD6, 0xE4, 0x18, 0x36, 0x70, 0x02, 0x0F, 0x36, 0xB5, 0xE4, 0xA9, 0x5D, 0xC9,
    0x9E, 0xE7, 0xE2, 0xFC, 0x3E, 0x8D, 0x5C, 0xEE, 0xFB, 0x9A, 0x74, 0x93, 0x9D, 0x64, 0x33, 0xD9,
    0x4F, 0xBE, 0x92, 0xDF, 0x14, 0x03, 0xB6, 0x2C, 0x1A, 0xB9, 0x0D, 0x4C, 0x71, 0x7B, 0xDB, 0xEB,
    0x08, 0x62, 0xCC, 0x85, 0x59, 0xC3, 0x6D, 0xC4, 0x49, 0x77, 0x85, 0xDA, 0xB5, 0x68, 0x64, 0x21,
    0xB6, 0x64, 0x69, 0xDF, 0x82, 0xC1, 0x6A, 0x72, 0x21, 0xAB, 0x91, 0xCC, 0x52, 0xFF, 0x1F, 0x80,
    0x81, 0x27, 0xC6, 0xD1, 0xEC, 0xEF, 0x4F, 0x0E, 0x86, 0x72, 0x4A, 0xBC, 0xBB, 0x2D, 0x36, 0xDD,
    0xC3, 0xCA, 0xE4, 0xB7, 0xB6, 0xB8, 0x2A, 0x6D, 0xD3, 0x15, 0x8D, 0xA6, 0x5D, 0x98, 0xDA, 0xED,
    0x4C, 0x86, 0x13, 0x59, 0x8B, 0xA5, 0xE8, 0x7E, 0x0C, 0xC2, 0x34, 0x7B, 0xCA, 0x19, 0x00, 0x45,
    0xB2, 0x9F, 0x49, 0x9B, 0x00, 0x4C, 0x2D, 0x58, 0xEA, 0x63, 0xB5, 0x90, 0x61, 0x22, 0xF5, 0x3A,
    0xD7, 0x6B, 0xBF, 0xBF, 0xCE, 0x9E, 0xEB, 0x82, 0xE0, 0x9F, 0x7C, 0x60, 0x39, 0x73, 0xA7, 0xD5,
    0x3C, 0xEA, 0xCE, 0x7F, 0x63, 0xF5, 0xF7, 0xF0, 0xDD, 0xB1, 0x4C, 0xF0, 0xF7, 0x0F, 0x5B, 0xAF,
    0xC7, 0x12, 0x83, 0xC6, 0x12, 0x66, 0x70, 0x08, 0x27, 0xB2, 0x22, 0x23, 0x7C, 0x82, 0xCE, 0xED,
    0x63, 0xB9, 0x1A, 0x05, 0x27, 0xE9, 0xC1, 0x2F, 0xF8, 0xBA, 0x82, 0x31, 0xD2, 0x06, 0x9C, 0x55,
    0x7F, 0x34, 0x7D, 0x6D, 0x39, 0x6A, 0xDA, 0x01, 0x8B, 0x34, 0x54, 0x92, 0x7B, 0x2C, 0xB1, 0x14,
    0x43, 0xC3, 0x23, 0xB3, 0x27, 0xA7, 0x3E, 0xBA, 0x02, 0x1C, 0xA9, 0xD5, 0xCE, 0xB0, 0xD0, 0x05,
    0x1D, 0x70, 0x5E, 0x0B, 0x92, 0xF5, 0x3A, 0xE6, 0xB2, 0x23, 0xC0, 0x93, 0xE3, 0x56, 0x22, 0x98,
    0x44, 0x2F, 0x91, 0x99, 0x44, 0x9E, 0x44, 0xF9, 0xBD, 0x84, 0x7F, 0x29, 0x51, 0xDF, 0x48, 0xFC,
    0xBA, 0x96, 0x58, 0x24, 0x0E, 0xB3, 0x44, 0x3E, 0x49, 0xF8, 0x41, 0xA2, 0x8A, 0x12, 0xA1, 0x91,
    0x78, 0xE1, 0x24, 0x16, 0x89, 0x7C, 0x96, 0x28, 0x26, 0x09, 0x3F, 0x48, 0xD4, 0x51, 0x22, 0xDC,
    0xDE, 0xF6, 0x76, 0xDB, 0xB4, 0xC6, 0x12, 0x25, 0x78, 0x20, 0x1E, 0x5B, 0x3B, 0xEE, 0xCB, 0xFF,
    0x9E, 0x08, 0x12, 0x1C, 0x28, 0xF8, 0x85, 0xD9, 0x1B, 0x8D, 0x44, 0xC9, 0x22, 0x71, 0xB8, 0x45,
    0xE1, 0x70, 0xCC, 0xAE, 0xD9, 0x9C, 0xF9, 0xFA, 0x78, 0xEC, 0x9B, 0x62, 0x84, 0x1D, 0xB1, 0x6A,
    0x4A, 0xF0, 0x51, 0x53, 0x0E, 0x34, 0x9A, 0xE8, 0xE3, 0x15, 0xFF, 0x66, 0xAF, 0x40, 0xA8, 0x76,
    0xE2, 0xEC, 0x8A, 0xDF, 0x3D, 0xB4, 0xED, 0xB2, 0x58, 0x95, 0xC5, 0xAB, 0x25, 0x1B, 0x77, 0xA6,
    0x85, 0x13, 0xF5, 0xA6, 0x12, 0x03, 0x73, 0x79, 0x68, 0x3B, 0xA5, 0x00, 0x67, 0xA2, 0xC1, 0xB6,
    0x81, 0xB5, 0x5A, 0x96, 0x4B, 0x70, 0xE0, 0x92, 0xAD, 0x8E, 0x4B, 0xE6, 0x2E, 0xA5, 0xB5, 0x81,
    0xFA, 0xFC, 0x50, 0x6F, 0x3C, 0x0B, 0x6C, 0x2A, 0x2C, 0x1E, 0xF4, 0xE4, 0xFC, 0x19, 0x99, 0x0C,
    0xD6, 0xF1, 0x32, 0x87, 0x35, 0x1D, 0xE4, 0x69, 0xBF, 0x85, 0x45, 0xFA, 0x62, 0x7F, 0x66, 0x4D,
    0x8D, 0x8D, 0xDB, 0xC3, 0x50, 0x36, 0xB0, 0xC3, 0x2B, 0x5B, 0x10, 0x40, 0xD4, 0x8D, 0x3C, 0x80,
    0x07, 0x9B, 0x12, 0xA1, 0x95, 0xED, 0x6C, 0xC5, 0x90, 0xB8, 0xF2, 0x6B, 0xB5, 0x81, 0xA3, 0x37,
    0x68, 0xF1, 0xA0, 0xC3, 0x03, 0x75, 0xFC, 0x84, 0x83, 0x9E, 0xD1, 0x2A, 0x93, 0x1E, 0x5E, 0x0E,
    0xBA, 0xAF, 0xB8, 0x3A, 0xCF, 0x94, 0x62, 0xE3, 0x15, 0x07, 0x31, 0xF6, 0x5F, 0x1F, 0xBF, 0xB0,
    0x66, 0x53, 0x12, 0xAF, 0xE0, 0xC6, 0xDB, 0xA2, 0x5C, 0xC9, 0x94, 0xD0, 0xF5, 0x7C, 0xC9, 0xF6,
    0x56, 0xB4, 0x41, 0x8C, 0xCA, 0x8F, 0xEE, 0x2E, 0xFF, 0x4B, 0xD1, 0xAF, 0x57, 0x47, 0x84, 0x54,
    0xDB, 0x13, 0xD9, 0x5F, 0x54, 0x0F, 0x52, 0xCD, 0xA5, 0x5A, 0x9C, 0xD3, 0x4F, 0x4A, 0x1B, 0x59,
    0x27, 0x55, 0xB1, 0x97, 0xAA, 0x49, 0x55, 0x85, 0x4B, 0xF5, 0x0C, 0x3D, 0xB5, 0x2E, 0xFD, 0x76,
    0x63, 0x1D, 0x26, 0x04, 0xC3, 0xE7, 0xF1, 0x64, 0x53, 0x69, 0x1D, 0x54, 0x3C, 0xD8, 0xCE, 0xDE,
    0x1A, 0x31, 0xB5, 0x23, 0xDE, 0x97, 0x36, 0x20, 0x0A, 0xE6, 0x38, 0xFB, 0xAF, 0xF4, 0x6F, 0xF6,
    0x72, 0xDD, 0xAF, 0x86, 0xD2, 0x6C, 0x60, 0x6C, 0x36, 0xCB, 0x3E, 0xD4, 0xFB, 0x7F, 0x9B, 0x2C,
    0xD7, 0x06, 0x9B, 0x88, 0x74, 0x41, 0x80, 0x99, 0xAD, 0xB5, 0x5C, 0x87, 0x85, 0x8A, 0x17, 0xD6,
    0x16, 0x68, 0x6A, 0xAB, 0x37, 0x70, 0xE5, 0x80, 0xF4, 0x1F, 0x31, 0x56, 0xED, 0x60, 0x6F, 0x3E,
    0xA6, 0x6B, 0x33, 0x93, 0x97, 0x57, 0x5C, 0x97, 0xA7, 0x57, 0x57, 0xEA, 0x0A, 0xD6, 0xF2, 0x6E,
    0xA6, 0xCD, 0x30, 0xC2, 0x51, 0xC9, 0x95, 0x6D, 0xD2, 0x2A, 0x57, 0x86, 0x5E, 0x03, 0x2C, 0x73,
    0x0F, 0xC0, 0x3E, 0xB8, 0x82, 0x27, 0x71, 0x3E, 0x73, 0xA3, 0xC7, 0x44, 0xA6, 0x2D, 0xA2, 0xE5,
    0xE4, 0x20, 0x86, 0xB1, 0xB4, 0x45, 0x99, 0xB8, 0xC0, 0xFE, 0xDA, 0xCF, 0x18, 0xDD, 0xC8, 0x41,
    0x1E, 0x75, 0x32, 0xBA, 0x9D, 0xD3, 0x4E, 0xFD, 0xD1, 0xD7, 0x38, 0xEE, 0xF3, 0xC8, 0x55, 0x42,
    0x86, 0x16, 0xE6, 0xFC, 0xE4, 0x3C, 0xA2, 0x5A, 0xB8, 0x32, 0xFF, 0x6B, 0xE7, 0x0A, 0x20, 0x35,
    0xC9, 0xB2, 0xF3, 0xAD, 0xBF, 0xEC, 0x2B, 0xFA, 0x47, 0xC1, 0x66, 0xD9, 0x1D, 0x14, 0x00, 0xBD,
    0x28, 0x08, 0x02, 0xD9, 0x5B, 0x2B, 0x58, 0x04, 0xBB, 0x98, 0x9E, 0x60, 0x30, 0x00, 0x32, 0x8B,
    0x06, 0x00, 0x51, 0xC5, 0x08, 0x80, 0x34, 0x46, 0x20, 0xD0, 0xE8, 0xB0, 0xFD, 0x16, 0x0F, 0x00,
    0x4C, 0xDF, 0x22, 0x18, 0x04, 0x53, 0x83, 0x00, 0x98, 0x4A, 0xCC, 0x64, 0x93, 0x04, 0x5D, 0x36,
    0x35, 0x52, 0xAF, 0xB7, 0xAA, 0xBE, 0xFC, 0xE7, 0xFB, 0x6E, 0xFD, 0xD5, 0xEF, 0xA5, 0x67, 0xBA,
    0x7B, 0xB2, 0xBD, 0xB3, 0x4B, 0x4A, 0xD7, 0xFD, 0xCE, 0xFF, 0xBF, 0xAA, 0x5B, 0xA7, 0xEE, 0x3D,
    0xE7, 0xDC, 0x73, 0xCE, 0xB9, 0x7F, 0x67, 0xF8, 0x5B, 0xC5, 0x06, 0xB0, 0x98, 0x1D, 0xD3, 0xA6,
    0x3B, 0x6F, 0xF5, 0xF5, 0x1C, 0x56, 0xAC, 0x61, 0xAD, 0x97, 0x72, 0x4A, 0x2A, 0xF7, 0x82, 0xE3,
    0xF6, 0x35, 0x17, 0xCC, 0x2C, 0x94, 0x31, 0xAD, 0xD0, 0x58, 0x10, 0xB1, 0x9A, 0x2E, 0x7D, 0xED,
    0xC1, 0x7C, 0xC4, 0xCA, 0x55, 0x81, 0x77, 0xE5, 0xF6, 0xAA, 0x8D, 0x79, 0xA7, 0xC1, 0xB9, 0x85,
    0xF6, 0xAF, 0xB7, 0x4F, 0x72, 0x55, 0xF7, 0x23, 0x69, 0x1D, 0x2D, 0xA7, 0x91, 0xFB, 0x6A, 0xA1,
    0x75, 0xEE, 0xC8, 0x2F, 0xEA, 0x85, 0x42, 0xD9, 0x19, 0xB9, 0x52, 0x4A, 0x7B, 0x9B, 0x1D, 0x23,
    0x9D, 0x1F, 0xF7, 0x45, 0x45, 0x97, 0xB8, 0xB0, 0xC4, 0x88, 0x6C, 0x5F, 0x2E, 0x0B, 0x7E, 0x48,
    0x30, 0xEA, 0x43, 0x75, 0x16, 0x78, 0x57, 0xB2, 0x3D, 0xB0, 0x75, 0xEE, 0xAE, 0xA9, 0x65, 0x53,
    0x53, 0x09, 0xD5, 0xEA, 0x1B, 0xF7, 0xB5, 0xC7, 0x1F, 0xDD, 0x3B, 0x1D, 0xD5, 0xF3, 0x77, 0x79,
    0xB6, 0xFA, 0xEB, 0x1F, 0xB3, 0xF5, 0xD5, 0xCE, 0xAD, 0x38, 0x3F, 0xA0, 0x77, 0x7A, 0xA3, 0x9D,
    0xF5, 0x3A, 0xB2, 0xDE, 0x89, 0xF5, 0xFD, 0x3D, 0x34, 0x32, 0xD9, 0xED, 0xE1, 0xF0, 0xEB, 0xB9,
    0xA3, 0x52, 0xE4, 0xA8, 0x17, 0xDC, 0x47, 0x86, 0xBC, 0xFF, 0xC9, 0xFF, 0x66, 0xFA, 0x3E, 0xAE,
    0xAD, 0x17, 0x53, 0xB3, 0x82, 0xDE, 0x89, 0x47, 0xC3, 0xB9, 0xB3, 0xF1, 0xAF, 0x57, 0xAE, 0xE8,
    0x8B, 0x33, 0x49, 0x9D, 0xAD, 0x75, 0xDF, 0x65, 0x6B, 0xB3, 0xA3, 0xB6, 0x3B, 0x1B, 0xFD, 0x92,
    0x1C, 0xD6, 0x20, 0x9B, 0xF3, 0xB6, 0x64, 0xC7, 0x75, 0x01, 0x72, 0x57, 0x1A, 0xB6, 0x1C, 0x83,
    0xA0, 0x96, 0x4C, 0xBC, 0xEF, 0x5E, 0x7C, 0xF0, 0x9A, 0x14, 0xFB, 0xFA, 0x7F, 0xDC, 0x5B, 0x2D,
    0x2C, 0xD1, 0xCA, 0x9D, 0xD8, 0xD2, 0x71, 0x71, 0xF9, 0x61, 0x24, 0x00, 0xDE, 0xA7, 0x65, 0x30,
    0xCA, 0xC5, 0x03, 0x77, 0x81, 0x76, 0x33, 0x7E, 0xE5, 0x70, 0x1E, 0xCF, 0xF9, 0x74, 0x2A, 0xCC,
    0x3E, 0xB5, 0xF9, 0x44, 0xAA, 0xAE, 0x9C, 0xEF, 0x5D, 0x94, 0x8D, 0x60, 0x0B, 0xF4, 0xA7, 0x5D,
    0xDE, 0x26, 0x50, 0x5A, 0x26, 0xEF, 0x53, 0x0B, 0xE3, 0x99, 0x20, 0xC9, 0x66, 0x1B, 0x64, 0xB4,
    0xD9, 0x70, 0xBA, 0x15, 0x9D, 0x28, 0xCB, 0x84, 0x58, 0x22, 0x65, 0x28, 0x87, 0x14, 0xD5, 0x01,
    0x55, 0x3A, 0xF8, 0x2E, 0x83, 0x8B, 0x14, 0x8D, 0x87, 0x3B, 0x51, 0x6D, 0xBE, 0x1A, 0x95, 0x0D,
    0x75, 0x5B, 0x2C, 0x2E, 0xDB, 0xA9, 0xD5, 0x1D, 0xFB, 0x13, 0x35, 0x9B, 0xC1, 0xCF, 0x3B, 0x52,
    0xF9, 0xE2, 0x8A, 0x96, 0x7F, 0xCD, 0x67, 0x57, 0x36, 0x75, 0x9B, 0x2F, 0xB6, 0xBA, 0xD5, 0xCE,
    0xDB, 0x82, 0xF7, 0xA3, 0xD5, 0x2D, 0x27, 0x2A, 0xC5, 0xA7, 0x23, 0x7E, 0x32, 0x39, 0xDF, 0x25,
    0x40, 0x57, 0xDB, 0xBC, 0x0E, 0x16, 0xD8, 0x14, 0xA8, 0xCC, 0x50, 0x24, 0x6F, 0xDB, 0x3F, 0x67,
    0x9E, 0x9F, 0x8E, 0x74, 0xD9, 0xA8, 0x04, 0xFB, 0xC0, 0x4B, 0x1D, 0x76, 0x51, 0x65, 0xBA, 0xEB,
    0xD4, 0x1C, 0xAC, 0x49, 0x70, 0x5D, 0x7D, 0x47, 0x62, 0x59, 0x02, 0x40, 0x23, 0xEB, 0x2F, 0xF3,
    0x49, 0x83, 0xB3, 0x99, 0xD0, 0x3B, 0x51, 0x67, 0xE4, 0x00, 0x4A, 0xEB, 0x3A, 0x11, 0x1E, 0xC3,
    0x2D, 0xE2, 0x09, 0x22, 0x53, 0x0B, 0x66, 0x62, 0x32, 0x07, 0x11, 0x87, 0xA9, 0x5E, 0xC5, 0xEC,
    0xE8, 0x41, 0x22, 0x1B, 0x4A, 0x89, 0x51, 0xDE, 0x17, 0x68, 0x48, 0x74, 0xF9, 0xA6, 0xCA, 0x51,
    0x71, 0x7C, 0x93, 0x45, 0xDD, 0xAA, 0x52, 0x3D, 0x23, 0x44, 0xCD, 0x70, 0x6B, 0x14, 0xD1, 0x64,
    0x71, 0x8E, 0x44, 0xBA, 0x5E, 0x5E, 0x62, 0x31, 0x02, 0x76, 0x50, 0x5A, 0x22, 0x91, 0x0F, 0xD1,
    0xC1, 0xCF, 0xFB, 0x28, 0xEA, 0x65, 0x1B, 0x25, 0xDF, 0xB7, 0x4E, 0xEA, 0x50, 0x37, 0x92, 0x50,
    0x4A, 0x6C, 0x6A, 0xCF, 0x00, 0xFB, 0x9A, 0x4F, 0x27, 0xBF, 0x59, 0xDC, 0x7D, 0x7C, 0xE1, 0x92,
    0xF7, 0x80, 0x07, 0x80, 0x64, 0x68, 0x3A, 0x13, 0x66, 0x5B, 0x1E, 0x45, 0x49, 0xB5, 0xDE, 0x7E,
    0x69, 0x68, 0x2F, 0x0C, 0x24, 0x41, 0xA9, 0x17, 0xE9, 0x5B, 0x0D, 0x7B, 0x0A, 0x31, 0xC5, 0x74,
    0x0B, 0xE7, 0x17, 0x7E, 0x9F, 0x61, 0x24, 0x1E, 0xE3, 0xFD, 0x25, 0x5A, 0x43, 0x7B, 0x59, 0x43,
    0xA0, 0x8B, 0x78, 0x4D, 0xBC, 0x77, 0x1F, 0x4D, 0xBC, 0x7F, 0x20, 0x26, 0xB1, 0x5F, 0x87, 0x45,
    0x18, 0xF0, 0x6A, 0x88, 0x0D, 0x57, 0x7E, 0x77, 0xB0, 0x7E, 0x60, 0x7C, 0x8C, 0xE6, 0xA6, 0x02,
    0x71, 0xD9, 0xE5, 0x9F, 0x0D, 0x2A, 0xB7, 0x1F, 0x17, 0x12, 0x25, 0xF9, 0xB1, 0x19, 0xA2, 0x75,
    0x6A, 0xEC, 0x5D, 0x6A, 0x86, 0xA1, 0x89, 0xBD, 0x5D, 0x98, 0xC5, 0xE4, 0xC4, 0xF9, 0xF6, 0x03,
    0xE7, 0xDF, 0x57, 0x85, 0xC1, 0x66, 0x8E, 0x9C, 0xDF, 0x80, 0xFD, 0xD7, 0xAF, 0x0B, 0x7E, 0x83,
    0x46, 0xA0, 0x45, 0x4A, 0x40, 0x11, 0x88, 0xD6, 0x88, 0xB3, 0x6E, 0x16, 0x96, 0xEF, 0xE9, 0x66,
    0x47, 0xCE, 0x27, 0xE7, 0x71, 0xFD, 0x9D, 0x60, 0xC1, 0x92, 0x9C, 0x59, 0x83, 0xCA, 0xC2, 0x28,
    0x5E, 0x4C, 0x57, 0xC3, 0x26, 0xFF, 0x71, 0x7C, 0x59, 0x7B, 0xAB, 0x2B, 0x43, 0xB4, 0x1C, 0xAC,
    0xFB, 0x18, 0x39, 0x78, 0x09, 0xD6, 0x2D, 0xA7, 0x55, 0x19, 0x92, 0x03, 0xC3, 0x1C, 0x03, 0x31,
    0xC3, 0x48, 0x4C, 0x31, 0x11, 0x8D, 0x0B, 0xC3, 0xE4, 0x8C, 0x0B, 0xD1, 0x9D, 0x71, 0x7D, 0x09,
    0x2E, 0xFB, 0x7D, 0xC4, 0x79, 0xEF, 0x57, 0xCF, 0x11, 0xEA, 0xB9, 0x1C, 0x03, 0xF1, 0xD3, 0x11,
    0x4B, 0xF1, 0xC7, 0x93, 0xFC, 0x2F, 0x7C, 0x9F, 0x02, 0xA3, 0xFB, 0x8B, 0xF8, 0x7E, 0xC1, 0x60,
    0xD9, 0x27, 0xFF, 0x92, 0xC7, 0x43, 0x7E, 0x8D, 0xE1, 0x4A, 0x20, 0x29, 0x1A, 0x28, 0x54, 0xF9,
    0xA0, 0x47, 0x09, 0xB2, 0x1B, 0x70, 0x78, 0x48, 0x70, 0xEE, 0x25, 0x70, 0xCF, 0x2C, 0x53, 0xCD,
    0x81, 0x16, 0xE8, 0xCB, 0x9F, 0xC5, 0x4B, 0x5E, 0x1D, 0xDE, 0x16, 0x2C, 0x2F, 0x80, 0xC3, 0x42,
    0xAE, 0xB3, 0x45, 0x6F, 0xBA, 0x04, 0xC2, 0x1C, 0xE1, 0xCD, 0xBD, 0xE6, 0x1B, 0x78, 0xDB, 0x97,
    0x00, 0x08, 0xEF, 0x02, 0x5F, 0xC4, 0x68, 0xB3, 0xDD, 0x60, 0x3F, 0x14, 0x73, 0x53, 0x1F, 0x63,
    0x6D, 0xC4, 0x0E, 0xFA, 0x0F, 0x0C, 0x5A, 0x7D, 0x94, 0x66, 0xCC, 0x74, 0xF3, 0xA8, 0x45, 0xA9,
    0xA9, 0xFA, 0x60, 0x28, 0x1D, 0x4B, 0xC7, 0xA8, 0x72, 0x12, 0xAC, 0x5D, 0x21, 0x85, 0x51, 0x5D,
    0x5F, 0x8A, 0xDF, 0x39, 0xB9, 0x67, 0x86, 0x05, 0xB0, 0x6E, 0xE8, 0x41, 0xD6, 0x7B, 0xF6, 0xE3,
    0xD1, 0xB2, 0xFF, 0x53, 0x53, 0x08, 0x9B, 0x1C, 0x1D, 0xF1, 0x88, 0x81, 0x68, 0xFC, 0x19, 0x26,
    0x98, 0x89, 0x2E, 0x40, 0x58, 0xA2, 0x27, 0x66, 0xC0, 0x7F, 0x00, 0xCD, 0xEE, 0x76, 0x5C, 0xC4,
    0x05, 0xF2, 0xF4, 0x78, 0x49, 0xF9, 0x63, 0x6B, 0x7E, 0x11, 0x14, 0x6A, 0x62, 0xB9, 0x32, 0xD3,
    0x7B, 0x6A, 0xFE, 0x8D, 0x26, 0x23, 0x8D, 0xE6, 0x32, 0xDA, 0xDD, 0xDF, 0x32, 0xC1, 0xE9, 0x7F,
    0x47, 0x04, 0x80, 0x5B, 0xC4, 0x69, 0x78, 0x48, 0xBC, 0xB1, 0xA7, 0x87, 0x8D, 0x00, 0x18, 0x5B,
    0x99, 0x2D, 0xF8, 0xC2, 0xBD, 0x07, 0x7C, 0x78, 0x1E, 0x8D, 0x33, 0x61, 0x5A, 0xC2, 0x31, 0xB4,
    0xB1, 0x79, 0xC6, 0x24, 0xA0, 0x3A, 0x70, 0xF5, 0xEF, 0xBE, 0x09, 0x90, 0xB4, 0x93, 0x61, 0x72,
    0xA5, 0xE6, 0xC2, 0x54, 0xF9, 0x08, 0x60, 0xB0, 0x59, 0xB6, 0x34, 0xD7, 0x44, 0x3F, 0xE0, 0xF7,
    0xB7, 0xE9, 0xE5, 0xB0, 0xC8, 0x1F, 0xA3, 0x90, 0xFB, 0x68, 0xE6, 0xDD, 0x95, 0x89, 0x36, 0x65,
    0x95, 0x8B, 0xAF, 0x4D, 0xC0, 0xC1, 0xA4, 0x35, 0x00, 0x48, 0x81, 0xC5, 0xDC, 0x92, 0x67, 0x8A,
    0xC1, 0xC1, 0x4A, 0x44, 0x9C, 0x90, 0x72, 0x8E, 0xC3, 0xE4, 0x87, 0x48, 0xD4, 0x6D, 0x24, 0xE0,
    0x44, 0xA4, 0x73, 0x24, 0xF2, 0x21, 0x12, 0xBE, 0x8B, 0x44, 0xA8, 0x44, 0x1C, 0x16, 0x27, 0xE2,
    0x38, 0x47, 0xA2, 0xDC, 0xBE, 0xA9, 0x11, 0x09, 0x32, 0x27, 0x22, 0xDE, 0xFE, 0x14, 0xB1, 0xC3,
    0x9F, 0x60, 0x12, 0x91, 0x62, 0x16, 0x91, 0x00, 0xDB, 0x23, 0x50, 0x89, 0xF0, 0x10, 0x63, 0x54,
    0x56, 0xF1, 0x83, 0x51, 0x44, 0x86, 0x59, 0x04, 0x15, 0x50, 0xCC, 0x6F, 0xD5, 0xAF, 0x80, 0xCE,
    0xBD, 0x63, 0x13, 0xEF, 0xB1, 0x56, 0x9C, 0xF7, 0x23, 0xD0, 0x90, 0x70, 0xF7, 0xD1, 0x50, 0x52,
    0x9D, 0xD3, 0xE7, 0x28, 0xAD, 0xBA, 0x9B, 0xDF, 0x8A, 0xF7, 0x6F, 0x1F, 0xFE, 0x54, 0xF0, 0x57,
    0x82, 0x8F, 0x04, 0xCB, 0x06, 0x61, 0x5F, 0xB8, 0x8E, 0x5F, 0xB9, 0x70, 0x3D, 0x90, 0x58, 0x34,
    0x01, 0x1C, 0x76, 0x00, 0xDD, 0x15, 0x8D, 0x7A, 0x02, 0xAC, 0x8D, 0xA3, 0x68, 0x1C, 0x62, 0xFD,
    0xC1, 0x4A, 0x67, 0x90, 0xAF, 0xB9, 0x98, 0xE0, 0x91, 0x34, 0x2F, 0xFE, 0xF8, 0x19, 0x49, 0x56,
    0x1B, 0x3F, 0x11, 0x69, 0xB6, 0x58, 0x24, 0x6B, 0x7B, 0x3F, 0x25, 0x69, 0x12, 0xEA, 0x73, 0x92,
    0xE6, 0xDF, 0xD5, 0x22, 0x4D, 0x82, 0x9F, 0x88, 0x34, 0xE7, 0x6F, 0x16, 0x79, 0xC0, 0x98, 0x44,
    0x32, 0xC1, 0x74, 0x98, 0x44, 0x3A, 0xCC, 0xE9, 0x10, 0xC9, 0xB0, 0x64, 0x91, 0x34, 0x11, 0xEB,
    0x23, 0xE9, 0x91, 0xB7, 0x91, 0x2C, 0xF1, 0xDE, 0x46, 0x16, 0x78, 0xDA, 0x44, 0x32, 0x07, 0x5C,
    0x24, 0x8F, 0x3B, 0x99, 0x61, 0xDD, 0xC8, 0x14, 0xF3, 0x46, 0x1E, 0x76, 0xD2, 0x61, 0x12, 0x19,
    0x98, 0xB6, 0x21, 0x89, 0xCA, 0xF2, 0x6C, 0x05, 0x7A, 0xF7, 0xAE, 0x89, 0x52, 0x9F, 0x04, 0x5C,
    0x57, 0x01, 0xAB, 0xB3, 0xB0, 0x10, 0xE8, 0x8C, 0x2C, 0x5B, 0x92, 0xA7, 0xE5, 0xC1, 0x99, 0x6D,
    0x79, 0xC4, 0xDC, 0xE7, 0x11, 0x18, 0xAF, 0x00, 0xAE, 0x24, 0x8F, 0x9C, 0x76, 0x13, 0x4C, 0x94,
    0x4A, 0x95, 0x8A, 0x6A, 0x0C, 0x1B, 0x31, 0x6F, 0xC4, 0x1A, 0x89, 0x1A, 0x95, 0x08, 0x8F, 0x56,
    0x44, 0x8E, 0x5E, 0x44, 0x86, 0x51, 0x84, 0xF1, 0x4D, 0xC2, 0x01, 0x91, 0xA8, 0xD1, 0x88, 0x28,
    0xD1, 0x89, 0xC8, 0x31, 0x88, 0x48, 0x31, 0x89, 0x48, 0xB0, 0x88, 0x70, 0x01, 0x91, 0xF0, 0xF8,
    0x58, 0x44, 0x81, 0x5F, 0x89, 0x38, 0xE2, 0x37, 0x22, 0x52, 0x40, 0x84, 0x3B, 0x13, 0xF5, 0x46,
    0x94, 0x1B, 0x91, 0x1B, 0x11, 0xB6, 0x60, 0x5F, 0xE1, 0xE6, 0xC0, 0xE1, 0xE2, 0x30, 0x06, 0xEA,
    0x94, 0xDF, 0x88, 0x62, 0xB8, 0x19, 0x31, 0x3C, 0x30, 0xE4, 0xFA, 0xC1, 0x31, 0x43, 0x5C, 0xB9,
    0x0F, 0x0C, 0x15, 0x16, 0x66, 0x58, 0x48, 0x17, 0x60, 0x38, 0xC8, 0x2A, 0x8B, 0xEA, 0x4E, 0x12,
    0x87, 0x14, 0x43, 0x21, 0x1C, 0x3D, 0x1A, 0xFA, 0xBA, 0xC4, 0xC4, 0xB0, 0x22, 0xD6, 0xC2, 0x85,
    0xE8, 0x0C, 0x9D, 0xE1, 0x7A, 0x1B, 0xF7, 0xBF, 0xEB, 0x7A, 0x2F, 0xDC, 0xFB, 0x8B, 0xFD, 0xC7,
    0xE7, 0x4D, 0xDB, 0xF3, 0x8F, 0xE8, 0xC8, 0xCF, 0xC6, 0x1F, 0xA3, 0x55, 0xD3, 0x89, 0xBD, 0x50,
    0x5F, 0x25, 0xF2, 0x94, 0x9E, 0x5D, 0x19, 0xEF, 0x0A, 0x28, 0x58, 0x98, 0xA1, 0xD1, 0x56, 0x48,
    0x41, 0xDB, 0xFD, 0xF7, 0x1C, 0x0C, 0xFB, 0x5A, 0x4E, 0x26, 0x6D, 0x59, 0x4D, 0xC7, 0x3B, 0x86,
    0x0D, 0xD1, 0x7B, 0xDF, 0x9C, 0xFA, 0x64, 0x03, 0x19, 0x85, 0x17, 0x01, 0x2F, 0xD1, 0x0D, 0xFB,
    0xED, 0x99, 0x3A, 0x2B, 0xE8, 0xFA, 0x27, 0x01, 0xD5, 0xF3, 0x2E, 0x67, 0x63, 0x70, 0xAF, 0xFA,
    0x26, 0x56, 0x2B, 0xBC, 0x86, 0x93, 0xF9, 0xFF, 0xD3, 0x1F, 0xA7, 0x9F, 0x8F, 0xBC, 0xE1, 0x1F,
    0xDF, 0xF0, 0x9B, 0xE9, 0x4F, 0xEF, 0x41, 0x2B, 0x9F, 0x4E, 0x4C, 0x70, 0xBE, 0x71, 0x25, 0x66,
    0x40, 0x4C, 0x0A, 0xAF, 0x37, 0x43, 0xD4, 0xEB, 0x9B, 0x21, 0x2A, 0x95, 0x37, 0xC4, 0xFC, 0x83,
    0xC4, 0x67, 0x8F, 0xFB, 0x89, 0x2F, 0xCB, 0x13, 0xAC, 0x11, 0x97, 0x1B, 0xF9, 0x06, 0x8E, 0x81,
    0xC4, 0xCA, 0x90, 0xF3, 0x4A, 0xEC, 0x23, 0x0E, 0x44, 0xE3, 0xDF, 0x90, 0x8F, 0xD5, 0x62, 0x4F,
    0xE4, 0x00, 0xEC, 0xF9, 0x8E, 0x3D, 0x7F, 0x72, 0xC4, 0x48, 0xDC, 0xF8, 0x3D, 0x6C, 0x0E, 0x37,
    0x50, 0x45, 0x5E, 0x5B, 0x13, 0x36, 0x57, 0xE2, 0x9A, 0xD2, 0x94, 0x01, 0x44, 0x77, 0x1F, 0x7B,
    0x44, 0xF3, 0xB9, 0xEA, 0x10, 0x56, 0x6C, 0x08, 0xE8, 0x0E, 0x68, 0x33, 0x9B, 0x3D, 0xCB, 0x2C,
    0xE7, 0xD6, 0xDD, 0xC8, 0x3D, 0x19, 0xA3, 0x79, 0x30, 0xDE, 0x6A, 0xF0, 0xEE, 0x47, 0xAA, 0x04,
    0x8A, 0x1B, 0x86, 0xC1, 0xDB, 0x26, 0xB2, 0x8C, 0xAA, 0x92, 0x4A, 0x55, 0xC0, 0x0F, 0xE5, 0x96,
    0xF6, 0x88, 0xAF, 0x3E, 0x70, 0x55, 0x9D, 0x79, 0xBB, 0x52, 0x54, 0x9C, 0xA2, 0xB0, 0x5A, 0xAD,
    0xCE, 0xA3, 0x64, 0x5A, 0xCA, 0x0F, 0xA7, 0x76, 0xD5, 0xBE, 0x94, 0xDA, 0x3A, 0x99, 0x59, 0xF3,
    0x18, 0x4D, 0xF6, 0x4C, 0xC2, 0xBF, 0x7C, 0x17, 0x4D, 0xAA, 0x90, 0xE4, 0xBE, 0xDC, 0x27, 0x8B,
    0x03, 0x99, 0xD6, 0xDE, 0x52, 0xDD, 0x40, 0x77, 0xC6, 0xDE, 0x74, 0xA5, 0xEE, 0xEA, 0xCA, 0xB0,
    0xE8, 0x6A, 0x67, 0x98, 0x9F, 0xF1, 0xC9, 0x0D, 0x3C, 0x76, 0x8E, 0xE8, 0xDC, 0xEF, 0x1F, 0xA6,
    0x67, 0x9C, 0x0D, 0x92, 0xFB, 0xC0, 0x87, 0xFC, 0x08, 0xCC, 0x1B, 0x6A, 0x1C, 0xAA, 0x1F, 0x9C,
    0x3C, 0x1C, 0xDA, 0xAC, 0x02, 0xE8, 0x4B, 0x60, 0xAD, 0xDE, 0x32, 0xB3, 0x12, 0xD0, 0xCA, 0xB7,
    0xA5, 0x1A, 0x17, 0xDD, 0x46, 0xB4, 0x7F, 0x78, 0x44, 0xA9, 0xA0, 0x56, 0x89, 0x4B, 0xF9, 0x2A,
    0x55, 0xB4, 0x05, 0x70, 0x4A, 0x53, 0x1E, 0x55, 0x97, 0x07, 0x34, 0x6E, 0xA5, 0xA4, 0x70, 0xDB,
    0xE6, 0xA8, 0x38, 0xD6, 0x5A, 0x8B, 0x61, 0xAD, 0x7C, 0xC9, 0xF1, 0x0B, 0x00, 0x23, 0xD8, 0x9F,
    0xE3, 0x59, 0xCA, 0xCB, 0xD0, 0x26, 0xC4, 0xE0, 0x1C, 0x11, 0xD1, 0x9C, 0x2F, 0x31, 0xDE, 0x98,
    0xC5, 0x50, 0x3A, 0x49, 0x25, 0xD2, 0x51, 0xEC, 0x1C, 0x07, 0x59, 0xA8, 0xBC, 0x97, 0x0F, 0x90,
    0x77, 0xAA, 0x19, 0x97, 0xB2, 0xCB, 0xCE, 0xD3, 0x7E, 0x4E, 0xAA, 0xA2, 0xD8, 0x73, 0x63, 0x9D,
    0x67, 0x8D, 0x15, 0x14, 0x72, 0xE8, 0x71, 0x98, 0xC5, 0xFA, 0x9F, 0xC5, 0xA2, 0xCF, 0x07, 0x83,
    0x61, 0x8E, 0x7F, 0x24, 0x1E, 0xF1, 0x49, 0x2F, 0x0B, 0xF7, 0x59, 0xDC, 0xBC, 0x07, 0xE2, 0x21,
    0x9A, 0xC0, 0x64, 0xB3, 0x7C, 0x1B, 0x86, 0x45, 0xE8, 0xE7, 0x9B, 0x58, 0x8E, 0xDB, 0x38, 0xB8,
    0x7B, 0x14, 0xA1, 0x46, 0xFA, 0x45, 0x43, 0x8D, 0x96, 0x7B, 0x70, 0x12, 0x54, 0xEE, 0x87, 0x58,
    0x4D, 0xF5, 0x62, 0xAD, 0x22, 0x0C, 0x4A, 0xE7, 0xA5, 0x68, 0x35, 0x0F, 0xFA, 0xD0, 0xE9, 0x43,
    0x80, 0xDE, 0x9C, 0x13, 0x53, 0x63, 0xF7, 0x89, 0x38, 0x5E, 0x8C, 0x2F, 0x21, 0xF3, 0xAE, 0x1D,
    0x76, 0xAB, 0x8C, 0x0A, 0x2D, 0x43, 0xB2, 0x28, 0xD1, 0x4E, 0x1B, 0xCE, 0x31, 0x60, 0x3A, 0x4E,
    0xF1, 0x97, 0xE2, 0xBE, 0xE0, 0x51, 0xD9, 0xA0, 0xF3, 0x19, 0xAB, 0xA5, 0x54, 0x47, 0xA5, 0x2E,
    0x93, 0xC5, 0xD6, 0xC3, 0x41, 0x8A, 0x73, 0x98, 0x8F, 0xE8, 0xF8, 0x21, 0xC1, 0x9C, 0x4E, 0x19,
    0x86, 0x9C, 0x23, 0x86, 0x39, 0x1D, 0x53, 0x0C, 0x39, 0x05, 0xC2, 0xDC, 0xBF, 0x03, 0xC6, 0x82,
    0x63, 0x17, 0x60, 0x05, 0x8F, 0xB9, 0xE4, 0x07, 0x8F, 0xBC, 0x73, 0x98, 0x63, 0xA9, 0x0B, 0xA7,
    0x2B, 0xC2, 0xE2, 0x35, 0x62, 0xB8, 0xDF, 0x3A, 0xBF, 0xD6, 0xB1, 0x12, 0x10, 0x2C, 0xFD, 0xF3,
    0x24, 0xAE, 0x4B, 0x88, 0x7B, 0x40, 0xC8, 0x29, 0x5F, 0x7C, 0x8E, 0x0B, 0xD1, 0xBA, 0x7F, 0xA0,
    0x74, 0x65, 0xBB, 0x4A, 0x93, 0xF7, 0x4D, 0xDF, 0xE5, 0x2E, 0xF2, 0x50, 0x50, 0x12, 0x3F, 0x10,
    0xB9, 0x6E, 0xFC, 0xC0, 0xD4, 0xFC, 0x34, 0x51, 0x14, 0xEB, 0xA6, 0x04, 0x6C, 0xE1, 0x44, 0x55,
    0x62, 0x8D, 0xEE, 0x28, 0x9D, 0x06, 0x12, 0x95, 0x86, 0x3E, 0x59, 0xE2, 0x83, 0x38, 0x6A, 0x07,
    0x53, 0x10, 0xF6, 0x0A, 0x50, 0xAB, 0xB8, 0x5C, 0xE8, 0x45, 0x4B, 0x74, 0x6B, 0x7C, 0x95, 0x5F,
    0x6F, 0x9C, 0x9F, 0x79, 0x43, 0x4F, 0x42, 0xDE, 0xBB, 0x6E, 0x6B, 0x44, 0x78, 0xDC, 0xAE, 0x87,
    0x84, 0x7D, 0x49, 0x5E, 0x48, 0xA4, 0x13, 0xA0, 0x9E, 0x87, 0x78, 0x9B, 0x6F, 0x3D, 0x34, 0xEE,
    0x55, 0x0E, 0xCE, 0x93, 0xAD, 0x53, 0x9C, 0xCA, 0x99, 0xDC, 0xDA, 0xB5, 0x51, 0x80, 0xCB, 0xCE,
    0xBA, 0xAC, 0x14, 0x95, 0xDB, 0x6D, 0x09, 0x48, 0x58, 0x2C, 0x72, 0xED, 0x2E, 0xA0, 0x98, 0xD6,
    0x26, 0x00, 0xED, 0x99, 0xD8, 0xD2, 0x54, 0x14, 0x68, 0x00, 0x41, 0x49, 0xAA, 0x35, 0x05, 0xAC,
    0xFA, 0xDC, 0x49, 0x47, 0xD0, 0x38, 0x61, 0xCC, 0xF1, 0x2C, 0x12, 0xCC, 0x74, 0x56, 0x6A, 0x21,
    0xA3, 0x56, 0xF7, 0x64, 0x25, 0xB3, 0xE7, 0x75, 0x1A, 0x4A, 0xDF, 0xC4, 0xC4, 0x72, 0xF4, 0xF2,
    0x56, 0xBD, 0xFE, 0x8F, 0xA3, 0xD6, 0xFE, 0x43, 0xDC, 0x0A, 0xFB, 0x71, 0xD4, 0xD6, 0xA7, 0xFD,
    0x2D, 0x2D, 0x6D, 0x6E, 0x6A, 0xE7, 0xFA, 0xCD, 0x10, 0xB8, 0x81, 0x5C, 0xF3, 0x77, 0x8F, 0x2A,
    0xE2, 0x1D, 0x2E, 0x8F, 0x8F, 0x72, 0xD0, 0x20, 0x0A, 0xC6, 0x7C, 0xB1, 0xF7, 0x1B, 0x54, 0x17,
    0xEA, 0xF2, 0x9E, 0xB3, 0x99, 0x77, 0xEC, 0x2A, 0xEF, 0x28, 0x24, 0x79, 0xCB, 0x8C, 0xC2, 0x9D,
    0x86, 0x42, 0xC4, 0xD7, 0xEA, 0x77, 0x77, 0x4C, 0xF3, 0x41, 0x33, 0xB0, 0xAF, 0x4C, 0x74, 0x4C,
    0xD8, 0xF1, 0x7E, 0xE1, 0x26, 0x26, 0xC0, 0xBE, 0x1B, 0x21, 0x8A, 0xFF, 0xDE, 0x71, 0x67, 0xD9,
    0x68, 0x5E, 0xBF, 0xEA, 0xC2, 0x55, 0x1D, 0x2F, 0xEC, 0x38, 0x59, 0xD8, 0x71, 0xBA, 0x14, 0x4C,
    0xFB, 0x2C, 0x1E, 0x76, 0xDC, 0x82, 0x1A, 0xE8, 0x74, 0x3E, 0x6B, 0xB6, 0x12, 0x43, 0xBD, 0x7E,
    0x8B, 0x67, 0x2C, 0x75, 0x88, 0x1F, 0xF1, 0xF6, 0x91, 0x76, 0x3C, 0x52, 0x6A, 0xBC, 0x9D, 0xDA,
    0x24, 0x4A, 0x35, 0xCC, 0xED, 0xEC, 0xB8, 0xE9, 0x92, 0x11, 0x6C, 0x6A, 0xE7, 0xA8, 0x5D, 0x95,
    0x89, 0xEA, 0x31, 0x5C, 0x7B, 0x28, 0x6A, 0x61, 0xEB, 0xA4, 0x52, 0x59, 0xBC, 0x6C, 0x63, 0x27,
    0xDD, 0xAB, 0x74, 0xF2, 0x35, 0x5C, 0xDC, 0x69, 0x7C, 0xE4, 0xF5, 0x2E, 0xD0, 0xD1, 0x73, 0x35,
    0x03, 0x7C, 0xFC, 0x16, 0xCF, 0x9C, 0x7C, 0x90, 0x9F, 0x3A, 0x9E, 0x27, 0x2B, 0xF8, 0xDC, 0x4E,
    0x84, 0x5A, 0xF2, 0xD8, 0xB9, 0x68, 0x22, 0xA3, 0x09, 0x4D, 0x7F, 0xCD, 0x6D, 0x17, 0xFF, 0x4C,
    0x4B, 0x42, 0xBB, 0x56, 0xB6, 0x1A, 0x33, 0x1B, 0xB1, 0x9A, 0xAF, 0x6B, 0x65, 0x69, 0x1B, 0x98,
    0xE3, 0xA0, 0x1F, 0xA5, 0xD8, 0xA0, 0x1D, 0x66, 0xAE, 0xDD, 0x0B, 0x75, 0x3D, 0x70, 0x68, 0xEB,
    0x8A, 0x03, 0xDD, 0x06, 0xA7, 0x51, 0xE2, 0xB3, 0xA9, 0x47, 0x6A, 0xE9, 0x82, 0x3E, 0x74, 0xE7,
    0x15, 0xAE, 0xD5, 0xBE, 0x0E, 0xE6, 0xD9, 0xB7, 0xBA, 0x7C, 0x20, 0xAF, 0xFB, 0x1E, 0xC4, 0x8A,
    0xFA, 0x39, 0xBA, 0x0C, 0xCF, 0x94, 0x8A, 0xE1, 0x76, 0x05, 0x0B, 0x95, 0x72, 0x23, 0xDA, 0x94,
    0xAD, 0xFB, 0x3E, 0x5B, 0xF7, 0x7C, 0xFB, 0xCE, 0x15, 0x2B, 0x53, 0x30, 0x8F, 0xDD, 0xDA, 0x02,
    0xDD, 0x76, 0x7B, 0x1B, 0xD8, 0x15, 0x16, 0xB6, 0xB3, 0xDA, 0xF8, 0x4D, 0xC9, 0xBF, 0x7A, 0xB4,
    0x35, 0x7E, 0x0C, 0x74, 0x25, 0xF0, 0x2B, 0x5C, 0xE7, 0xC0, 0x07, 0xC0, 0x01, 0xCB, 0x01, 0xD0,
    0xEE, 0x67, 0x8F, 0xE5, 0xB9, 0x18, 0xAA, 0x14, 0xB8, 0x08, 0x41, 0x50, 0xBF, 0x0A, 0x70, 0x23,
    0x76, 0xBD, 0x94, 0x58, 0x0D, 0x02, 0xC8, 0xF4, 0xF5, 0x7D, 0xD6, 0x4C, 0xBA, 0x94, 0x01, 0x37,
    0x23, 0x5B, 0x06, 0x4E, 0xF3, 0xF3, 0x10, 0x16, 0xF6, 0xB2, 0xC1, 0x4A, 0xA8, 0x5F, 0x04, 0x21,
    0xC2, 0xB2, 0xDD, 0x77, 0xBB, 0xB3, 0xC6, 0x5C, 0xAD, 0xA0, 0x9A, 0x8C, 0x99, 0x3D, 0xF4, 0x6F,
    0x61, 0xD4, 0xB6, 0x96, 0xA1, 0x06, 0x9C, 0x47, 0xBF, 0xFD, 0x44, 0xE2, 0xDE, 0x1E, 0x89, 0xB3,
    0xDA, 0x53, 0xCB, 0xF7, 0x59, 0x19, 0x3F, 0x75, 0x25, 0x5C, 0xCE, 0x5D, 0xBF, 0x24, 0x2A, 0x0F,
    0x77, 0x84, 0x3D, 0x3B, 0x9B, 0xAD, 0x9C, 0x7B, 0x51, 0x45, 0x0F, 0x0B, 0x6A, 0xE7, 0xDB, 0xAD,
    0xBE, 0x0F, 0x6A, 0xD7, 0x7D, 0x9C, 0x3C, 0x5C, 0xDC, 0xF3, 0x7B, 0xE4, 0x7A, 0x53, 0x56, 0x47,
    0x8C, 0x09, 0x5C, 0x7A, 0xAE, 0x2A, 0x4F, 0xDB, 0xAF, 0x7C, 0xE2, 0xAE, 0x62, 0x07, 0xF5, 0x18,
    0xE1, 0x4A, 0x70, 0x10, 0xB8, 0x57, 0x84, 0xB7, 0xD0, 0x18, 0x00, 0x23, 0xCB, 0xFB, 0x58, 0x28,
    0x25, 0x5F, 0xD6, 0x98, 0x8D, 0x8B, 0xE3, 0x09, 0xCC, 0xC9, 0x22, 0x28, 0x53, 0xC2, 0xCD, 0x06,
    0xE4, 0x7F, 0x07, 0xCC, 0x2F, 0x87, 0xFD, 0x06, 0xF5, 0x42, 0x00, 0x3B, 0xF3, 0x0A, 0x60, 0x4B,
    0x34, 0x19, 0xE5, 0xB5, 0x2F, 0x02, 0x18, 0x31, 0x7A, 0x7C, 0x9E, 0x00, 0x73, 0xC9, 0x3F, 0xF6,
    0x05, 0xE6, 0xB8, 0x73, 0xF2, 0xF6, 0x1E, 0xF1, 0x81, 0x1A, 0xB4, 0x98, 0xAE, 0xC5, 0xD9, 0x31,
    0x5D, 0xB0, 0xC9, 0xF2, 0xD8, 0x77, 0x87, 0xD7, 0x8B, 0xB5, 0x41, 0x2D, 0x2E, 0x7F, 0x89, 0x41,
    0x2B, 0x60, 0x6C, 0x97, 0xAF, 0x98, 0x1D, 0x9C, 0x67, 0xA7, 0x2A, 0xCD, 0x1F, 0x68, 0xE9, 0xD3,
    0x77, 0x19, 0xAE, 0x5D, 0x68, 0xE3, 0xCA, 0x5A, 0x23, 0xE6, 0x85, 0xFB, 0x2D, 0x69, 0xB5, 0xAB,
    0x37, 0x67, 0x88, 0x86, 0xE0, 0x5F, 0xB9, 0xD1, 0xB8, 0x65, 0x0E, 0xB5, 0xAA, 0x3B, 0x6E, 0x37,
    0xAE, 0xB6, 0x7D, 0xD0, 0xB7, 0xDB, 0xBB, 0x01, 0x27, 0x43, 0xE2, 0x8D, 0x35, 0xB5, 0xFA, 0x46,
    0x7F, 0x7D, 0xF3, 0x2D, 0xD7, 0xEA, 0xEF, 0x01, 0xD7, 0x15, 0x9F, 0xDE, 0xC7, 0x96, 0xC7, 0xF7,
    0xE3, 0xE8, 0xB7, 0x36, 0x03, 0x3F, 0x45, 0x47, 0x07, 0xF4, 0x04, 0x58, 0xC3, 0x9A, 0xB7, 0xDC,
    0x32, 0x7A, 0xAC, 0xB4, 0x67, 0xD4, 0x1D, 0xD1, 0x9C, 0x28, 0xA7, 0x4D, 0xF2, 0x2F, 0x86, 0x78,
    0x49, 0x86, 0xD6, 0x20, 0x45, 0xC7, 0xBD, 0x39, 0xB8, 0xAE, 0xE3, 0xEC, 0xD2, 0x78, 0xCB, 0x51,
    0x2A, 0xFF, 0x9A, 0x92, 0x0F, 0x31, 0xB0, 0x12, 0x52, 0x44, 0x00, 0xAE, 0x09, 0xE4, 0x13, 0x7B,
    0xF6, 0x61, 0x2B, 0xCB, 0x2B, 0x91, 0x06, 0x46, 0x3C, 0x05, 0xB8, 0xC5, 0xF4, 0x08, 0xA7, 0xAC,
    0x19, 0xE1, 0xB8, 0x12, 0xF2, 0xC5, 0x85, 0x81, 0xF6, 0xDA, 0xAF, 0xEE, 0x82, 0xB3, 0x05, 0x7B,
    0xFC, 0x01, 0xE2, 0xE5, 0x7B, 0xE1, 0xDF, 0xAB, 0xCD, 0x3A, 0x1A, 0xAE, 0xC4, 0x1F, 0x46, 0x74,
    0x1B, 0x86, 0x88, 0xF5, 0x2B, 0x23, 0xED, 0xA4, 0x0C, 0x25, 0x31, 0x28, 0xE3, 0xB8, 0x6E, 0xB9,
    0x93, 0xAE, 0x80, 0xDC, 0xB3, 0xE3, 0xB6, 0x6D, 0xE6, 0x85, 0xB8, 0xBE, 0x19, 0x0C, 0x86, 0x2C,
    0xAA, 0x9D, 0x70, 0x62, 0x92, 0x2E, 0xC5, 0x5A, 0x79, 0x70, 0xD3, 0x67, 0xB7, 0xA1, 0x4B, 0xB4,
    0x95, 0x57, 0x1A, 0xBF, 0xEA, 0x0C, 0x8B, 0xBE, 0xBB, 0xB5, 0x53, 0xF3, 0xEE, 0xE5, 0x63, 0x8E,
    0x9F, 0x9D, 0x09, 0xAF, 0xFB, 0xBF, 0xB9, 0x5A, 0xBC, 0x1F, 0x20, 0x6F, 0x9E, 0x0E, 0xA1, 0x31,
    0x51, 0x71, 0x66, 0xE3, 0xAF, 0xAC, 0x5A, 0x9E, 0x34, 0xB3, 0xAB, 0xBB, 0xB5, 0xFD, 0xD3, 0x1C,
    0xE4, 0x2A, 0x07, 0x1A, 0x3B, 0x6D, 0x9C, 0x79, 0x4F, 0xF1, 0x66, 0x4E, 0xF2, 0x60, 0xA7, 0x87,
    0x78, 0xC7, 0x4C, 0x67, 0x18, 0xE8, 0x95, 0xBD, 0x7B, 0xF0, 0x46, 0x64, 0xCC, 0x59, 0x2C, 0x64,
    0x08, 0xAC, 0x11, 0x17, 0x62, 0x8E, 0x46, 0xB8, 0x38, 0x62, 0x31, 0x08, 0x7D, 0x2B, 0x44, 0x45,
    0x4C, 0x17, 0x47, 0xCC, 0x27, 0xE2, 0xE2, 0x67, 0xE1, 0x66, 0x2C, 0x81, 0x2A, 0x62, 0x4B, 0xFC,
    0x0C, 0x3D, 0x31, 0xC3, 0xA8, 0xFB, 0x31, 0xC7, 0xFE, 0x56, 0xA1, 0xA2, 0x39, 0xBA, 0x23, 0x7C,
    0x9F, 0x02, 0x8A, 0xF5, 0x8E, 0x67, 0x19, 0x43, 0xC3, 0x79, 0x0C, 0x68, 0x89, 0x17, 0x86, 0x0B,
    0xC7, 0x84, 0xE3, 0xF1, 0x5A, 0x72, 0xF3, 0x26, 0xE4, 0x2B, 0x1E, 0x8C, 0xC8, 0x1F, 0x5D, 0x60,
    0x8C, 0x49, 0x29, 0x5B, 0xB7, 0x90, 0x80, 0xAE, 0x1F, 0xEB, 0x8E, 0x1F, 0x6B, 0xA1, 0xC6, 0x0A,
    0xE0, 0x29, 0xA0, 0x52, 0x7C, 0x57, 0xE0, 0x9C, 0xE6, 0x6D, 0xE2, 0x72, 0x6B, 0xF4, 0xB6, 0x22,
    0x46, 0x7A, 0x74, 0x05, 0xE9, 0x95, 0x74, 0x8E, 0x36, 0xD2, 0xC3, 0xB7, 0x4B, 0x87, 0x9D, 0x9F,
    0x68, 0x17, 0x48, 0x6F, 0xB6, 0x21, 0xC7, 0xB5, 0xDB, 0xEC, 0x42, 0x0E, 0xDC, 0xA0, 0x6F, 0x8C,
    0xD9, 0xE7, 0x71, 0xBC, 0xD6, 0x6D, 0xAC, 0x1A, 0xFA, 0x5B, 0xE0, 0x33, 0xFE, 0x40, 0xEC, 0x9E,
    0x0E, 0x46, 0xF4, 0x5A, 0xB5, 0xE4, 0x1B, 0x64, 0xE6, 0x57, 0xB6, 0xDC, 0x37, 0x3E, 0x14, 0xE0,
    0x06, 0x7A, 0x6B, 0xB5, 0x81, 0x7E, 0xA9, 0xA9, 0x7C, 0xE1, 0xDC, 0x7A, 0xE0, 0x2B, 0x5A, 0x5E,
    0x03, 0x5D, 0x2F, 0x4F, 0xD7, 0xE3, 0xBC, 0x05, 0x7F, 0xCA, 0xD1, 0x24, 0x18, 0x32, 0x74, 0x19,
    0xFA, 0xC4, 0x7C, 0xEB, 0xE6, 0xC5, 0x3E, 0x09, 0x8D, 0xEE, 0xC3, 0x0B, 0x3C, 0xB0, 0x9C, 0x89,
    0xD4, 0x68, 0x34, 0x2E, 0x13, 0x3C, 0x3B, 0xDD, 0xD4, 0x39, 0x58, 0x0F, 0x83, 0x0B, 0xDA, 0x1B,
    0x14, 0xE0, 0xE4, 0x35, 0xCB, 0x77, 0x5B, 0x6F, 0xC0, 0x62, 0x3C, 0xBC, 0x14, 0xB0, 0xDC, 0xBE,
    0x0F, 0x1B, 0x1C, 0x30, 0xF1, 0x41, 0x7C, 0x5E, 0x6F, 0xB9, 0x95, 0xA0, 0x29, 0x0F, 0x4B, 0x00,
    0xAC, 0x87, 0x02, 0x93, 0x41, 0xF2, 0x97, 0x55, 0xF4, 0xC9, 0xBE, 0x1E, 0xB0, 0xEE, 0x33, 0x60,
    0xAF, 0xBF, 0xEE, 0x70, 0xD7, 0xCC, 0xDE, 0x7E, 0x1C, 0xD1, 0xDC, 0x39, 0x65, 0x3A, 0x03, 0xC6,
    0x82, 0xB3, 0xB7, 0x96, 0x98, 0x73, 0x5C, 0x87, 0x1A, 0x15, 0xBD, 0xDE, 0xE5, 0x77, 0xEC, 0xF5,
    0xCE, 0xF4, 0x7A, 0xB9, 0x02, 0x60, 0xE5, 0xCF, 0x71, 0x30, 0x85, 0x99, 0xF9, 0x10, 0xA6, 0x3D,
    0xDE, 0x76, 0xAF, 0xE1, 0xD5, 0x2F, 0xD1, 0x1D, 0xAA, 0xD8, 0x62, 0x3E, 0x43, 0xA2, 0xF4, 0xAE,
    0xB4, 0xEE, 0xE1, 0xC1, 0x64, 0x77, 0x2A, 0x30, 0x95, 0x98, 0x6A, 0xCC, 0x09, 0x66, 0x70, 0xB2,
    0xBE, 0x0C, 0xC6, 0x62, 0xE7, 0xAD, 0x6D, 0xCA, 0xD1, 0xD9, 0x98, 0x34, 0xD1, 0x0D, 0x8E, 0xED,
    0xFA, 0xCD, 0xDB, 0xC0, 0x16, 0x50, 0x99, 0xEF, 0x0B, 0x45, 0xCF, 0x5B, 0xBB, 0xFF, 0x20, 0x3D,
    0x51, 0x50, 0xFB, 0x9F, 0x18, 0xF2, 0xD9, 0x6A, 0x4F, 0xA3, 0x2B, 0x46, 0x3F, 0xBA, 0x7C, 0xB0,
    0xA6, 0xF3, 0x8B, 0xB2, 0xC6, 0x71, 0x85, 0x2C, 0xAC, 0x5E, 0x98, 0x83, 0x0A, 0x0A, 0x16, 0x6E,
    0x19, 0x4D, 0x83, 0x03, 0xB8, 0x30, 0x3D, 0x97, 0x37, 0xAE, 0x5C, 0x7D, 0xE3, 0xF2, 0xA5, 0x6E,
    0xAD, 0xE9, 0x5C, 0x3E, 0xD7, 0xA3, 0xFD, 0x76, 0x78, 0x7D, 0x07, 0x83, 0xDD, 0xDB, 0xD8, 0x98,
    0x6F, 0xF5, 0x00, 0xD3, 0x96, 0x03, 0x93, 0xA5, 0xD6, 0x64, 0xD6, 0xE4, 0xD6, 0x94, 0xEC, 0x6D,
    0xBD, 0x6C, 0xBC, 0xF1, 0xC7, 0xE6, 0xAE, 0x7D, 0xE4, 0x0C, 0xFF, 0xB6, 0x1A, 0x89, 0x2D, 0xDF,
    0xF0, 0x9F, 0x7E, 0xA6, 0x9F, 0xC0, 0xE6, 0xD6, 0x1C, 0x80, 0x07, 0x8C, 0xFD, 0xDE, 0x3F, 0x4D,
    0x9E, 0xFD, 0x7E, 0x03, 0x18, 0x53, 0xEA, 0x4B, 0xC4, 0x8C, 0x6B, 0x4F, 0x7B, 0x36, 0xC9, 0x87,
    0x37, 0x8E, 0x13, 0x31, 0x39, 0x61, 0x41, 0x34, 0xA9, 0x56, 0x11, 0x20, 0x10, 0xF1, 0x77, 0x72,
    0x5D, 0x99, 0x61, 0xE0, 0x44, 0x7D, 0xA0, 0x6A, 0xE0, 0x92, 0x1A, 0x2A, 0xCF, 0x60, 0x85, 0x97,
    0x87, 0x77, 0x2E, 0x1F, 0x07, 0x98, 0x85, 0x84, 0x60, 0xE5, 0x1E, 0xA6, 0xD0, 0x1D, 0x0C, 0xEA,
    0xC6, 0x11, 0x24, 0xDC, 0x41, 0xB2, 0xA4, 0xEA, 0x4B, 0xC2, 0x49, 0xAE, 0x0E, 0xAC, 0x85, 0x37,
    0xB1, 0xF4, 0x92, 0xD1, 0xB5, 0xEF, 0x8E, 0xB1, 0x20, 0xDE, 0xA9, 0x1E, 0xDE, 0x3A, 0xE3, 0xBC,
    0x6C, 0x1C, 0x8D, 0xB0, 0x34, 0xA6, 0x96, 0xF7, 0xF2, 0xC4, 0xC0, 0xAF, 0x31, 0x67, 0x4B, 0x50,
    0x59, 0x73, 0x4B, 0x4C, 0x1E, 0x05, 0x19, 0x3A, 0xDA, 0x92, 0x87, 0xEE, 0xBB, 0xE6, 0x2C, 0x3A,
    0x0F, 0xB3, 0x92, 0x2C, 0x7E, 0x92, 0x84, 0x91, 0x8C, 0x4B, 0x13, 0x34, 0x2E, 0xF4, 0x54, 0xCA,
    0x03, 0x5A, 0x55, 0x43, 0x66, 0x97, 0x1A, 0xD9, 0xD8, 0x13, 0x8D, 0x31, 0xE7, 0xF9, 0x54, 0x3E,
    0xA3, 0x36, 0x12, 0x24, 0x8D, 0x19, 0xFE, 0x52, 0x69, 0xB2, 0x77, 0x64, 0x8E, 0x21, 0xCC, 0x6E,
    0x26, 0xD9, 0x78, 0x3F, 0x1F, 0xE2, 0x8F, 0x88, 0x3E, 0x2A, 0xD7, 0x74, 0x24, 0x53, 0xED, 0x5C,
    0x20, 0x65, 0xA6, 0x0B, 0x9F, 0xCE, 0x39, 0x32, 0xA5, 0xBE, 0xFE, 0x65, 0x3C, 0xE2, 0xCF, 0x3B,
    0xA6, 0x66, 0xFF, 0x6B, 0xC8, 0xF0, 0x37, 0x2D, 0x5F, 0xF9, 0xBF, 0xFB, 0x14, 0x9F, 0x35, 0x24,
    0x7F, 0xD3, 0xA5, 0x78, 0x1A, 0x37, 0x76, 0xB5, 0x09, 0x70, 0xAE, 0xB5, 0x9F, 0xC9, 0x8A, 0x03,
    0xCE, 0x41, 0xD9, 0x7E, 0x68, 0x78, 0xFE, 0xCF, 0x0C, 0xA2, 0x4E, 0xF8, 0x51, 0xA5, 0x88, 0xC7,
    0xA7, 0xD3, 0x84, 0x75, 0x2D, 0x80, 0x33, 0x26, 0x40, 0x97, 0xA0, 0x53, 0x06, 0x58, 0x55, 0x88,
    0x2E, 0x16, 0x21, 0x86, 0x74, 0x52, 0x49, 0x26, 0xEF, 0xC5, 0xC1, 0x56, 0x6E, 0x81, 0xBA, 0xC6,
    0x4C, 0xDC, 0x2B, 0x22, 0xDB, 0xE7, 0xED, 0xEF, 0x68, 0xC8, 0xD8, 0x27, 0xE8, 0x78, 0x7F, 0xAA,
    0xD2, 0xC1, 0x9C, 0xA8, 0x12, 0x3A, 0x4A, 0x8F, 0xF2, 0x21, 0xDA, 0x09, 0x65, 0x30, 0x1D, 0x0C,
    0x47, 0x33, 0x31, 0x49, 0x50, 0xAD, 0x80, 0x95, 0xE9, 0x0D, 0xAD, 0x7A, 0x7C, 0xF7, 0xF2, 0x91,
    0x7E, 0xF3, 0x34, 0x09, 0x46, 0xAB, 0x53, 0xA5, 0x5A, 0x10, 0x93, 0x95, 0xC2, 0x7F, 0x98, 0x29,
    0xF3, 0xA9, 0x8C, 0x7C, 0x3A, 0x6A, 0x42, 0x07, 0xCD, 0x60, 0xCF, 0xD1, 0xCA, 0x3B, 0x0A, 0x64,
    0xA1, 0xD2, 0xA4, 0x6F, 0x28, 0x3B, 0x9E, 0x2F, 0xD0, 0xD7, 0xCA, 0x4C, 0xC6, 0xDF, 0x0C, 0xCF,
    0x84, 0x6B, 0xF9, 0xD3, 0xEB, 0xA8, 0x41, 0xD8, 0xD3, 0xEC, 0xBC, 0xFF, 0x39, 0xC8, 0xD0, 0xDC,
    0x88, 0x7A, 0x05, 0x0B, 0xE1, 0x18, 0xA7, 0x65, 0x22, 0xF8, 0x81, 0x10, 0x62, 0xC5, 0xA1, 0x55,
    0xB1, 0x5F, 0xFD, 0xCF, 0x82, 0xCE, 0xED, 0xD9, 0xA4, 0x8B, 0xCB, 0x6D, 0xFF, 0x27, 0x46, 0xB6,
    0xC3, 0x71, 0xBD, 0xBC, 0x42, 0x7F, 0x1C, 0x4C, 0xB9, 0xF3, 0x8E, 0x2F, 0xD7, 0xDA, 0xB0, 0xE6,
    0x6D, 0x1C, 0x64, 0x0C, 0xFB, 0xAF, 0xA6, 0xC8, 0x96, 0xC7, 0xB6, 0x02, 0xD1, 0x38, 0xDC, 0xBC,
    0xA4, 0x44, 0x13, 0x77, 0x9A, 0x6B, 0x7D, 0x9C, 0x6D, 0x28, 0x93, 0xD9, 0xFC, 0x8D, 0x94, 0xFB,
    0xDD, 0x8A, 0xA9, 0x64, 0xD8, 0xEE, 0xB1, 0xB7, 0x27, 0xBE, 0xB8, 0x05, 0xCF, 0x2E, 0xC2, 0xFA,
    0x70, 0xDF, 0xEF, 0xA9, 0xA6, 0x78, 0xED, 0x26, 0x3A, 0xE7, 0xD6, 0xAF, 0xD9, 0x12, 0x75, 0x5E,
    0x59, 0x33, 0xD2, 0xB6, 0x4B, 0xEE, 0x75, 0xDD, 0xEB, 0x77, 0xBF, 0xB3, 0xA6, 0xC2, 0xE7, 0xC1,
    0x78, 0x36, 0xEE, 0x6D, 0x7C, 0x1F, 0x7E, 0xF4, 0xE4, 0x75, 0x8E, 0xF0, 0xAC, 0x8A, 0xB7, 0xFE,
    0x1C, 0xF3, 0xBE, 0x26, 0x70, 0x24, 0xC5, 0xE0, 0x6B, 0x36, 0x91, 0x41, 0x9A, 0xC3, 0x6B, 0x17,
    0xFB, 0xCE, 0xAD, 0x01, 0x7A, 0x06, 0x9F, 0xFC, 0xEB, 0x3E, 0x4E, 0xAF, 0xDB, 0x54, 0x91, 0xBF,
    0xB0, 0x8A, 0x67, 0x0D, 0xEF, 0xFB, 0x8F, 0xE9, 0x71, 0x34, 0x2E, 0xF9, 0x85, 0x69, 0xCD, 0x61,
    0xCE, 0xCC, 0x46, 0x4E, 0xF9, 0x33, 0x74, 0xE9, 0x54, 0x74, 0x7E, 0xCA, 0xC6, 0xB2, 0x3D, 0xE2,
    0xBD, 0xC1, 0x37, 0x07, 0xF0, 0x77, 0xD4, 0x2A, 0x43, 0x1E, 0x17, 0xF7, 0x3F, 0xC4, 0x57, 0x31,
    0x88, 0xE6, 0xC6, 0x19, 0x7D, 0x92, 0x72, 0x2B, 0x12, 0x05, 0xE4, 0x22, 0xD7, 0xD8, 0x18, 0xB5,
    0xE1, 0x8C, 0x51, 0x0F, 0x49, 0x66, 0x8E, 0x40, 0x9A, 0x34, 0x07, 0xF1, 0x1F, 0x97, 0xAE, 0x73,
    0x29, 0x36, 0x6D, 0x20, 0xE7, 0x11, 0x71, 0x0F, 0x9B, 0x22, 0x4E, 0x99, 0x2D, 0x8E, 0x60, 0xFF,
    0xCD, 0xF5, 0x10, 0x5B, 0x13, 0xDC, 0x83, 0x08, 0xA4, 0x8E, 0x8A, 0x33, 0x24, 0x69, 0x32, 0xF6,
    0x09, 0xF2, 0xAF, 0x2D, 0xE9, 0x65, 0x1E, 0x23, 0x79, 0xCF, 0xBB, 0x70, 0xF8, 0x8A, 0x90, 0x61,
    0xF4, 0xBE, 0x27, 0x49, 0xFF, 0xD3, 0xCC, 0x37, 0x4F, 0xF3, 0xED, 0x9E, 0x9D, 0xD0, 0x10, 0x86,
    0x76, 0xEF, 0xA8, 0x57, 0x64, 0x0F, 0x80, 0xBD, 0x15, 0x13, 0xD4, 0x4F, 0xEA, 0xE5, 0xAC, 0x5E,
    0xA9, 0xA3, 0x8E, 0x7D, 0x81, 0xFA, 0xAA, 0xDE, 0x50, 0xBD, 0xDD, 0xFB, 0xAE, 0xD6, 0xC5, 0x7E,
    0xF7, 0x00, 0x20, 0xBF, 0x84, 0xC4, 0xC2, 0x35, 0x96, 0x93, 0x2E, 0x93, 0x31, 0xB4, 0x24, 0x2D,
    0x22, 0x70, 0x28, 0xF8, 0xEC, 0x19, 0x43, 0xC5, 0x4F, 0x3E, 0x63, 0xA8, 0xF9, 0x5E, 0x60, 0x68,
    0xF9, 0xE3, 0xC0, 0xC1, 0xB0, 0x08, 0xBD, 0x15, 0xBE, 0x02, 0x21, 0xE0, 0xD6, 0x17, 0xA1, 0xE1,
    0x4D, 0x6C, 0xA3, 0x1A, 0xBA, 0x9A, 0x9F, 0x84, 0x7C, 0xA8, 0xF8, 0x2C, 0x54, 0x63, 0x41, 0x7E,
    0xD6, 0x0F, 0x60, 0x6C, 0x9D, 0xC6, 0xB0, 0x42, 0xE3, 0x19, 0xF7, 0x11, 0xDE, 0xC2, 0xBD, 0xF5,
    0x7C, 0x0A, 0x54, 0x1A, 0x33, 0x0C, 0x9F, 0x70, 0x00, 0xA7, 0x82, 0x21, 0xE3, 0x98, 0x31, 0x14,
    0x3A, 0x8D, 0xE8, 0x37, 0xEC, 0xBD, 0xF0, 0xD7, 0x10, 0x02, 0xBA, 0xAB, 0x97, 0x08, 0x33, 0x4A,
    0x12, 0x42, 0x1C, 0xB9, 0x1E, 0x1F, 0x83, 0xB1, 0x9D, 0x36, 0x44, 0xBB, 0x02, 0x40, 0xCD, 0x6B,
    0xAC, 0x6E, 0xA2, 0xB2, 0x2F, 0x9C, 0x85, 0x6D, 0x10, 0x9A, 0x0E, 0xF8, 0x36, 0x34, 0x89, 0x37,
    0x4B, 0x92, 0x7F, 0x5A, 0x94, 0x5A, 0x2E, 0x4E, 0x38, 0xBB, 0x7F, 0x9E, 0x93, 0xD3, 0x23, 0xC0,
    0x71, 0x78, 0x05, 0xC0, 0x01, 0x6A, 0xF8, 0x2E, 0x80, 0x5F, 0x99, 0xEC, 0x78, 0x7F, 0x76, 0xFF,
    0xE6, 0x97, 0x4B, 0x43, 0x72, 0x2A, 0xF9, 0x3E, 0x87, 0xF2, 0x84, 0xD6, 0xD7, 0x23, 0xEA, 0xB1,
    0xF6, 0x28, 0x43, 0xE3, 0x51, 0x4C, 0x4D, 0xB7, 0x83, 0x4E, 0x43, 0x3D, 0xA0, 0x0A, 0xD5, 0x84,
    0x66, 0x28, 0x57, 0xF4, 0x83, 0x7E, 0x1B, 0x1C, 0xF5, 0xAE, 0x9F, 0xF0, 0x77, 0xF3, 0xEB, 0x52,
    0x86, 0xDA, 0xC3, 0xE3, 0xB1, 0x7B, 0x78, 0xBC, 0xE8, 0x49, 0xDF, 0x73, 0x70, 0x64, 0xE7, 0x38,
    0x54, 0x8C, 0xAE, 0x5A, 0x51, 0x70, 0x42, 0x31, 0x23, 0xD7, 0xD9, 0x04, 0x70, 0x56, 0xB2, 0xD1,
    0xCF, 0xA8, 0x06, 0xC0, 0xAC, 0xA8, 0x3D, 0x64, 0xA9, 0xA6, 0x53, 0x22, 0xAC, 0x81, 0x82, 0x7F,
    0x17, 0x40, 0xC9, 0xE1, 0xCF, 0x50, 0x52, 0xC7, 0x19, 0xCA, 0xE7, 0xE7, 0x72, 0x14, 0xF8, 0x9F,
    0xA0, 0x10, 0xF5, 0x81, 0xEC, 0xD8, 0xF3, 0x5F, 0x1F, 0x20, 0xA7, 0x86, 0xB4, 0x07, 0xA0, 0x61,
    0x07, 0xC9, 0x28, 0xA4, 0xB3, 0x1B, 0x8F, 0x64, 0xC7, 0x27, 0xFA, 0x1D, 0x50, 0xDF, 0x7E, 0x12,
    0x30, 0xF4, 0x00, 0xCE, 0xC8, 0x2B, 0x9B, 0xBC, 0xEB, 0xF7, 0xF0, 0xD1, 0xC7, 0x37, 0xDB, 0x2F,
    0xB0, 0xB5, 0xEF, 0x7D, 0x7C, 0xAB, 0x21, 0x7B, 0xF2, 0x14, 0xFA, 0xA9, 0x64, 0xF9, 0x25, 0x03,
    0x0A, 0x5A, 0xA3, 0x6F, 0x0C, 0xF5, 0x57, 0x9F, 0xD9, 0x09, 0x3A, 0x55, 0x6A, 0x74, 0x31, 0xB7,
    0xDB, 0xA2, 0x57, 0xB4, 0x80, 0x52, 0x07, 0xCD, 0x9C, 0x76, 0xFF, 0x94, 0x6A, 0x92, 0x40, 0xFB,
    0x57, 0x59, 0xC0, 0xF8, 0x96, 0x73, 0xC4, 0x78, 0x07, 0x66, 0x44, 0x1B, 0xC5, 0x27, 0x94, 0xF4,
    0xED, 0x8A, 0x8C, 0xBE, 0xE6, 0x80, 0xDE, 0x97, 0x5C, 0xE0, 0x7C, 0x46, 0x0E, 0xCE, 0xC3, 0x70,
    0xEE, 0x2D, 0xE4, 0x6C, 0x00, 0xBD, 0x52, 0x05, 0xAD, 0x91, 0x4E, 0xC4, 0xD1, 0x2C, 0x42, 0x2D,
    0x59, 0x40, 0x46, 0xD4, 0x01, 0x48, 0xB8, 0x6A, 0x84, 0xC2, 0x38, 0xC2, 0x59, 0xE6, 0x2C, 0xE3,
    0x80, 0xF9, 0xA9, 0xD3, 0x03, 0x9A, 0x1D, 0x5E, 0x4B, 0x32, 0x6A, 0x67, 0x16, 0x17, 0x26, 0x94,
    0x8B, 0x9B, 0x6A, 0x6E, 0xC7, 0x1A, 0xCF, 0xE7, 0x3B, 0x16, 0x0F, 0x70, 0xDD, 0xB2, 0x7E, 0xFB,
    0x49, 0x4B, 0x6E, 0xDF, 0xCB, 0x7A, 0x4C, 0x43, 0x5A, 0x2D, 0x4A, 0x5A, 0x68, 0x4E, 0x80, 0x8B,
    0xD0, 0x5B, 0x5D, 0x3E, 0x21, 0x5F, 0x70, 0xC6, 0x31, 0x62, 0x4C, 0x56, 0xCF, 0x15, 0x3D, 0xF4,
    0x91, 0xBF, 0x4F, 0x6B, 0x6C, 0xED, 0xE3, 0x08, 0x5D, 0xD7, 0xF8, 0xB6, 0x6B, 0x46, 0xB4, 0x5D,
    0x3D, 0x18, 0x6B, 0x3C, 0xDE, 0x8C, 0x4F, 0x98, 0x78, 0x1D, 0x40, 0x19, 0x1C, 0x7A, 0x91, 0x22,
    0xBC, 0x0B, 0xDA, 0x6F, 0x4A, 0xAE, 0x7F, 0xF5, 0x95, 0x8E, 0x94, 0x81, 0xA8, 0xDC, 0x76, 0xED,
    0x88, 0x3C, 0xBE, 0xAB, 0xD1, 0xDB, 0xAB, 0x2E, 0x86, 0xB1, 0xE4, 0x7D, 0x67, 0x4D, 0x57, 0x86,
    0x8C, 0x5C, 0xE1, 0x94, 0xAF, 0x86, 0x63, 0xB6, 0x00, 0x04, 0xA0, 0xC4, 0xC1, 0x0C, 0xDB, 0xF7,
    0xAC, 0xA5, 0xCE, 0x93, 0x3B, 0xAF, 0x0E, 0xFD, 0x92, 0x6C, 0xAD, 0x95, 0x85, 0x2E, 0x71, 0x81,
    0x1A, 0xEE, 0x1C, 0x84, 0x38, 0x5F, 0xB5, 0x74, 0x0C, 0x68, 0xE6, 0x36, 0x6A, 0x4E, 0xB2, 0x50,
    0x90, 0x02, 0x04, 0x0F, 0xB9, 0xA0, 0x62, 0x04, 0x73, 0x8A, 0xA7, 0x4E, 0x37, 0xFA, 0x71, 0x07,
    0x37, 0xB9, 0x15, 0x86, 0xCF, 0xE8, 0x1B, 0xFE, 0x96, 0x43, 0xF6, 0x18, 0x07, 0x0B, 0x7C, 0x80,
    0x7B, 0xD0, 0xAE, 0xDF, 0x03, 0x75, 0x88, 0x49, 0x45, 0x3B, 0x96, 0x33, 0xD0, 0xFB, 0x66, 0x42,
    0xC6, 0xCE, 0x05, 0x94, 0x04, 0x07, 0xD4, 0xAB, 0x36, 0x37, 0x33, 0x57, 0xB4, 0x52, 0x27, 0x22,
    0xAF, 0x23, 0x6F, 0x74, 0x1D, 0x15, 0x33, 0x0E, 0xC8, 0xF5, 0x3C, 0x40, 0xDF, 0x4E, 0x5A, 0xB7,
    0x6A, 0x96, 0x66, 0xB1, 0x48, 0x1F, 0x04, 0xB2, 0x19, 0x06, 0x77, 0x0F, 0xB1, 0xC1, 0x30, 0x36,
    0xFF, 0x3C, 0x42, 0xD9, 0x78, 0x49, 0x7C, 0xB5, 0x23, 0x89, 0x9B, 0xC7, 0x8B, 0xED, 0xF5, 0xC5,
    0xCF, 0xFB, 0x64, 0x2F, 0x25, 0x77, 0xB7, 0x57, 0x2B, 0x7B, 0x6D, 0x0B, 0x93, 0xCF, 0x77, 0x0F,
    0x6F, 0x21, 0x5B, 0xB4, 0xE8, 0xE4, 0x53, 0x38, 0x54, 0xE3, 0x1B, 0x5A, 0x45, 0xD9, 0xAB, 0x98,
    0x41, 0x2B, 0x7B, 0xE5, 0x33, 0x8C, 0xEC, 0x05, 0x11, 0x5F, 0x8E, 0x1B, 0x91, 0x63, 0x9E, 0x27,
    0xCE, 0x16, 0xE1, 0x51, 0x24, 0xD9, 0x8A, 0x5C, 0x84, 0x9C, 0x76, 0xE2, 0x23, 0xD1, 0x33, 0xED,
    0x80, 0xF4, 0x70, 0x1D, 0x22, 0x91, 0x4E, 0x79, 0xDA, 0x48, 0x4C, 0x5D, 0x39, 0xB6, 0x36, 0xEA,
    0x10, 0x55, 0xB4, 0x57, 0x24, 0x7D, 0x17, 0x3D, 0xAE, 0x6D, 0xD8, 0x44, 0xDF, 0x45, 0x33, 0x33,
    0x34, 0xB3, 0xEC, 0x75, 0xEF, 0x78, 0x71, 0xF6, 0xE1, 0x6E, 0xAF, 0x62, 0xB7, 0x57, 0x23, 0x7B,
    0x5D, 0x01, 0x59, 0xB2, 0xD7, 0xA7, 0x77, 0xCE, 0x5F, 0x6C, 0xAF, 0x7B, 0xC7, 0xD8, 0x2E, 0x0D,
    0x63, 0x9B, 0x12, 0xE2, 0xBA, 0x39, 0x6D, 0xE2, 0xDA, 0x51, 0x18, 0x9A, 0xA9, 0x39, 0x99, 0x98,
    0x0C, 0xD3, 0x65, 0x8B, 0xE9, 0x90, 0x0E, 0x1F, 0xF9, 0x50, 0xCC, 0xCD, 0xD5, 0x3B, 0x27, 0x39,
    0x54, 0x53, 0x84, 0xDB, 0xE4, 0x71, 0xD7, 0x0A, 0xDB, 0xEE, 0x65, 0xF0, 0xB6, 0x49, 0xEE, 0x1E,
    0xDC, 0xEF, 0x0F, 0xF6, 0x65, 0x74, 0x5E, 0xB5, 0x78, 0xBE, 0x25, 0xFB, 0xD9, 0xDB, 0xCA, 0x38,
    0xFF, 0x07, 0xAA, 0x18, 0x9B, 0x2B, 0x17, 0x62, 0x6A, 0x27, 0x33, 0x34, 0xA7, 0x26, 0x1E, 0xB9,
    0xBE, 0x03, 0xB4, 0x21, 0x19, 0xC5, 0x79, 0x80, 0x29, 0xBF, 0xF5, 0x08, 0x18, 0x2B, 0x4F, 0xBF,
    0x5E, 0xC5, 0x3A, 0xDC, 0xFE, 0xED, 0xF0, 0xC8, 0x91, 0xCB, 0x7E, 0xC4, 0xF7, 0xBC, 0x85, 0x5F,
    0x3E, 0x46, 0x49, 0x76, 0x5F, 0xD3, 0xF4, 0xCD, 0x09, 0x56, 0x9A, 0x26, 0x00, 0x5B, 0x86, 0x1C,
    0x6D, 0x84, 0x90, 0x8A, 0x7C, 0xB5, 0x7C, 0x0B, 0xE5, 0xF2, 0x83, 0x78, 0x7C, 0x14, 0xCF, 0x9D,
    0x6D, 0xB5, 0x12, 0x43, 0xCD, 0x15, 0x78, 0xB8, 0x6D, 0x9D, 0x86, 0x16, 0xDA, 0x28, 0x54, 0x52,
    0x39, 0xA0, 0x22, 0xD0, 0xEC, 0x4B, 0xAE, 0x39, 0x1F, 0x81, 0xE3, 0x63, 0xB4, 0x04, 0x38, 0xFF,
    0x2F, 0x83, 0xD9, 0x83, 0xCD, 0x9E, 0x0F, 0x5D, 0xA1, 0x40, 0x9F, 0x42, 0x1C, 0xBA, 0xC2, 0x55,
    0xEF, 0xD6, 0x18, 0x38, 0x1B, 0x5E, 0x18, 0xC7, 0xA9, 0xE6, 0x64, 0x7E, 0xCA, 0x21, 0x8B, 0xC1,
    0x1E, 0xF6, 0x3F, 0x6A, 0xAE, 0x83, 0xF3, 0x29, 0x0C, 0x29, 0x84, 0x74, 0x6F, 0x49, 0x61, 0xDB,
    0x2D, 0x52, 0xA8, 0x69, 0x15, 0xF2, 0x74, 0x0F, 0x6F, 0x90, 0xC9, 0x7C, 0x0A, 0x95, 0x90, 0x97,
    0x35, 0x39, 0xD5, 0x13, 0x5A, 0x85, 0x11, 0xE6, 0x65, 0x43, 0x9B, 0x42, 0x9D, 0x42, 0x95, 0x42,
    0x91, 0x02, 0xFA, 0x14, 0xB2, 0xB7, 0x15, 0x80, 0xE2, 0xFF, 0x1A, 0xCA, 0x49, 0x75, 0x3A, 0x3B,
    0x8F, 0xC5, 0xF6, 0x01, 0x4A, 0x25, 0x39, 0xEC, 0x21, 0xB5, 0xF2, 0xEB, 0xFF, 0x08, 0xB4, 0x54,
    0xD9, 0xC0, 0x03, 0xF5, 0x2C, 0x20, 0x97, 0x9F, 0x7C, 0xAE, 0xEA, 0x72, 0x92, 0x17, 0xEB, 0x53,
    0x24, 0x3D, 0x43, 0x4F, 0xAF, 0x8D, 0xE3, 0xEC, 0x42, 0xAE, 0x45, 0xA6, 0xFB, 0xF1, 0xE0, 0x79,
    0xC0, 0xA3, 0x36, 0xE0, 0x95, 0x78, 0xE0, 0x9B, 0x1E, 0x26, 0x28, 0xAB, 0x63, 0x3C, 0x42, 0xFC,
    0x44, 0x2C, 0x5E, 0x5B, 0x2D, 0x72, 0xF2, 0x84, 0x8A, 0xEF, 0xAC, 0x68, 0xE6, 0x82, 0xD6, 0x4C,
    0x19, 0xBD, 0x09, 0xA0, 0x77, 0x11, 0x86, 0x1B, 0x60, 0x74, 0xA3, 0xD5, 0x23, 0x75, 0x7C, 0x18,
    0x25, 0xB9, 0x68, 0x11, 0x02, 0x70, 0xE7, 0xC3, 0x68, 0x7D, 0x0D, 0x12, 0x8D, 0x2F, 0xA7, 0xBD,
    0xF4, 0x94, 0x73, 0x46, 0xA0, 0x58, 0x41, 0xBF, 0xD5, 0x33, 0x70, 0x34, 0x27, 0xC0, 0x4D, 0xCD,
    0xBA, 0x17, 0xB1, 0x76, 0x2E, 0x23, 0xA6, 0xE2, 0xE6, 0x54, 0xDC, 0xC0, 0xB1, 0x9D, 0x91, 0xC6,
    0x51, 0x10, 0xBD, 0x8F, 0x3A, 0xA0, 0xDD, 0x4A, 0x64, 0x33, 0x68, 0x07, 0x68, 0x6D, 0x39, 0x42,
    0x59, 0x81, 0x2A, 0x11, 0x34, 0x37, 0x41, 0x64, 0x19, 0xC5, 0x1C, 0x80, 0x46, 0x0C, 0x2B, 0x80,
    0xFE, 0x5C, 0x2B, 0x33, 0x03, 0xCA, 0x19, 0x20, 0x01, 0x40, 0xAC, 0x0C, 0x3B, 0xAB, 0xC7, 0x9D,
    0x35, 0x7E, 0x67, 0xA6, 0xDB, 0x99, 0xC3, 0xCE, 0xD6, 0x8D, 0x49, 0x2E, 0x31, 0xC9, 0x7D, 0xE7,
    0x52, 0x4C, 0x72, 0x26, 0x88, 0x49, 0xAE, 0x4F, 0xAC, 0xF1, 0x19, 0xB7, 0xDC, 0x77, 0x05, 0xD3,
    0x0A, 0x38, 0x54, 0x7F, 0x17, 0x63, 0x58, 0xD1, 0x34, 0x41, 0x1B, 0xE3, 0xFD, 0x19, 0x3F, 0x8C,
    0x0C, 0x90, 0xDC, 0x29, 0xB1, 0x32, 0xE4, 0x41, 0x4C, 0xA3, 0x2B, 0x87, 0xC4, 0x1A, 0x5F, 0x77,
    0x89, 0x99, 0xCE, 0x1C, 0xFB, 0x2F, 0x94, 0x00, 0x07, 0xB3, 0x15, 0x95, 0x75, 0x63, 0x69, 0x74,
    0x4D, 0x48, 0x72, 0x1B, 0x2B, 0x05, 0xED, 0x84, 0x34, 0x59, 0x6D, 0x8E, 0x69, 0xB2, 0x15, 0x19,
    0x51, 0x2D, 0x3B, 0x1C, 0x80, 0xB3, 0x4B, 0x15, 0x23, 0x9B, 0xE6, 0xB6, 0x95, 0x66, 0x8A, 0x2D,
    0x00, 0x2A, 0xB1, 0x5C, 0xE2, 0xEE, 0x8F, 0xCA, 0xA4, 0xD4, 0x7E, 0x24, 0xF5, 0x2A, 0x8D, 0x2E,
    0x65, 0x72, 0x63, 0xAD, 0xDF, 0x99, 0xE9, 0x76, 0xD6, 0x63, 0x67, 0xEB, 0xCE, 0x24, 0x27, 0xA6,
    0x4C, 0xEE, 0xAC, 0x0A, 0x67, 0xAB, 0xCC, 0xA4, 0x4C, 0x3A, 0xCE, 0x62, 0x68, 0xFF, 0xC2, 0x3F,
    0x50, 0x0C, 0xE6, 0x3D, 0xE6, 0xB4, 0x9A, 0x4B, 0x5F, 0x2C, 0x19, 0xBB, 0x56, 0x99, 0xCC, 0x16,
    0xB0, 0x33, 0xE4, 0xE7, 0x33, 0xBE, 0x1F, 0xAF, 0xDD, 0x39, 0x1C, 0x7E, 0x76, 0x92, 0x1D, 0x80,
    0x34, 0xBA, 0x62, 0xC5, 0x3E, 0xF5, 0x19, 0x48, 0xA3, 0xAB, 0xB7, 0x4C, 0xC6, 0xC3, 0x8B, 0xF5,
    0xC9, 0x30, 0xC2, 0x6D, 0x72, 0x1A, 0x9D, 0xD6, 0x70, 0x4C, 0x99, 0x74, 0xC8, 0x07, 0xC9, 0x21,
    0x5F, 0x0E, 0x6F, 0x47, 0x96, 0x36, 0x23, 0x0E, 0x92, 0xDB, 0x99, 0xE9, 0x12, 0xDB, 0x53, 0x7A,
    0xB0, 0x2A, 0x46, 0xF2, 0xE9, 0x9E, 0x75, 0xBD, 0x50, 0x85, 0x29, 0x19, 0x4B, 0xE5, 0x29, 0xBD,
    0x56, 0x45, 0x6A, 0x5B, 0x3A, 0x1F, 0x59, 0x4A, 0x87, 0x0A, 0x56, 0xF2, 0x29, 0x8C, 0xD2, 0x01,
    0x35, 0xFA, 0xCD, 0xA7, 0x6E, 0x49, 0x72, 0xA9, 0x90, 0x49, 0x4E, 0x34, 0x60, 0x4D, 0xAC, 0x9E,
    0x25, 0xA7, 0x56, 0x2D, 0x51, 0xEE, 0x5E, 0x07, 0x15, 0xB8, 0x32, 0x48, 0x40, 0x65, 0xAE, 0x1E,
    0xF3, 0xC8, 0x54, 0xEC, 0x1A, 0x5F, 0x46, 0xA6, 0x92, 0x67, 0xBA, 0x3A, 0x32, 0x15, 0x3E, 0x87,
    0xD6, 0x79, 0xA8, 0xFC, 0xAD, 0xF8, 0x4D, 0x64, 0xB1, 0x08, 0x46, 0xB9, 0x49, 0x4C, 0xE9, 0x28,
    0xC6, 0xC4, 0xCA, 0x50, 0xFD, 0xB7, 0x9D, 0x2B, 0x80, 0xF4, 0x1D, 0x4B, 0xEF, 0x5F, 0x92, 0xBE,
    0x9B, 0xEE, 0x04, 0x81, 0x7D, 0x65, 0x67, 0x10, 0x00, 0x5E, 0x11, 0x80, 0xA2, 0x9A, 0x0C, 0x80,
    0xC2, 0xC5, 0xCC, 0x8E, 0x1A, 0xB4, 0x18, 0xD8, 0x16, 0x0F, 0x00, 0xB4, 0x89, 0x2E, 0xA0, 0xE8,
    0xA5, 0x5D, 0xB0, 0x30, 0xB8, 0xD8, 0xFE, 0x8B, 0x07, 0x00, 0xED, 0x9E, 0xE8, 0x62, 0x01, 0x4D,
    0x15, 0x45, 0xB1, 0x29, 0x6F, 0x2C, 0x85, 0x09, 0xCD, 0x6A, 0xDE, 0xDB, 0x9C, 0xFC, 0x7A, 0xBF,
    0xDF, 0x77, 0x72, 0xF3, 0xBF, 0x77, 0xFE, 0x73, 0xDF, 0x9B, 0xDD, 0x3B, 0x35, 0xD7, 0xDC, 0xE3,
    0xF9, 0x7E, 0xBF, 0x97, 0x24, 0xC9, 0xF9, 0x7E, 0xE7, 0x9C, 0x7F, 0xCE, 0xF9, 0xF2, 0xE5, 0x76,
    0xC6, 0xF2, 0xA1, 0xA8, 0x8D, 0x15, 0xDD, 0x1F, 0x89, 0xB1, 0xAA, 0x5D, 0x0F, 0xF8, 0xEF, 0x9A,
    0xFD, 0x14, 0xA0, 0xFF, 0xB2, 0x06, 0x66, 0xCE, 0xF2, 0x38, 0x3A, 0x4B, 0x46, 0x67, 0x5D, 0x1F,
    0x1A, 0xAB, 0xC0, 0xCA, 0xCB, 0x71, 0x1E, 0x29, 0xDB, 0x84, 0xE9, 0x03, 0x09, 0x1D, 0x55, 0x2A,
    0xFA, 0xE7, 0x56, 0x5A, 0x1C, 0xD9, 0x35, 0xEC, 0xB5, 0x9F, 0x89, 0x93, 0xC5, 0xC4, 0xCC, 0xC7,
    0xDD, 0x16, 0xB4, 0x8D, 0xDA, 0x14, 0x6A, 0x4B, 0xD6, 0x12, 0xCB, 0xF5, 0x86, 0x1C, 0xBD, 0x6D,
    0xB6, 0xB9, 0x00, 0x85, 0x97, 0x63, 0x1B, 0x5F, 0xAA, 0xD5, 0xDF, 0x52, 0xB5, 0x7D, 0x05, 0x49,
    0xD1, 0x17, 0x68, 0x73, 0xF4, 0x57, 0xA4, 0x44, 0x17, 0x01, 0x00, 0xDD, 0xD1, 0xFE, 0xF9, 0x17,
    0x94, 0x86, 0x65, 0xBF, 0x8C, 0xDD, 0xC1, 0x48, 0x7A, 0x3D, 0x3A, 0x31, 0x8A, 0x95, 0x6A, 0x0E,
    0x24, 0xF3, 0x81, 0x44, 0x90, 0x37, 0x96, 0x77, 0x0E, 0x6D, 0x70, 0x7B, 0xBB, 0x62, 0x81, 0xDE,
    0x48, 0x85, 0xF1, 0x16, 0xF9, 0x29, 0x66, 0x23, 0x1E, 0x0B, 0x31, 0x5A, 0x9C, 0x91, 0x78, 0x6E,
    0xD6, 0x10, 0xB7, 0xAA, 0x20, 0xD6, 0xFE, 0x25, 0xEA, 0xD0, 0xFC, 0x68, 0x49, 0xFA, 0x7C, 0x5B,
    0x55, 0x64, 0xE8, 0xAD, 0x17, 0xA4, 0xA0, 0xDA, 0x4D, 0x9D, 0xD8, 0x3D, 0x9C, 0xC4, 0x36, 0xC5,
    0x5D, 0x83, 0xBE, 0xBA, 0x42, 0x23, 0x49, 0xD6, 0xC3, 0x01, 0x5E, 0x09, 0xB4, 0x50, 0x03, 0x12,
    0x6B, 0xA5, 0x0A, 0xED, 0xD6, 0x35, 0xBA, 0x30, 0x8C, 0xD1, 0xDB, 0x08, 0xCE, 0xF4, 0x1E, 0x4D,
    0x1B, 0xDA, 0xCA, 0xD5, 0x61, 0xFD, 0x0E, 0x51, 0xB2, 0x48, 0x02, 0x6E, 0xF1, 0xF2, 0x1C, 0x9F,
    0x49, 0xF4, 0xA7, 0xC0, 0x05, 0x00, 0x46, 0x24, 0xE6, 0x6B, 0x22, 0xC7, 0x25, 0xC3, 0x78, 0x4B,
    0xB2, 0x12, 0x86, 0xD2, 0xCC, 0x81, 0xA0, 0x37, 0x4C, 0xB0, 0x9D, 0x34, 0x3F, 0xB6, 0xC5, 0xFD,
    0xB7, 0xC5, 0xDE, 0x02, 0x9B, 0x50, 0xCD, 0xA6, 0x0F, 0x7E, 0xB1, 0x10, 0x93, 0x35, 0xC1, 0xD6,
    0x02, 0xCE, 0x9E, 0xDD, 0xBD, 0xFE, 0x7B, 0x6C, 0x8B, 0xFB, 0x6D, 0x8B, 0x08, 0x75, 0xF4, 0x69,
    0x18, 0x1E, 0xC9, 0x68, 0x82, 0xAD, 0x19, 0x49, 0x05, 0x04, 0x77, 0x7E, 0x0C, 0x74, 0x14, 0x4C,
    0x60, 0x22, 0xFC, 0x93, 0x14, 0xFE, 0x71, 0x5C, 0xDC, 0x53, 0x5B, 0x44, 0x17, 0xF2, 0x89, 0xE9,
    0xB4, 0xC4, 0xE6, 0x57, 0xE1, 0x13, 0xB4, 0x1B, 0xE9, 0xF6, 0x2D, 0x36, 0x09, 0x80, 0xE9, 0x73,
    0x2E, 0xDF, 0xBD, 0xEF, 0x26, 0x78, 0x1C, 0x0E, 0x16, 0x29, 0x36, 0x59, 0x06, 0x23, 0xEE, 0xE3,
    0xC9, 0xC8, 0x22, 0x8B, 0x91, 0x39, 0x90, 0x7D, 0x8B, 0x8F, 0x67, 0x23, 0xCD, 0xE7, 0xE3, 0xFE,
    0xCB, 0xF6, 0x66, 0xC1, 0xA7, 0x2F, 0x15, 0xBC, 0x3A, 0x21, 0xB8, 0xFC, 0x76, 0x82, 0xCF, 0xBF,
    0xA5, 0xE0, 0xDD, 0x5B, 0x08, 0x3E, 0xBF, 0xAD, 0xE0, 0x67, 0x07, 0x96, 0xF0, 0xD3, 0xC3, 0x32,
    0xD1, 0xCF, 0x23, 0x2E, 0x55, 0xC3, 0x95, 0x81, 0x29, 0x5B, 0xA1, 0x96, 0xCC, 0xB8, 0x57, 0x9E,
    0x4C, 0x26, 0x99, 0x71, 0x13, 0xCB, 0xB8, 0xE9, 0xA5, 0x3C, 0xBE, 0x34, 0xA5, 0x94, 0x5B, 0x29,
    0xBB, 0x9D, 0x57, 0xF5, 0xCE, 0x9D, 0xEC, 0xDC, 0xEF, 0x5C, 0x63, 0x90, 0xF8, 0x11, 0xA7, 0xA8,
    0x92, 0x70, 0x99, 0x07, 0x6F, 0xAD, 0xB0, 0xF3, 0xA2, 0xDB, 0x8F, 0xA9, 0xDA, 0xFD, 0xDC, 0xE6,
    0xC3, 0x0F, 0x9B, 0x8D, 0x43, 0x8B, 0xF1, 0xE8, 0x88, 0x27, 0xAF, 0x0F, 0x07, 0x17, 0x78, 0x46,
    0xD9, 0xC9, 0xA9, 0x3C, 0xF9, 0x53, 0x13, 0x9F, 0xBC, 0xD1, 0xCB, 0xEF, 0xDC, 0x09, 0xB9, 0x92,
    0x08, 0x1B, 0x87, 0x24, 0xB0, 0xF5, 0x83, 0x92, 0xE7, 0x78, 0x29, 0xBF, 0x07, 0x16, 0x61, 0x34,
    0xFB, 0x0B, 0x7C, 0x95, 0xEB, 0x72, 0x06, 0xBC, 0x54, 0x21, 0x58, 0x39, 0x36, 0xC3, 0x20, 0x05,
    0xDA, 0x14, 0x93, 0x34, 0x5E, 0xC7, 0x2B, 0x7B, 0x90, 0x5B, 0xD8, 0xB5, 0x9A, 0x99, 0x7D, 0xAE,
    0x1A, 0xAD, 0x5B, 0xD4, 0x85, 0xC2, 0xF5, 0x44, 0xB7, 0x0A, 0x60, 0xDE, 0x34, 0x5F, 0x15, 0xAA,
    0x00, 0xC7, 0xEF, 0x8F, 0xA4, 0x30, 0xC8, 0xD1, 0xEF, 0x93, 0x39, 0xEB, 0x79, 0xF2, 0x07, 0x31,
    0x16, 0x8E, 0x46, 0xD6, 0x7C, 0xD6, 0x20, 0xD9, 0x13, 0x37, 0x5A, 0xB7, 0xEA, 0x25, 0x0A, 0x72,
    0xBF, 0x17, 0x7A, 0x55, 0xF1, 0xF7, 0x42, 0xB8, 0x20, 0x94, 0xDE, 0x20, 0x08, 0x8F, 0x8E, 0xD0,
    0xDC, 0x00, 0x28, 0xA4, 0x40, 0x4D, 0xA0, 0x64, 0x31, 0x06, 0xB1, 0xB2, 0xD7, 0x29, 0x8C, 0x39,
    0xC1, 0x7C, 0x1C, 0x64, 0xCB, 0x40, 0x88, 0xCC, 0x99, 0x2F, 0x9F, 0xC2, 0x84, 0xF1, 0xE0, 0xA0,
    0x65, 0x7C, 0x61, 0x20, 0x00, 0x57, 0x30, 0x0E, 0x1C, 0x96, 0x0D, 0x44, 0x32, 0x83, 0xF4, 0x06,
    0xC4, 0x9F, 0x12, 0x44, 0xDE, 0x00, 0x57, 0xC1, 0x54, 0x05, 0x60, 0x0E, 0x60, 0x1B, 0xCF, 0xC3,
    0x21, 0x6F, 0x0F, 0x1F, 0x18, 0xF8, 0x13, 0x10, 0x7B, 0xD6, 0x3A, 0xF5, 0x1F, 0x41, 0x8B, 0x77,
    0x84, 0x25, 0x80, 0x58, 0xD9, 0xE5, 0xCA, 0x4C, 0xBC, 0x22, 0xB4, 0xB9, 0x1D, 0xE0, 0xA8, 0x6E,
    0x64, 0xDB, 0x92, 0x70, 0xD2, 0xA3, 0x66, 0xF9, 0x36, 0x14, 0x28, 0x4F, 0x85, 0x69, 0x9F, 0x31,
    0x27, 0x88, 0x11, 0x66, 0xCB, 0x9D, 0x48, 0x31, 0xE8, 0xBF, 0x6F, 0xB7, 0x66, 0x9F, 0xC8, 0x19,
    0x07, 0x2A, 0x63, 0xDF, 0x09, 0x5A, 0x8C, 0xC7, 0xE0, 0xC6, 0xB0, 0x8F, 0x37, 0x79, 0x22, 0x8F,
    0x1D, 0x0C, 0x8C, 0x5A, 0xC1, 0xBA, 0x99, 0xA5, 0x5D, 0xD0, 0xCD, 0x90, 0x32, 0x11, 0xAF, 0x27,
    0xD5, 0x11, 0x07, 0x40, 0x5E, 0x00, 0xAF, 0x45, 0x80, 0x3A, 0x44, 0x6C, 0x9A, 0xFF, 0x77, 0xC3,
    0xFB, 0xD2, 0xC7, 0x8F, 0x80, 0xCF, 0xAC, 0x56, 0x34, 0x56, 0xCC, 0x31, 0x78, 0x91, 0x08, 0x93,
    0x58, 0x7E, 0x49, 0xBE, 0x6E, 0x31, 0xD4, 0xAA, 0x7B, 0xC8, 0xBE, 0x71, 0xAA, 0x08, 0xD4, 0xF6,
    0x32, 0x34, 0x5D, 0x9B, 0x41, 0xF2, 0xB9, 0x98, 0xA5, 0xEA, 0x13, 0x2F, 0x10, 0x71, 0x0F, 0xD2,
    0xB7, 0xB3, 0x3A, 0xBA, 0x90, 0x6A, 0xCC, 0xBC, 0x68, 0xCA, 0x83, 0x1A, 0x18, 0xD3, 0xEC, 0x07,
    0x61, 0xFA, 0xC3, 0x03, 0x74, 0x8B, 0x95, 0xFC, 0x07, 0xEE, 0xB7, 0x91, 0x6E, 0xBF, 0x29, 0x1D,
    0x8F, 0x7D, 0x8E, 0x89, 0x27, 0x46, 0x58, 0xED, 0x2A, 0x0D, 0x6A, 0x62, 0x81, 0x8E, 0x98, 0x63,
    0x24, 0xA6, 0x98, 0x88, 0x09, 0x66, 0x62, 0x8C, 0x85, 0x18, 0x5D, 0xA3, 0x27, 0x0A, 0xFC, 0x33,
    0x87, 0xC3, 0x85, 0x60, 0xB5, 0x57, 0xD5, 0x3B, 0x3E, 0x75, 0xF8, 0xB0, 0xBE, 0xC2, 0xED, 0xB8,
    0xFD, 0x3C, 0xE2, 0xB2, 0x5F, 0x37, 0xDC, 0xC7, 0x70, 0x22, 0x66, 0x18, 0x43, 0x7D, 0x7A, 0x62,
    0x19, 0xEA, 0xD7, 0x20, 0xD4, 0xDF, 0xD3, 0x9F, 0x02, 0x93, 0xBA, 0x4F, 0xFF, 0x9C, 0x82, 0x17,
    0xE2, 0x5A, 0xCB, 0x8D, 0xE2, 0xDA, 0xE8, 0x52, 0x84, 0x6E, 0xD9, 0xE4, 0xBD, 0x00, 0xFE, 0xF8,
    0x3A, 0x04, 0x61, 0xE4, 0xC7, 0x21, 0x08, 0xDF, 0x88, 0xB3, 0x99, 0xD4, 0x5F, 0xBE, 0x31, 0x04,
    0x71, 0x38, 0xFC, 0x84, 0xEB, 0x8C, 0x4B, 0x07, 0x2F, 0x7C, 0xDD, 0xF8, 0x02, 0xE0, 0x3C, 0xF7,
    0x52, 0x28, 0x79, 0x3E, 0x6B, 0x7D, 0x7A, 0x8B, 0x52, 0x37, 0x18, 0x37, 0xB2, 0x6C, 0x64, 0x0D,
    0xA4, 0x41, 0x6D, 0xA4, 0x42, 0x67, 0x24, 0xC7, 0x60, 0x24, 0xC5, 0x64, 0x44, 0xB5, 0x22, 0x11,
    0x20, 0x90, 0x06, 0xAD, 0x91, 0x12, 0xBD, 0x91, 0x1C, 0x23, 0x89, 0x2A, 0x4A, 0xA2, 0x5A, 0x19,
    0x11, 0x87, 0x40, 0x2A, 0xFC, 0xDC, 0x48, 0x81, 0x5F, 0x1A, 0xC9, 0xF0, 0x6B, 0x23, 0x09, 0x60,
    0x44, 0xAE, 0x49, 0xB3, 0x91, 0x72, 0x23, 0xB9, 0x12, 0xB7, 0x05, 0xB9, 0x2D, 0xD9, 0x69, 0x94,
    0x8F, 0xF1, 0x99, 0xBD, 0xFC, 0x71, 0xD0, 0x4D, 0x95, 0x11, 0x46, 0xC9, 0xF7, 0x82, 0x65, 0x8F,
    0x5C, 0xEF, 0xB3, 0x32, 0xFB, 0xBD, 0x64, 0x71, 0xA3, 0x61, 0x31, 0x19, 0x26, 0x8B, 0xDC, 0x55,
    0xCE, 0x80, 0x0B, 0x9E, 0x06, 0xD5, 0x32, 0xCC, 0xC8, 0xB9, 0x4C, 0x88, 0xA1, 0xE2, 0x7B, 0x66,
    0x43, 0x90, 0x17, 0xB0, 0x45, 0x6B, 0x8E, 0x8E, 0x2B, 0xCC, 0x14, 0xC3, 0x15, 0xE5, 0x34, 0xB1,
    0x30, 0x9C, 0x2A, 0xCB, 0xBE, 0x58, 0x88, 0x91, 0x62, 0x4D, 0x6C, 0x0C, 0x3D, 0x51, 0x14, 0x45,
    0x71, 0xBD, 0x8D, 0xFB, 0x7E, 0x3B, 0xBE, 0x32, 0xDC, 0xAF, 0x17, 0xAE, 0x1F, 0xEE, 0x37, 0x6F,
    0xF7, 0xCF, 0xD0, 0xB3, 0x3E, 0x5B, 0xFD, 0xB8, 0xA6, 0x2E, 0xD0, 0x52, 0xAE, 0x0A, 0x12, 0xDE,
    0xD8, 0xAB, 0x7F, 0xAF, 0x5F, 0x60, 0x90, 0x6D, 0xC9, 0xC1, 0x35, 0xC7, 0x4B, 0x4B, 0x97, 0xF8,
    0x40, 0x8E, 0x0B, 0x4F, 0x21, 0xBA, 0x95, 0x20, 0x98, 0x82, 0xD0, 0x3D, 0x31, 0x43, 0xD0, 0x79,
    0x36, 0xAC, 0xFA, 0x47, 0x9D, 0x7F, 0x13, 0x9D, 0x1B, 0x6F, 0x08, 0x04, 0x79, 0xD1, 0x51, 0xDE,
    0xD5, 0x0D, 0xD6, 0x8D, 0xAD, 0x23, 0x57, 0x5D, 0xBA, 0x28, 0x42, 0x04, 0x8F, 0x3A, 0x7F, 0x75,
    0x9D, 0xB3, 0x57, 0xF2, 0x4E, 0x6B, 0x4B, 0xF6, 0xA2, 0xA3, 0x3E, 0x53, 0xD3, 0xEE, 0xE7, 0xC5,
    0xFE, 0x39, 0xC0, 0x00, 0x4D, 0x8A, 0x45, 0x71, 0x10, 0x37, 0x3C, 0xEA, 0xFC, 0xF6, 0x3A, 0x9F,
    0x49, 0x44, 0x3D, 0x9A, 0xDE, 0xD2, 0x97, 0x31, 0x16, 0xFE, 0x18, 0x1D, 0x71, 0xDF, 0xFF, 0x44,
    0xA2, 0xF3, 0x47, 0x7D, 0xDF, 0x56, 0xDF, 0xDF, 0x11, 0x91, 0xF3, 0x42, 0x24, 0x9A, 0x2A, 0xCD,
    0x4F, 0x29, 0x46, 0x29, 0xA6, 0x74, 0x91, 0xA6, 0x8F, 0x10, 0xA1, 0x96, 0xE6, 0xE7, 0x5E, 0x38,
    0x97, 0x91, 0x14, 0x3D, 0xB3, 0x1D, 0x95, 0x75, 0x21, 0x29, 0xA5, 0xF9, 0x8F, 0x45, 0x22, 0xBC,
    0x0F, 0x49, 0xBD, 0x34, 0x9A, 0xE4, 0x56, 0x8C, 0x55, 0x2F, 0xE9, 0x52, 0xD6, 0x12, 0x4F, 0xDF,
    0xD1, 0x2B, 0x0B, 0xCB, 0x4F, 0x0C, 0xA2, 0xC5, 0xE4, 0xFF, 0xBB, 0xC9, 0xE4, 0xC7, 0x18, 0xE4,
    0x1F, 0x4E, 0xCB, 0xEF, 0x82, 0xFC, 0x30, 0xF9, 0x63, 0x98, 0xFC, 0xC9, 0xFF, 0x98, 0xFC, 0xD9,
    0xBF, 0x9B, 0xFC, 0xC5, 0xBF, 0x98, 0x4C, 0xD5, 0xFB, 0x26, 0x7F, 0x13, 0xE4, 0xF7, 0x26, 0x7F,
    0xB4, 0x98, 0xFC, 0xC9, 0x64, 0xB2, 0xA7, 0x83, 0x61, 0xDE, 0x11, 0xEB, 0xB2, 0x35, 0xF9, 0xAB,
    0x20, 0xFF, 0x4F, 0x83, 0xEC, 0x8B, 0xE1, 0x5F, 0xCF, 0x2A, 0x7F, 0x89, 0x9F, 0x8D, 0x26, 0xFF,
    0xBF, 0xF6, 0x26, 0xFF, 0xE7, 0x9D, 0xC9, 0x8F, 0xDA, 0xE4, 0x47, 0x90, 0xDF, 0x9F, 0x96, 0x3F,
    0x0B, 0xF2, 0xE7, 0xFF, 0x69, 0xF2, 0x97, 0xAD, 0x75, 0xEF, 0x4A, 0x58, 0x4E, 0xBD, 0x20, 0x4C,
    0x31, 0x06, 0xDD, 0x30, 0x11, 0x43, 0x88, 0x68, 0x7F, 0x46, 0xEE, 0x71, 0x22, 0x5B, 0xC8, 0xDD,
    0x55, 0x98, 0x97, 0x59, 0xBF, 0x7B, 0x38, 0x5C, 0x34, 0x00, 0xDA, 0x02, 0x18, 0x4A, 0x60, 0xAD,
    0xDF, 0xD3, 0xE1, 0xE0, 0x18, 0xC9, 0xDC, 0x82, 0xB0, 0x45, 0xBF, 0x91, 0xEE, 0xE1, 0x91, 0xB2,
    0x63, 0x67, 0x32, 0x3D, 0xA8, 0x65, 0x53, 0xDB, 0xAC, 0x3D, 0x84, 0xE9, 0x7D, 0xC8, 0x36, 0x00,
    0x80, 0x79, 0xCF, 0xEB, 0x3D, 0x95, 0x28, 0x7D, 0x5C, 0xD2, 0xB7, 0x79, 0x85, 0x3E, 0x10, 0x6C,
    0x98, 0x84, 0x54, 0xB9, 0xAF, 0xAF, 0x51, 0x1E, 0x1B, 0x25, 0xD9, 0x04, 0xCF, 0x30, 0x19, 0x29,
    0xAE, 0x67, 0xF1, 0xFF, 0x0B, 0x23, 0x68, 0xD1, 0xF2, 0x58, 0x2F, 0x15, 0x8F, 0xCE, 0x26, 0xFD,
    0x77, 0xAF, 0x8D, 0xF2, 0xD8, 0x28, 0x0C, 0x39, 0xD6, 0xB6, 0x4B, 0x1A, 0xEA, 0x6C, 0x81, 0x46,
    0x23, 0x18, 0x6F, 0x6C, 0x89, 0x61, 0x93, 0x7A, 0x0B, 0x3F, 0x3E, 0xB6, 0xC5, 0xD7, 0x36, 0x40,
    0x0A, 0x74, 0xC4, 0x0A, 0x04, 0x71, 0xCB, 0x9E, 0x81, 0x65, 0x0D, 0x72, 0x23, 0xFD, 0xAA, 0xB8,
    0x6B, 0x62, 0xAA, 0xC1, 0x1B, 0x35, 0xD0, 0xFB, 0x01, 0x70, 0xC0, 0x2B, 0x79, 0x81, 0x35, 0xB1,
    0xF0, 0x5B, 0x1F, 0x01, 0x1C, 0x6E, 0x62, 0x28, 0x16, 0x4D, 0xF1, 0xF6, 0x2E, 0x2B, 0x59, 0xAC,
    0x32, 0xCC, 0xA9, 0xC5, 0xC0, 0xF7, 0xAC, 0x29, 0x46, 0x36, 0x1A, 0x53, 0xBC, 0xDB, 0x10, 0x81,
    0x09, 0x89, 0x6F, 0xAB, 0xD5, 0xFA, 0xFD, 0xC5, 0x5C, 0xFD, 0x19, 0x5D, 0xCE, 0x19, 0x1C, 0x50,
    0x59, 0x3E, 0x1F, 0x8E, 0x57, 0x34, 0x31, 0x82, 0x1F, 0xD8, 0xDC, 0x5C, 0x7F, 0x33, 0x04, 0x6E,
    0xE0, 0xC7, 0x1A, 0xBE, 0xDA, 0x67, 0x4E, 0x86, 0x16, 0x6A, 0xDB, 0xDE, 0x15, 0x86, 0x70, 0x9B,
    0x05, 0xDC, 0xB8, 0xF5, 0x66, 0x64, 0xFA, 0x70, 0x49, 0x00, 0x06, 0x03, 0xAF, 0x20, 0x0E, 0xB5,
    0x42, 0x81, 0x5E, 0x21, 0x44, 0x94, 0x42, 0x60, 0x2B, 0xC1, 0x6C, 0xB0, 0xDC, 0x01, 0x33, 0xC1,
    0x4E, 0x48, 0xED, 0x74, 0x8B, 0x47, 0xB1, 0x13, 0x35, 0x78, 0x82, 0xD5, 0xEE, 0x37, 0x11, 0xD6,
    0x5A, 0xE1, 0x47, 0xF5, 0x5E, 0x33, 0x67, 0x00, 0x82, 0x86, 0xE9, 0x76, 0x8F, 0x0C, 0x58, 0xCE,
    0xF7, 0x97, 0xA3, 0xC1, 0x0D, 0xAA, 0xFD, 0xEA, 0x63, 0xF4, 0xF6, 0xF2, 0x8A, 0x93, 0x4F, 0xE6,
    0x3B, 0xDB, 0xE3, 0xB0, 0x5A, 0x2C, 0x24, 0x5B, 0x7A, 0xC3, 0x42, 0xAB, 0xA1, 0x88, 0x6B, 0x7C,
    0xE6, 0x56, 0xBD, 0xA2, 0x54, 0x58, 0xA5, 0x0A, 0x88, 0xF5, 0x20, 0xCF, 0xB0, 0x5A, 0x00, 0xA0,
    0x59, 0x53, 0xB4, 0xC4, 0x0C, 0xF5, 0x2D, 0x6C, 0x03, 0x0E, 0xE1, 0x38, 0x4F, 0x4C, 0x80, 0x56,
    0x51, 0x80, 0x99, 0x58, 0x01, 0xC4, 0x0C, 0xE8, 0x14, 0xC5, 0x61, 0x20, 0xE6, 0x18, 0x89, 0xB1,
    0x4A, 0xB7, 0xC6, 0xAD, 0xA8, 0x92, 0x6B, 0xDE, 0x49, 0xA3, 0x58, 0xF4, 0xD2, 0x4C, 0x8A, 0x23,
    0x5F, 0x71, 0xAC, 0xF9, 0x2C, 0x18, 0xBF, 0x8F, 0x35, 0xC7, 0x47, 0xE8, 0x1C, 0x7B, 0x3A, 0xEA,
    0x2B, 0x14, 0x87, 0x39, 0x24, 0xC5, 0x12, 0x28, 0xCA, 0x42, 0x59, 0xFD, 0x3E, 0x31, 0x30, 0x2F,
    0x22, 0xF4, 0xFB, 0x37, 0x97, 0xE9, 0x22, 0xA7, 0xCA, 0x7B, 0xDA, 0x40, 0x11, 0x5B, 0x2B, 0xC5,
    0x6B, 0xAC, 0x92, 0xA3, 0xAB, 0xB4, 0x45, 0x85, 0xE9, 0x96, 0xFA, 0xDF, 0x84, 0x56, 0xBE, 0x47,
    0x2B, 0xC7, 0xF6, 0xFB, 0x2F, 0xD4, 0x47, 0x00, 0x5D, 0x0A, 0xB5, 0x05, 0xFA, 0xED, 0xF4, 0xCE,
    0xF1, 0x52, 0xF0, 0xB4, 0x8B, 0xD9, 0xB0, 0xA5, 0xE4, 0xDE, 0x0A, 0x5D, 0x83, 0xF7, 0x81, 0xBE,
    0x04, 0x7E, 0x89, 0x57, 0x39, 0xF0, 0x43, 0x20, 0x86, 0x8F, 0x01, 0x79, 0x7A, 0x22, 0x9F, 0x13,
    0x0B, 0x7D, 0x1D, 0xE9, 0x1E, 0xAB, 0xB0, 0xD2, 0xBB, 0x89, 0x87, 0xB4, 0x0F, 0xD5, 0x3B, 0xE7,
    0xAF, 0x07, 0x83, 0xF5, 0xA5, 0xCC, 0xBB, 0x5E, 0xDD, 0x52, 0xC7, 0x1A, 0xC6, 0x47, 0x56, 0x11,
    0x3C, 0x4C, 0xEF, 0xB2, 0x59, 0xDE, 0xA9, 0x43, 0x74, 0x02, 0x1A, 0x9B, 0xB0, 0xBC, 0xDD, 0xC4,
    0x37, 0x58, 0x25, 0x19, 0x53, 0x2C, 0x16, 0x93, 0x78, 0x68, 0xDE, 0x7D, 0x87, 0x71, 0x81, 0xA6,
    0xD7, 0x48, 0x36, 0xC6, 0x72, 0xA1, 0xF5, 0x6A, 0x8B, 0xC5, 0xB6, 0x5B, 0x2C, 0xE0, 0xC1, 0xB5,
    0x5A, 0x44, 0x68, 0x6C, 0xA8, 0x31, 0xA3, 0xE8, 0x57, 0xCF, 0x3B, 0x91, 0xAC, 0xCF, 0xD4, 0x76,
    0x69, 0x4F, 0xCE, 0xD0, 0x7D, 0xD1, 0x6D, 0x3D, 0x56, 0xC0, 0x91, 0xF8, 0xEE, 0xC5, 0xC3, 0x1B,
    0x7D, 0x56, 0x4B, 0x79, 0x0F, 0x2F, 0x85, 0x35, 0xFD, 0x2F, 0x00, 0xC2, 0xDA, 0x6A, 0xE9, 0xAD,
    0xC6, 0x6B, 0x8C, 0xD1, 0x6A, 0x3D, 0x0B, 0x6F, 0x64, 0xBF, 0xE5, 0x8B, 0x24, 0x64, 0x7C, 0xDA,
    0xFC, 0x09, 0xA7, 0x16, 0x15, 0x42, 0x5E, 0xCA, 0x4D, 0x46, 0x6F, 0x5E, 0x1F, 0x1C, 0x27, 0x26,
    0x56, 0x24, 0xC5, 0xC6, 0xE8, 0x59, 0x1F, 0xA6, 0x4A, 0x81, 0xD1, 0x43, 0x32, 0x7A, 0x39, 0x90,
    0x2D, 0xBC, 0xDB, 0x11, 0xFB, 0xAE, 0xD0, 0xE3, 0x59, 0xE4, 0x0F, 0x85, 0x5E, 0x7B, 0x91, 0x45,
    0xD4, 0x73, 0x87, 0x8B, 0x6C, 0x91, 0x0A, 0xF0, 0x05, 0xF5, 0xCF, 0x81, 0x31, 0xA5, 0x47, 0x6C,
    0xD6, 0x86, 0x2D, 0xF6, 0xE4, 0x5C, 0x1F, 0x23, 0xBB, 0x1C, 0x67, 0xE1, 0x61, 0x8D, 0x59, 0x22,
    0xAC, 0x58, 0x85, 0xB9, 0xF6, 0x92, 0x6B, 0x63, 0xD5, 0x24, 0x75, 0x05, 0xC9, 0x20, 0xCD, 0x2A,
    0x1A, 0xA7, 0xF1, 0x3A, 0xED, 0x0E, 0xBF, 0x5F, 0x66, 0x97, 0xDB, 0xD6, 0xB6, 0x3B, 0xB3, 0xAB,
    0xDA, 0x86, 0x56, 0x45, 0x89, 0x98, 0xFD, 0x93, 0x71, 0x6E, 0x56, 0xD6, 0x19, 0xA6, 0x08, 0x92,
    0x00, 0xE0, 0x33, 0x53, 0x9D, 0xCA, 0x2C, 0x5A, 0x56, 0x9E, 0x8B, 0xDA, 0x90, 0xA7, 0x42, 0x8E,
    0xA3, 0xD4, 0x1E, 0x74, 0xB4, 0xAD, 0x6D, 0xE1, 0x59, 0xA2, 0xD6, 0x02, 0x3E, 0xD4, 0x50, 0xF6,
    0xAA, 0x6C, 0xED, 0xD2, 0xEE, 0x41, 0x7F, 0x37, 0xEE, 0x11, 0xFF, 0xD8, 0xCB, 0xA9, 0x12, 0x63,
    0xE5, 0x6D, 0x31, 0xB2, 0x97, 0x78, 0x49, 0x30, 0x6C, 0xCA, 0x74, 0x05, 0x54, 0xA8, 0x0A, 0xBA,
    0xB1, 0x5A, 0x25, 0xC1, 0xD8, 0x78, 0xB5, 0xCE, 0x2C, 0x0E, 0xFF, 0x88, 0x11, 0x5A, 0xA6, 0x60,
    0xFD, 0x97, 0x28, 0x83, 0x6B, 0x65, 0x6A, 0x9D, 0x4A, 0x25, 0xFC, 0xF8, 0x3D, 0xEF, 0x53, 0xBC,
    0x12, 0xD7, 0x45, 0x80, 0xB5, 0x9C, 0x9E, 0x98, 0x02, 0xC3, 0xED, 0x68, 0xB0, 0x9D, 0x0E, 0x7F,
    0x3D, 0xC7, 0x4E, 0x4E, 0x3C, 0x25, 0x1F, 0xAA, 0x77, 0x6E, 0x39, 0xFD, 0x94, 0x1C, 0xCB, 0xF1,
    0xF8, 0x29, 0xF9, 0xD0, 0xBC, 0x7B, 0xB2, 0x3D, 0x47, 0x16, 0x8B, 0x29, 0xDF, 0xF1, 0x1C, 0x79,
    0x70, 0xAD, 0x56, 0x21, 0x2C, 0x02, 0x2D, 0x7C, 0x2B, 0xF6, 0x29, 0x10, 0x3F, 0x02, 0xE2, 0xA5,
    0x71, 0x22, 0x6B, 0xFA, 0xA0, 0x01, 0x4D, 0xB4, 0x66, 0xA4, 0x51, 0x53, 0xAA, 0x29, 0xEE, 0xCF,
    0xD8, 0x4A, 0x17, 0x1D, 0xFF, 0x32, 0x86, 0xDE, 0x08, 0x35, 0xCD, 0xF1, 0x28, 0xC2, 0x12, 0x66,
    0x9A, 0xE9, 0x71, 0xBE, 0xCA, 0xC9, 0xF1, 0xF3, 0x4C, 0xB3, 0x0A, 0x2A, 0xAC, 0xC1, 0x44, 0x6A,
    0x4C, 0xBB, 0xE6, 0xFE, 0x0C, 0xAF, 0x07, 0x84, 0xF8, 0x79, 0x05, 0x78, 0x33, 0xBB, 0xD0, 0x7C,
    0x3B, 0x1F, 0x01, 0x9D, 0x24, 0x68, 0x46, 0xC9, 0xE7, 0x7C, 0x91, 0x72, 0x88, 0x57, 0x71, 0xB5,
    0x34, 0xF5, 0x37, 0x49, 0xE7, 0xB3, 0x5A, 0xFE, 0x4C, 0xCA, 0x31, 0xF5, 0xF6, 0x57, 0x18, 0x1A,
    0x35, 0xD5, 0x9C, 0x81, 0xDB, 0x98, 0x5F, 0xF2, 0xCD, 0xEA, 0x16, 0x3F, 0x10, 0xF9, 0x5D, 0x11,
    0xF7, 0x52, 0xFE, 0x59, 0x45, 0xFE, 0x1B, 0xCF, 0x46, 0x98, 0x85, 0xD5, 0xA0, 0x65, 0x07, 0x87,
    0xC6, 0x16, 0xE6, 0x6A, 0xB9, 0xB2, 0x6D, 0x0E, 0x3D, 0x85, 0x4B, 0x30, 0x66, 0x73, 0x45, 0x2F,
    0x2E, 0x31, 0x32, 0x66, 0x32, 0x71, 0xC0, 0xCC, 0x29, 0xA6, 0x02, 0x0B, 0x67, 0x3F, 0xBE, 0x44,
    0x2D, 0xF0, 0xDA, 0x84, 0x58, 0x6D, 0xB5, 0xC8, 0xB7, 0x10, 0xC1, 0x32, 0xA2, 0x7F, 0xC2, 0x3A,
    0xB5, 0x2B, 0x8F, 0xF1, 0x7A, 0x56, 0xB3, 0xE8, 0x15, 0xDC, 0x52, 0x42, 0x04, 0x73, 0x8E, 0x3A,
    0xE2, 0x5B, 0x9A, 0x04, 0x7D, 0x8C, 0x57, 0xCF, 0xAF, 0x87, 0x68, 0x06, 0xF4, 0x5F, 0x78, 0x89,
    0x58, 0xBE, 0x94, 0x67, 0x8A, 0x58, 0xA5, 0x61, 0x8D, 0xF1, 0x6F, 0xAB, 0xD0, 0x27, 0xF6, 0xB0,
    0xEC, 0x57, 0x0E, 0x0B, 0x93, 0xB9, 0x0B, 0x8C, 0x8A, 0x6D, 0x8C, 0x56, 0xBE, 0xB4, 0xBC, 0x7B,
    0xB8, 0x3C, 0xD3, 0xC9, 0x54, 0x85, 0xA5, 0xC4, 0xAA, 0xBA, 0x2E, 0x0E, 0xEC, 0x9B, 0xAB, 0xE5,
    0xDB, 0x38, 0xF4, 0x05, 0x06, 0xCA, 0x97, 0x61, 0x54, 0x94, 0xE4, 0x24, 0xAE, 0x5F, 0x0F, 0x3A,
    0xC5, 0x49, 0x04, 0x8C, 0x65, 0x70, 0x44, 0x25, 0x58, 0xEB, 0x0A, 0x58, 0x12, 0xA0, 0xDF, 0xF0,
    0x1E, 0x96, 0xD6, 0x31, 0xAC, 0x63, 0x61, 0x0E, 0xE1, 0x9B, 0x14, 0x43, 0x86, 0x2E, 0x47, 0x1B,
    0x63, 0x2C, 0xD8, 0x52, 0x6C, 0xF7, 0xA5, 0x5A, 0xF5, 0x16, 0x0D, 0xDF, 0x3E, 0xB9, 0x6B, 0x5B,
    0xDD, 0xD9, 0xFA, 0x0D, 0xEC, 0xF8, 0x86, 0xE7, 0xDE, 0x6C, 0xFD, 0x36, 0xC2, 0x98, 0xA2, 0x4F,
    0x31, 0x44, 0xDA, 0xFA, 0xED, 0x1D, 0x93, 0x86, 0xF0, 0x0D, 0xE6, 0xBE, 0xC0, 0x8E, 0x78, 0x4C,
    0x82, 0x7A, 0xFF, 0x93, 0x4D, 0xC3, 0x43, 0xF5, 0xAE, 0xB9, 0xB1, 0xB4, 0xEE, 0x2C, 0xFD, 0x20,
    0x24, 0x1F, 0x84, 0xD4, 0x03, 0x88, 0xE0, 0x61, 0x7A, 0x67, 0xAF, 0xFE, 0x6F, 0x2F, 0xAD, 0xEB,
    0xD8, 0x37, 0x80, 0x24, 0xD3, 0xBE, 0xB4, 0x7E, 0x60, 0xDE, 0x31, 0xFF, 0x30, 0xFC, 0xF1, 0x1D,
    0x37, 0xE6, 0xAB, 0xDA, 0x62, 0x0D, 0x3C, 0x6C, 0x7F, 0x52, 0x47, 0xE7, 0x0F, 0xB4, 0x4F, 0x86,
    0xEF, 0xCC, 0xFB, 0x3D, 0xDB, 0xDE, 0xF5, 0xFB, 0x1B, 0xD4, 0x3B, 0x5E, 0x48, 0x9C, 0xFC, 0x6B,
    0x32, 0x57, 0xA5, 0xBE, 0xE3, 0x8C, 0xEE, 0xF6, 0xBD, 0x9A, 0x13, 0xF7, 0x32, 0x29, 0xD3, 0x51,
    0xD5, 0xFB, 0xDB, 0x5E, 0xD5, 0x43, 0x7B, 0x52, 0x3D, 0x66, 0x1C, 0x48, 0x46, 0xF5, 0x72, 0xA8,
    0x7A, 0x15, 0x54, 0xB7, 0xBF, 0xA2, 0x7A, 0x4B, 0x05, 0x2C, 0xF1, 0xAC, 0x36, 0x1D, 0xD5, 0xE6,
    0xBD, 0xAA, 0x57, 0xB6, 0xAA, 0x5E, 0x25, 0x15, 0x1A, 0xEF, 0x55, 0x3D, 0xE8, 0xC2, 0xB1, 0xC2,
    0x48, 0xF5, 0x06, 0xAA, 0xD7, 0x99, 0x7A, 0xC9, 0xB5, 0x7A, 0x50, 0xF5, 0xE2, 0x5F, 0x83, 0xC9,
    0x7E, 0xAA, 0x5E, 0xD6, 0xDF, 0x92, 0xC2, 0xB0, 0x40, 0x4B, 0x4C, 0x11, 0xF6, 0x63, 0x34, 0xAC,
    0x66, 0xC3, 0xD4, 0x1B, 0x0A, 0xE4, 0x8E, 0xF2, 0xE7, 0x87, 0x4F, 0xE3, 0xC3, 0x41, 0x6F, 0x3B,
    0xF1, 0x77, 0xC2, 0x19, 0x32, 0x2A, 0x5E, 0xA2, 0x53, 0xC7, 0x19, 0x93, 0x88, 0xBF, 0x76, 0x9C,
    0x89, 0xD1, 0x15, 0x16, 0xC4, 0x85, 0x53, 0x12, 0xC1, 0x2A, 0x8E, 0x08, 0x4B, 0xC7, 0x6C, 0x18,
    0xD5, 0x50, 0xFF, 0xF1, 0x43, 0xFB, 0x6A, 0xC8, 0x27, 0x8A, 0x5F, 0x88, 0x6D, 0xB0, 0xEA, 0xFB,
    0xD7, 0x1E, 0x7B, 0x62, 0x61, 0xB5, 0xDC, 0xC8, 0x2B, 0x8C, 0x82, 0x90, 0xC9, 0xF2, 0xED, 0xD4,
    0x29, 0x43, 0x17, 0xE4, 0x19, 0x89, 0x15, 0x66, 0x22, 0x7E, 0xE1, 0x15, 0x62, 0xC4, 0x08, 0x0F,
    0xFA, 0x86, 0x6B, 0x6A, 0x7E, 0xE6, 0xF1, 0x2D, 0xD2, 0xE9, 0x13, 0xF9, 0x9E, 0xD8, 0xC2, 0x0D,
    0x1D, 0xE5, 0xB2, 0xF9, 0x4F, 0x7E, 0x85, 0xC3, 0xD1, 0xFF, 0x13, 0x6F, 0xFB, 0xE5, 0x5C, 0x9E,
    0x7E, 0x2B, 0xFB, 0x51, 0x48, 0xD4, 0xD8, 0x3E, 0x10, 0xC5, 0x71, 0x8A, 0xC6, 0xF6, 0xB1, 0xDA,
    0x1B, 0x92, 0x33, 0x0E, 0x57, 0xCA, 0x3C, 0x3B, 0x5C, 0x02, 0xE8, 0x1A, 0xCC, 0x06, 0x53, 0xCE,
    0x0F, 0x3C, 0x5B, 0x15, 0x26, 0x5A, 0x59, 0xFF, 0x78, 0x61, 0xB5, 0x93, 0x85, 0xF3, 0xB6, 0x64,
    0xE2, 0x6C, 0x27, 0x1D, 0x2D, 0x86, 0x38, 0xF0, 0xDE, 0x79, 0x2F, 0x52, 0x70, 0x7E, 0xC0, 0x30,
    0x66, 0x2B, 0x0C, 0x09, 0x58, 0xEA, 0x82, 0xCD, 0xF4, 0x47, 0x9B, 0x20, 0x4D, 0x0B, 0xE1, 0xD5,
    0x6C, 0xF1, 0xB9, 0xE9, 0xE8, 0x63, 0xD9, 0x12, 0xC3, 0xEE, 0x50, 0x80, 0x30, 0x05, 0x36, 0x57,
    0x76, 0xF0, 0x84, 0x6C, 0x21, 0xE4, 0x33, 0xA1, 0x1A, 0x09, 0x6E, 0xD8, 0x93, 0x99, 0x23, 0x07,
    0xBB, 0xFE, 0x62, 0x40, 0x55, 0x9E, 0x9E, 0xDB, 0xE1, 0xF0, 0x47, 0xF0, 0xFB, 0x06, 0x12, 0xC0,
    0x7D, 0x05, 0x38, 0xC3, 0x85, 0x42, 0x09, 0xAF, 0xC0, 0x84, 0x6B, 0xB7, 0xBE, 0x7A, 0x8E, 0x5E,
    0x1C, 0x7A, 0x6D, 0x24, 0x67, 0x62, 0x3A, 0x50, 0x45, 0x07, 0xAA, 0xE8, 0xD6, 0x1B, 0xC0, 0x73,
    0xDF, 0x08, 0xF0, 0xB7, 0xCF, 0xC3, 0x06, 0x31, 0x66, 0xDE, 0x88, 0xF7, 0x1B, 0x34, 0x8A, 0xEB,
    0x6C, 0x11, 0xE4, 0x38, 0x49, 0xBB, 0x82, 0x22, 0xA4, 0x9D, 0xFD, 0xA0, 0xFE, 0x2A, 0xFE, 0x01,
    0xB2, 0xE7, 0xD2, 0xD9, 0x4C, 0xC3, 0x60, 0x1F, 0xAA, 0x09, 0xC4, 0x71, 0x61, 0x5A, 0x5B, 0x02,
    0x58, 0x6D, 0xD1, 0x0C, 0x66, 0x09, 0x25, 0x2B, 0xF7, 0x9D, 0xCC, 0x7F, 0x78, 0xEC, 0x83, 0xFF,
    0x07, 0x9D, 0x94, 0x01, 0x86, 0x25, 0xD7, 0x1B, 0xC5, 0x4F, 0xBD, 0x32, 0xFD, 0x98, 0xC2, 0x05,
    0x7F, 0x30, 0x78, 0x4B, 0xA8, 0x1D, 0xFC, 0x6F, 0x65, 0x07, 0x83, 0x9E, 0xC0, 0x40, 0x76, 0xD0,
    0x4B, 0xA8, 0x5A, 0xC2, 0x2C, 0x21, 0x08, 0xA4, 0x61, 0x96, 0x50, 0x45, 0x10, 0x80, 0x5A, 0x42,
    0x61, 0x22, 0x24, 0x48, 0x89, 0x0A, 0x35, 0x71, 0xAB, 0x7E, 0x79, 0xC7, 0xD5, 0xFD, 0xBA, 0x5F,
    0xB7, 0x20, 0x07, 0xF7, 0x1C, 0xEA, 0xBB, 0xDF, 0x77, 0xCE, 0xBD, 0x57, 0xE9, 0x29, 0x6E, 0xE0,
    0xB7, 0xFB, 0x33, 0x3E, 0x49, 0x3D, 0x19, 0x93, 0x2A, 0x1E, 0x65, 0x4D, 0x57, 0xB0, 0x4B, 0xED,
    0xA4, 0x7E, 0x93, 0xFA, 0x5D, 0x3A, 0x4D, 0x07, 0xD6, 0x2C, 0xC3, 0x54, 0x32, 0x3F, 0xC8, 0x8A,
    0x29, 0xCB, 0x6A, 0x0A, 0x0C, 0x59, 0xDE, 0x7C, 0x3A, 0x3D, 0x48, 0x29, 0xD2, 0xBD, 0x2A, 0x9B,
    0x07, 0xD9, 0x5E, 0x4B, 0x3E, 0x7C, 0x78, 0xAF, 0x16, 0x59, 0xC2, 0xF2, 0x52, 0xEE, 0xB9, 0xE0,
    0x95, 0x0E, 0xEE, 0xFB, 0xEF, 0x83, 0x9F, 0x38, 0x0B, 0x8F, 0xF2, 0xB6, 0x62, 0xCC, 0x52, 0xE9,
    0x31, 0x5B, 0x91, 0x0E, 0x2C, 0x0F, 0x52, 0xA4, 0x2C, 0xCB, 0xE4, 0x19, 0xC2, 0x89, 0x93, 0x2A,
    0xFE, 0xFE, 0x8C, 0x91, 0x54, 0x98, 0xB2, 0xD4, 0xBB, 0x8B, 0xD4, 0xFF, 0x6E, 0x75, 0x8D, 0x03,
    0x7B, 0xA3, 0xDE, 0x9E, 0x22, 0x2C, 0x15, 0xAC, 0xDE, 0xCD, 0x16, 0x01, 0x1D, 0x99, 0x2A, 0x58,
    0x02, 0x43, 0xA0, 0x3B, 0xC0, 0x58, 0x32, 0xD5, 0x48, 0x30, 0x1C, 0x98, 0xA3, 0x95, 0x6F, 0x67,
    0x89, 0xBB, 0x0F, 0xA5, 0x29, 0x58, 0xDB, 0xCD, 0x47, 0x20, 0x91, 0xFA, 0x67, 0x2A, 0x72, 0x7F,
    0x4F, 0xC2, 0x0A, 0x78, 0xA9, 0x24, 0xE9, 0xA2, 0xF2, 0x5E, 0xAB, 0xDC, 0xAF, 0xB1, 0xDA, 0x95,
    0x7D, 0x2A, 0x62, 0x35, 0x48, 0x5D, 0xF6, 0x32, 0xAA, 0x98, 0x83, 0x7D, 0x30, 0xEB, 0x38, 0x1F,
    0xED, 0x92, 0x5D, 0x77, 0x53, 0xC1, 0xD7, 0x3B, 0x3C, 0x64, 0x50, 0x0B, 0x6B, 0x05, 0x48, 0x47,
    0x3B, 0xEE, 0x59, 0x7C, 0x1A, 0xEF, 0xA5, 0xE2, 0x83, 0x1E, 0xD0, 0x36, 0x6A, 0x3B, 0xD5, 0x53,
    0x81, 0x14, 0x52, 0x95, 0xA4, 0x92, 0xE8, 0x3A, 0x98, 0xFC, 0x99, 0x21, 0xCF, 0x7E, 0x0D, 0x45,
    0xCF, 0x17, 0xDF, 0x27, 0xF8, 0x66, 0x7A, 0xC6, 0x03, 0xC3, 0x91, 0xB9, 0x42, 0x05, 0x4B, 0xB0,
    0xF3, 0xE5, 0xE4, 0x24, 0x4B, 0xED, 0x8C, 0x53, 0xBD, 0x4B, 0xFF, 0x6F, 0xEC, 0x5E, 0xAA, 0x19,
    0xE4, 0xAD, 0x9E, 0x14, 0x70, 0xD4, 0x23, 0xAC, 0x1E, 0x8E, 0xD3, 0x02, 0xAB, 0x8B, 0xFC, 0xE5,
    0x88, 0xC3, 0x3A, 0xCC, 0xEC, 0x8B, 0x23, 0x79, 0x3B, 0x9B, 0x5C, 0xBC, 0x4B, 0x1E, 0x5D, 0x4D,
    0xF6, 0x58, 0x4F, 0xEE, 0x18, 0xE7, 0xF3, 0xBA, 0xB7, 0x5E, 0xB7, 0xD6, 0x4D, 0x52, 0xF4, 0xF4,
    0xC5, 0x6F, 0x86, 0x29, 0xF0, 0xD7, 0x47, 0xBA, 0x12, 0xDC, 0xE0, 0x0E, 0x37, 0xD6, 0xF9, 0x29,
    0x67, 0x84, 0x59, 0xD5, 0x5C, 0x6E, 0x8A, 0x63, 0x41, 0x43, 0xA7, 0xFE, 0x57, 0x3C, 0x2A, 0xD9,
    0xE2, 0x62, 0x87, 0x93, 0xAE, 0xF1, 0x8E, 0xAF, 0x2A, 0xC0, 0xB9, 0x7F, 0x67, 0x0E, 0xC9, 0x61,
    0x17, 0x9D, 0x96, 0xB8, 0x28, 0xCC, 0x5E, 0x46, 0x4F, 0xF7, 0xF3, 0xF7, 0xB2, 0xD9, 0x20, 0x5F,
    0x9C, 0x18, 0x47, 0x65, 0x74, 0xAC, 0xC5, 0x11, 0x93, 0x72, 0xA8, 0x82, 0x2D, 0x74, 0xAA, 0xF7,
    0xD8, 0x29, 0x6C, 0xED, 0xE0, 0x65, 0x54, 0x48, 0xED, 0xA2, 0x7A, 0x8D, 0xFB, 0xB7, 0xCC, 0xDE,
    0xEB, 0x5B, 0x5F, 0xA5, 0x37, 0xBE, 0x46, 0xDD, 0x34, 0xFA, 0xCE, 0x5C, 0xCF, 0xC7, 0xCD, 0x1C,
    0xD7, 0xC0, 0x73, 0xAE, 0x78, 0xFA, 0xFD, 0x4D, 0xA3, 0x1C, 0xF8, 0x55, 0x9C, 0xFF, 0x49, 0x3F,
    0x7A, 0x01, 0x36, 0x01, 0x3D, 0x7C, 0xD5, 0x67, 0xF6, 0x12, 0x1A, 0x1D, 0x18, 0x0B, 0x90, 0x44,
    0xA7, 0xCC, 0xF9, 0xC5, 0x16, 0x5B, 0x8E, 0x58, 0x26, 0x07, 0x1C, 0x74, 0x5C, 0xA4, 0xC0, 0xE4,
    0x03, 0xD5, 0x91, 0x59, 0xA7, 0x51, 0x2A, 0x49, 0x8A, 0x9D, 0x1C, 0x50, 0xAD, 0x7C, 0x6D, 0x68,
    0x37, 0x47, 0xBE, 0x49, 0xE6, 0x9A, 0x9F, 0x56, 0x73, 0xE0, 0xE7, 0xD9, 0x5C, 0xF1, 0xC7, 0x64,
    0x2E, 0x61, 0x30, 0x1F, 0xA0, 0x93, 0x01, 0x52, 0xBE, 0xF7, 0xFF, 0xC6, 0xF0, 0x8C, 0x3F, 0xC2,
    0x2F, 0xB2, 0x2F, 0xA0, 0xB9, 0xB0, 0x32, 0x8E, 0xAB, 0xCA, 0x55, 0x3A, 0xEC, 0x3A, 0xD9, 0x15,
    0x43, 0x6F, 0x33, 0xF1, 0x4F, 0x5C, 0x12, 0xD8, 0xE5, 0x1A, 0x52, 0x36, 0x3A, 0xEB, 0x75, 0xBC,
    0xBD, 0x37, 0x7E, 0x08, 0x18, 0x6B, 0xA6, 0x25, 0xF8, 0x35, 0x30, 0xFB, 0x8C, 0x22, 0x63, 0x98,
    0x7C, 0x94, 0x5D, 0x18, 0x25, 0xD0, 0x99, 0x0E, 0x6C, 0x0A, 0x83, 0xDC, 0xFB, 0x6D, 0xA7, 0x90,
    0x7B, 0xD7, 0x4C, 0xA6, 0xC8, 0x60, 0xEA, 0xB1, 0x89, 0x82, 0x3D, 0x4F, 0x4F, 0xA6, 0x8A, 0x45,
    0x92, 0x1B, 0x5F, 0x0A, 0xDD, 0xF8, 0x12, 0xD8, 0x8D, 0x6D, 0x9A, 0xD5, 0xF4, 0xD8, 0x78, 0x94,
    0x6E, 0x73, 0xFD, 0x9E, 0x0B, 0xF7, 0xDC, 0x78, 0x73, 0x63, 0x15, 0x9B, 0x1B, 0xAB, 0xDC, 0x4E,
    0x76, 0x10, 0xB6, 0x88, 0x71, 0x45, 0xCA, 0x68, 0x3B, 0xC5, 0x41, 0xF9, 0x97, 0x52, 0xA5, 0x6A,
    0xB3, 0xB7, 0xBB, 0xEB, 0x5F, 0x4A, 0x4D, 0xA3, 0x97, 0xB8, 0xF1, 0x39, 0x7D, 0x5F, 0x01, 0x2C,
    0x5E, 0x99, 0xAB, 0xFD, 0xFE, 0x33, 0x53, 0x35, 0xFB, 0x5D, 0x85, 0x51, 0x11, 0x1F, 0x4A, 0xBF,
    0x9F, 0xD7, 0x82, 0xF4, 0x78, 0xE8, 0x81, 0xD1, 0xA1, 0x1D, 0xF3, 0xF2, 0x5B, 0x75, 0xD4, 0xF5,
    0xAA, 0xA4, 0xA6, 0xD3, 0xAD, 0x5A, 0xA4, 0x24, 0xEF, 0x4F, 0x07, 0x16, 0x15, 0xC9, 0x8F, 0xB4,
    0x4C, 0x81, 0x41, 0xA7, 0xB5, 0x06, 0x58, 0xE3, 0x93, 0xF5, 0x1F, 0xCD, 0xCA, 0x47, 0x01, 0x42,
    0x41, 0x0C, 0x04, 0xD0, 0xA1, 0x77, 0x90, 0x80, 0x84, 0x48, 0xF8, 0x38, 0x03, 0x09, 0xD8, 0xE0,
    0x84, 0x04, 0x56, 0x42, 0x24, 0x70, 0xE6, 0xB4, 0x37, 0x3A, 0xC3, 0x6C, 0xA8, 0x12, 0xFE, 0x96,
    0xBC, 0x34, 0x7C, 0x4F, 0x97, 0x5C, 0x0B, 0x23, 0x4F, 0x82, 0x67, 0xDE, 0x80, 0x26, 0x73, 0x25,
    0x5A, 0x74, 0x13, 0x3D, 0xFA, 0x7C, 0x0F, 0x8C, 0xE8, 0x40, 0x21, 0xFD, 0x31, 0x0B, 0xBA, 0x5B,
    0x1E, 0x36, 0xA5, 0x20, 0x1F, 0x5F, 0xA2, 0xF9, 0x5D, 0xA9, 0x3B, 0x8D, 0x45, 0x60, 0x29, 0x58,
    0x8A, 0x55, 0x40, 0x88, 0x6C, 0x0F, 0x51, 0x3D, 0x78, 0x8A, 0x75, 0xBA, 0x68, 0xEC, 0xCE, 0xD0,
    0x79, 0x02, 0x45, 0xC2, 0xB1, 0x15, 0x83, 0x20, 0x14, 0x86, 0xD1, 0x9F, 0xA4, 0xA0, 0x48, 0xC1,
    0x08, 0x6C, 0x92, 0x47, 0xE7, 0x38, 0x8E, 0xA0, 0xE3, 0xB8, 0x85, 0x6C, 0x61, 0xEB, 0x08, 0x14,
    0x16, 0x14, 0xE2, 0xE7, 0x91, 0xC6, 0x7B, 0xAE, 0xBA, 0x48, 0x92, 0x8C, 0x2C, 0xC1, 0xAE, 0x0F,
    0x63, 0x95, 0x6F, 0xBE, 0x29, 0x14, 0x87, 0x2C, 0x3F, 0x5F, 0xEB, 0xAC, 0xE5, 0x4B, 0x75, 0x67,
    0x80, 0xA1, 0x46, 0xE0, 0xB0, 0x0D, 0x8A, 0xA5, 0x89, 0xFC, 0xD7, 0xEF, 0x52, 0x77, 0x03, 0x9D,
    0x96, 0x31, 0x90, 0xDD, 0x46, 0x19, 0xC7, 0x7F, 0x92, 0x72, 0x96, 0xB1, 0x0A, 0xB9, 0xF0, 0x31,
    0x4C, 0x9C, 0x8C, 0xDA, 0xE4, 0x66, 0x32, 0x4A, 0x41, 0x91, 0xE2, 0xD9, 0xBB, 0xC4, 0x05, 0x45,
    0x9A, 0x57, 0xDC, 0x11, 0x06, 0x8A, 0x50, 0x50, 0xC4, 0x4E, 0xE1, 0x36, 0x85, 0x7D, 0x2B, 0x92,
    0x19, 0x52, 0xE6, 0x60, 0x00, 0x8A, 0x34, 0x2E, 0x9C, 0x19, 0xFB, 0x65, 0x86, 0xA4, 0x0C, 0x21,
    0x3E, 0x6D, 0xA0, 0xA0, 0x44, 0x4C, 0x66, 0x68, 0xA3, 0x19, 0x4C, 0x01, 0x2E, 0xB2, 0xCC, 0x28,
    0x8C, 0x6C, 0x24, 0x7D, 0x68, 0xA5, 0xE7, 0x77, 0x3E, 0xEC, 0x98, 0x31, 0xFF, 0xF7, 0xDF, 0xD5,
    0xA7, 0xDD, 0x6F, 0xFF, 0xB7, 0xFB, 0x69, 0xBF, 0xBD, 0x05, 0x50, 0xA2, 0x49, 0xC5, 0x12, 0x49,
    0x0D, 0xD2, 0x40, 0xDE, 0x41, 0x3C, 0x00, 0xA5, 0x66, 0x0D, 0x19, 0x02, 0x69, 0x47, 0x87, 0x44,
    0x74, 0xD6, 0xA3, 0x6A, 0x44, 0xB3, 0x81, 0x12, 0xC0, 0x48, 0x01, 0x22, 0x15, 0x91, 0x18, 0x47,
    0xD2, 0x25, 0x1D, 0x79, 0x1D, 0x0A, 0xA6, 0xF0, 0xDC, 0x20, 0x28, 0x75, 0x70, 0x3D, 0x96, 0x26,
    0x6A, 0x32, 0x19, 0x5E, 0x71, 0x4A, 0x44, 0x9C, 0x79, 0x4F, 0xA4, 0x32, 0x94, 0x52, 0x5C, 0x25,
    0xEB, 0x99, 0xB0, 0xB7, 0xB7, 0xB7, 0x2C, 0x45, 0xEA, 0xFB, 0x05, 0xE0, 0xD2, 0x6A, 0xC4, 0x81,
    0x78, 0xD4, 0x73, 0xCD, 0x04, 0x03, 0xBD, 0xD2, 0x41, 0xA7, 0xAA, 0xB8, 0xCB, 0x44, 0x9A, 0x54,
    0xC4, 0x45, 0x22, 0x16, 0x33, 0x8B, 0x05, 0xE4, 0x6D, 0x39, 0xC8, 0x88, 0x72, 0xC8, 0xDB, 0x40,
    0x9F, 0xD0, 0xC1, 0x81, 0xAA, 0x93, 0xAE, 0x74, 0xE9, 0x50, 0xBA, 0x6C, 0x2C, 0x69, 0xEF, 0xDF,
    0xB7, 0x08, 0x96, 0xE1, 0x61, 0x91, 0x49, 0xA3, 0xBE, 0xEC, 0xCF, 0x87, 0xC3, 0xC9, 0x60, 0x20,
    0x1C, 0x88, 0x3B, 0xCA, 0x9A, 0x12, 0x0E, 0xE1, 0x2A, 0x9C, 0x21, 0x96, 0xCA, 0xFB, 0xFC, 0xAA,
    0xDB, 0xE7, 0xD6, 0x55, 0xAE, 0x8E, 0x54, 0x74, 0xB9, 0xB4, 0x89, 0xD4, 0xAC, 0x98, 0x51, 0x36,
    0xAA, 0x43, 0x6A, 0xD3, 0x84, 0x62, 0xA5, 0x8E, 0x25, 0x94, 0x22, 0xED, 0xA2, 0x81, 0xCC, 0xA5,
    0x2D, 0xCA, 0x66, 0x35, 0x47, 0x30, 0x05, 0xCA, 0xE6, 0x75, 0x20, 0x73, 0xD8, 0x22, 0xC9, 0x1B,
    0x10, 0xA9, 0xC1, 0x88, 0x85, 0x5C, 0x98, 0x71, 0xB8, 0x06, 0x4A, 0x77, 0xEA, 0x3B, 0x8F, 0xE0,
    0x46, 0xB0, 0xCD, 0x7B, 0xF2, 0x2E, 0x15, 0x52, 0x89, 0x44, 0x8F, 0x14, 0x8B, 0x58, 0x55, 0xA3,
    0xEA, 0xB4, 0x21, 0x71, 0xD1, 0xDA, 0x35, 0xD0, 0x90, 0xB7, 0x60, 0x3A, 0x30, 0xFD, 0x5C, 0x54,
    0xC7, 0xC5, 0x13, 0x07, 0x17, 0xA7, 0xA0, 0x16, 0x61, 0xA7, 0xEE, 0x5E, 0xEE, 0x36, 0x01, 0x2D,
    0x07, 0x3C, 0xFC, 0x98, 0x50, 0xA4, 0x48, 0x44, 0x6A, 0x1F, 0xF0, 0xFC, 0xF6, 0xD9, 0xCE, 0xFB,
    0xFA, 0x31, 0x4C, 0x28, 0xC8, 0x2C, 0xA5, 0x8D, 0x7A, 0x92, 0x9A, 0xD4, 0x92, 0x5B, 0x94, 0x43,
    0xF5, 0x28, 0x19, 0xA9, 0x73, 0xD1, 0xA9, 0x10, 0xF7, 0x70, 0x9A, 0xE0, 0x3A, 0x89, 0x90, 0x4A,
    0x91, 0x89, 0x4D, 0x27, 0x86, 0x62, 0x31, 0x16, 0x55, 0x30, 0x09, 0x9E, 0x6D, 0x51, 0x15, 0xE7,
    0x00, 0xBC, 0x73, 0x2A, 0x64, 0xA2, 0xD5, 0x9A, 0xA8, 0x0E, 0x55, 0x93, 0x59, 0xD2, 0x8A, 0xB8,
    0x21, 0x10, 0xED, 0xC7, 0xC6, 0xF6, 0xC8, 0x79, 0x52, 0xCE, 0x1E, 0x52, 0x0E, 0x8E, 0x2B, 0x83,
    0x5F, 0x9D, 0x12, 0x9D, 0x78, 0xB7, 0x1A, 0xD3, 0x90, 0x76, 0x04, 0xC3, 0xA6, 0x2F, 0x90, 0x6E,
    0x4A, 0x80, 0xC2, 0x27, 0x80, 0xBB, 0x9F, 0x1B, 0x67, 0x38, 0xC7, 0xB9, 0x4B, 0xB7, 0x4C, 0x6F,
    0x7A, 0x6F, 0xF1, 0x3C, 0x5C, 0x19, 0x7F, 0x57, 0x77, 0x7D, 0x8B, 0xB7, 0x5E, 0xC7, 0x88, 0xE8,
    0x52, 0xA4, 0xF0, 0xE5, 0xD2, 0xAA, 0x2C, 0x40, 0x3D, 0xBE, 0x78, 0x2C, 0x89, 0x07, 0x1F, 0x94,
    0xA3, 0x88, 0x28, 0x8B, 0xD1, 0xA1, 0xA0, 0x5A, 0xEF, 0x73, 0x1A, 0xC2, 0x3A, 0x73, 0xAA, 0x3A,
    0xE4, 0xD3, 0xF1, 0x77, 0x88, 0xAA, 0x32, 0x17, 0xD6, 0x5C, 0x03, 0xB7, 0x66, 0xD0, 0x60, 0xA4,
    0x1A, 0xB9, 0xBD, 0xA7, 0x77, 0x56, 0xC5, 0x6C, 0xE3, 0x38, 0xE2, 0x72, 0xE4, 0x43, 0xCE, 0x5F,
    0xE9, 0x75, 0xEF, 0x35, 0x56, 0xAB, 0x6B, 0x22, 0xAE, 0x94, 0x9A, 0xF8, 0x38, 0x93, 0xFA, 0x74,
    0x36, 0x3A, 0xDB, 0x52, 0xAC, 0x11, 0xB2, 0x16, 0xE0, 0xD6, 0x71, 0xEE, 0x83, 0xD1, 0x5A, 0x49,
    0x95, 0x4B, 0x9D, 0x4A, 0x15, 0x8A, 0x06, 0xD0, 0x64, 0x1D, 0x46, 0x28, 0x27, 0xFA, 0xB1, 0x1D,
    0x68, 0x1E, 0x91, 0x91, 0xC3, 0x94, 0x91, 0x3A, 0x58, 0xFA, 0xCC, 0x11, 0xA7, 0xEE, 0x1C, 0x65,
    0xDB, 0x68, 0x8C, 0xAF, 0x63, 0xE3, 0xD8, 0x05, 0x69, 0x9F, 0x76, 0x59, 0x93, 0x3B, 0x65, 0x95,
    0xDE, 0x07, 0xD8, 0x85, 0x16, 0xEE, 0x12, 0x48, 0x15, 0x48, 0x4B, 0xDA, 0x11, 0x7B, 0x8E, 0x86,
    0x92, 0x46, 0x49, 0x9D, 0x0F, 0x60, 0x74, 0xD4, 0x91, 0x3A, 0xF2, 0x1A, 0x55, 0x61, 0x46, 0x8E,
    0xC6, 0xDD, 0xEF, 0x2B, 0xE9, 0x53, 0xE9, 0x83, 0xB2, 0x3D, 0x5C, 0x63, 0x67, 0xB5, 0xF2, 0x91,
    0x13, 0xA9, 0xE6, 0xAA, 0x20, 0xAF, 0xF6, 0x21, 0xAE, 0xAE, 0x40, 0x34, 0x57, 0x67, 0xE6, 0x34,
    0x82, 0x37, 0xA3, 0xE2, 0x85, 0x97, 0x62, 0xBB, 0x58, 0xA4, 0xD5, 0x22, 0x17, 0x69, 0xD3, 0xAE,
    0x74, 0xC1, 0x72, 0x8B, 0x1D, 0x38, 0x55, 0xF8, 0xBF, 0x62, 0xD3, 0x36, 0x10, 0xA2, 0x21, 0xE9,
    0x08, 0x44, 0x1A, 0xF0, 0x91, 0x45, 0x89, 0x85, 0x54, 0x34, 0x6C, 0xED, 0x01, 0xB9, 0x14, 0xBE,
    0xAD, 0x02, 0x11, 0x47, 0x28, 0xAF, 0x75, 0x24, 0xF3, 0xC1, 0x81, 0x68, 0x55, 0x90, 0xDB, 0x6D,
    0xD8, 0x35, 0x30, 0x65, 0x5C, 0xFE, 0xD5, 0x6B, 0xAD, 0xCF, 0xCE, 0x58, 0xFC, 0x62, 0x45, 0x73,
    0xF6, 0x36, 0x6C, 0x2D, 0xA1, 0x1C, 0xF0, 0x19, 0xEB, 0xFB, 0xF2, 0xA1, 0x6C, 0x94, 0x8D, 0x3B,
    0x45, 0xD0, 0xED, 0xC3, 0xA7, 0x6C, 0x03, 0x81, 0xD4, 0x74, 0xB1, 0x0C, 0x81, 0x4F, 0xEE, 0x3B,
    0x6D, 0x26, 0x22, 0x4E, 0xFD, 0x44, 0xA4, 0x56, 0x7E, 0x06, 0xDB, 0x84, 0xBF, 0xF5, 0xC7, 0xED,
    0xC1, 0xA3, 0x8E, 0xE0, 0x9B, 0xA5, 0x88, 0x0C, 0x47, 0x15, 0x1B, 0x1C, 0xB5, 0x4D, 0x7E, 0xCC,
    0x78, 0x78, 0x18, 0x47, 0x28, 0x0F, 0xB8, 0x11, 0x49, 0x4B, 0x97, 0x88, 0xBC, 0x33, 0x4D, 0xA3,
    0xC9, 0xFF, 0xE2, 0xE7, 0xA2, 0x8D, 0xD8, 0xF3, 0x24, 0xC3, 0x91, 0x72, 0x2D, 0x23, 0xDC, 0x54,
    0x79, 0x3D, 0x3F, 0x37, 0x59, 0x37, 0xDF, 0xEF, 0xD9, 0x74, 0xFA, 0x7E, 0xD6, 0x88, 0x00, 0x72,
    0x0B, 0x81, 0x54, 0x90, 0x89, 0x86, 0xB2, 0x85, 0x44, 0x2C, 0x98, 0x1E, 0x62, 0xDF, 0x9C, 0x0F,
    0x80, 0x72, 0x40, 0xAE, 0x81, 0x93, 0x3C, 0x80, 0xB0, 0x06, 0xA2, 0x06, 0x88, 0x1D, 0x90, 0x56,
    0xBE, 0xB2, 0x40, 0x5E, 0x00, 0x4A, 0x03, 0x06, 0xA0, 0x07, 0xE8, 0x80, 0xB0, 0x3D, 0x3E, 0xA0,
    0xFE, 0x9A, 0x01, 0xC3, 0xE3, 0x06, 0x64, 0x5F, 0x33, 0x20, 0x78, 0xFC, 0x00, 0x7B, 0x6C, 0xC0,
    0x16, 0xC0, 0xC7, 0x88, 0x36, 0x36, 0xA9, 0xA3, 0xF1, 0x97, 0xD4, 0xC6, 0x8A, 0xFE, 0x98, 0xE7,
    0x20, 0x2C, 0x8E, 0x36, 0xF1, 0x3E, 0x24, 0x95, 0xF9, 0xDB, 0x5E, 0x59, 0x1D, 0x6D, 0xF6, 0xED,
    0xF1, 0x7F, 0xB0, 0x3E, 0x7A, 0x3D, 0x72, 0x7E, 0x60, 0xD8, 0x6A, 0xF5, 0xC1, 0xDC, 0x3B, 0x25,
    0x0A, 0x40, 0xDC, 0xE5, 0x75, 0x26, 0x65, 0x7B, 0x3E, 0x69, 0xAE, 0x2C, 0xA2, 0x6A, 0xF1, 0x52,
    0x64, 0x5F, 0x38, 0x1D, 0xE8, 0xA7, 0x4E, 0x06, 0x9C, 0x4F, 0x6C, 0xFE, 0xA1, 0x4D, 0x84, 0xA8,
    0x23, 0x19, 0xC8, 0xA5, 0x50, 0xA9, 0x3D, 0x19, 0x72, 0xA2, 0x52, 0x55, 0xA9, 0x3B, 0x3A, 0x0E,
    0x51, 0x45, 0xE6, 0x67, 0xEA, 0x22, 0x97, 0x55, 0xA6, 0xF8, 0xF1, 0xFF, 0xB9, 0xAF, 0x8E, 0x5F,
    0x69, 0xDC, 0x23, 0xAF, 0x34, 0x18, 0x01, 0xE9, 0x08, 0xC5, 0x11, 0x89, 0x25, 0x1D, 0x20, 0x6F,
    0xC0, 0x14, 0x3C, 0xF9, 0xFE, 0x3C, 0x75, 0x90, 0xB7, 0xAA, 0x53, 0x7D, 0xD2, 0xD3, 0xD1, 0x9E,
    0x1D, 0xBB, 0xF1, 0xD8, 0x7C, 0x33, 0xB1, 0x6C, 0x85, 0xF2, 0x99, 0x36, 0xBF, 0x97, 0xCC, 0xC9,
    0xE7, 0x83, 0x6A, 0xE4, 0xAF, 0x9D, 0x6A, 0xE5, 0xF3, 0x36, 0x6F, 0xCC, 0x1F, 0x5C, 0xEA, 0x9E,
    0x8A, 0xEA, 0x00, 0xD0, 0xB0, 0xBD, 0x44, 0x9A, 0xFB, 0x74, 0xC8, 0x5D, 0x4A, 0x41, 0x09, 0xA7,
    0x6E, 0xF3, 0x24, 0xA7, 0xD1, 0x93, 0x05, 0xED, 0x31, 0x37, 0x8A, 0x9D, 0x55, 0xA1, 0xC4, 0x8E,
    0xDC, 0xF9, 0xD0, 0x92, 0x3D, 0x40, 0x02, 0x80, 0xB8, 0x82, 0xCB, 0xEF, 0x56, 0xCF, 0x45, 0x22,
    0xF6, 0x4A, 0x22, 0xF2, 0xE7, 0xCE, 0x07, 0xA9, 0xCD, 0x7F, 0xED, 0x83, 0x14, 0x88, 0x54, 0xE7,
    0xA2, 0x7B, 0xC3, 0x7A, 0x9B, 0x72, 0x00, 0x70, 0x08, 0x3E, 0xE0, 0xBE, 0xAA, 0x36, 0x95, 0x05,
    0x2E, 0x02, 0x5B, 0xD0, 0x05, 0x72, 0x37, 0xEC, 0x62, 0x91, 0x2F, 0xDB, 0x54, 0x44, 0x5C, 0xEE,
    0xD7, 0xAA, 0x8A, 0x5C, 0xB4, 0x82, 0x5D, 0xEF, 0xF7, 0x18, 0x81, 0x27, 0xF8, 0x6A, 0x4F, 0xE0,
    0x07, 0x04, 0xFA, 0x0C, 0xB1, 0x7E, 0x96, 0x4C, 0x44, 0x1B, 0x3F, 0x21, 0x11, 0x9B, 0xFE, 0xF2,
    0x32, 0x91, 0x7E, 0x06, 0xF4, 0x69, 0x3C, 0xAE, 0x11, 0xB6, 0xEB, 0x9D, 0x3D, 0x1A, 0xC7, 0x39,
    0x86, 0x9D, 0xA7, 0x57, 0xFA, 0xD4, 0xEA, 0xC0, 0x88, 0x77, 0x48, 0xA5, 0x32, 0x03, 0x99, 0xE8,
    0xC4, 0xA7, 0xD6, 0x84, 0xE8, 0xB8, 0xB1, 0x5C, 0x1B, 0x1F, 0xB9, 0x7A, 0xFE, 0xB0, 0xCD, 0x3F,
    0x1D, 0x81, 0x86, 0xE7, 0x7E, 0xC4, 0xCF, 0x0B, 0x80, 0xE9, 0x8B, 0x03, 0x73, 0x36, 0xC3, 0xD4,
    0xCB, 0xB7, 0x80, 0xD8, 0x02, 0xE7, 0xE1, 0x4A, 0x54, 0x00, 0x2F, 0x3C, 0xA8, 0xBC, 0x05, 0x70,
    0x62, 0x34, 0x52, 0x80, 0xF4, 0xC2, 0xDA, 0x48, 0x1E, 0xF4, 0x09, 0x27, 0x9D, 0xA8, 0xDA, 0xE8,
    0x30, 0xE9, 0x3C, 0x0B, 0xB0, 0xD9, 0x61, 0x9B, 0xBF, 0xBE, 0x38, 0xCD, 0x05, 0x8B, 0x87, 0xBB,
    0xE6, 0xE6, 0x0E, 0xE7, 0x1C, 0xB3, 0xA0, 0x83, 0xE8, 0x11, 0x0B, 0xDC, 0xDF, 0x63, 0xBC, 0x96,
    0x6C, 0xFD, 0xB0, 0xDA, 0x44, 0x63, 0x63, 0x9C, 0x86, 0x05, 0xA8, 0x03, 0x1F, 0xC9, 0x60, 0xBA,
    0xB0, 0xC5, 0x52, 0xE4, 0xB7, 0x39, 0x0F, 0x2F, 0x02, 0xCB, 0xC4, 0xE5, 0xCE, 0xE8, 0x5B, 0xD3,
    0xBD, 0xC7, 0xA0, 0xEA, 0xC4, 0xB1, 0x64, 0x6B, 0x49, 0x20, 0xA2, 0x63, 0x91, 0x2A, 0x13, 0x69,
    0xD4, 0x78, 0x23, 0x35, 0x3A, 0xE8, 0x4B, 0x18, 0x48, 0x6A, 0x50, 0xC7, 0x6F, 0xB8, 0x64, 0x0D,
    0x1E, 0x27, 0x43, 0x7F, 0x2A, 0xA9, 0x0F, 0x6D, 0xFA, 0xD0, 0xA9, 0x04, 0x9A, 0xC8, 0x72, 0xD9,
    0x8E, 0x8D, 0xAA, 0x41, 0x55, 0xE4, 0x3D, 0x41, 0x59, 0x90, 0x58, 0xB0, 0x8F, 0x9F, 0xE4, 0x84,
    0x1A, 0x5A, 0xC6, 0xDE, 0x0E, 0xD3, 0x84, 0x1D, 0x89, 0x5C, 0xF0, 0xAE, 0xDF, 0x15, 0x32, 0x79,
    0xE5, 0x0B, 0x5D, 0x56, 0xE9, 0xBB, 0xB6, 0x27, 0x8F, 0xAB, 0x8A, 0x73, 0xA1, 0x5B, 0x32, 0x20,
    0x45, 0x56, 0xC5, 0xD3, 0x29, 0x9D, 0x56, 0xA5, 0x1D, 0x58, 0x82, 0x26, 0xED, 0x51, 0x82, 0x91,
    0x62, 0xA4, 0x12, 0xFF, 0x8A, 0x86, 0x8B, 0xB0, 0x60, 0xB1, 0x58, 0x98, 0x8B, 0xFD, 0x59, 0xB9,
    0x1D, 0x1C, 0x6A, 0x73, 0xA7, 0x3F, 0xBF, 0xF8, 0xF4, 0xCC, 0xE2, 0x0C, 0x57, 0xF1, 0x48, 0x3A,
    0x55, 0x2B, 0x91, 0xEE, 0x56, 0xEA, 0xF6, 0xDB, 0xC8, 0xE6, 0x4D, 0x64, 0xB3, 0x36, 0xAE, 0xF2,
    0xC3, 0xAC, 0x39, 0xF4, 0xED, 0x49, 0x9B, 0xD7, 0xA9, 0x26, 0x85, 0x0C, 0xEE, 0xE7, 0x77, 0xC1,
    0xDC, 0xF4, 0x34, 0xCF, 0x33, 0xE3, 0xF5, 0xBC, 0xC0, 0x23, 0x6C, 0xD3, 0x7A, 0xD6, 0x75, 0x51,
    0x8F, 0x87, 0xB1, 0xC8, 0x6D, 0xE0, 0xAC, 0x40, 0x2E, 0xFF, 0xD8, 0xFB, 0x40, 0x5A, 0x08, 0xC5,
    0xA3, 0x00, 0xA6, 0x5C, 0xC2, 0xE3, 0x9B, 0xAB, 0x5F, 0xC0, 0x03, 0x82, 0x1A, 0x8F, 0xE0, 0x7F,
    0x08, 0xFE, 0x7D, 0xEF, 0x0D, 0x2F, 0x18, 0x6F, 0x04, 0x73, 0x11, 0xDF, 0x00, 0xFC, 0x60, 0xF5,
    0x3E, 0xB0, 0xBD, 0xE7, 0xB1, 0x5B, 0x8A, 0xC7, 0xB0, 0x7E, 0xAC, 0x1B, 0x99, 0x71, 0xBC, 0x6F,
    0xBE, 0x16, 0xDC, 0xE4, 0xC4, 0x4D, 0x0D, 0x10, 0x1E, 0x20, 0x22, 0x07, 0x40, 0x5A, 0x45, 0x32,
    0x9B, 0xB9, 0x4D, 0xC5, 0xE3, 0xFD, 0xEF, 0x49, 0x91, 0xDF, 0x0D, 0x2E, 0x8B, 0x07, 0xAA, 0x00,
    0x6F, 0x76, 0x18, 0x98, 0xCC, 0x9A, 0x33, 0xF3, 0xD2, 0x6E, 0xE2, 0xF1, 0x86, 0x0C, 0x5E, 0x67,
    0xF6, 0x92, 0x82, 0xFB, 0xD3, 0xEE, 0x01, 0x25, 0x13, 0x2C, 0x81, 0xDC, 0xD3, 0x7E, 0x71, 0x0D,
    0xF1, 0xA0, 0x01, 0xB2, 0x9E, 0xD4, 0xE1, 0x11, 0x08, 0x4A, 0x33, 0x21, 0xB7, 0xB3, 0x32, 0x6C,
    0x69, 0x1E, 0x40, 0xA8, 0xE7, 0x47, 0x65, 0xC4, 0xA3, 0x29, 0xC5, 0xA3, 0x5B, 0x3F, 0xA6, 0x65,
    0xBF, 0xEA, 0x66, 0x17, 0x3B, 0x6B, 0x12, 0xEC, 0x92, 0x7F, 0x69, 0x55, 0x52, 0x7D, 0x23, 0xA9,
    0x49, 0xEA, 0x5C, 0xEA, 0x32, 0xAE, 0xFB, 0xA4, 0xBE, 0x95, 0xD6, 0xE6, 0x77, 0xCD, 0xD9, 0xB7,
    0x6E, 0xB0, 0x4B, 0x22, 0x36, 0xBF, 0xE0, 0x54, 0xD4, 0x98, 0x57, 0x1B, 0x23, 0x8D, 0x81, 0x91,
    0x4A, 0xBF, 0x98, 0xDE, 0xAB, 0x83, 0x4F, 0xF4, 0x09, 0x32, 0x9B, 0x5A, 0x80, 0xD2, 0xA6, 0xC7,
    0x7E, 0x97, 0x6F, 0xAF, 0xAE, 0xB3, 0x4B, 0x36, 0xEA, 0x47, 0xEE, 0x30, 0x6C, 0xFA, 0xA0, 0xED,
    0x83, 0x6E, 0xE4, 0xAD, 0xB0, 0x35, 0x91, 0xCB, 0xDE, 0xAB, 0xC2, 0x4F, 0xF0, 0x28, 0xDF, 0xEE,
    0xC9, 0x8B, 0x9E, 0xEC, 0xBF, 0x8B, 0x1D, 0xCB, 0x67, 0x3D, 0xA9, 0x1C, 0xEA, 0xF0, 0xC6, 0x8E,
    0x66, 0x8F, 0x58, 0xEA, 0xEC, 0x6D, 0x97, 0xBF, 0x5C, 0x2B, 0x58, 0x53, 0x93, 0xD9, 0x17, 0x93,
    0x7B, 0x2E, 0xF8, 0x8D, 0x66, 0x6B, 0x17, 0x92, 0x0E, 0x98, 0x4B, 0xB0, 0xEC, 0x48, 0x87, 0x8E,
    0xFC, 0xED, 0x0E, 0x15, 0x8C, 0x85, 0x0E, 0x83, 0x7F, 0xAE, 0xCB, 0xCB, 0x1D, 0xE9, 0x9D, 0x51,
    0xFC, 0xFA, 0x8E, 0xDE, 0x5E, 0x42, 0xEE, 0x20, 0xDE, 0x94, 0x25, 0xF1, 0xBF, 0x07, 0xE2, 0xD6,
    0x8C, 0xB6, 0xD2, 0x8F, 0x2A, 0x59, 0xAB, 0xAA, 0x9D, 0x1B, 0x4F, 0x1F, 0x10, 0x2C, 0xB7, 0x34,
    0xEA, 0x8B, 0xBE, 0x74, 0x24, 0x4D, 0xF9, 0x4E, 0x43, 0x52, 0x2B, 0x7F, 0xCA, 0x57, 0x8F, 0xAB,
    0xB3, 0x46, 0xBD, 0xD5, 0xB3, 0x73, 0x63, 0xE7, 0x67, 0x2B, 0x46, 0x05, 0xF3, 0xA7, 0x26, 0xFD,
    0x57, 0x93, 0xD6, 0x75, 0x5A, 0x91, 0xDA, 0xFB, 0xAC, 0xC8, 0x1B, 0x2E, 0xDD, 0x80, 0x82, 0xB0,
    0x22, 0xA9, 0x31, 0x42, 0x52, 0x3D, 0xC4, 0x9A, 0x58, 0x08, 0xD6, 0xE1, 0x6C, 0xCA, 0x22, 0xB5,
    0xCF, 0x90, 0x56, 0x0B, 0x62, 0xF7, 0x6D, 0x22, 0xF7, 0x11, 0x61, 0x5B, 0x43, 0x6F, 0xA1, 0xB4,
    0x60, 0x34, 0xEC, 0x30, 0xC1, 0xB4, 0xA2, 0x13, 0xF7, 0x26, 0x51, 0x53, 0x83, 0x14, 0xA0, 0xF4,
    0xE4, 0x13, 0xFE, 0xD1, 0x91, 0x04, 0x1D, 0x97, 0x5F, 0x16, 0xBD, 0xFA, 0xE9, 0xAA, 0xF8, 0x0F,
    0xCD, 0x7A, 0x01, 0xA4, 0x26, 0x59, 0x76, 0xFF, 0xAF, 0xAA, 0xB6, 0xBB, 0x98, 0x42, 0x35, 0x5E,
    0x0F, 0xFF, 0x19, 0xB3, 0xF5, 0x47, 0xB0, 0x79, 0xB1, 0xA9, 0x20, 0x18, 0xD1, 0x93, 0x7B, 0x93,
    0x05, 0x40, 0x1A, 0xFD, 0x84, 0xC0, 0x40, 0xB0, 0x3B, 0x61, 0x7B, 0xB0, 0x08, 0x66, 0xFA, 0x96,
    0x0D, 0x00, 0x32, 0x58, 0x00, 0x32, 0x68, 0xF4, 0xBC, 0x21, 0xB3, 0x18, 0x40, 0xBA, 0xAB, 0xC6,
    0x02, 0x82, 0x2D, 0x02, 0x08, 0x52, 0xE8, 0xC0, 0x04, 0x29, 0x52, 0xD9, 0x54, 0xB7, 0x5B, 0xF7,
    0xE4, 0x9E, 0x73, 0xEA, 0xAB, 0xEF, 0xFB, 0xDE, 0x7E, 0xDD, 0x3D, 0xDB, 0xC9, 0xCB, 0xEC, 0x51,
    0xF7, 0x9C, 0x73, 0xEF, 0x3B, 0xF7, 0x9C, 0xDF, 0x3D, 0x75, 0xBE, 0xAA, 0x5B, 0xB7, 0x7B, 0x7C,
    0x35, 0xE1, 0x16, 0xEC, 0x97, 0xC9, 0xF0, 0x5E, 0xDE, 0x95, 0xEF, 0x23, 0xF3, 0x48, 0x67, 0xE4,
    0x0B, 0x2A, 0xB2, 0x1F, 0xFD, 0x47, 0xFF, 0xF3, 0x71, 0xC0, 0x88, 0xFF, 0xFD, 0x0B, 0x88, 0x51,
    0x71, 0x07, 0xA8, 0x81, 0xBC, 0xBB, 0xFC, 0x7C, 0x24, 0x9A, 0xC6, 0xBC, 0x1F, 0x4B, 0x3B, 0xBE,
    0x87, 0xF1, 0x0F, 0xAF, 0x2B, 0x26, 0x6E, 0xB1, 0x96, 0x0D, 0x28, 0x2D, 0xCC, 0xE5, 0x23, 0x47,
    0xBE, 0xB6, 0x77, 0x8A, 0xEE, 0x4E, 0x32, 0xDE, 0xC1, 0x87, 0x11, 0xCD, 0x75, 0x5C, 0x20, 0xA2,
    0x6F, 0xD4, 0x6E, 0x5F, 0x44, 0xB2, 0xC4, 0x34, 0x1C, 0x72, 0x23, 0x02, 0xC7, 0x42, 0x8C, 0x2F,
    0xB4, 0xA7, 0xE4, 0x5F, 0xA4, 0xAB, 0xA9, 0xD0, 0xBD, 0xF3, 0xCB, 0x8D, 0x1E, 0xBD, 0xC8, 0x1E,
    0x07, 0xF4, 0x18, 0x0F, 0x16, 0xB4, 0xBF, 0x0D, 0x97, 0x20, 0xC4, 0x21, 0x3F, 0x24, 0x59, 0xD7,
    0xA9, 0xBF, 0x26, 0x16, 0x55, 0x07, 0x6A, 0xB2, 0x19, 0x65, 0x8F, 0xBA, 0x83, 0xE9, 0xE0, 0x06,
    0x38, 0x0F, 0x47, 0x7C, 0x19, 0x42, 0x4D, 0x28, 0x3C, 0x60, 0x71, 0xF3, 0x13, 0xD4, 0x1E, 0x26,
    0xC0, 0xAC, 0xE3, 0xB6, 0x20, 0x24, 0x04, 0x04, 0xC0, 0x23, 0x7A, 0xA8, 0x07, 0x90, 0xC5, 0x04,
    0xA6, 0x62, 0x80, 0xF1, 0xAB, 0xA5, 0x1A, 0xE7, 0x04, 0x88, 0x71, 0xE2, 0x91, 0x4F, 0x70, 0x3D,
    0xF7, 0x06, 0x30, 0xA5, 0x0F, 0x51, 0x2E, 0x6A, 0x29, 0x71, 0x03, 0xDC, 0x0C, 0xC3, 0x60, 0x18,
    0x5D, 0x31, 0x22, 0x0D, 0x40, 0x1B, 0xB5, 0x6E, 0xC5, 0x7C, 0x2B, 0x8E, 0xA7, 0x13, 0xA8, 0xA9,
    0xC7, 0x18, 0xB7, 0xB5, 0x65, 0x1F, 0x9D, 0xD6, 0x5D, 0x36, 0xC1, 0x74, 0xEC, 0x7B, 0x28, 0x16,
    0x38, 0x5F, 0x52, 0xE3, 0xA8, 0xA4, 0x9E, 0xD9, 0x60, 0xA8, 0xA0, 0xA1, 0xA6, 0x8C, 0xFA, 0xC2,
    0x83, 0x1A, 0x58, 0x7C, 0x87, 0x57, 0xF4, 0x19, 0x6A, 0x9F, 0x51, 0x63, 0x42, 0x41, 0x9D, 0x98,
    0x30, 0x1B, 0x6B, 0xFA, 0x01, 0x8D, 0x05, 0x25, 0x34, 0x26, 0xC4, 0xCB, 0x0A, 0x8C, 0x43, 0x22,
    0xCC, 0x70, 0x71, 0x20, 0x5F, 0x40, 0xB6, 0x1A, 0x31, 0xE1, 0xBB, 0x16, 0xEB, 0x7A, 0x93, 0x00,
    0xE3, 0x73, 0xF5, 0xD2, 0x5F, 0x71, 0x95, 0x13, 0xDA, 0x01, 0x84, 0xBA, 0x17, 0x57, 0x0C, 0xB6,
    0x89, 0x38, 0x5B, 0x38, 0x41, 0x83, 0x6A, 0xC0, 0x80, 0x77, 0x80, 0x5D, 0x36, 0x3E, 0x40, 0xB9,
    0xA4, 0xEC, 0x2A, 0x5F, 0x81, 0xCB, 0x12, 0x5C, 0x28, 0xA9, 0x73, 0x73, 0x49, 0xD6, 0x74, 0xC5,
    0x0C, 0xC3, 0xEB, 0xAD, 0x18, 0x52, 0x31, 0x62, 0xE1, 0x1C, 0xB9, 0x1E, 0x6D, 0x57, 0x4E, 0x28,
    0xBA, 0xE4, 0xCB, 0xD5, 0x17, 0x35, 0x1B, 0xB3, 0x40, 0xC2, 0x0C, 0x84, 0x23, 0xF6, 0x44, 0x2B,
    0x19, 0x0F, 0xEE, 0x7E, 0x7C, 0xE3, 0xB1, 0x23, 0xA2, 0xE5, 0x80, 0x3D, 0xFC, 0xF8, 0xAD, 0x45,
    0xED, 0x12, 0xDA, 0xF9, 0xCB, 0xA8, 0x03, 0x72, 0xEA, 0x55, 0x53, 0xB6, 0x05, 0xD2, 0x18, 0x62,
    0x8C, 0x2B, 0x2C, 0x48, 0xB4, 0xC3, 0x90, 0xC0, 0xC7, 0xC7, 0xEC, 0xA3, 0x13, 0xEC, 0x0E, 0x94,
    0xAE, 0xC6, 0x38, 0x5E, 0xC2, 0x8F, 0xA2, 0x83, 0x1F, 0x3A, 0x0A, 0x47, 0xE8, 0x9F, 0x3D, 0xB9,
    0xBF, 0xDC, 0xC2, 0x13, 0x9C, 0x89, 0x9D, 0xE6, 0x40, 0xD1, 0x6F, 0x98, 0x41, 0x5B, 0xF0, 0x3B,
    0xCA, 0xB4, 0x2B, 0x4E, 0x35, 0xD0, 0xF1, 0x2A, 0xF7, 0x71, 0x25, 0x39, 0x57, 0x12, 0x26, 0x49,
    0xD4, 0xB9, 0x9B, 0x9D, 0x7A, 0xD9, 0x52, 0xA7, 0xF4, 0x96, 0x45, 0x4A, 0x0B, 0x4A, 0x22, 0x5B,
    0x13, 0xDF, 0x6A, 0xAE, 0x53, 0x1A, 0xD6, 0x36, 0xEE, 0x74, 0x1E, 0x8F, 0xAD, 0xAB, 0x88, 0x9A,
    0x9C, 0x02, 0xB8, 0x8E, 0x98, 0xDE, 0x05, 0x60, 0x9A, 0xD8, 0xE6, 0xD8, 0xA8, 0x89, 0x6D, 0x8E,
    0x8D, 0x9A, 0xD8, 0x66, 0x23, 0xF3, 0x02, 0x0C, 0x0D, 0x30, 0x01, 0x30, 0x03, 0xF0, 0xC7, 0x00,
    0xFE, 0x3F, 0x80, 0x7C, 0x46, 0x45, 0x30, 0x64, 0xF5, 0xAA, 0x09, 0xE5, 0x02, 0xDC, 0xE5, 0xF1,
    0x24, 0xF0, 0x9F, 0xE4, 0x77, 0x60, 0x4B, 0xEA, 0x0F, 0x39, 0x9B, 0x51, 0x17, 0x2D, 0x33, 0xB2,
    0xD1, 0x18, 0x67, 0x78, 0x7B, 0x60, 0x7B, 0x54, 0x83, 0xF3, 0x92, 0x4C, 0xE7, 0xDB, 0x80, 0x82,
    0x06, 0xD0, 0x42, 0x01, 0x25, 0x2B, 0xA1, 0xDD, 0x29, 0x6E, 0x41, 0x41, 0x3D, 0xDA, 0xA5, 0x9E,
    0x25, 0x0D, 0x66, 0x4E, 0x2C, 0x3B, 0x41, 0x62, 0x63, 0xDC, 0xFA, 0x14, 0x9E, 0xCB, 0xCB, 0x87,
    0x44, 0xF3, 0x08, 0x5C, 0xE7, 0xC5, 0xF4, 0xC1, 0xE5, 0xA3, 0x96, 0x3C, 0x70, 0xE7, 0x9A, 0x2F,
    0x9C, 0xF3, 0x0B, 0x75, 0x79, 0xD1, 0x75, 0x3D, 0x31, 0xD7, 0xA0, 0x7F, 0x0D, 0xFC, 0xE4, 0xF8,
    0x7A, 0x20, 0xE3, 0xD7, 0x1A, 0x14, 0xF8, 0x3E, 0xF0, 0xCE, 0xE1, 0x75, 0x7E, 0xF9, 0xF8, 0xFA,
    0x82, 0x5E, 0xA5, 0x9A, 0x2C, 0xF0, 0x56, 0x03, 0xA5, 0x84, 0x68, 0x04, 0x4C, 0x07, 0xA5, 0x3C,
    0x54, 0x1E, 0x70, 0x16, 0x4A, 0xA5, 0xCF, 0x02, 0xD0, 0x6E, 0x53, 0xA7, 0x94, 0x80, 0x05, 0x2B,
    0x99, 0x31, 0x25, 0x9B, 0xFA, 0x7D, 0x37, 0xA1, 0x26, 0x9B, 0xB0, 0x92, 0x8B, 0xDD, 0xAE, 0x18,
    0xF7, 0x5D, 0x50, 0x57, 0xF6, 0x5B, 0x77, 0x88, 0xDD, 0xBA, 0x3B, 0xEA, 0x1A, 0x7B, 0x64, 0xDC,
    0xE2, 0xC8, 0xD5, 0x82, 0xC3, 0x40, 0x3F, 0xF5, 0x49, 0xFB, 0x29, 0xF0, 0x46, 0xB0, 0x02, 0xE3,
    0x07, 0x53, 0x45, 0x8C, 0x94, 0x46, 0x54, 0x11, 0x64, 0x31, 0xBA, 0x5F, 0x45, 0x2C, 0xF4, 0x77,
    0x5E, 0x96, 0x50, 0x0E, 0xD4, 0xB9, 0x3E, 0x5F, 0x32, 0x42, 0x1E, 0x4A, 0x5F, 0x7F, 0x45, 0xD6,
    0x8C, 0xA5, 0x4F, 0xC8, 0xF2, 0xF2, 0xCD, 0xDF, 0x10, 0xEA, 0xA9, 0x9A, 0x41, 0x1D, 0x27, 0xC7,
    0x45, 0xAB, 0x6A, 0xAE, 0x27, 0x90, 0xA0, 0x0B, 0x79, 0xEC, 0x7A, 0x13, 0xBB, 0x8C, 0x3D, 0xF1,
    0x79, 0xE0, 0xEE, 0xA8, 0xDD, 0x6C, 0x2E, 0x0E, 0xBB, 0xF9, 0xB8, 0x75, 0x07, 0x00, 0xE5, 0x70,
    0x64, 0x5C, 0x75, 0x47, 0x5D, 0xD3, 0x1C, 0x05, 0x72, 0xC8, 0x04, 0xC6, 0xDA, 0x0D, 0x48, 0x09,
    0x11, 0xE4, 0x9C, 0xC8, 0x63, 0x7D, 0x41, 0x94, 0x66, 0x28, 0x7C, 0x4A, 0x1C, 0xD6, 0x03, 0x6D,
    0xD7, 0x76, 0x59, 0xC8, 0x03, 0x87, 0x9D, 0x00, 0x43, 0x84, 0x84, 0x68, 0xE6, 0xB0, 0x23, 0x50,
    0xB0, 0x56, 0xD3, 0x96, 0xEE, 0xDB, 0x16, 0x48, 0xEE, 0x01, 0x78, 0x55, 0x45, 0x9C, 0x2A, 0x8B,
    0x53, 0xB5, 0x71, 0xA2, 0x40, 0x4E, 0x55, 0xC9, 0xA9, 0x52, 0x39, 0x55, 0x2F, 0xA7, 0x8A, 0xE6,
    0x54, 0xE5, 0x9C, 0x2C, 0x9F, 0xD3, 0x35, 0x74, 0xB5, 0x90, 0x4E, 0x55, 0xD3, 0xA9, 0x92, 0xBA,
    0x19, 0x2C, 0xF0, 0xF6, 0x33, 0x1C, 0xD6, 0x95, 0xA3, 0x89, 0x53, 0xD2, 0x1F, 0x14, 0x57, 0x42,
    0xFF, 0xBC, 0xA0, 0x08, 0xF7, 0x27, 0x94, 0xF3, 0xAE, 0xC2, 0xB2, 0x90, 0x52, 0xEC, 0x16, 0xFE,
    0xA0, 0xCC, 0x8A, 0x85, 0x91, 0x8E, 0x59, 0xC0, 0xBE, 0xD6, 0x4A, 0xCF, 0x48, 0xC7, 0x8C, 0xB0,
    0x2F, 0xB8, 0xCA, 0xA3, 0xED, 0xDD, 0x90, 0x92, 0xDD, 0x57, 0x5D, 0x35, 0xC3, 0x0D, 0x6D, 0x1C,
    0x6B, 0xF6, 0xA5, 0x57, 0xC7, 0xB1, 0xB1, 0xED, 0x75, 0x4C, 0xEB, 0x4F, 0xC7, 0x68, 0x1D, 0xCB,
    0xC7, 0xE3, 0xB1, 0x6E, 0xAB, 0xC4, 0xE3, 0xB9, 0x55, 0xB7, 0x8D, 0x0D, 0x3A, 0xB6, 0xD5, 0x64,
    0x8C, 0xDB, 0x0E, 0x8A, 0x65, 0x2B, 0xCC, 0x52, 0xF1, 0x45, 0xFD, 0xA0, 0x3A, 0xF7, 0xEB, 0xD8,
    0x4A, 0x54, 0x77, 0x80, 0x53, 0x14, 0x07, 0x75, 0x4A, 0xD1, 0xA4, 0xF4, 0xA5, 0x3F, 0x28, 0x56,
    0x10, 0x79, 0x64, 0x44, 0xE3, 0x71, 0xC5, 0x0E, 0x40, 0x4B, 0xCD, 0x51, 0xD9, 0x5E, 0x00, 0xB8,
    0x71, 0x0F, 0x48, 0x2F, 0x1F, 0xE6, 0x34, 0x16, 0xD4, 0x17, 0xD4, 0x95, 0x64, 0x4B, 0x46, 0x1F,
    0xC1, 0xA2, 0x1E, 0x61, 0x06, 0xA9, 0x55, 0xB1, 0x79, 0xE3, 0xF2, 0x93, 0x68, 0x56, 0x51, 0x17,
    0x2D, 0x65, 0x2B, 0xDE, 0xC9, 0x4B, 0xDA, 0x9A, 0x05, 0x71, 0x8A, 0x99, 0x79, 0x96, 0x1B, 0x21,
    0xB9, 0xE5, 0xB9, 0x6D, 0xC7, 0xD3, 0xA9, 0x61, 0x0F, 0x84, 0x95, 0xD4, 0xCF, 0xF9, 0xA5, 0x55,
    0x57, 0x8E, 0xA0, 0xDE, 0xDA, 0x05, 0xEA, 0xB0, 0xF5, 0xAB, 0x4F, 0x9A, 0x56, 0xB7, 0x34, 0xA8,
    0xE7, 0x84, 0x3A, 0x75, 0x9E, 0x50, 0xA3, 0xFE, 0x53, 0x82, 0x86, 0xC8, 0x02, 0x34, 0x4A, 0xE6,
    0x8F, 0xBE, 0x41, 0x9A, 0x8A, 0x57, 0xD4, 0xE5, 0xD4, 0x65, 0xD4, 0xB3, 0xA3, 0x76, 0x84, 0x19,
    0x79, 0x32, 0xEF, 0x59, 0x27, 0xB5, 0xB9, 0xBC, 0x84, 0x22, 0x89, 0x96, 0x86, 0x10, 0x8D, 0x2B,
    0x42, 0xB4, 0x8F, 0x30, 0x40, 0x43, 0x46, 0x4D, 0x9C, 0x95, 0x52, 0xC7, 0x13, 0xA9, 0xD3, 0xC0,
    0x3C, 0xDD, 0xF4, 0xEC, 0xA1, 0xEE, 0x21, 0x24, 0x7E, 0xD2, 0xCB, 0x47, 0xEA, 0x2A, 0x21, 0xBF,
    0x7A, 0x23, 0xBF, 0x3A, 0x74, 0x5E, 0x7C, 0xCA, 0xD2, 0xD4, 0x6D, 0x19, 0xA0, 0x9E, 0x0B, 0x82,
    0x3A, 0xCF, 0x08, 0xFB, 0x85, 0x69, 0x08, 0xB2, 0x1A, 0xE5, 0xE8, 0xF1, 0x20, 0x35, 0x50, 0x12,
    0x80, 0x8A, 0x1A, 0xC0, 0x50, 0x07, 0x38, 0x1A, 0x00, 0x7A, 0x7F, 0x44, 0x42, 0xE5, 0x8C, 0x6C,
    0xC9, 0x63, 0x60, 0x9F, 0x85, 0xE8, 0x26, 0x21, 0x54, 0x23, 0xA8, 0x89, 0xDE, 0x4C, 0xE7, 0x3A,
    0xD4, 0x03, 0xF0, 0x08, 0xFC, 0xFD, 0x35, 0xB2, 0xDE, 0x76, 0x09, 0x6F, 0xF4, 0x24, 0xD9, 0x1E,
    0x66, 0x66, 0x5E, 0x05, 0x14, 0x24, 0x1B, 0x27, 0x92, 0x9B, 0x58, 0x8E, 0x6C, 0x9F, 0xF8, 0xB7,
    0xB8, 0xBA, 0xB9, 0x17, 0xBD, 0x47, 0xDF, 0x09, 0x1B, 0x0C, 0x70, 0x13, 0xCF, 0xA9, 0x3D, 0x73,
    0xC7, 0xF7, 0x2B, 0x91, 0xA5, 0xE4, 0x9E, 0x2D, 0xAB, 0x1E, 0xB5, 0xD5, 0x8F, 0x0C, 0xE6, 0x19,
    0x63, 0x06, 0x7E, 0x07, 0xA5, 0xBC, 0x13, 0xF0, 0x58, 0xAA, 0x8C, 0x6C, 0xCA, 0x75, 0xCC, 0x4A,
    0xB1, 0xC8, 0xCF, 0x22, 0x5E, 0x13, 0x40, 0x5D, 0xEC, 0xB6, 0xBD, 0xA4, 0x27, 0x9A, 0x58, 0xB0,
    0x11, 0xE2, 0x18, 0xD8, 0x48, 0x4C, 0xD8, 0x48, 0x4C, 0xD8, 0x48, 0x4C, 0xD8, 0x48, 0x4C, 0xF2,
    0xA7, 0x19, 0xD5, 0x53, 0x3A, 0xA3, 0x0E, 0x20, 0xCE, 0x3D, 0x0C, 0x5F, 0xB6, 0xA2, 0xC6, 0xC8,
    0xAE, 0xAF, 0x16, 0xA5, 0x26, 0xF0, 0x48, 0x40, 0x2B, 0xE5, 0x5F, 0xCC, 0x29, 0xB9, 0x51, 0x52,
    0x5C, 0x2C, 0x1C, 0x0E, 0x1C, 0x28, 0x23, 0x96, 0x1C, 0x88, 0xBA, 0x75, 0x5F, 0x6F, 0x46, 0x31,
    0x11, 0x4C, 0x8A, 0x25, 0x23, 0x31, 0xC9, 0x67, 0x36, 0x4A, 0x39, 0x10, 0x1B, 0x15, 0x1C, 0xC8,
    0x96, 0x3E, 0x9A, 0x70, 0xF4, 0x68, 0x54, 0xF6, 0xB2, 0xF6, 0x80, 0xCC, 0x4A, 0x36, 0xDE, 0x85,
    0xEE, 0x93, 0xB7, 0x7A, 0x34, 0xD4, 0x90, 0x40, 0x6D, 0x95, 0x07, 0xE6, 0x2E, 0x30, 0x54, 0xB7,
    0x30, 0x37, 0x0B, 0xAA, 0x8D, 0x7B, 0x94, 0xCA, 0xC3, 0xCA, 0x6B, 0x2F, 0xAB, 0x9B, 0x99, 0x57,
    0x33, 0x0A, 0xBF, 0xE3, 0x93, 0xDC, 0x14, 0xE5, 0xE3, 0xCA, 0xB3, 0x79, 0xE5, 0x45, 0xE4, 0x13,
    0xF3, 0xE4, 0x53, 0xFE, 0x4E, 0xBD, 0x4A, 0x82, 0xB0, 0x98, 0x34, 0xEE, 0x86, 0xAD, 0xD9, 0x38,
    0x63, 0x0B, 0x6B, 0x5C, 0xDC, 0x45, 0xB2, 0xAF, 0xD7, 0xB7, 0x89, 0xA2, 0xBB, 0x94, 0x88, 0x02,
    0x50, 0x52, 0xF8, 0x82, 0x06, 0xAE, 0xD9, 0x84, 0xE6, 0x28, 0x10, 0x67, 0xF1, 0xC5, 0xAA, 0x59,
    0xCE, 0x3F, 0xE3, 0x27, 0x8B, 0x37, 0xA1, 0xA6, 0x06, 0x67, 0x66, 0x61, 0x01, 0xE3, 0x57, 0x11,
    0x83, 0x02, 0x75, 0x14, 0x60, 0xE1, 0x02, 0x8B, 0x99, 0x66, 0x00, 0xD5, 0xAF, 0x68, 0x60, 0x41,
    0x6C, 0x81, 0x92, 0x66, 0x88, 0xB0, 0x22, 0x26, 0x88, 0x18, 0x0F, 0x45, 0xA1, 0x42, 0xD7, 0x79,
    0x9A, 0xAA, 0x41, 0x44, 0xEB, 0x45, 0xD0, 0x2A, 0x96, 0x23, 0xA1, 0x83, 0x46, 0x23, 0x24, 0x76,
    0x77, 0xF0, 0xF1, 0xA9, 0xA1, 0x48, 0x93, 0x72, 0x08, 0xFD, 0x2E, 0x94, 0x7E, 0x58, 0x37, 0x22,
    0xD3, 0xB9, 0x1C, 0x56, 0x24, 0x99, 0x3A, 0x73, 0x1D, 0xE8, 0xA9, 0xA4, 0x0B, 0xA8, 0xE9, 0xEB,
    0x8B, 0xCF, 0x69, 0xD6, 0xAC, 0x91, 0xBE, 0x56, 0x36, 0x5F, 0x6F, 0x5E, 0xFE, 0x0C, 0x42, 0x7F,
    0x45, 0x41, 0xF1, 0xDF, 0xDF, 0x19, 0xE5, 0xAC, 0x08, 0x38, 0x43, 0x42, 0x1D, 0x12, 0x7A, 0x6E,
    0xD9, 0xE9, 0x84, 0x3C, 0x58, 0x59, 0xD7, 0xB2, 0x4B, 0x42, 0x42, 0xD8, 0xBD, 0xD6, 0xEB, 0xEE,
    0x0C, 0x4A, 0x37, 0xAC, 0xC0, 0x14, 0xDD, 0x0B, 0x52, 0x89, 0x9A, 0xC9, 0x94, 0xA2, 0x67, 0x5E,
    0x76, 0x32, 0x45, 0x0C, 0x8D, 0x1E, 0x4B, 0xFD, 0x66, 0xE6, 0xAD, 0x70, 0x41, 0xAC, 0xEF, 0xD1,
    0xEC, 0xBF, 0x06, 0x36, 0xFF, 0xA7, 0x91, 0xCD, 0xBF, 0x9A, 0xC5, 0xDC, 0x8B, 0xF9, 0x03, 0xF1,
    0x6E, 0xC4, 0x7B, 0xD5, 0xB0, 0xF7, 0xB2, 0x63, 0xEF, 0xF9, 0x10, 0xBD, 0x47, 0x85, 0xBB, 0xC9,
    0x2C, 0xDE, 0xBD, 0x98, 0x3D, 0x10, 0x30, 0xAC, 0xED, 0xBE, 0xDA, 0x57, 0x15, 0x1B, 0x6D, 0xEA,
    0x3B, 0x08, 0xF8, 0x50, 0x55, 0xD3, 0x84, 0xE8, 0x5B, 0xD5, 0xF1, 0x71, 0xE5, 0x55, 0x6D, 0x97,
    0x8F, 0xDA, 0x05, 0x5B, 0x8E, 0x9F, 0x61, 0xD5, 0x55, 0xD3, 0xE2, 0x7E, 0xBA, 0x69, 0xB4, 0xD3,
    0x29, 0x7C, 0x4C, 0x41, 0x55, 0x37, 0xFD, 0x43, 0xBD, 0x3A, 0x33, 0xDD, 0xE3, 0x7C, 0x56, 0xF5,
    0xBB, 0x08, 0xF8, 0xF9, 0x1E, 0xCE, 0xAD, 0xAB, 0x20, 0xA9, 0x4B, 0xC9, 0x66, 0xD2, 0x6B, 0x25,
    0x3F, 0x41, 0x54, 0x49, 0xD8, 0x02, 0x94, 0x70, 0xF6, 0x5D, 0xBC, 0x9B, 0xF8, 0x64, 0x28, 0x7B,
    0x93, 0x78, 0xB8, 0x3F, 0xF1, 0xC5, 0x58, 0xCF, 0xA6, 0x08, 0xA0, 0x61, 0x36, 0x93, 0xA1, 0x1F,
    0xCB, 0x5B, 0xE8, 0x3F, 0xC9, 0xBF, 0x2D, 0xB8, 0xEF, 0x0B, 0xB8, 0xB7, 0x05, 0xF7, 0xFD, 0xA8,
    0xAD, 0xAA, 0x8B, 0xEA, 0x81, 0x81, 0xA1, 0xDF, 0xDF, 0x4D, 0x3B, 0x70, 0xB6, 0x86, 0x48, 0x62,
    0x88, 0x42, 0x03, 0xA7, 0x1E, 0xC3, 0x01, 0x9C, 0x55, 0x55, 0x90, 0x24, 0x78, 0x09, 0x42, 0x44,
    0x64, 0x5F, 0xD4, 0xF8, 0xB8, 0x94, 0xE9, 0x7C, 0x7F, 0x4F, 0x12, 0x71, 0xA6, 0x2F, 0xF1, 0x7C,
    0xDA, 0xFF, 0x5C, 0xAB, 0x5E, 0xF3, 0xC7, 0xDC, 0xD9, 0xDF, 0x3A, 0x73, 0x47, 0xD4, 0x6B, 0x7B,
    0xDE, 0x38, 0xB2, 0x70, 0xF2, 0x54, 0x7B, 0xCD, 0x46, 0xD4, 0xAD, 0xFE, 0xBA, 0xD7, 0xF7, 0xC1,
    0xCD, 0x42, 0xF1, 0x28, 0x36, 0xB3, 0xCA, 0x73, 0xD9, 0x6D, 0xC7, 0x56, 0xC6, 0x56, 0xBC, 0x5E,
    0x13, 0x5F, 0xD2, 0x5E, 0xDF, 0x07, 0x4A, 0xC5, 0x71, 0x7E, 0xE8, 0x4B, 0xE8, 0xE8, 0x37, 0x26,
    0x3C, 0x27, 0xA2, 0x01, 0x05, 0x29, 0xF4, 0xE7, 0xE4, 0xF9, 0xF9, 0x28, 0x6F, 0x8F, 0x46, 0xCF,
    0x6F, 0xF5, 0x88, 0xB8, 0xA4, 0xA6, 0x0D, 0xB2, 0xF1, 0x0F, 0x51, 0xEF, 0x5A, 0xDD, 0x83, 0x2D,
    0x28, 0x68, 0x30, 0xA2, 0x17, 0x9E, 0xF5, 0xC8, 0x39, 0xF6, 0x19, 0xEB, 0x91, 0xB3, 0x8E, 0xC8,
    0x07, 0xE1, 0x1D, 0xB0, 0x8E, 0x54, 0xA2, 0x2B, 0xAF, 0x95, 0xEB, 0x56, 0x5E, 0x37, 0xEF, 0xFA,
    0xDB, 0x0C, 0x00, 0x12, 0xF2, 0xF2, 0x1C, 0x9B, 0xC1, 0x48, 0x47, 0x40, 0x1C, 0x03, 0xEE, 0xC0,
    0x90, 0x66, 0x31, 0x9C, 0x44, 0x6F, 0xF6, 0x4F, 0xA6, 0x95, 0x43, 0x9C, 0x1D, 0xEA, 0xD8, 0xEB,
    0x1F, 0x08, 0xFF, 0x11, 0xBE, 0x29, 0x89, 0x9F, 0x24, 0x48, 0xF1, 0x52, 0x2F, 0xA0, 0xBA, 0x0D,
    0x9A, 0xAE, 0xAD, 0x58, 0xF5, 0xE1, 0x8A, 0x9E, 0xEB, 0x88, 0xD8, 0xAC, 0x1F, 0x42, 0x8A, 0xF0,
    0x0C, 0xC2, 0xAF, 0xDE, 0x20, 0xD9, 0xAF, 0xE8, 0xDD, 0x31, 0xD4, 0xE9, 0xAD, 0x31, 0xD4, 0xC8,
    0xC5, 0xE9, 0xD2, 0x9B, 0xB2, 0xDD, 0x91, 0x8A, 0xAC, 0xDE, 0x8E, 0x8A, 0x50, 0xF8, 0x55, 0xD1,
    0x1B, 0x51, 0x12, 0x04, 0xC5, 0xA6, 0xF4, 0xAA, 0xF0, 0x06, 0x3E, 0x40, 0x93, 0x5F, 0x88, 0xE2,
    0x08, 0xC5, 0xA2, 0x69, 0x17, 0x45, 0x16, 0x96, 0x2F, 0x6B, 0xC2, 0x73, 0xBF, 0x66, 0x3B, 0x13,
    0xA5, 0xD9, 0x29, 0x76, 0x55, 0xDA, 0x4D, 0x41, 0x54, 0xE6, 0x35, 0xBD, 0xC9, 0xC3, 0x57, 0xA7,
    0xF4, 0xE6, 0xBC, 0xE6, 0xB3, 0x22, 0x89, 0x29, 0x90, 0x34, 0x7B, 0x46, 0x15, 0x1D, 0x91, 0x1C,
    0x56, 0x64, 0x35, 0x81, 0x82, 0x59, 0xF2, 0x76, 0xF7, 0xE8, 0xC3, 0x24, 0x69, 0xE9, 0xA9, 0x4C,
    0xAC, 0x88, 0xC8, 0xEA, 0x76, 0xEA, 0x73, 0x1A, 0x58, 0xA1, 0x05, 0x52, 0xDB, 0x7F, 0x4A, 0xB3,
    0xEE, 0xF6, 0x52, 0x1A, 0x21, 0xF9, 0x84, 0x2A, 0x15, 0xAD, 0x9B, 0xE6, 0xA8, 0xE0, 0x2E, 0x2B,
    0x92, 0x2B, 0x51, 0x76, 0x29, 0x52, 0xA5, 0x8D, 0xCA, 0xA2, 0xFB, 0x15, 0x51, 0xA4, 0x4A, 0x0B,
    0xAF, 0x25, 0x2A, 0x8A, 0x42, 0x8E, 0x4A, 0x42, 0x0B, 0x44, 0xC9, 0xA9, 0x57, 0x25, 0x5B, 0x10,
    0x99, 0xA4, 0xF2, 0x48, 0x99, 0x56, 0x25, 0xF9, 0xF4, 0xD5, 0x89, 0xCB, 0x67, 0x6D, 0xA8, 0x48,
    0x9A, 0x80, 0x94, 0x7C, 0x09, 0x3B, 0x56, 0x6A, 0xE2, 0x66, 0x21, 0x50, 0x8B, 0xA0, 0x49, 0xD3,
    0xF6, 0x97, 0xD2, 0x69, 0x9F, 0x5F, 0x7E, 0x4E, 0x23, 0x31, 0x1D, 0xF1, 0x56, 0xB8, 0x61, 0x3E,
    0x54, 0xCC, 0xFB, 0x94, 0x28, 0x7C, 0xD1, 0xE1, 0xF6, 0x05, 0xEA, 0x4E, 0xDF, 0xEE, 0xC2, 0xED,
    0xD5, 0xDF, 0x56, 0xD8, 0x3F, 0xE8, 0xF5, 0x10, 0x25, 0x53, 0x3E, 0xEB, 0x43, 0x7F, 0xBF, 0x53,
    0x2C, 0x95, 0x0F, 0xDB, 0x0B, 0x60, 0xE7, 0xF8, 0xC0, 0xBD, 0x3B, 0x70, 0x1F, 0x84, 0x8B, 0xE3,
    0xE4, 0xAA, 0x63, 0x21, 0x41, 0xFB, 0x89, 0x8A, 0x05, 0xBF, 0x47, 0x4C, 0x16, 0xAD, 0x6D, 0x89,
    0x3A, 0x18, 0x16, 0xBD, 0x8A, 0x41, 0xC5, 0xF8, 0x6A, 0x31, 0x1C, 0xCD, 0x5B, 0xBD, 0x58, 0x11,
    0x01, 0x22, 0x26, 0x11, 0x17, 0x60, 0xF1, 0x04, 0xDF, 0x8A, 0x90, 0xF4, 0x38, 0x11, 0x6F, 0x92,
    0x6D, 0xFF, 0x15, 0x5A, 0xFB, 0x9B, 0xC0, 0xC1, 0x6E, 0x8A, 0xFA, 0x84, 0x44, 0xE4, 0x44, 0xCF,
    0xDB, 0x67, 0xB6, 0x8C, 0x2A, 0x7F, 0x3B, 0xB1, 0xE8, 0x60, 0xBE, 0xB1, 0x58, 0x27, 0x54, 0x2A,
    0x0A, 0xAE, 0x92, 0x01, 0x99, 0xBA, 0x86, 0x53, 0x91, 0x5C, 0x44, 0xB2, 0x46, 0x37, 0xD2, 0x22,
    0x66, 0xDC, 0xA6, 0xAF, 0x35, 0x75, 0x3C, 0x6E, 0x55, 0x74, 0x47, 0xA2, 0x3F, 0x2D, 0x4E, 0x58,
    0x36, 0x70, 0x8D, 0x23, 0x52, 0xD7, 0x5E, 0xC5, 0x20, 0xFF, 0x6A, 0x7C, 0x6F, 0xDB, 0x35, 0xA1,
    0x55, 0xDE, 0x00, 0x6F, 0xC0, 0xD9, 0xEF, 0x41, 0x77, 0x5E, 0xBA, 0x15, 0x8B, 0x7B, 0x33, 0x79,
    0x08, 0x10, 0x23, 0xBA, 0x4F, 0x81, 0x1F, 0x49, 0xF4, 0x94, 0x19, 0x45, 0x61, 0xE8, 0xEF, 0x5B,
    0x82, 0x59, 0x4C, 0x45, 0xA8, 0x46, 0x93, 0x2D, 0x28, 0x1B, 0x83, 0x8F, 0x70, 0x23, 0xFA, 0xF9,
    0x8E, 0xFA, 0xDC, 0xA2, 0x5C, 0xF0, 0xF7, 0xC0, 0x53, 0x38, 0x8F, 0x36, 0x80, 0x02, 0x73, 0x27,
    0x9F, 0x6D, 0x89, 0xC5, 0x4B, 0x49, 0x8E, 0x22, 0x16, 0xB8, 0x38, 0x85, 0xD0, 0x46, 0x1E, 0x3D,
    0x0C, 0x70, 0x0D, 0x4C, 0xB3, 0x9E, 0x0B, 0xA4, 0x01, 0xDC, 0xCF, 0xC5, 0xD1, 0xF1, 0x07, 0xE0,
    0xF6, 0x05, 0x88, 0x5A, 0xD7, 0x0E, 0x7A, 0x06, 0x0E, 0x9C, 0x91, 0x05, 0xB3, 0x72, 0x96, 0xD2,
    0xE8, 0x8D, 0xFE, 0xC8, 0x46, 0xD7, 0xE8, 0x13, 0x44, 0xDF, 0x7F, 0xE9, 0x23, 0x7C, 0x4B, 0x74,
    0x21, 0x3C, 0xB9, 0xB7, 0xE2, 0xF1, 0xA6, 0xD7, 0xAF, 0x4A, 0xFD, 0xAE, 0x74, 0x43, 0x1E, 0xF4,
    0x6D, 0x99, 0xF0, 0xDD, 0xA8, 0xE5, 0x4B, 0xF6, 0xEB, 0x2F, 0x68, 0x5A, 0x3F, 0xC6, 0xAC, 0x2E,
    0x58, 0x3F, 0x0C, 0x6E, 0xDF, 0xC3, 0xB7, 0x70, 0xB3, 0xBF, 0x85, 0x88, 0xF9, 0x8C, 0x73, 0xD4,
    0x84, 0x16, 0x86, 0x6C, 0x60, 0xB6, 0xF0, 0x1B, 0xCD, 0x47, 0x96, 0xCD, 0x28, 0x97, 0x6C, 0x02,
    0xEE, 0x16, 0xE3, 0xEE, 0x91, 0x5A, 0xF6, 0xBB, 0x07, 0xAA, 0x69, 0x76, 0xCF, 0x69, 0xB7, 0x3D,
    0x46, 0x17, 0x7D, 0x88, 0x1E, 0xBC, 0x7F, 0x90, 0xCB, 0x54, 0x61, 0xFA, 0x2F, 0x00, 0x32, 0xFF,
    0x68, 0x6A, 0x9B, 0x04, 0x39, 0xEE, 0xED, 0x12, 0x5F, 0x52, 0x9F, 0x46, 0x36, 0x64, 0x73, 0xD4,
    0xF2, 0xB1, 0xE0, 0x93, 0x70, 0xDD, 0xD8, 0x9C, 0xC9, 0xF9, 0x7C, 0xF2, 0x28, 0xA1, 0x19, 0xA9,
    0xCF, 0x89, 0xF8, 0xBB, 0xFC, 0x39, 0xF5, 0xD9, 0x5C, 0xF5, 0x66, 0xCE, 0xA7, 0xBA, 0x2B, 0xE8,
    0xFD, 0xD1, 0x34, 0x29, 0xD1, 0x10, 0x5D, 0x3B, 0xEA, 0x22, 0xD7, 0xED, 0xC7, 0x17, 0xF4, 0x7C,
    0xB7, 0xF9, 0x27, 0x1E, 0x28, 0x68, 0x2D, 0x6B, 0x43, 0x3F, 0xC3, 0x9B, 0xE4, 0x91, 0x48, 0xD1,
    0xDF, 0x24, 0xBB, 0x7E, 0xF4, 0xD5, 0xBD, 0x60, 0x65, 0xF0, 0x06, 0x4A, 0xFE, 0x4C, 0x84, 0xE2,
    0xF8, 0x44, 0x8D, 0x00, 0xFC, 0x41, 0xD5, 0x7F, 0x08, 0xF8, 0xAA, 0xF3, 0xC8, 0x42, 0xF9, 0x0B,
    0x42, 0x4A, 0x7F, 0xF6, 0x8F, 0x01, 0x70, 0xBF, 0xFC, 0x97, 0x09, 0x28, 0x89, 0x3A, 0xDC, 0xCA,
    0x28, 0xE0, 0x96, 0x79, 0x4E, 0xA1, 0xD5, 0x17, 0xDF, 0xCA, 0xFF, 0xE8, 0x82, 0x96, 0xBF, 0xF8,
    0x14, 0xB9, 0x14, 0x5E, 0xFD, 0xEF, 0xED, 0x00, 0xD0, 0xDF, 0xFE, 0x32, 0xFA, 0x21, 0xF1, 0xE3,
    0xAB, 0xAF, 0x16, 0xE0, 0xCB, 0xAA, 0xFB, 0x12, 0xB8, 0x55, 0xF7, 0xB7, 0x34, 0xE2, 0x01, 0x39,
    0xDD, 0x9C, 0x8E, 0xDB, 0x8E, 0x36, 0x3B, 0xE0, 0xA9, 0x6E, 0x60, 0xD9, 0x29, 0x70, 0x03, 0x4A,
    0x85, 0xF4, 0x8C, 0xDF, 0xF6, 0xC3, 0xA0, 0x03, 0xDE, 0x2E, 0xFB, 0xBF, 0xDE, 0xB8, 0x0B, 0xBC,
    0x6E, 0xAC, 0xED, 0xDC, 0xF8, 0xF2, 0xB3, 0xDD, 0xC9, 0x71, 0x42, 0x7E, 0x77, 0x76, 0x1C, 0x8D,
    0x77, 0xA7, 0xC7, 0x29, 0x8D, 0xBB, 0xF3, 0xE3, 0x8C, 0xFA, 0xDD, 0x09, 0x72, 0x46, 0xCD, 0xEE,
    0x0C, 0x39, 0xA7, 0xED, 0x14, 0x39, 0x0F, 0xDB, 0x71, 0x6B, 0xE1, 0xB7, 0x93, 0xE4, 0x72, 0xDE,
    0xCE, 0x92, 0xCB, 0x11, 0xC7, 0xF4, 0x63, 0x2B, 0x22, 0xA5, 0x41, 0x64, 0x46, 0xE3, 0x4B, 0x65,
    0x42, 0x6B, 0x72, 0xFF, 0xDF, 0xD1, 0xE3, 0x70, 0x60, 0x17, 0xCF, 0xE0, 0xBC, 0x1E, 0x52, 0xB5,
    0x41, 0xF7, 0x61, 0xA4, 0xB2, 0x6B, 0x57, 0xE9, 0x16, 0x3D, 0xE1, 0xAD, 0x67, 0xC8, 0x7E, 0x28,
    0x91, 0xE0, 0x47, 0x49, 0x6C, 0x9B, 0x17, 0xE0, 0x99, 0x5E, 0x8E, 0xE7, 0x6C, 0xBB, 0x73, 0xE9,
    0x0C, 0xA3, 0x38, 0xB0, 0xC3, 0xB1, 0x8B, 0xBF, 0x97, 0x8A, 0x63, 0xB5, 0xD3, 0x43, 0xB3, 0xE3,
    0x9D, 0x9F, 0xB3, 0xAF, 0x87, 0xE3, 0xF6, 0xAF, 0xE5, 0xE5, 0xE6, 0x9A, 0x97, 0xEA, 0x85, 0x79,
    0x69, 0xD6, 0xBC, 0xD8, 0x5F, 0xCF, 0x4B, 0x35, 0xB9, 0xA5, 0x0D, 0x14, 0xDA, 0xE0, 0x96, 0x6A,
    0xC2, 0xAB, 0x49, 0xA2, 0x3A, 0xBF, 0x9B, 0x53, 0xCF, 0x89, 0xBD, 0x9A, 0x5D, 0x45, 0xFD, 0xEA,
    0x55, 0xA9, 0xFD, 0x6F, 0x4E, 0x82, 0x33, 0x5F, 0xE0, 0x96, 0xA3, 0x55, 0x77, 0x2F, 0xA8, 0x06,
    0x5B, 0x8B, 0x7D, 0xC0, 0x6B, 0xD0, 0xFF, 0xA8, 0x5A, 0x6E, 0xDA, 0xE4, 0x61, 0xAC, 0xE3, 0x7A,
    0x4C, 0x67, 0x50, 0x63, 0xE6, 0x74, 0x4E, 0x23, 0x28, 0x11, 0xFD, 0xDA, 0x33, 0x53, 0x3A, 0x27,
    0xD4, 0x15, 0x7D, 0x34, 0x79, 0xA0, 0xB5, 0x85, 0xD3, 0xC2, 0x11, 0x53, 0x7F, 0x2C, 0x6E, 0x5F,
    0xFC, 0xF9, 0x12, 0xF7, 0x60, 0x27, 0x27, 0x24, 0x36, 0x8A, 0xB3, 0x6F, 0x12, 0xBD, 0x1C, 0xA2,
    0x49, 0xFB, 0xB2, 0x62, 0x38, 0xFA, 0x4B, 0x3D, 0xBD, 0xAC, 0x18, 0xC4, 0xD6, 0xB7, 0x0B, 0xF7,
    0x8D, 0xE7, 0xC2, 0x4F, 0x50, 0xCF, 0x3C, 0xFB, 0x60, 0xC4, 0xEA, 0xC8, 0x7E, 0xCE, 0x8D, 0x2B,
    0x23, 0xE7, 0x2F, 0xF8, 0xBF, 0x0F, 0xE7, 0x4F, 0x1E, 0x5D, 0xFF, 0x7F, 0xC4, 0xF8, 0xFE, 0x4F,
    0xF0, 0xCE, 0xE1, 0xF5, 0xE0, 0xF2, 0xF1, 0xB5, 0x06, 0x35, 0xE4, 0x2B, 0x7E, 0x1C, 0x0F, 0x19,
    0x75, 0x29, 0x35, 0x20, 0xE0, 0x89, 0x1A, 0x5C, 0xCF, 0xA5, 0xF4, 0x3D, 0xD1, 0x09, 0x09, 0xD9,
    0x18, 0x37, 0xA7, 0xBE, 0xA4, 0x31, 0xC2, 0x30, 0xE4, 0xAF, 0x31, 0xE8, 0xC7, 0x1C, 0x2E, 0xFF,
    0x45, 0x5F, 0x63, 0x7E, 0x0F, 0x1F, 0x95, 0x3F, 0x1D, 0xB3, 0x7F, 0xEB, 0x40, 0xD7, 0xB8, 0xD2,
    0xF3, 0x47, 0x70, 0x1E, 0xFF, 0xC7, 0x85, 0xF4, 0xDF, 0xED, 0x55, 0x3D, 0x8C, 0xDC, 0x44, 0x18,
    0x7D, 0x5E, 0x27, 0x67, 0xE9, 0x2C, 0x31, 0x29, 0x38, 0x8A, 0x20, 0xE4, 0x5E, 0x88, 0xB8, 0x46,
    0x0A, 0x8C, 0x25, 0x7A, 0xB1, 0x45, 0xB6, 0x81, 0x22, 0xFD, 0xA5, 0xD8, 0x5E, 0x4A, 0x34, 0xEE,
    0xAB, 0x2B, 0x10, 0x75, 0x8A, 0x2D, 0x92, 0xAD, 0x28, 0x11, 0x02, 0x3C, 0xA2, 0x2F, 0x4C, 0x71,
    0xA9, 0x5D, 0xA1, 0x84, 0x14, 0x19, 0x21, 0x03, 0x26, 0xB2, 0xFD, 0x78, 0x73, 0xBB, 0x42, 0xC7,
    0x45, 0x39, 0x25, 0x08, 0xA5, 0xCA, 0xCA, 0xEF, 0xF9, 0xC6, 0xDF, 0xFB, 0x7E, 0xC6, 0x9F, 0xE7,
    0x3B, 0x5C, 0x7F, 0x0C, 0x2C, 0x48, 0x8F, 0x7C, 0x6E, 0x02, 0x8A, 0xDE, 0x0C, 0xB0, 0x21, 0x1F,
    0xE1, 0x42, 0x36, 0xA3, 0xE9, 0x32, 0x8A, 0x52, 0x82, 0xED, 0x8B, 0xD4, 0x88, 0x76, 0x56, 0xD7,
    0x49, 0x6C, 0x43, 0x36, 0xED, 0x7C, 0x8B, 0x41, 0x51, 0x72, 0xB2, 0x43, 0x42, 0xD6, 0xC0, 0x7B,
    0x5F, 0x01, 0x58, 0x22, 0x9D, 0x20, 0x99, 0x18, 0x1B, 0xEC, 0x7E, 0x6E, 0xC2, 0x5A, 0x4F, 0x2E,
    0xBD, 0x32, 0x62, 0xCD, 0xCE, 0x31, 0x00, 0x87, 0xF7, 0x01, 0x65, 0x10, 0x35, 0xA2, 0x84, 0xA2,
    0x34, 0x92, 0x79, 0x26, 0x2A, 0x4B, 0xD1, 0xBD, 0x48, 0x83, 0x68, 0x11, 0x44, 0x99, 0x17, 0x99,
    0x4A, 0x64, 0xB7, 0xCD, 0xF3, 0x13, 0x47, 0xB2, 0xB3, 0xA2, 0x16, 0x88, 0xBA, 0x1D, 0x59, 0x51,
    0x1E, 0xCB, 0x14, 0x79, 0x24, 0xAB, 0x55, 0xC4, 0x52, 0x8B, 0x60, 0xB8, 0xC7, 0x76, 0x1B, 0x4C,
    0x85, 0x60, 0x80, 0x65, 0x01, 0xA0, 0xB8, 0xF3, 0x04, 0xA5, 0xA2, 0x94, 0xBF, 0xB2, 0xBF, 0x02,
    0x3B, 0x02, 0x66, 0x8A, 0x38, 0x10, 0xAC, 0xD0, 0x54, 0xC5, 0xE8, 0xBC, 0x1D, 0xAC, 0xD2, 0xC9,
    0xBF, 0xC2, 0xF1, 0x09, 0x70, 0xF0, 0x5D, 0x05, 0xCB, 0x80, 0x39, 0x1F, 0xD2, 0x21, 0x1D, 0xF3,
    0x90, 0xF6, 0xA6, 0x4B, 0xAA, 0x22, 0xD6, 0x22, 0xD8, 0x47, 0xCF, 0x11, 0xF5, 0xB6, 0x37, 0xBD,
    0xF5, 0xD9, 0x68, 0x7D, 0x3A, 0xD9, 0x76, 0x87, 0xB2, 0x4B, 0x27, 0x13, 0xE4, 0x33, 0xC8, 0x77,
    0x5E, 0x07, 0x34, 0xAC, 0x71, 0xB0, 0xC1, 0xD1, 0x6A, 0x75, 0xCB, 0x91, 0xD3, 0x3F, 0xD8, 0x6E,
    0xC7, 0xBB, 0x48, 0x86, 0xBB, 0x48, 0xC3, 0xBB, 0xC8, 0x3B, 0xC0, 0x78, 0x45, 0x17, 0x6C, 0x05,
    0x34, 0x40, 0x32, 0x01, 0xE9, 0x08, 0x64, 0x83, 0x4C, 0x41, 0x26, 0x49, 0xAC, 0x97, 0x49, 0xA0,
    0x24, 0x2B, 0x00, 0xD7, 0x9F, 0x00, 0x0B, 0xB2, 0xD3, 0x3E, 0xD6, 0x23, 0xCA, 0x5D, 0x4F, 0xD3,
    0x79, 0x4F, 0x43, 0xA6, 0x67, 0xB3, 0xBA, 0x6B, 0xC8, 0x36, 0xEA, 0x20, 0x6F, 0x89, 0x33, 0x32,
    0x8A, 0x2D, 0xE1, 0xDA, 0x9C, 0xA0, 0x4F, 0x59, 0xD1, 0x2F, 0x58, 0x35, 0xFA, 0x4B, 0xBE, 0xEA,
    0x7B, 0x31, 0x37, 0x63, 0xD4, 0xB5, 0xCA, 0xB1, 0x41, 0x24, 0x24, 0x64, 0x95, 0x4F, 0xAE, 0x2D,
    0x82, 0x09, 0x65, 0x97, 0x0D, 0xDA, 0xEC, 0xB8, 0xC7, 0x64, 0xB5, 0xE9, 0x98, 0x5D, 0x65, 0x4C,
    0x29, 0xFF, 0x9C, 0x70, 0xFC, 0xD9, 0xBE, 0xFA, 0x88, 0xAC, 0x7F, 0x47, 0x3B, 0x28, 0x50, 0xB6,
    0xC5, 0xCF, 0x4D, 0x95, 0x51, 0xA6, 0xE3, 0x0A, 0x58, 0x9C, 0x40, 0xB6, 0xEE, 0x12, 0x6A, 0x48,
    0x9E, 0xA3, 0xCB, 0xC5, 0x48, 0x2A, 0x11, 0xF0, 0x82, 0xDB, 0xF1, 0x76, 0xBB, 0x3D, 0xB7, 0x5C,
    0xE9, 0x87, 0x0B, 0xBF, 0x0B, 0x92, 0xA3, 0x9D, 0xE4, 0x8A, 0xDA, 0x03, 0xD3, 0xC3, 0xF9, 0x84,
    0x48, 0x27, 0xE4, 0x23, 0xCC, 0x80, 0xA2, 0x47, 0xFC, 0x46, 0x5F, 0x72, 0xC9, 0x24, 0x81, 0x64,
    0x12, 0xAB, 0x07, 0x09, 0x2B, 0xB8, 0x0E, 0xF9, 0x00, 0x7C, 0x0B, 0xE0, 0x1A, 0xF0, 0x29, 0x60,
    0xBB, 0x68, 0x5D, 0x10, 0xA0, 0x57, 0x0B, 0xF6, 0x6E, 0x3B, 0xCF, 0x78, 0x0D, 0xE7, 0xAE, 0xFE,
    0x5C, 0xBE, 0x36, 0xF6, 0x9E, 0x95, 0xC2, 0xAA, 0x28, 0xEB, 0xF1, 0x31, 0x00, 0xEC, 0x36, 0x6E,
    0x47, 0xAB, 0x96, 0x4E, 0x24, 0x52, 0xFE, 0xC4, 0x3A, 0x25, 0xE8, 0xA5, 0x6B, 0x5E, 0x99, 0xD6,
    0x6C, 0x9B, 0xC1, 0xB1, 0x73, 0xE3, 0x9B, 0x1B, 0x32, 0x07, 0x27, 0x90, 0x55, 0x4F, 0x94, 0x45,
    0xE0, 0x3A, 0xC4, 0x91, 0x80, 0x6B, 0x02, 0x5E, 0x15, 0xF2, 0xB7, 0x0A, 0x2B, 0x04, 0x75, 0xAD,
    0xC2, 0xFA, 0x71, 0x4C, 0xE3, 0x8B, 0xBF, 0x5C, 0xB0, 0x5D, 0xD9, 0xDB, 0xB6, 0x18, 0x0A, 0x61,
    0xE1, 0x8B, 0x7E, 0xEF, 0xD0, 0x01, 0xCE, 0x03, 0x04, 0xD2, 0x01, 0x30, 0x5A, 0xDA, 0x0A, 0xC9,
    0x88, 0x0F, 0xF2, 0x0E, 0x1F, 0x95, 0xA7, 0xAB, 0x7B, 0xE7, 0x4F, 0x69, 0x3C, 0xB5, 0xB8, 0xB3,
    0x41, 0xA6, 0xAA, 0xFF, 0x15, 0xD3, 0xAB, 0x39, 0x55, 0x8C, 0x69, 0xC3, 0xAE, 0x8D, 0x13, 0xE0,
    0x58, 0x89, 0xB4, 0x36, 0x23, 0x90, 0x4F, 0x57, 0x90, 0x4D, 0x37, 0x85, 0x1F, 0xB4, 0x76, 0x95,
    0xFC, 0xC8, 0xD6, 0x70, 0x06, 0x8E, 0x97, 0x78, 0x23, 0xE3, 0xF1, 0xED, 0x78, 0x7C, 0x3B, 0x1E,
    0xDF, 0x8E, 0xC7, 0xE3, 0x0D, 0xE2, 0x91, 0x28, 0x82, 0x7A, 0xD3, 0xA9, 0x0B, 0xAD, 0xE4, 0x10,
    0x92, 0x75, 0xC8, 0xC8, 0x50, 0xF6, 0xA5, 0x2C, 0x65, 0x68, 0xFC, 0x0E, 0xCE, 0xDB, 0x60, 0x7F,
    0x7F, 0xD6, 0x17, 0xFC, 0x9C, 0xC9, 0x83, 0xAB, 0xAB, 0xD8, 0xDB, 0x05, 0x59, 0x99, 0xC1, 0x4A,
    0x65, 0x82, 0x6D, 0x4D, 0xEF, 0xBC, 0x19, 0xDC, 0xE9, 0xED, 0xB1, 0x21, 0xC7, 0xE6, 0x54, 0x1F,
    0xAE, 0x87, 0x0A, 0x8D, 0x95, 0x6B, 0x78, 0xF5, 0xF8, 0x26, 0x9F, 0xBF, 0x0C, 0xF2, 0xF1, 0xD1,
    0x77, 0xEF, 0x2F, 0x8F, 0x42, 0xDF, 0x45, 0x7E, 0xF6, 0x3D, 0x38, 0xCD, 0x5C, 0x81, 0xCD, 0x1E,
    0x6E, 0x87, 0x39, 0xDA, 0x4A, 0x8D, 0xCB, 0x5C, 0x5A, 0xF9, 0xD4, 0xF2, 0xD5, 0xCB, 0x5E, 0xAE,
    0x96, 0x96, 0xBF, 0x51, 0xD5, 0xD6, 0xAE, 0x4E, 0x58, 0x7F, 0x12, 0x93, 0xC5, 0x69, 0xF6, 0x47,
    0x07, 0xE4, 0x52, 0x21, 0x25, 0x22, 0x79, 0x2D, 0x9B, 0x0E, 0xB8, 0x51, 0x0C, 0xC0, 0xF7, 0xD9,
    0x84, 0x85, 0xA2, 0x54, 0x79, 0xBF, 0x60, 0xDB, 0xB0, 0xE0, 0xB8, 0x5A, 0x5D, 0xD5, 0x34, 0xDB,
    0x9E, 0xC8, 0x69, 0x86, 0xFD, 0x9A, 0xFE, 0xA6, 0x2A, 0xBE, 0x86, 0x22, 0x00, 0xA6, 0x17, 0x86,
    0xA3, 0xD5, 0xED, 0xA1, 0x21, 0x87, 0xE6, 0x54, 0x77, 0x1F, 0xF7, 0x59, 0x04, 0xED, 0xBA, 0x2B,
    0x7A, 0x55, 0x29, 0x9F, 0x78, 0xF8, 0x8F, 0x1F, 0x02, 0x70, 0xB3, 0x28, 0x8F, 0x94, 0x5E, 0xA0,
    0xE9, 0x70, 0x23, 0x6A, 0x66, 0xA4, 0x7C, 0xAA, 0x5E, 0xB0, 0xA2, 0x3C, 0x5F, 0xE3, 0xFF, 0x50,
    0x2E, 0x71, 0xEB, 0x18, 0x9A, 0x51, 0x1B, 0x3F, 0xBA, 0x75, 0x69, 0x36, 0x51, 0xB2, 0x5A, 0xA6,
    0x73, 0xCE, 0xA0, 0xBF, 0x58, 0x89, 0x06, 0x3D, 0xCB, 0x3A, 0x51, 0x51, 0xAB, 0x0C, 0x1B, 0x25,
    0xF4, 0x48, 0xC9, 0x4E, 0x54, 0xF6, 0x5A, 0x9A, 0x31, 0x4A, 0x28, 0x5A, 0xB0, 0xCE, 0x59, 0xB1,
    0x6B, 0x18, 0xCA, 0x98, 0x2D, 0x51, 0x36, 0xE5, 0x8A, 0x99, 0xD2, 0xD7, 0xBC, 0x14, 0x47, 0x51,
    0xCE, 0x2A, 0x3E, 0xDC, 0x24, 0xAA, 0xD9, 0x8D, 0xF1, 0x8D, 0x7B, 0xC5, 0x7A, 0xCA, 0x1F, 0x19,
    0x10, 0x5F, 0x44, 0x88, 0xF9, 0xE3, 0xF6, 0x8C, 0xEE, 0x71, 0xAF, 0x66, 0xF8, 0xCF, 0xF7, 0x9C,
    0x31, 0xCE, 0x88, 0xB3, 0x37, 0x65, 0x58, 0x9F, 0xA5, 0xD6, 0xC7, 0x1A, 0xF3, 0xC7, 0xE4, 0x71,
    0x17, 0xFF, 0xC7, 0xFB, 0x3F, 0x5A, 0x1E, 0x9E, 0xC0, 0x0D, 0xCD, 0xA4, 0x78, 0xBF, 0xC4, 0x78,
    0xFB, 0x21, 0xD8, 0x4A, 0x1C, 0xA7, 0x1A, 0x6C, 0xB8, 0x48, 0xD1, 0x10, 0xA9, 0xDD, 0xE5, 0xE5,
    0x23, 0xD6, 0xE9, 0xC4, 0x59, 0xED, 0xB8, 0x7E, 0x5F, 0x04, 0x9C, 0xA3, 0x6C, 0x16, 0x29, 0x5B,
    0x1C, 0x31, 0xF7, 0x01, 0x7C, 0xB1, 0x41, 0x46, 0xC2, 0xB4, 0xAE, 0x2E, 0x7D, 0x51, 0x5B, 0x7F,
    0x08, 0xBD, 0x34, 0x14, 0x6C, 0x91, 0x73, 0x42, 0x42, 0xD6, 0x78, 0x9F, 0xFE, 0x2A, 0x5C, 0x7B,
    0x03, 0x45, 0x6B, 0x51, 0x78, 0x2B, 0xAD, 0x51, 0xF8, 0x44, 0xDF, 0x35, 0x74, 0x34, 0xEE, 0x01,
    0x93, 0xE2, 0xDE, 0x72, 0x1C, 0x3F, 0x9C, 0x1F, 0x28, 0xCB, 0x4B, 0x2F, 0x95, 0xC4, 0x87, 0xE0,
    0xAC, 0x53, 0xF6, 0x37, 0xBD, 0x99, 0x3D, 0x8C, 0xDD, 0x56, 0x76, 0xC7, 0x0F, 0xC9, 0xD5, 0x10,
    0x6B, 0x22, 0xB8, 0x69, 0xE4, 0x04, 0x16, 0x10, 0xBA, 0x48, 0x13, 0x01, 0x0B, 0xB6, 0xDB, 0x58,
    0x97, 0xDE, 0x14, 0x5B, 0xA4, 0xD8, 0x29, 0x34, 0x36, 0x10, 0x15, 0x6E, 0x52, 0x24, 0xDA, 0xE2,
    0x35, 0x29, 0x12, 0xC0, 0x11, 0xB9, 0x4A, 0xB1, 0x40, 0xAA, 0x41, 0xE0, 0xAD, 0xAD, 0x42, 0x09,
    0xEC, 0xE7, 0x62, 0xDA, 0x14, 0xB6, 0x2F, 0xB5, 0x2E, 0x52, 0xA4, 0x58, 0x26, 0xB1, 0xE0, 0x32,
    0x8C, 0x21, 0x05, 0x81, 0xB6, 0xF0, 0x4D, 0x40, 0x6D, 0x38, 0x12, 0x79, 0xFF, 0xB9, 0xE7, 0xDC,
    0xFB, 0x38, 0x6F, 0x46, 0x23, 0x08, 0xBB, 0xD8, 0xDD, 0x83, 0x99, 0xF3, 0xFB, 0x9F, 0xF7, 0x2E,
    0xEF, 0x17, 0xEF, 0x17, 0xF9, 0x68, 0xB5, 0xC4, 0xE0, 0x91, 0x88, 0x12, 0x70, 0x22, 0x8C, 0xDB,
    0xA0, 0xF5, 0xCC, 0xD0, 0x67, 0xE8, 0xBC, 0x28, 0x50, 0x27, 0x22, 0x14, 0x88, 0xE0, 0x49, 0x95,
    0x23, 0xBA, 0xCF, 0x42, 0x2F, 0xEC, 0x59, 0xCC, 0x51, 0x34, 0x7B, 0x62, 0xEB, 0xED, 0x23, 0x16,
    0x00, 0xB0, 0xB0, 0xF8, 0xA1, 0x08, 0x3D, 0x73, 0xE6, 0x89, 0x17, 0x0B, 0x0B, 0x5A, 0x38, 0xC3,
    0x20, 0x14, 0x44, 0xFC, 0x39, 0x15, 0x68, 0x59, 0x70, 0x35, 0x06, 0x16, 0x52, 0xB1, 0x3F, 0xC6,
    0x10, 0xAB, 0x0A, 0xA0, 0x93, 0xCA, 0x8B, 0xF0, 0xEA, 0x5D, 0x3C, 0x3E, 0xAA, 0xC9, 0x9B, 0x24,
    0x7E, 0xB9, 0xB8, 0xB2, 0x13, 0x55, 0x1B, 0x85, 0x5E, 0x05, 0x5F, 0xFF, 0x7B, 0x78, 0xFC, 0x0E,
    0x58, 0x00, 0xC0, 0x79, 0x91, 0x77, 0x23, 0x79, 0x2B, 0x22, 0x1E, 0x58, 0x86, 0xBA, 0xCB, 0x38,
    0x30, 0x60, 0x18, 0xE9, 0xC3, 0x02, 0x00, 0x67, 0x87, 0xCF, 0x0B, 0x58, 0xC2, 0xFC, 0x56, 0x81,
    0x29, 0x83, 0x7D, 0x5F, 0x61, 0x2E, 0xD0, 0xBF, 0xAF, 0x9A, 0xA9, 0x44, 0xF7, 0x69, 0x59, 0x8D,
    0x15, 0xDA, 0xA9, 0xAA, 0x7A, 0x8D, 0x7A, 0xBC, 0xF1, 0x6D, 0x6A, 0x90, 0xD8, 0x1B, 0x9C, 0x47,
    0x6A, 0xDF, 0x62, 0x64, 0xC3, 0xFB, 0x44, 0xF0, 0xF8, 0x54, 0xD0, 0x4F, 0x0C, 0xA9, 0x83, 0x81,
    0x14, 0x6E, 0xA0, 0x7E, 0xE4, 0xD1, 0xE0, 0x07, 0xDF, 0xF3, 0xD0, 0xF8, 0x30, 0x1B, 0x18, 0xDF,
    0x64, 0x3D, 0x51, 0xC9, 0x49, 0xE9, 0x4D, 0x05, 0x57, 0x74, 0xF4, 0x57, 0x39, 0x16, 0xD5, 0xA6,
    0x53, 0x0A, 0xFC, 0xA0, 0x2D, 0x47, 0x32, 0xC0, 0x27, 0xB0, 0xA1, 0x1B, 0x3B, 0x4A, 0x21, 0xB5,
    0x4E, 0x9E, 0x83, 0xFB, 0x49, 0xEA, 0x40, 0x94, 0xDA, 0xF7, 0x19, 0x5C, 0x38, 0xA3, 0x9F, 0x19,
    0x69, 0x7B, 0x9F, 0xF6, 0xEC, 0x00, 0x32, 0x74, 0x8C, 0x74, 0x4F, 0x0E, 0x00, 0x03, 0x55, 0x68,
    0x73, 0xF8, 0x12, 0x7C, 0x7A, 0xCC, 0x89, 0x57, 0x5E, 0x66, 0x18, 0x88, 0x9A, 0xA9, 0x40, 0x47,
    0xA4, 0xAD, 0x12, 0xD4, 0x25, 0x5A, 0x19, 0x37, 0xA8, 0xF7, 0xD0, 0x80, 0x02, 0x7C, 0x5A, 0x0C,
    0xC6, 0xE3, 0xDF, 0x31, 0x1A, 0x24, 0xF8, 0x39, 0x26, 0x03, 0x6A, 0xDC, 0x7B, 0x82, 0x59, 0x8D,
    0x8C, 0xB1, 0x18, 0x1A, 0x0F, 0x4B, 0x24, 0x90, 0x5C, 0x02, 0x5A, 0x46, 0x85, 0x8E, 0x51, 0x06,
    0x28, 0x0C, 0x8C, 0x1C, 0xD6, 0xE3, 0xBB, 0x19, 0x66, 0x8F, 0x99, 0x00, 0x63, 0xF3, 0x89, 0x34,
    0xF0, 0xD4, 0x58, 0x52, 0xE1, 0xC6, 0xA5, 0xF1, 0x86, 0x97, 0xA1, 0x7D, 0x74, 0xF5, 0x26, 0xD1,
    0xED, 0xAD, 0xB7, 0x8F, 0x0D, 0x00, 0xB8, 0x8D, 0x78, 0x82, 0xA3, 0xDC, 0x51, 0xB3, 0x50, 0x22,
    0x9E, 0x82, 0xFF, 0x7C, 0xCF, 0xFF, 0x85, 0x78, 0x7A, 0x95, 0x07, 0x50, 0xEF, 0xFB, 0x97, 0xA5,
    0xBC, 0x0D, 0x6C, 0x8F, 0x25, 0xC9, 0x10, 0xFD, 0x65, 0x29, 0x1D, 0x7B, 0x03, 0xEF, 0x5E, 0x07,
    0x1E, 0xD7, 0x5E, 0x02, 0x6D, 0xF4, 0x3B, 0x33, 0x18, 0xC3, 0x30, 0xAD, 0x49, 0xE3, 0x04, 0x3D,
    0x19, 0x1E, 0xA0, 0x89, 0xFC, 0xA5, 0x3E, 0x84, 0xE5, 0x99, 0x6F, 0x82, 0xEF, 0xD8, 0xFF, 0x35,
    0xB1, 0x27, 0xE2, 0x6F, 0x89, 0x92, 0x30, 0x0F, 0x61, 0xC5, 0x8F, 0xDE, 0x6D, 0xE1, 0xB6, 0xF7,
    0x09, 0x00, 0xE6, 0xE8, 0xA9, 0x94, 0x9A, 0x28, 0xAC, 0x7E, 0xFF, 0xDB, 0xED, 0x09, 0xFC, 0xD2,
    0x40, 0x45, 0x48, 0x33, 0xB3, 0x2F, 0x25, 0x37, 0xDD, 0x11, 0x7D, 0x9B, 0xB8, 0xE7, 0xBF, 0x93,
    0x03, 0xF8, 0xC7, 0xA5, 0x02, 0x80, 0x45, 0x07, 0x7F, 0xBA, 0x01, 0xA6, 0x1B, 0x44, 0x1B, 0xF4,
    0x6F, 0x12, 0xD1, 0x11, 0x45, 0xDB, 0x1B, 0x97, 0xE9, 0x74, 0xA6, 0x33, 0x7B, 0xA6, 0xF3, 0x3D,
    0xAD, 0xFA, 0x3D, 0xDD, 0xB1, 0x7F, 0x63, 0x7B, 0xFF, 0x00, 0x63, 0xF5, 0x0D, 0x77, 0x92, 0xC6,
    0x5C, 0x01, 0x1A, 0xDC, 0xB0, 0x0A, 0xB3, 0x41, 0x6C, 0x10, 0xC1, 0x21, 0x98, 0x74, 0x61, 0x5F,
    0x02, 0x1E, 0x72, 0x07, 0xDB, 0x02, 0x33, 0x0F, 0x3F, 0xD6, 0x94, 0x61, 0xE2, 0x79, 0x10, 0xF5,
    0x48, 0xA5, 0x68, 0x27, 0x5A, 0xA1, 0x8B, 0xDA, 0xFE, 0xD6, 0x74, 0xB1, 0xA7, 0xD5, 0x4E, 0x1B,
    0x47, 0xE5, 0xAE, 0x3E, 0x00, 0x69, 0x4C, 0xA2, 0xAF, 0x01, 0x8F, 0x34, 0x5C, 0xAD, 0x70, 0x4A,
    0x1A, 0xD2, 0xF8, 0x5E, 0x01, 0xA2, 0x11, 0xB5, 0xB7, 0x64, 0xDE, 0xEB, 0xE4, 0x97, 0x74, 0x78,
    0xF1, 0x92, 0x0E, 0x7F, 0xAD, 0x8D, 0xE2, 0xFA, 0x76, 0x4B, 0x94, 0xF8, 0x2D, 0xA2, 0x02, 0x6A,
    0x4A, 0x81, 0xE5, 0x3A, 0xD0, 0x51, 0x72, 0x82, 0xFF, 0x26, 0x8D, 0x81, 0x28, 0x73, 0x44, 0x15,
    0xC6, 0x50, 0x5C, 0x89, 0x79, 0x27, 0xB0, 0x8A, 0x36, 0x88, 0xFF, 0x40, 0x17, 0xC4, 0xCF, 0x60,
    0x83, 0xF8, 0x02, 0x53, 0x10, 0x0F, 0xB0, 0xB0, 0x30, 0x08, 0xE6, 0x76, 0x02, 0xEB, 0x27, 0x54,
    0x76, 0x05, 0xAC, 0x24, 0xEE, 0x32, 0xCC, 0x5E, 0x1C, 0x6D, 0x1E, 0xBE, 0x03, 0xF7, 0xCE, 0x72,
    0xF4, 0x42, 0x62, 0x5C, 0xDD, 0x3C, 0x3C, 0x7A, 0x0F, 0xBF, 0x58, 0x6E, 0xFA, 0xC4, 0x94, 0xE3,
    0xA9, 0x5C, 0x45, 0x29, 0x5C, 0x10, 0x04, 0x44, 0xA1, 0x77, 0xA2, 0xDC, 0x89, 0x62, 0x27, 0x32,
    0x16, 0x95, 0x17, 0x09, 0x0B, 0xCD, 0x5D, 0x63, 0x66, 0xBA, 0x6A, 0x4E, 0x6B, 0xD9, 0x47, 0x2B,
    0x59, 0x87, 0xD5, 0x4E, 0xE4, 0x61, 0x1F, 0xFD, 0x80, 0xD8, 0x80, 0xDD, 0x3C, 0x3E, 0x01, 0x64,
    0x80, 0x4A, 0x2E, 0xC9, 0x6E, 0xEB, 0xE6, 0x8B, 0xEA, 0xB8, 0xFB, 0x2A, 0x74, 0x51, 0xE5, 0xE8,
    0xA3, 0xCA, 0x30, 0x5C, 0xA2, 0xEC, 0xAA, 0x86, 0x83, 0x76, 0xA7, 0x54, 0x17, 0x55, 0x5F, 0x06,
    0x95, 0xA3, 0xD3, 0x41, 0x15, 0xE8, 0x4C, 0x50, 0x0A, 0x29, 0x82, 0xD2, 0x4B, 0x09, 0x58, 0xAF,
    0x5E, 0xC7, 0x64, 0x44, 0x01, 0xE8, 0x77, 0xEA, 0x94, 0x42, 0x3A, 0x77, 0x44, 0x51, 0xCD, 0xF4,
    0x6B, 0x50, 0x46, 0x14, 0xB7, 0x0E, 0x4E, 0x7A, 0xC2, 0xD2, 0x2D, 0xE0, 0x31, 0x71, 0xFC, 0x67,
    0x00, 0xC2, 0x84, 0x1C, 0x83, 0x92, 0xF1, 0x1E, 0xED, 0xA8, 0xE6, 0x3E, 0x5D, 0x57, 0x0D, 0xB0,
    0x0D, 0x22, 0x63, 0xCF, 0x3A, 0x8A, 0x86, 0x85, 0xA7, 0xF7, 0x59, 0xA0, 0xD0, 0xC7, 0xC0, 0x2C,
    0x32, 0xB3, 0xD6, 0x20, 0x3B, 0x1F, 0x8C, 0x17, 0x82, 0x0D, 0x86, 0x35, 0x28, 0x00, 0xB7, 0x06,
    0xDA, 0x9D, 0xA0, 0xDD, 0x65, 0x60, 0x06, 0x6E, 0x58, 0x0C, 0xBC, 0x0A, 0x41, 0x81, 0x4E, 0x3E,
    0x96, 0x40, 0xA1, 0x95, 0x40, 0x32, 0x68, 0x1C, 0xA5, 0x18, 0xE8, 0x77, 0xC3, 0x36, 0x3C, 0xFA,
    0x60, 0x91, 0x42, 0x21, 0x33, 0x09, 0x18, 0xD6, 0x80, 0x00, 0xD4, 0x7C, 0x4D, 0x0E, 0x39, 0x26,
    0x60, 0xE4, 0x20, 0x63, 0xA8, 0x58, 0x1D, 0x19, 0x8F, 0x29, 0x10, 0xAA, 0x23, 0x39, 0x95, 0x40,
    0x2F, 0xE5, 0x20, 0x9C, 0x15, 0x07, 0x0E, 0x78, 0xA1, 0xFB, 0x16, 0x37, 0x9E, 0x83, 0x12, 0x1D,
    0xCD, 0x94, 0x84, 0x40, 0x61, 0xC8, 0x16, 0x22, 0x63, 0x63, 0x13, 0x78, 0x06, 0x37, 0x12, 0xA4,
    0x98, 0x33, 0x10, 0x99, 0x5E, 0x6E, 0x15, 0x5C, 0x26, 0x8D, 0x7B, 0x17, 0xF8, 0x80, 0x1A, 0xFC,
    0x27, 0x4E, 0x6F, 0xA1, 0x36, 0x00, 0x67, 0x37, 0x0A, 0xC5, 0x25, 0x66, 0x2C, 0xB0, 0x76, 0xB8,
    0x6C, 0xC5, 0xB2, 0x6C, 0x6C, 0xBD, 0x3A, 0xA4, 0xD7, 0xB6, 0xDB, 0x7B, 0x3A, 0x6C, 0x98, 0xB2,
    0x77, 0xDB, 0x0A, 0x70, 0x52, 0xF8, 0x6B, 0xC0, 0x3D, 0x92, 0x46, 0x73, 0xF3, 0xCA, 0x99, 0xE4,
    0x1E, 0x26, 0x98, 0x88, 0x54, 0x38, 0x20, 0x70, 0x7D, 0x42, 0x50, 0xA1, 0xA3, 0x8C, 0xDB, 0x5A,
    0x0E, 0x44, 0xA5, 0x04, 0xCE, 0x8B, 0x9E, 0xE4, 0x56, 0xE7, 0xCF, 0x21, 0x73, 0x95, 0x5B, 0x46,
    0xC5, 0x57, 0x20, 0x39, 0x2E, 0xCA, 0x8A, 0xFA, 0x05, 0x6A, 0x39, 0x32, 0x66, 0x21, 0xE8, 0xA8,
    0x21, 0x0A, 0xEB, 0xFD, 0xDD, 0x70, 0x7B, 0x28, 0xE5, 0x8D, 0xE0, 0x6D, 0xF4, 0xE4, 0x7C, 0xAD,
    0x3F, 0x81, 0xDB, 0x9A, 0x2D, 0x9E, 0x6D, 0xB1, 0xBD, 0xD7, 0xE0, 0xCC, 0xEC, 0xB9, 0x40, 0x36,
    0x8D, 0x85, 0xF4, 0x14, 0x56, 0x55, 0x0D, 0x9A, 0x49, 0xCF, 0xD9, 0x18, 0x82, 0xB7, 0x7D, 0x7E,
    0x73, 0xD8, 0xC8, 0x2A, 0xDC, 0xF5, 0x25, 0x2D, 0x85, 0x04, 0x0A, 0x5F, 0x58, 0xEF, 0xD4, 0xB0,
    0x06, 0x05, 0x64, 0xC9, 0xF5, 0xFC, 0x6A, 0xA0, 0x1C, 0xEF, 0x75, 0x5E, 0x7B, 0xFE, 0x9C, 0x9B,
    0x77, 0xD2, 0x7A, 0xED, 0x09, 0x0E, 0x50, 0x93, 0xD4, 0x14, 0x2D, 0x3B, 0x62, 0x4B, 0x80, 0x9A,
    0x1D, 0x89, 0x09, 0xE1, 0xF6, 0x02, 0xB3, 0x84, 0xC0, 0xB8, 0xBD, 0xF3, 0xBE, 0x5E, 0xD8, 0xC5,
    0x40, 0xA8, 0xB9, 0x05, 0x47, 0xDE, 0x0E, 0x3D, 0x0E, 0x0D, 0xC2, 0xB8, 0x9A, 0x44, 0x8C, 0x3B,
    0xB1, 0xB0, 0x98, 0x28, 0x69, 0x10, 0x04, 0x29, 0xD4, 0x41, 0xE4, 0x68, 0x83, 0xC8, 0xD0, 0x5D,
    0x2E, 0x14, 0x7E, 0x5D, 0x22, 0x39, 0xAA, 0x45, 0x48, 0xEB, 0xC6, 0x28, 0xB0, 0x0A, 0x7B, 0x41,
    0x64, 0x18, 0x58, 0x6C, 0xB7, 0x06, 0x1D, 0x0B, 0xB6, 0x3A, 0x8A, 0x99, 0x82, 0x70, 0xD2, 0xC9,
    0x1C, 0x9F, 0xE1, 0x24, 0x20, 0x0D, 0xA0, 0x7D, 0x68, 0x80, 0x19, 0xF1, 0xC6, 0x16, 0xEE, 0xA3,
    0x0B, 0x49, 0x0E, 0x3E, 0x16, 0x34, 0x18, 0x3C, 0x52, 0x60, 0xF6, 0x28, 0xE0, 0xE0, 0x51, 0xA2,
    0x57, 0x90, 0xA5, 0x3F, 0xF3, 0xD0, 0x90, 0x12, 0x1A, 0x27, 0xFB, 0x0B, 0xDF, 0xAC, 0x33, 0x60,
    0x7E, 0x25, 0xCE, 0x5F, 0x10, 0x73, 0x89, 0x79, 0xCA, 0xE9, 0x5E, 0x66, 0x79, 0x69, 0x40, 0x39,
    0x00, 0x8D, 0x47, 0x5C, 0x97, 0x4A, 0xBE, 0x1C, 0x4A, 0x8F, 0xE4, 0x88, 0x5E, 0x66, 0x39, 0xD8,
    0x76, 0x48, 0xB7, 0x6C, 0x7B, 0x4F, 0x13, 0x32, 0x9C, 0x80, 0x81, 0x5B, 0x27, 0x8D, 0xAB, 0xCD,
    0x42, 0xD5, 0xC2, 0x85, 0x6B, 0x6E, 0x24, 0x99, 0x91, 0x94, 0x23, 0x9E, 0x6E, 0x73, 0xC2, 0xBE,
    0x4F, 0xBD, 0x97, 0xDB, 0xB1, 0xFA, 0x4F, 0xFC, 0x04, 0xE3, 0xA9, 0x0F, 0xD8, 0xE8, 0x65, 0xB9,
    0xF3, 0xBE, 0x5F, 0x3D, 0x00, 0xEC, 0xBC, 0x11, 0x1F, 0x73, 0x90, 0xDC, 0x42, 0x9E, 0x89, 0x78,
    0xC2, 0x14, 0xB7, 0x55, 0xBF, 0xDE, 0x69, 0x47, 0xF4, 0x3B, 0x54, 0xA2, 0xA6, 0xBF, 0xA1, 0x02,
    0x8F, 0x0E, 0x96, 0x58, 0x4F, 0x6A, 0xC0, 0x89, 0x0B, 0xA0, 0x25, 0x5E, 0x97, 0x64, 0x81, 0x6A,
    0xFD, 0x7F, 0x5D, 0x01, 0xE8, 0x00, 0xD4, 0xD7, 0x01, 0xD7, 0x1A, 0x6E, 0xA0, 0x46, 0x4F, 0x05,
    0xFA, 0xB0, 0xEC, 0x14, 0xA0, 0xB0, 0xE4, 0xA8, 0x39, 0x8A, 0xD2, 0x46, 0xA1, 0xBB, 0x28, 0x40,
    0x41, 0x64, 0x73, 0x14, 0x6A, 0x8C, 0xA2, 0xEA, 0xA3, 0x30, 0x75, 0x10, 0x3F, 0x05, 0x93, 0x2A,
    0xFC, 0x8B, 0xD4, 0xC4, 0x40, 0xCC, 0x9D, 0x89, 0xDB, 0x86, 0xB1, 0xFD, 0x98, 0x13, 0x3F, 0x47,
    0xCC, 0xF0, 0x5F, 0xE1, 0x62, 0x3E, 0x40, 0x14, 0x0D, 0xBA, 0x58, 0x04, 0xFA, 0x58, 0x28, 0x6C,
    0x10, 0x05, 0xA6, 0x58, 0x1F, 0x2C, 0x41, 0x24, 0x40, 0x10, 0x04, 0xB4, 0x22, 0xA4, 0x91, 0xDE,
    0x75, 0x72, 0x78, 0xBB, 0x6A, 0x70, 0x5A, 0x2B, 0xE0, 0x58, 0x7A, 0x23, 0x05, 0x06, 0x11, 0x74,
    0x0D, 0xC3, 0xF5, 0xAD, 0x58, 0xDB, 0x40, 0xAC, 0x5F, 0xD9, 0xF3, 0xCA, 0xD9, 0xF4, 0x4D, 0xCD,
    0x2C, 0xFB, 0x86, 0x98, 0x6A, 0xE5, 0xE7, 0xE7, 0x58, 0xF4, 0xC4, 0x4C, 0x88, 0x84, 0x65, 0x2D,
    0x7C, 0x86, 0x4E, 0x08, 0x17, 0x62, 0x0C, 0x24, 0x74, 0x71, 0x24, 0x4E, 0x42, 0x83, 0x29, 0xF5,
    0x28, 0x80, 0x69, 0xC3, 0x27, 0xFF, 0xE7, 0x61, 0xAB, 0x2C, 0xBF, 0x07, 0x69, 0xDE, 0xB7, 0x52,
    0xA0, 0xDF, 0x9F, 0xB2, 0x65, 0xB8, 0x2E, 0x41, 0x60, 0x15, 0xA9, 0xFF, 0x2B, 0xF0, 0x0F, 0xD2,
    0x40, 0xDA, 0x31, 0x5B, 0x39, 0x33, 0x92, 0x0D, 0xF0, 0x81, 0x84, 0xC0, 0xBC, 0xF2, 0x12, 0xCB,
    0xFB, 0xBD, 0xA0, 0x1A, 0xF6, 0x02, 0xD3, 0x09, 0x62, 0xAE, 0x81, 0x62, 0x6A, 0x59, 0x65, 0x72,
    0x02, 0x1C, 0xEF, 0x82, 0x66, 0xEF, 0x34, 0x93, 0xE3, 0xEF, 0xF1, 0x35, 0x62, 0x0E, 0xC5, 0x90,
    0xA3, 0x33, 0x36, 0x04, 0x57, 0x48, 0xA1, 0xAD, 0xE6, 0x35, 0x33, 0x90, 0x72, 0x6B, 0xF9, 0xE0,
    0xB9, 0x48, 0xEB, 0x3A, 0x9F, 0x87, 0x1C, 0xE2, 0x99, 0x71, 0x0D, 0x0C, 0x07, 0x7D, 0x0C, 0x30,
    0xC9, 0xB9, 0x24, 0x06, 0x63, 0x9C, 0x55, 0x71, 0x62, 0xAD, 0x41, 0xBA, 0x1F, 0x64, 0x18, 0x2E,
    0x0F, 0x64, 0xDA, 0xAE, 0x41, 0x21, 0xDB, 0x56, 0x0C, 0x94, 0x04, 0x03, 0x5D, 0x0D, 0x41, 0xCB,
    0x35, 0x28, 0x30, 0x49, 0x50, 0x73, 0x45, 0x9B, 0x78, 0xF2, 0x93, 0xEB, 0xF0, 0x53, 0x74, 0xD2,
    0x1C, 0x52, 0xF8, 0x5B, 0xD4, 0x18, 0x48, 0x26, 0x75, 0x89, 0x1C, 0x04, 0x9B, 0x7C, 0xCE, 0x6B,
    0x5E, 0xE5, 0x0A, 0x0E, 0x54, 0x58, 0x8E, 0x67, 0x05, 0x32, 0xB6, 0x92, 0xDB, 0x8B, 0xB1, 0xE4,
    0x6F, 0x34, 0x35, 0xD2, 0xB6, 0x2A, 0x04, 0x06, 0x54, 0xA0, 0xD5, 0xA8, 0xD1, 0xEB, 0xBB, 0xC0,
    0x53, 0xE3, 0x48, 0xE3, 0x2B, 0xB4, 0x25, 0x9C, 0x1C, 0x88, 0x35, 0xE0, 0x78, 0x0D, 0x4A, 0x78,
    0x20, 0x36, 0x0E, 0x67, 0xF7, 0xD2, 0x4C, 0x81, 0xB1, 0x8B, 0xF6, 0x03, 0x7B, 0xA6, 0x93, 0xBD,
    0x40, 0x9A, 0xBA, 0x17, 0xF4, 0xAB, 0xE6, 0xA6, 0xAE, 0x9A, 0x2B, 0x14, 0x55, 0xEC, 0x88, 0x68,
    0xFB, 0x43, 0x53, 0x41, 0x3E, 0xD7, 0x61, 0x9E, 0x60, 0xD0, 0x03, 0x97, 0xD5, 0x55, 0x96, 0x53,
    0x74, 0xA5, 0x47, 0x26, 0x6B, 0xCD, 0x1E, 0xCA, 0x08, 0xCB, 0xE8, 0x2B, 0x06, 0x5F, 0xC7, 0xB0,
    0x4D, 0x27, 0x77, 0x33, 0x64, 0x36, 0xA2, 0x66, 0x38, 0x48, 0x33, 0xB1, 0x30, 0x9A, 0x38, 0x53,
    0x60, 0x19, 0x25, 0x78, 0xD2, 0x76, 0x8A, 0xD3, 0xE7, 0x7D, 0xC1, 0xCD, 0x52, 0x36, 0xE7, 0xEF,
    0xCA, 0x49, 0x71, 0x4A, 0xBD, 0x54, 0x98, 0xF9, 0x62, 0xB9, 0x1C, 0x6C, 0x32, 0x5B, 0x34, 0xEA,
    0x7C, 0xC6, 0xC2, 0x4B, 0x92, 0x6C, 0xC6, 0x5D, 0x35, 0x68, 0xEB, 0xAF, 0xD7, 0x1D, 0x3F, 0xBC,
    0x59, 0x53, 0x17, 0xB5, 0x07, 0x51, 0x4A, 0x49, 0xEC, 0x52, 0xCE, 0x2D, 0xB9, 0x27, 0x50, 0x56,
    0x3A, 0x5D, 0x5B, 0x6A, 0x46, 0x8F, 0x31, 0xBC, 0x34, 0x9A, 0xC8, 0x78, 0x54, 0x4B, 0x02, 0x39,
    0xF3, 0x49, 0xBF, 0xA4, 0x08, 0xB5, 0xAE, 0x70, 0x2C, 0xCB, 0xF9, 0x3F, 0x88, 0x86, 0xAC, 0x22,
    0xD7, 0x11, 0x67, 0x94, 0x8E, 0x2B, 0x65, 0x85, 0x4E, 0x61, 0x88, 0xAB, 0xA2, 0xCF, 0x14, 0x62,
    0x9D, 0x89, 0xDC, 0xC5, 0x61, 0xB1, 0x5C, 0x28, 0x52, 0xAE, 0x4B, 0x3D, 0xCD, 0x85, 0xF4, 0xB7,
    0x0D, 0x9E, 0xF8, 0x6D, 0xAC, 0xE5, 0x74, 0xDC, 0x25, 0x4C, 0xFF, 0xC7, 0x7C, 0x60, 0x40, 0x4C,
    0x60, 0x8A, 0xAC, 0x85, 0x0F, 0x19, 0x24, 0x89, 0x7E, 0x05, 0x56, 0x91, 0x5A, 0x28, 0x0B, 0xF6,
    0x61, 0x6C, 0xAF, 0x5D, 0x29, 0x96, 0x44, 0xA6, 0xE7, 0x99, 0x18, 0xB8, 0x3A, 0xA6, 0x1C, 0xA5,
    0xF3, 0x00, 0x99, 0x64, 0x5F, 0xDB, 0x06, 0x2D, 0x69, 0xA4, 0x96, 0xCB, 0xC2, 0x9C, 0xDA, 0x42,
    0xFA, 0x28, 0xB5, 0x19, 0xDA, 0x1C, 0x96, 0x49, 0x0A, 0xBD, 0xE7, 0xC8, 0xD5, 0x91, 0xFC, 0xAA,
    0x48, 0x8D, 0xF6, 0x1C, 0x1B, 0xD4, 0xAF, 0xE4, 0x53, 0x7F, 0xDC, 0x64, 0x02, 0x70, 0x3B, 0x6A,
    0xFE, 0xDE, 0x60, 0x90, 0x7C, 0x34, 0x3A, 0xC9, 0xDF, 0xBB, 0x32, 0xB0, 0x55, 0xE8, 0x85, 0x05,
    0xAC, 0x90, 0xEB, 0xC7, 0x4C, 0x30, 0x0B, 0xC9, 0x20, 0xB0, 0xC2, 0xD7, 0xC2, 0x1C, 0x78, 0x06,
    0x4F, 0x32, 0x08, 0xC3, 0xE4, 0x00, 0x1C, 0xB2, 0x78, 0x5A, 0x5F, 0xD2, 0x3F, 0x32, 0xFE, 0xE2,
    0x1B, 0x8F, 0x40, 0xD2, 0x10, 0x48, 0xA5, 0x83, 0x30, 0x68, 0x83, 0x00, 0x3A, 0x61, 0xF2, 0x1C,
    0x7D, 0xC8, 0xE4, 0x17, 0x18, 0x44, 0x64, 0xFF, 0x03, 0x2B, 0x22, 0xB7, 0x18, 0xE3, 0x12, 0x8E,
    0x49, 0x84, 0xEA, 0x4D, 0xDC, 0xA0, 0xBA, 0x66, 0x11, 0x51, 0xB5, 0xDA, 0x89, 0xD0, 0x75, 0x05,
    0x06, 0x82, 0x0D, 0x2F, 0x0A, 0x4A, 0xE4, 0x91, 0x9E, 0x8B, 0x9A, 0xE3, 0x71, 0x29, 0x9B, 0xC2,
    0x1A, 0x7B, 0xF5, 0xD6, 0xE9, 0xD1, 0xBB, 0x78, 0x7A, 0x54, 0xBF, 0x78, 0xD5, 0xD5, 0xCD, 0xE3,
    0xA3, 0x23, 0x38, 0x7F, 0xBA, 0xAF, 0xBA, 0xF8, 0x4C, 0x20, 0xAF, 0x07, 0x40, 0xDE, 0xB5, 0xB1,
    0x89, 0xA6, 0x66, 0xE1, 0x1D, 0xE2, 0x38, 0x4B, 0x21, 0x9F, 0x0C, 0xB4, 0xC1, 0x63, 0xBA, 0x02,
    0x9C, 0xD6, 0x00, 0x64, 0x24, 0xB7, 0xAB, 0xA0, 0x9D, 0x35, 0x78, 0x14, 0x36, 0x67, 0x48, 0x7E,
    0x4F, 0x60, 0xE5, 0xA1, 0xA3, 0x9A, 0x65, 0x56, 0x17, 0x90, 0x95, 0x32, 0x43, 0x4D, 0x18, 0x3C,
    0x5A, 0x6A, 0x7A, 0xD9, 0x8E, 0x8A, 0x7E, 0xB7, 0x1C, 0x2A, 0x01, 0x17, 0x7C, 0xD5, 0x0F, 0x0C,
    0xE0, 0xCB, 0x06, 0x6C, 0x4B, 0xC4, 0xF5, 0xAD, 0x01, 0x1F, 0xB4, 0x13, 0x20, 0x3E, 0x06, 0xA3,
    0xA3, 0xEB, 0x06, 0xC0, 0xF6, 0xA3, 0xF3, 0x29, 0x33, 0xC4, 0xDF, 0x22, 0x16, 0xE9, 0x7F, 0x58,
    0x01, 0x7F, 0x76, 0x23, 0x94, 0xD5, 0x74, 0x39, 0x5A, 0x8F, 0x21, 0x63, 0xC0, 0xA6, 0xE8, 0x18,
    0xA1, 0x66, 0x03, 0x35, 0xA3, 0xD4, 0xA5, 0xC4, 0x4F, 0x0C, 0x6A, 0xCA, 0xE2, 0xB8, 0xD9, 0x84,
    0x5C, 0xC9, 0xF7, 0xA1, 0xE4, 0xD7, 0x9D, 0x43, 0xFF, 0xB2, 0x77, 0xEC, 0x25, 0x7E, 0xFC, 0xCF,
    0xBC, 0xCE, 0x2C, 0xF9, 0x03, 0xCC, 0x09, 0xA6, 0xBC, 0x33, 0x73, 0x06, 0x9B, 0x77, 0xFC, 0x8E,
    0xBD, 0xCF, 0x3B, 0x79, 0xC7, 0xEE, 0x51, 0x97, 0x0C, 0x6E, 0x7E, 0xCB, 0xD0, 0x3B, 0xD4, 0x8C,
    0xE6, 0x97, 0x85, 0xDE, 0xA1, 0x0D, 0xE8, 0x18, 0x65, 0x80, 0x42, 0xCF, 0x28, 0x60, 0x19, 0x19,
    0x46, 0x8F, 0xEF, 0xA6, 0x98, 0x3D, 0x66, 0x02, 0xBE, 0xDF, 0xC9, 0x3B, 0xF6, 0xE7, 0x0F, 0x8D,
    0xDD, 0xFD, 0x38, 0x92, 0x30, 0x6A, 0xA2, 0x6B, 0xD2, 0xF3, 0x9E, 0x5F, 0x5E, 0xD2, 0x05, 0xFC,
    0x32, 0x2A, 0xDD, 0x1E, 0x1F, 0x6C, 0x5B, 0xEE, 0xC4, 0x02, 0xDD, 0x2F, 0x81, 0x1F, 0xE2, 0xD9,
    0x09, 0x9E, 0xDC, 0x33, 0x60, 0xB3, 0x11, 0xFE, 0xC7, 0x9D, 0x5B, 0x78, 0x78, 0x18, 0x93, 0xFC,
    0x36, 0x91, 0x63, 0x60, 0x64, 0x78, 0x7A, 0x53, 0x80, 0xC9, 0x83, 0x22, 0x74, 0x7C, 0x91, 0x77,
    0x74, 0xFE, 0x47, 0xB9, 0xB0, 0xBE, 0x1B, 0x67, 0xD0, 0xA7, 0xE8, 0xB8, 0x73, 0x41, 0x29, 0x46,
    0xE5, 0xE4, 0x2C, 0x22, 0xAF, 0x59, 0xD8, 0x37, 0x7D, 0x05, 0x1E, 0x87, 0x15, 0xEA, 0xDD, 0xCE,
    0x4A, 0x0A, 0x93, 0x78, 0xB4, 0x44, 0xB9, 0x0C, 0xB6, 0x14, 0xE0, 0x6F, 0x1A, 0x60, 0xDE, 0xED,
    0x72, 0x49, 0xF8, 0xA8, 0x04, 0xAC, 0x14, 0x39, 0xCA, 0x25, 0x33, 0x97, 0x2F, 0x9E, 0x9A, 0xF9,
    0xB5, 0xBB, 0xF7, 0xEE, 0x57, 0xB3, 0xC6, 0x73, 0x57, 0xCE, 0x9F, 0x2D, 0xA6, 0x51, 0xF3, 0xF4,
    0xE9, 0x8D, 0x4A, 0x4D, 0xDE, 0x97, 0xE5, 0xF8, 0xA9, 0xF7, 0xDA, 0xDE, 0x99, 0x6F, 0xF0, 0xA3,
    0xC2, 0x72, 0x67, 0x03, 0x2A, 0xC2, 0xD6, 0x04, 0x29, 0xF8, 0xB3, 0x3B, 0x1B, 0x22, 0xF2, 0x69,
    0x2E, 0x78, 0xB1, 0xAD, 0x58, 0xDC, 0xFC, 0x76, 0xE0, 0x59, 0x7A, 0x74, 0x93, 0xCE, 0x9B, 0x7C,
    0xE7, 0x2E, 0xA4, 0x44, 0xDB, 0x2C, 0xA9, 0x07, 0x35, 0x8B, 0x77, 0x8E, 0x61, 0x68, 0x61, 0x34,
    0x3B, 0xCC, 0x0C, 0x4D, 0xC4, 0xA0, 0xDF, 0x14, 0x9C, 0xC0, 0x80, 0xFD, 0xEB, 0xE1, 0x70, 0xAF,
    0x81, 0x25, 0x22, 0x36, 0xF3, 0x18, 0x6C, 0x43, 0xF0, 0x14, 0xCE, 0xA7, 0x09, 0x24, 0x07, 0x20,
    0xEE, 0x02, 0xE2, 0x5B, 0xDA, 0x4F, 0x79, 0x7B, 0x6B, 0xB0, 0x3D, 0xE6, 0xCF, 0xD7, 0x94, 0xE1,
    0xF9, 0xA5, 0xC0, 0x2C, 0xC9, 0xED, 0xAE, 0xA7, 0xC3, 0x24, 0x02, 0xEA, 0x75, 0x17, 0xAF, 0x64,
    0x19, 0x57, 0xF2, 0x79, 0x1E, 0x9F, 0x35, 0xDC, 0x59, 0x81, 0x46, 0x12, 0xE9, 0xF8, 0x78, 0x67,
    0x25, 0x69, 0x48, 0x04, 0xA9, 0x1B, 0x1E, 0xAD, 0x47, 0xB6, 0x03, 0xEF, 0xDF, 0xE0, 0xA7, 0xB4,
    0xB0, 0xBF, 0xB7, 0x32, 0x67, 0x5D, 0x1B, 0x4B, 0x92, 0xEB, 0xDB, 0x80, 0x3A, 0xE2, 0xF7, 0x05,
    0x6F, 0x2F, 0x82, 0x93, 0x59, 0x80, 0x41, 0x20, 0x6D, 0xDE, 0xC8, 0x05, 0x39, 0x50, 0x7F, 0x47,
    0x06, 0xE4, 0xF7, 0x17, 0x8F, 0x0F, 0x65, 0x60, 0xFE, 0x65, 0x09, 0xB4, 0x92, 0x72, 0x8C, 0x9B,
    0x62, 0x72, 0xC8, 0x57, 0xD7, 0x6A, 0xE1, 0x94, 0xBC, 0x95, 0xDD, 0x79, 0x0F, 0xB5, 0x46, 0x7B,
    0x58, 0xA2, 0xBE, 0x86, 0x4E, 0x8A, 0x35, 0x01, 0xFA, 0x52, 0xB4, 0x82, 0x26, 0xD4, 0xD3, 0x49,
    0xAD, 0xB3, 0x99, 0xAE, 0xC8, 0x2F, 0x7E, 0xD2, 0x22, 0xB4, 0x82, 0x69, 0xEF, 0xC8, 0x1D, 0x5F,
    0x9D, 0xC5, 0x27, 0xED, 0x99, 0xA1, 0x7F, 0xE4, 0x04, 0xA4, 0x03, 0xAA, 0x80, 0xF2, 0x4F, 0x71,
    0x4A, 0xFA, 0x89, 0x01, 0xD0, 0x49, 0x66, 0xB0, 0x4A, 0x30, 0x67, 0xC0, 0xB3, 0xA3, 0xCD, 0x42,
    0xB7, 0x3F, 0x6C, 0x29, 0x71, 0x44, 0x8A, 0xB7, 0x87, 0x00, 0x7D, 0x86, 0xBF, 0xCB, 0x04, 0x27,
    0x7F, 0xD2, 0xDD, 0xF0, 0xC0, 0x37, 0xFD, 0x67, 0x0C, 0xFC, 0xEF, 0xEC, 0xF1, 0x7F, 0x72, 0x5B,
    0xF5, 0xBF, 0x4D, 0x5C, 0x1F, 0xB4, 0x43, 0x53, 0xCB, 0x2E, 0xF7, 0x87, 0xEB, 0xBE, 0xA6, 0x7F,
    0x26, 0x50, 0x45, 0x4F, 0xF4, 0x66, 0xF8, 0x85, 0xEB, 0x9F, 0x64, 0xEF, 0x4E, 0xE5, 0x3D, 0x6E,
    0x5D, 0x78, 0x10, 0x10, 0x47, 0x0B, 0xC6, 0xB3, 0x3B, 0x91, 0x02, 0x35, 0xC9, 0xDB, 0x8A, 0x70,
    0x56, 0x60, 0xFF, 0x4A, 0x26, 0xCD, 0x97, 0x42, 0x83, 0x75, 0x5F, 0x0E, 0xBB, 0x39, 0x24, 0x53,
    0x4C, 0xD5, 0x8F, 0x31, 0xCA, 0xA3, 0x41, 0x6B, 0x66, 0xCA, 0xD1, 0xCA, 0x19, 0x44, 0xC1, 0x5F,
    0xEF, 0x5D, 0x19, 0x58, 0x57, 0xCE, 0x93, 0x1F, 0x99, 0x16, 0xCF, 0x1C, 0x9D, 0x9E, 0x3D, 0xB3,
    0x17, 0xD8, 0x37, 0xBF, 0x61, 0x6E, 0xBD, 0x1D, 0x4A, 0x63, 0xE0, 0x6A, 0x3A, 0x09, 0x8D, 0x48,
    0x31, 0x1F, 0x60, 0x0E, 0x2F, 0xCE, 0x1C, 0x91, 0x87, 0x46, 0x44, 0xCD, 0xA8, 0xD0, 0x06, 0x74,
    0x8C, 0x52, 0x20, 0x91, 0xA0, 0x8D, 0x29, 0x03, 0xF6, 0x5E, 0xA3, 0xA5, 0x98, 0xA4, 0x20, 0xF4,
    0xC4, 0xDE, 0x11, 0x47, 0xEE, 0x98, 0x24, 0x09, 0x5D, 0x84, 0x89, 0x93, 0x5A, 0x10, 0xA3, 0xCB,
    0x53, 0x46, 0xA4, 0x01, 0xB7, 0x80, 0x9F, 0xD4, 0xF1, 0x82, 0x88, 0xB0, 0x99, 0x5A, 0x12, 0x3E,
    0x18, 0x2F, 0xE7, 0x93, 0x29, 0xEE, 0x39, 0x71, 0xEB, 0x40, 0x7C, 0x13, 0xF7, 0x20, 0xFC, 0x86,
    0xF0, 0xD5, 0x83, 0xA7, 0xF2, 0x1A, 0xCD, 0xA7, 0xD7, 0x33, 0x29, 0xE7, 0x59, 0x2E, 0x54, 0xCE,
    0x9E, 0x0A, 0xA4, 0x27, 0xCF, 0xC2, 0x73, 0xF4, 0xCC, 0x41, 0xC6, 0x7A, 0x66, 0x3B, 0x2E, 0x04,
    0xE1, 0x23, 0x4F, 0x12, 0xBB, 0x48, 0x73, 0x81, 0xCD, 0x18, 0xA8, 0xA7, 0xC0, 0x6A, 0x0E, 0x54,
    0x91, 0xB9, 0x0B, 0x4C, 0x71, 0xE1, 0x85, 0x48, 0x65, 0x05, 0x10, 0x9B, 0x5E, 0x49, 0x4A, 0xC6,
    0xB7, 0x88, 0xFD, 0x9D, 0xE0, 0xF9, 0x0D, 0xBD, 0x93, 0xE5, 0x01, 0x18, 0xA9, 0x92, 0x4E, 0xC8,
    0x30, 0x54, 0x68, 0x53, 0xF0, 0x8B, 0x12, 0xEF, 0x7D, 0x98, 0x9E, 0xFD, 0xD9, 0x17, 0xFC, 0x20,
    0x69, 0x7A, 0xF1, 0x9C, 0x5E, 0x81, 0xDF, 0x43, 0x99, 0x29, 0xEC, 0xBD, 0xE2, 0x59, 0x3F, 0xDE,
    0xA0, 0x5E, 0xD3, 0x24, 0x72, 0x2D, 0x61, 0x14, 0x3F, 0xB1, 0x37, 0xF3, 0xE5, 0x1E, 0x53, 0x4C,
    0x29, 0x57, 0xC9, 0x99, 0xA2, 0xBF, 0x06, 0x00, 0xAD, 0x06, 0xB0, 0x10, 0xFB, 0xE3, 0xD8, 0x96,
    0xF3, 0xFE, 0xDE, 0x1F, 0x91, 0x18, 0x6B, 0xC3, 0x69, 0xCA, 0x30, 0x06, 0xDD, 0x09, 0xD7, 0xC1,
    0xFA, 0x7C, 0xFC, 0x9F, 0x54, 0xB8, 0x4B, 0x30, 0xF0, 0x3A, 0x89, 0xAE, 0x42, 0x4D, 0xA8, 0x35,
    0x88, 0x0E, 0x89, 0x3D, 0x45, 0xDF, 0xBC, 0xC4, 0xEB, 0x73, 0xBE, 0xDE, 0x3D, 0x56, 0xD6, 0x0A,
    0x3D, 0x25, 0x7D, 0x01, 0x4B, 0xC5, 0xC0, 0xC7, 0xE7, 0xA6, 0x4F, 0xC2, 0xC0, 0xD6, 0x52, 0x87,
    0x83, 0xB0, 0x1E, 0x5D, 0xB9, 0x49, 0x97, 0xD8, 0x1B, 0xF2, 0x76, 0xB0, 0x02, 0x80, 0x6E, 0xDF,
    0x93, 0xD8, 0xFF, 0x03, 0xD5, 0xBC, 0x01, 0xA8, 0x27, 0xD7, 0x75, 0x1F, 0xFC, 0x9B, 0xB9, 0xDA,
    0x37, 0xD1, 0x8E, 0x57, 0x57, 0x80, 0xEC, 0x4F, 0x28, 0xB2, 0xC6, 0x80, 0x02, 0xFE, 0x14, 0x5B,
    0xB3, 0x7C, 0xE8, 0xE3, 0x13, 0x5F, 0x76, 0xDF, 0x1D, 0x49, 0x10, 0x53, 0x0C, 0x64, 0x01, 0xAD,
    0x05, 0xD9, 0xB6, 0x32, 0xD0, 0x42, 0x62, 0xB5, 0x79, 0x02, 0x02, 0xA8, 0xE5, 0xAD, 0x66, 0x6C,
    0x01, 0x86, 0x1A, 0xE8, 0x2B, 0xB5, 0x1B, 0xC0, 0x40, 0x97, 0x22, 0x17, 0xF9, 0xA9, 0x74, 0x05,
    0x18, 0x2A, 0xD2, 0xB7, 0x3B, 0x23, 0x09, 0x6A, 0x20, 0x80, 0x27, 0x31, 0xA9, 0xA1, 0x01, 0x3C,
    0x49, 0xA4, 0xD8, 0x96, 0xA1, 0xBA, 0x36, 0xE3, 0x68, 0x76, 0x35, 0x33, 0xA7, 0x73, 0xCE, 0x99,
    0xFB, 0xFE, 0xEF, 0xBF, 0x5A, 0xC5, 0x76, 0x9D, 0x04, 0x77, 0xE0, 0xDD, 0xDF, 0xEF, 0xFF, 0x7F,
    0x73, 0xCF, 0x3D, 0xF3, 0x9B, 0x7B, 0xCF, 0x3D, 0xF7, 0xCE, 0xBC, 0x17, 0x5D, 0x9D, 0x0B, 0xE0,
    0xF4, 0x15, 0xA4, 0x44, 0x1E, 0xC8, 0x5A, 0x64, 0x53, 0x36, 0x02, 0xAE, 0x81, 0x1D, 0xED, 0x42,
    0xCA, 0x02, 0xF1, 0xAB, 0x76, 0x02, 0x08, 0x00, 0x16, 0x12, 0x2D, 0x1C, 0xF7, 0xD5, 0x13, 0xCC,
    0x08, 0xAE, 0x35, 0x21, 0xE9, 0x01, 0x37, 0xD9, 0x09, 0xD6, 0x03, 0xA5, 0xB7, 0x13, 0x9B, 0x41,
    0xDD, 0x2D, 0xC4, 0x35, 0x0B, 0xE1, 0x6F, 0xCA, 0x02, 0x28, 0x7B, 0x37, 0x8B, 0x19, 0x47, 0xEF,
    0xD2, 0x1F, 0xB3, 0x19, 0x4B, 0xAF, 0xD1, 0xB7, 0x47, 0x00, 0xD1, 0xD7, 0x70, 0xF1, 0x53, 0x3D,
    0xF4, 0xB0, 0x5E, 0x80, 0xBD, 0x89, 0x2E, 0x08, 0x71, 0x4D, 0x4D, 0x15, 0x93, 0xF2, 0x53, 0xF3,
    0x9E, 0x67, 0x42, 0xB6, 0xB7, 0x3D, 0x57, 0x9C, 0x72, 0x9F, 0x32, 0x31, 0xA3, 0xEB, 0xD2, 0x16,
    0x40, 0xD2, 0xBB, 0x6E, 0x35, 0xC3, 0x44, 0xCC, 0x94, 0xED, 0x6A, 0xA6, 0xD4, 0x6F, 0xCA, 0xC2,
    0x29, 0x21, 0x38, 0x0F, 0x31, 0x83, 0xDC, 0xE3, 0x63, 0x6C, 0x06, 0x76, 0xC4, 0x37, 0xD8, 0x0C,
    0x12, 0xBA, 0xEA, 0xD5, 0x1B, 0xD2, 0xD6, 0x81, 0x53, 0x4F, 0xE2, 0x97, 0x5C, 0xB1, 0x95, 0xB8,
    0x26, 0x5F, 0x15, 0x7B, 0x9C, 0x48, 0x4E, 0xA3, 0x74, 0x4C, 0xA5, 0xE2, 0x64, 0x7B, 0x33, 0x88,
    0x62, 0x76, 0x8C, 0x3B, 0x51, 0xCC, 0x52, 0xAB, 0x66, 0x52, 0xA2, 0x42, 0xCC, 0x18, 0x22, 0x2F,
    0x66, 0x50, 0xD2, 0x28, 0x8A, 0x45, 0xB1, 0x10, 0x82, 0xAD, 0xB2, 0x49, 0x15, 0x6B, 0x92, 0x51,
    0x14, 0x5B, 0x94, 0x1F, 0x44, 0xB1, 0x8C, 0x48, 0x15, 0x4B, 0xD4, 0x0E, 0x80, 0x0F, 0x5F, 0xC0,
    0xF1, 0xB1, 0x43, 0xF4, 0x7D, 0x00, 0x35, 0xF1, 0x6F, 0x13, 0xFA, 0xF2, 0x47, 0x08, 0xC8, 0x3B,
    0xE0, 0x14, 0x50, 0x37, 0x00, 0x10, 0x93, 0x80, 0x79, 0x57, 0x20, 0xFD, 0xA6, 0x80, 0xFD, 0xA2,
    0x40, 0x9E, 0x08, 0x38, 0x85, 0xF3, 0x0A, 0x97, 0x15, 0x8E, 0x7E, 0x5E, 0xD8, 0xDF, 0xAA, 0xBE,
    0xBB, 0x65, 0x3A, 0xFB, 0x94, 0x80, 0xD5, 0xD6, 0xD3, 0xEF, 0x08, 0x98, 0xF7, 0x04, 0x22, 0x12,
    0xC0, 0xDA, 0xA1, 0xB2, 0xB9, 0xC0, 0xEF, 0xB1, 0xDB, 0x44, 0xC4, 0x2E, 0x12, 0xCD, 0x72, 0xCD,
    0x17, 0xB1, 0x75, 0x94, 0x33, 0x57, 0xAD, 0x69, 0x80, 0x21, 0x6A, 0xE4, 0x3C, 0x6A, 0x2C, 0x91,
    0xD7, 0x9A, 0x7D, 0xD6, 0x67, 0x03, 0x2C, 0xB5, 0x31, 0x8D, 0xAE, 0x61, 0x3D, 0x09, 0xA8, 0x27,
    0x57, 0x45, 0x13, 0x6A, 0xEE, 0x59, 0x0B, 0xC5, 0x14, 0x51, 0xBF, 0xD0, 0x91, 0xA9, 0x61, 0x95,
    0xF3, 0xDE, 0x35, 0xD1, 0x94, 0x50, 0x07, 0x64, 0x95, 0x6B, 0xCD, 0xB8, 0xDE, 0xC4, 0xEC, 0xC6,
    0xD3, 0x83, 0x15, 0x37, 0xA5, 0x87, 0x66, 0x4A, 0x63, 0xA2, 0x26, 0x0F, 0xCE, 0x4F, 0x70, 0x42,
    0xE5, 0xF8, 0xC5, 0x69, 0xBE, 0xA1, 0xD9, 0x49, 0xDA, 0x06, 0x6A, 0xA9, 0x0B, 0x34, 0x25, 0x1F,
    0xA8, 0x91, 0x7E, 0x79, 0x07, 0x53, 0xED, 0x5A, 0xF7, 0x33, 0x85, 0x48, 0x78, 0x59, 0x1D, 0xA5,
    0x0A, 0xF1, 0xB8, 0x5A, 0xBB, 0xF1, 0x58, 0x39, 0x08, 0x4D, 0x88, 0x48, 0xAD, 0x68, 0x57, 0xAA,
    0x82, 0x65, 0xBA, 0x11, 0x4C, 0x9F, 0xE2, 0x1B, 0xF0, 0xD0, 0xE1, 0xE1, 0x61, 0x21, 0x9E, 0x12,
    0x31, 0xFE, 0x3A, 0xD1, 0xCD, 0x42, 0x5D, 0xAF, 0x56, 0xBF, 0xB1, 0x85, 0x7B, 0xF4, 0x83, 0xD5,
    0x10, 0xF5, 0xAB, 0xED, 0x59, 0x6F, 0xAE, 0x23, 0xFE, 0xFA, 0x2A, 0x59, 0x2A, 0x90, 0x51, 0xBE,
    0x20, 0x90, 0x4F, 0x39, 0xA5, 0x04, 0xB8, 0x31, 0xA7, 0xA4, 0x57, 0x14, 0xA7, 0x7F, 0x0A, 0xBA,
    0x80, 0x93, 0xA0, 0xD8, 0x43, 0x04, 0xD8, 0xC5, 0x3E, 0x3E, 0xC9, 0xB2, 0x10, 0xED, 0x4C, 0x18,
    0xB0, 0x20, 0x4D, 0x91, 0x0C, 0x2A, 0xEA, 0xE2, 0x9E, 0xE5, 0x78, 0x13, 0xA6, 0x57, 0x7F, 0x03,
    0xA6, 0xDC, 0x32, 0x01, 0x59, 0x8F, 0x0F, 0x13, 0x89, 0xE7, 0x6E, 0x0B, 0x3D, 0xF2, 0xB9, 0x40,
    0xFC, 0xA2, 0x5C, 0x88, 0x47, 0xE2, 0x01, 0x3B, 0xEF, 0x8D, 0xB0, 0xDC, 0x6F, 0x86, 0x74, 0x44,
    0xD6, 0x00, 0xCE, 0x27, 0x23, 0x5C, 0xC5, 0xC4, 0x74, 0x1A, 0x79, 0x3C, 0x00, 0xC2, 0x4A, 0xA6,
    0x95, 0xC4, 0xA3, 0x10, 0x6D, 0x1E, 0xAE, 0x07, 0x52, 0xCF, 0x02, 0x8E, 0xB8, 0xDF, 0xB6, 0x72,
    0xA3, 0x1F, 0x3B, 0xCA, 0x1B, 0xBD, 0x47, 0x83, 0x2B, 0x20, 0x2A, 0x76, 0xB5, 0xDE, 0x93, 0xAF,
    0x61, 0x12, 0xC2, 0x66, 0x14, 0xD5, 0x8C, 0x68, 0xEE, 0x53, 0x7A, 0x93, 0x89, 0xED, 0x6A, 0x22,
    0x26, 0xF9, 0xEB, 0xF4, 0xDF, 0xA5, 0x33, 0xB9, 0x2F, 0x92, 0x3A, 0x51, 0xA6, 0x33, 0x1C, 0x93,
    0xD9, 0x4E, 0xD2, 0x76, 0x34, 0x2E, 0x24, 0x1F, 0x00, 0x33, 0xAC, 0x24, 0xF1, 0x42, 0xD8, 0xCC,
    0x4A, 0xB2, 0xC6, 0xCE, 0x72, 0xB2, 0xAB, 0x12, 0x92, 0xEA, 0x25, 0x0C, 0x55, 0xD4, 0x02, 0x33,
    0x20, 0xBD, 0x27, 0x1A, 0xA5, 0x7B, 0x41, 0x8F, 0x8B, 0x05, 0xB0, 0x37, 0x4B, 0x80, 0x97, 0x7B,
    0xD1, 0x42, 0xAF, 0xAC, 0xCF, 0x3C, 0x72, 0xF1, 0xC7, 0x5B, 0x0F, 0x57, 0x30, 0x6B, 0x6D, 0x8B,
    0x5A, 0xC3, 0xC1, 0x29, 0x15, 0x49, 0xE2, 0x58, 0x3C, 0x06, 0x66, 0xFA, 0xC0, 0x52, 0x1F, 0x98,
    0x6D, 0xB5, 0x06, 0xD4, 0x1C, 0x5C, 0x87, 0xBB, 0x55, 0xAA, 0xDC, 0xE3, 0x15, 0xD5, 0xCA, 0xCE,
    0x97, 0xFC, 0x04, 0xA8, 0x07, 0xAF, 0x8F, 0x6B, 0xF7, 0xBC, 0xA1, 0xE6, 0x54, 0x2F, 0xC5, 0x60,
    0x4E, 0xAA, 0x7F, 0x8B, 0x1A, 0x1A, 0xC5, 0xE4, 0x6F, 0x52, 0xB3, 0xA7, 0x4E, 0xA0, 0x6E, 0xAC,
    0xB0, 0x69, 0x61, 0xE9, 0x28, 0xE2, 0x07, 0x66, 0x7A, 0x61, 0x62, 0x4E, 0x98, 0x98, 0x0B, 0x2C,
    0x6F, 0x02, 0x73, 0x45, 0xB0, 0x52, 0x03, 0x75, 0x2B, 0x6C, 0x02, 0xCA, 0x2E, 0x1B, 0xF5, 0x62,
    0x5D, 0x5F, 0x8E, 0xA1, 0x4B, 0xBE, 0x4B, 0x95, 0x78, 0x97, 0xD2, 0x0B, 0x21, 0x00, 0x3C, 0x89,
    0xCD, 0x11, 0xD5, 0xA2, 0xB4, 0xF4, 0x69, 0xA0, 0xA6, 0x97, 0x69, 0x84, 0xA1, 0x01, 0x25, 0x81,
    0x43, 0x59, 0x46, 0x85, 0xA5, 0x06, 0x96, 0x2A, 0x86, 0x94, 0xAA, 0x6C, 0x81, 0x84, 0x0A, 0x81,
    0x19, 0xFC, 0x65, 0x7C, 0x80, 0xE3, 0xF0, 0xD6, 0xAA, 0x44, 0x2A, 0x06, 0x85, 0x48, 0xF1, 0xD6,
    0x45, 0x6D, 0x88, 0xA4, 0x23, 0x0A, 0xD4, 0xF4, 0xF6, 0xD7, 0x21, 0x0D, 0x01, 0xB0, 0x5A, 0x6F,
    0x9D, 0x20, 0x1D, 0xE1, 0x04, 0x94, 0xF3, 0x16, 0x10, 0x5B, 0xAA, 0x1C, 0x83, 0xD1, 0x19, 0x35,
    0x6B, 0x33, 0xF1, 0xBC, 0x49, 0x69, 0x2E, 0x2E, 0x51, 0x15, 0x13, 0x1F, 0x7C, 0x2A, 0xD1, 0x20,
    0x53, 0x1C, 0x55, 0x12, 0x81, 0xB6, 0xE7, 0xBD, 0x37, 0x8F, 0x83, 0x95, 0xD1, 0xD1, 0x69, 0xA9,
    0x47, 0x3D, 0x49, 0xC0, 0xCC, 0xA9, 0xC8, 0x09, 0x7C, 0x55, 0x19, 0x81, 0x65, 0xB0, 0xB3, 0x5C,
    0x95, 0x99, 0x80, 0x98, 0x06, 0xDC, 0x03, 0x44, 0x72, 0x71, 0x01, 0x40, 0x93, 0xC2, 0x7C, 0x2B,
    0xE4, 0x44, 0xB7, 0xC2, 0xD6, 0x29, 0xD3, 0x06, 0xC4, 0x58, 0x21, 0x90, 0x76, 0xD2, 0x50, 0xDE,
    0x49, 0xB3, 0xCE, 0x8B, 0x13, 0x65, 0x2F, 0x2E, 0x39, 0x19, 0x1D, 0x95, 0x9B, 0x59, 0x22, 0xD6,
    0x8C, 0xAB, 0x59, 0xBA, 0xB9, 0x47, 0x9D, 0xCE, 0x5E, 0x85, 0xB4, 0xF3, 0xA6, 0xCC, 0x7B, 0x27,
    0xEE, 0x74, 0x98, 0x69, 0x0E, 0xE5, 0x38, 0xE0, 0x89, 0x8F, 0xE4, 0xE8, 0x78, 0xE2, 0xBB, 0xAA,
    0x34, 0xEF, 0xB3, 0x41, 0x7C, 0x2B, 0x3B, 0x99, 0xF8, 0xEA, 0x85, 0xDA, 0xCE, 0x55, 0xF1, 0x4A,
    0x7D, 0x59, 0x44, 0x93, 0xD0, 0x74, 0x43, 0x13, 0x7F, 0x7C, 0xC2, 0xCE, 0x95, 0xE3, 0x6A, 0x40,
    0xBE, 0x4C, 0x7C, 0x2B, 0xE5, 0x26, 0x56, 0xCA, 0x0D, 0x0B, 0x55, 0x77, 0x02, 0x05, 0xB6, 0x29,
    0x5D, 0xBC, 0xF8, 0x64, 0xA0, 0x44, 0xC3, 0xAD, 0x54, 0x4E, 0xB8, 0xB0, 0x5D, 0xED, 0xEF, 0x87,
    0x12, 0x05, 0x76, 0x89, 0xE8, 0xAD, 0x22, 0x7C, 0x49, 0xD4, 0xDC, 0x4A, 0x37, 0xB5, 0x87, 0x8C,
    0xBD, 0x4E, 0xE6, 0x3B, 0x5D, 0xCF, 0xBA, 0xF4, 0x3B, 0xE4, 0xF9, 0xEB, 0x2E, 0xA1, 0x56, 0x72,
    0xAC, 0x94, 0x2A, 0x20, 0x25, 0x58, 0x02, 0x90, 0x4D, 0xC8, 0x66, 0x99, 0x9F, 0x90, 0x4B, 0x82,
    0xD7, 0x83, 0xAB, 0x99, 0xDA, 0xA3, 0xF6, 0xC0, 0x99, 0xBA, 0x05, 0xB5, 0x9F, 0x05, 0xA8, 0x31,
    0x54, 0x35, 0x00, 0x15, 0x09, 0x19, 0x4D, 0x04, 0xE7, 0x33, 0x00, 0x66, 0xB8, 0xF1, 0x11, 0x89,
    0x08, 0xF4, 0x13, 0x76, 0x64, 0xDF, 0xE8, 0xE0, 0x79, 0xF8, 0x3F, 0x95, 0x3D, 0x63, 0x54, 0xAC,
    0xFE, 0xA5, 0x54, 0x08, 0xFE, 0x17, 0xD2, 0x8F, 0x5F, 0x9C, 0x04, 0xF7, 0x35, 0x3E, 0x99, 0x36,
    0xF3, 0x8C, 0x19, 0x34, 0x35, 0x7F, 0x15, 0x25, 0x57, 0x33, 0x1D, 0x64, 0x3C, 0xD9, 0x2A, 0xD2,
    0x69, 0x01, 0x66, 0x92, 0x5A, 0x48, 0x07, 0x3D, 0xCD, 0xCA, 0xE9, 0x3D, 0x9C, 0xB4, 0xF2, 0x0A,
    0x4A, 0x06, 0x3C, 0x1B, 0x0D, 0x82, 0x9F, 0x48, 0x5B, 0xC1, 0x9D, 0x1B, 0xB8, 0xF5, 0xD8, 0x6B,
    0x15, 0xB5, 0xF5, 0x67, 0x05, 0xD9, 0x5D, 0x64, 0x78, 0x54, 0x39, 0x12, 0xE0, 0x48, 0x3F, 0x3C,
    0xC4, 0xE9, 0x49, 0xEC, 0x79, 0x65, 0x80, 0xF8, 0x8B, 0xC5, 0x82, 0x69, 0x03, 0x76, 0xF8, 0x8C,
    0xAD, 0x4C, 0x87, 0xAC, 0x30, 0x6C, 0xED, 0x6C, 0x5E, 0xD9, 0x06, 0xCF, 0x23, 0x65, 0x97, 0x1B,
    0x57, 0xEC, 0x55, 0x18, 0x91, 0xB1, 0x7D, 0xCC, 0xF1, 0x55, 0x98, 0x1E, 0xFB, 0x00, 0x3E, 0x14,
    0x8D, 0x67, 0x4A, 0xA4, 0x3E, 0xE2, 0xFA, 0x0F, 0xC6, 0xFE, 0x59, 0x4E, 0xFF, 0x25, 0xF7, 0xBC,
    0x10, 0xFD, 0xF5, 0xE3, 0x23, 0x5C, 0xF3, 0x49, 0xC8, 0xF1, 0x3B, 0x66, 0x40, 0xFD, 0x58, 0x07,
    0x3D, 0x6C, 0x0F, 0x7A, 0x60, 0xE5, 0xC8, 0xBC, 0xA1, 0xE0, 0xBF, 0x4E, 0xDF, 0xE1, 0x28, 0x5B,
    0xD5, 0x5D, 0x0E, 0xFA, 0x9F, 0x7B, 0x3E, 0xF0, 0x88, 0x5A, 0x17, 0x6C, 0x21, 0xA1, 0x4A, 0xF4,
    0x0D, 0x61, 0x8E, 0xC2, 0x87, 0xE4, 0xB7, 0x28, 0xD2, 0x1B, 0x15, 0x5F, 0xC1, 0xC7, 0xB3, 0x29,
    0x26, 0x6D, 0x7C, 0x44, 0xEB, 0x46, 0xA3, 0xFD, 0x32, 0x9F, 0x4C, 0x51, 0xF6, 0xC9, 0xA4, 0x8D,
    0x4F, 0xA7, 0x40, 0x5D, 0x3A, 0x22, 0xE2, 0x0F, 0x0B, 0x50, 0x93, 0x0E, 0xB8, 0x93, 0x3F, 0x5C,
    0x81, 0x21, 0x76, 0xFB, 0x41, 0x80, 0x55, 0x4C, 0x64, 0xBD, 0x73, 0x00, 0xE0, 0xE3, 0x72, 0x35,
    0xA9, 0x8F, 0x0B, 0x96, 0x43, 0x96, 0x19, 0x49, 0x77, 0x46, 0x9A, 0x97, 0xD5, 0x92, 0x69, 0x7F,
    0x5F, 0x3C, 0x7E, 0xEB, 0xE9, 0x16, 0xC0, 0x5F, 0x57, 0x61, 0xED, 0x05, 0xE0, 0x1E, 0x04, 0x47,
    0x0B, 0xC5, 0xBC, 0x87, 0x9C, 0x4C, 0xF4, 0xEF, 0x5A, 0x1D, 0xEF, 0xE2, 0xBE, 0xFD, 0xB4, 0xC6,
    0xCA, 0x5D, 0xD4, 0x1D, 0xE3, 0x88, 0x53, 0x0C, 0xF1, 0xB0, 0xD6, 0xEE, 0x37, 0x2B, 0xA7, 0x5F,
    0x53, 0x8C, 0xE9, 0x86, 0xB8, 0x65, 0x89, 0x1A, 0xBE, 0x5E, 0x47, 0xE4, 0x91, 0x8E, 0x51, 0xC7,
    0x99, 0x77, 0x32, 0xA7, 0x05, 0xDC, 0x00, 0x43, 0x9F, 0x04, 0xB2, 0x51, 0xE2, 0x32, 0x9F, 0x04,
    0xF2, 0x40, 0x3A, 0x42, 0x5A, 0x49, 0x16, 0x74, 0x1E, 0xD2, 0x45, 0xB3, 0x5E, 0xD1, 0x0E, 0x8A,
    0xC9, 0xA8, 0x68, 0x46, 0xFD, 0x89, 0x6E, 0x45, 0x2F, 0xF8, 0x70, 0xDC, 0x0A, 0xD2, 0x1B, 0xC5,
    0x82, 0x43, 0x42, 0xB3, 0x4C, 0xD4, 0x99, 0x5C, 0x4C, 0xE2, 0x9F, 0xB3, 0x5E, 0xA6, 0xEB, 0x83,
    0xB8, 0x91, 0x64, 0x09, 0x72, 0x64, 0x95, 0x40, 0x71, 0x5E, 0xC0, 0x74, 0xDF, 0x10, 0x4C, 0xA9,
    0x51, 0x9C, 0x05, 0x10, 0x5D, 0x01, 0x3E, 0x77, 0x58, 0x20, 0x3E, 0x7C, 0xA9, 0xA6, 0x02, 0x86,
    0xC6, 0xEB, 0x57, 0x17, 0xB8, 0x39, 0x1E, 0xD9, 0x05, 0xBA, 0xFD, 0xBF, 0x2D, 0xF8, 0xCA, 0xC5,
    0xA7, 0x18, 0x88, 0x28, 0x80, 0xFE, 0xEE, 0xEF, 0x06, 0xAE, 0x3D, 0xBD, 0xC0, 0x4F, 0x8E, 0xD6,
    0x2B, 0x5A, 0x01, 0x6B, 0xDC, 0x8E, 0x02, 0xD6, 0xD4, 0xAF, 0xDD, 0xDE, 0x0B, 0x9A, 0x6D, 0x94,
    0xDC, 0x43, 0xB1, 0xDD, 0xD2, 0xCE, 0x1E, 0x63, 0x95, 0xCF, 0x92, 0x5C, 0x3C, 0xB6, 0xAE, 0xE0,
    0x52, 0x22, 0xCF, 0x98, 0x0B, 0xBA, 0xF9, 0xB2, 0xA1, 0x9E, 0xD1, 0xC7, 0x8C, 0x25, 0x35, 0x82,
    0x35, 0x15, 0xF2, 0x3D, 0x91, 0x36, 0x45, 0xD3, 0x8A, 0xA3, 0x34, 0x19, 0xD1, 0x20, 0x59, 0x4C,
    0x4C, 0x5E, 0x9A, 0x32, 0x01, 0x25, 0x15, 0xAA, 0xE4, 0x9C, 0x9C, 0x0A, 0x71, 0xCB, 0x91, 0xB8,
    0x25, 0x68, 0x8F, 0xB1, 0x92, 0x54, 0x25, 0xA3, 0x42, 0x30, 0x67, 0xA4, 0xB8, 0x70, 0x24, 0xCB,
    0x9E, 0x86, 0x31, 0x27, 0x82, 0x9B, 0xB9, 0x6E, 0xBF, 0x66, 0xB8, 0xC0, 0xDF, 0xA4, 0xCF, 0xBD,
    0xAA, 0xCB, 0x8F, 0x07, 0x45, 0xEA, 0xF5, 0x7B, 0xEA, 0x14, 0xA7, 0xB0, 0xB8, 0x0B, 0xAB, 0x4A,
    0x95, 0x87, 0xF5, 0x11, 0x14, 0x7D, 0x3E, 0x1A, 0xF4, 0x71, 0x7F, 0x3F, 0xFA, 0xA4, 0x7F, 0xDB,
    0xFA, 0xDC, 0x7A, 0xFC, 0xEA, 0x1C, 0xC8, 0x5B, 0xAD, 0x92, 0x78, 0x48, 0x94, 0x20, 0xAF, 0x3E,
    0x7A, 0xBC, 0xAC, 0x79, 0x4E, 0x59, 0xD6, 0x45, 0x5E, 0x59, 0x5D, 0x98, 0x4E, 0x88, 0x99, 0x60,
    0xDB, 0x10, 0xC7, 0xF3, 0x46, 0x6B, 0xB6, 0x28, 0x2B, 0x26, 0x0C, 0x24, 0x04, 0x84, 0x58, 0x59,
    0x34, 0xC1, 0x4C, 0x1F, 0x5A, 0xED, 0xDA, 0x51, 0x98, 0xE9, 0x91, 0xAD, 0xCC, 0xC3, 0xF5, 0x81,
    0x95, 0xFE, 0x57, 0xE4, 0xBC, 0x0E, 0xE4, 0x1F, 0x64, 0xC6, 0x31, 0xAB, 0x3D, 0xCB, 0x0C, 0xDE,
    0x50, 0xD3, 0x08, 0x7B, 0x24, 0xA1, 0x17, 0x0A, 0x61, 0x1F, 0xB5, 0xF4, 0xCF, 0x34, 0xC0, 0xC7,
    0xEF, 0xD0, 0x01, 0x34, 0x90, 0xB9, 0x49, 0x43, 0x3B, 0x50, 0x0F, 0x80, 0x7E, 0x26, 0x2F, 0x8C,
    0xC3, 0x5D, 0x2B, 0xEC, 0x0A, 0x12, 0x2A, 0xA0, 0xE1, 0xDC, 0xAA, 0x26, 0x1F, 0x97, 0x10, 0x0C,
    0x0D, 0xE4, 0x75, 0x2B, 0x2C, 0x41, 0x1C, 0x82, 0xCE, 0x5B, 0x7B, 0x9D, 0x32, 0x8D, 0xDF, 0xFA,
    0xEB, 0x1B, 0xD2, 0x14, 0xB5, 0x38, 0x8D, 0x9A, 0x66, 0x3C, 0x17, 0x13, 0xD1, 0x7B, 0xAD, 0xF9,
    0xC9, 0x25, 0x22, 0x9E, 0x3B, 0xCB, 0xE1, 0xC1, 0xBB, 0x80, 0xB8, 0xF2, 0x9F, 0xE0, 0x93, 0x2B,
    0xBE, 0x90, 0x0C, 0x9F, 0x05, 0x70, 0x4D, 0x4C, 0x8A, 0xE9, 0x58, 0x4B, 0xDA, 0x94, 0xD1, 0x89,
    0x12, 0x6B, 0x59, 0x9C, 0x28, 0xAB, 0x0F, 0x28, 0x8B, 0xCD, 0xF9, 0x33, 0xF0, 0x08, 0x30, 0x02,
    0x47, 0x88, 0x7A, 0xC4, 0x13, 0x4C, 0x8B, 0x84, 0x90, 0x16, 0xDC, 0xE1, 0xF7, 0x81, 0x47, 0x6B,
    0xEA, 0x80, 0xBB, 0xD7, 0x88, 0x7A, 0xE1, 0xFD, 0x29, 0xC5, 0x61, 0x97, 0xFE, 0x67, 0x26, 0x49,
    0x0B, 0x3C, 0x97, 0x54, 0xBA, 0x93, 0x11, 0x7B, 0xD3, 0x70, 0x09, 0xA4, 0x0D, 0xB3, 0xB4, 0x01,
    0xF2, 0x82, 0x59, 0x0E, 0x59, 0x8F, 0x56, 0x72, 0x1A, 0x26, 0x24, 0x00, 0x74, 0x3E, 0xB8, 0x0B,
    0xEC, 0x01, 0x92, 0x01, 0xF7, 0xCB, 0x2D, 0x86, 0xED, 0x59, 0x73, 0xD3, 0xC9, 0x32, 0xF1, 0x59,
    0xB0, 0x67, 0x70, 0x1D, 0x1A, 0x65, 0x75, 0x63, 0x0A, 0x61, 0x11, 0x35, 0xA7, 0x21, 0x2C, 0xA6,
    0xE2, 0xE3, 0xD2, 0x15, 0x60, 0x08, 0x57, 0xA4, 0x2B, 0x20, 0x25, 0x53, 0x30, 0x7B, 0x0E, 0x76,
    0x62, 0x6D, 0x59, 0xD7, 0x7C, 0x6E, 0x85, 0xC5, 0x6F, 0xBA, 0x29, 0x74, 0x72, 0xEA, 0x95, 0x84,
    0x1E, 0x20, 0xBA, 0x76, 0x2B, 0x33, 0x9B, 0x5C, 0xE1, 0x98, 0xA5, 0xA4, 0x78, 0x41, 0x7A, 0xC5,
    0x83, 0xC0, 0x03, 0x97, 0x0E, 0xF2, 0x11, 0x7C, 0xD3, 0xCE, 0xE2, 0x93, 0xCE, 0x83, 0x1D, 0xBD,
    0x20, 0x15, 0x0C, 0xF8, 0xEB, 0x98, 0x38, 0xA1, 0x62, 0xB9, 0xD3, 0xF7, 0x5A, 0xBC, 0xC2, 0x26,
    0xBE, 0x72, 0xBD, 0xB8, 0xFE, 0x4C, 0xB1, 0xAE, 0xC1, 0xA3, 0x55, 0xDC, 0x9D, 0xAF, 0x69, 0xF6,
    0xDD, 0x72, 0xBB, 0x32, 0xE7, 0x52, 0x3B, 0xCA, 0x80, 0xDE, 0x05, 0x72, 0x82, 0xD3, 0x65, 0xC9,
    0x07, 0x94, 0xFA, 0xDB, 0x5D, 0x29, 0x2F, 0x4B, 0x39, 0x72, 0x19, 0x0D, 0x5C, 0x1A, 0xCF, 0xA5,
    0x6D, 0xB9, 0x2C, 0x0B, 0x2E, 0x27, 0x70, 0xD9, 0xC9, 0x82, 0xAD, 0x00, 0x4A, 0x5D, 0x3A, 0xD6,
    0x5C, 0xBE, 0xE8, 0xB8, 0xC4, 0x6D, 0xCB, 0xA4, 0x65, 0x4F, 0xD2, 0x46, 0x56, 0xAF, 0x0D, 0x2C,
    0x35, 0x39, 0x87, 0xA4, 0x1B, 0x24, 0x3E, 0xCB, 0x96, 0x89, 0x88, 0x17, 0x69, 0x64, 0xB9, 0x7B,
    0x8D, 0x9C, 0x73, 0x11, 0x56, 0x8D, 0x31, 0xBD, 0x89, 0x3D, 0x2A, 0xEC, 0xC4, 0xCD, 0xB5, 0x79,
    0x27, 0xF9, 0x9D, 0x6B, 0x64, 0xC0, 0x6B, 0x3A, 0xEB, 0x6B, 0x01, 0x10, 0x0E, 0x8B, 0x87, 0x0E,
    0x50, 0x47, 0x54, 0x95, 0x1D, 0xEA, 0x98, 0x8A, 0xBA, 0x45, 0xF9, 0x84, 0xE4, 0x6F, 0xEE, 0x0D,
    0x81, 0xEC, 0xDD, 0x19, 0x12, 0x1A, 0xA7, 0x88, 0x0A, 0x44, 0x34, 0xC5, 0xBA, 0x44, 0x7B, 0x8F,
    0x34, 0x50, 0x33, 0x64, 0x33, 0xB1, 0xA2, 0x79, 0x9F, 0xD2, 0xB4, 0x80, 0x6E, 0xFB, 0x3A, 0x6F,
    0xC7, 0xB2, 0x15, 0xB0, 0x9E, 0x57, 0xF7, 0x43, 0xD2, 0xB3, 0x3B, 0x3D, 0x67, 0xA1, 0x4D, 0xEE,
    0xCD, 0x08, 0x6A, 0xDC, 0x31, 0x0C, 0x0A, 0xBD, 0x80, 0xF5, 0xA8, 0x6F, 0xD2, 0x5C, 0x77, 0xBA,
    0xEB, 0x54, 0x21, 0xA3, 0xEF, 0xB1, 0xE9, 0xE8, 0x9F, 0xE2, 0xB7, 0x2F, 0xE0, 0x73, 0x1A, 0x28,
    0xEA, 0x86, 0xE1, 0x5C, 0xED, 0x05, 0xAE, 0x8D, 0x02, 0x47, 0xA5, 0x42, 0x5E, 0x09, 0xA4, 0x9D,
    0x40, 0x3C, 0xC8, 0x99, 0xB8, 0x2E, 0xC0, 0x7A, 0x72, 0x3D, 0xDB, 0xF2, 0xEF, 0x46, 0xD3, 0x6B,
    0xBD, 0x89, 0x21, 0xAB, 0x1C, 0x43, 0xD2, 0xD9, 0x46, 0xEA, 0x19, 0xBF, 0x00, 0xAE, 0x63, 0x64,
    0xC8, 0xAB, 0x92, 0x21, 0x6D, 0xB3, 0x66, 0x01, 0xD3, 0x27, 0xDD, 0x02, 0x98, 0xA2, 0x81, 0xC1,
    0x15, 0xD7, 0x19, 0x6C, 0x93, 0x8F, 0x0B, 0x18, 0x9F, 0x32, 0x60, 0x8C, 0x05, 0x4A, 0x1C, 0x31,
    0x48, 0x3D, 0x20, 0xF1, 0x02, 0xD1, 0x28, 0x80, 0xEB, 0xFB, 0x02, 0xF9, 0x28, 0x90, 0x2A, 0xC4,
    0xE3, 0xB2, 0xCE, 0xC5, 0xE9, 0xC3, 0xC3, 0x2B, 0xDA, 0x63, 0xA9, 0xB0, 0xA4, 0xA3, 0xE7, 0x2A,
    0x51, 0x73, 0x9A, 0x48, 0xBE, 0x07, 0x0B, 0x6F, 0xC3, 0xE4, 0x40, 0xFE, 0x38, 0x87, 0x2B, 0x17,
    0x9E, 0xB6, 0x81, 0x0F, 0x27, 0xF8, 0xB8, 0xE1, 0xE5, 0xBC, 0xE1, 0x8E, 0x36, 0x3C, 0xA3, 0xEA,
    0x98, 0x5B, 0x6A, 0x16, 0xBE, 0xF3, 0x75, 0xE6, 0x09, 0x75, 0x69, 0x1B, 0x89, 0x1B, 0xA5, 0x21,
    0x9F, 0xB6, 0x09, 0xD1, 0xB4, 0xF0, 0x88, 0x86, 0x45, 0x93, 0xD1, 0xF0, 0x74, 0x08, 0x1A, 0xD3,
    0xD6, 0xF5, 0x11, 0x35, 0x0B, 0xAF, 0xA7, 0x85, 0x7B, 0x08, 0x77, 0x94, 0xB6, 0xE5, 0xC2, 0xDB,
    0x85, 0xE7, 0xF4, 0xE9, 0x63, 0x6E, 0xE9, 0x8F, 0x8E, 0x79, 0x4A, 0x7F, 0x76, 0xCC, 0x0D, 0xBD,
    0x77, 0x5C, 0x37, 0x26, 0x3A, 0xB6, 0x09, 0xA2, 0xD0, 0x96, 0x8C, 0xE4, 0x94, 0x9E, 0x9E, 0xC1,
    0xDC, 0x11, 0xFB, 0x36, 0x08, 0xCF, 0xA9, 0x5D, 0x26, 0xD9, 0x42, 0xB8, 0x5D, 0xB8, 0xEA, 0x03,
    0xA4, 0x81, 0xCB, 0x60, 0x6A, 0x33, 0x22, 0x2A, 0x9E, 0xA2, 0xB7, 0x98, 0xE7, 0xCC, 0x6B, 0x22,
    0x44, 0x27, 0x38, 0x56, 0xBE, 0xBD, 0xE5, 0x34, 0x08, 0xC9, 0x89, 0xC4, 0x5A, 0x44, 0x37, 0x3F,
    0x53, 0x8F, 0x6B, 0x66, 0x2C, 0xA3, 0x43, 0xD6, 0x45, 0x79, 0x27, 0x2D, 0x4A, 0xD0, 0x8D, 0xC7,
    0x53, 0x17, 0x2F, 0x16, 0x3C, 0x05, 0xFB, 0x8C, 0x68, 0xE6, 0x2B, 0xED, 0x52, 0xE2, 0x8C, 0x81,
    0x47, 0x38, 0x21, 0xF3, 0x59, 0x93, 0x57, 0x20, 0xA4, 0xBD, 0x6D, 0x1D, 0x40, 0x48, 0x86, 0xA4,
    0x5B, 0x89, 0xF1, 0xCF, 0x6F, 0x93, 0xDE, 0xF8, 0xCB, 0x4C, 0xAC, 0x8F, 0x95, 0x94, 0x9D, 0x12,
    0xA2, 0x2A, 0x96, 0x73, 0xE8, 0x06, 0xD6, 0x93, 0xB1, 0x10, 0x77, 0x0B, 0x49, 0xBA, 0xBC, 0x60,
    0x22, 0x1D, 0x59, 0x88, 0x6D, 0x6C, 0xBB, 0x43, 0x5F, 0x01, 0xF2, 0x2A, 0xF1, 0x19, 0x89, 0x9E,
    0xF1, 0x78, 0xFA, 0xF0, 0xEB, 0x40, 0x78, 0xF0, 0x64, 0x06, 0xC0, 0xB5, 0x12, 0x4A, 0x00, 0x7B,
    0x03, 0x88, 0xA8, 0x02, 0x62, 0x7A, 0xEB, 0xD4, 0xDE, 0x04, 0x68, 0xE8, 0xE9, 0xD6, 0x50, 0x34,
    0x85, 0x6D, 0x73, 0xC5, 0xA0, 0x5E, 0xDC, 0xAE, 0xC4, 0x56, 0x2B, 0xD9, 0x5D, 0x11, 0x47, 0xE1,
    0x94, 0x5E, 0xE6, 0x8B, 0x4A, 0x36, 0x96, 0xA5, 0xA7, 0xD9, 0x16, 0xC8, 0x6E, 0x5C, 0xD5, 0x8D,
    0xE5, 0xEB, 0x48, 0x08, 0xAE, 0x81, 0xE1, 0x5C, 0xAE, 0x70, 0x15, 0xB2, 0x02, 0xA0, 0xA6, 0xAC,
    0x64, 0x21, 0x5C, 0x36, 0x75, 0x11, 0x7B, 0xB0, 0x9F, 0x75, 0x91, 0x56, 0x4C, 0xBA, 0xBA, 0x78,
    0x18, 0x4C, 0x7C, 0x5D, 0x3D, 0xB7, 0x92, 0xCF, 0x7B, 0x25, 0xE5, 0x1B, 0x8D, 0x12, 0xF7, 0x5D,
    0xED, 0xEA, 0x9D, 0xD3, 0x47, 0x69, 0x65, 0x9B, 0x0D, 0xC8, 0x46, 0xE8, 0x36, 0x65, 0x3E, 0x72,
    0x13, 0xC9, 0x0C, 0xC7, 0xA4, 0x60, 0x07, 0x3A, 0xC4, 0x24, 0x9B, 0x59, 0x92, 0x87, 0x3D, 0x50,
    0x77, 0x39, 0x90, 0x0E, 0xF8, 0xA4, 0xEB, 0xB3, 0x82, 0xF5, 0x39, 0x97, 0x8D, 0xB2, 0xF1, 0x89,
    0xE7, 0xD2, 0xD9, 0x4C, 0x97, 0x66, 0xE0, 0x1B, 0x86, 0x34, 0x6A, 0xFB, 0x88, 0xAA, 0x88, 0x33,
    0x17, 0xE9, 0xD9, 0x10, 0x52, 0xB6, 0x2B, 0x71, 0xC7, 0xA4, 0x13, 0xF2, 0x2A, 0x72, 0xFD, 0xE6,
    0x5C, 0x20, 0x39, 0x9C, 0xD6, 0xB2, 0x6D, 0x59, 0x40, 0xE5, 0x9E, 0x71, 0xBC, 0x72, 0xDD, 0x3E,
    0x3E, 0x77, 0x78, 0xF8, 0xF5, 0x62, 0xDD, 0x75, 0xBA, 0x7E, 0xF5, 0xED, 0xAB, 0x54, 0x1D, 0xD9,
    0x22, 0x79, 0xA7, 0xE3, 0xF2, 0xF5, 0x9E, 0xCB, 0x66, 0x94, 0xF2, 0xB2, 0x94, 0xBB, 0x1F, 0x50,
    0x9E, 0x97, 0x72, 0x5F, 0xCA, 0x81, 0xCB, 0x37, 0x3C, 0x97, 0xDF, 0x6D, 0x97, 0xB5, 0xD9, 0x53,
    0x54, 0x1C, 0x59, 0xB6, 0xCF, 0x65, 0xB5, 0x94, 0x05, 0xF0, 0x0B, 0x95, 0xBC, 0xFE, 0x02, 0x6A,
    0xDA, 0x94, 0xD8, 0xDA, 0xF8, 0x3C, 0x10, 0x52, 0x93, 0x5E, 0x75, 0x32, 0x17, 0x51, 0xDD, 0x84,
    0x4E, 0xD9, 0x03, 0x28, 0x99, 0x8C, 0x00, 0x66, 0x26, 0x25, 0x60, 0x7E, 0xCC, 0xE4, 0xB7, 0x2A,
    0x24, 0x7F, 0xC2, 0xE4, 0x53, 0x0D, 0xEC, 0xEB, 0x4C, 0x9E, 0xE8, 0x60, 0x1F, 0xF7, 0x90, 0x22,
    0x8B, 0x99, 0x14, 0x1E, 0xB9, 0x92, 0x1E, 0xBB, 0x4A, 0x06, 0x9C, 0x57, 0x72, 0xB4, 0x21, 0xE7,
    0x94, 0xEC, 0xBF, 0x9F, 0xBC, 0xFF, 0xE4, 0x60, 0xE7, 0xD5, 0x40, 0x86, 0x4D, 0x13, 0x59, 0x68,
    0xDD, 0x7E, 0x61, 0xF5, 0x27, 0x79, 0x5D, 0x3C, 0x6C, 0x83, 0xCF, 0x0D, 0xA2, 0x9B, 0x4C, 0xF6,
    0x00, 0xD4, 0x4C, 0x24, 0xA1, 0x60, 0x32, 0x00, 0x48, 0x6F, 0x40, 0x7B, 0x4E, 0x44, 0x33, 0xD1,
    0x9A, 0x68, 0x85, 0x50, 0xF5, 0x7F, 0xF5, 0xE1, 0xD1, 0xED, 0x60, 0x7A, 0x25, 0xD7, 0x30, 0x29,
    0x71, 0xF2, 0x68, 0x46, 0x47, 0x7D, 0x27, 0x24, 0x7D, 0xEB, 0xA9, 0x41, 0x88, 0x59, 0x75, 0xD5,
    0x58, 0xF2, 0xBE, 0x55, 0xCB, 0xDB, 0x57, 0xFF, 0xA0, 0x50, 0x76, 0x00, 0xD4, 0xC2, 0xA2, 0x37,
    0x01, 0xF3, 0x45, 0x31, 0xF3, 0x00, 0xFF, 0xC8, 0x4C, 0x2B, 0xF9, 0xE1, 0x73, 0xD1, 0xC4, 0x16,
    0x8B, 0x1D, 0xE9, 0xEB, 0x92, 0xCF, 0x27, 0x30, 0x0D, 0xD8, 0xC3, 0xB3, 0x0B, 0x4D, 0x2B, 0xA1,
    0x0D, 0x52, 0x64, 0x60, 0x1A, 0x17, 0xB0, 0x70, 0x42, 0x77, 0x80, 0x0C, 0x13, 0x22, 0xE2, 0x5A,
    0x78, 0x38, 0x1A, 0x61, 0x26, 0xD9, 0xAB, 0x39, 0x6F, 0x06, 0x8E, 0xA7, 0xF8, 0x18, 0x70, 0x94,
    0xF6, 0xC8, 0x3A, 0xB6, 0x15, 0xF5, 0x99, 0x47, 0xA9, 0x66, 0xBD, 0x7B, 0xF7, 0x0B, 0x3D, 0xF8,
    0x84, 0xAC, 0x29, 0x7F, 0x28, 0x57, 0x7C, 0x2F, 0x6A, 0x90, 0xEE, 0x81, 0x9D, 0xBE, 0x34, 0x44,
    0xD4, 0xE4, 0xE2, 0xF8, 0xF5, 0xC2, 0x50, 0x95, 0x17, 0x21, 0xF5, 0x0C, 0xA2, 0xC0, 0x12, 0xCA,
    0x4A, 0xB7, 0x37, 0xB2, 0x09, 0x75, 0xB5, 0x2E, 0x67, 0x46, 0xF1, 0x36, 0xE7, 0xE9, 0xAE, 0x8F,
    0xE9, 0x78, 0x41, 0x63, 0x08, 0x77, 0xAF, 0xDB, 0x54, 0xC9, 0x84, 0xB3, 0x70, 0x1D, 0x0C, 0x15,
    0x76, 0x44, 0x23, 0x5B, 0x54, 0x33, 0xEC, 0x18, 0x17, 0xB2, 0x41, 0x35, 0xC0, 0x0E, 0xA7, 0x75,
    0x7B, 0xAA, 0x85, 0xED, 0xEF, 0x97, 0xCD, 0xA9, 0x99, 0xAD, 0x5F, 0x09, 0xEB, 0x1A, 0xA3, 0x7B,
    0xFD, 0x17, 0x6E, 0x7D, 0xCA, 0x21, 0xC3, 0xBC, 0x5B, 0x47, 0x78, 0x46, 0x23, 0x62, 0x09, 0xB1,
    0xA5, 0x26, 0x05, 0x40, 0xD4, 0xA5, 0xD4, 0x9C, 0x37, 0x04, 0x24, 0x45, 0x44, 0xDD, 0x2B, 0xAC,
    0x9B, 0x05, 0xCA, 0x1F, 0x49, 0x74, 0x3F, 0x0F, 0xE4, 0xEF, 0x15, 0xCC, 0x9E, 0x07, 0x2C, 0x89,
    0xC0, 0xB5, 0xCE, 0x56, 0xF4, 0x0E, 0x5F, 0x60, 0xC2, 0x17, 0x35, 0xA0, 0xEC, 0x60, 0x66, 0x09,
    0xCE, 0xAE, 0x17, 0xF6, 0x9C, 0x5C, 0x7A, 0x3C, 0xC9, 0xF2, 0xC3, 0xCC, 0xCC, 0x4A, 0xE9, 0x6F,
    0x0B, 0xCB, 0x24, 0xD8, 0x5F, 0x47, 0x3C, 0x93, 0xF8, 0x72, 0x84, 0x98, 0xBE, 0xB2, 0x37, 0x03,
    0xF8, 0x06, 0xE2, 0x51, 0xAA, 0x47, 0x2D, 0xB8, 0x37, 0xCC, 0xEC, 0x55, 0x60, 0x77, 0x00, 0xA6,
    0x0F, 0x7D, 0xC7, 0xF8, 0x63, 0xD6, 0x05, 0x96, 0xB4, 0x81, 0xA5, 0x8D, 0x32, 0xF1, 0x08, 0x75,
    0xC1, 0x2C, 0x5B, 0x97, 0x59, 0x0E, 0xE7, 0x98, 0x35, 0x45, 0x44, 0x8D, 0xEC, 0x45, 0xFF, 0x75,
    0x93, 0x90, 0x3C, 0xE5, 0x77, 0x84, 0x4C, 0xFB, 0x70, 0x36, 0xE0, 0x11, 0x3B, 0x68, 0xAC, 0xC4,
    0x81, 0xCE, 0x3D, 0x49, 0xB1, 0x1D, 0x1E, 0x0F, 0x35, 0xCC, 0xE8, 0x25, 0x48, 0x88, 0x6C, 0x00,
    0x09, 0x92, 0x5E, 0xF1, 0xF5, 0x41, 0xB1, 0x39, 0x5A, 0xF1, 0xF2, 0x8A, 0xBB, 0x3F, 0x05, 0x2F,
    0x6F, 0xD7, 0x7B, 0x6D, 0x50, 0xFC, 0x23, 0xAF, 0xA8, 0xED, 0x10, 0xCD, 0x50, 0xF4, 0x82, 0x5F,
    0x6D, 0x07, 0xC1, 0x27, 0xBA, 0x7D, 0xC1, 0xC7, 0x7C, 0x2E, 0x58, 0x8C, 0xB6, 0x12, 0x3C, 0x9F,
    0x34, 0x82, 0xB9, 0xF1, 0x82, 0xB6, 0xEA, 0xB7, 0xDA, 0x31, 0xDE, 0x09, 0xA2, 0xCF, 0x0A, 0xC1,
    0xA3, 0xB4, 0x11, 0xDC, 0x35, 0x9D, 0x84, 0xD6, 0xEC, 0x33, 0xBD, 0x84, 0x55, 0x4B, 0xA3, 0xA0,
    0xA1, 0x59, 0x1E, 0xA9, 0x7C, 0x1D, 0xAB, 0x10, 0x92, 0xDB, 0xBC, 0xCC, 0x44, 0xFA, 0x22, 0x11,
    0xF6, 0xA8, 0x93, 0xDF, 0x21, 0x21, 0x09, 0xB0, 0x84, 0x98, 0x46, 0x25, 0x11, 0x4D, 0x4A, 0x40,
    0xF3, 0x07, 0x93, 0x29, 0x9C, 0x3C, 0xDE, 0x42, 0x4C, 0x30, 0x98, 0x50, 0xA7, 0x24, 0xA7, 0x4A,
    0x08, 0xD1, 0x26, 0xA7, 0xC8, 0xA9, 0x17, 0xD2, 0x2B, 0x89, 0x69, 0x4A, 0xA8, 0x5D, 0x08, 0x6A,
    0x8A, 0x27, 0x30, 0x71, 0xF4, 0xCD, 0x5E, 0x88, 0x6C, 0xB5, 0xAA, 0xC1, 0x39, 0xB4, 0x45, 0x4A,
    0x50, 0x53, 0xA5, 0x84, 0xA8, 0x5B, 0x5B, 0xA7, 0x41, 0x6B, 0x7D, 0x9B, 0xCF, 0x26, 0x82, 0x6B,
    0x88, 0xAA, 0xCF, 0x10, 0xED, 0xD0, 0x9B, 0x8E, 0xDE, 0xAC, 0x89, 0x2C, 0x8D, 0x29, 0x0D, 0x4A,
    0x70, 0x95, 0x95, 0x39, 0x03, 0x3D, 0xB2, 0x6E, 0x45, 0x2A, 0x04, 0x23, 0xEA, 0xB1, 0xF5, 0x54,
    0x02, 0xB5, 0x02, 0xAE, 0xAF, 0x38, 0x42, 0x9F, 0x5D, 0x8D, 0xAB, 0xCE, 0x13, 0x70, 0x35, 0xC8,
    0x4C, 0x7C, 0xE5, 0x5E, 0x44, 0xB6, 0x34, 0x8A, 0x53, 0x19, 0x4D, 0xAB, 0x22, 0xB3, 0xA0, 0x23,
    0x12, 0xBC, 0x5E, 0x2B, 0x8E, 0x8A, 0xD1, 0x8A, 0x71, 0xAF, 0xE7, 0x19, 0xAF, 0xF5, 0xD2, 0x3F,
    0x57, 0x3B, 0xF6, 0x0D, 0xF2, 0x8C, 0xD9, 0x77, 0xA9, 0x55, 0x3D, 0xE7, 0xA0, 0xEB, 0x8A, 0x7E,
    0xC5, 0x41, 0xF0, 0x06, 0x4D, 0x82, 0x7D, 0x4D, 0x82, 0xDE, 0xA9, 0x6C, 0x5D, 0xAE, 0xCA, 0x36,
    0x56, 0xD5, 0xAB, 0x52, 0x12, 0xC9, 0x0B, 0xA3, 0xED, 0x68, 0x1A, 0x52, 0x8B, 0xBC, 0x05, 0xD4,
    0xD7, 0x86, 0x9F, 0x30, 0x21, 0xA7, 0x1B, 0x32, 0x5B, 0xA7, 0x44, 0x82, 0xD8, 0xDB, 0x2C, 0x34,
    0x6C, 0xB3, 0xB5, 0xE1, 0x8C, 0x10, 0x8D, 0x9D, 0x02, 0x7E, 0x17, 0xB7, 0x06, 0xC1, 0xF6, 0xF4,
    0x4B, 0xC0, 0x43, 0x57, 0xB2, 0x2F, 0x8C, 0xA9, 0x3C, 0x32, 0xDE, 0xC5, 0x35, 0x10, 0x40, 0xB8,
    0x8C, 0x73, 0x81, 0xDC, 0x8D, 0x77, 0xAA, 0xF8, 0x1D, 0x31, 0xF2, 0xDD, 0xC6, 0x5C, 0x95, 0x64,
    0xEA, 0x3B, 0x6D, 0x92, 0xC3, 0x52, 0x81, 0x6F, 0xFB, 0xBB, 0x72, 0x44, 0xE4, 0xF1, 0x27, 0xFE,
    0x4C, 0x2E, 0x5B, 0xEF, 0xED, 0xF0, 0x89, 0x85, 0x44, 0x33, 0xDA, 0xA3, 0x47, 0x72, 0xDC, 0x03,
    0x87, 0xF6, 0xF2, 0xB3, 0x39, 0x9E, 0x63, 0xE2, 0xBA, 0x1C, 0x47, 0xD8, 0x45, 0x9B, 0xB7, 0x39,
    0x9E, 0xC7, 0x51, 0xDC, 0xD9, 0xA6, 0xAC, 0x32, 0xF2, 0xD9, 0x98, 0x3E, 0x46, 0x7D, 0x24, 0x0E,
    0x6A, 0x28, 0xF9, 0x8F, 0x87, 0x87, 0x2F, 0x7D, 0xEE, 0x50, 0x6E, 0xEE, 0x8F, 0x89, 0xC6, 0xBD,
    0x1B, 0xC0, 0x2B, 0x59, 0xE1, 0x77, 0x71, 0x2E, 0xE9, 0x80, 0x2B, 0x59, 0xF1, 0xCA, 0x2E, 0x3E,
    0x61, 0x16, 0x7A, 0x21, 0x2B, 0xEE, 0xDE, 0xC5, 0x1D, 0x4C, 0x91, 0x15, 0xD8, 0x05, 0x6E, 0x43,
    0x1D, 0x35, 0xC7, 0xF4, 0xB0, 0xFA, 0x9B, 0xCF, 0x55, 0xDA, 0x29, 0x3D, 0xBD, 0xA1, 0x77, 0x99,
    0x2E, 0x6A, 0x91, 0x37, 0xB8, 0x7E, 0xF1, 0xF9, 0x65, 0x86, 0x6F, 0x0D, 0x8D, 0x09, 0xD1, 0x5C,
    0x13, 0xB5, 0xDB, 0x51, 0xF0, 0x3F, 0x1C, 0x02, 0xA7, 0x5F, 0x12, 0xC7, 0x0B, 0x64, 0x03, 0xBB,
    0xED, 0x1A, 0xB8, 0x86, 0x9D, 0x16, 0xC2, 0x2E, 0xFF, 0x46, 0x87, 0xFF, 0xDA, 0xB0, 0xE1, 0xFF,
    0xCF, 0xE3, 0x87, 0x42, 0xFE, 0xDF, 0x3E, 0xFA, 0x23, 0x21, 0x8F, 0x8C, 0xE6, 0x4B, 0x4A, 0x8E,
    0xCC, 0xA7, 0x95, 0xEC, 0xA6, 0xA9, 0x92, 0xFC, 0xCC, 0x4A, 0xB2, 0x7F, 0xB8, 0x12, 0x3B, 0xAC,
    0x24, 0xED, 0x17, 0x92, 0x37, 0x78, 0xD5, 0xF8, 0xAC, 0x13, 0xE7, 0xE2, 0xB6, 0x9C, 0x70, 0xE2,
    0x30, 0x61, 0x76, 0x1E, 0x56, 0x0C, 0x9E, 0x87, 0xD3, 0xE2, 0xF0, 0x45, 0xDE, 0xAC, 0x58, 0x29,
    0x3A, 0x19, 0x6D, 0x2F, 0xA1, 0x3C, 0x3C, 0x24, 0xA2, 0x11, 0x44, 0x74, 0x95, 0xE8, 0xFB, 0x0B,
    0xDE, 0x34, 0x34, 0x21, 0x1E, 0xA8, 0x89, 0x16, 0x34, 0xBE, 0x06, 0x16, 0x4C, 0x3C, 0x49, 0xEF,
    0x4D, 0xDB, 0x49, 0xA6, 0x10, 0xFB, 0xDA, 0xC8, 0x58, 0xE4, 0x2F, 0x0C, 0x40, 0x4E, 0x8D, 0x33,
    0xFA, 0xF4, 0xBA, 0x4C, 0x3D, 0x63, 0x7B, 0xCD, 0x76, 0xEC, 0x8D, 0x1F, 0x6D, 0xAB, 0x9B, 0xDB,
    0x79, 0xC3, 0xF8, 0xAE, 0x77, 0x95, 0x2C, 0x5B, 0x3A, 0x57, 0xE8, 0xDA, 0xBC, 0xD6, 0xB8, 0xDA,
    0xCC, 0x80, 0x0C, 0x1B, 0xF1, 0xDB, 0x51, 0x3C, 0x8A, 0xB3, 0xF4, 0xC4, 0xA0, 0x41, 0xE4, 0x05,
    0x0F, 0x80, 0x57, 0xC2, 0x82, 0x29, 0x7D, 0xAB, 0xD3, 0xCB, 0xFD, 0x6E, 0xA3, 0x48, 0x82, 0x29,
    0x51, 0xA1, 0xE7, 0x11, 0xB4, 0xBE, 0xA2, 0xAB, 0x27, 0xC1, 0xE7, 0xDD, 0x28, 0x78, 0x6D, 0xC5,
    0x31, 0xEF, 0xC3, 0x9A, 0x2A, 0x4C, 0xB7, 0x62, 0xAE, 0x53, 0xBC, 0x75, 0x14, 0xDE, 0x57, 0x08,
    0x9C, 0x96, 0x30, 0x75, 0xC5, 0x12, 0x1F, 0x9E, 0x3F, 0xD5, 0x2F, 0x73, 0x4D, 0x99, 0x43, 0x00,
    0x99, 0x52, 0x00, 0xF4, 0xB6, 0x10, 0x9B, 0x4E, 0x67, 0xED, 0xCB, 0x3A, 0x51, 0x0F, 0xE2, 0x57,
    0xBC, 0x9E, 0x2F, 0x0D, 0x8C, 0x62, 0x3F, 0xEA, 0x33, 0x39, 0xBF, 0xDB, 0xD5, 0xB9, 0xFD, 0xE8,
    0xC4, 0xF9, 0x4E, 0x3D, 0xBB, 0x9C, 0xC8, 0xF9, 0x83, 0x9C, 0x1F, 0xFB, 0x1C, 0x7A, 0xBE, 0xBA,
    0x38, 0x8A, 0x50, 0x8F, 0xF5, 0x6A, 0xD8, 0x07, 0x47, 0xE4, 0xFC, 0x4A, 0x1C, 0xC9, 0xB7, 0x1C,
    0x51, 0x81, 0xF5, 0xD2, 0xDD, 0x53, 0x3F, 0xB9, 0xB8, 0x3C, 0x6E, 0x2F, 0x89, 0x8F, 0x6E, 0x05,
    0x89, 0xC6, 0x2F, 0x02, 0x32, 0xE7, 0x6D, 0x41, 0xAF, 0xD0, 0x00, 0xA4, 0xCB, 0xE4, 0x11, 0x66,
    0x10, 0x90, 0x74, 0x79, 0x80, 0xAE, 0xBC, 0x22, 0x15, 0x3D, 0xF5, 0x27, 0x3B, 0x20, 0x85, 0x34,
    0x9A, 0x08, 0xB0, 0x0A, 0xD9, 0x06, 0x46, 0x91, 0x97, 0xBA, 0x13, 0xBB, 0xC9, 0x89, 0x9A, 0xC9,
    0xBC, 0x40, 0x5D, 0x49, 0xFD, 0xAD, 0xEF, 0x4A, 0xF9, 0x2E, 0x26, 0x3A, 0x58, 0x4D, 0x17, 0x0A,
    0x5E, 0x53, 0x7E, 0x3D, 0x97, 0x48, 0x40, 0xC2, 0xB5, 0x74, 0x55, 0x85, 0x36, 0xEE, 0x64, 0xD3,
    0xC3, 0x2A, 0x38, 0x1F, 0x40, 0x96, 0xAF, 0x83, 0x82, 0x6E, 0x80, 0xE6, 0x04, 0x94, 0x33, 0x2C,
    0x75, 0x3B, 0x34, 0x48, 0x03, 0x3A, 0x65, 0x48, 0x03, 0x51, 0x3D, 0x17, 0xB7, 0x2E, 0xC5, 0x6E,
    0xA8, 0xC7, 0x22, 0xA6, 0x74, 0x52, 0x9D, 0x5C, 0x72, 0x99, 0x9D, 0x1B, 0xA0, 0x16, 0x09, 0xBC,
    0xA6, 0x0B, 0x46, 0x6C, 0xF6, 0x90, 0x9C, 0x21, 0x25, 0xAF, 0x2E, 0xDB, 0x90, 0x5B, 0xE8, 0x03,
    0xA0, 0x92, 0xBD, 0x50, 0x52, 0xE5, 0xA4, 0xE9, 0x5C, 0xF3, 0xC1, 0xA4, 0x3A, 0x3E, 0xF9, 0xB8,
    0xFA, 0xB1, 0x41, 0xAB, 0x4D, 0xCC, 0x48, 0xB4, 0xD1, 0xF1, 0xD8, 0x0D, 0xF9, 0x16, 0xA9, 0xE4,
    0xD3, 0x54, 0xC9, 0xCF, 0x3D, 0x09, 0x0D, 0x31, 0x4D, 0x51, 0xB1, 0x8F, 0x7A, 0x34, 0xD4, 0x99,
    0xF6, 0x32, 0x92, 0xD1, 0x70, 0xE2, 0x5B, 0x02, 0x47, 0xA6, 0x43, 0xDA, 0x96, 0x15, 0x46, 0xE3,
    0x91, 0xB7, 0xE5, 0xCD, 0xC3, 0xD1, 0xDC, 0x3C, 0xA4, 0xB6, 0x24, 0x1A, 0x63, 0x22, 0x21, 0x83,
    0x10, 0xB7, 0x92, 0x66, 0x21, 0x7D, 0xC4, 0xE4, 0xA1, 0xA5, 0x8F, 0x45, 0x4B, 0x47, 0xAB, 0xF8,
    0x57, 0xD1, 0xC9, 0x73, 0xB6, 0xAA, 0x8F, 0x46, 0x48, 0xBB, 0xB4, 0xE5, 0xE1, 0x42, 0xA3, 0xB6,
    0x7D, 0x1E, 0xF1, 0x68, 0x06, 0xE9, 0xD5, 0xE5, 0x68, 0xA8, 0x35, 0xDD, 0xEF, 0x18, 0x3E, 0x79,
    0x8A, 0x0F, 0x44, 0xB2, 0x75, 0x76, 0x86, 0x08, 0x19, 0x6D, 0x74, 0x1E, 0x20, 0x9F, 0x92, 0x20,
    0x82, 0x15, 0x22, 0xB2, 0x74, 0x2A, 0x94, 0x28, 0x26, 0x1A, 0x2A, 0xF9, 0x29, 0x82, 0xEB, 0x39,
    0x1F, 0xAC, 0x73, 0xC8, 0x0E, 0x69, 0x82, 0x64, 0x04, 0xF1, 0x46, 0x67, 0x2F, 0x35, 0x21, 0xC6,
    0x2C, 0xCD, 0x97, 0xA4, 0x93, 0x44, 0x3A, 0xD0, 0x74, 0xCD, 0x3A, 0x17, 0xD0, 0xD7, 0x5C, 0x15,
    0xF5, 0x30, 0x0A, 0xA9, 0x42, 0xF6, 0xE5, 0x0F, 0xBF, 0x28, 0x2E, 0x10, 0x55, 0xDA, 0xE7, 0x9A,
    0xE3, 0xAE, 0x77, 0xDF, 0x57, 0xC2, 0xC3, 0x04, 0xA7, 0x90, 0xB5, 0x0A, 0xCD, 0xC9, 0x29, 0xC1,
    0x85, 0x55, 0x30, 0x24, 0x1A, 0x09, 0x24, 0x8D, 0xC0, 0xC3, 0xDA, 0xD2, 0x2C, 0x7E, 0x64, 0x44,
    0x5E, 0x5B, 0x1A, 0x01, 0xBC, 0x18, 0xDE, 0x9D, 0xB1, 0x61, 0x64, 0xEB, 0xD8, 0x27, 0x35, 0x7A,
    0x7B, 0x28, 0xB6, 0x00, 0x27, 0x41, 0x8D, 0x45, 0x93, 0x8C, 0x74, 0x33, 0xCA, 0x13, 0x46, 0xD3,
    0xE3, 0xFF, 0x5F, 0x20, 0xED, 0x00, 0xD7, 0x20, 0x6B, 0x04, 0x1C, 0x16, 0x68, 0xA3, 0x81, 0xE1,
    0xC6, 0xD5, 0x56, 0xC6, 0xD5, 0x80, 0xAD, 0x43, 0xD3, 0xE0, 0x11, 0x25, 0x49, 0x7A, 0x58, 0x20,
    0xA3, 0x06, 0x76, 0xFD, 0x49, 0xD7, 0x1F, 0xFB, 0x8B, 0xFD, 0x70, 0x90, 0x8C, 0x79, 0x79, 0xC0,
    0x5A, 0x1B, 0xA2, 0x89, 0xD7, 0x06, 0x37, 0xE3, 0x35, 0x56, 0x16, 0xC8, 0xA9, 0xD0, 0x81, 0x9E,
    0xAF, 0x39, 0x3D, 0x9C, 0x5F, 0x49, 0xD9, 0xAC, 0x84, 0xA0, 0xC4, 0x8C, 0x2B, 0xB1, 0x7E, 0x25,
    0xAE, 0x5D, 0x49, 0x5D, 0x28, 0x89, 0x27, 0x28, 0x49, 0xC7, 0x95, 0xE4, 0xE1, 0x9B, 0x92, 0x56,
    0x42, 0x54, 0x05, 0xD2, 0x2A, 0x79, 0x87, 0xBC, 0x92, 0x4F, 0xD1, 0xA0, 0xC4, 0xD0, 0xA8, 0x24,
    0x22, 0x0A, 0x4D, 0x50, 0xA1, 0xC4, 0x51, 0xA3, 0x24, 0xA7, 0x4E, 0x89, 0xDD, 0xAC, 0x43, 0x46,
    0x25, 0x66, 0xB3, 0x7A, 0xA1, 0x82, 0x0B, 0x7D, 0x66, 0xF4, 0x19, 0x4E, 0x68, 0x1D, 0xCD, 0x05,
    0xAB, 0x81, 0x94, 0xA8, 0x12, 0x82, 0x3D, 0x75, 0x09, 0xB8, 0x65, 0x0D, 0xE0, 0xA8, 0x53, 0x52,
    0x5F, 0xEA, 0x95, 0x8C, 0x18, 0x95, 0x0C, 0x81, 0x8C, 0x81, 0x4C, 0xF1, 0xA0, 0xA4, 0x7C, 0xC7,
    0x2B, 0xC9, 0xA9, 0x55, 0x92, 0x05, 0xE2, 0xC8, 0xDF, 0x42, 0xAE, 0x53, 0xAF, 0x64, 0xA2, 0x51,
    0x30, 0x1A, 0x6B, 0x25, 0xF1, 0xE0, 0x66, 0x21, 0xA6, 0x77, 0x24, 0x24, 0xF1, 0xB9, 0x12, 0xDB,
    0x65, 0x54, 0x09, 0x69, 0xD7, 0x99, 0x22, 0x6F, 0x52, 0x6D, 0xC3, 0x55, 0x89, 0x3A, 0x5D, 0x16,
    0x46, 0xDB, 0xA8, 0x11, 0x6B, 0x1B, 0x33, 0x22, 0x1A, 0xD6, 0xDE, 0x2B, 0x8D, 0x99, 0xF9, 0xF0,
    0x90, 0xA6, 0x30, 0xDF, 0x11, 0xB7, 0x10, 0x88, 0xD5, 0x51, 0xCF, 0x4D, 0x41, 0xFA, 0x25, 0x72,
    0x19, 0xFE, 0xDA, 0xB9, 0x35, 0xFA, 0x96, 0x15, 0x34, 0x42, 0xD5, 0x05, 0x74, 0x6E, 0x20, 0x84,
    0x00, 0x26, 0xDF, 0x4C, 0xD8, 0x5B, 0xF4, 0x8E, 0x9E, 0x26, 0x3A, 0x60, 0xAB, 0x31, 0x11, 0x0D,
    0xC7, 0xE4, 0x7D, 0x8F, 0x4A, 0xAF, 0xFF, 0x23, 0x21, 0xBF, 0x57, 0x40, 0xB3, 0xAB, 0xE4, 0x00,
    0xB8, 0x4B, 0x56, 0x14, 0xCF, 0xF1, 0x8F, 0x6D, 0x81, 0xB8, 0x3A, 0x85, 0xA8, 0x63, 0xDF, 0xCE,
    0xE0, 0x34, 0x4C, 0xC3, 0xEC, 0x59, 0xA4, 0xB0, 0x58, 0x58, 0xD4, 0x2C, 0xF8, 0x30, 0x33, 0x83,
    0x85, 0xED, 0x33, 0xFB, 0x15, 0xE0, 0x01, 0x8C, 0xC8, 0x3C, 0xEE, 0xE5, 0xB4, 0x43, 0x9E, 0xB4,
    0x7F, 0x0C, 0xD8, 0x4F, 0xE4, 0x95, 0xDD, 0xB3, 0xC0, 0x60, 0x3B, 0x5C, 0xC3, 0xC2, 0x8C, 0xCF,
    0xDB, 0xC8, 0x33, 0x4B, 0x3B, 0xD7, 0x24, 0x05, 0xB3, 0xBC, 0xAA, 0xBF, 0xC5, 0x7E, 0xDE, 0x1B,
    0xCD, 0xA0, 0x7F, 0xF5, 0x5B, 0xEC, 0xD3, 0xD5, 0x3E, 0x5E, 0x97, 0x3F, 0x17, 0x61, 0x08, 0x89,
    0x5F, 0x43, 0x4F, 0x48, 0x71, 0xED, 0x88, 0x64, 0x14, 0x96, 0x0B, 0xDB, 0x39, 0x00, 0x5C, 0x8F,
    0x64, 0x92, 0xBD, 0x9F, 0xDA, 0x7F, 0x2C, 0x1D, 0x51, 0x0E, 0x00, 0xB5, 0x9D, 0x1D, 0x21, 0xCF,
    0xFA, 0xDE, 0x28, 0xB2, 0x01, 0xD4, 0xC3, 0xD0, 0x69, 0xE4, 0x1E, 0x74, 0x00, 0x3B, 0xDD, 0x0F,
    0xD7, 0xE1, 0x15, 0x20, 0x1F, 0x1E, 0x04, 0x35, 0xCC, 0xCA, 0xEE, 0x6C, 0x44, 0xB2, 0x59, 0x46,
    0xC5, 0x59, 0x33, 0x02, 0xF7, 0x23, 0x1D, 0xF0, 0x71, 0xBE, 0x3D, 0xE6, 0x2B, 0x75, 0x85, 0xBB,
    0xAE, 0x4B, 0x08, 0x2E, 0xC0, 0x8F, 0x4A, 0xB7, 0x8E, 0xE8, 0x15, 0x81, 0xAC, 0xDF, 0xBC, 0x31,
    0x7A, 0x47, 0xFE, 0xA5, 0x69, 0x1D, 0x67, 0x80, 0xF9, 0xDE, 0xCC, 0xDF, 0xE6, 0x4F, 0xCC, 0x28,
    0xDB, 0x68, 0x34, 0x84, 0x7B, 0x60, 0x7A, 0x43, 0x92, 0x1B, 0xC9, 0xE3, 0x10, 0xDB, 0x45, 0xD2,
    0x15, 0x5A, 0x30, 0xE4, 0x0D, 0xD6, 0x6E, 0x50, 0xDF, 0x16, 0x0A, 0x81, 0x19, 0x0C, 0x66, 0x60,
    0x68, 0xF3, 0x96, 0xA1, 0x7B, 0x09, 0x0C, 0x1E, 0x02, 0xFD, 0xAA, 0x92, 0x80, 0x9D, 0x4F, 0x0E,
    0x3C, 0xA3, 0x5D, 0x59, 0x7B, 0xEB, 0x83, 0xB2, 0xF2, 0x8F, 0x3D, 0x32, 0x9A, 0x8B, 0xBC, 0x90,
    0x2E, 0xCA, 0x95, 0x74, 0x19, 0xC4, 0x1F, 0x01, 0xD9, 0x74, 0x93, 0xF2, 0xCB, 0x5C, 0xC6, 0xFA,
    0xAB, 0xFC, 0xAD, 0x4B, 0xA3, 0x86, 0xEC, 0xB2, 0x90, 0xE4, 0x39, 0x95, 0x20, 0xCD, 0xD4, 0x32,
    0x0C, 0xC8, 0x19, 0x46, 0x38, 0x86, 0x09, 0x25, 0xC3, 0x8C, 0x9A, 0x81, 0x74, 0x91, 0xBF, 0x01,
    0x0D, 0x04, 0xDB, 0x50, 0x6E, 0xCD, 0x5A, 0xB9, 0x42, 0xC6, 0xF0, 0x0D, 0x69, 0x28, 0xF2, 0xD2,
    0x6C, 0xD2, 0x00, 0x93, 0x2E, 0x8E, 0xDD, 0x9B, 0x3B, 0xD3, 0x89, 0xD7, 0x67, 0x9E, 0xF9, 0x01,
    0xD4, 0xF9, 0x02, 0x88, 0x6F, 0xF4, 0x40, 0xDE, 0xEE, 0xF3, 0x0D, 0xDE, 0xE7, 0x1E, 0x35, 0xB2,
    0x38, 0x23, 0xEA, 0xDE, 0x0C, 0x31, 0xF9, 0xC4, 0x27, 0xD4, 0x66, 0x0D, 0xAF, 0x61, 0xF0, 0x1B,
    0xF4, 0xF8, 0x80, 0x7F, 0x4F, 0x79, 0x75, 0xAF, 0xA5, 0x37, 0x71, 0xD6, 0x8E, 0x40, 0x63, 0x07,
    0x18, 0x2C, 0xC5, 0x19, 0x24, 0x3D, 0x9E, 0xC5, 0x52, 0xA7, 0x02, 0xAE, 0xFD, 0xF3, 0xD5, 0xF8,
    0x46, 0xA1, 0x28, 0x6C, 0xAE, 0x45, 0xAD, 0xBE, 0x80, 0x7E, 0x96, 0xF5, 0x02, 0x3E, 0x2E, 0x12,
    0x3C, 0xF8, 0x21, 0x20, 0x1D, 0xD1, 0x2D, 0x60, 0x87, 0xB8, 0x61, 0xE8, 0x4D, 0xC1, 0xE0, 0x0D,
    0xEE, 0x55, 0x38, 0xCB, 0x10, 0x57, 0x2D, 0xB8, 0xF7, 0x5F, 0x2F, 0x8E, 0xD7, 0x27, 0x7B, 0xF3,
    0x37, 0x64, 0x47, 0xFF, 0x01, 0x79, 0xD7, 0xCF, 0x47, 0x7C, 0xB7, 0x35, 0x38, 0x99, 0x35, 0x6A,
    0x4D, 0x02, 0xF9, 0x80, 0x9D, 0x5E, 0xFA, 0xC1, 0xF9, 0xD3, 0xA2, 0xA1, 0x8F, 0x81, 0xBA, 0x35,
    0x4D, 0x54, 0xA0, 0x6E, 0x92, 0x22, 0xAA, 0x16, 0x48, 0xC1, 0x9F, 0xAA, 0xD3, 0x88, 0x0B, 0x94,
    0xD5, 0x9D, 0x30, 0x80, 0x5B, 0x60, 0x67, 0x81, 0xE6, 0x4E, 0xB0, 0x43, 0x0D, 0xD8, 0x93, 0xA4,
    0x45, 0xD4, 0x48, 0x3E, 0xF0, 0x80, 0xD8, 0x3E, 0xEC, 0x6E, 0x79, 0xC5, 0xFC, 0xC3, 0x4A, 0x25,
    0x4F, 0x79, 0x13, 0xA7, 0xC0, 0x42, 0x9F, 0xAA, 0xE9, 0x2B, 0xAC, 0xCC, 0xC3, 0x40, 0xA2, 0x91,
    0xA8, 0x0B, 0x0F, 0xE5, 0x4D, 0x71, 0x07, 0x10, 0xCF, 0x05, 0x70, 0x86, 0x5B, 0x91, 0x67, 0xF3,
    0x8F, 0x2C, 0x1C, 0x57, 0x98, 0x1D, 0xE0, 0x2E, 0x98, 0x86, 0x59, 0xB3, 0x30, 0x0B, 0x80, 0xFD,
    0xCB, 0xB0, 0xCB, 0xCC, 0x60, 0xC1, 0x51, 0x94, 0x5E, 0x58, 0x2C, 0xEC, 0x4E, 0x60, 0xD2, 0xC8,
    0xF0, 0x2B, 0x88, 0x46, 0xDB, 0x9F, 0x12, 0x66, 0xFA, 0xDC, 0xE7, 0x72, 0x9E, 0xED, 0x9C, 0x2F,
    0xD9, 0x0A, 0x5C, 0x55, 0x77, 0x13, 0xB3, 0xCF, 0x4F, 0xA0, 0xD7, 0x7A, 0x11, 0xF4, 0x20, 0xA6,
    0xEF, 0xB4, 0xC1, 0xFB, 0x1F, 0x36, 0x42, 0xD2, 0xAF, 0x52, 0xA2, 0xEC, 0xF7, 0x2D, 0xD9, 0x8A,
    0xD5, 0x8F, 0x9A, 0x7C, 0xCA, 0x0A, 0xC0, 0x8E, 0x31, 0xDC, 0xE8, 0xD6, 0xAD, 0xED, 0xBA, 0xFF,
    0x17, 0xEF, 0x7F, 0x6B, 0x47, 0x6A, 0xEE, 0x5E, 0xB8, 0xFD, 0x5B, 0x3B, 0xC3, 0x07, 0xBE, 0xB5,
    0x83, 0xDB, 0xBD, 0xB5, 0x83, 0xFB, 0x78, 0x99, 0xA9, 0x8F, 0x51, 0xFD, 0xF2, 0x89, 0xF4, 0x91,
    0xB6, 0x15, 0x41, 0x65, 0x62, 0xF8, 0x5B, 0x02, 0x22, 0x3A, 0x01, 0x87, 0x87, 0x57, 0x7F, 0xAE,
    0xEA, 0x1F, 0x56, 0x28, 0x6F, 0x0B, 0x85, 0x42, 0xBB, 0x80, 0x6E, 0x52, 0xD2, 0x7C, 0x41, 0x80,
    0xBC, 0x53, 0xC0, 0xED, 0x8F, 0xBB, 0xA0, 0x5D, 0x42, 0x8F, 0x73, 0xD2, 0x11, 0xD7, 0x83, 0x3B,
    0xFE, 0x7D, 0xD5, 0xF1, 0x3A, 0xEB, 0x59, 0xE0, 0x65, 0x61, 0x22, 0xAE, 0x47, 0xFC, 0x8F, 0x11,
    0x8E, 0xFF, 0xA7, 0xC5, 0x9D, 0xE7, 0x10, 0x8E, 0x6F, 0x36, 0x78, 0xB0, 0x5F, 0x39, 0x8C, 0x2D,
    0xF0, 0x6F, 0x8F, 0x1B, 0xBF, 0xD3, 0x21, 0xFE, 0xD2, 0x71, 0x03, 0x1F, 0x7F, 0x1E, 0x3B, 0x79,
    0x13, 0x3E, 0x7D, 0x76, 0xC4, 0xBD, 0x25, 0xC2, 0xF1, 0xFA, 0x80, 0xB3, 0xF3, 0xB1, 0x91, 0xC4,
    0xE3, 0x8D, 0x31, 0x7C, 0x3A, 0x63, 0x7D, 0xFC, 0xE9, 0xE1, 0xD8, 0x48, 0xDE, 0xEE, 0x64, 0xC7,
    0x0D, 0x3C, 0xEB, 0x9A, 0x0F, 0xB9, 0x2E, 0x7C, 0x6A, 0xA8, 0x7A, 0xB0, 0x0E, 0x0D, 0xC4, 0x8F,
    0x11, 0x3E, 0x4B, 0x55, 0xB8, 0x1C, 0x33, 0xE3, 0x75, 0x2A, 0xC2, 0xE5, 0x24, 0x53, 0xFC, 0x04,
    0x29, 0x07, 0x07, 0xA2, 0x9D, 0x74, 0x0A, 0x9F, 0x0E, 0xB2, 0xE1, 0x43, 0x76, 0x0C, 0x9A, 0x54,
    0xB9, 0x7F, 0x30, 0xEF, 0xB1, 0xBE, 0xF7, 0x0A, 0xD7, 0x9D, 0x95, 0x79, 0x20, 0x9B, 0x78, 0xA0,
    0x95, 0x6D, 0x25, 0xA1, 0xD4, 0xCD, 0xDC, 0x11, 0xEB, 0xD7, 0x2A, 0x69, 0xDC, 0x8D, 0x3C, 0xB9,
    0xD3, 0x0B, 0xA0, 0xE6, 0x4E, 0x9D, 0x2F, 0x1A, 0xD0, 0x3F, 0x00, 0x15, 0xF7, 0x02, 0xE7, 0x0B,
    0x18, 0x80, 0xEE, 0x05, 0xE1, 0xAC, 0x74, 0xE3, 0x33, 0x00, 0x9D, 0x05, 0xA1, 0x01, 0xEE, 0xE7,
    0x6A, 0x98, 0x5B, 0x5C, 0x33, 0x00, 0x52, 0xC4, 0x8D, 0x64, 0xF6, 0x97, 0x97, 0xEF, 0x11, 0xBF,
    0xC5, 0xE3, 0xFE, 0x79, 0x60, 0xF7, 0x4A, 0x98, 0x2E, 0x71, 0x8F, 0x0C, 0x58, 0xC8, 0xE7, 0xCD,
    0x26, 0x95, 0xF3, 0x8F, 0x00, 0x11, 0x35, 0x9F, 0x00, 0x52, 0xC2, 0x52, 0xE6, 0x13, 0x97, 0xF5,
    0x80, 0x73, 0x88, 0xC9, 0xE3, 0x51, 0xD9, 0xF4, 0xFE, 0x7D, 0x49, 0x89, 0x3C, 0x7E, 0x83, 0x8A,
    0xA8, 0x5D, 0x42, 0x32, 0xCC, 0x6B, 0x85, 0x9D, 0x90, 0x3C, 0x01, 0x3B, 0x62, 0xEF, 0x43, 0xB0,
    0x83, 0x19, 0x9F, 0x85, 0xED, 0x93, 0x9B, 0x0D, 0x92, 0xDE, 0xDC, 0x00, 0x4C, 0x9F, 0xCA, 0x63,
    0xD2, 0xE7, 0x10, 0x42, 0xF3, 0x69, 0x1D, 0x7E, 0x56, 0xFB, 0x51, 0xA6, 0xFE, 0xE5, 0x15, 0x50,
    0xCF, 0x92, 0x60, 0xD7, 0xD4, 0xF0, 0xC5, 0xD3, 0x02, 0x13, 0x43, 0x9B, 0x53, 0xC1, 0x90, 0x51,
    0xC7, 0xBF, 0x4B, 0x69, 0x40, 0x4E, 0x8D, 0xA1, 0x19, 0xF1, 0xCD, 0x0A, 0x44, 0x95, 0xE9, 0x24,
    0x73, 0x4D, 0x1B, 0x80, 0x68, 0xB0, 0x05, 0xE2, 0x77, 0x89, 0x32, 0xC0, 0xF8, 0x9A, 0x08, 0x48,
    0x5B, 0xD9, 0x93, 0xB6, 0x4D, 0xAA, 0x10, 0x13, 0x01, 0x99, 0xD8, 0x42, 0xE6, 0x65, 0x23, 0xDB,
    0x0E, 0x48, 0x69, 0xE4, 0x6B, 0x88, 0x88, 0x90, 0xCE, 0xB2, 0x64, 0x4C, 0xF8, 0x34, 0xAA, 0x0C,
    0xF1, 0xA0, 0xA9, 0xF8, 0x19, 0x7F, 0x44, 0x95, 0x2E, 0x60, 0x17, 0x28, 0x80, 0x1C, 0x92, 0xA7,
    0x5A, 0xC8, 0x71, 0x07, 0xEE, 0x14, 0xB4, 0x9B, 0x1D, 0x62, 0x09, 0x15, 0x9D, 0x94, 0xA3, 0x2C,
    0x05, 0x67, 0x29, 0x49, 0xBE, 0xA1, 0x22, 0x93, 0x32, 0x95, 0x72, 0x59, 0x4C, 0x5E, 0xAC, 0x0B,
    0xA9, 0x23, 0x65, 0xF6, 0xBF, 0x55, 0xE6, 0x38, 0xB5, 0x6C, 0x1C, 0x95, 0x4F, 0x5A, 0xE2, 0x26,
    0x73, 0x29, 0xDD, 0x89, 0xB2, 0x94, 0xB2, 0x96, 0x92, 0xA4, 0xC4, 0x83, 0x90, 0x84, 0x53, 0x57,
    0x9A, 0x22, 0x37, 0x17, 0xFE, 0x7D, 0x45, 0x4D, 0x3E, 0x64, 0xF1, 0x4F, 0x71, 0x11, 0xFF, 0xAC,
    0x45, 0xCF, 0xC5, 0xC0, 0xC5, 0xB8, 0x78, 0x77, 0x69, 0x84, 0x25, 0x9A, 0xB9, 0x20, 0x64, 0x44,
    0x65, 0x91, 0xD3, 0x9C, 0x37, 0x8E, 0x46, 0xDB, 0x2E, 0x45, 0xDA, 0x96, 0xE4, 0x13, 0xD6, 0x2E,
    0xC2, 0xBD, 0x21, 0xD4, 0x1C, 0xBF, 0x77, 0x21, 0xEE, 0x37, 0x52, 0xB6, 0xF5, 0xFB, 0x4A, 0xFD,
    0x3E, 0x97, 0x12, 0x8B, 0x0C, 0x37, 0x44, 0x12, 0xCD, 0x02, 0xB7, 0x4B, 0xF1, 0xE8, 0xE7, 0x2C,
    0xC7, 0x9F, 0xA1, 0xF4, 0x58, 0x8F, 0x08, 0x3A, 0xBD, 0xD0, 0x04, 0xD0, 0x2C, 0x3F, 0xC2, 0xDD,
    0x00, 0x44, 0x05, 0x4E, 0x1E, 0x0F, 0x2D, 0x6B, 0x55, 0x47, 0xB3, 0xFC, 0x48, 0xAE, 0x52, 0x73,
    0xEF, 0xFB, 0x05, 0x7E, 0xB8, 0x3E, 0x91, 0x4C, 0xFF, 0x8E, 0x68, 0xE2, 0x1F, 0x00, 0xEF, 0xFF,
    0x13, 0x34, 0x1C, 0x77, 0x50, 0xA5, 0xB1, 0xCC, 0x06, 0xCA, 0x33, 0x12, 0xA5, 0x25, 0x50, 0x94,
    0xC2, 0x7B, 0xFD, 0x13, 0x14, 0x39, 0x46, 0xE6, 0x46, 0x39, 0x71, 0x57, 0x4F, 0x89, 0xE6, 0x43,
    0xE9, 0xC5, 0x79, 0xC5, 0x19, 0x1A, 0xB0, 0x47, 0x0D, 0xCA, 0x2A, 0x93, 0x96, 0x23, 0x6A, 0x63,
    0x2A, 0x8E, 0x93, 0xC6, 0xBD, 0xF0, 0xE4, 0x5A, 0xFB, 0x80, 0x13, 0x8A, 0x84, 0xDB, 0x2E, 0x95,
    0x1B, 0x6E, 0xE2, 0xF9, 0x63, 0xDE, 0x07, 0x1E, 0xB3, 0xAF, 0x9B, 0xEF, 0x8B, 0xCD, 0xF9, 0x03,
    0x8E, 0xED, 0xDC, 0x94, 0x74, 0x5C, 0xED, 0xFB, 0x4D, 0xB2, 0x2A, 0x70, 0xEC, 0x0F, 0x80, 0x8D,
    0x9F, 0x40, 0x4A, 0x7A, 0x14, 0x00, 0x36, 0xD7, 0x05, 0x6C, 0xAE, 0x17, 0x1B, 0x1D, 0x36, 0xFA,
    0xB4, 0xB7, 0xEA, 0xB6, 0xA5, 0x27, 0xA2, 0xAB, 0xD2, 0x84, 0xFE, 0x25, 0x6E, 0x85, 0x2B, 0x4B,
    0xFE, 0x10, 0x1F, 0x16, 0x39, 0x51, 0x13, 0xF7, 0xF8, 0xD5, 0x39, 0x9E, 0x61, 0xBC, 0x91, 0x15,
    0xC3, 0x88, 0x7E, 0xE1, 0x51, 0x93, 0x1C, 0x01, 0xD7, 0xA2, 0x6E, 0xE1, 0x28, 0xEC, 0x2E, 0xE0,
    0x4C, 0xC3, 0x1C, 0x67, 0x1C, 0x60, 0xBF, 0x05, 0xE1, 0x9F, 0xC8, 0x0A, 0xD9, 0x82, 0x35, 0x3F,
    0x79, 0x12, 0x8F, 0xDA, 0x0A, 0x5C, 0x9F, 0x63, 0xE1, 0xB3, 0x69, 0x83, 0x78, 0xD4, 0x73, 0x7E,
    0x72, 0xA9, 0x45, 0x32, 0x0B, 0xD7, 0x57, 0x92, 0xF2, 0x82, 0x79, 0xCC, 0x0D, 0x9F, 0xB7, 0x62,
    0xD3, 0x54, 0x18, 0xF0, 0x6A, 0x22, 0x6D, 0xA5, 0x05, 0xC6, 0xC8, 0xC7, 0xBD, 0xFC, 0x05, 0x7B,
    0x85, 0x39, 0xE9, 0xE2, 0x09, 0x8E, 0xAA, 0xBA, 0x4F, 0x89, 0x46, 0x4B, 0xCD, 0x56, 0xEF, 0x39,
    0xD4, 0xA3, 0xCA, 0x48, 0x8F, 0xA6, 0x5E, 0x49, 0x85, 0xDC, 0xB4, 0x91, 0x3F, 0xAF, 0x7F, 0x50,
    0x1E, 0x0B, 0x39, 0x9F, 0x36, 0x46, 0x9E, 0x0D, 0xEF, 0xDB, 0xCA, 0xB4, 0x47, 0x4C, 0xE4, 0xAD,
    0x1C, 0x00, 0xAF, 0xDA, 0x22, 0x6D, 0x58, 0xCE, 0x21, 0x83, 0x95, 0x57, 0x9C, 0xFA, 0x5C, 0x5F,
    0x2D, 0x89, 0xFC, 0x2E, 0xEC, 0xE3, 0x1D, 0xC0, 0x36, 0x32, 0xC3, 0xA4, 0x3B, 0xC7, 0xC6, 0x01,
    0xD3, 0xEE, 0xB3, 0x71, 0x26, 0x47, 0x6C, 0x1C, 0x60, 0x63, 0x8B, 0x71, 0x80, 0x8D, 0x31, 0x11,
    0x63, 0x47, 0x42, 0x1E, 0x5F, 0x48, 0xFA, 0x57, 0x05, 0x6C, 0xDC, 0xE1, 0xC8, 0x50, 0x21, 0xC6,
    0x2E, 0x23, 0x03, 0xF2, 0xA7, 0x5A, 0xB8, 0x62, 0x21, 0x4E, 0xB6, 0x8D, 0x66, 0x25, 0xFA, 0x96,
    0x82, 0x4E, 0x94, 0xFA, 0xB7, 0x22, 0xF8, 0xBF, 0x65, 0x67, 0x78, 0xDF, 0xBD, 0xDC, 0x01, 0xA3,
    0xBC, 0x01, 0xD3, 0xDB, 0x66, 0x40, 0xEC, 0x93, 0xC5, 0x01, 0xD3, 0x99, 0xC5, 0xD5, 0xA4, 0x8D,
    0x7C, 0x8E, 0xB4, 0xC1, 0xC0, 0xCF, 0xB7, 0xB1, 0x9F, 0x36, 0x99, 0x3C, 0x4B, 0xC8, 0x81, 0x4C,
    0x54, 0xB0, 0x55, 0xBF, 0xCF, 0x8E, 0x1E, 0x0D, 0x80, 0xE9, 0xCE, 0xCB, 0x15, 0xE6, 0x5E, 0xAE,
    0xBC, 0x95, 0xC7, 0xE5, 0x0D, 0x2B, 0xC5, 0x1E, 0x23, 0xB7, 0x05, 0x00, 0xFB, 0xB4, 0x64, 0xBE,
    0xB2, 0xC2, 0x35, 0x9B, 0x00, 0x13, 0x82, 0x99, 0x97, 0x6F, 0x3A, 0xF9, 0x6D, 0x2B, 0x65, 0xB3,
    0xD9, 0x1C, 0x4C, 0xA5, 0x14, 0x63, 0x10, 0x63, 0xA1, 0xD4, 0x8E, 0x0B, 0xBE, 0xAE, 0xE5, 0x28,
    0x6A, 0xB9, 0x65, 0xCB, 0x2B, 0x04, 0x0B, 0x3F, 0x92, 0x53, 0x7E, 0x99, 0xCB, 0xF7, 0xBF, 0x65,
    0x25, 0x57, 0xC1, 0x7F, 0xC9, 0xC3, 0xC7, 0xC8, 0xD7, 0xF1, 0xF2, 0xF1, 0x5F, 0xF2, 0xFC, 0x9F,
    0x09, 0xB7, 0xFD, 0x4B, 0x9E, 0x87, 0xE4, 0x32, 0x5F, 0xD4, 0xE0, 0x33, 0xAC, 0xE0, 0xA2, 0xFE,
    0xC4, 0x43, 0xA3, 0xB4, 0xD5, 0xE5, 0x98, 0x97, 0xCC, 0x21, 0xD2, 0xC7, 0x51, 0x38, 0x4A, 0x3A,
    0x06, 0xA7, 0x93, 0x52, 0x56, 0x8C, 0x52, 0xA3, 0xB9, 0x2C, 0xA7, 0x76, 0x4E, 0x67, 0x42, 0xED,
    0x26, 0x63, 0xDA, 0x9E, 0x78, 0x4A, 0x95, 0x3F, 0x36, 0xE8, 0xA9, 0x47, 0x0C, 0x89, 0x9E, 0x1A,
    0x7B, 0x4D, 0x30, 0x46, 0x35, 0x7E, 0x59, 0xC1, 0x95, 0x27, 0xD7, 0xB9, 0x69, 0xAF, 0x9F, 0xDA,
    0x93, 0xBB, 0xD8, 0xD7, 0x71, 0xA2, 0xFB, 0x26, 0xFE, 0xE4, 0x3E, 0xB7, 0x83, 0x1C, 0x5A, 0xD9,
    0x6C, 0x55, 0x76, 0x5A, 0xB9, 0x96, 0x5B, 0x1C, 0x13, 0x1F, 0x53, 0xA2, 0xA0, 0x95, 0xCF, 0x97,
    0x10, 0x98, 0x2F, 0xF2, 0x71, 0x99, 0xF4, 0x77, 0x2B, 0x60, 0x3D, 0x9E, 0x91, 0x58, 0xAC, 0xB9,
    0x16, 0x44, 0xBA, 0x4E, 0x61, 0x54, 0xA0, 0x05, 0xDE, 0xBE, 0x4A, 0x54, 0x95, 0x13, 0x22, 0xA2,
    0x76, 0x01, 0xE4, 0xE4, 0x19, 0x52, 0x05, 0x43, 0x03, 0x43, 0x4C, 0x23, 0x43, 0xB4, 0xC0, 0x0C,
    0x60, 0x01, 0x36, 0x45, 0x93, 0x40, 0xBD, 0x0D, 0xB3, 0xC2, 0xB4, 0xDC, 0xB8, 0x03, 0xA8, 0x2F,
    0x01, 0xB6, 0xFE, 0x86, 0xD9, 0x84, 0x65, 0xA3, 0xDE, 0xCA, 0xB0, 0x23, 0xDC, 0x25, 0x05, 0x62,
    0xA2, 0x26, 0x9D, 0x2F, 0xEE, 0x11, 0x15, 0x56, 0x2F, 0x28, 0x63, 0xE8, 0xE1, 0x18, 0x5A, 0xB9,
    0xA2, 0x59, 0xE6, 0x71, 0x3A, 0x90, 0xD7, 0xEA, 0x2F, 0xDC, 0x32, 0xAA, 0x3F, 0xA8, 0x64, 0xED,
    0x7F, 0xE9, 0xCB, 0xD3, 0x87, 0xC5, 0x2F, 0xB3, 0x87, 0x8B, 0xCE, 0x35, 0x55, 0x3F, 0x4D, 0xE7,
    0x58, 0xDF, 0x82, 0x87, 0xA1, 0xEE, 0xEF, 0x14, 0x13, 0xF2, 0x82, 0xF6, 0xF8, 0x15, 0xEF, 0x51,
    0xD0, 0xD1, 0x8C, 0xF0, 0x1A, 0x3E, 0xA3, 0x66, 0x73, 0x88, 0xE9, 0x3D, 0x6A, 0xA5, 0xFA, 0x5F,
    0x92, 0x97, 0x6A, 0xAF, 0x53, 0xAF, 0xD7, 0x25, 0x15, 0x1D, 0xA1, 0x96, 0x8D, 0xD2, 0x99, 0xA9,
    0xF4, 0xD8, 0x5C, 0xD6, 0x3D, 0xC3, 0xF1, 0x9F, 0x9F, 0xA5, 0xD4, 0xC9, 0x0F, 0x73, 0x2B, 0x73,
    0xE6, 0x20, 0xE7, 0x80, 0x46, 0xAD, 0x53, 0xCF, 0xA8, 0x67, 0xB1, 0x55, 0x20, 0xE2, 0xD8, 0x15,
    0x72, 0xA4, 0x16, 0x30, 0x37, 0xE7, 0xC3, 0x7A, 0xD2, 0xD9, 0x3B, 0xAA, 0x0B, 0x99, 0xBC, 0x91,
    0xB7, 0x32, 0x77, 0x23, 0xF7, 0xB0, 0x95, 0x97, 0x24, 0xD9, 0x3E, 0xB6, 0xE0, 0xB9, 0x51, 0x66,
    0x70, 0xEC, 0x1F, 0x69, 0x12, 0x70, 0x74, 0x59, 0x73, 0x80, 0x61, 0x57, 0x53, 0x80, 0x7E, 0x57,
    0x33, 0x00, 0x7E, 0x65, 0x25, 0xAD, 0x10, 0x79, 0xC7, 0xC9, 0x05, 0xE2, 0x6E, 0x17, 0x12, 0x51,
    0x17, 0x1C, 0x32, 0x6E, 0x6B, 0x17, 0x7D, 0xBE, 0x60, 0x73, 0x99, 0x13, 0x0B, 0x24, 0xCD, 0x35,
    0x49, 0x52, 0xD2, 0x6A, 0xE4, 0xB4, 0x02, 0xB6, 0x1A, 0x24, 0x45, 0xB1, 0x8F, 0xF7, 0xEC, 0x16,
    0x32, 0xE3, 0xC5, 0xAD, 0x2C, 0xED, 0xC4, 0xAD, 0x87, 0x6D, 0x23, 0xE9, 0xC9, 0x79, 0x57, 0x88,
    0x5B, 0xE7, 0x67, 0xC9, 0x27, 0x50, 0x0E, 0xEA, 0x56, 0xDD, 0x89, 0x5B, 0x3B, 0x54, 0xC0, 0x5D,
    0x7A, 0xEB, 0x33, 0xF5, 0x00, 0x1D, 0xA7, 0x95, 0x22, 0x5F, 0xFE, 0xD6, 0x33, 0x11, 0x47, 0x8D,
    0xE0, 0xEE, 0x55, 0xC5, 0x73, 0xB6, 0x12, 0xDC, 0x57, 0x64, 0xDF, 0x05, 0x87, 0x4C, 0x40, 0x7C,
    0x87, 0x24, 0x45, 0x82, 0xE2, 0x3B, 0xF2, 0x1B, 0xE2, 0x7B, 0x4C, 0xF4, 0x82, 0xF8, 0x3E, 0xEF,
    0xFD, 0x25, 0xFB, 0xEE, 0x8E, 0xA2, 0x77, 0xD9, 0xF7, 0x69, 0x1F, 0x75, 0xD3, 0x23, 0xEE, 0x8F,
    0xE0, 0x16, 0xDF, 0x4D, 0x37, 0xC0, 0x3D, 0xEE, 0x45, 0xE6, 0x3C, 0xEE, 0x44, 0xE6, 0xDC, 0x74,
    0xC8, 0x22, 0xC6, 0x56, 0xBE, 0x63, 0x49, 0x77, 0x4D, 0x27, 0x92, 0x9E, 0x37, 0xAD, 0xB8, 0xB3,
    0x6F, 0x1A, 0x71, 0x67, 0x3F, 0xE1, 0xE4, 0x06, 0x38, 0x4A, 0xAB, 0x68, 0xC8, 0xD8, 0xC5, 0xCA,
    0xF4, 0xB9, 0xB8, 0x9A, 0xB0, 0x5B, 0x47, 0x19, 0x2C, 0xBB, 0xB5, 0x9F, 0x23, 0x67, 0x77, 0xCE,
    0x3F, 0x8C, 0xBA, 0x5D, 0xD0, 0xED, 0xC6, 0xEF, 0x36, 0xAF, 0x02, 0xD9, 0x94, 0x7D, 0xE7, 0x4F,
    0x07, 0xC9, 0xB3, 0x53, 0x7D, 0xBA, 0x3D, 0x68, 0xC0, 0x3B, 0x75, 0xEB, 0x33, 0xFA, 0x1B, 0x12,
    0x04, 0xA5, 0xAB, 0xBD, 0xC5, 0x1D, 0x6C, 0xC2, 0x8F, 0x07, 0xB8, 0x31, 0xF2, 0x23, 0xE6, 0xA3,
    0xD8, 0x1F, 0xC5, 0xC3, 0xAB, 0xA6, 0x3B, 0x4A, 0x7C, 0x6F, 0xDA, 0xC1, 0x36, 0xDE, 0xBC, 0xE1,
    0xB3, 0xCF, 0xFB, 0xE4, 0x9D, 0x36, 0x8F, 0x7D, 0x4A, 0x70, 0xE6, 0x3D, 0x1A, 0xB0, 0x6B, 0x68,
    0x2E, 0x70, 0xD9, 0xDC, 0x2C, 0x78, 0x16, 0x6C, 0xD6, 0x17, 0x2F, 0xC4, 0x6B, 0x95, 0x57, 0x26,
    0x30, 0xB9, 0x05, 0x22, 0x71, 0xFE, 0x7B, 0x61, 0x47, 0xFE, 0x7E, 0x24, 0x33, 0x3E, 0x32, 0x22,
    0xD2, 0xA4, 0x3F, 0xD7, 0xF8, 0x2A, 0xE1, 0x35, 0xEC, 0x7F, 0x47, 0xD4, 0x8B, 0x9C, 0x66, 0xB9,
    0x2E, 0xD3, 0x2C, 0xFC, 0x5D, 0x8F, 0x98, 0x5A, 0x84, 0x75, 0x09, 0x24, 0x82, 0x1D, 0x20, 0xA7,
    0x56, 0xEE, 0x34, 0xBF, 0x00, 0x79, 0x2E, 0x6D, 0x58, 0x4E, 0x69, 0x9A, 0xE5, 0xEB, 0x73, 0xBE,
    0x9B, 0x72, 0x27, 0xE3, 0xEE, 0x3C, 0x4F, 0xFD, 0x32, 0x20, 0x92, 0x66, 0x90, 0x3B, 0x94, 0x7E,
    0xDE, 0xCB, 0x00, 0x90, 0x17, 0xBD, 0x8D, 0xF4, 0x2E, 0xBD, 0x3B, 0x97, 0x1A, 0x79, 0x44, 0x55,
    0x4A, 0x28, 0x3A, 0xE1, 0x13, 0xC4, 0x2B, 0x88, 0x5F, 0x10, 0xCF, 0x20, 0xBE, 0x41, 0xBC, 0x83,
    0xFA, 0x77, 0xEC, 0xE1, 0xB6, 0x9F, 0x10, 0x4F, 0x21, 0xBE, 0x4A, 0xBA, 0x2E, 0x3D, 0x92, 0xCB,
    0xFD, 0x8D, 0x5C, 0xE2, 0xB5, 0xF8, 0x1D, 0xFA, 0xA1, 0x66, 0xF7, 0xD2, 0x07, 0xC5, 0x7F, 0x1D,
    0xD2, 0xD0, 0x01, 0xAD, 0xC3, 0x59, 0x93, 0x7A, 0x1D, 0xCA, 0x9A, 0xCE, 0xEB, 0x78, 0xD1, 0x41,
    0x2C, 0x57, 0x14, 0x1A, 0xDC, 0x4F, 0x2B, 0x2E, 0xD7, 0x7C, 0x0F, 0x9B, 0x06, 0x1F, 0xD6, 0x0E,
    0x2F, 0x0D, 0xB2, 0x79, 0xF3, 0xE7, 0x9E, 0xCB, 0xEF, 0xE9, 0x02, 0xAE, 0x02, 0xFE, 0xA5, 0x84,
    0x9A, 0x52, 0x2E, 0x3F, 0x9F, 0x8B, 0xB0, 0x4F, 0xAB, 0x88, 0x8C, 0x8A, 0xDB, 0x92, 0x43, 0x8E,
    0xE1, 0x3F, 0x90, 0x07, 0xC1, 0x5B, 0x6F, 0x36, 0x6A, 0x38, 0xCB, 0xE8, 0x12, 0x79, 0x80, 0xC9,
    0xE3, 0x34, 0x2A, 0x29, 0x68, 0x5A, 0x49, 0x4D, 0x2B, 0x29, 0x03, 0x71, 0x1B, 0x52, 0xBC, 0x8F,
    0x20, 0x90, 0x5B, 0x6B, 0xD5, 0xC1, 0x60, 0x68, 0xE2, 0x89, 0xD0, 0xE8, 0x55, 0x6A, 0x95, 0xD0,
    0x8C, 0x95, 0x74, 0x2B, 0xF9, 0x32, 0x56, 0x52, 0xDC, 0x8E, 0x1C, 0x05, 0x32, 0x02, 0xD8, 0x22,
    0x51, 0x20, 0x31, 0x93, 0x7C, 0x21, 0x86, 0x09, 0xFB, 0x69, 0x17, 0xF2, 0xE1, 0x9A, 0x42, 0x8F,
    0xBF, 0x95, 0x1C, 0xBF, 0x74, 0x77, 0x05, 0x29, 0x0F, 0xAB, 0x9A, 0x06, 0x56, 0xAD, 0xC7, 0x1E,
    0xCD, 0x92, 0x91, 0xB1, 0x88, 0x57, 0xF9, 0xBB, 0x86, 0x2B, 0x55, 0xB0, 0xD4, 0xF2, 0x99, 0x3A,
    0x35, 0x19, 0x9A, 0xC2, 0x93, 0x52, 0x6E, 0x9C, 0x89, 0xA3, 0x96, 0xC7, 0x3F, 0x13, 0xAF, 0xA4,
    0xA4, 0x51, 0x08, 0xDB, 0xD5, 0x9E, 0x4C, 0x8E, 0x9A, 0x58, 0x7E, 0x6D, 0xC9, 0xF3, 0x54, 0x17,
    0xCF, 0x86, 0x46, 0x79, 0xF5, 0x60, 0x06, 0x51, 0x46, 0x32, 0x5C, 0x4B, 0xA2, 0x01, 0xA7, 0x69,
    0x46, 0x46, 0xD4, 0xCA, 0x22, 0x2E, 0x61, 0x8F, 0xAD, 0xE4, 0x4B, 0x13, 0xE4, 0x20, 0x22, 0xC1,
    0x84, 0x74, 0xA5, 0x8F, 0x2C, 0xFC, 0x9B, 0x30, 0x27, 0x86, 0x01, 0x94, 0x9E, 0x9B, 0x82, 0x04,
    0x72, 0x25, 0xD4, 0x6E, 0x93, 0xF0, 0x2B, 0x3D, 0x59, 0xAB, 0xE7, 0xD3, 0xD3, 0x6A, 0x30, 0x0D,
    0x8B, 0xFF, 0x88, 0xA8, 0xDF, 0xFE, 0x33, 0x22, 0xE9, 0x8B, 0xC5, 0x85, 0xF8, 0x87, 0x2D, 0xCA,
    0x1F, 0xF9, 0x33, 0xD8, 0x07, 0x91, 0xBF, 0x17, 0x19, 0xE6, 0xBA, 0x7B, 0x04, 0xB6, 0xE9, 0xE3,
    0xE6, 0x2C, 0x92, 0xF6, 0x39, 0x2C, 0x60, 0xFC, 0xAF, 0x3E, 0xC6, 0xD0, 0x23, 0x6A, 0xF8, 0x69,
    0x16, 0x62, 0xFE, 0x34, 0x06, 0x30, 0xD5, 0x23, 0x0C, 0x09, 0xCD, 0x07, 0x66, 0x88, 0xBF, 0x57,
    0x3D, 0x7A, 0xE9, 0x3B, 0xFD, 0x19, 0x53, 0x3D, 0x8A, 0xDC, 0x3F, 0x92, 0x54, 0xE7, 0x60, 0xBB,
    0x67, 0x19, 0x32, 0x2F, 0xB0, 0xFB, 0xC8, 0xA3, 0x69, 0x71, 0x2E, 0x1A, 0x1E, 0xCD, 0x3E, 0x5D,
    0x9C, 0x4F, 0xAB, 0x47, 0x23, 0x3A, 0xD8, 0x1D, 0xB0, 0x34, 0x79, 0x78, 0x1D, 0xE8, 0x60, 0x8B,
    0x87, 0x11, 0x37, 0x02, 0x3B, 0x58, 0x20, 0x07, 0x18, 0x32, 0xD1, 0x07, 0x1F, 0x0C, 0xE1, 0xCC,
    0x6A, 0x97, 0x81, 0x17, 0xC0, 0x21, 0xF4, 0xC8, 0x8A, 0x39, 0x3C, 0x0B, 0x40, 0x7C, 0x05, 0x30,
    0xF3, 0x9A, 0xEF, 0x27, 0xB4, 0xA6, 0xF5, 0x29, 0x15, 0x9A, 0xFA, 0xDB, 0xBA, 0x02, 0x5C, 0x01,
    0xE4, 0xAE, 0x01, 0x4A, 0x00, 0xBB, 0x79, 0xAB, 0xEB, 0x80, 0xFD, 0xCC, 0x23, 0xD2, 0x57, 0xCA,
    0xF5, 0x51, 0x22, 0x88, 0x06, 0x24, 0x1D, 0x10, 0xDD, 0xBC, 0x3A, 0xC2, 0x36, 0x80, 0xF1, 0x66,
    0x92, 0xDD, 0x55, 0xD3, 0xC6, 0x33, 0x9C, 0xAC, 0x7F, 0x22, 0x92, 0xE0, 0x56, 0x8E, 0x96, 0xBA,
    0x11, 0xC0, 0x43, 0x2F, 0x9D, 0x3E, 0xFC, 0x37, 0x03, 0xB6, 0xDF, 0x22, 0x44, 0xD2, 0x45, 0x4F,
    0x0A, 0xB1, 0xCD, 0x1A, 0x42, 0xB3, 0xCF, 0x4F, 0xA5, 0x76, 0x06, 0xD3, 0xDB, 0x4E, 0x62, 0xA4,
    0x19, 0xD6, 0x35, 0x91, 0xD1, 0x1E, 0x14, 0x0D, 0x86, 0x5A, 0x35, 0x13, 0xD1, 0xA4, 0x66, 0x50,
    0x52, 0x23, 0x66, 0xF4, 0x3D, 0x70, 0xF1, 0xA6, 0xF4, 0x6C, 0x06, 0x71, 0x97, 0x7A, 0x36, 0x83,
    0xC4, 0x27, 0x4C, 0x46, 0xA4, 0x62, 0x39, 0x1A, 0x60, 0xE6, 0x5A, 0xDC, 0x87, 0xA4, 0x58, 0x9B,
    0x43, 0x1E, 0x2A, 0x45, 0x44, 0xE4, 0xD7, 0x12, 0x86, 0xC6, 0xE3, 0xA7, 0xC1, 0xF8, 0xA9, 0x65,
    0x42, 0xB4, 0x5D, 0x7E, 0xE0, 0x99, 0xA3, 0x94, 0xD3, 0x89, 0x92, 0xB4, 0x7C, 0xFB, 0x90, 0xE6,
    0x0B, 0xC4, 0x87, 0xD7, 0x12, 0x5B, 0x47, 0xA2, 0x3B, 0xE0, 0x88, 0x35, 0xA7, 0xD1, 0x2D, 0xF3,
    0x8C, 0x7A, 0x48, 0x34, 0x28, 0x25, 0xF1, 0x63, 0xDB, 0x5F, 0x1D, 0x41, 0x7F, 0x36, 0x81, 0xBE,
    0x43, 0x88, 0xE7, 0x78, 0x8E, 0x28, 0x22, 0x10, 0x08, 0x66, 0x8A, 0x28, 0x9E, 0xC1, 0x1F, 0xEB,
    0xC2, 0x8C, 0x20, 0x33, 0x81, 0x1E, 0x9F, 0x51, 0x57, 0xF2, 0x61, 0x44, 0xFD, 0xC4, 0x84, 0xB2,
    0x49, 0x46, 0xD0, 0x13, 0x23, 0xEA, 0x17, 0xD6, 0x0F, 0xF5, 0xED, 0x3E, 0xB8, 0xF7, 0x9D, 0xB6,
    0x31, 0xB0, 0x9A, 0xAE, 0x17, 0xD3, 0xA5, 0x98, 0x8E, 0x27, 0x50, 0x34, 0xA3, 0x2E, 0xE2, 0x29,
    0x5A, 0x1C, 0x82, 0xBA, 0xB3, 0x50, 0xFD, 0x9E, 0x0A, 0x82, 0x54, 0x17, 0x7B, 0x5F, 0x98, 0x80,
    0xFA, 0x4B, 0x03, 0xCA, 0x6F, 0x0E, 0x70, 0x6F, 0x8C, 0x7A, 0xA5, 0x7A, 0xB5, 0x3D, 0xF4, 0x55,
    0x25, 0x09, 0x33, 0x1D, 0xD6, 0xF7, 0x95, 0x5A, 0xF9, 0x29, 0x69, 0x73, 0x0C, 0x27, 0x3F, 0x8C,
    0xE5, 0xBC, 0x43, 0x34, 0xFF, 0x26, 0xD1, 0xFC, 0x38, 0x8D, 0xBF, 0x56, 0x2C, 0x61, 0x61, 0xFD,
    0x79, 0x52, 0xDE, 0x92, 0xC0, 0x43, 0x95, 0x84, 0x21, 0xE8, 0x60, 0x88, 0x88, 0x59, 0x0D, 0x20,
    0x13, 0x36, 0x01, 0xA0, 0x3D, 0x0F, 0x0D, 0xD9, 0x97, 0x73, 0xBF, 0xAE, 0x91, 0xEF, 0x66, 0x26,
    0x9D, 0x0C, 0xCC, 0x6C, 0x1B, 0x58, 0xDE, 0x28, 0x53, 0x73, 0xCA, 0x6A, 0x04, 0x36, 0x05, 0x26,
    0xE6, 0x84, 0x99, 0x9E, 0x5F, 0x32, 0x65, 0x96, 0xFE, 0x88, 0x88, 0x7A, 0x66, 0xF6, 0x8F, 0x03,
    0xCB, 0x5F, 0x93, 0x8E, 0xE0, 0x3C, 0xDC, 0x63, 0xF3, 0xE1, 0xCB, 0xDE, 0x11, 0x75, 0x75, 0xE4,
    0x91, 0xB6, 0x0B, 0xF3, 0x13, 0x67, 0x91, 0xCD, 0xF2, 0xCC, 0xE2, 0xF1, 0x11, 0x85, 0xAC, 0xF5,
    0xD5, 0x3B, 0x07, 0xAC, 0xDE, 0xCD, 0x80, 0x78, 0x27, 0x73, 0x8F, 0x7A, 0x67, 0x98, 0x89, 0x77,
    0x49, 0xCF, 0xAC, 0x0E, 0x7B, 0xB4, 0xE2, 0x5D, 0xDE, 0x02, 0xEA, 0x9D, 0x6B, 0x82, 0xB9, 0xBA,
    0x0A, 0xE6, 0x28, 0x98, 0x33, 0x73, 0x30, 0x97, 0x8C, 0x58, 0x0F, 0x19, 0xD7, 0xAA, 0x69, 0x11,
    0x34, 0x2D, 0x11, 0x34, 0x9D, 0x83, 0xA6, 0xD1, 0x18, 0x34, 0x35, 0x43, 0xD0, 0x34, 0xF1, 0x41,
    0x53, 0x0D, 0x00, 0xCC, 0xB2, 0x8D, 0x92, 0x55, 0x60, 0x25, 0x02, 0x9B, 0x03, 0x8B, 0x36, 0x4A,
    0x0E, 0x81, 0x25, 0x7E, 0xE7, 0xEB, 0xCA, 0x6C, 0x57, 0x52, 0x2B, 0x2C, 0x7B, 0x8D, 0x9E, 0x1E,
    0x84, 0xB9, 0x17, 0x46, 0x33, 0x8A, 0x7F, 0x65, 0x3A, 0x44, 0x33, 0x58, 0xD3, 0xD9, 0xF6, 0x20,
    0x66, 0x3F, 0x1A, 0x99, 0x15, 0x8B, 0xA6, 0x4F, 0x0C, 0xC2, 0x24, 0x80, 0xDA, 0x01, 0x54, 0x81,
    0xBD, 0x4B, 0xC7, 0x48, 0x58, 0xD6, 0x18, 0xBA, 0x24, 0xCC, 0x55, 0xA0, 0x99, 0x0A, 0xBD, 0xD8,
    0xFB, 0x0E, 0x84, 0x89, 0x77, 0x04, 0xBD, 0x58, 0x61, 0xEA, 0x5D, 0x34, 0x89, 0x39, 0x98, 0xCA,
    0x8C, 0x62, 0x0E, 0x49, 0x93, 0xF4, 0x62, 0x0E, 0x49, 0xBF, 0xD7, 0xAA, 0xB9, 0x88, 0xC4, 0x08,
    0xC0, 0xF6, 0xB6, 0x34, 0x3D, 0x29, 0xEB, 0x96, 0xB2, 0x5B, 0xE2, 0x6E, 0xE9, 0xBB, 0x25, 0xF1,
    0xB6, 0xCA, 0x5B, 0x42, 0x6F, 0x69, 0xBD, 0x25, 0xF7, 0x96, 0xE2, 0x5B, 0xA2, 0x6F, 0xE9, 0x1E,
    0xA4, 0xC7, 0xEF, 0x02, 0xCF, 0x5C, 0x59, 0xD5, 0x37, 0x33, 0x52, 0x22, 0xBD, 0x01, 0x4D, 0x36,
    0x23, 0xBF, 0x49, 0x8D, 0xDC, 0x83, 0xCF, 0xD3, 0x8C, 0xB2, 0x75, 0x9D, 0xDC, 0x06, 0xFB, 0xEE,
    0x0C, 0x6A, 0x72, 0x2F, 0x77, 0x22, 0xFD, 0xF6, 0x1C, 0x51, 0x93, 0x0D, 0x72, 0x33, 0x22, 0xB3,
    0x7C, 0xA8, 0xEC, 0x28, 0xF7, 0x03, 0x66, 0x8E, 0xF9, 0xC3, 0xAA, 0xE1, 0x6C, 0xA8, 0xB0, 0x2A,
    0x63, 0xF8, 0x20, 0x4A, 0x86, 0x0F, 0x2A, 0xE6, 0xE6, 0x43, 0x09, 0x31, 0xA0, 0x1F, 0x66, 0x04,
    0x6B, 0x2A, 0x9A, 0xB4, 0x93, 0x8D, 0x2A, 0x9A, 0x61, 0x77, 0xB2, 0x5E, 0x9A, 0xD1, 0x0F, 0x41,
    0x34, 0x43, 0x28, 0x3B, 0xD7, 0x69, 0x33, 0x44, 0x73, 0x4E, 0xD4, 0x48, 0x33, 0xFC, 0x21, 0xA1,
    0x55, 0xA3, 0x88, 0xFF, 0x8D, 0xDB, 0x6F, 0x1F, 0xAC, 0x77, 0x8E, 0xBB, 0xA2, 0x5B, 0xEF, 0x4D,
    0x44, 0x72, 0x5F, 0xE4, 0x6E, 0xA9, 0x79, 0xDA, 0x5B, 0x4D, 0x5F, 0x0E, 0xF7, 0xE2, 0xEE, 0x70,
    0x1F, 0xC2, 0x3D, 0x50, 0x32, 0x6F, 0x69, 0xAF, 0xBA, 0x07, 0xCD, 0x95, 0x88, 0x99, 0x55, 0xEB,
    0x67, 0x5E, 0x5A, 0xFB, 0x3A, 0xA9, 0xE0, 0xA5, 0xBD, 0x51, 0x7A, 0x26, 0x73, 0xEE, 0xB3, 0x01,
    0xCE, 0x47, 0x63, 0xDE, 0xDA, 0xD1, 0x11, 0xFD, 0xE5, 0x90, 0xB5, 0x96, 0xD5, 0x7E, 0xD7, 0xA3,
    0xC8, 0x86, 0x45, 0xE9, 0xA7, 0x3B, 0xA9, 0xAB, 0xDE, 0xD4, 0x6B, 0xA7, 0x74, 0x13, 0x44, 0x43,
    0x59, 0xFC, 0xA8, 0x37, 0x65, 0x0F, 0xF5, 0xC6, 0xAE, 0xBA, 0x21, 0x99, 0xE4, 0xA2, 0xEE, 0x60,
    0xD1, 0xD8, 0x9B, 0xF3, 0xF2, 0x4D, 0x26, 0xFF, 0x8C, 0x6C, 0x14, 0x33, 0x65, 0x91, 0x0F, 0xAB,
    0x19, 0xEA, 0xC4, 0x8C, 0x24, 0xB4, 0x9A, 0xDE, 0x5E, 0x00, 0xF6, 0xBE, 0xBF, 0xF6, 0xF5, 0x94,
    0x68, 0xCD, 0x4B, 0x32, 0xF6, 0x5C, 0x1A, 0x74, 0x5D, 0xDE, 0x6B, 0x8B, 0xAE, 0xCD, 0x06, 0x6D,
    0x32, 0x63, 0x26, 0x0A, 0xC4, 0x7C, 0xCB, 0x54, 0x02, 0xD5, 0x00, 0x90, 0x3A, 0xA1, 0x4F, 0x97,
    0x4D, 0xE8, 0xD0, 0xA4, 0xE6, 0xC4, 0x69, 0x31, 0x27, 0xCE, 0x8A, 0x39, 0x89, 0x8C, 0x89, 0xBF,
    0xEF, 0x6D, 0xB9, 0xB4, 0x8F, 0xDA, 0x8E, 0xC8, 0x23, 0xED, 0xF0, 0xC9, 0xEC, 0x8D, 0xF9, 0xE9,
    0x11, 0xF9, 0x9F, 0x5E, 0xBC, 0xEC, 0xBE, 0x34, 0x26, 0x92, 0xF7, 0x4E, 0x65, 0xDA, 0x1B, 0x12,
    0x36, 0x27, 0xBD, 0x91, 0xEF, 0xE6, 0x11, 0x77, 0x27, 0x33, 0x16, 0x15, 0x9F, 0x1A, 0x20, 0x17,
    0x0D, 0xF1, 0x2E, 0xEF, 0xD7, 0x56, 0x2C, 0x15, 0x50, 0x69, 0x65, 0x12, 0x83, 0x78, 0x97, 0x05,
    0x71, 0x61, 0x08, 0xAB, 0xBA, 0x11, 0x15, 0xE2, 0x43, 0x04, 0x50, 0x25, 0xAE, 0xDA, 0x82, 0xBF,
    0x63, 0x73, 0x59, 0x15, 0x93, 0x9A, 0xCB, 0xDA, 0x74, 0x0E, 0xE6, 0x68, 0x50, 0x73, 0xFA, 0xCE,
    0xBF, 0xC6, 0x8F, 0x2F, 0x03, 0xBF, 0x3C, 0xF3, 0xDC, 0x93, 0xC2, 0x52, 0x4F, 0x34, 0x43, 0xE7,
    0x39, 0x65, 0x3A, 0xCF, 0xCD, 0xE2, 0x9F, 0x7B, 0xFC, 0xE6, 0xE1, 0x75, 0xC8, 0x3C, 0x17, 0x7B,
    0x3C, 0x80, 0x30, 0xCF, 0x9D, 0x82, 0xCC, 0x73, 0x46, 0x34, 0x63, 0xEF, 0xCC, 0x5F, 0xFD, 0x61,
    0xA1, 0xF3, 0x9C, 0x91, 0x2B, 0x67, 0xEF, 0xCC, 0xCD, 0x9A, 0xD6, 0x89, 0xA9, 0x48, 0xA8, 0x80,
    0x7A, 0x17, 0x53, 0x03, 0xF5, 0x2E, 0x12, 0x36, 0x21, 0x3A, 0x10, 0x16, 0x8F, 0x48, 0x3B, 0x61,
    0xA6, 0x87, 0xF5, 0x86, 0x2A, 0xB9, 0x58, 0x3B, 0xA4, 0x24, 0xE6, 0x90, 0x12, 0x8D, 0x6A, 0x2E,
    0xDA, 0x3C, 0x51, 0xFC, 0xC8, 0xD7, 0xB0, 0xF6, 0xD3, 0x9D, 0x2B, 0xA1, 0x9F, 0xDA, 0x36, 0xF4,
    0xD3, 0xBC, 0xD1, 0x7E, 0x2A, 0x4D, 0x6B, 0x3F, 0x55, 0x9D, 0x85, 0x4D, 0x6B, 0x3F, 0xDD, 0x12,
    0x26, 0xF4, 0xD3, 0xD4, 0x87, 0x7E, 0xAA, 0x3A, 0x83, 0x82, 0xCE, 0x66, 0x08, 0x3A, 0xDB, 0x4E,
    0xCD, 0xE9, 0xE7, 0x69, 0xD1, 0xA4, 0xE0, 0x7E, 0x1A, 0xF3, 0x48, 0x6E, 0xB8, 0x9F, 0x9A, 0x9E,
    0x19, 0xF7, 0xD3, 0xD4, 0x33, 0xE3, 0xDE, 0x69, 0xDB, 0xDD, 0xC3, 0xAB, 0xC2, 0xF2, 0x66, 0x1F,
    0x46, 0x98, 0x2B, 0xF6, 0x11, 0xF1, 0x3C, 0xF7, 0x64, 0x8D, 0x23, 0xE8, 0x31, 0xE1, 0xDA, 0xD5,
    0x17, 0x01, 0x11, 0xA6, 0x26, 0x52, 0x9D, 0x41, 0x2F, 0x53, 0x23, 0x3A, 0xE3, 0x6E, 0x90, 0x57,
    0x61, 0x34, 0xD5, 0x56, 0xEF, 0x5C, 0xAF, 0xDE, 0xDC, 0xA3, 0xAC, 0x46, 0x34, 0x6A, 0x47, 0x9B,
    0xD9, 0x4E, 0xE9, 0xC1, 0x10, 0x53, 0x44, 0xAD, 0x5E, 0x08, 0x11, 0x15, 0x62, 0x0E, 0x25, 0x4D,
    0xC7, 0xCF, 0x33, 0x0B, 0xE0, 0x99, 0x17, 0xD7, 0xB1, 0x9F, 0xE8, 0xEB, 0xFA, 0x08, 0x9A, 0x4E,
    0x61, 0xEC, 0xC7, 0x9B, 0xB1, 0xAF, 0xB3, 0xE6, 0xC2, 0x54, 0xB5, 0x62, 0x33, 0xF6, 0x9D, 0x5F,
    0x55, 0x03, 0x35, 0xEB, 0xD8, 0x2F, 0x27, 0x31, 0xC7, 0x8C, 0x0A, 0xCC, 0x50, 0xEA, 0xC5, 0x9C,
    0xC4, 0xAF, 0x30, 0x87, 0xA5, 0x53, 0xEA, 0xB9, 0x9F, 0xDE, 0x81, 0x64, 0xB2, 0x7F, 0x41, 0x34,
    0xE2, 0xDC, 0xC2, 0xF2, 0xD7, 0x99, 0x5D, 0x83, 0x1D, 0x39, 0x9E, 0x8E, 0x1C, 0xC4, 0xFA, 0xDA,
    0xDC, 0x3C, 0xBC, 0x06, 0x47, 0xD4, 0xCE, 0xA6, 0xC5, 0x27, 0x61, 0x69, 0x8E, 0xC7, 0x85, 0xDD,
    0xC3, 0x71, 0xCC, 0x0C, 0xA6, 0x59, 0x0D, 0xFA, 0xE4, 0x7F, 0xDC, 0x5C, 0xEF, 0x5C, 0x42, 0xD4,
    0x6B, 0xEF, 0x4C, 0x6F, 0xD6, 0x93, 0x8E, 0xFD, 0x08, 0x29, 0x85, 0x2C, 0xCC, 0x68, 0xEE, 0x20,
    0xAC, 0x12, 0xD5, 0xA2, 0xCA, 0x84, 0xB1, 0xDF, 0x98, 0x55, 0xB5, 0xAC, 0x33, 0x61, 0xEC, 0xF7,
    0x76, 0x16, 0x73, 0xDB, 0x63, 0xBF, 0x0D, 0xFD, 0x54, 0x6E, 0xE5, 0xE9, 0x2B, 0x3A, 0x05, 0x85,
    0x39, 0x48, 0x1A, 0xF3, 0x21, 0x1F, 0x09, 0xB3, 0x10, 0x0C, 0x33, 0x11, 0xD0, 0xBE, 0x13, 0x72,
    0x82, 0xFC, 0x78, 0x22, 0xBA, 0x7C, 0x3C, 0x13, 0x0D, 0x61, 0x2A, 0x8A, 0x7D, 0x98, 0x8B, 0x92,
    0x26, 0x4C, 0x46, 0xB6, 0x08, 0xB3, 0x91, 0x3B, 0xAC, 0x6F, 0x1E, 0x88, 0x39, 0xF9, 0xA3, 0xD1,
    0xEC, 0xB5, 0x25, 0xC7, 0x75, 0x0B, 0x6B, 0xDD, 0x17, 0xD9, 0x55, 0x99, 0x91, 0x92, 0xC0, 0x66,
    0x61, 0x32, 0x27, 0xA5, 0x6F, 0x1F, 0x0E, 0x48, 0x89, 0x5E, 0x18, 0xD2, 0x06, 0xCF, 0x31, 0xFB,
    0xA6, 0xB7, 0x15, 0xEE, 0xE1, 0x29, 0xD5, 0x76, 0x0B, 0x83, 0x06, 0x4F, 0xFB, 0xD5, 0x1F, 0x40,
    0x05, 0xB4, 0xEB, 0xC0, 0x2C, 0x61, 0xDF, 0xA6, 0x11, 0x22, 0xE0, 0x29, 0x09, 0xA8, 0xEA, 0x5D,
    0x4A, 0x08, 0x93, 0x13, 0x69, 0x2C, 0xDE, 0x29, 0x92, 0x55, 0xC0, 0xBC, 0x4A, 0x49, 0xCC, 0xC1,
    0x35, 0x76, 0x16, 0x73, 0xDC, 0xCF, 0xD6, 0x64, 0x21, 0xA7, 0x90, 0x5E, 0xA5, 0xD2, 0x1F, 0xE5,
    0xF8, 0xED, 0x2F, 0x6F, 0xF2, 0xB1, 0x90, 0x8B, 0x85, 0x3C, 0x6C, 0x93, 0x83, 0x85, 0xFC, 0x6B,
    0x93, 0x7B, 0x85, 0xBC, 0xEB, 0x64, 0xCE, 0xF5, 0xF3, 0xCF, 0xF3, 0x3B, 0x7F, 0x58, 0xE8, 0x3C,
    0xEF, 0xC8, 0x6B, 0x52, 0x3B, 0xA7, 0x83, 0xCE, 0xF3, 0x83, 0x19, 0x35, 0xA5, 0xF5, 0xA6, 0xD7,
    0x8C, 0xB6, 0x8B, 0x0A, 0xC9, 0xA1, 0xF2, 0x16, 0x90, 0xFC, 0xC9, 0x2D, 0x44, 0x24, 0x70, 0xFF,
    0xED, 0x26, 0x00, 0x31, 0x43, 0xAD, 0x08, 0xE0, 0x7A, 0xDB, 0xCB, 0xF5, 0xCB, 0xCA, 0x8E, 0xBD,
    0x71, 0x8D, 0xAC, 0xBD, 0x67, 0x25, 0x32, 0xA6, 0x5B, 0x26, 0xF2, 0xFE, 0xB2, 0x19, 0xE5, 0xA2,
    0xAC, 0x4F, 0x46, 0xB9, 0xA8, 0xB4, 0x4F, 0xFB, 0x35, 0xF5, 0xDA, 0xEB, 0xF4, 0xA2, 0xEA, 0x20,
    0xD9, 0xCE, 0x8B, 0x88, 0x78, 0x85, 0x83, 0xCF, 0x89, 0x90, 0x7A, 0x85, 0x96, 0x49, 0x34, 0x2A,
    0x91, 0x2B, 0xB4, 0x87, 0x87, 0xDA, 0x77, 0x6C, 0x01, 0xCD, 0x64, 0x2C, 0x70, 0x41, 0x84, 0xCA,
    0x8E, 0xA7, 0xC9, 0x67, 0x7E, 0xA0, 0x42, 0xE5, 0xEC, 0xF7, 0xCC, 0xE4, 0x6D, 0xEA, 0x45, 0xA8,
    0x3B, 0xE0, 0xC2, 0x20, 0xB6, 0x13, 0x9B, 0x11, 0x62, 0xBB, 0x9D, 0x9B, 0xD8, 0x59, 0x48, 0xD6,
    0xD4, 0xD4, 0xBA, 0x85, 0xB8, 0x2F, 0x4C, 0x99, 0xAF, 0x8B, 0x6C, 0xAC, 0x53, 0x9F, 0xF6, 0x65,
    0xE3, 0x86, 0x45, 0xA8, 0x84, 0x23, 0xE5, 0x5F, 0x8C, 0x79, 0x13, 0xB1, 0x3F, 0x8B, 0x50, 0x0D,
    0x67, 0x23, 0x07, 0xA9, 0x2F, 0x1B, 0xA8, 0x50, 0xE5, 0x97, 0x6E, 0xE8, 0xC8, 0xAD, 0x89, 0x1A,
    0xF1, 0xA6, 0x6E, 0x73, 0x9D, 0x42, 0xEB, 0x4A, 0xA4, 0x9B, 0x17, 0x92, 0x8E, 0x40, 0x3C, 0x0A,
    0x11, 0xA1, 0xCA, 0x86, 0x49, 0xEA, 0xE1, 0x9A, 0x74, 0xD0, 0x1E, 0xD7, 0xDA, 0x5E, 0x47, 0xAC,
    0xB7, 0x7A, 0xF7, 0x13, 0xD9, 0xFC, 0xA8, 0x81, 0x88, 0x28, 0x0C, 0xDC, 0x03, 0xE0, 0xF4, 0x01,
    0xBB, 0xB0, 0x4E, 0x0C, 0xEB, 0xBC, 0x41, 0x9D, 0x98, 0x07, 0x32, 0x66, 0x12, 0x01, 0xA9, 0xEC,
    0xD6, 0xF9, 0xF9, 0x9A, 0xEB, 0xD6, 0xC8, 0x7C, 0x37, 0xB3, 0xBC, 0x09, 0x75, 0x5D, 0x15, 0x58,
    0x8D, 0xC0, 0xE6, 0xC0, 0xC4, 0x9C, 0x30, 0x33, 0x6C, 0x4D, 0x43, 0xC2, 0x6C, 0x77, 0xDF, 0x0F,
    0x94, 0x71, 0x04, 0xF4, 0xC2, 0xDC, 0xBF, 0x9E, 0x9E, 0x1E, 0x85, 0xD5, 0x59, 0x9F, 0xE8, 0x9C,
    0x3D, 0x3B, 0x6F, 0x08, 0xA2, 0xE1, 0xC2, 0x66, 0x94, 0x9C, 0x55, 0xBA, 0xC1, 0x4C, 0xDC, 0xEF,
    0x3E, 0xED, 0x33, 0xB2, 0x83, 0xCA, 0x98, 0x12, 0xB5, 0xAA, 0x63, 0x2C, 0x93, 0x80, 0xA6, 0x84,
    0xE1, 0x0F, 0x46, 0x12, 0xD2, 0xF9, 0x60, 0x46, 0xDE, 0xE7, 0x04, 0xC8, 0xF4, 0xD1, 0x25, 0x54,
    0x88, 0x98, 0x75, 0x13, 0xEB, 0xFC, 0xBC, 0xB0, 0x88, 0x99, 0xED, 0x50, 0xB6, 0x31, 0x15, 0x72,
    0xB1, 0xE2, 0x81, 0x98, 0xCB, 0xE6, 0x7A, 0x14, 0x73, 0x88, 0xB7, 0xE7, 0x6C, 0x9D, 0x5F, 0x0E,
    0xA1, 0xF3, 0x8B, 0x6A, 0x9A, 0xFD, 0xA4, 0xEE, 0xC2, 0xAC, 0xE2, 0xD6, 0xB9, 0xD8, 0x35, 0x79,
    0xAF, 0x22, 0xE4, 0x92, 0x51, 0xB6, 0x61, 0xA6, 0xCE, 0x37, 0x19, 0x65, 0xF8, 0x73, 0xAE, 0x55,
    0xD3, 0xFA, 0x06, 0x30, 0x29, 0xA3, 0x62, 0xD5, 0x34, 0xAA, 0xBD, 0x98, 0x03, 0x38, 0xA1, 0xF0,
    0xCA, 0xD2, 0xD1, 0xB6, 0xAC, 0xE9, 0x1D, 0x0B, 0x53, 0x4D, 0xF7, 0x17, 0xE6, 0x3E, 0xCD, 0x9A,
    0xF2, 0xFC, 0x52, 0x67, 0x9C, 0x47, 0xD6, 0x70, 0xFD, 0x14, 0x34, 0xFD, 0x93, 0xD1, 0xF5, 0x0B,
    0xCB, 0x68, 0x36, 0xBD, 0x93, 0x0D, 0xB1, 0xCF, 0x15, 0xE9, 0x46, 0xD3, 0xF6, 0x36, 0x9A, 0x16,
    0x1B, 0x4D, 0xCD, 0xAA, 0xE9, 0x84, 0xEC, 0x58, 0x53, 0xB7, 0x6A, 0xDA, 0xA3, 0x6E, 0x6F, 0xD5,
    0xB4, 0xBD, 0x8D, 0xA6, 0x05, 0xB2, 0xF9, 0xEA, 0xED, 0x35, 0xE5, 0xFF, 0x4F, 0x25, 0xFD, 0x54,
    0x07, 0x32, 0xA6, 0xC0, 0xE2, 0x31, 0x30, 0x9D, 0xA9, 0x97, 0xBD, 0x0B, 0xD5, 0x34, 0x03, 0xBC,
    0x6A, 0x9A, 0xF3, 0xF8, 0xCE, 0x1B, 0x65, 0x50, 0x4D, 0x1F, 0x7E, 0xE6, 0x4D, 0xA8, 0xA6, 0x9C,
    0xBB, 0x60, 0x12, 0xF6, 0x43, 0x92, 0x99, 0x5A, 0x06, 0xF9, 0x10, 0x34, 0xCD, 0xC6, 0xA0, 0xA9,
    0x5D, 0x35, 0x3D, 0x05, 0xBB, 0x6A, 0x5A, 0x22, 0x5B, 0x35, 0x25, 0xE4, 0xAB, 0xA6, 0xD4, 0x94,
    0x5E, 0x35, 0x2D, 0x6F, 0xAB, 0xE9, 0x85, 0x5F, 0x1A, 0x4D, 0x39, 0x27, 0x43, 0x7C, 0x45, 0x35,
    0x20, 0x55, 0x4D, 0x98, 0x6D, 0x95, 0xCD, 0xAA, 0x9A, 0x3B, 0x3C, 0x9C, 0x54, 0xB5, 0xF3, 0xC0,
    0xA8, 0xAA, 0x9D, 0x43, 0xDC, 0xAB, 0x6A, 0xF7, 0xC0, 0x1C, 0xE7, 0x37, 0x69, 0x77, 0xAC, 0x5A,
    0x23, 0xE6, 0x74, 0xE6, 0x6C, 0x95, 0x95, 0xA1, 0x63, 0x83, 0xD4, 0x1C, 0x10, 0x4F, 0xA8, 0x21,
    0x63, 0xDF, 0x8C, 0x98, 0x62, 0xB9, 0xB5, 0x69, 0x1F, 0x8F, 0xA9, 0x8C, 0x7D, 0xEB, 0x4D, 0x2F,
    0x9A, 0x22, 0xEF, 0x52, 0xAF, 0x57, 0x54, 0x36, 0xB6, 0x15, 0x4D, 0x41, 0x55, 0xDE, 0xA8, 0xA6,
    0x17, 0xE1, 0x8A, 0xA0, 0x69, 0x8D, 0xA0, 0xE9, 0x04, 0xD1, 0x54, 0x54, 0x5B, 0x35, 0x35, 0x7D,
    0xD0, 0x34, 0xF5, 0x41, 0x53, 0xDB, 0x06, 0x4D, 0xF3, 0x26, 0x68, 0xEA, 0x8A, 0xA0, 0x69, 0x8D,
    0xA0, 0xE9, 0x04, 0xD1, 0x54, 0xCC, 0x89, 0xA6, 0x62, 0xEE, 0x56, 0x4D, 0xC3, 0x1A, 0x28, 0xAC,
    0x80, 0xC2, 0xFA, 0x27, 0x13, 0x9C, 0xC2, 0xDA, 0x27, 0xAC, 0x7C, 0xC2, 0xBA, 0x27, 0xAC, 0x7A,
    0x14, 0xF3, 0x46, 0xD1, 0x15, 0x8A, 0x35, 0x14, 0x27, 0xC5, 0x78, 0x54, 0x34, 0xBD, 0x62, 0xEA,
    0x15, 0x6D, 0xAB, 0xA8, 0x37, 0xCD, 0x4B, 0x75, 0x59, 0xDF, 0x40, 0xD0, 0x4F, 0x80, 0xAE, 0x6D,
    0xC2, 0xCA, 0x46, 0xF1, 0xB8, 0x7B, 0xB7, 0x02, 0x5A, 0x5D, 0x9C, 0x57, 0xAC, 0x15, 0x30, 0x29,
    0xC4, 0x3F, 0x63, 0xF5, 0xE3, 0x3F, 0x4B, 0x39, 0x10, 0x91, 0x48, 0x27, 0x63, 0x7D, 0xA1, 0xA5,
    0x48, 0xA8, 0xD7, 0xBF, 0xE2, 0x98, 0xE0, 0x06, 0xF6, 0x4E, 0x52, 0x7A, 0xBB, 0xEE, 0x7F, 0x50,
    0xCB, 0x46, 0x13, 0xF2, 0xB8, 0xB0, 0x26, 0x8C, 0x0C, 0xBD, 0xC2, 0xA0, 0x30, 0x8A, 0x2F, 0x3F,
    0x2F, 0x98, 0x00, 0xC3, 0x96, 0x4D, 0x1F, 0x7D, 0x83, 0xDB, 0xEB, 0xAC, 0x3C, 0xB5, 0x6E, 0x73,
    0xC9, 0x17, 0x2A, 0xB7, 0x40, 0x4E, 0x70, 0xB3, 0xE4, 0xF5, 0x8E, 0xAA, 0x98, 0x7A, 0x64, 0x74,
    0x83, 0x9F, 0xD8, 0x25, 0x9B, 0x7F, 0x55, 0xD2, 0x62, 0xEB, 0xA9, 0x31, 0xB0, 0x47, 0x6F, 0x42,
    0x4E, 0x28, 0x90, 0x11, 0x51, 0x07, 0x47, 0x4F, 0xD1, 0xC0, 0xD7, 0x4B, 0x13, 0xDC, 0x08, 0x47,
    0xC8, 0x07, 0x2E, 0xED, 0x20, 0x4F, 0xE9, 0xFE, 0xC9, 0x52, 0x56, 0x90, 0xCB, 0xFF, 0x99, 0xCB,
    0x2A, 0x91, 0xBA, 0xF9, 0x20, 0x1E, 0x8A, 0xCD, 0x72, 0x29, 0x27, 0xF6, 0x96, 0xF8, 0xCB, 0x3F,
    0x90, 0x97, 0x37, 0x88, 0xAA, 0xF0, 0x02, 0x70, 0x74, 0x51, 0xD6, 0xE9, 0xDF, 0xD7, 0x2C, 0x3D,
    0x26, 0x6A, 0x24, 0x2F, 0x4A, 0xE7, 0x5A, 0xF3, 0xA2, 0xAC, 0xB7, 0xBA, 0xBF, 0xE1, 0x7C, 0x3A,
    0x4A, 0x5E, 0x54, 0xFA, 0x64, 0xD6, 0xAD, 0x99, 0x2E, 0x21, 0xB8, 0x8A, 0x89, 0x21, 0xC9, 0x8B,
    0xA8, 0x5D, 0xC8, 0xBC, 0x12, 0x36, 0x23, 0x84, 0xCD, 0x08, 0x49, 0xA4, 0xD3, 0x2F, 0x84, 0xCD,
    0x48, 0xAD, 0xAC, 0xF9, 0xF5, 0x1F, 0xF0, 0x1C, 0x3B, 0xF3, 0xC2, 0xA6, 0x75, 0x3E, 0x99, 0x4A,
    0x3B, 0x95, 0x9E, 0xDB, 0x9A, 0x33, 0x6F, 0xC7, 0x6C, 0xB0, 0x37, 0xC6, 0xBC, 0xB3, 0x63, 0xCA,
    0x53, 0xBA, 0x6D, 0xED, 0x18, 0x11, 0x7D, 0xD1, 0x83, 0x35, 0xFA, 0xC8, 0x97, 0xD9, 0x4C, 0xDE,
    0xFF, 0xF4, 0x8D, 0xA2, 0xBD, 0x3E, 0x24, 0xE3, 0x61, 0xA3, 0xC8, 0xCC, 0xB7, 0x6C, 0x14, 0x31,
    0x91, 0x44, 0x1C, 0xC9, 0xA4, 0x66, 0xAA, 0x6C, 0x3C, 0x4E, 0xC3, 0x43, 0x16, 0xBE, 0xD9, 0x28,
    0xFA, 0x5F, 0x63, 0x00, 0x03, 0xFB, 0xFF, 0x40, 0x70, 0x01, 0x99, 0x14, 0x0D, 0x05, 0x02, 0x07,
    0x00, 0xDC, 0xD5, 0x21, 0x8C, 0xF4, 0x44, 0x18, 0xC6, 0xF1, 0xA7, 0xBB, 0xB0, 0x2B, 0x4E, 0xD4,
    0x00, 0x02, 0x44, 0xF5, 0xF7, 0x99, 0x7A, 0xD5, 0x2A, 0x2C, 0x67, 0x50, 0x2B, 0x40, 0xE0, 0xF0,
    0xBA, 0xE3, 0x11, 0xAC, 0x37, 0x20, 0x3E, 0xB5, 0xE6, 0xF3, 0xAA, 0x05, 0xC4, 0x49, 0x08, 0x04,
    0xBF, 0x02, 0x7C, 0x45, 0x21, 0x7B, 0x64, 0xB7, 0x7F, 0xDE, 0x99, 0x37, 0xCD, 0xA4, 0x90, 0x0B,
    0xF6, 0xB8, 0x49, 0x9A, 0xFC, 0xDE, 0x9B, 0xF6, 0x66, 0xEE, 0x99, 0x7B, 0x5B, 0xE5, 0xA1, 0xE2,
    0xED, 0x1B, 0xED, 0xA0, 0x95, 0x1A, 0x88, 0xD7, 0xA8, 0x02, 0x18, 0xF8, 0x93, 0x49, 0x5B, 0xBE,
    0xE3, 0x17, 0x06, 0x53, 0x49, 0xE0, 0x81, 0xA1, 0x1B, 0x4D, 0x6D, 0xFF, 0x35, 0xA1, 0x0B, 0xAA,
    0xD0, 0x17, 0x25, 0x41, 0x52, 0x8D, 0xAC, 0x6A, 0x4D, 0x0D, 0x56, 0xAD, 0xF5, 0xBA, 0xE7, 0x74,
    0xB2, 0xEB, 0x8D, 0x1A, 0x7C, 0x5C, 0xB2, 0xF2, 0x6C, 0x7E, 0xE2, 0xF9, 0xAB, 0x23, 0x58, 0x35,
    0x48, 0x1F, 0xC0, 0xE3, 0xC7, 0x76, 0xDD, 0x5B, 0x09, 0xDF, 0x00, 0x63, 0xD6, 0x2A, 0xE6, 0x1E,
    0x42, 0x44, 0x0D, 0x5C, 0x22, 0xB8, 0x7D, 0xC6, 0x4D, 0xD2, 0x96, 0xF3, 0x86, 0xD9, 0x70, 0xC7,
    0xA0, 0x84, 0x92, 0x56, 0xFD, 0xD5, 0x50, 0x21, 0x59, 0xE2, 0x9E, 0xEF, 0x2B, 0xF9, 0x16, 0xA4,
    0x0C, 0x0F, 0xD7, 0x86, 0x96, 0x44, 0xDB, 0x0C, 0x4F, 0xD6, 0xE0, 0x1B, 0x7F, 0x7E, 0xC8, 0x39,
    0x2E, 0x31, 0x2E, 0xD9, 0x91, 0xB1, 0xCE, 0x10, 0x5A, 0xCF, 0xD0, 0xE0, 0x19, 0x1A, 0x3C, 0xC3,
    0x84, 0x3D, 0x83, 0x0C, 0x9E, 0x61, 0x47, 0xEB, 0x19, 0x36, 0x11, 0xF5, 0x13, 0xDB, 0xF0, 0xA0,
    0x8E, 0x11, 0x0D, 0x30, 0x66, 0xE4, 0xA9, 0xFF, 0x4B, 0x86, 0xBB, 0x25, 0xC3, 0x12, 0xC8, 0xF0,
    0xB1, 0x6A, 0xF9, 0x98, 0xE5, 0x51, 0xF2, 0xAE, 0xAF, 0xFC, 0x7F, 0xD2, 0x1B, 0xBF, 0x9F, 0x0F,
    0xCC, 0x52, 0xEA, 0xFD, 0x9F, 0x39, 0x17, 0x20, 0xA5, 0xF6, 0xFF, 0x81, 0x41, 0xBD, 0x17, 0x6D,
    0xFF, 0x55, 0x5C, 0xF5, 0x26, 0xF9, 0x4B, 0x20, 0x46, 0x36, 0x29, 0xBF, 0x07, 0x5E, 0x79, 0xBB,
    0x78, 0x21, 0xAD, 0x7A, 0x27, 0xBF, 0x10, 0x6C, 0x78, 0xD4, 0x3E, 0x08, 0xAB, 0x22, 0xDF, 0xF6,
    0x96, 0x90, 0x7F, 0x41, 0xF5, 0xF2, 0x8A, 0x7C, 0x86, 0xB9, 0x17, 0xD6, 0xFD, 0xC0, 0x8F, 0x40,
    0xBB, 0x2A, 0xB4, 0x1E, 0x7B, 0x2E, 0xDE, 0x1F, 0x41, 0x52, 0x0F, 0x6D, 0x85, 0x17, 0x1B, 0xFE,
    0x8A, 0x67, 0xFA, 0x65, 0x2A, 0xF6, 0xC6, 0xEF, 0x19, 0x95, 0x8A, 0x92, 0xD0, 0x3D, 0xA4, 0x45,
    0x43, 0x3A, 0xA8, 0xE6, 0x13, 0x43, 0x1D, 0x8B, 0x1A, 0xBD, 0x67, 0xB3, 0x79, 0xA3, 0xD5, 0x7F,
    0xFC, 0x09, 0xF9, 0xB0, 0xBE, 0xAD, 0xF2, 0x31, 0x32, 0xAE, 0x8B, 0xF5, 0x6D, 0x2F, 0xFA, 0x4C,
    0x87, 0x7F, 0x9D, 0xE9, 0xEF, 0xBB, 0xDC, 0x9F, 0xCC, 0x95, 0xB7, 0x26, 0xED, 0xAA, 0x90, 0xF4,
    0xEE, 0xBD, 0xD2, 0xB8, 0x83, 0xDF, 0x12, 0x7A, 0x7C, 0x62, 0xC3, 0xE3, 0x81, 0x31, 0xCD, 0x0C,
    0x05, 0x57, 0x43, 0x89, 0xD4, 0xDF, 0xE4, 0x5D, 0xD7, 0x45, 0x34, 0xF3, 0x3F, 0xD1, 0x19, 0xFA,
    0x05, 0x38, 0xB4, 0x65, 0x3E, 0x85, 0x88, 0x06, 0x18, 0x56, 0x78, 0xED, 0x53, 0xF9, 0xA9, 0x67,
    0x81, 0xDE, 0xD0, 0x61, 0x00, 0xA9, 0xE1, 0xD7, 0xFB, 0x83, 0xE5, 0x19, 0xA3, 0x3B, 0xF7, 0xC0,
    0x50, 0x2E, 0xD8, 0xC0, 0x51, 0x69, 0xBC, 0xEF, 0x31, 0x2E, 0x69, 0x6A, 0xBF, 0xC4, 0xA9, 0x06,
    0x08, 0x49, 0xFC, 0x71, 0x60, 0x8A, 0xD8, 0x30, 0x78, 0x36, 0xDA, 0xD2, 0xDA, 0xAA, 0xFE, 0x80,
    0xD4, 0x3C, 0xA9, 0x2D, 0x8B, 0x36, 0x04, 0xF5, 0x51, 0x1F, 0xF9, 0xFA, 0xA7, 0x63, 0xE1, 0xDF,
    0x0E, 0x38, 0xEF, 0x39, 0x31, 0x35, 0x51, 0xE5, 0x55, 0xDD, 0xE5, 0xC3, 0xF4, 0x2D, 0x99, 0x54,
    0x5F, 0xD2, 0x1A, 0xCD, 0xA4, 0x72, 0x72, 0x5D, 0x54, 0x9E, 0x5D, 0x37, 0xBD, 0x23, 0x17, 0x41,
    0x8B, 0x96, 0x2C, 0x2A, 0x38, 0xBB, 0xEE, 0x60, 0x76, 0x6D, 0x80, 0x9F, 0x92, 0xD4, 0xC1, 0xE8,
    0xDA, 0xC1, 0xD5, 0xA5, 0x8A, 0x5B, 0x52, 0xA1, 0x02, 0x57, 0x15, 0x54, 0xCF, 0x49, 0xDD, 0xA0,
    0xD2, 0x7F, 0xD6, 0xBB, 0x30, 0x9D, 0x65, 0x9B, 0x6D, 0x4C, 0x9D, 0xED, 0x74, 0x8A, 0x69, 0x7F,
    0xDE, 0xCC, 0x9F, 0x32, 0xAA, 0x86, 0xB1, 0x4C, 0xE1, 0x95, 0xA6, 0x02, 0x1E, 0xD3, 0xEA, 0x7F,
    0xEF, 0x02, 0x03, 0x6B, 0x28, 0x34, 0xC4, 0x01, 0x3C, 0xCE, 0x01, 0x66, 0xC5, 0x40, 0x18, 0xC4,
    0xF1, 0x79, 0xFB, 0xB0, 0x58, 0xBC, 0xDE, 0x20, 0x47, 0xE8, 0x11, 0x12, 0x7A, 0x9A, 0x82, 0x5E,
    0xA0, 0x24, 0x37, 0x4B, 0x8E, 0x90, 0x23, 0x14, 0x3D, 0x40, 0xB0, 0x58, 0x74, 0x77, 0x9A, 0x19,
    0x76, 0x07, 0xEB, 0x1F, 0x7E, 0x3E, 0x81, 0xF6, 0x86, 0xB1, 0xEF, 0x51, 0x0F, 0x2E, 0x3D, 0x23,
    0xCF, 0x9E, 0x13, 0x73, 0xCF, 0x95, 0x75, 0x50, 0x1A, 0x9B, 0xD2, 0xD8, 0x94, 0xC2, 0xA6, 0xBF,
    0xF8, 0x32, 0xC6, 0xA3, 0x8E, 0xCB, 0x31, 0xE3, 0x13, 0xB3, 0xF1, 0x74, 0x81, 0x98, 0xB2, 0xE9,
    0x15, 0xB8, 0xBD, 0xAA, 0x28, 0xF3, 0x93, 0x47, 0x12, 0x8E, 0x6C, 0x1F, 0x3C, 0xF4, 0x1B, 0xBE,
    0xCA, 0x2D, 0xEA, 0xF2, 0xEA, 0x4C, 0xAC, 0x37, 0xD5, 0xF0, 0x22, 0x97, 0xA8, 0x6A, 0x62, 0xA7,
    0xE9, 0x1F, 0x66, 0x32, 0xBF, 0x2B, 0x2F, 0xB1, 0x92, 0x94, 0x8B, 0xDE, 0x9F, 0x60, 0xBA, 0xEB,
    0x8A, 0xDF, 0xA7, 0xBF, 0x21, 0xAC, 0x2C, 0x40, 0x52, 0x8A, 0x02, 0xC2, 0x34, 0x85, 0xB1, 0xA9,
    0x31, 0x4D, 0x85, 0x5B, 0x30, 0x15, 0x2E, 0x30, 0x15, 0xCE, 0xD8, 0x45, 0x85, 0xEF, 0x14, 0x15,
    0x2E, 0x30, 0x15, 0x6E, 0xC1, 0xD4, 0x98, 0xA6, 0xC6, 0x34, 0x35, 0x36, 0xF5, 0x44, 0xFB, 0xFE,
    0xB7, 0x0F, 0x11, 0x6F, 0x1A, 0x0C, 0x68, 0x00, 0x00,
};

static const EpdGlyph notoserif_en_22_boldGlyphs[] = {
    { 0, 0, 191, 0, 0, 0, 0 }, // U+0020
    { 9, 34, 280, 4, 33, 77, 0 }, // !
    { 18, 13, 373, 3, 33, 59, 77 }, // "
    { 24, 33, 414, 1, 33, 198, 136 }, // #
    { 22, 39, 414, 2, 35, 215, 334 }, // $
    { 39, 35, 664, 1, 34, 342, 549 }, // %
    { 36, 35, 587, 1, 34, 315, 891 }, // &
    { 8, 13, 213, 3, 33, 26, 1206 }, // '
    { 15, 43, 294, 2, 36, 162, 1232 }, // (
    { 15, 43, 294, 1, 36, 162, 1394 }, // )
    { 21, 19, 368, 1, 35, 100, 1556 }, // *
    { 22, 21, 414, 2, 27, 116, 1656 }, // +
    { 9, 15, 216, 2, 7, 34, 1772 }, // ,
    { 13, 5, 227, 1, 15, 17, 1806 }, // -
    { 9, 8, 216, 2, 7, 18, 1823 }, // .
    { 14, 41, 211, 0, 35, 144, 1841 }, // /
    { 23, 35, 427, 2, 34, 202, 1985 }, // 0
    { 23, 33, 371, 0, 33, 190, 2187 }, // 1
    { 23, 34, 389, 1, 34, 196, 2377 }, // 2
    { 23, 35, 395, 1, 34, 202, 2573 }, // 3
    { 25, 33, 408, 0, 33, 207, 2775 }, // 4
    { 22, 34, 389, 1, 33, 187, 2982 }, // 5
    { 23, 35, 411, 2, 34, 202, 3169 }, // 6
    { 22, 33, 397, 2, 33, 182, 3371 }, // 7
    { 24, 35, 425, 1, 34, 210, 3553 }, // 8
    { 23, 35, 411, 1, 34, 202, 3763 }, // 9
    { 8, 26, 223, 3, 25, 52, 3965 }, // :
    { 9, 33, 223, 2, 25, 75, 4017 }, // ;
    { 22, 25, 414, 2, 29, 138, 4092 }, // <
    { 22, 13, 414, 2, 23, 72, 4230 }, // =
    { 22, 25, 414, 2, 29, 138, 4302 }, // >
    { 22, 35, 403, 1, 34, 193, 4440 }, // ?
    { 39, 40, 675, 2, 33, 390, 4633 }, // @
    { 35, 33, 552, 0, 33, 289, 5023 }, // A
    { 29, 33, 493, 1, 33, 240, 5312 }, // B
    { 27, 35, 491, 2, 34, 237, 5552 }, // C
    { 32, 33, 562, 1, 33, 264, 5789 }, // D
    { 28, 33, 479, 1, 33, 231, 6053 }, // E
    { 26, 33, 455, 1, 33, 215, 6284 }, // F
    { 32, 35, 565, 2, 34, 280, 6499 }, // G
    { 36, 33, 601, 1, 33, 297, 6779 }, // H
    { 17, 33, 294, 1, 33, 141, 7076 }, // I
    { 19, 44, 290, -1, 33, 209, 7217 }, // J
    { 33, 33, 538, 1, 33, 273, 7426 }, // K
    { 28, 33, 480, 1, 33, 231, 7699 }, // L
    { 42, 33, 698, 1, 33, 347, 7930 }, // M
    { 35, 33, 578, 1, 33, 289, 8277 }, // N
    { 32, 35, 577, 2, 34, 280, 8566 }, // O
    { 28, 33, 468, 1, 33, 231, 8846 }, // P
    { 32, 45, 577, 2, 34, 360, 9077 }, // Q
    { 32, 33, 522, 1, 33, 264, 9437 }, // R
    { 24, 35, 425, 1, 34, 210, 9701 }, // S
    { 30, 33, 479, 0, 33, 248, 9911 }, // T
    { 34, 34, 548, 0, 33, 289, 10159 }, // U
    { 32, 33, 512, 0, 33, 264, 10448 }, // V
    { 49, 33, 782, 0, 33, 405, 10712 }, // W
    { 34, 33, 537, 0, 33, 281, 11117 }, // X
    { 32, 33, 508, 0, 33, 264, 11398 }, // Y
    { 28, 33, 489, 1, 33, 231, 11662 }, // Z
    { 14, 41, 304, 4, 35, 144, 11893 }, // [
    { 14, 41, 211, 0, 35, 144, 12037 }, // <backslash>
    { 14, 41, 304, 1, 35, 144, 12181 }, // ]
    { 22, 21, 410, 2, 33, 116, 12325 }, // ^
    { 23, 4, 337, -1, -3, 23, 12441 }, // _
    { 13, 9, 245, 1, 36, 30, 12464 }, // `
    { 24, 27, 440, 2, 26, 162, 12494 }, // a
    { 28, 36, 476, 0, 35, 252, 12656 }, // b
    { 21, 27, 386, 2, 26, 142, 12908 }, // c
    { 28, 36, 476, 2, 35, 252, 13050 }, // d
    { 23, 27, 419, 2, 26, 156, 13302 }, // e
    { 22, 36, 298, 0, 36, 198, 13458 }, // f
    { 26, 38, 411, 0, 27, 247, 13656 }, // g
    { 30, 35, 489, 0, 35, 263, 13903 }, // h
    { 16, 36, 258, 0, 36, 144, 14166 }, // i
    { 13, 47, 253, -1, 36, 153, 14310 }, // j
    { 30, 35, 467, 0, 35, 263, 14463 }, // k
    { 16, 35, 258, 0, 35, 140, 14726 }, // l
    { 45, 26, 723, 0, 26, 293, 14866 }, // m
    { 30, 26, 489, 0, 26, 195, 15159 }, // n
    { 24, 27, 450, 2, 26, 162, 15354 }, // o
    { 28, 37, 473, 0, 26, 259, 15516 }, // p
    { 28, 37, 475, 2, 26, 259, 15775 }, // q
    { 24, 26, 383, 0, 26, 156, 16034 }, // r
    { 20, 27, 353, 1, 26, 135, 16190 }, // s
    { 18, 32, 297, 0, 31, 144, 16325 }, // t
    { 29, 26, 489, 1, 25, 189, 16469 }, // u
    { 28, 25, 444, 0, 25, 175, 16658 }, // v
    { 41, 25, 628, -1, 25, 257, 16833 }, // w
    { 30, 25, 474, 0, 25, 188, 17090 }, // x
    { 27, 36, 425, 0, 25, 243, 17278 }, // y
    { 23, 25, 388, 0, 25, 144, 17521 }, // z
    { 18, 41, 324, 1, 35, 185, 17665 }, // {
    { 4, 46, 414, 11, 35, 46, 17850 }, // |
    { 18, 41, 324, 1, 35, 185, 17896 }, // }
    { 23, 9, 414, 1, 21, 52, 18081 }, // ~
    { 0, 0, 191, 0, 0, 0, 0 }, // U+00A0
    { 9, 34, 280, 4, 25, 77, 0 }, // U+00A1
    { 23, 33, 414, 2, 33, 190, 77 }, // U+00A2
    { 24, 35, 410, 1, 34, 210, 267 }, // U+00A3
    { 20, 21, 414, 3, 27, 105, 477 }, // U+00A4
    { 26, 33, 414, 0, 33, 215, 582 }, // U+00A5
    { 4, 46, 414, 11, 35, 46, 797 }, // U+00A6
    { 22, 41, 399, 2, 35, 226, 843 }, // U+00A7
    { 16, 7, 423, 5, 35, 28, 1069 }, // U+00A8
    { 35, 35, 620, 2, 34, 307, 1097 }, // U+00A9
    { 18, 16, 308, 1, 33, 72, 1404 }, // U+00AA
    { 21, 19, 406, 2, 22, 100, 1476 }, // U+00AB
    { 21, 13, 414, 2, 19, 69, 1576 }, // U+00AC
    { 13, 5, 227, 1, 15, 17, 1645 }, // U+00AD
    { 35, 35, 620, 2, 34, 307, 1662 }, // U+00AE
    { 23, 4, 337, -1, 38, 23, 1969 }, // U+00AF
    { 16, 16, 293, 1, 34, 64, 1992 }, // U+00B0
    { 22, 27, 414, 2, 27, 149, 2056 }, // U+00B1
    { 16, 21, 293, 1, 38, 84, 2205 }, // U+00B2
    { 16, 21, 293, 1, 38, 84, 2289 }, // U+00B3
    { 13, 9, 245, 1, 36, 30, 2373 }, // U+00B4
    { 27, 36, 488, 3, 25, 243, 2403 }, // U+00B5
    { 26, 41, 460, 1, 35, 267, 2646 }, // U+00B6
    { 9, 8, 216, 2, 20, 18, 2913 }, // U+00B7
    { 11, 12, 244, 2, 1, 33, 2931 }, // U+00B8
    { 14, 21, 293, 2, 38, 74, 2964 }, // U+00B9
    { 18, 16, 320, 1, 33, 72, 3038 }, // U+00BA
    { 21, 19, 406, 2, 22, 100, 3110 }, // U+00BB
    { 38, 34, 616, 0, 33, 323, 3210 }, // U+00BC
    { 38, 34, 616, 0, 33, 323, 3533 }, // U+00BD
    { 37, 34, 616, 1, 33, 315, 3856 }, // U+00BE
    { 22, 34, 403, 2, 25, 187, 4171 }, // U+00BF
    { 35, 44, 552, 0, 44, 385, 4358 }, // U+00C0
    { 35, 44, 552, 0, 44, 385, 4743 }, // U+00C1
    { 35, 44, 552, 0, 44, 385, 5128 }, // U+00C2
    { 35, 44, 552, 0, 44, 385, 5513 }, // U+00C3
    { 35, 43, 552, 0, 43, 377, 5898 }, // U+00C4
    { 35, 41, 552, 0, 41, 359, 6275 }, // U+00C5
    { 45, 33, 728, 0, 33, 372, 6634 }, // U+00C6
    { 27, 45, 491, 2, 34, 304, 7006 }, // U+00C7
    { 28, 44, 479, 1, 44, 308, 7310 }, // U+00C8
    { 28, 44, 479, 1, 44, 308, 7618 }, // U+00C9
    { 28, 44, 479, 1, 44, 308, 7926 }, // U+00CA
    { 28, 43, 479, 1, 43, 301, 8234 }, // U+00CB
    { 17, 44, 294, 1, 44, 187, 8535 }, // U+00CC
    { 17, 44, 294, 1, 44, 187, 8722 }, // U+00CD
    { 17, 44, 294, 1, 44, 187, 8909 }, // U+00CE
    { 17, 43, 294, 1, 43, 183, 9096 }, // U+00CF
    { 32, 33, 562, 1, 33, 264, 9279 }, // U+00D0
    { 35, 44, 578, 1, 44, 385, 9543 }, // U+00D1
    { 32, 45, 577, 2, 44, 360, 9928 }, // U+00D2
    { 32, 45, 577, 2, 44, 360, 10288 }, // U+00D3
    { 32, 45, 577, 2, 44, 360, 10648 }, // U+00D4
    { 32, 45, 577, 2, 44, 360, 11008 }, // U+00D5
    { 32, 44, 577, 2, 43, 352, 11368 }, // U+00D6
    { 20, 19, 414, 3, 26, 95, 11720 }, // U+00D7
    { 32, 37, 577, 2, 35, 296, 11815 }, // U+00D8
    { 34, 45, 548, 0, 44, 383, 12111 }, // U+00D9
    { 34, 45, 548, 0, 44, 383, 12494 }, // U+00DA
    { 34, 45, 548, 0, 44, 383, 12877 }, // U+00DB
    { 34, 44, 548, 0, 43, 374, 13260 }, // U+00DC
    { 32, 44, 508, 0, 44, 352, 13634 }, // U+00DD
    { 27, 33, 468, 1, 33, 223, 13986 }, // U+00DE
    { 31, 37, 518, 0, 36, 287, 14209 }, // U+00DF
    { 24, 37, 440, 2, 36, 222, 14496 }, // U+00E0
    { 24, 37, 440, 2, 36, 222, 14718 }, // U+00E1
    { 24, 37, 440, 2, 36, 222, 14940 }, // U+00E2
    { 24, 37, 440, 2, 36, 222, 15162 }, // U+00E3
    { 24, 36, 440, 2, 35, 216, 15384 }, // U+00E4
    { 24, 39, 440, 2, 38, 234, 15600 }, // U+00E5
    { 37, 27, 642, 2, 26, 250, 15834 }, // U+00E6
    { 21, 37, 386, 2, 26, 195, 16084 }, // U+00E7
    { 23, 37, 419, 2, 36, 213, 16279 }, // U+00E8
    { 23, 37, 419, 2, 36, 213, 16492 }, // U+00E9
    { 23, 37, 419, 2, 36, 213, 16705 }, // U+00EA
    { 23, 36, 419, 2, 35, 207, 16918 }, // U+00EB
    { 17, 36, 258, -1, 36, 153, 17125 }, // U+00EC
    { 17, 36, 258, 0, 36, 153, 17278 }, // U+00ED
    { 17, 36, 258, -1, 36, 153, 17431 }, // U+00EE
    { 17, 35, 258, -1, 35, 149, 17584 }, // U+00EF
    { 24, 36, 450, 2, 35, 216, 17733 }, // U+00F0
    { 30, 36, 489, 0, 36, 270, 17949 }, // U+00F1
    { 24, 37, 450, 2, 36, 222, 18219 }, // U+00F2
    { 24, 37, 450, 2, 36, 222, 18441 }, // U+00F3
    { 24, 37, 450, 2, 36, 222, 18663 }, // U+00F4
    { 24, 37, 450, 2, 36, 222, 18885 }, // U+00F5
    { 24, 36, 450, 2, 35, 216, 19107 }, // U+00F6
    { 22, 25, 414, 2, 29, 138, 19323 }, // U+00F7
    { 24, 29, 450, 2, 27, 174, 19461 }, // U+00F8
    { 29, 37, 489, 1, 36, 269, 19635 }, // U+00F9
    { 29, 37, 489, 1, 36, 269, 19904 }, // U+00FA
    { 29, 37, 489, 1, 36, 269, 20173 }, // U+00FB
    { 29, 36, 489, 1, 35, 261, 20442 }, // U+00FC
    { 27, 47, 425, 0, 36, 318, 20703 }, // U+00FD
    { 28, 46, 473, 0, 35, 322, 21021 }, // U+00FE
    { 27, 46, 425, 0, 35, 311, 21343 }, // U+00FF
    { 44, 35, 747, 2, 34, 385, 0 }, // U+0152
    { 39, 27, 686, 2, 26, 264, 385 }, // U+0153
    { 24, 45, 425, 1, 44, 270, 649 }, // U+0160
    { 20, 37, 353, 1, 36, 185, 919 }, // U+0161
    { 32, 43, 508, 0, 43, 344, 1104 }, // U+0178
    { 28, 44, 489, 1, 44, 308, 1448 }, // U+017D
    { 23, 36, 388, 0, 36, 207, 1756 }, // U+017E
    { 28, 47, 364, -1, 36, 329, 0 }, // U+0192
    { 18, 9, 319, 1, 36, 41, 0 }, // U+02C6
    { 19, 9, 349, 1, 36, 43, 41 }, // U+02DC
    { 13, 9, 0, -22, 36, 30, 0 }, // U+0300
    { 12, 9, 0, -15, 36, 27, 30 }, // U+0301
    { 17, 9, 0, -22, 36, 39, 57 }, // U+0302
    { 19, 9, 0, -24, 36, 43, 96 }, // U+0303
    { 14, 5, 0, -7, 32, 18, 139 }, // U+0304
    { 22, 4, 0, -11, 38, 22, 157 }, // U+0305
    { 16, 8, 0, -8, 35, 32, 179 }, // U+0306
    { 8, 8, 0, -4, 36, 16, 211 }, // U+0307
    { 16, 7, 0, -8, 35, 28, 227 }, // U+0308
    { 12, 11, 0, -20, 38, 33, 255 }, // U+0309
    { 12, 11, 0, -6, 38, 33, 288 }, // U+030A
    { 20, 9, 0, -10, 36, 45, 321 }, // U+030B
    { 17, 9, 0, -23, 36, 39, 366 }, // U+030C
    { 4, 9, 0, -2, 35, 9, 405 }, // U+030D
    { 12, 9, 0, -6, 35, 27, 414 }, // U+030E
    { 19, 9, 0, -26, 36, 43, 441 }, // U+030F
    { 16, 14, 0, -8, 41, 56, 484 }, // U+0310
    { 16, 8, 0, -8, 35, 32, 540 }, // U+0311
    { 10, 15, 0, -5, 33, 38, 572 }, // U+0312
    { 10, 15, 0, -5, 33, 38, 610 }, // U+0313
    { 10, 15, 0, -5, 33, 38, 648 }, // U+0314
    { 10, 15, 0, -5, 33, 38, 686 }, // U+0315
    { 12, 9, 0, -6, -2, 27, 724 }, // U+0316
    { 12, 9, 0, -6, -2, 27, 751 }, // U+0317
    { 8, 9, 0, -4, -1, 18, 778 }, // U+0318
    { 8, 9, 0, -4, -1, 18, 796 }, // U+0319
    { 13, 13, 271, 0, 35, 43, 814 }, // U+031A
    { 10, 12, 0, -5, 36, 30, 857 }, // U+031B
    { 6, 10, 0, -3, -1, 15, 887 }, // U+031C
    { 10, 8, 0, -5, -2, 20, 902 }, // U+031D
    { 10, 8, 0, -5, -2, 20, 922 }, // U+031E
    { 10, 10, 0, -5, -1, 25, 942 }, // U+031F
    { 10, 3, 0, -5, -4, 8, 967 }, // U+0320
    { 10, 12, 0, -5, 2, 30, 975 }, // U+0321
    { 10, 12, 0, -5, 2, 30, 1005 }, // U+0322
    { 9, 8, 0, -18, -2, 18, 1035 }, // U+0323
    { 16, 7, 0, -8, -2, 28, 1053 }, // U+0324
    { 12, 10, 0, -6, -1, 30, 1081 }, // U+0325
    { 8, 9, 0, -4, -2, 18, 1111 }, // U+0326
    { 12, 12, 0, -6, 1, 36, 1129 }, // U+0327
    { 12, 11, 0, -6, 0, 33, 1165 }, // U+0328
    { 4, 8, 0, -2, -2, 8, 1198 }, // U+0329
    { 18, 8, 0, -9, -3, 36, 1206 }, // U+032A
    { 16, 7, 0, -8, -2, 28, 1242 }, // U+032B
    { 18, 8, 0, -9, -2, 36, 1270 }, // U+032C
    { 18, 8, 0, -9, -2, 36, 1306 }, // U+032D
    { 16, 8, 0, -8, -2, 32, 1342 }, // U+032E
    { 16, 8, 0, -8, -2, 32, 1374 }, // U+032F
    { 20, 8, 0, -10, -2, 40, 1406 }, // U+0330
    { 14, 5, 0, -7, -4, 18, 1446 }, // U+0331
    { 20, 5, 0, -10, -4, 25, 1464 }, // U+0332
    { 20, 10, 0, -10, -1, 50, 1489 }, // U+0333
    { 20, 9, 0, -10, 18, 45, 1539 }, // U+0334
    { 18, 4, 0, -9, 15, 18, 1584 }, // U+0335
    { 30, 4, 0, -15, 15, 30, 1602 }, // U+0336
    { 18, 13, 0, -9, 20, 59, 1632 }, // U+0337
    { 19, 40, 0, -10, 36, 190, 1691 }, // U+0338
    { 6, 10, 0, -3, -1, 15, 1881 }, // U+0339
    { 18, 8, 0, -9, -3, 36, 1896 }, // U+033A
    { 18, 9, 0, -9, -2, 41, 1932 }, // U+033B
    { 16, 7, 0, -8, -2, 28, 1973 }, // U+033C
    { 10, 9, 0, -5, 35, 23, 2001 }, // U+033D
    { 6, 14, 0, -3, 40, 21, 2024 }, // U+033E
    { 20, 10, 0, -10, 44, 50, 2045 }, // U+033F
    { 13, 9, 0, -8, 36, 30, 2095 }, // U+0340
    { 13, 9, 0, -5, 36, 30, 2125 }, // U+0341
    { 20, 9, 0, -10, 36, 45, 2155 }, // U+0342
    { 8, 10, 0, -4, 37, 20, 2200 }, // U+0343
    { 19, 11, 0, -9, 37, 53, 2220 }, // U+0344
    { 9, 9, 0, 3, -2, 21, 2273 }, // U+0345
    { 18, 8, 0, -9, 35, 36, 2294 }, // U+0346
    { 20, 10, 0, -10, -1, 50, 2330 }, // U+0347
    { 12, 9, 0, -6, -3, 27, 2380 }, // U+0348
    { 10, 8, 0, -5, -3, 20, 2407 }, // U+0349
    { 20, 11, 0, -10, 37, 55, 2427 }, // U+034A
    { 20, 19, 0, -10, 45, 95, 2482 }, // U+034B
    { 20, 17, 0, -10, 43, 85, 2577 }, // U+034C
    { 14, 9, 0, -7, -1, 32, 2662 }, // U+034D
    { 10, 11, 0, -5, 0, 28, 2694 }, // U+034E
    { 34, 33, 0, -17, 33, 281, 2722 }, // U+034F
    { 10, 10, 0, -5, 36, 25, 3003 }, // U+0350
    { 6, 11, 0, -3, 38, 17, 3028 }, // U+0351
    { 16, 14, 0, -8, 40, 56, 3045 }, // U+0352
    { 10, 9, 0, -5, -2, 23, 3101 }, // U+0353
    { 10, 10, 0, -5, -1, 25, 3124 }, // U+0354
    { 10, 10, 0, -5, -1, 25, 3149 }, // U+0355
    { 18, 10, 0, -9, -1, 45, 3174 }, // U+0356
    { 6, 11, 0, -3, 38, 17, 3219 }, // U+0357
    { 9, 8, 0, 3, 36, 18, 3236 }, // U+0358
    { 12, 10, 0, -6, -1, 30, 3254 }, // U+0359
    { 16, 10, 0, -8, -1, 40, 3284 }, // U+035A
    { 10, 9, 0, -5, 36, 23, 3324 }, // U+035B
    { 36, 9, 0, -18, -1, 81, 3347 }, // U+035C
    { 36, 9, 0, -18, 36, 81, 3428 }, // U+035D
    { 28, 4, 0, -14, 32, 28, 3509 }, // U+035E
    { 28, 4, 0, -14, -3, 28, 3537 }, // U+035F
    { 38, 8, 0, -19, 36, 76, 3565 }, // U+0360
    { 38, 9, 0, -19, 38, 86, 3641 }, // U+0361
    { 28, 9, 0, -14, -1, 63, 3727 }, // U+0362
    { 11, 11, 0, -5, 39, 31, 3790 }, // U+0363
    { 11, 11, 0, -5, 39, 31, 3821 }, // U+0364
    { 7, 15, 0, -3, 43, 27, 3852 }, // U+0365
    { 11, 11, 0, -5, 39, 31, 3879 }, // U+0366
    { 13, 11, 0, -6, 39, 36, 3910 }, // U+0367
    { 11, 11, 0, -5, 39, 31, 3946 }, // U+0368
    { 13, 15, 0, -6, 43, 49, 3977 }, // U+0369
    { 14, 15, 0, -7, 43, 53, 4026 }, // U+036A
    { 21, 11, 0, -10, 39, 58, 4079 }, // U+036B
    { 11, 11, 0, -5, 39, 31, 4137 }, // U+036C
    { 9, 13, 0, -4, 41, 30, 4168 }, // U+036D
    { 13, 11, 0, -6, 39, 36, 4198 }, // U+036E
    { 13, 11, 0, -6, 39, 36, 4234 }, // U+036F
    { 0, 0, 367, 0, 0, 0, 0 }, // U+2000
    { 0, 0, 733, 0, 0, 0, 0 }, // U+2001
    { 0, 0, 367, 0, 0, 0, 0 }, // U+2002
    { 0, 0, 733, 0, 0, 0, 0 }, // U+2003
    { 0, 0, 244, 0, 0, 0, 0 }, // U+2004
    { 0, 0, 183, 0, 0, 0, 0 }, // U+2005
    { 0, 0, 122, 0, 0, 0, 0 }, // U+2006
    { 0, 0, 414, 0, 0, 0, 0 }, // U+2007
    { 0, 0, 216, 0, 0, 0, 0 }, // U+2008
    { 0, 0, 122, 0, 0, 0, 0 }, // U+2009
    { 0, 0, 73, 0, 0, 0, 0 }, // U+200A
    { 0, 0, 0, 0, 0, 0, 0 }, // U+200B
    { 2, 36, 0, -1, 29, 18, 0 }, // U+200C
    { 10, 39, 0, -5, 32, 98, 18 }, // U+200D
    { 11, 39, 0, -1, 32, 108, 116 }, // U+200E
    { 11, 39, 0, -10, 32, 108, 224 }, // U+200F
    { 13, 5, 227, 1, 15, 17, 332 }, // U+2010
    { 13, 5, 227, 1, 15, 17, 349 }, // U+2011
    { 22, 4, 414, 2, 19, 22, 366 }, // U+2012
    { 25, 4, 367, -1, 14, 25, 388 }, // U+2013
    { 48, 4, 733, -1, 14, 48, 413 }, // U+2014
    { 48, 4, 733, -1, 14, 48, 461 }, // U+2015
    { 12, 46, 410, 7, 35, 138, 509 }, // U+2016
    { 21, 9, 301, -1, -1, 48, 647 }, // U+2017
    { 9, 15, 205, 2, 33, 34, 695 }, // U+2018
    { 9, 15, 205, 2, 33, 34, 729 }, // U+2019
    { 9, 15, 216, 2, 7, 34, 763 }, // U+201A
    { 9, 15, 205, 2, 33, 34, 797 }, // U+201B
    { 19, 15, 359, 2, 33, 72, 831 }, // U+201C
    { 18, 15, 359, 2, 33, 68, 903 }, // U+201D
    { 18, 15, 359, 2, 7, 68, 971 }, // U+201E
    { 19, 15, 359, 2, 33, 72, 1039 }, // U+201F
    { 20, 41, 350, 1, 35, 205, 1111 }, // U+2020
    { 20, 41, 350, 1, 35, 205, 1316 }, // U+2021
    { 14, 15, 293, 2, 24, 53, 1521 }, // U+2022
    { 16, 15, 367, 4, 24, 60, 1574 }, // U+2023
    { 9, 8, 216, 2, 20, 18, 1634 }, // U+2024
    { 22, 8, 422, 2, 20, 44, 1652 }, // U+2025
    { 36, 8, 669, 3, 7, 72, 1696 }, // U+2026
    { 9, 8, 216, 2, 17, 18, 1768 }, // U+2027
    { 0, 0, 440, 0, 0, 0, 1786 }, // U+2028
    { 0, 0, 440, 0, 0, 0, 1786 }, // U+2029
    { 11, 35, 0, -1, 28, 97, 1786 }, // U+202A
    { 11, 35, 0, -10, 28, 97, 1883 }, // U+202B
    { 12, 39, 0, -6, 32, 117, 1980 }, // U+202C
    { 12, 39, 0, -6, 32, 117, 2097 }, // U+202D
    { 12, 39, 0, -6, 32, 117, 2214 }, // U+202E
    { 0, 0, 122, 0, 0, 0, 2331 }, // U+202F
    { 58, 35, 961, 1, 34, 508, 2331 }, // U+2030
    { 77, 35, 1269, 1, 34, 674, 2839 }, // U+2031
    { 11, 12, 184, 0, 33, 33, 3513 }, // U+2032
    { 22, 12, 360, 0, 33, 66, 3546 }, // U+2033
    { 33, 12, 536, 0, 33, 99, 3612 }, // U+2034
    { 11, 12, 184, 0, 33, 33, 3711 }, // U+2035
    { 22, 12, 360, 0, 33, 66, 3744 }, // U+2036
    { 33, 12, 536, 0, 33, 99, 3810 }, // U+2037
    { 18, 13, 323, 1, 2, 59, 3909 }, // U+2038
    { 12, 19, 259, 2, 22, 57, 3968 }, // U+2039
    { 12, 19, 259, 2, 22, 57, 4025 }, // U+203A
    { 33, 33, 601, 2, 33, 273, 4082 }, // U+203B
    { 21, 34, 461, 4, 33, 179, 4355 }, // U+203C
    { 25, 35, 452, 1, 34, 219, 4534 }, // U+203D
    { 23, 4, 337, -1, 38, 23, 4753 }, // U+203E
    { 36, 9, 0, -18, -1, 81, 4776 }, // U+203F
    { 38, 9, 0, -19, 38, 86, 4857 }, // U+2040
    { 21, 33, 330, 0, 33, 174, 4943 }, // U+2041
    { 44, 35, 733, 1, 35, 385, 5117 }, // U+2042
    { 13, 9, 265, 2, 21, 30, 5502 }, // U+2043
    { 21, 33, 45, -9, 33, 174, 5532 }, // U+2044
    { 14, 41, 304, 4, 35, 144, 5706 }, // U+2045
    { 14, 41, 304, 1, 35, 144, 5850 }, // U+2046
    { 46, 35, 782, 1, 34, 403, 5994 }, // U+2047
    { 33, 35, 619, 1, 34, 289, 6397 }, // U+2048
    { 33, 35, 623, 4, 34, 289, 6686 }, // U+2049
    { 23, 35, 447, 2, 26, 202, 6975 }, // U+204A
    { 26, 41, 460, 1, 35, 267, 7177 }, // U+204B
    { 26, 17, 452, 1, 25, 111, 7444 }, // U+204C
    { 26, 17, 452, 1, 25, 111, 7555 }, // U+204D
    { 21, 19, 368, 1, 25, 100, 7666 }, // U+204E
    { 9, 33, 223, 3, 25, 75, 7766 }, // U+204F
    { 32, 35, 565, 2, 34, 280, 7841 }, // U+2050
    { 21, 38, 368, 1, 35, 200, 8121 }, // U+2051
    { 18, 34, 295, 0, 33, 153, 8321 }, // U+2052
    { 23, 9, 410, 1, 21, 52, 8474 }, // U+2053
    { 36, 9, 0, -18, -1, 81, 8526 }, // U+2054
    { 22, 22, 396, 1, 27, 121, 8607 }, // U+2055
    { 23, 26, 462, 3, 25, 150, 8728 }, // U+2056
    { 44, 12, 711, 0, 33, 132, 8878 }, // U+2057
    { 29, 26, 561, 3, 25, 189, 9010 }, // U+2058
    { 29, 26, 561, 3, 25, 189, 9199 }, // U+2059
    { 8, 35, 223, 3, 34, 70, 9388 }, // U+205A
    { 29, 35, 561, 3, 34, 254, 9458 }, // U+205B
    { 26, 25, 511, 3, 25, 163, 9712 }, // U+205C
    { 8, 35, 223, 3, 34, 70, 9875 }, // U+205D
    { 8, 35, 223, 3, 34, 70, 9945 }, // U+205E
    { 0, 0, 163, 0, 0, 0, 10015 }, // U+205F
    { 0, 0, 440, 0, 0, 0, 10015 }, // U+2060
    { 0, 0, 440, 0, 0, 0, 10015 }, // U+2061
    { 0, 0, 440, 0, 0, 0, 10015 }, // U+2062
    { 0, 0, 440, 0, 0, 0, 10015 }, // U+2063
    { 0, 0, 440, 0, 0, 0, 10015 }, // U+2064
    { 0, 0, 0, 0, 0, 0, 10015 }, // U+2066
    { 0, 0, 0, 0, 0, 0, 10015 }, // U+2067
    { 0, 0, 0, 0, 0, 0, 10015 }, // U+2068
    { 0, 0, 0, 0, 0, 0, 10015 }, // U+2069
    { 12, 39, 0, -6, 32, 117, 10015 }, // U+206A
    { 12, 39, 0, -6, 32, 117, 10132 }, // U+206B
    { 12, 39, 0, -6, 32, 117, 10249 }, // U+206C
    { 12, 39, 0, -6, 32, 117, 10366 }, // U+206D
    { 12, 39, 0, -6, 32, 117, 10483 }, // U+206E
    { 12, 39, 0, -6, 32, 117, 10600 }, // U+206F
    { 17, 21, 293, 1, 38, 90, 0 }, // U+2070
    { 10, 22, 168, 0, 35, 55, 90 }, // U+2071
    { 18, 21, 293, 0, 38, 95, 145 }, // U+2074
    { 16, 21, 293, 1, 38, 84, 240 }, // U+2075
    { 16, 21, 293, 1, 38, 84, 324 }, // U+2076
    { 16, 21, 293, 1, 38, 84, 408 }, // U+2077
    { 17, 21, 293, 1, 38, 90, 492 }, // U+2078
    { 16, 21, 293, 1, 38, 84, 582 }, // U+2079
    { 17, 17, 293, 1, 35, 73, 666 }, // U+207A
    { 17, 4, 293, 1, 29, 17, 739 }, // U+207B
    { 17, 11, 293, 1, 32, 47, 756 }, // U+207C
    { 11, 28, 183, 2, 41, 77, 803 }, // U+207D
    { 11, 28, 183, -2, 41, 77, 880 }, // U+207E
    { 20, 16, 318, 0, 29, 80, 957 }, // U+207F
    { 17, 21, 293, 1, 16, 90, 1037 }, // U+2080
    { 14, 21, 293, 2, 16, 74, 1127 }, // U+2081
    { 16, 21, 293, 1, 16, 84, 1201 }, // U+2082
    { 16, 21, 293, 1, 16, 84, 1285 }, // U+2083
    { 18, 21, 293, 0, 16, 95, 1369 }, // U+2084
    { 16, 21, 293, 1, 16, 84, 1464 }, // U+2085
    { 16, 21, 293, 1, 16, 84, 1548 }, // U+2086
    { 16, 21, 293, 1, 16, 84, 1632 }, // U+2087
    { 17, 21, 293, 1, 16, 90, 1716 }, // U+2088
    { 16, 21, 293, 1, 16, 84, 1806 }, // U+2089
    { 17, 17, 293, 1, 13, 73, 1890 }, // U+208A
    { 17, 4, 293, 1, 7, 17, 1963 }, // U+208B
    { 17, 11, 293, 1, 10, 47, 1980 }, // U+208C
    { 11, 28, 183, 2, 19, 77, 2027 }, // U+208D
    { 11, 28, 183, -2, 19, 77, 2104 }, // U+208E
    { 16, 16, 286, 1, 11, 64, 2181 }, // U+2090
    { 15, 16, 273, 1, 11, 60, 2245 }, // U+2091
    { 16, 16, 293, 1, 11, 64, 2305 }, // U+2092
    { 20, 16, 308, 0, 11, 80, 2369 }, // U+2093
    { 15, 16, 273, 1, 11, 60, 2449 }, // U+2094
    { 20, 22, 318, 0, 17, 110, 2509 }, // U+2095
    { 19, 22, 304, 0, 17, 105, 2619 }, // U+2096
    { 10, 22, 168, 0, 17, 55, 2724 }, // U+2097
    { 29, 16, 470, 0, 11, 116, 2779 }, // U+2098
    { 20, 16, 318, 0, 11, 80, 2895 }, // U+2099
    { 18, 22, 307, 0, 11, 99, 2975 }, // U+209A
    { 14, 16, 229, 0, 11, 56, 3074 }, // U+209B
    { 12, 19, 194, 0, 14, 57, 3130 }, // U+209C
    { 33, 34, 565, 1, 34, 281, 0 }, // U+20A0
    { 27, 38, 491, 2, 35, 257, 281 }, // U+20A1
    { 27, 35, 491, 2, 34, 237, 538 }, // U+20A2
    { 24, 33, 414, 1, 33, 198, 775 }, // U+20A3
    { 24, 35, 414, 1, 34, 210, 973 }, // U+20A4
    { 45, 37, 723, 0, 31, 417, 1183 }, // U+20A5
    { 36, 33, 578, 0, 33, 297, 1600 }, // U+20A6
    { 39, 34, 660, 1, 33, 332, 1897 }, // U+20A7
    { 50, 34, 845, 1, 33, 425, 2229 }, // U+20A8
    { 51, 33, 782, -1, 33, 421, 2654 }, // U+20A9
    { 35, 28, 654, 3, 28, 245, 3075 }, // U+20AA
    { 28, 42, 476, 2, 35, 294, 3320 }, // U+20AB
    { 24, 35, 410, 1, 34, 210, 3614 }, // U+20AC
    { 34, 33, 538, 0, 33, 281, 3824 }, // U+20AD
    { 30, 33, 479, 0, 33, 248, 4105 }, // U+20AE
    { 51, 47, 812, 0, 38, 600, 4353 }, // U+20AF
    { 27, 45, 466, 0, 34, 304, 4953 }, // U+20B0
    { 30, 33, 468, 0, 33, 248, 5257 }, // U+20B1
    { 32, 40, 565, 2, 36, 320, 5505 }, // U+20B2
    { 34, 33, 552, 0, 33, 281, 5825 }, // U+20B3
    { 28, 35, 425, -1, 34, 245, 6106 }, // U+20B4
    { 27, 40, 491, 2, 36, 270, 6351 }, // U+20B5
    { 27, 34, 435, 0, 33, 230, 6621 }, // U+20B6
    { 24, 39, 414, 1, 34, 234, 6851 }, // U+20B7
    { 25, 33, 414, 1, 33, 207, 7085 }, // U+20B8
    { 22, 33, 410, 2, 33, 182, 7292 }, // U+20B9
    { 26, 33, 414, 0, 33, 215, 7474 }, // U+20BA
    { 28, 35, 479, 0, 34, 245, 7689 }, // U+20BB
    { 30, 31, 576, 3, 31, 233, 7934 }, // U+20BC
    { 25, 33, 433, 1, 33, 207, 8167 }, // U+20BD
    { 29, 35, 513, 2, 35, 254, 8374 }, // U+20BE
    { 23, 40, 414, 1, 36, 230, 8628 }, // U+20BF
    { 22, 35, 386, 1, 26, 193, 8858 }, // U+20C0
    { 35, 34, 564, 0, 33, 298, 0 }, // U+2100
    { 36, 34, 573, 0, 33, 306, 298 }, // U+2101
    { 25, 35, 463, 2, 34, 219, 604 }, // U+2102
    { 44, 35, 733, 1, 34, 385, 823 }, // U+2103
    { 31, 33, 524, 1, 33, 256, 1208 }, // U+2104
    { 35, 34, 596, 1, 33, 298, 1464 }, // U+2105
    { 38, 34, 628, 1, 33, 323, 1762 }, // U+2106
    { 26, 35, 452, 1, 34, 228, 2085 }, // U+2107
    { 28, 35, 501, 1, 34, 245, 2313 }, // U+2108
    { 42, 34, 701, 1, 34, 357, 2558 }, // U+2109
    { 32, 37, 425, -4, 19, 296, 2915 }, // U+210A
    { 51, 35, 776, -1, 34, 447, 3211 }, // U+210B
    { 32, 39, 538, 0, 33, 312, 3658 }, // U+210C
    { 28, 33, 570, 4, 33, 231, 3970 }, // U+210D
    { 29, 36, 494, 1, 35, 261, 4201 }, // U+210E
    { 29, 36, 494, 1, 35, 261, 4462 }, // U+210F
    { 37, 35, 545, -1, 34, 324, 4723 }, // U+2110
    { 24, 34, 410, 1, 33, 204, 5047 }, // U+2111
    { 37, 35, 611, 0, 34, 324, 5251 }, // U+2112
    { 22, 35, 410, 1, 34, 193, 5575 }, // U+2113
    { 27, 35, 463, 1, 34, 237, 5768 }, // U+2114
    { 28, 33, 570, 4, 33, 231, 6005 }, // U+2115
    { 46, 33, 752, 1, 33, 380, 6236 }, // U+2116
    { 35, 35, 620, 2, 34, 307, 6616 }, // U+2117
    { 34, 42, 613, 2, 30, 357, 6923 }, // U+2118
    { 24, 33, 480, 4, 33, 198, 7280 }, // U+2119
    { 34, 42, 573, 2, 34, 357, 7478 }, // U+211A
    { 41, 35, 639, -1, 34, 359, 7835 }, // U+211B
    { 38, 35, 623, 1, 34, 333, 8194 }, // U+211C
    { 29, 33, 524, 4, 33, 240, 8527 }, // U+211D
    { 35, 33, 583, 1, 33, 289, 8767 }, // U+211E
    { 32, 47, 518, 1, 41, 376, 9056 }, // U+211F
    { 35, 18, 612, 2, 34, 158, 9432 }, // U+2120
    { 42, 17, 712, 1, 33, 179, 9590 }, // U+2121
    { 36, 17, 612, 1, 33, 153, 9769 }, // U+2122
    { 32, 47, 512, 0, 41, 376, 9922 }, // U+2123
    { 27, 33, 462, 1, 33, 223, 10298 }, // U+2124
    { 26, 44, 434, 0, 33, 286, 10521 }, // U+2125
    { 34, 34, 593, 1, 34, 289, 10807 }, // U+2126
    { 34, 34, 593, 2, 33, 289, 11096 }, // U+2127
    { 25, 42, 430, 0, 36, 263, 11385 }, // U+2128
    { 14, 26, 276, 1, 34, 91, 11648 }, // U+2129
    { 33, 33, 538, 1, 33, 273, 11739 }, // U+212A
    { 35, 41, 552, 0, 41, 359, 12012 }, // U+212B
    { 39, 35, 614, 0, 34, 342, 12371 }, // U+212C
    { 28, 35, 493, 2, 34, 245, 12713 }, // U+212D
    { 25, 26, 454, 2, 25, 163, 12958 }, // U+212E
    { 20, 20, 339, 1, 19, 100, 13121 }, // U+212F
    { 28, 35, 442, 1, 34, 245, 13221 }, // U+2130
    { 40, 35, 604, -1, 34, 350, 13466 }, // U+2131
    { 27, 33, 455, 1, 33, 223, 13816 }, // U+2132
    { 54, 35, 847, -1, 34, 473, 14039 }, // U+2133
    { 21, 20, 352, 1, 19, 105, 14512 }, // U+2134
    { 26, 31, 447, 1, 30, 202, 14617 }, // U+2135
    { 23, 30, 403, 1, 30, 173, 14819 }, // U+2136
    { 18, 31, 315, 0, 30, 140, 14992 }, // U+2137
    { 22, 31, 375, 0, 30, 171, 15132 }, // U+2138
    { 16, 36, 258, 0, 36, 144, 15303 }, // U+2139
    { 45, 32, 764, 2, 33, 360, 15447 }, // U+213A
    { 45, 17, 753, 1, 33, 192, 15807 }, // U+213B
    { 34, 26, 570, 2, 25, 221, 15999 }, // U+213C
    { 24, 36, 398, 0, 25, 216, 16220 }, // U+213D
    { 21, 33, 405, 4, 33, 174, 16436 }, // U+213E
    { 28, 33, 611, 4, 33, 231, 16610 }, // U+213F
    { 28, 44, 455, 1, 33, 308, 16841 }, // U+2140
    { 28, 35, 531, 3, 34, 245, 17149 }, // U+2141
    { 21, 33, 409, 1, 33, 174, 17394 }, // U+2142
    { 21, 33, 409, 1, 33, 174, 17568 }, // U+2143
    { 29, 33, 457, 0, 33, 240, 17742 }, // U+2144
    { 32, 33, 535, 1, 33, 264, 17982 }, // U+2145
    { 30, 36, 425, 0, 35, 270, 18246 }, // U+2146
    { 23, 27, 366, 0, 26, 156, 18516 }, // U+2147
    { 15, 36, 252, 1, 36, 135, 18672 }, // U+2148
    { 23, 47, 252, -7, 36, 271, 18807 }, // U+2149
    { 36, 37, 603, 1, 37, 333, 19078 }, // U+214A
    { 35, 35, 587, 0, 34, 307, 19411 }, // U+214B
    { 27, 35, 480, 2, 34, 237, 19718 }, // U+214C
    { 35, 34, 573, 0, 33, 298, 19955 }, // U+214D
    { 22, 25, 376, 1, 25, 138, 20253 }, // U+214E
    { 51, 27, 789, -1, 26, 345, 20391 }, // U+214F
    { 39, 34, 675, 2, 33, 332, 20736 }, // U+2150
    { 37, 34, 646, 2, 33, 315, 21068 }, // U+2151
    { 52, 34, 870, 2, 33, 442, 21383 }, // U+2152
    { 36, 34, 632, 2, 33, 306, 21825 }, // U+2153
    { 37, 34, 632, 1, 33, 315, 22131 }, // U+2154
    { 37, 34, 653, 2, 33, 315, 22446 }, // U+2155
    { 39, 34, 658, 1, 33, 332, 22761 }, // U+2156
    { 37, 34, 631, 1, 33, 315, 23093 }, // U+2157
    { 40, 34, 669, 0, 33, 340, 23408 }, // U+2158
    { 36, 34, 628, 2, 33, 306, 23748 }, // U+2159
    { 35, 34, 604, 1, 33, 298, 24054 }, // U+215A
    { 37, 34, 616, 1, 33, 315, 24352 }, // U+215B
    { 37, 34, 616, 1, 33, 315, 24667 }, // U+215C
    { 37, 34, 616, 1, 33, 315, 24982 }, // U+215D
    { 37, 34, 616, 1, 33, 315, 25297 }, // U+215E
    { 29, 33, 359, 2, 33, 240, 25612 }, // U+215F
    { 28, 35, 491, 1, 34, 245, 25852 }, // U+2183
    { 21, 27, 386, 1, 26, 142, 26097 }, // U+2184
    { 36, 34, 619, 1, 33, 306, 26239 }, // U+2189
    { 22, 5, 420, 2, 19, 28, 0 }, // U+2212
    { 39, 36, 559, 0, 36, 351, 0 }, // U+FB00
    { 33, 36, 527, 0, 36, 297, 351 }, // U+FB01
    { 33, 36, 527, 0, 36, 297, 648 }, // U+FB02
    { 49, 36, 788, 0, 36, 441, 945 }, // U+FB03
    { 49, 36, 788, 0, 36, 441, 1386 }, // U+FB04
    { 34, 37, 552, 0, 36, 315, 1827 }, // U+FB05
    { 38, 37, 637, 1, 36, 352, 2142 }, // U+FB06
    { 43, 43, 733, 1, 35, 463, 0 }, // U+FFFD
};

static const EpdUnicodeInterval notoserif_en_22_boldIntervals[] = {
    { 0x20, 0x7E, 0x0 },
    { 0xA0, 0xFF, 0x5F },
    { 0x152, 0x153, 0xBF },
    { 0x160, 0x161, 0xC1 },
    { 0x178, 0x178, 0xC3 },
    { 0x17D, 0x17E, 0xC4 },
    { 0x192, 0x192, 0xC6 },
    { 0x2C6, 0x2C6, 0xC7 },
    { 0x2DC, 0x2DC, 0xC8 },
    { 0x300, 0x36F, 0xC9 },
    { 0x2000, 0x2064, 0x139 },
    { 0x2066, 0x2071, 0x19E },
    { 0x2074, 0x208E, 0x1AA },
    { 0x2090, 0x209C, 0x1C5 },
    { 0x20A0, 0x20C0, 0x1D2 },
    { 0x2100, 0x215F, 0x1F3 },
    { 0x2183, 0x2184, 0x253 },
    { 0x2189, 0x2189, 0x255 },
    { 0x2212, 0x2212, 0x256 },
    { 0xFB00, 0xFB06, 0x257 },
    { 0xFFFD, 0xFFFD, 0x25E },
};

static const EpdFontGroup notoserif_en_22_boldGroups[] = {
    { 0, 6221, 19036, 95, 0 },
    { 6221, 5236, 22635, 96, 95 },
    { 11457, 810, 1978, 7, 191 },
    { 12267, 103, 329, 1, 198 },
    { 12370, 77, 90, 2, 199 },
    { 12447, 2113, 4611, 112, 201 },
    { 14560, 3481, 11442, 111, 313 },
    { 18041, 1147, 3417, 42, 424 },
    { 19188, 3488, 9412, 33, 466 },
    { 22676, 11022, 27698, 99, 499 },
    { 33698, 15, 30, 1, 598 },
    { 33713, 631, 2647, 7, 599 },
    { 34344, 193, 473, 1, 606 },
};

static const uint16_t notoserif_en_22_boldKernLeftCodepoints[] = {
    0x0022, 0x0026, 0x0027, 0x002A, 0x002C, 0x002E, 0x0040, 0x0041, 0x0042, 0x0044, 0x0045, 0x0046,
    0x0047, 0x004B, 0x004C, 0x004E, 0x004F, 0x0050, 0x0051, 0x0052, 0x0053, 0x0054, 0x0055, 0x0056,
    0x0057, 0x0058, 0x0059, 0x0061, 0x0062, 0x0065, 0x0066, 0x0067, 0x0068, 0x006B, 0x006D, 0x006E,
    0x006F, 0x0070, 0x0072, 0x0073, 0x0076, 0x0077, 0x0079, 0x00A1, 0x00BF, 0x00C0, 0x00C1, 0x00C2,
    0x00C3, 0x00C4, 0x00C5, 0x00C6, 0x00C8, 0x00C9, 0x00CA, 0x00CB, 0x00D0, 0x00D1, 0x00D2, 0x00D3,
    0x00D4, 0x00D5, 0x00D6, 0x00D8, 0x00D9, 0x00DA, 0x00DB, 0x00DC, 0x00DD, 0x00DE, 0x00DF, 0x00E0,
    0x00E1, 0x00E2, 0x00E3, 0x00E4, 0x00E5, 0x00E6, 0x00E8, 0x00E9, 0x00EA, 0x00EB, 0x00F0, 0x00F1,
    0x00F2, 0x00F3, 0x00F4, 0x00F5, 0x00F6, 0x00F8, 0x00FD, 0x00FE, 0x00FF, 0x0152, 0x0153, 0x0160,
    0x0161, 0x0178, 0x2018, 0x2019, 0x201A, 0x201C, 0x201D, 0x201E, 0x2026, 0x207D, 0x208D, 0x214E,
    0xFB00,
};

static const uint8_t notoserif_en_22_boldKernLeftClassIds[] = {
      1,   2,   1,   3,   4,   4,   5,   6,   7,   8,   9,  10,  11,  12,  13,  14,
      8,   3,   8,  15,  16,  17,  18,  19,  20,  21,  22,  23,  24,  25,  26,  27,
     23,  28,  23,  23,  24,  24,  29,  30,  31,  32,  33,  34,  35,  36,  36,  36,
     36,  36,  36,   9,   9,   9,   9,   9,   8,  14,   8,   8,   8,   8,   8,   8,
     18,  18,  18,  18,  22,   8,  24,  23,  23,  23,  23,  23,  23,  25,  25,  25,
     25,  25,  24,  23,  24,  24,  24,  24,  24,  24,  33,  24,  33,   9,  25,  16,
     30,  22,  37,  38,   4,  37,  38,   4,   4,  39,  40,  41,  26,
};

static const uint16_t notoserif_en_22_boldKernRightCodepoints[] = {
    0x0022, 0x0026, 0x0027, 0x0029, 0x002A, 0x002C, 0x002E, 0x003F, 0x0040, 0x0041, 0x0043, 0x0047,
    0x004F, 0x0051, 0x0053, 0x0054, 0x0055, 0x0056, 0x0057, 0x0058, 0x0059, 0x005A, 0x005D, 0x0061,
    0x0063, 0x0064, 0x0065, 0x0067, 0x006F, 0x0071, 0x0073, 0x0075, 0x0076, 0x0077, 0x0079, 0x007A,
    0x007D, 0x00AB, 0x00B7, 0x00BB, 0x00C0, 0x00C1, 0x00C2, 0x00C3, 0x00C4, 0x00C5, 0x00C6, 0x00C7,
    0x00D2, 0x00D3, 0x00D4, 0x00D5, 0x00D6, 0x00D8, 0x00D9, 0x00DA, 0x00DB, 0x00DC, 0x00DD, 0x00E0,
    0x00E1, 0x00E2, 0x00E3, 0x00E4, 0x00E5, 0x00E6, 0x00E7, 0x00E8, 0x00E9, 0x00EA, 0x00EB, 0x00EC,
    0x00EE, 0x00EF, 0x00F0, 0x00F2, 0x00F3, 0x00F4, 0x00F5, 0x00F6, 0x00F8, 0x00F9, 0x00FA, 0x00FB,
    0x00FC, 0x00FD, 0x00FF, 0x0152, 0x0153, 0x0160, 0x0161, 0x0178, 0x017D, 0x017E, 0x2018, 0x2019,
    0x201A, 0x201C, 0x201D, 0x201E, 0x2026, 0x2039, 0x203A, 0x207E, 0x208E, 0x2122, 0x2126,
};

static const uint8_t notoserif_en_22_boldKernRightClassIds[] = {
      1,   2,   1,   3,   4,   5,   6,   7,   8,   9,  10,  10,  10,  10,  11,   7,
     12,  13,  14,  15,  16,  17,   3,  18,  19,  19,  19,  20,  19,  19,  21,  22,
     23,  24,  25,  26,   3,  27,  28,  27,   9,   9,   9,   9,   9,   9,  29,  10,
     10,  10,  10,  10,  10,  10,  12,  12,  12,  12,  16,  18,  18,  18,  18,  18,
     18,  18,  19,  19,  19,  19,  19,  30,  30,  30,  19,  19,  19,  19,  19,  19,
     19,  22,  22,  22,  22,  25,  25,  10,  19,  11,  21,  16,  17,  26,  31,   4,
      6,  31,   4,   6,   6,  27,  27,  32,  33,   4,  34,
};

static const uint16_t notoserif_en_22_boldKernRowOffsets[] = {
        0,     4,     8,    13,    22,    24,    39,    50,    59,    62,    71,    76,    82,    93,    94,   104,
      113,   125,   130,   141,   152,   156,   169,   171,   175,   178,   182,   183,   185,   189,   190,   193,
      196,   199,   202,   206,   221,   223,   229,   230,   231,   235,
};

static const uint8_t notoserif_en_22_boldKernSparseCols[] = {
      8,  18,  19,  28,   6,  12,  13,  15,   1,   4,   5,   8,  28,   6,   9,  11,
     12,  13,  15,  22,  23,  24,   8,  15,   0,   3,   6,   9,  11,  12,  13,  15,
     18,  19,  21,  22,  23,  24,  30,   3,   6,   8,  12,  13,  14,  15,  16,  23,
     24,  28,   4,   5,   6,   8,  12,  13,  14,  15,  28,  12,  13,  15,   1,   4,
      5,   7,   8,  17,  18,  19,  28,   6,  12,  13,  15,  28,   9,  18,  19,  21,
     23,  24,   0,   3,   6,  12,  13,  15,  22,  23,  24,  27,  30,  26,   3,   6,
      9,  11,  12,  13,  15,  22,  23,  24,   6,   8,  12,  13,  14,  15,  23,  24,
     28,   1,   4,   5,   7,   8,   9,  17,  18,  19,  20,  28,  33,   4,   5,   7,
      8,  28,   1,   4,   5,   7,   8,   9,  17,  18,  19,  20,  28,   4,   5,   7,
      8,   9,  17,  18,  19,  20,  25,  28,   9,  10,  23,  24,   1,   4,   5,   7,
      8,   9,  10,  17,  18,  19,  20,  25,  28,   0,  24,  12,  13,  15,  24,  12,
     13,  15,   0,   2,   3,  29,  13,  18,  19,   3,   4,   5,  17,  15,   4,   5,
      8,   4,   5,   8,   4,   5,   8,  12,  13,  15,   6,  12,  13,  15,   0,   3,
      6,   9,  11,  12,  13,  15,  18,  19,  21,  22,  23,  24,  30,   8,  28,   8,
      9,  17,  18,  19,  20,  31,  32,   8,  17,  18,  19,
};

static const int8_t notoserif_en_22_boldKernSparseValues[] = {
     -59,  -15,  -44,  -88,  -22,  -29,  -29,  -22,   -7,  -88,  -88,  -37,  -59,  -66,  -15,  -15,
     -81,  -66,  -59,  -51,  -44,  -37,  -22,   -7,  -59,  -51,  -44,  -15,  -15,  -59,  -51,  -51,
     -15,  -15,  -15,  -44,  -22,  -37,  -51,  -15,  -15,  -15,  -29,  -22,  -15,  -29,  -15,   -7,
     -15,  -22,  -15,  -15,  -15,  -15,  -15,  -15,  -15,  -22,  -37,  -15,  -15,  -15,  -15,  -88,
     -88,  -29,  -51,  -29,  -29,  -29,  -81,  -15,  -15,  -15,  -15,  -15,  -15,  -15,  -15,  -15,
     -22,  -22,  -44,  -59,  -51,  -37,  -37,  -44,  -15,   -7,  -22,  -15,  -59,   -7,  -15,  -15,
     -15,   -7,  -22,  -22,  -22,   -7,   -7,  -15,  -15,  -15,  -15,  -15,  -15,  -15,   -7,  -15,
     -15,   -7,  -66,  -66,  -22,  -44,  -15,  -22,  -28,  -28,   -4,  -59,   -7,  -15,  -15,   -7,
     -15,  -29,  -22,  -81,  -81,  -37,  -59,  -15,  -44,  -44,  -44,  -29,  -95,  -66,  -66,  -37,
     -51,  -15,  -47,  -44,  -44,  -37,  -22,  -95,  -15,   -7,  -22,  -37,   -7,  -59,  -59,  -29,
     -51,  -22,  -15,  -44,  -51,  -51,  -44,  -15,  -66,  -29,  -15,  -44,  -44,  -51,  -15,  -44,
     -44,  -44,   59,   66,   59,   29,  -15,  -15,  -15,   22, -104, -104,  -15,  -44,  -37,  -51,
     -44,  -51,  -51,  -22,  -66,  -66,  -37,  -22,  -15,  -22,  -15,  -37,  -37,  -37,  -59,  -51,
     -44,  -15,  -15,  -59,  -51,  -51,  -15,  -15,  -15,  -37,  -22,  -37,  -51,  -51, -103,  -73,
     -15,  -22,  -29,  -29,  -37,   58,   58,  -40,  -23,  -23,  -23,
};

static const EpdLigaturePair notoserif_en_22_boldLigaturePairs[] = {
    { 0x00660066, 0xFB00 }, // f f -> U+FB00
    { 0x00660069, 0xFB01 }, // f i -> U+FB01
    { 0x0066006C, 0xFB02 }, // f l -> U+FB02
    { 0xFB000069, 0xFB03 }, // U+FB00 i -> U+FB03
    { 0xFB00006C, 0xFB04 }, // U+FB00 l -> U+FB04
};

static const EpdFontData notoserif_en_22_bold = {
    notoserif_en_22_boldBitmaps,
    notoserif_en_22_boldGlyphs,
    notoserif_en_22_boldIntervals,
    21,
    62,
    49,
    -14,
    true,
    notoserif_en_22_boldGroups,
    13,
    nullptr,
    nullptr,  // kernLeftClasses: built-in fonts use the split arrays below
    nullptr,  // kernRightClasses
    notoserif_en_22_boldKernLeftCodepoints,
    notoserif_en_22_boldKernLeftClassIds,
    notoserif_en_22_boldKernRightCodepoints,
    notoserif_en_22_boldKernRightClassIds,
    nullptr,  // kernMatrix: built-in fonts use the sparse form below
    notoserif_en_22_boldKernRowOffsets,
    notoserif_en_22_boldKernSparseCols,
    notoserif_en_22_boldKernSparseValues,
    109,
    107,
    41,
    34,
    notoserif_en_22_boldLigaturePairs,
    5,
};
