/**
 * generated by fontconvert.py
 * name: ubuntu_15_bold
 * size: 15
 * mode: 1-bit
 * Command used: fontconvert.py ubuntu_15_bold 15 ../builtinFonts/source/Ubuntu/Ubuntu-Bold.ttf ../builtinFonts/source/NotoSansHebrew/NotoSansHebrew-Bold.ttf ../builtinFonts/source/NotoSansArabic/NotoSansArabic-Bold.ttf ../builtinFonts/source/Ubuntu/Ubuntu-Vietnamese-Bold.ttf --additional-intervals 0x05D0,0x05EA --additional-intervals 0x060C,0x060C --additional-intervals 0x061B,0x061B --additional-intervals 0x061F,0x061F --additional-intervals 0x0621,0x0621 --additional-intervals 0x0640,0x0640 --additional-intervals 0x0654,0x0654 --additional-intervals 0x0660,0x0669 --additional-intervals 0x06BA,0x06BA --additional-intervals 0x06D4,0x06D4 --additional-intervals 0x06D5,0x06D5 --additional-intervals 0x06F0,0x06F9 --additional-intervals 0xFB56,0xFB59 --additional-intervals 0xFB66,0xFB69 --additional-intervals 0xFB7A,0xFB7D --additional-intervals 0xFB88,0xFB95 --additional-intervals 0xFB9E,0xFB9F --additional-intervals 0xFBA6,0xFBB1 --additional-intervals 0xFBFC,0xFBFF --additional-intervals 0xFE80,0xFEFC
 */
#pragma once
#include "EpdFontData.h"

static const uint8_t ubuntu_15_boldBitmaps[55450] = {
    0x7C, 0xF9, 0xF3, 0xE7, 0xCF, 0x9F, 0x3E, 0x7C, 0xF9, 0xF3, 0xE7, 0xC0, 0x00, 0x3E, 0x7D, 0xFF,
    0xFB, 0xE7, 0xC0, 0xF9, 0xFF, 0x9F, 0xF9, 0xFF, 0x9F, 0xF9, 0xFF, 0x9F, 0x79, 0xF7, 0x9F, 0x78,
    0xF0, 0x03, 0xC7, 0xC0, 0xF8, 0xF8, 0x1F, 0x1F, 0x03, 0xE3, 0xC0, 0x7C, 0xF9, 0xFF, 0xFF, 0xFF,
    0xFF, 0xFF, 0xFF, 0xFF, 0xFF, 0xFF, 0xE1, 0xF3, 0xE0, 0x3C, 0x7C, 0x0F, 0x8F, 0x8F, 0xFF, 0xFF,
    0xFF, 0xFF, 0xFF, 0xFF, 0xFF, 0xFF, 0xFF, 0x3E, 0x3E, 0x07, 0xC7, 0xC0, 0xF8, 0xF0, 0x1F, 0x3E,
    0x03, 0xC7, 0xC0, 0x07, 0xC0, 0x07, 0xC0, 0x07, 0xC0, 0x0F, 0xFC, 0x3F, 0xFE, 0x7F, 0xFC, 0x7F,
    0xFC, 0x7E, 0x3C, 0xFC, 0x00, 0xFC, 0x00, 0xFF, 0x00, 0x7F, 0xE0, 0x7F, 0xF8, 0x3F, 0xFC, 0x1F,
    0xFE, 0x03, 0xFE, 0x00, 0x7E, 0x00, 0x3F, 0x40, 0x3F, 0x7C, 0x7E, 0xFF, 0xFE, 0xFF, 0xFC, 0xFF,
    0xFC, 0x3F, 0xF0, 0x07, 0xC0, 0x07, 0xC0, 0x07, 0xC0, 0x07, 0xC0, 0x3F, 0x80, 0xFC, 0x0F, 0xF8,
    0x1F, 0x03, 0xFF, 0x87, 0xC0, 0x7D, 0xF0, 0xF8, 0x0F, 0x1E, 0x3E, 0x01, 0xE3, 0xC7, 0xC0, 0x3C,
    0x79, 0xF0, 0x07, 0x8F, 0x7C, 0x00, 0xFB, 0xEF, 0x80, 0x1F, 0xFF, 0xE7, 0xE1, 0xFF, 0x7F, 0xFE,
    0x1F, 0xDF, 0x7F, 0xE0, 0x07, 0xFF, 0x7C, 0x00, 0xFB, 0xC7, 0xC0, 0x3E, 0x78, 0xF8, 0x07, 0xCF,
    0x1F, 0x01, 0xF1, 0xE3, 0xE0, 0x3E, 0x3E, 0xF8, 0x0F, 0x83, 0xFF, 0x03, 0xF0, 0x7F, 0xC0, 0x7C,
    0x03, 0xF0, 0x07, 0xF0, 0x00, 0xFF, 0xC0, 0x07, 0xFF, 0x00, 0x7F, 0xFC, 0x03, 0xF7, 0xE0, 0x1F,
    0x1F, 0x00, 0xF9, 0xF0, 0x03, 0xFF, 0x80, 0x1F, 0xF8, 0x00, 0xFF, 0x80, 0x0F, 0xF8, 0xF8, 0xFF,
    0xE7, 0xCF, 0xDF, 0xBE, 0x7C, 0x7F, 0xF3, 0xE1, 0xFF, 0x1F, 0x07, 0xF8, 0xFE, 0x3F, 0xC7, 0xFF,
    0xFE, 0x1F, 0xFF, 0xF8, 0x7F, 0xFF, 0xE1, 0xFF, 0x1F, 0x80, 0xFB, 0xEF, 0xBE, 0xFB, 0xE7, 0x9E,
    0x78, 0x06, 0x07, 0xC7, 0xE3, 0xE3, 0xF1, 0xF1, 0xF8, 0xF8, 0x7C, 0x7E, 0x3F, 0x1F, 0x0F, 0x87,
    0xC3, 0xE1, 0xF0, 0xF8, 0x7C, 0x3E, 0x1F, 0x8F, 0xC3, 0xE1, 0xF0, 0xFC, 0x3E, 0x1F, 0x87, 0xC3,
    0xF0, 0xF8, 0x30, 0x30, 0x7C, 0x3F, 0x0F, 0x87, 0xE1, 0xF0, 0xFC, 0x3E, 0x1F, 0x0F, 0xC7, 0xE1,
    0xF0, 0xF8, 0x7C, 0x3E, 0x1F, 0x0F, 0x87, 0xC3, 0xE3, 0xF1, 0xF8, 0xF8, 0x7C, 0x7E, 0x3E, 0x3F,
    0x1F, 0x1F, 0x8F, 0x81, 0x80, 0x0F, 0x80, 0x3E, 0x07, 0x7B, 0x9F, 0xFE, 0xFF, 0xFB, 0xFF, 0xF7,
    0xFF, 0x07, 0xF8, 0x3F, 0xF1, 0xFF, 0xC3, 0xDF, 0x07, 0x30, 0x07, 0xC0, 0x07, 0xC0, 0x07, 0xC0,
    0x07, 0xC0, 0x07, 0xC0, 0xFF, 0xFE, 0xFF, 0xFE, 0xFF, 0xFE, 0xFF, 0xFE, 0x07, 0xC0, 0x07, 0xC0,
    0x07, 0xC0, 0x07, 0xC0, 0x07, 0xC0, 0x7E, 0xFD, 0xFB, 0xF7, 0xEF, 0x9F, 0x3E, 0xF8, 0xF0, 0xFF,
    0xFF, 0xFF, 0xFF, 0xFF, 0x3C, 0xFD, 0xFB, 0xF7, 0xE7, 0x80, 0x00, 0x3F, 0x00, 0x3E, 0x00, 0x7E,
    0x00, 0x7C, 0x00, 0x7C, 0x00, 0xFC, 0x00, 0xF8, 0x00, 0xF8, 0x01, 0xF8, 0x01, 0xF0, 0x01, 0xF0,
    0x03, 0xF0, 0x03, 0xE0, 0x03, 0xE0, 0x07, 0xE0, 0x07, 0xC0, 0x07, 0xC0, 0x0F, 0xC0, 0x0F, 0x80,
    0x1F, 0x80, 0x1F, 0x80, 0x1F, 0x00, 0x3F, 0x00, 0x3F, 0x00, 0x3E, 0x00, 0x7E, 0x00, 0x7E, 0x00,
    0x7C, 0x00, 0xFC, 0x00, 0xFC, 0x00, 0x0F, 0xE0, 0x1F, 0xF8, 0x3F, 0xFC, 0x7F, 0xFC, 0x7E, 0xFE,
    0xFC, 0x3E, 0xFC, 0x3E, 0xF8, 0x3F, 0xF8, 0x3F, 0xF8, 0x3F, 0xF8, 0x3F, 0xF8, 0x3F, 0xF8, 0x3F,
    0xF8, 0x3F, 0xFC, 0x3E, 0xFC, 0x3E, 0x7E, 0xFE, 0x7F, 0xFC, 0x3F, 0xFC, 0x1F, 0xF8, 0x0F, 0xE0,
    0x03, 0xE0, 0xFC, 0x7F, 0xFF, 0xFF, 0xFF, 0xFF, 0xDF, 0xFB, 0xBF, 0x07, 0xE0, 0xFC, 0x1F, 0x83,
    0xF0, 0x7E, 0x0F, 0xC1, 0xF8, 0x3F, 0x07, 0xE0, 0xFC, 0x1F, 0x83, 0xF0, 0x7E, 0x1F, 0xF0, 0x7F,
    0xF8, 0xFF, 0xFC, 0xFF, 0xFC, 0x7C, 0xFE, 0x70, 0x7E, 0x00, 0x7E, 0x00, 0x7C, 0x00, 0xFC, 0x01,
    0xF8, 0x03, 0xF8, 0x07, 0xF0, 0x0F, 0xE0, 0x1F, 0xC0, 0x3F, 0x00, 0x7E, 0x00, 0x7E, 0x00, 0x7F,
    0xFE, 0xFF, 0xFE, 0xFF, 0xFE, 0xFF, 0xFE, 0x1F, 0xF0, 0x7F, 0xF8, 0x7F, 0xFC, 0x3F, 0xFE, 0x3C,
    0xFE, 0x00, 0x3E, 0x00, 0x3E, 0x00, 0xFE, 0x0F, 0xFC, 0x0F, 0xF8, 0x0F, 0xFC, 0x0F, 0xFE, 0x00,
    0xFF, 0x00, 0x3F, 0x00, 0x1F, 0x00, 0x3F, 0x78, 0xFF, 0x7F, 0xFE, 0x7F, 0xFE, 0x7F, 0xFC, 0x3F,
    0xF0, 0x00, 0x7E, 0x00, 0x7F, 0x00, 0x7F, 0x80, 0x7F, 0xC0, 0x3F, 0xE0, 0x3F, 0xF0, 0x3F, 0xF8,
    0x3F, 0x7C, 0x1F, 0x3E, 0x1F, 0x1F, 0x1F, 0x0F, 0x8F, 0x87, 0xCF, 0xFF, 0xFF, 0xFF, 0xFF, 0xFF,
    0xFF, 0xFF, 0xFF, 0x00, 0x3E, 0x00, 0x1F, 0x00, 0x0F, 0x80, 0x07, 0xC0, 0x03, 0xE0, 0x3F, 0xFC,
    0x7F, 0xF8, 0xFF, 0xF1, 0xFF, 0xE3, 0xE0, 0x07, 0x80, 0x0F, 0x00, 0x3F, 0xE0, 0x7F, 0xF0, 0xFF,
    0xF1, 0xFF, 0xF0, 0x7F, 0xF0, 0x07, 0xE0, 0x07, 0xC0, 0x0F, 0x80, 0x3F, 0x70, 0xFF, 0xFF, 0xFB,
    0xFF, 0xF7, 0xFF, 0xC7, 0xFE, 0x00, 0x00, 0xFC, 0x03, 0xFC, 0x0F, 0xFC, 0x1F, 0xFC, 0x3F, 0xF8,
    0x3F, 0x80, 0x7E, 0x00, 0x7C, 0x00, 0xFF, 0xF0, 0xFF, 0xFC, 0xFF, 0xFE, 0xFF, 0xFE, 0xFC, 0x7F,
    0xF8, 0x3F, 0xF8, 0x1F, 0xFC, 0x3F, 0x7E, 0x7E, 0x7F, 0xFE, 0x3F, 0xFC, 0x1F, 0xF8, 0x0F, 0xF0,
    0xFF, 0xFF, 0xFF, 0xFF, 0xFF, 0xFF, 0xFF, 0xFF, 0x00, 0x7E, 0x00, 0xFC, 0x00, 0xF8, 0x01, 0xF8,
    0x01, 0xF0, 0x03, 0xF0, 0x03, 0xE0, 0x07, 0xE0, 0x07, 0xC0, 0x07, 0xC0, 0x0F, 0xC0, 0x0F, 0x80,
    0x0F, 0x80, 0x0F, 0x80, 0x1F, 0x80, 0x1F, 0x80, 0x1F, 0x80, 0x0F, 0xF0, 0x3F, 0xFC, 0x7F, 0xFC,
    0x7F, 0xFE, 0xFE, 0x7E, 0xFC, 0x3E, 0xFC, 0x3E, 0x7E, 0x7E, 0x7F, 0xFC, 0x3F, 0xF8, 0x3F, 0xFC,
    0x7F, 0xFE, 0x7C, 0x7E, 0xF8, 0x3F, 0xF8, 0x3F, 0xF8, 0x3F, 0xFE, 0x7F, 0xFF, 0xFE, 0x7F, 0xFE,
    0x3F, 0xFC, 0x0F, 0xF0, 0x0F, 0xF0, 0x0F, 0xFE, 0x0F, 0xFF, 0x8F, 0xFF, 0xC7, 0xF7, 0xF3, 0xE0,
    0xF9, 0xF0, 0x7C, 0xF8, 0x3F, 0x7F, 0x1F, 0xBF, 0xFF, 0xCF, 0xFF, 0xE7, 0xFF, 0xE0, 0xFF, 0xF0,
    0x01, 0xF8, 0x00, 0xFC, 0x01, 0xFC, 0x07, 0xFE, 0x1F, 0xFE, 0x0F, 0xFE, 0x07, 0xFC, 0x03, 0xF8,
    0x00, 0x3C, 0xFD, 0xFB, 0xF7, 0xE7, 0x80, 0x00, 0x00, 0x00, 0x01, 0xE7, 0xEF, 0xDF, 0xBF, 0x3C,
    0x3C, 0xFD, 0xFB, 0xF7, 0xE7, 0x80, 0x00, 0x00, 0x00, 0x00, 0x07, 0xEF, 0xDF, 0xBF, 0x7E, 0xF9,
    0xF3, 0xEF, 0x8F, 0x00, 0x00, 0x1C, 0x01, 0xFE, 0x1F, 0xFE, 0xFF, 0xFE, 0xFF, 0xFE, 0xFF, 0xFC,
    0xFF, 0xC0, 0xFE, 0x00, 0xFF, 0xC0, 0xFF, 0xFC, 0xFF, 0xFE, 0xFF, 0xFE, 0x1F, 0xFE, 0x01, 0xFE,
    0x00, 0x1C, 0xFF, 0xFE, 0xFF, 0xFE, 0xFF, 0xFE, 0xFF, 0xFE, 0x00, 0x00, 0x00, 0x00, 0x00, 0x00,
    0xFF, 0xFE, 0xFF, 0xFE, 0xFF, 0xFE, 0xFF, 0xFE, 0x78, 0x00, 0x7F, 0x80, 0x7F, 0xF0, 0xFF, 0xFE,
    0xFF, 0xFE, 0x3F, 0xFE, 0x07, 0xFE, 0x00, 0x7E, 0x07, 0xFE, 0x3F, 0xFE, 0xFF, 0xFE, 0xFF, 0xFE,
    0x7F, 0xF0, 0x7F, 0x80, 0x78, 0x00, 0x3F, 0xE3, 0xFF, 0xC7, 0xFF, 0x9F, 0xFE, 0x79, 0xFC, 0x03,
    0xF0, 0x0F, 0xC0, 0x3E, 0x01, 0xF8, 0x0F, 0xC0, 0x7F, 0x03, 0xF8, 0x0F, 0xC0, 0x3E, 0x00, 0xF8,
    0x03, 0xE0, 0x00, 0x00, 0x00, 0x00, 0xF0, 0x07, 0xE0, 0x1F, 0x80, 0x7E, 0x01, 0xF8, 0x03, 0xC0,
    0x00, 0x7F, 0xF0, 0x00, 0x1F, 0xFF, 0xC0, 0x03, 0xFF, 0xFF, 0x00, 0xFF, 0x8F, 0xF8, 0x1F, 0xC0,
    0x1F, 0xC1, 0xF0, 0x00, 0x7C, 0x3E, 0x1F, 0xF3, 0xE7, 0xC7, 0xFF, 0x9E, 0x7C, 0xFF, 0xF9, 0xF7,
    0x8F, 0xCF, 0x9F, 0xF9, 0xF0, 0xF8, 0xFF, 0x9F, 0x0F, 0x8F, 0xF9, 0xF0, 0xF8, 0xFF, 0x9F, 0x0F,
    0x8F, 0xF9, 0xF0, 0xF8, 0xFF, 0x9F, 0x0F, 0x9F, 0xF9, 0xF0, 0xF9, 0xE7, 0x8F, 0xCF, 0xBE, 0x78,
    0xFF, 0xFF, 0xC7, 0xC7, 0xFF, 0xF8, 0x3E, 0x3F, 0xFF, 0x03, 0xF0, 0x00, 0x00, 0x1F, 0x80, 0x00,
    0x00, 0xFF, 0x87, 0x00, 0x07, 0xFF, 0xF8, 0x00, 0x1F, 0xFF, 0x80, 0x00, 0x7F, 0xF8, 0x00, 0x00,
    0xFC, 0x00, 0x01, 0xFC, 0x00, 0x07, 0xF8, 0x00, 0x0F, 0xF8, 0x00, 0x3F, 0xF0, 0x00, 0x7F, 0xE0,
    0x00, 0xFF, 0xE0, 0x03, 0xE7, 0xC0, 0x07, 0xCF, 0xC0, 0x1F, 0x0F, 0x80, 0x3E, 0x1F, 0x00, 0xFC,
    0x1F, 0x01, 0xFF, 0xFE, 0x03, 0xFF, 0xFE, 0x0F, 0xFF, 0xFC, 0x1F, 0xFF, 0xF8, 0x3E, 0x01, 0xF8,
    0xFC, 0x03, 0xF1, 0xF8, 0x03, 0xF7, 0xE0, 0x07, 0xEF, 0xC0, 0x0F, 0xC0, 0xFF, 0xF8, 0x3F, 0xFF,
    0x8F, 0xFF, 0xF3, 0xFF, 0xFC, 0xFC, 0x7F, 0xBF, 0x07, 0xEF, 0xC1, 0xFB, 0xF1, 0xFC, 0xFF, 0xFF,
    0x3F, 0xFF, 0x8F, 0xFF, 0xF3, 0xFF, 0xFE, 0xFC, 0x3F, 0xBF, 0x03, 0xFF, 0xC0, 0xFF, 0xF0, 0x3F,
    0xFC, 0x7F, 0xBF, 0xFF, 0xEF, 0xFF, 0xF3, 0xFF, 0xF8, 0xFF, 0xF8, 0x00, 0x01, 0xFF, 0x80, 0xFF,
    0xF8, 0x7F, 0xFF, 0x0F, 0xFF, 0xE3, 0xFC, 0x78, 0xFE, 0x00, 0x1F, 0x80, 0x03, 0xE0, 0x00, 0xFC,
    0x00, 0x1F, 0x80, 0x03, 0xF0, 0x00, 0x7E, 0x00, 0x0F, 0xC0, 0x01, 0xF8, 0x00, 0x1F, 0x80, 0x03,
    0xF8, 0x00, 0x3F, 0xC7, 0xC7, 0xFF, 0xF8, 0x7F, 0xFF, 0x87, 0xFF, 0xF0, 0x3F, 0xF8, 0xFF, 0xF8,
    0x0F, 0xFF, 0xE0, 0xFF, 0xFF, 0x0F, 0xFF, 0xF8, 0xFC, 0x7F, 0xCF, 0xC0, 0xFE, 0xFC, 0x07, 0xEF,
    0xC0, 0x7E, 0xFC, 0x03, 0xFF, 0xC0, 0x3F, 0xFC, 0x03, 0xFF, 0xC0, 0x3F, 0xFC, 0x03, 0xEF, 0xC0,
    0x7E, 0xFC, 0x07, 0xEF, 0xC0, 0xFE, 0xFC, 0x7F, 0xCF, 0xFF, 0xF8, 0xFF, 0xFF, 0x0F, 0xFF, 0xE0,
    0xFF, 0xF8, 0x00, 0xFF, 0xFE, 0xFF, 0xFE, 0xFF, 0xFE, 0xFF, 0xFE, 0xFC, 0x00, 0xFC, 0x00, 0xFC,
    0x00, 0xFC, 0x00, 0xFF, 0xFC, 0xFF, 0xFC, 0xFF, 0xFC, 0xFF, 0xFC, 0xFC, 0x00, 0xFC, 0x00, 0xFC,
    0x00, 0xFC, 0x00, 0xFC, 0x00, 0xFF, 0xFF, 0xFF, 0xFF, 0xFF, 0xFF, 0xFF, 0xFF, 0xFF, 0xFF, 0xFF,
    0xFF, 0xFF, 0xFF, 0xFF, 0xFF, 0xC0, 0x1F, 0x80, 0x3F, 0x00, 0x7E, 0x00, 0xFF, 0xFD, 0xFF, 0xFB,
    0xFF, 0xF7, 0xFF, 0xEF, 0xC0, 0x1F, 0x80, 0x3F, 0x00, 0x7E, 0x00, 0xFC, 0x01, 0xF8, 0x03, 0xF0,
    0x07, 0xE0, 0x0F, 0xC0, 0x00, 0x01, 0xFF, 0x80, 0xFF, 0xFC, 0x7F, 0xFF, 0x0F, 0xFF, 0xE3, 0xFC,
    0x7C, 0xFE, 0x00, 0x1F, 0x80, 0x03, 0xE0, 0x00, 0xFC, 0x00, 0x1F, 0x80, 0x03, 0xF0, 0x0F, 0xFE,
    0x01, 0xFF, 0xC0, 0x3E, 0xF8, 0x07, 0xDF, 0x80, 0xFB, 0xF8, 0x1F, 0x3F, 0xC7, 0xE7, 0xFF, 0xFC,
    0x7F, 0xFF, 0x87, 0xFF, 0xF0, 0x3F, 0xFC, 0xFC, 0x07, 0xFF, 0x80, 0xFF, 0xF0, 0x1F, 0xFE, 0x03,
    0xFF, 0xC0, 0x7F, 0xF8, 0x0F, 0xFF, 0x01, 0xFF, 0xE0, 0x3F, 0xFF, 0xFF, 0xFF, 0xFF, 0xFF, 0xFF,
    0xFF, 0xFF, 0xFF, 0xFF, 0xC0, 0x7F, 0xF8, 0x0F, 0xFF, 0x01, 0xFF, 0xE0, 0x3F, 0xFC, 0x07, 0xFF,
    0x80, 0xFF, 0xF0, 0x1F, 0xFE, 0x03, 0xFF, 0xC0, 0x7E, 0xFF, 0xFF, 0xFF, 0xFF, 0xFF, 0xFF, 0xFF,
    0xFF, 0xFF, 0xFF, 0xFF, 0xFF, 0xFF, 0xFF, 0xFF, 0xFC, 0x00, 0x7E, 0x00, 0xFC, 0x01, 0xF8, 0x03,
    0xF0, 0x07, 0xE0, 0x0F, 0xC0, 0x1F, 0x80, 0x3F, 0x00, 0x7E, 0x00, 0xFC, 0x01, 0xF8, 0x03, 0xF0,
    0x07, 0xE0, 0x0F, 0xC0, 0x1F, 0x80, 0x3E, 0x79, 0xFC, 0xFF, 0xFB, 0xFF, 0xE7, 0xFF, 0x83, 0xFE,
    0x00, 0xFC, 0x0F, 0xDF, 0x83, 0xF3, 0xF0, 0xFC, 0x7E, 0x3F, 0x8F, 0xCF, 0xE1, 0xFB, 0xF8, 0x3F,
    0xFE, 0x07, 0xFF, 0x80, 0xFF, 0xE0, 0x1F, 0xF8, 0x03, 0xFF, 0x80, 0x7F, 0xF8, 0x0F, 0xFF, 0x81,
    0xFF, 0xF8, 0x3F, 0x7F, 0x07, 0xE7, 0xF0, 0xFC, 0x7F, 0x1F, 0x87, 0xF3, 0xF0, 0x7F, 0x7E, 0x07,
    0xEF, 0xC0, 0xFE, 0xFC, 0x01, 0xF8, 0x03, 0xF0, 0x07, 0xE0, 0x0F, 0xC0, 0x1F, 0x80, 0x3F, 0x00,
    0x7E, 0x00, 0xFC, 0x01, 0xF8, 0x03, 0xF0, 0x07, 0xE0, 0x0F, 0xC0, 0x1F, 0x80, 0x3F, 0x00, 0x7E,
    0x00, 0xFC, 0x01, 0xFF, 0xFF, 0xFF, 0xFF, 0xFF, 0xFF, 0xFF, 0xE0, 0x3F, 0x00, 0x3F, 0x1F, 0x80,
    0x1F, 0x8F, 0xE0, 0x1F, 0xC7, 0xF0, 0x0F, 0xE3, 0xFC, 0x0F, 0xF1, 0xFE, 0x07, 0xF9, 0xFF, 0x87,
    0xFC, 0xFF, 0xC3, 0xFE, 0x7F, 0xF3, 0xFF, 0xBF, 0xF9, 0xFF, 0xDF, 0x7F, 0xF7, 0xEF, 0x9F, 0xFB,
    0xF7, 0xCF, 0xF9, 0xFB, 0xE3, 0xFC, 0x7D, 0xF1, 0xFE, 0x3E, 0xF8, 0x7E, 0x1F, 0x7C, 0x3F, 0x0F,
    0xBE, 0x0F, 0x07, 0xDF, 0x00, 0x03, 0xEF, 0x80, 0x01, 0xF7, 0xC0, 0x00, 0xF8, 0xF8, 0x03, 0xFF,
    0x80, 0x7F, 0xF8, 0x0F, 0xFF, 0x81, 0xFF, 0xF8, 0x3F, 0xFF, 0x87, 0xFF, 0xF0, 0xFF, 0xFF, 0x1F,
    0xFF, 0xF3, 0xFF, 0xBF, 0x7F, 0xF7, 0xEF, 0xFE, 0x7F, 0xFF, 0xC7, 0xFF, 0xF8, 0x7F, 0xFF, 0x0F,
    0xFF, 0xE0, 0xFF, 0xFC, 0x0F, 0xFF, 0x81, 0xFF, 0xF0, 0x1F, 0xFE, 0x01, 0xFF, 0xC0, 0x3E, 0x01,
    0xFF, 0x00, 0x1F, 0xFF, 0x01, 0xFF, 0xFE, 0x07, 0xFF, 0xFC, 0x3F, 0xCF, 0xF9, 0xFC, 0x07, 0xE7,
    0xE0, 0x0F, 0xDF, 0x00, 0x3F, 0xFC, 0x00, 0xFF, 0xF0, 0x01, 0xFF, 0xC0, 0x07, 0xFF, 0x00, 0x1F,
    0xFC, 0x00, 0xFD, 0xF0, 0x03, 0xF7, 0xE0, 0x0F, 0xDF, 0xC0, 0x7E, 0x3F, 0xCF, 0xF8, 0xFF, 0xFF,
    0xC1, 0xFF, 0xFE, 0x01, 0xFF, 0xF0, 0x01, 0xFF, 0x00, 0xFF, 0xF8, 0x7F, 0xFF, 0x3F, 0xFF, 0xDF,
    0xFF, 0xEF, 0xC7, 0xFF, 0xE0, 0xFF, 0xF0, 0x7F, 0xF8, 0x3F, 0xFC, 0x1F, 0xFE, 0x3F, 0xFF, 0xFF,
    0xDF, 0xFF, 0xEF, 0xFF, 0xE7, 0xFF, 0xC3, 0xF0, 0x01, 0xF8, 0x00, 0xFC, 0x00, 0x7E, 0x00, 0x3F,
    0x00, 0x1F, 0x80, 0x0F, 0xC0, 0x00, 0x01, 0xFF, 0x00, 0x1F, 0xFF, 0x01, 0xFF, 0xFE, 0x07, 0xFF,
    0xFC, 0x3F, 0xCF, 0xF9, 0xFC, 0x07, 0xE7, 0xE0, 0x0F, 0xDF, 0x00, 0x3F, 0xFC, 0x00, 0xFF, 0xF0,
    0x01, 0xFF, 0xC0, 0x07, 0xFF, 0x00, 0x1F, 0xFC, 0x00, 0xFD, 0xF0, 0x03, 0xF7, 0xE0, 0x0F, 0xDF,
    0xC0, 0x7E, 0x3F, 0xCF, 0xF8, 0xFF, 0xFF, 0xC1, 0xFF, 0xFE, 0x03, 0xFF, 0xF0, 0x03, 0xFF, 0x00,
    0x01, 0xF8, 0x00, 0x03, 0xFE, 0x00, 0x0F, 0xFE, 0x00, 0x1F, 0xF8, 0x00, 0x3F, 0xC0, 0x00, 0x3F,
    0x00, 0xFF, 0xF0, 0x1F, 0xFF, 0x83, 0xFF, 0xFC, 0x7F, 0xFF, 0x8F, 0xC7, 0xF9, 0xF8, 0x3F, 0x3F,
    0x07, 0xE7, 0xE0, 0xFC, 0xFC, 0x1F, 0x9F, 0x8F, 0xF3, 0xFF, 0xFC, 0x7F, 0xFF, 0x8F, 0xFF, 0xC1,
    0xFF, 0xF8, 0x3F, 0x3F, 0x07, 0xE7, 0xF0, 0xFC, 0x7F, 0x1F, 0x87, 0xE3, 0xF0, 0x7E, 0x7E, 0x0F,
    0xEF, 0xC0, 0xFC, 0x0F, 0xF8, 0x3F, 0xFE, 0x7F, 0xFE, 0x7F, 0xFC, 0xFE, 0x3C, 0xFC, 0x00, 0xFC,
    0x00, 0xFF, 0x00, 0x7F, 0xC0, 0x7F, 0xF8, 0x1F, 0xFC, 0x0F, 0xFE, 0x01, 0xFF, 0x00, 0x7F, 0x00,
    0x3F, 0x40, 0x3F, 0x78, 0x7F, 0xFF, 0xFF, 0xFF, 0xFE, 0xFF, 0xFC, 0x3F, 0xF0, 0xFF, 0xFF, 0xFF,
    0xFF, 0xFF, 0xFF, 0xFF, 0xFF, 0xFF, 0xF0, 0x1F, 0x00, 0x03, 0xE0, 0x00, 0x7C, 0x00, 0x0F, 0x80,
    0x01, 0xF0, 0x00, 0x3E, 0x00, 0x07, 0xC0, 0x00, 0xF8, 0x00, 0x1F, 0x00, 0x03, 0xE0, 0x00, 0x7C,
    0x00, 0x0F, 0x80, 0x01, 0xF0, 0x00, 0x3E, 0x00, 0x07, 0xC0, 0x00, 0xF8, 0x00, 0x1F, 0x00, 0xF8,
    0x07, 0xFE, 0x01, 0xFF, 0x80, 0x7F, 0xE0, 0x1F, 0xF8, 0x07, 0xFE, 0x01, 0xFF, 0x80, 0x7F, 0xE0,
    0x1F, 0xF8, 0x07, 0xFE, 0x01, 0xFF, 0x80, 0x7F, 0xE0, 0x1F, 0xF8, 0x07, 0xFE, 0x03, 0xFF, 0xC0,
    0xFF, 0xF0, 0x3F, 0xFF, 0x3F, 0x9F, 0xFF, 0xE3, 0xFF, 0xF0, 0x7F, 0xF8, 0x0F, 0xF8, 0x00, 0xFC,
    0x00, 0xFC, 0xFC, 0x01, 0xF9, 0xF8, 0x03, 0xE3, 0xF0, 0x0F, 0xC3, 0xF0, 0x1F, 0x87, 0xE0, 0x3E,
    0x0F, 0xC0, 0xFC, 0x0F, 0xC1, 0xF8, 0x1F, 0x87, 0xE0, 0x1F, 0x0F, 0xC0, 0x3F, 0x1F, 0x00, 0x7E,
    0x7E, 0x00, 0x7E, 0xFC, 0x00, 0xFD, 0xF0, 0x00, 0xFF, 0xE0, 0x01, 0xFF, 0x80, 0x03, 0xFF, 0x00,
    0x03, 0xFC, 0x00, 0x07, 0xF8, 0x00, 0x07, 0xF0, 0x00, 0x0F, 0xC0, 0x00, 0xFC, 0x00, 0x01, 0xFB,
    0xF0, 0x00, 0x0F, 0xDF, 0x83, 0xE0, 0x7E, 0xFC, 0x1F, 0x83, 0xE7, 0xE0, 0xFC, 0x1F, 0x3F, 0x0F,
    0xE1, 0xF8, 0xF8, 0x7F, 0x8F, 0xC7, 0xE3, 0xFC, 0x7C, 0x3F, 0x1F, 0xE3, 0xE1, 0xF9, 0xFF, 0x1F,
    0x07, 0xCF, 0x7D, 0xF8, 0x3F, 0x7B, 0xEF, 0x81, 0xFF, 0xCF, 0x7C, 0x07, 0xFC, 0x7F, 0xE0, 0x3F,
    0xE3, 0xFF, 0x01, 0xFF, 0x0F, 0xF0, 0x0F, 0xF8, 0x7F, 0x80, 0x3F, 0x83, 0xFC, 0x01, 0xFC, 0x0F,
    0xC0, 0x0F, 0xE0, 0x7E, 0x00, 0x3E, 0x03, 0xF0, 0x00, 0x7E, 0x03, 0xF3, 0xF8, 0x3F, 0x8F, 0xE1,
    0xF8, 0x3F, 0x1F, 0x81, 0xFD, 0xFC, 0x07, 0xFF, 0xC0, 0x1F, 0xFC, 0x00, 0xFF, 0xE0, 0x03, 0xFE,
    0x00, 0x0F, 0xE0, 0x00, 0x7F, 0x00, 0x07, 0xFC, 0x00, 0x3F, 0xF0, 0x03, 0xFF, 0x80, 0x3F, 0xFE,
    0x03, 0xFB, 0xF8, 0x1F, 0x8F, 0xC1, 0xF8, 0x7F, 0x1F, 0xC1, 0xFC, 0xFC, 0x07, 0xEF, 0xE0, 0x3F,
    0x80, 0xFC, 0x03, 0xF3, 0xF0, 0x1F, 0x9F, 0x81, 0xF8, 0x7E, 0x0F, 0xC3, 0xF8, 0xFC, 0x0F, 0xC7,
    0xE0, 0x7F, 0x7E, 0x01, 0xFF, 0xF0, 0x07, 0xFF, 0x00, 0x3F, 0xF0, 0x00, 0xFF, 0x80, 0x07, 0xF8,
    0x00, 0x1F, 0x80, 0x00, 0xFC, 0x00, 0x07, 0xE0, 0x00, 0x3F, 0x00, 0x01, 0xF8, 0x00, 0x0F, 0xC0,
    0x00, 0x7E, 0x00, 0x03, 0xF0, 0x00, 0x1F, 0x80, 0x00, 0xFF, 0xFF, 0xFF, 0xFF, 0xFF, 0xFF, 0xFF,
    0xFF, 0xF0, 0x07, 0xF0, 0x03, 0xF0, 0x03, 0xF0, 0x03, 0xF0, 0x03, 0xF8, 0x03, 0xF8, 0x01, 0xF8,
    0x01, 0xF8, 0x01, 0xFC, 0x00, 0xFC, 0x00, 0xFC, 0x00, 0xFC, 0x00, 0x7E, 0x00, 0x7F, 0xFF, 0xFF,
    0xFF, 0xFF, 0xFF, 0xFF, 0xFF, 0xF8, 0xFF, 0xFF, 0xFF, 0xFF, 0xFF, 0xFC, 0x3F, 0x0F, 0xC3, 0xF0,
    0xFC, 0x3F, 0x0F, 0xC3, 0xF0, 0xFC, 0x3F, 0x0F, 0xC3, 0xF0, 0xFC, 0x3F, 0x0F, 0xC3, 0xF0, 0xFC,
    0x3F, 0x0F, 0xC3, 0xF0, 0xFC, 0x3F, 0x0F, 0xFF, 0xFF, 0xFF, 0xFF, 0xF0, 0xF8, 0x00, 0xFC, 0x00,
    0x7C, 0x00, 0x7C, 0x00, 0x7E, 0x00, 0x3E, 0x00, 0x3F, 0x00, 0x3F, 0x00, 0x1F, 0x00, 0x1F, 0x80,
    0x1F, 0x80, 0x0F, 0x80, 0x0F, 0xC0, 0x07, 0xC0, 0x07, 0xC0, 0x07, 0xE0, 0x03, 0xE0, 0x03, 0xE0,
    0x03, 0xF0, 0x01, 0xF0, 0x01, 0xF0, 0x01, 0xF8, 0x00, 0xF8, 0x00, 0xF8, 0x00, 0xFC, 0x00, 0x7C,
    0x00, 0x7C, 0x00, 0x7E, 0x00, 0x3E, 0x00, 0x3F, 0xFF, 0xFF, 0xFF, 0xFF, 0xF0, 0xF8, 0x7C, 0x3E,
    0x1F, 0x0F, 0x87, 0xC3, 0xE1, 0xF0, 0xF8, 0x7C, 0x3E, 0x1F, 0x0F, 0x87, 0xC3, 0xE1, 0xF0, 0xF8,
    0x7C, 0x3E, 0x1F, 0x0F, 0x87, 0xFF, 0xFF, 0xFF, 0xFF, 0xFC, 0x03, 0xE0, 0x00, 0xFC, 0x00, 0x7F,
    0x00, 0x1F, 0xE0, 0x0F, 0xFC, 0x07, 0xFF, 0x01, 0xF7, 0xE0, 0xFC, 0xF8, 0x3E, 0x3F, 0x1F, 0x87,
    0xE7, 0xC1, 0xF9, 0xF0, 0x3E, 0x18, 0x0E, 0x00, 0xFF, 0xFF, 0xFF, 0xFF, 0xFF, 0xFF, 0xFF, 0xFF,
    0x30, 0x38, 0x7C, 0x7E, 0x3F, 0x1F, 0x06, 0x3F, 0xE0, 0xFF, 0xF1, 0xFF, 0xF1, 0xFF, 0xE3, 0x8F,
    0xC0, 0x0F, 0x87, 0xFF, 0x3F, 0xFF, 0xFF, 0xFF, 0xF8, 0xFF, 0xE1, 0xFF, 0xE3, 0xFF, 0xFF, 0xFF,
    0xFF, 0xDF, 0xFF, 0x9F, 0xFE, 0xF8, 0x00, 0xF8, 0x00, 0xF8, 0x00, 0xF8, 0x00, 0xF8, 0x00, 0xF8,
    0x00, 0xF8, 0x00, 0xF8, 0x00, 0xFF, 0xF0, 0xFF, 0xF8, 0xFF, 0xFC, 0xFF, 0xFE, 0xFC, 0xFE, 0xF8,
    0x3E, 0xF8, 0x3F, 0xF8, 0x3F, 0xF8, 0x3F, 0xF8, 0x3F, 0xF8, 0x7E, 0xF8, 0xFE, 0xFF, 0xFE, 0xFF,
    0xFC, 0xFF, 0xF8, 0xFF, 0xE0, 0x07, 0xF8, 0x7F, 0xF3, 0xFF, 0x9F, 0xFE, 0x7F, 0x3B, 0xF0, 0x0F,
    0xC0, 0x3F, 0x00, 0xFC, 0x03, 0xF0, 0x0F, 0xC0, 0x1F, 0xC6, 0x7F, 0xF8, 0xFF, 0xF1, 0xFF, 0xC3,
    0xFF, 0x00, 0x1F, 0x00, 0x1F, 0x00, 0x1F, 0x00, 0x1F, 0x00, 0x1F, 0x00, 0x1F, 0x00, 0x1F, 0x00,
    0x1F, 0x0F, 0xFF, 0x1F, 0xFF, 0x3F, 0xFF, 0x7F, 0xFF, 0x7F, 0x7F, 0xFC, 0x1F, 0xFC, 0x1F, 0xFC,
    0x1F, 0xFC, 0x1F, 0xFC, 0x1F, 0xFC, 0x1F, 0x7F, 0x3F, 0x7F, 0xFF, 0x3F, 0xFF, 0x1F, 0xFF, 0x07,
    0xFE, 0x07, 0xF0, 0x1F, 0xFC, 0x3F, 0xFE, 0x7F, 0xFE, 0x7E, 0x7F, 0xFC, 0x1F, 0xFF, 0xFF, 0xFF,
    0xFF, 0xFF, 0xFF, 0xFC, 0x00, 0xFC, 0x00, 0x7F, 0x9E, 0x7F, 0xFE, 0x3F, 0xFE, 0x1F, 0xFE, 0x07,
    0xFC, 0x1F, 0xE3, 0xFF, 0x7F, 0xEF, 0xFE, 0xFE, 0x6F, 0xC0, 0xF8, 0x0F, 0x80, 0xFF, 0xEF, 0xFE,
    0xFF, 0xEF, 0xFE, 0xF8, 0x0F, 0x80, 0xF8, 0x0F, 0x80, 0xF8, 0x0F, 0x80, 0xF8, 0x0F, 0x80, 0xF8,
    0x0F, 0x80, 0xF8, 0x0F, 0x80, 0x0F, 0xFE, 0x1F, 0xFF, 0x3F, 0xFF, 0x7F, 0xFF, 0x7F, 0x3F, 0xFC,
    0x3F, 0xFC, 0x3F, 0xFC, 0x3F, 0xFC, 0x3F, 0xFC, 0x3F, 0xFE, 0x7F, 0x7F, 0xFF, 0x7F, 0xFF, 0x3F,
    0xFF, 0x0F, 0xFF, 0x00, 0x3F, 0x00, 0x3E, 0x38, 0xFE, 0x7F, 0xFE, 0x7F, 0xFC, 0x7F, 0xF8, 0x3F,
    0xF0, 0xF8, 0x01, 0xF0, 0x03, 0xE0, 0x07, 0xC0, 0x0F, 0x80, 0x1F, 0x00, 0x3E, 0x00, 0x7C, 0x00,
    0xFF, 0xE1, 0xFF, 0xF3, 0xFF, 0xF7, 0xFF, 0xEF, 0xCF, 0xDF, 0x0F, 0xFE, 0x1F, 0xFC, 0x3F, 0xF8,
    0x7F, 0xF0, 0xFF, 0xE1, 0xFF, 0xC3, 0xFF, 0x87, 0xFF, 0x0F, 0xFE, 0x1F, 0xFC, 0x3F, 0x7C, 0xFB,
    0xFB, 0xE7, 0xC0, 0x00, 0x00, 0x7C, 0xF9, 0xF3, 0xE7, 0xCF, 0x9F, 0x3E, 0x7C, 0xF9, 0xF3, 0xE7,
    0xCF, 0x9F, 0x3E, 0x07, 0xC0, 0xF8, 0x3F, 0x83, 0xE0, 0x7C, 0x00, 0x00, 0x00, 0x00, 0x07, 0xC0,
    0xF8, 0x1F, 0x03, 0xE0, 0x7C, 0x0F, 0x81, 0xF0, 0x3E, 0x07, 0xC0, 0xF8, 0x1F, 0x03, 0xE0, 0x7C,
    0x0F, 0x81, 0xF0, 0x3E, 0x07, 0xC9, 0xF9, 0xFF, 0x3F, 0xC7, 0xF8, 0xFC, 0x00, 0xF8, 0x00, 0xF8,
    0x00, 0xF8, 0x00, 0xF8, 0x00, 0xF8, 0x00, 0xF8, 0x00, 0xF8, 0x00, 0xF8, 0x00, 0xF8, 0x7E, 0xF8,
    0xFE, 0xF9, 0xFC, 0xFB, 0xF8, 0xFB, 0xF0, 0xFF, 0xE0, 0xFF, 0xC0, 0xFF, 0x80, 0xFF, 0xC0, 0xFF,
    0xE0, 0xFF, 0xF0, 0xFB, 0xF8, 0xF9, 0xFC, 0xF8, 0xFC, 0xF8, 0x7E, 0xF8, 0x3F, 0xF8, 0xF8, 0xF8,
    0xF8, 0xF8, 0xF8, 0xF8, 0xF8, 0xF8, 0xF8, 0xF8, 0xF8, 0xF8, 0xF8, 0xF8, 0xF8, 0xF8, 0xF8, 0xF8,
    0xFE, 0xFF, 0xFE, 0x7E, 0x3E, 0xFF, 0xE7, 0xF1, 0xFF, 0xFF, 0xF3, 0xFF, 0xFF, 0xF7, 0xFF, 0xFF,
    0xFF, 0x9F, 0xEF, 0xFF, 0x1F, 0x8F, 0xFE, 0x1F, 0x0F, 0xFC, 0x3E, 0x1F, 0xF8, 0x7C, 0x3F, 0xF0,
    0xF8, 0x7F, 0xE1, 0xF0, 0xFF, 0xC3, 0xE1, 0xFF, 0x87, 0xC3, 0xFF, 0x0F, 0x87, 0xFE, 0x1F, 0x0F,
    0xFC, 0x3E, 0x1F, 0xFF, 0xE1, 0xFF, 0xF3, 0xFF, 0xF7, 0xFF, 0xEF, 0x8F, 0xDF, 0x0F, 0xFE, 0x1F,
    0xFC, 0x3F, 0xF8, 0x7F, 0xF0, 0xFF, 0xE1, 0xFF, 0xC3, 0xFF, 0x87, 0xFF, 0x0F, 0xFE, 0x1F, 0xFC,
    0x3F, 0x07, 0xF0, 0x0F, 0xFE, 0x0F, 0xFF, 0x8F, 0xFF, 0xE7, 0xF7, 0xF7, 0xE0, 0xFB, 0xF0, 0x7F,
    0xF8, 0x3F, 0xFC, 0x1F, 0xFE, 0x0F, 0xFF, 0x07, 0xCF, 0xEF, 0xE7, 0xFF, 0xF1, 0xFF, 0xF0, 0x7F,
    0xF0, 0x0F, 0xE0, 0xFF, 0xE0, 0xFF, 0xF8, 0xFF, 0xFC, 0xFF, 0xFE, 0xF8, 0xFE, 0xF8, 0x7E, 0xF8,
    0x3F, 0xF8, 0x3F, 0xF8, 0x3F, 0xF8, 0x3F, 0xF8, 0x3E, 0xFC, 0xFE, 0xFF, 0xFE, 0xFF, 0xFC, 0xFF,
    0xF8, 0xFF, 0xF0, 0xF8, 0x00, 0xF8, 0x00, 0xF8, 0x00, 0xF8, 0x00, 0xF8, 0x00, 0xF8, 0x00, 0x07,
    0xFE, 0x1F, 0xFF, 0x3F, 0xFF, 0x7F, 0xFF, 0x7F, 0x3F, 0xFC, 0x1F, 0xFC, 0x1F, 0xFC, 0x1F, 0xFC,
    0x1F, 0xFC, 0x1F, 0xFC, 0x1F, 0x7F, 0x7F, 0x7F, 0xFF, 0x3F, 0xFF, 0x3F, 0xFF, 0x0F, 0xFF, 0x00,
    0x1F, 0x00, 0x1F, 0x00, 0x1F, 0x00, 0x1F, 0x00, 0x1F, 0x00, 0x1F, 0x7F, 0xFF, 0xFF, 0xFF, 0xFF,
    0xFF, 0x8D, 0xF0, 0x3E, 0x07, 0xC0, 0xF8, 0x1F, 0x03, 0xE0, 0x7C, 0x0F, 0x81, 0xF0, 0x3E, 0x07,
    0xC0, 0x1F, 0xF1, 0xFF, 0x9F, 0xFC, 0xFF, 0xEF, 0xC7, 0x7E, 0x73, 0xFF, 0xCF, 0xFF, 0x7F, 0xF9,
    0xFF, 0xC0, 0x7E, 0xE3, 0xFF, 0xFF, 0xFF, 0xFB, 0xFF, 0x8F, 0xF8, 0xF8, 0x1F, 0x03, 0xE0, 0x7C,
    0x0F, 0x81, 0xFF, 0xFF, 0xFF, 0xFF, 0xFF, 0xFF, 0x03, 0xE0, 0x7C, 0x0F, 0x81, 0xF0, 0x3E, 0x07,
    0xC0, 0xFC, 0x5F, 0xFD, 0xFF, 0xBF, 0xF1, 0xFE, 0xF8, 0x7D, 0xF0, 0xFB, 0xE1, 0xF7, 0xC3, 0xEF,
    0x87, 0xDF, 0x0F, 0xBE, 0x1F, 0x7C, 0x3E, 0xF8, 0x7D, 0xF0, 0xFB, 0xE1, 0xF7, 0xE3, 0xEF, 0xFF,
    0xCF, 0xFF, 0x8F, 0xFF, 0x0F, 0xFE, 0xFC, 0x1F, 0xFE, 0x0F, 0xDF, 0x07, 0xCF, 0xC3, 0xE7, 0xE3,
    0xF1, 0xF1, 0xF0, 0xFD, 0xF8, 0x7E, 0xFC, 0x1F, 0x7C, 0x0F, 0xFE, 0x03, 0xFE, 0x01, 0xFF, 0x00,
    0x7F, 0x80, 0x3F, 0x80, 0x1F, 0xC0, 0x07, 0xC0, 0xFC, 0x3C, 0x1F, 0xFC, 0x3E, 0x3F, 0x7C, 0x3E,
    0x3F, 0x7C, 0x7E, 0x3E, 0x7E, 0x7E, 0x3E, 0x3E, 0x7F, 0x3E, 0x3E, 0x7F, 0x7C, 0x3E, 0xFF, 0x7C,
    0x1F, 0xFF, 0x7C, 0x1F, 0xF7, 0xF8, 0x1F, 0xE7, 0xF8, 0x0F, 0xE7, 0xF8, 0x0F, 0xE7, 0xF0, 0x0F,
    0xC3, 0xF0, 0x07, 0xC3, 0xF0, 0x07, 0xC3, 0xE0, 0xFC, 0x1F, 0xBF, 0x1F, 0x8F, 0xCF, 0x83, 0xEF,
    0xC1, 0xFF, 0xC0, 0x7F, 0xC0, 0x1F, 0xC0, 0x0F, 0xE0, 0x07, 0xF0, 0x07, 0xFC, 0x03, 0xFF, 0x03,
    0xFF, 0x83, 0xF7, 0xE3, 0xF1, 0xF9, 0xF0, 0x7D, 0xF8, 0x3F, 0xFC, 0x1F, 0xFE, 0x0F, 0xDF, 0x07,
    0xCF, 0xC3, 0xE7, 0xE3, 0xF1, 0xF1, 0xF0, 0xFC, 0xF8, 0x7E, 0xFC, 0x1F, 0x7C, 0x0F, 0xFE, 0x03,
    0xFE, 0x01, 0xFF, 0x00, 0x7F, 0x80, 0x3F, 0x80, 0x0F, 0xC0, 0x07, 0xC0, 0x03, 0xE0, 0x27, 0xE0,
    0x3F, 0xF0, 0x1F, 0xF0, 0x0F, 0xF0, 0x07, 0xF0, 0x00, 0xFF, 0xFF, 0xFF, 0xFF, 0xFF, 0xFF, 0xFF,
    0x03, 0xF8, 0x0F, 0xC0, 0x7E, 0x03, 0xF0, 0x1F, 0x80, 0xFC, 0x07, 0xE0, 0x1F, 0x80, 0xFF, 0xFF,
    0xFF, 0xFF, 0xFF, 0xFF, 0xFF, 0x07, 0xE1, 0xFC, 0x7F, 0x8F, 0xF3, 0xF8, 0x7E, 0x0F, 0x81, 0xF0,
    0x3E, 0x07, 0xC0, 0xF8, 0x1F, 0x07, 0xE1, 0xFC, 0x3F, 0x07, 0xE0, 0xFE, 0x0F, 0xC0, 0xF8, 0x1F,
    0x03, 0xE0, 0x7C, 0x0F, 0x81, 0xF0, 0x3F, 0x07, 0xF0, 0x7F, 0x8F, 0xF0, 0xFE, 0x0F, 0xC0, 0xFF,
    0xFF, 0xFF, 0xFF, 0xFF, 0xFF, 0xFF, 0xFF, 0xFF, 0xFF, 0xFF, 0xFF, 0xFF, 0xFF, 0xFF, 0xFF, 0xFF,
    0xFF, 0xFF, 0xFF, 0xFF, 0xFF, 0xF0, 0xF8, 0x1F, 0xC3, 0xFC, 0x7F, 0x83, 0xF0, 0x3E, 0x07, 0xC0,
    0xF8, 0x1F, 0x03, 0xE0, 0x7C, 0x0F, 0x81, 0xFC, 0x1F, 0xC3, 0xF8, 0x7F, 0x0F, 0xE3, 0xF8, 0x7C,
    0x0F, 0x81, 0xF0, 0x3E, 0x07, 0xC0, 0xF8, 0x1F, 0x07, 0xE3, 0xFC, 0x7F, 0x8F, 0xE1, 0xF0, 0x00,
    0x1F, 0x87, 0x9F, 0xF7, 0xDF, 0xFF, 0xEF, 0xFF, 0xE7, 0x9F, 0xF3, 0x83, 0xF0, 0x7C, 0xFB, 0xFF,
    0xF7, 0xCF, 0x80, 0x3E, 0x7C, 0xF9, 0xF3, 0xE7, 0xCF, 0x9F, 0x3E, 0x7C, 0xF9, 0xF3, 0xE7, 0xCF,
    0x80, 0x03, 0xE0, 0x0F, 0x80, 0x3E, 0x00, 0xF8, 0x07, 0xF8, 0x7F, 0xF3, 0xFF, 0x9F, 0xFE, 0x7F,
    0x3B, 0xF0, 0x0F, 0xC0, 0x3F, 0x00, 0xFC, 0x03, 0xF0, 0x07, 0xF1, 0x9F, 0xFE, 0x3F, 0xFC, 0x7F,
    0xF0, 0xFF, 0xC0, 0xF8, 0x03, 0xE0, 0x0F, 0x80, 0x3E, 0x00, 0x01, 0xFE, 0x07, 0xFE, 0x0F, 0xFE,
    0x0F, 0xFE, 0x1F, 0xCE, 0x1F, 0x80, 0x1F, 0x00, 0x1F, 0x00, 0x1F, 0x00, 0xFF, 0xF8, 0xFF, 0xF8,
    0xFF, 0xF8, 0xFF, 0xF8, 0x1F, 0x00, 0x1F, 0x00, 0x1F, 0x00, 0x1F, 0x00, 0x1F, 0xFF, 0x1F, 0xFF,
    0x3F, 0xFF, 0x3F, 0xFF, 0x00, 0x00, 0x0C, 0x03, 0x0F, 0x03, 0xCF, 0xFF, 0xF7, 0xFF, 0xF9, 0xFF,
    0xF8, 0xFD, 0xF8, 0x7C, 0x3C, 0x3E, 0x1F, 0x1F, 0x0F, 0x8F, 0x87, 0x87, 0xEF, 0xC3, 0xFF, 0xF3,
    0xFF, 0xFD, 0xFF, 0xFE, 0x70, 0x1E, 0x18, 0x06, 0x00, 0x7E, 0x07, 0xEF, 0xC1, 0xF8, 0xFC, 0x3F,
    0x1F, 0x87, 0xC1, 0xF9, 0xF8, 0x3F, 0x3E, 0x03, 0xFF, 0xC0, 0x7F, 0xF0, 0x07, 0xFE, 0x00, 0xFF,
    0x80, 0x7F, 0xFE, 0x0F, 0xFF, 0xC1, 0xFF, 0xF8, 0x03, 0xF0, 0x00, 0x7E, 0x00, 0xFF, 0xFC, 0x1F,
    0xFF, 0x83, 0xFF, 0xF0, 0x07, 0xE0, 0x00, 0xFC, 0x00, 0x1F, 0x80, 0xFF, 0xFF, 0xFF, 0xFF, 0xFF,
    0xFF, 0xFF, 0xF0, 0x00, 0x00, 0x00, 0x3F, 0xFF, 0xFF, 0xFF, 0xFF, 0xFF, 0xFF, 0xFC, 0x07, 0xFC,
    0x3F, 0xFC, 0xFF, 0xF1, 0xFF, 0xE3, 0xF3, 0xC7, 0xC0, 0x0F, 0xC0, 0x1F, 0xF0, 0x1F, 0xF8, 0x7F,
    0xF8, 0xFF, 0xFB, 0xEF, 0xF7, 0xC7, 0xEF, 0x87, 0xDF, 0x8F, 0xBF, 0xDF, 0x3F, 0xFC, 0x7F, 0xF0,
    0x3F, 0xF0, 0x1F, 0xE0, 0x0F, 0xE0, 0x0F, 0xDF, 0x1F, 0xBF, 0xFF, 0x7F, 0xFC, 0xFF, 0xF0, 0xFF,
    0xC0, 0x78, 0xF7, 0xCF, 0xBF, 0x7D, 0xF3, 0xE7, 0x8F, 0x00, 0x01, 0xFF, 0x00, 0x0F, 0xFF, 0x80,
    0x3F, 0xFF, 0x80, 0xFE, 0x3F, 0x83, 0xE0, 0x1F, 0x8F, 0x9F, 0xCF, 0x1E, 0x7F, 0xDF, 0x3C, 0xFF,
    0x1E, 0xF3, 0xE6, 0x3D, 0xE7, 0x80, 0x7B, 0xCF, 0x00, 0x77, 0x9E, 0x00, 0xEF, 0x3C, 0x03, 0xDE,
    0x7C, 0xC7, 0x9E, 0x7F, 0x8F, 0x3C, 0xFF, 0xBE, 0x7C, 0xFE, 0x78, 0x7C, 0x03, 0xF0, 0x7F, 0x1F,
    0xC0, 0x7F, 0xFF, 0x00, 0x7F, 0xFC, 0x00, 0x3F, 0xE0, 0x00, 0x3F, 0xC3, 0xFE, 0x3F, 0xE3, 0x3E,
    0x01, 0xF3, 0xFF, 0x7F, 0xF7, 0xDF, 0xF9, 0xFF, 0x9F, 0x7F, 0xF7, 0xFF, 0x3F, 0xE0, 0x06, 0x02,
    0x03, 0xE1, 0xE0, 0xF8, 0xFC, 0x7E, 0x7E, 0x3F, 0x1F, 0x8F, 0xCF, 0xC7, 0xE7, 0xE3, 0xF9, 0xF8,
    0x7E, 0x7E, 0x0F, 0xCF, 0xC3, 0xF1, 0xF8, 0x7E, 0x7E, 0x0F, 0x8F, 0xC3, 0xE1, 0xE0, 0x60, 0x20,
    0xFF, 0xFF, 0xFF, 0xFF, 0xFF, 0xFF, 0xFF, 0xFF, 0x00, 0x1F, 0x00, 0x1F, 0x00, 0x1F, 0x00, 0x1F,
    0x00, 0x1F, 0x00, 0x1F, 0x00, 0x1F, 0xFF, 0xFF, 0xFF, 0xFF, 0xFF, 0x01, 0xFF, 0x00, 0x0F, 0xFF,
    0x80, 0x3F, 0xFF, 0x80, 0xFE, 0x3F, 0x83, 0xE0, 0x1F, 0x8F, 0x80, 0x0F, 0x1E, 0x7F, 0x9F, 0x3C,
    0xFF, 0x9E, 0xF1, 0xEF, 0x3D, 0xE3, 0xDE, 0x7B, 0xC7, 0xBC, 0x77, 0x8F, 0xF0, 0xEF, 0x1F, 0xE3,
    0xDE, 0x3F, 0xE7, 0x9E, 0x7B, 0xCF, 0x3C, 0xF3, 0xFE, 0x7C, 0x00, 0x78, 0x7C, 0x03, 0xF0, 0x7F,
    0x1F, 0xC0, 0x7F, 0xFF, 0x00, 0x7F, 0xFC, 0x00, 0x3F, 0xE0, 0x00, 0xFF, 0xFF, 0xFF, 0xFF, 0x80,
    0x1F, 0x8F, 0xF9, 0xFF, 0xFD, 0xFF, 0x1F, 0xF7, 0xDF, 0xFB, 0xFE, 0x3F, 0x80, 0x07, 0xC0, 0x07,
    0xC0, 0x07, 0xC0, 0x07, 0xC0, 0x07, 0xC0, 0xFF, 0xFE, 0xFF, 0xFE, 0xFF, 0xFE, 0xFF, 0xFE, 0x07,
    0xC0, 0x07, 0xC0, 0x07, 0xC0, 0x07, 0xC0, 0x07, 0xC0, 0x00, 0x00, 0xFF, 0xFE, 0xFF, 0xFE, 0xFF,
    0xFE, 0xFF, 0xFE, 0x3F, 0x3F, 0xE7, 0xFD, 0xDF, 0x03, 0xC1, 0xF0, 0xF8, 0x7C, 0x3E, 0x1F, 0x07,
    0xFD, 0xFF, 0x7F, 0xC0, 0x7F, 0x1F, 0xE7, 0xFD, 0xDF, 0x07, 0xC7, 0xE1, 0xF8, 0x7F, 0x03, 0xD8,
    0xF7, 0xFF, 0xFF, 0x7F, 0x00, 0x0C, 0x0F, 0x07, 0xC7, 0xE7, 0xE3, 0xC0, 0xC0, 0xF8, 0x7F, 0xF0,
    0xFF, 0xE1, 0xFF, 0xC3, 0xFF, 0x87, 0xFF, 0x0F, 0xFE, 0x1F, 0xFC, 0x3F, 0xF8, 0x7F, 0xF0, 0xFF,
    0xE1, 0xFF, 0xF3, 0xFF, 0xFF, 0xFF, 0xFF, 0xFF, 0xFF, 0xFF, 0xFE, 0xF8, 0x01, 0xF0, 0x03, 0xE0,
    0x07, 0xC0, 0x0F, 0x80, 0x1F, 0x00, 0x00, 0x03, 0xFF, 0x83, 0xFF, 0xFC, 0xFF, 0xFF, 0xBF, 0xFF,
    0xFF, 0xFF, 0x7F, 0xFF, 0xE7, 0xFF, 0xFC, 0xFF, 0xFF, 0x9F, 0xFF, 0xF3, 0xFF, 0xFE, 0x7D, 0xFF,
    0xCF, 0xBF, 0xF9, 0xF3, 0xFF, 0x3E, 0x1F, 0xE7, 0xC0, 0x7C, 0xF8, 0x0F, 0x9F, 0x01, 0xF3, 0xE0,
    0x3E, 0x7C, 0x07, 0xCF, 0x80, 0xF9, 0xF0, 0x1F, 0x3E, 0x03, 0xE7, 0xC0, 0x7C, 0xF8, 0x0F, 0x9F,
    0x01, 0xF3, 0xE0, 0x3E, 0x7C, 0x07, 0xCF, 0x80, 0xF9, 0xF0, 0x3C, 0xFD, 0xFB, 0xF7, 0xE7, 0x80,
    0x1E, 0x1C, 0x3E, 0x1E, 0x1F, 0xFF, 0xFE, 0xFC, 0x0F, 0x3F, 0xFF, 0xFF, 0xFF, 0x6F, 0x0F, 0x0F,
    0x0F, 0x0F, 0x0F, 0x0F, 0x0F, 0x1F, 0x83, 0xFF, 0x1F, 0xF9, 0xFB, 0xEF, 0x0F, 0x78, 0x7B, 0xC3,
    0xDE, 0x1E, 0xF0, 0xF7, 0xEF, 0x9F, 0xF8, 0xFF, 0xC1, 0xF8, 0x00, 0x18, 0x08, 0x1F, 0x0F, 0x07,
    0xC7, 0xE1, 0xF8, 0xF8, 0x3F, 0x3F, 0x07, 0xE7, 0xE1, 0xF9, 0xFC, 0x3F, 0x3F, 0x1F, 0x9F, 0xC7,
    0xE7, 0xE3, 0xF3, 0xF1, 0xF8, 0xF8, 0x7C, 0x7E, 0x1F, 0x0F, 0x01, 0x80, 0x80, 0x0F, 0x00, 0xF8,
    0x03, 0xE0, 0x1F, 0x01, 0xFC, 0x07, 0xC0, 0x7F, 0x80, 0xF8, 0x07, 0xF0, 0x3E, 0x00, 0xFE, 0x07,
    0xC0, 0x03, 0xC1, 0xF0, 0x00, 0x78, 0x3E, 0x00, 0x0F, 0x0F, 0x80, 0x01, 0xE1, 0xF0, 0xF8, 0x3C,
    0x7C, 0x3F, 0x07, 0x8F, 0x8F, 0xE0, 0xF3, 0xE3, 0xFC, 0x00, 0x7C, 0x77, 0x80, 0x1F, 0x1E, 0xF0,
    0x03, 0xE7, 0xFF, 0x00, 0xF8, 0xFF, 0xE0, 0x1F, 0x1F, 0xFC, 0x07, 0xC0, 0x0F, 0x00, 0xF8, 0x01,
    0xE0, 0x3E, 0x00, 0x3C, 0x07, 0xC0, 0x00, 0x00, 0x0F, 0x00, 0xF0, 0x07, 0xC0, 0x7C, 0x07, 0xF0,
    0x1F, 0x03, 0xFC, 0x0F, 0x80, 0x7F, 0x07, 0xE0, 0x1F, 0xC1, 0xF0, 0x00, 0xF0, 0xF8, 0x00, 0x3C,
    0x3E, 0x00, 0x0F, 0x1F, 0x00, 0x03, 0xC7, 0xCF, 0xC0, 0xF3, 0xEF, 0xF8, 0x3C, 0xF9, 0xFF, 0x0F,
    0x7C, 0x77, 0xC0, 0x1F, 0x00, 0xF0, 0x0F, 0x80, 0x7C, 0x03, 0xE0, 0x3E, 0x01, 0xF0, 0x1F, 0x00,
    0x7C, 0x0F, 0x80, 0x3E, 0x07, 0xC0, 0x0F, 0x81, 0xFF, 0x07, 0xC0, 0x7F, 0xC1, 0xF0, 0x1F, 0xF0,
    0x3F, 0x00, 0x7C, 0x0F, 0xF0, 0x0F, 0x81, 0xFF, 0x03, 0xE0, 0x19, 0xE0, 0x7C, 0x00, 0x7C, 0x1F,
    0x00, 0x3F, 0x07, 0xE0, 0x07, 0xE0, 0xF8, 0x00, 0xFE, 0x3E, 0x00, 0x03, 0xC7, 0xC0, 0x0C, 0x79,
    0xF0, 0xF9, 0xFF, 0x3E, 0x3F, 0x3F, 0xEF, 0x8F, 0xE7, 0xF9, 0xF3, 0xFC, 0x00, 0x7C, 0x77, 0x80,
    0x0F, 0x9E, 0xF0, 0x03, 0xE7, 0xFF, 0x00, 0x7C, 0xFF, 0xE0, 0x1F, 0x1F, 0xFC, 0x03, 0xE0, 0x0F,
    0x00, 0xF8, 0x01, 0xE0, 0x1F, 0x00, 0x3C, 0x07, 0xC0, 0x00, 0x00, 0x03, 0xC0, 0x1F, 0x80, 0x7E,
    0x01, 0xF8, 0x07, 0xE0, 0x0F, 0x00, 0x00, 0x00, 0x00, 0x03, 0xC0, 0x1F, 0x00, 0x7C, 0x03, 0xF0,
    0x1F, 0x80, 0xFC, 0x07, 0xE0, 0x1F, 0x00, 0xFC, 0x03, 0xF9, 0xE7, 0xFF, 0x9F, 0xFF, 0x3F, 0xFC,
    0x7F, 0xC0, 0x00, 0x60, 0x00, 0x01, 0xE0, 0x00, 0x07, 0xE0, 0x00, 0x0F, 0xE0, 0x00, 0x07, 0xE0,
    0x00, 0x07, 0xC0, 0x00, 0x07, 0x00, 0x00, 0x00, 0x00, 0x00, 0x00, 0x00, 0x01, 0xF8, 0x00, 0x03,
    0xF8, 0x00, 0x0F, 0xF0, 0x00, 0x1F, 0xF0, 0x00, 0x7F, 0xE0, 0x00, 0xFF, 0xC0, 0x01, 0xFF, 0xC0,
    0x07, 0xCF, 0x80, 0x0F, 0x9F, 0x80, 0x3E, 0x1F, 0x00, 0x7C, 0x3E, 0x01, 0xF8, 0x3E, 0x03, 0xFF,
    0xFC, 0x07, 0xFF, 0xFC, 0x1F, 0xFF, 0xF8, 0x3F, 0xFF, 0xF0, 0x7C, 0x03, 0xF1, 0xF8, 0x07, 0xE3,
    0xF0, 0x07, 0xEF, 0xC0, 0x0F, 0xDF, 0x80, 0x1F, 0x80, 0x00, 0x18, 0x00, 0x00, 0x78, 0x00, 0x01,
    0xF8, 0x00, 0x07, 0xF0, 0x00, 0x0F, 0x80, 0x00, 0x1E, 0x00, 0x00, 0x18, 0x00, 0x00, 0x00, 0x00,
    0x00, 0x00, 0x00, 0x01, 0xF8, 0x00, 0x03, 0xF8, 0x00, 0x0F, 0xF0, 0x00, 0x1F, 0xF0, 0x00, 0x7F,
    0xE0, 0x00, 0xFF, 0xC0, 0x01, 0xFF, 0xC0, 0x07, 0xCF, 0x80, 0x0F, 0x9F, 0x80, 0x3E, 0x1F, 0x00,
    0x7C, 0x3E, 0x01, 0xF8, 0x3E, 0x03, 0xFF, 0xFC, 0x07, 0xFF, 0xFC, 0x1F, 0xFF, 0xF8, 0x3F, 0xFF,
    0xF0, 0x7C, 0x03, 0xF1, 0xF8, 0x07, 0xE3, 0xF0, 0x07, 0xEF, 0xC0, 0x0F, 0xDF, 0x80, 0x1F, 0x80,
    0x00, 0x30, 0x00, 0x00, 0xF0, 0x00, 0x03, 0xF8, 0x00, 0x1F, 0xF8, 0x00, 0x3F, 0xF0, 0x00, 0x30,
    0xC0, 0x00, 0x00, 0x00, 0x00, 0x00, 0x00, 0x00, 0xFC, 0x00, 0x01, 0xFC, 0x00, 0x07, 0xF8, 0x00,
    0x0F, 0xF8, 0x00, 0x3F, 0xF0, 0x00, 0x7F, 0xE0, 0x00, 0xFF, 0xE0, 0x03, 0xE7, 0xC0, 0x07, 0xCF,
    0xC0, 0x1F, 0x0F, 0x80, 0x3E, 0x1F, 0x00, 0xFC, 0x1F, 0x01, 0xFF, 0xFE, 0x03, 0xFF, 0xFE, 0x0F,
    0xFF, 0xFC, 0x1F, 0xFF, 0xF8, 0x3E, 0x01, 0xF8, 0xFC, 0x03, 0xF1, 0xF8, 0x03, 0xF7, 0xE0, 0x07,
    0xEF, 0xC0, 0x0F, 0xC0, 0x01, 0xF3, 0x00, 0x07, 0xFF, 0x00, 0x1F, 0xFE, 0x00, 0x1D, 0xF8, 0x00,
    0x00, 0x00, 0x00, 0x00, 0x00, 0x00, 0x00, 0x00, 0x00, 0x7E, 0x00, 0x00, 0xFE, 0x00, 0x03, 0xFC,
    0x00, 0x07, 0xFC, 0x00, 0x1F, 0xF8, 0x00, 0x3F, 0xF0, 0x00, 0x7F, 0xF0, 0x01, 0xF3, 0xE0, 0x03,
    0xE7, 0xE0, 0x0F, 0x87, 0xC0, 0x1F, 0x0F, 0x80, 0x7E, 0x0F, 0x80, 0xFF, 0xFF, 0x01, 0xFF, 0xFF,
    0x07, 0xFF, 0xFE, 0x0F, 0xFF, 0xFC, 0x1F, 0x00, 0xFC, 0x7E, 0x01, 0xF8, 0xFC, 0x01, 0xFB, 0xF0,
    0x03, 0xF7, 0xE0, 0x07, 0xE0, 0x03, 0x8F, 0x00, 0x0F, 0x9F, 0x00, 0x1F, 0x3E, 0x00, 0x3E, 0x7C,
    0x00, 0x38, 0xF0, 0x00, 0x00, 0x00, 0x00, 0x00, 0x00, 0x00, 0x00, 0x00, 0x00, 0xFC, 0x00, 0x01,
    0xFC, 0x00, 0x07, 0xF8, 0x00, 0x0F, 0xF8, 0x00, 0x3F, 0xF0, 0x00, 0x7F, 0xE0, 0x00, 0xFF, 0xE0,
    0x03, 0xE7, 0xC0, 0x07, 0xCF, 0xC0, 0x1F, 0x0F, 0x80, 0x3E, 0x1F, 0x00, 0xFC, 0x1F, 0x01, 0xFF,
    0xFE, 0x03, 0xFF, 0xFE, 0x0F, 0xFF, 0xFC, 0x1F, 0xFF, 0xF8, 0x3E, 0x01, 0xF8, 0xFC, 0x03, 0xF1,
    0xF8, 0x03, 0xF7, 0xE0, 0x07, 0xEF, 0xC0, 0x0F, 0xC0, 0x00, 0x7C, 0x00, 0x01, 0xFC, 0x00, 0x07,
    0xB8, 0x00, 0x0E, 0x70, 0x00, 0x1E, 0xE0, 0x00, 0x1F, 0xC0, 0x00, 0x3F, 0x00, 0x00, 0x7F, 0x00,
    0x01, 0xFE, 0x00, 0x03, 0xFE, 0x00, 0x0F, 0xFC, 0x00, 0x1F, 0xFC, 0x00, 0x7E, 0xF8, 0x00, 0xF9,
    0xF0, 0x01, 0xF3, 0xF0, 0x07, 0xC3, 0xE0, 0x0F, 0x87, 0xE0, 0x3F, 0x07, 0xC0, 0x7F, 0xFF, 0x80,
    0xFF, 0xFF, 0x83, 0xFF, 0xFF, 0x07, 0xFF, 0xFE, 0x0F, 0x80, 0x7E, 0x3F, 0x00, 0xFC, 0x7E, 0x00,
    0xFD, 0xF8, 0x01, 0xFB, 0xF0, 0x03, 0xF0, 0x00, 0x07, 0xFF, 0xF8, 0x00, 0x3F, 0xFF, 0xE0, 0x01,
    0xFF, 0xFF, 0x80, 0x07, 0xFF, 0xFE, 0x00, 0x3F, 0xF0, 0x00, 0x01, 0xFF, 0xC0, 0x00, 0x07, 0xFF,
    0x00, 0x00, 0x3F, 0x7C, 0x00, 0x01, 0xF9, 0xFF, 0xF0, 0x07, 0xC7, 0xFF, 0xC0, 0x3F, 0x1F, 0xFF,
    0x00, 0xF8, 0x7F, 0xFC, 0x07, 0xFF, 0xF0, 0x00, 0x3F, 0xFF, 0xC0, 0x00, 0xFF, 0xFF, 0x00, 0x07,
    0xFF, 0xFC, 0x00, 0x1F, 0x01, 0xF0, 0x00, 0xFC, 0x07, 0xFF, 0xF7, 0xE0, 0x1F, 0xFF, 0xDF, 0x80,
    0x7F, 0xFF, 0xFC, 0x01, 0xFF, 0xFC, 0x01, 0xFF, 0x80, 0xFF, 0xF8, 0x7F, 0xFF, 0x0F, 0xFF, 0xE3,
    0xFC, 0x78, 0xFE, 0x00, 0x1F, 0x80, 0x03, 0xE0, 0x00, 0xFC, 0x00, 0x1F, 0x80, 0x03, 0xF0, 0x00,
    0x7E, 0x00, 0x0F, 0xC0, 0x00, 0xF8, 0x00, 0x1F, 0x80, 0x03, 0xF8, 0x00, 0x3F, 0xC7, 0xC7, 0xFF,
    0xF8, 0x7F, 0xFF, 0x83, 0xFF, 0xF0, 0x1F, 0xF8, 0x00, 0xF0, 0x00, 0x3E, 0x00, 0x01, 0xE0, 0x01,
    0x3C, 0x00, 0x3F, 0x80, 0x07, 0xF0, 0x00, 0xFC, 0x00, 0x03, 0x00, 0x07, 0x80, 0x0F, 0x80, 0x0F,
    0xC0, 0x07, 0xE0, 0x01, 0xE0, 0x00, 0xC0, 0x00, 0x00, 0x00, 0x00, 0xFF, 0xFE, 0xFF, 0xFE, 0xFF,
    0xFE, 0xFF, 0xFE, 0xFC, 0x00, 0xFC, 0x00, 0xFC, 0x00, 0xFC, 0x00, 0xFF, 0xFC, 0xFF, 0xFC, 0xFF,
    0xFC, 0xFF, 0xFC, 0xFC, 0x00, 0xFC, 0x00, 0xFC, 0x00, 0xFC, 0x00, 0xFC, 0x00, 0xFF, 0xFF, 0xFF,
    0xFF, 0xFF, 0xFF, 0xFF, 0xFF, 0x00, 0xC0, 0x01, 0xE0, 0x03, 0xF0, 0x07, 0xF0, 0x0F, 0xC0, 0x0F,
    0x80, 0x07, 0x00, 0x00, 0x00, 0x00, 0x00, 0xFF, 0xFE, 0xFF, 0xFE, 0xFF, 0xFE, 0xFF, 0xFE, 0xFC,
    0x00, 0xFC, 0x00, 0xFC, 0x00, 0xFC, 0x00, 0xFF, 0xFC, 0xFF, 0xFC, 0xFF, 0xFC, 0xFF, 0xFC, 0xFC,
    0x00, 0xFC, 0x00, 0xFC, 0x00, 0xFC, 0x00, 0xFC, 0x00, 0xFF, 0xFF, 0xFF, 0xFF, 0xFF, 0xFF, 0xFF,
    0xFF, 0x01, 0x80, 0x07, 0xC0, 0x0F, 0xE0, 0x1F, 0xF0, 0x1F, 0xF8, 0x0C, 0x70, 0x00, 0x00, 0x00,
    0x00, 0xFF, 0xFE, 0xFF, 0xFE, 0xFF, 0xFE, 0xFF, 0xFE, 0xFC, 0x00, 0xFC, 0x00, 0xFC, 0x00, 0xFC,
    0x00, 0xFF, 0xFC, 0xFF, 0xFC, 0xFF, 0xFC, 0xFF, 0xFC, 0xFC, 0x00, 0xFC, 0x00, 0xFC, 0x00, 0xFC,
    0x00, 0xFC, 0x00, 0xFF, 0xFF, 0xFF, 0xFF, 0xFF, 0xFF, 0xFF, 0xFF, 0x3C, 0x78, 0x3E, 0x7C, 0x7E,
    0xFC, 0x3E, 0x7C, 0x3C, 0x78, 0x00, 0x00, 0x00, 0x00, 0x00, 0x00, 0xFF, 0xFE, 0xFF, 0xFE, 0xFF,
    0xFE, 0xFF, 0xFE, 0xFC, 0x00, 0xFC, 0x00, 0xFC, 0x00, 0xFC, 0x00, 0xFF, 0xFC, 0xFF, 0xFC, 0xFF,
    0xFC, 0xFF, 0xFC, 0xFC, 0x00, 0xFC, 0x00, 0xFC, 0x00, 0xFC, 0x00, 0xFC, 0x00, 0xFF, 0xFF, 0xFF,
    0xFF, 0xFF, 0xFF, 0xFF, 0xFF, 0x30, 0x78, 0xFC, 0xFC, 0x7E, 0x1E, 0x0C, 0x00, 0x00, 0x7E, 0x7E,
    0x7E, 0x7E, 0x7E, 0x7E, 0x7E, 0x7E, 0x7E, 0x7E, 0x7E, 0x7E, 0x7E, 0x7E, 0x7E, 0x7E, 0x7E, 0x7E,
    0x7E, 0x7E, 0x7E, 0x0C, 0x1E, 0x3F, 0x7F, 0x7C, 0x78, 0x30, 0x00, 0x00, 0x7E, 0x7E, 0x7E, 0x7E,
    0x7E, 0x7E, 0x7E, 0x7E, 0x7E, 0x7E, 0x7E, 0x7E, 0x7E, 0x7E, 0x7E, 0x7E, 0x7E, 0x7E, 0x7E, 0x7E,
    0x7E, 0x0C, 0x07, 0x87, 0xFB, 0xFF, 0xFF, 0xD8, 0x60, 0x00, 0x00, 0x3F, 0x0F, 0xC3, 0xF0, 0xFC,
    0x3F, 0x0F, 0xC3, 0xF0, 0xFC, 0x3F, 0x0F, 0xC3, 0xF0, 0xFC, 0x3F, 0x0F, 0xC3, 0xF0, 0xFC, 0x3F,
    0x0F, 0xC3, 0xF0, 0xFC, 0x3F, 0x00, 0x71, 0xEF, 0x9F, 0xF9, 0xFF, 0x9F, 0x71, 0xE0, 0x00, 0x00,
    0x00, 0x00, 0x1F, 0x81, 0xF8, 0x1F, 0x81, 0xF8, 0x1F, 0x81, 0xF8, 0x1F, 0x81, 0xF8, 0x1F, 0x81,
    0xF8, 0x1F, 0x81, 0xF8, 0x1F, 0x81, 0xF8, 0x1F, 0x81, 0xF8, 0x1F, 0x81, 0xF8, 0x1F, 0x81, 0xF8,
    0x1F, 0x80, 0x1F, 0xFE, 0x00, 0xFF, 0xFE, 0x03, 0xFF, 0xFE, 0x0F, 0xFF, 0xFC, 0x3F, 0x1F, 0xF0,
    0xFC, 0x0F, 0xE3, 0xF0, 0x1F, 0x8F, 0xC0, 0x3F, 0xFF, 0xF0, 0xFF, 0xFF, 0xC3, 0xFF, 0xFF, 0x0F,
    0xFF, 0xFC, 0x3F, 0x3F, 0x00, 0xFC, 0xFC, 0x03, 0xF3, 0xF0, 0x1F, 0x8F, 0xC0, 0xFE, 0x3F, 0x1F,
    0xF0, 0xFF, 0xFF, 0xC3, 0xFF, 0xFE, 0x0F, 0xFF, 0xE0, 0x1F, 0xFE, 0x00, 0x07, 0xEE, 0x01, 0xFF,
    0xE0, 0x3F, 0xF8, 0x03, 0x3E, 0x00, 0x00, 0x00, 0x00, 0x00, 0x00, 0x00, 0x07, 0xC0, 0x1F, 0xFC,
    0x03, 0xFF, 0xC0, 0x7F, 0xFC, 0x0F, 0xFF, 0xC1, 0xFF, 0xFC, 0x3F, 0xFF, 0x87, 0xFF, 0xF8, 0xFF,
    0xFF, 0x9F, 0xFD, 0xFB, 0xFF, 0xBF, 0x7F, 0xF3, 0xFF, 0xFE, 0x3F, 0xFF, 0xC3, 0xFF, 0xF8, 0x7F,
    0xFF, 0x07, 0xFF, 0xE0, 0x7F, 0xFC, 0x0F, 0xFF, 0x80, 0xFF, 0xF0, 0x0F, 0xFE, 0x01, 0xF0, 0x00,
    0x60, 0x00, 0x03, 0xC0, 0x00, 0x1F, 0x80, 0x00, 0x7F, 0x00, 0x00, 0x7E, 0x00, 0x00, 0xF8, 0x00,
    0x01, 0xC0, 0x00, 0x00, 0x00, 0x00, 0x00, 0x00, 0x07, 0xFC, 0x00, 0x7F, 0xFC, 0x07, 0xFF, 0xF8,
    0x1F, 0xFF, 0xF0, 0xFF, 0x3F, 0xE7, 0xF0, 0x1F, 0x9F, 0x80, 0x3F, 0x7C, 0x00, 0xFF, 0xF0, 0x03,
    0xFF, 0xC0, 0x07, 0xFF, 0x00, 0x1F, 0xFC, 0x00, 0x7F, 0xF0, 0x03, 0xF7, 0xC0, 0x0F, 0xDF, 0x80,
    0x3F, 0x7F, 0x01, 0xF8, 0xFF, 0x3F, 0xE3, 0xFF, 0xFF, 0x07, 0xFF, 0xF8, 0x07, 0xFF, 0xC0, 0x07,
    0xFC, 0x00, 0x00, 0x18, 0x00, 0x00, 0xF0, 0x00, 0x07, 0xE0, 0x00, 0x1F, 0x80, 0x00, 0xFC, 0x00,
    0x03, 0xC0, 0x00, 0x06, 0x00, 0x00, 0x00, 0x00, 0x00, 0x00, 0x00, 0x07, 0xFC, 0x00, 0x7F, 0xFC,
    0x07, 0xFF, 0xF8, 0x1F, 0xFF, 0xF0, 0xFF, 0x3F, 0xE7, 0xF0, 0x1F, 0x9F, 0x80, 0x3F, 0x7C, 0x00,
    0xFF, 0xF0, 0x03, 0xFF, 0xC0, 0x07, 0xFF, 0x00, 0x1F, 0xFC, 0x00, 0x7F, 0xF0, 0x03, 0xF7, 0xC0,
    0x0F, 0xDF, 0x80, 0x3F, 0x7F, 0x01, 0xF8, 0xFF, 0x3F, 0xE3, 0xFF, 0xFF, 0x07, 0xFF, 0xF8, 0x07,
    0xFF, 0xC0, 0x07, 0xFC, 0x00, 0x00, 0x30, 0x00, 0x01, 0xF0, 0x00, 0x0F, 0xE0, 0x00, 0x7F, 0xC0,
    0x03, 0xFF, 0x00, 0x07, 0x18, 0x00, 0x00, 0x00, 0x00, 0x00, 0x00, 0x01, 0xFF, 0x00, 0x1F, 0xFF,
    0x01, 0xFF, 0xFE, 0x07, 0xFF, 0xFC, 0x3F, 0xCF, 0xF9, 0xFC, 0x07, 0xE7, 0xE0, 0x0F, 0xDF, 0x00,
    0x3F, 0xFC, 0x00, 0xFF, 0xF0, 0x01, 0xFF, 0xC0, 0x07, 0xFF, 0x00, 0x1F, 0xFC, 0x00, 0xFD, 0xF0,
    0x03, 0xF7, 0xE0, 0x0F, 0xDF, 0xC0, 0x7E, 0x3F, 0xCF, 0xF8, 0xFF, 0xFF, 0xC1, 0xFF, 0xFE, 0x01,
    0xFF, 0xF0, 0x01, 0xFF, 0x00, 0x01, 0xF3, 0x00, 0x0F, 0xFE, 0x00, 0x7F, 0xF8, 0x00, 0xEF, 0xC0,
    0x00, 0x00, 0x00, 0x00, 0x00, 0x00, 0x00, 0x00, 0x00, 0x7F, 0xC0, 0x07, 0xFF, 0xC0, 0x7F, 0xFF,
    0x81, 0xFF, 0xFF, 0x0F, 0xF3, 0xFE, 0x7F, 0x01, 0xF9, 0xF8, 0x03, 0xF7, 0xC0, 0x0F, 0xFF, 0x00,
    0x3F, 0xFC, 0x00, 0x7F, 0xF0, 0x01, 0xFF, 0xC0, 0x07, 0xFF, 0x00, 0x3F, 0x7C, 0x00, 0xFD, 0xF8,
    0x03, 0xF7, 0xF0, 0x1F, 0x8F, 0xF3, 0xFE, 0x3F, 0xFF, 0xF0, 0x7F, 0xFF, 0x80, 0x7F, 0xFC, 0x00,
    0x7F, 0xC0, 0x03, 0xC7, 0x00, 0x1F, 0x3E, 0x00, 0x7C, 0xF8, 0x01, 0xF3, 0xE0, 0x03, 0xC7, 0x00,
    0x00, 0x00, 0x00, 0x00, 0x00, 0x00, 0x00, 0x00, 0x01, 0xFF, 0x00, 0x1F, 0xFF, 0x01, 0xFF, 0xFE,
    0x07, 0xFF, 0xFC, 0x3F, 0xCF, 0xF9, 0xFC, 0x07, 0xE7, 0xE0, 0x0F, 0xDF, 0x00, 0x3F, 0xFC, 0x00,
    0xFF, 0xF0, 0x01, 0xFF, 0xC0, 0x07, 0xFF, 0x00, 0x1F, 0xFC, 0x00, 0xFD, 0xF0, 0x03, 0xF7, 0xE0,
    0x0F, 0xDF, 0xC0, 0x7E, 0x3F, 0xCF, 0xF8, 0xFF, 0xFF, 0xC1, 0xFF, 0xFE, 0x01, 0xFF, 0xF0, 0x01,
    0xFF, 0x00, 0x18, 0x18, 0x78, 0x79, 0xF9, 0xFB, 0xFF, 0xE3, 0xFF, 0x83, 0xFE, 0x03, 0xF8, 0x07,
    0xF0, 0x1F, 0xF0, 0x7F, 0xF1, 0xFF, 0xF3, 0xF3, 0xF3, 0xC3, 0xC3, 0x03, 0x00, 0x00, 0x00, 0x30,
    0x07, 0xFD, 0xE0, 0x7F, 0xFF, 0x87, 0xFF, 0xFC, 0x1F, 0xFF, 0xF0, 0xFF, 0x3F, 0xE7, 0xF0, 0x7F,
    0x9F, 0x83, 0xFF, 0x7C, 0x1F, 0xFF, 0xF0, 0xFB, 0xFF, 0xC3, 0xEF, 0xFF, 0x1F, 0x1F, 0xFC, 0xF8,
    0x7F, 0xF7, 0xC3, 0xF7, 0xFE, 0x0F, 0xDF, 0xF0, 0x3F, 0x7F, 0xC1, 0xF8, 0xFF, 0x3F, 0xE3, 0xFF,
    0xFF, 0x0F, 0xFF, 0xF8, 0x7F, 0xFF, 0xC1, 0xE7, 0xFC, 0x01, 0x80, 0x00, 0x00, 0x03, 0x00, 0x01,
    0xE0, 0x00, 0x7C, 0x00, 0x1F, 0x80, 0x03, 0xF0, 0x00, 0x7C, 0x00, 0x0E, 0x00, 0x00, 0x00, 0x00,
    0x00, 0x3E, 0x01, 0xFF, 0x80, 0x7F, 0xE0, 0x1F, 0xF8, 0x07, 0xFE, 0x01, 0xFF, 0x80, 0x7F, 0xE0,
    0x1F, 0xF8, 0x07, 0xFE, 0x01, 0xFF, 0x80, 0x7F, 0xE0, 0x1F, 0xF8, 0x07, 0xFE, 0x01, 0xFF, 0x80,
    0xFF, 0xF0, 0x3F, 0xFC, 0x0F, 0xFF, 0xCF, 0xE7, 0xFF, 0xF8, 0xFF, 0xFC, 0x1F, 0xFE, 0x03, 0xFE,
    0x00, 0x00, 0x60, 0x00, 0x1C, 0x00, 0x0F, 0x80, 0x07, 0xE0, 0x03, 0xF0, 0x00, 0xF8, 0x00, 0x18,
    0x00, 0x00, 0x00, 0x00, 0x00, 0x3E, 0x01, 0xFF, 0x80, 0x7F, 0xE0, 0x1F, 0xF8, 0x07, 0xFE, 0x01,
    0xFF, 0x80, 0x7F, 0xE0, 0x1F, 0xF8, 0x07, 0xFE, 0x01, 0xFF, 0x80, 0x7F, 0xE0, 0x1F, 0xF8, 0x07,
    0xFE, 0x01, 0xFF, 0x80, 0xFF, 0xF0, 0x3F, 0xFC, 0x0F, 0xFF, 0xCF, 0xE7, 0xFF, 0xF8, 0xFF, 0xFC,
    0x1F, 0xFE, 0x03, 0xFE, 0x00, 0x00, 0xC0, 0x00, 0x78, 0x00, 0x7F, 0x00, 0x3F, 0xF0, 0x0F, 0xFC,
    0x01, 0x86, 0x00, 0x00, 0x00, 0x00, 0x00, 0xF8, 0x07, 0xFE, 0x01, 0xFF, 0x80, 0x7F, 0xE0, 0x1F,
    0xF8, 0x07, 0xFE, 0x01, 0xFF, 0x80, 0x7F, 0xE0, 0x1F, 0xF8, 0x07, 0xFE, 0x01, 0xFF, 0x80, 0x7F,
    0xE0, 0x1F, 0xF8, 0x07, 0xFE, 0x03, 0xFF, 0xC0, 0xFF, 0xF0, 0x3F, 0xFF, 0x3F, 0x9F, 0xFF, 0xE3,
    0xFF, 0xF0, 0x7F, 0xF8, 0x0F, 0xF8, 0x00, 0x0E, 0x3C, 0x07, 0xCF, 0x81, 0xF3, 0xE0, 0x7C, 0xF8,
    0x0E, 0x3C, 0x00, 0x00, 0x00, 0x00, 0x00, 0x00, 0x00, 0xF8, 0x07, 0xFE, 0x01, 0xFF, 0x80, 0x7F,
    0xE0, 0x1F, 0xF8, 0x07, 0xFE, 0x01, 0xFF, 0x80, 0x7F, 0xE0, 0x1F, 0xF8, 0x07, 0xFE, 0x01, 0xFF,
    0x80, 0x7F, 0xE0, 0x1F, 0xF8, 0x07, 0xFE, 0x03, 0xFF, 0xC0, 0xFF, 0xF0, 0x3F, 0xFF, 0x3F, 0x9F,
    0xFF, 0xE3, 0xFF, 0xF0, 0x7F, 0xF8, 0x0F, 0xF8, 0x00, 0x00, 0x18, 0x00, 0x01, 0xE0, 0x00, 0x1F,
    0x80, 0x01, 0xFC, 0x00, 0x1F, 0x80, 0x00, 0xF8, 0x00, 0x03, 0x80, 0x00, 0x00, 0x00, 0x00, 0x00,
    0x07, 0xE0, 0x1F, 0x9F, 0x80, 0xFC, 0xFC, 0x0F, 0xC3, 0xF0, 0x7E, 0x1F, 0xC7, 0xE0, 0x7E, 0x3F,
    0x03, 0xFB, 0xF0, 0x0F, 0xFF, 0x80, 0x3F, 0xF8, 0x01, 0xFF, 0x80, 0x07, 0xFC, 0x00, 0x3F, 0xC0,
    0x00, 0xFC, 0x00, 0x07, 0xE0, 0x00, 0x3F, 0x00, 0x01, 0xF8, 0x00, 0x0F, 0xC0, 0x00, 0x7E, 0x00,
    0x03, 0xF0, 0x00, 0x1F, 0x80, 0x00, 0xFC, 0x00, 0xFC, 0x00, 0x7E, 0x00, 0x3F, 0x00, 0x1F, 0xFF,
    0x0F, 0xFF, 0xE7, 0xFF, 0xFB, 0xFF, 0xFD, 0xF8, 0xFF, 0xFC, 0x1F, 0xFE, 0x0F, 0xFF, 0x07, 0xFF,
    0x83, 0xFF, 0xC7, 0xFF, 0xFF, 0xFB, 0xFF, 0xFD, 0xFF, 0xFC, 0xFF, 0xF8, 0x7E, 0x00, 0x3F, 0x00,
    0x1F, 0x80, 0x0F, 0xC0, 0x00, 0x0F, 0xF0, 0x0F, 0xFE, 0x07, 0xFF, 0xC1, 0xFF, 0xF0, 0xFE, 0x7E,
    0x3F, 0x0F, 0x8F, 0x83, 0xE3, 0xE1, 0xF0, 0xF8, 0xFC, 0x3E, 0x3E, 0x0F, 0x9F, 0x03, 0xE7, 0xC0,
    0xF9, 0xF0, 0x3E, 0x7F, 0x0F, 0x9F, 0xF3, 0xE3, 0xFE, 0xF8, 0x3F, 0xBE, 0x03, 0xEF, 0x80, 0xFF,
    0xE6, 0x7F, 0xFB, 0xFF, 0xBE, 0xFF, 0xEF, 0xBF, 0xF3, 0xEF, 0xF8, 0x06, 0x00, 0x1E, 0x00, 0x7E,
    0x00, 0xFE, 0x00, 0x7E, 0x00, 0x7C, 0x00, 0x70, 0x00, 0x00, 0x00, 0x00, 0x7F, 0xC1, 0xFF, 0xE3,
    0xFF, 0xE3, 0xFF, 0xC7, 0x1F, 0x80, 0x1F, 0x0F, 0xFE, 0x7F, 0xFF, 0xFF, 0xFF, 0xF1, 0xFF, 0xC3,
    0xFF, 0xC7, 0xFF, 0xFF, 0xFF, 0xFF, 0xBF, 0xFF, 0x3F, 0xFC, 0x00, 0x80, 0x03, 0x80, 0x0F, 0x80,
    0x3F, 0x00, 0xFC, 0x01, 0xF0, 0x01, 0x80, 0x00, 0x00, 0x00, 0x00, 0x7F, 0xC1, 0xFF, 0xE3, 0xFF,
    0xE3, 0xFF, 0xC7, 0x1F, 0x80, 0x1F, 0x0F, 0xFE, 0x7F, 0xFF, 0xFF, 0xFF, 0xF1, 0xFF, 0xC3, 0xFF,
    0xC7, 0xFF, 0xFF, 0xFF, 0xFF, 0xBF, 0xFF, 0x3F, 0xFC, 0x03, 0x00, 0x0F, 0x00, 0x3F, 0x81, 0xFF,
    0x83, 0xFF, 0x03, 0x0C, 0x00, 0x00, 0x00, 0x00, 0x3F, 0xE0, 0xFF, 0xF1, 0xFF, 0xF1, 0xFF, 0xE3,
    0x8F, 0xC0, 0x0F, 0x87, 0xFF, 0x3F, 0xFF, 0xFF, 0xFF, 0xF8, 0xFF, 0xE1, 0xFF, 0xE3, 0xFF, 0xFF,
    0xFF, 0xFF, 0xDF, 0xFF, 0x9F, 0xFE, 0x1F, 0x30, 0x7F, 0xF1, 0xFF, 0xE0, 0xDF, 0x80, 0x00, 0x00,
    0x00, 0x00, 0x00, 0x1F, 0xF0, 0x7F, 0xF8, 0xFF, 0xF8, 0xFF, 0xF1, 0xC7, 0xE0, 0x07, 0xC3, 0xFF,
    0x9F, 0xFF, 0xFF, 0xFF, 0xFC, 0x7F, 0xF0, 0xFF, 0xF1, 0xFF, 0xFF, 0xFF, 0xFF, 0xEF, 0xFF, 0xCF,
    0xFF, 0x00, 0x3C, 0x78, 0xF9, 0xF1, 0xF3, 0xE3, 0xE7, 0xC3, 0xC7, 0x80, 0x00, 0x00, 0x00, 0x00,
    0x00, 0x3F, 0xE0, 0xFF, 0xF1, 0xFF, 0xF1, 0xFF, 0xE3, 0x8F, 0xC0, 0x0F, 0x87, 0xFF, 0x3F, 0xFF,
    0xFF, 0xFF, 0xF8, 0xFF, 0xE1, 0xFF, 0xE3, 0xFF, 0xFF, 0xFF, 0xFF, 0xDF, 0xFF, 0x9F, 0xFE, 0x07,
    0xC0, 0x1F, 0xC0, 0x3B, 0x80, 0x73, 0x80, 0xEE, 0x01, 0xFC, 0x01, 0xF0, 0x00, 0x00, 0x00, 0x00,
    0x7F, 0xC1, 0xFF, 0xE3, 0xFF, 0xE3, 0xFF, 0xC7, 0x1F, 0x80, 0x1F, 0x0F, 0xFE, 0x7F, 0xFF, 0xFF,
    0xFF, 0xF1, 0xFF, 0xC3, 0xFF, 0xC7, 0xFF, 0xFF, 0xFF, 0xFF, 0xBF, 0xFF, 0x3F, 0xFC, 0x3F, 0xE3,
    0xF8, 0x3F, 0xFF, 0xFF, 0x1F, 0xFF, 0xFF, 0xC7, 0xFF, 0xFF, 0xE3, 0x8F, 0xF3, 0xF8, 0x03, 0xF0,
    0x7C, 0x7F, 0xFF, 0xFE, 0xFF, 0xFF, 0xFF, 0xFF, 0xFF, 0xFF, 0xFE, 0x3F, 0x00, 0x3E, 0x0F, 0x80,
    0x1F, 0x8F, 0xF9, 0xEF, 0xFF, 0xFF, 0xF7, 0xFF, 0xFF, 0xF9, 0xFF, 0xFF, 0xFC, 0x7F, 0xEF, 0xFC,
    0x07, 0xF8, 0x7F, 0xF3, 0xFF, 0x9F, 0xFE, 0x7F, 0x3B, 0xF0, 0x0F, 0xC0, 0x3F, 0x00, 0xFC, 0x03,
    0xF0, 0x0F, 0xC0, 0x1F, 0xC6, 0x7F, 0xF8, 0xFF, 0xF0, 0xFF, 0xC0, 0xFF, 0x03, 0xC0, 0x07, 0x80,
    0x9E, 0x03, 0xF8, 0x0F, 0xE0, 0x3F, 0x00, 0x03, 0x00, 0x07, 0x80, 0x0F, 0xC0, 0x0F, 0xE0, 0x03,
    0xE0, 0x01, 0xE0, 0x00, 0xC0, 0x00, 0x00, 0x00, 0x00, 0x07, 0xF0, 0x1F, 0xFC, 0x3F, 0xFE, 0x7F,
    0xFE, 0x7E, 0x7F, 0xFC, 0x1F, 0xFF, 0xFF, 0xFF, 0xFF, 0xFF, 0xFF, 0xFC, 0x00, 0xFC, 0x00, 0x7F,
    0x9E, 0x7F, 0xFE, 0x3F, 0xFE, 0x1F, 0xFE, 0x07, 0xFC, 0x00, 0xC0, 0x01, 0xE0, 0x03, 0xF0, 0x03,
    0xF0, 0x07, 0xE0, 0x07, 0x80, 0x03, 0x00, 0x00, 0x00, 0x00, 0x00, 0x07, 0xF0, 0x1F, 0xFC, 0x3F,
    0xFE, 0x7F, 0xFE, 0x7E, 0x7F, 0xFC, 0x1F, 0xFF, 0xFF, 0xFF, 0xFF, 0xFF, 0xFF, 0xFC, 0x00, 0xFC,
    0x00, 0x7F, 0x9E, 0x7F, 0xFE, 0x3F, 0xFE, 0x1F, 0xFE, 0x07, 0xFC, 0x01, 0x80, 0x03, 0xC0, 0x0F,
    0xF0, 0x1F, 0xF8, 0x1F, 0xF8, 0x0C, 0x30, 0x00, 0x00, 0x00, 0x00, 0x07, 0xF0, 0x1F, 0xFC, 0x3F,
    0xFE, 0x7F, 0xFE, 0x7E, 0x7F, 0xFC, 0x1F, 0xFF, 0xFF, 0xFF, 0xFF, 0xFF, 0xFF, 0xFC, 0x00, 0xFC,
    0x00, 0x7F, 0x9E, 0x7F, 0xFE, 0x3F, 0xFE, 0x1F, 0xFE, 0x07, 0xFC, 0x1E, 0x3C, 0x3E, 0x7C, 0x3E,
    0x7C, 0x3E, 0x7C, 0x1E, 0x3C, 0x00, 0x00, 0x00, 0x00, 0x00, 0x00, 0x07, 0xF0, 0x1F, 0xFC, 0x3F,
    0xFE, 0x7F, 0xFE, 0x7E, 0x7F, 0xFC, 0x1F, 0xFF, 0xFF, 0xFF, 0xFF, 0xFF, 0xFF, 0xFC, 0x00, 0xFC,
    0x00, 0x7F, 0x9E, 0x7F, 0xFE, 0x3F, 0xFE, 0x1F, 0xFE, 0x07, 0xFC, 0x10, 0x38, 0x7C, 0x7E, 0x3F,
    0x1F, 0x06, 0x00, 0x00, 0x3E, 0x3E, 0x3E, 0x3E, 0x3E, 0x3E, 0x3E, 0x3E, 0x3E, 0x3E, 0x3E, 0x3E,
    0x3E, 0x3E, 0x3E, 0x3E, 0x0C, 0x1E, 0x3F, 0x7E, 0xFC, 0xF8, 0x70, 0x00, 0x00, 0x7C, 0x7C, 0x7C,
    0x7C, 0x7C, 0x7C, 0x7C, 0x7C, 0x7C, 0x7C, 0x7C, 0x7C, 0x7C, 0x7C, 0x7C, 0x7C, 0x0E, 0x03, 0xE0,
    0xFE, 0x3F, 0xE7, 0xFC, 0x63, 0x80, 0x00, 0x00, 0x1F, 0x03, 0xE0, 0x7C, 0x0F, 0x81, 0xF0, 0x3E,
    0x07, 0xC0, 0xF8, 0x1F, 0x03, 0xE0, 0x7C, 0x0F, 0x81, 0xF0, 0x3E, 0x07, 0xC0, 0xF8, 0x78, 0xF7,
    0xCF, 0xBF, 0x7F, 0xF3, 0xE7, 0x8F, 0x00, 0x00, 0x00, 0x00, 0x00, 0x0F, 0x80, 0x7C, 0x03, 0xE0,
    0x1F, 0x00, 0xF8, 0x07, 0xC0, 0x3E, 0x01, 0xF0, 0x0F, 0x80, 0x7C, 0x03, 0xE0, 0x1F, 0x00, 0xF8,
    0x07, 0xC0, 0x3E, 0x01, 0xF0, 0x01, 0xC0, 0x01, 0xF0, 0x00, 0xFC, 0xC0, 0x7F, 0xF0, 0x1F, 0xF8,
    0x3F, 0xF8, 0x0F, 0xF8, 0x07, 0xFC, 0x00, 0x3F, 0x07, 0xFF, 0x8F, 0xFF, 0xC7, 0xFF, 0xE7, 0xFF,
    0xFF, 0xF3, 0xFF, 0xF0, 0x7F, 0xF8, 0x3F, 0xF8, 0x1F, 0x7E, 0x0F, 0xBF, 0x0F, 0xCF, 0xCF, 0xE7,
    0xFF, 0xE1, 0xFF, 0xF0, 0x7F, 0xF0, 0x1F, 0xE0, 0x1F, 0x30, 0x7F, 0xF1, 0xFF, 0xE1, 0xDF, 0x80,
    0x00, 0x00, 0x00, 0x00, 0x00, 0x7F, 0xF0, 0xFF, 0xF9, 0xFF, 0xFB, 0xFF, 0xF7, 0xC7, 0xEF, 0x87,
    0xFF, 0x0F, 0xFE, 0x1F, 0xFC, 0x3F, 0xF8, 0x7F, 0xF0, 0xFF, 0xE1, 0xFF, 0xC3, 0xFF, 0x87, 0xFF,
    0x0F, 0xFE, 0x1F, 0x80, 0x03, 0x00, 0x03, 0xC0, 0x01, 0xF0, 0x00, 0xFC, 0x00, 0x3F, 0x00, 0x0F,
    0x80, 0x03, 0x80, 0x00, 0x00, 0x00, 0x00, 0x03, 0xF8, 0x07, 0xFF, 0x07, 0xFF, 0xC7, 0xFF, 0xF3,
    0xFB, 0xFB, 0xF0, 0x7D, 0xF8, 0x3F, 0xFC, 0x1F, 0xFE, 0x0F, 0xFF, 0x07, 0xFF, 0x83, 0xE7, 0xF7,
    0xF3, 0xFF, 0xF8, 0xFF, 0xF8, 0x3F, 0xF8, 0x07, 0xF0, 0x00, 0x00, 0xC0, 0x00, 0x70, 0x00, 0x7C,
    0x00, 0x7E, 0x00, 0x7E, 0x00, 0x3E, 0x00, 0x0C, 0x00, 0x00, 0x00, 0x00, 0x00, 0x03, 0xF8, 0x07,
    0xFF, 0x07, 0xFF, 0xC7, 0xFF, 0xF3, 0xFB, 0xFB, 0xF0, 0x7D, 0xF8, 0x3F, 0xFC, 0x1F, 0xFE, 0x0F,
    0xFF, 0x07, 0xFF, 0x83, 0xE7, 0xF7, 0xF3, 0xFF, 0xF8, 0xFF, 0xF8, 0x3F, 0xF8, 0x07, 0xF0, 0x00,
    0x01, 0xC0, 0x01, 0xF0, 0x01, 0xFC, 0x01, 0xFF, 0x01, 0xFF, 0x80, 0x71, 0x80, 0x00, 0x00, 0x00,
    0x00, 0x07, 0xF0, 0x0F, 0xFE, 0x0F, 0xFF, 0x8F, 0xFF, 0xE7, 0xF7, 0xF7, 0xE0, 0xFB, 0xF0, 0x7F,
    0xF8, 0x3F, 0xFC, 0x1F, 0xFE, 0x0F, 0xFF, 0x07, 0xCF, 0xEF, 0xE7, 0xFF, 0xF1, 0xFF, 0xF0, 0x7F,
    0xF0, 0x0F, 0xE0, 0x0F, 0x98, 0x0F, 0xFE, 0x0F, 0xFF, 0x01, 0xBF, 0x00, 0x00, 0x00, 0x00, 0x00,
    0x00, 0x00, 0x0F, 0xE0, 0x1F, 0xFC, 0x1F, 0xFF, 0x1F, 0xFF, 0xCF, 0xEF, 0xEF, 0xC1, 0xF7, 0xE0,
    0xFF, 0xF0, 0x7F, 0xF8, 0x3F, 0xFC, 0x1F, 0xFE, 0x0F, 0x9F, 0xDF, 0xCF, 0xFF, 0xE3, 0xFF, 0xE0,
    0xFF, 0xE0, 0x1F, 0xC0, 0x1E, 0x3C, 0x1F, 0x3E, 0x0F, 0xDF, 0x87, 0xCF, 0x81, 0xE3, 0xC0, 0x00,
    0x00, 0x00, 0x00, 0x00, 0x00, 0x07, 0xF0, 0x0F, 0xFE, 0x0F, 0xFF, 0x8F, 0xFF, 0xE7, 0xF7, 0xF7,
    0xE0, 0xFB, 0xF0, 0x7F, 0xF8, 0x3F, 0xFC, 0x1F, 0xFE, 0x0F, 0xFF, 0x07, 0xCF, 0xEF, 0xE7, 0xFF,
    0xF1, 0xFF, 0xF0, 0x7F, 0xF0, 0x0F, 0xE0, 0x03, 0xC0, 0x07, 0xE0, 0x07, 0xE0, 0x07, 0xE0, 0x03,
    0xC0, 0x00, 0x00, 0x00, 0x00, 0xFF, 0xFE, 0xFF, 0xFE, 0xFF, 0xFE, 0xFF, 0xFE, 0x00, 0x00, 0x00,
    0x00, 0x03, 0xC0, 0x07, 0xE0, 0x07, 0xE0, 0x07, 0xE0, 0x03, 0xC0, 0x00, 0x06, 0x03, 0xFF, 0x87,
    0xFF, 0xC7, 0xFF, 0xC7, 0xFF, 0xF3, 0xF3, 0xFB, 0xF3, 0xFD, 0xF3, 0xFF, 0xF9, 0xEF, 0xFD, 0xEF,
    0xFF, 0xE7, 0xFF, 0xE3, 0xE7, 0xF7, 0xF3, 0xFF, 0xF8, 0xFF, 0xF8, 0xFF, 0xF8, 0x7F, 0xF0, 0x18,
    0x00, 0x00, 0x0C, 0x00, 0x1C, 0x00, 0x7C, 0x00, 0xFC, 0x00, 0xFC, 0x00, 0xF8, 0x00, 0xE0, 0x00,
    0x00, 0x00, 0x01, 0xF0, 0xFB, 0xE1, 0xF7, 0xC3, 0xEF, 0x87, 0xDF, 0x0F, 0xBE, 0x1F, 0x7C, 0x3E,
    0xF8, 0x7D, 0xF0, 0xFB, 0xE1, 0xF7, 0xC3, 0xEF, 0xC7, 0xDF, 0xFF, 0x9F, 0xFF, 0x1F, 0xFE, 0x1F,
    0xFC, 0x01, 0x80, 0x07, 0x80, 0x0F, 0x80, 0x3F, 0x00, 0xFC, 0x01, 0xE0, 0x01, 0x80, 0x00, 0x00,
    0x00, 0x01, 0xF0, 0xFB, 0xE1, 0xF7, 0xC3, 0xEF, 0x87, 0xDF, 0x0F, 0xBE, 0x1F, 0x7C, 0x3E, 0xF8,
    0x7D, 0xF0, 0xFB, 0xE1, 0xF7, 0xC3, 0xEF, 0xC7, 0xDF, 0xFF, 0x9F, 0xFF, 0x1F, 0xFE, 0x1F, 0xFC,
    0x03, 0x00, 0x0F, 0x00, 0x3F, 0x81, 0xFF, 0x83, 0xFF, 0x03, 0x0C, 0x00, 0x00, 0x00, 0x00, 0xF8,
    0x7D, 0xF0, 0xFB, 0xE1, 0xF7, 0xC3, 0xEF, 0x87, 0xDF, 0x0F, 0xBE, 0x1F, 0x7C, 0x3E, 0xF8, 0x7D,
    0xF0, 0xFB, 0xE1, 0xF7, 0xE3, 0xEF, 0xFF, 0xCF, 0xFF, 0x8F, 0xFF, 0x0F, 0xFE, 0x3C, 0x70, 0xF9,
    0xF1, 0xF3, 0xE3, 0xE7, 0xC3, 0xC7, 0x00, 0x00, 0x00, 0x00, 0x00, 0x00, 0xF8, 0x7D, 0xF0, 0xFB,
    0xE1, 0xF7, 0xC3, 0xEF, 0x87, 0xDF, 0x0F, 0xBE, 0x1F, 0x7C, 0x3E, 0xF8, 0x7D, 0xF0, 0xFB, 0xE1,
    0xF7, 0xE3, 0xEF, 0xFF, 0xCF, 0xFF, 0x8F, 0xFF, 0x0F, 0xFE, 0x00, 0x20, 0x00, 0x38, 0x00, 0x3E,
    0x00, 0x3F, 0x00, 0x3F, 0x00, 0x1F, 0x00, 0x06, 0x00, 0x00, 0x00, 0x00, 0x00, 0x7E, 0x0F, 0xFF,
    0x07, 0xEF, 0x83, 0xE7, 0xE1, 0xF3, 0xF1, 0xF8, 0xF8, 0xF8, 0x7E, 0x7C, 0x3F, 0x7E, 0x0F, 0xBE,
    0x07, 0xFF, 0x01, 0xFF, 0x00, 0xFF, 0x80, 0x3F, 0xC0, 0x1F, 0xC0, 0x07, 0xE0, 0x03, 0xE0, 0x01,
    0xF0, 0x13, 0xF0, 0x1F, 0xF8, 0x0F, 0xF8, 0x07, 0xF8, 0x03, 0xF8, 0x00, 0xF8, 0x00, 0xF8, 0x00,
    0xF8, 0x00, 0xF8, 0x00, 0xF8, 0x00, 0xF8, 0x00, 0xF8, 0x00, 0xF8, 0x00, 0xFF, 0xE0, 0xFF, 0xF8,
    0xFF, 0xFC, 0xFF, 0xFE, 0xF8, 0xFE, 0xF8, 0x7E, 0xF8, 0x3F, 0xF8, 0x3F, 0xF8, 0x3F, 0xF8, 0x3F,
    0xF8, 0x3E, 0xFC, 0xFE, 0xFF, 0xFE, 0xFF, 0xFC, 0xFF, 0xF8, 0xFF, 0xF0, 0xF8, 0x00, 0xF8, 0x00,
    0xF8, 0x00, 0xF8, 0x00, 0xF8, 0x00, 0xF8, 0x00, 0x1E, 0x3C, 0x0F, 0xBF, 0x0F, 0xDF, 0x83, 0xEF,
    0xC1, 0xE3, 0xC0, 0x00, 0x00, 0x00, 0x00, 0x00, 0x00, 0xFC, 0x1F, 0xFE, 0x0F, 0xDF, 0x07, 0xCF,
    0xC3, 0xE7, 0xE3, 0xF1, 0xF1, 0xF0, 0xFC, 0xF8, 0x7E, 0xFC, 0x1F, 0x7C, 0x0F, 0xFE, 0x03, 0xFE,
    0x01, 0xFF, 0x00, 0x7F, 0x80, 0x3F, 0x80, 0x0F, 0xC0, 0x07, 0xC0, 0x03, 0xE0, 0x27, 0xE0, 0x3F,
    0xF0, 0x1F, 0xF0, 0x0F, 0xF0, 0x07, 0xF0, 0x00, 0x03, 0xFF, 0x80, 0x07, 0xFF, 0x00, 0x0F, 0xFE,
    0x00, 0x00, 0x00, 0x00, 0x00, 0x00, 0x00, 0x00, 0x00, 0x00, 0x3F, 0x00, 0x00, 0x7F, 0x00, 0x01,
    0xFE, 0x00, 0x03, 0xFE, 0x00, 0x0F, 0xFC, 0x00, 0x1F, 0xF8, 0x00, 0x3F, 0xF8, 0x00, 0xF9, 0xF0,
    0x01, 0xF3, 0xF0, 0x07, 0xC3, 0xE0, 0x0F, 0x87, 0xC0, 0x3F, 0x07, 0xC0, 0x7F, 0xFF, 0x80, 0xFF,
    0xFF, 0x83, 0xFF, 0xFF, 0x07, 0xFF, 0xFE, 0x0F, 0x80, 0x7E, 0x3F, 0x00, 0xFC, 0x7E, 0x00, 0xFD,
    0xF8, 0x01, 0xFB, 0xF0, 0x03, 0xF0, 0x3F, 0xF8, 0x7F, 0xF0, 0xFF, 0xE0, 0x00, 0x00, 0x00, 0x00,
    0x00, 0x0F, 0xF8, 0x3F, 0xFC, 0x7F, 0xFC, 0x7F, 0xF8, 0xE3, 0xF0, 0x03, 0xE1, 0xFF, 0xCF, 0xFF,
    0xFF, 0xFF, 0xFE, 0x3F, 0xF8, 0x7F, 0xF8, 0xFF, 0xFF, 0xFF, 0xFF, 0xF7, 0xFF, 0xE7, 0xFF, 0x80,
    0x03, 0xC7, 0x80, 0x07, 0xDF, 0x00, 0x07, 0xFC, 0x00, 0x0F, 0xF8, 0x00, 0x0F, 0xE0, 0x00, 0x00,
    0x00, 0x00, 0x00, 0x00, 0x00, 0x00, 0x00, 0x00, 0xFC, 0x00, 0x01, 0xFC, 0x00, 0x07, 0xF8, 0x00,
    0x0F, 0xF8, 0x00, 0x3F, 0xF0, 0x00, 0x7F, 0xE0, 0x00, 0xFF, 0xE0, 0x03, 0xE7, 0xC0, 0x07, 0xCF,
    0xC0, 0x1F, 0x0F, 0x80, 0x3E, 0x1F, 0x00, 0xFC, 0x1F, 0x01, 0xFF, 0xFE, 0x03, 0xFF, 0xFE, 0x0F,
    0xFF, 0xFC, 0x1F, 0xFF, 0xF8, 0x3E, 0x01, 0xF8, 0xFC, 0x03, 0xF1, 0xF8, 0x03, 0xF7, 0xE0, 0x07,
    0xEF, 0xC0, 0x0F, 0xC0, 0x3C, 0x78, 0x7D, 0xF0, 0x7F, 0xC0, 0xFF, 0x80, 0xFE, 0x00, 0x00, 0x00,
    0x00, 0x00, 0x00, 0x3F, 0xE0, 0xFF, 0xF1, 0xFF, 0xF1, 0xFF, 0xE3, 0x8F, 0xC0, 0x0F, 0x87, 0xFF,
    0x3F, 0xFF, 0xFF, 0xFF, 0xF8, 0xFF, 0xE1, 0xFF, 0xE3, 0xFF, 0xFF, 0xFF, 0xFF, 0xDF, 0xFF, 0x9F,
    0xFE, 0x00, 0xFC, 0x00, 0x01, 0xFC, 0x00, 0x07, 0xF8, 0x00, 0x0F, 0xF8, 0x00, 0x3F, 0xF0, 0x00,
    0x7F, 0xE0, 0x00, 0xFF, 0xE0, 0x03, 0xE7, 0xC0, 0x07, 0xCF, 0xC0, 0x1F, 0x0F, 0x80, 0x3E, 0x1F,
    0x00, 0xFC, 0x1F, 0x01, 0xFF, 0xFE, 0x03, 0xFF, 0xFE, 0x0F, 0xFF, 0xFC, 0x1F, 0xFF, 0xF8, 0x3E,
    0x01, 0xF8, 0xFC, 0x03, 0xF1, 0xF8, 0x03, 0xF7, 0xE0, 0x07, 0xEF, 0xC0, 0x0F, 0xC0, 0x00, 0x0F,
    0x80, 0x00, 0x3E, 0x00, 0x00, 0x78, 0x00, 0x01, 0xF0, 0x00, 0x03, 0xFC, 0x00, 0x03, 0xF8, 0x00,
    0x07, 0xF0, 0x3F, 0xE0, 0xFF, 0xF1, 0xFF, 0xF1, 0xFF, 0xE3, 0x8F, 0xC0, 0x0F, 0x87, 0xFF, 0x3F,
    0xFF, 0xFF, 0xFF, 0xF8, 0xFF, 0xE1, 0xFF, 0xE3, 0xFF, 0xFF, 0xFF, 0xFF, 0xDF, 0xFF, 0x9F, 0xFE,
    0x00, 0xF8, 0x01, 0xE0, 0x07, 0xD0, 0x0F, 0xE0, 0x1F, 0xC0, 0x1F, 0x80, 0x00, 0x18, 0x00, 0x07,
    0x80, 0x00, 0xF8, 0x00, 0x3F, 0x00, 0x0F, 0xC0, 0x01, 0xE0, 0x00, 0x18, 0x00, 0x00, 0x00, 0x00,
    0x00, 0x00, 0x3F, 0xF0, 0x1F, 0xFF, 0x0F, 0xFF, 0xE1, 0xFF, 0xFC, 0x7F, 0x8F, 0x1F, 0xC0, 0x03,
    0xF0, 0x00, 0x7C, 0x00, 0x1F, 0x80, 0x03, 0xF0, 0x00, 0x7E, 0x00, 0x0F, 0xC0, 0x01, 0xF8, 0x00,
    0x3F, 0x00, 0x03, 0xF0, 0x00, 0x7F, 0x00, 0x07, 0xF8, 0xF8, 0xFF, 0xFF, 0x0F, 0xFF, 0xF0, 0xFF,
    0xFE, 0x07, 0xFF, 0x00, 0x00, 0x60, 0x03, 0x80, 0x1F, 0x00, 0xFC, 0x07, 0xE0, 0x1F, 0x00, 0x38,
    0x00, 0x00, 0x00, 0x00, 0x1F, 0xE1, 0xFF, 0xCF, 0xFE, 0x7F, 0xF9, 0xFC, 0xEF, 0xC0, 0x3F, 0x00,
    0xFC, 0x03, 0xF0, 0x0F, 0xC0, 0x3F, 0x00, 0x7F, 0x19, 0xFF, 0xE3, 0xFF, 0xC7, 0xFF, 0x0F, 0xFC,
    0x00, 0x30, 0x00, 0x0F, 0x80, 0x03, 0xF8, 0x01, 0xFF, 0x80, 0x3F, 0xF0, 0x03, 0x8C, 0x00, 0x00,
    0x00, 0x00, 0x00, 0x01, 0xFF, 0x80, 0xFF, 0xF8, 0x7F, 0xFF, 0x0F, 0xFF, 0xE3, 0xFC, 0x78, 0xFE,
    0x00, 0x1F, 0x80, 0x03, 0xE0, 0x00, 0xFC, 0x00, 0x1F, 0x80, 0x03, 0xF0, 0x00, 0x7E, 0x00, 0x0F,
    0xC0, 0x01, 0xF8, 0x00, 0x1F, 0x80, 0x03, 0xF8, 0x00, 0x3F, 0xC7, 0xC7, 0xFF, 0xF8, 0x7F, 0xFF,
    0x87, 0xFF, 0xF0, 0x3F, 0xF8, 0x01, 0x80, 0x0F, 0x80, 0x7F, 0x07, 0xFE, 0x1F, 0xF8, 0x38, 0xC0,
    0x00, 0x00, 0x00, 0x07, 0xF8, 0x7F, 0xF3, 0xFF, 0x9F, 0xFE, 0x7F, 0x3B, 0xF0, 0x0F, 0xC0, 0x3F,
    0x00, 0xFC, 0x03, 0xF0, 0x0F, 0xC0, 0x1F, 0xC6, 0x7F, 0xF8, 0xFF, 0xF1, 0xFF, 0xC3, 0xFF, 0x00,
    0x78, 0x00, 0x0F, 0x80, 0x03, 0xF0, 0x00, 0x3E, 0x00, 0x07, 0x80, 0x00, 0x00, 0x00, 0x00, 0x00,
    0x00, 0x00, 0x01, 0xFF, 0x80, 0xFF, 0xF8, 0x7F, 0xFF, 0x0F, 0xFF, 0xE3, 0xFC, 0x78, 0xFE, 0x00,
    0x1F, 0x80, 0x03, 0xE0, 0x00, 0xFC, 0x00, 0x1F, 0x80, 0x03, 0xF0, 0x00, 0x7E, 0x00, 0x0F, 0xC0,
    0x01, 0xF8, 0x00, 0x1F, 0x80, 0x03, 0xF8, 0x00, 0x3F, 0xC7, 0xC7, 0xFF, 0xF8, 0x7F, 0xFF, 0x87,
    0xFF, 0xF0, 0x3F, 0xF8, 0x03, 0xC0, 0x0F, 0x80, 0x3E, 0x00, 0xF8, 0x03, 0xC0, 0x00, 0x00, 0x00,
    0x00, 0x00, 0x07, 0xF8, 0x7F, 0xF3, 0xFF, 0x9F, 0xFE, 0x7F, 0x3B, 0xF0, 0x0F, 0xC0, 0x3F, 0x00,
    0xFC, 0x03, 0xF0, 0x0F, 0xC0, 0x1F, 0xC6, 0x7F, 0xF8, 0xFF, 0xF1, 0xFF, 0xC3, 0xFF, 0x01, 0x86,
    0x00, 0x7F, 0xE0, 0x0F, 0xFC, 0x00, 0x7F, 0x00, 0x07, 0x80, 0x00, 0x60, 0x00, 0x00, 0x00, 0x00,
    0x00, 0x01, 0xFF, 0x80, 0xFF, 0xF8, 0x7F, 0xFF, 0x0F, 0xFF, 0xE3, 0xFC, 0x78, 0xFE, 0x00, 0x1F,
    0x80, 0x03, 0xE0, 0x00, 0xFC, 0x00, 0x1F, 0x80, 0x03, 0xF0, 0x00, 0x7E, 0x00, 0x0F, 0xC0, 0x01,
    0xF8, 0x00, 0x1F, 0x80, 0x03, 0xF8, 0x00, 0x3F, 0xC7, 0xC7, 0xFF, 0xF8, 0x7F, 0xFF, 0x87, 0xFF,
    0xF0, 0x3F, 0xF8, 0x0E, 0x30, 0x7F, 0xE0, 0xFF, 0x81, 0xFC, 0x03, 0xE0, 0x06, 0x00, 0x00, 0x00,
    0x00, 0x07, 0xF8, 0x7F, 0xF3, 0xFF, 0x9F, 0xFE, 0x7F, 0x3B, 0xF0, 0x0F, 0xC0, 0x3F, 0x00, 0xFC,
    0x03, 0xF0, 0x0F, 0xC0, 0x1F, 0xC6, 0x7F, 0xF8, 0xFF, 0xF1, 0xFF, 0xC3, 0xFF, 0x06, 0x18, 0x00,
    0xFF, 0xC0, 0x0F, 0xFC, 0x00, 0x7F, 0x80, 0x01, 0xE0, 0x00, 0x0C, 0x00, 0x00, 0x00, 0x00, 0x00,
    0x00, 0xFF, 0xF8, 0x0F, 0xFF, 0xE0, 0xFF, 0xFF, 0x0F, 0xFF, 0xF8, 0xFC, 0x7F, 0xCF, 0xC0, 0xFE,
    0xFC, 0x07, 0xEF, 0xC0, 0x7E, 0xFC, 0x03, 0xFF, 0xC0, 0x3F, 0xFC, 0x03, 0xFF, 0xC0, 0x3F, 0xFC,
    0x03, 0xEF, 0xC0, 0x7E, 0xFC, 0x07, 0xEF, 0xC0, 0xFE, 0xFC, 0x7F, 0xCF, 0xFF, 0xF8, 0xFF, 0xFF,
    0x0F, 0xFF, 0xE0, 0xFF, 0xF8, 0x00, 0x00, 0x1F, 0x7C, 0x00, 0x7D, 0xF0, 0x01, 0xF7, 0xC0, 0x07,
    0xDE, 0x00, 0x1F, 0x78, 0x00, 0x7D, 0xE0, 0x01, 0xF7, 0x80, 0x07, 0xDE, 0x0F, 0xFF, 0x00, 0x7F,
    0xFC, 0x03, 0xFF, 0xF0, 0x1F, 0xFF, 0xC0, 0x7F, 0x7F, 0x03, 0xF0, 0x7C, 0x0F, 0xC1, 0xF0, 0x3F,
    0x07, 0xC0, 0xFC, 0x1F, 0x03, 0xF0, 0x7C, 0x0F, 0xC1, 0xF0, 0x1F, 0xCF, 0xC0, 0x7F, 0xFF, 0x00,
    0xFF, 0xFC, 0x01, 0xFF, 0xF0, 0x01, 0xFF, 0x80, 0x1F, 0xFE, 0x00, 0xFF, 0xFE, 0x03, 0xFF, 0xFE,
    0x0F, 0xFF, 0xFC, 0x3F, 0x1F, 0xF0, 0xFC, 0x0F, 0xE3, 0xF0, 0x1F, 0x8F, 0xC0, 0x3F, 0xFF, 0xF0,
    0xFF, 0xFF, 0xC3, 0xFF, 0xFF, 0x0F, 0xFF, 0xFC, 0x3F, 0x3F, 0x00, 0xFC, 0xFC, 0x03, 0xF3, 0xF0,
    0x1F, 0x8F, 0xC0, 0xFE, 0x3F, 0x1F, 0xF0, 0xFF, 0xFF, 0xC3, 0xFF, 0xFE, 0x0F, 0xFF, 0xE0, 0x1F,
    0xFE, 0x00, 0x00, 0x1F, 0x00, 0x07, 0xC0, 0x01, 0xF0, 0x0F, 0xFF, 0x03, 0xFF, 0xC0, 0xFF, 0xF0,
    0x01, 0xF0, 0x00, 0x7C, 0x0F, 0xFF, 0x07, 0xFF, 0xC3, 0xFF, 0xF1, 0xFF, 0xFC, 0x7F, 0x7F, 0x3F,
    0x07, 0xCF, 0xC1, 0xF3, 0xF0, 0x7C, 0xFC, 0x1F, 0x3F, 0x07, 0xCF, 0xC1, 0xF1, 0xFC, 0xFC, 0x7F,
    0xFF, 0x0F, 0xFF, 0xC1, 0xFF, 0xF0, 0x1F, 0xF8, 0x3F, 0xF8, 0x3F, 0xF8, 0x3F, 0xF8, 0x00, 0x00,
    0x00, 0x00, 0x00, 0x00, 0xFF, 0xFE, 0xFF, 0xFE, 0xFF, 0xFE, 0xFF, 0xFE, 0xFC, 0x00, 0xFC, 0x00,
    0xFC, 0x00, 0xFC, 0x00, 0xFF, 0xFC, 0xFF, 0xFC, 0xFF, 0xFC, 0xFF, 0xFC, 0xFC, 0x00, 0xFC, 0x00,
    0xFC, 0x00, 0xFC, 0x00, 0xFC, 0x00, 0xFF, 0xFF, 0xFF, 0xFF, 0xFF, 0xFF, 0xFF, 0xFF, 0x1F, 0xF8,
    0x1F, 0xF8, 0x1F, 0xF8, 0x00, 0x00, 0x00, 0x00, 0x00, 0x00, 0x07, 0xF0, 0x1F, 0xFC, 0x3F, 0xFE,
    0x7F, 0xFE, 0x7E, 0x7F, 0xFC, 0x1F, 0xFF, 0xFF, 0xFF, 0xFF, 0xFF, 0xFF, 0xFC, 0x00, 0xFC, 0x00,
    0x7F, 0x9E, 0x7F, 0xFE, 0x3F, 0xFE, 0x1F, 0xFE, 0x07, 0xFC, 0x1E, 0x78, 0x1E, 0x78, 0x1F, 0xF8,
    0x0F, 0xF0, 0x07, 0xE0, 0x00, 0x00, 0x00, 0x00, 0x00, 0x00, 0xFF, 0xFE, 0xFF, 0xFE, 0xFF, 0xFE,
    0xFF, 0xFE, 0xFC, 0x00, 0xFC, 0x00, 0xFC, 0x00, 0xFC, 0x00, 0xFF, 0xFC, 0xFF, 0xFC, 0xFF, 0xFC,
    0xFF, 0xFC, 0xFC, 0x00, 0xFC, 0x00, 0xFC, 0x00, 0xFC, 0x00, 0xFC, 0x00, 0xFF, 0xFF, 0xFF, 0xFF,
    0xFF, 0xFF, 0xFF, 0xFF, 0x1E, 0x78, 0x1E, 0x78, 0x1F, 0xF8, 0x0F, 0xF0, 0x07, 0xE0, 0x00, 0x00,
    0x00, 0x00, 0x00, 0x00, 0x07, 0xF0, 0x1F, 0xFC, 0x3F, 0xFE, 0x7F, 0xFE, 0x7E, 0x7F, 0xFC, 0x1F,
    0xFF, 0xFF, 0xFF, 0xFF, 0xFF, 0xFF, 0xFC, 0x00, 0xFC, 0x00, 0x7F, 0x9E, 0x7F, 0xFE, 0x3F, 0xFE,
    0x1F, 0xFE, 0x07, 0xFC, 0x03, 0xC0, 0x07, 0xE0, 0x07, 0xE0, 0x07, 0xE0, 0x03, 0xC0, 0x00, 0x00,
    0x00, 0x00, 0x00, 0x00, 0xFF, 0xFE, 0xFF, 0xFE, 0xFF, 0xFE, 0xFF, 0xFE, 0xFC, 0x00, 0xFC, 0x00,
    0xFC, 0x00, 0xFC, 0x00, 0xFF, 0xFC, 0xFF, 0xFC, 0xFF, 0xFC, 0xFF, 0xFC, 0xFC, 0x00, 0xFC, 0x00,
    0xFC, 0x00, 0xFC, 0x00, 0xFC, 0x00, 0xFF, 0xFF, 0xFF, 0xFF, 0xFF, 0xFF, 0xFF, 0xFF, 0x03, 0xC0,
    0x07, 0xE0, 0x07, 0xE0, 0x07, 0xE0, 0x03, 0xC0, 0x00, 0x00, 0x00, 0x00, 0x00, 0x00, 0x07, 0xF0,
    0x1F, 0xFC, 0x3F, 0xFE, 0x7F, 0xFE, 0x7E, 0x7F, 0xFC, 0x1F, 0xFF, 0xFF, 0xFF, 0xFF, 0xFF, 0xFF,
    0xFC, 0x00, 0xFC, 0x00, 0x7F, 0x9E, 0x7F, 0xFE, 0x3F, 0xFE, 0x1F, 0xFE, 0x07, 0xFC, 0xFF, 0xFE,
    0x7F, 0xFF, 0x3F, 0xFF, 0x9F, 0xFF, 0xCF, 0xC0, 0x07, 0xE0, 0x03, 0xF0, 0x01, 0xF8, 0x00, 0xFF,
    0xFC, 0x7F, 0xFE, 0x3F, 0xFF, 0x1F, 0xFF, 0x8F, 0xC0, 0x07, 0xE0, 0x03, 0xF0, 0x01, 0xF8, 0x00,
    0xFC, 0x00, 0x7F, 0xFF, 0xBF, 0xFF, 0xDF, 0xFF, 0xEF, 0xFF, 0xF0, 0x00, 0xF8, 0x00, 0xF8, 0x00,
    0xF8, 0x00, 0x7D, 0x00, 0x3F, 0x80, 0x1F, 0xE0, 0x07, 0xF0, 0x07, 0xF0, 0x1F, 0xFC, 0x3F, 0xFE,
    0x7F, 0xFE, 0x7E, 0x7F, 0xFC, 0x1F, 0xFF, 0xFF, 0xFF, 0xFF, 0xFF, 0xFF, 0xFC, 0x00, 0xFC, 0x00,
    0x7F, 0x9E, 0x7F, 0xFE, 0x3F, 0xFE, 0x1F, 0xFE, 0x07, 0xFE, 0x00, 0x78, 0x00, 0xF0, 0x01, 0xF0,
    0x01, 0xFE, 0x00, 0xFE, 0x00, 0xFE, 0x0C, 0x70, 0x1F, 0xF8, 0x1F, 0xF8, 0x0F, 0xE0, 0x07, 0xC0,
    0x01, 0x80, 0x00, 0x00, 0x00, 0x00, 0xFF, 0xFE, 0xFF, 0xFE, 0xFF, 0xFE, 0xFF, 0xFE, 0xFC, 0x00,
    0xFC, 0x00, 0xFC, 0x00, 0xFC, 0x00, 0xFF, 0xFC, 0xFF, 0xFC, 0xFF, 0xFC, 0xFF, 0xFC, 0xFC, 0x00,
    0xFC, 0x00, 0xFC, 0x00, 0xFC, 0x00, 0xFC, 0x00, 0xFF, 0xFF, 0xFF, 0xFF, 0xFF, 0xFF, 0xFF, 0xFF,
    0x0E, 0x30, 0x1F, 0xF8, 0x0F, 0xF8, 0x07, 0xF0, 0x03, 0xE0, 0x01, 0x80, 0x00, 0x00, 0x00, 0x00,
    0x07, 0xF0, 0x1F, 0xFC, 0x3F, 0xFE, 0x7F, 0xFE, 0x7E, 0x7F, 0xFC, 0x1F, 0xFF, 0xFF, 0xFF, 0xFF,
    0xFF, 0xFF, 0xFC, 0x00, 0xFC, 0x00, 0x7F, 0x9E, 0x7F, 0xFE, 0x3F, 0xFE, 0x1F, 0xFE, 0x07, 0xFC,
    0x00, 0x30, 0x00, 0x0F, 0x80, 0x03, 0xF8, 0x01, 0xFF, 0x80, 0x3F, 0xF0, 0x03, 0x8C, 0x00, 0x00,
    0x00, 0x00, 0x00, 0x01, 0xFF, 0x80, 0xFF, 0xFC, 0x7F, 0xFF, 0x0F, 0xFF, 0xE3, 0xFC, 0x7C, 0xFE,
    0x00, 0x1F, 0x80, 0x03, 0xE0, 0x00, 0xFC, 0x00, 0x1F, 0x80, 0x03, 0xF0, 0x0F, 0xFE, 0x01, 0xFF,
    0xC0, 0x3E, 0xF8, 0x07, 0xDF, 0x80, 0xFB, 0xF8, 0x1F, 0x3F, 0xC7, 0xE7, 0xFF, 0xFC, 0x7F, 0xFF,
    0x87, 0xFF, 0xF0, 0x3F, 0xFC, 0x00, 0xC0, 0x03, 0xE0, 0x07, 0xF0, 0x0F, 0xFC, 0x0F, 0xFC, 0x06,
    0x38, 0x00, 0x00, 0x00, 0x00, 0x0F, 0xFE, 0x1F, 0xFF, 0x3F, 0xFF, 0x7F, 0xFF, 0x7F, 0x3F, 0xFC,
    0x3F, 0xFC, 0x3F, 0xFC, 0x3F, 0xFC, 0x3F, 0xFC, 0x3F, 0xFE, 0x7F, 0x7F, 0xFF, 0x7F, 0xFF, 0x3F,
    0xFF, 0x0F, 0xFF, 0x00, 0x3F, 0x00, 0x3E, 0x38, 0xFE, 0x7F, 0xFE, 0x7F, 0xFC, 0x7F, 0xF8, 0x3F,
    0xF0, 0x03, 0xCF, 0x00, 0x79, 0xE0, 0x0F, 0xFC, 0x00, 0xFF, 0x00, 0x0F, 0xC0, 0x00, 0x00, 0x00,
    0x00, 0x00, 0x00, 0x00, 0x01, 0xFF, 0x80, 0xFF, 0xFC, 0x7F, 0xFF, 0x0F, 0xFF, 0xE3, 0xFC, 0x7C,
    0xFE, 0x00, 0x1F, 0x80, 0x03, 0xE0, 0x00, 0xFC, 0x00, 0x1F, 0x80, 0x03, 0xF0, 0x0F, 0xFE, 0x01,
    0xFF, 0xC0, 0x3E, 0xF8, 0x07, 0xDF, 0x80, 0xFB, 0xF8, 0x1F, 0x3F, 0xC7, 0xE7, 0xFF, 0xFC, 0x7F,
    0xFF, 0x87, 0xFF, 0xF0, 0x3F, 0xFC, 0x1E, 0x3C, 0x0F, 0x7C, 0x0F, 0xFC, 0x07, 0xF8, 0x03, 0xF0,
    0x00, 0x00, 0x00, 0x00, 0x00, 0x00, 0x0F, 0xFE, 0x1F, 0xFF, 0x3F, 0xFF, 0x7F, 0xFF, 0x7F, 0x3F,
    0xFC, 0x3F, 0xFC, 0x3F, 0xFC, 0x3F, 0xFC, 0x3F, 0xFC, 0x3F, 0xFE, 0x7F, 0x7F, 0xFF, 0x7F, 0xFF,
    0x3F, 0xFF, 0x0F, 0xFF, 0x00, 0x3F, 0x00, 0x3E, 0x38, 0xFE, 0x7F, 0xFE, 0x7F, 0xFC, 0x7F, 0xF8,
    0x3F, 0xF0, 0x00, 0x78, 0x00, 0x0F, 0x80, 0x03, 0xF0, 0x00, 0x3E, 0x00, 0x07, 0x80, 0x00, 0x00,
    0x00, 0x00, 0x00, 0x00, 0x00, 0x01, 0xFF, 0x80, 0xFF, 0xFC, 0x7F, 0xFF, 0x0F, 0xFF, 0xE3, 0xFC,
    0x7C, 0xFE, 0x00, 0x1F, 0x80, 0x03, 0xE0, 0x00, 0xFC, 0x00, 0x1F, 0x80, 0x03, 0xF0, 0x0F, 0xFE,
    0x01, 0xFF, 0xC0, 0x3E, 0xF8, 0x07, 0xDF, 0x80, 0xFB, 0xF8, 0x1F, 0x3F, 0xC7, 0xE7, 0xFF, 0xFC,
    0x7F, 0xFF, 0x87, 0xFF, 0xF0, 0x3F, 0xFC, 0x03, 0xC0, 0x03, 0xE0, 0x03, 0xE0, 0x03, 0xE0, 0x03,
    0xC0, 0x00, 0x00, 0x00, 0x00, 0x00, 0x00, 0x0F, 0xFE, 0x1F, 0xFF, 0x3F, 0xFF, 0x7F, 0xFF, 0x7F,
    0x3F, 0xFC, 0x3F, 0xFC, 0x3F, 0xFC, 0x3F, 0xFC, 0x3F, 0xFC, 0x3F, 0xFE, 0x7F, 0x7F, 0xFF, 0x7F,
    0xFF, 0x3F, 0xFF, 0x0F, 0xFF, 0x00, 0x3F, 0x00, 0x3E, 0x38, 0xFE, 0x7F, 0xFE, 0x7F, 0xFC, 0x7F,
    0xF8, 0x3F, 0xF0, 0x01, 0xFF, 0x80, 0xFF, 0xFC, 0x7F, 0xFF, 0x0F, 0xFF, 0xE3, 0xFC, 0x7C, 0xFE,
    0x00, 0x1F, 0x80, 0x03, 0xE0, 0x00, 0xFC, 0x00, 0x1F, 0x80, 0x03, 0xF0, 0x0F, 0xFE, 0x01, 0xFF,
    0xC0, 0x3E, 0xF8, 0x07, 0xDF, 0x80, 0xFB, 0xF8, 0x1F, 0x3F, 0xC7, 0xE7, 0xFF, 0xFC, 0x7F, 0xFF,
    0x87, 0xFF, 0xF0, 0x3F, 0xFC, 0x00, 0x00, 0x00, 0x00, 0x00, 0x03, 0xE0, 0x00, 0x7C, 0x00, 0x3F,
    0x80, 0x07, 0xE0, 0x00, 0xF8, 0x00, 0x00, 0x70, 0x00, 0xF0, 0x01, 0xF0, 0x03, 0xE0, 0x03, 0xE0,
    0x03, 0xE0, 0x00, 0x00, 0x00, 0x00, 0x00, 0x00, 0x0F, 0xFE, 0x1F, 0xFF, 0x3F, 0xFF, 0x7F, 0xFF,
    0x7F, 0x3F, 0xFC, 0x3F, 0xFC, 0x3F, 0xFC, 0x3F, 0xFC, 0x3F, 0xFC, 0x3F, 0xFE, 0x7F, 0x7F, 0xFF,
    0x7F, 0xFF, 0x3F, 0xFF, 0x0F, 0xFF, 0x00, 0x3F, 0x00, 0x3E, 0x38, 0xFE, 0x7F, 0xFE, 0x7F, 0xFC,
    0x7F, 0xF8, 0x3F, 0xF0, 0x00, 0xE0, 0x00, 0x3E, 0x00, 0x0F, 0xE0, 0x03, 0xFE, 0x00, 0xFF, 0xC0,
    0x0E, 0x30, 0x00, 0x00, 0x00, 0x00, 0x00, 0xFC, 0x07, 0xFF, 0x80, 0xFF, 0xF0, 0x1F, 0xFE, 0x03,
    0xFF, 0xC0, 0x7F, 0xF8, 0x0F, 0xFF, 0x01, 0xFF, 0xE0, 0x3F, 0xFF, 0xFF, 0xFF, 0xFF, 0xFF, 0xFF,
    0xFF, 0xFF, 0xFF, 0xFF, 0xC0, 0x7F, 0xF8, 0x0F, 0xFF, 0x01, 0xFF, 0xE0, 0x3F, 0xFC, 0x07, 0xFF,
    0x80, 0xFF, 0xF0, 0x1F, 0xFE, 0x03, 0xFF, 0xC0, 0x7E, 0x1C, 0x00, 0x7C, 0x03, 0xFE, 0x07, 0xFC,
    0x06, 0x38, 0x00, 0x00, 0x3E, 0x00, 0x7C, 0x00, 0xF8, 0x01, 0xF0, 0x03, 0xE0, 0x07, 0xC0, 0x0F,
    0x80, 0x1F, 0x00, 0x3F, 0xF8, 0x7F, 0xFC, 0xFF, 0xFD, 0xFF, 0xFB, 0xF3, 0xF7, 0xC3, 0xFF, 0x87,
    0xFF, 0x0F, 0xFE, 0x1F, 0xFC, 0x3F, 0xF8, 0x7F, 0xF0, 0xFF, 0xE1, 0xFF, 0xC3, 0xFF, 0x87, 0xFF,
    0x0F, 0xC0, 0x3F, 0x01, 0xF8, 0x3F, 0x01, 0xF8, 0xFF, 0xFF, 0xFF, 0xFF, 0xFF, 0xFF, 0xFF, 0xFF,
    0xFF, 0x3F, 0x01, 0xF8, 0x3F, 0x01, 0xF8, 0x3F, 0x01, 0xF8, 0x3F, 0xFF, 0xF8, 0x3F, 0xFF, 0xF8,
    0x3F, 0xFF, 0xF8, 0x3F, 0xFF, 0xF8, 0x3F, 0x01, 0xF8, 0x3F, 0x01, 0xF8, 0x3F, 0x01, 0xF8, 0x3F,
    0x01, 0xF8, 0x3F, 0x01, 0xF8, 0x3F, 0x01, 0xF8, 0x3F, 0x01, 0xF8, 0x3F, 0x01, 0xF8, 0x3F, 0x01,
    0xF8, 0x3E, 0x00, 0x1F, 0x00, 0x0F, 0x80, 0x1F, 0xFE, 0x0F, 0xFF, 0x07, 0xFF, 0x80, 0xF8, 0x00,
    0x7C, 0x00, 0x3F, 0xFC, 0x1F, 0xFF, 0x0F, 0xFF, 0xC7, 0xFF, 0xE3, 0xF3, 0xF9, 0xF0, 0xFC, 0xF8,
    0x7E, 0x7C, 0x1F, 0x3E, 0x0F, 0x9F, 0x07, 0xCF, 0x83, 0xE7, 0xC1, 0xF3, 0xE0, 0xF9, 0xF0, 0x7C,
    0xF8, 0x3E, 0x7C, 0x1F, 0x7E, 0xEF, 0xFF, 0xFF, 0xE7, 0x7C, 0x00, 0x00, 0x00, 0x00, 0x01, 0xF8,
    0x1F, 0x81, 0xF8, 0x1F, 0x81, 0xF8, 0x1F, 0x81, 0xF8, 0x1F, 0x81, 0xF8, 0x1F, 0x81, 0xF8, 0x1F,
    0x81, 0xF8, 0x1F, 0x81, 0xF8, 0x1F, 0x81, 0xF8, 0x1F, 0x81, 0xF8, 0x1F, 0x81, 0xF8, 0x3F, 0x63,
    0xFF, 0x9F, 0xFC, 0x6F, 0xC0, 0x00, 0x00, 0x00, 0x00, 0x01, 0xF0, 0x0F, 0x80, 0x7C, 0x03, 0xE0,
    0x1F, 0x00, 0xF8, 0x07, 0xC0, 0x3E, 0x01, 0xF0, 0x0F, 0x80, 0x7C, 0x03, 0xE0, 0x1F, 0x00, 0xF8,
    0x07, 0xC0, 0x3E, 0x00, 0x7F, 0xEF, 0xFD, 0xFF, 0x80, 0x00, 0x00, 0x00, 0x07, 0xE0, 0xFC, 0x1F,
    0x83, 0xF0, 0x7E, 0x0F, 0xC1, 0xF8, 0x3F, 0x07, 0xE0, 0xFC, 0x1F, 0x83, 0xF0, 0x7E, 0x0F, 0xC1,
    0xF8, 0x3F, 0x07, 0xE0, 0xFC, 0x1F, 0x83, 0xF0, 0x7E, 0x00, 0xFF, 0xFF, 0xFF, 0xFF, 0x80, 0x00,
    0x00, 0x00, 0x07, 0xC0, 0xF8, 0x1F, 0x03, 0xE0, 0x7C, 0x0F, 0x81, 0xF0, 0x3E, 0x07, 0xC0, 0xF8,
    0x1F, 0x03, 0xE0, 0x7C, 0x0F, 0x81, 0xF0, 0x3E, 0x00, 0xF1, 0xFF, 0x7F, 0xFF, 0x3F, 0xE3, 0xF0,
    0x00, 0x00, 0x00, 0x00, 0x3F, 0x07, 0xE0, 0xFC, 0x1F, 0x83, 0xF0, 0x7E, 0x0F, 0xC1, 0xF8, 0x3F,
    0x07, 0xE0, 0xFC, 0x1F, 0x83, 0xF0, 0x7E, 0x0F, 0xC1, 0xF8, 0x3F, 0x07, 0xE0, 0xFC, 0x1F, 0x83,
    0xF0, 0xF1, 0xFF, 0x7D, 0xFF, 0x3F, 0xE3, 0xF8, 0x00, 0x00, 0x00, 0x00, 0x1F, 0x03, 0xE0, 0x7C,
    0x0F, 0x81, 0xF0, 0x3E, 0x07, 0xC0, 0xF8, 0x1F, 0x03, 0xE0, 0x7C, 0x0F, 0x81, 0xF0, 0x3E, 0x07,
    0xC0, 0xF8, 0x3F, 0x3F, 0x3F, 0x3F, 0x3F, 0x3F, 0x3F, 0x3F, 0x3F, 0x3F, 0x3F, 0x3F, 0x3F, 0x3F,
    0x3F, 0x3F, 0x3F, 0x3F, 0x3F, 0x3F, 0x3F, 0x1E, 0x3C, 0x7C, 0x7C, 0x7F, 0x7F, 0x3F, 0x3E, 0x3E,
    0x7F, 0x3E, 0x3E, 0x00, 0x00, 0x00, 0x3E, 0x3E, 0x3E, 0x3E, 0x3E, 0x3E, 0x3E, 0x3E, 0x3E, 0x3E,
    0x3E, 0x3E, 0x3E, 0x3E, 0x3E, 0x3E, 0x3E, 0x7C, 0x78, 0xFA, 0xFF, 0xFF, 0x7F, 0x7B, 0xEF, 0xFE,
    0x78, 0x00, 0x00, 0xFF, 0xFF, 0xFF, 0xFF, 0xFF, 0xFF, 0xFF, 0xFF, 0xFF, 0xFF, 0xFF, 0xFF, 0xFF,
    0xFF, 0xFF, 0xFC, 0xFF, 0xFF, 0xFF, 0xFF, 0xFF, 0xFF, 0xFF, 0xFF, 0xFF, 0xFF, 0xFC, 0x00, 0x7F,
    0xF0, 0x01, 0xFF, 0xC0, 0x07, 0xFF, 0x00, 0x1F, 0xFC, 0x00, 0x7F, 0xF0, 0x01, 0xFF, 0xC0, 0x07,
    0xFF, 0x00, 0x1F, 0xFC, 0x00, 0x7F, 0xF0, 0x01, 0xFF, 0xC0, 0x07, 0xFF, 0x00, 0x1F, 0xFC, 0x00,
    0x7F, 0xF0, 0x01, 0xFF, 0xC0, 0x07, 0xFF, 0x00, 0x3F, 0xFC, 0x79, 0xFF, 0xF3, 0xFF, 0xFF, 0xCF,
    0xFF, 0xBF, 0x3F, 0xFC, 0xFC, 0x3F, 0xE0, 0x7C, 0x3E, 0x7C, 0x7E, 0xFE, 0x7E, 0x7C, 0x7E, 0x7C,
    0x3E, 0x00, 0x00, 0x00, 0x00, 0x00, 0x00, 0x7C, 0x3E, 0x7C, 0x3E, 0x7C, 0x3E, 0x7C, 0x3E, 0x7C,
    0x3E, 0x7C, 0x3E, 0x7C, 0x3E, 0x7C, 0x3E, 0x7C, 0x3E, 0x7C, 0x3E, 0x7C, 0x3E, 0x7C, 0x3E, 0x7C,
    0x3E, 0x7C, 0x3E, 0x7C, 0x3E, 0x7C, 0x3E, 0x00, 0x3E, 0x02, 0x7E, 0x03, 0xFE, 0x03, 0xFC, 0x07,
    0xFC, 0x07, 0xF0, 0x00, 0x18, 0x00, 0x3E, 0x00, 0x3F, 0x80, 0x3F, 0xE0, 0x1F, 0xF8, 0x06, 0x38,
    0x00, 0x00, 0x00, 0x00, 0x00, 0x7E, 0x00, 0x3F, 0x00, 0x1F, 0x80, 0x0F, 0xC0, 0x07, 0xE0, 0x03,
    0xF0, 0x01, 0xF8, 0x00, 0xFC, 0x00, 0x7E, 0x00, 0x3F, 0x00, 0x1F, 0x80, 0x0F, 0xC0, 0x07, 0xE0,
    0x03, 0xF0, 0x01, 0xF8, 0x00, 0xF8, 0x79, 0xFC, 0x3F, 0xFE, 0x3F, 0xFE, 0x1F, 0xFE, 0x03, 0xFE,
    0x00, 0x03, 0x80, 0x3E, 0x03, 0xF8, 0x3F, 0xE1, 0xFF, 0x0E, 0x30, 0x00, 0x00, 0x00, 0x07, 0xC0,
    0x3E, 0x01, 0xF0, 0x0F, 0x80, 0x7C, 0x03, 0xE0, 0x1F, 0x00, 0xF8, 0x07, 0xC0, 0x3E, 0x01, 0xF0,
    0x0F, 0x80, 0x7C, 0x03, 0xE0, 0x1F, 0x00, 0xF8, 0x07, 0xC2, 0x7E, 0x1F, 0xF0, 0xFF, 0x07, 0xF8,
    0x3F, 0x00, 0xFC, 0x0F, 0xDF, 0x83, 0xF3, 0xF0, 0xFC, 0x7E, 0x3F, 0x8F, 0xCF, 0xE1, 0xFB, 0xF8,
    0x3F, 0xFE, 0x07, 0xFF, 0x80, 0xFF, 0xE0, 0x1F, 0xF8, 0x03, 0xFF, 0x80, 0x7F, 0xF8, 0x0F, 0xFF,
    0x81, 0xFF, 0xF8, 0x3F, 0x7F, 0x07, 0xE7, 0xF0, 0xFC, 0x7F, 0x1F, 0x87, 0xF3, 0xF0, 0x7F, 0x7E,
    0x07, 0xEF, 0xC0, 0xFE, 0x00, 0x00, 0x00, 0x00, 0x00, 0x0F, 0x80, 0x03, 0xF0, 0x00, 0xFC, 0x00,
    0x1F, 0x80, 0x03, 0xE0, 0x00, 0xF8, 0x00, 0xF8, 0x00, 0xF8, 0x00, 0xF8, 0x00, 0xF8, 0x00, 0xF8,
    0x00, 0xF8, 0x00, 0xF8, 0x00, 0xF8, 0x7E, 0xF8, 0xFE, 0xF9, 0xFC, 0xFB, 0xF8, 0xFB, 0xF0, 0xFF,
    0xE0, 0xFF, 0xC0, 0xFF, 0x80, 0xFF, 0xC0, 0xFF, 0xE0, 0xFF, 0xF0, 0xFB, 0xF8, 0xF9, 0xFC, 0xF8,
    0xFC, 0xF8, 0x7E, 0xF8, 0x3F, 0x00, 0x00, 0x00, 0x00, 0x07, 0xC0, 0x07, 0xC0, 0x1F, 0xC0, 0x1F,
    0x80, 0x1F, 0x00, 0xF8, 0x7E, 0xF8, 0xFE, 0xF9, 0xFC, 0xFB, 0xF8, 0xFF, 0xF0, 0xFF, 0xE0, 0xFF,
    0xC0, 0xFF, 0x80, 0xFF, 0xC0, 0xFF, 0xE0, 0xFF, 0xF0, 0xFB, 0xF8, 0xF9, 0xFC, 0xF8, 0xFC, 0xF8,
    0x7E, 0xF8, 0x3F, 0x0C, 0x00, 0x3C, 0x00, 0xFC, 0x03, 0xF0, 0x0F, 0xC0, 0x1F, 0x00, 0x1C, 0x00,
    0x00, 0x00, 0x00, 0x01, 0xF8, 0x03, 0xF0, 0x07, 0xE0, 0x0F, 0xC0, 0x1F, 0x80, 0x3F, 0x00, 0x7E,
    0x00, 0xFC, 0x01, 0xF8, 0x03, 0xF0, 0x07, 0xE0, 0x0F, 0xC0, 0x1F, 0x80, 0x3F, 0x00, 0x7E, 0x00,
    0xFC, 0x01, 0xF8, 0x03, 0xFF, 0xFF, 0xFF, 0xFF, 0xFF, 0xFF, 0xFF, 0xC0, 0x07, 0x0F, 0x9F, 0xDF,
    0xE7, 0x00, 0x01, 0xF0, 0xF8, 0x7C, 0x3E, 0x1F, 0x0F, 0x87, 0xC3, 0xE1, 0xF0, 0xF8, 0x7C, 0x3E,
    0x1F, 0x0F, 0x87, 0xC3, 0xE1, 0xF0, 0xF8, 0x7C, 0x3F, 0x9F, 0xEF, 0xE3, 0xF0, 0xF8, 0xFC, 0x01,
    0xF8, 0x03, 0xF0, 0x07, 0xE0, 0x0F, 0xC0, 0x1F, 0x80, 0x3F, 0x00, 0x7E, 0x00, 0xFC, 0x01, 0xF8,
    0x03, 0xF0, 0x07, 0xE0, 0x0F, 0xC0, 0x1F, 0x80, 0x3F, 0x00, 0x7E, 0x00, 0xFC, 0x01, 0xFF, 0xFF,
    0xFF, 0xFF, 0xFF, 0xFF, 0xFF, 0xE0, 0x00, 0x00, 0x00, 0x01, 0xF0, 0x07, 0xE0, 0x1F, 0x80, 0x3F,
    0x00, 0x7C, 0x00, 0x7C, 0x3E, 0x1F, 0x0F, 0x87, 0xC3, 0xE1, 0xF0, 0xF8, 0x7C, 0x3E, 0x1F, 0x0F,
    0x87, 0xC3, 0xE1, 0xF0, 0xF8, 0x7C, 0x3E, 0x1F, 0x0F, 0xE7, 0xFB, 0xF8, 0xFC, 0x3E, 0x00, 0x00,
    0x0F, 0x87, 0xCF, 0xE7, 0xE3, 0xE0, 0xFC, 0xF9, 0xF9, 0xE3, 0xF3, 0xC7, 0xE7, 0x8F, 0xCF, 0x1F,
    0x9E, 0x3F, 0x3C, 0x7E, 0x78, 0xFC, 0x01, 0xF8, 0x03, 0xF0, 0x07, 0xE0, 0x0F, 0xC0, 0x1F, 0x80,
    0x3F, 0x00, 0x7E, 0x00, 0xFC, 0x01, 0xFF, 0xFF, 0xFF, 0xFF, 0xFF, 0xFF, 0xFF, 0xE0, 0xF9, 0xFF,
    0x3F, 0xE7, 0xFC, 0xFF, 0x9F, 0xF3, 0xBE, 0x77, 0xCE, 0xF8, 0x1F, 0x03, 0xE0, 0x7C, 0x0F, 0x81,
    0xF0, 0x3E, 0x07, 0xC0, 0xF8, 0x1F, 0x03, 0xE0, 0x7F, 0x0F, 0xF1, 0xFC, 0x1F, 0x81, 0xF0, 0xFC,
    0x01, 0xF8, 0x03, 0xF0, 0x07, 0xE0, 0x0F, 0xC0, 0x1F, 0x8F, 0xBF, 0x1F, 0x7E, 0x7F, 0xFC, 0xFF,
    0xF8, 0xFB, 0xF1, 0xF7, 0xE0, 0x0F, 0xC0, 0x1F, 0x80, 0x3F, 0x00, 0x7E, 0x00, 0xFC, 0x01, 0xFF,
    0xFF, 0xFF, 0xFF, 0xFF, 0xFF, 0xFF, 0xE0, 0xF8, 0x03, 0xE0, 0x0F, 0x80, 0x3E, 0x00, 0xF8, 0x03,
    0xE0, 0x0F, 0x80, 0x3E, 0x00, 0xF8, 0xFB, 0xE7, 0xEF, 0x9F, 0xFE, 0x7F, 0xF9, 0xFB, 0xE3, 0xEF,
    0x80, 0x3E, 0x00, 0xF8, 0x03, 0xE0, 0x0F, 0x80, 0x3F, 0x80, 0xFF, 0x03, 0xF8, 0x07, 0xE0, 0x0F,
    0x80, 0x1F, 0x80, 0x07, 0xE0, 0x01, 0xF8, 0x00, 0x7E, 0x00, 0x1F, 0x80, 0x07, 0xE6, 0x01, 0xFF,
    0x80, 0x7F, 0xF0, 0x1F, 0xFC, 0x07, 0xFC, 0x07, 0xFC, 0x03, 0xFE, 0x00, 0xFF, 0x80, 0x1F, 0xE0,
    0x01, 0xF8, 0x00, 0x7E, 0x00, 0x1F, 0x80, 0x07, 0xFF, 0xF1, 0xFF, 0xFC, 0x7F, 0xFF, 0x1F, 0xFF,
    0xC0, 0x0F, 0x80, 0x7C, 0x03, 0xE0, 0x1F, 0x00, 0xF8, 0x07, 0xC0, 0x3E, 0x81, 0xFE, 0x0F, 0xF0,
    0x7F, 0x8F, 0xF8, 0xFF, 0x07, 0xF8, 0x3F, 0xC0, 0xBE, 0x01, 0xF0, 0x0F, 0x80, 0x7C, 0x03, 0xE0,
    0x1F, 0x80, 0xFE, 0x07, 0xF0, 0x1F, 0x80, 0x7C, 0x00, 0x30, 0x00, 0x0F, 0x00, 0x03, 0xF0, 0x00,
    0xFE, 0x00, 0x3F, 0x00, 0x07, 0xC0, 0x00, 0x70, 0x00, 0x00, 0x00, 0x00, 0x00, 0x1F, 0x00, 0x7F,
    0xF0, 0x0F, 0xFF, 0x01, 0xFF, 0xF0, 0x3F, 0xFF, 0x07, 0xFF, 0xF0, 0xFF, 0xFE, 0x1F, 0xFF, 0xE3,
    0xFF, 0xFE, 0x7F, 0xF7, 0xEF, 0xFE, 0xFD, 0xFF, 0xCF, 0xFF, 0xF8, 0xFF, 0xFF, 0x0F, 0xFF, 0xE1,
    0xFF, 0xFC, 0x1F, 0xFF, 0x81, 0xFF, 0xF0, 0x3F, 0xFE, 0x03, 0xFF, 0xC0, 0x3F, 0xF8, 0x07, 0xC0,
    0x01, 0x80, 0x07, 0x80, 0x1F, 0x80, 0x7F, 0x00, 0xF8, 0x01, 0xE0, 0x01, 0x80, 0x00, 0x00, 0x00,
    0x01, 0xFF, 0xC3, 0xFF, 0xE7, 0xFF, 0xEF, 0xFF, 0xDF, 0x1F, 0xBE, 0x1F, 0xFC, 0x3F, 0xF8, 0x7F,
    0xF0, 0xFF, 0xE1, 0xFF, 0xC3, 0xFF, 0x87, 0xFF, 0x0F, 0xFE, 0x1F, 0xFC, 0x3F, 0xF8, 0x7E, 0xF8,
    0x03, 0xFF, 0x80, 0x7F, 0xF8, 0x0F, 0xFF, 0x81, 0xFF, 0xF8, 0x3F, 0xFF, 0x87, 0xFF, 0xF0, 0xFF,
    0xFF, 0x1F, 0xFF, 0xF3, 0xFF, 0xBF, 0x7F, 0xF7, 0xEF, 0xFE, 0x7F, 0xFF, 0xC7, 0xFF, 0xF8, 0x7F,
    0xFF, 0x0F, 0xFF, 0xE0, 0xFF, 0xFC, 0x0F, 0xFF, 0x81, 0xFF, 0xF0, 0x1F, 0xFE, 0x01, 0xFF, 0xC0,
    0x3E, 0x00, 0x00, 0x00, 0x00, 0x00, 0x07, 0x80, 0x01, 0xF0, 0x00, 0x7E, 0x00, 0x0F, 0xC0, 0x01,
    0xF0, 0x00, 0xFF, 0xE1, 0xFF, 0xF3, 0xFF, 0xF7, 0xFF, 0xEF, 0x8F, 0xDF, 0x0F, 0xFE, 0x1F, 0xFC,
    0x3F, 0xF8, 0x7F, 0xF0, 0xFF, 0xE1, 0xFF, 0xC3, 0xFF, 0x87, 0xFF, 0x0F, 0xFE, 0x1F, 0xFC, 0x3F,
    0x00, 0x00, 0x00, 0x00, 0x1F, 0x00, 0x7E, 0x01, 0xF8, 0x03, 0xF0, 0x07, 0xC0, 0x00, 0x07, 0x18,
    0x01, 0xFF, 0x80, 0x1F, 0xF0, 0x01, 0xFC, 0x00, 0x1F, 0x00, 0x01, 0x80, 0x00, 0x00, 0x00, 0x00,
    0x00, 0xF8, 0x03, 0xFF, 0x80, 0x7F, 0xF8, 0x0F, 0xFF, 0x81, 0xFF, 0xF8, 0x3F, 0xFF, 0x87, 0xFF,
    0xF0, 0xFF, 0xFF, 0x1F, 0xFF, 0xF3, 0xFF, 0xBF, 0x7F, 0xF7, 0xEF, 0xFE, 0x7F, 0xFF, 0xC7, 0xFF,
    0xF8, 0x7F, 0xFF, 0x0F, 0xFF, 0xE0, 0xFF, 0xFC, 0x0F, 0xFF, 0x81, 0xFF, 0xF0, 0x1F, 0xFE, 0x01,
    0xFF, 0xC0, 0x3E, 0x18, 0x60, 0x7F, 0xE0, 0xFF, 0xC0, 0x7F, 0x00, 0x78, 0x00, 0x60, 0x00, 0x00,
    0x00, 0x00, 0xFF, 0xE1, 0xFF, 0xF3, 0xFF, 0xF7, 0xFF, 0xEF, 0x8F, 0xDF, 0x0F, 0xFE, 0x1F, 0xFC,
    0x3F, 0xF8, 0x7F, 0xF0, 0xFF, 0xE1, 0xFF, 0xC3, 0xFF, 0x87, 0xFF, 0x0F, 0xFE, 0x1F, 0xFC, 0x3F,
    0x7C, 0x00, 0x0F, 0x80, 0x01, 0xF0, 0x00, 0x3C, 0x00, 0x07, 0x80, 0x01, 0xF0, 0x00, 0x3C, 0x00,
    0x00, 0x00, 0x00, 0x0F, 0xFE, 0x01, 0xFF, 0xF0, 0x3F, 0xFE, 0x07, 0xFF, 0xE0, 0xF8, 0xFC, 0x1F,
    0x0F, 0x83, 0xE1, 0xF8, 0x7C, 0x3F, 0x0F, 0x87, 0xE1, 0xF0, 0xFC, 0x3E, 0x1F, 0x87, 0xC3, 0xF0,
    0xF8, 0x7E, 0x1F, 0x0F, 0xC3, 0xE1, 0xF8, 0x7C, 0x3F, 0xF8, 0x03, 0xFF, 0x80, 0x7F, 0xF8, 0x0F,
    0xFF, 0x81, 0xFF, 0xF8, 0x3F, 0xFF, 0x87, 0xFF, 0xF0, 0xFF, 0xFF, 0x1F, 0xFF, 0xF3, 0xFF, 0xBF,
    0x7F, 0xF7, 0xEF, 0xFE, 0x7F, 0xFF, 0xC7, 0xFF, 0xF8, 0x7F, 0xFF, 0x0F, 0xFF, 0xE0, 0xFF, 0xFC,
    0x0F, 0xFF, 0x81, 0xFF, 0xF0, 0x1F, 0xFE, 0x01, 0xFF, 0xC0, 0x3E, 0x00, 0x07, 0xC0, 0x01, 0xF8,
    0x01, 0xFF, 0x00, 0x3F, 0xE0, 0x07, 0xF8, 0x00, 0xFE, 0x00, 0xFF, 0xE1, 0xFF, 0xF3, 0xFF, 0xE7,
    0xFF, 0xEF, 0x8F, 0xDF, 0x0F, 0xBE, 0x1F, 0xFC, 0x3F, 0xF8, 0x7F, 0xF0, 0xFF, 0xE1, 0xFF, 0xC3,
    0xFF, 0x87, 0xFF, 0x0F, 0xFE, 0x1F, 0xFC, 0x3F, 0x00, 0x7E, 0x00, 0xFC, 0x03, 0xF0, 0x1F, 0xE0,
    0x3F, 0x80, 0x7E, 0x00, 0x03, 0xFF, 0x80, 0x0F, 0xFE, 0x00, 0x3F, 0xF8, 0x00, 0x00, 0x00, 0x00,
    0x00, 0x00, 0x00, 0x00, 0x00, 0x1F, 0xF0, 0x01, 0xFF, 0xF0, 0x1F, 0xFF, 0xE0, 0x7F, 0xFF, 0xC3,
    0xFC, 0xFF, 0x9F, 0xC0, 0x7E, 0x7E, 0x00, 0xFD, 0xF0, 0x03, 0xFF, 0xC0, 0x0F, 0xFF, 0x00, 0x1F,
    0xFC, 0x00, 0x7F, 0xF0, 0x01, 0xFF, 0xC0, 0x0F, 0xDF, 0x00, 0x3F, 0x7E, 0x00, 0xFD, 0xFC, 0x07,
    0xE3, 0xFC, 0xFF, 0x8F, 0xFF, 0xFC, 0x1F, 0xFF, 0xE0, 0x1F, 0xFF, 0x00, 0x1F, 0xF0, 0x00, 0x1F,
    0xFC, 0x0F, 0xFE, 0x07, 0xFF, 0x00, 0x00, 0x00, 0x00, 0x00, 0x00, 0x00, 0x1F, 0xC0, 0x3F, 0xF8,
    0x3F, 0xFE, 0x3F, 0xFF, 0x9F, 0xDF, 0xDF, 0x83, 0xEF, 0xC1, 0xFF, 0xE0, 0xFF, 0xF0, 0x7F, 0xF8,
    0x3F, 0xFC, 0x1F, 0x3F, 0xBF, 0x9F, 0xFF, 0xC7, 0xFF, 0xC1, 0xFF, 0xC0, 0x3F, 0x80, 0x03, 0xC7,
    0x80, 0x0F, 0xBC, 0x00, 0x3F, 0xF0, 0x00, 0x7F, 0x80, 0x00, 0xFC, 0x00, 0x00, 0x00, 0x00, 0x00,
    0x00, 0x00, 0x00, 0x00, 0x01, 0xFF, 0x00, 0x1F, 0xFF, 0x01, 0xFF, 0xFE, 0x07, 0xFF, 0xFC, 0x3F,
    0xCF, 0xF9, 0xFC, 0x07, 0xE7, 0xE0, 0x0F, 0xDF, 0x00, 0x3F, 0xFC, 0x00, 0xFF, 0xF0, 0x01, 0xFF,
    0xC0, 0x07, 0xFF, 0x00, 0x1F, 0xFC, 0x00, 0xFD, 0xF0, 0x03, 0xF7, 0xE0, 0x0F, 0xDF, 0xC0, 0x7E,
    0x3F, 0xCF, 0xF8, 0xFF, 0xFF, 0xC1, 0xFF, 0xFE, 0x01, 0xFF, 0xF0, 0x01, 0xFF, 0x00, 0x1E, 0x3C,
    0x0F, 0xBE, 0x07, 0xFE, 0x01, 0xFF, 0x00, 0x7E, 0x00, 0x00, 0x00, 0x00, 0x00, 0x00, 0x00, 0x07,
    0xF0, 0x0F, 0xFE, 0x0F, 0xFF, 0x8F, 0xFF, 0xE7, 0xF7, 0xF7, 0xE0, 0xFB, 0xF0, 0x7F, 0xF8, 0x3F,
    0xFC, 0x1F, 0xFE, 0x0F, 0xFF, 0x07, 0xCF, 0xEF, 0xE7, 0xFF, 0xF1, 0xFF, 0xF0, 0x7F, 0xF0, 0x0F,
    0xE0, 0x00, 0x61, 0x80, 0x03, 0xE7, 0x80, 0x0F, 0xBE, 0x00, 0x7D, 0xF0, 0x03, 0xEF, 0x80, 0x0F,
    0x3C, 0x00, 0x18, 0x60, 0x00, 0x00, 0x00, 0x00, 0x00, 0x00, 0x07, 0xFC, 0x00, 0x7F, 0xFC, 0x07,
    0xFF, 0xF8, 0x1F, 0xFF, 0xF0, 0xFF, 0x3F, 0xE7, 0xF0, 0x1F, 0x9F, 0x80, 0x3F, 0x7C, 0x00, 0xFF,
    0xF0, 0x03, 0xFF, 0xC0, 0x07, 0xFF, 0x00, 0x1F, 0xFC, 0x00, 0x7F, 0xF0, 0x03, 0xF7, 0xC0, 0x0F,
    0xDF, 0x80, 0x3F, 0x7F, 0x01, 0xF8, 0xFF, 0x3F, 0xE3, 0xFF, 0xFF, 0x07, 0xFF, 0xF8, 0x07, 0xFF,
    0xC0, 0x07, 0xFC, 0x00, 0x03, 0x0C, 0x03, 0xC7, 0x81, 0xF7, 0xC1, 0xF7, 0xC1, 0xF7, 0xC0, 0xF3,
    0xC0, 0x30, 0xC0, 0x00, 0x00, 0x00, 0x00, 0x03, 0xF8, 0x07, 0xFF, 0x07, 0xFF, 0xC7, 0xFF, 0xF3,
    0xFB, 0xFB, 0xF0, 0x7D, 0xF8, 0x3F, 0xFC, 0x1F, 0xFE, 0x0F, 0xFF, 0x07, 0xFF, 0x83, 0xE7, 0xF7,
    0xF3, 0xFF, 0xF8, 0xFF, 0xF8, 0x3F, 0xF8, 0x07, 0xF0, 0x00, 0x01, 0xFF, 0xFF, 0xF0, 0x3F, 0xFF,
    0xFF, 0x87, 0xFF, 0xFF, 0xFC, 0x7F, 0xFF, 0xFF, 0xE3, 0xFE, 0x3E, 0x00, 0x3F, 0x81, 0xF0, 0x01,
    0xF8, 0x0F, 0x80, 0x0F, 0x80, 0x7C, 0x00, 0xFC, 0x03, 0xFF, 0xE7, 0xE0, 0x1F, 0xFF, 0x3F, 0x00,
    0xFF, 0xF9, 0xF8, 0x07, 0xFF, 0xCF, 0xC0, 0x3E, 0x00, 0x3E, 0x01, 0xF0, 0x01, 0xF8, 0x0F, 0x80,
    0x0F, 0xE0, 0x7C, 0x00, 0x3F, 0xE3, 0xE0, 0x01, 0xFF, 0xFF, 0xFF, 0xC7, 0xFF, 0xFF, 0xFE, 0x0F,
    0xFF, 0xFF, 0xF0, 0x1F, 0xFF, 0xFF, 0x80, 0x0F, 0xF0, 0xFE, 0x03, 0xFF, 0x3F, 0xF0, 0xFF, 0xFF,
    0xFF, 0x3F, 0xFF, 0xFF, 0xE7, 0xF7, 0xFC, 0x7F, 0xF8, 0x3F, 0x07, 0xFF, 0x07, 0xFF, 0xFF, 0xE0,
    0xFF, 0xFF, 0xFC, 0x1F, 0xFF, 0xFF, 0x83, 0xF0, 0x03, 0xF0, 0x7E, 0x00, 0x3F, 0xBF, 0xF1, 0xC7,
    0xFF, 0xFF, 0xFC, 0x7F, 0xFF, 0xFF, 0x87, 0xFE, 0xFF, 0xF0, 0x7F, 0x87, 0xFC, 0x00, 0xC0, 0x00,
    0x3C, 0x00, 0x0F, 0xC0, 0x01, 0xF8, 0x00, 0x7E, 0x00, 0x0F, 0x00, 0x00, 0xC0, 0x00, 0x00, 0x00,
    0x00, 0x00, 0x1F, 0xFE, 0x03, 0xFF, 0xF0, 0x7F, 0xFF, 0x8F, 0xFF, 0xF1, 0xF8, 0xFF, 0x3F, 0x07,
    0xE7, 0xE0, 0xFC, 0xFC, 0x1F, 0x9F, 0x83, 0xF3, 0xF1, 0xFE, 0x7F, 0xFF, 0x8F, 0xFF, 0xF1, 0xFF,
    0xF8, 0x3F, 0xFF, 0x07, 0xE7, 0xE0, 0xFC, 0xFE, 0x1F, 0x8F, 0xE3, 0xF0, 0xFC, 0x7E, 0x0F, 0xCF,
    0xC1, 0xFD, 0xF8, 0x1F, 0x80, 0x02, 0x00, 0xE0, 0x3E, 0x0F, 0xC3, 0xF0, 0x7C, 0x06, 0x00, 0x00,
    0x00, 0x0F, 0xFF, 0xFF, 0xFF, 0xFF, 0xFF, 0xF1, 0xBE, 0x07, 0xC0, 0xF8, 0x1F, 0x03, 0xE0, 0x7C,
    0x0F, 0x81, 0xF0, 0x3E, 0x07, 0xC0, 0xF8, 0x00, 0xFF, 0xF0, 0x1F, 0xFF, 0x83, 0xFF, 0xFC, 0x7F,
    0xFF, 0x8F, 0xC7, 0xF9, 0xF8, 0x3F, 0x3F, 0x07, 0xE7, 0xE0, 0xFC, 0xFC, 0x1F, 0x9F, 0x8F, 0xF3,
    0xFF, 0xFC, 0x7F, 0xFF, 0x8F, 0xFF, 0xC1, 0xFF, 0xF8, 0x3F, 0x3F, 0x07, 0xE7, 0xF0, 0xFC, 0x7F,
    0x1F, 0x87, 0xE3, 0xF0, 0x7E, 0x7E, 0x0F, 0xEF, 0xC0, 0xFC, 0x00, 0x00, 0x00, 0x00, 0x00, 0x0F,
    0x00, 0x03, 0xE0, 0x00, 0xFC, 0x00, 0x1F, 0x80, 0x03, 0xE0, 0x00, 0x1F, 0xF9, 0xFF, 0xCF, 0xFE,
    0x7F, 0xF3, 0xE3, 0x1F, 0x00, 0xF8, 0x07, 0xC0, 0x3E, 0x01, 0xF0, 0x0F, 0x80, 0x7C, 0x03, 0xE0,
    0x1F, 0x00, 0xF8, 0x07, 0xC0, 0x00, 0x00, 0x00, 0x0F, 0x80, 0x7C, 0x0F, 0xE0, 0x7E, 0x03, 0xE0,
    0x00, 0x0C, 0x30, 0x03, 0xFF, 0x00, 0x7F, 0xE0, 0x07, 0xF0, 0x00, 0x3C, 0x00, 0x03, 0x00, 0x00,
    0x00, 0x00, 0x00, 0x00, 0xFF, 0xF0, 0x1F, 0xFF, 0x83, 0xFF, 0xFC, 0x7F, 0xFF, 0x8F, 0xC7, 0xF9,
    0xF8, 0x3F, 0x3F, 0x07, 0xE7, 0xE0, 0xFC, 0xFC, 0x1F, 0x9F, 0x8F, 0xF3, 0xFF, 0xFC, 0x7F, 0xFF,
    0x8F, 0xFF, 0xC1, 0xFF, 0xF8, 0x3F, 0x3F, 0x07, 0xE7, 0xF0, 0xFC, 0x7F, 0x1F, 0x87, 0xE3, 0xF0,
    0x7E, 0x7E, 0x0F, 0xEF, 0xC0, 0xFC, 0x31, 0xCF, 0xFD, 0xFF, 0x1F, 0xC1, 0xF0, 0x1C, 0x00, 0x00,
    0x00, 0x7F, 0xFF, 0xFF, 0xFF, 0xFF, 0xFF, 0x8D, 0xF0, 0x3E, 0x07, 0xC0, 0xF8, 0x1F, 0x03, 0xE0,
    0x7C, 0x0F, 0x81, 0xF0, 0x3E, 0x07, 0xC0, 0x00, 0x60, 0x00, 0xF0, 0x01, 0xF0, 0x03, 0xF0, 0x07,
    0xE0, 0x07, 0xC0, 0x03, 0x80, 0x00, 0x00, 0x00, 0x00, 0x0F, 0xF8, 0x3F, 0xFE, 0x7F, 0xFE, 0x7F,
    0xFC, 0xFE, 0x3C, 0xFC, 0x00, 0xFC, 0x00, 0xFF, 0x00, 0x7F, 0xC0, 0x7F, 0xF8, 0x1F, 0xFC, 0x0F,
    0xFE, 0x01, 0xFF, 0x00, 0x7F, 0x00, 0x3F, 0x40, 0x3F, 0x78, 0x7F, 0xFF, 0xFF, 0xFF, 0xFE, 0xFF,
    0xFC, 0x3F, 0xF0, 0x01, 0x80, 0x1E, 0x01, 0xF8, 0x0F, 0xC0, 0xFC, 0x07, 0x80, 0x18, 0x00, 0x00,
    0x00, 0x00, 0xFF, 0x8F, 0xFC, 0xFF, 0xE7, 0xFF, 0x7E, 0x3B, 0xF3, 0x9F, 0xFE, 0x7F, 0xFB, 0xFF,
    0xCF, 0xFE, 0x03, 0xF7, 0x1F, 0xFF, 0xFF, 0xFF, 0xDF, 0xFC, 0x7F, 0xC0, 0x01, 0xC0, 0x03, 0xE0,
    0x07, 0xF0, 0x0F, 0xF8, 0x1F, 0xF8, 0x0E, 0x30, 0x00, 0x00, 0x00, 0x00, 0x0F, 0xF8, 0x3F, 0xFE,
    0x7F, 0xFE, 0x7F, 0xFC, 0xFE, 0x3C, 0xFC, 0x00, 0xFC, 0x00, 0xFF, 0x00, 0x7F, 0xC0, 0x7F, 0xF8,
    0x1F, 0xFC, 0x0F, 0xFE, 0x01, 0xFF, 0x00, 0x7F, 0x00, 0x3F, 0x40, 0x3F, 0x78, 0x7F, 0xFF, 0xFF,
    0xFF, 0xFE, 0xFF, 0xFC, 0x3F, 0xF0, 0x03, 0x00, 0x3C, 0x07, 0xF8, 0x7F, 0xE3, 0xFF, 0x0C, 0x30,
    0x00, 0x00, 0x00, 0x1F, 0xF1, 0xFF, 0x9F, 0xFC, 0xFF, 0xEF, 0xC7, 0x7E, 0x73, 0xFF, 0xCF, 0xFF,
    0x7F, 0xF9, 0xFF, 0xC0, 0x7E, 0xE3, 0xFF, 0xFF, 0xFF, 0xFB, 0xFF, 0x8F, 0xF8, 0x0F, 0xF8, 0x3F,
    0xFE, 0x7F, 0xFE, 0x7F, 0xFC, 0xFE, 0x3C, 0xFC, 0x00, 0xFC, 0x00, 0xFF, 0x00, 0x7F, 0xC0, 0x7F,
    0xF8, 0x1F, 0xFC, 0x0F, 0xFE, 0x01, 0xFF, 0x00, 0x7F, 0x00, 0x3F, 0x40, 0x3F, 0x78, 0x7F, 0xFF,
    0xFF, 0xFF, 0xFE, 0xFF, 0xFC, 0x3F, 0xF8, 0x03, 0xC0, 0x07, 0xC0, 0x01, 0xE0, 0x09, 0xE0, 0x0F,
    0xE0, 0x0F, 0xE0, 0x0F, 0xC0, 0x1F, 0xF1, 0xFF, 0x9F, 0xFC, 0xFF, 0xEF, 0xC7, 0x7E, 0x73, 0xFF,
    0xCF, 0xFF, 0x7F, 0xF9, 0xFF, 0xC0, 0x7E, 0xE3, 0xFF, 0xFF, 0xFF, 0xFB, 0xFF, 0xDF, 0xF8, 0x0F,
    0x00, 0x7C, 0x01, 0xE0, 0x2F, 0x83, 0xF8, 0x1F, 0xC0, 0xFC, 0x00, 0x0E, 0x30, 0x0F, 0xF8, 0x0F,
    0xF8, 0x07, 0xF0, 0x03, 0xE0, 0x01, 0xC0, 0x00, 0x00, 0x00, 0x00, 0x0F, 0xF8, 0x3F, 0xFE, 0x7F,
    0xFE, 0x7F, 0xFC, 0xFE, 0x3C, 0xFC, 0x00, 0xFC, 0x00, 0xFF, 0x00, 0x7F, 0xC0, 0x7F, 0xF8, 0x1F,
    0xFC, 0x0F, 0xFE, 0x01, 0xFF, 0x00, 0x7F, 0x00, 0x3F, 0x40, 0x3F, 0x78, 0x7F, 0xFF, 0xFF, 0xFF,
    0xFE, 0xFF, 0xFC, 0x3F, 0xF0, 0x18, 0x61, 0xFF, 0x8F, 0xFC, 0x1F, 0xC0, 0x78, 0x01, 0x80, 0x00,
    0x00, 0x00, 0x1F, 0xF1, 0xFF, 0x9F, 0xFC, 0xFF, 0xEF, 0xC7, 0x7E, 0x73, 0xFF, 0xCF, 0xFF, 0x7F,
    0xF9, 0xFF, 0xC0, 0x7E, 0xE3, 0xFF, 0xFF, 0xFF, 0xFB, 0xFF, 0x8F, 0xF8, 0xFF, 0xFF, 0xFF, 0xFF,
    0xFF, 0xFF, 0xFF, 0xFF, 0xFF, 0xF0, 0x1F, 0x00, 0x03, 0xE0, 0x00, 0x7C, 0x00, 0x0F, 0x80, 0x01,
    0xF0, 0x00, 0x3E, 0x00, 0x07, 0xC0, 0x00, 0xF8, 0x00, 0x1F, 0x00, 0x03, 0xE0, 0x00, 0x7C, 0x00,
    0x0F, 0x80, 0x01, 0xF0, 0x00, 0x3E, 0x00, 0x07, 0xC0, 0x00, 0xF8, 0x00, 0x1F, 0x00, 0x03, 0xC0,
    0x00, 0x78, 0x00, 0x0F, 0x80, 0x02, 0xF0, 0x00, 0xFE, 0x00, 0x1F, 0xC0, 0x03, 0xF0, 0x00, 0xF8,
    0x1F, 0x03, 0xE0, 0x7C, 0x0F, 0x81, 0xFF, 0xFF, 0xFF, 0xFF, 0xFF, 0xFF, 0x03, 0xE0, 0x7C, 0x0F,
    0x81, 0xF0, 0x3E, 0x07, 0xC0, 0xFC, 0x5F, 0xFD, 0xFF, 0xBF, 0xF3, 0xFE, 0x1E, 0x03, 0xE0, 0x3C,
    0x17, 0xC7, 0xF0, 0xFE, 0x1F, 0x80, 0x07, 0x1C, 0x00, 0xFF, 0x80, 0x1F, 0xF0, 0x01, 0xFC, 0x00,
    0x1F, 0x00, 0x01, 0xC0, 0x00, 0x00, 0x00, 0x00, 0x00, 0xFF, 0xFF, 0xFF, 0xFF, 0xFF, 0xFF, 0xFF,
    0xFF, 0xFF, 0xF0, 0x1F, 0x00, 0x03, 0xE0, 0x00, 0x7C, 0x00, 0x0F, 0x80, 0x01, 0xF0, 0x00, 0x3E,
    0x00, 0x07, 0xC0, 0x00, 0xF8, 0x00, 0x1F, 0x00, 0x03, 0xE0, 0x00, 0x7C, 0x00, 0x0F, 0x80, 0x01,
    0xF0, 0x00, 0x3E, 0x00, 0x07, 0xC0, 0x00, 0xF8, 0x00, 0x1F, 0x00, 0x03, 0xC0, 0x78, 0x0F, 0x7D,
    0xEF, 0xBD, 0xF7, 0xBE, 0x07, 0xC0, 0xFF, 0xFF, 0xFF, 0xFF, 0xFF, 0xFF, 0x81, 0xF0, 0x3E, 0x07,
    0xC0, 0xF8, 0x1F, 0x03, 0xE0, 0x7E, 0x2F, 0xFE, 0xFF, 0xDF, 0xF8, 0xFF, 0xFF, 0xFF, 0xFF, 0xFF,
    0xFF, 0xFF, 0xFF, 0xFF, 0xFF, 0xF0, 0x1F, 0x00, 0x03, 0xE0, 0x00, 0x7C, 0x00, 0x0F, 0x80, 0x01,
    0xF0, 0x00, 0x3E, 0x00, 0xFF, 0xFE, 0x1F, 0xFF, 0xC3, 0xFF, 0xF8, 0x03, 0xE0, 0x00, 0x7C, 0x00,
    0x0F, 0x80, 0x01, 0xF0, 0x00, 0x3E, 0x00, 0x07, 0xC0, 0x00, 0xF8, 0x00, 0x1F, 0x00, 0xF8, 0x1F,
    0x03, 0xE0, 0x7C, 0x0F, 0x81, 0xFF, 0xFF, 0xFF, 0xFF, 0xFF, 0xFF, 0x03, 0xE0, 0x7F, 0xFF, 0xFF,
    0xFF, 0xFE, 0x07, 0xC0, 0xFC, 0x5F, 0xFD, 0xFF, 0xBF, 0xF1, 0xFE, 0x07, 0xDC, 0x03, 0xFF, 0x81,
    0xFF, 0xE0, 0x3B, 0xF0, 0x00, 0x00, 0x00, 0x00, 0x00, 0x00, 0x03, 0xE0, 0x1F, 0xF8, 0x07, 0xFE,
    0x01, 0xFF, 0x80, 0x7F, 0xE0, 0x1F, 0xF8, 0x07, 0xFE, 0x01, 0xFF, 0x80, 0x7F, 0xE0, 0x1F, 0xF8,
    0x07, 0xFE, 0x01, 0xFF, 0x80, 0x7F, 0xE0, 0x1F, 0xF8, 0x0F, 0xFF, 0x03, 0xFF, 0xC0, 0xFF, 0xFC,
    0xFE, 0x7F, 0xFF, 0x8F, 0xFF, 0xC1, 0xFF, 0xE0, 0x3F, 0xE0, 0x1F, 0x70, 0x7F, 0xF1, 0xFF, 0xE1,
    0xDF, 0x80, 0x00, 0x00, 0x00, 0x00, 0x00, 0x7C, 0x3E, 0xF8, 0x7D, 0xF0, 0xFB, 0xE1, 0xF7, 0xC3,
    0xEF, 0x87, 0xDF, 0x0F, 0xBE, 0x1F, 0x7C, 0x3E, 0xF8, 0x7D, 0xF0, 0xFB, 0xF1, 0xF7, 0xFF, 0xE7,
    0xFF, 0xC7, 0xFF, 0x87, 0xFF, 0x00, 0x0F, 0xFC, 0x03, 0xFF, 0x00, 0xFF, 0xC0, 0x00, 0x00, 0x00,
    0x00, 0x00, 0x00, 0x0F, 0x80, 0x7F, 0xE0, 0x1F, 0xF8, 0x07, 0xFE, 0x01, 0xFF, 0x80, 0x7F, 0xE0,
    0x1F, 0xF8, 0x07, 0xFE, 0x01, 0xFF, 0x80, 0x7F, 0xE0, 0x1F, 0xF8, 0x07, 0xFE, 0x01, 0xFF, 0x80,
    0x7F, 0xE0, 0x3F, 0xFC, 0x0F, 0xFF, 0x03, 0xFF, 0xF3, 0xF9, 0xFF, 0xFE, 0x3F, 0xFF, 0x07, 0xFF,
    0x80, 0xFF, 0x80, 0x3F, 0xF0, 0x7F, 0xE0, 0xFF, 0xC0, 0x00, 0x00, 0x00, 0x00, 0x00, 0x3E, 0x1F,
    0x7C, 0x3E, 0xF8, 0x7D, 0xF0, 0xFB, 0xE1, 0xF7, 0xC3, 0xEF, 0x87, 0xDF, 0x0F, 0xBE, 0x1F, 0x7C,
    0x3E, 0xF8, 0x7D, 0xF8, 0xFB, 0xFF, 0xF3, 0xFF, 0xE3, 0xFF, 0xC3, 0xFF, 0x80, 0x0F, 0x3C, 0x03,
    0xCF, 0x00, 0xFF, 0xC0, 0x1F, 0xE0, 0x03, 0xF0, 0x00, 0x00, 0x00, 0x00, 0x00, 0x00, 0x00, 0xF8,
    0x07, 0xFE, 0x01, 0xFF, 0x80, 0x7F, 0xE0, 0x1F, 0xF8, 0x07, 0xFE, 0x01, 0xFF, 0x80, 0x7F, 0xE0,
    0x1F, 0xF8, 0x07, 0xFE, 0x01, 0xFF, 0x80, 0x7F, 0xE0, 0x1F, 0xF8, 0x07, 0xFE, 0x03, 0xFF, 0xC0,
    0xFF, 0xF0, 0x3F, 0xFF, 0x3F, 0x9F, 0xFF, 0xE3, 0xFF, 0xF0, 0x7F, 0xF8, 0x0F, 0xF8, 0x00, 0x3C,
    0x78, 0x7D, 0xE0, 0xFF, 0xC0, 0xFF, 0x00, 0xFC, 0x00, 0x00, 0x00, 0x00, 0x00, 0x00, 0xF8, 0x7D,
    0xF0, 0xFB, 0xE1, 0xF7, 0xC3, 0xEF, 0x87, 0xDF, 0x0F, 0xBE, 0x1F, 0x7C, 0x3E, 0xF8, 0x7D, 0xF0,
    0xFB, 0xE1, 0xF7, 0xE3, 0xEF, 0xFF, 0xCF, 0xFF, 0x8F, 0xFF, 0x0F, 0xFE, 0x03, 0xE0, 0x00, 0xFC,
    0x00, 0x77, 0x80, 0x1C, 0xE0, 0x07, 0x78, 0x01, 0xFC, 0x00, 0x3F, 0x00, 0x00, 0x00, 0xF8, 0x07,
    0xFE, 0x01, 0xFF, 0x80, 0x7F, 0xE0, 0x1F, 0xF8, 0x07, 0xFE, 0x01, 0xFF, 0x80, 0x7F, 0xE0, 0x1F,
    0xF8, 0x07, 0xFE, 0x01, 0xFF, 0x80, 0x7F, 0xE0, 0x1F, 0xF8, 0x07, 0xFE, 0x03, 0xFF, 0xC0, 0xFF,
    0xF0, 0x3F, 0xFF, 0x3F, 0x9F, 0xFF, 0xE3, 0xFF, 0xF0, 0x7F, 0xF8, 0x0F, 0xF8, 0x00, 0x07, 0xC0,
    0x1F, 0xC0, 0x7B, 0x80, 0xE7, 0x01, 0xEE, 0x01, 0xFC, 0x01, 0xF0, 0x00, 0x00, 0x00, 0x01, 0xF0,
    0xFB, 0xE1, 0xF7, 0xC3, 0xEF, 0x87, 0xDF, 0x0F, 0xBE, 0x1F, 0x7C, 0x3E, 0xF8, 0x7D, 0xF0, 0xFB,
    0xE1, 0xF7, 0xC3, 0xEF, 0xC7, 0xDF, 0xFF, 0x9F, 0xFF, 0x1F, 0xFE, 0x1F, 0xFC, 0x01, 0x86, 0x00,
    0xF3, 0xC0, 0x7C, 0xF8, 0x1E, 0x7C, 0x0F, 0xBE, 0x03, 0xCF, 0x00, 0x61, 0x80, 0x00, 0x00, 0x00,
    0x00, 0x3E, 0x01, 0xFF, 0x80, 0x7F, 0xE0, 0x1F, 0xF8, 0x07, 0xFE, 0x01, 0xFF, 0x80, 0x7F, 0xE0,
    0x1F, 0xF8, 0x07, 0xFE, 0x01, 0xFF, 0x80, 0x7F, 0xE0, 0x1F, 0xF8, 0x07, 0xFE, 0x01, 0xFF, 0x80,
    0xFF, 0xF0, 0x3F, 0xFC, 0x0F, 0xFF, 0xCF, 0xE7, 0xFF, 0xF8, 0xFF, 0xFC, 0x1F, 0xFE, 0x03, 0xFE,
    0x00, 0x06, 0x18, 0x1E, 0x78, 0x7D, 0xF9, 0xF3, 0xE3, 0xEF, 0x87, 0x9E, 0x06, 0x18, 0x00, 0x00,
    0x00, 0x01, 0xF0, 0xFB, 0xE1, 0xF7, 0xC3, 0xEF, 0x87, 0xDF, 0x0F, 0xBE, 0x1F, 0x7C, 0x3E, 0xF8,
    0x7D, 0xF0, 0xFB, 0xE1, 0xF7, 0xC3, 0xEF, 0xC7, 0xDF, 0xFF, 0x9F, 0xFF, 0x1F, 0xFE, 0x1F, 0xFC,
    0xF8, 0x07, 0xFE, 0x01, 0xFF, 0x80, 0x7F, 0xE0, 0x1F, 0xF8, 0x07, 0xFE, 0x01, 0xFF, 0x80, 0x7F,
    0xE0, 0x1F, 0xF8, 0x07, 0xFE, 0x01, 0xFF, 0x80, 0x7F, 0xE0, 0x1F, 0xF8, 0x07, 0xFE, 0x03, 0xFF,
    0xC0, 0xFF, 0xF0, 0x3F, 0xFF, 0x3F, 0x9F, 0xFF, 0xE3, 0xFF, 0xF0, 0x7F, 0xF8, 0x0F, 0xFC, 0x00,
    0x3C, 0x00, 0x1E, 0x00, 0x0F, 0x80, 0x03, 0xFC, 0x00, 0x7F, 0x00, 0x1F, 0xC0, 0xF8, 0x7D, 0xF0,
    0xFB, 0xE1, 0xF7, 0xC3, 0xEF, 0x87, 0xDF, 0x0F, 0xBE, 0x1F, 0x7C, 0x3E, 0xF8, 0x7D, 0xF0, 0xFB,
    0xE1, 0xF7, 0xE3, 0xEF, 0xFF, 0xCF, 0xFF, 0x8F, 0xFF, 0x0F, 0xFE, 0x00, 0xF8, 0x03, 0xE0, 0x07,
    0xD0, 0x0F, 0xE0, 0x1F, 0xC0, 0x1F, 0x80, 0x00, 0x03, 0x00, 0x00, 0x00, 0x7C, 0x00, 0x00, 0x07,
    0xF0, 0x00, 0x00, 0x7F, 0xC0, 0x00, 0x03, 0xFF, 0x00, 0x00, 0x0C, 0x70, 0x00, 0x00, 0x00, 0x00,
    0x00, 0x00, 0x00, 0x00, 0xFC, 0x00, 0x01, 0xFB, 0xF0, 0x00, 0x0F, 0xDF, 0x83, 0xE0, 0x7E, 0xFC,
    0x1F, 0x83, 0xE7, 0xE0, 0xFC, 0x1F, 0x3F, 0x0F, 0xE1, 0xF8, 0xF8, 0x7F, 0x8F, 0xC7, 0xE3, 0xFC,
    0x7C, 0x3F, 0x1F, 0xE3, 0xE1, 0xF9, 0xFF, 0x1F, 0x07, 0xCF, 0x7D, 0xF8, 0x3F, 0x7B, 0xEF, 0x81,
    0xFF, 0xCF, 0x7C, 0x07, 0xFC, 0x7F, 0xE0, 0x3F, 0xE3, 0xFF, 0x01, 0xFF, 0x0F, 0xF0, 0x0F, 0xF8,
    0x7F, 0x80, 0x3F, 0x83, 0xFC, 0x01, 0xFC, 0x0F, 0xC0, 0x0F, 0xE0, 0x7E, 0x00, 0x3E, 0x03, 0xF0,
    0x00, 0x00, 0x18, 0x00, 0x00, 0x3C, 0x00, 0x00, 0x7F, 0x00, 0x01, 0xFF, 0x80, 0x01, 0xFF, 0x80,
    0x00, 0xC3, 0x00, 0x00, 0x00, 0x00, 0x00, 0x00, 0x00, 0xFC, 0x3C, 0x1F, 0xFC, 0x3E, 0x3F, 0x7C,
    0x3E, 0x3F, 0x7C, 0x7E, 0x3E, 0x7E, 0x7E, 0x3E, 0x3E, 0x7F, 0x3E, 0x3E, 0x7F, 0x7C, 0x3E, 0xFF,
    0x7C, 0x1F, 0xFF, 0x7C, 0x1F, 0xF7, 0xF8, 0x1F, 0xE7, 0xF8, 0x0F, 0xE7, 0xF8, 0x0F, 0xE7, 0xF0,
    0x0F, 0xC3, 0xF0, 0x07, 0xC3, 0xF0, 0x07, 0xC3, 0xE0, 0x00, 0x60, 0x00, 0x07, 0xC0, 0x00, 0x7F,
    0x00, 0x07, 0xFC, 0x00, 0x7F, 0xE0, 0x01, 0xC6, 0x00, 0x00, 0x00, 0x00, 0x00, 0x00, 0xFC, 0x03,
    0xF3, 0xF0, 0x1F, 0x9F, 0x81, 0xF8, 0x7E, 0x0F, 0xC3, 0xF8, 0xFC, 0x0F, 0xC7, 0xE0, 0x7F, 0x7E,
    0x01, 0xFF, 0xF0, 0x07, 0xFF, 0x00, 0x3F, 0xF0, 0x00, 0xFF, 0x80, 0x07, 0xF8, 0x00, 0x1F, 0x80,
    0x00, 0xFC, 0x00, 0x07, 0xE0, 0x00, 0x3F, 0x00, 0x01, 0xF8, 0x00, 0x0F, 0xC0, 0x00, 0x7E, 0x00,
    0x03, 0xF0, 0x00, 0x1F, 0x80, 0x00, 0x01, 0xC0, 0x01, 0xF0, 0x01, 0xFC, 0x01, 0xFF, 0x00, 0xFF,
    0x80, 0x71, 0x80, 0x00, 0x00, 0x00, 0x00, 0xFC, 0x1F, 0xFE, 0x0F, 0xDF, 0x07, 0xCF, 0xC3, 0xE7,
    0xE3, 0xF1, 0xF1, 0xF0, 0xFC, 0xF8, 0x7E, 0xFC, 0x1F, 0x7C, 0x0F, 0xFE, 0x03, 0xFE, 0x01, 0xFF,
    0x00, 0x7F, 0x80, 0x3F, 0x80, 0x0F, 0xC0, 0x07, 0xC0, 0x03, 0xE0, 0x27, 0xE0, 0x3F, 0xF0, 0x1F,
    0xF0, 0x0F, 0xF0, 0x07, 0xF0, 0x00, 0x07, 0x8F, 0x00, 0x7C, 0xF8, 0x03, 0xF7, 0xC0, 0x1F, 0x3E,
    0x00, 0x78, 0xF0, 0x00, 0x00, 0x00, 0x00, 0x00, 0x00, 0x00, 0x00, 0xFC, 0x03, 0xF3, 0xF0, 0x1F,
    0x9F, 0x81, 0xF8, 0x7E, 0x0F, 0xC3, 0xF8, 0xFC, 0x0F, 0xC7, 0xE0, 0x7F, 0x7E, 0x01, 0xFF, 0xF0,
    0x07, 0xFF, 0x00, 0x3F, 0xF0, 0x00, 0xFF, 0x80, 0x07, 0xF8, 0x00, 0x1F, 0x80, 0x00, 0xFC, 0x00,
    0x07, 0xE0, 0x00, 0x3F, 0x00, 0x01, 0xF8, 0x00, 0x0F, 0xC0, 0x00, 0x7E, 0x00, 0x03, 0xF0, 0x00,
    0x1F, 0x80, 0x00, 0x00, 0x60, 0x00, 0x78, 0x00, 0x7E, 0x00, 0x7F, 0x00, 0x7E, 0x00, 0x3E, 0x00,
    0x06, 0x00, 0x00, 0x00, 0x00, 0x00, 0x7F, 0xFF, 0xFF, 0xFF, 0xFF, 0xFF, 0xFF, 0xFF, 0xF8, 0x03,
    0xF8, 0x01, 0xF8, 0x01, 0xF8, 0x01, 0xF8, 0x01, 0xFC, 0x01, 0xFC, 0x00, 0xFC, 0x00, 0xFC, 0x00,
    0xFE, 0x00, 0x7E, 0x00, 0x7E, 0x00, 0x7E, 0x00, 0x3F, 0x00, 0x3F, 0xFF, 0xFF, 0xFF, 0xFF, 0xFF,
    0xFF, 0xFF, 0xFC, 0x01, 0x80, 0x0F, 0x00, 0x3E, 0x01, 0xF8, 0x0F, 0xC0, 0x3C, 0x00, 0x60, 0x00,
    0x00, 0x00, 0x03, 0xFF, 0xFF, 0xFF, 0xFF, 0xFF, 0xFF, 0xFC, 0x0F, 0xE0, 0x3F, 0x01, 0xF8, 0x0F,
    0xC0, 0x7E, 0x03, 0xF0, 0x1F, 0x80, 0x7E, 0x03, 0xFF, 0xFF, 0xFF, 0xFF, 0xFF, 0xFF, 0xFC, 0x03,
    0xC0, 0x01, 0xF0, 0x00, 0xF8, 0x00, 0x7C, 0x00, 0x3C, 0x00, 0x00, 0x00, 0x00, 0x00, 0x00, 0x00,
    0xFF, 0xFF, 0xFF, 0xFF, 0xFF, 0xFF, 0xFF, 0xFF, 0xF0, 0x07, 0xF0, 0x03, 0xF0, 0x03, 0xF0, 0x03,
    0xF0, 0x03, 0xF8, 0x03, 0xF8, 0x01, 0xF8, 0x01, 0xF8, 0x01, 0xFC, 0x00, 0xFC, 0x00, 0xFC, 0x00,
    0xFC, 0x00, 0x7E, 0x00, 0x7F, 0xFF, 0xFF, 0xFF, 0xFF, 0xFF, 0xFF, 0xFF, 0xF8, 0x07, 0x80, 0x3E,
    0x00, 0xFC, 0x03, 0xE0, 0x07, 0x80, 0x00, 0x00, 0x00, 0x00, 0x00, 0xFF, 0xFF, 0xFF, 0xFF, 0xFF,
    0xFF, 0xFF, 0x03, 0xF8, 0x0F, 0xC0, 0x7E, 0x03, 0xF0, 0x1F, 0x80, 0xFC, 0x07, 0xE0, 0x1F, 0x80,
    0xFF, 0xFF, 0xFF, 0xFF, 0xFF, 0xFF, 0xFF, 0x06, 0x38, 0x07, 0xFE, 0x03, 0xFE, 0x00, 0xFE, 0x00,
    0x3E, 0x00, 0x0E, 0x00, 0x00, 0x00, 0x00, 0x00, 0xFF, 0xFF, 0xFF, 0xFF, 0xFF, 0xFF, 0xFF, 0xFF,
    0xF0, 0x07, 0xF0, 0x03, 0xF0, 0x03, 0xF0, 0x03, 0xF0, 0x03, 0xF8, 0x03, 0xF8, 0x01, 0xF8, 0x01,
    0xF8, 0x01, 0xFC, 0x00, 0xFC, 0x00, 0xFC, 0x00, 0xFC, 0x00, 0x7E, 0x00, 0x7F, 0xFF, 0xFF, 0xFF,
    0xFF, 0xFF, 0xFF, 0xFF, 0xF8, 0x18, 0x60, 0xFF, 0xC3, 0xFF, 0x07, 0xF8, 0x07, 0x80, 0x0C, 0x00,
    0x00, 0x00, 0x00, 0xFF, 0xFF, 0xFF, 0xFF, 0xFF, 0xFF, 0xFF, 0x03, 0xF8, 0x0F, 0xC0, 0x7E, 0x03,
    0xF0, 0x1F, 0x80, 0xFC, 0x07, 0xE0, 0x1F, 0x80, 0xFF, 0xFF, 0xFF, 0xFF, 0xFF, 0xFF, 0xFF, 0x1F,
    0xE3, 0xFF, 0x7F, 0xEF, 0xFE, 0xFE, 0x6F, 0x80, 0xF8, 0x0F, 0x80, 0xF8, 0x0F, 0x80, 0xF8, 0x0F,
    0x80, 0xF8, 0x0F, 0x80, 0xF8, 0x0F, 0x80, 0xF8, 0x0F, 0x80, 0xF8, 0x0F, 0x80, 0xF8, 0x0F, 0x80,
    0xF8, 0x0F, 0x80, 0x00, 0x00, 0x7C, 0x00, 0x01, 0xF0, 0x00, 0x07, 0xC0, 0x7F, 0xDF, 0x07, 0xFF,
    0xFC, 0x7F, 0xFF, 0xE1, 0xFF, 0xFF, 0x0F, 0xF3, 0xFE, 0x7F, 0x01, 0xF9, 0xF8, 0x03, 0xF7, 0xC0,
    0x0F, 0xFF, 0x00, 0x3F, 0xFC, 0x00, 0x7F, 0xF0, 0x01, 0xFF, 0xC0, 0x07, 0xFF, 0x00, 0x3F, 0x7C,
    0x00, 0xFD, 0xF8, 0x03, 0xF7, 0xF0, 0x1F, 0x8F, 0xF3, 0xFE, 0x3F, 0xFF, 0xF0, 0x7F, 0xFF, 0x80,
    0x7F, 0xFC, 0x00, 0x7F, 0xC0, 0x00, 0x07, 0xC0, 0x01, 0xF0, 0x00, 0x7C, 0x1F, 0xDF, 0x1F, 0xFF,
    0x8F, 0xFF, 0xE7, 0xFF, 0xF1, 0xFD, 0xFC, 0xFC, 0x1F, 0x3F, 0x07, 0xEF, 0xC1, 0xFB, 0xF0, 0x7E,
    0xFC, 0x1F, 0xBF, 0x07, 0xC7, 0xF7, 0xF1, 0xFF, 0xFC, 0x3F, 0xFE, 0x07, 0xFF, 0x00, 0x7F, 0x00,
    0x00, 0x00, 0x7C, 0x00, 0x01, 0xF0, 0x00, 0x0F, 0xFE, 0x01, 0xFF, 0xF8, 0x07, 0xFB, 0xE0, 0x1F,
    0xCF, 0x80, 0x7C, 0x3E, 0x01, 0xF0, 0xF8, 0x07, 0xC3, 0xE0, 0x1F, 0x0F, 0x80, 0x7C, 0x3E, 0x01,
    0xF0, 0xF8, 0x07, 0xC3, 0xE0, 0x1F, 0x0F, 0x80, 0x7C, 0x3E, 0x01, 0xF0, 0xF8, 0x0F, 0xC3, 0xF0,
    0x3F, 0x0F, 0xC0, 0xFC, 0x3F, 0xCF, 0xE0, 0x7F, 0xFF, 0x80, 0xFF, 0xFC, 0x01, 0xFF, 0xE0, 0x03,
    0xFF, 0x00, 0x00, 0x03, 0xC0, 0x00, 0xF0, 0x00, 0x7F, 0xE1, 0xFF, 0xF8, 0x7F, 0xBE, 0x1F, 0xCF,
    0x87, 0xC3, 0xE1, 0xF0, 0xF8, 0x7C, 0x3E, 0x1F, 0x0F, 0x87, 0xC3, 0xE1, 0xF0, 0xF8, 0x7C, 0x3E,
    0x1F, 0x0F, 0xC7, 0xC3, 0xFF, 0xF0, 0x7F, 0xFC, 0x0F, 0xFF, 0x01, 0xFF, 0xC0, 0x00, 0x00, 0x00,
    0x61, 0x80, 0x00, 0x00, 0x03, 0xFF, 0x00, 0x00, 0x00, 0x0F, 0xFC, 0x00, 0x00, 0x00, 0x0F, 0xE0,
    0x00, 0x00, 0x00, 0x1E, 0x00, 0x00, 0x00, 0x00, 0x30, 0x00, 0x00, 0x00, 0x00, 0x00, 0x00, 0x00,
    0x00, 0x00, 0x00, 0xFF, 0xF8, 0x07, 0xFF, 0xFB, 0xFF, 0xF8, 0x1F, 0xFF, 0xEF, 0xFF, 0xF0, 0x7F,
    0xFF, 0xBF, 0xFF, 0xE1, 0xFF, 0xFE, 0xFC, 0x7F, 0xC0, 0x03, 0xF3, 0xF0, 0x3F, 0x80, 0x1F, 0x8F,
    0xC0, 0x7E, 0x00, 0xFE, 0x3F, 0x01, 0xF8, 0x07, 0xF0, 0xFC, 0x03, 0xF0, 0x1F, 0x83, 0xF0, 0x0F,
    0xC0, 0xFC, 0x0F, 0xC0, 0x3F, 0x07, 0xE0, 0x3F, 0x00, 0xFC, 0x3F, 0x80, 0xFC, 0x03, 0xE0, 0xFC,
    0x03, 0xF0, 0x1F, 0x87, 0xE0, 0x0F, 0xC0, 0x7E, 0x3F, 0x00, 0x3F, 0x03, 0xF8, 0xFC, 0x00, 0xFC,
    0x7F, 0xC7, 0xE0, 0x03, 0xFF, 0xFE, 0x3F, 0xFF, 0xFF, 0xFF, 0xF0, 0xFF, 0xFF, 0xFF, 0xFF, 0x83,
    0xFF, 0xFF, 0xFF, 0xF8, 0x0F, 0xFF, 0xFC, 0x00, 0x00, 0x00, 0xC3, 0x00, 0x00, 0x00, 0x3F, 0xF0,
    0x00, 0x00, 0x07, 0xFE, 0x7F, 0xFC, 0x00, 0x3F, 0x8F, 0xFF, 0xE0, 0x03, 0xC1, 0xFF, 0xFE, 0x00,
    0x30, 0x3F, 0xFF, 0xE0, 0x00, 0x07, 0xE3, 0xFE, 0x00, 0x00, 0xFC, 0x0F, 0xE7, 0xFF, 0xFF, 0x80,
    0xFC, 0xFF, 0xFF, 0xF0, 0x1F, 0x9F, 0xFF, 0xFE, 0x01, 0xFB, 0xFF, 0xFF, 0xC0, 0x3F, 0x00, 0xFD,
    0xF8, 0x07, 0xE0, 0x3F, 0x3F, 0x00, 0xFC, 0x0F, 0xC7, 0xE0, 0x1F, 0x03, 0xF0, 0xFC, 0x07, 0xE0,
    0xFC, 0x1F, 0x80, 0xFC, 0x3F, 0x03, 0xF0, 0x3F, 0x87, 0xE0, 0x7E, 0x3F, 0xE1, 0xF8, 0x0F, 0xFF,
    0xF8, 0x7F, 0xFF, 0xFF, 0xFE, 0x0F, 0xFF, 0xFF, 0xFF, 0x81, 0xFF, 0xFF, 0xFF, 0xC0, 0x3F, 0xFF,
    0x00, 0x1F, 0x06, 0x18, 0x00, 0x1F, 0x0F, 0xFC, 0x00, 0x1F, 0x0F, 0xFC, 0x00, 0x1F, 0x03, 0xF8,
    0x00, 0x1F, 0x01, 0xF0, 0x00, 0x1F, 0x00, 0xC0, 0x00, 0x1F, 0x00, 0x00, 0x00, 0x1F, 0x00, 0x00,
    0x0F, 0xFF, 0x1F, 0xFF, 0x1F, 0xFF, 0x1F, 0xFF, 0x3F, 0xFF, 0x1F, 0xFF, 0x7F, 0xFF, 0x1F, 0xFF,
    0x7F, 0x7F, 0x00, 0x7E, 0xFC, 0x1F, 0x00, 0xFC, 0xFC, 0x1F, 0x01, 0xF8, 0xFC, 0x1F, 0x03, 0xF0,
    0xFC, 0x1F, 0x03, 0xE0, 0xFC, 0x1F, 0x07, 0xE0, 0xFC, 0x1F, 0x0F, 0xC0, 0x7F, 0x3F, 0x1F, 0x80,
    0x7F, 0xFF, 0x1F, 0xFF, 0x3F, 0xFF, 0x3F, 0xFF, 0x1F, 0xFF, 0x3F, 0xFF, 0x07, 0xFE, 0x3F, 0xFF,
    0xFC, 0x00, 0x00, 0xFF, 0xF0, 0x00, 0x03, 0xFF, 0xC0, 0x00, 0x0F, 0xFF, 0x00, 0x00, 0x3F, 0xFC,
    0x00, 0x00, 0xFF, 0xF0, 0x00, 0x03, 0xFF, 0xC0, 0x00, 0x0F, 0xFF, 0x00, 0x00, 0x3F, 0xFC, 0x00,
    0x00, 0xFF, 0xF0, 0x00, 0x03, 0xFF, 0xC0, 0x00, 0x0F, 0xFF, 0x00, 0x00, 0x3F, 0xFC, 0x00, 0x00,
    0xFF, 0xF0, 0x00, 0x03, 0xFF, 0xC0, 0x00, 0x0F, 0xFF, 0x00, 0x10, 0x3F, 0xFC, 0x00, 0x73, 0xFF,
    0xFF, 0xFB, 0xFF, 0xEF, 0xFF, 0xEF, 0xFF, 0xBF, 0xFF, 0xBF, 0xFC, 0xFF, 0xFE, 0x7F, 0xC0, 0x00,
    0x00, 0x3C, 0x00, 0x00, 0xFC, 0x00, 0x01, 0xFF, 0xE0, 0x03, 0xFF, 0xC0, 0x03, 0xDF, 0x80, 0x00,
    0x3F, 0x00, 0x00, 0x7E, 0x00, 0x00, 0xFC, 0x00, 0x7D, 0xF8, 0x00, 0xFB, 0xF0, 0x01, 0xF7, 0xE0,
    0x03, 0xEF, 0xC0, 0x07, 0xDF, 0x80, 0x0F, 0xBF, 0x00, 0x1F, 0x7E, 0x00, 0x3E, 0xFC, 0x00, 0x7D,
    0xF8, 0x00, 0xFB, 0xF0, 0x01, 0xF7, 0xE0, 0x03, 0xEF, 0xFF, 0xE7, 0xDF, 0xFF, 0xCF, 0xBF, 0xFF,
    0x9F, 0x7F, 0xFF, 0x3E, 0x00, 0x00, 0x7C, 0x00, 0x01, 0xF8, 0x00, 0x1F, 0xF0, 0x00, 0x3F, 0xE0,
    0x00, 0x7F, 0x80, 0x00, 0xFE, 0x00, 0xF8, 0x3D, 0xF0, 0xFF, 0xE1, 0xFF, 0xC3, 0xFF, 0x83, 0xDF,
    0x00, 0x3E, 0x00, 0x7C, 0x00, 0xF8, 0x7F, 0xF0, 0xFF, 0xE1, 0xFF, 0xC3, 0xFF, 0x87, 0xFF, 0x0F,
    0xFE, 0x1F, 0xFC, 0x3F, 0xF8, 0x7F, 0xF0, 0xFF, 0xE1, 0xFF, 0xF3, 0xFF, 0xF7, 0xFF, 0xCF, 0xDF,
    0x9F, 0x9F, 0x3F, 0x00, 0x7E, 0x04, 0xFC, 0x0F, 0xF0, 0x3F, 0xE0, 0x7F, 0x80, 0xFE, 0x00, 0xF8,
    0x03, 0xE0, 0x03, 0xFF, 0xC0, 0x3E, 0x00, 0x3F, 0xFE, 0x03, 0xE0, 0x03, 0xFF, 0xF0, 0x3E, 0x00,
    0x3F, 0xFF, 0x83, 0xE0, 0x03, 0xFF, 0xFC, 0x3E, 0x00, 0x3F, 0xFF, 0xC3, 0xE0, 0x03, 0xFF, 0xFE,
    0x3E, 0x00, 0x3F, 0xFF, 0xF3, 0xE0, 0x03, 0xFF, 0xDF, 0xBE, 0x00, 0x3F, 0xFD, 0xFB, 0xE0, 0x03,
    0xFF, 0xCF, 0xFE, 0x00, 0x3F, 0xFC, 0x7F, 0xE0, 0x03, 0xFF, 0xC3, 0xFE, 0x00, 0x3F, 0xFC, 0x3F,
    0xE0, 0x03, 0xFF, 0xC1, 0xFE, 0x10, 0x3F, 0xFC, 0x0F, 0xE3, 0xCF, 0xFF, 0xC0, 0xFE, 0x3F, 0xFE,
    0xFC, 0x07, 0xE3, 0xFF, 0xEF, 0xC0, 0x3E, 0x7F, 0xFC, 0xFC, 0x03, 0xE1, 0xFF, 0x00, 0x00, 0x00,
    0x00, 0xF0, 0x00, 0x00, 0x0F, 0xC0, 0x00, 0x00, 0x7F, 0xF0, 0x07, 0xC3, 0xFF, 0xC0, 0x3E, 0x0F,
    0x7F, 0x01, 0xF0, 0x03, 0xFC, 0x0F, 0x80, 0x1F, 0xF0, 0x7C, 0x00, 0xFF, 0xC3, 0xE1, 0xF7, 0xFE,
    0x1F, 0x0F, 0xBF, 0xF8, 0xF8, 0x7D, 0xFF, 0xE7, 0xC3, 0xEF, 0xDF, 0xBE, 0x1F, 0x7E, 0xFD, 0xF0,
    0xFB, 0xF3, 0xFF, 0x87, 0xDF, 0x8F, 0xFC, 0x3E, 0xFC, 0x3F, 0xE1, 0xF7, 0xE1, 0xFF, 0x0F, 0xBF,
    0x07, 0xF8, 0x7D, 0xF8, 0x1F, 0xC3, 0xEF, 0xC0, 0xFE, 0x1F, 0x7E, 0x03, 0xF0, 0xFB, 0xF0, 0x0F,
    0x87, 0xDF, 0x80, 0x7C, 0x3E, 0x00, 0x00, 0x01, 0xF0, 0x00, 0x00, 0x1F, 0x80, 0x00, 0x07, 0xFC,
    0x00, 0x00, 0x3F, 0xE0, 0x00, 0x01, 0xFE, 0x00, 0x00, 0x0F, 0xE0, 0x00, 0x00, 0x3E, 0x00, 0x00,
    0x3F, 0x00, 0x00, 0x3F, 0x00, 0x00, 0x3F, 0x00, 0x00, 0x3E, 0x00, 0x00, 0x00, 0x00, 0x00, 0x00,
    0x00, 0x00, 0x00, 0xFF, 0xE0, 0x3E, 0xFF, 0xF8, 0x3E, 0xFF, 0xFC, 0x3E, 0xFF, 0xFC, 0x3E, 0xF8,
    0xFC, 0x3E, 0xF8, 0x7E, 0x3E, 0xF8, 0x7E, 0x3E, 0xF8, 0x7E, 0x3E, 0xF8, 0x7E, 0x3E, 0xF8, 0x7E,
    0x3E, 0xF8, 0x7E, 0x3E, 0xF8, 0x7E, 0x3E, 0xF8, 0x7E, 0x3E, 0xF8, 0x7E, 0x3E, 0xF8, 0x7E, 0x3E,
    0xF8, 0x7E, 0x3E, 0x00, 0x00, 0x3E, 0x00, 0x00, 0x7E, 0x00, 0x03, 0xFE, 0x00, 0x03, 0xFE, 0x00,
    0x03, 0xFC, 0x00, 0x03, 0xF8, 0x01, 0x86, 0x00, 0x07, 0xFE, 0x00, 0x0F, 0xFC, 0x00, 0x07, 0xF0,
    0x00, 0x07, 0x80, 0x00, 0x06, 0x00, 0x00, 0x00, 0x00, 0x00, 0x00, 0x00, 0x00, 0xFC, 0x00, 0x01,
    0xFC, 0x00, 0x07, 0xF8, 0x00, 0x0F, 0xF8, 0x00, 0x3F, 0xF0, 0x00, 0x7F, 0xE0, 0x00, 0xFF, 0xE0,
    0x03, 0xE7, 0xC0, 0x07, 0xCF, 0xC0, 0x1F, 0x0F, 0x80, 0x3E, 0x1F, 0x00, 0xFC, 0x1F, 0x01, 0xFF,
    0xFE, 0x03, 0xFF, 0xFE, 0x0F, 0xFF, 0xFC, 0x1F, 0xFF, 0xF8, 0x3E, 0x01, 0xF8, 0xFC, 0x03, 0xF1,
    0xF8, 0x03, 0xF7, 0xE0, 0x07, 0xEF, 0xC0, 0x0F, 0xC0, 0x0C, 0x70, 0x3F, 0xF0, 0x7F, 0xE0, 0x7F,
    0x00, 0x7C, 0x00, 0x30, 0x00, 0x00, 0x00, 0x00, 0x3F, 0xE0, 0xFF, 0xF1, 0xFF, 0xF1, 0xFF, 0xE3,
    0x8F, 0xC0, 0x0F, 0x87, 0xFF, 0x3F, 0xFF, 0xFF, 0xFF, 0xF8, 0xFF, 0xE1, 0xFF, 0xE3, 0xFF, 0xFF,
    0xFF, 0xFF, 0xDF, 0xFF, 0x9F, 0xFE, 0x61, 0xBF, 0xFF, 0xFD, 0xFC, 0x1E, 0x03, 0x00, 0x00, 0x00,
    0x3F, 0x0F, 0xC3, 0xF0, 0xFC, 0x3F, 0x0F, 0xC3, 0xF0, 0xFC, 0x3F, 0x0F, 0xC3, 0xF0, 0xFC, 0x3F,
    0x0F, 0xC3, 0xF0, 0xFC, 0x3F, 0x0F, 0xC3, 0xF0, 0xFC, 0x3F, 0x00, 0x71, 0xCF, 0xF9, 0xFF, 0x1F,
    0xC1, 0xF0, 0x1C, 0x00, 0x00, 0x00, 0x1F, 0x03, 0xE0, 0x7C, 0x0F, 0x81, 0xF0, 0x3E, 0x07, 0xC0,
    0xF8, 0x1F, 0x03, 0xE0, 0x7C, 0x0F, 0x81, 0xF0, 0x3E, 0x07, 0xC0, 0xF8, 0x01, 0xC6, 0x00, 0x0F,
    0xFC, 0x00, 0x1F, 0xF0, 0x00, 0x3F, 0x80, 0x00, 0x7C, 0x00, 0x00, 0xC0, 0x00, 0x00, 0x00, 0x00,
    0x00, 0x00, 0x01, 0xFF, 0x00, 0x1F, 0xFF, 0x01, 0xFF, 0xFE, 0x07, 0xFF, 0xFC, 0x3F, 0xCF, 0xF9,
    0xFC, 0x07, 0xE7, 0xE0, 0x0F, 0xDF, 0x00, 0x3F, 0xFC, 0x00, 0xFF, 0xF0, 0x01, 0xFF, 0xC0, 0x07,
    0xFF, 0x00, 0x1F, 0xFC, 0x00, 0xFD, 0xF0, 0x03, 0xF7, 0xE0, 0x0F, 0xDF, 0xC0, 0x7E, 0x3F, 0xCF,
    0xF8, 0xFF, 0xFF, 0xC1, 0xFF, 0xFE, 0x01, 0xFF, 0xF0, 0x01, 0xFF, 0x00, 0x0E, 0x30, 0x0F, 0xFC,
    0x03, 0xFE, 0x00, 0xFE, 0x00, 0x3E, 0x00, 0x0E, 0x00, 0x00, 0x00, 0x00, 0x00, 0x07, 0xF0, 0x0F,
    0xFE, 0x0F, 0xFF, 0x8F, 0xFF, 0xE7, 0xF7, 0xF7, 0xE0, 0xFB, 0xF0, 0x7F, 0xF8, 0x3F, 0xFC, 0x1F,
    0xFE, 0x0F, 0xFF, 0x07, 0xCF, 0xEF, 0xE7, 0xFF, 0xF1, 0xFF, 0xF0, 0x7F, 0xF0, 0x0F, 0xE0, 0x06,
    0x18, 0x03, 0xFF, 0x00, 0xFF, 0xC0, 0x1F, 0xE0, 0x01, 0xE0, 0x00, 0x30, 0x00, 0x00, 0x00, 0x00,
    0x00, 0xF8, 0x07, 0xFE, 0x01, 0xFF, 0x80, 0x7F, 0xE0, 0x1F, 0xF8, 0x07, 0xFE, 0x01, 0xFF, 0x80,
    0x7F, 0xE0, 0x1F, 0xF8, 0x07, 0xFE, 0x01, 0xFF, 0x80, 0x7F, 0xE0, 0x1F, 0xF8, 0x07, 0xFE, 0x03,
    0xFF, 0xC0, 0xFF, 0xF0, 0x3F, 0xFF, 0x3F, 0x9F, 0xFF, 0xE3, 0xFF, 0xF0, 0x7F, 0xF8, 0x0F, 0xF8,
    0x00, 0x18, 0x60, 0x7F, 0xE0, 0xFF, 0xC0, 0x7F, 0x00, 0x78, 0x00, 0x60, 0x00, 0x00, 0x00, 0x00,
    0xF8, 0x7D, 0xF0, 0xFB, 0xE1, 0xF7, 0xC3, 0xEF, 0x87, 0xDF, 0x0F, 0xBE, 0x1F, 0x7C, 0x3E, 0xF8,
    0x7D, 0xF0, 0xFB, 0xE1, 0xF7, 0xE3, 0xEF, 0xFF, 0xCF, 0xFF, 0x8F, 0xFF, 0x0F, 0xFE, 0x0F, 0xF8,
    0x03, 0xFE, 0x00, 0x00, 0x00, 0x3C, 0xF0, 0x0F, 0x3C, 0x03, 0xCF, 0x00, 0xF3, 0xC0, 0x00, 0x00,
    0xF8, 0x07, 0xFE, 0x01, 0xFF, 0x80, 0x7F, 0xE0, 0x1F, 0xF8, 0x07, 0xFE, 0x01, 0xFF, 0x80, 0x7F,
    0xE0, 0x1F, 0xF8, 0x07, 0xFE, 0x01, 0xFF, 0x80, 0x7F, 0xE0, 0x1F, 0xF8, 0x07, 0xFE, 0x03, 0xFF,
    0xC0, 0xFF, 0xF0, 0x3F, 0xFF, 0x3F, 0x9F, 0xFF, 0xE3, 0xFF, 0xF0, 0x7F, 0xF8, 0x0F, 0xF8, 0x00,
    0x1F, 0xE0, 0x3F, 0xC0, 0x00, 0x01, 0xE7, 0x83, 0xCF, 0x07, 0x9E, 0x0F, 0x3C, 0x00, 0x00, 0x00,
    0x01, 0xF0, 0xFB, 0xE1, 0xF7, 0xC3, 0xEF, 0x87, 0xDF, 0x0F, 0xBE, 0x1F, 0x7C, 0x3E, 0xF8, 0x7D,
    0xF0, 0xFB, 0xE1, 0xF7, 0xC3, 0xEF, 0xC7, 0xDF, 0xFF, 0x9F, 0xFF, 0x1F, 0xFE, 0x1F, 0xFC, 0x00,
    0x60, 0x00, 0x3C, 0x00, 0x1F, 0x00, 0x07, 0x80, 0x1F, 0xDE, 0x0F, 0x87, 0x83, 0xE1, 0xE0, 0x78,
    0x78, 0x00, 0x00, 0x00, 0x00, 0x0F, 0x80, 0x7F, 0xE0, 0x1F, 0xF8, 0x07, 0xFE, 0x01, 0xFF, 0x80,
    0x7F, 0xE0, 0x1F, 0xF8, 0x07, 0xFE, 0x01, 0xFF, 0x80, 0x7F, 0xE0, 0x1F, 0xF8, 0x07, 0xFE, 0x01,
    0xFF, 0x80, 0x7F, 0xE0, 0x3F, 0xFC, 0x0F, 0xFF, 0x03, 0xFF, 0xF3, 0xF9, 0xFF, 0xFE, 0x3F, 0xFF,
    0x07, 0xFF, 0x80, 0xFF, 0x80, 0x00, 0xC0, 0x03, 0xC0, 0x07, 0x80, 0x1E, 0x00, 0x7C, 0x00, 0xF0,
    0x1E, 0xDE, 0x3C, 0x3C, 0x78, 0x78, 0xF0, 0xF0, 0x00, 0x00, 0x00, 0x0F, 0x87, 0xDF, 0x0F, 0xBE,
    0x1F, 0x7C, 0x3E, 0xF8, 0x7D, 0xF0, 0xFB, 0xE1, 0xF7, 0xC3, 0xEF, 0x87, 0xDF, 0x0F, 0xBE, 0x1F,
    0x7E, 0x3E, 0xFF, 0xFC, 0xFF, 0xF8, 0xFF, 0xF0, 0xFF, 0xE0, 0x03, 0x30, 0x01, 0xFE, 0x00, 0x3F,
    0x00, 0x07, 0x80, 0x1E, 0xDE, 0x07, 0x87, 0x81, 0xE1, 0xE0, 0x78, 0x78, 0x00, 0x00, 0x00, 0x00,
    0x0F, 0x80, 0x7F, 0xE0, 0x1F, 0xF8, 0x07, 0xFE, 0x01, 0xFF, 0x80, 0x7F, 0xE0, 0x1F, 0xF8, 0x07,
    0xFE, 0x01, 0xFF, 0x80, 0x7F, 0xE0, 0x1F, 0xF8, 0x07, 0xFE, 0x01, 0xFF, 0x80, 0x7F, 0xE0, 0x3F,
    0xFC, 0x0F, 0xFF, 0x03, 0xFF, 0xF3, 0xF9, 0xFF, 0xFE, 0x3F, 0xFF, 0x07, 0xFF, 0x80, 0xFF, 0x80,
    0x18, 0x60, 0x7F, 0xE0, 0x7F, 0xC0, 0x7E, 0x00, 0x78, 0x0F, 0x6F, 0x1E, 0x1E, 0x3C, 0x3C, 0x78,
    0x78, 0x00, 0x00, 0x00, 0x07, 0xC3, 0xEF, 0x87, 0xDF, 0x0F, 0xBE, 0x1F, 0x7C, 0x3E, 0xF8, 0x7D,
    0xF0, 0xFB, 0xE1, 0xF7, 0xC3, 0xEF, 0x87, 0xDF, 0x0F, 0xBF, 0x1F, 0x7F, 0xFE, 0x7F, 0xFC, 0x7F,
    0xF8, 0x7F, 0xF0, 0x03, 0x00, 0x01, 0xF0, 0x00, 0x7E, 0x00, 0x07, 0x80, 0x1E, 0xDE, 0x07, 0x87,
    0x81, 0xE1, 0xE0, 0x78, 0x78, 0x00, 0x00, 0x00, 0x00, 0x0F, 0x80, 0x7F, 0xE0, 0x1F, 0xF8, 0x07,
    0xFE, 0x01, 0xFF, 0x80, 0x7F, 0xE0, 0x1F, 0xF8, 0x07, 0xFE, 0x01, 0xFF, 0x80, 0x7F, 0xE0, 0x1F,
    0xF8, 0x07, 0xFE, 0x01, 0xFF, 0x80, 0x7F, 0xE0, 0x3F, 0xFC, 0x0F, 0xFF, 0x03, 0xFF, 0xF3, 0xF9,
    0xFF, 0xFE, 0x3F, 0xFF, 0x07, 0xFF, 0x80, 0xFF, 0x80, 0x0C, 0x00, 0x3C, 0x00, 0x78, 0x00, 0x78,
    0x00, 0xF8, 0x00, 0xF0, 0x1E, 0xDE, 0x3C, 0x3C, 0x78, 0x78, 0xF0, 0xF0, 0x00, 0x00, 0x00, 0x0F,
    0x87, 0xDF, 0x0F, 0xBE, 0x1F, 0x7C, 0x3E, 0xF8, 0x7D, 0xF0, 0xFB, 0xE1, 0xF7, 0xC3, 0xEF, 0x87,
    0xDF, 0x0F, 0xBE, 0x1F, 0x7E, 0x3E, 0xFF, 0xFC, 0xFF, 0xF8, 0xFF, 0xF0, 0xFF, 0xE0, 0x3F, 0xF0,
    0x7F, 0xF8, 0x7F, 0xFC, 0x7F, 0xFE, 0x38, 0xFE, 0x00, 0x3F, 0x00, 0x3F, 0xFF, 0xFF, 0xFF, 0xFF,
    0xFF, 0xFF, 0xF8, 0x3F, 0xFE, 0x7E, 0x7F, 0xFE, 0x7F, 0xFC, 0x3F, 0xF8, 0x0F, 0xF0, 0x01, 0xFE,
    0x00, 0x03, 0xFC, 0x00, 0x00, 0x00, 0x00, 0x1E, 0x78, 0x00, 0x3C, 0xF0, 0x00, 0x79, 0xE0, 0x00,
    0xF3, 0xC0, 0x00, 0x00, 0x00, 0x00, 0xFC, 0x00, 0x01, 0xFC, 0x00, 0x07, 0xF8, 0x00, 0x0F, 0xF8,
    0x00, 0x3F, 0xF0, 0x00, 0x7F, 0xE0, 0x00, 0xFF, 0xE0, 0x03, 0xE7, 0xC0, 0x07, 0xCF, 0xC0, 0x1F,
    0x0F, 0x80, 0x3E, 0x1F, 0x00, 0xFC, 0x1F, 0x01, 0xFF, 0xFE, 0x03, 0xFF, 0xFE, 0x0F, 0xFF, 0xFC,
    0x1F, 0xFF, 0xF8, 0x3E, 0x01, 0xF8, 0xFC, 0x03, 0xF1, 0xF8, 0x03, 0xF7, 0xE0, 0x07, 0xEF, 0xC0,
    0x0F, 0xC0, 0x1F, 0xF0, 0x3F, 0xE0, 0x00, 0x00, 0xE7, 0x83, 0xEF, 0x07, 0xDE, 0x07, 0x3C, 0x00,
    0x00, 0x00, 0x00, 0x7F, 0xC1, 0xFF, 0xE3, 0xFF, 0xE3, 0xFF, 0xC7, 0x1F, 0x80, 0x1F, 0x0F, 0xFE,
    0x7F, 0xFF, 0xFF, 0xFF, 0xF1, 0xFF, 0xC3, 0xFF, 0xC7, 0xFF, 0xFF, 0xFF, 0xFF, 0xBF, 0xFF, 0x3F,
    0xFC, 0x01, 0xFF, 0x00, 0x03, 0xFE, 0x00, 0x00, 0x00, 0x00, 0x03, 0xC0, 0x00, 0x07, 0x80, 0x00,
    0x0F, 0x00, 0x00, 0x1E, 0x00, 0x00, 0x00, 0x00, 0x00, 0xFC, 0x00, 0x01, 0xFC, 0x00, 0x07, 0xF8,
    0x00, 0x0F, 0xF8, 0x00, 0x3F, 0xF0, 0x00, 0x7F, 0xE0, 0x00, 0xFF, 0xE0, 0x03, 0xE7, 0xC0, 0x07,
    0xCF, 0xC0, 0x1F, 0x0F, 0x80, 0x3E, 0x1F, 0x00, 0xFC, 0x1F, 0x01, 0xFF, 0xFE, 0x03, 0xFF, 0xFE,
    0x0F, 0xFF, 0xFC, 0x1F, 0xFF, 0xF8, 0x3E, 0x01, 0xF8, 0xFC, 0x03, 0xF1, 0xF8, 0x03, 0xF7, 0xE0,
    0x07, 0xEF, 0xC0, 0x0F, 0xC0, 0x1F, 0xF0, 0x3F, 0xE0, 0x00, 0x00, 0x1C, 0x00, 0x7C, 0x00, 0xF8,
    0x00, 0xE0, 0x00, 0x00, 0x00, 0x00, 0x7F, 0xC1, 0xFF, 0xE3, 0xFF, 0xE3, 0xFF, 0xC7, 0x1F, 0x80,
    0x1F, 0x0F, 0xFE, 0x7F, 0xFF, 0xFF, 0xFF, 0xF1, 0xFF, 0xC3, 0xFF, 0xC7, 0xFF, 0xFF, 0xFF, 0xFF,
    0xBF, 0xFF, 0x3F, 0xFC, 0x00, 0x07, 0xFF, 0x00, 0x00, 0x1F, 0xFC, 0x00, 0x00, 0x7F, 0xF0, 0x00,
    0x00, 0x00, 0x00, 0x00, 0x00, 0x00, 0x00, 0x00, 0x00, 0x00, 0x00, 0x00, 0x7F, 0xFF, 0x80, 0x03,
    0xFF, 0xFE, 0x00, 0x1F, 0xFF, 0xF8, 0x00, 0x7F, 0xFF, 0xE0, 0x03, 0xFF, 0x00, 0x00, 0x1F, 0xFC,
    0x00, 0x00, 0x7F, 0xF0, 0x00, 0x03, 0xF7, 0xC0, 0x00, 0x1F, 0x9F, 0xFF, 0x00, 0x7C, 0x7F, 0xFC,
    0x03, 0xF1, 0xFF, 0xF0, 0x0F, 0x87, 0xFF, 0xC0, 0x7F, 0xFF, 0x00, 0x03, 0xFF, 0xFC, 0x00, 0x0F,
    0xFF, 0xF0, 0x00, 0x7F, 0xFF, 0xC0, 0x01, 0xF0, 0x1F, 0x00, 0x0F, 0xC0, 0x7F, 0xFF, 0x7E, 0x01,
    0xFF, 0xFD, 0xF8, 0x07, 0xFF, 0xFF, 0xC0, 0x1F, 0xFF, 0xC0, 0x01, 0xFF, 0x80, 0x00, 0xFF, 0xC0,
    0x00, 0x7F, 0xE0, 0x00, 0x00, 0x00, 0x00, 0x00, 0x00, 0x00, 0x00, 0x00, 0x00, 0xFF, 0x8F, 0xE0,
    0xFF, 0xFF, 0xFC, 0x7F, 0xFF, 0xFF, 0x1F, 0xFF, 0xFF, 0x8E, 0x3F, 0xCF, 0xE0, 0x0F, 0xC1, 0xF1,
    0xFF, 0xFF, 0xFB, 0xFF, 0xFF, 0xFF, 0xFF, 0xFF, 0xFF, 0xF8, 0xFC, 0x00, 0xF8, 0x3E, 0x00, 0x7E,
    0x3F, 0xE7, 0xBF, 0xFF, 0xFF, 0xDF, 0xFF, 0xFF, 0xE7, 0xFF, 0xFF, 0xF1, 0xFF, 0xBF, 0xF0, 0x01,
    0xFF, 0x80, 0x1F, 0xFF, 0x81, 0xFF, 0xFC, 0x07, 0xFF, 0xF0, 0x3F, 0xC7, 0xC1, 0xFC, 0x00, 0x07,
    0xE0, 0x00, 0x1F, 0x00, 0x00, 0xFC, 0x00, 0x03, 0xF0, 0x0F, 0x8F, 0xC0, 0x3E, 0x3F, 0x00, 0xF8,
    0xFC, 0x1F, 0xFD, 0xF0, 0x7F, 0xF7, 0xE1, 0xFF, 0xDF, 0xC0, 0xF8, 0x3F, 0xC7, 0xE0, 0xFF, 0xFF,
    0x81, 0xFF, 0xFE, 0x03, 0xFF, 0xF8, 0x03, 0xFF, 0xC0, 0x0F, 0xFE, 0x07, 0xFF, 0xC3, 0xFF, 0xF1,
    0xFF, 0xFC, 0x7F, 0x3F, 0x3F, 0x0F, 0xCF, 0xCF, 0xFF, 0xE3, 0xFF, 0xFC, 0xFF, 0xFF, 0x0F, 0xCF,
    0xE7, 0xF1, 0xFF, 0xFC, 0x7F, 0xFF, 0x0F, 0xFF, 0xC0, 0xFF, 0xF0, 0x00, 0xFC, 0x00, 0x3E, 0x0E,
    0x3F, 0x87, 0xFF, 0xE1, 0xFF, 0xF0, 0x7F, 0xF8, 0x0F, 0xFC, 0x00, 0x01, 0xC6, 0x00, 0x3F, 0xE0,
    0x07, 0xFC, 0x00, 0x7F, 0x00, 0x07, 0xC0, 0x00, 0x70, 0x00, 0x00, 0x00, 0x00, 0x00, 0x01, 0xFF,
    0x80, 0xFF, 0xFC, 0x7F, 0xFF, 0x0F, 0xFF, 0xE3, 0xFC, 0x7C, 0xFE, 0x00, 0x1F, 0x80, 0x03, 0xE0,
    0x00, 0xFC, 0x00, 0x1F, 0x80, 0x03, 0xF0, 0x0F, 0xFE, 0x01, 0xFF, 0xC0, 0x3E, 0xF8, 0x07, 0xDF,
    0x80, 0xFB, 0xF8, 0x1F, 0x3F, 0xC7, 0xE7, 0xFF, 0xFC, 0x7F, 0xFF, 0x87, 0xFF, 0xF0, 0x3F, 0xFC,
    0x06, 0x38, 0x0F, 0xFC, 0x0F, 0xFC, 0x07, 0xF0, 0x03, 0xE0, 0x00, 0xC0, 0x00, 0x00, 0x00, 0x00,
    0x0F, 0xFE, 0x1F, 0xFF, 0x3F, 0xFF, 0x7F, 0xFF, 0x7F, 0x3F, 0xFC, 0x3F, 0xFC, 0x3F, 0xFC, 0x3F,
    0xFC, 0x3F, 0xFC, 0x3F, 0xFE, 0x7F, 0x7F, 0xFF, 0x7F, 0xFF, 0x3F, 0xFF, 0x0F, 0xFF, 0x00, 0x3F,
    0x00, 0x3E, 0x38, 0xFE, 0x7F, 0xFE, 0x7F, 0xFC, 0x7F, 0xF8, 0x3F, 0xF0, 0x06, 0x38, 0x01, 0xFF,
    0x80, 0x3F, 0xE0, 0x03, 0xF8, 0x00, 0x3E, 0x00, 0x01, 0x80, 0x00, 0x00, 0x00, 0x00, 0x00, 0xFC,
    0x0F, 0xDF, 0x83, 0xF3, 0xF0, 0xFC, 0x7E, 0x3F, 0x8F, 0xCF, 0xE1, 0xFB, 0xF8, 0x3F, 0xFE, 0x07,
    0xFF, 0x80, 0xFF, 0xE0, 0x1F, 0xF8, 0x03, 0xFF, 0x80, 0x7F, 0xF8, 0x0F, 0xFF, 0x81, 0xFF, 0xF8,
    0x3F, 0x7F, 0x07, 0xE7, 0xF0, 0xFC, 0x7F, 0x1F, 0x87, 0xF3, 0xF0, 0x7F, 0x7E, 0x07, 0xEF, 0xC0,
    0xFE, 0x61, 0x80, 0xFF, 0xC0, 0x7F, 0x80, 0x3F, 0x00, 0x0C, 0x00, 0x00, 0x00, 0xF8, 0x00, 0xF8,
    0x00, 0xF8, 0x00, 0xF8, 0x00, 0xF8, 0x00, 0xF8, 0x00, 0xF8, 0x00, 0xF8, 0x00, 0xF8, 0x7E, 0xF8,
    0xFE, 0xF9, 0xFC, 0xFB, 0xF8, 0xFB, 0xF0, 0xFF, 0xE0, 0xFF, 0xC0, 0xFF, 0x80, 0xFF, 0xC0, 0xFF,
    0xE0, 0xFF, 0xF0, 0xFB, 0xF8, 0xF9, 0xFC, 0xF8, 0xFC, 0xF8, 0x7E, 0xF8, 0x3F, 0x01, 0xFF, 0x00,
    0x1F, 0xFF, 0x01, 0xFF, 0xFE, 0x07, 0xFF, 0xFC, 0x3F, 0xCF, 0xF9, 0xFC, 0x07, 0xE7, 0xE0, 0x0F,
    0xDF, 0x00, 0x3F, 0xFC, 0x00, 0xFF, 0xF0, 0x01, 0xFF, 0xC0, 0x07, 0xFF, 0x00, 0x1F, 0xFC, 0x00,
    0xFD, 0xF0, 0x03, 0xF7, 0xE0, 0x0F, 0xDF, 0xC0, 0x7E, 0x3F, 0xCF, 0xF8, 0xFF, 0xFF, 0xC1, 0xFF,
    0xFE, 0x01, 0xFF, 0xF0, 0x01, 0xFF, 0x00, 0x00, 0xF8, 0x00, 0x07, 0xC0, 0x00, 0x1F, 0x00, 0x00,
    0x7F, 0x00, 0x01, 0xFC, 0x00, 0x03, 0xF0, 0x00, 0x07, 0xF0, 0x0F, 0xFE, 0x0F, 0xFF, 0x8F, 0xFF,
    0xE7, 0xF7, 0xF7, 0xE0, 0xFB, 0xF0, 0x7F, 0xF8, 0x3F, 0xFC, 0x1F, 0xFE, 0x0F, 0xFF, 0x07, 0xCF,
    0xEF, 0xE7, 0xFF, 0xF1, 0xFF, 0xF0, 0x7F, 0xF0, 0x1F, 0xF0, 0x01, 0xE0, 0x01, 0xE0, 0x01, 0xF4,
    0x00, 0xFE, 0x00, 0x7F, 0x80, 0x1F, 0xC0, 0x03, 0xFF, 0x80, 0x0F, 0xFE, 0x00, 0x3F, 0xF8, 0x00,
    0x00, 0x00, 0x00, 0x00, 0x00, 0x00, 0x00, 0x00, 0x1F, 0xF0, 0x01, 0xFF, 0xF0, 0x1F, 0xFF, 0xE0,
    0x7F, 0xFF, 0xC3, 0xFC, 0xFF, 0x9F, 0xC0, 0x7E, 0x7E, 0x00, 0xFD, 0xF0, 0x03, 0xFF, 0xC0, 0x0F,
    0xFF, 0x00, 0x1F, 0xFC, 0x00, 0x7F, 0xF0, 0x01, 0xFF, 0xC0, 0x0F, 0xDF, 0x00, 0x3F, 0x7E, 0x00,
    0xFD, 0xFC, 0x07, 0xE3, 0xFC, 0xFF, 0x8F, 0xFF, 0xFC, 0x1F, 0xFF, 0xE0, 0x1F, 0xFF, 0x00, 0x1F,
    0xF0, 0x00, 0x0F, 0x80, 0x00, 0x7C, 0x00, 0x01, 0xF0, 0x00, 0x07, 0xF0, 0x00, 0x1F, 0xC0, 0x00,
    0x3F, 0x00, 0x1F, 0xFC, 0x0F, 0xFE, 0x07, 0xFF, 0x00, 0x00, 0x00, 0x00, 0x00, 0x00, 0x00, 0x1F,
    0xC0, 0x3F, 0xF8, 0x3F, 0xFE, 0x3F, 0xFF, 0x9F, 0xDF, 0xDF, 0x83, 0xEF, 0xC1, 0xFF, 0xE0, 0xFF,
    0xF0, 0x7F, 0xF8, 0x3F, 0xFC, 0x1F, 0x3F, 0xBF, 0x9F, 0xFF, 0xC7, 0xFF, 0xC1, 0xFF, 0xC0, 0x7F,
    0xC0, 0x07, 0x80, 0x07, 0x80, 0x07, 0xD0, 0x03, 0xF8, 0x01, 0xFE, 0x00, 0x7F, 0x00, 0x06, 0x18,
    0x03, 0xFF, 0x00, 0xFF, 0xC0, 0x0F, 0xE0, 0x01, 0xF0, 0x00, 0x30, 0x00, 0x00, 0x00, 0x00, 0x00,
    0x7F, 0xFF, 0x9F, 0xFF, 0xE7, 0xFF, 0xF9, 0xFF, 0xFE, 0x00, 0x7F, 0x00, 0x3F, 0x80, 0x1F, 0x80,
    0x0F, 0xC0, 0x07, 0xFC, 0x01, 0xFF, 0xC0, 0x7F, 0xF8, 0x01, 0xFE, 0x00, 0x1F, 0x80, 0x03, 0xF0,
    0x00, 0xFC, 0x80, 0x3F, 0x7C, 0x7F, 0x9F, 0xFF, 0xEF, 0xFF, 0xF1, 0xFF, 0xF8, 0x1F, 0xF8, 0x00,
    0x0C, 0x70, 0x3F, 0xF0, 0x7F, 0xC0, 0x7F, 0x00, 0x7C, 0x00, 0x70, 0x00, 0x00, 0x00, 0x00, 0x00,
    0x00, 0xFF, 0xF9, 0xFF, 0xF3, 0xFF, 0xE7, 0xFF, 0xC0, 0x3F, 0x80, 0x7E, 0x01, 0xF8, 0x07, 0xE0,
    0x1F, 0x80, 0x3F, 0xC0, 0xFF, 0xC0, 0xFF, 0xC0, 0x3F, 0x80, 0x1F, 0x80, 0x1F, 0x00, 0x3E, 0x00,
    0xFD, 0xC7, 0xFF, 0xFF, 0xEF, 0xFF, 0xDF, 0xFF, 0x1F, 0xF8, 0x00, 0x0C, 0x70, 0xFF, 0xC7, 0xFC,
    0x1F, 0xC0, 0x7C, 0x00, 0xC0, 0x00, 0x00, 0x00, 0x07, 0xC0, 0x3E, 0x01, 0xF0, 0x0F, 0x80, 0x7C,
    0x03, 0xE0, 0x1F, 0x00, 0xF8, 0x07, 0xC0, 0x3E, 0x01, 0xF0, 0x0F, 0x80, 0x7C, 0x03, 0xE0, 0x1F,
    0x00, 0xF8, 0x07, 0xC2, 0x7E, 0x1F, 0xF0, 0xFF, 0x07, 0xF8, 0x3F, 0x00, 0xFF, 0xF8, 0x07, 0xFF,
    0xFB, 0xFF, 0xF8, 0x1F, 0xFF, 0xEF, 0xFF, 0xF0, 0x7F, 0xFF, 0xBF, 0xFF, 0xE1, 0xFF, 0xFE, 0xFC,
    0x7F, 0xC0, 0x03, 0xF3, 0xF0, 0x3F, 0x80, 0x1F, 0x8F, 0xC0, 0x7E, 0x00, 0xFE, 0x3F, 0x01, 0xF8,
    0x07, 0xF0, 0xFC, 0x03, 0xF0, 0x1F, 0x83, 0xF0, 0x0F, 0xC0, 0xFC, 0x0F, 0xC0, 0x3F, 0x07, 0xE0,
    0x3F, 0x00, 0xFC, 0x3F, 0x80, 0xFC, 0x03, 0xE0, 0xFC, 0x03, 0xF0, 0x1F, 0x87, 0xE0, 0x0F, 0xC0,
    0x7E, 0x3F, 0x00, 0x3F, 0x03, 0xF8, 0xFC, 0x00, 0xFC, 0x7F, 0xC7, 0xE0, 0x03, 0xFF, 0xFE, 0x3F,
    0xFF, 0xFF, 0xFF, 0xF0, 0xFF, 0xFF, 0xFF, 0xFF, 0x83, 0xFF, 0xFF, 0xFF, 0xF8, 0x0F, 0xFF, 0xFC,
    0xFF, 0xF8, 0x00, 0x00, 0x1F, 0xFF, 0xC0, 0x00, 0x03, 0xFF, 0xFC, 0x00, 0x00, 0x7F, 0xFF, 0xC0,
    0x00, 0x0F, 0xC7, 0xFC, 0x00, 0x01, 0xF8, 0x1F, 0xCF, 0xFF, 0xFF, 0x01, 0xF9, 0xFF, 0xFF, 0xE0,
    0x3F, 0x3F, 0xFF, 0xFC, 0x03, 0xF7, 0xFF, 0xFF, 0x80, 0x7E, 0x01, 0xFB, 0xF0, 0x0F, 0xC0, 0x7E,
    0x7E, 0x01, 0xF8, 0x1F, 0x8F, 0xC0, 0x3E, 0x07, 0xE1, 0xF8, 0x0F, 0xC1, 0xF8, 0x3F, 0x01, 0xF8,
    0x7E, 0x07, 0xE0, 0x7F, 0x0F, 0xC0, 0xFC, 0x7F, 0xC3, 0xF0, 0x1F, 0xFF, 0xF0, 0xFF, 0xFF, 0xFF,
    0xFC, 0x1F, 0xFF, 0xFF, 0xFF, 0x03, 0xFF, 0xFF, 0xFF, 0x80, 0x7F, 0xFE, 0x00, 0x1F, 0x00, 0x00,
    0x00, 0x1F, 0x00, 0x00, 0x00, 0x1F, 0x00, 0x00, 0x00, 0x1F, 0x00, 0x00, 0x00, 0x1F, 0x00, 0x00,
    0x00, 0x1F, 0x00, 0x00, 0x00, 0x1F, 0x00, 0x00, 0x00, 0x1F, 0x00, 0x00, 0x0F, 0xFF, 0x1F, 0xFF,
    0x1F, 0xFF, 0x1F, 0xFF, 0x3F, 0xFF, 0x1F, 0xFF, 0x7F, 0xFF, 0x1F, 0xFF, 0x7F, 0x7F, 0x00, 0x7E,
    0xFC, 0x1F, 0x00, 0xFC, 0xFC, 0x1F, 0x01, 0xF8, 0xFC, 0x1F, 0x03, 0xF0, 0xFC, 0x1F, 0x03, 0xE0,
    0xFC, 0x1F, 0x07, 0xE0, 0xFC, 0x1F, 0x0F, 0xC0, 0x7F, 0x3F, 0x1F, 0x80, 0x7F, 0xFF, 0x1F, 0xFF,
    0x3F, 0xFF, 0x3F, 0xFF, 0x1F, 0xFF, 0x3F, 0xFF, 0x07, 0xFE, 0x3F, 0xFF, 0x00, 0x0C, 0x00, 0x03,
    0xC0, 0x00, 0xFC, 0x00, 0x3F, 0x80, 0x0F, 0xC0, 0x01, 0xF0, 0x00, 0x1C, 0x00, 0x00, 0x00, 0x00,
    0x00, 0x00, 0x3F, 0xF0, 0x1F, 0xFF, 0x8F, 0xFF, 0xE1, 0xFF, 0xFC, 0x7F, 0x8F, 0x9F, 0xC0, 0x03,
    0xF0, 0x00, 0x7C, 0x00, 0x1F, 0x80, 0x03, 0xF0, 0x00, 0x7E, 0x01, 0xFF, 0xC0, 0x3F, 0xF8, 0x07,
    0xDF, 0x00, 0xFB, 0xF0, 0x1F, 0x7F, 0x03, 0xE7, 0xF8, 0xFC, 0xFF, 0xFF, 0x8F, 0xFF, 0xF0, 0xFF,
    0xFE, 0x07, 0xFF, 0x80, 0x00, 0x30, 0x00, 0x78, 0x00, 0xFC, 0x00, 0xFC, 0x01, 0xF8, 0x01, 0xE0,
    0x00, 0xC0, 0x00, 0x00, 0x00, 0x00, 0x0F, 0xFE, 0x1F, 0xFF, 0x3F, 0xFF, 0x7F, 0xFF, 0x7F, 0x3F,
    0xFC, 0x3F, 0xFC, 0x3F, 0xFC, 0x3F, 0xFC, 0x3F, 0xFC, 0x3F, 0xFE, 0x7F, 0x7F, 0xFF, 0x7F, 0xFF,
    0x3F, 0xFF, 0x0F, 0xFF, 0x00, 0x3F, 0x00, 0x3E, 0x38, 0xFE, 0x7F, 0xFE, 0x7F, 0xFC, 0x7F, 0xF8,
    0x3F, 0xF0, 0xFC, 0x07, 0xC0, 0x03, 0xF0, 0x1F, 0x00, 0x0F, 0xC0, 0x7C, 0x00, 0x3F, 0x01, 0xF0,
    0x00, 0xFC, 0x07, 0xC0, 0x03, 0xF0, 0x1F, 0x03, 0xEF, 0xC0, 0x7C, 0x0F, 0xBF, 0x01, 0xF0, 0x3E,
    0xFF, 0xFF, 0xC0, 0xFB, 0xFF, 0xFF, 0x03, 0xEF, 0xFF, 0xFC, 0x0F, 0xBF, 0xFF, 0xF0, 0x3E, 0xFC,
    0x07, 0xC0, 0xFB, 0xF0, 0x1F, 0x03, 0xEF, 0xC0, 0x7E, 0x0F, 0xBF, 0x01, 0xF8, 0x7E, 0xFC, 0x07,
    0xF3, 0xFB, 0xF0, 0x0F, 0xFF, 0xEF, 0xC0, 0x3F, 0xFF, 0x3F, 0x00, 0x7F, 0xF8, 0xFC, 0x00, 0x7F,
    0xC0, 0x1F, 0xF8, 0x3F, 0xFF, 0x8F, 0xFF, 0xF3, 0xFF, 0xFE, 0xFC, 0x7F, 0xBF, 0x07, 0xFF, 0xC0,
    0xFF, 0xF0, 0x3F, 0xFC, 0x0F, 0xFF, 0x03, 0xFF, 0xC0, 0xFF, 0xF0, 0x7E, 0xFC, 0x1F, 0xBF, 0x0F,
    0xCF, 0xC7, 0xF3, 0xF7, 0xF8, 0xFF, 0xFC, 0x3F, 0xFE, 0x0F, 0xFE, 0x03, 0xFF, 0x00, 0xFE, 0x00,
    0x3F, 0x00, 0x0F, 0xC0, 0x03, 0xF0, 0x00, 0xFC, 0x00, 0x3F, 0x00, 0x0F, 0xC0, 0x00, 0x01, 0x80,
    0x00, 0x70, 0x00, 0x1F, 0x00, 0x03, 0xF0, 0x00, 0x3F, 0x00, 0x03, 0xE0, 0x00, 0x18, 0x00, 0x00,
    0x00, 0x00, 0x00, 0x1F, 0x00, 0x7F, 0xF0, 0x0F, 0xFF, 0x01, 0xFF, 0xF0, 0x3F, 0xFF, 0x07, 0xFF,
    0xF0, 0xFF, 0xFE, 0x1F, 0xFF, 0xE3, 0xFF, 0xFE, 0x7F, 0xF7, 0xEF, 0xFE, 0xFD, 0xFF, 0xCF, 0xFF,
    0xF8, 0xFF, 0xFF, 0x0F, 0xFF, 0xE1, 0xFF, 0xFC, 0x1F, 0xFF, 0x81, 0xFF, 0xF0, 0x3F, 0xFE, 0x03,
    0xFF, 0xC0, 0x3F, 0xF8, 0x07, 0xC0, 0x04, 0x00, 0x1C, 0x00, 0x7C, 0x00, 0xFC, 0x00, 0xFC, 0x00,
    0xF8, 0x00, 0x60, 0x00, 0x00, 0x00, 0x01, 0xFF, 0xC3, 0xFF, 0xE7, 0xFF, 0xEF, 0xFF, 0xDF, 0x1F,
    0xBE, 0x1F, 0xFC, 0x3F, 0xF8, 0x7F, 0xF0, 0xFF, 0xE1, 0xFF, 0xC3, 0xFF, 0x87, 0xFF, 0x0F, 0xFE,
    0x1F, 0xFC, 0x3F, 0xF8, 0x7E, 0x00, 0x1C, 0x00, 0x00, 0xF8, 0x00, 0x03, 0xF0, 0x00, 0x07, 0x00,
    0x00, 0x00, 0x00, 0x00, 0x0F, 0x80, 0x00, 0x3F, 0x00, 0x00, 0x7F, 0x00, 0x00, 0xFE, 0x00, 0x01,
    0xFC, 0x00, 0x07, 0xF8, 0x00, 0x0F, 0xF0, 0x00, 0x3F, 0xF0, 0x00, 0x7F, 0xE0, 0x00, 0xFF, 0xE0,
    0x03, 0xF7, 0xC0, 0x07, 0xCF, 0x80, 0x1F, 0x9F, 0x80, 0x3E, 0x1F, 0x00, 0x7C, 0x3F, 0x01, 0xF8,
    0x3E, 0x03, 0xFF, 0xFC, 0x07, 0xFF, 0xFC, 0x1F, 0xFF, 0xF8, 0x3F, 0xFF, 0xF0, 0xFC, 0x03, 0xF1,
    0xF8, 0x07, 0xE3, 0xF0, 0x07, 0xEF, 0xC0, 0x0F, 0xDF, 0x80, 0x1F, 0x80, 0x00, 0xC0, 0x07, 0xC0,
    0x3F, 0x00, 0x7C, 0x00, 0x60, 0x00, 0x00, 0x01, 0xF0, 0x03, 0xE0, 0x0E, 0xE0, 0x1D, 0xC0, 0x3B,
    0x80, 0x3E, 0x00, 0x7C, 0x00, 0x00, 0x00, 0x00, 0x1F, 0xF0, 0x7F, 0xF8, 0xFF, 0xF8, 0xFF, 0xF1,
    0xC7, 0xE0, 0x07, 0xC3, 0xFF, 0x9F, 0xFF, 0xFF, 0xFF, 0xFC, 0x7F, 0xF0, 0xFF, 0xF1, 0xFF, 0xFF,
    0xFF, 0xFF, 0xEF, 0xFF, 0xCF, 0xFF, 0x00, 0x00, 0x00, 0x18, 0x00, 0x00, 0x00, 0xF0, 0x00, 0x00,
    0x03, 0xE0, 0x00, 0x00, 0x1F, 0x80, 0x00, 0x00, 0xFC, 0x00, 0x00, 0x03, 0xC0, 0x00, 0x00, 0x06,
    0x00, 0x00, 0x00, 0x00, 0x00, 0x00, 0x00, 0x00, 0x00, 0x00, 0x1F, 0xFF, 0xE0, 0x00, 0xFF, 0xFF,
    0x80, 0x07, 0xFF, 0xFE, 0x00, 0x1F, 0xFF, 0xF8, 0x00, 0xFF, 0xC0, 0x00, 0x07, 0xFF, 0x00, 0x00,
    0x1F, 0xFC, 0x00, 0x00, 0xFD, 0xF0, 0x00, 0x07, 0xE7, 0xFF, 0xC0, 0x1F, 0x1F, 0xFF, 0x00, 0xFC,
    0x7F, 0xFC, 0x03, 0xE1, 0xFF, 0xF0, 0x1F, 0xFF, 0xC0, 0x00, 0xFF, 0xFF, 0x00, 0x03, 0xFF, 0xFC,
    0x00, 0x1F, 0xFF, 0xF0, 0x00, 0x7C, 0x07, 0xC0, 0x03, 0xF0, 0x1F, 0xFF, 0xDF, 0x80, 0x7F, 0xFF,
    0x7E, 0x01, 0xFF, 0xFF, 0xF0, 0x07, 0xFF, 0xF0, 0x00, 0x03, 0x00, 0x00, 0x03, 0xC0, 0x00, 0x03,
    0xF0, 0x00, 0x03, 0xF0, 0x00, 0x03, 0xF0, 0x00, 0x01, 0xF0, 0x00, 0x00, 0x70, 0x00, 0x00, 0x00,
    0x00, 0x00, 0x00, 0x00, 0x1F, 0xF1, 0xFC, 0x1F, 0xFF, 0xFF, 0x8F, 0xFF, 0xFF, 0xE3, 0xFF, 0xFF,
    0xF1, 0xC7, 0xF9, 0xFC, 0x01, 0xF8, 0x3E, 0x3F, 0xFF, 0xFF, 0x7F, 0xFF, 0xFF, 0xFF, 0xFF, 0xFF,
    0xFF, 0x1F, 0x80, 0x1F, 0x07, 0xC0, 0x0F, 0xC7, 0xFC, 0xF7, 0xFF, 0xFF, 0xFB, 0xFF, 0xFF, 0xFC,
    0xFF, 0xFF, 0xFE, 0x3F, 0xF7, 0xFE, 0x00, 0x00, 0x18, 0x00, 0x00, 0xF0, 0x00, 0x07, 0xE0, 0x00,
    0x1F, 0x80, 0x00, 0xFC, 0x00, 0x03, 0xC0, 0x00, 0x06, 0x00, 0x00, 0x00, 0x00, 0x00, 0x00, 0x30,
    0x07, 0xFD, 0xE0, 0x7F, 0xFF, 0x87, 0xFF, 0xFC, 0x1F, 0xFF, 0xF0, 0xFF, 0x3F, 0xE7, 0xF0, 0x7F,
    0x9F, 0x83, 0xFF, 0x7C, 0x1F, 0xFF, 0xF0, 0xFB, 0xFF, 0xC3, 0xEF, 0xFF, 0x1F, 0x1F, 0xFC, 0xF8,
    0x7F, 0xF7, 0xC3, 0xF7, 0xFE, 0x0F, 0xDF, 0xF0, 0x3F, 0x7F, 0xC1, 0xF8, 0xFF, 0x3F, 0xE3, 0xFF,
    0xFF, 0x0F, 0xFF, 0xF8, 0x7F, 0xFF, 0xC1, 0xE7, 0xFC, 0x01, 0x80, 0x00, 0x00, 0x00, 0xC0, 0x00,
    0x70, 0x00, 0x7C, 0x00, 0x7E, 0x00, 0x7E, 0x00, 0x3E, 0x00, 0x0C, 0x00, 0x00, 0x00, 0x00, 0x06,
    0x03, 0xFF, 0x87, 0xFF, 0xC7, 0xFF, 0xC7, 0xFF, 0xF3, 0xF3, 0xFB, 0xF3, 0xFD, 0xF3, 0xFF, 0xF9,
    0xEF, 0xFD, 0xEF, 0xFF, 0xE7, 0xFF, 0xE3, 0xE7, 0xF7, 0xF3, 0xFF, 0xF8, 0xFF, 0xF8, 0xFF, 0xF8,
    0x7F, 0xF0, 0x18, 0x00, 0x00, 0x03, 0x0C, 0x00, 0x1E, 0x3C, 0x00, 0x3E, 0xFC, 0x00, 0x3E, 0xF8,
    0x00, 0x3E, 0xF8, 0x00, 0x3C, 0xF0, 0x00, 0x30, 0xC0, 0x00, 0x00, 0x00, 0x00, 0x00, 0x00, 0x01,
    0xF8, 0x00, 0x03, 0xF8, 0x00, 0x0F, 0xF0, 0x00, 0x1F, 0xF0, 0x00, 0x7F, 0xE0, 0x00, 0xFF, 0xC0,
    0x01, 0xFF, 0xC0, 0x07, 0xCF, 0x80, 0x0F, 0x9F, 0x80, 0x3E, 0x1F, 0x00, 0x7C, 0x3E, 0x01, 0xF8,
    0x3E, 0x03, 0xFF, 0xFC, 0x07, 0xFF, 0xFC, 0x1F, 0xFF, 0xF8, 0x3F, 0xFF, 0xF0, 0x7C, 0x03, 0xF1,
    0xF8, 0x07, 0xE3, 0xF0, 0x07, 0xEF, 0xC0, 0x0F, 0xDF, 0x80, 0x1F, 0x80, 0x30, 0xC1, 0xE3, 0xC3,
    0xEF, 0x83, 0xEF, 0x83, 0xEF, 0x83, 0xCF, 0x03, 0x0C, 0x00, 0x00, 0x00, 0x00, 0x7F, 0xC1, 0xFF,
    0xE3, 0xFF, 0xE3, 0xFF, 0xC7, 0x1F, 0x80, 0x1F, 0x0F, 0xFE, 0x7F, 0xFF, 0xFF, 0xFF, 0xF1, 0xFF,
    0xC3, 0xFF, 0xC7, 0xFF, 0xFF, 0xFF, 0xFF, 0xBF, 0xFF, 0x3F, 0xFC, 0x00, 0xFC, 0x00, 0x03, 0xFC,
    0x00, 0x0F, 0xFC, 0x00, 0x1F, 0x78, 0x00, 0x3C, 0x70, 0x00, 0x00, 0x00, 0x00, 0x00, 0x00, 0x00,
    0x7E, 0x00, 0x00, 0xFE, 0x00, 0x03, 0xFC, 0x00, 0x07, 0xFC, 0x00, 0x1F, 0xF8, 0x00, 0x3F, 0xF0,
    0x00, 0x7F, 0xF0, 0x01, 0xF3, 0xE0, 0x03, 0xE7, 0xE0, 0x0F, 0x87, 0xC0, 0x1F, 0x0F, 0x80, 0x7E,
    0x0F, 0x80, 0xFF, 0xFF, 0x01, 0xFF, 0xFF, 0x07, 0xFF, 0xFE, 0x0F, 0xFF, 0xFC, 0x1F, 0x00, 0xFC,
    0x7E, 0x01, 0xF8, 0xFC, 0x01, 0xFB, 0xF0, 0x03, 0xF7, 0xE0, 0x07, 0xE0, 0x0F, 0xE0, 0x3F, 0xE0,
    0x7F, 0xC1, 0xF7, 0xC3, 0xC7, 0x80, 0x00, 0x00, 0x00, 0x1F, 0xF0, 0x7F, 0xF8, 0xFF, 0xF8, 0xFF,
    0xF1, 0xC7, 0xE0, 0x07, 0xC3, 0xFF, 0x9F, 0xFF, 0xFF, 0xFF, 0xFC, 0x7F, 0xF0, 0xFF, 0xF1, 0xFF,
    0xFF, 0xFF, 0xFF, 0xEF, 0xFF, 0xCF, 0xFF, 0x00, 0x30, 0xE0, 0x79, 0xE0, 0x7D, 0xF0, 0x3E, 0xF8,
    0x3E, 0x7C, 0x1E, 0x38, 0x0C, 0x30, 0x00, 0x00, 0x00, 0x00, 0xFF, 0xFE, 0xFF, 0xFE, 0xFF, 0xFE,
    0xFF, 0xFE, 0xFC, 0x00, 0xFC, 0x00, 0xFC, 0x00, 0xFC, 0x00, 0xFF, 0xFC, 0xFF, 0xFC, 0xFF, 0xFC,
    0xFF, 0xFC, 0xFC, 0x00, 0xFC, 0x00, 0xFC, 0x00, 0xFC, 0x00, 0xFC, 0x00, 0xFF, 0xFF, 0xFF, 0xFF,
    0xFF, 0xFF, 0xFF, 0xFF, 0x18, 0x60, 0x3C, 0xF0, 0x7C, 0xF8, 0x3E, 0x78, 0x1F, 0x7C, 0x0F, 0x3C,
    0x06, 0x18, 0x00, 0x00, 0x00, 0x00, 0x07, 0xF0, 0x1F, 0xFC, 0x3F, 0xFE, 0x7F, 0xFE, 0x7E, 0x7F,
    0xFC, 0x1F, 0xFF, 0xFF, 0xFF, 0xFF, 0xFF, 0xFF, 0xFC, 0x00, 0xFC, 0x00, 0x7F, 0x9E, 0x7F, 0xFE,
    0x3F, 0xFE, 0x1F, 0xFE, 0x07, 0xFC, 0x07, 0xE0, 0x0F, 0xF0, 0x1F, 0xF8, 0x1E, 0xF8, 0x3C, 0x78,
    0x00, 0x00, 0x00, 0x00, 0xFF, 0xFE, 0xFF, 0xFE, 0xFF, 0xFE, 0xFF, 0xFE, 0xFC, 0x00, 0xFC, 0x00,
    0xFC, 0x00, 0xFC, 0x00, 0xFF, 0xFC, 0xFF, 0xFC, 0xFF, 0xFC, 0xFF, 0xFC, 0xFC, 0x00, 0xFC, 0x00,
    0xFC, 0x00, 0xFC, 0x00, 0xFC, 0x00, 0xFF, 0xFF, 0xFF, 0xFF, 0xFF, 0xFF, 0xFF, 0xFF, 0x07, 0xE0,
    0x0F, 0xF8, 0x1F, 0xF8, 0x1F, 0x7C, 0x1E, 0x3C, 0x00, 0x00, 0x00, 0x00, 0x07, 0xF0, 0x1F, 0xFC,
    0x3F, 0xFE, 0x7F, 0xFE, 0x7E, 0x7F, 0xFC, 0x1F, 0xFF, 0xFF, 0xFF, 0xFF, 0xFF, 0xFF, 0xFC, 0x00,
    0xFC, 0x00, 0x7F, 0x9E, 0x7F, 0xFE, 0x3F, 0xFE, 0x1F, 0xFE, 0x07, 0xFC, 0x30, 0x61, 0xE7, 0x87,
    0xDF, 0x0F, 0xBE, 0x1E, 0x7C, 0x78, 0xE0, 0xC1, 0x00, 0x00, 0x00, 0x00, 0x1F, 0x80, 0x7E, 0x01,
    0xF8, 0x07, 0xE0, 0x1F, 0x80, 0x7E, 0x01, 0xF8, 0x07, 0xE0, 0x1F, 0x80, 0x7E, 0x01, 0xF8, 0x07,
    0xE0, 0x1F, 0x80, 0x7E, 0x01, 0xF8, 0x07, 0xE0, 0x1F, 0x80, 0x7E, 0x01, 0xF8, 0x07, 0xE0, 0x1F,
    0x80, 0x30, 0xC1, 0xE7, 0x8F, 0x9F, 0x1F, 0x3C, 0x3E, 0xF8, 0x79, 0xE0, 0xC3, 0x00, 0x00, 0x00,
    0x00, 0x1F, 0x00, 0x7C, 0x01, 0xF0, 0x07, 0xC0, 0x1F, 0x00, 0x7C, 0x01, 0xF0, 0x07, 0xC0, 0x1F,
    0x00, 0x7C, 0x01, 0xF0, 0x07, 0xC0, 0x1F, 0x00, 0x7C, 0x01, 0xF0, 0x07, 0xC0, 0x1F, 0x87, 0xF9,
    0xFF, 0xBC, 0xF7, 0x9E, 0x00, 0x00, 0x00, 0xFC, 0x1F, 0x83, 0xF0, 0x7E, 0x0F, 0xC1, 0xF8, 0x3F,
    0x07, 0xE0, 0xFC, 0x1F, 0x83, 0xF0, 0x7E, 0x0F, 0xC1, 0xF8, 0x3F, 0x07, 0xE0, 0xFC, 0x1F, 0x83,
    0xF0, 0x7E, 0x0F, 0xC0, 0x3F, 0x8F, 0xF9, 0xFF, 0x7D, 0xFF, 0x1E, 0x00, 0x00, 0x00, 0xF8, 0x1F,
    0x03, 0xE0, 0x7C, 0x0F, 0x81, 0xF0, 0x3E, 0x07, 0xC0, 0xF8, 0x1F, 0x03, 0xE0, 0x7C, 0x0F, 0x81,
    0xF0, 0x3E, 0x07, 0xC0, 0x06, 0x0C, 0x00, 0x3C, 0xF0, 0x00, 0xFB, 0xE0, 0x01, 0xF7, 0xC0, 0x03,
    0xCF, 0x80, 0x0F, 0x1E, 0x00, 0x18, 0x30, 0x00, 0x00, 0x00, 0x00, 0x00, 0x00, 0x07, 0xFC, 0x00,
    0x7F, 0xFC, 0x07, 0xFF, 0xF8, 0x1F, 0xFF, 0xF0, 0xFF, 0x3F, 0xE7, 0xF0, 0x1F, 0x9F, 0x80, 0x3F,
    0x7C, 0x00, 0xFF, 0xF0, 0x03, 0xFF, 0xC0, 0x07, 0xFF, 0x00, 0x1F, 0xFC, 0x00, 0x7F, 0xF0, 0x03,
    0xF7, 0xC0, 0x0F, 0xDF, 0x80, 0x3F, 0x7F, 0x01, 0xF8, 0xFF, 0x3F, 0xE3, 0xFF, 0xFF, 0x07, 0xFF,
    0xF8, 0x07, 0xFF, 0xC0, 0x07, 0xFC, 0x00, 0x18, 0x60, 0x1E, 0x78, 0x1F, 0x3E, 0x07, 0xCF, 0x01,
    0xF7, 0xC0, 0x79, 0xE0, 0x18, 0x60, 0x00, 0x00, 0x00, 0x00, 0x03, 0xF8, 0x07, 0xFF, 0x07, 0xFF,
    0xC7, 0xFF, 0xF3, 0xFB, 0xFB, 0xF0, 0x7D, 0xF8, 0x3F, 0xFC, 0x1F, 0xFE, 0x0F, 0xFF, 0x07, 0xFF,
    0x83, 0xE7, 0xF7, 0xF3, 0xFF, 0xF8, 0xFF, 0xF8, 0x3F, 0xF8, 0x07, 0xF0, 0x00, 0x00, 0xFC, 0x00,
    0x07, 0xF8, 0x00, 0x3F, 0xF0, 0x00, 0xFB, 0xC0, 0x03, 0xC7, 0x80, 0x00, 0x00, 0x00, 0x00, 0x00,
    0x00, 0x7F, 0xC0, 0x07, 0xFF, 0xC0, 0x7F, 0xFF, 0x81, 0xFF, 0xFF, 0x0F, 0xF3, 0xFE, 0x7F, 0x01,
    0xF9, 0xF8, 0x03, 0xF7, 0xC0, 0x0F, 0xFF, 0x00, 0x3F, 0xFC, 0x00, 0x7F, 0xF0, 0x01, 0xFF, 0xC0,
    0x07, 0xFF, 0x00, 0x3F, 0x7C, 0x00, 0xFD, 0xF8, 0x03, 0xF7, 0xF0, 0x1F, 0x8F, 0xF3, 0xFE, 0x3F,
    0xFF, 0xF0, 0x7F, 0xFF, 0x80, 0x7F, 0xFC, 0x00, 0x7F, 0xC0, 0x07, 0xE0, 0x07, 0xFC, 0x03, 0xFE,
    0x03, 0xEF, 0x81, 0xE3, 0xC0, 0x00, 0x00, 0x00, 0x00, 0x0F, 0xE0, 0x1F, 0xFC, 0x1F, 0xFF, 0x1F,
    0xFF, 0xCF, 0xEF, 0xEF, 0xC1, 0xF7, 0xE0, 0xFF, 0xF0, 0x7F, 0xF8, 0x3F, 0xFC, 0x1F, 0xFE, 0x0F,
    0x9F, 0xDF, 0xCF, 0xFF, 0xE3, 0xFF, 0xE0, 0xFF, 0xE0, 0x1F, 0xC0, 0x30, 0xC0, 0x0F, 0x3C, 0x03,
    0xE7, 0xC0, 0x3E, 0x78, 0x03, 0xEF, 0x80, 0x3C, 0xF0, 0x03, 0x0C, 0x00, 0x00, 0x00, 0x00, 0x00,
    0x1F, 0xFE, 0x03, 0xFF, 0xF0, 0x7F, 0xFF, 0x8F, 0xFF, 0xF1, 0xF8, 0xFF, 0x3F, 0x07, 0xE7, 0xE0,
    0xFC, 0xFC, 0x1F, 0x9F, 0x83, 0xF3, 0xF1, 0xFE, 0x7F, 0xFF, 0x8F, 0xFF, 0xF1, 0xFF, 0xF8, 0x3F,
    0xFF, 0x07, 0xE7, 0xE0, 0xFC, 0xFE, 0x1F, 0x8F, 0xE3, 0xF0, 0xFC, 0x7E, 0x0F, 0xCF, 0xC1, 0xFD,
    0xF8, 0x1F, 0x80, 0x70, 0xC7, 0x9F, 0x3E, 0xF8, 0xFB, 0xE3, 0xEF, 0x8E, 0x3C, 0x60, 0xC0, 0x00,
    0x00, 0x00, 0xFF, 0xCF, 0xFE, 0x7F, 0xF3, 0xFF, 0x9F, 0x18, 0xF8, 0x07, 0xC0, 0x3E, 0x01, 0xF0,
    0x0F, 0x80, 0x7C, 0x03, 0xE0, 0x1F, 0x00, 0xF8, 0x07, 0xC0, 0x3E, 0x00, 0x07, 0xE0, 0x01, 0xFE,
    0x00, 0x7F, 0xE0, 0x0F, 0x3C, 0x01, 0xE7, 0x80, 0x00, 0x00, 0x00, 0x00, 0x07, 0xFF, 0x80, 0xFF,
    0xFC, 0x1F, 0xFF, 0xE3, 0xFF, 0xFC, 0x7E, 0x3F, 0xCF, 0xC1, 0xF9, 0xF8, 0x3F, 0x3F, 0x07, 0xE7,
    0xE0, 0xFC, 0xFC, 0x7F, 0x9F, 0xFF, 0xE3, 0xFF, 0xFC, 0x7F, 0xFE, 0x0F, 0xFF, 0xC1, 0xF9, 0xF8,
    0x3F, 0x3F, 0x87, 0xE3, 0xF8, 0xFC, 0x3F, 0x1F, 0x83, 0xF3, 0xF0, 0x7F, 0x7E, 0x07, 0xE0, 0x3F,
    0x8F, 0xF9, 0xFF, 0x7D, 0xFF, 0x1E, 0x00, 0x00, 0x03, 0xFF, 0xFF, 0xFF, 0xFF, 0xFF, 0xFC, 0x6F,
    0x81, 0xF0, 0x3E, 0x07, 0xC0, 0xF8, 0x1F, 0x03, 0xE0, 0x7C, 0x0F, 0x81, 0xF0, 0x3E, 0x00, 0x18,
    0x60, 0x0F, 0x3C, 0x03, 0xEF, 0x80, 0x79, 0xF0, 0x1F, 0x3C, 0x03, 0xC7, 0x00, 0x61, 0x80, 0x00,
    0x00, 0x00, 0x00, 0x3E, 0x01, 0xFF, 0x80, 0x7F, 0xE0, 0x1F, 0xF8, 0x07, 0xFE, 0x01, 0xFF, 0x80,
    0x7F, 0xE0, 0x1F, 0xF8, 0x07, 0xFE, 0x01, 0xFF, 0x80, 0x7F, 0xE0, 0x1F, 0xF8, 0x07, 0xFE, 0x01,
    0xFF, 0x80, 0xFF, 0xF0, 0x3F, 0xFC, 0x0F, 0xFF, 0xCF, 0xE7, 0xFF, 0xF8, 0xFF, 0xFC, 0x1F, 0xFE,
    0x03, 0xFE, 0x00, 0x30, 0xC0, 0x79, 0xE0, 0x7D, 0xF0, 0x7C, 0xF8, 0x3E, 0x78, 0x1E, 0x78, 0x0C,
    0x30, 0x00, 0x00, 0x00, 0x00, 0x7C, 0x3E, 0x7C, 0x3E, 0x7C, 0x3E, 0x7C, 0x3E, 0x7C, 0x3E, 0x7C,
    0x3E, 0x7C, 0x3E, 0x7C, 0x3E, 0x7C, 0x3E, 0x7C, 0x3E, 0x7C, 0x3E, 0x7E, 0x3E, 0x7F, 0xFE, 0x3F,
    0xFE, 0x1F, 0xFE, 0x0F, 0xFE, 0x03, 0xF0, 0x01, 0xFE, 0x00, 0xFF, 0xC0, 0x3C, 0xF0, 0x0F, 0x3C,
    0x00, 0x00, 0x00, 0x00, 0x03, 0xE0, 0x1F, 0xF8, 0x07, 0xFE, 0x01, 0xFF, 0x80, 0x7F, 0xE0, 0x1F,
    0xF8, 0x07, 0xFE, 0x01, 0xFF, 0x80, 0x7F, 0xE0, 0x1F, 0xF8, 0x07, 0xFE, 0x01, 0xFF, 0x80, 0x7F,
    0xE0, 0x1F, 0xF8, 0x0F, 0xFF, 0x03, 0xFF, 0xC0, 0xFF, 0xFC, 0xFE, 0x7F, 0xFF, 0x8F, 0xFF, 0xC1,
    0xFF, 0xE0, 0x3F, 0xE0, 0x0F, 0xC0, 0x3F, 0xC0, 0xFF, 0xC1, 0xE7, 0x83, 0xCF, 0x00, 0x00, 0x00,
    0x00, 0x7C, 0x3E, 0xF8, 0x7D, 0xF0, 0xFB, 0xE1, 0xF7, 0xC3, 0xEF, 0x87, 0xDF, 0x0F, 0xBE, 0x1F,
    0x7C, 0x3E, 0xF8, 0x7D, 0xF0, 0xFB, 0xF1, 0xF7, 0xFF, 0xE7, 0xFF, 0xC7, 0xFF, 0x87, 0xFF, 0x00,
    0x0F, 0xF8, 0x3F, 0xFE, 0x7F, 0xFE, 0x7F, 0xFC, 0xFE, 0x3C, 0xFC, 0x00, 0xFC, 0x00, 0xFF, 0x00,
    0x7F, 0xC0, 0x7F, 0xF8, 0x1F, 0xFC, 0x0F, 0xFE, 0x01, 0xFF, 0x00, 0x7F, 0x00, 0x3F, 0x40, 0x3F,
    0x78, 0x7F, 0xFF, 0xFF, 0xFF, 0xFE, 0xFF, 0xFC, 0x3F, 0xF0, 0x00, 0x00, 0x00, 0x00, 0x03, 0xC0,
    0x07, 0xC0, 0x0F, 0xC0, 0x0F, 0xC0, 0x0F, 0x80, 0x1F, 0xF1, 0xFF, 0x9F, 0xFC, 0xFF, 0xEF, 0xC7,
    0x7E, 0x73, 0xFF, 0xCF, 0xFF, 0x7F, 0xF9, 0xFF, 0xC0, 0x7E, 0xE3, 0xFF, 0xFF, 0xFF, 0xFB, 0xFF,
    0x8F, 0xF8, 0x00, 0x00, 0x00, 0x03, 0xE0, 0x1F, 0x03, 0xF8, 0x1F, 0x80, 0xF8, 0x00, 0xFF, 0xFF,
    0xFF, 0xFF, 0xFF, 0xFF, 0xFF, 0xFF, 0xFF, 0xF0, 0x1F, 0x00, 0x03, 0xE0, 0x00, 0x7C, 0x00, 0x0F,
    0x80, 0x01, 0xF0, 0x00, 0x3E, 0x00, 0x07, 0xC0, 0x00, 0xF8, 0x00, 0x1F, 0x00, 0x03, 0xE0, 0x00,
    0x7C, 0x00, 0x0F, 0x80, 0x01, 0xF0, 0x00, 0x3E, 0x00, 0x07, 0xC0, 0x00, 0xF8, 0x00, 0x1F, 0x00,
    0x00, 0x00, 0x00, 0x00, 0x00, 0x0F, 0x80, 0x03, 0xF0, 0x00, 0xFE, 0x00, 0x1F, 0x80, 0x03, 0xE0,
    0x00, 0xF8, 0x1F, 0x03, 0xE0, 0x7C, 0x0F, 0x81, 0xFF, 0xFF, 0xFF, 0xFF, 0xFF, 0xFF, 0x03, 0xE0,
    0x7C, 0x0F, 0x81, 0xF0, 0x3E, 0x07, 0xC0, 0xFC, 0x5F, 0xFD, 0xFF, 0xBF, 0xF1, 0xFE, 0x00, 0x00,
    0x00, 0x78, 0x1F, 0x0F, 0xE1, 0xFC, 0x3F, 0x00, 0x3F, 0xF0, 0x7F, 0xFC, 0x1F, 0xFF, 0x0F, 0xFF,
    0xC7, 0x8F, 0xE0, 0x03, 0xF0, 0x00, 0xFC, 0x00, 0x7C, 0x00, 0x7E, 0x01, 0xFF, 0x07, 0xFF, 0x03,
    0xFF, 0x01, 0xFF, 0xC0, 0xFF, 0xF0, 0x07, 0xF8, 0x00, 0xFE, 0x00, 0x3F, 0x00, 0x0F, 0x80, 0x07,
    0xC0, 0x07, 0xE0, 0x03, 0xF0, 0x03, 0xF8, 0x1F, 0xF9, 0xFF, 0xF8, 0xFF, 0xF8, 0x7F, 0xF8, 0x3F,
    0xF0, 0x00, 0x7F, 0xC3, 0xFF, 0xC7, 0xFF, 0x1F, 0xFE, 0x71, 0xF8, 0x03, 0xE0, 0x0F, 0x81, 0xFE,
    0x1F, 0xF0, 0x7F, 0x81, 0xFF, 0x07, 0xFE, 0x03, 0xF8, 0x03, 0xF0, 0x0F, 0xC0, 0x3F, 0x01, 0xFC,
    0xFF, 0xEF, 0xFF, 0x3F, 0xF8, 0xFF, 0xC3, 0xF8, 0x00, 0x07, 0x18, 0x01, 0xFF, 0x80, 0x1F, 0xF0,
    0x01, 0xFC, 0x00, 0x1F, 0x00, 0x01, 0xC0, 0x00, 0x00, 0x00, 0x00, 0x00, 0xFC, 0x07, 0xFF, 0x80,
    0xFF, 0xF0, 0x1F, 0xFE, 0x03, 0xFF, 0xC0, 0x7F, 0xF8, 0x0F, 0xFF, 0x01, 0xFF, 0xE0, 0x3F, 0xFF,
    0xFF, 0xFF, 0xFF, 0xFF, 0xFF, 0xFF, 0xFF, 0xFF, 0xFF, 0xC0, 0x7F, 0xF8, 0x0F, 0xFF, 0x01, 0xFF,
    0xE0, 0x3F, 0xFC, 0x07, 0xFF, 0x80, 0xFF, 0xF0, 0x1F, 0xFE, 0x03, 0xFF, 0xC0, 0x7E, 0x61, 0x81,
    0xFF, 0x81, 0xFE, 0x01, 0xF8, 0x00, 0xC0, 0x00, 0x00, 0x3E, 0x00, 0x7C, 0x00, 0xF8, 0x01, 0xF0,
    0x03, 0xE0, 0x07, 0xC0, 0x0F, 0x80, 0x1F, 0x00, 0x3F, 0xF8, 0x7F, 0xFC, 0xFF, 0xFD, 0xFF, 0xFB,
    0xF3, 0xF7, 0xC3, 0xFF, 0x87, 0xFF, 0x0F, 0xFE, 0x1F, 0xFC, 0x3F, 0xF8, 0x7F, 0xF0, 0xFF, 0xE1,
    0xFF, 0xC3, 0xFF, 0x87, 0xFF, 0x0F, 0xC0, 0xFC, 0x1F, 0x83, 0xF0, 0x3E, 0x07, 0xC0, 0x0F, 0xC7,
    0xE3, 0xE1, 0xF0, 0xF8, 0x00, 0x0F, 0xC0, 0xFF, 0x0F, 0xFC, 0xF9, 0xEF, 0x87, 0x80, 0x3E, 0x39,
    0xFF, 0xE7, 0xFF, 0x9F, 0xFE, 0x73, 0xF0, 0xFF, 0xEF, 0xFF, 0xFF, 0xF0, 0xE0, 0x7F, 0x0F, 0xFF,
    0xF7, 0xFE, 0x7F, 0xC1, 0xF8, 0x7B, 0xFF, 0xFF, 0x78, 0x70, 0xEF, 0x9F, 0xF9, 0xFF, 0x9E, 0x00,
    0x1F, 0x9F, 0xCE, 0xFF, 0x3B, 0xFD, 0xFC, 0x7C, 0x1F, 0x7E, 0x7D, 0xF9, 0xF3, 0xE7, 0xCF, 0x8F,
    0x3C, 0x00, 0xF8, 0x79, 0xF3, 0xE3, 0xFF, 0x07, 0xF8, 0x0F, 0xC0, 0x3F, 0x0F, 0xF3, 0xFF, 0x79,
    0xEF, 0x3C, 0x1C, 0x78, 0xF3, 0xE7, 0xDF, 0x3E, 0x7C, 0xF8, 0x7D, 0xF7, 0xBE, 0xF0, 0x38, 0x38,
    0x7E, 0x1F, 0x1F, 0xFF, 0xFE, 0xFC, 0x00, 0x1C, 0x3C, 0x78, 0x70, 0x78, 0x7E, 0x7E, 0x3E, 0x03,
    0x00, 0x07, 0x80, 0x0F, 0x80, 0x0F, 0xC0, 0x07, 0xE0, 0x01, 0xE0, 0x00, 0xC0, 0x00, 0x00, 0x00,
    0x00, 0xFF, 0xFE, 0xFF, 0xFE, 0xFF, 0xFE, 0xFF, 0xFE, 0xFC, 0x00, 0xFC, 0x00, 0xFC, 0x00, 0xFC,
    0x00, 0xFF, 0xFC, 0xFF, 0xFC, 0xFF, 0xFC, 0xFF, 0xFC, 0xFC, 0x00, 0xFC, 0x00, 0xFC, 0x00, 0xFC,
    0x00, 0xFC, 0x00, 0xFF, 0xFF, 0xFF, 0xFF, 0xFF, 0xFF, 0xFF, 0xFF, 0x3C, 0x78, 0x3E, 0x7C, 0x7E,
    0xFC, 0x3E, 0x7C, 0x3C, 0x78, 0x00, 0x00, 0x00, 0x00, 0x00, 0x00, 0xFF, 0xFE, 0xFF, 0xFE, 0xFF,
    0xFE, 0xFF, 0xFE, 0xFC, 0x00, 0xFC, 0x00, 0xFC, 0x00, 0xFC, 0x00, 0xFF, 0xFC, 0xFF, 0xFC, 0xFF,
    0xFC, 0xFF, 0xFC, 0xFC, 0x00, 0xFC, 0x00, 0xFC, 0x00, 0xFC, 0x00, 0xFC, 0x00, 0xFF, 0xFF, 0xFF,
    0xFF, 0xFF, 0xFF, 0xFF, 0xFF, 0xFF, 0xFF, 0xE0, 0xFF, 0xFF, 0xE0, 0xFF, 0xFF, 0xE0, 0xFF, 0xFF,
    0xE0, 0x03, 0xF0, 0x00, 0x03, 0xF0, 0x00, 0x03, 0xF0, 0x00, 0x03, 0xF0, 0x00, 0x03, 0xFF, 0xF0,
    0x03, 0xFF, 0xFC, 0x03, 0xFF, 0xFE, 0x03, 0xFF, 0xFF, 0x03, 0xF0, 0xFF, 0x03, 0xF0, 0x1F, 0x03,
    0xF0, 0x1F, 0x03, 0xF0, 0x1F, 0x03, 0xF0, 0x7F, 0x03, 0xF3, 0xFF, 0x03, 0xF3, 0xFE, 0x03, 0xF3,
    0xFC, 0x03, 0xF3, 0xF8, 0x00, 0xC0, 0x01, 0xE0, 0x03, 0xF0, 0x07, 0xF0, 0x07, 0xE0, 0x07, 0x80,
    0x03, 0x00, 0x00, 0x00, 0x00, 0x00, 0xFF, 0xFF, 0xFF, 0xFF, 0xFF, 0xFF, 0xFF, 0xFF, 0xFC, 0x00,
    0xFC, 0x00, 0xFC, 0x00, 0xFC, 0x00, 0xFC, 0x00, 0xFC, 0x00, 0xFC, 0x00, 0xFC, 0x00, 0xFC, 0x00,
    0xFC, 0x00, 0xFC, 0x00, 0xFC, 0x00, 0xFC, 0x00, 0xFC, 0x00, 0xFC, 0x00, 0xFC, 0x00, 0xFC, 0x00,
    0x01, 0xFF, 0x80, 0xFF, 0xFC, 0x7F, 0xFF, 0x9F, 0xFF, 0xE3, 0xFC, 0x7C, 0xFC, 0x00, 0x1F, 0x80,
    0x03, 0xE0, 0x00, 0xFF, 0xFE, 0x1F, 0xFF, 0xC3, 0xFF, 0xF8, 0x7F, 0xFF, 0x0F, 0xC0, 0x01, 0xF8,
    0x00, 0x1F, 0x80, 0x03, 0xF8, 0x06, 0x3F, 0xC7, 0xC7, 0xFF, 0xFC, 0x7F, 0xFF, 0x87, 0xFF, 0xF0,
    0x3F, 0xF8, 0x0F, 0xF8, 0x3F, 0xFE, 0x7F, 0xFE, 0x7F, 0xFC, 0xFE, 0x3C, 0xFC, 0x00, 0xFC, 0x00,
    0xFF, 0x00, 0x7F, 0xC0, 0x7F, 0xF8, 0x1F, 0xFC, 0x0F, 0xFE, 0x01, 0xFF, 0x00, 0x7F, 0x00, 0x3F,
    0x40, 0x3F, 0x78, 0x7F, 0xFF, 0xFF, 0xFF, 0xFE, 0xFF, 0xFC, 0x3F, 0xF0, 0xFF, 0xFF, 0xFF, 0xFF,
    0xFF, 0xFF, 0xFF, 0xFF, 0xFF, 0xFF, 0xFF, 0xFF, 0xFF, 0xFF, 0xFF, 0xFC, 0x71, 0xEF, 0x9F, 0xF9,
    0xFF, 0x9F, 0x71, 0xE0, 0x00, 0x00, 0x00, 0x00, 0x1F, 0x81, 0xF8, 0x1F, 0x81, 0xF8, 0x1F, 0x81,
    0xF8, 0x1F, 0x81, 0xF8, 0x1F, 0x81, 0xF8, 0x1F, 0x81, 0xF8, 0x1F, 0x81, 0xF8, 0x1F, 0x81, 0xF8,
    0x1F, 0x81, 0xF8, 0x1F, 0x81, 0xF8, 0x1F, 0x80, 0x00, 0x7E, 0x00, 0xFC, 0x01, 0xF8, 0x03, 0xF0,
    0x07, 0xE0, 0x0F, 0xC0, 0x1F, 0x80, 0x3F, 0x00, 0x7E, 0x00, 0xFC, 0x01, 0xF8, 0x03, 0xF0, 0x07,
    0xE0, 0x0F, 0xC0, 0x1F, 0x80, 0x3E, 0x79, 0xFC, 0xFF, 0xFB, 0xFF, 0xE7, 0xFF, 0x83, 0xFE, 0x00,
    0x01, 0xFF, 0xFC, 0x00, 0x00, 0x7F, 0xFF, 0x00, 0x00, 0x1F, 0xFF, 0xC0, 0x00, 0x07, 0xFF, 0xF0,
    0x00, 0x01, 0xF0, 0x7C, 0x00, 0x00, 0x7C, 0x1F, 0x00, 0x00, 0x1F, 0x07, 0xC0, 0x00, 0x07, 0xC1,
    0xFF, 0xF0, 0x01, 0xF0, 0x7F, 0xFE, 0x00, 0xFC, 0x1F, 0xFF, 0xE0, 0x3F, 0x07, 0xFF, 0xF8, 0x0F,
    0xC1, 0xF1, 0xFF, 0x03, 0xE0, 0x7C, 0x0F, 0xC1, 0xF8, 0x1F, 0x03, 0xF0, 0x7E, 0x07, 0xC0, 0xFC,
    0x3F, 0x01, 0xF0, 0x3F, 0x7F, 0xC0, 0x7C, 0x3F, 0xFF, 0xE0, 0x1F, 0xFF, 0xEF, 0xF0, 0x07, 0xFF,
    0xF1, 0xF8, 0x01, 0xFF, 0xF8, 0x78, 0x00, 0x7F, 0xF8, 0x00, 0xFC, 0x07, 0xE0, 0x03, 0xF0, 0x1F,
    0x80, 0x0F, 0xC0, 0x7E, 0x00, 0x3F, 0x01, 0xF8, 0x00, 0xFC, 0x07, 0xE0, 0x03, 0xF0, 0x1F, 0x80,
    0x0F, 0xC0, 0x7E, 0x00, 0x3F, 0x01, 0xFF, 0xF0, 0xFF, 0xFF, 0xFF, 0xF3, 0xFF, 0xFF, 0xFF, 0xEF,
    0xFF, 0xFF, 0xFF, 0xBF, 0xFF, 0xF8, 0xFF, 0xFC, 0x07, 0xE0, 0xFF, 0xF0, 0x1F, 0x81, 0xFF, 0xC0,
    0x7E, 0x07, 0xFF, 0x01, 0xF8, 0x3F, 0xFC, 0x07, 0xE3, 0xFF, 0xF0, 0x1F, 0xFF, 0xEF, 0xC0, 0x7F,
    0xFF, 0xBF, 0x01, 0xFF, 0xFC, 0xFC, 0x07, 0xFF, 0xC0, 0xFF, 0xFF, 0xE1, 0xFF, 0xFF, 0xC3, 0xFF,
    0xFF, 0x87, 0xFF, 0xFF, 0x00, 0x3F, 0x00, 0x00, 0x7E, 0x00, 0x00, 0xFC, 0x00, 0x01, 0xF8, 0x00,
    0x03, 0xFF, 0xE0, 0x07, 0xFF, 0xF0, 0x0F, 0xFF, 0xF0, 0x1F, 0xFF, 0xE0, 0x3F, 0x1F, 0xE0, 0x7E,
    0x0F, 0xC0, 0xFC, 0x1F, 0x81, 0xF8, 0x3F, 0x03, 0xF0, 0x7E, 0x07, 0xE0, 0xFC, 0x0F, 0xC1, 0xF8,
    0x1F, 0x83, 0xF0, 0x3F, 0x07, 0xE0, 0x00, 0x18, 0x00, 0x07, 0x80, 0x01, 0xF0, 0x00, 0x7E, 0x00,
    0x1F, 0x80, 0x03, 0xE0, 0x00, 0x38, 0x00, 0x00, 0x00, 0x00, 0x00, 0x1F, 0x81, 0xFB, 0xF0, 0x7E,
    0x7E, 0x1F, 0x8F, 0xC7, 0xF1, 0xF9, 0xFC, 0x3F, 0x7F, 0x07, 0xFF, 0xC0, 0xFF, 0xF0, 0x1F, 0xFC,
    0x03, 0xFF, 0x00, 0x7F, 0xF0, 0x0F, 0xFF, 0x01, 0xFF, 0xF0, 0x3F, 0xFF, 0x07, 0xEF, 0xE0, 0xFC,
    0xFE, 0x1F, 0x8F, 0xE3, 0xF0, 0xFE, 0x7E, 0x0F, 0xEF, 0xC0, 0xFD, 0xF8, 0x1F, 0xC0, 0x00, 0xC0,
    0x00, 0x3C, 0x00, 0x0F, 0x80, 0x01, 0xF8, 0x00, 0x1F, 0x80, 0x00, 0xF0, 0x00, 0x0C, 0x00, 0x00,
    0x00, 0x00, 0x00, 0x1F, 0x80, 0x7F, 0xF0, 0x1F, 0xFE, 0x07, 0xFF, 0xC1, 0xFF, 0xF8, 0x3F, 0xFF,
    0x0F, 0xFF, 0xE3, 0xFF, 0xFC, 0xFF, 0xFF, 0xBF, 0xFF, 0xF7, 0xEF, 0xFF, 0xF9, 0xFF, 0xFE, 0x3F,
    0xFF, 0xC7, 0xFF, 0xF0, 0xFF, 0xFC, 0x1F, 0xFF, 0x03, 0xFF, 0xE0, 0x7F, 0xF8, 0x0F, 0xFE, 0x01,
    0xFF, 0xC0, 0x3F, 0xF0, 0x07, 0xC0, 0x03, 0x87, 0x00, 0x7C, 0xF0, 0x03, 0xFF, 0x00, 0x3F, 0xE0,
    0x00, 0xFC, 0x00, 0x00, 0x00, 0x00, 0x00, 0x00, 0x00, 0x00, 0xFE, 0x03, 0xF7, 0xE0, 0x3F, 0x7F,
    0x03, 0xE3, 0xF0, 0x7E, 0x3F, 0x07, 0xE1, 0xF8, 0x7C, 0x1F, 0x8F, 0xC0, 0xFC, 0xF8, 0x07, 0xDF,
    0x80, 0x7F, 0xF8, 0x03, 0xFF, 0x00, 0x3F, 0xF0, 0x01, 0xFE, 0x00, 0x1F, 0xE0, 0x00, 0xFC, 0x00,
    0x0F, 0xC0, 0x33, 0xF8, 0x03, 0xFF, 0x80, 0x7F, 0xF0, 0x07, 0xFE, 0x00, 0x7F, 0x80, 0x00, 0xFC,
    0x07, 0xFF, 0x80, 0xFF, 0xF0, 0x1F, 0xFE, 0x03, 0xFF, 0xC0, 0x7F, 0xF8, 0x0F, 0xFF, 0x01, 0xFF,
    0xE0, 0x3F, 0xFC, 0x07, 0xFF, 0x80, 0xFF, 0xF0, 0x1F, 0xFE, 0x03, 0xFF, 0xC0, 0x7F, 0xF8, 0x0F,
    0xFF, 0x01, 0xFF, 0xE0, 0x3F, 0xFC, 0x07, 0xFF, 0xFF, 0xFF, 0xFF, 0xFF, 0xFF, 0xFF, 0xFF, 0xFF,
    0xFE, 0x03, 0xE0, 0x00, 0x7C, 0x00, 0x0F, 0x80, 0x01, 0xF0, 0x00, 0x3E, 0x00, 0x07, 0xC0, 0x00,
    0x00, 0xFC, 0x00, 0x01, 0xFC, 0x00, 0x07, 0xF8, 0x00, 0x0F, 0xF8, 0x00, 0x3F, 0xF0, 0x00, 0x7F,
    0xE0, 0x00, 0xFF, 0xE0, 0x03, 0xE7, 0xC0, 0x07, 0xCF, 0xC0, 0x1F, 0x0F, 0x80, 0x3E, 0x1F, 0x00,
    0xFC, 0x1F, 0x01, 0xFF, 0xFE, 0x03, 0xFF, 0xFE, 0x0F, 0xFF, 0xFC, 0x1F, 0xFF, 0xF8, 0x3E, 0x01,
    0xF8, 0xFC, 0x03, 0xF1, 0xF8, 0x03, 0xF7, 0xE0, 0x07, 0xEF, 0xC0, 0x0F, 0xC0, 0xFF, 0xFE, 0x7F,
    0xFF, 0x3F, 0xFF, 0x9F, 0xFF, 0xCF, 0x80, 0x07, 0xC0, 0x03, 0xE0, 0x01, 0xFF, 0xF0, 0xFF, 0xFE,
    0x7F, 0xFF, 0xBF, 0xFF, 0xDF, 0x0F, 0xFF, 0x81, 0xFF, 0xC0, 0xFF, 0xE0, 0x7F, 0xF0, 0x3F, 0xFC,
    0x7F, 0xFF, 0xFF, 0xBF, 0xFF, 0xDF, 0xFF, 0x8F, 0xFF, 0x00, 0xFF, 0xF8, 0x3F, 0xFF, 0x8F, 0xFF,
    0xF3, 0xFF, 0xFC, 0xFC, 0x7F, 0xBF, 0x07, 0xEF, 0xC1, 0xFB, 0xF1, 0xFC, 0xFF, 0xFF, 0x3F, 0xFF,
    0x8F, 0xFF, 0xF3, 0xFF, 0xFE, 0xFC, 0x3F, 0xBF, 0x03, 0xFF, 0xC0, 0xFF, 0xF0, 0x3F, 0xFC, 0x7F,
    0xBF, 0xFF, 0xEF, 0xFF, 0xF3, 0xFF, 0xF8, 0xFF, 0xF8, 0x00, 0xFF, 0xFF, 0xFF, 0xFF, 0xFF, 0xFF,
    0xFF, 0xFF, 0xFC, 0x00, 0xFC, 0x00, 0xFC, 0x00, 0xFC, 0x00, 0xFC, 0x00, 0xFC, 0x00, 0xFC, 0x00,
    0xFC, 0x00, 0xFC, 0x00, 0xFC, 0x00, 0xFC, 0x00, 0xFC, 0x00, 0xFC, 0x00, 0xFC, 0x00, 0xFC, 0x00,
    0xFC, 0x00, 0xFC, 0x00, 0x01, 0xFF, 0xFC, 0x00, 0xFF, 0xFE, 0x00, 0x7F, 0xFF, 0x00, 0x3F, 0xFF,
    0x80, 0x1F, 0x0F, 0xC0, 0x1F, 0x87, 0xE0, 0x0F, 0xC3, 0xF0, 0x07, 0xE1, 0xF8, 0x03, 0xF0, 0xFC,
    0x01, 0xF0, 0x7E, 0x00, 0xF8, 0x3F, 0x00, 0x7C, 0x1F, 0x80, 0x7E, 0x0F, 0xC0, 0x3F, 0x07, 0xE0,
    0x1F, 0x03, 0xF0, 0x1F, 0x81, 0xF8, 0x0F, 0x80, 0xFC, 0x7F, 0xFF, 0xFF, 0xFF, 0xFF, 0xFF, 0xFF,
    0xFF, 0xFF, 0xFF, 0xFF, 0xFF, 0xFF, 0xE0, 0x00, 0x7F, 0xF0, 0x00, 0x3F, 0xF8, 0x00, 0x1F, 0xFC,
    0x00, 0x0F, 0xFE, 0x00, 0x07, 0xFF, 0x00, 0x03, 0xE0, 0xFF, 0xFE, 0xFF, 0xFE, 0xFF, 0xFE, 0xFF,
    0xFE, 0xFC, 0x00, 0xFC, 0x00, 0xFC, 0x00, 0xFC, 0x00, 0xFF, 0xFC, 0xFF, 0xFC, 0xFF, 0xFC, 0xFF,
    0xFC, 0xFC, 0x00, 0xFC, 0x00, 0xFC, 0x00, 0xFC, 0x00, 0xFC, 0x00, 0xFF, 0xFF, 0xFF, 0xFF, 0xFF,
    0xFF, 0xFF, 0xFF, 0xFE, 0x0F, 0xC1, 0xFC, 0xFE, 0x1F, 0x83, 0xF0, 0xFE, 0x3F, 0x0F, 0xC0, 0xFE,
    0x7E, 0x3F, 0x80, 0xFE, 0xFC, 0xFE, 0x01, 0xFD, 0xFB, 0xF8, 0x01, 0xFF, 0xFF, 0xE0, 0x01, 0xFF,
    0xFF, 0x80, 0x01, 0xFF, 0xFE, 0x00, 0x01, 0xFF, 0xF8, 0x00, 0x07, 0xFF, 0xF8, 0x00, 0x1F, 0xFF,
    0xF8, 0x00, 0x3F, 0xFF, 0xF8, 0x00, 0xFD, 0xFB, 0xF8, 0x03, 0xFB, 0xF3, 0xF0, 0x0F, 0xE7, 0xE3,
    0xF0, 0x1F, 0x8F, 0xC7, 0xF0, 0x7E, 0x1F, 0x87, 0xE1, 0xFC, 0x3F, 0x07, 0xE3, 0xF0, 0x7E, 0x0F,
    0xEF, 0xC0, 0xFC, 0x0F, 0xC0, 0x1F, 0xF8, 0x1F, 0xFF, 0x87, 0xFF, 0xF0, 0xFF, 0xFC, 0x3E, 0x3F,
    0x84, 0x07, 0xE0, 0x01, 0xF8, 0x01, 0xFC, 0x0F, 0xFF, 0x03, 0xFF, 0x80, 0xFF, 0xF0, 0x3F, 0xFE,
    0x00, 0x7F, 0x80, 0x03, 0xF0, 0x00, 0xFC, 0x80, 0x3F, 0x7E, 0x3F, 0xDF, 0xFF, 0xE7, 0xFF, 0xF9,
    0xFF, 0xFC, 0x1F, 0xFC, 0x00, 0xFC, 0x03, 0xFF, 0x80, 0xFF, 0xF0, 0x3F, 0xFE, 0x0F, 0xFF, 0xC1,
    0xFF, 0xF8, 0x7F, 0xFF, 0x1F, 0xFF, 0xE7, 0xFF, 0xFD, 0xFF, 0xFF, 0xBF, 0x7F, 0xFF, 0xCF, 0xFF,
    0xF1, 0xFF, 0xFE, 0x3F, 0xFF, 0x87, 0xFF, 0xE0, 0xFF, 0xF8, 0x1F, 0xFF, 0x03, 0xFF, 0xC0, 0x7F,
    0xF0, 0x0F, 0xFE, 0x01, 0xFF, 0x80, 0x3E, 0x07, 0x0E, 0x01, 0xF3, 0xE0, 0x1F, 0xF8, 0x01, 0xFF,
    0x00, 0x1F, 0x80, 0x00, 0x00, 0x00, 0x00, 0x00, 0x00, 0x00, 0xFC, 0x03, 0xFF, 0x80, 0xFF, 0xF0,
    0x3F, 0xFE, 0x0F, 0xFF, 0xC1, 0xFF, 0xF8, 0x7F, 0xFF, 0x1F, 0xFF, 0xE7, 0xFF, 0xFD, 0xFF, 0xFF,
    0xBF, 0x7F, 0xFF, 0xCF, 0xFF, 0xF1, 0xFF, 0xFE, 0x3F, 0xFF, 0x87, 0xFF, 0xE0, 0xFF, 0xF8, 0x1F,
    0xFF, 0x03, 0xFF, 0xC0, 0x7F, 0xF0, 0x0F, 0xFE, 0x01, 0xFF, 0x80, 0x3E, 0xFC, 0x0F, 0xDF, 0x83,
    0xF3, 0xF0, 0xFC, 0x7E, 0x3F, 0x8F, 0xCF, 0xE1, 0xFB, 0xF8, 0x3F, 0xFE, 0x07, 0xFF, 0x80, 0xFF,
    0xE0, 0x1F, 0xF8, 0x03, 0xFF, 0x80, 0x7F, 0xF8, 0x0F, 0xFF, 0x81, 0xFF, 0xF8, 0x3F, 0x7F, 0x07,
    0xE7, 0xF0, 0xFC, 0x7F, 0x1F, 0x87, 0xF3, 0xF0, 0x7F, 0x7E, 0x07, 0xEF, 0xC0, 0xFE, 0x01, 0xFF,
    0xFC, 0x07, 0xFF, 0xF0, 0x1F, 0xFF, 0xC0, 0x7F, 0xFF, 0x01, 0xF0, 0x7C, 0x07, 0xC1, 0xF0, 0x1F,
    0x07, 0xC0, 0x7C, 0x1F, 0x01, 0xF0, 0x7C, 0x0F, 0xC1, 0xF0, 0x3F, 0x07, 0xC0, 0xFC, 0x1F, 0x03,
    0xE0, 0x7C, 0x1F, 0x81, 0xF0, 0x7E, 0x07, 0xC3, 0xF0, 0x1F, 0x7F, 0xC0, 0x7F, 0xFE, 0x01, 0xFF,
    0xF0, 0x07, 0xDF, 0x80, 0x1F, 0x78, 0x00, 0x7C, 0x3F, 0x00, 0x3F, 0x1F, 0x80, 0x1F, 0x8F, 0xE0,
    0x1F, 0xC7, 0xF0, 0x0F, 0xE3, 0xFC, 0x0F, 0xF1, 0xFE, 0x07, 0xF9, 0xFF, 0x87, 0xFC, 0xFF, 0xC3,
    0xFE, 0x7F, 0xF3, 0xFF, 0xBF, 0xF9, 0xFF, 0xDF, 0x7F, 0xF7, 0xEF, 0x9F, 0xFB, 0xF7, 0xCF, 0xF9,
    0xFB, 0xE3, 0xFC, 0x7D, 0xF1, 0xFE, 0x3E, 0xF8, 0x7E, 0x1F, 0x7C, 0x3F, 0x0F, 0xBE, 0x0F, 0x07,
    0xDF, 0x00, 0x03, 0xEF, 0x80, 0x01, 0xF7, 0xC0, 0x00, 0xF8, 0xFC, 0x07, 0xFF, 0x80, 0xFF, 0xF0,
    0x1F, 0xFE, 0x03, 0xFF, 0xC0, 0x7F, 0xF8, 0x0F, 0xFF, 0x01, 0xFF, 0xE0, 0x3F, 0xFF, 0xFF, 0xFF,
    0xFF, 0xFF, 0xFF, 0xFF, 0xFF, 0xFF, 0xFF, 0xC0, 0x7F, 0xF8, 0x0F, 0xFF, 0x01, 0xFF, 0xE0, 0x3F,
    0xFC, 0x07, 0xFF, 0x80, 0xFF, 0xF0, 0x1F, 0xFE, 0x03, 0xFF, 0xC0, 0x7E, 0x01, 0xFF, 0x00, 0x1F,
    0xFF, 0x01, 0xFF, 0xFE, 0x07, 0xFF, 0xFC, 0x3F, 0xCF, 0xF9, 0xFC, 0x07, 0xE7, 0xE0, 0x0F, 0xDF,
    0x00, 0x3F, 0xFC, 0x00, 0xFF, 0xF0, 0x01, 0xFF, 0xC0, 0x07, 0xFF, 0x00, 0x1F, 0xFC, 0x00, 0xFD,
    0xF0, 0x03, 0xF7, 0xE0, 0x0F, 0xDF, 0xC0, 0x7E, 0x3F, 0xCF, 0xF8, 0xFF, 0xFF, 0xC1, 0xFF, 0xFE,
    0x01, 0xFF, 0xF0, 0x01, 0xFF, 0x00, 0xFF, 0xFF, 0xFF, 0xFF, 0xFF, 0xFF, 0xFF, 0xFF, 0xFF, 0xFF,
    0xC0, 0x7F, 0xF8, 0x0F, 0xFF, 0x01, 0xFF, 0xE0, 0x3F, 0xFC, 0x07, 0xFF, 0x80, 0xFF, 0xF0, 0x1F,
    0xFE, 0x03, 0xFF, 0xC0, 0x7F, 0xF8, 0x0F, 0xFF, 0x01, 0xFF, 0xE0, 0x3F, 0xFC, 0x07, 0xFF, 0x80,
    0xFF, 0xF0, 0x1F, 0xFE, 0x03, 0xFF, 0xC0, 0x7E, 0xFF, 0xF8, 0x7F, 0xFF, 0x3F, 0xFF, 0xDF, 0xFF,
    0xEF, 0xC7, 0xFF, 0xE0, 0xFF, 0xF0, 0x7F, 0xF8, 0x3F, 0xFC, 0x1F, 0xFE, 0x3F, 0xFF, 0xFF, 0xDF,
    0xFF, 0xEF, 0xFF, 0xE7, 0xFF, 0xC3, 0xF0, 0x01, 0xF8, 0x00, 0xFC, 0x00, 0x7E, 0x00, 0x3F, 0x00,
    0x1F, 0x80, 0x0F, 0xC0, 0x00, 0x01, 0xFF, 0x80, 0xFF, 0xF8, 0x7F, 0xFF, 0x0F, 0xFF, 0xE3, 0xFC,
    0x78, 0xFE, 0x00, 0x1F, 0x80, 0x03, 0xE0, 0x00, 0xFC, 0x00, 0x1F, 0x80, 0x03, 0xF0, 0x00, 0x7E,
    0x00, 0x0F, 0xC0, 0x01, 0xF8, 0x00, 0x1F, 0x80, 0x03, 0xF8, 0x00, 0x3F, 0xC7, 0xC7, 0xFF, 0xF8,
    0x7F, 0xFF, 0x87, 0xFF, 0xF0, 0x3F, 0xF8, 0xFF, 0xFF, 0xFF, 0xFF, 0xFF, 0xFF, 0xFF, 0xFF, 0xFF,
    0xF0, 0x1F, 0x00, 0x03, 0xE0, 0x00, 0x7C, 0x00, 0x0F, 0x80, 0x01, 0xF0, 0x00, 0x3E, 0x00, 0x07,
    0xC0, 0x00, 0xF8, 0x00, 0x1F, 0x00, 0x03, 0xE0, 0x00, 0x7C, 0x00, 0x0F, 0x80, 0x01, 0xF0, 0x00,
    0x3E, 0x00, 0x07, 0xC0, 0x00, 0xF8, 0x00, 0x1F, 0x00, 0xFE, 0x03, 0xF7, 0xE0, 0x3F, 0x7F, 0x03,
    0xE3, 0xF0, 0x7E, 0x3F, 0x07, 0xE1, 0xF8, 0x7C, 0x1F, 0x8F, 0xC0, 0xFC, 0xF8, 0x07, 0xDF, 0x80,
    0x7F, 0xF8, 0x03, 0xFF, 0x00, 0x3F, 0xF0, 0x01, 0xFE, 0x00, 0x1F, 0xE0, 0x00, 0xFC, 0x00, 0x0F,
    0xC0, 0x33, 0xF8, 0x03, 0xFF, 0x80, 0x7F, 0xF0, 0x07, 0xFE, 0x00, 0x7F, 0x80, 0x00, 0x00, 0x3E,
    0x00, 0x00, 0x1F, 0x00, 0x00, 0xFF, 0xF8, 0x01, 0xFF, 0xFF, 0x01, 0xFF, 0xFF, 0xC1, 0xFF, 0xFF,
    0xF1, 0xFE, 0xFB, 0xFC, 0xFC, 0x7C, 0x7E, 0xFC, 0x3E, 0x1F, 0x7E, 0x1F, 0x0F, 0xFF, 0x0F, 0x87,
    0xFF, 0x87, 0xC3, 0xFF, 0xC3, 0xE1, 0xFF, 0xE1, 0xF0, 0xFD, 0xF8, 0xF8, 0xFC, 0xFF, 0x7D, 0xFE,
    0x3F, 0xFF, 0xFE, 0x0F, 0xFF, 0xFE, 0x03, 0xFF, 0xFE, 0x00, 0x7F, 0xFC, 0x00, 0x03, 0xE0, 0x00,
    0x01, 0xF0, 0x00, 0x00, 0xF8, 0x00, 0x7E, 0x03, 0xF3, 0xF8, 0x3F, 0x8F, 0xE1, 0xF8, 0x3F, 0x1F,
    0x81, 0xFD, 0xFC, 0x07, 0xFF, 0xC0, 0x1F, 0xFC, 0x00, 0xFF, 0xE0, 0x03, 0xFE, 0x00, 0x0F, 0xE0,
    0x00, 0x7F, 0x00, 0x07, 0xFC, 0x00, 0x3F, 0xF0, 0x03, 0xFF, 0x80, 0x3F, 0xFE, 0x03, 0xFB, 0xF8,
    0x1F, 0x8F, 0xC1, 0xF8, 0x7F, 0x1F, 0xC1, 0xFC, 0xFC, 0x07, 0xEF, 0xE0, 0x3F, 0x80, 0xFC, 0x07,
    0xE3, 0xF0, 0x1F, 0x8F, 0xC0, 0x7E, 0x3F, 0x01, 0xF8, 0xFC, 0x07, 0xE3, 0xF0, 0x1F, 0x8F, 0xC0,
    0x7E, 0x3F, 0x01, 0xF8, 0xFC, 0x07, 0xE3, 0xF0, 0x1F, 0x8F, 0xC0, 0x7E, 0x3F, 0x01, 0xF8, 0xFC,
    0x07, 0xE3, 0xF0, 0x1F, 0x8F, 0xC0, 0x7E, 0x3F, 0x01, 0xF8, 0xFC, 0x07, 0xE3, 0xFF, 0xFF, 0xFF,
    0xFF, 0xFF, 0xFF, 0xFF, 0xFF, 0xFF, 0xFF, 0xFC, 0x00, 0x01, 0xF0, 0x00, 0x07, 0xC0, 0x00, 0x1F,
    0x00, 0x00, 0x7C, 0x00, 0x01, 0xF0, 0x00, 0x07, 0xC0, 0xF8, 0x0F, 0xFE, 0x03, 0xFF, 0x80, 0xFF,
    0xE0, 0x3F, 0xF8, 0x0F, 0xFE, 0x03, 0xFF, 0x80, 0xFF, 0xF0, 0x3F, 0xFC, 0x0F, 0xFF, 0xC3, 0xF7,
    0xFF, 0xFD, 0xFF, 0xFF, 0x3F, 0xFF, 0xC3, 0xFF, 0xF0, 0x00, 0xFC, 0x00, 0x3F, 0x00, 0x0F, 0xC0,
    0x03, 0xF0, 0x00, 0xFC, 0x00, 0x3F, 0x00, 0x0F, 0xC0, 0xFC, 0x1F, 0x83, 0xFF, 0xC1, 0xF8, 0x3F,
    0xFC, 0x1F, 0x83, 0xFF, 0xC1, 0xF8, 0x3F, 0xFC, 0x1F, 0x83, 0xFF, 0xC1, 0xF8, 0x3F, 0xFC, 0x1F,
    0x83, 0xFF, 0xC1, 0xF8, 0x3F, 0xFC, 0x1F, 0x83, 0xFF, 0xC1, 0xF8, 0x3F, 0xFC, 0x1F, 0x83, 0xFF,
    0xC1, 0xF8, 0x3F, 0xFC, 0x1F, 0x83, 0xFF, 0xC1, 0xF8, 0x3F, 0xFC, 0x1F, 0x83, 0xFF, 0xC1, 0xF8,
    0x3F, 0xFC, 0x1F, 0x83, 0xFF, 0xFF, 0xFF, 0xFF, 0xFF, 0xFF, 0xFF, 0xFF, 0xFF, 0xFF, 0xFF, 0xFF,
    0xFF, 0xFF, 0xF0, 0xFC, 0x1F, 0x83, 0xF1, 0xF8, 0x3F, 0x07, 0xE3, 0xF0, 0x7E, 0x0F, 0xC7, 0xE0,
    0xFC, 0x1F, 0x8F, 0xC1, 0xF8, 0x3F, 0x1F, 0x83, 0xF0, 0x7E, 0x3F, 0x07, 0xE0, 0xFC, 0x7E, 0x0F,
    0xC1, 0xF8, 0xFC, 0x1F, 0x83, 0xF1, 0xF8, 0x3F, 0x07, 0xE3, 0xF0, 0x7E, 0x0F, 0xC7, 0xE0, 0xFC,
    0x1F, 0x8F, 0xC1, 0xF8, 0x3F, 0x1F, 0x83, 0xF0, 0x7E, 0x3F, 0x07, 0xE0, 0xFC, 0x7E, 0x0F, 0xC1,
    0xF8, 0xFC, 0x1F, 0x83, 0xF1, 0xFF, 0xFF, 0xFF, 0xFF, 0xFF, 0xFF, 0xFF, 0xFF, 0xFF, 0xFF, 0xFF,
    0xFF, 0xFF, 0xFF, 0xFF, 0xE0, 0x00, 0x00, 0x07, 0xC0, 0x00, 0x00, 0x0F, 0x80, 0x00, 0x00, 0x1F,
    0x00, 0x00, 0x00, 0x3E, 0x00, 0x00, 0x00, 0x7C, 0x00, 0x00, 0x00, 0xF8, 0xFF, 0xE0, 0x01, 0xFF,
    0xC0, 0x03, 0xFF, 0x80, 0x07, 0xFF, 0x00, 0x00, 0x3E, 0x00, 0x00, 0x7C, 0x00, 0x00, 0xF8, 0x00,
    0x01, 0xFF, 0xE0, 0x03, 0xFF, 0xF0, 0x07, 0xFF, 0xF0, 0x0F, 0xFF, 0xF0, 0x1F, 0x1F, 0xE0, 0x3E,
    0x07, 0xE0, 0x7C, 0x0F, 0xC0, 0xF8, 0x1F, 0x81, 0xF0, 0x3F, 0x03, 0xE3, 0xFC, 0x07, 0xFF, 0xF8,
    0x0F, 0xFF, 0xE0, 0x1F, 0xFF, 0x80, 0x3F, 0xFC, 0x00, 0xFC, 0x00, 0x1F, 0xFE, 0x00, 0x0F, 0xFF,
    0x00, 0x07, 0xFF, 0x80, 0x03, 0xFF, 0xC0, 0x01, 0xFF, 0xE0, 0x00, 0xFF, 0xF0, 0x00, 0x7F, 0xFF,
    0xE0, 0x3F, 0xFF, 0xFC, 0x1F, 0xFF, 0xFF, 0x8F, 0xFF, 0xFF, 0xC7, 0xFF, 0x9F, 0xF3, 0xFF, 0xC1,
    0xF9, 0xFF, 0xE0, 0xFC, 0xFF, 0xF0, 0x7E, 0x7F, 0xF8, 0x3F, 0x3F, 0xFC, 0x7F, 0x9F, 0xFF, 0xFF,
    0x8F, 0xFF, 0xFF, 0x87, 0xFF, 0xFF, 0x83, 0xFF, 0xFF, 0x01, 0xF8, 0xFC, 0x00, 0x3F, 0x00, 0x0F,
    0xC0, 0x03, 0xF0, 0x00, 0xFC, 0x00, 0x3F, 0x00, 0x0F, 0xC0, 0x03, 0xFF, 0xE0, 0xFF, 0xFE, 0x3F,
    0xFF, 0xCF, 0xFF, 0xFB, 0xF3, 0xFE, 0xFC, 0x1F, 0xBF, 0x03, 0xEF, 0xC0, 0xFB, 0xF0, 0x7E, 0xFC,
    0x7F, 0xBF, 0xFF, 0xCF, 0xFF, 0xF3, 0xFF, 0xF8, 0xFF, 0xF8, 0x00, 0x1F, 0xF8, 0x1F, 0xFF, 0xC3,
    0xFF, 0xFC, 0x3F, 0xFF, 0xC7, 0xC7, 0xF8, 0x00, 0x1F, 0x80, 0x03, 0xF0, 0x00, 0x3F, 0x0F, 0xFF,
    0xE1, 0xFF, 0xFC, 0x3F, 0xFF, 0x87, 0xFF, 0xF0, 0x00, 0x7E, 0x00, 0x0F, 0xC0, 0x03, 0xF3, 0x00,
    0xFE, 0x7C, 0x7F, 0x8F, 0xFF, 0xF3, 0xFF, 0xFC, 0x7F, 0xFF, 0x03, 0xFF, 0x80, 0xFC, 0x01, 0xFF,
    0x03, 0xF0, 0x1F, 0xFF, 0x0F, 0xC0, 0xFF, 0xFE, 0x3F, 0x07, 0xFF, 0xFC, 0xFC, 0x3F, 0xC7, 0xFB,
    0xF0, 0xFC, 0x07, 0xEF, 0xC7, 0xF0, 0x0F, 0xFF, 0x1F, 0x80, 0x3F, 0xFF, 0xFE, 0x00, 0xFF, 0xFF,
    0xF8, 0x01, 0xFF, 0xFF, 0xE0, 0x07, 0xFF, 0xFF, 0x80, 0x1F, 0xFC, 0x7E, 0x00, 0xFF, 0xF1, 0xF8,
    0x03, 0xFF, 0xC7, 0xE0, 0x0F, 0xFF, 0x0F, 0xC0, 0x7E, 0xFC, 0x3F, 0xC7, 0xFB, 0xF0, 0x7F, 0xFF,
    0xCF, 0xC0, 0xFF, 0xFE, 0x3F, 0x01, 0xFF, 0xF0, 0xFC, 0x01, 0xFF, 0x00, 0x03, 0xFF, 0xC3, 0xFF,
    0xF1, 0xFF, 0xFC, 0xFF, 0xFF, 0x7F, 0xC7, 0xDF, 0x81, 0xF7, 0xE0, 0x7D, 0xF8, 0x1F, 0x7F, 0x87,
    0xCF, 0xFF, 0xF3, 0xFF, 0xFC, 0x7F, 0xFF, 0x0F, 0xFF, 0xC3, 0xF1, 0xF1, 0xF8, 0x7C, 0x7E, 0x1F,
    0x3F, 0x07, 0xCF, 0xC1, 0xF7, 0xE0, 0x7D, 0xF8, 0x1F, 0xFC, 0x07, 0xC0, 0x3F, 0xE0, 0xFF, 0xF1,
    0xFF, 0xF1, 0xFF, 0xE3, 0x8F, 0xC0, 0x0F, 0x87, 0xFF, 0x3F, 0xFF, 0xFF, 0xFF, 0xF8, 0xFF, 0xE1,
    0xFF, 0xE3, 0xFF, 0xFF, 0xFF, 0xFF, 0xDF, 0xFF, 0x9F, 0xFE, 0x00, 0x3E, 0x00, 0xFF, 0x01, 0xFF,
    0xC1, 0xFF, 0xE1, 0xFF, 0xE1, 0xFC, 0x01, 0xF8, 0x00, 0xF8, 0x00, 0x7F, 0xF8, 0x7F, 0xFE, 0x3F,
    0xFF, 0x9F, 0xFF, 0xEF, 0xE7, 0xF7, 0xE0, 0xFB, 0xF0, 0x7F, 0xF8, 0x3F, 0xFC, 0x1F, 0xFE, 0x0F,
    0x9F, 0x07, 0xCF, 0xEF, 0xE7, 0xFF, 0xE1, 0xFF, 0xF0, 0x7F, 0xF0, 0x1F, 0xE0, 0xFF, 0xF0, 0xFF,
    0xFC, 0xFF, 0xFC, 0xFF, 0xFE, 0xF8, 0x7E, 0xF8, 0x7C, 0xFF, 0xFC, 0xFF, 0xFC, 0xFF, 0xFE, 0xF8,
    0x7E, 0xF8, 0x3E, 0xF8, 0x7E, 0xFF, 0xFE, 0xFF, 0xFE, 0xFF, 0xFC, 0xFF, 0xF0, 0xFF, 0xFF, 0xFF,
    0xFF, 0xFF, 0xFF, 0xF8, 0x0F, 0x80, 0xF8, 0x0F, 0x80, 0xF8, 0x0F, 0x80, 0xF8, 0x0F, 0x80, 0xF8,
    0x0F, 0x80, 0xF8, 0x0F, 0x80, 0x07, 0xFF, 0xC0, 0x3F, 0xFE, 0x01, 0xFF, 0xF0, 0x1F, 0xFF, 0x80,
    0xFC, 0x7C, 0x07, 0xE3, 0xE0, 0x3E, 0x1F, 0x01, 0xF0, 0xF8, 0x0F, 0x87, 0xC0, 0x7C, 0x3E, 0x07,
    0xE1, 0xF0, 0x3E, 0x0F, 0x8F, 0xFF, 0xFF, 0xFF, 0xFF, 0xFF, 0xFF, 0xFF, 0xFF, 0xFF, 0xFF, 0xF8,
    0x00, 0xFF, 0xC0, 0x07, 0xFE, 0x00, 0x3F, 0xF0, 0x01, 0xFF, 0x80, 0x0F, 0x80, 0x07, 0xF0, 0x1F,
    0xFC, 0x3F, 0xFE, 0x7F, 0xFE, 0x7E, 0x7F, 0xFC, 0x1F, 0xFF, 0xFF, 0xFF, 0xFF, 0xFF, 0xFF, 0xFC,
    0x00, 0xFC, 0x00, 0x7F, 0x9E, 0x7F, 0xFE, 0x3F, 0xFE, 0x1F, 0xFE, 0x07, 0xFC, 0x7E, 0x1F, 0x1F,
    0xCF, 0xE3, 0xE3, 0xF0, 0xFE, 0x7C, 0xFC, 0x0F, 0xCF, 0xBF, 0x80, 0xFF, 0xFF, 0xE0, 0x0F, 0xFF,
    0xF8, 0x00, 0xFF, 0xFE, 0x00, 0x1F, 0xFF, 0x80, 0x03, 0xFF, 0xF8, 0x00, 0xFF, 0xFF, 0x80, 0x3F,
    0x7F, 0xF8, 0x0F, 0xCF, 0xBF, 0x03, 0xF9, 0xF3, 0xF0, 0x7E, 0x3E, 0x3F, 0x1F, 0x87, 0xC7, 0xE7,
    0xE0, 0xF8, 0x7E, 0x3F, 0xF0, 0xFF, 0xF1, 0xFF, 0xF1, 0xFF, 0xE3, 0x8F, 0xC0, 0x1F, 0x87, 0xFE,
    0x0F, 0xFC, 0x1F, 0xFC, 0x01, 0xF8, 0x01, 0xFB, 0xC7, 0xF7, 0xFF, 0xCF, 0xFF, 0x9F, 0xFE, 0x1F,
    0xF8, 0xF8, 0x3E, 0xF8, 0x7E, 0xF8, 0x7E, 0xF8, 0xFE, 0xF9, 0xFE, 0xFB, 0xFE, 0xFB, 0xFE, 0xFF,
    0xFE, 0xFF, 0xFE, 0xFF, 0xBE, 0xFF, 0x3E, 0xFF, 0x3E, 0xFE, 0x3E, 0xFC, 0x3E, 0xFC, 0x3E, 0xF8,
    0x3E, 0x1C, 0x78, 0x3E, 0xF8, 0x3F, 0xF8, 0x1F, 0xF0, 0x0F, 0xE0, 0x00, 0x00, 0x00, 0x00, 0x00,
    0x00, 0xF8, 0x3E, 0xF8, 0x7E, 0xF8, 0x7E, 0xF8, 0xFE, 0xF9, 0xFE, 0xFB, 0xFE, 0xFB, 0xFE, 0xFF,
    0xFE, 0xFF, 0xFE, 0xFF, 0xBE, 0xFF, 0x3E, 0xFF, 0x3E, 0xFE, 0x3E, 0xFC, 0x3E, 0xFC, 0x3E, 0xF8,
    0x3E, 0xF8, 0x7F, 0xF8, 0xFE, 0xF9, 0xFC, 0xFB, 0xF8, 0xFF, 0xF0, 0xFF, 0xE0, 0xFF, 0xC0, 0xFF,
    0x80, 0xFF, 0xC0, 0xFF, 0xE0, 0xFF, 0xF0, 0xFF, 0xF8, 0xF9, 0xFC, 0xF8, 0xFC, 0xF8, 0x7E, 0xF8,
    0x3F, 0x07, 0xFF, 0xC1, 0xFF, 0xF0, 0x7F, 0xFC, 0x1F, 0xFF, 0x07, 0xCF, 0xC1, 0xF3, 0xF0, 0xFC,
    0xFC, 0x3F, 0x3F, 0x0F, 0x8F, 0xC3, 0xE3, 0xF1, 0xF8, 0xFD, 0xFE, 0x3F, 0xFF, 0x0F, 0xFF, 0x83,
    0xFF, 0xC0, 0xFF, 0xE0, 0x3F, 0x3E, 0x01, 0xF1, 0xF0, 0x1F, 0x9F, 0xC0, 0xFC, 0xFE, 0x0F, 0xE7,
    0xF8, 0x7F, 0x3F, 0xC7, 0xF9, 0xFF, 0x3F, 0xCF, 0xFB, 0xFF, 0x7F, 0xFF, 0xFB, 0xEF, 0xF7, 0xDF,
    0x7F, 0x3E, 0xF9, 0xF9, 0xF7, 0xCF, 0x8F, 0xBE, 0x3C, 0x7D, 0xF0, 0x03, 0xEF, 0x80, 0x1F, 0xF8,
    0x7F, 0xF0, 0xFF, 0xE1, 0xFF, 0xC3, 0xFF, 0x87, 0xFF, 0x0F, 0xFF, 0xFF, 0xFF, 0xFF, 0xFF, 0xFF,
    0xFF, 0xFF, 0xE1, 0xFF, 0xC3, 0xFF, 0x87, 0xFF, 0x0F, 0xFE, 0x1F, 0xFC, 0x3F, 0x07, 0xF0, 0x0F,
    0xFE, 0x0F, 0xFF, 0x8F, 0xFF, 0xE7, 0xF7, 0xF7, 0xE0, 0xFB, 0xF0, 0x7F, 0xF8, 0x3F, 0xFC, 0x1F,
    0xFE, 0x0F, 0xFF, 0x07, 0xCF, 0xEF, 0xE7, 0xFF, 0xF1, 0xFF, 0xF0, 0x7F, 0xF0, 0x0F, 0xE0, 0xFF,
    0xFF, 0xFF, 0xFF, 0xFF, 0xFF, 0xFF, 0xFF, 0x87, 0xFF, 0x0F, 0xFE, 0x1F, 0xFC, 0x3F, 0xF8, 0x7F,
    0xF0, 0xFF, 0xE1, 0xFF, 0xC3, 0xFF, 0x87, 0xFF, 0x0F, 0xFE, 0x1F, 0xFC, 0x3F, 0xFF, 0xE0, 0xFF,
    0xF8, 0xFF, 0xFC, 0xFF, 0xFE, 0xF8, 0xFE, 0xF8, 0x7E, 0xF8, 0x3F, 0xF8, 0x3F, 0xF8, 0x3F, 0xF8,
    0x3F, 0xF8, 0x3E, 0xFC, 0xFE, 0xFF, 0xFE, 0xFF, 0xFC, 0xFF, 0xF8, 0xFF, 0xF0, 0xF8, 0x00, 0xF8,
    0x00, 0xF8, 0x00, 0xF8, 0x00, 0xF8, 0x00, 0xF8, 0x00, 0x07, 0xF8, 0x7F, 0xF3, 0xFF, 0x9F, 0xFE,
    0x7F, 0x3B, 0xF0, 0x0F, 0xC0, 0x3F, 0x00, 0xFC, 0x03, 0xF0, 0x0F, 0xC0, 0x1F, 0xC6, 0x7F, 0xF8,
    0xFF, 0xF1, 0xFF, 0xC3, 0xFF, 0xFF, 0xFF, 0xFF, 0xFF, 0xFF, 0xFF, 0xFF, 0xFF, 0x07, 0xE0, 0x07,
    0xE0, 0x07, 0xE0, 0x07, 0xE0, 0x07, 0xE0, 0x07, 0xE0, 0x07, 0xE0, 0x07, 0xE0, 0x07, 0xE0, 0x07,
    0xE0, 0x07, 0xE0, 0x07, 0xE0, 0xFC, 0x1F, 0xFE, 0x0F, 0xDF, 0x07, 0xCF, 0xC3, 0xE7, 0xE3, 0xF1,
    0xF1, 0xF0, 0xFC, 0xF8, 0x7E, 0xFC, 0x1F, 0x7C, 0x0F, 0xFE, 0x03, 0xFE, 0x01, 0xFF, 0x00, 0x7F,
    0x80, 0x3F, 0x80, 0x0F, 0xC0, 0x07, 0xC0, 0x03, 0xE0, 0x27, 0xE0, 0x3F, 0xF0, 0x1F, 0xF0, 0x0F,
    0xF0, 0x07, 0xF0, 0x00, 0x00, 0x7C, 0x00, 0x00, 0xF8, 0x00, 0x01, 0xF0, 0x00, 0x03, 0xE0, 0x00,
    0x07, 0xC0, 0x00, 0x0F, 0x80, 0x00, 0x1F, 0x00, 0x00, 0x3E, 0x00, 0x07, 0xFF, 0x80, 0x3F, 0xFF,
    0xC0, 0xFF, 0xFF, 0xC3, 0xFF, 0xFF, 0xC7, 0xF7, 0xFF, 0xDF, 0x8F, 0x9F, 0xBF, 0x1F, 0x1F, 0x7C,
    0x3E, 0x3F, 0xF8, 0x7C, 0x7F, 0xF8, 0xF8, 0xFB, 0xF1, 0xF3, 0xF3, 0xFB, 0xFF, 0xE7, 0xFF, 0xFF,
    0x87, 0xFF, 0xFE, 0x07, 0xFF, 0xF8, 0x03, 0xFF, 0xC0, 0x00, 0x7C, 0x00, 0x00, 0xF8, 0x00, 0x01,
    0xF0, 0x00, 0x03, 0xE0, 0x00, 0x07, 0xC0, 0x00, 0x0F, 0x80, 0x00, 0xFC, 0x1F, 0xBF, 0x1F, 0x8F,
    0xCF, 0x83, 0xEF, 0xC1, 0xFF, 0xC0, 0x7F, 0xC0, 0x1F, 0xC0, 0x0F, 0xE0, 0x07, 0xF0, 0x07, 0xFC,
    0x03, 0xFF, 0x03, 0xFF, 0x83, 0xF7, 0xE3, 0xF1, 0xF9, 0xF0, 0x7D, 0xF8, 0x3F, 0xF8, 0x7E, 0x7C,
    0x3F, 0x3E, 0x1F, 0x9F, 0x0F, 0xCF, 0x87, 0xE7, 0xC3, 0xF3, 0xE1, 0xF9, 0xF0, 0xFC, 0xF8, 0x7E,
    0x7C, 0x3F, 0x3E, 0x1F, 0x9F, 0x0F, 0xCF, 0xFF, 0xFF, 0xFF, 0xFF, 0xFF, 0xFF, 0xFF, 0xFF, 0x00,
    0x07, 0x80, 0x03, 0xC0, 0x01, 0xE0, 0x00, 0xF0, 0x00, 0x78, 0xF8, 0x7F, 0xF0, 0xFF, 0xE1, 0xFF,
    0xC3, 0xFF, 0x87, 0xFF, 0x0F, 0xFF, 0x9F, 0xFF, 0xFF, 0x7F, 0xFE, 0xFF, 0xFC, 0x7F, 0xF8, 0x03,
    0xF0, 0x07, 0xE0, 0x0F, 0xC0, 0x1F, 0x80, 0x3F, 0xF8, 0x7C, 0x7F, 0xF0, 0xF8, 0xFF, 0xE1, 0xF1,
    0xFF, 0xC3, 0xE3, 0xFF, 0x87, 0xC7, 0xFF, 0x0F, 0x8F, 0xFE, 0x1F, 0x1F, 0xFC, 0x3E, 0x3F, 0xF8,
    0x7C, 0x7F, 0xF0, 0xF8, 0xFF, 0xE1, 0xF1, 0xFF, 0xC3, 0xE3, 0xFF, 0xFF, 0xFF, 0xFF, 0xFF, 0xFF,
    0xFF, 0xFF, 0xFF, 0xFF, 0xFF, 0xFF, 0xF8, 0x7C, 0x7E, 0x3E, 0x1F, 0x1F, 0x8F, 0x87, 0xC7, 0xE3,
    0xE1, 0xF1, 0xF8, 0xF8, 0x7C, 0x7E, 0x3E, 0x1F, 0x1F, 0x8F, 0x87, 0xC7, 0xE3, 0xE1, 0xF1, 0xF8,
    0xF8, 0x7C, 0x7E, 0x3E, 0x1F, 0x1F, 0x8F, 0x87, 0xC7, 0xE3, 0xE1, 0xF1, 0xF8, 0xFF, 0xFF, 0xFF,
    0xFF, 0xFF, 0xFF, 0xFF, 0xFF, 0xFF, 0xFF, 0xFF, 0xFF, 0xFF, 0x00, 0x00, 0x07, 0xC0, 0x00, 0x01,
    0xF0, 0x00, 0x00, 0x7C, 0x00, 0x00, 0x1F, 0x00, 0x00, 0x07, 0xC0, 0xFF, 0x80, 0x1F, 0xF0, 0x03,
    0xFE, 0x00, 0x7F, 0xC0, 0x00, 0xF8, 0x00, 0x1F, 0xFE, 0x03, 0xFF, 0xE0, 0x7F, 0xFE, 0x0F, 0xFF,
    0xE1, 0xF9, 0xFC, 0x3E, 0x0F, 0x87, 0xE3, 0xF0, 0xFF, 0xFE, 0x1F, 0xFF, 0x83, 0xFF, 0xF0, 0x7F,
    0xF8, 0xF8, 0x00, 0xFF, 0xE0, 0x03, 0xFF, 0x80, 0x0F, 0xFE, 0x00, 0x3F, 0xF8, 0x00, 0xFF, 0xFF,
    0xC3, 0xFF, 0xFF, 0x8F, 0xFF, 0xFF, 0x3F, 0xFF, 0xFC, 0xFF, 0xE3, 0xFB, 0xFF, 0x87, 0xEF, 0xFE,
    0x3F, 0xBF, 0xFF, 0xFC, 0xFF, 0xFF, 0xF3, 0xFF, 0xFF, 0x8F, 0xFF, 0xFC, 0x3F, 0xF8, 0x01, 0xF0,
    0x03, 0xE0, 0x07, 0xC0, 0x0F, 0x80, 0x1F, 0xFE, 0x3F, 0xFE, 0x7F, 0xFE, 0xFF, 0xFD, 0xF1, 0xFF,
    0xE1, 0xFF, 0xC7, 0xFF, 0xFF, 0xDF, 0xFF, 0xBF, 0xFE, 0x7F, 0xF8, 0x3F, 0xE0, 0x7F, 0xF0, 0x7F,
    0xFC, 0x3F, 0xFC, 0x38, 0xFE, 0x00, 0x3E, 0x0F, 0xFE, 0x0F, 0xFE, 0x0F, 0xFE, 0x00, 0x3E, 0x00,
    0x7E, 0x79, 0xFE, 0x7F, 0xFC, 0x7F, 0xFC, 0x7F, 0xF8, 0x7F, 0xE0, 0xF8, 0x0F, 0xF0, 0xF8, 0x3F,
    0xF8, 0xF8, 0x7F, 0xFC, 0xF8, 0x7F, 0xFE, 0xF8, 0xFE, 0x7E, 0xF8, 0xFC, 0x3F, 0xFF, 0xF8, 0x3F,
    0xFF, 0xF8, 0x3F, 0xFF, 0xF8, 0x3F, 0xFF, 0xF8, 0x3F, 0xF8, 0xFC, 0x3F, 0xF8, 0xFE, 0x7E, 0xF8,
    0x7F, 0xFE, 0xF8, 0x7F, 0xFC, 0xF8, 0x3F, 0xF8, 0xF8, 0x0F, 0xF0, 0x0F, 0xFF, 0x1F, 0xFF, 0x3F,
    0xFF, 0x3F, 0xFF, 0x7F, 0x1F, 0x7F, 0x1F, 0x3F, 0xFF, 0x3F, 0xFF, 0x1F, 0xFF, 0x0F, 0xFF, 0x1F,
    0x9F, 0x1F, 0x1F, 0x3F, 0x1F, 0x3E, 0x1F, 0x7E, 0x1F, 0x7C, 0x1F, 0x03, 0x00, 0x07, 0x80, 0x0F,
    0xC0, 0x0F, 0xE0, 0x03, 0xE0, 0x01, 0xE0, 0x00, 0xC0, 0x00, 0x00, 0x00, 0x00, 0x07, 0xF0, 0x1F,
    0xFC, 0x3F, 0xFE, 0x7F, 0xFE, 0x7E, 0x7F, 0xFC, 0x1F, 0xFF, 0xFF, 0xFF, 0xFF, 0xFF, 0xFF, 0xFC,
    0x00, 0xFC, 0x00, 0x7F, 0x9E, 0x7F, 0xFE, 0x3F, 0xFE, 0x1F, 0xFE, 0x07, 0xFC, 0x1E, 0x3C, 0x3E,
    0x7C, 0x3E, 0x7C, 0x3E, 0x7C, 0x1E, 0x3C, 0x00, 0x00, 0x00, 0x00, 0x00, 0x00, 0x07, 0xF0, 0x1F,
    0xFC, 0x3F, 0xFE, 0x7F, 0xFE, 0x7E, 0x7F, 0xFC, 0x1F, 0xFF, 0xFF, 0xFF, 0xFF, 0xFF, 0xFF, 0xFC,
    0x00, 0xFC, 0x00, 0x7F, 0x9E, 0x7F, 0xFE, 0x3F, 0xFE, 0x1F, 0xFE, 0x07, 0xFC, 0x3E, 0x00, 0x1F,
    0x00, 0x0F, 0x80, 0x1F, 0xFE, 0x0F, 0xFF, 0x07, 0xFF, 0x80, 0xF8, 0x00, 0x7C, 0x00, 0x3F, 0xFC,
    0x1F, 0xFF, 0x0F, 0xFF, 0xC7, 0xFF, 0xE3, 0xF3, 0xF9, 0xF0, 0xFC, 0xF8, 0x7E, 0x7C, 0x1F, 0x3E,
    0x0F, 0x9F, 0x07, 0xCF, 0x83, 0xE7, 0xC1, 0xF3, 0xE0, 0xF9, 0xF0, 0x7C, 0xF8, 0x3E, 0x7C, 0x1F,
    0x00, 0x1F, 0x80, 0x0F, 0xC0, 0x3F, 0xE0, 0x1F, 0xE0, 0x0F, 0xF0, 0x07, 0xE0, 0x03, 0x00, 0x78,
    0x0F, 0xC1, 0xFC, 0x1F, 0x01, 0xE0, 0x0C, 0x00, 0x00, 0x00, 0x0F, 0xFF, 0xFF, 0xFF, 0xFF, 0xFF,
    0xFF, 0x80, 0xF8, 0x0F, 0x80, 0xF8, 0x0F, 0x80, 0xF8, 0x0F, 0x80, 0xF8, 0x0F, 0x80, 0xF8, 0x0F,
    0x80, 0xF8, 0x00, 0x0F, 0xFC, 0x3F, 0xF8, 0xFF, 0xF3, 0xFF, 0xEF, 0xE3, 0x9F, 0x00, 0x3F, 0xF8,
    0x7F, 0xF0, 0xFF, 0xE1, 0xF0, 0x03, 0xF0, 0x07, 0xF9, 0xE7, 0xFF, 0xC7, 0xFF, 0x87, 0xFF, 0x87,
    0xFE, 0x1F, 0xF1, 0xFF, 0x9F, 0xFC, 0xFF, 0xEF, 0xC7, 0x7E, 0x73, 0xFF, 0xCF, 0xFF, 0x7F, 0xF9,
    0xFF, 0xC0, 0x7E, 0xE3, 0xFF, 0xFF, 0xFF, 0xFB, 0xFF, 0x8F, 0xF8, 0x7C, 0xFB, 0xFB, 0xE7, 0xC0,
    0x00, 0x00, 0x7C, 0xF9, 0xF3, 0xE7, 0xCF, 0x9F, 0x3E, 0x7C, 0xF9, 0xF3, 0xE7, 0xCF, 0x9F, 0x3E,
    0x78, 0xF7, 0xCF, 0xBF, 0x7F, 0xF3, 0xE7, 0x8F, 0x00, 0x00, 0x00, 0x00, 0x00, 0x0F, 0x80, 0x7C,
    0x03, 0xE0, 0x1F, 0x00, 0xF8, 0x07, 0xC0, 0x3E, 0x01, 0xF0, 0x0F, 0x80, 0x7C, 0x03, 0xE0, 0x1F,
    0x00, 0xF8, 0x07, 0xC0, 0x3E, 0x01, 0xF0, 0x07, 0xC0, 0xF8, 0x3F, 0x83, 0xE0, 0x7C, 0x00, 0x00,
    0x00, 0x00, 0x07, 0xC0, 0xF8, 0x1F, 0x03, 0xE0, 0x7C, 0x0F, 0x81, 0xF0, 0x3E, 0x07, 0xC0, 0xF8,
    0x1F, 0x03, 0xE0, 0x7C, 0x0F, 0x81, 0xF0, 0x3E, 0x07, 0xC9, 0xF9, 0xFF, 0x3F, 0xC7, 0xF8, 0xFC,
    0x00, 0x07, 0xFF, 0xC0, 0x00, 0xFF, 0xF8, 0x00, 0x1F, 0xFF, 0x00, 0x03, 0xFF, 0xE0, 0x00, 0x7C,
    0xFC, 0x00, 0x0F, 0x9F, 0x80, 0x03, 0xF3, 0xFF, 0xC0, 0x7E, 0x7F, 0xFE, 0x0F, 0x8F, 0xFF, 0xE1,
    0xF1, 0xFF, 0xFC, 0x7E, 0x3F, 0x1F, 0xBF, 0xC7, 0xE3, 0xFF, 0xF0, 0xFF, 0xFF, 0xFC, 0x1F, 0xFF,
    0xFF, 0x03, 0xFF, 0xF7, 0xC0, 0x3F, 0xF8, 0xF8, 0x7E, 0x00, 0xF8, 0x7E, 0x00, 0xF8, 0x7E, 0x00,
    0xF8, 0x7E, 0x00, 0xF8, 0x7E, 0x00, 0xF8, 0x7E, 0x00, 0xFF, 0xFF, 0xF8, 0xFF, 0xFF, 0xFE, 0xFF,
    0xFF, 0xFF, 0xFF, 0xFF, 0xFF, 0xF8, 0x7E, 0x3F, 0xF8, 0x7E, 0x3F, 0xF8, 0x7F, 0xFF, 0xF8, 0x7F,
    0xFF, 0xF8, 0x7F, 0xFE, 0xF8, 0x3F, 0xF8, 0x3E, 0x00, 0x1F, 0x00, 0x0F, 0x80, 0x1F, 0xFE, 0x0F,
    0xFF, 0x07, 0xFF, 0x80, 0xF8, 0x00, 0x7C, 0x00, 0x3F, 0xFC, 0x1F, 0xFF, 0x0F, 0xFF, 0xC7, 0xFF,
    0xE3, 0xF3, 0xF9, 0xF0, 0xFC, 0xF8, 0x7E, 0x7C, 0x1F, 0x3E, 0x0F, 0x9F, 0x07, 0xCF, 0x83, 0xE7,
    0xC1, 0xF3, 0xE0, 0xF9, 0xF0, 0x7C, 0xF8, 0x3E, 0x7C, 0x1F, 0x00, 0xC0, 0x01, 0xE0, 0x03, 0xF0,
    0x07, 0xF0, 0x07, 0xE0, 0x07, 0x80, 0x03, 0x00, 0x00, 0x00, 0x00, 0x00, 0xF8, 0x7F, 0xF8, 0xFE,
    0xF9, 0xFC, 0xFB, 0xF8, 0xFF, 0xF0, 0xFF, 0xE0, 0xFF, 0xC0, 0xFF, 0x80, 0xFF, 0xC0, 0xFF, 0xE0,
    0xFF, 0xF0, 0xFF, 0xF8, 0xF9, 0xFC, 0xF8, 0xFC, 0xF8, 0x7E, 0xF8, 0x3F, 0x0C, 0x00, 0x0E, 0x00,
    0x1F, 0x00, 0x1F, 0x80, 0x0F, 0xC0, 0x07, 0xC0, 0x03, 0x80, 0x00, 0x00, 0x00, 0x00, 0xF8, 0x3E,
    0xF8, 0x7E, 0xF8, 0x7E, 0xF8, 0xFE, 0xF9, 0xFE, 0xFB, 0xFE, 0xFB, 0xFE, 0xFF, 0xFE, 0xFF, 0xFE,
    0xFF, 0xBE, 0xFF, 0x3E, 0xFF, 0x3E, 0xFE, 0x3E, 0xFC, 0x3E, 0xFC, 0x3E, 0xF8, 0x3E, 0x1E, 0x38,
    0x0F, 0xBE, 0x07, 0xFF, 0x01, 0xFF, 0x00, 0x7F, 0x00, 0x00, 0x00, 0x00, 0x00, 0x00, 0x00, 0xFC,
    0x1F, 0xFE, 0x0F, 0xDF, 0x07, 0xCF, 0xC3, 0xE7, 0xE3, 0xF1, 0xF1, 0xF0, 0xFC, 0xF8, 0x7E, 0xFC,
    0x1F, 0x7C, 0x0F, 0xFE, 0x03, 0xFE, 0x01, 0xFF, 0x00, 0x7F, 0x80, 0x3F, 0x80, 0x0F, 0xC0, 0x07,
    0xC0, 0x03, 0xE0, 0x27, 0xE0, 0x3F, 0xF0, 0x1F, 0xF0, 0x0F, 0xF0, 0x07, 0xF0, 0x00, 0xF8, 0x7F,
    0xF0, 0xFF, 0xE1, 0xFF, 0xC3, 0xFF, 0x87, 0xFF, 0x0F, 0xFE, 0x1F, 0xFC, 0x3F, 0xF8, 0x7F, 0xF0,
    0xFF, 0xE1, 0xFF, 0xC3, 0xFF, 0xFF, 0xFF, 0xFF, 0xFF, 0xFF, 0xFF, 0xFF, 0x07, 0x80, 0x0F, 0x00,
    0x1E, 0x00, 0x3C, 0x00, 0x78, 0x00, 0x07, 0xE0, 0x00, 0x1F, 0x80, 0x0F, 0xFF, 0xF8, 0x3F, 0xFF,
    0xE0, 0xFF, 0xFF, 0x83, 0xFF, 0xFE, 0x00, 0x7E, 0x00, 0x01, 0xF8, 0x00, 0x07, 0xFF, 0x80, 0x1F,
    0xFF, 0x80, 0x7F, 0xFF, 0x01, 0xFF, 0xFE, 0x07, 0xE7, 0xFC, 0x1F, 0x83, 0xF0, 0x7E, 0x0F, 0xC1,
    0xF8, 0x3F, 0x07, 0xE0, 0xFC, 0x1F, 0x83, 0xF0, 0x7E, 0x0F, 0xC1, 0xF9, 0xFE, 0x07, 0xFF, 0xF8,
    0x1F, 0xFF, 0xC0, 0x7F, 0xFE, 0x00, 0xFF, 0xE0, 0x0F, 0x80, 0x01, 0xF0, 0x00, 0x3E, 0x00, 0x07,
    0xC0, 0x00, 0xF8, 0x00, 0x1F, 0x00, 0x03, 0xE0, 0x00, 0x7C, 0x00, 0xFF, 0xFE, 0x1F, 0xFF, 0xC3,
    0xFF, 0xF8, 0x7F, 0xFF, 0x00, 0xF8, 0x00, 0x1F, 0x00, 0x03, 0xFF, 0xC0, 0x7F, 0xFC, 0x0F, 0xFF,
    0xC1, 0xF1, 0xF8, 0x3E, 0x1F, 0x87, 0xC7, 0xF0, 0xFF, 0xFC, 0x1F, 0xFF, 0x83, 0xFF, 0xE0, 0x7F,
    0xF8, 0x01, 0xFF, 0x00, 0x1F, 0xFF, 0x01, 0xFF, 0xFE, 0x07, 0xFF, 0xFC, 0x3F, 0xC7, 0xF9, 0xFC,
    0x07, 0xE7, 0xE0, 0x0F, 0xDF, 0x00, 0x3F, 0xFF, 0xFC, 0xFF, 0xFF, 0xFF, 0xFF, 0xFF, 0xFF, 0xFF,
    0xFF, 0xFF, 0xFF, 0x3F, 0xFD, 0xF0, 0x03, 0xF7, 0xE0, 0x1F, 0xDF, 0xC0, 0x7E, 0x3F, 0xCF, 0xF8,
    0xFF, 0xFF, 0xC1, 0xFF, 0xFE, 0x01, 0xFF, 0xF0, 0x01, 0xFF, 0x00, 0x07, 0xF0, 0x0F, 0xFE, 0x0F,
    0xFF, 0x8F, 0xFF, 0xE7, 0xF7, 0xF7, 0xE0, 0xFB, 0xFF, 0x7F, 0xFF, 0xFF, 0xFF, 0xFF, 0xFC, 0xFF,
    0xFF, 0x07, 0xCF, 0xEF, 0xE7, 0xFF, 0xF1, 0xFF, 0xF0, 0x7F, 0xF0, 0x1F, 0xE0, 0xFC, 0x00, 0x7F,
    0x3F, 0x00, 0x3F, 0xE7, 0xE0, 0x0F, 0xF9, 0xF8, 0x07, 0xFC, 0x3E, 0x01, 0xFB, 0x0F, 0xC0, 0xFC,
    0x03, 0xF0, 0x3F, 0x00, 0x7C, 0x0F, 0x80, 0x1F, 0x87, 0xE0, 0x07, 0xE1, 0xF0, 0x00, 0xFC, 0x7C,
    0x00, 0x3F, 0x3F, 0x00, 0x07, 0xCF, 0x80, 0x01, 0xFB, 0xE0, 0x00, 0x3F, 0xF0, 0x00, 0x0F, 0xFC,
    0x00, 0x03, 0xFF, 0x00, 0x00, 0x7F, 0x80, 0x00, 0x1F, 0xE0, 0x00, 0x03, 0xF0, 0x00, 0x00, 0xFC,
    0x00, 0x00, 0xFC, 0x07, 0xFF, 0x81, 0xFD, 0xF0, 0x7F, 0xBF, 0x0F, 0xE7, 0xE3, 0xF4, 0x7C, 0x7C,
    0x0F, 0xCF, 0x80, 0xFB, 0xE0, 0x1F, 0x7C, 0x03, 0xFF, 0x00, 0x3F, 0xE0, 0x07, 0xFC, 0x00, 0x7F,
    0x00, 0x0F, 0xE0, 0x00, 0xF8, 0x00, 0x1F, 0x00, 0x07, 0x0E, 0x00, 0x1F, 0x3E, 0x00, 0x1F, 0xF8,
    0x00, 0x1F, 0xF0, 0x00, 0x1F, 0x80, 0x00, 0x00, 0x00, 0x00, 0x00, 0x00, 0x7E, 0x01, 0xF0, 0xFC,
    0x07, 0xE1, 0xF8, 0x1F, 0xC3, 0xF0, 0x7F, 0x87, 0xE0, 0xFF, 0x0F, 0xC3, 0xFE, 0x1F, 0x8F, 0xFC,
    0x3F, 0x3F, 0xF8, 0x7E, 0xFF, 0xF0, 0xFD, 0xFB, 0xE1, 0xFF, 0xE7, 0xC3, 0xFF, 0x8F, 0x87, 0xFF,
    0x1F, 0x0F, 0xFC, 0x3E, 0x1F, 0xF0, 0x7C, 0x3F, 0xC0, 0xF8, 0x7F, 0x81, 0xF0, 0xFE, 0x03, 0xFF,
    0xF8, 0x07, 0xFF, 0xF0, 0x0F, 0xFF, 0xC0, 0x1F, 0xE0, 0x00, 0x07, 0xC0, 0x00, 0x1F, 0x80, 0x00,
    0x3E, 0x00, 0x00, 0xFC, 0x00, 0x01, 0xF0, 0x00, 0x00, 0xC0, 0x1C, 0x38, 0x03, 0xCF, 0x80, 0x7F,
    0xE0, 0x07, 0xFC, 0x00, 0x7E, 0x00, 0x00, 0x00, 0x00, 0x00, 0x07, 0xE0, 0xF8, 0xFC, 0x3F, 0x1F,
    0x8F, 0xE3, 0xF3, 0xFC, 0x7C, 0xFF, 0x8F, 0x9F, 0xF1, 0xF7, 0xFE, 0x3F, 0xFF, 0xC7, 0xFE, 0xF8,
    0xFF, 0xBF, 0x1F, 0xF7, 0xE3, 0xFC, 0xFC, 0x7F, 0x1F, 0xFF, 0xE3, 0xFD, 0xF8, 0x7F, 0xBE, 0x0F,
    0xF0, 0x00, 0x3E, 0x00, 0x0F, 0x80, 0x01, 0xF0, 0x00, 0x7C, 0x00, 0x03, 0x00, 0x3F, 0x00, 0x03,
    0xF0, 0x00, 0xFF, 0xE0, 0x0F, 0xFE, 0x00, 0xFF, 0xE0, 0x03, 0xF0, 0x00, 0x3F, 0x00, 0x03, 0xFF,
    0xE0, 0x3F, 0xFF, 0x83, 0xFF, 0xFC, 0x3F, 0xFF, 0xE3, 0xF1, 0xFE, 0x3F, 0x07, 0xE3, 0xF0, 0x3E,
    0x3F, 0x03, 0xE3, 0xF0, 0x7E, 0x3F, 0x1F, 0xE3, 0xFF, 0xFE, 0x3F, 0xFF, 0xC3, 0xFF, 0xF8, 0x1F,
    0xFE, 0x00, 0x3E, 0x00, 0x1F, 0x00, 0x3F, 0xFC, 0x1F, 0xFE, 0x0F, 0xFF, 0x01, 0xF0, 0x00, 0xFF,
    0xF0, 0x7F, 0xFC, 0x3F, 0xFF, 0x1F, 0x1F, 0x8F, 0x87, 0xE7, 0xC3, 0xF3, 0xE3, 0xF9, 0xFF, 0xF8,
    0xFF, 0xFC, 0x7F, 0xFC, 0x3F, 0xFC, 0x00, 0xFF, 0xF8, 0x3F, 0xFF, 0x8F, 0xFF, 0xF3, 0xFF, 0xFE,
    0xFC, 0x7F, 0xBF, 0x07, 0xEF, 0xCC, 0xFF, 0xFF, 0xBE, 0xFF, 0xFF, 0xBF, 0x7F, 0xEF, 0xFF, 0xFB,
    0xFF, 0xFC, 0xFF, 0xFE, 0x3F, 0xFF, 0x0F, 0xC3, 0xE3, 0xF0, 0x78, 0xFC, 0x1C, 0x3F, 0x00, 0x0F,
    0xC0, 0x03, 0xF0, 0x00, 0xFC, 0x00, 0x00, 0xFF, 0xE0, 0xFF, 0xF8, 0xFF, 0xFC, 0xFF, 0xFE, 0xF8,
    0xFE, 0xF8, 0x3F, 0xF8, 0x3F, 0xF8, 0x3F, 0xF8, 0x9F, 0xFB, 0xFF, 0xFB, 0xFF, 0xFF, 0xFE, 0xFF,
    0xFE, 0xFF, 0xFC, 0xFF, 0xF8, 0xFF, 0xFC, 0xF8, 0x7C, 0xF8, 0x3E, 0xF8, 0x3E, 0xF8, 0x18, 0xF8,
    0x00, 0xF8, 0x00, 0x00, 0x3F, 0x00, 0x3F, 0x00, 0x3F, 0x00, 0x3F, 0xFF, 0xFF, 0xFF, 0xFF, 0xFF,
    0xFF, 0xFF, 0xFF, 0xFC, 0x00, 0xFC, 0x00, 0xFC, 0x00, 0xFC, 0x00, 0xFC, 0x00, 0xFC, 0x00, 0xFC,
    0x00, 0xFC, 0x00, 0xFC, 0x00, 0xFC, 0x00, 0xFC, 0x00, 0xFC, 0x00, 0xFC, 0x00, 0xFC, 0x00, 0xFC,
    0x00, 0xFC, 0x00, 0xFC, 0x00, 0x01, 0xF0, 0x1F, 0x01, 0xF0, 0x1F, 0xFF, 0xFF, 0xFF, 0xFF, 0xFF,
    0xFF, 0xF8, 0x0F, 0x80, 0xF8, 0x0F, 0x80, 0xF8, 0x0F, 0x80, 0xF8, 0x0F, 0x80, 0xF8, 0x0F, 0x80,
    0xF8, 0x0F, 0x80, 0x1F, 0xFF, 0xC3, 0xFF, 0xF8, 0x7F, 0xFF, 0x0F, 0xFF, 0xE1, 0xF8, 0x00, 0x3F,
    0x00, 0x07, 0xE0, 0x00, 0xFC, 0x00, 0xFF, 0xFC, 0x1F, 0xFF, 0x83, 0xFF, 0xF0, 0x7F, 0xFE, 0x01,
    0xF8, 0x00, 0x3F, 0x00, 0x07, 0xE0, 0x00, 0xFC, 0x00, 0x1F, 0x80, 0x03, 0xF0, 0x00, 0x7E, 0x00,
    0x0F, 0xC0, 0x01, 0xF8, 0x00, 0x1F, 0xFE, 0x3F, 0xFC, 0x7F, 0xF8, 0xFF, 0xF1, 0xF0, 0x03, 0xE0,
    0x07, 0xC0, 0x7F, 0xF8, 0xFF, 0xF1, 0xFF, 0xE0, 0x7C, 0x00, 0xF8, 0x01, 0xF0, 0x03, 0xE0, 0x07,
    0xC0, 0x0F, 0x80, 0xFF, 0xFE, 0x3F, 0xFF, 0x8F, 0xFF, 0xE3, 0xFF, 0xF8, 0xFC, 0x00, 0x3F, 0x00,
    0x0F, 0xC0, 0x03, 0xF0, 0x00, 0xFF, 0xF8, 0x3F, 0xFF, 0x0F, 0xFF, 0xF3, 0xFF, 0xFC, 0xFC, 0x7F,
    0xBF, 0x07, 0xEF, 0xC0, 0xFF, 0xF0, 0x3F, 0xFC, 0x07, 0xFF, 0x01, 0xFF, 0xC0, 0xFF, 0xF0, 0x3F,
    0xFC, 0x0F, 0xC0, 0x07, 0xE0, 0x07, 0xF8, 0x0F, 0xFC, 0x03, 0xFE, 0x00, 0xFF, 0x00, 0x3F, 0x80,
    0xFF, 0xF9, 0xFF, 0xF3, 0xFF, 0xE7, 0xFF, 0xCF, 0x80, 0x1F, 0x00, 0x3E, 0x00, 0x7F, 0xF0, 0xFF,
    0xF9, 0xFF, 0xF3, 0xFF, 0xF7, 0xC7, 0xEF, 0x87, 0xFF, 0x07, 0xFE, 0x0F, 0xFC, 0x1F, 0x00, 0x3E,
    0x01, 0xFC, 0x1F, 0xF0, 0x3F, 0xE0, 0x7F, 0x80, 0xFC, 0x00, 0xFE, 0x0F, 0xC1, 0xFC, 0x7F, 0x0F,
    0xC1, 0xF8, 0x3F, 0x8F, 0xC3, 0xF0, 0x1F, 0xCF, 0xC7, 0xF0, 0x0F, 0xEF, 0xCF, 0xE0, 0x0F, 0xEF,
    0xDF, 0xC0, 0x07, 0xFF, 0xFF, 0x80, 0x03, 0xFF, 0xFF, 0x00, 0x01, 0xFF, 0xFE, 0x00, 0x00, 0xFF,
    0xFC, 0x00, 0x01, 0xFF, 0xFE, 0x00, 0x03, 0xFF, 0xFF, 0x00, 0x03, 0xFF, 0xFF, 0x80, 0x07, 0xEF,
    0xDF, 0x80, 0x0F, 0xEF, 0xCF, 0xC0, 0x1F, 0xCF, 0xCF, 0xE0, 0x1F, 0x8F, 0xC7, 0xF0, 0x3F, 0x0F,
    0xC3, 0xFE, 0x7F, 0x0F, 0xC1, 0xFE, 0x7E, 0x0F, 0xC1, 0xFE, 0xFC, 0x0F, 0xC0, 0xFE, 0x00, 0x00,
    0x00, 0x3E, 0x00, 0x00, 0x00, 0x3E, 0x00, 0x00, 0x00, 0x3E, 0x00, 0x00, 0x00, 0x3E, 0x00, 0x00,
    0x00, 0x3E, 0x7E, 0x1F, 0x1F, 0xCF, 0xE3, 0xE3, 0xF0, 0xFE, 0x7C, 0xFC, 0x0F, 0xCF, 0xBF, 0x80,
    0xFF, 0xFF, 0xE0, 0x0F, 0xFF, 0xF8, 0x00, 0xFF, 0xFE, 0x00, 0x1F, 0xFF, 0x80, 0x03, 0xFF, 0xF8,
    0x00, 0xFF, 0xFF, 0x80, 0x3F, 0x7F, 0xF8, 0x0F, 0xCF, 0xFF, 0x83, 0xF9, 0xF7, 0xFE, 0x7E, 0x3E,
    0x7F, 0xDF, 0x87, 0xC7, 0xFF, 0xE0, 0xF8, 0x7F, 0x00, 0x00, 0x03, 0xE0, 0x00, 0x00, 0x7C, 0x00,
    0x00, 0x0F, 0x80, 0x00, 0x01, 0xF0, 0x00, 0x00, 0x3E, 0x1F, 0xF8, 0x1F, 0xFF, 0x87, 0xFF, 0xF0,
    0xFF, 0xFC, 0x3E, 0x3F, 0x84, 0x07, 0xE0, 0x01, 0xF8, 0x01, 0xFC, 0x0F, 0xFF, 0x03, 0xFF, 0x80,
    0xFF, 0xF0, 0x3F, 0xFE, 0x00, 0x7F, 0x80, 0x03, 0xF0, 0x00, 0xFC, 0x80, 0x3F, 0x7E, 0x3F, 0xDF,
    0xFF, 0xE7, 0xFF, 0xF9, 0xFF, 0xFC, 0x1F, 0xFC, 0x00, 0x78, 0x00, 0x1E, 0x00, 0x03, 0xC0, 0x06,
    0xF0, 0x01, 0xFC, 0x00, 0x7F, 0x00, 0x1F, 0x80, 0x3F, 0xE0, 0xFF, 0xF1, 0xFF, 0xF1, 0xFF, 0xE3,
    0x8F, 0xC0, 0x0F, 0x80, 0x3F, 0x0F, 0xFC, 0x1F, 0xF8, 0x3F, 0xF8, 0x03, 0xF3, 0xC7, 0xF7, 0xFF,
    0xEF, 0xFF, 0x9F, 0xFF, 0x3F, 0xF8, 0x03, 0x80, 0x0F, 0x80, 0x0F, 0x80, 0x5F, 0x00, 0xFE, 0x03,
    0xF8, 0x07, 0xE0, 0x00, 0xFC, 0x0F, 0xC7, 0xE0, 0xFC, 0x3F, 0x0F, 0xE1, 0xF8, 0xFE, 0x0F, 0xCF,
    0xE0, 0x7E, 0xFE, 0x03, 0xFF, 0xE0, 0x1F, 0xFE, 0x00, 0xFF, 0xE0, 0x07, 0xFE, 0x00, 0x3F, 0xF8,
    0x01, 0xFF, 0xE0, 0x0F, 0xFF, 0x80, 0x7F, 0xFE, 0x03, 0xF7, 0xF8, 0x1F, 0x9F, 0xC0, 0xFC, 0x7F,
    0x07, 0xE1, 0xFF, 0xFF, 0x07, 0xFF, 0xF8, 0x1F, 0xFF, 0xC0, 0xFF, 0x80, 0x00, 0xFC, 0x00, 0x07,
    0xE0, 0x00, 0x3F, 0x00, 0x01, 0xF8, 0x00, 0x0F, 0xC0, 0x00, 0x7E, 0xF8, 0x7F, 0x7C, 0x7F, 0x3E,
    0x7F, 0x1F, 0x7F, 0x0F, 0xFF, 0x07, 0xFF, 0x03, 0xFF, 0x01, 0xFF, 0x00, 0xFF, 0xC0, 0x7F, 0xF0,
    0x3F, 0xFC, 0x1F, 0x7F, 0x0F, 0x9F, 0xFF, 0xC7, 0xFF, 0xE1, 0xFF, 0xF0, 0x7F, 0x00, 0x0F, 0x80,
    0x07, 0xC0, 0x03, 0xE0, 0x01, 0xF0, 0x00, 0xF8, 0xFC, 0x01, 0xFF, 0xF0, 0x07, 0xEF, 0xC0, 0x3F,
    0x3F, 0x01, 0xFC, 0xFF, 0xCF, 0xE3, 0xFF, 0x3F, 0x0F, 0xFD, 0xF8, 0x3F, 0xFF, 0xC0, 0xFF, 0xFE,
    0x03, 0xFF, 0xF0, 0x0F, 0xFF, 0xE0, 0x3F, 0xFF, 0xC0, 0xFF, 0xFF, 0x83, 0xFF, 0x7F, 0x0F, 0xFC,
    0xFE, 0x3F, 0xF3, 0xF8, 0xFC, 0x07, 0xF3, 0xF0, 0x0F, 0xEF, 0xC0, 0x3F, 0xBF, 0x00, 0x7F, 0xFC,
    0x00, 0xFC, 0xF8, 0x0F, 0xFF, 0x03, 0xFB, 0xEE, 0x7E, 0x7D, 0xDF, 0x8F, 0xBF, 0xE1, 0xF7, 0xF8,
    0x3F, 0xFE, 0x07, 0xFF, 0xC0, 0xFF, 0xFC, 0x1F, 0x7F, 0xC3, 0xEF, 0xF8, 0x7D, 0xDF, 0x8F, 0xB9,
    0xF9, 0xF0, 0x3F, 0xBE, 0x03, 0xF7, 0xC0, 0x3F, 0x3F, 0x00, 0x00, 0xFC, 0x07, 0xFF, 0xFE, 0x3F,
    0xBF, 0xF9, 0xFC, 0xFF, 0xEF, 0xE0, 0xFC, 0x7F, 0x03, 0xF3, 0xF8, 0x0F, 0xDF, 0xC0, 0x3F, 0xFE,
    0x00, 0xFF, 0xF0, 0x03, 0xFF, 0x80, 0x0F, 0xFC, 0x00, 0x3F, 0xF8, 0x00, 0xFF, 0xF0, 0x03, 0xFF,
    0xE0, 0x0F, 0xDF, 0xE0, 0x3F, 0x3F, 0x80, 0xFC, 0x7F, 0x03, 0xF0, 0xFE, 0x0F, 0xC1, 0xFC, 0x3F,
    0x03, 0xF8, 0xFC, 0x07, 0xE0, 0x3E, 0x00, 0x1F, 0xF9, 0xFB, 0xFF, 0x7F, 0x7F, 0xFF, 0xCF, 0xFF,
    0xF0, 0x7D, 0xFC, 0x0F, 0xFF, 0x01, 0xFF, 0xC0, 0x3F, 0xF0, 0x07, 0xFE, 0x00, 0xFF, 0xE0, 0x1F,
    0xFE, 0x03, 0xEF, 0xE0, 0x7C, 0xFE, 0x0F, 0x8F, 0xE1, 0xF0, 0xFE, 0x3E, 0x0F, 0xC0, 0xFF, 0xE0,
    0x7F, 0x7F, 0xF0, 0x7F, 0x3F, 0xF8, 0x7F, 0x1F, 0xFC, 0x7F, 0x00, 0x3E, 0x7F, 0x00, 0x1F, 0x7F,
    0x00, 0x0F, 0xFF, 0x00, 0x07, 0xFF, 0x00, 0x03, 0xFF, 0x00, 0x01, 0xFF, 0x00, 0x00, 0xFF, 0xC0,
    0x00, 0x7F, 0xF8, 0x00, 0x3F, 0xFC, 0x00, 0x1F, 0x7F, 0x00, 0x0F, 0x9F, 0xC0, 0x07, 0xC7, 0xF0,
    0x03, 0xE1, 0xFC, 0x01, 0xF0, 0x7E, 0x00, 0xF8, 0x3F, 0x80, 0x7C, 0x0F, 0xE0, 0x3E, 0x03, 0xF0,
    0xFF, 0x87, 0xF7, 0xFC, 0x3F, 0x3F, 0xE3, 0xF1, 0xFF, 0x3F, 0x00, 0xFB, 0xF0, 0x07, 0xFF, 0x00,
    0x3F, 0xF8, 0x01, 0xFF, 0x80, 0x0F, 0xFE, 0x00, 0x7F, 0xF8, 0x03, 0xFF, 0xC0, 0x1F, 0x7F, 0x00,
    0xF9, 0xFC, 0x07, 0xC7, 0xF0, 0x3E, 0x1F, 0xC1, 0xF0, 0x7E, 0xFC, 0x07, 0xE1, 0xF8, 0x0F, 0xC3,
    0xF0, 0x1F, 0x87, 0xE0, 0x3F, 0x0F, 0xC0, 0x7E, 0x1F, 0x80, 0xFC, 0x3F, 0x01, 0xF8, 0x7E, 0x03,
    0xF0, 0xFF, 0xFF, 0xE1, 0xFF, 0xFF, 0xC3, 0xFF, 0xFF, 0x87, 0xFF, 0xFF, 0x0F, 0xC0, 0x7E, 0x1F,
    0x80, 0xFC, 0x3F, 0x01, 0xF8, 0x7E, 0x03, 0xF0, 0xFC, 0x07, 0xE1, 0xF8, 0x0F, 0xFF, 0xF0, 0x1F,
    0xFF, 0xE0, 0x3F, 0xFF, 0xC0, 0x7F, 0xE0, 0x00, 0x0F, 0xC0, 0x00, 0x1F, 0x80, 0x00, 0x3F, 0x00,
    0x00, 0x7E, 0x00, 0x00, 0xFC, 0x00, 0x01, 0xF8, 0xF8, 0x7E, 0x3E, 0x1F, 0x8F, 0x87, 0xE3, 0xE1,
    0xF8, 0xF8, 0x7E, 0x3E, 0x1F, 0x8F, 0xFF, 0xE3, 0xFF, 0xF8, 0xFF, 0xFE, 0x3F, 0xFF, 0x8F, 0x87,
    0xE3, 0xE1, 0xF8, 0xF8, 0x7F, 0xBE, 0x1F, 0xEF, 0x87, 0xFB, 0xE1, 0xFE, 0x00, 0x07, 0x80, 0x01,
    0xE0, 0x00, 0x78, 0x00, 0x1E, 0x00, 0x07, 0x80, 0xFC, 0x07, 0xFF, 0xFC, 0x07, 0xFF, 0xFC, 0x07,
    0xFF, 0xFC, 0x07, 0xFF, 0xFC, 0x07, 0xE0, 0xFC, 0x07, 0xE0, 0xFC, 0x07, 0xE0, 0xFC, 0x07, 0xE0,
    0xFF, 0xFF, 0xE0, 0xFF, 0xFF, 0xE0, 0xFF, 0xFF, 0xE0, 0xFF, 0xFF, 0xE0, 0xFC, 0x07, 0xE0, 0xFC,
    0x07, 0xE0, 0xFC, 0x07, 0xE0, 0xFC, 0x07, 0xE0, 0xFC, 0x07, 0xE0, 0xFC, 0x07, 0xE0, 0xFC, 0x07,
    0xE0, 0xFC, 0x07, 0xE0, 0xFC, 0x07, 0xE0, 0xF8, 0x7F, 0xFE, 0x1F, 0xFF, 0x87, 0xFF, 0xE1, 0xFF,
    0xF8, 0x7E, 0x3E, 0x1F, 0x8F, 0xFF, 0xE3, 0xFF, 0xF8, 0xFF, 0xFE, 0x3F, 0xFF, 0x8F, 0x87, 0xE3,
    0xE1, 0xF8, 0xF8, 0x7E, 0x3E, 0x1F, 0x8F, 0x87, 0xE3, 0xE1, 0xF8, 0xFF, 0xFF, 0xE0, 0x01, 0xFF,
    0xFF, 0xC0, 0x03, 0xFF, 0xFF, 0x80, 0x07, 0xFF, 0xFF, 0x00, 0x0F, 0xC0, 0x7E, 0x00, 0x1F, 0x80,
    0xFC, 0x00, 0x3F, 0x01, 0xF8, 0x00, 0x7E, 0x03, 0xF0, 0x00, 0xFC, 0x07, 0xFF, 0xC1, 0xF8, 0x0F,
    0xFF, 0xE3, 0xF0, 0x1F, 0xFF, 0xE7, 0xE0, 0x3F, 0xFF, 0xEF, 0xC0, 0x7E, 0x3F, 0xDF, 0x80, 0xFC,
    0x0F, 0xFF, 0x01, 0xF8, 0x1F, 0xFE, 0x03, 0xF0, 0x1F, 0xFC, 0x07, 0xE0, 0x3F, 0xF8, 0x0F, 0xC0,
    0x7F, 0xF0, 0x1F, 0x80, 0xFF, 0xE0, 0x3F, 0x01, 0xFF, 0xC0, 0x7E, 0x07, 0xE0, 0x00, 0x00, 0x0F,
    0xC0, 0x00, 0x00, 0x7F, 0x00, 0x00, 0x07, 0xFE, 0x00, 0x00, 0x0F, 0xF8, 0x00, 0x00, 0x1F, 0xE0,
    0x00, 0x00, 0x3F, 0x00, 0xFF, 0xFE, 0x00, 0xFF, 0xFE, 0x00, 0xFF, 0xFE, 0x00, 0xFF, 0xFE, 0x00,
    0xF8, 0x7E, 0x00, 0xF8, 0x7E, 0x00, 0xF8, 0x7F, 0xF0, 0xF8, 0x7F, 0xFC, 0xF8, 0x7F, 0xFE, 0xF8,
    0x7F, 0xFE, 0xF8, 0x7E, 0x7F, 0xF8, 0x7E, 0x1F, 0xF8, 0x7E, 0x1F, 0xF8, 0x7E, 0x1F, 0xF8, 0x7E,
    0x1F, 0xF8, 0x7E, 0x1F, 0x00, 0x00, 0x1F, 0x00, 0x00, 0x3F, 0x00, 0x01, 0xFE, 0x00, 0x01, 0xFE,
    0x00, 0x01, 0xFC, 0x00, 0x01, 0xF8, 0x01, 0xFF, 0x80, 0x0F, 0xFF, 0x00, 0x3F, 0xFE, 0x00, 0xFF,
    0xFC, 0x03, 0xFE, 0x30, 0x0F, 0xE0, 0x00, 0x1F, 0x83, 0xFC, 0x3F, 0x0F, 0xFC, 0xFC, 0x3F, 0xFD,
    0xF8, 0xFF, 0xFB, 0xF1, 0xF9, 0xFF, 0xE3, 0xE3, 0xFF, 0xCF, 0xC3, 0xEF, 0x9F, 0x87, 0xDF, 0xBF,
    0x1F, 0xBF, 0x7E, 0x3F, 0x3F, 0xFF, 0xFC, 0x7F, 0xFF, 0xF8, 0x7F, 0xFF, 0xE0, 0x7F, 0xFF, 0x00,
    0x3F, 0xF8, 0x00, 0x03, 0xF8, 0x00, 0x07, 0xFE, 0x00, 0x07, 0xFE, 0x00, 0x07, 0xFC, 0x00, 0x03,
    0xF8, 0x00, 0x01, 0xF0, 0x07, 0xF8, 0x07, 0xFE, 0x03, 0xFF, 0x81, 0xFF, 0xE0, 0x7F, 0x30, 0x3F,
    0x1F, 0xCF, 0x8F, 0xFB, 0xE7, 0xFF, 0xF9, 0xF7, 0xFE, 0x78, 0xFF, 0x9E, 0x7D, 0xFF, 0xBF, 0x7F,
    0xFF, 0x8F, 0xFF, 0xE1, 0xFF, 0xF0, 0x3F, 0xF0, 0x00, 0xFF, 0x80, 0x1F, 0xF0, 0x03, 0xF8, 0x00,
    0x3E, 0x01, 0xFF, 0x80, 0xFF, 0xF8, 0x7F, 0xFF, 0x0F, 0xFF, 0xE3, 0xFC, 0x78, 0xFE, 0x00, 0x1F,
    0x80, 0x03, 0xE0, 0x00, 0xFC, 0x00, 0x1F, 0x80, 0x03, 0xF0, 0x00, 0x7E, 0x00, 0x0F, 0xC0, 0x00,
    0xF8, 0x00, 0x1F, 0x80, 0x03, 0xF8, 0x00, 0x3F, 0xC7, 0xC7, 0xFF, 0xF8, 0x7F, 0xFF, 0x83, 0xFF,
    0xF0, 0x1F, 0xF8, 0x00, 0xF0, 0x00, 0x3E, 0x00, 0x01, 0xE0, 0x01, 0x3C, 0x00, 0x3F, 0x80, 0x07,
    0xF0, 0x00, 0xFC, 0x00, 0x07, 0xF8, 0x7F, 0xF3, 0xFF, 0x9F, 0xFE, 0x7F, 0x3B, 0xF0, 0x0F, 0xC0,
    0x3F, 0x00, 0xFC, 0x03, 0xF0, 0x0F, 0xC0, 0x1F, 0xC6, 0x7F, 0xF8, 0xFF, 0xF0, 0xFF, 0xC0, 0xFF,
    0x03, 0xC0, 0x07, 0x80, 0x9E, 0x03, 0xF8, 0x0F, 0xE0, 0x3F, 0x00, 0xFF, 0xFF, 0xFF, 0xFF, 0xFF,
    0xFF, 0xFF, 0xFF, 0xFF, 0xF0, 0x1F, 0x00, 0x03, 0xE0, 0x00, 0x7C, 0x00, 0x0F, 0x80, 0x01, 0xF0,
    0x00, 0x3E, 0x00, 0x07, 0xC0, 0x00, 0xF8, 0x00, 0x1F, 0x00, 0x03, 0xE0, 0x00, 0x7C, 0x00, 0x0F,
    0x80, 0x01, 0xF0, 0x00, 0x3F, 0xE0, 0x07, 0xFC, 0x00, 0xFF, 0x80, 0x1F, 0xF0, 0x00, 0x3E, 0x00,
    0x07, 0xC0, 0x00, 0xF8, 0x00, 0x1F, 0x00, 0x03, 0xE0, 0x00, 0x7C, 0x00, 0xFF, 0xFF, 0xFF, 0xFF,
    0xFF, 0xFF, 0xFF, 0xFF, 0x07, 0xE0, 0x07, 0xE0, 0x07, 0xE0, 0x07, 0xE0, 0x07, 0xE0, 0x07, 0xE0,
    0x07, 0xE0, 0x07, 0xE0, 0x07, 0xFC, 0x07, 0xFC, 0x07, 0xFC, 0x07, 0xFC, 0x00, 0x7C, 0x00, 0x7C,
    0x00, 0x7C, 0x00, 0x7C, 0x00, 0x7C, 0xFC, 0x03, 0xF3, 0xF0, 0x1F, 0x9F, 0x81, 0xF8, 0x7E, 0x0F,
    0xC3, 0xF8, 0xFC, 0x0F, 0xC7, 0xE0, 0x7F, 0x7E, 0x01, 0xFF, 0xF0, 0x07, 0xFF, 0x00, 0x3F, 0xF0,
    0x00, 0xFF, 0x80, 0x07, 0xF8, 0x00, 0x1F, 0x80, 0x00, 0xFC, 0x00, 0x07, 0xE0, 0x00, 0x3F, 0x00,
    0x01, 0xF8, 0x00, 0x0F, 0xC0, 0x00, 0x7E, 0x00, 0x03, 0xF0, 0x00, 0x1F, 0x80, 0x00, 0xFC, 0x1F,
    0xFE, 0x0F, 0xDF, 0x07, 0xCF, 0xC7, 0xE7, 0xE3, 0xF1, 0xF1, 0xF0, 0xFD, 0xF8, 0x3E, 0xF8, 0x1F,
    0xFC, 0x0F, 0xFE, 0x03, 0xFE, 0x01, 0xFF, 0x00, 0x7F, 0x00, 0x3F, 0x80, 0x0F, 0x80, 0x07, 0xC0,
    0x03, 0xE0, 0x01, 0xF0, 0x00, 0xF8, 0x00, 0x7C, 0x00, 0x3E, 0x00, 0x1F, 0x00, 0xFC, 0x03, 0xF3,
    0xF0, 0x1F, 0x9F, 0xC1, 0xF8, 0x7E, 0x0F, 0xC3, 0xF8, 0xFC, 0x0F, 0xCF, 0xE0, 0x7F, 0x7E, 0x01,
    0xFF, 0xE0, 0x07, 0xFF, 0x00, 0x3F, 0xF0, 0x00, 0xFF, 0x00, 0x03, 0xF8, 0x01, 0xFF, 0xF8, 0x0F,
    0xFF, 0xC0, 0x7F, 0xFE, 0x00, 0x3F, 0x00, 0x01, 0xF8, 0x00, 0x0F, 0xC0, 0x00, 0x7E, 0x00, 0x03,
    0xF0, 0x00, 0x1F, 0x80, 0x00, 0xFC, 0x1F, 0xFE, 0x0F, 0xDF, 0x07, 0xCF, 0xC7, 0xE7, 0xE3, 0xF1,
    0xF1, 0xF0, 0xFD, 0xF8, 0x3E, 0xF8, 0x1F, 0xFC, 0x0F, 0xFE, 0x03, 0xFE, 0x01, 0xFF, 0x00, 0x7F,
    0x01, 0xFF, 0xF0, 0xFF, 0xF8, 0x7F, 0xFC, 0x03, 0xE0, 0x01, 0xF0, 0x00, 0xF8, 0x00, 0x7C, 0x00,
    0x3E, 0x00, 0x1F, 0x00, 0x7E, 0x03, 0xF1, 0xFC, 0x1F, 0xC3, 0xF8, 0x7E, 0x07, 0xE3, 0xF0, 0x1F,
    0xDF, 0xC0, 0x3F, 0xFE, 0x00, 0x7F, 0xF0, 0x01, 0xFF, 0xC0, 0x03, 0xFE, 0x00, 0x07, 0xF0, 0x00,
    0x1F, 0xC0, 0x00, 0xFF, 0x80, 0x03, 0xFF, 0x00, 0x1F, 0xFC, 0x00, 0xFF, 0xF8, 0x07, 0xF7, 0xF0,
    0x1F, 0x8F, 0xC0, 0xFC, 0x3F, 0xF7, 0xF0, 0x7F, 0xDF, 0x80, 0xFF, 0xFE, 0x03, 0xFC, 0x00, 0x01,
    0xF0, 0x00, 0x07, 0xC0, 0x00, 0x1F, 0x00, 0x00, 0x7C, 0x00, 0x01, 0xF0, 0x00, 0x07, 0xC0, 0xFC,
    0x1F, 0x9F, 0x8F, 0xC3, 0xF3, 0xE0, 0x7F, 0xF8, 0x1F, 0xFC, 0x03, 0xFE, 0x00, 0x7F, 0x00, 0x1F,
    0xC0, 0x07, 0xF0, 0x03, 0xFE, 0x00, 0xFF, 0xC0, 0x7F, 0xF8, 0x3F, 0x7F, 0xDF, 0x8F, 0xF7, 0xC1,
    0xFF, 0xF0, 0x7F, 0x00, 0x07, 0xC0, 0x01, 0xF0, 0x00, 0x7C, 0x00, 0x1F, 0x00, 0x07, 0xC0, 0xFF,
    0xFF, 0x9F, 0x87, 0xFF, 0xFC, 0xFC, 0x3F, 0xFF, 0xE7, 0xE1, 0xFF, 0xFF, 0x3F, 0x00, 0x3E, 0x01,
    0xF8, 0x01, 0xF0, 0x0F, 0xC0, 0x0F, 0x80, 0x7E, 0x00, 0x7C, 0x03, 0xF0, 0x03, 0xE0, 0x1F, 0x80,
    0x1F, 0x00, 0xFC, 0x00, 0xF8, 0x07, 0xE0, 0x07, 0xC0, 0x3F, 0x00, 0x3E, 0x01, 0xF8, 0x01, 0xF0,
    0x0F, 0xC0, 0x0F, 0x80, 0x7E, 0x00, 0x7C, 0x03, 0xF0, 0x03, 0xE0, 0x1F, 0x80, 0x1F, 0xFF, 0xFF,
    0xC0, 0xFF, 0xFF, 0xFE, 0x07, 0xFF, 0xFF, 0xF0, 0x3F, 0xFF, 0xFF, 0x80, 0x00, 0x00, 0xFC, 0x00,
    0x00, 0x07, 0xE0, 0x00, 0x00, 0x3F, 0x00, 0x00, 0x01, 0xF8, 0x00, 0x00, 0x0F, 0xC0, 0x00, 0x00,
    0x7E, 0xFF, 0xF7, 0xE7, 0xFF, 0xBF, 0x3F, 0xFD, 0xF9, 0xFF, 0xEF, 0xC1, 0xF8, 0x7E, 0x0F, 0xC3,
    0xF0, 0x7E, 0x1F, 0x83, 0xF0, 0xFC, 0x1F, 0x87, 0xE0, 0xFC, 0x3F, 0x07, 0xE1, 0xF8, 0x3F, 0x0F,
    0xC1, 0xFF, 0xFF, 0x8F, 0xFF, 0xFC, 0x7F, 0xFF, 0xE3, 0xFF, 0xFF, 0x00, 0x00, 0x78, 0x00, 0x03,
    0xC0, 0x00, 0x1E, 0x00, 0x00, 0xF0, 0x00, 0x07, 0x80, 0xFC, 0x07, 0xC7, 0xE0, 0x3E, 0x3F, 0x01,
    0xF1, 0xF8, 0x0F, 0x8F, 0xC0, 0x7C, 0x7E, 0x03, 0xE3, 0xF0, 0x1F, 0x1F, 0x80, 0xF8, 0xFC, 0x07,
    0xC3, 0xF8, 0x7E, 0x1F, 0xFF, 0xF0, 0x7F, 0xFF, 0x83, 0xFF, 0xFC, 0x07, 0xFF, 0xE0, 0x00, 0x1F,
    0x00, 0x00, 0xF8, 0x00, 0x07, 0xC0, 0x00, 0x3F, 0xC0, 0x01, 0xFE, 0x00, 0x0F, 0xF0, 0x00, 0x7F,
    0x80, 0x00, 0xFC, 0x00, 0x07, 0xE0, 0x00, 0x3F, 0x00, 0x01, 0xF8, 0x00, 0x0F, 0xC0, 0x00, 0x7E,
    0x7C, 0x3E, 0x1F, 0x0F, 0x87, 0xC3, 0xE1, 0xF0, 0xF8, 0x7C, 0x3E, 0x1F, 0x0F, 0x87, 0xE3, 0xE1,
    0xFF, 0xF8, 0x7F, 0xFE, 0x0F, 0xFF, 0x81, 0xFF, 0xE0, 0x00, 0xF8, 0x00, 0x3F, 0xC0, 0x0F, 0xF0,
    0x03, 0xFC, 0x00, 0xFF, 0x00, 0x03, 0xC0, 0x00, 0xF0, 0x00, 0x3C, 0x00, 0x0F, 0x00, 0x03, 0xC0,
    0xFC, 0x0F, 0xFF, 0x03, 0xFF, 0xC0, 0xFF, 0xF0, 0x3F, 0xFC, 0x0F, 0xFF, 0x03, 0xFF, 0xC0, 0xFF,
    0xF7, 0xBF, 0xFD, 0xEF, 0xDF, 0xFB, 0xF7, 0xFF, 0xFD, 0xFF, 0xFF, 0x3F, 0xFF, 0xC3, 0xFF, 0xF0,
    0x1E, 0xFC, 0x07, 0xBF, 0x01, 0xEF, 0xC0, 0x7B, 0xF0, 0x00, 0xFC, 0x00, 0x3F, 0x00, 0x0F, 0xC0,
    0x7C, 0x1F, 0x7C, 0x1F, 0x7C, 0x1F, 0x7C, 0x1F, 0x7D, 0xDF, 0x7D, 0xDF, 0x7F, 0xDF, 0x7F, 0xFF,
    0x7F, 0xFF, 0x3F, 0xFF, 0x1F, 0xFF, 0x01, 0xDF, 0x01, 0xDF, 0x01, 0xDF, 0x00, 0x1F, 0x00, 0x1F,
    0xFC, 0x00, 0x3F, 0x00, 0x0F, 0xC0, 0x03, 0xF0, 0x00, 0xFC, 0x00, 0x3F, 0x00, 0x0F, 0xC0, 0x03,
    0xFF, 0xF0, 0xFF, 0xFF, 0x3F, 0xFF, 0xEF, 0xFF, 0xFB, 0xF0, 0xFF, 0xFC, 0x0F, 0xFF, 0x03, 0xFF,
    0xC0, 0x7F, 0xF0, 0x1F, 0xFC, 0x07, 0xFF, 0x01, 0xFF, 0xC0, 0x7F, 0xF0, 0x1F, 0xFC, 0x07, 0xC0,
    0xF8, 0x01, 0xF0, 0x03, 0xE0, 0x07, 0xC0, 0x0F, 0x80, 0x1F, 0x00, 0x3E, 0x00, 0x7C, 0x00, 0xFF,
    0xE1, 0xFF, 0xF3, 0xFF, 0xF7, 0xFF, 0xEF, 0xCF, 0xDF, 0x0F, 0xFE, 0x1F, 0xFC, 0x3F, 0xF8, 0x7F,
    0xF0, 0xFF, 0xE1, 0xFF, 0xC3, 0xFF, 0x87, 0xFF, 0x0F, 0xFE, 0x1F, 0xFC, 0x3F, 0x00, 0x0F, 0xF8,
    0x00, 0x0F, 0xFF, 0x00, 0x07, 0xFF, 0xF0, 0x03, 0xFF, 0xFC, 0xF9, 0xFE, 0x7F, 0xBE, 0x7E, 0x07,
    0xEF, 0xBF, 0x00, 0xFF, 0xFF, 0xC0, 0x3F, 0xFF, 0xFF, 0xFF, 0xDF, 0xFF, 0xFF, 0xF3, 0xFF, 0xFF,
    0xFC, 0x3F, 0xFF, 0xFF, 0x03, 0xF0, 0x00, 0x00, 0xFC, 0x00, 0x00, 0x3F, 0x00, 0x00, 0x07, 0xE0,
    0x00, 0x01, 0xFF, 0x1F, 0x00, 0x3F, 0xFF, 0xC0, 0x07, 0xFF, 0xF8, 0x00, 0xFF, 0xFE, 0x00, 0x0F,
    0xFC, 0x00, 0x00, 0x7F, 0x87, 0x87, 0xFF, 0x3C, 0x7F, 0xF9, 0xE7, 0xFF, 0xEF, 0xFF, 0x3F, 0x7F,
    0xF0, 0x7D, 0xFF, 0xFF, 0xEF, 0xFF, 0xFF, 0x1F, 0xFF, 0xF8, 0x3E, 0x00, 0x01, 0xF8, 0x00, 0x07,
    0xF1, 0xC0, 0x3F, 0xFF, 0x00, 0xFF, 0xF8, 0x03, 0xFF, 0xC0, 0x07, 0xFC, 0x00, 0x0F, 0xF8, 0x00,
    0x0F, 0xFF, 0x00, 0x07, 0xFF, 0xF0, 0x03, 0xFF, 0xFC, 0xF9, 0xFE, 0x7F, 0xBE, 0x7E, 0x07, 0xEF,
    0xBF, 0x00, 0xFF, 0xFF, 0xC0, 0x3F, 0xFF, 0xFF, 0xFF, 0xDF, 0xFF, 0xFF, 0xF3, 0xFF, 0xFF, 0xFC,
    0x3F, 0xFF, 0xFF, 0x03, 0xF0, 0x00, 0x00, 0xFC, 0x00, 0x00, 0x3F, 0x00, 0x00, 0x07, 0xE0, 0x00,
    0x01, 0xFF, 0x1F, 0x00, 0x3F, 0xFF, 0xC0, 0x07, 0xFF, 0xF8, 0x00, 0xFF, 0xFE, 0x00, 0x0F, 0xFC,
    0x00, 0x01, 0xF8, 0x00, 0x00, 0x7E, 0x00, 0x00, 0x1F, 0x80, 0x00, 0x07, 0xE0, 0x00, 0x01, 0xF8,
    0x00, 0x00, 0x7F, 0x87, 0x87, 0xFF, 0x3C, 0x7F, 0xF9, 0xE7, 0xFF, 0xEF, 0xFF, 0x3F, 0x7F, 0xF0,
    0x7D, 0xFF, 0xFF, 0xEF, 0xFF, 0xFF, 0x1F, 0xFF, 0xF8, 0x3E, 0x00, 0x01, 0xF8, 0x00, 0x07, 0xF1,
    0xC0, 0x3F, 0xFF, 0x00, 0xFF, 0xF8, 0x03, 0xFF, 0xC0, 0x0F, 0xFC, 0x00, 0x1F, 0x00, 0x00, 0xF8,
    0x00, 0x07, 0xC0, 0x00, 0x3E, 0x00, 0xFF, 0xFF, 0xFF, 0xFF, 0xFF, 0xFF, 0xFF, 0xFF, 0xFF, 0xFF,
    0xFF, 0xFF, 0xFF, 0xFF, 0xFF, 0xFC, 0x00, 0x3C, 0x70, 0x00, 0x00, 0x7D, 0xF0, 0x00, 0x00, 0xFF,
    0xC0, 0x00, 0x00, 0xFF, 0x80, 0x00, 0x00, 0xFC, 0x00, 0x00, 0x00, 0x00, 0x00, 0x00, 0x00, 0x00,
    0x00, 0x00, 0x00, 0x00, 0x00, 0xFE, 0x0F, 0xC1, 0xFC, 0xFE, 0x1F, 0x83, 0xF0, 0xFE, 0x3F, 0x0F,
    0xC0, 0xFE, 0x7E, 0x3F, 0x80, 0xFE, 0xFC, 0xFE, 0x01, 0xFD, 0xFB, 0xF8, 0x01, 0xFF, 0xFF, 0xE0,
    0x01, 0xFF, 0xFF, 0x80, 0x01, 0xFF, 0xFE, 0x00, 0x01, 0xFF, 0xF8, 0x00, 0x07, 0xFF, 0xF8, 0x00,
    0x1F, 0xFF, 0xF8, 0x00, 0x3F, 0xFF, 0xF8, 0x00, 0xFD, 0xFB, 0xF8, 0x03, 0xFB, 0xF3, 0xF0, 0x0F,
    0xE7, 0xE3, 0xF0, 0x1F, 0x8F, 0xC7, 0xF0, 0x7E, 0x1F, 0x87, 0xE1, 0xFC, 0x3F, 0x07, 0xE3, 0xF0,
    0x7E, 0x0F, 0xEF, 0xC0, 0xFC, 0x0F, 0xC0, 0x00, 0xE1, 0xC0, 0x00, 0x3E, 0x7C, 0x00, 0x03, 0xFF,
    0x00, 0x00, 0x3F, 0xE0, 0x00, 0x03, 0xF0, 0x00, 0x00, 0x00, 0x00, 0x00, 0x00, 0x00, 0x00, 0x00,
    0x00, 0x00, 0x7E, 0x1F, 0x1F, 0xCF, 0xE3, 0xE3, 0xF0, 0xFE, 0x7C, 0xFC, 0x0F, 0xCF, 0xBF, 0x80,
    0xFF, 0xFF, 0xE0, 0x0F, 0xFF, 0xF8, 0x00, 0xFF, 0xFE, 0x00, 0x1F, 0xFF, 0x80, 0x03, 0xFF, 0xF8,
    0x00, 0xFF, 0xFF, 0x80, 0x3F, 0x7F, 0xF8, 0x0F, 0xCF, 0xBF, 0x03, 0xF9, 0xF3, 0xF0, 0x7E, 0x3E,
    0x3F, 0x1F, 0x87, 0xC7, 0xE7, 0xE0, 0xF8, 0x7E, 0xFC, 0x0F, 0xDF, 0x83, 0xF3, 0xF0, 0xFC, 0x7E,
    0x3F, 0x0F, 0xCF, 0xC1, 0xFB, 0xF0, 0x3F, 0xFE, 0x07, 0xFF, 0x80, 0xFF, 0xF8, 0x1F, 0xFF, 0xC3,
    0xFF, 0xFC, 0x7F, 0xFF, 0xCF, 0xC7, 0xF9, 0xF8, 0x3F, 0xBF, 0x03, 0xF7, 0xE0, 0x3E, 0xFC, 0x07,
    0xDF, 0x80, 0xFB, 0xF0, 0x1F, 0x7E, 0x03, 0xEF, 0xC0, 0xFC, 0x00, 0x1F, 0x80, 0x0F, 0xE0, 0x0F,
    0xFC, 0x01, 0xFF, 0x00, 0x3F, 0xC0, 0x07, 0xE0, 0x00, 0xF8, 0x7F, 0xF1, 0xFB, 0xE3, 0xE7, 0xCF,
    0xCF, 0xBF, 0x1F, 0xFC, 0x3F, 0xF0, 0x7F, 0xF8, 0xFF, 0xF9, 0xFF, 0xFB, 0xE7, 0xF7, 0xC3, 0xFF,
    0x83, 0xFF, 0x07, 0xFE, 0x0F, 0xFC, 0x1F, 0x00, 0x3E, 0x01, 0xFC, 0x1F, 0xF0, 0x3F, 0xE0, 0x7F,
    0x80, 0xFC, 0x00, 0x01, 0xFF, 0xFC, 0x00, 0x7F, 0xFF, 0x00, 0x1F, 0xFF, 0xC0, 0x07, 0xFF, 0xF0,
    0x01, 0xF0, 0xFC, 0x00, 0xFC, 0x3F, 0x00, 0x3F, 0x0F, 0xC0, 0x0F, 0xC3, 0xF0, 0x03, 0xF0, 0xFC,
    0x00, 0xFC, 0x3F, 0x00, 0x3E, 0x0F, 0xC0, 0x0F, 0x83, 0xF0, 0x07, 0xE0, 0xFC, 0x01, 0xF8, 0x3F,
    0x00, 0x7C, 0x0F, 0xC0, 0x3F, 0x03, 0xF0, 0x7F, 0xC0, 0xFC, 0x3F, 0xE0, 0x3F, 0xEF, 0xF0, 0x0F,
    0xFB, 0xF8, 0x03, 0xFE, 0xF8, 0x00, 0xFF, 0x80, 0x00, 0x07, 0xE0, 0x00, 0x01, 0xF0, 0x00, 0x00,
    0xFC, 0x00, 0x00, 0x3E, 0x00, 0x00, 0x0F, 0x80, 0x00, 0x00, 0xC0, 0x07, 0xFF, 0xC0, 0x3F, 0xFE,
    0x01, 0xFF, 0xF0, 0x0F, 0xFF, 0x80, 0x7C, 0xFC, 0x03, 0xE7, 0xE0, 0x3F, 0x3F, 0x01, 0xF9, 0xF8,
    0x0F, 0x8F, 0xC0, 0x7C, 0x7E, 0x07, 0xE3, 0xF0, 0xFF, 0x1F, 0x8F, 0xF0, 0xFF, 0xFF, 0x07, 0xFF,
    0xF0, 0x3F, 0xDF, 0x01, 0xFE, 0x00, 0x01, 0xF0, 0x00, 0x1F, 0x00, 0x00, 0xF8, 0x00, 0x0F, 0x80,
    0x00, 0x18, 0x00, 0xFC, 0x07, 0xFF, 0x80, 0xFF, 0xF0, 0x1F, 0xFE, 0x03, 0xFF, 0xC0, 0x7F, 0xF8,
    0x0F, 0xFF, 0x01, 0xFF, 0xE0, 0x3F, 0xFF, 0xFF, 0xFF, 0xFF, 0xFF, 0xFF, 0xFF, 0xFF, 0xFF, 0xFF,
    0xC0, 0x7F, 0xF8, 0x0F, 0xFF, 0x01, 0xFF, 0xE0, 0x3F, 0xFC, 0x07, 0xFF, 0x80, 0xFF, 0xF0, 0x1F,
    0xFE, 0x03, 0xFF, 0xC0, 0x7E, 0x00, 0x0F, 0xC0, 0x03, 0xF8, 0x01, 0xFE, 0x00, 0x7F, 0xC0, 0x0F,
    0xF0, 0x01, 0xFC, 0x00, 0xF8, 0x7F, 0xF0, 0xFF, 0xE1, 0xFF, 0xC3, 0xFF, 0x87, 0xFF, 0x0F, 0xFF,
    0xFF, 0xFF, 0xFF, 0xFF, 0xFF, 0xFF, 0xFF, 0xE1, 0xFF, 0xC3, 0xFF, 0x87, 0xFF, 0x0F, 0xFE, 0x1F,
    0xFC, 0x3F, 0x00, 0x7E, 0x00, 0xFC, 0x0F, 0xF0, 0x1F, 0xE0, 0x3F, 0x80, 0x7E, 0x00, 0xFC, 0x07,
    0xE3, 0xF0, 0x1F, 0x8F, 0xC0, 0x7E, 0x3F, 0x01, 0xF8, 0xFC, 0x07, 0xE3, 0xF0, 0x1F, 0x8F, 0xC0,
    0x7E, 0x3F, 0x01, 0xF8, 0xFF, 0xFF, 0xE3, 0xFF, 0xFF, 0x8F, 0xFF, 0xFE, 0x3F, 0xFF, 0xF8, 0xFC,
    0x07, 0xE3, 0xF0, 0x1F, 0x8F, 0xC0, 0x7E, 0x3F, 0x01, 0xF8, 0xFC, 0x07, 0xE3, 0xF0, 0x1F, 0xFF,
    0xC0, 0x7F, 0xFF, 0x01, 0xFF, 0xFC, 0x07, 0xFC, 0x00, 0x03, 0xE0, 0x00, 0x0F, 0x80, 0x00, 0x7E,
    0x00, 0x03, 0xF0, 0x00, 0x07, 0x80, 0x00, 0x0E, 0x00, 0xF8, 0x7E, 0x7C, 0x3F, 0x3E, 0x1F, 0x9F,
    0x0F, 0xCF, 0x87, 0xE7, 0xC3, 0xF3, 0xFF, 0xF9, 0xFF, 0xFC, 0xFF, 0xFE, 0x7F, 0xFF, 0x3E, 0x1F,
    0x9F, 0x0F, 0xCF, 0x87, 0xFF, 0xC3, 0xFF, 0xE1, 0xFF, 0xF0, 0xFF, 0x00, 0x1F, 0x00, 0x0F, 0x80,
    0x0F, 0x80, 0x07, 0xC0, 0x01, 0xC0, 0xF8, 0x0F, 0xFE, 0x03, 0xFF, 0x80, 0xFF, 0xE0, 0x3F, 0xF8,
    0x0F, 0xFE, 0x03, 0xFF, 0x80, 0xFF, 0xF0, 0x3F, 0xFC, 0x0F, 0xFF, 0xC3, 0xF7, 0xFF, 0xFD, 0xFF,
    0xFF, 0x3F, 0xFF, 0xC3, 0xFF, 0xF0, 0x00, 0xFC, 0x00, 0x3F, 0x00, 0x0F, 0xC0, 0x1F, 0xF0, 0x07,
    0xFC, 0x01, 0xFF, 0x00, 0x7F, 0xC0, 0x1F, 0x00, 0x07, 0xC0, 0x01, 0xF0, 0x00, 0x7C, 0x00, 0x1F,
    0x00, 0x07, 0xC0, 0xF8, 0x7F, 0xF0, 0xFF, 0xE1, 0xFF, 0xC3, 0xFF, 0x87, 0xFF, 0xCF, 0xFF, 0xFF,
    0xBF, 0xFF, 0x7F, 0xFE, 0x3F, 0xFC, 0x01, 0xF8, 0x03, 0xF0, 0x3F, 0xE0, 0x7F, 0xC0, 0xFF, 0x81,
    0xFF, 0x03, 0xE0, 0x07, 0xC0, 0x0F, 0x80, 0x1F, 0x00, 0x3E, 0x00, 0x3F, 0x00, 0x3F, 0x01, 0xF8,
    0x01, 0xF8, 0x0F, 0xE0, 0x1F, 0xC0, 0x7F, 0x00, 0xFE, 0x03, 0xFC, 0x0F, 0xF0, 0x1F, 0xE0, 0x7F,
    0x81, 0xFF, 0x87, 0xFC, 0x0F, 0xFC, 0x3F, 0xE0, 0x7F, 0xF3, 0xFF, 0x83, 0xFF, 0x9F, 0xFC, 0x1F,
    0x7F, 0xF7, 0xE0, 0xF9, 0xFF, 0xBF, 0x07, 0xCF, 0xF9, 0xF8, 0x3E, 0x3F, 0xC7, 0xC1, 0xF1, 0xFE,
    0x3E, 0x0F, 0x87, 0xE1, 0xF0, 0x7C, 0x3F, 0x0F, 0x83, 0xE0, 0xF0, 0x7F, 0xDF, 0x00, 0x03, 0xFC,
    0xF8, 0x00, 0x1F, 0xE7, 0xC0, 0x00, 0xFF, 0x00, 0x00, 0x00, 0xF8, 0x00, 0x00, 0x0F, 0x80, 0x00,
    0x00, 0x7C, 0x00, 0x00, 0x07, 0xC0, 0x00, 0x00, 0x3E, 0x00, 0x00, 0x00, 0x60, 0x7C, 0x01, 0xF0,
    0x7E, 0x03, 0xF0, 0x7E, 0x07, 0xF0, 0x7F, 0x07, 0xF0, 0x7F, 0x8F, 0xF0, 0x7F, 0x8F, 0xF0, 0x7F,
    0x9F, 0xF0, 0x7F, 0xDF, 0xF0, 0x7F, 0xFF, 0xF0, 0x7F, 0xFD, 0xF0, 0xFD, 0xFD, 0xF8, 0xFD, 0xFD,
    0xF8, 0xFC, 0xF9, 0xFF, 0xFC, 0xF9, 0xFF, 0xF8, 0x01, 0xFE, 0xF8, 0x01, 0xFE, 0x00, 0x00, 0x3E,
    0x00, 0x00, 0x7C, 0x00, 0x00, 0x7C, 0x00, 0x00, 0xF8, 0x00, 0x00, 0x30, 0xFF, 0xFF, 0xFF, 0xFF,
    0xFF, 0xFF, 0xFF, 0xFF, 0xFF, 0xFF, 0xFF, 0xFF, 0xFF, 0x80, 0x03, 0x87, 0x00, 0x0F, 0x9F, 0x00,
    0x0F, 0xFC, 0x00, 0x1F, 0xF8, 0x00, 0x0F, 0xC0, 0x00, 0x00, 0x00, 0x00, 0x00, 0x00, 0x00, 0x00,
    0x00, 0x00, 0xFC, 0x00, 0x01, 0xFC, 0x00, 0x07, 0xF8, 0x00, 0x0F, 0xF8, 0x00, 0x3F, 0xF0, 0x00,
    0x7F, 0xE0, 0x00, 0xFF, 0xE0, 0x03, 0xE7, 0xC0, 0x07, 0xCF, 0xC0, 0x1F, 0x0F, 0x80, 0x3E, 0x1F,
    0x00, 0xFC, 0x1F, 0x01, 0xFF, 0xFE, 0x03, 0xFF, 0xFE, 0x0F, 0xFF, 0xFC, 0x1F, 0xFF, 0xF8, 0x3E,
    0x01, 0xF8, 0xFC, 0x03, 0xF1, 0xF8, 0x03, 0xF7, 0xE0, 0x07, 0xEF, 0xC0, 0x0F, 0xC0, 0x1C, 0x70,
    0x7D, 0xF0, 0xFF, 0xE0, 0xFF, 0x80, 0xFE, 0x00, 0x00, 0x00, 0x00, 0x00, 0x00, 0x3F, 0xE0, 0xFF,
    0xF1, 0xFF, 0xF1, 0xFF, 0xE3, 0x8F, 0xC0, 0x0F, 0x87, 0xFF, 0x3F, 0xFF, 0xFF, 0xFF, 0xF8, 0xFF,
    0xE1, 0xFF, 0xE3, 0xFF, 0xFF, 0xFF, 0xFF, 0xDF, 0xFF, 0x9F, 0xFE, 0x03, 0x8F, 0x00, 0x0F, 0x9F,
    0x00, 0x1F, 0x3E, 0x00, 0x3E, 0x7C, 0x00, 0x38, 0xF0, 0x00, 0x00, 0x00, 0x00, 0x00, 0x00, 0x00,
    0x00, 0x00, 0x00, 0xFC, 0x00, 0x01, 0xFC, 0x00, 0x07, 0xF8, 0x00, 0x0F, 0xF8, 0x00, 0x3F, 0xF0,
    0x00, 0x7F, 0xE0, 0x00, 0xFF, 0xE0, 0x03, 0xE7, 0xC0, 0x07, 0xCF, 0xC0, 0x1F, 0x0F, 0x80, 0x3E,
    0x1F, 0x00, 0xFC, 0x1F, 0x01, 0xFF, 0xFE, 0x03, 0xFF, 0xFE, 0x0F, 0xFF, 0xFC, 0x1F, 0xFF, 0xF8,
    0x3E, 0x01, 0xF8, 0xFC, 0x03, 0xF1, 0xF8, 0x03, 0xF7, 0xE0, 0x07, 0xEF, 0xC0, 0x0F, 0xC0, 0x3C,
    0x78, 0xF9, 0xF1, 0xF3, 0xE3, 0xE7, 0xC3, 0xC7, 0x80, 0x00, 0x00, 0x00, 0x00, 0x00, 0x3F, 0xE0,
    0xFF, 0xF1, 0xFF, 0xF1, 0xFF, 0xE3, 0x8F, 0xC0, 0x0F, 0x87, 0xFF, 0x3F, 0xFF, 0xFF, 0xFF, 0xF8,
    0xFF, 0xE1, 0xFF, 0xE3, 0xFF, 0xFF, 0xFF, 0xFF, 0xDF, 0xFF, 0x9F, 0xFE, 0x00, 0x07, 0xFF, 0xF8,
    0x00, 0x3F, 0xFF, 0xE0, 0x01, 0xFF, 0xFF, 0x80, 0x07, 0xFF, 0xFE, 0x00, 0x3F, 0xF0, 0x00, 0x01,
    0xFF, 0xC0, 0x00, 0x07, 0xFF, 0x00, 0x00, 0x3F, 0x7C, 0x00, 0x01, 0xF9, 0xFF, 0xF0, 0x07, 0xC7,
    0xFF, 0xC0, 0x3F, 0x1F, 0xFF, 0x00, 0xF8, 0x7F, 0xFC, 0x07, 0xFF, 0xF0, 0x00, 0x3F, 0xFF, 0xC0,
    0x00, 0xFF, 0xFF, 0x00, 0x07, 0xFF, 0xFC, 0x00, 0x1F, 0x01, 0xF0, 0x00, 0xFC, 0x07, 0xFF, 0xF7,
    0xE0, 0x1F, 0xFF, 0xDF, 0x80, 0x7F, 0xFF, 0xFC, 0x01, 0xFF, 0xFC, 0x3F, 0xE3, 0xF8, 0x3F, 0xFF,
    0xFF, 0x1F, 0xFF, 0xFF, 0xC7, 0xFF, 0xFF, 0xE3, 0x8F, 0xF3, 0xF8, 0x03, 0xF0, 0x7C, 0x7F, 0xFF,
    0xFE, 0xFF, 0xFF, 0xFF, 0xFF, 0xFF, 0xFF, 0xFE, 0x3F, 0x00, 0x3E, 0x0F, 0x80, 0x1F, 0x8F, 0xF9,
    0xEF, 0xFF, 0xFF, 0xF7, 0xFF, 0xFF, 0xF9, 0xFF, 0xFF, 0xFC, 0x7F, 0xEF, 0xFC, 0x1C, 0x38, 0x3E,
    0x7C, 0x1F, 0xF8, 0x1F, 0xF0, 0x07, 0xE0, 0x00, 0x00, 0x00, 0x00, 0x00, 0x00, 0xFF, 0xFE, 0xFF,
    0xFE, 0xFF, 0xFE, 0xFF, 0xFE, 0xFC, 0x00, 0xFC, 0x00, 0xFC, 0x00, 0xFC, 0x00, 0xFF, 0xFC, 0xFF,
    0xFC, 0xFF, 0xFC, 0xFF, 0xFC, 0xFC, 0x00, 0xFC, 0x00, 0xFC, 0x00, 0xFC, 0x00, 0xFC, 0x00, 0xFF,
    0xFF, 0xFF, 0xFF, 0xFF, 0xFF, 0xFF, 0xFF, 0x1E, 0x38, 0x1F, 0x7C, 0x1F, 0xFC, 0x0F, 0xF8, 0x07,
    0xF0, 0x00, 0x00, 0x00, 0x00, 0x00, 0x00, 0x07, 0xF0, 0x1F, 0xFC, 0x3F, 0xFE, 0x7F, 0xFE, 0x7E,
    0x7F, 0xFC, 0x1F, 0xFF, 0xFF, 0xFF, 0xFF, 0xFF, 0xFF, 0xFC, 0x00, 0xFC, 0x00, 0x7F, 0x9E, 0x7F,
    0xFE, 0x3F, 0xFE, 0x1F, 0xFE, 0x07, 0xFC, 0x0F, 0xFC, 0x01, 0xFF, 0xF8, 0x0F, 0xFF, 0xE0, 0x7F,
    0xFF, 0x83, 0xE3, 0xFE, 0x08, 0x03, 0xF0, 0x00, 0x0F, 0xC0, 0x00, 0x7E, 0x00, 0x01, 0xF7, 0xFF,
    0xFF, 0xBF, 0xFF, 0xFD, 0xFF, 0xFF, 0xEF, 0xFF, 0xFF, 0x7E, 0x01, 0xF9, 0xF0, 0x0F, 0xCF, 0xC0,
    0xFE, 0x7F, 0x9F, 0xE1, 0xFF, 0xFE, 0x07, 0xFF, 0xF0, 0x1F, 0xFE, 0x00, 0x3F, 0xE0, 0x00, 0x3F,
    0xF0, 0x7F, 0xF8, 0x7F, 0xFC, 0x7F, 0xFE, 0x38, 0xFE, 0x00, 0x3F, 0x00, 0x3F, 0xFF, 0xFF, 0xFF,
    0xFF, 0xFF, 0xFF, 0xF8, 0x3F, 0xFE, 0x7E, 0x7F, 0xFE, 0x7F, 0xFC, 0x3F, 0xF8, 0x0F, 0xF0, 0x0F,
    0x1E, 0x00, 0x7C, 0xF8, 0x03, 0xE7, 0xC0, 0x1F, 0x3E, 0x00, 0xF1, 0xE0, 0x00, 0x00, 0x00, 0x00,
    0x00, 0x00, 0x00, 0x00, 0x0F, 0xFC, 0x01, 0xFF, 0xF8, 0x0F, 0xFF, 0xE0, 0x7F, 0xFF, 0x83, 0xE3,
    0xFE, 0x08, 0x03, 0xF0, 0x00, 0x0F, 0xC0, 0x00, 0x7E, 0x00, 0x01, 0xF7, 0xFF, 0xFF, 0xBF, 0xFF,
    0xFD, 0xFF, 0xFF, 0xEF, 0xFF, 0xFF, 0x7E, 0x01, 0xF9, 0xF0, 0x0F, 0xCF, 0xC0, 0xFE, 0x7F, 0x9F,
    0xE1, 0xFF, 0xFE, 0x07, 0xFF, 0xF0, 0x1F, 0xFE, 0x00, 0x3F, 0xE0, 0x00, 0x1C, 0x78, 0x3E, 0x7C,
    0x3E, 0x7C, 0x3E, 0x7C, 0x1C, 0x78, 0x00, 0x00, 0x00, 0x00, 0x00, 0x00, 0x3F, 0xF0, 0x7F, 0xF8,
    0x7F, 0xFC, 0x7F, 0xFE, 0x38, 0xFE, 0x00, 0x3F, 0x00, 0x3F, 0xFF, 0xFF, 0xFF, 0xFF, 0xFF, 0xFF,
    0xF8, 0x3F, 0xFE, 0x7E, 0x7F, 0xFE, 0x7F, 0xFC, 0x3F, 0xF8, 0x0F, 0xF0, 0x00, 0x3C, 0x78, 0x00,
    0x00, 0xF9, 0xF0, 0x00, 0x01, 0xF3, 0xE0, 0x00, 0x03, 0xE7, 0xC0, 0x00, 0x03, 0xC7, 0x80, 0x00,
    0x00, 0x00, 0x00, 0x00, 0x00, 0x00, 0x00, 0x00, 0x00, 0x00, 0x00, 0xFE, 0x0F, 0xC1, 0xFC, 0xFE,
    0x1F, 0x83, 0xF0, 0xFE, 0x3F, 0x0F, 0xC0, 0xFE, 0x7E, 0x3F, 0x80, 0xFE, 0xFC, 0xFE, 0x01, 0xFD,
    0xFB, 0xF8, 0x01, 0xFF, 0xFF, 0xE0, 0x01, 0xFF, 0xFF, 0x80, 0x01, 0xFF, 0xFE, 0x00, 0x01, 0xFF,
    0xF8, 0x00, 0x07, 0xFF, 0xF8, 0x00, 0x1F, 0xFF, 0xF8, 0x00, 0x3F, 0xFF, 0xF8, 0x00, 0xFD, 0xFB,
    0xF8, 0x03, 0xFB, 0xF3, 0xF0, 0x0F, 0xE7, 0xE3, 0xF0, 0x1F, 0x8F, 0xC7, 0xF0, 0x7E, 0x1F, 0x87,
    0xE1, 0xFC, 0x3F, 0x07, 0xE3, 0xF0, 0x7E, 0x0F, 0xEF, 0xC0, 0xFC, 0x0F, 0xC0, 0x00, 0xF1, 0xE0,
    0x00, 0x3E, 0x7C, 0x00, 0x07, 0xCF, 0x80, 0x00, 0xF9, 0xF0, 0x00, 0x0F, 0x1E, 0x00, 0x00, 0x00,
    0x00, 0x00, 0x00, 0x00, 0x00, 0x00, 0x00, 0x00, 0x7E, 0x1F, 0x1F, 0xCF, 0xE3, 0xE3, 0xF0, 0xFE,
    0x7C, 0xFC, 0x0F, 0xCF, 0xBF, 0x80, 0xFF, 0xFF, 0xE0, 0x0F, 0xFF, 0xF8, 0x00, 0xFF, 0xFE, 0x00,
    0x1F, 0xFF, 0x80, 0x03, 0xFF, 0xF8, 0x00, 0xFF, 0xFF, 0x80, 0x3F, 0x7F, 0xF8, 0x0F, 0xCF, 0xBF,
    0x03, 0xF9, 0xF3, 0xF0, 0x7E, 0x3E, 0x3F, 0x1F, 0x87, 0xC7, 0xE7, 0xE0, 0xF8, 0x7E, 0x1E, 0x3C,
    0x07, 0xCF, 0x83, 0xF7, 0xE0, 0x7C, 0xF8, 0x1E, 0x3C, 0x00, 0x00, 0x00, 0x00, 0x00, 0x00, 0x00,
    0x1F, 0xF8, 0x1F, 0xFF, 0x87, 0xFF, 0xF0, 0xFF, 0xFC, 0x3E, 0x3F, 0x84, 0x07, 0xE0, 0x01, 0xF8,
    0x01, 0xFC, 0x0F, 0xFF, 0x03, 0xFF, 0x80, 0xFF, 0xF0, 0x3F, 0xFE, 0x00, 0x7F, 0x80, 0x03, 0xF0,
    0x00, 0xFC, 0x80, 0x3F, 0x7E, 0x3F, 0xDF, 0xFF, 0xE7, 0xFF, 0xF9, 0xFF, 0xFC, 0x1F, 0xFC, 0x00,
    0x3C, 0x78, 0xF9, 0xF1, 0xF3, 0xE3, 0xE7, 0xC3, 0xC7, 0x80, 0x00, 0x00, 0x00, 0x00, 0x00, 0x3F,
    0xF0, 0xFF, 0xF1, 0xFF, 0xF1, 0xFF, 0xE3, 0x8F, 0xC0, 0x1F, 0x87, 0xFE, 0x0F, 0xFC, 0x1F, 0xFC,
    0x01, 0xF8, 0x01, 0xFB, 0xC7, 0xF7, 0xFF, 0xCF, 0xFF, 0x9F, 0xFE, 0x1F, 0xF8, 0x7F, 0xFF, 0x9F,
    0xFF, 0xE7, 0xFF, 0xF9, 0xFF, 0xFE, 0x00, 0x7F, 0x00, 0x3F, 0x80, 0x1F, 0x80, 0x0F, 0xC0, 0x07,
    0xFC, 0x01, 0xFF, 0xC0, 0x7F, 0xF8, 0x01, 0xFE, 0x00, 0x1F, 0x80, 0x03, 0xF0, 0x00, 0xFC, 0x80,
    0x3F, 0x7C, 0x7F, 0x9F, 0xFF, 0xEF, 0xFF, 0xF1, 0xFF, 0xF8, 0x1F, 0xF8, 0x00, 0x7F, 0xFC, 0xFF,
    0xF9, 0xFF, 0xF3, 0xFF, 0xE0, 0x1F, 0xC0, 0x3F, 0x00, 0xFC, 0x03, 0xF0, 0x0F, 0xC0, 0x1F, 0xE0,
    0x7F, 0xE0, 0xFF, 0xE0, 0x1F, 0xC0, 0x0F, 0xC0, 0x0F, 0x80, 0x1F, 0x00, 0x7E, 0xE3, 0xFF, 0xFF,
    0xF7, 0xFF, 0xEF, 0xFF, 0x8F, 0xFC, 0x00, 0x07, 0xFF, 0x00, 0xFF, 0xE0, 0x1F, 0xFC, 0x00, 0x00,
    0x00, 0x00, 0x00, 0x00, 0x00, 0x3F, 0x00, 0xFF, 0xE0, 0x3F, 0xFC, 0x0F, 0xFF, 0x83, 0xFF, 0xF0,
    0x7F, 0xFE, 0x1F, 0xFF, 0xC7, 0xFF, 0xF9, 0xFF, 0xFF, 0x7F, 0xFF, 0xEF, 0xDF, 0xFF, 0xF3, 0xFF,
    0xFC, 0x7F, 0xFF, 0x8F, 0xFF, 0xE1, 0xFF, 0xF8, 0x3F, 0xFE, 0x07, 0xFF, 0xC0, 0xFF, 0xF0, 0x1F,
    0xFC, 0x03, 0xFF, 0x80, 0x7F, 0xE0, 0x0F, 0x80, 0x3F, 0xF8, 0x3F, 0xF8, 0x3F, 0xF8, 0x00, 0x00,
    0x00, 0x00, 0x00, 0x00, 0xF8, 0x3E, 0xF8, 0x7E, 0xF8, 0x7E, 0xF8, 0xFE, 0xF9, 0xFE, 0xFB, 0xFE,
    0xFB, 0xFE, 0xFF, 0xFE, 0xFF, 0xFE, 0xFF, 0xBE, 0xFF, 0x3E, 0xFF, 0x3E, 0xFE, 0x3E, 0xFC, 0x3E,
    0xFC, 0x3E, 0xF8, 0x3E, 0x07, 0x8E, 0x01, 0xF3, 0xE0, 0x3E, 0x7C, 0x07, 0xCF, 0x80, 0x78, 0xE0,
    0x00, 0x00, 0x00, 0x00, 0x00, 0x00, 0x00, 0xFC, 0x03, 0xFF, 0x80, 0xFF, 0xF0, 0x3F, 0xFE, 0x0F,
    0xFF, 0xC1, 0xFF, 0xF8, 0x7F, 0xFF, 0x1F, 0xFF, 0xE7, 0xFF, 0xFD, 0xFF, 0xFF, 0xBF, 0x7F, 0xFF,
    0xCF, 0xFF, 0xF1, 0xFF, 0xFE, 0x3F, 0xFF, 0x87, 0xFF, 0xE0, 0xFF, 0xF8, 0x1F, 0xFF, 0x03, 0xFF,
    0xC0, 0x7F, 0xF0, 0x0F, 0xFE, 0x01, 0xFF, 0x80, 0x3E, 0x3C, 0x78, 0x3E, 0x7C, 0x3E, 0x7C, 0x3E,
    0x7C, 0x3C, 0x78, 0x00, 0x00, 0x00, 0x00, 0x00, 0x00, 0xF8, 0x3E, 0xF8, 0x7E, 0xF8, 0x7E, 0xF8,
    0xFE, 0xF9, 0xFE, 0xFB, 0xFE, 0xFB, 0xFE, 0xFF, 0xFE, 0xFF, 0xFE, 0xFF, 0xBE, 0xFF, 0x3E, 0xFF,
    0x3E, 0xFE, 0x3E, 0xFC, 0x3E, 0xFC, 0x3E, 0xF8, 0x3E, 0x03, 0xC7, 0x80, 0x1F, 0x3E, 0x00, 0x7E,
    0xFC, 0x01, 0xF3, 0xE0, 0x03, 0xC7, 0x80, 0x00, 0x00, 0x00, 0x00, 0x00, 0x00, 0x00, 0x00, 0x01,
    0xFF, 0x00, 0x1F, 0xFF, 0x01, 0xFF, 0xFE, 0x07, 0xFF, 0xFC, 0x3F, 0xCF, 0xF9, 0xFC, 0x07, 0xE7,
    0xE0, 0x0F, 0xDF, 0x00, 0x3F, 0xFC, 0x00, 0xFF, 0xF0, 0x01, 0xFF, 0xC0, 0x07, 0xFF, 0x00, 0x1F,
    0xFC, 0x00, 0xFD, 0xF0, 0x03, 0xF7, 0xE0, 0x0F, 0xDF, 0xC0, 0x7E, 0x3F, 0xCF, 0xF8, 0xFF, 0xFF,
    0xC1, 0xFF, 0xFE, 0x01, 0xFF, 0xF0, 0x01, 0xFF, 0x00, 0x1E, 0x3C, 0x1F, 0xBF, 0x0F, 0xDF, 0x87,
    0xEF, 0xC1, 0xE3, 0xC0, 0x00, 0x00, 0x00, 0x00, 0x00, 0x00, 0x07, 0xF0, 0x0F, 0xFE, 0x0F, 0xFF,
    0x8F, 0xFF, 0xE7, 0xF7, 0xF7, 0xE0, 0xFB, 0xF0, 0x7F, 0xF8, 0x3F, 0xFC, 0x1F, 0xFE, 0x0F, 0xFF,
    0x07, 0xCF, 0xEF, 0xE7, 0xFF, 0xF1, 0xFF, 0xF0, 0x7F, 0xF0, 0x0F, 0xE0, 0x01, 0xFF, 0x00, 0x1F,
    0xFF, 0x01, 0xFF, 0xFE, 0x07, 0xFF, 0xFC, 0x3F, 0xCF, 0xF9, 0xFC, 0x07, 0xE7, 0xE0, 0x1F, 0xDF,
    0x00, 0x3F, 0xFC, 0x00, 0xFF, 0xFF, 0xFF, 0xFF, 0xFF, 0xFF, 0xFF, 0xFF, 0xFF, 0xFC, 0x00, 0xFD,
    0xF0, 0x03, 0xF7, 0xE0, 0x1F, 0xDF, 0xC0, 0x7E, 0x3F, 0xCF, 0xF8, 0xFF, 0xFF, 0xC1, 0xFF, 0xFE,
    0x01, 0xFF, 0xF0, 0x01, 0xFF, 0x00, 0x07, 0xF0, 0x0F, 0xFE, 0x0F, 0xFF, 0x8F, 0xFF, 0xE7, 0xE7,
    0xF7, 0xE0, 0xFB, 0xFF, 0xFF, 0xFF, 0xFF, 0xFF, 0xFF, 0xFE, 0x0F, 0xFF, 0x07, 0xCF, 0xEF, 0xE7,
    0xFF, 0xF1, 0xFF, 0xF0, 0x7F, 0xF0, 0x1F, 0xE0, 0x03, 0xC7, 0x80, 0x1F, 0x3E, 0x00, 0x7E, 0xFC,
    0x01, 0xF3, 0xE0, 0x03, 0xC7, 0x80, 0x00, 0x00, 0x00, 0x00, 0x00, 0x00, 0x00, 0x00, 0x01, 0xFF,
    0x00, 0x1F, 0xFF, 0x01, 0xFF, 0xFE, 0x07, 0xFF, 0xFC, 0x3F, 0xCF, 0xF9, 0xFC, 0x07, 0xE7, 0xE0,
    0x1F, 0xDF, 0x00, 0x3F, 0xFC, 0x00, 0xFF, 0xFF, 0xFF, 0xFF, 0xFF, 0xFF, 0xFF, 0xFF, 0xFF, 0xFC,
    0x00, 0xFD, 0xF0, 0x03, 0xF7, 0xE0, 0x1F, 0xDF, 0xC0, 0x7E, 0x3F, 0xCF, 0xF8, 0xFF, 0xFF, 0xC1,
    0xFF, 0xFE, 0x01, 0xFF, 0xF0, 0x01, 0xFF, 0x00, 0x1E, 0x3C, 0x1F, 0x3E, 0x0F, 0x9F, 0x07, 0xCF,
    0x81, 0xE3, 0xC0, 0x00, 0x00, 0x00, 0x00, 0x00, 0x00, 0x07, 0xF0, 0x0F, 0xFE, 0x0F, 0xFF, 0x8F,
    0xFF, 0xE7, 0xE7, 0xF7, 0xE0, 0xFB, 0xFF, 0xFF, 0xFF, 0xFF, 0xFF, 0xFF, 0xFE, 0x0F, 0xFF, 0x07,
    0xCF, 0xEF, 0xE7, 0xFF, 0xF1, 0xFF, 0xF0, 0x7F, 0xF0, 0x1F, 0xE0, 0x1E, 0x3C, 0x03, 0xEF, 0xC0,
    0xFD, 0xF8, 0x0F, 0xBF, 0x01, 0xE3, 0xC0, 0x00, 0x00, 0x00, 0x00, 0x00, 0x00, 0x00, 0x1F, 0xF8,
    0x1F, 0xFF, 0xC3, 0xFF, 0xFC, 0x3F, 0xFF, 0xC7, 0xC7, 0xF8, 0x00, 0x1F, 0x80, 0x03, 0xF0, 0x00,
    0x3F, 0x0F, 0xFF, 0xE1, 0xFF, 0xFC, 0x3F, 0xFF, 0x87, 0xFF, 0xF0, 0x00, 0x7E, 0x00, 0x0F, 0xC0,
    0x03, 0xF3, 0x00, 0xFE, 0x7C, 0x7F, 0x8F, 0xFF, 0xF3, 0xFF, 0xFC, 0x7F, 0xFF, 0x03, 0xFF, 0x80,
    0x3C, 0x78, 0x3E, 0x7C, 0x7E, 0xFC, 0x3E, 0x7C, 0x3C, 0x78, 0x00, 0x00, 0x00, 0x00, 0x00, 0x00,
    0x3F, 0xE0, 0x7F, 0xF0, 0x7F, 0xFC, 0x3F, 0xFC, 0x38, 0xFE, 0x00, 0x3E, 0x0F, 0xFE, 0x0F, 0xFE,
    0x0F, 0xFE, 0x00, 0x3E, 0x00, 0x7E, 0x79, 0xFE, 0x7F, 0xFC, 0x7F, 0xFC, 0x7F, 0xF8, 0x7F, 0xE0,
    0x07, 0xFF, 0x00, 0x7F, 0xF0, 0x07, 0xFF, 0x00, 0x00, 0x00, 0x00, 0x00, 0x00, 0x00, 0x00, 0xFE,
    0x03, 0xF7, 0xE0, 0x3F, 0x7F, 0x03, 0xE3, 0xF0, 0x7E, 0x3F, 0x07, 0xE1, 0xF8, 0x7C, 0x1F, 0x8F,
    0xC0, 0xFC, 0xF8, 0x07, 0xDF, 0x80, 0x7F, 0xF8, 0x03, 0xFF, 0x00, 0x3F, 0xF0, 0x01, 0xFE, 0x00,
    0x1F, 0xE0, 0x00, 0xFC, 0x00, 0x0F, 0xC0, 0x33, 0xF8, 0x03, 0xFF, 0x80, 0x7F, 0xF0, 0x07, 0xFE,
    0x00, 0x7F, 0x80, 0x00, 0x1F, 0xFC, 0x0F, 0xFE, 0x07, 0xFF, 0x00, 0x00, 0x00, 0x00, 0x00, 0x00,
    0x03, 0xF0, 0x7F, 0xF8, 0x3F, 0x7C, 0x1F, 0x3F, 0x0F, 0x9F, 0x8F, 0xC7, 0xC7, 0xC3, 0xF3, 0xE1,
    0xFB, 0xF0, 0x7D, 0xF0, 0x3F, 0xF8, 0x0F, 0xF8, 0x07, 0xFC, 0x01, 0xFE, 0x00, 0xFE, 0x00, 0x3F,
    0x00, 0x1F, 0x00, 0x0F, 0x80, 0x9F, 0x80, 0xFF, 0xC0, 0x7F, 0xC0, 0x3F, 0xC0, 0x1F, 0xC0, 0x00,
    0x07, 0x8F, 0x00, 0x7D, 0xF8, 0x0F, 0xDF, 0x80, 0x7D, 0xF8, 0x07, 0x8F, 0x00, 0x00, 0x00, 0x00,
    0x00, 0x00, 0x00, 0x00, 0xFE, 0x03, 0xF7, 0xE0, 0x3F, 0x7F, 0x03, 0xE3, 0xF0, 0x7E, 0x3F, 0x07,
    0xE1, 0xF8, 0x7C, 0x1F, 0x8F, 0xC0, 0xFC, 0xF8, 0x07, 0xDF, 0x80, 0x7F, 0xF8, 0x03, 0xFF, 0x00,
    0x3F, 0xF0, 0x01, 0xFE, 0x00, 0x1F, 0xE0, 0x00, 0xFC, 0x00, 0x0F, 0xC0, 0x33, 0xF8, 0x03, 0xFF,
    0x80, 0x7F, 0xF0, 0x07, 0xFE, 0x00, 0x7F, 0x80, 0x00, 0x1E, 0x3C, 0x1F, 0xBE, 0x0F, 0xDF, 0x87,
    0xEF, 0x81, 0xE3, 0xC0, 0x00, 0x00, 0x00, 0x00, 0x00, 0x00, 0xFC, 0x1F, 0xFE, 0x0F, 0xDF, 0x07,
    0xCF, 0xC3, 0xE7, 0xE3, 0xF1, 0xF1, 0xF0, 0xFC, 0xF8, 0x7E, 0xFC, 0x1F, 0x7C, 0x0F, 0xFE, 0x03,
    0xFE, 0x01, 0xFF, 0x00, 0x7F, 0x80, 0x3F, 0x80, 0x0F, 0xC0, 0x07, 0xC0, 0x03, 0xE0, 0x27, 0xE0,
    0x3F, 0xF0, 0x1F, 0xF0, 0x0F, 0xF0, 0x07, 0xF0, 0x00, 0x00, 0xC3, 0x00, 0x1E, 0x3C, 0x01, 0xF7,
    0xC0, 0x3E, 0xF8, 0x07, 0xDF, 0x00, 0x79, 0xE0, 0x03, 0x0C, 0x00, 0x00, 0x00, 0x00, 0x00, 0x0F,
    0xE0, 0x3F, 0x7E, 0x03, 0xF7, 0xF0, 0x3E, 0x3F, 0x07, 0xE3, 0xF0, 0x7E, 0x1F, 0x87, 0xC1, 0xF8,
    0xFC, 0x0F, 0xCF, 0x80, 0x7D, 0xF8, 0x07, 0xFF, 0x80, 0x3F, 0xF0, 0x03, 0xFF, 0x00, 0x1F, 0xE0,
    0x01, 0xFE, 0x00, 0x0F, 0xC0, 0x00, 0xFC, 0x03, 0x3F, 0x80, 0x3F, 0xF8, 0x07, 0xFF, 0x00, 0x7F,
    0xE0, 0x07, 0xF8, 0x00, 0x03, 0x0C, 0x03, 0xCF, 0x83, 0xE7, 0xC1, 0xF7, 0xC1, 0xF7, 0xC0, 0xF3,
    0xC0, 0x30, 0xC0, 0x00, 0x00, 0x00, 0x00, 0x7E, 0x0F, 0xFF, 0x07, 0xEF, 0x83, 0xE7, 0xE1, 0xF3,
    0xF1, 0xF8, 0xF8, 0xF8, 0x7E, 0x7C, 0x3F, 0x7E, 0x0F, 0xBE, 0x07, 0xFF, 0x01, 0xFF, 0x00, 0xFF,
    0x80, 0x3F, 0xC0, 0x1F, 0xC0, 0x07, 0xE0, 0x03, 0xE0, 0x01, 0xF0, 0x13, 0xF0, 0x1F, 0xF8, 0x0F,
    0xF8, 0x07, 0xF8, 0x03, 0xF8, 0x00, 0x0E, 0x3C, 0x07, 0xCF, 0x81, 0xF3, 0xE0, 0x7C, 0xF8, 0x0E,
    0x3C, 0x00, 0x00, 0x00, 0x00, 0x00, 0x00, 0x00, 0xF8, 0x0F, 0xFE, 0x03, 0xFF, 0x80, 0xFF, 0xE0,
    0x3F, 0xF8, 0x0F, 0xFE, 0x03, 0xFF, 0x80, 0xFF, 0xF0, 0x3F, 0xFC, 0x0F, 0xFF, 0xC3, 0xF7, 0xFF,
    0xFD, 0xFF, 0xFF, 0x3F, 0xFF, 0xC3, 0xFF, 0xF0, 0x00, 0xFC, 0x00, 0x3F, 0x00, 0x0F, 0xC0, 0x03,
    0xF0, 0x00, 0xFC, 0x00, 0x3F, 0x00, 0x0F, 0xC0, 0x3C, 0x78, 0xFD, 0xF1, 0xFB, 0xF3, 0xF7, 0xC3,
    0xC7, 0x80, 0x00, 0x00, 0x00, 0x00, 0x00, 0xF8, 0x7F, 0xF0, 0xFF, 0xE1, 0xFF, 0xC3, 0xFF, 0x87,
    0xFF, 0x0F, 0xFF, 0x9F, 0xFF, 0xFF, 0x7F, 0xFE, 0xFF, 0xFC, 0x7F, 0xF8, 0x03, 0xF0, 0x07, 0xE0,
    0x0F, 0xC0, 0x1F, 0x80, 0x3F, 0xFF, 0xFF, 0xFF, 0xFF, 0xFF, 0xFF, 0xFF, 0xFF, 0xFC, 0x00, 0xFC,
    0x00, 0xFC, 0x00, 0xFC, 0x00, 0xFC, 0x00, 0xFC, 0x00, 0xFC, 0x00, 0xFC, 0x00, 0xFC, 0x00, 0xFC,
    0x00, 0xFC, 0x00, 0xFC, 0x00, 0xFC, 0x00, 0xFF, 0xC0, 0xFF, 0xC0, 0xFF, 0xC0, 0xFF, 0xC0, 0x0F,
    0xC0, 0x0F, 0xC0, 0x0F, 0xC0, 0x0F, 0xC0, 0x0F, 0xC0, 0x0F, 0xC0, 0xFF, 0xFF, 0xFF, 0xFF, 0xFF,
    0xFF, 0xF8, 0x0F, 0x80, 0xF8, 0x0F, 0x80, 0xF8, 0x0F, 0x80, 0xF8, 0x0F, 0x80, 0xFF, 0x0F, 0xF0,
    0xFF, 0x0F, 0xF0, 0x0F, 0x00, 0xF0, 0x0F, 0x00, 0xF0, 0x0F, 0x00, 0x01, 0xE3, 0xC0, 0x00, 0xFB,
    0xF0, 0x00, 0xFD, 0xF8, 0x00, 0x3E, 0xFC, 0x00, 0x1E, 0x3C, 0x00, 0x00, 0x00, 0x00, 0x00, 0x00,
    0x00, 0x00, 0x00, 0x00, 0xFC, 0x00, 0x1F, 0xFE, 0x00, 0x0F, 0xFF, 0x00, 0x07, 0xFF, 0x80, 0x03,
    0xFF, 0xC0, 0x01, 0xFF, 0xE0, 0x00, 0xFF, 0xF0, 0x00, 0x7F, 0xFF, 0xE0, 0x3F, 0xFF, 0xFC, 0x1F,
    0xFF, 0xFF, 0x8F, 0xFF, 0xFF, 0xC7, 0xFF, 0x9F, 0xF3, 0xFF, 0xC1, 0xF9, 0xFF, 0xE0, 0xFC, 0xFF,
    0xF0, 0x7E, 0x7F, 0xF8, 0x3F, 0x3F, 0xFC, 0x7F, 0x9F, 0xFF, 0xFF, 0x8F, 0xFF, 0xFF, 0x87, 0xFF,
    0xFF, 0x83, 0xFF, 0xFF, 0x01, 0xF8, 0x03, 0x8F, 0x00, 0x1F, 0x3E, 0x00, 0x7C, 0xF8, 0x01, 0xF3,
    0xE0, 0x03, 0x8F, 0x00, 0x00, 0x00, 0x00, 0x00, 0x00, 0x00, 0x00, 0x00, 0xF8, 0x00, 0xFF, 0xE0,
    0x03, 0xFF, 0x80, 0x0F, 0xFE, 0x00, 0x3F, 0xF8, 0x00, 0xFF, 0xFF, 0xC3, 0xFF, 0xFF, 0x8F, 0xFF,
    0xFF, 0x3F, 0xFF, 0xFC, 0xFF, 0xE3, 0xFB, 0xFF, 0x87, 0xEF, 0xFE, 0x3F, 0xBF, 0xFF, 0xFC, 0xFF,
    0xFF, 0xF3, 0xFF, 0xFF, 0x8F, 0xFF, 0xFC, 0x3F, 0x7F, 0x01, 0xF9, 0xFC, 0x0F, 0x87, 0xE0, 0x7C,
    0x1F, 0x83, 0xE0, 0xFE, 0x3F, 0x03, 0xF9, 0xF8, 0x0F, 0xCF, 0x81, 0xFF, 0xFC, 0x1F, 0xFF, 0xC0,
    0xFF, 0xFE, 0x0F, 0xDF, 0xC0, 0x7C, 0x7E, 0x03, 0xE3, 0xF0, 0x3F, 0x0F, 0xC1, 0xF8, 0x3F, 0x0F,
    0x81, 0xF8, 0x7C, 0x07, 0xE3, 0xE0, 0x3F, 0x9F, 0x00, 0xFC, 0x3F, 0xF8, 0x0F, 0xFF, 0x03, 0xFF,
    0xE0, 0xFF, 0xF8, 0x00, 0x7F, 0x00, 0x0F, 0xC0, 0x03, 0xF0, 0x00, 0xFC, 0x00, 0x3F, 0x00, 0x0F,
    0xC0, 0x03, 0xF0, 0x00, 0xFC, 0x00, 0x3F, 0x00, 0x0F, 0xC0, 0x03, 0xF1, 0xFF, 0xFF, 0x7F, 0xFF,
    0xDF, 0xFF, 0xF7, 0xFF, 0xFC, 0x3F, 0x81, 0xFE, 0x0F, 0xF8, 0x7F, 0xC0, 0x7E, 0x01, 0xF0, 0x0F,
    0x80, 0x7C, 0x03, 0xE0, 0x1F, 0x00, 0xF8, 0x07, 0xC0, 0x3E, 0x03, 0xF0, 0x7F, 0xDF, 0xFE, 0xFD,
    0xF7, 0xEF, 0xBE, 0x7C, 0x00, 0x00, 0xFF, 0xFF, 0x7F, 0xFF, 0xBF, 0xFF, 0xDF, 0xFF, 0xE0, 0x07,
    0xC0, 0x07, 0xC0, 0x03, 0xE0, 0x01, 0xF0, 0x00, 0xF8, 0x00, 0x7C, 0x00, 0x3E, 0x00, 0x1F, 0x00,
    0x0F, 0x80, 0x07, 0xC0, 0x03, 0xE0, 0x01, 0xF0, 0x00, 0xF8, 0x00, 0x7C, 0x00, 0x3E, 0x00, 0x7F,
    0xFE, 0x1F, 0xFF, 0xCF, 0xFF, 0xFB, 0xFF, 0xFF, 0x00, 0x1F, 0xC0, 0x03, 0xF0, 0x00, 0x7C, 0x00,
    0x1F, 0x00, 0x07, 0xDF, 0x01, 0xF7, 0xC0, 0x7D, 0xF0, 0x1F, 0x7C, 0x07, 0xDF, 0x01, 0xF7, 0xC0,
    0x7D, 0xF0, 0x1F, 0x7C, 0x07, 0xDF, 0x01, 0xF7, 0xC0, 0x7C, 0xFF, 0xFF, 0xFF, 0xFF, 0x3F, 0x3F,
    0x3F, 0x3F, 0x3F, 0x3F, 0x3F, 0x3F, 0x3F, 0x3F, 0x3F, 0x3F, 0x3F, 0x3F, 0x3F, 0xFF, 0xFF, 0xFF,
    0xFF, 0xFF, 0x1F, 0x8F, 0x83, 0xE1, 0xF0, 0x7C, 0x1F, 0x07, 0xC1, 0xF8, 0x7E, 0x1F, 0x87, 0xE1,
    0xF8, 0x3E, 0x0F, 0xC3, 0xF0, 0xFF, 0xFF, 0x1F, 0xFF, 0xF3, 0xFF, 0xFF, 0x7F, 0xFF, 0xE3, 0xE0,
    0xFE, 0x7C, 0x0F, 0xDF, 0x81, 0xFB, 0xF0, 0x3F, 0x7E, 0x07, 0xEF, 0xC0, 0xFD, 0xF8, 0x1F, 0xBF,
    0x03, 0xF7, 0xE0, 0x7E, 0xFC, 0x0F, 0xDF, 0x81, 0xFB, 0xF0, 0x3F, 0x7E, 0x07, 0xEF, 0xC0, 0xFD,
    0xF8, 0x1F, 0x80, 0xF8, 0xFE, 0x1F, 0x1F, 0xF3, 0xE3, 0xFE, 0x7C, 0x7F, 0xEF, 0x8C, 0xFD, 0xF0,
    0x0F, 0xBE, 0x01, 0xFF, 0xC0, 0x3F, 0xF8, 0x07, 0xFF, 0x80, 0xFF, 0xF0, 0x1F, 0xFE, 0x03, 0xEF,
    0xC0, 0x7C, 0xFC, 0x1F, 0x9F, 0xC7, 0xF1, 0xFF, 0xFC, 0x3F, 0xFF, 0x03, 0xFF, 0xC0, 0x1F, 0xF0,
    0x00, 0xFF, 0xFF, 0xFF, 0xFF, 0x3F, 0x3F, 0x3F, 0x3F, 0x3F, 0x3F, 0x3F, 0xFF, 0xF0, 0xFF, 0xF8,
    0xFF, 0xFC, 0xFF, 0xFE, 0x00, 0x7E, 0x00, 0x3E, 0x00, 0x3E, 0x00, 0x3F, 0x00, 0x3F, 0x00, 0x3F,
    0x00, 0x3F, 0x00, 0x3F, 0x00, 0x3F, 0x00, 0x3F, 0x00, 0x3F, 0x00, 0x3F, 0x00, 0x3F, 0x00, 0x3F,
    0x00, 0x3F, 0x00, 0x3F, 0x00, 0x3F, 0x00, 0x3F, 0x00, 0x3F, 0x00, 0x3F, 0x00, 0x3F, 0xFF, 0xC1,
    0xFF, 0xE3, 0xFF, 0xE7, 0xFF, 0xC0, 0x1F, 0xC0, 0x1F, 0x80, 0x1F, 0x00, 0x3F, 0x00, 0x7E, 0x00,
    0xFC, 0x01, 0xF8, 0x03, 0xF0, 0x07, 0xE0, 0x1F, 0x80, 0x7F, 0x7F, 0xFC, 0xFF, 0xF9, 0xFF, 0xE3,
    0xFF, 0x00, 0x7C, 0x00, 0x7E, 0x00, 0x3F, 0x00, 0x1F, 0x80, 0x0F, 0xC0, 0x07, 0xFF, 0xFF, 0xFF,
    0xFF, 0xFF, 0xFF, 0xFF, 0xFF, 0x00, 0x1F, 0x80, 0x0F, 0xC0, 0x07, 0xC0, 0x07, 0xE0, 0x03, 0xF0,
    0x01, 0xF0, 0x01, 0xF8, 0x00, 0xF8, 0x00, 0xFC, 0x00, 0x7E, 0x00, 0x3E, 0x00, 0x3F, 0x00, 0x1F,
    0x80, 0x0F, 0x80, 0x0F, 0xC0, 0xFF, 0xFF, 0x1F, 0xFF, 0xFB, 0xFF, 0xFF, 0x7F, 0xFF, 0xF3, 0xE0,
    0x7E, 0x7C, 0x07, 0xCF, 0x80, 0xF9, 0xF0, 0x1F, 0x3E, 0x03, 0xE7, 0xC0, 0x7C, 0xF8, 0x0F, 0x9F,
    0x01, 0xF3, 0xE0, 0x3E, 0x7C, 0x07, 0xCF, 0x80, 0xF9, 0xFF, 0xFF, 0x3F, 0xFF, 0xE7, 0xFF, 0xFC,
    0xFF, 0xFF, 0x80, 0xF8, 0x7F, 0x07, 0xE7, 0xFE, 0x1F, 0x7F, 0xF8, 0xFF, 0xFF, 0xC7, 0xFC, 0x7F,
    0x3F, 0xC1, 0xF8, 0xFC, 0x07, 0xC7, 0xE0, 0x3E, 0x3F, 0x01, 0xF1, 0xF8, 0x0F, 0x8F, 0x80, 0x7C,
    0x7C, 0x03, 0xE7, 0xE0, 0x3F, 0x3F, 0x01, 0xF9, 0xF8, 0x3F, 0x8F, 0x8F, 0xFC, 0x7C, 0xFF, 0xC3,
    0xE7, 0xFC, 0x3F, 0x3F, 0xC0, 0xFF, 0xFF, 0xFF, 0xFF, 0x3F, 0x3F, 0x3F, 0x3F, 0x3F, 0x3F, 0x3F,
    0x3F, 0x3F, 0x3F, 0x3F, 0x3F, 0x3F, 0x3F, 0x3F, 0x3F, 0x3F, 0x3F, 0x3F, 0x3F, 0x3F, 0x7F, 0x1F,
    0xE7, 0xF9, 0xFF, 0x0F, 0xC1, 0xF0, 0x7C, 0x1F, 0x07, 0xC1, 0xF0, 0x7C, 0x1F, 0x07, 0xC1, 0xF0,
    0x7F, 0xFF, 0xFF, 0xFF, 0xFF, 0xFC, 0xFF, 0xFE, 0x1F, 0xFF, 0xF3, 0xFF, 0xFF, 0x7F, 0xFF, 0xE3,
    0xE0, 0xFE, 0x7C, 0x0F, 0xDF, 0x00, 0xFB, 0xE0, 0x1F, 0x7C, 0x03, 0xEF, 0x80, 0x7D, 0xF0, 0x0F,
    0xBE, 0x01, 0xF7, 0xE0, 0x7E, 0xFC, 0x0F, 0xDF, 0xE7, 0xF1, 0xFF, 0xFE, 0x1F, 0xFF, 0x81, 0xFF,
    0xE0, 0x1F, 0xF0, 0x00, 0x00, 0x00, 0x07, 0xC0, 0xFC, 0xF8, 0x1F, 0x9F, 0x03, 0xF3, 0xF0, 0x7E,
    0x7E, 0x0F, 0xC7, 0xC1, 0xF8, 0xF8, 0x3E, 0x1F, 0x07, 0xC3, 0xF0, 0xF8, 0x7E, 0x1F, 0x07, 0xC7,
    0xE0, 0xF8, 0xFC, 0x1F, 0x3F, 0x03, 0xEF, 0xE0, 0x7F, 0xF8, 0x3F, 0xFE, 0x0F, 0xFF, 0x81, 0xFF,
    0xE0, 0x3F, 0xE0, 0x07, 0x80, 0x00, 0x00, 0x00, 0x00, 0x0F, 0xF8, 0x0F, 0xFF, 0x07, 0xFF, 0xE1,
    0xFF, 0xFC, 0xFE, 0x3F, 0xBF, 0x07, 0xEF, 0x80, 0xFB, 0xE0, 0x3F, 0xFC, 0x0F, 0xFF, 0xC3, 0xF7,
    0xF0, 0xFC, 0xFC, 0x3F, 0x1F, 0x0F, 0xC0, 0x03, 0xF0, 0x00, 0xFC, 0x00, 0x3F, 0x00, 0x0F, 0xC0,
    0x03, 0xF0, 0x00, 0xFC, 0x00, 0x3F, 0x00, 0x0F, 0xC0, 0x03, 0xF0, 0x00, 0xFC, 0x00, 0x3F, 0x00,
    0x0F, 0xC0, 0x0F, 0xF8, 0x0F, 0xFF, 0x07, 0xFF, 0xE1, 0xFF, 0xFC, 0xFE, 0x3F, 0xBE, 0x07, 0xEF,
    0x80, 0xFB, 0xE0, 0x3F, 0xFC, 0x0F, 0xFF, 0xC3, 0xF7, 0xF0, 0xFC, 0xFC, 0x3F, 0x0E, 0x0F, 0x80,
    0x07, 0xE0, 0x07, 0xFB, 0xFF, 0xFC, 0xFF, 0xFE, 0x3F, 0xFF, 0x0F, 0xFF, 0x00, 0xFC, 0x0F, 0xDF,
    0x83, 0xF7, 0xE0, 0xF8, 0xFC, 0x3E, 0x3F, 0x0F, 0x87, 0xC3, 0xE1, 0xF9, 0xF8, 0x7E, 0x7C, 0x0F,
    0xBF, 0x03, 0xFF, 0x80, 0xFF, 0xE0, 0x1F, 0xF0, 0x07, 0xF8, 0x01, 0xF8, 0x00, 0x3E, 0x00, 0x0F,
    0xC0, 0x03, 0xF0, 0x00, 0x7C, 0x00, 0x1F, 0x00, 0x07, 0xE0, 0x01, 0xF8, 0x00, 0x3E, 0x00, 0x0F,
    0x80, 0x03, 0xF0, 0x00, 0xFC, 0x00, 0x7E, 0x0F, 0xDF, 0xC3, 0xF3, 0xF0, 0xFC, 0x7E, 0x3E, 0x1F,
    0x8F, 0x83, 0xF3, 0xE0, 0x7F, 0xF8, 0x1F, 0xFC, 0x03, 0xFF, 0x00, 0xFF, 0x80, 0x1F, 0xC0, 0x03,
    0xF0, 0x00, 0xFC, 0x00, 0x1F, 0x80, 0x03, 0xF1, 0xFF, 0xFC, 0x7F, 0xFF, 0x9F, 0xFF, 0xE7, 0xFF,
    0xF0, 0x7F, 0xFF, 0xFF, 0xFF, 0xFF, 0xFF, 0xFF, 0xFF, 0xFF, 0xF0, 0x00, 0x7C, 0x00, 0x1F, 0x80,
    0x03, 0xF0, 0x00, 0x7C, 0x7C, 0x0F, 0x8F, 0x83, 0xF1, 0xF0, 0x7E, 0x3E, 0x0F, 0x87, 0xC3, 0xF0,
    0xF8, 0x7E, 0x1F, 0x0F, 0x83, 0xE1, 0xF0, 0x7C, 0x7E, 0x0F, 0x8F, 0x81, 0xF1, 0xF0, 0x3E, 0x00,
    0x07, 0xC0, 0x00, 0xF8, 0x00, 0x1F, 0x00, 0x03, 0xE0, 0x00, 0x7C, 0x00, 0x00, 0xFF, 0xE3, 0xFF,
    0xCF, 0xFF, 0xBF, 0xFF, 0x00, 0xFC, 0x01, 0xF0, 0x07, 0xC0, 0x1F, 0x00, 0x7C, 0x01, 0xF0, 0x07,
    0xC0, 0x1F, 0x00, 0x7C, 0x01, 0xF0, 0x07, 0xC0, 0x1F, 0x00, 0x7C, 0x01, 0xF0, 0x07, 0xC0, 0xFC,
    0x7C, 0x7F, 0xF1, 0xF1, 0xFF, 0xC7, 0xC7, 0xFF, 0x1F, 0x1F, 0xFC, 0xFC, 0x7F, 0xF3, 0xF1, 0xFF,
    0xCF, 0x87, 0xFF, 0x7E, 0x1F, 0x7F, 0xF0, 0x7D, 0xFF, 0xC1, 0xF7, 0xFC, 0x0F, 0xDF, 0x80, 0x3F,
    0x7E, 0x00, 0xF8, 0xFC, 0x07, 0xE3, 0xFC, 0x7F, 0x87, 0xFF, 0xFC, 0x1F, 0xFF, 0xE0, 0x1F, 0xFF,
    0x00, 0x1F, 0xF0, 0x00, 0x7F, 0xFF, 0x87, 0xFF, 0xFC, 0xFF, 0xFF, 0xEF, 0xFF, 0xFE, 0x1F, 0x87,
    0xF1, 0xF8, 0x3F, 0x1F, 0x83, 0xF1, 0xF8, 0x3F, 0x1F, 0x83, 0xF1, 0xF8, 0x3F, 0x1F, 0x83, 0xF1,
    0xF8, 0x3F, 0x1F, 0x83, 0xF1, 0xF8, 0x3F, 0x3F, 0x03, 0xFF, 0xF0, 0x3F, 0xFF, 0x03, 0xFF, 0xE0,
    0x3F, 0xFC, 0x03, 0xF0, 0x00, 0x70, 0xF3, 0xE7, 0x8F, 0x9F, 0xBF, 0x7C, 0x00, 0x1F, 0x1F, 0x3F,
    0x3F, 0x3E, 0x3E, 0x7E, 0x7E, 0x7E, 0x7E, 0x00, 0x00, 0x00, 0x00, 0x00, 0x00, 0x18, 0x7E, 0x7E,
    0x7F, 0x7F, 0x7E, 0x3C, 0x0F, 0xF0, 0x3F, 0xFC, 0x7F, 0xFF, 0x7F, 0xFF, 0xFF, 0xFE, 0xFF, 0x7E,
    0xFE, 0x0C, 0xFE, 0x00, 0x7F, 0x00, 0x7F, 0x80, 0x3F, 0xC0, 0x1F, 0xE0, 0x07, 0xE0, 0x03, 0xF0,
    0x03, 0xF0, 0x01, 0xE0, 0x00, 0x00, 0x01, 0xC0, 0x03, 0xF0, 0x07, 0xF0, 0x07, 0xF0, 0x07, 0xF0,
    0x03, 0xF0, 0x01, 0xC0, 0x07, 0xE0, 0x3F, 0x81, 0xFE, 0x0F, 0xF8, 0x3F, 0xE1, 0xF8, 0x07, 0xC0,
    0x0F, 0x80, 0x3E, 0x78, 0xFF, 0xE1, 0xFF, 0xFF, 0xFF, 0xFF, 0xF9, 0xFF, 0x07, 0xE0, 0x1C, 0x00,
    0xFF, 0xCF, 0xFF, 0xFF, 0xFF, 0xFF, 0xFF, 0xEF, 0xF8, 0x3C, 0x7C, 0x7C, 0x70, 0x7E, 0x7F, 0x7F,
    0x78, 0x00, 0x18, 0x3C, 0x7E, 0xFF, 0x7E, 0x3C, 0x18, 0x00, 0x08, 0xF8, 0xFC, 0xFC, 0x7C, 0x7C,
    0x7C, 0x7E, 0x7E, 0x3E, 0x3E, 0x3E, 0x3E, 0x3E, 0x3E, 0x3F, 0x3F, 0x1F, 0x1F, 0x1F, 0x1F, 0x1F,
    0x00, 0x08, 0x00, 0x78, 0x1F, 0xFC, 0x1F, 0x7C, 0x3E, 0x7F, 0xFE, 0x7F, 0xFE, 0x7F, 0xFC, 0x7F,
    0xFC, 0x3F, 0xF0, 0x3E, 0x00, 0x3E, 0x00, 0x3E, 0x00, 0x3E, 0x00, 0x3E, 0x00, 0x3F, 0x00, 0x3F,
    0x00, 0x1F, 0x00, 0x1F, 0x00, 0x1F, 0x00, 0x1F, 0x00, 0x1F, 0x00, 0x1F, 0x00, 0x00, 0x00, 0x08,
    0x00, 0x3E, 0x01, 0xEF, 0xCF, 0x7B, 0xF3, 0xDF, 0x7D, 0xF7, 0xDF, 0xFF, 0xF7, 0xFF, 0xFD, 0xFF,
    0xFE, 0x7F, 0xFF, 0x0F, 0xE7, 0x03, 0xE0, 0x00, 0xF8, 0x00, 0x3E, 0x00, 0x0F, 0x80, 0x03, 0xE0,
    0x00, 0xFC, 0x00, 0x1F, 0x00, 0x07, 0xC0, 0x01, 0xF0, 0x00, 0x7C, 0x00, 0x1F, 0x00, 0x07, 0xC0,
    0x00, 0x00, 0x00, 0x01, 0x00, 0x1E, 0x01, 0xF8, 0x0F, 0xF0, 0x7F, 0xC1, 0xF8, 0x0F, 0xC0, 0x3E,
    0x00, 0xF8, 0x03, 0xFE, 0x07, 0xF8, 0x0F, 0xE0, 0x3F, 0x81, 0xFC, 0x07, 0xC0, 0x3E, 0x00, 0xF8,
    0x03, 0xF1, 0xEF, 0xFF, 0xBF, 0xFF, 0x7F, 0xFC, 0xFF, 0xE0, 0x38, 0x00, 0x03, 0xE0, 0x1F, 0xE0,
    0x7F, 0xE1, 0xFF, 0xE3, 0xFF, 0xCF, 0xCF, 0xDF, 0x0F, 0xBE, 0x1F, 0x7C, 0x3E, 0xF8, 0x7D, 0xF0,
    0xFB, 0xE1, 0xF7, 0xFF, 0xEF, 0xFF, 0xCF, 0xFF, 0x0F, 0xFC, 0x0F, 0xF0, 0x40, 0x00, 0xFF, 0xFC,
    0xFF, 0xFC, 0xFF, 0xFC, 0xFF, 0xFC, 0x3F, 0xFC, 0x00, 0x7C, 0x00, 0x7C, 0x00, 0x7C, 0x00, 0x7C,
    0x00, 0x7C, 0x00, 0x7C, 0x00, 0x7E, 0x00, 0x3E, 0x00, 0x3E, 0x00, 0x3E, 0x00, 0x3E, 0x00, 0x3E,
    0x00, 0x3E, 0x00, 0x3F, 0x00, 0x1F, 0x00, 0x1F, 0x00, 0x18, 0x18, 0x06, 0x3E, 0x01, 0xFF, 0xC0,
    0xFF, 0xF0, 0x3E, 0x7C, 0x0F, 0x9F, 0x87, 0xE3, 0xE1, 0xF0, 0xF8, 0x7C, 0x3F, 0x3E, 0x07, 0xCF,
    0x81, 0xF3, 0xE0, 0x7D, 0xF0, 0x0F, 0xFC, 0x03, 0xFF, 0x00, 0xFF, 0x80, 0x3F, 0xE0, 0x07, 0xF8,
    0x01, 0xFE, 0x00, 0x7F, 0x00, 0x0F, 0xC0, 0x03, 0xF0, 0x00, 0xF8, 0x00, 0x10, 0x00, 0x00, 0x60,
    0x00, 0x7C, 0x00, 0x3F, 0x00, 0x0F, 0xC0, 0x03, 0xF8, 0x01, 0xFE, 0x00, 0x7F, 0x80, 0x1F, 0xE0,
    0x0F, 0xFC, 0x03, 0xFF, 0x00, 0xFF, 0xC0, 0x7D, 0xF8, 0x1F, 0x3E, 0x07, 0xCF, 0x83, 0xF3, 0xF0,
    0xF8, 0x7C, 0x3E, 0x1F, 0x1F, 0x87, 0xE7, 0xC1, 0xFB, 0xF0, 0x3E, 0xFC, 0x0F, 0xDE, 0x01, 0xF1,
    0x80, 0x60, 0x03, 0x80, 0x0F, 0xE0, 0x3F, 0xF0, 0x3F, 0xF8, 0x7F, 0xF8, 0x7E, 0xFC, 0xFC, 0x7C,
    0xF8, 0x7C, 0xFC, 0x7C, 0x7F, 0xFC, 0x7F, 0xFC, 0x7F, 0xFC, 0x3F, 0xFC, 0x0F, 0xFE, 0x00, 0x3E,
    0x00, 0x3E, 0x00, 0x3E, 0x00, 0x3E, 0x00, 0x3E, 0x00, 0x3E, 0x00, 0x3E, 0x00, 0x1E, 0x00, 0x00,
    0x30, 0x00, 0x03, 0xC0, 0x00, 0x1F, 0x80, 0x00, 0x7E, 0x30, 0x00, 0xF8, 0xF0, 0x03, 0xF7, 0xC0,
    0x0F, 0xDF, 0x00, 0x1F, 0x7C, 0x00, 0x7D, 0xF0, 0x01, 0xFF, 0xC0, 0x07, 0xFF, 0x00, 0x3F, 0x7C,
    0x00, 0xF9, 0xF8, 0x07, 0xE7, 0xFF, 0xFF, 0x8F, 0xFF, 0xFC, 0x3F, 0xFF, 0xE0, 0x7F, 0xFF, 0x00,
    0x7F, 0xF0, 0x00, 0x1C, 0x00, 0xFF, 0xFF, 0xFF, 0xE0, 0x06, 0x00, 0x3E, 0x00, 0xFC, 0x07, 0xF8,
    0x0F, 0xF0, 0x7F, 0xC3, 0xFF, 0x8F, 0xFE, 0x7C, 0xFD, 0xF1, 0xF7, 0x87, 0xFF, 0x1F, 0x7F, 0xFD,
    0xFF, 0xF7, 0xFF, 0x8F, 0xFC, 0x1F, 0xE0, 0x00, 0x00, 0x18, 0x3C, 0x7E, 0xFF, 0x7E, 0x3C, 0x18,
    0x00, 0x08, 0xF8, 0xFC, 0xFC, 0x7C, 0x7C, 0x7C, 0x7E, 0x7E, 0x3E, 0x3E, 0x3E, 0x3E, 0x3E, 0x3E,
    0x3F, 0x3F, 0x1F, 0x1F, 0x1F, 0x1F, 0x1F, 0x00, 0x08, 0x00, 0x78, 0x1F, 0xFC, 0x1F, 0x7C, 0x3E,
    0x7F, 0xFE, 0x7F, 0xFE, 0x7F, 0xFC, 0x7F, 0xFC, 0x3F, 0xF0, 0x3E, 0x00, 0x3E, 0x00, 0x3E, 0x00,
    0x3E, 0x00, 0x3E, 0x00, 0x3F, 0x00, 0x3F, 0x00, 0x1F, 0x00, 0x1F, 0x00, 0x1F, 0x00, 0x1F, 0x00,
    0x1F, 0x00, 0x1F, 0x00, 0x00, 0x00, 0x08, 0x00, 0x3E, 0x01, 0xEF, 0xCF, 0x7B, 0xF3, 0xDF, 0x7D,
    0xF7, 0xDF, 0xFF, 0xF7, 0xFF, 0xFD, 0xFF, 0xFE, 0x7F, 0xFF, 0x0F, 0xE7, 0x03, 0xE0, 0x00, 0xF8,
    0x00, 0x3E, 0x00, 0x0F, 0x80, 0x03, 0xE0, 0x00, 0xFC, 0x00, 0x1F, 0x00, 0x07, 0xC0, 0x01, 0xF0,
    0x00, 0x7C, 0x00, 0x1F, 0x00, 0x07, 0xC0, 0x00, 0x00, 0x00, 0x08, 0x3C, 0xF8, 0xFC, 0xF9, 0xFC,
    0xFD, 0xFC, 0x7D, 0xFC, 0x7D, 0xE0, 0x7D, 0xFE, 0x7F, 0xFE, 0x7F, 0xFF, 0x7F, 0xFF, 0x3F, 0xFE,
    0x3E, 0x00, 0x3E, 0x00, 0x3E, 0x00, 0x3E, 0x00, 0x3E, 0x00, 0x3E, 0x00, 0x3F, 0x00, 0x3F, 0x00,
    0x1F, 0x00, 0x1F, 0x00, 0x1F, 0x00, 0x00, 0x00, 0x00, 0x00, 0x00, 0xE0, 0x00, 0xF0, 0x00, 0xFC,
    0x00, 0x3F, 0x00, 0x1F, 0xC0, 0x1F, 0xF0, 0x1F, 0xF8, 0x0F, 0xFE, 0x0F, 0xDF, 0x8F, 0xCF, 0xC7,
    0xC3, 0xE7, 0xE1, 0xFB, 0xE0, 0x7D, 0xF0, 0x3E, 0xFB, 0xDF, 0x7D, 0xEF, 0xBF, 0xFF, 0xDF, 0xFF,
    0xEF, 0xFF, 0xE3, 0xFF, 0xF0, 0xFB, 0xF0, 0x03, 0x80, 0x3F, 0x83, 0xFE, 0x0F, 0xF8, 0x7F, 0xE1,
    0xF8, 0x07, 0xC0, 0x1F, 0x00, 0x7C, 0x11, 0xFD, 0xE3, 0xFF, 0x87, 0xFF, 0x0F, 0xFC, 0x3F, 0xC0,
    0xFE, 0x07, 0xF0, 0x3F, 0x81, 0xFC, 0x07, 0xE0, 0x3F, 0x80, 0xFC, 0x01, 0xE0, 0x01, 0x80, 0x00,
    0x18, 0x06, 0x3E, 0x01, 0xFF, 0xC0, 0xFF, 0xF0, 0x3E, 0x7C, 0x0F, 0x9F, 0x87, 0xE3, 0xE1, 0xF0,
    0xF8, 0x7C, 0x3F, 0x3E, 0x07, 0xCF, 0x81, 0xF3, 0xE0, 0x7D, 0xF0, 0x0F, 0xFC, 0x03, 0xFF, 0x00,
    0xFF, 0x80, 0x3F, 0xE0, 0x07, 0xF8, 0x01, 0xFE, 0x00, 0x7F, 0x00, 0x0F, 0xC0, 0x03, 0xF0, 0x00,
    0xF8, 0x00, 0x10, 0x00, 0x00, 0x60, 0x00, 0x7C, 0x00, 0x3F, 0x00, 0x0F, 0xC0, 0x03, 0xF8, 0x01,
    0xFE, 0x00, 0x7F, 0x80, 0x1F, 0xE0, 0x0F, 0xFC, 0x03, 0xFF, 0x00, 0xFF, 0xC0, 0x7D, 0xF8, 0x1F,
    0x3E, 0x07, 0xCF, 0x83, 0xF3, 0xF0, 0xF8, 0x7C, 0x3E, 0x1F, 0x1F, 0x87, 0xE7, 0xC1, 0xFB, 0xF0,
    0x3E, 0xFC, 0x0F, 0xDE, 0x01, 0xF1, 0x80, 0x60, 0x03, 0x80, 0x0F, 0xE0, 0x3F, 0xF0, 0x3F, 0xF8,
    0x7F, 0xF8, 0x7E, 0xFC, 0xFC, 0x7C, 0xF8, 0x7C, 0xFC, 0x7C, 0x7F, 0xFC, 0x7F, 0xFC, 0x7F, 0xFC,
    0x3F, 0xFC, 0x0F, 0xFE, 0x00, 0x3E, 0x00, 0x3E, 0x00, 0x3E, 0x00, 0x3E, 0x00, 0x3E, 0x00, 0x3E,
    0x00, 0x3E, 0x00, 0x1E, 0x00, 0xFC, 0x00, 0x01, 0xFC, 0x00, 0x03, 0xF8, 0x00, 0x0F, 0xF0, 0x00,
    0x1F, 0xF0, 0x00, 0x7F, 0xE0, 0x00, 0xFF, 0xE0, 0x03, 0xF7, 0xC0, 0x07, 0xCF, 0xC0, 0x0F, 0x9F,
    0x80, 0x3F, 0x1F, 0x00, 0x7C, 0x3F, 0x01, 0xF8, 0x3E, 0x03, 0xFF, 0xFE, 0x07, 0xFF, 0xFC, 0x1F,
    0xFF, 0xF8, 0x3F, 0xFF, 0xF8, 0x7F, 0xFF, 0xF1, 0xF8, 0x07, 0xE3, 0xF0, 0x07, 0xEF, 0xC0, 0x0F,
    0xDF, 0x80, 0x1F, 0x80, 0x00, 0x00, 0x00, 0x18, 0x00, 0x00, 0x7C, 0x00, 0x00, 0xF8, 0x00, 0x01,
    0xF0, 0x00, 0x03, 0xE0, 0x00, 0x03, 0x80, 0x00, 0x3F, 0xE0, 0xFF, 0xF1, 0xFF, 0xF1, 0xFF, 0xE3,
    0x8F, 0xC0, 0x0F, 0xC0, 0xFF, 0x9F, 0xFF, 0x7F, 0xFF, 0xFF, 0xFF, 0xF1, 0xFF, 0xC3, 0xFF, 0x87,
    0xFF, 0xFF, 0xFF, 0xFF, 0xBF, 0xFF, 0x3F, 0xFE, 0x0F, 0xC0, 0x06, 0x00, 0x3E, 0x00, 0x7C, 0x00,
    0xF8, 0x01, 0xF0, 0x01, 0xC0, 0x00, 0xF8, 0x00, 0x01, 0xFC, 0x00, 0x03, 0xF8, 0x00, 0x04, 0xF0,
    0x00, 0x03, 0xE0, 0x00, 0x0F, 0x80, 0x00, 0x1E, 0x00, 0x00, 0x00, 0x00, 0x00, 0xFC, 0x00, 0x01,
    0xFC, 0x00, 0x03, 0xF8, 0x00, 0x0F, 0xF0, 0x00, 0x1F, 0xF0, 0x00, 0x7F, 0xE0, 0x00, 0xFF, 0xE0,
    0x03, 0xF7, 0xC0, 0x07, 0xCF, 0xC0, 0x0F, 0x9F, 0x80, 0x3F, 0x1F, 0x00, 0x7C, 0x3F, 0x01, 0xF8,
    0x3E, 0x03, 0xFF, 0xFE, 0x07, 0xFF, 0xFC, 0x1F, 0xFF, 0xF8, 0x3F, 0xFF, 0xF8, 0x7F, 0xFF, 0xF1,
    0xF8, 0x07, 0xE3, 0xF0, 0x07, 0xEF, 0xC0, 0x0F, 0xDF, 0x80, 0x1F, 0x80, 0x0F, 0x80, 0x1F, 0xC0,
    0x3F, 0x80, 0x7F, 0x80, 0x1E, 0x00, 0x7C, 0x00, 0xE0, 0x01, 0xC0, 0x3F, 0xE0, 0xFF, 0xF1, 0xFF,
    0xF1, 0xFF, 0xE3, 0x8F, 0xC0, 0x0F, 0xC0, 0xFF, 0x9F, 0xFF, 0x7F, 0xFF, 0xFF, 0xFF, 0xF1, 0xFF,
    0xC3, 0xFF, 0x87, 0xFF, 0xFF, 0xFF, 0xFF, 0xBF, 0xFF, 0x3F, 0xFE, 0x0F, 0xC0, 0x00, 0x00, 0x20,
    0x00, 0x00, 0xE0, 0x00, 0x03, 0xE0, 0x00, 0x0F, 0xC0, 0x01, 0x3F, 0x00, 0x0F, 0x7C, 0x00, 0x3F,
    0x70, 0x00, 0xFF, 0x00, 0x03, 0xFF, 0x00, 0x03, 0x9E, 0x00, 0x06, 0x08, 0x00, 0x00, 0x00, 0x00,
    0x0F, 0xC0, 0x00, 0x1F, 0xC0, 0x00, 0x3F, 0x80, 0x00, 0xFF, 0x00, 0x01, 0xFF, 0x00, 0x07, 0xFE,
    0x00, 0x0F, 0xFE, 0x00, 0x3F, 0x7C, 0x00, 0x7C, 0xFC, 0x00, 0xF9, 0xF8, 0x03, 0xF1, 0xF0, 0x07,
    0xC3, 0xF0, 0x1F, 0x83, 0xE0, 0x3F, 0xFF, 0xE0, 0x7F, 0xFF, 0xC1, 0xFF, 0xFF, 0x83, 0xFF, 0xFF,
    0x87, 0xFF, 0xFF, 0x1F, 0x80, 0x7E, 0x3F, 0x00, 0x7E, 0xFC, 0x00, 0xFD, 0xF8, 0x01, 0xF8, 0x00,
    0x02, 0x00, 0x01, 0xC0, 0x00, 0xF8, 0x00, 0x7E, 0x01, 0x1F, 0x00, 0xEF, 0x80, 0xFD, 0xC0, 0x7F,
    0xA0, 0x3F, 0xF0, 0x0F, 0x3C, 0x01, 0x86, 0x00, 0x00, 0x00, 0x3F, 0xE0, 0x1F, 0xFE, 0x07, 0xFF,
    0xC0, 0xFF, 0xF0, 0x38, 0xFC, 0x00, 0x1F, 0x80, 0x3F, 0xE0, 0xFF, 0xF8, 0x7F, 0xFE, 0x3F, 0xFF,
    0x8F, 0xC7, 0xE3, 0xE1, 0xF8, 0xF8, 0x7E, 0x3F, 0xFF, 0x8F, 0xFF, 0xE1, 0xFF, 0xF8, 0x3F, 0xFE,
    0x01, 0xF8, 0x00, 0x00, 0x00, 0x00, 0x00, 0x0C, 0x00, 0x00, 0x3C, 0x00, 0x00, 0xF8, 0x00, 0x01,
    0xF8, 0x00, 0x02, 0xF8, 0x00, 0x1E, 0xF0, 0x00, 0x7E, 0xC0, 0x01, 0xFE, 0x00, 0x07, 0xFE, 0x00,
    0x07, 0x3C, 0x00, 0x0C, 0x10, 0x00, 0x00, 0x00, 0x00, 0x1F, 0x80, 0x00, 0x3F, 0x80, 0x00, 0x7F,
    0x00, 0x01, 0xFE, 0x00, 0x03, 0xFE, 0x00, 0x0F, 0xFC, 0x00, 0x1F, 0xFC, 0x00, 0x7E, 0xF8, 0x00,
    0xF9, 0xF8, 0x01, 0xF3, 0xF0, 0x07, 0xE3, 0xE0, 0x0F, 0x87, 0xE0, 0x3F, 0x07, 0xC0, 0x7F, 0xFF,
    0xC0, 0xFF, 0xFF, 0x83, 0xFF, 0xFF, 0x07, 0xFF, 0xFF, 0x0F, 0xFF, 0xFE, 0x3F, 0x00, 0xFC, 0x7E,
    0x00, 0xFD, 0xF8, 0x01, 0xFB, 0xF0, 0x03, 0xF0, 0x00, 0x20, 0x01, 0xE0, 0x03, 0xE0, 0x07, 0xE0,
    0x17, 0xE0, 0x77, 0xC3, 0xF3, 0x0F, 0xF0, 0x3F, 0xF0, 0x79, 0xE0, 0x61, 0x80, 0x00, 0x03, 0xFE,
    0x0F, 0xFF, 0x1F, 0xFF, 0x1F, 0xFE, 0x38, 0xFC, 0x00, 0xFC, 0x0F, 0xF9, 0xFF, 0xF7, 0xFF, 0xFF,
    0xFF, 0xFF, 0x1F, 0xFC, 0x3F, 0xF8, 0x7F, 0xFF, 0xFF, 0xFF, 0xFB, 0xFF, 0xF3, 0xFF, 0xE0, 0xFC,
    0x00, 0x00, 0x07, 0xC0, 0x00, 0x0F, 0xE0, 0x00, 0x1F, 0xC0, 0x00, 0x27, 0x80, 0x00, 0x1F, 0x00,
    0x02, 0x7C, 0x00, 0x1E, 0xF0, 0x00, 0x7E, 0x00, 0x01, 0xFE, 0x00, 0x07, 0xFE, 0x00, 0x07, 0x3C,
    0x00, 0x0C, 0x10, 0x00, 0x00, 0x00, 0x00, 0x1F, 0x80, 0x00, 0x3F, 0x80, 0x00, 0x7F, 0x00, 0x01,
    0xFE, 0x00, 0x03, 0xFE, 0x00, 0x0F, 0xFC, 0x00, 0x1F, 0xFC, 0x00, 0x7E, 0xF8, 0x00, 0xF9, 0xF8,
    0x01, 0xF3, 0xF0, 0x07, 0xE3, 0xE0, 0x0F, 0x87, 0xE0, 0x3F, 0x07, 0xC0, 0x7F, 0xFF, 0xC0, 0xFF,
    0xFF, 0x83, 0xFF, 0xFF, 0x07, 0xFF, 0xFF, 0x0F, 0xFF, 0xFE, 0x3F, 0x00, 0xFC, 0x7E, 0x00, 0xFD,
    0xF8, 0x01, 0xFB, 0xF0, 0x03, 0xF0, 0x00, 0x00, 0x00, 0x3F, 0x00, 0x1F, 0xC0, 0x0F, 0xF0, 0x00,
    0xF8, 0x08, 0xF8, 0x0E, 0x78, 0x1F, 0xBC, 0x1F, 0xE0, 0x1F, 0xF8, 0x0F, 0x3C, 0x03, 0x0C, 0x00,
    0x00, 0x01, 0xFF, 0x01, 0xFF, 0xE0, 0xFF, 0xF8, 0x3F, 0xFC, 0x1C, 0x7E, 0x00, 0x1F, 0x80, 0x7F,
    0xC3, 0xFF, 0xE3, 0xFF, 0xF3, 0xFF, 0xF9, 0xF8, 0xFC, 0xF8, 0x7E, 0x7C, 0x3F, 0x3F, 0xFF, 0x9F,
    0xFF, 0xC7, 0xFF, 0xE1, 0xFF, 0xF0, 0x1F, 0x80, 0x00, 0x00, 0x00, 0x03, 0xE6, 0x00, 0x0F, 0xFE,
    0x00, 0x3F, 0xFC, 0x00, 0x7F, 0xF0, 0x00, 0x21, 0xC0, 0x00, 0x04, 0x00, 0x00, 0x3C, 0x00, 0x00,
    0xFC, 0x00, 0x03, 0xFC, 0x00, 0x0F, 0xFC, 0x00, 0x0E, 0x78, 0x00, 0x18, 0x20, 0x00, 0x00, 0x00,
    0x00, 0x3F, 0x00, 0x00, 0x7F, 0x00, 0x00, 0xFE, 0x00, 0x03, 0xFC, 0x00, 0x07, 0xFC, 0x00, 0x1F,
    0xF8, 0x00, 0x3F, 0xF8, 0x00, 0xFD, 0xF0, 0x01, 0xF3, 0xF0, 0x03, 0xE7, 0xE0, 0x0F, 0xC7, 0xC0,
    0x1F, 0x0F, 0xC0, 0x7E, 0x0F, 0x80, 0xFF, 0xFF, 0x81, 0xFF, 0xFF, 0x07, 0xFF, 0xFE, 0x0F, 0xFF,
    0xFE, 0x1F, 0xFF, 0xFC, 0x7E, 0x01, 0xF8, 0xFC, 0x01, 0xFB, 0xF0, 0x03, 0xF7, 0xE0, 0x07, 0xE0,
    0x1E, 0x30, 0x7F, 0xF0, 0xFF, 0xE3, 0xFF, 0x83, 0x1E, 0x00, 0x20, 0x00, 0xE0, 0x07, 0xE0, 0x1F,
    0xE0, 0x7F, 0xE0, 0xF3, 0xC0, 0xC3, 0x00, 0x00, 0x07, 0xFC, 0x1F, 0xFE, 0x3F, 0xFE, 0x3F, 0xFC,
    0x71, 0xF8, 0x01, 0xF8, 0x1F, 0xF3, 0xFF, 0xEF, 0xFF, 0xFF, 0xFF, 0xFE, 0x3F, 0xF8, 0x7F, 0xF0,
    0xFF, 0xFF, 0xFF, 0xFF, 0xF7, 0xFF, 0xE7, 0xFF, 0xC1, 0xF8, 0x00, 0x00, 0x10, 0x00, 0x00, 0xF0,
    0x00, 0x03, 0xF0, 0x00, 0x0F, 0xF0, 0x00, 0x3F, 0xF0, 0x00, 0x39, 0xE0, 0x00, 0x60, 0x80, 0x00,
    0x00, 0x00, 0x00, 0xFC, 0x00, 0x01, 0xFC, 0x00, 0x03, 0xF8, 0x00, 0x0F, 0xF0, 0x00, 0x1F, 0xF0,
    0x00, 0x7F, 0xE0, 0x00, 0xFF, 0xE0, 0x03, 0xF7, 0xC0, 0x07, 0xCF, 0xC0, 0x0F, 0x9F, 0x80, 0x3F,
    0x1F, 0x00, 0x7C, 0x3F, 0x01, 0xF8, 0x3E, 0x03, 0xFF, 0xFE, 0x07, 0xFF, 0xFC, 0x1F, 0xFF, 0xF8,
    0x3F, 0xFF, 0xF8, 0x7F, 0xFF, 0xF1, 0xF8, 0x07, 0xE3, 0xF0, 0x07, 0xEF, 0xC0, 0x0F, 0xDF, 0x80,
    0x1F, 0x80, 0x00, 0x00, 0x00, 0x18, 0x00, 0x00, 0x7C, 0x00, 0x00, 0xF8, 0x00, 0x01, 0xF0, 0x00,
    0x03, 0xE0, 0x00, 0x03, 0x80, 0x00, 0x01, 0x00, 0x07, 0x00, 0x3F, 0x00, 0xFF, 0x03, 0xFF, 0x07,
    0x9E, 0x06, 0x18, 0x00, 0x00, 0x3F, 0xE0, 0xFF, 0xF1, 0xFF, 0xF1, 0xFF, 0xE3, 0x8F, 0xC0, 0x0F,
    0xC0, 0xFF, 0x9F, 0xFF, 0x7F, 0xFF, 0xFF, 0xFF, 0xF1, 0xFF, 0xC3, 0xFF, 0x87, 0xFF, 0xFF, 0xFF,
    0xFF, 0xBF, 0xFF, 0x3F, 0xFE, 0x0F, 0xC0, 0x06, 0x00, 0x3E, 0x00, 0x7C, 0x00, 0xF8, 0x01, 0xF0,
    0x01, 0xC0, 0x00, 0x00, 0x00, 0x00, 0x0C, 0x00, 0x00, 0x3C, 0x00, 0x00, 0xFC, 0x00, 0x03, 0xF0,
    0x00, 0x0F, 0xC0, 0x00, 0x0F, 0x00, 0x01, 0xEF, 0xC0, 0x03, 0xC7, 0x80, 0x07, 0xFF, 0x00, 0x07,
    0xFC, 0x00, 0x07, 0xF0, 0x00, 0x07, 0xC0, 0x00, 0x00, 0x00, 0x00, 0x3F, 0x00, 0x00, 0x7F, 0x00,
    0x00, 0xFE, 0x00, 0x03, 0xFC, 0x00, 0x07, 0xFC, 0x00, 0x1F, 0xF8, 0x00, 0x3F, 0xF8, 0x00, 0xFD,
    0xF0, 0x01, 0xF3, 0xF0, 0x03, 0xE7, 0xE0, 0x0F, 0xC7, 0xC0, 0x1F, 0x0F, 0xC0, 0x7E, 0x0F, 0x80,
    0xFF, 0xFF, 0x81, 0xFF, 0xFF, 0x07, 0xFF, 0xFE, 0x0F, 0xFF, 0xFE, 0x1F, 0xFF, 0xFC, 0x7E, 0x01,
    0xF8, 0xFC, 0x01, 0xFB, 0xF0, 0x03, 0xF7, 0xE0, 0x07, 0xE0, 0x00, 0x60, 0x01, 0xE0, 0x03, 0xE0,
    0x0F, 0xC0, 0x3E, 0x00, 0x78, 0x00, 0x60, 0x1E, 0x3C, 0x3E, 0x78, 0x3F, 0xF0, 0x7F, 0xC0, 0x7F,
    0x00, 0x38, 0x00, 0x00, 0x0F, 0xF8, 0x3F, 0xFC, 0x7F, 0xFC, 0x7F, 0xF8, 0xE3, 0xF0, 0x03, 0xF0,
    0x3F, 0xE7, 0xFF, 0xDF, 0xFF, 0xFF, 0xFF, 0xFC, 0x7F, 0xF0, 0xFF, 0xE1, 0xFF, 0xFF, 0xFF, 0xFF,
    0xEF, 0xFF, 0xCF, 0xFF, 0x83, 0xF0, 0x00, 0x00, 0x00, 0x01, 0x80, 0x00, 0x07, 0x80, 0x00, 0x1F,
    0x80, 0x00, 0x1F, 0x80, 0x00, 0x1F, 0x80, 0x00, 0x0F, 0x00, 0x01, 0xEF, 0xC0, 0x03, 0xC7, 0x80,
    0x07, 0xFF, 0x00, 0x07, 0xFC, 0x00, 0x07, 0xF0, 0x00, 0x07, 0xC0, 0x00, 0x00, 0x00, 0x00, 0x3F,
    0x00, 0x00, 0x7F, 0x00, 0x00, 0xFE, 0x00, 0x03, 0xFC, 0x00, 0x07, 0xFC, 0x00, 0x1F, 0xF8, 0x00,
    0x3F, 0xF8, 0x00, 0xFD, 0xF0, 0x01, 0xF3, 0xF0, 0x03, 0xE7, 0xE0, 0x0F, 0xC7, 0xC0, 0x1F, 0x0F,
    0xC0, 0x7E, 0x0F, 0x80, 0xFF, 0xFF, 0x81, 0xFF, 0xFF, 0x07, 0xFF, 0xFE, 0x0F, 0xFF, 0xFE, 0x1F,
    0xFF, 0xFC, 0x7E, 0x01, 0xF8, 0xFC, 0x01, 0xFB, 0xF0, 0x03, 0xF7, 0xE0, 0x07, 0xE0, 0x04, 0x00,
    0x1C, 0x00, 0x7C, 0x01, 0xF8, 0x00, 0xF8, 0x00, 0xF8, 0x00, 0xE0, 0x1E, 0xBC, 0x3E, 0x78, 0x3F,
    0xF0, 0x7F, 0xC0, 0x7F, 0x00, 0x38, 0x00, 0x00, 0x0F, 0xF8, 0x3F, 0xFC, 0x7F, 0xFC, 0x7F, 0xF8,
    0xE3, 0xF0, 0x03, 0xF0, 0x3F, 0xE7, 0xFF, 0xDF, 0xFF, 0xFF, 0xFF, 0xFC, 0x7F, 0xF0, 0xFF, 0xE1,
    0xFF, 0xFF, 0xFF, 0xFF, 0xEF, 0xFF, 0xCF, 0xFF, 0x83, 0xF0, 0x00, 0xF8, 0x00, 0x01, 0xFC, 0x00,
    0x03, 0xF8, 0x00, 0x07, 0xF0, 0x00, 0x01, 0xE0, 0x00, 0x07, 0xC0, 0x00, 0x1E, 0x00, 0x00, 0x1C,
    0x00, 0x03, 0xC7, 0x80, 0x07, 0x8F, 0x00, 0x0F, 0xFE, 0x00, 0x0F, 0xF8, 0x00, 0x0F, 0xE0, 0x00,
    0x0F, 0x80, 0x00, 0x00, 0x00, 0x00, 0x7E, 0x00, 0x00, 0xFE, 0x00, 0x01, 0xFC, 0x00, 0x07, 0xF8,
    0x00, 0x0F, 0xF8, 0x00, 0x3F, 0xF0, 0x00, 0x7F, 0xF0, 0x01, 0xFB, 0xE0, 0x03, 0xE7, 0xE0, 0x07,
    0xCF, 0xC0, 0x1F, 0x8F, 0x80, 0x3E, 0x1F, 0x80, 0xFC, 0x1F, 0x01, 0xFF, 0xFF, 0x03, 0xFF, 0xFE,
    0x0F, 0xFF, 0xFC, 0x1F, 0xFF, 0xFC, 0x3F, 0xFF, 0xF8, 0xFC, 0x03, 0xF1, 0xF8, 0x03, 0xF7, 0xE0,
    0x07, 0xEF, 0xC0, 0x0F, 0xC0, 0x07, 0x80, 0x1F, 0xC0, 0x3F, 0x80, 0x7F, 0x80, 0x1E, 0x00, 0x7C,
    0x00, 0xE0, 0x01, 0xC0, 0x3C, 0x78, 0x7C, 0xF0, 0x7F, 0xE0, 0xFF, 0x80, 0xFE, 0x00, 0x70, 0x00,
    0x00, 0x1F, 0xF0, 0x7F, 0xF8, 0xFF, 0xF8, 0xFF, 0xF1, 0xC7, 0xE0, 0x07, 0xE0, 0x7F, 0xCF, 0xFF,
    0xBF, 0xFF, 0xFF, 0xFF, 0xF8, 0xFF, 0xE1, 0xFF, 0xC3, 0xFF, 0xFF, 0xFF, 0xFF, 0xDF, 0xFF, 0x9F,
    0xFF, 0x07, 0xE0, 0x00, 0xE3, 0x00, 0x03, 0xFF, 0x00, 0x0F, 0xFE, 0x00, 0x1F, 0xFC, 0x00, 0x39,
    0xF0, 0x00, 0x00, 0x00, 0x00, 0xF1, 0xE0, 0x01, 0xE3, 0xC0, 0x03, 0xFF, 0x80, 0x03, 0xFE, 0x00,
    0x03, 0xF8, 0x00, 0x03, 0xE0, 0x00, 0x00, 0x00, 0x00, 0x1F, 0x80, 0x00, 0x3F, 0x80, 0x00, 0x7F,
    0x00, 0x01, 0xFE, 0x00, 0x03, 0xFE, 0x00, 0x0F, 0xFC, 0x00, 0x1F, 0xFC, 0x00, 0x7E, 0xF8, 0x00,
    0xF9, 0xF8, 0x01, 0xF3, 0xF0, 0x07, 0xE3, 0xE0, 0x0F, 0x87, 0xE0, 0x3F, 0x07, 0xC0, 0x7F, 0xFF,
    0xC0, 0xFF, 0xFF, 0x83, 0xFF, 0xFF, 0x07, 0xFF, 0xFF, 0x0F, 0xFF, 0xFE, 0x3F, 0x00, 0xFC, 0x7E,
    0x00, 0xFD, 0xF8, 0x01, 0xFB, 0xF0, 0x03, 0xF0, 0x0E, 0x10, 0x3F, 0xF8, 0xFF, 0xE1, 0xFF, 0xC1,
    0x9F, 0x00, 0x00, 0x0F, 0x1E, 0x1F, 0x3C, 0x1F, 0xF8, 0x3F, 0xE0, 0x3F, 0x80, 0x1C, 0x00, 0x00,
    0x07, 0xFC, 0x1F, 0xFE, 0x3F, 0xFE, 0x3F, 0xFC, 0x71, 0xF8, 0x01, 0xF8, 0x1F, 0xF3, 0xFF, 0xEF,
    0xFF, 0xFF, 0xFF, 0xFE, 0x3F, 0xF8, 0x7F, 0xF0, 0xFF, 0xFF, 0xFF, 0xFF, 0xF7, 0xFF, 0xE7, 0xFF,
    0xC1, 0xF8, 0x00, 0x03, 0xC7, 0x80, 0x07, 0x8F, 0x00, 0x0F, 0xFE, 0x00, 0x0F, 0xF8, 0x00, 0x0F,
    0xE0, 0x00, 0x0F, 0x80, 0x00, 0x00, 0x00, 0x00, 0x7E, 0x00, 0x00, 0xFE, 0x00, 0x01, 0xFC, 0x00,
    0x07, 0xF8, 0x00, 0x0F, 0xF8, 0x00, 0x3F, 0xF0, 0x00, 0x7F, 0xF0, 0x01, 0xFB, 0xE0, 0x03, 0xE7,
    0xE0, 0x07, 0xCF, 0xC0, 0x1F, 0x8F, 0x80, 0x3E, 0x1F, 0x80, 0xFC, 0x1F, 0x01, 0xFF, 0xFF, 0x03,
    0xFF, 0xFE, 0x0F, 0xFF, 0xFC, 0x1F, 0xFF, 0xFC, 0x3F, 0xFF, 0xF8, 0xFC, 0x03, 0xF1, 0xF8, 0x03,
    0xF7, 0xE0, 0x07, 0xEF, 0xC0, 0x0F, 0xC0, 0x00, 0x00, 0x00, 0x0C, 0x00, 0x00, 0x3E, 0x00, 0x00,
    0x7C, 0x00, 0x00, 0xF8, 0x00, 0x01, 0xF0, 0x00, 0x01, 0xC0, 0x00, 0x3C, 0x78, 0x7C, 0xF0, 0x7F,
    0xE0, 0xFF, 0x80, 0xFE, 0x00, 0x70, 0x00, 0x00, 0x1F, 0xF0, 0x7F, 0xF8, 0xFF, 0xF8, 0xFF, 0xF1,
    0xC7, 0xE0, 0x07, 0xE0, 0x7F, 0xCF, 0xFF, 0xBF, 0xFF, 0xFF, 0xFF, 0xF8, 0xFF, 0xE1, 0xFF, 0xC3,
    0xFF, 0xFF, 0xFF, 0xFF, 0xDF, 0xFF, 0x9F, 0xFF, 0x07, 0xE0, 0x03, 0x00, 0x1F, 0x00, 0x3E, 0x00,
    0x7C, 0x00, 0xF8, 0x00, 0xE0, 0x00, 0xFF, 0xFE, 0xFF, 0xFF, 0xFF, 0xFF, 0xFF, 0xFF, 0xFF, 0xFE,
    0xFC, 0x00, 0xFC, 0x00, 0xFC, 0x00, 0xFF, 0xFC, 0xFF, 0xFC, 0xFF, 0xFC, 0xFF, 0xFC, 0xFF, 0xFC,
    0xFC, 0x00, 0xFC, 0x00, 0xFC, 0x00, 0xFC, 0x00, 0xFC, 0x00, 0xFF, 0xFF, 0xFF, 0xFF, 0xFF, 0xFF,
    0xFF, 0xFF, 0x00, 0x00, 0x03, 0x80, 0x07, 0xC0, 0x07, 0xC0, 0x07, 0xC0, 0x07, 0xC0, 0x03, 0x80,
    0x07, 0xF0, 0x1F, 0xF8, 0x3F, 0xFC, 0x3F, 0xFE, 0x7E, 0x7F, 0x7C, 0x3F, 0xFC, 0x1F, 0xFF, 0xFF,
    0xFF, 0xFF, 0xFF, 0xFF, 0xFF, 0xFF, 0xFC, 0x00, 0x7E, 0x00, 0x7F, 0xFE, 0x3F, 0xFE, 0x1F, 0xFE,
    0x0F, 0xFE, 0x03, 0xF0, 0x01, 0x80, 0x03, 0xC0, 0x07, 0xE0, 0x07, 0xE0, 0x03, 0xE0, 0x01, 0x80,
    0x0F, 0xC0, 0x0F, 0xE0, 0x0F, 0xE0, 0x09, 0xE0, 0x03, 0xE0, 0x07, 0xC0, 0x07, 0x80, 0x00, 0x00,
    0xFF, 0xFE, 0xFF, 0xFF, 0xFF, 0xFF, 0xFF, 0xFF, 0xFF, 0xFE, 0xFC, 0x00, 0xFC, 0x00, 0xFC, 0x00,
    0xFF, 0xFC, 0xFF, 0xFC, 0xFF, 0xFC, 0xFF, 0xFC, 0xFF, 0xFC, 0xFC, 0x00, 0xFC, 0x00, 0xFC, 0x00,
    0xFC, 0x00, 0xFC, 0x00, 0xFF, 0xFF, 0xFF, 0xFF, 0xFF, 0xFF, 0xFF, 0xFF, 0x07, 0xC0, 0x0F, 0xE0,
    0x07, 0xF0, 0x07, 0xF0, 0x00, 0xF0, 0x03, 0xE0, 0x03, 0xC0, 0x03, 0xC0, 0x07, 0xF0, 0x1F, 0xF8,
    0x3F, 0xFC, 0x3F, 0xFE, 0x7E, 0x7F, 0x7C, 0x3F, 0xFC, 0x1F, 0xFF, 0xFF, 0xFF, 0xFF, 0xFF, 0xFF,
    0xFF, 0xFF, 0xFC, 0x00, 0x7E, 0x00, 0x7F, 0xFE, 0x3F, 0xFE, 0x1F, 0xFE, 0x0F, 0xFE, 0x03, 0xF0,
    0x0E, 0x30, 0x1F, 0xF8, 0x3F, 0xF8, 0x7F, 0xF8, 0x39, 0xE0, 0x00, 0x00, 0x00, 0x00, 0xFF, 0xFE,
    0xFF, 0xFF, 0xFF, 0xFF, 0xFF, 0xFF, 0xFF, 0xFE, 0xFC, 0x00, 0xFC, 0x00, 0xFC, 0x00, 0xFF, 0xFC,
    0xFF, 0xFC, 0xFF, 0xFC, 0xFF, 0xFC, 0xFF, 0xFC, 0xFC, 0x00, 0xFC, 0x00, 0xFC, 0x00, 0xFC, 0x00,
    0xFC, 0x00, 0xFF, 0xFF, 0xFF, 0xFF, 0xFF, 0xFF, 0xFF, 0xFF, 0x06, 0x18, 0x1F, 0xFC, 0x1F, 0xFC,
    0x3F, 0xF8, 0x1D, 0xF0, 0x00, 0x00, 0x00, 0x00, 0x07, 0xF0, 0x1F, 0xF8, 0x3F, 0xFC, 0x3F, 0xFE,
    0x7E, 0x7F, 0x7C, 0x3F, 0xFC, 0x1F, 0xFF, 0xFF, 0xFF, 0xFF, 0xFF, 0xFF, 0xFF, 0xFF, 0xFC, 0x00,
    0x7E, 0x00, 0x7F, 0xFE, 0x3F, 0xFE, 0x1F, 0xFE, 0x0F, 0xFE, 0x03, 0xF0, 0x00, 0x03, 0x00, 0x01,
    0xE0, 0x00, 0x7C, 0x00, 0x3F, 0x01, 0x9F, 0x00, 0xFF, 0x80, 0x7F, 0xC0, 0x3F, 0xC0, 0x1F, 0xF8,
    0x07, 0x9C, 0x00, 0xC3, 0x00, 0x00, 0x00, 0xFF, 0xFE, 0x3F, 0xFF, 0xCF, 0xFF, 0xF3, 0xFF, 0xFC,
    0xFF, 0xFE, 0x3F, 0x00, 0x0F, 0xC0, 0x03, 0xF0, 0x00, 0xFF, 0xFC, 0x3F, 0xFF, 0x0F, 0xFF, 0xC3,
    0xFF, 0xF0, 0xFF, 0xFC, 0x3F, 0x00, 0x0F, 0xC0, 0x03, 0xF0, 0x00, 0xFC, 0x00, 0x3F, 0x00, 0x0F,
    0xFF, 0xF3, 0xFF, 0xFC, 0xFF, 0xFF, 0x3F, 0xFF, 0xC0, 0x00, 0x00, 0x00, 0x00, 0x70, 0x00, 0x1F,
    0x00, 0x07, 0xE0, 0x09, 0xF8, 0x03, 0xBE, 0x01, 0xFF, 0x80, 0x7F, 0xE0, 0x1F, 0xF8, 0x03, 0xCF,
    0x00, 0x30, 0xC0, 0x00, 0x00, 0x00, 0x7F, 0x00, 0x3F, 0xF0, 0x0F, 0xFF, 0x01, 0xFF, 0xF0, 0x7E,
    0x7F, 0x0F, 0x87, 0xE3, 0xF0, 0x7C, 0x7F, 0xFF, 0x8F, 0xFF, 0xF1, 0xFF, 0xFE, 0x3F, 0xFF, 0xC7,
    0xE0, 0x00, 0x7E, 0x00, 0x0F, 0xFF, 0xC0, 0xFF, 0xF8, 0x0F, 0xFF, 0x00, 0xFF, 0xE0, 0x07, 0xE0,
    0x00, 0x00, 0x20, 0x00, 0xF0, 0x01, 0xF8, 0x00, 0xFC, 0x01, 0xFE, 0x03, 0xFE, 0x07, 0xFC, 0x0F,
    0xF0, 0x1F, 0xF8, 0x1E, 0x70, 0x0C, 0x30, 0x00, 0x00, 0xFF, 0xFE, 0xFF, 0xFF, 0xFF, 0xFF, 0xFF,
    0xFF, 0xFF, 0xFE, 0xFC, 0x00, 0xFC, 0x00, 0xFC, 0x00, 0xFF, 0xFC, 0xFF, 0xFC, 0xFF, 0xFC, 0xFF,
    0xFC, 0xFF, 0xFC, 0xFC, 0x00, 0xFC, 0x00, 0xFC, 0x00, 0xFC, 0x00, 0xFC, 0x00, 0xFF, 0xFF, 0xFF,
    0xFF, 0xFF, 0xFF, 0xFF, 0xFF, 0x00, 0x10, 0x00, 0x1C, 0x00, 0x1F, 0x00, 0x0F, 0xC0, 0x0B, 0xF0,
    0x0E, 0xF8, 0x1F, 0xB8, 0x1F, 0xE0, 0x1F, 0xF8, 0x0F, 0x3C, 0x03, 0x0C, 0x00, 0x00, 0x00, 0x7F,
    0x00, 0xFF, 0xC0, 0xFF, 0xF0, 0x7F, 0xFC, 0x7E, 0x7F, 0x3E, 0x1F, 0xBF, 0x07, 0xDF, 0xFF, 0xEF,
    0xFF, 0xF7, 0xFF, 0xFB, 0xFF, 0xFD, 0xF8, 0x00, 0x7E, 0x00, 0x3F, 0xFF, 0x0F, 0xFF, 0x83, 0xFF,
    0xC0, 0xFF, 0xE0, 0x1F, 0x80, 0x00, 0x1E, 0x00, 0x0F, 0xE0, 0x03, 0xF8, 0x00, 0xFE, 0x00, 0x07,
    0x80, 0x63, 0xE0, 0x3C, 0xE0, 0x1F, 0xB8, 0x0F, 0xF0, 0x07, 0xFE, 0x01, 0xE7, 0x00, 0x30, 0xC0,
    0x00, 0x00, 0x3F, 0xFF, 0x8F, 0xFF, 0xF3, 0xFF, 0xFC, 0xFF, 0xFF, 0x3F, 0xFF, 0x8F, 0xC0, 0x03,
    0xF0, 0x00, 0xFC, 0x00, 0x3F, 0xFF, 0x0F, 0xFF, 0xC3, 0xFF, 0xF0, 0xFF, 0xFC, 0x3F, 0xFF, 0x0F,
    0xC0, 0x03, 0xF0, 0x00, 0xFC, 0x00, 0x3F, 0x00, 0x0F, 0xC0, 0x03, 0xFF, 0xFC, 0xFF, 0xFF, 0x3F,
    0xFF, 0xCF, 0xFF, 0xF0, 0x00, 0x3E, 0x00, 0x0F, 0xE0, 0x03, 0xF8, 0x00, 0xFF, 0x00, 0x87, 0x80,
    0x73, 0xE0, 0x7E, 0xF0, 0x3F, 0xF8, 0x1F, 0xF8, 0x07, 0x9E, 0x00, 0xC3, 0x00, 0x00, 0x00, 0x07,
    0xF0, 0x07, 0xFE, 0x03, 0xFF, 0xC0, 0xFF, 0xF8, 0x7E, 0x7F, 0x1F, 0x0F, 0xCF, 0xC1, 0xF3, 0xFF,
    0xFC, 0xFF, 0xFF, 0x3F, 0xFF, 0xCF, 0xFF, 0xF3, 0xF0, 0x00, 0x7E, 0x00, 0x1F, 0xFF, 0x83, 0xFF,
    0xE0, 0x7F, 0xF8, 0x0F, 0xFE, 0x00, 0xFC, 0x00, 0x00, 0x00, 0x0F, 0x98, 0x1F, 0xFC, 0x3F, 0xFC,
    0x3F, 0xF8, 0x08, 0x70, 0x01, 0x80, 0x03, 0xC0, 0x07, 0xE0, 0x0F, 0xF0, 0x1F, 0xF8, 0x1E, 0x70,
    0x0C, 0x30, 0x00, 0x00, 0xFF, 0xFE, 0xFF, 0xFF, 0xFF, 0xFF, 0xFF, 0xFF, 0xFF, 0xFE, 0xFC, 0x00,
    0xFC, 0x00, 0xFC, 0x00, 0xFF, 0xFC, 0xFF, 0xFC, 0xFF, 0xFC, 0xFF, 0xFC, 0xFF, 0xFC, 0xFC, 0x00,
    0xFC, 0x00, 0xFC, 0x00, 0xFC, 0x00, 0xFC, 0x00, 0xFF, 0xFF, 0xFF, 0xFF, 0xFF, 0xFF, 0xFF, 0xFF,
    0x0F, 0x18, 0x1F, 0xFC, 0x1F, 0xFC, 0x3F, 0xF8, 0x1C, 0xF0, 0x00, 0x80, 0x01, 0xC0, 0x07, 0xE0,
    0x0F, 0xF0, 0x1F, 0xF8, 0x1E, 0x78, 0x0C, 0x30, 0x00, 0x00, 0x07, 0xF0, 0x1F, 0xF8, 0x3F, 0xFC,
    0x3F, 0xFE, 0x7E, 0x7F, 0x7C, 0x3F, 0xFC, 0x1F, 0xFF, 0xFF, 0xFF, 0xFF, 0xFF, 0xFF, 0xFF, 0xFF,
    0xFC, 0x00, 0x7E, 0x00, 0x7F, 0xFE, 0x3F, 0xFE, 0x1F, 0xFE, 0x0F, 0xFE, 0x03, 0xF0, 0x01, 0x80,
    0x03, 0xC0, 0x07, 0xE0, 0x0F, 0xF0, 0x1F, 0xF8, 0x1E, 0x70, 0x0C, 0x30, 0x00, 0x00, 0xFF, 0xFE,
    0xFF, 0xFF, 0xFF, 0xFF, 0xFF, 0xFF, 0xFF, 0xFE, 0xFC, 0x00, 0xFC, 0x00, 0xFC, 0x00, 0xFF, 0xFC,
    0xFF, 0xFC, 0xFF, 0xFC, 0xFF, 0xFC, 0xFF, 0xFC, 0xFC, 0x00, 0xFC, 0x00, 0xFC, 0x00, 0xFC, 0x00,
    0xFC, 0x00, 0xFF, 0xFF, 0xFF, 0xFF, 0xFF, 0xFF, 0xFF, 0xFF, 0x00, 0x00, 0x03, 0x80, 0x07, 0xC0,
    0x07, 0xC0, 0x07, 0xC0, 0x07, 0xC0, 0x03, 0x80, 0x00, 0x80, 0x01, 0xC0, 0x07, 0xE0, 0x0F, 0xF0,
    0x1F, 0xF8, 0x1E, 0x78, 0x0C, 0x30, 0x00, 0x00, 0x07, 0xF0, 0x1F, 0xF8, 0x3F, 0xFC, 0x3F, 0xFE,
    0x7E, 0x7F, 0x7C, 0x3F, 0xFC, 0x1F, 0xFF, 0xFF, 0xFF, 0xFF, 0xFF, 0xFF, 0xFF, 0xFF, 0xFC, 0x00,
    0x7E, 0x00, 0x7F, 0xFE, 0x3F, 0xFE, 0x1F, 0xFE, 0x0F, 0xFE, 0x03, 0xF0, 0x01, 0x80, 0x03, 0xC0,
    0x07, 0xE0, 0x07, 0xE0, 0x03, 0xE0, 0x01, 0x80, 0xFC, 0xFE, 0xFF, 0x5F, 0x1F, 0x3E, 0x3C, 0x00,
    0x7E, 0x7E, 0x7E, 0x7E, 0x7E, 0x7E, 0x7E, 0x7E, 0x7E, 0x7E, 0x7E, 0x7E, 0x7E, 0x7E, 0x7E, 0x7E,
    0x7E, 0x7E, 0x7E, 0x7E, 0x7E, 0x7E, 0x7C, 0x3F, 0x9F, 0xCF, 0xE0, 0xF1, 0xF8, 0xF0, 0x38, 0x3E,
    0x1F, 0x0F, 0x87, 0xC3, 0xE1, 0xF0, 0xF8, 0x7C, 0x3E, 0x1F, 0x0F, 0x87, 0xC3, 0xE1, 0xF0, 0xF8,
    0x7C, 0x3E, 0x00, 0xFF, 0xFF, 0xFF, 0xFF, 0xFF, 0xFF, 0xFF, 0xFF, 0xFF, 0xFF, 0xFF, 0xFF, 0xFF,
    0xFF, 0xFF, 0xFF, 0xF0, 0x0C, 0x7B, 0xFF, 0xDE, 0x30, 0x7C, 0xFB, 0xFF, 0xF7, 0xC7, 0x00, 0x3E,
    0x7C, 0xF9, 0xF3, 0xE7, 0xCF, 0x9F, 0x3E, 0x7C, 0xF9, 0xF3, 0xE7, 0xCF, 0x9F, 0x3E, 0x00, 0x71,
    0xF3, 0xE7, 0xCF, 0x8E, 0x00, 0x00, 0x10, 0x00, 0x03, 0xFE, 0x00, 0x1F, 0xFF, 0x00, 0x7F, 0xFF,
    0x01, 0xFF, 0xFF, 0x07, 0xFF, 0xFF, 0x1F, 0xC0, 0xFE, 0x3F, 0x00, 0xFE, 0x7E, 0x00, 0xFD, 0xF8,
    0x01, 0xFB, 0xF0, 0x01, 0xF7, 0xE0, 0x03, 0xEF, 0xC0, 0x07, 0xDF, 0x80, 0x0F, 0xBF, 0x00, 0x3F,
    0x3F, 0x00, 0x7E, 0x7E, 0x00, 0xFC, 0xFE, 0x03, 0xF0, 0xFF, 0x1F, 0xE1, 0xFF, 0xFF, 0x81, 0xFF,
    0xFF, 0x01, 0xFF, 0xF8, 0x00, 0xFF, 0xE0, 0x00, 0x3E, 0x00, 0x00, 0x30, 0x00, 0x00, 0xF8, 0x00,
    0x01, 0xF0, 0x00, 0x03, 0xE0, 0x00, 0x07, 0xC0, 0x00, 0x07, 0x00, 0x00, 0x07, 0xF0, 0x0F, 0xFE,
    0x0F, 0xFF, 0x8F, 0xFF, 0xE7, 0xFF, 0xF3, 0xE0, 0xFB, 0xF0, 0x7F, 0xF8, 0x3F, 0xFC, 0x1F, 0xFE,
    0x0F, 0xFF, 0x07, 0xFF, 0x83, 0xF7, 0xE3, 0xF3, 0xFF, 0xF8, 0xFF, 0xF8, 0x3F, 0xF8, 0x0F, 0xF8,
    0x01, 0xF0, 0x00, 0x70, 0x00, 0x7C, 0x00, 0x3E, 0x00, 0x1F, 0x00, 0x0F, 0x80, 0x03, 0x80, 0x00,
    0xF8, 0x00, 0x01, 0xFC, 0x00, 0x03, 0xF8, 0x00, 0x04, 0xF0, 0x00, 0x03, 0xE0, 0x00, 0x0F, 0x80,
    0x00, 0x1E, 0x00, 0x00, 0x08, 0x00, 0x01, 0xFF, 0x00, 0x0F, 0xFF, 0x80, 0x3F, 0xFF, 0x80, 0xFF,
    0xFF, 0x83, 0xFF, 0xFF, 0x8F, 0xE0, 0x7F, 0x1F, 0x80, 0x7F, 0x3F, 0x00, 0x7E, 0xFC, 0x00, 0xFD,
    0xF8, 0x00, 0xFB, 0xF0, 0x01, 0xF7, 0xE0, 0x03, 0xEF, 0xC0, 0x07, 0xDF, 0x80, 0x1F, 0x9F, 0x80,
    0x3F, 0x3F, 0x00, 0x7E, 0x7F, 0x01, 0xF8, 0x7F, 0x8F, 0xF0, 0xFF, 0xFF, 0xC0, 0xFF, 0xFF, 0x80,
    0xFF, 0xFC, 0x00, 0x7F, 0xF0, 0x00, 0x1F, 0x00, 0x00, 0x07, 0xC0, 0x03, 0xF8, 0x01, 0xFC, 0x00,
    0xFE, 0x00, 0x0F, 0x00, 0x1F, 0x80, 0x0F, 0x00, 0x03, 0x80, 0x07, 0xF0, 0x0F, 0xFE, 0x0F, 0xFF,
    0x8F, 0xFF, 0xE7, 0xFF, 0xF3, 0xE0, 0xFB, 0xF0, 0x7F, 0xF8, 0x3F, 0xFC, 0x1F, 0xFE, 0x0F, 0xFF,
    0x07, 0xFF, 0x83, 0xF7, 0xE3, 0xF3, 0xFF, 0xF8, 0xFF, 0xF8, 0x3F, 0xF8, 0x0F, 0xF8, 0x01, 0xF0,
    0x00, 0x00, 0x00, 0x00, 0x00, 0x00, 0x60, 0x00, 0x01, 0xE0, 0x00, 0x07, 0xE0, 0x00, 0x1F, 0x80,
    0x02, 0x7E, 0x00, 0x0E, 0xF8, 0x00, 0x7E, 0xC0, 0x01, 0xFE, 0x00, 0x07, 0xFE, 0x00, 0x07, 0x3C,
    0x00, 0x04, 0x10, 0x00, 0x01, 0x00, 0x00, 0x3F, 0xE0, 0x01, 0xFF, 0xF0, 0x07, 0xFF, 0xF0, 0x1F,
    0xFF, 0xF0, 0x7F, 0xFF, 0xF1, 0xFC, 0x0F, 0xE3, 0xF0, 0x0F, 0xE7, 0xE0, 0x0F, 0xDF, 0x80, 0x1F,
    0xBF, 0x00, 0x1F, 0x7E, 0x00, 0x3E, 0xFC, 0x00, 0x7D, 0xF8, 0x00, 0xFB, 0xF0, 0x03, 0xF3, 0xF0,
    0x07, 0xE7, 0xE0, 0x0F, 0xCF, 0xE0, 0x3F, 0x0F, 0xF1, 0xFE, 0x1F, 0xFF, 0xF8, 0x1F, 0xFF, 0xF0,
    0x1F, 0xFF, 0x80, 0x0F, 0xFE, 0x00, 0x03, 0xE0, 0x00, 0x00, 0x01, 0x00, 0x00, 0x70, 0x00, 0x1F,
    0x80, 0x07, 0xE0, 0x09, 0xF8, 0x03, 0xBE, 0x00, 0xFB, 0x80, 0x3F, 0x80, 0x1F, 0xF8, 0x01, 0xEF,
    0x00, 0x10, 0xC0, 0x00, 0x00, 0x00, 0x7F, 0x00, 0x3F, 0xF8, 0x0F, 0xFF, 0x83, 0xFF, 0xF8, 0x7F,
    0xFF, 0x0F, 0x83, 0xE3, 0xF0, 0x7E, 0x7E, 0x0F, 0xCF, 0xC1, 0xF9, 0xF8, 0x3F, 0x3F, 0x07, 0xE7,
    0xE0, 0xFC, 0x7E, 0x3F, 0x0F, 0xFF, 0xE0, 0xFF, 0xF8, 0x0F, 0xFE, 0x00, 0xFF, 0x80, 0x07, 0xC0,
    0x00, 0x00, 0x00, 0x00, 0x00, 0x0C, 0x00, 0x00, 0x3C, 0x00, 0x00, 0xFC, 0x00, 0x00, 0xFC, 0x00,
    0x02, 0xFC, 0x00, 0x0E, 0xF0, 0x00, 0x7E, 0x40, 0x01, 0xFE, 0x00, 0x07, 0xFE, 0x00, 0x07, 0x3C,
    0x00, 0x04, 0x10, 0x00, 0x01, 0x00, 0x00, 0x3F, 0xE0, 0x01, 0xFF, 0xF0, 0x07, 0xFF, 0xF0, 0x1F,
    0xFF, 0xF0, 0x7F, 0xFF, 0xF1, 0xFC, 0x0F, 0xE3, 0xF0, 0x0F, 0xE7, 0xE0, 0x0F, 0xDF, 0x80, 0x1F,
    0xBF, 0x00, 0x1F, 0x7E, 0x00, 0x3E, 0xFC, 0x00, 0x7D, 0xF8, 0x00, 0xFB, 0xF0, 0x03, 0xF3, 0xF0,
    0x07, 0xE7, 0xE0, 0x0F, 0xCF, 0xE0, 0x3F, 0x0F, 0xF1, 0xFE, 0x1F, 0xFF, 0xF8, 0x1F, 0xFF, 0xF0,
    0x1F, 0xFF, 0x80, 0x0F, 0xFE, 0x00, 0x03, 0xE0, 0x00, 0x00, 0x00, 0x00, 0x38, 0x00, 0x3E, 0x00,
    0x1F, 0x80, 0x07, 0xE0, 0x05, 0xF8, 0x07, 0x78, 0x07, 0xC8, 0x07, 0xF0, 0x0F, 0xFC, 0x03, 0xDE,
    0x00, 0x86, 0x00, 0x00, 0x00, 0x3F, 0x80, 0x7F, 0xF0, 0x7F, 0xFC, 0x7F, 0xFF, 0x3F, 0xFF, 0x9F,
    0x07, 0xDF, 0x83, 0xFF, 0xC1, 0xFF, 0xE0, 0xFF, 0xF0, 0x7F, 0xF8, 0x3F, 0xFC, 0x1F, 0xBF, 0x1F,
    0x9F, 0xFF, 0xC7, 0xFF, 0xC1, 0xFF, 0xC0, 0x7F, 0xC0, 0x0F, 0x80, 0x00, 0x07, 0xE0, 0x00, 0x0F,
    0xE0, 0x00, 0x1F, 0xE0, 0x00, 0x17, 0xC0, 0x00, 0x0F, 0x00, 0x02, 0x3E, 0x00, 0x0E, 0x78, 0x00,
    0x7E, 0x00, 0x01, 0xFE, 0x00, 0x07, 0xFE, 0x00, 0x07, 0x3C, 0x00, 0x04, 0x10, 0x00, 0x01, 0x00,
    0x00, 0x3F, 0xE0, 0x01, 0xFF, 0xF0, 0x07, 0xFF, 0xF0, 0x1F, 0xFF, 0xF0, 0x7F, 0xFF, 0xF1, 0xFC,
    0x0F, 0xE3, 0xF0, 0x0F, 0xE7, 0xE0, 0x0F, 0xDF, 0x80, 0x1F, 0xBF, 0x00, 0x1F, 0x7E, 0x00, 0x3E,
    0xFC, 0x00, 0x7D, 0xF8, 0x00, 0xFB, 0xF0, 0x03, 0xF3, 0xF0, 0x07, 0xE7, 0xE0, 0x0F, 0xCF, 0xE0,
    0x3F, 0x0F, 0xF1, 0xFE, 0x1F, 0xFF, 0xF8, 0x1F, 0xFF, 0xF0, 0x1F, 0xFF, 0x80, 0x0F, 0xFE, 0x00,
    0x03, 0xE0, 0x00, 0x00, 0x00, 0x00, 0x0F, 0xE0, 0x03, 0xFC, 0x00, 0x7F, 0x00, 0x03, 0xC0, 0x23,
    0xF0, 0x1C, 0xF0, 0x0F, 0xBC, 0x07, 0xF0, 0x07, 0xFE, 0x00, 0xF7, 0x80, 0x10, 0xC0, 0x00, 0x00,
    0x01, 0xFC, 0x01, 0xFF, 0xC0, 0xFF, 0xF8, 0x7F, 0xFF, 0x1F, 0xFF, 0xC7, 0xC1, 0xF3, 0xF0, 0x7E,
    0xFC, 0x1F, 0xBF, 0x07, 0xEF, 0xC1, 0xFB, 0xF0, 0x7E, 0xFC, 0x1F, 0x9F, 0x8F, 0xC7, 0xFF, 0xF0,
    0xFF, 0xF8, 0x1F, 0xFC, 0x03, 0xFE, 0x00, 0x3E, 0x00, 0x00, 0x42, 0x00, 0x03, 0xFF, 0x00, 0x0F,
    0xFE, 0x00, 0x3F, 0xFC, 0x00, 0x3F, 0xF0, 0x00, 0x20, 0x80, 0x00, 0x04, 0x00, 0x00, 0x1C, 0x00,
    0x00, 0xFC, 0x00, 0x03, 0xFC, 0x00, 0x0F, 0xFC, 0x00, 0x0E, 0x78, 0x00, 0x08, 0x20, 0x00, 0x02,
    0x00, 0x00, 0x7F, 0xC0, 0x03, 0xFF, 0xE0, 0x0F, 0xFF, 0xE0, 0x3F, 0xFF, 0xE0, 0xFF, 0xFF, 0xE3,
    0xF8, 0x1F, 0xC7, 0xE0, 0x1F, 0xCF, 0xC0, 0x1F, 0xBF, 0x00, 0x3F, 0x7E, 0x00, 0x3E, 0xFC, 0x00,
    0x7D, 0xF8, 0x00, 0xFB, 0xF0, 0x01, 0xF7, 0xE0, 0x07, 0xE7, 0xE0, 0x0F, 0xCF, 0xC0, 0x1F, 0x9F,
    0xC0, 0x7E, 0x1F, 0xE3, 0xFC, 0x3F, 0xFF, 0xF0, 0x3F, 0xFF, 0xE0, 0x3F, 0xFF, 0x00, 0x1F, 0xFC,
    0x00, 0x07, 0xC0, 0x00, 0x07, 0x98, 0x0F, 0xFE, 0x07, 0xFF, 0x03, 0xFF, 0x00, 0xC7, 0x00, 0x04,
    0x00, 0x07, 0x00, 0x07, 0xC0, 0x07, 0xF0, 0x0F, 0xFC, 0x03, 0xDE, 0x00, 0x86, 0x00, 0x00, 0x00,
    0x3F, 0x80, 0x7F, 0xF0, 0x7F, 0xFC, 0x7F, 0xFF, 0x3F, 0xFF, 0x9F, 0x07, 0xDF, 0x83, 0xFF, 0xC1,
    0xFF, 0xE0, 0xFF, 0xF0, 0x7F, 0xF8, 0x3F, 0xFC, 0x1F, 0xBF, 0x1F, 0x9F, 0xFF, 0xC7, 0xFF, 0xC1,
    0xFF, 0xC0, 0x7F, 0xC0, 0x0F, 0x80, 0x00, 0x10, 0x00, 0x00, 0x70, 0x00, 0x03, 0xF0, 0x00, 0x0F,
    0xF0, 0x00, 0x3F, 0xF0, 0x00, 0x39, 0xE0, 0x00, 0x20, 0x80, 0x00, 0x08, 0x00, 0x01, 0xFF, 0x00,
    0x0F, 0xFF, 0x80, 0x3F, 0xFF, 0x80, 0xFF, 0xFF, 0x83, 0xFF, 0xFF, 0x8F, 0xE0, 0x7F, 0x1F, 0x80,
    0x7F, 0x3F, 0x00, 0x7E, 0xFC, 0x00, 0xFD, 0xF8, 0x00, 0xFB, 0xF0, 0x01, 0xF7, 0xE0, 0x03, 0xEF,
    0xC0, 0x07, 0xDF, 0x80, 0x1F, 0x9F, 0x80, 0x3F, 0x3F, 0x00, 0x7E, 0x7F, 0x01, 0xF8, 0x7F, 0x8F,
    0xF0, 0xFF, 0xFF, 0xC0, 0xFF, 0xFF, 0x80, 0xFF, 0xFC, 0x00, 0x7F, 0xF0, 0x00, 0x1F, 0x00, 0x00,
    0x18, 0x00, 0x00, 0x7C, 0x00, 0x00, 0xF8, 0x00, 0x01, 0xF0, 0x00, 0x03, 0xE0, 0x00, 0x03, 0x80,
    0x00, 0x00, 0x80, 0x00, 0xE0, 0x00, 0xF8, 0x00, 0xFE, 0x01, 0xFF, 0x80, 0x7B, 0xC0, 0x10, 0xC0,
    0x00, 0x00, 0x07, 0xF0, 0x0F, 0xFE, 0x0F, 0xFF, 0x8F, 0xFF, 0xE7, 0xFF, 0xF3, 0xE0, 0xFB, 0xF0,
    0x7F, 0xF8, 0x3F, 0xFC, 0x1F, 0xFE, 0x0F, 0xFF, 0x07, 0xFF, 0x83, 0xF7, 0xE3, 0xF3, 0xFF, 0xF8,
    0xFF, 0xF8, 0x3F, 0xF8, 0x0F, 0xF8, 0x01, 0xF0, 0x00, 0x70, 0x00, 0x7C, 0x00, 0x3E, 0x00, 0x1F,
    0x00, 0x0F, 0x80, 0x03, 0x80, 0x00, 0x18, 0x00, 0x00, 0x78, 0x00, 0x00, 0xF8, 0x00, 0x03, 0xF0,
    0x00, 0x0F, 0x80, 0x00, 0x1E, 0x0F, 0x80, 0x18, 0x1F, 0x00, 0x08, 0x3E, 0x01, 0xFF, 0x7C, 0x0F,
    0xFF, 0xF8, 0x3F, 0xFF, 0xE0, 0xFF, 0xFF, 0xC3, 0xFF, 0xFF, 0x8F, 0xE0, 0x7F, 0x1F, 0x80, 0x7F,
    0x3F, 0x00, 0x7E, 0xFC, 0x00, 0xFD, 0xF8, 0x00, 0xFB, 0xF0, 0x01, 0xF7, 0xE0, 0x03, 0xEF, 0xC0,
    0x07, 0xDF, 0x80, 0x1F, 0x9F, 0x80, 0x3F, 0x3F, 0x00, 0x7E, 0x7F, 0x01, 0xF8, 0x7F, 0x8F, 0xF0,
    0xFF, 0xFF, 0xC0, 0xFF, 0xFF, 0x80, 0xFF, 0xFC, 0x00, 0x7F, 0xF0, 0x00, 0x1F, 0x00, 0x00, 0x00,
    0x60, 0x00, 0x3C, 0x00, 0x1F, 0x00, 0x0F, 0xC0, 0x07, 0xE0, 0x01, 0xF1, 0xF0, 0x30, 0x7C, 0x00,
    0x1F, 0x07, 0xF7, 0xC7, 0xFF, 0xF3, 0xFF, 0xF9, 0xFF, 0xFC, 0x7F, 0xFF, 0x1F, 0x07, 0xCF, 0xC1,
    0xFB, 0xF0, 0x7E, 0xFC, 0x1F, 0xBF, 0x07, 0xEF, 0xC1, 0xFB, 0xF0, 0x7E, 0x7E, 0x3F, 0x1F, 0xFF,
    0xC3, 0xFF, 0xE0, 0x7F, 0xF0, 0x0F, 0xF8, 0x00, 0xF8, 0x00, 0x00, 0x60, 0x00, 0x01, 0xE0, 0x00,
    0x07, 0xE0, 0x00, 0x07, 0xE0, 0x00, 0x07, 0xE0, 0x00, 0x07, 0xCF, 0x80, 0x03, 0x1F, 0x00, 0x08,
    0x3E, 0x01, 0xFF, 0x7C, 0x0F, 0xFF, 0xF8, 0x3F, 0xFF, 0xE0, 0xFF, 0xFF, 0xC3, 0xFF, 0xFF, 0x8F,
    0xE0, 0x7F, 0x1F, 0x80, 0x7F, 0x3F, 0x00, 0x7E, 0xFC, 0x00, 0xFD, 0xF8, 0x00, 0xFB, 0xF0, 0x01,
    0xF7, 0xE0, 0x03, 0xEF, 0xC0, 0x07, 0xDF, 0x80, 0x1F, 0x9F, 0x80, 0x3F, 0x3F, 0x00, 0x7E, 0x7F,
    0x01, 0xF8, 0x7F, 0x8F, 0xF0, 0xFF, 0xFF, 0xC0, 0xFF, 0xFF, 0x80, 0xFF, 0xFC, 0x00, 0x7F, 0xF0,
    0x00, 0x1F, 0x00, 0x00, 0x03, 0x00, 0x01, 0xE0, 0x00, 0x7C, 0x00, 0x1F, 0x80, 0x03, 0xF0, 0x00,
    0x7D, 0xF0, 0x06, 0x7C, 0x00, 0x1F, 0x07, 0xF7, 0xC7, 0xFF, 0xF3, 0xFF, 0xF9, 0xFF, 0xFC, 0x7F,
    0xFF, 0x1F, 0x07, 0xCF, 0xC1, 0xFB, 0xF0, 0x7E, 0xFC, 0x1F, 0xBF, 0x07, 0xEF, 0xC1, 0xFB, 0xF0,
    0x7E, 0x7E, 0x3F, 0x1F, 0xFF, 0xC3, 0xFF, 0xE0, 0x7F, 0xF0, 0x0F, 0xF8, 0x00, 0xF8, 0x00, 0x00,
    0xF8, 0x00, 0x01, 0xFC, 0x00, 0x03, 0xF8, 0x00, 0x04, 0xF0, 0x00, 0x03, 0xE0, 0x00, 0x0F, 0x8F,
    0x80, 0x1E, 0x1F, 0x00, 0x08, 0x3E, 0x01, 0xFF, 0x7C, 0x0F, 0xFF, 0xF8, 0x3F, 0xFF, 0xE0, 0xFF,
    0xFF, 0xC3, 0xFF, 0xFF, 0x8F, 0xE0, 0x7F, 0x1F, 0x80, 0x7F, 0x3F, 0x00, 0x7E, 0xFC, 0x00, 0xFD,
    0xF8, 0x00, 0xFB, 0xF0, 0x01, 0xF7, 0xE0, 0x03, 0xEF, 0xC0, 0x07, 0xDF, 0x80, 0x1F, 0x9F, 0x80,
    0x3F, 0x3F, 0x00, 0x7E, 0x7F, 0x01, 0xF8, 0x7F, 0x8F, 0xF0, 0xFF, 0xFF, 0xC0, 0xFF, 0xFF, 0x80,
    0xFF, 0xFC, 0x00, 0x7F, 0xF0, 0x00, 0x1F, 0x00, 0x00, 0x07, 0xC0, 0x01, 0xFC, 0x00, 0x7F, 0x00,
    0x1F, 0xC0, 0x00, 0xF0, 0x00, 0xFD, 0xF0, 0x3C, 0x7C, 0x07, 0x1F, 0x07, 0xF7, 0xC7, 0xFF, 0xF3,
    0xFF, 0xF9, 0xFF, 0xFC, 0x7F, 0xFF, 0x1F, 0x07, 0xCF, 0xC1, 0xFB, 0xF0, 0x7E, 0xFC, 0x1F, 0xBF,
    0x07, 0xEF, 0xC1, 0xFB, 0xF0, 0x7E, 0x7E, 0x3F, 0x1F, 0xFF, 0xC3, 0xFF, 0xE0, 0x7F, 0xF0, 0x0F,
    0xF8, 0x00, 0xF8, 0x00, 0x00, 0xE3, 0x00, 0x03, 0xFF, 0x00, 0x0F, 0xFE, 0x00, 0x3F, 0xFC, 0x00,
    0x39, 0xF7, 0xC0, 0x00, 0x0F, 0x80, 0x04, 0x1F, 0x00, 0xFF, 0xBE, 0x07, 0xFF, 0xFC, 0x1F, 0xFF,
    0xF0, 0x7F, 0xFF, 0xE1, 0xFF, 0xFF, 0xC7, 0xF0, 0x3F, 0x8F, 0xC0, 0x3F, 0x9F, 0x80, 0x3F, 0x7E,
    0x00, 0x7E, 0xFC, 0x00, 0x7D, 0xF8, 0x00, 0xFB, 0xF0, 0x01, 0xF7, 0xE0, 0x03, 0xEF, 0xC0, 0x0F,
    0xCF, 0xC0, 0x1F, 0x9F, 0x80, 0x3F, 0x3F, 0x80, 0xFC, 0x3F, 0xC7, 0xF8, 0x7F, 0xFF, 0xE0, 0x7F,
    0xFF, 0xC0, 0x7F, 0xFE, 0x00, 0x3F, 0xF8, 0x00, 0x0F, 0x80, 0x00, 0x07, 0x18, 0x03, 0xFF, 0x01,
    0xFF, 0xC0, 0xFF, 0xF0, 0x1C, 0xFF, 0xC0, 0x01, 0xF0, 0x00, 0x7C, 0x1F, 0xDF, 0x1F, 0xFF, 0xCF,
    0xFF, 0xE7, 0xFF, 0xF1, 0xFF, 0xFC, 0x7C, 0x1F, 0x3F, 0x07, 0xEF, 0xC1, 0xFB, 0xF0, 0x7E, 0xFC,
    0x1F, 0xBF, 0x07, 0xEF, 0xC1, 0xF9, 0xF8, 0xFC, 0x7F, 0xFF, 0x0F, 0xFF, 0x81, 0xFF, 0xC0, 0x3F,
    0xE0, 0x03, 0xE0, 0x00, 0x00, 0x00, 0x00, 0x00, 0x00, 0xF8, 0x00, 0x01, 0xF0, 0x00, 0x83, 0xE0,
    0x1F, 0xF7, 0xC0, 0xFF, 0xFF, 0x83, 0xFF, 0xFE, 0x0F, 0xFF, 0xFC, 0x3F, 0xFF, 0xF8, 0xFE, 0x07,
    0xF1, 0xF8, 0x07, 0xF3, 0xF0, 0x07, 0xEF, 0xC0, 0x0F, 0xDF, 0x80, 0x0F, 0xBF, 0x00, 0x1F, 0x7E,
    0x00, 0x3E, 0xFC, 0x00, 0x7D, 0xF8, 0x01, 0xF9, 0xF8, 0x03, 0xF3, 0xF0, 0x07, 0xE7, 0xF0, 0x1F,
    0x87, 0xF8, 0xFF, 0x0F, 0xFF, 0xFC, 0x0F, 0xFF, 0xF8, 0x0F, 0xFF, 0xC0, 0x07, 0xFF, 0x00, 0x01,
    0xF0, 0x00, 0x01, 0x80, 0x00, 0x07, 0xC0, 0x00, 0x0F, 0x80, 0x00, 0x1F, 0x00, 0x00, 0x3E, 0x00,
    0x00, 0x38, 0x00, 0x00, 0x07, 0xC0, 0x01, 0xF0, 0x00, 0x7C, 0x1F, 0xDF, 0x1F, 0xFF, 0xCF, 0xFF,
    0xE7, 0xFF, 0xF1, 0xFF, 0xFC, 0x7C, 0x1F, 0x3F, 0x07, 0xEF, 0xC1, 0xFB, 0xF0, 0x7E, 0xFC, 0x1F,
    0xBF, 0x07, 0xEF, 0xC1, 0xF9, 0xF8, 0xFC, 0x7F, 0xFF, 0x0F, 0xFF, 0x81, 0xFF, 0xC0, 0x3F, 0xE0,
    0x03, 0xE0, 0x00, 0x70, 0x00, 0x3E, 0x00, 0x0F, 0x80, 0x03, 0xE0, 0x00, 0xF8, 0x00, 0x1C, 0x00,
    0xF8, 0x07, 0xFE, 0x01, 0xFF, 0x80, 0x7F, 0xE0, 0x1F, 0xF8, 0x07, 0xFE, 0x01, 0xFF, 0x80, 0x7F,
    0xE0, 0x1F, 0xF8, 0x07, 0xFE, 0x01, 0xFF, 0x80, 0x7F, 0xE0, 0x1F, 0xF8, 0x07, 0xFE, 0x01, 0xFF,
    0xC0, 0x7F, 0xF0, 0x3F, 0xFC, 0x0F, 0xFF, 0x87, 0xF7, 0xFF, 0xF9, 0xFF, 0xFE, 0x3F, 0xFF, 0x03,
    0xFF, 0x00, 0x3F, 0x00, 0x03, 0x00, 0x01, 0xE0, 0x00, 0xFC, 0x00, 0x3F, 0x00, 0x07, 0x80, 0x00,
    0xC0, 0x00, 0xF8, 0x7D, 0xF0, 0xFF, 0xE1, 0xFF, 0xC3, 0xFF, 0x87, 0xFF, 0x0F, 0xFE, 0x1F, 0xFC,
    0x3F, 0xF8, 0x7F, 0xF0, 0xFF, 0xE1, 0xFF, 0xC3, 0xFF, 0xC7, 0xFF, 0xFF, 0xDF, 0xFF, 0xBF, 0xFF,
    0x3F, 0xFC, 0x0F, 0xC0, 0x0C, 0x00, 0x3E, 0x00, 0xFC, 0x01, 0xF8, 0x01, 0xF0, 0x01, 0xC0, 0x07,
    0xE0, 0x01, 0xFC, 0x00, 0x3F, 0x80, 0x09, 0xE0, 0x00, 0xF8, 0x00, 0x7C, 0x00, 0x1E, 0x00, 0x00,
    0x00, 0xF8, 0x07, 0xFE, 0x01, 0xFF, 0x80, 0x7F, 0xE0, 0x1F, 0xF8, 0x07, 0xFE, 0x01, 0xFF, 0x80,
    0x7F, 0xE0, 0x1F, 0xF8, 0x07, 0xFE, 0x01, 0xFF, 0x80, 0x7F, 0xE0, 0x1F, 0xF8, 0x07, 0xFE, 0x01,
    0xFF, 0xC0, 0x7F, 0xF0, 0x3F, 0xFC, 0x0F, 0xFF, 0x87, 0xF7, 0xFF, 0xF9, 0xFF, 0xFE, 0x3F, 0xFF,
    0x03, 0xFF, 0x00, 0x3F, 0x00, 0x0F, 0x80, 0x3F, 0x80, 0x3F, 0x80, 0x7F, 0x00, 0x1E, 0x00, 0xF8,
    0x01, 0xE0, 0x01, 0xC0, 0xF8, 0x7D, 0xF0, 0xFF, 0xE1, 0xFF, 0xC3, 0xFF, 0x87, 0xFF, 0x0F, 0xFE,
    0x1F, 0xFC, 0x3F, 0xF8, 0x7F, 0xF0, 0xFF, 0xE1, 0xFF, 0xC3, 0xFF, 0xC7, 0xFF, 0xFF, 0xDF, 0xFF,
    0xBF, 0xFF, 0x3F, 0xFC, 0x0F, 0xC0, 0x00, 0x20, 0x00, 0x01, 0xE0, 0x00, 0x0F, 0x80, 0x00, 0x7E,
    0x00, 0x03, 0xF0, 0x00, 0x0F, 0x01, 0xF0, 0x18, 0x07, 0xC0, 0x00, 0x1F, 0xF8, 0x07, 0xFF, 0xE0,
    0x1F, 0xEF, 0x80, 0x7F, 0x3E, 0x01, 0xF8, 0xF8, 0x07, 0xC3, 0xE0, 0x1F, 0x0F, 0x80, 0x7C, 0x3E,
    0x01, 0xF0, 0xF8, 0x07, 0xC3, 0xE0, 0x1F, 0x0F, 0x80, 0x7C, 0x3E, 0x01, 0xF0, 0xF8, 0x07, 0xC3,
    0xE0, 0x1F, 0x0F, 0xC0, 0x7C, 0x3F, 0x03, 0xF0, 0xFC, 0x0F, 0xC3, 0xF8, 0x7F, 0x07, 0xFF, 0xF8,
    0x1F, 0xFF, 0xE0, 0x3F, 0xFF, 0x00, 0x3F, 0xF0, 0x00, 0x3F, 0x00, 0x00, 0x01, 0x80, 0x00, 0x70,
    0x00, 0x3E, 0x00, 0x1F, 0x80, 0x0F, 0x80, 0x03, 0xC0, 0xF0, 0x60, 0x3C, 0x00, 0x1F, 0xF8, 0x7F,
    0xFE, 0x1F, 0xEF, 0x87, 0xFB, 0xE1, 0xF8, 0xF8, 0x7E, 0x3E, 0x1F, 0x8F, 0x87, 0xE3, 0xE1, 0xF8,
    0xF8, 0x7E, 0x3E, 0x1F, 0x8F, 0x87, 0xE3, 0xE1, 0xF8, 0xFC, 0x7E, 0x3F, 0xFF, 0x87, 0xFF, 0xE1,
    0xFF, 0xF8, 0x3F, 0xFC, 0x01, 0xF8, 0x00, 0x03, 0x00, 0x00, 0x1E, 0x00, 0x00, 0xFC, 0x00, 0x01,
    0xF8, 0x00, 0x03, 0xF0, 0x00, 0x07, 0xC1, 0xF0, 0x06, 0x07, 0xC0, 0x00, 0x1F, 0xF8, 0x07, 0xFF,
    0xE0, 0x1F, 0xEF, 0x80, 0x7F, 0x3E, 0x01, 0xF8, 0xF8, 0x07, 0xC3, 0xE0, 0x1F, 0x0F, 0x80, 0x7C,
    0x3E, 0x01, 0xF0, 0xF8, 0x07, 0xC3, 0xE0, 0x1F, 0x0F, 0x80, 0x7C, 0x3E, 0x01, 0xF0, 0xF8, 0x07,
    0xC3, 0xE0, 0x1F, 0x0F, 0xC0, 0x7C, 0x3F, 0x03, 0xF0, 0xFC, 0x0F, 0xC3, 0xF8, 0x7F, 0x07, 0xFF,
    0xF8, 0x1F, 0xFF, 0xE0, 0x3F, 0xFF, 0x00, 0x3F, 0xF0, 0x00, 0x3F, 0x00, 0x00, 0x0C, 0x00, 0x07,
    0x80, 0x01, 0xF0, 0x00, 0x7E, 0x00, 0x0F, 0xC0, 0x01, 0xF0, 0xF0, 0x18, 0x3C, 0x00, 0x1F, 0xF8,
    0x7F, 0xFE, 0x1F, 0xEF, 0x87, 0xFB, 0xE1, 0xF8, 0xF8, 0x7E, 0x3E, 0x1F, 0x8F, 0x87, 0xE3, 0xE1,
    0xF8, 0xF8, 0x7E, 0x3E, 0x1F, 0x8F, 0x87, 0xE3, 0xE1, 0xF8, 0xFC, 0x7E, 0x3F, 0xFF, 0x87, 0xFF,
    0xE1, 0xFF, 0xF8, 0x3F, 0xFC, 0x01, 0xF8, 0x00, 0x07, 0xE0, 0x00, 0x1F, 0xC0, 0x00, 0x3F, 0x80,
    0x00, 0x9E, 0x00, 0x00, 0xF8, 0x00, 0x07, 0xC1, 0xF0, 0x1E, 0x07, 0xC0, 0x00, 0x1F, 0xF8, 0x07,
    0xFF, 0xE0, 0x1F, 0xEF, 0x80, 0x7F, 0x3E, 0x01, 0xF8, 0xF8, 0x07, 0xC3, 0xE0, 0x1F, 0x0F, 0x80,
    0x7C, 0x3E, 0x01, 0xF0, 0xF8, 0x07, 0xC3, 0xE0, 0x1F, 0x0F, 0x80, 0x7C, 0x3E, 0x01, 0xF0, 0xF8,
    0x07, 0xC3, 0xE0, 0x1F, 0x0F, 0xC0, 0x7C, 0x3F, 0x03, 0xF0, 0xFC, 0x0F, 0xC3, 0xF8, 0x7F, 0x07,
    0xFF, 0xF8, 0x1F, 0xFF, 0xE0, 0x3F, 0xFF, 0x00, 0x3F, 0xF0, 0x00, 0x3F, 0x00, 0x00, 0x0F, 0x80,
    0x07, 0xF0, 0x00, 0xFE, 0x00, 0x3F, 0x80, 0x01, 0xE0, 0x01, 0xF0, 0xF0, 0x78, 0x3C, 0x0E, 0x1F,
    0xF8, 0x7F, 0xFE, 0x1F, 0xEF, 0x87, 0xFB, 0xE1, 0xF8, 0xF8, 0x7E, 0x3E, 0x1F, 0x8F, 0x87, 0xE3,
    0xE1, 0xF8, 0xF8, 0x7E, 0x3E, 0x1F, 0x8F, 0x87, 0xE3, 0xE1, 0xF8, 0xFC, 0x7E, 0x3F, 0xFF, 0x87,
    0xFF, 0xE1, 0xFF, 0xF8, 0x3F, 0xFC, 0x01, 0xF8, 0x00, 0x03, 0x8C, 0x00, 0x3F, 0xF8, 0x00, 0xFF,
    0xE0, 0x07, 0xFF, 0x00, 0x0E, 0x78, 0x7C, 0x00, 0x01, 0xF0, 0x00, 0x07, 0xFE, 0x01, 0xFF, 0xF8,
    0x07, 0xFB, 0xE0, 0x1F, 0xCF, 0x80, 0x7E, 0x3E, 0x01, 0xF0, 0xF8, 0x07, 0xC3, 0xE0, 0x1F, 0x0F,
    0x80, 0x7C, 0x3E, 0x01, 0xF0, 0xF8, 0x07, 0xC3, 0xE0, 0x1F, 0x0F, 0x80, 0x7C, 0x3E, 0x01, 0xF0,
    0xF8, 0x07, 0xC3, 0xF0, 0x1F, 0x0F, 0xC0, 0xFC, 0x3F, 0x03, 0xF0, 0xFE, 0x1F, 0xC1, 0xFF, 0xFE,
    0x07, 0xFF, 0xF8, 0x0F, 0xFF, 0xC0, 0x0F, 0xFC, 0x00, 0x0F, 0xC0, 0x00, 0x0C, 0x30, 0x0F, 0xFE,
    0x03, 0xFF, 0x81, 0xFF, 0xC0, 0x3B, 0xE3, 0xC0, 0x00, 0xF0, 0x00, 0x7F, 0xE1, 0xFF, 0xF8, 0x7F,
    0xBE, 0x1F, 0xEF, 0x87, 0xE3, 0xE1, 0xF8, 0xF8, 0x7E, 0x3E, 0x1F, 0x8F, 0x87, 0xE3, 0xE1, 0xF8,
    0xF8, 0x7E, 0x3E, 0x1F, 0x8F, 0x87, 0xE3, 0xF1, 0xF8, 0xFF, 0xFE, 0x1F, 0xFF, 0x87, 0xFF, 0xE0,
    0xFF, 0xF0, 0x07, 0xE0, 0x00, 0x00, 0x00, 0x00, 0x00, 0x01, 0xF0, 0x00, 0x07, 0xC0, 0x00, 0x1F,
    0xF8, 0x07, 0xFF, 0xE0, 0x1F, 0xEF, 0x80, 0x7F, 0x3E, 0x01, 0xF8, 0xF8, 0x07, 0xC3, 0xE0, 0x1F,
    0x0F, 0x80, 0x7C, 0x3E, 0x01, 0xF0, 0xF8, 0x07, 0xC3, 0xE0, 0x1F, 0x0F, 0x80, 0x7C, 0x3E, 0x01,
    0xF0, 0xF8, 0x07, 0xC3, 0xE0, 0x1F, 0x0F, 0xC0, 0x7C, 0x3F, 0x03, 0xF0, 0xFC, 0x0F, 0xC3, 0xF8,
    0x7F, 0x07, 0xFF, 0xF8, 0x1F, 0xFF, 0xE0, 0x3F, 0xFF, 0x00, 0x3F, 0xF0, 0x00, 0x3F, 0x00, 0x00,
    0x30, 0x00, 0x01, 0xE0, 0x00, 0x0F, 0xC0, 0x00, 0x3F, 0x00, 0x00, 0x78, 0x00, 0x00, 0xC0, 0x00,
    0x00, 0x03, 0xC0, 0x00, 0xF0, 0x00, 0x7F, 0xE1, 0xFF, 0xF8, 0x7F, 0xBE, 0x1F, 0xEF, 0x87, 0xE3,
    0xE1, 0xF8, 0xF8, 0x7E, 0x3E, 0x1F, 0x8F, 0x87, 0xE3, 0xE1, 0xF8, 0xF8, 0x7E, 0x3E, 0x1F, 0x8F,
    0x87, 0xE3, 0xF1, 0xF8, 0xFF, 0xFE, 0x1F, 0xFF, 0x87, 0xFF, 0xE0, 0xFF, 0xF0, 0x07, 0xE0, 0x00,
    0xC0, 0x00, 0x7C, 0x00, 0x3F, 0x00, 0x0F, 0xC0, 0x01, 0xF0, 0x00, 0x38, 0x00, 0x00, 0xC0, 0x00,
    0x0E, 0x00, 0x00, 0xF8, 0x00, 0x07, 0xE0, 0x00, 0x1F, 0x80, 0x00, 0x7C, 0x00, 0x00, 0xC0, 0x00,
    0x00, 0x00, 0x00, 0x00, 0x07, 0xE0, 0x1F, 0x9F, 0x80, 0xFC, 0xFC, 0x0F, 0xC3, 0xF0, 0x7E, 0x1F,
    0xC7, 0xE0, 0x7E, 0x3F, 0x03, 0xFB, 0xF0, 0x0F, 0xFF, 0x80, 0x3F, 0xF8, 0x01, 0xFF, 0x80, 0x07,
    0xFC, 0x00, 0x3F, 0xC0, 0x00, 0xFC, 0x00, 0x07, 0xE0, 0x00, 0x3F, 0x00, 0x01, 0xF8, 0x00, 0x0F,
    0xC0, 0x00, 0x7E, 0x00, 0x03, 0xF0, 0x00, 0x1F, 0x80, 0x00, 0xFC, 0x00, 0x06, 0x00, 0x07, 0x80,
    0x03, 0xE0, 0x01, 0xF8, 0x00, 0x7E, 0x00, 0x1F, 0x00, 0x07, 0x00, 0x00, 0x00, 0x00, 0x00, 0x7E,
    0x0F, 0xFF, 0x07, 0xEF, 0x83, 0xE7, 0xE1, 0xF3, 0xF1, 0xF8, 0xF8, 0xF8, 0x7E, 0x7C, 0x3F, 0x7E,
    0x0F, 0xBE, 0x07, 0xFF, 0x01, 0xFF, 0x00, 0xFF, 0x80, 0x3F, 0xC0, 0x1F, 0xC0, 0x07, 0xE0, 0x03,
    0xE0, 0x01, 0xF0, 0x13, 0xF0, 0x1F, 0xF8, 0x0F, 0xF8, 0x07, 0xF8, 0x03, 0xF8, 0x00, 0xFC, 0x01,
    0xFF, 0xF0, 0x1F, 0x9F, 0x80, 0xFC, 0xFE, 0x0F, 0xC3, 0xF0, 0x7E, 0x0F, 0xC7, 0xE0, 0x7E, 0x3F,
    0x01, 0xFB, 0xF0, 0x0F, 0xFF, 0x00, 0x3F, 0xF8, 0x01, 0xFF, 0x80, 0x07, 0xFC, 0x00, 0x1F, 0xC0,
    0x00, 0xFC, 0x00, 0x03, 0xE0, 0x00, 0x1F, 0x00, 0x00, 0xF8, 0x00, 0x07, 0xC0, 0x00, 0x3E, 0x00,
    0x01, 0xF0, 0x00, 0x0F, 0x80, 0x00, 0x7C, 0x00, 0x00, 0x00, 0x00, 0x0C, 0x00, 0x00, 0xF8, 0x00,
    0x07, 0xC0, 0x00, 0x3E, 0x00, 0x01, 0xF0, 0x00, 0x07, 0x00, 0x00, 0xFC, 0x0F, 0xBF, 0x07, 0xE7,
    0xC1, 0xF9, 0xF0, 0x7C, 0x7E, 0x1F, 0x0F, 0x8F, 0xC3, 0xE3, 0xE0, 0xFC, 0xF8, 0x1F, 0x7E, 0x07,
    0xDF, 0x01, 0xFF, 0xC0, 0x3F, 0xE0, 0x0F, 0xF8, 0x01, 0xFE, 0x00, 0x7F, 0x00, 0x0F, 0xC0, 0x03,
    0xE0, 0x01, 0xF8, 0x07, 0xFC, 0x7B, 0xFF, 0x3F, 0xFF, 0x8F, 0xFF, 0xC3, 0xFF, 0xE0, 0x78, 0x01,
    0xF0, 0x00, 0x0F, 0xE0, 0x00, 0x7F, 0x00, 0x02, 0x78, 0x00, 0x07, 0xC0, 0x00, 0x7C, 0x00, 0x03,
    0xC0, 0x00, 0x00, 0x00, 0xFC, 0x01, 0xFF, 0xF0, 0x1F, 0x9F, 0x80, 0xFC, 0xFE, 0x0F, 0xC3, 0xF0,
    0x7E, 0x0F, 0xC7, 0xE0, 0x7E, 0x3F, 0x01, 0xFB, 0xF0, 0x0F, 0xFF, 0x00, 0x3F, 0xF8, 0x01, 0xFF,
    0x80, 0x07, 0xFC, 0x00, 0x1F, 0xC0, 0x00, 0xFC, 0x00, 0x03, 0xE0, 0x00, 0x1F, 0x00, 0x00, 0xF8,
    0x00, 0x07, 0xC0, 0x00, 0x3E, 0x00, 0x01, 0xF0, 0x00, 0x0F, 0x80, 0x00, 0x7C, 0x00, 0x07, 0xC0,
    0x03, 0xF8, 0x01, 0xFC, 0x00, 0xFE, 0x00, 0x0F, 0x00, 0x0F, 0x80, 0x0F, 0x00, 0x03, 0x80, 0xFC,
    0x0F, 0xFE, 0x0F, 0xDF, 0x07, 0xEF, 0x83, 0xE7, 0xE1, 0xF1, 0xF1, 0xF8, 0xF8, 0xF8, 0x7E, 0x7C,
    0x1F, 0x7E, 0x0F, 0xBE, 0x07, 0xFF, 0x01, 0xFF, 0x00, 0xFF, 0x80, 0x3F, 0xC0, 0x1F, 0xC0, 0x07,
    0xE0, 0x03, 0xE0, 0x03, 0xF0, 0x1F, 0xF0, 0x1F, 0xF8, 0x0F, 0xF8, 0x07, 0xF8, 0x03, 0xF8, 0x00,
    0x01, 0xC6, 0x00, 0x3F, 0xF8, 0x01, 0xFF, 0xC0, 0x1F, 0xFC, 0x00, 0x73, 0xC0, 0x00, 0x00, 0x00,
    0x00, 0x00, 0x1F, 0x80, 0x3F, 0xFE, 0x03, 0xF3, 0xF0, 0x1F, 0x9F, 0xC1, 0xF8, 0x7E, 0x0F, 0xC1,
    0xF8, 0xFC, 0x0F, 0xC7, 0xE0, 0x3F, 0x7E, 0x01, 0xFF, 0xE0, 0x07, 0xFF, 0x00, 0x3F, 0xF0, 0x00,
    0xFF, 0x80, 0x03, 0xF8, 0x00, 0x1F, 0x80, 0x00, 0x7C, 0x00, 0x03, 0xE0, 0x00, 0x1F, 0x00, 0x00,
    0xF8, 0x00, 0x07, 0xC0, 0x00, 0x3E, 0x00, 0x01, 0xF0, 0x00, 0x0F, 0x80, 0x00, 0x07, 0x08, 0x07,
    0xFE, 0x07, 0xFF, 0x03, 0xFF, 0x81, 0xCF, 0x80, 0x00, 0x00, 0x00, 0x01, 0xF8, 0x1F, 0xFC, 0x1F,
    0xBE, 0x0F, 0xDF, 0x07, 0xCF, 0xC3, 0xE3, 0xE3, 0xF1, 0xF1, 0xF0, 0xFC, 0xF8, 0x3E, 0xFC, 0x1F,
    0x7C, 0x0F, 0xFE, 0x03, 0xFE, 0x01, 0xFF, 0x00, 0x7F, 0x80, 0x3F, 0x80, 0x0F, 0xC0, 0x07, 0xC0,
    0x07, 0xE0, 0x3F, 0xE0, 0x3F, 0xF0, 0x1F, 0xF0, 0x0F, 0xF0, 0x07, 0xF0, 0x00, 0xFF, 0xFF, 0xFF,
    0xFF, 0xFF, 0xFC, 0x42, 0x66, 0x7E, 0x3C, 0x3C, 0x7E, 0x7E, 0x5A, 0x18, 0x18, 0x18, 0x18, 0x18,
    0x18, 0x18, 0x18, 0x18, 0x18, 0x18, 0x18, 0x18, 0x18, 0x18, 0x18, 0x18, 0x0C, 0x06, 0xFF, 0xFE,
    0xCC, 0xD8, 0xC0, 0xC0, 0xC0, 0xC0, 0xC0, 0xC0, 0xC0, 0xC0, 0xC0, 0xC0, 0xC0, 0xC0, 0xC0, 0xC0,
    0xC0, 0xC0, 0xC0, 0x18, 0x30, 0x60, 0xFF, 0x7F, 0x33, 0x1B, 0x03, 0x03, 0x03, 0x03, 0x03, 0x03,
    0x03, 0x03, 0x03, 0x03, 0x03, 0x03, 0x03, 0x03, 0x03, 0x03, 0x03, 0x7F, 0xBF, 0xFF, 0xFF, 0xFF,
    0x7F, 0x9F, 0xF7, 0xFD, 0xFF, 0x7F, 0x80, 0xFF, 0xFF, 0xFF, 0xFF, 0xFF, 0xFF, 0xFF, 0xFF, 0xFF,
    0xFF, 0xFF, 0xFF, 0xFF, 0xFF, 0xFF, 0xFF, 0xFF, 0xFF, 0xFF, 0xFF, 0xFF, 0xFF, 0xFF, 0xF0, 0xFF,
    0xFF, 0xFF, 0xFF, 0xFF, 0xFF, 0xFF, 0xFF, 0xFF, 0xFF, 0xFF, 0xFF, 0xFF, 0xFF, 0xFF, 0xF0, 0x3C,
    0xF9, 0xF3, 0xEF, 0x9F, 0x3E, 0x7C, 0xF8, 0x7E, 0xFD, 0xFB, 0xE7, 0xCF, 0x9F, 0x7C, 0xF0, 0x7E,
    0xFD, 0xFB, 0xE7, 0xCF, 0x9F, 0x7C, 0xF0, 0x3C, 0x7B, 0xE7, 0xDF, 0x3C, 0xF3, 0xEF, 0x9F, 0x7C,
    0xFB, 0xE7, 0xDF, 0x3E, 0xF9, 0xF0, 0x7C, 0xFB, 0xF7, 0xDF, 0x3E, 0xF9, 0xF7, 0xCF, 0xBE, 0x7D,
    0xE7, 0xDF, 0x3E, 0xF1, 0xE0, 0x7C, 0xFB, 0xF7, 0xDF, 0x3E, 0xF9, 0xF7, 0xCF, 0xBE, 0x7D, 0xE7,
    0xDF, 0x3E, 0xF1, 0xE0, 0x0F, 0x80, 0x3E, 0x00, 0xF8, 0x03, 0xE0, 0x0F, 0x80, 0x3E, 0x0F, 0xFF,
    0xFF, 0xFF, 0xFF, 0xFF, 0xFF, 0xF0, 0xF8, 0x03, 0xE0, 0x0F, 0x80, 0x3E, 0x00, 0xF8, 0x03, 0xE0,
    0x0F, 0x80, 0x3E, 0x00, 0xF8, 0x03, 0xE0, 0x0F, 0x80, 0x1E, 0x00, 0x78, 0x01, 0xE0, 0x07, 0x00,
    0x1C, 0x00, 0x0F, 0x80, 0x3E, 0x00, 0xF8, 0x03, 0xE0, 0x0F, 0x80, 0x3E, 0x0F, 0xFF, 0xFF, 0xFF,
    0xFF, 0xFF, 0xFF, 0xF0, 0xF8, 0x03, 0xE0, 0x0F, 0x80, 0x3E, 0x00, 0xF8, 0x3F, 0xFF, 0xFF, 0xFF,
    0xFF, 0xFF, 0xFF, 0xC3, 0xE0, 0x0F, 0x80, 0x3E, 0x00, 0x78, 0x01, 0xE0, 0x07, 0x00, 0x1C, 0x00,
    0x3E, 0x1F, 0xCF, 0xFB, 0xFE, 0xFF, 0xBF, 0xEF, 0xF9, 0xFC, 0x3E, 0x00, 0x3C, 0x0F, 0x81, 0xE3,
    0xF0, 0x7C, 0x1F, 0x9F, 0x87, 0xF0, 0xFC, 0xFC, 0x3F, 0x87, 0xE7, 0xE0, 0xF8, 0x3F, 0x1E, 0x07,
    0xC0, 0xF0, 0x3F, 0x80, 0xFC, 0x00, 0x00, 0xFF, 0x81, 0xF0, 0x00, 0x03, 0xFF, 0x87, 0xC0, 0x00,
    0x07, 0xDF, 0x0F, 0x80, 0x00, 0x0F, 0x1E, 0x3E, 0x00, 0x00, 0x1E, 0x3C, 0x7C, 0x00, 0x00, 0x3C,
    0x79, 0xF0, 0x00, 0x00, 0x78, 0xF7, 0xC0, 0x00, 0x00, 0xFB, 0xEF, 0x80, 0x00, 0x01, 0xFF, 0xFE,
    0x7E, 0x07, 0xF1, 0xFF, 0x7F, 0xFE, 0x1F, 0xF1, 0xFD, 0xF7, 0xFE, 0x7F, 0xE0, 0x07, 0xFF, 0x7C,
    0xFB, 0xE0, 0x0F, 0xBC, 0x7D, 0xE3, 0xC0, 0x3E, 0x78, 0xFB, 0xC7, 0x80, 0x7C, 0xF1, 0xF7, 0x8F,
    0x01, 0xF1, 0xE3, 0xEF, 0x1E, 0x03, 0xE3, 0xEF, 0x9F, 0x7C, 0x0F, 0x83, 0xFF, 0x3F, 0xF0, 0x3F,
    0x07, 0xFC, 0x3F, 0xE0, 0x7C, 0x03, 0xF0, 0x3F, 0x80, 0x06, 0x03, 0xE0, 0xF8, 0x7E, 0x3F, 0x0F,
    0xC7, 0xE3, 0xF8, 0x7E, 0x0F, 0xC3, 0xF0, 0x7E, 0x0F, 0x83, 0xE0, 0x60, 0x18, 0x1F, 0x07, 0xC1,
    0xF8, 0x3F, 0x07, 0xE1, 0xF8, 0x3F, 0x1F, 0x87, 0xE3, 0xF1, 0xF8, 0x7C, 0x1F, 0x01, 0x80, 0x00,
    0x1F, 0x00, 0x0F, 0x80, 0x0F, 0x80, 0x07, 0xC0, 0x07, 0xC0, 0x03, 0xE0, 0x03, 0xE0, 0x01, 0xF0,
    0x01, 0xF0, 0x00, 0xF8, 0x00, 0xF8, 0x00, 0x7C, 0x00, 0x7C, 0x00, 0x3E, 0x00, 0x3E, 0x00, 0x1F,
    0x00, 0x1F, 0x00, 0x0F, 0x80, 0x0F, 0x80, 0x07, 0xC0, 0x07, 0xC0, 0x03, 0xE0, 0x00, 0x3C, 0x7E,
    0x7F, 0x7F, 0x7E, 0x7E, 0x18, 0x00, 0x00, 0x00, 0x00, 0x00, 0x00, 0x7E, 0x7E, 0x7E, 0x7E, 0x3E,
    0x3E, 0x3F, 0x3F, 0x1F, 0x1F, 0x1F, 0x87, 0xF9, 0xFF, 0x3D, 0xFF, 0x1F, 0xE3, 0xFC, 0x7F, 0x8F,
    0xF1, 0xEF, 0x7D, 0xFF, 0x1F, 0xE1, 0xF8, 0x07, 0xC1, 0xF8, 0x7F, 0x1F, 0xE3, 0xBC, 0xF7, 0xBF,
    0xFF, 0xFF, 0xFF, 0xE0, 0x78, 0x0F, 0x01, 0xE0, 0x3F, 0xC7, 0xF8, 0xFF, 0x1C, 0x03, 0x80, 0xFF,
    0x1F, 0xF3, 0xFE, 0x03, 0xCC, 0x79, 0xFF, 0x3F, 0xE7, 0xF8, 0x07, 0xC3, 0xF8, 0xFF, 0x1F, 0x87,
    0xC0, 0xFF, 0x1F, 0xF3, 0xDF, 0x79, 0xEF, 0x7D, 0xFF, 0x1F, 0xE1, 0xF8, 0x7F, 0xEF, 0xFD, 0xFF,
    0x81, 0xE0, 0x7C, 0x0F, 0x03, 0xC0, 0x78, 0x1F, 0x03, 0xC0, 0x78, 0x0F, 0x00, 0x3F, 0x8F, 0xF9,
    0xFF, 0xBD, 0xF7, 0x9C, 0xFF, 0x8F, 0xF3, 0xFE, 0xF1, 0xFF, 0x7F, 0xFF, 0xBF, 0xE3, 0xF8, 0x3F,
    0x8F, 0xF9, 0xFF, 0x3D, 0xF7, 0x1E, 0xF3, 0xDF, 0xF9, 0xFF, 0x03, 0xC3, 0xF9, 0xFE, 0x3F, 0x83,
    0xE0, 0x1F, 0x87, 0xF9, 0xFF, 0x3D, 0xFF, 0x1F, 0xE3, 0xFC, 0x7F, 0x8F, 0xF1, 0xEF, 0x7D, 0xFF,
    0x1F, 0xE1, 0xF8, 0x0F, 0x3F, 0xFF, 0xFF, 0xFF, 0x6F, 0x0F, 0x0F, 0x0F, 0x0F, 0x0F, 0x0F, 0x0F,
    0x3F, 0x3F, 0xE7, 0xFD, 0xDF, 0x03, 0xC1, 0xF0, 0xF8, 0x7C, 0x3E, 0x1F, 0x07, 0xFD, 0xFF, 0x7F,
    0xC0, 0x7F, 0x1F, 0xE7, 0xFD, 0xDF, 0x07, 0xC7, 0xE1, 0xF8, 0x7F, 0x03, 0xD8, 0xF7, 0xFF, 0xFF,
    0x7F, 0x00, 0x07, 0xC1, 0xF8, 0x7F, 0x1F, 0xE3, 0xBC, 0xF7, 0xBF, 0xFF, 0xFF, 0xFF, 0xE0, 0x78,
    0x0F, 0x01, 0xE0, 0x3F, 0xC7, 0xF8, 0xFF, 0x1C, 0x03, 0x80, 0xFF, 0x1F, 0xF3, 0xFE, 0x03, 0xCC,
    0x79, 0xFF, 0x3F, 0xE7, 0xF8, 0x07, 0xC3, 0xF8, 0xFF, 0x1F, 0x87, 0xC0, 0xFF, 0x1F, 0xF3, 0xDF,
    0x79, 0xEF, 0x7D, 0xFF, 0x1F, 0xE1, 0xF8, 0x7F, 0xEF, 0xFD, 0xFF, 0x81, 0xE0, 0x7C, 0x0F, 0x03,
    0xC0, 0x78, 0x1F, 0x03, 0xC0, 0x78, 0x0F, 0x00, 0x3F, 0x8F, 0xF9, 0xFF, 0xBD, 0xF7, 0x9C, 0xFF,
    0x8F, 0xF3, 0xFE, 0xF1, 0xFF, 0x7F, 0xFF, 0xBF, 0xE3, 0xF8, 0x3F, 0x8F, 0xF9, 0xFF, 0x3D, 0xF7,
    0x1E, 0xF3, 0xDF, 0xF9, 0xFF, 0x03, 0xC3, 0xF9, 0xFE, 0x3F, 0x83, 0xE0, 0xFF, 0xFC, 0x3F, 0xFF,
    0xFC, 0x7F, 0xFF, 0xF8, 0xFF, 0xFF, 0xF9, 0xFF, 0xC0, 0xF3, 0xFF, 0x81, 0xE7, 0xFF, 0x7B, 0xCF,
    0xFE, 0xF7, 0x9F, 0xFD, 0xEF, 0x3F, 0xFB, 0xDE, 0x7F, 0xF7, 0xBC, 0xFF, 0xEF, 0x79, 0xFF, 0xDE,
    0xF7, 0xFF, 0xBC, 0x0F, 0xFF, 0x78, 0x3F, 0xFE, 0xFF, 0xFE, 0xFD, 0xFF, 0xFD, 0xFB, 0xFF, 0xF3,
    0xF7, 0xFF, 0x80, 0x01, 0xFF, 0x01, 0xFF, 0x81, 0xFF, 0xC1, 0xFF, 0xE1, 0xFE, 0x60, 0xFC, 0x00,
    0x7C, 0x01, 0xFF, 0xF8, 0xFF, 0xFC, 0x7F, 0xFE, 0x0F, 0x80, 0x07, 0xC0, 0x0F, 0xFF, 0x87, 0xFF,
    0xC3, 0xFF, 0xE0, 0x7E, 0x00, 0x1F, 0xC7, 0x0F, 0xFF, 0x83, 0xFF, 0xE0, 0xFF, 0xF0, 0x1F, 0xF0,
    0xFF, 0xFF, 0xFF, 0xFF, 0xFF, 0xFF, 0xFF, 0xFF, 0xFF, 0x03, 0xF0, 0x00, 0xFD, 0x00, 0x3F, 0xE0,
    0x0F, 0xF8, 0x03, 0xFE, 0x03, 0xFE, 0x01, 0xFF, 0x00, 0x7F, 0xF0, 0x1F, 0xFE, 0x00, 0xFF, 0x80,
    0x7F, 0xE0, 0x7F, 0xE0, 0x1F, 0xF0, 0x07, 0xFC, 0x00, 0xFF, 0x00, 0x0F, 0xC0, 0x03, 0xF0, 0x00,
    0x0F, 0xF0, 0x1F, 0xFE, 0x07, 0xFF, 0x83, 0xFF, 0xC1, 0xE7, 0xE0, 0x01, 0xF8, 0x00, 0xFD, 0xFF,
    0xFF, 0xFF, 0xFF, 0xFF, 0xFF, 0xC1, 0xFE, 0x01, 0xFC, 0x0F, 0xFF, 0xFF, 0xFF, 0xFF, 0xFF, 0xFE,
    0x7C, 0x04, 0x3F, 0x1E, 0x1F, 0xFF, 0x8F, 0xFF, 0xC3, 0xFF, 0xE0, 0x7F, 0xE0, 0xFF, 0xFF, 0xFF,
    0xFF, 0xFF, 0xFF, 0xF8, 0x07, 0xF0, 0x00, 0x7C, 0x3F, 0xFF, 0xEF, 0xFF, 0xFB, 0xFF, 0xFC, 0x00,
    0xFC, 0x01, 0xFF, 0x0F, 0xFF, 0x83, 0xFF, 0xC0, 0xFF, 0xC0, 0x3F, 0x80, 0x07, 0xF0, 0x00, 0xFE,
    0x00, 0x1F, 0xC0, 0x03, 0xF8, 0x00, 0x7F, 0x00, 0x0F, 0xC0, 0x01, 0xF8, 0x00, 0x1F, 0xF0, 0x1F,
    0xFC, 0x0F, 0xFF, 0x07, 0xFF, 0xC1, 0x8F, 0xF0, 0x01, 0xF8, 0x00, 0x7C, 0x00, 0x3E, 0x0F, 0xFF,
    0x8F, 0xFF, 0xCF, 0xFF, 0xEF, 0xFF, 0xFF, 0xE3, 0xFF, 0xE0, 0xFF, 0xE0, 0x7D, 0xF0, 0x3E, 0xF8,
    0x3F, 0x7F, 0x3F, 0x3F, 0xFF, 0x8F, 0xFF, 0x83, 0xFF, 0x80, 0xFF, 0x00, 0x00, 0xF8, 0x00, 0x03,
    0xF0, 0x00, 0x1F, 0xC0, 0x00, 0x7F, 0x80, 0x03, 0xFE, 0x00, 0x0F, 0xFC, 0x00, 0x7F, 0xF0, 0x01,
    0xF7, 0xC0, 0x07, 0xCF, 0x80, 0x3E, 0x3E, 0x00, 0xF8, 0xFC, 0x07, 0xE1, 0xF0, 0x1F, 0x07, 0xE0,
    0x7C, 0x1F, 0x83, 0xF0, 0x3E, 0x0F, 0x80, 0xFC, 0x7E, 0x03, 0xF1, 0xFF, 0xFF, 0xC7, 0xFF, 0xFF,
    0xBF, 0xFF, 0xFE, 0xFF, 0xFF, 0xF8, 0xFF, 0xFF, 0xFF, 0xFF, 0xFF, 0xFF, 0xFF, 0xFF, 0xFF, 0xFF,
    0xC0, 0x7F, 0xF8, 0x0F, 0xFF, 0x01, 0xFF, 0xE0, 0x3F, 0xFC, 0x07, 0xFF, 0x80, 0xFF, 0xF0, 0x1F,
    0xFE, 0x03, 0xFF, 0xC0, 0x7F, 0xF8, 0x0F, 0xFF, 0x01, 0xFF, 0xE0, 0x3F, 0xFC, 0x07, 0xFF, 0x80,
    0xFF, 0xF0, 0x1F, 0xFE, 0x03, 0xFF, 0xC0, 0x7F, 0xF8, 0x0F, 0xFF, 0x01, 0xFF, 0xE0, 0x3F, 0xFC,
    0x07, 0xE0, 0xFF, 0xFF, 0xFF, 0xFF, 0xFF, 0xFF, 0xEF, 0xFF, 0xF7, 0xE0, 0x01, 0xF8, 0x00, 0x7E,
    0x00, 0x3F, 0x80, 0x0F, 0xC0, 0x03, 0xF0, 0x00, 0xFC, 0x00, 0x7E, 0x00, 0x3F, 0x00, 0x3F, 0x00,
    0x3F, 0x00, 0x1F, 0x80, 0x1F, 0x80, 0x1F, 0x80, 0x0F, 0xC0, 0x0F, 0xC0, 0x0F, 0xFF, 0xFF, 0xFF,
    0xFF, 0xFF, 0xFF, 0xFF, 0xFF, 0xFF, 0xFE, 0xFF, 0xFE, 0xFF, 0xFE, 0xFF, 0xFE, 0x00, 0x1F, 0x00,
    0x0F, 0x80, 0x0F, 0x80, 0x07, 0xC0, 0x07, 0xC0, 0x03, 0xE0, 0x03, 0xE0, 0x01, 0xF0, 0x01, 0xF0,
    0x00, 0xF8, 0x00, 0xF8, 0x00, 0x7C, 0x00, 0x7C, 0x00, 0x3E, 0x00, 0x3E, 0x00, 0x1F, 0x00, 0x1F,
    0x00, 0x0F, 0x80, 0x0F, 0x80, 0x07, 0xC0, 0x07, 0xC0, 0x03, 0xE0, 0x00, 0x3C, 0xFD, 0xFB, 0xF7,
    0xE7, 0x80, 0x00, 0x01, 0xF0, 0x00, 0x1F, 0x00, 0x03, 0xE0, 0x00, 0x3E, 0x00, 0x03, 0xE0, 0x00,
    0x7C, 0x00, 0x07, 0xC0, 0x00, 0x7C, 0x00, 0x0F, 0x80, 0x00, 0xF8, 0x0F, 0x0F, 0x87, 0xF1, 0xF0,
    0x7F, 0x9F, 0x07, 0xF9, 0xF0, 0x7F, 0xFE, 0x07, 0xFF, 0xE0, 0x07, 0xFC, 0x00, 0x3F, 0xC0, 0x03,
    0xFC, 0x00, 0x1F, 0x80, 0x01, 0xF8, 0x00, 0x0F, 0x80, 0x1F, 0x9F, 0x87, 0xFF, 0xF9, 0xFF, 0xFF,
    0xBF, 0xFD, 0xF7, 0x8F, 0x1E, 0xF1, 0xE3, 0xDF, 0xFE, 0xFB, 0xFF, 0xFF, 0x3F, 0xFF, 0xC3, 0xE3,
    0xF0, 0x00, 0x00, 0x1F, 0xC1, 0xFE, 0x1F, 0xF0, 0xFF, 0x87, 0xE0, 0x3E, 0x01, 0xF0, 0x0F, 0x80,
    0x7C, 0x03, 0xE0, 0x1F, 0x00, 0xF8, 0x07, 0xC0, 0x3E, 0x01, 0xF0, 0x0F, 0x80, 0x7C, 0x03, 0xE0,
    0x1F, 0x00, 0xF8, 0x07, 0xC0, 0x3E, 0x03, 0xF0, 0x3F, 0x87, 0xF8, 0x3F, 0xC1, 0xFC, 0x0F, 0xC0,
    0x00, 0x00, 0x1F, 0x87, 0x9F, 0xF7, 0xDF, 0xFF, 0xEF, 0xFF, 0xE7, 0x9F, 0xF3, 0x83, 0xF0, 0x00,
    0x00, 0x3F, 0x0F, 0x3F, 0xEF, 0xBF, 0xFF, 0xDF, 0xFF, 0xCF, 0x3F, 0xE7, 0x07, 0xE0, 0x00, 0x38,
    0x00, 0x3C, 0x00, 0x7C, 0x00, 0x78, 0xFF, 0xFE, 0xFF, 0xFE, 0xFF, 0xFE, 0xFF, 0xFE, 0x03, 0xC0,
    0x03, 0xC0, 0x07, 0x80, 0xFF, 0xFE, 0xFF, 0xFE, 0xFF, 0xFE, 0xFF, 0xFE, 0x1E, 0x00, 0x3C, 0x00,
    0x3C, 0x00, 0x18, 0x00, 0x00, 0x1C, 0x01, 0xFE, 0x0F, 0xFE, 0xFF, 0xFE, 0xFF, 0xFE, 0xFF, 0xFC,
    0xFF, 0xE0, 0xFE, 0x00, 0xFF, 0xC0, 0xFF, 0xFC, 0xFF, 0xFE, 0xFF, 0xFE, 0x0F, 0xFE, 0x01, 0xFE,
    0x00, 0x1C, 0x00, 0x00, 0xFF, 0xFE, 0xFF, 0xFE, 0xFF, 0xFE, 0xFF, 0xFE, 0x78, 0x00, 0x7F, 0x00,
    0x7F, 0xF0, 0xFF, 0xFE, 0xFF, 0xFE, 0x7F, 0xFE, 0x07, 0xFE, 0x00, 0xFE, 0x07, 0xFE, 0x3F, 0xFE,
    0xFF, 0xFE, 0xFF, 0xFE, 0x7F, 0xF0, 0x7F, 0x00, 0x78, 0x00, 0x00, 0x00, 0xFF, 0xFE, 0xFF, 0xFE,
    0xFF, 0xFE, 0xFF, 0xFE, 0x1F, 0xE0, 0xFF, 0x1F, 0xF8, 0xFF, 0x9F, 0xF8, 0xFF, 0xDF, 0xFC, 0xFF,
    0xEF, 0xE6, 0x7F, 0x37, 0xE0, 0x3E, 0x03, 0xE0, 0x1F, 0x01, 0xF0, 0x0F, 0x80, 0xFF, 0xE7, 0xFF,
    0x7F, 0xF3, 0xFF, 0xBF, 0xF9, 0xFF, 0xDF, 0xFC, 0xFF, 0xEF, 0x80, 0x7C, 0x07, 0xC0, 0x3E, 0x03,
    0xE0, 0x1F, 0x01, 0xF0, 0x0F, 0x80, 0xF8, 0x07, 0xC0, 0x7C, 0x03, 0xE0, 0x3E, 0x01, 0xF0, 0x1F,
    0x00, 0xF8, 0x0F, 0x80, 0x7C, 0x07, 0xC0, 0x3E, 0x03, 0xE0, 0x1F, 0x01, 0xF0, 0x0F, 0x80, 0x1F,
    0xE7, 0xC7, 0xFC, 0xF9, 0xFF, 0xBF, 0xFF, 0xF3, 0xEF, 0xE4, 0x7D, 0xF8, 0x00, 0x3E, 0x00, 0x07,
    0xC0, 0x00, 0xFF, 0xE7, 0xDF, 0xFC, 0xFB, 0xFF, 0x9F, 0x7F, 0xF3, 0xEF, 0x80, 0x7D, 0xF0, 0x0F,
    0xBE, 0x01, 0xF7, 0xC0, 0x3E, 0xF8, 0x07, 0xDF, 0x00, 0xFB, 0xE0, 0x1F, 0x7C, 0x03, 0xEF, 0x80,
    0x7D, 0xF0, 0x0F, 0xBE, 0x01, 0xF7, 0xC0, 0x3E, 0x1F, 0xE7, 0xC1, 0xFF, 0x3E, 0x1F, 0xF9, 0xF1,
    0xFF, 0xCF, 0x8F, 0xE4, 0x7C, 0x7E, 0x03, 0xE3, 0xE0, 0x1F, 0x1F, 0x00, 0xF8, 0xFF, 0xE7, 0xC7,
    0xFF, 0x3E, 0x3F, 0xF9, 0xF1, 0xFF, 0xCF, 0x8F, 0x80, 0x7C, 0x7C, 0x03, 0xE3, 0xE0, 0x1F, 0x1F,
    0x00, 0xF8, 0xF8, 0x07, 0xC7, 0xC0, 0x3E, 0x3E, 0x01, 0xF1, 0xF0, 0x0F, 0xEF, 0x80, 0x7F, 0xFC,
    0x03, 0xFB, 0xE0, 0x0F, 0xDF, 0x00, 0x3E, 0x1F, 0xE0, 0xFF, 0x3E, 0x3F, 0xF1, 0xFF, 0x3E, 0x7F,
    0xE3, 0xFF, 0x7F, 0xFF, 0xE7, 0xFF, 0x3E, 0xFE, 0x67, 0xF2, 0x3E, 0xFC, 0x07, 0xC0, 0x00, 0xF8,
    0x07, 0xC0, 0x00, 0xF8, 0x07, 0xC0, 0x00, 0xFF, 0xE7, 0xFF, 0x3E, 0xFF, 0xE7, 0xFF, 0x3E, 0xFF,
    0xE7, 0xFF, 0x3E, 0xFF, 0xE7, 0xFF, 0x3E, 0xF8, 0x07, 0xC0, 0x3E, 0xF8, 0x07, 0xC0, 0x3E, 0xF8,
    0x07, 0xC0, 0x3E, 0xF8, 0x07, 0xC0, 0x3E, 0xF8, 0x07, 0xC0, 0x3E, 0xF8, 0x07, 0xC0, 0x3E, 0xF8,
    0x07, 0xC0, 0x3E, 0xF8, 0x07, 0xC0, 0x3E, 0xF8, 0x07, 0xC0, 0x3E, 0xF8, 0x07, 0xC0, 0x3E, 0xF8,
    0x07, 0xC0, 0x3E, 0xF8, 0x07, 0xC0, 0x3E, 0x1F, 0xE0, 0xFF, 0x3E, 0x0F, 0xFC, 0x7F, 0xCF, 0x87,
    0xFE, 0x3F, 0xF3, 0xE3, 0xFF, 0x9F, 0xFC, 0xF8, 0xFE, 0x67, 0xF2, 0x3E, 0x3F, 0x01, 0xF0, 0x0F,
    0x8F, 0x80, 0x7C, 0x03, 0xE3, 0xE0, 0x1F, 0x00, 0xF8, 0xFF, 0xE7, 0xFF, 0x3E, 0x3F, 0xF9, 0xFF,
    0xCF, 0x8F, 0xFE, 0x7F, 0xF3, 0xE3, 0xFF, 0x9F, 0xFC, 0xF8, 0xF8, 0x07, 0xC0, 0x3E, 0x3E, 0x01,
    0xF0, 0x0F, 0x8F, 0x80, 0x7C, 0x03, 0xE3, 0xE0, 0x1F, 0x00, 0xF8, 0xF8, 0x07, 0xC0, 0x3E, 0x3E,
    0x01, 0xF0, 0x0F, 0x8F, 0x80, 0x7C, 0x03, 0xE3, 0xE0, 0x1F, 0x00, 0xFE, 0xF8, 0x07, 0xC0, 0x3F,
    0xFE, 0x01, 0xF0, 0x0F, 0xEF, 0x80, 0x7C, 0x01, 0xFB, 0xE0, 0x1F, 0x00, 0x3E, 0x00, 0x00, 0x00,
    0x70, 0x00, 0x00, 0x07, 0xE7, 0x80, 0x00, 0x0F, 0xBE, 0x00, 0x00, 0x3E, 0xF8, 0x00, 0x00, 0xFB,
    0xE0, 0x00, 0x01, 0xFF, 0x80, 0x00, 0x07, 0xFE, 0x00, 0x00, 0x1F, 0xFC, 0x00, 0x00, 0xFF, 0xFC,
    0x00, 0x3F, 0xEF, 0xFF, 0xFF, 0xFF, 0x9F, 0xFF, 0xFF, 0xFC, 0x3F, 0xFF, 0xFF, 0xE0, 0x3F, 0xFF,
    0xFE, 0x00, 0x1F, 0xFF, 0x80, 0x00, 0x00, 0x00, 0x00, 0x00, 0x00, 0x00, 0x00, 0x00, 0x00, 0x00,
    0x00, 0x03, 0xDE, 0x00, 0x00, 0x0F, 0x78, 0x00, 0x00, 0x3D, 0xE0, 0x00, 0x00, 0x63, 0x00, 0x00,
    0x00, 0x70, 0x00, 0x00, 0x03, 0xE0, 0x00, 0x00, 0x0F, 0x80, 0x00, 0x00, 0x1C, 0x00, 0x00, 0x00,
    0x00, 0x00, 0x00, 0x01, 0xE0, 0x00, 0x00, 0x00, 0x0F, 0x80, 0x00, 0x00, 0x00, 0x3E, 0x00, 0x00,
    0x07, 0x00, 0xF8, 0x00, 0x00, 0x3F, 0x03, 0xE0, 0x00, 0x01, 0xFC, 0x0F, 0x80, 0x00, 0x0F, 0xE0,
    0x3F, 0x00, 0x00, 0xFF, 0xC0, 0xFF, 0x00, 0x1F, 0xFF, 0xF3, 0xFF, 0xFF, 0xFF, 0xFF, 0xE7, 0xFF,
    0xFF, 0xFE, 0xFF, 0xCF, 0xFF, 0xFF, 0xE1, 0xFE, 0x0F, 0xFF, 0xFE, 0x03, 0xF8, 0x07, 0xFF, 0x80,
    0x00, 0x80, 0x00, 0x00, 0x00, 0x00, 0x00, 0x00, 0x00, 0x00, 0x00, 0x00, 0x00, 0x00, 0x00, 0x00,
    0x00, 0xF7, 0x80, 0x00, 0x00, 0x03, 0xDE, 0x00, 0x00, 0x00, 0x0F, 0x78, 0x00, 0x00, 0x00, 0x18,
    0xC0, 0x00, 0x00, 0x00, 0x1C, 0x00, 0x00, 0x00, 0x00, 0xF8, 0x00, 0x00, 0x00, 0x03, 0xC0, 0x00,
    0x00, 0x00, 0x07, 0x00, 0x00, 0x00, 0x07, 0x07, 0xE1, 0xF8, 0x3E, 0x0F, 0x83, 0xE0, 0xFC, 0x1F,
    0x07, 0xC3, 0xFF, 0xFB, 0xFE, 0xFF, 0xBF, 0xCF, 0xC2, 0x00, 0x00, 0x08, 0x07, 0x7B, 0xFE, 0xF7,
    0x9C, 0xC1, 0xC0, 0x78, 0x1E, 0x07, 0x00, 0x07, 0x80, 0x07, 0xC0, 0x0F, 0xC0, 0x0F, 0x80, 0x0F,
    0x80, 0x1F, 0xC0, 0xFF, 0xFC, 0xFF, 0xFE, 0xFF, 0xFF, 0xFD, 0xFF, 0xF8, 0xFE, 0x80, 0x08, 0x00,
    0x00, 0x10, 0x00, 0x3B, 0xC0, 0x7F, 0xC0, 0x7B, 0xC0, 0x39, 0x80, 0x0E, 0x00, 0x0F, 0x00, 0x0F,
    0x00, 0x0E, 0x00, 0x00, 0x1C, 0x00, 0x00, 0x00, 0x30, 0x00, 0x00, 0x00, 0xFC, 0x00, 0x00, 0x03,
    0xF8, 0x00, 0x00, 0x0F, 0xF0, 0x00, 0x00, 0x7B, 0x80, 0x00, 0x03, 0xFE, 0x00, 0x00, 0x0F, 0xF0,
    0x00, 0x00, 0x1F, 0x00, 0x00, 0x00, 0x00, 0x01, 0xC0, 0x00, 0x00, 0x1F, 0x9E, 0x00, 0x00, 0x3E,
    0xF8, 0x00, 0x00, 0xFB, 0xE0, 0x00, 0x03, 0xEF, 0x80, 0x00, 0x07, 0xFE, 0x00, 0x00, 0x1F, 0xF8,
    0x00, 0x00, 0x7F, 0xF0, 0x00, 0x03, 0xFF, 0xF0, 0x00, 0xFF, 0xBF, 0xFF, 0xFF, 0xFE, 0x7F, 0xFF,
    0xFF, 0xF0, 0xFF, 0xFF, 0xFF, 0x80, 0xFF, 0xFF, 0xF8, 0x00, 0x7F, 0xFE, 0x00, 0x00, 0x0E, 0x00,
    0x00, 0x00, 0x00, 0x38, 0x00, 0x00, 0x00, 0x00, 0xFE, 0x00, 0x00, 0x00, 0x03, 0xFC, 0x00, 0x00,
    0x00, 0x0F, 0xF0, 0x00, 0x00, 0x00, 0x39, 0xC0, 0x00, 0x00, 0x01, 0xFF, 0x00, 0x00, 0x00, 0x07,
    0xF8, 0x00, 0x00, 0x00, 0x0F, 0x80, 0x00, 0x00, 0x00, 0x00, 0x00, 0x00, 0x00, 0x00, 0x00, 0x00,
    0x00, 0x1E, 0x00, 0x00, 0x00, 0x00, 0xF8, 0x00, 0x00, 0x00, 0x03, 0xE0, 0x00, 0x00, 0x70, 0x0F,
    0x80, 0x00, 0x03, 0xF0, 0x3E, 0x00, 0x00, 0x1F, 0xC0, 0xF8, 0x00, 0x00, 0xFE, 0x03, 0xF0, 0x00,
    0x0F, 0xFC, 0x0F, 0xF0, 0x01, 0xFF, 0xFF, 0x3F, 0xFF, 0xFF, 0xFF, 0xFE, 0x7F, 0xFF, 0xFF, 0xEF,
    0xFC, 0xFF, 0xFF, 0xFE, 0x1F, 0xE0, 0xFF, 0xFF, 0xE0, 0x3F, 0x80, 0x7F, 0xF8, 0x00, 0x08, 0x70,
    0x38, 0x1F, 0xCF, 0xF7, 0xFB, 0xDF, 0xFF, 0xFE, 0x7C, 0x00, 0x00, 0x01, 0xC3, 0xE1, 0xF8, 0x7C,
    0x3E, 0x1F, 0x0F, 0xC3, 0xE1, 0xF1, 0xFF, 0xFF, 0xFD, 0xFE, 0xFE, 0x7E, 0x20, 0x00, 0x0E, 0x00,
    0x0E, 0x00, 0x0F, 0xE0, 0x0F, 0xF0, 0x0F, 0xF0, 0x0E, 0x70, 0x1F, 0xF0, 0x1F, 0xE0, 0x0F, 0x80,
    0x00, 0x00, 0x00, 0x00, 0x00, 0x00, 0x07, 0x80, 0x07, 0xC0, 0x0F, 0xC0, 0x0F, 0x80, 0x0F, 0x80,
    0x1F, 0xC0, 0xFF, 0xFC, 0xFF, 0xFE, 0xFF, 0xFF, 0xFD, 0xFF, 0xF8, 0xFE, 0x80, 0x08, 0x3F, 0x80,
    0x01, 0xFF, 0xE0, 0x07, 0xFF, 0xF0, 0x1F, 0xFF, 0xFC, 0x7F, 0xFF, 0xF0, 0x01, 0xFF, 0xC0, 0x01,
    0xFF, 0x80, 0x3F, 0xFE, 0x01, 0xFF, 0xE0, 0x1F, 0xF8, 0x00, 0xFF, 0x00, 0x07, 0xF0, 0x00, 0x3F,
    0x80, 0x00, 0xFC, 0x00, 0x07, 0xE3, 0x70, 0x1F, 0x1F, 0xC0, 0xFC, 0x37, 0x03, 0xE0, 0x70, 0x0F,
    0x81, 0xC0, 0x3E, 0x07, 0x00, 0xFC, 0x00, 0x03, 0xF0, 0x00, 0x07, 0xF0, 0x01, 0x1F, 0xFC, 0xFE,
    0x3F, 0xFF, 0xF8, 0x7F, 0xFF, 0xE0, 0xFF, 0xFF, 0x80, 0xFF, 0xF8, 0x00, 0x3E, 0x00, 0x3F, 0x80,
    0x00, 0x0F, 0xFF, 0x00, 0x01, 0xFF, 0xFC, 0x00, 0x3F, 0xFF, 0xF8, 0x07, 0xFF, 0xFF, 0x00, 0x00,
    0xFF, 0xE0, 0x00, 0x07, 0xFE, 0x00, 0x07, 0xFF, 0xC0, 0x01, 0xFF, 0xE0, 0x00, 0xFF, 0xFC, 0x00,
    0x3F, 0xC7, 0xC0, 0x0F, 0xE0, 0xFF, 0xC3, 0xF8, 0x1F, 0xFC, 0x7E, 0x01, 0xFF, 0xDF, 0x8D, 0xDF,
    0xFB, 0xE3, 0xF9, 0xFE, 0xFC, 0x37, 0x01, 0x1F, 0x03, 0x80, 0x03, 0xE0, 0x70, 0x00, 0x7C, 0x0E,
    0x00, 0x0F, 0xC0, 0x00, 0x01, 0xF8, 0x00, 0x00, 0x1F, 0xC0, 0x04, 0x03, 0xFF, 0x9F, 0xC0, 0x3F,
    0xFF, 0xF8, 0x03, 0xFF, 0xFF, 0x00, 0x3F, 0xFF, 0xE0, 0x01, 0xFF, 0xF0, 0x00, 0x03, 0xE0, 0x00,
    0x3F, 0x80, 0x0F, 0xFC, 0x00, 0xFF, 0xE0, 0x1F, 0xFF, 0x83, 0xFF, 0xFE, 0x00, 0xFF, 0xC0, 0x03,
    0xF8, 0x01, 0xFF, 0x01, 0xFF, 0xFF, 0xFF, 0xE3, 0xFF, 0xF0, 0x7F, 0xF8, 0x0F, 0xFC, 0x01, 0xFC,
    0x00, 0x20, 0x00, 0x00, 0x00, 0x00, 0x00, 0x10, 0x00, 0xF7, 0x00, 0x1E, 0xF0, 0x03, 0xDE, 0x00,
    0x33, 0x80, 0x03, 0xC0, 0x00, 0x78, 0x00, 0x0F, 0x00, 0x00, 0xE0, 0x00, 0x3F, 0x80, 0x00, 0xFF,
    0xC0, 0x00, 0xFF, 0xE0, 0x01, 0xFF, 0xF8, 0x03, 0xFF, 0xFE, 0x00, 0x0F, 0xFC, 0x00, 0x03, 0xF8,
    0x00, 0x1F, 0xF0, 0x01, 0xFF, 0xE1, 0xFF, 0xFF, 0xF3, 0xFF, 0xFF, 0xFF, 0xFF, 0xBF, 0xFF, 0xFC,
    0x3F, 0xFF, 0xC0, 0x3F, 0xE0, 0x00, 0x02, 0x00, 0x00, 0x00, 0x02, 0x00, 0x00, 0x0E, 0xF0, 0x00,
    0x3F, 0xE0, 0x00, 0x7B, 0xC0, 0x00, 0x73, 0x00, 0x00, 0x38, 0x00, 0x00, 0x78, 0x00, 0x00, 0xF0,
    0x00, 0x01, 0xC0, 0x00, 0x1C, 0x00, 0x70, 0x01, 0xFC, 0x07, 0xF8, 0x1F, 0xE0, 0x73, 0x87, 0xFC,
    0x1F, 0xF0, 0x1E, 0x00, 0x00, 0x00, 0x00, 0x00, 0x00, 0x01, 0xC0, 0x0F, 0x80, 0x7E, 0x00, 0xFC,
    0x03, 0xF0, 0x07, 0xE0, 0x0F, 0x80, 0x3F, 0x00, 0x7C, 0x01, 0xF0, 0x07, 0xDF, 0xFF, 0x7F, 0xFF,
    0xFF, 0xFF, 0xFF, 0x9F, 0xF8, 0x07, 0x00, 0x1C, 0x00, 0x01, 0xC0, 0x00, 0x1F, 0xC0, 0x01, 0xFE,
    0x00, 0x1F, 0xE0, 0x01, 0xCE, 0x00, 0x7F, 0xC0, 0x07, 0xFC, 0x00, 0x1E, 0x00, 0x00, 0x00, 0x00,
    0x00, 0x00, 0x00, 0x00, 0x00, 0x01, 0xC0, 0x00, 0x3E, 0x00, 0x07, 0xE0, 0x00, 0x3F, 0x00, 0x03,
    0xF0, 0x00, 0x1F, 0x80, 0x00, 0xF8, 0x00, 0x0F, 0xC0, 0x00, 0x7C, 0x00, 0x07, 0xC0, 0x00, 0x7E,
    0x07, 0xFF, 0xFC, 0x7F, 0xFF, 0xEF, 0xFF, 0xFF, 0xFF, 0xFF, 0xF7, 0xFE, 0x7E, 0x07, 0x00, 0x80,
    0x00, 0x00, 0x03, 0x80, 0x1F, 0x00, 0x7C, 0x00, 0xE0, 0x1E, 0xF0, 0x7B, 0xC1, 0xEF, 0x07, 0xBC,
    0x00, 0x00, 0x00, 0x00, 0x00, 0x00, 0x60, 0x07, 0xC0, 0x3F, 0x00, 0x7C, 0x01, 0xF8, 0x03, 0xE0,
    0x0F, 0x80, 0x3E, 0x00, 0xF8, 0x03, 0xE0, 0x1F, 0x80, 0x7E, 0x03, 0xF0, 0x3F, 0xC3, 0xFE, 0x1F,
    0xF0, 0x7F, 0x81, 0xF8, 0x03, 0x80, 0x00, 0x00, 0x00, 0x00, 0x00, 0x3C, 0x00, 0x07, 0x80, 0x00,
    0xF0, 0x00, 0x1E, 0x00, 0x0E, 0x70, 0x03, 0xFF, 0x00, 0x7F, 0xE0, 0x07, 0x38, 0x00, 0x00, 0x00,
    0x00, 0x00, 0x00, 0x00, 0x00, 0x06, 0x00, 0x03, 0xE0, 0x00, 0xFC, 0x00, 0x0F, 0x80, 0x01, 0xF8,
    0x00, 0x1F, 0x00, 0x03, 0xF0, 0x00, 0x7F, 0xC0, 0x0F, 0xFE, 0x01, 0xFF, 0xC0, 0x7F, 0xF8, 0x0F,
    0xFE, 0x03, 0xF1, 0x01, 0xFE, 0x00, 0xFF, 0x80, 0x3F, 0xE0, 0x07, 0xF8, 0x00, 0xFC, 0x00, 0x0E,
    0x00, 0x00, 0x00, 0x00, 0x03, 0x80, 0x0E, 0x00, 0x3F, 0x80, 0xFF, 0x03, 0xFC, 0x0E, 0x70, 0x7F,
    0xC1, 0xFE, 0x03, 0xE0, 0x00, 0x00, 0x00, 0x00, 0x00, 0x00, 0x60, 0x07, 0xC0, 0x3F, 0x00, 0x7C,
    0x01, 0xF8, 0x03, 0xE0, 0x0F, 0x80, 0x3E, 0x00, 0xF8, 0x03, 0xE0, 0x1F, 0x80, 0x7E, 0x03, 0xF0,
    0x3F, 0xC3, 0xFE, 0x1F, 0xF0, 0x7F, 0x81, 0xF8, 0x03, 0x80, 0x00, 0x00, 0x03, 0x00, 0x00, 0x70,
    0x00, 0x0F, 0xE0, 0x01, 0xFC, 0x00, 0x3F, 0xC0, 0x07, 0x38, 0x03, 0xFE, 0x00, 0x7F, 0xC0, 0x03,
    0xC0, 0x00, 0x00, 0x00, 0x00, 0x00, 0x00, 0x00, 0x00, 0x06, 0x00, 0x03, 0xE0, 0x00, 0xFC, 0x00,
    0x0F, 0x80, 0x01, 0xF8, 0x00, 0x1F, 0x00, 0x03, 0xF0, 0x00, 0x7F, 0xC0, 0x0F, 0xFE, 0x01, 0xFF,
    0xC0, 0x7F, 0xF8, 0x0F, 0xFE, 0x03, 0xF1, 0x01, 0xFE, 0x00, 0xFF, 0x80, 0x3F, 0xE0, 0x07, 0xF8,
    0x00, 0xFC, 0x00, 0x0E, 0x00, 0x00, 0x00, 0x00, 0x00, 0x00, 0x00, 0x40, 0x00, 0x00, 0x1E, 0x00,
    0x00, 0x07, 0xE0, 0x00, 0x01, 0xFF, 0x00, 0x00, 0x7F, 0xF0, 0x00, 0x0F, 0xFC, 0x00, 0x03, 0xFF,
    0x00, 0x00, 0x3F, 0xC0, 0x00, 0x03, 0xF0, 0x00, 0x00, 0x3F, 0x00, 0x00, 0x03, 0xFC, 0x07, 0x80,
    0x1F, 0xE0, 0xF8, 0x00, 0xFE, 0x0F, 0x80, 0x07, 0xF0, 0xF8, 0x00, 0x3F, 0x8F, 0x80, 0x01, 0xF8,
    0xF8, 0x00, 0x0F, 0xCF, 0xC0, 0x00, 0xFC, 0xFF, 0x00, 0x1F, 0xCF, 0xFF, 0xFF, 0xFC, 0x7F, 0xFF,
    0xFF, 0x83, 0xFF, 0xFF, 0xF0, 0x0F, 0xFF, 0xFE, 0x00, 0x1F, 0xFE, 0x00, 0x00, 0x00, 0x00, 0x00,
    0x00, 0x00, 0x01, 0xC0, 0x00, 0x00, 0x07, 0xE0, 0x00, 0x00, 0x1F, 0xE0, 0x00, 0x00, 0x7F, 0xE0,
    0x00, 0x01, 0xFF, 0xC0, 0x00, 0x03, 0xFF, 0x00, 0x00, 0x07, 0xFC, 0x00, 0x00, 0x07, 0xF0, 0x00,
    0x00, 0x07, 0xF0, 0x00, 0x00, 0x03, 0xF8, 0x00, 0x78, 0x01, 0xFC, 0x00, 0xF8, 0x00, 0xFE, 0x00,
    0xF8, 0x00, 0x7E, 0x00, 0xF8, 0x00, 0x3F, 0x00, 0xF8, 0x00, 0x1F, 0x80, 0xF8, 0x00, 0x1F, 0x80,
    0xFC, 0x00, 0x0F, 0xC0, 0xFF, 0x00, 0x1F, 0xFC, 0xFF, 0xFF, 0xFF, 0xFE, 0x7F, 0xFF, 0xFF, 0xFF,
    0x3F, 0xFF, 0xFF, 0xFF, 0x0F, 0xFF, 0xFE, 0x7E, 0x01, 0xFF, 0xF0, 0x08, 0x00, 0x08, 0x00, 0x70,
    0x03, 0xF0, 0x1F, 0xE0, 0xFF, 0xE7, 0xFF, 0x1F, 0xF8, 0x3F, 0xC0, 0xFE, 0x01, 0xFC, 0x01, 0xFC,
    0x01, 0xFC, 0x01, 0xFC, 0x01, 0xFC, 0x01, 0xFC, 0x01, 0xF8, 0x01, 0xF0, 0x03, 0xF3, 0xFF, 0xE7,
    0xFF, 0x8F, 0xFF, 0x1F, 0xFC, 0x3F, 0xE0, 0x7C, 0x00, 0x00, 0x08, 0x00, 0x07, 0x00, 0x03, 0xF0,
    0x01, 0xFE, 0x00, 0xFF, 0xE0, 0x7F, 0xF0, 0x1F, 0xF8, 0x03, 0xFC, 0x00, 0xFE, 0x00, 0x1F, 0xC0,
    0x01, 0xFC, 0x00, 0x1F, 0xC0, 0x01, 0xFC, 0x00, 0x1F, 0xC0, 0x01, 0xF8, 0x00, 0x1F, 0x80, 0x01,
    0xF8, 0x00, 0x3F, 0x83, 0xFF, 0xFE, 0x7F, 0xFF, 0xEF, 0xFF, 0xFF, 0xFF, 0xFF, 0xFF, 0xE3, 0xF7,
    0xC0, 0x08, 0x00, 0x00, 0x00, 0x00, 0x00, 0x00, 0x30, 0x00, 0x00, 0x0F, 0x80, 0x00, 0x03, 0xF8,
    0x00, 0x00, 0xFF, 0x00, 0x00, 0x3F, 0xC4, 0x00, 0x07, 0xF1, 0xE0, 0x00, 0x7C, 0x7E, 0x00, 0x03,
    0x1F, 0xF0, 0x00, 0x07, 0xFF, 0x00, 0x00, 0xFF, 0xC0, 0x00, 0x3F, 0xF0, 0x00, 0x03, 0xFC, 0x00,
    0x00, 0x3F, 0x00, 0x00, 0x03, 0xF0, 0x00, 0x00, 0x3F, 0xC0, 0x78, 0x01, 0xFE, 0x0F, 0x80, 0x0F,
    0xE0, 0xF8, 0x00, 0x7F, 0x0F, 0x80, 0x03, 0xF8, 0xF8, 0x00, 0x1F, 0x8F, 0x80, 0x00, 0xFC, 0xFC,
    0x00, 0x0F, 0xCF, 0xF0, 0x01, 0xFC, 0xFF, 0xFF, 0xFF, 0xC7, 0xFF, 0xFF, 0xF8, 0x3F, 0xFF, 0xFF,
    0x00, 0xFF, 0xFF, 0xE0, 0x01, 0xFF, 0xE0, 0x00, 0x00, 0x00, 0x00, 0x00, 0x00, 0x00, 0x07, 0x00,
    0x00, 0x00, 0x1F, 0x00, 0x00, 0x00, 0x7F, 0x80, 0x00, 0x00, 0xFF, 0x00, 0x00, 0x03, 0xFC, 0x00,
    0x00, 0x0F, 0xF1, 0xC0, 0x00, 0x07, 0xC7, 0xE0, 0x00, 0x07, 0x1F, 0xE0, 0x00, 0x00, 0x7F, 0xE0,
    0x00, 0x01, 0xFF, 0xC0, 0x00, 0x03, 0xFF, 0x00, 0x00, 0x07, 0xFC, 0x00, 0x00, 0x07, 0xF0, 0x00,
    0x00, 0x07, 0xF0, 0x00, 0x00, 0x03, 0xF8, 0x00, 0x78, 0x01, 0xFC, 0x00, 0xF8, 0x00, 0xFE, 0x00,
    0xF8, 0x00, 0x7E, 0x00, 0xF8, 0x00, 0x3F, 0x00, 0xF8, 0x00, 0x1F, 0x80, 0xF8, 0x00, 0x1F, 0x80,
    0xFC, 0x00, 0x0F, 0xC0, 0xFF, 0x00, 0x1F, 0xFC, 0xFF, 0xFF, 0xFF, 0xFE, 0x7F, 0xFF, 0xFF, 0xFF,
    0x3F, 0xFF, 0xFF, 0xFF, 0x0F, 0xFF, 0xFE, 0x7E, 0x01, 0xFF, 0xF0, 0x08, 0x00, 0x00, 0x00, 0x70,
    0x01, 0xF8, 0x03, 0xF8, 0x0F, 0xF0, 0x3F, 0xC4, 0x7F, 0x1C, 0x7C, 0x7E, 0x71, 0xFE, 0x07, 0xFF,
    0x1F, 0xFC, 0x3F, 0xF0, 0x3F, 0xC0, 0x7F, 0x00, 0x7F, 0x00, 0x3F, 0x80, 0x1F, 0xC0, 0x0F, 0xE0,
    0x07, 0xF0, 0x03, 0xF8, 0x01, 0xF8, 0x00, 0xF8, 0x00, 0xFC, 0x7F, 0xFC, 0x7F, 0xF8, 0x7F, 0xF8,
    0x7F, 0xF0, 0x7F, 0xC0, 0x7C, 0x00, 0x00, 0x00, 0x00, 0x07, 0x00, 0x01, 0xF8, 0x00, 0x3F, 0x80,
    0x0F, 0xF0, 0x03, 0xFC, 0x40, 0x7F, 0x1C, 0x07, 0xC7, 0xE0, 0x71, 0xFE, 0x00, 0x7F, 0xF0, 0x1F,
    0xFC, 0x03, 0xFF, 0x00, 0x3F, 0xC0, 0x07, 0xF0, 0x00, 0x7F, 0x00, 0x03, 0xF8, 0x00, 0x1F, 0xC0,
    0x00, 0xFE, 0x00, 0x07, 0xF0, 0x00, 0x3F, 0x00, 0x01, 0xF8, 0x00, 0x0F, 0xC0, 0x00, 0xFE, 0x07,
    0xFF, 0xFC, 0x7F, 0xFF, 0xE7, 0xFF, 0xFF, 0x7F, 0xFF, 0xF7, 0xFC, 0x7E, 0x7C, 0x00, 0x80, 0x00,
    0x00, 0x30, 0x00, 0x03, 0xC0, 0x00, 0x1F, 0x80, 0x00, 0x7E, 0x30, 0x00, 0xF8, 0xF0, 0x03, 0xF7,
    0xC0, 0x0F, 0xDF, 0x00, 0x1F, 0x7C, 0x00, 0x7D, 0xF0, 0x01, 0xFF, 0xC0, 0x07, 0xFF, 0x00, 0x3F,
    0x7C, 0x00, 0xF9, 0xF8, 0x07, 0xE7, 0xFF, 0xFF, 0x8F, 0xFF, 0xFC, 0x3F, 0xFF, 0xE0, 0x7F, 0xFF,
    0x00, 0x7F, 0xF0, 0x00, 0x1C, 0x00, 0x00, 0x00, 0x30, 0x00, 0x00, 0x1F, 0x80, 0x00, 0x00, 0xF8,
    0x03, 0x00, 0x0F, 0x80, 0x3C, 0x00, 0xFC, 0x07, 0xC0, 0x0F, 0xC0, 0x7C, 0x00, 0x7F, 0xC7, 0xC0,
    0x07, 0xFF, 0x7C, 0x00, 0x7F, 0xFF, 0xC0, 0x07, 0xFF, 0xFC, 0x00, 0x7F, 0xE7, 0xC0, 0x0F, 0xC4,
    0x7E, 0x01, 0xF8, 0x07, 0xFF, 0xFF, 0x80, 0x3F, 0xFF, 0xF0, 0x03, 0xFF, 0xFE, 0x00, 0x1F, 0xFF,
    0xC0, 0x00, 0x7F, 0xF0, 0x00, 0x00, 0x70, 0x00, 0x00, 0x06, 0x00, 0x3E, 0x00, 0xFC, 0x07, 0xF8,
    0x0F, 0xF0, 0x7F, 0xC3, 0xFF, 0x8F, 0xFE, 0x7C, 0xFD, 0xF1, 0xF7, 0x87, 0xFF, 0x1F, 0x7F, 0xFD,
    0xFF, 0xF7, 0xFF, 0x8F, 0xFC, 0x1F, 0xE0, 0x00, 0x00, 0x00, 0xC0, 0x00, 0x3F, 0xC0, 0x07, 0xFF,
    0x00, 0x7F, 0xF8, 0x07, 0xFF, 0xC0, 0x3F, 0xFF, 0x03, 0xF0, 0xF8, 0x1F, 0x07, 0xE0, 0xF8, 0x1F,
    0xE7, 0xC0, 0xFF, 0xDF, 0x03, 0xFE, 0xF8, 0x1F, 0xF7, 0x00, 0x3F, 0x80, 0x00, 0x30, 0x0E, 0x1F,
    0x0F, 0xC3, 0xE1, 0xF0, 0xF8, 0x7E, 0x1F, 0x0F, 0x8F, 0xFF, 0xFF, 0xEF, 0xF7, 0xF3, 0xF1, 0x10,
    0x1C, 0x1E, 0x0F, 0x07, 0xC3, 0xC0, 0x0E, 0x00, 0x03, 0xE0, 0x03, 0xFC, 0x06, 0x7F, 0x87, 0xFF,
    0xF3, 0xFF, 0xFE, 0x7F, 0xFF, 0xDF, 0xF4, 0xFB, 0xF8, 0x1F, 0x78, 0x01, 0xFF, 0x00, 0x3F, 0xE0,
    0x03, 0xFC, 0x00, 0x7F, 0x00, 0x07, 0xE0, 0x00, 0x78, 0x00, 0x04, 0x00, 0x00, 0x20, 0x00, 0x00,
    0xE0, 0x00, 0x01, 0xF0, 0x00, 0x07, 0xF0, 0x00, 0x0F, 0xF0, 0x00, 0x1F, 0xF0, 0x00, 0x7F, 0xF8,
    0x01, 0xFF, 0xF8, 0x03, 0xEF, 0xF8, 0x07, 0xCF, 0xF8, 0x0F, 0xBF, 0xF0, 0x1F, 0x7F, 0xF0, 0x3F,
    0xF3, 0xEE, 0x3F, 0xE7, 0xDF, 0xFF, 0xFF, 0xFF, 0xFF, 0xFF, 0xFF, 0xFF, 0xFD, 0xFF, 0xDF, 0xF0,
    0x78, 0x07, 0x00, 0x00, 0x1F, 0x00, 0x00, 0x3F, 0xC0, 0x00, 0x7F, 0xC0, 0x00, 0xFF, 0xE0, 0x01,
    0xFF, 0xE0, 0x01, 0xF3, 0xE0, 0x01, 0xF3, 0xE0, 0x03, 0xE3, 0xE0, 0x03, 0xE7, 0xC0, 0x03, 0xEF,
    0xC0, 0x7F, 0xFF, 0xFC, 0x7F, 0xFF, 0xFF, 0xFF, 0xFF, 0xFF, 0xFF, 0xFF, 0xFF, 0xFF, 0xE3, 0xFF,
    0x0F, 0xE1, 0xF4, 0x03, 0xF1, 0xF0, 0x03, 0xFF, 0xF0, 0x01, 0xFF, 0xF0, 0x00, 0xFF, 0xF0, 0x00,
    0x7F, 0xE0, 0x00, 0x3F, 0xC0, 0x02, 0x00, 0x00, 0xE0, 0x00, 0x1F, 0x00, 0x07, 0xF0, 0x00, 0xFF,
    0x00, 0x3F, 0xF0, 0x07, 0xFF, 0x81, 0xFF, 0xF8, 0x3E, 0xFF, 0x87, 0x8F, 0xF8, 0xFB, 0xFF, 0x1F,
    0x7F, 0xF3, 0xFF, 0x3F, 0xFF, 0xE7, 0xFF, 0xFF, 0xFF, 0xFF, 0xFF, 0xFF, 0xFF, 0xDF, 0xBF, 0xF2,
    0x00, 0x70, 0x00, 0x01, 0xF8, 0x00, 0x1F, 0xE0, 0x01, 0xFF, 0x80, 0x1F, 0xFC, 0x00, 0xFF, 0xE0,
    0x0F, 0xDF, 0x00, 0x7C, 0xF8, 0x03, 0xE7, 0xC0, 0x3F, 0x3E, 0x01, 0xF3, 0xE0, 0x3F, 0xFF, 0xF9,
    0xFF, 0xFF, 0xEF, 0xFF, 0xFF, 0xFF, 0xFF, 0xFF, 0xF8, 0xFF, 0xD7, 0xE1, 0xF8, 0x3F, 0x0F, 0x80,
    0xFF, 0xFC, 0x07, 0xFF, 0xE0, 0x1F, 0xFE, 0x00, 0x7F, 0xE0, 0x00, 0xFE, 0x00, 0x00, 0xF8, 0x00,
    0x00, 0x0F, 0xF0, 0x00, 0x00, 0xFF, 0x80, 0x00, 0x07, 0xFE, 0x00, 0x00, 0x7F, 0xF0, 0x00, 0x07,
    0xEF, 0xC0, 0x00, 0x7E, 0x3E, 0x00, 0x07, 0xE1, 0xF0, 0x00, 0x7E, 0x06, 0x00, 0x03, 0xE0, 0x00,
    0x00, 0x3F, 0x00, 0x00, 0x01, 0xFE, 0x00, 0x03, 0xF7, 0xFF, 0xFF, 0xFF, 0xBF, 0xFF, 0xFF, 0xFC,
    0xFF, 0xFF, 0xFF, 0xE1, 0xFF, 0xFF, 0xFE, 0x01, 0xFF, 0xFF, 0x00, 0x00, 0x03, 0xE0, 0x0F, 0xFF,
    0x83, 0xFF, 0xFC, 0x3F, 0xFF, 0xE7, 0xFF, 0xFF, 0x3F, 0xFF, 0xE3, 0xFC, 0x00, 0x1F, 0x00, 0x00,
    0xF8, 0x00, 0x07, 0xFC, 0x1F, 0x3F, 0xFF, 0xF9, 0xFF, 0xFF, 0xC7, 0xFF, 0xFE, 0x0F, 0xFF, 0xF0,
    0x03, 0xF8, 0x00, 0x0F, 0x80, 0x00, 0x00, 0xFC, 0x00, 0x00, 0x07, 0xC0, 0x00, 0x00, 0x38, 0x00,
    0x00, 0x01, 0xFC, 0x00, 0x00, 0x0F, 0xE0, 0x00, 0x00, 0x7F, 0x00, 0x00, 0x03, 0xE0, 0x00, 0x00,
    0x00, 0x00, 0x00, 0x00, 0x07, 0xC0, 0x00, 0x00, 0x7F, 0x80, 0x00, 0x07, 0xFC, 0x00, 0x00, 0x3F,
    0xF0, 0x00, 0x03, 0xFF, 0x80, 0x00, 0x3F, 0x7E, 0x00, 0x03, 0xF1, 0xF0, 0x00, 0x3F, 0x0F, 0x80,
    0x03, 0xF0, 0x30, 0x00, 0x1F, 0x00, 0x00, 0x01, 0xF8, 0x00, 0x00, 0x0F, 0xF0, 0x00, 0x1F, 0xBF,
    0xFF, 0xFF, 0xFD, 0xFF, 0xFF, 0xFF, 0xE7, 0xFF, 0xFF, 0xFF, 0x0F, 0xFF, 0xFF, 0xF0, 0x0F, 0xFF,
    0xF8, 0x00, 0x1F, 0x00, 0x01, 0xF8, 0x00, 0x0F, 0x80, 0x00, 0x70, 0x00, 0x03, 0xF8, 0x00, 0x1F,
    0xC0, 0x00, 0xFE, 0x00, 0x07, 0xC0, 0x00, 0x00, 0x03, 0xE0, 0x0F, 0xFF, 0x83, 0xFF, 0xFC, 0x3F,
    0xFF, 0xE7, 0xFF, 0xFF, 0x3F, 0xFF, 0xE3, 0xFC, 0x00, 0x1F, 0x00, 0x00, 0xF8, 0x00, 0x07, 0xFC,
    0x1F, 0x3F, 0xFF, 0xF9, 0xFF, 0xFF, 0xC7, 0xFF, 0xFE, 0x0F, 0xFF, 0xF0, 0x03, 0xF8, 0x00, 0x00,
    0x00, 0x7F, 0x00, 0x00, 0x7F, 0xE0, 0x00, 0x3F, 0xF8, 0x00, 0x1F, 0xFE, 0x00, 0x07, 0xFF, 0x00,
    0x03, 0xF0, 0x00, 0x00, 0xF8, 0x00, 0xC0, 0x3E, 0x00, 0x3C, 0x0F, 0x80, 0x1F, 0x03, 0xF8, 0x07,
    0xC0, 0xFF, 0x81, 0xF0, 0x1F, 0xF8, 0x7C, 0x03, 0xFF, 0x3F, 0x00, 0x1F, 0xCF, 0xC0, 0x01, 0xF1,
    0xF0, 0x00, 0xFC, 0x7E, 0x00, 0x7F, 0x1F, 0xFF, 0xFF, 0x83, 0xFF, 0xFF, 0xC0, 0xFF, 0xFF, 0xE0,
    0x0F, 0xFF, 0xF0, 0x01, 0xFF, 0xE0, 0x00, 0x07, 0x80, 0x00, 0x30, 0x00, 0x00, 0x03, 0xC0, 0x08,
    0x00, 0x7C, 0x00, 0xF0, 0x07, 0xC0, 0x0F, 0xFC, 0x7C, 0x00, 0xFF, 0xE7, 0xC0, 0x1F, 0xFF, 0xFC,
    0x00, 0xFF, 0xFF, 0xC0, 0x03, 0xFE, 0x7C, 0x00, 0x1F, 0x87, 0xE0, 0x03, 0xF0, 0x7F, 0xFF, 0xFF,
    0x03, 0xFF, 0xFF, 0xE0, 0x3F, 0xFF, 0xFC, 0x01, 0xFF, 0xFF, 0x80, 0x07, 0xFF, 0xE0, 0x00, 0x03,
    0xC0, 0x00, 0x07, 0x07, 0xE1, 0xF8, 0x3E, 0x0F, 0x83, 0xE0, 0xFC, 0x1F, 0x07, 0xC3, 0xFF, 0xFB,
    0xFE, 0xFF, 0xBF, 0xCF, 0xC2, 0x00, 0x00, 0x00, 0x0F, 0x3F, 0xFF, 0xFF, 0xFC, 0xF2, 0x10, 0x07,
    0x80, 0x07, 0xC0, 0x0F, 0xC0, 0x0F, 0x80, 0x0F, 0x80, 0x1F, 0xC0, 0xFF, 0xFC, 0xFF, 0xFE, 0xFF,
    0xFF, 0xFD, 0xFF, 0xF8, 0xFE, 0x80, 0x08, 0x00, 0x00, 0x00, 0x00, 0x79, 0xE0, 0x7F, 0xE0, 0x7F,
    0xE0, 0x79, 0xE0, 0x10, 0x80, 0x07, 0xE0, 0x3F, 0x81, 0xFE, 0x0F, 0xF8, 0x3F, 0xE1, 0xF8, 0x07,
    0xC0, 0x0F, 0x80, 0x3E, 0x78, 0xFF, 0xE1, 0xFF, 0xFF, 0xFF, 0xFF, 0xF9, 0xFF, 0x07, 0xE0, 0x1C,
    0x00, 0x3C, 0x07, 0xFE, 0xFF, 0xE6, 0x7E, 0x00, 0x00, 0x00, 0x00, 0x00, 0xF8, 0x1F, 0x80, 0xF8,
    0x0F, 0x80, 0xF8, 0x0F, 0x80, 0xF8, 0x0F, 0x80, 0xF8, 0x0F, 0x80, 0xF8, 0x0F, 0x80, 0xF8, 0x0F,
    0x80, 0xF8, 0x0F, 0x80, 0xF8, 0x0F, 0x80, 0xF8, 0x0F, 0x80, 0xF8, 0x3C, 0x00, 0xFF, 0xC3, 0xFF,
    0x83, 0x3F, 0x00, 0x00, 0x00, 0x00, 0x00, 0x00, 0x07, 0xC0, 0x0F, 0x80, 0x1F, 0x00, 0x3E, 0x00,
    0x7C, 0x00, 0xF8, 0x01, 0xF0, 0x03, 0xE0, 0x07, 0xC0, 0x0F, 0x80, 0x1F, 0x00, 0x3E, 0x00, 0x7C,
    0x00, 0xF8, 0x01, 0xF0, 0x03, 0xE0, 0x07, 0xC0, 0x0F, 0xC0, 0x1F, 0xF0, 0x3F, 0xF0, 0x3F, 0xF0,
    0x7F, 0xE0, 0x7F, 0x80, 0x04, 0x00, 0x7D, 0xFB, 0xE7, 0x0F, 0xEF, 0xFF, 0xFC, 0x00, 0x00, 0xFB,
    0xF3, 0xE7, 0xCF, 0x9F, 0x3E, 0x7C, 0xF9, 0xF3, 0xE7, 0xCF, 0x9F, 0x3E, 0x7C, 0xF9, 0xF3, 0xE7,
    0xCF, 0x80, 0x7C, 0x03, 0xE0, 0x3F, 0x01, 0xE0, 0x07, 0xE0, 0x3F, 0x03, 0xF8, 0x1F, 0x00, 0x00,
    0x00, 0x00, 0x0F, 0x80, 0x7C, 0x03, 0xE0, 0x1F, 0x00, 0xF8, 0x07, 0xC0, 0x3E, 0x01, 0xF0, 0x0F,
    0x80, 0x7C, 0x03, 0xE0, 0x1F, 0x00, 0xF8, 0x07, 0xC0, 0x3E, 0x01, 0xF0, 0x0F, 0x80, 0x7E, 0x03,
    0xFE, 0x1F, 0xF8, 0x7F, 0xE3, 0xFF, 0x0F, 0xF0, 0x02, 0x00, 0x07, 0xC0, 0x1F, 0x80, 0x3E, 0x00,
    0x70, 0x00, 0xFE, 0x01, 0xFC, 0x03, 0xF8, 0x07, 0xC0, 0x00, 0x00, 0x07, 0x80, 0x3F, 0xC0, 0xFF,
    0xC1, 0xFF, 0x87, 0xFF, 0x8F, 0xBF, 0x3E, 0x3E, 0x7C, 0x7C, 0xFF, 0xFD, 0xFF, 0xFB, 0xFF, 0xE3,
    0xFF, 0xC3, 0xFF, 0x80, 0x7F, 0x01, 0xFC, 0x7F, 0xF8, 0xFF, 0xE1, 0xFF, 0x83, 0xFC, 0x07, 0xE0,
    0x04, 0x00, 0x00, 0x07, 0xC0, 0x01, 0xF8, 0x00, 0x3E, 0x00, 0x07, 0x00, 0x00, 0xFE, 0x00, 0x1F,
    0xC0, 0x03, 0xF8, 0x00, 0x7C, 0x00, 0x00, 0x00, 0x00, 0x78, 0x00, 0x3F, 0xC0, 0x0F, 0xFC, 0x01,
    0xFF, 0x80, 0x7F, 0xF8, 0x0F, 0xBF, 0x03, 0xE3, 0xE0, 0x7C, 0x7C, 0x0F, 0xCF, 0xF1, 0xFF, 0xFF,
    0xBF, 0xFF, 0xF3, 0xFF, 0xFE, 0x3F, 0xFF, 0xC0, 0x7F, 0xE0, 0x1F, 0xC0, 0x7F, 0xF8, 0x0F, 0xFE,
    0x01, 0xFF, 0x80, 0x3F, 0xC0, 0x07, 0xE0, 0x00, 0x40, 0x00, 0x00, 0xFC, 0x7C, 0x7C, 0x7C, 0x7C,
    0x7C, 0x7C, 0x7C, 0x7C, 0x7C, 0x7C, 0x7C, 0x7C, 0x7C, 0x7C, 0x7C, 0x7C, 0x7C, 0x7C, 0x7C, 0x7C,
    0x7C, 0x7C, 0x00, 0x00, 0x3C, 0x7C, 0x7C, 0x70, 0x7E, 0x7F, 0x7F, 0x78, 0x00, 0x7C, 0x07, 0xC0,
    0x7C, 0x07, 0xC0, 0x7C, 0x07, 0xC0, 0x7C, 0x07, 0xC0, 0x7C, 0x07, 0xC0, 0x7C, 0x07, 0xC0, 0x7C,
    0x07, 0xC0, 0x7C, 0x07, 0xC0, 0x7C, 0x07, 0xE0, 0x7F, 0xC7, 0xFE, 0x3F, 0xF3, 0xFF, 0x1F, 0xE0,
    0x08, 0x00, 0x03, 0xE0, 0x7E, 0x07, 0xE0, 0x70, 0x07, 0xF0, 0x3F, 0x07, 0xF0, 0x7C, 0x00, 0x00,
    0x0F, 0x80, 0x00, 0x03, 0xE0, 0x00, 0x01, 0xF8, 0x07, 0xF0, 0x70, 0x07, 0xFE, 0x0F, 0xC3, 0xFF,
    0x83, 0xF1, 0xFF, 0xE1, 0xFC, 0x7F, 0xF0, 0x7C, 0x3F, 0x00, 0x00, 0x0F, 0x80, 0x0C, 0x03, 0xE0,
    0x03, 0xC0, 0xF8, 0x01, 0xF0, 0x3F, 0x80, 0x7C, 0x0F, 0xF8, 0x1F, 0x01, 0xFF, 0x87, 0xC0, 0x3F,
    0xF3, 0xF0, 0x01, 0xFC, 0xFC, 0x00, 0x1F, 0x1F, 0x00, 0x0F, 0xC7, 0xE0, 0x07, 0xF1, 0xFF, 0xFF,
    0xF8, 0x3F, 0xFF, 0xFC, 0x0F, 0xFF, 0xFE, 0x00, 0xFF, 0xFF, 0x00, 0x1F, 0xFE, 0x00, 0x00, 0x78,
    0x00, 0x00, 0x0F, 0x80, 0x00, 0x00, 0xF8, 0x00, 0x00, 0x1F, 0x80, 0x00, 0x01, 0xC0, 0x00, 0x00,
    0x0F, 0xC0, 0x00, 0x00, 0xFC, 0x00, 0x00, 0x1F, 0xC0, 0x00, 0x01, 0xF0, 0x00, 0x00, 0x00, 0x00,
    0x00, 0x03, 0x00, 0x00, 0x00, 0x3C, 0x00, 0x80, 0x07, 0xC0, 0x0F, 0x00, 0x7C, 0x00, 0xFF, 0xC7,
    0xC0, 0x0F, 0xFE, 0x7C, 0x01, 0xFF, 0xFF, 0xC0, 0x0F, 0xFF, 0xFC, 0x00, 0x3F, 0xE7, 0xC0, 0x01,
    0xF8, 0x7E, 0x00, 0x3F, 0x07, 0xFF, 0xFF, 0xF0, 0x3F, 0xFF, 0xFE, 0x03, 0xFF, 0xFF, 0xC0, 0x1F,
    0xFF, 0xF8, 0x00, 0x7F, 0xFE, 0x00, 0x00, 0x3C, 0x00, 0x00, 0x3C, 0x3E, 0x1F, 0x0E, 0x07, 0xE3,
    0xF3, 0xFC, 0xF0, 0x00, 0x07, 0x0F, 0x87, 0xE1, 0xF0, 0xF8, 0x7C, 0x3F, 0x0F, 0x87, 0xC7, 0xFF,
    0xFF, 0xF7, 0xFB, 0xF9, 0xF8, 0x80, 0x00, 0x0F, 0x00, 0x3E, 0x00, 0xFC, 0x01, 0xE0, 0x01, 0xF8,
    0x03, 0xF0, 0x0F, 0xE0, 0x0F, 0x00, 0x00, 0x00, 0x00, 0x00, 0x3E, 0x00, 0x7C, 0x00, 0xF8, 0x01,
    0xF0, 0x07, 0xE0, 0x0F, 0xC0, 0xFF, 0xF9, 0xFF, 0xFB, 0xFF, 0xFF, 0xFF, 0xFF, 0x9F, 0xD0, 0x02,
    0x00, 0xFD, 0xF7, 0xDF, 0x7D, 0xF7, 0xDF, 0x7D, 0xF7, 0xDF, 0x7D, 0xF7, 0xDF, 0x7D, 0xF7, 0xDF,
    0x7D, 0xF7, 0xC0, 0x7C, 0x07, 0xC0, 0x7C, 0x07, 0xC0, 0x7C, 0x07, 0xC0, 0x7C, 0x07, 0xC0, 0x7C,
    0x07, 0xC0, 0x7C, 0x07, 0xC0, 0x7C, 0x07, 0xC0, 0x7C, 0x07, 0xC0, 0x7C, 0x07, 0xE0, 0x7F, 0xC7,
    0xFE, 0x3F, 0xF3, 0xFF, 0x1F, 0xE0, 0x08, 0x00, 0x00, 0x00, 0x70, 0x00, 0x00, 0x07, 0xE7, 0x80,
    0x00, 0x0F, 0xBE, 0x00, 0x00, 0x3E, 0xF8, 0x00, 0x00, 0xFB, 0xE0, 0x00, 0x01, 0xFF, 0x80, 0x00,
    0x07, 0xFE, 0x00, 0x00, 0x1F, 0xFC, 0x00, 0x00, 0xFF, 0xFC, 0x00, 0x3F, 0xEF, 0xFF, 0xFF, 0xFF,
    0x9F, 0xFF, 0xFF, 0xFC, 0x3F, 0xFF, 0xFF, 0xE0, 0x3F, 0xFF, 0xFE, 0x00, 0x1F, 0xFF, 0x80, 0x00,
    0x00, 0x00, 0x00, 0x00, 0x00, 0x00, 0x00, 0x00, 0x00, 0x00, 0x00, 0x00, 0x78, 0x00, 0x00, 0x03,
    0xE0, 0x00, 0x00, 0x0F, 0x80, 0x00, 0x00, 0x1E, 0x00, 0x00, 0x00, 0x20, 0x00, 0x00, 0x00, 0x00,
    0x00, 0x00, 0x01, 0xE0, 0x00, 0x00, 0x00, 0x0F, 0x80, 0x00, 0x00, 0x00, 0x3E, 0x00, 0x00, 0x07,
    0x00, 0xF8, 0x00, 0x00, 0x3F, 0x03, 0xE0, 0x00, 0x01, 0xFC, 0x0F, 0x80, 0x00, 0x0F, 0xE0, 0x3F,
    0x00, 0x00, 0xFF, 0xC0, 0xFF, 0x00, 0x1F, 0xFF, 0xF3, 0xFF, 0xFF, 0xFF, 0xFF, 0xE7, 0xFF, 0xFF,
    0xFE, 0xFF, 0xCF, 0xFF, 0xFF, 0xE1, 0xFE, 0x0F, 0xFF, 0xFE, 0x03, 0xF8, 0x07, 0xFF, 0x80, 0x00,
    0x80, 0x00, 0x00, 0x00, 0x00, 0x00, 0x00, 0x00, 0x00, 0x00, 0x00, 0x00, 0x00, 0x00, 0x00, 0x00,
    0x1C, 0x00, 0x00, 0x00, 0x00, 0xF8, 0x00, 0x00, 0x00, 0x03, 0xE0, 0x00, 0x00, 0x00, 0x0F, 0x80,
    0x00, 0x00, 0x00, 0x08, 0x00, 0x00, 0x00, 0x0E, 0x1F, 0x0F, 0xC3, 0xE1, 0xF0, 0xF8, 0x7E, 0x1F,
    0x0F, 0x8F, 0xFF, 0xFF, 0xEF, 0xF7, 0xF3, 0xF1, 0x00, 0x00, 0x00, 0x0F, 0x0F, 0x87, 0xC1, 0xE0,
    0x60, 0x0F, 0x80, 0x1F, 0x00, 0x3E, 0x00, 0x7C, 0x01, 0xF8, 0x03, 0xF0, 0x3F, 0xFE, 0x7F, 0xFE,
    0xFF, 0xFF, 0xFF, 0xFF, 0xE7, 0xF4, 0x00, 0x80, 0x00, 0x00, 0x00, 0x03, 0xC0, 0x0F, 0x80, 0x1F,
    0x00, 0x3E, 0x00, 0x10, 0x00, 0x08, 0x60, 0xFB, 0xC3, 0xFF, 0x0F, 0xFC, 0x1C, 0xF0, 0x00, 0x00,
    0x00, 0x01, 0x80, 0x0F, 0x80, 0x3F, 0x01, 0xFE, 0x03, 0xFC, 0x1F, 0xF0, 0xFF, 0xE3, 0xFF, 0x9F,
    0x3F, 0x7C, 0x7D, 0xE1, 0xFF, 0xC7, 0xDF, 0xFF, 0x7F, 0xFD, 0xFF, 0xE3, 0xFF, 0x07, 0xF8, 0x00,
    0x00, 0x06, 0x18, 0x00, 0xF3, 0xC0, 0x0F, 0xFC, 0x00, 0xFF, 0xC0, 0x0F, 0x3C, 0x00, 0x00, 0x00,
    0x00, 0x00, 0x00, 0x00, 0x00, 0x00, 0x7C, 0x00, 0x07, 0xC0, 0x00, 0x7C, 0x00, 0x1F, 0xC0, 0x07,
    0xFC, 0x01, 0xFF, 0xE0, 0x3F, 0xFE, 0x07, 0xFF, 0xE0, 0x7E, 0x7E, 0x07, 0xC3, 0xE0, 0xFC, 0x3E,
    0x0F, 0xC3, 0xE0, 0x7F, 0xFE, 0x07, 0xFF, 0xE0, 0x3F, 0xFF, 0xC1, 0xFF, 0xFF, 0x07, 0xFF, 0xF0,
    0x01, 0xFF, 0x00, 0x07, 0xF0, 0x00, 0x0C, 0x00, 0x18, 0x40, 0x00, 0x00, 0xF7, 0x80, 0x00, 0x07,
    0xDF, 0x00, 0x00, 0x0F, 0x7C, 0x00, 0x00, 0x3D, 0xE0, 0x00, 0x00, 0x00, 0x01, 0xC0, 0x00, 0x00,
    0x1F, 0x9E, 0x00, 0x00, 0x3E, 0xF8, 0x00, 0x00, 0xFB, 0xE0, 0x00, 0x03, 0xEF, 0x80, 0x00, 0x07,
    0xFE, 0x00, 0x00, 0x1F, 0xF8, 0x00, 0x00, 0x7F, 0xF0, 0x00, 0x03, 0xFF, 0xF0, 0x00, 0xFF, 0xBF,
    0xFF, 0xFF, 0xFE, 0x7F, 0xFF, 0xFF, 0xF0, 0xFF, 0xFF, 0xFF, 0x80, 0xFF, 0xFF, 0xF8, 0x00, 0x7F,
    0xFE, 0x00, 0x00, 0x0C, 0x60, 0x00, 0x00, 0x00, 0x7B, 0xC0, 0x00, 0x00, 0x03, 0xEF, 0x80, 0x00,
    0x00, 0x0F, 0xBC, 0x00, 0x00, 0x00, 0x1E, 0xF0, 0x00, 0x00, 0x00, 0x00, 0x00, 0x00, 0x00, 0x00,
    0x00, 0x00, 0x00, 0x1E, 0x00, 0x00, 0x00, 0x00, 0xF8, 0x00, 0x00, 0x00, 0x03, 0xE0, 0x00, 0x00,
    0x70, 0x0F, 0x80, 0x00, 0x03, 0xF0, 0x3E, 0x00, 0x00, 0x1F, 0xC0, 0xF8, 0x00, 0x00, 0xFE, 0x03,
    0xF0, 0x00, 0x0F, 0xFC, 0x0F, 0xF0, 0x01, 0xFF, 0xFF, 0x3F, 0xFF, 0xFF, 0xFF, 0xFE, 0x7F, 0xFF,
    0xFF, 0xEF, 0xFC, 0xFF, 0xFF, 0xFE, 0x1F, 0xE0, 0xFF, 0xFF, 0xE0, 0x3F, 0x80, 0x7F, 0xF8, 0x00,
    0x08, 0x31, 0x8F, 0x7B, 0xEF, 0xFD, 0xF7, 0xBC, 0x00, 0x00, 0x00, 0x38, 0x1F, 0x03, 0xF0, 0x3E,
    0x07, 0xC0, 0xF8, 0x1F, 0x81, 0xF0, 0x3E, 0x0F, 0xCF, 0xF9, 0xFE, 0x3F, 0xC7, 0xF0, 0xFC, 0x10,
    0x00, 0x0C, 0x60, 0x3E, 0xF0, 0x3E, 0xF0, 0x3E, 0xF0, 0x1C, 0xF0, 0x00, 0x00, 0x00, 0x00, 0x00,
    0x00, 0x07, 0x80, 0x07, 0xC0, 0x0F, 0xC0, 0x0F, 0x80, 0x0F, 0x80, 0x1F, 0xC0, 0xFF, 0xFC, 0xFF,
    0xFE, 0xFF, 0xFF, 0xFD, 0xFF, 0xF8, 0xFE, 0x80, 0x08, 0x00, 0x00, 0x00, 0x00, 0x00, 0x1E, 0x00,
    0x00, 0x00, 0x78, 0x00, 0x00, 0x01, 0xE0, 0x00, 0x00, 0x07, 0x80, 0x00, 0x00, 0x73, 0x80, 0x00,
    0x03, 0xFE, 0x00, 0x00, 0x0F, 0xF8, 0x00, 0x00, 0x1C, 0xE0, 0x00, 0x00, 0x00, 0x01, 0xC0, 0x00,
    0x00, 0x1F, 0x9E, 0x00, 0x00, 0x3E, 0xF8, 0x00, 0x00, 0xFB, 0xE0, 0x00, 0x03, 0xEF, 0x80, 0x00,
    0x07, 0xFE, 0x00, 0x00, 0x1F, 0xF8, 0x00, 0x00, 0x7F, 0xF0, 0x00, 0x03, 0xFF, 0xF0, 0x00, 0xFF,
    0xBF, 0xFF, 0xFF, 0xFE, 0x7F, 0xFF, 0xFF, 0xF0, 0xFF, 0xFF, 0xFF, 0x80, 0xFF, 0xFF, 0xF8, 0x00,
    0x7F, 0xFE, 0x00, 0x00, 0x00, 0x00, 0x00, 0x00, 0x00, 0x0E, 0x00, 0x00, 0x00, 0x00, 0x7C, 0x00,
    0x00, 0x00, 0x01, 0xF0, 0x00, 0x00, 0x00, 0x03, 0x80, 0x00, 0x00, 0x00, 0x7B, 0xC0, 0x00, 0x00,
    0x01, 0xEF, 0x00, 0x00, 0x00, 0x07, 0xBC, 0x00, 0x00, 0x00, 0x1E, 0xF0, 0x00, 0x00, 0x00, 0x00,
    0x00, 0x00, 0x00, 0x00, 0x00, 0x00, 0x00, 0x1E, 0x00, 0x00, 0x00, 0x00, 0xF8, 0x00, 0x00, 0x00,
    0x03, 0xE0, 0x00, 0x00, 0x70, 0x0F, 0x80, 0x00, 0x03, 0xF0, 0x3E, 0x00, 0x00, 0x1F, 0xC0, 0xF8,
    0x00, 0x00, 0xFE, 0x03, 0xF0, 0x00, 0x0F, 0xFC, 0x0F, 0xF0, 0x01, 0xFF, 0xFF, 0x3F, 0xFF, 0xFF,
    0xFF, 0xFE, 0x7F, 0xFF, 0xFF, 0xEF, 0xFC, 0xFF, 0xFF, 0xFE, 0x1F, 0xE0, 0xFF, 0xFF, 0xE0, 0x3F,
    0x80, 0x7F, 0xF8, 0x00, 0x08, 0x00, 0x0F, 0x0F, 0x83, 0xC1, 0xC3, 0xBF, 0xDF, 0xEF, 0xF7, 0x80,
    0x00, 0x01, 0xC3, 0xE1, 0xF8, 0x7C, 0x3E, 0x1F, 0x0F, 0xC3, 0xE1, 0xF1, 0xFF, 0xFF, 0xFD, 0xFE,
    0xFE, 0x7E, 0x20, 0x00, 0x00, 0x00, 0x03, 0x80, 0x07, 0xC0, 0x07, 0xC0, 0x03, 0x80, 0x1E, 0xF0,
    0x1E, 0xF0, 0x1E, 0xF0, 0x1E, 0xF0, 0x00, 0x00, 0x00, 0x00, 0x00, 0x00, 0x07, 0x80, 0x07, 0xC0,
    0x0F, 0xC0, 0x0F, 0x80, 0x0F, 0x80, 0x1F, 0xC0, 0xFF, 0xFC, 0xFF, 0xFE, 0xFF, 0xFF, 0xFD, 0xFF,
    0xF8, 0xFE, 0x80, 0x08, 0x3F, 0x80, 0x03, 0xFF, 0x80, 0x1F, 0xFF, 0x80, 0xFF, 0xFF, 0xE7, 0xFF,
    0xFF, 0x00, 0x3F, 0xF8, 0x00, 0xFF, 0xC0, 0x1F, 0xFE, 0x03, 0xFF, 0xC0, 0x3F, 0xE0, 0x03, 0xFC,
    0x00, 0x3F, 0x80, 0x03, 0xF0, 0x00, 0x3F, 0x00, 0x01, 0xF8, 0x30, 0x0F, 0x83, 0xC0, 0xFC, 0x3E,
    0x07, 0xC1, 0xF0, 0x3E, 0x07, 0x81, 0xF0, 0x18, 0x0F, 0xC0, 0x00, 0x7E, 0x00, 0x01, 0xF8, 0x00,
    0xCF, 0xFC, 0x7E, 0x3F, 0xFF, 0xF0, 0xFF, 0xFF, 0xC3, 0xFF, 0xFE, 0x07, 0xFF, 0xC0, 0x07, 0xC0,
    0x00, 0x3F, 0x80, 0x00, 0x1F, 0xFC, 0x00, 0x07, 0xFF, 0xE0, 0x01, 0xFF, 0xFF, 0xC0, 0x7F, 0xFF,
    0xF0, 0x00, 0x1F, 0xFC, 0x00, 0x03, 0xFF, 0x00, 0x03, 0xFF, 0xC0, 0x03, 0xFF, 0xC0, 0x01, 0xFF,
    0xF0, 0x00, 0xFF, 0x3E, 0x00, 0x7F, 0x0F, 0xFC, 0x3F, 0x01, 0xFF, 0xDF, 0x80, 0x7F, 0xF7, 0xE0,
    0xCF, 0xFD, 0xF0, 0x79, 0xFE, 0xFC, 0x3E, 0x02, 0x3E, 0x0F, 0x80, 0x0F, 0x81, 0xE0, 0x03, 0xE0,
    0x30, 0x00, 0xFC, 0x00, 0x00, 0x3F, 0x00, 0x00, 0x07, 0xE0, 0x03, 0x01, 0xFF, 0x8F, 0xC0, 0x3F,
    0xFF, 0xF0, 0x07, 0xFF, 0xFE, 0x00, 0xFF, 0xFF, 0x80, 0x0F, 0xFF, 0x80, 0x00, 0x7C, 0x00, 0x00,
    0x3F, 0x80, 0x0F, 0xFC, 0x00, 0xFF, 0xE0, 0x1F, 0xFF, 0x83, 0xFF, 0xFE, 0x00, 0xFF, 0xC0, 0x03,
    0xF8, 0x01, 0xFF, 0x01, 0xFF, 0xFF, 0xFF, 0xE3, 0xFF, 0xF0, 0x7F, 0xF8, 0x0F, 0xFC, 0x01, 0xFC,
    0x00, 0x20, 0x00, 0x00, 0x00, 0x00, 0x00, 0x00, 0x00, 0x3C, 0x00, 0x07, 0xC0, 0x00, 0xF8, 0x00,
    0x1E, 0x00, 0x00, 0x80, 0x00, 0x3F, 0x80, 0x00, 0xFF, 0xC0, 0x00, 0xFF, 0xE0, 0x01, 0xFF, 0xF8,
    0x03, 0xFF, 0xFE, 0x00, 0x0F, 0xFC, 0x00, 0x03, 0xF8, 0x00, 0x1F, 0xF0, 0x01, 0xFF, 0xE1, 0xFF,
    0xFF, 0xF3, 0xFF, 0xFF, 0xFF, 0xFF, 0xBF, 0xFF, 0xFC, 0x3F, 0xFF, 0xC0, 0x3F, 0xE0, 0x00, 0x02,
    0x00, 0x00, 0x00, 0x00, 0x00, 0x00, 0x03, 0xC0, 0x00, 0x0F, 0x80, 0x00, 0x1F, 0x00, 0x00, 0x1E,
    0x00, 0x00, 0x18, 0x00, 0x00, 0x3F, 0x80, 0x03, 0xFF, 0x80, 0x1F, 0xFF, 0x80, 0xFF, 0xFF, 0xE7,
    0xFF, 0xFF, 0x00, 0x3F, 0xF8, 0x00, 0xFF, 0xC0, 0x1F, 0xFE, 0x03, 0xFF, 0xC0, 0x3F, 0xE0, 0x03,
    0xFC, 0x00, 0x3F, 0x80, 0x03, 0xF0, 0x00, 0x3F, 0x00, 0x01, 0xF8, 0x00, 0x0F, 0x80, 0x00, 0xFC,
    0x00, 0x07, 0xC0, 0x00, 0x3E, 0x00, 0x01, 0xF0, 0x00, 0x0F, 0xC0, 0x00, 0x7E, 0x00, 0x01, 0xF8,
    0x00, 0xCF, 0xFC, 0x7E, 0x3F, 0xFF, 0xF0, 0xFF, 0xFF, 0xC3, 0xFF, 0xFE, 0x07, 0xFF, 0xC0, 0x07,
    0xC0, 0x00, 0x3F, 0x80, 0x00, 0x1F, 0xFC, 0x00, 0x07, 0xFF, 0xE0, 0x01, 0xFF, 0xFF, 0xC0, 0x7F,
    0xFF, 0xF0, 0x00, 0x1F, 0xFC, 0x00, 0x03, 0xFF, 0x00, 0x03, 0xFF, 0xC0, 0x03, 0xFF, 0xC0, 0x01,
    0xFF, 0xF0, 0x00, 0xFF, 0x3E, 0x00, 0x7F, 0x0F, 0xFC, 0x3F, 0x01, 0xFF, 0xDF, 0x80, 0x7F, 0xF7,
    0xE0, 0x0F, 0xFD, 0xF0, 0x01, 0xFE, 0xFC, 0x00, 0x02, 0x3E, 0x00, 0x00, 0x0F, 0x80, 0x00, 0x03,
    0xE0, 0x00, 0x00, 0xFC, 0x00, 0x00, 0x3F, 0x00, 0x00, 0x07, 0xE0, 0x03, 0x01, 0xFF, 0x8F, 0xC0,
    0x3F, 0xFF, 0xF0, 0x07, 0xFF, 0xFE, 0x00, 0xFF, 0xFF, 0x80, 0x0F, 0xFF, 0x80, 0x00, 0x7C, 0x00,
    0x00, 0x3F, 0x80, 0x0F, 0xFC, 0x00, 0xFF, 0xE0, 0x1F, 0xFF, 0x83, 0xFF, 0xFE, 0x00, 0xFF, 0xC0,
    0x03, 0xF8, 0x01, 0xFF, 0x01, 0xFF, 0xFF, 0xFF, 0xE3, 0xFF, 0xF0, 0x7F, 0xF8, 0x0F, 0xFC, 0x01,
    0xFC, 0x00, 0x20, 0x00, 0x00, 0x3F, 0x80, 0x00, 0xFF, 0xC0, 0x00, 0xFF, 0xE0, 0x01, 0xFF, 0xF8,
    0x03, 0xFF, 0xFE, 0x00, 0x0F, 0xFC, 0x00, 0x03, 0xF8, 0x00, 0x1F, 0xF0, 0x01, 0xFF, 0xE1, 0xFF,
    0xFF, 0xF3, 0xFF, 0xFF, 0xFF, 0xFF, 0xBF, 0xFF, 0xFC, 0x3F, 0xFF, 0xC0, 0x3F, 0xE0, 0x00, 0x02,
    0x00, 0x00, 0x70, 0x00, 0x07, 0xC0, 0x00, 0x3E, 0x00, 0x01, 0xF0, 0x00, 0x0F, 0x00, 0x00, 0x00,
    0x00, 0x00, 0x00, 0x00, 0x00, 0x00, 0x3F, 0x80, 0x03, 0xFF, 0x80, 0x1F, 0xFF, 0x80, 0xFF, 0xFF,
    0xE7, 0xFF, 0xFF, 0x00, 0x3F, 0xF8, 0x00, 0xFF, 0xC0, 0x1F, 0xFE, 0x03, 0xFF, 0xC0, 0x3F, 0xE0,
    0x03, 0xFC, 0x00, 0x3F, 0x80, 0x03, 0xF0, 0x00, 0x3F, 0x00, 0x01, 0xF8, 0x00, 0x0F, 0x80, 0x00,
    0xFC, 0x00, 0x07, 0xC0, 0x00, 0x3E, 0x00, 0x01, 0xF0, 0x00, 0x0F, 0xC0, 0x00, 0x7E, 0x00, 0x01,
    0xF8, 0x00, 0xCF, 0xFC, 0x7E, 0x3F, 0xFF, 0xF0, 0xFF, 0xFF, 0xC3, 0xFF, 0xFE, 0x07, 0xFF, 0xC0,
    0x07, 0xC0, 0x00, 0x00, 0x70, 0x00, 0x00, 0x3E, 0x00, 0x00, 0x0F, 0x80, 0x00, 0x03, 0xE0, 0x00,
    0x00, 0xF0, 0x00, 0x00, 0x00, 0x00, 0x00, 0x00, 0x00, 0x00, 0x00, 0x00, 0x00, 0x3F, 0x80, 0x00,
    0x1F, 0xFC, 0x00, 0x07, 0xFF, 0xE0, 0x01, 0xFF, 0xFF, 0xC0, 0x7F, 0xFF, 0xF0, 0x00, 0x1F, 0xFC,
    0x00, 0x03, 0xFF, 0x00, 0x03, 0xFF, 0xC0, 0x03, 0xFF, 0xC0, 0x01, 0xFF, 0xF0, 0x00, 0xFF, 0x3E,
    0x00, 0x7F, 0x0F, 0xFC, 0x3F, 0x01, 0xFF, 0xDF, 0x80, 0x7F, 0xF7, 0xE0, 0x0F, 0xFD, 0xF0, 0x01,
    0xFE, 0xFC, 0x00, 0x02, 0x3E, 0x00, 0x00, 0x0F, 0x80, 0x00, 0x03, 0xE0, 0x00, 0x00, 0xFC, 0x00,
    0x00, 0x3F, 0x00, 0x00, 0x07, 0xE0, 0x03, 0x01, 0xFF, 0x8F, 0xC0, 0x3F, 0xFF, 0xF0, 0x07, 0xFF,
    0xFE, 0x00, 0xFF, 0xFF, 0x80, 0x0F, 0xFF, 0x80, 0x00, 0x7C, 0x00, 0x00, 0x0E, 0x00, 0x03, 0xE0,
    0x00, 0x7C, 0x00, 0x0F, 0x80, 0x01, 0xE0, 0x00, 0x00, 0x00, 0x00, 0x00, 0x01, 0xFC, 0x00, 0x7F,
    0xE0, 0x07, 0xFF, 0x00, 0xFF, 0xFC, 0x1F, 0xFF, 0xF0, 0x07, 0xFE, 0x00, 0x1F, 0xC0, 0x0F, 0xF8,
    0x0F, 0xFF, 0xFF, 0xFF, 0x1F, 0xFF, 0x83, 0xFF, 0xC0, 0x7F, 0xE0, 0x0F, 0xE0, 0x01, 0x00, 0x00,
    0x00, 0x0E, 0x00, 0x00, 0x3E, 0x00, 0x00, 0x7C, 0x00, 0x00, 0xF8, 0x00, 0x01, 0xE0, 0x00, 0x00,
    0x00, 0x00, 0x00, 0x00, 0x00, 0x00, 0x00, 0x00, 0x3F, 0x80, 0x00, 0xFF, 0xC0, 0x00, 0xFF, 0xE0,
    0x01, 0xFF, 0xF8, 0x03, 0xFF, 0xFE, 0x00, 0x0F, 0xFC, 0x00, 0x03, 0xF8, 0x00, 0x1F, 0xF0, 0x01,
    0xFF, 0xE1, 0xFF, 0xFF, 0xF3, 0xFF, 0xFF, 0xFF, 0xFF, 0xBF, 0xFF, 0xFC, 0x3F, 0xFF, 0xC0, 0x3F,
    0xE0, 0x00, 0x02, 0x00, 0x00, 0x00, 0x07, 0x00, 0x3E, 0x01, 0xF8, 0x03, 0xF0, 0x0F, 0xC0, 0x1F,
    0x80, 0x3E, 0x00, 0xFC, 0x01, 0xF0, 0x07, 0xC0, 0x1F, 0x7F, 0xFD, 0xFF, 0xFF, 0xFF, 0xFF, 0xFE,
    0x7F, 0xE0, 0x1C, 0x00, 0x00, 0x00, 0x00, 0x1C, 0x00, 0x03, 0xE0, 0x00, 0x7E, 0x00, 0x03, 0xF0,
    0x00, 0x3F, 0x00, 0x01, 0xF8, 0x00, 0x0F, 0x80, 0x00, 0xFC, 0x00, 0x07, 0xC0, 0x00, 0x7C, 0x00,
    0x07, 0xE0, 0x7F, 0xFF, 0xC7, 0xFF, 0xFE, 0xFF, 0xFF, 0xFF, 0xFF, 0xFF, 0x7F, 0xE7, 0xE0, 0x70,
    0x08, 0x06, 0x00, 0x3C, 0x01, 0xF8, 0x07, 0xE0, 0x0F, 0x00, 0x00, 0x00, 0x00, 0x00, 0x00, 0x01,
    0xC0, 0x0F, 0x80, 0x7E, 0x00, 0xFC, 0x03, 0xF0, 0x07, 0xE0, 0x0F, 0x80, 0x3F, 0x00, 0x7C, 0x01,
    0xF0, 0x07, 0xDF, 0xFF, 0x7F, 0xFF, 0xFF, 0xFF, 0xFF, 0x9F, 0xF8, 0x07, 0x00, 0x06, 0x00, 0x00,
    0xF0, 0x00, 0x1F, 0x80, 0x01, 0xF8, 0x00, 0x0F, 0x00, 0x00, 0x00, 0x00, 0x00, 0x00, 0x00, 0x00,
    0x00, 0x01, 0xC0, 0x00, 0x3E, 0x00, 0x07, 0xE0, 0x00, 0x3F, 0x00, 0x03, 0xF0, 0x00, 0x1F, 0x80,
    0x00, 0xF8, 0x00, 0x0F, 0xC0, 0x00, 0x7C, 0x00, 0x07, 0xC0, 0x00, 0x7E, 0x07, 0xFF, 0xFC, 0x7F,
    0xFF, 0xEF, 0xFF, 0xFF, 0xFF, 0xFF, 0xF7, 0xFE, 0x7E, 0x07, 0x00, 0x80, 0x00, 0x60, 0x0F, 0x80,
    0xFC, 0x03, 0xE0, 0x1F, 0x80, 0x7C, 0x03, 0xE0, 0x1F, 0x00, 0xF8, 0x07, 0xC0, 0x7E, 0x03, 0xF0,
    0x3F, 0x07, 0xF8, 0xFF, 0x8F, 0xF8, 0x7F, 0x83, 0xF0, 0x0E, 0x00, 0x00, 0x00, 0x00, 0x60, 0x00,
    0x3E, 0x00, 0x0F, 0xC0, 0x00, 0xF8, 0x00, 0x1F, 0x80, 0x01, 0xF0, 0x00, 0x3F, 0x00, 0x07, 0xFC,
    0x00, 0xFF, 0xE0, 0x1F, 0xFC, 0x07, 0xFF, 0x80, 0xFF, 0xE0, 0x3F, 0x10, 0x1F, 0xE0, 0x0F, 0xF8,
    0x03, 0xFE, 0x00, 0x7F, 0x80, 0x0F, 0xC0, 0x00, 0xE0, 0x00, 0x00, 0x00, 0x00, 0x00, 0xE0, 0x0F,
    0x80, 0x7C, 0x03, 0xE0, 0x1E, 0x00, 0x00, 0x00, 0x00, 0x00, 0x00, 0x60, 0x0F, 0x80, 0xFC, 0x03,
    0xE0, 0x1F, 0x80, 0x7C, 0x03, 0xE0, 0x1F, 0x00, 0xF8, 0x07, 0xC0, 0x7E, 0x03, 0xF0, 0x3F, 0x07,
    0xF8, 0xFF, 0x8F, 0xF8, 0x7F, 0x83, 0xF0, 0x0E, 0x00, 0x00, 0x00, 0x01, 0xC0, 0x00, 0x3C, 0x00,
    0x0F, 0x80, 0x01, 0xF0, 0x00, 0x1E, 0x00, 0x00, 0x00, 0x00, 0x00, 0x00, 0x00, 0x00, 0x00, 0x60,
    0x00, 0x3E, 0x00, 0x0F, 0xC0, 0x00, 0xF8, 0x00, 0x1F, 0x80, 0x01, 0xF0, 0x00, 0x3F, 0x00, 0x07,
    0xFC, 0x00, 0xFF, 0xE0, 0x1F, 0xFC, 0x07, 0xFF, 0x80, 0xFF, 0xE0, 0x3F, 0x10, 0x1F, 0xE0, 0x0F,
    0xF8, 0x03, 0xFE, 0x00, 0x7F, 0x80, 0x0F, 0xC0, 0x00, 0xE0, 0x00, 0x00, 0x00, 0x00, 0x00, 0x00,
    0x00, 0x00, 0x07, 0x00, 0x00, 0x00, 0x00, 0x07, 0xC0, 0x00, 0x00, 0x00, 0x01, 0xF8, 0x00, 0x00,
    0x00, 0x00, 0x7E, 0x00, 0x00, 0x30, 0x1E, 0x0F, 0x80, 0x00, 0x7E, 0x07, 0xC3, 0xE0, 0x00, 0x0F,
    0x81, 0xF0, 0xF8, 0xC0, 0x03, 0xE0, 0x7C, 0x3F, 0x3C, 0x00, 0xFC, 0x3F, 0x0F, 0xDF, 0x00, 0x3F,
    0x0F, 0xC3, 0xF7, 0xC0, 0x07, 0xFF, 0xFF, 0xF9, 0xF0, 0x01, 0xFF, 0xFF, 0xFE, 0x7C, 0x00, 0x7F,
    0xFF, 0xFF, 0xBF, 0x00, 0x1F, 0xFF, 0xFF, 0xCF, 0xC0, 0x07, 0xFF, 0x3F, 0xE1, 0xF0, 0x03, 0xF2,
    0x01, 0x80, 0x7E, 0x01, 0xF8, 0x00, 0x00, 0x1F, 0xFF, 0xFE, 0x00, 0x00, 0x03, 0xFF, 0xFF, 0x00,
    0x00, 0x00, 0xFF, 0xFF, 0x80, 0x00, 0x00, 0x1F, 0xFF, 0xC0, 0x00, 0x00, 0x01, 0xFF, 0xC0, 0x00,
    0x00, 0x00, 0x07, 0x80, 0x00, 0x00, 0x00, 0x00, 0x00, 0x00, 0x00, 0x0F, 0x80, 0x00, 0x00, 0x00,
    0x00, 0x0F, 0x80, 0x00, 0x00, 0x30, 0x1E, 0x0F, 0x80, 0x00, 0x01, 0xF8, 0x1F, 0x0F, 0x80, 0x00,
    0x00, 0xF8, 0x1F, 0x0F, 0x80, 0x30, 0x00, 0xF8, 0x1F, 0x0F, 0xC0, 0x3C, 0x00, 0xFC, 0x3F, 0x0F,
    0xC0, 0x7C, 0x00, 0xFC, 0x3F, 0x0F, 0xC0, 0x7C, 0x00, 0x7F, 0xFF, 0xFF, 0xFC, 0x7C, 0x00, 0x7F,
    0xFF, 0xFF, 0xFE, 0x7C, 0x00, 0x7F, 0xFF, 0xFF, 0xFF, 0xFC, 0x00, 0x7F, 0xFF, 0xFE, 0xFF, 0xFC,
    0x00, 0x7F, 0xF3, 0xFC, 0x7E, 0x7C, 0x00, 0xFC, 0x80, 0x60, 0x08, 0x7E, 0x01, 0xF8, 0x00, 0x00,
    0x00, 0x7F, 0xFF, 0xF8, 0x00, 0x00, 0x00, 0x3F, 0xFF, 0xF0, 0x00, 0x00, 0x00, 0x3F, 0xFF, 0xE0,
    0x00, 0x00, 0x00, 0x1F, 0xFF, 0xC0, 0x00, 0x00, 0x00, 0x07, 0xFF, 0x00, 0x00, 0x00, 0x00, 0x00,
    0x78, 0x00, 0x00, 0x00, 0x00, 0x00, 0x00, 0x00, 0xE0, 0x00, 0x00, 0x1F, 0x00, 0x00, 0x00, 0xF8,
    0x00, 0x00, 0x07, 0xE0, 0xC0, 0x38, 0x1F, 0x07, 0xC1, 0xF0, 0xF8, 0x3E, 0x0F, 0x87, 0xC1, 0xF0,
    0x7C, 0x3E, 0x1F, 0x07, 0xE1, 0xF0, 0xFC, 0x3F, 0x0F, 0xBF, 0xFF, 0xFF, 0xFD, 0xFF, 0xFF, 0xFF,
    0xEF, 0xFF, 0xFF, 0xFE, 0x7F, 0xFF, 0xFF, 0xF3, 0xE7, 0xF9, 0xFE, 0x10, 0x06, 0x01, 0x80, 0x00,
    0x00, 0x01, 0xF0, 0x00, 0x00, 0x00, 0x3E, 0x00, 0x30, 0x0E, 0x07, 0xC0, 0x07, 0xC1, 0xF0, 0xF8,
    0x00, 0xF8, 0x3E, 0x1F, 0x00, 0x1F, 0x07, 0xC3, 0xE0, 0x07, 0xC1, 0xF8, 0x7E, 0x00, 0xFC, 0x3F,
    0x0F, 0xC0, 0xFF, 0xFF, 0xFF, 0xFF, 0x9F, 0xFF, 0xFF, 0xFF, 0xFB, 0xFF, 0xFF, 0xFF, 0xFF, 0xFF,
    0xFF, 0xFF, 0xEF, 0xFF, 0x9F, 0xE7, 0xF8, 0xFD, 0x00, 0x60, 0x18, 0x02, 0x00, 0x00, 0x00, 0x00,
    0x00, 0x00, 0x00, 0x00, 0x00, 0x0F, 0x00, 0x00, 0x00, 0x00, 0x03, 0xC0, 0x00, 0x00, 0x00, 0x00,
    0xF0, 0x00, 0x00, 0x00, 0x00, 0x38, 0x00, 0x00, 0x00, 0x00, 0x3B, 0xC0, 0x00, 0x00, 0x00, 0x1F,
    0xF0, 0x00, 0x00, 0x00, 0x07, 0xFC, 0x00, 0x00, 0x00, 0x00, 0xEF, 0x00, 0x00, 0x00, 0x00, 0x00,
    0x01, 0xC0, 0x00, 0x00, 0x00, 0x01, 0xF0, 0x00, 0x00, 0x00, 0x00, 0x7E, 0x00, 0x00, 0x00, 0x00,
    0x1F, 0x80, 0x00, 0x0C, 0x07, 0x83, 0xE0, 0x00, 0x1F, 0x81, 0xF0, 0xF8, 0x00, 0x03, 0xE0, 0x7C,
    0x3E, 0x30, 0x00, 0xF8, 0x1F, 0x0F, 0xCF, 0x00, 0x3F, 0x0F, 0xC3, 0xF7, 0xC0, 0x0F, 0xC3, 0xF0,
    0xFD, 0xF0, 0x01, 0xFF, 0xFF, 0xFE, 0x7C, 0x00, 0x7F, 0xFF, 0xFF, 0x9F, 0x00, 0x1F, 0xFF, 0xFF,
    0xEF, 0xC0, 0x07, 0xFF, 0xFF, 0xF3, 0xF0, 0x01, 0xFF, 0xCF, 0xF8, 0x7C, 0x00, 0xFC, 0x80, 0x60,
    0x1F, 0x80, 0x7E, 0x00, 0x00, 0x07, 0xFF, 0xFF, 0x80, 0x00, 0x00, 0xFF, 0xFF, 0xC0, 0x00, 0x00,
    0x3F, 0xFF, 0xE0, 0x00, 0x00, 0x07, 0xFF, 0xF0, 0x00, 0x00, 0x00, 0x7F, 0xF0, 0x00, 0x00, 0x00,
    0x01, 0xE0, 0x00, 0x00, 0x00, 0x00, 0x00, 0x00, 0x00, 0x00, 0x00, 0x00, 0x00, 0x00, 0x3C, 0x00,
    0x00, 0x00, 0x00, 0x00, 0x3C, 0x00, 0x00, 0x00, 0x00, 0x00, 0x3C, 0x00, 0x00, 0x00, 0x00, 0x00,
    0x38, 0x00, 0x00, 0x00, 0x00, 0x00, 0xEF, 0x00, 0x00, 0x00, 0x00, 0x01, 0xFF, 0x00, 0x00, 0x00,
    0x00, 0x01, 0xFF, 0x00, 0x00, 0x00, 0x00, 0x00, 0xEF, 0x00, 0x00, 0x00, 0x00, 0x00, 0x00, 0x00,
    0x00, 0x00, 0x00, 0x00, 0x00, 0x00, 0x00, 0x00, 0x00, 0x00, 0x00, 0x0F, 0x80, 0x00, 0x00, 0x00,
    0x00, 0x0F, 0x80, 0x00, 0x00, 0x30, 0x1E, 0x0F, 0x80, 0x00, 0x01, 0xF8, 0x1F, 0x0F, 0x80, 0x00,
    0x00, 0xF8, 0x1F, 0x0F, 0x80, 0x30, 0x00, 0xF8, 0x1F, 0x0F, 0xC0, 0x3C, 0x00, 0xFC, 0x3F, 0x0F,
    0xC0, 0x7C, 0x00, 0xFC, 0x3F, 0x0F, 0xC0, 0x7C, 0x00, 0x7F, 0xFF, 0xFF, 0xFC, 0x7C, 0x00, 0x7F,
    0xFF, 0xFF, 0xFE, 0x7C, 0x00, 0x7F, 0xFF, 0xFF, 0xFF, 0xFC, 0x00, 0x7F, 0xFF, 0xFE, 0xFF, 0xFC,
    0x00, 0x7F, 0xF3, 0xFC, 0x7E, 0x7C, 0x00, 0xFC, 0x80, 0x60, 0x08, 0x7E, 0x01, 0xF8, 0x00, 0x00,
    0x00, 0x7F, 0xFF, 0xF8, 0x00, 0x00, 0x00, 0x3F, 0xFF, 0xF0, 0x00, 0x00, 0x00, 0x3F, 0xFF, 0xE0,
    0x00, 0x00, 0x00, 0x1F, 0xFF, 0xC0, 0x00, 0x00, 0x00, 0x07, 0xFF, 0x00, 0x00, 0x00, 0x00, 0x00,
    0x78, 0x00, 0x00, 0x00, 0x00, 0x00, 0x00, 0x00, 0x00, 0x00, 0x0E, 0x00, 0x00, 0x00, 0xF8, 0x00,
    0x00, 0x07, 0xC0, 0x00, 0x00, 0x1C, 0x00, 0x00, 0x07, 0xB8, 0x00, 0x00, 0x3F, 0xE0, 0x00, 0x01,
    0xFF, 0x00, 0x00, 0x0F, 0x70, 0x00, 0x00, 0x00, 0x07, 0x00, 0x00, 0x00, 0xF8, 0x00, 0x00, 0x07,
    0xC0, 0x00, 0x00, 0x3F, 0x06, 0x01, 0xC0, 0xF8, 0x3E, 0x0F, 0x87, 0xC1, 0xF0, 0x7C, 0x3E, 0x0F,
    0x83, 0xE1, 0xF0, 0xF8, 0x3F, 0x0F, 0x87, 0xE1, 0xF8, 0x7D, 0xFF, 0xFF, 0xFF, 0xEF, 0xFF, 0xFF,
    0xFF, 0x7F, 0xFF, 0xFF, 0xF3, 0xFF, 0xFF, 0xFF, 0x9F, 0x3F, 0xCF, 0xF0, 0x80, 0x30, 0x0C, 0x00,
    0x00, 0x00, 0x00, 0x00, 0x00, 0x00, 0x78, 0x00, 0x00, 0x00, 0x0F, 0x00, 0x00, 0x00, 0x01, 0xE0,
    0x00, 0x00, 0x00, 0x3C, 0x00, 0x00, 0x00, 0x1C, 0xE0, 0x00, 0x00, 0x07, 0xFE, 0x00, 0x00, 0x00,
    0xFF, 0xC0, 0x00, 0x00, 0x0E, 0x70, 0x00, 0x00, 0x00, 0x00, 0x00, 0x00, 0x00, 0x00, 0x00, 0x00,
    0x00, 0x00, 0x00, 0xF8, 0x00, 0x00, 0x00, 0x1F, 0x00, 0x18, 0x07, 0x03, 0xE0, 0x03, 0xE0, 0xF8,
    0x7C, 0x00, 0x7C, 0x1F, 0x0F, 0x80, 0x0F, 0x83, 0xE1, 0xF0, 0x03, 0xE0, 0xFC, 0x3F, 0x00, 0x7E,
    0x1F, 0x87, 0xE0, 0x7F, 0xFF, 0xFF, 0xFF, 0xCF, 0xFF, 0xFF, 0xFF, 0xFD, 0xFF, 0xFF, 0xFF, 0xFF,
    0xFF, 0xFF, 0xFF, 0xF7, 0xFF, 0xCF, 0xF3, 0xFC, 0x7E, 0x80, 0x30, 0x0C, 0x01, 0x00, 0x00, 0x00,
    0x00, 0x00, 0x7F, 0x00, 0x00, 0x00, 0x00, 0x1F, 0xF8, 0x00, 0x00, 0x00, 0x03, 0xFF, 0xC0, 0x00,
    0x03, 0x00, 0xFF, 0xFE, 0x00, 0x01, 0xF8, 0x1F, 0xFF, 0xE0, 0x00, 0x0F, 0x83, 0xFC, 0x3F, 0x30,
    0x00, 0xF8, 0x7F, 0x03, 0xF3, 0xC0, 0x0F, 0xC7, 0xE0, 0x3F, 0x7C, 0x00, 0xFC, 0xFC, 0x07, 0xE7,
    0xC0, 0x07, 0xFF, 0x87, 0xFE, 0x7C, 0x00, 0x7F, 0xFF, 0xFF, 0xC7, 0xC0, 0x07, 0xFF, 0xFF, 0xFC,
    0xFC, 0x00, 0x7F, 0xFF, 0xFF, 0x0F, 0xC0, 0x07, 0xFF, 0xFF, 0xE0, 0x7C, 0x00, 0xFC, 0x3F, 0xE0,
    0x07, 0xE0, 0x1F, 0x80, 0x00, 0x00, 0x7F, 0xFF, 0xF8, 0x00, 0x00, 0x03, 0xFF, 0xFF, 0x00, 0x00,
    0x00, 0x3F, 0xFF, 0xE0, 0x00, 0x00, 0x00, 0xFF, 0xFC, 0x00, 0x00, 0x00, 0x07, 0xFF, 0x00, 0x00,
    0x00, 0x00, 0x07, 0x00, 0x00, 0x00, 0x00, 0x00, 0x00, 0x00, 0x00, 0x7F, 0x00, 0x00, 0x00, 0x00,
    0x01, 0xFF, 0x80, 0x00, 0x00, 0x00, 0x03, 0xFF, 0xC0, 0x00, 0x00, 0x30, 0x0F, 0xFF, 0xE0, 0x00,
    0x01, 0xF8, 0x1F, 0xFF, 0xE0, 0x00, 0x00, 0xF8, 0x3F, 0xC3, 0xF0, 0x30, 0x00, 0xF8, 0x7F, 0x03,
    0xF0, 0x3C, 0x00, 0xFC, 0x7E, 0x03, 0xF0, 0x7C, 0x00, 0xFC, 0xFC, 0x07, 0xE0, 0x7C, 0x00, 0x7F,
    0xF8, 0x7F, 0xFC, 0x7C, 0x00, 0x7F, 0xFF, 0xFF, 0xFF, 0x7C, 0x00, 0x7F, 0xFF, 0xFF, 0xFF, 0xFC,
    0x00, 0x7F, 0xFF, 0xFF, 0xFF, 0xFC, 0x00, 0x7F, 0xFF, 0xFF, 0xFE, 0x7C, 0x00, 0xFC, 0x3F, 0xE0,
    0x08, 0x7E, 0x01, 0xF8, 0x00, 0x00, 0x00, 0x7F, 0xFF, 0xF8, 0x00, 0x00, 0x00, 0x3F, 0xFF, 0xF0,
    0x00, 0x00, 0x00, 0x3F, 0xFF, 0xE0, 0x00, 0x00, 0x00, 0x0F, 0xFF, 0xC0, 0x00, 0x00, 0x00, 0x07,
    0xFF, 0x00, 0x00, 0x00, 0x00, 0x00, 0x70, 0x00, 0x00, 0x00, 0x00, 0x00, 0x00, 0x0F, 0x80, 0x00,
    0x01, 0xFF, 0x80, 0x00, 0x0F, 0xFF, 0x02, 0x00, 0x7F, 0xFE, 0x0F, 0x07, 0xFF, 0xF8, 0x7C, 0x3F,
    0xC3, 0xE1, 0xF0, 0xFE, 0x0F, 0xC7, 0xC7, 0xE0, 0x3F, 0x3F, 0x3F, 0x00, 0xFB, 0xFF, 0xF8, 0x1F,
    0xEF, 0xFF, 0xFF, 0xFF, 0xBF, 0xFF, 0xFF, 0xFC, 0xFB, 0xFF, 0xFF, 0xE3, 0xC7, 0xFF, 0xFE, 0x08,
    0x03, 0xFF, 0xC0, 0x00, 0x00, 0x00, 0x0F, 0x80, 0x00, 0x00, 0x1F, 0xF8, 0x00, 0x00, 0x0F, 0xFF,
    0x00, 0x20, 0x07, 0xFF, 0xE0, 0x0F, 0x07, 0xFF, 0xF8, 0x07, 0xC3, 0xFC, 0x3E, 0x01, 0xF0, 0xFE,
    0x0F, 0xC0, 0x7C, 0x7E, 0x03, 0xF0, 0x3F, 0x3F, 0x00, 0xF8, 0x3F, 0xFF, 0x81, 0xFF, 0xCF, 0xFF,
    0xFF, 0xFF, 0xFF, 0xFF, 0xFF, 0xFF, 0xFF, 0xFB, 0xFF, 0xFF, 0xFF, 0xFC, 0x7F, 0xFF, 0xEF, 0xF8,
    0x03, 0xFF, 0xC0, 0x30, 0x00, 0x00, 0x00, 0x00, 0x38, 0x00, 0x00, 0x00, 0x00, 0x07, 0xC0, 0x00,
    0x00, 0x00, 0x00, 0x7C, 0x00, 0x00, 0x00, 0x00, 0x07, 0xC0, 0x00, 0x00, 0x00, 0x00, 0x38, 0x00,
    0x00, 0x00, 0x00, 0x00, 0x00, 0x00, 0x00, 0x00, 0x00, 0x00, 0x00, 0x00, 0x00, 0x00, 0x00, 0x00,
    0x00, 0x00, 0x00, 0x00, 0x7F, 0x00, 0x00, 0x00, 0x00, 0x1F, 0xF8, 0x00, 0x00, 0x00, 0x03, 0xFF,
    0xC0, 0x00, 0x03, 0x00, 0xFF, 0xFE, 0x00, 0x01, 0xF8, 0x1F, 0xFF, 0xE0, 0x00, 0x0F, 0x83, 0xFC,
    0x3F, 0x30, 0x00, 0xF8, 0x7F, 0x03, 0xF3, 0xC0, 0x0F, 0xC7, 0xE0, 0x3F, 0x7C, 0x00, 0xFC, 0xFC,
    0x07, 0xE7, 0xC0, 0x07, 0xFF, 0x87, 0xFE, 0x7C, 0x00, 0x7F, 0xFF, 0xFF, 0xC7, 0xC0, 0x07, 0xFF,
    0xFF, 0xFC, 0xFC, 0x00, 0x7F, 0xFF, 0xFF, 0x0F, 0xC0, 0x07, 0xFF, 0xFF, 0xE0, 0x7C, 0x00, 0xFC,
    0x3F, 0xE0, 0x07, 0xE0, 0x1F, 0x80, 0x00, 0x00, 0x7F, 0xFF, 0xF8, 0x00, 0x00, 0x03, 0xFF, 0xFF,
    0x00, 0x00, 0x00, 0x3F, 0xFF, 0xE0, 0x00, 0x00, 0x00, 0xFF, 0xFC, 0x00, 0x00, 0x00, 0x07, 0xFF,
    0x00, 0x00, 0x00, 0x00, 0x07, 0x00, 0x00, 0x00, 0x00, 0x00, 0x00, 0x00, 0x00, 0x38, 0x00, 0x00,
    0x00, 0x00, 0x00, 0x7C, 0x00, 0x00, 0x00, 0x00, 0x00, 0x7C, 0x00, 0x00, 0x00, 0x00, 0x00, 0x7C,
    0x00, 0x00, 0x00, 0x00, 0x00, 0x38, 0x00, 0x00, 0x00, 0x00, 0x00, 0x00, 0x00, 0x00, 0x00, 0x00,
    0x00, 0x00, 0x00, 0x00, 0x00, 0x00, 0x00, 0x00, 0x00, 0x00, 0x00, 0x00, 0x00, 0x7F, 0x00, 0x00,
    0x00, 0x00, 0x01, 0xFF, 0x80, 0x00, 0x00, 0x00, 0x03, 0xFF, 0xC0, 0x00, 0x00, 0x30, 0x0F, 0xFF,
    0xE0, 0x00, 0x01, 0xF8, 0x1F, 0xFF, 0xE0, 0x00, 0x00, 0xF8, 0x3F, 0xC3, 0xF0, 0x30, 0x00, 0xF8,
    0x7F, 0x03, 0xF0, 0x3C, 0x00, 0xFC, 0x7E, 0x03, 0xF0, 0x7C, 0x00, 0xFC, 0xFC, 0x07, 0xE0, 0x7C,
    0x00, 0x7F, 0xF8, 0x7F, 0xFC, 0x7C, 0x00, 0x7F, 0xFF, 0xFF, 0xFF, 0x7C, 0x00, 0x7F, 0xFF, 0xFF,
    0xFF, 0xFC, 0x00, 0x7F, 0xFF, 0xFF, 0xFF, 0xFC, 0x00, 0x7F, 0xFF, 0xFF, 0xFE, 0x7C, 0x00, 0xFC,
    0x3F, 0xE0, 0x08, 0x7E, 0x01, 0xF8, 0x00, 0x00, 0x00, 0x7F, 0xFF, 0xF8, 0x00, 0x00, 0x00, 0x3F,
    0xFF, 0xF0, 0x00, 0x00, 0x00, 0x3F, 0xFF, 0xE0, 0x00, 0x00, 0x00, 0x0F, 0xFF, 0xC0, 0x00, 0x00,
    0x00, 0x07, 0xFF, 0x00, 0x00, 0x00, 0x00, 0x00, 0x70, 0x00, 0x00, 0x00, 0x00, 0x00, 0x00, 0x0E,
    0x00, 0x00, 0x00, 0x7C, 0x00, 0x00, 0x01, 0xF0, 0x00, 0x00, 0x07, 0xC0, 0x00, 0x00, 0x0F, 0x00,
    0x00, 0x00, 0x00, 0x00, 0x00, 0x00, 0x00, 0x00, 0x00, 0x00, 0x00, 0x00, 0x00, 0x0F, 0x80, 0x00,
    0x01, 0xFF, 0x80, 0x00, 0x0F, 0xFF, 0x02, 0x00, 0x7F, 0xFE, 0x0F, 0x07, 0xFF, 0xF8, 0x7C, 0x3F,
    0xC3, 0xE1, 0xF0, 0xFE, 0x0F, 0xC7, 0xC7, 0xE0, 0x3F, 0x3F, 0x3F, 0x00, 0xFB, 0xFF, 0xF8, 0x1F,
    0xEF, 0xFF, 0xFF, 0xFF, 0xBF, 0xFF, 0xFF, 0xFC, 0xFB, 0xFF, 0xFF, 0xE3, 0xC7, 0xFF, 0xFE, 0x08,
    0x03, 0xFF, 0xC0, 0x00, 0x00, 0x00, 0x0E, 0x00, 0x00, 0x00, 0x07, 0xC0, 0x00, 0x00, 0x01, 0xF0,
    0x00, 0x00, 0x00, 0x7C, 0x00, 0x00, 0x00, 0x0F, 0x00, 0x00, 0x00, 0x00, 0x00, 0x00, 0x00, 0x00,
    0x00, 0x00, 0x00, 0x00, 0x00, 0x00, 0x00, 0x00, 0x0F, 0x80, 0x00, 0x00, 0x1F, 0xF8, 0x00, 0x00,
    0x0F, 0xFF, 0x00, 0x20, 0x07, 0xFF, 0xE0, 0x0F, 0x07, 0xFF, 0xF8, 0x07, 0xC3, 0xFC, 0x3E, 0x01,
    0xF0, 0xFE, 0x0F, 0xC0, 0x7C, 0x7E, 0x03, 0xF0, 0x3F, 0x3F, 0x00, 0xF8, 0x3F, 0xFF, 0x81, 0xFF,
    0xCF, 0xFF, 0xFF, 0xFF, 0xFF, 0xFF, 0xFF, 0xFF, 0xFF, 0xFB, 0xFF, 0xFF, 0xFF, 0xFC, 0x7F, 0xFF,
    0xEF, 0xF8, 0x03, 0xFF, 0xC0, 0x30, 0x03, 0xE0, 0x00, 0x00, 0xF8, 0x00, 0x00, 0x3E, 0x00, 0x00,
    0x0F, 0x80, 0x00, 0x03, 0xE0, 0x00, 0x00, 0xF8, 0x00, 0x00, 0x3E, 0x00, 0x00, 0x0F, 0x80, 0x00,
    0x03, 0xE0, 0x00, 0x00, 0xF8, 0x7F, 0x00, 0x3E, 0x7F, 0xE0, 0x0F, 0xBF, 0xFC, 0x03, 0xFF, 0xFF,
    0x80, 0xFF, 0xFF, 0xE0, 0x3F, 0xF0, 0xF8, 0x0F, 0xF0, 0x3F, 0x03, 0xF8, 0x0F, 0x80, 0xFC, 0x07,
    0xE7, 0xFE, 0x1F, 0xF9, 0xFF, 0xFF, 0xFC, 0x7F, 0xFF, 0xFF, 0x3F, 0xFF, 0xFF, 0x0F, 0xFF, 0xFF,
    0x00, 0x3F, 0xFE, 0x00, 0x03, 0xE0, 0x00, 0x00, 0x0F, 0x80, 0x00, 0x00, 0x3E, 0x00, 0x00, 0x00,
    0xF8, 0x00, 0x00, 0x03, 0xE0, 0x00, 0x00, 0x0F, 0x80, 0x00, 0x00, 0x3E, 0x00, 0x00, 0x00, 0xF8,
    0x00, 0x00, 0x03, 0xE0, 0x00, 0x00, 0x0F, 0x87, 0xF0, 0x00, 0x3E, 0x7F, 0xE0, 0x00, 0xFB, 0xFF,
    0xC0, 0x03, 0xFF, 0xFF, 0x80, 0x0F, 0xFF, 0xFE, 0x00, 0x3F, 0xF0, 0xF8, 0x00, 0xFF, 0x03, 0xF0,
    0x03, 0xF8, 0x0F, 0x80, 0x0F, 0xC0, 0x7E, 0x07, 0xFE, 0x1F, 0xFF, 0x1F, 0xFF, 0xFF, 0xFE, 0x7F,
    0xFF, 0xFF, 0xFF, 0xFF, 0xFF, 0xFF, 0xFF, 0xFF, 0xFF, 0x7F, 0x83, 0xFF, 0xE0, 0x08, 0x3E, 0x00,
    0x00, 0xF8, 0x00, 0x03, 0xE0, 0x00, 0x0F, 0x80, 0x00, 0x3F, 0x00, 0x00, 0xFC, 0x00, 0x03, 0xF0,
    0x00, 0x0F, 0xC0, 0x00, 0x3F, 0x00, 0x00, 0x7C, 0x7F, 0x81, 0xF7, 0xFF, 0x07, 0xFF, 0xFE, 0x1F,
    0xFF, 0xFC, 0x7F, 0xFF, 0xF1, 0xFF, 0x07, 0xC7, 0xF8, 0x1F, 0x1F, 0xC0, 0x7C, 0xFE, 0x07, 0xFF,
    0xFF, 0xFF, 0xBF, 0xFF, 0xFE, 0xFF, 0xFF, 0xF3, 0xFF, 0xFF, 0x0F, 0xFF, 0xF0, 0x3F, 0xE0, 0x00,
    0x3E, 0x00, 0x00, 0x07, 0xC0, 0x00, 0x00, 0xF8, 0x00, 0x00, 0x1F, 0x00, 0x00, 0x03, 0xF0, 0x00,
    0x00, 0x7E, 0x00, 0x00, 0x0F, 0xC0, 0x00, 0x01, 0xF8, 0x00, 0x00, 0x3F, 0x00, 0x00, 0x03, 0xE3,
    0xFC, 0x00, 0x7D, 0xFF, 0xC0, 0x0F, 0xFF, 0xFC, 0x01, 0xFF, 0xFF, 0xC0, 0x3F, 0xFF, 0xF8, 0x07,
    0xFC, 0x1F, 0x00, 0xFF, 0x03, 0xE0, 0x1F, 0xC0, 0x7C, 0x07, 0xF0, 0x3F, 0x83, 0xFF, 0xFF, 0xFE,
    0x7F, 0xFF, 0xFF, 0xEF, 0xFF, 0xFF, 0xFF, 0xFF, 0xFF, 0xFF, 0xFF, 0xFF, 0xCF, 0xF7, 0xFC, 0x00,
    0x08, 0x03, 0xE0, 0x00, 0x00, 0xF8, 0x1C, 0x00, 0x3E, 0x0F, 0x80, 0x0F, 0x83, 0xE0, 0x03, 0xE0,
    0xF8, 0x00, 0xF8, 0x1E, 0x00, 0x3E, 0x00, 0x00, 0x0F, 0x80, 0x00, 0x03, 0xE0, 0x00, 0x00, 0xF8,
    0x7F, 0x00, 0x3E, 0x7F, 0xE0, 0x0F, 0xBF, 0xFC, 0x03, 0xFF, 0xFF, 0x80, 0xFF, 0xFF, 0xE0, 0x3F,
    0xF0, 0xF8, 0x0F, 0xF0, 0x3F, 0x03, 0xF8, 0x0F, 0x80, 0xFC, 0x07, 0xE7, 0xFE, 0x1F, 0xF9, 0xFF,
    0xFF, 0xFC, 0x7F, 0xFF, 0xFF, 0x3F, 0xFF, 0xFF, 0x0F, 0xFF, 0xFF, 0x00, 0x3F, 0xFE, 0x00, 0x03,
    0xE0, 0x00, 0x00, 0x0F, 0x83, 0x80, 0x00, 0x3E, 0x0F, 0x00, 0x00, 0xF8, 0x7E, 0x00, 0x03, 0xE1,
    0xF0, 0x00, 0x0F, 0x83, 0xC0, 0x00, 0x3E, 0x00, 0x00, 0x00, 0xF8, 0x00, 0x00, 0x03, 0xE0, 0x00,
    0x00, 0x0F, 0x87, 0xF0, 0x00, 0x3E, 0x7F, 0xE0, 0x00, 0xFB, 0xFF, 0xC0, 0x03, 0xFF, 0xFF, 0x80,
    0x0F, 0xFF, 0xFE, 0x00, 0x3F, 0xF0, 0xF8, 0x00, 0xFF, 0x03, 0xF0, 0x03, 0xF8, 0x0F, 0x80, 0x0F,
    0xC0, 0x7E, 0x07, 0xFE, 0x1F, 0xFF, 0x1F, 0xFF, 0xFF, 0xFE, 0x7F, 0xFF, 0xFF, 0xFF, 0xFF, 0xFF,
    0xFF, 0xFF, 0xFF, 0xFF, 0x7F, 0x83, 0xFF, 0xE0, 0x08, 0x3E, 0x00, 0x00, 0xF8, 0x1C, 0x03, 0xE0,
    0xF8, 0x0F, 0x83, 0xE0, 0x3F, 0x0F, 0x80, 0xFC, 0x3C, 0x03, 0xF0, 0x00, 0x0F, 0xC0, 0x00, 0x3F,
    0x00, 0x00, 0x7C, 0x7F, 0x81, 0xF7, 0xFF, 0x07, 0xFF, 0xFE, 0x1F, 0xFF, 0xFC, 0x7F, 0xFF, 0xF1,
    0xFF, 0x07, 0xC7, 0xF8, 0x1F, 0x1F, 0xC0, 0x7C, 0xFE, 0x07, 0xFF, 0xFF, 0xFF, 0xBF, 0xFF, 0xFE,
    0xFF, 0xFF, 0xF3, 0xFF, 0xFF, 0x0F, 0xFF, 0xF0, 0x3F, 0xE0, 0x00, 0x3E, 0x00, 0x00, 0x07, 0xC0,
    0xE0, 0x00, 0xF8, 0x3E, 0x00, 0x1F, 0x07, 0xC0, 0x03, 0xF0, 0xF8, 0x00, 0x7E, 0x1E, 0x00, 0x0F,
    0xC0, 0x00, 0x01, 0xF8, 0x00, 0x00, 0x3F, 0x00, 0x00, 0x03, 0xE3, 0xFC, 0x00, 0x7D, 0xFF, 0xC0,
    0x0F, 0xFF, 0xFC, 0x01, 0xFF, 0xFF, 0xC0, 0x3F, 0xFF, 0xF8, 0x07, 0xFC, 0x1F, 0x00, 0xFF, 0x03,
    0xE0, 0x1F, 0xC0, 0x7C, 0x07, 0xF0, 0x3F, 0x83, 0xFF, 0xFF, 0xFE, 0x7F, 0xFF, 0xFF, 0xEF, 0xFF,
    0xFF, 0xFF, 0xFF, 0xFF, 0xFF, 0xFF, 0xFF, 0xCF, 0xF7, 0xFC, 0x00, 0x08, 0x01, 0xF0, 0x00, 0x7F,
    0xC0, 0x07, 0xFE, 0x00, 0x7F, 0xF0, 0x07, 0xFF, 0x00, 0x3F, 0x80, 0x01, 0xF0, 0x00, 0x0F, 0x80,
    0x00, 0x7E, 0x06, 0x03, 0xF9, 0xF0, 0x0F, 0xFF, 0x80, 0x3F, 0xFE, 0x00, 0xFF, 0xF0, 0x0F, 0xFE,
    0x00, 0xFF, 0x80, 0x07, 0xF0, 0x00, 0x7E, 0x00, 0x03, 0xE0, 0x00, 0x3F, 0x00, 0x01, 0xF0, 0x00,
    0x0F, 0x80, 0x00, 0x7C, 0x00, 0x03, 0xF0, 0x00, 0x1F, 0x80, 0x00, 0x7E, 0x00, 0x23, 0xFF, 0x3F,
    0x8F, 0xFF, 0xFC, 0x3F, 0xFF, 0xE0, 0xFF, 0xFF, 0x01, 0xFF, 0xF0, 0x01, 0xF0, 0x00, 0x01, 0xFC,
    0x00, 0x3F, 0xF0, 0x03, 0xFF, 0xC0, 0x3F, 0xFE, 0x03, 0xFB, 0xF8, 0x1F, 0x8F, 0x80, 0xFE, 0x7C,
    0x03, 0xFB, 0xE0, 0x0F, 0xFF, 0x00, 0x3F, 0xF0, 0x00, 0xFF, 0xF8, 0x0F, 0xFF, 0xE0, 0xFF, 0xFF,
    0x8F, 0xFF, 0xFC, 0xFE, 0x7F, 0xCF, 0xE0, 0x18, 0x7E, 0x00, 0x07, 0xE0, 0x00, 0x3E, 0x00, 0x01,
    0xF0, 0x00, 0x0F, 0x80, 0x00, 0x7E, 0x00, 0x43, 0xFE, 0x7F, 0x0F, 0xFF, 0xF8, 0x7F, 0xFF, 0xC0,
    0xFF, 0xFE, 0x03, 0xFF, 0xC0, 0x01, 0xE0, 0x00, 0x01, 0xF8, 0x03, 0xFE, 0x03, 0xFF, 0x03, 0xFF,
    0x03, 0xFF, 0x81, 0xFC, 0x00, 0xF8, 0x00, 0x7C, 0x00, 0x3E, 0x00, 0x0F, 0x87, 0x07, 0xFF, 0xDF,
    0xFF, 0xEF, 0xFF, 0xF7, 0xFF, 0xFB, 0xFF, 0xE1, 0xFF, 0x80, 0xC0, 0x00, 0x00, 0x00, 0xFC, 0x00,
    0x3F, 0xF0, 0x03, 0xFF, 0xC0, 0x3F, 0xFF, 0x01, 0xFF, 0xF8, 0x0F, 0x87, 0xC0, 0x7E, 0x3E, 0x03,
    0xFB, 0xE0, 0x0F, 0xFF, 0x00, 0x3F, 0xF0, 0x1F, 0xFF, 0xF8, 0xFF, 0xFF, 0xF7, 0xFF, 0xFF, 0xBF,
    0xFF, 0xFD, 0xFC, 0x3F, 0xE8, 0x00, 0x0C, 0x01, 0xC0, 0x00, 0x0F, 0x00, 0x00, 0xFC, 0x00, 0x07,
    0xC0, 0x00, 0x1E, 0x00, 0x00, 0x00, 0x00, 0x00, 0x00, 0x00, 0x3E, 0x00, 0x0F, 0xF8, 0x00, 0xFF,
    0xC0, 0x0F, 0xFE, 0x00, 0xFF, 0xE0, 0x07, 0xF0, 0x00, 0x3E, 0x00, 0x01, 0xF0, 0x00, 0x0F, 0xC0,
    0xC0, 0x7F, 0x3E, 0x01, 0xFF, 0xF0, 0x07, 0xFF, 0xC0, 0x1F, 0xFE, 0x01, 0xFF, 0xC0, 0x1F, 0xF0,
    0x00, 0xFE, 0x00, 0x0F, 0xC0, 0x00, 0x7C, 0x00, 0x07, 0xE0, 0x00, 0x3E, 0x00, 0x01, 0xF0, 0x00,
    0x0F, 0x80, 0x00, 0x7E, 0x00, 0x03, 0xF0, 0x00, 0x0F, 0xC0, 0x04, 0x7F, 0xE7, 0xF1, 0xFF, 0xFF,
    0x87, 0xFF, 0xFC, 0x1F, 0xFF, 0xE0, 0x3F, 0xFE, 0x00, 0x3E, 0x00, 0x00, 0x70, 0x00, 0x07, 0x80,
    0x00, 0x7E, 0x00, 0x01, 0xF0, 0x00, 0x0F, 0x00, 0x00, 0x00, 0x00, 0x00, 0x00, 0x00, 0x00, 0x00,
    0x01, 0xFC, 0x00, 0x3F, 0xF0, 0x03, 0xFF, 0xC0, 0x3F, 0xFE, 0x03, 0xFB, 0xF8, 0x1F, 0x8F, 0x80,
    0xFE, 0x7C, 0x03, 0xFB, 0xE0, 0x0F, 0xFF, 0x00, 0x3F, 0xF0, 0x00, 0xFF, 0xF8, 0x0F, 0xFF, 0xE0,
    0xFF, 0xFF, 0x8F, 0xFF, 0xFC, 0xFE, 0x7F, 0xCF, 0xE0, 0x18, 0x7E, 0x00, 0x07, 0xE0, 0x00, 0x3E,
    0x00, 0x01, 0xF0, 0x00, 0x0F, 0x80, 0x00, 0x7E, 0x00, 0x43, 0xFE, 0x7F, 0x0F, 0xFF, 0xF8, 0x7F,
    0xFF, 0xC0, 0xFF, 0xFE, 0x03, 0xFF, 0xC0, 0x01, 0xE0, 0x00, 0x01, 0xC0, 0x01, 0xF0, 0x00, 0xF8,
    0x00, 0x7C, 0x00, 0x1E, 0x00, 0x00, 0x00, 0x00, 0x00, 0x03, 0xF0, 0x07, 0xFC, 0x07, 0xFE, 0x07,
    0xFE, 0x07, 0xFF, 0x03, 0xF8, 0x01, 0xF0, 0x00, 0xF8, 0x00, 0x7C, 0x00, 0x1F, 0x0E, 0x0F, 0xFF,
    0xBF, 0xFF, 0xDF, 0xFF, 0xEF, 0xFF, 0xF7, 0xFF, 0xC3, 0xFF, 0x01, 0x80, 0x00, 0x00, 0x70, 0x00,
    0x07, 0xC0, 0x00, 0x3E, 0x00, 0x01, 0xF0, 0x00, 0x0F, 0x00, 0x00, 0x00, 0x00, 0x00, 0x00, 0x00,
    0x00, 0x00, 0x00, 0xFC, 0x00, 0x3F, 0xF0, 0x03, 0xFF, 0xC0, 0x3F, 0xFF, 0x01, 0xFF, 0xF8, 0x0F,
    0x87, 0xC0, 0x7E, 0x3E, 0x03, 0xFB, 0xE0, 0x0F, 0xFF, 0x00, 0x3F, 0xF0, 0x1F, 0xFF, 0xF8, 0xFF,
    0xFF, 0xF7, 0xFF, 0xFF, 0xBF, 0xFF, 0xFD, 0xFC, 0x3F, 0xE8, 0x00, 0x0C, 0x00, 0x00, 0x03, 0x80,
    0x00, 0x00, 0x1F, 0x00, 0x00, 0x00, 0x7C, 0x00, 0x00, 0x01, 0xF0, 0x00, 0x00, 0x07, 0x80, 0x00,
    0x00, 0x00, 0x00, 0x00, 0x00, 0x00, 0x00, 0x00, 0x00, 0x00, 0x00, 0x00, 0x0F, 0xE0, 0x00, 0x00,
    0x7F, 0xC0, 0x00, 0x03, 0xFF, 0x80, 0x00, 0x0F, 0xFE, 0x00, 0x00, 0x7F, 0xFC, 0x00, 0x01, 0xF3,
    0xF7, 0x80, 0x07, 0xC7, 0xFE, 0x00, 0x1F, 0x1F, 0xF8, 0x00, 0x7F, 0xFF, 0xE0, 0x01, 0xFF, 0xFF,
    0x80, 0x07, 0xFF, 0xFE, 0x00, 0x0F, 0xFF, 0xFC, 0x00, 0x07, 0xFF, 0xFC, 0x00, 0x0F, 0xEF, 0xFF,
    0xFF, 0xFF, 0x9F, 0xFF, 0xFF, 0xFE, 0x3F, 0xFF, 0xFF, 0xF0, 0x3F, 0xFF, 0xFF, 0x00, 0x1F, 0xFF,
    0xC0, 0x00, 0x00, 0x00, 0x00, 0xE0, 0x00, 0x00, 0x00, 0x0F, 0x80, 0x00, 0x00, 0x00, 0x7C, 0x00,
    0x00, 0x00, 0x03, 0xE0, 0x00, 0x00, 0x00, 0x0F, 0x00, 0x00, 0x00, 0x00, 0x00, 0x00, 0x00, 0x00,
    0x00, 0x00, 0x00, 0x00, 0x00, 0x00, 0x00, 0x00, 0x00, 0x01, 0xF8, 0x00, 0x00, 0x00, 0x1F, 0xE0,
    0x00, 0x00, 0x01, 0xFF, 0x80, 0xF0, 0x00, 0x1F, 0xFE, 0x0F, 0x80, 0x01, 0xFF, 0xF0, 0x7C, 0x00,
    0x0F, 0x8F, 0x83, 0xE0, 0x00, 0x7C, 0x7C, 0x1F, 0x00, 0x03, 0xE3, 0xE0, 0xF8, 0x00, 0x1F, 0xBF,
    0x07, 0xE0, 0x00, 0x7F, 0xF8, 0x3F, 0xC0, 0x03, 0xFF, 0xF9, 0xFF, 0xFF, 0xFF, 0xFF, 0xE7, 0xFF,
    0xFF, 0xFF, 0xFF, 0x9F, 0xFF, 0xFF, 0xFF, 0xFC, 0x3F, 0xFF, 0xFE, 0xFF, 0xC0, 0x3F, 0xFE, 0x00,
    0x08, 0x01, 0xC0, 0x07, 0xC0, 0x0F, 0x80, 0x1F, 0x00, 0x3C, 0x00, 0x00, 0x00, 0x00, 0x00, 0x00,
    0x07, 0xF0, 0x1F, 0xF0, 0x7F, 0xE1, 0xFF, 0xE3, 0xFF, 0xC7, 0xCF, 0xCF, 0x8F, 0xBF, 0x1F, 0x3F,
    0xFE, 0x7F, 0xFC, 0xFF, 0xF8, 0xFF, 0xF0, 0x7F, 0xDF, 0xFF, 0xBF, 0xFF, 0x7F, 0xFC, 0xFF, 0xF1,
    0xFF, 0x83, 0x80, 0x00, 0x01, 0xC0, 0x00, 0x3E, 0x00, 0x03, 0xE0, 0x00, 0x3E, 0x00, 0x01, 0xC0,
    0x00, 0x00, 0x00, 0x00, 0x00, 0x00, 0x00, 0x00, 0x07, 0xF0, 0x00, 0xFF, 0x80, 0x1F, 0xFC, 0x03,
    0xFF, 0xC0, 0x3F, 0xFE, 0x03, 0xE3, 0xE0, 0x3E, 0x3E, 0x03, 0xE3, 0xE0, 0x3E, 0x7E, 0x03, 0xFF,
    0xC0, 0xFF, 0xFF, 0xCF, 0xFF, 0xFE, 0xFF, 0xFF, 0xEF, 0xFF, 0xFE, 0xFF, 0x7F, 0xEC, 0x00, 0x18,
    0x00, 0x01, 0x8C, 0x00, 0x01, 0xEF, 0x00, 0x01, 0xF7, 0xC0, 0x00, 0xFB, 0xE0, 0x00, 0x3D, 0xE0,
    0x00, 0x00, 0x00, 0x00, 0x00, 0x00, 0x00, 0x00, 0x40, 0x00, 0x01, 0xFC, 0x00, 0x01, 0xFF, 0x00,
    0x01, 0xFF, 0xC0, 0x00, 0xFF, 0xE0, 0x00, 0xFF, 0xF9, 0x80, 0x7C, 0x7C, 0xF8, 0x3E, 0x3E, 0xF8,
    0x1F, 0x9F, 0x7C, 0x0F, 0xFF, 0xBE, 0x07, 0xFF, 0xDF, 0x03, 0xFF, 0xFF, 0x80, 0xFF, 0xFF, 0xC0,
    0x0F, 0xFB, 0xE0, 0x00, 0xF9, 0xFC, 0x01, 0xFC, 0xFF, 0xFF, 0xFC, 0x3F, 0xFF, 0xFC, 0x0F, 0xFF,
    0xFC, 0x03, 0xFF, 0xFC, 0x00, 0x7F, 0xF0, 0x00, 0x00, 0x01, 0x8C, 0x00, 0x00, 0x0F, 0x78, 0x00,
    0x00, 0x7D, 0xF0, 0x00, 0x01, 0xF7, 0xC0, 0x00, 0x03, 0xDE, 0x00, 0x00, 0x00, 0x00, 0x00, 0x00,
    0x00, 0x00, 0x00, 0x00, 0x08, 0x00, 0x00, 0x01, 0xFC, 0x00, 0x00, 0x0F, 0xF8, 0x00, 0x00, 0x7F,
    0xF0, 0x00, 0x01, 0xFF, 0xC0, 0x00, 0x0F, 0xFF, 0x80, 0x00, 0x3E, 0x3E, 0x03, 0x80, 0xF8, 0xF8,
    0x1F, 0x83, 0xF3, 0xFC, 0x7C, 0x0F, 0xFF, 0xF9, 0xF0, 0x3F, 0xFF, 0xF7, 0xC0, 0x7F, 0xFF, 0xBF,
    0x00, 0xFF, 0xFE, 0xFC, 0x00, 0x3F, 0xE3, 0xF0, 0x00, 0x7C, 0x07, 0xE0, 0x07, 0xF0, 0x1F, 0xE0,
    0xFF, 0x80, 0x7F, 0xFF, 0xFC, 0x00, 0xFF, 0xFF, 0xE0, 0x01, 0xFF, 0xFF, 0x00, 0x01, 0xFF, 0xF0,
    0x00, 0x01, 0xFE, 0x00, 0x00, 0x04, 0x30, 0x3E, 0xF0, 0x7F, 0xE0, 0xFB, 0xC0, 0xE7, 0x80, 0x00,
    0x00, 0x00, 0x00, 0x00, 0x07, 0xF0, 0x1F, 0xF0, 0x7F, 0xE1, 0xFF, 0xE3, 0xFF, 0xC7, 0xCF, 0xCF,
    0x8F, 0xBF, 0x1F, 0x3F, 0xFE, 0x7F, 0xFC, 0xFF, 0xF8, 0xFF, 0xF0, 0x7F, 0xDF, 0xFF, 0xBF, 0xFF,
    0x7F, 0xFC, 0xFF, 0xF1, 0xFF, 0x83, 0x80, 0x00, 0x06, 0x30, 0x00, 0xF7, 0x80, 0x1F, 0x7C, 0x01,
    0xF7, 0xC0, 0x0F, 0x78, 0x00, 0x00, 0x00, 0x00, 0x00, 0x00, 0x00, 0x00, 0x07, 0xF0, 0x00, 0xFF,
    0x80, 0x1F, 0xFC, 0x03, 0xFF, 0xC0, 0x3F, 0xFE, 0x03, 0xE3, 0xE0, 0x3E, 0x3E, 0x03, 0xE3, 0xE0,
    0x3E, 0x7E, 0x03, 0xFF, 0xC0, 0xFF, 0xFF, 0xCF, 0xFF, 0xFE, 0xFF, 0xFF, 0xEF, 0xFF, 0xFE, 0xFF,
    0x7F, 0xEC, 0x00, 0x18, 0x00, 0x00, 0x07, 0xC0, 0x00, 0x00, 0xF8, 0x00, 0x00, 0x1F, 0x00, 0x00,
    0x03, 0xE0, 0x00, 0x30, 0x7C, 0x00, 0x0F, 0x0F, 0x80, 0x03, 0xE1, 0xF0, 0x00, 0xFC, 0x3F, 0x00,
    0x1E, 0x07, 0xE0, 0x03, 0xE0, 0xFC, 0x00, 0x3E, 0x0F, 0xBC, 0x03, 0xC1, 0xFF, 0x81, 0xF8, 0x3F,
    0xF0, 0x7F, 0x07, 0xFE, 0x0F, 0xC0, 0xFF, 0xC1, 0xE0, 0x1F, 0xF8, 0x00, 0x03, 0xFF, 0x80, 0x00,
    0xFF, 0xFC, 0x00, 0x7F, 0xFF, 0xFF, 0xFF, 0xE7, 0xFF, 0xFF, 0xFC, 0x7F, 0xFF, 0xFF, 0x03, 0xFF,
    0xFF, 0x80, 0x0F, 0xFF, 0x80, 0x00, 0x00, 0x07, 0xC0, 0x00, 0x00, 0x07, 0xC0, 0x00, 0x00, 0x07,
    0xC0, 0x00, 0x00, 0x07, 0xC0, 0x00, 0x03, 0x07, 0xC0, 0x00, 0x07, 0x87, 0xC0, 0x00, 0x0F, 0x87,
    0xC0, 0x00, 0x1F, 0x87, 0xE0, 0x00, 0x1E, 0x07, 0xE0, 0x00, 0x1F, 0x07, 0xE0, 0x00, 0x0F, 0x83,
    0xE0, 0x78, 0x07, 0x83, 0xE0, 0xF8, 0x1F, 0x83, 0xE0, 0xF8, 0x3F, 0x83, 0xE0, 0xF8, 0x3F, 0x03,
    0xE0, 0xF8, 0x3C, 0x03, 0xE0, 0xF8, 0x00, 0x03, 0xE0, 0xFC, 0x00, 0x07, 0xF0, 0xFF, 0x00, 0x1F,
    0xFC, 0xFF, 0xFF, 0xFF, 0xFF, 0x7F, 0xFF, 0xFF, 0xFF, 0x3F, 0xFF, 0xFF, 0xFF, 0x0F, 0xFF, 0xFE,
    0x3F, 0x01, 0xFF, 0xF0, 0x04, 0x00, 0x08, 0x00, 0x70, 0x03, 0xF0, 0x1F, 0xE0, 0xFF, 0xE7, 0xFF,
    0x1F, 0xF8, 0x3F, 0xC0, 0xFE, 0x01, 0xFC, 0x01, 0xFC, 0x01, 0xFC, 0x01, 0xFC, 0x01, 0xFC, 0x01,
    0xFC, 0x01, 0xF8, 0x01, 0xF0, 0x03, 0xF3, 0xFF, 0xE7, 0xFF, 0x8F, 0xFF, 0x1F, 0xFC, 0x3F, 0xE0,
    0x7C, 0x00, 0x00, 0x08, 0x00, 0x07, 0x00, 0x03, 0xF0, 0x01, 0xFE, 0x00, 0xFF, 0xE0, 0x7F, 0xF0,
    0x1F, 0xF8, 0x03, 0xFC, 0x00, 0xFE, 0x00, 0x1F, 0xC0, 0x01, 0xFC, 0x00, 0x1F, 0xC0, 0x01, 0xFC,
    0x00, 0x1F, 0xC0, 0x01, 0xF8, 0x00, 0x1F, 0x80, 0x01, 0xF8, 0x00, 0x3F, 0x83, 0xFF, 0xFE, 0x7F,
    0xFF, 0xEF, 0xFF, 0xFF, 0xFF, 0xFF, 0xFF, 0xE3, 0xF7, 0xC0, 0x08, 0x00, 0x00, 0xF8, 0x00, 0x03,
    0xE0, 0x00, 0x0F, 0x80, 0x00, 0x3E, 0x00, 0x00, 0xF8, 0x00, 0x03, 0xE0, 0x00, 0x0F, 0xC0, 0x00,
    0x3F, 0x00, 0x00, 0xFC, 0x00, 0x03, 0xF0, 0x00, 0x07, 0xC0, 0x00, 0x1F, 0x00, 0x00, 0x7C, 0x00,
    0x01, 0xF0, 0x00, 0x07, 0xCC, 0x00, 0x1F, 0x3C, 0x00, 0x7D, 0xF0, 0x01, 0xF7, 0xC0, 0x07, 0xDF,
    0x00, 0x1F, 0x7C, 0x00, 0x7F, 0xF0, 0x03, 0xFF, 0xC0, 0x0F, 0x9F, 0x00, 0x3E, 0x7E, 0x01, 0xF9,
    0xFE, 0x1F, 0xC3, 0xFF, 0xFF, 0x0F, 0xFF, 0xF8, 0x1F, 0xFF, 0xC0, 0x1F, 0xFC, 0x00, 0x07, 0x00,
    0x00, 0x00, 0x00, 0xF8, 0x00, 0x00, 0x0F, 0x80, 0x00, 0x00, 0xF8, 0x00, 0x00, 0x0F, 0x80, 0x00,
    0x00, 0xF8, 0x00, 0x00, 0x0F, 0x80, 0x00, 0x00, 0xF8, 0x00, 0x00, 0x0F, 0x80, 0x00, 0x00, 0xFC,
    0x00, 0x00, 0x0F, 0xC0, 0x00, 0x00, 0xFC, 0x00, 0x00, 0x0F, 0xC0, 0x00, 0x00, 0x7C, 0x00, 0x00,
    0x07, 0xC0, 0x00, 0x00, 0x7C, 0x03, 0x00, 0x07, 0xC0, 0x3C, 0x00, 0x7C, 0x07, 0xC0, 0x07, 0xC0,
    0x7C, 0x00, 0x7F, 0xC7, 0xC0, 0x07, 0xFE, 0x7C, 0x00, 0x7F, 0xFF, 0xC0, 0x07, 0xFF, 0xFC, 0x00,
    0xFF, 0xE7, 0xC0, 0x0F, 0x88, 0x7E, 0x01, 0xF8, 0x07, 0xF8, 0x7F, 0x80, 0x3F, 0xFF, 0xF0, 0x03,
    0xFF, 0xFE, 0x00, 0x1F, 0xFF, 0xC0, 0x00, 0x7F, 0xF0, 0x00, 0x00, 0x70, 0x00, 0x00, 0x3E, 0x3E,
    0x3F, 0x3F, 0x3F, 0x3F, 0x3F, 0x1F, 0x1F, 0x1F, 0x1F, 0x1F, 0x1F, 0x1F, 0x1F, 0x1F, 0x1F, 0x1F,
    0xFF, 0xFF, 0xFE, 0xFE, 0xF8, 0x80, 0x3F, 0x00, 0xFC, 0x03, 0xF0, 0x0F, 0xC0, 0x3F, 0x00, 0xFC,
    0x01, 0xF0, 0x07, 0xC0, 0x1F, 0x00, 0x7C, 0x01, 0xF0, 0x07, 0xC0, 0x1F, 0x00, 0x7C, 0x01, 0xF0,
    0x07, 0xC0, 0x1F, 0x00, 0x7E, 0x0F, 0xFF, 0x3F, 0xFE, 0xFF, 0xFF, 0xFF, 0xFF, 0x9F, 0xA0, 0x08,
    0x03, 0xF0, 0x07, 0xFE, 0x07, 0xFF, 0x03, 0xFF, 0xC3, 0xFF, 0xF1, 0xF1, 0xF8, 0x30, 0x7C, 0x00,
    0x3E, 0x03, 0xFF, 0x07, 0xFF, 0x8F, 0xFF, 0xCF, 0xFF, 0xE7, 0xFF, 0xF7, 0xF0, 0x13, 0xF0, 0x01,
    0xF0, 0x00, 0xF8, 0x00, 0x7C, 0x00, 0x3E, 0x00, 0x1F, 0x00, 0x07, 0xC0, 0x03, 0xE0, 0x01, 0xF0,
    0x00, 0xF8, 0x00, 0x7E, 0x00, 0x1E, 0x00, 0x08, 0x00, 0x00, 0x00, 0x08, 0x00, 0x00, 0xFE, 0x00,
    0x01, 0xFF, 0x00, 0x07, 0xFF, 0x00, 0x0F, 0xFF, 0x80, 0x1F, 0xFF, 0x80, 0x3F, 0xC7, 0xC0, 0x3F,
    0x87, 0xC0, 0x7F, 0xC3, 0xE0, 0x7F, 0xE3, 0xFC, 0x7F, 0xFF, 0xFE, 0xFF, 0xFF, 0xFE, 0xF9, 0xFF,
    0xFE, 0xF8, 0xFF, 0x7E, 0xF8, 0x3E, 0x08, 0xF8, 0x00, 0x00, 0xF8, 0x00, 0x00, 0xFC, 0x00, 0x00,
    0xFC, 0x00, 0x00, 0x7C, 0x00, 0x00, 0x7C, 0x00, 0x00, 0x7C, 0x00, 0x00, 0x7E, 0x00, 0x00, 0x7E,
    0x00, 0x00, 0x3E, 0x00, 0x00, 0x3E, 0x00, 0x00, 0x00, 0x00, 0x00, 0x00, 0x00, 0x00, 0xFC, 0x00,
    0xFF, 0x80, 0xFF, 0xC0, 0xFF, 0xF0, 0x7F, 0xFC, 0x7E, 0x7E, 0x3E, 0x1F, 0x3F, 0x0F, 0xFF, 0xFF,
    0xFF, 0xFF, 0xFF, 0xFF, 0xEF, 0xFF, 0xE7, 0x8F, 0xE2, 0x00, 0x00, 0x00, 0x00, 0x00, 0x07, 0xE0,
    0x00, 0x3F, 0xC0, 0x01, 0xFF, 0x80, 0x0F, 0xFF, 0x00, 0x7F, 0xFC, 0x01, 0xF1, 0xF8, 0x0F, 0xC3,
    0xE0, 0x3F, 0x0F, 0xC3, 0xFF, 0x3F, 0xEF, 0xFF, 0xFF, 0xFF, 0xFF, 0xFF, 0xFB, 0xFF, 0xFF, 0xC7,
    0xFB, 0xF8, 0x07, 0x81, 0x00, 0x00, 0x30, 0x00, 0x01, 0xE0, 0x00, 0x0F, 0xC0, 0x00, 0x3F, 0x00,
    0x00, 0x78, 0x00, 0x00, 0x00, 0x00, 0x00, 0x03, 0x00, 0x00, 0x3C, 0x00, 0x01, 0xF8, 0x00, 0x07,
    0xE3, 0x00, 0x0F, 0x8F, 0x00, 0x3F, 0x7C, 0x00, 0xFD, 0xF0, 0x01, 0xF7, 0xC0, 0x07, 0xDF, 0x00,
    0x1F, 0xFC, 0x00, 0x7F, 0xF0, 0x03, 0xF7, 0xC0, 0x0F, 0x9F, 0x80, 0x7E, 0x7F, 0xFF, 0xF8, 0xFF,
    0xFF, 0xC3, 0xFF, 0xFE, 0x07, 0xFF, 0xF0, 0x07, 0xFF, 0x00, 0x01, 0xC0, 0x00, 0x00, 0x30, 0x00,
    0x00, 0x07, 0x80, 0x00, 0x00, 0xFC, 0x00, 0x00, 0x0F, 0xC0, 0x00, 0x00, 0x78, 0x00, 0x00, 0x00,
    0x00, 0x00, 0x00, 0x00, 0x00, 0x00, 0x00, 0x03, 0x00, 0x00, 0x01, 0xF8, 0x00, 0x00, 0x0F, 0x80,
    0x30, 0x00, 0xF8, 0x03, 0xC0, 0x0F, 0xC0, 0x7C, 0x00, 0xFC, 0x07, 0xC0, 0x07, 0xFC, 0x7C, 0x00,
    0x7F, 0xF7, 0xC0, 0x07, 0xFF, 0xFC, 0x00, 0x7F, 0xFF, 0xC0, 0x07, 0xFE, 0x7C, 0x00, 0xFC, 0x47,
    0xE0, 0x1F, 0x80, 0x7F, 0xFF, 0xF8, 0x03, 0xFF, 0xFF, 0x00, 0x3F, 0xFF, 0xE0, 0x01, 0xFF, 0xFC,
    0x00, 0x07, 0xFF, 0x00, 0x00, 0x07, 0x00, 0x00, 0x1C, 0x1F, 0x0F, 0x87, 0xC1, 0xC0, 0x00, 0x00,
    0x1C, 0x3E, 0x1F, 0x87, 0xC3, 0xE1, 0xF0, 0xFC, 0x3E, 0x1F, 0x1F, 0xFF, 0xFF, 0xDF, 0xEF, 0xE7,
    0xE2, 0x00, 0x07, 0x00, 0x1F, 0x00, 0x3E, 0x00, 0x7C, 0x00, 0xF0, 0x00, 0x00, 0x00, 0x00, 0x00,
    0x00, 0x0F, 0x80, 0x1F, 0x00, 0x3E, 0x00, 0x7C, 0x01, 0xF8, 0x03, 0xF0, 0x3F, 0xFE, 0x7F, 0xFE,
    0xFF, 0xFF, 0xFF, 0xFF, 0xE7, 0xF4, 0x00, 0x80, 0x06, 0x00, 0x3E, 0x00, 0xFC, 0x07, 0xF8, 0x0F,
    0xF0, 0x7F, 0xC3, 0xFF, 0x8F, 0xFE, 0x7C, 0xFD, 0xF1, 0xF7, 0x87, 0xFF, 0x1F, 0x7F, 0xFD, 0xFF,
    0xF7, 0xFF, 0x8F, 0xFC, 0x1F, 0xE0, 0x00, 0x00, 0x00, 0x7C, 0x00, 0x07, 0xC0, 0x00, 0x7C, 0x00,
    0x1F, 0xC0, 0x07, 0xFC, 0x01, 0xFF, 0xE0, 0x3F, 0xFE, 0x07, 0xFF, 0xE0, 0x7E, 0x7E, 0x07, 0xC3,
    0xE0, 0xFC, 0x3E, 0x0F, 0xC3, 0xE0, 0x7F, 0xFE, 0x07, 0xFF, 0xE0, 0x3F, 0xFF, 0xC1, 0xFF, 0xFF,
    0x07, 0xFF, 0xF0, 0x01, 0xFF, 0x00, 0x07, 0xF0, 0x00, 0x0C, 0x02, 0x00, 0x00, 0xE0, 0x00, 0x1F,
    0x00, 0x07, 0xF0, 0x00, 0xFF, 0x00, 0x3F, 0xF0, 0x07, 0xFF, 0x81, 0xFF, 0xF8, 0x3E, 0xFF, 0x87,
    0x8F, 0xF8, 0xFB, 0xFF, 0x1F, 0x7F, 0xF3, 0xFF, 0x3F, 0xFF, 0xE7, 0xFF, 0xFF, 0xFF, 0xFF, 0xFF,
    0xFF, 0xFF, 0xDF, 0xBF, 0xF2, 0x00, 0x70, 0x00, 0x01, 0xF8, 0x00, 0x1F, 0xE0, 0x01, 0xFF, 0x80,
    0x1F, 0xFC, 0x00, 0xFF, 0xE0, 0x0F, 0xDF, 0x00, 0x7C, 0xF8, 0x03, 0xE7, 0xC0, 0x3F, 0x3E, 0x01,
    0xF3, 0xE0, 0x3F, 0xFF, 0xF9, 0xFF, 0xFF, 0xEF, 0xFF, 0xFF, 0xFF, 0xFF, 0xFF, 0xF8, 0xFF, 0xD7,
    0xE1, 0xF8, 0x3F, 0x0F, 0x80, 0xFF, 0xFC, 0x07, 0xFF, 0xE0, 0x1F, 0xFE, 0x00, 0x7F, 0xE0, 0x00,
    0xFE, 0x00, 0x03, 0xC0, 0x1F, 0xE0, 0x7F, 0xE0, 0xFF, 0xC3, 0xFF, 0xC7, 0xDF, 0x9F, 0x1F, 0x3E,
    0x3E, 0x7F, 0xFE, 0xFF, 0xFD, 0xFF, 0xF1, 0xFF, 0xE1, 0xFF, 0xC0, 0x3F, 0x80, 0xFE, 0x3F, 0xFC,
    0x7F, 0xF0, 0xFF, 0xC1, 0xFE, 0x03, 0xF0, 0x02, 0x00, 0x00, 0x03, 0xC0, 0x01, 0xFE, 0x00, 0x7F,
    0xE0, 0x0F, 0xFC, 0x03, 0xFF, 0xC0, 0x7D, 0xF8, 0x1F, 0x1F, 0x03, 0xE3, 0xE0, 0x7E, 0x7F, 0x8F,
    0xFF, 0xFD, 0xFF, 0xFF, 0x9F, 0xFF, 0xF1, 0xFF, 0xFE, 0x03, 0xFF, 0x00, 0xFE, 0x03, 0xFF, 0xC0,
    0x7F, 0xF0, 0x0F, 0xFC, 0x01, 0xFE, 0x00, 0x3F, 0x00, 0x02, 0x00, 0x00, 0x00, 0x00, 0x7F, 0x00,
    0x00, 0x7F, 0xE0, 0x00, 0x3F, 0xF8, 0x00, 0x1F, 0xFE, 0x00, 0x07, 0xFF, 0x00, 0x03, 0xF0, 0x00,
    0x00, 0xF8, 0x00, 0xC0, 0x3E, 0x00, 0x3C, 0x0F, 0x80, 0x1F, 0x03, 0xF8, 0x07, 0xC0, 0xFF, 0x81,
    0xF0, 0x1F, 0xF8, 0x7C, 0x03, 0xFF, 0x3F, 0x00, 0x1F, 0xCF, 0xC0, 0x01, 0xF1, 0xF0, 0x00, 0xFC,
    0x7E, 0x00, 0x7F, 0x1F, 0xFF, 0xFF, 0x83, 0xFF, 0xFF, 0xC0, 0xFF, 0xFF, 0xE0, 0x0F, 0xFF, 0xF0,
    0x01, 0xFF, 0xE0, 0x00, 0x07, 0x80, 0x00, 0x30, 0x00, 0x00, 0x03, 0xC0, 0x08, 0x00, 0x7C, 0x00,
    0xF0, 0x07, 0xC0, 0x0F, 0xFC, 0x7C, 0x00, 0xFF, 0xE7, 0xC0, 0x1F, 0xFF, 0xFC, 0x00, 0xFF, 0xFF,
    0xC0, 0x03, 0xFE, 0x7C, 0x00, 0x1F, 0x87, 0xE0, 0x03, 0xF0, 0x7F, 0xFF, 0xFF, 0x03, 0xFF, 0xFF,
    0xE0, 0x3F, 0xFF, 0xFC, 0x01, 0xFF, 0xFF, 0x80, 0x07, 0xFF, 0xE0, 0x00, 0x03, 0xC0, 0x00, 0x00,
    0x00, 0x7F, 0x00, 0x00, 0x7F, 0xE0, 0x00, 0x3F, 0xF8, 0x00, 0x1F, 0xFE, 0x00, 0x07, 0xFF, 0x00,
    0x03, 0xF0, 0x00, 0x00, 0xF8, 0x00, 0xC0, 0x3E, 0x00, 0x3C, 0x0F, 0x80, 0x1F, 0x03, 0xF8, 0x07,
    0xC0, 0xFF, 0x81, 0xF0, 0x1F, 0xF8, 0x7C, 0x03, 0xFF, 0x3F, 0x00, 0x1F, 0xCF, 0xC0, 0x01, 0xF1,
    0xF0, 0x00, 0xFC, 0x7E, 0x00, 0x7F, 0x1F, 0xFF, 0xFF, 0x83, 0xFF, 0xFF, 0xC0, 0xFF, 0xFF, 0xE0,
    0x0F, 0xFF, 0xF0, 0x01, 0xFF, 0xE0, 0x00, 0x07, 0x80, 0x00, 0x00, 0x00, 0x00, 0x00, 0x00, 0x00,
    0x00, 0x73, 0xC0, 0x00, 0x3E, 0xF0, 0x00, 0x0F, 0xFC, 0x00, 0x03, 0xEF, 0x00, 0x00, 0x21, 0x80,
    0x00, 0x30, 0x00, 0x00, 0x03, 0xC0, 0x08, 0x00, 0x7C, 0x00, 0xF0, 0x07, 0xC0, 0x0F, 0xFC, 0x7C,
    0x00, 0xFF, 0xE7, 0xC0, 0x1F, 0xFF, 0xFC, 0x00, 0xFF, 0xFF, 0xC0, 0x03, 0xFE, 0x7C, 0x00, 0x1F,
    0x87, 0xE0, 0x03, 0xF0, 0x7F, 0xFF, 0xFF, 0x03, 0xFF, 0xFF, 0xE0, 0x3F, 0xFF, 0xFC, 0x01, 0xFF,
    0xFF, 0x80, 0x07, 0xFF, 0xE0, 0x00, 0x03, 0xC0, 0x00, 0x00, 0x00, 0x00, 0x00, 0x00, 0x00, 0x00,
    0x01, 0xE7, 0x80, 0x00, 0x1F, 0xF8, 0x00, 0x01, 0xFF, 0x80, 0x00, 0x1E, 0x78, 0x00, 0x00, 0x42,
    0x00, 0x00, 0x07, 0x07, 0xE1, 0xF8, 0x3E, 0x0F, 0x83, 0xE0, 0xFC, 0x1F, 0x07, 0xC3, 0xFF, 0xFB,
    0xFE, 0xFF, 0xBF, 0xCF, 0xC2, 0x00, 0x00, 0x00, 0x0F, 0x3F, 0xFF, 0xFF, 0xFC, 0xF2, 0x10, 0x07,
    0x80, 0x07, 0xC0, 0x0F, 0xC0, 0x0F, 0x80, 0x0F, 0x80, 0x1F, 0xC0, 0xFF, 0xFC, 0xFF, 0xFE, 0xFF,
    0xFF, 0xFD, 0xFF, 0xF8, 0xFE, 0x80, 0x08, 0x00, 0x00, 0x00, 0x00, 0x79, 0xE0, 0x7F, 0xE0, 0x7F,
    0xE0, 0x79, 0xE0, 0x10, 0x80, 0x3C, 0x00, 0x03, 0xFF, 0x00, 0x3F, 0xF9, 0xF0, 0xCF, 0x8F, 0xC0,
    0x00, 0x3E, 0x00, 0x01, 0xF0, 0x18, 0x0F, 0x81, 0xF0, 0x7C, 0x1F, 0xC3, 0xE0, 0xFF, 0x9F, 0x01,
    0xFE, 0xF8, 0x07, 0xFF, 0xC0, 0x0F, 0xFC, 0x00, 0x3F, 0xE0, 0x00, 0xFF, 0x00, 0x03, 0xF8, 0x00,
    0x3F, 0xE0, 0x03, 0xFF, 0x80, 0x3F, 0xFC, 0x03, 0xF3, 0xE0, 0x3F, 0xFF, 0x03, 0xFF, 0xF8, 0x1F,
    0xFF, 0xC0, 0xFF, 0xFC, 0x07, 0xFF, 0xC0, 0x1C, 0x00, 0x00, 0x7F, 0xE0, 0x00, 0x7F, 0xF0, 0x00,
    0x23, 0xE7, 0xC0, 0x00, 0x07, 0xC0, 0x00, 0x07, 0xC0, 0x00, 0x07, 0xC0, 0x18, 0x07, 0xC0, 0x3C,
    0x07, 0xC0, 0x7E, 0x07, 0xC0, 0x7F, 0x07, 0xC0, 0x3F, 0x87, 0xC0, 0x1F, 0xC7, 0xC0, 0x0F, 0xE7,
    0xC0, 0x07, 0xF7, 0xC0, 0x03, 0xF7, 0xC0, 0x01, 0xFF, 0xE0, 0x00, 0xFF, 0xE0, 0x00, 0x7F, 0xE0,
    0x00, 0x7F, 0xE0, 0x00, 0x7F, 0xE0, 0x3F, 0xFF, 0xFC, 0x3F, 0xFF, 0xFF, 0x7F, 0xFB, 0xFF, 0x7F,
    0xF1, 0xFF, 0x7F, 0xE0, 0xFF, 0x0C, 0x00, 0x0C, 0x7C, 0x00, 0x1F, 0x80, 0x03, 0xE0, 0x00, 0x70,
    0x00, 0x0F, 0xE0, 0x01, 0xFC, 0x3E, 0x3F, 0x87, 0xE7, 0xC0, 0x7C, 0x00, 0x0F, 0x83, 0x01, 0xF0,
    0xF8, 0x3E, 0x3F, 0x87, 0xC7, 0xFC, 0xF8, 0x3F, 0xDF, 0x03, 0xFF, 0xE0, 0x1F, 0xF8, 0x01, 0xFF,
    0x00, 0x1F, 0xE0, 0x01, 0xFC, 0x00, 0x7F, 0xC0, 0x1F, 0xFC, 0x07, 0xFF, 0x81, 0xF9, 0xF0, 0x7F,
    0xFE, 0x1F, 0xFF, 0xC3, 0xFF, 0xF8, 0x7F, 0xFE, 0x0F, 0xFF, 0x80, 0x1E, 0x00, 0x00, 0x7C, 0x00,
    0x00, 0xF8, 0x00, 0x01, 0xC0, 0x00, 0x03, 0xF0, 0x00, 0x07, 0xF0, 0x00, 0x0F, 0xE3, 0xE0, 0x1E,
    0x07, 0xC0, 0x00, 0x0F, 0x80, 0x00, 0x1F, 0x00, 0xC0, 0x3E, 0x03, 0xC0, 0x7C, 0x0F, 0xC0, 0xF8,
    0x1F, 0xC1, 0xF0, 0x1F, 0xC3, 0xE0, 0x1F, 0xC7, 0xC0, 0x1F, 0xCF, 0x80, 0x1F, 0xDF, 0x00, 0x1F,
    0xBE, 0x00, 0x1F, 0xFE, 0x00, 0x1F, 0xFC, 0x00, 0x1F, 0xF8, 0x00, 0x3F, 0xF0, 0x00, 0x7F, 0xE0,
    0x7F, 0xFF, 0xF8, 0xFF, 0xFF, 0xFF, 0xFF, 0xDF, 0xFF, 0xFF, 0x1F, 0xFF, 0xFC, 0x1F, 0xE3, 0x00,
    0x03, 0x00, 0x00, 0x3E, 0x00, 0x0F, 0xC0, 0x01, 0xF0, 0x00, 0x7C, 0x30, 0x1F, 0x1F, 0x07, 0xCF,
    0xE1, 0xF3, 0xFE, 0x7C, 0x3F, 0xDF, 0x07, 0xFF, 0xC0, 0x7F, 0xE0, 0x0F, 0xF8, 0x01, 0xFE, 0x00,
    0x3F, 0x80, 0x1F, 0xF0, 0x0F, 0xFE, 0x07, 0xFF, 0x83, 0xF3, 0xE1, 0xFF, 0xF8, 0xFF, 0xFE, 0x3F,
    0xFF, 0x8F, 0xFF, 0xC3, 0xFF, 0xE0, 0x00, 0x00, 0x00, 0x00, 0x03, 0xC0, 0x01, 0xF0, 0x00, 0x7C,
    0x00, 0x1C, 0x00, 0x07, 0xE0, 0x01, 0xF8, 0x00, 0xFF, 0x00, 0x1E, 0x00, 0x00, 0x00, 0x00, 0x00,
    0x0F, 0x80, 0x00, 0x1F, 0x00, 0x00, 0x3E, 0x00, 0x00, 0x7C, 0x03, 0x00, 0xF8, 0x0F, 0x01, 0xF0,
    0x3F, 0x03, 0xE0, 0x7F, 0x07, 0xC0, 0x7F, 0x0F, 0x80, 0x7F, 0x1F, 0x00, 0x7F, 0x3E, 0x00, 0x7F,
    0x7C, 0x00, 0x7E, 0xF8, 0x00, 0x7F, 0xF8, 0x00, 0x7F, 0xF0, 0x00, 0x7F, 0xE0, 0x00, 0xFF, 0xC0,
    0x01, 0xFF, 0x81, 0xFF, 0xFF, 0xE3, 0xFF, 0xFF, 0xFF, 0xFF, 0x7F, 0xFF, 0xFC, 0x7F, 0xFF, 0xF0,
    0x7F, 0x8C, 0x00, 0x0C, 0x00, 0x00, 0x00, 0x1E, 0x00, 0x00, 0x7C, 0x00, 0x00, 0xF8, 0x00, 0x01,
    0xC0, 0x00, 0x03, 0xF0, 0x00, 0x07, 0xE0, 0x00, 0x1F, 0xC0, 0x00, 0x1E, 0x00, 0x00, 0x00, 0x00,
    0x00, 0x00, 0x3E, 0x00, 0x0F, 0xC0, 0x01, 0xF0, 0x00, 0x7C, 0x30, 0x1F, 0x1F, 0x07, 0xCF, 0xE1,
    0xF3, 0xFE, 0x7C, 0x3F, 0xDF, 0x07, 0xFF, 0xC0, 0x7F, 0xE0, 0x0F, 0xF8, 0x01, 0xFE, 0x00, 0x3F,
    0x80, 0x1F, 0xF0, 0x0F, 0xFE, 0x07, 0xFF, 0x83, 0xF3, 0xE1, 0xFF, 0xF8, 0xFF, 0xFE, 0x3F, 0xFF,
    0x8F, 0xFF, 0xC3, 0xFF, 0xE0, 0x00, 0x0F, 0x80, 0x00, 0x1F, 0x00, 0x00, 0x3E, 0x00, 0x00, 0x7C,
    0x03, 0x00, 0xF8, 0x0F, 0x01, 0xF0, 0x3F, 0x03, 0xE0, 0x7F, 0x07, 0xC0, 0x7F, 0x0F, 0x80, 0x7F,
    0x1F, 0x00, 0x7F, 0x3E, 0x00, 0x7F, 0x7C, 0x00, 0x7E, 0xF8, 0x00, 0x7F, 0xF8, 0x00, 0x7F, 0xF0,
    0x00, 0x7F, 0xE0, 0x00, 0xFF, 0xC0, 0x01, 0xFF, 0x81, 0xFF, 0xFF, 0xE3, 0xFF, 0xFF, 0xFF, 0xFF,
    0x7F, 0xFF, 0xFC, 0x7F, 0xFF, 0xF0, 0x7F, 0x8C, 0x00, 0x0C,
};

static const EpdGlyph ubuntu_15_boldGlyphs[] = {
    { 0, 0, 0, 0, 0, 0, 0 }, // U+0000
    { 0, 0, 0, 0, 0, 0, 0 }, // U+0008
    { 0, 0, 120, 0, 0, 0, 0 }, // U+0009
    { 0, 0, 120, 0, 0, 0, 0 }, // U+000D
    { 0, 0, 0, 0, 0, 0, 0 }, // U+001D
    { 0, 0, 120, 0, 0, 0, 0 }, // U+0020
    { 7, 21, 143, 1, 21, 19, 0 }, // !
    { 12, 9, 233, 1, 24, 14, 19 }, // "
    { 19, 21, 350, 1, 21, 50, 33 }, // #
    { 16, 28, 284, 1, 24, 56, 83 }, // $
    { 27, 21, 459, 1, 21, 71, 139 }, // %
    { 21, 21, 353, 1, 21, 56, 210 }, // &
    { 6, 9, 124, 1, 24, 7, 266 }, // '
    { 9, 30, 178, 2, 24, 34, 273 }, // (
    { 9, 30, 178, 0, 24, 34, 307 }, // )
    { 14, 12, 251, 1, 21, 21, 341 }, // *
    { 16, 14, 284, 1, 16, 28, 362 }, // +
    { 7, 10, 123, 0, 5, 9, 390 }, // ,
    { 10, 4, 170, 0, 11, 5, 399 }, // -
    { 7, 6, 123, 0, 6, 6, 404 }, // .
    { 16, 30, 219, -1, 24, 60, 410 }, // /
    { 16, 21, 284, 1, 21, 42, 470 }, // 0
    { 11, 21, 284, 2, 21, 29, 512 }, // 1
    { 16, 21, 284, 1, 21, 42, 541 }, // 2
    { 16, 21, 284, 0, 21, 42, 583 }, // 3
    { 17, 21, 284, 0, 21, 45, 625 }, // 4
    { 15, 21, 284, 1, 21, 40, 670 }, // 5
    { 16, 21, 284, 1, 21, 42, 710 }, // 6
    { 16, 21, 284, 1, 21, 42, 752 }, // 7
    { 16, 21, 284, 1, 21, 42, 794 }, // 8
    { 17, 21, 284, 0, 21, 45, 836 }, // 9
    { 7, 17, 123, 0, 17, 15, 881 }, // :
    { 7, 22, 123, 0, 17, 20, 896 }, // ;
    { 16, 15, 284, 1, 17, 30, 916 }, // <
    { 16, 11, 284, 1, 15, 22, 946 }, // =
    { 16, 15, 284, 1, 17, 30, 968 }, // >
    { 14, 24, 228, 0, 24, 42, 998 }, // ?
    { 28, 27, 487, 1, 22, 95, 1040 }, // @
    { 23, 21, 361, 0, 21, 61, 1135 }, // A
    { 18, 21, 336, 2, 21, 48, 1196 }, // B
    { 19, 21, 324, 1, 21, 50, 1244 }, // C
    { 20, 21, 369, 2, 21, 53, 1294 }, // D
    { 16, 21, 303, 2, 21, 42, 1347 }, // E
    { 15, 21, 287, 2, 21, 40, 1389 }, // F
    { 19, 21, 351, 1, 21, 50, 1429 }, // G
    { 19, 21, 367, 2, 21, 50, 1479 }, // H
    { 6, 21, 158, 2, 21, 16, 1529 }, // I
    { 15, 21, 265, 0, 21, 40, 1545 }, // J
    { 19, 21, 342, 2, 21, 50, 1585 }, // K
    { 15, 21, 282, 2, 21, 40, 1635 }, // L
    { 25, 21, 449, 1, 21, 66, 1675 }, // M
    { 19, 21, 378, 2, 21, 50, 1741 }, // N
    { 22, 21, 395, 1, 21, 58, 1791 }, // O
    { 17, 21, 322, 2, 21, 45, 1849 }, // P
    { 22, 27, 395, 1, 21, 75, 1894 }, // Q
    { 19, 21, 334, 2, 21, 50, 1969 }, // R
    { 16, 21, 291, 1, 21, 42, 2019 }, // S
    { 19, 21, 307, 0, 21, 50, 2061 }, // T
    { 18, 21, 354, 2, 21, 48, 2111 }, // U
    { 23, 21, 361, 0, 21, 61, 2159 }, // V
    { 29, 21, 474, 0, 21, 77, 2220 }, // W
    { 21, 21, 338, 0, 21, 56, 2297 }, // X
    { 21, 21, 331, 0, 21, 56, 2353 }, // Y
    { 17, 21, 305, 1, 21, 45, 2409 }, // Z
    { 10, 30, 186, 2, 24, 38, 2454 }, // [
    { 16, 30, 219, -1, 24, 60, 2492 }, // <backslash>
    { 9, 30, 186, 0, 24, 34, 2552 }, // ]
    { 18, 13, 284, 0, 22, 30, 2586 }, // ^
    { 16, 4, 250, 0, -2, 8, 2616 }, // _
    { 8, 7, 143, 0, 25, 7, 2624 }, // `
    { 15, 16, 277, 1, 16, 30, 2631 }, // a
    { 16, 24, 302, 2, 24, 48, 2661 }, // b
    { 14, 16, 250, 1, 16, 28, 2709 }, // c
    { 16, 24, 302, 1, 24, 48, 2737 }, // d
    { 16, 16, 292, 1, 16, 32, 2785 }, // e
    { 12, 24, 211, 2, 24, 36, 2817 }, // f
    { 16, 22, 297, 1, 16, 44, 2853 }, // g
    { 15, 24, 295, 2, 24, 45, 2897 }, // h
    { 7, 24, 145, 1, 24, 21, 2942 }, // i
    { 11, 30, 145, -3, 24, 42, 2963 }, // j
    { 16, 24, 290, 2, 24, 48, 3005 }, // k
    { 8, 24, 158, 2, 24, 24, 3053 }, // l
    { 23, 16, 431, 2, 16, 46, 3077 }, // m
    { 15, 16, 295, 2, 16, 30, 3123 }, // n
    { 17, 16, 304, 1, 16, 34, 3153 }, // o
    { 16, 22, 302, 2, 16, 44, 3187 }, // p
    { 16, 22, 302, 1, 16, 44, 3231 }, // q
    { 11, 16, 211, 2, 16, 22, 3275 }, // r
    { 13, 16, 243, 1, 16, 26, 3297 }, // s
    { 11, 21, 222, 2, 21, 29, 3323 }, // t
    { 15, 16, 295, 2, 16, 30, 3352 }, // u
    { 17, 16, 275, 0, 16, 34, 3382 }, // v
    { 24, 16, 392, 0, 16, 48, 3416 }, // w
    { 17, 16, 277, 0, 16, 34, 3464 }, // x
    { 17, 22, 274, 0, 16, 47, 3498 }, // y
    { 14, 16, 250, 1, 16, 28, 3545 }, // z
    { 11, 30, 186, 1, 24, 42, 3573 }, // {
    { 6, 30, 161, 2, 24, 23, 3615 }, // |
    { 11, 30, 186, 0, 24, 42, 3638 }, // }
    { 17, 6, 284, 0, 12, 13, 3680 }, // ~
    { 0, 0, 120, 0, 0, 0, 3693 }, // U+00A0
    { 7, 22, 143, 1, 16, 20, 3693 }, // U+00A1
    { 14, 23, 284, 1, 20, 41, 3713 }, // U+00A2
    { 16, 21, 284, 0, 21, 42, 3754 }, // U+00A3
    { 17, 17, 284, 0, 20, 37, 3796 }, // U+00A4
    { 19, 21, 284, -1, 21, 50, 3833 }, // U+00A5
    { 5, 30, 151, 2, 24, 19, 3883 }, // U+00A6
    { 15, 27, 258, 0, 21, 51, 3902 }, // U+00A7
    { 13, 5, 268, 2, 24, 9, 3953 }, // U+00A8
    { 23, 22, 398, 1, 22, 64, 3962 }, // U+00A9
    { 12, 13, 200, 0, 22, 20, 4026 }, // U+00AA
    { 18, 15, 299, 0, 16, 34, 4046 }, // U+00AB
    { 16, 11, 284, 1, 13, 22, 4080 }, // U+00AC
    { 10, 4, 170, 0, 11, 5, 4102 }, // U+00AD
    { 23, 22, 398, 1, 22, 64, 4107 }, // U+00AE
    { 11, 3, 188, 0, 22, 5, 4171 }, // U+00AF
    { 11, 9, 182, 0, 24, 13, 4176 }, // U+00B0
    { 16, 19, 284, 1, 19, 38, 4189 }, // U+00B1
    { 10, 13, 182, 0, 22, 17, 4227 }, // U+00B2
    { 10, 13, 182, 0, 22, 17, 4244 }, // U+00B3
    { 9, 7, 143, 0, 25, 8, 4261 }, // U+00B4
    { 15, 22, 297, 2, 16, 42, 4269 }, // U+00B5
    { 19, 28, 355, 1, 22, 67, 4311 }, // U+00B6
    { 7, 6, 123, 0, 13, 6, 4378 }, // U+00B7
    { 8, 8, 163, 1, 1, 8, 4384 }, // U+00B8
    { 8, 13, 182, 1, 22, 13, 4392 }, // U+00B9
    { 13, 13, 229, 1, 22, 22, 4405 }, // U+00BA
    { 18, 15, 299, 0, 16, 34, 4427 }, // U+00BB
    { 27, 22, 439, 0, 22, 75, 4461 }, // U+00BC
    { 26, 22, 439, 0, 22, 72, 4536 }, // U+00BD
    { 27, 22, 439, 0, 22, 75, 4608 }, // U+00BE
    { 14, 22, 228, 0, 16, 39, 4683 }, // U+00BF
    { 23, 30, 361, 0, 30, 87, 4722 }, // U+00C0
    { 23, 30, 361, 0, 30, 87, 4809 }, // U+00C1
    { 23, 29, 361, 0, 29, 84, 4896 }, // U+00C2
    { 23, 28, 361, 0, 28, 81, 4980 }, // U+00C3
    { 23, 29, 361, 0, 29, 84, 5061 }, // U+00C4
    { 23, 27, 361, 0, 27, 78, 5145 }, // U+00C5
    { 30, 21, 497, 0, 21, 79, 5223 }, // U+00C6
    { 19, 28, 324, 1, 21, 67, 5302 }, // U+00C7
    { 16, 30, 303, 2, 30, 60, 5369 }, // U+00C8
    { 16, 30, 303, 2, 30, 60, 5429 }, // U+00C9
    { 16, 29, 303, 2, 29, 58, 5489 }, // U+00CA
    { 16, 29, 303, 2, 29, 58, 5547 }, // U+00CB
    { 8, 30, 158, 1, 30, 30, 5605 }, // U+00CC
    { 8, 30, 158, 1, 30, 30, 5635 }, // U+00CD
    { 10, 29, 158, 0, 29, 37, 5665 }, // U+00CE
    { 12, 29, 158, -1, 29, 44, 5702 }, // U+00CF
    { 22, 21, 374, 0, 21, 58, 5746 }, // U+00D0
    { 19, 28, 378, 2, 28, 67, 5804 }, // U+00D1
    { 22, 30, 395, 1, 30, 83, 5871 }, // U+00D2
    { 22, 30, 395, 1, 30, 83, 5954 }, // U+00D3
    { 22, 29, 395, 1, 29, 80, 6037 }, // U+00D4
    { 22, 28, 395, 1, 28, 77, 6117 }, // U+00D5
    { 22, 29, 395, 1, 29, 80, 6194 }, // U+00D6
    { 15, 14, 284, 1, 16, 27, 6274 }, // U+00D7
    { 22, 23, 395, 1, 22, 64, 6301 }, // U+00D8
    { 18, 30, 354, 2, 30, 68, 6365 }, // U+00D9
    { 18, 30, 354, 2, 30, 68, 6433 }, // U+00DA
    { 18, 29, 354, 2, 29, 66, 6501 }, // U+00DB
    { 18, 29, 354, 2, 29, 66, 6567 }, // U+00DC
    { 21, 30, 331, 0, 30, 79, 6633 }, // U+00DD
    { 17, 21, 322, 2, 21, 45, 6712 }, // U+00DE
    { 18, 24, 330, 2, 24, 54, 6757 }, // U+00DF
    { 15, 25, 277, 1, 25, 47, 6811 }, // U+00E0
    { 15, 25, 277, 1, 25, 47, 6858 }, // U+00E1
    { 15, 24, 277, 1, 24, 45, 6905 }, // U+00E2
    { 15, 23, 277, 1, 23, 44, 6950 }, // U+00E3
    { 15, 24, 277, 1, 24, 45, 6994 }, // U+00E4
    { 15, 25, 277, 1, 25, 47, 7039 }, // U+00E5
    { 25, 16, 437, 1, 16, 50, 7086 }, // U+00E6
    { 14, 22, 250, 1, 16, 39, 7136 }, // U+00E7
    { 16, 25, 292, 1, 25, 50, 7175 }, // U+00E8
    { 16, 25, 292, 1, 25, 50, 7225 }, // U+00E9
    { 16, 24, 292, 1, 24, 48, 7275 }, // U+00EA
    { 16, 24, 292, 1, 24, 48, 7323 }, // U+00EB
    { 8, 25, 145, 0, 25, 25, 7371 }, // U+00EC
    { 8, 25, 145, 1, 25, 25, 7396 }, // U+00ED
    { 11, 24, 145, -1, 24, 33, 7421 }, // U+00EE
    { 13, 24, 145, -2, 24, 39, 7454 }, // U+00EF
    { 17, 24, 301, 1, 24, 51, 7493 }, // U+00F0
    { 15, 23, 295, 2, 23, 44, 7544 }, // U+00F1
    { 17, 25, 304, 1, 25, 54, 7588 }, // U+00F2
    { 17, 25, 304, 1, 25, 54, 7642 }, // U+00F3
    { 17, 24, 304, 1, 24, 51, 7696 }, // U+00F4
    { 17, 23, 304, 1, 23, 49, 7747 }, // U+00F5
    { 17, 24, 304, 1, 24, 51, 7796 }, // U+00F6
    { 16, 18, 284, 1, 18, 36, 7847 }, // U+00F7
    { 17, 18, 304, 1, 17, 39, 7883 }, // U+00F8
    { 15, 25, 295, 2, 25, 47, 7922 }, // U+00F9
    { 15, 25, 295, 2, 25, 47, 7969 }, // U+00FA
    { 15, 24, 295, 2, 24, 45, 8016 }, // U+00FB
    { 15, 24, 295, 2, 24, 45, 8061 }, // U+00FC
    { 17, 31, 274, 0, 25, 66, 8106 }, // U+00FD
    { 16, 30, 302, 2, 24, 60, 8172 }, // U+00FE
    { 17, 30, 274, 0, 24, 64, 8232 }, // U+00FF
    { 23, 27, 361, 0, 27, 78, 8296 }, // U+0100
    { 15, 22, 277, 1, 22, 42, 8374 }, // U+0101
    { 23, 29, 361, 0, 29, 84, 8416 }, // U+0102
    { 15, 24, 277, 1, 24, 45, 8500 }, // U+0103
    { 23, 28, 361, 0, 21, 81, 8545 }, // U+0104
    { 15, 22, 277, 1, 16, 42, 8626 }, // U+0105
    { 19, 30, 324, 1, 30, 72, 8668 }, // U+0106
    { 14, 25, 250, 1, 25, 44, 8740 }, // U+0107
    { 19, 29, 324, 1, 29, 69, 8784 }, // U+0108
    { 14, 24, 250, 1, 24, 42, 8853 }, // U+0109
    { 19, 29, 324, 1, 29, 69, 8895 }, // U+010A
    { 14, 24, 250, 1, 24, 42, 8964 }, // U+010B
    { 19, 29, 324, 1, 29, 69, 9006 }, // U+010C
    { 14, 24, 250, 1, 24, 42, 9075 }, // U+010D
    { 20, 29, 369, 2, 29, 73, 9117 }, // U+010E
    { 22, 24, 343, 1, 24, 66, 9190 }, // U+010F
    { 22, 21, 374, 0, 21, 58, 9256 }, // U+0110
    { 18, 24, 303, 1, 24, 54, 9314 }, // U+0111
    { 16, 27, 303, 2, 27, 54, 9368 }, // U+0112
    { 16, 22, 292, 1, 22, 44, 9422 }, // U+0113
    { 16, 29, 303, 2, 29, 58, 9466 }, // U+0114
    { 16, 24, 292, 1, 24, 48, 9524 }, // U+0115
    { 16, 29, 303, 2, 29, 58, 9572 }, // U+0116
    { 16, 24, 292, 1, 24, 48, 9630 }, // U+0117
    { 17, 28, 303, 2, 21, 60, 9678 }, // U+0118
    { 16, 22, 292, 1, 16, 44, 9738 }, // U+0119
    { 16, 29, 303, 2, 29, 58, 9782 }, // U+011A
    { 16, 24, 292, 1, 24, 48, 9840 }, // U+011B
    { 19, 29, 351, 1, 29, 69, 9888 }, // U+011C
    { 16, 30, 297, 1, 24, 60, 9957 }, // U+011D
    { 19, 29, 351, 1, 29, 69, 10017 }, // U+011E
    { 16, 30, 297, 1, 24, 60, 10086 }, // U+011F
    { 19, 29, 351, 1, 29, 69, 10146 }, // U+0120
    { 16, 30, 297, 1, 24, 60, 10215 }, // U+0121
    { 19, 28, 351, 1, 21, 67, 10275 }, // U+0122
    { 16, 31, 297, 1, 25, 62, 10342 }, // U+0123
    { 19, 29, 367, 2, 29, 69, 10404 }, // U+0124
    { 15, 30, 295, 2, 30, 57, 10473 }, // U+0125
    { 24, 21, 378, 0, 21, 63, 10530 }, // U+0126
    { 17, 24, 300, 0, 24, 51, 10593 }, // U+0127
    { 12, 28, 158, -1, 28, 42, 10644 }, // U+0128
    { 13, 23, 145, -2, 23, 38, 10686 }, // U+0129
    { 11, 27, 158, -1, 27, 38, 10724 }, // U+012A
    { 11, 22, 145, -1, 22, 31, 10762 }, // U+012B
    { 11, 29, 158, 0, 29, 40, 10793 }, // U+012C
    { 11, 24, 145, -1, 24, 33, 10833 }, // U+012D
    { 8, 28, 158, 0, 21, 28, 10866 }, // U+012E
    { 8, 31, 145, 0, 24, 31, 10894 }, // U+012F
    { 6, 29, 158, 2, 29, 22, 10925 }, // U+0130
    { 5, 16, 145, 2, 16, 10, 10947 }, // U+0131
    { 22, 21, 421, 2, 21, 58, 10957 }, // U+0132
    { 16, 30, 288, 1, 24, 60, 11015 }, // U+0133
    { 17, 29, 265, 0, 29, 62, 11075 }, // U+0134
    { 13, 30, 145, -3, 24, 49, 11137 }, // U+0135
    { 19, 28, 342, 2, 21, 67, 11186 }, // U+0136
    { 16, 31, 290, 2, 24, 62, 11253 }, // U+0137
    { 16, 16, 291, 2, 16, 32, 11315 }, // U+0138
    { 15, 30, 282, 2, 30, 57, 11347 }, // U+0139
    { 9, 30, 158, 1, 30, 34, 11404 }, // U+013A
    { 15, 28, 282, 2, 21, 53, 11438 }, // U+013B
    { 9, 31, 158, 1, 24, 35, 11491 }, // U+013C
    { 15, 21, 282, 2, 21, 40, 11526 }, // U+013D
    { 11, 24, 185, 2, 24, 33, 11566 }, // U+013E
    { 15, 21, 282, 2, 21, 40, 11599 }, // U+013F
    { 14, 24, 259, 2, 24, 42, 11639 }, // U+0140
    { 18, 21, 297, 0, 21, 48, 11681 }, // U+0141
    { 13, 24, 182, -1, 24, 39, 11729 }, // U+0142
    { 19, 30, 378, 2, 30, 72, 11768 }, // U+0143
    { 15, 25, 295, 2, 25, 47, 11840 }, // U+0144
    { 19, 28, 378, 2, 21, 67, 11887 }, // U+0145
    { 15, 23, 295, 2, 16, 44, 11954 }, // U+0146
    { 19, 29, 378, 2, 29, 69, 11998 }, // U+0147
    { 15, 24, 295, 2, 24, 45, 12067 }, // U+0148
    { 19, 24, 310, -1, 24, 57, 12112 }, // U+0149
    { 19, 27, 378, 2, 21, 65, 12169 }, // U+014A
    { 15, 22, 295, 2, 16, 42, 12234 }, // U+014B
    { 22, 27, 395, 1, 27, 75, 12276 }, // U+014C
    { 17, 22, 304, 1, 22, 47, 12351 }, // U+014D
    { 22, 29, 395, 1, 29, 80, 12398 }, // U+014E
    { 17, 24, 304, 1, 24, 51, 12478 }, // U+014F
    { 22, 30, 395, 1, 30, 83, 12529 }, // U+0150
    { 17, 25, 304, 1, 25, 54, 12612 }, // U+0151
    { 29, 21, 499, 1, 21, 77, 12666 }, // U+0152
    { 27, 16, 469, 1, 16, 54, 12743 }, // U+0153
    { 19, 30, 334, 2, 30, 72, 12797 }, // U+0154
    { 11, 25, 211, 2, 25, 35, 12869 }, // U+0155
    { 19, 28, 334, 2, 21, 67, 12904 }, // U+0156
    { 13, 23, 211, 0, 16, 38, 12971 }, // U+0157
    { 19, 29, 334, 2, 29, 69, 13009 }, // U+0158
    { 11, 24, 211, 2, 24, 33, 13078 }, // U+0159
    { 16, 30, 291, 1, 30, 60, 13111 }, // U+015A
    { 13, 25, 243, 1, 25, 41, 13171 }, // U+015B
    { 16, 29, 291, 1, 29, 58, 13212 }, // U+015C
    { 13, 24, 243, 1, 24, 39, 13270 }, // U+015D
    { 16, 28, 291, 1, 21, 56, 13309 }, // U+015E
    { 13, 23, 243, 1, 16, 38, 13365 }, // U+015F
    { 16, 29, 291, 1, 29, 58, 13403 }, // U+0160
    { 13, 24, 243, 1, 24, 39, 13461 }, // U+0161
    { 19, 28, 307, 0, 21, 67, 13500 }, // U+0162
    { 11, 28, 222, 2, 21, 39, 13567 }, // U+0163
    { 19, 29, 307, 0, 29, 69, 13606 }, // U+0164
    { 11, 24, 222, 2, 24, 33, 13675 }, // U+0165
    { 19, 21, 307, 0, 21, 50, 13708 }, // U+0166
    { 11, 21, 222, 2, 21, 29, 13758 }, // U+0167
    { 18, 28, 354, 2, 28, 63, 13787 }, // U+0168
    { 15, 23, 295, 2, 23, 44, 13850 }, // U+0169
    { 18, 27, 354, 2, 27, 61, 13894 }, // U+016A
    { 15, 22, 295, 2, 22, 42, 13955 }, // U+016B
    { 18, 29, 354, 2, 29, 66, 13997 }, // U+016C
    { 15, 24, 295, 2, 24, 45, 14063 }, // U+016D
    { 18, 29, 354, 2, 29, 66, 14108 }, // U+016E
    { 15, 25, 295, 2, 25, 47, 14174 }, // U+016F
    { 18, 30, 354, 2, 30, 68, 14221 }, // U+0170
    { 15, 25, 295, 2, 25, 47, 14289 }, // U+0171
    { 18, 27, 354, 2, 21, 61, 14336 }, // U+0172
    { 15, 22, 295, 2, 16, 42, 14397 }, // U+0173
    { 29, 29, 474, 0, 29, 106, 14439 }, // U+0174
    { 24, 24, 392, 0, 24, 72, 14545 }, // U+0175
    { 21, 29, 331, 0, 29, 77, 14617 }, // U+0176
    { 17, 30, 274, 0, 24, 64, 14694 }, // U+0177
    { 21, 29, 331, 0, 29, 77, 14758 }, // U+0178
    { 17, 30, 305, 1, 30, 64, 14835 }, // U+0179
    { 14, 25, 250, 1, 25, 44, 14899 }, // U+017A
    { 17, 29, 305, 1, 29, 62, 14943 }, // U+017B
    { 14, 24, 250, 1, 24, 42, 15005 }, // U+017C
    { 17, 29, 305, 1, 29, 62, 15047 }, // U+017D
    { 14, 24, 250, 1, 24, 42, 15109 }, // U+017E
    { 12, 24, 165, 2, 24, 36, 15151 }, // U+017F
    { 22, 24, 395, 1, 24, 66, 15187 }, // U+01A0
    { 18, 19, 304, 1, 19, 43, 15253 }, // U+01A1
    { 22, 24, 374, 2, 24, 66, 15296 }, // U+01AF
    { 18, 19, 313, 2, 19, 43, 15362 }, // U+01B0
    { 38, 29, 650, 2, 29, 138, 15405 }, // U+01C4
    { 35, 24, 608, 2, 24, 105, 15543 }, // U+01C5
    { 32, 24, 548, 1, 24, 96, 15648 }, // U+01C6
    { 30, 21, 545, 2, 21, 79, 15744 }, // U+01C7
    { 23, 30, 424, 2, 24, 87, 15823 }, // U+01C8
    { 15, 30, 302, 2, 24, 57, 15910 }, // U+01C9
    { 36, 21, 641, 2, 21, 95, 15967 }, // U+01CA
    { 29, 30, 522, 2, 24, 109, 16062 }, // U+01CB
    { 24, 30, 439, 2, 24, 90, 16171 }, // U+01CC
    { 23, 29, 361, 0, 29, 84, 16261 }, // U+01CD
    { 15, 24, 277, 1, 24, 45, 16345 }, // U+01CE
    { 10, 29, 158, 0, 29, 37, 16390 }, // U+01CF
    { 11, 24, 145, -1, 24, 33, 16427 }, // U+01D0
    { 22, 29, 395, 1, 29, 80, 16460 }, // U+01D1
    { 17, 24, 304, 1, 24, 51, 16540 }, // U+01D2
    { 18, 29, 354, 2, 29, 66, 16591 }, // U+01D3
    { 15, 24, 295, 2, 24, 45, 16657 }, // U+01D4
    { 18, 29, 354, 2, 29, 66, 16702 }, // U+01D5
    { 15, 25, 295, 2, 25, 47, 16768 }, // U+01D6
    { 18, 31, 354, 2, 31, 70, 16815 }, // U+01D7
    { 15, 28, 295, 2, 28, 53, 16885 }, // U+01D8
    { 18, 31, 354, 2, 31, 70, 16938 }, // U+01D9
    { 15, 27, 295, 2, 27, 51, 17008 }, // U+01DA
    { 18, 31, 354, 2, 31, 70, 17059 }, // U+01DB
    { 15, 28, 295, 2, 28, 53, 17129 }, // U+01DC
    { 16, 16, 292, 1, 16, 32, 17182 }, // U+01DD
    { 23, 29, 361, 0, 29, 84, 17214 }, // U+01DE
    { 15, 25, 277, 1, 25, 47, 17298 }, // U+01DF
    { 23, 29, 361, 0, 29, 84, 17345 }, // U+01E0
    { 15, 25, 277, 1, 25, 47, 17429 }, // U+01E1
    { 30, 27, 497, 0, 27, 102, 17476 }, // U+01E2
    { 25, 22, 437, 1, 22, 69, 17578 }, // U+01E3
    { 22, 21, 364, 1, 21, 58, 17647 }, // U+01E4
    { 18, 22, 301, 1, 16, 50, 17705 }, // U+01E5
    { 19, 29, 351, 1, 29, 69, 17755 }, // U+01E6
    { 16, 30, 297, 1, 24, 60, 17824 }, // U+01E7
    { 19, 29, 342, 2, 29, 69, 17884 }, // U+01E8
    { 16, 30, 290, 2, 30, 60, 17953 }, // U+01E9
    { 22, 27, 395, 1, 21, 75, 18013 }, // U+01EA
    { 17, 22, 304, 1, 16, 47, 18088 }, // U+01EB
    { 22, 33, 395, 1, 27, 91, 18135 }, // U+01EC
    { 17, 28, 304, 1, 22, 60, 18226 }, // U+01ED
    { 18, 29, 307, 0, 29, 66, 18286 }, // U+01EE
    { 15, 31, 258, 0, 25, 59, 18352 }, // U+01EF
    { 13, 30, 145, -3, 24, 49, 18411 }, // U+01F0
    { 38, 21, 650, 2, 21, 100, 18460 }, // U+01F1
    { 35, 21, 608, 2, 21, 92, 18560 }, // U+01F2
    { 32, 24, 548, 1, 24, 96, 18652 }, // U+01F3
    { 19, 30, 351, 1, 30, 72, 18748 }, // U+01F4
    { 16, 31, 297, 1, 25, 62, 18820 }, // U+01F5
    { 30, 21, 531, 2, 21, 79, 18882 }, // U+01F6
    { 18, 27, 336, 2, 21, 61, 18961 }, // U+01F7
    { 19, 30, 378, 2, 30, 72, 19022 }, // U+01F8
    { 15, 25, 295, 2, 25, 47, 19094 }, // U+01F9
    { 23, 30, 361, 0, 30, 87, 19141 }, // U+01FA
    { 15, 31, 277, 1, 31, 59, 19228 }, // U+01FB
    { 30, 30, 497, 0, 30, 113, 19287 }, // U+01FC
    { 25, 25, 437, 1, 25, 79, 19400 }, // U+01FD
    { 22, 31, 395, 1, 30, 86, 19479 }, // U+01FE
    { 17, 26, 304, 1, 25, 56, 19565 }, // U+01FF
    { 23, 30, 361, 0, 30, 87, 19621 }, // U+0200
    { 15, 25, 277, 1, 25, 47, 19708 }, // U+0201
    { 23, 28, 361, 0, 28, 81, 19755 }, // U+0202
    { 15, 23, 277, 1, 23, 44, 19836 }, // U+0203
    { 16, 30, 303, 2, 30, 60, 19880 }, // U+0204
    { 16, 25, 292, 1, 25, 50, 19940 }, // U+0205
    { 16, 28, 303, 2, 28, 56, 19990 }, // U+0206
    { 16, 23, 292, 1, 23, 46, 20046 }, // U+0207
    { 14, 30, 158, -3, 30, 53, 20092 }, // U+0208
    { 14, 25, 145, -3, 25, 44, 20145 }, // U+0209
    { 11, 28, 158, -1, 28, 39, 20189 }, // U+020A
    { 11, 23, 145, -1, 23, 32, 20228 }, // U+020B
    { 22, 30, 395, 1, 30, 83, 20260 }, // U+020C
    { 17, 25, 304, 1, 25, 54, 20343 }, // U+020D
    { 22, 28, 395, 1, 28, 77, 20397 }, // U+020E
    { 17, 23, 304, 1, 23, 49, 20474 }, // U+020F
    { 19, 30, 334, 2, 30, 72, 20523 }, // U+0210
    { 13, 25, 211, 0, 25, 41, 20595 }, // U+0211
    { 19, 28, 334, 2, 28, 67, 20636 }, // U+0212
    { 11, 23, 211, 2, 23, 32, 20703 }, // U+0213
    { 18, 30, 354, 2, 30, 68, 20735 }, // U+0214
    { 16, 25, 295, 1, 25, 50, 20803 }, // U+0215
    { 18, 28, 354, 2, 28, 63, 20853 }, // U+0216
    { 15, 23, 295, 2, 23, 44, 20916 }, // U+0217
    { 16, 28, 291, 1, 21, 56, 20960 }, // U+0218
    { 13, 23, 243, 1, 16, 38, 21016 }, // U+0219
    { 19, 28, 307, 0, 21, 67, 21054 }, // U+021A
    { 11, 28, 222, 2, 21, 39, 21121 }, // U+021B
    { 17, 27, 284, 0, 21, 58, 21160 }, // U+021C
    { 14, 22, 239, 0, 16, 39, 21218 }, // U+021D
    { 19, 29, 367, 2, 29, 69, 21257 }, // U+021E
    { 15, 30, 295, 2, 30, 57, 21326 }, // U+021F
    { 10, 5, 0, -17, 25, 7, 21383 }, // U+0300
    { 10, 5, 0, -11, 25, 7, 21390 }, // U+0301
    { 13, 5, 0, -7, 25, 9, 21397 }, // U+0302
    { 14, 5, 0, -18, 25, 9, 21406 }, // U+0303
    { 12, 3, 0, -6, 23, 5, 21415 }, // U+0304
    { 12, 6, 0, -6, 26, 9, 21420 }, // U+0306
    { 6, 5, 0, -3, 25, 4, 21429 }, // U+0307
    { 12, 4, 0, -6, 24, 6, 21433 }, // U+0308
    { 9, 8, 0, -5, 28, 9, 21439 }, // U+030A
    { 15, 5, 0, -5, 25, 10, 21448 }, // U+030B
    { 14, 5, 0, -7, 25, 9, 21458 }, // U+030C
    { 11, 5, 195, 1, 23, 7, 21467 }, // U+0311
    { 7, 9, 0, -3, 23, 8, 21474 }, // U+0312
    { 6, 5, 0, -3, -2, 4, 21482 }, // U+0326
    { 8, 8, 0, -4, 0, 8, 21486 }, // U+0327
    { 8, 9, 0, -4, 1, 9, 21494 }, // U+0328
    { 0, 0, 0, 0, 0, 0, 21503 }, // U+034F
    { 16, 30, 303, 2, 30, 60, 21503 }, // U+0400
    { 16, 29, 303, 2, 29, 58, 21563 }, // U+0401
    { 24, 21, 407, 0, 21, 63, 21621 }, // U+0402
    { 16, 30, 297, 2, 30, 60, 21684 }, // U+0403
    { 19, 21, 343, 1, 21, 50, 21744 }, // U+0404
    { 16, 21, 291, 1, 21, 42, 21794 }, // U+0405
    { 6, 21, 158, 2, 21, 16, 21836 }, // U+0406
    { 12, 29, 158, -1, 29, 44, 21852 }, // U+0407
    { 15, 21, 265, 0, 21, 40, 21896 }, // U+0408
    { 34, 21, 565, 0, 21, 90, 21936 }, // U+0409
    { 30, 21, 538, 2, 21, 79, 22026 }, // U+040A
    { 23, 21, 386, 0, 21, 61, 22105 }, // U+040B
    { 19, 30, 342, 2, 30, 72, 22166 }, // U+040C
    { 19, 30, 378, 2, 30, 72, 22238 }, // U+040D
    { 20, 29, 326, 0, 29, 73, 22310 }, // U+040E
    { 19, 27, 365, 2, 21, 65, 22383 }, // U+040F
    { 23, 21, 361, 0, 21, 61, 22448 }, // U+0410
    { 17, 21, 325, 2, 21, 45, 22509 }, // U+0411
    { 18, 21, 336, 2, 21, 48, 22554 }, // U+0412
    { 16, 21, 297, 2, 21, 42, 22602 }, // U+0413
    { 25, 27, 411, 0, 21, 85, 22644 }, // U+0414
    { 16, 21, 303, 2, 21, 42, 22729 }, // U+0415
    { 31, 21, 492, 0, 21, 82, 22771 }, // U+0416
    { 18, 21, 305, 0, 21, 48, 22853 }, // U+0417
    { 19, 21, 378, 2, 21, 50, 22901 }, // U+0418
    { 19, 29, 378, 2, 29, 69, 22951 }, // U+0419
    { 19, 21, 342, 2, 21, 50, 23020 }, // U+041A
    { 22, 21, 395, 0, 21, 58, 23070 }, // U+041B
    { 25, 21, 449, 1, 21, 66, 23128 }, // U+041C
    { 19, 21, 367, 2, 21, 50, 23194 }, // U+041D
    { 22, 21, 395, 1, 21, 58, 23244 }, // U+041E
    { 19, 21, 365, 2, 21, 50, 23302 }, // U+041F
    { 17, 21, 322, 2, 21, 45, 23352 }, // U+0420
    { 19, 21, 324, 1, 21, 50, 23397 }, // U+0421
    { 19, 21, 307, 0, 21, 50, 23447 }, // U+0422
    { 20, 21, 326, 0, 21, 53, 23497 }, // U+0423
    { 25, 23, 435, 1, 23, 72, 23550 }, // U+0424
    { 21, 21, 338, 0, 21, 56, 23622 }, // U+0425
    { 22, 27, 395, 2, 21, 75, 23678 }, // U+0426
    { 18, 21, 340, 1, 21, 48, 23753 }, // U+0427
    { 28, 21, 510, 2, 21, 74, 23801 }, // U+0428
    { 31, 27, 540, 2, 21, 105, 23875 }, // U+0429
    { 23, 21, 387, 0, 21, 61, 23980 }, // U+042A
    { 25, 21, 464, 2, 21, 66, 24041 }, // U+042B
    { 18, 21, 330, 2, 21, 48, 24107 }, // U+042C
    { 19, 21, 341, 1, 21, 50, 24155 }, // U+042D
    { 30, 21, 541, 2, 21, 79, 24205 }, // U+042E
    { 18, 21, 345, 1, 21, 48, 24284 }, // U+042F
    { 15, 16, 277, 1, 16, 30, 24332 }, // U+0430
    { 17, 24, 301, 1, 24, 51, 24362 }, // U+0431
    { 16, 16, 299, 2, 16, 32, 24413 }, // U+0432
    { 12, 16, 227, 2, 16, 24, 24445 }, // U+0433
    { 21, 21, 339, 0, 16, 56, 24469 }, // U+0434
    { 16, 16, 292, 1, 16, 32, 24525 }, // U+0435
    { 27, 16, 425, 0, 16, 54, 24557 }, // U+0436
    { 15, 16, 248, 0, 16, 30, 24611 }, // U+0437
    { 16, 16, 310, 2, 16, 32, 24641 }, // U+0438
    { 16, 24, 310, 2, 24, 48, 24673 }, // U+0439
    { 16, 16, 293, 2, 16, 32, 24721 }, // U+043A
    { 18, 16, 314, 0, 16, 36, 24753 }, // U+043B
    { 21, 16, 381, 1, 16, 42, 24789 }, // U+043C
    { 15, 16, 297, 2, 16, 30, 24831 }, // U+043D
    { 17, 16, 304, 1, 16, 34, 24861 }, // U+043E
    { 15, 16, 297, 2, 16, 30, 24895 }, // U+043F
    { 16, 22, 302, 2, 16, 44, 24925 }, // U+0440
    { 14, 16, 250, 1, 16, 28, 24969 }, // U+0441
    { 16, 16, 263, 0, 16, 32, 24997 }, // U+0442
    { 17, 22, 274, 0, 16, 47, 25029 }, // U+0443
    { 23, 30, 397, 1, 24, 87, 25076 }, // U+0444
    { 17, 16, 277, 0, 16, 34, 25163 }, // U+0445
    { 17, 21, 316, 2, 16, 45, 25197 }, // U+0446
    { 15, 16, 284, 1, 16, 30, 25242 }, // U+0447
    { 23, 16, 430, 2, 16, 46, 25272 }, // U+0448
    { 26, 21, 450, 2, 16, 69, 25318 }, // U+0449
    { 19, 16, 320, 0, 16, 38, 25387 }, // U+044A
    { 22, 16, 412, 2, 16, 44, 25425 }, // U+044B
    { 15, 16, 282, 2, 16, 30, 25469 }, // U+044C
    { 16, 16, 261, 0, 16, 32, 25499 }, // U+044D
    { 24, 16, 436, 2, 16, 48, 25531 }, // U+044E
    { 16, 16, 292, 0, 16, 32, 25579 }, // U+044F
    { 16, 25, 292, 1, 25, 50, 25611 }, // U+0450
    { 16, 24, 292, 1, 24, 48, 25661 }, // U+0451
    { 17, 30, 300, 0, 24, 64, 25709 }, // U+0452
    { 12, 25, 227, 2, 25, 38, 25773 }, // U+0453
    { 15, 16, 261, 1, 16, 30, 25811 }, // U+0454
    { 13, 16, 243, 1, 16, 26, 25841 }, // U+0455
    { 7, 24, 145, 1, 24, 21, 25867 }, // U+0456
    { 13, 24, 145, -2, 24, 39, 25888 }, // U+0457
    { 11, 30, 145, -3, 24, 42, 25927 }, // U+0458
    { 27, 16, 451, 0, 16, 54, 25969 }, // U+0459
    { 24, 16, 434, 2, 16, 48, 26023 }, // U+045A
    { 17, 24, 300, 0, 24, 51, 26071 }, // U+045B
    { 16, 25, 293, 2, 25, 50, 26122 }, // U+045C
    { 16, 25, 310, 2, 25, 50, 26172 }, // U+045D
    { 17, 30, 274, 0, 24, 64, 26222 }, // U+045E
    { 15, 21, 297, 2, 16, 40, 26286 }, // U+045F
    { 22, 24, 374, 0, 24, 66, 26326 }, // U+0462
    { 19, 24, 318, 0, 24, 57, 26392 }, // U+0463
    { 22, 21, 395, 1, 21, 58, 26449 }, // U+0472
    { 17, 16, 304, 1, 16, 34, 26507 }, // U+0473
    { 26, 21, 396, 0, 21, 69, 26541 }, // U+0474
    { 19, 16, 299, 0, 16, 38, 26610 }, // U+0475
    { 23, 34, 414, 2, 28, 98, 26648 }, // U+048A
    { 19, 28, 315, 1, 23, 67, 26746 }, // U+048B
    { 20, 21, 330, 0, 21, 53, 26813 }, // U+048C
    { 17, 17, 283, 0, 17, 37, 26866 }, // U+048D
    { 18, 21, 327, 2, 21, 48, 26903 }, // U+048E
    { 16, 22, 307, 2, 16, 44, 26951 }, // U+048F
    { 16, 25, 287, 2, 25, 50, 26995 }, // U+0490
    { 12, 20, 232, 2, 20, 30, 27045 }, // U+0491
    { 19, 21, 317, 1, 21, 50, 27075 }, // U+0492
    { 15, 16, 263, 1, 16, 30, 27125 }, // U+0493
    { 18, 27, 338, 2, 21, 61, 27155 }, // U+0494
    { 15, 22, 285, 2, 16, 42, 27216 }, // U+0495
    { 32, 26, 511, 0, 21, 104, 27258 }, // U+0496
    { 27, 21, 437, 0, 16, 71, 27362 }, // U+0497
    { 18, 28, 305, 0, 21, 63, 27433 }, // U+0498
    { 15, 23, 248, 0, 16, 44, 27496 }, // U+0499
    { 21, 27, 369, 2, 21, 71, 27540 }, // U+049A
    { 17, 21, 303, 2, 16, 45, 27611 }, // U+049B
    { 22, 21, 392, 2, 21, 58, 27656 }, // U+049C
    { 19, 16, 341, 2, 16, 38, 27714 }, // U+049D
    { 22, 22, 354, 0, 22, 61, 27752 }, // U+049E
    { 19, 17, 303, 0, 17, 41, 27813 }, // U+049F
    { 25, 21, 399, 0, 21, 66, 27854 }, // U+04A0
    { 21, 16, 329, 0, 16, 42, 27920 }, // U+04A1
    { 23, 27, 404, 2, 21, 78, 27962 }, // U+04A2
    { 18, 21, 318, 2, 16, 48, 28040 }, // U+04A3
    { 24, 21, 419, 2, 21, 63, 28088 }, // U+04A4
    { 18, 16, 327, 2, 16, 36, 28151 }, // U+04A5
    { 31, 27, 555, 2, 21, 105, 28187 }, // U+04A6
    { 24, 22, 437, 2, 16, 66, 28292 }, // U+04A7
    { 23, 27, 400, 1, 21, 78, 28358 }, // U+04A8
    { 18, 20, 317, 1, 16, 45, 28436 }, // U+04A9
    { 19, 28, 324, 1, 21, 67, 28481 }, // U+04AA
    { 14, 22, 250, 1, 16, 39, 28548 }, // U+04AB
    { 19, 27, 307, 0, 21, 65, 28587 }, // U+04AC
    { 16, 21, 253, 0, 16, 42, 28652 }, // U+04AD
    { 21, 21, 331, 0, 21, 56, 28694 }, // U+04AE
    { 17, 22, 275, 0, 16, 47, 28750 }, // U+04AF
    { 21, 21, 331, 0, 21, 56, 28797 }, // U+04B0
    { 17, 22, 275, 0, 16, 47, 28853 }, // U+04B1
    { 22, 27, 358, 0, 21, 75, 28900 }, // U+04B2
    { 18, 21, 294, 0, 16, 48, 28975 }, // U+04B3
    { 29, 27, 470, 0, 21, 98, 29023 }, // U+04B4
    { 21, 21, 349, 0, 16, 56, 29121 }, // U+04B5
    { 21, 27, 362, 1, 21, 71, 29177 }, // U+04B6
    { 18, 21, 295, 0, 16, 48, 29248 }, // U+04B7
    { 18, 21, 340, 1, 21, 48, 29296 }, // U+04B8
    { 16, 16, 281, 0, 16, 32, 29344 }, // U+04B9
    { 18, 21, 350, 2, 21, 48, 29376 }, // U+04BA
    { 15, 24, 295, 2, 24, 45, 29424 }, // U+04BB
    { 26, 21, 440, 0, 21, 69, 29469 }, // U+04BC
    { 21, 16, 354, 0, 16, 42, 29538 }, // U+04BD
    { 26, 26, 440, 0, 21, 85, 29580 }, // U+04BE
    { 21, 20, 354, 0, 16, 53, 29665 }, // U+04BF
    { 6, 21, 158, 2, 21, 16, 29718 }, // U+04C0
    { 31, 29, 492, 0, 29, 113, 29734 }, // U+04C1
    { 27, 24, 425, 0, 24, 81, 29847 }, // U+04C2
    { 19, 27, 352, 2, 21, 65, 29928 }, // U+04C3
    { 15, 22, 287, 2, 16, 42, 29993 }, // U+04C4
    { 26, 27, 415, 0, 21, 88, 30035 }, // U+04C5
    { 21, 21, 338, 0, 16, 56, 30123 }, // U+04C6
    { 19, 27, 367, 2, 21, 65, 30179 }, // U+04C7
    { 15, 22, 300, 2, 16, 42, 30244 }, // U+04C8
    { 22, 27, 393, 2, 21, 75, 30286 }, // U+04C9
    { 17, 21, 314, 2, 16, 45, 30361 }, // U+04CA
    { 18, 27, 340, 1, 21, 61, 30406 }, // U+04CB
    { 15, 21, 284, 1, 16, 40, 30467 }, // U+04CC
    { 29, 27, 476, 1, 21, 98, 30507 }, // U+04CD
    { 24, 21, 397, 1, 16, 63, 30605 }, // U+04CE
    { 5, 21, 145, 2, 21, 14, 30668 }, // U+04CF
    { 23, 29, 361, 0, 29, 84, 30682 }, // U+04D0
    { 15, 24, 277, 1, 24, 45, 30766 }, // U+04D1
    { 23, 29, 361, 0, 29, 84, 30811 }, // U+04D2
    { 15, 24, 277, 1, 24, 45, 30895 }, // U+04D3
    { 30, 21, 497, 0, 21, 79, 30940 }, // U+04D4
    { 25, 16, 437, 1, 16, 50, 31019 }, // U+04D5
    { 16, 29, 303, 2, 29, 58, 31069 }, // U+04D6
    { 16, 24, 292, 1, 24, 48, 31127 }, // U+04D7
    { 21, 21, 365, 1, 21, 56, 31175 }, // U+04D8
    { 16, 16, 292, 1, 16, 32, 31231 }, // U+04D9
    { 21, 29, 365, 1, 29, 77, 31263 }, // U+04DA
    { 16, 24, 292, 1, 24, 48, 31340 }, // U+04DB
    { 31, 29, 492, 0, 29, 113, 31388 }, // U+04DC
    { 27, 24, 425, 0, 24, 81, 31501 }, // U+04DD
    { 18, 29, 305, 0, 29, 66, 31582 }, // U+04DE
    { 15, 24, 248, 0, 24, 45, 31648 }, // U+04DF
    { 18, 21, 307, 0, 21, 48, 31693 }, // U+04E0
    { 15, 22, 258, 0, 16, 42, 31741 }, // U+04E1
    { 19, 27, 378, 2, 27, 65, 31783 }, // U+04E2
    { 16, 22, 310, 2, 22, 44, 31848 }, // U+04E3
    { 19, 29, 378, 2, 29, 69, 31892 }, // U+04E4
    { 16, 24, 310, 2, 24, 48, 31961 }, // U+04E5
    { 22, 29, 395, 1, 29, 80, 32009 }, // U+04E6
    { 17, 24, 304, 1, 24, 51, 32089 }, // U+04E7
    { 22, 21, 395, 1, 21, 58, 32140 }, // U+04E8
    { 17, 16, 304, 1, 16, 34, 32198 }, // U+04E9
    { 22, 29, 395, 1, 29, 80, 32232 }, // U+04EA
    { 17, 24, 304, 1, 24, 51, 32312 }, // U+04EB
    { 19, 29, 341, 1, 29, 69, 32363 }, // U+04EC
    { 16, 24, 261, 0, 24, 48, 32432 }, // U+04ED
    { 20, 27, 326, 0, 27, 68, 32480 }, // U+04EE
    { 17, 28, 274, 0, 22, 60, 32548 }, // U+04EF
    { 20, 29, 326, 0, 29, 73, 32608 }, // U+04F0
    { 17, 30, 274, 0, 24, 64, 32681 }, // U+04F1
    { 20, 30, 326, 0, 30, 75, 32745 }, // U+04F2
    { 17, 31, 274, 0, 25, 66, 32820 }, // U+04F3
    { 18, 29, 340, 1, 29, 66, 32886 }, // U+04F4
    { 15, 24, 284, 1, 24, 45, 32952 }, // U+04F5
    { 16, 27, 297, 2, 21, 54, 32997 }, // U+04F6
    { 12, 21, 227, 2, 16, 32, 33051 }, // U+04F7
    { 25, 29, 464, 2, 29, 91, 33083 }, // U+04F8
    { 22, 24, 412, 2, 24, 66, 33174 }, // U+04F9
    { 21, 19, 338, 0, 19, 50, 33240 }, // U+05D0
    { 18, 19, 297, 0, 19, 43, 33290 }, // U+05D1
    { 13, 20, 206, 0, 19, 33, 33333 }, // U+05D2
    { 17, 19, 286, 1, 19, 41, 33366 }, // U+05D3
    { 18, 19, 329, 1, 19, 43, 33407 }, // U+05D4
    { 8, 19, 169, 1, 19, 19, 33450 }, // U+05D5
    { 10, 19, 186, 1, 19, 24, 33469 }, // U+05D6
    { 19, 19, 344, 1, 19, 46, 33493 }, // U+05D7
    { 19, 19, 330, 1, 19, 46, 33539 }, // U+05D8
    { 8, 11, 166, 1, 19, 11, 33585 }, // U+05D9
    { 16, 25, 285, 1, 19, 50, 33596 }, // U+05DA
    { 15, 19, 264, 1, 19, 36, 33646 }, // U+05DB
    { 17, 24, 278, 0, 24, 51, 33682 }, // U+05DC
    { 19, 19, 351, 1, 19, 46, 33733 }, // U+05DD
    { 21, 19, 351, 1, 19, 50, 33779 }, // U+05DE
    { 8, 25, 178, 1, 19, 25, 33829 }, // U+05DF
    { 10, 19, 202, 1, 19, 24, 33854 }, // U+05E0
    { 19, 19, 340, 1, 19, 46, 33878 }, // U+05E1
    { 19, 22, 315, 0, 20, 53, 33924 }, // U+05E2
    { 18, 25, 327, 1, 19, 57, 33977 }, // U+05E3
    { 18, 19, 314, 1, 19, 43, 34034 }, // U+05E4
    { 18, 25, 294, 0, 19, 57, 34077 }, // U+05E5
    { 18, 19, 296, 0, 19, 43, 34134 }, // U+05E6
    { 19, 25, 327, 1, 19, 60, 34177 }, // U+05E7
    { 14, 19, 271, 1, 19, 34, 34237 }, // U+05E8
    { 22, 19, 394, 1, 19, 53, 34271 }, // U+05E9
    { 20, 19, 361, 1, 19, 48, 34324 }, // U+05EA
    { 7, 10, 162, 1, 9, 9, 34372 }, // U+060C
    { 8, 23, 170, 0, 22, 23, 34381 }, // U+061B
    { 16, 24, 256, 0, 23, 48, 34404 }, // U+061F
    { 14, 16, 235, 0, 14, 28, 34452 }, // U+0621
    { 12, 6, 145, 0, 5, 9, 34480 }, // U+0640
    { 8, 9, 0, 0, 26, 9, 34489 }, // U+0654
    { 8, 8, 286, 5, 13, 8, 34498 }, // U+0660
    { 8, 23, 286, 5, 22, 23, 34506 }, // U+0661
    { 16, 23, 286, 1, 22, 46, 34529 }, // U+0662
    { 18, 23, 286, 0, 22, 52, 34575 }, // U+0663
    { 14, 23, 286, 2, 22, 41, 34627 }, // U+0664
    { 15, 17, 286, 1, 17, 32, 34668 }, // U+0665
    { 16, 23, 286, 1, 22, 46, 34700 }, // U+0666
    { 18, 23, 286, 0, 22, 52, 34746 }, // U+0667
    { 18, 23, 286, 0, 22, 52, 34798 }, // U+0668
    { 16, 22, 286, 1, 22, 44, 34850 }, // U+0669
    { 22, 20, 371, 0, 12, 55, 34894 }, // U+06BA
    { 9, 3, 163, 1, 3, 4, 34949 }, // U+06D4
    { 14, 18, 236, 0, 17, 32, 34953 }, // U+06D5
    { 8, 8, 286, 5, 13, 8, 34985 }, // U+06F0
    { 8, 23, 286, 5, 22, 23, 34993 }, // U+06F1
    { 16, 23, 286, 1, 22, 46, 35016 }, // U+06F2
    { 18, 23, 286, 0, 22, 52, 35062 }, // U+06F3
    { 16, 23, 286, 1, 22, 46, 35114 }, // U+06F4
    { 17, 22, 286, 0, 22, 47, 35160 }, // U+06F5
    { 14, 23, 286, 2, 22, 41, 35207 }, // U+06F6
    { 18, 23, 286, 0, 22, 52, 35248 }, // U+06F7
    { 18, 23, 286, 0, 22, 52, 35300 }, // U+06F8
    { 16, 22, 286, 1, 22, 44, 35352 }, // U+06F9
    { 23, 29, 361, 0, 22, 84, 35396 }, // U+1EA0
    { 15, 24, 277, 1, 17, 45, 35480 }, // U+1EA1
    { 23, 30, 361, 0, 30, 87, 35525 }, // U+1EA2
    { 15, 26, 277, 1, 25, 49, 35612 }, // U+1EA3
    { 23, 34, 361, 0, 34, 98, 35661 }, // U+1EA4
    { 18, 30, 277, 1, 29, 68, 35759 }, // U+1EA5
    { 23, 35, 361, 0, 35, 101, 35827 }, // U+1EA6
    { 15, 30, 277, 1, 29, 57, 35928 }, // U+1EA7
    { 23, 35, 361, 0, 35, 101, 35985 }, // U+1EA8
    { 17, 31, 277, 1, 30, 66, 36086 }, // U+1EA9
    { 23, 36, 361, 0, 36, 104, 36152 }, // U+1EAA
    { 15, 31, 277, 1, 30, 59, 36256 }, // U+1EAB
    { 23, 37, 361, 0, 30, 107, 36315 }, // U+1EAC
    { 15, 32, 277, 1, 25, 60, 36422 }, // U+1EAD
    { 23, 36, 361, 0, 36, 104, 36482 }, // U+1EAE
    { 15, 32, 277, 1, 31, 60, 36586 }, // U+1EAF
    { 23, 36, 361, 0, 36, 104, 36646 }, // U+1EB0
    { 15, 32, 277, 1, 31, 60, 36750 }, // U+1EB1
    { 23, 37, 361, 0, 37, 107, 36810 }, // U+1EB2
    { 15, 33, 277, 1, 32, 62, 36917 }, // U+1EB3
    { 23, 35, 361, 0, 35, 101, 36979 }, // U+1EB4
    { 15, 31, 277, 1, 30, 59, 37080 }, // U+1EB5
    { 23, 36, 361, 0, 29, 104, 37139 }, // U+1EB6
    { 15, 31, 277, 1, 24, 59, 37243 }, // U+1EB7
    { 16, 29, 303, 2, 22, 58, 37302 }, // U+1EB8
    { 16, 24, 292, 1, 17, 48, 37360 }, // U+1EB9
    { 16, 30, 303, 2, 30, 60, 37408 }, // U+1EBA
    { 16, 26, 292, 1, 25, 52, 37468 }, // U+1EBB
    { 16, 29, 303, 2, 29, 58, 37520 }, // U+1EBC
    { 16, 25, 292, 1, 24, 50, 37578 }, // U+1EBD
    { 18, 34, 303, 2, 34, 77, 37628 }, // U+1EBE
    { 19, 30, 292, 1, 29, 72, 37705 }, // U+1EBF
    { 16, 34, 303, 2, 34, 68, 37777 }, // U+1EC0
    { 17, 30, 292, 1, 29, 64, 37845 }, // U+1EC1
    { 18, 35, 303, 2, 35, 79, 37909 }, // U+1EC2
    { 18, 30, 292, 1, 29, 68, 37988 }, // U+1EC3
    { 16, 36, 303, 2, 36, 72, 38056 }, // U+1EC4
    { 16, 31, 292, 1, 30, 62, 38128 }, // U+1EC5
    { 16, 37, 303, 2, 30, 74, 38190 }, // U+1EC6
    { 16, 32, 292, 1, 25, 64, 38264 }, // U+1EC7
    { 8, 30, 158, 1, 30, 30, 38328 }, // U+1EC8
    { 9, 25, 145, 0, 25, 29, 38358 }, // U+1EC9
    { 6, 29, 158, 2, 22, 22, 38387 }, // U+1ECA
    { 7, 31, 145, 1, 24, 28, 38409 }, // U+1ECB
    { 23, 30, 395, 1, 23, 87, 38437 }, // U+1ECC
    { 17, 24, 304, 1, 17, 51, 38524 }, // U+1ECD
    { 23, 31, 395, 1, 30, 90, 38575 }, // U+1ECE
    { 17, 26, 304, 1, 25, 56, 38665 }, // U+1ECF
    { 23, 36, 395, 1, 35, 104, 38721 }, // U+1ED0
    { 19, 30, 304, 1, 29, 72, 38825 }, // U+1ED1
    { 23, 36, 395, 1, 35, 104, 38897 }, // U+1ED2
    { 17, 31, 304, 1, 30, 66, 39001 }, // U+1ED3
    { 23, 36, 395, 1, 35, 104, 39067 }, // U+1ED4
    { 18, 31, 304, 1, 30, 70, 39171 }, // U+1ED5
    { 23, 37, 395, 1, 36, 107, 39241 }, // U+1ED6
    { 17, 31, 304, 1, 30, 66, 39348 }, // U+1ED7
    { 23, 37, 395, 1, 30, 107, 39414 }, // U+1ED8
    { 17, 32, 304, 1, 25, 68, 39521 }, // U+1ED9
    { 23, 31, 395, 1, 30, 90, 39589 }, // U+1EDA
    { 18, 26, 304, 1, 25, 59, 39679 }, // U+1EDB
    { 23, 31, 395, 1, 30, 90, 39738 }, // U+1EDC
    { 18, 26, 304, 1, 25, 59, 39828 }, // U+1EDD
    { 23, 31, 395, 1, 30, 90, 39887 }, // U+1EDE
    { 18, 26, 304, 1, 25, 59, 39977 }, // U+1EDF
    { 23, 30, 395, 1, 29, 87, 40036 }, // U+1EE0
    { 18, 25, 304, 1, 24, 57, 40123 }, // U+1EE1
    { 23, 33, 395, 1, 26, 95, 40180 }, // U+1EE2
    { 18, 27, 304, 1, 20, 61, 40275 }, // U+1EE3
    { 18, 29, 354, 2, 22, 66, 40336 }, // U+1EE4
    { 15, 24, 295, 2, 17, 45, 40402 }, // U+1EE5
    { 18, 31, 354, 2, 30, 70, 40447 }, // U+1EE6
    { 15, 26, 295, 2, 25, 49, 40517 }, // U+1EE7
    { 22, 31, 374, 2, 30, 86, 40566 }, // U+1EE8
    { 18, 26, 313, 2, 25, 59, 40652 }, // U+1EE9
    { 22, 31, 374, 2, 30, 86, 40711 }, // U+1EEA
    { 18, 26, 313, 2, 25, 59, 40797 }, // U+1EEB
    { 22, 31, 374, 2, 30, 86, 40856 }, // U+1EEC
    { 18, 26, 313, 2, 25, 59, 40942 }, // U+1EED
    { 22, 30, 374, 2, 29, 83, 41001 }, // U+1EEE
    { 18, 25, 313, 2, 24, 57, 41084 }, // U+1EEF
    { 22, 33, 374, 2, 26, 91, 41141 }, // U+1EF0
    { 18, 27, 313, 2, 20, 61, 41232 }, // U+1EF1
    { 21, 30, 331, 0, 30, 79, 41293 }, // U+1EF2
    { 17, 31, 274, 0, 25, 66, 41372 }, // U+1EF3
    { 21, 29, 331, 0, 22, 77, 41438 }, // U+1EF4
    { 18, 23, 274, 0, 17, 52, 41515 }, // U+1EF5
    { 21, 30, 331, 0, 30, 79, 41567 }, // U+1EF6
    { 17, 31, 274, 0, 25, 66, 41646 }, // U+1EF7
    { 21, 29, 331, 0, 29, 77, 41712 }, // U+1EF8
    { 17, 30, 274, 0, 24, 64, 41789 }, // U+1EF9
    { 0, 0, 65, 0, 0, 0, 41853 }, // U+2009
    { 0, 0, 0, 0, 0, 0, 41853 }, // U+200B
    { 2, 23, 0, -1, 22, 6, 41853 }, // U+200C
    { 8, 24, 0, -4, 23, 24, 41859 }, // U+200D
    { 8, 24, 0, -1, 22, 24, 41883 }, // U+200E
    { 8, 24, 0, -7, 22, 24, 41907 }, // U+200F
    { 10, 4, 160, 0, 11, 5, 41931 }, // U+2010
    { 10, 5, 161, 0, 11, 7, 41936 }, // U+2011
    { 16, 4, 250, 0, 11, 8, 41943 }, // U+2013
    { 31, 4, 500, 0, 11, 16, 41951 }, // U+2014
    { 31, 4, 500, 0, 11, 16, 41967 }, // U+2015
    { 7, 9, 122, 1, 24, 8, 41983 }, // U+2018
    { 7, 9, 122, 0, 24, 8, 41991 }, // U+2019
    { 7, 9, 122, 0, 5, 8, 41999 }, // U+201A
    { 13, 9, 227, 1, 24, 15, 42007 }, // U+201C
    { 13, 9, 227, 0, 24, 15, 42022 }, // U+201D
    { 13, 9, 227, 0, 5, 15, 42037 }, // U+201E
    { 14, 26, 247, 1, 21, 46, 42052 }, // U+2020
    { 14, 26, 247, 1, 21, 46, 42098 }, // U+2021
    { 10, 9, 182, 1, 15, 12, 42144 }, // U+2022
    { 29, 6, 500, 1, 6, 22, 42156 }, // U+2026
    { 0, 0, 65, 0, 0, 0, 42178 }, // U+202F
    { 39, 21, 660, 1, 21, 103, 42178 }, // U+2030
    { 10, 15, 164, 0, 16, 19, 42281 }, // U+2039
    { 10, 15, 164, 0, 16, 19, 42300 }, // U+203A
    { 17, 22, 76, -6, 22, 47, 42319 }, // U+2044
    { 8, 23, 170, 0, 22, 23, 42366 }, // U+204F
    { 11, 13, 182, 0, 22, 18, 42389 }, // U+2070
    { 11, 12, 182, 0, 22, 17, 42407 }, // U+2074
    { 11, 13, 182, 0, 22, 18, 42424 }, // U+2075
    { 11, 13, 182, 0, 22, 18, 42442 }, // U+2076
    { 11, 12, 182, 0, 22, 17, 42460 }, // U+2077
    { 11, 13, 182, 0, 22, 18, 42477 }, // U+2078
    { 11, 13, 182, 0, 22, 18, 42495 }, // U+2079
    { 11, 13, 182, 0, 13, 18, 42513 }, // U+2080
    { 8, 13, 182, 1, 13, 13, 42531 }, // U+2081
    { 10, 13, 182, 0, 13, 17, 42544 }, // U+2082
    { 10, 13, 182, 0, 13, 17, 42561 }, // U+2083
    { 11, 12, 182, 0, 13, 17, 42578 }, // U+2084
    { 11, 13, 182, 0, 13, 18, 42595 }, // U+2085
    { 11, 13, 182, 0, 13, 18, 42613 }, // U+2086
    { 11, 12, 182, 0, 13, 17, 42631 }, // U+2087
    { 11, 13, 182, 0, 13, 18, 42648 }, // U+2088
    { 11, 13, 182, 0, 13, 18, 42666 }, // U+2089
    { 23, 19, 432, 2, 19, 55, 42684 }, // U+20AA
    { 17, 21, 284, 1, 21, 45, 42739 }, // U+20AC
    { 18, 21, 284, 0, 21, 48, 42784 }, // U+20AE
    { 17, 21, 284, 0, 21, 45, 42832 }, // U+20B4
    { 18, 21, 284, 1, 21, 48, 42877 }, // U+20B9
    { 17, 22, 306, 1, 22, 47, 42925 }, // U+2202
    { 22, 21, 347, 0, 21, 58, 42972 }, // U+2206
    { 19, 25, 365, 2, 22, 60, 43030 }, // U+220F
    { 17, 24, 272, 0, 21, 51, 43090 }, // U+2211
    { 16, 4, 284, 1, 11, 8, 43141 }, // U+2212
    { 17, 22, 76, -6, 22, 47, 43149 }, // U+2215
    { 7, 6, 123, 0, 13, 6, 43196 }, // U+2219
    { 20, 22, 301, 0, 22, 55, 43202 }, // U+221A
    { 19, 10, 318, 0, 14, 24, 43257 }, // U+221E
    { 13, 30, 201, 0, 23, 49, 43281 }, // U+222B
    { 17, 13, 284, 0, 15, 28, 43330 }, // U+2248
    { 16, 19, 284, 1, 19, 38, 43358 }, // U+2260
    { 16, 20, 284, 1, 20, 40, 43396 }, // U+2264
    { 16, 20, 284, 1, 20, 40, 43436 }, // U+2265
    { 25, 24, 421, 2, 24, 75, 43476 }, // U+FB00
    { 19, 24, 354, 2, 24, 57, 43551 }, // U+FB01
    { 21, 24, 368, 2, 24, 63, 43608 }, // U+FB02
    { 32, 24, 564, 2, 24, 96, 43671 }, // U+FB03
    { 34, 24, 578, 2, 24, 102, 43767 }, // U+FB04
    { 30, 26, 512, 1, 14, 98, 43869 }, // U+FB56
    { 38, 25, 571, 1, 13, 119, 43967 }, // U+FB57
    { 10, 26, 180, 0, 15, 33, 44086 }, // U+FB58
    { 16, 22, 205, 0, 11, 44, 44119 }, // U+FB59
    { 30, 24, 512, 1, 23, 90, 44163 }, // U+FB66
    { 38, 24, 571, 1, 23, 114, 44253 }, // U+FB67
    { 9, 27, 159, 0, 26, 31, 44367 }, // U+FB68
    { 16, 24, 205, 0, 23, 48, 44398 }, // U+FB69
    { 22, 29, 344, 0, 16, 80, 44446 }, // U+FB7A
    { 27, 29, 380, 0, 16, 98, 44526 }, // U+FB7B
    { 19, 25, 315, 0, 14, 60, 44624 }, // U+FB7C
    { 23, 25, 327, 0, 14, 72, 44684 }, // U+FB7D
    { 14, 29, 259, 1, 28, 51, 44756 }, // U+FB88
    { 20, 29, 286, 1, 28, 73, 44807 }, // U+FB89
    { 14, 32, 205, -2, 24, 56, 44880 }, // U+FB8A
    { 19, 32, 225, -2, 24, 76, 44936 }, // U+FB8B
    { 14, 32, 205, -2, 24, 56, 45012 }, // U+FB8C
    { 19, 32, 225, -2, 24, 76, 45068 }, // U+FB8D
    { 28, 24, 455, 1, 23, 84, 45144 }, // U+FB8E
    { 32, 24, 476, 1, 23, 96, 45228 }, // U+FB8F
    { 15, 24, 227, 0, 23, 45, 45324 }, // U+FB90
    { 19, 24, 254, 0, 23, 57, 45369 }, // U+FB91
    { 28, 29, 455, 1, 28, 102, 45426 }, // U+FB92
    { 32, 29, 476, 1, 28, 116, 45528 }, // U+FB93
    { 16, 29, 227, -1, 28, 58, 45644 }, // U+FB94
    { 20, 29, 254, -1, 28, 73, 45702 }, // U+FB95
    { 22, 20, 371, 0, 12, 55, 45775 }, // U+FB9E
    { 28, 19, 403, 0, 11, 67, 45830 }, // U+FB9F
    { 14, 18, 236, 0, 17, 32, 45897 }, // U+FBA6
    { 21, 14, 293, 0, 13, 37, 45929 }, // U+FBA7
    { 9, 21, 159, 0, 15, 24, 45966 }, // U+FBA8
    { 19, 16, 258, 0, 7, 38, 45990 }, // U+FBA9
    { 23, 19, 386, 0, 18, 55, 46028 }, // U+FBAA
    { 24, 22, 343, 0, 15, 66, 46083 }, // U+FBAB
    { 19, 19, 321, 0, 18, 46, 46149 }, // U+FBAC
    { 21, 22, 286, 0, 15, 58, 46195 }, // U+FBAD
    { 29, 17, 471, 0, 16, 62, 46253 }, // U+FBAE
    { 21, 15, 281, 0, 5, 40, 46315 }, // U+FBAF
    { 29, 26, 471, 0, 25, 95, 46355 }, // U+FBB0
    { 21, 23, 281, 0, 13, 61, 46450 }, // U+FBB1
    { 26, 23, 411, 0, 15, 75, 46511 }, // U+FBFC
    { 28, 16, 400, 0, 8, 56, 46586 }, // U+FBFD
    { 10, 23, 180, 0, 15, 29, 46642 }, // U+FBFE
    { 16, 19, 205, 0, 11, 38, 46671 }, // U+FBFF
    { 14, 16, 235, 0, 14, 28, 46709 }, // U+FE80
    { 12, 28, 136, -2, 28, 42, 46737 }, // U+FE81
    { 15, 31, 159, -2, 30, 59, 46779 }, // U+FE82
    { 7, 31, 136, 0, 31, 28, 46838 }, // U+FE83
    { 13, 34, 159, 0, 33, 56, 46866 }, // U+FE84
    { 15, 30, 249, 0, 22, 57, 46922 }, // U+FE85
    { 19, 30, 262, 0, 22, 72, 46979 }, // U+FE86
    { 8, 34, 137, 1, 23, 34, 47051 }, // U+FE87
    { 12, 34, 159, 1, 23, 51, 47085 }, // U+FE88
    { 26, 25, 411, 0, 17, 82, 47136 }, // U+FE89
    { 28, 25, 400, 0, 17, 88, 47218 }, // U+FE8A
    { 9, 25, 159, 0, 24, 29, 47306 }, // U+FE8B
    { 15, 22, 192, 0, 21, 42, 47335 }, // U+FE8C
    { 6, 23, 137, 1, 23, 18, 47377 }, // U+FE8D
    { 12, 24, 159, 1, 23, 36, 47395 }, // U+FE8E
    { 30, 23, 512, 1, 14, 87, 47431 }, // U+FE8F
    { 38, 22, 571, 1, 13, 105, 47518 }, // U+FE90
    { 9, 23, 159, 0, 15, 26, 47623 }, // U+FE91
    { 15, 19, 192, 0, 11, 36, 47649 }, // U+FE92
    { 14, 25, 236, 0, 24, 44, 47685 }, // U+FE93
    { 20, 28, 278, 0, 27, 70, 47729 }, // U+FE94
    { 30, 20, 512, 1, 19, 75, 47799 }, // U+FE95
    { 38, 20, 571, 1, 19, 95, 47874 }, // U+FE96
    { 11, 23, 159, -1, 22, 32, 47969 }, // U+FE97
    { 16, 20, 205, 0, 19, 40, 48001 }, // U+FE98
    { 30, 24, 512, 1, 23, 90, 48041 }, // U+FE99
    { 38, 24, 571, 1, 23, 114, 48131 }, // U+FE9A
    { 9, 27, 159, 0, 26, 31, 48245 }, // U+FE9B
    { 16, 24, 205, 0, 23, 48, 48276 }, // U+FE9C
    { 21, 29, 344, 0, 16, 77, 48324 }, // U+FE9D
    { 26, 29, 370, 0, 16, 95, 48401 }, // U+FE9E
    { 19, 22, 315, 0, 14, 53, 48496 }, // U+FE9F
    { 23, 22, 327, 0, 14, 64, 48549 }, // U+FEA0
    { 21, 29, 344, 0, 16, 77, 48613 }, // U+FEA1
    { 26, 29, 370, 0, 16, 95, 48690 }, // U+FEA2
    { 19, 15, 315, 0, 14, 36, 48785 }, // U+FEA3
    { 23, 15, 327, 0, 14, 44, 48821 }, // U+FEA4
    { 21, 37, 344, 0, 24, 98, 48865 }, // U+FEA5
    { 26, 37, 370, 0, 24, 121, 48963 }, // U+FEA6
    { 19, 22, 315, 0, 21, 53, 49084 }, // U+FEA7
    { 23, 23, 327, 0, 22, 67, 49137 }, // U+FEA8
    { 14, 18, 259, 1, 17, 32, 49204 }, // U+FEA9
    { 20, 18, 286, 1, 17, 45, 49236 }, // U+FEAA
    { 14, 25, 259, 1, 24, 44, 49281 }, // U+FEAB
    { 20, 25, 286, 1, 24, 63, 49325 }, // U+FEAC
    { 13, 20, 205, -2, 12, 33, 49388 }, // U+FEAD
    { 19, 20, 225, -2, 12, 48, 49421 }, // U+FEAE
    { 13, 28, 205, -2, 20, 46, 49469 }, // U+FEAF
    { 19, 28, 225, -2, 20, 67, 49515 }, // U+FEB0
    { 42, 23, 685, 0, 15, 121, 49582 }, // U+FEB1
    { 48, 21, 720, 0, 13, 126, 49703 }, // U+FEB2
    { 29, 16, 475, 0, 15, 58, 49829 }, // U+FEB3
    { 35, 14, 510, 0, 13, 62, 49887 }, // U+FEB4
    { 42, 32, 685, 0, 24, 168, 49949 }, // U+FEB5
    { 48, 32, 720, 0, 24, 192, 50117 }, // U+FEB6
    { 29, 25, 475, 0, 24, 91, 50309 }, // U+FEB7
    { 35, 25, 510, 0, 24, 110, 50400 }, // U+FEB8
    { 44, 22, 711, 0, 14, 121, 50510 }, // U+FEB9
    { 48, 22, 721, 0, 14, 132, 50631 }, // U+FEBA
    { 30, 15, 487, 0, 14, 57, 50763 }, // U+FEBB
    { 34, 15, 502, 0, 14, 64, 50820 }, // U+FEBC
    { 44, 30, 711, 0, 22, 165, 50884 }, // U+FEBD
    { 48, 30, 721, 0, 22, 180, 51049 }, // U+FEBE
    { 30, 23, 487, 0, 22, 87, 51229 }, // U+FEBF
    { 34, 23, 502, 0, 22, 98, 51316 }, // U+FEC0
    { 26, 24, 422, 0, 23, 78, 51414 }, // U+FEC1
    { 30, 24, 431, 0, 23, 90, 51492 }, // U+FEC2
    { 22, 24, 369, 0, 23, 66, 51582 }, // U+FEC3
    { 27, 24, 381, 0, 23, 81, 51648 }, // U+FEC4
    { 26, 24, 422, 0, 23, 78, 51729 }, // U+FEC5
    { 30, 24, 431, 0, 23, 90, 51807 }, // U+FEC6
    { 22, 24, 369, 0, 23, 66, 51897 }, // U+FEC7
    { 27, 24, 381, 0, 23, 81, 51963 }, // U+FEC8
    { 21, 31, 285, 0, 18, 82, 52044 }, // U+FEC9
    { 21, 28, 285, 0, 15, 74, 52126 }, // U+FECA
    { 17, 17, 279, 0, 16, 37, 52200 }, // U+FECB
    { 21, 16, 276, -1, 15, 42, 52237 }, // U+FECC
    { 21, 38, 285, 0, 25, 100, 52279 }, // U+FECD
    { 21, 36, 285, 0, 23, 95, 52379 }, // U+FECE
    { 17, 24, 279, 0, 23, 51, 52474 }, // U+FECF
    { 21, 24, 276, -1, 23, 63, 52525 }, // U+FED0
    { 30, 27, 512, 1, 26, 102, 52588 }, // U+FED1
    { 37, 24, 558, 1, 23, 111, 52690 }, // U+FED2
    { 15, 27, 253, 0, 26, 51, 52801 }, // U+FED3
    { 20, 24, 265, 0, 23, 60, 52852 }, // U+FED4
    { 25, 28, 416, 0, 22, 88, 52912 }, // U+FED5
    { 30, 29, 428, 0, 20, 109, 53000 }, // U+FED6
    { 15, 27, 253, 0, 26, 51, 53109 }, // U+FED7
    { 20, 24, 265, 0, 23, 60, 53160 }, // U+FED8
    { 27, 24, 466, 1, 23, 81, 53220 }, // U+FED9
    { 32, 24, 487, 1, 23, 96, 53301 }, // U+FEDA
    { 15, 24, 227, 0, 23, 45, 53397 }, // U+FEDB
    { 19, 24, 254, 0, 23, 57, 53442 }, // U+FEDC
    { 22, 31, 371, 0, 23, 86, 53499 }, // U+FEDD
    { 28, 31, 396, 0, 23, 109, 53585 }, // U+FEDE
    { 8, 24, 149, 0, 23, 24, 53694 }, // U+FEDF
    { 14, 24, 172, 0, 23, 42, 53718 }, // U+FEE0
    { 17, 27, 274, 0, 14, 58, 53760 }, // U+FEE1
    { 24, 27, 331, 0, 14, 81, 53818 }, // U+FEE2
    { 17, 15, 291, 0, 14, 32, 53899 }, // U+FEE3
    { 22, 15, 312, 0, 14, 42, 53931 }, // U+FEE4
    { 22, 26, 371, 0, 18, 72, 53973 }, // U+FEE5
    { 28, 26, 403, 0, 18, 91, 54045 }, // U+FEE6
    { 9, 23, 159, 0, 22, 26, 54136 }, // U+FEE7
    { 15, 20, 192, 0, 19, 38, 54162 }, // U+FEE8
    { 14, 18, 236, 0, 17, 32, 54200 }, // U+FEE9
    { 20, 20, 278, 0, 19, 50, 54232 }, // U+FEEA
    { 19, 19, 321, 0, 18, 46, 54282 }, // U+FEEB
    { 21, 22, 286, 0, 15, 58, 54328 }, // U+FEEC
    { 15, 21, 249, 0, 13, 40, 54386 }, // U+FEED
    { 19, 21, 262, 0, 13, 50, 54426 }, // U+FEEE
    { 26, 23, 411, 0, 15, 75, 54476 }, // U+FEEF
    { 28, 16, 400, 0, 8, 56, 54551 }, // U+FEF0
    { 26, 30, 411, 0, 15, 98, 54607 }, // U+FEF1
    { 28, 23, 400, 0, 8, 81, 54705 }, // U+FEF2
    { 10, 23, 180, 0, 15, 29, 54786 }, // U+FEF3
    { 16, 19, 205, 0, 11, 38, 54815 }, // U+FEF4
    { 21, 25, 316, -2, 25, 66, 54853 }, // U+FEF5
    { 24, 27, 341, 0, 26, 81, 54919 }, // U+FEF6
    { 19, 28, 316, 0, 28, 67, 55000 }, // U+FEF7
    { 23, 30, 341, 1, 29, 87, 55067 }, // U+FEF8
    { 18, 34, 316, 1, 23, 77, 55154 }, // U+FEF9
    { 23, 34, 341, 1, 23, 98, 55231 }, // U+FEFA
    { 18, 23, 316, 1, 23, 52, 55329 }, // U+FEFB
    { 23, 24, 341, 1, 23, 69, 55381 }, // U+FEFC
};

static const EpdUnicodeInterval ubuntu_15_boldIntervals[] = {
    { 0x0, 0x0, 0x0 },
    { 0x8, 0x9, 0x1 },
    { 0xD, 0xD, 0x3 },
    { 0x1D, 0x1D, 0x4 },
    { 0x20, 0x7E, 0x5 },
    { 0xA0, 0x17F, 0x64 },
    { 0x1A0, 0x1A1, 0x144 },
    { 0x1AF, 0x1B0, 0x146 },
    { 0x1C4, 0x21F, 0x148 },
    { 0x300, 0x304, 0x1A4 },
    { 0x306, 0x308, 0x1A9 },
    { 0x30A, 0x30C, 0x1AC },
    { 0x311, 0x312, 0x1AF },
    { 0x326, 0x328, 0x1B1 },
    { 0x34F, 0x34F, 0x1B4 },
    { 0x400, 0x45F, 0x1B5 },
    { 0x462, 0x463, 0x215 },
    { 0x472, 0x475, 0x217 },
    { 0x48A, 0x4F9, 0x21B },
    { 0x5D0, 0x5EA, 0x28B },
    { 0x60C, 0x60C, 0x2A6 },
    { 0x61B, 0x61B, 0x2A7 },
    { 0x61F, 0x61F, 0x2A8 },
    { 0x621, 0x621, 0x2A9 },
    { 0x640, 0x640, 0x2AA },
    { 0x654, 0x654, 0x2AB },
    { 0x660, 0x669, 0x2AC },
    { 0x6BA, 0x6BA, 0x2B6 },
    { 0x6D4, 0x6D5, 0x2B7 },
    { 0x6F0, 0x6F9, 0x2B9 },
    { 0x1EA0, 0x1EF9, 0x2C3 },
    { 0x2009, 0x2009, 0x31D },
    { 0x200B, 0x2011, 0x31E },
    { 0x2013, 0x2015, 0x325 },
    { 0x2018, 0x201A, 0x328 },
    { 0x201C, 0x201E, 0x32B },
    { 0x2020, 0x2022, 0x32E },
    { 0x2026, 0x2026, 0x331 },
    { 0x202F, 0x2030, 0x332 },
    { 0x2039, 0x203A, 0x334 },
    { 0x2044, 0x2044, 0x336 },
    { 0x204F, 0x204F, 0x337 },
    { 0x2070, 0x2070, 0x338 },
    { 0x2074, 0x2079, 0x339 },
    { 0x2080, 0x2089, 0x33F },
    { 0x20AA, 0x20AA, 0x349 },
    { 0x20AC, 0x20AC, 0x34A },
    { 0x20AE, 0x20AE, 0x34B },
    { 0x20B4, 0x20B4, 0x34C },
    { 0x20B9, 0x20B9, 0x34D },
    { 0x2202, 0x2202, 0x34E },
    { 0x2206, 0x2206, 0x34F },
    { 0x220F, 0x220F, 0x350 },
    { 0x2211, 0x2212, 0x351 },
    { 0x2215, 0x2215, 0x353 },
    { 0x2219, 0x221A, 0x354 },
    { 0x221E, 0x221E, 0x356 },
    { 0x222B, 0x222B, 0x357 },
    { 0x2248, 0x2248, 0x358 },
    { 0x2260, 0x2260, 0x359 },
    { 0x2264, 0x2265, 0x35A },
    { 0xFB00, 0xFB04, 0x35C },
    { 0xFB56, 0xFB59, 0x361 },
    { 0xFB66, 0xFB69, 0x365 },
    { 0xFB7A, 0xFB7D, 0x369 },
    { 0xFB88, 0xFB95, 0x36D },
    { 0xFB9E, 0xFB9F, 0x37B },
    { 0xFBA6, 0xFBB1, 0x37D },
    { 0xFBFC, 0xFBFF, 0x389 },
    { 0xFE80, 0xFEFC, 0x38D },
};

static const uint16_t ubuntu_15_boldKernLeftCodepoints[] = {
    0x0022, 0x0026, 0x0027, 0x0028, 0x0029, 0x002A, 0x002C, 0x002D, 0x002E, 0x002F, 0x003A, 0x003B,
    0x0040, 0x0041, 0x0042, 0x0043, 0x0044, 0x0045, 0x0046, 0x0047, 0x0048, 0x0049, 0x004A, 0x004B,
    0x004C, 0x004D, 0x004E, 0x004F, 0x0050, 0x0051, 0x0052, 0x0053, 0x0054, 0x0055, 0x0056, 0x0057,
    0x0058, 0x0059, 0x005A, 0x005B, 0x005C, 0x005D, 0x0061, 0x0062, 0x0063, 0x0064, 0x0066, 0x0067,
    0x0068, 0x0069, 0x006A, 0x006B, 0x006C, 0x006D, 0x006E, 0x006F, 0x0070, 0x0071, 0x0072, 0x0073,
    0x0074, 0x0075, 0x0076, 0x0077, 0x0078, 0x0079, 0x007A, 0x007B, 0x007D, 0x00A1, 0x00AB, 0x00BB,
    0x00BF, 0x00C0, 0x00C1, 0x00C2, 0x00C3, 0x00C4, 0x00C5, 0x00C6, 0x00C7, 0x00C8, 0x00C9, 0x00CA,
    0x00CB, 0x00CC, 0x00CD, 0x00CE, 0x00CF, 0x00D0, 0x00D1, 0x00D2, 0x00D3, 0x00D4, 0x00D5, 0x00D6,
    0x00D8, 0x00D9, 0x00DA, 0x00DB, 0x00DC, 0x00DD, 0x00DE, 0x00DF, 0x00E0, 0x00E1, 0x00E2, 0x00E3,
    0x00E4, 0x00E5, 0x00E7, 0x00EC, 0x00ED, 0x00EE, 0x00EF, 0x00F0, 0x00F1, 0x00F2, 0x00F3, 0x00F4,
    0x00F5, 0x00F6, 0x00F8, 0x00F9, 0x00FA, 0x00FB, 0x00FC, 0x00FD, 0x00FE, 0x00FF, 0x0100, 0x0101,
    0x0102, 0x0103, 0x0104, 0x0105, 0x0106, 0x0107, 0x0108, 0x0109, 0x010A, 0x010B, 0x010C, 0x010D,
    0x010E, 0x010F, 0x0110, 0x0111, 0x0112, 0x0114, 0x0116, 0x0118, 0x011A, 0x011C, 0x011D, 0x011E,
    0x011F, 0x0120, 0x0121, 0x0122, 0x0123, 0x0124, 0x0125, 0x0126, 0x0127, 0x0128, 0x0129, 0x012A,
    0x012B, 0x012C, 0x012D, 0x012E, 0x012F, 0x0130, 0x0131, 0x0132, 0x0133, 0x0134, 0x0135, 0x0136,
    0x0137, 0x0138, 0x0139, 0x013A, 0x013B, 0x013C, 0x013D, 0x013E, 0x013F, 0x0140, 0x0141, 0x0142,
    0x0143, 0x0144, 0x0145, 0x0146, 0x0147, 0x0148, 0x0149, 0x014A, 0x014B, 0x014C, 0x014D, 0x014E,
    0x014F, 0x0150, 0x0151, 0x0152, 0x0154, 0x0155, 0x0156, 0x0157, 0x0158, 0x0159, 0x015A, 0x015B,
    0x015C, 0x015D, 0x015E, 0x015F, 0x0160, 0x0161, 0x0162, 0x0163, 0x0164, 0x0165, 0x0166, 0x0167,
    0x0168, 0x0169, 0x016A, 0x016B, 0x016C, 0x016D, 0x016E, 0x016F, 0x0170, 0x0171, 0x0172, 0x0173,
    0x0174, 0x0175, 0x0176, 0x0177, 0x0178, 0x0179, 0x017A, 0x017B, 0x017C, 0x017D, 0x017E, 0x017F,
    0x01A0, 0x01C4, 0x01C5, 0x01C6, 0x01C7, 0x01C8, 0x01C9, 0x01CA, 0x01CB, 0x01CC, 0x01CD, 0x01CE,
    0x01CF, 0x01D0, 0x01D1, 0x01D2, 0x01D3, 0x01D4, 0x01D5, 0x01D6, 0x01D7, 0x01D8, 0x01D9, 0x01DA,
    0x01DB, 0x01DC, 0x01DD, 0x01DE, 0x01DF, 0x01E0, 0x01E1, 0x01E2, 0x01E4, 0x01E5, 0x01E6, 0x01E7,
    0x01E8, 0x01E9, 0x01EA, 0x01EB, 0x01EC, 0x01ED, 0x01EE, 0x01EF, 0x01F0, 0x01F1, 0x01F2, 0x01F3,
    0x01F4, 0x01F5, 0x01F6, 0x01F7, 0x01F8, 0x01F9, 0x01FA, 0x01FB, 0x01FC, 0x01FE, 0x01FF, 0x0200,
    0x0201, 0x0202, 0x0203, 0x0204, 0x0206, 0x0208, 0x0209, 0x020A, 0x020B, 0x020C, 0x020D, 0x020E,
    0x020F, 0x0210, 0x0211, 0x0212, 0x0213, 0x0214, 0x0215, 0x0216, 0x0217, 0x0218, 0x0219, 0x021A,
    0x021B, 0x021C, 0x021E, 0x021F, 0x0400, 0x0401, 0x0402, 0x0403, 0x0404, 0x0405, 0x0406, 0x0407,
    0x0408, 0x0409, 0x040A, 0x040B, 0x040C, 0x040D, 0x040E, 0x040F, 0x0410, 0x0411, 0x0412, 0x0413,
    0x0414, 0x0415, 0x0416, 0x0417, 0x0418, 0x0419, 0x041A, 0x041C, 0x041D, 0x041E, 0x041F, 0x0420,
    0x0421, 0x0422, 0x0423, 0x0424, 0x0425, 0x0426, 0x0428, 0x0429, 0x042A, 0x042B, 0x042C, 0x042D,
    0x042E, 0x0430, 0x0431, 0x0432, 0x0433, 0x0434, 0x0435, 0x0436, 0x0437, 0x043A, 0x043B, 0x043C,
    0x043D, 0x043E, 0x043F, 0x0440, 0x0441, 0x0442, 0x0443, 0x0444, 0x0445, 0x0446, 0x0447, 0x0448,
    0x0449, 0x044A, 0x044B, 0x044C, 0x044D, 0x044E, 0x044F, 0x0450, 0x0451, 0x0452, 0x0453, 0x0454,
    0x0455, 0x0456, 0x0457, 0x0458, 0x0459, 0x045A, 0x045B, 0x045C, 0x045E, 0x045F, 0x0462, 0x0463,
    0x0472, 0x0473, 0x0474, 0x0475, 0x048A, 0x048B, 0x048C, 0x048D, 0x048F, 0x0490, 0x0491, 0x0492,
    0x0493, 0x0494, 0x0495, 0x0496, 0x0497, 0x0498, 0x0499, 0x049A, 0x049B, 0x049C, 0x049D, 0x049E,
    0x049F, 0x04A0, 0x04A1, 0x04A2, 0x04A3, 0x04A4, 0x04A5, 0x04A6, 0x04A7, 0x04A8, 0x04A9, 0x04AA,
    0x04AB, 0x04AC, 0x04AD, 0x04AE, 0x04AF, 0x04B0, 0x04B1, 0x04B2, 0x04B3, 0x04B4, 0x04B5, 0x04B6,
    0x04B7, 0x04BA, 0x04BB, 0x04BC, 0x04BE, 0x04C0, 0x04C1, 0x04C2, 0x04C3, 0x04C4, 0x04C6, 0x04C7,
    0x04C8, 0x04C9, 0x04CA, 0x04CC, 0x04CD, 0x04CE, 0x04CF, 0x04D0, 0x04D1, 0x04D2, 0x04D3, 0x04D4,
    0x04D5, 0x04D6, 0x04D7, 0x04D8, 0x04DA, 0x04DC, 0x04DD, 0x04DE, 0x04DF, 0x04E0, 0x04E1, 0x04E2,
    0x04E4, 0x04E6, 0x04E7, 0x04E8, 0x04E9, 0x04EA, 0x04EB, 0x04EC, 0x04ED, 0x04EE, 0x04EF, 0x04F0,
    0x04F1, 0x04F2, 0x04F3, 0x04F6, 0x04F7, 0x04F8, 0x04F9, 0x05D0, 0x05D1, 0x05D2, 0x05D3, 0x05D5,
    0x05D6, 0x05D8, 0x05D9, 0x05DB, 0x05DC, 0x05DE, 0x05E0, 0x05E1, 0x05E2, 0x05E4, 0x05E6, 0x05E8,
    0x05E9, 0x05EA, 0x1EF2, 0x1EF3, 0x2013, 0x2014, 0x2018, 0x2019, 0x201A, 0x201C, 0x201D, 0x201E,
    0x2026, 0x2039, 0x203A, 0xFB00, 0xFB01, 0xFB02, 0xFB03, 0xFB04, 0xFB8C, 0xFEAD, 0xFEAE, 0xFEAF,
};

static const uint8_t ubuntu_15_boldKernLeftClassIds[] = {
      1,   2,   1,   3,   4,   5,   6,   7,   6,   8,   9,   9,  10,  11,  12,  13,
     14,  15,  16,  17,  18,  18,  19,  20,  21,  22,  18,  23,  24,  25,  26,  27,
     28,  29,  30,  31,  32,  33,  34,  35,  36,  37,  38,  39,  40,  41,  42,  43,
     44,  45,  46,  47,  48,  49,  49,  50,  39,  51,  52,  53,  54,  55,  56,  57,
     58,  59,  60,  61,  62,  63,  64,  65,  66,  11,  11,  11,  11,  11,  11,  15,
     13,  15,  15,  15,  15,  18,  18,  18,  18,  14,  18,  23,  23,  23,  23,  23,
     23,  29,  29,  29,  29,  33,  67,  68,  38,  38,  38,  38,  38,  38,  40,  45,
     45,  45,  45,  69,  49,  50,  50,  50,  50,  50,  50,  55,  55,  55,  55,  59,
     70,  59,  11,  38,  11,  38,  11,  38,  13,  40,  13,  40,  13,  40,  13,  40,
     14,  71,  14,  41,  15,  15,  15,  15,  15,  17,  43,  17,  43,  17,  43,  17,
     43,  18,  44,  18,  44,  18,  45,  18,  45,  18,  45,  18,  45,  18,  45,  19,
     46,  19,  46,  20,  47,  47,  21,  48,  21,  48,  21,  71,  21,  48,  21,  48,
     18,  49,  18,  49,  18,  49,  49,  72,  73,  23,  50,  23,  50,  23,  50,  15,
     26,  52,  26,  52,  26,  52,  27,  53,  27,  53,  27,  53,  27,  53,  28,  54,
     28,  54,  28,  54,  29,  55,  29,  55,  29,  55,  29,  55,  29,  55,  29,  55,
     31,  57,  33,  59,  33,  34,  60,  34,  60,  34,  60,  42,  74,  34,  60,  60,
     19,  46,  46,  19,  46,  46,  11,  38,  18,  45,  23,  50,  29,  55,  29,  55,
     29,  55,  29,  55,  29,  55,  50,  11,  38,  11,  38,  15,  17,  43,  17,  43,
     20,  47,  23,  50,  23,  50,  75,  76,  46,  34,  60,  60,  17,  43,  55,  77,
     18,  49,  11,  38,  15,  23,  50,  11,  38,  11,  38,  15,  15,  18,  45,  18,
     45,  23,  50,  23,  50,  26,  52,  26,  52,  29,  55,  29,  55,  27,  53,  28,
     54,  78,  18,  44,  79,  79,  80,  81,  82,  83,  18,  18,  84,  85,  85,  86,
     87,  18,  88,  18,  89,  80,  90,  81,  91,  79,  92,  93,  18,  18,  87,  94,
     18,  95,  18,  96,  82,  97,  88,  98,  99,  91,  18,  91,  85,  18,  85, 100,
     95, 101, 102, 103, 104, 105, 106, 107, 108, 109, 110, 111, 112, 113, 112, 114,
    115, 116, 117, 118, 119, 105, 112, 112, 105, 120, 112, 120, 121, 122, 123, 106,
    106, 124, 104, 125, 126, 127, 127, 128, 120, 120, 129, 109, 117, 130,  80, 131,
     95, 113, 132, 133,  91, 105,  85, 120, 114,  81, 104,  81, 104,  80, 134,  92,
    107,  93, 108,  87, 109,  87, 109,  87, 109,  87, 109,  91, 105,  97, 104,  85,
    135, 136, 137,  82, 115,  97, 116, 138, 139, 138, 139,  99, 119,  91, 105,  91,
    105, 140, 141, 142, 142,  18,  92, 107, 143, 144, 105,  84, 145,  91, 105, 112,
     91, 105,  18,  89, 101,  89, 101, 146, 147,  79, 106, 148, 148,  92, 107,  93,
    108, 149, 150,  18,  18,  95, 113,  95, 113,  95, 113, 100, 108,  88, 117,  88,
    117,  88, 117,  81, 104,  18, 112, 151, 152, 153, 154, 155, 156, 157, 158, 159,
    160, 161, 162, 163, 164, 165, 166, 167, 168, 169,  33,  59,   7,   7, 170, 171,
    172, 170, 171, 172,   6,  64,  65,  42,  45,  48,  45,  48, 173, 173, 173, 173,
};

static const uint16_t ubuntu_15_boldKernRightCodepoints[] = {
    0x0021, 0x0022, 0x0026, 0x0027, 0x0028, 0x0029, 0x002A, 0x002C, 0x002D, 0x002E, 0x002F, 0x003A,
    0x003B, 0x003F, 0x0040, 0x0041, 0x0042, 0x0043, 0x0044, 0x0045, 0x0046, 0x0047, 0x0048, 0x0049,
    0x004A, 0x004B, 0x004C, 0x004D, 0x004E, 0x004F, 0x0050, 0x0051, 0x0052, 0x0053, 0x0054, 0x0055,
    0x0056, 0x0057, 0x0058, 0x0059, 0x005A, 0x005B, 0x005C, 0x005D, 0x0061, 0x0062, 0x0063, 0x0064,
    0x0065, 0x0066, 0x0067, 0x0068, 0x0069, 0x006A, 0x006B, 0x006C, 0x006D, 0x006E, 0x006F, 0x0070,
    0x0071, 0x0072, 0x0073, 0x0074, 0x0075, 0x0076, 0x0077, 0x0078, 0x0079, 0x007A, 0x007B, 0x007D,
    0x00AB, 0x00BB, 0x00C0, 0x00C1, 0x00C2, 0x00C3, 0x00C4, 0x00C5, 0x00C6, 0x00C7, 0x00C8, 0x00C9,
    0x00CA, 0x00CB, 0x00CC, 0x00CD, 0x00CE, 0x00CF, 0x00D0, 0x00D1, 0x00D2, 0x00D3, 0x00D4, 0x00D5,
    0x00D6, 0x00D8, 0x00D9, 0x00DA, 0x00DB, 0x00DC, 0x00DD, 0x00DF, 0x00E0, 0x00E1, 0x00E2, 0x00E3,
    0x00E4, 0x00E5, 0x00E6, 0x00E7, 0x00E8, 0x00E9, 0x00EA, 0x00EB, 0x00EC, 0x00ED, 0x00EE, 0x00EF,
    0x00F0, 0x00F1, 0x00F2, 0x00F3, 0x00F4, 0x00F5, 0x00F6, 0x00F8, 0x00F9, 0x00FA, 0x00FB, 0x00FC,
    0x00FD, 0x00FF, 0x0100, 0x0101, 0x0102, 0x0103, 0x0104, 0x0105, 0x0106, 0x0107, 0x0108, 0x0109,
    0x010A, 0x010B, 0x010C, 0x010D, 0x010E, 0x010F, 0x0111, 0x0112, 0x0113, 0x0114, 0x0115, 0x0116,
    0x0117, 0x0118, 0x0119, 0x011A, 0x011B, 0x011C, 0x011D, 0x011E, 0x011F, 0x0120, 0x0121, 0x0122,
    0x0123, 0x0124, 0x0125, 0x0126, 0x0127, 0x0128, 0x0129, 0x012A, 0x012B, 0x012C, 0x012D, 0x012E,
    0x012F, 0x0130, 0x0131, 0x0132, 0x0133, 0x0134, 0x0135, 0x0136, 0x0137, 0x0139, 0x013A, 0x013B,
    0x013C, 0x013D, 0x013E, 0x013F, 0x0140, 0x0141, 0x0142, 0x0143, 0x0144, 0x0145, 0x0146, 0x0147,
    0x0148, 0x0149, 0x014A, 0x014B, 0x014C, 0x014D, 0x014E, 0x014F, 0x0150, 0x0151, 0x0152, 0x0153,
    0x0154, 0x0155, 0x0156, 0x0157, 0x0158, 0x0159, 0x015A, 0x015B, 0x015C, 0x015D, 0x015E, 0x015F,
    0x0160, 0x0161, 0x0162, 0x0163, 0x0164, 0x0165, 0x0166, 0x0167, 0x0168, 0x0169, 0x016A, 0x016B,
    0x016C, 0x016D, 0x016E, 0x016F, 0x0170, 0x0171, 0x0172, 0x0173, 0x0174, 0x0175, 0x0176, 0x0177,
    0x0178, 0x0179, 0x017A, 0x017B, 0x017C, 0x017D, 0x017E, 0x017F, 0x01A0, 0x01A1, 0x01AF, 0x01B0,
    0x01C4, 0x01C5, 0x01C6, 0x01C7, 0x01C8, 0x01C9, 0x01CA, 0x01CB, 0x01CC, 0x01CD, 0x01CE, 0x01CF,
    0x01D0, 0x01D1, 0x01D2, 0x01D3, 0x01D4, 0x01D5, 0x01D6, 0x01D7, 0x01D8, 0x01D9, 0x01DA, 0x01DB,
    0x01DC, 0x01DD, 0x01DE, 0x01DF, 0x01E0, 0x01E1, 0x01E2, 0x01E3, 0x01E4, 0x01E5, 0x01E6, 0x01E7,
    0x01E8, 0x01E9, 0x01EA, 0x01EB, 0x01EC, 0x01ED, 0x01EE, 0x01F0, 0x01F1, 0x01F2, 0x01F3, 0x01F4,
    0x01F5, 0x01F8, 0x01F9, 0x01FA, 0x01FB, 0x01FC, 0x01FD, 0x01FE, 0x01FF, 0x0200, 0x0201, 0x0202,
    0x0203, 0x0204, 0x0205, 0x0206, 0x0207, 0x0208, 0x0209, 0x020A, 0x020B, 0x020C, 0x020D, 0x020E,
    0x020F, 0x0210, 0x0211, 0x0212, 0x0213, 0x0214, 0x0215, 0x0216, 0x0217, 0x0218, 0x0219, 0x021A,
    0x021B, 0x021C, 0x021D, 0x021E, 0x021F, 0x0402, 0x0404, 0x0405, 0x0408, 0x0409, 0x040B, 0x040E,
    0x0410, 0x0414, 0x0416, 0x0417, 0x041B, 0x041C, 0x041E, 0x0421, 0x0422, 0x0423, 0x0424, 0x0425,
    0x0427, 0x042D, 0x042F, 0x0430, 0x0431, 0x0432, 0x0433, 0x0434, 0x0435, 0x0436, 0x0437, 0x0438,
    0x0439, 0x043A, 0x043B, 0x043C, 0x043D, 0x043E, 0x043F, 0x0440, 0x0441, 0x0442, 0x0443, 0x0444,
    0x0445, 0x0446, 0x0447, 0x0448, 0x0449, 0x044A, 0x044B, 0x044C, 0x044D, 0x044E, 0x044F, 0x0450,
    0x0451, 0x0452, 0x0453, 0x0454, 0x0455, 0x0456, 0x0457, 0x0458, 0x0459, 0x045A, 0x045B, 0x045C,
    0x045D, 0x045E, 0x045F, 0x0462, 0x0463, 0x0472, 0x0473, 0x0475, 0x048B, 0x048D, 0x048F, 0x0491,
    0x0493, 0x0495, 0x0496, 0x0497, 0x0498, 0x0499, 0x049B, 0x049D, 0x049F, 0x04A1, 0x04A3, 0x04A5,
    0x04A7, 0x04A8, 0x04A9, 0x04AA, 0x04AB, 0x04AC, 0x04AD, 0x04AE, 0x04AF, 0x04B0, 0x04B1, 0x04B2,
    0x04B3, 0x04B4, 0x04B5, 0x04B6, 0x04B7, 0x04B8, 0x04B9, 0x04BB, 0x04BC, 0x04BD, 0x04BE, 0x04BF,
    0x04C1, 0x04C2, 0x04C4, 0x04C5, 0x04C6, 0x04C8, 0x04CA, 0x04CB, 0x04CC, 0x04CE, 0x04D0, 0x04D1,
    0x04D2, 0x04D3, 0x04D4, 0x04D5, 0x04D7, 0x04D8, 0x04D9, 0x04DA, 0x04DB, 0x04DC, 0x04DD, 0x04DE,
    0x04DF, 0x04E0, 0x04E1, 0x04E3, 0x04E5, 0x04E6, 0x04E7, 0x04E8, 0x04E9, 0x04EA, 0x04EB, 0x04EC,
    0x04ED, 0x04EE, 0x04EF, 0x04F0, 0x04F1, 0x04F2, 0x04F3, 0x04F4, 0x04F5, 0x04F7, 0x04F9, 0x05D0,
    0x05D1, 0x05D2, 0x05D3, 0x05D4, 0x05D6, 0x05D7, 0x05D8, 0x05D9, 0x05DA, 0x05DB, 0x05DC, 0x05DD,
    0x05DE, 0x05E1, 0x05E2, 0x05E3, 0x05E4, 0x05E5, 0x05E7, 0x05E8, 0x05E9, 0x05EA, 0x06D5, 0x1EF2,
    0x1EF3, 0x2013, 0x2014, 0x2018, 0x2019, 0x201A, 0x201C, 0x201D, 0x201E, 0x2026, 0x2039, 0x203A,
    0xFB00, 0xFB01, 0xFB02, 0xFB03, 0xFB04, 0xFB8E, 0xFBA6, 0xFBAA, 0xFE8D, 0xFEA3, 0xFEA9, 0xFEB1,
    0xFEB3, 0xFEB9, 0xFEBB, 0xFEC1, 0xFEC3, 0xFEC9, 0xFECB, 0xFECD, 0xFEDB, 0xFEDF, 0xFEE1, 0xFEE3,
    0xFEEB,
};

static const uint8_t ubuntu_15_boldKernRightClassIds[] = {
      1,   2,   3,   2,   4,   5,   6,   7,   8,   7,   9,  10,  10,  11,  12,  13,
     14,  15,  14,  14,  14,  16,  14,  14,  17,  14,  14,  18,  14,  19,  14,  19,
     14,  20,  21,  22,  23,  24,  25,  26,  27,  28,  29,  30,  31,  32,  33,  34,
     33,  35,  33,  36,  37,  38,  36,  36,  39,  39,  34,  39,  33,  39,  40,  41,
     42,  43,  44,  45,  46,  47,  48,  49,  50,  51,  13,  13,  13,  13,  13,  13,
     52,  15,  14,  14,  14,  14,  14,  14,  14,  14,  14,  14,  19,  19,  19,  19,
     19,  19,  22,  22,  22,  22,  26,  53,  31,  31,  31,  31,  54,  31,  31,  33,
     33,  33,  33,  33,  55,  37,  56,  57,  58,  39,  34,  34,  34,  34,  34,  34,
     42,  42,  42,  42,  46,  46,  13,  31,  13,  31,  13,  31,  15,  33,  15,  33,
     15,  33,  15,  33,  14,  34,  34,  14,  33,  14,  33,  14,  33,  14,  33,  14,
     33,  16,  33,  16,  33,  16,  33,  16,  33,  14,  36,  14,  36,  14,  59,  14,
     60,  14,  61,  14,  37,  14,  37,  14,  37,  17,  38,  14,  36,  14,  36,  14,
     36,  14,  36,  14,  36,  14,  36,  14,  39,  14,  39,  14,  39,  39,  62,  63,
     19,  34,  19,  34,  19,  34,  19,  34,  14,  39,  14,  39,  14,  39,  20,  40,
     20,  40,  20,  40,  20,  40,  21,  41,  21,  41,  21,  41,  22,  42,  22,  42,
     22,  42,  22,  42,  22,  42,  22,  42,  24,  44,  26,  46,  26,  27,  47,  27,
     47,  27,  47,  35,  19,  34,  22,  42,  14,  14,  34,  14,  14,  36,  14,  14,
     39,  13,  31,  14,  37,  19,  34,  22,  42,  22,  42,  22,  42,  22,  42,  22,
     42,  64,  13,  31,  13,  31,  52,  31,  16,  33,  16,  33,  14,  36,  19,  34,
     19,  34,  65,  38,  14,  14,  34,  16,  33,  14,  39,  13,  31,  52,  31,  19,
     34,  13,  31,  13,  31,  14,  33,  14,  33,  14,  37,  14,  37,  19,  34,  19,
     34,  14,  39,  14,  39,  22,  42,  22,  42,  20,  40,  21,  41,  66,  67,  14,
     36,  68,  69,  70,  71,  72,  68,  73,  74,  75,  76,  77,  72,  78,  79,  69,
     68,  73,  80,  81,  82,  83,  84,  85,  86,  87,  88,  89,  90,  91,  92,  88,
     88,  88,  93,  94,  88,  95,  88,  96,  97,  98,  99, 100, 101,  88, 102,  88,
    103, 104,  88,  88, 105, 106, 107,  90,  90, 108,  88, 109, 110, 111, 112, 113,
     93,  88, 114,  88,  88,  99, 103,  68, 115,  79,  95,  99,  88, 116,  96,  88,
     88,  88,  76,  91,  77,  92,  88,  88,  88,  88,  88,  88,  88, 117, 118,  69,
     97,  68,  98, 119, 120, 119, 120,  81, 101,  68,  98,  82, 102,  82, 102, 121,
    122, 123, 122, 123,  76,  91,  88,  72,  93,  88,  88,  82, 102,  94,  74,  85,
     74,  85, 124, 125,  90, 126, 127, 126, 127,  76,  91,  77,  92, 128, 129,  88,
     88,  79,  95,  79,  95,  79,  95,  83,  92,  73,  99,  73,  99,  73,  99,  82,
    102,  88,  88, 130, 131, 132, 133, 134, 135, 136, 137, 138, 139, 140, 141, 142,
    143, 144, 145, 146, 147, 148, 149, 150, 151, 152, 153,  26,  46,   8,   8, 154,
    155, 156, 154, 155, 156,   7,  50,  51,  35,  35,  35,  35,  35, 153, 153, 153,
    157, 153, 158, 158, 158, 158, 158, 158, 158, 159, 157, 159, 153, 157, 153, 153,
    153,
};

static const uint16_t ubuntu_15_boldKernRowOffsets[] = {
        0,    29,    47,   121,   151,   198,   255,   312,   386,   411,   437,   478,   502,   540,   561,   579,
      615,   627,   628,   636,   680,   722,   731,   752,   780,   800,   834,   854,   905,   914,   960,  1001,
     1048,  1099,  1136,  1222,  1248,  1261,  1274,  1292,  1311,  1323,  1354,  1366,  1379,  1390,  1402,  1428,
     1447,  1460,  1478,  1491,  1514,  1523,  1541,  1552,  1572,  1593,  1617,  1637,  1656,  1701,  1726,  1730,
     1750,  1793,  1836,  1859,  1875,  1886,  1898,  1931,  1932,  1937,  1940,  1945,  1946,  1953,  1956,  1966,
     1989,  2046,  2088,  2112,  2118,  2146,  2164,  2218,  2272,  2319,  2338,  2370,  2423,  2441,  2454,  2476,
     2507,  2555,  2583,  2638,  2660,  2670,  2677,  2686,  2704,  2725,  2739,  2770,  2778,  2810,  2816,  2823,
     2829,  2844,  2858,  2873,  2891,  2908,  2929,  2959,  2976,  2989,  3004,  3010,  3020,  3028,  3035,  3038,
     3044,  3056,  3062,  3081,  3135,  3158,  3169,  3187,  3204,  3216,  3274,  3290,  3307,  3319,  3330,  3346,
     3359,  3363,  3370,  3380,  3398,  3411,  3420,  3426,  3431,  3438,  3449,  3455,  3456,  3465,  3476,  3482,
     3492,  3497,  3500,  3507,  3509,  3516,  3523,  3533,  3540,  3550,  3604,  3679,  3714,  3718,
};

static const uint8_t ubuntu_15_boldKernSparseCols[] = {
     12,  16,  22,  23,  51,  67,  70,  71,  73,  74,  79,  81,  84,  88,  89,  92,
     93,  94,  96,  99, 106, 107, 108, 109, 113, 117, 123, 124, 126,  12,  14,  15,
     16,  18,  20,  22,  23,  24,  25,  30,  32,  33,  42,  43,  44,  45,  53,   3,
      4,   5,   7,  11,  14,  15,  18,  20,  22,  23,  24,  25,  26,  30,  32,  33,
     34,  36,  37,  38,  39,  41,  42,  43,  45,  52,  53,  54,  55,  56,  57,  58,
     59,  60,  67,  68,  69,  72,  74,  75,  78,  79,  80,  84,  85,  86,  87,  88,
     89,  93,  94,  96,  98,  99, 101, 102, 105, 107, 108, 109, 110, 111, 112, 113,
    116, 117, 118, 122, 123, 124, 125, 126, 128,   3,   5,   7,  11,  12,  16,  20,
     22,  23,  24,  25,  26,  44,  51,  61,  67,  69,  70,  72,  73,  75,  76,  80,
     82,  83, 100, 107, 118, 127, 128,  11,  12,  16,  17,  24,  25,  30,  32,  33,
     37,  39,  42,  43,  44,  45,  51,  53,  57,  61,  70,  71,  72,  73,  74,  75,
     76,  77,  80,  82,  84,  88,  89,  92,  93,  94,  96,  99, 100, 106, 108, 109,
    112, 117, 123, 124, 125, 127,  12,  14,  15,  16,  18,  19,  20,  21,  22,  23,
     24,  25,  26,  30,  32,  33,  42,  43,  44,  45,  46,  51,  53,  57,  67,  68,
     69,  70,  71,  73,  74,  75,  76,  78,  79,  80,  81,  88,  91,  92,  94,  97,
     98, 100, 101, 103, 104, 114, 116, 118, 119, 121, 122, 123, 125, 127, 128,  14,
     15,  16,  18,  20,  22,  24,  25,  26,  30,  32,  33,  34,  43,  44,  51,  53,
     57,  61,  67,  68,  69,  70,  72,  75,  78,  79,  80,  82,  84,  85,  86,  87,
     89,  90,  94,  95,  96,  99, 100, 101, 102, 105, 106, 108, 110, 111, 112, 115,
    116, 117, 118, 120, 122, 125, 126, 127,  11,  12,  14,  15,  16,  18,  20,  22,
     23,  24,  25,  26,  30,  31,  32,  33,  35,  36,  37,  38,  39,  41,  46,  51,
     53,  54,  55,  56,  57,  58,  59,  60,  67,  68,  70,  71,  72,  73,  74,  75,
     78,  79,  80,  81,  83,  84,  85,  86,  87,  88,  89,  92,  93,  94,  95,  96,
     99, 102, 105, 106, 107, 108, 109, 110, 111, 112, 113, 116, 117, 118, 123, 124,
    126, 128,  12,  16,  20,  22,  24,  25,  26,  42,  43,  44,  45,  46,  51,  67,
     70,  73,  80,  92, 100, 114, 115, 118, 121, 122, 123,  12,  16,  20,  22,  23,
     24,  25,  26,  44,  51,  61,  67,  69,  70,  72,  73,  75,  76,  80,  82,  83,
    100, 107, 118, 123, 127,   1,   3,   5,   6,   8,   9,  10,  12,  14,  15,  16,
     18,  19,  20,  21,  22,  23,  24,  25,  26,  28,  29,  30,  32,  33,  39,  42,
     43,  44,  45,  46,  47,  49,  50,  51,  53,  57,  65, 153, 154, 155,   4,   5,
      7,   8,   9,  10,  12,  20,  22,  23,  24,  25,  28,  29,  42,  44,  45,  46,
     48,  49,  50,  51,  65, 155,   2,   3,   4,   5,   6,   7,   8,   9,  10,  12,
     14,  15,  16,  18,  19,  20,  22,  23,  24,  25,  26,  28,  29,  30,  32,  33,
     39,  41,  44,  46,  49,  50,  51,  53,  57, 153, 154, 155,   4,   6,   7,   8,
     10,  12,  16,  20,  22,  23,  24,  25,  26,  29,  48,  49,  51,  64,  65, 154,
    155,  16,  18,  22,  24,  25,  26,  30,  32,  33,  44,  50,  51,  53,  57,  61,
    153, 154, 155,   2,   3,   4,   6,   7,   8,  10,  11,  12,  14,  15,  16,  17,
     18,  20,  22,  23,  24,  25,  28,  29,  30,  32,  33,  38,  39,  41,  44,  46,
     50,  51,  53,  57, 153, 154, 155,   5,   6,   7,   9,  20,  22,  23,  25,  42,
     45, 153, 155,   8,   8,  12,  16,  28,  50,  51, 153, 154,   2,   3,   4,   5,
      6,   7,   8,   9,  11,  12,  14,  15,  16,  18,  20,  22,  23,  24,  25,  26,
     28,  29,  30,  32,  33,  39,  40,  41,  42,  43,  44,  45,  46,  47,  49,  51,
     53,  56,  57,  58,  59,  60,  63, 155,   0,   1,   2,   5,   6,   7,   8,   9,
     10,  12,  14,  15,  16,  17,  18,  19,  20,  21,  22,  23,  24,  25,  26,  28,
     29,  30,  39,  42,  43,  44,  45,  46,  47,  48,  49,  50,  51,  53,  65, 153,
    154, 155,   5,   8,  10,  20,  22,  25,  28, 153, 154,   4,   6,   7,   8,  10,
     12,  16,  20,  22,  23,  24,  25,  26,  29,  48,  49,  51,  64,  65, 154, 155,
      2,   4,   6,   8,   9,  12,  16,  20,  24,  25,  27,  29,  30,  32,  33,  42,
     43,  44,  45,  48,  49,  50,  51,  53,  57, 153, 154, 155,   4,   6,   7,   8,
     10,  12,  16,  20,  22,  23,  24,  25,  26,  29,  37,  49,  51,  64, 154, 155,
      5,   6,   7,   8,   9,  10,  11,  12,  14,  15,  16,  18,  20,  21,  22,  24,
     25,  26,  28,  29,  30,  32,  33,  40,  41,  44,  46,  49,  51,  53,  57, 153,
    154, 155,   4,   5,   6,   7,   8,  10,  20,  22,  23,  25,  30,  42,  43,  44,
     45,  49,  51,  53, 153, 155,   2,   3,   4,   6,   7,   8,   9,  10,  11,  12,
     14,  15,  16,  17,  18,  20,  22,  23,  24,  25,  26,  28,  29,  30,  32,  33,
     38,  39,  41,  42,  43,  44,  45,  46,  47,  49,  50,  51,  53,  54,  55,  56,
     57,  58,  59,  60,  62,  63, 153, 154, 155,   6,   8,   9,  12,  16,  28,  51,
    153, 154,   1,   2,   3,   4,   6,   7,   8,   9,  10,  11,  12,  14,  15,  16,
     17,  18,  20,  22,  23,  24,  25,  26,  28,  29,  30,  32,  33,  38,  39,  41,
     46,  47,  49,  51,  53,  54,  56,  57,  58,  59,  60,  62,  63, 153, 154, 155,
      1,   2,   3,   4,   6,   8,  10,  11,  12,  14,  15,  16,  18,  20,  22,  23,
     24,  25,  26,  28,  29,  30,  32,  33,  38,  39,  41,  42,  43,  44,  45,  47,
     49,  51,  53,  56,  57,  58, 153, 154, 155,   2,   3,   4,   5,   6,   7,   8,
      9,  10,  11,  12,  14,  15,  16,  18,  19,  20,  22,  23,  24,  25,  26,  28,
     29,  30,  32,  33,  39,  41,  42,  43,  44,  45,  46,  47,  49,  51,  53,  56,
     57,  58,  59,  60,  63, 153, 154, 155,   0,   2,   3,   4,   5,   6,   7,   8,
      9,  10,  11,  12,  14,  15,  16,  17,  18,  19,  20,  22,  23,  24,  25,  26,
     28,  29,  30,  32,  33,  38,  39,  41,  42,  44,  45,  46,  47,  49,  50,  51,
     53,  56,  57,  58,  59,  60,  62,  63, 153, 154, 155,   2,   4,   6,   7,   9,
     10,  11,  12,  14,  15,  16,  18,  19,  20,  22,  23,  24,  25,  26,  28,  29,
     30,  32,  33,  44,  46,  49,  50,  51,  53,  55,  56,  58,  59, 153, 154, 155,
     12,  14,  15,  16,  18,  20,  22,  23,  24,  25,  26,  29,  30,  32,  33,  36,
     37,  38,  39,  41,  42,  43,  44,  45,  46,  51,  53,  54,  55,  56,  57,  58,
     59,  60,  67,  68,  69,  70,  71,  72,  73,  74,  75,  78,  79,  80,  83,  84,
     85,  86,  87,  88,  89,  90,  91,  92,  93,  94,  96,  97,  98,  99, 100, 101,
    102, 103, 104, 105, 106, 107, 108, 109, 110, 111, 112, 113, 114, 115, 116, 117,
    118, 119, 122, 124, 126, 128,  12,  13,  14,  15,  16,  17,  18,  20,  21,  22,
     23,  24,  25,  26,  30,  32,  33,  37,  40,  41,  42,  43,  45,  51,  53,  57,
     37,  68,  69,  78,  79,  82,  83,  99, 112, 116, 117, 125, 128,   1,   4,   5,
     10,  28,  29,  42,  43,  45,  48, 153, 154, 155,   1,   4,   5,   6,   7,   8,
     10,  28,  29,  42,  43,  44,  45,  46,  48,  49, 153, 154,   6,   7,   9,  10,
     11,  29,  30,  32,  33,  42,  43,  44,  45,  49,  53,  57, 153, 154, 155,   4,
      5,   7,  10,  28,  29,  42,  43,  45, 153, 154, 155,   4,   5,   6,   8,   9,
     10,  28,  29,  30,  32,  33,  36,  37,  42,  43,  44,  45,  48,  49,  50,  53,
     54,  55,  56,  57,  58,  59,  60, 153, 154, 155,   4,   5,  10,  28,  29,  37,
     42,  43,  45, 153, 154, 155,   1,   4,   5,  10,  28,  29,  42,  43,  45,  48,
    153, 154, 155,   4,   5,  10,  28,  29,  42,  43,  45, 153, 154, 155,   4,   5,
     10,  28,  29,  37,  42,  43,  45, 153, 154, 155,   2,   3,   5,   6,   7,   8,
      9,  11,  29,  30,  32,  33,  40,  41,  42,  43,  44,  45,  46,  47,  49,  53,
     57, 153, 154, 155,   4,   5,   6,   9,  10,  28,  29,  30,  42,  43,  44,  45,
     46,  49,  50,  53, 153, 154, 155,   1,   4,   5,  10,  28,  29,  42,  43,  45,
     48, 153, 154, 155,   1,   4,   5,   6,   7,   8,  10,  28,  29,  42,  43,  44,
     45,  46,  48,  49, 153, 154,   4,   5,   8,  10,  28,  29,  37,  42,  43,  45,
    153, 154, 155,   2,   5,   6,   8,   9,  10,  28,  29,  30,  32,  33,  42,  43,
     44,  45,  46,  49,  50,  53,  57, 153, 154, 155,   4,   5,   8,  10,  28,  29,
     46,  48, 155,   6,   7,   9,  10,  28,  29,  30,  32,  33,  42,  43,  44,  45,
     49,  53,  57, 153, 155,   4,   5,  10,  28,  29,  42,  43,  45, 153, 154, 155,
      2,   5,   6,   8,   9,  29,  30,  32,  33,  42,  43,  44,  45,  46,  50,  53,
     57, 153, 154, 155,   2,   5,   6,   7,   8,   9,  29,  30,  32,  33,  42,  43,
     44,  45,  46,  50,  53,  57, 153, 154, 155,   2,   3,   5,   6,   7,   8,   9,
     11,  29,  30,  32,  33,  42,  43,  44,  45,  46,  47,  49,  53,  57, 153, 154,
    155,   2,   5,   6,   8,   9,  29,  30,  32,  33,  42,  43,  44,  45,  46,  50,
     53,  57, 153, 154, 155,   6,   8,   9,  10,  29,  30,  32,  33,  42,  43,  44,
     45,  48,  49,  50,  53, 153, 154, 155,  14,  15,  18,  48,  67,  68,  69,  71,
     72,  74,  75,  78,  79,  80,  83,  84,  85,  86,  87,  88,  89,  91,  93,  94,
     96,  97,  98,  99, 101, 102, 103, 104, 105, 106, 107, 108, 109, 112, 113, 116,
    117, 118, 124, 126, 128,  16,  20,  22,  24,  25,  51,  67,  69,  70,  71,  72,
     73,  74,  75,  76,  80,  82,  83,  88,  90,  92, 118, 122, 127, 128,  20,  22,
     23,  25,  12,  16,  20,  22,  25,  26,  42,  43,  45,  46,  67,  70,  73,  92,
    114, 115, 118, 119, 121, 122,  12,  14,  15,  16,  18,  19,  20,  22,  23,  24,
     25,  26,  30,  32,  33,  44,  46,  51,  53,  57,  67,  69,  70,  71,  72,  73,
     74,  75,  76,  78,  80,  82,  83,  88,  90,  92,  94, 100, 104, 118, 123, 127,
    128,  12,  13,  14,  15,  16,  17,  18,  19,  20,  21,  22,  23,  24,  25,  26,
     30,  31,  32,  33,  34,  35,  36,  37,  38,  39,  40,  41,  42,  43,  44,  45,
     46,  51,  52,  53,  54,  55,  56,  57,  58,  59,  60,  61,   4,   6,   7,   8,
      9,  10,  12,  16,  20,  22,  23,  24,  25,  26,  28,  29,  30,  48,  49,  51,
     53,  64,  65,   1,   4,   5,   7,  10,  27,  28,  29,  42,  43,  44,  45,  48,
     66, 153, 154,   4,   6,   7,   8,  10,  28,  29,  48,  49, 153, 154,   1,   4,
      5,   8,  10,  29,  42,  44,  45,  48, 153, 154,   1,   4,   6,   7,  10,  28,
     29,  30,  31,  32,  33,  35,  36,  37,  38,  39,  40,  41,  42,  43,  44,  45,
     46,  48,  53,  54,  55,  56,  58,  59,  60, 153, 154,  37,   1,   5,  10, 153,
    154,  12,  16,  51,  42,  43,  44,  45,  66,  37,  12,  16,  24,  25,  30,  51,
     53,  22,  25,  61,  70,  75,  78,  79,  80,  94, 100, 101, 123, 128,   1,   4,
      5,   7,   8,  10,  27,  67,  69,  72,  80,  81,  82,  83,  90,  97,  98, 100,
    103, 114, 119, 121, 128,   3,   4,   6,   7,   8,   9,  10,  11,  27,  29,  47,
     49,  50,  67,  68,  70,  71,  73,  74,  77,  78,  79,  80,  83,  84,  85,  86,
     87,  88,  89,  91,  92,  93,  94,  95,  96,  99, 100, 101, 102, 104, 105, 106,
    108, 109, 111, 116, 117, 118, 122, 123, 124, 125, 126, 128, 153, 154,   3,   4,
      5,   6,   7,   8,   9,  10,  29,  47,  48,  49,  50,  67,  68,  69,  70,  71,
     73,  74,  75,  76,  78,  79,  80,  84,  88,  90,  92,  94, 100, 107, 109, 113,
    116, 118, 122, 123, 125, 128, 153, 154,   1,   3,   4,   5,   6,   7,   8,  10,
     27,  49,  67,  81,  82,  83,  84,  97,  98, 100, 103, 114, 119, 121, 128, 153,
      8,  50,  70,  73, 153, 154,   1,   4,   5,   7,   8,  10,  27,  29,  48,  67,
     69,  72,  75,  80,  81,  82,  83,  90,  97,  98, 100, 103, 114, 118, 119, 128,
    153, 154,   1,   5,   6,   7,  10,  29,  48,  67,  81,  97, 114, 118, 119, 121,
    123, 128, 153, 154,   3,   4,   5,   6,   7,   8,   9,  11,  29,  47,  48,  49,
     67,  68,  70,  71,  72,  73,  74,  75,  78,  79,  80,  84,  85,  88,  89,  90,
     92,  94,  96,  97,  98,  99, 100, 101, 103, 104, 106, 107, 108, 109, 113, 114,
    116, 117, 118, 119, 121, 122, 123, 125, 126, 128,   1,   3,   4,   6,   7,   8,
      9,  10,  11,  29,  47,  48,  49,  67,  68,  70,  71,  72,  73,  74,  75,  77,
     78,  79,  80,  83,  84,  85,  86,  87,  88,  89,  92,  93,  94,  95,  96,  99,
    102, 105, 106, 107, 108, 109, 111, 113, 116, 117, 118, 123, 124, 126, 153, 154,
      1,   3,   5,   6,   8,   9,  10,  29,  47,  49,  50,  67,  68,  69,  70,  71,
     73,  74,  75,  76,  78,  79,  80,  81,  88,  90,  92,  94,  97,  98, 100, 101,
    103, 104, 106, 109, 114, 116, 118, 119, 121, 122, 123, 125, 128, 153, 154,   4,
      5,   7,   8,   9,  10,  29,  48,  49,  50,  67,  69,  73,  75,  80,  82,  83,
    100, 118,   1,   4,   5,   6,   8,  10,  29,  47,  48,  49,  67,  70,  71,  73,
     74,  75,  76,  79,  80,  81,  88,  90,  92,  98, 100, 101, 112, 118, 121, 123,
    153, 154,   3,   4,   5,   6,   7,   8,   9,  10,  11,  29,  47,  48,  49,  67,
     68,  70,  71,  72,  73,  74,  75,  78,  79,  80,  84,  85,  88,  89,  90,  92,
     94,  96,  97,  98,  99, 100, 101, 103, 107, 108, 109, 113, 114, 116, 117, 118,
    119, 121, 122, 123, 125, 126, 128,   4,   5,   7,   8,   9,  10,  29,  48,  49,
     50,  67,  69,  73,  75,  80,  83, 100, 118,   3,   4,   5,  10,  27,  29,  48,
     67,  99, 101, 118, 153, 154,   4,   6,   7,   8,  10,  27,  29,  48,  49,  67,
     70,  72,  73,  75,  76,  80,  82,  83, 118, 123, 127, 154,   4,   6,   8,   9,
     27,  29,  48,  49,  50,  67,  70,  71,  73,  74,  75,  76,  80,  82,  84,  88,
     92,  93,  94,  98, 100, 115, 119, 121, 123, 153, 154,   1,   3,   4,   6,   7,
      8,   9,  10,  11,  29,  47,  48,  49,  50,  67,  70,  71,  72,  73,  74,  75,
     77,  78,  79,  80,  84,  88,  89,  92,  93,  94,  96,  99, 100, 106, 107, 108,
    109, 111, 113, 117, 118, 121, 123, 124, 126, 153, 154,   1,   4,   6,   7,   8,
     10,  27,  29,  48,  67,  70,  71,  72,  73,  74,  75,  76,  80,  82,  83,  88,
     92,  93, 107, 113, 118, 123, 127,   3,   4,   5,   6,   7,   8,   9,  10,  11,
     29,  47,  48,  49,  67,  68,  69,  70,  71,  72,  73,  74,  75,  76,  78,  79,
     80,  85,  88,  89,  90,  92,  94,  96,  97,  98,  99, 100, 101, 103, 107, 108,
    109, 113, 114, 116, 117, 118, 119, 122, 123, 125, 126, 128, 153, 154,   4,   6,
      7,   8,  10,  27,  29,  48,  49,  67,  70,  72,  73,  75,  76,  80,  82,  83,
    118, 123, 127, 154,   1,   4,   5,   7,  10,  29,  48, 128, 153, 154,   5,   7,
      8,  27,  90, 100, 128,   1,   4,   5,  10,  29,  48, 128, 153, 154,   6,   8,
      9,  29,  50,  88,  90,  92,  97,  98, 100, 103, 114, 115, 119, 122, 153, 154,
      1,   4,   5,   6,   8,  10,  29,  48,  49,  88,  90,  92,  97,  98, 100, 101,
    103, 104, 112, 153, 154,   1,   4,   5,   6,   7,   8,  10,  29,  48,  49, 100,
    128, 153, 154,   3,   5,   6,   7,   8,   9,  11,  29,  47,  49,  84,  88,  89,
     90,  91,  92,  94,  96,  97,  98,  99, 100, 103, 104, 106, 114, 115, 117, 119,
    153, 154,   1,   4,   6,   7,  10,  29,  48,  92,   3,   5,   6,   7,   8,   9,
     11,  29,  47,  49,  84,  88,  89,  90,  91,  92,  94,  96,  97,  98,  99, 100,
    103, 104, 106, 108, 114, 115, 117, 119, 153, 154,   4,   7,  10,  29,  48, 128,
      1,   4,   5,  10,  29,  48, 128,   4,   7,  10,  29,  48, 128,   1,   4,   5,
      6,   7,   8,  10,  29,  48,  49,  90, 100, 128, 153, 154,   1,   4,   5,   7,
      8,  10,  27,  29,  48,  90, 107, 128, 153, 154,   6,   7,   9,  10,  11,  29,
     48,  49,  90,  94, 100, 114, 119, 153, 154,   6,   8,  29,  48,  88,  90,  92,
     97,  98,  99, 100, 103, 114, 115, 119, 122, 153, 154,   6,   8,  29,  88,  90,
     92,  97,  98,  99, 100, 103, 114, 115, 119, 122, 153, 154,   1,   4,   5,   7,
      8,  10,  27,  29,  48,  90,  91,  97,  98, 100, 101, 106, 107, 113, 128, 153,
    154,   3,   5,   6,   7,   8,   9,  11,  29,  47,  49,  88,  89,  90,  91,  92,
     94,  96,  97,  98,  99, 100, 103, 104, 106, 114, 115, 117, 119, 153, 154,   1,
      4,   5,   7,  10,  27,  29,  48,  92,  97,  98, 103, 114, 119, 128, 153, 154,
      1,   4,   5,   6,   7,   8,  10,  29,  48,  49, 100, 153, 154,   1,   4,   5,
      6,   7,   8,  10,  29,  48,  49,  90, 100, 128, 153, 154,   4,   7,  10,  29,
     48, 128,   1,   3,   5,   7,  10, 107, 112, 128, 153, 154,   6,  10,  29,  48,
     49,  90,  99, 100,   4,   5,   8,  10,  29,  48, 128,   4,   7, 128,   3,   4,
      7,  29, 112, 128,   1,   3,   4,   5,   7,  10,  29,  48, 112, 128, 153, 154,
      4,   7,  10,  29,  48, 128,   1,   4,   5,  10,  27,  29,  48,  97,  98, 101,
    103, 106, 107, 113, 114, 119, 128, 153, 154,   0,   1,   3,   4,   6,   7,   8,
     10,  11,  29,  48,  49,  67,  68,  70,  71,  72,  73,  74,  75,  76,  78,  79,
     80,  81,  82,  84,  86,  87,  88,  89,  92,  93,  94,  95,  96,  99, 102, 106,
    107, 108, 109, 113, 116, 117, 118, 121, 122, 123, 124, 126, 127, 153, 154,   1,
      5,   6,   8,   9,  29,  50,  88,  90,  91,  92,  97,  98, 100, 101, 103, 104,
    114, 115, 119, 122, 153, 154,   1,   3,   5,   6,  10,  90,  92, 100, 101, 112,
    153,   1,   3,   5,   6,  10,  27,  90,  92,  97, 100, 101, 103, 112, 114, 119,
    122, 153, 154,   1,   5,   7,  10,  27,  67,  69,  72,  75,  80,  82,  83,  90,
    112, 118, 153, 154,   1,   5,   7,   8,  10,  97, 103, 112, 114, 119, 153, 154,
      3,   4,   6,   7,   8,   9,  10,  11,  29,  47,  48,  49,  50,  67,  68,  69,
     70,  71,  72,  73,  74,  75,  77,  78,  79,  80,  81,  83,  84,  85,  86,  87,
     88,  89,  91,  92,  93,  94,  95,  96,  99, 101, 102, 104, 105, 106, 107, 108,
    109, 113, 116, 117, 118, 122, 123, 124, 126, 154,   6,   8,  29,  50,  88,  90,
     92,  97,  98, 100, 103, 114, 115, 119, 122, 154,   1,   3,   4,   5,   6,   7,
     10,  27,  29,  48,  67,  81, 118, 121, 123, 153, 154,   1,   3,   4,   5,   7,
     10,  29,  48, 112, 128, 153, 154,   4,   7,   8,  10,  27,  29,  48,  72,  82,
     83, 118,   3,   5,  27,  68,  78,  79,  97, 101, 103, 112, 114, 116, 119, 121,
    122, 125,   3,   6,  49,  90,  92,  97,  98, 100, 103, 112, 114, 119, 154,   7,
     10, 112, 128,   6,  70,  73,  75,  79,  80, 123,   1,   4,   5,   7,  10,  29,
     48, 128, 153, 154,   4,   6,   7,   8,  10,  29,  48,  70,  72,  73,  75,  76,
     80,  82,  83, 118, 123, 127,   5,   7,   8,  69,  83,  90,  97,  98, 100, 103,
    114, 119, 128,   3,   6,  10,  47,  49,  90,  99, 100, 112, 137, 139, 140, 146,
    148, 150, 132, 138, 143, 146, 149, 130, 136, 137, 139, 140, 142, 146, 130, 133,
    136, 138, 139, 141, 142, 143, 145, 146, 149, 130, 136, 141, 143, 146, 149, 130,
    132, 136, 138, 139, 145, 146, 147, 148, 149, 130, 133, 135, 136, 139, 141, 142,
    143, 146, 149, 151, 136, 139, 142, 143, 145, 146, 130, 131, 136, 138, 139, 143,
    145, 146, 150, 151, 139, 141, 142, 143, 146, 136, 137, 139, 136, 138, 140, 143,
    145, 146, 149, 136, 143, 138, 139, 140, 143, 145, 146, 150, 129, 130, 132, 137,
    141, 143, 146, 130, 136, 138, 139, 142, 143, 145, 146, 149, 151, 130, 136, 139,
    141, 143, 146, 149, 132, 134, 137, 139, 140, 142, 143, 144, 146, 150,  12,  14,
     15,  16,  17,  18,  19,  20,  21,  22,  23,  24,  25,  26,  30,  32,  33,  39,
     42,  43,  45,  51,  53,  57,  67,  69,  70,  71,  73,  74,  75,  77,  78,  79,
     80,  81,  84,  88,  89,  92,  93,  94,  96,  99, 106, 107, 108, 109, 113, 117,
    118, 123, 124, 126,  12,  14,  15,  16,  18,  19,  20,  21,  22,  23,  24,  25,
     26,  30,  31,  32,  33,  34,  35,  36,  38,  39,  41,  42,  43,  45,  46,  51,
     52,  53,  54,  55,  56,  57,  58,  59,  60,  67,  68,  69,  70,  71,  73,  74,
     78,  79,  80,  83,  84,  86,  87,  88,  89,  91,  92,  93,  94,  95,  96,  99,
    102, 104, 105, 106, 108, 109, 116, 117, 118, 122, 123, 124, 125, 126, 128,  12,
     14,  15,  16,  18,  19,  20,  21,  22,  23,  24,  25,  26,  30,  31,  34,  35,
     36,  37,  38,  39,  41,  42,  43,  44,  45,  46,  51,  53,  54,  55,  56,  58,
     59,  60, 152, 156, 157, 158,
};

static const int8_t ubuntu_15_boldKernSparseValues[] = {
     -25,  -44,    8,   10,  -54,    8,  -48,  -32,  -29,  -29,   -8,    6,   -8,  -21,  -14,  -22,
      -8,  -14,  -16,  -24,  -10,    6,  -12,   -8,    6,  -14,  -50,   -8,   -6,   15,  -10,  -10,
      10,  -10,  -40,  -35,  -20,    5,  -50,  -10,  -10,  -10,  -18,  -15,    5,  -18,  -10,  -14,
      40,  -10,   -5,  -15,  -10,  -10,  -10,   12,   16,   13,   13,   16,    5,  -12,  -15,  -15,
      -6,    6,   42,  -10,   -9,  -12,   -5,   -5,   15,   -8,  -12,    6,    6,    6,  -15,    6,
       6,    6,   12,  -10,   -6,    8,   10,   10,  -10,  -15,   13,  -12,   -6,   -7,   -7,   10,
     -12,   -5,  -15,  -12,   15,  -18,  -10,   -7,   -7,    9,   -9,   -9,    6,    6,   42,    9,
     -16,  -15,   12,   -8,    6,   -9,   -6,  -10,    6,  -12,  -10,   11,   -6,  -10,   -6,  -10,
     -16,   -6,  -10,  -20,   -6,   -7,  -10,  -11,  -10,   -8,   -6,  -10,  -10,   -8,   -8,  -10,
     -10,  -11,   -7,   -9,  -16,   -8,   -8,  -10,  -40,  -52,   -5,  -11,   -5,   -8,  -15,  -15,
      -5,   -5,    8,    8,    6,    8,  -70,   -8,  -24,   -6,  -52,  -38,   -6,  -40,  -36,   -8,
      -8,   -5,  -11,   -8,   -8,  -22,   -8,  -23,   -8,  -15,   -8,   -9,    6,   -6,   -5,   -5,
      -5,   -8,  -36,   -6,   -6,   -6,   15,  -20,  -20,   20,  -20,    6,  -40,  -15,  -41,  -21,
      12,  -48,   11,  -15,  -15,  -15,  -28,  -28,   10,  -28,    9,   12,  -15,  -10,  -40,   -8,
       6,   20,   12,   15,   14,    6,    8,  -20,  -20,   12,  -38,   14,    8,   14,  -15,  -18,
     -16,   10,  -22,  -10,    8,   -8,   -8,  -32,  -16,  -42,  -24,   14,   -5,    6,  -20,   10,
      10,   -8,   10,  -28,  -15,  -16,  -34,   -5,    8,    6,    6,   10,    4,  -10,  -22,    8,
       6,    9,  -28,   11,   -5,   -8,  -12,  -14,   10,   10,  -16,   -8,    8,   12,    6,    6,
      12,  -12,    6,    6,   12,   12,  -10,   10,    6,    6,    6,   15,    6,    6,    6,    7,
      10,   12,  -22,    6,   14,   11,   12,   -8,  -18,  -32,  -12,  -12,  -36,  -12,   22,   24,
      22,   16,   25,    8,  -20,    8,  -29,  -29,    8,    8,    8,  -16,  -16,  -10,   -5,  -60,
     -20,    8,    8,    8,  -24,    8,    8,    8,   22,   -9,  -36,  -26,   11,  -32,  -26,   14,
     -12,   -9,   16,    6,   -9,  -20,   -6,   -8,   -8,  -23,  -16,  -23,  -14,  -29,   -8,  -16,
     -18,   -8,   -6,  -14,   12,  -14,  -16,    8,    8,    8,   12,   -9,  -16,   15,  -27,  -10,
      -9,   -5,    8,   12,  -31,   -6,    8,  -19,    6,    7,    7,    6,    7,    5,    8,  -31,
      12,    8,    8,    7,    6,    7,    7,  -11,    7,    7,   10,  -10,   -8,  -18,  -14,   -6,
     -12,  -21,   -6,   -5,  -28,   -8,  -18,   -6,   -8,  -12,  -10,  -16,   -9,  -12,  -13,   -8,
      -5,   -7,  -18,   -8,  -10,  -26,   -9,  -40,   15,   12,   10,  -16,   18,  -12,  -12,   16,
     -12,   10,  -41,  -10,  -32,  -20,   18,  -50,   12,  -40,  -13,   -6,   -6,   -6,    5,  -18,
     -13,   12,  -18,    8,   -5,   -8,    6,   10,   -6,   -7,  -22,  -38,  -32,   21,   -6,   -6,
       6,  -15,    6,  -10,   -5,   -9,  -15,   -5,  -11,  -17,  -10,  -12,   -5,   -4,   -5,   -5,
      -5,    5,    6,  -13,   -7,    6,    4,   -6,    8,   -5,   12,   -6,    6,   10,    8,   14,
     -12,  -12,   16,  -12,    8,   10,   10,   10,   13,   12,    9,   10,   13,    5,   -6,   -6,
       3,   -6,   12,    8,  -12,    7,   13,    5,   -5,   10,   18,   20,  -10,  -20,   10,  -26,
     -10,  -12,  -12,  -12,  -12,   -5,  -19,  -22,   -5,  -10,   -8,    5,  -30,   -7,  -10,    5,
      -6,   12,   -9,    6,   10,    5,    6,   -6,   -6,   -6,   10,    6,    9,   -6,   -5,    5,
       6,    9,   20,  -10,   -7,   10,  -31,    8,  -39,   10,   -5,  -24,   -4,   -4,  -38,   -5,
      -4,   10,   13,   10,    6,   14,   15,   13,  -12,   -5,   -5,  -10,   -6,  -10,   -5,  -10,
      -6,  -58,  -12,   -5,   20,   18,  -32,  -13,   10,    8,    5,   -5,  -10,  -10,  -10,   -6,
      -6,   -5,   12,   -5,  -16,  -10,   -6,    5,    5,  -20,    8,    7,  -10,  -10,   12,  -20,
      16,  -25,   12,    5,   -7,   12,  -28,  -28,   10,  -28,   12,    9,    6,   18,    9,   12,
      10,   14,   -5,  -20,  -20,    5,   -5,  -17,  -23,  -23,   17,  -23,   10,   -6,  -26,   13,
      -5,   22,  -17,   18,   14,    5,   -8,   16,    5,  -48,    5,  -51,   20,  -10,    8,   12,
     -18,   16,  -10,  -10,   16,    5,  -10,    8,  -39,   -5,  -42,  -25,   16,  -50,    9,  -40,
     -16,    6,    4,  -24,  -14,   14,  -24,    8,   -8,   -6,  -10,   10,   16,    6,  -25,  -32,
     -28,   24,   -5,   -5,   -8,   -5,   -5,   -8,  -10,  -10,   -8,  -10,  -20,   10,  -26,  -10,
     -12,  -12,  -12,  -12,   -5,  -19,  -22,   -5,  -10,   -6,    5,  -30,   -6,  -11,    5,   -6,
     -10,   -4,  -52,  -40,    6,  -34,  -44,    6,  -11,   -5,   -7,   -6,  -10,   -8,   -8,   10,
      10,    6,   10,   -5,   -5,    6,  -62,  -10,  -12,   14,   14,  -46,  -10,  -20,   10,  -26,
     -10,  -12,  -12,  -12,  -12,   -5,  -19,  -22,   -5,  -10,    8,    5,  -30,   -6,    5,   -6,
      -5,   12,  -10,    9,    6,   -8,   -5,   16,   -9,   -9,   13,   -9,   -5,   -4,   -8,   10,
     -16,    9,   -5,  -12,  -12,  -12,  -12,   -5,   -5,    9,    5,  -11,   10,  -12,  -14,    6,
       6,   16,   -4,  -18,    5,   14,   -8,   -5,  -10,   -5,   -5,   -5,    6,   -8,   -6,   -6,
      -8,    8,  -10,    6,  -10,    9,  -10,   -9,   12,  -40,  -28,  -49,  -30,   13,  -18,  -41,
     -12,  -12,  -42,   -5,  -12,   13,   16,   13,   13,   17,    5,   20,   15,  -38,  -38,  -38,
     -34,  -36,  -34,  -38,  -38,  -38,  -38,  -36,   -9,  -38,  -33,  -58,  -38,   -4,   14,   23,
     -46,   22,   16,   14,  -28,  -30,   14,   10,  -26,  -15,  -27,    5,  -10,  -10,    5,  -28,
       2,   12,    9,  -15,  -16,   16,  -40,  -15,  -47,   -6,   14,  -14,  -32,  -12,  -12,  -44,
      -5,  -12,   16,   18,   16,   16,   20,    8,   20,   18,  -20,  -28,  -28,  -12,  -19,  -10,
      -6,   -9,  -20,  -74,  -20,   10,   26,  -30,   22,   18,   16,   -9,  -10,   14,   18,  -32,
      10,  -10,   -6,   14,  -22,  -31,   12,   -6,  -20,   -5,   -5,  -24,   -5,   14,   16,   14,
      14,   18,    6,   20,   16,  -14,  -16,  -16,   -8,   -8,   -7,    6,    6,    5,    6,   -5,
      -8,  -26,  -14,   23,  -18,   20,   14,   20,  -12,  -10,  -10,   13,  -13,   12,  -16,   12,
       8,   10,   -7,   18,  -19,  -19,   12,  -19,    8,   13,   16,   13,   18,   16,   12,   15,
      16,  -15,  -15,  -15,    5,  -12,  -12,  -12,   12,  -12,    8,   -6,  -18,   18,  -15,   20,
     -10,   20,   10,    5,   -7,    5,    8,   17,    6,  -25,  -20,   17,   -5,  -48,  -34,  -50,
     -19,   14,  -30,  -50,  -22,  -22,  -42,   -8,  -22,   -5,   17,   20,   17,   17,   20,    9,
      20,   20,  -36,  -44,  -44,  -18,  -35,  -17,   -5,  -10,   -5,  -18,   -8,  -40,  -13,  -72,
     -63,   26,  -45,   22,   20,    8,  -15,  -16,   12,   16,  -33,   -5,    8,   14,  -10,    8,
       8,   -5,   13,   -6,   -6,   13,   -6,    6,    8,   10,    8,   13,   12,    6,   10,   10,
       6,   -5,   -5,   12,    6,  -16,    8,   13,    6,    5,   18,   16,    5,   10,   14,   22,
     -14,  -10,  -10,  -14,  -10,   15,   18,   15,   15,   19,    7,   45,  -18,  -18,  -18,    5,
      47,  -17,  -16,  -18,  -15,  -15,  -15,   15,  -16,  -14,  -18,    5,    5,    5,  -20,    5,
       5,    5,   15,  -15,   -7,  -14,  -14,   10,  -14,   10,   12,  -10,  -19,   15,  -16,  -18,
     -10,  -13,  -11,   10,  -16,  -11,  -12,  -11,  -14,  -18,  -16,  -12,   15,  -19,  -15,  -18,
      -6,  -12,  -12,  -11,  -14,   10,  -14,  -16,    5,    5,   47,   10,   -8,   -8,  -18,  -18,
      14,  -11,  -11,  -14,  -14,    6,   10,  -15,  -20,  -20,    5,  -15,  -20,  -45,  -20,  -55,
     -35,   10,  -55,    5,  -12,  -12,  -12,   70,   -5,  -10,  -15,  -10,   30,   10,  -12,  -10,
      16,   -5,   -5,   -5,   -8,   -6,   -6,   -8,   16,   -9,   -8,   -5,   -6,   -8,  -10,  -15,
     -16,  -20,  -17,   -6,   -5,   -6,   -9,  -11,  -11,    6,  -10,  -12,  -15,  -15,    6,  -14,
     -14,  -25,  -18,   -7,   -6,   -9,   -7,   -5,  -10,    6,  -13,  -12,    8,   -5,    5,   -6,
      -5,  -18,  -12,  -12,  -12,    4,    5,    6,    4,   -8,  -12,  -15,    6,   12,   12,  -10,
     -12,   11,  -18,  -30,  -17,   -8,   -5,   -8,    6,    7,    5,   26,   12,  -30,  -31,    9,
      14,   40,   26,   -4,   -4,   -4,    6,    6,   14,   14,   10,   14,   15,   -5,    9,   -4,
      16,    6,   32,  -10,   28,   26,   28,   19,   28,  -28,   -6,  -12,  -12,  -15,  -17,   13,
      -8,   -5,   -8,  -12,   -8,    5,  -10,  -10,  -12,  -18,  -30,  -17,   -8,   -5,   -8,   -9,
     -12,   -8,    6,    6,  -12,  -18,  -30,  -17,   -8,   -5,   -8,  -12,   -8,    5,    6,  -12,
     -18,  -30,    5,   15,   -8,   -5,   -8,  -12,   -8,    5,  -10,   -6,    6,    6,  -22,   10,
       5,  -11,  -13,   -5,  -18,  -18,   -4,   -5,   10,   10,   10,   10,    8,   -8,  -18,   -5,
     -16,    6,   12,   11,  -10,  -12,   12,   10,   -7,  -30,  -17,    8,   -6,   -6,   10,   -6,
       8,   -7,   10,    8,  -12,  -13,   16,   -9,  -10,  -12,  -18,  -30,  -17,   -8,   -5,   -8,
      -9,  -12,   -8,    6,   -9,  -12,  -15,  -15,    6,  -14,  -14,  -25,  -18,   -7,   -6,   -9,
      -7,   -5,  -12,    6,  -13,  -12,  -10,  -12,   10,  -12,  -15,  -17,   21,   -8,   -5,   -8,
     -12,   -8,    5,  -10,    8,  -30,  -28,    9,    5,    5,   -5,   -5,   -5,   -5,   16,   16,
      10,   16,    5,   -7,   10,   -5,   -7,   14,   24,  -28,   -6,   -5,   -6,  -18,  -15,  -17,
      -4,   -9,    7,    8,   -5,    5,   -8,  -10,  -16,  -10,  -10,  -10,    5,    5,    9,    5,
     -10,  -10,   -5,    8,   12,  -10,  -12,  -12,  -30,  -14,   -8,   -5,   -8,  -12,   -8,    5,
      -5,    8,  -28,  -20,    8,  -14,   -5,   -7,   -7,   10,   10,   12,   10,    6,    8,   -5,
     -10,   10,   20,  -20,   -5,    8,  -26,    4,  -17,    8,  -14,   -5,   -6,   -6,   10,   10,
      10,   10,    7,   10,   -5,   -7,   12,   20,  -14,  -10,   -6,    6,   10,  -10,   10,    7,
      -5,  -14,  -12,  -12,  -12,   12,   10,   16,   12,   10,   -6,  -14,  -12,  -12,    8,   14,
      10,   -5,    8,  -28,  -20,    8,  -14,   -5,   -7,   -7,   10,   10,   12,   10,    6,    8,
      -5,  -10,   10,   16,  -20,   12,    5,    5,   -6,  -14,   -8,   -8,   -8,   10,   10,   11,
      10,   -6,   -8,    5,   -8,    8,   13,   14,   -6,   -8,   -8,   45,   10,  -12,   -7,   -7,
      10,   10,   12,  -12,  -14,   10,  -10,   -8,   -7,   -8,   -8,   10,  -10,   -7,   -9,  -10,
     -10,   -7,   14,  -14,  -12,   -6,   -7,   -9,   -8,   -9,   10,   -8,   -8,   32,   10,  -14,
     -14,   14,   -8,   -9,    6,   -6,   -9,   -8,   -6,   -8,   -6,   -9,   -7,   -6,   -9,  -10,
      -5,   -8,   -6,   -8,   -6,  -10,   -8,   -6,   -6,   -6,   -8,    6,  -11,   -7,  -32,  -16,
      -5,  -24,    6,    8,  -34,   -5,  -14,    6,    8,    8,    8,    4,  -34,    8,    6,    8,
       8,    8,  -10,    6,    8,    6,   -8,    5,    5,  -15,    5,  -10,  -38,  -20,  -10,  -19,
     -40,  -12,    5,    5,    5,  -14,   -8,  -22,    5,    5,  -38,  -10,  -15,   -9,  -16,   -8,
      -8,  -22,  -12,    5,  -19,  -16,  -12,   -9,  -14,   -8,    5,  -14,   -6,  -32,  -12,  -14,
     -12,  -21,  -16,  -20,  -20,  -28,  -10,  -20,  -17,  -52,  -16,  -31,  -21,  -31,  -39,  -25,
     -20,  -16,  -20,  -20,  -16,  -16,  -16,   34,  -16,  -18,  -17,  -19,  -12,  -12,  -16,    8,
     -16,  -36,  -16,  -20,  -16,  -16,  -16,  -22,  -16,  -16,  -16,  -16,  -12,  -28,    8,  -30,
       6,  -14,  -14,  -20,  -10,  -11,   -5,  -18,  -19,  -12,  -10,  -18,   -4,  -10,    8,  -26,
      -4,  -10,  -10,  -18,  -12,  -37,    4,  -22,   -6,  -25,  -11,  -18,  -16,   -5,  -18,  -11,
     -13,  -32,  -29,    8,  -15,    6,  -13,   10,   10,   11,    5,    6,    6,   10,  -12,  -10,
      -8,  -10,  -12,  -15,   -5,   -6,   -5,  -10,  -10,   -8,   12,   30,  -12,  -10,   18,   45,
      35,  -10,    8,  -20,  -20,   14,    9,    9,  -10,  -14,    4,   -7,   16,   16,   16,   20,
      12,   35,   -6,   32,   44,   68,   60,   52,   56,   10,   12,    8,  -13,   -8,   -9,  -10,
     -10,  -10,   -9,  -18,  -10,   -9,   -9,  -10,  -12,   16,  -16,  -22,  -12,   -6,   -8,  -28,
      -8,   -8,  -11,   -6,   12,    6,   -9,   -9,   10,   -6,   10,   -6,   14,  -12,   -8,   -6,
     -14,   11,   -8,   -7,   -5,   -7,   -8,   -5,   -7,   -7,   -6,  -11,   -9,   -8,   -7,   -7,
      -8,   -7,   -7,   -6,  -18,   -9,   12,  -40,  -28,  -49,  -30,   13,  -18,   -6,   15,  -14,
     -38,  -33,   13,   -9,  -42,  -39,  -41,  -36,   -5,  -12,  -12,   13,   -7,  -38,   -5,  -25,
     -25,  -32,  -30,   -5,  -32,  -32,  -38,  -25,  -32,  -36,  -38,  -25,  -25,  -32,  -25,  -26,
     -28,  -36,   19,   -9,  -31,    6,  -42,  -54,  -38,   -7,  -30,  -24,   14,   10,   -6,    8,
      -5,   12,   -6,    6,   10,    8,   13,   -8,    7,  -12,    7,   10,   -8,    8,   16,    6,
      14,    7,    7,    6,  -12,  -14,   13,    5,    7,    6,    8,   -6,   12,    5,    3,    5,
      -9,    6,  -10,   14,   -5,   -8,   10,   18,   -6,   -6,   -4,  -18,    5,   14,   -8,   -5,
      -8,    8,  -10,   -6,   -6,  -11,    6,  -14,  -11,   -6,  -12,   -9,  -12,   -9,  -21,  -10,
     -16,    5,   -6,  -10,    8,    7,  -30,  -16,  -12,   11,   -9,  -17,   -8,  -19,  -14,  -32,
      -8,   -6,   -9,   -8,   -6,   -6,  -13,  -10,   -6,   -6,   -7,   -6,   -8,  -36,   -6,  -15,
     -30,  -26,  -20,  -13,   10,   11,   -8,  -15,  -11,  -22,   -6,   -8,   -8,  -18,   -6,   -6,
      12,  -14,  -16,  -16,  -10,   12,  -20,   16,  -25,   12,    5,   -7,   14,   -7,    8,  -26,
      12,  -18,   10,    6,    6,   12,   10,   12,  -28,  -26,   18,   -5,  -10,   10,  -10,   12,
       8,  -20,  -10,  -20,  -18,  -14,   17,  -26,  -12,    7,    7,    6,   -9,    5,    6,   -9,
     -20,  -10,   10,  -20,  -12,  -26,   19,   -8,   -8,  -29,    6,  -16,   16,  -40,  -15,  -47,
      -6,   14,  -14,   18,   -9,   12,  -20,   16,  -10,  -44,  -33,   10,  -32,  -30,   12,   -5,
     -12,  -11,   16,  -10,  -20,   -8,   -8,   -8,  -28,  -18,  -28,  -15,  -28,   -9,  -19,  -20,
      -8,   -8,  -16,   10,  -16,  -19,   26,   10,  -10,  -18,   14,  -40,  -12,  -10,   14,   18,
     -29,   -9,  -40,   15,   12,   10,  -16,  -13,   -5,   -8,    6,  -41,  -10,   10,   16,    6,
      18,   10,   12,    6,  -12,  -14,   18,  -21,   10,   12,    8,   -6,  -14,  -10,   12,  -12,
     -10,    7,    7,    5,   -9,  -10,  -35,  -12,  -18,   -9,   19,   -9,  -21,  -38,  -32,   -6,
      -6,    6,  -15,    6,  -10,  -12,   -9,    5,    6,   -9,   -5,   -5,   -6,  -11,   -6,   -9,
      -4,  -10,   -9,   11,  -18,   14,   18,   -6,   10,   -7,   10,   -7,  -14,   10,    8,   10,
       8,   10,    6,  -14,   10,  -15,    8,   10,   10,   11,   10,  -10,   30,  -10,  -11,   17,
      -6,   -6,  -10,   12,  -20,   16,  -25,   12,    5,    6,   -7,   14,   -6,   11,  -26,   12,
     -17,   10,    6,    9,   12,   10,   12,  -28,  -22,   18,   -5,  -10,   10,   -9,   12,    8,
     -20,   -9,  -14,  -11,  -12,   17,  -18,  -12,    9,   -8,    5,    9,   -9,  -17,   -9,   12,
     -13,   -6,  -22,   19,   -5,   -7,  -22,   -6,   -6,    6,  -15,    6,  -10,  -12,   -9,    5,
       6,   -9,   -6,   -5,   -5,  -11,   -8,   -4,   -9,   -6,   -8,   -5,   -8,   -5,   -6,   -6,
      -5,   -6,   -6,   -6,  -10,   -8,  -10,  -20,   10,  -26,  -10,   -5,  -10,  -12,    5,  -12,
     -12,  -12,  -12,  -18,  -10,  -19,  -14,   -8,  -16,  -11,  -12,    5,   -4,  -52,  -40,    6,
      -7,   -6,   -5,   -5,    6,    6,  -44,  -30,  -34,  -28,   -8,   -6,  -11,   -5,  -10,  -21,
     -22,   -6,   -8,    6,    6,    6,    6,    6,  -30,   14,   14,    9,   -9,   12,  -40,  -28,
     -49,  -30,   13,  -18,   15,   -9,   10,  -38,  -33,   13,  -42,  -33,    8,  -41,  -31,   10,
      -5,  -12,   -6,   13,  -38,  -23,  -24,  -24,  -10,  -38,  -24,  -28,  -38,  -18,    8,  -21,
     -36,   24,    8,  -24,   11,    8,  -25,   -6,   -7,   14,   10,   -6,  -16,  -20,    9,  -20,
     -12,   -8,  -18,  -13,   -5,  -18,  -16,  -16,  -14,  -14,  -22,  -14,  -20,  -17,   -6,  -12,
     -14,   -5,   -5,   -5,  -17,  -18,  -16,  -10,   13,  -13,   12,  -16,   12,    8,   10,   -7,
      16,   -7,   10,  -18,   13,  -14,    8,   12,    6,    7,   18,   10,   12,    5,  -19,  -20,
      18,   -9,   10,   -9,   12,    8,  -15,   -8,  -10,   -8,  -11,   12,  -16,  -10,    8,   -7,
       5,    8,   -6,  -16,   -9,   10,  -10,  -18,   19,   -6,   -6,  -20,    5,    8,  -10,  -20,
      10,  -26,  -10,   -5,  -10,  -12,    5,  -12,  -12,  -12,  -12,  -17,  -10,  -19,  -12,   -8,
     -15,  -10,  -12,    5,  -12,  -10,  -15,    8,  -16,  -17,   -8,   -8,  -11,  -11,   -8,   12,
     -10,   -6,   -7,   -6,   -8,  -10,   -9,   -8,   -9,  -14,   -9,   -6,   -8,   -6,  -28,  -19,
       8,  -10,    8,  -14,   10,  -16,   10,   12,   11,   10,   12,   12,   12,   12,    9,   11,
     -10,   11,  -11,   14,   16,   -6,   10,   10,   -5,    8,   10,   10,   -6,   11,   10,   -6,
      -5,    5,   30,   -8,   -6,  -12,  -11,  -15,  -10,    6,   -6,  -12,  -16,   -9,    6,   -8,
      -5,   -5,   -9,   -6,    6,    6,  -22,   10,    5,  -11,  -13,   -6,  -18,   -5,   10,   -7,
      12,    6,    8,  -18,   -7,    7,   10,   -9,   10,    7,    7,    8,   10,    5,   -7,    9,
       6,   12,   -6,   -6,    5,    7,   -6,  -12,   -6,    6,   -6,    6,    6,  -22,   10,    5,
     -11,  -13,   -6,  -18,   -5,   10,   -9,   12,    6,    8,  -18,   -9,   10,   12,  -10,   10,
      10,    7,    8,   -6,   12,    6,   -9,   10,    6,   12,   -7,    6,   -7,  -11,   -6,   -7,
      -6,   -6,   -7,   -8,  -14,   -9,  -10,   -7,    6,   -8,  -12,   -7,   -7,  -14,  -12,  -15,
     -15,    6,  -14,  -14,  -18,  -10,    6,   -7,   -9,   -7,  -13,  -12,  -14,  -15,   -8,   12,
     -10,  -10,   -8,  -18,  -14,   -8,   -6,   -6,  -11,  -12,    8,   -5,    5,   -6,   -5,  -18,
      -9,   -8,    8,  -12,    6,    5,    5,    6,   12,  -18,  -21,  -13,   -7,  -14,    7,  -14,
       7,   10,   -4,    8,    7,   10,   10,   10,   10,    6,    8,  -14,  -16,  -10,  -12,   10,
     -10,   10,   12,   -6,   11,   10,   12,   10,   12,    6,    6,   10,  -22,  -18,   -9,   12,
     -11,  -15,   -8,  -19,  -14,  -10,   -4,   -4,   -6,   -8,   -3,   -4,   -6,   -6,   -9,  -22,
     -18,   -6,    6,   10,  -10,   10,    7,   -5,  -14,   -5,  -14,   10,   -6,   12,    6,    8,
     -12,   -6,    8,   10,   -8,   16,    8,    7,    7,   10,    6,   -6,    9,    8,   14,  -36,
     -11,  -26,    6,  -11,   -6,  -16,  -10,    6,  -18,  -11,  -14,  -12,  -11,  -20,  -31,  -36,
     -12,  -12,  -15,  -15,    6,  -14,  -14,  -18,   -8,    6,   -9,  -13,  -12,  -14,  -12,  -15,
     -15,    6,  -14,  -14,  -18,  -10,    6,   -8,   -9,   -6,  -13,  -12,   -7,    6,   -8,  -13,
      -8,   -7,  -18,   -8,  -11,    8,  -10,   -8,   14,   -6,  -18,  -13,    8,   -5,  -12,   -9,
      -6,    7,   -4,    7,   -6,   -5,   -6,  -18,  -17,   -9,   -5,    6,    6,   -7,   -6,    6,
       6,    5,   15,   -7,  -18,   -6,   -7,  -11,    8,  -10,  -17,  -14,   -5,   -9,  -17,  -13,
      -7,    6,   -8,   -6,   -6,   -7,  -25,  -14,  -23,  -14,   -8,  -19,  -13,  -16,  -12,   -5,
     -11,   -5,   -6,   -6,  -16,  -12,  -22,  -23,  -18,    6,   11,   -6,   14,  -49,  -26,  -31,
      17,  -14,   19,   19,  -30,   17,   -6,  -41,  -26,   14,  -31,  -24,   15,   10,   -6,   -8,
      14,   12,   10,   -9,   -6,   -6,  -26,  -26,  -26,  -12,  -26,   -7,  -26,  -30,   -6,  -20,
      18,  -23,  -16,   18,   -6,  -26,   18,    6,   -6,  -46,   -9,   -9,    6,   14,   14,    8,
       9,  -26,  -21,    9,   -6,   10,  -10,   14,    9,  -12,   14,   17,   15,    9,   14,    9,
      17,   16,   17,   12,   11,   16,   -9,   -6,   -9,   10,   -9,    6,    6,    6,   -8,   18,
      -7,  -46,   -6,  -36,   10,  -10,   -6,    6,    6,  -22,    6,  -10,  -16,   18,  -15,  -18,
     -10,  -41,  -46,  -16,   -5,   14,  -10,   -6,  -22,   -8,   -7,  -12,  -10,   -8,   -9,   -6,
      17,  -27,  -16,  -12,  -26,  -16,   12,    8,  -12,  -11,   -8,   21,   -7,   -6,  -22,  -22,
     -16,   12,  -32,  -22,  -37,  -11,    8,  -23,   14,   -8,   14,  -32,  -10,   10,  -16,   -6,
     -36,  -32,   10,  -35,  -30,   13,   -6,  -16,  -18,   10,    6,  -14,  -17,  -11,  -14,  -14,
     -34,  -29,   -9,  -34,  -20,  -29,  -15,  -30,  -32,   -8,  -14,   -8,  -12,  -24,   11,  -26,
     -22,   11,  -16,  -29,   14,  -10,  -30,  -17,  -16,    6,  -16,  -14,  -11,    5,  -12,    9,
     -12,   10,   12,   10,   10,   12,   11,   12,    6,   11,  -30,   -7,   -6,  -14,    6,    8,
     -15,   -8,  -21,  -16,  -32,   -8,  -34,   -6,    7,  -30,  -26,  -16,   -6,   -7,  -10,    8,
     -10,  -17,  -14,   -5,   -8,  -14,  -10,  -10,    6,   -9,   -8,   -5,  -14,  -10,   -9,   -7,
      -7,  -13,   -9,  -18,   -9,   -8,   -8,  -12,  -18,  -10,  -15,    8,  -13,   -8,  -18,  -16,
      -8,   -7,   -6,    9,   -5,    6,    6,    5,    8,    6,    5,   18,    8,    6,    6,    6,
      -7,   12,   -7,   12,    6,    6,    6,   -8,    6,   14,  -12,   -9,   -6,   12,   -9,  -14,
      -9,   -5,   -9,   -9,  -10,   -8,   10,  -16,   -8,  -14,  -10,   -8,  -10,  -10,  -16,   -9,
     -14,  -12,   -8,  -14,  -10,  -11,   -7,   10,   -8,   -6,   -9,   -7,  -10,   -8,   -6,   -9,
      -5,   -9,  -18,   -6,    8,   -8,   -6,   -8,    6,   -6,    6,   19,  -10,   -6,   -1,  -10,
      -5,  -10,   -2,   -4,  -12,  -12,   -5,    4,   -4,  -12,   -2,   -6,   -8,   -5,  -20,  -10,
      -4,  -25,  -16,   -5,   -2,  -12,  -25,  -16,  -16,   -6,   -6,   -5,   -8,  -10,  -11,   -4,
      -2,  -10,  -18,   -1,  -11,   -8,   -4,   -4,   -2,  -30,  -10,   -8,   -8,   -8,  -15,   -8,
      -8,  -10,  -10,  -10,   -4,   -2,   -6,   -6,  -11,  -11,  -20,   -4,   -4,  -15,  -11,   -4,
     -22,   -6,    4,   -1,  -10,   -2,  -10,  -12,  -13,   -6,   -8,   -5,   -4,  -15,   -4,   -4,
      -6,   -2,  -11,   -8,   -5,   -8,  -10,   -8,   -8,  -18,   -4,   -8,   -2,   -5,   -4,  -10,
      -5,  -12,  -11,  -20,  -10,  -15,   -4,   -8,  -11,  -15,  -11,  -10,  -12,  -14,   -4,  -14,
      -8,  -11,   -8,   -8,  -24,  -25,   -8,   -4,   -4,  -18,  -20,  -20,   -5,  -10,  -41,  -15,
     -15,  -48,  -10,  -15,    8,   10,    9,   14,   16,    7,   13,   11,  -14,  -16,  -21,  -10,
       6,    6,    6,  -98,  -14,  -35,   10,    8,  -48,  -30,  -41,  -28,    6,  -10,  -15,   -6,
       7,    8,  -14,  -22,  -16,  -23,   -7,  -21,  -14,  -26,  -10,    7,  -12,  -10,    7,  -14,
       8,  -50,   -8,   -5,  -49,  -18,  -18,  -52,  -18,  -10,    8,    6,   14,   14,    7,   11,
       8,  -32,   -5,  -36,  -36,  -10,   -5,   -5,  -21,  -38,  -16,   -5,   -5,   -5,  -16,  -64,
     -10,  -32,   -5,   -5,   -5,  -36,   -5,   -5,   -5,    8,   -9,  -10,  -52,  -33,  -49,  -31,
     -18,  -12,    7,   -6,  -32,  -10,  -10,  -29,  -24,   -8,  -31,  -16,  -36,  -12,  -24,  -34,
     -10,   -7,   -9,  -19,  -22,  -38,   -9,  -24,    6,   -6,  -54,  -15,   -6,  -14,   -8,   10,
     -16,  -16,   11,  -16,    5,  -38,  -10,  -62,  -38,   12,  -54,   10,    5,    5,    5,    5,
       5,   16,    5,    6,    5,  -20,  -14,   10,  -20,   12,   12,    5,    5,    5,    5,    5,
       5,    5,  -20,  -12,  -15,   25,
};

static const EpdLigaturePair ubuntu_15_boldLigaturePairs[] = {
    { 0x00660066, 0xFB00 }, // f f -> U+FB00
    { 0x00660069, 0xFB01 }, // f i -> U+FB01
    { 0x0066006C, 0xFB02 }, // f l -> U+FB02
    { 0xFB000069, 0xFB03 }, // U+FB00 i -> U+FB03
    { 0xFB00006C, 0xFB04 }, // U+FB00 l -> U+FB04
};

static const EpdFontData ubuntu_15_bold = {
    ubuntu_15_boldBitmaps,
    ubuntu_15_boldGlyphs,
    ubuntu_15_boldIntervals,
    70,
    36,
    30,
    -6,
    false,
    nullptr,
    0,
    nullptr,
    nullptr,  // kernLeftClasses: built-in fonts use the split arrays below
    nullptr,  // kernRightClasses
    ubuntu_15_boldKernLeftCodepoints,
    ubuntu_15_boldKernLeftClassIds,
    ubuntu_15_boldKernRightCodepoints,
    ubuntu_15_boldKernRightClassIds,
    nullptr,  // kernMatrix: built-in fonts use the sparse form below
    ubuntu_15_boldKernRowOffsets,
    ubuntu_15_boldKernSparseCols,
    ubuntu_15_boldKernSparseValues,
    576,
    577,
    173,
    159,
    ubuntu_15_boldLigaturePairs,
    5,
};
