/**
 * generated by fontconvert.py
 * name: ubuntu_15_regular
 * size: 15
 * mode: 1-bit
 * Command used: fontconvert.py ubuntu_15_regular 15 ../builtinFonts/source/Ubuntu/Ubuntu-Regular.ttf ../builtinFonts/source/NotoSansHebrew/NotoSansHebrew-Regular.ttf ../builtinFonts/source/NotoSansArabic/NotoSansArabic-Regular.ttf ../builtinFonts/source/Ubuntu/Ubuntu-Vietnamese-Regular.ttf --additional-intervals 0x05D0,0x05EA --additional-intervals 0x060C,0x060C --additional-intervals 0x061B,0x061B --additional-intervals 0x061F,0x061F --additional-intervals 0x0621,0x0621 --additional-intervals 0x0640,0x0640 --additional-intervals 0x0654,0x0654 --additional-intervals 0x0660,0x0669 --additional-intervals 0x06BA,0x06BA --additional-intervals 0x06D4,0x06D4 --additional-intervals 0x06D5,0x06D5 --additional-intervals 0x06F0,0x06F9 --additional-intervals 0xFB56,0xFB59 --additional-intervals 0xFB66,0xFB69 --additional-intervals 0xFB7A,0xFB7D --additional-intervals 0xFB88,0xFB95 --additional-intervals 0xFB9E,0xFB9F --additional-intervals 0xFBA6,0xFBB1 --additional-intervals 0xFBFC,0xFBFF --additional-intervals 0xFE80,0xFEFC
 */
#pragma once
#include "EpdFontData.h"

static const uint8_t ubuntu_15_regularBitmaps[49295] = {
    0xF7, 0xBD, 0xEF, 0x7B, 0xDE, 0xF7, 0x9C, 0xE7, 0x38, 0x00, 0x07, 0xBF, 0xFF, 0x00, 0xF7, 0xFB,
    0xFD, 0xFC, 0xFE, 0x3F, 0x1F, 0x8F, 0xC7, 0x03, 0x87, 0x80, 0x70, 0xF0, 0x1E, 0x1C, 0x03, 0xC3,
    0x80, 0x70, 0x70, 0x0E, 0x1E, 0x3F, 0xFF, 0xFF, 0xFF, 0xFF, 0xFF, 0xFF, 0xE1, 0xC1, 0xC0, 0x38,
    0x78, 0x07, 0x0F, 0x0F, 0xFF, 0xFF, 0xFF, 0xFF, 0xFF, 0xFF, 0xF8, 0xE1, 0xE0, 0x1C, 0x3C, 0x07,
    0x87, 0x00, 0xF0, 0xE0, 0x1C, 0x1C, 0x03, 0x83, 0x80, 0x03, 0x80, 0x07, 0x00, 0x0E, 0x00, 0x7F,
    0xC1, 0xFF, 0xC7, 0xC7, 0x1E, 0x00, 0x3C, 0x00, 0x78, 0x00, 0xF0, 0x01, 0xF0, 0x01, 0xF8, 0x01,
    0xFC, 0x01, 0xFE, 0x00, 0xFE, 0x00, 0x3E, 0x00, 0x3C, 0x00, 0x3C, 0x00, 0x78, 0x00, 0xF0, 0x03,
    0xEF, 0x0F, 0x9F, 0xFE, 0x1F, 0xF8, 0x03, 0x80, 0x07, 0x00, 0x0E, 0x00, 0x1C, 0x00, 0x1F, 0x00,
    0xF0, 0x3F, 0xC0, 0x70, 0x1E, 0xF0, 0x78, 0x1E, 0x38, 0x38, 0x0E, 0x1E, 0x3C, 0x07, 0x07, 0x3C,
    0x03, 0x87, 0x9C, 0x01, 0xE3, 0x9E, 0x00, 0x7B, 0xCE, 0x00, 0x3F, 0xCF, 0x00, 0x07, 0xCF, 0x3F,
    0x00, 0x07, 0xBF, 0xC0, 0x07, 0xBE, 0xF0, 0x03, 0x9C, 0x38, 0x03, 0xCE, 0x1C, 0x01, 0xC7, 0x0E,
    0x01, 0xE3, 0x87, 0x01, 0xE1, 0xC3, 0x80, 0xF0, 0xFB, 0xC0, 0xF0, 0x3F, 0xC0, 0x70, 0x0F, 0xC0,
    0x07, 0xF0, 0x00, 0xFF, 0x80, 0x1F, 0xF8, 0x01, 0xE7, 0xC0, 0x3C, 0x3C, 0x03, 0xC3, 0xC0, 0x1C,
    0x78, 0x01, 0xCF, 0x80, 0x1F, 0xF0, 0x00, 0xFE, 0x00, 0x1F, 0xC0, 0x03, 0xFC, 0x1C, 0x7D, 0xE1,
    0xCF, 0x8F, 0x3C, 0xF0, 0x7B, 0x8F, 0x03, 0xF8, 0xF0, 0x1F, 0x0F, 0xC3, 0xF0, 0x7F, 0xFF, 0xC3,
    0xFF, 0xBE, 0x1F, 0xF1, 0xE0, 0xFF, 0xFE, 0xEE, 0xEE, 0x06, 0x0F, 0x0E, 0x1E, 0x1C, 0x3C, 0x38,
    0x78, 0x78, 0x70, 0xF0, 0xF0, 0xF0, 0xF0, 0xF0, 0xF0, 0xF0, 0xF0, 0xF0, 0xF0, 0x70, 0x78, 0x78,
    0x38, 0x3C, 0x1C, 0x1E, 0x0E, 0x0F, 0x06, 0x60, 0xF0, 0x70, 0x78, 0x38, 0x3C, 0x1C, 0x1E, 0x1E,
    0x0E, 0x0F, 0x0F, 0x0F, 0x0F, 0x0F, 0x0F, 0x0F, 0x0F, 0x0F, 0x0F, 0x0E, 0x1E, 0x1E, 0x1C, 0x3C,
    0x38, 0x78, 0x70, 0xF0, 0x60, 0x07, 0x00, 0x38, 0x01, 0xC1, 0xCE, 0x6F, 0xFF, 0xBF, 0xF8, 0x7F,
    0x01, 0xF0, 0x1D, 0xC1, 0xEF, 0x0E, 0x38, 0x31, 0x80, 0x03, 0x80, 0x07, 0x00, 0x0E, 0x00, 0x1C,
    0x00, 0x38, 0x00, 0x70, 0x3F, 0xFF, 0xFF, 0xFF, 0x03, 0x80, 0x07, 0x00, 0x0E, 0x00, 0x1C, 0x00,
    0x38, 0x00, 0x70, 0x00, 0x7B, 0xDE, 0xF7, 0x3B, 0xDE, 0xE0, 0xFF, 0xFF, 0xC0, 0x7F, 0xFE, 0xF0,
    0x00, 0x3C, 0x00, 0xE0, 0x03, 0x80, 0x1E, 0x00, 0x70, 0x03, 0xC0, 0x0F, 0x00, 0x38, 0x01, 0xE0,
    0x07, 0x80, 0x1C, 0x00, 0xF0, 0x03, 0xC0, 0x0E, 0x00, 0x78, 0x01, 0xE0, 0x07, 0x00, 0x3C, 0x00,
    0xF0, 0x03, 0x80, 0x1E, 0x00, 0x78, 0x03, 0xC0, 0x0F, 0x00, 0x38, 0x01, 0xE0, 0x07, 0x80, 0x1C,
    0x00, 0xF0, 0x03, 0xC0, 0x00, 0x0F, 0xE0, 0x3F, 0xE0, 0xFF, 0xE1, 0xF3, 0xE7, 0x83, 0xCF, 0x03,
    0xDC, 0x07, 0xF8, 0x0F, 0xF0, 0x1F, 0xE0, 0x3F, 0xC0, 0x7F, 0x80, 0xFF, 0x01, 0xFE, 0x03, 0xDC,
    0x07, 0xBC, 0x0F, 0x78, 0x3C, 0x7C, 0xF8, 0xFF, 0xE0, 0xFF, 0x80, 0xFE, 0x00, 0x03, 0xC3, 0xF7,
    0xFD, 0xFF, 0x7F, 0xDC, 0xF0, 0x3C, 0x0F, 0x03, 0xC0, 0xF0, 0x3C, 0x0F, 0x03, 0xC0, 0xF0, 0x3C,
    0x0F, 0x03, 0xC0, 0xF0, 0x3C, 0x0F, 0x03, 0xC0, 0x1F, 0xE0, 0xFF, 0xE1, 0xFF, 0xE3, 0xE7, 0xC6,
    0x07, 0xC0, 0x07, 0x80, 0x0F, 0x00, 0x1E, 0x00, 0x78, 0x01, 0xE0, 0x07, 0xC0, 0x1F, 0x00, 0x7C,
    0x01, 0xF0, 0x07, 0xC0, 0x1F, 0x00, 0x3C, 0x00, 0xF0, 0x01, 0xFF, 0xFB, 0xFF, 0xF7, 0xFF, 0xE0,
    0x1F, 0xE0, 0xFF, 0xE1, 0xFF, 0xE3, 0xC7, 0xC0, 0x03, 0xC0, 0x07, 0x00, 0x1E, 0x00, 0xFC, 0x0F,
    0xF0, 0x1F, 0xE0, 0x3F, 0xE0, 0x0F, 0xE0, 0x03, 0xC0, 0x03, 0x80, 0x07, 0x80, 0x0E, 0x00, 0x3C,
    0xE1, 0xF9, 0xFF, 0xE7, 0xFF, 0x87, 0xFE, 0x00, 0x00, 0x78, 0x00, 0xF8, 0x01, 0xF8, 0x03, 0xF8,
    0x03, 0xF8, 0x07, 0xF8, 0x0F, 0x78, 0x1E, 0x78, 0x1E, 0x78, 0x3C, 0x78, 0x78, 0x78, 0x70, 0x78,
    0xF0, 0x78, 0xFF, 0xFF, 0xFF, 0xFF, 0xFF, 0xFF, 0x00, 0x78, 0x00, 0x78, 0x00, 0x78, 0x00, 0x78,
    0x00, 0x78, 0x3F, 0xF8, 0xFF, 0xE3, 0xFF, 0x8E, 0x00, 0x78, 0x01, 0xE0, 0x07, 0x80, 0x1F, 0xE0,
    0x7F, 0xE1, 0xFF, 0xC0, 0xFF, 0x80, 0x3E, 0x00, 0x78, 0x00, 0xF0, 0x03, 0xC0, 0x0E, 0x00, 0x7B,
    0xC7, 0xEF, 0xFF, 0x3F, 0xF8, 0x7F, 0xC0, 0x00, 0xFC, 0x07, 0xF8, 0x1F, 0xF0, 0x7F, 0x01, 0xF0,
    0x07, 0x80, 0x0E, 0x00, 0x3F, 0xF8, 0x7F, 0xF8, 0xFF, 0xF9, 0xF9, 0xFB, 0x80, 0xF7, 0x01, 0xEE,
    0x01, 0xDE, 0x07, 0xBC, 0x0F, 0x78, 0x1E, 0x7C, 0xF8, 0xFF, 0xF0, 0xFF, 0xC0, 0xFF, 0x00, 0xFF,
    0xFF, 0xFF, 0xFF, 0xFF, 0xF8, 0x01, 0xE0, 0x03, 0xC0, 0x0F, 0x00, 0x3C, 0x00, 0x78, 0x01, 0xE0,
    0x03, 0xC0, 0x0F, 0x00, 0x1E, 0x00, 0x38, 0x00, 0xF0, 0x01, 0xE0, 0x03, 0x80, 0x0F, 0x00, 0x1E,
    0x00, 0x3C, 0x00, 0x78, 0x00, 0xE0, 0x00, 0x0F, 0xE0, 0x3F, 0xF0, 0xFF, 0xF3, 0xF3, 0xE7, 0x81,
    0xEF, 0x03, 0xDE, 0x07, 0x3E, 0x1E, 0x3F, 0x7C, 0x7F, 0xF0, 0x7F, 0xC1, 0xFF, 0xC7, 0x8F, 0xCF,
    0x07, 0xFC, 0x07, 0xF8, 0x0F, 0xF0, 0x1E, 0xF8, 0xFD, 0xFF, 0xF1, 0xFF, 0xC0, 0xFF, 0x00, 0x0F,
    0xE0, 0x7F, 0xE0, 0xFF, 0xE3, 0xE7, 0xE7, 0x83, 0xDE, 0x03, 0xFC, 0x07, 0xF8, 0x0F, 0xF8, 0x1E,
    0xFC, 0xFD, 0xFF, 0xF9, 0xFF, 0xF1, 0xFF, 0xC0, 0x07, 0x80, 0x0F, 0x00, 0x3C, 0x00, 0xF8, 0x1F,
    0xE1, 0xFF, 0x83, 0xFE, 0x03, 0xF0, 0x00, 0x7F, 0xFE, 0xF0, 0x00, 0x00, 0x00, 0x00, 0x07, 0xFF,
    0xEF, 0x7F, 0xFE, 0xF0, 0x00, 0x00, 0x00, 0x00, 0x07, 0xBD, 0xEF, 0x73, 0xBD, 0xEE, 0x00, 0x00,
    0x0E, 0x00, 0x7C, 0x07, 0xF0, 0x3F, 0x81, 0xF8, 0x0F, 0xC0, 0x3E, 0x00, 0x3F, 0x00, 0x1F, 0x80,
    0x0F, 0xE0, 0x07, 0xF0, 0x01, 0xF0, 0x00, 0xE0, 0xFF, 0xFF, 0xFF, 0xFC, 0x00, 0x00, 0x00, 0x00,
    0x00, 0x00, 0x00, 0x3F, 0xFF, 0xFF, 0xFF, 0x70, 0x01, 0xF8, 0x01, 0xFC, 0x00, 0x7F, 0x00, 0x3F,
    0x80, 0x1F, 0xC0, 0x07, 0x80, 0x7F, 0x03, 0xF8, 0x1F, 0xC1, 0xFC, 0x07, 0xE0, 0x07, 0x00, 0x00,
    0x7F, 0xCF, 0xFE, 0x73, 0xF0, 0x0F, 0x00, 0xF0, 0x0F, 0x00, 0xF0, 0x1E, 0x03, 0xC0, 0x78, 0x0F,
    0x00, 0xE0, 0x1E, 0x01, 0xE0, 0x00, 0x00, 0x00, 0x00, 0x01, 0xE0, 0x1F, 0x01, 0xF0, 0x1E, 0x00,
    0x00, 0xFF, 0xC0, 0x00, 0xFF, 0xFC, 0x00, 0xFF, 0x3F, 0x80, 0x7C, 0x00, 0xF0, 0x3E, 0x00, 0x1E,
    0x0F, 0x00, 0x03, 0xC7, 0x83, 0xFC, 0x71, 0xC3, 0xFF, 0x9E, 0xF0, 0xF9, 0xE3, 0xBC, 0x78, 0x78,
    0xFE, 0x3C, 0x1E, 0x3F, 0x8F, 0x07, 0x8F, 0xE3, 0xC1, 0xE3, 0xF8, 0xF0, 0x78, 0xFE, 0x3C, 0x1E,
    0x3F, 0x8F, 0x07, 0x8E, 0xE3, 0xC1, 0xE3, 0xBC, 0x78, 0x79, 0xEF, 0x1F, 0x3E, 0xF1, 0xC3, 0xFF,
    0xFC, 0x78, 0x3F, 0xFC, 0x0F, 0x00, 0x00, 0x03, 0xE0, 0x00, 0x00, 0x7C, 0x00, 0x00, 0x0F, 0xF0,
    0xC0, 0x00, 0xFF, 0xF8, 0x00, 0x0F, 0xFE, 0x00, 0x00, 0xF0, 0x00, 0x07, 0xC0, 0x00, 0x7E, 0x00,
    0x03, 0xF8, 0x00, 0x3F, 0xC0, 0x01, 0xEF, 0x00, 0x1E, 0x78, 0x00, 0xF1, 0xC0, 0x07, 0x0F, 0x00,
    0x78, 0x78, 0x03, 0xC1, 0xE0, 0x3C, 0x0F, 0x01, 0xE0, 0x38, 0x0F, 0xFF, 0xE0, 0xFF, 0xFF, 0x07,
    0xFF, 0xFC, 0x3C, 0x01, 0xE3, 0xC0, 0x0F, 0x1E, 0x00, 0x3D, 0xE0, 0x01, 0xEF, 0x00, 0x0F, 0x80,
    0xFF, 0xF0, 0x7F, 0xFE, 0x3F, 0xFF, 0x9E, 0x1F, 0xCF, 0x01, 0xF7, 0x80, 0x7B, 0xC0, 0x79, 0xE0,
    0xFC, 0xFF, 0xFC, 0x7F, 0xFE, 0x3F, 0xFF, 0x9E, 0x0F, 0xEF, 0x00, 0xF7, 0x80, 0x3F, 0xC0, 0x1F,
    0xE0, 0x0F, 0xF0, 0x0F, 0x78, 0x3F, 0xBF, 0xFF, 0x9F, 0xFF, 0x8F, 0xFF, 0x00, 0x01, 0xFF, 0x01,
    0xFF, 0xF0, 0xFF, 0xF8, 0x7F, 0x1E, 0x3E, 0x00, 0x1F, 0x00, 0x07, 0x80, 0x01, 0xE0, 0x00, 0x78,
    0x00, 0x1C, 0x00, 0x0F, 0x00, 0x03, 0xC0, 0x00, 0x78, 0x00, 0x1E, 0x00, 0x07, 0x80, 0x01, 0xF0,
    0x00, 0x3E, 0x00, 0x07, 0xF1, 0xE1, 0xFF, 0xFC, 0x1F, 0xFF, 0x03, 0xFF, 0x00, 0xFF, 0xF0, 0x1F,
    0xFF, 0x83, 0xFF, 0xF8, 0x78, 0x7F, 0x8F, 0x00, 0xF9, 0xE0, 0x0F, 0xBC, 0x00, 0xF7, 0x80, 0x1E,
    0xF0, 0x01, 0xFE, 0x00, 0x3F, 0xC0, 0x07, 0xF8, 0x00, 0xFF, 0x00, 0x1F, 0xE0, 0x07, 0xBC, 0x00,
    0xF7, 0x80, 0x3E, 0xF0, 0x0F, 0x9E, 0x0F, 0xE3, 0xFF, 0xF8, 0x7F, 0xFE, 0x0F, 0xFF, 0x00, 0xFF,
    0xFD, 0xFF, 0xFB, 0xFF, 0xF7, 0x80, 0x0F, 0x00, 0x1E, 0x00, 0x3C, 0x00, 0x78, 0x00, 0xFF, 0xF9,
    0xFF, 0xF3, 0xFF, 0xE7, 0x80, 0x0F, 0x00, 0x1E, 0x00, 0x3C, 0x00, 0x78, 0x00, 0xF0, 0x01, 0xE0,
    0x03, 0xFF, 0xFF, 0xFF, 0xFF, 0xFF, 0xE0, 0xFF, 0xFF, 0xFF, 0xFF, 0xFF, 0xFC, 0x00, 0xF0, 0x03,
    0xC0, 0x0F, 0x00, 0x3C, 0x00, 0xFF, 0xFB, 0xFF, 0xEF, 0xFF, 0xBC, 0x00, 0xF0, 0x03, 0xC0, 0x0F,
    0x00, 0x3C, 0x00, 0xF0, 0x03, 0xC0, 0x0F, 0x00, 0x3C, 0x00, 0xF0, 0x00, 0x01, 0xFF, 0x01, 0xFF,
    0xF0, 0xFF, 0xFC, 0x7F, 0x1E, 0x3E, 0x00, 0x9F, 0x00, 0x07, 0x80, 0x01, 0xE0, 0x00, 0x78, 0x00,
    0x1C, 0x00, 0x0F, 0x00, 0x03, 0xC0, 0x0F, 0x78, 0x03, 0xDE, 0x00, 0xF7, 0x80, 0x3D, 0xF0, 0x0F,
    0x3E, 0x03, 0xC7, 0xF1, 0xF1, 0xFF, 0xFC, 0x1F, 0xFF, 0x03, 0xFF, 0x80, 0xF0, 0x03, 0xFC, 0x00,
    0xFF, 0x00, 0x3F, 0xC0, 0x0F, 0xF0, 0x03, 0xFC, 0x00, 0xFF, 0x00, 0x3F, 0xC0, 0x0F, 0xFF, 0xFF,
    0xFF, 0xFF, 0xFF, 0xFF, 0xFF, 0xC0, 0x0F, 0xF0, 0x03, 0xFC, 0x00, 0xFF, 0x00, 0x3F, 0xC0, 0x0F,
    0xF0, 0x03, 0xFC, 0x00, 0xFF, 0x00, 0x3F, 0xC0, 0x0F, 0xF0, 0x03, 0xC0, 0xFF, 0xFF, 0xFF, 0xFF,
    0xFF, 0xFF, 0xFF, 0xFF, 0xFF, 0xFF, 0xF0, 0x00, 0x38, 0x01, 0xC0, 0x0E, 0x00, 0x70, 0x03, 0x80,
    0x1C, 0x00, 0xE0, 0x07, 0x00, 0x38, 0x01, 0xC0, 0x0E, 0x00, 0x70, 0x03, 0x80, 0x1C, 0x00, 0xE0,
    0x0F, 0x40, 0x7B, 0x8F, 0xFF, 0xFD, 0xFF, 0xC3, 0xFC, 0x00, 0xF0, 0x0F, 0xBC, 0x07, 0x8F, 0x03,
    0xC3, 0xC1, 0xE0, 0xF0, 0xF0, 0x3C, 0x78, 0x0F, 0x3C, 0x03, 0xDE, 0x00, 0xFF, 0x00, 0x3F, 0x80,
    0x0F, 0xF8, 0x03, 0xFF, 0x00, 0xF7, 0xE0, 0x3C, 0xFC, 0x0F, 0x0F, 0x83, 0xC1, 0xF0, 0xF0, 0x3C,
    0x3C, 0x07, 0x8F, 0x01, 0xF3, 0xC0, 0x3E, 0xF0, 0x07, 0x80, 0xF0, 0x03, 0xC0, 0x0F, 0x00, 0x3C,
    0x00, 0xF0, 0x03, 0xC0, 0x0F, 0x00, 0x3C, 0x00, 0xF0, 0x03, 0xC0, 0x0F, 0x00, 0x3C, 0x00, 0xF0,
    0x03, 0xC0, 0x0F, 0x00, 0x3C, 0x00, 0xF0, 0x03, 0xC0, 0x0F, 0xFF, 0xFF, 0xFF, 0xFF, 0xFC, 0x78,
    0x00, 0x3C, 0xF8, 0x00, 0xF9, 0xF0, 0x01, 0xF3, 0xF0, 0x07, 0xE7, 0xE0, 0x0F, 0xCE, 0xE0, 0x3B,
    0x9D, 0xC0, 0x77, 0x39, 0xC1, 0xCE, 0xF3, 0x83, 0x9F, 0xE7, 0x07, 0x3F, 0xC7, 0x1C, 0x7F, 0x8E,
    0x38, 0xFF, 0x0E, 0xE1, 0xFE, 0x1D, 0xC3, 0xFC, 0x1F, 0x07, 0xF8, 0x3E, 0x0F, 0xF0, 0x7C, 0x1F,
    0xE0, 0x70, 0x3F, 0x80, 0x00, 0x3F, 0x00, 0x00, 0x7E, 0x00, 0x00, 0xE0, 0xF0, 0x01, 0xFE, 0x00,
    0x7F, 0xC0, 0x1F, 0xF8, 0x07, 0xFE, 0x01, 0xFF, 0xC0, 0x7F, 0x78, 0x1F, 0xCF, 0x07, 0xF3, 0xC1,
    0xFC, 0x78, 0x7F, 0x0F, 0x1F, 0xC1, 0xE7, 0xF0, 0x79, 0xFC, 0x0F, 0x7F, 0x01, 0xFF, 0xC0, 0x7F,
    0xF0, 0x0F, 0xFC, 0x01, 0xFF, 0x00, 0x7F, 0xC0, 0x0F, 0xF0, 0x01, 0xC0, 0x01, 0xFE, 0x00, 0x1F,
    0xFE, 0x00, 0xFF, 0xFE, 0x07, 0xF3, 0xF8, 0x3E, 0x01, 0xF1, 0xF0, 0x03, 0xE7, 0x80, 0x07, 0x9E,
    0x00, 0x1E, 0x78, 0x00, 0x3D, 0xC0, 0x00, 0xFF, 0x00, 0x03, 0xDC, 0x00, 0x0F, 0x78, 0x00, 0x3D,
    0xE0, 0x01, 0xE7, 0x80, 0x07, 0x9F, 0x00, 0x3E, 0x3E, 0x01, 0xF0, 0x7F, 0x3F, 0x80, 0xFF, 0xFE,
    0x01, 0xFF, 0xE0, 0x01, 0xFF, 0x00, 0xFF, 0xF0, 0xFF, 0xFC, 0xFF, 0xFE, 0xF0, 0xFE, 0xF0, 0x1F,
    0xF0, 0x0F, 0xF0, 0x0F, 0xF0, 0x0F, 0xF0, 0x1F, 0xF0, 0xFE, 0xFF, 0xFE, 0xFF, 0xFC, 0xFF, 0xF0,
    0xF0, 0x00, 0xF0, 0x00, 0xF0, 0x00, 0xF0, 0x00, 0xF0, 0x00, 0xF0, 0x00, 0xF0, 0x00, 0xF0, 0x00,
    0x01, 0xFE, 0x00, 0x1F, 0xFE, 0x00, 0xFF, 0xFE, 0x07, 0xF3, 0xF8, 0x3E, 0x01, 0xF1, 0xF0, 0x03,
    0xE7, 0x80, 0x07, 0x9E, 0x00, 0x1E, 0x78, 0x00, 0x3D, 0xC0, 0x00, 0xFF, 0x00, 0x03, 0xFC, 0x00,
    0x0F, 0x78, 0x00, 0x3D, 0xE0, 0x01, 0xE7, 0x80, 0x07, 0x9F, 0x00, 0x3E, 0x3E, 0x01, 0xF0, 0x7F,
    0x3F, 0x81, 0xFF, 0xFE, 0x01, 0xFF, 0xE0, 0x01, 0xFE, 0x00, 0x00, 0xF0, 0x00, 0x03, 0xE0, 0x00,
    0x07, 0xF8, 0x00, 0x0F, 0xF0, 0x00, 0x1F, 0xC0, 0x00, 0x1F, 0x00, 0xFF, 0xF0, 0x7F, 0xFE, 0x3F,
    0xFF, 0x9E, 0x1F, 0xCF, 0x01, 0xF7, 0x80, 0x7B, 0xC0, 0x3D, 0xE0, 0x1E, 0xF0, 0x1F, 0x78, 0x7F,
    0x3F, 0xFF, 0x9F, 0xFF, 0x8F, 0xFF, 0x07, 0x87, 0x83, 0xC1, 0xE1, 0xE0, 0x78, 0xF0, 0x3E, 0x78,
    0x0F, 0x3C, 0x03, 0xDE, 0x01, 0xFF, 0x00, 0x78, 0x1F, 0xF8, 0x7F, 0xF9, 0xFF, 0xF3, 0xE3, 0xCF,
    0x00, 0x1E, 0x00, 0x3C, 0x00, 0x3E, 0x00, 0x7F, 0x00, 0x7F, 0xC0, 0x7F, 0xE0, 0x1F, 0xE0, 0x07,
    0xC0, 0x07, 0xC0, 0x07, 0x80, 0x0F, 0x40, 0x1F, 0xF1, 0xFB, 0xFF, 0xF7, 0xFF, 0xC7, 0xFE, 0x00,
    0xFF, 0xFF, 0xBF, 0xFF, 0xEF, 0xFF, 0xF8, 0x07, 0x80, 0x01, 0xE0, 0x00, 0x78, 0x00, 0x1E, 0x00,
    0x07, 0x80, 0x01, 0xE0, 0x00, 0x78, 0x00, 0x1E, 0x00, 0x07, 0x80, 0x01, 0xE0, 0x00, 0x78, 0x00,
    0x1E, 0x00, 0x07, 0x80, 0x01, 0xE0, 0x00, 0x78, 0x00, 0x1E, 0x00, 0x07, 0x80, 0x01, 0xE0, 0x00,
    0xF0, 0x07, 0xF8, 0x03, 0xFC, 0x01, 0xFE, 0x00, 0xFF, 0x00, 0x7F, 0x80, 0x3F, 0xC0, 0x1F, 0xE0,
    0x0F, 0xF0, 0x07, 0xF8, 0x03, 0xFC, 0x01, 0xFE, 0x00, 0xFF, 0x00, 0x7F, 0x80, 0x3F, 0xC0, 0x1F,
    0xF0, 0x0F, 0x78, 0x0F, 0xBF, 0x1F, 0x8F, 0xFF, 0x83, 0xFF, 0x80, 0xFF, 0x80, 0xF0, 0x00, 0xF7,
    0xC0, 0x07, 0x9E, 0x00, 0x3C, 0xF0, 0x03, 0xC3, 0xC0, 0x1E, 0x1E, 0x01, 0xE0, 0xF0, 0x0F, 0x03,
    0xC0, 0x78, 0x1E, 0x07, 0x80, 0xF8, 0x3C, 0x03, 0xC1, 0xC0, 0x1E, 0x1E, 0x00, 0x78, 0xF0, 0x03,
    0xCF, 0x00, 0x0F, 0x78, 0x00, 0x7F, 0x80, 0x03, 0xFC, 0x00, 0x0F, 0xE0, 0x00, 0x7E, 0x00, 0x01,
    0xF0, 0x00, 0x0F, 0x00, 0x00, 0x70, 0x00, 0x00, 0xF7, 0x80, 0x00, 0x0F, 0x78, 0x00, 0x00, 0xF7,
    0x80, 0x70, 0x0F, 0x78, 0x0F, 0x80, 0xE3, 0x80, 0xF8, 0x1E, 0x3C, 0x0F, 0x81, 0xE3, 0xC1, 0xFC,
    0x1E, 0x3C, 0x1F, 0xC1, 0xE3, 0xC1, 0xDC, 0x1C, 0x1E, 0x3D, 0xE3, 0xC1, 0xE3, 0x8E, 0x3C, 0x1E,
    0x78, 0xE3, 0xC1, 0xE7, 0x8F, 0x38, 0x0E, 0x70, 0x77, 0x80, 0xFF, 0x07, 0xF8, 0x0F, 0xE0, 0x7F,
    0x00, 0x7E, 0x03, 0xF0, 0x07, 0xE0, 0x3F, 0x00, 0x7C, 0x01, 0xF0, 0x03, 0xC0, 0x1E, 0x00, 0x78,
    0x03, 0xE7, 0x80, 0x78, 0xF8, 0x1E, 0x0F, 0x07, 0x80, 0xF0, 0xF0, 0x1F, 0x3C, 0x01, 0xEF, 0x00,
    0x1F, 0xE0, 0x03, 0xF8, 0x00, 0x3E, 0x00, 0x07, 0xC0, 0x00, 0xFC, 0x00, 0x3F, 0xC0, 0x0F, 0xF8,
    0x03, 0xE7, 0x80, 0x78, 0xF8, 0x1E, 0x0F, 0x87, 0xC0, 0xF0, 0xF0, 0x0F, 0x3C, 0x01, 0xE7, 0x80,
    0x1E, 0xF0, 0x03, 0xCF, 0x00, 0x79, 0xE0, 0x1E, 0x1E, 0x03, 0xC3, 0xC0, 0xF0, 0x3C, 0x1E, 0x07,
    0xC7, 0x80, 0x79, 0xF0, 0x07, 0xBC, 0x00, 0xFF, 0x00, 0x0F, 0xE0, 0x01, 0xF8, 0x00, 0x1E, 0x00,
    0x03, 0xC0, 0x00, 0x78, 0x00, 0x0F, 0x00, 0x01, 0xE0, 0x00, 0x3C, 0x00, 0x07, 0x80, 0x00, 0xF0,
    0x00, 0x1E, 0x00, 0xFF, 0xFF, 0xFF, 0xFF, 0xFF, 0xFF, 0x00, 0x3E, 0x00, 0x7C, 0x00, 0x78, 0x00,
    0xF0, 0x01, 0xE0, 0x03, 0xE0, 0x03, 0xC0, 0x07, 0x80, 0x0F, 0x00, 0x0F, 0x00, 0x1E, 0x00, 0x3C,
    0x00, 0x3C, 0x00, 0x78, 0x00, 0xF0, 0x00, 0xFF, 0xFF, 0xFF, 0xFF, 0xFF, 0xFF, 0x7F, 0x7F, 0x70,
    0x70, 0x70, 0x70, 0x70, 0x70, 0x70, 0x70, 0x70, 0x70, 0x70, 0x70, 0x70, 0x70, 0x70, 0x70, 0x70,
    0x70, 0x70, 0x70, 0x70, 0x70, 0x70, 0x70, 0x70, 0x70, 0x7F, 0x7F, 0xF0, 0x03, 0xC0, 0x07, 0x00,
    0x1E, 0x00, 0x78, 0x00, 0xE0, 0x03, 0xC0, 0x0F, 0x00, 0x1C, 0x00, 0x78, 0x00, 0xE0, 0x03, 0xC0,
    0x0F, 0x00, 0x1C, 0x00, 0x78, 0x01, 0xE0, 0x03, 0x80, 0x0F, 0x00, 0x3C, 0x00, 0x70, 0x01, 0xE0,
    0x07, 0x80, 0x0E, 0x00, 0x3C, 0x00, 0xF0, 0x01, 0xC0, 0x07, 0x80, 0x1E, 0x00, 0x38, 0x00, 0xF0,
    0xFF, 0xFF, 0x0F, 0x0F, 0x0F, 0x0F, 0x0F, 0x0F, 0x0F, 0x0F, 0x0F, 0x0F, 0x0F, 0x0F, 0x0F, 0x0F,
    0x0F, 0x0F, 0x0F, 0x0F, 0x0F, 0x0F, 0x0F, 0x0F, 0x0F, 0x0F, 0x0F, 0x0F, 0xFF, 0xFF, 0x03, 0xC0,
    0x07, 0xC0, 0x07, 0xE0, 0x0F, 0xE0, 0x0E, 0xF0, 0x1E, 0x70, 0x3C, 0x78, 0x3C, 0x3C, 0x78, 0x3C,
    0x78, 0x1E, 0xF0, 0x1E, 0x60, 0x0C, 0xFF, 0xFF, 0xFF, 0xFF, 0xC0, 0x30, 0xE1, 0xE1, 0xE1, 0xE1,
    0xC0, 0x3F, 0xE1, 0xFF, 0x8E, 0x7E, 0x00, 0xF0, 0x07, 0x80, 0x1C, 0x00, 0xE3, 0xFF, 0x7F, 0xFF,
    0xE3, 0xFC, 0x0F, 0xE0, 0x7F, 0x03, 0xFE, 0x3D, 0xFF, 0xE7, 0xFF, 0xF0, 0x01, 0xE0, 0x03, 0xC0,
    0x07, 0x80, 0x0F, 0x00, 0x1E, 0x00, 0x3C, 0x00, 0x78, 0x00, 0xFF, 0xE1, 0xFF, 0xE3, 0xF3, 0xE7,
    0x81, 0xEF, 0x01, 0xDE, 0x03, 0xFC, 0x07, 0xF8, 0x0F, 0xF0, 0x1F, 0xE0, 0x3F, 0xC0, 0x7F, 0x81,
    0xEF, 0x03, 0xDF, 0x1F, 0x3F, 0xFC, 0x3F, 0xF0, 0x07, 0xF8, 0xFF, 0xCF, 0x8C, 0xF0, 0x07, 0x80,
    0x38, 0x03, 0xC0, 0x1E, 0x00, 0xF0, 0x07, 0x80, 0x1C, 0x00, 0xF0, 0x07, 0x80, 0x1F, 0x9C, 0x7F,
    0xE1, 0xFF, 0x00, 0x0E, 0x00, 0x1C, 0x00, 0x38, 0x00, 0x70, 0x00, 0xE0, 0x01, 0xC0, 0x03, 0x80,
    0x07, 0x0F, 0xFE, 0x3F, 0xFC, 0xF9, 0xFB, 0xC0, 0xF7, 0x80, 0xEE, 0x01, 0xFC, 0x03, 0xF8, 0x07,
    0xF0, 0x0F, 0xE0, 0x1D, 0xC0, 0x3B, 0xC0, 0x77, 0xC0, 0xE7, 0xE3, 0xC7, 0xFF, 0x83, 0xFF, 0x0F,
    0xF0, 0x3F, 0xF0, 0xF9, 0xF3, 0xC1, 0xE7, 0x81, 0xEE, 0x03, 0xFC, 0x07, 0xFF, 0xFF, 0xFF, 0xFF,
    0xE0, 0x01, 0xC0, 0x03, 0xC0, 0x07, 0x80, 0x07, 0xE3, 0x87, 0xFF, 0x07, 0xFC, 0x1F, 0xC7, 0xF9,
    0xF3, 0x38, 0x0F, 0x01, 0xE0, 0x3C, 0x07, 0x80, 0xFF, 0xDF, 0xFB, 0xC0, 0x78, 0x0F, 0x01, 0xE0,
    0x3C, 0x07, 0x80, 0xF0, 0x1E, 0x03, 0xC0, 0x78, 0x0F, 0x01, 0xE0, 0x3C, 0x07, 0x80, 0x0F, 0xFC,
    0x3F, 0xFC, 0xF8, 0xFB, 0xC0, 0xF7, 0x81, 0xFE, 0x03, 0xFC, 0x07, 0xF8, 0x0F, 0xF0, 0x1F, 0xE0,
    0x3D, 0xE0, 0x7B, 0xC0, 0xF3, 0xE7, 0xE7, 0xFF, 0xC3, 0xFF, 0x80, 0x0F, 0x00, 0x1E, 0x00, 0x3C,
    0x00, 0xF1, 0xC7, 0xE7, 0xFF, 0x87, 0xFC, 0x00, 0xF0, 0x03, 0xC0, 0x0F, 0x00, 0x3C, 0x00, 0xF0,
    0x03, 0xC0, 0x0F, 0x00, 0x3C, 0x00, 0xFF, 0xE3, 0xFF, 0xCF, 0x8F, 0xBC, 0x1E, 0xF0, 0x3F, 0xC0,
    0xFF, 0x03, 0xFC, 0x0F, 0xF0, 0x3F, 0xC0, 0xFF, 0x03, 0xFC, 0x0F, 0xF0, 0x3F, 0xC0, 0xFF, 0x03,
    0xFC, 0x0F, 0xFF, 0x00, 0x00, 0x0F, 0xFF, 0xFF, 0xFF, 0xFF, 0xFF, 0xFF, 0xFF, 0xF0, 0x07, 0x83,
    0xC0, 0x00, 0x00, 0x00, 0x00, 0x00, 0x0F, 0x07, 0x83, 0xC1, 0xE0, 0xF0, 0x78, 0x3C, 0x1E, 0x0F,
    0x07, 0x83, 0xC1, 0xE0, 0xF0, 0x78, 0x3C, 0x1E, 0x0F, 0x07, 0x83, 0x87, 0xCF, 0xC7, 0xC0, 0xF0,
    0x03, 0xC0, 0x0F, 0x00, 0x3C, 0x00, 0xF0, 0x03, 0xC0, 0x0F, 0x00, 0x3C, 0x00, 0xF0, 0x7B, 0xC3,
    0xCF, 0x1E, 0x3C, 0xF0, 0xF7, 0xC3, 0xFE, 0x0F, 0xF0, 0x3F, 0x80, 0xFF, 0x03, 0xFE, 0x0F, 0x7C,
    0x3C, 0xF8, 0xF1, 0xF3, 0xC3, 0xCF, 0x07, 0xBC, 0x0F, 0xF3, 0xCF, 0x3C, 0xF3, 0xCF, 0x3C, 0xF3,
    0xCF, 0x3C, 0xF3, 0xCF, 0x3C, 0xF3, 0xCF, 0x3C, 0xF3, 0xE7, 0xCF, 0xFF, 0xC7, 0xF1, 0xFF, 0xFF,
    0xF3, 0xE3, 0xF9, 0xF7, 0x83, 0xC1, 0xEF, 0x07, 0x81, 0xFE, 0x07, 0x03, 0xFC, 0x0E, 0x07, 0xF8,
    0x1C, 0x0F, 0xF0, 0x38, 0x1F, 0xE0, 0x70, 0x3F, 0xC0, 0xE0, 0x7F, 0x81, 0xC0, 0xFF, 0x03, 0x81,
    0xFE, 0x07, 0x03, 0xFC, 0x0E, 0x07, 0xF8, 0x1C, 0x0F, 0xFF, 0xE3, 0xFF, 0xCF, 0x8F, 0xBC, 0x1E,
    0xF0, 0x3F, 0xC0, 0xFF, 0x03, 0xFC, 0x0F, 0xF0, 0x3F, 0xC0, 0xFF, 0x03, 0xFC, 0x0F, 0xF0, 0x3F,
    0xC0, 0xFF, 0x03, 0xFC, 0x0F, 0x0F, 0xF0, 0x1F, 0xF8, 0x3E, 0x7C, 0x78, 0x1E, 0x78, 0x0E, 0x70,
    0x0F, 0xF0, 0x0F, 0xF0, 0x0F, 0xF0, 0x0F, 0xF0, 0x0F, 0x70, 0x0F, 0x78, 0x0E, 0x78, 0x1E, 0x3E,
    0x7C, 0x1F, 0xF8, 0x0F, 0xF0, 0x7F, 0xE1, 0xFF, 0xE3, 0xC3, 0xE7, 0x81, 0xEF, 0x03, 0xDE, 0x03,
    0xFC, 0x07, 0xF8, 0x0F, 0xF0, 0x1F, 0xE0, 0x3F, 0xC0, 0x7F, 0x80, 0xEF, 0x03, 0xDF, 0x9F, 0x3F,
    0xFC, 0x7F, 0xF0, 0xF0, 0x01, 0xE0, 0x03, 0xC0, 0x07, 0x80, 0x0F, 0x00, 0x1E, 0x00, 0x00, 0x07,
    0xFE, 0x3F, 0xFC, 0xFC, 0x7B, 0xE0, 0x77, 0x80, 0xEE, 0x01, 0xFC, 0x03, 0xF8, 0x07, 0xF0, 0x0F,
    0xE0, 0x1D, 0xC0, 0x3B, 0xC0, 0x77, 0x81, 0xE7, 0xCF, 0xC7, 0xFF, 0x87, 0xFF, 0x00, 0x0E, 0x00,
    0x1C, 0x00, 0x38, 0x00, 0x70, 0x00, 0xE0, 0x01, 0xC0, 0x7F, 0xFF, 0xFF, 0x8B, 0xC0, 0xF0, 0x3C,
    0x0F, 0x03, 0xC0, 0xF0, 0x3C, 0x0F, 0x03, 0xC0, 0xF0, 0x3C, 0x0F, 0x03, 0xC0, 0x1F, 0xE7, 0xFE,
    0x78, 0xEF, 0x00, 0xF0, 0x0F, 0x80, 0x7E, 0x07, 0xFC, 0x3F, 0xE0, 0x7F, 0x00, 0xF0, 0x0F, 0x00,
    0xFE, 0x1F, 0xFF, 0xEF, 0xFC, 0xF0, 0x3C, 0x0F, 0x03, 0xC0, 0xF0, 0x3F, 0xFF, 0xFF, 0xC0, 0xF0,
    0x3C, 0x0F, 0x03, 0xC0, 0xF0, 0x3C, 0x0F, 0x03, 0xC0, 0xF0, 0x3C, 0x07, 0x8D, 0xFF, 0x3F, 0xC0,
    0xF0, 0x3F, 0xC0, 0xFF, 0x03, 0xFC, 0x0F, 0xF0, 0x3F, 0xC0, 0xFF, 0x03, 0xFC, 0x0F, 0xF0, 0x3F,
    0xC0, 0xFF, 0x03, 0xFC, 0x0F, 0x70, 0x3D, 0xF1, 0xF3, 0xFF, 0xC7, 0xFE, 0xF0, 0x0E, 0x70, 0x1E,
    0x78, 0x1E, 0x78, 0x1C, 0x78, 0x3C, 0x3C, 0x3C, 0x3C, 0x38, 0x1C, 0x78, 0x1E, 0x78, 0x1E, 0xF0,
    0x0F, 0xF0, 0x0F, 0xE0, 0x07, 0xE0, 0x07, 0xE0, 0x07, 0xC0, 0x03, 0xC0, 0xF0, 0x3C, 0x0F, 0x70,
    0x3C, 0x0E, 0x78, 0x3C, 0x0E, 0x78, 0x3E, 0x1E, 0x78, 0x7E, 0x1E, 0x38, 0x7E, 0x1C, 0x3C, 0x7E,
    0x3C, 0x3C, 0x7F, 0x3C, 0x1C, 0xE7, 0x38, 0x1E, 0xE7, 0x38, 0x1E, 0xE7, 0xF8, 0x0F, 0xC3, 0xF0,
    0x0F, 0xC3, 0xF0, 0x0F, 0xC3, 0xF0, 0x07, 0x81, 0xE0, 0x07, 0x81, 0xE0, 0x78, 0x1E, 0x78, 0x3C,
    0x3C, 0x38, 0x1E, 0x78, 0x0F, 0xF0, 0x0F, 0xE0, 0x07, 0xE0, 0x03, 0xC0, 0x07, 0xC0, 0x07, 0xE0,
    0x0F, 0xF0, 0x1E, 0x78, 0x3C, 0x78, 0x38, 0x3C, 0x78, 0x1E, 0xF0, 0x1E, 0xF0, 0x1E, 0xE0, 0x3D,
    0xE0, 0x7B, 0xC0, 0xE3, 0x83, 0xC7, 0x87, 0x8F, 0x0E, 0x0E, 0x1C, 0x1E, 0x78, 0x3C, 0xE0, 0x3D,
    0xC0, 0x7F, 0x80, 0x7E, 0x00, 0xFC, 0x00, 0xF8, 0x01, 0xE0, 0x03, 0xC0, 0x07, 0x00, 0x1E, 0x06,
    0xF8, 0x0F, 0xE0, 0x1F, 0x80, 0x00, 0xFF, 0xFF, 0xFF, 0xC0, 0x3C, 0x03, 0xC0, 0x3E, 0x01, 0xE0,
    0x1E, 0x01, 0xE0, 0x0F, 0x00, 0xF0, 0x0F, 0x00, 0x78, 0x07, 0x80, 0x78, 0x03, 0xFF, 0xFF, 0xFF,
    0x07, 0x83, 0xE1, 0xF0, 0x70, 0x1C, 0x07, 0x01, 0xC0, 0x70, 0x1C, 0x07, 0x01, 0xC0, 0xF0, 0x7C,
    0x3E, 0x0F, 0x01, 0xE0, 0x3C, 0x07, 0x01, 0xC0, 0x70, 0x1C, 0x07, 0x01, 0xC0, 0x70, 0x1C, 0x07,
    0x01, 0xC0, 0x7C, 0x0F, 0x81, 0xE0, 0x77, 0x77, 0x77, 0x77, 0x77, 0x77, 0x77, 0x77, 0x77, 0x77,
    0x77, 0x77, 0x77, 0x77, 0x77, 0xF0, 0x3F, 0x03, 0xC0, 0x70, 0x1E, 0x07, 0x81, 0xE0, 0x78, 0x1E,
    0x07, 0x81, 0xE0, 0x78, 0x0F, 0x03, 0xE0, 0x78, 0x3C, 0x0E, 0x07, 0x81, 0xE0, 0x78, 0x1E, 0x07,
    0x81, 0xE0, 0x78, 0x1E, 0x07, 0x81, 0xC0, 0xF0, 0xF8, 0x3C, 0x00, 0x3E, 0x06, 0x7F, 0x8E, 0x77,
    0xDE, 0xE1, 0xFC, 0xE0, 0xF8, 0xF7, 0xFF, 0xE0, 0x00, 0x0E, 0x73, 0x9C, 0xEF, 0x7B, 0xDE, 0xF7,
    0xBD, 0xEF, 0x78, 0x03, 0xC0, 0x1E, 0x00, 0xF0, 0x07, 0x80, 0x7F, 0x8F, 0xFC, 0xFC, 0xCF, 0x80,
    0x78, 0x03, 0x80, 0x3C, 0x01, 0xE0, 0x0F, 0x00, 0x78, 0x01, 0xC0, 0x0F, 0x00, 0x7C, 0x01, 0xF9,
    0xC7, 0xFE, 0x1F, 0xF0, 0x3C, 0x01, 0xE0, 0x0F, 0x00, 0x78, 0x03, 0xFE, 0x07, 0xFE, 0x0F, 0xFC,
    0x0F, 0x9C, 0x0F, 0x00, 0x1E, 0x00, 0x1E, 0x00, 0x1E, 0x00, 0x1E, 0x00, 0xFF, 0xF8, 0xFF, 0xF8,
    0xFF, 0xF8, 0x1E, 0x00, 0x1E, 0x00, 0x1E, 0x00, 0x1E, 0x00, 0x1E, 0x00, 0x1E, 0x00, 0x1F, 0xFE,
    0x1F, 0xFE, 0x1F, 0xFE, 0x60, 0x0C, 0xFF, 0xFE, 0x7F, 0xFE, 0x3E, 0x7C, 0x38, 0x3C, 0x38, 0x1C,
    0x70, 0x1C, 0x70, 0x1C, 0x38, 0x1C, 0x38, 0x3C, 0x3E, 0x7C, 0x7F, 0xFE, 0xFF, 0xFE, 0x60, 0x0C,
    0xF0, 0x07, 0xBC, 0x03, 0xCE, 0x03, 0xC7, 0x81, 0xC1, 0xE1, 0xE0, 0xF1, 0xE0, 0x3C, 0xF0, 0x0F,
    0xF0, 0x07, 0xF0, 0x01, 0xF8, 0x0F, 0xFF, 0xC7, 0xFF, 0xE3, 0xFF, 0xF0, 0x0F, 0x00, 0x07, 0x80,
    0x7F, 0xFE, 0x3F, 0xFF, 0x1F, 0xFF, 0x80, 0x78, 0x00, 0x3C, 0x00, 0x1E, 0x00, 0x77, 0x77, 0x77,
    0x77, 0x77, 0x77, 0x00, 0x00, 0x00, 0x77, 0x77, 0x77, 0x77, 0x77, 0x77, 0x1F, 0xF1, 0xFF, 0x8F,
    0x1C, 0xF0, 0x07, 0x80, 0x3C, 0x00, 0xF8, 0x07, 0xF8, 0x3F, 0xE3, 0xDF, 0xBC, 0x3F, 0xC0, 0x7E,
    0x03, 0xF8, 0x1F, 0xF1, 0xEF, 0xFE, 0x3F, 0xE0, 0x7F, 0x00, 0x7C, 0x00, 0xF0, 0x07, 0x80, 0x3D,
    0xC7, 0xDF, 0xFE, 0x7F, 0xC0, 0xF3, 0xBC, 0xFF, 0x3F, 0xCE, 0x03, 0xFE, 0x00, 0x3F, 0xFE, 0x01,
    0xF8, 0xFC, 0x0F, 0x00, 0x78, 0x78, 0x00, 0xF1, 0xC3, 0xF9, 0xCF, 0x3F, 0xE3, 0xB8, 0xF3, 0x8E,
    0xE7, 0x00, 0x3B, 0x9C, 0x00, 0xFE, 0x70, 0x01, 0xF9, 0xC0, 0x0F, 0xE7, 0x00, 0x3B, 0x9F, 0x18,
    0xEF, 0x3F, 0xE3, 0x9C, 0x7F, 0x9C, 0x78, 0x00, 0xF0, 0xF0, 0x07, 0x81, 0xF8, 0xFC, 0x03, 0xFF,
    0xE0, 0x03, 0xFE, 0x00, 0x7F, 0x1F, 0xE2, 0x3C, 0x07, 0x01, 0xDF, 0xFF, 0xFF, 0xC7, 0xE1, 0xFC,
    0x7F, 0xFD, 0xFF, 0x06, 0x1C, 0x1E, 0x38, 0x78, 0xF0, 0xF3, 0xC3, 0xCF, 0x0F, 0x1E, 0x1E, 0x78,
    0x3C, 0x78, 0x3C, 0xF0, 0x3C, 0xF0, 0x78, 0xF0, 0x78, 0xE0, 0x61, 0xC0, 0xFF, 0xFF, 0xFF, 0xFC,
    0x00, 0x38, 0x00, 0x70, 0x00, 0xE0, 0x01, 0xC0, 0x03, 0x80, 0x07, 0x00, 0x0E, 0x00, 0x1C, 0xFF,
    0xFF, 0xC0, 0x03, 0xFE, 0x00, 0x3F, 0xFE, 0x01, 0xF8, 0xFC, 0x0F, 0x00, 0x78, 0x78, 0x00, 0xF1,
    0xCF, 0xF1, 0xCF, 0x3F, 0xE3, 0xB8, 0xE7, 0x8E, 0xE3, 0x8F, 0x3B, 0x8E, 0x78, 0xFE, 0x3F, 0xE1,
    0xF8, 0xFF, 0x0F, 0xE3, 0x9C, 0x3B, 0x8E, 0x78, 0xEF, 0x38, 0xF3, 0x9C, 0xE1, 0xDC, 0x78, 0x00,
    0xF0, 0xF0, 0x07, 0x81, 0xF8, 0xFC, 0x03, 0xFF, 0xE0, 0x03, 0xFE, 0x00, 0xFF, 0xFF, 0xF0, 0x3F,
    0x1F, 0xE7, 0x3F, 0x87, 0xE1, 0xDC, 0xF7, 0xF8, 0xFC, 0x03, 0x80, 0x07, 0x00, 0x0E, 0x00, 0x1C,
    0x00, 0x38, 0x00, 0x70, 0x3F, 0xFF, 0xFF, 0xFF, 0x03, 0x80, 0x07, 0x00, 0x0E, 0x00, 0x1C, 0x00,
    0x38, 0x00, 0x70, 0x00, 0x00, 0x00, 0x00, 0xFF, 0xFF, 0xFF, 0xFC, 0x3F, 0x1F, 0xE7, 0x38, 0x0F,
    0x03, 0x81, 0xE0, 0xF0, 0x78, 0x3C, 0x0E, 0x07, 0xFD, 0xFF, 0x7F, 0x1F, 0xE7, 0x38, 0x1E, 0x1F,
    0x07, 0xE0, 0x7C, 0x07, 0x01, 0xD8, 0xF7, 0xF9, 0xFC, 0x0C, 0x3C, 0xF9, 0xE7, 0x8C, 0x00, 0xF0,
    0x3F, 0xC0, 0xFF, 0x03, 0xFC, 0x0F, 0xF0, 0x3F, 0xC0, 0xFF, 0x03, 0xFC, 0x0F, 0xF0, 0x3F, 0xC0,
    0xFF, 0x03, 0xFC, 0x0F, 0xF8, 0x3F, 0xF1, 0xFF, 0xFF, 0xFF, 0xFF, 0xF0, 0x03, 0xC0, 0x0F, 0x00,
    0x3C, 0x00, 0xF0, 0x03, 0xC0, 0x00, 0x07, 0xFF, 0x1F, 0xFF, 0x3F, 0xC7, 0x7F, 0xC7, 0xFF, 0xC7,
    0xFF, 0xC7, 0xFF, 0xC7, 0xFF, 0xC7, 0xFF, 0xC7, 0xFF, 0xC7, 0x7F, 0xC7, 0x3F, 0xC7, 0x1F, 0xC7,
    0x03, 0xC7, 0x01, 0xC7, 0x01, 0xC7, 0x01, 0xC7, 0x01, 0xC7, 0x01, 0xC7, 0x01, 0xC7, 0x01, 0xC7,
    0x01, 0xC7, 0x01, 0xC7, 0x01, 0xC7, 0x01, 0xC7, 0x01, 0xC7, 0x01, 0xC7, 0x7F, 0xFE, 0xF0, 0x38,
    0xE3, 0x8F, 0x1F, 0xFF, 0x80, 0x1E, 0xFF, 0xFB, 0x70, 0xE1, 0xC3, 0x87, 0x0E, 0x1C, 0x38, 0x70,
    0x1F, 0x87, 0xFC, 0x79, 0xEF, 0x0F, 0xE0, 0x7E, 0x07, 0xE0, 0x7F, 0x0F, 0x79, 0xE7, 0xFC, 0x1F,
    0x80, 0x61, 0xC3, 0xC7, 0x07, 0x9E, 0x1E, 0x3C, 0x3C, 0xF0, 0x79, 0xE1, 0xE3, 0xC7, 0x9E, 0x3C,
    0xF1, 0xE3, 0xC7, 0x9E, 0x3C, 0x70, 0x61, 0xC0, 0x1E, 0x00, 0x00, 0x1F, 0x80, 0x3C, 0x0F, 0xE0,
    0x0E, 0x01, 0xB8, 0x07, 0x80, 0x0E, 0x01, 0xC0, 0x03, 0x80, 0xF0, 0x00, 0xE0, 0x38, 0x00, 0x38,
    0x1E, 0x00, 0x0E, 0x0F, 0x00, 0x03, 0x83, 0x80, 0x00, 0xE1, 0xE0, 0x70, 0x38, 0x70, 0x3C, 0x00,
    0x3C, 0x1F, 0x00, 0x0E, 0x0F, 0xC0, 0x07, 0x87, 0xF0, 0x03, 0xC1, 0xDC, 0x00, 0xE0, 0xE7, 0x00,
    0x78, 0x7F, 0xF0, 0x1C, 0x1F, 0xFC, 0x0F, 0x00, 0x1C, 0x03, 0x80, 0x07, 0x01, 0xC0, 0x01, 0xC0,
    0x1E, 0x00, 0x00, 0x3F, 0x00, 0x70, 0x3F, 0x80, 0x78, 0x0D, 0xC0, 0x38, 0x00, 0xE0, 0x3C, 0x00,
    0x70, 0x1C, 0x00, 0x38, 0x1C, 0x00, 0x1C, 0x1E, 0x00, 0x0E, 0x0E, 0x00, 0x07, 0x0F, 0x00, 0x03,
    0x87, 0x1F, 0x81, 0xC7, 0x9F, 0xE0, 0x03, 0x8E, 0x70, 0x03, 0x80, 0x38, 0x03, 0xC0, 0x1C, 0x01,
    0xC0, 0x1E, 0x01, 0xE0, 0x1E, 0x00, 0xE0, 0x1E, 0x00, 0xF0, 0x1E, 0x00, 0xF0, 0x1E, 0x00, 0x70,
    0x0F, 0xF8, 0x78, 0x07, 0xFC, 0x7F, 0x00, 0x00, 0x0F, 0xF0, 0x07, 0x01, 0xCE, 0x01, 0xE0, 0x03,
    0xC0, 0x38, 0x01, 0xF0, 0x0F, 0x00, 0x3F, 0x01, 0xC0, 0x01, 0xF0, 0x78, 0x00, 0x0E, 0x1E, 0x00,
    0x01, 0xC3, 0x80, 0x0C, 0x78, 0xF0, 0x01, 0xFE, 0x1C, 0x0E, 0x3F, 0x87, 0x83, 0xC0, 0x00, 0xE0,
    0xF8, 0x00, 0x3C, 0x3F, 0x00, 0x0F, 0x0F, 0xE0, 0x01, 0xC1, 0xDC, 0x00, 0x78, 0x73, 0x80, 0x0E,
    0x1F, 0xFC, 0x03, 0xC3, 0xFF, 0x80, 0x70, 0x01, 0xC0, 0x1E, 0x00, 0x38, 0x07, 0x80, 0x07, 0x00,
    0x07, 0x80, 0x78, 0x07, 0x80, 0x78, 0x00, 0x00, 0x00, 0x00, 0x00, 0x38, 0x03, 0x80, 0x78, 0x07,
    0x00, 0xF0, 0x1E, 0x03, 0xC0, 0x7C, 0x07, 0x80, 0x70, 0x07, 0x00, 0x78, 0x07, 0xCF, 0x3F, 0xF1,
    0xFE, 0x01, 0x80, 0x00, 0x0E, 0x00, 0x00, 0x78, 0x00, 0x01, 0xE0, 0x00, 0x07, 0x00, 0x00, 0x18,
    0x00, 0x00, 0x00, 0x00, 0x00, 0x00, 0x00, 0xF0, 0x00, 0x07, 0xC0, 0x00, 0x7E, 0x00, 0x03, 0xF8,
    0x00, 0x3F, 0xC0, 0x01, 0xEF, 0x00, 0x1E, 0x78, 0x00, 0xF1, 0xC0, 0x07, 0x0F, 0x00, 0x78, 0x78,
    0x03, 0xC1, 0xE0, 0x3C, 0x0F, 0x01, 0xE0, 0x38, 0x0F, 0xFF, 0xE0, 0xFF, 0xFF, 0x07, 0xFF, 0xFC,
    0x3C, 0x01, 0xE3, 0xC0, 0x0F, 0x1E, 0x00, 0x3D, 0xE0, 0x01, 0xEF, 0x00, 0x0F, 0x80, 0x00, 0x18,
    0x00, 0x00, 0xE0, 0x00, 0x0F, 0x00, 0x00, 0xF0, 0x00, 0x0F, 0x00, 0x00, 0x70, 0x00, 0x00, 0x00,
    0x00, 0x00, 0x00, 0x00, 0xF0, 0x00, 0x07, 0xC0, 0x00, 0x7E, 0x00, 0x03, 0xF8, 0x00, 0x3F, 0xC0,
    0x01, 0xEF, 0x00, 0x1E, 0x78, 0x00, 0xF1, 0xC0, 0x07, 0x0F, 0x00, 0x78, 0x78, 0x03, 0xC1, 0xE0,
    0x3C, 0x0F, 0x01, 0xE0, 0x38, 0x0F, 0xFF, 0xE0, 0xFF, 0xFF, 0x07, 0xFF, 0xFC, 0x3C, 0x01, 0xE3,
    0xC0, 0x0F, 0x1E, 0x00, 0x3D, 0xE0, 0x01, 0xEF, 0x00, 0x0F, 0x80, 0x00, 0x60, 0x00, 0x07, 0x80,
    0x00, 0x7E, 0x00, 0x03, 0xF8, 0x00, 0x39, 0xE0, 0x01, 0x86, 0x00, 0x00, 0x00, 0x00, 0x00, 0x00,
    0x00, 0xF0, 0x00, 0x07, 0xC0, 0x00, 0x7E, 0x00, 0x03, 0xF8, 0x00, 0x3F, 0xC0, 0x01, 0xEF, 0x00,
    0x1E, 0x78, 0x00, 0xF1, 0xC0, 0x07, 0x0F, 0x00, 0x78, 0x78, 0x03, 0xC1, 0xE0, 0x3C, 0x0F, 0x01,
    0xE0, 0x38, 0x0F, 0xFF, 0xE0, 0xFF, 0xFF, 0x07, 0xFF, 0xFC, 0x3C, 0x01, 0xE3, 0xC0, 0x0F, 0x1E,
    0x00, 0x3D, 0xE0, 0x01, 0xEF, 0x00, 0x0F, 0x80, 0x03, 0xE6, 0x00, 0x3F, 0xF0, 0x01, 0xDF, 0x00,
    0x00, 0x00, 0x00, 0x00, 0x00, 0x00, 0x00, 0x00, 0x03, 0xC0, 0x00, 0x1F, 0x00, 0x01, 0xF8, 0x00,
    0x0F, 0xE0, 0x00, 0xFF, 0x00, 0x07, 0xBC, 0x00, 0x79, 0xE0, 0x03, 0xC7, 0x00, 0x1C, 0x3C, 0x01,
    0xE1, 0xE0, 0x0F, 0x07, 0x80, 0xF0, 0x3C, 0x07, 0x80, 0xE0, 0x3F, 0xFF, 0x83, 0xFF, 0xFC, 0x1F,
    0xFF, 0xF0, 0xF0, 0x07, 0x8F, 0x00, 0x3C, 0x78, 0x00, 0xF7, 0x80, 0x07, 0xBC, 0x00, 0x3E, 0x03,
    0x8E, 0x00, 0x3C, 0xF0, 0x01, 0xE7, 0x80, 0x07, 0x1C, 0x00, 0x00, 0x00, 0x00, 0x00, 0x00, 0x00,
    0x00, 0x00, 0x1E, 0x00, 0x00, 0xF8, 0x00, 0x0F, 0xC0, 0x00, 0x7F, 0x00, 0x07, 0xF8, 0x00, 0x3D,
    0xE0, 0x03, 0xCF, 0x00, 0x1E, 0x38, 0x00, 0xE1, 0xE0, 0x0F, 0x0F, 0x00, 0x78, 0x3C, 0x07, 0x81,
    0xE0, 0x3C, 0x07, 0x01, 0xFF, 0xFC, 0x1F, 0xFF, 0xE0, 0xFF, 0xFF, 0x87, 0x80, 0x3C, 0x78, 0x01,
    0xE3, 0xC0, 0x07, 0xBC, 0x00, 0x3D, 0xE0, 0x01, 0xF0, 0x00, 0xF8, 0x00, 0x0E, 0xC0, 0x00, 0x67,
    0x00, 0x03, 0xB8, 0x00, 0x1F, 0x80, 0x00, 0x7C, 0x00, 0x07, 0xE0, 0x00, 0x3F, 0x80, 0x03, 0xFC,
    0x00, 0x1E, 0xF0, 0x01, 0xE7, 0x80, 0x0F, 0x1C, 0x00, 0x70, 0xF0, 0x07, 0x87, 0x80, 0x3C, 0x1E,
    0x03, 0xC0, 0xF0, 0x1E, 0x03, 0x80, 0xFF, 0xFE, 0x0F, 0xFF, 0xF0, 0x7F, 0xFF, 0xC3, 0xC0, 0x1E,
    0x3C, 0x00, 0xF1, 0xE0, 0x03, 0xDE, 0x00, 0x1E, 0xF0, 0x00, 0xF8, 0x00, 0x0F, 0xFF, 0xE0, 0x00,
    0xFF, 0xFE, 0x00, 0x1F, 0xFF, 0xE0, 0x03, 0xFC, 0x00, 0x00, 0x3F, 0xC0, 0x00, 0x07, 0xBC, 0x00,
    0x00, 0xF3, 0xC0, 0x00, 0x0F, 0x3C, 0x00, 0x01, 0xE3, 0xFF, 0xC0, 0x3C, 0x3F, 0xFC, 0x03, 0xC3,
    0xFF, 0xC0, 0x78, 0x3C, 0x00, 0x07, 0x03, 0xC0, 0x00, 0xFF, 0xFC, 0x00, 0x1F, 0xFF, 0xC0, 0x01,
    0xFF, 0xFC, 0x00, 0x3C, 0x03, 0xC0, 0x03, 0xC0, 0x3C, 0x00, 0x78, 0x03, 0xFF, 0xF7, 0x80, 0x3F,
    0xFF, 0xF0, 0x03, 0xFF, 0xF0, 0x01, 0xFF, 0x01, 0xFF, 0xF0, 0xFF, 0xF8, 0x7F, 0x1E, 0x3E, 0x00,
    0x1F, 0x00, 0x07, 0x80, 0x01, 0xE0, 0x00, 0x78, 0x00, 0x1C, 0x00, 0x0F, 0x00, 0x03, 0xC0, 0x00,
    0x78, 0x00, 0x1E, 0x00, 0x07, 0x80, 0x01, 0xF0, 0x00, 0x3E, 0x00, 0x07, 0xF1, 0xE1, 0xFF, 0xFC,
    0x1F, 0xFF, 0x03, 0xFF, 0x00, 0x18, 0x00, 0x0F, 0x00, 0x01, 0xE0, 0x01, 0x78, 0x00, 0x7E, 0x00,
    0x1F, 0x00, 0x06, 0x00, 0x1E, 0x00, 0x3C, 0x00, 0x3C, 0x00, 0x3C, 0x00, 0x18, 0x00, 0x00, 0x00,
    0x00, 0xFF, 0xFD, 0xFF, 0xFB, 0xFF, 0xF7, 0x80, 0x0F, 0x00, 0x1E, 0x00, 0x3C, 0x00, 0x78, 0x00,
    0xFF, 0xF9, 0xFF, 0xF3, 0xFF, 0xE7, 0x80, 0x0F, 0x00, 0x1E, 0x00, 0x3C, 0x00, 0x78, 0x00, 0xF0,
    0x01, 0xE0, 0x03, 0xFF, 0xFF, 0xFF, 0xFF, 0xFF, 0xE0, 0x00, 0x60, 0x01, 0xE0, 0x07, 0xC0, 0x0F,
    0x00, 0x38, 0x00, 0x60, 0x00, 0x00, 0x00, 0x00, 0xFF, 0xFD, 0xFF, 0xFB, 0xFF, 0xF7, 0x80, 0x0F,
    0x00, 0x1E, 0x00, 0x3C, 0x00, 0x78, 0x00, 0xFF, 0xF9, 0xFF, 0xF3, 0xFF, 0xE7, 0x80, 0x0F, 0x00,
    0x1E, 0x00, 0x3C, 0x00, 0x78, 0x00, 0xF0, 0x01, 0xE0, 0x03, 0xFF, 0xFF, 0xFF, 0xFF, 0xFF, 0xE0,
    0x03, 0x00, 0x0F, 0x00, 0x3F, 0x00, 0x7F, 0x01, 0xCF, 0x03, 0x0C, 0x00, 0x00, 0x00, 0x00, 0xFF,
    0xFD, 0xFF, 0xFB, 0xFF, 0xF7, 0x80, 0x0F, 0x00, 0x1E, 0x00, 0x3C, 0x00, 0x78, 0x00, 0xFF, 0xF9,
    0xFF, 0xF3, 0xFF, 0xE7, 0x80, 0x0F, 0x00, 0x1E, 0x00, 0x3C, 0x00, 0x78, 0x00, 0xF0, 0x01, 0xE0,
    0x03, 0xFF, 0xFF, 0xFF, 0xFF, 0xFF, 0xE0, 0x1C, 0x70, 0x79, 0xE0, 0xF3, 0xC0, 0xE3, 0x80, 0x00,
    0x00, 0x00, 0x00, 0x00, 0x7F, 0xFE, 0xFF, 0xFD, 0xFF, 0xFB, 0xC0, 0x07, 0x80, 0x0F, 0x00, 0x1E,
    0x00, 0x3C, 0x00, 0x7F, 0xFC, 0xFF, 0xF9, 0xFF, 0xF3, 0xC0, 0x07, 0x80, 0x0F, 0x00, 0x1E, 0x00,
    0x3C, 0x00, 0x78, 0x00, 0xF0, 0x01, 0xFF, 0xFF, 0xFF, 0xFF, 0xFF, 0xF0, 0x61, 0xE3, 0xE1, 0xE1,
    0xC1, 0x80, 0x00, 0x3C, 0x78, 0xF1, 0xE3, 0xC7, 0x8F, 0x1E, 0x3C, 0x78, 0xF1, 0xE3, 0xC7, 0x8F,
    0x1E, 0x3C, 0x78, 0xF1, 0xE3, 0xC0, 0x18, 0xF3, 0xDE, 0xF3, 0x80, 0x00, 0xF3, 0xCF, 0x3C, 0xF3,
    0xCF, 0x3C, 0xF3, 0xCF, 0x3C, 0xF3, 0xCF, 0x3C, 0xF3, 0xCF, 0x3C, 0xF0, 0x0C, 0x07, 0x83, 0xF1,
    0xFE, 0x73, 0xD8, 0x60, 0x00, 0x00, 0x1E, 0x07, 0x81, 0xE0, 0x78, 0x1E, 0x07, 0x81, 0xE0, 0x78,
    0x1E, 0x07, 0x81, 0xE0, 0x78, 0x1E, 0x07, 0x81, 0xE0, 0x78, 0x1E, 0x07, 0x81, 0xE0, 0x78, 0x1E,
    0x00, 0x71, 0xFC, 0xFF, 0x3D, 0xC7, 0x00, 0x00, 0x00, 0x00, 0x78, 0x1E, 0x07, 0x81, 0xE0, 0x78,
    0x1E, 0x07, 0x81, 0xE0, 0x78, 0x1E, 0x07, 0x81, 0xE0, 0x78, 0x1E, 0x07, 0x81, 0xE0, 0x78, 0x1E,
    0x07, 0x81, 0xE0, 0x78, 0x1F, 0xFC, 0x00, 0xFF, 0xF8, 0x07, 0xFF, 0xF0, 0x3C, 0x3F, 0xC1, 0xC0,
    0x3E, 0x0E, 0x00, 0xF8, 0x70, 0x03, 0xC3, 0x80, 0x0F, 0xFF, 0xC0, 0x7F, 0xFE, 0x03, 0xFF, 0xF0,
    0x1E, 0x38, 0x00, 0xF1, 0xC0, 0x07, 0x8E, 0x00, 0x3C, 0x70, 0x03, 0xC3, 0x80, 0x3E, 0x1C, 0x03,
    0xE0, 0xF0, 0xFF, 0x07, 0xFF, 0xF0, 0x3F, 0xFE, 0x01, 0xFF, 0xC0, 0x00, 0x07, 0xEC, 0x03, 0xFF,
    0x00, 0xEF, 0x80, 0x00, 0x00, 0x00, 0x00, 0x00, 0x00, 0x0F, 0x00, 0x1F, 0xE0, 0x07, 0xFC, 0x01,
    0xFF, 0x80, 0x7F, 0xE0, 0x1F, 0xFC, 0x07, 0xF7, 0x81, 0xFC, 0xF0, 0x7F, 0x3C, 0x1F, 0xC7, 0x87,
    0xF0, 0xF1, 0xFC, 0x1E, 0x7F, 0x07, 0x9F, 0xC0, 0xF7, 0xF0, 0x1F, 0xFC, 0x07, 0xFF, 0x00, 0xFF,
    0xC0, 0x1F, 0xF0, 0x07, 0xFC, 0x00, 0xFF, 0x00, 0x1C, 0x00, 0xC0, 0x00, 0x07, 0x80, 0x00, 0x1F,
    0x00, 0x00, 0x3C, 0x00, 0x00, 0x38, 0x00, 0x00, 0x60, 0x00, 0x00, 0x00, 0x00, 0x00, 0x00, 0x01,
    0xFE, 0x00, 0x1F, 0xFE, 0x00, 0xFF, 0xFE, 0x07, 0xF3, 0xF8, 0x3E, 0x01, 0xF1, 0xF0, 0x03, 0xE7,
    0x80, 0x07, 0x9E, 0x00, 0x1E, 0x78, 0x00, 0x3D, 0xC0, 0x00, 0xFF, 0x00, 0x03, 0xDC, 0x00, 0x0F,
    0x78, 0x00, 0x3D, 0xE0, 0x01, 0xE7, 0x80, 0x07, 0x9F, 0x00, 0x3E, 0x3E, 0x01, 0xF0, 0x7F, 0x3F,
    0x80, 0xFF, 0xFE, 0x01, 0xFF, 0xE0, 0x01, 0xFF, 0x00, 0x00, 0x0C, 0x00, 0x00, 0x78, 0x00, 0x01,
    0xE0, 0x00, 0x0F, 0x00, 0x00, 0x78, 0x00, 0x01, 0xC0, 0x00, 0x00, 0x00, 0x00, 0x00, 0x00, 0x01,
    0xFE, 0x00, 0x1F, 0xFE, 0x00, 0xFF, 0xFE, 0x07, 0xF3, 0xF8, 0x3E, 0x01, 0xF1, 0xF0, 0x03, 0xE7,
    0x80, 0x07, 0x9E, 0x00, 0x1E, 0x78, 0x00, 0x3D, 0xC0, 0x00, 0xFF, 0x00, 0x03, 0xDC, 0x00, 0x0F,
    0x78, 0x00, 0x3D, 0xE0, 0x01, 0xE7, 0x80, 0x07, 0x9F, 0x00, 0x3E, 0x3E, 0x01, 0xF0, 0x7F, 0x3F,
    0x80, 0xFF, 0xFE, 0x01, 0xFF, 0xE0, 0x01, 0xFF, 0x00, 0x00, 0x30, 0x00, 0x01, 0xE0, 0x00, 0x0F,
    0xC0, 0x00, 0x7F, 0x80, 0x01, 0xCE, 0x00, 0x06, 0x18, 0x00, 0x00, 0x00, 0x00, 0x00, 0x00, 0x01,
    0xFE, 0x00, 0x1F, 0xFE, 0x00, 0xFF, 0xFE, 0x07, 0xF3, 0xF8, 0x3E, 0x01, 0xF1, 0xF0, 0x03, 0xE7,
    0x80, 0x07, 0x9E, 0x00, 0x1E, 0x78, 0x00, 0x3D, 0xC0, 0x00, 0xFF, 0x00, 0x03, 0xDC, 0x00, 0x0F,
    0x78, 0x00, 0x3D, 0xE0, 0x01, 0xE7, 0x80, 0x07, 0x9F, 0x00, 0x3E, 0x3E, 0x01, 0xF0, 0x7F, 0x3F,
    0x80, 0xFF, 0xFE, 0x01, 0xFF, 0xE0, 0x01, 0xFF, 0x00, 0x01, 0xF3, 0x00, 0x0F, 0xFC, 0x00, 0x3B,
    0xE0, 0x00, 0x00, 0x00, 0x00, 0x00, 0x00, 0x00, 0x00, 0x00, 0x1F, 0xE0, 0x01, 0xFF, 0xE0, 0x0F,
    0xFF, 0xE0, 0x7F, 0x3F, 0x83, 0xE0, 0x1F, 0x1F, 0x00, 0x3E, 0x78, 0x00, 0x79, 0xE0, 0x01, 0xE7,
    0x80, 0x03, 0xDC, 0x00, 0x0F, 0xF0, 0x00, 0x3D, 0xC0, 0x00, 0xF7, 0x80, 0x03, 0xDE, 0x00, 0x1E,
    0x78, 0x00, 0x79, 0xF0, 0x03, 0xE3, 0xE0, 0x1F, 0x07, 0xF3, 0xF8, 0x0F, 0xFF, 0xE0, 0x1F, 0xFE,
    0x00, 0x1F, 0xF0, 0x00, 0x03, 0xCF, 0x00, 0x0F, 0x3C, 0x00, 0x3C, 0xF0, 0x00, 0xF3, 0xC0, 0x00,
    0x00, 0x00, 0x00, 0x00, 0x00, 0x00, 0x00, 0x00, 0x7F, 0x80, 0x07, 0xFF, 0x80, 0x3F, 0xFF, 0x81,
    0xFC, 0xFE, 0x0F, 0x80, 0x7C, 0x7C, 0x00, 0xF9, 0xE0, 0x01, 0xE7, 0x80, 0x07, 0x9E, 0x00, 0x0F,
    0x70, 0x00, 0x3F, 0xC0, 0x00, 0xF7, 0x00, 0x03, 0xDE, 0x00, 0x0F, 0x78, 0x00, 0x79, 0xE0, 0x01,
    0xE7, 0xC0, 0x0F, 0x8F, 0x80, 0x7C, 0x1F, 0xCF, 0xE0, 0x3F, 0xFF, 0x80, 0x7F, 0xF8, 0x00, 0x7F,
    0xC0, 0x20, 0x13, 0x81, 0xFE, 0x1E, 0xF9, 0xE3, 0xFE, 0x0F, 0xE0, 0x3E, 0x03, 0xF8, 0x3F, 0xE3,
    0xE7, 0xBE, 0x1E, 0xE0, 0x72, 0x01, 0x00, 0x00, 0x00, 0x30, 0x07, 0xF9, 0xE0, 0x7F, 0xFF, 0x07,
    0xFF, 0xFC, 0x1F, 0xCF, 0xE0, 0xF8, 0x07, 0xC7, 0xC0, 0x3F, 0x9E, 0x01, 0xFE, 0x78, 0x0F, 0x79,
    0xE0, 0x79, 0xFF, 0x03, 0xC3, 0xFC, 0x1E, 0x0F, 0x70, 0xF0, 0x3D, 0xE7, 0x80, 0xF7, 0xBC, 0x07,
    0x9F, 0xF0, 0x1E, 0x3F, 0x80, 0xF8, 0xFC, 0x07, 0xC1, 0xFC, 0xFF, 0x07, 0xFF, 0xF8, 0x3F, 0xFF,
    0x81, 0xE7, 0xFC, 0x03, 0x00, 0x00, 0x00, 0x03, 0x00, 0x03, 0x80, 0x01, 0xE0, 0x00, 0x78, 0x00,
    0x1E, 0x00, 0x07, 0x00, 0x00, 0x00, 0x00, 0x00, 0xF0, 0x07, 0xF8, 0x03, 0xFC, 0x01, 0xFE, 0x00,
    0xFF, 0x00, 0x7F, 0x80, 0x3F, 0xC0, 0x1F, 0xE0, 0x0F, 0xF0, 0x07, 0xF8, 0x03, 0xFC, 0x01, 0xFE,
    0x00, 0xFF, 0x00, 0x7F, 0x80, 0x3F, 0xC0, 0x1F, 0xF0, 0x0F, 0x78, 0x0F, 0xBF, 0x1F, 0x8F, 0xFF,
    0x83, 0xFF, 0x80, 0xFF, 0x80, 0x00, 0x30, 0x00, 0x38, 0x00, 0x3C, 0x00, 0x3C, 0x00, 0x1C, 0x00,
    0x0C, 0x00, 0x00, 0x00, 0x00, 0x00, 0xF0, 0x07, 0xF8, 0x03, 0xFC, 0x01, 0xFE, 0x00, 0xFF, 0x00,
    0x7F, 0x80, 0x3F, 0xC0, 0x1F, 0xE0, 0x0F, 0xF0, 0x07, 0xF8, 0x03, 0xFC, 0x01, 0xFE, 0x00, 0xFF,
    0x00, 0x7F, 0x80, 0x3F, 0xC0, 0x1F, 0xF0, 0x0F, 0x78, 0x0F, 0xBF, 0x1F, 0x8F, 0xFF, 0x83, 0xFF,
    0x80, 0xFF, 0x80, 0x00, 0xC0, 0x00, 0xF0, 0x00, 0xF8, 0x00, 0xFE, 0x00, 0xF3, 0x80, 0x30, 0xC0,
    0x00, 0x00, 0x00, 0x00, 0xF0, 0x07, 0xF8, 0x03, 0xFC, 0x01, 0xFE, 0x00, 0xFF, 0x00, 0x7F, 0x80,
    0x3F, 0xC0, 0x1F, 0xE0, 0x0F, 0xF0, 0x07, 0xF8, 0x03, 0xFC, 0x01, 0xFE, 0x00, 0xFF, 0x00, 0x7F,
    0x80, 0x3F, 0xC0, 0x1F, 0xF0, 0x0F, 0x78, 0x0F, 0xBF, 0x1F, 0x8F, 0xFF, 0x83, 0xFF, 0x80, 0xFF,
    0x80, 0x0E, 0x38, 0x07, 0x9E, 0x03, 0xCF, 0x01, 0xC7, 0x00, 0x00, 0x00, 0x00, 0x00, 0x00, 0x01,
    0xE0, 0x0F, 0xF0, 0x07, 0xF8, 0x03, 0xFC, 0x01, 0xFE, 0x00, 0xFF, 0x00, 0x7F, 0x80, 0x3F, 0xC0,
    0x1F, 0xE0, 0x0F, 0xF0, 0x07, 0xF8, 0x03, 0xFC, 0x01, 0xFE, 0x00, 0xFF, 0x00, 0x7F, 0x80, 0x3F,
    0xE0, 0x1E, 0xF0, 0x1F, 0x7E, 0x3F, 0x1F, 0xFF, 0x07, 0xFF, 0x01, 0xFF, 0x00, 0x00, 0x30, 0x00,
    0x07, 0x00, 0x01, 0xE0, 0x00, 0x78, 0x00, 0x1E, 0x00, 0x03, 0x80, 0x00, 0x00, 0x00, 0x00, 0x00,
    0xF0, 0x03, 0xCF, 0x00, 0x79, 0xE0, 0x1E, 0x1E, 0x03, 0xC3, 0xC0, 0xF0, 0x3C, 0x1E, 0x07, 0xC7,
    0x80, 0x79, 0xF0, 0x07, 0xBC, 0x00, 0xFF, 0x00, 0x0F, 0xE0, 0x01, 0xF8, 0x00, 0x1E, 0x00, 0x03,
    0xC0, 0x00, 0x78, 0x00, 0x0F, 0x00, 0x01, 0xE0, 0x00, 0x3C, 0x00, 0x07, 0x80, 0x00, 0xF0, 0x00,
    0x1E, 0x00, 0xF0, 0x00, 0xF0, 0x00, 0xF0, 0x00, 0xFF, 0xF0, 0xFF, 0xFC, 0xFF, 0xFE, 0xF0, 0xFE,
    0xF0, 0x1F, 0xF0, 0x0F, 0xF0, 0x0F, 0xF0, 0x0F, 0xF0, 0x0F, 0xF0, 0x1F, 0xF0, 0xFE, 0xFF, 0xFE,
    0xFF, 0xFC, 0xFF, 0xF0, 0xF0, 0x00, 0xF0, 0x00, 0xF0, 0x00, 0xF0, 0x00, 0x1F, 0xE0, 0x1F, 0xFC,
    0x1F, 0x3E, 0x0F, 0x07, 0x8F, 0x03, 0xC7, 0x81, 0xE3, 0xC0, 0xE1, 0xE0, 0xF0, 0xF0, 0xF0, 0x78,
    0xF0, 0x3C, 0x70, 0x1E, 0x78, 0x0F, 0x3C, 0x07, 0x9F, 0x83, 0xC7, 0xF1, 0xE1, 0xFC, 0xF0, 0x3F,
    0x78, 0x07, 0xBC, 0x01, 0xDE, 0x00, 0xEF, 0x00, 0x77, 0x9C, 0xFB, 0xCF, 0xF9, 0xE7, 0xF8, 0x0C,
    0x00, 0xF0, 0x07, 0xC0, 0x0F, 0x00, 0x38, 0x00, 0xC0, 0x00, 0x00, 0x00, 0x3F, 0xE1, 0xFF, 0x8E,
    0x7E, 0x00, 0xF0, 0x07, 0x80, 0x1C, 0x00, 0xE3, 0xFF, 0x7F, 0xFF, 0xE3, 0xFC, 0x0F, 0xE0, 0x7F,
    0x03, 0xFE, 0x3D, 0xFF, 0xE7, 0xFF, 0x00, 0xC0, 0x0F, 0x00, 0x78, 0x07, 0x80, 0x78, 0x03, 0x80,
    0x00, 0x00, 0x00, 0x3F, 0xE1, 0xFF, 0x8E, 0x7E, 0x00, 0xF0, 0x07, 0x80, 0x1C, 0x00, 0xE3, 0xFF,
    0x7F, 0xFF, 0xE3, 0xFC, 0x0F, 0xE0, 0x7F, 0x03, 0xFE, 0x3D, 0xFF, 0xE7, 0xFF, 0x03, 0x00, 0x3C,
    0x03, 0xF0, 0x3F, 0xC1, 0xCF, 0x0C, 0x30, 0x00, 0x00, 0x00, 0x3F, 0xE1, 0xFF, 0x8E, 0x7E, 0x00,
    0xF0, 0x07, 0x80, 0x1C, 0x00, 0xE3, 0xFF, 0x7F, 0xFF, 0xE3, 0xFC, 0x0F, 0xE0, 0x7F, 0x03, 0xFE,
    0x3D, 0xFF, 0xE7, 0xFF, 0x1F, 0x31, 0xFF, 0x8E, 0xF8, 0x00, 0x00, 0x00, 0x00, 0x00, 0xFF, 0x87,
    0xFE, 0x39, 0xF8, 0x03, 0xC0, 0x1E, 0x00, 0x70, 0x03, 0x8F, 0xFD, 0xFF, 0xFF, 0x8F, 0xF0, 0x3F,
    0x81, 0xFC, 0x0F, 0xF8, 0xF7, 0xFF, 0x9F, 0xFC, 0x1C, 0xF1, 0xE7, 0x8F, 0x3C, 0x39, 0xE0, 0x00,
    0x00, 0x00, 0x00, 0x07, 0xFC, 0x3F, 0xF1, 0xCF, 0xC0, 0x1E, 0x00, 0xF0, 0x03, 0x80, 0x1C, 0x7F,
    0xEF, 0xFF, 0xFC, 0x7F, 0x81, 0xFC, 0x0F, 0xE0, 0x7F, 0xC7, 0xBF, 0xFC, 0xFF, 0xE0, 0x07, 0xC0,
    0x76, 0x03, 0x38, 0x19, 0xC0, 0xEC, 0x03, 0xE0, 0x00, 0x00, 0x00, 0x3F, 0xE1, 0xFF, 0x8E, 0x7E,
    0x00, 0xF0, 0x07, 0x80, 0x1C, 0x00, 0xE3, 0xFF, 0x7F, 0xFF, 0xE3, 0xFC, 0x0F, 0xE0, 0x7F, 0x03,
    0xFE, 0x3D, 0xFF, 0xE7, 0xFF, 0x3F, 0xC3, 0xF8, 0x3F, 0xE7, 0xFC, 0x39, 0xFF, 0x3E, 0x00, 0x7E,
    0x0F, 0x00, 0x7C, 0x0F, 0x00, 0x3C, 0x0F, 0x00, 0x38, 0x07, 0x1F, 0xFF, 0xFF, 0x7F, 0xFF, 0xFF,
    0xFC, 0x78, 0x00, 0xF0, 0x3C, 0x00, 0xF0, 0x3C, 0x00, 0xF0, 0x3E, 0x00, 0xFC, 0x7F, 0x8E, 0x7F,
    0xFF, 0xFE, 0x3F, 0xE3, 0xFE, 0x07, 0xF8, 0xFF, 0xCF, 0x8C, 0xF0, 0x07, 0x80, 0x38, 0x03, 0xC0,
    0x1E, 0x00, 0xF0, 0x07, 0x80, 0x1C, 0x00, 0xF0, 0x07, 0x80, 0x1F, 0x9C, 0x7F, 0xE1, 0xFF, 0x03,
    0x80, 0x1E, 0x00, 0xF0, 0x0B, 0xC0, 0xFC, 0x07, 0xE0, 0x06, 0x00, 0x1E, 0x00, 0x3C, 0x00, 0x3C,
    0x00, 0x3C, 0x00, 0x38, 0x00, 0x00, 0x00, 0x00, 0x0F, 0xF0, 0x3F, 0xF0, 0xF9, 0xF3, 0xC1, 0xE7,
    0x81, 0xEE, 0x03, 0xFC, 0x07, 0xFF, 0xFF, 0xFF, 0xFF, 0xE0, 0x01, 0xC0, 0x03, 0xC0, 0x07, 0x80,
    0x07, 0xE3, 0x87, 0xFF, 0x07, 0xFC, 0x00, 0x60, 0x01, 0xE0, 0x07, 0xC0, 0x0F, 0x00, 0x38, 0x00,
    0x60, 0x00, 0x00, 0x00, 0x00, 0x0F, 0xF0, 0x3F, 0xF0, 0xF9, 0xF3, 0xC1, 0xE7, 0x81, 0xEE, 0x03,
    0xFC, 0x07, 0xFF, 0xFF, 0xFF, 0xFF, 0xE0, 0x01, 0xC0, 0x03, 0xC0, 0x07, 0x80, 0x07, 0xE3, 0x87,
    0xFF, 0x07, 0xFC, 0x01, 0x80, 0x07, 0x80, 0x1F, 0x80, 0x7F, 0x81, 0xE7, 0x01, 0x86, 0x00, 0x00,
    0x00, 0x00, 0x0F, 0xF0, 0x3F, 0xF0, 0xF9, 0xF3, 0xC1, 0xE7, 0x81, 0xEE, 0x03, 0xFC, 0x07, 0xFF,
    0xFF, 0xFF, 0xFF, 0xE0, 0x01, 0xC0, 0x03, 0xC0, 0x07, 0x80, 0x07, 0xE3, 0x87, 0xFF, 0x07, 0xFC,
    0x1E, 0x70, 0x3C, 0xF0, 0x79, 0xE0, 0xF3, 0x80, 0x00, 0x00, 0x00, 0x00, 0x00, 0x07, 0xF8, 0x1F,
    0xF8, 0x7C, 0xF9, 0xE0, 0xF3, 0xC0, 0xF7, 0x01, 0xFE, 0x03, 0xFF, 0xFF, 0xFF, 0xFF, 0xF0, 0x00,
    0xE0, 0x01, 0xE0, 0x03, 0xC0, 0x03, 0xF1, 0xC3, 0xFF, 0x83, 0xFE, 0x00, 0x61, 0xE3, 0xE3, 0xC3,
    0xC1, 0x80, 0x00, 0x3C, 0x78, 0xF1, 0xE3, 0xC7, 0x8F, 0x1E, 0x3C, 0x78, 0xF1, 0xE3, 0xC7, 0x8F,
    0x1E, 0x0C, 0x3C, 0xF9, 0xE7, 0x0C, 0x00, 0x00, 0x78, 0xF1, 0xE3, 0xC7, 0x8F, 0x1E, 0x3C, 0x78,
    0xF1, 0xE3, 0xC7, 0x8F, 0x1E, 0x3C, 0x0C, 0x07, 0x83, 0xF1, 0xFE, 0x73, 0x98, 0x60, 0x00, 0x00,
    0x1E, 0x07, 0x81, 0xE0, 0x78, 0x1E, 0x07, 0x81, 0xE0, 0x78, 0x1E, 0x07, 0x81, 0xE0, 0x78, 0x1E,
    0x07, 0x81, 0xE0, 0x78, 0xF3, 0xFC, 0xFF, 0x3F, 0xCF, 0x00, 0x00, 0x00, 0x00, 0x78, 0x1E, 0x07,
    0x81, 0xE0, 0x78, 0x1E, 0x07, 0x81, 0xE0, 0x78, 0x1E, 0x07, 0x81, 0xE0, 0x78, 0x1E, 0x07, 0x81,
    0xE0, 0x00, 0xC0, 0x00, 0xFB, 0x80, 0x7F, 0xE0, 0x3F, 0xE0, 0x3F, 0xC0, 0x1C, 0xE0, 0x00, 0x78,
    0x00, 0x3C, 0x00, 0x0E, 0x07, 0xF7, 0x8F, 0xFF, 0xC7, 0xCF, 0xE7, 0x80, 0xF3, 0x80, 0x7B, 0xC0,
    0x3D, 0xE0, 0x1E, 0xF0, 0x0F, 0x78, 0x07, 0x1C, 0x03, 0x8F, 0x03, 0xC7, 0x81, 0xC1, 0xF3, 0xE0,
    0x7F, 0xE0, 0x1F, 0xE0, 0x1F, 0x70, 0xFF, 0xC3, 0xBE, 0x00, 0x00, 0x00, 0x00, 0x00, 0x0F, 0xFE,
    0x3F, 0xFC, 0xF8, 0xFB, 0xC1, 0xEF, 0x03, 0xFC, 0x0F, 0xF0, 0x3F, 0xC0, 0xFF, 0x03, 0xFC, 0x0F,
    0xF0, 0x3F, 0xC0, 0xFF, 0x03, 0xFC, 0x0F, 0xF0, 0x3F, 0xC0, 0xF0, 0x06, 0x00, 0x0F, 0x00, 0x0F,
    0x80, 0x03, 0xC0, 0x01, 0xC0, 0x00, 0xC0, 0x00, 0x00, 0x00, 0x00, 0x0F, 0xF0, 0x1F, 0xF8, 0x3E,
    0x7C, 0x78, 0x1E, 0x78, 0x0E, 0x70, 0x0F, 0xF0, 0x0F, 0xF0, 0x0F, 0xF0, 0x0F, 0xF0, 0x0F, 0x70,
    0x0F, 0x78, 0x0E, 0x78, 0x1E, 0x3E, 0x7C, 0x1F, 0xF8, 0x0F, 0xF0, 0x00, 0x60, 0x00, 0xF0, 0x00,
    0xF0, 0x01, 0xE0, 0x03, 0xC0, 0x03, 0x80, 0x00, 0x00, 0x00, 0x00, 0x0F, 0xF0, 0x1F, 0xF8, 0x3E,
    0x7C, 0x78, 0x1E, 0x78, 0x0E, 0x70, 0x0F, 0xF0, 0x0F, 0xF0, 0x0F, 0xF0, 0x0F, 0xF0, 0x0F, 0x70,
    0x0F, 0x78, 0x0E, 0x78, 0x1E, 0x3E, 0x7C, 0x1F, 0xF8, 0x0F, 0xF0, 0x01, 0x80, 0x03, 0xC0, 0x07,
    0xE0, 0x0F, 0xF0, 0x0E, 0x78, 0x0C, 0x30, 0x00, 0x00, 0x00, 0x00, 0x0F, 0xF0, 0x1F, 0xF8, 0x3E,
    0x7C, 0x78, 0x1E, 0x78, 0x0E, 0x70, 0x0F, 0xF0, 0x0F, 0xF0, 0x0F, 0xF0, 0x0F, 0xF0, 0x0F, 0x70,
    0x0F, 0x78, 0x0E, 0x78, 0x1E, 0x3E, 0x7C, 0x1F, 0xF8, 0x0F, 0xF0, 0x0F, 0x98, 0x1F, 0xF8, 0x1D,
    0xF0, 0x00, 0x00, 0x00, 0x00, 0x00, 0x00, 0x0F, 0xF0, 0x1F, 0xF8, 0x3E, 0x7C, 0x78, 0x1E, 0x78,
    0x0E, 0x70, 0x0F, 0xF0, 0x0F, 0xF0, 0x0F, 0xF0, 0x0F, 0xF0, 0x0F, 0x70, 0x0F, 0x78, 0x0E, 0x78,
    0x1E, 0x3E, 0x7C, 0x1F, 0xF8, 0x0F, 0xF0, 0x0E, 0x78, 0x1E, 0x78, 0x1E, 0x78, 0x0E, 0x78, 0x00,
    0x00, 0x00, 0x00, 0x00, 0x00, 0x0F, 0xF0, 0x1F, 0xF8, 0x3E, 0x7C, 0x78, 0x1E, 0x78, 0x0E, 0x70,
    0x0F, 0xF0, 0x0F, 0xF0, 0x0F, 0xF0, 0x0F, 0xF0, 0x0F, 0x70, 0x0F, 0x78, 0x0E, 0x78, 0x1E, 0x3E,
    0x7C, 0x1F, 0xF8, 0x0F, 0xF0, 0x03, 0x80, 0x07, 0x80, 0x0F, 0x00, 0x1C, 0x00, 0x00, 0x00, 0x00,
    0x00, 0x00, 0x7F, 0xFF, 0xFF, 0xFE, 0x00, 0x00, 0x00, 0x00, 0x00, 0x00, 0x38, 0x00, 0x78, 0x00,
    0xF0, 0x01, 0xC0, 0x00, 0x06, 0x0F, 0xFF, 0x1F, 0xFE, 0x3E, 0x7C, 0x78, 0x3E, 0x78, 0x7E, 0x70,
    0xFF, 0xF0, 0xEF, 0xF1, 0xCF, 0xF3, 0xCF, 0xF7, 0x8F, 0x7F, 0x0F, 0x7E, 0x0E, 0x7C, 0x1E, 0x3E,
    0x7C, 0x7F, 0xF8, 0x77, 0xF0, 0x60, 0x00, 0x0C, 0x00, 0x78, 0x01, 0xE0, 0x03, 0xC0, 0x07, 0x80,
    0x0E, 0x00, 0x00, 0x00, 0x00, 0xF0, 0x3F, 0xC0, 0xFF, 0x03, 0xFC, 0x0F, 0xF0, 0x3F, 0xC0, 0xFF,
    0x03, 0xFC, 0x0F, 0xF0, 0x3F, 0xC0, 0xFF, 0x03, 0xFC, 0x0F, 0x70, 0x3D, 0xF1, 0xF3, 0xFF, 0xC7,
    0xFE, 0x00, 0xC0, 0x07, 0x80, 0x3E, 0x01, 0xE0, 0x07, 0x00, 0x18, 0x00, 0x00, 0x00, 0x00, 0xF0,
    0x3F, 0xC0, 0xFF, 0x03, 0xFC, 0x0F, 0xF0, 0x3F, 0xC0, 0xFF, 0x03, 0xFC, 0x0F, 0xF0, 0x3F, 0xC0,
    0xFF, 0x03, 0xFC, 0x0F, 0x70, 0x3D, 0xF1, 0xF3, 0xFF, 0xC7, 0xFE, 0x03, 0x00, 0x1E, 0x00, 0xFC,
    0x07, 0xF0, 0x3C, 0xE0, 0x61, 0x80, 0x00, 0x00, 0x00, 0xF0, 0x3F, 0xC0, 0xFF, 0x03, 0xFC, 0x0F,
    0xF0, 0x3F, 0xC0, 0xFF, 0x03, 0xFC, 0x0F, 0xF0, 0x3F, 0xC0, 0xFF, 0x03, 0xFC, 0x0F, 0x70, 0x3D,
    0xF1, 0xF3, 0xFF, 0xC7, 0xFE, 0x38, 0xE0, 0xF3, 0xC3, 0xCF, 0x0E, 0x38, 0x00, 0x00, 0x00, 0x00,
    0x00, 0x3C, 0x0F, 0xF0, 0x3F, 0xC0, 0xFF, 0x03, 0xFC, 0x0F, 0xF0, 0x3F, 0xC0, 0xFF, 0x03, 0xFC,
    0x0F, 0xF0, 0x3F, 0xC0, 0xFF, 0x03, 0xDC, 0x0F, 0x7C, 0x7C, 0xFF, 0xF1, 0xFF, 0x80, 0x00, 0x60,
    0x01, 0xE0, 0x03, 0xC0, 0x0F, 0x00, 0x3C, 0x00, 0x70, 0x00, 0x00, 0x00, 0x00, 0xF0, 0x1E, 0xE0,
    0x3D, 0xE0, 0x7B, 0xC0, 0xE3, 0x83, 0xC7, 0x87, 0x8F, 0x0E, 0x0E, 0x1C, 0x1E, 0x78, 0x3C, 0xE0,
    0x3D, 0xC0, 0x7F, 0x80, 0x7E, 0x00, 0xFC, 0x00, 0xF8, 0x01, 0xE0, 0x03, 0xC0, 0x07, 0x00, 0x1E,
    0x06, 0xF8, 0x0F, 0xE0, 0x1F, 0x80, 0x00, 0xF0, 0x01, 0xE0, 0x03, 0xC0, 0x07, 0x80, 0x0F, 0x00,
    0x1E, 0x00, 0x3C, 0x00, 0x78, 0x00, 0xFF, 0xE1, 0xFF, 0xE3, 0xE3, 0xE7, 0x81, 0xEF, 0x03, 0xDE,
    0x03, 0xFC, 0x07, 0xF8, 0x0F, 0xF0, 0x1F, 0xE0, 0x3F, 0xC0, 0x7F, 0x80, 0xEF, 0x03, 0xDF, 0x9F,
    0x3F, 0xFC, 0x7F, 0xF0, 0xF0, 0x01, 0xE0, 0x03, 0xC0, 0x07, 0x80, 0x0F, 0x00, 0x1E, 0x00, 0x00,
    0x0E, 0x78, 0x3C, 0xF0, 0x79, 0xE0, 0x73, 0xC0, 0x00, 0x00, 0x00, 0x00, 0x00, 0x78, 0x0F, 0x70,
    0x1E, 0xF0, 0x3D, 0xE0, 0x71, 0xC1, 0xE3, 0xC3, 0xC7, 0x87, 0x07, 0x0E, 0x0F, 0x3C, 0x1E, 0x70,
    0x1E, 0xE0, 0x3F, 0xC0, 0x3F, 0x00, 0x7E, 0x00, 0x7C, 0x00, 0xF0, 0x01, 0xE0, 0x03, 0x80, 0x0F,
    0x03, 0x7C, 0x07, 0xF0, 0x0F, 0xC0, 0x00, 0x07, 0xFE, 0x00, 0x3F, 0xF0, 0x00, 0x00, 0x00, 0x00,
    0x00, 0x00, 0x00, 0x00, 0x00, 0x00, 0x00, 0x03, 0xC0, 0x00, 0x1F, 0x00, 0x01, 0xF8, 0x00, 0x0F,
    0xE0, 0x00, 0xFF, 0x00, 0x07, 0xBC, 0x00, 0x79, 0xE0, 0x03, 0xC7, 0x00, 0x1C, 0x3C, 0x01, 0xE1,
    0xE0, 0x0F, 0x07, 0x80, 0xF0, 0x3C, 0x07, 0x80, 0xE0, 0x3F, 0xFF, 0x83, 0xFF, 0xFC, 0x1F, 0xFF,
    0xF0, 0xF0, 0x07, 0x8F, 0x00, 0x3C, 0x78, 0x00, 0xF7, 0x80, 0x07, 0xBC, 0x00, 0x3E, 0x3F, 0xF1,
    0xFF, 0x80, 0x00, 0x00, 0x00, 0x00, 0x00, 0x00, 0xFF, 0x87, 0xFE, 0x39, 0xF8, 0x03, 0xC0, 0x1E,
    0x00, 0x70, 0x03, 0x8F, 0xFD, 0xFF, 0xFF, 0x8F, 0xF0, 0x3F, 0x81, 0xFC, 0x0F, 0xF8, 0xF7, 0xFF,
    0x9F, 0xFC, 0x03, 0x8E, 0x00, 0x1E, 0xF0, 0x00, 0x7F, 0x00, 0x01, 0xF0, 0x00, 0x00, 0x00, 0x00,
    0x00, 0x00, 0x00, 0x00, 0x00, 0x1E, 0x00, 0x00, 0xF8, 0x00, 0x0F, 0xC0, 0x00, 0x7F, 0x00, 0x07,
    0xF8, 0x00, 0x3D, 0xE0, 0x03, 0xCF, 0x00, 0x1E, 0x38, 0x00, 0xE1, 0xE0, 0x0F, 0x0F, 0x00, 0x78,
    0x3C, 0x07, 0x81, 0xE0, 0x3C, 0x07, 0x01, 0xFF, 0xFC, 0x1F, 0xFF, 0xE0, 0xFF, 0xFF, 0x87, 0x80,
    0x3C, 0x78, 0x01, 0xE3, 0xC0, 0x07, 0xBC, 0x00, 0x3D, 0xE0, 0x01, 0xF0, 0x18, 0x70, 0xE7, 0x07,
    0xF8, 0x1F, 0x80, 0x00, 0x00, 0x00, 0x00, 0x07, 0xFC, 0x3F, 0xF1, 0xCF, 0xC0, 0x1E, 0x00, 0xF0,
    0x03, 0x80, 0x1C, 0x7F, 0xEF, 0xFF, 0xFC, 0x7F, 0x81, 0xFC, 0x0F, 0xE0, 0x7F, 0xC7, 0xBF, 0xFC,
    0xFF, 0xE0, 0x00, 0xF0, 0x00, 0x07, 0xC0, 0x00, 0x7E, 0x00, 0x03, 0xF8, 0x00, 0x3F, 0xC0, 0x01,
    0xEF, 0x00, 0x1E, 0x78, 0x00, 0xF1, 0xC0, 0x07, 0x0F, 0x00, 0x78, 0x78, 0x03, 0xC1, 0xE0, 0x3C,
    0x0F, 0x01, 0xE0, 0x38, 0x0F, 0xFF, 0xE0, 0xFF, 0xFF, 0x07, 0xFF, 0xFC, 0x3C, 0x01, 0xE3, 0xC0,
    0x0F, 0x1E, 0x00, 0x3D, 0xE0, 0x01, 0xEF, 0x00, 0x0F, 0x00, 0x00, 0x78, 0x00, 0x07, 0x80, 0x00,
    0x38, 0x00, 0x01, 0xC0, 0x00, 0x0F, 0xC0, 0x00, 0x7E, 0x3F, 0xE1, 0xFF, 0x8E, 0x7E, 0x00, 0xF0,
    0x07, 0x80, 0x1C, 0x00, 0xE3, 0xFF, 0x7F, 0xFF, 0xE3, 0xFC, 0x0F, 0xE0, 0x7F, 0x03, 0xFE, 0x3D,
    0xFF, 0xE7, 0xFF, 0x00, 0xF0, 0x07, 0x00, 0x78, 0x03, 0xF0, 0x0F, 0x80, 0x00, 0x18, 0x00, 0x07,
    0x00, 0x03, 0xC0, 0x01, 0xE0, 0x00, 0xF0, 0x00, 0x38, 0x00, 0x00, 0x00, 0x00, 0x00, 0x01, 0xFF,
    0x01, 0xFF, 0xF0, 0xFF, 0xF8, 0x7F, 0x1E, 0x3E, 0x00, 0x1F, 0x00, 0x07, 0x80, 0x01, 0xE0, 0x00,
    0x78, 0x00, 0x1C, 0x00, 0x0F, 0x00, 0x03, 0xC0, 0x00, 0x78, 0x00, 0x1E, 0x00, 0x07, 0x80, 0x01,
    0xF0, 0x00, 0x3E, 0x00, 0x07, 0xF1, 0xE1, 0xFF, 0xFC, 0x1F, 0xFF, 0x03, 0xFF, 0x00, 0x00, 0x60,
    0x07, 0x80, 0x7C, 0x03, 0xC0, 0x38, 0x01, 0x80, 0x00, 0x00, 0x00, 0x07, 0xF8, 0xFF, 0xCF, 0x8C,
    0xF0, 0x07, 0x80, 0x38, 0x03, 0xC0, 0x1E, 0x00, 0xF0, 0x07, 0x80, 0x1C, 0x00, 0xF0, 0x07, 0x80,
    0x1F, 0x9C, 0x7F, 0xE1, 0xFF, 0x00, 0x60, 0x00, 0x1C, 0x00, 0x0F, 0x80, 0x07, 0xF0, 0x03, 0x9E,
    0x00, 0xC3, 0x00, 0x00, 0x00, 0x00, 0x00, 0x01, 0xFF, 0x01, 0xFF, 0xF0, 0xFF, 0xF8, 0x7F, 0x1E,
    0x3E, 0x00, 0x1F, 0x00, 0x07, 0x80, 0x01, 0xE0, 0x00, 0x78, 0x00, 0x1C, 0x00, 0x0F, 0x00, 0x03,
    0xC0, 0x00, 0x78, 0x00, 0x1E, 0x00, 0x07, 0x80, 0x01, 0xF0, 0x00, 0x3E, 0x00, 0x07, 0xF1, 0xE1,
    0xFF, 0xFC, 0x1F, 0xFF, 0x03, 0xFF, 0x00, 0x01, 0x80, 0x1E, 0x01, 0xF8, 0x1F, 0xE0, 0xE7, 0x06,
    0x18, 0x00, 0x00, 0x00, 0x07, 0xF8, 0xFF, 0xCF, 0x8C, 0xF0, 0x07, 0x80, 0x38, 0x03, 0xC0, 0x1E,
    0x00, 0xF0, 0x07, 0x80, 0x1C, 0x00, 0xF0, 0x07, 0x80, 0x1F, 0x9C, 0x7F, 0xE1, 0xFF, 0x00, 0x70,
    0x00, 0x3E, 0x00, 0x0F, 0x80, 0x01, 0xC0, 0x00, 0x00, 0x00, 0x00, 0x00, 0x00, 0x00, 0x07, 0xFC,
    0x07, 0xFF, 0xC3, 0xFF, 0xE1, 0xFC, 0x78, 0xF8, 0x00, 0x7C, 0x00, 0x1E, 0x00, 0x07, 0x80, 0x01,
    0xE0, 0x00, 0x70, 0x00, 0x3C, 0x00, 0x0F, 0x00, 0x01, 0xE0, 0x00, 0x78, 0x00, 0x1E, 0x00, 0x07,
    0xC0, 0x00, 0xF8, 0x00, 0x1F, 0xC7, 0x87, 0xFF, 0xF0, 0x7F, 0xFC, 0x0F, 0xFC, 0x03, 0xC0, 0x1E,
    0x00, 0xF0, 0x07, 0x80, 0x00, 0x00, 0x00, 0x00, 0x00, 0xFF, 0x1F, 0xF9, 0xF1, 0x9E, 0x00, 0xF0,
    0x07, 0x00, 0x78, 0x03, 0xC0, 0x1E, 0x00, 0xF0, 0x03, 0x80, 0x1E, 0x00, 0xF0, 0x03, 0xF3, 0x8F,
    0xFC, 0x3F, 0xE0, 0x03, 0x0C, 0x00, 0xE7, 0x80, 0x1F, 0xC0, 0x03, 0xE0, 0x00, 0x70, 0x00, 0x18,
    0x00, 0x00, 0x00, 0x00, 0x00, 0x01, 0xFF, 0x01, 0xFF, 0xF0, 0xFF, 0xF8, 0x7F, 0x1E, 0x3E, 0x00,
    0x1F, 0x00, 0x07, 0x80, 0x01, 0xE0, 0x00, 0x78, 0x00, 0x1C, 0x00, 0x0F, 0x00, 0x03, 0xC0, 0x00,
    0x78, 0x00, 0x1E, 0x00, 0x07, 0x80, 0x01, 0xF0, 0x00, 0x3E, 0x00, 0x07, 0xF1, 0xE1, 0xFF, 0xFC,
    0x1F, 0xFF, 0x03, 0xFF, 0x00, 0x0C, 0x30, 0x73, 0x83, 0xFC, 0x0F, 0xC0, 0x3C, 0x00, 0xC0, 0x00,
    0x00, 0x00, 0x07, 0xF8, 0xFF, 0xCF, 0x8C, 0xF0, 0x07, 0x80, 0x38, 0x03, 0xC0, 0x1E, 0x00, 0xF0,
    0x07, 0x80, 0x1C, 0x00, 0xF0, 0x07, 0x80, 0x1F, 0x9C, 0x7F, 0xE1, 0xFF, 0x0C, 0x30, 0x01, 0xCF,
    0x00, 0x1F, 0xC0, 0x03, 0xF0, 0x00, 0x3C, 0x00, 0x03, 0x00, 0x00, 0x00, 0x00, 0x00, 0x00, 0xFF,
    0xF0, 0x1F, 0xFF, 0x83, 0xFF, 0xF8, 0x78, 0x7F, 0x8F, 0x00, 0xF9, 0xE0, 0x0F, 0xBC, 0x00, 0xF7,
    0x80, 0x1E, 0xF0, 0x01, 0xFE, 0x00, 0x3F, 0xC0, 0x07, 0xF8, 0x00, 0xFF, 0x00, 0x1F, 0xE0, 0x07,
    0xBC, 0x00, 0xF7, 0x80, 0x3E, 0xF0, 0x0F, 0x9E, 0x0F, 0xE3, 0xFF, 0xF8, 0x7F, 0xFE, 0x0F, 0xFF,
    0x00, 0x00, 0x0E, 0x70, 0x00, 0xE7, 0x00, 0x0E, 0x70, 0x00, 0xE7, 0x00, 0x0E, 0x70, 0x00, 0xE6,
    0x00, 0x0E, 0x60, 0x00, 0xE0, 0x0F, 0xFE, 0x01, 0xFF, 0xE0, 0x3E, 0x7E, 0x07, 0x81, 0xE0, 0x78,
    0x0E, 0x07, 0x00, 0xE0, 0xF0, 0x0E, 0x0F, 0x00, 0xE0, 0xF0, 0x0E, 0x0F, 0x00, 0xE0, 0x70, 0x0E,
    0x07, 0x80, 0xE0, 0x7C, 0x0E, 0x03, 0xF1, 0xE0, 0x1F, 0xFE, 0x00, 0x7F, 0xE0, 0x1F, 0xFC, 0x00,
    0xFF, 0xF8, 0x07, 0xFF, 0xF0, 0x3C, 0x3F, 0xC1, 0xC0, 0x3E, 0x0E, 0x00, 0xF8, 0x70, 0x03, 0xC3,
    0x80, 0x0F, 0xFF, 0xC0, 0x7F, 0xFE, 0x03, 0xFF, 0xF0, 0x1E, 0x38, 0x00, 0xF1, 0xC0, 0x07, 0x8E,
    0x00, 0x3C, 0x70, 0x03, 0xC3, 0x80, 0x3E, 0x1C, 0x03, 0xE0, 0xF0, 0xFF, 0x07, 0xFF, 0xF0, 0x3F,
    0xFE, 0x01, 0xFF, 0xC0, 0x00, 0x00, 0x0E, 0x00, 0x03, 0x80, 0x00, 0xE0, 0x0F, 0xFE, 0x03, 0xFF,
    0x80, 0x03, 0x80, 0x00, 0xE0, 0x00, 0x38, 0x0F, 0xFE, 0x07, 0xFF, 0x83, 0xE7, 0xE1, 0xE0, 0x78,
    0x78, 0x0E, 0x3C, 0x03, 0x8F, 0x00, 0xE3, 0xC0, 0x38, 0xF0, 0x0E, 0x3C, 0x03, 0x87, 0x00, 0xE1,
    0xE0, 0x38, 0x7C, 0x0E, 0x0F, 0xC7, 0x81, 0xFF, 0xE0, 0x1F, 0xF8, 0x3F, 0xF0, 0x7F, 0xE0, 0x00,
    0x00, 0x00, 0x00, 0x00, 0x00, 0x00, 0x3F, 0xFF, 0x7F, 0xFE, 0xFF, 0xFD, 0xE0, 0x03, 0xC0, 0x07,
    0x80, 0x0F, 0x00, 0x1E, 0x00, 0x3F, 0xFE, 0x7F, 0xFC, 0xFF, 0xF9, 0xE0, 0x03, 0xC0, 0x07, 0x80,
    0x0F, 0x00, 0x1E, 0x00, 0x3C, 0x00, 0x78, 0x00, 0xFF, 0xFF, 0xFF, 0xFF, 0xFF, 0xF8, 0x1F, 0xF0,
    0x3F, 0xE0, 0x00, 0x00, 0x00, 0x00, 0x00, 0x00, 0x00, 0x03, 0xFC, 0x0F, 0xFC, 0x3E, 0x7C, 0xF0,
    0x79, 0xE0, 0x7B, 0x80, 0xFF, 0x01, 0xFF, 0xFF, 0xFF, 0xFF, 0xF8, 0x00, 0x70, 0x00, 0xF0, 0x01,
    0xE0, 0x01, 0xF8, 0xE1, 0xFF, 0xC1, 0xFF, 0x00, 0x38, 0x60, 0x39, 0xC0, 0x7F, 0x80, 0x7E, 0x00,
    0x00, 0x00, 0x00, 0x00, 0x00, 0x7F, 0xFE, 0xFF, 0xFD, 0xFF, 0xFB, 0xC0, 0x07, 0x80, 0x0F, 0x00,
    0x1E, 0x00, 0x3C, 0x00, 0x7F, 0xFC, 0xFF, 0xF9, 0xFF, 0xF3, 0xC0, 0x07, 0x80, 0x0F, 0x00, 0x1E,
    0x00, 0x3C, 0x00, 0x78, 0x00, 0xF0, 0x01, 0xFF, 0xFF, 0xFF, 0xFF, 0xFF, 0xF0, 0x1C, 0x30, 0x3D,
    0xE0, 0x3F, 0xC0, 0x3E, 0x00, 0x00, 0x00, 0x00, 0x00, 0x00, 0x07, 0xF8, 0x1F, 0xF8, 0x7C, 0xF9,
    0xE0, 0xF3, 0xC0, 0xF7, 0x01, 0xFE, 0x03, 0xFF, 0xFF, 0xFF, 0xFF, 0xF0, 0x00, 0xE0, 0x01, 0xE0,
    0x03, 0xC0, 0x03, 0xF1, 0xC3, 0xFF, 0x83, 0xFE, 0x00, 0x07, 0x80, 0x0F, 0x00, 0x1E, 0x00, 0x3C,
    0x00, 0x00, 0x00, 0x00, 0x00, 0x00, 0x7F, 0xFE, 0xFF, 0xFD, 0xFF, 0xFB, 0xC0, 0x07, 0x80, 0x0F,
    0x00, 0x1E, 0x00, 0x3C, 0x00, 0x7F, 0xFC, 0xFF, 0xF9, 0xFF, 0xF3, 0xC0, 0x07, 0x80, 0x0F, 0x00,
    0x1E, 0x00, 0x3C, 0x00, 0x78, 0x00, 0xF0, 0x01, 0xFF, 0xFF, 0xFF, 0xFF, 0xFF, 0xF0, 0x03, 0xC0,
    0x07, 0x80, 0x0F, 0x00, 0x1E, 0x00, 0x00, 0x00, 0x00, 0x00, 0x00, 0x07, 0xF8, 0x1F, 0xF8, 0x7C,
    0xF9, 0xE0, 0xF3, 0xC0, 0xF7, 0x01, 0xFE, 0x03, 0xFF, 0xFF, 0xFF, 0xFF, 0xF0, 0x00, 0xE0, 0x01,
    0xE0, 0x03, 0xC0, 0x03, 0xF1, 0xC3, 0xFF, 0x83, 0xFE, 0x00, 0xFF, 0xFD, 0xFF, 0xFB, 0xFF, 0xF7,
    0x80, 0x0F, 0x00, 0x1E, 0x00, 0x3C, 0x00, 0x78, 0x00, 0xFF, 0xF9, 0xFF, 0xF3, 0xFF, 0xE7, 0x80,
    0x0F, 0x00, 0x1E, 0x00, 0x3C, 0x00, 0x78, 0x00, 0xF0, 0x01, 0xE0, 0x03, 0xFF, 0xFF, 0xFF, 0xFF,
    0xFF, 0xE0, 0x07, 0x80, 0x0E, 0x00, 0x3C, 0x00, 0x78, 0x00, 0xFC, 0x00, 0xF8, 0x0F, 0xF0, 0x3F,
    0xF0, 0xF9, 0xF3, 0xC1, 0xE7, 0x81, 0xEE, 0x03, 0xFC, 0x07, 0xFF, 0xFF, 0xFF, 0xFF, 0xE0, 0x01,
    0xC0, 0x03, 0xC0, 0x07, 0x80, 0x07, 0xE3, 0x87, 0xFF, 0x07, 0xFE, 0x00, 0x70, 0x01, 0xC0, 0x07,
    0x80, 0x07, 0xC0, 0x0F, 0x80, 0x18, 0x60, 0x39, 0xC0, 0x7F, 0x80, 0x7E, 0x00, 0x78, 0x00, 0x60,
    0x00, 0x00, 0x00, 0x00, 0xFF, 0xFD, 0xFF, 0xFB, 0xFF, 0xF7, 0x80, 0x0F, 0x00, 0x1E, 0x00, 0x3C,
    0x00, 0x78, 0x00, 0xFF, 0xF9, 0xFF, 0xF3, 0xFF, 0xE7, 0x80, 0x0F, 0x00, 0x1E, 0x00, 0x3C, 0x00,
    0x78, 0x00, 0xF0, 0x01, 0xE0, 0x03, 0xFF, 0xFF, 0xFF, 0xFF, 0xFF, 0xE0, 0x0C, 0x30, 0x3C, 0xE0,
    0x3F, 0xC0, 0x3F, 0x00, 0x3C, 0x00, 0x30, 0x00, 0x00, 0x00, 0x00, 0x00, 0x00, 0x1F, 0xE0, 0x7F,
    0xE1, 0xF3, 0xE7, 0x83, 0xCF, 0x03, 0xDC, 0x07, 0xF8, 0x0F, 0xFF, 0xFF, 0xFF, 0xFF, 0xC0, 0x03,
    0x80, 0x07, 0x80, 0x0F, 0x00, 0x0F, 0xC7, 0x0F, 0xFE, 0x0F, 0xF8, 0x00, 0x30, 0x00, 0x1C, 0x00,
    0x0F, 0x80, 0x07, 0xF0, 0x03, 0xCE, 0x00, 0x61, 0x80, 0x00, 0x00, 0x00, 0x00, 0x01, 0xFF, 0x01,
    0xFF, 0xF0, 0xFF, 0xFC, 0x7F, 0x1E, 0x3E, 0x00, 0x9F, 0x00, 0x07, 0x80, 0x01, 0xE0, 0x00, 0x78,
    0x00, 0x1C, 0x00, 0x0F, 0x00, 0x03, 0xC0, 0x0F, 0x78, 0x03, 0xDE, 0x00, 0xF7, 0x80, 0x3D, 0xF0,
    0x0F, 0x3E, 0x03, 0xC7, 0xF1, 0xF1, 0xFF, 0xFC, 0x1F, 0xFF, 0x03, 0xFF, 0x80, 0x01, 0x80, 0x03,
    0x80, 0x0F, 0x80, 0x3F, 0x80, 0xE7, 0x81, 0x86, 0x00, 0x00, 0x00, 0x00, 0x0F, 0xFC, 0x3F, 0xFC,
    0xF8, 0xFB, 0xC0, 0xF7, 0x81, 0xFE, 0x03, 0xFC, 0x07, 0xF8, 0x0F, 0xF0, 0x1F, 0xE0, 0x3D, 0xE0,
    0x7B, 0xC0, 0xF3, 0xE7, 0xE7, 0xFF, 0xC3, 0xFF, 0x80, 0x0F, 0x00, 0x1E, 0x00, 0x3C, 0x00, 0xF1,
    0xC7, 0xE7, 0xFF, 0x87, 0xFC, 0x00, 0x03, 0x8E, 0x00, 0xF7, 0x80, 0x1F, 0xC0, 0x03, 0xE0, 0x00,
    0x00, 0x00, 0x00, 0x00, 0x00, 0x00, 0x07, 0xFC, 0x07, 0xFF, 0xC3, 0xFF, 0xF1, 0xFC, 0x78, 0xF8,
    0x02, 0x7C, 0x00, 0x1E, 0x00, 0x07, 0x80, 0x01, 0xE0, 0x00, 0x70, 0x00, 0x3C, 0x00, 0x0F, 0x00,
    0x3D, 0xE0, 0x0F, 0x78, 0x03, 0xDE, 0x00, 0xF7, 0xC0, 0x3C, 0xF8, 0x0F, 0x1F, 0xC7, 0xC7, 0xFF,
    0xF0, 0x7F, 0xFC, 0x0F, 0xFE, 0x0E, 0x38, 0x1E, 0xF0, 0x1F, 0xC0, 0x1F, 0x00, 0x00, 0x00, 0x00,
    0x00, 0x00, 0x07, 0xFE, 0x1F, 0xFE, 0x7C, 0x7D, 0xE0, 0x7B, 0xC0, 0xFF, 0x01, 0xFE, 0x03, 0xFC,
    0x07, 0xF8, 0x0F, 0xF0, 0x1E, 0xF0, 0x3D, 0xE0, 0x79, 0xF3, 0xF3, 0xFF, 0xE1, 0xFF, 0xC0, 0x07,
    0x80, 0x0F, 0x00, 0x1E, 0x00, 0x78, 0xE3, 0xF3, 0xFF, 0xC3, 0xFE, 0x00, 0x00, 0x70, 0x00, 0x3E,
    0x00, 0x0F, 0x80, 0x01, 0xC0, 0x00, 0x00, 0x00, 0x00, 0x00, 0x00, 0x00, 0x07, 0xFC, 0x07, 0xFF,
    0xC3, 0xFF, 0xF1, 0xFC, 0x78, 0xF8, 0x02, 0x7C, 0x00, 0x1E, 0x00, 0x07, 0x80, 0x01, 0xE0, 0x00,
    0x70, 0x00, 0x3C, 0x00, 0x0F, 0x00, 0x3D, 0xE0, 0x0F, 0x78, 0x03, 0xDE, 0x00, 0xF7, 0xC0, 0x3C,
    0xF8, 0x0F, 0x1F, 0xC7, 0xC7, 0xFF, 0xF0, 0x7F, 0xFC, 0x0F, 0xFE, 0x01, 0xC0, 0x07, 0xC0, 0x0F,
    0x80, 0x0E, 0x00, 0x00, 0x00, 0x00, 0x00, 0x00, 0x07, 0xFE, 0x1F, 0xFE, 0x7C, 0x7D, 0xE0, 0x7B,
    0xC0, 0xFF, 0x01, 0xFE, 0x03, 0xFC, 0x07, 0xF8, 0x0F, 0xF0, 0x1E, 0xF0, 0x3D, 0xE0, 0x79, 0xF3,
    0xF3, 0xFF, 0xE1, 0xFF, 0xC0, 0x07, 0x80, 0x0F, 0x00, 0x1E, 0x00, 0x78, 0xE3, 0xF3, 0xFF, 0xC3,
    0xFE, 0x00, 0x01, 0xFF, 0x01, 0xFF, 0xF0, 0xFF, 0xFC, 0x7F, 0x1E, 0x3E, 0x00, 0x9F, 0x00, 0x07,
    0x80, 0x01, 0xE0, 0x00, 0x78, 0x00, 0x1C, 0x00, 0x0F, 0x00, 0x03, 0xC0, 0x0F, 0x78, 0x03, 0xDE,
    0x00, 0xF7, 0x80, 0x3D, 0xF0, 0x0F, 0x3E, 0x03, 0xC7, 0xF1, 0xF1, 0xFF, 0xFC, 0x1F, 0xFF, 0x03,
    0xFF, 0x80, 0x00, 0x00, 0x00, 0x00, 0x01, 0xE0, 0x00, 0xF0, 0x00, 0x7C, 0x00, 0x1E, 0x00, 0x00,
    0x60, 0x03, 0xE0, 0x07, 0x80, 0x0E, 0x00, 0x1C, 0x00, 0x00, 0x00, 0x00, 0x00, 0x00, 0x0F, 0xFC,
    0x3F, 0xFC, 0xF8, 0xFB, 0xC0, 0xF7, 0x81, 0xFE, 0x03, 0xFC, 0x07, 0xF8, 0x0F, 0xF0, 0x1F, 0xE0,
    0x3D, 0xE0, 0x7B, 0xC0, 0xF3, 0xE7, 0xE7, 0xFF, 0xC3, 0xFF, 0x80, 0x0F, 0x00, 0x1E, 0x00, 0x3C,
    0x00, 0xF1, 0xC7, 0xE7, 0xFF, 0x87, 0xFC, 0x00, 0x00, 0xC0, 0x00, 0x78, 0x00, 0x3F, 0x00, 0x1F,
    0xE0, 0x07, 0x38, 0x01, 0x86, 0x00, 0x00, 0x00, 0x00, 0x00, 0xF0, 0x03, 0xFC, 0x00, 0xFF, 0x00,
    0x3F, 0xC0, 0x0F, 0xF0, 0x03, 0xFC, 0x00, 0xFF, 0x00, 0x3F, 0xC0, 0x0F, 0xFF, 0xFF, 0xFF, 0xFF,
    0xFF, 0xFF, 0xFF, 0xC0, 0x0F, 0xF0, 0x03, 0xFC, 0x00, 0xFF, 0x00, 0x3F, 0xC0, 0x0F, 0xF0, 0x03,
    0xFC, 0x00, 0xFF, 0x00, 0x3F, 0xC0, 0x0F, 0xF0, 0x03, 0xC0, 0x1C, 0x00, 0x7C, 0x03, 0xFC, 0x03,
    0x18, 0x00, 0x00, 0x0F, 0x00, 0x1E, 0x00, 0x3C, 0x00, 0x78, 0x00, 0xF0, 0x01, 0xE0, 0x03, 0xC0,
    0x07, 0x80, 0x0F, 0xFE, 0x1F, 0xFE, 0x3E, 0x3E, 0x78, 0x3C, 0xF0, 0x3D, 0xE0, 0x7B, 0xC0, 0xF7,
    0x81, 0xEF, 0x03, 0xDE, 0x07, 0xBC, 0x0F, 0x78, 0x1E, 0xF0, 0x3D, 0xE0, 0x7B, 0xC0, 0xF7, 0x81,
    0xE0, 0x1C, 0x00, 0xF1, 0xFF, 0xFF, 0xFB, 0xFF, 0xFF, 0xF7, 0xFF, 0xFF, 0xE1, 0xC0, 0x0F, 0x03,
    0x80, 0x1E, 0x07, 0x00, 0x3C, 0x0E, 0x00, 0x78, 0x1F, 0xFF, 0xF0, 0x3F, 0xFF, 0xE0, 0x7F, 0xFF,
    0xC0, 0xE0, 0x07, 0x81, 0xC0, 0x0F, 0x03, 0x80, 0x1E, 0x07, 0x00, 0x3C, 0x0E, 0x00, 0x78, 0x1C,
    0x00, 0xF0, 0x38, 0x01, 0xE0, 0x70, 0x03, 0xC0, 0xE0, 0x07, 0x81, 0xC0, 0x0F, 0x00, 0x3C, 0x00,
    0x3C, 0x00, 0x3C, 0x00, 0xFF, 0xE0, 0xFF, 0xE0, 0x3C, 0x00, 0x3C, 0x00, 0x3C, 0x00, 0x3F, 0xF8,
    0x3F, 0xFC, 0x3E, 0x3E, 0x3C, 0x1E, 0x3C, 0x0F, 0x3C, 0x0F, 0x3C, 0x0F, 0x3C, 0x0F, 0x3C, 0x0F,
    0x3C, 0x0F, 0x3C, 0x0F, 0x3C, 0x0F, 0x3C, 0x0F, 0x3C, 0x0F, 0x3C, 0x0F, 0x3C, 0x0F, 0x7C, 0xDF,
    0xFB, 0xBE, 0x00, 0x00, 0x00, 0x00, 0x07, 0x80, 0xF0, 0x1E, 0x03, 0xC0, 0x78, 0x0F, 0x01, 0xE0,
    0x3C, 0x07, 0x80, 0xF0, 0x1E, 0x03, 0xC0, 0x78, 0x0F, 0x01, 0xE0, 0x3C, 0x07, 0x80, 0xF0, 0x1E,
    0x03, 0xC0, 0x78, 0x00, 0x3E, 0xE7, 0xFE, 0x77, 0xC0, 0x00, 0x00, 0x00, 0x00, 0x0F, 0x00, 0xF0,
    0x0F, 0x00, 0xF0, 0x0F, 0x00, 0xF0, 0x0F, 0x00, 0xF0, 0x0F, 0x00, 0xF0, 0x0F, 0x00, 0xF0, 0x0F,
    0x00, 0xF0, 0x0F, 0x00, 0xF0, 0xFF, 0xFF, 0xF0, 0x00, 0x00, 0x00, 0x00, 0x01, 0xE0, 0x78, 0x1E,
    0x07, 0x81, 0xE0, 0x78, 0x1E, 0x07, 0x81, 0xE0, 0x78, 0x1E, 0x07, 0x81, 0xE0, 0x78, 0x1E, 0x07,
    0x81, 0xE0, 0x78, 0x1E, 0x07, 0x81, 0xE0, 0xFF, 0xFF, 0xF0, 0x00, 0x00, 0x00, 0x00, 0x01, 0xE0,
    0x78, 0x1E, 0x07, 0x81, 0xE0, 0x78, 0x1E, 0x07, 0x81, 0xE0, 0x78, 0x1E, 0x07, 0x81, 0xE0, 0x78,
    0x1E, 0x07, 0x80, 0xC3, 0xF3, 0xBF, 0xCF, 0xC0, 0x00, 0x00, 0x00, 0x78, 0x3C, 0x1E, 0x0F, 0x07,
    0x83, 0xC1, 0xE0, 0xF0, 0x78, 0x3C, 0x1E, 0x0F, 0x07, 0x83, 0xC1, 0xE0, 0xF0, 0x78, 0x3C, 0x1E,
    0x0F, 0x07, 0x80, 0xE1, 0x9C, 0xE7, 0xF8, 0xFC, 0x00, 0x00, 0x00, 0x00, 0x78, 0x1E, 0x07, 0x81,
    0xE0, 0x78, 0x1E, 0x07, 0x81, 0xE0, 0x78, 0x1E, 0x07, 0x81, 0xE0, 0x78, 0x1E, 0x07, 0x81, 0xE0,
    0x3C, 0xF3, 0xCF, 0x3C, 0xF3, 0xCF, 0x3C, 0xF3, 0xCF, 0x3C, 0xF3, 0xCF, 0x3C, 0xF3, 0xCF, 0x3C,
    0xF7, 0xBC, 0xF3, 0xF7, 0xC0, 0x3C, 0xF0, 0x00, 0x00, 0x00, 0x0F, 0x3C, 0xF3, 0xCF, 0x3C, 0xF3,
    0xCF, 0x3C, 0xF3, 0xCF, 0x3C, 0xF3, 0xDE, 0x73, 0xCF, 0x3F, 0x7C, 0xF7, 0xBD, 0xE0, 0x00, 0x1E,
    0xF7, 0xBD, 0xEF, 0x7B, 0xDE, 0xF7, 0xBD, 0xEF, 0x7B, 0xDE, 0xF7, 0xBD, 0xE0, 0xFF, 0xFF, 0xFF,
    0xFF, 0xFF, 0xFF, 0xFF, 0xFF, 0xF0, 0x00, 0xFF, 0x00, 0x0F, 0xF0, 0x00, 0xFF, 0x00, 0x0F, 0xF0,
    0x00, 0xFF, 0x00, 0x0F, 0xF0, 0x00, 0xFF, 0x00, 0x0F, 0xF0, 0x00, 0xFF, 0x00, 0x0F, 0xF0, 0x00,
    0xFF, 0x00, 0x0F, 0xF0, 0x00, 0xFF, 0x00, 0x0F, 0xF0, 0x00, 0xFF, 0x00, 0x0F, 0xF0, 0x81, 0xFF,
    0x1E, 0x7E, 0xF1, 0xFF, 0xEF, 0x1F, 0xFC, 0xF0, 0xFF, 0x00, 0xF0, 0xFF, 0x0F, 0x00, 0x00, 0x00,
    0x00, 0x00, 0x00, 0x00, 0x0F, 0x0F, 0xF0, 0xFF, 0x0F, 0xF0, 0xFF, 0x0F, 0xF0, 0xFF, 0x0F, 0xF0,
    0xFF, 0x0F, 0xF0, 0xFF, 0x0F, 0xF0, 0xFF, 0x0F, 0xF0, 0xFF, 0x0F, 0xF0, 0xF0, 0x0F, 0x00, 0xF0,
    0x0E, 0x03, 0xE0, 0xFC, 0x0F, 0x80, 0x00, 0x10, 0x00, 0x38, 0x00, 0x7C, 0x00, 0xFE, 0x01, 0xCF,
    0x00, 0x86, 0x00, 0x00, 0x00, 0x00, 0x00, 0x38, 0x00, 0x38, 0x00, 0x38, 0x00, 0x38, 0x00, 0x38,
    0x00, 0x38, 0x00, 0x38, 0x00, 0x38, 0x00, 0x38, 0x00, 0x38, 0x00, 0x38, 0x00, 0x38, 0x00, 0x38,
    0x00, 0x38, 0x00, 0x38, 0x00, 0x78, 0x40, 0x78, 0x71, 0xF8, 0xFF, 0xF0, 0xFF, 0xE0, 0x3F, 0xC0,
    0x03, 0x00, 0x78, 0x0F, 0xC1, 0xFE, 0x1C, 0xE1, 0x86, 0x00, 0x00, 0x00, 0x07, 0x80, 0x78, 0x07,
    0x80, 0x78, 0x07, 0x80, 0x78, 0x07, 0x80, 0x78, 0x07, 0x80, 0x78, 0x07, 0x80, 0x78, 0x07, 0x80,
    0x78, 0x07, 0x80, 0x78, 0x07, 0x80, 0x78, 0x07, 0x01, 0xF0, 0x7E, 0x07, 0xC0, 0xF0, 0x0F, 0xBC,
    0x07, 0x8F, 0x03, 0xC3, 0xC1, 0xE0, 0xF0, 0xF0, 0x3C, 0x78, 0x0F, 0x3C, 0x03, 0xDE, 0x00, 0xFF,
    0x00, 0x3F, 0x80, 0x0F, 0xF8, 0x03, 0xFF, 0x00, 0xF7, 0xE0, 0x3C, 0xFC, 0x0F, 0x0F, 0x83, 0xC1,
    0xF0, 0xF0, 0x3C, 0x3C, 0x07, 0x8F, 0x01, 0xF3, 0xC0, 0x3E, 0xF0, 0x07, 0x80, 0x00, 0x00, 0x00,
    0x00, 0x07, 0x00, 0x03, 0xC0, 0x01, 0xF0, 0x00, 0x78, 0x00, 0xF0, 0x03, 0xC0, 0x0F, 0x00, 0x3C,
    0x00, 0xF0, 0x03, 0xC0, 0x0F, 0x00, 0x3C, 0x00, 0xF0, 0x7B, 0xC3, 0xCF, 0x1E, 0x3C, 0xF0, 0xF7,
    0xC3, 0xFE, 0x0F, 0xF0, 0x3F, 0x80, 0xFF, 0x03, 0xFE, 0x0F, 0x7C, 0x3C, 0xF8, 0xF1, 0xF3, 0xC3,
    0xCF, 0x07, 0xBC, 0x0F, 0x00, 0x00, 0x00, 0x00, 0x70, 0x03, 0xC0, 0x1F, 0x00, 0x78, 0x00, 0xF0,
    0x7D, 0xE1, 0xF3, 0xC7, 0xC7, 0x9F, 0x0F, 0x7C, 0x1F, 0xF0, 0x3F, 0xC0, 0x7F, 0x00, 0xFF, 0x01,
    0xFF, 0x03, 0xDF, 0x07, 0x8F, 0x0F, 0x1F, 0x1E, 0x1F, 0x3C, 0x1F, 0x78, 0x1E, 0x0C, 0x00, 0x78,
    0x03, 0xE0, 0x0F, 0x00, 0x70, 0x01, 0x80, 0x00, 0x00, 0x00, 0x00, 0xF0, 0x03, 0xC0, 0x0F, 0x00,
    0x3C, 0x00, 0xF0, 0x03, 0xC0, 0x0F, 0x00, 0x3C, 0x00, 0xF0, 0x03, 0xC0, 0x0F, 0x00, 0x3C, 0x00,
    0xF0, 0x03, 0xC0, 0x0F, 0x00, 0x3C, 0x00, 0xF0, 0x03, 0xC0, 0x0F, 0xFF, 0xFF, 0xFF, 0xFF, 0xFC,
    0x0C, 0xFD, 0xF3, 0x80, 0x0F, 0x1E, 0x3C, 0x78, 0xF1, 0xE3, 0xC7, 0x8F, 0x1E, 0x3C, 0x78, 0xF1,
    0xE3, 0xC7, 0x8F, 0x1E, 0x3C, 0x78, 0xF1, 0xF1, 0xF1, 0xE0, 0xF0, 0x03, 0xC0, 0x0F, 0x00, 0x3C,
    0x00, 0xF0, 0x03, 0xC0, 0x0F, 0x00, 0x3C, 0x00, 0xF0, 0x03, 0xC0, 0x0F, 0x00, 0x3C, 0x00, 0xF0,
    0x03, 0xC0, 0x0F, 0x00, 0x3C, 0x00, 0xF0, 0x03, 0xC0, 0x0F, 0xFF, 0xFF, 0xFF, 0xFF, 0xFC, 0x00,
    0x00, 0x00, 0x01, 0xE0, 0x07, 0x80, 0x7E, 0x01, 0xF0, 0x00, 0x78, 0xF1, 0xE3, 0xC7, 0x8F, 0x1E,
    0x3C, 0x78, 0xF1, 0xE3, 0xC7, 0x8F, 0x1E, 0x3C, 0x78, 0xF1, 0xE3, 0xC7, 0x8F, 0x8F, 0x8F, 0x00,
    0x00, 0xE3, 0xCF, 0x9E, 0x00, 0xF3, 0xC3, 0xCE, 0x0F, 0x38, 0x3C, 0xE0, 0xF3, 0x83, 0xCE, 0x0F,
    0x38, 0x3C, 0x00, 0xF0, 0x03, 0xC0, 0x0F, 0x00, 0x3C, 0x00, 0xF0, 0x03, 0xC0, 0x0F, 0x00, 0x3C,
    0x00, 0xF0, 0x03, 0xC0, 0x0F, 0xFF, 0xFF, 0xFF, 0xFF, 0xFC, 0xF7, 0xFB, 0xBD, 0xDE, 0xEF, 0x77,
    0xBB, 0xDD, 0xE0, 0xF0, 0x78, 0x3C, 0x1E, 0x0F, 0x07, 0x83, 0xC1, 0xE0, 0xF0, 0x78, 0x3C, 0x1E,
    0x0F, 0x07, 0xC1, 0xF0, 0x78, 0xF0, 0x03, 0xC0, 0x0F, 0x00, 0x3C, 0x00, 0xF0, 0x03, 0xC0, 0x0F,
    0x00, 0x3C, 0x00, 0xF0, 0x73, 0xC3, 0xCF, 0x0F, 0x3C, 0x1C, 0xF0, 0x03, 0xC0, 0x0F, 0x00, 0x3C,
    0x00, 0xF0, 0x03, 0xC0, 0x0F, 0xFF, 0xFF, 0xFF, 0xFF, 0xFC, 0xF0, 0x3C, 0x0F, 0x03, 0xC0, 0xF0,
    0x3C, 0x0F, 0x03, 0xC0, 0xF0, 0x3C, 0x0F, 0x03, 0xCE, 0xF7, 0xFD, 0xFF, 0x3B, 0xC0, 0xF0, 0x3C,
    0x0F, 0x03, 0xC0, 0xF0, 0x3E, 0x07, 0xC0, 0xF0, 0x0F, 0x00, 0x03, 0xC0, 0x00, 0xF0, 0x00, 0x3C,
    0x00, 0x0F, 0x00, 0x03, 0xC0, 0x00, 0xF2, 0x00, 0x3F, 0xC0, 0x0F, 0xF0, 0x03, 0xF8, 0x03, 0xF0,
    0x01, 0xFC, 0x00, 0x7F, 0x00, 0x0B, 0xC0, 0x00, 0xF0, 0x00, 0x3C, 0x00, 0x0F, 0x00, 0x03, 0xC0,
    0x00, 0xFF, 0xFC, 0x3F, 0xFF, 0x0F, 0xFF, 0xC0, 0x1C, 0x1E, 0x0F, 0x07, 0x83, 0xC1, 0xE0, 0xF0,
    0x78, 0x3D, 0x1F, 0xCF, 0xEF, 0xCF, 0xC7, 0xE0, 0xF0, 0x78, 0x3C, 0x1E, 0x0F, 0x07, 0x81, 0xC0,
    0xF8, 0x7C, 0x1E, 0x00, 0x30, 0x00, 0x0E, 0x00, 0x07, 0x80, 0x03, 0xC0, 0x01, 0xE0, 0x00, 0x70,
    0x00, 0x00, 0x00, 0x00, 0x00, 0xF0, 0x01, 0xFE, 0x00, 0x7F, 0xC0, 0x1F, 0xF8, 0x07, 0xFE, 0x01,
    0xFF, 0xC0, 0x7F, 0x78, 0x1F, 0xCF, 0x07, 0xF3, 0xC1, 0xFC, 0x78, 0x7F, 0x0F, 0x1F, 0xC1, 0xE7,
    0xF0, 0x79, 0xFC, 0x0F, 0x7F, 0x01, 0xFF, 0xC0, 0x7F, 0xF0, 0x0F, 0xFC, 0x01, 0xFF, 0x00, 0x7F,
    0xC0, 0x0F, 0xF0, 0x01, 0xC0, 0x00, 0xC0, 0x07, 0x80, 0x3E, 0x00, 0xF0, 0x07, 0x80, 0x18, 0x00,
    0x00, 0x00, 0x00, 0xFF, 0xE3, 0xFF, 0xCF, 0x8F, 0xBC, 0x1E, 0xF0, 0x3F, 0xC0, 0xFF, 0x03, 0xFC,
    0x0F, 0xF0, 0x3F, 0xC0, 0xFF, 0x03, 0xFC, 0x0F, 0xF0, 0x3F, 0xC0, 0xFF, 0x03, 0xFC, 0x0F, 0xF0,
    0x01, 0xFE, 0x00, 0x7F, 0xC0, 0x1F, 0xF8, 0x07, 0xFE, 0x01, 0xFF, 0xC0, 0x7F, 0x78, 0x1F, 0xCF,
    0x07, 0xF3, 0xC1, 0xFC, 0x78, 0x7F, 0x0F, 0x1F, 0xC1, 0xE7, 0xF0, 0x79, 0xFC, 0x0F, 0x7F, 0x01,
    0xFF, 0xC0, 0x7F, 0xF0, 0x0F, 0xFC, 0x01, 0xFF, 0x00, 0x7F, 0xC0, 0x0F, 0xF0, 0x01, 0xC0, 0x00,
    0x00, 0x00, 0x00, 0x03, 0x80, 0x01, 0xE0, 0x00, 0xF8, 0x00, 0x3C, 0x00, 0xFF, 0xE3, 0xFF, 0xCF,
    0x8F, 0xBC, 0x1E, 0xF0, 0x3F, 0xC0, 0xFF, 0x03, 0xFC, 0x0F, 0xF0, 0x3F, 0xC0, 0xFF, 0x03, 0xFC,
    0x0F, 0xF0, 0x3F, 0xC0, 0xFF, 0x03, 0xFC, 0x0F, 0x00, 0x00, 0x00, 0x00, 0x78, 0x01, 0xE0, 0x1F,
    0x00, 0x7C, 0x00, 0x06, 0x18, 0x01, 0xCF, 0x00, 0x3F, 0x80, 0x07, 0xC0, 0x01, 0xE0, 0x00, 0x30,
    0x00, 0x00, 0x00, 0x00, 0x00, 0xF0, 0x01, 0xFE, 0x00, 0x7F, 0xC0, 0x1F, 0xF8, 0x07, 0xFE, 0x01,
    0xFF, 0xC0, 0x7F, 0x78, 0x1F, 0xCF, 0x07, 0xF3, 0xC1, 0xFC, 0x78, 0x7F, 0x0F, 0x1F, 0xC1, 0xE7,
    0xF0, 0x79, 0xFC, 0x0F, 0x7F, 0x01, 0xFF, 0xC0, 0x7F, 0xF0, 0x0F, 0xFC, 0x01, 0xFF, 0x00, 0x7F,
    0xC0, 0x0F, 0xF0, 0x01, 0xC0, 0x18, 0x60, 0x73, 0x81, 0xFE, 0x03, 0xF0, 0x07, 0x80, 0x0C, 0x00,
    0x00, 0x00, 0x00, 0xFF, 0xE3, 0xFF, 0xCF, 0x8F, 0xBC, 0x1E, 0xF0, 0x3F, 0xC0, 0xFF, 0x03, 0xFC,
    0x0F, 0xF0, 0x3F, 0xC0, 0xFF, 0x03, 0xFC, 0x0F, 0xF0, 0x3F, 0xC0, 0xFF, 0x03, 0xFC, 0x0F, 0x78,
    0x00, 0x78, 0x00, 0x70, 0x00, 0x70, 0x00, 0x70, 0x00, 0xE0, 0x00, 0xE0, 0x00, 0x00, 0x00, 0x3F,
    0xF8, 0x3F, 0xFC, 0x3E, 0x3E, 0x3C, 0x1E, 0x3C, 0x0F, 0x3C, 0x0F, 0x3C, 0x0F, 0x3C, 0x0F, 0x3C,
    0x0F, 0x3C, 0x0F, 0x3C, 0x0F, 0x3C, 0x0F, 0x3C, 0x0F, 0x3C, 0x0F, 0x3C, 0x0F, 0x3C, 0x0F, 0xF0,
    0x01, 0xFE, 0x00, 0x7F, 0xC0, 0x1F, 0xF8, 0x07, 0xFE, 0x01, 0xFF, 0xC0, 0x7F, 0x78, 0x1F, 0xCF,
    0x07, 0xF3, 0xC1, 0xFC, 0x78, 0x7F, 0x0F, 0x1F, 0xC1, 0xE7, 0xF0, 0x39, 0xFC, 0x0F, 0x7F, 0x01,
    0xFF, 0xC0, 0x3F, 0xF0, 0x0F, 0xFC, 0x01, 0xFF, 0x00, 0x3F, 0xC0, 0x0F, 0xF0, 0x01, 0xC0, 0x00,
    0x70, 0x00, 0x3C, 0x00, 0x0F, 0x00, 0x1F, 0xC0, 0x07, 0xE0, 0xFF, 0xE3, 0xFF, 0xCF, 0x8F, 0xBC,
    0x1E, 0xF0, 0x3F, 0xC0, 0xFF, 0x03, 0xFC, 0x0F, 0xF0, 0x3F, 0xC0, 0xFF, 0x03, 0xFC, 0x0F, 0xF0,
    0x3F, 0xC0, 0xFF, 0x03, 0xFC, 0x0F, 0x00, 0x3C, 0x00, 0xF0, 0x03, 0xC0, 0x1E, 0x01, 0xF8, 0x07,
    0xC0, 0x03, 0xFF, 0x00, 0x0F, 0xFC, 0x00, 0x00, 0x00, 0x00, 0x00, 0x00, 0x00, 0x00, 0x00, 0x00,
    0x00, 0x00, 0x1F, 0xE0, 0x01, 0xFF, 0xE0, 0x0F, 0xFF, 0xE0, 0x7F, 0x3F, 0x83, 0xE0, 0x1F, 0x1F,
    0x00, 0x3E, 0x78, 0x00, 0x79, 0xE0, 0x01, 0xE7, 0x80, 0x03, 0xDC, 0x00, 0x0F, 0xF0, 0x00, 0x3D,
    0xC0, 0x00, 0xF7, 0x80, 0x03, 0xDE, 0x00, 0x1E, 0x78, 0x00, 0x79, 0xF0, 0x03, 0xE3, 0xE0, 0x1F,
    0x07, 0xF3, 0xF8, 0x0F, 0xFF, 0xE0, 0x1F, 0xFE, 0x00, 0x1F, 0xF0, 0x00, 0x1F, 0xF8, 0x1F, 0xF8,
    0x00, 0x00, 0x00, 0x00, 0x00, 0x00, 0x00, 0x00, 0x0F, 0xF0, 0x1F, 0xF8, 0x3E, 0x7C, 0x78, 0x1E,
    0x78, 0x0E, 0x70, 0x0F, 0xF0, 0x0F, 0xF0, 0x0F, 0xF0, 0x0F, 0xF0, 0x0F, 0x70, 0x0F, 0x78, 0x0E,
    0x78, 0x1E, 0x3E, 0x7C, 0x1F, 0xF8, 0x0F, 0xF0, 0x01, 0x87, 0x00, 0x07, 0x38, 0x00, 0x1F, 0xE0,
    0x00, 0x3F, 0x00, 0x00, 0x00, 0x00, 0x00, 0x00, 0x00, 0x00, 0x00, 0x00, 0x7F, 0x80, 0x07, 0xFF,
    0x80, 0x3F, 0xFF, 0x81, 0xFC, 0xFE, 0x0F, 0x80, 0x7C, 0x7C, 0x00, 0xF9, 0xE0, 0x01, 0xE7, 0x80,
    0x07, 0x9E, 0x00, 0x0F, 0x70, 0x00, 0x3F, 0xC0, 0x00, 0xF7, 0x00, 0x03, 0xDE, 0x00, 0x0F, 0x78,
    0x00, 0x79, 0xE0, 0x01, 0xE7, 0xC0, 0x0F, 0x8F, 0x80, 0x7C, 0x1F, 0xCF, 0xE0, 0x3F, 0xFF, 0x80,
    0x7F, 0xF8, 0x00, 0x7F, 0xC0, 0x0C, 0x38, 0x0E, 0x70, 0x0F, 0xF0, 0x07, 0xE0, 0x00, 0x00, 0x00,
    0x00, 0x00, 0x00, 0x0F, 0xF0, 0x1F, 0xF8, 0x3E, 0x7C, 0x78, 0x1E, 0x78, 0x0E, 0x70, 0x0F, 0xF0,
    0x0F, 0xF0, 0x0F, 0xF0, 0x0F, 0xF0, 0x0F, 0x70, 0x0F, 0x78, 0x0E, 0x78, 0x1E, 0x3E, 0x7C, 0x1F,
    0xF8, 0x0F, 0xF0, 0x00, 0x31, 0x80, 0x01, 0xCF, 0x00, 0x0F, 0x3C, 0x00, 0x3D, 0xE0, 0x01, 0xEF,
    0x00, 0x07, 0x38, 0x00, 0x00, 0x00, 0x00, 0x00, 0x00, 0x01, 0xFE, 0x00, 0x1F, 0xFE, 0x00, 0xFF,
    0xFE, 0x07, 0xF3, 0xF8, 0x3E, 0x01, 0xF1, 0xF0, 0x03, 0xE7, 0x80, 0x07, 0x9E, 0x00, 0x1E, 0x78,
    0x00, 0x3D, 0xC0, 0x00, 0xFF, 0x00, 0x03, 0xDC, 0x00, 0x0F, 0x78, 0x00, 0x3D, 0xE0, 0x01, 0xE7,
    0x80, 0x07, 0x9F, 0x00, 0x3E, 0x3E, 0x01, 0xF0, 0x7F, 0x3F, 0x80, 0xFF, 0xFE, 0x01, 0xFF, 0xE0,
    0x01, 0xFF, 0x00, 0x01, 0x8C, 0x03, 0xDE, 0x03, 0xDE, 0x07, 0xBC, 0x0F, 0x78, 0x0E, 0x70, 0x00,
    0x00, 0x00, 0x00, 0x0F, 0xF0, 0x1F, 0xF8, 0x3E, 0x7C, 0x78, 0x1E, 0x78, 0x0E, 0x70, 0x0F, 0xF0,
    0x0F, 0xF0, 0x0F, 0xF0, 0x0F, 0xF0, 0x0F, 0x70, 0x0F, 0x78, 0x0E, 0x78, 0x1E, 0x3E, 0x7C, 0x1F,
    0xF8, 0x0F, 0xF0, 0x01, 0xFF, 0xFF, 0xF0, 0x3F, 0xFF, 0xFF, 0x83, 0xFF, 0xFF, 0xFC, 0x3F, 0xC3,
    0xC0, 0x03, 0xF0, 0x1E, 0x00, 0x1E, 0x00, 0xF0, 0x01, 0xE0, 0x07, 0x80, 0x0F, 0x00, 0x3C, 0x00,
    0x78, 0x01, 0xFF, 0xE3, 0x80, 0x0F, 0xFF, 0x3C, 0x00, 0x7F, 0xF8, 0xE0, 0x03, 0xC0, 0x07, 0x80,
    0x1E, 0x00, 0x3C, 0x00, 0xF0, 0x01, 0xE0, 0x07, 0x80, 0x0F, 0x80, 0x3C, 0x00, 0x3F, 0x01, 0xE0,
    0x00, 0xFF, 0x0F, 0x00, 0x03, 0xFF, 0xFF, 0xFE, 0x0F, 0xFF, 0xFF, 0xF0, 0x1F, 0xFF, 0xFF, 0x80,
    0x0F, 0xF0, 0x7F, 0x03, 0xFF, 0x3F, 0xF0, 0xF9, 0xFF, 0x9F, 0x3C, 0x0F, 0xC1, 0xE7, 0x80, 0xF8,
    0x1E, 0xE0, 0x1E, 0x03, 0xFC, 0x03, 0xC0, 0x7F, 0x80, 0x7F, 0xFF, 0xF0, 0x0F, 0xFF, 0xFE, 0x01,
    0xE0, 0x01, 0xC0, 0x3C, 0x00, 0x3C, 0x07, 0xC0, 0x07, 0x81, 0xF8, 0x00, 0x7C, 0xFF, 0xE3, 0x87,
    0xFE, 0x7F, 0xF0, 0x7F, 0x83, 0xFC, 0x00, 0xC0, 0x00, 0xF0, 0x00, 0x78, 0x00, 0x78, 0x00, 0x78,
    0x00, 0x38, 0x00, 0x00, 0x00, 0x00, 0x00, 0xFF, 0xF0, 0x7F, 0xFE, 0x3F, 0xFF, 0x9E, 0x1F, 0xCF,
    0x01, 0xF7, 0x80, 0x7B, 0xC0, 0x3D, 0xE0, 0x1E, 0xF0, 0x1F, 0x78, 0x7F, 0x3F, 0xFF, 0x9F, 0xFF,
    0x8F, 0xFF, 0x07, 0x87, 0x83, 0xC1, 0xE1, 0xE0, 0x78, 0xF0, 0x3E, 0x78, 0x0F, 0x3C, 0x03, 0xDE,
    0x01, 0xFF, 0x00, 0x78, 0x03, 0x01, 0xE0, 0x78, 0x3C, 0x1E, 0x07, 0x00, 0x00, 0x00, 0x7F, 0xFF,
    0xFF, 0x8B, 0xC0, 0xF0, 0x3C, 0x0F, 0x03, 0xC0, 0xF0, 0x3C, 0x0F, 0x03, 0xC0, 0xF0, 0x3C, 0x0F,
    0x03, 0xC0, 0xFF, 0xF0, 0x7F, 0xFE, 0x3F, 0xFF, 0x9E, 0x1F, 0xCF, 0x01, 0xF7, 0x80, 0x7B, 0xC0,
    0x3D, 0xE0, 0x1E, 0xF0, 0x1F, 0x78, 0x7F, 0x3F, 0xFF, 0x9F, 0xFF, 0x8F, 0xFF, 0x07, 0x87, 0x83,
    0xC1, 0xE1, 0xE0, 0x78, 0xF0, 0x3E, 0x78, 0x0F, 0x3C, 0x03, 0xDE, 0x01, 0xFF, 0x00, 0x78, 0x00,
    0x00, 0x00, 0x00, 0x07, 0x80, 0x03, 0xC0, 0x07, 0xE0, 0x01, 0xE0, 0x00, 0x1F, 0xF3, 0xFF, 0x3E,
    0x23, 0xC0, 0x3C, 0x03, 0xC0, 0x3C, 0x03, 0xC0, 0x3C, 0x03, 0xC0, 0x3C, 0x03, 0xC0, 0x3C, 0x03,
    0xC0, 0x3C, 0x03, 0xC0, 0x00, 0x00, 0x00, 0x3C, 0x03, 0xC0, 0xF8, 0x0F, 0x00, 0x18, 0x60, 0x0E,
    0x70, 0x07, 0xF8, 0x01, 0xF8, 0x00, 0x78, 0x00, 0x18, 0x00, 0x00, 0x00, 0x00, 0x00, 0xFF, 0xF0,
    0x7F, 0xFE, 0x3F, 0xFF, 0x9E, 0x1F, 0xCF, 0x01, 0xF7, 0x80, 0x7B, 0xC0, 0x3D, 0xE0, 0x1E, 0xF0,
    0x1F, 0x78, 0x7F, 0x3F, 0xFF, 0x9F, 0xFF, 0x8F, 0xFF, 0x07, 0x87, 0x83, 0xC1, 0xE1, 0xE0, 0x78,
    0xF0, 0x3E, 0x78, 0x0F, 0x3C, 0x03, 0xDE, 0x01, 0xFF, 0x00, 0x78, 0x61, 0x9C, 0xE7, 0xF8, 0xFC,
    0x1E, 0x03, 0x00, 0x00, 0x00, 0x7F, 0xFF, 0xFF, 0x8B, 0xC0, 0xF0, 0x3C, 0x0F, 0x03, 0xC0, 0xF0,
    0x3C, 0x0F, 0x03, 0xC0, 0xF0, 0x3C, 0x0F, 0x03, 0xC0, 0x00, 0x40, 0x01, 0xC0, 0x07, 0x80, 0x1E,
    0x00, 0x78, 0x00, 0x60, 0x00, 0x00, 0x00, 0x00, 0x1F, 0xF8, 0x7F, 0xF9, 0xFF, 0xF3, 0xE3, 0xCF,
    0x00, 0x1E, 0x00, 0x3C, 0x00, 0x3E, 0x00, 0x7F, 0x00, 0x7F, 0xC0, 0x7F, 0xE0, 0x1F, 0xE0, 0x07,
    0xC0, 0x07, 0xC0, 0x07, 0x80, 0x0F, 0x40, 0x1F, 0xF1, 0xFB, 0xFF, 0xF7, 0xFF, 0xC7, 0xFE, 0x00,
    0x01, 0x80, 0x3C, 0x07, 0xC0, 0x78, 0x0F, 0x00, 0xC0, 0x00, 0x00, 0x00, 0x1F, 0xE7, 0xFE, 0x78,
    0xEF, 0x00, 0xF0, 0x0F, 0x80, 0x7E, 0x07, 0xFC, 0x3F, 0xE0, 0x7F, 0x00, 0xF0, 0x0F, 0x00, 0xFE,
    0x1F, 0xFF, 0xEF, 0xFC, 0x01, 0x80, 0x07, 0x00, 0x1F, 0x00, 0x7F, 0x01, 0xE7, 0x01, 0x84, 0x00,
    0x00, 0x00, 0x00, 0x1F, 0xF8, 0x7F, 0xF9, 0xFF, 0xF3, 0xE3, 0xCF, 0x00, 0x1E, 0x00, 0x3C, 0x00,
    0x3E, 0x00, 0x7F, 0x00, 0x7F, 0xC0, 0x7F, 0xE0, 0x1F, 0xE0, 0x07, 0xC0, 0x07, 0xC0, 0x07, 0x80,
    0x0F, 0x40, 0x1F, 0xF1, 0xFB, 0xFF, 0xF7, 0xFF, 0xC7, 0xFE, 0x00, 0x06, 0x00, 0xF0, 0x1F, 0x83,
    0xFC, 0x39, 0xC3, 0x0C, 0x00, 0x00, 0x00, 0x1F, 0xE7, 0xFE, 0x78, 0xEF, 0x00, 0xF0, 0x0F, 0x80,
    0x7E, 0x07, 0xFC, 0x3F, 0xE0, 0x7F, 0x00, 0xF0, 0x0F, 0x00, 0xFE, 0x1F, 0xFF, 0xEF, 0xFC, 0x1F,
    0xF8, 0x7F, 0xF9, 0xFF, 0xF3, 0xE3, 0xCF, 0x00, 0x1E, 0x00, 0x3C, 0x00, 0x3E, 0x00, 0x7F, 0x00,
    0x7F, 0xC0, 0x7F, 0xE0, 0x1F, 0xE0, 0x07, 0xC0, 0x07, 0xC0, 0x07, 0x80, 0x0F, 0x40, 0x1F, 0xF1,
    0xFB, 0xFF, 0xF7, 0xFF, 0xC7, 0xFE, 0x00, 0x60, 0x01, 0xE0, 0x01, 0xE0, 0x0B, 0xC0, 0x1F, 0x80,
    0x3E, 0x00, 0x1F, 0xE7, 0xFE, 0x78, 0xEF, 0x00, 0xF0, 0x0F, 0x80, 0xFE, 0x07, 0xFC, 0x3F, 0xE0,
    0x7F, 0x00, 0xF0, 0x0F, 0x00, 0xFE, 0x1F, 0xFF, 0xEF, 0xFC, 0x0E, 0x00, 0xF0, 0x0F, 0x00, 0x70,
    0x3F, 0x03, 0xF0, 0x0C, 0x20, 0x3C, 0xE0, 0x3F, 0x80, 0x3E, 0x00, 0x38, 0x00, 0x30, 0x00, 0x00,
    0x00, 0x00, 0x1F, 0xF8, 0x7F, 0xF9, 0xFF, 0xF3, 0xE3, 0xCF, 0x00, 0x1E, 0x00, 0x3C, 0x00, 0x3E,
    0x00, 0x7F, 0x00, 0x7F, 0xC0, 0x7F, 0xE0, 0x1F, 0xE0, 0x07, 0xC0, 0x07, 0xC0, 0x07, 0x80, 0x0F,
    0x40, 0x1F, 0xF1, 0xFB, 0xFF, 0xF7, 0xFF, 0xC7, 0xFE, 0x00, 0x30, 0xC3, 0x9C, 0x3F, 0xC1, 0xF8,
    0x0F, 0x00, 0x60, 0x00, 0x00, 0x00, 0x1F, 0xE7, 0xFE, 0x78, 0xEF, 0x00, 0xF0, 0x0F, 0x80, 0x7E,
    0x07, 0xFC, 0x3F, 0xE0, 0x7F, 0x00, 0xF0, 0x0F, 0x00, 0xFE, 0x1F, 0xFF, 0xEF, 0xFC, 0xFF, 0xFF,
    0xBF, 0xFF, 0xEF, 0xFF, 0xF8, 0x07, 0x80, 0x01, 0xE0, 0x00, 0x78, 0x00, 0x1E, 0x00, 0x07, 0x80,
    0x01, 0xE0, 0x00, 0x78, 0x00, 0x1E, 0x00, 0x07, 0x80, 0x01, 0xE0, 0x00, 0x78, 0x00, 0x1E, 0x00,
    0x07, 0x80, 0x01, 0xE0, 0x00, 0x78, 0x00, 0x1E, 0x00, 0x07, 0x80, 0x01, 0xE0, 0x00, 0x70, 0x00,
    0x1C, 0x00, 0x07, 0x80, 0x04, 0xE0, 0x01, 0xF8, 0x00, 0x7C, 0x00, 0xF0, 0x3C, 0x0F, 0x03, 0xC0,
    0xF0, 0x3F, 0xFF, 0xFF, 0xC0, 0xF0, 0x3C, 0x0F, 0x03, 0xC0, 0xF0, 0x3C, 0x0F, 0x03, 0xC0, 0xF0,
    0x3C, 0x07, 0x8D, 0xFF, 0x3F, 0xC3, 0x80, 0xF0, 0x3C, 0x27, 0x0F, 0xC3, 0xE0, 0x06, 0x18, 0x03,
    0xCE, 0x00, 0x7F, 0x00, 0x0F, 0xC0, 0x01, 0xE0, 0x00, 0x30, 0x00, 0x00, 0x00, 0x00, 0x00, 0xFF,
    0xFF, 0xBF, 0xFF, 0xEF, 0xFF, 0xF8, 0x07, 0x80, 0x01, 0xE0, 0x00, 0x78, 0x00, 0x1E, 0x00, 0x07,
    0x80, 0x01, 0xE0, 0x00, 0x78, 0x00, 0x1E, 0x00, 0x07, 0x80, 0x01, 0xE0, 0x00, 0x78, 0x00, 0x1E,
    0x00, 0x07, 0x80, 0x01, 0xE0, 0x00, 0x78, 0x00, 0x1E, 0x00, 0x07, 0x80, 0x01, 0xE0, 0x00, 0x07,
    0x01, 0xC0, 0x73, 0xDC, 0xF7, 0x3D, 0xCF, 0x03, 0xC0, 0xFF, 0xFF, 0xFF, 0x03, 0xC0, 0xF0, 0x3C,
    0x0F, 0x03, 0xC0, 0xF0, 0x3C, 0x0F, 0x03, 0xC0, 0xF0, 0x1E, 0x37, 0xFC, 0xFF, 0xFF, 0xFF, 0xBF,
    0xFF, 0xEF, 0xFF, 0xF8, 0x07, 0x80, 0x01, 0xE0, 0x00, 0x78, 0x00, 0x1E, 0x00, 0x07, 0x80, 0x01,
    0xE0, 0x00, 0x78, 0x01, 0xFF, 0xE0, 0x7F, 0xF8, 0x01, 0xE0, 0x00, 0x78, 0x00, 0x1E, 0x00, 0x07,
    0x80, 0x01, 0xE0, 0x00, 0x78, 0x00, 0x1E, 0x00, 0x07, 0x80, 0x01, 0xE0, 0x00, 0xF0, 0x3C, 0x0F,
    0x03, 0xC0, 0xF0, 0x3F, 0xFF, 0xFF, 0xC0, 0xF0, 0x3C, 0x0F, 0x03, 0xFF, 0xFF, 0xFC, 0x0F, 0x03,
    0xC0, 0xF0, 0x3C, 0x07, 0x8D, 0xFF, 0x3F, 0xC0, 0x07, 0xDC, 0x07, 0xFE, 0x07, 0x7E, 0x00, 0x00,
    0x00, 0x00, 0x00, 0x00, 0x03, 0xC0, 0x1F, 0xE0, 0x0F, 0xF0, 0x07, 0xF8, 0x03, 0xFC, 0x01, 0xFE,
    0x00, 0xFF, 0x00, 0x7F, 0x80, 0x3F, 0xC0, 0x1F, 0xE0, 0x0F, 0xF0, 0x07, 0xF8, 0x03, 0xFC, 0x01,
    0xFE, 0x00, 0xFF, 0x00, 0x7F, 0xC0, 0x3D, 0xE0, 0x3E, 0xFC, 0x7E, 0x3F, 0xFE, 0x0F, 0xFE, 0x03,
    0xFE, 0x00, 0x1F, 0x70, 0xFF, 0xC3, 0x3E, 0x00, 0x00, 0x00, 0x00, 0x00, 0x0F, 0x03, 0xFC, 0x0F,
    0xF0, 0x3F, 0xC0, 0xFF, 0x03, 0xFC, 0x0F, 0xF0, 0x3F, 0xC0, 0xFF, 0x03, 0xFC, 0x0F, 0xF0, 0x3F,
    0xC0, 0xF7, 0x03, 0xDF, 0x1F, 0x3F, 0xFC, 0x7F, 0xE0, 0x0F, 0xF8, 0x07, 0xFC, 0x00, 0x00, 0x00,
    0x00, 0x00, 0x00, 0x00, 0x00, 0x03, 0xC0, 0x1F, 0xE0, 0x0F, 0xF0, 0x07, 0xF8, 0x03, 0xFC, 0x01,
    0xFE, 0x00, 0xFF, 0x00, 0x7F, 0x80, 0x3F, 0xC0, 0x1F, 0xE0, 0x0F, 0xF0, 0x07, 0xF8, 0x03, 0xFC,
    0x01, 0xFE, 0x00, 0xFF, 0x00, 0x7F, 0xC0, 0x3D, 0xE0, 0x3E, 0xFC, 0x7E, 0x3F, 0xFE, 0x0F, 0xFE,
    0x03, 0xFE, 0x00, 0x3F, 0xF0, 0xFF, 0xC0, 0x00, 0x00, 0x00, 0x00, 0x00, 0x00, 0x0F, 0x03, 0xFC,
    0x0F, 0xF0, 0x3F, 0xC0, 0xFF, 0x03, 0xFC, 0x0F, 0xF0, 0x3F, 0xC0, 0xFF, 0x03, 0xFC, 0x0F, 0xF0,
    0x3F, 0xC0, 0xF7, 0x03, 0xDF, 0x1F, 0x3F, 0xFC, 0x7F, 0xE0, 0x0E, 0x38, 0x07, 0xBC, 0x01, 0xFC,
    0x00, 0x7C, 0x00, 0x00, 0x00, 0x00, 0x00, 0x00, 0x01, 0xE0, 0x0F, 0xF0, 0x07, 0xF8, 0x03, 0xFC,
    0x01, 0xFE, 0x00, 0xFF, 0x00, 0x7F, 0x80, 0x3F, 0xC0, 0x1F, 0xE0, 0x0F, 0xF0, 0x07, 0xF8, 0x03,
    0xFC, 0x01, 0xFE, 0x00, 0xFF, 0x00, 0x7F, 0x80, 0x3F, 0xE0, 0x1E, 0xF0, 0x1F, 0x7E, 0x3F, 0x1F,
    0xFF, 0x07, 0xFF, 0x01, 0xFF, 0x00, 0x38, 0x60, 0x73, 0x81, 0xFE, 0x03, 0xF0, 0x00, 0x00, 0x00,
    0x00, 0x00, 0x3C, 0x0F, 0xF0, 0x3F, 0xC0, 0xFF, 0x03, 0xFC, 0x0F, 0xF0, 0x3F, 0xC0, 0xFF, 0x03,
    0xFC, 0x0F, 0xF0, 0x3F, 0xC0, 0xFF, 0x03, 0xDC, 0x0F, 0x7C, 0x7C, 0xFF, 0xF1, 0xFF, 0x80, 0x03,
    0xE0, 0x01, 0xB8, 0x01, 0x8C, 0x00, 0xC6, 0x00, 0x37, 0x00, 0x1F, 0x00, 0x00, 0x00, 0x00, 0x00,
    0xF0, 0x07, 0xF8, 0x03, 0xFC, 0x01, 0xFE, 0x00, 0xFF, 0x00, 0x7F, 0x80, 0x3F, 0xC0, 0x1F, 0xE0,
    0x0F, 0xF0, 0x07, 0xF8, 0x03, 0xFC, 0x01, 0xFE, 0x00, 0xFF, 0x00, 0x7F, 0x80, 0x3F, 0xC0, 0x1F,
    0xF0, 0x0F, 0x78, 0x0F, 0xBF, 0x1F, 0x8F, 0xFF, 0x83, 0xFF, 0x80, 0xFF, 0x80, 0x0F, 0x80, 0x37,
    0x01, 0xCC, 0x07, 0x30, 0x0D, 0xC0, 0x3E, 0x00, 0x00, 0x00, 0x00, 0xF0, 0x3F, 0xC0, 0xFF, 0x03,
    0xFC, 0x0F, 0xF0, 0x3F, 0xC0, 0xFF, 0x03, 0xFC, 0x0F, 0xF0, 0x3F, 0xC0, 0xFF, 0x03, 0xFC, 0x0F,
    0x70, 0x3D, 0xF1, 0xF3, 0xFF, 0xC7, 0xFE, 0x00, 0x84, 0x00, 0xE7, 0x00, 0xF7, 0x80, 0xF3, 0x80,
    0x73, 0x80, 0x31, 0x80, 0x00, 0x00, 0x00, 0x00, 0xF0, 0x07, 0xF8, 0x03, 0xFC, 0x01, 0xFE, 0x00,
    0xFF, 0x00, 0x7F, 0x80, 0x3F, 0xC0, 0x1F, 0xE0, 0x0F, 0xF0, 0x07, 0xF8, 0x03, 0xFC, 0x01, 0xFE,
    0x00, 0xFF, 0x00, 0x7F, 0x80, 0x3F, 0xC0, 0x1F, 0xF0, 0x0F, 0x78, 0x0F, 0xBF, 0x1F, 0x8F, 0xFF,
    0x83, 0xFF, 0x80, 0xFF, 0x80, 0x02, 0x10, 0x1C, 0xE0, 0xF7, 0x83, 0x9C, 0x1C, 0xE0, 0x63, 0x00,
    0x00, 0x00, 0x00, 0xF0, 0x3F, 0xC0, 0xFF, 0x03, 0xFC, 0x0F, 0xF0, 0x3F, 0xC0, 0xFF, 0x03, 0xFC,
    0x0F, 0xF0, 0x3F, 0xC0, 0xFF, 0x03, 0xFC, 0x0F, 0x70, 0x3D, 0xF1, 0xF3, 0xFF, 0xC7, 0xFE, 0xF0,
    0x07, 0xF8, 0x03, 0xFC, 0x01, 0xFE, 0x00, 0xFF, 0x00, 0x7F, 0x80, 0x3F, 0xC0, 0x1F, 0xE0, 0x0F,
    0xF0, 0x07, 0xF8, 0x03, 0xFC, 0x01, 0xFE, 0x00, 0xFF, 0x00, 0x7F, 0x80, 0x3F, 0xC0, 0x1F, 0xF0,
    0x0F, 0x78, 0x0F, 0x3F, 0x1F, 0x8F, 0xFF, 0x83, 0xFF, 0x80, 0xFF, 0x80, 0x07, 0x00, 0x07, 0x00,
    0x03, 0x80, 0x01, 0xF8, 0x00, 0x7C, 0x00, 0xF0, 0x3F, 0xC0, 0xFF, 0x03, 0xFC, 0x0F, 0xF0, 0x3F,
    0xC0, 0xFF, 0x03, 0xFC, 0x0F, 0xF0, 0x3F, 0xC0, 0xFF, 0x03, 0xFC, 0x0F, 0x70, 0x3D, 0xF1, 0xF3,
    0xFF, 0xC7, 0xFE, 0x00, 0x70, 0x03, 0x80, 0x0E, 0x00, 0x3F, 0x00, 0xFC, 0x00, 0x06, 0x00, 0x00,
    0x00, 0x70, 0x00, 0x00, 0x0F, 0x80, 0x00, 0x01, 0xFC, 0x00, 0x00, 0x39, 0xE0, 0x00, 0x03, 0x0C,
    0x00, 0x00, 0x00, 0x00, 0x00, 0x00, 0x00, 0x00, 0x70, 0x00, 0x00, 0xF7, 0x80, 0x00, 0x0F, 0x78,
    0x00, 0x00, 0xF7, 0x80, 0x70, 0x0F, 0x78, 0x0F, 0x80, 0xE3, 0x80, 0xF8, 0x1E, 0x3C, 0x0F, 0x81,
    0xE3, 0xC1, 0xFC, 0x1E, 0x3C, 0x1F, 0xC1, 0xE3, 0xC1, 0xDC, 0x1C, 0x1E, 0x3D, 0xE3, 0xC1, 0xE3,
    0x8E, 0x3C, 0x1E, 0x78, 0xE3, 0xC1, 0xE7, 0x8F, 0x38, 0x0E, 0x70, 0x77, 0x80, 0xFF, 0x07, 0xF8,
    0x0F, 0xE0, 0x7F, 0x00, 0x7E, 0x03, 0xF0, 0x07, 0xE0, 0x3F, 0x00, 0x7C, 0x01, 0xF0, 0x03, 0xC0,
    0x1E, 0x00, 0x00, 0x18, 0x00, 0x00, 0x3C, 0x00, 0x00, 0x7E, 0x00, 0x00, 0xFF, 0x00, 0x00, 0xE7,
    0x00, 0x00, 0xC3, 0x00, 0x00, 0x00, 0x00, 0x00, 0x00, 0x00, 0xF0, 0x3C, 0x0F, 0x70, 0x3C, 0x0E,
    0x78, 0x3C, 0x0E, 0x78, 0x3E, 0x1E, 0x78, 0x7E, 0x1E, 0x38, 0x7E, 0x1C, 0x3C, 0x7E, 0x3C, 0x3C,
    0x7F, 0x3C, 0x1C, 0xE7, 0x38, 0x1E, 0xE7, 0x38, 0x1E, 0xE7, 0xF8, 0x0F, 0xC3, 0xF0, 0x0F, 0xC3,
    0xF0, 0x0F, 0xC3, 0xF0, 0x07, 0x81, 0xE0, 0x07, 0x81, 0xE0, 0x00, 0xC0, 0x00, 0x3C, 0x00, 0x0F,
    0xC0, 0x01, 0xFC, 0x00, 0x73, 0xC0, 0x0C, 0x30, 0x00, 0x00, 0x00, 0x00, 0x00, 0xF0, 0x03, 0xCF,
    0x00, 0x79, 0xE0, 0x1E, 0x1E, 0x03, 0xC3, 0xC0, 0xF0, 0x3C, 0x1E, 0x07, 0xC7, 0x80, 0x79, 0xF0,
    0x07, 0xBC, 0x00, 0xFF, 0x00, 0x0F, 0xE0, 0x01, 0xF8, 0x00, 0x1E, 0x00, 0x03, 0xC0, 0x00, 0x78,
    0x00, 0x0F, 0x00, 0x01, 0xE0, 0x00, 0x3C, 0x00, 0x07, 0x80, 0x00, 0xF0, 0x00, 0x1E, 0x00, 0x01,
    0x80, 0x07, 0x80, 0x1F, 0x80, 0x7F, 0x80, 0xE7, 0x01, 0x86, 0x00, 0x00, 0x00, 0x00, 0xF0, 0x1E,
    0xE0, 0x3D, 0xE0, 0x7B, 0xC0, 0xE3, 0x83, 0xC7, 0x87, 0x8F, 0x0E, 0x0E, 0x1C, 0x1E, 0x78, 0x3C,
    0xE0, 0x3D, 0xC0, 0x7F, 0x80, 0x7E, 0x00, 0xFC, 0x00, 0xF8, 0x01, 0xE0, 0x03, 0xC0, 0x07, 0x00,
    0x1E, 0x06, 0xF8, 0x0F, 0xE0, 0x1F, 0x80, 0x00, 0x07, 0x1C, 0x01, 0xE7, 0x80, 0x3C, 0xF0, 0x03,
    0x8E, 0x00, 0x00, 0x00, 0x00, 0x00, 0x00, 0x00, 0x07, 0x80, 0x1E, 0x78, 0x03, 0xCF, 0x00, 0xF0,
    0xF0, 0x1E, 0x1E, 0x07, 0x81, 0xE0, 0xF0, 0x3E, 0x3C, 0x03, 0xCF, 0x80, 0x3D, 0xE0, 0x07, 0xF8,
    0x00, 0x7F, 0x00, 0x0F, 0xC0, 0x00, 0xF0, 0x00, 0x1E, 0x00, 0x03, 0xC0, 0x00, 0x78, 0x00, 0x0F,
    0x00, 0x01, 0xE0, 0x00, 0x3C, 0x00, 0x07, 0x80, 0x00, 0xF0, 0x00, 0x00, 0x60, 0x00, 0xF0, 0x00,
    0xF0, 0x01, 0xE0, 0x03, 0xC0, 0x03, 0x00, 0x00, 0x00, 0x00, 0x00, 0xFF, 0xFF, 0xFF, 0xFF, 0xFF,
    0xFF, 0x00, 0x3E, 0x00, 0x7C, 0x00, 0x78, 0x00, 0xF0, 0x01, 0xE0, 0x03, 0xE0, 0x03, 0xC0, 0x07,
    0x80, 0x0F, 0x00, 0x0F, 0x00, 0x1E, 0x00, 0x3C, 0x00, 0x3C, 0x00, 0x78, 0x00, 0xF0, 0x00, 0xFF,
    0xFF, 0xFF, 0xFF, 0xFF, 0xFF, 0x01, 0x80, 0x1E, 0x00, 0xF0, 0x0F, 0x00, 0xF0, 0x07, 0x00, 0x00,
    0x00, 0x00, 0xFF, 0xFF, 0xFF, 0xC0, 0x3C, 0x03, 0xC0, 0x3E, 0x01, 0xE0, 0x1E, 0x01, 0xE0, 0x0F,
    0x00, 0xF0, 0x0F, 0x00, 0x78, 0x07, 0x80, 0x78, 0x03, 0xFF, 0xFF, 0xFF, 0x03, 0xC0, 0x03, 0xC0,
    0x03, 0xC0, 0x03, 0xC0, 0x00, 0x00, 0x00, 0x00, 0x00, 0x00, 0xFF, 0xFF, 0xFF, 0xFF, 0xFF, 0xFF,
    0x00, 0x3E, 0x00, 0x7C, 0x00, 0x78, 0x00, 0xF0, 0x01, 0xE0, 0x03, 0xE0, 0x03, 0xC0, 0x07, 0x80,
    0x0F, 0x00, 0x0F, 0x00, 0x1E, 0x00, 0x3C, 0x00, 0x3C, 0x00, 0x78, 0x00, 0xF0, 0x00, 0xFF, 0xFF,
    0xFF, 0xFF, 0xFF, 0xFF, 0x0F, 0x00, 0x78, 0x03, 0xC0, 0x1E, 0x00, 0x00, 0x00, 0x00, 0x00, 0x1F,
    0xFF, 0xFF, 0xF8, 0x07, 0x80, 0x78, 0x07, 0xC0, 0x3C, 0x03, 0xC0, 0x3C, 0x01, 0xE0, 0x1E, 0x01,
    0xE0, 0x0F, 0x00, 0xF0, 0x0F, 0x00, 0x7F, 0xFF, 0xFF, 0xE0, 0x0C, 0x30, 0x0E, 0x70, 0x0F, 0xF0,
    0x07, 0xE0, 0x03, 0xC0, 0x01, 0x80, 0x00, 0x00, 0x00, 0x00, 0xFF, 0xFF, 0xFF, 0xFF, 0xFF, 0xFF,
    0x00, 0x3E, 0x00, 0x7C, 0x00, 0x78, 0x00, 0xF0, 0x01, 0xE0, 0x03, 0xE0, 0x03, 0xC0, 0x07, 0x80,
    0x0F, 0x00, 0x0F, 0x00, 0x1E, 0x00, 0x3C, 0x00, 0x3C, 0x00, 0x78, 0x00, 0xF0, 0x00, 0xFF, 0xFF,
    0xFF, 0xFF, 0xFF, 0xFF, 0x30, 0xC1, 0xCF, 0x0F, 0xF0, 0x3F, 0x00, 0xF0, 0x03, 0x00, 0x00, 0x00,
    0x00, 0xFF, 0xFF, 0xFF, 0xC0, 0x3C, 0x03, 0xC0, 0x3E, 0x01, 0xE0, 0x1E, 0x01, 0xE0, 0x0F, 0x00,
    0xF0, 0x0F, 0x00, 0x78, 0x07, 0x80, 0x78, 0x03, 0xFF, 0xFF, 0xFF, 0x1F, 0xC7, 0xF9, 0xF0, 0x38,
    0x0F, 0x01, 0xE0, 0x3C, 0x07, 0x80, 0xF0, 0x1E, 0x03, 0xC0, 0x78, 0x0F, 0x01, 0xE0, 0x3C, 0x07,
    0x80, 0xF0, 0x1E, 0x03, 0xC0, 0x78, 0x0F, 0x01, 0xE0, 0x3C, 0x00, 0x00, 0x00, 0x3C, 0x00, 0x00,
    0xF0, 0x00, 0x03, 0xC0, 0x7F, 0x8E, 0x07, 0xFF, 0xF8, 0x3F, 0xFF, 0xC1, 0xFC, 0xFE, 0x0F, 0x80,
    0x7C, 0x7C, 0x00, 0xF9, 0xE0, 0x01, 0xE7, 0x80, 0x07, 0x9E, 0x00, 0x0E, 0x70, 0x00, 0x3F, 0xC0,
    0x00, 0xF7, 0x00, 0x03, 0xDE, 0x00, 0x0F, 0x78, 0x00, 0x79, 0xE0, 0x01, 0xE7, 0xC0, 0x0F, 0x8F,
    0x80, 0x7C, 0x1F, 0xCF, 0xF0, 0x3F, 0xFF, 0x80, 0x7F, 0xF8, 0x00, 0x7F, 0xC0, 0x00, 0x03, 0x80,
    0x00, 0xE0, 0x00, 0x38, 0x3F, 0xDE, 0x1F, 0xFF, 0x8F, 0x9F, 0xC7, 0x81, 0xE1, 0xE0, 0x38, 0x70,
    0x0F, 0x3C, 0x03, 0xCF, 0x00, 0xF3, 0xC0, 0x3C, 0xF0, 0x0F, 0x1C, 0x03, 0xC7, 0x80, 0xE1, 0xE0,
    0x78, 0x3E, 0x7C, 0x07, 0xFE, 0x00, 0xFF, 0x00, 0x00, 0x00, 0x78, 0x00, 0x03, 0xC0, 0x00, 0x1F,
    0xE0, 0x0F, 0xEF, 0x00, 0x7E, 0x78, 0x03, 0xC3, 0xC0, 0x1E, 0x1E, 0x00, 0xF0, 0xF0, 0x07, 0x87,
    0x80, 0x3C, 0x3C, 0x01, 0xE1, 0xE0, 0x0F, 0x0F, 0x00, 0x78, 0x78, 0x03, 0xC3, 0xC0, 0x1E, 0x1E,
    0x00, 0xF0, 0xF0, 0x07, 0x87, 0x80, 0x3C, 0x3E, 0x01, 0xE0, 0xF0, 0x1F, 0x07, 0xE3, 0xF0, 0x1F,
    0xFF, 0x00, 0x7F, 0xF0, 0x01, 0xFF, 0x00, 0x00, 0x03, 0xC0, 0x00, 0xE0, 0x00, 0x7B, 0xC0, 0xFE,
    0xF0, 0x3F, 0x3C, 0x0F, 0x0F, 0x03, 0xC3, 0xC0, 0xF0, 0xF0, 0x3C, 0x3C, 0x0F, 0x0F, 0x03, 0xC3,
    0xC0, 0xF0, 0xF0, 0x3C, 0x3C, 0x0F, 0x0F, 0x03, 0xC1, 0xC0, 0xF0, 0x7C, 0x7C, 0x0F, 0xFF, 0x01,
    0xFF, 0x80, 0x00, 0x00, 0x00, 0x61, 0x80, 0x00, 0x00, 0x03, 0x9E, 0x00, 0x00, 0x00, 0x0F, 0xE0,
    0x00, 0x00, 0x00, 0x3E, 0x00, 0x00, 0x00, 0x01, 0xE0, 0x00, 0x00, 0x00, 0x06, 0x00, 0x00, 0x00,
    0x00, 0x00, 0x00, 0x00, 0x00, 0x00, 0x00, 0xFF, 0xF0, 0x07, 0xFF, 0xFF, 0xFF, 0xE0, 0x3F, 0xFF,
    0xFF, 0xFF, 0x81, 0xFF, 0xFF, 0xE1, 0xFE, 0x00, 0x01, 0xEF, 0x00, 0xF8, 0x00, 0x1E, 0x78, 0x03,
    0xE0, 0x01, 0xE3, 0xC0, 0x0F, 0x00, 0x1E, 0x1E, 0x00, 0x78, 0x01, 0xF0, 0xF0, 0x01, 0xE0, 0x0F,
    0x07, 0x80, 0x0F, 0x00, 0xF0, 0x3C, 0x00, 0x78, 0x0F, 0x01, 0xE0, 0x03, 0xC0, 0x78, 0x0F, 0x00,
    0x1E, 0x07, 0x80, 0x78, 0x01, 0xE0, 0x78, 0x03, 0xC0, 0x0F, 0x03, 0x80, 0x1E, 0x00, 0xF8, 0x3C,
    0x00, 0xF0, 0x0F, 0x83, 0xC0, 0x07, 0x83, 0xF8, 0x1C, 0x00, 0x3F, 0xFF, 0x81, 0xFF, 0xFF, 0xFF,
    0xF8, 0x0F, 0xFF, 0xFF, 0xFF, 0x00, 0x7F, 0xFF, 0x80, 0x00, 0x00, 0x01, 0x86, 0x00, 0x00, 0x00,
    0x73, 0xC0, 0x00, 0x00, 0x0F, 0xE3, 0xFF, 0xC0, 0x01, 0xF0, 0xFF, 0xFC, 0x00, 0x38, 0x3F, 0xFF,
    0x80, 0x0C, 0x0F, 0x0F, 0xF0, 0x00, 0x03, 0xC0, 0x3E, 0x00, 0x00, 0xF0, 0x07, 0xC7, 0xFF, 0xFC,
    0x00, 0xF1, 0xFF, 0xFF, 0x00, 0x3C, 0x00, 0x7B, 0xC0, 0x07, 0x80, 0x3E, 0xF0, 0x01, 0xE0, 0x1F,
    0x3C, 0x00, 0x78, 0x07, 0x8F, 0x00, 0x1E, 0x03, 0xC3, 0xC0, 0x07, 0x81, 0xF0, 0xF0, 0x03, 0xC0,
    0x78, 0x3C, 0x00, 0xF0, 0x3C, 0x0F, 0x00, 0x7C, 0x0E, 0x03, 0xC0, 0x3E, 0x07, 0x80, 0xF0, 0x7F,
    0x03, 0xC0, 0x3F, 0xFF, 0x80, 0xF0, 0x0F, 0xFF, 0xC0, 0x7F, 0xFF, 0xFF, 0xC0, 0x1F, 0xFF, 0x00,
    0x0E, 0x06, 0x10, 0x00, 0x1C, 0x1E, 0x70, 0x00, 0x38, 0x1F, 0xC0, 0x00, 0x70, 0x1F, 0x00, 0x00,
    0xE0, 0x1C, 0x00, 0x01, 0xC0, 0x10, 0x00, 0x03, 0x80, 0x00, 0x00, 0x07, 0x00, 0x00, 0x0F, 0xFE,
    0x1F, 0xFE, 0x3F, 0xFC, 0x3F, 0xFC, 0xF9, 0xF8, 0x00, 0xFB, 0xC0, 0xF0, 0x03, 0xE7, 0x80, 0xE0,
    0x07, 0x8E, 0x01, 0xC0, 0x1E, 0x3C, 0x03, 0x80, 0x78, 0x78, 0x07, 0x00, 0xF0, 0xF0, 0x0E, 0x03,
    0xC1, 0xE0, 0x1C, 0x0F, 0x01, 0xC0, 0x38, 0x1E, 0x03, 0xC0, 0x70, 0x78, 0x07, 0xC0, 0xE1, 0xE0,
    0x07, 0xE3, 0xC3, 0xC0, 0x07, 0xFF, 0x8F, 0xFF, 0x83, 0xFF, 0x1F, 0xFF, 0xF0, 0x00, 0x00, 0xFF,
    0x00, 0x00, 0x0F, 0xF0, 0x00, 0x00, 0xFF, 0x00, 0x00, 0x0F, 0xF0, 0x00, 0x00, 0xFF, 0x00, 0x00,
    0x0F, 0xF0, 0x00, 0x00, 0xFF, 0x00, 0x00, 0x0F, 0xF0, 0x00, 0x00, 0xFF, 0x00, 0x00, 0x0F, 0xF0,
    0x00, 0x00, 0xFF, 0x00, 0x00, 0x0F, 0xF0, 0x00, 0x00, 0xFF, 0x00, 0x00, 0x0F, 0xF0, 0x00, 0x00,
    0xFF, 0x00, 0x00, 0x0E, 0xF0, 0x01, 0x01, 0xEF, 0x00, 0x1E, 0x7E, 0xFF, 0xFF, 0xFF, 0xCF, 0xFF,
    0xFF, 0xFC, 0xFF, 0xFC, 0xFF, 0x00, 0x00, 0x00, 0xF0, 0x00, 0x0F, 0xF0, 0x00, 0x0F, 0x00, 0x00,
    0xF0, 0x00, 0x0F, 0x00, 0x00, 0xF0, 0x00, 0x0F, 0x00, 0x0F, 0xF0, 0x00, 0xFF, 0x00, 0x0F, 0xF0,
    0x00, 0xFF, 0x00, 0x0F, 0xF0, 0x00, 0xFF, 0x00, 0x0F, 0xF0, 0x00, 0xFF, 0x00, 0x0F, 0xF0, 0x00,
    0xFF, 0x00, 0x0F, 0xF0, 0x00, 0xFF, 0x00, 0x0F, 0xFF, 0xFC, 0xFF, 0xFF, 0xCF, 0xFF, 0xFC, 0xF0,
    0x00, 0x0F, 0x00, 0x00, 0xF0, 0x00, 0x0F, 0x00, 0x01, 0xE0, 0x00, 0xFE, 0x00, 0x0F, 0x80, 0xF0,
    0x07, 0x87, 0xFC, 0x3F, 0xE0, 0x0F, 0x00, 0x78, 0x03, 0xC0, 0x1E, 0x00, 0xF0, 0x77, 0x83, 0xBC,
    0x1D, 0xE0, 0xEF, 0x07, 0x78, 0x3B, 0xC1, 0xDE, 0x0E, 0xF0, 0x77, 0x83, 0xBC, 0x1D, 0xE0, 0xEF,
    0x07, 0x7C, 0x39, 0xF1, 0xC7, 0x8E, 0x00, 0x70, 0x03, 0x80, 0x3C, 0x03, 0xE0, 0xFE, 0x07, 0xE0,
    0xF0, 0x01, 0xC0, 0x03, 0xFE, 0x00, 0x70, 0x00, 0xFF, 0xC0, 0x1C, 0x00, 0x3F, 0xF8, 0x07, 0x00,
    0x0F, 0xFE, 0x01, 0xC0, 0x03, 0xFF, 0xC0, 0x70, 0x00, 0xFF, 0x78, 0x1C, 0x00, 0x3F, 0xCF, 0x07,
    0x00, 0x0F, 0xF3, 0xC1, 0xC0, 0x03, 0xFC, 0x78, 0x70, 0x00, 0xFF, 0x0F, 0x1C, 0x00, 0x3F, 0xC1,
    0xE7, 0x00, 0x0F, 0xF0, 0x79, 0xC0, 0x03, 0xFC, 0x0F, 0x70, 0x00, 0xFF, 0x01, 0xFC, 0x00, 0x3F,
    0xC0, 0x7F, 0x00, 0x0F, 0xF0, 0x0F, 0xC2, 0x03, 0xFC, 0x01, 0xF1, 0xE3, 0xEF, 0x00, 0x7C, 0x7F,
    0xFB, 0xC0, 0x0F, 0x1F, 0xFC, 0xF0, 0x01, 0xC3, 0xFE, 0x00, 0x00, 0x00, 0x01, 0xE0, 0x00, 0x00,
    0x3F, 0xC0, 0x07, 0x00, 0x7C, 0x00, 0xE0, 0x0F, 0xC0, 0x1C, 0x01, 0xFC, 0x03, 0x80, 0x3F, 0x80,
    0x70, 0x07, 0xF8, 0x0E, 0x0E, 0xF7, 0x81, 0xC1, 0xDE, 0x78, 0x38, 0x3B, 0xCF, 0x07, 0x07, 0x78,
    0xF0, 0xE0, 0xEF, 0x0F, 0x1C, 0x1D, 0xE0, 0xF3, 0x83, 0xBC, 0x1E, 0x70, 0x77, 0x81, 0xEE, 0x0E,
    0xF0, 0x1F, 0xC1, 0xDE, 0x03, 0xF8, 0x3B, 0xC0, 0x3F, 0x07, 0x78, 0x03, 0xE0, 0xEF, 0x00, 0x7C,
    0x1D, 0xE0, 0x07, 0x83, 0xBC, 0x00, 0x70, 0x70, 0x00, 0x00, 0x0E, 0x00, 0x00, 0x01, 0xC0, 0x00,
    0x00, 0x78, 0x00, 0x00, 0x1F, 0x00, 0x00, 0x1F, 0xC0, 0x00, 0x03, 0xF0, 0x00, 0x00, 0x3C, 0x00,
    0x00, 0xF0, 0x00, 0x00, 0x00, 0x00, 0x00, 0x00, 0x00, 0x00, 0x00, 0x00, 0x00, 0x00, 0x00, 0x3F,
    0xF8, 0x0F, 0xFF, 0xF0, 0x3F, 0xE3, 0xE0, 0xFF, 0x07, 0x83, 0xFC, 0x0F, 0x0F, 0xF0, 0x3C, 0x3F,
    0xC0, 0xF0, 0xFF, 0x03, 0xC3, 0xFC, 0x0F, 0x0F, 0xF0, 0x3C, 0x3F, 0xC0, 0xF0, 0xFF, 0x03, 0xC3,
    0xFC, 0x0F, 0x0F, 0xF0, 0x3C, 0x3F, 0xC0, 0xF0, 0xFF, 0x03, 0xC3, 0xC0, 0x00, 0x0F, 0x00, 0x00,
    0x3C, 0x00, 0x00, 0xE0, 0x00, 0x0F, 0x80, 0x00, 0xFC, 0x00, 0x03, 0xE0, 0x03, 0x0C, 0x00, 0x1C,
    0xF0, 0x00, 0x7F, 0x00, 0x03, 0xF0, 0x00, 0x0F, 0x00, 0x00, 0x30, 0x00, 0x00, 0x00, 0x00, 0x00,
    0x00, 0x00, 0xF0, 0x00, 0x07, 0xC0, 0x00, 0x7E, 0x00, 0x03, 0xF8, 0x00, 0x3F, 0xC0, 0x01, 0xEF,
    0x00, 0x1E, 0x78, 0x00, 0xF1, 0xC0, 0x07, 0x0F, 0x00, 0x78, 0x78, 0x03, 0xC1, 0xE0, 0x3C, 0x0F,
    0x01, 0xE0, 0x38, 0x0F, 0xFF, 0xE0, 0xFF, 0xFF, 0x07, 0xFF, 0xFC, 0x3C, 0x01, 0xE3, 0xC0, 0x0F,
    0x1E, 0x00, 0x3D, 0xE0, 0x01, 0xEF, 0x00, 0x0F, 0x80, 0x18, 0x60, 0xE7, 0x07, 0xF8, 0x1F, 0x80,
    0x78, 0x01, 0x80, 0x00, 0x00, 0x00, 0x3F, 0xE1, 0xFF, 0x8E, 0x7E, 0x00, 0xF0, 0x07, 0x80, 0x1C,
    0x00, 0xE3, 0xFF, 0x7F, 0xFF, 0xE3, 0xFC, 0x0F, 0xE0, 0x7F, 0x03, 0xFE, 0x3D, 0xFF, 0xE7, 0xFF,
    0xC3, 0x73, 0xDF, 0xCF, 0xC3, 0xC0, 0xC0, 0x00, 0x00, 0x3C, 0x1E, 0x0F, 0x07, 0x83, 0xC1, 0xE0,
    0xF0, 0x78, 0x3C, 0x1E, 0x0F, 0x07, 0x83, 0xC1, 0xE0, 0xF0, 0x78, 0x3C, 0x1E, 0x0F, 0x07, 0x83,
    0xC0, 0x61, 0x9C, 0xE7, 0xF8, 0xFC, 0x1E, 0x03, 0x00, 0x00, 0x00, 0x1E, 0x07, 0x81, 0xE0, 0x78,
    0x1E, 0x07, 0x81, 0xE0, 0x78, 0x1E, 0x07, 0x81, 0xE0, 0x78, 0x1E, 0x07, 0x81, 0xE0, 0x78, 0x01,
    0x86, 0x00, 0x07, 0x38, 0x00, 0x1F, 0xE0, 0x00, 0x3F, 0x00, 0x00, 0x78, 0x00, 0x00, 0xC0, 0x00,
    0x00, 0x00, 0x00, 0x00, 0x00, 0x01, 0xFE, 0x00, 0x1F, 0xFE, 0x00, 0xFF, 0xFE, 0x07, 0xF3, 0xF8,
    0x3E, 0x01, 0xF1, 0xF0, 0x03, 0xE7, 0x80, 0x07, 0x9E, 0x00, 0x1E, 0x78, 0x00, 0x3D, 0xC0, 0x00,
    0xFF, 0x00, 0x03, 0xDC, 0x00, 0x0F, 0x78, 0x00, 0x3D, 0xE0, 0x01, 0xE7, 0x80, 0x07, 0x9F, 0x00,
    0x3E, 0x3E, 0x01, 0xF0, 0x7F, 0x3F, 0x80, 0xFF, 0xFE, 0x01, 0xFF, 0xE0, 0x01, 0xFF, 0x00, 0x0C,
    0x30, 0x0E, 0x78, 0x0F, 0xF0, 0x07, 0xE0, 0x03, 0xC0, 0x01, 0x80, 0x00, 0x00, 0x00, 0x00, 0x0F,
    0xF0, 0x1F, 0xF8, 0x3E, 0x7C, 0x78, 0x1E, 0x78, 0x0E, 0x70, 0x0F, 0xF0, 0x0F, 0xF0, 0x0F, 0xF0,
    0x0F, 0xF0, 0x0F, 0x70, 0x0F, 0x78, 0x0E, 0x78, 0x1E, 0x3E, 0x7C, 0x1F, 0xF8, 0x0F, 0xF0, 0x06,
    0x18, 0x07, 0x9C, 0x01, 0xFC, 0x00, 0x7C, 0x00, 0x1E, 0x00, 0x06, 0x00, 0x00, 0x00, 0x00, 0x00,
    0xF0, 0x07, 0xF8, 0x03, 0xFC, 0x01, 0xFE, 0x00, 0xFF, 0x00, 0x7F, 0x80, 0x3F, 0xC0, 0x1F, 0xE0,
    0x0F, 0xF0, 0x07, 0xF8, 0x03, 0xFC, 0x01, 0xFE, 0x00, 0xFF, 0x00, 0x7F, 0x80, 0x3F, 0xC0, 0x1F,
    0xF0, 0x0F, 0x78, 0x0F, 0xBF, 0x1F, 0x8F, 0xFF, 0x83, 0xFF, 0x80, 0xFF, 0x80, 0x18, 0x60, 0xF3,
    0x81, 0xFC, 0x03, 0xF0, 0x07, 0x80, 0x0C, 0x00, 0x00, 0x00, 0x00, 0xF0, 0x3F, 0xC0, 0xFF, 0x03,
    0xFC, 0x0F, 0xF0, 0x3F, 0xC0, 0xFF, 0x03, 0xFC, 0x0F, 0xF0, 0x3F, 0xC0, 0xFF, 0x03, 0xFC, 0x0F,
    0x70, 0x3D, 0xF1, 0xF3, 0xFF, 0xC7, 0xFE, 0x0F, 0xF8, 0x07, 0xFC, 0x00, 0x00, 0x01, 0xC7, 0x00,
    0xF3, 0xC0, 0x71, 0xE0, 0x00, 0x00, 0x00, 0x00, 0xF0, 0x07, 0xF8, 0x03, 0xFC, 0x01, 0xFE, 0x00,
    0xFF, 0x00, 0x7F, 0x80, 0x3F, 0xC0, 0x1F, 0xE0, 0x0F, 0xF0, 0x07, 0xF8, 0x03, 0xFC, 0x01, 0xFE,
    0x00, 0xFF, 0x00, 0x7F, 0x80, 0x3F, 0xC0, 0x1F, 0xF0, 0x0F, 0x78, 0x0F, 0xBF, 0x1F, 0x8F, 0xFF,
    0x83, 0xFF, 0x80, 0xFF, 0x80, 0x3F, 0xE0, 0xFF, 0x80, 0x00, 0x0E, 0x3C, 0x3C, 0xF0, 0xE3, 0xC0,
    0x00, 0x00, 0x00, 0xF0, 0x3F, 0xC0, 0xFF, 0x03, 0xFC, 0x0F, 0xF0, 0x3F, 0xC0, 0xFF, 0x03, 0xFC,
    0x0F, 0xF0, 0x3F, 0xC0, 0xFF, 0x03, 0xFC, 0x0F, 0x70, 0x3D, 0xF1, 0xF3, 0xFF, 0xC7, 0xFE, 0x00,
    0x60, 0x00, 0x38, 0x00, 0x3C, 0x00, 0x1C, 0x01, 0xDD, 0xE1, 0xEC, 0xF0, 0x70, 0x78, 0x00, 0x00,
    0x00, 0x00, 0x78, 0x03, 0xFC, 0x01, 0xFE, 0x00, 0xFF, 0x00, 0x7F, 0x80, 0x3F, 0xC0, 0x1F, 0xE0,
    0x0F, 0xF0, 0x07, 0xF8, 0x03, 0xFC, 0x01, 0xFE, 0x00, 0xFF, 0x00, 0x7F, 0x80, 0x3F, 0xC0, 0x1F,
    0xE0, 0x0F, 0xF8, 0x07, 0xBC, 0x07, 0xDF, 0x8F, 0xC7, 0xFF, 0xC1, 0xFF, 0xC0, 0x7F, 0xC0, 0x00,
    0x80, 0x07, 0x00, 0x1C, 0x00, 0xE0, 0x07, 0x80, 0xEF, 0xC3, 0xCF, 0x0E, 0x3C, 0x00, 0x00, 0x00,
    0x0F, 0x03, 0xFC, 0x0F, 0xF0, 0x3F, 0xC0, 0xFF, 0x03, 0xFC, 0x0F, 0xF0, 0x3F, 0xC0, 0xFF, 0x03,
    0xFC, 0x0F, 0xF0, 0x3F, 0xC0, 0xF7, 0x03, 0xDF, 0x1F, 0x3F, 0xFC, 0x7F, 0xE0, 0x06, 0x30, 0x03,
    0xFC, 0x00, 0xF8, 0x03, 0xBB, 0xC3, 0xC1, 0xE0, 0xE0, 0xF0, 0x00, 0x00, 0x00, 0x00, 0xF0, 0x07,
    0xF8, 0x03, 0xFC, 0x01, 0xFE, 0x00, 0xFF, 0x00, 0x7F, 0x80, 0x3F, 0xC0, 0x1F, 0xE0, 0x0F, 0xF0,
    0x07, 0xF8, 0x03, 0xFC, 0x01, 0xFE, 0x00, 0xFF, 0x00, 0x7F, 0x80, 0x3F, 0xC0, 0x1F, 0xF0, 0x0F,
    0x78, 0x0F, 0xBF, 0x1F, 0x8F, 0xFF, 0x83, 0xFF, 0x80, 0xFF, 0x80, 0x18, 0xC0, 0x7F, 0x80, 0xFC,
    0x00, 0xC0, 0x38, 0xF0, 0xF3, 0xC3, 0x8F, 0x00, 0x00, 0x00, 0x03, 0xC0, 0xFF, 0x03, 0xFC, 0x0F,
    0xF0, 0x3F, 0xC0, 0xFF, 0x03, 0xFC, 0x0F, 0xF0, 0x3F, 0xC0, 0xFF, 0x03, 0xFC, 0x0F, 0xF0, 0x3D,
    0xC0, 0xF7, 0xC7, 0xCF, 0xFF, 0x1F, 0xF8, 0x03, 0x00, 0x03, 0xC0, 0x01, 0xE0, 0x00, 0x78, 0x01,
    0xDD, 0xE1, 0xE6, 0xF0, 0x70, 0x78, 0x00, 0x00, 0x00, 0x00, 0x78, 0x03, 0xFC, 0x01, 0xFE, 0x00,
    0xFF, 0x00, 0x7F, 0x80, 0x3F, 0xC0, 0x1F, 0xE0, 0x0F, 0xF0, 0x07, 0xF8, 0x03, 0xFC, 0x01, 0xFE,
    0x00, 0xFF, 0x00, 0x7F, 0x80, 0x3F, 0xC0, 0x1F, 0xE0, 0x0F, 0xF8, 0x07, 0xBC, 0x07, 0xDF, 0x8F,
    0xC7, 0xFF, 0xC1, 0xFF, 0xC0, 0x7F, 0xC0, 0x0C, 0x00, 0x78, 0x00, 0xE0, 0x03, 0xC0, 0x07, 0x00,
    0xEF, 0xC3, 0xCF, 0x0E, 0x3C, 0x00, 0x00, 0x00, 0x0F, 0x03, 0xFC, 0x0F, 0xF0, 0x3F, 0xC0, 0xFF,
    0x03, 0xFC, 0x0F, 0xF0, 0x3F, 0xC0, 0xFF, 0x03, 0xFC, 0x0F, 0xF0, 0x3F, 0xC0, 0xF7, 0x03, 0xDF,
    0x1F, 0x3F, 0xFC, 0x7F, 0xE0, 0x3F, 0xE0, 0xFF, 0xE0, 0xC3, 0xE0, 0x01, 0xE0, 0x01, 0xC0, 0x03,
    0xC0, 0x07, 0xFF, 0xFF, 0xFF, 0xFF, 0xE0, 0x3F, 0xC0, 0x7B, 0x81, 0xE7, 0x83, 0xC7, 0x9F, 0x0F,
    0xFC, 0x07, 0xF0, 0x03, 0xFE, 0x00, 0x1F, 0xF0, 0x00, 0x00, 0x00, 0x0F, 0x1C, 0x00, 0x79, 0xE0,
    0x03, 0xC7, 0x00, 0x00, 0x00, 0x00, 0x00, 0x00, 0x00, 0xF0, 0x00, 0x07, 0xC0, 0x00, 0x7E, 0x00,
    0x03, 0xF8, 0x00, 0x3F, 0xC0, 0x01, 0xEF, 0x00, 0x1E, 0x78, 0x00, 0xF1, 0xC0, 0x07, 0x0F, 0x00,
    0x78, 0x78, 0x03, 0xC1, 0xE0, 0x3C, 0x0F, 0x01, 0xE0, 0x38, 0x0F, 0xFF, 0xE0, 0xFF, 0xFF, 0x07,
    0xFF, 0xFC, 0x3C, 0x01, 0xE3, 0xC0, 0x0F, 0x1E, 0x00, 0x3D, 0xE0, 0x01, 0xEF, 0x00, 0x0F, 0x80,
    0x1F, 0xE0, 0xFF, 0x00, 0x00, 0x78, 0xE3, 0xCF, 0x1E, 0x38, 0x00, 0x00, 0x00, 0x3F, 0xE1, 0xFF,
    0x8E, 0x7E, 0x00, 0xF0, 0x07, 0x80, 0x1C, 0x00, 0xE3, 0xFF, 0x7F, 0xFF, 0xE3, 0xFC, 0x0F, 0xE0,
    0x7F, 0x03, 0xFE, 0x3D, 0xFF, 0xE7, 0xFF, 0x03, 0xFE, 0x00, 0x1F, 0xF0, 0x00, 0x00, 0x00, 0x00,
    0xE0, 0x00, 0x0F, 0x00, 0x00, 0x38, 0x00, 0x00, 0x00, 0x00, 0x00, 0x00, 0x00, 0xF0, 0x00, 0x07,
    0xC0, 0x00, 0x7E, 0x00, 0x03, 0xF8, 0x00, 0x3F, 0xC0, 0x01, 0xEF, 0x00, 0x1E, 0x78, 0x00, 0xF1,
    0xC0, 0x07, 0x0F, 0x00, 0x78, 0x78, 0x03, 0xC1, 0xE0, 0x3C, 0x0F, 0x01, 0xE0, 0x38, 0x0F, 0xFF,
    0xE0, 0xFF, 0xFF, 0x07, 0xFF, 0xFC, 0x3C, 0x01, 0xE3, 0xC0, 0x0F, 0x1E, 0x00, 0x3D, 0xE0, 0x01,
    0xEF, 0x00, 0x0F, 0x80, 0x1F, 0xE0, 0xFF, 0x00, 0x00, 0x0F, 0x00, 0x78, 0x03, 0xC0, 0x00, 0x00,
    0x00, 0x3F, 0xE1, 0xFF, 0x8E, 0x7E, 0x00, 0xF0, 0x07, 0x80, 0x1C, 0x00, 0xE3, 0xFF, 0x7F, 0xFF,
    0xE3, 0xFC, 0x0F, 0xE0, 0x7F, 0x03, 0xFE, 0x3D, 0xFF, 0xE7, 0xFF, 0x00, 0x07, 0xFE, 0x00, 0x00,
    0x7F, 0xE0, 0x00, 0x00, 0x00, 0x00, 0x00, 0x00, 0x00, 0x00, 0x00, 0x00, 0x00, 0x00, 0x00, 0x00,
    0x00, 0x0F, 0xFF, 0xE0, 0x00, 0xFF, 0xFE, 0x00, 0x1F, 0xFF, 0xE0, 0x03, 0xFC, 0x00, 0x00, 0x3F,
    0xC0, 0x00, 0x07, 0xBC, 0x00, 0x00, 0xF3, 0xC0, 0x00, 0x0F, 0x3C, 0x00, 0x01, 0xE3, 0xFF, 0xC0,
    0x3C, 0x3F, 0xFC, 0x03, 0xC3, 0xFF, 0xC0, 0x78, 0x3C, 0x00, 0x07, 0x03, 0xC0, 0x00, 0xFF, 0xFC,
    0x00, 0x1F, 0xFF, 0xC0, 0x01, 0xFF, 0xFC, 0x00, 0x3C, 0x03, 0xC0, 0x03, 0xC0, 0x3C, 0x00, 0x78,
    0x03, 0xFF, 0xF7, 0x80, 0x3F, 0xFF, 0xF0, 0x03, 0xFF, 0xF0, 0x01, 0xFF, 0x80, 0x01, 0xFF, 0x80,
    0x00, 0x00, 0x00, 0x00, 0x00, 0x00, 0x00, 0x00, 0x00, 0x00, 0x00, 0x00, 0x3F, 0xC3, 0xF8, 0x3F,
    0xE7, 0xFC, 0x39, 0xFF, 0x3E, 0x00, 0x7E, 0x0F, 0x00, 0x7C, 0x0F, 0x00, 0x3C, 0x0F, 0x00, 0x38,
    0x07, 0x1F, 0xFF, 0xFF, 0x7F, 0xFF, 0xFF, 0xFC, 0x78, 0x00, 0xF0, 0x3C, 0x00, 0xF0, 0x3C, 0x00,
    0xF0, 0x3E, 0x00, 0xFC, 0x7F, 0x8E, 0x7F, 0xFF, 0xFE, 0x3F, 0xE3, 0xFE, 0x01, 0xFF, 0x00, 0x3F,
    0xFE, 0x03, 0xFF, 0xF0, 0x3F, 0x8F, 0x03, 0xE0, 0x08, 0x3E, 0x00, 0x01, 0xE0, 0x00, 0x0F, 0x00,
    0x00, 0x78, 0x00, 0x03, 0x80, 0x00, 0x3C, 0x00, 0xF1, 0xE0, 0x3F, 0xF7, 0x81, 0xFF, 0xBC, 0x0F,
    0xFD, 0xE0, 0x0F, 0x0F, 0x80, 0x78, 0x3E, 0x03, 0xC0, 0xFE, 0x3E, 0x07, 0xFF, 0xF0, 0x0F, 0xFF,
    0x80, 0x3F, 0xF8, 0x00, 0x0F, 0xFC, 0x0F, 0xFF, 0x0F, 0x8F, 0x8F, 0x03, 0xC7, 0x81, 0xE7, 0x80,
    0xF3, 0xC0, 0x79, 0xE1, 0xFF, 0xF0, 0xFF, 0xF8, 0x0F, 0x1E, 0x07, 0x8F, 0x03, 0xC3, 0xE7, 0xE1,
    0xFF, 0xF0, 0x3F, 0xF8, 0x00, 0x3C, 0x00, 0x1E, 0x00, 0x0F, 0x00, 0x0F, 0x07, 0x1F, 0x87, 0xFF,
    0x81, 0xFF, 0x00, 0x01, 0x86, 0x00, 0xF3, 0x80, 0x1F, 0xC0, 0x03, 0xE0, 0x00, 0x78, 0x00, 0x0C,
    0x00, 0x00, 0x00, 0x00, 0x00, 0x01, 0xFF, 0x01, 0xFF, 0xF0, 0xFF, 0xFC, 0x7F, 0x1E, 0x3E, 0x00,
    0x9F, 0x00, 0x07, 0x80, 0x01, 0xE0, 0x00, 0x78, 0x00, 0x1C, 0x00, 0x0F, 0x00, 0x03, 0xC0, 0x0F,
    0x78, 0x03, 0xDE, 0x00, 0xF7, 0x80, 0x3D, 0xF0, 0x0F, 0x3E, 0x03, 0xC7, 0xF1, 0xF1, 0xFF, 0xFC,
    0x1F, 0xFF, 0x03, 0xFF, 0x80, 0x0C, 0x30, 0x1C, 0xE0, 0x3F, 0xC0, 0x3F, 0x00, 0x3C, 0x00, 0x30,
    0x00, 0x00, 0x00, 0x00, 0x0F, 0xFC, 0x3F, 0xFC, 0xF8, 0xFB, 0xC0, 0xF7, 0x81, 0xFE, 0x03, 0xFC,
    0x07, 0xF8, 0x0F, 0xF0, 0x1F, 0xE0, 0x3D, 0xE0, 0x7B, 0xC0, 0xF3, 0xE7, 0xE7, 0xFF, 0xC3, 0xFF,
    0x80, 0x0F, 0x00, 0x1E, 0x00, 0x3C, 0x00, 0xF1, 0xC7, 0xE7, 0xFF, 0x87, 0xFC, 0x00, 0x0C, 0x30,
    0x03, 0x9C, 0x00, 0xFF, 0x00, 0x1F, 0x80, 0x03, 0xC0, 0x00, 0x60, 0x00, 0x00, 0x00, 0x00, 0x00,
    0xF0, 0x0F, 0xBC, 0x07, 0x8F, 0x03, 0xC3, 0xC1, 0xE0, 0xF0, 0xF0, 0x3C, 0x78, 0x0F, 0x3C, 0x03,
    0xDE, 0x00, 0xFF, 0x00, 0x3F, 0x80, 0x0F, 0xF8, 0x03, 0xFF, 0x00, 0xF7, 0xE0, 0x3C, 0xFC, 0x0F,
    0x0F, 0x83, 0xC1, 0xF0, 0xF0, 0x3C, 0x3C, 0x07, 0x8F, 0x01, 0xF3, 0xC0, 0x3E, 0xF0, 0x07, 0x80,
    0x63, 0x00, 0xFE, 0x00, 0xF8, 0x00, 0xE0, 0x00, 0x00, 0x0F, 0x00, 0x1E, 0x00, 0x3C, 0x00, 0x78,
    0x00, 0xF0, 0x01, 0xE0, 0x03, 0xC0, 0x07, 0x80, 0x0F, 0x07, 0x9E, 0x1E, 0x3C, 0x78, 0x79, 0xE0,
    0xF7, 0xC1, 0xFF, 0x03, 0xFC, 0x07, 0xF0, 0x0F, 0xF0, 0x1F, 0xF0, 0x3D, 0xF0, 0x79, 0xF0, 0xF1,
    0xF1, 0xE1, 0xE3, 0xC1, 0xE7, 0x81, 0xE0, 0x01, 0xFE, 0x00, 0x1F, 0xFE, 0x00, 0xFF, 0xFE, 0x07,
    0xF3, 0xF8, 0x3E, 0x01, 0xF1, 0xF0, 0x03, 0xE7, 0x80, 0x07, 0x9E, 0x00, 0x1E, 0x78, 0x00, 0x3D,
    0xC0, 0x00, 0xFF, 0x00, 0x03, 0xDC, 0x00, 0x0F, 0x78, 0x00, 0x3D, 0xE0, 0x01, 0xE7, 0x80, 0x07,
    0x9F, 0x00, 0x3E, 0x3E, 0x01, 0xF0, 0x7F, 0x3F, 0x80, 0xFF, 0xFE, 0x01, 0xFF, 0xE0, 0x01, 0xFE,
    0x00, 0x00, 0xF0, 0x00, 0x03, 0x80, 0x00, 0x1E, 0x00, 0x00, 0x7E, 0x00, 0x00, 0xF8, 0x00, 0x0F,
    0xF0, 0x1F, 0xF8, 0x3E, 0x7C, 0x78, 0x1E, 0x78, 0x0E, 0x70, 0x0F, 0xF0, 0x0F, 0xF0, 0x0F, 0xF0,
    0x0F, 0xF0, 0x0F, 0x70, 0x0F, 0x78, 0x0E, 0x78, 0x1E, 0x3E, 0x7C, 0x1F, 0xF8, 0x0F, 0xF0, 0x01,
    0xC0, 0x03, 0x80, 0x07, 0x80, 0x03, 0xE0, 0x03, 0xE0, 0x03, 0xFF, 0x00, 0x0F, 0xFC, 0x00, 0x00,
    0x00, 0x00, 0x00, 0x00, 0x00, 0x00, 0x00, 0x00, 0x00, 0x00, 0x1F, 0xE0, 0x01, 0xFF, 0xE0, 0x0F,
    0xFF, 0xE0, 0x7F, 0x3F, 0x83, 0xE0, 0x1F, 0x1F, 0x00, 0x3E, 0x78, 0x00, 0x79, 0xE0, 0x01, 0xE7,
    0x80, 0x03, 0xDC, 0x00, 0x0F, 0xF0, 0x00, 0x3D, 0xC0, 0x00, 0xF7, 0x80, 0x03, 0xDE, 0x00, 0x1E,
    0x78, 0x00, 0x79, 0xF0, 0x03, 0xE3, 0xE0, 0x1F, 0x07, 0xF3, 0xF8, 0x0F, 0xFF, 0xE0, 0x1F, 0xFE,
    0x00, 0x1F, 0xE0, 0x00, 0x0F, 0x00, 0x00, 0x38, 0x00, 0x01, 0xE0, 0x00, 0x07, 0xE0, 0x00, 0x0F,
    0x80, 0x1F, 0xF8, 0x1F, 0xF8, 0x00, 0x00, 0x00, 0x00, 0x00, 0x00, 0x00, 0x00, 0x0F, 0xF0, 0x1F,
    0xF8, 0x3E, 0x7C, 0x78, 0x1E, 0x78, 0x0E, 0x70, 0x0F, 0xF0, 0x0F, 0xF0, 0x0F, 0xF0, 0x0F, 0xF0,
    0x0F, 0x70, 0x0F, 0x78, 0x0E, 0x78, 0x1E, 0x3E, 0x7C, 0x1F, 0xF8, 0x0F, 0xF0, 0x01, 0xC0, 0x03,
    0x80, 0x07, 0x80, 0x03, 0xE0, 0x03, 0xE0, 0x06, 0x18, 0x07, 0x9C, 0x01, 0xFC, 0x00, 0x7C, 0x00,
    0x1E, 0x00, 0x06, 0x00, 0x00, 0x00, 0x00, 0x00, 0x7F, 0xFF, 0x3F, 0xFF, 0x9F, 0xFF, 0xC0, 0x03,
    0xC0, 0x03, 0xC0, 0x03, 0xC0, 0x03, 0xC0, 0x03, 0xC0, 0x03, 0xC0, 0x03, 0xFC, 0x01, 0xFF, 0x00,
    0x1F, 0xC0, 0x01, 0xF0, 0x00, 0x78, 0x00, 0x3C, 0x00, 0x1E, 0x40, 0x0F, 0x3E, 0x3F, 0x9F, 0xFF,
    0x8F, 0xFF, 0x83, 0xFF, 0x80, 0x18, 0x60, 0x39, 0xE0, 0x3F, 0x80, 0x7E, 0x00, 0x78, 0x00, 0x60,
    0x00, 0x00, 0x00, 0x00, 0x7F, 0xFC, 0xFF, 0xF8, 0x01, 0xE0, 0x03, 0xC0, 0x0F, 0x00, 0x3C, 0x00,
    0x70, 0x01, 0xE0, 0x07, 0x80, 0x1F, 0xC0, 0x3F, 0xE0, 0x0F, 0xE0, 0x03, 0xC0, 0x03, 0xC0, 0x07,
    0x80, 0x0F, 0x00, 0x1E, 0x00, 0x38, 0x00, 0xF3, 0x87, 0xC7, 0xFF, 0x0F, 0xFC, 0x00, 0x18, 0x61,
    0xCE, 0x1F, 0xE0, 0xFC, 0x07, 0x80, 0x30, 0x00, 0x00, 0x00, 0x07, 0x80, 0x78, 0x07, 0x80, 0x78,
    0x07, 0x80, 0x78, 0x07, 0x80, 0x78, 0x07, 0x80, 0x78, 0x07, 0x80, 0x78, 0x07, 0x80, 0x78, 0x07,
    0x80, 0x78, 0x07, 0x80, 0x78, 0x07, 0x01, 0xF0, 0x7E, 0x07, 0xC0, 0xFF, 0xF0, 0x07, 0xFF, 0xFF,
    0xFF, 0xE0, 0x3F, 0xFF, 0xFF, 0xFF, 0x81, 0xFF, 0xFF, 0xE1, 0xFE, 0x00, 0x01, 0xEF, 0x00, 0xF8,
    0x00, 0x1E, 0x78, 0x03, 0xE0, 0x01, 0xE3, 0xC0, 0x0F, 0x00, 0x1E, 0x1E, 0x00, 0x78, 0x01, 0xF0,
    0xF0, 0x01, 0xE0, 0x0F, 0x07, 0x80, 0x0F, 0x00, 0xF0, 0x3C, 0x00, 0x78, 0x0F, 0x01, 0xE0, 0x03,
    0xC0, 0x78, 0x0F, 0x00, 0x1E, 0x07, 0x80, 0x78, 0x01, 0xE0, 0x78, 0x03, 0xC0, 0x0F, 0x03, 0x80,
    0x1E, 0x00, 0xF8, 0x3C, 0x00, 0xF0, 0x0F, 0x83, 0xC0, 0x07, 0x83, 0xF8, 0x1C, 0x00, 0x3F, 0xFF,
    0x81, 0xFF, 0xFF, 0xFF, 0xF8, 0x0F, 0xFF, 0xFF, 0xFF, 0x00, 0x7F, 0xFF, 0x80, 0xFF, 0xF0, 0x00,
    0x00, 0x3F, 0xFF, 0x00, 0x00, 0x0F, 0xFF, 0xE0, 0x00, 0x03, 0xC3, 0xFC, 0x00, 0x00, 0xF0, 0x0F,
    0x80, 0x00, 0x3C, 0x01, 0xF1, 0xFF, 0xFF, 0x00, 0x3C, 0x7F, 0xFF, 0xC0, 0x0F, 0x00, 0x1E, 0xF0,
    0x01, 0xE0, 0x0F, 0xBC, 0x00, 0x78, 0x07, 0xCF, 0x00, 0x1E, 0x01, 0xE3, 0xC0, 0x07, 0x80, 0xF0,
    0xF0, 0x01, 0xE0, 0x7C, 0x3C, 0x00, 0xF0, 0x1E, 0x0F, 0x00, 0x3C, 0x0F, 0x03, 0xC0, 0x1F, 0x03,
    0x80, 0xF0, 0x0F, 0x81, 0xE0, 0x3C, 0x1F, 0xC0, 0xF0, 0x0F, 0xFF, 0xE0, 0x3C, 0x03, 0xFF, 0xF0,
    0x1F, 0xFF, 0xFF, 0xF0, 0x07, 0xFF, 0xC0, 0x00, 0x0E, 0x00, 0x00, 0x00, 0x1C, 0x00, 0x00, 0x00,
    0x38, 0x00, 0x00, 0x00, 0x70, 0x00, 0x00, 0x00, 0xE0, 0x00, 0x00, 0x01, 0xC0, 0x00, 0x00, 0x03,
    0x80, 0x00, 0x00, 0x07, 0x00, 0x00, 0x0F, 0xFE, 0x1F, 0xFE, 0x3F, 0xFC, 0x3F, 0xFC, 0xF9, 0xF8,
    0x00, 0xFB, 0xC0, 0xF0, 0x03, 0xE7, 0x80, 0xE0, 0x07, 0x8E, 0x01, 0xC0, 0x1E, 0x3C, 0x03, 0x80,
    0x78, 0x78, 0x07, 0x00, 0xF0, 0xF0, 0x0E, 0x03, 0xC1, 0xE0, 0x1C, 0x0F, 0x01, 0xC0, 0x38, 0x1E,
    0x03, 0xC0, 0x70, 0x78, 0x07, 0xC0, 0xE1, 0xE0, 0x07, 0xE3, 0xC3, 0xC0, 0x07, 0xFF, 0x8F, 0xFF,
    0x83, 0xFF, 0x1F, 0xFF, 0x00, 0x0C, 0x00, 0x07, 0x80, 0x03, 0xE0, 0x01, 0xE0, 0x00, 0x70, 0x00,
    0x18, 0x00, 0x00, 0x00, 0x00, 0x00, 0x01, 0xFF, 0x01, 0xFF, 0xF0, 0xFF, 0xFC, 0x7F, 0x1E, 0x3E,
    0x00, 0x9F, 0x00, 0x07, 0x80, 0x01, 0xE0, 0x00, 0x78, 0x00, 0x1C, 0x00, 0x0F, 0x00, 0x03, 0xC0,
    0x0F, 0x78, 0x03, 0xDE, 0x00, 0xF7, 0x80, 0x3D, 0xF0, 0x0F, 0x3E, 0x03, 0xC7, 0xF1, 0xF1, 0xFF,
    0xFC, 0x1F, 0xFF, 0x03, 0xFF, 0x80, 0x00, 0x60, 0x01, 0xE0, 0x03, 0xC0, 0x0F, 0x00, 0x3C, 0x00,
    0x70, 0x00, 0x00, 0x00, 0x00, 0x0F, 0xFC, 0x3F, 0xFC, 0xF8, 0xFB, 0xC0, 0xF7, 0x81, 0xFE, 0x03,
    0xFC, 0x07, 0xF8, 0x0F, 0xF0, 0x1F, 0xE0, 0x3D, 0xE0, 0x7B, 0xC0, 0xF3, 0xE7, 0xE7, 0xFF, 0xC3,
    0xFF, 0x80, 0x0F, 0x00, 0x1E, 0x00, 0x3C, 0x00, 0xF1, 0xC7, 0xE7, 0xFF, 0x87, 0xFC, 0x00, 0xF0,
    0x03, 0xC0, 0x07, 0x80, 0x1E, 0x00, 0x3C, 0x00, 0xF0, 0x01, 0xE0, 0x07, 0x80, 0x0F, 0x00, 0x3C,
    0x00, 0x78, 0x01, 0xE0, 0x3F, 0xC0, 0x0F, 0x01, 0xFE, 0x00, 0x78, 0x0F, 0xFF, 0xFF, 0xC0, 0x7F,
    0xFF, 0xFE, 0x03, 0xFF, 0xFF, 0xF0, 0x1F, 0xE0, 0x07, 0x80, 0xFF, 0x00, 0x3C, 0x07, 0xF8, 0x01,
    0xE0, 0x3F, 0xC0, 0x0F, 0x01, 0xFE, 0x00, 0x78, 0x0F, 0xF0, 0x03, 0xC0, 0xF7, 0x80, 0x1F, 0x9F,
    0xBC, 0x00, 0x7F, 0xFD, 0xE0, 0x01, 0xFF, 0xCF, 0x00, 0x07, 0xF8, 0x00, 0x3F, 0xF0, 0x7F, 0xFE,
    0x3F, 0xFF, 0x9F, 0x8F, 0xEF, 0x01, 0xF7, 0x80, 0x7F, 0xC0, 0x1F, 0xE0, 0x0F, 0xF0, 0x07, 0xF8,
    0x03, 0xFC, 0x03, 0xDE, 0x01, 0xEF, 0x00, 0xF7, 0x80, 0xF3, 0xC0, 0xF9, 0xE1, 0xF8, 0xF3, 0xF8,
    0x7F, 0xF0, 0x3F, 0xF0, 0x1F, 0xE0, 0x0F, 0xC0, 0x07, 0x80, 0x03, 0xC0, 0x01, 0xE0, 0x00, 0xF0,
    0x00, 0x78, 0x00, 0x3C, 0x00, 0x00, 0x03, 0x00, 0x00, 0xE0, 0x00, 0x3C, 0x00, 0x07, 0x80, 0x00,
    0xE0, 0x00, 0x18, 0x00, 0x00, 0x00, 0x00, 0x00, 0xF0, 0x01, 0xFE, 0x00, 0x7F, 0xC0, 0x1F, 0xF8,
    0x07, 0xFE, 0x01, 0xFF, 0xC0, 0x7F, 0x78, 0x1F, 0xCF, 0x07, 0xF3, 0xC1, 0xFC, 0x78, 0x7F, 0x0F,
    0x1F, 0xC1, 0xE7, 0xF0, 0x79, 0xFC, 0x0F, 0x7F, 0x01, 0xFF, 0xC0, 0x7F, 0xF0, 0x0F, 0xFC, 0x01,
    0xFF, 0x00, 0x7F, 0xC0, 0x0F, 0xF0, 0x01, 0xC0, 0x0C, 0x00, 0x78, 0x01, 0xF0, 0x03, 0xC0, 0x07,
    0x80, 0x06, 0x00, 0x00, 0x00, 0x00, 0xFF, 0xE3, 0xFF, 0xCF, 0x8F, 0xBC, 0x1E, 0xF0, 0x3F, 0xC0,
    0xFF, 0x03, 0xFC, 0x0F, 0xF0, 0x3F, 0xC0, 0xFF, 0x03, 0xFC, 0x0F, 0xF0, 0x3F, 0xC0, 0xFF, 0x03,
    0xFC, 0x0F, 0x00, 0x38, 0x00, 0x07, 0xC0, 0x00, 0x7E, 0x00, 0x01, 0x80, 0x00, 0x0F, 0x00, 0x00,
    0xEC, 0x00, 0x06, 0x60, 0x00, 0x3B, 0x00, 0x00, 0xF8, 0x00, 0x07, 0xC0, 0x00, 0x7E, 0x00, 0x03,
    0xF8, 0x00, 0x3F, 0xC0, 0x01, 0xEF, 0x00, 0x1E, 0x78, 0x00, 0xF1, 0xC0, 0x07, 0x0F, 0x00, 0x78,
    0x78, 0x03, 0xC1, 0xE0, 0x3C, 0x0F, 0x01, 0xE0, 0x38, 0x0F, 0xFF, 0xE0, 0xFF, 0xFF, 0x07, 0xFF,
    0xFC, 0x3C, 0x01, 0xE3, 0xC0, 0x0F, 0x1E, 0x00, 0x3D, 0xE0, 0x01, 0xEF, 0x00, 0x0F, 0x80, 0x01,
    0xC0, 0x3E, 0x03, 0xF0, 0x0E, 0x00, 0x00, 0x03, 0xC0, 0x3B, 0x01, 0x98, 0x0E, 0xC0, 0x3C, 0x00,
    0x00, 0x00, 0x03, 0xFE, 0x1F, 0xF8, 0xE7, 0xE0, 0x0F, 0x00, 0x78, 0x01, 0xC0, 0x0E, 0x3F, 0xF7,
    0xFF, 0xFE, 0x3F, 0xC0, 0xFE, 0x07, 0xF0, 0x3F, 0xE3, 0xDF, 0xFE, 0x7F, 0xF0, 0x00, 0x00, 0x10,
    0x00, 0x00, 0x03, 0x80, 0x00, 0x00, 0x78, 0x00, 0x00, 0x0F, 0x00, 0x00, 0x00, 0xE0, 0x00, 0x00,
    0x0C, 0x00, 0x00, 0x00, 0x00, 0x00, 0x00, 0x00, 0x00, 0x00, 0x0F, 0xFF, 0xE0, 0x00, 0xFF, 0xFE,
    0x00, 0x1F, 0xFF, 0xE0, 0x03, 0xFC, 0x00, 0x00, 0x3F, 0xC0, 0x00, 0x07, 0xBC, 0x00, 0x00, 0xF3,
    0xC0, 0x00, 0x0F, 0x3C, 0x00, 0x01, 0xE3, 0xFF, 0xC0, 0x3C, 0x3F, 0xFC, 0x03, 0xC3, 0xFF, 0xC0,
    0x78, 0x3C, 0x00, 0x07, 0x03, 0xC0, 0x00, 0xFF, 0xFC, 0x00, 0x1F, 0xFF, 0xC0, 0x01, 0xFF, 0xFC,
    0x00, 0x3C, 0x03, 0xC0, 0x03, 0xC0, 0x3C, 0x00, 0x78, 0x03, 0xFF, 0xF7, 0x80, 0x3F, 0xFF, 0xF0,
    0x03, 0xFF, 0xF0, 0x00, 0x06, 0x00, 0x00, 0x0F, 0x00, 0x00, 0x0F, 0x00, 0x00, 0x1E, 0x00, 0x00,
    0x3C, 0x00, 0x00, 0x38, 0x00, 0x00, 0x00, 0x00, 0x00, 0x00, 0x00, 0x3F, 0xC3, 0xF8, 0x3F, 0xE7,
    0xFC, 0x39, 0xFF, 0x3E, 0x00, 0x7E, 0x0F, 0x00, 0x7C, 0x0F, 0x00, 0x3C, 0x0F, 0x00, 0x38, 0x07,
    0x1F, 0xFF, 0xFF, 0x7F, 0xFF, 0xFF, 0xFC, 0x78, 0x00, 0xF0, 0x3C, 0x00, 0xF0, 0x3C, 0x00, 0xF0,
    0x3E, 0x00, 0xFC, 0x7F, 0x8E, 0x7F, 0xFF, 0xFE, 0x3F, 0xE3, 0xFE, 0x00, 0x0C, 0x00, 0x00, 0x78,
    0x00, 0x01, 0xE0, 0x00, 0x0F, 0x00, 0x00, 0x78, 0x00, 0x01, 0xC0, 0x00, 0x00, 0x00, 0x00, 0x00,
    0x0C, 0x01, 0xFE, 0x78, 0x1F, 0xFF, 0xC1, 0xFF, 0xFF, 0x07, 0xF3, 0xF8, 0x3E, 0x01, 0xF1, 0xF0,
    0x0F, 0xE7, 0x80, 0x7F, 0x9E, 0x03, 0xDE, 0x78, 0x1E, 0x7F, 0xC0, 0xF0, 0xFF, 0x07, 0x83, 0xDC,
    0x3C, 0x0F, 0x79, 0xE0, 0x3D, 0xEF, 0x01, 0xE7, 0xFC, 0x07, 0x8F, 0xE0, 0x3E, 0x3F, 0x01, 0xF0,
    0x7F, 0x3F, 0xC1, 0xFF, 0xFE, 0x0F, 0xFF, 0xE0, 0x79, 0xFF, 0x00, 0xC0, 0x00, 0x00, 0x00, 0x60,
    0x00, 0xF0, 0x00, 0xF0, 0x01, 0xE0, 0x03, 0xC0, 0x03, 0x80, 0x00, 0x00, 0x00, 0x06, 0x0F, 0xFF,
    0x1F, 0xFE, 0x3E, 0x7C, 0x78, 0x3E, 0x78, 0x7E, 0x70, 0xFF, 0xF0, 0xEF, 0xF1, 0xCF, 0xF3, 0xCF,
    0xF7, 0x8F, 0x7F, 0x0F, 0x7E, 0x0E, 0x7C, 0x1E, 0x3E, 0x7C, 0x7F, 0xF8, 0x77, 0xF0, 0x60, 0x00,
    0x04, 0x30, 0x00, 0x73, 0x80, 0x03, 0xDE, 0x00, 0x0F, 0x78, 0x00, 0x39, 0xC0, 0x00, 0xC6, 0x00,
    0x00, 0x00, 0x00, 0x00, 0x00, 0x00, 0xF0, 0x00, 0x07, 0xC0, 0x00, 0x7E, 0x00, 0x03, 0xF8, 0x00,
    0x3F, 0xC0, 0x01, 0xEF, 0x00, 0x1E, 0x78, 0x00, 0xF1, 0xC0, 0x07, 0x0F, 0x00, 0x78, 0x78, 0x03,
    0xC1, 0xE0, 0x3C, 0x0F, 0x01, 0xE0, 0x38, 0x0F, 0xFF, 0xE0, 0xFF, 0xFF, 0x07, 0xFF, 0xFC, 0x3C,
    0x01, 0xE3, 0xC0, 0x0F, 0x1E, 0x00, 0x3D, 0xE0, 0x01, 0xEF, 0x00, 0x0F, 0x80, 0x61, 0x03, 0x9C,
    0x1E, 0xF0, 0x73, 0x81, 0xCE, 0x0E, 0x30, 0x00, 0x00, 0x00, 0x3F, 0xE1, 0xFF, 0x8E, 0x7E, 0x00,
    0xF0, 0x07, 0x80, 0x1C, 0x00, 0xE3, 0xFF, 0x7F, 0xFF, 0xE3, 0xFC, 0x0F, 0xE0, 0x7F, 0x03, 0xFE,
    0x3D, 0xFF, 0xE7, 0xFF, 0x01, 0xF8, 0x00, 0x1F, 0xE0, 0x00, 0xE7, 0x00, 0x06, 0x1C, 0x00, 0x00,
    0x00, 0x00, 0x00, 0x00, 0x00, 0x00, 0x00, 0x1E, 0x00, 0x00, 0xF8, 0x00, 0x0F, 0xC0, 0x00, 0x7F,
    0x00, 0x07, 0xF8, 0x00, 0x3D, 0xE0, 0x03, 0xCF, 0x00, 0x1E, 0x38, 0x00, 0xE1, 0xE0, 0x0F, 0x0F,
    0x00, 0x78, 0x3C, 0x07, 0x81, 0xE0, 0x3C, 0x07, 0x01, 0xFF, 0xFC, 0x1F, 0xFF, 0xE0, 0xFF, 0xFF,
    0x87, 0x80, 0x3C, 0x78, 0x01, 0xE3, 0xC0, 0x07, 0xBC, 0x00, 0x3D, 0xE0, 0x01, 0xF0, 0x0F, 0xC0,
    0xFF, 0x07, 0x38, 0x30, 0xE0, 0x00, 0x00, 0x00, 0x00, 0x07, 0xFC, 0x3F, 0xF1, 0xCF, 0xC0, 0x1E,
    0x00, 0xF0, 0x03, 0x80, 0x1C, 0x7F, 0xEF, 0xFF, 0xFC, 0x7F, 0x81, 0xFC, 0x0F, 0xE0, 0x7F, 0xC7,
    0xBF, 0xFC, 0xFF, 0xE0, 0x31, 0x80, 0xF7, 0x81, 0xE7, 0x01, 0xEF, 0x01, 0xEF, 0x01, 0xCE, 0x00,
    0x00, 0x00, 0x00, 0xFF, 0xFD, 0xFF, 0xFB, 0xFF, 0xF7, 0x80, 0x0F, 0x00, 0x1E, 0x00, 0x3C, 0x00,
    0x78, 0x00, 0xFF, 0xF9, 0xFF, 0xF3, 0xFF, 0xE7, 0x80, 0x0F, 0x00, 0x1E, 0x00, 0x3C, 0x00, 0x78,
    0x00, 0xF0, 0x01, 0xE0, 0x03, 0xFF, 0xFF, 0xFF, 0xFF, 0xFF, 0xE0, 0x31, 0x80, 0xF7, 0x81, 0xEF,
    0x01, 0xEF, 0x01, 0xEF, 0x01, 0xCE, 0x00, 0x00, 0x00, 0x00, 0x0F, 0xF0, 0x3F, 0xF0, 0xF9, 0xF3,
    0xC1, 0xE7, 0x81, 0xEE, 0x03, 0xFC, 0x07, 0xFF, 0xFF, 0xFF, 0xFF, 0xE0, 0x01, 0xC0, 0x03, 0xC0,
    0x07, 0x80, 0x07, 0xE3, 0x87, 0xFF, 0x07, 0xFC, 0x0F, 0xC0, 0x3F, 0xC0, 0x7B, 0x80, 0xC3, 0x80,
    0x00, 0x00, 0x00, 0x00, 0x00, 0x7F, 0xFE, 0xFF, 0xFD, 0xFF, 0xFB, 0xC0, 0x07, 0x80, 0x0F, 0x00,
    0x1E, 0x00, 0x3C, 0x00, 0x7F, 0xFC, 0xFF, 0xF9, 0xFF, 0xF3, 0xC0, 0x07, 0x80, 0x0F, 0x00, 0x1E,
    0x00, 0x3C, 0x00, 0x78, 0x00, 0xF0, 0x01, 0xFF, 0xFF, 0xFF, 0xFF, 0xFF, 0xF0, 0x07, 0xE0, 0x1F,
    0xE0, 0x39, 0xC0, 0xE1, 0x80, 0x00, 0x00, 0x00, 0x00, 0x00, 0x07, 0xF8, 0x1F, 0xF8, 0x7C, 0xF9,
    0xE0, 0xF3, 0xC0, 0xF7, 0x01, 0xFE, 0x03, 0xFF, 0xFF, 0xFF, 0xFF, 0xF0, 0x00, 0xE0, 0x01, 0xE0,
    0x03, 0xC0, 0x03, 0xF1, 0xC3, 0xFF, 0x83, 0xFE, 0x00, 0x21, 0x07, 0x38, 0x7B, 0xC3, 0x9C, 0x1C,
    0xE0, 0xC6, 0x00, 0x00, 0x00, 0x07, 0x80, 0x78, 0x07, 0x80, 0x78, 0x07, 0x80, 0x78, 0x07, 0x80,
    0x78, 0x07, 0x80, 0x78, 0x07, 0x80, 0x78, 0x07, 0x80, 0x78, 0x07, 0x80, 0x78, 0x07, 0x80, 0x78,
    0x07, 0x80, 0x78, 0x07, 0x80, 0x63, 0x1E, 0x73, 0xCF, 0x3C, 0xE3, 0xDE, 0x39, 0xC0, 0x00, 0x00,
    0x07, 0x80, 0xF0, 0x1E, 0x03, 0xC0, 0x78, 0x0F, 0x01, 0xE0, 0x3C, 0x07, 0x80, 0xF0, 0x1E, 0x03,
    0xC0, 0x78, 0x0F, 0x01, 0xE0, 0x3C, 0x3E, 0x3F, 0xBD, 0xF8, 0x70, 0x00, 0x00, 0x00, 0x78, 0x3C,
    0x1E, 0x0F, 0x07, 0x83, 0xC1, 0xE0, 0xF0, 0x78, 0x3C, 0x1E, 0x0F, 0x07, 0x83, 0xC1, 0xE0, 0xF0,
    0x78, 0x3C, 0x1E, 0x0F, 0x07, 0x80, 0x3F, 0x1F, 0xE7, 0x39, 0x86, 0x00, 0x00, 0x00, 0x00, 0x78,
    0x1E, 0x07, 0x81, 0xE0, 0x78, 0x1E, 0x07, 0x81, 0xE0, 0x78, 0x1E, 0x07, 0x81, 0xE0, 0x78, 0x1E,
    0x07, 0x81, 0xE0, 0x06, 0x30, 0x00, 0x1C, 0xE0, 0x00, 0x73, 0xC0, 0x01, 0xE7, 0x00, 0x03, 0xCE,
    0x00, 0x07, 0x18, 0x00, 0x00, 0x00, 0x00, 0x00, 0x00, 0x01, 0xFE, 0x00, 0x1F, 0xFE, 0x00, 0xFF,
    0xFE, 0x07, 0xF3, 0xF8, 0x3E, 0x01, 0xF1, 0xF0, 0x03, 0xE7, 0x80, 0x07, 0x9E, 0x00, 0x1E, 0x78,
    0x00, 0x3D, 0xC0, 0x00, 0xFF, 0x00, 0x03, 0xDC, 0x00, 0x0F, 0x78, 0x00, 0x3D, 0xE0, 0x01, 0xE7,
    0x80, 0x07, 0x9F, 0x00, 0x3E, 0x3E, 0x01, 0xF0, 0x7F, 0x3F, 0x80, 0xFF, 0xFE, 0x01, 0xFF, 0xE0,
    0x01, 0xFF, 0x00, 0x30, 0x80, 0x39, 0xC0, 0x3D, 0xE0, 0x1C, 0xE0, 0x0E, 0x70, 0x0E, 0x30, 0x00,
    0x00, 0x00, 0x00, 0x0F, 0xF0, 0x1F, 0xF8, 0x3E, 0x7C, 0x78, 0x1E, 0x78, 0x0E, 0x70, 0x0F, 0xF0,
    0x0F, 0xF0, 0x0F, 0xF0, 0x0F, 0xF0, 0x0F, 0x70, 0x0F, 0x78, 0x0E, 0x78, 0x1E, 0x3E, 0x7C, 0x1F,
    0xF8, 0x0F, 0xF0, 0x00, 0xFC, 0x00, 0x07, 0xF8, 0x00, 0x1C, 0xE0, 0x00, 0x61, 0xC0, 0x00, 0x00,
    0x00, 0x00, 0x00, 0x00, 0x00, 0x00, 0x00, 0x7F, 0x80, 0x07, 0xFF, 0x80, 0x3F, 0xFF, 0x81, 0xFC,
    0xFE, 0x0F, 0x80, 0x7C, 0x7C, 0x00, 0xF9, 0xE0, 0x01, 0xE7, 0x80, 0x07, 0x9E, 0x00, 0x0F, 0x70,
    0x00, 0x3F, 0xC0, 0x00, 0xF7, 0x00, 0x03, 0xDE, 0x00, 0x0F, 0x78, 0x00, 0x79, 0xE0, 0x01, 0xE7,
    0xC0, 0x0F, 0x8F, 0x80, 0x7C, 0x1F, 0xCF, 0xE0, 0x3F, 0xFF, 0x80, 0x7F, 0xF8, 0x00, 0x7F, 0xC0,
    0x07, 0xE0, 0x0F, 0xF0, 0x0E, 0x70, 0x0C, 0x38, 0x00, 0x00, 0x00, 0x00, 0x00, 0x00, 0x0F, 0xF0,
    0x1F, 0xF8, 0x3E, 0x7C, 0x78, 0x1E, 0x78, 0x0E, 0x70, 0x0F, 0xF0, 0x0F, 0xF0, 0x0F, 0xF0, 0x0F,
    0xF0, 0x0F, 0x70, 0x0F, 0x78, 0x0E, 0x78, 0x1E, 0x3E, 0x7C, 0x1F, 0xF8, 0x0F, 0xF0, 0x61, 0x00,
    0x39, 0xC0, 0x1E, 0xF0, 0x07, 0x38, 0x01, 0xCE, 0x00, 0xE3, 0x00, 0x00, 0x00, 0x00, 0x00, 0xFF,
    0xF0, 0x7F, 0xFE, 0x3F, 0xFF, 0x9E, 0x1F, 0xCF, 0x01, 0xF7, 0x80, 0x7B, 0xC0, 0x3D, 0xE0, 0x1E,
    0xF0, 0x1F, 0x78, 0x7F, 0x3F, 0xFF, 0x9F, 0xFF, 0x8F, 0xFF, 0x07, 0x87, 0x83, 0xC1, 0xE1, 0xE0,
    0x78, 0xF0, 0x3E, 0x78, 0x0F, 0x3C, 0x03, 0xDE, 0x01, 0xFF, 0x00, 0x78, 0x61, 0x07, 0x38, 0x7B,
    0xC3, 0x9C, 0x1C, 0xE1, 0xC6, 0x00, 0x00, 0x00, 0x1F, 0xF3, 0xFF, 0x3E, 0x23, 0xC0, 0x3C, 0x03,
    0xC0, 0x3C, 0x03, 0xC0, 0x3C, 0x03, 0xC0, 0x3C, 0x03, 0xC0, 0x3C, 0x03, 0xC0, 0x3C, 0x03, 0xC0,
    0x0F, 0xC0, 0x0F, 0xF0, 0x07, 0x38, 0x03, 0x0E, 0x00, 0x00, 0x00, 0x00, 0x00, 0x00, 0x01, 0xFF,
    0xE0, 0xFF, 0xFC, 0x7F, 0xFF, 0x3C, 0x3F, 0x9E, 0x03, 0xEF, 0x00, 0xF7, 0x80, 0x7B, 0xC0, 0x3D,
    0xE0, 0x3E, 0xF0, 0xFE, 0x7F, 0xFF, 0x3F, 0xFF, 0x1F, 0xFE, 0x0F, 0x0F, 0x07, 0x83, 0xC3, 0xC0,
    0xF1, 0xE0, 0x7C, 0xF0, 0x1E, 0x78, 0x07, 0xBC, 0x03, 0xFE, 0x00, 0xF0, 0x3F, 0x1F, 0xE7, 0x39,
    0x87, 0x00, 0x00, 0x00, 0x01, 0xFF, 0xFF, 0xFE, 0x2F, 0x03, 0xC0, 0xF0, 0x3C, 0x0F, 0x03, 0xC0,
    0xF0, 0x3C, 0x0F, 0x03, 0xC0, 0xF0, 0x3C, 0x0F, 0x00, 0x18, 0xC0, 0x1C, 0xF0, 0x0F, 0x78, 0x03,
    0xDE, 0x00, 0xF7, 0x80, 0x31, 0x80, 0x00, 0x00, 0x00, 0x00, 0xF0, 0x07, 0xF8, 0x03, 0xFC, 0x01,
    0xFE, 0x00, 0xFF, 0x00, 0x7F, 0x80, 0x3F, 0xC0, 0x1F, 0xE0, 0x0F, 0xF0, 0x07, 0xF8, 0x03, 0xFC,
    0x01, 0xFE, 0x00, 0xFF, 0x00, 0x7F, 0x80, 0x3F, 0xC0, 0x1F, 0xF0, 0x0F, 0x78, 0x0F, 0xBF, 0x1F,
    0x8F, 0xFF, 0x83, 0xFF, 0x80, 0xFF, 0x80, 0x63, 0x03, 0xDE, 0x0F, 0x78, 0x1E, 0xF0, 0x3D, 0xE0,
    0x63, 0x80, 0x00, 0x00, 0x00, 0xF0, 0x3F, 0xC0, 0xFF, 0x03, 0xFC, 0x0F, 0xF0, 0x3F, 0xC0, 0xFF,
    0x03, 0xFC, 0x0F, 0xF0, 0x3F, 0xC0, 0xFF, 0x03, 0xFC, 0x0F, 0x70, 0x3D, 0xF1, 0xF3, 0xFF, 0xC7,
    0xFE, 0x03, 0xE0, 0x03, 0xF8, 0x03, 0xDE, 0x01, 0xC7, 0x00, 0x00, 0x00, 0x00, 0x00, 0x00, 0x01,
    0xE0, 0x0F, 0xF0, 0x07, 0xF8, 0x03, 0xFC, 0x01, 0xFE, 0x00, 0xFF, 0x00, 0x7F, 0x80, 0x3F, 0xC0,
    0x1F, 0xE0, 0x0F, 0xF0, 0x07, 0xF8, 0x03, 0xFC, 0x01, 0xFE, 0x00, 0xFF, 0x00, 0x7F, 0x80, 0x3F,
    0xE0, 0x1E, 0xF0, 0x1F, 0x7E, 0x3F, 0x1F, 0xFF, 0x07, 0xFF, 0x01, 0xFF, 0x00, 0x0F, 0xC0, 0x7F,
    0x81, 0xDE, 0x0E, 0x18, 0x00, 0x00, 0x00, 0x00, 0x00, 0x3C, 0x0F, 0xF0, 0x3F, 0xC0, 0xFF, 0x03,
    0xFC, 0x0F, 0xF0, 0x3F, 0xC0, 0xFF, 0x03, 0xFC, 0x0F, 0xF0, 0x3F, 0xC0, 0xFF, 0x03, 0xDC, 0x0F,
    0x7C, 0x7C, 0xFF, 0xF1, 0xFF, 0x80, 0x1F, 0xF8, 0x7F, 0xF9, 0xFF, 0xF3, 0xE3, 0xCF, 0x00, 0x1E,
    0x00, 0x3C, 0x00, 0x3E, 0x00, 0x7F, 0x00, 0x7F, 0xC0, 0x7F, 0xE0, 0x1F, 0xE0, 0x07, 0xC0, 0x07,
    0xC0, 0x07, 0x80, 0x0F, 0x40, 0x1F, 0xF1, 0xFB, 0xFF, 0xF7, 0xFF, 0xC7, 0xFE, 0x00, 0x00, 0x00,
    0x00, 0x03, 0xC0, 0x07, 0x80, 0x3F, 0x00, 0x3C, 0x00, 0x1F, 0xE7, 0xFE, 0x78, 0xEF, 0x00, 0xF0,
    0x0F, 0x80, 0x7E, 0x07, 0xFC, 0x3F, 0xE0, 0x7F, 0x00, 0xF0, 0x0F, 0x00, 0xFE, 0x1F, 0xFF, 0xEF,
    0xFC, 0x00, 0x00, 0x00, 0x0E, 0x01, 0xE0, 0x3E, 0x03, 0xC0, 0xFF, 0xFF, 0xBF, 0xFF, 0xEF, 0xFF,
    0xF8, 0x07, 0x80, 0x01, 0xE0, 0x00, 0x78, 0x00, 0x1E, 0x00, 0x07, 0x80, 0x01, 0xE0, 0x00, 0x78,
    0x00, 0x1E, 0x00, 0x07, 0x80, 0x01, 0xE0, 0x00, 0x78, 0x00, 0x1E, 0x00, 0x07, 0x80, 0x01, 0xE0,
    0x00, 0x78, 0x00, 0x1E, 0x00, 0x07, 0x80, 0x01, 0xE0, 0x00, 0x00, 0x00, 0x00, 0x00, 0x07, 0x80,
    0x03, 0xE0, 0x01, 0xF0, 0x00, 0x78, 0x00, 0xF0, 0x3C, 0x0F, 0x03, 0xC0, 0xF0, 0x3F, 0xFF, 0xFF,
    0xC0, 0xF0, 0x3C, 0x0F, 0x03, 0xC0, 0xF0, 0x3C, 0x0F, 0x03, 0xC0, 0xF0, 0x3C, 0x07, 0x8D, 0xFF,
    0x3F, 0xC0, 0x00, 0x00, 0x78, 0x1E, 0x1F, 0x87, 0xC0, 0x7F, 0xE1, 0xFF, 0xE1, 0xFF, 0xE3, 0xCF,
    0xE0, 0x03, 0xC0, 0x07, 0x80, 0x0F, 0x00, 0x1E, 0x00, 0x3C, 0x00, 0xF8, 0x0F, 0xE0, 0xFF, 0x81,
    0xFF, 0x03, 0xFF, 0x00, 0xFF, 0x00, 0x1F, 0x00, 0x1E, 0x00, 0x3C, 0x00, 0x78, 0x00, 0xF0, 0x01,
    0xE0, 0x07, 0xC0, 0x1F, 0x07, 0xFE, 0xFF, 0xF9, 0xFF, 0xC3, 0xFE, 0x00, 0xFF, 0x87, 0xFE, 0x3C,
    0xF8, 0x01, 0xE0, 0x0F, 0x00, 0x78, 0x03, 0xC0, 0x3C, 0x07, 0xE0, 0xFE, 0x07, 0xF0, 0x0F, 0xC0,
    0x0F, 0x00, 0x38, 0x01, 0xE0, 0x0F, 0x00, 0x70, 0x07, 0x80, 0xF8, 0x7F, 0x8F, 0xF8, 0x7F, 0x00,
    0x06, 0x18, 0x01, 0xCE, 0x00, 0x7F, 0x80, 0x0F, 0xC0, 0x01, 0xE0, 0x00, 0x30, 0x00, 0x00, 0x00,
    0x00, 0x00, 0xF0, 0x03, 0xFC, 0x00, 0xFF, 0x00, 0x3F, 0xC0, 0x0F, 0xF0, 0x03, 0xFC, 0x00, 0xFF,
    0x00, 0x3F, 0xC0, 0x0F, 0xFF, 0xFF, 0xFF, 0xFF, 0xFF, 0xFF, 0xFF, 0xC0, 0x0F, 0xF0, 0x03, 0xFC,
    0x00, 0xFF, 0x00, 0x3F, 0xC0, 0x0F, 0xF0, 0x03, 0xFC, 0x00, 0xFF, 0x00, 0x3F, 0xC0, 0x0F, 0xF0,
    0x03, 0xC0, 0x63, 0x00, 0xFE, 0x00, 0xF8, 0x00, 0xE0, 0x00, 0x00, 0x0F, 0x00, 0x1E, 0x00, 0x3C,
    0x00, 0x78, 0x00, 0xF0, 0x01, 0xE0, 0x03, 0xC0, 0x07, 0x80, 0x0F, 0xFE, 0x1F, 0xFE, 0x3E, 0x3E,
    0x78, 0x3C, 0xF0, 0x3D, 0xE0, 0x7B, 0xC0, 0xF7, 0x81, 0xEF, 0x03, 0xDE, 0x07, 0xBC, 0x0F, 0x78,
    0x1E, 0xF0, 0x3D, 0xE0, 0x7B, 0xC0, 0xF7, 0x81, 0xE0, 0x78, 0x78, 0x1C, 0x0E, 0x07, 0x0F, 0x1E,
    0x3C, 0x78, 0xE0, 0x0F, 0x03, 0xF0, 0xEE, 0x3C, 0xEE, 0x0E, 0x7C, 0x7F, 0xFE, 0xEF, 0xEC, 0x3C,
    0x7F, 0xBF, 0xFF, 0xFC, 0xC0, 0xF8, 0x7F, 0xFD, 0xFE, 0x3F, 0x00, 0xFF, 0xF0, 0xE1, 0xFC, 0xFE,
    0x1C, 0x7C, 0xFE, 0xC7, 0xC7, 0xEE, 0x7E, 0x00, 0x1C, 0xF3, 0xCE, 0x79, 0xC7, 0x3C, 0xE3, 0x00,
    0x70, 0xEF, 0x38, 0xFF, 0x0F, 0xC0, 0xF0, 0x3F, 0x3F, 0xDD, 0xFC, 0x30, 0x18, 0xE3, 0x8E, 0x79,
    0xE7, 0x3C, 0xF0, 0x77, 0xEE, 0xC0, 0x00, 0x70, 0xF0, 0xF0, 0xEF, 0xFF, 0xFE, 0x18, 0xC7, 0x38,
    0xE3, 0xFF, 0xDF, 0x06, 0x00, 0x1E, 0x00, 0x3C, 0x00, 0x3C, 0x00, 0x3C, 0x00, 0x18, 0x00, 0x00,
    0x00, 0x00, 0xFF, 0xFD, 0xFF, 0xFB, 0xFF, 0xF7, 0x80, 0x0F, 0x00, 0x1E, 0x00, 0x3C, 0x00, 0x78,
    0x00, 0xFF, 0xF9, 0xFF, 0xF3, 0xFF, 0xE7, 0x80, 0x0F, 0x00, 0x1E, 0x00, 0x3C, 0x00, 0x78, 0x00,
    0xF0, 0x01, 0xE0, 0x03, 0xFF, 0xFF, 0xFF, 0xFF, 0xFF, 0xE0, 0x1C, 0x70, 0x79, 0xE0, 0xF3, 0xC0,
    0xE3, 0x80, 0x00, 0x00, 0x00, 0x00, 0x00, 0x7F, 0xFE, 0xFF, 0xFD, 0xFF, 0xFB, 0xC0, 0x07, 0x80,
    0x0F, 0x00, 0x1E, 0x00, 0x3C, 0x00, 0x7F, 0xFC, 0xFF, 0xF9, 0xFF, 0xF3, 0xC0, 0x07, 0x80, 0x0F,
    0x00, 0x1E, 0x00, 0x3C, 0x00, 0x78, 0x00, 0xF0, 0x01, 0xFF, 0xFF, 0xFF, 0xFF, 0xFF, 0xF0, 0xFF,
    0xFF, 0xC1, 0xFF, 0xFF, 0x83, 0xFF, 0xFF, 0x00, 0x1E, 0x00, 0x00, 0x3C, 0x00, 0x00, 0x78, 0x00,
    0x00, 0xF0, 0x00, 0x01, 0xFF, 0xE0, 0x03, 0xFF, 0xF0, 0x07, 0xFF, 0xF0, 0x0F, 0xC7, 0xF0, 0x1E,
    0x01, 0xE0, 0x3C, 0x03, 0xC0, 0x78, 0x03, 0x80, 0xF0, 0x07, 0x01, 0xE0, 0x1E, 0x03, 0xC0, 0x3C,
    0x07, 0x81, 0xF8, 0x0F, 0x0F, 0xE0, 0x1E, 0x1F, 0xC0, 0x3C, 0x3E, 0x00, 0x00, 0xC0, 0x07, 0x80,
    0x3E, 0x00, 0xF0, 0x07, 0x00, 0x18, 0x00, 0x00, 0x00, 0x00, 0xFF, 0xFF, 0xFF, 0xFF, 0xFF, 0xFC,
    0x00, 0xF0, 0x03, 0xC0, 0x0F, 0x00, 0x3C, 0x00, 0xF0, 0x03, 0xC0, 0x0F, 0x00, 0x3C, 0x00, 0xF0,
    0x03, 0xC0, 0x0F, 0x00, 0x3C, 0x00, 0xF0, 0x03, 0xC0, 0x0F, 0x00, 0x3C, 0x00, 0xF0, 0x00, 0x03,
    0xFF, 0x01, 0xFF, 0xF1, 0xFF, 0xF8, 0x7F, 0x1E, 0x3E, 0x00, 0x1E, 0x00, 0x07, 0x80, 0x01, 0xE0,
    0x00, 0x7F, 0xFC, 0x3F, 0xFF, 0x0F, 0xFF, 0xC3, 0xC0, 0x00, 0x78, 0x00, 0x1E, 0x00, 0x07, 0x80,
    0x01, 0xF0, 0x00, 0x3E, 0x00, 0x07, 0xF1, 0xE1, 0xFF, 0xFC, 0x1F, 0xFF, 0x03, 0xFF, 0x00, 0x1F,
    0xF8, 0x7F, 0xF9, 0xFF, 0xF3, 0xE3, 0xCF, 0x00, 0x1E, 0x00, 0x3C, 0x00, 0x3E, 0x00, 0x7F, 0x00,
    0x7F, 0xC0, 0x7F, 0xE0, 0x1F, 0xE0, 0x07, 0xC0, 0x07, 0xC0, 0x07, 0x80, 0x0F, 0x40, 0x1F, 0xF1,
    0xFB, 0xFF, 0xF7, 0xFF, 0xC7, 0xFE, 0x00, 0xFF, 0xFF, 0xFF, 0xFF, 0xFF, 0xFF, 0xFF, 0xFF, 0xFF,
    0xFF, 0xF0, 0x71, 0xFC, 0xFF, 0x3D, 0xC7, 0x00, 0x00, 0x00, 0x00, 0x78, 0x1E, 0x07, 0x81, 0xE0,
    0x78, 0x1E, 0x07, 0x81, 0xE0, 0x78, 0x1E, 0x07, 0x81, 0xE0, 0x78, 0x1E, 0x07, 0x81, 0xE0, 0x78,
    0x1E, 0x07, 0x81, 0xE0, 0x78, 0x00, 0x38, 0x01, 0xC0, 0x0E, 0x00, 0x70, 0x03, 0x80, 0x1C, 0x00,
    0xE0, 0x07, 0x00, 0x38, 0x01, 0xC0, 0x0E, 0x00, 0x70, 0x03, 0x80, 0x1C, 0x00, 0xE0, 0x0F, 0x40,
    0x7B, 0x8F, 0xFF, 0xFD, 0xFF, 0xC3, 0xFC, 0x00, 0x01, 0xFF, 0xF0, 0x00, 0x01, 0xFF, 0xF0, 0x00,
    0x01, 0xFF, 0xF0, 0x00, 0x01, 0xC0, 0xF0, 0x00, 0x01, 0xC0, 0xF0, 0x00, 0x01, 0xC0, 0xF0, 0x00,
    0x01, 0xC0, 0xF0, 0x00, 0x03, 0xC0, 0xFF, 0xE0, 0x03, 0xC0, 0xFF, 0xF8, 0x03, 0xC0, 0xFF, 0xFC,
    0x03, 0xC0, 0xF1, 0xFE, 0x03, 0xC0, 0xF0, 0x1E, 0x03, 0xC0, 0xF0, 0x1E, 0x07, 0x80, 0xF0, 0x0F,
    0x07, 0x80, 0xF0, 0x0F, 0x0F, 0x80, 0xF0, 0x1E, 0x0F, 0x00, 0xF0, 0x1E, 0x3F, 0x00, 0xF0, 0xFE,
    0xFE, 0x00, 0xFF, 0xFC, 0xFC, 0x00, 0xFF, 0xF8, 0xF8, 0x00, 0xFF, 0xE0, 0x00, 0x00, 0x00, 0x00,
    0xF0, 0x07, 0x80, 0x07, 0x80, 0x3C, 0x00, 0x3C, 0x01, 0xE0, 0x01, 0xE0, 0x0F, 0x00, 0x0F, 0x00,
    0x78, 0x00, 0x78, 0x03, 0xC0, 0x03, 0xC0, 0x1E, 0x00, 0x1F, 0xFF, 0xFF, 0xF0, 0xFF, 0xFF, 0xFF,
    0xE7, 0xFF, 0xFF, 0xFF, 0xBC, 0x01, 0xE1, 0xFD, 0xE0, 0x0F, 0x01, 0xFF, 0x00, 0x78, 0x07, 0xF8,
    0x03, 0xC0, 0x3F, 0xC0, 0x1E, 0x01, 0xFE, 0x00, 0xF0, 0x0F, 0xF0, 0x07, 0x80, 0xFF, 0x80, 0x3C,
    0x3F, 0xBC, 0x01, 0xFF, 0xF9, 0xE0, 0x0F, 0xFF, 0x8F, 0x00, 0x7F, 0xF0, 0x00, 0xFF, 0xFF, 0xC3,
    0xFF, 0xFF, 0x0F, 0xFF, 0xFC, 0x00, 0xF0, 0x00, 0x03, 0xC0, 0x00, 0x0F, 0x00, 0x00, 0x3C, 0x00,
    0x00, 0xFF, 0xF0, 0x03, 0xFF, 0xF0, 0x0F, 0xFF, 0xC0, 0x3F, 0x1F, 0x80, 0xF0, 0x1E, 0x03, 0xC0,
    0x78, 0x0F, 0x00, 0xE0, 0x3C, 0x03, 0xC0, 0xF0, 0x0F, 0x03, 0xC0, 0x3C, 0x0F, 0x00, 0xF0, 0x3C,
    0x03, 0xC0, 0xF0, 0x0F, 0x03, 0xC0, 0x3C, 0x00, 0x60, 0x00, 0x3C, 0x00, 0x0F, 0x00, 0x07, 0x80,
    0x03, 0xC0, 0x00, 0xE0, 0x00, 0x00, 0x00, 0x00, 0x00, 0xF0, 0x0F, 0xBC, 0x07, 0x8F, 0x03, 0xC3,
    0xC1, 0xE0, 0xF0, 0xF0, 0x3C, 0x78, 0x0F, 0x3C, 0x03, 0xDE, 0x00, 0xFF, 0x00, 0x3F, 0x80, 0x0F,
    0xF8, 0x03, 0xFF, 0x00, 0xF7, 0xE0, 0x3C, 0xFC, 0x0F, 0x0F, 0x83, 0xC1, 0xF0, 0xF0, 0x3C, 0x3C,
    0x07, 0x8F, 0x01, 0xF3, 0xC0, 0x3E, 0xF0, 0x07, 0x80, 0x03, 0x00, 0x00, 0xE0, 0x00, 0x3C, 0x00,
    0x07, 0x80, 0x00, 0xE0, 0x00, 0x18, 0x00, 0x00, 0x00, 0x00, 0x00, 0xF0, 0x01, 0xFC, 0x00, 0xFF,
    0x00, 0x7F, 0xC0, 0x3F, 0xF0, 0x1F, 0xFC, 0x0F, 0xFF, 0x03, 0xDF, 0xC1, 0xE7, 0xF0, 0xF1, 0xFC,
    0x78, 0x7F, 0x1E, 0x1F, 0xCF, 0x07, 0xF7, 0x81, 0xFF, 0xE0, 0x7F, 0xF0, 0x1F, 0xF8, 0x07, 0xFE,
    0x01, 0xFF, 0x00, 0x7F, 0x80, 0x1F, 0xE0, 0x07, 0xF0, 0x01, 0xC0, 0x07, 0x1C, 0x01, 0xEF, 0x00,
    0x7F, 0xC0, 0x0F, 0xE0, 0x00, 0x00, 0x00, 0x00, 0x00, 0x00, 0x03, 0xE0, 0x0F, 0x78, 0x03, 0xCF,
    0x01, 0xE3, 0xC0, 0x78, 0xF8, 0x1E, 0x1E, 0x0F, 0x07, 0xC3, 0xC0, 0xF0, 0xE0, 0x3E, 0x78, 0x07,
    0x9E, 0x00, 0xF7, 0x00, 0x3F, 0xC0, 0x07, 0xE0, 0x01, 0xF8, 0x00, 0x3E, 0x00, 0x0F, 0x00, 0x07,
    0xC0, 0x27, 0xE0, 0x1F, 0xF0, 0x07, 0xF8, 0x01, 0xFC, 0x00, 0xF0, 0x03, 0xF8, 0x01, 0xFC, 0x00,
    0xFE, 0x00, 0x7F, 0x00, 0x3F, 0x80, 0x1F, 0xC0, 0x0F, 0xE0, 0x07, 0xF0, 0x03, 0xF8, 0x01, 0xFC,
    0x00, 0xFE, 0x00, 0x7F, 0x00, 0x3F, 0x80, 0x1F, 0xC0, 0x0F, 0xE0, 0x07, 0xF0, 0x03, 0xF8, 0x01,
    0xFF, 0xFF, 0xFF, 0xFF, 0xFF, 0xFF, 0xF8, 0x0F, 0x00, 0x07, 0x80, 0x03, 0xC0, 0x01, 0xE0, 0x00,
    0xF0, 0x00, 0x78, 0x00, 0x00, 0xF0, 0x00, 0x07, 0xC0, 0x00, 0x7E, 0x00, 0x03, 0xF8, 0x00, 0x3F,
    0xC0, 0x01, 0xEF, 0x00, 0x1E, 0x78, 0x00, 0xF1, 0xC0, 0x07, 0x0F, 0x00, 0x78, 0x78, 0x03, 0xC1,
    0xE0, 0x3C, 0x0F, 0x01, 0xE0, 0x38, 0x0F, 0xFF, 0xE0, 0xFF, 0xFF, 0x07, 0xFF, 0xFC, 0x3C, 0x01,
    0xE3, 0xC0, 0x0F, 0x1E, 0x00, 0x3D, 0xE0, 0x01, 0xEF, 0x00, 0x0F, 0x80, 0xFF, 0xFC, 0xFF, 0xFC,
    0xFF, 0xFC, 0xF0, 0x00, 0xF0, 0x00, 0xF0, 0x00, 0xF0, 0x00, 0xFF, 0xF0, 0xFF, 0xFC, 0xFF, 0xFE,
    0xF0, 0xFF, 0xF0, 0x1F, 0xF0, 0x0F, 0xF0, 0x0F, 0xF0, 0x0F, 0xF0, 0x0F, 0xF0, 0x1F, 0xF0, 0xFE,
    0xFF, 0xFE, 0xFF, 0xFC, 0xFF, 0xF0, 0xFF, 0xF0, 0x7F, 0xFE, 0x3F, 0xFF, 0x9E, 0x1F, 0xCF, 0x01,
    0xF7, 0x80, 0x7B, 0xC0, 0x79, 0xE0, 0xFC, 0xFF, 0xFC, 0x7F, 0xFE, 0x3F, 0xFF, 0x9E, 0x0F, 0xEF,
    0x00, 0xF7, 0x80, 0x3F, 0xC0, 0x1F, 0xE0, 0x0F, 0xF0, 0x0F, 0x78, 0x3F, 0xBF, 0xFF, 0x9F, 0xFF,
    0x8F, 0xFF, 0x00, 0xFF, 0xFF, 0xFF, 0xFF, 0xFF, 0xFC, 0x00, 0xF0, 0x03, 0xC0, 0x0F, 0x00, 0x3C,
    0x00, 0xF0, 0x03, 0xC0, 0x0F, 0x00, 0x3C, 0x00, 0xF0, 0x03, 0xC0, 0x0F, 0x00, 0x3C, 0x00, 0xF0,
    0x03, 0xC0, 0x0F, 0x00, 0x3C, 0x00, 0xF0, 0x00, 0x01, 0xFF, 0xF0, 0x07, 0xFF, 0xC0, 0x1F, 0xFF,
    0x00, 0x70, 0x3C, 0x01, 0xC0, 0xF0, 0x0F, 0x03, 0xC0, 0x3C, 0x0F, 0x00, 0xF0, 0x3C, 0x03, 0xC0,
    0xF0, 0x0F, 0x03, 0xC0, 0x3C, 0x0F, 0x00, 0xE0, 0x3C, 0x07, 0x80, 0xF0, 0x1E, 0x03, 0xC0, 0x78,
    0x0F, 0x03, 0xC0, 0x3C, 0x1F, 0x00, 0xF0, 0x78, 0x03, 0xCF, 0xFF, 0xFF, 0xFF, 0xFF, 0xFF, 0xFF,
    0xFF, 0xFF, 0xC0, 0x00, 0x7F, 0x00, 0x01, 0xFC, 0x00, 0x07, 0xF0, 0x00, 0x1F, 0xC0, 0x00, 0x7F,
    0x00, 0x01, 0xC0, 0xFF, 0xFD, 0xFF, 0xFB, 0xFF, 0xF7, 0x80, 0x0F, 0x00, 0x1E, 0x00, 0x3C, 0x00,
    0x78, 0x00, 0xFF, 0xF9, 0xFF, 0xF3, 0xFF, 0xE7, 0x80, 0x0F, 0x00, 0x1E, 0x00, 0x3C, 0x00, 0x78,
    0x00, 0xF0, 0x01, 0xE0, 0x03, 0xFF, 0xFF, 0xFF, 0xFF, 0xFF, 0xE0, 0x7C, 0x0F, 0x03, 0xE3, 0xC0,
    0xF0, 0x3C, 0x1E, 0x0F, 0x07, 0x80, 0xF0, 0xF0, 0xF0, 0x07, 0x8F, 0x1E, 0x00, 0x7C, 0xF3, 0xE0,
    0x03, 0xEF, 0x7C, 0x00, 0x1F, 0xFF, 0x80, 0x00, 0xFF, 0xF0, 0x00, 0x07, 0xFE, 0x00, 0x00, 0xFF,
    0xF0, 0x00, 0x1E, 0xF7, 0x80, 0x03, 0xCF, 0x3C, 0x00, 0x7C, 0xF3, 0xE0, 0x07, 0x8F, 0x1E, 0x00,
    0xF0, 0xF0, 0xF0, 0x1E, 0x0F, 0x07, 0x83, 0xE0, 0xF0, 0x7C, 0x3C, 0x0F, 0x03, 0xC7, 0x80, 0xF0,
    0x1E, 0x78, 0x0F, 0x01, 0xE0, 0x1F, 0xF0, 0x3F, 0xFE, 0x0F, 0xFF, 0x87, 0x8F, 0xC0, 0x01, 0xF0,
    0x00, 0x70, 0x00, 0x78, 0x01, 0xFC, 0x0F, 0xF8, 0x07, 0xFE, 0x03, 0xFF, 0x80, 0x1F, 0xE0, 0x00,
    0xF0, 0x00, 0x78, 0x00, 0x1E, 0x00, 0x1E, 0x00, 0x0F, 0x3E, 0x3F, 0x9F, 0xFF, 0x8F, 0xFF, 0x83,
    0xFF, 0x80, 0xF0, 0x01, 0xFC, 0x00, 0xFF, 0x00, 0x7F, 0xC0, 0x3F, 0xF0, 0x1F, 0xFC, 0x0F, 0xFF,
    0x03, 0xDF, 0xC1, 0xE7, 0xF0, 0xF1, 0xFC, 0x78, 0x7F, 0x1E, 0x1F, 0xCF, 0x07, 0xF7, 0x81, 0xFF,
    0xE0, 0x7F, 0xF0, 0x1F, 0xF8, 0x07, 0xFE, 0x01, 0xFF, 0x00, 0x7F, 0x80, 0x1F, 0xE0, 0x07, 0xF0,
    0x01, 0xC0, 0x06, 0x1C, 0x03, 0xEF, 0x00, 0x7F, 0xC0, 0x0F, 0xE0, 0x00, 0x00, 0x00, 0x00, 0x00,
    0x00, 0x03, 0xC0, 0x07, 0xF0, 0x03, 0xFC, 0x01, 0xFF, 0x00, 0xFF, 0xC0, 0x7F, 0xF0, 0x3F, 0xFC,
    0x0F, 0x7F, 0x07, 0x9F, 0xC3, 0xC7, 0xF1, 0xE1, 0xFC, 0x78, 0x7F, 0x3C, 0x1F, 0xDE, 0x07, 0xFF,
    0x81, 0xFF, 0xC0, 0x7F, 0xE0, 0x1F, 0xF8, 0x07, 0xFC, 0x01, 0xFE, 0x00, 0x7F, 0x80, 0x1F, 0xC0,
    0x07, 0xF0, 0x0F, 0xBC, 0x07, 0x8F, 0x03, 0xC3, 0xC1, 0xE0, 0xF0, 0xF0, 0x3C, 0x78, 0x0F, 0x3C,
    0x03, 0xDE, 0x00, 0xFF, 0x00, 0x3F, 0x80, 0x0F, 0xF8, 0x03, 0xFF, 0x00, 0xF7, 0xE0, 0x3C, 0xFC,
    0x0F, 0x0F, 0x83, 0xC1, 0xF0, 0xF0, 0x3C, 0x3C, 0x07, 0x8F, 0x01, 0xF3, 0xC0, 0x3E, 0xF0, 0x07,
    0x80, 0x01, 0xFF, 0xF0, 0x1F, 0xFF, 0x01, 0xFF, 0xF0, 0x1C, 0x0F, 0x01, 0xC0, 0xF0, 0x1C, 0x0F,
    0x01, 0xC0, 0xF0, 0x3C, 0x0F, 0x03, 0xC0, 0xF0, 0x3C, 0x0F, 0x03, 0xC0, 0xF0, 0x3C, 0x0F, 0x03,
    0xC0, 0xF0, 0x78, 0x0F, 0x07, 0x80, 0xF0, 0xF8, 0x0F, 0x1F, 0x00, 0xF7, 0xF0, 0x0F, 0xFE, 0x00,
    0xFF, 0xC0, 0x0F, 0xF0, 0x00, 0xF0, 0x78, 0x00, 0x3C, 0xF8, 0x00, 0xF9, 0xF0, 0x01, 0xF3, 0xF0,
    0x07, 0xE7, 0xE0, 0x0F, 0xCE, 0xE0, 0x3B, 0x9D, 0xC0, 0x77, 0x39, 0xC1, 0xCE, 0xF3, 0x83, 0x9F,
    0xE7, 0x07, 0x3F, 0xC7, 0x1C, 0x7F, 0x8E, 0x38, 0xFF, 0x0E, 0xE1, 0xFE, 0x1D, 0xC3, 0xFC, 0x1F,
    0x07, 0xF8, 0x3E, 0x0F, 0xF0, 0x7C, 0x1F, 0xE0, 0x70, 0x3F, 0x80, 0x00, 0x3F, 0x00, 0x00, 0x7E,
    0x00, 0x00, 0xE0, 0xF0, 0x03, 0xFC, 0x00, 0xFF, 0x00, 0x3F, 0xC0, 0x0F, 0xF0, 0x03, 0xFC, 0x00,
    0xFF, 0x00, 0x3F, 0xC0, 0x0F, 0xFF, 0xFF, 0xFF, 0xFF, 0xFF, 0xFF, 0xFF, 0xC0, 0x0F, 0xF0, 0x03,
    0xFC, 0x00, 0xFF, 0x00, 0x3F, 0xC0, 0x0F, 0xF0, 0x03, 0xFC, 0x00, 0xFF, 0x00, 0x3F, 0xC0, 0x0F,
    0xF0, 0x03, 0xC0, 0x01, 0xFE, 0x00, 0x1F, 0xFE, 0x00, 0xFF, 0xFE, 0x07, 0xF3, 0xF8, 0x3E, 0x01,
    0xF1, 0xF0, 0x03, 0xE7, 0x80, 0x07, 0x9E, 0x00, 0x1E, 0x78, 0x00, 0x3D, 0xC0, 0x00, 0xFF, 0x00,
    0x03, 0xDC, 0x00, 0x0F, 0x78, 0x00, 0x3D, 0xE0, 0x01, 0xE7, 0x80, 0x07, 0x9F, 0x00, 0x3E, 0x3E,
    0x01, 0xF0, 0x7F, 0x3F, 0x80, 0xFF, 0xFE, 0x01, 0xFF, 0xE0, 0x01, 0xFF, 0x00, 0xFF, 0xFF, 0xFF,
    0xFF, 0xFF, 0xFF, 0xFE, 0x00, 0x7F, 0x00, 0x3F, 0x80, 0x1F, 0xC0, 0x0F, 0xE0, 0x07, 0xF0, 0x03,
    0xF8, 0x01, 0xFC, 0x00, 0xFE, 0x00, 0x7F, 0x00, 0x3F, 0x80, 0x1F, 0xC0, 0x0F, 0xE0, 0x07, 0xF0,
    0x03, 0xF8, 0x01, 0xFC, 0x00, 0xFE, 0x00, 0x7F, 0x00, 0x38, 0xFF, 0xF0, 0xFF, 0xFC, 0xFF, 0xFE,
    0xF0, 0xFE, 0xF0, 0x1F, 0xF0, 0x0F, 0xF0, 0x0F, 0xF0, 0x0F, 0xF0, 0x1F, 0xF0, 0xFE, 0xFF, 0xFE,
    0xFF, 0xFC, 0xFF, 0xF0, 0xF0, 0x00, 0xF0, 0x00, 0xF0, 0x00, 0xF0, 0x00, 0xF0, 0x00, 0xF0, 0x00,
    0xF0, 0x00, 0xF0, 0x00, 0x01, 0xFF, 0x01, 0xFF, 0xF0, 0xFF, 0xF8, 0x7F, 0x1E, 0x3E, 0x00, 0x1F,
    0x00, 0x07, 0x80, 0x01, 0xE0, 0x00, 0x78, 0x00, 0x1C, 0x00, 0x0F, 0x00, 0x03, 0xC0, 0x00, 0x78,
    0x00, 0x1E, 0x00, 0x07, 0x80, 0x01, 0xF0, 0x00, 0x3E, 0x00, 0x07, 0xF1, 0xE1, 0xFF, 0xFC, 0x1F,
    0xFF, 0x03, 0xFF, 0x00, 0xFF, 0xFF, 0xBF, 0xFF, 0xEF, 0xFF, 0xF8, 0x07, 0x80, 0x01, 0xE0, 0x00,
    0x78, 0x00, 0x1E, 0x00, 0x07, 0x80, 0x01, 0xE0, 0x00, 0x78, 0x00, 0x1E, 0x00, 0x07, 0x80, 0x01,
    0xE0, 0x00, 0x78, 0x00, 0x1E, 0x00, 0x07, 0x80, 0x01, 0xE0, 0x00, 0x78, 0x00, 0x1E, 0x00, 0x07,
    0x80, 0x01, 0xE0, 0x00, 0xF8, 0x03, 0xDE, 0x00, 0xF3, 0xC0, 0x78, 0xF0, 0x1E, 0x3E, 0x07, 0x87,
    0x83, 0xC1, 0xF0, 0xF0, 0x3C, 0x38, 0x0F, 0x9E, 0x01, 0xE7, 0x80, 0x3D, 0xC0, 0x0F, 0xF0, 0x01,
    0xF8, 0x00, 0x7E, 0x00, 0x0F, 0x80, 0x03, 0xC0, 0x01, 0xF0, 0x09, 0xF8, 0x07, 0xFC, 0x01, 0xFE,
    0x00, 0x7F, 0x00, 0x00, 0x00, 0x1C, 0x00, 0x00, 0x0E, 0x00, 0x00, 0xFF, 0xF0, 0x00, 0xFF, 0xFE,
    0x01, 0xFF, 0xFF, 0xC1, 0xFC, 0xEF, 0xF0, 0xF8, 0x70, 0xF8, 0xF0, 0x38, 0x3E, 0x78, 0x1C, 0x0F,
    0x38, 0x0E, 0x07, 0xBC, 0x07, 0x03, 0xDE, 0x03, 0x81, 0xE7, 0x01, 0xC0, 0xF3, 0xC0, 0xE0, 0x79,
    0xE0, 0x70, 0x7C, 0x7C, 0x38, 0x7C, 0x3F, 0x9D, 0xFE, 0x0F, 0xFF, 0xFE, 0x03, 0xFF, 0xFC, 0x00,
    0x7F, 0xF8, 0x00, 0x01, 0xC0, 0x00, 0x00, 0xE0, 0x00, 0x00, 0x70, 0x00, 0x78, 0x03, 0xE7, 0x80,
    0x78, 0xF8, 0x1E, 0x0F, 0x07, 0x80, 0xF0, 0xF0, 0x1F, 0x3C, 0x01, 0xEF, 0x00, 0x1F, 0xE0, 0x03,
    0xF8, 0x00, 0x3E, 0x00, 0x07, 0xC0, 0x00, 0xFC, 0x00, 0x3F, 0xC0, 0x0F, 0xF8, 0x03, 0xE7, 0x80,
    0x78, 0xF8, 0x1E, 0x0F, 0x87, 0xC0, 0xF0, 0xF0, 0x0F, 0x3C, 0x01, 0xE7, 0x80, 0x1E, 0xF0, 0x03,
    0x8F, 0x00, 0x38, 0xF0, 0x03, 0x8F, 0x00, 0x38, 0xF0, 0x03, 0x8F, 0x00, 0x38, 0xF0, 0x03, 0x8F,
    0x00, 0x38, 0xF0, 0x03, 0x8F, 0x00, 0x38, 0xF0, 0x03, 0x8F, 0x00, 0x38, 0xF0, 0x03, 0x8F, 0x00,
    0x38, 0xF0, 0x03, 0x8F, 0x00, 0x38, 0xF0, 0x03, 0x8F, 0x00, 0x38, 0xFF, 0xFF, 0xFF, 0xFF, 0xFF,
    0xFF, 0xFF, 0xF0, 0x00, 0x0F, 0x00, 0x00, 0xF0, 0x00, 0x0F, 0x00, 0x00, 0xF0, 0x00, 0x0F, 0x00,
    0x00, 0xF0, 0xF0, 0x07, 0xF0, 0x07, 0xF0, 0x07, 0xF0, 0x07, 0xF0, 0x07, 0xF0, 0x07, 0xF0, 0x07,
    0xF0, 0x07, 0x70, 0x07, 0x78, 0x07, 0x7E, 0x1F, 0x3F, 0xFF, 0x3F, 0xFF, 0x0F, 0xFF, 0x00, 0x07,
    0x00, 0x07, 0x00, 0x07, 0x00, 0x07, 0x00, 0x07, 0x00, 0x07, 0x00, 0x07, 0xF0, 0x1E, 0x03, 0xFC,
    0x07, 0x80, 0xFF, 0x01, 0xE0, 0x3F, 0xC0, 0x78, 0x0F, 0xF0, 0x1E, 0x03, 0xFC, 0x07, 0x80, 0xFF,
    0x01, 0xE0, 0x3F, 0xC0, 0x78, 0x0F, 0xF0, 0x1E, 0x03, 0xFC, 0x07, 0x80, 0xFF, 0x01, 0xE0, 0x3F,
    0xC0, 0x78, 0x0F, 0xF0, 0x1E, 0x03, 0xFC, 0x07, 0x80, 0xFF, 0x01, 0xE0, 0x3F, 0xC0, 0x78, 0x0F,
    0xF0, 0x1E, 0x03, 0xFC, 0x07, 0x80, 0xFF, 0xFF, 0xFF, 0xFF, 0xFF, 0xFF, 0xFF, 0xFF, 0xFF, 0xFF,
    0xC0, 0xF0, 0x1E, 0x03, 0xC7, 0x80, 0xF0, 0x1E, 0x3C, 0x07, 0x80, 0xF1, 0xE0, 0x3C, 0x07, 0x8F,
    0x01, 0xE0, 0x3C, 0x78, 0x0F, 0x01, 0xE3, 0xC0, 0x78, 0x0F, 0x1E, 0x03, 0xC0, 0x78, 0xF0, 0x1E,
    0x03, 0xC7, 0x80, 0xF0, 0x1E, 0x3C, 0x07, 0x80, 0xF1, 0xE0, 0x3C, 0x07, 0x8F, 0x01, 0xE0, 0x3C,
    0x78, 0x0F, 0x01, 0xE3, 0xC0, 0x78, 0x0F, 0x1E, 0x03, 0xC0, 0x78, 0xF0, 0x1E, 0x03, 0xC7, 0x80,
    0xF0, 0x1E, 0x3F, 0xFF, 0xFF, 0xFF, 0xFF, 0xFF, 0xFF, 0xFF, 0xFF, 0xFF, 0xFF, 0x80, 0x00, 0x00,
    0x3C, 0x00, 0x00, 0x01, 0xE0, 0x00, 0x00, 0x0F, 0x00, 0x00, 0x00, 0x78, 0x00, 0x00, 0x03, 0xC0,
    0x00, 0x00, 0x1E, 0xFF, 0x80, 0x03, 0xFE, 0x00, 0x0F, 0xF8, 0x00, 0x00, 0xE0, 0x00, 0x03, 0x80,
    0x00, 0x0E, 0x00, 0x00, 0x38, 0x00, 0x00, 0xFF, 0xE0, 0x03, 0xFF, 0xE0, 0x0F, 0xFF, 0xC0, 0x38,
    0x3F, 0x80, 0xE0, 0x1E, 0x03, 0x80, 0x7C, 0x0E, 0x00, 0xF0, 0x38, 0x03, 0xC0, 0xE0, 0x0F, 0x03,
    0x80, 0x78, 0x0F, 0x0F, 0xE0, 0x3F, 0xFF, 0x00, 0xFF, 0xF8, 0x03, 0xFF, 0x80, 0xF0, 0x00, 0x3F,
    0xC0, 0x00, 0xFF, 0x00, 0x03, 0xFC, 0x00, 0x0F, 0xF0, 0x00, 0x3F, 0xC0, 0x00, 0xFF, 0x00, 0x03,
    0xFF, 0xFC, 0x0F, 0xFF, 0xF8, 0x3F, 0xFF, 0xF0, 0xFF, 0x0F, 0xE3, 0xFC, 0x07, 0xCF, 0xF0, 0x0F,
    0x3F, 0xC0, 0x3C, 0xFF, 0x00, 0xF3, 0xFC, 0x03, 0xCF, 0xF0, 0x1F, 0x3F, 0xC3, 0xF8, 0xFF, 0xFF,
    0xC3, 0xFF, 0xFE, 0x0F, 0xFF, 0xE0, 0x3C, 0xF0, 0x00, 0xF0, 0x00, 0xF0, 0x00, 0xF0, 0x00, 0xF0,
    0x00, 0xF0, 0x00, 0xF0, 0x00, 0xFF, 0xF0, 0xFF, 0xFC, 0xFF, 0xFE, 0xF0, 0xFE, 0xF0, 0x1F, 0xF0,
    0x0F, 0xF0, 0x0F, 0xF0, 0x0F, 0xF0, 0x0F, 0xF0, 0x1F, 0xF0, 0xFE, 0xFF, 0xFE, 0xFF, 0xFC, 0xFF,
    0xF0, 0x3F, 0xF0, 0x1F, 0xFF, 0x07, 0xFF, 0xE1, 0xE1, 0xFC, 0x00, 0x0F, 0x00, 0x01, 0xE0, 0x00,
    0x78, 0x00, 0x0E, 0x0F, 0xFF, 0xC3, 0xFF, 0xF0, 0xFF, 0xFC, 0x00, 0x0F, 0x00, 0x03, 0xC0, 0x01,
    0xE0, 0x00, 0x78, 0x00, 0x3E, 0x00, 0x1F, 0x1E, 0x3F, 0xC7, 0xFF, 0xE1, 0xFF, 0xF0, 0x3F, 0xF0,
    0x00, 0xF0, 0x03, 0xFE, 0x07, 0x80, 0x7F, 0xF8, 0x3C, 0x07, 0xFF, 0xE1, 0xE0, 0x7F, 0x1F, 0x8F,
    0x07, 0xE0, 0x3E, 0x78, 0x3C, 0x00, 0xF3, 0xC1, 0xE0, 0x03, 0xDE, 0x1E, 0x00, 0x1E, 0xFF, 0xF0,
    0x00, 0xF7, 0xFF, 0x80, 0x03, 0xBF, 0xFC, 0x00, 0x1D, 0xE1, 0xE0, 0x00, 0xEF, 0x0F, 0x00, 0x0F,
    0x78, 0x78, 0x00, 0x7B, 0xC1, 0xE0, 0x03, 0xDE, 0x0F, 0x00, 0x3E, 0xF0, 0x3E, 0x03, 0xE7, 0x81,
    0xFC, 0x7E, 0x3C, 0x07, 0xFF, 0xF1, 0xE0, 0x1F, 0xFE, 0x0F, 0x00, 0x3F, 0xE0, 0x00, 0x07, 0xFF,
    0x0F, 0xFF, 0x8F, 0xFF, 0xCF, 0xE0, 0xE7, 0x80, 0x73, 0xC0, 0x39, 0xC0, 0x1C, 0xF0, 0x0E, 0x78,
    0x07, 0x3F, 0x83, 0x8F, 0xFF, 0xC7, 0xFF, 0xE0, 0xFF, 0xF0, 0x78, 0x38, 0x78, 0x1C, 0x3C, 0x0E,
    0x3C, 0x07, 0x1E, 0x03, 0x9E, 0x01, 0xDE, 0x00, 0xEF, 0x00, 0x70, 0x3F, 0xE1, 0xFF, 0x8E, 0x7E,
    0x00, 0xF0, 0x07, 0x80, 0x1C, 0x00, 0xE3, 0xFF, 0x7F, 0xFF, 0xE3, 0xFC, 0x0F, 0xE0, 0x7F, 0x03,
    0xFE, 0x3D, 0xFF, 0xE7, 0xFF, 0x00, 0x7E, 0x03, 0xFE, 0x07, 0xFC, 0x1F, 0x80, 0x1E, 0x00, 0x3C,
    0x00, 0x38, 0x00, 0x78, 0x00, 0x7F, 0xF8, 0x7F, 0xFC, 0x7E, 0x7E, 0x78, 0x1E, 0x70, 0x0F, 0x70,
    0x0F, 0x70, 0x0F, 0x70, 0x0F, 0x70, 0x0F, 0x78, 0x0F, 0x78, 0x0F, 0x78, 0x0F, 0x3C, 0x1E, 0x3E,
    0x7C, 0x1F, 0xFC, 0x07, 0xF0, 0xFF, 0xE3, 0xFF, 0xCF, 0x0F, 0xBC, 0x0E, 0xF0, 0x3B, 0xC0, 0xEF,
    0x0F, 0xBF, 0xFC, 0xFF, 0xFB, 0xC3, 0xFF, 0x03, 0xFC, 0x0F, 0xF0, 0x3F, 0xC3, 0xFF, 0xFF, 0xBF,
    0xF8, 0xFF, 0xFF, 0xFF, 0xC0, 0x78, 0x0F, 0x01, 0xE0, 0x3C, 0x07, 0x80, 0xF0, 0x1E, 0x03, 0xC0,
    0x78, 0x0F, 0x01, 0xE0, 0x3C, 0x07, 0x80, 0x07, 0xFF, 0x00, 0xFF, 0xE0, 0x1C, 0x1C, 0x03, 0x83,
    0x80, 0x70, 0x70, 0x0E, 0x0E, 0x01, 0xC1, 0xC0, 0x78, 0x38, 0x0F, 0x07, 0x01, 0xC0, 0xE0, 0x38,
    0x1C, 0x0F, 0x03, 0x81, 0xC0, 0x70, 0x78, 0x0E, 0x3F, 0xFF, 0xF7, 0xFF, 0xFE, 0xF0, 0x01, 0xDE,
    0x00, 0x3B, 0xC0, 0x07, 0x78, 0x00, 0xEF, 0x00, 0x1C, 0x0F, 0xF0, 0x3F, 0xF0, 0xF9, 0xF3, 0xC1,
    0xE7, 0x81, 0xEE, 0x03, 0xFC, 0x07, 0xFF, 0xFF, 0xFF, 0xFF, 0xE0, 0x01, 0xC0, 0x03, 0xC0, 0x07,
    0x80, 0x07, 0xE3, 0x87, 0xFF, 0x07, 0xFC, 0x78, 0x3C, 0x3C, 0x3C, 0x3C, 0x3C, 0x1E, 0x3C, 0x78,
    0x0F, 0x3C, 0xF0, 0x07, 0xBD, 0xE0, 0x07, 0xFF, 0xC0, 0x03, 0xFF, 0x80, 0x01, 0xFF, 0x80, 0x03,
    0xFF, 0xC0, 0x07, 0xBD, 0xE0, 0x0F, 0x3D, 0xE0, 0x1E, 0x3C, 0xF0, 0x1E, 0x3C, 0x78, 0x3C, 0x3C,
    0x3C, 0x78, 0x3C, 0x1E, 0xF0, 0x3C, 0x1E, 0x7F, 0xC3, 0xFF, 0x1C, 0x7C, 0x01, 0xE0, 0x07, 0x00,
    0x38, 0x07, 0xC3, 0xFC, 0x1F, 0xE0, 0x0F, 0x80, 0x1E, 0x00, 0xF0, 0x07, 0xF8, 0xFF, 0xFF, 0xDF,
    0xFC, 0xF0, 0x1D, 0xE0, 0x7B, 0xC1, 0xF7, 0x87, 0xEF, 0x1F, 0xDE, 0x3B, 0xBC, 0xF7, 0x7B, 0xCE,
    0xF7, 0x1D, 0xFE, 0x3B, 0xF8, 0x77, 0xE0, 0xEF, 0xC1, 0xDF, 0x03, 0xBC, 0x07, 0x78, 0x0E, 0x18,
    0x70, 0x7D, 0xE0, 0x7F, 0xC0, 0x7F, 0x00, 0x00, 0x00, 0x00, 0x00, 0x00, 0x78, 0x0E, 0xF0, 0x3D,
    0xE0, 0xFB, 0xC3, 0xF7, 0x8F, 0xEF, 0x1D, 0xDE, 0x7B, 0xBD, 0xE7, 0x7B, 0x8E, 0xFF, 0x1D, 0xFC,
    0x3B, 0xF0, 0x77, 0xE0, 0xEF, 0x81, 0xDE, 0x03, 0xBC, 0x07, 0x00, 0xF0, 0x7D, 0xE1, 0xF3, 0xC7,
    0xC7, 0x9F, 0x0F, 0x7C, 0x1F, 0xF0, 0x3F, 0xC0, 0x7F, 0x00, 0xFF, 0x01, 0xFF, 0x03, 0xDF, 0x07,
    0x8F, 0x0F, 0x1F, 0x1E, 0x1F, 0x3C, 0x1F, 0x78, 0x1E, 0x07, 0xFF, 0x03, 0xFF, 0x81, 0xC1, 0xC0,
    0xE0, 0xE0, 0x70, 0x70, 0x38, 0x38, 0x1C, 0x1C, 0x0E, 0x0E, 0x0F, 0x07, 0x07, 0x83, 0x83, 0x81,
    0xC3, 0xC0, 0xE1, 0xE0, 0x73, 0xE0, 0x3B, 0xE0, 0x1D, 0xE0, 0x0E, 0x78, 0x03, 0xCF, 0x00, 0xF9,
    0xF0, 0x1F, 0x3E, 0x07, 0xEF, 0xE0, 0xFD, 0xFC, 0x3B, 0xBD, 0xC7, 0x77, 0xB8, 0xCE, 0xF3, 0xB9,
    0xFC, 0x77, 0x3F, 0x8F, 0xC7, 0xF0, 0xF8, 0xFE, 0x1E, 0x1F, 0xC1, 0xC3, 0xF8, 0x00, 0x7F, 0x00,
    0x0F, 0xF0, 0x3F, 0xC0, 0xFF, 0x03, 0xFC, 0x0F, 0xF0, 0x3F, 0xC0, 0xFF, 0x03, 0xFF, 0xFF, 0xFF,
    0xFF, 0xC0, 0xFF, 0x03, 0xFC, 0x0F, 0xF0, 0x3F, 0xC0, 0xFF, 0x03, 0xFC, 0x0F, 0x0F, 0xF0, 0x1F,
    0xF8, 0x3E, 0x7C, 0x78, 0x1E, 0x78, 0x0E, 0x70, 0x0F, 0xF0, 0x0F, 0xF0, 0x0F, 0xF0, 0x0F, 0xF0,
    0x0F, 0x70, 0x0F, 0x78, 0x0E, 0x78, 0x1E, 0x3E, 0x7C, 0x1F, 0xF8, 0x0F, 0xF0, 0xFF, 0xFF, 0xFF,
    0xFF, 0x03, 0xFC, 0x0F, 0xF0, 0x3F, 0xC0, 0xFF, 0x03, 0xFC, 0x0F, 0xF0, 0x3F, 0xC0, 0xFF, 0x03,
    0xFC, 0x0F, 0xF0, 0x3F, 0xC0, 0xFF, 0x03, 0xFC, 0x0F, 0x7F, 0xE1, 0xFF, 0xE3, 0xC3, 0xE7, 0x81,
    0xEF, 0x03, 0xDE, 0x03, 0xFC, 0x07, 0xF8, 0x0F, 0xF0, 0x1F, 0xE0, 0x3F, 0xC0, 0x7F, 0x80, 0xEF,
    0x03, 0xDF, 0x9F, 0x3F, 0xFC, 0x7F, 0xF0, 0xF0, 0x01, 0xE0, 0x03, 0xC0, 0x07, 0x80, 0x0F, 0x00,
    0x1E, 0x00, 0x00, 0x07, 0xF8, 0xFF, 0xCF, 0x8C, 0xF0, 0x07, 0x80, 0x38, 0x03, 0xC0, 0x1E, 0x00,
    0xF0, 0x07, 0x80, 0x1C, 0x00, 0xF0, 0x07, 0x80, 0x1F, 0x9C, 0x7F, 0xE1, 0xFF, 0xFF, 0xFF, 0xFF,
    0xF0, 0x78, 0x01, 0xE0, 0x07, 0x80, 0x1E, 0x00, 0x78, 0x01, 0xE0, 0x07, 0x80, 0x1E, 0x00, 0x78,
    0x01, 0xE0, 0x07, 0x80, 0x1E, 0x00, 0x78, 0x01, 0xE0, 0xF0, 0x1E, 0xE0, 0x3D, 0xE0, 0x7B, 0xC0,
    0xE3, 0x83, 0xC7, 0x87, 0x8F, 0x0E, 0x0E, 0x1C, 0x1E, 0x78, 0x3C, 0xE0, 0x3D, 0xC0, 0x7F, 0x80,
    0x7E, 0x00, 0xFC, 0x00, 0xF8, 0x01, 0xE0, 0x03, 0xC0, 0x07, 0x00, 0x1E, 0x06, 0xF8, 0x0F, 0xE0,
    0x1F, 0x80, 0x00, 0x00, 0x78, 0x00, 0x01, 0xE0, 0x00, 0x07, 0x80, 0x00, 0x1E, 0x00, 0x00, 0x78,
    0x00, 0x01, 0xE0, 0x00, 0x07, 0x80, 0x00, 0x1E, 0x00, 0x07, 0xFF, 0x00, 0x3F, 0xFF, 0x03, 0xF7,
    0xFE, 0x0F, 0x1E, 0x3C, 0x78, 0x78, 0x79, 0xC1, 0xE1, 0xEF, 0x07, 0x83, 0xBC, 0x1E, 0x0F, 0xF0,
    0x78, 0x3F, 0xC1, 0xE0, 0xE7, 0x07, 0x87, 0x9E, 0x1E, 0x1E, 0x3C, 0x78, 0xF0, 0xFD, 0xFF, 0x80,
    0xFF, 0xFC, 0x01, 0xFF, 0xC0, 0x00, 0x78, 0x00, 0x01, 0xE0, 0x00, 0x07, 0x80, 0x00, 0x1E, 0x00,
    0x00, 0x78, 0x00, 0x01, 0xE0, 0x00, 0x78, 0x1E, 0x78, 0x3C, 0x3C, 0x38, 0x1E, 0x78, 0x0F, 0xF0,
    0x0F, 0xE0, 0x07, 0xE0, 0x03, 0xC0, 0x07, 0xC0, 0x07, 0xE0, 0x0F, 0xF0, 0x1E, 0x78, 0x3C, 0x78,
    0x38, 0x3C, 0x78, 0x1E, 0xF0, 0x1E, 0xF0, 0x3C, 0xF0, 0x3C, 0xF0, 0x3C, 0xF0, 0x3C, 0xF0, 0x3C,
    0xF0, 0x3C, 0xF0, 0x3C, 0xF0, 0x3C, 0xF0, 0x3C, 0xF0, 0x3C, 0xF0, 0x3C, 0xF0, 0x3C, 0xF0, 0x3C,
    0xF0, 0x3C, 0xFF, 0xFF, 0xFF, 0xFF, 0x00, 0x0F, 0x00, 0x0F, 0x00, 0x0F, 0x00, 0x0F, 0x00, 0x0F,
    0xF0, 0x3B, 0xC0, 0xEF, 0x03, 0xBC, 0x0E, 0xF0, 0x3B, 0xC0, 0xEF, 0x03, 0x9F, 0x1E, 0x7F, 0xF8,
    0x7F, 0xE0, 0x03, 0x80, 0x0E, 0x00, 0x38, 0x00, 0xE0, 0x03, 0x80, 0x0E, 0xF0, 0x78, 0x3B, 0xC1,
    0xE0, 0xEF, 0x07, 0x83, 0xBC, 0x1E, 0x0E, 0xF0, 0x78, 0x3B, 0xC1, 0xE0, 0xEF, 0x07, 0x83, 0xBC,
    0x1E, 0x0E, 0xF0, 0x78, 0x3B, 0xC1, 0xE0, 0xEF, 0x07, 0x83, 0xBC, 0x1E, 0x0E, 0xF0, 0x78, 0x3B,
    0xC1, 0xE0, 0xEF, 0xFF, 0xFF, 0xBF, 0xFF, 0xFE, 0xF0, 0x78, 0x38, 0xF0, 0x78, 0x38, 0xF0, 0x78,
    0x38, 0xF0, 0x78, 0x38, 0xF0, 0x78, 0x38, 0xF0, 0x78, 0x38, 0xF0, 0x78, 0x38, 0xF0, 0x78, 0x38,
    0xF0, 0x78, 0x38, 0xF0, 0x78, 0x38, 0xF0, 0x78, 0x38, 0xF0, 0x78, 0x38, 0xF0, 0x78, 0x38, 0xF0,
    0x78, 0x38, 0xFF, 0xFF, 0xFF, 0xFF, 0xFF, 0xFF, 0x00, 0x00, 0x0F, 0x00, 0x00, 0x0F, 0x00, 0x00,
    0x0F, 0x00, 0x00, 0x0F, 0x00, 0x00, 0x0F, 0xFF, 0x00, 0x3F, 0xC0, 0x00, 0xF0, 0x00, 0x3C, 0x00,
    0x0F, 0x00, 0x03, 0xC0, 0x00, 0xFF, 0xE0, 0x3F, 0xFE, 0x0F, 0x0F, 0x83, 0xC0, 0xF0, 0xF0, 0x3C,
    0x3C, 0x0F, 0x0F, 0x03, 0xC3, 0xC3, 0xE0, 0xFF, 0xF8, 0x1F, 0xF8, 0xF0, 0x00, 0xEF, 0x00, 0x0E,
    0xF0, 0x00, 0xEF, 0x00, 0x0E, 0xF0, 0x00, 0xEF, 0x00, 0x0E, 0xFF, 0xE0, 0xEF, 0xFF, 0x0E, 0xF1,
    0xF8, 0xEF, 0x07, 0x8E, 0xF0, 0x38, 0xEF, 0x03, 0x8E, 0xF0, 0x78, 0xEF, 0x1F, 0x8E, 0xFF, 0xF0,
    0xEF, 0xFE, 0x0E, 0xF0, 0x03, 0xC0, 0x0F, 0x00, 0x3C, 0x00, 0xF0, 0x03, 0xC0, 0x0F, 0xFE, 0x3F,
    0xFC, 0xF0, 0xFB, 0xC0, 0xFF, 0x03, 0xFC, 0x0F, 0xF0, 0x3F, 0xC3, 0xEF, 0xFF, 0x3F, 0xF8, 0x7F,
    0x87, 0xFE, 0x18, 0xF8, 0x01, 0xE0, 0x07, 0x80, 0x3C, 0x01, 0xE3, 0xFF, 0x1F, 0xF8, 0x03, 0xC0,
    0x1E, 0x00, 0xF0, 0x0F, 0x71, 0xFB, 0xFF, 0x9F, 0xF0, 0xF0, 0x1F, 0xC3, 0xC1, 0xFF, 0x8F, 0x0F,
    0x9F, 0x3C, 0x3C, 0x1E, 0xF1, 0xE0, 0x7B, 0xC7, 0x00, 0xFF, 0x1C, 0x03, 0xFF, 0xF0, 0x0F, 0xFF,
    0xC0, 0x3F, 0xC7, 0x00, 0xFF, 0x1C, 0x03, 0xFC, 0x78, 0x1E, 0xF0, 0xF0, 0x7B, 0xC3, 0xE7, 0xCF,
    0x07, 0xFE, 0x3C, 0x07, 0xF0, 0x07, 0xFE, 0x3F, 0xFC, 0xFC, 0x79, 0xE0, 0xF3, 0x81, 0xE7, 0x03,
    0xCE, 0x07, 0x9F, 0x0F, 0x1F, 0xFE, 0x1F, 0xFC, 0x38, 0x78, 0xF0, 0xF3, 0xC1, 0xE7, 0x83, 0xDE,
    0x07, 0xBC, 0x0F, 0x06, 0x00, 0x1E, 0x00, 0x3C, 0x00, 0x3C, 0x00, 0x3C, 0x00, 0x38, 0x00, 0x00,
    0x00, 0x00, 0x0F, 0xF0, 0x3F, 0xF0, 0xF9, 0xF3, 0xC1, 0xE7, 0x81, 0xEE, 0x03, 0xFC, 0x07, 0xFF,
    0xFF, 0xFF, 0xFF, 0xE0, 0x01, 0xC0, 0x03, 0xC0, 0x07, 0x80, 0x07, 0xE3, 0x87, 0xFF, 0x07, 0xFC,
    0x1E, 0x70, 0x3C, 0xF0, 0x79, 0xE0, 0xF3, 0x80, 0x00, 0x00, 0x00, 0x00, 0x00, 0x07, 0xF8, 0x1F,
    0xF8, 0x7C, 0xF9, 0xE0, 0xF3, 0xC0, 0xF7, 0x01, 0xFE, 0x03, 0xFF, 0xFF, 0xFF, 0xFF, 0xF0, 0x00,
    0xE0, 0x01, 0xE0, 0x03, 0xC0, 0x03, 0xF1, 0xC3, 0xFF, 0x83, 0xFE, 0x00, 0x3C, 0x00, 0x3C, 0x00,
    0x3C, 0x00, 0xFF, 0xE0, 0xFF, 0xE0, 0x3C, 0x00, 0x3C, 0x00, 0x3C, 0x00, 0x3F, 0xF8, 0x3F, 0xFC,
    0x3E, 0x3E, 0x3C, 0x1E, 0x3C, 0x0F, 0x3C, 0x0F, 0x3C, 0x0F, 0x3C, 0x0F, 0x3C, 0x0F, 0x3C, 0x0F,
    0x3C, 0x0F, 0x3C, 0x0F, 0x3C, 0x0F, 0x3C, 0x0F, 0x3C, 0x0F, 0x3C, 0x0F, 0x00, 0x0F, 0x00, 0x0F,
    0x00, 0x0F, 0x00, 0x1E, 0x00, 0x7E, 0x00, 0x7C, 0x01, 0x80, 0x38, 0x0F, 0x03, 0xC0, 0xF0, 0x1C,
    0x00, 0x00, 0x00, 0xFF, 0xFF, 0xFF, 0xC0, 0x78, 0x0F, 0x01, 0xE0, 0x3C, 0x07, 0x80, 0xF0, 0x1E,
    0x03, 0xC0, 0x78, 0x0F, 0x01, 0xE0, 0x3C, 0x07, 0x80, 0x07, 0xF8, 0x7F, 0xE3, 0xE3, 0x9E, 0x00,
    0x78, 0x01, 0xC0, 0x0F, 0x00, 0x3F, 0xF8, 0xFF, 0xE3, 0xC0, 0x07, 0x00, 0x1E, 0x00, 0x78, 0x00,
    0xF8, 0xE1, 0xFF, 0xC3, 0xFE, 0x1F, 0xE7, 0xFE, 0x78, 0xEF, 0x00, 0xF0, 0x0F, 0x80, 0x7E, 0x07,
    0xFC, 0x3F, 0xE0, 0x7F, 0x00, 0xF0, 0x0F, 0x00, 0xFE, 0x1F, 0xFF, 0xEF, 0xFC, 0xFF, 0x00, 0x00,
    0x0F, 0xFF, 0xFF, 0xFF, 0xFF, 0xFF, 0xFF, 0xFF, 0xF0, 0xF3, 0xFC, 0xFF, 0x3F, 0xCF, 0x00, 0x00,
    0x00, 0x00, 0x78, 0x1E, 0x07, 0x81, 0xE0, 0x78, 0x1E, 0x07, 0x81, 0xE0, 0x78, 0x1E, 0x07, 0x81,
    0xE0, 0x78, 0x1E, 0x07, 0x81, 0xE0, 0x07, 0x83, 0xC0, 0x00, 0x00, 0x00, 0x00, 0x00, 0x0F, 0x07,
    0x83, 0xC1, 0xE0, 0xF0, 0x78, 0x3C, 0x1E, 0x0F, 0x07, 0x83, 0xC1, 0xE0, 0xF0, 0x78, 0x3C, 0x1E,
    0x0F, 0x07, 0x83, 0x87, 0xCF, 0xC7, 0xC0, 0x07, 0xFF, 0x00, 0x01, 0xFF, 0xC0, 0x00, 0x70, 0x70,
    0x00, 0x1C, 0x1C, 0x00, 0x07, 0x07, 0x00, 0x01, 0xC1, 0xC0, 0x00, 0x70, 0x7F, 0xE0, 0x1C, 0x1F,
    0xFE, 0x0F, 0x07, 0x8F, 0xC3, 0xC1, 0xC0, 0xF0, 0xE0, 0x70, 0x3C, 0x78, 0x1C, 0x0F, 0x1E, 0x07,
    0x03, 0xDF, 0x01, 0xE3, 0xFF, 0x80, 0x7F, 0xFB, 0xC0, 0x1F, 0xF8, 0xF0, 0x3C, 0x00, 0xF0, 0x3C,
    0x00, 0xF0, 0x3C, 0x00, 0xF0, 0x3C, 0x00, 0xF0, 0x3C, 0x00, 0xF0, 0x3C, 0x00, 0xF0, 0x3F, 0xF8,
    0xFF, 0xFF, 0xFC, 0xFF, 0xFE, 0x3E, 0xF0, 0x3C, 0x0F, 0xF0, 0x3C, 0x0F, 0xF0, 0x3C, 0x0F, 0xF0,
    0x3C, 0x0F, 0xF0, 0x3C, 0x3E, 0xF0, 0x3F, 0xFC, 0xF0, 0x1F, 0xF8, 0x3C, 0x00, 0x3C, 0x00, 0x3C,
    0x00, 0xFF, 0xE0, 0xFF, 0xE0, 0x3C, 0x00, 0x3C, 0x00, 0x3C, 0x00, 0x3F, 0xF8, 0x3F, 0xFC, 0x3E,
    0x3E, 0x3C, 0x1E, 0x3C, 0x0F, 0x3C, 0x0F, 0x3C, 0x0F, 0x3C, 0x0F, 0x3C, 0x0F, 0x3C, 0x0F, 0x3C,
    0x0F, 0x3C, 0x0F, 0x3C, 0x0F, 0x3C, 0x0F, 0x3C, 0x0F, 0x3C, 0x0F, 0x00, 0xC0, 0x03, 0xC0, 0x0F,
    0x80, 0x1C, 0x00, 0x70, 0x00, 0xC0, 0x00, 0x00, 0x00, 0x00, 0xF0, 0x7D, 0xE1, 0xF3, 0xC7, 0xC7,
    0x9F, 0x0F, 0x7C, 0x1F, 0xF0, 0x3F, 0xC0, 0x7F, 0x00, 0xFF, 0x01, 0xFF, 0x03, 0xDF, 0x07, 0x8F,
    0x0F, 0x1F, 0x1E, 0x1F, 0x3C, 0x1F, 0x78, 0x1E, 0x04, 0x00, 0x1C, 0x00, 0x3C, 0x00, 0x3C, 0x00,
    0x38, 0x00, 0x30, 0x00, 0x00, 0x00, 0x00, 0xF0, 0x1D, 0xE0, 0x7B, 0xC1, 0xF7, 0x87, 0xEF, 0x1F,
    0xDE, 0x3B, 0xBC, 0xF7, 0x7B, 0xCE, 0xF7, 0x1D, 0xFE, 0x3B, 0xF8, 0x77, 0xE0, 0xEF, 0xC1, 0xDF,
    0x03, 0xBC, 0x07, 0x78, 0x0E, 0x0C, 0x38, 0x3C, 0xF0, 0x3F, 0xC0, 0x3F, 0x00, 0x00, 0x00, 0x00,
    0x00, 0x00, 0x78, 0x0F, 0x70, 0x1E, 0xF0, 0x3D, 0xE0, 0x71, 0xC1, 0xE3, 0xC3, 0xC7, 0x87, 0x07,
    0x0E, 0x0F, 0x3C, 0x1E, 0x70, 0x1E, 0xE0, 0x3F, 0xC0, 0x3F, 0x00, 0x7E, 0x00, 0x7C, 0x00, 0xF0,
    0x01, 0xE0, 0x03, 0x80, 0x0F, 0x03, 0x7C, 0x07, 0xF0, 0x0F, 0xC0, 0x00, 0xF0, 0x3F, 0xC0, 0xFF,
    0x03, 0xFC, 0x0F, 0xF0, 0x3F, 0xC0, 0xFF, 0x03, 0xFC, 0x0F, 0xF0, 0x3F, 0xC0, 0xFF, 0x03, 0xFC,
    0x0F, 0xF0, 0x3F, 0xC0, 0xFF, 0xFF, 0xFF, 0xFF, 0x07, 0x80, 0x1E, 0x00, 0x78, 0x01, 0xE0, 0x07,
    0x80, 0x03, 0x80, 0x00, 0x0E, 0x00, 0x0F, 0xFF, 0xF0, 0x3F, 0xFF, 0xC0, 0xFF, 0xFF, 0x00, 0x0E,
    0x00, 0x00, 0x38, 0x00, 0x00, 0xE0, 0x00, 0x03, 0x80, 0x00, 0x0F, 0xFE, 0x00, 0x3F, 0xFE, 0x00,
    0xFF, 0xFC, 0x03, 0x83, 0xF8, 0x0E, 0x01, 0xE0, 0x38, 0x03, 0xC0, 0xE0, 0x0F, 0x03, 0x80, 0x3C,
    0x0E, 0x00, 0xF0, 0x38, 0x07, 0x80, 0xF0, 0xFE, 0x03, 0xFF, 0xF0, 0x0F, 0xFF, 0x80, 0x3F, 0xF8,
    0x00, 0x0F, 0x00, 0x03, 0xC0, 0x00, 0xF0, 0x00, 0x3C, 0x00, 0x0F, 0x00, 0x03, 0xC0, 0x00, 0xF0,
    0x00, 0x3C, 0x00, 0xFF, 0xF8, 0x3F, 0xFE, 0x00, 0xF0, 0x00, 0x3C, 0x00, 0x0F, 0x00, 0x03, 0xC0,
    0x00, 0xFF, 0xE0, 0x3F, 0xFE, 0x0F, 0x0F, 0x83, 0xC0, 0xF0, 0xF0, 0x3C, 0x3C, 0x0F, 0x0F, 0x03,
    0xC3, 0xC3, 0xE0, 0xFF, 0xF8, 0x1F, 0xF8, 0x01, 0xFE, 0x00, 0x1F, 0xFE, 0x00, 0xFF, 0xFE, 0x07,
    0xF1, 0xF8, 0x3E, 0x01, 0xF1, 0xF0, 0x01, 0xE7, 0x80, 0x07, 0x9F, 0xF8, 0x0E, 0x7F, 0xF0, 0x7D,
    0xFF, 0xF3, 0xFF, 0xEF, 0xFF, 0xDE, 0x07, 0xFF, 0x78, 0x0F, 0xFD, 0xE0, 0x01, 0xE7, 0x80, 0x07,
    0x9F, 0x00, 0x3E, 0x3E, 0x01, 0xF0, 0x7F, 0x3F, 0x80, 0xFF, 0xFE, 0x01, 0xFF, 0xE0, 0x01, 0xFF,
    0x00, 0x0F, 0xF0, 0x1F, 0xF8, 0x3E, 0x7C, 0x7C, 0x1E, 0x78, 0x1E, 0x78, 0x0F, 0xF0, 0x0F, 0xFF,
    0xDF, 0xFF, 0xFF, 0xF9, 0xFF, 0x70, 0x0F, 0x70, 0x0E, 0x78, 0x1E, 0x3E, 0x7C, 0x1F, 0xF8, 0x0F,
    0xF0, 0xF0, 0x00, 0x3E, 0xF8, 0x00, 0x7F, 0x78, 0x00, 0xFF, 0x78, 0x00, 0xF6, 0x3C, 0x01, 0xE0,
    0x3C, 0x01, 0xE0, 0x3C, 0x03, 0xC0, 0x1E, 0x03, 0xC0, 0x1E, 0x07, 0x80, 0x1E, 0x07, 0x80, 0x0F,
    0x07, 0x00, 0x0F, 0x0F, 0x00, 0x07, 0x8F, 0x00, 0x07, 0x9E, 0x00, 0x03, 0x9E, 0x00, 0x03, 0xDC,
    0x00, 0x03, 0xFC, 0x00, 0x01, 0xF8, 0x00, 0x01, 0xF8, 0x00, 0x00, 0xF8, 0x00, 0x00, 0xF0, 0x00,
    0xF0, 0x0F, 0xDC, 0x07, 0xF7, 0x81, 0xE1, 0xE0, 0xF0, 0x78, 0x3C, 0x0F, 0x0E, 0x03, 0xC7, 0x80,
    0x71, 0xE0, 0x1E, 0x70, 0x07, 0xBC, 0x00, 0xFF, 0x00, 0x3F, 0x80, 0x07, 0xE0, 0x01, 0xF0, 0x00,
    0x7C, 0x00, 0x0F, 0x00, 0x06, 0x1C, 0x00, 0x7D, 0xE0, 0x01, 0xFF, 0x00, 0x07, 0xF0, 0x00, 0x00,
    0x00, 0x00, 0x00, 0x03, 0xC0, 0x07, 0x1E, 0x00, 0x78, 0xF0, 0x07, 0xC7, 0x80, 0x7E, 0x3C, 0x07,
    0xF1, 0xE0, 0x7F, 0x8F, 0x03, 0xDC, 0x78, 0x3C, 0xE3, 0xC3, 0xC7, 0x1E, 0x3C, 0x38, 0xF1, 0xE1,
    0xC7, 0x9E, 0x0E, 0x3D, 0xE0, 0x71, 0xFF, 0x03, 0x8F, 0xF0, 0x1C, 0x7F, 0x00, 0xE3, 0xF8, 0x07,
    0x1F, 0x80, 0x38, 0xF8, 0x01, 0xFF, 0xC0, 0x0F, 0xFC, 0x00, 0x7E, 0x00, 0x00, 0xF0, 0x00, 0x07,
    0x00, 0x00, 0x78, 0x00, 0x07, 0x80, 0x00, 0x3C, 0x00, 0x00, 0xC0, 0x18, 0x70, 0x1F, 0x78, 0x07,
    0xFC, 0x01, 0xFC, 0x00, 0x00, 0x00, 0x00, 0x00, 0x00, 0x01, 0xE0, 0x38, 0xF0, 0x3C, 0x78, 0x3E,
    0x3C, 0x3F, 0x1E, 0x3F, 0x8F, 0x1D, 0xC7, 0x9E, 0xE3, 0xDE, 0x71, 0xEE, 0x38, 0xFF, 0x1C, 0x7F,
    0x0E, 0x3F, 0x07, 0x1F, 0x83, 0x8F, 0x81, 0xC7, 0x80, 0xFF, 0xC0, 0x7E, 0x00, 0x0F, 0x00, 0x07,
    0x80, 0x07, 0x80, 0x03, 0xC0, 0x03, 0xC0, 0x00, 0xC0, 0x1C, 0x00, 0x03, 0x80, 0x03, 0xFF, 0x00,
    0x7F, 0xE0, 0x0F, 0xFC, 0x00, 0x38, 0x00, 0x07, 0x00, 0x00, 0xE0, 0x00, 0x1F, 0xFC, 0x03, 0xFF,
    0xE0, 0x7F, 0xFE, 0x0E, 0x1F, 0xE1, 0xC0, 0x7C, 0x38, 0x07, 0x87, 0x00, 0x78, 0xE0, 0x0F, 0x1C,
    0x01, 0xE3, 0x80, 0x7C, 0x70, 0x0F, 0x0F, 0x0F, 0xE1, 0xFF, 0xF8, 0x3F, 0xFE, 0x07, 0xFF, 0x00,
    0x3C, 0x00, 0xFF, 0xE0, 0xFF, 0xE0, 0x3C, 0x00, 0x3C, 0x00, 0x3C, 0x00, 0x3F, 0xF8, 0x3F, 0xFE,
    0x3C, 0x3E, 0x3C, 0x0F, 0x3C, 0x0F, 0x3C, 0x0F, 0x3C, 0x0F, 0x3C, 0x3E, 0x3F, 0xFC, 0x1F, 0xF8,
    0xFF, 0xF0, 0xFF, 0xFC, 0xFF, 0xFE, 0xF0, 0xFE, 0xF0, 0x1F, 0xF0, 0x0F, 0xF0, 0x0F, 0xF1, 0x8F,
    0xF3, 0xDF, 0xF1, 0xFE, 0xFF, 0xFE, 0xFF, 0xFC, 0xFF, 0xF0, 0xF0, 0x78, 0xF0, 0x38, 0xF0, 0x3C,
    0xF0, 0x18, 0xF0, 0x00, 0xF0, 0x00, 0xF0, 0x00, 0xF0, 0x00, 0x7F, 0xE1, 0xFF, 0xE3, 0xC3, 0xE7,
    0x81, 0xEF, 0x03, 0xDE, 0x03, 0xFC, 0x07, 0xF8, 0x0F, 0xF0, 0x1F, 0xE0, 0x3F, 0xC6, 0x7F, 0x9E,
    0xEF, 0x1F, 0xDF, 0xBF, 0x3F, 0xFC, 0x7F, 0xF8, 0xF0, 0x39, 0xE0, 0x73, 0xC0, 0x67, 0x80, 0x0F,
    0x00, 0x1E, 0x00, 0x00, 0x00, 0x3C, 0x00, 0xF0, 0x03, 0xC0, 0x0F, 0xFF, 0xFF, 0xFF, 0xFF, 0xFF,
    0xFC, 0x00, 0xF0, 0x03, 0xC0, 0x0F, 0x00, 0x3C, 0x00, 0xF0, 0x03, 0xC0, 0x0F, 0x00, 0x3C, 0x00,
    0xF0, 0x03, 0xC0, 0x0F, 0x00, 0x3C, 0x00, 0xF0, 0x03, 0xC0, 0x0F, 0x00, 0x3C, 0x00, 0xF0, 0x00,
    0x00, 0xE0, 0x1C, 0x03, 0x80, 0x7F, 0xFF, 0xFF, 0xFC, 0x07, 0x80, 0xF0, 0x1E, 0x03, 0xC0, 0x78,
    0x0F, 0x01, 0xE0, 0x3C, 0x07, 0x80, 0xF0, 0x1E, 0x03, 0xC0, 0x78, 0x00, 0x1F, 0xFF, 0x1F, 0xFF,
    0x1F, 0xFF, 0x1C, 0x00, 0x1C, 0x00, 0x1C, 0x00, 0x1C, 0x00, 0x1C, 0x00, 0xFF, 0xE0, 0xFF, 0xE0,
    0xFF, 0xE0, 0x1C, 0x00, 0x1C, 0x00, 0x1C, 0x00, 0x1C, 0x00, 0x1C, 0x00, 0x1C, 0x00, 0x1C, 0x00,
    0x1C, 0x00, 0x1C, 0x00, 0x1C, 0x00, 0x3F, 0xF9, 0xFF, 0xCF, 0x00, 0x78, 0x03, 0xC0, 0x1E, 0x00,
    0xF0, 0x07, 0x80, 0xFF, 0xE7, 0xFF, 0x0F, 0x00, 0x78, 0x03, 0xC0, 0x1E, 0x00, 0xF0, 0x07, 0x80,
    0xFF, 0xFC, 0x7F, 0xFE, 0x3F, 0xFF, 0x1E, 0x00, 0x0F, 0x00, 0x07, 0x80, 0x03, 0xC0, 0x01, 0xE0,
    0x00, 0xFF, 0xF0, 0x7F, 0xFC, 0x3F, 0xFF, 0x1F, 0x8F, 0xCF, 0x01, 0xF7, 0x80, 0x7B, 0xC0, 0x3D,
    0xE0, 0x1E, 0xF0, 0x07, 0x78, 0x03, 0xFC, 0x01, 0xDE, 0x01, 0xEF, 0x00, 0xF0, 0x00, 0x78, 0x00,
    0x78, 0x01, 0xFC, 0x03, 0xFC, 0x01, 0xFC, 0x00, 0xFC, 0x00, 0xFF, 0xF3, 0xFF, 0xCF, 0x00, 0x3C,
    0x00, 0xF0, 0x03, 0xC0, 0x0F, 0xFE, 0x3F, 0xFC, 0xF8, 0xFB, 0xC1, 0xEF, 0x03, 0xFC, 0x0F, 0xF0,
    0x3F, 0xC0, 0xFF, 0x03, 0xFC, 0x0F, 0x00, 0x3C, 0x00, 0xF0, 0x07, 0x80, 0x3E, 0x07, 0xF0, 0x1F,
    0x00, 0x7C, 0x0F, 0x03, 0xE1, 0xE0, 0x78, 0x1E, 0x07, 0x83, 0xC1, 0xE0, 0x1E, 0x1E, 0x1E, 0x00,
    0x78, 0xF1, 0xE0, 0x01, 0xE7, 0x9E, 0x00, 0x0F, 0xBD, 0xF0, 0x00, 0x3F, 0xFF, 0x00, 0x00, 0xFF,
    0xF0, 0x00, 0x03, 0xFF, 0x00, 0x00, 0x3F, 0xFC, 0x00, 0x03, 0xDE, 0xF0, 0x00, 0x3C, 0xF3, 0xC0,
    0x03, 0xE7, 0x9F, 0x00, 0x1E, 0x3C, 0x7C, 0x01, 0xE1, 0xE1, 0xE0, 0x1E, 0x0F, 0x07, 0x81, 0xF0,
    0x78, 0x3E, 0x0F, 0x03, 0xC0, 0xFE, 0xF0, 0x1E, 0x03, 0xF7, 0x80, 0xF0, 0x1F, 0x80, 0x00, 0x00,
    0x3C, 0x00, 0x00, 0x01, 0xE0, 0x00, 0x00, 0x0F, 0x00, 0x00, 0x00, 0x78, 0x00, 0x00, 0x03, 0xC0,
    0x00, 0x00, 0x1E, 0x78, 0x3C, 0x3C, 0x3C, 0x3C, 0x3C, 0x1E, 0x3C, 0x78, 0x0F, 0x3C, 0xF0, 0x07,
    0xBD, 0xE0, 0x07, 0xFF, 0xC0, 0x03, 0xFF, 0x80, 0x01, 0xFF, 0x80, 0x03, 0xFF, 0xC0, 0x07, 0xBF,
    0xC0, 0x0F, 0x3D, 0xE0, 0x1E, 0x3C, 0xF0, 0x1E, 0x3C, 0x78, 0x3C, 0x3C, 0x3C, 0x78, 0x3C, 0x1F,
    0xF0, 0x3C, 0x1F, 0x00, 0x00, 0x07, 0x00, 0x00, 0x07, 0x00, 0x00, 0x07, 0x00, 0x00, 0x07, 0x00,
    0x00, 0x07, 0x1F, 0xF0, 0x3F, 0xFE, 0x0F, 0xFF, 0x87, 0x8F, 0xC0, 0x01, 0xF0, 0x00, 0x70, 0x00,
    0x78, 0x01, 0xFC, 0x0F, 0xF8, 0x07, 0xFE, 0x03, 0xFF, 0x80, 0x1F, 0xE0, 0x00, 0xF0, 0x00, 0x78,
    0x00, 0x1E, 0x00, 0x1E, 0x00, 0x0F, 0x3E, 0x3F, 0x9F, 0xFF, 0x8F, 0xFF, 0x83, 0xFF, 0x80, 0x0E,
    0x00, 0x0F, 0x00, 0x03, 0xC0, 0x04, 0xE0, 0x03, 0xF0, 0x01, 0xF0, 0x00, 0x7F, 0xC3, 0xFF, 0x1C,
    0x7C, 0x01, 0xE0, 0x07, 0x00, 0x38, 0x07, 0xC3, 0xFC, 0x1F, 0xE0, 0x0F, 0x80, 0x1E, 0x00, 0xF0,
    0x07, 0xF8, 0xFF, 0xFF, 0xDF, 0xF8, 0x06, 0x00, 0x78, 0x01, 0xE0, 0x27, 0x01, 0xF8, 0x0F, 0x80,
    0xF0, 0x0F, 0x9E, 0x03, 0xE3, 0xC0, 0xF8, 0x78, 0x3E, 0x0F, 0x0F, 0x81, 0xE3, 0xE0, 0x3C, 0xF8,
    0x07, 0xBC, 0x00, 0xFF, 0x00, 0x1F, 0xC0, 0x03, 0xFE, 0x00, 0x7B, 0xE0, 0x0F, 0x3E, 0x01, 0xE3,
    0xE0, 0x3C, 0x3E, 0x07, 0x83, 0xE0, 0xF0, 0x3E, 0x1E, 0x07, 0xE3, 0xC0, 0x7F, 0xF8, 0x07, 0xFF,
    0x00, 0x7E, 0x00, 0x03, 0xC0, 0x00, 0x78, 0x00, 0x0F, 0x00, 0x01, 0xE0, 0x00, 0x3C, 0x00, 0x07,
    0x80, 0xF0, 0x7D, 0xE1, 0xF3, 0xC7, 0xC7, 0x9F, 0x0F, 0x7C, 0x1F, 0xF0, 0x3F, 0xC0, 0x7F, 0x00,
    0xFF, 0x01, 0xEF, 0x03, 0xCF, 0x07, 0x8F, 0x0F, 0x1F, 0x1E, 0x1F, 0x3C, 0x1F, 0xF8, 0x1F, 0x00,
    0x0E, 0x00, 0x1C, 0x00, 0x38, 0x00, 0x70, 0x00, 0xE0, 0xF0, 0x03, 0xEF, 0x00, 0x7C, 0xF0, 0x0F,
    0x8F, 0x00, 0xF0, 0xF7, 0x1E, 0x0F, 0x73, 0xC0, 0xF7, 0x78, 0x0F, 0x7F, 0x80, 0xF7, 0xF0, 0x0F,
    0xFE, 0x00, 0xFF, 0xF0, 0x0F, 0x7F, 0x80, 0xF7, 0x78, 0x0F, 0x73, 0xC0, 0xF7, 0x1E, 0x0F, 0x71,
    0xF0, 0xF0, 0x0F, 0x8F, 0x00, 0x78, 0xF0, 0x03, 0xCF, 0x00, 0x3E, 0xF0, 0x01, 0xE0, 0xF0, 0x0F,
    0x78, 0x0F, 0x3C, 0x0F, 0x1E, 0xEF, 0x0F, 0x77, 0x07, 0xBF, 0x83, 0xDF, 0x81, 0xFF, 0x80, 0xFF,
    0xE0, 0x7B, 0xF8, 0x3D, 0xDE, 0x1E, 0xE7, 0x8F, 0x73, 0xE7, 0x80, 0xF3, 0xC0, 0x3D, 0xE0, 0x0F,
    0x1C, 0x03, 0xE1, 0xC0, 0x7C, 0xFF, 0x8F, 0x8F, 0xF9, 0xF0, 0x1C, 0x3E, 0x01, 0xC7, 0xC0, 0x1C,
    0xF8, 0x01, 0xDF, 0x00, 0x1F, 0xE0, 0x01, 0xFC, 0x00, 0x1F, 0xE0, 0x01, 0xFF, 0x00, 0x1C, 0xF8,
    0x01, 0xC7, 0xC0, 0x1C, 0x3E, 0x01, 0xC1, 0xF0, 0x1C, 0x0F, 0x81, 0xC0, 0x7C, 0x1C, 0x03, 0xC1,
    0xC0, 0x1E, 0x1C, 0x01, 0xF0, 0x3C, 0x0F, 0x1E, 0x0F, 0x3F, 0xCF, 0x1F, 0xEF, 0x03, 0xCF, 0x01,
    0xEF, 0x00, 0xFF, 0x00, 0x7F, 0x80, 0x3F, 0xE0, 0x1E, 0xF8, 0x0F, 0x3E, 0x07, 0x8F, 0x83, 0xC3,
    0xC1, 0xE0, 0xF0, 0xF0, 0x3C, 0x78, 0x0F, 0xFF, 0x80, 0x7D, 0xFF, 0x01, 0xF3, 0xFE, 0x07, 0xC0,
    0x1C, 0x1F, 0x00, 0x38, 0x7C, 0x00, 0x71, 0xF0, 0x00, 0xE7, 0xC0, 0x01, 0xDF, 0x00, 0x03, 0xFC,
    0x00, 0x07, 0xF0, 0x00, 0x0F, 0xF0, 0x00, 0x1F, 0xF0, 0x00, 0x39, 0xF0, 0x00, 0x71, 0xF0, 0x00,
    0xE1, 0xF0, 0x01, 0xC1, 0xF0, 0x03, 0x81, 0xF0, 0x07, 0x01, 0xF0, 0x0E, 0x01, 0xE0, 0x1C, 0x01,
    0xE0, 0x38, 0x03, 0xE0, 0xFF, 0x07, 0xDF, 0xE1, 0xF0, 0x3C, 0x3C, 0x07, 0x8F, 0x00, 0xF3, 0xC0,
    0x1E, 0xF0, 0x03, 0xFC, 0x00, 0x7F, 0x00, 0x0F, 0xF0, 0x01, 0xFF, 0x00, 0x3C, 0xF0, 0x07, 0x8F,
    0x00, 0xF0, 0xF0, 0x1E, 0x0F, 0x03, 0xC1, 0xF0, 0x78, 0x1E, 0xF0, 0x03, 0xCF, 0x00, 0x3C, 0xF0,
    0x03, 0xCF, 0x00, 0x3C, 0xF0, 0x03, 0xCF, 0x00, 0x3C, 0xF0, 0x03, 0xCF, 0x00, 0x3C, 0xFF, 0xFF,
    0xCF, 0xFF, 0xFC, 0xFF, 0xFF, 0xCF, 0x00, 0x3C, 0xF0, 0x03, 0xCF, 0x00, 0x3C, 0xF0, 0x03, 0xCF,
    0x00, 0x3C, 0xF0, 0x03, 0xCF, 0x00, 0x3C, 0xF0, 0x03, 0xFF, 0x00, 0x3F, 0xF0, 0x03, 0xF0, 0x00,
    0x07, 0x00, 0x00, 0x70, 0x00, 0x07, 0x00, 0x00, 0x70, 0x00, 0x07, 0x00, 0x00, 0x70, 0xF0, 0x3C,
    0xF0, 0x3C, 0xF0, 0x3C, 0xF0, 0x3C, 0xF0, 0x3C, 0xF0, 0x3C, 0xF0, 0x3C, 0xFF, 0xFC, 0xFF, 0xFC,
    0xF0, 0x3C, 0xF0, 0x3C, 0xF0, 0x3C, 0xF0, 0x3C, 0xF0, 0x3C, 0xF0, 0x3F, 0xF0, 0x3F, 0x00, 0x07,
    0x00, 0x07, 0x00, 0x07, 0x00, 0x07, 0x00, 0x07, 0xF0, 0x03, 0xFF, 0xE0, 0x07, 0xFF, 0xC0, 0x0F,
    0xFF, 0x80, 0x1E, 0x0F, 0x00, 0x3C, 0x1E, 0x00, 0x78, 0x3C, 0x00, 0xF0, 0x78, 0x01, 0xE0, 0xFF,
    0xFF, 0xC1, 0xFF, 0xFF, 0x83, 0xFF, 0xFF, 0x07, 0x80, 0x1E, 0x0F, 0x00, 0x3C, 0x1E, 0x00, 0x78,
    0x3C, 0x00, 0xF0, 0x78, 0x01, 0xE0, 0xF0, 0x03, 0xC1, 0xE0, 0x07, 0x83, 0xC0, 0x0F, 0x07, 0x80,
    0x1E, 0x0F, 0x00, 0x3C, 0x00, 0xF0, 0x3F, 0xFC, 0x0F, 0xFF, 0x03, 0xC3, 0xC0, 0xF0, 0xF0, 0x3C,
    0x3C, 0x0F, 0x0F, 0x03, 0xC3, 0xFF, 0xF0, 0xFF, 0xFC, 0x3C, 0x0F, 0x0F, 0x03, 0xC3, 0xC0, 0xF0,
    0xF0, 0x3C, 0x3C, 0x0F, 0x0F, 0x03, 0xC3, 0xC0, 0xF0, 0xFF, 0xFF, 0x80, 0x07, 0xFF, 0xFC, 0x00,
    0x3F, 0xFF, 0xE0, 0x01, 0xE0, 0x0F, 0x00, 0x0F, 0x00, 0x78, 0x00, 0x78, 0x03, 0xC0, 0x03, 0xC0,
    0x1E, 0x00, 0x1E, 0x00, 0xF0, 0x00, 0xF0, 0x07, 0xFF, 0x87, 0x80, 0x3F, 0xFE, 0x3C, 0x01, 0xFF,
    0xF9, 0xE0, 0x0F, 0xCF, 0xEF, 0x00, 0x78, 0x0F, 0x78, 0x03, 0xC0, 0x7F, 0xC0, 0x1E, 0x01, 0xFE,
    0x00, 0xF0, 0x0F, 0xF0, 0x07, 0x80, 0x7F, 0x80, 0x3C, 0x03, 0xFC, 0x01, 0xE0, 0x1F, 0xE0, 0x0F,
    0x00, 0xFF, 0x00, 0x78, 0x07, 0x80, 0x00, 0x00, 0x7C, 0x00, 0x00, 0x07, 0xC0, 0x00, 0x00, 0xFE,
    0x00, 0x00, 0x3F, 0xE0, 0x00, 0x01, 0xFE, 0x00, 0x00, 0x0F, 0xC0, 0xFF, 0xFC, 0x00, 0xFF, 0xFC,
    0x00, 0xF0, 0x3C, 0x00, 0xF0, 0x3C, 0x00, 0xF0, 0x3C, 0x00, 0xF0, 0x3C, 0x00, 0xF0, 0x3F, 0xF8,
    0xF0, 0x3F, 0xFC, 0xF0, 0x3E, 0x7E, 0xF0, 0x3C, 0x1E, 0xF0, 0x3C, 0x0F, 0xF0, 0x3C, 0x0F, 0xF0,
    0x3C, 0x0F, 0xF0, 0x3C, 0x0F, 0xF0, 0x3C, 0x0F, 0xF0, 0x3C, 0x0F, 0x00, 0x00, 0x0F, 0x00, 0x00,
    0x0F, 0x00, 0x00, 0x1E, 0x00, 0x00, 0x3E, 0x00, 0x01, 0xFC, 0x00, 0x01, 0xF0, 0x01, 0xFF, 0x80,
    0x1F, 0xFE, 0x00, 0xFF, 0xF8, 0x07, 0xF1, 0xC0, 0x3E, 0x00, 0x00, 0xF0, 0x3F, 0x87, 0x81, 0xFF,
    0x1E, 0x0F, 0xFE, 0x78, 0x7C, 0xF9, 0xC1, 0xE0, 0xFF, 0x07, 0x83, 0xFC, 0x1C, 0x0F, 0x78, 0x70,
    0x3D, 0xE1, 0xC0, 0xF7, 0x87, 0x03, 0xDF, 0x1C, 0x1E, 0x3E, 0x78, 0xF8, 0x7F, 0xFF, 0xC0, 0xFF,
    0xFE, 0x01, 0xFF, 0xF0, 0x01, 0xFF, 0x00, 0x00, 0x78, 0x00, 0x01, 0xF8, 0x00, 0x03, 0xFC, 0x00,
    0x07, 0xF8, 0x00, 0x0F, 0xE0, 0x00, 0x0F, 0x80, 0x07, 0xE0, 0x0F, 0xF0, 0x0F, 0x88, 0x0F, 0x00,
    0x07, 0x87, 0xE3, 0x87, 0xFB, 0xC7, 0xBD, 0xE3, 0x8F, 0xF3, 0xC7, 0xF9, 0xE3, 0xDC, 0xF1, 0xEF,
    0x78, 0xE7, 0x9C, 0xF1, 0xFF, 0xF0, 0x7F, 0xF0, 0x0F, 0xF0, 0x00, 0xF0, 0x00, 0x3C, 0x00, 0x1F,
    0x80, 0x07, 0xE0, 0x00, 0xF0, 0x01, 0xFF, 0x01, 0xFF, 0xF0, 0xFF, 0xF8, 0x7F, 0x1E, 0x3E, 0x00,
    0x1F, 0x00, 0x07, 0x80, 0x01, 0xE0, 0x00, 0x78, 0x00, 0x1C, 0x00, 0x0F, 0x00, 0x03, 0xC0, 0x00,
    0x78, 0x00, 0x1E, 0x00, 0x07, 0x80, 0x01, 0xF0, 0x00, 0x3E, 0x00, 0x07, 0xF1, 0xE1, 0xFF, 0xFC,
    0x1F, 0xFF, 0x03, 0xFF, 0x00, 0x18, 0x00, 0x0F, 0x00, 0x01, 0xE0, 0x01, 0x78, 0x00, 0x7E, 0x00,
    0x1F, 0x00, 0x07, 0xF8, 0xFF, 0xCF, 0x8C, 0xF0, 0x07, 0x80, 0x38, 0x03, 0xC0, 0x1E, 0x00, 0xF0,
    0x07, 0x80, 0x1C, 0x00, 0xF0, 0x07, 0x80, 0x1F, 0x9C, 0x7F, 0xE1, 0xFF, 0x03, 0x80, 0x1E, 0x00,
    0xF0, 0x0B, 0xC0, 0xFC, 0x07, 0xE0, 0xFF, 0xFF, 0xBF, 0xFF, 0xEF, 0xFF, 0xF8, 0x07, 0x80, 0x01,
    0xE0, 0x00, 0x78, 0x00, 0x1E, 0x00, 0x07, 0x80, 0x01, 0xE0, 0x00, 0x78, 0x00, 0x1E, 0x00, 0x07,
    0x80, 0x01, 0xE0, 0x00, 0x78, 0x00, 0x1E, 0x00, 0x07, 0x80, 0x01, 0xE0, 0x00, 0x78, 0x00, 0x1F,
    0x80, 0x07, 0xE0, 0x01, 0xF8, 0x00, 0x0E, 0x00, 0x03, 0x80, 0x00, 0xE0, 0x00, 0x38, 0x00, 0x0E,
    0x00, 0x03, 0x80, 0xFF, 0xFF, 0xFF, 0xF0, 0x78, 0x01, 0xE0, 0x07, 0x80, 0x1E, 0x00, 0x78, 0x01,
    0xE0, 0x07, 0x80, 0x1E, 0x00, 0x78, 0x01, 0xE0, 0x07, 0x80, 0x1E, 0x00, 0x7E, 0x01, 0xF8, 0x00,
    0xE0, 0x03, 0x80, 0x0E, 0x00, 0x38, 0x00, 0xE0, 0xF0, 0x03, 0xCF, 0x00, 0x79, 0xE0, 0x1E, 0x1E,
    0x03, 0xC3, 0xC0, 0xF0, 0x3C, 0x1E, 0x07, 0xC7, 0x80, 0x79, 0xF0, 0x07, 0xBC, 0x00, 0xFF, 0x00,
    0x0F, 0xE0, 0x01, 0xF8, 0x00, 0x1E, 0x00, 0x03, 0xC0, 0x00, 0x78, 0x00, 0x0F, 0x00, 0x01, 0xE0,
    0x00, 0x3C, 0x00, 0x07, 0x80, 0x00, 0xF0, 0x00, 0x1E, 0x00, 0xF0, 0x0E, 0x70, 0x1E, 0x78, 0x1E,
    0x78, 0x1C, 0x78, 0x3C, 0x3C, 0x3C, 0x3C, 0x38, 0x3C, 0x78, 0x1E, 0x78, 0x1E, 0x70, 0x0E, 0xF0,
    0x0F, 0xE0, 0x0F, 0xE0, 0x07, 0xE0, 0x07, 0xC0, 0x03, 0xC0, 0x03, 0xC0, 0x03, 0xC0, 0x03, 0xC0,
    0x03, 0xC0, 0x03, 0xC0, 0x03, 0xC0, 0xF0, 0x03, 0xCF, 0x00, 0x79, 0xE0, 0x1E, 0x1E, 0x03, 0xC3,
    0xE0, 0xF0, 0x3C, 0x3C, 0x03, 0xC7, 0x80, 0x7D, 0xE0, 0x07, 0xFC, 0x00, 0x7F, 0x00, 0x0F, 0xC0,
    0x00, 0xF8, 0x01, 0xFF, 0xF0, 0x3F, 0xFE, 0x07, 0xFF, 0xC0, 0x0F, 0x00, 0x01, 0xE0, 0x00, 0x3C,
    0x00, 0x07, 0x80, 0x00, 0xF0, 0x00, 0x1E, 0x00, 0xF0, 0x0E, 0x70, 0x1E, 0x78, 0x1E, 0x78, 0x1C,
    0x78, 0x3C, 0x3C, 0x3C, 0x3C, 0x38, 0x1C, 0x78, 0x1E, 0x78, 0x1E, 0x70, 0x0F, 0xF0, 0x0F, 0xE0,
    0x07, 0xE0, 0x07, 0xE0, 0x3F, 0xFC, 0x3F, 0xFC, 0x03, 0xC0, 0x03, 0xC0, 0x03, 0xC0, 0x03, 0xC0,
    0x03, 0xC0, 0x03, 0xC0, 0x78, 0x03, 0xE1, 0xE0, 0x1E, 0x0F, 0x81, 0xE0, 0x3C, 0x1E, 0x00, 0xF0,
    0xF0, 0x07, 0xCF, 0x00, 0x1F, 0xF0, 0x00, 0x7F, 0x80, 0x03, 0xF8, 0x00, 0x0F, 0x80, 0x00, 0x7E,
    0x00, 0x03, 0xF0, 0x00, 0x3F, 0xC0, 0x03, 0xFF, 0x00, 0x3E, 0x7C, 0x01, 0xE3, 0xE0, 0x1E, 0x0F,
    0x81, 0xF0, 0x3E, 0x0F, 0x00, 0xFC, 0xF0, 0x07, 0xE7, 0x80, 0x1F, 0x00, 0x00, 0x38, 0x00, 0x01,
    0xC0, 0x00, 0x0E, 0x00, 0x00, 0x70, 0x00, 0x03, 0x80, 0x00, 0x1C, 0x78, 0x1E, 0x3C, 0x1E, 0x0F,
    0x0E, 0x03, 0xCF, 0x00, 0xFF, 0x00, 0x7F, 0x00, 0x1F, 0x80, 0x07, 0x80, 0x07, 0xC0, 0x03, 0xF0,
    0x03, 0xFC, 0x03, 0xCF, 0x03, 0xC7, 0x81, 0xC1, 0xE1, 0xE0, 0x7D, 0xE0, 0x3E, 0x00, 0x07, 0x00,
    0x03, 0x80, 0x01, 0xC0, 0x00, 0xE0, 0x00, 0x70, 0xFF, 0xFF, 0x0E, 0x3F, 0xFF, 0xC3, 0x8F, 0xFF,
    0xF0, 0xE0, 0x0F, 0x00, 0x38, 0x03, 0xC0, 0x0E, 0x00, 0xF0, 0x03, 0x80, 0x3C, 0x00, 0xE0, 0x0F,
    0x00, 0x38, 0x03, 0xC0, 0x0E, 0x00, 0xF0, 0x03, 0x80, 0x3C, 0x00, 0xE0, 0x0F, 0x00, 0x38, 0x03,
    0xC0, 0x0E, 0x00, 0xF0, 0x03, 0x80, 0x3C, 0x00, 0xE0, 0x0F, 0x00, 0x38, 0x03, 0xC0, 0x0E, 0x00,
    0xF0, 0x03, 0x80, 0x3F, 0xFF, 0xFC, 0x0F, 0xFF, 0xFF, 0x03, 0xFF, 0xFF, 0xC0, 0x00, 0x00, 0xF0,
    0x00, 0x00, 0x3C, 0x00, 0x00, 0x0F, 0x00, 0x00, 0x03, 0xC0, 0x00, 0x00, 0xF0, 0x00, 0x00, 0x3C,
    0xFF, 0xF3, 0xCF, 0xFF, 0x3C, 0x0F, 0x03, 0xC0, 0xF0, 0x3C, 0x0F, 0x03, 0xC0, 0xF0, 0x3C, 0x0F,
    0x03, 0xC0, 0xF0, 0x3C, 0x0F, 0x03, 0xC0, 0xF0, 0x3C, 0x0F, 0x03, 0xC0, 0xF0, 0x3C, 0x0F, 0x03,
    0xC0, 0xF0, 0x3C, 0x0F, 0xFF, 0xF0, 0xFF, 0xFF, 0x00, 0x00, 0x70, 0x00, 0x07, 0x00, 0x00, 0x70,
    0x00, 0x07, 0x00, 0x00, 0x70, 0xF0, 0x07, 0x1E, 0x00, 0xE3, 0xC0, 0x1C, 0x78, 0x03, 0x8F, 0x00,
    0x71, 0xE0, 0x0E, 0x3C, 0x01, 0xC7, 0x80, 0x38, 0x70, 0x07, 0x0F, 0x00, 0xE1, 0xF8, 0x7C, 0x1F,
    0xFF, 0x83, 0xFF, 0xF0, 0x1F, 0xFE, 0x00, 0x01, 0xC0, 0x00, 0x38, 0x00, 0x07, 0x00, 0x00, 0xE0,
    0x00, 0x1F, 0x80, 0x03, 0xF0, 0x00, 0x7E, 0x00, 0x03, 0xC0, 0x00, 0x78, 0x00, 0x0F, 0x00, 0x01,
    0xE0, 0x00, 0x3C, 0x00, 0x07, 0x80, 0xF0, 0x38, 0xF0, 0x38, 0xF0, 0x38, 0xF0, 0x38, 0xF0, 0x38,
    0xF0, 0x38, 0xF0, 0x38, 0x7C, 0x78, 0x7F, 0xF8, 0x1F, 0xF8, 0x00, 0x38, 0x00, 0x38, 0x00, 0x38,
    0x00, 0x38, 0x00, 0x3F, 0x00, 0x3F, 0x00, 0x0F, 0x00, 0x0F, 0x00, 0x0F, 0x00, 0x0F, 0x00, 0x0F,
    0xF0, 0x07, 0x78, 0x03, 0xBC, 0x01, 0xDE, 0x00, 0xEF, 0x00, 0x77, 0x80, 0x3B, 0xC0, 0x1D, 0xE3,
    0x8E, 0x79, 0xC7, 0x3C, 0xE3, 0x9F, 0xF7, 0xC7, 0xFF, 0xE3, 0xFF, 0xF0, 0x7F, 0xF8, 0x07, 0x1C,
    0x03, 0x8E, 0x01, 0xC7, 0x00, 0xE3, 0x80, 0x01, 0xC0, 0x00, 0xE0, 0x00, 0x70, 0xE0, 0x3B, 0x80,
    0xEE, 0x03, 0xB8, 0x0E, 0xE0, 0x3B, 0xDC, 0xEF, 0x73, 0xBF, 0xDE, 0x7F, 0xF8, 0xFF, 0xE0, 0x73,
    0x81, 0xCE, 0x07, 0x38, 0x00, 0xE0, 0x03, 0x80, 0x0E, 0xF0, 0x00, 0x78, 0x00, 0x3C, 0x00, 0x1E,
    0x00, 0x0F, 0x00, 0x07, 0x80, 0x03, 0xC0, 0x01, 0xFF, 0xF0, 0xFF, 0xFC, 0x7F, 0xFF, 0x3F, 0x1F,
    0xDE, 0x01, 0xEF, 0x00, 0xF7, 0x80, 0x3B, 0xC0, 0x1D, 0xE0, 0x0E, 0xF0, 0x07, 0x78, 0x03, 0xBC,
    0x01, 0xDE, 0x00, 0xEF, 0x00, 0x70, 0xF0, 0x03, 0xC0, 0x0F, 0x00, 0x3C, 0x00, 0xF0, 0x03, 0xC0,
    0x0F, 0x00, 0x3C, 0x00, 0xFF, 0xE3, 0xFF, 0xCF, 0x8F, 0xBC, 0x1E, 0xF0, 0x3F, 0xC0, 0xFF, 0x03,
    0xFC, 0x0F, 0xF0, 0x3F, 0xC0, 0xFF, 0x03, 0xFC, 0x0F, 0xF0, 0x3F, 0xC0, 0xFF, 0x03, 0xFC, 0x0F,
    0x00, 0x1F, 0xF0, 0x00, 0x3F, 0xFC, 0x00, 0x3F, 0xFF, 0x00, 0x3F, 0x8F, 0xC0, 0x1E, 0x01, 0xE7,
    0x1E, 0x00, 0x7B, 0x8F, 0x00, 0x3D, 0xF7, 0x80, 0x0E, 0x7F, 0xFF, 0xFF, 0x3F, 0xFF, 0xFF, 0xCF,
    0xFF, 0xFF, 0xC0, 0x70, 0x00, 0x00, 0x3C, 0x00, 0x00, 0x1E, 0x00, 0x00, 0x0F, 0x00, 0x00, 0x07,
    0xC0, 0x00, 0x01, 0xF0, 0x00, 0x00, 0x7F, 0x1E, 0x00, 0x3F, 0xFF, 0x80, 0x07, 0xFF, 0xC0, 0x01,
    0xFF, 0x80, 0x00, 0x7F, 0x00, 0x1F, 0xF8, 0x01, 0xE7, 0xCE, 0x3C, 0x1E, 0xE7, 0x81, 0xEE, 0x78,
    0x0E, 0xFF, 0x80, 0xE7, 0xFF, 0xFE, 0x3F, 0xFF, 0xE0, 0x70, 0x00, 0x07, 0x80, 0x00, 0x78, 0x00,
    0x03, 0xC0, 0x00, 0x3F, 0x1C, 0x01, 0xFF, 0xC0, 0x07, 0xFC, 0x00, 0x1F, 0xF0, 0x00, 0x3F, 0xFC,
    0x00, 0x3F, 0xFF, 0x00, 0x3F, 0x8F, 0xC0, 0x1E, 0x01, 0xE7, 0x1E, 0x00, 0x7B, 0x8F, 0x00, 0x3D,
    0xF7, 0x80, 0x0E, 0x7F, 0xFF, 0xFF, 0x3F, 0xFF, 0xFF, 0xCF, 0xFF, 0xFF, 0xC0, 0xF0, 0x00, 0x00,
    0x3C, 0x00, 0x00, 0x1E, 0x00, 0x00, 0x0F, 0x00, 0x00, 0x07, 0xC0, 0x00, 0x01, 0xF0, 0x00, 0x00,
    0x7F, 0x1E, 0x00, 0x3F, 0xFF, 0x80, 0x07, 0xFF, 0xC0, 0x00, 0xFF, 0xC0, 0x00, 0x3C, 0x00, 0x00,
    0x1E, 0x00, 0x00, 0x0F, 0x00, 0x00, 0x07, 0x80, 0x00, 0x03, 0xC0, 0x00, 0x01, 0xE0, 0x00, 0x00,
    0x7F, 0x00, 0x1F, 0xF8, 0x01, 0xE7, 0xCE, 0x3C, 0x1E, 0xE7, 0x81, 0xEE, 0x78, 0x0E, 0xFF, 0x80,
    0xE7, 0xFF, 0xFE, 0x3F, 0xFF, 0xE0, 0x70, 0x00, 0x07, 0x80, 0x00, 0x78, 0x00, 0x03, 0xC0, 0x00,
    0x3F, 0x1C, 0x01, 0xFF, 0xC0, 0x07, 0xFC, 0x00, 0x1C, 0x00, 0x01, 0xC0, 0x00, 0x1C, 0x00, 0x01,
    0xC0, 0x00, 0x1C, 0x00, 0xFF, 0xFF, 0xFF, 0xFF, 0xFF, 0xFF, 0xFF, 0xFF, 0xFF, 0xFF, 0xF0, 0x00,
    0x30, 0xC0, 0x00, 0x07, 0x9E, 0x00, 0x00, 0x3F, 0xC0, 0x00, 0x01, 0xF8, 0x00, 0x00, 0x00, 0x00,
    0x00, 0x00, 0x00, 0x00, 0x00, 0x00, 0x00, 0x07, 0xC0, 0xF0, 0x3E, 0x3C, 0x0F, 0x03, 0xC1, 0xE0,
    0xF0, 0x78, 0x0F, 0x0F, 0x0F, 0x00, 0x78, 0xF1, 0xE0, 0x07, 0xCF, 0x3E, 0x00, 0x3E, 0xF7, 0xC0,
    0x01, 0xFF, 0xF8, 0x00, 0x0F, 0xFF, 0x00, 0x00, 0x7F, 0xE0, 0x00, 0x0F, 0xFF, 0x00, 0x01, 0xEF,
    0x78, 0x00, 0x3C, 0xF3, 0xC0, 0x07, 0xCF, 0x3E, 0x00, 0x78, 0xF1, 0xE0, 0x0F, 0x0F, 0x0F, 0x01,
    0xE0, 0xF0, 0x78, 0x3E, 0x0F, 0x07, 0xC3, 0xC0, 0xF0, 0x3C, 0x78, 0x0F, 0x01, 0xE7, 0x80, 0xF0,
    0x1E, 0x01, 0xC3, 0x00, 0x01, 0xE7, 0x80, 0x01, 0xFF, 0x00, 0x00, 0x7E, 0x00, 0x00, 0x00, 0x00,
    0x00, 0x00, 0x00, 0x00, 0x00, 0x00, 0x78, 0x3C, 0x3C, 0x3C, 0x3C, 0x3C, 0x1E, 0x3C, 0x78, 0x0F,
    0x3C, 0xF0, 0x07, 0xBD, 0xE0, 0x07, 0xFF, 0xC0, 0x03, 0xFF, 0x80, 0x01, 0xFF, 0x80, 0x03, 0xFF,
    0xC0, 0x07, 0xBD, 0xE0, 0x0F, 0x3D, 0xE0, 0x1E, 0x3C, 0xF0, 0x1E, 0x3C, 0x78, 0x3C, 0x3C, 0x3C,
    0x78, 0x3C, 0x1E, 0xF0, 0x3C, 0x1E, 0xF0, 0x0F, 0x78, 0x0F, 0x3C, 0x0F, 0x1E, 0x0F, 0x0F, 0x0F,
    0x07, 0x8F, 0x03, 0xCF, 0x01, 0xEF, 0x00, 0xFF, 0x00, 0x7F, 0xF0, 0x3F, 0xFE, 0x1F, 0xFF, 0x8F,
    0x0F, 0xE7, 0x80, 0xFB, 0xC0, 0x3D, 0xE0, 0x1E, 0xF0, 0x07, 0x78, 0x03, 0xFC, 0x01, 0xFE, 0x00,
    0xEF, 0x00, 0xF0, 0x00, 0x78, 0x00, 0x7C, 0x00, 0xFC, 0x03, 0xFC, 0x01, 0xFC, 0x00, 0xFC, 0x00,
    0xF0, 0x7F, 0xC3, 0xEF, 0x1F, 0x3C, 0xF8, 0xF7, 0xC3, 0xFE, 0x0F, 0xF0, 0x3F, 0xF0, 0xFF, 0xF3,
    0xC7, 0xEF, 0x07, 0xBC, 0x0F, 0xF0, 0x3F, 0xC0, 0xFF, 0x01, 0xFC, 0x07, 0x00, 0x3C, 0x00, 0xF0,
    0x07, 0x80, 0x3E, 0x07, 0xF0, 0x1F, 0x80, 0x01, 0xFF, 0xF0, 0x03, 0xFF, 0xE0, 0x07, 0xFF, 0xC0,
    0x0E, 0x07, 0x80, 0x1C, 0x0F, 0x00, 0x38, 0x1E, 0x00, 0x70, 0x3C, 0x01, 0xE0, 0x78, 0x03, 0xC0,
    0xF0, 0x07, 0x81, 0xE0, 0x0F, 0x03, 0xC0, 0x1E, 0x07, 0x80, 0x3C, 0x0F, 0x00, 0xF0, 0x1E, 0x01,
    0xE0, 0x3C, 0x07, 0xC0, 0x78, 0x1F, 0x00, 0xF0, 0xFE, 0x01, 0xE3, 0xF8, 0x03, 0xF7, 0xE0, 0x07,
    0xEF, 0x00, 0x0F, 0xC0, 0x00, 0x07, 0x80, 0x00, 0x0F, 0x00, 0x00, 0x3C, 0x00, 0x00, 0x78, 0x00,
    0x01, 0xE0, 0x00, 0x01, 0x80, 0x07, 0xFF, 0x00, 0xFF, 0xE0, 0x1C, 0x1C, 0x03, 0x83, 0x80, 0x70,
    0x70, 0x0E, 0x0E, 0x01, 0xC1, 0xC0, 0x38, 0x38, 0x0F, 0x07, 0x01, 0xE0, 0xE0, 0x38, 0x1C, 0x0F,
    0x03, 0x81, 0xE0, 0x70, 0xF8, 0x0E, 0x3E, 0x01, 0xFF, 0x80, 0x3F, 0x00, 0x01, 0xE0, 0x00, 0x3C,
    0x00, 0x07, 0x00, 0x01, 0xE0, 0x00, 0x78, 0x00, 0x06, 0x00, 0xF0, 0x03, 0xFC, 0x00, 0xFF, 0x00,
    0x3F, 0xC0, 0x0F, 0xF0, 0x03, 0xFC, 0x00, 0xFF, 0x00, 0x3F, 0xC0, 0x0F, 0xFF, 0xFF, 0xFF, 0xFF,
    0xFF, 0xFF, 0xFF, 0xC0, 0x0F, 0xF0, 0x03, 0xFC, 0x00, 0xFF, 0x00, 0x3F, 0xC0, 0x0F, 0xF0, 0x03,
    0xFC, 0x00, 0xFF, 0x00, 0x3F, 0xC0, 0x0F, 0xF0, 0x03, 0xC0, 0x00, 0xF0, 0x00, 0x3C, 0x00, 0x1E,
    0x00, 0x3F, 0x80, 0x0F, 0xE0, 0x03, 0xF0, 0xF0, 0x3F, 0xC0, 0xFF, 0x03, 0xFC, 0x0F, 0xF0, 0x3F,
    0xC0, 0xFF, 0x03, 0xFF, 0xFF, 0xFF, 0xFF, 0xC0, 0xFF, 0x03, 0xFC, 0x0F, 0xF0, 0x3F, 0xC0, 0xFF,
    0x03, 0xFC, 0x0F, 0x00, 0x3C, 0x00, 0xF0, 0x03, 0xC0, 0x1F, 0x01, 0xF8, 0x07, 0xC0, 0xF0, 0x03,
    0xC7, 0x80, 0x1E, 0x3C, 0x00, 0xF1, 0xE0, 0x07, 0x8F, 0x00, 0x3C, 0x78, 0x01, 0xE3, 0xC0, 0x0F,
    0x1E, 0x00, 0x78, 0xFF, 0xFF, 0xC7, 0xFF, 0xFE, 0x3F, 0xFF, 0xF1, 0xE0, 0x07, 0x8F, 0x00, 0x3C,
    0x78, 0x01, 0xE3, 0xC0, 0x0F, 0x1E, 0x00, 0x78, 0xF0, 0x03, 0xC7, 0x80, 0x1E, 0x3C, 0x00, 0xFD,
    0xE0, 0x07, 0xEF, 0x00, 0x3F, 0x00, 0x00, 0x78, 0x00, 0x03, 0x80, 0x00, 0x3C, 0x00, 0x01, 0xC0,
    0x00, 0x1E, 0x00, 0x00, 0x60, 0xF0, 0x3C, 0x78, 0x1E, 0x3C, 0x0F, 0x1E, 0x07, 0x8F, 0x03, 0xC7,
    0x81, 0xE3, 0xC0, 0xF1, 0xFF, 0xF8, 0xFF, 0xFC, 0x78, 0x1E, 0x3C, 0x0F, 0x1E, 0x07, 0x8F, 0x03,
    0xC7, 0x81, 0xE3, 0xC0, 0xFF, 0xE0, 0x7F, 0x00, 0x07, 0x80, 0x03, 0x80, 0x03, 0xC0, 0x01, 0xC0,
    0x01, 0xE0, 0x00, 0x60, 0xE0, 0x0E, 0xE0, 0x0E, 0xE0, 0x0E, 0xE0, 0x0E, 0xE0, 0x0E, 0xE0, 0x0E,
    0xE0, 0x0E, 0xE0, 0x0E, 0xF0, 0x0E, 0xF0, 0x0E, 0xFC, 0x3E, 0x7F, 0xFE, 0x3F, 0xFE, 0x1F, 0xFE,
    0x00, 0x0E, 0x00, 0x0E, 0x00, 0x0E, 0x00, 0x0E, 0x00, 0x7E, 0x00, 0x7E, 0x00, 0x7E, 0x00, 0x78,
    0x00, 0x78, 0x00, 0x78, 0x00, 0x78, 0x00, 0x78, 0x00, 0x78, 0xF0, 0x3B, 0xC0, 0xEF, 0x03, 0xBC,
    0x0E, 0xF0, 0x3B, 0xC0, 0xEF, 0x03, 0x9F, 0x1E, 0x7F, 0xF8, 0x7F, 0xE0, 0x03, 0x80, 0x0E, 0x00,
    0x38, 0x00, 0xE0, 0x0F, 0x80, 0x3E, 0x00, 0xE0, 0x03, 0x80, 0x0E, 0x00, 0x38, 0x00, 0xE0, 0x78,
    0x00, 0x3C, 0x1F, 0x00, 0x1F, 0x07, 0xC0, 0x07, 0xC1, 0xF8, 0x03, 0xF0, 0x7E, 0x00, 0xFC, 0x1D,
    0xC0, 0x77, 0x07, 0x70, 0x1D, 0xC1, 0xCE, 0x0E, 0x70, 0xF3, 0x83, 0x9E, 0x3C, 0xE0, 0xE7, 0x8F,
    0x1C, 0x71, 0xE3, 0xC7, 0x1C, 0x78, 0xF0, 0xEE, 0x1E, 0x3C, 0x3B, 0x87, 0x8F, 0x07, 0xC1, 0xE3,
    0xC1, 0xF0, 0x78, 0xF0, 0x7C, 0x1E, 0x3C, 0x0E, 0x07, 0x8E, 0x00, 0x00, 0xFF, 0x80, 0x00, 0x3F,
    0xE0, 0x00, 0x0F, 0xC0, 0x00, 0x00, 0xE0, 0x00, 0x00, 0x38, 0x00, 0x00, 0x1E, 0x00, 0x00, 0x0F,
    0x00, 0x00, 0x03, 0xC0, 0x00, 0x00, 0xE0, 0x78, 0x03, 0xC1, 0xE0, 0x1F, 0x07, 0xC0, 0x7C, 0x1F,
    0x03, 0xF0, 0xFE, 0x0F, 0xC3, 0xF8, 0x77, 0x0F, 0x71, 0xDC, 0x3D, 0xC6, 0x70, 0xF3, 0xB9, 0xC3,
    0x8E, 0xE7, 0x8E, 0x3F, 0x1E, 0x38, 0x7C, 0x78, 0xE1, 0xE1, 0xE3, 0x83, 0x87, 0x8E, 0x00, 0x1F,
    0xF8, 0x00, 0x7F, 0x00, 0x00, 0x38, 0x00, 0x01, 0xE0, 0x00, 0x07, 0x80, 0x00, 0x3C, 0x00, 0x00,
    0xF0, 0x00, 0x03, 0x80, 0xFF, 0xFF, 0xFF, 0xFF, 0xFF, 0xFF, 0xFF, 0xFF, 0xFF, 0xFF, 0xF0, 0x03,
    0x0E, 0x00, 0x3E, 0xF0, 0x00, 0xFF, 0x80, 0x03, 0xF8, 0x00, 0x00, 0x00, 0x00, 0x00, 0x00, 0x00,
    0x00, 0x00, 0x1E, 0x00, 0x00, 0xF8, 0x00, 0x0F, 0xC0, 0x00, 0x7F, 0x00, 0x07, 0xF8, 0x00, 0x3D,
    0xE0, 0x03, 0xCF, 0x00, 0x1E, 0x38, 0x00, 0xE1, 0xE0, 0x0F, 0x0F, 0x00, 0x78, 0x3C, 0x07, 0x81,
    0xE0, 0x3C, 0x07, 0x01, 0xFF, 0xFC, 0x1F, 0xFF, 0xE0, 0xFF, 0xFF, 0x87, 0x80, 0x3C, 0x78, 0x01,
    0xE3, 0xC0, 0x07, 0xBC, 0x00, 0x3D, 0xE0, 0x01, 0xF0, 0x18, 0x71, 0xE7, 0x87, 0xFC, 0x1F, 0x80,
    0x00, 0x00, 0x00, 0x00, 0x07, 0xFC, 0x3F, 0xF1, 0xCF, 0xC0, 0x1E, 0x00, 0xF0, 0x03, 0x80, 0x1C,
    0x7F, 0xEF, 0xFF, 0xFC, 0x7F, 0x81, 0xFC, 0x0F, 0xE0, 0x7F, 0xC7, 0xBF, 0xFC, 0xFF, 0xE0, 0x03,
    0x8E, 0x00, 0x3C, 0xF0, 0x01, 0xE7, 0x80, 0x07, 0x1C, 0x00, 0x00, 0x00, 0x00, 0x00, 0x00, 0x00,
    0x00, 0x00, 0x1E, 0x00, 0x00, 0xF8, 0x00, 0x0F, 0xC0, 0x00, 0x7F, 0x00, 0x07, 0xF8, 0x00, 0x3D,
    0xE0, 0x03, 0xCF, 0x00, 0x1E, 0x38, 0x00, 0xE1, 0xE0, 0x0F, 0x0F, 0x00, 0x78, 0x3C, 0x07, 0x81,
    0xE0, 0x3C, 0x07, 0x01, 0xFF, 0xFC, 0x1F, 0xFF, 0xE0, 0xFF, 0xFF, 0x87, 0x80, 0x3C, 0x78, 0x01,
    0xE3, 0xC0, 0x07, 0xBC, 0x00, 0x3D, 0xE0, 0x01, 0xF0, 0x1C, 0xF1, 0xE7, 0x8F, 0x3C, 0x39, 0xE0,
    0x00, 0x00, 0x00, 0x00, 0x07, 0xFC, 0x3F, 0xF1, 0xCF, 0xC0, 0x1E, 0x00, 0xF0, 0x03, 0x80, 0x1C,
    0x7F, 0xEF, 0xFF, 0xFC, 0x7F, 0x81, 0xFC, 0x0F, 0xE0, 0x7F, 0xC7, 0xBF, 0xFC, 0xFF, 0xE0, 0x00,
    0x0F, 0xFF, 0xE0, 0x00, 0xFF, 0xFE, 0x00, 0x1F, 0xFF, 0xE0, 0x03, 0xFC, 0x00, 0x00, 0x3F, 0xC0,
    0x00, 0x07, 0xBC, 0x00, 0x00, 0xF3, 0xC0, 0x00, 0x0F, 0x3C, 0x00, 0x01, 0xE3, 0xFF, 0xC0, 0x3C,
    0x3F, 0xFC, 0x03, 0xC3, 0xFF, 0xC0, 0x78, 0x3C, 0x00, 0x07, 0x03, 0xC0, 0x00, 0xFF, 0xFC, 0x00,
    0x1F, 0xFF, 0xC0, 0x01, 0xFF, 0xFC, 0x00, 0x3C, 0x03, 0xC0, 0x03, 0xC0, 0x3C, 0x00, 0x78, 0x03,
    0xFF, 0xF7, 0x80, 0x3F, 0xFF, 0xF0, 0x03, 0xFF, 0xF0, 0x3F, 0xC3, 0xF8, 0x3F, 0xE7, 0xFC, 0x39,
    0xFF, 0x3E, 0x00, 0x7E, 0x0F, 0x00, 0x7C, 0x0F, 0x00, 0x3C, 0x0F, 0x00, 0x38, 0x07, 0x1F, 0xFF,
    0xFF, 0x7F, 0xFF, 0xFF, 0xFC, 0x78, 0x00, 0xF0, 0x3C, 0x00, 0xF0, 0x3C, 0x00, 0xF0, 0x3E, 0x00,
    0xFC, 0x7F, 0x8E, 0x7F, 0xFF, 0xFE, 0x3F, 0xE3, 0xFE, 0x18, 0x60, 0x79, 0xE0, 0x7F, 0x80, 0x7E,
    0x00, 0x00, 0x00, 0x00, 0x00, 0x00, 0x7F, 0xFE, 0xFF, 0xFD, 0xFF, 0xFB, 0xC0, 0x07, 0x80, 0x0F,
    0x00, 0x1E, 0x00, 0x3C, 0x00, 0x7F, 0xFC, 0xFF, 0xF9, 0xFF, 0xF3, 0xC0, 0x07, 0x80, 0x0F, 0x00,
    0x1E, 0x00, 0x3C, 0x00, 0x78, 0x00, 0xF0, 0x01, 0xFF, 0xFF, 0xFF, 0xFF, 0xFF, 0xF0, 0x1C, 0x30,
    0x3D, 0xF0, 0x7F, 0xC0, 0x7F, 0x00, 0x00, 0x00, 0x00, 0x00, 0x00, 0x07, 0xF8, 0x1F, 0xF8, 0x7C,
    0xF9, 0xE0, 0xF3, 0xC0, 0xF7, 0x01, 0xFE, 0x03, 0xFF, 0xFF, 0xFF, 0xFF, 0xF0, 0x00, 0xE0, 0x01,
    0xE0, 0x03, 0xC0, 0x03, 0xF1, 0xC3, 0xFF, 0x83, 0xFE, 0x00, 0x1F, 0xF8, 0x03, 0xFF, 0xE0, 0x3F,
    0xFF, 0x03, 0xE3, 0xF8, 0x00, 0x07, 0xC0, 0x00, 0x3C, 0x00, 0x01, 0xE0, 0x00, 0x1E, 0x00, 0x01,
    0xEF, 0xFF, 0xFE, 0xFF, 0xFF, 0xEF, 0xFF, 0xFE, 0xF0, 0x01, 0xE7, 0x00, 0x1E, 0x78, 0x01, 0xE7,
    0x80, 0x3C, 0x3C, 0x07, 0xC3, 0xF1, 0xF8, 0x1F, 0xFF, 0x80, 0xFF, 0xE0, 0x07, 0xFC, 0x00, 0x3F,
    0xE0, 0x7F, 0xE0, 0xE3, 0xE0, 0x01, 0xE0, 0x01, 0xE0, 0x03, 0xC0, 0x07, 0xFF, 0xFF, 0xFF, 0xFF,
    0xE0, 0x3D, 0xC0, 0x7B, 0x80, 0xE7, 0x83, 0xC7, 0xDF, 0x0F, 0xFC, 0x07, 0xF0, 0x07, 0x1C, 0x00,
    0x7B, 0xE0, 0x07, 0xBE, 0x00, 0x71, 0xC0, 0x00, 0x00, 0x00, 0x00, 0x00, 0x00, 0x00, 0x01, 0xFF,
    0x80, 0x3F, 0xFE, 0x03, 0xFF, 0xF0, 0x3E, 0x3F, 0x80, 0x00, 0x7C, 0x00, 0x03, 0xC0, 0x00, 0x1E,
    0x00, 0x01, 0xE0, 0x00, 0x1E, 0xFF, 0xFF, 0xEF, 0xFF, 0xFE, 0xFF, 0xFF, 0xEF, 0x00, 0x1E, 0x70,
    0x01, 0xE7, 0x80, 0x1E, 0x78, 0x03, 0xC3, 0xC0, 0x7C, 0x3F, 0x1F, 0x81, 0xFF, 0xF8, 0x0F, 0xFE,
    0x00, 0x7F, 0xC0, 0x1C, 0x70, 0x7D, 0xE0, 0xFB, 0xC0, 0xE3, 0x80, 0x00, 0x00, 0x00, 0x00, 0x00,
    0x1F, 0xF0, 0x3F, 0xF0, 0x71, 0xF0, 0x00, 0xF0, 0x00, 0xF0, 0x01, 0xE0, 0x03, 0xFF, 0xFF, 0xFF,
    0xFF, 0xF0, 0x1E, 0xE0, 0x3D, 0xC0, 0x73, 0xC1, 0xE3, 0xEF, 0x87, 0xFE, 0x03, 0xF8, 0x00, 0x00,
    0x79, 0xE0, 0x00, 0x07, 0x9E, 0x00, 0x00, 0x79, 0xE0, 0x00, 0x07, 0x9E, 0x00, 0x00, 0x00, 0x00,
    0x00, 0x00, 0x00, 0x00, 0x00, 0x00, 0x00, 0x07, 0xC0, 0xF0, 0x3E, 0x3C, 0x0F, 0x03, 0xC1, 0xE0,
    0xF0, 0x78, 0x0F, 0x0F, 0x0F, 0x00, 0x78, 0xF1, 0xE0, 0x07, 0xCF, 0x3E, 0x00, 0x3E, 0xF7, 0xC0,
    0x01, 0xFF, 0xF8, 0x00, 0x0F, 0xFF, 0x00, 0x00, 0x7F, 0xE0, 0x00, 0x0F, 0xFF, 0x00, 0x01, 0xEF,
    0x78, 0x00, 0x3C, 0xF3, 0xC0, 0x07, 0xCF, 0x3E, 0x00, 0x78, 0xF1, 0xE0, 0x0F, 0x0F, 0x0F, 0x01,
    0xE0, 0xF0, 0x78, 0x3E, 0x0F, 0x07, 0xC3, 0xC0, 0xF0, 0x3C, 0x78, 0x0F, 0x01, 0xE7, 0x80, 0xF0,
    0x1E, 0x01, 0xC7, 0x00, 0x01, 0xE7, 0x80, 0x01, 0xE7, 0x80, 0x01, 0xC7, 0x00, 0x00, 0x00, 0x00,
    0x00, 0x00, 0x00, 0x00, 0x00, 0x00, 0x78, 0x3C, 0x3C, 0x3C, 0x3C, 0x3C, 0x1E, 0x3C, 0x78, 0x0F,
    0x3C, 0xF0, 0x07, 0xBD, 0xE0, 0x07, 0xFF, 0xC0, 0x03, 0xFF, 0x80, 0x01, 0xFF, 0x80, 0x03, 0xFF,
    0xC0, 0x07, 0xBD, 0xE0, 0x0F, 0x3D, 0xE0, 0x1E, 0x3C, 0xF0, 0x1E, 0x3C, 0x78, 0x3C, 0x3C, 0x3C,
    0x78, 0x3C, 0x1E, 0xF0, 0x3C, 0x1E, 0x1E, 0x70, 0x0F, 0x3C, 0x07, 0x9E, 0x03, 0xCE, 0x00, 0x00,
    0x00, 0x00, 0x00, 0x00, 0x00, 0x3F, 0xE0, 0x7F, 0xFC, 0x1F, 0xFF, 0x0F, 0x1F, 0x80, 0x03, 0xE0,
    0x00, 0xE0, 0x00, 0xF0, 0x03, 0xF8, 0x1F, 0xF0, 0x0F, 0xFC, 0x07, 0xFF, 0x00, 0x3F, 0xC0, 0x01,
    0xE0, 0x00, 0xF0, 0x00, 0x3C, 0x00, 0x3C, 0x00, 0x1E, 0x7C, 0x7F, 0x3F, 0xFF, 0x1F, 0xFF, 0x07,
    0xFF, 0x00, 0x39, 0xE3, 0xCF, 0x1E, 0x78, 0x73, 0xC0, 0x00, 0x00, 0x00, 0x00, 0x0F, 0xF8, 0x7F,
    0xE3, 0x8F, 0x80, 0x3C, 0x00, 0xE0, 0x07, 0x00, 0xF8, 0x7F, 0x83, 0xFC, 0x01, 0xF0, 0x03, 0xC0,
    0x1E, 0x00, 0xFF, 0x1F, 0xFF, 0xFB, 0xFF, 0x80, 0x7F, 0xFF, 0x3F, 0xFF, 0x9F, 0xFF, 0xC0, 0x03,
    0xC0, 0x03, 0xC0, 0x03, 0xC0, 0x03, 0xC0, 0x03, 0xC0, 0x03, 0xC0, 0x03, 0xFC, 0x01, 0xFF, 0x00,
    0x1F, 0xC0, 0x01, 0xF0, 0x00, 0x78, 0x00, 0x3C, 0x00, 0x1E, 0x40, 0x0F, 0x3E, 0x3F, 0x9F, 0xFF,
    0x8F, 0xFF, 0x83, 0xFF, 0x80, 0x7F, 0xFC, 0xFF, 0xF8, 0x01, 0xE0, 0x03, 0xC0, 0x0F, 0x00, 0x3C,
    0x00, 0x70, 0x01, 0xE0, 0x07, 0x80, 0x1F, 0xC0, 0x3F, 0xE0, 0x0F, 0xE0, 0x03, 0xC0, 0x03, 0xC0,
    0x07, 0x80, 0x0F, 0x00, 0x1E, 0x00, 0x38, 0x00, 0xF3, 0x87, 0xC7, 0xFF, 0x0F, 0xFC, 0x00, 0x0F,
    0xFC, 0x03, 0xFF, 0x00, 0x00, 0x00, 0x00, 0x00, 0x00, 0x00, 0x00, 0x00, 0x0F, 0x00, 0x1F, 0xC0,
    0x0F, 0xF0, 0x07, 0xFC, 0x03, 0xFF, 0x01, 0xFF, 0xC0, 0xFF, 0xF0, 0x3D, 0xFC, 0x1E, 0x7F, 0x0F,
    0x1F, 0xC7, 0x87, 0xF1, 0xE1, 0xFC, 0xF0, 0x7F, 0x78, 0x1F, 0xFE, 0x07, 0xFF, 0x01, 0xFF, 0x80,
    0x7F, 0xE0, 0x1F, 0xF0, 0x07, 0xF8, 0x01, 0xFE, 0x00, 0x7F, 0x00, 0x1C, 0x1F, 0xF0, 0x3F, 0xE0,
    0x00, 0x00, 0x00, 0x00, 0x00, 0x00, 0x00, 0x3C, 0x07, 0x78, 0x1E, 0xF0, 0x7D, 0xE1, 0xFB, 0xC7,
    0xF7, 0x8E, 0xEF, 0x3D, 0xDE, 0xF3, 0xBD, 0xC7, 0x7F, 0x8E, 0xFE, 0x1D, 0xF8, 0x3B, 0xF0, 0x77,
    0xC0, 0xEF, 0x01, 0xDE, 0x03, 0x80, 0x07, 0x1C, 0x03, 0xCF, 0x00, 0xF3, 0xC0, 0x1C, 0x70, 0x00,
    0x00, 0x00, 0x00, 0x00, 0x00, 0x03, 0xC0, 0x07, 0xF0, 0x03, 0xFC, 0x01, 0xFF, 0x00, 0xFF, 0xC0,
    0x7F, 0xF0, 0x3F, 0xFC, 0x0F, 0x7F, 0x07, 0x9F, 0xC3, 0xC7, 0xF1, 0xE1, 0xFC, 0x78, 0x7F, 0x3C,
    0x1F, 0xDE, 0x07, 0xFF, 0x81, 0xFF, 0xC0, 0x7F, 0xE0, 0x1F, 0xF8, 0x07, 0xFC, 0x01, 0xFE, 0x00,
    0x7F, 0x80, 0x1F, 0xC0, 0x07, 0x1C, 0x70, 0x79, 0xE0, 0xF3, 0xC0, 0xE3, 0x80, 0x00, 0x00, 0x00,
    0x00, 0x00, 0x78, 0x0E, 0xF0, 0x3D, 0xE0, 0xFB, 0xC3, 0xF7, 0x8F, 0xEF, 0x1D, 0xDE, 0x7B, 0xBD,
    0xE7, 0x7B, 0x8E, 0xFF, 0x1D, 0xFC, 0x3B, 0xF0, 0x77, 0xE0, 0xEF, 0x81, 0xDE, 0x03, 0xBC, 0x07,
    0x00, 0x03, 0xCF, 0x00, 0x0F, 0x3C, 0x00, 0x3C, 0xF0, 0x00, 0xF3, 0xC0, 0x00, 0x00, 0x00, 0x00,
    0x00, 0x00, 0x00, 0x00, 0x00, 0x7F, 0x80, 0x07, 0xFF, 0x80, 0x3F, 0xFF, 0x81, 0xFC, 0xFE, 0x0F,
    0x80, 0x7C, 0x7C, 0x00, 0xF9, 0xE0, 0x01, 0xE7, 0x80, 0x07, 0x9E, 0x00, 0x0F, 0x70, 0x00, 0x3F,
    0xC0, 0x00, 0xF7, 0x00, 0x03, 0xDE, 0x00, 0x0F, 0x78, 0x00, 0x79, 0xE0, 0x01, 0xE7, 0xC0, 0x0F,
    0x8F, 0x80, 0x7C, 0x1F, 0xCF, 0xE0, 0x3F, 0xFF, 0x80, 0x7F, 0xF8, 0x00, 0x7F, 0xC0, 0x0E, 0x78,
    0x1E, 0x78, 0x1E, 0x78, 0x0E, 0x78, 0x00, 0x00, 0x00, 0x00, 0x00, 0x00, 0x0F, 0xF0, 0x1F, 0xF8,
    0x3E, 0x7C, 0x78, 0x1E, 0x78, 0x0E, 0x70, 0x0F, 0xF0, 0x0F, 0xF0, 0x0F, 0xF0, 0x0F, 0xF0, 0x0F,
    0x70, 0x0F, 0x78, 0x0E, 0x78, 0x1E, 0x3E, 0x7C, 0x1F, 0xF8, 0x0F, 0xF0, 0x01, 0xFE, 0x00, 0x1F,
    0xFE, 0x00, 0xFF, 0xFE, 0x07, 0xF3, 0xF8, 0x3E, 0x01, 0xF1, 0xF0, 0x03, 0xE7, 0x80, 0x07, 0x9E,
    0x00, 0x1E, 0x70, 0x00, 0x3D, 0xFF, 0xFF, 0xFF, 0xFF, 0xFF, 0xDF, 0xFF, 0xFF, 0x70, 0x00, 0x3D,
    0xE0, 0x01, 0xE7, 0x80, 0x07, 0x9F, 0x00, 0x3E, 0x3E, 0x01, 0xF0, 0x7F, 0x1F, 0x80, 0xFF, 0xFE,
    0x01, 0xFF, 0xE0, 0x01, 0xFF, 0x00, 0x0F, 0xF0, 0x1F, 0xF8, 0x3E, 0x7C, 0x78, 0x1E, 0x78, 0x1E,
    0x70, 0x0F, 0xF0, 0x0F, 0xFF, 0xFF, 0xFF, 0xFF, 0xF0, 0x0F, 0x70, 0x0F, 0x78, 0x0E, 0x78, 0x1E,
    0x3E, 0x7C, 0x1F, 0xF8, 0x0F, 0xF0, 0x03, 0xCF, 0x00, 0x0F, 0x3C, 0x00, 0x3C, 0xF0, 0x00, 0xF3,
    0xC0, 0x00, 0x00, 0x00, 0x00, 0x00, 0x00, 0x00, 0x00, 0x00, 0x7F, 0x80, 0x07, 0xFF, 0x80, 0x3F,
    0xFF, 0x81, 0xFC, 0xFE, 0x0F, 0x80, 0x7C, 0x7C, 0x00, 0xF9, 0xE0, 0x01, 0xE7, 0x80, 0x07, 0x9C,
    0x00, 0x0F, 0x7F, 0xFF, 0xFF, 0xFF, 0xFF, 0xF7, 0xFF, 0xFF, 0xDC, 0x00, 0x0F, 0x78, 0x00, 0x79,
    0xE0, 0x01, 0xE7, 0xC0, 0x0F, 0x8F, 0x80, 0x7C, 0x1F, 0xC7, 0xE0, 0x3F, 0xFF, 0x80, 0x7F, 0xF8,
    0x00, 0x7F, 0xC0, 0x0E, 0x78, 0x1E, 0x78, 0x1E, 0x78, 0x0E, 0x78, 0x00, 0x00, 0x00, 0x00, 0x00,
    0x00, 0x0F, 0xF0, 0x1F, 0xF8, 0x3E, 0x7C, 0x78, 0x1E, 0x78, 0x1E, 0x70, 0x0F, 0xF0, 0x0F, 0xFF,
    0xFF, 0xFF, 0xFF, 0xF0, 0x0F, 0x70, 0x0F, 0x78, 0x0E, 0x78, 0x1E, 0x3E, 0x7C, 0x1F, 0xF8, 0x0F,
    0xF0, 0x1C, 0x70, 0x07, 0x9E, 0x01, 0xE7, 0x80, 0x71, 0xC0, 0x00, 0x00, 0x00, 0x00, 0x00, 0x00,
    0x00, 0xFF, 0xC0, 0x7F, 0xFC, 0x1F, 0xFF, 0x87, 0x87, 0xF0, 0x00, 0x3C, 0x00, 0x07, 0x80, 0x01,
    0xE0, 0x00, 0x38, 0x3F, 0xFF, 0x0F, 0xFF, 0xC3, 0xFF, 0xF0, 0x00, 0x3C, 0x00, 0x0F, 0x00, 0x07,
    0x80, 0x01, 0xE0, 0x00, 0xF8, 0x00, 0x7C, 0x78, 0xFF, 0x1F, 0xFF, 0x87, 0xFF, 0xC0, 0xFF, 0xC0,
    0x71, 0xC7, 0xDE, 0x3E, 0xF0, 0xE3, 0x80, 0x00, 0x00, 0x00, 0x00, 0x0F, 0xF0, 0xFF, 0xC3, 0x1F,
    0x00, 0x3C, 0x00, 0xF0, 0x07, 0x80, 0x3C, 0x7F, 0xE3, 0xFF, 0x00, 0x78, 0x03, 0xC0, 0x1E, 0x01,
    0xEE, 0x3F, 0x7F, 0xF3, 0xFE, 0x00, 0x07, 0xFC, 0x01, 0xFF, 0x00, 0x00, 0x00, 0x00, 0x00, 0x00,
    0x00, 0x00, 0x00, 0x0F, 0x80, 0x3D, 0xE0, 0x0F, 0x3C, 0x07, 0x8F, 0x01, 0xE3, 0xE0, 0x78, 0x78,
    0x3C, 0x1F, 0x0F, 0x03, 0xC3, 0x80, 0xF9, 0xE0, 0x1E, 0x78, 0x03, 0xDC, 0x00, 0xFF, 0x00, 0x1F,
    0x80, 0x07, 0xE0, 0x00, 0xF8, 0x00, 0x3C, 0x00, 0x1F, 0x00, 0x9F, 0x80, 0x7F, 0xC0, 0x1F, 0xE0,
    0x07, 0xF0, 0x00, 0x1F, 0xF8, 0x3F, 0xF0, 0x00, 0x00, 0x00, 0x00, 0x00, 0x00, 0x00, 0x3C, 0x07,
    0xB8, 0x0F, 0x78, 0x1E, 0xF0, 0x38, 0xE0, 0xF1, 0xE1, 0xE3, 0xC3, 0x83, 0x87, 0x07, 0x9E, 0x0F,
    0x38, 0x0F, 0x70, 0x1F, 0xE0, 0x1F, 0x80, 0x3F, 0x00, 0x3E, 0x00, 0x78, 0x00, 0xF0, 0x01, 0xC0,
    0x07, 0x81, 0xBE, 0x03, 0xF8, 0x07, 0xE0, 0x00, 0x07, 0x1C, 0x03, 0xEF, 0x80, 0xFB, 0xE0, 0x1C,
    0x70, 0x00, 0x00, 0x00, 0x00, 0x00, 0x00, 0x03, 0xE0, 0x0F, 0x78, 0x03, 0xCF, 0x01, 0xE3, 0xC0,
    0x78, 0xF8, 0x1E, 0x1E, 0x0F, 0x07, 0xC3, 0xC0, 0xF0, 0xE0, 0x3E, 0x78, 0x07, 0x9E, 0x00, 0xF7,
    0x00, 0x3F, 0xC0, 0x07, 0xE0, 0x01, 0xF8, 0x00, 0x3E, 0x00, 0x0F, 0x00, 0x07, 0xC0, 0x27, 0xE0,
    0x1F, 0xF0, 0x07, 0xF8, 0x01, 0xFC, 0x00, 0x0E, 0x78, 0x3C, 0xF0, 0x79, 0xE0, 0x73, 0xC0, 0x00,
    0x00, 0x00, 0x00, 0x00, 0x78, 0x0F, 0x70, 0x1E, 0xF0, 0x3D, 0xE0, 0x71, 0xC1, 0xE3, 0xC3, 0xC7,
    0x87, 0x07, 0x0E, 0x0F, 0x3C, 0x1E, 0x70, 0x1E, 0xE0, 0x3F, 0xC0, 0x3F, 0x00, 0x7E, 0x00, 0x7C,
    0x00, 0xF0, 0x01, 0xE0, 0x03, 0x80, 0x0F, 0x03, 0x7C, 0x07, 0xF0, 0x0F, 0xC0, 0x00, 0x00, 0xC6,
    0x00, 0x39, 0xC0, 0x1E, 0xF0, 0x0F, 0x78, 0x03, 0x9C, 0x00, 0xC6, 0x00, 0x00, 0x00, 0x00, 0x00,
    0xF8, 0x03, 0xDE, 0x00, 0xF3, 0xC0, 0x78, 0xF0, 0x1E, 0x3E, 0x07, 0x87, 0x83, 0xC1, 0xF0, 0xF0,
    0x3C, 0x38, 0x0F, 0x9E, 0x01, 0xE7, 0x80, 0x3D, 0xC0, 0x0F, 0xF0, 0x01, 0xF8, 0x00, 0x7E, 0x00,
    0x0F, 0x80, 0x03, 0xC0, 0x01, 0xF0, 0x09, 0xF8, 0x07, 0xFC, 0x01, 0xFE, 0x00, 0x7F, 0x00, 0x00,
    0x01, 0x8C, 0x07, 0xBC, 0x0E, 0x78, 0x3D, 0xE0, 0xF7, 0x81, 0xCE, 0x00, 0x00, 0x00, 0x00, 0xF0,
    0x1E, 0xE0, 0x3D, 0xE0, 0x7B, 0xC0, 0xE3, 0x83, 0xC7, 0x87, 0x8F, 0x0E, 0x0E, 0x1C, 0x1E, 0x78,
    0x3C, 0xE0, 0x3D, 0xC0, 0x7F, 0x80, 0x7E, 0x00, 0xFC, 0x00, 0xF8, 0x01, 0xE0, 0x03, 0xC0, 0x07,
    0x00, 0x1E, 0x06, 0xF8, 0x0F, 0xE0, 0x1F, 0x80, 0x00, 0x0E, 0x38, 0x0F, 0x7C, 0x0F, 0x7C, 0x0E,
    0x38, 0x00, 0x00, 0x00, 0x00, 0x00, 0x00, 0xF0, 0x07, 0xF0, 0x07, 0xF0, 0x07, 0xF0, 0x07, 0xF0,
    0x07, 0xF0, 0x07, 0xF0, 0x07, 0xF0, 0x07, 0x70, 0x07, 0x78, 0x07, 0x7E, 0x1F, 0x3F, 0xFF, 0x3F,
    0xFF, 0x0F, 0xFF, 0x00, 0x07, 0x00, 0x07, 0x00, 0x07, 0x00, 0x07, 0x00, 0x07, 0x00, 0x07, 0x00,
    0x07, 0x38, 0xE0, 0xF3, 0xC3, 0xCF, 0x0E, 0x38, 0x00, 0x00, 0x00, 0x00, 0x00, 0x3C, 0x0E, 0xF0,
    0x3B, 0xC0, 0xEF, 0x03, 0xBC, 0x0E, 0xF0, 0x3B, 0xC0, 0xE7, 0xC7, 0x9F, 0xFE, 0x1F, 0xF8, 0x00,
    0xE0, 0x03, 0x80, 0x0E, 0x00, 0x38, 0x00, 0xE0, 0x03, 0x80, 0xFF, 0xFF, 0xFF, 0xFF, 0xFF, 0xFC,
    0x00, 0xF0, 0x03, 0xC0, 0x0F, 0x00, 0x3C, 0x00, 0xF0, 0x03, 0xC0, 0x0F, 0x00, 0x3C, 0x00, 0xF0,
    0x03, 0xC0, 0x0F, 0x00, 0x3C, 0x00, 0xF0, 0x03, 0xC0, 0x0F, 0xE0, 0x3F, 0x80, 0xFE, 0x00, 0x78,
    0x01, 0xE0, 0x07, 0x80, 0x1E, 0x00, 0x78, 0x01, 0xE0, 0x00, 0xFF, 0xFF, 0xFF, 0xC0, 0x78, 0x0F,
    0x01, 0xE0, 0x3C, 0x07, 0x80, 0xF0, 0x1E, 0x03, 0xC0, 0x78, 0x0F, 0x01, 0xE0, 0x3F, 0x07, 0xE0,
    0x3C, 0x07, 0x80, 0xF0, 0x1E, 0x03, 0xC0, 0x01, 0xC7, 0x00, 0x0F, 0x3C, 0x00, 0x3C, 0xF0, 0x00,
    0x71, 0xC0, 0x00, 0x00, 0x00, 0x00, 0x00, 0x00, 0x00, 0x00, 0x3C, 0x00, 0x0F, 0xF0, 0x00, 0x3F,
    0xC0, 0x00, 0xFF, 0x00, 0x03, 0xFC, 0x00, 0x0F, 0xF0, 0x00, 0x3F, 0xC0, 0x00, 0xFF, 0xFF, 0x03,
    0xFF, 0xFE, 0x0F, 0xFF, 0xFC, 0x3F, 0xC3, 0xF8, 0xFF, 0x01, 0xF3, 0xFC, 0x03, 0xCF, 0xF0, 0x0F,
    0x3F, 0xC0, 0x3C, 0xFF, 0x00, 0xF3, 0xFC, 0x07, 0xCF, 0xF0, 0xFE, 0x3F, 0xFF, 0xF0, 0xFF, 0xFF,
    0x83, 0xFF, 0xF8, 0x0F, 0x07, 0x1C, 0x00, 0x79, 0xE0, 0x07, 0x9E, 0x00, 0x71, 0xC0, 0x00, 0x00,
    0x00, 0x00, 0x00, 0x00, 0x00, 0x0F, 0x00, 0x0E, 0xF0, 0x00, 0xEF, 0x00, 0x0E, 0xF0, 0x00, 0xEF,
    0x00, 0x0E, 0xF0, 0x00, 0xEF, 0xFE, 0x0E, 0xFF, 0xF0, 0xEF, 0x1F, 0x8E, 0xF0, 0x78, 0xEF, 0x03,
    0x8E, 0xF0, 0x38, 0xEF, 0x07, 0x8E, 0xF1, 0xF8, 0xEF, 0xFF, 0x0E, 0xFF, 0xE0, 0xE0, 0x78, 0x03,
    0xCF, 0x00, 0xF3, 0xE0, 0x3C, 0x78, 0x0E, 0x0F, 0x03, 0x81, 0xE1, 0xE0, 0xFC, 0x78, 0x7F, 0x3C,
    0x3F, 0xFF, 0x0F, 0x3F, 0x87, 0x8F, 0xC1, 0xE1, 0xE0, 0x70, 0x3C, 0x1C, 0x07, 0x8F, 0x01, 0xE3,
    0xC0, 0x3C, 0xF0, 0x0F, 0x3C, 0x01, 0xEE, 0x00, 0x3C, 0x7F, 0xE0, 0x7F, 0xF0, 0x7F, 0xF8, 0x00,
    0x78, 0x00, 0x3C, 0x00, 0x3C, 0x00, 0x3C, 0x00, 0x3C, 0x00, 0x3C, 0x00, 0x3C, 0x00, 0x3C, 0x00,
    0x3C, 0x00, 0x3C, 0x00, 0x3C, 0x00, 0x3C, 0x00, 0x3C, 0xFF, 0xFF, 0xFF, 0xFF, 0xFF, 0xFF, 0x3F,
    0x07, 0xF0, 0xFF, 0x01, 0xE0, 0x3C, 0x07, 0x80, 0xF0, 0x1E, 0x03, 0xC0, 0x78, 0x0F, 0x01, 0xE0,
    0x3C, 0x07, 0x81, 0xF0, 0x7E, 0x7D, 0xFF, 0x9F, 0xC3, 0x80, 0x00, 0xFF, 0xFF, 0xFF, 0xFF, 0xFF,
    0xF8, 0x03, 0x80, 0x07, 0x00, 0x0E, 0x00, 0x1C, 0x00, 0x38, 0x00, 0x70, 0x00, 0xE0, 0x01, 0xC0,
    0x03, 0x80, 0x07, 0x00, 0x0E, 0x00, 0x1C, 0x00, 0x38, 0x00, 0x70, 0x00, 0xE0, 0x01, 0xC0, 0x7F,
    0xFC, 0x7F, 0xFF, 0x1F, 0xFF, 0xC0, 0x01, 0xE0, 0x00, 0x78, 0x00, 0x3C, 0x00, 0x1E, 0x00, 0x0F,
    0x70, 0x07, 0xB8, 0x03, 0xDC, 0x01, 0xEE, 0x00, 0xF7, 0x00, 0x7B, 0x80, 0x3D, 0xC0, 0x1E, 0xE0,
    0x0F, 0x70, 0x07, 0xB8, 0x03, 0xDC, 0x01, 0xE0, 0xFF, 0xFF, 0xC7, 0x1C, 0x71, 0xC7, 0x1C, 0x71,
    0xC7, 0x1C, 0x71, 0xC7, 0x1C, 0x71, 0xC0, 0xFF, 0xFF, 0xFF, 0xC3, 0xC3, 0xC1, 0xC1, 0xE0, 0xF0,
    0x78, 0x3C, 0x1E, 0x0F, 0x03, 0x81, 0xC0, 0xF0, 0x78, 0x3C, 0x1E, 0x0F, 0x00, 0xFF, 0xFE, 0x3F,
    0xFF, 0xCF, 0xFF, 0xF8, 0xE0, 0x1E, 0x38, 0x03, 0xCE, 0x00, 0xF3, 0x80, 0x3C, 0xE0, 0x0F, 0x38,
    0x03, 0xCE, 0x00, 0xF3, 0x80, 0x3C, 0xE0, 0x0F, 0x38, 0x03, 0xCE, 0x00, 0xF3, 0x80, 0x3C, 0xE0,
    0x0F, 0x38, 0x03, 0xCE, 0x00, 0xF3, 0x80, 0x3C, 0xF0, 0xFC, 0x3C, 0x3F, 0xCF, 0x0F, 0xF3, 0xC0,
    0x1E, 0xF0, 0x07, 0xBC, 0x00, 0xEF, 0x00, 0x3B, 0xC0, 0x0F, 0xF0, 0x03, 0xFC, 0x00, 0xF7, 0x00,
    0x39, 0xC0, 0x0E, 0x78, 0x07, 0x9E, 0x01, 0xE7, 0x80, 0xF8, 0xF0, 0x7C, 0x1F, 0xFE, 0x03, 0xFF,
    0x00, 0x7F, 0x80, 0xFF, 0xFF, 0xC7, 0x1C, 0x71, 0xC7, 0x1C, 0x71, 0xC0, 0xFF, 0xE3, 0xFF, 0xEF,
    0xFF, 0x80, 0x0F, 0x00, 0x3C, 0x00, 0x70, 0x01, 0xC0, 0x07, 0x00, 0x1C, 0x00, 0x70, 0x01, 0xC0,
    0x07, 0x00, 0x1C, 0x00, 0x70, 0x01, 0xC0, 0x07, 0x00, 0x1C, 0x00, 0x70, 0x01, 0xC0, 0x07, 0x00,
    0x1C, 0x00, 0x70, 0x01, 0xC0, 0x07, 0x00, 0x1C, 0xFF, 0xC3, 0xFF, 0x8F, 0xFF, 0x00, 0x3E, 0x00,
    0x78, 0x00, 0xF0, 0x03, 0xC0, 0x0F, 0x00, 0x3C, 0x00, 0xF0, 0x03, 0xC0, 0x0F, 0x00, 0x3C, 0x00,
    0xF0, 0x07, 0x80, 0x3E, 0xFF, 0xF3, 0xFF, 0x8F, 0xFC, 0x00, 0x20, 0x01, 0xC0, 0x03, 0x80, 0x07,
    0x00, 0x0E, 0x00, 0x1C, 0x00, 0x3F, 0xFF, 0xFF, 0xFE, 0xFF, 0xFC, 0x00, 0x78, 0x00, 0xE0, 0x03,
    0xC0, 0x07, 0x80, 0x0E, 0x00, 0x3C, 0x00, 0x78, 0x00, 0xE0, 0x03, 0xC0, 0x07, 0x80, 0x0E, 0x00,
    0x3C, 0x00, 0x78, 0x00, 0xF0, 0x03, 0xC0, 0x07, 0x80, 0xFF, 0xFF, 0x1F, 0xFF, 0xF3, 0xFF, 0xFF,
    0x1E, 0x01, 0xE3, 0xC0, 0x1C, 0x78, 0x03, 0x8F, 0x00, 0x71, 0xE0, 0x0E, 0x3C, 0x01, 0xC7, 0x80,
    0x38, 0xF0, 0x07, 0x1E, 0x00, 0xE3, 0xC0, 0x1C, 0x78, 0x03, 0x8F, 0x00, 0x71, 0xE0, 0x0E, 0x3F,
    0xFF, 0xC7, 0xFF, 0xF8, 0xFF, 0xFF, 0x00, 0xF0, 0xFE, 0x0E, 0x3F, 0xE1, 0xCF, 0xFE, 0x3F, 0x83,
    0xE3, 0xE0, 0x3C, 0x7C, 0x03, 0x8F, 0x80, 0x78, 0xE0, 0x0F, 0x1C, 0x01, 0xE7, 0x80, 0x3C, 0xF0,
    0x07, 0x9E, 0x00, 0xF3, 0x80, 0x1C, 0x70, 0x07, 0x9E, 0x00, 0xF3, 0xC0, 0x3C, 0x79, 0xFF, 0x8E,
    0x3F, 0xE1, 0xC7, 0xF0, 0x00, 0xFD, 0xFB, 0xF0, 0xE1, 0xC3, 0x87, 0x0E, 0x1C, 0x38, 0x70, 0xE1,
    0xC3, 0x87, 0x0E, 0x1C, 0x38, 0x70, 0xE1, 0xC3, 0x87, 0x0E, 0x1C, 0x7E, 0x3F, 0x9F, 0xE0, 0xF0,
    0x78, 0x3C, 0x1E, 0x0F, 0x07, 0x83, 0xC1, 0xE0, 0xF0, 0x78, 0x3C, 0x1E, 0x0F, 0xFF, 0xFF, 0xFF,
    0xE0, 0xFF, 0xFC, 0x3F, 0xFF, 0xCF, 0xFF, 0xF0, 0x70, 0x1E, 0x38, 0x03, 0x8E, 0x00, 0xF7, 0x80,
    0x3D, 0xE0, 0x0F, 0x78, 0x03, 0xDE, 0x00, 0xF7, 0x80, 0x3D, 0xE0, 0x0F, 0x78, 0x03, 0x9E, 0x01,
    0xE3, 0xC0, 0x78, 0xF8, 0x3C, 0x1F, 0xFF, 0x03, 0xFF, 0x80, 0x7F, 0x80, 0x00, 0x00, 0x38, 0x03,
    0x9E, 0x01, 0xCF, 0x00, 0xE7, 0x80, 0x71, 0xC0, 0x78, 0xF0, 0x3C, 0x78, 0x1E, 0x3C, 0x0F, 0x0E,
    0x07, 0x87, 0x83, 0xC3, 0xC1, 0xC1, 0xE1, 0xE0, 0x70, 0xF0, 0x38, 0xF0, 0x1C, 0xF8, 0x0F, 0xF8,
    0x1F, 0xF8, 0x3F, 0xF0, 0x1F, 0xC0, 0x0E, 0x00, 0x00, 0x0F, 0xF0, 0x1F, 0xFC, 0x1F, 0xFF, 0x0F,
    0x07, 0xCF, 0x00, 0xF7, 0x80, 0x7B, 0xC0, 0x3D, 0xE0, 0x0E, 0xF0, 0x07, 0x3C, 0x03, 0x9F, 0x81,
    0xE7, 0xC0, 0xF0, 0xE0, 0x78, 0x00, 0x3C, 0x00, 0x1E, 0x00, 0x0F, 0x00, 0x07, 0x80, 0x03, 0xC0,
    0x01, 0xE0, 0x00, 0xF0, 0x00, 0x78, 0x00, 0x3C, 0x00, 0x1E, 0x00, 0x0F, 0x00, 0x07, 0x80, 0x0F,
    0xF0, 0x1F, 0xFC, 0x1F, 0xFF, 0x0F, 0x03, 0xC7, 0x00, 0xF7, 0x80, 0x7B, 0xC0, 0x1D, 0xE0, 0x0E,
    0x70, 0x07, 0xBE, 0x03, 0xCF, 0x81, 0xE7, 0xC0, 0xE0, 0x60, 0xF0, 0x00, 0x78, 0x00, 0x78, 0x00,
    0x7C, 0x7F, 0xFC, 0x3F, 0xFC, 0x1F, 0xF8, 0x00, 0x78, 0x0E, 0x78, 0x0E, 0x3C, 0x0E, 0x3C, 0x1E,
    0x1C, 0x1E, 0x1E, 0x1E, 0x1E, 0x1C, 0x0E, 0x3C, 0x0F, 0x3C, 0x0F, 0x78, 0x07, 0xF0, 0x07, 0xE0,
    0x03, 0x80, 0x03, 0xC0, 0x03, 0xC0, 0x03, 0xC0, 0x01, 0xC0, 0x01, 0xE0, 0x01, 0xE0, 0x00, 0xE0,
    0x00, 0xF0, 0x00, 0xF0, 0x00, 0xF0, 0x00, 0x70, 0x00, 0x78, 0xF0, 0x0E, 0xF0, 0x3D, 0xF0, 0x79,
    0xE0, 0xF1, 0xE1, 0xE3, 0xC3, 0x83, 0xC7, 0x03, 0xDE, 0x07, 0xF8, 0x07, 0xF0, 0x0F, 0xC0, 0x0F,
    0x00, 0x0F, 0x00, 0x1E, 0x00, 0x1E, 0x00, 0x1E, 0xFF, 0xFD, 0xFF, 0xFB, 0xFF, 0xF0, 0xFF, 0xFF,
    0xFF, 0xFF, 0xFF, 0xFF, 0xC0, 0x00, 0xE0, 0x00, 0xF0, 0x00, 0x78, 0x00, 0x38, 0xE0, 0x3C, 0x70,
    0x1E, 0x38, 0x0E, 0x1C, 0x0F, 0x0E, 0x07, 0x87, 0x03, 0x83, 0x81, 0xC1, 0xC1, 0xE0, 0xE0, 0xF0,
    0x70, 0x70, 0x38, 0x78, 0x1C, 0x3C, 0x0E, 0x00, 0x07, 0x00, 0x03, 0x80, 0x01, 0xC0, 0x00, 0xE0,
    0x00, 0x70, 0x00, 0x00, 0xFF, 0xE7, 0xFF, 0xBF, 0xFE, 0x00, 0xF0, 0x07, 0x80, 0x1C, 0x00, 0xE0,
    0x07, 0x00, 0x38, 0x01, 0xC0, 0x0E, 0x00, 0x70, 0x03, 0x80, 0x1C, 0x00, 0xE0, 0x07, 0x00, 0x38,
    0x01, 0xC0, 0x0E, 0xE0, 0xE0, 0xFC, 0x1C, 0x1F, 0x83, 0x83, 0xF0, 0x70, 0x7E, 0x0E, 0x0F, 0xC3,
    0xC1, 0xF8, 0x78, 0x3F, 0x0F, 0x07, 0xE3, 0xC0, 0xFF, 0xF0, 0x3F, 0xFE, 0x07, 0xFF, 0x00, 0xFF,
    0x00, 0x1E, 0xE0, 0x07, 0x9E, 0x00, 0xF1, 0xE0, 0x3C, 0x3F, 0xFF, 0x83, 0xFF, 0xC0, 0x1F, 0xF0,
    0x00, 0x7F, 0xFF, 0x1F, 0xFF, 0xF1, 0xFF, 0xFF, 0x0F, 0x01, 0xE1, 0xE0, 0x1C, 0x3C, 0x03, 0x87,
    0x80, 0x70, 0xF0, 0x0E, 0x1E, 0x01, 0xC3, 0xC0, 0x38, 0x78, 0x07, 0x0F, 0x00, 0xE1, 0xE0, 0x1C,
    0x3C, 0x03, 0x87, 0x80, 0x70, 0xF0, 0x0E, 0xFC, 0x01, 0xDF, 0x80, 0x3B, 0xE0, 0x07, 0x00, 0x39,
    0xDC, 0xEF, 0xFD, 0xE0, 0x1C, 0xE3, 0x8E, 0x79, 0xE7, 0x3C, 0x00, 0x00, 0x00, 0x73, 0xCF, 0x3C,
    0x60, 0x0F, 0xC1, 0xFF, 0xDF, 0xFF, 0xF0, 0xEF, 0x00, 0x70, 0x03, 0x80, 0x1E, 0x00, 0x70, 0x03,
    0xC0, 0x0F, 0x80, 0x3E, 0x00, 0xF0, 0x03, 0xC0, 0x0E, 0x00, 0x70, 0x03, 0x80, 0x00, 0x00, 0x00,
    0x07, 0x00, 0x7C, 0x03, 0xE0, 0x1F, 0x00, 0x70, 0x00, 0x00, 0xFC, 0x1F, 0xC3, 0xF8, 0x38, 0x07,
    0x80, 0x78, 0x03, 0x80, 0x3C, 0x61, 0xFF, 0x1F, 0xFF, 0xFC, 0xFE, 0x07, 0x00, 0xFF, 0xFF, 0xFF,
    0xFF, 0xFE, 0x3C, 0xF9, 0xE7, 0x07, 0x2F, 0xDF, 0xB8, 0x21, 0xCF, 0x9F, 0x38, 0x40, 0x23, 0x8F,
    0x3C, 0x71, 0xC7, 0x1E, 0x79, 0xE3, 0x8E, 0x38, 0xE3, 0x8F, 0x3C, 0xF3, 0xC7, 0x1C, 0x70, 0x00,
    0x20, 0x03, 0xC0, 0x77, 0x03, 0xDC, 0x0E, 0x7F, 0xF9, 0xFF, 0xC7, 0xFE, 0x0F, 0xE0, 0x38, 0x00,
    0xE0, 0x03, 0x80, 0x0E, 0x00, 0x3C, 0x00, 0xF0, 0x03, 0xC0, 0x0F, 0x00, 0x1C, 0x00, 0x70, 0x01,
    0xC0, 0x07, 0x00, 0x1C, 0x00, 0x70, 0x00, 0x00, 0x00, 0x20, 0x02, 0xE0, 0xCE, 0xE1, 0xC7, 0xF1,
    0xC7, 0x71, 0xC7, 0x7B, 0xC7, 0x7F, 0xFF, 0x7F, 0xFE, 0x7F, 0x3C, 0x78, 0x00, 0x78, 0x00, 0x38,
    0x00, 0x38, 0x00, 0x38, 0x00, 0x38, 0x00, 0x38, 0x00, 0x38, 0x00, 0x3C, 0x00, 0x3C, 0x00, 0x3C,
    0x00, 0x3C, 0x00, 0x3C, 0x00, 0x00, 0x00, 0x00, 0x00, 0x1E, 0x00, 0xF8, 0x0F, 0xE0, 0x3E, 0x01,
    0xE0, 0x0F, 0x00, 0x3C, 0x00, 0xF0, 0x03, 0xFE, 0x07, 0xF8, 0x0F, 0xE0, 0x1F, 0x00, 0xF0, 0x07,
    0x80, 0x1C, 0x00, 0xF0, 0x03, 0xC0, 0x0F, 0x00, 0x9F, 0xFE, 0x7F, 0xFC, 0x7F, 0xE0, 0x10, 0x00,
    0x00, 0x00, 0x3F, 0x01, 0xFE, 0x0F, 0xFC, 0x78, 0x71, 0xE1, 0xE7, 0x03, 0xBC, 0x0E, 0xF0, 0x3F,
    0xC0, 0xFF, 0x03, 0xFC, 0x0E, 0x70, 0x39, 0xE1, 0xE7, 0xFF, 0x8F, 0xFC, 0x1F, 0xE0, 0x0C, 0x00,
    0x00, 0x03, 0xFF, 0xCF, 0xFF, 0x3F, 0xFC, 0x07, 0x70, 0x01, 0xC0, 0x07, 0x00, 0x1C, 0x00, 0x70,
    0x01, 0xC0, 0x07, 0x00, 0x1E, 0x00, 0x78, 0x01, 0xE0, 0x03, 0x80, 0x0E, 0x00, 0x38, 0x00, 0xE0,
    0x03, 0x80, 0x0F, 0x00, 0x3C, 0x00, 0x70, 0x00, 0x00, 0x20, 0x01, 0x3C, 0x00, 0xF7, 0x00, 0x39,
    0xE0, 0x1E, 0x78, 0x07, 0x0E, 0x03, 0xC3, 0xC0, 0xF0, 0x70, 0x38, 0x1E, 0x1E, 0x07, 0x87, 0x00,
    0xE1, 0xC0, 0x3C, 0xF0, 0x0F, 0x38, 0x01, 0xCE, 0x00, 0x7F, 0x80, 0x1F, 0xC0, 0x03, 0xF0, 0x00,
    0xFC, 0x00, 0x3E, 0x00, 0x0F, 0x80, 0x01, 0xE0, 0x00, 0x70, 0x00, 0x00, 0x00, 0x00, 0x40, 0x00,
    0x78, 0x00, 0x1E, 0x00, 0x07, 0x80, 0x01, 0xF0, 0x00, 0xFC, 0x00, 0x3F, 0x00, 0x0F, 0xE0, 0x07,
    0xF8, 0x01, 0xCE, 0x00, 0x73, 0xC0, 0x3C, 0xF0, 0x0E, 0x1C, 0x07, 0x87, 0x81, 0xE1, 0xE0, 0x70,
    0x38, 0x3C, 0x0F, 0x0E, 0x03, 0xC7, 0x80, 0x71, 0xE0, 0x1E, 0x70, 0x03, 0xBC, 0x00, 0xF2, 0x00,
    0x30, 0x06, 0x00, 0x7E, 0x03, 0xFC, 0x1F, 0xF8, 0x71, 0xE1, 0xC3, 0x8E, 0x0F, 0x3C, 0x3C, 0x70,
    0x71, 0xFF, 0xC3, 0xFF, 0x07, 0xFC, 0x00, 0x70, 0x01, 0xC0, 0x07, 0x00, 0x1C, 0x00, 0x78, 0x00,
    0xE0, 0x03, 0x80, 0x0E, 0x00, 0x38, 0x00, 0xE0, 0x00, 0x00, 0x00, 0x00, 0xC0, 0x00, 0x1E, 0x00,
    0x01, 0xE0, 0x00, 0x0E, 0x20, 0x00, 0xF7, 0x80, 0x0F, 0x70, 0x00, 0x77, 0x00, 0x07, 0x70, 0x00,
    0x77, 0x00, 0x07, 0x70, 0x00, 0x77, 0x00, 0x0F, 0x78, 0x01, 0xE7, 0xC0, 0x3E, 0x3F, 0xFF, 0xC1,
    0xFF, 0xF8, 0x07, 0xFE, 0x00, 0x06, 0x00, 0xFF, 0xFF, 0xFF, 0x04, 0x00, 0xF0, 0x0F, 0x80, 0xFC,
    0x1F, 0xC3, 0xDE, 0x38, 0xE7, 0x07, 0x70, 0x77, 0x07, 0x70, 0x77, 0x0F, 0x7F, 0xE3, 0xFE, 0x1F,
    0xC0, 0x21, 0xCF, 0x9F, 0x38, 0x40, 0x23, 0x8F, 0x3C, 0x71, 0xC7, 0x1E, 0x79, 0xE3, 0x8E, 0x38,
    0xE3, 0x8F, 0x3C, 0xF3, 0xC7, 0x1C, 0x70, 0x00, 0x20, 0x03, 0xC0, 0x77, 0x03, 0xDC, 0x0E, 0x7F,
    0xF9, 0xFF, 0xC7, 0xFE, 0x0F, 0xE0, 0x38, 0x00, 0xE0, 0x03, 0x80, 0x0E, 0x00, 0x3C, 0x00, 0xF0,
    0x03, 0xC0, 0x0F, 0x00, 0x1C, 0x00, 0x70, 0x01, 0xC0, 0x07, 0x00, 0x1C, 0x00, 0x70, 0x00, 0x00,
    0x00, 0x20, 0x02, 0xE0, 0xCE, 0xE1, 0xC7, 0xF1, 0xC7, 0x71, 0xC7, 0x7B, 0xC7, 0x7F, 0xFF, 0x7F,
    0xFE, 0x7F, 0x3C, 0x78, 0x00, 0x78, 0x00, 0x38, 0x00, 0x38, 0x00, 0x38, 0x00, 0x38, 0x00, 0x38,
    0x00, 0x38, 0x00, 0x3C, 0x00, 0x3C, 0x00, 0x3C, 0x00, 0x3C, 0x00, 0x3C, 0x00, 0x00, 0x00, 0x00,
    0x63, 0xC7, 0xCF, 0x3F, 0x1C, 0xFC, 0x73, 0x81, 0xCE, 0x27, 0xFF, 0xDF, 0xFF, 0x3F, 0xF0, 0xE0,
    0x03, 0x80, 0x0E, 0x00, 0x38, 0x00, 0xF0, 0x03, 0xC0, 0x0F, 0x00, 0x1C, 0x00, 0x70, 0x01, 0xC0,
    0x07, 0x00, 0x1C, 0x00, 0x70, 0x00, 0x00, 0x00, 0x1C, 0x00, 0xF0, 0x01, 0xE0, 0x07, 0xC0, 0x3F,
    0x80, 0xFE, 0x07, 0x3C, 0x3C, 0xF0, 0xE1, 0xC7, 0x87, 0x9C, 0x0E, 0x70, 0x3B, 0xC0, 0xFE, 0x03,
    0xF8, 0x07, 0xE0, 0x1F, 0x8C, 0x7E, 0x73, 0xDF, 0xFE, 0x7F, 0xF8, 0xFF, 0xC0, 0x03, 0x00, 0xFC,
    0x3F, 0xC3, 0xFC, 0x78, 0x07, 0x00, 0x70, 0x07, 0x80, 0x78, 0x23, 0xEF, 0x1F, 0xF0, 0xFE, 0x07,
    0xC0, 0xF8, 0x1F, 0x01, 0xE0, 0x3C, 0x03, 0x80, 0x78, 0x07, 0x00, 0xF0, 0x0E, 0x00, 0x00, 0x00,
    0x20, 0x01, 0x3C, 0x00, 0xF7, 0x00, 0x39, 0xE0, 0x1E, 0x78, 0x07, 0x0E, 0x03, 0xC3, 0xC0, 0xF0,
    0x70, 0x38, 0x1E, 0x1E, 0x07, 0x87, 0x00, 0xE1, 0xC0, 0x3C, 0xF0, 0x0F, 0x38, 0x01, 0xCE, 0x00,
    0x7F, 0x80, 0x1F, 0xC0, 0x03, 0xF0, 0x00, 0xFC, 0x00, 0x3E, 0x00, 0x0F, 0x80, 0x01, 0xE0, 0x00,
    0x70, 0x00, 0x00, 0x00, 0x00, 0x40, 0x00, 0x78, 0x00, 0x1E, 0x00, 0x07, 0x80, 0x01, 0xF0, 0x00,
    0xFC, 0x00, 0x3F, 0x00, 0x0F, 0xE0, 0x07, 0xF8, 0x01, 0xCE, 0x00, 0x73, 0xC0, 0x3C, 0xF0, 0x0E,
    0x1C, 0x07, 0x87, 0x81, 0xE1, 0xE0, 0x70, 0x38, 0x3C, 0x0F, 0x0E, 0x03, 0xC7, 0x80, 0x71, 0xE0,
    0x1E, 0x70, 0x03, 0xBC, 0x00, 0xF2, 0x00, 0x30, 0x06, 0x00, 0x7E, 0x03, 0xFC, 0x1F, 0xF8, 0x71,
    0xE1, 0xC3, 0x8E, 0x0F, 0x3C, 0x3C, 0x70, 0x71, 0xFF, 0xC3, 0xFF, 0x07, 0xFC, 0x00, 0x70, 0x01,
    0xC0, 0x07, 0x00, 0x1C, 0x00, 0x78, 0x00, 0xE0, 0x03, 0x80, 0x0E, 0x00, 0x38, 0x00, 0xE0, 0x00,
    0x00, 0x00, 0x70, 0x00, 0x07, 0xC0, 0x00, 0x3E, 0x00, 0x03, 0xF8, 0x00, 0x1F, 0xC0, 0x01, 0xEE,
    0x00, 0x0F, 0x78, 0x00, 0xF3, 0xC0, 0x07, 0x8F, 0x00, 0x38, 0x78, 0x03, 0xC1, 0xE0, 0x1E, 0x0F,
    0x01, 0xE0, 0x78, 0x0F, 0x01, 0xE0, 0x7F, 0xFF, 0x07, 0xFF, 0xF8, 0x3F, 0xFF, 0xE1, 0xC0, 0x0F,
    0x1E, 0x00, 0x3C, 0xF0, 0x01, 0xEF, 0x00, 0x0F, 0x78, 0x00, 0x3C, 0x00, 0x00, 0x00, 0x00, 0x00,
    0x00, 0x70, 0x00, 0x07, 0xC0, 0x00, 0x3C, 0x00, 0x00, 0xE0, 0x00, 0x1F, 0xC1, 0xFF, 0x8F, 0xFC,
    0x61, 0xF0, 0x07, 0x80, 0x1C, 0x00, 0xE3, 0xFF, 0x3F, 0xFB, 0xFF, 0xFE, 0x0F, 0xE0, 0x7F, 0x03,
    0xF8, 0x1F, 0xFB, 0xEF, 0xFF, 0x3F, 0xF8, 0x7E, 0x00, 0x00, 0x0F, 0x00, 0x78, 0x03, 0xC0, 0x0E,
    0x00, 0x01, 0xF0, 0x00, 0x0F, 0xC0, 0x00, 0x2F, 0x00, 0x00, 0xF0, 0x00, 0x07, 0x80, 0x00, 0x38,
    0x00, 0x00, 0x00, 0x00, 0x0E, 0x00, 0x00, 0xF8, 0x00, 0x07, 0xC0, 0x00, 0x7F, 0x00, 0x03, 0xF8,
    0x00, 0x3D, 0xC0, 0x01, 0xEF, 0x00, 0x1E, 0x78, 0x00, 0xF1, 0xE0, 0x07, 0x0F, 0x00, 0x78, 0x3C,
    0x03, 0xC1, 0xE0, 0x3C, 0x0F, 0x01, 0xE0, 0x3C, 0x0F, 0xFF, 0xE0, 0xFF, 0xFF, 0x07, 0xFF, 0xFC,
    0x38, 0x01, 0xE3, 0xC0, 0x07, 0x9E, 0x00, 0x3D, 0xE0, 0x01, 0xEF, 0x00, 0x07, 0x80, 0x07, 0x00,
    0x7E, 0x03, 0xF0, 0x03, 0x80, 0x3C, 0x01, 0x80, 0x0C, 0x03, 0xF8, 0x3F, 0xF1, 0xFF, 0x8C, 0x3E,
    0x00, 0xF0, 0x03, 0x80, 0x1C, 0x7F, 0xE7, 0xFF, 0x7F, 0xFF, 0xC1, 0xFC, 0x0F, 0xE0, 0x7F, 0x03,
    0xFF, 0x7D, 0xFF, 0xE7, 0xFF, 0x0F, 0xC0, 0x00, 0x00, 0x00, 0x00, 0x07, 0x00, 0x00, 0x78, 0x00,
    0x03, 0xC0, 0x06, 0x3C, 0x00, 0x3B, 0xC0, 0x03, 0xEC, 0x00, 0x3F, 0x80, 0x03, 0x9E, 0x00, 0x18,
    0x60, 0x00, 0x00, 0x00, 0x00, 0xE0, 0x00, 0x0F, 0x80, 0x00, 0x7C, 0x00, 0x07, 0xF0, 0x00, 0x3F,
    0x80, 0x03, 0xDC, 0x00, 0x1E, 0xF0, 0x01, 0xE7, 0x80, 0x0F, 0x1E, 0x00, 0x70, 0xF0, 0x07, 0x83,
    0xC0, 0x3C, 0x1E, 0x03, 0xC0, 0xF0, 0x1E, 0x03, 0xC0, 0xFF, 0xFE, 0x0F, 0xFF, 0xF0, 0x7F, 0xFF,
    0xC3, 0x80, 0x1E, 0x3C, 0x00, 0x79, 0xE0, 0x03, 0xDE, 0x00, 0x1E, 0xF0, 0x00, 0x78, 0x00, 0x02,
    0x00, 0x03, 0x80, 0x03, 0xC0, 0x03, 0xC0, 0x33, 0xC0, 0x3D, 0xC0, 0x3F, 0x40, 0x3F, 0xC0, 0x1C,
    0xF0, 0x0C, 0x30, 0x00, 0x00, 0x03, 0xF8, 0x03, 0xFF, 0x01, 0xFF, 0x80, 0xC3, 0xE0, 0x00, 0xF0,
    0x00, 0x38, 0x00, 0x1C, 0x07, 0xFE, 0x07, 0xFF, 0x07, 0xFF, 0x87, 0xC1, 0xC3, 0xC0, 0xE1, 0xE0,
    0x70, 0xF0, 0x38, 0x7F, 0x7C, 0x1F, 0xFE, 0x07, 0xFF, 0x00, 0xFC, 0x00, 0x00, 0x00, 0x00, 0x00,
    0xE0, 0x00, 0x07, 0x80, 0x00, 0x3C, 0x00, 0x06, 0xF0, 0x00, 0x3B, 0xC0, 0x03, 0xEC, 0x00, 0x3F,
    0x80, 0x03, 0x9E, 0x00, 0x18, 0x60, 0x00, 0x00, 0x00, 0x00, 0xE0, 0x00, 0x0F, 0x80, 0x00, 0x7C,
    0x00, 0x07, 0xF0, 0x00, 0x3F, 0x80, 0x03, 0xDC, 0x00, 0x1E, 0xF0, 0x01, 0xE7, 0x80, 0x0F, 0x1E,
    0x00, 0x70, 0xF0, 0x07, 0x83, 0xC0, 0x3C, 0x1E, 0x03, 0xC0, 0xF0, 0x1E, 0x03, 0xC0, 0xFF, 0xFE,
    0x0F, 0xFF, 0xF0, 0x7F, 0xFF, 0xC3, 0x80, 0x1E, 0x3C, 0x00, 0x79, 0xE0, 0x03, 0xDE, 0x00, 0x1E,
    0xF0, 0x00, 0x78, 0x00, 0xC0, 0x07, 0x80, 0x1E, 0x00, 0x3C, 0x03, 0x78, 0x1E, 0xE0, 0xFD, 0x07,
    0xF8, 0x1C, 0xF0, 0x61, 0x80, 0x00, 0x07, 0xF0, 0x3F, 0xF0, 0xFF, 0xC3, 0x0F, 0x80, 0x1E, 0x00,
    0x38, 0x00, 0xE1, 0xFF, 0x8F, 0xFE, 0x7F, 0xFB, 0xE0, 0xEF, 0x03, 0xBC, 0x0E, 0xF0, 0x3B, 0xFB,
    0xE7, 0xFF, 0x8F, 0xFE, 0x0F, 0xC0, 0x00, 0x00, 0x00, 0x00, 0x7C, 0x00, 0x03, 0xF0, 0x00, 0x03,
    0x80, 0x00, 0x3C, 0x00, 0x33, 0xC0, 0x01, 0xDC, 0x00, 0x1F, 0x00, 0x01, 0xFC, 0x00, 0x1C, 0xF0,
    0x00, 0xC3, 0x00, 0x00, 0x00, 0x00, 0x07, 0x00, 0x00, 0x7C, 0x00, 0x03, 0xE0, 0x00, 0x3F, 0x80,
    0x01, 0xFC, 0x00, 0x1E, 0xE0, 0x00, 0xF7, 0x80, 0x0F, 0x3C, 0x00, 0x78, 0xF0, 0x03, 0x87, 0x80,
    0x3C, 0x1E, 0x01, 0xE0, 0xF0, 0x1E, 0x07, 0x80, 0xF0, 0x1E, 0x07, 0xFF, 0xF0, 0x7F, 0xFF, 0x83,
    0xFF, 0xFE, 0x1C, 0x00, 0xF1, 0xE0, 0x03, 0xCF, 0x00, 0x1E, 0xF0, 0x00, 0xF7, 0x80, 0x03, 0xC0,
    0x00, 0x7C, 0x00, 0xFC, 0x00, 0x38, 0x00, 0xF0, 0x33, 0xC0, 0xF7, 0x03, 0xF0, 0x0F, 0xF0, 0x1C,
    0xF0, 0x30, 0xC0, 0x00, 0x00, 0xFE, 0x03, 0xFF, 0x07, 0xFE, 0x0C, 0x3E, 0x00, 0x3C, 0x00, 0x38,
    0x00, 0x70, 0x7F, 0xE1, 0xFF, 0xC7, 0xFF, 0x9F, 0x07, 0x3C, 0x0E, 0x78, 0x1C, 0xF0, 0x39, 0xFD,
    0xF1, 0xFF, 0xE1, 0xFF, 0xC0, 0xFC, 0x00, 0x01, 0xC2, 0x00, 0x1F, 0xF8, 0x01, 0xFF, 0x80, 0x0E,
    0x78, 0x00, 0x00, 0x00, 0x00, 0x30, 0x00, 0x01, 0xC0, 0x00, 0x1F, 0x00, 0x01, 0xFC, 0x00, 0x1C,
    0xF0, 0x00, 0xC3, 0x00, 0x00, 0x00, 0x00, 0x07, 0x00, 0x00, 0x7C, 0x00, 0x03, 0xE0, 0x00, 0x3F,
    0x80, 0x01, 0xFC, 0x00, 0x1E, 0xE0, 0x00, 0xF7, 0x80, 0x0F, 0x3C, 0x00, 0x78, 0xF0, 0x03, 0x87,
    0x80, 0x3C, 0x1E, 0x01, 0xE0, 0xF0, 0x1E, 0x07, 0x80, 0xF0, 0x1E, 0x07, 0xFF, 0xF0, 0x7F, 0xFF,
    0x83, 0xFF, 0xFE, 0x1C, 0x00, 0xF1, 0xE0, 0x03, 0xCF, 0x00, 0x1E, 0xF0, 0x00, 0xF7, 0x80, 0x03,
    0xC0, 0x04, 0x00, 0xFF, 0xCF, 0xFC, 0x77, 0xC1, 0x00, 0x01, 0x80, 0x1E, 0x01, 0xF8, 0x1F, 0xE0,
    0xE7, 0x86, 0x18, 0x00, 0x01, 0xFC, 0x1F, 0xF8, 0xFF, 0xC6, 0x1F, 0x00, 0x78, 0x01, 0xC0, 0x0E,
    0x3F, 0xF3, 0xFF, 0xBF, 0xFF, 0xE0, 0xFE, 0x07, 0xF0, 0x3F, 0x81, 0xFF, 0xBE, 0xFF, 0xF3, 0xFF,
    0x87, 0xE0, 0x00, 0x60, 0x00, 0x03, 0x80, 0x00, 0x3E, 0x00, 0x03, 0xF8, 0x00, 0x39, 0xE0, 0x01,
    0x86, 0x00, 0x00, 0x00, 0x00, 0x0E, 0x00, 0x00, 0xF8, 0x00, 0x07, 0xC0, 0x00, 0x7F, 0x00, 0x03,
    0xF8, 0x00, 0x3D, 0xC0, 0x01, 0xEF, 0x00, 0x1E, 0x78, 0x00, 0xF1, 0xE0, 0x07, 0x0F, 0x00, 0x78,
    0x3C, 0x03, 0xC1, 0xE0, 0x3C, 0x0F, 0x01, 0xE0, 0x3C, 0x0F, 0xFF, 0xE0, 0xFF, 0xFF, 0x07, 0xFF,
    0xFC, 0x38, 0x01, 0xE3, 0xC0, 0x07, 0x9E, 0x00, 0x3D, 0xE0, 0x01, 0xEF, 0x00, 0x07, 0x80, 0x00,
    0x00, 0x00, 0x00, 0x00, 0x0E, 0x00, 0x00, 0xF8, 0x00, 0x07, 0x80, 0x00, 0x1C, 0x00, 0x00, 0x00,
    0x18, 0x01, 0xE0, 0x1F, 0x81, 0xFE, 0x0E, 0x78, 0x61, 0x80, 0x00, 0x1F, 0xC1, 0xFF, 0x8F, 0xFC,
    0x61, 0xF0, 0x07, 0x80, 0x1C, 0x00, 0xE3, 0xFF, 0x3F, 0xFB, 0xFF, 0xFE, 0x0F, 0xE0, 0x7F, 0x03,
    0xF8, 0x1F, 0xFB, 0xEF, 0xFF, 0x3F, 0xF8, 0x7E, 0x00, 0x00, 0x0F, 0x00, 0x78, 0x03, 0xC0, 0x0E,
    0x00, 0x00, 0x0C, 0x00, 0x00, 0xF0, 0x00, 0x07, 0x80, 0x00, 0x78, 0x00, 0x07, 0x80, 0x01, 0xBB,
    0x00, 0x0E, 0x38, 0x00, 0x7B, 0xC0, 0x01, 0xFC, 0x00, 0x07, 0xC0, 0x00, 0x00, 0x00, 0x00, 0x00,
    0x00, 0x07, 0x00, 0x00, 0x7C, 0x00, 0x03, 0xE0, 0x00, 0x3F, 0x80, 0x01, 0xFC, 0x00, 0x1E, 0xE0,
    0x00, 0xF7, 0x80, 0x0F, 0x3C, 0x00, 0x78, 0xF0, 0x03, 0x87, 0x80, 0x3C, 0x1E, 0x01, 0xE0, 0xF0,
    0x1E, 0x07, 0x80, 0xF0, 0x1E, 0x07, 0xFF, 0xF0, 0x7F, 0xFF, 0x83, 0xFF, 0xFE, 0x1C, 0x00, 0xF1,
    0xE0, 0x03, 0xCF, 0x00, 0x1E, 0xF0, 0x00, 0xF7, 0x80, 0x03, 0xC0, 0x00, 0x00, 0x03, 0x00, 0x3C,
    0x03, 0xC0, 0x3C, 0x01, 0xC0, 0x6D, 0xC3, 0x8E, 0x1F, 0xE0, 0x7F, 0x01, 0xF0, 0x00, 0x00, 0x00,
    0x0F, 0xE0, 0xFF, 0xC7, 0xFE, 0x30, 0xF8, 0x03, 0xC0, 0x0E, 0x00, 0x71, 0xFF, 0x9F, 0xFD, 0xFF,
    0xFF, 0x07, 0xF0, 0x3F, 0x81, 0xFC, 0x0F, 0xFD, 0xF7, 0xFF, 0x9F, 0xFC, 0x3F, 0x00, 0x00, 0x00,
    0x00, 0x0C, 0x00, 0x00, 0xF0, 0x00, 0x07, 0x80, 0x00, 0x1E, 0x00, 0x00, 0x78, 0x00, 0x0D, 0xD8,
    0x00, 0x71, 0xC0, 0x03, 0xDE, 0x00, 0x0F, 0xE0, 0x00, 0x3E, 0x00, 0x00, 0x00, 0x00, 0x00, 0x00,
    0x00, 0x38, 0x00, 0x03, 0xE0, 0x00, 0x1F, 0x00, 0x01, 0xFC, 0x00, 0x0F, 0xE0, 0x00, 0xF7, 0x00,
    0x07, 0xBC, 0x00, 0x79, 0xE0, 0x03, 0xC7, 0x80, 0x1C, 0x3C, 0x01, 0xE0, 0xF0, 0x0F, 0x07, 0x80,
    0xF0, 0x3C, 0x07, 0x80, 0xF0, 0x3F, 0xFF, 0x83, 0xFF, 0xFC, 0x1F, 0xFF, 0xF0, 0xE0, 0x07, 0x8F,
    0x00, 0x1E, 0x78, 0x00, 0xF7, 0x80, 0x07, 0xBC, 0x00, 0x1E, 0x00, 0x00, 0xE0, 0x07, 0x80, 0x3C,
    0x00, 0xF0, 0x03, 0xC0, 0x6D, 0xC3, 0x8E, 0x1F, 0xE0, 0x7F, 0x01, 0xF0, 0x00, 0x00, 0x00, 0x0F,
    0xE0, 0xFF, 0xC7, 0xFE, 0x30, 0xF8, 0x03, 0xC0, 0x0E, 0x00, 0x71, 0xFF, 0x9F, 0xFD, 0xFF, 0xFF,
    0x07, 0xF0, 0x3F, 0x81, 0xFC, 0x0F, 0xFD, 0xF7, 0xFF, 0x9F, 0xFC, 0x3F, 0x00, 0x01, 0xF0, 0x00,
    0x0F, 0xC0, 0x00, 0x3F, 0x00, 0x00, 0x70, 0x00, 0x07, 0x80, 0x01, 0xBB, 0x00, 0x0E, 0x38, 0x00,
    0x7B, 0xC0, 0x01, 0xFC, 0x00, 0x07, 0xC0, 0x00, 0x00, 0x00, 0x00, 0x00, 0x00, 0x07, 0x00, 0x00,
    0x7C, 0x00, 0x03, 0xE0, 0x00, 0x3F, 0x80, 0x01, 0xFC, 0x00, 0x1E, 0xE0, 0x00, 0xF7, 0x80, 0x0F,
    0x3C, 0x00, 0x78, 0xF0, 0x03, 0x87, 0x80, 0x3C, 0x1E, 0x01, 0xE0, 0xF0, 0x1E, 0x07, 0x80, 0xF0,
    0x1E, 0x07, 0xFF, 0xF0, 0x7F, 0xFF, 0x83, 0xFF, 0xFE, 0x1C, 0x00, 0xF1, 0xE0, 0x03, 0xCF, 0x00,
    0x1E, 0xF0, 0x00, 0xF7, 0x80, 0x03, 0xC0, 0x0F, 0xC0, 0x7E, 0x00, 0x70, 0x07, 0x80, 0x38, 0x0D,
    0xB8, 0x71, 0xC3, 0xFC, 0x0F, 0xE0, 0x3E, 0x00, 0x00, 0x00, 0x01, 0xFC, 0x1F, 0xF8, 0xFF, 0xC6,
    0x1F, 0x00, 0x78, 0x01, 0xC0, 0x0E, 0x3F, 0xF3, 0xFF, 0xBF, 0xFF, 0xE0, 0xFE, 0x07, 0xF0, 0x3F,
    0x81, 0xFF, 0xBE, 0xFF, 0xF3, 0xFF, 0x87, 0xE0, 0x01, 0xC7, 0x00, 0x1F, 0xF8, 0x01, 0xFF, 0x80,
    0x0C, 0x78, 0x00, 0x30, 0x60, 0x01, 0xC7, 0x00, 0x0F, 0x78, 0x00, 0x3F, 0x80, 0x00, 0xF8, 0x00,
    0x00, 0x00, 0x00, 0x00, 0x00, 0x00, 0xE0, 0x00, 0x0F, 0x80, 0x00, 0x7C, 0x00, 0x07, 0xF0, 0x00,
    0x3F, 0x80, 0x03, 0xDC, 0x00, 0x1E, 0xF0, 0x01, 0xE7, 0x80, 0x0F, 0x1E, 0x00, 0x70, 0xF0, 0x07,
    0x83, 0xC0, 0x3C, 0x1E, 0x03, 0xC0, 0xF0, 0x1E, 0x03, 0xC0, 0xFF, 0xFE, 0x0F, 0xFF, 0xF0, 0x7F,
    0xFF, 0xC3, 0x80, 0x1E, 0x3C, 0x00, 0x79, 0xE0, 0x03, 0xDE, 0x00, 0x1E, 0xF0, 0x00, 0x78, 0x00,
    0x00, 0xF9, 0xCF, 0xFC, 0x7F, 0xE1, 0x0C, 0x0C, 0x38, 0x71, 0xC3, 0xFC, 0x0F, 0xE0, 0x3E, 0x00,
    0x00, 0x00, 0x01, 0xFC, 0x1F, 0xF8, 0xFF, 0xC6, 0x1F, 0x00, 0x78, 0x01, 0xC0, 0x0E, 0x3F, 0xF3,
    0xFF, 0xBF, 0xFF, 0xE0, 0xFE, 0x07, 0xF0, 0x3F, 0x81, 0xFF, 0xBE, 0xFF, 0xF3, 0xFF, 0x87, 0xE0,
    0x03, 0x06, 0x00, 0x1C, 0x70, 0x00, 0xF7, 0x80, 0x03, 0xF8, 0x00, 0x0F, 0x80, 0x00, 0x00, 0x00,
    0x00, 0x00, 0x00, 0x0E, 0x00, 0x00, 0xF8, 0x00, 0x07, 0xC0, 0x00, 0x7F, 0x00, 0x03, 0xF8, 0x00,
    0x3D, 0xC0, 0x01, 0xEF, 0x00, 0x1E, 0x78, 0x00, 0xF1, 0xE0, 0x07, 0x0F, 0x00, 0x78, 0x3C, 0x03,
    0xC1, 0xE0, 0x3C, 0x0F, 0x01, 0xE0, 0x3C, 0x0F, 0xFF, 0xE0, 0xFF, 0xFF, 0x07, 0xFF, 0xFC, 0x38,
    0x01, 0xE3, 0xC0, 0x07, 0x9E, 0x00, 0x3D, 0xE0, 0x01, 0xEF, 0x00, 0x07, 0x80, 0x00, 0x00, 0x00,
    0x00, 0x00, 0x0E, 0x00, 0x00, 0xF8, 0x00, 0x07, 0x80, 0x00, 0x1C, 0x00, 0x18, 0x60, 0xC3, 0x87,
    0xF8, 0x3F, 0xC0, 0x7C, 0x00, 0x00, 0x00, 0x03, 0xF8, 0x3F, 0xF1, 0xFF, 0x8C, 0x3E, 0x00, 0xF0,
    0x03, 0x80, 0x1C, 0x7F, 0xE7, 0xFF, 0x7F, 0xFF, 0xC1, 0xFC, 0x0F, 0xE0, 0x7F, 0x03, 0xFF, 0x7D,
    0xFF, 0xE7, 0xFF, 0x0F, 0xC0, 0x00, 0x01, 0xE0, 0x0F, 0x00, 0x78, 0x01, 0xC0, 0xFF, 0xFD, 0xFF,
    0xFB, 0xFF, 0xF7, 0x80, 0x0F, 0x00, 0x1E, 0x00, 0x3C, 0x00, 0x78, 0x00, 0xF0, 0x01, 0xFF, 0xF3,
    0xFF, 0xE7, 0xFF, 0xCF, 0x00, 0x1E, 0x00, 0x3C, 0x00, 0x78, 0x00, 0xF0, 0x01, 0xE0, 0x03, 0xC0,
    0x07, 0xFF, 0xFF, 0xFF, 0xFF, 0xFF, 0xC0, 0x00, 0x00, 0x00, 0x07, 0x80, 0x0F, 0x00, 0x1E, 0x00,
    0x38, 0x00, 0x07, 0xE0, 0x3F, 0xF0, 0xFF, 0xF1, 0xE3, 0xE7, 0x81, 0xEF, 0x03, 0xFC, 0x07, 0xFF,
    0xFF, 0xFF, 0xFF, 0xFF, 0xFF, 0xC0, 0x03, 0x80, 0x07, 0x80, 0x0F, 0x80, 0x0F, 0xFF, 0x0F, 0xFE,
    0x0F, 0xFC, 0x07, 0xC0, 0x00, 0x00, 0x1E, 0x00, 0x3C, 0x00, 0x78, 0x00, 0xE0, 0x00, 0x07, 0xC0,
    0x0F, 0xC0, 0x03, 0x80, 0x1F, 0x00, 0x3C, 0x00, 0x70, 0x00, 0x00, 0x7F, 0xFE, 0xFF, 0xFD, 0xFF,
    0xFB, 0xC0, 0x07, 0x80, 0x0F, 0x00, 0x1E, 0x00, 0x3C, 0x00, 0x78, 0x00, 0xFF, 0xF9, 0xFF, 0xF3,
    0xFF, 0xE7, 0x80, 0x0F, 0x00, 0x1E, 0x00, 0x3C, 0x00, 0x78, 0x00, 0xF0, 0x01, 0xE0, 0x03, 0xFF,
    0xFF, 0xFF, 0xFF, 0xFF, 0xE0, 0x07, 0x80, 0x0F, 0x80, 0x1F, 0x80, 0x0F, 0x00, 0x3E, 0x00, 0x70,
    0x00, 0xE0, 0x03, 0xF0, 0x1F, 0xF8, 0x7F, 0xF8, 0xF1, 0xF3, 0xC0, 0xF7, 0x81, 0xFE, 0x03, 0xFF,
    0xFF, 0xFF, 0xFF, 0xFF, 0xFF, 0xE0, 0x01, 0xC0, 0x03, 0xC0, 0x07, 0xC0, 0x07, 0xFF, 0x87, 0xFF,
    0x07, 0xFE, 0x03, 0xE0, 0x04, 0x10, 0x3F, 0x70, 0x7F, 0xE1, 0xCF, 0x80, 0x00, 0x00, 0x00, 0x00,
    0x00, 0x7F, 0xFE, 0xFF, 0xFD, 0xFF, 0xFB, 0xC0, 0x07, 0x80, 0x0F, 0x00, 0x1E, 0x00, 0x3C, 0x00,
    0x78, 0x00, 0xFF, 0xF9, 0xFF, 0xF3, 0xFF, 0xE7, 0x80, 0x0F, 0x00, 0x1E, 0x00, 0x3C, 0x00, 0x78,
    0x00, 0xF0, 0x01, 0xE0, 0x03, 0xFF, 0xFF, 0xFF, 0xFF, 0xFF, 0xE0, 0x0F, 0x18, 0x3F, 0xF0, 0xFF,
    0xC0, 0xC7, 0x00, 0x00, 0x00, 0x00, 0x01, 0xF8, 0x0F, 0xFC, 0x3F, 0xFC, 0x78, 0xF9, 0xE0, 0x7B,
    0xC0, 0xFF, 0x01, 0xFF, 0xFF, 0xFF, 0xFF, 0xFF, 0xFF, 0xF0, 0x00, 0xE0, 0x01, 0xE0, 0x03, 0xE0,
    0x03, 0xFF, 0xC3, 0xFF, 0x83, 0xFF, 0x01, 0xF0, 0x00, 0x00, 0x00, 0x03, 0x00, 0x03, 0xC0, 0x01,
    0xE0, 0x31, 0xE0, 0x3D, 0xE0, 0x1F, 0x60, 0x1F, 0xC0, 0x1C, 0xF0, 0x0C, 0x30, 0x00, 0x00, 0x1F,
    0xFF, 0x8F, 0xFF, 0xC7, 0xFF, 0xE3, 0xC0, 0x01, 0xE0, 0x00, 0xF0, 0x00, 0x78, 0x00, 0x3C, 0x00,
    0x1E, 0x00, 0x0F, 0xFF, 0x87, 0xFF, 0xC3, 0xFF, 0xE1, 0xE0, 0x00, 0xF0, 0x00, 0x78, 0x00, 0x3C,
    0x00, 0x1E, 0x00, 0x0F, 0x00, 0x07, 0x80, 0x03, 0xFF, 0xF9, 0xFF, 0xFC, 0xFF, 0xFE, 0x00, 0x00,
    0x03, 0x00, 0x03, 0xC0, 0x01, 0xE0, 0x01, 0xE0, 0x19, 0xE0, 0x1E, 0xE0, 0x1F, 0xA0, 0x1F, 0xE0,
    0x0E, 0x70, 0x06, 0x18, 0x00, 0x00, 0x00, 0xFC, 0x01, 0xFF, 0x81, 0xFF, 0xE0, 0xF1, 0xF0, 0xF0,
    0x3C, 0x78, 0x1E, 0x78, 0x0F, 0x3F, 0xFF, 0x9F, 0xFF, 0xCF, 0xFF, 0xE7, 0x80, 0x01, 0xC0, 0x00,
    0xF0, 0x00, 0x7C, 0x00, 0x1F, 0xFE, 0x07, 0xFF, 0x01, 0xFF, 0x80, 0x3E, 0x00, 0x00, 0x00, 0x01,
    0x80, 0x07, 0x80, 0x07, 0x80, 0x37, 0x80, 0xF7, 0x01, 0xF6, 0x07, 0xF0, 0x1C, 0xF0, 0x30, 0xC0,
    0x00, 0x07, 0xFF, 0xEF, 0xFF, 0xDF, 0xFF, 0xBC, 0x00, 0x78, 0x00, 0xF0, 0x01, 0xE0, 0x03, 0xC0,
    0x07, 0x80, 0x0F, 0xFF, 0x9F, 0xFF, 0x3F, 0xFE, 0x78, 0x00, 0xF0, 0x01, 0xE0, 0x03, 0xC0, 0x07,
    0x80, 0x0F, 0x00, 0x1E, 0x00, 0x3F, 0xFF, 0xFF, 0xFF, 0xFF, 0xFE, 0x00, 0x40, 0x01, 0xC0, 0x03,
    0xC0, 0x03, 0xC0, 0x1B, 0xC0, 0x7B, 0x81, 0xF8, 0x07, 0xF8, 0x0E, 0x70, 0x18, 0x60, 0x00, 0x00,
    0x3F, 0x01, 0xFF, 0x87, 0xFF, 0x8F, 0x1F, 0x3C, 0x0F, 0x78, 0x1F, 0xE0, 0x3F, 0xFF, 0xFF, 0xFF,
    0xFF, 0xFF, 0xFE, 0x00, 0x1C, 0x00, 0x3C, 0x00, 0x7C, 0x00, 0x7F, 0xF8, 0x7F, 0xF0, 0x7F, 0xE0,
    0x3E, 0x00, 0x00, 0x78, 0x00, 0xFC, 0x01, 0xF8, 0x00, 0xF0, 0x33, 0xC0, 0xF7, 0x01, 0xFE, 0x07,
    0xF0, 0x1C, 0xF0, 0x30, 0xC0, 0x00, 0x07, 0xFF, 0xEF, 0xFF, 0xDF, 0xFF, 0xBC, 0x00, 0x78, 0x00,
    0xF0, 0x01, 0xE0, 0x03, 0xC0, 0x07, 0x80, 0x0F, 0xFF, 0x9F, 0xFF, 0x3F, 0xFE, 0x78, 0x00, 0xF0,
    0x01, 0xE0, 0x03, 0xC0, 0x07, 0x80, 0x0F, 0x00, 0x1E, 0x00, 0x3F, 0xFF, 0xFF, 0xFF, 0xFF, 0xFE,
    0x00, 0x00, 0x00, 0x3E, 0x00, 0x3F, 0x00, 0x07, 0x00, 0x1F, 0x01, 0x9E, 0x03, 0xDC, 0x07, 0xE0,
    0x0F, 0xF0, 0x0E, 0x70, 0x0C, 0x30, 0x00, 0x00, 0x07, 0xE0, 0x1F, 0xF8, 0x3F, 0xFC, 0x3C, 0x7C,
    0x78, 0x1E, 0x78, 0x1E, 0xF0, 0x1E, 0xFF, 0xFE, 0xFF, 0xFE, 0xFF, 0xFE, 0xF0, 0x00, 0x70, 0x00,
    0x78, 0x00, 0x7C, 0x00, 0x3F, 0xFC, 0x1F, 0xFC, 0x0F, 0xFC, 0x03, 0xE0, 0x0E, 0x30, 0x3F, 0xF0,
    0xFF, 0xC1, 0xCF, 0x00, 0x00, 0x00, 0x60, 0x01, 0xE0, 0x03, 0xE0, 0x0F, 0xE0, 0x39, 0xE0, 0x61,
    0x80, 0x00, 0x0F, 0xFF, 0xDF, 0xFF, 0xBF, 0xFF, 0x78, 0x00, 0xF0, 0x01, 0xE0, 0x03, 0xC0, 0x07,
    0x80, 0x0F, 0x00, 0x1F, 0xFF, 0x3F, 0xFE, 0x7F, 0xFC, 0xF0, 0x01, 0xE0, 0x03, 0xC0, 0x07, 0x80,
    0x0F, 0x00, 0x1E, 0x00, 0x3C, 0x00, 0x7F, 0xFF, 0xFF, 0xFF, 0xFF, 0xFC, 0x0F, 0x18, 0x3F, 0xF0,
    0x7F, 0xE0, 0xC7, 0x00, 0x00, 0x00, 0x30, 0x00, 0xF0, 0x03, 0xF0, 0x0F, 0xF0, 0x1C, 0xE0, 0x30,
    0xC0, 0x00, 0x00, 0x7E, 0x03, 0xFF, 0x0F, 0xFF, 0x1E, 0x3E, 0x78, 0x1E, 0xF0, 0x3F, 0xC0, 0x7F,
    0xFF, 0xFF, 0xFF, 0xFF, 0xFF, 0xFC, 0x00, 0x38, 0x00, 0x78, 0x00, 0xF8, 0x00, 0xFF, 0xF0, 0xFF,
    0xE0, 0xFF, 0xC0, 0x7C, 0x00, 0x03, 0x00, 0x0F, 0x00, 0x1F, 0x00, 0x7F, 0x01, 0xCF, 0x03, 0x0C,
    0x00, 0x00, 0x7F, 0xFE, 0xFF, 0xFD, 0xFF, 0xFB, 0xC0, 0x07, 0x80, 0x0F, 0x00, 0x1E, 0x00, 0x3C,
    0x00, 0x78, 0x00, 0xFF, 0xF9, 0xFF, 0xF3, 0xFF, 0xE7, 0x80, 0x0F, 0x00, 0x1E, 0x00, 0x3C, 0x00,
    0x78, 0x00, 0xF0, 0x01, 0xE0, 0x03, 0xFF, 0xFF, 0xFF, 0xFF, 0xFF, 0xE0, 0x00, 0x00, 0x00, 0x03,
    0xC0, 0x07, 0x80, 0x0F, 0x00, 0x1C, 0x00, 0x00, 0x00, 0x03, 0x00, 0x0F, 0x00, 0x3F, 0x00, 0xFF,
    0x01, 0xCE, 0x03, 0x0C, 0x00, 0x00, 0x07, 0xE0, 0x3F, 0xF0, 0xFF, 0xF1, 0xE3, 0xE7, 0x81, 0xEF,
    0x03, 0xFC, 0x07, 0xFF, 0xFF, 0xFF, 0xFF, 0xFF, 0xFF, 0xC0, 0x03, 0x80, 0x07, 0x80, 0x0F, 0x80,
    0x0F, 0xFF, 0x0F, 0xFE, 0x0F, 0xFC, 0x07, 0xC0, 0x00, 0x00, 0x1E, 0x00, 0x3C, 0x00, 0x78, 0x00,
    0xE0, 0x00, 0xF9, 0xFB, 0x71, 0xE3, 0xC6, 0x00, 0x3C, 0x78, 0xF1, 0xE3, 0xC7, 0x8F, 0x1E, 0x3C,
    0x78, 0xF1, 0xE3, 0xC7, 0x8F, 0x1E, 0x3C, 0x78, 0xF1, 0xE3, 0xC7, 0x80, 0x71, 0xFB, 0xF0, 0xE3,
    0xC6, 0x0C, 0x38, 0x78, 0xF1, 0xE3, 0xC7, 0x8F, 0x1E, 0x3C, 0x78, 0xF1, 0xE3, 0xC7, 0x8F, 0x1E,
    0x3C, 0xF7, 0xBD, 0xEF, 0x7B, 0xDE, 0xF7, 0xBD, 0xEF, 0x7B, 0xDE, 0xF7, 0xBD, 0xEF, 0x78, 0x00,
    0xF7, 0xBC, 0xE0, 0xFF, 0xFF, 0x00, 0xEF, 0xFF, 0xFF, 0xFF, 0xFF, 0xFF, 0xFF, 0xFF, 0xF0, 0x0F,
    0xFF, 0xE0, 0x00, 0x10, 0x00, 0x07, 0xFC, 0x00, 0x7F, 0xFC, 0x03, 0xFF, 0xF8, 0x1F, 0x03, 0xF0,
    0xF8, 0x07, 0xC3, 0xC0, 0x0F, 0x9E, 0x00, 0x1E, 0x78, 0x00, 0x79, 0xE0, 0x00, 0xF7, 0x00, 0x03,
    0xFC, 0x00, 0x0F, 0xF0, 0x00, 0x3D, 0xC0, 0x00, 0xF7, 0x80, 0x03, 0xDE, 0x00, 0x1E, 0x78, 0x00,
    0x79, 0xF0, 0x01, 0xE3, 0xC0, 0x0F, 0x07, 0xC0, 0x7C, 0x1F, 0xFF, 0xE0, 0x3F, 0xFF, 0x00, 0x3F,
    0xF0, 0x00, 0x1F, 0x00, 0x00, 0x00, 0x00, 0x01, 0xE0, 0x00, 0x07, 0x80, 0x00, 0x1E, 0x00, 0x00,
    0x38, 0x00, 0x07, 0xE0, 0x0F, 0xF8, 0x3F, 0xFC, 0x3E, 0x3E, 0x78, 0x1E, 0x78, 0x0F, 0xF0, 0x0F,
    0xF0, 0x0F, 0xF0, 0x0F, 0xF0, 0x0F, 0xF0, 0x0F, 0x70, 0x0F, 0x78, 0x0F, 0x7C, 0x1E, 0x3F, 0xFE,
    0x1F, 0xFC, 0x0F, 0xF8, 0x03, 0xC0, 0x00, 0x00, 0x03, 0xC0, 0x03, 0xC0, 0x03, 0xC0, 0x01, 0xC0,
    0x00, 0xF8, 0x00, 0x03, 0xF0, 0x00, 0x0D, 0xC0, 0x00, 0x0F, 0x00, 0x00, 0x3C, 0x00, 0x00, 0xC0,
    0x00, 0x00, 0x00, 0x00, 0x7F, 0xC0, 0x07, 0xFF, 0xC0, 0x3F, 0xFF, 0x81, 0xF0, 0x3F, 0x0F, 0x80,
    0x7C, 0x3C, 0x00, 0xF9, 0xE0, 0x01, 0xE7, 0x80, 0x07, 0x9E, 0x00, 0x0F, 0x70, 0x00, 0x3F, 0xC0,
    0x00, 0xFF, 0x00, 0x03, 0xDC, 0x00, 0x0F, 0x78, 0x00, 0x3D, 0xE0, 0x01, 0xE7, 0x80, 0x07, 0x9F,
    0x00, 0x1E, 0x3C, 0x00, 0xF0, 0x7C, 0x07, 0xC1, 0xFF, 0xFE, 0x03, 0xFF, 0xF0, 0x03, 0xFF, 0x00,
    0x01, 0xF0, 0x00, 0x03, 0xC0, 0x07, 0xE0, 0x07, 0xE0, 0x00, 0xE0, 0x01, 0xE0, 0x01, 0xC0, 0x01,
    0x80, 0x07, 0xE0, 0x0F, 0xF8, 0x3F, 0xFC, 0x3E, 0x3E, 0x78, 0x1E, 0x78, 0x0F, 0xF0, 0x0F, 0xF0,
    0x0F, 0xF0, 0x0F, 0xF0, 0x0F, 0xF0, 0x0F, 0x70, 0x0F, 0x78, 0x0F, 0x7C, 0x1E, 0x3F, 0xFE, 0x1F,
    0xFC, 0x0F, 0xF8, 0x03, 0xC0, 0x00, 0x00, 0x60, 0x00, 0x01, 0xC0, 0x00, 0x0F, 0x00, 0x00, 0x78,
    0x00, 0x33, 0xC0, 0x01, 0xEE, 0x00, 0x0F, 0xD0, 0x00, 0x7F, 0x80, 0x01, 0xCF, 0x00, 0x06, 0x18,
    0x00, 0x01, 0x00, 0x00, 0x7F, 0xC0, 0x07, 0xFF, 0xC0, 0x3F, 0xFF, 0x81, 0xF0, 0x3F, 0x0F, 0x80,
    0x7C, 0x3C, 0x00, 0xF9, 0xE0, 0x01, 0xE7, 0x80, 0x07, 0x9E, 0x00, 0x0F, 0x70, 0x00, 0x3F, 0xC0,
    0x00, 0xFF, 0x00, 0x03, 0xDC, 0x00, 0x0F, 0x78, 0x00, 0x3D, 0xE0, 0x01, 0xE7, 0x80, 0x07, 0x9F,
    0x00, 0x1E, 0x3C, 0x00, 0xF0, 0x7C, 0x07, 0xC1, 0xFF, 0xFE, 0x03, 0xFF, 0xF0, 0x03, 0xFF, 0x00,
    0x01, 0xF0, 0x00, 0x00, 0x03, 0x00, 0x01, 0xC0, 0x01, 0xE0, 0x01, 0xE0, 0x19, 0xE0, 0x1E, 0xE0,
    0x1F, 0xA0, 0x1F, 0xE0, 0x0E, 0x78, 0x06, 0x18, 0x00, 0x00, 0x00, 0xFC, 0x00, 0xFF, 0x81, 0xFF,
    0xE0, 0xF8, 0xF8, 0xF0, 0x3C, 0x78, 0x0F, 0x78, 0x07, 0xBC, 0x03, 0xDE, 0x01, 0xEF, 0x00, 0xF7,
    0x80, 0x79, 0xC0, 0x3C, 0xF0, 0x1E, 0x7C, 0x1E, 0x1F, 0xFF, 0x07, 0xFF, 0x01, 0xFF, 0x00, 0x3C,
    0x00, 0x00, 0x0C, 0x00, 0x00, 0x70, 0x00, 0x01, 0xE0, 0x00, 0x03, 0xC0, 0x00, 0x37, 0x80, 0x01,
    0xEE, 0x00, 0x0F, 0xC0, 0x00, 0x7F, 0x80, 0x01, 0xCF, 0x00, 0x06, 0x18, 0x00, 0x01, 0x00, 0x00,
    0x7F, 0xC0, 0x07, 0xFF, 0xC0, 0x3F, 0xFF, 0x81, 0xF0, 0x3F, 0x0F, 0x80, 0x7C, 0x3C, 0x00, 0xF9,
    0xE0, 0x01, 0xE7, 0x80, 0x07, 0x9E, 0x00, 0x0F, 0x70, 0x00, 0x3F, 0xC0, 0x00, 0xFF, 0x00, 0x03,
    0xDC, 0x00, 0x0F, 0x78, 0x00, 0x3D, 0xE0, 0x01, 0xE7, 0x80, 0x07, 0x9F, 0x00, 0x1E, 0x3C, 0x00,
    0xF0, 0x7C, 0x07, 0xC1, 0xFF, 0xFE, 0x03, 0xFF, 0xF0, 0x03, 0xFF, 0x00, 0x01, 0xF0, 0x00, 0x00,
    0x00, 0x00, 0x60, 0x00, 0xF0, 0x00, 0xF8, 0x00, 0x78, 0x01, 0xBC, 0x03, 0xC8, 0x07, 0xE0, 0x0F,
    0xF0, 0x0E, 0x78, 0x0C, 0x30, 0x00, 0x00, 0x07, 0xE0, 0x0F, 0xF8, 0x3F, 0xFC, 0x3E, 0x3E, 0x78,
    0x1E, 0x78, 0x0F, 0xF0, 0x0F, 0xF0, 0x0F, 0xF0, 0x0F, 0xF0, 0x0F, 0xF0, 0x0F, 0x70, 0x0F, 0x78,
    0x0F, 0x7C, 0x1E, 0x3F, 0xFE, 0x1F, 0xFC, 0x0F, 0xF8, 0x03, 0xC0, 0x00, 0x07, 0xC0, 0x00, 0x1F,
    0x80, 0x00, 0x5E, 0x00, 0x00, 0x78, 0x00, 0x33, 0xC0, 0x01, 0xEE, 0x00, 0x0F, 0xC0, 0x00, 0x7F,
    0x80, 0x01, 0xCF, 0x00, 0x06, 0x18, 0x00, 0x01, 0x00, 0x00, 0x7F, 0xC0, 0x07, 0xFF, 0xC0, 0x3F,
    0xFF, 0x81, 0xF0, 0x3F, 0x0F, 0x80, 0x7C, 0x3C, 0x00, 0xF9, 0xE0, 0x01, 0xE7, 0x80, 0x07, 0x9E,
    0x00, 0x0F, 0x70, 0x00, 0x3F, 0xC0, 0x00, 0xFF, 0x00, 0x03, 0xDC, 0x00, 0x0F, 0x78, 0x00, 0x3D,
    0xE0, 0x01, 0xE7, 0x80, 0x07, 0x9F, 0x00, 0x1E, 0x3C, 0x00, 0xF0, 0x7C, 0x07, 0xC1, 0xFF, 0xFE,
    0x03, 0xFF, 0xF0, 0x03, 0xFF, 0x00, 0x01, 0xF0, 0x00, 0x00, 0x3C, 0x00, 0x3F, 0x00, 0x3F, 0x00,
    0x07, 0x01, 0x9F, 0x03, 0xDC, 0x07, 0xEC, 0x0F, 0xF0, 0x0E, 0x78, 0x0C, 0x30, 0x00, 0x00, 0x07,
    0xE0, 0x0F, 0xF8, 0x3F, 0xFC, 0x3E, 0x3E, 0x78, 0x1E, 0x78, 0x0F, 0xF0, 0x0F, 0xF0, 0x0F, 0xF0,
    0x0F, 0xF0, 0x0F, 0xF0, 0x0F, 0x70, 0x0F, 0x78, 0x0F, 0x7C, 0x1E, 0x3F, 0xFE, 0x1F, 0xFC, 0x0F,
    0xF8, 0x03, 0xC0, 0x01, 0xF3, 0x00, 0x0F, 0xFC, 0x00, 0x3F, 0xF0, 0x00, 0xC7, 0x00, 0x00, 0x30,
    0x00, 0x01, 0xE0, 0x00, 0x0F, 0xC0, 0x00, 0x7F, 0x80, 0x01, 0xCF, 0x00, 0x06, 0x18, 0x00, 0x01,
    0x00, 0x00, 0x7F, 0xC0, 0x07, 0xFF, 0xC0, 0x3F, 0xFF, 0x81, 0xF0, 0x3F, 0x0F, 0x80, 0x7C, 0x3C,
    0x00, 0xF9, 0xE0, 0x01, 0xE7, 0x80, 0x07, 0x9E, 0x00, 0x0F, 0x70, 0x00, 0x3F, 0xC0, 0x00, 0xFF,
    0x00, 0x03, 0xDC, 0x00, 0x0F, 0x78, 0x00, 0x3D, 0xE0, 0x01, 0xE7, 0x80, 0x07, 0x9F, 0x00, 0x1E,
    0x3C, 0x00, 0xF0, 0x7C, 0x07, 0xC1, 0xFF, 0xFE, 0x03, 0xFF, 0xF0, 0x03, 0xFF, 0x00, 0x01, 0xF0,
    0x00, 0x00, 0x00, 0x0F, 0x9C, 0x1F, 0xF8, 0x1D, 0xF0, 0x08, 0x20, 0x01, 0x80, 0x03, 0xC0, 0x07,
    0xE0, 0x0F, 0xF0, 0x0E, 0x78, 0x0C, 0x30, 0x00, 0x00, 0x07, 0xE0, 0x0F, 0xF8, 0x3F, 0xFC, 0x3E,
    0x3E, 0x78, 0x1E, 0x78, 0x0F, 0xF0, 0x0F, 0xF0, 0x0F, 0xF0, 0x0F, 0xF0, 0x0F, 0xF0, 0x0F, 0x70,
    0x0F, 0x78, 0x0F, 0x7C, 0x1E, 0x3F, 0xFE, 0x1F, 0xFC, 0x0F, 0xF8, 0x03, 0xC0, 0x00, 0x10, 0x00,
    0x00, 0xE0, 0x00, 0x07, 0x80, 0x00, 0x3F, 0x00, 0x01, 0xEE, 0x00, 0x07, 0x18, 0x00, 0x08, 0x20,
    0x00, 0x04, 0x00, 0x01, 0xFF, 0x00, 0x1F, 0xFF, 0x00, 0xFF, 0xFE, 0x07, 0xC0, 0xFC, 0x3E, 0x01,
    0xF0, 0xF0, 0x03, 0xE7, 0x80, 0x07, 0x9E, 0x00, 0x1E, 0x78, 0x00, 0x3D, 0xC0, 0x00, 0xFF, 0x00,
    0x03, 0xFC, 0x00, 0x0F, 0x70, 0x00, 0x3D, 0xE0, 0x00, 0xF7, 0x80, 0x07, 0x9E, 0x00, 0x1E, 0x7C,
    0x00, 0x78, 0xF0, 0x03, 0xC1, 0xF0, 0x1F, 0x07, 0xFF, 0xF8, 0x0F, 0xFF, 0xC0, 0x0F, 0xFC, 0x00,
    0x07, 0xC0, 0x00, 0x00, 0x00, 0x00, 0x78, 0x00, 0x01, 0xE0, 0x00, 0x07, 0x80, 0x00, 0x0E, 0x00,
    0x00, 0x00, 0x01, 0x80, 0x03, 0xC0, 0x07, 0xE0, 0x0F, 0xF0, 0x0E, 0x78, 0x0C, 0x30, 0x00, 0x00,
    0x07, 0xE0, 0x0F, 0xF8, 0x3F, 0xFC, 0x3E, 0x3E, 0x78, 0x1E, 0x78, 0x0F, 0xF0, 0x0F, 0xF0, 0x0F,
    0xF0, 0x0F, 0xF0, 0x0F, 0xF0, 0x0F, 0x70, 0x0F, 0x78, 0x0F, 0x7C, 0x1E, 0x3F, 0xFE, 0x1F, 0xFC,
    0x0F, 0xF8, 0x03, 0xC0, 0x00, 0x00, 0x03, 0xC0, 0x03, 0xC0, 0x03, 0xC0, 0x01, 0xC0, 0x00, 0x00,
    0x00, 0x00, 0x30, 0x00, 0x01, 0xE0, 0x00, 0x0F, 0x80, 0x00, 0x3C, 0x00, 0x01, 0xE0, 0xF0, 0x07,
    0x03, 0xC0, 0x04, 0x0F, 0x01, 0xFF, 0x38, 0x1F, 0xFF, 0xE0, 0xFF, 0xFF, 0x07, 0xC0, 0xFC, 0x3E,
    0x01, 0xF0, 0xF0, 0x03, 0xE7, 0x80, 0x07, 0x9E, 0x00, 0x1E, 0x78, 0x00, 0x3D, 0xC0, 0x00, 0xFF,
    0x00, 0x03, 0xFC, 0x00, 0x0F, 0x70, 0x00, 0x3D, 0xE0, 0x00, 0xF7, 0x80, 0x07, 0x9E, 0x00, 0x1E,
    0x7C, 0x00, 0x78, 0xF0, 0x03, 0xC1, 0xF0, 0x1F, 0x07, 0xFF, 0xF8, 0x0F, 0xFF, 0xC0, 0x0F, 0xFC,
    0x00, 0x07, 0xC0, 0x00, 0x00, 0x00, 0x00, 0x18, 0x00, 0x0F, 0x00, 0x07, 0xC0, 0x01, 0xE0, 0x00,
    0xF0, 0xE0, 0x10, 0x3C, 0x00, 0x0E, 0x07, 0xE3, 0x83, 0xFF, 0xE3, 0xFF, 0xF0, 0xF8, 0xF8, 0x78,
    0x1E, 0x1E, 0x03, 0xCF, 0x00, 0xF3, 0xC0, 0x3C, 0xF0, 0x0F, 0x3C, 0x03, 0xCF, 0x00, 0xF1, 0xC0,
    0x3C, 0x78, 0x0F, 0x1F, 0x07, 0x83, 0xFF, 0xE0, 0x7F, 0xF0, 0x0F, 0xF8, 0x00, 0xF0, 0x00, 0x00,
    0x00, 0x00, 0x03, 0x00, 0x00, 0x1E, 0x00, 0x00, 0x3C, 0x00, 0x00, 0x78, 0x00, 0x00, 0xE0, 0xF0,
    0x01, 0x83, 0xC0, 0x04, 0x0F, 0x01, 0xFF, 0x38, 0x1F, 0xFF, 0xE0, 0xFF, 0xFF, 0x07, 0xC0, 0xFC,
    0x3E, 0x01, 0xF0, 0xF0, 0x03, 0xE7, 0x80, 0x07, 0x9E, 0x00, 0x1E, 0x78, 0x00, 0x3D, 0xC0, 0x00,
    0xFF, 0x00, 0x03, 0xFC, 0x00, 0x0F, 0x70, 0x00, 0x3D, 0xE0, 0x00, 0xF7, 0x80, 0x07, 0x9E, 0x00,
    0x1E, 0x7C, 0x00, 0x78, 0xF0, 0x03, 0xC1, 0xF0, 0x1F, 0x07, 0xFF, 0xF8, 0x0F, 0xFF, 0xC0, 0x0F,
    0xFC, 0x00, 0x07, 0xC0, 0x00, 0x00, 0x00, 0x01, 0x80, 0x00, 0xF0, 0x00, 0x1E, 0x00, 0x03, 0xC0,
    0x00, 0x70, 0xE0, 0x0C, 0x3C, 0x00, 0x0E, 0x07, 0xE3, 0x83, 0xFF, 0xE3, 0xFF, 0xF0, 0xF8, 0xF8,
    0x78, 0x1E, 0x1E, 0x03, 0xCF, 0x00, 0xF3, 0xC0, 0x3C, 0xF0, 0x0F, 0x3C, 0x03, 0xCF, 0x00, 0xF1,
    0xC0, 0x3C, 0x78, 0x0F, 0x1F, 0x07, 0x83, 0xFF, 0xE0, 0x7F, 0xF0, 0x0F, 0xF8, 0x00, 0xF0, 0x00,
    0x00, 0xF8, 0x00, 0x03, 0xF0, 0x00, 0x0D, 0xC0, 0x00, 0x0F, 0x00, 0x00, 0x3C, 0x3C, 0x00, 0xC0,
    0xF0, 0x00, 0x03, 0xC0, 0x7F, 0xCE, 0x07, 0xFF, 0xF8, 0x3F, 0xFF, 0xC1, 0xF0, 0x3F, 0x0F, 0x80,
    0x7C, 0x3C, 0x00, 0xF9, 0xE0, 0x01, 0xE7, 0x80, 0x07, 0x9E, 0x00, 0x0F, 0x70, 0x00, 0x3F, 0xC0,
    0x00, 0xFF, 0x00, 0x03, 0xDC, 0x00, 0x0F, 0x78, 0x00, 0x3D, 0xE0, 0x01, 0xE7, 0x80, 0x07, 0x9F,
    0x00, 0x1E, 0x3C, 0x00, 0xF0, 0x7C, 0x07, 0xC1, 0xFF, 0xFE, 0x03, 0xFF, 0xF0, 0x03, 0xFF, 0x00,
    0x01, 0xF0, 0x00, 0x03, 0xC0, 0x01, 0xF8, 0x00, 0x7E, 0x00, 0x03, 0x80, 0x01, 0xE3, 0x80, 0x70,
    0xF0, 0x18, 0x38, 0x1F, 0x8E, 0x0F, 0xFF, 0x8F, 0xFF, 0xC3, 0xE3, 0xE1, 0xE0, 0x78, 0x78, 0x0F,
    0x3C, 0x03, 0xCF, 0x00, 0xF3, 0xC0, 0x3C, 0xF0, 0x0F, 0x3C, 0x03, 0xC7, 0x00, 0xF1, 0xE0, 0x3C,
    0x7C, 0x1E, 0x0F, 0xFF, 0x81, 0xFF, 0xC0, 0x3F, 0xE0, 0x03, 0xC0, 0x00, 0x00, 0xE3, 0x00, 0x07,
    0xFC, 0x00, 0x3F, 0xF0, 0x00, 0xC7, 0x8F, 0x00, 0x00, 0x3C, 0x00, 0x40, 0xF0, 0x1F, 0xF3, 0x81,
    0xFF, 0xFE, 0x0F, 0xFF, 0xF0, 0x7C, 0x0F, 0xC3, 0xE0, 0x1F, 0x0F, 0x00, 0x3E, 0x78, 0x00, 0x79,
    0xE0, 0x01, 0xE7, 0x80, 0x03, 0xDC, 0x00, 0x0F, 0xF0, 0x00, 0x3F, 0xC0, 0x00, 0xF7, 0x00, 0x03,
    0xDE, 0x00, 0x0F, 0x78, 0x00, 0x79, 0xE0, 0x01, 0xE7, 0xC0, 0x07, 0x8F, 0x00, 0x3C, 0x1F, 0x01,
    0xF0, 0x7F, 0xFF, 0x80, 0xFF, 0xFC, 0x00, 0xFF, 0xC0, 0x00, 0x7C, 0x00, 0x07, 0x98, 0x03, 0xFE,
    0x01, 0xFF, 0x80, 0x63, 0xCE, 0x00, 0x03, 0xC0, 0x00, 0xE0, 0x7E, 0x38, 0x3F, 0xFE, 0x3F, 0xFF,
    0x0F, 0x8F, 0x87, 0x81, 0xE1, 0xE0, 0x3C, 0xF0, 0x0F, 0x3C, 0x03, 0xCF, 0x00, 0xF3, 0xC0, 0x3C,
    0xF0, 0x0F, 0x1C, 0x03, 0xC7, 0x80, 0xF1, 0xF0, 0x78, 0x3F, 0xFE, 0x07, 0xFF, 0x00, 0xFF, 0x80,
    0x0F, 0x00, 0x00, 0x00, 0x00, 0x00, 0x00, 0xF0, 0x00, 0x03, 0xC0, 0x04, 0x0F, 0x01, 0xFF, 0x38,
    0x1F, 0xFF, 0xE0, 0xFF, 0xFF, 0x07, 0xC0, 0xFC, 0x3E, 0x01, 0xF0, 0xF0, 0x03, 0xE7, 0x80, 0x07,
    0x9E, 0x00, 0x1E, 0x78, 0x00, 0x3D, 0xC0, 0x00, 0xFF, 0x00, 0x03, 0xFC, 0x00, 0x0F, 0x70, 0x00,
    0x3D, 0xE0, 0x00, 0xF7, 0x80, 0x07, 0x9E, 0x00, 0x1E, 0x7C, 0x00, 0x78, 0xF0, 0x03, 0xC1, 0xF0,
    0x1F, 0x07, 0xFF, 0xF8, 0x0F, 0xFF, 0xC0, 0x0F, 0xFC, 0x00, 0x07, 0xC0, 0x00, 0x00, 0x00, 0x00,
    0x78, 0x00, 0x01, 0xE0, 0x00, 0x07, 0x80, 0x00, 0x0E, 0x00, 0x00, 0x03, 0x80, 0x00, 0xF0, 0x00,
    0x38, 0x1F, 0x8E, 0x0F, 0xFF, 0x8F, 0xFF, 0xC3, 0xE3, 0xE1, 0xE0, 0x78, 0x78, 0x0F, 0x3C, 0x03,
    0xCF, 0x00, 0xF3, 0xC0, 0x3C, 0xF0, 0x0F, 0x3C, 0x03, 0xC7, 0x00, 0xF1, 0xE0, 0x3C, 0x7C, 0x1E,
    0x0F, 0xFF, 0x81, 0xFF, 0xC0, 0x3F, 0xE0, 0x03, 0xC0, 0x00, 0x00, 0x00, 0x3C, 0x00, 0x0F, 0x00,
    0x03, 0xC0, 0x00, 0x70, 0x00, 0xF0, 0x03, 0xF8, 0x01, 0xFC, 0x00, 0xFE, 0x00, 0x7F, 0x00, 0x3F,
    0x80, 0x1F, 0xC0, 0x0F, 0xE0, 0x07, 0xF0, 0x03, 0xF8, 0x01, 0xFC, 0x00, 0xFE, 0x00, 0x7F, 0x00,
    0x3F, 0x80, 0x1F, 0xC0, 0x0F, 0xE0, 0x0F, 0xF0, 0x07, 0xBC, 0x03, 0xDF, 0x03, 0xC7, 0xFF, 0xE1,
    0xFF, 0xE0, 0x7F, 0xE0, 0x0F, 0x80, 0x00, 0x00, 0x01, 0xE0, 0x00, 0xF0, 0x00, 0x78, 0x00, 0x38,
    0x00, 0xE0, 0x1B, 0xC0, 0xFF, 0x03, 0xFC, 0x0F, 0xF0, 0x3F, 0xC0, 0xFF, 0x03, 0xFC, 0x0F, 0xF0,
    0x3F, 0xC0, 0xFF, 0x03, 0xFC, 0x0F, 0xF0, 0x3F, 0xE0, 0xF7, 0xFF, 0xCF, 0xFF, 0x1F, 0xFC, 0x1F,
    0x00, 0x00, 0x01, 0xE0, 0x07, 0x80, 0x1E, 0x00, 0x78, 0x00, 0x03, 0xE0, 0x01, 0xF8, 0x00, 0xBC,
    0x00, 0x1E, 0x00, 0x1E, 0x00, 0x0E, 0x00, 0x00, 0x01, 0xE0, 0x07, 0xF0, 0x03, 0xF8, 0x01, 0xFC,
    0x00, 0xFE, 0x00, 0x7F, 0x00, 0x3F, 0x80, 0x1F, 0xC0, 0x0F, 0xE0, 0x07, 0xF0, 0x03, 0xF8, 0x01,
    0xFC, 0x00, 0xFE, 0x00, 0x7F, 0x00, 0x3F, 0x80, 0x1F, 0xC0, 0x1F, 0xE0, 0x0F, 0x78, 0x07, 0xBE,
    0x07, 0x8F, 0xFF, 0xC3, 0xFF, 0xC0, 0xFF, 0xC0, 0x1F, 0x00, 0x07, 0x00, 0x3F, 0x00, 0xFC, 0x00,
    0x70, 0x07, 0xC0, 0x1C, 0x00, 0x30, 0x38, 0x06, 0xF0, 0x3F, 0xC0, 0xFF, 0x03, 0xFC, 0x0F, 0xF0,
    0x3F, 0xC0, 0xFF, 0x03, 0xFC, 0x0F, 0xF0, 0x3F, 0xC0, 0xFF, 0x03, 0xFC, 0x0F, 0xF8, 0x3D, 0xFF,
    0xF3, 0xFF, 0xC7, 0xFF, 0x07, 0xC0, 0x00, 0x00, 0x00, 0x01, 0x80, 0x00, 0x1E, 0x00, 0x01, 0xE0,
    0x00, 0x1E, 0x00, 0x00, 0xE0, 0x1C, 0x06, 0x00, 0xE0, 0x00, 0x0F, 0xF0, 0x03, 0xFF, 0x80, 0x1F,
    0xBC, 0x00, 0xF1, 0xE0, 0x07, 0x0F, 0x00, 0x38, 0x78, 0x01, 0xC3, 0xC0, 0x0E, 0x1E, 0x00, 0x70,
    0xF0, 0x03, 0x87, 0x80, 0x1C, 0x3C, 0x00, 0xE1, 0xE0, 0x07, 0x0F, 0x00, 0x38, 0x78, 0x01, 0xC3,
    0xC0, 0x0E, 0x1E, 0x00, 0xF0, 0xF0, 0x07, 0x83, 0xC0, 0x3C, 0x1F, 0x03, 0xC0, 0x7F, 0xFE, 0x01,
    0xFF, 0xE0, 0x07, 0xFE, 0x00, 0x0F, 0x80, 0x00, 0x00, 0x00, 0x00, 0x30, 0x00, 0x1E, 0x00, 0x0F,
    0x00, 0x07, 0x80, 0x01, 0xC0, 0xF0, 0x60, 0x3C, 0x00, 0x0F, 0xE0, 0x1F, 0xBC, 0x0F, 0xEF, 0x03,
    0xF3, 0xC0, 0xF0, 0xF0, 0x3C, 0x3C, 0x0F, 0x0F, 0x03, 0xC3, 0xC0, 0xF0, 0xF0, 0x3C, 0x3C, 0x0F,
    0x0F, 0x03, 0xC3, 0xC0, 0xF0, 0xF0, 0x3C, 0x3E, 0x0F, 0x07, 0xFF, 0xC0, 0xFF, 0xF0, 0x1F, 0xFC,
    0x01, 0xF0, 0x00, 0x00, 0x00, 0x00, 0x18, 0x00, 0x01, 0xE0, 0x00, 0x0F, 0x80, 0x00, 0x3C, 0x00,
    0x00, 0xF0, 0x1C, 0x03, 0x00, 0xE0, 0x00, 0x0F, 0xF0, 0x03, 0xFF, 0x80, 0x1F, 0xBC, 0x00, 0xF1,
    0xE0, 0x07, 0x0F, 0x00, 0x38, 0x78, 0x01, 0xC3, 0xC0, 0x0E, 0x1E, 0x00, 0x70, 0xF0, 0x03, 0x87,
    0x80, 0x1C, 0x3C, 0x00, 0xE1, 0xE0, 0x07, 0x0F, 0x00, 0x38, 0x78, 0x01, 0xC3, 0xC0, 0x0E, 0x1E,
    0x00, 0xF0, 0xF0, 0x07, 0x83, 0xC0, 0x3C, 0x1F, 0x03, 0xC0, 0x7F, 0xFE, 0x01, 0xFF, 0xE0, 0x07,
    0xFE, 0x00, 0x0F, 0x80, 0x00, 0x00, 0x00, 0x03, 0x00, 0x01, 0xE0, 0x00, 0x3C, 0x00, 0x07, 0x80,
    0x00, 0xE0, 0xF0, 0x10, 0x3C, 0x00, 0x0F, 0xE0, 0x1F, 0xBC, 0x0F, 0xEF, 0x03, 0xF3, 0xC0, 0xF0,
    0xF0, 0x3C, 0x3C, 0x0F, 0x0F, 0x03, 0xC3, 0xC0, 0xF0, 0xF0, 0x3C, 0x3C, 0x0F, 0x0F, 0x03, 0xC3,
    0xC0, 0xF0, 0xF0, 0x3C, 0x3E, 0x0F, 0x07, 0xFF, 0xC0, 0xFF, 0xF0, 0x1F, 0xFC, 0x01, 0xF0, 0x00,
    0x03, 0xE0, 0x00, 0x1F, 0x80, 0x00, 0xBC, 0x00, 0x01, 0xE0, 0x00, 0x1E, 0x03, 0x80, 0xE0, 0x1C,
    0x00, 0x01, 0xFE, 0x00, 0x7F, 0xF0, 0x03, 0xF7, 0x80, 0x1E, 0x3C, 0x00, 0xE1, 0xE0, 0x07, 0x0F,
    0x00, 0x38, 0x78, 0x01, 0xC3, 0xC0, 0x0E, 0x1E, 0x00, 0x70, 0xF0, 0x03, 0x87, 0x80, 0x1C, 0x3C,
    0x00, 0xE1, 0xE0, 0x07, 0x0F, 0x00, 0x38, 0x78, 0x01, 0xC3, 0xC0, 0x1E, 0x1E, 0x00, 0xF0, 0x78,
    0x07, 0x83, 0xE0, 0x78, 0x0F, 0xFF, 0xC0, 0x3F, 0xFC, 0x00, 0xFF, 0xC0, 0x01, 0xF0, 0x00, 0x07,
    0x00, 0x03, 0xF0, 0x00, 0xFC, 0x00, 0x07, 0x00, 0x07, 0xC3, 0xC1, 0xC0, 0xF0, 0x30, 0x3F, 0x80,
    0x7E, 0xF0, 0x3F, 0xBC, 0x0F, 0xCF, 0x03, 0xC3, 0xC0, 0xF0, 0xF0, 0x3C, 0x3C, 0x0F, 0x0F, 0x03,
    0xC3, 0xC0, 0xF0, 0xF0, 0x3C, 0x3C, 0x0F, 0x0F, 0x03, 0xC3, 0xC0, 0xF0, 0xF8, 0x3C, 0x1F, 0xFF,
    0x03, 0xFF, 0xC0, 0x7F, 0xF0, 0x07, 0xC0, 0x00, 0x07, 0x8C, 0x00, 0x7F, 0xE0, 0x03, 0xFE, 0x00,
    0x18, 0xE0, 0x70, 0x00, 0x03, 0x80, 0x00, 0x3F, 0xC0, 0x0F, 0xFE, 0x00, 0x7E, 0xF0, 0x03, 0xC7,
    0x80, 0x1C, 0x3C, 0x00, 0xE1, 0xE0, 0x07, 0x0F, 0x00, 0x38, 0x78, 0x01, 0xC3, 0xC0, 0x0E, 0x1E,
    0x00, 0x70, 0xF0, 0x03, 0x87, 0x80, 0x1C, 0x3C, 0x00, 0xE1, 0xE0, 0x07, 0x0F, 0x00, 0x38, 0x78,
    0x03, 0xC3, 0xC0, 0x1E, 0x0F, 0x00, 0xF0, 0x7C, 0x0F, 0x01, 0xFF, 0xF8, 0x07, 0xFF, 0x80, 0x1F,
    0xF8, 0x00, 0x3E, 0x00, 0x00, 0x1E, 0x30, 0x0F, 0xFC, 0x03, 0xFE, 0x00, 0xC7, 0x0F, 0x00, 0x03,
    0xC0, 0x00, 0xFE, 0x01, 0xFB, 0xC0, 0xFE, 0xF0, 0x3F, 0x3C, 0x0F, 0x0F, 0x03, 0xC3, 0xC0, 0xF0,
    0xF0, 0x3C, 0x3C, 0x0F, 0x0F, 0x03, 0xC3, 0xC0, 0xF0, 0xF0, 0x3C, 0x3C, 0x0F, 0x0F, 0x03, 0xC3,
    0xE0, 0xF0, 0x7F, 0xFC, 0x0F, 0xFF, 0x01, 0xFF, 0xC0, 0x1F, 0x00, 0x00, 0x00, 0x00, 0x00, 0x01,
    0xC0, 0x00, 0x0E, 0x00, 0x00, 0xFF, 0x00, 0x3F, 0xF8, 0x01, 0xFB, 0xC0, 0x0F, 0x1E, 0x00, 0x70,
    0xF0, 0x03, 0x87, 0x80, 0x1C, 0x3C, 0x00, 0xE1, 0xE0, 0x07, 0x0F, 0x00, 0x38, 0x78, 0x01, 0xC3,
    0xC0, 0x0E, 0x1E, 0x00, 0x70, 0xF0, 0x03, 0x87, 0x80, 0x1C, 0x3C, 0x00, 0xE1, 0xE0, 0x0F, 0x0F,
    0x00, 0x78, 0x3C, 0x03, 0xC1, 0xF0, 0x3C, 0x07, 0xFF, 0xE0, 0x1F, 0xFE, 0x00, 0x7F, 0xE0, 0x00,
    0xF8, 0x00, 0x00, 0x00, 0x00, 0x1E, 0x00, 0x00, 0xF0, 0x00, 0x07, 0x80, 0x00, 0x38, 0x00, 0x00,
    0x03, 0xC0, 0x00, 0xF0, 0x00, 0x3F, 0x80, 0x7E, 0xF0, 0x3F, 0xBC, 0x0F, 0xCF, 0x03, 0xC3, 0xC0,
    0xF0, 0xF0, 0x3C, 0x3C, 0x0F, 0x0F, 0x03, 0xC3, 0xC0, 0xF0, 0xF0, 0x3C, 0x3C, 0x0F, 0x0F, 0x03,
    0xC3, 0xC0, 0xF0, 0xF8, 0x3C, 0x1F, 0xFF, 0x03, 0xFF, 0xC0, 0x7F, 0xF0, 0x07, 0xC0, 0x00, 0x00,
    0x00, 0x78, 0x00, 0x1E, 0x00, 0x07, 0x80, 0x01, 0xE0, 0x00, 0x03, 0x00, 0x00, 0x70, 0x00, 0x0F,
    0x00, 0x00, 0xF0, 0x00, 0x0E, 0x00, 0x00, 0xC0, 0x00, 0x00, 0x00, 0x00, 0x00, 0xF0, 0x03, 0xCF,
    0x00, 0x79, 0xE0, 0x1E, 0x1E, 0x03, 0xC3, 0xC0, 0xF0, 0x3C, 0x1E, 0x07, 0xC7, 0x80, 0x79, 0xF0,
    0x07, 0xBC, 0x00, 0xFF, 0x00, 0x0F, 0xE0, 0x01, 0xF8, 0x00, 0x1E, 0x00, 0x03, 0xC0, 0x00, 0x78,
    0x00, 0x0F, 0x00, 0x01, 0xE0, 0x00, 0x3C, 0x00, 0x07, 0x80, 0x00, 0xF0, 0x00, 0x1E, 0x00, 0x06,
    0x00, 0x1E, 0x00, 0x3E, 0x00, 0x3C, 0x00, 0x1C, 0x00, 0x18, 0x00, 0x00, 0x00, 0x00, 0x00, 0x01,
    0xE0, 0x3D, 0xC0, 0x7B, 0xC0, 0xF7, 0x81, 0xC7, 0x07, 0x8F, 0x0F, 0x1E, 0x1C, 0x1C, 0x38, 0x3C,
    0xF0, 0x79, 0xC0, 0x7B, 0x80, 0xFF, 0x00, 0xFC, 0x01, 0xF8, 0x01, 0xF0, 0x03, 0xC0, 0x07, 0x80,
    0x0E, 0x00, 0x3C, 0x0D, 0xF0, 0x1F, 0xC0, 0x3F, 0x00, 0x00, 0xF0, 0x01, 0xFF, 0x00, 0x79, 0xE0,
    0x0F, 0x1E, 0x03, 0xC3, 0xC0, 0x78, 0x3C, 0x1E, 0x07, 0x87, 0x80, 0x78, 0xF0, 0x0F, 0xBC, 0x00,
    0xF7, 0x80, 0x0F, 0xE0, 0x01, 0xF8, 0x00, 0x1F, 0x00, 0x03, 0xC0, 0x00, 0x78, 0x00, 0x0F, 0x00,
    0x01, 0xE0, 0x00, 0x3C, 0x00, 0x07, 0x80, 0x00, 0xF0, 0x00, 0x1E, 0x00, 0x03, 0xC0, 0x00, 0x00,
    0x00, 0x00, 0x00, 0x00, 0xE0, 0x00, 0x3E, 0x00, 0x07, 0x80, 0x00, 0x70, 0x00, 0x70, 0x0F, 0xE0,
    0x3D, 0xC0, 0x7B, 0xC0, 0xF7, 0x81, 0xC7, 0x07, 0x8F, 0x0F, 0x1E, 0x1C, 0x1C, 0x38, 0x3C, 0xF0,
    0x79, 0xE0, 0x7B, 0x80, 0xFF, 0x00, 0xFC, 0x01, 0xF8, 0x01, 0xF0, 0x03, 0xC0, 0x07, 0x80, 0x0E,
    0x00, 0x3C, 0xFF, 0xF1, 0xFF, 0xC3, 0xFF, 0x07, 0x80, 0x03, 0xE0, 0x00, 0x7E, 0x00, 0x05, 0xE0,
    0x00, 0x78, 0x00, 0x0F, 0x00, 0x01, 0xC0, 0x00, 0x00, 0x07, 0x80, 0x0F, 0xF8, 0x03, 0xCF, 0x00,
    0x78, 0xF0, 0x1E, 0x1E, 0x03, 0xC1, 0xE0, 0xF0, 0x3C, 0x3C, 0x03, 0xC7, 0x80, 0x7D, 0xE0, 0x07,
    0xBC, 0x00, 0x7F, 0x00, 0x0F, 0xC0, 0x00, 0xF8, 0x00, 0x1E, 0x00, 0x03, 0xC0, 0x00, 0x78, 0x00,
    0x0F, 0x00, 0x01, 0xE0, 0x00, 0x3C, 0x00, 0x07, 0x80, 0x00, 0xF0, 0x00, 0x1E, 0x00, 0x07, 0x80,
    0x0F, 0x80, 0x1F, 0x80, 0x0F, 0x00, 0x3E, 0x00, 0x70, 0x00, 0xE0, 0x38, 0x07, 0xF0, 0x1E, 0xE0,
    0x3D, 0xE0, 0x7B, 0xC0, 0xE3, 0x83, 0xC7, 0x87, 0x8F, 0x0E, 0x0E, 0x1C, 0x1E, 0x78, 0x3C, 0xF0,
    0x3D, 0xC0, 0x7F, 0x80, 0x7E, 0x00, 0xFC, 0x00, 0xF8, 0x01, 0xE0, 0x03, 0xC0, 0x07, 0x00, 0x1E,
    0x07, 0xF8, 0x0F, 0xE0, 0x1F, 0x80, 0x00, 0x01, 0x04, 0x00, 0xFD, 0xC0, 0x3F, 0xF0, 0x07, 0x7E,
    0x00, 0x41, 0x00, 0x00, 0x00, 0x00, 0x00, 0x07, 0x80, 0x0F, 0xF8, 0x03, 0xCF, 0x00, 0x78, 0xF0,
    0x1E, 0x1E, 0x03, 0xC1, 0xE0, 0xF0, 0x3C, 0x3C, 0x03, 0xC7, 0x80, 0x7D, 0xE0, 0x07, 0xBC, 0x00,
    0x7F, 0x00, 0x0F, 0xC0, 0x00, 0xF8, 0x00, 0x1E, 0x00, 0x03, 0xC0, 0x00, 0x78, 0x00, 0x0F, 0x00,
    0x01, 0xE0, 0x00, 0x3C, 0x00, 0x07, 0x80, 0x00, 0xF0, 0x00, 0x1E, 0x00, 0x0F, 0x18, 0x3F, 0xF0,
    0xFF, 0xC0, 0xC7, 0x00, 0x00, 0x00, 0x00, 0x1C, 0x03, 0xF8, 0x0F, 0x70, 0x1E, 0xF0, 0x3D, 0xE0,
    0x71, 0xC1, 0xE3, 0xC3, 0xC7, 0x87, 0x07, 0x0E, 0x0F, 0x3C, 0x1E, 0x78, 0x1E, 0xE0, 0x3F, 0xC0,
    0x3F, 0x00, 0x7E, 0x00, 0x7C, 0x00, 0xF0, 0x01, 0xE0, 0x03, 0x80, 0x0F, 0x03, 0xFC, 0x07, 0xF0,
    0x0F, 0xC0, 0x00, 0xFF, 0xFF, 0xFF, 0xFF, 0xFF, 0xFC, 0x42, 0x66, 0x7E, 0x3C, 0x3C, 0x7E, 0x5A,
    0x18, 0x18, 0x18, 0x18, 0x18, 0x18, 0x18, 0x18, 0x18, 0x18, 0x18, 0x18, 0x18, 0x18, 0x18, 0x18,
    0x08, 0x1C, 0x0E, 0xFF, 0xFE, 0xCC, 0xD8, 0xC0, 0xC0, 0xC0, 0xC0, 0xC0, 0xC0, 0xC0, 0xC0, 0xC0,
    0xC0, 0xC0, 0xC0, 0xC0, 0xC0, 0xC0, 0xC0, 0x10, 0x38, 0x60, 0xFF, 0x7F, 0x33, 0x1B, 0x03, 0x03,
    0x03, 0x03, 0x03, 0x03, 0x03, 0x03, 0x03, 0x03, 0x03, 0x03, 0x03, 0x03, 0x03, 0x03, 0x7F, 0xFF,
    0xFF, 0xFF, 0xFF, 0xFF, 0x7F, 0xFF, 0xBF, 0xFF, 0xC0, 0x7F, 0xFF, 0xFF, 0xFF, 0x7F, 0xFF, 0xFF,
    0xFF, 0x7F, 0xFF, 0xFF, 0xFF, 0x7F, 0xFF, 0xFF, 0xFF, 0x38, 0xE3, 0x9E, 0x79, 0xC7, 0x3C, 0x7B,
    0xDE, 0xEF, 0x73, 0x80, 0x7B, 0xDE, 0xE7, 0x7B, 0x9C, 0x38, 0xE7, 0x1C, 0xE7, 0xBC, 0xE7, 0xBC,
    0xE7, 0x9C, 0xF7, 0x9E, 0x79, 0xCF, 0x39, 0xEF, 0x39, 0xEF, 0x3D, 0xC7, 0x38, 0xE0, 0x79, 0xCF,
    0x39, 0xE7, 0x39, 0xE7, 0x3D, 0xE7, 0x38, 0xE7, 0x1C, 0x07, 0x00, 0x38, 0x01, 0xC0, 0x0E, 0x00,
    0x70, 0x03, 0x80, 0x1C, 0x1F, 0xFF, 0xFF, 0xF8, 0x38, 0x01, 0xC0, 0x0E, 0x00, 0x70, 0x03, 0x80,
    0x1C, 0x00, 0xE0, 0x07, 0x00, 0x38, 0x01, 0xC0, 0x0E, 0x00, 0x70, 0x03, 0x80, 0x1C, 0x00, 0xE0,
    0x07, 0x00, 0x38, 0x00, 0x07, 0x00, 0x38, 0x01, 0xC0, 0x0E, 0x00, 0x70, 0x03, 0x80, 0x1C, 0x1F,
    0xFF, 0xFF, 0xF8, 0x38, 0x01, 0xC0, 0x0E, 0x00, 0x70, 0x03, 0x80, 0x1C, 0x1F, 0xFF, 0xFF, 0xF8,
    0x38, 0x01, 0xC0, 0x0E, 0x00, 0x70, 0x03, 0x80, 0x1C, 0x00, 0xE0, 0x07, 0x00, 0x38, 0x00, 0x3E,
    0x3F, 0x9F, 0xFF, 0xFF, 0xFB, 0xFD, 0xFC, 0x7C, 0xF0, 0x1C, 0x07, 0xF8, 0x1F, 0x07, 0xFC, 0x0F,
    0x83, 0xFE, 0x03, 0x80, 0xF0, 0x1F, 0x00, 0xF0, 0x00, 0x07, 0xF8, 0x0E, 0x00, 0x00, 0x7B, 0xC1,
    0xE0, 0x00, 0x0F, 0x1C, 0x1C, 0x00, 0x00, 0xE1, 0xE3, 0xC0, 0x00, 0x0E, 0x0E, 0x78, 0x00, 0x00,
    0xE1, 0xE7, 0x00, 0x00, 0x0F, 0x1C, 0xF0, 0x00, 0x00, 0x7B, 0xCE, 0x00, 0x00, 0x07, 0xF9, 0xE0,
    0x00, 0x00, 0x1F, 0x3C, 0xFC, 0x0F, 0x80, 0x03, 0xDF, 0xE1, 0xFE, 0x00, 0x7B, 0xEF, 0x3D, 0xE0,
    0x07, 0x38, 0x73, 0x8F, 0x00, 0xF3, 0x87, 0x78, 0x70, 0x0E, 0x38, 0x77, 0x07, 0x01, 0xE3, 0x87,
    0x78, 0x70, 0x3C, 0x38, 0x73, 0x8F, 0x03, 0xC3, 0xEF, 0x3D, 0xE0, 0x78, 0x1F, 0xE1, 0xFE, 0x07,
    0x00, 0xFC, 0x0F, 0x80, 0x06, 0x0F, 0x1E, 0x1E, 0x3C, 0x78, 0x78, 0x78, 0x3C, 0x1E, 0x1E, 0x0F,
    0x06, 0x60, 0xF0, 0x78, 0x78, 0x3C, 0x1E, 0x1E, 0x1E, 0x3C, 0x78, 0x78, 0xF0, 0x60, 0x00, 0x0F,
    0x00, 0x0E, 0x00, 0x1E, 0x00, 0x1C, 0x00, 0x38, 0x00, 0x78, 0x00, 0x70, 0x00, 0xF0, 0x00, 0xE0,
    0x01, 0xE0, 0x03, 0xC0, 0x03, 0x80, 0x07, 0x80, 0x07, 0x00, 0x0F, 0x00, 0x0E, 0x00, 0x1E, 0x00,
    0x3C, 0x00, 0x38, 0x00, 0x78, 0x00, 0x70, 0x00, 0x73, 0xCF, 0x3C, 0x60, 0x00, 0x00, 0xF3, 0xC7,
    0x1E, 0x78, 0xE3, 0x87, 0x18, 0x1F, 0x07, 0xF1, 0xEF, 0x38, 0xE7, 0x1C, 0xE3, 0xDC, 0x7B, 0x8E,
    0x71, 0xCF, 0x78, 0xFE, 0x0F, 0x80, 0x03, 0x80, 0xF0, 0x3E, 0x0F, 0xC3, 0xF8, 0x77, 0x1C, 0xE7,
    0xFF, 0xFF, 0xE0, 0x70, 0x0E, 0x01, 0xC0, 0x7F, 0xBF, 0xDC, 0x0E, 0x07, 0xE3, 0xF8, 0x7E, 0x07,
    0x03, 0xF3, 0xFF, 0xDF, 0xC0, 0x0F, 0x8F, 0xE7, 0xE1, 0xC0, 0xFF, 0x3F, 0xEE, 0x3B, 0x87, 0xE3,
    0xBD, 0xE7, 0xF8, 0xFC, 0xFF, 0xBF, 0xE0, 0x78, 0x1C, 0x0E, 0x03, 0x81, 0xC0, 0x70, 0x38, 0x0E,
    0x03, 0x80, 0xE0, 0x1F, 0x87, 0xF9, 0xEF, 0x38, 0xE7, 0xBC, 0x7F, 0x0F, 0xF3, 0x9E, 0x71, 0xCF,
    0x39, 0xFF, 0x1F, 0xC0, 0x3F, 0x0F, 0xF1, 0xEF, 0x38, 0xE7, 0x1C, 0xF3, 0x9F, 0xF1, 0xFE, 0x03,
    0xC3, 0xF1, 0xFC, 0x3E, 0x00, 0x1F, 0x07, 0xF1, 0xEF, 0x38, 0xE7, 0x1C, 0xE3, 0xDC, 0x7B, 0x8E,
    0x71, 0xCF, 0x78, 0xFE, 0x0F, 0x80, 0x1E, 0xFF, 0xFB, 0x70, 0xE1, 0xC3, 0x87, 0x0E, 0x1C, 0x38,
    0x70, 0x3F, 0x1F, 0xE7, 0x38, 0x0F, 0x03, 0x81, 0xE0, 0xF0, 0x78, 0x3C, 0x0E, 0x07, 0xFD, 0xFF,
    0x7F, 0x1F, 0xE7, 0x38, 0x1E, 0x1F, 0x07, 0xE0, 0x7C, 0x07, 0x01, 0xD8, 0xF7, 0xF9, 0xFC, 0x03,
    0x80, 0xF0, 0x3E, 0x0F, 0xC3, 0xF8, 0x77, 0x1C, 0xE7, 0xFF, 0xFF, 0xE0, 0x70, 0x0E, 0x01, 0xC0,
    0x7F, 0xBF, 0xDC, 0x0E, 0x07, 0xE3, 0xF8, 0x7E, 0x07, 0x03, 0xF3, 0xFF, 0xDF, 0xC0, 0x0F, 0x8F,
    0xE7, 0xE1, 0xC0, 0xFF, 0x3F, 0xEE, 0x3B, 0x87, 0xE3, 0xBD, 0xE7, 0xF8, 0xFC, 0xFF, 0xBF, 0xE0,
    0x78, 0x1C, 0x0E, 0x03, 0x81, 0xC0, 0x70, 0x38, 0x0E, 0x03, 0x80, 0xE0, 0x1F, 0x87, 0xF9, 0xEF,
    0x38, 0xE7, 0xBC, 0x7F, 0x0F, 0xF3, 0x9E, 0x71, 0xCF, 0x39, 0xFF, 0x1F, 0xC0, 0x3F, 0x0F, 0xF1,
    0xEF, 0x38, 0xE7, 0x1C, 0xF3, 0x9F, 0xF1, 0xFE, 0x03, 0xC3, 0xF1, 0xFC, 0x3E, 0x00, 0xFF, 0xE0,
    0x77, 0xFF, 0xC3, 0xFF, 0xFF, 0x1F, 0xE0, 0x78, 0xFF, 0x01, 0xC7, 0xF8, 0x06, 0x3F, 0xCE, 0x31,
    0xFE, 0x71, 0xCF, 0xF3, 0x8E, 0x7F, 0x9C, 0x73, 0xFC, 0xE3, 0x9F, 0xE7, 0x1C, 0xFF, 0x38, 0xE7,
    0xF9, 0xC6, 0x3F, 0xCE, 0x01, 0xDE, 0x70, 0x1E, 0xF3, 0xFF, 0xF7, 0x9F, 0xFF, 0x3C, 0xFF, 0xF0,
    0x01, 0xFF, 0x01, 0xFF, 0x81, 0xF1, 0x81, 0xE0, 0x00, 0xE0, 0x00, 0xF0, 0x00, 0x78, 0x01, 0xFF,
    0xF8, 0xFF, 0xF8, 0x0E, 0x00, 0x07, 0x00, 0x03, 0x80, 0x0F, 0xFF, 0x87, 0xFF, 0x80, 0x78, 0x00,
    0x3C, 0x00, 0x0E, 0x00, 0x07, 0x80, 0x01, 0xF1, 0xC0, 0x7F, 0xE0, 0x1F, 0xF0, 0xFF, 0xFF, 0xFF,
    0xFF, 0xFF, 0xFF, 0x03, 0xC0, 0x03, 0xC0, 0x03, 0xC8, 0x03, 0xFC, 0x03, 0xF8, 0x07, 0xE0, 0x1F,
    0xC0, 0x3F, 0xC0, 0x33, 0xC8, 0x03, 0xFC, 0x03, 0xF8, 0x07, 0xE0, 0x1F, 0xC0, 0x3F, 0xC0, 0x33,
    0xC0, 0x03, 0xC0, 0x03, 0xC0, 0x03, 0xC0, 0x3F, 0xF0, 0x3F, 0xF8, 0x3F, 0xFC, 0x1C, 0x7C, 0x00,
    0x1C, 0x00, 0x1C, 0xFF, 0xFF, 0xFF, 0xFF, 0x01, 0xF0, 0x07, 0xE0, 0x1F, 0x80, 0xFF, 0xFF, 0xFF,
    0xFF, 0x78, 0x00, 0x78, 0x00, 0x78, 0x00, 0x78, 0x00, 0x7E, 0x3C, 0x3F, 0xFE, 0x1F, 0xFE, 0x0F,
    0xFC, 0xFF, 0xFE, 0xFF, 0xFE, 0xFF, 0xFE, 0x03, 0xE0, 0x00, 0xF0, 0xFF, 0xFC, 0xFF, 0xFC, 0xFF,
    0xFC, 0x00, 0xF0, 0x07, 0xF0, 0xFF, 0xE0, 0xFF, 0xC0, 0xFF, 0x00, 0xF8, 0x00, 0x7C, 0x00, 0x3E,
    0x00, 0x1F, 0x00, 0x0F, 0x80, 0x07, 0xC0, 0x03, 0xC0, 0x01, 0xE0, 0x3F, 0xE0, 0x3F, 0xF0, 0x39,
    0xF8, 0x00, 0x3C, 0x00, 0x1E, 0x00, 0x1E, 0x00, 0x0E, 0x00, 0x0F, 0x0F, 0xFF, 0x1F, 0xFF, 0x3E,
    0x3F, 0x78, 0x0F, 0x70, 0x0F, 0xF0, 0x0F, 0xF0, 0x0F, 0xF0, 0x0E, 0xF0, 0x1E, 0xF0, 0x1E, 0xF0,
    0x1C, 0x70, 0x3C, 0x7C, 0xF8, 0x3F, 0xF0, 0x1F, 0xE0, 0x00, 0xF0, 0x00, 0x0F, 0x80, 0x01, 0xF8,
    0x00, 0x1F, 0x80, 0x03, 0xFC, 0x00, 0x39, 0xC0, 0x07, 0x9E, 0x00, 0x70, 0xE0, 0x0F, 0x0F, 0x00,
    0xF0, 0xF0, 0x0E, 0x07, 0x81, 0xE0, 0x78, 0x1C, 0x03, 0x83, 0xC0, 0x3C, 0x3C, 0x03, 0xC3, 0x80,
    0x1C, 0x78, 0x01, 0xE7, 0x80, 0x1E, 0x7F, 0xFF, 0xEF, 0xFF, 0xFF, 0xFF, 0xFF, 0xF0, 0xFF, 0xFF,
    0xFF, 0xFF, 0xFC, 0x00, 0xFE, 0x00, 0x7F, 0x00, 0x3F, 0x80, 0x1F, 0xC0, 0x0F, 0xE0, 0x07, 0xF0,
    0x03, 0xF8, 0x01, 0xFC, 0x00, 0xFE, 0x00, 0x7F, 0x00, 0x3F, 0x80, 0x1F, 0xC0, 0x0F, 0xE0, 0x07,
    0xF0, 0x03, 0xF8, 0x01, 0xFC, 0x00, 0xFE, 0x00, 0x7F, 0x00, 0x3F, 0x80, 0x1F, 0xC0, 0x0F, 0xE0,
    0x07, 0xFF, 0xFF, 0xFF, 0xFF, 0x78, 0x00, 0x3C, 0x00, 0x3E, 0x00, 0x1E, 0x00, 0x0F, 0x00, 0x0F,
    0x80, 0x07, 0x80, 0x03, 0xC0, 0x01, 0xE0, 0x01, 0xE0, 0x01, 0xE0, 0x03, 0xC0, 0x07, 0x80, 0x0F,
    0x80, 0x0F, 0x00, 0x1E, 0x00, 0x3E, 0x00, 0x3C, 0x00, 0x78, 0x00, 0x78, 0x00, 0xFF, 0xFF, 0xFF,
    0xFF, 0xFF, 0xFF, 0xFF, 0xFC, 0x00, 0x0F, 0x00, 0x0E, 0x00, 0x1E, 0x00, 0x1C, 0x00, 0x38, 0x00,
    0x78, 0x00, 0x70, 0x00, 0xF0, 0x00, 0xE0, 0x01, 0xE0, 0x03, 0xC0, 0x03, 0x80, 0x07, 0x80, 0x07,
    0x00, 0x0F, 0x00, 0x0E, 0x00, 0x1E, 0x00, 0x3C, 0x00, 0x38, 0x00, 0x78, 0x00, 0x70, 0x00, 0x7F,
    0xFE, 0xF0, 0x00, 0x01, 0xC0, 0x00, 0x70, 0x00, 0x38, 0x00, 0x0E, 0x00, 0x03, 0x80, 0x01, 0xE0,
    0x00, 0x70, 0x00, 0x1C, 0x00, 0x0F, 0x00, 0x03, 0x80, 0x00, 0xE0, 0x00, 0x38, 0x1C, 0x1E, 0x1F,
    0x07, 0x0F, 0xE1, 0xC3, 0xF8, 0xF0, 0x4F, 0x38, 0x03, 0xCE, 0x00, 0x7B, 0x80, 0x1F, 0xC0, 0x03,
    0xF0, 0x00, 0xFC, 0x00, 0x1F, 0x00, 0x07, 0x80, 0x00, 0xE0, 0x00, 0x1F, 0x3F, 0x1F, 0xFF, 0xE7,
    0xBF, 0x79, 0xC7, 0x8F, 0x70, 0xE1, 0xDC, 0x78, 0xF7, 0xBF, 0x79, 0xFF, 0xFE, 0x1F, 0x3F, 0x00,
    0x01, 0xF0, 0x3F, 0x07, 0xF0, 0xFC, 0x0F, 0x00, 0xF0, 0x0F, 0x00, 0xF0, 0x0F, 0x00, 0xF0, 0x0F,
    0x00, 0xF0, 0x0F, 0x00, 0xF0, 0x0F, 0x00, 0xF0, 0x0F, 0x00, 0xF0, 0x0F, 0x00, 0xF0, 0x0F, 0x00,
    0xF0, 0x0F, 0x00, 0xF0, 0x0E, 0x00, 0xE0, 0x1E, 0x03, 0xE0, 0xFC, 0x0F, 0x80, 0x3E, 0x06, 0x7F,
    0x8E, 0x77, 0xDE, 0xE1, 0xFC, 0xE0, 0xF8, 0x00, 0x00, 0x3E, 0x06, 0x7F, 0x8E, 0x77, 0xDE, 0xE1,
    0xFC, 0xE0, 0xF8, 0x00, 0x30, 0x00, 0x70, 0x01, 0xE0, 0x03, 0x8F, 0xFF, 0xFF, 0xFF, 0xC0, 0x70,
    0x01, 0xE0, 0x03, 0x80, 0x0F, 0x03, 0xFF, 0xFF, 0xFF, 0xF1, 0xE0, 0x03, 0x80, 0x0F, 0x00, 0x0C,
    0x00, 0x00, 0x0E, 0x00, 0x7C, 0x07, 0xF0, 0x3F, 0x81, 0xF8, 0x0F, 0xC0, 0x3E, 0x00, 0x3F, 0x00,
    0x1F, 0x80, 0x0F, 0xE0, 0x07, 0xF0, 0x01, 0xF0, 0x00, 0xE0, 0x00, 0x00, 0x00, 0x00, 0x00, 0xFF,
    0xFF, 0xFF, 0xFC, 0x70, 0x01, 0xF8, 0x01, 0xFC, 0x00, 0x7F, 0x00, 0x3F, 0x80, 0x1F, 0xC0, 0x07,
    0x80, 0x7F, 0x03, 0xF8, 0x1F, 0xC1, 0xFC, 0x07, 0xE0, 0x07, 0x00, 0x00, 0x00, 0x00, 0x00, 0x00,
    0x00, 0xFF, 0xFF, 0xFF, 0xFC, 0x1F, 0xC1, 0xFE, 0x7F, 0x87, 0xF9, 0xF3, 0x1F, 0x33, 0x80, 0x3C,
    0x0F, 0x00, 0xF0, 0x1E, 0x01, 0xE0, 0x3C, 0x03, 0xC0, 0x78, 0x07, 0x80, 0xFF, 0xCF, 0xFD, 0xFF,
    0x9F, 0xFB, 0xC0, 0x3C, 0x07, 0x80, 0x78, 0x0F, 0x00, 0xF0, 0x1E, 0x01, 0xE0, 0x3C, 0x03, 0xC0,
    0x78, 0x07, 0x80, 0xF0, 0x0F, 0x01, 0xE0, 0x1E, 0x03, 0xC0, 0x3C, 0x07, 0x80, 0x78, 0x0F, 0x00,
    0xF0, 0x1E, 0x01, 0xE0, 0x3C, 0x03, 0xC0, 0x78, 0x07, 0x80, 0x1F, 0xC0, 0x3F, 0xCF, 0x7C, 0xCF,
    0x70, 0x00, 0xF0, 0x00, 0xF0, 0x00, 0xF0, 0x00, 0xF0, 0x00, 0xFF, 0xCF, 0xFF, 0xCF, 0xF0, 0x0F,
    0xF0, 0x0F, 0xF0, 0x0F, 0xF0, 0x0F, 0xF0, 0x0F, 0xF0, 0x0F, 0xF0, 0x0F, 0xF0, 0x0F, 0xF0, 0x0F,
    0xF0, 0x0F, 0xF0, 0x0F, 0xF0, 0x0F, 0xF0, 0x0F, 0xF0, 0x0F, 0x1F, 0xCF, 0x0F, 0xF3, 0xC7, 0xCC,
    0xF1, 0xC0, 0x3C, 0xF0, 0x0F, 0x3C, 0x03, 0xCF, 0x00, 0xF3, 0xC0, 0x3C, 0xFF, 0xCF, 0x3F, 0xF3,
    0xCF, 0x00, 0xF3, 0xC0, 0x3C, 0xF0, 0x0F, 0x3C, 0x03, 0xCF, 0x00, 0xF3, 0xC0, 0x3C, 0xF0, 0x0F,
    0x3C, 0x03, 0xCF, 0x00, 0xF3, 0xC0, 0x3C, 0xF0, 0x0F, 0x3C, 0x03, 0xEF, 0x00, 0x7F, 0xC0, 0x0F,
    0x1F, 0xC1, 0xFC, 0x03, 0xFC, 0x3F, 0xCF, 0x7C, 0xC7, 0xCC, 0xF7, 0x00, 0x78, 0x00, 0xF0, 0x0F,
    0x00, 0x0F, 0x00, 0xF0, 0x00, 0xF0, 0x0F, 0x00, 0x0F, 0x00, 0xF0, 0x00, 0xFF, 0xCF, 0xFC, 0xFF,
    0xFC, 0xFF, 0xCF, 0xF0, 0x0F, 0x00, 0xFF, 0x00, 0xF0, 0x0F, 0xF0, 0x0F, 0x00, 0xFF, 0x00, 0xF0,
    0x0F, 0xF0, 0x0F, 0x00, 0xFF, 0x00, 0xF0, 0x0F, 0xF0, 0x0F, 0x00, 0xFF, 0x00, 0xF0, 0x0F, 0xF0,
    0x0F, 0x00, 0xFF, 0x00, 0xF0, 0x0F, 0xF0, 0x0F, 0x00, 0xFF, 0x00, 0xF0, 0x0F, 0xF0, 0x0F, 0x00,
    0xFF, 0x00, 0xF0, 0x0F, 0x1F, 0xC1, 0xFC, 0xF0, 0xFF, 0x0F, 0xF3, 0xC7, 0xCC, 0x7C, 0xCF, 0x1C,
    0x01, 0xE0, 0x3C, 0xF0, 0x0F, 0x00, 0xF3, 0xC0, 0x3C, 0x03, 0xCF, 0x00, 0xF0, 0x0F, 0x3C, 0x03,
    0xC0, 0x3C, 0xFF, 0xCF, 0xFC, 0xF3, 0xFF, 0x3F, 0xF3, 0xCF, 0x00, 0xF0, 0x0F, 0x3C, 0x03, 0xC0,
    0x3C, 0xF0, 0x0F, 0x00, 0xF3, 0xC0, 0x3C, 0x03, 0xCF, 0x00, 0xF0, 0x0F, 0x3C, 0x03, 0xC0, 0x3C,
    0xF0, 0x0F, 0x00, 0xF3, 0xC0, 0x3C, 0x03, 0xCF, 0x00, 0xF0, 0x0F, 0x3C, 0x03, 0xC0, 0x3C, 0xF0,
    0x0F, 0x00, 0xF3, 0xC0, 0x3C, 0x01, 0xEF, 0x00, 0xF0, 0x07, 0xFC, 0x03, 0xC0, 0x0F, 0x00, 0x00,
    0x00, 0x30, 0x00, 0x00, 0x01, 0xE7, 0x00, 0x00, 0x03, 0x9C, 0x00, 0x00, 0x0E, 0x70, 0x00, 0x00,
    0x3D, 0xC0, 0x00, 0x00, 0xF7, 0x00, 0x00, 0x01, 0xDC, 0x00, 0x00, 0x07, 0x70, 0x00, 0x00, 0x3D,
    0xE0, 0x00, 0x01, 0xE7, 0xF8, 0x00, 0xFF, 0x8F, 0xFF, 0xFF, 0xFC, 0x0F, 0xFF, 0xFF, 0xC0, 0x0F,
    0xFF, 0xF0, 0x00, 0x00, 0x00, 0x00, 0x00, 0x00, 0x00, 0x00, 0x00, 0x0C, 0x40, 0x00, 0x00, 0x7B,
    0x80, 0x00, 0x01, 0xFE, 0x00, 0x00, 0x03, 0x38, 0x00, 0x00, 0x03, 0x80, 0x00, 0x00, 0x1E, 0x00,
    0x00, 0x00, 0x78, 0x00, 0x00, 0x00, 0x40, 0x00, 0x70, 0x00, 0x00, 0x00, 0x07, 0x00, 0x00, 0x00,
    0x00, 0x70, 0x00, 0x00, 0x00, 0x07, 0x00, 0x00, 0x00, 0x80, 0x70, 0x00, 0x00, 0x1E, 0x07, 0x00,
    0x00, 0x03, 0xE0, 0x70, 0x00, 0x00, 0xFE, 0x07, 0x80, 0x00, 0x3F, 0xE0, 0x7F, 0x80, 0x7F, 0xEF,
    0xE3, 0xFF, 0xFF, 0xFC, 0xFF, 0x0F, 0xFF, 0xFE, 0x07, 0xF0, 0x3F, 0xFE, 0x00, 0x04, 0x00, 0x00,
    0x00, 0x00, 0x00, 0x00, 0x00, 0x00, 0x00, 0x00, 0x08, 0x80, 0x00, 0x00, 0x01, 0xDC, 0x00, 0x00,
    0x00, 0x3D, 0xC0, 0x00, 0x00, 0x01, 0xDC, 0x00, 0x00, 0x00, 0x07, 0x00, 0x00, 0x00, 0x00, 0x70,
    0x00, 0x00, 0x00, 0x07, 0x00, 0x00, 0x00, 0x00, 0x20, 0x00, 0x00, 0x02, 0x07, 0x83, 0xC0, 0xE0,
    0x70, 0x3C, 0x0E, 0x07, 0x03, 0x83, 0xDF, 0xCF, 0xE7, 0xC2, 0x00, 0x00, 0x44, 0x77, 0x3B, 0xDD,
    0xC3, 0x81, 0xC0, 0xE0, 0x20, 0x07, 0x00, 0x1C, 0x00, 0x70, 0x03, 0xC0, 0x0F, 0x00, 0x3C, 0x0F,
    0xFF, 0xBF, 0xFF, 0xF9, 0xFA, 0x00, 0xC0, 0x00, 0x04, 0x40, 0x3B, 0x80, 0xEF, 0x03, 0xB8, 0x03,
    0x80, 0x0E, 0x00, 0x38, 0x00, 0x40, 0x00, 0x00, 0x06, 0x00, 0x00, 0x00, 0x18, 0x00, 0x00, 0x00,
    0x60, 0x00, 0x00, 0x01, 0xF8, 0x00, 0x00, 0x07, 0xF0, 0x00, 0x00, 0x1C, 0xC0, 0x00, 0x01, 0xFF,
    0x00, 0x00, 0x07, 0xF8, 0x00, 0x00, 0x1F, 0xC0, 0x00, 0x00, 0x00, 0x00, 0xC0, 0x00, 0x00, 0x07,
    0x9C, 0x00, 0x00, 0x0E, 0x70, 0x00, 0x00, 0x39, 0xC0, 0x00, 0x00, 0xF7, 0x00, 0x00, 0x03, 0xDC,
    0x00, 0x00, 0x07, 0x70, 0x00, 0x00, 0x1D, 0xC0, 0x00, 0x00, 0xF7, 0x80, 0x00, 0x07, 0x9F, 0xE0,
    0x03, 0xFE, 0x3F, 0xFF, 0xFF, 0xF0, 0x3F, 0xFF, 0xFF, 0x00, 0x3F, 0xFF, 0xC0, 0x00, 0x00, 0x06,
    0x00, 0x00, 0x00, 0x00, 0x60, 0x00, 0x00, 0x00, 0x06, 0x00, 0x00, 0x00, 0x00, 0x7E, 0x00, 0x00,
    0x00, 0x07, 0xF0, 0x00, 0x00, 0x00, 0x73, 0x00, 0x00, 0x00, 0x1F, 0xF0, 0x00, 0x00, 0x01, 0xFE,
    0x00, 0x00, 0x00, 0x1F, 0xC0, 0x00, 0x00, 0x00, 0x00, 0x00, 0x00, 0x00, 0x00, 0x00, 0x00, 0x07,
    0x00, 0x00, 0x00, 0x00, 0x70, 0x00, 0x00, 0x00, 0x07, 0x00, 0x00, 0x00, 0x00, 0x70, 0x00, 0x00,
    0x08, 0x07, 0x00, 0x00, 0x01, 0xE0, 0x70, 0x00, 0x00, 0x3E, 0x07, 0x00, 0x00, 0x0F, 0xE0, 0x78,
    0x00, 0x03, 0xFE, 0x07, 0xF8, 0x07, 0xFE, 0xFE, 0x3F, 0xFF, 0xFF, 0xCF, 0xF0, 0xFF, 0xFF, 0xE0,
    0x7F, 0x03, 0xFF, 0xE0, 0x00, 0x40, 0x70, 0x38, 0x1C, 0x0F, 0xE7, 0xFB, 0xDF, 0xFF, 0xFE, 0xFE,
    0x00, 0x00, 0x00, 0x00, 0xC1, 0xE0, 0x70, 0x3C, 0x1E, 0x07, 0x03, 0x81, 0xC0, 0xE0, 0x73, 0xF9,
    0xF8, 0xF8, 0x40, 0x00, 0x0C, 0x00, 0x70, 0x00, 0xC0, 0x03, 0xF0, 0x0F, 0xE0, 0x3B, 0x83, 0xFE,
    0x0F, 0xF0, 0x3F, 0x80, 0x00, 0x00, 0x00, 0x00, 0x00, 0x07, 0x00, 0x1C, 0x00, 0x70, 0x03, 0xC0,
    0x0F, 0x00, 0x3C, 0x0F, 0xFF, 0xBF, 0xFF, 0xF9, 0xFA, 0x00, 0xC0, 0x7F, 0xC0, 0x07, 0xFF, 0x80,
    0x7F, 0xFF, 0xE0, 0x07, 0xFE, 0x00, 0x3F, 0xE0, 0x0F, 0xFC, 0x03, 0xF8, 0x00, 0x7C, 0x00, 0x0F,
    0x80, 0x01, 0xE0, 0x00, 0x3C, 0x00, 0x07, 0x88, 0xC0, 0x71, 0xFE, 0x07, 0x1F, 0xE0, 0xF1, 0xCE,
    0x0E, 0x03, 0x00, 0xE0, 0x78, 0x0E, 0x07, 0x80, 0xF0, 0x30, 0x0F, 0x00, 0x00, 0x78, 0x00, 0x07,
    0xE0, 0x06, 0x3F, 0xFF, 0xE0, 0xFF, 0xFF, 0x03, 0xFF, 0xC0, 0x07, 0xC0, 0x7F, 0xC0, 0x00, 0x3F,
    0xFC, 0x00, 0x1F, 0xFF, 0xF8, 0x00, 0x0F, 0xFC, 0x00, 0x03, 0xFE, 0x00, 0x07, 0xFE, 0x00, 0x0F,
    0xEE, 0x00, 0x0F, 0x87, 0x80, 0x0F, 0x81, 0xC0, 0x0F, 0x00, 0xF0, 0x0F, 0x00, 0x7F, 0xCF, 0x11,
    0x9F, 0xE7, 0x1F, 0xE7, 0xF3, 0x8F, 0xF0, 0x33, 0xC7, 0x38, 0x01, 0xC0, 0x60, 0x00, 0xE0, 0x78,
    0x00, 0x70, 0x3C, 0x00, 0x3C, 0x0C, 0x00, 0x1E, 0x00, 0x00, 0x07, 0x80, 0x00, 0x03, 0xF0, 0x03,
    0x00, 0xFF, 0xFF, 0x80, 0x1F, 0xFF, 0xE0, 0x03, 0xFF, 0xC0, 0x00, 0x3E, 0x00, 0x00, 0x3F, 0xC0,
    0x0F, 0xFC, 0x03, 0xFF, 0x80, 0x01, 0xFE, 0x00, 0x1F, 0x80, 0x07, 0xE0, 0x0F, 0xF0, 0x0F, 0xE0,
    0xFF, 0xE0, 0x3F, 0xE0, 0x0F, 0xE0, 0x02, 0x00, 0x00, 0x00, 0x00, 0x00, 0x88, 0x00, 0x77, 0x80,
    0x1D, 0xE0, 0x07, 0x70, 0x00, 0x70, 0x00, 0x1E, 0x00, 0x07, 0x00, 0x00, 0x80, 0x00, 0x3F, 0xC0,
    0x00, 0xFF, 0xC0, 0x03, 0xFF, 0x80, 0x00, 0x1F, 0xE0, 0x00, 0x1F, 0x80, 0x00, 0x7E, 0x00, 0x0F,
    0xF0, 0x00, 0xFF, 0xE0, 0xFF, 0xE7, 0xFB, 0xFE, 0x0F, 0xFF, 0xE0, 0x1F, 0xE0, 0x00, 0x04, 0x00,
    0x00, 0x00, 0x18, 0x80, 0x00, 0xF7, 0x00, 0x03, 0xFC, 0x00, 0x06, 0x70, 0x00, 0x07, 0x00, 0x00,
    0x3C, 0x00, 0x00, 0xF0, 0x00, 0x01, 0x80, 0x00, 0x18, 0x00, 0xE0, 0x07, 0x00, 0x3F, 0x81, 0xFE,
    0x0E, 0x70, 0xFF, 0x07, 0xF8, 0x3F, 0x00, 0x00, 0x00, 0x00, 0x00, 0x00, 0x18, 0x01, 0xC0, 0x0F,
    0x00, 0x3C, 0x01, 0xE0, 0x07, 0x80, 0x3C, 0x00, 0xE0, 0x07, 0x80, 0x1C, 0x00, 0xE8, 0x0F, 0xFF,
    0xF7, 0xFF, 0x9F, 0xF0, 0x0C, 0x00, 0x1C, 0x00, 0x07, 0x00, 0x01, 0xC0, 0x00, 0x7F, 0x00, 0x1F,
    0xE0, 0x07, 0xB8, 0x03, 0xFE, 0x00, 0xFF, 0x00, 0x3F, 0x00, 0x00, 0x00, 0x00, 0x00, 0x00, 0x00,
    0x00, 0x01, 0x80, 0x00, 0xE0, 0x00, 0x3C, 0x00, 0x07, 0x00, 0x01, 0xE0, 0x00, 0x38, 0x00, 0x0F,
    0x00, 0x01, 0xC0, 0x00, 0x78, 0x00, 0x0E, 0x00, 0x03, 0x81, 0x01, 0xF0, 0xFF, 0xFF, 0xBF, 0xFF,
    0xE7, 0xFC, 0xF8, 0x18, 0x04, 0x02, 0x00, 0xE0, 0x1C, 0x03, 0x81, 0xDC, 0x3B, 0xC7, 0x70, 0x44,
    0x00, 0x00, 0x00, 0x00, 0x00, 0xC0, 0x38, 0x07, 0x80, 0x70, 0x0E, 0x01, 0xE0, 0x1C, 0x03, 0x80,
    0x70, 0x1E, 0x03, 0x80, 0xF0, 0x1C, 0x0F, 0x83, 0xE3, 0xF8, 0x7E, 0x0F, 0x00, 0x00, 0x00, 0x02,
    0x00, 0x1E, 0x00, 0x3C, 0x00, 0x38, 0x01, 0x9C, 0x07, 0xF8, 0x0F, 0x70, 0x0C, 0x40, 0x00, 0x00,
    0x00, 0x00, 0x00, 0x00, 0x0C, 0x00, 0x38, 0x00, 0x78, 0x00, 0x70, 0x00, 0xE0, 0x01, 0xE0, 0x01,
    0xC0, 0x03, 0xC0, 0x07, 0xF0, 0x1F, 0xE0, 0x3F, 0xC0, 0xF1, 0x01, 0xC0, 0x0F, 0x80, 0x3E, 0x03,
    0xF8, 0x07, 0xE0, 0x0F, 0x00, 0x00, 0x00, 0x00, 0x0C, 0x00, 0xC0, 0x0C, 0x00, 0xFE, 0x0F, 0xE0,
    0xE6, 0x1F, 0xE3, 0xFE, 0x1F, 0x80, 0x00, 0x00, 0x00, 0x00, 0x00, 0x00, 0x18, 0x03, 0x80, 0x3C,
    0x01, 0xC0, 0x1C, 0x01, 0xE0, 0x0E, 0x00, 0xE0, 0x0E, 0x01, 0xE0, 0x1C, 0x03, 0xC0, 0x38, 0x0F,
    0x81, 0xF0, 0xFE, 0x0F, 0xC0, 0xF0, 0x00, 0x00, 0x0C, 0x00, 0x38, 0x00, 0x70, 0x00, 0xFE, 0x00,
    0xFE, 0x03, 0xDC, 0x0F, 0xF8, 0x1F, 0xE0, 0x3F, 0x80, 0x00, 0x00, 0x00, 0x00, 0x00, 0x00, 0x00,
    0x00, 0x30, 0x00, 0xE0, 0x01, 0xE0, 0x01, 0xC0, 0x03, 0x80, 0x07, 0x80, 0x07, 0x00, 0x0F, 0x00,
    0x1F, 0xC0, 0x7F, 0x80, 0xFF, 0x03, 0xC4, 0x07, 0x00, 0x3E, 0x00, 0xF8, 0x0F, 0xE0, 0x1F, 0x80,
    0x3C, 0x00, 0x00, 0x00, 0x00, 0x00, 0x00, 0x00, 0x00, 0x00, 0x06, 0x00, 0x00, 0x01, 0xF0, 0x00,
    0x00, 0x7F, 0x00, 0x00, 0x1F, 0xC0, 0x00, 0x07, 0xF0, 0x00, 0x00, 0xFC, 0x00, 0x00, 0x1F, 0x00,
    0x00, 0x01, 0xE0, 0x00, 0x00, 0x1F, 0x00, 0x00, 0x00, 0xF8, 0x00, 0x00, 0x07, 0xC0, 0x70, 0x00,
    0x3E, 0x07, 0x00, 0x00, 0xF0, 0x70, 0x00, 0x07, 0x87, 0x00, 0x00, 0x78, 0x70, 0x00, 0x03, 0xC7,
    0x00, 0x00, 0x1C, 0x70, 0x00, 0x01, 0xC7, 0x80, 0x00, 0x3C, 0x7F, 0x80, 0x3F, 0x83, 0xFF, 0xFF,
    0xF8, 0x0F, 0xFF, 0xFE, 0x00, 0x3F, 0xFF, 0x00, 0x00, 0x00, 0x00, 0x00, 0x00, 0x00, 0x00, 0x30,
    0x00, 0x00, 0x00, 0x7C, 0x00, 0x00, 0x00, 0xFE, 0x00, 0x00, 0x01, 0xFC, 0x00, 0x00, 0x03, 0xF8,
    0x00, 0x00, 0x03, 0xF0, 0x00, 0x00, 0x03, 0xE0, 0x00, 0x00, 0x01, 0xE0, 0x00, 0x00, 0x00, 0xF0,
    0x00, 0x00, 0x00, 0x3E, 0x00, 0x00, 0x00, 0x0F, 0x80, 0x07, 0x00, 0x03, 0xE0, 0x03, 0x80, 0x00,
    0xF8, 0x01, 0xC0, 0x00, 0x3C, 0x00, 0xE0, 0x00, 0x0F, 0x00, 0x70, 0x00, 0x03, 0xC0, 0x38, 0x00,
    0x00, 0xE0, 0x1C, 0x00, 0x00, 0x78, 0x0F, 0x00, 0x00, 0x7E, 0x07, 0xF8, 0x03, 0xFF, 0xF1, 0xFF,
    0xFF, 0xFB, 0xF8, 0x3F, 0xFF, 0xF8, 0x7C, 0x07, 0xFF, 0xE0, 0x04, 0x00, 0x00, 0x00, 0xE0, 0x0F,
    0x80, 0xFE, 0x0F, 0xE0, 0x7E, 0x03, 0xE0, 0x1F, 0x00, 0x70, 0x01, 0xE0, 0x07, 0xC0, 0x07, 0x80,
    0x0F, 0x00, 0x1E, 0x00, 0x3C, 0x00, 0x78, 0x00, 0xE0, 0x03, 0x80, 0x0E, 0x00, 0x38, 0xFF, 0xE3,
    0xFF, 0x0F, 0xF8, 0x3C, 0x00, 0x00, 0x00, 0x00, 0x0E, 0x00, 0x0F, 0x80, 0x0F, 0xE0, 0x0F, 0xE0,
    0x07, 0xE0, 0x03, 0xE0, 0x01, 0xF0, 0x00, 0x70, 0x00, 0x1E, 0x00, 0x07, 0xC0, 0x00, 0xF8, 0x00,
    0x1F, 0x00, 0x01, 0xE0, 0x00, 0x3C, 0x00, 0x0F, 0x80, 0x01, 0xE0, 0x00, 0x3C, 0x00, 0x0F, 0x00,
    0x03, 0xE0, 0xFF, 0xFF, 0xBF, 0xF7, 0xFF, 0xF8, 0xFF, 0xC0, 0x04, 0x00, 0x00, 0x00, 0x80, 0x00,
    0x00, 0x3C, 0x00, 0x00, 0x0F, 0xC0, 0x00, 0x01, 0xF0, 0x00, 0x00, 0x7C, 0x60, 0x00, 0x1F, 0x9F,
    0x00, 0x03, 0xE7, 0xF0, 0x00, 0x19, 0xFC, 0x00, 0x00, 0x7F, 0x00, 0x00, 0x0F, 0xC0, 0x00, 0x01,
    0xF0, 0x00, 0x00, 0x1E, 0x00, 0x00, 0x01, 0xF0, 0x00, 0x00, 0x0F, 0x80, 0x00, 0x00, 0x7C, 0x07,
    0x00, 0x03, 0xE0, 0x70, 0x00, 0x0F, 0x07, 0x00, 0x00, 0x78, 0x70, 0x00, 0x07, 0x87, 0x00, 0x00,
    0x3C, 0x70, 0x00, 0x01, 0xC7, 0x00, 0x00, 0x1C, 0x78, 0x00, 0x03, 0xC7, 0xF8, 0x03, 0xF8, 0x3F,
    0xFF, 0xFF, 0x80, 0xFF, 0xFF, 0xE0, 0x03, 0xFF, 0xF0, 0x00, 0x00, 0x00, 0x00, 0x80, 0x00, 0x00,
    0x01, 0xE0, 0x00, 0x00, 0x03, 0xF0, 0x00, 0x00, 0x03, 0xE0, 0x00, 0x00, 0x07, 0xC6, 0x00, 0x00,
    0x0F, 0xCF, 0x80, 0x00, 0x0F, 0x9F, 0xC0, 0x00, 0x03, 0x3F, 0x80, 0x00, 0x00, 0x7F, 0x00, 0x00,
    0x00, 0x7E, 0x00, 0x00, 0x00, 0x7C, 0x00, 0x00, 0x00, 0x3C, 0x00, 0x00, 0x00, 0x1E, 0x00, 0x00,
    0x00, 0x07, 0xC0, 0x00, 0x00, 0x01, 0xF0, 0x00, 0xE0, 0x00, 0x7C, 0x00, 0x70, 0x00, 0x1F, 0x00,
    0x38, 0x00, 0x07, 0x80, 0x1C, 0x00, 0x01, 0xE0, 0x0E, 0x00, 0x00, 0x78, 0x07, 0x00, 0x00, 0x1C,
    0x03, 0x80, 0x00, 0x0F, 0x01, 0xE0, 0x00, 0x0F, 0xC0, 0xFF, 0x00, 0x7F, 0xFE, 0x3F, 0xFF, 0xFF,
    0x7F, 0x07, 0xFF, 0xFF, 0x0F, 0x80, 0xFF, 0xFC, 0x00, 0x80, 0x00, 0x60, 0x03, 0x80, 0x3E, 0x03,
    0xF0, 0x3F, 0x39, 0xF3, 0xEF, 0x3F, 0xBB, 0xF8, 0x1F, 0x80, 0xF8, 0x07, 0xC0, 0x1C, 0x00, 0x78,
    0x01, 0xF0, 0x01, 0xE0, 0x03, 0xC0, 0x07, 0x80, 0x0F, 0x00, 0x1E, 0x00, 0x38, 0x00, 0xE0, 0x03,
    0x80, 0x0E, 0x3F, 0xF8, 0xFF, 0xC3, 0xFE, 0x0F, 0x00, 0x00, 0x00, 0x60, 0x00, 0x38, 0x00, 0x3E,
    0x00, 0x3F, 0x00, 0x3F, 0x38, 0x1F, 0x3E, 0x0F, 0x3F, 0x83, 0xBF, 0x80, 0x1F, 0x80, 0x0F, 0x80,
    0x07, 0xC0, 0x01, 0xC0, 0x00, 0x78, 0x00, 0x1F, 0x00, 0x03, 0xE0, 0x00, 0x7C, 0x00, 0x07, 0x80,
    0x00, 0xF0, 0x00, 0x3E, 0x00, 0x07, 0x80, 0x00, 0xF0, 0x00, 0x3C, 0x00, 0x0F, 0x83, 0xFF, 0xFE,
    0xFF, 0xDF, 0xFF, 0xE3, 0xFF, 0x00, 0x10, 0x00, 0x00, 0xC0, 0x00, 0x1E, 0x00, 0x01, 0xE0, 0x00,
    0x0E, 0x20, 0x00, 0xF7, 0x80, 0x0F, 0x70, 0x00, 0x77, 0x00, 0x07, 0x70, 0x00, 0x77, 0x00, 0x07,
    0x70, 0x00, 0x77, 0x00, 0x0F, 0x78, 0x01, 0xE7, 0xC0, 0x3E, 0x3F, 0xFF, 0xC1, 0xFF, 0xF8, 0x07,
    0xFE, 0x00, 0x06, 0x00, 0x00, 0x00, 0xE0, 0x00, 0x00, 0x70, 0x00, 0x00, 0x38, 0x04, 0x00, 0x1E,
    0x07, 0x80, 0x0F, 0x03, 0x80, 0x03, 0xC1, 0xC0, 0x01, 0xFC, 0xE0, 0x00, 0xFF, 0x70, 0x00, 0x7F,
    0xB8, 0x00, 0x39, 0x1C, 0x00, 0x3C, 0x0F, 0x00, 0x1C, 0x07, 0xC0, 0x3E, 0x01, 0xFF, 0xFE, 0x00,
    0x7F, 0xFE, 0x00, 0x0F, 0xFE, 0x00, 0x00, 0xF0, 0x00, 0x00, 0x04, 0x00, 0xF0, 0x0F, 0x80, 0xFC,
    0x1F, 0xC3, 0xDE, 0x38, 0xE7, 0x07, 0x70, 0x77, 0x07, 0x70, 0x77, 0x0F, 0x7F, 0xE3, 0xFE, 0x1F,
    0xC0, 0x03, 0x00, 0x0F, 0xE0, 0x0F, 0xF0, 0x0F, 0xFC, 0x07, 0x0E, 0x07, 0x87, 0x03, 0x81, 0xC1,
    0xE0, 0xF0, 0x70, 0x3F, 0x38, 0x1F, 0xD8, 0x07, 0xE0, 0x00, 0x40, 0x0C, 0x78, 0x70, 0xF1, 0xE1,
    0xC3, 0x87, 0x0E, 0x1F, 0xFF, 0xEF, 0x90, 0x06, 0x1C, 0x38, 0x70, 0xE0, 0x1C, 0x00, 0x1C, 0x00,
    0xFC, 0x0E, 0xFC, 0x3F, 0xFC, 0x7E, 0x9C, 0xFC, 0x1C, 0xE0, 0x0E, 0xE0, 0x0F, 0xC0, 0x0F, 0xC0,
    0x07, 0xC0, 0x07, 0xC0, 0x03, 0x80, 0x01, 0x00, 0x00, 0xC0, 0x00, 0x0E, 0x00, 0x01, 0xF0, 0x00,
    0x0F, 0xC0, 0x01, 0xFE, 0x00, 0x3F, 0xF0, 0x03, 0x8F, 0x80, 0x70, 0xFC, 0x07, 0x0F, 0xE0, 0x70,
    0xFE, 0x07, 0x9E, 0xF0, 0x3F, 0xC7, 0x03, 0xFC, 0x77, 0xFF, 0xFF, 0xFF, 0xFF, 0xEF, 0xFF, 0xFE,
    0x1C, 0x03, 0x00, 0x00, 0x3E, 0x00, 0x03, 0xF8, 0x00, 0x3F, 0xC0, 0x03, 0xCE, 0x00, 0x1E, 0x78,
    0x00, 0xE3, 0xC0, 0x0F, 0x1C, 0x00, 0x70, 0xE0, 0x03, 0x8F, 0x00, 0x1D, 0xF0, 0x1F, 0xFF, 0xFD,
    0xFF, 0xFF, 0xFF, 0xFF, 0xFF, 0x87, 0xC1, 0xF0, 0x0E, 0x07, 0x00, 0x78, 0x38, 0x01, 0xE3, 0xC0,
    0x0F, 0xFE, 0x00, 0x3F, 0xE0, 0x00, 0x7E, 0x00, 0x06, 0x00, 0x03, 0x80, 0x03, 0xE0, 0x00, 0xFC,
    0x00, 0xFF, 0x00, 0xFF, 0xC0, 0xF3, 0xF0, 0x70, 0xFC, 0x38, 0x7F, 0x1C, 0x3F, 0x8F, 0x3D, 0xE3,
    0xFC, 0xF1, 0xFE, 0x3F, 0xFF, 0xFF, 0xFF, 0xFD, 0xFB, 0xFE, 0x80, 0x18, 0x00, 0x01, 0xF0, 0x00,
    0xFC, 0x00, 0x7F, 0x80, 0x3C, 0xE0, 0x0E, 0x38, 0x07, 0x8E, 0x01, 0xC3, 0x80, 0x71, 0xE0, 0x3C,
    0x70, 0x0F, 0x7C, 0x0F, 0xFF, 0xFB, 0xFF, 0xFF, 0xFF, 0xFF, 0xEF, 0x07, 0x41, 0xC0, 0xC0, 0x78,
    0x38, 0x1F, 0x1E, 0x03, 0xFF, 0x00, 0x7F, 0xC0, 0x07, 0xC0, 0x00, 0x00, 0x00, 0x00, 0x3C, 0x00,
    0x00, 0x07, 0xE0, 0x00, 0x00, 0x7F, 0x00, 0x00, 0x0F, 0xF0, 0x00, 0x01, 0xE7, 0x80, 0x00, 0x3C,
    0x38, 0x00, 0x07, 0xC3, 0x00, 0x00, 0xF8, 0x00, 0x00, 0x0E, 0x00, 0x00, 0x00, 0xE0, 0x00, 0x00,
    0x0F, 0x00, 0x00, 0x00, 0xFF, 0x80, 0x0F, 0xF7, 0xFF, 0xFF, 0xFE, 0x1F, 0xFF, 0xFF, 0xE0, 0x3F,
    0xFF, 0xE0, 0x00, 0x0F, 0xC0, 0x7F, 0xFC, 0x7F, 0xFF, 0xBF, 0xFF, 0xEF, 0xC0, 0x01, 0xC0, 0x00,
    0x38, 0x00, 0x07, 0x80, 0x00, 0xFE, 0x00, 0x07, 0xFF, 0xFC, 0x3F, 0xFF, 0x80, 0xFF, 0xF0, 0x0E,
    0x00, 0x00, 0x03, 0xE0, 0x00, 0x00, 0x3C, 0x00, 0x00, 0x03, 0x00, 0x00, 0x00, 0x39, 0x00, 0x00,
    0x03, 0xF0, 0x00, 0x00, 0x3F, 0x00, 0x00, 0x03, 0x80, 0x00, 0x00, 0x00, 0x00, 0x00, 0x00, 0x3C,
    0x00, 0x00, 0x07, 0xE0, 0x00, 0x00, 0x7F, 0x00, 0x00, 0x0F, 0xF0, 0x00, 0x01, 0xE7, 0x80, 0x00,
    0x3C, 0x38, 0x00, 0x07, 0xC3, 0x00, 0x00, 0xF8, 0x00, 0x00, 0x0E, 0x00, 0x00, 0x00, 0xE0, 0x00,
    0x00, 0x0F, 0x00, 0x00, 0x00, 0xFF, 0x80, 0x0F, 0xF7, 0xFF, 0xFF, 0xFE, 0x1F, 0xFF, 0xFF, 0xE0,
    0x3F, 0xFF, 0xE0, 0x07, 0x00, 0x03, 0xE0, 0x00, 0x7C, 0x00, 0x0C, 0x00, 0x01, 0xC8, 0x00, 0x3F,
    0x00, 0x07, 0xE0, 0x00, 0xE0, 0x00, 0x00, 0x0F, 0xC0, 0x7F, 0xFC, 0x7F, 0xFF, 0xBF, 0xFF, 0xEF,
    0xC0, 0x01, 0xC0, 0x00, 0x38, 0x00, 0x07, 0x80, 0x00, 0xFE, 0x00, 0x07, 0xFF, 0xFC, 0x3F, 0xFF,
    0x80, 0xFF, 0xF0, 0x00, 0x00, 0x00, 0x00, 0x00, 0xFE, 0x00, 0x01, 0xFE, 0x00, 0x03, 0xFE, 0x00,
    0x07, 0x80, 0x00, 0x0F, 0x00, 0x00, 0x0E, 0x00, 0x00, 0x0E, 0x00, 0x20, 0x0E, 0x00, 0x78, 0x0F,
    0x80, 0x70, 0x07, 0xF0, 0x70, 0x03, 0xF8, 0x70, 0x00, 0xFC, 0x70, 0x00, 0x1C, 0x70, 0x00, 0x1C,
    0x70, 0x00, 0x3C, 0x78, 0x00, 0x78, 0x7C, 0x01, 0xF8, 0x3F, 0xFF, 0xF0, 0x1F, 0xFF, 0xC0, 0x07,
    0xFF, 0x00, 0x00, 0xF0, 0x00, 0x20, 0x00, 0x00, 0x3C, 0x00, 0xC0, 0x1C, 0x00, 0x7C, 0x0E, 0x00,
    0x3F, 0xE7, 0x00, 0x1F, 0xFB, 0x80, 0x01, 0xFD, 0xC0, 0x00, 0x78, 0xE0, 0x00, 0x38, 0x78, 0x00,
    0x3C, 0x3E, 0x00, 0x7C, 0x0F, 0xFF, 0xFE, 0x03, 0xFF, 0xFC, 0x00, 0x7F, 0xF8, 0x00, 0x07, 0xC0,
    0x00, 0x02, 0x07, 0x83, 0xC0, 0xE0, 0x70, 0x3C, 0x0E, 0x07, 0x03, 0x83, 0xDF, 0xCF, 0xE7, 0xC2,
    0x00, 0x00, 0x44, 0x77, 0x3B, 0xDD, 0xC0, 0x07, 0x00, 0x1C, 0x00, 0x70, 0x03, 0xC0, 0x0F, 0x00,
    0x3C, 0x0F, 0xFF, 0xBF, 0xFF, 0xF9, 0xFA, 0x00, 0xC0, 0x00, 0x04, 0x00, 0x3B, 0xC0, 0xEF, 0x03,
    0xB8, 0x00, 0x00, 0x00, 0xFC, 0x1F, 0xC3, 0xF8, 0x38, 0x07, 0x80, 0x78, 0x03, 0x80, 0x3C, 0x61,
    0xFF, 0x1F, 0xFF, 0xFC, 0xFE, 0x07, 0x00, 0x00, 0x0F, 0x8B, 0xFF, 0xE7, 0xE0, 0x00, 0x00, 0x01,
    0x00, 0x70, 0x0E, 0x01, 0xC0, 0x38, 0x07, 0x00, 0xE0, 0x1C, 0x03, 0x80, 0x70, 0x0E, 0x01, 0xC0,
    0x38, 0x07, 0x00, 0xF0, 0x1E, 0x03, 0xC0, 0x78, 0x0F, 0x01, 0xE0, 0x3C, 0x00, 0x00, 0x03, 0xE2,
    0x3F, 0xF9, 0x9F, 0x80, 0x00, 0x00, 0x00, 0x38, 0x01, 0xC0, 0x0E, 0x00, 0x70, 0x03, 0x80, 0x1C,
    0x00, 0xE0, 0x07, 0x00, 0x38, 0x01, 0xE0, 0x0F, 0x00, 0x78, 0x03, 0xC0, 0x1E, 0x00, 0xF0, 0x07,
    0x80, 0x3C, 0x01, 0xE0, 0x07, 0x00, 0x38, 0x01, 0xFC, 0x0F, 0xF0, 0x3F, 0x80, 0x10, 0x38, 0xF3,
    0xE6, 0x0E, 0x4F, 0xFF, 0xF8, 0x00, 0x20, 0xE1, 0xC3, 0x87, 0x0E, 0x1C, 0x38, 0x70, 0xE1, 0xC3,
    0x87, 0x0E, 0x1E, 0x3C, 0x78, 0xF1, 0xE3, 0xC7, 0x80, 0x38, 0x0F, 0x03, 0xE0, 0x60, 0x0E, 0x40,
    0xFC, 0x3F, 0x07, 0x80, 0x00, 0x07, 0x00, 0xE0, 0x1C, 0x03, 0x80, 0x70, 0x0E, 0x01, 0xC0, 0x38,
    0x07, 0x00, 0xF0, 0x1E, 0x03, 0xC0, 0x78, 0x0F, 0x01, 0xE0, 0x3C, 0x07, 0x80, 0xF0, 0x0E, 0x01,
    0xC0, 0x3F, 0x87, 0xF8, 0x7F, 0x00, 0x80, 0x07, 0x01, 0xF0, 0x1F, 0x01, 0x80, 0x1C, 0x80, 0xF8,
    0x1F, 0x81, 0xC0, 0x00, 0x00, 0xF0, 0x1F, 0x83, 0xFC, 0x3F, 0xE7, 0x0E, 0x70, 0xE7, 0x0F, 0x70,
    0xF7, 0xFF, 0x7F, 0xF3, 0xFE, 0x0F, 0xE0, 0x1E, 0x03, 0xC0, 0xFC, 0xFF, 0x8F, 0xE0, 0xF8, 0x00,
    0x00, 0x07, 0x00, 0x1F, 0x00, 0x1F, 0x00, 0x18, 0x00, 0x1C, 0x80, 0x0F, 0x80, 0x1F, 0x80, 0x1C,
    0x00, 0x00, 0x00, 0x0F, 0x00, 0x1F, 0xC0, 0x3F, 0xC0, 0x3F, 0xE0, 0x70, 0xE0, 0x70, 0xE0, 0x70,
    0xF0, 0x70, 0xF0, 0x7F, 0xFE, 0x7F, 0xFF, 0x3F, 0xFE, 0x03, 0xFC, 0x01, 0xE0, 0x03, 0xC0, 0x0F,
    0xC0, 0xFF, 0x80, 0xFE, 0x00, 0xF8, 0x00, 0x00, 0x00, 0x70, 0xE1, 0xC3, 0x87, 0x0E, 0x1C, 0x38,
    0x70, 0xE1, 0xC3, 0x87, 0x0F, 0x1E, 0x3C, 0x78, 0xF1, 0xE3, 0xC7, 0x8F, 0x1E, 0x00, 0x00, 0x71,
    0xF7, 0xCE, 0x0C, 0x1F, 0xFF, 0x70, 0x70, 0x1C, 0x07, 0x01, 0xC0, 0x70, 0x1C, 0x07, 0x01, 0xC0,
    0x70, 0x1E, 0x07, 0x81, 0xE0, 0x78, 0x1E, 0x07, 0x81, 0xE0, 0x78, 0x1E, 0x03, 0x80, 0xE0, 0x3F,
    0x8F, 0xF1, 0xFC, 0x04, 0x00, 0x0E, 0x07, 0xC1, 0xE0, 0xE0, 0x18, 0x07, 0xE1, 0xF8, 0x70, 0x00,
    0x07, 0x00, 0x00, 0x0F, 0x80, 0x00, 0x1F, 0x00, 0xFE, 0x1C, 0x01, 0xFE, 0x1C, 0x03, 0xFE, 0x0F,
    0xC7, 0x80, 0x1F, 0xCF, 0x00, 0x1E, 0x0E, 0x00, 0x00, 0x0E, 0x00, 0x20, 0x0E, 0x00, 0x78, 0x0F,
    0x80, 0x70, 0x07, 0xF0, 0x70, 0x03, 0xF8, 0x70, 0x00, 0xFC, 0x70, 0x00, 0x1C, 0x70, 0x00, 0x1C,
    0x70, 0x00, 0x3C, 0x78, 0x00, 0x78, 0x7C, 0x01, 0xF8, 0x3F, 0xFF, 0xF0, 0x1F, 0xFF, 0xC0, 0x07,
    0xFF, 0x00, 0x00, 0xF0, 0x00, 0x07, 0x00, 0x00, 0x07, 0xC0, 0x00, 0x07, 0xC0, 0x00, 0x03, 0x80,
    0x00, 0x01, 0xC0, 0x00, 0x00, 0x7E, 0x00, 0x00, 0x7F, 0x00, 0x00, 0x3C, 0x00, 0x00, 0x00, 0x00,
    0x00, 0x10, 0x00, 0x00, 0x1E, 0x00, 0x60, 0x0E, 0x00, 0x3E, 0x07, 0x00, 0x1F, 0xF3, 0x80, 0x0F,
    0xFD, 0xC0, 0x00, 0xFE, 0xE0, 0x00, 0x3C, 0x70, 0x00, 0x1C, 0x3C, 0x00, 0x1E, 0x1F, 0x00, 0x3E,
    0x07, 0xFF, 0xFF, 0x01, 0xFF, 0xFE, 0x00, 0x3F, 0xFC, 0x00, 0x03, 0xE0, 0x00, 0x38, 0xF9, 0xE7,
    0x06, 0x0F, 0xDF, 0xB8, 0x00, 0x18, 0xF0, 0xE1, 0xE3, 0xC3, 0x87, 0x0E, 0x1C, 0x3F, 0xFF, 0xDF,
    0x20, 0x00, 0x1C, 0x01, 0xF0, 0x1F, 0x00, 0xE0, 0x03, 0x00, 0x1F, 0x81, 0xFC, 0x07, 0x00, 0x00,
    0x00, 0x00, 0x03, 0x80, 0x1C, 0x00, 0xE0, 0x07, 0x00, 0x38, 0x03, 0xC0, 0xFF, 0xF7, 0xFF, 0xFC,
    0xFD, 0x00, 0x40, 0xEE, 0xEE, 0xEE, 0xEE, 0xEE, 0xEE, 0xEF, 0xFF, 0xFF, 0xFF, 0xFF, 0xF0, 0xE0,
    0x70, 0x38, 0x1C, 0x0E, 0x07, 0x03, 0x81, 0xC0, 0xE0, 0x78, 0x3C, 0x1E, 0x0F, 0x07, 0x83, 0xC1,
    0xE0, 0xF0, 0x78, 0x1C, 0x0E, 0x07, 0xF3, 0xFC, 0xFE, 0x04, 0x00, 0x00, 0x00, 0x30, 0x00, 0x00,
    0x01, 0xE7, 0x00, 0x00, 0x03, 0x9C, 0x00, 0x00, 0x0E, 0x70, 0x00, 0x00, 0x3D, 0xC0, 0x00, 0x00,
    0xF7, 0x00, 0x00, 0x01, 0xDC, 0x00, 0x00, 0x07, 0x70, 0x00, 0x00, 0x3D, 0xE0, 0x00, 0x01, 0xE7,
    0xF8, 0x00, 0xFF, 0x8F, 0xFF, 0xFF, 0xFC, 0x0F, 0xFF, 0xFF, 0xC0, 0x0F, 0xFF, 0xF0, 0x00, 0x00,
    0x00, 0x00, 0x00, 0x00, 0x00, 0x00, 0x00, 0x01, 0x00, 0x00, 0x00, 0x1E, 0x00, 0x00, 0x00, 0x78,
    0x00, 0x00, 0x00, 0xE0, 0x00, 0x70, 0x00, 0x00, 0x00, 0x07, 0x00, 0x00, 0x00, 0x00, 0x70, 0x00,
    0x00, 0x00, 0x07, 0x00, 0x00, 0x00, 0x80, 0x70, 0x00, 0x00, 0x1E, 0x07, 0x00, 0x00, 0x03, 0xE0,
    0x70, 0x00, 0x00, 0xFE, 0x07, 0x80, 0x00, 0x3F, 0xE0, 0x7F, 0x80, 0x7F, 0xEF, 0xE3, 0xFF, 0xFF,
    0xFC, 0xFF, 0x0F, 0xFF, 0xFE, 0x07, 0xF0, 0x3F, 0xFE, 0x00, 0x04, 0x00, 0x00, 0x00, 0x00, 0x00,
    0x00, 0x00, 0x00, 0x00, 0x00, 0x02, 0x00, 0x00, 0x00, 0x00, 0x70, 0x00, 0x00, 0x00, 0x07, 0x00,
    0x00, 0x00, 0x00, 0x70, 0x00, 0x00, 0x0C, 0x78, 0x70, 0xF1, 0xE1, 0xC3, 0x87, 0x0E, 0x1F, 0xFF,
    0xEF, 0x90, 0x00, 0x08, 0x38, 0xF0, 0xE0, 0x0E, 0x00, 0x70, 0x03, 0x80, 0x1C, 0x00, 0xE0, 0x0F,
    0x03, 0xFF, 0xDF, 0xFF, 0xF3, 0xF4, 0x01, 0x00, 0x00, 0x08, 0x00, 0xE0, 0x0F, 0x00, 0x38, 0x00,
    0x1D, 0xC1, 0xDE, 0x1D, 0xC0, 0x88, 0x00, 0x00, 0x00, 0x04, 0x00, 0xF0, 0x0F, 0x80, 0xFC, 0x1F,
    0xC3, 0xDE, 0x38, 0xE7, 0x07, 0x70, 0x77, 0x07, 0x70, 0x77, 0x0F, 0x7F, 0xE3, 0xFE, 0x1F, 0xC0,
    0x0E, 0xE0, 0x07, 0x78, 0x03, 0xBC, 0x00, 0x8C, 0x00, 0x00, 0x00, 0x00, 0x00, 0x01, 0x80, 0x01,
    0xE0, 0x00, 0xF0, 0x01, 0xF8, 0x03, 0xFC, 0x03, 0xFE, 0x03, 0xE7, 0x03, 0xC3, 0x81, 0xC1, 0xC0,
    0xE0, 0xE0, 0x70, 0x70, 0x3F, 0xF8, 0x1F, 0xFC, 0x03, 0xFF, 0x00, 0x7F, 0xF0, 0x01, 0xFC, 0x00,
    0x7E, 0x00, 0x04, 0x00, 0x0C, 0xE0, 0x00, 0x00, 0x7B, 0x80, 0x00, 0x01, 0xEE, 0x00, 0x00, 0x03,
    0x10, 0x0C, 0x00, 0x00, 0x00, 0x79, 0xC0, 0x00, 0x00, 0xE7, 0x00, 0x00, 0x03, 0x9C, 0x00, 0x00,
    0x0F, 0x70, 0x00, 0x00, 0x3D, 0xC0, 0x00, 0x00, 0x77, 0x00, 0x00, 0x01, 0xDC, 0x00, 0x00, 0x0F,
    0x78, 0x00, 0x00, 0x79, 0xFE, 0x00, 0x3F, 0xE3, 0xFF, 0xFF, 0xFF, 0x03, 0xFF, 0xFF, 0xF0, 0x03,
    0xFF, 0xFC, 0x00, 0x00, 0x0E, 0xE0, 0x00, 0x00, 0x01, 0xEE, 0x00, 0x00, 0x00, 0x1E, 0xE0, 0x00,
    0x00, 0x00, 0xC4, 0x00, 0x00, 0x00, 0x00, 0x00, 0x00, 0x07, 0x00, 0x00, 0x00, 0x00, 0x70, 0x00,
    0x00, 0x00, 0x07, 0x00, 0x00, 0x00, 0x00, 0x70, 0x00, 0x00, 0x08, 0x07, 0x00, 0x00, 0x01, 0xE0,
    0x70, 0x00, 0x00, 0x3E, 0x07, 0x00, 0x00, 0x0F, 0xE0, 0x78, 0x00, 0x03, 0xFE, 0x07, 0xF8, 0x07,
    0xFE, 0xFE, 0x3F, 0xFF, 0xFF, 0xCF, 0xF0, 0xFF, 0xFF, 0xE0, 0x7F, 0x03, 0xFF, 0xE0, 0x00, 0x40,
    0x67, 0xFF, 0xFF, 0x66, 0x00, 0x00, 0x0C, 0x3C, 0x1C, 0x1E, 0x1E, 0x0E, 0x0E, 0x0E, 0x0E, 0x0E,
    0xFE, 0xFC, 0xF8, 0x80, 0x19, 0xC0, 0xFF, 0x03, 0xDC, 0x06, 0x20, 0x00, 0x00, 0x00, 0x00, 0x70,
    0x01, 0xC0, 0x07, 0x00, 0x3C, 0x00, 0xF0, 0x03, 0xC0, 0xFF, 0xFB, 0xFF, 0xFF, 0x9F, 0xA0, 0x0C,
    0x00, 0x01, 0x00, 0x00, 0x00, 0x0E, 0x00, 0x00, 0x00, 0x78, 0x00, 0x00, 0x00, 0xE0, 0x00, 0x00,
    0x0E, 0xE0, 0x00, 0x00, 0x7B, 0x80, 0x00, 0x01, 0xEE, 0x00, 0x00, 0x03, 0x10, 0x0C, 0x00, 0x00,
    0x00, 0x79, 0xC0, 0x00, 0x00, 0xE7, 0x00, 0x00, 0x03, 0x9C, 0x00, 0x00, 0x0F, 0x70, 0x00, 0x00,
    0x3D, 0xC0, 0x00, 0x00, 0x77, 0x00, 0x00, 0x01, 0xDC, 0x00, 0x00, 0x0F, 0x78, 0x00, 0x00, 0x79,
    0xFE, 0x00, 0x3F, 0xE3, 0xFF, 0xFF, 0xFF, 0x03, 0xFF, 0xFF, 0xF0, 0x03, 0xFF, 0xFC, 0x00, 0x00,
    0x01, 0x00, 0x00, 0x00, 0x00, 0x38, 0x00, 0x00, 0x00, 0x07, 0x80, 0x00, 0x00, 0x00, 0x38, 0x00,
    0x00, 0x00, 0x0E, 0xE0, 0x00, 0x00, 0x01, 0xEE, 0x00, 0x00, 0x00, 0x1E, 0xE0, 0x00, 0x00, 0x00,
    0xC4, 0x00, 0x00, 0x00, 0x00, 0x00, 0x00, 0x07, 0x00, 0x00, 0x00, 0x00, 0x70, 0x00, 0x00, 0x00,
    0x07, 0x00, 0x00, 0x00, 0x00, 0x70, 0x00, 0x00, 0x08, 0x07, 0x00, 0x00, 0x01, 0xE0, 0x70, 0x00,
    0x00, 0x3E, 0x07, 0x00, 0x00, 0x0F, 0xE0, 0x78, 0x00, 0x03, 0xFE, 0x07, 0xF8, 0x07, 0xFE, 0xFE,
    0x3F, 0xFF, 0xFF, 0xCF, 0xF0, 0xFF, 0xFF, 0xE0, 0x7F, 0x03, 0xFF, 0xE0, 0x00, 0x40, 0x08, 0x3C,
    0x3C, 0x1C, 0x67, 0xFF, 0xFF, 0x66, 0x00, 0x00, 0x0C, 0x3C, 0x1C, 0x1E, 0x1E, 0x0E, 0x0E, 0x0E,
    0x0E, 0x0E, 0xFE, 0xFC, 0xF8, 0x80, 0x02, 0x00, 0x1C, 0x00, 0xF0, 0x01, 0xC0, 0x19, 0xC0, 0xFF,
    0x03, 0xDC, 0x06, 0x20, 0x00, 0x00, 0x00, 0x00, 0x70, 0x01, 0xC0, 0x07, 0x00, 0x3C, 0x00, 0xF0,
    0x03, 0xC0, 0xFF, 0xFB, 0xFF, 0xFF, 0x9F, 0xA0, 0x0C, 0x7F, 0x80, 0x0F, 0xFE, 0x01, 0xFF, 0xFF,
    0x00, 0x7F, 0xE0, 0x03, 0xFC, 0x03, 0xFF, 0x80, 0xFC, 0x00, 0x3E, 0x00, 0x1F, 0x00, 0x03, 0xC0,
    0x00, 0xF0, 0x00, 0x3C, 0x00, 0x07, 0x00, 0x01, 0xE0, 0x60, 0x3C, 0x1E, 0x07, 0x03, 0xC0, 0xE0,
    0x30, 0x1C, 0x00, 0x03, 0xC0, 0x00, 0x78, 0x00, 0x07, 0x80, 0x00, 0xFC, 0x00, 0x8F, 0xFF, 0xF8,
    0xFF, 0xFF, 0x07, 0xFF, 0xC0, 0x0F, 0x80, 0x7F, 0x80, 0x01, 0xFF, 0xC0, 0x07, 0xFF, 0xFC, 0x00,
    0x3F, 0xF0, 0x00, 0x3F, 0xC0, 0x07, 0xFF, 0x00, 0x3F, 0xE0, 0x01, 0xF3, 0x80, 0x1F, 0x0F, 0x00,
    0x78, 0x1E, 0x03, 0xC0, 0x7F, 0xDE, 0x00, 0xFF, 0x70, 0x01, 0xFF, 0xC0, 0xC0, 0x6F, 0x07, 0x80,
    0x38, 0x1E, 0x00, 0xE0, 0x30, 0x03, 0x80, 0x00, 0x0F, 0x00, 0x00, 0x3C, 0x00, 0x00, 0x78, 0x00,
    0x01, 0xF8, 0x01, 0x03, 0xFF, 0xFE, 0x07, 0xFF, 0xF8, 0x07, 0xFF, 0xC0, 0x01, 0xF0, 0x00, 0x3F,
    0xC0, 0x0F, 0xFC, 0x03, 0xFF, 0x80, 0x01, 0xFE, 0x00, 0x1F, 0x80, 0x07, 0xE0, 0x0F, 0xF0, 0x0F,
    0xE0, 0xFF, 0xE0, 0x3F, 0xE0, 0x0F, 0xE0, 0x02, 0x00, 0x00, 0x00, 0x00, 0x00, 0x20, 0x00, 0x1C,
    0x00, 0x07, 0x80, 0x01, 0xC0, 0x00, 0x3F, 0xC0, 0x00, 0xFF, 0xC0, 0x03, 0xFF, 0x80, 0x00, 0x1F,
    0xE0, 0x00, 0x1F, 0x80, 0x00, 0x7E, 0x00, 0x0F, 0xF0, 0x00, 0xFF, 0xE0, 0xFF, 0xE7, 0xFB, 0xFE,
    0x0F, 0xFF, 0xE0, 0x1F, 0xE0, 0x00, 0x04, 0x00, 0x00, 0x00, 0x02, 0x00, 0x00, 0x3C, 0x00, 0x00,
    0xF0, 0x00, 0x01, 0xC0, 0x00, 0x7F, 0x80, 0x0F, 0xFE, 0x01, 0xFF, 0xFF, 0x00, 0x7F, 0xE0, 0x03,
    0xFC, 0x03, 0xFF, 0x80, 0xFC, 0x00, 0x3E, 0x00, 0x1F, 0x00, 0x03, 0xC0, 0x00, 0xF0, 0x00, 0x3C,
    0x00, 0x07, 0x00, 0x01, 0xE0, 0x00, 0x3C, 0x00, 0x07, 0x00, 0x00, 0xE0, 0x00, 0x1C, 0x00, 0x03,
    0xC0, 0x00, 0x78, 0x00, 0x07, 0x80, 0x00, 0xFC, 0x00, 0x8F, 0xFF, 0xF8, 0xFF, 0xFF, 0x07, 0xFF,
    0xC0, 0x0F, 0x80, 0x7F, 0x80, 0x01, 0xFF, 0xC0, 0x07, 0xFF, 0xFC, 0x00, 0x3F, 0xF0, 0x00, 0x3F,
    0xC0, 0x07, 0xFF, 0x00, 0x3F, 0xE0, 0x01, 0xF3, 0x80, 0x1F, 0x0F, 0x00, 0x78, 0x1E, 0x03, 0xC0,
    0x7F, 0xDE, 0x00, 0xFF, 0x70, 0x01, 0xFF, 0xC0, 0x00, 0x6F, 0x00, 0x00, 0x38, 0x00, 0x00, 0xE0,
    0x00, 0x03, 0x80, 0x00, 0x0F, 0x00, 0x00, 0x3C, 0x00, 0x00, 0x78, 0x00, 0x01, 0xF8, 0x01, 0x03,
    0xFF, 0xFE, 0x07, 0xFF, 0xF8, 0x07, 0xFF, 0xC0, 0x01, 0xF0, 0x00, 0x3F, 0xC0, 0x0F, 0xFC, 0x03,
    0xFF, 0x80, 0x01, 0xFE, 0x00, 0x1F, 0x80, 0x07, 0xE0, 0x0F, 0xF0, 0x0F, 0xE0, 0xFF, 0xE0, 0x3F,
    0xE0, 0x0F, 0xE0, 0x02, 0x00, 0x00, 0x3F, 0xC0, 0x00, 0xFF, 0xC0, 0x03, 0xFF, 0x80, 0x00, 0x1F,
    0xE0, 0x00, 0x1F, 0x80, 0x00, 0x7E, 0x00, 0x0F, 0xF0, 0x00, 0xFF, 0xE0, 0xFF, 0xE7, 0xFB, 0xFE,
    0x0F, 0xFF, 0xE0, 0x1F, 0xE0, 0x00, 0x04, 0x00, 0xE0, 0x00, 0x1E, 0x00, 0x03, 0x80, 0x00, 0x20,
    0x00, 0x00, 0x00, 0x00, 0x00, 0x00, 0x00, 0x03, 0xFC, 0x00, 0x7F, 0xF0, 0x0F, 0xFF, 0xF8, 0x03,
    0xFF, 0x00, 0x1F, 0xE0, 0x1F, 0xFC, 0x07, 0xE0, 0x01, 0xF0, 0x00, 0xF8, 0x00, 0x1E, 0x00, 0x07,
    0x80, 0x01, 0xE0, 0x00, 0x38, 0x00, 0x0F, 0x00, 0x01, 0xE0, 0x00, 0x38, 0x00, 0x07, 0x00, 0x00,
    0xE0, 0x00, 0x1E, 0x00, 0x03, 0xC0, 0x00, 0x3C, 0x00, 0x07, 0xE0, 0x04, 0x7F, 0xFF, 0xC7, 0xFF,
    0xF8, 0x3F, 0xFE, 0x00, 0x7C, 0x00, 0x00, 0xE0, 0x00, 0x03, 0xC0, 0x00, 0x0E, 0x00, 0x00, 0x10,
    0x00, 0x00, 0x00, 0x00, 0x00, 0x00, 0x00, 0x00, 0x00, 0x1F, 0xE0, 0x00, 0x7F, 0xF0, 0x01, 0xFF,
    0xFF, 0x00, 0x0F, 0xFC, 0x00, 0x0F, 0xF0, 0x01, 0xFF, 0xC0, 0x0F, 0xF8, 0x00, 0x7C, 0xE0, 0x07,
    0xC3, 0xC0, 0x1E, 0x07, 0x80, 0xF0, 0x1F, 0xF7, 0x80, 0x3F, 0xDC, 0x00, 0x7F, 0xF0, 0x00, 0x1B,
    0xC0, 0x00, 0x0E, 0x00, 0x00, 0x38, 0x00, 0x00, 0xE0, 0x00, 0x03, 0xC0, 0x00, 0x0F, 0x00, 0x00,
    0x1E, 0x00, 0x00, 0x7E, 0x00, 0x40, 0xFF, 0xFF, 0x81, 0xFF, 0xFE, 0x01, 0xFF, 0xF0, 0x00, 0x7C,
    0x00, 0x0E, 0x00, 0x07, 0x80, 0x01, 0xE0, 0x00, 0x30, 0x00, 0x00, 0x00, 0x00, 0x00, 0x00, 0x00,
    0x00, 0xFF, 0x00, 0x3F, 0xF0, 0x0F, 0xFE, 0x00, 0x07, 0xF8, 0x00, 0x7E, 0x00, 0x1F, 0x80, 0x3F,
    0xC0, 0x3F, 0x83, 0xFF, 0x80, 0xFF, 0x80, 0x3F, 0x80, 0x08, 0x00, 0x00, 0x0C, 0x00, 0x00, 0x78,
    0x00, 0x01, 0xE0, 0x00, 0x03, 0x00, 0x00, 0x00, 0x00, 0x00, 0x00, 0x00, 0x00, 0x00, 0x00, 0x0F,
    0xF0, 0x00, 0x3F, 0xF0, 0x00, 0xFF, 0xE0, 0x00, 0x07, 0xF8, 0x00, 0x07, 0xE0, 0x00, 0x1F, 0x80,
    0x03, 0xFC, 0x00, 0x3F, 0xF8, 0x3F, 0xF9, 0xFE, 0xFF, 0x83, 0xFF, 0xF8, 0x07, 0xF8, 0x00, 0x01,
    0x00, 0x01, 0x80, 0x1C, 0x00, 0xF0, 0x03, 0xC0, 0x1E, 0x00, 0x78, 0x03, 0xC0, 0x0E, 0x00, 0x78,
    0x01, 0xC0, 0x0E, 0x80, 0xFF, 0xFF, 0x7F, 0xF9, 0xFF, 0x00, 0xC0, 0x01, 0x80, 0x00, 0xE0, 0x00,
    0x3C, 0x00, 0x07, 0x00, 0x01, 0xE0, 0x00, 0x38, 0x00, 0x0F, 0x00, 0x01, 0xC0, 0x00, 0x78, 0x00,
    0x0E, 0x00, 0x03, 0x81, 0x01, 0xF0, 0xFF, 0xFF, 0xBF, 0xFF, 0xE7, 0xFC, 0xF8, 0x18, 0x04, 0x0E,
    0x00, 0x78, 0x03, 0x80, 0x08, 0x00, 0x00, 0x00, 0x00, 0x06, 0x00, 0x70, 0x03, 0xC0, 0x0F, 0x00,
    0x78, 0x01, 0xE0, 0x0F, 0x00, 0x38, 0x01, 0xE0, 0x07, 0x00, 0x3A, 0x03, 0xFF, 0xFD, 0xFF, 0xE7,
    0xFC, 0x03, 0x00, 0x06, 0x00, 0x03, 0xC0, 0x00, 0xF0, 0x00, 0x18, 0x00, 0x00, 0x00, 0x00, 0x00,
    0x00, 0x18, 0x00, 0x0E, 0x00, 0x03, 0xC0, 0x00, 0x70, 0x00, 0x1E, 0x00, 0x03, 0x80, 0x00, 0xF0,
    0x00, 0x1C, 0x00, 0x07, 0x80, 0x00, 0xE0, 0x00, 0x38, 0x10, 0x1F, 0x0F, 0xFF, 0xFB, 0xFF, 0xFE,
    0x7F, 0xCF, 0x81, 0x80, 0x40, 0x01, 0x80, 0x70, 0x0F, 0x00, 0xE0, 0x1C, 0x03, 0xC0, 0x38, 0x07,
    0x00, 0xE0, 0x3C, 0x07, 0x01, 0xE0, 0x38, 0x1F, 0x07, 0xC7, 0xF0, 0xFC, 0x1E, 0x00, 0x00, 0x00,
    0x01, 0x80, 0x07, 0x00, 0x0F, 0x00, 0x0E, 0x00, 0x1C, 0x00, 0x3C, 0x00, 0x38, 0x00, 0x78, 0x00,
    0xFE, 0x03, 0xFC, 0x07, 0xF8, 0x1E, 0x20, 0x38, 0x01, 0xF0, 0x07, 0xC0, 0x7F, 0x00, 0xFC, 0x01,
    0xE0, 0x00, 0x00, 0x00, 0x07, 0x00, 0xE0, 0x1C, 0x01, 0x00, 0x00, 0x00, 0x00, 0x00, 0x0C, 0x03,
    0x80, 0x78, 0x07, 0x00, 0xE0, 0x1E, 0x01, 0xC0, 0x38, 0x07, 0x01, 0xE0, 0x38, 0x0F, 0x01, 0xC0,
    0xF8, 0x3E, 0x3F, 0x87, 0xE0, 0xF0, 0x00, 0x00, 0x06, 0x00, 0x1E, 0x00, 0x3C, 0x00, 0x30, 0x00,
    0x00, 0x00, 0x00, 0x00, 0x00, 0x00, 0xC0, 0x03, 0x80, 0x07, 0x80, 0x07, 0x00, 0x0E, 0x00, 0x1E,
    0x00, 0x1C, 0x00, 0x3C, 0x00, 0x7F, 0x01, 0xFE, 0x03, 0xFC, 0x0F, 0x10, 0x1C, 0x00, 0xF8, 0x03,
    0xE0, 0x3F, 0x80, 0x7E, 0x00, 0xF0, 0x00, 0x00, 0x00, 0x00, 0x00, 0x00, 0x00, 0x60, 0x00, 0x00,
    0x00, 0x07, 0x00, 0x00, 0x00, 0x00, 0x3C, 0x00, 0x00, 0x00, 0x01, 0xE0, 0x00, 0x0E, 0x03, 0x87,
    0x00, 0x00, 0x70, 0x3C, 0x38, 0x00, 0x03, 0x81, 0xC1, 0xE4, 0x00, 0x1E, 0x0E, 0x0F, 0x78, 0x00,
    0xF0, 0x70, 0x7B, 0x80, 0x03, 0xC7, 0x83, 0x9C, 0x00, 0x1F, 0xFF, 0xFC, 0xE0, 0x00, 0xFF, 0xFF,
    0xC7, 0x00, 0x07, 0xFD, 0xFC, 0x38, 0x00, 0x39, 0x01, 0x01, 0xC0, 0x03, 0xC0, 0x00, 0x0F, 0x00,
    0x1C, 0x00, 0x00, 0x7C, 0x03, 0xE0, 0x00, 0x01, 0xFF, 0xFE, 0x00, 0x00, 0x07, 0xFF, 0xE0, 0x00,
    0x00, 0x0F, 0xFC, 0x00, 0x00, 0x00, 0x0F, 0x00, 0x00, 0x00, 0x00, 0x00, 0x00, 0x00, 0x00, 0x70,
    0x00, 0x00, 0x00, 0x00, 0x1C, 0x00, 0x00, 0x0E, 0x03, 0x87, 0x00, 0x00, 0x03, 0x81, 0xE1, 0xC0,
    0x00, 0x00, 0xE0, 0x70, 0x70, 0x08, 0x00, 0x3C, 0x1C, 0x1E, 0x07, 0x80, 0x0F, 0x07, 0x07, 0x81,
    0xC0, 0x01, 0xE3, 0xC1, 0xF0, 0x70, 0x00, 0x7F, 0xFF, 0xFF, 0x9C, 0x00, 0x1F, 0xFF, 0xFF, 0xF7,
    0x00, 0x07, 0xFD, 0xFC, 0xF9, 0xC0, 0x01, 0xC8, 0x08, 0x04, 0x70, 0x00, 0xF0, 0x00, 0x00, 0x1E,
    0x00, 0x38, 0x00, 0x00, 0x07, 0xC0, 0x3E, 0x00, 0x00, 0x00, 0xFF, 0xFF, 0x00, 0x00, 0x00, 0x1F,
    0xFF, 0x80, 0x00, 0x00, 0x01, 0xFF, 0xC0, 0x00, 0x00, 0x00, 0x0F, 0x00, 0x00, 0x00, 0x00, 0x00,
    0x00, 0x0C, 0x00, 0x00, 0x38, 0x00, 0x00, 0x70, 0x00, 0x00, 0xF0, 0xC0, 0x60, 0xE1, 0xC1, 0xE1,
    0xC3, 0x83, 0x83, 0x87, 0x07, 0x07, 0x1E, 0x0E, 0x0E, 0x3C, 0x3C, 0x1F, 0xFF, 0xFF, 0xFF, 0xFF,
    0xFF, 0xEF, 0x3F, 0xBF, 0x90, 0x18, 0x08, 0x00, 0x00, 0x00, 0x0E, 0x00, 0x00, 0x00, 0x70, 0x03,
    0x01, 0x83, 0x80, 0x1C, 0x1E, 0x1C, 0x00, 0xE0, 0xE0, 0xE0, 0x07, 0x07, 0x07, 0x00, 0x78, 0x38,
    0x3C, 0x03, 0xC3, 0xC1, 0xE0, 0xFF, 0xFF, 0xFF, 0xF7, 0xFF, 0xFF, 0xFF, 0xBC, 0xFE, 0xFE, 0x7D,
    0x01, 0x80, 0x80, 0x40, 0x00, 0x00, 0x00, 0x40, 0x00, 0x00, 0x00, 0x07, 0x00, 0x00, 0x00, 0x00,
    0x3C, 0x00, 0x00, 0x00, 0x01, 0xC0, 0x00, 0x00, 0x00, 0x3B, 0x80, 0x00, 0x00, 0x01, 0xDE, 0x00,
    0x00, 0x00, 0x0E, 0xF0, 0x00, 0x00, 0x00, 0x23, 0x00, 0x00, 0x00, 0x00, 0x00, 0x60, 0x00, 0x00,
    0x00, 0x07, 0x00, 0x00, 0x00, 0x00, 0x3C, 0x00, 0x00, 0x00, 0x01, 0xE0, 0x00, 0x0E, 0x03, 0x87,
    0x00, 0x00, 0x70, 0x3C, 0x38, 0x00, 0x03, 0x81, 0xC1, 0xE4, 0x00, 0x1E, 0x0E, 0x0F, 0x78, 0x00,
    0xF0, 0x70, 0x7B, 0x80, 0x03, 0xC7, 0x83, 0x9C, 0x00, 0x1F, 0xFF, 0xFC, 0xE0, 0x00, 0xFF, 0xFF,
    0xC7, 0x00, 0x07, 0xFD, 0xFC, 0x38, 0x00, 0x39, 0x01, 0x01, 0xC0, 0x03, 0xC0, 0x00, 0x0F, 0x00,
    0x1C, 0x00, 0x00, 0x7C, 0x03, 0xE0, 0x00, 0x01, 0xFF, 0xFE, 0x00, 0x00, 0x07, 0xFF, 0xE0, 0x00,
    0x00, 0x0F, 0xFC, 0x00, 0x00, 0x00, 0x0F, 0x00, 0x00, 0x00, 0x00, 0x00, 0x00, 0x00, 0x40, 0x00,
    0x00, 0x00, 0x00, 0x38, 0x00, 0x00, 0x00, 0x00, 0x0F, 0x00, 0x00, 0x00, 0x00, 0x03, 0x80, 0x00,
    0x00, 0x00, 0x03, 0xB8, 0x00, 0x00, 0x00, 0x00, 0xEF, 0x00, 0x00, 0x00, 0x00, 0x3B, 0xC0, 0x00,
    0x00, 0x00, 0x04, 0x60, 0x00, 0x00, 0x00, 0x00, 0x00, 0x00, 0x00, 0x00, 0x00, 0x00, 0x00, 0x00,
    0x00, 0x00, 0x00, 0x07, 0x00, 0x00, 0x00, 0x00, 0x01, 0xC0, 0x00, 0x00, 0xE0, 0x38, 0x70, 0x00,
    0x00, 0x38, 0x1E, 0x1C, 0x00, 0x00, 0x0E, 0x07, 0x07, 0x00, 0x80, 0x03, 0xC1, 0xC1, 0xE0, 0x78,
    0x00, 0xF0, 0x70, 0x78, 0x1C, 0x00, 0x1E, 0x3C, 0x1F, 0x07, 0x00, 0x07, 0xFF, 0xFF, 0xF9, 0xC0,
    0x01, 0xFF, 0xFF, 0xFF, 0x70, 0x00, 0x7F, 0xDF, 0xCF, 0x9C, 0x00, 0x1C, 0x80, 0x80, 0x47, 0x00,
    0x0F, 0x00, 0x00, 0x01, 0xE0, 0x03, 0x80, 0x00, 0x00, 0x7C, 0x03, 0xE0, 0x00, 0x00, 0x0F, 0xFF,
    0xF0, 0x00, 0x00, 0x01, 0xFF, 0xF8, 0x00, 0x00, 0x00, 0x1F, 0xFC, 0x00, 0x00, 0x00, 0x00, 0xF0,
    0x00, 0x00, 0x00, 0x00, 0x00, 0x04, 0x00, 0x00, 0x1C, 0x00, 0x00, 0x38, 0x00, 0x00, 0x70, 0x00,
    0x03, 0xB8, 0x00, 0x0F, 0x70, 0x00, 0x0E, 0xE0, 0x00, 0x08, 0x80, 0x00, 0x00, 0x0C, 0x00, 0x00,
    0x38, 0x00, 0x00, 0x70, 0x00, 0x00, 0xF0, 0xC0, 0x60, 0xE1, 0xC1, 0xE1, 0xC3, 0x83, 0x83, 0x87,
    0x07, 0x07, 0x1E, 0x0E, 0x0E, 0x3C, 0x3C, 0x1F, 0xFF, 0xFF, 0xFF, 0xFF, 0xFF, 0xEF, 0x3F, 0xBF,
    0x90, 0x18, 0x08, 0x00, 0x00, 0x04, 0x00, 0x00, 0x00, 0x70, 0x00, 0x00, 0x03, 0x80, 0x00, 0x00,
    0x1C, 0x00, 0x00, 0x03, 0xB8, 0x00, 0x00, 0x3D, 0xC0, 0x00, 0x00, 0xEE, 0x00, 0x00, 0x02, 0x20,
    0x00, 0x00, 0x00, 0x00, 0x00, 0x00, 0x00, 0x00, 0x00, 0x00, 0x03, 0x80, 0x00, 0x00, 0x1C, 0x00,
    0xC0, 0x60, 0xE0, 0x07, 0x07, 0x87, 0x00, 0x38, 0x38, 0x38, 0x01, 0xC1, 0xC1, 0xC0, 0x1E, 0x0E,
    0x0F, 0x00, 0xF0, 0xF0, 0x78, 0x3F, 0xFF, 0xFF, 0xFD, 0xFF, 0xFF, 0xFF, 0xEF, 0x3F, 0xBF, 0x9F,
    0x40, 0x60, 0x20, 0x10, 0x00, 0x00, 0x00, 0x01, 0xF8, 0x00, 0x00, 0x00, 0x07, 0xFC, 0x00, 0x00,
    0x00, 0x1F, 0xFE, 0x00, 0x00, 0xE0, 0x3F, 0x1E, 0x00, 0x00, 0xE0, 0x7C, 0x0F, 0x00, 0x00, 0xE0,
    0xF8, 0x07, 0x20, 0x00, 0xF1, 0xE0, 0x07, 0x78, 0x00, 0xF3, 0xC0, 0x0E, 0x70, 0x00, 0x7B, 0xC0,
    0x1E, 0x70, 0x00, 0x7F, 0xFF, 0xFC, 0x70, 0x00, 0x7F, 0xFF, 0xF8, 0x70, 0x00, 0x7F, 0xFF, 0xF0,
    0x70, 0x00, 0x70, 0xFF, 0x00, 0x70, 0x00, 0xF0, 0x00, 0x00, 0x78, 0x01, 0xE0, 0x00, 0x00, 0x7C,
    0x03, 0xE0, 0x00, 0x00, 0x3F, 0xFF, 0xC0, 0x00, 0x00, 0x1F, 0xFF, 0x80, 0x00, 0x00, 0x07, 0xFE,
    0x00, 0x00, 0x00, 0x00, 0xF0, 0x00, 0x00, 0x00, 0x00, 0x00, 0x00, 0x01, 0xF8, 0x00, 0x00, 0x00,
    0x00, 0x7F, 0xC0, 0x00, 0x00, 0x00, 0x1F, 0xFE, 0x00, 0x00, 0x0E, 0x03, 0xF1, 0xE0, 0x00, 0x00,
    0xE0, 0x7C, 0x0F, 0x00, 0x00, 0x0E, 0x0F, 0x80, 0x70, 0x20, 0x00, 0xF1, 0xE0, 0x07, 0x07, 0x80,
    0x0F, 0x3C, 0x00, 0xE0, 0x70, 0x00, 0x7B, 0xC0, 0x1E, 0x07, 0x00, 0x07, 0xFF, 0xFF, 0xFE, 0x70,
    0x00, 0x7F, 0xFF, 0xFF, 0xF7, 0x00, 0x07, 0xFF, 0xFF, 0x7F, 0x70, 0x00, 0x70, 0xFF, 0x00, 0x07,
    0x00, 0x0F, 0x00, 0x00, 0x00, 0x78, 0x01, 0xE0, 0x00, 0x00, 0x07, 0xC0, 0x3E, 0x00, 0x00, 0x00,
    0x3F, 0xFF, 0xC0, 0x00, 0x00, 0x01, 0xFF, 0xF8, 0x00, 0x00, 0x00, 0x07, 0xFE, 0x00, 0x00, 0x00,
    0x00, 0x0F, 0x00, 0x00, 0x00, 0x00, 0x00, 0x00, 0x1F, 0x00, 0x00, 0x0F, 0xF0, 0x00, 0x07, 0xFF,
    0x07, 0x01, 0xF9, 0xF0, 0xE0, 0x7C, 0x0E, 0x1C, 0x1E, 0x01, 0xC3, 0x87, 0x80, 0x38, 0xF1, 0xE0,
    0x07, 0x1E, 0x78, 0x03, 0xFF, 0xFE, 0x07, 0xFB, 0xFF, 0xFF, 0xFE, 0x79, 0xFF, 0xFF, 0x08, 0x07,
    0xFF, 0x00, 0x00, 0x00, 0x1F, 0x00, 0x00, 0x00, 0x7F, 0x80, 0x00, 0x01, 0xFF, 0xC0, 0x0E, 0x03,
    0xF3, 0xE0, 0x0E, 0x07, 0xC0, 0xE0, 0x0E, 0x0F, 0x00, 0xE0, 0x0E, 0x1E, 0x00, 0xE0, 0x1E, 0x3C,
    0x00, 0xE0, 0x1E, 0x78, 0x03, 0xE0, 0xFF, 0xF0, 0x3F, 0xFE, 0xFF, 0xFF, 0xFF, 0xFF, 0xF3, 0xFF,
    0xFE, 0xFE, 0x80, 0x7F, 0xF0, 0x04, 0x00, 0x00, 0x00, 0x00, 0xC0, 0x00, 0x00, 0x00, 0x01, 0xE0,
    0x00, 0x00, 0x00, 0x01, 0xE0, 0x00, 0x00, 0x00, 0x00, 0xC0, 0x00, 0x00, 0x00, 0x00, 0x00, 0x00,
    0x00, 0x00, 0x00, 0x00, 0x00, 0x00, 0x00, 0x01, 0xF8, 0x00, 0x00, 0x00, 0x07, 0xFC, 0x00, 0x00,
    0x00, 0x1F, 0xFE, 0x00, 0x00, 0xE0, 0x3F, 0x1E, 0x00, 0x00, 0xE0, 0x7C, 0x0F, 0x00, 0x00, 0xE0,
    0xF8, 0x07, 0x20, 0x00, 0xF1, 0xE0, 0x07, 0x78, 0x00, 0xF3, 0xC0, 0x0E, 0x70, 0x00, 0x7B, 0xC0,
    0x1E, 0x70, 0x00, 0x7F, 0xFF, 0xFC, 0x70, 0x00, 0x7F, 0xFF, 0xF8, 0x70, 0x00, 0x7F, 0xFF, 0xF0,
    0x70, 0x00, 0x70, 0xFF, 0x00, 0x70, 0x00, 0xF0, 0x00, 0x00, 0x78, 0x01, 0xE0, 0x00, 0x00, 0x7C,
    0x03, 0xE0, 0x00, 0x00, 0x3F, 0xFF, 0xC0, 0x00, 0x00, 0x1F, 0xFF, 0x80, 0x00, 0x00, 0x07, 0xFE,
    0x00, 0x00, 0x00, 0x00, 0xF0, 0x00, 0x00, 0x00, 0x00, 0x00, 0x00, 0x00, 0xC0, 0x00, 0x00, 0x00,
    0x00, 0x1E, 0x00, 0x00, 0x00, 0x00, 0x01, 0xE0, 0x00, 0x00, 0x00, 0x00, 0x0C, 0x00, 0x00, 0x00,
    0x00, 0x00, 0x00, 0x00, 0x00, 0x00, 0x00, 0x00, 0x00, 0x00, 0x00, 0x00, 0x01, 0xF8, 0x00, 0x00,
    0x00, 0x00, 0x7F, 0xC0, 0x00, 0x00, 0x00, 0x1F, 0xFE, 0x00, 0x00, 0x0E, 0x03, 0xF1, 0xE0, 0x00,
    0x00, 0xE0, 0x7C, 0x0F, 0x00, 0x00, 0x0E, 0x0F, 0x80, 0x70, 0x20, 0x00, 0xF1, 0xE0, 0x07, 0x07,
    0x80, 0x0F, 0x3C, 0x00, 0xE0, 0x70, 0x00, 0x7B, 0xC0, 0x1E, 0x07, 0x00, 0x07, 0xFF, 0xFF, 0xFE,
    0x70, 0x00, 0x7F, 0xFF, 0xFF, 0xF7, 0x00, 0x07, 0xFF, 0xFF, 0x7F, 0x70, 0x00, 0x70, 0xFF, 0x00,
    0x07, 0x00, 0x0F, 0x00, 0x00, 0x00, 0x78, 0x01, 0xE0, 0x00, 0x00, 0x07, 0xC0, 0x3E, 0x00, 0x00,
    0x00, 0x3F, 0xFF, 0xC0, 0x00, 0x00, 0x01, 0xFF, 0xF8, 0x00, 0x00, 0x00, 0x07, 0xFE, 0x00, 0x00,
    0x00, 0x00, 0x0F, 0x00, 0x00, 0x00, 0x00, 0x00, 0x00, 0x1C, 0x00, 0x00, 0x07, 0x80, 0x00, 0x00,
    0x70, 0x00, 0x00, 0x04, 0x00, 0x00, 0x00, 0x00, 0x00, 0x00, 0x00, 0x00, 0x00, 0x07, 0xC0, 0x00,
    0x03, 0xFC, 0x00, 0x01, 0xFF, 0xC1, 0xC0, 0x7E, 0x7C, 0x38, 0x1F, 0x03, 0x87, 0x07, 0x80, 0x70,
    0xE1, 0xE0, 0x0E, 0x3C, 0x78, 0x01, 0xC7, 0x9E, 0x00, 0xFF, 0xFF, 0x81, 0xFE, 0xFF, 0xFF, 0xFF,
    0x9E, 0x7F, 0xFF, 0xC2, 0x01, 0xFF, 0xC0, 0x00, 0x00, 0x00, 0x1C, 0x00, 0x00, 0x00, 0x3C, 0x00,
    0x00, 0x00, 0x1C, 0x00, 0x00, 0x00, 0x08, 0x00, 0x00, 0x00, 0x00, 0x00, 0x00, 0x00, 0x00, 0x00,
    0x00, 0x00, 0x1F, 0x00, 0x00, 0x00, 0x7F, 0x80, 0x00, 0x01, 0xFF, 0xC0, 0x0E, 0x03, 0xF3, 0xE0,
    0x0E, 0x07, 0xC0, 0xE0, 0x0E, 0x0F, 0x00, 0xE0, 0x0E, 0x1E, 0x00, 0xE0, 0x1E, 0x3C, 0x00, 0xE0,
    0x1E, 0x78, 0x03, 0xE0, 0xFF, 0xF0, 0x3F, 0xFE, 0xFF, 0xFF, 0xFF, 0xFF, 0xF3, 0xFF, 0xFE, 0xFE,
    0x80, 0x7F, 0xF0, 0x04, 0x03, 0x80, 0x00, 0x03, 0x80, 0x00, 0x03, 0x80, 0x00, 0x03, 0x80, 0x00,
    0x03, 0x80, 0x00, 0x03, 0x80, 0x00, 0x03, 0x80, 0x00, 0x03, 0x80, 0x00, 0x03, 0x80, 0x00, 0x03,
    0x80, 0x00, 0x03, 0x80, 0x00, 0x03, 0x81, 0xF0, 0x03, 0x87, 0xFC, 0x03, 0x9F, 0xFE, 0x03, 0xBF,
    0x1E, 0x03, 0xFC, 0x0E, 0x03, 0xF0, 0x0F, 0x03, 0xE0, 0x0F, 0x03, 0xC0, 0x0E, 0x03, 0x80, 0x3E,
    0x7F, 0xFF, 0xFC, 0xFF, 0xFF, 0xF8, 0xFF, 0xFF, 0xE0, 0x0F, 0xFF, 0x00, 0x03, 0x80, 0x00, 0x00,
    0x38, 0x00, 0x00, 0x03, 0x80, 0x00, 0x00, 0x38, 0x00, 0x00, 0x03, 0x80, 0x00, 0x00, 0x38, 0x00,
    0x00, 0x03, 0x80, 0x00, 0x00, 0x38, 0x00, 0x00, 0x03, 0x80, 0x00, 0x00, 0x38, 0x00, 0x00, 0x03,
    0x80, 0x00, 0x00, 0x38, 0x1F, 0x00, 0x03, 0x87, 0xFC, 0x00, 0x39, 0xFF, 0xE0, 0x03, 0xBF, 0x1E,
    0x00, 0x3F, 0xC0, 0xE0, 0x03, 0xF0, 0x0F, 0x00, 0x3E, 0x00, 0xF0, 0x03, 0xC0, 0x0E, 0x00, 0x38,
    0x03, 0xE0, 0x7F, 0xFF, 0xFF, 0xEF, 0xFF, 0xFF, 0xFF, 0xFF, 0xFF, 0xE7, 0xF0, 0xFF, 0xF0, 0x04,
    0x38, 0x00, 0x03, 0x80, 0x00, 0x38, 0x00, 0x03, 0x80, 0x00, 0x38, 0x00, 0x03, 0x80, 0x00, 0x38,
    0x00, 0x03, 0xC0, 0x00, 0x3C, 0x00, 0x03, 0xC0, 0x00, 0x3C, 0x00, 0x03, 0xC0, 0xF8, 0x3C, 0x7F,
    0xC3, 0xCF, 0xFE, 0x3D, 0xF9, 0xF3, 0xFE, 0x07, 0x3F, 0x80, 0x71, 0xF0, 0x07, 0x1E, 0x00, 0xF3,
    0xC0, 0x3E, 0xFF, 0xFF, 0xCF, 0xFF, 0xF8, 0xFF, 0xFE, 0x0F, 0xC0, 0x00, 0x38, 0x00, 0x00, 0x38,
    0x00, 0x00, 0x38, 0x00, 0x00, 0x38, 0x00, 0x00, 0x38, 0x00, 0x00, 0x38, 0x00, 0x00, 0x38, 0x00,
    0x00, 0x3C, 0x00, 0x00, 0x3C, 0x00, 0x00, 0x3C, 0x00, 0x00, 0x3C, 0x00, 0x00, 0x3C, 0x0F, 0x80,
    0x3C, 0x7F, 0xC0, 0x3C, 0xFF, 0xE0, 0x3D, 0xF9, 0xF0, 0x3F, 0xE0, 0x70, 0x3F, 0x80, 0x70, 0x1F,
    0x00, 0x70, 0x1E, 0x00, 0xF0, 0x3C, 0x03, 0xE0, 0xFF, 0xFF, 0xFE, 0xFF, 0xFF, 0xFF, 0xFF, 0xFE,
    0x7F, 0xFC, 0x00, 0x04, 0x03, 0x80, 0x00, 0x03, 0x80, 0x00, 0x03, 0x80, 0x00, 0x03, 0x80, 0x00,
    0x03, 0x80, 0x00, 0x03, 0x80, 0xE0, 0x03, 0x80, 0xF0, 0x03, 0x80, 0xE0, 0x03, 0x80, 0x40, 0x03,
    0x80, 0x00, 0x03, 0x80, 0x00, 0x03, 0x81, 0xF0, 0x03, 0x87, 0xFC, 0x03, 0x9F, 0xFE, 0x03, 0xBF,
    0x1E, 0x03, 0xFC, 0x0E, 0x03, 0xF0, 0x0F, 0x03, 0xE0, 0x0F, 0x03, 0xC0, 0x0E, 0x03, 0x80, 0x3E,
    0x7F, 0xFF, 0xFC, 0xFF, 0xFF, 0xF8, 0xFF, 0xFF, 0xE0, 0x0F, 0xFF, 0x00, 0x03, 0x80, 0x00, 0x00,
    0x38, 0x00, 0x00, 0x03, 0x80, 0x00, 0x00, 0x38, 0x00, 0x00, 0x03, 0x80, 0x00, 0x00, 0x38, 0x1C,
    0x00, 0x03, 0x83, 0xC0, 0x00, 0x38, 0x3C, 0x00, 0x03, 0x81, 0x80, 0x00, 0x38, 0x00, 0x00, 0x03,
    0x80, 0x00, 0x00, 0x38, 0x1F, 0x00, 0x03, 0x87, 0xFC, 0x00, 0x39, 0xFF, 0xE0, 0x03, 0xBF, 0x1E,
    0x00, 0x3F, 0xC0, 0xE0, 0x03, 0xF0, 0x0F, 0x00, 0x3E, 0x00, 0xF0, 0x03, 0xC0, 0x0E, 0x00, 0x38,
    0x03, 0xE0, 0x7F, 0xFF, 0xFF, 0xEF, 0xFF, 0xFF, 0xFF, 0xFF, 0xFF, 0xE7, 0xF0, 0xFF, 0xF0, 0x04,
    0x38, 0x00, 0x03, 0x80, 0x00, 0x38, 0x00, 0x03, 0x80, 0x00, 0x38, 0x00, 0x03, 0x81, 0xC0, 0x38,
    0x1E, 0x03, 0xC1, 0xC0, 0x3C, 0x08, 0x03, 0xC0, 0x00, 0x3C, 0x00, 0x03, 0xC0, 0xF8, 0x3C, 0x7F,
    0xC3, 0xCF, 0xFE, 0x3D, 0xF9, 0xF3, 0xFE, 0x07, 0x3F, 0x80, 0x71, 0xF0, 0x07, 0x1E, 0x00, 0xF3,
    0xC0, 0x3E, 0xFF, 0xFF, 0xCF, 0xFF, 0xF8, 0xFF, 0xFE, 0x0F, 0xC0, 0x00, 0x38, 0x00, 0x00, 0x38,
    0x00, 0x00, 0x38, 0x00, 0x00, 0x38, 0x00, 0x00, 0x38, 0x00, 0x00, 0x38, 0x1C, 0x00, 0x38, 0x1E,
    0x00, 0x3C, 0x1C, 0x00, 0x3C, 0x08, 0x00, 0x3C, 0x00, 0x00, 0x3C, 0x00, 0x00, 0x3C, 0x0F, 0x80,
    0x3C, 0x7F, 0xC0, 0x3C, 0xFF, 0xE0, 0x3D, 0xF9, 0xF0, 0x3F, 0xE0, 0x70, 0x3F, 0x80, 0x70, 0x1F,
    0x00, 0x70, 0x1E, 0x00, 0xF0, 0x3C, 0x03, 0xE0, 0xFF, 0xFF, 0xFE, 0xFF, 0xFF, 0xFF, 0xFF, 0xFE,
    0x7F, 0xFC, 0x00, 0x04, 0x07, 0xC0, 0x03, 0xFC, 0x00, 0xFF, 0x80, 0x3E, 0x20, 0x07, 0x80, 0x00,
    0xE0, 0x00, 0x1C, 0x00, 0x03, 0x80, 0x00, 0x7C, 0x78, 0x07, 0xFF, 0x80, 0x7F, 0xF0, 0x07, 0xF0,
    0x01, 0xF0, 0x00, 0x7C, 0x00, 0x1E, 0x00, 0x03, 0xC0, 0x00, 0x70, 0x00, 0x1E, 0x00, 0x03, 0x80,
    0x00, 0x70, 0x00, 0x0E, 0x00, 0x01, 0xE0, 0x00, 0x3C, 0x00, 0x03, 0xC0, 0x00, 0x7C, 0x00, 0x87,
    0xFF, 0xF8, 0x7F, 0xFF, 0x03, 0xFF, 0xC0, 0x0F, 0x80, 0x03, 0xF0, 0x01, 0xFF, 0x00, 0x7F, 0xF0,
    0x1E, 0x1E, 0x03, 0x81, 0xC0, 0x78, 0x38, 0x07, 0xCF, 0x00, 0x7F, 0xC0, 0x07, 0xF0, 0x00, 0x7E,
    0x00, 0x3F, 0xFF, 0x0F, 0xFF, 0xE3, 0xE3, 0xFC, 0x78, 0x03, 0x1E, 0x00, 0x07, 0x80, 0x00, 0xF0,
    0x00, 0x1C, 0x00, 0x03, 0x80, 0x00, 0x70, 0x00, 0x0F, 0x00, 0x00, 0xF0, 0x03, 0x1F, 0xFF, 0xE1,
    0xFF, 0xFC, 0x0F, 0xFE, 0x00, 0x3E, 0x00, 0x03, 0xF0, 0x1F, 0xE0, 0x7F, 0xC0, 0xF0, 0x03, 0xC0,
    0x07, 0x00, 0x0E, 0x00, 0x1E, 0x00, 0x1C, 0x00, 0x3E, 0x18, 0x3F, 0xFF, 0xFF, 0xFF, 0xFF, 0x9F,
    0xF0, 0x30, 0x00, 0x00, 0x07, 0xF0, 0x07, 0xFE, 0x03, 0xFF, 0xC1, 0xF0, 0xF0, 0x78, 0x1C, 0x0F,
    0x07, 0x01, 0xE3, 0xC0, 0x3D, 0xE0, 0x07, 0xF0, 0x01, 0xF8, 0x0F, 0xFF, 0xFF, 0xFF, 0xFF, 0xFC,
    0x3F, 0xE0, 0x00, 0x60, 0x03, 0x80, 0x00, 0x70, 0x00, 0x0E, 0x00, 0x00, 0x80, 0x00, 0x00, 0x00,
    0x00, 0x00, 0x01, 0xF0, 0x00, 0xFF, 0x00, 0x3F, 0xE0, 0x0F, 0x88, 0x01, 0xE0, 0x00, 0x38, 0x00,
    0x07, 0x00, 0x00, 0xE0, 0x00, 0x1F, 0x1E, 0x01, 0xFF, 0xE0, 0x1F, 0xFC, 0x01, 0xFC, 0x00, 0x7C,
    0x00, 0x1F, 0x00, 0x07, 0x80, 0x00, 0xF0, 0x00, 0x1C, 0x00, 0x07, 0x80, 0x00, 0xE0, 0x00, 0x1C,
    0x00, 0x03, 0x80, 0x00, 0x78, 0x00, 0x0F, 0x00, 0x00, 0xF0, 0x00, 0x1F, 0x00, 0x21, 0xFF, 0xFE,
    0x1F, 0xFF, 0xC0, 0xFF, 0xF0, 0x03, 0xE0, 0x00, 0x00, 0xE0, 0x00, 0x3C, 0x00, 0x07, 0x80, 0x00,
    0x60, 0x00, 0x00, 0x00, 0x00, 0x00, 0x00, 0xFC, 0x00, 0x7F, 0xC0, 0x1F, 0xFC, 0x07, 0x87, 0x80,
    0xE0, 0x70, 0x1E, 0x0E, 0x01, 0xF3, 0xC0, 0x1F, 0xF0, 0x01, 0xFC, 0x00, 0x1F, 0x80, 0x0F, 0xFF,
    0xC3, 0xFF, 0xF8, 0xF8, 0xFF, 0x1E, 0x00, 0xC7, 0x80, 0x01, 0xE0, 0x00, 0x3C, 0x00, 0x07, 0x00,
    0x00, 0xE0, 0x00, 0x1C, 0x00, 0x03, 0xC0, 0x00, 0x3C, 0x00, 0xC7, 0xFF, 0xF8, 0x7F, 0xFF, 0x03,
    0xFF, 0x80, 0x0F, 0x80, 0x01, 0xC0, 0x07, 0x80, 0x07, 0x00, 0x04, 0x00, 0x00, 0x00, 0x00, 0x00,
    0xFC, 0x07, 0xF8, 0x1F, 0xF0, 0x3C, 0x00, 0xF0, 0x01, 0xC0, 0x03, 0x80, 0x07, 0x80, 0x07, 0x00,
    0x0F, 0x86, 0x0F, 0xFF, 0xFF, 0xFF, 0xFF, 0xE7, 0xFC, 0x0C, 0x00, 0x00, 0x01, 0xC0, 0x00, 0x70,
    0x00, 0x1C, 0x00, 0x02, 0x00, 0x00, 0x00, 0x00, 0x00, 0x00, 0x7F, 0x00, 0x7F, 0xE0, 0x3F, 0xFC,
    0x1F, 0x0F, 0x07, 0x81, 0xC0, 0xF0, 0x70, 0x1E, 0x3C, 0x03, 0xDE, 0x00, 0x7F, 0x00, 0x1F, 0x80,
    0xFF, 0xFF, 0xFF, 0xFF, 0xFF, 0xC3, 0xFE, 0x00, 0x06, 0x00, 0x00, 0x03, 0x80, 0x00, 0x00, 0x0F,
    0x00, 0x00, 0x00, 0x38, 0x00, 0x00, 0x00, 0x40, 0x00, 0x00, 0x00, 0x00, 0x00, 0x00, 0x00, 0x00,
    0x00, 0x00, 0x3C, 0x00, 0x00, 0x01, 0xFC, 0x00, 0x00, 0x0F, 0xF0, 0x00, 0x00, 0x39, 0xE0, 0x00,
    0x01, 0xC3, 0x9C, 0x00, 0x07, 0x0E, 0x70, 0x00, 0x1C, 0x3D, 0xC0, 0x00, 0x70, 0xF7, 0x00, 0x01,
    0xFF, 0xDC, 0x00, 0x07, 0xFF, 0x70, 0x00, 0x0F, 0xFD, 0xC0, 0x00, 0x00, 0xE7, 0x80, 0x00, 0x03,
    0x9F, 0xE0, 0x00, 0x7E, 0x3F, 0xFF, 0xFF, 0xF0, 0x3F, 0xFF, 0xFF, 0x80, 0x3F, 0xFF, 0xF8, 0x00,
    0x00, 0x00, 0x00, 0x70, 0x00, 0x00, 0x00, 0x07, 0x00, 0x00, 0x00, 0x00, 0x70, 0x00, 0x00, 0x00,
    0x02, 0x00, 0x00, 0x00, 0x00, 0x00, 0x00, 0x00, 0x00, 0x00, 0x00, 0x00, 0x00, 0x00, 0x00, 0x00,
    0x00, 0x00, 0x0F, 0xC0, 0x00, 0x00, 0x01, 0xFE, 0x07, 0x00, 0x00, 0x3F, 0xE0, 0x70, 0x00, 0x03,
    0x8F, 0x07, 0x00, 0x00, 0x78, 0x70, 0x70, 0x00, 0x07, 0x07, 0x07, 0x00, 0x00, 0x70, 0x70, 0x70,
    0x00, 0x07, 0x87, 0x07, 0x00, 0x00, 0x3C, 0xF0, 0x78, 0x00, 0x03, 0xFE, 0x07, 0xF8, 0x01, 0xFF,
    0xFF, 0x3F, 0xFF, 0xFF, 0xFF, 0xF0, 0xFF, 0xFF, 0xFF, 0xFF, 0x03, 0xFF, 0xFC, 0x00, 0x60, 0x03,
    0x00, 0x3C, 0x01, 0xE0, 0x06, 0x00, 0x00, 0x00, 0x00, 0x0F, 0x01, 0xFC, 0x1F, 0xF0, 0xF7, 0x8F,
    0x1C, 0x70, 0xF3, 0x83, 0x9C, 0x1C, 0xFF, 0xE3, 0xFF, 0x0F, 0xF8, 0x03, 0x80, 0x3D, 0xFF, 0xCF,
    0xFC, 0x7F, 0x83, 0x00, 0x00, 0x03, 0x80, 0x00, 0xF0, 0x00, 0x38, 0x00, 0x04, 0x00, 0x00, 0x00,
    0x00, 0x00, 0x00, 0x00, 0x00, 0x1F, 0x80, 0x0F, 0xF0, 0x07, 0xFE, 0x01, 0xE7, 0x80, 0xF0, 0xE0,
    0x3C, 0x38, 0x0F, 0x0E, 0x03, 0xC3, 0x80, 0x79, 0xE0, 0x1F, 0xF0, 0x3F, 0xFF, 0xEF, 0xFF, 0xFB,
    0xFF, 0xFE, 0xC0, 0x03, 0x00, 0x00, 0x03, 0x38, 0x00, 0x0F, 0xF0, 0x00, 0x1E, 0xE0, 0x00, 0x18,
    0x80, 0x00, 0x00, 0x00, 0x00, 0x00, 0x00, 0x00, 0x00, 0x00, 0x00, 0xF8, 0x00, 0x03, 0xF8, 0x00,
    0x0F, 0xF8, 0x00, 0x1C, 0x70, 0x00, 0x38, 0xF3, 0x00, 0xE0, 0xE7, 0x01, 0xC1, 0xDE, 0x03, 0xC3,
    0xB8, 0x07, 0xFF, 0x70, 0x07, 0xFE, 0xE0, 0x07, 0xFD, 0xC0, 0x00, 0x7B, 0x80, 0x00, 0xE7, 0x80,
    0x03, 0xCF, 0x80, 0x0F, 0x0F, 0xC0, 0xFE, 0x1F, 0xFF, 0xF8, 0x0F, 0xFF, 0xC0, 0x07, 0xFE, 0x00,
    0x00, 0x03, 0x98, 0x00, 0x00, 0x7F, 0x80, 0x00, 0x0E, 0xF0, 0x00, 0x00, 0x8C, 0x00, 0x00, 0x00,
    0x00, 0x00, 0x00, 0x00, 0x00, 0x00, 0x38, 0x00, 0x00, 0x0F, 0xC0, 0x00, 0x03, 0xFC, 0x00, 0x00,
    0xFF, 0x80, 0x00, 0x1C, 0x78, 0x00, 0x07, 0x8F, 0x03, 0x80, 0xE0, 0xE0, 0x70, 0x1E, 0x1C, 0x1E,
    0x03, 0xFF, 0xF3, 0x80, 0x3F, 0xFF, 0x70, 0x03, 0xFF, 0xEE, 0x00, 0x0F, 0xF1, 0xC0, 0x00, 0x78,
    0x38, 0x00, 0x0E, 0x07, 0x80, 0x03, 0xC0, 0xF8, 0x01, 0xF0, 0x0F, 0xFF, 0xFC, 0x00, 0xFF, 0xFF,
    0x00, 0x0F, 0xFF, 0x80, 0x00, 0x3F, 0x80, 0x00, 0x1C, 0xE0, 0xFF, 0x07, 0xF8, 0x19, 0x80, 0x00,
    0x00, 0x00, 0x0F, 0x01, 0xFC, 0x1F, 0xF0, 0xF7, 0x8F, 0x1C, 0x70, 0xF3, 0x83, 0x9C, 0x1C, 0xFF,
    0xE3, 0xFF, 0x0F, 0xF8, 0x03, 0x80, 0x3D, 0xFF, 0xCF, 0xFC, 0x7F, 0x83, 0x00, 0x00, 0x0E, 0x60,
    0x03, 0xBC, 0x00, 0xEF, 0x00, 0x11, 0x80, 0x00, 0x00, 0x00, 0x00, 0x00, 0x00, 0x00, 0x1F, 0x80,
    0x0F, 0xF0, 0x07, 0xFE, 0x01, 0xE7, 0x80, 0xF0, 0xE0, 0x3C, 0x38, 0x0F, 0x0E, 0x03, 0xC3, 0x80,
    0x79, 0xE0, 0x1F, 0xF0, 0x3F, 0xFF, 0xEF, 0xFF, 0xFB, 0xFF, 0xFE, 0xC0, 0x03, 0x00, 0x00, 0x00,
    0x03, 0x80, 0x00, 0x00, 0xE0, 0x00, 0x00, 0x38, 0x00, 0x00, 0x0F, 0x00, 0x00, 0x03, 0xC0, 0x00,
    0x00, 0xF0, 0x00, 0x18, 0x3C, 0x00, 0x1E, 0x0F, 0x00, 0x0F, 0x83, 0xC0, 0x03, 0x80, 0xF0, 0x00,
    0xE0, 0x3C, 0x00, 0x3C, 0x07, 0x70, 0x03, 0x81, 0xDC, 0x01, 0xE0, 0x77, 0x01, 0xF0, 0x1D, 0xC0,
    0x78, 0x07, 0x70, 0x18, 0x01, 0xDC, 0x00, 0x00, 0x77, 0x00, 0x00, 0x3D, 0xE0, 0x00, 0x0F, 0x7F,
    0x80, 0x3F, 0x8F, 0xFF, 0xFF, 0xC0, 0xFF, 0xFF, 0xE0, 0x0F, 0xFF, 0x80, 0x00, 0x00, 0x03, 0x80,
    0x00, 0x00, 0x07, 0x00, 0x00, 0x00, 0x0E, 0x00, 0x00, 0x00, 0x1E, 0x00, 0x00, 0x00, 0x3C, 0x00,
    0x00, 0x00, 0x78, 0x00, 0x00, 0x60, 0xF0, 0x00, 0x03, 0xC1, 0xE0, 0x00, 0x0F, 0x83, 0xC0, 0x00,
    0x1C, 0x07, 0x80, 0x00, 0x38, 0x0F, 0x00, 0x00, 0x78, 0x0E, 0x07, 0x00, 0x38, 0x1C, 0x0E, 0x00,
    0xF0, 0x38, 0x1C, 0x07, 0xC0, 0x70, 0x38, 0x0F, 0x00, 0xE0, 0x70, 0x18, 0x01, 0xC0, 0xE0, 0x00,
    0x03, 0x81, 0xC0, 0x00, 0x0F, 0x03, 0xC0, 0x00, 0x1F, 0x07, 0xF8, 0x03, 0xFF, 0xC7, 0xFF, 0xFF,
    0xFF, 0xC3, 0xFF, 0xFF, 0x9F, 0x81, 0xFF, 0xF8, 0x04, 0x00, 0x00, 0x00, 0xE0, 0x0F, 0x80, 0xFE,
    0x0F, 0xE0, 0x7E, 0x03, 0xE0, 0x1F, 0x00, 0x70, 0x01, 0xE0, 0x07, 0xC0, 0x07, 0x80, 0x0F, 0x00,
    0x1E, 0x00, 0x3C, 0x00, 0x78, 0x00, 0xE0, 0x03, 0x80, 0x0E, 0x00, 0x38, 0xFF, 0xE3, 0xFF, 0x0F,
    0xF8, 0x3C, 0x00, 0x00, 0x00, 0x00, 0x0E, 0x00, 0x0F, 0x80, 0x0F, 0xE0, 0x0F, 0xE0, 0x07, 0xE0,
    0x03, 0xE0, 0x01, 0xF0, 0x00, 0x70, 0x00, 0x1E, 0x00, 0x07, 0xC0, 0x00, 0xF8, 0x00, 0x1F, 0x00,
    0x01, 0xE0, 0x00, 0x3C, 0x00, 0x0F, 0x80, 0x01, 0xE0, 0x00, 0x3C, 0x00, 0x0F, 0x00, 0x03, 0xE0,
    0xFF, 0xFF, 0xBF, 0xF7, 0xFF, 0xF8, 0xFF, 0xC0, 0x04, 0x00, 0x00, 0xE0, 0x00, 0x0F, 0x00, 0x00,
    0xF0, 0x00, 0x0F, 0x00, 0x00, 0xF0, 0x00, 0x0F, 0x00, 0x00, 0xF0, 0x00, 0x0F, 0x00, 0x00, 0xF0,
    0x00, 0x07, 0x00, 0x00, 0x70, 0x00, 0x07, 0x00, 0x00, 0x70, 0x00, 0x07, 0x00, 0x00, 0x70, 0x00,
    0x07, 0x00, 0x00, 0x72, 0x00, 0x07, 0x78, 0x00, 0x77, 0x00, 0x07, 0x70, 0x00, 0x77, 0x00, 0x07,
    0x70, 0x00, 0xF7, 0x00, 0x0E, 0x70, 0x00, 0xE7, 0x80, 0x1E, 0x7C, 0x03, 0xC3, 0xFF, 0xF8, 0x1F,
    0xFF, 0x80, 0x7F, 0xE0, 0x00, 0xF0, 0x00, 0x00, 0x00, 0xE0, 0x00, 0x00, 0x78, 0x00, 0x00, 0x3C,
    0x00, 0x00, 0x1E, 0x00, 0x00, 0x0F, 0x00, 0x00, 0x07, 0x80, 0x00, 0x03, 0xC0, 0x00, 0x01, 0xE0,
    0x00, 0x00, 0xF0, 0x00, 0x00, 0x78, 0x00, 0x00, 0x1C, 0x00, 0x00, 0x0E, 0x00, 0x00, 0x07, 0x00,
    0x00, 0x03, 0x80, 0x00, 0x01, 0xC0, 0x00, 0x00, 0xE0, 0x00, 0x00, 0x70, 0x10, 0x00, 0x38, 0x1E,
    0x00, 0x1C, 0x0E, 0x00, 0x0F, 0x07, 0x00, 0x07, 0xF3, 0x80, 0x03, 0xFD, 0xC0, 0x01, 0xFE, 0xE0,
    0x01, 0xE4, 0x70, 0x00, 0xE0, 0x3C, 0x00, 0xF0, 0x1F, 0x00, 0xF0, 0x07, 0xFF, 0xF8, 0x01, 0xFF,
    0xF8, 0x00, 0x3F, 0xF0, 0x00, 0x03, 0x80, 0x00, 0x1C, 0x38, 0x70, 0xE1, 0xC3, 0x87, 0x0E, 0x1C,
    0x38, 0x70, 0xE1, 0xC3, 0x87, 0x8F, 0x1E, 0x3C, 0x78, 0xEF, 0xDF, 0xBE, 0x40, 0x1C, 0x03, 0x80,
    0x70, 0x0E, 0x01, 0xC0, 0x38, 0x07, 0x00, 0xE0, 0x1C, 0x03, 0x80, 0x70, 0x0E, 0x01, 0xC0, 0x3C,
    0x07, 0x80, 0xF0, 0x1E, 0x03, 0xC0, 0x78, 0x0F, 0x8F, 0xFF, 0xFF, 0xFE, 0xFC, 0x02, 0x07, 0xE0,
    0x3F, 0xC1, 0xFF, 0x8F, 0x0F, 0x38, 0x3C, 0x60, 0x70, 0x01, 0xC1, 0xFF, 0x1F, 0xFC, 0xFF, 0xF7,
    0xFF, 0x9C, 0x00, 0xF0, 0x03, 0xC0, 0x0F, 0x00, 0x3C, 0x00, 0xF0, 0x01, 0xC0, 0x07, 0x00, 0x1C,
    0x00, 0x70, 0x01, 0xE0, 0x03, 0x80, 0x0E, 0x00, 0x20, 0x00, 0x00, 0x60, 0x00, 0x1F, 0x80, 0x07,
    0xF8, 0x00, 0xFF, 0xC0, 0x1F, 0x1C, 0x03, 0xE1, 0xE0, 0x3E, 0x0E, 0x07, 0xE0, 0xE0, 0x7F, 0x0F,
    0x0F, 0x7C, 0xFE, 0xE3, 0xFF, 0xEE, 0x1F, 0xFE, 0xE0, 0x78, 0x4E, 0x00, 0x00, 0xE0, 0x00, 0x0F,
    0x00, 0x00, 0xF0, 0x00, 0x07, 0x00, 0x00, 0x70, 0x00, 0x07, 0x00, 0x00, 0x70, 0x00, 0x07, 0x80,
    0x00, 0x38, 0x00, 0x03, 0x80, 0x00, 0x20, 0x00, 0x00, 0x00, 0x40, 0x03, 0xE0, 0x0F, 0xE0, 0x3F,
    0xE0, 0xF1, 0xC1, 0xC3, 0xC7, 0x83, 0x8E, 0x07, 0x3E, 0x0F, 0xFF, 0xFB, 0xFF, 0xF7, 0x9F, 0xC8,
    0x00, 0x00, 0x00, 0xE0, 0x00, 0x1F, 0x00, 0x03, 0xF8, 0x00, 0x7F, 0xC0, 0x0F, 0x1C, 0x00, 0xE1,
    0xE0, 0x1E, 0x0E, 0x01, 0xE0, 0xF0, 0x3F, 0x0F, 0x0F, 0xFC, 0xFE, 0xF3, 0xFF, 0xFE, 0x1F, 0xDF,
    0x80, 0x78, 0x40, 0x00, 0x70, 0x00, 0x0F, 0x00, 0x00, 0x70, 0x00, 0x02, 0x00, 0x00, 0x00, 0x00,
    0x00, 0x00, 0x00, 0x00, 0xC0, 0x00, 0x1E, 0x00, 0x01, 0xE0, 0x00, 0x0E, 0x20, 0x00, 0xF7, 0x80,
    0x0F, 0x70, 0x00, 0x77, 0x00, 0x07, 0x70, 0x00, 0x77, 0x00, 0x07, 0x70, 0x00, 0x77, 0x00, 0x0F,
    0x78, 0x01, 0xE7, 0xC0, 0x3E, 0x3F, 0xFF, 0xC1, 0xFF, 0xF8, 0x07, 0xFE, 0x00, 0x06, 0x00, 0x00,
    0x70, 0x00, 0x00, 0x78, 0x00, 0x00, 0x1C, 0x00, 0x00, 0x04, 0x00, 0x00, 0x00, 0x00, 0x00, 0x00,
    0x00, 0x00, 0x00, 0x00, 0x00, 0x00, 0x01, 0xC0, 0x00, 0x00, 0xE0, 0x00, 0x00, 0x70, 0x08, 0x00,
    0x3C, 0x0F, 0x00, 0x1E, 0x07, 0x00, 0x07, 0x83, 0x80, 0x03, 0xF9, 0xC0, 0x01, 0xFE, 0xE0, 0x00,
    0xFF, 0x70, 0x00, 0x72, 0x38, 0x00, 0x78, 0x1E, 0x00, 0x38, 0x0F, 0x80, 0x7C, 0x03, 0xFF, 0xFC,
    0x00, 0xFF, 0xFC, 0x00, 0x1F, 0xFC, 0x00, 0x01, 0xE0, 0x00, 0x18, 0x78, 0xF0, 0xC0, 0x00, 0x03,
    0x1E, 0x1C, 0x3C, 0x78, 0x70, 0xE1, 0xC3, 0x87, 0xFF, 0xFB, 0xE4, 0x00, 0x1C, 0x00, 0xF0, 0x07,
    0x80, 0x18, 0x00, 0x00, 0x00, 0x00, 0x38, 0x01, 0xC0, 0x0E, 0x00, 0x70, 0x03, 0x80, 0x3C, 0x0F,
    0xFF, 0x7F, 0xFF, 0xCF, 0xD0, 0x04, 0x04, 0x00, 0xF0, 0x0F, 0x80, 0xFC, 0x1F, 0xC3, 0xDE, 0x38,
    0xE7, 0x07, 0x70, 0x77, 0x07, 0x70, 0x77, 0x0F, 0x7F, 0xE3, 0xFE, 0x1F, 0xC0, 0x00, 0x60, 0x00,
    0x78, 0x00, 0x3C, 0x00, 0x7E, 0x00, 0xFF, 0x00, 0xFF, 0x80, 0xF9, 0xC0, 0xF0, 0xE0, 0x70, 0x70,
    0x38, 0x38, 0x1C, 0x1C, 0x0F, 0xFE, 0x07, 0xFF, 0x00, 0xFF, 0xC0, 0x1F, 0xFC, 0x00, 0x7F, 0x00,
    0x1F, 0x80, 0x01, 0x00, 0x06, 0x00, 0x03, 0x80, 0x03, 0xE0, 0x00, 0xFC, 0x00, 0xFF, 0x00, 0xFF,
    0xC0, 0xF3, 0xF0, 0x70, 0xFC, 0x38, 0x7F, 0x1C, 0x3F, 0x8F, 0x3D, 0xE3, 0xFC, 0xF1, 0xFE, 0x3F,
    0xFF, 0xFF, 0xFF, 0xFD, 0xFB, 0xFE, 0x80, 0x18, 0x00, 0x01, 0xF0, 0x00, 0xFC, 0x00, 0x7F, 0x80,
    0x3C, 0xE0, 0x0E, 0x38, 0x07, 0x8E, 0x01, 0xC3, 0x80, 0x71, 0xE0, 0x3C, 0x70, 0x0F, 0x7C, 0x0F,
    0xFF, 0xFB, 0xFF, 0xFF, 0xFF, 0xFF, 0xEF, 0x07, 0x41, 0xC0, 0xC0, 0x78, 0x38, 0x1F, 0x1E, 0x03,
    0xFF, 0x00, 0x7F, 0xC0, 0x07, 0xC0, 0x0F, 0x01, 0xF8, 0x3F, 0xC3, 0xFE, 0x70, 0xE7, 0x0E, 0x70,
    0xF7, 0x0F, 0x7F, 0xF7, 0xFF, 0x3F, 0xE0, 0xFE, 0x01, 0xE0, 0x3C, 0x0F, 0xCF, 0xF8, 0xFE, 0x0F,
    0x80, 0x00, 0x00, 0x0F, 0x00, 0x1F, 0xC0, 0x3F, 0xC0, 0x3F, 0xE0, 0x70, 0xE0, 0x70, 0xE0, 0x70,
    0xF0, 0x70, 0xF0, 0x7F, 0xFE, 0x7F, 0xFF, 0x3F, 0xFE, 0x03, 0xFC, 0x01, 0xE0, 0x03, 0xC0, 0x0F,
    0xC0, 0xFF, 0x80, 0xFE, 0x00, 0xF8, 0x00, 0x00, 0x00, 0x00, 0x00, 0x00, 0x00, 0x00, 0xFE, 0x00,
    0x01, 0xFE, 0x00, 0x03, 0xFE, 0x00, 0x07, 0x80, 0x00, 0x0F, 0x00, 0x00, 0x0E, 0x00, 0x00, 0x0E,
    0x00, 0x20, 0x0E, 0x00, 0x78, 0x0F, 0x80, 0x70, 0x07, 0xF0, 0x70, 0x03, 0xF8, 0x70, 0x00, 0xFC,
    0x70, 0x00, 0x1C, 0x70, 0x00, 0x1C, 0x70, 0x00, 0x3C, 0x78, 0x00, 0x78, 0x7C, 0x01, 0xF8, 0x3F,
    0xFF, 0xF0, 0x1F, 0xFF, 0xC0, 0x07, 0xFF, 0x00, 0x00, 0xF0, 0x00, 0x20, 0x00, 0x00, 0x3C, 0x00,
    0xC0, 0x1C, 0x00, 0x7C, 0x0E, 0x00, 0x3F, 0xE7, 0x00, 0x1F, 0xFB, 0x80, 0x01, 0xFD, 0xC0, 0x00,
    0x78, 0xE0, 0x00, 0x38, 0x78, 0x00, 0x3C, 0x3E, 0x00, 0x7C, 0x0F, 0xFF, 0xFE, 0x03, 0xFF, 0xFC,
    0x00, 0x7F, 0xF8, 0x00, 0x07, 0xC0, 0x00, 0x00, 0x00, 0x00, 0x00, 0x00, 0xFE, 0x00, 0x01, 0xFE,
    0x00, 0x03, 0xFE, 0x00, 0x07, 0x80, 0x00, 0x0F, 0x00, 0x00, 0x0E, 0x00, 0x00, 0x0E, 0x00, 0x20,
    0x0E, 0x00, 0x78, 0x0F, 0x80, 0x70, 0x07, 0xF0, 0x70, 0x03, 0xF8, 0x70, 0x00, 0xFC, 0x70, 0x00,
    0x1C, 0x70, 0x00, 0x1C, 0x70, 0x00, 0x3C, 0x78, 0x00, 0x78, 0x7C, 0x01, 0xF8, 0x3F, 0xFF, 0xF0,
    0x1F, 0xFF, 0xC0, 0x07, 0xFF, 0x00, 0x00, 0xF0, 0x00, 0x00, 0x00, 0x00, 0x00, 0x04, 0x00, 0x01,
    0xEE, 0x00, 0x01, 0xFE, 0x00, 0x00, 0xEE, 0x00, 0x20, 0x00, 0x00, 0x3C, 0x00, 0xC0, 0x1C, 0x00,
    0x7C, 0x0E, 0x00, 0x3F, 0xE7, 0x00, 0x1F, 0xFB, 0x80, 0x01, 0xFD, 0xC0, 0x00, 0x78, 0xE0, 0x00,
    0x38, 0x78, 0x00, 0x3C, 0x3E, 0x00, 0x7C, 0x0F, 0xFF, 0xFE, 0x03, 0xFF, 0xFC, 0x00, 0x7F, 0xF8,
    0x00, 0x07, 0xC0, 0x00, 0x00, 0x00, 0x00, 0x00, 0x10, 0x00, 0x03, 0xDC, 0x00, 0x01, 0xEE, 0x00,
    0x00, 0x77, 0x00, 0x00, 0x02, 0x07, 0x83, 0xC0, 0xE0, 0x70, 0x3C, 0x0E, 0x07, 0x03, 0x83, 0xDF,
    0xCF, 0xE7, 0xC2, 0x00, 0x00, 0x44, 0x77, 0x3B, 0xDD, 0xC0, 0x07, 0x00, 0x1C, 0x00, 0x70, 0x03,
    0xC0, 0x0F, 0x00, 0x3C, 0x0F, 0xFF, 0xBF, 0xFF, 0xF9, 0xFA, 0x00, 0xC0, 0x00, 0x04, 0x00, 0x3B,
    0xC0, 0xEF, 0x03, 0xB8, 0x00, 0x00, 0x00, 0x03, 0xE6, 0x0C, 0x7F, 0xE3, 0xC6, 0x7E, 0x1C, 0x00,
    0x01, 0xC0, 0x00, 0x1C, 0x06, 0x01, 0xC0, 0xF8, 0x1C, 0x07, 0xC1, 0xC0, 0x3E, 0x1C, 0x01, 0xF1,
    0xC0, 0x07, 0xFC, 0x00, 0x3F, 0x80, 0x01, 0xF8, 0x00, 0x0F, 0x80, 0x00, 0xFC, 0x00, 0x0F, 0xC0,
    0x01, 0xFE, 0x00, 0x3C, 0xE0, 0x07, 0x8F, 0x01, 0xF0, 0xE0, 0x3F, 0xFE, 0x03, 0xFF, 0xE0, 0x3F,
    0xFC, 0x00, 0x00, 0x00, 0xF8, 0x87, 0x03, 0xFF, 0x8E, 0x03, 0x3E, 0x1C, 0x00, 0x00, 0x38, 0x00,
    0x00, 0x70, 0x02, 0x00, 0xE0, 0x0F, 0x01, 0xC0, 0x1F, 0x03, 0x80, 0x1E, 0x07, 0x00, 0x1E, 0x0E,
    0x00, 0x1E, 0x1C, 0x00, 0x1E, 0x38, 0x00, 0x1E, 0x70, 0x00, 0x1E, 0xE0, 0x00, 0x1F, 0xC0, 0x00,
    0x1F, 0x80, 0x00, 0x3F, 0x00, 0x00, 0x3E, 0x00, 0x00, 0x7E, 0x00, 0x03, 0xFC, 0x01, 0xFF, 0xBF,
    0x87, 0xFE, 0x7F, 0x8F, 0xF8, 0x7E, 0x02, 0x00, 0x08, 0x1C, 0x00, 0x1F, 0x00, 0x07, 0x80, 0x01,
    0x80, 0x00, 0x72, 0x03, 0x1F, 0x83, 0xC7, 0xE0, 0x71, 0xC0, 0x1C, 0x00, 0x07, 0x06, 0x01, 0xC3,
    0xE0, 0x70, 0x7C, 0x1C, 0x0F, 0x87, 0x01, 0xF1, 0xC0, 0x1F, 0xF0, 0x03, 0xF8, 0x00, 0x7E, 0x00,
    0x0F, 0x80, 0x03, 0xF0, 0x00, 0xFC, 0x00, 0x7F, 0x80, 0x3C, 0xE0, 0x1E, 0x3C, 0x1F, 0x0E, 0x0F,
    0xFF, 0x83, 0xFF, 0xE0, 0xFF, 0xF0, 0x38, 0x00, 0x03, 0xC0, 0x00, 0x3E, 0x00, 0x01, 0xC0, 0x00,
    0x0E, 0x40, 0xE0, 0x3F, 0x07, 0x03, 0xF8, 0x38, 0x1E, 0x01, 0xC0, 0x00, 0x0E, 0x01, 0x00, 0x70,
    0x1E, 0x03, 0x80, 0xF8, 0x1C, 0x03, 0xC0, 0xE0, 0x0F, 0x07, 0x00, 0x3C, 0x38, 0x00, 0xF1, 0xC0,
    0x03, 0xCE, 0x00, 0x0F, 0x70, 0x00, 0x3F, 0x80, 0x00, 0xFC, 0x00, 0x07, 0xE0, 0x00, 0x1F, 0x00,
    0x00, 0xFC, 0x00, 0x1F, 0xE0, 0x3F, 0xF7, 0xF3, 0xFF, 0x3F, 0xDF, 0xF0, 0xFC, 0x10, 0x00, 0x40,
    0x00, 0x0C, 0x00, 0x3C, 0x00, 0x1C, 0x00, 0x1C, 0x00, 0x1C, 0x60, 0x1C, 0xF8, 0x1C, 0x7C, 0x1C,
    0x3E, 0x1C, 0x1F, 0x1C, 0x07, 0xFC, 0x03, 0xF8, 0x01, 0xF8, 0x00, 0xF8, 0x00, 0xFC, 0x00, 0xFC,
    0x01, 0xFE, 0x03, 0xCE, 0x07, 0x8F, 0x1F, 0x0E, 0x3F, 0xFE, 0x3F, 0xFE, 0x3F, 0xFC, 0x00, 0x00,
    0x00, 0x00, 0x1C, 0x00, 0x3C, 0x00, 0x7C, 0x00, 0x70, 0x00, 0x72, 0x00, 0x3F, 0x00, 0x7F, 0x00,
    0x78, 0x00, 0x00, 0x1C, 0x00, 0x01, 0xC0, 0x00, 0x1C, 0x00, 0x01, 0xC0, 0x00, 0x1C, 0x04, 0x01,
    0xC0, 0xF0, 0x1C, 0x0F, 0x81, 0xC0, 0x78, 0x1C, 0x03, 0xC1, 0xC0, 0x1E, 0x1C, 0x00, 0xF1, 0xC0,
    0x07, 0x9C, 0x00, 0x3D, 0xC0, 0x01, 0xFC, 0x00, 0x0F, 0xC0, 0x00, 0xFC, 0x00, 0x07, 0xC0, 0x00,
    0x7E, 0x00, 0x1F, 0xE0, 0x7F, 0xEF, 0xEF, 0xFC, 0xFF, 0xFF, 0x87, 0xE1, 0x00, 0x04, 0x00, 0x00,
    0x00, 0x70, 0x00, 0x0F, 0x00, 0x01, 0xF0, 0x00, 0x1C, 0x00, 0x01, 0xC8, 0x00, 0x0F, 0xC0, 0x01,
    0xFC, 0x00, 0x1E, 0x00, 0x00, 0x00, 0x0C, 0x00, 0x3C, 0x00, 0x1C, 0x00, 0x1C, 0x00, 0x1C, 0x60,
    0x1C, 0xF8, 0x1C, 0x7C, 0x1C, 0x3E, 0x1C, 0x1F, 0x1C, 0x07, 0xFC, 0x03, 0xF8, 0x01, 0xF8, 0x00,
    0xF8, 0x00, 0xFC, 0x00, 0xFC, 0x01, 0xFE, 0x03, 0xCE, 0x07, 0x8F, 0x1F, 0x0E, 0x3F, 0xFE, 0x3F,
    0xFE, 0x3F, 0xFC, 0x00, 0x1C, 0x00, 0x01, 0xC0, 0x00, 0x1C, 0x00, 0x01, 0xC0, 0x00, 0x1C, 0x04,
    0x01, 0xC0, 0xF0, 0x1C, 0x0F, 0x81, 0xC0, 0x78, 0x1C, 0x03, 0xC1, 0xC0, 0x1E, 0x1C, 0x00, 0xF1,
    0xC0, 0x07, 0x9C, 0x00, 0x3D, 0xC0, 0x01, 0xFC, 0x00, 0x0F, 0xC0, 0x00, 0xFC, 0x00, 0x07, 0xC0,
    0x00, 0x7E, 0x00, 0x1F, 0xE0, 0x7F, 0xEF, 0xEF, 0xFC, 0xFF, 0xFF, 0x87, 0xE1, 0x00, 0x04,
};

static const EpdGlyph ubuntu_15_regularGlyphs[] = {
    { 0, 0, 0, 0, 0, 0, 0 }, // U+0000
    { 0, 0, 0, 0, 0, 0, 0 }, // U+0008
    { 0, 0, 116, 0, 0, 0, 0 }, // U+0009
    { 0, 0, 116, 0, 0, 0, 0 }, // U+000D
    { 0, 0, 0, 0, 0, 0, 0 }, // U+001D
    { 0, 0, 116, 0, 0, 0, 0 }, // U+0020
    { 5, 21, 138, 2, 21, 14, 0 }, // !
    { 9, 8, 209, 2, 24, 9, 14 }, // "
    { 19, 21, 334, 1, 21, 50, 23 }, // #
    { 15, 28, 282, 1, 24, 53, 73 }, // $
    { 25, 21, 429, 1, 21, 66, 126 }, // %
    { 20, 21, 333, 1, 21, 53, 192 }, // &
    { 4, 8, 121, 2, 24, 4, 245 }, // '
    { 8, 30, 162, 2, 24, 30, 249 }, // (
    { 8, 30, 162, 0, 24, 30, 279 }, // )
    { 13, 12, 240, 1, 21, 20, 309 }, // *
    { 15, 14, 282, 1, 16, 27, 329 }, // +
    { 5, 9, 123, 1, 4, 6, 356 }, // ,
    { 9, 2, 150, 0, 10, 3, 362 }, // -
    { 5, 4, 123, 1, 4, 3, 365 }, // .
    { 14, 30, 192, -1, 24, 53, 368 }, // /
    { 15, 21, 282, 1, 21, 40, 421 }, // 0
    { 10, 21, 282, 2, 21, 27, 461 }, // 1
    { 15, 21, 282, 1, 21, 40, 488 }, // 2
    { 15, 21, 282, 1, 21, 40, 528 }, // 3
    { 16, 21, 282, 1, 21, 42, 568 }, // 4
    { 14, 21, 282, 2, 21, 37, 610 }, // 5
    { 15, 21, 282, 1, 21, 40, 647 }, // 6
    { 15, 21, 282, 1, 21, 40, 687 }, // 7
    { 15, 21, 282, 1, 21, 40, 727 }, // 8
    { 15, 21, 282, 1, 21, 40, 767 }, // 9
    { 5, 16, 123, 1, 16, 10, 807 }, // :
    { 5, 21, 123, 1, 16, 14, 817 }, // ;
    { 15, 13, 282, 1, 16, 25, 831 }, // <
    { 15, 8, 282, 1, 13, 15, 856 }, // =
    { 15, 13, 282, 1, 16, 25, 871 }, // >
    { 12, 21, 202, 0, 21, 32, 896 }, // ?
    { 26, 27, 475, 2, 22, 88, 928 }, // @
    { 21, 21, 332, 0, 21, 56, 1016 }, // A
    { 17, 21, 322, 2, 21, 45, 1072 }, // B
    { 18, 21, 310, 1, 21, 48, 1117 }, // C
    { 19, 21, 357, 2, 21, 50, 1165 }, // D
    { 15, 21, 286, 2, 21, 40, 1215 }, // E
    { 14, 21, 269, 2, 21, 37, 1255 }, // F
    { 18, 21, 336, 1, 21, 48, 1292 }, // G
    { 18, 21, 353, 2, 21, 48, 1340 }, // H
    { 4, 21, 135, 2, 21, 11, 1388 }, // I
    { 13, 21, 250, 0, 21, 35, 1399 }, // J
    { 18, 21, 315, 2, 21, 48, 1434 }, // K
    { 14, 21, 260, 2, 21, 37, 1482 }, // L
    { 23, 21, 436, 2, 21, 61, 1519 }, // M
    { 18, 21, 364, 2, 21, 48, 1580 }, // N
    { 22, 21, 389, 1, 21, 58, 1628 }, // O
    { 16, 21, 304, 2, 21, 42, 1686 }, // P
    { 22, 27, 389, 1, 21, 75, 1728 }, // Q
    { 17, 21, 315, 2, 21, 45, 1803 }, // R
    { 15, 21, 266, 1, 21, 40, 1848 }, // S
    { 18, 21, 283, 0, 21, 48, 1888 }, // T
    { 17, 21, 344, 2, 21, 45, 1936 }, // U
    { 21, 21, 328, 0, 21, 56, 1981 }, // V
    { 28, 21, 465, 0, 21, 74, 2037 }, // W
    { 19, 21, 316, 0, 21, 50, 2111 }, // X
    { 19, 21, 299, 0, 21, 50, 2161 }, // Y
    { 16, 21, 287, 1, 21, 42, 2211 }, // Z
    { 8, 30, 165, 2, 24, 30, 2253 }, // [
    { 14, 30, 192, -1, 24, 53, 2283 }, // <backslash>
    { 8, 30, 165, 0, 24, 30, 2336 }, // ]
    { 16, 12, 282, 1, 21, 24, 2366 }, // ^
    { 17, 2, 246, -1, -4, 5, 2390 }, // _
    { 7, 6, 188, 1, 24, 6, 2395 }, // `
    { 13, 16, 261, 1, 16, 26, 2401 }, // a
    { 15, 24, 295, 2, 24, 45, 2427 }, // b
    { 13, 16, 233, 1, 16, 26, 2472 }, // c
    { 15, 24, 295, 1, 24, 45, 2498 }, // d
    { 15, 16, 280, 1, 16, 30, 2543 }, // e
    { 11, 24, 193, 2, 24, 33, 2573 }, // f
    { 15, 22, 289, 1, 16, 42, 2606 }, // g
    { 14, 24, 286, 2, 24, 42, 2648 }, // h
    { 4, 23, 127, 2, 23, 12, 2690 }, // i
    { 9, 29, 127, -3, 23, 33, 2702 }, // j
    { 14, 24, 261, 2, 24, 42, 2735 }, // k
    { 6, 24, 137, 2, 24, 18, 2777 }, // l
    { 23, 16, 431, 2, 16, 46, 2795 }, // m
    { 14, 16, 287, 2, 16, 28, 2841 }, // n
    { 16, 16, 295, 1, 16, 32, 2869 }, // o
    { 15, 22, 295, 2, 16, 42, 2901 }, // p
    { 15, 22, 295, 1, 16, 42, 2943 }, // q
    { 10, 16, 193, 2, 16, 20, 2985 }, // r
    { 12, 16, 223, 1, 16, 24, 3005 }, // s
    { 10, 21, 201, 2, 21, 27, 3029 }, // t
    { 14, 16, 287, 2, 16, 28, 3056 }, // u
    { 16, 16, 251, 0, 16, 32, 3084 }, // v
    { 24, 16, 389, 0, 16, 48, 3116 }, // w
    { 16, 16, 256, 0, 16, 32, 3164 }, // x
    { 15, 22, 249, 0, 16, 42, 3196 }, // y
    { 13, 16, 236, 1, 16, 26, 3238 }, // z
    { 10, 30, 167, 1, 24, 38, 3264 }, // {
    { 4, 30, 140, 2, 24, 15, 3302 }, // |
    { 10, 30, 167, 0, 24, 38, 3317 }, // }
    { 16, 5, 282, 1, 11, 10, 3355 }, // ~
    { 0, 0, 116, 0, 0, 0, 3365 }, // U+00A0
    { 5, 22, 138, 2, 16, 14, 3365 }, // U+00A1
    { 13, 24, 282, 2, 20, 39, 3379 }, // U+00A2
    { 16, 21, 282, 1, 21, 42, 3418 }, // U+00A3
    { 16, 14, 282, 1, 18, 28, 3460 }, // U+00A4
    { 17, 21, 282, 0, 21, 45, 3488 }, // U+00A5
    { 4, 30, 140, 2, 24, 15, 3533 }, // U+00A6
    { 13, 25, 246, 1, 23, 41, 3548 }, // U+00A7
    { 10, 4, 188, 1, 23, 5, 3589 }, // U+00A8
    { 22, 21, 407, 2, 21, 58, 3594 }, // U+00A9
    { 10, 12, 195, 1, 21, 15, 3652 }, // U+00AA
    { 15, 13, 250, 0, 15, 25, 3667 }, // U+00AB
    { 15, 10, 282, 1, 12, 19, 3692 }, // U+00AC
    { 9, 2, 150, 0, 10, 3, 3711 }, // U+00AD
    { 22, 21, 407, 2, 21, 58, 3714 }, // U+00AE
    { 10, 2, 188, 1, 22, 3, 3772 }, // U+00AF
    { 10, 8, 166, 0, 23, 10, 3775 }, // U+00B0
    { 15, 18, 282, 1, 18, 34, 3785 }, // U+00B1
    { 10, 12, 180, 0, 22, 15, 3819 }, // U+00B2
    { 10, 12, 180, 0, 22, 15, 3834 }, // U+00B3
    { 7, 6, 188, 3, 24, 6, 3849 }, // U+00B4
    { 14, 22, 290, 2, 16, 39, 3855 }, // U+00B5
    { 16, 27, 323, 1, 21, 54, 3894 }, // U+00B6
    { 5, 4, 123, 1, 11, 3, 3948 }, // U+00B7
    { 6, 7, 188, 2, 1, 6, 3951 }, // U+00B8
    { 7, 12, 180, 1, 22, 11, 3957 }, // U+00B9
    { 12, 11, 223, 1, 21, 17, 3968 }, // U+00BA
    { 14, 13, 250, 1, 15, 23, 3985 }, // U+00BB
    { 26, 22, 437, 1, 22, 72, 4008 }, // U+00BC
    { 25, 22, 437, 1, 22, 69, 4080 }, // U+00BD
    { 27, 22, 437, 0, 22, 75, 4149 }, // U+00BE
    { 12, 22, 202, 0, 16, 33, 4224 }, // U+00BF
    { 21, 29, 332, 0, 29, 77, 4257 }, // U+00C0
    { 21, 29, 332, 0, 29, 77, 4334 }, // U+00C1
    { 21, 29, 332, 0, 29, 77, 4411 }, // U+00C2
    { 21, 27, 332, 0, 27, 71, 4488 }, // U+00C3
    { 21, 28, 332, 0, 28, 74, 4559 }, // U+00C4
    { 21, 25, 332, 0, 25, 66, 4633 }, // U+00C5
    { 28, 21, 468, 0, 21, 74, 4699 }, // U+00C6
    { 18, 27, 310, 1, 21, 61, 4773 }, // U+00C7
    { 15, 29, 286, 2, 29, 55, 4834 }, // U+00C8
    { 15, 29, 286, 2, 29, 55, 4889 }, // U+00C9
    { 15, 29, 286, 2, 29, 55, 4944 }, // U+00CA
    { 15, 28, 286, 2, 28, 53, 4999 }, // U+00CB
    { 7, 29, 135, 0, 29, 26, 5052 }, // U+00CC
    { 6, 29, 135, 2, 29, 22, 5078 }, // U+00CD
    { 10, 29, 135, -1, 29, 37, 5100 }, // U+00CE
    { 10, 28, 135, -1, 28, 35, 5137 }, // U+00CF
    { 21, 21, 363, 0, 21, 56, 5172 }, // U+00D0
    { 18, 27, 364, 2, 27, 61, 5228 }, // U+00D1
    { 22, 29, 389, 1, 29, 80, 5289 }, // U+00D2
    { 22, 29, 389, 1, 29, 80, 5369 }, // U+00D3
    { 22, 29, 389, 1, 29, 80, 5449 }, // U+00D4
    { 22, 27, 389, 1, 27, 75, 5529 }, // U+00D5
    { 22, 28, 389, 1, 28, 77, 5604 }, // U+00D6
    { 13, 13, 282, 2, 16, 22, 5681 }, // U+00D7
    { 22, 23, 389, 1, 22, 64, 5703 }, // U+00D8
    { 17, 29, 344, 2, 29, 62, 5767 }, // U+00D9
    { 17, 29, 344, 2, 29, 62, 5829 }, // U+00DA
    { 17, 29, 344, 2, 29, 62, 5891 }, // U+00DB
    { 17, 28, 344, 2, 28, 60, 5953 }, // U+00DC
    { 19, 29, 299, 0, 29, 69, 6013 }, // U+00DD
    { 16, 21, 305, 2, 21, 42, 6082 }, // U+00DE
    { 17, 24, 312, 2, 24, 51, 6124 }, // U+00DF
    { 13, 24, 261, 1, 24, 39, 6175 }, // U+00E0
    { 13, 24, 261, 1, 24, 39, 6214 }, // U+00E1
    { 13, 24, 261, 1, 24, 39, 6253 }, // U+00E2
    { 13, 22, 261, 1, 22, 36, 6292 }, // U+00E3
    { 13, 23, 261, 1, 23, 38, 6328 }, // U+00E4
    { 13, 24, 261, 1, 24, 39, 6366 }, // U+00E5
    { 24, 16, 430, 1, 16, 48, 6405 }, // U+00E6
    { 13, 22, 233, 1, 16, 36, 6453 }, // U+00E7
    { 15, 24, 280, 1, 24, 45, 6489 }, // U+00E8
    { 15, 24, 280, 1, 24, 45, 6534 }, // U+00E9
    { 15, 24, 280, 1, 24, 45, 6579 }, // U+00EA
    { 15, 23, 280, 1, 23, 44, 6624 }, // U+00EB
    { 7, 24, 127, 0, 24, 21, 6668 }, // U+00EC
    { 7, 24, 127, 1, 24, 21, 6689 }, // U+00ED
    { 10, 24, 127, -1, 24, 30, 6710 }, // U+00EE
    { 10, 23, 127, -1, 23, 29, 6740 }, // U+00EF
    { 17, 24, 295, 1, 24, 51, 6769 }, // U+00F0
    { 14, 22, 287, 2, 22, 39, 6820 }, // U+00F1
    { 16, 24, 295, 1, 24, 48, 6859 }, // U+00F2
    { 16, 24, 295, 1, 24, 48, 6907 }, // U+00F3
    { 16, 24, 295, 1, 24, 48, 6955 }, // U+00F4
    { 16, 22, 295, 1, 22, 44, 7003 }, // U+00F5
    { 16, 23, 295, 1, 23, 46, 7047 }, // U+00F6
    { 15, 16, 282, 1, 17, 30, 7093 }, // U+00F7
    { 16, 18, 295, 1, 17, 36, 7123 }, // U+00F8
    { 14, 24, 287, 2, 24, 42, 7159 }, // U+00F9
    { 14, 24, 287, 2, 24, 42, 7201 }, // U+00FA
    { 14, 24, 287, 2, 24, 42, 7243 }, // U+00FB
    { 14, 23, 287, 2, 23, 41, 7285 }, // U+00FC
    { 15, 30, 249, 0, 24, 57, 7326 }, // U+00FD
    { 15, 30, 295, 2, 24, 57, 7383 }, // U+00FE
    { 15, 29, 249, 0, 23, 55, 7440 }, // U+00FF
    { 21, 27, 332, 0, 27, 71, 7495 }, // U+0100
    { 13, 22, 261, 1, 22, 36, 7566 }, // U+0101
    { 21, 28, 332, 0, 28, 74, 7602 }, // U+0102
    { 13, 23, 261, 1, 23, 38, 7676 }, // U+0103
    { 21, 27, 332, 0, 21, 71, 7714 }, // U+0104
    { 13, 21, 261, 1, 16, 35, 7785 }, // U+0105
    { 18, 29, 310, 1, 29, 66, 7820 }, // U+0106
    { 13, 24, 233, 1, 24, 39, 7886 }, // U+0107
    { 18, 29, 310, 1, 29, 66, 7925 }, // U+0108
    { 13, 24, 233, 1, 24, 39, 7991 }, // U+0109
    { 18, 28, 310, 1, 28, 63, 8030 }, // U+010A
    { 13, 23, 233, 1, 23, 38, 8093 }, // U+010B
    { 18, 29, 310, 1, 29, 66, 8131 }, // U+010C
    { 13, 24, 233, 1, 24, 39, 8197 }, // U+010D
    { 19, 29, 357, 2, 29, 69, 8236 }, // U+010E
    { 20, 24, 311, 1, 24, 60, 8305 }, // U+010F
    { 21, 21, 363, 0, 21, 56, 8365 }, // U+0110
    { 18, 24, 295, 1, 24, 54, 8421 }, // U+0111
    { 15, 27, 286, 2, 27, 51, 8475 }, // U+0112
    { 15, 22, 280, 1, 22, 42, 8526 }, // U+0113
    { 15, 28, 286, 2, 28, 53, 8568 }, // U+0114
    { 15, 23, 280, 1, 23, 44, 8621 }, // U+0115
    { 15, 28, 286, 2, 28, 53, 8665 }, // U+0116
    { 15, 23, 280, 1, 23, 44, 8718 }, // U+0117
    { 15, 27, 286, 2, 21, 51, 8762 }, // U+0118
    { 15, 21, 280, 1, 16, 40, 8813 }, // U+0119
    { 15, 29, 286, 2, 29, 55, 8853 }, // U+011A
    { 15, 25, 280, 1, 25, 47, 8908 }, // U+011B
    { 18, 29, 336, 1, 29, 66, 8955 }, // U+011C
    { 15, 30, 289, 1, 24, 57, 9021 }, // U+011D
    { 18, 28, 336, 1, 28, 63, 9078 }, // U+011E
    { 15, 29, 289, 1, 23, 55, 9141 }, // U+011F
    { 18, 28, 336, 1, 28, 63, 9196 }, // U+0120
    { 15, 29, 289, 1, 23, 55, 9259 }, // U+0121
    { 18, 27, 336, 1, 21, 61, 9314 }, // U+0122
    { 15, 30, 289, 1, 24, 57, 9375 }, // U+0123
    { 18, 29, 353, 2, 29, 66, 9432 }, // U+0124
    { 15, 29, 286, 1, 29, 55, 9498 }, // U+0125
    { 23, 21, 366, 0, 21, 61, 9553 }, // U+0126
    { 16, 24, 286, 0, 24, 48, 9614 }, // U+0127
    { 11, 27, 135, -1, 27, 38, 9662 }, // U+0128
    { 12, 22, 127, -2, 22, 33, 9700 }, // U+0129
    { 10, 27, 135, -1, 27, 34, 9733 }, // U+012A
    { 10, 22, 127, -1, 22, 28, 9767 }, // U+012B
    { 9, 28, 135, 0, 28, 32, 9795 }, // U+012C
    { 10, 23, 127, -1, 23, 29, 9827 }, // U+012D
    { 6, 27, 135, 0, 21, 21, 9856 }, // U+012E
    { 6, 29, 127, 0, 23, 22, 9877 }, // U+012F
    { 5, 28, 135, 2, 28, 18, 9899 }, // U+0130
    { 4, 16, 127, 2, 16, 8, 9917 }, // U+0131
    { 20, 21, 384, 2, 21, 53, 9925 }, // U+0132
    { 12, 29, 255, 2, 23, 44, 9978 }, // U+0133
    { 16, 29, 250, 0, 29, 58, 10022 }, // U+0134
    { 12, 30, 127, -3, 24, 45, 10080 }, // U+0135
    { 18, 27, 315, 2, 21, 61, 10125 }, // U+0136
    { 14, 30, 261, 2, 24, 53, 10186 }, // U+0137
    { 15, 16, 269, 2, 16, 30, 10239 }, // U+0138
    { 14, 29, 260, 2, 29, 51, 10269 }, // U+0139
    { 7, 29, 137, 1, 29, 26, 10320 }, // U+013A
    { 14, 27, 260, 2, 21, 48, 10346 }, // U+013B
    { 7, 30, 137, 1, 24, 27, 10394 }, // U+013C
    { 14, 21, 260, 2, 21, 37, 10421 }, // U+013D
    { 9, 24, 142, 2, 24, 27, 10458 }, // U+013E
    { 14, 21, 260, 2, 21, 37, 10485 }, // U+013F
    { 10, 24, 185, 2, 24, 30, 10522 }, // U+0140
    { 18, 21, 269, -1, 21, 48, 10552 }, // U+0141
    { 9, 24, 144, 0, 24, 27, 10600 }, // U+0142
    { 18, 29, 364, 2, 29, 66, 10627 }, // U+0143
    { 14, 24, 287, 2, 24, 42, 10693 }, // U+0144
    { 18, 27, 364, 2, 21, 61, 10735 }, // U+0145
    { 14, 22, 287, 2, 16, 39, 10796 }, // U+0146
    { 18, 29, 364, 2, 29, 66, 10835 }, // U+0147
    { 14, 24, 287, 2, 24, 42, 10901 }, // U+0148
    { 16, 24, 287, 0, 24, 48, 10943 }, // U+0149
    { 18, 26, 364, 2, 21, 59, 10991 }, // U+014A
    { 14, 22, 287, 2, 16, 39, 11050 }, // U+014B
    { 22, 27, 389, 1, 27, 75, 11089 }, // U+014C
    { 16, 22, 295, 1, 22, 44, 11164 }, // U+014D
    { 22, 28, 389, 1, 28, 77, 11208 }, // U+014E
    { 16, 23, 295, 1, 23, 46, 11285 }, // U+014F
    { 22, 29, 389, 1, 29, 80, 11331 }, // U+0150
    { 16, 24, 295, 1, 24, 48, 11411 }, // U+0151
    { 29, 21, 497, 1, 21, 77, 11459 }, // U+0152
    { 27, 16, 474, 1, 16, 54, 11536 }, // U+0153
    { 17, 29, 315, 2, 29, 62, 11590 }, // U+0154
    { 10, 24, 193, 2, 24, 30, 11652 }, // U+0155
    { 17, 27, 315, 2, 21, 58, 11682 }, // U+0156
    { 12, 22, 193, 0, 16, 33, 11740 }, // U+0157
    { 17, 29, 315, 2, 29, 62, 11773 }, // U+0158
    { 10, 24, 193, 2, 24, 30, 11835 }, // U+0159
    { 15, 29, 266, 1, 29, 55, 11865 }, // U+015A
    { 12, 24, 223, 1, 24, 36, 11920 }, // U+015B
    { 15, 29, 266, 1, 29, 55, 11956 }, // U+015C
    { 12, 24, 223, 1, 24, 36, 12011 }, // U+015D
    { 15, 27, 266, 1, 21, 51, 12047 }, // U+015E
    { 12, 22, 223, 1, 16, 33, 12098 }, // U+015F
    { 15, 29, 266, 1, 29, 55, 12131 }, // U+0160
    { 12, 24, 223, 1, 24, 36, 12186 }, // U+0161
    { 18, 27, 283, 0, 21, 61, 12222 }, // U+0162
    { 10, 27, 201, 2, 21, 34, 12283 }, // U+0163
    { 18, 29, 283, 0, 29, 66, 12317 }, // U+0164
    { 10, 24, 201, 2, 24, 30, 12383 }, // U+0165
    { 18, 21, 283, 0, 21, 48, 12413 }, // U+0166
    { 10, 21, 201, 2, 21, 27, 12461 }, // U+0167
    { 17, 27, 344, 2, 27, 58, 12488 }, // U+0168
    { 14, 22, 287, 2, 22, 39, 12546 }, // U+0169
    { 17, 27, 344, 2, 27, 58, 12585 }, // U+016A
    { 14, 22, 287, 2, 22, 39, 12643 }, // U+016B
    { 17, 28, 344, 2, 28, 60, 12682 }, // U+016C
    { 14, 23, 287, 2, 23, 41, 12742 }, // U+016D
    { 17, 29, 344, 2, 29, 62, 12783 }, // U+016E
    { 14, 24, 287, 2, 24, 42, 12845 }, // U+016F
    { 17, 29, 344, 2, 29, 62, 12887 }, // U+0170
    { 14, 24, 287, 2, 24, 42, 12949 }, // U+0171
    { 17, 26, 344, 2, 21, 56, 12991 }, // U+0172
    { 14, 21, 287, 2, 16, 37, 13047 }, // U+0173
    { 28, 29, 465, 0, 29, 102, 13084 }, // U+0174
    { 24, 24, 389, 0, 24, 72, 13186 }, // U+0175
    { 19, 29, 299, 0, 29, 69, 13258 }, // U+0176
    { 15, 30, 249, 0, 24, 57, 13327 }, // U+0177
    { 19, 28, 299, 0, 28, 67, 13384 }, // U+0178
    { 16, 29, 287, 1, 29, 58, 13451 }, // U+0179
    { 13, 24, 236, 1, 24, 39, 13509 }, // U+017A
    { 16, 28, 287, 1, 28, 56, 13548 }, // U+017B
    { 13, 23, 236, 1, 23, 38, 13604 }, // U+017C
    { 16, 29, 287, 1, 29, 58, 13642 }, // U+017D
    { 13, 24, 236, 1, 24, 39, 13700 }, // U+017E
    { 11, 23, 137, 2, 23, 32, 13739 }, // U+017F
    { 22, 24, 389, 1, 24, 66, 13771 }, // U+01A0
    { 18, 19, 295, 1, 19, 43, 13837 }, // U+01A1
    { 21, 24, 355, 2, 24, 63, 13880 }, // U+01AF
    { 18, 19, 299, 2, 19, 43, 13943 }, // U+01B0
    { 37, 29, 645, 2, 29, 135, 13986 }, // U+01C4
    { 34, 24, 594, 2, 24, 102, 14121 }, // U+01C5
    { 31, 24, 532, 1, 24, 93, 14223 }, // U+01C6
    { 28, 21, 509, 2, 21, 74, 14316 }, // U+01C7
    { 20, 29, 388, 2, 23, 73, 14390 }, // U+01C8
    { 13, 30, 265, 2, 24, 49, 14463 }, // U+01C9
    { 34, 21, 614, 2, 21, 90, 14512 }, // U+01CA
    { 27, 29, 493, 2, 23, 98, 14602 }, // U+01CB
    { 22, 29, 416, 2, 23, 80, 14700 }, // U+01CC
    { 21, 29, 332, 0, 29, 77, 14780 }, // U+01CD
    { 13, 24, 261, 1, 24, 39, 14857 }, // U+01CE
    { 9, 29, 135, 0, 29, 33, 14896 }, // U+01CF
    { 10, 24, 127, -1, 24, 30, 14929 }, // U+01D0
    { 22, 29, 389, 1, 29, 80, 14959 }, // U+01D1
    { 16, 24, 295, 1, 24, 48, 15039 }, // U+01D2
    { 17, 29, 344, 2, 29, 62, 15087 }, // U+01D3
    { 14, 24, 287, 2, 24, 42, 15149 }, // U+01D4
    { 17, 29, 344, 2, 29, 62, 15191 }, // U+01D5
    { 14, 24, 287, 2, 24, 42, 15253 }, // U+01D6
    { 17, 30, 344, 2, 30, 64, 15295 }, // U+01D7
    { 14, 26, 287, 2, 26, 46, 15359 }, // U+01D8
    { 17, 29, 344, 2, 29, 62, 15405 }, // U+01D9
    { 14, 25, 287, 2, 25, 44, 15467 }, // U+01DA
    { 17, 30, 344, 2, 30, 64, 15511 }, // U+01DB
    { 14, 26, 287, 2, 26, 46, 15575 }, // U+01DC
    { 15, 16, 280, 1, 16, 30, 15621 }, // U+01DD
    { 21, 29, 332, 0, 29, 77, 15651 }, // U+01DE
    { 13, 24, 261, 1, 24, 39, 15728 }, // U+01DF
    { 21, 29, 332, 0, 29, 77, 15767 }, // U+01E0
    { 13, 24, 261, 1, 24, 39, 15844 }, // U+01E1
    { 28, 27, 468, 0, 27, 95, 15883 }, // U+01E2
    { 24, 22, 430, 1, 22, 66, 15978 }, // U+01E3
    { 21, 21, 351, 1, 21, 56, 16044 }, // U+01E4
    { 17, 22, 295, 1, 16, 47, 16100 }, // U+01E5
    { 18, 29, 336, 1, 29, 66, 16147 }, // U+01E6
    { 15, 30, 289, 1, 24, 57, 16213 }, // U+01E7
    { 18, 29, 315, 2, 29, 66, 16270 }, // U+01E8
    { 15, 29, 261, 1, 29, 55, 16336 }, // U+01E9
    { 22, 26, 389, 1, 21, 72, 16391 }, // U+01EA
    { 16, 21, 295, 1, 16, 42, 16463 }, // U+01EB
    { 22, 32, 389, 1, 27, 88, 16505 }, // U+01EC
    { 16, 27, 295, 1, 22, 54, 16593 }, // U+01ED
    { 17, 29, 284, 0, 29, 62, 16647 }, // U+01EE
    { 15, 30, 236, -1, 24, 57, 16709 }, // U+01EF
    { 12, 30, 127, -3, 24, 45, 16766 }, // U+01F0
    { 37, 21, 645, 2, 21, 98, 16811 }, // U+01F1
    { 34, 21, 594, 2, 21, 90, 16909 }, // U+01F2
    { 31, 24, 532, 1, 24, 93, 16999 }, // U+01F3
    { 18, 29, 336, 1, 29, 66, 17092 }, // U+01F4
    { 15, 30, 289, 1, 24, 57, 17158 }, // U+01F5
    { 29, 21, 529, 2, 21, 77, 17215 }, // U+01F6
    { 17, 27, 322, 2, 21, 58, 17292 }, // U+01F7
    { 18, 29, 364, 2, 29, 66, 17350 }, // U+01F8
    { 14, 24, 287, 2, 24, 42, 17416 }, // U+01F9
    { 21, 29, 332, 0, 29, 77, 17458 }, // U+01FA
    { 13, 28, 261, 1, 28, 46, 17535 }, // U+01FB
    { 28, 29, 468, 0, 29, 102, 17581 }, // U+01FC
    { 24, 24, 430, 1, 24, 72, 17683 }, // U+01FD
    { 22, 30, 389, 1, 29, 83, 17755 }, // U+01FE
    { 16, 25, 295, 1, 24, 50, 17838 }, // U+01FF
    { 21, 29, 332, 0, 29, 77, 17888 }, // U+0200
    { 13, 24, 261, 1, 24, 39, 17965 }, // U+0201
    { 21, 28, 332, 0, 28, 74, 18004 }, // U+0202
    { 13, 23, 261, 1, 23, 38, 18078 }, // U+0203
    { 15, 29, 286, 2, 29, 55, 18116 }, // U+0204
    { 15, 24, 280, 1, 24, 45, 18171 }, // U+0205
    { 15, 28, 286, 2, 28, 53, 18216 }, // U+0206
    { 15, 23, 280, 1, 23, 44, 18269 }, // U+0207
    { 12, 29, 135, -3, 29, 44, 18313 }, // U+0208
    { 11, 24, 127, -3, 24, 33, 18357 }, // U+0209
    { 9, 28, 135, 0, 28, 32, 18390 }, // U+020A
    { 10, 23, 127, -1, 23, 29, 18422 }, // U+020B
    { 22, 29, 389, 1, 29, 80, 18451 }, // U+020C
    { 16, 24, 295, 1, 24, 48, 18531 }, // U+020D
    { 22, 28, 389, 1, 28, 77, 18579 }, // U+020E
    { 16, 23, 295, 1, 23, 46, 18656 }, // U+020F
    { 17, 29, 315, 2, 29, 62, 18702 }, // U+0210
    { 12, 24, 193, 0, 24, 36, 18764 }, // U+0211
    { 17, 28, 315, 2, 28, 60, 18800 }, // U+0212
    { 10, 23, 193, 2, 23, 29, 18860 }, // U+0213
    { 17, 29, 344, 2, 29, 62, 18889 }, // U+0214
    { 14, 24, 287, 2, 24, 42, 18951 }, // U+0215
    { 17, 28, 344, 2, 28, 60, 18993 }, // U+0216
    { 14, 23, 287, 2, 23, 41, 19053 }, // U+0217
    { 15, 27, 266, 1, 21, 51, 19094 }, // U+0218
    { 12, 22, 223, 1, 16, 33, 19145 }, // U+0219
    { 18, 27, 283, 0, 21, 61, 19178 }, // U+021A
    { 10, 27, 201, 2, 21, 34, 19239 }, // U+021B
    { 15, 27, 268, 0, 21, 51, 19273 }, // U+021C
    { 13, 22, 218, 0, 16, 36, 19324 }, // U+021D
    { 18, 29, 353, 2, 29, 66, 19360 }, // U+021E
    { 15, 29, 286, 1, 29, 55, 19426 }, // U+021F
    { 8, 5, 0, -16, 24, 5, 19481 }, // U+0300
    { 8, 5, 0, -9, 24, 5, 19486 }, // U+0301
    { 11, 5, 0, -6, 24, 7, 19491 }, // U+0302
    { 12, 4, 0, -16, 23, 6, 19498 }, // U+0303
    { 10, 3, 0, -5, 22, 4, 19504 }, // U+0304
    { 10, 5, 0, -5, 24, 7, 19508 }, // U+0306
    { 4, 3, 0, -2, 23, 2, 19515 }, // U+0307
    { 10, 3, 0, -5, 23, 4, 19517 }, // U+0308
    { 8, 7, 0, -4, 25, 7, 19521 }, // U+030A
    { 12, 5, 0, -4, 24, 8, 19528 }, // U+030B
    { 11, 5, 0, -6, 24, 7, 19536 }, // U+030C
    { 9, 4, 188, 1, 23, 5, 19543 }, // U+0311
    { 6, 9, 0, -3, 23, 7, 19548 }, // U+0312
    { 4, 5, 0, -2, -2, 3, 19555 }, // U+0326
    { 7, 8, 0, -4, 1, 7, 19558 }, // U+0327
    { 6, 8, 0, -3, 1, 6, 19565 }, // U+0328
    { 0, 0, 0, 0, 0, 0, 19571 }, // U+034F
    { 15, 29, 286, 2, 29, 55, 19571 }, // U+0400
    { 15, 28, 286, 2, 28, 53, 19626 }, // U+0401
    { 23, 21, 376, 0, 21, 61, 19679 }, // U+0402
    { 14, 29, 255, 2, 29, 51, 19740 }, // U+0403
    { 18, 21, 310, 1, 21, 48, 19791 }, // U+0404
    { 15, 21, 266, 1, 21, 40, 19839 }, // U+0405
    { 4, 21, 135, 2, 21, 11, 19879 }, // U+0406
    { 10, 28, 135, -1, 28, 35, 19890 }, // U+0407
    { 13, 21, 250, 0, 21, 35, 19925 }, // U+0408
    { 32, 22, 522, 0, 21, 88, 19960 }, // U+0409
    { 29, 21, 513, 2, 21, 77, 20048 }, // U+040A
    { 22, 21, 375, 0, 21, 58, 20125 }, // U+040B
    { 18, 29, 315, 2, 29, 66, 20183 }, // U+040C
    { 18, 29, 364, 2, 29, 66, 20249 }, // U+040D
    { 18, 28, 294, 0, 28, 63, 20315 }, // U+040E
    { 17, 27, 350, 2, 21, 58, 20378 }, // U+040F
    { 21, 21, 332, 0, 21, 56, 20436 }, // U+0410
    { 16, 21, 310, 2, 21, 42, 20492 }, // U+0411
    { 17, 21, 322, 2, 21, 45, 20534 }, // U+0412
    { 14, 21, 255, 2, 21, 37, 20579 }, // U+0413
    { 22, 27, 362, 0, 21, 75, 20616 }, // U+0414
    { 15, 21, 286, 2, 21, 40, 20691 }, // U+0415
    { 28, 21, 453, 0, 21, 74, 20731 }, // U+0416
    { 17, 21, 286, 0, 21, 45, 20805 }, // U+0417
    { 18, 21, 364, 2, 21, 48, 20850 }, // U+0418
    { 18, 28, 364, 2, 28, 63, 20898 }, // U+0419
    { 18, 21, 315, 2, 21, 48, 20961 }, // U+041A
    { 20, 21, 354, 0, 21, 53, 21009 }, // U+041B
    { 23, 21, 436, 2, 21, 61, 21062 }, // U+041C
    { 18, 21, 353, 2, 21, 48, 21123 }, // U+041D
    { 22, 21, 389, 1, 21, 58, 21171 }, // U+041E
    { 17, 21, 350, 2, 21, 45, 21229 }, // U+041F
    { 16, 21, 304, 2, 21, 42, 21274 }, // U+0420
    { 18, 21, 310, 1, 21, 48, 21316 }, // U+0421
    { 18, 21, 283, 0, 21, 48, 21364 }, // U+0422
    { 18, 21, 294, 0, 21, 48, 21412 }, // U+0423
    { 25, 23, 432, 1, 23, 72, 21460 }, // U+0424
    { 19, 21, 316, 0, 21, 50, 21532 }, // U+0425
    { 20, 27, 359, 2, 21, 68, 21582 }, // U+0426
    { 16, 21, 316, 1, 21, 42, 21650 }, // U+0427
    { 26, 21, 492, 2, 21, 69, 21692 }, // U+0428
    { 29, 27, 501, 2, 21, 98, 21761 }, // U+0429
    { 22, 21, 363, 0, 21, 58, 21859 }, // U+042A
    { 22, 21, 428, 2, 21, 58, 21917 }, // U+042B
    { 16, 21, 308, 2, 21, 42, 21975 }, // U+042C
    { 18, 21, 310, 0, 21, 48, 22017 }, // U+042D
    { 29, 21, 515, 2, 21, 77, 22065 }, // U+042E
    { 17, 21, 318, 1, 21, 45, 22142 }, // U+042F
    { 13, 16, 261, 1, 16, 26, 22187 }, // U+0430
    { 16, 24, 298, 1, 24, 48, 22213 }, // U+0431
    { 14, 16, 274, 2, 16, 28, 22261 }, // U+0432
    { 11, 16, 209, 2, 16, 22, 22289 }, // U+0433
    { 19, 21, 302, 0, 16, 50, 22311 }, // U+0434
    { 15, 16, 280, 1, 16, 30, 22361 }, // U+0435
    { 24, 16, 382, 0, 16, 48, 22391 }, // U+0436
    { 13, 16, 245, 1, 16, 26, 22439 }, // U+0437
    { 15, 16, 299, 2, 16, 30, 22465 }, // U+0438
    { 15, 23, 299, 2, 23, 44, 22495 }, // U+0439
    { 15, 16, 269, 2, 16, 30, 22539 }, // U+043A
    { 17, 16, 299, 0, 16, 34, 22569 }, // U+043B
    { 19, 16, 366, 2, 16, 38, 22603 }, // U+043C
    { 14, 16, 293, 2, 16, 28, 22641 }, // U+043D
    { 16, 16, 295, 1, 16, 32, 22669 }, // U+043E
    { 14, 16, 289, 2, 16, 28, 22701 }, // U+043F
    { 15, 22, 295, 2, 16, 42, 22729 }, // U+0440
    { 13, 16, 233, 1, 16, 26, 22771 }, // U+0441
    { 14, 16, 232, 0, 16, 28, 22797 }, // U+0442
    { 15, 22, 249, 0, 16, 42, 22825 }, // U+0443
    { 22, 30, 383, 1, 24, 83, 22867 }, // U+0444
    { 16, 16, 256, 0, 16, 32, 22950 }, // U+0445
    { 16, 21, 293, 2, 16, 42, 22982 }, // U+0446
    { 14, 16, 267, 1, 16, 28, 23024 }, // U+0447
    { 22, 16, 412, 2, 16, 44, 23052 }, // U+0448
    { 24, 21, 417, 2, 16, 63, 23096 }, // U+0449
    { 18, 16, 299, 0, 16, 36, 23159 }, // U+044A
    { 20, 16, 379, 2, 16, 40, 23195 }, // U+044B
    { 14, 16, 264, 2, 16, 28, 23235 }, // U+044C
    { 13, 16, 249, 1, 16, 26, 23263 }, // U+044D
    { 22, 16, 406, 2, 16, 44, 23289 }, // U+044E
    { 15, 16, 274, 0, 16, 30, 23333 }, // U+044F
    { 15, 24, 280, 1, 24, 45, 23363 }, // U+0450
    { 15, 23, 280, 1, 23, 44, 23408 }, // U+0451
    { 16, 30, 286, 0, 24, 60, 23452 }, // U+0452
    { 11, 24, 209, 2, 24, 33, 23512 }, // U+0453
    { 14, 16, 249, 1, 16, 28, 23545 }, // U+0454
    { 12, 16, 223, 1, 16, 24, 23573 }, // U+0455
    { 4, 23, 127, 2, 23, 12, 23597 }, // U+0456
    { 10, 23, 127, -1, 23, 29, 23609 }, // U+0457
    { 9, 29, 127, -3, 23, 33, 23638 }, // U+0458
    { 26, 16, 432, 0, 16, 52, 23671 }, // U+0459
    { 24, 16, 426, 2, 16, 48, 23723 }, // U+045A
    { 16, 24, 286, 0, 24, 48, 23771 }, // U+045B
    { 15, 24, 269, 2, 24, 45, 23819 }, // U+045C
    { 15, 24, 299, 2, 24, 45, 23864 }, // U+045D
    { 15, 29, 249, 0, 23, 55, 23909 }, // U+045E
    { 14, 21, 288, 2, 16, 37, 23964 }, // U+045F
    { 22, 23, 363, 0, 23, 64, 24001 }, // U+0462
    { 18, 24, 299, 0, 24, 54, 24065 }, // U+0463
    { 22, 21, 389, 1, 21, 58, 24119 }, // U+0472
    { 16, 16, 295, 1, 16, 32, 24177 }, // U+0473
    { 24, 21, 377, 0, 21, 63, 24209 }, // U+0474
    { 18, 16, 282, 0, 16, 36, 24272 }, // U+0475
    { 21, 33, 373, 2, 27, 87, 24308 }, // U+048A
    { 17, 29, 304, 2, 23, 62, 24395 }, // U+048B
    { 19, 23, 315, 0, 23, 55, 24457 }, // U+048C
    { 16, 16, 262, 0, 16, 32, 24512 }, // U+048D
    { 16, 21, 304, 2, 21, 42, 24544 }, // U+048E
    { 15, 22, 295, 2, 16, 42, 24586 }, // U+048F
    { 14, 25, 255, 2, 25, 44, 24628 }, // U+0490
    { 11, 20, 214, 2, 20, 28, 24672 }, // U+0491
    { 16, 21, 261, 0, 21, 42, 24700 }, // U+0492
    { 13, 16, 213, 0, 16, 26, 24742 }, // U+0493
    { 17, 27, 312, 2, 21, 58, 24768 }, // U+0494
    { 14, 22, 272, 2, 16, 39, 24826 }, // U+0495
    { 29, 27, 461, 0, 21, 98, 24865 }, // U+0496
    { 24, 21, 388, 0, 16, 63, 24963 }, // U+0497
    { 17, 27, 286, 0, 21, 58, 25026 }, // U+0498
    { 13, 22, 245, 1, 16, 36, 25084 }, // U+0499
    { 19, 27, 328, 2, 21, 65, 25120 }, // U+049A
    { 15, 21, 273, 2, 16, 40, 25185 }, // U+049B
    { 20, 21, 354, 2, 21, 53, 25225 }, // U+049C
    { 17, 16, 310, 2, 16, 34, 25278 }, // U+049D
    { 20, 21, 321, 0, 21, 53, 25312 }, // U+049E
    { 17, 16, 278, 0, 16, 34, 25365 }, // U+049F
    { 23, 21, 370, 0, 21, 61, 25399 }, // U+04A0
    { 19, 16, 304, 0, 16, 38, 25460 }, // U+04A1
    { 20, 27, 362, 2, 21, 68, 25498 }, // U+04A2
    { 16, 21, 299, 2, 16, 42, 25566 }, // U+04A3
    { 23, 21, 408, 2, 21, 61, 25608 }, // U+04A4
    { 18, 16, 328, 2, 16, 36, 25669 }, // U+04A5
    { 29, 27, 516, 2, 21, 98, 25705 }, // U+04A6
    { 24, 22, 430, 2, 16, 66, 25803 }, // U+04A7
    { 22, 27, 393, 1, 21, 75, 25869 }, // U+04A8
    { 17, 21, 305, 1, 16, 45, 25944 }, // U+04A9
    { 18, 27, 310, 1, 21, 61, 25989 }, // U+04AA
    { 13, 22, 233, 1, 16, 36, 26050 }, // U+04AB
    { 18, 27, 283, 0, 21, 61, 26086 }, // U+04AC
    { 14, 21, 232, 0, 16, 37, 26147 }, // U+04AD
    { 19, 21, 299, 0, 21, 50, 26184 }, // U+04AE
    { 16, 22, 251, 0, 16, 44, 26234 }, // U+04AF
    { 19, 21, 299, 0, 21, 50, 26278 }, // U+04B0
    { 16, 22, 251, 0, 16, 44, 26328 }, // U+04B1
    { 21, 27, 327, 0, 21, 71, 26372 }, // U+04B2
    { 17, 21, 263, 0, 16, 45, 26443 }, // U+04B3
    { 26, 27, 423, 0, 21, 88, 26488 }, // U+04B4
    { 20, 21, 331, 0, 16, 53, 26576 }, // U+04B5
    { 19, 27, 325, 1, 21, 65, 26629 }, // U+04B6
    { 16, 21, 272, 1, 16, 42, 26694 }, // U+04B7
    { 17, 21, 319, 1, 21, 45, 26736 }, // U+04B8
    { 14, 16, 267, 1, 16, 28, 26781 }, // U+04B9
    { 17, 21, 320, 2, 21, 45, 26809 }, // U+04BA
    { 14, 24, 286, 2, 24, 42, 26854 }, // U+04BB
    { 25, 21, 418, 0, 21, 66, 26896 }, // U+04BC
    { 20, 16, 335, 0, 16, 40, 26962 }, // U+04BD
    { 25, 27, 418, 0, 21, 85, 27002 }, // U+04BE
    { 20, 21, 335, 0, 16, 53, 27087 }, // U+04BF
    { 4, 21, 135, 2, 21, 11, 27140 }, // U+04C0
    { 28, 28, 453, 0, 28, 98, 27151 }, // U+04C1
    { 24, 23, 382, 0, 23, 69, 27249 }, // U+04C2
    { 17, 27, 316, 2, 21, 58, 27318 }, // U+04C3
    { 14, 22, 272, 2, 16, 39, 27376 }, // U+04C4
    { 23, 27, 362, 0, 21, 78, 27415 }, // U+04C5
    { 19, 22, 305, 0, 16, 53, 27493 }, // U+04C6
    { 18, 27, 353, 2, 21, 61, 27546 }, // U+04C7
    { 14, 22, 293, 2, 16, 39, 27607 }, // U+04C8
    { 21, 27, 361, 2, 21, 71, 27646 }, // U+04C9
    { 17, 22, 299, 2, 16, 47, 27717 }, // U+04CA
    { 16, 27, 319, 2, 21, 54, 27764 }, // U+04CB
    { 14, 21, 267, 1, 16, 37, 27818 }, // U+04CC
    { 26, 27, 450, 2, 21, 88, 27855 }, // U+04CD
    { 22, 22, 376, 2, 16, 61, 27943 }, // U+04CE
    { 4, 21, 135, 2, 21, 11, 28004 }, // U+04CF
    { 21, 28, 332, 0, 28, 74, 28015 }, // U+04D0
    { 13, 23, 261, 1, 23, 38, 28089 }, // U+04D1
    { 21, 28, 332, 0, 28, 74, 28127 }, // U+04D2
    { 13, 23, 261, 1, 23, 38, 28201 }, // U+04D3
    { 28, 21, 468, 0, 21, 74, 28239 }, // U+04D4
    { 24, 16, 430, 1, 16, 48, 28313 }, // U+04D5
    { 15, 28, 286, 2, 28, 53, 28361 }, // U+04D6
    { 15, 23, 280, 1, 23, 44, 28414 }, // U+04D7
    { 20, 21, 353, 1, 21, 53, 28458 }, // U+04D8
    { 15, 16, 280, 1, 16, 30, 28511 }, // U+04D9
    { 20, 28, 353, 1, 28, 70, 28541 }, // U+04DA
    { 15, 23, 280, 1, 23, 44, 28611 }, // U+04DB
    { 28, 28, 453, 0, 28, 98, 28655 }, // U+04DC
    { 24, 23, 382, 0, 23, 69, 28753 }, // U+04DD
    { 17, 28, 286, 0, 28, 60, 28822 }, // U+04DE
    { 13, 23, 245, 1, 23, 38, 28882 }, // U+04DF
    { 17, 21, 284, 0, 21, 45, 28920 }, // U+04E0
    { 15, 22, 236, -1, 16, 42, 28965 }, // U+04E1
    { 18, 27, 364, 2, 27, 61, 29007 }, // U+04E2
    { 15, 22, 299, 2, 22, 42, 29068 }, // U+04E3
    { 18, 28, 364, 2, 28, 63, 29110 }, // U+04E4
    { 15, 23, 299, 2, 23, 44, 29173 }, // U+04E5
    { 22, 28, 389, 1, 28, 77, 29217 }, // U+04E6
    { 16, 23, 295, 1, 23, 46, 29294 }, // U+04E7
    { 22, 21, 389, 1, 21, 58, 29340 }, // U+04E8
    { 16, 16, 295, 1, 16, 32, 29398 }, // U+04E9
    { 22, 28, 389, 1, 28, 77, 29430 }, // U+04EA
    { 16, 23, 295, 1, 23, 46, 29507 }, // U+04EB
    { 18, 28, 310, 0, 28, 63, 29553 }, // U+04EC
    { 13, 23, 249, 1, 23, 38, 29616 }, // U+04ED
    { 18, 27, 294, 0, 27, 61, 29654 }, // U+04EE
    { 15, 28, 249, 0, 22, 53, 29715 }, // U+04EF
    { 18, 28, 294, 0, 28, 63, 29768 }, // U+04F0
    { 15, 29, 249, 0, 23, 55, 29831 }, // U+04F1
    { 18, 29, 294, 0, 29, 66, 29886 }, // U+04F2
    { 15, 30, 249, 0, 24, 57, 29952 }, // U+04F3
    { 16, 28, 316, 1, 28, 56, 30009 }, // U+04F4
    { 14, 23, 267, 1, 23, 41, 30065 }, // U+04F5
    { 14, 27, 255, 2, 21, 48, 30106 }, // U+04F6
    { 11, 21, 209, 2, 16, 29, 30154 }, // U+04F7
    { 22, 28, 428, 2, 28, 77, 30183 }, // U+04F8
    { 20, 23, 379, 2, 23, 58, 30260 }, // U+04F9
    { 18, 19, 316, 1, 19, 43, 30318 }, // U+05D0
    { 16, 19, 286, 1, 19, 38, 30361 }, // U+05D1
    { 11, 20, 187, 0, 19, 28, 30399 }, // U+05D2
    { 15, 19, 271, 1, 19, 36, 30427 }, // U+05D3
    { 17, 19, 314, 1, 19, 41, 30463 }, // U+05D4
    { 6, 19, 151, 1, 19, 15, 30504 }, // U+05D5
    { 9, 19, 165, 1, 19, 22, 30519 }, // U+05D6
    { 18, 19, 331, 1, 19, 43, 30541 }, // U+05D7
    { 18, 19, 317, 1, 19, 43, 30584 }, // U+05D8
    { 6, 11, 148, 1, 19, 9, 30627 }, // U+05D9
    { 14, 25, 273, 1, 19, 44, 30636 }, // U+05DA
    { 14, 19, 258, 1, 19, 34, 30680 }, // U+05DB
    { 15, 25, 261, 1, 25, 47, 30714 }, // U+05DC
    { 19, 19, 342, 1, 19, 46, 30761 }, // U+05DD
    { 19, 19, 330, 1, 19, 46, 30807 }, // U+05DE
    { 7, 25, 165, 1, 19, 22, 30853 }, // U+05DF
    { 9, 19, 190, 1, 19, 22, 30875 }, // U+05E0
    { 18, 19, 322, 1, 19, 43, 30897 }, // U+05E1
    { 17, 21, 297, 1, 20, 45, 30940 }, // U+05E2
    { 17, 25, 310, 1, 19, 54, 30985 }, // U+05E3
    { 17, 19, 301, 1, 19, 41, 31039 }, // U+05E4
    { 16, 25, 265, 0, 19, 50, 31080 }, // U+05E5
    { 15, 19, 278, 1, 19, 36, 31130 }, // U+05E6
    { 17, 25, 314, 2, 19, 54, 31166 }, // U+05E7
    { 13, 19, 262, 1, 19, 31, 31220 }, // U+05E8
    { 19, 19, 365, 2, 19, 46, 31251 }, // U+05E9
    { 19, 19, 343, 1, 19, 46, 31297 }, // U+05EA
    { 5, 8, 164, 2, 7, 5, 31343 }, // U+060C
    { 6, 17, 172, 2, 16, 13, 31348 }, // U+061B
    { 13, 24, 217, 0, 23, 39, 31361 }, // U+061F
    { 12, 14, 206, 0, 12, 21, 31400 }, // U+0621
    { 10, 4, 135, 0, 3, 5, 31421 }, // U+0640
    { 7, 8, 0, 0, 26, 7, 31426 }, // U+0654
    { 6, 6, 286, 6, 12, 5, 31433 }, // U+0660
    { 6, 23, 286, 6, 22, 18, 31438 }, // U+0661
    { 14, 23, 286, 2, 22, 41, 31456 }, // U+0662
    { 16, 23, 286, 1, 22, 46, 31497 }, // U+0663
    { 14, 23, 286, 2, 22, 41, 31543 }, // U+0664
    { 14, 18, 286, 2, 17, 32, 31584 }, // U+0665
    { 14, 23, 286, 2, 22, 41, 31616 }, // U+0666
    { 18, 23, 286, 0, 22, 52, 31657 }, // U+0667
    { 18, 23, 286, 0, 22, 52, 31709 }, // U+0668
    { 14, 23, 286, 2, 22, 41, 31761 }, // U+0669
    { 20, 18, 343, 0, 10, 45, 31802 }, // U+06BA
    { 8, 3, 150, 1, 3, 3, 31847 }, // U+06D4
    { 12, 15, 203, 0, 15, 23, 31850 }, // U+06D5
    { 6, 6, 286, 6, 12, 5, 31873 }, // U+06F0
    { 6, 23, 286, 6, 22, 18, 31878 }, // U+06F1
    { 14, 23, 286, 2, 22, 41, 31896 }, // U+06F2
    { 16, 23, 286, 1, 22, 46, 31937 }, // U+06F3
    { 14, 22, 286, 2, 22, 39, 31983 }, // U+06F4
    { 14, 22, 286, 2, 22, 39, 32022 }, // U+06F5
    { 12, 23, 286, 3, 22, 35, 32061 }, // U+06F6
    { 18, 23, 286, 0, 22, 52, 32096 }, // U+06F7
    { 18, 23, 286, 0, 22, 52, 32148 }, // U+06F8
    { 14, 23, 286, 2, 22, 41, 32200 }, // U+06F9
    { 21, 28, 332, 0, 22, 74, 32241 }, // U+1EA0
    { 13, 23, 261, 1, 17, 38, 32315 }, // U+1EA1
    { 21, 29, 332, 0, 29, 77, 32353 }, // U+1EA2
    { 13, 25, 261, 1, 24, 41, 32430 }, // U+1EA3
    { 21, 33, 332, 0, 33, 87, 32471 }, // U+1EA4
    { 17, 29, 261, 1, 28, 62, 32558 }, // U+1EA5
    { 21, 33, 332, 0, 33, 87, 32620 }, // U+1EA6
    { 14, 29, 261, 1, 28, 51, 32707 }, // U+1EA7
    { 21, 34, 332, 0, 34, 90, 32758 }, // U+1EA8
    { 15, 29, 261, 1, 28, 55, 32848 }, // U+1EA9
    { 21, 34, 332, 0, 34, 90, 32903 }, // U+1EAA
    { 13, 30, 261, 1, 29, 49, 32993 }, // U+1EAB
    { 21, 35, 332, 0, 29, 92, 33042 }, // U+1EAC
    { 13, 31, 261, 1, 25, 51, 33134 }, // U+1EAD
    { 21, 34, 332, 0, 34, 90, 33185 }, // U+1EAE
    { 13, 31, 261, 1, 30, 51, 33275 }, // U+1EAF
    { 21, 35, 332, 0, 35, 92, 33326 }, // U+1EB0
    { 13, 31, 261, 1, 30, 51, 33418 }, // U+1EB1
    { 21, 34, 332, 0, 34, 90, 33469 }, // U+1EB2
    { 13, 30, 261, 1, 29, 49, 33559 }, // U+1EB3
    { 21, 33, 332, 0, 33, 87, 33608 }, // U+1EB4
    { 13, 30, 261, 1, 29, 49, 33695 }, // U+1EB5
    { 21, 35, 332, 0, 29, 92, 33744 }, // U+1EB6
    { 13, 30, 261, 1, 24, 49, 33836 }, // U+1EB7
    { 15, 28, 286, 2, 22, 53, 33885 }, // U+1EB8
    { 15, 23, 280, 1, 17, 44, 33938 }, // U+1EB9
    { 15, 29, 286, 2, 29, 55, 33982 }, // U+1EBA
    { 15, 25, 280, 1, 24, 47, 34037 }, // U+1EBB
    { 15, 29, 286, 2, 29, 55, 34084 }, // U+1EBC
    { 15, 24, 280, 1, 23, 45, 34139 }, // U+1EBD
    { 17, 33, 286, 2, 33, 71, 34184 }, // U+1EBE
    { 17, 29, 280, 1, 28, 62, 34255 }, // U+1EBF
    { 15, 33, 286, 2, 33, 62, 34317 }, // U+1EC0
    { 15, 29, 280, 1, 28, 55, 34379 }, // U+1EC1
    { 15, 33, 286, 2, 33, 62, 34434 }, // U+1EC2
    { 16, 30, 280, 1, 29, 60, 34496 }, // U+1EC3
    { 15, 34, 286, 2, 34, 64, 34556 }, // U+1EC4
    { 15, 30, 280, 1, 29, 57, 34620 }, // U+1EC5
    { 15, 35, 286, 2, 29, 66, 34677 }, // U+1EC6
    { 15, 31, 280, 1, 25, 59, 34743 }, // U+1EC7
    { 7, 29, 135, 1, 29, 26, 34802 }, // U+1EC8
    { 7, 24, 127, 1, 24, 21, 34828 }, // U+1EC9
    { 5, 28, 135, 2, 22, 18, 34849 }, // U+1ECA
    { 4, 29, 127, 2, 23, 15, 34867 }, // U+1ECB
    { 22, 29, 389, 1, 23, 80, 34882 }, // U+1ECC
    { 16, 23, 295, 1, 17, 46, 34962 }, // U+1ECD
    { 22, 30, 389, 1, 29, 83, 35008 }, // U+1ECE
    { 16, 25, 295, 1, 24, 50, 35091 }, // U+1ECF
    { 22, 34, 389, 1, 33, 94, 35141 }, // U+1ED0
    { 17, 29, 295, 1, 28, 62, 35235 }, // U+1ED1
    { 22, 34, 389, 1, 33, 94, 35297 }, // U+1ED2
    { 16, 30, 295, 1, 29, 60, 35391 }, // U+1ED3
    { 22, 34, 389, 1, 33, 94, 35451 }, // U+1ED4
    { 16, 29, 295, 1, 28, 58, 35545 }, // U+1ED5
    { 22, 34, 389, 1, 33, 94, 35603 }, // U+1ED6
    { 16, 30, 295, 1, 29, 60, 35697 }, // U+1ED7
    { 22, 36, 389, 1, 30, 99, 35757 }, // U+1ED8
    { 16, 31, 295, 1, 25, 62, 35856 }, // U+1ED9
    { 22, 31, 389, 1, 30, 86, 35918 }, // U+1EDA
    { 18, 26, 295, 1, 25, 59, 36004 }, // U+1EDB
    { 22, 31, 389, 1, 30, 86, 36063 }, // U+1EDC
    { 18, 26, 295, 1, 25, 59, 36149 }, // U+1EDD
    { 22, 30, 389, 1, 29, 83, 36208 }, // U+1EDE
    { 18, 25, 295, 1, 24, 57, 36291 }, // U+1EDF
    { 22, 29, 389, 1, 28, 80, 36348 }, // U+1EE0
    { 18, 24, 295, 1, 23, 54, 36428 }, // U+1EE1
    { 22, 32, 389, 1, 26, 88, 36482 }, // U+1EE2
    { 18, 26, 295, 1, 20, 59, 36570 }, // U+1EE3
    { 17, 28, 344, 2, 22, 60, 36629 }, // U+1EE4
    { 14, 23, 287, 2, 17, 41, 36689 }, // U+1EE5
    { 17, 30, 344, 2, 29, 64, 36730 }, // U+1EE6
    { 14, 25, 287, 2, 24, 44, 36794 }, // U+1EE7
    { 21, 31, 355, 2, 30, 82, 36838 }, // U+1EE8
    { 18, 26, 299, 2, 25, 59, 36920 }, // U+1EE9
    { 21, 31, 355, 2, 30, 82, 36979 }, // U+1EEA
    { 18, 26, 299, 2, 25, 59, 37061 }, // U+1EEB
    { 21, 30, 355, 2, 29, 79, 37120 }, // U+1EEC
    { 18, 25, 299, 2, 24, 57, 37199 }, // U+1EED
    { 21, 29, 355, 2, 28, 77, 37256 }, // U+1EEE
    { 18, 24, 299, 2, 23, 54, 37333 }, // U+1EEF
    { 21, 32, 355, 2, 26, 84, 37387 }, // U+1EF0
    { 18, 26, 299, 2, 20, 59, 37471 }, // U+1EF1
    { 19, 29, 299, 0, 29, 69, 37530 }, // U+1EF2
    { 15, 31, 249, 0, 25, 59, 37599 }, // U+1EF3
    { 19, 28, 299, 0, 22, 67, 37658 }, // U+1EF4
    { 15, 23, 249, 0, 17, 44, 37725 }, // U+1EF5
    { 19, 29, 299, 0, 29, 69, 37769 }, // U+1EF6
    { 15, 30, 249, 0, 24, 57, 37838 }, // U+1EF7
    { 19, 29, 299, 0, 29, 69, 37895 }, // U+1EF8
    { 15, 29, 249, 0, 23, 55, 37964 }, // U+1EF9
    { 0, 0, 65, 0, 0, 0, 38019 }, // U+2009
    { 0, 0, 0, 0, 0, 0, 38019 }, // U+200B
    { 2, 23, 0, -1, 22, 6, 38019 }, // U+200C
    { 8, 23, 0, -4, 22, 23, 38025 }, // U+200D
    { 8, 23, 0, -1, 21, 23, 38048 }, // U+200E
    { 8, 23, 0, -7, 21, 23, 38071 }, // U+200F
    { 8, 3, 161, 1, 10, 3, 38094 }, // U+2010
    { 8, 3, 161, 1, 10, 3, 38097 }, // U+2011
    { 17, 2, 248, -1, 10, 5, 38100 }, // U+2013
    { 32, 2, 498, -1, 10, 8, 38105 }, // U+2014
    { 32, 2, 498, -1, 10, 8, 38113 }, // U+2015
    { 6, 8, 118, 1, 24, 6, 38121 }, // U+2018
    { 5, 7, 118, 1, 23, 5, 38127 }, // U+2019
    { 5, 8, 118, 1, 4, 5, 38132 }, // U+201A
    { 11, 8, 209, 1, 24, 11, 38137 }, // U+201C
    { 11, 7, 209, 1, 23, 10, 38148 }, // U+201D
    { 11, 8, 209, 1, 4, 11, 38158 }, // U+201E
    { 13, 26, 238, 1, 21, 43, 38169 }, // U+2020
    { 13, 26, 238, 1, 21, 43, 38212 }, // U+2021
    { 9, 8, 180, 1, 15, 9, 38255 }, // U+2022
    { 25, 4, 498, 3, 4, 13, 38264 }, // U+2026
    { 0, 0, 65, 0, 0, 0, 38277 }, // U+202F
    { 36, 21, 614, 1, 21, 95, 38277 }, // U+2030
    { 8, 13, 146, 0, 15, 13, 38372 }, // U+2039
    { 8, 13, 146, 1, 15, 13, 38385 }, // U+203A
    { 16, 21, 74, -6, 21, 42, 38398 }, // U+2044
    { 6, 17, 172, 2, 16, 13, 38440 }, // U+204F
    { 11, 12, 180, 0, 22, 17, 38453 }, // U+2070
    { 11, 12, 180, 0, 22, 17, 38470 }, // U+2074
    { 9, 12, 180, 1, 22, 14, 38487 }, // U+2075
    { 10, 12, 180, 1, 22, 15, 38501 }, // U+2076
    { 10, 12, 180, 1, 22, 15, 38516 }, // U+2077
    { 11, 12, 180, 0, 22, 17, 38531 }, // U+2078
    { 11, 12, 180, 0, 22, 17, 38548 }, // U+2079
    { 11, 12, 180, 0, 12, 17, 38565 }, // U+2080
    { 7, 12, 180, 1, 12, 11, 38582 }, // U+2081
    { 10, 12, 180, 0, 12, 15, 38593 }, // U+2082
    { 10, 12, 180, 0, 12, 15, 38608 }, // U+2083
    { 11, 12, 180, 0, 12, 17, 38623 }, // U+2084
    { 9, 12, 180, 1, 12, 14, 38640 }, // U+2085
    { 10, 12, 180, 1, 12, 15, 38654 }, // U+2086
    { 10, 12, 180, 1, 12, 15, 38669 }, // U+2087
    { 11, 12, 180, 0, 12, 17, 38684 }, // U+2088
    { 11, 12, 180, 0, 12, 17, 38701 }, // U+2089
    { 21, 19, 396, 2, 19, 50, 38718 }, // U+20AA
    { 17, 21, 282, 1, 21, 45, 38768 }, // U+20AC
    { 16, 21, 282, 1, 21, 42, 38813 }, // U+20AE
    { 16, 21, 282, 1, 21, 42, 38855 }, // U+20B4
    { 16, 21, 282, 2, 21, 42, 38897 }, // U+20B9
    { 16, 23, 293, 1, 23, 46, 38939 }, // U+2202
    { 20, 21, 326, 0, 21, 53, 38985 }, // U+2206
    { 17, 24, 349, 2, 21, 51, 39038 }, // U+220F
    { 16, 24, 258, 0, 21, 48, 39089 }, // U+2211
    { 15, 2, 282, 1, 10, 4, 39137 }, // U+2212
    { 16, 21, 74, -6, 21, 42, 39141 }, // U+2215
    { 5, 4, 123, 1, 11, 3, 39183 }, // U+2219
    { 18, 25, 282, 0, 24, 57, 39186 }, // U+221A
    { 18, 9, 294, 0, 14, 21, 39243 }, // U+221E
    { 12, 30, 185, 0, 24, 45, 39264 }, // U+222B
    { 16, 11, 282, 1, 14, 22, 39309 }, // U+2248
    { 15, 16, 282, 1, 17, 30, 39331 }, // U+2260
    { 15, 18, 282, 1, 18, 34, 39361 }, // U+2264
    { 15, 18, 282, 1, 18, 34, 39395 }, // U+2265
    { 23, 24, 388, 2, 24, 69, 39429 }, // U+FB00
    { 16, 24, 322, 2, 24, 48, 39498 }, // U+FB01
    { 18, 24, 332, 2, 24, 54, 39546 }, // U+FB02
    { 28, 24, 517, 2, 24, 84, 39600 }, // U+FB03
    { 30, 24, 527, 2, 24, 90, 39684 }, // U+FB04
    { 30, 24, 497, 0, 13, 90, 39774 }, // U+FB56
    { 36, 22, 547, 0, 11, 99, 39864 }, // U+FB57
    { 9, 23, 150, -1, 13, 26, 39963 }, // U+FB58
    { 14, 19, 187, 0, 9, 34, 39989 }, // U+FB59
    { 30, 23, 497, 0, 22, 87, 40023 }, // U+FB66
    { 36, 23, 547, 0, 22, 104, 40110 }, // U+FB67
    { 9, 26, 135, 0, 25, 30, 40214 }, // U+FB68
    { 14, 22, 187, 0, 21, 39, 40244 }, // U+FB69
    { 20, 26, 330, 0, 13, 65, 40283 }, // U+FB7A
    { 25, 26, 360, 0, 13, 82, 40348 }, // U+FB7B
    { 18, 21, 295, 0, 11, 48, 40430 }, // U+FB7C
    { 22, 21, 319, 0, 11, 58, 40478 }, // U+FB7D
    { 13, 28, 239, 1, 27, 46, 40536 }, // U+FB88
    { 18, 28, 266, 1, 27, 63, 40582 }, // U+FB89
    { 11, 30, 184, -1, 22, 42, 40645 }, // U+FB8A
    { 15, 30, 198, -1, 22, 57, 40687 }, // U+FB8B
    { 12, 32, 184, -1, 24, 48, 40744 }, // U+FB8C
    { 15, 32, 198, -1, 24, 60, 40792 }, // U+FB8D
    { 28, 24, 439, 0, 23, 84, 40852 }, // U+FB8E
    { 33, 24, 488, 0, 23, 99, 40936 }, // U+FB8F
    { 14, 24, 206, 0, 23, 42, 41035 }, // U+FB90
    { 18, 24, 254, 0, 23, 54, 41077 }, // U+FB91
    { 28, 27, 439, 0, 26, 95, 41131 }, // U+FB92
    { 33, 27, 488, 0, 26, 112, 41226 }, // U+FB93
    { 14, 27, 206, 0, 26, 48, 41338 }, // U+FB94
    { 18, 27, 254, 0, 26, 61, 41386 }, // U+FB95
    { 20, 18, 343, 0, 10, 45, 41447 }, // U+FB9E
    { 25, 17, 365, 0, 9, 54, 41492 }, // U+FB9F
    { 12, 15, 203, 0, 15, 23, 41546 }, // U+FBA6
    { 17, 12, 240, 0, 11, 26, 41569 }, // U+FBA7
    { 7, 19, 135, 0, 13, 17, 41595 }, // U+FBA8
    { 16, 14, 219, 0, 5, 28, 41612 }, // U+FBA9
    { 20, 17, 336, 0, 16, 43, 41640 }, // U+FBAA
    { 21, 20, 307, 0, 13, 53, 41683 }, // U+FBAB
    { 17, 17, 287, 0, 16, 37, 41736 }, // U+FBAC
    { 18, 20, 254, 0, 13, 45, 41773 }, // U+FBAD
    { 28, 16, 471, 1, 15, 56, 41818 }, // U+FBAE
    { 19, 12, 275, 0, 3, 29, 41874 }, // U+FBAF
    { 28, 24, 471, 1, 23, 84, 41903 }, // U+FBB0
    { 19, 20, 275, 0, 11, 48, 41987 }, // U+FBB1
    { 24, 22, 380, 0, 14, 66, 42035 }, // U+FBFC
    { 25, 14, 368, 0, 6, 44, 42101 }, // U+FBFD
    { 9, 19, 150, -1, 13, 22, 42145 }, // U+FBFE
    { 14, 15, 187, 0, 9, 27, 42167 }, // U+FBFF
    { 12, 14, 206, 0, 12, 21, 42194 }, // U+FE80
    { 11, 27, 118, -2, 27, 38, 42215 }, // U+FE81
    { 13, 30, 146, -2, 29, 49, 42253 }, // U+FE82
    { 7, 30, 118, 0, 30, 27, 42302 }, // U+FE83
    { 11, 33, 146, 0, 32, 46, 42329 }, // U+FE84
    { 12, 28, 224, 1, 20, 42, 42375 }, // U+FE85
    { 16, 28, 236, 1, 20, 56, 42417 }, // U+FE86
    { 7, 33, 119, 1, 23, 29, 42473 }, // U+FE87
    { 10, 33, 146, 1, 23, 42, 42502 }, // U+FE88
    { 24, 23, 380, 0, 15, 69, 42544 }, // U+FE89
    { 25, 23, 368, 0, 15, 72, 42613 }, // U+FE8A
    { 7, 23, 135, 0, 22, 21, 42685 }, // U+FE8B
    { 13, 20, 172, 0, 19, 33, 42706 }, // U+FE8C
    { 4, 23, 119, 2, 23, 12, 42739 }, // U+FE8D
    { 9, 24, 146, 2, 23, 27, 42751 }, // U+FE8E
    { 30, 20, 497, 0, 13, 75, 42778 }, // U+FE8F
    { 36, 18, 547, 0, 11, 81, 42853 }, // U+FE90
    { 7, 19, 135, 0, 13, 17, 42934 }, // U+FE91
    { 13, 15, 172, 0, 9, 25, 42951 }, // U+FE92
    { 12, 21, 203, 0, 21, 32, 42976 }, // U+FE93
    { 17, 24, 243, 0, 23, 51, 43008 }, // U+FE94
    { 30, 17, 497, 0, 16, 64, 43059 }, // U+FE95
    { 36, 17, 547, 0, 16, 77, 43123 }, // U+FE96
    { 8, 20, 135, 0, 19, 20, 43200 }, // U+FE97
    { 14, 16, 187, 0, 15, 28, 43220 }, // U+FE98
    { 30, 21, 497, 0, 20, 79, 43248 }, // U+FE99
    { 36, 21, 547, 0, 20, 95, 43327 }, // U+FE9A
    { 8, 24, 135, 0, 23, 24, 43422 }, // U+FE9B
    { 14, 20, 187, 0, 19, 35, 43446 }, // U+FE9C
    { 19, 26, 320, 0, 13, 62, 43481 }, // U+FE9D
    { 22, 26, 325, 0, 13, 72, 43543 }, // U+FE9E
    { 18, 17, 295, 0, 11, 39, 43615 }, // U+FE9F
    { 22, 17, 319, 0, 11, 47, 43654 }, // U+FEA0
    { 19, 26, 320, 0, 13, 62, 43701 }, // U+FEA1
    { 22, 26, 325, 0, 13, 72, 43763 }, // U+FEA2
    { 18, 12, 295, 0, 11, 27, 43835 }, // U+FEA3
    { 22, 12, 319, 0, 11, 33, 43862 }, // U+FEA4
    { 19, 33, 320, 0, 20, 79, 43895 }, // U+FEA5
    { 22, 33, 325, 0, 20, 91, 43974 }, // U+FEA6
    { 18, 19, 295, 0, 18, 43, 44065 }, // U+FEA7
    { 22, 19, 319, 0, 18, 53, 44108 }, // U+FEA8
    { 13, 16, 239, 1, 15, 26, 44161 }, // U+FEA9
    { 18, 16, 266, 1, 15, 36, 44187 }, // U+FEAA
    { 13, 22, 239, 1, 21, 36, 44223 }, // U+FEAB
    { 18, 22, 266, 1, 21, 50, 44259 }, // U+FEAC
    { 11, 19, 184, -1, 11, 27, 44309 }, // U+FEAD
    { 15, 19, 198, -1, 11, 36, 44336 }, // U+FEAE
    { 11, 26, 184, -1, 18, 36, 44372 }, // U+FEAF
    { 15, 26, 198, -1, 18, 49, 44408 }, // U+FEB0
    { 37, 21, 605, 0, 13, 98, 44457 }, // U+FEB1
    { 42, 19, 635, 0, 11, 100, 44555 }, // U+FEB2
    { 23, 14, 392, 0, 13, 41, 44655 }, // U+FEB3
    { 29, 12, 425, 0, 11, 44, 44696 }, // U+FEB4
    { 37, 29, 605, 0, 21, 135, 44740 }, // U+FEB5
    { 42, 29, 635, 0, 21, 153, 44875 }, // U+FEB6
    { 23, 22, 392, 0, 21, 64, 45028 }, // U+FEB7
    { 29, 22, 425, 0, 21, 80, 45092 }, // U+FEB8
    { 40, 20, 653, 0, 12, 100, 45172 }, // U+FEB9
    { 44, 20, 676, 0, 12, 110, 45272 }, // U+FEBA
    { 27, 13, 452, 0, 12, 44, 45382 }, // U+FEBB
    { 32, 13, 475, 0, 12, 52, 45426 }, // U+FEBC
    { 40, 26, 653, 0, 18, 130, 45478 }, // U+FEBD
    { 44, 26, 676, 0, 18, 143, 45608 }, // U+FEBE
    { 27, 19, 452, 0, 18, 65, 45751 }, // U+FEBF
    { 32, 19, 475, 0, 18, 76, 45816 }, // U+FEC0
    { 24, 24, 394, 0, 23, 72, 45892 }, // U+FEC1
    { 28, 24, 416, 0, 23, 84, 45964 }, // U+FEC2
    { 20, 24, 339, 0, 23, 60, 46048 }, // U+FEC3
    { 24, 24, 355, 0, 23, 72, 46108 }, // U+FEC4
    { 24, 24, 394, 0, 23, 72, 46180 }, // U+FEC5
    { 28, 24, 416, 0, 23, 84, 46252 }, // U+FEC6
    { 20, 24, 339, 0, 23, 60, 46336 }, // U+FEC7
    { 24, 24, 355, 0, 23, 72, 46396 }, // U+FEC8
    { 19, 29, 254, 0, 16, 69, 46468 }, // U+FEC9
    { 19, 26, 266, 0, 13, 62, 46537 }, // U+FECA
    { 15, 15, 252, 0, 14, 29, 46599 }, // U+FECB
    { 18, 14, 261, 0, 13, 32, 46628 }, // U+FECC
    { 19, 35, 254, 0, 22, 84, 46660 }, // U+FECD
    { 19, 32, 266, 0, 19, 76, 46744 }, // U+FECE
    { 15, 21, 252, 0, 20, 40, 46820 }, // U+FECF
    { 18, 20, 261, 0, 19, 45, 46860 }, // U+FED0
    { 30, 23, 492, 0, 22, 87, 46905 }, // U+FED1
    { 36, 21, 549, 0, 20, 95, 46992 }, // U+FED2
    { 13, 23, 224, 0, 22, 38, 47087 }, // U+FED3
    { 18, 21, 248, 0, 20, 48, 47125 }, // U+FED4
    { 23, 26, 387, 0, 20, 75, 47173 }, // U+FED5
    { 27, 26, 404, 0, 17, 88, 47248 }, // U+FED6
    { 13, 23, 224, 0, 22, 38, 47336 }, // U+FED7
    { 18, 21, 248, 0, 20, 48, 47374 }, // U+FED8
    { 26, 24, 441, 0, 23, 78, 47422 }, // U+FED9
    { 31, 24, 461, 0, 23, 93, 47500 }, // U+FEDA
    { 14, 24, 206, 0, 23, 42, 47593 }, // U+FEDB
    { 18, 24, 254, 0, 23, 54, 47635 }, // U+FEDC
    { 20, 31, 348, 0, 23, 78, 47689 }, // U+FEDD
    { 25, 31, 365, 0, 23, 97, 47767 }, // U+FEDE
    { 7, 24, 130, 0, 23, 21, 47864 }, // U+FEDF
    { 11, 24, 150, 0, 23, 33, 47885 }, // U+FEE0
    { 14, 25, 242, 0, 12, 44, 47918 }, // U+FEE1
    { 20, 25, 281, 0, 12, 63, 47962 }, // U+FEE2
    { 15, 13, 263, 0, 12, 25, 48025 }, // U+FEE3
    { 20, 13, 289, 0, 12, 33, 48050 }, // U+FEE4
    { 20, 24, 343, 0, 16, 60, 48083 }, // U+FEE5
    { 25, 24, 365, 0, 16, 75, 48143 }, // U+FEE6
    { 7, 20, 135, 0, 19, 18, 48218 }, // U+FEE7
    { 13, 16, 172, 0, 15, 26, 48236 }, // U+FEE8
    { 12, 15, 203, 0, 15, 23, 48262 }, // U+FEE9
    { 17, 18, 243, 0, 17, 39, 48285 }, // U+FEEA
    { 17, 17, 287, 0, 16, 37, 48324 }, // U+FEEB
    { 18, 20, 254, 0, 13, 45, 48361 }, // U+FEEC
    { 12, 19, 224, 1, 11, 29, 48406 }, // U+FEED
    { 16, 19, 236, 1, 11, 38, 48435 }, // U+FEEE
    { 24, 22, 380, 0, 14, 66, 48473 }, // U+FEEF
    { 25, 14, 368, 0, 6, 44, 48539 }, // U+FEF0
    { 24, 27, 380, 0, 14, 81, 48583 }, // U+FEF1
    { 25, 19, 368, 0, 6, 60, 48664 }, // U+FEF2
    { 9, 19, 150, -1, 13, 22, 48724 }, // U+FEF3
    { 14, 15, 187, 0, 9, 27, 48746 }, // U+FEF4
    { 20, 24, 291, -3, 24, 60, 48773 }, // U+FEF5
    { 23, 25, 300, -2, 24, 72, 48833 }, // U+FEF6
    { 18, 27, 291, -1, 27, 61, 48905 }, // U+FEF7
    { 21, 28, 300, 0, 27, 74, 48966 }, // U+FEF8
    { 16, 33, 291, 1, 23, 66, 49040 }, // U+FEF9
    { 20, 33, 300, 1, 23, 83, 49106 }, // U+FEFA
    { 16, 23, 291, 1, 23, 46, 49189 }, // U+FEFB
    { 20, 24, 300, 1, 23, 60, 49235 }, // U+FEFC
};

static const EpdUnicodeInterval ubuntu_15_regularIntervals[] = {
    { 0x0, 0x0, 0x0 },
    { 0x8, 0x9, 0x1 },
    { 0xD, 0xD, 0x3 },
    { 0x1D, 0x1D, 0x4 },
    { 0x20, 0x7E, 0x5 },
    { 0xA0, 0x17F, 0x64 },
    { 0x1A0, 0x1A1, 0x144 },
    { 0x1AF, 0x1B0, 0x146 },
    { 0x1C4, 0x21F, 0x148 },
    { 0x300, 0x304, 0x1A4 },
    { 0x306, 0x308, 0x1A9 },
    { 0x30A, 0x30C, 0x1AC },
    { 0x311, 0x312, 0x1AF },
    { 0x326, 0x328, 0x1B1 },
    { 0x34F, 0x34F, 0x1B4 },
    { 0x400, 0x45F, 0x1B5 },
    { 0x462, 0x463, 0x215 },
    { 0x472, 0x475, 0x217 },
    { 0x48A, 0x4F9, 0x21B },
    { 0x5D0, 0x5EA, 0x28B },
    { 0x60C, 0x60C, 0x2A6 },
    { 0x61B, 0x61B, 0x2A7 },
    { 0x61F, 0x61F, 0x2A8 },
    { 0x621, 0x621, 0x2A9 },
    { 0x640, 0x640, 0x2AA },
    { 0x654, 0x654, 0x2AB },
    { 0x660, 0x669, 0x2AC },
    { 0x6BA, 0x6BA, 0x2B6 },
    { 0x6D4, 0x6D5, 0x2B7 },
    { 0x6F0, 0x6F9, 0x2B9 },
    { 0x1EA0, 0x1EF9, 0x2C3 },
    { 0x2009, 0x2009, 0x31D },
    { 0x200B, 0x2011, 0x31E },
    { 0x2013, 0x2015, 0x325 },
    { 0x2018, 0x201A, 0x328 },
    { 0x201C, 0x201E, 0x32B },
    { 0x2020, 0x2022, 0x32E },
    { 0x2026, 0x2026, 0x331 },
    { 0x202F, 0x2030, 0x332 },
    { 0x2039, 0x203A, 0x334 },
    { 0x2044, 0x2044, 0x336 },
    { 0x204F, 0x204F, 0x337 },
    { 0x2070, 0x2070, 0x338 },
    { 0x2074, 0x2079, 0x339 },
    { 0x2080, 0x2089, 0x33F },
    { 0x20AA, 0x20AA, 0x349 },
    { 0x20AC, 0x20AC, 0x34A },
    { 0x20AE, 0x20AE, 0x34B },
    { 0x20B4, 0x20B4, 0x34C },
    { 0x20B9, 0x20B9, 0x34D },
    { 0x2202, 0x2202, 0x34E },
    { 0x2206, 0x2206, 0x34F },
    { 0x220F, 0x220F, 0x350 },
    { 0x2211, 0x2212, 0x351 },
    { 0x2215, 0x2215, 0x353 },
    { 0x2219, 0x221A, 0x354 },
    { 0x221E, 0x221E, 0x356 },
    { 0x222B, 0x222B, 0x357 },
    { 0x2248, 0x2248, 0x358 },
    { 0x2260, 0x2260, 0x359 },
    { 0x2264, 0x2265, 0x35A },
    { 0xFB00, 0xFB04, 0x35C },
    { 0xFB56, 0xFB59, 0x361 },
    { 0xFB66, 0xFB69, 0x365 },
    { 0xFB7A, 0xFB7D, 0x369 },
    { 0xFB88, 0xFB95, 0x36D },
    { 0xFB9E, 0xFB9F, 0x37B },
    { 0xFBA6, 0xFBB1, 0x37D },
    { 0xFBFC, 0xFBFF, 0x389 },
    { 0xFE80, 0xFEFC, 0x38D },
};

static const uint16_t ubuntu_15_regularKernLeftCodepoints[] = {
    0x0022, 0x0027, 0x0028, 0x0029, 0x002A, 0x002C, 0x002D, 0x002E, 0x002F, 0x003A, 0x003B, 0x0040,
    0x0041, 0x0042, 0x0043, 0x0044, 0x0045, 0x0046, 0x0047, 0x004A, 0x004B, 0x004C, 0x004D, 0x004F,
    0x0050, 0x0051, 0x0052, 0x0054, 0x0055, 0x0056, 0x0057, 0x0058, 0x0059, 0x005A, 0x005B, 0x005D,
    0x0061, 0x0062, 0x0063, 0x0066, 0x0068, 0x006A, 0x006B, 0x006D, 0x006E, 0x006F, 0x0070, 0x0071,
    0x0072, 0x0074, 0x0076, 0x0077, 0x0078, 0x007A, 0x007B, 0x007D, 0x00A1, 0x00AB, 0x00BB, 0x00BF,
    0x00C0, 0x00C1, 0x00C2, 0x00C3, 0x00C4, 0x00C5, 0x00C6, 0x00C7, 0x00C8, 0x00C9, 0x00CA, 0x00CB,
    0x00D0, 0x00D2, 0x00D3, 0x00D4, 0x00D5, 0x00D6, 0x00D8, 0x00D9, 0x00DA, 0x00DB, 0x00DC, 0x00DD,
    0x00DE, 0x00DF, 0x00E0, 0x00E1, 0x00E2, 0x00E3, 0x00E4, 0x00E5, 0x00E7, 0x00F0, 0x00F1, 0x00F2,
    0x00F3, 0x00F4, 0x00F5, 0x00F6, 0x00F8, 0x00FE, 0x0100, 0x0101, 0x0102, 0x0103, 0x0104, 0x0105,
    0x0106, 0x0107, 0x0108, 0x0109, 0x010A, 0x010B, 0x010C, 0x010D, 0x010E, 0x010F, 0x0110, 0x0112,
    0x0114, 0x0116, 0x0118, 0x011A, 0x011C, 0x011E, 0x0120, 0x0122, 0x0125, 0x0127, 0x0132, 0x0133,
    0x0134, 0x0135, 0x0136, 0x0137, 0x0138, 0x0139, 0x013B, 0x013D, 0x013E, 0x013F, 0x0141, 0x0144,
    0x0146, 0x0148, 0x0149, 0x014A, 0x014B, 0x014C, 0x014D, 0x014E, 0x014F, 0x0150, 0x0151, 0x0152,
    0x0154, 0x0155, 0x0156, 0x0157, 0x0158, 0x0159, 0x0162, 0x0163, 0x0164, 0x0165, 0x0166, 0x0167,
    0x0168, 0x016A, 0x016C, 0x016E, 0x0170, 0x0172, 0x0174, 0x0175, 0x0176, 0x0178, 0x0179, 0x017A,
    0x017B, 0x017C, 0x017D, 0x017E, 0x017F, 0x01C4, 0x01C5, 0x01C6, 0x01C7, 0x01C8, 0x01C9, 0x01CA,
    0x01CB, 0x01CC, 0x01CD, 0x01CE, 0x01D1, 0x01D2, 0x01D3, 0x01D5, 0x01D7, 0x01D9, 0x01DB, 0x01DD,
    0x01DE, 0x01DF, 0x01E0, 0x01E1, 0x01E2, 0x01E4, 0x01E6, 0x01E8, 0x01E9, 0x01EA, 0x01EB, 0x01EC,
    0x01ED, 0x01EE, 0x01F0, 0x01F1, 0x01F2, 0x01F3, 0x01F4, 0x01F7, 0x01F9, 0x01FA, 0x01FB, 0x01FC,
    0x01FE, 0x01FF, 0x0200, 0x0201, 0x0202, 0x0203, 0x0204, 0x0206, 0x020C, 0x020D, 0x020E, 0x020F,
    0x0210, 0x0211, 0x0212, 0x0213, 0x0214, 0x0216, 0x021A, 0x021B, 0x021C, 0x021F, 0x0400, 0x0401,
    0x0402, 0x0403, 0x0404, 0x0405, 0x040B, 0x040C, 0x040E, 0x0410, 0x0411, 0x0412, 0x0413, 0x0414,
    0x0415, 0x0417, 0x041A, 0x041C, 0x041E, 0x0420, 0x0421, 0x0422, 0x0423, 0x0424, 0x0425, 0x0426,
    0x0429, 0x042D, 0x042E, 0x0430, 0x0431, 0x0432, 0x0433, 0x0434, 0x0435, 0x0436, 0x0437, 0x043A,
    0x043E, 0x0440, 0x0441, 0x0442, 0x0443, 0x0444, 0x0445, 0x0446, 0x0449, 0x044A, 0x044C, 0x044D,
    0x044E, 0x0450, 0x0451, 0x0452, 0x0453, 0x0454, 0x0455, 0x0459, 0x045A, 0x045B, 0x045C, 0x045E,
    0x0462, 0x0463, 0x0472, 0x0473, 0x0474, 0x0475, 0x048A, 0x048B, 0x048D, 0x048F, 0x0490, 0x0491,
    0x0492, 0x0493, 0x0494, 0x0495, 0x0497, 0x0498, 0x0499, 0x049A, 0x049B, 0x049C, 0x049D, 0x049E,
    0x049F, 0x04A0, 0x04A1, 0x04A2, 0x04A3, 0x04A4, 0x04A5, 0x04A7, 0x04A8, 0x04A9, 0x04AA, 0x04AB,
    0x04AC, 0x04AD, 0x04AE, 0x04AF, 0x04B0, 0x04B1, 0x04B2, 0x04B3, 0x04B4, 0x04B5, 0x04B6, 0x04B7,
    0x04BA, 0x04BB, 0x04BC, 0x04BD, 0x04BE, 0x04BF, 0x04C2, 0x04C4, 0x04C6, 0x04C8, 0x04C9, 0x04CA,
    0x04CD, 0x04CE, 0x04D0, 0x04D1, 0x04D2, 0x04D3, 0x04D5, 0x04D6, 0x04D7, 0x04D8, 0x04D9, 0x04DA,
    0x04DB, 0x04DD, 0x04DE, 0x04DF, 0x04E0, 0x04E1, 0x04E6, 0x04E7, 0x04E8, 0x04E9, 0x04EA, 0x04EB,
    0x04EC, 0x04ED, 0x04EE, 0x04EF, 0x04F0, 0x04F1, 0x04F2, 0x04F3, 0x04F6, 0x04F7, 0x05D0, 0x05D1,
    0x05D2, 0x05D3, 0x05D5, 0x05D6, 0x05D8, 0x05D9, 0x05DB, 0x05DC, 0x05DE, 0x05E0, 0x05E1, 0x05E2,
    0x05E4, 0x05E6, 0x05E8, 0x05E9, 0x05EA, 0x1EF2, 0x2013, 0x2014, 0x2018, 0x201A, 0x201C, 0x201E,
    0x2026, 0x2039, 0x203A, 0xFB00, 0xFB8C, 0xFEAD, 0xFEAE, 0xFEAF,
};

static const uint8_t ubuntu_15_regularKernLeftClassIds[] = {
      1,   1,   2,   3,   4,   5,   6,   5,   7,   8,   8,   9,  10,  11,  12,  13,
     14,  15,  16,  17,  18,  19,  20,  21,  22,  23,  24,  25,  26,  27,  28,  29,
     30,  31,  32,  33,  34,  35,  36,  37,  38,  39,  40,  41,  41,  42,  43,  44,
     45,  46,  47,  48,  49,  50,  51,  52,  53,  54,  55,  56,  10,  10,  10,  10,
     10,  10,  14,  12,  14,  14,  14,  14,  13,  21,  21,  21,  21,  21,  21,  26,
     26,  26,  26,  30,  57,  58,  34,  34,  34,  34,  34,  34,  36,  59,  41,  42,
     42,  42,  42,  42,  42,  60,  10,  34,  10,  34,  10,  34,  12,  36,  12,  36,
     12,  36,  12,  36,  13,  61,  13,  14,  14,  14,  14,  14,  16,  16,  16,  16,
     38,  38,  17,  39,  17,  39,  18,  40,  40,  19,  19,  19,  61,  19,  19,  41,
     41,  41,  41,  62,  63,  21,  42,  21,  42,  21,  42,  14,  24,  45,  24,  45,
     24,  45,  25,  46,  25,  46,  25,  46,  26,  26,  26,  26,  26,  26,  28,  48,
     30,  30,  31,  50,  31,  50,  31,  50,  37,  31,  50,  50,  17,  39,  39,  17,
     39,  39,  10,  34,  21,  42,  26,  26,  26,  26,  26,  42,  10,  34,  10,  34,
     14,  16,  16,  18,  40,  21,  42,  21,  42,  64,  39,  31,  50,  50,  16,  65,
     41,  10,  34,  14,  21,  42,  10,  34,  10,  34,  14,  14,  21,  42,  21,  42,
     24,  45,  24,  45,  26,  26,  25,  46,  66,  38,  67,  67,  68,  69,  70,  71,
     72,  73,  74,  75,  68,  76,  69,  77,  67,  78,  73,  79,  80,  81,  70,  82,
     74,  83,  84,  85,  85,  86,  80,  87,  88,  89,  90,  91,  92,  93,  94,  95,
     96,  97,  98,  99, 100, 101, 102, 103, 103, 104, 104, 105, 106,  92,  92, 107,
     90, 108, 109, 104, 104, 110,  95, 100,  68, 111,  80,  96, 112, 113,  85, 103,
    104,  97,  69,  90,  69,  90,  68, 114,  93,  78,  94,  73,  95,  73,  95,  73,
     95,  73,  95,  85, 103,  82,  90, 115, 116, 117,  70,  98,  82,  99, 118, 119,
    118, 119,  84, 102,  85, 103,  85, 103, 120, 121, 122, 123, 122, 123,  93, 124,
    103, 125,  85, 103,  85, 103,  75,  87,  75,  87, 126,  67,  92, 127, 128, 127,
    128,  93,  78,  94, 129, 130,  80,  96,  80,  96,  80,  96,  86,  94,  74, 100,
     74, 100,  74, 100,  69,  90, 131, 132, 133, 134, 135, 136, 137, 138, 139, 140,
    141, 142, 143, 144, 145, 146, 147, 148, 149,  30,   6,   6, 150, 151, 150, 151,
      5,  54,  55,  37, 152, 152, 152, 152,
};

static const uint16_t ubuntu_15_regularKernRightCodepoints[] = {
    0x0021, 0x0022, 0x0027, 0x0028, 0x0029, 0x002A, 0x002C, 0x002D, 0x002E, 0x002F, 0x003A, 0x003B,
    0x003F, 0x0040, 0x0041, 0x0043, 0x0047, 0x004A, 0x004D, 0x004F, 0x0051, 0x0053, 0x0054, 0x0055,
    0x0056, 0x0057, 0x0058, 0x0059, 0x005A, 0x005B, 0x005C, 0x005D, 0x0061, 0x0062, 0x0063, 0x0064,
    0x0065, 0x0066, 0x0067, 0x0068, 0x0069, 0x006A, 0x006B, 0x006C, 0x006D, 0x006E, 0x006F, 0x0070,
    0x0071, 0x0072, 0x0073, 0x0074, 0x0075, 0x0076, 0x0077, 0x0078, 0x0079, 0x007A, 0x007B, 0x007D,
    0x00AB, 0x00BB, 0x00C0, 0x00C1, 0x00C2, 0x00C3, 0x00C4, 0x00C5, 0x00C6, 0x00C7, 0x00D2, 0x00D3,
    0x00D4, 0x00D5, 0x00D6, 0x00D8, 0x00D9, 0x00DA, 0x00DB, 0x00DC, 0x00DD, 0x00DF, 0x00E0, 0x00E1,
    0x00E2, 0x00E3, 0x00E4, 0x00E5, 0x00E6, 0x00E7, 0x00E8, 0x00E9, 0x00EA, 0x00EB, 0x00EC, 0x00ED,
    0x00EE, 0x00EF, 0x00F0, 0x00F1, 0x00F2, 0x00F3, 0x00F4, 0x00F5, 0x00F6, 0x00F8, 0x00F9, 0x00FA,
    0x00FB, 0x00FC, 0x00FD, 0x00FE, 0x00FF, 0x0100, 0x0101, 0x0102, 0x0103, 0x0104, 0x0105, 0x0106,
    0x0107, 0x0108, 0x0109, 0x010A, 0x010B, 0x010C, 0x010D, 0x010F, 0x0111, 0x0113, 0x0115, 0x0117,
    0x0119, 0x011B, 0x011C, 0x011D, 0x011E, 0x011F, 0x0120, 0x0121, 0x0122, 0x0123, 0x0125, 0x0127,
    0x0129, 0x012B, 0x012D, 0x012F, 0x0131, 0x0133, 0x0134, 0x0135, 0x0137, 0x013A, 0x013C, 0x013E,
    0x0140, 0x0142, 0x0144, 0x0146, 0x0148, 0x0149, 0x014A, 0x014B, 0x014C, 0x014D, 0x014E, 0x014F,
    0x0150, 0x0151, 0x0152, 0x0153, 0x0155, 0x0157, 0x0159, 0x015A, 0x015B, 0x015C, 0x015D, 0x015E,
    0x015F, 0x0160, 0x0161, 0x0162, 0x0163, 0x0164, 0x0165, 0x0166, 0x0167, 0x0168, 0x0169, 0x016A,
    0x016B, 0x016C, 0x016D, 0x016E, 0x016F, 0x0170, 0x0171, 0x0172, 0x0173, 0x0174, 0x0175, 0x0176,
    0x0177, 0x0178, 0x0179, 0x017A, 0x017B, 0x017C, 0x017D, 0x017E, 0x017F, 0x01A0, 0x01A1, 0x01AF,
    0x01B0, 0x01C6, 0x01C9, 0x01CC, 0x01CD, 0x01CE, 0x01D0, 0x01D1, 0x01D2, 0x01D3, 0x01D4, 0x01D5,
    0x01D6, 0x01D7, 0x01D8, 0x01D9, 0x01DA, 0x01DB, 0x01DC, 0x01DD, 0x01DE, 0x01DF, 0x01E0, 0x01E1,
    0x01E2, 0x01E3, 0x01E4, 0x01E5, 0x01E6, 0x01E7, 0x01E9, 0x01EA, 0x01EB, 0x01EC, 0x01ED, 0x01EE,
    0x01EF, 0x01F0, 0x01F3, 0x01F4, 0x01F5, 0x01F7, 0x01F9, 0x01FA, 0x01FB, 0x01FC, 0x01FD, 0x01FE,
    0x01FF, 0x0200, 0x0201, 0x0202, 0x0203, 0x0205, 0x0207, 0x0209, 0x020B, 0x020C, 0x020D, 0x020E,
    0x020F, 0x0211, 0x0213, 0x0214, 0x0215, 0x0216, 0x0217, 0x0218, 0x0219, 0x021A, 0x021B, 0x021C,
    0x021D, 0x021F, 0x0402, 0x0404, 0x0405, 0x0408, 0x0409, 0x040B, 0x040E, 0x0410, 0x0414, 0x0416,
    0x0417, 0x041B, 0x041C, 0x041E, 0x0421, 0x0422, 0x0423, 0x0424, 0x0425, 0x0427, 0x042A, 0x042D,
    0x042F, 0x0430, 0x0431, 0x0432, 0x0433, 0x0434, 0x0435, 0x0436, 0x0437, 0x0438, 0x0439, 0x043A,
    0x043B, 0x043C, 0x043D, 0x043E, 0x043F, 0x0440, 0x0441, 0x0442, 0x0443, 0x0444, 0x0445, 0x0446,
    0x0447, 0x0448, 0x0449, 0x044A, 0x044B, 0x044C, 0x044D, 0x044E, 0x044F, 0x0450, 0x0451, 0x0452,
    0x0453, 0x0454, 0x0455, 0x0456, 0x0457, 0x0458, 0x0459, 0x045A, 0x045B, 0x045C, 0x045D, 0x045E,
    0x045F, 0x0462, 0x0463, 0x0472, 0x0473, 0x0474, 0x0475, 0x048B, 0x048D, 0x048F, 0x0491, 0x0493,
    0x0495, 0x0496, 0x0497, 0x0498, 0x0499, 0x049B, 0x049D, 0x049F, 0x04A1, 0x04A3, 0x04A5, 0x04A7,
    0x04A8, 0x04A9, 0x04AA, 0x04AB, 0x04AC, 0x04AD, 0x04AE, 0x04AF, 0x04B0, 0x04B1, 0x04B2, 0x04B3,
    0x04B4, 0x04B5, 0x04B6, 0x04B7, 0x04B8, 0x04B9, 0x04BB, 0x04BC, 0x04BD, 0x04BE, 0x04BF, 0x04C1,
    0x04C2, 0x04C4, 0x04C5, 0x04C6, 0x04C8, 0x04CA, 0x04CB, 0x04CC, 0x04CE, 0x04D0, 0x04D1, 0x04D2,
    0x04D3, 0x04D5, 0x04D7, 0x04D8, 0x04D9, 0x04DA, 0x04DB, 0x04DC, 0x04DD, 0x04DE, 0x04DF, 0x04E0,
    0x04E1, 0x04E3, 0x04E5, 0x04E6, 0x04E7, 0x04E8, 0x04E9, 0x04EA, 0x04EB, 0x04EC, 0x04ED, 0x04EE,
    0x04EF, 0x04F0, 0x04F1, 0x04F2, 0x04F3, 0x04F4, 0x04F5, 0x04F7, 0x04F9, 0x05D0, 0x05D1, 0x05D2,
    0x05D3, 0x05D4, 0x05D6, 0x05D7, 0x05D8, 0x05D9, 0x05DA, 0x05DB, 0x05DC, 0x05DD, 0x05DE, 0x05E1,
    0x05E2, 0x05E3, 0x05E4, 0x05E5, 0x05E7, 0x05E8, 0x05E9, 0x05EA, 0x06D5, 0x1EF2, 0x1EF3, 0x2013,
    0x2014, 0x2018, 0x2019, 0x201A, 0x201C, 0x201D, 0x201E, 0x2026, 0x2039, 0x203A, 0xFB00, 0xFB01,
    0xFB02, 0xFB03, 0xFB04, 0xFB8E, 0xFBA6, 0xFBAA, 0xFE8D, 0xFEA3, 0xFEA9, 0xFEB1, 0xFEB3, 0xFEB9,
    0xFEBB, 0xFEC1, 0xFEC3, 0xFECB, 0xFEDB, 0xFEDF, 0xFEE1, 0xFEE3, 0xFEEB,
};

static const uint8_t ubuntu_15_regularKernRightClassIds[] = {
      1,   2,   2,   3,   4,   5,   6,   7,   6,   8,   9,   9,  10,  11,  12,  13,
     14,  15,  16,  17,  18,  19,  20,  21,  22,  23,  24,  25,  26,  27,  28,  29,
     30,  31,  32,  33,  34,  35,  36,  31,  37,  38,  31,  39,  40,  40,  41,  40,
     42,  40,  43,  44,  45,  46,  47,  48,  49,  50,  51,  52,  53,  54,  12,  12,
     12,  12,  12,  12,  55,  13,  17,  17,  17,  17,  17,  17,  21,  21,  21,  21,
     25,  56,  30,  30,  30,  30,  30,  30,  30,  32,  34,  34,  34,  34,  57,  37,
     58,  59,  60,  40,  41,  41,  41,  41,  41,  41,  45,  45,  45,  45,  49,  56,
     49,  12,  30,  12,  30,  12,  30,  13,  32,  13,  32,  13,  32,  13,  32,  33,
     33,  34,  34,  34,  34,  34,  14,  36,  14,  36,  14,  36,  14,  36,  31,  31,
     61,  62,  63,  37,  37,  37,  15,  38,  31,  39,  39,  39,  39,  39,  40,  40,
     40,  40,  64,  65,  17,  41,  17,  41,  17,  41,  17,  41,  40,  40,  40,  19,
     43,  19,  43,  19,  43,  19,  43,  20,  44,  20,  44,  20,  44,  21,  45,  21,
     45,  21,  45,  21,  45,  21,  45,  21,  45,  23,  47,  25,  49,  25,  26,  50,
     26,  50,  26,  50,  35,  17,  41,  21,  45,  33,  39,  40,  12,  30,  37,  17,
     41,  21,  45,  21,  45,  21,  45,  21,  45,  21,  45,  66,  12,  30,  12,  30,
     55,  30,  14,  36,  14,  36,  31,  17,  41,  17,  41,  67,  68,  38,  33,  14,
     36,  56,  40,  12,  30,  55,  30,  17,  41,  12,  30,  12,  30,  34,  34,  37,
     37,  17,  41,  17,  41,  40,  40,  21,  45,  21,  45,  19,  43,  20,  44,  69,
     70,  31,  71,  72,  73,  74,  75,  71,  76,  77,  78,  79,  80,  75,  81,  82,
     72,  71,  76,  83,  84,  85,  71,  86,  87,  88,  89,  90,  91,  92,  93,  94,
     95,  91,  91,  91,  96,  97,  91,  98,  91,  99, 100, 101, 102, 103, 104,  91,
    105,  91, 106, 107,  91,  91, 108,  90, 109,  93,  93, 110,  91, 111, 112, 113,
    114, 115,  96,  91, 116,  91,  91, 102, 106,  71, 117,  82,  98,  76, 102,  91,
    118,  99,  91,  91,  91,  79,  94,  80,  95,  91,  91,  91,  91,  91,  91,  91,
    119, 120,  72, 100,  71, 101, 121, 122, 121, 122,  84, 104,  71, 101,  85, 105,
     85, 105, 123, 124, 125, 124, 125,  79,  94,  91,  75,  96,  91,  91,  85, 105,
     97,  77,  88,  77,  88, 126,  93, 127, 128, 127, 128,  79,  94,  80, 129, 130,
    131,  91,  91,  82,  98,  82,  98,  82,  98,  86, 132,  76, 102,  76, 102,  76,
    102,  85, 105,  91,  91, 133, 134, 135, 136, 137, 138, 139, 140, 141, 142, 143,
    144, 145, 146, 147, 148, 149, 150, 151, 152, 153, 154, 155, 156,  25,  49,   7,
      7, 157, 158, 159, 157, 158, 159,   6,  53,  54,  35,  35,  35,  35,  35, 156,
    156, 156, 160, 156, 161, 161, 161, 161, 161, 161, 161, 160, 156, 160, 156, 156,
    156,
};

static const uint16_t ubuntu_15_regularKernRowOffsets[] = {
        0,    20,    40,    71,    87,   114,   137,   164,   179,   212,   255,   272,   307,   334,   366,   401,
      407,   419,   461,   502,   504,   531,   557,   580,   604,   652,   667,   715,   754,   789,   836,   870,
      905,   921,   931,   944,   956,   978,   989,   990,  1004,  1015,  1029,  1043,  1044,  1059,  1072,  1090,
     1104,  1115,  1129,  1152,  1177,  1183,  1188,  1214,  1229,  1252,  1265,  1269,  1283,  1314,  1316,  1323,
     1330,  1351,  1355,  1387,  1417,  1477,  1518,  1526,  1558,  1611,  1663,  1716,  1738,  1771,  1787,  1800,
     1838,  1865,  1926,  1970,  2009,  2042,  2076,  2085,  2099,  2105,  2124,  2137,  2154,  2174,  2180,  2198,
     2218,  2240,  2256,  2275,  2296,  2320,  2338,  2352,  2363,  2382,  2401,  2409,  2425,  2431,  2442,  2453,
     2513,  2534,  2539,  2548,  2585,  2596,  2648,  2669,  2681,  2692,  2714,  2728,  2732,  2737,  2751,  2779,
     2799,  2823,  2832,  2838,  2843,  2850,  2861,  2867,  2868,  2877,  2888,  2894,  2904,  2909,  2912,  2919,
     2921,  2928,  2935,  2945,  2952,  2962,  2977,  2999,  3002,
};

static const uint8_t ubuntu_15_regularKernSparseCols[] = {
     11,  12,  13,  14,  16,  17,  21,  22,  25,  54,  71,  73,  74,  76,  77,  81,
     82, 118, 126, 129,   3,  12,  13,  16,  17,  18,  19,  20,  21,  24,  70,  71,
     72,  77,  81,  82, 118, 120, 123, 126,  11,  12,  13,  14,  16,  17,  18,  19,
     21,  22,  23,  24,  25,  54,  70,  71,  72,  75,  76,  78,  79,  81,  82,  83,
     84,  85,  86, 118, 120, 126, 129,  11,  12,  13,  14,  23,  54,  71,  73,  74,
     76,  77,  78,  79,  83, 126, 129,  11,  12,  13,  14,  16,  17,  18,  19,  20,
     21,  22,  23,  24,  25,  54,  70,  71,  76,  77,  81,  82,  83,  84, 118, 120,
    123, 126,  14,  19,  21,  23,  24,  25,  54,  70,  71,  72,  73,  74,  75,  77,
     78,  79,  81,  83,  85, 118, 120, 126, 129,  11,  12,  13,  14,  16,  17,  19,
     21,  22,  23,  24,  25,  54,  70,  71,  73,  74,  75,  76,  77,  78,  81,  82,
     83,  85, 118, 120,  12,  13,  16,  17,  19,  20,  21,  22,  24,  70,  71,  81,
     82, 120, 126,  11,  12,  13,  14,  16,  17,  18,  19,  20,  21,  22,  23,  24,
     25,  54,  70,  71,  72,  73,  74,  75,  76,  77,  78,  79,  81,  82,  83,  84,
     85,  86, 120, 129,   1,   2,   4,   5,   7,  10,  11,  12,  13,  14,  16,  17,
     18,  19,  20,  21,  22,  23,  24,  25,  28,  31,  32,  33,  35,  40,  41,  42,
     44,  45,  46,  47,  48,  49,  50,  51,  52,  54,  59,  68, 156, 157, 158,   1,
      2,   3,   4,   5,   7,   8,   9,  21,  22,  23,  24,  28,  49,  51,  54,  68,
      2,   5,   6,   9,  10,  11,  12,  13,  14,  16,  17,  18,  19,  21,  23,  24,
     25,  26,  31,  32,  33,  35,  40,  41,  44,  45,  46,  47,  48,  50,  52,  54,
     59, 157, 158,   0,   1,   2,   3,   5,   7,   9,  10,  11,  14,  18,  19,  21,
     22,  23,  24,  25,  26,  28,  29,  51,  54,  66,  68, 156, 157, 158,   1,   2,
      4,   5,  10,  11,  12,  13,  14,  16,  17,  20,  26,  28,  31,  32,  33,  35,
     40,  41,  43,  44,  45,  46,  47,  48,  50,  51,  52,  54,  59, 156,   0,   2,
      5,   7,   8,   9,  10,  11,  12,  13,  14,  16,  17,  19,  21,  24,  26,  28,
     29,  31,  32,  33,  35,  39,  40,  41,  44,  47,  49,  53,  54,  59,  64,  65,
    158,   3,   4,  28,  45,  48,  51,   3,   5,   7,  11,  14,  25,  28,  49,  51,
     54,  66, 158,   2,   4,   5,   6,   7,   9,  10,  11,  12,  13,  14,  16,  17,
     19,  21,  22,  23,  24,  25,  28,  31,  32,  33,  35,  40,  41,  42,  44,  45,
     46,  47,  48,  49,  50,  52,  54,  58,  59,  60,  61,  65, 158,   1,   2,   4,
      5,   6,   7,  11,  12,  13,  14,  16,  17,  18,  19,  20,  21,  22,  23,  24,
     25,  28,  31,  32,  33,  35,  40,  41,  45,  46,  47,  48,  49,  50,  51,  52,
     53,  54,  68, 156, 157, 158,  21,  24,   0,   1,   2,   3,   5,   7,   9,  10,
     11,  14,  18,  19,  21,  22,  23,  24,  25,  26,  28,  29,  51,  54,  66,  68,
    156, 157, 158,   0,   2,   3,   5,   7,  11,  14,  23,  26,  28,  29,  31,  32,
     33,  35,  40,  41,  45,  46,  48,  51,  52,  54,  59, 157, 158,   0,   1,   2,
      5,   9,  10,  11,  14,  18,  19,  21,  22,  23,  24,  25,  26,  29,  37,  54,
     66, 156, 157, 158,   2,   5,   7,   9,  10,  11,  12,  13,  14,  16,  17,  21,
     23,  24,  25,  28,  47,  49,  50,  51,  52,  54,  59, 158,   2,   3,   5,   6,
      7,   8,   9,  10,  11,  12,  13,  14,  16,  17,  19,  21,  22,  23,  24,  28,
     29,  31,  32,  33,  35,  39,  40,  41,  42,  44,  45,  46,  47,  48,  49,  50,
     52,  53,  54,  57,  58,  59,  60,  61,  62,  64,  65, 158,   2,   5,   7,   8,
     11,  14,  25,  28,  29,  49,  50,  51,  54,  66, 158,   1,   2,   3,   5,   6,
      7,   8,   9,  10,  11,  12,  13,  14,  15,  16,  17,  19,  21,  22,  23,  24,
     28,  29,  31,  32,  33,  35,  39,  40,  41,  42,  44,  49,  50,  52,  53,  54,
     56,  58,  59,  60,  61,  62,  64,  65, 156, 157, 158,   1,   2,   5,   7,   8,
      9,  10,  11,  12,  13,  14,  16,  17,  19,  21,  22,  23,  24,  28,  29,  31,
     32,  33,  35,  39,  40,  41,  42,  44,  50,  52,  54,  58,  59,  60,  64, 156,
    157, 158,   2,   4,   5,   6,   7,  10,  11,  12,  13,  14,  16,  17,  19,  21,
     23,  24,  25,  28,  31,  32,  33,  35,  40,  41,  44,  45,  46,  47,  48,  50,
     52,  54,  59,  65, 158,   2,   3,   5,   6,   7,   8,   9,  10,  11,  12,  13,
     14,  15,  16,  17,  19,  21,  22,  23,  24,  25,  28,  29,  31,  32,  33,  35,
     39,  40,  41,  42,  44,  47,  49,  50,  52,  53,  54,  58,  59,  60,  61,  64,
     65, 156, 157, 158,   2,   5,   6,  10,  11,  12,  13,  14,  16,  17,  20,  21,
     24,  26,  28,  31,  32,  33,  35,  40,  41,  43,  44,  45,  46,  47,  48,  50,
     51,  52,  54,  58,  59,  60,  11,  12,  13,  14,  16,  17,  18,  19,  20,  21,
     22,  23,  24,  25,  28,  54,  70,  71,  72,  73,  74,  75,  76,  77,  78,  81,
     82,  83,  84,  86, 118, 120, 123, 126, 129,  12,  13,  16,  17,  22,  23,  25,
     71,  72,  81,  82,  83,  84,  86, 118, 126,   1,   3,   4,   9,  28,  45,  46,
     48,  51, 157,   1,   3,   7,   9,  28,  45,  46,  47,  48,  49,  51, 156, 157,
      5,   6,  28,  32,  35,  40,  45,  46,  47,  48,  50,  52,   3,   4,   5,   6,
      7,   9,  28,  45,  46,  47,  48,  51,  52,  53,  56,  58,  59,  60,  61,  62,
    157, 158,   1,   3,   4,   9,  28,  45,  46,  48,  51, 156, 157,  37,   6,   7,
     10,  28,  31,  32,  33,  35,  40,  41,  47,  50,  52,  59,   1,   3,   4,   9,
     28,  45,  46,  48,  51, 156, 157,   1,   3,   4,   7,   9,  28,  45,  46,  47,
     48,  49,  51, 156, 157,   1,   3,   4,   7,   9,  28,  45,  46,  47,  48,  49,
     51, 156, 157,  37,   4,   5,   6,   7,   9,  28,  41,  45,  46,  47,  48,  52,
     59, 157, 158,   5,   6,  28,  31,  32,  33,  35,  40,  41,  47,  50,  52,  59,
      4,   5,   7,   9,  28,  31,  32,  33,  35,  40,  41,  45,  46,  47,  48,  59,
    157, 158,   4,   5,   7,   9,  28,  31,  40,  45,  46,  47,  48,  59, 157, 158,
     28,  31,  32,  33,  35,  40,  41,  47,  50,  52,  59,  28,  31,  32,  33,  34,
     35,  40,  41,  43,  44,  50,  51,  52,  59,  11,  12,  13,  14,  16,  17,  18,
     20,  25,  51,  54,  71,  72,  76,  77,  81,  82,  84,  86, 118, 123, 126, 129,
     11,  14,  18,  19,  20,  21,  22,  23,  24,  25,  54,  70,  72,  73,  74,  75,
     76,  77,  78,  79,  83,  85,  86, 120, 129,  19,  20,  21,  22,  24,  25,  19,
     21,  24,  70, 120,  11,  14,  18,  19,  21,  22,  23,  24,  25,  54,  70,  72,
     73,  74,  75,  76,  77,  78,  79,  83,  84,  85,  86, 120, 123, 129,  11,  12,
     13,  14,  16,  17,  18,  19,  20,  21,  22,  23,  24,  25,  54,   0,   1,   3,
      5,   7,   9,  11,  14,  19,  21,  23,  24,  25,  26,  28,  29,  51,  54,  66,
     68, 156, 157, 158,   1,   3,   4,   9,  28,  45,  46,  48,  51,  67,  69, 156,
    157,   7,   9,  28,  51,   1,   3,   4,   7,   9,  28,  45,  46,  47,  48,  49,
     51, 156, 157,   1,   3,   5,   6,   8,   9,  27,  28,  29,  30,  31,  32,  33,
     35,  36,  37,  38,  39,  40,  41,  42,  43,  44,  51,  56,  57,  58,  60,  61,
     62, 157,  37,  49,   1,   4,   9,  45,  46, 156, 157,  37,  45,  46,  47,  48,
     67,  69,  11,  14,  23,  24,  25,  29,  30,  34,  36,  37,  39,  54,  55,  56,
     57,  58,  60,  61,  62,  63,  66,  21,  24,  63,  68,   1,   2,   4,   5,  10,
     26,  28,  50,  51,  52,  71,  73,  76,  81,  82,  88,  92,  97,  99, 100, 101,
    102, 103, 104, 106, 116, 118, 119, 121, 126, 130, 156,   0,   1,   3,   4,   5,
      6,   7,   8,   9,  26,  28,  51,  75,  78,  83,  84,  86,  93,  94, 100, 101,
    103, 106, 116, 117, 121, 123, 128, 130, 131,   2,   3,   5,   6,   7,   8,   9,
     10,  28,  50,  52,  53,  70,  71,  73,  74,  75,  76,  77,  81,  82,  83,  85,
     87,  89,  90,  91,  92,  93,  94,  95,  96,  97,  98,  99, 100, 101, 102, 103,
    104, 105, 106, 107, 108, 109, 110, 111, 113, 115, 117, 118, 119, 121, 124, 125,
    127, 128, 130, 131, 158,   2,   5,   6,   9,  10,  26,  50,  52,  70,  71,  73,
     74,  76,  77,  81,  82,  83,  88,  91,  92,  93,  95,  97,  99, 100, 101, 102,
    103, 104, 106, 109, 115, 118, 119, 120, 121, 124, 126, 130, 157, 158,   1,   4,
    100, 101, 106, 116, 121, 130,   0,   1,   2,   3,   4,   9,  10,  26,  28,  51,
     70,  71,  81,  82,  84,  88, 100, 101, 106, 109, 112, 113, 114, 115, 116, 117,
    118, 121, 122, 123, 126, 130,   2,   4,   5,   6,   7,   9,  10,  28,  50,  52,
     70,  71,  73,  74,  76,  77,  78,  79,  81,  82,  83,  85,  86,  88,  91,  92,
     93,  95,  97,  99, 100, 101, 102, 103, 104, 106, 107, 108, 109, 110, 111, 115,
    116, 118, 119, 121, 123, 124, 126, 127, 129, 130, 158,   1,   2,   3,   5,   6,
      7,   8,   9,  10,  28,  50,  52,  53,  70,  71,  73,  74,  75,  76,  77,  78,
     80,  81,  82,  83,  85,  87,  88,  89,  90,  91,  92,  95,  96,  97,  98,  99,
    102, 105, 108, 109, 110, 111, 113, 115, 118, 119, 125, 127, 156, 157, 158,   1,
      2,   4,   5,   7,  10,  28,  50,  51,  52,  70,  71,  72,  73,  74,  76,  77,
     78,  79,  81,  82,  83,  84,  85,  86,  88,  91,  92,  93,  95,  97,  99, 100,
    101, 102, 103, 104, 106, 107, 108, 111, 116, 118, 120, 121, 123, 124, 126, 129,
    130, 156, 157, 158,   1,   2,   3,   4,   5,   7,   8,   9,  26,  28,  51,  75,
     78,  82,  83,  84,  86,  94, 114, 120, 128, 131,   1,   3,   4,   5,   7,  28,
     50,  51,  52,  71,  73,  74,  76,  77,  78,  79,  81,  82,  83,  84,  85,  91,
     93,  95, 101, 103, 104, 108, 114, 118, 126, 129, 130,   1,   2,   3,   7,   8,
      9,  26,  28,  51,  75,  78,  82,  83,  84,  86, 114,   1,   2,   3,   4,   9,
     10,  26,  28,  51,  75, 102, 104, 120,   0,   1,   2,   3,   5,   6,   7,   9,
     10,  26,  28,  51,  70,  73,  74,  75,  76,  77,  78,  79,  83,  85,  87,  91,
     93,  94,  95, 109, 112, 113, 114, 120, 128, 129, 131, 156, 157, 158,   0,   2,
      3,   5,   7,  26,  28,  51,  52,  73,  74,  76,  77,  78,  79,  83,  87,  91,
     95,  96, 101, 117, 121, 123, 125, 157, 158,   2,   3,   5,   6,   7,   8,   9,
     10,  28,  50,  52,  53,  70,  71,  73,  74,  75,  76,  77,  81,  82,  83,  85,
     87,  89,  90,  91,  92,  93,  94,  95,  96,  97,  98,  99, 100, 101, 102, 103,
    104, 105, 106, 107, 108, 109, 110, 111, 113, 115, 117, 118, 119, 120, 121, 124,
    125, 127, 128, 130, 131, 158,   0,   1,   2,   3,   5,   7,   9,  10,  26,  28,
     51,  70,  73,  74,  75,  76,  77,  78,  79,  83,  85,  87,  89,  90,  91,  93,
     94,  95,  96,  98, 105, 109, 112, 113, 114, 115, 122, 125, 128, 129, 131, 156,
    157, 158,   2,   4,   5,   6,   7,  10,  28,  50,  52,  70,  71,  76,  81,  82,
     83,  88,  91,  92,  93,  95,  97,  99, 100, 101, 102, 103, 104, 106, 109, 110,
    115, 116, 119, 120, 121, 124, 127, 130, 158,   1,   3,   4,   5,   7,  28,  50,
     51,  52,  71,  73,  74,  76,  77,  78,  79,  81,  82,  83,  84,  85,  91,  93,
     95, 101, 103, 104, 108, 114, 118, 126, 129, 130,   0,   1,   2,   3,   5,   6,
      7,   9,  10,  26,  28,  51,  70,  73,  74,  75,  76,  77,  78,  79,  83,  85,
     91,  94,  95, 112, 113, 114, 128, 129, 131, 156, 157, 158,   1,   3,   4,   9,
     28,  51, 101, 121, 157,   0,   1,   2,   4,   5,   6,   7,   8,  26,  93,  94,
    103, 128, 131,   1,   3,   4,   9,  28,  51,   3,   5,   6,   7,   9,  28,  50,
     51,  52,  91,  95, 100, 101, 103, 106, 117, 121, 124, 130,   1,   3,   7,  28,
     51,  91,  93,  95, 101, 102, 103, 104, 130,   1,   3,   4,   5,   6,   7,   8,
      9,  26,  28,  51,  94, 101, 121, 128, 131, 157,   1,   2,   6,   7,  10,  28,
     50,  52,  91,  92,  93,  95,  97,  99, 102, 103, 108, 110, 119, 127,   1,   3,
      4,   9,  28,  51,   2,   6,   7,  10,  28,  50,  52,  91,  92,  93,  95,  97,
     99, 102, 103, 108, 110, 119,   1,   3,   4,   5,   6,   7,   8,   9,  28,  51,
     93,  94, 101, 103, 107, 121, 128, 131, 156, 157,   1,   2,   3,   4,   5,   6,
      7,   8,   9,  26,  28,  51,  93,  94, 101, 103, 109, 121, 128, 131, 156, 157,
      5,   6,  28,  50,  51,  52,  91,  93,  95,  97, 100, 101, 102, 103, 106, 121,
      3,   5,   6,   7,   9,  28,  50,  51,  52,  91,  95, 100, 101, 103, 106, 117,
    121, 124, 130,   3,   5,   7,   9,  28,  51,  91,  92,  95,  97,  99, 100, 101,
    102, 103, 106, 117, 121, 130, 157, 158,   0,   1,   3,   4,   5,   6,   7,   8,
      9,  26,  28,  51,  93,  94,  95, 101, 103, 107, 109, 128, 130, 131, 156, 157,
      2,   6,   9,  10,  28,  50,  51,  52,  91,  92,  93,  95,  97,  99, 102, 103,
    110, 119,   1,   3,   7,  28,  51,  91,  93,  95, 101, 102, 103, 104, 114, 130,
      1,   3,   4,   9,  28,  51, 100, 101, 106, 121, 130,   1,   3,   4,   5,   6,
      7,   8,   9,  28,  51,  93,  94, 101, 103, 107, 128, 131, 156, 157,   1,   3,
      4,   5,   6,   7,   8,   9,  28,  51,  93,  94, 101, 103, 107, 128, 131, 156,
    157,   1,   2,   4,   9,  10,  26,  88, 109,   1,   2,   6,   9,  10,  26,  28,
     50,  51,  52,  92,  97,  99, 102, 110, 119,   1,   3,   9,  28,  50,  51,   1,
      2,   3,   4,   9,  10,  26,  28,  51,  88, 109,   1,   3,   4,   9,  28,  51,
    100, 101, 106, 121, 130,   2,   3,   6,   7,   8,   9,  10,  28,  51,  52,  53,
     70,  71,  74,  75,  76,  77,  78,  79,  81,  82,  83,  84,  85,  87,  89,  90,
     91,  92,  93,  94,  95,  96,  97,  98,  99, 100, 101, 102, 103, 104, 105, 106,
    107, 108, 109, 110, 111, 115, 117, 118, 119, 121, 124, 125, 127, 128, 129, 130,
    131,   4,   5,   6,   7,   9,  28,  52,  53,  91,  93,  95, 100, 101, 103, 104,
    106, 107, 117, 121, 124, 130,   1,   2,   4,   9, 104,   1,   4,   9,  95, 100,
    104, 106, 121, 124,   0,   1,   2,   4,   5,   6,   8,   9,  26,  70,  72,  73,
     74,  75,  76,  78,  79,  83,  84,  85,  86,  93,  94,  95,  98, 103, 105, 107,
    109, 112, 113, 114, 115, 122, 128, 129, 131,   1,   4,   5,   8,   9,  26,  93,
    100, 103, 106, 121,   2,   3,   5,   6,   7,   8,   9,  10,  28,  50,  52,  53,
     70,  71,  76,  80,  81,  83,  87,  88,  89,  90,  91,  92,  93,  94,  95,  96,
     97,  98,  99, 102, 103, 104, 105, 107, 108, 109, 110, 111, 115, 117, 119, 120,
    124, 125, 127, 128, 131, 156, 157, 158,   3,   4,   5,   7,   9,  28,  51,  91,
     92,  95,  97,  99, 100, 101, 103, 106, 117, 121, 130, 157, 158,   0,   1,   2,
      3,   4,   9,  26,  28,  51,  70,  84, 123,   1,   2,   3,   4,   9,  10,  26,
     28,  51,  88, 109,   1,   2,   3,   5,   7,   9,  26,  28,  51,  75,  78,  79,
     83,  85,  87,  96, 112, 113, 114, 125, 127, 129,   1,   3,   4,   5,   6,   7,
      8,   9,  26,  28,  51,  94, 128, 131,   2,   9,  50,  52,   1,   2,   9, 102,
    119,   1,   3,   4,   5,   6,   7,   8,   9,  26,  28,  51,  94, 128, 131,   0,
      1,   2,   3,   5,   6,   7,   9,  10,  26,  28,  51,  70,  76,  83,  87,  91,
     94,  95, 112, 113, 114, 120, 128, 131, 156, 157, 158,   1,   3,   4,   5,   6,
      7,   8,   9,  28,  51,  93,  94, 101, 103, 107, 121, 128, 131, 156, 157,   2,
      4,   5,   7,   8,  26,  28,  51,  82,  86,  93, 100, 101, 103, 106, 108, 112,
    113, 114, 116, 117, 121, 123, 130,   1,   2,   9,  10,  50,  52,  97, 102, 119,
    140, 142, 143, 149, 151, 153, 135, 141, 146, 149, 152, 133, 139, 140, 142, 143,
    145, 149, 133, 136, 139, 141, 142, 144, 145, 146, 148, 149, 152, 133, 139, 144,
    146, 149, 152, 133, 135, 139, 141, 142, 148, 149, 150, 151, 152, 133, 136, 138,
    139, 142, 144, 145, 146, 149, 152, 154, 139, 142, 145, 146, 148, 149, 133, 134,
    139, 141, 142, 146, 148, 149, 153, 154, 142, 144, 145, 146, 149, 139, 140, 142,
    139, 141, 143, 146, 148, 149, 152, 139, 146, 141, 142, 143, 146, 148, 149, 153,
    132, 133, 135, 140, 144, 146, 149, 133, 139, 141, 142, 145, 146, 148, 149, 152,
    154, 133, 139, 142, 144, 146, 149, 152, 135, 137, 140, 142, 143, 145, 146, 147,
    149, 153,  11,  12,  13,  14,  16,  17,  21,  22,  24,  54,  71,  76,  81,  82,
    120,  11,  12,  13,  14,  16,  17,  18,  19,  20,  21,  22,  23,  24,  25,  54,
     70,  71,  76,  81,  82,  83, 120, 155, 159, 160,
};

static const int8_t ubuntu_15_regularKernSparseValues[] = {
     -40,  -12,  -12,  -62,  -12,  -12,    6,    5,   -6,  -67,  -12,  -58,  -36,  -40,  -35,  -12,
     -12,  -14,  -17,   -6,   40,  -15,  -15,  -15,  -15,   -9,    6,   -5,    8,    8,    6,  -15,
      -6,   14,  -15,  -15,  -23,    8,   -6,  -10,  -10,   -6,   -6,   -6,   -6,   -6,   -6,  -14,
     -17,   -9,  -14,  -22,  -11,  -10,  -14,   -6,   -8,  -13,  -10,  -11,  -10,   -6,   -6,  -14,
     -10,   -9,   -9,   -7,  -22,   -6,   -8,  -32,   -5,   -5,  -61,  -12,  -48,   -5,  -56,  -37,
     -32,  -36,  -15,   -8,  -12,   -8,   -9,   12,  -14,  -14,   14,  -16,  -16,    7,  -35,  -12,
     -38,  -20,    5,  -40,   10,   10,  -35,  -14,   12,    9,  -16,  -16,    5,  -58,  -22,  -40,
     -50,  -15,  -14,  -25,   -6,  -16,  -25,   -8,   -7,  -25,    8,   -6,  -11,  -17,  -20,  -11,
     -20,   -8,    8,  -16,   -8,    7,  -25,    8,  -12,  -25,  -14,  -14,  -36,  -13,  -13,   14,
      16,   11,   10,   17,    4,  -38,   14,  -14,  -31,  -30,   13,  -25,  -30,    9,  -13,  -13,
      10,   10,  -10,   17,   -6,   -6,   -6,   -6,  -42,   -6,  -10,   -6,  -20,  -42,   -6,   -6,
      -6,  -20,  -11,  -13,   -5,   -5,  -13,   -5,   -5,   -9,  -22,   -6,  -18,  -12,  -20,  -27,
     -17,  -19,  -22,   -5,   -7,  -11,  -12,  -20,  -13,  -10,  -23,  -14,   -5,   -5,  -20,   -6,
     -14,   -8,  -27,  -14,  -39,  -10,  -32,   13,    8,   -8,   16,  -10,  -10,   14,  -10,  -10,
       8,  -32,   -5,  -31,   -9,   12,  -40,   10,  -14,   -6,   -6,   -6,   -8,   -6,   -6,    6,
      -8,  -10,  -10,   13,   -8,    8,  -10,   -5,  -10,   17,   -6,  -26,  -36,  -34,   12,   -6,
      -6,  -12,   -6,   -5,  -10,   -6,  -10,  -10,   -6,  -10,  -12,  -17,   -6,  -11,   -6,   -7,
     -12,   11,  -15,    8,   -8,   11,  -10,  -10,   12,  -10,  -10,    5,    8,    8,    6,    8,
       5,   -5,   -8,   -8,   -8,   -8,   -8,   -8,  -10,   -8,   -8,    7,   -8,  -14,  -22,   11,
      -8,    6,    9,   -7,  -13,   -6,  -16,  -16,  -22,  -20,   -6,  -10,  -12,   -6,  -14,   -8,
      -8,  -12,  -20,   -8,   -6,  -21,   -7,  -14,  -21,  -15,  -15,  -10,   -6,  -17,   -8,  -10,
      -6,    6,   -8,    8,  -14,  -14,    8,  -14,  -14,  -11,   -8,  -22,   -8,   -8,   -8,  -12,
      -8,   -8,   -7,  -10,  -12,  -12,    4,  -12,  -10,  -11,  -12,    9,   -8,   -6,   -5,  -12,
     -32,  -30,   -9,    6,   -9,  -23,   -6,   -6,  -40,   -6,   -6,    7,    9,   10,   -8,  -20,
     -26,   -7,   -7,   -7,   -7,  -14,   -7,   -7,  -12,  -18,  -13,  -10,  -38,   -8,  -12,   -9,
     -52,   -5,  -12,   -5,   -9,   -9,   -5,   -5,   -5,  -18,   -5,   -8,   -8,  -17,   -9,  -10,
     -12,   -8,   -6,   -9,  -16,    8,  -24,    9,    6,  -10,   17,  -18,  -18,   14,  -18,  -18,
       8,   10,    5,   13,   11,   10,  -13,  -10,  -10,  -10,  -10,  -10,  -10,    7,   -6,   -7,
     -24,   14,   -5,    8,  -10,  -30,   18,   10,  -12,    6,    6,   -6,    8,  -63,   -5,  -70,
      12,  -34,    6,   14,  -22,  -22,   14,  -22,  -22,    7,  -58,   -9,  -50,  -22,   10,  -58,
       7,  -16,   -6,   -6,   -6,   -6,   -6,   -6,  -20,  -18,   10,  -10,    5,  -12,   -8,  -20,
       6,   14,  -42,  -60,  -59,    7,   -3,   -4,   -7,  -12,   -6,  -14,  -16,  -21,  -17,   -6,
     -10,  -12,   -5,  -14,   -8,   -8,  -12,  -20,   -8,   -5,  -21,   -6,  -14,  -20,  -14,  -13,
      -8,   -5,  -15,   -6,   -6,  -12,  -45,  -31,  -25,  -48,   -9,   -8,  -20,  -10,  -10,  -10,
     -16,  -10,  -10,   -6,    5,    4,    5,  -12,   -9,  -42,   -8,    5,  -58,   -7,  -12,   -6,
     -16,  -17,   -6,  -10,  -12,   -5,  -14,   -8,   -8,  -12,  -20,   -8,   -5,   -7,    8,  -20,
     -14,   -8,   -5,  -10,   -6,    7,    6,   -6,   -8,   14,   -6,   -6,   11,   -6,   -6,   -5,
      10,  -10,    7,  -16,   10,    4,   -8,   -8,  -10,   14,   -8,    7,  -14,    6,  -38,  -24,
     -43,  -42,   11,  -26,  -32,  -14,  -14,  -45,  -14,  -14,   12,   14,    8,    8,   14,  -16,
     -22,  -28,  -28,  -28,  -28,  -20,  -28,  -28,  -22,  -17,  -11,  -40,   -9,  -11,  -15,  -12,
     -42,  -38,  -36,   10,   16,  -40,   26,   10,    6,  -36,  -33,  -34,   -5,   -5,  -20,   -5,
      -5,   -8,   -8,  -18,   -8,   -9,   -5,  -11,  -17,   -7,  -10,    7,  -16,    8,  -38,   -5,
     -34,  -10,   12,  -19,  -31,   -8,   -8,  -48,   -3,   -8,   -8,   14,   16,   10,   10,   16,
     -14,  -12,  -22,  -22,  -22,  -22,  -15,  -22,  -22,   -8,  -12,   -1,  -12,  -22,   -6,  -41,
       6,   16,  -26,   20,   16,    6,  -13,  -12,   10,   12,  -37,    6,   -8,  -18,  -24,   -6,
       8,  -10,   -9,   -8,   -8,  -30,   -8,   -8,   10,   11,    6,    5,   12,  -18,  -14,  -11,
     -11,  -11,  -13,  -10,  -11,  -11,   -8,  -10,   -8,  -10,  -24,    9,  -13,    6,   -7,    9,
      12,  -19,  -12,  -13,    6,  -14,    5,  -13,   14,  -12,  -12,   10,  -12,  -12,    6,    8,
       9,   10,    6,  -17,   -9,   -9,   -9,   -9,   -9,   -9,   -5,   -6,  -18,   10,   -4,  -13,
     -24,   14,  -14,   -8,    5,  -21,    9,  -32,  -24,  -41,  -19,   12,  -29,  -40,  -20,  -20,
     -58,   -4,  -20,  -20,   15,   16,   12,   10,   18,    6,  -13,  -20,  -24,  -24,  -24,  -24,
     -20,  -24,  -24,  -10,  -17,   -8,  -14,  -11,  -38,  -16,  -40,   20,  -39,   20,   16,  -22,
     -20,    6,    8,  -39,  -10,    6,  -30,   -8,    8,  -18,  -18,    8,  -18,  -18,   -7,    5,
       6,   -8,  -22,   -8,   -8,   -8,  -12,   -8,   -8,   -6,  -10,  -12,  -12,    4,  -12,  -18,
      -8,  -25,    9,    5,   -8,    6,  -14,  -22,  -22,  -14,  -22,  -22,  -13,  -16,  -19,  -14,
     -18,  -18,  -14,  -20,   40,  -14,  -16,  -22,  -10,  -11,  -12,  -14,  -14,   13,  -16,  -22,
     -22,  -18,  -24,  -18,  -24,  -14,  -13,   -8,  -16,   -5,   -5,   -5,   -5,   -5,   -5,   -8,
      -5,   -5,   -5,   -5,   -5,  -10,   -6,  -11,  -10,  -14,  -12,  -10,  -14,  -15,   -8,   -6,
      -8,  -10,  -12,  -18,  -14,  -11,  -14,  -15,   -6,   -6,   -8,   -6,  -10,  -10,  -16,  -16,
       5,  -16,  -14,   -6,   -8,   -6,    6,    5,    8,    6,  -10,  -14,   20,    6,  -26,  -18,
     -21,   12,   20,   10,    9,    8,   10,   20,  -10,    4,   15,   20,   -8,   20,   15,   20,
      10,  -26,  -18,  -12,  -10,  -14,  -14,   -8,   -6,   -8,  -10,  -15,  -15,    4,  -14,    6,
     -10,  -12,  -13,  -13,  -13,  -14,  -14,  -13,   10,  -10,  -17,  -14,  -16,  -12,  -11,  -14,
     -15,   -8,   -7,   -9,  -10,  -11,  -13,  -16,  -14,  -10,  -12,  -15,  -15,   -7,   -6,   -8,
      -7,  -10,  -10,  -11,  -14,  -16,  -14,  -10,  -11,  -14,  -15,   -7,   -6,   -8,   -7,   -9,
     -10,  -11,  -14,   15,    6,  -28,  -16,  -23,  -22,  -12,   -6,   10,   10,    8,   10,  -10,
     -10,    7,  -26,    6,  -20,  -14,   -6,   -7,   -5,   -5,   -7,   -6,    8,  -10,  -14,   -6,
       4,  -18,  -16,  -20,  -13,   -8,   -7,   -7,   -6,   -7,   -7,    9,    8,    7,    9,   -8,
       6,  -18,    4,  -16,  -14,  -18,  -13,   -6,   -6,    9,    8,    7,    9,   -7,    6,  -15,
     -14,  -10,  -10,  -10,  -10,  -10,  -10,    8,  -10,  -14,  -12,  -17,  -10,  -10,  -10,   -6,
     -11,  -10,   -9,   -6,   -6,  -14,  -10,  -16,   -9,   -6,  -13,  -15,   -6,  -15,  -15,  -10,
     -12,   -9,   40,   -6,  -13,   -9,   -6,   14,  -15,  -15,   -6,  -10,  -16,   -5,   -8,   -5,
     -10,  -10,   -9,  -12,   -6,  -12,  -10,  -14,  -12,  -17,  -10,  -12,  -10,   -8,   -9,  -12,
     -10,  -10,  -12,  -13,  -14,  -12,   -8,  -12,  -12,  -42,   -6,  -14,  -10,  -24,   -6,  -38,
      -6,  -16,  -38,  -16,  -10,  -21,  -10,  -43,  -22,  -10,  -26,  -39,  -22,  -22,  -43,  -12,
     -18,  -18,  -27,  -10,  -16,  -29,  -19,  -26,   -8,  -20,  -12,  -39,   -5,  -20,  -23,  -18,
     -18,  -31,  -18,  -18,  -16,  -56,  -22,  -24,  -20,  -34,  -33,  -34,  -36,   -7,  -16,  -20,
     -30,  -20,  -17,  -14,  -28,  -22,  -10,  -22,  -21,  -24,   -8,  -21,   -8,  -14,  -24,  -20,
     -12,  -12,   -8,  -28,  -20,  -14,  -16,  -10,  -10,  -14,  -12,  -14,  -10,  -17,  -10,  -16,
     -15,  -10,    8,    6,    6,  -20,  -14,  -10,  -11,  -14,  -15,   -7,   -6,   -8,   -7,   -9,
     -10,  -18,  -18,    9,   30,   -6,   -6,   -6,   22,   45,   35,   -6,    8,   -6,   -6,   -6,
      -6,    4,    4,    8,   -6,   -6,   -6,   -6,    5,   -6,   35,   35,   47,   55,   55,   55,
      43,   10,   10,   -6,  -21,  -10,  -12,   -7,   -6,  -17,  -17,   -7,  -12,  -10,   -7,  -12,
     -16,  -12,  -18,  -32,  -16,   -7,   -8,  -11,   -6,   -6,   -6,   -6,   -6,  -29,   -6,   -6,
      -6,   -6,   -6,   -6,   -6,   -6,   -9,   -8,  -10,   -6,   -8,   -8,  -10,   -6,    6,   -8,
      -8,  -22,  -10,  -11,  -12,  -14,    8,    8,  -14,  -14,   -8,   -8,   -8,   -8,   -8,  -12,
      -8,    4,   -9,   -8,   -8,  -12,   -6,  -12,  -10,   -9,   -6,   -6,  -18,   -9,  -16,   -6,
       8,   -8,   -6,   -6,   -8,  -20,  -13,   -6,  -10,   -8,  -11,  -10,   -8,   -5,  -17,   -8,
      -7,  -17,  -16,   -5,   -8,   -8,   -5,  -14,   -5,  -14,    6,  -38,  -24,  -43,  -42,   11,
     -26,  -16,  -12,  -42,  -38,   12,  -14,  -55,  -32,   10,  -32,  -32,  -14,  -14,    8,    9,
     -48,  -44,  -46,  -57,  -57,  -37,  -40,  -56,  -52,  -57,  -46,  -57,  -31,  -31,  -40,  -33,
     -38,  -46,  -31,  -38,  -55,   14,  -57,  -52,   21,   14,  -37,  -11,  -60,  -31,  -46,  -48,
     -48,  -66,  -32,  -56,  -34,  -12,   11,  -15,    8,   -8,   -5,  -14,  -22,    8,  -10,   10,
       9,   11,    9,  -10,  -10,    6,   -8,    9,   -8,    8,   10,   -8,   -8,  -16,   -8,   -8,
       7,  -24,  -16,   10,   10,  -16,   -5,    8,   -8,  -25,   -6,  -18,    6,    9,   -6,   -9,
     -22,   -8,  -16,  -12,   -8,  -10,   -8,  -37,  -10,  -11,  -18,  -16,   -6,  -10,  -26,  -18,
     -25,   -6,   -6,   -7,  -15,   -6,  -18,  -12,  -18,   -8,  -10,  -10,  -10,   -8,  -18,   -6,
      -6,  -10,   -6,  -10,   -5,  -19,   -9,  -16,    8,  -24,    9,    6,  -10,  -13,  -10,  -30,
       8,  -18,   12,   12,   17,   14,   12,    8,  -18,  -18,   13,   10,    9,  -12,   14,  -10,
      14,   12,  -10,  -10,  -20,  -24,  -14,   14,  -30,  -12,   10,   10,   10,  -10,    8,   10,
     -12,  -22,  -10,  -24,  -19,  -30,  -10,   -7,    9,  -25,    8,    7,  -16,    8,  -38,   -5,
     -34,  -10,   12,  -19,  -14,  -12,  -22,   -6,   14,   -8,  -40,  -31,   12,  -31,  -30,    8,
      -3,   -8,   -8,   10,   10,  -13,   -8,   -9,  -10,  -32,  -19,  -32,  -16,  -19,  -10,  -19,
     -20,  -10,  -16,   16,  -19,  -10,   20,   16,  -10,  -19,  -13,  -12,   10,   12,  -37,  -39,
     -10,  -32,   13,    8,   -8,  -14,  -10,   -5,  -10,  -32,  -10,    7,   13,   12,   16,   13,
      11,    8,  -10,  -10,   12,  -26,   10,    8,   -7,   13,   -6,   14,   12,   -6,   -6,  -19,
      -8,   -6,   13,  -14,  -12,    9,   10,    7,  -12,  -12,  -40,  -10,  -18,   -9,   -8,   10,
     -18,  -36,  -34,   12,   -6,   -6,  -12,   -6,   -5,  -10,   -6,  -10,   -6,  -17,  -11,   -6,
     -10,   -5,  -10,   -9,   -8,   -6,   -5,  -12,   -6,   -6,   -6,   13,   -8,    8,   21,   12,
      -8,   12,   -7,   -9,   12,   11,   12,   10,    9,    8,   -9,  -13,    9,  -14,    8,   10,
      10,   11,   14,   10,  -10,    7,   32,  -12,   -5,    8,   16,   -6,   -6,  -13,   -7,   -6,
      -6,   -6,  -19,  -14,   -5,   -8,   -6,   -7,   -8,   -7,   -5,   -8,   -7,  -10,   -7,   -6,
      -6,   -6,  -17,  -12,   -3,   -5,   -6,   -4,   -7,  -12,   -6,  -14,  -16,    7,  -21,  -17,
      -6,   -5,  -21,  -14,  -14,  -12,  -12,  -18,  -10,  -10,  -24,  -16,  -12,  -14,   -6,  -12,
      -5,   -6,  -14,   -6,   -6,   -6,   -8,  -20,   -6,  -14,   -6,   -8,   -5,  -15,   -6,   -6,
     -12,  -45,  -31,   -8,  -20,  -12,   -9,  -46,  -36,  -25,  -35,  -14,   -7,   -9,  -10,  -23,
     -24,   -6,    5,    7,    5,    7,   -6,    5,  -58,  -14,    6,  -38,  -24,  -43,  -42,   11,
     -26,  -16,  -12,  -42,  -38,   12,  -14,  -32,  -32,   10,  -32,  -32,  -14,  -14,    8,    8,
     -22,  -37,  -37,  -34,  -28,  -34,  -41,  -34,  -38,  -28,  -20,  -28,  -31,  -11,  -28,   -9,
     -38,  -37,  -31,  -39,  -37,   14,  -39,  -39,   21,   14,  -34,  -11,  -39,   14,  -11,  -34,
     -40,  -40,  -67,  -32,  -56,  -34,   -7,  -12,   -6,  -14,  -16,  -21,  -17,   -6,   -5,  -21,
     -14,  -14,  -28,  -28,  -18,  -10,  -28,  -30,  -22,  -12,  -20,   -8,   -7,   -6,  -20,   -6,
      -5,  -22,   -9,   -7,   -6,   -7,   -7,   -7,   -7,   -7,   -7,   -9,   -5,  -28,   -5,   -8,
      -5,  -15,  -12,  -13,    6,  -14,    5,  -13,  -17,  -13,  -24,    6,  -12,   14,  -12,  -12,
       9,  -14,   10,   -9,   10,   10,   -9,   -9,  -15,   -4,   -9,   10,  -22,  -15,    9,  -10,
       9,  -14,  -12,   10,   -6,  -24,   -9,  -16,    5,   -6,   13,   -8,    8,   21,   12,   -8,
      12,   -7,   -9,   12,   11,   12,   10,    9,    8,   -9,  -13,    9,  -14,    8,   10,   10,
      11,   14,   10,  -10,    7,   35,  -12,   -5,    8,   16,   -7,  -12,   -6,  -14,  -16,    8,
     -21,  -17,   -6,   -5,  -21,  -14,  -14,  -11,  -10,  -17,  -10,  -10,  -22,  -14,  -12,  -14,
     -12,   -6,  -13,   -6,   -6,   -7,   -6,  -14,   -6,   -8,   -5,  -15,  -14,  -12,  -10,  -14,
     -15,  -10,   -8,   -8,  -12,   -6,  -12,   -6,  -10,  -10,    8,  -10,   -8,   -8,  -11,   -8,
      -6,   -8,   -8,  -18,  -12,   -7,  -10,  -14,   -8,   -7,  -40,  -28,  -23,  -25,  -13,   -9,
      -6,  -10,  -22,  -18,   11,   11,    9,   11,   12,   11,   11,   10,  -16,   12,   17,   12,
      12,   10,   10,   10,   12,   -6,   10,   -6,   14,  -13,  -14,   -8,   -6,    8,   -6,   -6,
     -15,   -6,  -16,  -11,   -6,   -6,   -6,   -6,   -6,  -12,   -6,   -8,  -14,    6,  -10,  -12,
     -10,  -17,   12,  -13,   12,   10,  -14,  -13,  -14,   10,    8,  -11,  -12,   -6,  -18,  -12,
      -9,  -12,  -16,  -11,   -8,  -14,    6,  -10,  -12,  -10,  -17,   12,  -13,   12,   10,  -14,
     -13,  -14,   10,    8,  -12,  -12,  -16,  -14,  -10,  -10,    9,  -12,   -8,  -15,  -15,  -10,
     -12,   -8,   -7,   -8,   -6,   -7,   -8,   -8,  -11,  -14,  -16,   -6,  -14,  -10,  -10,    9,
     -11,   -8,  -14,  -10,  -15,  -10,  -11,   -8,   -7,   -8,   -6,   -7,   -8,   -8,  -11,  -14,
       5,  -16,  -14,  -10,   -6,  -14,   10,   10,   10,   -6,    8,    6,   -6,    8,    8,    6,
      -6,  -26,  -15,  -23,  -24,  -12,   -9,   -6,  -10,  -18,  -18,   11,   11,    9,   11,   12,
      11,   11,   10,   -7,  -11,  -14,  -16,  -14,   -6,  -12,   -6,  -14,   -6,   -6,   10,    8,
      -6,    6,   10,    9,    8,   10,    6,  -15,  -10,  -16,  -14,  -10,  -12,    9,  -12,  -11,
     -15,   -9,  -15,  -10,  -14,  -11,   -6,   -7,   -8,   -8,   -6,  -11,   -6,  -11,  -11,  -14,
      -7,   -8,   -6,   -6,  -14,  -10,   -6,  -14,   10,  -10,   11,   10,  -10,  -10,  -10,    8,
      -8,   -8,  -16,   12,   17,   12,   12,   10,   10,   10,   12,   -6,   10,   -6,   42,   14,
     -40,  -12,  -26,   -9,  -16,   -8,  -24,  -10,  -17,   -9,  -10,  -16,  -14,  -10,  -10,    8,
     -12,   -8,  -15,  -15,  -10,  -11,   -8,   -7,   -8,   -6,   -8,   -8,  -11,  -14,  -16,  -14,
     -10,  -10,    9,  -12,   -8,  -15,  -15,  -10,  -12,   -8,   -7,   -8,   -6,   -8,   -8,  -11,
     -14,  -29,  -10,  -12,  -16,   -6,   -6,   -6,   -8,   -6,  -10,   -8,   -7,   -6,   -6,  -17,
     -12,  -10,  -14,   -6,   -6,   -6,   -8,   -6,   -6,  -12,  -13,  -10,  -18,   -6,  -11,  -29,
      -8,  -12,  -12,  -16,   -6,   -6,  -22,  -16,   -6,   -6,  -37,  -12,  -25,   -9,  -16,   -8,
     -20,  -10,  -16,   -9,  -10,   -9,   10,  -34,  -34,  -24,   18,  -20,   12,   12,  -44,  -22,
      19,  -10,  -26,   16,  -34,  -25,   10,   10,  -10,  -15,   12,    8,   16,  -28,  -23,  -26,
     -52,  -44,  -16,  -20,  -48,  -31,  -44,  -26,  -44,  -10,  -10,  -38,  -12,  -18,  -26,  -10,
     -18,  -38,   22,  -44,  -31,   22,  -16,  -10,  -44,  -10,  -26,  -28,  -28,  -20,    9,  -11,
     -20,   11,  -39,  -10,  -22,  -18,   -8,   -8,    9,  -14,   10,  -14,   16,   16,   14,    9,
      16,    8,   16,   16,   12,   16,  -21,   -6,   -9,   -7,  -10,  -48,  -33,   -6,    8,  -26,
      -8,  -17,  -14,   -8,   -9,  -29,   -6,  -10,  -17,    8,   -8,  -17,  -10,  -31,  -10,   -8,
      -8,  -17,   -8,  -20,  -11,  -18,   -6,  -10,   -8,  -14,  -10,  -10,   -5,  -10,   -7,  -10,
      -7,   -7,   -7,   13,   -7,   -7,  -10,  -10,  -10,  -33,  -15,   -6,   -6,  -14,   -7,   -8,
     -17,   -7,  -17,   -7,  -21,    9,  -32,  -24,  -41,  -19,   12,  -29,  -13,  -11,  -38,  -16,
      15,  -20,  -40,   -4,  -20,   10,  -20,  -13,  -17,  -18,  -38,  -24,   -9,  -12,  -38,  -24,
     -24,  -20,  -24,  -35,   -8,  -10,  -18,  -10,  -28,   16,  -32,  -21,   16,   -6,  -32,   18,
     -13,  -21,  -20,  -12,  -12,    6,    8,  -39,   -6,    4,  -18,  -16,  -20,  -13,   -6,  -14,
      -7,  -18,   -7,   -8,   11,    9,    7,   11,   10,    9,   10,    6,  -18,   -6,  -44,   -8,
      -9,  -14,  -13,   -8,  -24,  -16,  -41,  -11,   -6,  -28,   -8,  -12,  -12,  -16,   -6,   -7,
     -23,  -18,   -6,   -6,   -8,   -6,  -16,  -10,  -10,  -10,   -9,  -22,  -16,  -10,   -6,   -6,
      -6,   -5,  -10,   -6,   -7,   -7,   -7,  -10,   -8,   -5,  -22,  -16,   -9,   -6,    8,   -6,
      -6,  -16,   -6,  -20,  -14,   -6,   -6,   -6,   -6,   -6,   -9,   -8,  -12,   -6,  -12,   -6,
      -6,  -22,  -16,   -8,   -8,    8,   -6,   -6,  -16,   -6,  -19,  -14,   -6,   -6,   -6,   -7,
     -12,   -6,  -14,  -16,    7,  -21,  -17,   -6,   -5,  -21,  -14,  -14,  -10,  -12,   -6,  -11,
      -6,  -12,   -6,   -6,   -6,  -20,   -6,   -6,   -8,   -5,  -15,  -16,  -14,  -10,  -10,    9,
     -12,   -8,  -15,  -15,  -10,  -11,   -8,   -7,   -8,   -6,   -7,   -8,   -8,  -11,  -14,   -6,
     -10,   -6,   -7,   -6,   -8,  -21,   -7,   -6,   -9,   -7,  -16,  -10,   -6,  -16,   -6,   -6,
      -6,   -6,  -13,   -6,  -10,  -12,  -15,  -10,  -10,   -8,   -6,  -11,  -12,   -6,   -6,   -6,
     -10,   -3,   -3,  -10,   -5,  -10,   -6,  -10,  -16,  -16,  -12,    2,  -10,  -16,   -6,   -8,
     -11,  -12,  -20,  -10,  -10,  -25,  -18,  -12,   -6,  -16,  -25,  -18,  -18,   -3,   -8,   -5,
      -4,  -10,   -6,  -10,   -6,  -10,  -10,   -3,   -6,  -11,  -10,  -10,   -6,  -32,  -10,   -4,
      -4,   -4,  -15,   -4,   -4,  -12,  -10,  -10,  -10,   -6,   -8,   -8,  -13,  -13,  -20,   -2,
     -10,  -15,  -13,  -10,  -18,   -8,   10,   -3,  -10,   -6,  -10,  -11,  -14,   -8,   -7,  -12,
      -2,  -15,   -2,   -2,  -16,   -6,   -6,   -4,  -12,   -4,  -10,   -4,   -4,  -14,   -2,   -4,
      -6,  -12,  -10,  -10,  -12,  -16,  -13,  -20,  -10,   -8,  -10,   -4,   -6,  -15,   -6,  -10,
     -11,  -12,   -2,  -12,   -4,   -6,   -4,   -4,  -22,  -25,   -7,  -10,   -2,  -17,  -20,  -20,
     -12,  -10,  -38,  -10,  -10,  -58,  -10,  -10,   10,    8,    6,  -66,  -10,  -38,  -10,  -10,
       6,   13,  -12,  -12,   14,  -14,  -16,    8,  -34,  -10,  -37,  -17,    6,  -38,   10,   10,
     -34,  -12,   13,  -14,  -14,    6,  -38,  -20,  -12,  -15,
};

static const EpdLigaturePair ubuntu_15_regularLigaturePairs[] = {
    { 0x00660066, 0xFB00 }, // f f -> U+FB00
    { 0x00660069, 0xFB01 }, // f i -> U+FB01
    { 0x0066006C, 0xFB02 }, // f l -> U+FB02
    { 0xFB000069, 0xFB03 }, // U+FB00 i -> U+FB03
    { 0xFB00006C, 0xFB04 }, // U+FB00 l -> U+FB04
};

static const EpdFontData ubuntu_15_regular = {
    ubuntu_15_regularBitmaps,
    ubuntu_15_regularGlyphs,
    ubuntu_15_regularIntervals,
    70,
    36,
    30,
    -6,
    false,
    nullptr,
    0,
    nullptr,
    nullptr,  // kernLeftClasses: built-in fonts use the split arrays below
    nullptr,  // kernRightClasses
    ubuntu_15_regularKernLeftCodepoints,
    ubuntu_15_regularKernLeftClassIds,
    ubuntu_15_regularKernRightCodepoints,
    ubuntu_15_regularKernRightClassIds,
    nullptr,  // kernMatrix: built-in fonts use the sparse form below
    ubuntu_15_regularKernRowOffsets,
    ubuntu_15_regularKernSparseCols,
    ubuntu_15_regularKernSparseValues,
    440,
    513,
    152,
    161,
    ubuntu_15_regularLigaturePairs,
    5,
};
