/**
 * generated by fontconvert.py
 * name: ubuntu_20_regular
 * size: 20
 * mode: 1-bit
 * Command used: fontconvert.py ubuntu_20_regular 20 ../builtinFonts/source/Ubuntu/Ubuntu-Regular.ttf --no-default-intervals --additional-intervals 0x0020,0x007E --additional-intervals 0x00A0,0x00FF --additional-intervals 0x0152,0x0153 --additional-intervals 0x0160,0x0161 --additional-intervals 0x0178,0x0178 --additional-intervals 0x017D,0x017E --additional-intervals 0x0192,0x0192 --additional-intervals 0x02C6,0x02C6 --additional-intervals 0x02DC,0x02DC --additional-intervals 0x0300,0x036F --additional-intervals 0x2000,0x206F --additional-intervals 0x2070,0x209F --additional-intervals 0x20A0,0x20CF --additional-intervals 0x2100,0x214F --additional-intervals 0x2150,0x218F --additional-intervals 0x2190,0x21FF --additional-intervals 0x2200,0x22FF --additional-intervals 0xFB00,0xFB06 --additional-intervals 0xFFFD,0xFFFD
 */
#pragma once
#include "EpdFontData.h"

static const uint8_t ubuntu_20_regularBitmaps[19360] = {
    0x7C, 0xF9, 0xF3, 0xE7, 0xCF, 0x9F, 0x3E, 0x7C, 0xF9, 0xF3, 0xE3, 0xC7, 0x8F, 0x1E, 0x3C, 0x78,
    0xE0, 0x00, 0x00, 0x00, 0x1E, 0x7E, 0xFD, 0xFB, 0xF3, 0xC0, 0xF1, 0xFF, 0x1F, 0xF1, 0xFF, 0x1F,
    0xF1, 0xFF, 0x1F, 0xF1, 0xFF, 0x1F, 0xF0, 0xEF, 0x0E, 0xF0, 0xE0, 0x01, 0xF0, 0x3C, 0x01, 0xE0,
    0x3C, 0x01, 0xE0, 0x7C, 0x01, 0xE0, 0x78, 0x01, 0xE0, 0x78, 0x03, 0xE0, 0x78, 0x03, 0xE0, 0x78,
    0x03, 0xC0, 0xF8, 0xFF, 0xFF, 0xFF, 0xFF, 0xFF, 0xFF, 0xFF, 0xFF, 0xFF, 0x07, 0xC0, 0xF0, 0x07,
    0x81, 0xF0, 0x07, 0x81, 0xF0, 0x07, 0x81, 0xE0, 0x07, 0x81, 0xE0, 0x0F, 0x81, 0xE0, 0x0F, 0x03,
    0xE0, 0xFF, 0xFF, 0xFF, 0xFF, 0xFF, 0xFF, 0xFF, 0xFF, 0xFF, 0x1F, 0x03, 0xC0, 0x1E, 0x07, 0xC0,
    0x1E, 0x07, 0xC0, 0x1E, 0x07, 0x80, 0x1E, 0x07, 0x80, 0x3E, 0x07, 0x80, 0x3C, 0x07, 0x80, 0x3C,
    0x0F, 0x80, 0x00, 0xF0, 0x00, 0x1E, 0x00, 0x03, 0xC0, 0x00, 0x78, 0x00, 0x0F, 0x00, 0x0F, 0xFF,
    0x03, 0xFF, 0xF0, 0xFF, 0xFE, 0x3F, 0x87, 0x8F, 0xC0, 0x01, 0xF0, 0x00, 0x3E, 0x00, 0x07, 0xC0,
    0x00, 0xF8, 0x00, 0x1F, 0x80, 0x03, 0xF8, 0x00, 0x3F, 0xC0, 0x03, 0xFE, 0x00, 0x3F, 0xF0, 0x01,
    0xFF, 0x80, 0x0F, 0xF8, 0x00, 0x3F, 0x80, 0x03, 0xF8, 0x00, 0x1F, 0x00, 0x03, 0xE0, 0x00, 0x7C,
    0x00, 0x0F, 0x80, 0x01, 0xF6, 0x00, 0x7E, 0xFC, 0x3F, 0xBF, 0xFF, 0xF7, 0xFF, 0xFC, 0x1F, 0xFE,
    0x00, 0x1E, 0x00, 0x03, 0xC0, 0x00, 0x78, 0x00, 0x0F, 0x00, 0x01, 0xE0, 0x00, 0x1F, 0xC0, 0x03,
    0xC0, 0x3F, 0xE0, 0x07, 0xC0, 0x7F, 0xF0, 0x0F, 0x80, 0x7C, 0xF8, 0x0F, 0x80, 0xF8, 0x78, 0x1F,
    0x00, 0xF0, 0x7C, 0x1E, 0x00, 0xF0, 0x3C, 0x3E, 0x00, 0xF0, 0x3C, 0x3C, 0x00, 0xF0, 0x3C, 0x7C,
    0x00, 0xF0, 0x3C, 0x78, 0x00, 0xF0, 0x7C, 0xF8, 0x00, 0xF8, 0x79, 0xF0, 0x00, 0x7C, 0xF9, 0xE0,
    0x00, 0x7F, 0xF3, 0xE3, 0xF8, 0x3F, 0xE3, 0xC7, 0xFC, 0x1F, 0xC7, 0xCF, 0xFE, 0x00, 0x07, 0x9F,
    0x3E, 0x00, 0x0F, 0x9E, 0x1F, 0x00, 0x1F, 0x3E, 0x0F, 0x00, 0x1F, 0x3C, 0x0F, 0x00, 0x3E, 0x3C,
    0x0F, 0x00, 0x3C, 0x3C, 0x0F, 0x00, 0x7C, 0x3C, 0x0F, 0x00, 0x78, 0x3E, 0x0F, 0x00, 0xF8, 0x1E,
    0x1F, 0x01, 0xF0, 0x1F, 0x3E, 0x01, 0xF0, 0x0F, 0xFE, 0x03, 0xE0, 0x07, 0xFC, 0x03, 0xC0, 0x03,
    0xF8, 0x00, 0xFE, 0x00, 0x00, 0x7F, 0xF0, 0x00, 0x1F, 0xFF, 0x00, 0x03, 0xF7, 0xE0, 0x00, 0xF8,
    0x3E, 0x00, 0x1E, 0x03, 0xC0, 0x03, 0xC0, 0x78, 0x00, 0x78, 0x1F, 0x00, 0x0F, 0x83, 0xE0, 0x01,
    0xF0, 0xF8, 0x00, 0x1F, 0x3E, 0x00, 0x03, 0xFF, 0xC0, 0x00, 0x3F, 0xF0, 0x00, 0x07, 0xF8, 0x00,
    0x03, 0xFF, 0x00, 0x00, 0xFF, 0xE0, 0x3C, 0x3F, 0x3E, 0x07, 0x87, 0xC3, 0xE1, 0xF1, 0xF0, 0x3E,
    0x3C, 0x3E, 0x03, 0xEF, 0x87, 0x80, 0x3F, 0xE0, 0xF0, 0x03, 0xFC, 0x1E, 0x00, 0x3F, 0x03, 0xE0,
    0x07, 0xE0, 0x7E, 0x01, 0xFE, 0x07, 0xF1, 0xFF, 0xE0, 0x7F, 0xFF, 0xFE, 0x07, 0xFF, 0xC3, 0xE0,
    0x3F, 0xE0, 0x3E, 0xF7, 0xBD, 0xEF, 0x7B, 0xDE, 0xF7, 0xBC, 0x01, 0x80, 0x78, 0x1F, 0x03, 0xE0,
    0xF8, 0x1E, 0x07, 0xC0, 0xF0, 0x3E, 0x07, 0x81, 0xF0, 0x3E, 0x07, 0xC0, 0xF0, 0x3E, 0x07, 0xC0,
    0xF8, 0x1F, 0x03, 0xE0, 0x7C, 0x0F, 0x81, 0xF0, 0x3E, 0x07, 0xC0, 0xF8, 0x1F, 0x03, 0xE0, 0x3C,
    0x07, 0xC0, 0xF8, 0x1F, 0x01, 0xE0, 0x3E, 0x03, 0xC0, 0x7C, 0x07, 0x80, 0xF8, 0x0F, 0x81, 0xF0,
    0x1E, 0x01, 0x80, 0x30, 0x1F, 0x03, 0xE0, 0x3E, 0x03, 0xE0, 0x7C, 0x07, 0xC0, 0xF8, 0x0F, 0x01,
    0xF0, 0x3E, 0x03, 0xC0, 0x7C, 0x0F, 0x81, 0xF0, 0x1E, 0x03, 0xC0, 0x7C, 0x0F, 0x81, 0xF0, 0x3E,
    0x07, 0xC0, 0xF8, 0x1F, 0x03, 0xC0, 0x78, 0x1F, 0x03, 0xE0, 0x7C, 0x0F, 0x03, 0xE0, 0x7C, 0x0F,
    0x03, 0xE0, 0x7C, 0x1F, 0x03, 0xE0, 0xF8, 0x3E, 0x07, 0xC0, 0x30, 0x00, 0x01, 0xE0, 0x00, 0x78,
    0x00, 0x1E, 0x00, 0x07, 0x80, 0x71, 0xE3, 0x9F, 0x7B, 0xEF, 0xFF, 0xFD, 0xFF, 0xFE, 0x0F, 0xFC,
    0x00, 0xFC, 0x00, 0x7F, 0x80, 0x3E, 0xF0, 0x1F, 0x3E, 0x0F, 0xC7, 0xC1, 0xE1, 0xE0, 0x30, 0x30,
    0x00, 0xF0, 0x00, 0x0F, 0x00, 0x00, 0xF0, 0x00, 0x0F, 0x00, 0x00, 0xF0, 0x00, 0x0F, 0x00, 0x00,
    0xF0, 0x00, 0x0F, 0x00, 0xFF, 0xFF, 0xFF, 0xFF, 0xFF, 0xFF, 0xFF, 0xF0, 0x0F, 0x00, 0x00, 0xF0,
    0x00, 0x0F, 0x00, 0x00, 0xF0, 0x00, 0x0F, 0x00, 0x00, 0xF0, 0x00, 0x0F, 0x00, 0x00, 0xF0, 0x00,
    0x3E, 0x7C, 0xF9, 0xF3, 0xE7, 0x8F, 0x3E, 0x7C, 0xF3, 0xE3, 0x80, 0xFF, 0xFF, 0xFF, 0xFF, 0x80,
    0x7B, 0xFF, 0xFF, 0xFD, 0xE0, 0x00, 0x01, 0xE0, 0x00, 0x3E, 0x00, 0x03, 0xE0, 0x00, 0x3C, 0x00,
    0x07, 0xC0, 0x00, 0x7C, 0x00, 0x07, 0x80, 0x00, 0xF8, 0x00, 0x0F, 0x80, 0x00, 0xF0, 0x00, 0x1F,
    0x00, 0x01, 0xF0, 0x00, 0x1E, 0x00, 0x03, 0xE0, 0x00, 0x3E, 0x00, 0x07, 0xC0, 0x00, 0x7C, 0x00,
    0x07, 0x80, 0x00, 0xF8, 0x00, 0x0F, 0x80, 0x00, 0xF0, 0x00, 0x1F, 0x00, 0x01, 0xF0, 0x00, 0x1E,
    0x00, 0x03, 0xE0, 0x00, 0x3E, 0x00, 0x03, 0xC0, 0x00, 0x7C, 0x00, 0x07, 0xC0, 0x00, 0x78, 0x00,
    0x0F, 0x80, 0x00, 0xF8, 0x00, 0x0F, 0x00, 0x01, 0xF0, 0x00, 0x1F, 0x00, 0x01, 0xE0, 0x00, 0x3E,
    0x00, 0x03, 0xE0, 0x00, 0x7C, 0x00, 0x07, 0xC0, 0x00, 0x7C, 0x00, 0x00, 0x03, 0xFC, 0x00, 0xFF,
    0xE0, 0x1F, 0xFF, 0x03, 0xF9, 0xF8, 0x3E, 0x07, 0xC7, 0xC0, 0x7C, 0x7C, 0x03, 0xE7, 0x80, 0x3E,
    0xF8, 0x01, 0xEF, 0x80, 0x1F, 0xF8, 0x01, 0xFF, 0x80, 0x1F, 0xF8, 0x01, 0xFF, 0x80, 0x1F, 0xF8,
    0x01, 0xFF, 0x80, 0x1F, 0xF8, 0x01, 0xFF, 0x80, 0x1F, 0xF8, 0x01, 0xFF, 0x80, 0x1F, 0xF8, 0x01,
    0xE7, 0x80, 0x3E, 0x7C, 0x03, 0xE7, 0xC0, 0x7C, 0x3E, 0x07, 0xC3, 0xF9, 0xF8, 0x1F, 0xFF, 0x00,
    0xFF, 0xE0, 0x03, 0xFC, 0x00, 0x00, 0x78, 0x07, 0xC0, 0xFE, 0x0F, 0xF1, 0xFF, 0xBF, 0xFD, 0xFF,
    0xEF, 0x9F, 0x30, 0xF8, 0x07, 0xC0, 0x3E, 0x01, 0xF0, 0x0F, 0x80, 0x7C, 0x03, 0xE0, 0x1F, 0x00,
    0xF8, 0x07, 0xC0, 0x3E, 0x01, 0xF0, 0x0F, 0x80, 0x7C, 0x03, 0xE0, 0x1F, 0x00, 0xF8, 0x07, 0xC0,
    0x3E, 0x01, 0xF0, 0x0F, 0x80, 0x0F, 0xF8, 0x07, 0xFF, 0xC1, 0xFF, 0xFC, 0x7F, 0x1F, 0xC7, 0x80,
    0xF8, 0x40, 0x0F, 0x80, 0x01, 0xF0, 0x00, 0x3E, 0x00, 0x07, 0xC0, 0x00, 0xF8, 0x00, 0x3E, 0x00,
    0x07, 0xC0, 0x01, 0xF0, 0x00, 0x7E, 0x00, 0x1F, 0x80, 0x07, 0xE0, 0x01, 0xF8, 0x00, 0x7E, 0x00,
    0x1F, 0x80, 0x07, 0xE0, 0x01, 0xF8, 0x00, 0x3E, 0x00, 0x0F, 0x80, 0x01, 0xF0, 0x00, 0x7C, 0x00,
    0x0F, 0x80, 0x01, 0xFF, 0xFF, 0xBF, 0xFF, 0xF7, 0xFF, 0xFE, 0x0F, 0xF8, 0x0F, 0xFF, 0xC1, 0xFF,
    0xFC, 0x3F, 0x3F, 0xC3, 0x00, 0xF8, 0x00, 0x1F, 0x00, 0x01, 0xF0, 0x00, 0x3E, 0x00, 0x07, 0x80,
    0x01, 0xF0, 0x00, 0x7E, 0x00, 0x7F, 0x80, 0x7F, 0xC0, 0x0F, 0xFC, 0x01, 0xFF, 0xC0, 0x07, 0xFC,
    0x00, 0x0F, 0xC0, 0x00, 0xF8, 0x00, 0x0F, 0x80, 0x01, 0xF0, 0x00, 0x3E, 0x00, 0x07, 0xC0, 0x00,
    0xF8, 0x00, 0x3E, 0x40, 0x0F, 0xDF, 0x8F, 0xF3, 0xFF, 0xFC, 0x7F, 0xFF, 0x03, 0xFF, 0x80, 0x00,
    0x07, 0xC0, 0x00, 0x7E, 0x00, 0x07, 0xF0, 0x00, 0x7F, 0x80, 0x07, 0xFC, 0x00, 0x3F, 0xE0, 0x03,
    0xFF, 0x00, 0x3E, 0xF8, 0x01, 0xE7, 0xC0, 0x1F, 0x3E, 0x01, 0xF1, 0xF0, 0x0F, 0x0F, 0x80, 0xF0,
    0x7C, 0x0F, 0x83, 0xE0, 0x78, 0x1F, 0x07, 0xC0, 0xF8, 0x3C, 0x07, 0xC3, 0xE0, 0x3E, 0x1E, 0x01,
    0xF1, 0xFF, 0xFF, 0xFF, 0xFF, 0xFF, 0xFF, 0xFF, 0xFC, 0x00, 0x1F, 0x00, 0x00, 0xF8, 0x00, 0x07,
    0xC0, 0x00, 0x3E, 0x00, 0x01, 0xF0, 0x00, 0x0F, 0x80, 0x00, 0x7C, 0x00, 0x1F, 0xFF, 0xC3, 0xFF,
    0xF8, 0x7F, 0xFF, 0x0F, 0x00, 0x01, 0xE0, 0x00, 0x3C, 0x00, 0x07, 0x80, 0x00, 0xF0, 0x00, 0x1E,
    0x00, 0x03, 0xC0, 0x00, 0x78, 0x00, 0x1F, 0xF8, 0x03, 0xFF, 0xC0, 0x7F, 0xFE, 0x00, 0xFF, 0xE0,
    0x00, 0xFE, 0x00, 0x0F, 0xC0, 0x00, 0xFC, 0x00, 0x0F, 0x80, 0x01, 0xF0, 0x00, 0x3E, 0x00, 0x07,
    0xC0, 0x00, 0xF8, 0x00, 0x3E, 0x40, 0x0F, 0xCF, 0x87, 0xF1, 0xFF, 0xFE, 0x3F, 0xFF, 0x01, 0xFF,
    0x80, 0x00, 0x1F, 0xC0, 0x07, 0xFC, 0x01, 0xFF, 0xC0, 0x3F, 0xF0, 0x07, 0xE0, 0x00, 0xFC, 0x00,
    0x1F, 0x00, 0x01, 0xF0, 0x00, 0x3E, 0x00, 0x03, 0xC0, 0x00, 0x7C, 0x00, 0x07, 0xFF, 0xE0, 0x7F,
    0xFF, 0x87, 0xFF, 0xFC, 0xFF, 0x1F, 0xEF, 0x80, 0x3E, 0xF8, 0x03, 0xEF, 0x80, 0x1F, 0xF8, 0x01,
    0xFF, 0x80, 0x1F, 0x78, 0x01, 0xF7, 0xC0, 0x1F, 0x7C, 0x01, 0xE7, 0xC0, 0x3E, 0x3E, 0x07, 0xE1,
    0xF9, 0xFC, 0x1F, 0xFF, 0x80, 0xFF, 0xF0, 0x03, 0xFE, 0x00, 0xFF, 0xFF, 0xEF, 0xFF, 0xFE, 0xFF,
    0xFF, 0xE0, 0x00, 0x3E, 0x00, 0x07, 0xC0, 0x00, 0xFC, 0x00, 0x0F, 0x80, 0x01, 0xF0, 0x00, 0x1F,
    0x00, 0x03, 0xE0, 0x00, 0x3E, 0x00, 0x07, 0xC0, 0x00, 0x7C, 0x00, 0x0F, 0x80, 0x00, 0xF8, 0x00,
    0x0F, 0x00, 0x01, 0xF0, 0x00, 0x1F, 0x00, 0x01, 0xE0, 0x00, 0x3E, 0x00, 0x03, 0xE0, 0x00, 0x3E,
    0x00, 0x03, 0xC0, 0x00, 0x7C, 0x00, 0x07, 0xC0, 0x00, 0x7C, 0x00, 0x07, 0xC0, 0x00, 0x78, 0x00,
    0x07, 0x80, 0x00, 0x03, 0xFC, 0x00, 0xFF, 0xF0, 0x1F, 0xFF, 0x83, 0xF9, 0xFC, 0x7C, 0x07, 0xC7,
    0xC0, 0x3E, 0x78, 0x03, 0xE7, 0x80, 0x3E, 0x7C, 0x03, 0xE7, 0xC0, 0x3E, 0x7E, 0x07, 0xC3, 0xF8,
    0xFC, 0x3F, 0xFF, 0x81, 0xFF, 0xF0, 0x0F, 0xFE, 0x01, 0xFF, 0xF8, 0x3F, 0x7F, 0xC7, 0xE1, 0xFE,
    0x7C, 0x07, 0xEF, 0x80, 0x3E, 0xF8, 0x01, 0xFF, 0x80, 0x1F, 0xF8, 0x01, 0xFF, 0x80, 0x1E, 0x7C,
    0x03, 0xE7, 0xF1, 0xFE, 0x3F, 0xFF, 0xC1, 0xFF, 0xF8, 0x07, 0xFE, 0x00, 0x07, 0xFC, 0x00, 0xFF,
    0xE0, 0x3F, 0xFF, 0x03, 0xF3, 0xF8, 0x7C, 0x0F, 0xC7, 0xC0, 0x7C, 0xF8, 0x03, 0xEF, 0x80, 0x3E,
    0xF8, 0x03, 0xEF, 0x80, 0x3E, 0xF8, 0x03, 0xEF, 0x80, 0x1E, 0xF8, 0x01, 0xE7, 0xC0, 0x1E, 0x7F,
    0x1F, 0xE3, 0xFF, 0xFE, 0x1F, 0xFF, 0xE0, 0x7F, 0xFE, 0x00, 0x03, 0xE0, 0x00, 0x7C, 0x00, 0x07,
    0xC0, 0x00, 0xF8, 0x00, 0x1F, 0x80, 0x03, 0xF0, 0x00, 0xFE, 0x00, 0xFF, 0xC0, 0x7F, 0xF8, 0x03,
    0xFE, 0x00, 0x3F, 0x80, 0x00, 0x7B, 0xFF, 0xFF, 0xFD, 0xE0, 0x00, 0x00, 0x00, 0x00, 0x00, 0x00,
    0x00, 0x01, 0xEF, 0xFF, 0xFF, 0xF7, 0x80, 0x3C, 0xFD, 0xFB, 0xF7, 0xE7, 0x80, 0x00, 0x00, 0x00,
    0x00, 0x00, 0x00, 0x00, 0x00, 0x00, 0x00, 0xF9, 0xF3, 0xE7, 0xCF, 0x9E, 0x3C, 0xF9, 0xF3, 0xCF,
    0x8E, 0x00, 0x00, 0x00, 0xE0, 0x00, 0x3E, 0x00, 0x0F, 0xF0, 0x03, 0xFE, 0x00, 0xFF, 0x00, 0x7F,
    0xC0, 0x1F, 0xF0, 0x07, 0xFC, 0x00, 0xFF, 0x00, 0x0F, 0xC0, 0x00, 0xFF, 0x00, 0x07, 0xFC, 0x00,
    0x1F, 0xF0, 0x00, 0x7F, 0xC0, 0x00, 0xFF, 0x00, 0x03, 0xFE, 0x00, 0x0F, 0xF0, 0x00, 0x3E, 0x00,
    0x00, 0xE0, 0xFF, 0xFF, 0xFF, 0xFF, 0xFF, 0xFF, 0xFF, 0xF0, 0x00, 0x00, 0x00, 0x00, 0x00, 0x00,
    0x00, 0x00, 0x00, 0x00, 0x00, 0x00, 0x00, 0x00, 0x0F, 0xFF, 0xFF, 0xFF, 0xFF, 0xFF, 0xFF, 0xFF,
    0x60, 0x00, 0x0F, 0x80, 0x00, 0xFF, 0x00, 0x07, 0xFC, 0x00, 0x1F, 0xF0, 0x00, 0x7F, 0xC0, 0x00,
    0xFF, 0x80, 0x03, 0xFE, 0x00, 0x0F, 0xF0, 0x00, 0x3F, 0x00, 0x0F, 0xF0, 0x03, 0xFE, 0x00, 0xFF,
    0x00, 0x7F, 0xC0, 0x1F, 0xF0, 0x07, 0xFC, 0x00, 0xFF, 0x00, 0x0F, 0x80, 0x00, 0x60, 0x00, 0x00,
    0x1F, 0xF0, 0x7F, 0xFC, 0x7F, 0xFE, 0x7C, 0x7F, 0x20, 0x1F, 0x00, 0x1F, 0x00, 0x1F, 0x00, 0x1F,
    0x00, 0x1F, 0x00, 0x3E, 0x00, 0x7C, 0x00, 0xFC, 0x01, 0xF0, 0x03, 0xE0, 0x03, 0xC0, 0x07, 0xC0,
    0x07, 0x80, 0x07, 0x80, 0x07, 0x80, 0x00, 0x00, 0x00, 0x00, 0x00, 0x00, 0x00, 0x00, 0x07, 0x80,
    0x0F, 0xC0, 0x0F, 0xC0, 0x0F, 0xC0, 0x0F, 0xC0, 0x07, 0x80, 0x00, 0x0F, 0xFF, 0x00, 0x00, 0x03,
    0xFF, 0xFE, 0x00, 0x00, 0xFF, 0xFF, 0xF0, 0x00, 0x1F, 0xF8, 0xFF, 0xC0, 0x07, 0xF0, 0x00, 0xFE,
    0x00, 0xFE, 0x00, 0x03, 0xF0, 0x0F, 0x80, 0x00, 0x1F, 0x81, 0xF0, 0x00, 0x00, 0xF8, 0x3E, 0x01,
    0xFF, 0x87, 0xC3, 0xE0, 0x7F, 0xFC, 0x3C, 0x3C, 0x0F, 0xFF, 0xC3, 0xE7, 0xC1, 0xFC, 0x7C, 0x3E,
    0x78, 0x3F, 0x07, 0xC1, 0xE7, 0x83, 0xE0, 0x7C, 0x1E, 0x78, 0x7C, 0x07, 0xC1, 0xEF, 0x87, 0xC0,
    0x7C, 0x1F, 0xF8, 0x7C, 0x07, 0xC1, 0xFF, 0x87, 0xC0, 0x7C, 0x1E, 0xF8, 0x7C, 0x07, 0xC1, 0xEF,
    0x87, 0xC0, 0x7C, 0x1E, 0x78, 0x7C, 0x07, 0xC3, 0xE7, 0x83, 0xE0, 0x7C, 0x3E, 0x78, 0x3E, 0x07,
    0xC7, 0xC7, 0xC1, 0xF8, 0xFE, 0xFC, 0x7C, 0x1F, 0xFF, 0xFF, 0x83, 0xE0, 0x7F, 0xFF, 0xF0, 0x3E,
    0x03, 0xFE, 0xFE, 0x01, 0xF0, 0x00, 0x00, 0x00, 0x0F, 0x80, 0x00, 0x00, 0x00, 0xFE, 0x00, 0x00,
    0x00, 0x07, 0xF8, 0x00, 0x00, 0x00, 0x3F, 0xF8, 0x3C, 0x00, 0x00, 0xFF, 0xFF, 0xC0, 0x00, 0x03,
    0xFF, 0xFC, 0x00, 0x00, 0x0F, 0xFF, 0xC0, 0x00, 0x00, 0x1F, 0x00, 0x00, 0x01, 0xF8, 0x00, 0x00,
    0x1F, 0x80, 0x00, 0x03, 0xFC, 0x00, 0x00, 0x3F, 0xC0, 0x00, 0x07, 0xFE, 0x00, 0x00, 0x7B, 0xE0,
    0x00, 0x0F, 0x9F, 0x00, 0x00, 0xF9, 0xF0, 0x00, 0x1F, 0x1F, 0x00, 0x01, 0xF0, 0xF8, 0x00, 0x1E,
    0x0F, 0x80, 0x03, 0xE0, 0x7C, 0x00, 0x3E, 0x07, 0xC0, 0x07, 0xC0, 0x7C, 0x00, 0x7C, 0x03, 0xE0,
    0x07, 0x80, 0x3E, 0x00, 0xF8, 0x01, 0xF0, 0x0F, 0xFF, 0xFF, 0x00, 0xFF, 0xFF, 0xF0, 0x1F, 0xFF,
    0xFF, 0x81, 0xE0, 0x00, 0xF8, 0x3E, 0x00, 0x0F, 0x83, 0xE0, 0x00, 0x7C, 0x3C, 0x00, 0x07, 0xC7,
    0xC0, 0x00, 0x7E, 0x7C, 0x00, 0x03, 0xE7, 0x80, 0x00, 0x3E, 0xF8, 0x00, 0x03, 0xF0, 0x7F, 0xFE,
    0x03, 0xFF, 0xFE, 0x0F, 0xFF, 0xFE, 0x3E, 0x0F, 0xFC, 0xF8, 0x03, 0xF3, 0xE0, 0x07, 0xEF, 0x80,
    0x0F, 0xBE, 0x00, 0x3E, 0xF8, 0x00, 0xFB, 0xE0, 0x07, 0xCF, 0x80, 0x3F, 0x3E, 0x07, 0xF8, 0xFF,
    0xFF, 0xC3, 0xFF, 0xFF, 0x0F, 0xFF, 0xFF, 0x3E, 0x03, 0xFE, 0xF8, 0x01, 0xFB, 0xE0, 0x03, 0xFF,
    0x80, 0x07, 0xFE, 0x00, 0x1F, 0xF8, 0x00, 0x7F, 0xE0, 0x01, 0xFF, 0x80, 0x07, 0xFE, 0x00, 0x3F,
    0xF8, 0x01, 0xFB, 0xE0, 0x7F, 0xEF, 0xFF, 0xFF, 0x3F, 0xFF, 0xF0, 0x7F, 0xFF, 0x00, 0x00, 0x7F,
    0xF0, 0x03, 0xFF, 0xFC, 0x0F, 0xFF, 0xF8, 0x7F, 0xC7, 0xF1, 0xFC, 0x00, 0xC3, 0xF0, 0x00, 0x0F,
    0xC0, 0x00, 0x1F, 0x00, 0x00, 0x7C, 0x00, 0x00, 0xF8, 0x00, 0x01, 0xF0, 0x00, 0x07, 0xC0, 0x00,
    0x0F, 0x80, 0x00, 0x1F, 0x00, 0x00, 0x3E, 0x00, 0x00, 0x7C, 0x00, 0x00, 0xF8, 0x00, 0x01, 0xF0,
    0x00, 0x03, 0xF0, 0x00, 0x03, 0xE0, 0x00, 0x07, 0xC0, 0x00, 0x0F, 0xC0, 0x00, 0x0F, 0x80, 0x00,
    0x1F, 0x80, 0x00, 0x1F, 0xC0, 0x04, 0x1F, 0xF0, 0xFC, 0x1F, 0xFF, 0xF8, 0x0F, 0xFF, 0xF0, 0x07,
    0xFF, 0x80, 0x7F, 0xFE, 0x00, 0x7F, 0xFF, 0xC0, 0x3F, 0xFF, 0xF8, 0x1F, 0x07, 0xFE, 0x0F, 0x80,
    0x3F, 0x87, 0xC0, 0x07, 0xE3, 0xE0, 0x01, 0xF9, 0xF0, 0x00, 0x7C, 0xF8, 0x00, 0x1F, 0x7C, 0x00,
    0x0F, 0xBE, 0x00, 0x07, 0xDF, 0x00, 0x01, 0xFF, 0x80, 0x00, 0xFF, 0xC0, 0x00, 0x7F, 0xE0, 0x00,
    0x3F, 0xF0, 0x00, 0x1F, 0xF8, 0x00, 0x0F, 0xFC, 0x00, 0x07, 0xFE, 0x00, 0x07, 0xDF, 0x00, 0x03,
    0xEF, 0x80, 0x01, 0xF7, 0xC0, 0x01, 0xF3, 0xE0, 0x01, 0xF9, 0xF0, 0x01, 0xF8, 0xF8, 0x03, 0xF8,
    0x7C, 0x1F, 0xF8, 0x3F, 0xFF, 0xF8, 0x1F, 0xFF, 0xF0, 0x0F, 0xFF, 0xE0, 0x00, 0xFF, 0xFF, 0xEF,
    0xFF, 0xFE, 0xFF, 0xFF, 0xEF, 0x80, 0x00, 0xF8, 0x00, 0x0F, 0x80, 0x00, 0xF8, 0x00, 0x0F, 0x80,
    0x00, 0xF8, 0x00, 0x0F, 0x80, 0x00, 0xF8, 0x00, 0x0F, 0x80, 0x00, 0xFF, 0xFF, 0x8F, 0xFF, 0xF8,
    0xFF, 0xFF, 0x8F, 0x80, 0x00, 0xF8, 0x00, 0x0F, 0x80, 0x00, 0xF8, 0x00, 0x0F, 0x80, 0x00, 0xF8,
    0x00, 0x0F, 0x80, 0x00, 0xF8, 0x00, 0x0F, 0x80, 0x00, 0xF8, 0x00, 0x0F, 0x80, 0x00, 0xFF, 0xFF,
    0xFF, 0xFF, 0xFF, 0xFF, 0xFF, 0xF0, 0xFF, 0xFF, 0xFF, 0xFF, 0xFF, 0xFF, 0xFF, 0xFC, 0x00, 0x0F,
    0x80, 0x01, 0xF0, 0x00, 0x3E, 0x00, 0x07, 0xC0, 0x00, 0xF8, 0x00, 0x1F, 0x00, 0x03, 0xE0, 0x00,
    0x7C, 0x00, 0x0F, 0x80, 0x01, 0xFF, 0xFF, 0x3F, 0xFF, 0xE7, 0xFF, 0xFC, 0xF8, 0x00, 0x1F, 0x00,
    0x03, 0xE0, 0x00, 0x7C, 0x00, 0x0F, 0x80, 0x01, 0xF0, 0x00, 0x3E, 0x00, 0x07, 0xC0, 0x00, 0xF8,
    0x00, 0x1F, 0x00, 0x03, 0xE0, 0x00, 0x7C, 0x00, 0x0F, 0x80, 0x00, 0x00, 0x7F, 0xF8, 0x01, 0xFF,
    0xFE, 0x03, 0xFF, 0xFE, 0x0F, 0xF8, 0xFE, 0x1F, 0xC0, 0x06, 0x1F, 0x80, 0x00, 0x3F, 0x00, 0x00,
    0x3E, 0x00, 0x00, 0x7C, 0x00, 0x00, 0x7C, 0x00, 0x00, 0x7C, 0x00, 0x00, 0xF8, 0x00, 0x00, 0xF8,
    0x00, 0x00, 0xF8, 0x00, 0x00, 0xF8, 0x00, 0x00, 0xF8, 0x00, 0x1F, 0xF8, 0x00, 0x1F, 0xF8, 0x00,
    0x1F, 0xFC, 0x00, 0x1F, 0x7C, 0x00, 0x1F, 0x7C, 0x00, 0x1F, 0x7E, 0x00, 0x1F, 0x3E, 0x00, 0x1F,
    0x3F, 0x00, 0x1F, 0x1F, 0xC0, 0x1F, 0x0F, 0xF8, 0x7F, 0x07, 0xFF, 0xFF, 0x01, 0xFF, 0xFF, 0x00,
    0x7F, 0xFC, 0xF8, 0x00, 0x1F, 0xF0, 0x00, 0x3F, 0xE0, 0x00, 0x7F, 0xC0, 0x00, 0xFF, 0x80, 0x01,
    0xFF, 0x00, 0x03, 0xFE, 0x00, 0x07, 0xFC, 0x00, 0x0F, 0xF8, 0x00, 0x1F, 0xF0, 0x00, 0x3F, 0xE0,
    0x00, 0x7F, 0xC0, 0x00, 0xFF, 0x80, 0x01, 0xFF, 0xFF, 0xFF, 0xFF, 0xFF, 0xFF, 0xFF, 0xFF, 0xFF,
    0xF8, 0x00, 0x1F, 0xF0, 0x00, 0x3F, 0xE0, 0x00, 0x7F, 0xC0, 0x00, 0xFF, 0x80, 0x01, 0xFF, 0x00,
    0x03, 0xFE, 0x00, 0x07, 0xFC, 0x00, 0x0F, 0xF8, 0x00, 0x1F, 0xF0, 0x00, 0x3F, 0xE0, 0x00, 0x7F,
    0xC0, 0x00, 0xFF, 0x80, 0x01, 0xE0, 0xFF, 0xFF, 0xFF, 0xFF, 0xFF, 0xFF, 0xFF, 0xFF, 0xFF, 0xFF,
    0xFF, 0xFF, 0xFF, 0xFF, 0xFF, 0xFF, 0xFF, 0xFF, 0x80, 0x00, 0x07, 0xC0, 0x01, 0xF0, 0x00, 0x7C,
    0x00, 0x1F, 0x00, 0x07, 0xC0, 0x01, 0xF0, 0x00, 0x7C, 0x00, 0x1F, 0x00, 0x07, 0xC0, 0x01, 0xF0,
    0x00, 0x7C, 0x00, 0x1F, 0x00, 0x07, 0xC0, 0x01, 0xF0, 0x00, 0x7C, 0x00, 0x1F, 0x00, 0x07, 0xC0,
    0x01, 0xF0, 0x00, 0x7C, 0x00, 0x1F, 0x00, 0x07, 0xC0, 0x01, 0xF0, 0x00, 0x7C, 0x00, 0x3E, 0x60,
    0x0F, 0x9F, 0x1F, 0xCF, 0xFF, 0xF1, 0xFF, 0xF8, 0x1F, 0xF8, 0x00, 0xF8, 0x00, 0xFC, 0xF8, 0x01,
    0xF8, 0xF8, 0x03, 0xF0, 0xF8, 0x07, 0xE0, 0xF8, 0x0F, 0xC0, 0xF8, 0x0F, 0x80, 0xF8, 0x1F, 0x00,
    0xF8, 0x3E, 0x00, 0xF8, 0x7C, 0x00, 0xF8, 0xF8, 0x00, 0xF9, 0xF8, 0x00, 0xFB, 0xF0, 0x00, 0xFF,
    0xE0, 0x00, 0xFF, 0xC0, 0x00, 0xFF, 0xE0, 0x00, 0xFF, 0xF0, 0x00, 0xFF, 0xF8, 0x00, 0xFB, 0xFC,
    0x00, 0xF8, 0xFE, 0x00, 0xF8, 0x7F, 0x00, 0xF8, 0x3F, 0x80, 0xF8, 0x1F, 0xC0, 0xF8, 0x0F, 0xE0,
    0xF8, 0x07, 0xF0, 0xF8, 0x03, 0xF0, 0xF8, 0x01, 0xF8, 0xF8, 0x00, 0xFC, 0xF8, 0x00, 0x7E, 0xF8,
    0x00, 0x3E, 0xF8, 0x00, 0x1F, 0x00, 0x03, 0xE0, 0x00, 0x7C, 0x00, 0x0F, 0x80, 0x01, 0xF0, 0x00,
    0x3E, 0x00, 0x07, 0xC0, 0x00, 0xF8, 0x00, 0x1F, 0x00, 0x03, 0xE0, 0x00, 0x7C, 0x00, 0x0F, 0x80,
    0x01, 0xF0, 0x00, 0x3E, 0x00, 0x07, 0xC0, 0x00, 0xF8, 0x00, 0x1F, 0x00, 0x03, 0xE0, 0x00, 0x7C,
    0x00, 0x0F, 0x80, 0x01, 0xF0, 0x00, 0x3E, 0x00, 0x07, 0xC0, 0x00, 0xF8, 0x00, 0x1F, 0x00, 0x03,
    0xFF, 0xFF, 0xFF, 0xFF, 0xFF, 0xFF, 0xFE, 0x1E, 0x00, 0x00, 0x7C, 0x3F, 0x00, 0x00, 0x7C, 0x3F,
    0x00, 0x00, 0xFC, 0x3F, 0x80, 0x00, 0xFC, 0x3F, 0x80, 0x01, 0xFC, 0x3F, 0xC0, 0x01, 0xFE, 0x3F,
    0xC0, 0x03, 0xFE, 0x3F, 0xE0, 0x03, 0xFE, 0x3F, 0xE0, 0x03, 0xFE, 0x3D, 0xE0, 0x07, 0xFE, 0x3C,
    0xF0, 0x07, 0xBE, 0x7C, 0xF0, 0x0F, 0x9E, 0x7C, 0x78, 0x0F, 0x1E, 0x7C, 0x78, 0x1F, 0x1E, 0x7C,
    0x7C, 0x1E, 0x1E, 0x7C, 0x3C, 0x1E, 0x1E, 0x7C, 0x3C, 0x3C, 0x1E, 0x7C, 0x1E, 0x3C, 0x1E, 0x7C,
    0x1E, 0x78, 0x1F, 0x7C, 0x0F, 0x78, 0x1F, 0x7C, 0x0F, 0x70, 0x1F, 0x78, 0x07, 0xF0, 0x1F, 0x78,
    0x07, 0xE0, 0x1F, 0x78, 0x03, 0xE0, 0x1F, 0x78, 0x03, 0xE0, 0x1F, 0x78, 0x00, 0x00, 0x1F, 0x78,
    0x00, 0x00, 0x1F, 0x78, 0x00, 0x00, 0x1F, 0xF8, 0x00, 0x00, 0x1F, 0xF8, 0x00, 0x0F, 0xFC, 0x00,
    0x0F, 0xFE, 0x00, 0x0F, 0xFE, 0x00, 0x0F, 0xFF, 0x00, 0x0F, 0xFF, 0x80, 0x0F, 0xFF, 0xC0, 0x0F,
    0xFF, 0xE0, 0x0F, 0xFB, 0xE0, 0x0F, 0xF9, 0xF0, 0x0F, 0xF8, 0xF8, 0x0F, 0xF8, 0xFC, 0x0F, 0xF8,
    0x7C, 0x0F, 0xF8, 0x3E, 0x0F, 0xF8, 0x1F, 0x0F, 0xF8, 0x1F, 0x0F, 0xF8, 0x0F, 0x8F, 0xF8, 0x07,
    0xCF, 0xF8, 0x07, 0xCF, 0xF8, 0x03, 0xEF, 0xF8, 0x01, 0xFF, 0xF8, 0x01, 0xFF, 0xF8, 0x00, 0xFF,
    0xF8, 0x00, 0x7F, 0xF8, 0x00, 0x7F, 0xF8, 0x00, 0x3F, 0xF8, 0x00, 0x1F, 0xF8, 0x00, 0x1F, 0xF8,
    0x00, 0x0F, 0x00, 0x7F, 0xF0, 0x00, 0x0F, 0xFF, 0xE0, 0x00, 0xFF, 0xFF, 0x80, 0x1F, 0xF1, 0xFE,
    0x01, 0xFC, 0x01, 0xF8, 0x0F, 0x80, 0x07, 0xE0, 0xF8, 0x00, 0x1F, 0x87, 0xC0, 0x00, 0x7C, 0x7C,
    0x00, 0x03, 0xF3, 0xE0, 0x00, 0x0F, 0xBF, 0x00, 0x00, 0x7D, 0xF0, 0x00, 0x03, 0xEF, 0x80, 0x00,
    0x1F, 0xFC, 0x00, 0x00, 0xFF, 0xE0, 0x00, 0x03, 0xFF, 0x00, 0x00, 0x3F, 0xF8, 0x00, 0x01, 0xFF,
    0xC0, 0x00, 0x0F, 0xBF, 0x00, 0x00, 0x7C, 0xF8, 0x00, 0x03, 0xE7, 0xC0, 0x00, 0x3F, 0x1F, 0x00,
    0x01, 0xF0, 0xF8, 0x00, 0x1F, 0x83, 0xE0, 0x01, 0xF8, 0x1F, 0xC0, 0x1F, 0x80, 0x7F, 0xC7, 0xF8,
    0x01, 0xFF, 0xFF, 0x80, 0x03, 0xFF, 0xF8, 0x00, 0x07, 0xFF, 0x00, 0x00, 0x7F, 0xFE, 0x03, 0xFF,
    0xFE, 0x0F, 0xFF, 0xFE, 0x3E, 0x07, 0xFC, 0xF8, 0x03, 0xF3, 0xE0, 0x07, 0xEF, 0x80, 0x0F, 0xBE,
    0x00, 0x3E, 0xF8, 0x00, 0xFB, 0xE0, 0x03, 0xEF, 0x80, 0x0F, 0xBE, 0x00, 0x3E, 0xF8, 0x01, 0xFB,
    0xE0, 0x0F, 0xCF, 0x83, 0xFF, 0x3F, 0xFF, 0xF8, 0xFF, 0xFF, 0x83, 0xFF, 0xF8, 0x0F, 0x80, 0x00,
    0x3E, 0x00, 0x00, 0xF8, 0x00, 0x03, 0xE0, 0x00, 0x0F, 0x80, 0x00, 0x3E, 0x00, 0x00, 0xF8, 0x00,
    0x03, 0xE0, 0x00, 0x0F, 0x80, 0x00, 0x3E, 0x00, 0x00, 0xF8, 0x00, 0x00, 0x00, 0x7F, 0xF0, 0x00,
    0x0F, 0xFF, 0xE0, 0x00, 0xFF, 0xFF, 0x80, 0x1F, 0xF1, 0xFE, 0x01, 0xFC, 0x01, 0xF8, 0x0F, 0x80,
    0x07, 0xE0, 0xF8, 0x00, 0x1F, 0x87, 0xC0, 0x00, 0x7C, 0x7C, 0x00, 0x03, 0xF3, 0xE0, 0x00, 0x0F,
    0xBF, 0x00, 0x00, 0x7D, 0xF0, 0x00, 0x03, 0xEF, 0x80, 0x00, 0x1F, 0xFC, 0x00, 0x00, 0xFF, 0xE0,
    0x00, 0x03, 0xFF, 0x00, 0x00, 0x3F, 0xF8, 0x00, 0x01, 0xF7, 0xC0, 0x00, 0x0F, 0x9F, 0x00, 0x00,
    0x7C, 0xF8, 0x00, 0x03, 0xE7, 0xC0, 0x00, 0x3F, 0x1F, 0x00, 0x01, 0xF0, 0xF8, 0x00, 0x1F, 0x83,
    0xE0, 0x01, 0xF8, 0x1F, 0xC0, 0x1F, 0x80, 0x7F, 0xC7, 0xF8, 0x01, 0xFF, 0xFF, 0x80, 0x03, 0xFF,
    0xF8, 0x00, 0x07, 0xFE, 0x00, 0x00, 0x03, 0xE0, 0x00, 0x00, 0x1F, 0x00, 0x00, 0x00, 0x7E, 0x00,
    0x00, 0x03, 0xFC, 0x00, 0x00, 0x0F, 0xFE, 0x00, 0x00, 0x3F, 0xF0, 0x00, 0x00, 0x7F, 0x80, 0x00,
    0x00, 0x7C, 0x00, 0x7F, 0xFE, 0x01, 0xFF, 0xFF, 0x03, 0xFF, 0xFF, 0x07, 0xC0, 0xFF, 0x0F, 0x80,
    0x3F, 0x1F, 0x00, 0x3F, 0x3E, 0x00, 0x3E, 0x7C, 0x00, 0x7C, 0xF8, 0x00, 0xF9, 0xF0, 0x01, 0xF3,
    0xE0, 0x03, 0xE7, 0xC0, 0x07, 0xCF, 0x80, 0x1F, 0x9F, 0x00, 0x7E, 0x3E, 0x0F, 0xFC, 0x7F, 0xFF,
    0xF0, 0xFF, 0xFF, 0x81, 0xFF, 0xFE, 0x03, 0xE0, 0x7C, 0x07, 0xC0, 0xFC, 0x0F, 0x80, 0xFC, 0x1F,
    0x00, 0xFC, 0x3E, 0x00, 0xF8, 0x7C, 0x01, 0xF8, 0xF8, 0x01, 0xF9, 0xF0, 0x01, 0xF3, 0xE0, 0x03,
    0xF7, 0xC0, 0x03, 0xEF, 0x80, 0x07, 0xE0, 0x03, 0xFF, 0x80, 0x7F, 0xFF, 0x07, 0xFF, 0xF8, 0x7F,
    0x8F, 0x87, 0xE0, 0x04, 0x3E, 0x00, 0x01, 0xF0, 0x00, 0x0F, 0x80, 0x00, 0x7C, 0x00, 0x03, 0xF0,
    0x00, 0x1F, 0xC0, 0x00, 0x7F, 0x80, 0x01, 0xFF, 0x80, 0x07, 0xFF, 0x00, 0x1F, 0xFE, 0x00, 0x1F,
    0xF8, 0x00, 0x3F, 0xE0, 0x00, 0x3F, 0x80, 0x00, 0xFC, 0x00, 0x03, 0xE0, 0x00, 0x1F, 0x00, 0x00,
    0xF8, 0x00, 0x07, 0xC0, 0x00, 0x3E, 0x60, 0x03, 0xF3, 0xF0, 0xFF, 0x3F, 0xFF, 0xF0, 0xFF, 0xFF,
    0x01, 0xFF, 0xE0, 0x00, 0xFF, 0xFF, 0xFE, 0xFF, 0xFF, 0xFE, 0xFF, 0xFF, 0xFE, 0x00, 0x7C, 0x00,
    0x00, 0x7C, 0x00, 0x00, 0x7C, 0x00, 0x00, 0x7C, 0x00, 0x00, 0x7C, 0x00, 0x00, 0x7C, 0x00, 0x00,
    0x7C, 0x00, 0x00, 0x7C, 0x00, 0x00, 0x7C, 0x00, 0x00, 0x7C, 0x00, 0x00, 0x7C, 0x00, 0x00, 0x7C,
    0x00, 0x00, 0x7C, 0x00, 0x00, 0x7C, 0x00, 0x00, 0x7C, 0x00, 0x00, 0x7C, 0x00, 0x00, 0x7C, 0x00,
    0x00, 0x7C, 0x00, 0x00, 0x7C, 0x00, 0x00, 0x7C, 0x00, 0x00, 0x7C, 0x00, 0x00, 0x7C, 0x00, 0x00,
    0x7C, 0x00, 0x00, 0x7C, 0x00, 0x00, 0x7C, 0x00, 0x00, 0x7C, 0x00, 0xF8, 0x00, 0x3F, 0xF0, 0x00,
    0x7F, 0xE0, 0x00, 0xFF, 0xC0, 0x01, 0xFF, 0x80, 0x03, 0xFF, 0x00, 0x07, 0xFE, 0x00, 0x0F, 0xFC,
    0x00, 0x1F, 0xF8, 0x00, 0x3F, 0xF0, 0x00, 0x7F, 0xE0, 0x00, 0xFF, 0xC0, 0x01, 0xFF, 0x80, 0x03,
    0xFF, 0x00, 0x07, 0xFE, 0x00, 0x0F, 0xFC, 0x00, 0x1F, 0xF8, 0x00, 0x3F, 0xF0, 0x00, 0x7F, 0xE0,
    0x00, 0xFF, 0xC0, 0x01, 0xFF, 0x80, 0x03, 0xEF, 0x00, 0x0F, 0x9F, 0x00, 0x1F, 0x3E, 0x00, 0x7E,
    0x3F, 0x01, 0xF8, 0x7F, 0x8F, 0xE0, 0x7F, 0xFF, 0xC0, 0x3F, 0xFE, 0x00, 0x3F, 0xF0, 0x00, 0xF8,
    0x00, 0x03, 0xE7, 0xC0, 0x00, 0x3E, 0x7C, 0x00, 0x07, 0xE7, 0xE0, 0x00, 0x7C, 0x3E, 0x00, 0x07,
    0xC3, 0xE0, 0x00, 0xFC, 0x3F, 0x00, 0x0F, 0x81, 0xF0, 0x00, 0xF8, 0x1F, 0x00, 0x1F, 0x01, 0xF8,
    0x01, 0xF0, 0x0F, 0x80, 0x1F, 0x00, 0xF8, 0x03, 0xE0, 0x07, 0xC0, 0x3E, 0x00, 0x7C, 0x03, 0xE0,
    0x07, 0xE0, 0x7C, 0x00, 0x3E, 0x07, 0xC0, 0x03, 0xE0, 0xF8, 0x00, 0x1F, 0x0F, 0x80, 0x01, 0xF0,
    0xF8, 0x00, 0x1F, 0x9F, 0x00, 0x00, 0xF9, 0xF0, 0x00, 0x0F, 0xBE, 0x00, 0x00, 0x7F, 0xE0, 0x00,
    0x07, 0xFE, 0x00, 0x00, 0x3F, 0xC0, 0x00, 0x03, 0xFC, 0x00, 0x00, 0x3F, 0x80, 0x00, 0x01, 0xF8,
    0x00, 0x00, 0x1F, 0x00, 0x00, 0xF8, 0x00, 0x00, 0x00, 0xFF, 0xC0, 0x00, 0x00, 0x07, 0xFE, 0x00,
    0x00, 0x00, 0x3F, 0xF0, 0x01, 0xF0, 0x01, 0xF7, 0xC0, 0x0F, 0x80, 0x1F, 0x3E, 0x00, 0x7C, 0x00,
    0xF9, 0xF0, 0x07, 0xF0, 0x07, 0xCF, 0x80, 0x3F, 0x80, 0x3E, 0x7C, 0x01, 0xFC, 0x01, 0xF1, 0xF0,
    0x1F, 0xF0, 0x1F, 0x0F, 0x80, 0xF7, 0x80, 0xF8, 0x7C, 0x07, 0xBC, 0x07, 0xC3, 0xE0, 0x7D, 0xF0,
    0x3E, 0x0F, 0x03, 0xC7, 0x81, 0xE0, 0x7C, 0x1E, 0x3C, 0x1F, 0x03, 0xE1, 0xF1, 0xF0, 0xF8, 0x1F,
    0x0F, 0x07, 0x87, 0xC0, 0x78, 0x78, 0x3E, 0x3C, 0x03, 0xE7, 0xC1, 0xF1, 0xE0, 0x1F, 0x3C, 0x07,
    0x9F, 0x00, 0xF9, 0xE0, 0x3E, 0xF8, 0x03, 0xDF, 0x01, 0xF7, 0x80, 0x1F, 0xF0, 0x07, 0xFC, 0x00,
    0xFF, 0x80, 0x3F, 0xE0, 0x07, 0xF8, 0x00, 0xFF, 0x00, 0x1F, 0xC0, 0x07, 0xF0, 0x00, 0xFE, 0x00,
    0x3F, 0x80, 0x07, 0xE0, 0x00, 0xFC, 0x00, 0x1F, 0x00, 0x07, 0xC0, 0x00, 0x7E, 0x00, 0x0F, 0x8F,
    0x80, 0x07, 0xC1, 0xF0, 0x03, 0xF0, 0x7E, 0x00, 0xF8, 0x0F, 0xC0, 0x7C, 0x01, 0xF0, 0x3F, 0x00,
    0x7E, 0x0F, 0x80, 0x0F, 0xC7, 0xC0, 0x01, 0xF3, 0xF0, 0x00, 0x7E, 0xF8, 0x00, 0x0F, 0xFC, 0x00,
    0x01, 0xFF, 0x00, 0x00, 0x7F, 0x80, 0x00, 0x0F, 0xC0, 0x00, 0x03, 0xF0, 0x00, 0x01, 0xFE, 0x00,
    0x00, 0x7F, 0xC0, 0x00, 0x3F, 0xF8, 0x00, 0x1F, 0xBE, 0x00, 0x07, 0xCF, 0xC0, 0x03, 0xE1, 0xF8,
    0x01, 0xF8, 0x3E, 0x00, 0x7C, 0x0F, 0xC0, 0x3E, 0x01, 0xF8, 0x1F, 0x80, 0x3E, 0x07, 0xC0, 0x07,
    0xC3, 0xE0, 0x01, 0xF9, 0xF8, 0x00, 0x3E, 0x7C, 0x00, 0x0F, 0xC0, 0xFC, 0x00, 0x0F, 0xBE, 0x00,
    0x0F, 0x9F, 0x80, 0x07, 0xC7, 0xC0, 0x07, 0xC3, 0xF0, 0x07, 0xE0, 0xF8, 0x03, 0xE0, 0x3E, 0x03,
    0xF0, 0x1F, 0x81, 0xF0, 0x07, 0xC1, 0xF0, 0x03, 0xF0, 0xF8, 0x00, 0xF8, 0xF8, 0x00, 0x3E, 0xFC,
    0x00, 0x1F, 0xFC, 0x00, 0x07, 0xFC, 0x00, 0x01, 0xFE, 0x00, 0x00, 0xFE, 0x00, 0x00, 0x3E, 0x00,
    0x00, 0x1F, 0x00, 0x00, 0x0F, 0x80, 0x00, 0x07, 0xC0, 0x00, 0x03, 0xE0, 0x00, 0x01, 0xF0, 0x00,
    0x00, 0xF8, 0x00, 0x00, 0x7C, 0x00, 0x00, 0x3E, 0x00, 0x00, 0x1F, 0x00, 0x00, 0x0F, 0x80, 0x00,
    0x07, 0xC0, 0x00, 0x03, 0xE0, 0x00, 0x7F, 0xFF, 0xF9, 0xFF, 0xFF, 0xE7, 0xFF, 0xFF, 0x80, 0x00,
    0x7E, 0x00, 0x01, 0xF0, 0x00, 0x0F, 0xC0, 0x00, 0x7E, 0x00, 0x03, 0xF0, 0x00, 0x0F, 0x80, 0x00,
    0x7C, 0x00, 0x03, 0xF0, 0x00, 0x1F, 0x80, 0x00, 0x7C, 0x00, 0x03, 0xF0, 0x00, 0x1F, 0x80, 0x00,
    0x7C, 0x00, 0x03, 0xE0, 0x00, 0x1F, 0x80, 0x00, 0x7C, 0x00, 0x03, 0xE0, 0x00, 0x1F, 0x80, 0x00,
    0x7C, 0x00, 0x03, 0xF0, 0x00, 0x0F, 0x80, 0x00, 0x7C, 0x00, 0x01, 0xF0, 0x00, 0x0F, 0xFF, 0xFF,
    0xFF, 0xFF, 0xFF, 0xFF, 0xFF, 0xFC, 0xFF, 0xFF, 0xFF, 0xFF, 0xC0, 0xF0, 0x3C, 0x0F, 0x03, 0xC0,
    0xF0, 0x3C, 0x0F, 0x03, 0xC0, 0xF0, 0x3C, 0x0F, 0x03, 0xC0, 0xF0, 0x3C, 0x0F, 0x03, 0xC0, 0xF0,
    0x3C, 0x0F, 0x03, 0xC0, 0xF0, 0x3C, 0x0F, 0x03, 0xC0, 0xF0, 0x3C, 0x0F, 0x03, 0xC0, 0xF0, 0x3C,
    0x0F, 0x03, 0xC0, 0xF0, 0x3C, 0x0F, 0xFF, 0xFF, 0xFF, 0xC0, 0x78, 0x00, 0x07, 0xC0, 0x00, 0x7C,
    0x00, 0x03, 0xC0, 0x00, 0x3E, 0x00, 0x01, 0xE0, 0x00, 0x1F, 0x00, 0x01, 0xF0, 0x00, 0x0F, 0x00,
    0x00, 0xF8, 0x00, 0x0F, 0x80, 0x00, 0x78, 0x00, 0x07, 0xC0, 0x00, 0x7C, 0x00, 0x03, 0xC0, 0x00,
    0x3E, 0x00, 0x03, 0xE0, 0x00, 0x1E, 0x00, 0x01, 0xF0, 0x00, 0x1F, 0x00, 0x00, 0xF0, 0x00, 0x0F,
    0x80, 0x00, 0xF8, 0x00, 0x07, 0x80, 0x00, 0x7C, 0x00, 0x07, 0xC0, 0x00, 0x3C, 0x00, 0x03, 0xE0,
    0x00, 0x3E, 0x00, 0x01, 0xF0, 0x00, 0x1F, 0x00, 0x01, 0xF0, 0x00, 0x0F, 0x80, 0x00, 0xF8, 0x00,
    0x07, 0x80, 0x00, 0x7C, 0x00, 0x07, 0xC0, 0x00, 0x3C, 0x00, 0x03, 0xE0, 0x00, 0x3E, 0x00, 0x01,
    0xE0, 0xFF, 0xFF, 0xFF, 0xFC, 0x0F, 0x03, 0xC0, 0xF0, 0x3C, 0x0F, 0x03, 0xC0, 0xF0, 0x3C, 0x0F,
    0x03, 0xC0, 0xF0, 0x3C, 0x0F, 0x03, 0xC0, 0xF0, 0x3C, 0x0F, 0x03, 0xC0, 0xF0, 0x3C, 0x0F, 0x03,
    0xC0, 0xF0, 0x3C, 0x0F, 0x03, 0xC0, 0xF0, 0x3C, 0x0F, 0x03, 0xC0, 0xF0, 0x3C, 0x0F, 0x03, 0xC0,
    0xFF, 0xFF, 0xFF, 0xFF, 0xC0, 0x00, 0xF8, 0x00, 0x07, 0xE0, 0x00, 0x7F, 0x00, 0x03, 0xFC, 0x00,
    0x3F, 0xF0, 0x01, 0xEF, 0x80, 0x1F, 0x3E, 0x01, 0xF1, 0xF0, 0x0F, 0x87, 0xC0, 0xF8, 0x1E, 0x07,
    0xC0, 0xF8, 0x7C, 0x03, 0xC3, 0xC0, 0x1F, 0x3E, 0x00, 0x7D, 0xE0, 0x03, 0xE7, 0x00, 0x0C, 0xFF,
    0xFF, 0xFF, 0xFF, 0xFF, 0xFF, 0xFF, 0xFF, 0xC0, 0x30, 0x3C, 0x1F, 0x07, 0xC1, 0xF0, 0x78, 0x1C,
    0x0C, 0x1F, 0xFC, 0x07, 0xFF, 0xC1, 0xFF, 0xF8, 0x78, 0xFE, 0x00, 0x0F, 0xC0, 0x01, 0xF0, 0x00,
    0x7C, 0x00, 0x0F, 0x00, 0x03, 0xC1, 0xFF, 0xF1, 0xFF, 0xFC, 0xFF, 0xFF, 0x7F, 0x8F, 0xDF, 0x00,
    0xF7, 0x80, 0x3F, 0xE0, 0x0F, 0x78, 0x03, 0xDF, 0x00, 0xF7, 0xF0, 0x7C, 0xFF, 0xFF, 0x1F, 0xFF,
    0xC3, 0xFF, 0xF0, 0xF8, 0x00, 0x0F, 0x80, 0x00, 0xF8, 0x00, 0x0F, 0x80, 0x00, 0xF8, 0x00, 0x0F,
    0x80, 0x00, 0xF8, 0x00, 0x0F, 0x80, 0x00, 0xF8, 0x00, 0x0F, 0x80, 0x00, 0xFF, 0xFC, 0x0F, 0xFF,
    0xF0, 0xFF, 0xFF, 0x8F, 0xF3, 0xFC, 0xF8, 0x07, 0xCF, 0x80, 0x3E, 0xF8, 0x03, 0xEF, 0x80, 0x1F,
    0xF8, 0x01, 0xFF, 0x80, 0x1F, 0xF8, 0x01, 0xFF, 0x80, 0x1F, 0xF8, 0x01, 0xFF, 0x80, 0x1F, 0xF8,
    0x01, 0xEF, 0x80, 0x3E, 0xF8, 0x07, 0xEF, 0x80, 0xFC, 0xFC, 0x3F, 0xCF, 0xFF, 0xF8, 0xFF, 0xFE,
    0x07, 0xFF, 0x80, 0x03, 0xFF, 0x07, 0xFF, 0xC7, 0xFF, 0xC7, 0xF9, 0xE3, 0xE0, 0x03, 0xE0, 0x01,
    0xE0, 0x01, 0xF0, 0x00, 0xF8, 0x00, 0x7C, 0x00, 0x3E, 0x00, 0x1F, 0x00, 0x0F, 0x80, 0x07, 0xC0,
    0x03, 0xE0, 0x01, 0xF0, 0x00, 0x7C, 0x00, 0x3F, 0x00, 0x0F, 0xF1, 0xE3, 0xFF, 0xF0, 0xFF, 0xF8,
    0x1F, 0xF8, 0x00, 0x01, 0xF0, 0x00, 0x1F, 0x00, 0x01, 0xF0, 0x00, 0x1F, 0x00, 0x01, 0xF0, 0x00,
    0x1F, 0x00, 0x01, 0xF0, 0x00, 0x1F, 0x00, 0x01, 0xF0, 0x00, 0x1F, 0x03, 0xFD, 0xF0, 0xFF, 0xFF,
    0x1F, 0xFF, 0xF3, 0xF8, 0xFF, 0x7E, 0x01, 0xF7, 0xC0, 0x1F, 0xF8, 0x01, 0xFF, 0x80, 0x1F, 0xF8,
    0x01, 0xFF, 0x80, 0x1F, 0xF8, 0x01, 0xFF, 0x80, 0x1F, 0xF8, 0x01, 0xFF, 0x80, 0x1F, 0xF8, 0x01,
    0xF7, 0xC0, 0x1F, 0x7C, 0x01, 0xF7, 0xE0, 0x1F, 0x3F, 0xC3, 0xF1, 0xFF, 0xFF, 0x0F, 0xFF, 0xF0,
    0x3F, 0xFC, 0x03, 0xFC, 0x00, 0xFF, 0xF0, 0x1F, 0xFF, 0x83, 0xF9, 0xFC, 0x7E, 0x07, 0xC7, 0xC0,
    0x3E, 0x78, 0x03, 0xEF, 0x80, 0x1E, 0xF8, 0x01, 0xEF, 0xFF, 0xFF, 0xFF, 0xFF, 0xFF, 0xFF, 0xFF,
    0xF8, 0x00, 0x0F, 0x80, 0x00, 0xF8, 0x00, 0x0F, 0x80, 0x00, 0x7C, 0x00, 0x07, 0xE0, 0x00, 0x3F,
    0xC3, 0xC1, 0xFF, 0xFC, 0x0F, 0xFF, 0xC0, 0x3F, 0xF8, 0x0F, 0xFC, 0x7F, 0xF3, 0xFF, 0xDF, 0xC6,
    0x7C, 0x03, 0xE0, 0x0F, 0x80, 0x3E, 0x00, 0xF8, 0x03, 0xE0, 0x0F, 0xFF, 0xBF, 0xFE, 0xFF, 0xFB,
    0xE0, 0x0F, 0x80, 0x3E, 0x00, 0xF8, 0x03, 0xE0, 0x0F, 0x80, 0x3E, 0x00, 0xF8, 0x03, 0xE0, 0x0F,
    0x80, 0x3E, 0x00, 0xF8, 0x03, 0xE0, 0x0F, 0x80, 0x3E, 0x00, 0xF8, 0x03, 0xE0, 0x0F, 0x80, 0x3E,
    0x00, 0x03, 0xFF, 0xC1, 0xFF, 0xFC, 0x7F, 0xFF, 0x9F, 0xC3, 0xF7, 0xE0, 0x1E, 0xF8, 0x03, 0xFE,
    0x00, 0x7F, 0xC0, 0x0F, 0xF8, 0x01, 0xFF, 0x00, 0x3F, 0xE0, 0x07, 0xFC, 0x00, 0xFF, 0x80, 0x1F,
    0xF0, 0x03, 0xFE, 0x00, 0x7B, 0xE0, 0x0F, 0x7E, 0x03, 0xE7, 0xF1, 0xFC, 0x7F, 0xFF, 0x87, 0xFF,
    0xF0, 0x7F, 0xDE, 0x00, 0x03, 0xC0, 0x00, 0x78, 0x00, 0x1F, 0x00, 0x03, 0xE0, 0x00, 0xF8, 0xF0,
    0xFF, 0x3F, 0xFF, 0xC7, 0xFF, 0xF0, 0x7F, 0xF8, 0x00, 0xF8, 0x00, 0x3E, 0x00, 0x0F, 0x80, 0x03,
    0xE0, 0x00, 0xF8, 0x00, 0x3E, 0x00, 0x0F, 0x80, 0x03, 0xE0, 0x00, 0xF8, 0x00, 0x3E, 0x00, 0x0F,
    0xFF, 0xC3, 0xFF, 0xF8, 0xFF, 0xFF, 0x3F, 0x8F, 0xEF, 0x80, 0xFB, 0xE0, 0x1F, 0xF8, 0x07, 0xFE,
    0x00, 0xFF, 0x80, 0x3F, 0xE0, 0x0F, 0xF8, 0x03, 0xFE, 0x00, 0xFF, 0x80, 0x3F, 0xE0, 0x0F, 0xF8,
    0x03, 0xFE, 0x00, 0xFF, 0x80, 0x3F, 0xE0, 0x0F, 0xF8, 0x03, 0xFE, 0x00, 0xFF, 0x80, 0x3F, 0xE0,
    0x0F, 0x79, 0xFF, 0xDF, 0x78, 0x00, 0x00, 0x01, 0xF7, 0xDF, 0x7D, 0xF7, 0xDF, 0x7D, 0xF7, 0xDF,
    0x7D, 0xF7, 0xDF, 0x7D, 0xF7, 0xDF, 0x7D, 0xF7, 0xC0, 0x03, 0xC0, 0x7C, 0x1F, 0x81, 0xF0, 0x3C,
    0x00, 0x00, 0x00, 0x00, 0x00, 0x00, 0x7C, 0x0F, 0x81, 0xF0, 0x3E, 0x07, 0xC0, 0xF8, 0x1F, 0x03,
    0xE0, 0x7C, 0x0F, 0x81, 0xF0, 0x3E, 0x07, 0xC0, 0xF8, 0x1F, 0x03, 0xE0, 0x7C, 0x0F, 0x81, 0xF0,
    0x3E, 0x07, 0xC0, 0xF8, 0x1F, 0x03, 0xE0, 0x78, 0x1F, 0x07, 0xEF, 0xF9, 0xFE, 0x3F, 0x80, 0xF8,
    0x00, 0x1F, 0x00, 0x03, 0xE0, 0x00, 0x7C, 0x00, 0x0F, 0x80, 0x01, 0xF0, 0x00, 0x3E, 0x00, 0x07,
    0xC0, 0x00, 0xF8, 0x00, 0x1F, 0x00, 0x03, 0xE0, 0x3F, 0x7C, 0x0F, 0xCF, 0x83, 0xF1, 0xF0, 0xFC,
    0x3E, 0x3F, 0x07, 0xCF, 0xC0, 0xFB, 0xF0, 0x1F, 0xFC, 0x03, 0xFF, 0x00, 0x7F, 0xC0, 0x0F, 0xFC,
    0x01, 0xFF, 0xC0, 0x3F, 0xFC, 0x07, 0xDF, 0xC0, 0xF9, 0xF8, 0x1F, 0x1F, 0x83, 0xE1, 0xF8, 0x7C,
    0x1F, 0x8F, 0x81, 0xF9, 0xF0, 0x1F, 0x3E, 0x03, 0xF7, 0xC0, 0x3E, 0xF8, 0xF8, 0xF8, 0xF8, 0xF8,
    0xF8, 0xF8, 0xF8, 0xF8, 0xF8, 0xF8, 0xF8, 0xF8, 0xF8, 0xF8, 0xF8, 0xF8, 0xF8, 0xF8, 0xF8, 0xF8,
    0xF8, 0xF8, 0xF8, 0xF8, 0xF8, 0xF8, 0xF8, 0xFE, 0x7F, 0x7F, 0x1E, 0x7F, 0xF8, 0x3F, 0xC1, 0xFF,
    0xFF, 0xFF, 0xE3, 0xFF, 0xFF, 0xFF, 0xE7, 0xE1, 0xFF, 0x8F, 0xCF, 0x80, 0xF8, 0x07, 0xDF, 0x01,
    0xF0, 0x0F, 0xBE, 0x01, 0xE0, 0x1F, 0x7C, 0x03, 0xC0, 0x1E, 0xF8, 0x07, 0x80, 0x3D, 0xF0, 0x0F,
    0x80, 0x7B, 0xE0, 0x1F, 0x00, 0xF7, 0xC0, 0x3E, 0x01, 0xEF, 0x80, 0x7C, 0x03, 0xDF, 0x00, 0xF8,
    0x07, 0xBE, 0x01, 0xF0, 0x0F, 0x7C, 0x03, 0xE0, 0x1E, 0xF8, 0x07, 0xC0, 0x3D, 0xF0, 0x0F, 0x80,
    0x7B, 0xE0, 0x1F, 0x00, 0xF7, 0xC0, 0x3E, 0x01, 0xEF, 0x80, 0x7C, 0x03, 0xDF, 0x00, 0xF8, 0x07,
    0x80, 0x7F, 0xFC, 0x3F, 0xFF, 0x8F, 0xFF, 0xF3, 0xF0, 0xFE, 0xF8, 0x0F, 0xBE, 0x01, 0xFF, 0x80,
    0x7F, 0xE0, 0x0F, 0xF8, 0x03, 0xFE, 0x00, 0xFF, 0x80, 0x3F, 0xE0, 0x0F, 0xF8, 0x03, 0xFE, 0x00,
    0xFF, 0x80, 0x3F, 0xE0, 0x0F, 0xF8, 0x03, 0xFE, 0x00, 0xFF, 0x80, 0x3F, 0xE0, 0x0F, 0xF8, 0x03,
    0xFE, 0x00, 0xF0, 0x03, 0xFE, 0x00, 0x7F, 0xF8, 0x07, 0xFF, 0xF0, 0x7F, 0x1F, 0xC7, 0xE0, 0x3E,
    0x3E, 0x00, 0xF9, 0xE0, 0x07, 0xDF, 0x00, 0x1F, 0xF8, 0x00, 0xFF, 0xC0, 0x07, 0xFE, 0x00, 0x3F,
    0xF0, 0x01, 0xFF, 0x80, 0x0F, 0xFC, 0x00, 0x7F, 0xE0, 0x03, 0xEF, 0x00, 0x3E, 0x7C, 0x01, 0xF3,
    0xF0, 0x1F, 0x0F, 0xE3, 0xF8, 0x3F, 0xFF, 0x80, 0xFF, 0xF8, 0x01, 0xFF, 0x00, 0x7F, 0xF8, 0x0F,
    0xFF, 0xE0, 0xFF, 0xFF, 0x8F, 0xC3, 0xF8, 0xF8, 0x0F, 0xCF, 0x80, 0x7E, 0xF8, 0x03, 0xEF, 0x80,
    0x1E, 0xF8, 0x01, 0xFF, 0x80, 0x1F, 0xF8, 0x01, 0xFF, 0x80, 0x1F, 0xF8, 0x01, 0xFF, 0x80, 0x1F,
    0xF8, 0x01, 0xFF, 0x80, 0x3E, 0xF8, 0x03, 0xEF, 0x80, 0x7C, 0xFF, 0x1F, 0xCF, 0xFF, 0xF8, 0xFF,
    0xFF, 0x0F, 0xFF, 0xC0, 0xF8, 0x00, 0x0F, 0x80, 0x00, 0xF8, 0x00, 0x0F, 0x80, 0x00, 0xF8, 0x00,
    0x0F, 0x80, 0x00, 0xF8, 0x00, 0x0F, 0x80, 0x00, 0x03, 0xFF, 0xC0, 0xFF, 0xFF, 0x1F, 0xFF, 0xF3,
    0xFC, 0x3F, 0x7E, 0x01, 0xF7, 0xC0, 0x1F, 0x7C, 0x01, 0xFF, 0x80, 0x1F, 0xF8, 0x01, 0xFF, 0x80,
    0x1F, 0xF8, 0x01, 0xFF, 0x80, 0x1F, 0xF8, 0x01, 0xFF, 0x80, 0x1F, 0xF8, 0x01, 0xFF, 0x80, 0x1F,
    0x7C, 0x01, 0xF7, 0xE0, 0x1F, 0x3F, 0x8F, 0xF1, 0xFF, 0xFF, 0x0F, 0xFF, 0xF0, 0x3F, 0xDF, 0x00,
    0x01, 0xF0, 0x00, 0x1F, 0x00, 0x01, 0xF0, 0x00, 0x1F, 0x00, 0x01, 0xF0, 0x00, 0x1F, 0x00, 0x01,
    0xF0, 0x00, 0x1F, 0x3F, 0xFF, 0xFF, 0xFF, 0xFF, 0xFC, 0x6F, 0x80, 0x7C, 0x03, 0xE0, 0x1F, 0x00,
    0xF8, 0x07, 0xC0, 0x3E, 0x01, 0xF0, 0x0F, 0x80, 0x7C, 0x03, 0xE0, 0x1F, 0x00, 0xF8, 0x07, 0xC0,
    0x3E, 0x01, 0xF0, 0x0F, 0x80, 0x7C, 0x00, 0x07, 0xFE, 0x0F, 0xFF, 0x0F, 0xFF, 0x8F, 0xE3, 0xC7,
    0xC0, 0x03, 0xC0, 0x01, 0xE0, 0x00, 0xF8, 0x00, 0x7F, 0x00, 0x3F, 0xF0, 0x0F, 0xFF, 0x03, 0xFF,
    0xC0, 0x3F, 0xF0, 0x03, 0xF8, 0x00, 0x7C, 0x00, 0x1E, 0x00, 0x0F, 0x00, 0x0F, 0x9E, 0x1F, 0xCF,
    0xFF, 0xCF, 0xFF, 0xC1, 0xFF, 0xC0, 0xF0, 0x03, 0xC0, 0x0F, 0x00, 0x3C, 0x00, 0xF0, 0x03, 0xC0,
    0x0F, 0x00, 0x3F, 0xFE, 0xFF, 0xFB, 0xFF, 0xEF, 0x00, 0x3C, 0x00, 0xF0, 0x03, 0xC0, 0x0F, 0x00,
    0x3C, 0x00, 0xF0, 0x03, 0xC0, 0x0F, 0x00, 0x3C, 0x00, 0xF0, 0x03, 0xC0, 0x0F, 0x80, 0x3E, 0x00,
    0xF8, 0x01, 0xF8, 0xE7, 0xFF, 0x8F, 0xFE, 0x1F, 0xF0, 0xF0, 0x07, 0xFC, 0x01, 0xFF, 0x00, 0x7F,
    0xC0, 0x1F, 0xF0, 0x07, 0xFC, 0x01, 0xFF, 0x00, 0x7F, 0xC0, 0x1F, 0xF0, 0x07, 0xFC, 0x01, 0xFF,
    0x00, 0x7F, 0xC0, 0x1F, 0xF0, 0x07, 0xFC, 0x01, 0xFF, 0x80, 0x7F, 0xE0, 0x1F, 0xF8, 0x07, 0xDF,
    0x01, 0xF7, 0xF0, 0xFC, 0xFF, 0xFF, 0x1F, 0xFF, 0xC1, 0xFF, 0xE0, 0xF8, 0x00, 0xFB, 0xE0, 0x07,
    0x9F, 0x00, 0x7C, 0xF8, 0x03, 0xE3, 0xC0, 0x1E, 0x1F, 0x01, 0xF0, 0xF8, 0x0F, 0x83, 0xC0, 0x78,
    0x1F, 0x03, 0xC0, 0xF8, 0x3E, 0x03, 0xC1, 0xE0, 0x1F, 0x1F, 0x00, 0xF8, 0xF8, 0x03, 0xC7, 0x80,
    0x1F, 0x7C, 0x00, 0x7B, 0xC0, 0x03, 0xFE, 0x00, 0x1F, 0xF0, 0x00, 0x7F, 0x00, 0x03, 0xF8, 0x00,
    0x0F, 0x80, 0x00, 0x7C, 0x00, 0x78, 0x03, 0xE0, 0x1F, 0x7C, 0x03, 0xE0, 0x1F, 0x7C, 0x03, 0xE0,
    0x1F, 0x7C, 0x03, 0xE0, 0x1E, 0x3C, 0x07, 0xE0, 0x3E, 0x3E, 0x07, 0xF0, 0x3E, 0x3E, 0x07, 0xF0,
    0x3C, 0x3E, 0x07, 0xF0, 0x3C, 0x1E, 0x0F, 0xF8, 0x7C, 0x1F, 0x0F, 0x78, 0x7C, 0x1F, 0x0F, 0x78,
    0x78, 0x0F, 0x1E, 0x78, 0xF8, 0x0F, 0x9E, 0x3C, 0xF8, 0x0F, 0x9E, 0x3C, 0xF0, 0x07, 0xBC, 0x3D,
    0xF0, 0x07, 0xFC, 0x3F, 0xF0, 0x07, 0xFC, 0x1F, 0xE0, 0x03, 0xF8, 0x1F, 0xE0, 0x03, 0xF8, 0x0F,
    0xC0, 0x01, 0xF8, 0x0F, 0xC0, 0x01, 0xF0, 0x0F, 0xC0, 0x01, 0xF0, 0x07, 0x80, 0x7C, 0x01, 0xF1,
    0xF0, 0x1F, 0x0F, 0xC0, 0xF8, 0x3E, 0x0F, 0x80, 0xF8, 0xF8, 0x07, 0xE7, 0xC0, 0x1F, 0x7C, 0x00,
    0x7F, 0xC0, 0x01, 0xFE, 0x00, 0x0F, 0xE0, 0x00, 0x3E, 0x00, 0x03, 0xF8, 0x00, 0x1F, 0xE0, 0x01,
    0xFF, 0x00, 0x1F, 0x7C, 0x01, 0xF9, 0xF0, 0x0F, 0x8F, 0xC0, 0xF8, 0x3E, 0x0F, 0x80, 0xF8, 0x7C,
    0x07, 0xE7, 0xC0, 0x1F, 0x3C, 0x00, 0x7C, 0xF8, 0x00, 0xF3, 0xE0, 0x0F, 0x9F, 0x00, 0x7C, 0xF8,
    0x03, 0xE3, 0xC0, 0x1E, 0x1F, 0x01, 0xF0, 0xF8, 0x0F, 0x83, 0xC0, 0x78, 0x1F, 0x03, 0xC0, 0xF8,
    0x3E, 0x03, 0xE1, 0xF0, 0x1F, 0x0F, 0x00, 0x78, 0xF8, 0x03, 0xE7, 0xC0, 0x1F, 0x3C, 0x00, 0x7B,
    0xE0, 0x03, 0xFF, 0x00, 0x0F, 0xF0, 0x00, 0x7F, 0x80, 0x01, 0xF8, 0x00, 0x0F, 0xC0, 0x00, 0x3E,
    0x00, 0x01, 0xE0, 0x00, 0x1F, 0x00, 0x00, 0xF0, 0x00, 0x0F, 0x80, 0x31, 0xF8, 0x01, 0xFF, 0x80,
    0x0F, 0xF8, 0x00, 0x7F, 0x80, 0x00, 0x7F, 0xFF, 0x9F, 0xFF, 0xE7, 0xFF, 0xF8, 0x00, 0x7E, 0x00,
    0x3F, 0x00, 0x0F, 0x80, 0x07, 0xC0, 0x03, 0xF0, 0x01, 0xF8, 0x00, 0x7C, 0x00, 0x3E, 0x00, 0x1F,
    0x80, 0x07, 0xC0, 0x03, 0xE0, 0x01, 0xF0, 0x00, 0x7C, 0x00, 0x3E, 0x00, 0x1F, 0x00, 0x07, 0xC0,
    0x03, 0xFF, 0xFF, 0xFF, 0xFF, 0xFF, 0xFF, 0xF0, 0x00, 0xF8, 0x1F, 0xC1, 0xFE, 0x0F, 0xC0, 0xF8,
    0x07, 0xC0, 0x3E, 0x01, 0xF0, 0x0F, 0x80, 0x7C, 0x03, 0xE0, 0x1F, 0x00, 0xF8, 0x07, 0xC0, 0x3E,
    0x01, 0xE0, 0x0F, 0x00, 0xF8, 0x0F, 0xC1, 0xFC, 0x0F, 0xC0, 0x7F, 0x00, 0xFC, 0x03, 0xE0, 0x0F,
    0x00, 0x78, 0x03, 0xE0, 0x1F, 0x00, 0xF8, 0x07, 0xC0, 0x3E, 0x01, 0xF0, 0x0F, 0x80, 0x7C, 0x03,
    0xE0, 0x1F, 0x00, 0xF8, 0x03, 0xF0, 0x1F, 0xE0, 0x7F, 0x00, 0xF8, 0xFF, 0xFF, 0xFF, 0xFF, 0xFF,
    0xFF, 0xFF, 0xFF, 0xFF, 0xFF, 0xFF, 0xFF, 0xFF, 0xFF, 0xFF, 0xFF, 0xFF, 0xFF, 0xFF, 0xFF, 0xF0,
    0xF8, 0x07, 0xF0, 0x3F, 0xC0, 0x7E, 0x00, 0xF0, 0x07, 0xC0, 0x3E, 0x01, 0xF0, 0x0F, 0x80, 0x7C,
    0x03, 0xE0, 0x1F, 0x00, 0xF8, 0x07, 0xC0, 0x3E, 0x01, 0xF0, 0x07, 0x80, 0x3E, 0x01, 0xF8, 0x07,
    0xF0, 0x1F, 0x81, 0xFC, 0x1F, 0x80, 0xF8, 0x07, 0x80, 0x7C, 0x03, 0xE0, 0x1F, 0x00, 0xF8, 0x07,
    0xC0, 0x3E, 0x01, 0xF0, 0x0F, 0x80, 0x7C, 0x03, 0xE0, 0x1F, 0x00, 0xF8, 0x1F, 0x83, 0xFC, 0x1F,
    0xC0, 0xF8, 0x00, 0x0F, 0x80, 0x38, 0xFF, 0x03, 0xCF, 0xFE, 0x1E, 0xFB, 0xFD, 0xE7, 0x87, 0xFF,
    0x38, 0x0F, 0xF1, 0xC0, 0x3F, 0x00, 0x3C, 0xFD, 0xFB, 0xF7, 0xE7, 0x80, 0x00, 0x00, 0x00, 0xE1,
    0xE3, 0xC7, 0x8F, 0x1E, 0x3C, 0xF9, 0xF3, 0xE7, 0xCF, 0x9F, 0x3E, 0x7C, 0xF9, 0xF3, 0xE7, 0xCF,
    0x80, 0x00, 0xF8, 0x00, 0x3E, 0x00, 0x0F, 0x80, 0x03, 0xE0, 0x00, 0xF8, 0x00, 0x3E, 0x00, 0x1F,
    0xF8, 0x1F, 0xFE, 0x0F, 0xFF, 0x87, 0xF1, 0xC3, 0xF0, 0x01, 0xF8, 0x00, 0x7C, 0x00, 0x1F, 0x00,
    0x0F, 0x80, 0x03, 0xE0, 0x00, 0xF8, 0x00, 0x3E, 0x00, 0x0F, 0x80, 0x03, 0xE0, 0x00, 0x7C, 0x00,
    0x1F, 0x00, 0x07, 0xE0, 0x00, 0xFC, 0x00, 0x1F, 0xC3, 0x87, 0xFF, 0xE0, 0x7F, 0xF8, 0x0F, 0xFE,
    0x00, 0xF8, 0x00, 0x3E, 0x00, 0x0F, 0x80, 0x03, 0xE0, 0x00, 0xF8, 0x00, 0x3E, 0x00, 0x00, 0x7F,
    0xC0, 0x1F, 0xFE, 0x03, 0xFF, 0xE0, 0x7F, 0x1E, 0x07, 0xC0, 0x00, 0x7C, 0x00, 0x0F, 0x80, 0x00,
    0xF8, 0x00, 0x0F, 0x80, 0x00, 0xF8, 0x00, 0x0F, 0x80, 0x00, 0xF8, 0x00, 0x0F, 0x80, 0x00, 0xF8,
    0x00, 0xFF, 0xFF, 0x8F, 0xFF, 0xF8, 0xFF, 0xFF, 0x80, 0xF8, 0x00, 0x0F, 0x80, 0x00, 0xF8, 0x00,
    0x0F, 0x80, 0x00, 0xF8, 0x00, 0x0F, 0x00, 0x00, 0xF0, 0x00, 0x0F, 0x00, 0x01, 0xF0, 0x00, 0x1F,
    0xFF, 0xF1, 0xFF, 0xFF, 0x1F, 0xFF, 0xF0, 0x30, 0x00, 0x63, 0xC0, 0x07, 0x9F, 0x7F, 0xFE, 0xFF,
    0xFF, 0xE3, 0xFF, 0xFE, 0x0F, 0xE7, 0xE0, 0x7C, 0x0F, 0x83, 0xC0, 0x3C, 0x3C, 0x01, 0xE1, 0xE0,
    0x0F, 0x0F, 0x00, 0x78, 0x78, 0x03, 0xC1, 0xE0, 0x1E, 0x0F, 0x81, 0xF0, 0x7F, 0x3F, 0x07, 0xFF,
    0xFC, 0x7F, 0xFF, 0xF3, 0xEF, 0xFF, 0xDE, 0x00, 0x3C, 0x60, 0x00, 0xC0, 0x7C, 0x00, 0x3E, 0x7C,
    0x00, 0x3E, 0x3E, 0x00, 0x7C, 0x3E, 0x00, 0x78, 0x1F, 0x00, 0xF8, 0x1F, 0x01, 0xF0, 0x0F, 0x81,
    0xF0, 0x07, 0xC3, 0xE0, 0x07, 0xC3, 0xE0, 0x03, 0xE7, 0xC0, 0x03, 0xEF, 0x80, 0x01, 0xFF, 0x80,
    0x00, 0xFF, 0x00, 0x00, 0xFF, 0x00, 0x1F, 0xFF, 0xF8, 0x1F, 0xFF, 0xF8, 0x1F, 0xFF, 0xF8, 0x00,
    0x3C, 0x00, 0x00, 0x3C, 0x00, 0x00, 0x3C, 0x00, 0x00, 0x3C, 0x00, 0x00, 0x3C, 0x00, 0x1F, 0xFF,
    0xF8, 0x1F, 0xFF, 0xF8, 0x1F, 0xFF, 0xF8, 0x00, 0x3C, 0x00, 0x00, 0x3C, 0x00, 0x00, 0x3C, 0x00,
    0x00, 0x3C, 0x00, 0xFF, 0xFF, 0xFF, 0xFF, 0xFF, 0xFF, 0xFF, 0xFF, 0x00, 0x00, 0x00, 0x00, 0x0F,
    0xFF, 0xFF, 0xFF, 0xFF, 0xFF, 0xFF, 0xFF, 0xF0, 0x03, 0xFF, 0x03, 0xFF, 0xE1, 0xFF, 0xF8, 0xFE,
    0x3E, 0x3E, 0x00, 0x0F, 0x00, 0x03, 0xC0, 0x00, 0xF8, 0x00, 0x3F, 0x00, 0x07, 0xF8, 0x00, 0xFF,
    0xC0, 0x7F, 0xF8, 0x3F, 0xFF, 0x9F, 0x0F, 0xE7, 0x80, 0xFD, 0xE0, 0x1F, 0xF8, 0x03, 0xDE, 0x00,
    0xF7, 0xC0, 0x3D, 0xF8, 0x1F, 0x3F, 0xCF, 0x87, 0xFF, 0xC0, 0xFF, 0xE0, 0x0F, 0xF8, 0x00, 0x7F,
    0x00, 0x07, 0xE0, 0x00, 0xF8, 0x00, 0x1E, 0x00, 0x07, 0x80, 0x03, 0xE7, 0xC3, 0xF9, 0xFF, 0xFC,
    0x7F, 0xFE, 0x0F, 0xFE, 0x00, 0x78, 0x7B, 0xE3, 0xEF, 0xCF, 0xFE, 0x3E, 0x78, 0x78, 0x00, 0x3F,
    0xF0, 0x00, 0x03, 0xFF, 0xF0, 0x00, 0x3F, 0xFF, 0xF0, 0x01, 0xFF, 0x3F, 0xE0, 0x0F, 0xC0, 0x0F,
    0xC0, 0x7C, 0x00, 0x0F, 0x81, 0xE0, 0x00, 0x1F, 0x0F, 0x03, 0xFC, 0x3C, 0x7C, 0x3F, 0xF8, 0xF9,
    0xE1, 0xFF, 0xE1, 0xE7, 0x8F, 0xE7, 0x87, 0x9E, 0x3C, 0x00, 0x0F, 0xF1, 0xF0, 0x00, 0x3F, 0xC7,
    0x80, 0x00, 0xFF, 0x1E, 0x00, 0x03, 0xFC, 0x78, 0x00, 0x0F, 0xF1, 0xF0, 0x00, 0x3D, 0xE3, 0xC0,
    0x00, 0xF7, 0x8F, 0xC7, 0x87, 0x9E, 0x1F, 0xFE, 0x1E, 0x7C, 0x3F, 0xF8, 0xF8, 0xF0, 0x7F, 0xC3,
    0xC1, 0xE0, 0x00, 0x1F, 0x07, 0xC0, 0x00, 0xF8, 0x0F, 0xC0, 0x0F, 0xC0, 0x1F, 0xF1, 0xFE, 0x00,
    0x3F, 0xFF, 0xF0, 0x00, 0x3F, 0xFF, 0x00, 0x00, 0x3F, 0xF0, 0x00, 0x3F, 0xE0, 0xFF, 0xC3, 0xFF,
    0x8E, 0x3E, 0x00, 0x78, 0x00, 0xE1, 0xFF, 0x8F, 0xFE, 0x7F, 0xFB, 0xF0, 0xEF, 0x03, 0xBC, 0x0E,
    0xFC, 0x39, 0xFF, 0xE3, 0xFF, 0x87, 0xFE, 0x03, 0x01, 0x80, 0xF8, 0x78, 0x1E, 0x1F, 0x07, 0xC3,
    0xE1, 0xF0, 0xF8, 0x3E, 0x3E, 0x0F, 0x87, 0xC3, 0xE1, 0xF0, 0x7C, 0x7E, 0x1F, 0x0F, 0x81, 0xF1,
    0xF8, 0x3E, 0x1F, 0x03, 0xE1, 0xF0, 0x3E, 0x3E, 0x07, 0xC3, 0xE0, 0x7C, 0x3E, 0x07, 0x87, 0xC0,
    0xF8, 0x78, 0x0C, 0x06, 0x00, 0xFF, 0xFF, 0xFF, 0xFF, 0xFF, 0xFF, 0xFF, 0xF0, 0x00, 0x0F, 0x00,
    0x00, 0xF0, 0x00, 0x0F, 0x00, 0x00, 0xF0, 0x00, 0x0F, 0x00, 0x00, 0xF0, 0x00, 0x0F, 0x00, 0x00,
    0xF0, 0x00, 0x0F, 0x00, 0x00, 0xF0, 0x00, 0x0F, 0xFF, 0xFF, 0xFF, 0xFF, 0x80, 0x00, 0x3F, 0xF0,
    0x00, 0x03, 0xFF, 0xF0, 0x00, 0x3F, 0xFF, 0xF0, 0x01, 0xFF, 0x3F, 0xE0, 0x0F, 0xC0, 0x0F, 0xC0,
    0x7C, 0x00, 0x0F, 0x81, 0xE0, 0x00, 0x1F, 0x0F, 0x1F, 0xF8, 0x3C, 0x7C, 0x7F, 0xF0, 0xF9, 0xE1,
    0xFF, 0xE1, 0xE7, 0x87, 0x8F, 0xC7, 0x9E, 0x1E, 0x0F, 0x0F, 0xF0, 0x78, 0xFC, 0x3F, 0xC1, 0xFF,
    0xE0, 0xFF, 0x07, 0xFF, 0x03, 0xFC, 0x1F, 0xF8, 0x0F, 0xF0, 0x79, 0xE0, 0x3D, 0xE1, 0xE3, 0xC0,
    0xF7, 0x87, 0x87, 0x87, 0x9E, 0x1E, 0x1E, 0x1E, 0x7C, 0x78, 0x3C, 0xF8, 0xF1, 0xE0, 0x7B, 0xC1,
    0xE0, 0x00, 0x1F, 0x07, 0xC0, 0x00, 0xF8, 0x0F, 0xC0, 0x0F, 0xC0, 0x1F, 0xF1, 0xFE, 0x00, 0x3F,
    0xFF, 0xF0, 0x00, 0x3F, 0xFF, 0x00, 0x00, 0x3F, 0xF0, 0x00, 0x7F, 0xFB, 0xFF, 0xDF, 0xFE, 0x1F,
    0x87, 0xFE, 0x7F, 0xEF, 0x9F, 0xF0, 0xFE, 0x07, 0xF0, 0xFF, 0x9F, 0x7F, 0xE7, 0xFE, 0x1F, 0x80,
    0x00, 0xF0, 0x00, 0x0F, 0x00, 0x00, 0xF0, 0x00, 0x0F, 0x00, 0x00, 0xF0, 0x00, 0x0F, 0x00, 0x00,
    0xF0, 0x00, 0x0F, 0x00, 0xFF, 0xFF, 0xFF, 0xFF, 0xFF, 0xFF, 0xFF, 0xF0, 0x0F, 0x00, 0x00, 0xF0,
    0x00, 0x0F, 0x00, 0x00, 0xF0, 0x00, 0x0F, 0x00, 0x00, 0xF0, 0x00, 0x0F, 0x00, 0x00, 0xF0, 0x00,
    0x00, 0x00, 0x00, 0x00, 0x00, 0x00, 0x00, 0xFF, 0xFF, 0xFF, 0xFF, 0xFF, 0xFF, 0xFF, 0xF0, 0x3F,
    0xC3, 0xFF, 0x3F, 0xF8, 0xF3, 0xE6, 0x0F, 0x00, 0x78, 0x07, 0x80, 0x78, 0x07, 0x80, 0x78, 0x07,
    0x80, 0x78, 0x07, 0x80, 0x3F, 0xF9, 0xFF, 0xCF, 0xFE, 0x3F, 0xC7, 0xFF, 0x1F, 0xF8, 0xE3, 0xC0,
    0x0E, 0x01, 0xF0, 0x7F, 0x03, 0xF8, 0x1F, 0xE0, 0x1F, 0x80, 0x3C, 0x01, 0xE7, 0x1F, 0x7F, 0xFB,
    0xFF, 0x8F, 0xF8, 0x06, 0x07, 0x87, 0xC7, 0xC7, 0xC7, 0xC3, 0xC0, 0xC0, 0xF8, 0x03, 0xFE, 0x00,
    0xFF, 0x80, 0x3F, 0xE0, 0x0F, 0xF8, 0x03, 0xFE, 0x00, 0xFF, 0x80, 0x3F, 0xE0, 0x0F, 0xF8, 0x03,
    0xFE, 0x00, 0xFF, 0x80, 0x3F, 0xE0, 0x0F, 0xF8, 0x03, 0xFE, 0x00, 0xFF, 0x80, 0x3F, 0xE0, 0x0F,
    0xF8, 0x03, 0xFF, 0x00, 0xFF, 0xF0, 0xFF, 0xFF, 0xFF, 0xFF, 0xFF, 0xFD, 0xFF, 0xEF, 0x80, 0x03,
    0xE0, 0x00, 0xF8, 0x00, 0x3E, 0x00, 0x0F, 0x80, 0x03, 0xE0, 0x00, 0xF8, 0x00, 0x3E, 0x00, 0x00,
    0x00, 0xFF, 0xFC, 0x1F, 0xFF, 0xF0, 0xFF, 0xFF, 0xC7, 0xFF, 0x0F, 0x3F, 0xFC, 0x3D, 0xFF, 0xF0,
    0xF7, 0xFF, 0xC3, 0xDF, 0xFF, 0x0F, 0x7F, 0xFC, 0x3F, 0xFF, 0xF0, 0xF7, 0xFF, 0xC3, 0xDF, 0xFF,
    0x0F, 0x7F, 0xFC, 0x3D, 0xFF, 0xF0, 0xF3, 0xFF, 0xC3, 0xC7, 0xFF, 0x0F, 0x0F, 0xFC, 0x3C, 0x0F,
    0xF0, 0xF0, 0x07, 0xC3, 0xC0, 0x0F, 0x0F, 0x00, 0x3C, 0x3C, 0x00, 0xF0, 0xF0, 0x03, 0xC3, 0xC0,
    0x0F, 0x0F, 0x00, 0x3C, 0x3C, 0x00, 0xF0, 0xF0, 0x03, 0xC3, 0xC0, 0x0F, 0x0F, 0x00, 0x3C, 0x3C,
    0x00, 0xF0, 0xF0, 0x03, 0xC3, 0xC0, 0x0F, 0x0F, 0x00, 0x3C, 0x3C, 0x00, 0xF0, 0xF0, 0x03, 0xC3,
    0xC0, 0x0F, 0x0F, 0x00, 0x3C, 0x3C, 0x7B, 0xFF, 0xFF, 0xFD, 0xE0, 0x0F, 0x07, 0x07, 0x83, 0xE0,
    0xF8, 0x7D, 0xFE, 0xFF, 0x7F, 0x00, 0x07, 0x1F, 0xFF, 0xFF, 0xFF, 0xE7, 0x07, 0x07, 0x07, 0x07,
    0x07, 0x07, 0x07, 0x07, 0x07, 0x07, 0x07, 0xF0, 0x1F, 0xFC, 0x3F, 0xFE, 0x7E, 0x7E, 0x78, 0x1F,
    0x78, 0x0F, 0x70, 0x0F, 0xF0, 0x0F, 0x70, 0x0F, 0x78, 0x0F, 0x78, 0x1F, 0x7E, 0x3E, 0x3F, 0xFE,
    0x1F, 0xFC, 0x07, 0xF0, 0x30, 0x38, 0x0F, 0x0F, 0x81, 0xF0, 0xF0, 0x3E, 0x1F, 0x03, 0xE1, 0xF0,
    0x3E, 0x3E, 0x07, 0xC3, 0xE0, 0x7C, 0x3E, 0x0F, 0xC7, 0xC0, 0xF8, 0x7C, 0x3F, 0x1F, 0x07, 0xC3,
    0xE1, 0xF0, 0xF8, 0x3E, 0x3E, 0x0F, 0x87, 0xC3, 0xE1, 0xF0, 0x7C, 0x3C, 0x0F, 0x0F, 0x80, 0xC0,
    0xE0, 0x00, 0x07, 0x00, 0x03, 0xC0, 0x07, 0xC0, 0x01, 0xF0, 0x0F, 0xF0, 0x00, 0x78, 0x03, 0xFC,
    0x00, 0x3E, 0x00, 0xFF, 0x00, 0x0F, 0x00, 0x39, 0xC0, 0x07, 0xC0, 0x00, 0x70, 0x01, 0xE0, 0x00,
    0x1C, 0x00, 0xF0, 0x00, 0x07, 0x00, 0x7C, 0x00, 0x01, 0xC0, 0x1E, 0x00, 0x00, 0x70, 0x0F, 0x80,
    0x00, 0x1C, 0x03, 0xC0, 0x00, 0x07, 0x01, 0xF0, 0x00, 0x01, 0xC0, 0x78, 0x03, 0xC0, 0x70, 0x3E,
    0x01, 0xF0, 0x1C, 0x1F, 0x00, 0xFC, 0x00, 0x07, 0x80, 0x7F, 0x00, 0x03, 0xE0, 0x3F, 0xC0, 0x00,
    0xF0, 0x1E, 0xF0, 0x00, 0x7C, 0x0F, 0x3C, 0x00, 0x1E, 0x03, 0x8F, 0x00, 0x0F, 0x81, 0xE3, 0xC0,
    0x03, 0xC0, 0xFF, 0xFC, 0x01, 0xE0, 0x3F, 0xFF, 0x00, 0xF8, 0x0F, 0xFF, 0xC0, 0x3C, 0x00, 0x03,
    0xC0, 0x1F, 0x00, 0x00, 0xF0, 0x07, 0x80, 0x00, 0x3C, 0x03, 0xE0, 0x00, 0x0F, 0x00, 0x07, 0x00,
    0x07, 0xC0, 0x0F, 0x80, 0x03, 0xC0, 0x3F, 0xC0, 0x03, 0xC0, 0x1F, 0xE0, 0x03, 0xE0, 0x0F, 0xF0,
    0x01, 0xE0, 0x07, 0x38, 0x01, 0xF0, 0x00, 0x1C, 0x00, 0xF0, 0x00, 0x0E, 0x00, 0xF8, 0x00, 0x07,
    0x00, 0x78, 0x00, 0x03, 0x80, 0x78, 0x00, 0x01, 0xC0, 0x7C, 0x00, 0x00, 0xE0, 0x3C, 0x00, 0x00,
    0x70, 0x3E, 0x00, 0x00, 0x38, 0x1E, 0x0F, 0xE0, 0x1C, 0x1F, 0x1F, 0xF8, 0x0E, 0x0F, 0x0F, 0xFE,
    0x00, 0x0F, 0x07, 0x9F, 0x00, 0x0F, 0x81, 0x03, 0x80, 0x07, 0x80, 0x03, 0xC0, 0x07, 0xC0, 0x01,
    0xE0, 0x03, 0xC0, 0x01, 0xE0, 0x03, 0xE0, 0x01, 0xE0, 0x01, 0xE0, 0x01, 0xE0, 0x01, 0xF0, 0x03,
    0xE0, 0x01, 0xF0, 0x01, 0xE0, 0x00, 0xF0, 0x01, 0xE0, 0x00, 0xF8, 0x01, 0xFF, 0xE0, 0x78, 0x00,
    0xFF, 0xF0, 0x7C, 0x00, 0x7F, 0xF8, 0x3F, 0xC0, 0x00, 0xF0, 0x1F, 0xFC, 0x00, 0x3C, 0x01, 0xFF,
    0x80, 0x0F, 0x80, 0x38, 0xF0, 0x01, 0xE0, 0x00, 0x0E, 0x00, 0x7C, 0x00, 0x07, 0xC0, 0x0F, 0x00,
    0x07, 0xF0, 0x03, 0xE0, 0x00, 0xFE, 0x00, 0x78, 0x00, 0x1F, 0xE0, 0x1F, 0x00, 0x00, 0x7E, 0x07,
    0xC0, 0x00, 0x03, 0xC0, 0xF0, 0x00, 0x00, 0x78, 0x3E, 0x00, 0x07, 0x1F, 0x07, 0x80, 0x01, 0xFF,
    0xE1, 0xF0, 0x0F, 0x3F, 0xF8, 0x3C, 0x03, 0xE3, 0xFE, 0x0F, 0x80, 0xFC, 0x00, 0x01, 0xE0, 0x3F,
    0x80, 0x00, 0x78, 0x0F, 0xF0, 0x00, 0x1F, 0x03, 0xDE, 0x00, 0x03, 0xC0, 0xF3, 0xC0, 0x00, 0xF8,
    0x1C, 0x78, 0x00, 0x1E, 0x07, 0x8F, 0x00, 0x07, 0xC1, 0xFF, 0xF8, 0x00, 0xF0, 0x3F, 0xFF, 0x00,
    0x3C, 0x07, 0xFF, 0xE0, 0x0F, 0x80, 0x00, 0xF0, 0x01, 0xE0, 0x00, 0x1E, 0x00, 0x7C, 0x00, 0x03,
    0xC0, 0x0F, 0x00, 0x00, 0x78, 0x01, 0xE0, 0x03, 0xE0, 0x03, 0xF0, 0x03, 0xF0, 0x03, 0xE0, 0x01,
    0xE0, 0x00, 0x00, 0x00, 0x00, 0x00, 0x00, 0x00, 0x00, 0x01, 0xE0, 0x01, 0xE0, 0x01, 0xE0, 0x03,
    0xE0, 0x03, 0xC0, 0x07, 0xC0, 0x0F, 0x80, 0x1F, 0x00, 0x3E, 0x00, 0x7E, 0x00, 0x7C, 0x00, 0xF8,
    0x00, 0xF8, 0x00, 0xF8, 0x00, 0xF8, 0x00, 0xFC, 0x04, 0xFE, 0x3E, 0x7F, 0xFE, 0x3F, 0xFE, 0x0F,
    0xF8, 0x00, 0x30, 0x00, 0x00, 0x07, 0x80, 0x00, 0x00, 0x7C, 0x00, 0x00, 0x03, 0xE0, 0x00, 0x00,
    0x1F, 0x00, 0x00, 0x00, 0xF8, 0x00, 0x00, 0x07, 0x80, 0x00, 0x00, 0x30, 0x00, 0x00, 0x00, 0x00,
    0x00, 0x00, 0x00, 0x00, 0x00, 0x1F, 0x00, 0x00, 0x01, 0xF8, 0x00, 0x00, 0x1F, 0x80, 0x00, 0x03,
    0xFC, 0x00, 0x00, 0x3F, 0xC0, 0x00, 0x07, 0xFE, 0x00, 0x00, 0x7B, 0xE0, 0x00, 0x0F, 0x9F, 0x00,
    0x00, 0xF9, 0xF0, 0x00, 0x1F, 0x1F, 0x00, 0x01, 0xF0, 0xF8, 0x00, 0x1E, 0x0F, 0x80, 0x03, 0xE0,
    0x7C, 0x00, 0x3E, 0x07, 0xC0, 0x07, 0xC0, 0x7C, 0x00, 0x7C, 0x03, 0xE0, 0x07, 0x80, 0x3E, 0x00,
    0xF8, 0x01, 0xF0, 0x0F, 0xFF, 0xFF, 0x00, 0xFF, 0xFF, 0xF0, 0x1F, 0xFF, 0xFF, 0x81, 0xE0, 0x00,
    0xF8, 0x3E, 0x00, 0x0F, 0x83, 0xE0, 0x00, 0x7C, 0x3C, 0x00, 0x07, 0xC7, 0xC0, 0x00, 0x7E, 0x7C,
    0x00, 0x03, 0xE7, 0x80, 0x00, 0x3E, 0xF8, 0x00, 0x03, 0xF0, 0x00, 0x00, 0xC0, 0x00, 0x00, 0x1E,
    0x00, 0x00, 0x03, 0xE0, 0x00, 0x00, 0x7C, 0x00, 0x00, 0x0F, 0x80, 0x00, 0x01, 0xF0, 0x00, 0x00,
    0x1E, 0x00, 0x00, 0x00, 0xC0, 0x00, 0x00, 0x00, 0x00, 0x00, 0x00, 0x00, 0x00, 0x00, 0x1F, 0x00,
    0x00, 0x01, 0xF8, 0x00, 0x00, 0x1F, 0x80, 0x00, 0x03, 0xFC, 0x00, 0x00, 0x3F, 0xC0, 0x00, 0x07,
    0xFE, 0x00, 0x00, 0x7B, 0xE0, 0x00, 0x0F, 0x9F, 0x00, 0x00, 0xF9, 0xF0, 0x00, 0x1F, 0x1F, 0x00,
    0x01, 0xF0, 0xF8, 0x00, 0x1E, 0x0F, 0x80, 0x03, 0xE0, 0x7C, 0x00, 0x3E, 0x07, 0xC0, 0x07, 0xC0,
    0x7C, 0x00, 0x7C, 0x03, 0xE0, 0x07, 0x80, 0x3E, 0x00, 0xF8, 0x01, 0xF0, 0x0F, 0xFF, 0xFF, 0x00,
    0xFF, 0xFF, 0xF0, 0x1F, 0xFF, 0xFF, 0x81, 0xE0, 0x00, 0xF8, 0x3E, 0x00, 0x0F, 0x83, 0xE0, 0x00,
    0x7C, 0x3C, 0x00, 0x07, 0xC7, 0xC0, 0x00, 0x7E, 0x7C, 0x00, 0x03, 0xE7, 0x80, 0x00, 0x3E, 0xF8,
    0x00, 0x03, 0xF0, 0x00, 0x06, 0x00, 0x00, 0x00, 0xF0, 0x00, 0x00, 0x1F, 0x80, 0x00, 0x03, 0xFC,
    0x00, 0x00, 0x7F, 0xE0, 0x00, 0x0F, 0x9F, 0x00, 0x00, 0xF0, 0xF0, 0x00, 0x06, 0x06, 0x00, 0x00,
    0x00, 0x00, 0x00, 0x00, 0x00, 0x00, 0x00, 0x1F, 0x00, 0x00, 0x01, 0xF8, 0x00, 0x00, 0x1F, 0x80,
    0x00, 0x03, 0xFC, 0x00, 0x00, 0x3F, 0xC0, 0x00, 0x07, 0xFE, 0x00, 0x00, 0x7B, 0xE0, 0x00, 0x0F,
    0x9F, 0x00, 0x00, 0xF9, 0xF0, 0x00, 0x1F, 0x1F, 0x00, 0x01, 0xF0, 0xF8, 0x00, 0x1E, 0x0F, 0x80,
    0x03, 0xE0, 0x7C, 0x00, 0x3E, 0x07, 0xC0, 0x07, 0xC0, 0x7C, 0x00, 0x7C, 0x03, 0xE0, 0x07, 0x80,
    0x3E, 0x00, 0xF8, 0x01, 0xF0, 0x0F, 0xFF, 0xFF, 0x00, 0xFF, 0xFF, 0xF0, 0x1F, 0xFF, 0xFF, 0x81,
    0xE0, 0x00, 0xF8, 0x3E, 0x00, 0x0F, 0x83, 0xE0, 0x00, 0x7C, 0x3C, 0x00, 0x07, 0xC7, 0xC0, 0x00,
    0x7E, 0x7C, 0x00, 0x03, 0xE7, 0x80, 0x00, 0x3E, 0xF8, 0x00, 0x03, 0xF0, 0x00, 0x7C, 0x38, 0x00,
    0x0F, 0xF7, 0x80, 0x01, 0xFF, 0xF8, 0x00, 0x1E, 0xFF, 0x00, 0x01, 0xC3, 0xE0, 0x00, 0x00, 0x00,
    0x00, 0x00, 0x00, 0x00, 0x00, 0x00, 0x00, 0x00, 0x00, 0x00, 0x00, 0x00, 0x01, 0xF0, 0x00, 0x00,
    0x1F, 0x80, 0x00, 0x01, 0xF8, 0x00, 0x00, 0x3F, 0xC0, 0x00, 0x03, 0xFC, 0x00, 0x00, 0x7F, 0xE0,
    0x00, 0x07, 0xBE, 0x00, 0x00, 0xF9, 0xF0, 0x00, 0x0F, 0x9F, 0x00, 0x01, 0xF1, 0xF0, 0x00, 0x1F,
    0x0F, 0x80, 0x01, 0xE0, 0xF8, 0x00, 0x3E, 0x07, 0xC0, 0x03, 0xE0, 0x7C, 0x00, 0x7C, 0x07, 0xC0,
    0x07, 0xC0, 0x3E, 0x00, 0x78, 0x03, 0xE0, 0x0F, 0x80, 0x1F, 0x00, 0xFF, 0xFF, 0xF0, 0x0F, 0xFF,
    0xFF, 0x01, 0xFF, 0xFF, 0xF8, 0x1E, 0x00, 0x0F, 0x83, 0xE0, 0x00, 0xF8, 0x3E, 0x00, 0x07, 0xC3,
    0xC0, 0x00, 0x7C, 0x7C, 0x00, 0x07, 0xE7, 0xC0, 0x00, 0x3E, 0x78, 0x00, 0x03, 0xEF, 0x80, 0x00,
    0x3F, 0x00, 0xF0, 0xF0, 0x00, 0x1F, 0x1F, 0x00, 0x01, 0xF9, 0xF8, 0x00, 0x1F, 0x1F, 0x00, 0x00,
    0xF0, 0xF0, 0x00, 0x00, 0x00, 0x00, 0x00, 0x00, 0x00, 0x00, 0x00, 0x00, 0x00, 0x00, 0x00, 0x00,
    0x00, 0x01, 0xF0, 0x00, 0x00, 0x1F, 0x80, 0x00, 0x01, 0xF8, 0x00, 0x00, 0x3F, 0xC0, 0x00, 0x03,
    0xFC, 0x00, 0x00, 0x7F, 0xE0, 0x00, 0x07, 0xBE, 0x00, 0x00, 0xF9, 0xF0, 0x00, 0x0F, 0x9F, 0x00,
    0x01, 0xF1, 0xF0, 0x00, 0x1F, 0x0F, 0x80, 0x01, 0xE0, 0xF8, 0x00, 0x3E, 0x07, 0xC0, 0x03, 0xE0,
    0x7C, 0x00, 0x7C, 0x07, 0xC0, 0x07, 0xC0, 0x3E, 0x00, 0x78, 0x03, 0xE0, 0x0F, 0x80, 0x1F, 0x00,
    0xFF, 0xFF, 0xF0, 0x0F, 0xFF, 0xFF, 0x01, 0xFF, 0xFF, 0xF8, 0x1E, 0x00, 0x0F, 0x83, 0xE0, 0x00,
    0xF8, 0x3E, 0x00, 0x07, 0xC3, 0xC0, 0x00, 0x7C, 0x7C, 0x00, 0x07, 0xE7, 0xC0, 0x00, 0x3E, 0x78,
    0x00, 0x03, 0xEF, 0x80, 0x00, 0x3F, 0x00, 0x1F, 0x80, 0x00, 0x03, 0xFC, 0x00, 0x00, 0x3B, 0xC0,
    0x00, 0x07, 0x0C, 0x00, 0x00, 0x70, 0xE0, 0x00, 0x07, 0x0C, 0x00, 0x00, 0x3B, 0xC0, 0x00, 0x03,
    0xF8, 0x00, 0x00, 0x1F, 0x80, 0x00, 0x03, 0xF8, 0x00, 0x00, 0x3F, 0xC0, 0x00, 0x07, 0xFC, 0x00,
    0x00, 0x7F, 0xE0, 0x00, 0x07, 0xBE, 0x00, 0x00, 0xF9, 0xF0, 0x00, 0x0F, 0x1F, 0x00, 0x01, 0xF0,
    0xF0, 0x00, 0x1F, 0x0F, 0x80, 0x01, 0xE0, 0xF8, 0x00, 0x3E, 0x07, 0xC0, 0x03, 0xE0, 0x7C, 0x00,
    0x7C, 0x07, 0xC0, 0x07, 0xC0, 0x3E, 0x00, 0x78, 0x03, 0xE0, 0x0F, 0x80, 0x1F, 0x00, 0xFF, 0xFF,
    0xF0, 0x1F, 0xFF, 0xFF, 0x01, 0xFF, 0xFF, 0xF8, 0x1E, 0x00, 0x0F, 0x83, 0xE0, 0x00, 0xF8, 0x3E,
    0x00, 0x07, 0xC3, 0xC0, 0x00, 0x7C, 0x7C, 0x00, 0x07, 0xE7, 0xC0, 0x00, 0x3E, 0x78, 0x00, 0x03,
    0xEF, 0x80, 0x00, 0x3F, 0x00, 0x00, 0x7F, 0xFF, 0xF8, 0x00, 0x01, 0xFF, 0xFF, 0xE0, 0x00, 0x0F,
    0xFF, 0xFF, 0x80, 0x00, 0x7F, 0xC0, 0x00, 0x00, 0x03, 0xEF, 0x00, 0x00, 0x00, 0x0F, 0xBC, 0x00,
    0x00, 0x00, 0x7C, 0xF0, 0x00, 0x00, 0x01, 0xE3, 0xC0, 0x00, 0x00, 0x0F, 0x8F, 0x00, 0x00, 0x00,
    0x7C, 0x3C, 0x00, 0x00, 0x01, 0xF0, 0xF0, 0x00, 0x00, 0x0F, 0x83, 0xC0, 0x00, 0x00, 0x7C, 0x0F,
    0xFF, 0xF0, 0x01, 0xF0, 0x3F, 0xFF, 0xC0, 0x0F, 0x80, 0xFF, 0xFF, 0x00, 0x3E, 0x03, 0xC0, 0x00,
    0x01, 0xF0, 0x0F, 0x00, 0x00, 0x0F, 0xC0, 0x3C, 0x00, 0x00, 0x3E, 0x00, 0xF0, 0x00, 0x01, 0xFF,
    0xFF, 0xC0, 0x00, 0x07, 0xFF, 0xFF, 0x00, 0x00, 0x3F, 0xFF, 0xFC, 0x00, 0x01, 0xF8, 0x00, 0xF0,
    0x00, 0x07, 0xC0, 0x03, 0xC0, 0x00, 0x3E, 0x00, 0x0F, 0x00, 0x00, 0xF8, 0x00, 0x3C, 0x00, 0x07,
    0xC0, 0x00, 0xFF, 0xFF, 0xDF, 0x00, 0x03, 0xFF, 0xFF, 0xF8, 0x00, 0x0F, 0xFF, 0xFC, 0x00, 0x7F,
    0xF0, 0x03, 0xFF, 0xFC, 0x0F, 0xFF, 0xF8, 0x7F, 0xC7, 0xF1, 0xFC, 0x00, 0xC3, 0xF0, 0x00, 0x0F,
    0xC0, 0x00, 0x1F, 0x00, 0x00, 0x7C, 0x00, 0x00, 0xF8, 0x00, 0x01, 0xF0, 0x00, 0x07, 0xC0, 0x00,
    0x0F, 0x80, 0x00, 0x1F, 0x00, 0x00, 0x3E, 0x00, 0x00, 0x7C, 0x00, 0x00, 0xF8, 0x00, 0x01, 0xF0,
    0x00, 0x03, 0xF0, 0x00, 0x03, 0xE0, 0x00, 0x07, 0xC0, 0x00, 0x0F, 0xC0, 0x00, 0x0F, 0x80, 0x00,
    0x1F, 0x80, 0x00, 0x1F, 0xC0, 0x04, 0x1F, 0xF0, 0xFC, 0x1F, 0xFF, 0xF8, 0x0F, 0xFF, 0xF0, 0x07,
    0xFF, 0x80, 0x03, 0xC0, 0x00, 0x07, 0x80, 0x00, 0x0F, 0x80, 0x00, 0x0F, 0x80, 0x00, 0x9F, 0x00,
    0x01, 0xFE, 0x00, 0x07, 0xF8, 0x00, 0x0F, 0xE0, 0x00, 0x01, 0x80, 0x00, 0x7C, 0x00, 0x07, 0xE0,
    0x00, 0x3F, 0x00, 0x01, 0xF0, 0x00, 0x0F, 0x80, 0x00, 0x78, 0x00, 0x03, 0x00, 0x00, 0x00, 0x00,
    0x00, 0x00, 0xFF, 0xFF, 0xEF, 0xFF, 0xFE, 0xFF, 0xFF, 0xEF, 0x80, 0x00, 0xF8, 0x00, 0x0F, 0x80,
    0x00, 0xF8, 0x00, 0x0F, 0x80, 0x00, 0xF8, 0x00, 0x0F, 0x80, 0x00, 0xF8, 0x00, 0x0F, 0x80, 0x00,
    0xFF, 0xFF, 0x8F, 0xFF, 0xF8, 0xFF, 0xFF, 0x8F, 0x80, 0x00, 0xF8, 0x00, 0x0F, 0x80, 0x00, 0xF8,
    0x00, 0x0F, 0x80, 0x00, 0xF8, 0x00, 0x0F, 0x80, 0x00, 0xF8, 0x00, 0x0F, 0x80, 0x00, 0xF8, 0x00,
    0x0F, 0x80, 0x00, 0xFF, 0xFF, 0xFF, 0xFF, 0xFF, 0xFF, 0xFF, 0xF0, 0x00, 0x0C, 0x00, 0x01, 0xE0,
    0x00, 0x3F, 0x00, 0x07, 0xE0, 0x00, 0xFC, 0x00, 0x0F, 0x80, 0x00, 0xF0, 0x00, 0x06, 0x00, 0x00,
    0x00, 0x00, 0x00, 0x00, 0xFF, 0xFF, 0xEF, 0xFF, 0xFE, 0xFF, 0xFF, 0xEF, 0x80, 0x00, 0xF8, 0x00,
    0x0F, 0x80, 0x00, 0xF8, 0x00, 0x0F, 0x80, 0x00, 0xF8, 0x00, 0x0F, 0x80, 0x00, 0xF8, 0x00, 0x0F,
    0x80, 0x00, 0xFF, 0xFF, 0x8F, 0xFF, 0xF8, 0xFF, 0xFF, 0x8F, 0x80, 0x00, 0xF8, 0x00, 0x0F, 0x80,
    0x00, 0xF8, 0x00, 0x0F, 0x80, 0x00, 0xF8, 0x00, 0x0F, 0x80, 0x00, 0xF8, 0x00, 0x0F, 0x80, 0x00,
    0xF8, 0x00, 0x0F, 0x80, 0x00, 0xFF, 0xFF, 0xFF, 0xFF, 0xFF, 0xFF, 0xFF, 0xF0, 0x00, 0x40, 0x00,
    0x0E, 0x00, 0x01, 0xF0, 0x00, 0x3F, 0x80, 0x07, 0xFC, 0x00, 0xF3, 0xE0, 0x0E, 0x0E, 0x00, 0xC0,
    0x40, 0x00, 0x00, 0x00, 0x00, 0x00, 0xFF, 0xFF, 0xEF, 0xFF, 0xFE, 0xFF, 0xFF, 0xEF, 0x80, 0x00,
    0xF8, 0x00, 0x0F, 0x80, 0x00, 0xF8, 0x00, 0x0F, 0x80, 0x00, 0xF8, 0x00, 0x0F, 0x80, 0x00, 0xF8,
    0x00, 0x0F, 0x80, 0x00, 0xFF, 0xFF, 0x8F, 0xFF, 0xF8, 0xFF, 0xFF, 0x8F, 0x80, 0x00, 0xF8, 0x00,
    0x0F, 0x80, 0x00, 0xF8, 0x00, 0x0F, 0x80, 0x00, 0xF8, 0x00, 0x0F, 0x80, 0x00, 0xF8, 0x00, 0x0F,
    0x80, 0x00, 0xF8, 0x00, 0x0F, 0x80, 0x00, 0xFF, 0xFF, 0xFF, 0xFF, 0xFF, 0xFF, 0xFF, 0xF0, 0x0E,
    0x0E, 0x01, 0xF1, 0xF0, 0x1F, 0x1F, 0x01, 0xF1, 0xF0, 0x0E, 0x1E, 0x00, 0x00, 0x00, 0x00, 0x00,
    0x00, 0x00, 0x00, 0x00, 0x00, 0x0F, 0xFF, 0xFE, 0xFF, 0xFF, 0xEF, 0xFF, 0xFE, 0xF8, 0x00, 0x0F,
    0x80, 0x00, 0xF8, 0x00, 0x0F, 0x80, 0x00, 0xF8, 0x00, 0x0F, 0x80, 0x00, 0xF8, 0x00, 0x0F, 0x80,
    0x00, 0xF8, 0x00, 0x0F, 0xFF, 0xF8, 0xFF, 0xFF, 0x8F, 0xFF, 0xF8, 0xF8, 0x00, 0x0F, 0x80, 0x00,
    0xF8, 0x00, 0x0F, 0x80, 0x00, 0xF8, 0x00, 0x0F, 0x80, 0x00, 0xF8, 0x00, 0x0F, 0x80, 0x00, 0xF8,
    0x00, 0x0F, 0x80, 0x00, 0xF8, 0x00, 0x0F, 0xFF, 0xFF, 0xFF, 0xFF, 0xFF, 0xFF, 0xFF, 0x30, 0x3C,
    0x1F, 0x07, 0xC1, 0xF0, 0x7C, 0x1E, 0x06, 0x00, 0x00, 0x07, 0xC3, 0xE1, 0xF0, 0xF8, 0x7C, 0x3E,
    0x1F, 0x0F, 0x87, 0xC3, 0xE1, 0xF0, 0xF8, 0x7C, 0x3E, 0x1F, 0x0F, 0x87, 0xC3, 0xE1, 0xF0, 0xF8,
    0x7C, 0x3E, 0x1F, 0x0F, 0x87, 0xC3, 0xE1, 0xF0, 0xF8, 0x7C, 0x06, 0x07, 0xC3, 0xE3, 0xE3, 0xE3,
    0xE1, 0xE0, 0x60, 0x00, 0x00, 0x1F, 0x0F, 0x87, 0xC3, 0xE1, 0xF0, 0xF8, 0x7C, 0x3E, 0x1F, 0x0F,
    0x87, 0xC3, 0xE1, 0xF0, 0xF8, 0x7C, 0x3E, 0x1F, 0x0F, 0x87, 0xC3, 0xE1, 0xF0, 0xF8, 0x7C, 0x3E,
    0x1F, 0x0F, 0x87, 0xC3, 0xE1, 0xF0, 0x03, 0x00, 0x3C, 0x03, 0xE0, 0x3F, 0x83, 0xFE, 0x3E, 0x79,
    0xE1, 0xE6, 0x06, 0x00, 0x00, 0x00, 0x03, 0xE0, 0x1F, 0x00, 0xF8, 0x07, 0xC0, 0x3E, 0x01, 0xF0,
    0x0F, 0x80, 0x7C, 0x03, 0xE0, 0x1F, 0x00, 0xF8, 0x07, 0xC0, 0x3E, 0x01, 0xF0, 0x0F, 0x80, 0x7C,
    0x03, 0xE0, 0x1F, 0x00, 0xF8, 0x07, 0xC0, 0x3E, 0x01, 0xF0, 0x0F, 0x80, 0x7C, 0x03, 0xE0, 0x1F,
    0x00, 0xF8, 0x07, 0xC0, 0x3E, 0x00, 0x78, 0x7B, 0xE3, 0xEF, 0x8F, 0xBE, 0x3E, 0x78, 0x78, 0x00,
    0x00, 0x00, 0x00, 0x00, 0x00, 0x00, 0x3E, 0x00, 0xF8, 0x03, 0xE0, 0x0F, 0x80, 0x3E, 0x00, 0xF8,
    0x03, 0xE0, 0x0F, 0x80, 0x3E, 0x00, 0xF8, 0x03, 0xE0, 0x0F, 0x80, 0x3E, 0x00, 0xF8, 0x03, 0xE0,
    0x0F, 0x80, 0x3E, 0x00, 0xF8, 0x03, 0xE0, 0x0F, 0x80, 0x3E, 0x00, 0xF8, 0x03, 0xE0, 0x0F, 0x80,
    0x3E, 0x00, 0xF8, 0x03, 0xE0, 0x0F, 0x80, 0x3E, 0x00, 0x0F, 0xFF, 0xC0, 0x00, 0x7F, 0xFF, 0xC0,
    0x03, 0xFF, 0xFF, 0x80, 0x1F, 0x07, 0xFE, 0x00, 0xF8, 0x03, 0xF8, 0x07, 0xC0, 0x07, 0xE0, 0x3E,
    0x00, 0x1F, 0x01, 0xF0, 0x00, 0x7C, 0x0F, 0x80, 0x03, 0xE0, 0x7C, 0x00, 0x0F, 0x83, 0xE0, 0x00,
    0x7C, 0x1F, 0x00, 0x03, 0xEF, 0xFF, 0xC0, 0x1F, 0x7F, 0xFE, 0x00, 0xFB, 0xFF, 0xF0, 0x07, 0xC1,
    0xF0, 0x00, 0x3E, 0x0F, 0x80, 0x01, 0xF0, 0x7C, 0x00, 0x0F, 0x83, 0xE0, 0x00, 0x7C, 0x1F, 0x00,
    0x03, 0xE0, 0xF8, 0x00, 0x3E, 0x07, 0xC0, 0x01, 0xF0, 0x3E, 0x00, 0x1F, 0x01, 0xF0, 0x01, 0xF8,
    0x0F, 0x80, 0x3F, 0x80, 0x7C, 0x1F, 0xF8, 0x03, 0xFF, 0xFF, 0x80, 0x1F, 0xFF, 0xF0, 0x00, 0xFF,
    0xFC, 0x00, 0x00, 0x01, 0xF0, 0x60, 0x03, 0xFD, 0xE0, 0x03, 0xFF, 0xE0, 0x07, 0xBF, 0xC0, 0x03,
    0x0F, 0x80, 0x00, 0x00, 0x00, 0x00, 0x00, 0x00, 0x00, 0x00, 0x00, 0x00, 0x00, 0x00, 0xF8, 0x00,
    0x0F, 0xFC, 0x00, 0x0F, 0xFE, 0x00, 0x0F, 0xFE, 0x00, 0x0F, 0xFF, 0x00, 0x0F, 0xFF, 0x80, 0x0F,
    0xFF, 0xC0, 0x0F, 0xFF, 0xE0, 0x0F, 0xFB, 0xE0, 0x0F, 0xF9, 0xF0, 0x0F, 0xF8, 0xF8, 0x0F, 0xF8,
    0xFC, 0x0F, 0xF8, 0x7C, 0x0F, 0xF8, 0x3E, 0x0F, 0xF8, 0x1F, 0x0F, 0xF8, 0x1F, 0x0F, 0xF8, 0x0F,
    0x8F, 0xF8, 0x07, 0xCF, 0xF8, 0x07, 0xCF, 0xF8, 0x03, 0xEF, 0xF8, 0x01, 0xFF, 0xF8, 0x01, 0xFF,
    0xF8, 0x00, 0xFF, 0xF8, 0x00, 0x7F, 0xF8, 0x00, 0x7F, 0xF8, 0x00, 0x3F, 0xF8, 0x00, 0x1F, 0xF8,
    0x00, 0x1F, 0xF8, 0x00, 0x0F, 0x00, 0x18, 0x00, 0x00, 0x03, 0xE0, 0x00, 0x00, 0x1F, 0x80, 0x00,
    0x00, 0x7C, 0x00, 0x00, 0x01, 0xF0, 0x00, 0x00, 0x07, 0xC0, 0x00, 0x00, 0x1E, 0x00, 0x00, 0x00,
    0x60, 0x00, 0x00, 0x00, 0x00, 0x00, 0x00, 0x00, 0x00, 0x00, 0x1F, 0xFC, 0x00, 0x03, 0xFF, 0xF8,
    0x00, 0x3F, 0xFF, 0xE0, 0x07, 0xFC, 0x7F, 0x80, 0x7F, 0x00, 0x7E, 0x03, 0xE0, 0x01, 0xF8, 0x3E,
    0x00, 0x07, 0xE1, 0xF0, 0x00, 0x1F, 0x1F, 0x00, 0x00, 0xFC, 0xF8, 0x00, 0x03, 0xEF, 0xC0, 0x00,
    0x1F, 0x7C, 0x00, 0x00, 0xFB, 0xE0, 0x00, 0x07, 0xFF, 0x00, 0x00, 0x3F, 0xF8, 0x00, 0x00, 0xFF,
    0xC0, 0x00, 0x0F, 0xFE, 0x00, 0x00, 0x7F, 0xF0, 0x00, 0x03, 0xEF, 0xC0, 0x00, 0x1F, 0x3E, 0x00,
    0x00, 0xF9, 0xF0, 0x00, 0x0F, 0xC7, 0xC0, 0x00, 0x7C, 0x3E, 0x00, 0x07, 0xE0, 0xF8, 0x00, 0x7E,
    0x07, 0xF0, 0x07, 0xE0, 0x1F, 0xF1, 0xFE, 0x00, 0x7F, 0xFF, 0xE0, 0x00, 0xFF, 0xFE, 0x00, 0x01,
    0xFF, 0xC0, 0x00, 0x00, 0x00, 0xC0, 0x00, 0x00, 0x0F, 0x00, 0x00, 0x00, 0xF8, 0x00, 0x00, 0x0F,
    0x80, 0x00, 0x00, 0xF8, 0x00, 0x00, 0x0F, 0x80, 0x00, 0x00, 0x38, 0x00, 0x00, 0x00, 0x80, 0x00,
    0x00, 0x00, 0x00, 0x00, 0x00, 0x00, 0x00, 0x00, 0x1F, 0xFC, 0x00, 0x03, 0xFF, 0xF8, 0x00, 0x3F,
    0xFF, 0xE0, 0x07, 0xFC, 0x7F, 0x80, 0x7F, 0x00, 0x7E, 0x03, 0xE0, 0x01, 0xF8, 0x3E, 0x00, 0x07,
    0xE1, 0xF0, 0x00, 0x1F, 0x1F, 0x00, 0x00, 0xFC, 0xF8, 0x00, 0x03, 0xEF, 0xC0, 0x00, 0x1F, 0x7C,
    0x00, 0x00, 0xFB, 0xE0, 0x00, 0x07, 0xFF, 0x00, 0x00, 0x3F, 0xF8, 0x00, 0x00, 0xFF, 0xC0, 0x00,
    0x0F, 0xFE, 0x00, 0x00, 0x7F, 0xF0, 0x00, 0x03, 0xEF, 0xC0, 0x00, 0x1F, 0x3E, 0x00, 0x00, 0xF9,
    0xF0, 0x00, 0x0F, 0xC7, 0xC0, 0x00, 0x7C, 0x3E, 0x00, 0x07, 0xE0, 0xF8, 0x00, 0x7E, 0x07, 0xF0,
    0x07, 0xE0, 0x1F, 0xF1, 0xFE, 0x00, 0x7F, 0xFF, 0xE0, 0x00, 0xFF, 0xFE, 0x00, 0x01, 0xFF, 0xC0,
    0x00, 0x00, 0x06, 0x00, 0x00, 0x00, 0x78, 0x00, 0x00, 0x03, 0xE0, 0x00, 0x00, 0x3F, 0x80, 0x00,
    0x03, 0xFE, 0x00, 0x00, 0x3C, 0xF8, 0x00, 0x01, 0xC3, 0xC0, 0x00, 0x0C, 0x0C, 0x00, 0x00, 0x00,
    0x00, 0x00, 0x00, 0x00, 0x00, 0x00, 0x1F, 0xFC, 0x00, 0x03, 0xFF, 0xF8, 0x00, 0x3F, 0xFF, 0xE0,
    0x07, 0xFC, 0x7F, 0x80, 0x7F, 0x00, 0x7E, 0x03, 0xE0, 0x01, 0xF8, 0x3E, 0x00, 0x07, 0xE1, 0xF0,
    0x00, 0x1F, 0x1F, 0x00, 0x00, 0xFC, 0xF8, 0x00, 0x03, 0xEF, 0xC0, 0x00, 0x1F, 0x7C, 0x00, 0x00,
    0xFB, 0xE0, 0x00, 0x07, 0xFF, 0x00, 0x00, 0x3F, 0xF8, 0x00, 0x00, 0xFF, 0xC0, 0x00, 0x0F, 0xFE,
    0x00, 0x00, 0x7F, 0xF0, 0x00, 0x03, 0xEF, 0xC0, 0x00, 0x1F, 0x3E, 0x00, 0x00, 0xF9, 0xF0, 0x00,
    0x0F, 0xC7, 0xC0, 0x00, 0x7C, 0x3E, 0x00, 0x07, 0xE0, 0xF8, 0x00, 0x7E, 0x07, 0xF0, 0x07, 0xE0,
    0x1F, 0xF1, 0xFE, 0x00, 0x7F, 0xFF, 0xE0, 0x00, 0xFF, 0xFE, 0x00, 0x01, 0xFF, 0xC0, 0x00, 0x00,
    0x3C, 0x18, 0x00, 0x07, 0xFB, 0xC0, 0x00, 0x3F, 0xFE, 0x00, 0x03, 0xDF, 0xE0, 0x00, 0x0C, 0x3E,
    0x00, 0x00, 0x00, 0x00, 0x00, 0x00, 0x00, 0x00, 0x00, 0x00, 0x00, 0x00, 0x00, 0x00, 0x00, 0x00,
    0x03, 0xFF, 0x80, 0x00, 0x7F, 0xFF, 0x00, 0x07, 0xFF, 0xFC, 0x00, 0xFF, 0x8F, 0xF0, 0x0F, 0xE0,
    0x0F, 0xC0, 0x7C, 0x00, 0x3F, 0x07, 0xC0, 0x00, 0xFC, 0x3E, 0x00, 0x03, 0xE3, 0xE0, 0x00, 0x1F,
    0x9F, 0x00, 0x00, 0x7D, 0xF8, 0x00, 0x03, 0xEF, 0x80, 0x00, 0x1F, 0x7C, 0x00, 0x00, 0xFF, 0xE0,
    0x00, 0x07, 0xFF, 0x00, 0x00, 0x1F, 0xF8, 0x00, 0x01, 0xFF, 0xC0, 0x00, 0x0F, 0xFE, 0x00, 0x00,
    0x7D, 0xF8, 0x00, 0x03, 0xE7, 0xC0, 0x00, 0x1F, 0x3E, 0x00, 0x01, 0xF8, 0xF8, 0x00, 0x0F, 0x87,
    0xC0, 0x00, 0xFC, 0x1F, 0x00, 0x0F, 0xC0, 0xFE, 0x00, 0xFC, 0x03, 0xFE, 0x3F, 0xC0, 0x0F, 0xFF,
    0xFC, 0x00, 0x1F, 0xFF, 0xC0, 0x00, 0x3F, 0xF8, 0x00, 0x00, 0xF0, 0xF0, 0x00, 0x07, 0xC7, 0xC0,
    0x00, 0x3E, 0x3E, 0x00, 0x01, 0xF1, 0xF0, 0x00, 0x0F, 0x0F, 0x00, 0x00, 0x00, 0x00, 0x00, 0x00,
    0x00, 0x00, 0x00, 0x00, 0x00, 0x00, 0x00, 0x00, 0x00, 0x00, 0x03, 0xFF, 0x80, 0x00, 0x7F, 0xFF,
    0x00, 0x07, 0xFF, 0xFC, 0x00, 0xFF, 0x8F, 0xF0, 0x0F, 0xE0, 0x0F, 0xC0, 0x7C, 0x00, 0x3F, 0x07,
    0xC0, 0x00, 0xFC, 0x3E, 0x00, 0x03, 0xE3, 0xE0, 0x00, 0x1F, 0x9F, 0x00, 0x00, 0x7D, 0xF8, 0x00,
    0x03, 0xEF, 0x80, 0x00, 0x1F, 0x7C, 0x00, 0x00, 0xFF, 0xE0, 0x00, 0x07, 0xFF, 0x00, 0x00, 0x1F,
    0xF8, 0x00, 0x01, 0xFF, 0xC0, 0x00, 0x0F, 0xFE, 0x00, 0x00, 0x7D, 0xF8, 0x00, 0x03, 0xE7, 0xC0,
    0x00, 0x1F, 0x3E, 0x00, 0x01, 0xF8, 0xF8, 0x00, 0x0F, 0x87, 0xC0, 0x00, 0xFC, 0x1F, 0x00, 0x0F,
    0xC0, 0xFE, 0x00, 0xFC, 0x03, 0xFE, 0x3F, 0xC0, 0x0F, 0xFF, 0xFC, 0x00, 0x1F, 0xFF, 0xC0, 0x00,
    0x3F, 0xF8, 0x00, 0x20, 0x02, 0x1C, 0x01, 0xEF, 0x80, 0xF9, 0xF0, 0x7E, 0x3F, 0x3F, 0x07, 0xFF,
    0x80, 0xFF, 0xC0, 0x1F, 0xE0, 0x03, 0xF0, 0x01, 0xFE, 0x00, 0xFF, 0xC0, 0x7F, 0xF8, 0x3F, 0x3F,
    0x1F, 0x07, 0xEF, 0x80, 0xF9, 0xC0, 0x1E, 0x20, 0x02, 0x00, 0x00, 0x00, 0x00, 0xC0, 0x03, 0xFF,
    0x0F, 0x00, 0x7F, 0xFF, 0x78, 0x0F, 0xFF, 0xFF, 0xC0, 0xFF, 0x8F, 0xFC, 0x0F, 0xE0, 0x0F, 0xC0,
    0x7C, 0x00, 0x7F, 0x07, 0xC0, 0x07, 0xFC, 0x7E, 0x00, 0x7F, 0xE3, 0xE0, 0x03, 0xFF, 0x9F, 0x00,
    0x3E, 0x7D, 0xF8, 0x03, 0xE3, 0xEF, 0x80, 0x3E, 0x1F, 0x7C, 0x03, 0xF0, 0xFB, 0xE0, 0x1F, 0x07,
    0xFF, 0x01, 0xF0, 0x1F, 0xF8, 0x1F, 0x01, 0xFF, 0xC1, 0xF0, 0x0F, 0xFE, 0x0F, 0x80, 0x7C, 0xF8,
    0xF8, 0x03, 0xE7, 0xCF, 0x80, 0x1F, 0x3E, 0xF8, 0x01, 0xF8, 0xFF, 0x80, 0x0F, 0x87, 0xFC, 0x00,
    0xFC, 0x1F, 0xC0, 0x0F, 0xC0, 0xFE, 0x00, 0xFC, 0x07, 0xFE, 0x3F, 0xC0, 0x7F, 0xFF, 0xFC, 0x07,
    0xDF, 0xFF, 0xC0, 0x3E, 0x3F, 0xF8, 0x00, 0x60, 0x00, 0x00, 0x00, 0x00, 0xC0, 0x00, 0x07, 0xC0,
    0x00, 0x0F, 0xC0, 0x00, 0x0F, 0xC0, 0x00, 0x0F, 0x80, 0x00, 0x0F, 0x80, 0x00, 0x0F, 0x00, 0x00,
    0x0C, 0x00, 0x00, 0x00, 0x00, 0x00, 0x00, 0x03, 0xE0, 0x00, 0xFF, 0xC0, 0x01, 0xFF, 0x80, 0x03,
    0xFF, 0x00, 0x07, 0xFE, 0x00, 0x0F, 0xFC, 0x00, 0x1F, 0xF8, 0x00, 0x3F, 0xF0, 0x00, 0x7F, 0xE0,
    0x00, 0xFF, 0xC0, 0x01, 0xFF, 0x80, 0x03, 0xFF, 0x00, 0x07, 0xFE, 0x00, 0x0F, 0xFC, 0x00, 0x1F,
    0xF8, 0x00, 0x3F, 0xF0, 0x00, 0x7F, 0xE0, 0x00, 0xFF, 0xC0, 0x01, 0xFF, 0x80, 0x03, 0xFF, 0x00,
    0x07, 0xFE, 0x00, 0x0F, 0xBC, 0x00, 0x3E, 0x7C, 0x00, 0x7C, 0xF8, 0x01, 0xF8, 0xFC, 0x07, 0xE1,
    0xFE, 0x3F, 0x81, 0xFF, 0xFF, 0x00, 0xFF, 0xF8, 0x00, 0xFF, 0xC0, 0x00, 0x00, 0x06, 0x00, 0x00,
    0x1E, 0x00, 0x00, 0x7E, 0x00, 0x01, 0xF8, 0x00, 0x07, 0xE0, 0x00, 0x0F, 0x80, 0x00, 0x1E, 0x00,
    0x00, 0x18, 0x00, 0x00, 0x00, 0x00, 0x00, 0x00, 0x03, 0xE0, 0x00, 0xFF, 0xC0, 0x01, 0xFF, 0x80,
    0x03, 0xFF, 0x00, 0x07, 0xFE, 0x00, 0x0F, 0xFC, 0x00, 0x1F, 0xF8, 0x00, 0x3F, 0xF0, 0x00, 0x7F,
    0xE0, 0x00, 0xFF, 0xC0, 0x01, 0xFF, 0x80, 0x03, 0xFF, 0x00, 0x07, 0xFE, 0x00, 0x0F, 0xFC, 0x00,
    0x1F, 0xF8, 0x00, 0x3F, 0xF0, 0x00, 0x7F, 0xE0, 0x00, 0xFF, 0xC0, 0x01, 0xFF, 0x80, 0x03, 0xFF,
    0x00, 0x07, 0xFE, 0x00, 0x0F, 0xBC, 0x00, 0x3E, 0x7C, 0x00, 0x7C, 0xF8, 0x01, 0xF8, 0xFC, 0x07,
    0xE1, 0xFE, 0x3F, 0x81, 0xFF, 0xFF, 0x00, 0xFF, 0xF8, 0x00, 0xFF, 0xC0, 0x00, 0x00, 0x10, 0x00,
    0x00, 0x70, 0x00, 0x01, 0xF0, 0x00, 0x07, 0xF0, 0x00, 0x1F, 0xF0, 0x00, 0x79, 0xF0, 0x00, 0xE1,
    0xE0, 0x01, 0x81, 0x80, 0x00, 0x00, 0x00, 0x00, 0x00, 0x03, 0xE0, 0x00, 0xFF, 0xC0, 0x01, 0xFF,
    0x80, 0x03, 0xFF, 0x00, 0x07, 0xFE, 0x00, 0x0F, 0xFC, 0x00, 0x1F, 0xF8, 0x00, 0x3F, 0xF0, 0x00,
    0x7F, 0xE0, 0x00, 0xFF, 0xC0, 0x01, 0xFF, 0x80, 0x03, 0xFF, 0x00, 0x07, 0xFE, 0x00, 0x0F, 0xFC,
    0x00, 0x1F, 0xF8, 0x00, 0x3F, 0xF0, 0x00, 0x7F, 0xE0, 0x00, 0xFF, 0xC0, 0x01, 0xFF, 0x80, 0x03,
    0xFF, 0x00, 0x07, 0xFE, 0x00, 0x0F, 0xBC, 0x00, 0x3E, 0x7C, 0x00, 0x7C, 0xF8, 0x01, 0xF8, 0xFC,
    0x07, 0xE1, 0xFE, 0x3F, 0x81, 0xFF, 0xFF, 0x00, 0xFF, 0xF8, 0x00, 0xFF, 0xC0, 0x00, 0x07, 0x87,
    0x80, 0x0F, 0x8F, 0x80, 0x1F, 0x1F, 0x00, 0x3E, 0x3E, 0x00, 0x78, 0x78, 0x00, 0x00, 0x00, 0x00,
    0x00, 0x00, 0x00, 0x00, 0x00, 0x00, 0x00, 0x01, 0xF0, 0x00, 0x7F, 0xE0, 0x00, 0xFF, 0xC0, 0x01,
    0xFF, 0x80, 0x03, 0xFF, 0x00, 0x07, 0xFE, 0x00, 0x0F, 0xFC, 0x00, 0x1F, 0xF8, 0x00, 0x3F, 0xF0,
    0x00, 0x7F, 0xE0, 0x00, 0xFF, 0xC0, 0x01, 0xFF, 0x80, 0x03, 0xFF, 0x00, 0x07, 0xFE, 0x00, 0x0F,
    0xFC, 0x00, 0x1F, 0xF8, 0x00, 0x3F, 0xF0, 0x00, 0x7F, 0xE0, 0x00, 0xFF, 0xC0, 0x01, 0xFF, 0x80,
    0x03, 0xFF, 0x00, 0x07, 0xDE, 0x00, 0x1F, 0x3E, 0x00, 0x3E, 0x7C, 0x00, 0xFC, 0x7E, 0x03, 0xF0,
    0xFF, 0x1F, 0xC0, 0xFF, 0xFF, 0x80, 0x7F, 0xFC, 0x00, 0x7F, 0xE0, 0x00, 0x00, 0x03, 0x00, 0x00,
    0x03, 0xE0, 0x00, 0x03, 0xF0, 0x00, 0x01, 0xF0, 0x00, 0x01, 0xF0, 0x00, 0x01, 0xF0, 0x00, 0x00,
    0xF0, 0x00, 0x00, 0x30, 0x00, 0x00, 0x00, 0x00, 0x00, 0x00, 0x00, 0x3F, 0x00, 0x03, 0xEF, 0x80,
    0x03, 0xE7, 0xE0, 0x01, 0xF1, 0xF0, 0x01, 0xF0, 0xFC, 0x01, 0xF8, 0x3E, 0x00, 0xF8, 0x0F, 0x80,
    0xFC, 0x07, 0xE0, 0x7C, 0x01, 0xF0, 0x7C, 0x00, 0xFC, 0x3E, 0x00, 0x3E, 0x3E, 0x00, 0x0F, 0xBF,
    0x00, 0x07, 0xFF, 0x00, 0x01, 0xFF, 0x00, 0x00, 0x7F, 0x80, 0x00, 0x3F, 0x80, 0x00, 0x0F, 0x80,
    0x00, 0x07, 0xC0, 0x00, 0x03, 0xE0, 0x00, 0x01, 0xF0, 0x00, 0x00, 0xF8, 0x00, 0x00, 0x7C, 0x00,
    0x00, 0x3E, 0x00, 0x00, 0x1F, 0x00, 0x00, 0x0F, 0x80, 0x00, 0x07, 0xC0, 0x00, 0x03, 0xE0, 0x00,
    0x01, 0xF0, 0x00, 0x00, 0xF8, 0x00, 0xF8, 0x00, 0x03, 0xE0, 0x00, 0x0F, 0x80, 0x00, 0x3E, 0x00,
    0x00, 0xF8, 0x00, 0x03, 0xFF, 0xF8, 0x0F, 0xFF, 0xF8, 0x3F, 0xFF, 0xF8, 0xF8, 0x3F, 0xF3, 0xE0,
    0x0F, 0xCF, 0x80, 0x1F, 0xBE, 0x00, 0x3E, 0xF8, 0x00, 0xFB, 0xE0, 0x03, 0xEF, 0x80, 0x0F, 0xBE,
    0x00, 0x3E, 0xF8, 0x00, 0xFB, 0xE0, 0x07, 0xEF, 0x80, 0x3F, 0x3E, 0x0F, 0xFC, 0xFF, 0xFF, 0xE3,
    0xFF, 0xFE, 0x0F, 0xFF, 0xE0, 0x3E, 0x00, 0x00, 0xF8, 0x00, 0x03, 0xE0, 0x00, 0x0F, 0x80, 0x00,
    0x3E, 0x00, 0x00, 0xF8, 0x00, 0x00, 0x07, 0xFC, 0x00, 0x7F, 0xFC, 0x03, 0xFF, 0xF8, 0x1F, 0xC7,
    0xF0, 0x7C, 0x07, 0xC1, 0xE0, 0x1F, 0x0F, 0x80, 0x3C, 0x3E, 0x00, 0xF0, 0xF8, 0x07, 0xC3, 0xE0,
    0x3E, 0x0F, 0x81, 0xF8, 0x3E, 0x07, 0xC0, 0xF8, 0x3E, 0x03, 0xE1, 0xF0, 0x0F, 0x8F, 0x80, 0x3E,
    0x3E, 0x00, 0xF8, 0xFC, 0x03, 0xE3, 0xFC, 0x0F, 0x87, 0xFC, 0x3E, 0x0F, 0xF8, 0xF8, 0x1F, 0xF3,
    0xE0, 0x1F, 0xEF, 0x80, 0x1F, 0xBE, 0x00, 0x3F, 0xF8, 0x00, 0x7F, 0xE0, 0x01, 0xFF, 0x80, 0x07,
    0xFE, 0x00, 0x1F, 0xF8, 0xF1, 0xFB, 0xE7, 0xFF, 0xEF, 0x9F, 0xFF, 0x3E, 0x3F, 0xF0, 0x03, 0x00,
    0x01, 0xE0, 0x00, 0x7C, 0x00, 0x0F, 0x80, 0x01, 0xF0, 0x00, 0x3E, 0x00, 0x07, 0x80, 0x00, 0xC0,
    0x00, 0x00, 0x00, 0x00, 0x01, 0xFF, 0xC0, 0x7F, 0xFC, 0x1F, 0xFF, 0x87, 0x8F, 0xE0, 0x00, 0xFC,
    0x00, 0x1F, 0x00, 0x07, 0xC0, 0x00, 0xF0, 0x00, 0x3C, 0x1F, 0xFF, 0x1F, 0xFF, 0xCF, 0xFF, 0xF7,
    0xF8, 0xFD, 0xF0, 0x0F, 0x78, 0x03, 0xFE, 0x00, 0xF7, 0x80, 0x3D, 0xF0, 0x0F, 0x7F, 0x07, 0xCF,
    0xFF, 0xF1, 0xFF, 0xFC, 0x3F, 0xFF, 0x00, 0x0C, 0x00, 0x07, 0x80, 0x03, 0xE0, 0x01, 0xF0, 0x00,
    0xF8, 0x00, 0x7C, 0x00, 0x1E, 0x00, 0x03, 0x00, 0x00, 0x00, 0x00, 0x00, 0x01, 0xFF, 0xC0, 0x7F,
    0xFC, 0x1F, 0xFF, 0x87, 0x8F, 0xE0, 0x00, 0xFC, 0x00, 0x1F, 0x00, 0x07, 0xC0, 0x00, 0xF0, 0x00,
    0x3C, 0x1F, 0xFF, 0x1F, 0xFF, 0xCF, 0xFF, 0xF7, 0xF8, 0xFD, 0xF0, 0x0F, 0x78, 0x03, 0xFE, 0x00,
    0xF7, 0x80, 0x3D, 0xF0, 0x0F, 0x7F, 0x07, 0xCF, 0xFF, 0xF1, 0xFF, 0xFC, 0x3F, 0xFF, 0x00, 0x60,
    0x00, 0x3C, 0x00, 0x1F, 0x80, 0x0F, 0xF0, 0x07, 0xFE, 0x03, 0xE7, 0xC0, 0xF0, 0xF0, 0x18, 0x18,
    0x00, 0x00, 0x00, 0x00, 0x01, 0xFF, 0xC0, 0x7F, 0xFC, 0x1F, 0xFF, 0x87, 0x8F, 0xE0, 0x00, 0xFC,
    0x00, 0x1F, 0x00, 0x07, 0xC0, 0x00, 0xF0, 0x00, 0x3C, 0x1F, 0xFF, 0x1F, 0xFF, 0xCF, 0xFF, 0xF7,
    0xF8, 0xFD, 0xF0, 0x0F, 0x78, 0x03, 0xFE, 0x00, 0xF7, 0x80, 0x3D, 0xF0, 0x0F, 0x7F, 0x07, 0xCF,
    0xFF, 0xF1, 0xFF, 0xFC, 0x3F, 0xFF, 0x07, 0xC3, 0x83, 0xFD, 0xE1, 0xFF, 0xF8, 0x7B, 0xFC, 0x1C,
    0x3E, 0x00, 0x00, 0x00, 0x00, 0x00, 0x00, 0x00, 0x00, 0x00, 0x07, 0xFF, 0x01, 0xFF, 0xF0, 0x7F,
    0xFE, 0x1E, 0x3F, 0x80, 0x03, 0xF0, 0x00, 0x7C, 0x00, 0x1F, 0x00, 0x03, 0xC0, 0x00, 0xF0, 0x7F,
    0xFC, 0x7F, 0xFF, 0x3F, 0xFF, 0xDF, 0xE3, 0xF7, 0xC0, 0x3D, 0xE0, 0x0F, 0xF8, 0x03, 0xDE, 0x00,
    0xF7, 0xC0, 0x3D, 0xFC, 0x1F, 0x3F, 0xFF, 0xC7, 0xFF, 0xF0, 0xFF, 0xFC, 0x0F, 0x0F, 0x07, 0xE7,
    0xE1, 0xF9, 0xF8, 0x7E, 0x7E, 0x0F, 0x0F, 0x00, 0x00, 0x00, 0x00, 0x00, 0x00, 0x00, 0x00, 0x00,
    0x07, 0xFF, 0x01, 0xFF, 0xF0, 0x7F, 0xFE, 0x1E, 0x3F, 0x80, 0x03, 0xF0, 0x00, 0x7C, 0x00, 0x1F,
    0x00, 0x03, 0xC0, 0x00, 0xF0, 0x7F, 0xFC, 0x7F, 0xFF, 0x3F, 0xFF, 0xDF, 0xE3, 0xF7, 0xC0, 0x3D,
    0xE0, 0x0F, 0xF8, 0x03, 0xDE, 0x00, 0xF7, 0xC0, 0x3D, 0xFC, 0x1F, 0x3F, 0xFF, 0xC7, 0xFF, 0xF0,
    0xFF, 0xFC, 0x01, 0xF8, 0x00, 0xFF, 0x00, 0x39, 0xC0, 0x1C, 0x38, 0x07, 0x0E, 0x01, 0xC3, 0x80,
    0x39, 0xC0, 0x0F, 0xF0, 0x01, 0xF8, 0x00, 0x00, 0x00, 0x00, 0x00, 0x7F, 0xF0, 0x1F, 0xFF, 0x07,
    0xFF, 0xE1, 0xE3, 0xF8, 0x00, 0x3F, 0x00, 0x07, 0xC0, 0x01, 0xF0, 0x00, 0x3C, 0x00, 0x0F, 0x07,
    0xFF, 0xC7, 0xFF, 0xF3, 0xFF, 0xFD, 0xFE, 0x3F, 0x7C, 0x03, 0xDE, 0x00, 0xFF, 0x80, 0x3D, 0xE0,
    0x0F, 0x7C, 0x03, 0xDF, 0xC1, 0xF3, 0xFF, 0xFC, 0x7F, 0xFF, 0x0F, 0xFF, 0xC0, 0x1F, 0xFC, 0x0F,
    0xF0, 0x0F, 0xFF, 0x1F, 0xFE, 0x07, 0xFF, 0xDF, 0xFF, 0x83, 0xC7, 0xFF, 0xCF, 0xC0, 0x00, 0xFF,
    0x01, 0xF0, 0x00, 0x3F, 0x80, 0x78, 0x00, 0x1F, 0x80, 0x3E, 0x00, 0x07, 0xC0, 0x1F, 0x00, 0x03,
    0xC0, 0x0F, 0x83, 0xFF, 0xFF, 0xFF, 0xC7, 0xFF, 0xFF, 0xFF, 0xE7, 0xFF, 0xFF, 0xFF, 0xF7, 0xF8,
    0xFC, 0x00, 0x03, 0xE0, 0x1E, 0x00, 0x01, 0xE0, 0x0F, 0x80, 0x01, 0xF0, 0x07, 0xC0, 0x00, 0x78,
    0x03, 0xF0, 0x00, 0x3E, 0x00, 0xFC, 0x00, 0x1F, 0xC3, 0xFF, 0x87, 0x87, 0xFF, 0xFF, 0xFF, 0xC1,
    0xFF, 0xFB, 0xFF, 0xF0, 0x7F, 0xF0, 0x7F, 0xE0, 0x03, 0xFF, 0x07, 0xFF, 0xC7, 0xFF, 0xC7, 0xF9,
    0xE3, 0xE0, 0x03, 0xE0, 0x01, 0xE0, 0x01, 0xF0, 0x00, 0xF8, 0x00, 0x7C, 0x00, 0x3E, 0x00, 0x1F,
    0x00, 0x0F, 0x80, 0x07, 0xC0, 0x03, 0xE0, 0x01, 0xF0, 0x00, 0x7C, 0x00, 0x3F, 0x00, 0x0F, 0xF1,
    0xE3, 0xFF, 0xF0, 0xFF, 0xF8, 0x1F, 0xF8, 0x03, 0xC0, 0x01, 0xE0, 0x00, 0xF8, 0x00, 0x3C, 0x00,
    0x9F, 0x00, 0xFF, 0x00, 0x7F, 0x80, 0x3F, 0x80, 0x03, 0x00, 0x00, 0x78, 0x00, 0x07, 0xC0, 0x00,
    0x3E, 0x00, 0x01, 0xF0, 0x00, 0x0F, 0x80, 0x00, 0x78, 0x00, 0x03, 0x00, 0x00, 0x00, 0x00, 0x00,
    0x00, 0x03, 0xFC, 0x00, 0xFF, 0xF0, 0x1F, 0xFF, 0x83, 0xF9, 0xFC, 0x7E, 0x07, 0xC7, 0xC0, 0x3E,
    0x78, 0x03, 0xEF, 0x80, 0x1E, 0xF8, 0x01, 0xEF, 0xFF, 0xFF, 0xFF, 0xFF, 0xFF, 0xFF, 0xFF, 0xF8,
    0x00, 0x0F, 0x80, 0x00, 0xF8, 0x00, 0x0F, 0x80, 0x00, 0x7C, 0x00, 0x07, 0xE0, 0x00, 0x3F, 0xC3,
    0xC1, 0xFF, 0xFC, 0x0F, 0xFF, 0xC0, 0x3F, 0xF8, 0x00, 0x0C, 0x00, 0x01, 0xE0, 0x00, 0x3E, 0x00,
    0x07, 0xC0, 0x00, 0xF8, 0x00, 0x1F, 0x00, 0x01, 0xE0, 0x00, 0x0C, 0x00, 0x00, 0x00, 0x00, 0x00,
    0x00, 0x03, 0xFC, 0x00, 0xFF, 0xF0, 0x1F, 0xFF, 0x83, 0xF9, 0xFC, 0x7E, 0x07, 0xC7, 0xC0, 0x3E,
    0x78, 0x03, 0xEF, 0x80, 0x1E, 0xF8, 0x01, 0xEF, 0xFF, 0xFF, 0xFF, 0xFF, 0xFF, 0xFF, 0xFF, 0xF8,
    0x00, 0x0F, 0x80, 0x00, 0xF8, 0x00, 0x0F, 0x80, 0x00, 0x7C, 0x00, 0x07, 0xE0, 0x00, 0x3F, 0xC3,
    0xC1, 0xFF, 0xFC, 0x0F, 0xFF, 0xC0, 0x3F, 0xF8, 0x00, 0x60, 0x00, 0x0F, 0x00, 0x01, 0xF8, 0x00,
    0x3F, 0xC0, 0x07, 0xFE, 0x00, 0xF9, 0xF0, 0x0F, 0x0F, 0x00, 0x60, 0x60, 0x00, 0x00, 0x00, 0x00,
    0x00, 0x03, 0xFC, 0x00, 0xFF, 0xF0, 0x1F, 0xFF, 0x83, 0xF9, 0xFC, 0x7E, 0x07, 0xC7, 0xC0, 0x3E,
    0x78, 0x03, 0xEF, 0x80, 0x1E, 0xF8, 0x01, 0xEF, 0xFF, 0xFF, 0xFF, 0xFF, 0xFF, 0xFF, 0xFF, 0xF8,
    0x00, 0x0F, 0x80, 0x00, 0xF8, 0x00, 0x0F, 0x80, 0x00, 0x7C, 0x00, 0x07, 0xE0, 0x00, 0x3F, 0xC3,
    0xC1, 0xFF, 0xFC, 0x0F, 0xFF, 0xC0, 0x3F, 0xF8, 0x0F, 0x0F, 0x01, 0xF9, 0xF8, 0x1F, 0x9F, 0x81,
    0xF9, 0xF8, 0x0F, 0x0F, 0x00, 0x00, 0x00, 0x00, 0x00, 0x00, 0x00, 0x00, 0x00, 0x00, 0x00, 0x3F,
    0xC0, 0x0F, 0xFF, 0x01, 0xFF, 0xF8, 0x3F, 0x9F, 0xC7, 0xE0, 0x7C, 0x7C, 0x03, 0xE7, 0x80, 0x3E,
    0xF8, 0x01, 0xEF, 0x80, 0x1E, 0xFF, 0xFF, 0xFF, 0xFF, 0xFF, 0xFF, 0xFF, 0xFF, 0x80, 0x00, 0xF8,
    0x00, 0x0F, 0x80, 0x00, 0xF8, 0x00, 0x07, 0xC0, 0x00, 0x7E, 0x00, 0x03, 0xFC, 0x3C, 0x1F, 0xFF,
    0xC0, 0xFF, 0xFC, 0x03, 0xFF, 0x80, 0x30, 0x7C, 0x3F, 0x0F, 0x83, 0xE0, 0xF8, 0x3C, 0x0C, 0x00,
    0x00, 0x07, 0xC3, 0xE1, 0xF0, 0xF8, 0x7C, 0x3E, 0x1F, 0x0F, 0x87, 0xC3, 0xE1, 0xF0, 0xF8, 0x7C,
    0x3E, 0x1F, 0x0F, 0x87, 0xC3, 0xE1, 0xF0, 0xF8, 0x7C, 0x3E, 0x06, 0x07, 0x87, 0xC7, 0xC7, 0xC7,
    0xC1, 0xC0, 0x40, 0x00, 0x00, 0x1F, 0x0F, 0x87, 0xC3, 0xE1, 0xF0, 0xF8, 0x7C, 0x3E, 0x1F, 0x0F,
    0x87, 0xC3, 0xE1, 0xF0, 0xF8, 0x7C, 0x3E, 0x1F, 0x0F, 0x87, 0xC3, 0xE1, 0xF0, 0xF8, 0x06, 0x00,
    0x78, 0x03, 0xE0, 0x3F, 0x83, 0xFE, 0x3C, 0xF9, 0xC3, 0xCC, 0x0C, 0x00, 0x00, 0x00, 0x03, 0xE0,
    0x1F, 0x00, 0xF8, 0x07, 0xC0, 0x3E, 0x01, 0xF0, 0x0F, 0x80, 0x7C, 0x03, 0xE0, 0x1F, 0x00, 0xF8,
    0x07, 0xC0, 0x3E, 0x01, 0xF0, 0x0F, 0x80, 0x7C, 0x03, 0xE0, 0x1F, 0x00, 0xF8, 0x07, 0xC0, 0x3E,
    0x01, 0xF0, 0x78, 0x79, 0xF1, 0xF7, 0xC7, 0xDF, 0x1F, 0x78, 0x78, 0x00, 0x00, 0x00, 0x00, 0x00,
    0x00, 0x00, 0x1F, 0x00, 0x7C, 0x01, 0xF0, 0x07, 0xC0, 0x1F, 0x00, 0x7C, 0x01, 0xF0, 0x07, 0xC0,
    0x1F, 0x00, 0x7C, 0x01, 0xF0, 0x07, 0xC0, 0x1F, 0x00, 0x7C, 0x01, 0xF0, 0x07, 0xC0, 0x1F, 0x00,
    0x7C, 0x01, 0xF0, 0x07, 0xC0, 0x1F, 0x00, 0x7C, 0x00, 0x00, 0x38, 0x00, 0x01, 0xF0, 0xE0, 0x0F,
    0xFF, 0xC0, 0x1F, 0xFF, 0x00, 0x7F, 0xF0, 0x03, 0xFF, 0x00, 0x0F, 0xFC, 0x00, 0x38, 0xF8, 0x00,
    0x03, 0xE0, 0x00, 0x07, 0x80, 0x00, 0x1F, 0x01, 0xFF, 0x7C, 0x0F, 0xFF, 0xF0, 0x7F, 0xFF, 0xC3,
    0xF8, 0xFF, 0x9F, 0x80, 0x7E, 0x7C, 0x00, 0xFB, 0xE0, 0x03, 0xEF, 0x80, 0x0F, 0xBE, 0x00, 0x3E,
    0xF8, 0x00, 0xFB, 0xE0, 0x03, 0xCF, 0x80, 0x0F, 0x3E, 0x00, 0x7C, 0xF8, 0x01, 0xF3, 0xE0, 0x07,
    0xC7, 0xC0, 0x3E, 0x1F, 0x81, 0xF8, 0x3F, 0x9F, 0xC0, 0x7F, 0xFE, 0x00, 0xFF, 0xF0, 0x00, 0xFF,
    0x00, 0x0F, 0x87, 0x07, 0xFB, 0xC1, 0xFF, 0xF0, 0xF7, 0xF8, 0x18, 0x7C, 0x00, 0x00, 0x00, 0x00,
    0x00, 0x00, 0x00, 0x00, 0x00, 0x1F, 0xFF, 0x0F, 0xFF, 0xE3, 0xFF, 0xFC, 0xFC, 0x3F, 0xBE, 0x03,
    0xEF, 0x80, 0x7F, 0xE0, 0x1F, 0xF8, 0x03, 0xFE, 0x00, 0xFF, 0x80, 0x3F, 0xE0, 0x0F, 0xF8, 0x03,
    0xFE, 0x00, 0xFF, 0x80, 0x3F, 0xE0, 0x0F, 0xF8, 0x03, 0xFE, 0x00, 0xFF, 0x80, 0x3F, 0xE0, 0x0F,
    0xF8, 0x03, 0xFE, 0x00, 0xFF, 0x80, 0x3C, 0x01, 0x80, 0x00, 0x3E, 0x00, 0x01, 0xF8, 0x00, 0x07,
    0xC0, 0x00, 0x1F, 0x00, 0x00, 0x7C, 0x00, 0x01, 0xE0, 0x00, 0x06, 0x00, 0x00, 0x00, 0x00, 0x00,
    0x00, 0x00, 0xFF, 0x80, 0x1F, 0xFE, 0x01, 0xFF, 0xFC, 0x1F, 0xC7, 0xF1, 0xF8, 0x0F, 0x8F, 0x80,
    0x3E, 0x78, 0x01, 0xF7, 0xC0, 0x07, 0xFE, 0x00, 0x3F, 0xF0, 0x01, 0xFF, 0x80, 0x0F, 0xFC, 0x00,
    0x7F, 0xE0, 0x03, 0xFF, 0x00, 0x1F, 0xF8, 0x00, 0xFB, 0xC0, 0x0F, 0x9F, 0x00, 0x7C, 0xFC, 0x07,
    0xC3, 0xF8, 0xFE, 0x0F, 0xFF, 0xE0, 0x3F, 0xFE, 0x00, 0x7F, 0xC0, 0x00, 0x0C, 0x00, 0x00, 0xF0,
    0x00, 0x0F, 0x80, 0x00, 0xF8, 0x00, 0x0F, 0x80, 0x00, 0x7C, 0x00, 0x03, 0xC0, 0x00, 0x0C, 0x00,
    0x00, 0x00, 0x00, 0x00, 0x00, 0x00, 0xFF, 0x80, 0x1F, 0xFE, 0x01, 0xFF, 0xFC, 0x1F, 0xC7, 0xF1,
    0xF8, 0x0F, 0x8F, 0x80, 0x3E, 0x78, 0x01, 0xF7, 0xC0, 0x07, 0xFE, 0x00, 0x3F, 0xF0, 0x01, 0xFF,
    0x80, 0x0F, 0xFC, 0x00, 0x7F, 0xE0, 0x03, 0xFF, 0x00, 0x1F, 0xF8, 0x00, 0xFB, 0xC0, 0x0F, 0x9F,
    0x00, 0x7C, 0xFC, 0x07, 0xC3, 0xF8, 0xFE, 0x0F, 0xFF, 0xE0, 0x3F, 0xFE, 0x00, 0x7F, 0xC0, 0x00,
    0x60, 0x00, 0x03, 0x80, 0x00, 0x3E, 0x00, 0x03, 0xF8, 0x00, 0x3F, 0xE0, 0x03, 0xCF, 0x80, 0x1C,
    0x3C, 0x00, 0xC0, 0xC0, 0x00, 0x00, 0x00, 0x00, 0x00, 0x00, 0xFF, 0x80, 0x1F, 0xFE, 0x01, 0xFF,
    0xFC, 0x1F, 0xC7, 0xF1, 0xF8, 0x0F, 0x8F, 0x80, 0x3E, 0x78, 0x01, 0xF7, 0xC0, 0x07, 0xFE, 0x00,
    0x3F, 0xF0, 0x01, 0xFF, 0x80, 0x0F, 0xFC, 0x00, 0x7F, 0xE0, 0x03, 0xFF, 0x00, 0x1F, 0xF8, 0x00,
    0xFB, 0xC0, 0x0F, 0x9F, 0x00, 0x7C, 0xFC, 0x07, 0xC3, 0xF8, 0xFE, 0x0F, 0xFF, 0xE0, 0x3F, 0xFE,
    0x00, 0x7F, 0xC0, 0x03, 0xC1, 0x80, 0x7F, 0xBC, 0x03, 0xFF, 0xE0, 0x3D, 0xFE, 0x00, 0xC3, 0xE0,
    0x00, 0x00, 0x00, 0x00, 0x00, 0x00, 0x00, 0x00, 0x00, 0x00, 0x00, 0x1F, 0xF0, 0x03, 0xFF, 0xC0,
    0x3F, 0xFF, 0x83, 0xF8, 0xFE, 0x3F, 0x01, 0xF1, 0xF0, 0x07, 0xCF, 0x00, 0x3E, 0xF8, 0x00, 0xFF,
    0xC0, 0x07, 0xFE, 0x00, 0x3F, 0xF0, 0x01, 0xFF, 0x80, 0x0F, 0xFC, 0x00, 0x7F, 0xE0, 0x03, 0xFF,
    0x00, 0x1F, 0x78, 0x01, 0xF3, 0xE0, 0x0F, 0x9F, 0x80, 0xF8, 0x7F, 0x1F, 0xC1, 0xFF, 0xFC, 0x07,
    0xFF, 0xC0, 0x0F, 0xF8, 0x00, 0x0F, 0x0F, 0x00, 0x7C, 0x7C, 0x03, 0xE3, 0xE0, 0x1F, 0x1F, 0x00,
    0xF0, 0xF0, 0x00, 0x00, 0x00, 0x00, 0x00, 0x00, 0x00, 0x00, 0x00, 0x00, 0x00, 0x1F, 0xF0, 0x03,
    0xFF, 0xC0, 0x3F, 0xFF, 0x83, 0xF8, 0xFE, 0x3F, 0x01, 0xF1, 0xF0, 0x07, 0xCF, 0x00, 0x3E, 0xF8,
    0x00, 0xFF, 0xC0, 0x07, 0xFE, 0x00, 0x3F, 0xF0, 0x01, 0xFF, 0x80, 0x0F, 0xFC, 0x00, 0x7F, 0xE0,
    0x03, 0xFF, 0x00, 0x1F, 0x78, 0x01, 0xF3, 0xE0, 0x0F, 0x9F, 0x80, 0xF8, 0x7F, 0x1F, 0xC1, 0xFF,
    0xFC, 0x07, 0xFF, 0xC0, 0x0F, 0xF8, 0x00, 0x00, 0xF0, 0x00, 0x1F, 0x80, 0x01, 0xF8, 0x00, 0x1F,
    0x80, 0x00, 0xF0, 0x00, 0x00, 0x00, 0x00, 0x00, 0x00, 0x00, 0x00, 0x00, 0x00, 0x0F, 0xFF, 0xFF,
    0xFF, 0xFF, 0xFF, 0xFF, 0xFF, 0x00, 0x00, 0x00, 0x00, 0x00, 0x00, 0x00, 0x00, 0x00, 0x00, 0x00,
    0xF0, 0x00, 0x1F, 0x80, 0x01, 0xF8, 0x00, 0x1F, 0x80, 0x00, 0xF0, 0x00, 0x00, 0x00, 0x60, 0x1F,
    0xF3, 0xC3, 0xFF, 0xFC, 0x3F, 0xFF, 0xE3, 0xF8, 0xFE, 0x3F, 0x03, 0xF1, 0xF0, 0x3F, 0xCF, 0x01,
    0xFE, 0xF8, 0x1E, 0xF7, 0xC1, 0xF7, 0xFE, 0x1F, 0x3F, 0xF0, 0xF1, 0xFF, 0x8F, 0x0F, 0xFC, 0xF0,
    0x7F, 0xEF, 0x83, 0xFF, 0xF8, 0x1F, 0x7F, 0x81, 0xF3, 0xF8, 0x0F, 0x8F, 0xC0, 0xF8, 0x7F, 0x1F,
    0xC7, 0xFF, 0xFC, 0x3F, 0xFF, 0xC3, 0xCF, 0xF8, 0x0C, 0x00, 0x00, 0x06, 0x00, 0x03, 0xC0, 0x00,
    0xF8, 0x00, 0x1F, 0x00, 0x03, 0xE0, 0x00, 0x7C, 0x00, 0x0F, 0x00, 0x01, 0x80, 0x00, 0x00, 0x00,
    0x00, 0x0F, 0x00, 0x7F, 0xC0, 0x1F, 0xF0, 0x07, 0xFC, 0x01, 0xFF, 0x00, 0x7F, 0xC0, 0x1F, 0xF0,
    0x07, 0xFC, 0x01, 0xFF, 0x00, 0x7F, 0xC0, 0x1F, 0xF0, 0x07, 0xFC, 0x01, 0xFF, 0x00, 0x7F, 0xC0,
    0x1F, 0xF8, 0x07, 0xFE, 0x01, 0xFF, 0x80, 0x7D, 0xF0, 0x1F, 0x7F, 0x0F, 0xCF, 0xFF, 0xF1, 0xFF,
    0xFC, 0x1F, 0xFE, 0x00, 0x18, 0x00, 0x0F, 0x00, 0x07, 0xC0, 0x03, 0xE0, 0x01, 0xF0, 0x00, 0xF8,
    0x00, 0x3C, 0x00, 0x06, 0x00, 0x00, 0x00, 0x00, 0x00, 0x0F, 0x00, 0x7F, 0xC0, 0x1F, 0xF0, 0x07,
    0xFC, 0x01, 0xFF, 0x00, 0x7F, 0xC0, 0x1F, 0xF0, 0x07, 0xFC, 0x01, 0xFF, 0x00, 0x7F, 0xC0, 0x1F,
    0xF0, 0x07, 0xFC, 0x01, 0xFF, 0x00, 0x7F, 0xC0, 0x1F, 0xF8, 0x07, 0xFE, 0x01, 0xFF, 0x80, 0x7D,
    0xF0, 0x1F, 0x7F, 0x0F, 0xCF, 0xFF, 0xF1, 0xFF, 0xFC, 0x1F, 0xFE, 0x00, 0xC0, 0x00, 0x78, 0x00,
    0x3F, 0x00, 0x1F, 0xE0, 0x0F, 0xFC, 0x07, 0xCF, 0x81, 0xE1, 0xE0, 0x30, 0x30, 0x00, 0x00, 0x00,
    0x00, 0x0F, 0x00, 0x7F, 0xC0, 0x1F, 0xF0, 0x07, 0xFC, 0x01, 0xFF, 0x00, 0x7F, 0xC0, 0x1F, 0xF0,
    0x07, 0xFC, 0x01, 0xFF, 0x00, 0x7F, 0xC0, 0x1F, 0xF0, 0x07, 0xFC, 0x01, 0xFF, 0x00, 0x7F, 0xC0,
    0x1F, 0xF8, 0x07, 0xFE, 0x01, 0xFF, 0x80, 0x7D, 0xF0, 0x1F, 0x7F, 0x0F, 0xCF, 0xFF, 0xF1, 0xFF,
    0xFC, 0x1F, 0xFE, 0x1E, 0x1E, 0x0F, 0xCF, 0xC3, 0xF3, 0xF0, 0xFC, 0xFC, 0x1E, 0x1E, 0x00, 0x00,
    0x00, 0x00, 0x00, 0x00, 0x00, 0x00, 0x00, 0x3C, 0x01, 0xFF, 0x00, 0x7F, 0xC0, 0x1F, 0xF0, 0x07,
    0xFC, 0x01, 0xFF, 0x00, 0x7F, 0xC0, 0x1F, 0xF0, 0x07, 0xFC, 0x01, 0xFF, 0x00, 0x7F, 0xC0, 0x1F,
    0xF0, 0x07, 0xFC, 0x01, 0xFF, 0x00, 0x7F, 0xE0, 0x1F, 0xF8, 0x07, 0xFE, 0x01, 0xF7, 0xC0, 0x7D,
    0xFC, 0x3F, 0x3F, 0xFF, 0xC7, 0xFF, 0xF0, 0x7F, 0xF8, 0x00, 0x06, 0x00, 0x00, 0x78, 0x00, 0x07,
    0xC0, 0x00, 0x7C, 0x00, 0x07, 0xC0, 0x00, 0x7C, 0x00, 0x03, 0xC0, 0x00, 0x0C, 0x00, 0x00, 0x00,
    0x00, 0x00, 0x00, 0x3E, 0x00, 0x3C, 0xF8, 0x03, 0xE7, 0xC0, 0x1F, 0x3E, 0x00, 0xF8, 0xF0, 0x07,
    0x87, 0xC0, 0x7C, 0x3E, 0x03, 0xE0, 0xF0, 0x1E, 0x07, 0xC0, 0xF0, 0x3E, 0x0F, 0x80, 0xF8, 0x7C,
    0x07, 0xC3, 0xC0, 0x1E, 0x3E, 0x00, 0xF9, 0xF0, 0x07, 0xCF, 0x00, 0x1E, 0xF8, 0x00, 0xFF, 0xC0,
    0x03, 0xFC, 0x00, 0x1F, 0xE0, 0x00, 0x7E, 0x00, 0x03, 0xF0, 0x00, 0x0F, 0x80, 0x00, 0x78, 0x00,
    0x07, 0xC0, 0x00, 0x3C, 0x00, 0x03, 0xE0, 0x0C, 0x7E, 0x00, 0x7F, 0xE0, 0x03, 0xFE, 0x00, 0x1F,
    0xE0, 0x00, 0xF8, 0x00, 0x0F, 0x80, 0x00, 0xF8, 0x00, 0x0F, 0x80, 0x00, 0xF8, 0x00, 0x0F, 0x80,
    0x00, 0xF8, 0x00, 0x0F, 0x80, 0x00, 0xF8, 0x00, 0x0F, 0x80, 0x00, 0xFF, 0xF8, 0x0F, 0xFF, 0xE0,
    0xFF, 0xFF, 0x8F, 0xE3, 0xFC, 0xF8, 0x0F, 0xCF, 0x80, 0x7E, 0xF8, 0x03, 0xEF, 0x80, 0x1E, 0xF8,
    0x01, 0xFF, 0x80, 0x1F, 0xF8, 0x01, 0xFF, 0x80, 0x1F, 0xF8, 0x01, 0xFF, 0x80, 0x1F, 0xF8, 0x01,
    0xFF, 0x80, 0x3E, 0xF8, 0x03, 0xEF, 0x80, 0x7C, 0xFF, 0x1F, 0xCF, 0xFF, 0xF8, 0xFF, 0xFF, 0x0F,
    0xFF, 0xC0, 0xF8, 0x00, 0x0F, 0x80, 0x00, 0xF8, 0x00, 0x0F, 0x80, 0x00, 0xF8, 0x00, 0x0F, 0x80,
    0x00, 0xF8, 0x00, 0x0F, 0x80, 0x00, 0x07, 0x87, 0x80, 0x7E, 0x7E, 0x03, 0xF3, 0xF0, 0x1F, 0x9F,
    0x80, 0x78, 0x78, 0x00, 0x00, 0x00, 0x00, 0x00, 0x00, 0x00, 0x00, 0x00, 0x00, 0x07, 0xC0, 0x07,
    0x9F, 0x00, 0x7C, 0xF8, 0x03, 0xE7, 0xC0, 0x1F, 0x1E, 0x00, 0xF0, 0xF8, 0x0F, 0x87, 0xC0, 0x7C,
    0x1E, 0x03, 0xC0, 0xF8, 0x1E, 0x07, 0xC1, 0xF0, 0x1F, 0x0F, 0x80, 0xF8, 0x78, 0x03, 0xC7, 0xC0,
    0x1F, 0x3E, 0x00, 0xF9, 0xE0, 0x03, 0xDF, 0x00, 0x1F, 0xF8, 0x00, 0x7F, 0x80, 0x03, 0xFC, 0x00,
    0x0F, 0xC0, 0x00, 0x7E, 0x00, 0x01, 0xF0, 0x00, 0x0F, 0x00, 0x00, 0xF8, 0x00, 0x07, 0x80, 0x00,
    0x7C, 0x01, 0x8F, 0xC0, 0x0F, 0xFC, 0x00, 0x7F, 0xC0, 0x03, 0xFC, 0x00, 0x00, 0x00, 0x3F, 0xFF,
    0xFF, 0xF8, 0x01, 0xFF, 0xFF, 0xFF, 0xF0, 0x0F, 0xFF, 0xFF, 0xFF, 0xE0, 0x3F, 0xF0, 0x78, 0x00,
    0x00, 0xFE, 0x00, 0xF0, 0x00, 0x03, 0xF0, 0x01, 0xE0, 0x00, 0x0F, 0xC0, 0x03, 0xC0, 0x00, 0x1F,
    0x00, 0x07, 0x80, 0x00, 0x7E, 0x00, 0x0F, 0x00, 0x00, 0xF8, 0x00, 0x1E, 0x00, 0x01, 0xF0, 0x00,
    0x3C, 0x00, 0x07, 0xC0, 0x00, 0x78, 0x00, 0x0F, 0x80, 0x00, 0xFF, 0xFF, 0x1F, 0x00, 0x01, 0xFF,
    0xFE, 0x3E, 0x00, 0x03, 0xFF, 0xFC, 0x7C, 0x00, 0x07, 0x80, 0x00, 0xF8, 0x00, 0x0F, 0x00, 0x01,
    0xF0, 0x00, 0x1E, 0x00, 0x01, 0xF0, 0x00, 0x3C, 0x00, 0x03, 0xE0, 0x00, 0x78, 0x00, 0x07, 0xE0,
    0x00, 0xF0, 0x00, 0x07, 0xC0, 0x01, 0xE0, 0x00, 0x0F, 0xC0, 0x03, 0xC0, 0x00, 0x0F, 0xC0, 0x07,
    0x80, 0x00, 0x0F, 0xE0, 0x0F, 0x00, 0x00, 0x0F, 0xFC, 0x1E, 0x00, 0x00, 0x0F, 0xFF, 0xFF, 0xFF,
    0xF8, 0x07, 0xFF, 0xFF, 0xFF, 0xF0, 0x03, 0xFF, 0xFF, 0xFF, 0xE0, 0x03, 0xFC, 0x01, 0xFE, 0x00,
    0xFF, 0xF0, 0x7F, 0xF0, 0x1F, 0xFF, 0x8F, 0xFF, 0x83, 0xF8, 0xFD, 0xF8, 0xFC, 0x7E, 0x03, 0xFE,
    0x03, 0xE7, 0xC0, 0x1F, 0xC0, 0x3E, 0x78, 0x01, 0xFC, 0x01, 0xEF, 0x80, 0x0F, 0x80, 0x1F, 0xF8,
    0x00, 0xF8, 0x01, 0xFF, 0x80, 0x0F, 0xFF, 0xFF, 0xF8, 0x00, 0xFF, 0xFF, 0xFF, 0x80, 0x0F, 0xFF,
    0xFF, 0xF8, 0x00, 0xF8, 0x00, 0x0F, 0x80, 0x0F, 0x80, 0x00, 0xF8, 0x00, 0xF8, 0x00, 0x07, 0x80,
    0x1F, 0xC0, 0x00, 0x7C, 0x01, 0xFC, 0x00, 0x07, 0xE0, 0x3F, 0xE0, 0x00, 0x3F, 0x8F, 0xDF, 0xE7,
    0xC1, 0xFF, 0xF8, 0xFF, 0xFC, 0x0F, 0xFF, 0x07, 0xFF, 0xC0, 0x3F, 0xE0, 0x1F, 0xF8, 0x03, 0x03,
    0x00, 0x3C, 0x38, 0x01, 0xF3, 0xC0, 0x07, 0xFC, 0x00, 0x1F, 0xC0, 0x00, 0x7C, 0x00, 0x01, 0xC0,
    0x00, 0x06, 0x00, 0x00, 0x00, 0x00, 0x00, 0x00, 0x00, 0x00, 0x00, 0x07, 0xFF, 0x00, 0xFF, 0xFE,
    0x0F, 0xFF, 0xF0, 0xFF, 0x1F, 0x0F, 0xC0, 0x08, 0x7C, 0x00, 0x03, 0xE0, 0x00, 0x1F, 0x00, 0x00,
    0xF8, 0x00, 0x07, 0xE0, 0x00, 0x3F, 0x80, 0x00, 0xFF, 0x00, 0x03, 0xFF, 0x00, 0x0F, 0xFE, 0x00,
    0x3F, 0xFC, 0x00, 0x3F, 0xF0, 0x00, 0x7F, 0xC0, 0x00, 0x7F, 0x00, 0x01, 0xF8, 0x00, 0x07, 0xC0,
    0x00, 0x3E, 0x00, 0x01, 0xF0, 0x00, 0x0F, 0x80, 0x00, 0x7C, 0xC0, 0x07, 0xE7, 0xE1, 0xFE, 0x7F,
    0xFF, 0xE1, 0xFF, 0xFE, 0x03, 0xFF, 0xC0, 0x18, 0x18, 0x0E, 0x1E, 0x07, 0x9F, 0x01, 0xFF, 0x00,
    0x7F, 0x00, 0x1F, 0x00, 0x0F, 0x00, 0x03, 0x00, 0x00, 0x00, 0x00, 0x00, 0x00, 0x00, 0x00, 0xFF,
    0xC1, 0xFF, 0xE1, 0xFF, 0xF1, 0xFC, 0x78, 0xF8, 0x00, 0x78, 0x00, 0x3C, 0x00, 0x1F, 0x00, 0x0F,
    0xE0, 0x07, 0xFE, 0x01, 0xFF, 0xE0, 0x7F, 0xF8, 0x07, 0xFE, 0x00, 0x7F, 0x00, 0x0F, 0x80, 0x03,
    0xC0, 0x01, 0xE0, 0x01, 0xF3, 0xC3, 0xF9, 0xFF, 0xF9, 0xFF, 0xF8, 0x3F, 0xF8, 0x00, 0x01, 0xE1,
    0xC0, 0x01, 0xF1, 0xF0, 0x00, 0xF8, 0xF8, 0x00, 0x7C, 0x7C, 0x00, 0x1E, 0x1E, 0x00, 0x00, 0x00,
    0x00, 0x00, 0x00, 0x00, 0x00, 0x00, 0x00, 0x00, 0x00, 0x00, 0x7E, 0x00, 0x07, 0xDF, 0x00, 0x07,
    0xCF, 0xC0, 0x03, 0xE3, 0xE0, 0x03, 0xE1, 0xF8, 0x03, 0xF0, 0x7C, 0x01, 0xF0, 0x1F, 0x01, 0xF8,
    0x0F, 0xC0, 0xF8, 0x03, 0xE0, 0xF8, 0x01, 0xF8, 0x7C, 0x00, 0x7C, 0x7C, 0x00, 0x1F, 0x7E, 0x00,
    0x0F, 0xFE, 0x00, 0x03, 0xFE, 0x00, 0x00, 0xFF, 0x00, 0x00, 0x7F, 0x00, 0x00, 0x1F, 0x00, 0x00,
    0x0F, 0x80, 0x00, 0x07, 0xC0, 0x00, 0x03, 0xE0, 0x00, 0x01, 0xF0, 0x00, 0x00, 0xF8, 0x00, 0x00,
    0x7C, 0x00, 0x00, 0x3E, 0x00, 0x00, 0x1F, 0x00, 0x00, 0x0F, 0x80, 0x00, 0x07, 0xC0, 0x00, 0x03,
    0xE0, 0x00, 0x01, 0xF0, 0x00, 0x03, 0x03, 0x00, 0x1E, 0x1E, 0x00, 0x3C, 0xF8, 0x00, 0x7F, 0xC0,
    0x00, 0xFE, 0x00, 0x03, 0xF0, 0x00, 0x07, 0x80, 0x00, 0x0C, 0x00, 0x00, 0x00, 0x00, 0x00, 0x00,
    0x00, 0x00, 0x00, 0x1F, 0xFF, 0xFE, 0x7F, 0xFF, 0xF9, 0xFF, 0xFF, 0xE0, 0x00, 0x1F, 0x80, 0x00,
    0x7C, 0x00, 0x03, 0xF0, 0x00, 0x1F, 0x80, 0x00, 0xFC, 0x00, 0x03, 0xE0, 0x00, 0x1F, 0x00, 0x00,
    0xFC, 0x00, 0x07, 0xE0, 0x00, 0x1F, 0x00, 0x00, 0xFC, 0x00, 0x07, 0xE0, 0x00, 0x1F, 0x00, 0x00,
    0xF8, 0x00, 0x07, 0xE0, 0x00, 0x1F, 0x00, 0x00, 0xF8, 0x00, 0x07, 0xE0, 0x00, 0x1F, 0x00, 0x00,
    0xFC, 0x00, 0x03, 0xE0, 0x00, 0x1F, 0x00, 0x00, 0x7C, 0x00, 0x03, 0xFF, 0xFF, 0xFF, 0xFF, 0xFF,
    0xFF, 0xFF, 0xFF, 0x0C, 0x0C, 0x07, 0x87, 0x81, 0xF3, 0xC0, 0x3F, 0xE0, 0x07, 0xF0, 0x00, 0xFC,
    0x00, 0x1E, 0x00, 0x03, 0x00, 0x00, 0x00, 0x00, 0x00, 0x00, 0x00, 0x01, 0xFF, 0xFE, 0x7F, 0xFF,
    0x9F, 0xFF, 0xE0, 0x01, 0xF8, 0x00, 0xFC, 0x00, 0x3E, 0x00, 0x1F, 0x00, 0x0F, 0xC0, 0x07, 0xE0,
    0x01, 0xF0, 0x00, 0xF8, 0x00, 0x7E, 0x00, 0x1F, 0x00, 0x0F, 0x80, 0x07, 0xC0, 0x01, 0xF0, 0x00,
    0xF8, 0x00, 0x7C, 0x00, 0x1F, 0x00, 0x0F, 0xFF, 0xFF, 0xFF, 0xFF, 0xFF, 0xFF, 0xC0, 0x00, 0x3F,
    0xF0, 0x07, 0xFF, 0x00, 0xFF, 0xF0, 0x1F, 0xC6, 0x01, 0xF0, 0x00, 0x3E, 0x00, 0x03, 0xE0, 0x00,
    0x3E, 0x00, 0x03, 0xE0, 0x00, 0x3E, 0x00, 0x03, 0xFF, 0xE0, 0x3F, 0xFE, 0x03, 0xFF, 0xE0, 0x3E,
    0x00, 0x03, 0xE0, 0x00, 0x3E, 0x00, 0x03, 0xE0, 0x00, 0x3E, 0x00, 0x03, 0xE0, 0x00, 0x3E, 0x00,
    0x03, 0xE0, 0x00, 0x3E, 0x00, 0x03, 0xE0, 0x00, 0x3E, 0x00, 0x03, 0xE0, 0x00, 0x3E, 0x00, 0x03,
    0xE0, 0x00, 0x3E, 0x00, 0x03, 0xE0, 0x00, 0x3E, 0x00, 0x03, 0xE0, 0x00, 0x3E, 0x00, 0x03, 0xE0,
    0x00, 0x3E, 0x00, 0x03, 0xC0, 0x00, 0x7C, 0x00, 0x0F, 0xC0, 0x0F, 0xF8, 0x00, 0xFF, 0x00, 0x0F,
    0xE0, 0x00, 0x06, 0x00, 0xF0, 0x1F, 0x83, 0xFC, 0x7F, 0xEF, 0x9F, 0xF0, 0xF6, 0x06, 0x1F, 0x0E,
    0x7F, 0xBD, 0xFF, 0xF3, 0xDF, 0xE7, 0x0F, 0x80, 0x1F, 0x83, 0xFC, 0x7F, 0xEF, 0x9E, 0xF0, 0xFE,
    0x0F, 0x7F, 0xFF, 0xFD, 0xFF, 0xFF, 0xF7, 0xFF, 0xFF, 0xC0, 0x7F, 0xFF, 0xFF, 0xFF, 0xFF, 0xEF,
    0xFF, 0xFF, 0xFF, 0xFF, 0xFD, 0xFF, 0xFF, 0xFF, 0xFF, 0xFF, 0x80, 0x7F, 0xFF, 0xFF, 0xFF, 0xFF,
    0xEF, 0xFF, 0xFF, 0xFF, 0xFF, 0xFD, 0xFF, 0xFF, 0xFF, 0xFF, 0xFF, 0x80, 0x1C, 0x7C, 0xF3, 0xE7,
    0xCF, 0x3E, 0x7C, 0xF9, 0xF0, 0x3E, 0x7C, 0xF9, 0xE3, 0xCF, 0x9F, 0x3C, 0x79, 0xF1, 0xC0, 0x3E,
    0x7C, 0xF9, 0xE7, 0xCF, 0x9F, 0x3C, 0xF8, 0xE0, 0x1C, 0x3C, 0x7C, 0x78, 0xF1, 0xF3, 0xE3, 0xE7,
    0xC7, 0x8F, 0x1F, 0x3E, 0x3E, 0x7C, 0x7C, 0xF8, 0xF9, 0xF1, 0xF0, 0x3E, 0x7C, 0xF9, 0xF3, 0xE7,
    0xCF, 0x1F, 0x3C, 0x7D, 0xF1, 0xF7, 0xC7, 0x9E, 0x1E, 0x78, 0xFB, 0xE3, 0xC7, 0x0F, 0x00, 0x3E,
    0x7C, 0xF9, 0xF3, 0xE7, 0xCF, 0x1F, 0x7C, 0x7D, 0xF1, 0xF7, 0xC7, 0x9E, 0x3E, 0xF8, 0xF1, 0xC3,
    0xC0, 0x01, 0xE0, 0x00, 0x78, 0x00, 0x1E, 0x00, 0x07, 0x80, 0x01, 0xE0, 0x00, 0x78, 0x00, 0x1E,
    0x00, 0x07, 0x80, 0x01, 0xE0, 0x3F, 0xFF, 0xFF, 0xFF, 0xFF, 0xFF, 0xFF, 0x01, 0xE0, 0x00, 0x78,
    0x00, 0x1E, 0x00, 0x07, 0x80, 0x01, 0xE0, 0x00, 0x78, 0x00, 0x1E, 0x00, 0x07, 0x80, 0x01, 0xE0,
    0x00, 0x78, 0x00, 0x1E, 0x00, 0x07, 0x80, 0x01, 0xE0, 0x00, 0x78, 0x00, 0x1E, 0x00, 0x07, 0x80,
    0x01, 0xE0, 0x00, 0x78, 0x00, 0x1E, 0x00, 0x07, 0x80, 0x01, 0xE0, 0x00, 0x30, 0x00, 0x0C, 0x00,
    0x01, 0xE0, 0x00, 0x78, 0x00, 0x1E, 0x00, 0x07, 0x80, 0x01, 0xE0, 0x00, 0x78, 0x00, 0x1E, 0x00,
    0x07, 0x80, 0x01, 0xE0, 0x3F, 0xFF, 0xFF, 0xFF, 0xFF, 0xFF, 0xFF, 0x01, 0xE0, 0x00, 0x78, 0x00,
    0x1E, 0x00, 0x07, 0x80, 0x01, 0xE0, 0x00, 0x78, 0x00, 0x1E, 0x00, 0x07, 0x80, 0xFF, 0xFF, 0xFF,
    0xFF, 0xFF, 0xFF, 0xFC, 0x07, 0x80, 0x01, 0xE0, 0x00, 0x78, 0x00, 0x1E, 0x00, 0x07, 0x80, 0x01,
    0xE0, 0x00, 0x78, 0x00, 0x1E, 0x00, 0x07, 0x80, 0x01, 0xE0, 0x00, 0x30, 0x00, 0x0C, 0x00, 0x1F,
    0x8F, 0xF9, 0xFF, 0xFF, 0xFF, 0xFF, 0xFF, 0xFF, 0xFF, 0xFF, 0x7F, 0xEF, 0xF8, 0x7E, 0x00, 0x78,
    0x01, 0xE0, 0x07, 0xBF, 0x00, 0xFC, 0x03, 0xFF, 0xC0, 0x3F, 0x00, 0xFF, 0xF0, 0x0F, 0xC0, 0x3F,
    0xFC, 0x03, 0xF0, 0x0F, 0xDE, 0x00, 0x78, 0x01, 0xE0, 0x1F, 0xC0, 0x03, 0xC0, 0x00, 0x00, 0x3F,
    0xE0, 0x07, 0xC0, 0x00, 0x00, 0x7F, 0xF0, 0x0F, 0x80, 0x00, 0x00, 0x7C, 0xF8, 0x0F, 0x80, 0x00,
    0x00, 0xF8, 0x78, 0x1F, 0x00, 0x00, 0x00, 0xF0, 0x7C, 0x1E, 0x00, 0x00, 0x00, 0xF0, 0x3C, 0x3E,
    0x00, 0x00, 0x00, 0xF0, 0x3C, 0x3C, 0x00, 0x00, 0x00, 0xF0, 0x3C, 0x7C, 0x00, 0x00, 0x00, 0xF0,
    0x3C, 0x78, 0x00, 0x00, 0x00, 0xF0, 0x7C, 0xF8, 0x00, 0x00, 0x00, 0xF8, 0x79, 0xF0, 0x00, 0x00,
    0x00, 0x7C, 0xF9, 0xE0, 0x00, 0x00, 0x00, 0x7F, 0xF3, 0xE3, 0xF8, 0x07, 0xF0, 0x3F, 0xE3, 0xC7,
    0xFC, 0x0F, 0xF8, 0x1F, 0xC7, 0xCF, 0xFE, 0x1F, 0xFC, 0x00, 0x07, 0x9F, 0x3E, 0x1F, 0x3E, 0x00,
    0x0F, 0x9E, 0x1F, 0x3E, 0x1E, 0x00, 0x1F, 0x3E, 0x0F, 0x3C, 0x1F, 0x00, 0x1F, 0x3C, 0x0F, 0x3C,
    0x0F, 0x00, 0x3E, 0x3C, 0x0F, 0x3C, 0x0F, 0x00, 0x3C, 0x3C, 0x0F, 0x3C, 0x0F, 0x00, 0x7C, 0x3C,
    0x0F, 0x3C, 0x0F, 0x00, 0x78, 0x3E, 0x0F, 0x3C, 0x1F, 0x00, 0xF8, 0x1E, 0x1F, 0x3E, 0x1E, 0x01,
    0xF0, 0x1F, 0x3E, 0x1F, 0x3E, 0x01, 0xF0, 0x0F, 0xFE, 0x1F, 0xFC, 0x03, 0xE0, 0x07, 0xFC, 0x0F,
    0xF8, 0x03, 0xC0, 0x03, 0xF8, 0x07, 0xF0, 0x03, 0x01, 0xF0, 0x78, 0x3E, 0x1F, 0x07, 0xC3, 0xE1,
    0xF0, 0x7C, 0x3E, 0x07, 0xC1, 0xF0, 0x3E, 0x07, 0xC1, 0xF0, 0x3E, 0x07, 0x81, 0xF0, 0x30, 0x30,
    0x1E, 0x07, 0xC1, 0xF0, 0x3E, 0x07, 0xC1, 0xF0, 0x3E, 0x0F, 0xC1, 0xF0, 0xFC, 0x3E, 0x1F, 0x07,
    0xC3, 0xE1, 0xF0, 0x7C, 0x1E, 0x03, 0x00, 0x00, 0x00, 0x78, 0x00, 0x03, 0xE0, 0x00, 0x0F, 0x00,
    0x00, 0x78, 0x00, 0x03, 0xE0, 0x00, 0x0F, 0x00, 0x00, 0x7C, 0x00, 0x01, 0xE0, 0x00, 0x0F, 0x80,
    0x00, 0x3C, 0x00, 0x01, 0xF0, 0x00, 0x0F, 0x80, 0x00, 0x3C, 0x00, 0x01, 0xF0, 0x00, 0x07, 0x80,
    0x00, 0x3E, 0x00, 0x00, 0xF0, 0x00, 0x07, 0xC0, 0x00, 0x1E, 0x00, 0x00, 0xF0, 0x00, 0x07, 0xC0,
    0x00, 0x1E, 0x00, 0x00, 0xF8, 0x00, 0x03, 0xC0, 0x00, 0x1F, 0x00, 0x00, 0x78, 0x00, 0x03, 0xC0,
    0x00, 0x1F, 0x00, 0x00, 0x78, 0x00, 0x00, 0x1F, 0xC1, 0xFF, 0x1F, 0xFC, 0xFB, 0xEF, 0x07, 0xF8,
    0x3F, 0xC1, 0xFE, 0x0F, 0xF0, 0x7F, 0x83, 0xFC, 0x1F, 0xE0, 0xF7, 0xDF, 0x3F, 0xF8, 0xFF, 0x83,
    0xF8, 0x01, 0xE0, 0x0F, 0x80, 0x7E, 0x03, 0xF8, 0x1E, 0xE0, 0x73, 0x83, 0x8E, 0x1E, 0x38, 0xF0,
    0xE3, 0xFF, 0xEF, 0xFF, 0xBF, 0xFE, 0x00, 0xE0, 0x03, 0x80, 0x0E, 0x00, 0x38, 0x3F, 0xF1, 0xFF,
    0x8F, 0xFC, 0x70, 0x03, 0x80, 0x1F, 0xC0, 0xFF, 0x87, 0xFE, 0x07, 0xF0, 0x07, 0xC0, 0x1E, 0x00,
    0xF7, 0x1F, 0x3F, 0xFB, 0xFF, 0x8F, 0xF8, 0x03, 0xF0, 0x7F, 0x87, 0xFC, 0x7F, 0x87, 0xC0, 0x3F,
    0xF1, 0xFF, 0xDF, 0xFE, 0xF8, 0xFF, 0x83, 0xFC, 0x1F, 0xE0, 0xF7, 0xCF, 0xBF, 0xF8, 0xFF, 0xC3,
    0xF8, 0xFF, 0xFF, 0xFF, 0xFF, 0xFE, 0x01, 0xE0, 0x1E, 0x00, 0xF0, 0x0F, 0x00, 0xF0, 0x07, 0x80,
    0x78, 0x03, 0xC0, 0x1E, 0x01, 0xE0, 0x0F, 0x00, 0x78, 0x03, 0xC0, 0x1F, 0xC1, 0xFF, 0x1F, 0xFC,
    0xF1, 0xEF, 0x07, 0xBC, 0x39, 0xFF, 0xC7, 0xFC, 0x3F, 0xF3, 0xDF, 0xFC, 0x1F, 0xE0, 0xFF, 0x8F,
    0xFF, 0xFD, 0xFF, 0xC7, 0xFC, 0x1F, 0xC3, 0xFF, 0x1F, 0xFD, 0xF3, 0xEF, 0x07, 0xF8, 0x3F, 0xE3,
    0xFF, 0xFF, 0x7F, 0xF9, 0xFF, 0xC0, 0x3C, 0x03, 0xE3, 0xFE, 0x3F, 0xE1, 0xFE, 0x0F, 0xC0, 0x1F,
    0xC1, 0xFF, 0x1F, 0xFC, 0xFB, 0xEF, 0x07, 0xF8, 0x3F, 0xC1, 0xFE, 0x0F, 0xF0, 0x7F, 0x83, 0xFC,
    0x1F, 0xE0, 0xF7, 0xDF, 0x3F, 0xF8, 0xFF, 0x83, 0xF8, 0x07, 0x1F, 0xFF, 0xFF, 0xFF, 0xE7, 0x07,
    0x07, 0x07, 0x07, 0x07, 0x07, 0x07, 0x07, 0x07, 0x07, 0x3F, 0xC3, 0xFF, 0x3F, 0xF8, 0xF3, 0xE6,
    0x0F, 0x00, 0x78, 0x07, 0x80, 0x78, 0x07, 0x80, 0x78, 0x07, 0x80, 0x78, 0x07, 0x80, 0x3F, 0xF9,
    0xFF, 0xCF, 0xFE, 0x3F, 0xC7, 0xFF, 0x1F, 0xF8, 0xE3, 0xC0, 0x0E, 0x01, 0xF0, 0x7F, 0x03, 0xF8,
    0x1F, 0xE0, 0x1F, 0x80, 0x3C, 0x01, 0xE7, 0x1F, 0x7F, 0xFB, 0xFF, 0x8F, 0xF8, 0x01, 0xE0, 0x0F,
    0x80, 0x7E, 0x03, 0xF8, 0x1E, 0xE0, 0x73, 0x83, 0x8E, 0x1E, 0x38, 0xF0, 0xE3, 0xFF, 0xEF, 0xFF,
    0xBF, 0xFE, 0x00, 0xE0, 0x03, 0x80, 0x0E, 0x00, 0x38, 0x3F, 0xF1, 0xFF, 0x8F, 0xFC, 0x70, 0x03,
    0x80, 0x1F, 0xC0, 0xFF, 0x87, 0xFE, 0x07, 0xF0, 0x07, 0xC0, 0x1E, 0x00, 0xF7, 0x1F, 0x3F, 0xFB,
    0xFF, 0x8F, 0xF8, 0x03, 0xF0, 0x7F, 0x87, 0xFC, 0x7F, 0x87, 0xC0, 0x3F, 0xF1, 0xFF, 0xDF, 0xFE,
    0xF8, 0xFF, 0x83, 0xFC, 0x1F, 0xE0, 0xF7, 0xCF, 0xBF, 0xF8, 0xFF, 0xC3, 0xF8, 0xFF, 0xFF, 0xFF,
    0xFF, 0xFE, 0x01, 0xE0, 0x1E, 0x00, 0xF0, 0x0F, 0x00, 0xF0, 0x07, 0x80, 0x78, 0x03, 0xC0, 0x1E,
    0x01, 0xE0, 0x0F, 0x00, 0x78, 0x03, 0xC0, 0x1F, 0xC1, 0xFF, 0x1F, 0xFC, 0xF1, 0xEF, 0x07, 0xBC,
    0x39, 0xFF, 0xC7, 0xFC, 0x3F, 0xF3, 0xDF, 0xFC, 0x1F, 0xE0, 0xFF, 0x8F, 0xFF, 0xFD, 0xFF, 0xC7,
    0xFC, 0x1F, 0xC3, 0xFF, 0x1F, 0xFD, 0xF3, 0xEF, 0x07, 0xF8, 0x3F, 0xE3, 0xFF, 0xFF, 0x7F, 0xF9,
    0xFF, 0xC0, 0x3C, 0x03, 0xE3, 0xFE, 0x3F, 0xE1, 0xFE, 0x0F, 0xC0, 0x00, 0x1F, 0xF8, 0x00, 0xFF,
    0xF8, 0x03, 0xFF, 0xE0, 0x0F, 0xE3, 0xC0, 0x3F, 0x00, 0x00, 0x7C, 0x00, 0x01, 0xF0, 0x00, 0x03,
    0xE0, 0x00, 0x07, 0x80, 0x00, 0xFF, 0xFF, 0xC1, 0xFF, 0xFF, 0x83, 0xFF, 0xFE, 0x00, 0xF8, 0x00,
    0x01, 0xF0, 0x00, 0x03, 0xE0, 0x00, 0x07, 0xC0, 0x00, 0x7F, 0xFF, 0x80, 0xFF, 0xFF, 0x01, 0xFF,
    0xFE, 0x00, 0x7C, 0x00, 0x00, 0x78, 0x00, 0x00, 0xF8, 0x00, 0x01, 0xF0, 0x00, 0x01, 0xF0, 0x00,
    0x03, 0xF0, 0x00, 0x03, 0xFC, 0x78, 0x03, 0xFF, 0xF0, 0x03, 0xFF, 0xE0, 0x01, 0xFF, 0x80, 0xFF,
    0xFF, 0xFB, 0xFF, 0xFF, 0xEF, 0xFF, 0xFF, 0x80, 0x1E, 0x00, 0x00, 0x78, 0x00, 0x01, 0xE0, 0x00,
    0x07, 0x80, 0x00, 0x1E, 0x10, 0x00, 0x79, 0xC0, 0x01, 0xFF, 0x80, 0x07, 0xFE, 0x00, 0x3F, 0xE0,
    0x03, 0xFE, 0x00, 0x3F, 0xE0, 0x01, 0xFF, 0x80, 0x07, 0xDE, 0x10, 0x1C, 0x79, 0xC0, 0x01, 0xFF,
    0x80, 0x07, 0xFE, 0x00, 0x3F, 0xE0, 0x03, 0xFE, 0x00, 0x3F, 0xE0, 0x01, 0xFF, 0x80, 0x07, 0xDE,
    0x00, 0x1C, 0x78, 0x00, 0x01, 0xE0, 0x00, 0x07, 0x80, 0x00, 0x1E, 0x00, 0x00, 0x78, 0x00, 0x07,
    0xFE, 0x00, 0x7F, 0xFE, 0x00, 0xFF, 0xFC, 0x03, 0xC7, 0xF8, 0x00, 0x03, 0xE0, 0x00, 0x07, 0x80,
    0x00, 0x1F, 0x00, 0x00, 0x7C, 0x00, 0x01, 0xE3, 0xFF, 0xFF, 0xEF, 0xFF, 0xFF, 0xBF, 0xFF, 0xFE,
    0x00, 0x3F, 0x80, 0x01, 0xFC, 0x00, 0x1F, 0xE0, 0x00, 0xFE, 0x00, 0x0F, 0xF0, 0x03, 0xFF, 0xFF,
    0xEF, 0xFF, 0xFF, 0xBF, 0xFF, 0xFE, 0x3E, 0x00, 0x00, 0xF8, 0x00, 0x03, 0xE0, 0x00, 0x0F, 0x80,
    0x00, 0x3F, 0x00, 0x20, 0x7F, 0x0F, 0xC1, 0xFF, 0xFF, 0x03, 0xFF, 0xFC, 0x03, 0xFF, 0xC0, 0xFF,
    0xFF, 0xFB, 0xFF, 0xFF, 0xEF, 0xFF, 0xFF, 0x80, 0x1F, 0xC0, 0x00, 0x1F, 0x00, 0x00, 0x3E, 0x00,
    0x00, 0xF8, 0x3F, 0xFF, 0xFC, 0xFF, 0xFF, 0xF3, 0xFF, 0xFF, 0xC0, 0x00, 0xF8, 0x00, 0x03, 0xE0,
    0x00, 0x3F, 0x00, 0x0F, 0xF8, 0x0F, 0xFF, 0xC0, 0x3F, 0xFE, 0x00, 0xFF, 0xE0, 0x01, 0xF8, 0x00,
    0x03, 0xF0, 0x00, 0x07, 0xE0, 0x00, 0x0F, 0x80, 0x00, 0x1F, 0x00, 0x00, 0x3E, 0x00, 0x00, 0xFC,
    0x00, 0x01, 0xF8, 0x00, 0x03, 0xF0, 0x00, 0x07, 0xC0, 0x00, 0x0F, 0x80, 0x00, 0x3F, 0x00, 0x00,
    0xFE, 0x00, 0x7F, 0xC0, 0x3F, 0xF8, 0x1F, 0xBE, 0x07, 0xC7, 0x81, 0xE0, 0xE0, 0xF8, 0x38, 0x3E,
    0x0E, 0x0F, 0x83, 0x83, 0xE1, 0xE0, 0xF8, 0x78, 0x3E, 0x1E, 0x0F, 0x8F, 0x03, 0xE3, 0xC0, 0xF9,
    0xE0, 0x3E, 0xF8, 0x0F, 0xBC, 0x03, 0xFE, 0x00, 0xFF, 0x00, 0x3F, 0x80, 0x0F, 0xC0, 0x07, 0xE0,
    0x03, 0xF8, 0x03, 0xFE, 0x00, 0xFF, 0x80, 0x1B, 0xE0, 0x00, 0xF8, 0x00, 0x1F, 0x02, 0x07, 0xE3,
    0x81, 0xFF, 0xF0, 0x3F, 0xFC, 0x03, 0xFC, 0xF8, 0x00, 0x1E, 0x01, 0xFC, 0x1F, 0x80, 0x03, 0xC0,
    0xFF, 0xE3, 0xF8, 0x00, 0x78, 0x3F, 0xFE, 0x7F, 0x00, 0x0F, 0x07, 0xC7, 0xCF, 0xF0, 0x01, 0xE1,
    0xF0, 0x7D, 0xFF, 0x00, 0x3C, 0x3C, 0x07, 0xBF, 0xF0, 0x07, 0x87, 0x80, 0xF7, 0xFE, 0x00, 0xF0,
    0xF0, 0x0E, 0xFF, 0xE0, 0x1E, 0x1C, 0x01, 0xDF, 0x7E, 0x03, 0xC3, 0xC0, 0x7B, 0xE7, 0xC0, 0x78,
    0x78, 0x0F, 0x7C, 0x7C, 0x0F, 0x0F, 0x83, 0xEF, 0x8F, 0xC1, 0xE0, 0xF8, 0xF9, 0xF0, 0xF8, 0x3C,
    0x1F, 0xFF, 0x3E, 0x0F, 0x87, 0x81, 0xFF, 0xC7, 0xC1, 0xF8, 0xF0, 0x0F, 0xE0, 0xF8, 0x1F, 0x1E,
    0x00, 0x00, 0x1F, 0x01, 0xF3, 0xC0, 0x00, 0x03, 0xE0, 0x3F, 0x78, 0x00, 0x00, 0x7C, 0x03, 0xEF,
    0x00, 0x00, 0x0F, 0x80, 0x3F, 0xE1, 0xFF, 0xFD, 0xF0, 0x07, 0xFC, 0x3F, 0xFF, 0xBE, 0x00, 0x7F,
    0x87, 0xFF, 0xF7, 0xC0, 0x0F, 0xF0, 0x00, 0x00, 0xF8, 0x00, 0xFE, 0x00, 0x00, 0x1F, 0x00, 0x0F,
    0xC0, 0x00, 0x03, 0xE0, 0x01, 0xF8, 0x00, 0x00, 0x7C, 0x00, 0x1F, 0x00, 0x00, 0x0F, 0x80, 0x01,
    0xE0, 0x00, 0x00, 0x7F, 0xFB, 0xC0, 0x79, 0xFF, 0xEF, 0x01, 0xE7, 0xFF, 0xBE, 0x0F, 0x81, 0xE0,
    0xF8, 0x3E, 0x07, 0x83, 0xF1, 0xFC, 0x1E, 0x1F, 0xC7, 0xF0, 0x78, 0x7F, 0xBF, 0xC1, 0xE1, 0xEF,
    0xEF, 0x07, 0x87, 0xBF, 0xBC, 0x1E, 0x1E, 0x7C, 0xF0, 0x78, 0x79, 0xF3, 0xC1, 0xE1, 0xE3, 0x8F,
    0x07, 0x87, 0x80, 0x3C, 0x1E, 0x1E, 0x00, 0xF0, 0x00, 0x7F, 0xF0, 0x00, 0x0F, 0xFF, 0xE0, 0x00,
    0xFF, 0xFF, 0x80, 0x0F, 0xF1, 0xFE, 0x00, 0xFC, 0x01, 0xF8, 0x0F, 0xC0, 0x07, 0xE0, 0xFC, 0x00,
    0x1F, 0x87, 0xC0, 0x00, 0x7C, 0x7E, 0x00, 0x03, 0xF3, 0xE0, 0x00, 0x0F, 0x9F, 0x00, 0x00, 0x7C,
    0xF8, 0x00, 0x03, 0xE7, 0xC0, 0x00, 0x1F, 0x3E, 0x00, 0x00, 0xF9, 0xF0, 0x00, 0x07, 0xCF, 0x80,
    0x00, 0x3E, 0x7C, 0x00, 0x01, 0xF3, 0xE0, 0x00, 0x0F, 0x9F, 0x00, 0x00, 0x7C, 0x7C, 0x00, 0x07,
    0xC3, 0xE0, 0x00, 0x3E, 0x1F, 0x00, 0x03, 0xF0, 0x7C, 0x00, 0x1F, 0x01, 0xF0, 0x01, 0xF0, 0x0F,
    0xC0, 0x1F, 0x80, 0x3F, 0x01, 0xF8, 0x3F, 0xFC, 0x1F, 0xFF, 0xFF, 0xE0, 0xFF, 0xFF, 0xFF, 0x07,
    0xFF, 0x80, 0x00, 0x0F, 0xFE, 0x00, 0x00, 0x07, 0xFF, 0xF0, 0x00, 0x03, 0xFF, 0xFF, 0x80, 0x00,
    0xFF, 0x8F, 0xF8, 0x00, 0x7F, 0x00, 0x1F, 0xC0, 0x1F, 0x80, 0x00, 0xF8, 0x03, 0xE0, 0x00, 0x0F,
    0x80, 0xF8, 0x00, 0x00, 0x78, 0x3E, 0x00, 0x00, 0x0F, 0x87, 0xC0, 0x00, 0x01, 0xF1, 0xF8, 0x00,
    0x00, 0x3F, 0x3F, 0x00, 0x00, 0x07, 0xE7, 0xE0, 0x00, 0x00, 0xFC, 0xFC, 0x00, 0x00, 0x1F, 0xBF,
    0xFF, 0xFF, 0xFF, 0xFF, 0xFF, 0xFF, 0xFF, 0xFF, 0xFF, 0xFF, 0xFF, 0xFF, 0xFF, 0xC0, 0x00, 0x00,
    0x01, 0xF8, 0x00, 0x00, 0x00, 0x3F, 0x00, 0x00, 0x00, 0x07, 0xE0, 0x00, 0x00, 0x00, 0xFC, 0x00,
    0x00, 0x00, 0x0F, 0x80, 0x00, 0x00, 0x01, 0xF0, 0x00, 0x00, 0x00, 0x1F, 0x00, 0x00, 0x1E, 0x01,
    0xF0, 0x00, 0x07, 0x80, 0x3F, 0x00, 0x01, 0xE0, 0x03, 0xF8, 0x00, 0xFC, 0x00, 0x1F, 0xF1, 0xFF,
    0x00, 0x01, 0xFF, 0xFF, 0x80, 0x00, 0x0F, 0xFF, 0xE0, 0x00, 0x00, 0x7F, 0xE0, 0x00, 0x07, 0x00,
    0x07, 0xC0, 0x0F, 0x80, 0x03, 0xC0, 0x3F, 0xC0, 0x03, 0xC0, 0x1F, 0xE0, 0x03, 0xE0, 0x0F, 0xF0,
    0x01, 0xE0, 0x07, 0x38, 0x01, 0xF0, 0x00, 0x1C, 0x00, 0xF0, 0x00, 0x0E, 0x00, 0xF8, 0x00, 0x07,
    0x00, 0x78, 0x00, 0x03, 0x80, 0x78, 0x00, 0x01, 0xC0, 0x7C, 0x00, 0x00, 0xE0, 0x3C, 0x00, 0x00,
    0x70, 0x3E, 0x00, 0x00, 0x38, 0x1E, 0x1F, 0xE0, 0x1C, 0x1F, 0x1F, 0xF8, 0x0E, 0x0F, 0x0F, 0xFE,
    0x00, 0x0F, 0x03, 0x9F, 0x00, 0x0F, 0x80, 0x07, 0x80, 0x07, 0x80, 0x07, 0xC0, 0x07, 0xC0, 0x1F,
    0xC0, 0x03, 0xC0, 0x0F, 0xE0, 0x03, 0xE0, 0x07, 0xF8, 0x01, 0xE0, 0x00, 0x7E, 0x01, 0xF0, 0x00,
    0x0F, 0x01, 0xF0, 0x00, 0x07, 0x80, 0xF0, 0x03, 0x8F, 0xC0, 0xF8, 0x01, 0xFF, 0xC0, 0x78, 0x00,
    0xFF, 0xE0, 0x7C, 0x00, 0x7F, 0xC0, 0x3F, 0xC0, 0x01, 0xE0, 0x1F, 0xF8, 0x00, 0xF8, 0x0F, 0xFE,
    0x00, 0x3C, 0x01, 0xE7, 0xC0, 0x1F, 0x00, 0x60, 0xF0, 0x07, 0x80, 0x00, 0x3C, 0x03, 0xE0, 0x00,
    0x1E, 0x00, 0xF0, 0x00, 0x0F, 0x00, 0x78, 0x00, 0x07, 0x80, 0x3E, 0x00, 0x03, 0xC0, 0x0F, 0x00,
    0x01, 0xE0, 0x07, 0xC0, 0x00, 0xF0, 0x01, 0xE0, 0x00, 0x78, 0x00, 0xF8, 0x00, 0x1F, 0xFC, 0x3C,
    0x7F, 0x87, 0xFF, 0x1F, 0x3F, 0xF1, 0xFF, 0xCF, 0x8F, 0xFE, 0x00, 0x03, 0xC1, 0xCF, 0x80, 0x01,
    0xF0, 0x01, 0xE0, 0x00, 0x78, 0x00, 0xF8, 0x00, 0x3E, 0x01, 0xFC, 0x00, 0x0F, 0x00, 0x7F, 0x00,
    0x07, 0xC0, 0x1F, 0xE0, 0x01, 0xE0, 0x00, 0xFC, 0x00, 0xF0, 0x00, 0x0F, 0x00, 0x7C, 0x00, 0x03,
    0xC0, 0x1E, 0x00, 0xE3, 0xF0, 0x0F, 0x80, 0x3F, 0xF8, 0x03, 0xC0, 0x0F, 0xFE, 0x01, 0xF0, 0x03,
    0xFE, 0x00, 0x07, 0x00, 0x07, 0xC0, 0x0F, 0x80, 0x03, 0xC0, 0x3F, 0xC0, 0x03, 0xC0, 0x1F, 0xE0,
    0x03, 0xE0, 0x0F, 0xF0, 0x01, 0xE0, 0x07, 0x38, 0x01, 0xF0, 0x00, 0x1C, 0x00, 0xF0, 0x00, 0x0E,
    0x00, 0xF8, 0x00, 0x07, 0x00, 0x78, 0x00, 0x03, 0x80, 0x78, 0x00, 0x01, 0xC0, 0x7C, 0x00, 0x00,
    0xE0, 0x3C, 0x00, 0x00, 0x70, 0x3E, 0x00, 0x00, 0x38, 0x1E, 0x0F, 0xFC, 0x1C, 0x1F, 0x07, 0xFE,
    0x0E, 0x0F, 0x03, 0xFF, 0x00, 0x0F, 0x01, 0xC0, 0x00, 0x0F, 0x80, 0xE0, 0x00, 0x07, 0x80, 0xFF,
    0x00, 0x07, 0xC0, 0x7F, 0xE0, 0x03, 0xC0, 0x3F, 0xF0, 0x03, 0xE0, 0x03, 0xFC, 0x01, 0xE0, 0x00,
    0x1E, 0x01, 0xF0, 0x00, 0x07, 0x01, 0xF0, 0x00, 0x07, 0x80, 0xF0, 0x03, 0xC7, 0xC0, 0xF8, 0x01,
    0xFF, 0xE0, 0x78, 0x00, 0xFF, 0xE0, 0x7C, 0x00, 0x3F, 0xC0, 0x3F, 0xC0, 0x00, 0xF0, 0x1F, 0xF8,
    0x00, 0x78, 0x0F, 0xFE, 0x00, 0x3E, 0x01, 0xE7, 0xC0, 0x0F, 0x00, 0x60, 0xF0, 0x07, 0xC0, 0x00,
    0x3C, 0x01, 0xE0, 0x00, 0x1E, 0x00, 0xF8, 0x00, 0x0F, 0x00, 0x3C, 0x00, 0x07, 0x80, 0x1F, 0x00,
    0x03, 0xC0, 0x0F, 0x80, 0x01, 0xE0, 0x03, 0xC0, 0x00, 0xF0, 0x01, 0xF0, 0x00, 0x78, 0x00, 0x78,
    0x00, 0x1F, 0xFC, 0x3E, 0x3F, 0xF7, 0xFF, 0x0F, 0x0F, 0xFD, 0xFF, 0xC7, 0xC3, 0xFF, 0x00, 0x01,
    0xE0, 0xE0, 0x00, 0x00, 0xF0, 0x38, 0x00, 0x00, 0x7C, 0x1F, 0xE0, 0x00, 0x1E, 0x07, 0xFE, 0x00,
    0x0F, 0x81, 0xFF, 0x80, 0x03, 0xC0, 0x0F, 0xF0, 0x01, 0xF0, 0x00, 0x3C, 0x00, 0x78, 0x00, 0x07,
    0x00, 0x3C, 0x00, 0x03, 0xC0, 0x1F, 0x00, 0xF1, 0xF0, 0x07, 0x80, 0x3F, 0xFC, 0x03, 0xE0, 0x0F,
    0xFE, 0x00, 0xF0, 0x01, 0xFE, 0x00, 0x3F, 0xC0, 0x01, 0xE0, 0x3F, 0xF8, 0x00, 0xF8, 0x07, 0xFE,
    0x00, 0x3C, 0x01, 0xC7, 0x80, 0x1F, 0x00, 0x00, 0xE0, 0x07, 0x80, 0x00, 0xF8, 0x03, 0xE0, 0x01,
    0xFC, 0x00, 0xF0, 0x00, 0x7F, 0x00, 0x78, 0x00, 0x1F, 0xE0, 0x3E, 0x00, 0x00, 0xFC, 0x0F, 0x00,
    0x00, 0x0F, 0x07, 0xC0, 0x00, 0x03, 0xC1, 0xE0, 0x00, 0x71, 0xF0, 0xF8, 0x00, 0x3F, 0xFC, 0x3C,
    0x3F, 0xFF, 0xFE, 0x1F, 0x0F, 0xFD, 0xFF, 0x0F, 0x83, 0xFF, 0x00, 0x03, 0xC0, 0xE0, 0x00, 0x01,
    0xF0, 0x38, 0x00, 0x00, 0x78, 0x1F, 0xE0, 0x00, 0x3E, 0x07, 0xFE, 0x00, 0x0F, 0x01, 0xFF, 0x80,
    0x07, 0xC0, 0x0F, 0xF0, 0x01, 0xE0, 0x00, 0x3C, 0x00, 0xF0, 0x00, 0x07, 0x00, 0x7C, 0x00, 0x03,
    0xC0, 0x1E, 0x00, 0xF1, 0xF0, 0x0F, 0x80, 0x3F, 0xFC, 0x03, 0xC0, 0x0F, 0xFE, 0x01, 0xF0, 0x01,
    0xFE, 0x00, 0x01, 0xE0, 0x01, 0xF0, 0x00, 0xF8, 0x00, 0x78, 0x00, 0x7E, 0x00, 0x3E, 0x00, 0x3F,
    0x80, 0x0F, 0x00, 0x1E, 0xE0, 0x07, 0xC0, 0x07, 0x38, 0x01, 0xE0, 0x03, 0x8E, 0x00, 0xF0, 0x01,
    0xE3, 0x80, 0x7C, 0x00, 0xF0, 0xE0, 0x1E, 0x00, 0x3F, 0xFE, 0x0F, 0x80, 0x0F, 0xFF, 0x83, 0xC0,
    0x03, 0xFF, 0xE1, 0xF0, 0x00, 0x00, 0xE0, 0x78, 0x00, 0x00, 0x38, 0x3C, 0x3F, 0xF0, 0x0E, 0x1F,
    0x0F, 0xFC, 0x03, 0x87, 0x83, 0xFF, 0x00, 0x03, 0xE0, 0xE0, 0x00, 0x00, 0xF0, 0x38, 0x00, 0x00,
    0x7C, 0x1F, 0xE0, 0x00, 0x1E, 0x07, 0xFE, 0x00, 0x0F, 0x81, 0xFF, 0x80, 0x07, 0xC0, 0x0F, 0xF0,
    0x01, 0xE0, 0x00, 0x3C, 0x00, 0xF8, 0x00, 0x07, 0x00, 0x3C, 0x00, 0x03, 0xC0, 0x1F, 0x00, 0xF1,
    0xF0, 0x07, 0x80, 0x3F, 0xFC, 0x03, 0xE0, 0x0F, 0xFE, 0x00, 0xF0, 0x01, 0xFE, 0x00, 0x07, 0x00,
    0x03, 0xC0, 0x07, 0xC0, 0x01, 0xF0, 0x0F, 0xF0, 0x00, 0x78, 0x03, 0xFC, 0x00, 0x3E, 0x00, 0xFF,
    0x00, 0x0F, 0x00, 0x39, 0xC0, 0x07, 0xC0, 0x00, 0x70, 0x01, 0xE0, 0x00, 0x1C, 0x00, 0xF0, 0x00,
    0x07, 0x00, 0x7C, 0x00, 0x01, 0xC0, 0x1E, 0x00, 0x00, 0x70, 0x0F, 0x80, 0x00, 0x1C, 0x03, 0xC0,
    0x00, 0x07, 0x01, 0xF0, 0x00, 0x01, 0xC0, 0x78, 0x07, 0xC0, 0x70, 0x3E, 0x07, 0xF8, 0x1C, 0x1F,
    0x03, 0xFE, 0x00, 0x07, 0x81, 0xFE, 0x00, 0x03, 0xE0, 0xF0, 0x00, 0x00, 0xF0, 0x3F, 0xE0, 0x00,
    0x7C, 0x1F, 0xFC, 0x00, 0x1E, 0x07, 0xFF, 0x80, 0x0F, 0x81, 0xF3, 0xF0, 0x03, 0xC0, 0x78, 0x3C,
    0x01, 0xE0, 0x1E, 0x0F, 0x00, 0xF8, 0x07, 0x83, 0xC0, 0x3C, 0x01, 0xF3, 0xE0, 0x1F, 0x00, 0x3F,
    0xF8, 0x07, 0x80, 0x07, 0xFC, 0x03, 0xE0, 0x00, 0xFE, 0x00, 0x3F, 0xF0, 0x01, 0xF0, 0x07, 0xFE,
    0x00, 0x3C, 0x00, 0xFF, 0xC0, 0x0F, 0x80, 0x1C, 0x00, 0x01, 0xE0, 0x03, 0x80, 0x00, 0x7C, 0x00,
    0x7F, 0x00, 0x0F, 0x00, 0x0F, 0xF8, 0x03, 0xC0, 0x01, 0xFF, 0x80, 0xF8, 0x00, 0x07, 0xF0, 0x1E,
    0x00, 0x00, 0x1F, 0x07, 0xC0, 0x00, 0x01, 0xE0, 0xF0, 0x00, 0x00, 0x3C, 0x3E, 0x00, 0x07, 0x1F,
    0x07, 0x80, 0x00, 0xFF, 0xE1, 0xF0, 0x1F, 0x3F, 0xF8, 0x7C, 0x0F, 0xF3, 0xFE, 0x0F, 0x03, 0xFE,
    0x00, 0x03, 0xE0, 0xFF, 0x00, 0x00, 0x78, 0x3C, 0x00, 0x00, 0x1F, 0x07, 0xFC, 0x00, 0x03, 0xC1,
    0xFF, 0xC0, 0x00, 0xF8, 0x3F, 0xFC, 0x00, 0x1E, 0x07, 0xCF, 0xC0, 0x07, 0x80, 0xF0, 0x78, 0x01,
    0xF0, 0x1E, 0x0F, 0x00, 0x3C, 0x03, 0xC1, 0xE0, 0x0F, 0x80, 0x7C, 0xF8, 0x01, 0xE0, 0x07, 0xFF,
    0x00, 0x7C, 0x00, 0x7F, 0xC0, 0x0F, 0x00, 0x07, 0xF0, 0x07, 0x00, 0x07, 0xC0, 0x07, 0xC0, 0x01,
    0xE0, 0x0F, 0xF0, 0x00, 0xF0, 0x03, 0xFC, 0x00, 0x7C, 0x00, 0xFF, 0x00, 0x1E, 0x00, 0x39, 0xC0,
    0x0F, 0x80, 0x00, 0x70, 0x03, 0xC0, 0x00, 0x1C, 0x01, 0xF0, 0x00, 0x07, 0x00, 0x78, 0x00, 0x01,
    0xC0, 0x3C, 0x00, 0x00, 0x70, 0x1F, 0x00, 0x00, 0x1C, 0x07, 0x80, 0x00, 0x07, 0x03, 0xE0, 0x00,
    0x01, 0xC0, 0xF0, 0x3F, 0x80, 0x70, 0x7C, 0x3F, 0xF0, 0x1C, 0x1E, 0x0F, 0xFE, 0x00, 0x0F, 0x07,
    0xCF, 0x80, 0x07, 0xC1, 0xE1, 0xE0, 0x01, 0xE0, 0x78, 0x78, 0x00, 0xF8, 0x0F, 0xFC, 0x00, 0x3C,
    0x03, 0xFF, 0x00, 0x1F, 0x00, 0xFF, 0xC0, 0x07, 0x80, 0x79, 0xF8, 0x03, 0xE0, 0x1C, 0x0F, 0x01,
    0xF0, 0x07, 0x03, 0xC0, 0x78, 0x01, 0xF3, 0xF0, 0x3E, 0x00, 0x7F, 0xF8, 0x0F, 0x00, 0x0F, 0xFC,
    0x07, 0xC0, 0x01, 0xFE, 0x00, 0x3F, 0xC0, 0x01, 0xE0, 0x1F, 0xFC, 0x00, 0x7C, 0x01, 0xFF, 0x80,
    0x0F, 0x00, 0x38, 0xF0, 0x03, 0xE0, 0x00, 0x0E, 0x00, 0x78, 0x00, 0x07, 0xC0, 0x1F, 0x00, 0x07,
    0xF0, 0x03, 0xC0, 0x00, 0xFE, 0x00, 0xF0, 0x00, 0x1F, 0xE0, 0x3E, 0x00, 0x00, 0x7E, 0x07, 0x80,
    0x00, 0x03, 0xC1, 0xF0, 0x00, 0x00, 0x78, 0x3C, 0x00, 0x07, 0x1F, 0x0F, 0x80, 0x01, 0xFF, 0xE1,
    0xE0, 0xFE, 0x3F, 0xF8, 0x7C, 0x7F, 0xE3, 0xFE, 0x1F, 0x0F, 0xFE, 0x00, 0x03, 0xC3, 0xE7, 0xC0,
    0x00, 0xF8, 0x78, 0x78, 0x00, 0x1E, 0x0F, 0x0F, 0x00, 0x07, 0xC0, 0xFF, 0xC0, 0x00, 0xF0, 0x1F,
    0xF8, 0x00, 0x3E, 0x03, 0xFF, 0x00, 0x07, 0x80, 0xF3, 0xF0, 0x01, 0xE0, 0x1C, 0x0F, 0x00, 0x7C,
    0x03, 0x81, 0xE0, 0x0F, 0x00, 0x7C, 0xFC, 0x03, 0xE0, 0x0F, 0xFF, 0x00, 0x78, 0x00, 0xFF, 0xC0,
    0x1F, 0x00, 0x0F, 0xF0, 0x3F, 0xF0, 0x01, 0xE0, 0x07, 0xFE, 0x00, 0x7C, 0x00, 0xFF, 0xC0, 0x0F,
    0x00, 0x1C, 0x00, 0x03, 0xE0, 0x03, 0x80, 0x00, 0x78, 0x00, 0x7F, 0x00, 0x1F, 0x00, 0x0F, 0xF8,
    0x03, 0xC0, 0x01, 0xFF, 0x80, 0xF0, 0x00, 0x07, 0xF0, 0x3E, 0x00, 0x00, 0x1F, 0x07, 0x80, 0x00,
    0x01, 0xE1, 0xF0, 0x00, 0x00, 0x3C, 0x3C, 0x00, 0x07, 0x1F, 0x0F, 0x80, 0x00, 0xFF, 0xE1, 0xE0,
    0xFE, 0x3F, 0xF8, 0x7C, 0x7F, 0xE3, 0xFE, 0x1F, 0x0F, 0xFE, 0x00, 0x03, 0xC3, 0xE7, 0xC0, 0x00,
    0xF8, 0x78, 0x78, 0x00, 0x1E, 0x0F, 0x0F, 0x00, 0x07, 0xC0, 0xFF, 0xC0, 0x00, 0xF0, 0x1F, 0xF8,
    0x00, 0x3E, 0x03, 0xFF, 0x00, 0x07, 0x80, 0xF3, 0xF0, 0x01, 0xE0, 0x1C, 0x0F, 0x00, 0x7C, 0x03,
    0x81, 0xE0, 0x0F, 0x00, 0x7C, 0xFC, 0x03, 0xE0, 0x0F, 0xFF, 0x00, 0x78, 0x00, 0xFF, 0xC0, 0x1F,
    0x00, 0x0F, 0xF0, 0xFF, 0xF8, 0x07, 0xC0, 0x1F, 0xFF, 0x00, 0xF0, 0x03, 0xFF, 0xE0, 0x3E, 0x00,
    0x00, 0x78, 0x07, 0x80, 0x00, 0x1E, 0x01, 0xE0, 0x00, 0x03, 0xC0, 0x7C, 0x00, 0x00, 0xF0, 0x0F,
    0x00, 0x00, 0x3C, 0x03, 0xE0, 0x00, 0x07, 0x80, 0x78, 0x00, 0x01, 0xE0, 0x1F, 0x00, 0x00, 0x3C,
    0x03, 0xC0, 0x00, 0x07, 0x80, 0xF0, 0x00, 0x01, 0xE0, 0x3E, 0x00, 0x00, 0x3C, 0x07, 0x80, 0xFE,
    0x07, 0x81, 0xF0, 0x7F, 0xE0, 0xF0, 0x3C, 0x0F, 0xFE, 0x00, 0x0F, 0x83, 0xE7, 0xC0, 0x01, 0xE0,
    0x78, 0x78, 0x00, 0x7C, 0x0F, 0x0F, 0x00, 0x1F, 0x00, 0xFF, 0xC0, 0x03, 0xC0, 0x1F, 0xF8, 0x00,
    0xF8, 0x03, 0xFF, 0x00, 0x1E, 0x00, 0xF3, 0xF0, 0x07, 0xC0, 0x1C, 0x0F, 0x00, 0xF0, 0x03, 0x81,
    0xE0, 0x3E, 0x00, 0x7C, 0xFC, 0x07, 0x80, 0x0F, 0xFF, 0x01, 0xE0, 0x00, 0xFF, 0xC0, 0x7C, 0x00,
    0x0F, 0xF0, 0x1F, 0xFC, 0x00, 0x7F, 0xFC, 0x01, 0xFF, 0xF8, 0x07, 0x8F, 0xF0, 0x00, 0x07, 0xE0,
    0x00, 0x0F, 0xC0, 0x00, 0x1F, 0x00, 0x00, 0x3E, 0x00, 0x00, 0xF8, 0x00, 0x03, 0xE0, 0x00, 0x07,
    0x80, 0x7F, 0xDE, 0x07, 0xFF, 0xFC, 0x3F, 0xFF, 0xF1, 0xFE, 0x7F, 0xCF, 0xC0, 0x3F, 0x3E, 0x00,
    0x7D, 0xF0, 0x01, 0xF7, 0xC0, 0x07, 0xDE, 0x00, 0x1E, 0x78, 0x00, 0x7B, 0xE0, 0x03, 0xEF, 0x80,
    0x0F, 0xBE, 0x00, 0x3E, 0xF8, 0x01, 0xF1, 0xE0, 0x07, 0xC7, 0xC0, 0x3E, 0x1F, 0x81, 0xF8, 0x3F,
    0x9F, 0xC0, 0x7F, 0xFE, 0x00, 0xFF, 0xF0, 0x00, 0xFF, 0x00, 0x00, 0x1F, 0x00, 0x00, 0x03, 0xF0,
    0x00, 0x00, 0xFE, 0x00, 0x00, 0x1F, 0xE0, 0x00, 0x07, 0xFC, 0x00, 0x00, 0xFF, 0x80, 0x00, 0x3E,
    0xF8, 0x00, 0x07, 0xDF, 0x00, 0x00, 0xF1, 0xF0, 0x00, 0x3E, 0x3E, 0x00, 0x07, 0xC3, 0xE0, 0x01,
    0xF0, 0x7C, 0x00, 0x3E, 0x0F, 0x80, 0x0F, 0x80, 0xF8, 0x01, 0xF0, 0x1F, 0x00, 0x3E, 0x01, 0xF0,
    0x0F, 0x80, 0x3E, 0x01, 0xF0, 0x07, 0xC0, 0x3C, 0x00, 0x7C, 0x0F, 0x80, 0x0F, 0x81, 0xF0, 0x01,
    0xF8, 0x7C, 0x00, 0x1F, 0x0F, 0x80, 0x03, 0xE1, 0xF0, 0x00, 0x7E, 0x7C, 0x00, 0x07, 0xCF, 0x80,
    0x00, 0xF9, 0xFF, 0xFF, 0xFF, 0xFF, 0xFF, 0xFF, 0xFF, 0xFF, 0xFF, 0xFE, 0xFF, 0xFF, 0xFF, 0xFF,
    0xFF, 0xFF, 0xFF, 0xFF, 0xFF, 0xC0, 0x01, 0xFF, 0x80, 0x03, 0xFF, 0x00, 0x07, 0xFE, 0x00, 0x0F,
    0xFC, 0x00, 0x1F, 0xF8, 0x00, 0x3F, 0xF0, 0x00, 0x7F, 0xE0, 0x00, 0xFF, 0xC0, 0x01, 0xFF, 0x80,
    0x03, 0xFF, 0x00, 0x07, 0xFE, 0x00, 0x0F, 0xFC, 0x00, 0x1F, 0xF8, 0x00, 0x3F, 0xF0, 0x00, 0x7F,
    0xE0, 0x00, 0xFF, 0xC0, 0x01, 0xFF, 0x80, 0x03, 0xFF, 0x00, 0x07, 0xFE, 0x00, 0x0F, 0xFC, 0x00,
    0x1F, 0xF8, 0x00, 0x3F, 0xF0, 0x00, 0x7F, 0xE0, 0x00, 0xFF, 0xC0, 0x01, 0xFF, 0x80, 0x03, 0xFF,
    0x00, 0x07, 0xFE, 0x00, 0x0F, 0xFC, 0x00, 0x1F, 0xF8, 0x00, 0x3E, 0x7F, 0xFF, 0xFB, 0xFF, 0xFF,
    0xDF, 0xFF, 0xFE, 0xFC, 0x00, 0x03, 0xE0, 0x00, 0x0F, 0x80, 0x00, 0x7E, 0x00, 0x01, 0xF0, 0x00,
    0x07, 0xC0, 0x00, 0x3F, 0x00, 0x00, 0xF8, 0x00, 0x03, 0xE0, 0x00, 0x1F, 0x80, 0x00, 0x7C, 0x00,
    0x01, 0xF0, 0x00, 0x0F, 0xC0, 0x00, 0x3E, 0x00, 0x03, 0xF0, 0x00, 0x1F, 0x00, 0x01, 0xF0, 0x00,
    0x1F, 0x80, 0x00, 0xF8, 0x00, 0x0F, 0x80, 0x00, 0xFC, 0x00, 0x07, 0xC0, 0x00, 0x7C, 0x00, 0x07,
    0xE0, 0x00, 0x3E, 0x00, 0x03, 0xE0, 0x00, 0x1F, 0x00, 0x01, 0xF0, 0x00, 0x0F, 0xFF, 0xFF, 0xFF,
    0xFF, 0xFF, 0xFF, 0xFF, 0xC0, 0xFF, 0xFF, 0xFF, 0xFF, 0xFF, 0xFF, 0xFF, 0xF0, 0x00, 0x00, 0x78,
    0x00, 0x03, 0xE0, 0x00, 0x0F, 0x00, 0x00, 0x78, 0x00, 0x03, 0xE0, 0x00, 0x0F, 0x00, 0x00, 0x7C,
    0x00, 0x01, 0xE0, 0x00, 0x0F, 0x80, 0x00, 0x3C, 0x00, 0x01, 0xF0, 0x00, 0x0F, 0x80, 0x00, 0x3C,
    0x00, 0x01, 0xF0, 0x00, 0x07, 0x80, 0x00, 0x3E, 0x00, 0x00, 0xF0, 0x00, 0x07, 0xC0, 0x00, 0x1E,
    0x00, 0x00, 0xF0, 0x00, 0x07, 0xC0, 0x00, 0x1E, 0x00, 0x00, 0xF8, 0x00, 0x03, 0xC0, 0x00, 0x1F,
    0x00, 0x00, 0x78, 0x00, 0x03, 0xC0, 0x00, 0x1F, 0x00, 0x00, 0x78, 0x00, 0x00, 0x7B, 0xFF, 0xFF,
    0xFD, 0xE0, 0x00, 0x00, 0x0F, 0x00, 0x00, 0x07, 0x80, 0x00, 0x03, 0xC0, 0x00, 0x03, 0xE0, 0x00,
    0x01, 0xE0, 0x00, 0x00, 0xF0, 0x00, 0x00, 0x78, 0x00, 0x00, 0x78, 0x00, 0x00, 0x3C, 0x00, 0x00,
    0x1E, 0x00, 0x00, 0x1F, 0x00, 0x00, 0x0F, 0x00, 0x00, 0x07, 0x80, 0x00, 0x03, 0xC0, 0x00, 0x03,
    0xC0, 0x00, 0x01, 0xE0, 0x0F, 0x00, 0xF0, 0x3F, 0x80, 0xF0, 0x3F, 0xE0, 0x78, 0x1F, 0xF0, 0x3C,
    0x07, 0xFC, 0x1E, 0x03, 0xBE, 0x1E, 0x00, 0x0F, 0x0F, 0x00, 0x07, 0xC7, 0x80, 0x03, 0xE7, 0x80,
    0x00, 0xFB, 0xC0, 0x00, 0x7D, 0xE0, 0x00, 0x1E, 0xF0, 0x00, 0x0F, 0xF0, 0x00, 0x03, 0xF8, 0x00,
    0x01, 0xFC, 0x00, 0x00, 0xFC, 0x00, 0x00, 0x3E, 0x00, 0x00, 0x1F, 0x00, 0x00, 0x1F, 0x83, 0xF0,
    0x7F, 0x9F, 0xF1, 0xFF, 0xFF, 0xF7, 0xEF, 0xFB, 0xEF, 0x07, 0xC1, 0xFE, 0x0F, 0x03, 0xFC, 0x1E,
    0x07, 0xF8, 0x3E, 0x0F, 0xFD, 0xFF, 0x7C, 0xFF, 0xFF, 0xF8, 0xFF, 0x3F, 0xE0, 0xFC, 0x1F, 0x80,
    0x00, 0x3F, 0x00, 0xFF, 0x01, 0xFF, 0x01, 0xF8, 0x03, 0xE0, 0x03, 0xE0, 0x03, 0xC0, 0x07, 0xC0,
    0x07, 0xC0, 0x07, 0xC0, 0x07, 0xC0, 0x07, 0xC0, 0x07, 0xC0, 0x07, 0xC0, 0x07, 0xC0, 0x07, 0xC0,
    0x07, 0xC0, 0x07, 0xC0, 0x07, 0xC0, 0x07, 0xC0, 0x07, 0xC0, 0x07, 0xC0, 0x07, 0xC0, 0x07, 0xC0,
    0x07, 0xC0, 0x07, 0xC0, 0x07, 0xC0, 0x07, 0xC0, 0x07, 0xC0, 0x07, 0xC0, 0x07, 0xC0, 0x07, 0xC0,
    0x07, 0xC0, 0x07, 0xC0, 0x07, 0xC0, 0x0F, 0x80, 0x3F, 0x80, 0xFF, 0x00, 0xFE, 0x00, 0xFC, 0x00,
    0x0F, 0x80, 0x38, 0xFF, 0x03, 0xCF, 0xFE, 0x1E, 0xFB, 0xFD, 0xE7, 0x87, 0xFF, 0x38, 0x0F, 0xF1,
    0xC0, 0x3F, 0x00, 0x00, 0x00, 0x00, 0x00, 0x00, 0x7C, 0x01, 0xC7, 0xF8, 0x1E, 0x7F, 0xF0, 0xF7,
    0xDF, 0xEF, 0x3C, 0x3F, 0xF9, 0xC0, 0x7F, 0x8E, 0x01, 0xF8, 0x00, 0x06, 0x00, 0x00, 0x78, 0x00,
    0x0F, 0x80, 0x00, 0xF0, 0x00, 0x1F, 0x00, 0x01, 0xE0, 0xFF, 0xFF, 0xFF, 0xFF, 0xFF, 0xFF, 0xFF,
    0xF0, 0x07, 0x80, 0x00, 0xF8, 0x00, 0x0F, 0x00, 0x01, 0xF0, 0x00, 0x1E, 0x00, 0x01, 0xE0, 0x0F,
    0xFF, 0xFF, 0xFF, 0xFF, 0xFF, 0xFF, 0xFF, 0x0F, 0x80, 0x00, 0xF0, 0x00, 0x1F, 0x00, 0x01, 0xE0,
    0x00, 0x1E, 0x00, 0x00, 0xC0, 0x00, 0x00, 0x00, 0xE0, 0x00, 0x3E, 0x00, 0x0F, 0xF0, 0x03, 0xFE,
    0x00, 0xFF, 0x00, 0x7F, 0xC0, 0x1F, 0xF0, 0x07, 0xFC, 0x00, 0xFF, 0x00, 0x0F, 0xC0, 0x00, 0xFF,
    0x00, 0x07, 0xFC, 0x00, 0x1F, 0xF0, 0x00, 0x7F, 0xC0, 0x00, 0xFF, 0x00, 0x03, 0xFE, 0x00, 0x0F,
    0xF0, 0x00, 0x3E, 0x00, 0x00, 0xE0, 0x00, 0x00, 0x00, 0x00, 0x00, 0x00, 0x00, 0xFF, 0xFF, 0xFF,
    0xFF, 0xFF, 0xFF, 0xFF, 0xF0, 0x60, 0x00, 0x0F, 0x80, 0x00, 0xFF, 0x00, 0x07, 0xFC, 0x00, 0x1F,
    0xF0, 0x00, 0x7F, 0xC0, 0x00, 0xFF, 0x80, 0x03, 0xFE, 0x00, 0x0F, 0xF0, 0x00, 0x3F, 0x00, 0x0F,
    0xF0, 0x03, 0xFE, 0x00, 0xFF, 0x00, 0x7F, 0xC0, 0x1F, 0xF0, 0x07, 0xFC, 0x00, 0xFF, 0x00, 0x0F,
    0x80, 0x00, 0x60, 0x00, 0x00, 0x00, 0x00, 0x00, 0x00, 0x00, 0x00, 0x00, 0xFF, 0xFF, 0xFF, 0xFF,
    0xFF, 0xFF, 0xFF, 0xF0, 0x0F, 0xFC, 0x07, 0xFC, 0x7F, 0xF0, 0x7F, 0xF3, 0xFF, 0xC3, 0xFF, 0xDF,
    0xC6, 0x0F, 0xC7, 0x7C, 0x00, 0x7C, 0x03, 0xE0, 0x01, 0xF0, 0x0F, 0x80, 0x07, 0x80, 0x3E, 0x00,
    0x3E, 0x00, 0xF8, 0x00, 0xF8, 0x03, 0xE0, 0x03, 0xE0, 0x0F, 0xFF, 0x8F, 0xFF, 0xBF, 0xFE, 0x3F,
    0xFE, 0xFF, 0xF8, 0xFF, 0xFB, 0xE0, 0x03, 0xE0, 0x0F, 0x80, 0x0F, 0x80, 0x3E, 0x00, 0x3E, 0x00,
    0xF8, 0x00, 0xF8, 0x03, 0xE0, 0x03, 0xE0, 0x0F, 0x80, 0x0F, 0x80, 0x3E, 0x00, 0x3E, 0x00, 0xF8,
    0x00, 0xF8, 0x03, 0xE0, 0x03, 0xE0, 0x0F, 0x80, 0x0F, 0x80, 0x3E, 0x00, 0x3E, 0x00, 0xF8, 0x00,
    0xF8, 0x03, 0xE0, 0x03, 0xE0, 0x0F, 0x80, 0x0F, 0x80, 0x3E, 0x00, 0x3E, 0x00, 0xF8, 0x00, 0xF8,
    0x03, 0xE0, 0x03, 0xE0, 0x0F, 0x80, 0x0F, 0x80, 0x3E, 0x00, 0x3E, 0x00, 0x0F, 0xF8, 0x00, 0x7F,
    0xE1, 0xE3, 0xFF, 0x8F, 0x9F, 0xC6, 0x3F, 0x7C, 0x00, 0xFB, 0xE0, 0x01, 0xEF, 0x80, 0x00, 0x3E,
    0x00, 0x00, 0xF8, 0x00, 0x03, 0xE0, 0x00, 0x0F, 0xFF, 0x8F, 0xBF, 0xFE, 0x3E, 0xFF, 0xF8, 0xFB,
    0xE0, 0x03, 0xEF, 0x80, 0x0F, 0xBE, 0x00, 0x3E, 0xF8, 0x00, 0xFB, 0xE0, 0x03, 0xEF, 0x80, 0x0F,
    0xBE, 0x00, 0x3E, 0xF8, 0x00, 0xFB, 0xE0, 0x03, 0xEF, 0x80, 0x0F, 0xBE, 0x00, 0x3E, 0xF8, 0x00,
    0xFB, 0xE0, 0x03, 0xEF, 0x80, 0x0F, 0xBE, 0x00, 0x3E, 0xF8, 0x00, 0xFB, 0xE0, 0x03, 0xEF, 0x80,
    0x0F, 0xBE, 0x00, 0x3E, 0x0F, 0xF8, 0xF8, 0x1F, 0xF8, 0xF8, 0x3F, 0xF8, 0xF8, 0x7F, 0x18, 0xF8,
    0x7C, 0x00, 0xF8, 0xF8, 0x00, 0xF8, 0xF8, 0x00, 0xF8, 0xF8, 0x00, 0xF8, 0xF8, 0x00, 0xF8, 0xF8,
    0x00, 0xF8, 0xFF, 0xF8, 0xF8, 0xFF, 0xF8, 0xF8, 0xFF, 0xF8, 0xF8, 0xF8, 0x00, 0xF8, 0xF8, 0x00,
    0xF8, 0xF8, 0x00, 0xF8, 0xF8, 0x00, 0xF8, 0xF8, 0x00, 0xF8, 0xF8, 0x00, 0xF8, 0xF8, 0x00, 0xF8,
    0xF8, 0x00, 0xF8, 0xF8, 0x00, 0xF8, 0xF8, 0x00, 0xF8, 0xF8, 0x00, 0xF8, 0xF8, 0x00, 0xF8, 0xF8,
    0x00, 0xF8, 0xF8, 0x00, 0xF8, 0xF8, 0x00, 0xF8, 0xF8, 0x00, 0x7E, 0xF8, 0x00, 0x7F, 0xF8, 0x00,
    0x3F, 0xF8, 0x00, 0x1F, 0x0F, 0xFC, 0x07, 0xFC, 0x00, 0x7F, 0xF0, 0x7F, 0xE1, 0xE3, 0xFF, 0xC3,
    0xFF, 0x8F, 0xDF, 0xC6, 0x0F, 0xC6, 0x3F, 0x7C, 0x00, 0x7C, 0x00, 0xFF, 0xE0, 0x01, 0xF0, 0x01,
    0xEF, 0x80, 0x07, 0x80, 0x00, 0x3E, 0x00, 0x3E, 0x00, 0x00, 0xF8, 0x00, 0xF8, 0x00, 0x03, 0xE0,
    0x03, 0xE0, 0x00, 0x0F, 0xFF, 0x8F, 0xFF, 0x87, 0xBF, 0xFE, 0x3F, 0xFE, 0x1E, 0xFF, 0xF8, 0xFF,
    0xF8, 0x7B, 0xE0, 0x03, 0xE0, 0x01, 0xEF, 0x80, 0x0F, 0x80, 0x07, 0xBE, 0x00, 0x3E, 0x00, 0x1E,
    0xF8, 0x00, 0xF8, 0x00, 0x7B, 0xE0, 0x03, 0xE0, 0x01, 0xEF, 0x80, 0x0F, 0x80, 0x07, 0xBE, 0x00,
    0x3E, 0x00, 0x1E, 0xF8, 0x00, 0xF8, 0x00, 0x7B, 0xE0, 0x03, 0xE0, 0x01, 0xEF, 0x80, 0x0F, 0x80,
    0x07, 0xBE, 0x00, 0x3E, 0x00, 0x1E, 0xF8, 0x00, 0xF8, 0x00, 0x7B, 0xE0, 0x03, 0xE0, 0x01, 0xEF,
    0x80, 0x0F, 0x80, 0x07, 0xBE, 0x00, 0x3E, 0x00, 0x1E, 0xF8, 0x00, 0xF8, 0x00, 0x7B, 0xE0, 0x03,
    0xE0, 0x01, 0xEF, 0x80, 0x0F, 0x80, 0x07, 0xBE, 0x00, 0x3E, 0x00, 0x1E, 0x0F, 0xFC, 0x07, 0xFC,
    0x78, 0x0F, 0xFE, 0x0F, 0xFC, 0x3C, 0x0F, 0xFF, 0x0F, 0xFE, 0x1E, 0x0F, 0xE3, 0x07, 0xE3, 0x0F,
    0x07, 0xC0, 0x07, 0xC0, 0x07, 0x87, 0xC0, 0x03, 0xE0, 0x03, 0xC3, 0xE0, 0x01, 0xE0, 0x01, 0xE1,
    0xF0, 0x01, 0xF0, 0x00, 0xF0, 0xF8, 0x00, 0xF8, 0x00, 0x78, 0x7C, 0x00, 0x7C, 0x00, 0x3C, 0x3F,
    0xFE, 0x3F, 0xFE, 0x1E, 0x1F, 0xFF, 0x1F, 0xFF, 0x0F, 0x0F, 0xFF, 0x8F, 0xFF, 0x87, 0x87, 0xC0,
    0x07, 0xC0, 0x03, 0xC3, 0xE0, 0x03, 0xE0, 0x01, 0xE1, 0xF0, 0x01, 0xF0, 0x00, 0xF0, 0xF8, 0x00,
    0xF8, 0x00, 0x78, 0x7C, 0x00, 0x7C, 0x00, 0x3C, 0x3E, 0x00, 0x3E, 0x00, 0x1E, 0x1F, 0x00, 0x1F,
    0x00, 0x0F, 0x0F, 0x80, 0x0F, 0x80, 0x07, 0x87, 0xC0, 0x07, 0xC0, 0x03, 0xC3, 0xE0, 0x03, 0xE0,
    0x01, 0xE1, 0xF0, 0x01, 0xF0, 0x00, 0xF0, 0xF8, 0x00, 0xF8, 0x00, 0x78, 0x7C, 0x00, 0x7C, 0x00,
    0x3C, 0x3E, 0x00, 0x3E, 0x00, 0x1E, 0x1F, 0x00, 0x1F, 0x00, 0x0F, 0x8F, 0x80, 0x0F, 0x80, 0x07,
    0xE7, 0xC0, 0x07, 0xC0, 0x03, 0xFF, 0xE0, 0x03, 0xE0, 0x00, 0xFD, 0xF0, 0x01, 0xF0, 0x00, 0x3E,
};

static const EpdGlyph ubuntu_20_regularGlyphs[] = {
    { 0, 0, 154, 0, 0, 0, 0 }, // U+0020
    { 7, 29, 184, 2, 29, 26, 0 }, // !
    { 12, 11, 279, 3, 33, 17, 26 }, // "
    { 24, 29, 445, 2, 29, 87, 43 }, // #
    { 19, 38, 376, 2, 33, 91, 130 }, // $
    { 32, 29, 572, 2, 29, 116, 221 }, // %
    { 27, 29, 444, 1, 29, 98, 337 }, // &
    { 5, 11, 161, 3, 33, 7, 435 }, // '
    { 11, 41, 216, 3, 33, 57, 442 }, // (
    { 11, 41, 216, 0, 33, 57, 499 }, // )
    { 18, 16, 320, 1, 29, 36, 556 }, // *
    { 20, 19, 376, 2, 22, 48, 592 }, // +
    { 7, 12, 164, 1, 5, 11, 640 }, // ,
    { 11, 3, 199, 1, 14, 5, 651 }, // -
    { 6, 6, 164, 2, 6, 5, 656 }, // .
    { 20, 41, 256, -2, 33, 103, 661 }, // /
    { 20, 29, 376, 2, 29, 73, 764 }, // 0
    { 13, 29, 376, 3, 29, 48, 837 }, // 1
    { 19, 29, 376, 2, 29, 69, 885 }, // 2
    { 19, 29, 376, 2, 29, 69, 954 }, // 3
    { 21, 29, 376, 1, 29, 77, 1023 }, // 4
    { 19, 29, 376, 2, 29, 69, 1100 }, // 5
    { 20, 29, 376, 2, 29, 73, 1169 }, // 6
    { 20, 29, 376, 2, 29, 73, 1242 }, // 7
    { 20, 29, 376, 2, 29, 73, 1315 }, // 8
    { 20, 29, 376, 2, 29, 73, 1388 }, // 9
    { 6, 23, 164, 2, 23, 18, 1461 }, // :
    { 7, 30, 164, 1, 23, 27, 1479 }, // ;
    { 20, 19, 376, 2, 22, 48, 1506 }, // <
    { 20, 12, 376, 2, 18, 30, 1554 }, // =
    { 20, 19, 376, 2, 22, 48, 1584 }, // >
    { 16, 29, 269, 0, 29, 58, 1632 }, // ?
    { 36, 35, 633, 2, 29, 158, 1690 }, // @
    { 28, 29, 442, 0, 29, 102, 1848 }, // A
    { 22, 29, 429, 3, 29, 80, 1950 }, // B
    { 23, 29, 413, 2, 29, 84, 2030 }, // C
    { 25, 29, 475, 3, 29, 91, 2114 }, // D
    { 20, 29, 381, 3, 29, 73, 2205 }, // E
    { 19, 29, 358, 3, 29, 69, 2278 }, // F
    { 24, 29, 448, 2, 29, 87, 2347 }, // G
    { 23, 29, 470, 3, 29, 84, 2434 }, // H
    { 5, 29, 179, 3, 29, 19, 2518 }, // I
    { 18, 29, 333, 0, 29, 66, 2537 }, // J
    { 24, 29, 419, 3, 29, 87, 2603 }, // K
    { 19, 29, 346, 3, 29, 69, 2690 }, // L
    { 32, 29, 581, 2, 29, 116, 2759 }, // M
    { 24, 29, 485, 3, 29, 87, 2875 }, // N
    { 29, 29, 519, 2, 29, 106, 2962 }, // O
    { 22, 29, 405, 3, 29, 80, 3068 }, // P
    { 29, 37, 519, 2, 29, 135, 3148 }, // Q
    { 23, 29, 419, 3, 29, 84, 3283 }, // R
    { 21, 29, 355, 1, 29, 77, 3367 }, // S
    { 24, 29, 377, 0, 29, 87, 3444 }, // T
    { 23, 29, 459, 3, 29, 84, 3531 }, // U
    { 28, 29, 437, 0, 29, 102, 3615 }, // V
    { 37, 29, 619, 1, 29, 135, 3717 }, // W
    { 26, 29, 421, 0, 29, 95, 3852 }, // X
    { 25, 29, 399, 0, 29, 91, 3947 }, // Y
    { 22, 29, 382, 1, 29, 80, 4038 }, // Z
    { 10, 41, 219, 4, 33, 52, 4118 }, // [
    { 20, 41, 256, -2, 33, 103, 4170 }, // <backslash>
    { 10, 41, 219, 0, 33, 52, 4273 }, // ]
    { 21, 16, 376, 1, 29, 42, 4325 }, // ^
    { 22, 3, 328, -1, -5, 9, 4367 }, // _
    { 9, 8, 251, 2, 32, 9, 4376 }, // `
    { 18, 22, 348, 1, 22, 50, 4385 }, // a
    { 20, 32, 393, 3, 32, 80, 4435 }, // b
    { 17, 22, 310, 2, 22, 47, 4515 }, // c
    { 20, 32, 393, 2, 32, 80, 4562 }, // d
    { 20, 22, 373, 2, 22, 55, 4642 }, // e
    { 14, 32, 257, 3, 32, 56, 4697 }, // f
    { 19, 30, 385, 2, 22, 72, 4753 }, // g
    { 18, 32, 381, 3, 32, 72, 4825 }, // h
    { 6, 31, 169, 2, 31, 24, 4897 }, // i
    { 11, 39, 169, -3, 31, 54, 4921 }, // j
    { 19, 32, 348, 3, 32, 76, 4975 }, // k
    { 8, 32, 182, 3, 32, 32, 5051 }, // l
    { 31, 22, 574, 3, 22, 86, 5083 }, // m
    { 18, 22, 383, 3, 22, 50, 5169 }, // n
    { 21, 22, 393, 2, 22, 58, 5219 }, // o
    { 20, 30, 393, 3, 22, 75, 5277 }, // p
    { 20, 30, 393, 2, 22, 75, 5352 }, // q
    { 13, 22, 257, 3, 22, 36, 5427 }, // r
    { 17, 22, 297, 1, 22, 47, 5463 }, // s
    { 14, 29, 268, 3, 29, 51, 5510 }, // t
    { 18, 22, 383, 3, 22, 50, 5561 }, // u
    { 21, 22, 335, 0, 22, 58, 5611 }, // v
    { 32, 22, 518, 0, 22, 88, 5669 }, // w
    { 21, 22, 341, 0, 22, 58, 5757 }, // x
    { 21, 30, 331, 0, 22, 79, 5815 }, // y
    { 18, 22, 314, 1, 22, 50, 5894 }, // z
    { 13, 41, 222, 1, 33, 67, 5944 }, // {
    { 4, 41, 186, 4, 33, 21, 6011 }, // |
    { 13, 41, 222, 0, 33, 67, 6032 }, // }
    { 21, 7, 376, 1, 16, 19, 6099 }, // ~
    { 0, 0, 154, 0, 0, 0, 6118 }, // U+00A0
    { 7, 30, 184, 2, 22, 27, 6118 }, // U+00A1
    { 18, 34, 376, 3, 28, 77, 6145 }, // U+00A2
    { 20, 29, 376, 2, 29, 73, 6222 }, // U+00A3
    { 21, 20, 376, 1, 25, 53, 6295 }, // U+00A4
    { 24, 29, 376, 0, 29, 87, 6348 }, // U+00A5
    { 4, 41, 186, 4, 33, 21, 6435 }, // U+00A6
    { 18, 34, 328, 1, 31, 77, 6456 }, // U+00A7
    { 14, 5, 251, 1, 31, 9, 6533 }, // U+00A8
    { 30, 29, 543, 2, 29, 109, 6542 }, // U+00A9
    { 14, 16, 259, 1, 29, 28, 6651 }, // U+00AA
    { 19, 19, 333, 1, 21, 46, 6679 }, // U+00AB
    { 20, 14, 376, 2, 16, 35, 6725 }, // U+00AC
    { 11, 3, 199, 1, 14, 5, 6760 }, // U+00AD
    { 30, 29, 543, 2, 29, 109, 6765 }, // U+00AE
    { 13, 3, 251, 1, 30, 5, 6874 }, // U+00AF
    { 12, 11, 221, 1, 32, 17, 6879 }, // U+00B0
    { 20, 25, 376, 2, 25, 63, 6896 }, // U+00B1
    { 13, 16, 239, 1, 29, 26, 6959 }, // U+00B2
    { 13, 16, 239, 1, 29, 26, 6985 }, // U+00B3
    { 9, 8, 251, 5, 32, 9, 7011 }, // U+00B4
    { 18, 30, 387, 3, 22, 68, 7020 }, // U+00B5
    { 22, 37, 431, 1, 29, 102, 7088 }, // U+00B6
    { 6, 6, 164, 2, 16, 5, 7190 }, // U+00B7
    { 9, 9, 251, 2, 1, 11, 7195 }, // U+00B8
    { 8, 16, 239, 2, 29, 16, 7206 }, // U+00B9
    { 16, 15, 297, 1, 29, 30, 7222 }, // U+00BA
    { 19, 19, 333, 1, 21, 46, 7252 }, // U+00BB
    { 34, 29, 583, 2, 29, 124, 7298 }, // U+00BC
    { 33, 29, 583, 2, 29, 120, 7422 }, // U+00BD
    { 35, 29, 583, 1, 29, 127, 7542 }, // U+00BE
    { 16, 30, 269, 1, 22, 60, 7669 }, // U+00BF
    { 28, 39, 442, 0, 39, 137, 7729 }, // U+00C0
    { 28, 39, 442, 0, 39, 137, 7866 }, // U+00C1
    { 28, 39, 442, 0, 39, 137, 8003 }, // U+00C2
    { 28, 38, 442, 0, 38, 133, 8140 }, // U+00C3
    { 28, 38, 442, 0, 38, 133, 8273 }, // U+00C4
    { 28, 36, 442, 0, 36, 126, 8406 }, // U+00C5
    { 38, 29, 623, 0, 29, 138, 8532 }, // U+00C6
    { 23, 37, 413, 2, 29, 107, 8670 }, // U+00C7
    { 20, 39, 381, 3, 39, 98, 8777 }, // U+00C8
    { 20, 39, 381, 3, 39, 98, 8875 }, // U+00C9
    { 20, 39, 381, 3, 39, 98, 8973 }, // U+00CA
    { 20, 38, 381, 3, 38, 95, 9071 }, // U+00CB
    { 9, 39, 179, 0, 39, 44, 9166 }, // U+00CC
    { 9, 39, 179, 2, 39, 44, 9210 }, // U+00CD
    { 13, 39, 179, -1, 39, 64, 9254 }, // U+00CE
    { 14, 38, 179, -1, 38, 67, 9318 }, // U+00CF
    { 29, 29, 484, 0, 29, 106, 9385 }, // U+00D0
    { 24, 38, 485, 3, 38, 114, 9491 }, // U+00D1
    { 29, 39, 519, 2, 39, 142, 9605 }, // U+00D2
    { 29, 39, 519, 2, 39, 142, 9747 }, // U+00D3
    { 29, 39, 519, 2, 39, 142, 9889 }, // U+00D4
    { 29, 38, 519, 2, 38, 138, 10031 }, // U+00D5
    { 29, 38, 519, 2, 38, 138, 10169 }, // U+00D6
    { 18, 17, 376, 3, 21, 39, 10307 }, // U+00D7
    { 29, 31, 519, 2, 30, 113, 10346 }, // U+00D8
    { 23, 39, 459, 3, 39, 113, 10459 }, // U+00D9
    { 23, 39, 459, 3, 39, 113, 10572 }, // U+00DA
    { 23, 39, 459, 3, 39, 113, 10685 }, // U+00DB
    { 23, 38, 459, 3, 38, 110, 10798 }, // U+00DC
    { 25, 39, 399, 0, 39, 122, 10908 }, // U+00DD
    { 22, 29, 406, 3, 29, 80, 11030 }, // U+00DE
    { 22, 32, 415, 3, 32, 88, 11110 }, // U+00DF
    { 18, 32, 348, 1, 32, 72, 11198 }, // U+00E0
    { 18, 32, 348, 1, 32, 72, 11270 }, // U+00E1
    { 18, 32, 348, 1, 32, 72, 11342 }, // U+00E2
    { 18, 31, 348, 1, 31, 70, 11414 }, // U+00E3
    { 18, 31, 348, 1, 31, 70, 11484 }, // U+00E4
    { 18, 33, 348, 1, 33, 75, 11554 }, // U+00E5
    { 33, 22, 573, 1, 22, 91, 11629 }, // U+00E6
    { 17, 30, 310, 2, 22, 64, 11720 }, // U+00E7
    { 20, 32, 373, 2, 32, 80, 11784 }, // U+00E8
    { 20, 32, 373, 2, 32, 80, 11864 }, // U+00E9
    { 20, 32, 373, 2, 32, 80, 11944 }, // U+00EA
    { 20, 31, 373, 2, 31, 78, 12024 }, // U+00EB
    { 9, 32, 169, 0, 32, 36, 12102 }, // U+00EC
    { 9, 32, 169, 2, 32, 36, 12138 }, // U+00ED
    { 13, 32, 169, -1, 32, 52, 12174 }, // U+00EE
    { 14, 31, 169, -2, 31, 55, 12226 }, // U+00EF
    { 22, 32, 393, 2, 32, 88, 12281 }, // U+00F0
    { 18, 31, 383, 3, 31, 70, 12369 }, // U+00F1
    { 21, 32, 393, 2, 32, 84, 12439 }, // U+00F2
    { 21, 32, 393, 2, 32, 84, 12523 }, // U+00F3
    { 21, 32, 393, 2, 32, 84, 12607 }, // U+00F4
    { 21, 31, 393, 2, 31, 82, 12691 }, // U+00F5
    { 21, 31, 393, 2, 31, 82, 12773 }, // U+00F6
    { 20, 21, 376, 2, 23, 53, 12855 }, // U+00F7
    { 21, 24, 393, 2, 23, 63, 12908 }, // U+00F8
    { 18, 32, 383, 3, 32, 72, 12971 }, // U+00F9
    { 18, 32, 383, 3, 32, 72, 13043 }, // U+00FA
    { 18, 32, 383, 3, 32, 72, 13115 }, // U+00FB
    { 18, 31, 383, 3, 31, 70, 13187 }, // U+00FC
    { 21, 40, 331, 0, 32, 105, 13257 }, // U+00FD
    { 20, 40, 393, 3, 32, 100, 13362 }, // U+00FE
    { 21, 39, 331, 0, 31, 103, 13462 }, // U+00FF
    { 39, 29, 662, 2, 29, 142, 13565 }, // U+0152
    { 36, 22, 631, 2, 22, 99, 13707 }, // U+0153
    { 21, 40, 355, 1, 40, 105, 13806 }, // U+0160
    { 17, 33, 297, 1, 33, 71, 13911 }, // U+0161
    { 25, 38, 399, 0, 38, 119, 13982 }, // U+0178
    { 22, 40, 382, 1, 40, 110, 14101 }, // U+017D
    { 18, 33, 314, 1, 33, 75, 14211 }, // U+017E
    { 20, 40, 257, -3, 32, 100, 14286 }, // U+0192
    { 12, 8, 251, 2, 32, 12, 14386 }, // U+02C6
    { 15, 5, 251, 0, 31, 10, 14398 }, // U+02DC
    { 12, 6, 251, 2, 32, 9, 14408 }, // U+0311
    { 22, 3, 331, -1, 14, 9, 14417 }, // U+2013
    { 43, 3, 664, -1, 14, 17, 14426 }, // U+2014
    { 43, 3, 664, -1, 14, 17, 14443 }, // U+2015
    { 7, 10, 157, 2, 32, 9, 14460 }, // U+2018
    { 7, 11, 157, 1, 32, 10, 14469 }, // U+2019
    { 7, 10, 157, 1, 5, 9, 14479 }, // U+201A
    { 15, 10, 278, 2, 32, 19, 14488 }, // U+201C
    { 14, 11, 278, 1, 32, 20, 14507 }, // U+201D
    { 14, 10, 278, 1, 5, 18, 14527 }, // U+201E
    { 18, 35, 317, 1, 29, 79, 14545 }, // U+2020
    { 18, 35, 317, 1, 29, 79, 14624 }, // U+2021
    { 11, 11, 240, 2, 20, 16, 14703 }, // U+2022
    { 34, 6, 664, 4, 6, 26, 14719 }, // U+2026
    { 48, 29, 818, 2, 29, 174, 14745 }, // U+2030
    { 10, 19, 194, 1, 21, 24, 14919 }, // U+2039
    { 10, 19, 194, 1, 21, 24, 14943 }, // U+203A
    { 22, 29, 99, -8, 29, 80, 14967 }, // U+2044
    { 13, 16, 239, 1, 29, 26, 15047 }, // U+2070
    { 14, 16, 239, 1, 29, 28, 15073 }, // U+2074
    { 13, 16, 239, 1, 29, 26, 15101 }, // U+2075
    { 13, 16, 239, 1, 29, 26, 15127 }, // U+2076
    { 13, 16, 239, 1, 29, 26, 15153 }, // U+2077
    { 13, 16, 239, 1, 29, 26, 15179 }, // U+2078
    { 13, 16, 239, 1, 29, 26, 15205 }, // U+2079
    { 13, 16, 239, 1, 16, 26, 15231 }, // U+2080
    { 8, 16, 239, 2, 16, 16, 15257 }, // U+2081
    { 13, 16, 239, 1, 16, 26, 15273 }, // U+2082
    { 13, 16, 239, 1, 16, 26, 15299 }, // U+2083
    { 14, 16, 239, 1, 16, 28, 15325 }, // U+2084
    { 13, 16, 239, 1, 16, 26, 15353 }, // U+2085
    { 13, 16, 239, 1, 16, 26, 15379 }, // U+2086
    { 13, 16, 239, 1, 16, 26, 15405 }, // U+2087
    { 13, 16, 239, 1, 16, 26, 15431 }, // U+2088
    { 13, 16, 239, 1, 16, 26, 15457 }, // U+2089
    { 23, 29, 376, 1, 29, 84, 15483 }, // U+20AC
    { 22, 29, 376, 1, 29, 80, 15567 }, // U+20AE
    { 22, 29, 376, 1, 29, 80, 15647 }, // U+20B4
    { 22, 29, 376, 2, 29, 80, 15727 }, // U+20B9
    { 18, 32, 300, 0, 32, 72, 15807 }, // U+2113
    { 43, 29, 753, 3, 29, 156, 15879 }, // U+2116
    { 30, 14, 506, 0, 29, 53, 16035 }, // U+2122
    { 29, 29, 523, 2, 29, 106, 16088 }, // U+2126
    { 35, 32, 621, 2, 32, 140, 16194 }, // U+212E
    { 33, 29, 583, 2, 29, 120, 16334 }, // U+2153
    { 34, 29, 583, 1, 29, 124, 16454 }, // U+2154
    { 33, 29, 583, 2, 29, 120, 16578 }, // U+2155
    { 34, 29, 583, 1, 29, 124, 16698 }, // U+2156
    { 34, 29, 583, 1, 29, 124, 16822 }, // U+2157
    { 34, 29, 583, 1, 29, 124, 16946 }, // U+2158
    { 34, 29, 583, 2, 29, 124, 17070 }, // U+2159
    { 35, 29, 583, 1, 29, 127, 17194 }, // U+215A
    { 34, 29, 583, 2, 29, 124, 17321 }, // U+215B
    { 35, 29, 583, 1, 29, 127, 17445 }, // U+215C
    { 35, 29, 583, 1, 29, 127, 17572 }, // U+215D
    { 35, 29, 583, 1, 29, 127, 17699 }, // U+215E
    { 22, 32, 390, 1, 32, 88, 17826 }, // U+2202
    { 27, 29, 434, 0, 29, 98, 17914 }, // U+2206
    { 23, 33, 465, 3, 29, 95, 18012 }, // U+220F
    { 21, 34, 343, 0, 29, 90, 18107 }, // U+2211
    { 20, 3, 376, 2, 14, 8, 18197 }, // U+2212
    { 22, 29, 99, -8, 29, 80, 18205 }, // U+2215
    { 6, 6, 164, 2, 16, 5, 18285 }, // U+2219
    { 25, 34, 376, 0, 33, 107, 18290 }, // U+221A
    { 23, 12, 392, 1, 18, 35, 18397 }, // U+221E
    { 16, 40, 246, 0, 32, 80, 18432 }, // U+222B
    { 21, 16, 376, 1, 21, 42, 18512 }, // U+2248
    { 20, 24, 376, 2, 24, 60, 18554 }, // U+2260
    { 20, 25, 376, 2, 25, 63, 18614 }, // U+2264
    { 20, 25, 376, 2, 25, 63, 18677 }, // U+2265
    { 30, 32, 517, 3, 32, 120, 18740 }, // U+FB00
    { 22, 32, 429, 3, 32, 88, 18860 }, // U+FB01
    { 24, 32, 442, 3, 32, 96, 18948 }, // U+FB02
    { 38, 32, 689, 3, 32, 152, 19044 }, // U+FB03
    { 41, 32, 702, 3, 32, 164, 19196 }, // U+FB04
};

static const EpdUnicodeInterval ubuntu_20_regularIntervals[] = {
    { 0x20, 0x7E, 0x0 },
    { 0xA0, 0xFF, 0x5F },
    { 0x152, 0x153, 0xBF },
    { 0x160, 0x161, 0xC1 },
    { 0x178, 0x178, 0xC3 },
    { 0x17D, 0x17E, 0xC4 },
    { 0x192, 0x192, 0xC6 },
    { 0x2C6, 0x2C6, 0xC7 },
    { 0x2DC, 0x2DC, 0xC8 },
    { 0x311, 0x311, 0xC9 },
    { 0x2013, 0x2015, 0xCA },
    { 0x2018, 0x201A, 0xCD },
    { 0x201C, 0x201E, 0xD0 },
    { 0x2020, 0x2022, 0xD3 },
    { 0x2026, 0x2026, 0xD6 },
    { 0x2030, 0x2030, 0xD7 },
    { 0x2039, 0x203A, 0xD8 },
    { 0x2044, 0x2044, 0xDA },
    { 0x2070, 0x2070, 0xDB },
    { 0x2074, 0x2079, 0xDC },
    { 0x2080, 0x2089, 0xE2 },
    { 0x20AC, 0x20AC, 0xEC },
    { 0x20AE, 0x20AE, 0xED },
    { 0x20B4, 0x20B4, 0xEE },
    { 0x20B9, 0x20B9, 0xEF },
    { 0x2113, 0x2113, 0xF0 },
    { 0x2116, 0x2116, 0xF1 },
    { 0x2122, 0x2122, 0xF2 },
    { 0x2126, 0x2126, 0xF3 },
    { 0x212E, 0x212E, 0xF4 },
    { 0x2153, 0x215E, 0xF5 },
    { 0x2202, 0x2202, 0x101 },
    { 0x2206, 0x2206, 0x102 },
    { 0x220F, 0x220F, 0x103 },
    { 0x2211, 0x2212, 0x104 },
    { 0x2215, 0x2215, 0x106 },
    { 0x2219, 0x221A, 0x107 },
    { 0x221E, 0x221E, 0x109 },
    { 0x222B, 0x222B, 0x10A },
    { 0x2248, 0x2248, 0x10B },
    { 0x2260, 0x2260, 0x10C },
    { 0x2264, 0x2265, 0x10D },
    { 0xFB00, 0xFB04, 0x10F },
};

static const uint16_t ubuntu_20_regularKernLeftCodepoints[] = {
    0x0022, 0x0027, 0x0028, 0x0029, 0x002A, 0x002C, 0x002D, 0x002E, 0x002F, 0x003A, 0x003B, 0x0040,
    0x0041, 0x0042, 0x0043, 0x0044, 0x0045, 0x0046, 0x0047, 0x004A, 0x004B, 0x004C, 0x004D, 0x004F,
    0x0050, 0x0051, 0x0052, 0x0054, 0x0055, 0x0056, 0x0057, 0x0058, 0x0059, 0x005A, 0x005B, 0x005D,
    0x0061, 0x0062, 0x0063, 0x0066, 0x0068, 0x006A, 0x006B, 0x006D, 0x006E, 0x006F, 0x0070, 0x0071,
    0x0072, 0x0074, 0x0076, 0x0077, 0x0078, 0x007A, 0x007B, 0x007D, 0x00A1, 0x00AB, 0x00BB, 0x00BF,
    0x00C0, 0x00C1, 0x00C2, 0x00C3, 0x00C4, 0x00C5, 0x00C6, 0x00C7, 0x00C8, 0x00C9, 0x00CA, 0x00CB,
    0x00D0, 0x00D2, 0x00D3, 0x00D4, 0x00D5, 0x00D6, 0x00D8, 0x00D9, 0x00DA, 0x00DB, 0x00DC, 0x00DD,
    0x00DE, 0x00DF, 0x00E0, 0x00E1, 0x00E2, 0x00E3, 0x00E4, 0x00E5, 0x00E7, 0x00F0, 0x00F1, 0x00F2,
    0x00F3, 0x00F4, 0x00F5, 0x00F6, 0x00F8, 0x00FE, 0x0152, 0x0178, 0x017D, 0x017E, 0x0192, 0x2013,
    0x2014, 0x2018, 0x201A, 0x201C, 0x201E, 0x2026, 0x2039, 0x203A, 0xFB00,
};

static const uint8_t ubuntu_20_regularKernLeftClassIds[] = {
      1,   1,   2,   3,   4,   5,   6,   5,   7,   8,   8,   9,  10,  11,  12,  13,
     14,  15,  16,  17,  18,  19,  20,  21,  22,  23,  24,  25,  26,  27,  28,  29,
     30,  31,  32,  33,  34,  35,  36,  37,  38,  39,  40,  41,  41,  42,  43,  44,
     45,  46,  47,  48,  49,  50,  51,  52,  53,  54,  55,  56,  10,  10,  10,  10,
     10,  10,  14,  12,  14,  14,  14,  14,  13,  21,  21,  21,  21,  21,  21,  26,
     26,  26,  26,  30,  57,  58,  34,  34,  34,  34,  34,  34,  36,  59,  41,  42,
     42,  42,  42,  42,  42,  60,  14,  30,  31,  50,  37,   6,   6,  61,  62,  61,
     62,   5,  54,  55,  37,
};

static const uint16_t ubuntu_20_regularKernRightCodepoints[] = {
    0x0021, 0x0022, 0x0027, 0x0028, 0x0029, 0x002A, 0x002C, 0x002D, 0x002E, 0x002F, 0x003A, 0x003B,
    0x003F, 0x0040, 0x0041, 0x0043, 0x0047, 0x004A, 0x004D, 0x004F, 0x0051, 0x0053, 0x0054, 0x0055,
    0x0056, 0x0057, 0x0058, 0x0059, 0x005A, 0x005B, 0x005D, 0x0061, 0x0063, 0x0064, 0x0065, 0x0066,
    0x0067, 0x006A, 0x006D, 0x006E, 0x006F, 0x0070, 0x0071, 0x0072, 0x0073, 0x0074, 0x0075, 0x0076,
    0x0077, 0x0078, 0x0079, 0x007A, 0x007B, 0x007D, 0x00AB, 0x00BB, 0x00C0, 0x00C1, 0x00C2, 0x00C3,
    0x00C4, 0x00C5, 0x00C6, 0x00C7, 0x00D2, 0x00D3, 0x00D4, 0x00D5, 0x00D6, 0x00D8, 0x00D9, 0x00DA,
    0x00DB, 0x00DC, 0x00DD, 0x00E0, 0x00E1, 0x00E2, 0x00E3, 0x00E4, 0x00E5, 0x00E6, 0x00E7, 0x00E8,
    0x00E9, 0x00EA, 0x00EB, 0x00EC, 0x00EE, 0x00EF, 0x00F0, 0x00F1, 0x00F2, 0x00F3, 0x00F4, 0x00F5,
    0x00F6, 0x00F8, 0x00F9, 0x00FA, 0x00FB, 0x00FC, 0x00FD, 0x00FF, 0x0152, 0x0153, 0x0160, 0x0161,
    0x0178, 0x017D, 0x017E, 0x0192, 0x2013, 0x2014, 0x2018, 0x2019, 0x201A, 0x201C, 0x201D, 0x201E,
    0x2026, 0x2039, 0x203A, 0xFB00, 0xFB01, 0xFB02, 0xFB03, 0xFB04,
};

static const uint8_t ubuntu_20_regularKernRightClassIds[] = {
      1,   2,   2,   3,   4,   5,   6,   7,   6,   8,   9,   9,  10,  11,  12,  13,
     14,  15,  16,  17,  18,  19,  20,  21,  22,  23,  24,  25,  26,  27,  28,  29,
     30,  31,  32,  33,  34,  35,  36,  36,  37,  36,  38,  36,  39,  40,  41,  42,
     43,  44,  45,  46,  47,  48,  49,  50,  12,  12,  12,  12,  12,  12,  51,  13,
     17,  17,  17,  17,  17,  17,  21,  21,  21,  21,  25,  29,  29,  29,  29,  29,
     29,  29,  30,  32,  32,  32,  32,  52,  53,  54,  55,  36,  37,  37,  37,  37,
     37,  37,  41,  41,  41,  41,  45,  45,  17,  37,  19,  39,  25,  26,  46,  35,
      7,   7,  56,  57,  58,  56,  57,  58,   6,  49,  50,  33,  33,  33,  33,  33,
};

static const uint16_t ubuntu_20_regularKernRowOffsets[] = {
        0,    10,    20,    34,    40,    55,    62,    75,    84,    99,   141,   157,   192,   217,   249,   282,
      288,   299,   338,   378,   380,   405,   431,   453,   477,   520,   534,   577,   614,   648,   691,   724,
      740,   747,   757,   770,   782,   801,   812,   813,   827,   838,   852,   866,   867,   882,   895,   913,
      927,   938,   952,   963,   974,   980,   983,   993,  1008,  1029,  1040,  1044,  1058,  1068,  1083,
};

static const uint8_t ubuntu_20_regularKernSparseCols[] = {
     11,  12,  13,  14,  16,  17,  21,  22,  25,  50,   3,  12,  13,  16,  17,  18,
     19,  20,  21,  24,  11,  12,  13,  14,  16,  17,  18,  19,  21,  22,  23,  24,
     25,  50,  11,  12,  13,  14,  23,  50,  11,  12,  13,  14,  16,  17,  18,  19,
     20,  21,  22,  23,  24,  25,  50,  14,  19,  21,  23,  24,  25,  50,  11,  12,
     13,  14,  16,  17,  19,  21,  22,  23,  24,  25,  50,  12,  13,  16,  17,  19,
     20,  21,  22,  24,  11,  12,  13,  14,  16,  17,  18,  19,  20,  21,  22,  23,
     24,  25,  50,   1,   2,   4,   5,   7,  10,  11,  12,  13,  14,  16,  17,  18,
     19,  20,  21,  22,  23,  24,  25,  27,  29,  30,  31,  33,  36,  37,  38,  40,
     41,  42,  43,  44,  45,  46,  47,  48,  50,  54,  55,  56,  57,   1,   2,   3,
      4,   5,   7,   8,   9,  21,  22,  23,  24,  27,  45,  47,  50,   2,   5,   6,
      9,  10,  11,  12,  13,  14,  16,  17,  18,  19,  21,  23,  24,  25,  26,  29,
     30,  31,  33,  36,  37,  40,  41,  42,  43,  44,  46,  48,  50,  54,  56,  57,
      0,   1,   2,   3,   5,   7,   9,  10,  11,  14,  18,  19,  21,  22,  23,  24,
     25,  26,  27,  28,  47,  50,  55,  56,  57,   1,   2,   4,   5,  10,  11,  12,
     13,  14,  16,  17,  20,  26,  27,  29,  30,  31,  33,  36,  37,  39,  40,  41,
     42,  43,  44,  46,  47,  48,  50,  54,  55,   0,   2,   5,   7,   8,   9,  10,
     11,  12,  13,  14,  16,  17,  19,  21,  24,  26,  27,  28,  29,  30,  31,  33,
     35,  36,  37,  40,  43,  45,  49,  50,  54,  57,   3,   4,  27,  41,  44,  47,
      3,   5,   7,  11,  14,  25,  27,  45,  47,  50,  57,   2,   4,   5,   6,   7,
      9,  10,  11,  12,  13,  14,  16,  17,  19,  21,  22,  23,  24,  25,  27,  29,
     30,  31,  33,  36,  37,  38,  40,  41,  42,  43,  44,  45,  46,  48,  50,  53,
     54,  57,   1,   2,   4,   5,   6,   7,  11,  12,  13,  14,  16,  17,  18,  19,
     20,  21,  22,  23,  24,  25,  27,  29,  30,  31,  33,  36,  37,  41,  42,  43,
     44,  45,  46,  47,  48,  49,  50,  55,  56,  57,  21,  24,   0,   1,   2,   3,
      5,   7,   9,  10,  11,  14,  18,  19,  21,  22,  23,  24,  25,  26,  27,  28,
     47,  50,  55,  56,  57,   0,   2,   3,   5,   7,  11,  14,  23,  26,  27,  28,
     29,  30,  31,  33,  36,  37,  41,  42,  44,  47,  48,  50,  54,  56,  57,   0,
      1,   2,   5,   9,  10,  11,  14,  18,  19,  21,  22,  23,  24,  25,  26,  28,
     34,  50,  55,  56,  57,   2,   5,   7,   9,  10,  11,  12,  13,  14,  16,  17,
     21,  23,  24,  25,  27,  43,  45,  46,  47,  48,  50,  54,  57,   2,   3,   5,
      6,   7,   8,   9,  10,  11,  12,  13,  14,  16,  17,  19,  21,  22,  23,  24,
     27,  28,  29,  30,  31,  33,  35,  36,  37,  38,  40,  41,  42,  43,  44,  45,
     46,  48,  49,  50,  52,  53,  54,  57,   2,   5,   7,   8,  11,  14,  25,  27,
     28,  45,  46,  47,  50,  57,   1,   2,   3,   5,   6,   7,   8,   9,  10,  11,
     12,  13,  14,  15,  16,  17,  19,  21,  22,  23,  24,  27,  28,  29,  30,  31,
     33,  35,  36,  37,  38,  40,  45,  46,  48,  49,  50,  51,  53,  54,  55,  56,
     57,   1,   2,   5,   7,   8,   9,  10,  11,  12,  13,  14,  16,  17,  19,  21,
     22,  23,  24,  27,  28,  29,  30,  31,  33,  35,  36,  37,  38,  40,  46,  48,
     50,  53,  54,  55,  56,  57,   2,   4,   5,   6,   7,  10,  11,  12,  13,  14,
     16,  17,  19,  21,  23,  24,  25,  27,  29,  30,  31,  33,  36,  37,  40,  41,
     42,  43,  44,  46,  48,  50,  54,  57,   2,   3,   5,   6,   7,   8,   9,  10,
     11,  12,  13,  14,  15,  16,  17,  19,  21,  22,  23,  24,  25,  27,  28,  29,
     30,  31,  33,  35,  36,  37,  38,  40,  43,  45,  46,  48,  49,  50,  53,  54,
     55,  56,  57,   2,   5,   6,  10,  11,  12,  13,  14,  16,  17,  20,  21,  24,
     26,  27,  29,  30,  31,  33,  36,  37,  39,  40,  41,  42,  43,  44,  46,  47,
     48,  50,  53,  54,  11,  12,  13,  14,  16,  17,  18,  19,  20,  21,  22,  23,
     24,  25,  27,  50,  12,  13,  16,  17,  22,  23,  25,   1,   3,   4,   9,  27,
     41,  42,  44,  47,  56,   1,   3,   7,   9,  27,  41,  42,  43,  44,  45,  47,
     55,  56,   5,   6,  27,  30,  33,  36,  41,  42,  43,  44,  46,  48,   3,   4,
      5,   6,   7,   9,  27,  41,  42,  43,  44,  47,  48,  49,  51,  53,  54,  56,
     57,   1,   3,   4,   9,  27,  41,  42,  44,  47,  55,  56,  34,   6,   7,  10,
     27,  29,  30,  31,  33,  36,  37,  43,  46,  48,  54,   1,   3,   4,   9,  27,
     41,  42,  44,  47,  55,  56,   1,   3,   4,   7,   9,  27,  41,  42,  43,  44,
     45,  47,  55,  56,   1,   3,   4,   7,   9,  27,  41,  42,  43,  44,  45,  47,
     55,  56,  34,   4,   5,   6,   7,   9,  27,  37,  41,  42,  43,  44,  48,  54,
     56,  57,   5,   6,  27,  29,  30,  31,  33,  36,  37,  43,  46,  48,  54,   4,
      5,   7,   9,  27,  29,  30,  31,  33,  36,  37,  41,  42,  43,  44,  54,  56,
     57,   4,   5,   7,   9,  27,  29,  36,  41,  42,  43,  44,  54,  56,  57,  27,
     29,  30,  31,  33,  36,  37,  43,  46,  48,  54,  27,  29,  30,  31,  32,  33,
     36,  37,  39,  40,  46,  47,  48,  54,  11,  12,  13,  14,  16,  17,  18,  20,
     25,  47,  50,  11,  14,  18,  19,  20,  21,  22,  23,  24,  25,  50,  19,  20,
     21,  22,  24,  25,  19,  21,  24,  11,  14,  18,  19,  21,  22,  23,  24,  25,
     50,  11,  12,  13,  14,  16,  17,  18,  19,  20,  21,  22,  23,  24,  25,  50,
      0,   1,   3,   5,   7,   9,  11,  14,  19,  21,  23,  24,  25,  26,  27,  28,
     47,  50,  55,  56,  57,   1,   3,   4,   9,  27,  41,  42,  44,  47,  55,  56,
      7,   9,  27,  47,   1,   3,   4,   7,   9,  27,  41,  42,  43,  44,  45,  47,
     55,  56,  11,  12,  13,  14,  16,  17,  21,  22,  24,  50,  11,  12,  13,  14,
     16,  17,  18,  19,  20,  21,  22,  23,  24,  25,  50,
};

static const int8_t ubuntu_20_regularKernSparseValues[] = {
     -53,  -17,  -17,  -82,  -17,  -17,    9,    7,   -8,  -89,   53,  -20,  -20,  -20,  -20,  -12,
       7,   -7,   10,   11,  -13,   -8,   -8,   -9,   -8,   -8,   -8,  -19,  -23,  -12,  -19,  -29,
     -15,  -13,  -43,   -7,   -7,  -81,  -17,  -65,   17,  -19,  -19,   19,  -22,  -22,    9,  -47,
     -15,  -51,  -27,    7,  -53,   13,   13,  -19,  -33,   -8,  -21,  -33,  -11,   -9,  -33,  -18,
     -18,  -47,  -17,  -17,   19,   21,   15,   13,   23,    6,  -51,   -7,   -7,   -7,   -7,  -57,
      -8,  -14,   -9,  -27,  -17,   -7,   -7,  -17,   -7,   -7,  -12,  -29,   -8,  -24,  -15,  -26,
     -36,  -23,  -25,  -52,  -13,  -42,   17,   11,  -10,   22,  -13,  -13,   19,  -13,  -13,   11,
     -43,   -7,  -41,  -12,   17,  -53,   13,  -18,   -9,   -9,   -9,  -11,   -9,   -9,    9,  -10,
     -14,  -13,   17,  -10,   10,  -13,   -7,  -13,   23,   -9,  -47,  -45,   17,   -7,   -7,  -17,
      -7,   -7,  -14,   -7,  -13,  -13,   -9,  -14,  -17,  -23,   -9,  -15,   -8,  -15,   15,  -20,
      10,  -11,   15,  -13,  -13,   15,  -13,  -13,    7,   11,   11,    9,   11,    7,   -7,  -10,
     -10,  -10,  -10,  -10,  -10,  -13,  -11,  -11,    9,  -11,  -19,  -30,   15,  -10,    9,   12,
      -9,  -17,   -8,  -22,  -22,  -29,  -26,   -7,  -13,  -17,   -7,  -18,  -11,  -11,  -16,  -27,
     -10,   -7,  -28,   -9,  -19,  -28,  -13,   -8,  -23,  -11,  -14,   -9,    7,  -11,   11,  -19,
     -19,   11,  -19,  -19,  -15,  -11,  -29,  -11,  -11,  -11,  -15,  -11,  -10,   -9,  -13,  -17,
     -17,    6,  -17,  -13,  -15,  -15,   12,  -10,   -9,   -7,  -16,  -43,  -40,  -12,    9,  -12,
     -31,   -9,   -9,  -53,   -9,   -9,    9,   12,   13,  -10,  -27,  -34,   -9,   -9,   -9,   -9,
     -19,   -9,   -9,  -17,  -24,  -17,  -14,  -51,  -10,  -69,   -7,  -17,   -7,  -12,  -12,   -7,
      -7,   -7,  -24,   -7,  -10,  -11,  -23,  -12,  -13,  -17,   -9,  -12,  -22,   11,  -31,   12,
       7,  -13,   23,  -23,  -23,   18,  -23,  -23,   11,   13,    7,   17,   15,   14,  -17,  -14,
     -14,  -14,  -14,  -14,  -14,    9,   -9,   -9,  -32,   18,   -7,   11,  -13,  -41,   23,   14,
     -17,   10,  -84,   -7,  -93,   15,  -46,    8,   19,  -30,  -30,   19,  -30,  -30,    9,  -77,
     -12,  -67,  -30,   13,  -77,    9,  -21,   -8,   -8,   -8,   -8,   -8,   -8,  -27,  -25,   14,
     -13,    7,  -16,  -10,  -26,    7,   19,  -80,  -79,    9,   -4,   -5,   -9,  -15,   -8,  -19,
     -22,  -28,  -23,   -7,  -13,  -17,   -7,  -18,  -11,  -11,  -16,  -27,  -10,   -7,  -28,   -9,
     -19,  -27,  -11,   -7,  -20,   -7,   -8,  -16,  -60,  -41,  -33,  -63,  -12,  -10,  -27,  -13,
     -14,  -14,  -21,  -14,  -14,   -7,    7,    6,    7,  -16,  -12,  -56,  -11,    7,  -77,   -9,
     -15,   -8,  -22,  -23,   -7,  -13,  -17,   -7,  -18,  -11,  -11,  -16,  -27,  -10,   -7,   -9,
      10,  -27,  -11,   -7,  -13,   -8,    9,    8,   -9,  -10,   19,   -7,   -7,   15,   -7,   -7,
      -7,   13,  -13,    9,  -22,   14,    6,  -11,  -11,  -13,   19,  -10,    9,  -18,    8,  -50,
     -33,  -57,  -56,   15,  -34,  -43,  -18,  -18,  -60,  -18,  -18,   16,   18,   11,   10,   19,
     -21,  -30,  -37,  -37,  -37,  -37,  -27,  -37,  -37,  -30,  -23,  -15,  -54,  -12,  -15,  -20,
     -16,  -57,  -51,  -48,   14,   21,  -53,  -45,   -7,   -7,  -27,   -7,   -7,  -10,  -11,  -25,
     -11,  -12,   -7,  -15,  -23,  -14,    9,  -22,   11,  -50,   -7,  -45,  -13,   16,  -25,  -41,
     -11,  -11,  -63,   -4,  -11,  -11,   19,   21,   14,   13,   22,  -19,  -17,  -30,  -30,  -30,
     -30,  -20,  -30,  -30,  -10,  -16,   -1,  -16,  -29,   -7,  -55,    7,   21,  -34,   13,   16,
     -49,    9,  -11,  -25,  -31,   -7,   11,  -13,  -12,  -11,  -11,  -40,  -11,  -11,   13,   15,
       8,    7,   16,  -25,  -19,  -15,  -15,  -15,  -17,  -14,  -15,  -15,  -11,  -13,  -11,  -13,
     -33,   12,  -17,   12,   17,  -25,  -17,  -17,    9,  -19,    7,  -17,   18,  -16,  -16,   13,
     -16,  -16,    9,   11,   12,   13,    9,  -23,  -12,  -12,  -12,  -12,  -12,  -12,   -7,   -7,
     -25,   13,   -5,  -17,  -31,   19,  -19,    7,  -28,   12,  -43,  -33,  -55,  -25,   17,  -39,
     -53,  -27,  -27,  -77,   -5,  -27,  -27,   20,   22,   15,   14,   23,    7,  -17,  -27,  -33,
     -33,  -33,  -33,  -27,  -33,  -33,  -13,  -23,  -10,  -19,  -15,  -51,  -21,  -53,   27,  -52,
       7,   11,  -52,  -14,    7,  -40,  -11,   11,  -24,  -24,   11,  -24,  -24,   -9,    7,    8,
     -11,  -29,  -11,  -11,  -11,  -15,  -11,  -10,   -9,  -13,  -15,  -16,    6,  -15,  -23,  -10,
     -33,   12,    7,  -10,  -19,  -29,  -29,  -19,  -29,  -29,  -17,  -22,  -25,  -19,  -25,  -24,
     -18,  -27,   53,  -18,   -7,   -7,   -7,   -7,   -7,   -7,  -11,  -18,  -16,  -13,  -19,  -20,
     -10,   -8,  -10,  -14,  -16,  -25,  -18,  -15,  -19,  -20,   -9,   -8,  -11,   -9,  -13,  -14,
     -22,  -22,    7,  -21,  -18,   -8,  -11,   -9,    7,    7,   11,    7,  -14,  -19,   26,    7,
     -35,  -23,  -28,   16,   26,   13,   12,   10,   13,   26,  -13,    6,   20,   27,  -11,   13,
     -35,  -25,  -16,  -14,  -18,  -19,  -10,   -9,  -11,  -14,  -20,  -20,    6,  -18,    7,  -13,
     -17,  -17,  -17,  -17,  -19,  -19,  -17,   13,  -13,  -23,  -18,  -21,  -17,  -15,  -19,  -20,
     -11,   -9,  -12,  -14,  -15,  -17,  -21,  -18,  -13,  -15,  -20,  -20,   -9,   -9,  -11,   -9,
     -13,  -14,  -15,  -18,  -21,  -18,  -13,  -15,  -19,  -20,   -9,   -8,  -11,   -9,  -12,  -14,
     -15,  -18,   20,    8,  -37,  -21,  -31,  -29,  -16,   -8,   14,   13,   11,   14,  -14,  -13,
       9,  -35,    7,  -26,  -18,   -9,   -9,   -7,   -7,   -9,   -8,   11,  -14,  -19,   -8,    6,
     -23,  -21,  -26,  -17,  -10,   -9,   -9,   -9,   -9,   -9,   12,   11,    9,   12,  -11,    8,
     -24,    6,  -21,  -19,  -23,  -17,   -9,   -8,   12,   11,    9,   12,   -9,    8,  -20,  -18,
     -14,  -14,  -14,  -14,  -14,  -14,   11,  -14,  -19,  -16,  -23,  -13,  -13,  -13,   -8,  -15,
     -13,  -12,   -9,   -9,  -19,  -14,  -22,  -12,   -8,  -17,  -20,   -8,  -20,  -20,  -14,  -15,
     -12,   53,   -7,  -14,  -14,  -12,  -17,   -7,  -17,  -13,  -19,  -16,  -23,  -13,  -55,   -7,
     -19,  -14,  -31,   -7,  -51,   -8,  -22,  -13,  -28,  -14,  -57,  -29,  -14,  -34,  -52,  -29,
     -29,  -31,  -25,  -25,  -41,  -25,  -25,  -21,  -74,  -29,  -31,  -26,  -46,  -44,  -45,  -47,
      -9,  -22,  -26,  -40,  -27,  -23,  -18,  -37,  -29,  -14,  -29,  -28,  -31,  -11,  -28,  -10,
     -18,  -33,  -17,  -11,  -38,  -27,  -18,  -22,  -13,  -14,  -19,  -17,  -19,  -14,  -21,  -20,
     -14,   10,    9,    9,  -27,  -18,  -13,  -15,  -19,  -20,   -9,   -8,  -11,   -9,  -12,  -14,
     -24,  -24,  -50,  -14,  -14,  -77,  -14,  -14,   13,   11,    9,  -88,   17,  -17,  -17,   19,
     -19,  -21,   11,  -45,  -13,  -49,  -23,    8,  -51,   14,   14,
};

static const EpdLigaturePair ubuntu_20_regularLigaturePairs[] = {
    { 0x00660066, 0xFB00 }, // f f -> U+FB00
    { 0x00660069, 0xFB01 }, // f i -> U+FB01
    { 0x0066006C, 0xFB02 }, // f l -> U+FB02
    { 0xFB000069, 0xFB03 }, // U+FB00 i -> U+FB03
    { 0xFB00006C, 0xFB04 }, // U+FB00 l -> U+FB04
};

static const EpdFontData ubuntu_20_regular = {
    ubuntu_20_regularBitmaps,
    ubuntu_20_regularGlyphs,
    ubuntu_20_regularIntervals,
    43,
    48,
    39,
    -8,
    false,
    nullptr,
    0,
    nullptr,
    nullptr,  // kernLeftClasses: built-in fonts use the split arrays below
    nullptr,  // kernRightClasses
    ubuntu_20_regularKernLeftCodepoints,
    ubuntu_20_regularKernLeftClassIds,
    ubuntu_20_regularKernRightCodepoints,
    ubuntu_20_regularKernRightClassIds,
    nullptr,  // kernMatrix: built-in fonts use the sparse form below
    ubuntu_20_regularKernRowOffsets,
    ubuntu_20_regularKernSparseCols,
    ubuntu_20_regularKernSparseValues,
    117,
    128,
    62,
    58,
    ubuntu_20_regularLigaturePairs,
    5,
};
