/**
 * generated by fontconvert.py
 * name: ubuntu_24_regular
 * size: 24
 * mode: 1-bit
 * Command used: fontconvert.py ubuntu_24_regular 24 ../builtinFonts/source/Ubuntu/Ubuntu-Regular.ttf --no-default-intervals --additional-intervals 0x0020,0x007E --additional-intervals 0x00A0,0x00FF --additional-intervals 0x0152,0x0153 --additional-intervals 0x0160,0x0161 --additional-intervals 0x0178,0x0178 --additional-intervals 0x017D,0x017E --additional-intervals 0x0192,0x0192 --additional-intervals 0x02C6,0x02C6 --additional-intervals 0x02DC,0x02DC --additional-intervals 0x0300,0x036F --additional-intervals 0x2000,0x206F --additional-intervals 0x2070,0x209F --additional-intervals 0x20A0,0x20CF --additional-intervals 0x2100,0x214F --additional-intervals 0x2150,0x218F --additional-intervals 0x2190,0x21FF --additional-intervals 0x2200,0x22FF --additional-intervals 0xFB00,0xFB06 --additional-intervals 0xFFFD,0xFFFD
 */
#pragma once
#include "EpdFontData.h"

static const uint8_t ubuntu_24_regularBitmaps[27303] = {
    0x7E, 0x7E, 0x7E, 0x7E, 0x7E, 0x7E, 0x7E, 0x7E, 0x7E, 0x7E, 0x7E, 0x7E, 0x7E, 0x7E, 0x7E, 0x7E,
    0x7C, 0x7C, 0x3C, 0x3C, 0x3C, 0x3C, 0x3C, 0x00, 0x00, 0x00, 0x00, 0x00, 0x3C, 0x7E, 0xFE, 0xFF,
    0xFE, 0x7E, 0x3C, 0xFC, 0x7F, 0xF8, 0xFF, 0xF1, 0xFF, 0xE3, 0xFF, 0xC7, 0xFF, 0x8F, 0xFF, 0x1F,
    0x3E, 0x3E, 0x78, 0x7C, 0xF0, 0x79, 0xE0, 0xF3, 0xC1, 0xE7, 0x83, 0xC0, 0x00, 0x7C, 0x03, 0xE0,
    0x03, 0xE0, 0x3E, 0x00, 0x1F, 0x01, 0xF0, 0x00, 0xF8, 0x0F, 0x80, 0x07, 0x80, 0x7C, 0x00, 0x7C,
    0x03, 0xE0, 0x03, 0xE0, 0x3E, 0x00, 0x1F, 0x01, 0xF0, 0x00, 0xF8, 0x0F, 0x87, 0xFF, 0xFF, 0xFF,
    0xFF, 0xFF, 0xFF, 0xFF, 0xFF, 0xFF, 0xFF, 0xFF, 0xFF, 0xFF, 0xFF, 0x80, 0xF8, 0x0F, 0x80, 0x07,
    0xC0, 0x7C, 0x00, 0x7C, 0x03, 0xE0, 0x03, 0xE0, 0x1E, 0x00, 0x1F, 0x01, 0xF0, 0x00, 0xF8, 0x0F,
    0x80, 0x07, 0xC0, 0x7C, 0x00, 0x7C, 0x03, 0xE0, 0x03, 0xE0, 0x1F, 0x03, 0xFF, 0xFF, 0xFF, 0xFF,
    0xFF, 0xFF, 0xFF, 0xFF, 0xFF, 0xFF, 0xFF, 0xFF, 0xFF, 0xFF, 0xC3, 0xE0, 0x1F, 0x00, 0x1F, 0x01,
    0xF0, 0x00, 0xF8, 0x0F, 0x80, 0x07, 0xC0, 0x7C, 0x00, 0x3E, 0x03, 0xE0, 0x03, 0xE0, 0x1F, 0x00,
    0x1F, 0x00, 0xF0, 0x00, 0xF8, 0x0F, 0x80, 0x07, 0xC0, 0x7C, 0x00, 0x00, 0x7C, 0x00, 0x01, 0xF0,
    0x00, 0x07, 0xC0, 0x00, 0x1F, 0x00, 0x00, 0x7C, 0x00, 0x01, 0xF0, 0x00, 0x3F, 0xFE, 0x03, 0xFF,
    0xFE, 0x1F, 0xFF, 0xF0, 0xFF, 0xFF, 0xC3, 0xFC, 0x3F, 0x1F, 0x80, 0x04, 0x7C, 0x00, 0x01, 0xF0,
    0x00, 0x0F, 0xC0, 0x00, 0x3F, 0x00, 0x00, 0xFE, 0x00, 0x01, 0xF8, 0x00, 0x07, 0xF8, 0x00, 0x0F,
    0xFC, 0x00, 0x3F, 0xFC, 0x00, 0x7F, 0xFC, 0x00, 0x7F, 0xFC, 0x00, 0x7F, 0xF8, 0x00, 0x7F, 0xF0,
    0x00, 0x3F, 0xE0, 0x00, 0x3F, 0xC0, 0x00, 0x7F, 0x00, 0x00, 0xFC, 0x00, 0x01, 0xF0, 0x00, 0x07,
    0xC0, 0x00, 0x1F, 0x00, 0x00, 0xFD, 0x80, 0x07, 0xFF, 0xF0, 0xFF, 0xBF, 0xFF, 0xFE, 0xFF, 0xFF,
    0xF3, 0xFF, 0xFF, 0x81, 0xFF, 0xF0, 0x00, 0x1F, 0x00, 0x00, 0x7C, 0x00, 0x01, 0xF0, 0x00, 0x07,
    0xC0, 0x00, 0x1F, 0x00, 0x00, 0x7C, 0x00, 0x07, 0xF0, 0x00, 0x3F, 0x00, 0x3F, 0xF8, 0x00, 0x7C,
    0x00, 0xFF, 0xF8, 0x01, 0xF8, 0x03, 0xFB, 0xF0, 0x03, 0xE0, 0x07, 0xC1, 0xF0, 0x0F, 0x80, 0x0F,
    0x01, 0xE0, 0x3F, 0x00, 0x3E, 0x03, 0xE0, 0x7C, 0x00, 0x7C, 0x07, 0xC1, 0xF8, 0x00, 0xF8, 0x0F,
    0x83, 0xE0, 0x01, 0xF0, 0x1F, 0x0F, 0xC0, 0x03, 0xE0, 0x3E, 0x1F, 0x00, 0x07, 0xC0, 0x7C, 0x7C,
    0x00, 0x07, 0x80, 0xF0, 0xF8, 0x00, 0x0F, 0x83, 0xE3, 0xE0, 0x00, 0x1F, 0xDF, 0x8F, 0xC0, 0x00,
    0x1F, 0xFF, 0x1F, 0x00, 0x00, 0x1F, 0xFC, 0x7E, 0x00, 0x00, 0x0F, 0xE0, 0xF8, 0x3F, 0x80, 0x00,
    0x03, 0xF1, 0xFF, 0xC0, 0x00, 0x07, 0xC7, 0xFF, 0xC0, 0x00, 0x1F, 0x1F, 0xDF, 0x80, 0x00, 0x3E,
    0x3E, 0x0F, 0x80, 0x00, 0xF8, 0x78, 0x0F, 0x00, 0x03, 0xF1, 0xF0, 0x1F, 0x00, 0x07, 0xC3, 0xE0,
    0x3E, 0x00, 0x1F, 0x87, 0xC0, 0x7C, 0x00, 0x3E, 0x0F, 0x80, 0xF8, 0x00, 0xFC, 0x1F, 0x01, 0xF0,
    0x01, 0xF0, 0x3E, 0x03, 0xE0, 0x07, 0xC0, 0x3C, 0x07, 0x80, 0x0F, 0x80, 0x7C, 0x1F, 0x00, 0x3E,
    0x00, 0xFE, 0xFC, 0x00, 0xFC, 0x00, 0xFF, 0xF8, 0x01, 0xF0, 0x00, 0xFF, 0xE0, 0x07, 0xE0, 0x00,
    0x7F, 0x00, 0x00, 0x7F, 0x80, 0x00, 0x03, 0xFF, 0xC0, 0x00, 0x0F, 0xFF, 0xC0, 0x00, 0x3F, 0xFF,
    0xC0, 0x00, 0x7F, 0x3F, 0x80, 0x01, 0xF8, 0x1F, 0x00, 0x03, 0xE0, 0x1F, 0x00, 0x07, 0xC0, 0x3E,
    0x00, 0x0F, 0x80, 0x7C, 0x00, 0x1F, 0x01, 0xF0, 0x00, 0x3F, 0x03, 0xE0, 0x00, 0x7E, 0x0F, 0xC0,
    0x00, 0x7E, 0x7F, 0x00, 0x00, 0xFF, 0xFC, 0x00, 0x00, 0xFF, 0xF0, 0x00, 0x00, 0xFF, 0xC0, 0x00,
    0x03, 0xFE, 0x00, 0x00, 0x1F, 0xFC, 0x00, 0x00, 0x7F, 0xFC, 0x03, 0xE1, 0xFF, 0xFC, 0x07, 0xC7,
    0xF1, 0xFC, 0x0F, 0x0F, 0xC1, 0xFC, 0x3E, 0x3F, 0x01, 0xFC, 0x7C, 0x7E, 0x01, 0xFD, 0xF8, 0xF8,
    0x01, 0xFF, 0xE1, 0xF0, 0x01, 0xFF, 0xC3, 0xE0, 0x01, 0xFF, 0x07, 0xE0, 0x01, 0xFC, 0x0F, 0xC0,
    0x01, 0xF8, 0x0F, 0xC0, 0x0F, 0xFC, 0x1F, 0xF0, 0xFF, 0xF8, 0x1F, 0xFF, 0xFF, 0xF8, 0x1F, 0xFF,
    0xF9, 0xF8, 0x1F, 0xFF, 0xC1, 0xF8, 0x0F, 0xFE, 0x01, 0xF8, 0xFF, 0xFF, 0xFF, 0xFF, 0xFF, 0xDF,
    0x79, 0xE7, 0x9E, 0x78, 0x00, 0x60, 0x07, 0x80, 0x7E, 0x03, 0xE0, 0x3F, 0x03, 0xF0, 0x1F, 0x01,
    0xF8, 0x0F, 0x80, 0xFC, 0x07, 0xC0, 0x3E, 0x03, 0xF0, 0x1F, 0x00, 0xF8, 0x07, 0xC0, 0x7E, 0x03,
    0xE0, 0x1F, 0x00, 0xF8, 0x07, 0xC0, 0x3E, 0x01, 0xF0, 0x0F, 0x80, 0x7C, 0x03, 0xE0, 0x1F, 0x00,
    0xF8, 0x07, 0xC0, 0x3E, 0x01, 0xF0, 0x0F, 0xC0, 0x3E, 0x01, 0xF0, 0x0F, 0x80, 0x7E, 0x01, 0xF0,
    0x0F, 0x80, 0x7E, 0x01, 0xF0, 0x0F, 0xC0, 0x3E, 0x01, 0xF8, 0x07, 0xE0, 0x1F, 0x00, 0xFC, 0x03,
    0xC0, 0x0C, 0x30, 0x03, 0xC0, 0x3F, 0x00, 0xFC, 0x03, 0xE0, 0x1F, 0x80, 0x7C, 0x03, 0xF0, 0x0F,
    0x80, 0x7E, 0x01, 0xF0, 0x0F, 0xC0, 0x7E, 0x01, 0xF0, 0x0F, 0x80, 0x7E, 0x01, 0xF0, 0x0F, 0x80,
    0x7C, 0x03, 0xE0, 0x1F, 0x80, 0xFC, 0x07, 0xE0, 0x3F, 0x01, 0xF8, 0x0F, 0xC0, 0x7E, 0x03, 0xF0,
    0x1F, 0x00, 0xF8, 0x07, 0xC0, 0x3E, 0x03, 0xF0, 0x1F, 0x00, 0xF8, 0x0F, 0xC0, 0x7E, 0x03, 0xE0,
    0x3F, 0x01, 0xF0, 0x1F, 0x80, 0xF8, 0x0F, 0xC0, 0x7C, 0x07, 0xE0, 0x7E, 0x01, 0xE0, 0x06, 0x00,
    0x00, 0xFC, 0x00, 0x03, 0xF0, 0x00, 0x0F, 0xC0, 0x00, 0x1E, 0x00, 0x00, 0x78, 0x00, 0xE1, 0xE1,
    0xC7, 0xE7, 0x9F, 0x9F, 0xFF, 0xFE, 0x7F, 0xFF, 0xF8, 0x7F, 0xFF, 0x80, 0x1F, 0xE0, 0x00, 0x3F,
    0x00, 0x01, 0xFE, 0x00, 0x1F, 0xFE, 0x00, 0xFC, 0xFC, 0x03, 0xE3, 0xF0, 0x1F, 0x87, 0xE0, 0x3C,
    0x0F, 0x00, 0x30, 0x30, 0x00, 0x00, 0x3C, 0x00, 0x00, 0x3C, 0x00, 0x00, 0x3C, 0x00, 0x00, 0x3C,
    0x00, 0x00, 0x3C, 0x00, 0x00, 0x3C, 0x00, 0x00, 0x3C, 0x00, 0x00, 0x3C, 0x00, 0x00, 0x3C, 0x00,
    0x00, 0x3C, 0x00, 0xFF, 0xFF, 0xFF, 0xFF, 0xFF, 0xFF, 0xFF, 0xFF, 0xFF, 0xFF, 0xFF, 0xFF, 0x00,
    0x3C, 0x00, 0x00, 0x3C, 0x00, 0x00, 0x3C, 0x00, 0x00, 0x3C, 0x00, 0x00, 0x3C, 0x00, 0x00, 0x3C,
    0x00, 0x00, 0x3C, 0x00, 0x00, 0x3C, 0x00, 0x00, 0x3C, 0x00, 0x00, 0x3C, 0x00, 0x3F, 0x1F, 0x1F,
    0x1F, 0x3F, 0x3F, 0x3F, 0x3E, 0x3E, 0x3E, 0x7E, 0x7C, 0x7C, 0x38, 0xFF, 0xFF, 0xFF, 0xFF, 0xFF,
    0xFF, 0xF0, 0x3E, 0x7E, 0x7F, 0xFF, 0x7F, 0x7E, 0x3E, 0x00, 0x00, 0x7E, 0x00, 0x00, 0xF8, 0x00,
    0x03, 0xF0, 0x00, 0x07, 0xE0, 0x00, 0x0F, 0x80, 0x00, 0x3F, 0x00, 0x00, 0x7E, 0x00, 0x00, 0xF8,
    0x00, 0x03, 0xF0, 0x00, 0x07, 0xC0, 0x00, 0x0F, 0x80, 0x00, 0x3F, 0x00, 0x00, 0x7C, 0x00, 0x00,
    0xF8, 0x00, 0x03, 0xF0, 0x00, 0x07, 0xC0, 0x00, 0x0F, 0x80, 0x00, 0x3F, 0x00, 0x00, 0x7C, 0x00,
    0x01, 0xF8, 0x00, 0x03, 0xF0, 0x00, 0x07, 0xC0, 0x00, 0x1F, 0x80, 0x00, 0x3F, 0x00, 0x00, 0x7C,
    0x00, 0x01, 0xF8, 0x00, 0x03, 0xE0, 0x00, 0x07, 0xC0, 0x00, 0x1F, 0x80, 0x00, 0x3E, 0x00, 0x00,
    0x7C, 0x00, 0x01, 0xF8, 0x00, 0x03, 0xE0, 0x00, 0x07, 0xC0, 0x00, 0x1F, 0x80, 0x00, 0x3E, 0x00,
    0x00, 0xFC, 0x00, 0x01, 0xF8, 0x00, 0x03, 0xE0, 0x00, 0x0F, 0xC0, 0x00, 0x1F, 0x80, 0x00, 0x3E,
    0x00, 0x00, 0xFC, 0x00, 0x01, 0xF8, 0x00, 0x03, 0xE0, 0x00, 0x0F, 0xC0, 0x00, 0x1F, 0x00, 0x00,
    0x3E, 0x00, 0x00, 0x00, 0xFF, 0x00, 0x03, 0xFF, 0xC0, 0x07, 0xFF, 0xE0, 0x0F, 0xFF, 0xF0, 0x1F,
    0xE7, 0xF8, 0x1F, 0x81, 0xFC, 0x3F, 0x00, 0xFC, 0x3F, 0x00, 0x7C, 0x7E, 0x00, 0x7E, 0x7E, 0x00,
    0x7E, 0x7C, 0x00, 0x3E, 0x7C, 0x00, 0x3F, 0xFC, 0x00, 0x3F, 0xFC, 0x00, 0x3F, 0xFC, 0x00, 0x3F,
    0xFC, 0x00, 0x3F, 0xFC, 0x00, 0x3F, 0xFC, 0x00, 0x3F, 0xFC, 0x00, 0x3F, 0xFC, 0x00, 0x3F, 0xFC,
    0x00, 0x3F, 0xFC, 0x00, 0x3F, 0xFC, 0x00, 0x3F, 0x7C, 0x00, 0x3F, 0x7C, 0x00, 0x3E, 0x7E, 0x00,
    0x7E, 0x7E, 0x00, 0x7E, 0x3F, 0x00, 0x7C, 0x3F, 0x00, 0xFC, 0x1F, 0x81, 0xFC, 0x1F, 0xE7, 0xF8,
    0x0F, 0xFF, 0xF0, 0x07, 0xFF, 0xE0, 0x03, 0xFF, 0xC0, 0x00, 0xFF, 0x00, 0x00, 0x3E, 0x00, 0xFC,
    0x03, 0xF8, 0x0F, 0xF0, 0x7F, 0xE3, 0xFF, 0xDF, 0xFF, 0xFF, 0xFF, 0x7F, 0x7E, 0xF8, 0xFC, 0xC1,
    0xF8, 0x03, 0xF0, 0x07, 0xE0, 0x0F, 0xC0, 0x1F, 0x80, 0x3F, 0x00, 0x7E, 0x00, 0xFC, 0x01, 0xF8,
    0x03, 0xF0, 0x07, 0xE0, 0x0F, 0xC0, 0x1F, 0x80, 0x3F, 0x00, 0x7E, 0x00, 0xFC, 0x01, 0xF8, 0x03,
    0xF0, 0x07, 0xE0, 0x0F, 0xC0, 0x1F, 0x80, 0x3F, 0x00, 0x7E, 0x00, 0xFC, 0x01, 0xF8, 0x03, 0xFF,
    0x00, 0x1F, 0xFF, 0x80, 0xFF, 0xFF, 0x83, 0xFF, 0xFF, 0x87, 0xF8, 0xFF, 0x8F, 0x80, 0x7F, 0x0E,
    0x00, 0x7E, 0x00, 0x00, 0x7E, 0x00, 0x00, 0xFC, 0x00, 0x01, 0xF8, 0x00, 0x03, 0xF0, 0x00, 0x07,
    0xC0, 0x00, 0x1F, 0x80, 0x00, 0x3F, 0x00, 0x00, 0xFC, 0x00, 0x03, 0xF8, 0x00, 0x0F, 0xE0, 0x00,
    0x3F, 0x80, 0x00, 0xFE, 0x00, 0x03, 0xF8, 0x00, 0x0F, 0xE0, 0x00, 0x3F, 0x80, 0x00, 0xFE, 0x00,
    0x01, 0xF8, 0x00, 0x07, 0xE0, 0x00, 0x1F, 0xC0, 0x00, 0x7F, 0x00, 0x00, 0xFC, 0x00, 0x03, 0xF0,
    0x00, 0x07, 0xC0, 0x00, 0x0F, 0x80, 0x00, 0x3F, 0xFF, 0xFF, 0x7F, 0xFF, 0xFE, 0xFF, 0xFF, 0xFD,
    0xFF, 0xFF, 0xF8, 0x07, 0xFF, 0x00, 0x3F, 0xFF, 0x81, 0xFF, 0xFF, 0x83, 0xFF, 0xFF, 0x83, 0xF9,
    0xFF, 0x07, 0x00, 0x7F, 0x00, 0x00, 0x7E, 0x00, 0x00, 0x7C, 0x00, 0x00, 0xF8, 0x00, 0x01, 0xF0,
    0x00, 0x07, 0xE0, 0x00, 0x0F, 0xC0, 0x00, 0x3F, 0x00, 0x07, 0xFC, 0x00, 0x7F, 0xF0, 0x00, 0xFF,
    0xC0, 0x01, 0xFF, 0xE0, 0x03, 0xFF, 0xE0, 0x00, 0xFF, 0xE0, 0x00, 0x1F, 0xC0, 0x00, 0x0F, 0xC0,
    0x00, 0x1F, 0x80, 0x00, 0x1F, 0x80, 0x00, 0x3F, 0x00, 0x00, 0x7E, 0x00, 0x00, 0xFC, 0x00, 0x01,
    0xF8, 0x00, 0x03, 0xE0, 0x00, 0x0F, 0xCC, 0x00, 0x3F, 0x9F, 0x87, 0xFE, 0x3F, 0xFF, 0xF8, 0x7F,
    0xFF, 0xE0, 0xFF, 0xFF, 0x80, 0x7F, 0xF8, 0x00, 0x00, 0x01, 0xF0, 0x00, 0x01, 0xF8, 0x00, 0x01,
    0xFC, 0x00, 0x01, 0xFE, 0x00, 0x01, 0xFF, 0x00, 0x01, 0xFF, 0x80, 0x01, 0xFF, 0xC0, 0x00, 0xFF,
    0xE0, 0x00, 0xFD, 0xF0, 0x00, 0xFC, 0xF8, 0x00, 0x7C, 0x7C, 0x00, 0x7E, 0x3E, 0x00, 0x7E, 0x1F,
    0x00, 0x3E, 0x0F, 0x80, 0x3E, 0x07, 0xC0, 0x3F, 0x03, 0xE0, 0x1F, 0x01, 0xF0, 0x1F, 0x00, 0xF8,
    0x0F, 0x80, 0x7C, 0x0F, 0x80, 0x3E, 0x07, 0xC0, 0x1F, 0x07, 0xC0, 0x0F, 0x83, 0xFF, 0xFF, 0xFD,
    0xFF, 0xFF, 0xFE, 0xFF, 0xFF, 0xFF, 0x7F, 0xFF, 0xFF, 0x80, 0x00, 0x7C, 0x00, 0x00, 0x3E, 0x00,
    0x00, 0x1F, 0x00, 0x00, 0x0F, 0x80, 0x00, 0x07, 0xC0, 0x00, 0x03, 0xE0, 0x00, 0x01, 0xF0, 0x00,
    0x00, 0xF8, 0x00, 0x00, 0x7C, 0x00, 0x1F, 0xFF, 0xF8, 0x7F, 0xFF, 0xE1, 0xFF, 0xFF, 0x87, 0xFF,
    0xFE, 0x1F, 0x00, 0x00, 0x7C, 0x00, 0x01, 0xF0, 0x00, 0x07, 0xC0, 0x00, 0x1F, 0x00, 0x00, 0x7C,
    0x00, 0x01, 0xF0, 0x00, 0x07, 0x80, 0x00, 0x3E, 0x00, 0x00, 0xFF, 0xE0, 0x03, 0xFF, 0xF0, 0x0F,
    0xFF, 0xE0, 0x3F, 0xFF, 0xE0, 0x0F, 0xFF, 0xC0, 0x00, 0xFF, 0x00, 0x00, 0xFE, 0x00, 0x01, 0xF8,
    0x00, 0x03, 0xF0, 0x00, 0x0F, 0xC0, 0x00, 0x3F, 0x00, 0x00, 0xFC, 0x00, 0x03, 0xF0, 0x00, 0x0F,
    0xC0, 0x00, 0x3E, 0x00, 0x01, 0xF9, 0x80, 0x0F, 0xE7, 0xE1, 0xFF, 0x3F, 0xFF, 0xF8, 0xFF, 0xFF,
    0xC3, 0xFF, 0xFE, 0x01, 0xFF, 0xE0, 0x00, 0x00, 0x07, 0xF0, 0x00, 0x3F, 0xF0, 0x01, 0xFF, 0xE0,
    0x0F, 0xFF, 0xC0, 0x3F, 0xFC, 0x00, 0xFF, 0x00, 0x03, 0xF8, 0x00, 0x0F, 0xE0, 0x00, 0x1F, 0x80,
    0x00, 0x7E, 0x00, 0x00, 0xF8, 0x00, 0x03, 0xF0, 0x00, 0x07, 0xE0, 0x00, 0x0F, 0xBF, 0xF0, 0x3F,
    0xFF, 0xF8, 0x7F, 0xFF, 0xF8, 0xFF, 0xFF, 0xF9, 0xFF, 0x0F, 0xF3, 0xF0, 0x07, 0xF7, 0xC0, 0x07,
    0xEF, 0x80, 0x07, 0xFF, 0x00, 0x0F, 0xFE, 0x00, 0x1F, 0xFE, 0x00, 0x3F, 0xFC, 0x00, 0x7F, 0xF8,
    0x00, 0xFD, 0xF0, 0x01, 0xFB, 0xF0, 0x03, 0xE7, 0xE0, 0x0F, 0xC7, 0xE0, 0x3F, 0x8F, 0xF9, 0xFE,
    0x0F, 0xFF, 0xF8, 0x0F, 0xFF, 0xE0, 0x0F, 0xFF, 0x80, 0x07, 0xFC, 0x00, 0xFF, 0xFF, 0xFD, 0xFF,
    0xFF, 0xFB, 0xFF, 0xFF, 0xF7, 0xFF, 0xFF, 0xE0, 0x00, 0x0F, 0xC0, 0x00, 0x3F, 0x00, 0x00, 0x7C,
    0x00, 0x01, 0xF8, 0x00, 0x07, 0xE0, 0x00, 0x0F, 0xC0, 0x00, 0x3F, 0x00, 0x00, 0x7C, 0x00, 0x01,
    0xF8, 0x00, 0x03, 0xE0, 0x00, 0x0F, 0xC0, 0x00, 0x1F, 0x80, 0x00, 0x7E, 0x00, 0x00, 0xFC, 0x00,
    0x01, 0xF0, 0x00, 0x07, 0xE0, 0x00, 0x0F, 0xC0, 0x00, 0x1F, 0x00, 0x00, 0x7E, 0x00, 0x00, 0xFC,
    0x00, 0x01, 0xF0, 0x00, 0x07, 0xE0, 0x00, 0x0F, 0xC0, 0x00, 0x1F, 0x80, 0x00, 0x3E, 0x00, 0x00,
    0x7C, 0x00, 0x01, 0xF8, 0x00, 0x03, 0xF0, 0x00, 0x07, 0xE0, 0x00, 0x0F, 0xC0, 0x00, 0x1F, 0x00,
    0x00, 0x00, 0xFF, 0x80, 0x03, 0xFF, 0xE0, 0x0F, 0xFF, 0xF0, 0x1F, 0xFF, 0xF8, 0x1F, 0xE7, 0xFC,
    0x3F, 0x00, 0xFC, 0x3E, 0x00, 0x7E, 0x7E, 0x00, 0x7E, 0x7E, 0x00, 0x3E, 0x7E, 0x00, 0x3E, 0x7E,
    0x00, 0x7E, 0x7F, 0x00, 0x7E, 0x3F, 0x80, 0xFC, 0x3F, 0xC1, 0xFC, 0x1F, 0xF3, 0xF8, 0x1F, 0xFF,
    0xF0, 0x0F, 0xFF, 0xE0, 0x03, 0xFF, 0xC0, 0x0F, 0xFF, 0xF0, 0x1F, 0xFF, 0xF8, 0x3F, 0x8F, 0xFC,
    0x3F, 0x03, 0xFE, 0x7E, 0x01, 0xFE, 0x7C, 0x00, 0x7E, 0x7C, 0x00, 0x3F, 0xFC, 0x00, 0x3F, 0xFC,
    0x00, 0x3F, 0x7C, 0x00, 0x3F, 0x7E, 0x00, 0x3E, 0x7F, 0x00, 0x7E, 0x3F, 0xC3, 0xFE, 0x3F, 0xFF,
    0xFC, 0x1F, 0xFF, 0xF8, 0x07, 0xFF, 0xF0, 0x01, 0xFF, 0xC0, 0x01, 0xFF, 0x00, 0x07, 0xFF, 0xC0,
    0x0F, 0xFF, 0xE0, 0x1F, 0xFF, 0xF0, 0x3F, 0xCF, 0xF8, 0x3F, 0x01, 0xFC, 0x7E, 0x00, 0xFC, 0x7E,
    0x00, 0x7C, 0x7C, 0x00, 0x7E, 0xFC, 0x00, 0x7E, 0xFC, 0x00, 0x3E, 0xFC, 0x00, 0x3E, 0xFC, 0x00,
    0x3E, 0xFC, 0x00, 0x3E, 0x7C, 0x00, 0x3E, 0x7E, 0x00, 0x3E, 0x7F, 0x00, 0x3E, 0x3F, 0xC3, 0xFE,
    0x3F, 0xFF, 0xFE, 0x1F, 0xFF, 0xFE, 0x0F, 0xFF, 0xFE, 0x03, 0xFF, 0x7E, 0x00, 0x00, 0x7C, 0x00,
    0x00, 0xFC, 0x00, 0x00, 0xFC, 0x00, 0x01, 0xF8, 0x00, 0x01, 0xF8, 0x00, 0x07, 0xF0, 0x00, 0x0F,
    0xE0, 0x00, 0x3F, 0xE0, 0x07, 0xFF, 0xC0, 0x3F, 0xFF, 0x00, 0x3F, 0xFE, 0x00, 0x3F, 0xF8, 0x00,
    0x3F, 0xC0, 0x00, 0x3E, 0x7E, 0x7F, 0xFF, 0x7F, 0x7E, 0x3E, 0x00, 0x00, 0x00, 0x00, 0x00, 0x00,
    0x00, 0x00, 0x00, 0x00, 0x00, 0x00, 0x00, 0x3E, 0x7E, 0x7F, 0xFF, 0x7F, 0x7E, 0x3E, 0x1F, 0x1F,
    0x8F, 0xEF, 0xF3, 0xF9, 0xF8, 0x7C, 0x00, 0x00, 0x00, 0x00, 0x00, 0x00, 0x00, 0x00, 0x00, 0x00,
    0x00, 0x00, 0x00, 0x00, 0x00, 0x01, 0xF8, 0x7C, 0x3E, 0x1F, 0x1F, 0x8F, 0xC7, 0xE3, 0xE1, 0xF0,
    0xF8, 0xFC, 0x7C, 0x3E, 0x0E, 0x00, 0x00, 0x00, 0x0E, 0x00, 0x00, 0x3E, 0x00, 0x00, 0xFE, 0x00,
    0x07, 0xFF, 0x00, 0x1F, 0xFE, 0x00, 0x7F, 0xF0, 0x01, 0xFF, 0xC0, 0x0F, 0xFF, 0x00, 0x3F, 0xFC,
    0x00, 0xFF, 0xE0, 0x00, 0xFF, 0x80, 0x00, 0xFE, 0x00, 0x00, 0xFF, 0x80, 0x00, 0xFF, 0xE0, 0x00,
    0x3F, 0xFC, 0x00, 0x0F, 0xFF, 0x00, 0x01, 0xFF, 0xC0, 0x00, 0x7F, 0xF0, 0x00, 0x1F, 0xFE, 0x00,
    0x07, 0xFF, 0x00, 0x00, 0xFF, 0x00, 0x00, 0x3E, 0x00, 0x00, 0x0E, 0xFF, 0xFF, 0xFF, 0xFF, 0xFF,
    0xFF, 0xFF, 0xFF, 0xFF, 0xFF, 0xFF, 0xFF, 0x00, 0x00, 0x00, 0x00, 0x00, 0x00, 0x00, 0x00, 0x00,
    0x00, 0x00, 0x00, 0x00, 0x00, 0x00, 0x00, 0x00, 0x00, 0x00, 0x00, 0x00, 0xFF, 0xFF, 0xFF, 0xFF,
    0xFF, 0xFF, 0xFF, 0xFF, 0xFF, 0xFF, 0xFF, 0xFF, 0x70, 0x00, 0x00, 0x7C, 0x00, 0x00, 0x7F, 0x80,
    0x00, 0xFF, 0xE0, 0x00, 0x3F, 0xF8, 0x00, 0x0F, 0xFE, 0x00, 0x03, 0xFF, 0xC0, 0x00, 0xFF, 0xF0,
    0x00, 0x1F, 0xFC, 0x00, 0x07, 0xFF, 0x00, 0x01, 0xFF, 0x00, 0x00, 0x7F, 0x00, 0x01, 0xFF, 0x00,
    0x07, 0xFF, 0x00, 0x1F, 0xFC, 0x00, 0xFF, 0xF0, 0x03, 0xFF, 0xC0, 0x0F, 0xFE, 0x00, 0x3F, 0xF8,
    0x00, 0xFF, 0xE0, 0x00, 0x7F, 0x80, 0x00, 0x7C, 0x00, 0x00, 0x70, 0x00, 0x00, 0x0F, 0xFC, 0x0F,
    0xFF, 0xE1, 0xFF, 0xFE, 0x3F, 0xFF, 0xE7, 0xE3, 0xFE, 0x60, 0x1F, 0xC0, 0x01, 0xF8, 0x00, 0x1F,
    0x00, 0x03, 0xE0, 0x00, 0xFC, 0x00, 0x1F, 0x80, 0x07, 0xE0, 0x01, 0xF8, 0x00, 0x7E, 0x00, 0x1F,
    0x80, 0x07, 0xE0, 0x01, 0xF8, 0x00, 0x3E, 0x00, 0x0F, 0xC0, 0x01, 0xF0, 0x00, 0x3E, 0x00, 0x07,
    0xC0, 0x00, 0xF8, 0x00, 0x00, 0x00, 0x00, 0x00, 0x00, 0x00, 0x00, 0x00, 0x00, 0x00, 0x00, 0x00,
    0x3E, 0x00, 0x0F, 0xE0, 0x01, 0xFC, 0x00, 0x3F, 0x80, 0x07, 0xF0, 0x00, 0xFE, 0x00, 0x0F, 0x80,
    0x00, 0x00, 0x01, 0xFF, 0xE0, 0x00, 0x00, 0x03, 0xFF, 0xFF, 0x00, 0x00, 0x03, 0xFF, 0xFF, 0xF0,
    0x00, 0x03, 0xFF, 0xFF, 0xFF, 0x00, 0x01, 0xFF, 0xE1, 0xFF, 0xE0, 0x00, 0xFF, 0x80, 0x03, 0xFC,
    0x00, 0x7F, 0x80, 0x00, 0x7F, 0x80, 0x3F, 0x80, 0x00, 0x07, 0xF0, 0x1F, 0xC0, 0x00, 0x00, 0xFE,
    0x07, 0xE0, 0x00, 0x00, 0x1F, 0x83, 0xF0, 0x07, 0xFF, 0x83, 0xF0, 0xF8, 0x07, 0xFF, 0xF0, 0x7C,
    0x7E, 0x03, 0xFF, 0xFC, 0x1F, 0x9F, 0x01, 0xFF, 0xFF, 0x03, 0xE7, 0xC0, 0xFF, 0x8F, 0xC0, 0xF9,
    0xF0, 0x3F, 0x01, 0xF0, 0x3E, 0xF8, 0x1F, 0x80, 0x7C, 0x0F, 0xBE, 0x07, 0xC0, 0x1F, 0x03, 0xFF,
    0x83, 0xF0, 0x07, 0xC0, 0x7F, 0xE0, 0xFC, 0x01, 0xF0, 0x1F, 0xF8, 0x3F, 0x00, 0x7C, 0x07, 0xFE,
    0x0F, 0xC0, 0x1F, 0x03, 0xEF, 0x83, 0xF0, 0x07, 0xC0, 0xFB, 0xE0, 0xFC, 0x01, 0xF0, 0x3E, 0xF8,
    0x3F, 0x00, 0x7C, 0x0F, 0xBE, 0x07, 0xC0, 0x1F, 0x07, 0xEF, 0x81, 0xF8, 0x07, 0xC1, 0xF3, 0xF0,
    0x7F, 0x01, 0xF0, 0xFC, 0x7C, 0x0F, 0xF1, 0xFE, 0x7E, 0x1F, 0x01, 0xFF, 0xFF, 0xFF, 0x87, 0xE0,
    0x3F, 0xFF, 0xFF, 0xC0, 0xF8, 0x07, 0xFF, 0xFF, 0xE0, 0x3F, 0x00, 0x7F, 0xCF, 0xF0, 0x07, 0xE0,
    0x00, 0x00, 0x40, 0x01, 0xFC, 0x00, 0x00, 0x00, 0x00, 0x3F, 0x80, 0x00, 0x00, 0x00, 0x07, 0xF8,
    0x00, 0x00, 0x00, 0x00, 0xFF, 0x80, 0x00, 0x00, 0x00, 0x1F, 0xFF, 0x07, 0xC0, 0x00, 0x03, 0xFF,
    0xFF, 0xF0, 0x00, 0x00, 0x3F, 0xFF, 0xFC, 0x00, 0x00, 0x03, 0xFF, 0xFF, 0x00, 0x00, 0x00, 0x1F,
    0xFF, 0x80, 0x00, 0x00, 0x03, 0xE0, 0x00, 0x00, 0x03, 0xF8, 0x00, 0x00, 0x01, 0xFC, 0x00, 0x00,
    0x01, 0xFF, 0x00, 0x00, 0x00, 0xFF, 0x80, 0x00, 0x00, 0x7F, 0xE0, 0x00, 0x00, 0x7F, 0xF0, 0x00,
    0x00, 0x3E, 0xF8, 0x00, 0x00, 0x3F, 0x7E, 0x00, 0x00, 0x1F, 0x1F, 0x00, 0x00, 0x1F, 0x8F, 0xC0,
    0x00, 0x0F, 0x87, 0xE0, 0x00, 0x07, 0xC1, 0xF8, 0x00, 0x07, 0xE0, 0xFC, 0x00, 0x03, 0xE0, 0x3E,
    0x00, 0x03, 0xF0, 0x1F, 0x80, 0x01, 0xF0, 0x0F, 0xC0, 0x00, 0xF8, 0x03, 0xF0, 0x00, 0xFC, 0x01,
    0xF8, 0x00, 0x7C, 0x00, 0x7C, 0x00, 0x7E, 0x00, 0x3F, 0x00, 0x3F, 0x00, 0x1F, 0x80, 0x1F, 0xFF,
    0xFF, 0xC0, 0x1F, 0xFF, 0xFF, 0xF0, 0x0F, 0xFF, 0xFF, 0xF8, 0x07, 0xFF, 0xFF, 0xFE, 0x07, 0xE0,
    0x00, 0x3F, 0x03, 0xE0, 0x00, 0x1F, 0x83, 0xF0, 0x00, 0x07, 0xE1, 0xF8, 0x00, 0x03, 0xF0, 0xF8,
    0x00, 0x01, 0xF8, 0xFC, 0x00, 0x00, 0x7E, 0x7E, 0x00, 0x00, 0x3F, 0x3E, 0x00, 0x00, 0x0F, 0xFF,
    0x00, 0x00, 0x07, 0xE0, 0xFF, 0xFF, 0x80, 0x3F, 0xFF, 0xFC, 0x0F, 0xFF, 0xFF, 0x83, 0xFF, 0xFF,
    0xF0, 0xFC, 0x0F, 0xFE, 0x3E, 0x00, 0x3F, 0xCF, 0x80, 0x07, 0xF3, 0xE0, 0x00, 0xFC, 0xF8, 0x00,
    0x3F, 0x3E, 0x00, 0x07, 0xCF, 0x80, 0x03, 0xF3, 0xE0, 0x00, 0xFC, 0xF8, 0x00, 0x7F, 0x3E, 0x00,
    0x3F, 0x8F, 0x80, 0xFF, 0xC3, 0xFF, 0xFF, 0xE0, 0xFF, 0xFF, 0xF0, 0x3F, 0xFF, 0xFF, 0x0F, 0xFF,
    0xFF, 0xE3, 0xE0, 0x0F, 0xFC, 0xF8, 0x00, 0x3F, 0xBE, 0x00, 0x07, 0xEF, 0x80, 0x00, 0xFF, 0xE0,
    0x00, 0x3F, 0xF8, 0x00, 0x0F, 0xFE, 0x00, 0x03, 0xFF, 0x80, 0x00, 0xFF, 0xE0, 0x00, 0x3F, 0xF8,
    0x00, 0x1F, 0xBE, 0x00, 0x1F, 0xEF, 0xC0, 0x7F, 0xF3, 0xFF, 0xFF, 0xF8, 0xFF, 0xFF, 0xFC, 0x3F,
    0xFF, 0xFE, 0x0F, 0xFF, 0xFC, 0x00, 0x00, 0x0F, 0xFF, 0x00, 0x07, 0xFF, 0xFE, 0x00, 0xFF, 0xFF,
    0xF0, 0x3F, 0xFF, 0xFE, 0x07, 0xFF, 0x9F, 0xE0, 0xFF, 0x80, 0x0E, 0x0F, 0xE0, 0x00, 0x01, 0xFC,
    0x00, 0x00, 0x1F, 0x80, 0x00, 0x03, 0xF0, 0x00, 0x00, 0x3F, 0x00, 0x00, 0x07, 0xE0, 0x00, 0x00,
    0x7E, 0x00, 0x00, 0x07, 0xE0, 0x00, 0x00, 0x7E, 0x00, 0x00, 0x07, 0xE0, 0x00, 0x00, 0x7C, 0x00,
    0x00, 0x07, 0xC0, 0x00, 0x00, 0x7C, 0x00, 0x00, 0x07, 0xE0, 0x00, 0x00, 0x7E, 0x00, 0x00, 0x07,
    0xE0, 0x00, 0x00, 0x7E, 0x00, 0x00, 0x07, 0xE0, 0x00, 0x00, 0x3F, 0x00, 0x00, 0x03, 0xF0, 0x00,
    0x00, 0x3F, 0x80, 0x00, 0x01, 0xFC, 0x00, 0x00, 0x1F, 0xE0, 0x00, 0x00, 0xFF, 0x00, 0x0E, 0x07,
    0xFF, 0x0F, 0xE0, 0x3F, 0xFF, 0xFF, 0x01, 0xFF, 0xFF, 0xF0, 0x07, 0xFF, 0xFE, 0x00, 0x1F, 0xFF,
    0x00, 0xFF, 0xFF, 0x80, 0x07, 0xFF, 0xFF, 0x00, 0x3F, 0xFF, 0xFE, 0x01, 0xFF, 0xFF, 0xFC, 0x0F,
    0xC0, 0xFF, 0xF0, 0x7E, 0x00, 0x7F, 0xC3, 0xF0, 0x00, 0xFF, 0x1F, 0x80, 0x01, 0xFC, 0xFC, 0x00,
    0x0F, 0xE7, 0xE0, 0x00, 0x3F, 0xBF, 0x00, 0x00, 0xFD, 0xF8, 0x00, 0x07, 0xEF, 0xC0, 0x00, 0x1F,
    0xFE, 0x00, 0x00, 0xFF, 0xF0, 0x00, 0x07, 0xFF, 0x80, 0x00, 0x3F, 0xFC, 0x00, 0x01, 0xFF, 0xE0,
    0x00, 0x0F, 0xFF, 0x00, 0x00, 0x7F, 0xF8, 0x00, 0x03, 0xFF, 0xC0, 0x00, 0x1F, 0xFE, 0x00, 0x00,
    0xFF, 0xF0, 0x00, 0x07, 0xFF, 0x80, 0x00, 0x7E, 0xFC, 0x00, 0x03, 0xF7, 0xE0, 0x00, 0x3F, 0xBF,
    0x00, 0x03, 0xF9, 0xF8, 0x00, 0x1F, 0xCF, 0xC0, 0x03, 0xFC, 0x7E, 0x00, 0x7F, 0xC3, 0xF0, 0x3F,
    0xFC, 0x1F, 0xFF, 0xFF, 0xC0, 0xFF, 0xFF, 0xF8, 0x07, 0xFF, 0xFF, 0x80, 0x3F, 0xFF, 0xE0, 0x00,
    0xFF, 0xFF, 0xFD, 0xFF, 0xFF, 0xFB, 0xFF, 0xFF, 0xF7, 0xFF, 0xFF, 0xEF, 0xC0, 0x00, 0x1F, 0x80,
    0x00, 0x3F, 0x00, 0x00, 0x7E, 0x00, 0x00, 0xFC, 0x00, 0x01, 0xF8, 0x00, 0x03, 0xF0, 0x00, 0x07,
    0xE0, 0x00, 0x0F, 0xC0, 0x00, 0x1F, 0x80, 0x00, 0x3F, 0x00, 0x00, 0x7F, 0xFF, 0xF8, 0xFF, 0xFF,
    0xF1, 0xFF, 0xFF, 0xE3, 0xFF, 0xFF, 0xC7, 0xE0, 0x00, 0x0F, 0xC0, 0x00, 0x1F, 0x80, 0x00, 0x3F,
    0x00, 0x00, 0x7E, 0x00, 0x00, 0xFC, 0x00, 0x01, 0xF8, 0x00, 0x03, 0xF0, 0x00, 0x07, 0xE0, 0x00,
    0x0F, 0xC0, 0x00, 0x1F, 0x80, 0x00, 0x3F, 0x00, 0x00, 0x7F, 0xFF, 0xFF, 0xFF, 0xFF, 0xFF, 0xFF,
    0xFF, 0xFF, 0xFF, 0xFF, 0xF8, 0xFF, 0xFF, 0xFF, 0xFF, 0xFF, 0xFF, 0xFF, 0xFF, 0xFF, 0xFF, 0xFF,
    0xFC, 0x00, 0x03, 0xF0, 0x00, 0x0F, 0xC0, 0x00, 0x3F, 0x00, 0x00, 0xFC, 0x00, 0x03, 0xF0, 0x00,
    0x0F, 0xC0, 0x00, 0x3F, 0x00, 0x00, 0xFC, 0x00, 0x03, 0xF0, 0x00, 0x0F, 0xC0, 0x00, 0x3F, 0xFF,
    0xFC, 0xFF, 0xFF, 0xF3, 0xFF, 0xFF, 0xCF, 0xFF, 0xFF, 0x3F, 0x00, 0x00, 0xFC, 0x00, 0x03, 0xF0,
    0x00, 0x0F, 0xC0, 0x00, 0x3F, 0x00, 0x00, 0xFC, 0x00, 0x03, 0xF0, 0x00, 0x0F, 0xC0, 0x00, 0x3F,
    0x00, 0x00, 0xFC, 0x00, 0x03, 0xF0, 0x00, 0x0F, 0xC0, 0x00, 0x3F, 0x00, 0x00, 0xFC, 0x00, 0x03,
    0xF0, 0x00, 0x0F, 0xC0, 0x00, 0x00, 0x00, 0x0F, 0xFF, 0x00, 0x03, 0xFF, 0xFF, 0x00, 0x3F, 0xFF,
    0xFC, 0x07, 0xFF, 0xFF, 0xE0, 0x7F, 0xF0, 0xFF, 0x07, 0xFC, 0x00, 0x70, 0x3F, 0x80, 0x00, 0x03,
    0xF8, 0x00, 0x00, 0x1F, 0x80, 0x00, 0x01, 0xF8, 0x00, 0x00, 0x0F, 0xC0, 0x00, 0x00, 0xFC, 0x00,
    0x00, 0x07, 0xE0, 0x00, 0x00, 0x3F, 0x00, 0x00, 0x01, 0xF8, 0x00, 0x00, 0x0F, 0xC0, 0x00, 0x00,
    0x7C, 0x00, 0x00, 0x03, 0xE0, 0x00, 0x00, 0x1F, 0x00, 0x00, 0x7E, 0xFC, 0x00, 0x03, 0xF7, 0xE0,
    0x00, 0x1F, 0xBF, 0x00, 0x00, 0xFD, 0xF8, 0x00, 0x07, 0xEF, 0xC0, 0x00, 0x3F, 0x3F, 0x00, 0x01,
    0xF9, 0xF8, 0x00, 0x0F, 0xCF, 0xE0, 0x00, 0x7E, 0x3F, 0x80, 0x03, 0xF1, 0xFE, 0x00, 0x1F, 0x87,
    0xF8, 0x00, 0xFC, 0x1F, 0xFC, 0x3F, 0xE0, 0x7F, 0xFF, 0xFF, 0x01, 0xFF, 0xFF, 0xF8, 0x03, 0xFF,
    0xFF, 0xC0, 0x07, 0xFF, 0xF0, 0xFC, 0x00, 0x03, 0xFF, 0x80, 0x00, 0x7F, 0xF0, 0x00, 0x0F, 0xFE,
    0x00, 0x01, 0xFF, 0xC0, 0x00, 0x3F, 0xF8, 0x00, 0x07, 0xFF, 0x00, 0x00, 0xFF, 0xE0, 0x00, 0x1F,
    0xFC, 0x00, 0x03, 0xFF, 0x80, 0x00, 0x7F, 0xF0, 0x00, 0x0F, 0xFE, 0x00, 0x01, 0xFF, 0xC0, 0x00,
    0x3F, 0xF8, 0x00, 0x07, 0xFF, 0x00, 0x00, 0xFF, 0xFF, 0xFF, 0xFF, 0xFF, 0xFF, 0xFF, 0xFF, 0xFF,
    0xFF, 0xFF, 0xFF, 0xFF, 0xFF, 0xFE, 0x00, 0x01, 0xFF, 0xC0, 0x00, 0x3F, 0xF8, 0x00, 0x07, 0xFF,
    0x00, 0x00, 0xFF, 0xE0, 0x00, 0x1F, 0xFC, 0x00, 0x03, 0xFF, 0x80, 0x00, 0x7F, 0xF0, 0x00, 0x0F,
    0xFE, 0x00, 0x01, 0xFF, 0xC0, 0x00, 0x3F, 0xF8, 0x00, 0x07, 0xFF, 0x00, 0x00, 0xFF, 0xE0, 0x00,
    0x1F, 0xFC, 0x00, 0x03, 0xFF, 0x80, 0x00, 0x7F, 0xF0, 0x00, 0x0F, 0x80, 0xFF, 0xFF, 0xFF, 0xFF,
    0xFF, 0xFF, 0xFF, 0xFF, 0xFF, 0xFF, 0xFF, 0xFF, 0xFF, 0xFF, 0xFF, 0xFF, 0xFF, 0xFF, 0xFF, 0xFF,
    0xFF, 0xFF, 0xFF, 0xFF, 0xFF, 0xFF, 0xC0, 0x00, 0x00, 0xF8, 0x00, 0x07, 0xC0, 0x00, 0x3E, 0x00,
    0x01, 0xF0, 0x00, 0x0F, 0x80, 0x00, 0x7C, 0x00, 0x03, 0xE0, 0x00, 0x1F, 0x00, 0x00, 0xF8, 0x00,
    0x07, 0xC0, 0x00, 0x3E, 0x00, 0x01, 0xF0, 0x00, 0x0F, 0x80, 0x00, 0x7C, 0x00, 0x03, 0xE0, 0x00,
    0x1F, 0x00, 0x00, 0xF8, 0x00, 0x07, 0xC0, 0x00, 0x3E, 0x00, 0x01, 0xF0, 0x00, 0x0F, 0x80, 0x00,
    0x7C, 0x00, 0x03, 0xE0, 0x00, 0x1F, 0x00, 0x00, 0xF8, 0x00, 0x07, 0xC0, 0x00, 0x7E, 0x00, 0x03,
    0xF2, 0x00, 0x3F, 0xBC, 0x01, 0xF9, 0xFC, 0x7F, 0xDF, 0xFF, 0xFC, 0xFF, 0xFF, 0xC1, 0xFF, 0xFC,
    0x03, 0xFF, 0x80, 0xFC, 0x00, 0x1F, 0xCF, 0xC0, 0x03, 0xF8, 0xFC, 0x00, 0x7F, 0x0F, 0xC0, 0x0F,
    0xE0, 0xFC, 0x00, 0xFC, 0x0F, 0xC0, 0x1F, 0x80, 0xFC, 0x03, 0xF0, 0x0F, 0xC0, 0x7E, 0x00, 0xFC,
    0x0F, 0xC0, 0x0F, 0xC1, 0xF8, 0x00, 0xFC, 0x3F, 0x00, 0x0F, 0xC7, 0xE0, 0x00, 0xFD, 0xFC, 0x00,
    0x0F, 0xFF, 0x80, 0x00, 0xFF, 0xF0, 0x00, 0x0F, 0xFE, 0x00, 0x00, 0xFF, 0xE0, 0x00, 0x0F, 0xFF,
    0x80, 0x00, 0xFF, 0xFC, 0x00, 0x0F, 0xDF, 0xE0, 0x00, 0xFC, 0xFF, 0x00, 0x0F, 0xC7, 0xF8, 0x00,
    0xFC, 0x3F, 0xC0, 0x0F, 0xC1, 0xFE, 0x00, 0xFC, 0x0F, 0xF0, 0x0F, 0xC0, 0x7F, 0x80, 0xFC, 0x03,
    0xFC, 0x0F, 0xC0, 0x1F, 0xC0, 0xFC, 0x00, 0xFE, 0x0F, 0xC0, 0x07, 0xF0, 0xFC, 0x00, 0x3F, 0x8F,
    0xC0, 0x01, 0xF8, 0xFC, 0x00, 0x1F, 0xCF, 0xC0, 0x00, 0xFE, 0xFC, 0x00, 0x07, 0xE0, 0xFC, 0x00,
    0x03, 0xF0, 0x00, 0x0F, 0xC0, 0x00, 0x3F, 0x00, 0x00, 0xFC, 0x00, 0x03, 0xF0, 0x00, 0x0F, 0xC0,
    0x00, 0x3F, 0x00, 0x00, 0xFC, 0x00, 0x03, 0xF0, 0x00, 0x0F, 0xC0, 0x00, 0x3F, 0x00, 0x00, 0xFC,
    0x00, 0x03, 0xF0, 0x00, 0x0F, 0xC0, 0x00, 0x3F, 0x00, 0x00, 0xFC, 0x00, 0x03, 0xF0, 0x00, 0x0F,
    0xC0, 0x00, 0x3F, 0x00, 0x00, 0xFC, 0x00, 0x03, 0xF0, 0x00, 0x0F, 0xC0, 0x00, 0x3F, 0x00, 0x00,
    0xFC, 0x00, 0x03, 0xF0, 0x00, 0x0F, 0xC0, 0x00, 0x3F, 0x00, 0x00, 0xFC, 0x00, 0x03, 0xF0, 0x00,
    0x0F, 0xC0, 0x00, 0x3F, 0xFF, 0xFF, 0xFF, 0xFF, 0xFF, 0xFF, 0xFF, 0xFF, 0xFF, 0xFF, 0xC0, 0x3F,
    0x00, 0x00, 0x03, 0xE0, 0xFC, 0x00, 0x00, 0x1F, 0x83, 0xF8, 0x00, 0x00, 0x7E, 0x0F, 0xE0, 0x00,
    0x03, 0xF8, 0x3F, 0xC0, 0x00, 0x0F, 0xE0, 0xFF, 0x00, 0x00, 0x7F, 0xC3, 0xFE, 0x00, 0x01, 0xFF,
    0x0F, 0xF8, 0x00, 0x0F, 0xFC, 0x3F, 0xF0, 0x00, 0x3F, 0xF0, 0xFF, 0xC0, 0x01, 0xFF, 0xC3, 0xEF,
    0x80, 0x07, 0xDF, 0x1F, 0xBE, 0x00, 0x3F, 0x7C, 0x7E, 0x7C, 0x00, 0xF9, 0xF1, 0xF9, 0xF0, 0x03,
    0xE7, 0xC7, 0xC7, 0xC0, 0x1F, 0x1F, 0x1F, 0x0F, 0x80, 0x7C, 0x7C, 0x7C, 0x3E, 0x03, 0xE1, 0xF9,
    0xF0, 0x7C, 0x0F, 0x87, 0xE7, 0xC1, 0xF0, 0x3C, 0x1F, 0x9F, 0x03, 0xE1, 0xF0, 0x7E, 0x7C, 0x0F,
    0x87, 0x81, 0xF9, 0xF0, 0x1E, 0x3E, 0x03, 0xE7, 0xC0, 0x7C, 0xF0, 0x0F, 0x9F, 0x00, 0xF7, 0xC0,
    0x3E, 0x7C, 0x03, 0xFF, 0x00, 0xFB, 0xF0, 0x0F, 0xF8, 0x03, 0xEF, 0xC0, 0x1F, 0xE0, 0x0F, 0xBF,
    0x00, 0x7F, 0x00, 0x3E, 0xFC, 0x00, 0xFC, 0x00, 0xFB, 0xF0, 0x03, 0xE0, 0x03, 0xEF, 0xC0, 0x00,
    0x00, 0x0F, 0xBF, 0x00, 0x00, 0x00, 0x3E, 0xFC, 0x00, 0x00, 0x00, 0xFB, 0xF0, 0x00, 0x00, 0x03,
    0xFF, 0x80, 0x00, 0x00, 0x0F, 0xC0, 0xF8, 0x00, 0x01, 0xF7, 0xE0, 0x00, 0x0F, 0xBF, 0x80, 0x00,
    0x7D, 0xFE, 0x00, 0x03, 0xEF, 0xF0, 0x00, 0x1F, 0x7F, 0xC0, 0x00, 0xFB, 0xFF, 0x00, 0x07, 0xDF,
    0xFC, 0x00, 0x3E, 0xFF, 0xF0, 0x01, 0xF7, 0xDF, 0x80, 0x0F, 0xBE, 0x7E, 0x00, 0x7D, 0xF1, 0xF8,
    0x03, 0xEF, 0x8F, 0xE0, 0x1F, 0x7C, 0x3F, 0x00, 0xFB, 0xE0, 0xFC, 0x07, 0xDF, 0x03, 0xF0, 0x3E,
    0xF8, 0x1F, 0xC1, 0xF7, 0xC0, 0x7E, 0x0F, 0xBE, 0x01, 0xF8, 0x7D, 0xF0, 0x07, 0xE3, 0xEF, 0x80,
    0x3F, 0x1F, 0x7C, 0x00, 0xFC, 0xFB, 0xE0, 0x03, 0xF7, 0xDF, 0x00, 0x1F, 0xBE, 0xF8, 0x00, 0x7F,
    0xF7, 0xC0, 0x01, 0xFF, 0xBE, 0x00, 0x0F, 0xFD, 0xF0, 0x00, 0x3F, 0xEF, 0x80, 0x00, 0xFF, 0x7C,
    0x00, 0x07, 0xFB, 0xE0, 0x00, 0x1F, 0xDF, 0x00, 0x00, 0x7E, 0xF8, 0x00, 0x03, 0xF7, 0xC0, 0x00,
    0x0F, 0xBE, 0x00, 0x00, 0x7C, 0x00, 0x0F, 0xFE, 0x00, 0x00, 0x1F, 0xFF, 0xF0, 0x00, 0x0F, 0xFF,
    0xFE, 0x00, 0x0F, 0xFF, 0xFF, 0xE0, 0x07, 0xFF, 0x1F, 0xFC, 0x03, 0xFC, 0x00, 0xFF, 0x80, 0xFE,
    0x00, 0x0F, 0xE0, 0x7F, 0x00, 0x01, 0xFC, 0x3F, 0x80, 0x00, 0x3F, 0x0F, 0xC0, 0x00, 0x07, 0xE3,
    0xF0, 0x00, 0x01, 0xF9, 0xF8, 0x00, 0x00, 0x7F, 0x7E, 0x00, 0x00, 0x0F, 0xDF, 0x80, 0x00, 0x03,
    0xF7, 0xE0, 0x00, 0x00, 0xFD, 0xF8, 0x00, 0x00, 0x3F, 0x7C, 0x00, 0x00, 0x0F, 0xDF, 0x00, 0x00,
    0x03, 0xF7, 0xC0, 0x00, 0x00, 0xFD, 0xF8, 0x00, 0x00, 0x3F, 0x7E, 0x00, 0x00, 0x0F, 0xDF, 0x80,
    0x00, 0x03, 0xF7, 0xE0, 0x00, 0x00, 0xFD, 0xF8, 0x00, 0x00, 0x7F, 0x3F, 0x00, 0x00, 0x1F, 0x8F,
    0xC0, 0x00, 0x07, 0xE3, 0xF8, 0x00, 0x03, 0xF0, 0x7F, 0x00, 0x01, 0xFC, 0x0F, 0xE0, 0x00, 0xFE,
    0x03, 0xFC, 0x00, 0xFF, 0x80, 0x7F, 0xF1, 0xFF, 0xC0, 0x0F, 0xFF, 0xFF, 0xE0, 0x00, 0xFF, 0xFF,
    0xE0, 0x00, 0x1F, 0xFF, 0xF0, 0x00, 0x00, 0xFF, 0xE0, 0x00, 0xFF, 0xFF, 0x80, 0x7F, 0xFF, 0xF0,
    0x3F, 0xFF, 0xFE, 0x1F, 0xFF, 0xFF, 0x8F, 0xC0, 0xFF, 0xE7, 0xE0, 0x07, 0xFB, 0xF0, 0x01, 0xFD,
    0xF8, 0x00, 0x7E, 0xFC, 0x00, 0x1F, 0xFE, 0x00, 0x0F, 0xFF, 0x00, 0x07, 0xFF, 0x80, 0x03, 0xFF,
    0xC0, 0x01, 0xFF, 0xE0, 0x00, 0xFF, 0xF0, 0x00, 0xFF, 0xF8, 0x00, 0xFE, 0xFC, 0x00, 0xFF, 0x7E,
    0x07, 0xFF, 0x3F, 0xFF, 0xFF, 0x1F, 0xFF, 0xFF, 0x0F, 0xFF, 0xFE, 0x07, 0xFF, 0xFC, 0x03, 0xF0,
    0x00, 0x01, 0xF8, 0x00, 0x00, 0xFC, 0x00, 0x00, 0x7E, 0x00, 0x00, 0x3F, 0x00, 0x00, 0x1F, 0x80,
    0x00, 0x0F, 0xC0, 0x00, 0x07, 0xE0, 0x00, 0x03, 0xF0, 0x00, 0x01, 0xF8, 0x00, 0x00, 0xFC, 0x00,
    0x00, 0x7E, 0x00, 0x00, 0x3F, 0x00, 0x00, 0x00, 0x00, 0x0F, 0xFE, 0x00, 0x00, 0x1F, 0xFF, 0xF0,
    0x00, 0x0F, 0xFF, 0xFE, 0x00, 0x0F, 0xFF, 0xFF, 0xE0, 0x07, 0xFF, 0x1F, 0xFC, 0x03, 0xFC, 0x00,
    0xFF, 0x80, 0xFE, 0x00, 0x0F, 0xE0, 0x7F, 0x00, 0x01, 0xFC, 0x3F, 0x80, 0x00, 0x3F, 0x0F, 0xC0,
    0x00, 0x07, 0xE3, 0xF0, 0x00, 0x01, 0xF9, 0xF8, 0x00, 0x00, 0x7F, 0x7E, 0x00, 0x00, 0x0F, 0xDF,
    0x80, 0x00, 0x03, 0xF7, 0xE0, 0x00, 0x00, 0xFD, 0xF8, 0x00, 0x00, 0x3F, 0x7C, 0x00, 0x00, 0x0F,
    0xDF, 0x00, 0x00, 0x03, 0xF7, 0xC0, 0x00, 0x00, 0xFD, 0xF8, 0x00, 0x00, 0x3F, 0x7E, 0x00, 0x00,
    0x0F, 0xDF, 0x80, 0x00, 0x03, 0xF7, 0xE0, 0x00, 0x00, 0xFD, 0xF8, 0x00, 0x00, 0x7F, 0x3F, 0x00,
    0x00, 0x1F, 0x8F, 0xC0, 0x00, 0x07, 0xE1, 0xF8, 0x00, 0x03, 0xF0, 0x7F, 0x00, 0x01, 0xFC, 0x0F,
    0xE0, 0x00, 0xFE, 0x03, 0xFC, 0x00, 0xFF, 0x80, 0x7F, 0xF1, 0xFF, 0xC0, 0x0F, 0xFF, 0xFF, 0xE0,
    0x00, 0xFF, 0xFF, 0xE0, 0x00, 0x1F, 0xFF, 0xE0, 0x00, 0x00, 0xFF, 0xE0, 0x00, 0x00, 0x03, 0xF0,
    0x00, 0x00, 0x00, 0xFC, 0x00, 0x00, 0x00, 0x1F, 0xC0, 0x00, 0x00, 0x07, 0xFC, 0x00, 0x00, 0x00,
    0xFF, 0xF8, 0x00, 0x00, 0x1F, 0xFF, 0x00, 0x00, 0x01, 0xFF, 0x80, 0x00, 0x00, 0x1F, 0xE0, 0x00,
    0x00, 0x00, 0xF8, 0xFF, 0xFF, 0x80, 0x1F, 0xFF, 0xFC, 0x03, 0xFF, 0xFF, 0xE0, 0x7F, 0xFF, 0xFE,
    0x0F, 0xC0, 0xFF, 0xE1, 0xF8, 0x01, 0xFE, 0x3F, 0x00, 0x1F, 0xC7, 0xE0, 0x01, 0xF8, 0xFC, 0x00,
    0x1F, 0x9F, 0x80, 0x03, 0xF3, 0xF0, 0x00, 0x7E, 0x7E, 0x00, 0x0F, 0xCF, 0xC0, 0x01, 0xF9, 0xF8,
    0x00, 0x7E, 0x3F, 0x00, 0x0F, 0xC7, 0xE0, 0x07, 0xF8, 0xFC, 0x0F, 0xFE, 0x1F, 0xFF, 0xFF, 0x83,
    0xFF, 0xFF, 0xE0, 0x7F, 0xFF, 0xF0, 0x0F, 0xFF, 0xFC, 0x01, 0xF8, 0x1F, 0xC0, 0x3F, 0x01, 0xFC,
    0x07, 0xE0, 0x1F, 0x80, 0xFC, 0x03, 0xF8, 0x1F, 0x80, 0x3F, 0x83, 0xF0, 0x03, 0xF0, 0x7E, 0x00,
    0x7F, 0x0F, 0xC0, 0x07, 0xE1, 0xF8, 0x00, 0x7E, 0x3F, 0x00, 0x0F, 0xE7, 0xE0, 0x00, 0xFC, 0xFC,
    0x00, 0x1F, 0xDF, 0x80, 0x01, 0xFB, 0xF0, 0x00, 0x1F, 0x80, 0x00, 0xFF, 0xE0, 0x03, 0xFF, 0xFE,
    0x03, 0xFF, 0xFF, 0x83, 0xFF, 0xFF, 0x83, 0xFE, 0x1F, 0xC1, 0xF8, 0x00, 0xE1, 0xF8, 0x00, 0x00,
    0xFC, 0x00, 0x00, 0x7E, 0x00, 0x00, 0x3F, 0x00, 0x00, 0x1F, 0x80, 0x00, 0x0F, 0xE0, 0x00, 0x03,
    0xF8, 0x00, 0x01, 0xFF, 0x00, 0x00, 0x7F, 0xF0, 0x00, 0x1F, 0xFE, 0x00, 0x07, 0xFF, 0xC0, 0x00,
    0xFF, 0xF8, 0x00, 0x1F, 0xFE, 0x00, 0x03, 0xFF, 0x80, 0x00, 0x7F, 0xE0, 0x00, 0x0F, 0xF8, 0x00,
    0x01, 0xFC, 0x00, 0x00, 0x7E, 0x00, 0x00, 0x3F, 0x00, 0x00, 0x1F, 0x80, 0x00, 0x07, 0xC0, 0x00,
    0x07, 0xE0, 0x00, 0x03, 0xF3, 0xC0, 0x03, 0xF9, 0xFE, 0x1F, 0xF8, 0xFF, 0xFF, 0xF8, 0xFF, 0xFF,
    0xF8, 0x1F, 0xFF, 0xF8, 0x01, 0xFF, 0xF0, 0x00, 0xFF, 0xFF, 0xFF, 0xFF, 0xFF, 0xFF, 0xFF, 0xFF,
    0xFF, 0xFF, 0xFF, 0xFF, 0xFF, 0xFF, 0x00, 0x1F, 0x80, 0x00, 0x01, 0xF8, 0x00, 0x00, 0x1F, 0x80,
    0x00, 0x01, 0xF8, 0x00, 0x00, 0x1F, 0x80, 0x00, 0x01, 0xF8, 0x00, 0x00, 0x1F, 0x80, 0x00, 0x01,
    0xF8, 0x00, 0x00, 0x1F, 0x80, 0x00, 0x01, 0xF8, 0x00, 0x00, 0x1F, 0x80, 0x00, 0x01, 0xF8, 0x00,
    0x00, 0x1F, 0x80, 0x00, 0x01, 0xF8, 0x00, 0x00, 0x1F, 0x80, 0x00, 0x01, 0xF8, 0x00, 0x00, 0x1F,
    0x80, 0x00, 0x01, 0xF8, 0x00, 0x00, 0x1F, 0x80, 0x00, 0x01, 0xF8, 0x00, 0x00, 0x1F, 0x80, 0x00,
    0x01, 0xF8, 0x00, 0x00, 0x1F, 0x80, 0x00, 0x01, 0xF8, 0x00, 0x00, 0x1F, 0x80, 0x00, 0x01, 0xF8,
    0x00, 0x00, 0x1F, 0x80, 0x00, 0x01, 0xF8, 0x00, 0x00, 0x1F, 0x80, 0x00, 0x01, 0xF8, 0x00, 0x00,
    0x1F, 0x80, 0x00, 0xF8, 0x00, 0x07, 0xFF, 0x00, 0x00, 0xFF, 0xE0, 0x00, 0x1F, 0xFC, 0x00, 0x03,
    0xFF, 0x80, 0x00, 0x7F, 0xF0, 0x00, 0x0F, 0xFE, 0x00, 0x01, 0xFF, 0xC0, 0x00, 0x3F, 0xF8, 0x00,
    0x07, 0xFF, 0x00, 0x00, 0xFF, 0xE0, 0x00, 0x1F, 0xFC, 0x00, 0x03, 0xFF, 0x80, 0x00, 0x7F, 0xF0,
    0x00, 0x0F, 0xFE, 0x00, 0x01, 0xFF, 0xC0, 0x00, 0x3F, 0xF8, 0x00, 0x07, 0xFF, 0x00, 0x00, 0xFF,
    0xE0, 0x00, 0x1F, 0xFC, 0x00, 0x03, 0xFF, 0x80, 0x00, 0x7F, 0xF0, 0x00, 0x0F, 0xFE, 0x00, 0x01,
    0xFF, 0xC0, 0x00, 0x3F, 0xFC, 0x00, 0x07, 0xDF, 0x80, 0x00, 0xFB, 0xF0, 0x00, 0x3F, 0x3F, 0x00,
    0x07, 0xE7, 0xF0, 0x01, 0xF8, 0x7F, 0x00, 0x7F, 0x0F, 0xFC, 0x7F, 0xC0, 0xFF, 0xFF, 0xF0, 0x0F,
    0xFF, 0xFC, 0x00, 0x7F, 0xFF, 0x00, 0x03, 0xFF, 0x80, 0x00, 0xFC, 0x00, 0x00, 0x1F, 0xBF, 0x00,
    0x00, 0x1F, 0x9F, 0x80, 0x00, 0x0F, 0xCF, 0xC0, 0x00, 0x0F, 0xC3, 0xF0, 0x00, 0x07, 0xE1, 0xF8,
    0x00, 0x03, 0xF0, 0xFE, 0x00, 0x03, 0xF0, 0x3F, 0x00, 0x01, 0xF8, 0x1F, 0x80, 0x00, 0xFC, 0x0F,
    0xE0, 0x00, 0xFC, 0x03, 0xF0, 0x00, 0x7E, 0x01, 0xF8, 0x00, 0x3F, 0x00, 0x7E, 0x00, 0x3F, 0x00,
    0x3F, 0x00, 0x1F, 0x80, 0x1F, 0x80, 0x0F, 0x80, 0x07, 0xE0, 0x0F, 0xC0, 0x03, 0xF0, 0x07, 0xE0,
    0x01, 0xFC, 0x07, 0xE0, 0x00, 0x7E, 0x03, 0xF0, 0x00, 0x3F, 0x01, 0xF8, 0x00, 0x0F, 0xC1, 0xF8,
    0x00, 0x07, 0xE0, 0xFC, 0x00, 0x03, 0xF0, 0x7C, 0x00, 0x00, 0xFC, 0x7E, 0x00, 0x00, 0x7E, 0x3F,
    0x00, 0x00, 0x1F, 0xBF, 0x00, 0x00, 0x0F, 0xDF, 0x80, 0x00, 0x03, 0xFF, 0x80, 0x00, 0x01, 0xFF,
    0xC0, 0x00, 0x00, 0xFF, 0xC0, 0x00, 0x00, 0x3F, 0xE0, 0x00, 0x00, 0x1F, 0xF0, 0x00, 0x00, 0x07,
    0xF0, 0x00, 0x00, 0x03, 0xF8, 0x00, 0x00, 0x00, 0xF8, 0x00, 0x00, 0xFC, 0x00, 0x00, 0x00, 0x01,
    0xF7, 0xE0, 0x00, 0x00, 0x00, 0x1F, 0xBF, 0x00, 0x00, 0x00, 0x00, 0xFC, 0xFC, 0x00, 0x00, 0x00,
    0x07, 0xE7, 0xE0, 0x00, 0xF8, 0x00, 0x3F, 0x3F, 0x00, 0x0F, 0xC0, 0x01, 0xF1, 0xF8, 0x00, 0x7F,
    0x00, 0x0F, 0x8F, 0xC0, 0x03, 0xF8, 0x00, 0xFC, 0x3E, 0x00, 0x3F, 0xC0, 0x07, 0xE1, 0xF8, 0x01,
    0xFE, 0x00, 0x3F, 0x0F, 0xC0, 0x0F, 0xF8, 0x01, 0xF0, 0x7E, 0x00, 0x7F, 0xC0, 0x0F, 0x83, 0xF0,
    0x07, 0xFE, 0x00, 0xFC, 0x0F, 0x80, 0x3E, 0xF8, 0x07, 0xE0, 0x7E, 0x01, 0xF7, 0xC0, 0x3F, 0x03,
    0xF0, 0x1F, 0x3E, 0x01, 0xF0, 0x1F, 0x80, 0xF8, 0xF8, 0x0F, 0x80, 0x7C, 0x07, 0xC7, 0xC0, 0xFC,
    0x03, 0xF0, 0x7C, 0x3F, 0x07, 0xE0, 0x1F, 0x83, 0xE0, 0xF8, 0x3E, 0x00, 0xFC, 0x3F, 0x07, 0xC1,
    0xF0, 0x03, 0xE1, 0xF0, 0x3F, 0x1F, 0x80, 0x1F, 0x0F, 0x80, 0xF8, 0xFC, 0x00, 0xFC, 0xF8, 0x07,
    0xC7, 0xC0, 0x07, 0xE7, 0xC0, 0x3F, 0x3E, 0x00, 0x1F, 0x3E, 0x00, 0xFB, 0xF0, 0x00, 0xFB, 0xE0,
    0x07, 0xDF, 0x80, 0x07, 0xFF, 0x00, 0x3F, 0xF8, 0x00, 0x3F, 0xF8, 0x00, 0xFF, 0xC0, 0x00, 0xFF,
    0x80, 0x07, 0xFE, 0x00, 0x07, 0xFC, 0x00, 0x1F, 0xE0, 0x00, 0x3F, 0xC0, 0x00, 0xFF, 0x00, 0x00,
    0xFE, 0x00, 0x07, 0xF8, 0x00, 0x07, 0xF0, 0x00, 0x1F, 0x80, 0x00, 0x3F, 0x00, 0x00, 0xFC, 0x00,
    0x7E, 0x00, 0x03, 0xF9, 0xFC, 0x00, 0x0F, 0xC3, 0xF0, 0x00, 0x7F, 0x07, 0xE0, 0x03, 0xF8, 0x1F,
    0xC0, 0x0F, 0xC0, 0x3F, 0x00, 0x7F, 0x00, 0x7E, 0x03, 0xF8, 0x01, 0xFC, 0x0F, 0xC0, 0x03, 0xF0,
    0x7F, 0x00, 0x07, 0xE1, 0xF8, 0x00, 0x1F, 0xCF, 0xC0, 0x00, 0x3F, 0x7F, 0x00, 0x00, 0x7F, 0xF8,
    0x00, 0x01, 0xFF, 0xC0, 0x00, 0x03, 0xFF, 0x00, 0x00, 0x07, 0xF8, 0x00, 0x00, 0x1F, 0xC0, 0x00,
    0x00, 0x7F, 0x00, 0x00, 0x01, 0xFE, 0x00, 0x00, 0x0F, 0xFC, 0x00, 0x00, 0x7F, 0xF8, 0x00, 0x03,
    0xFF, 0xE0, 0x00, 0x0F, 0xDF, 0xC0, 0x00, 0x7E, 0x3F, 0x80, 0x03, 0xF8, 0x7E, 0x00, 0x0F, 0xC0,
    0xFC, 0x00, 0x7E, 0x03, 0xF8, 0x03, 0xF8, 0x07, 0xE0, 0x0F, 0xC0, 0x0F, 0xC0, 0x7E, 0x00, 0x3F,
    0x83, 0xF8, 0x00, 0x7E, 0x0F, 0xC0, 0x00, 0xFC, 0x7E, 0x00, 0x03, 0xF1, 0xF8, 0x00, 0x07, 0xEF,
    0xC0, 0x00, 0x1F, 0xC0, 0xFE, 0x00, 0x00, 0xFD, 0xF8, 0x00, 0x07, 0xE7, 0xF0, 0x00, 0x1F, 0x8F,
    0xC0, 0x00, 0xFC, 0x3F, 0x80, 0x03, 0xF0, 0x7E, 0x00, 0x1F, 0x81, 0xFC, 0x00, 0xFC, 0x03, 0xF0,
    0x03, 0xF0, 0x07, 0xE0, 0x1F, 0x80, 0x1F, 0x80, 0x7E, 0x00, 0x3F, 0x03, 0xF0, 0x00, 0xFE, 0x0F,
    0xC0, 0x01, 0xF8, 0x7E, 0x00, 0x03, 0xF3, 0xF0, 0x00, 0x0F, 0xCF, 0xC0, 0x00, 0x1F, 0xFE, 0x00,
    0x00, 0x7F, 0xF8, 0x00, 0x00, 0xFF, 0xC0, 0x00, 0x01, 0xFE, 0x00, 0x00, 0x07, 0xF8, 0x00, 0x00,
    0x0F, 0xC0, 0x00, 0x00, 0x3F, 0x00, 0x00, 0x00, 0xFC, 0x00, 0x00, 0x03, 0xF0, 0x00, 0x00, 0x0F,
    0xC0, 0x00, 0x00, 0x3F, 0x00, 0x00, 0x00, 0xFC, 0x00, 0x00, 0x03, 0xF0, 0x00, 0x00, 0x0F, 0xC0,
    0x00, 0x00, 0x3F, 0x00, 0x00, 0x00, 0xFC, 0x00, 0x00, 0x03, 0xF0, 0x00, 0x00, 0x0F, 0xC0, 0x00,
    0x00, 0x3F, 0x00, 0x00, 0x00, 0xFC, 0x00, 0x00, 0x7F, 0xFF, 0xFF, 0xDF, 0xFF, 0xFF, 0xF7, 0xFF,
    0xFF, 0xFD, 0xFF, 0xFF, 0xFF, 0x00, 0x00, 0x1F, 0x80, 0x00, 0x0F, 0xE0, 0x00, 0x07, 0xF0, 0x00,
    0x03, 0xF8, 0x00, 0x00, 0xFC, 0x00, 0x00, 0x7E, 0x00, 0x00, 0x3F, 0x80, 0x00, 0x1F, 0xC0, 0x00,
    0x07, 0xE0, 0x00, 0x03, 0xF0, 0x00, 0x01, 0xFC, 0x00, 0x00, 0x7E, 0x00, 0x00, 0x3F, 0x00, 0x00,
    0x1F, 0x80, 0x00, 0x0F, 0xE0, 0x00, 0x03, 0xF0, 0x00, 0x01, 0xF8, 0x00, 0x00, 0xFE, 0x00, 0x00,
    0x3F, 0x00, 0x00, 0x1F, 0x80, 0x00, 0x07, 0xE0, 0x00, 0x03, 0xF0, 0x00, 0x01, 0xF8, 0x00, 0x00,
    0x7E, 0x00, 0x00, 0x3F, 0x00, 0x00, 0x0F, 0xC0, 0x00, 0x07, 0xE0, 0x00, 0x01, 0xFF, 0xFF, 0xFF,
    0xFF, 0xFF, 0xFF, 0xFF, 0xFF, 0xFF, 0xFF, 0xFF, 0xFF, 0xFC, 0xFF, 0xF7, 0xFF, 0xBF, 0xFD, 0xFF,
    0xEF, 0xC0, 0x7E, 0x03, 0xF0, 0x1F, 0x80, 0xFC, 0x07, 0xE0, 0x3F, 0x01, 0xF8, 0x0F, 0xC0, 0x7E,
    0x03, 0xF0, 0x1F, 0x80, 0xFC, 0x07, 0xE0, 0x3F, 0x01, 0xF8, 0x0F, 0xC0, 0x7E, 0x03, 0xF0, 0x1F,
    0x80, 0xFC, 0x07, 0xE0, 0x3F, 0x01, 0xF8, 0x0F, 0xC0, 0x7E, 0x03, 0xF0, 0x1F, 0x80, 0xFC, 0x07,
    0xE0, 0x3F, 0x01, 0xF8, 0x0F, 0xC0, 0x7E, 0x03, 0xF0, 0x1F, 0x80, 0xFC, 0x07, 0xE0, 0x3F, 0x01,
    0xF8, 0x0F, 0xFF, 0x7F, 0xFB, 0xFF, 0xDF, 0xFE, 0x7C, 0x00, 0x00, 0xF8, 0x00, 0x01, 0xF8, 0x00,
    0x01, 0xF0, 0x00, 0x03, 0xE0, 0x00, 0x07, 0xE0, 0x00, 0x07, 0xC0, 0x00, 0x0F, 0x80, 0x00, 0x1F,
    0x80, 0x00, 0x1F, 0x00, 0x00, 0x3F, 0x00, 0x00, 0x7E, 0x00, 0x00, 0x7C, 0x00, 0x00, 0xFC, 0x00,
    0x00, 0xF8, 0x00, 0x01, 0xF0, 0x00, 0x03, 0xF0, 0x00, 0x03, 0xE0, 0x00, 0x07, 0xC0, 0x00, 0x0F,
    0xC0, 0x00, 0x0F, 0x80, 0x00, 0x1F, 0x00, 0x00, 0x3F, 0x00, 0x00, 0x3E, 0x00, 0x00, 0x7C, 0x00,
    0x00, 0xFC, 0x00, 0x00, 0xF8, 0x00, 0x01, 0xF8, 0x00, 0x03, 0xF0, 0x00, 0x03, 0xE0, 0x00, 0x07,
    0xE0, 0x00, 0x0F, 0xC0, 0x00, 0x0F, 0x80, 0x00, 0x1F, 0x80, 0x00, 0x1F, 0x00, 0x00, 0x3E, 0x00,
    0x00, 0x7E, 0x00, 0x00, 0x7C, 0x00, 0x00, 0xF8, 0x00, 0x01, 0xF8, 0x00, 0x01, 0xF0, 0x00, 0x03,
    0xE0, 0x00, 0x07, 0xE0, 0x00, 0x07, 0xC0, 0x00, 0x0F, 0xC0, 0x00, 0x1F, 0x80, 0x00, 0x1F, 0x00,
    0x00, 0x3F, 0xFF, 0xFF, 0xFF, 0xFF, 0xFF, 0xFF, 0x01, 0xF0, 0x1F, 0x01, 0xF0, 0x1F, 0x01, 0xF0,
    0x1F, 0x01, 0xF0, 0x1F, 0x01, 0xF0, 0x1F, 0x01, 0xF0, 0x1F, 0x01, 0xF0, 0x1F, 0x01, 0xF0, 0x1F,
    0x01, 0xF0, 0x1F, 0x01, 0xF0, 0x1F, 0x01, 0xF0, 0x1F, 0x01, 0xF0, 0x1F, 0x01, 0xF0, 0x1F, 0x01,
    0xF0, 0x1F, 0x01, 0xF0, 0x1F, 0x01, 0xF0, 0x1F, 0x01, 0xF0, 0x1F, 0x01, 0xF0, 0x1F, 0x01, 0xF0,
    0x1F, 0x01, 0xF0, 0x1F, 0xFF, 0xFF, 0xFF, 0xFF, 0xFF, 0xFF, 0x00, 0x7E, 0x00, 0x00, 0x7E, 0x00,
    0x00, 0xFF, 0x00, 0x00, 0xFF, 0x80, 0x01, 0xFF, 0x80, 0x01, 0xFF, 0xC0, 0x03, 0xF7, 0xC0, 0x07,
    0xE7, 0xE0, 0x07, 0xC3, 0xE0, 0x0F, 0xC3, 0xF0, 0x0F, 0x81, 0xF8, 0x1F, 0x81, 0xF8, 0x1F, 0x00,
    0xFC, 0x3F, 0x00, 0x7C, 0x7E, 0x00, 0x7E, 0x7C, 0x00, 0x3E, 0xFC, 0x00, 0x3F, 0xF8, 0x00, 0x1F,
    0x38, 0x00, 0x1C, 0xFF, 0xFF, 0xFF, 0xFF, 0xFF, 0xFF, 0xFF, 0xFF, 0xFF, 0xFF, 0xFF, 0xFF, 0xFF,
    0x30, 0x1E, 0x0F, 0x83, 0xF0, 0x7E, 0x0F, 0xC1, 0xF8, 0x3F, 0x07, 0x80, 0xC0, 0x0F, 0xFF, 0x00,
    0xFF, 0xFC, 0x07, 0xFF, 0xF8, 0x3F, 0xFF, 0xC1, 0xF0, 0xFF, 0x00, 0x01, 0xF8, 0x00, 0x07, 0xC0,
    0x00, 0x3F, 0x00, 0x01, 0xF8, 0x00, 0x0F, 0xC1, 0xFF, 0xFE, 0x3F, 0xFF, 0xF3, 0xFF, 0xFF, 0xBF,
    0xFF, 0xFD, 0xFF, 0x0F, 0xFF, 0x80, 0x3F, 0xFC, 0x01, 0xFF, 0xC0, 0x0F, 0xFE, 0x00, 0x7F, 0xF8,
    0x03, 0xFF, 0xC0, 0x1F, 0xFF, 0xC1, 0xFD, 0xFF, 0xFF, 0xE7, 0xFF, 0xFF, 0x1F, 0xFF, 0xF8, 0x3F,
    0xFF, 0x80, 0xF8, 0x00, 0x01, 0xF0, 0x00, 0x03, 0xE0, 0x00, 0x07, 0xC0, 0x00, 0x0F, 0x80, 0x00,
    0x1F, 0x00, 0x00, 0x3E, 0x00, 0x00, 0x7C, 0x00, 0x00, 0xF8, 0x00, 0x01, 0xF0, 0x00, 0x03, 0xE0,
    0x00, 0x07, 0xC0, 0x00, 0x0F, 0x9F, 0xF0, 0x1F, 0xFF, 0xF8, 0x3F, 0xFF, 0xF8, 0x7F, 0xFF, 0xF8,
    0xFF, 0x8F, 0xF9, 0xF8, 0x03, 0xFB, 0xE0, 0x03, 0xF7, 0xC0, 0x07, 0xEF, 0x80, 0x07, 0xFF, 0x00,
    0x0F, 0xFE, 0x00, 0x1F, 0xFC, 0x00, 0x1F, 0xF8, 0x00, 0x3F, 0xF0, 0x00, 0x7F, 0xE0, 0x00, 0xFF,
    0xC0, 0x03, 0xFF, 0x80, 0x07, 0xFF, 0x00, 0x0F, 0xFE, 0x00, 0x3F, 0x7C, 0x00, 0xFE, 0xF8, 0x03,
    0xF9, 0xFC, 0x3F, 0xF3, 0xFF, 0xFF, 0xC7, 0xFF, 0xFF, 0x0F, 0xFF, 0xF8, 0x07, 0xFF, 0xC0, 0x00,
    0x00, 0xFF, 0xE0, 0x1F, 0xFF, 0x81, 0xFF, 0xFC, 0x1F, 0xFF, 0xE1, 0xFF, 0x1E, 0x1F, 0xC0, 0x00,
    0xFC, 0x00, 0x0F, 0xC0, 0x00, 0x7E, 0x00, 0x03, 0xE0, 0x00, 0x3F, 0x00, 0x01, 0xF8, 0x00, 0x0F,
    0xC0, 0x00, 0x7E, 0x00, 0x03, 0xF0, 0x00, 0x1F, 0x80, 0x00, 0x7C, 0x00, 0x03, 0xF0, 0x00, 0x1F,
    0x80, 0x00, 0x7E, 0x00, 0x03, 0xF8, 0x00, 0x0F, 0xF8, 0x78, 0x7F, 0xFF, 0xC0, 0xFF, 0xFE, 0x03,
    0xFF, 0xF8, 0x07, 0xFF, 0x00, 0x00, 0x00, 0x1F, 0x00, 0x00, 0x3F, 0x00, 0x00, 0x3F, 0x00, 0x00,
    0x3F, 0x00, 0x00, 0x3F, 0x00, 0x00, 0x3F, 0x00, 0x00, 0x3F, 0x00, 0x00, 0x3F, 0x00, 0x00, 0x3F,
    0x00, 0x00, 0x3F, 0x00, 0x00, 0x3F, 0x00, 0x00, 0x3F, 0x00, 0xFF, 0xBF, 0x03, 0xFF, 0xFF, 0x0F,
    0xFF, 0xFF, 0x1F, 0xFF, 0xFF, 0x1F, 0xF3, 0xFF, 0x3F, 0x80, 0x7F, 0x7F, 0x00, 0x3F, 0x7E, 0x00,
    0x3F, 0x7E, 0x00, 0x3F, 0x7C, 0x00, 0x3F, 0xFC, 0x00, 0x3F, 0xFC, 0x00, 0x3F, 0xFC, 0x00, 0x3F,
    0xFC, 0x00, 0x3F, 0xFC, 0x00, 0x3F, 0xFC, 0x00, 0x3F, 0x7C, 0x00, 0x3F, 0x7E, 0x00, 0x3F, 0x7E,
    0x00, 0x3F, 0x3F, 0x00, 0x3F, 0x3F, 0x80, 0x3F, 0x1F, 0xF0, 0xFF, 0x0F, 0xFF, 0xFF, 0x07, 0xFF,
    0xFF, 0x03, 0xFF, 0xFF, 0x00, 0xFF, 0xFC, 0x00, 0xFF, 0x80, 0x03, 0xFF, 0xE0, 0x07, 0xFF, 0xF0,
    0x0F, 0xFF, 0xF8, 0x1F, 0xE3, 0xFC, 0x3F, 0x00, 0xFC, 0x3E, 0x00, 0x7E, 0x7E, 0x00, 0x3E, 0x7C,
    0x00, 0x3E, 0x7C, 0x00, 0x3E, 0xFF, 0xFF, 0xFF, 0xFF, 0xFF, 0xFF, 0xFF, 0xFF, 0xFF, 0xFF, 0xFF,
    0xFF, 0xFC, 0x00, 0x00, 0xFC, 0x00, 0x00, 0x7C, 0x00, 0x00, 0x7E, 0x00, 0x00, 0x7E, 0x00, 0x00,
    0x7F, 0x00, 0x00, 0x3F, 0x80, 0x00, 0x1F, 0xF0, 0xF8, 0x1F, 0xFF, 0xF8, 0x07, 0xFF, 0xFC, 0x03,
    0xFF, 0xFC, 0x00, 0xFF, 0xF0, 0x07, 0xFF, 0x1F, 0xFF, 0x3F, 0xFF, 0x7F, 0xFF, 0x7F, 0x8E, 0xFE,
    0x00, 0xFC, 0x00, 0xF8, 0x00, 0xF8, 0x00, 0xF8, 0x00, 0xF8, 0x00, 0xF8, 0x00, 0xFF, 0xFE, 0xFF,
    0xFE, 0xFF, 0xFE, 0xFF, 0xFE, 0xF8, 0x00, 0xF8, 0x00, 0xF8, 0x00, 0xF8, 0x00, 0xF8, 0x00, 0xF8,
    0x00, 0xF8, 0x00, 0xF8, 0x00, 0xF8, 0x00, 0xF8, 0x00, 0xF8, 0x00, 0xF8, 0x00, 0xF8, 0x00, 0xF8,
    0x00, 0xF8, 0x00, 0xF8, 0x00, 0xF8, 0x00, 0xF8, 0x00, 0xF8, 0x00, 0xF8, 0x00, 0xF8, 0x00, 0xF8,
    0x00, 0x00, 0xFF, 0xF8, 0x07, 0xFF, 0xFC, 0x1F, 0xFF, 0xF8, 0x7F, 0xFF, 0xF1, 0xFF, 0x0F, 0xE7,
    0xF0, 0x07, 0xCF, 0xC0, 0x0F, 0xBF, 0x00, 0x1F, 0x7E, 0x00, 0x3E, 0xF8, 0x00, 0x7F, 0xF0, 0x00,
    0xFF, 0xE0, 0x01, 0xFF, 0xC0, 0x03, 0xFF, 0x80, 0x07, 0xFF, 0x00, 0x0F, 0xFE, 0x00, 0x1F, 0x7C,
    0x00, 0x3E, 0xFC, 0x00, 0x7D, 0xFC, 0x00, 0xF9, 0xFC, 0x03, 0xF3, 0xFE, 0x3F, 0xE3, 0xFF, 0xFF,
    0xC3, 0xFF, 0xFF, 0x83, 0xFF, 0xFF, 0x01, 0xFF, 0xBE, 0x00, 0x00, 0x7C, 0x00, 0x00, 0xF8, 0x00,
    0x03, 0xF0, 0x00, 0x07, 0xE2, 0x00, 0x1F, 0x8F, 0xC1, 0xFF, 0x1F, 0xFF, 0xFC, 0x3F, 0xFF, 0xF0,
    0x7F, 0xFF, 0xC0, 0x3F, 0xFC, 0x00, 0xF8, 0x00, 0x07, 0xC0, 0x00, 0x3E, 0x00, 0x01, 0xF0, 0x00,
    0x0F, 0x80, 0x00, 0x7C, 0x00, 0x03, 0xE0, 0x00, 0x1F, 0x00, 0x00, 0xF8, 0x00, 0x07, 0xC0, 0x00,
    0x3E, 0x00, 0x01, 0xF0, 0x00, 0x0F, 0xFF, 0xF0, 0x7F, 0xFF, 0xC3, 0xFF, 0xFF, 0x1F, 0xFF, 0xFC,
    0xFF, 0x1F, 0xF7, 0xC0, 0x1F, 0xBE, 0x00, 0x7F, 0xF0, 0x03, 0xFF, 0x80, 0x0F, 0xFC, 0x00, 0x7F,
    0xE0, 0x03, 0xFF, 0x00, 0x1F, 0xF8, 0x00, 0xFF, 0xC0, 0x07, 0xFE, 0x00, 0x3F, 0xF0, 0x01, 0xFF,
    0x80, 0x0F, 0xFC, 0x00, 0x7F, 0xE0, 0x03, 0xFF, 0x00, 0x1F, 0xF8, 0x00, 0xFF, 0xC0, 0x07, 0xFE,
    0x00, 0x3F, 0xF0, 0x01, 0xFF, 0x80, 0x0F, 0xFC, 0x00, 0x7C, 0x7D, 0xFB, 0xFF, 0xE7, 0xC0, 0x00,
    0x00, 0x00, 0x00, 0x03, 0xE7, 0xCF, 0x9F, 0x3E, 0x7C, 0xF9, 0xF3, 0xE7, 0xCF, 0x9F, 0x3E, 0x7C,
    0xF9, 0xF3, 0xE7, 0xCF, 0x9F, 0x3E, 0x7C, 0xF9, 0xF3, 0xE7, 0xC0, 0x00, 0xF8, 0x07, 0xE0, 0x1F,
    0xC0, 0x7E, 0x00, 0xF8, 0x00, 0x00, 0x00, 0x00, 0x00, 0x00, 0x00, 0x00, 0x00, 0x00, 0x00, 0x3E,
    0x00, 0xF8, 0x03, 0xE0, 0x0F, 0x80, 0x3E, 0x00, 0xF8, 0x03, 0xE0, 0x0F, 0x80, 0x3E, 0x00, 0xF8,
    0x03, 0xE0, 0x0F, 0x80, 0x3E, 0x00, 0xF8, 0x03, 0xE0, 0x0F, 0x80, 0x3E, 0x00, 0xF8, 0x03, 0xE0,
    0x0F, 0x80, 0x3E, 0x00, 0xF8, 0x03, 0xE0, 0x0F, 0x80, 0x3E, 0x00, 0xF8, 0x03, 0xE0, 0x1F, 0x80,
    0x7E, 0x01, 0xF1, 0x1F, 0xC7, 0xFF, 0x1F, 0xF8, 0xFF, 0xC3, 0xFC, 0x00, 0xF8, 0x00, 0x03, 0xE0,
    0x00, 0x0F, 0x80, 0x00, 0x3E, 0x00, 0x00, 0xF8, 0x00, 0x03, 0xE0, 0x00, 0x0F, 0x80, 0x00, 0x3E,
    0x00, 0x00, 0xF8, 0x00, 0x03, 0xE0, 0x00, 0x0F, 0x80, 0x00, 0x3E, 0x00, 0x00, 0xF8, 0x03, 0xF3,
    0xE0, 0x1F, 0xCF, 0x80, 0xFE, 0x3E, 0x07, 0xF0, 0xF8, 0x3F, 0x83, 0xE0, 0xFC, 0x0F, 0x87, 0xE0,
    0x3E, 0x3F, 0x00, 0xF9, 0xF8, 0x03, 0xEF, 0xC0, 0x0F, 0xFE, 0x00, 0x3F, 0xF0, 0x00, 0xFF, 0xE0,
    0x03, 0xFF, 0xC0, 0x0F, 0xFF, 0x80, 0x3E, 0x7F, 0x00, 0xF8, 0xFE, 0x03, 0xE1, 0xFC, 0x0F, 0x83,
    0xF0, 0x3E, 0x07, 0xE0, 0xF8, 0x1F, 0xC3, 0xE0, 0x3F, 0x8F, 0x80, 0x7F, 0x3E, 0x00, 0xFC, 0xF8,
    0x01, 0xFB, 0xE0, 0x07, 0xF0, 0x7C, 0x1F, 0x07, 0xC1, 0xF0, 0x7C, 0x1F, 0x07, 0xC1, 0xF0, 0x7C,
    0x1F, 0x07, 0xC1, 0xF0, 0x7C, 0x1F, 0x07, 0xC1, 0xF0, 0x7C, 0x1F, 0x07, 0xC1, 0xF0, 0x7C, 0x1F,
    0x07, 0xC1, 0xF0, 0x7C, 0x1F, 0x07, 0xC1, 0xF0, 0x7C, 0x1F, 0x07, 0xC1, 0xF0, 0x7C, 0x1F, 0xE7,
    0xFC, 0xFF, 0x1F, 0x83, 0xE0, 0x3F, 0xFE, 0x07, 0xFE, 0x0F, 0xFF, 0xF9, 0xFF, 0xF0, 0xFF, 0xFF,
    0xFF, 0xFF, 0x8F, 0xFF, 0xFF, 0xFF, 0xFC, 0xFE, 0x1F, 0xFE, 0x1F, 0xEF, 0x80, 0x7F, 0x00, 0x7E,
    0xF8, 0x03, 0xF0, 0x07, 0xEF, 0x80, 0x3F, 0x00, 0x3E, 0xF8, 0x01, 0xF0, 0x03, 0xFF, 0x80, 0x1F,
    0x00, 0x3F, 0xF8, 0x01, 0xF0, 0x03, 0xFF, 0x80, 0x1F, 0x00, 0x3F, 0xF8, 0x01, 0xF0, 0x03, 0xFF,
    0x80, 0x1F, 0x00, 0x3F, 0xF8, 0x01, 0xF0, 0x03, 0xFF, 0x80, 0x1F, 0x00, 0x3F, 0xF8, 0x01, 0xF0,
    0x03, 0xFF, 0x80, 0x1F, 0x00, 0x3F, 0xF8, 0x01, 0xF0, 0x03, 0xFF, 0x80, 0x1F, 0x00, 0x3F, 0xF8,
    0x01, 0xF0, 0x03, 0xFF, 0x80, 0x1F, 0x00, 0x3F, 0xF8, 0x01, 0xF0, 0x03, 0xFF, 0x80, 0x1F, 0x00,
    0x3F, 0xF8, 0x01, 0xF0, 0x03, 0xFF, 0x80, 0x1F, 0x00, 0x3F, 0x3F, 0xFF, 0x07, 0xFF, 0xFC, 0x3F,
    0xFF, 0xF1, 0xFF, 0xFF, 0xCF, 0xE1, 0xFF, 0x7C, 0x01, 0xFB, 0xE0, 0x07, 0xFF, 0x00, 0x3F, 0xF8,
    0x00, 0xFF, 0xC0, 0x07, 0xFE, 0x00, 0x3F, 0xF0, 0x01, 0xFF, 0x80, 0x0F, 0xFC, 0x00, 0x7F, 0xE0,
    0x03, 0xFF, 0x00, 0x1F, 0xF8, 0x00, 0xFF, 0xC0, 0x07, 0xFE, 0x00, 0x3F, 0xF0, 0x01, 0xFF, 0x80,
    0x0F, 0xFC, 0x00, 0x7F, 0xE0, 0x03, 0xFF, 0x00, 0x1F, 0xF8, 0x00, 0xFF, 0xC0, 0x07, 0xC0, 0x00,
    0xFF, 0x80, 0x01, 0xFF, 0xF0, 0x01, 0xFF, 0xFE, 0x01, 0xFF, 0xFF, 0x81, 0xFE, 0x3F, 0xE1, 0xFC,
    0x03, 0xF0, 0xFC, 0x00, 0xFC, 0xFC, 0x00, 0x7E, 0x7E, 0x00, 0x1F, 0xBE, 0x00, 0x0F, 0xFF, 0x00,
    0x07, 0xFF, 0x80, 0x01, 0xFF, 0xC0, 0x00, 0xFF, 0xE0, 0x00, 0x7F, 0xF0, 0x00, 0x3F, 0xF8, 0x00,
    0x3F, 0x7C, 0x00, 0x1F, 0xBF, 0x00, 0x0F, 0xDF, 0x80, 0x0F, 0xC7, 0xE0, 0x07, 0xE3, 0xF8, 0x07,
    0xE0, 0xFF, 0x1F, 0xF0, 0x3F, 0xFF, 0xF0, 0x0F, 0xFF, 0xF0, 0x03, 0xFF, 0xE0, 0x00, 0x7F, 0xC0,
    0x00, 0x3F, 0xFE, 0x01, 0xFF, 0xFF, 0x03, 0xFF, 0xFF, 0x87, 0xFF, 0xFF, 0x8F, 0xE1, 0xFF, 0x9F,
    0x00, 0x7F, 0x3E, 0x00, 0x7F, 0x7C, 0x00, 0x7E, 0xF8, 0x00, 0x7F, 0xF0, 0x00, 0xFF, 0xE0, 0x01,
    0xFF, 0xC0, 0x01, 0xFF, 0x80, 0x03, 0xFF, 0x00, 0x07, 0xFE, 0x00, 0x0F, 0xFC, 0x00, 0x3F, 0xF8,
    0x00, 0x7F, 0xF0, 0x00, 0xFF, 0xE0, 0x03, 0xF7, 0xC0, 0x07, 0xEF, 0xC0, 0x1F, 0xDF, 0xF1, 0xFF,
    0x3F, 0xFF, 0xFC, 0x7F, 0xFF, 0xF0, 0xFF, 0xFF, 0xC1, 0xF7, 0xFE, 0x03, 0xE0, 0x00, 0x07, 0xC0,
    0x00, 0x0F, 0x80, 0x00, 0x1F, 0x00, 0x00, 0x3E, 0x00, 0x00, 0x7C, 0x00, 0x00, 0xF8, 0x00, 0x01,
    0xF0, 0x00, 0x03, 0xE0, 0x00, 0x00, 0x00, 0xFF, 0xF8, 0x03, 0xFF, 0xFF, 0x07, 0xFF, 0xFF, 0x0F,
    0xFF, 0xFF, 0x1F, 0xF0, 0x7F, 0x3F, 0x80, 0x3F, 0x3F, 0x00, 0x3F, 0x7E, 0x00, 0x3F, 0x7E, 0x00,
    0x3F, 0x7C, 0x00, 0x3F, 0xFC, 0x00, 0x3F, 0xFC, 0x00, 0x3F, 0xFC, 0x00, 0x3F, 0xFC, 0x00, 0x3F,
    0xFC, 0x00, 0x3F, 0xFC, 0x00, 0x3F, 0x7C, 0x00, 0x3F, 0x7E, 0x00, 0x3F, 0x7E, 0x00, 0x3F, 0x7F,
    0x00, 0x3F, 0x3F, 0x80, 0x7F, 0x1F, 0xE3, 0xFF, 0x1F, 0xFF, 0xFF, 0x0F, 0xFF, 0xFF, 0x03, 0xFF,
    0xFF, 0x00, 0xFF, 0xBF, 0x00, 0x00, 0x3F, 0x00, 0x00, 0x3F, 0x00, 0x00, 0x3F, 0x00, 0x00, 0x3F,
    0x00, 0x00, 0x3F, 0x00, 0x00, 0x3F, 0x00, 0x00, 0x3F, 0x00, 0x00, 0x3F, 0x00, 0x00, 0x3F, 0x1F,
    0xFF, 0xFF, 0xFF, 0xFF, 0xFF, 0xFF, 0xFF, 0xE1, 0xDF, 0x00, 0x3E, 0x00, 0x7C, 0x00, 0xF8, 0x01,
    0xF0, 0x03, 0xE0, 0x07, 0xC0, 0x0F, 0x80, 0x1F, 0x00, 0x3E, 0x00, 0x7C, 0x00, 0xF8, 0x01, 0xF0,
    0x03, 0xE0, 0x07, 0xC0, 0x0F, 0x80, 0x1F, 0x00, 0x3E, 0x00, 0x7C, 0x00, 0xF8, 0x01, 0xF0, 0x00,
    0x07, 0xFF, 0x03, 0xFF, 0xF0, 0xFF, 0xFE, 0x3F, 0xFF, 0xC7, 0xF8, 0xF9, 0xF8, 0x00, 0x3E, 0x00,
    0x07, 0xC0, 0x00, 0xFC, 0x00, 0x1F, 0xC0, 0x03, 0xFF, 0x00, 0x3F, 0xFE, 0x03, 0xFF, 0xF0, 0x3F,
    0xFF, 0x03, 0xFF, 0xF0, 0x07, 0xFE, 0x00, 0x1F, 0xE0, 0x00, 0xFC, 0x00, 0x1F, 0x80, 0x03, 0xF4,
    0x00, 0x7D, 0xF8, 0x7F, 0xBF, 0xFF, 0xF7, 0xFF, 0xFC, 0xFF, 0xFF, 0x07, 0xFF, 0x80, 0x7C, 0x00,
    0x7E, 0x00, 0x3F, 0x00, 0x1F, 0x80, 0x0F, 0xC0, 0x07, 0xE0, 0x03, 0xF0, 0x01, 0xF8, 0x00, 0xFF,
    0xFF, 0x7F, 0xFF, 0xBF, 0xFF, 0xDF, 0xFF, 0xEF, 0xC0, 0x07, 0xE0, 0x03, 0xF0, 0x01, 0xF8, 0x00,
    0xFC, 0x00, 0x7E, 0x00, 0x3F, 0x00, 0x1F, 0x80, 0x0F, 0xC0, 0x07, 0xE0, 0x03, 0xF0, 0x01, 0xF8,
    0x00, 0xFC, 0x00, 0x7E, 0x00, 0x1F, 0x00, 0x0F, 0x80, 0x07, 0xE0, 0x03, 0xFC, 0x78, 0xFF, 0xFC,
    0x7F, 0xFE, 0x1F, 0xFF, 0x03, 0xFF, 0x00, 0xFC, 0x00, 0x7F, 0xF0, 0x01, 0xFF, 0xC0, 0x07, 0xFF,
    0x00, 0x1F, 0xFC, 0x00, 0x7F, 0xF0, 0x01, 0xFF, 0xC0, 0x07, 0xFF, 0x00, 0x1F, 0xFC, 0x00, 0x7F,
    0xF0, 0x01, 0xFF, 0xC0, 0x07, 0xFF, 0x00, 0x1F, 0xFC, 0x00, 0x7F, 0xF0, 0x01, 0xFF, 0xC0, 0x07,
    0xFF, 0x00, 0x1F, 0xFC, 0x00, 0x7D, 0xF0, 0x01, 0xF7, 0xC0, 0x07, 0xDF, 0x80, 0x1F, 0x7F, 0x00,
    0x7C, 0xFF, 0x0F, 0xF3, 0xFF, 0xFF, 0xC7, 0xFF, 0xFF, 0x0F, 0xFF, 0xFC, 0x0F, 0xFF, 0xC0, 0x7C,
    0x00, 0x1F, 0xBF, 0x00, 0x0F, 0x9F, 0x80, 0x0F, 0xCF, 0xC0, 0x07, 0xE3, 0xE0, 0x03, 0xE1, 0xF8,
    0x01, 0xF0, 0xFC, 0x01, 0xF8, 0x3E, 0x00, 0xF8, 0x1F, 0x80, 0x7C, 0x0F, 0xC0, 0x7E, 0x03, 0xE0,
    0x3E, 0x01, 0xF8, 0x3F, 0x00, 0xFC, 0x1F, 0x80, 0x3F, 0x0F, 0x80, 0x1F, 0x8F, 0xC0, 0x07, 0xC7,
    0xE0, 0x03, 0xF3, 0xE0, 0x01, 0xFB, 0xF0, 0x00, 0x7F, 0xF0, 0x00, 0x3F, 0xF8, 0x00, 0x0F, 0xF8,
    0x00, 0x07, 0xFC, 0x00, 0x03, 0xFE, 0x00, 0x00, 0xFE, 0x00, 0x00, 0x7F, 0x00, 0x00, 0x1F, 0x00,
    0x00, 0x7C, 0x00, 0x7C, 0x00, 0x7D, 0xF8, 0x01, 0xF0, 0x03, 0xF7, 0xE0, 0x07, 0xC0, 0x0F, 0xDF,
    0x80, 0x3F, 0x80, 0x3E, 0x3E, 0x00, 0xFE, 0x00, 0xF8, 0xFC, 0x03, 0xF8, 0x07, 0xE3, 0xF0, 0x0F,
    0xE0, 0x1F, 0x87, 0xC0, 0x7F, 0xC0, 0x7C, 0x1F, 0x01, 0xFF, 0x01, 0xF0, 0x7E, 0x07, 0xFC, 0x0F,
    0xC1, 0xF8, 0x1E, 0xF8, 0x3E, 0x03, 0xE0, 0xFB, 0xE0, 0xF8, 0x0F, 0xC3, 0xEF, 0x87, 0xE0, 0x3F,
    0x0F, 0x1E, 0x1F, 0x00, 0x7C, 0x7C, 0x7C, 0x7C, 0x01, 0xF1, 0xF1, 0xF1, 0xF0, 0x07, 0xE7, 0x87,
    0xCF, 0x80, 0x0F, 0xBE, 0x0F, 0xBE, 0x00, 0x3E, 0xF8, 0x3E, 0xF8, 0x00, 0x7F, 0xC0, 0xFF, 0xC0,
    0x01, 0xFF, 0x01, 0xFF, 0x00, 0x07, 0xFC, 0x07, 0xFC, 0x00, 0x0F, 0xE0, 0x0F, 0xE0, 0x00, 0x3F,
    0x80, 0x3F, 0x80, 0x00, 0x7E, 0x00, 0xFC, 0x00, 0x01, 0xF0, 0x01, 0xF0, 0x00, 0x7E, 0x00, 0x3F,
    0x1F, 0x80, 0x3F, 0x07, 0xE0, 0x1F, 0x83, 0xF0, 0x1F, 0x80, 0xFC, 0x1F, 0x80, 0x3F, 0x0F, 0x80,
    0x1F, 0x8F, 0xC0, 0x07, 0xEF, 0xC0, 0x01, 0xFF, 0xC0, 0x00, 0xFF, 0xE0, 0x00, 0x3F, 0xE0, 0x00,
    0x0F, 0xE0, 0x00, 0x03, 0xF0, 0x00, 0x03, 0xF8, 0x00, 0x03, 0xFE, 0x00, 0x03, 0xFF, 0x80, 0x01,
    0xFF, 0xE0, 0x01, 0xFB, 0xF0, 0x01, 0xF8, 0xFC, 0x01, 0xF8, 0x3F, 0x00, 0xFC, 0x1F, 0xC0, 0xFC,
    0x07, 0xE0, 0xFC, 0x01, 0xF8, 0x7E, 0x00, 0x7E, 0x7E, 0x00, 0x3F, 0x3E, 0x00, 0x0F, 0xC0, 0x7C,
    0x00, 0x1F, 0x7E, 0x00, 0x3F, 0x7E, 0x00, 0x3F, 0x7E, 0x00, 0x3E, 0x3E, 0x00, 0x3E, 0x3F, 0x00,
    0x7E, 0x3F, 0x00, 0x7E, 0x1F, 0x00, 0x7C, 0x1F, 0x80, 0x7C, 0x0F, 0x80, 0xFC, 0x0F, 0x80, 0xF8,
    0x0F, 0xC0, 0xF8, 0x07, 0xC0, 0xF8, 0x07, 0xE1, 0xF0, 0x07, 0xE1, 0xF0, 0x03, 0xE1, 0xF0, 0x03,
    0xF3, 0xE0, 0x01, 0xF3, 0xE0, 0x01, 0xFB, 0xE0, 0x00, 0xFF, 0xC0, 0x00, 0xFF, 0xC0, 0x00, 0x7F,
    0xC0, 0x00, 0x7F, 0x80, 0x00, 0x3F, 0x80, 0x00, 0x3F, 0x00, 0x00, 0x1F, 0x00, 0x00, 0x1F, 0x00,
    0x00, 0x3E, 0x00, 0x00, 0x7E, 0x00, 0x00, 0xFC, 0x00, 0x63, 0xF8, 0x00, 0xFF, 0xF8, 0x00, 0xFF,
    0xF0, 0x00, 0xFF, 0xE0, 0x00, 0xFF, 0x80, 0x00, 0x7F, 0xFF, 0xFB, 0xFF, 0xFF, 0xDF, 0xFF, 0xFE,
    0xFF, 0xFF, 0xF0, 0x00, 0x7F, 0x00, 0x03, 0xF0, 0x00, 0x3F, 0x00, 0x03, 0xF8, 0x00, 0x3F, 0x80,
    0x01, 0xF8, 0x00, 0x1F, 0x80, 0x01, 0xF8, 0x00, 0x1F, 0xC0, 0x00, 0xFC, 0x00, 0x0F, 0xC0, 0x00,
    0xFC, 0x00, 0x0F, 0xE0, 0x00, 0x7E, 0x00, 0x07, 0xE0, 0x00, 0x7E, 0x00, 0x03, 0xF0, 0x00, 0x3F,
    0x00, 0x01, 0xFF, 0xFF, 0xFF, 0xFF, 0xFF, 0xFF, 0xFF, 0xFF, 0xFF, 0xFF, 0xC0, 0x00, 0x7E, 0x03,
    0xFC, 0x0F, 0xF8, 0x3F, 0xF0, 0x7F, 0x80, 0xF8, 0x03, 0xF0, 0x07, 0xC0, 0x0F, 0x80, 0x1F, 0x00,
    0x3E, 0x00, 0x7C, 0x00, 0xF8, 0x01, 0xF0, 0x03, 0xE0, 0x07, 0xC0, 0x0F, 0x80, 0x1F, 0x00, 0x3E,
    0x00, 0x7C, 0x01, 0xF8, 0x0F, 0xE0, 0x3F, 0x80, 0x7E, 0x00, 0xFE, 0x01, 0xFE, 0x01, 0xFE, 0x00,
    0xFC, 0x00, 0xF8, 0x01, 0xF0, 0x03, 0xE0, 0x07, 0xC0, 0x0F, 0x80, 0x1F, 0x00, 0x3E, 0x00, 0x7C,
    0x00, 0xF8, 0x01, 0xF0, 0x03, 0xE0, 0x07, 0xC0, 0x0F, 0x80, 0x1F, 0x80, 0x1F, 0x00, 0x3F, 0xC0,
    0x7F, 0xE0, 0x7F, 0xC0, 0x7F, 0x80, 0x3F, 0xFF, 0xFF, 0xFF, 0xFF, 0xFF, 0xFF, 0xFF, 0xFF, 0xFF,
    0xFF, 0xFF, 0xFF, 0xFF, 0xFF, 0xFF, 0xFF, 0xFF, 0xFF, 0xFF, 0xFF, 0xFF, 0xFF, 0xFF, 0xFF, 0xFF,
    0xFF, 0xFF, 0xFF, 0xFF, 0xFF, 0xFF, 0xFF, 0xFF, 0xFF, 0xFF, 0xFF, 0xFC, 0x01, 0xFE, 0x03, 0xFE,
    0x07, 0xFC, 0x03, 0xFC, 0x01, 0xF8, 0x01, 0xF0, 0x03, 0xE0, 0x07, 0xC0, 0x0F, 0x80, 0x1F, 0x00,
    0x3E, 0x00, 0x7C, 0x00, 0xF8, 0x01, 0xF0, 0x03, 0xE0, 0x07, 0xC0, 0x0F, 0x80, 0x0F, 0x80, 0x1F,
    0x00, 0x3F, 0x00, 0x3F, 0x80, 0x7F, 0x80, 0x7F, 0x01, 0xFE, 0x03, 0xFC, 0x0F, 0xF0, 0x1F, 0x80,
    0x3E, 0x00, 0xFC, 0x01, 0xF0, 0x03, 0xE0, 0x07, 0xC0, 0x0F, 0x80, 0x1F, 0x00, 0x3E, 0x00, 0x7C,
    0x00, 0xF8, 0x01, 0xF0, 0x03, 0xE0, 0x07, 0xC0, 0x0F, 0x80, 0x3F, 0x01, 0xFE, 0x0F, 0xF8, 0x1F,
    0xF0, 0x3F, 0xC0, 0x7E, 0x00, 0x0F, 0xC0, 0x0F, 0x3F, 0xF0, 0x0F, 0x3F, 0xFC, 0x1F, 0x7F, 0xFF,
    0x3F, 0x7C, 0xFF, 0xFE, 0xF8, 0x3F, 0xFE, 0xF0, 0x0F, 0xFC, 0xF0, 0x03, 0xF0, 0x3C, 0x7E, 0xFE,
    0xFF, 0xFE, 0x7E, 0x3C, 0x00, 0x00, 0x00, 0x00, 0x00, 0x3C, 0x3C, 0x3C, 0x3C, 0x3C, 0x7C, 0x7C,
    0x7E, 0x7E, 0x7E, 0x7E, 0x7E, 0x7E, 0x7E, 0x7E, 0x7E, 0x7E, 0x7E, 0x7E, 0x7E, 0x7E, 0x7E, 0x7E,
    0x00, 0x3C, 0x00, 0x03, 0xC0, 0x00, 0x3C, 0x00, 0x03, 0xC0, 0x00, 0x3C, 0x00, 0x03, 0xC0, 0x00,
    0x3C, 0x00, 0x0F, 0xFE, 0x03, 0xFF, 0xF0, 0xFF, 0xFF, 0x1F, 0xFF, 0xE1, 0xFF, 0x1E, 0x3F, 0x80,
    0x07, 0xF0, 0x00, 0x7E, 0x00, 0x07, 0xC0, 0x00, 0xFC, 0x00, 0x0F, 0xC0, 0x00, 0xFC, 0x00, 0x0F,
    0xC0, 0x00, 0xFC, 0x00, 0x0F, 0xC0, 0x00, 0xFC, 0x00, 0x0F, 0xC0, 0x00, 0x7C, 0x00, 0x07, 0xE0,
    0x00, 0x7F, 0x00, 0x03, 0xF8, 0x00, 0x3F, 0xF0, 0xF1, 0xFF, 0xFF, 0x0F, 0xFF, 0xF0, 0x3F, 0xFF,
    0x00, 0xFF, 0xE0, 0x03, 0xC0, 0x00, 0x3C, 0x00, 0x03, 0xC0, 0x00, 0x3C, 0x00, 0x03, 0xC0, 0x00,
    0x3C, 0x00, 0x03, 0xC0, 0x00, 0x3F, 0xF8, 0x01, 0xFF, 0xF8, 0x07, 0xFF, 0xF0, 0x1F, 0xFF, 0xE0,
    0x3F, 0xC7, 0xC0, 0xFE, 0x00, 0x01, 0xF8, 0x00, 0x03, 0xE0, 0x00, 0x07, 0xC0, 0x00, 0x1F, 0x80,
    0x00, 0x3F, 0x00, 0x00, 0x7E, 0x00, 0x00, 0xFC, 0x00, 0x01, 0xF8, 0x00, 0x03, 0xF0, 0x00, 0x07,
    0xE0, 0x00, 0xFF, 0xFF, 0xE1, 0xFF, 0xFF, 0xC3, 0xFF, 0xFF, 0x87, 0xFF, 0xFF, 0x00, 0xFC, 0x00,
    0x01, 0xF8, 0x00, 0x03, 0xF0, 0x00, 0x07, 0xE0, 0x00, 0x0F, 0xC0, 0x00, 0x1F, 0x00, 0x00, 0x3E,
    0x00, 0x00, 0x7C, 0x00, 0x00, 0xF8, 0x00, 0x01, 0xF0, 0x00, 0x07, 0xE0, 0x00, 0x0F, 0xFF, 0xFF,
    0x1F, 0xFF, 0xFE, 0x3F, 0xFF, 0xFC, 0x7F, 0xFF, 0xF8, 0x30, 0x00, 0x0C, 0x78, 0x00, 0x1E, 0xFC,
    0xFF, 0x3F, 0xFF, 0xFF, 0xFF, 0x7F, 0xFF, 0xFE, 0x3F, 0xE7, 0xFC, 0x1F, 0x81, 0xF8, 0x1F, 0x00,
    0xF8, 0x1E, 0x00, 0x7C, 0x3E, 0x00, 0x7C, 0x3E, 0x00, 0x3C, 0x3E, 0x00, 0x3C, 0x3E, 0x00, 0x3C,
    0x3E, 0x00, 0x7C, 0x1E, 0x00, 0x7C, 0x1F, 0x00, 0xF8, 0x1F, 0x81, 0xF8, 0x3F, 0xE7, 0xFC, 0x7F,
    0xFF, 0xFE, 0xFF, 0xFF, 0xFF, 0xFC, 0xFF, 0x3F, 0x78, 0x00, 0x1E, 0x30, 0x00, 0x0C, 0x7E, 0x00,
    0x03, 0xF7, 0xE0, 0x00, 0x7E, 0x3F, 0x00, 0x07, 0xC3, 0xF0, 0x00, 0xFC, 0x1F, 0x80, 0x0F, 0x81,
    0xF8, 0x01, 0xF8, 0x0F, 0xC0, 0x1F, 0x00, 0x7C, 0x03, 0xF0, 0x07, 0xE0, 0x7E, 0x00, 0x3E, 0x07,
    0xE0, 0x03, 0xF0, 0xFC, 0x00, 0x1F, 0x8F, 0x80, 0x01, 0xF9, 0xF8, 0x00, 0x0F, 0xDF, 0x00, 0x00,
    0x7F, 0xF0, 0x00, 0x07, 0xFE, 0x00, 0x00, 0x3F, 0xC0, 0x01, 0xFF, 0xFF, 0xF8, 0x1F, 0xFF, 0xFF,
    0x81, 0xFF, 0xFF, 0xF8, 0x1F, 0xFF, 0xFF, 0x80, 0x01, 0xF8, 0x00, 0x00, 0x1F, 0x80, 0x00, 0x01,
    0xF8, 0x00, 0x00, 0x1F, 0x80, 0x00, 0x01, 0xF8, 0x00, 0x1F, 0xFF, 0xFF, 0x81, 0xFF, 0xFF, 0xF8,
    0x1F, 0xFF, 0xFF, 0x81, 0xFF, 0xFF, 0xF8, 0x00, 0x1F, 0x80, 0x00, 0x01, 0xF8, 0x00, 0x00, 0x1F,
    0x80, 0x00, 0x01, 0xF8, 0x00, 0x00, 0x1F, 0x80, 0x00, 0xFF, 0xFF, 0xFF, 0xFF, 0xFF, 0xFF, 0xFF,
    0xFF, 0xFF, 0xFF, 0xFF, 0xFF, 0xFF, 0xFF, 0xDE, 0x00, 0x00, 0x00, 0x00, 0x00, 0x00, 0x03, 0xFF,
    0xFF, 0xFF, 0xFF, 0xFF, 0xFF, 0xFF, 0xFF, 0xFF, 0xFF, 0xFF, 0xFF, 0xFF, 0xFF, 0x03, 0xFF, 0x80,
    0x7F, 0xFF, 0x87, 0xFF, 0xF8, 0x3F, 0xFF, 0xC3, 0xFC, 0x3E, 0x1F, 0x00, 0x00, 0xF8, 0x00, 0x07,
    0xC0, 0x00, 0x3E, 0x00, 0x01, 0xF8, 0x00, 0x0F, 0xE0, 0x00, 0x3F, 0xE0, 0x00, 0xFF, 0xE0, 0x0F,
    0xFF, 0xC0, 0xFF, 0xFF, 0x0F, 0xCF, 0xFC, 0x7C, 0x0F, 0xF7, 0xC0, 0x1F, 0xBE, 0x00, 0x7F, 0xF0,
    0x01, 0xFF, 0x80, 0x0F, 0xFC, 0x00, 0x7F, 0xF0, 0x03, 0xEF, 0xE0, 0x3E, 0x7F, 0xC3, 0xF1, 0xFF,
    0xFF, 0x07, 0xFF, 0xF0, 0x0F, 0xFF, 0x00, 0x1F, 0xFC, 0x00, 0x1F, 0xF0, 0x00, 0x3F, 0x80, 0x00,
    0x7E, 0x00, 0x03, 0xF0, 0x00, 0x0F, 0x80, 0x00, 0xFC, 0xC0, 0x07, 0xE7, 0xE1, 0xFE, 0x7F, 0xFF,
    0xF3, 0xFF, 0xFF, 0x1F, 0xFF, 0xF0, 0x3F, 0xFE, 0x00, 0x3C, 0x1E, 0x3F, 0x1F, 0xBF, 0x8F, 0xDF,
    0xC7, 0xE7, 0xE3, 0xF1, 0xE0, 0xF0, 0x00, 0x0F, 0xFE, 0x00, 0x00, 0x0F, 0xFF, 0xF0, 0x00, 0x03,
    0xFF, 0xFF, 0x80, 0x01, 0xFF, 0x0F, 0xFC, 0x00, 0x7F, 0x00, 0x1F, 0xC0, 0x1F, 0x80, 0x00, 0xFC,
    0x07, 0xE0, 0x00, 0x0F, 0x80, 0xF8, 0x1F, 0xF0, 0xF8, 0x3E, 0x0F, 0xFF, 0x0F, 0x87, 0x83, 0xFF,
    0xE1, 0xF1, 0xF0, 0xFE, 0x3C, 0x1F, 0x3C, 0x1F, 0x00, 0x03, 0xEF, 0x87, 0xC0, 0x00, 0x3D, 0xF0,
    0xF0, 0x00, 0x07, 0xBE, 0x3E, 0x00, 0x00, 0xFF, 0x87, 0xC0, 0x00, 0x1F, 0xF0, 0xF8, 0x00, 0x03,
    0xFE, 0x1F, 0x00, 0x00, 0x7F, 0xC3, 0xE0, 0x00, 0x0F, 0xF8, 0x7C, 0x00, 0x01, 0xFF, 0x8F, 0x80,
    0x00, 0x3F, 0xF0, 0xF0, 0x00, 0x07, 0xBE, 0x1F, 0x00, 0x00, 0xF3, 0xC3, 0xF0, 0x00, 0x3E, 0x7C,
    0x3F, 0x8F, 0x07, 0xC7, 0x83, 0xFF, 0xE1, 0xF0, 0xF8, 0x3F, 0xFE, 0x3E, 0x0F, 0x81, 0xFF, 0x0F,
    0x81, 0xF8, 0x00, 0x03, 0xE0, 0x1F, 0x80, 0x00, 0xFC, 0x01, 0xFC, 0x00, 0x7F, 0x00, 0x1F, 0xF0,
    0xFF, 0xC0, 0x00, 0xFF, 0xFF, 0xE0, 0x00, 0x0F, 0xFF, 0xF0, 0x00, 0x00, 0x3F, 0xF8, 0x00, 0x00,
    0x1F, 0xF8, 0x1F, 0xFC, 0x1F, 0xFE, 0x1C, 0x7F, 0x00, 0x1F, 0x00, 0x0F, 0x00, 0x0F, 0x0F, 0xFF,
    0x1F, 0xFF, 0x3F, 0xFF, 0x7F, 0x0F, 0x78, 0x0F, 0x78, 0x0F, 0x78, 0x0F, 0x78, 0x0F, 0x7E, 0x0F,
    0x3F, 0xFF, 0x3F, 0xFF, 0x0F, 0xFF, 0x00, 0xC0, 0x30, 0x07, 0xC1, 0xF0, 0x3F, 0x07, 0xC1, 0xF8,
    0x3E, 0x07, 0xC1, 0xF8, 0x3F, 0x07, 0xC1, 0xF8, 0x3F, 0x07, 0xE1, 0xF8, 0x3F, 0x07, 0xE1, 0xFC,
    0x3F, 0x07, 0xE1, 0xF8, 0x3F, 0x87, 0xE0, 0x7E, 0x1F, 0x81, 0xFC, 0x3F, 0x03, 0xF0, 0x7E, 0x07,
    0xE1, 0xF8, 0x1F, 0x83, 0xF0, 0x3F, 0x07, 0xC0, 0x7C, 0x1F, 0x81, 0xF8, 0x3E, 0x03, 0xF0, 0x7C,
    0x07, 0xC1, 0xF0, 0x0C, 0x03, 0x00, 0xFF, 0xFF, 0xFF, 0xFF, 0xFF, 0xFF, 0xFF, 0xFF, 0xFF, 0xFF,
    0xFF, 0xFF, 0x00, 0x00, 0x1F, 0x00, 0x00, 0x1F, 0x00, 0x00, 0x1F, 0x00, 0x00, 0x1F, 0x00, 0x00,
    0x1F, 0x00, 0x00, 0x1F, 0x00, 0x00, 0x1F, 0x00, 0x00, 0x1F, 0x00, 0x00, 0x1F, 0x00, 0x00, 0x1F,
    0x00, 0x00, 0x1F, 0x00, 0x00, 0x1F, 0x00, 0x00, 0x1F, 0xFF, 0xFF, 0xFF, 0xFF, 0xFF, 0xFF, 0xF0,
    0x00, 0x0F, 0xFE, 0x00, 0x00, 0x0F, 0xFF, 0xF0, 0x00, 0x03, 0xFF, 0xFF, 0x80, 0x01, 0xFF, 0x0F,
    0xFC, 0x00, 0x7F, 0x00, 0x1F, 0xC0, 0x1F, 0x80, 0x00, 0xFC, 0x07, 0xE0, 0x00, 0x0F, 0x80, 0xF8,
    0x00, 0x00, 0xF8, 0x3E, 0x3F, 0xF8, 0x0F, 0x87, 0x87, 0xFF, 0xC1, 0xF1, 0xF0, 0xFF, 0xFC, 0x1F,
    0x3C, 0x1E, 0x1F, 0xC3, 0xEF, 0x83, 0xC0, 0xF8, 0x3D, 0xF0, 0x78, 0x0F, 0x07, 0xBE, 0x0F, 0x01,
    0xE0, 0xFF, 0x81, 0xE0, 0x7C, 0x1F, 0xF0, 0x3C, 0x3F, 0x83, 0xFE, 0x07, 0xFF, 0xE0, 0x7F, 0xC0,
    0xFF, 0xF8, 0x0F, 0xF8, 0x1F, 0xFE, 0x01, 0xFF, 0x83, 0xC7, 0xC0, 0x3F, 0xF0, 0x78, 0x7C, 0x07,
    0xBE, 0x0F, 0x07, 0xC0, 0xF3, 0xC1, 0xE0, 0x7C, 0x3E, 0x7C, 0x3C, 0x0F, 0x87, 0xC7, 0x87, 0x80,
    0xF9, 0xF0, 0xF8, 0xF0, 0x0F, 0x3E, 0x0F, 0x80, 0x00, 0x0F, 0x81, 0xF8, 0x00, 0x03, 0xE0, 0x1F,
    0x80, 0x00, 0xFC, 0x01, 0xFC, 0x00, 0x7F, 0x00, 0x1F, 0xF0, 0xFF, 0xC0, 0x00, 0xFF, 0xFF, 0xE0,
    0x00, 0x0F, 0xFF, 0xF0, 0x00, 0x00, 0x3F, 0xF8, 0x00, 0x00, 0xFF, 0xFF, 0xFF, 0xFF, 0xFF, 0xFF,
    0xFF, 0xF0, 0x0F, 0xE0, 0x7F, 0xE1, 0xFF, 0xE3, 0xF7, 0xEF, 0x83, 0xDE, 0x07, 0xFC, 0x07, 0xF8,
    0x1F, 0xF8, 0x3C, 0xFD, 0xF9, 0xFF, 0xE1, 0xFF, 0x80, 0xFE, 0x00, 0x00, 0x3C, 0x00, 0x00, 0x3C,
    0x00, 0x00, 0x3C, 0x00, 0x00, 0x3C, 0x00, 0x00, 0x3C, 0x00, 0x00, 0x3C, 0x00, 0x00, 0x3C, 0x00,
    0x00, 0x3C, 0x00, 0x00, 0x3C, 0x00, 0x00, 0x3C, 0x00, 0xFF, 0xFF, 0xFF, 0xFF, 0xFF, 0xFF, 0xFF,
    0xFF, 0xFF, 0xFF, 0xFF, 0xFF, 0x00, 0x3C, 0x00, 0x00, 0x3C, 0x00, 0x00, 0x3C, 0x00, 0x00, 0x3C,
    0x00, 0x00, 0x3C, 0x00, 0x00, 0x3C, 0x00, 0x00, 0x3C, 0x00, 0x00, 0x3C, 0x00, 0x00, 0x3C, 0x00,
    0x00, 0x3C, 0x00, 0x00, 0x00, 0x00, 0x00, 0x00, 0x00, 0xFF, 0xFF, 0xFF, 0xFF, 0xFF, 0xFF, 0xFF,
    0xFF, 0xFF, 0xFF, 0xFF, 0xFF, 0x1F, 0xE0, 0xFF, 0xF3, 0xFF, 0xE3, 0xE7, 0xE7, 0x03, 0xC0, 0x07,
    0x80, 0x0F, 0x00, 0x3E, 0x00, 0xF8, 0x03, 0xE0, 0x0F, 0x80, 0x7E, 0x01, 0xF8, 0x03, 0xE0, 0x0F,
    0x80, 0x3E, 0x00, 0x7F, 0xFE, 0xFF, 0xFD, 0xFF, 0xF8, 0x1F, 0xE0, 0xFF, 0xF1, 0xFF, 0xE3, 0xC7,
    0xE2, 0x07, 0xC0, 0x0F, 0x80, 0x7E, 0x07, 0xF8, 0x0F, 0xF0, 0x1F, 0xF0, 0x07, 0xF0, 0x01, 0xF0,
    0x03, 0xE0, 0x07, 0xC0, 0x0F, 0xBC, 0x7E, 0x7F, 0xFD, 0xFF, 0xF1, 0xFF, 0x80, 0x03, 0x01, 0xE0,
    0xFC, 0x7F, 0x1F, 0x8F, 0xC7, 0xE3, 0xF0, 0xF8, 0x0C, 0x00, 0xF8, 0x00, 0xFF, 0xC0, 0x07, 0xFE,
    0x00, 0x3F, 0xF0, 0x01, 0xFF, 0x80, 0x0F, 0xFC, 0x00, 0x7F, 0xE0, 0x03, 0xFF, 0x00, 0x1F, 0xF8,
    0x00, 0xFF, 0xC0, 0x07, 0xFE, 0x00, 0x3F, 0xF0, 0x01, 0xFF, 0x80, 0x0F, 0xFC, 0x00, 0x7F, 0xE0,
    0x03, 0xFF, 0x00, 0x1F, 0xF8, 0x00, 0xFF, 0xC0, 0x07, 0xFF, 0x00, 0x3F, 0xF8, 0x01, 0xFF, 0xE0,
    0x0F, 0xFF, 0xE1, 0xFF, 0xFF, 0xFF, 0xFF, 0xFF, 0xFF, 0xFF, 0xFF, 0xFF, 0xDF, 0xFF, 0x3E, 0x00,
    0x01, 0xF0, 0x00, 0x0F, 0x80, 0x00, 0x7C, 0x00, 0x03, 0xE0, 0x00, 0x1F, 0x00, 0x00, 0xF8, 0x00,
    0x07, 0xC0, 0x00, 0x3E, 0x00, 0x00, 0x00, 0x7F, 0xFF, 0x80, 0xFF, 0xFF, 0xF0, 0xFF, 0xFF, 0xFC,
    0x7F, 0xFF, 0xFF, 0x3F, 0xFF, 0x0F, 0xDF, 0xFF, 0xC1, 0xF7, 0xFF, 0xF0, 0x7F, 0xFF, 0xFC, 0x1F,
    0xFF, 0xFF, 0x07, 0xFF, 0xFF, 0xC1, 0xFF, 0xFF, 0xF0, 0x7F, 0xFF, 0xFC, 0x1F, 0xFF, 0xFF, 0x07,
    0xFF, 0xFF, 0xC1, 0xFF, 0xFF, 0xF0, 0x7D, 0xFF, 0xFC, 0x1F, 0x7F, 0xFF, 0x07, 0xCF, 0xFF, 0xC1,
    0xF1, 0xFF, 0xF0, 0x7C, 0x3F, 0xFC, 0x1F, 0x03, 0xFF, 0x07, 0xC0, 0x3F, 0xC1, 0xF0, 0x00, 0xF0,
    0x7C, 0x00, 0x3C, 0x1F, 0x00, 0x0F, 0x07, 0xC0, 0x03, 0xC1, 0xF0, 0x00, 0xF0, 0x7C, 0x00, 0x3C,
    0x1F, 0x00, 0x0F, 0x07, 0xC0, 0x03, 0xC1, 0xF0, 0x00, 0xF0, 0x7C, 0x00, 0x3C, 0x1F, 0x00, 0x0F,
    0x07, 0xC0, 0x03, 0xC1, 0xF0, 0x00, 0xF0, 0x7C, 0x00, 0x3C, 0x1F, 0x00, 0x0F, 0x07, 0xC0, 0x03,
    0xC1, 0xF0, 0x00, 0xF0, 0x7C, 0x00, 0x3C, 0x1F, 0x00, 0x0F, 0x07, 0xC0, 0x03, 0xC1, 0xF0, 0x00,
    0xF0, 0x7C, 0x00, 0x3C, 0x1F, 0x3E, 0x7E, 0x7F, 0xFF, 0x7F, 0x7E, 0x3E, 0x07, 0x83, 0xC1, 0xF0,
    0x7E, 0x1F, 0xC1, 0xF0, 0x7D, 0xFF, 0xFF, 0xBF, 0xC0, 0x03, 0xC1, 0xF1, 0xFD, 0xFF, 0xFF, 0xDF,
    0xF7, 0x3C, 0x0F, 0x03, 0xC0, 0xF0, 0x3C, 0x0F, 0x03, 0xC0, 0xF0, 0x3C, 0x0F, 0x03, 0xC0, 0xF0,
    0x3C, 0x07, 0xF8, 0x03, 0xFF, 0xC0, 0xFF, 0xFC, 0x1F, 0x9F, 0xC7, 0xC0, 0xF9, 0xF0, 0x0F, 0xBE,
    0x00, 0xF7, 0x80, 0x1E, 0xF0, 0x03, 0xDE, 0x00, 0x7F, 0xC0, 0x0F, 0x78, 0x01, 0xEF, 0x80, 0x3C,
    0xF0, 0x0F, 0x9F, 0x03, 0xE1, 0xF9, 0xFC, 0x3F, 0xFF, 0x03, 0xFF, 0xC0, 0x1F, 0xE0, 0x00, 0x30,
    0x0C, 0x03, 0xE0, 0xF8, 0x0F, 0x83, 0xF0, 0x1F, 0x07, 0xC0, 0x7E, 0x0F, 0x80, 0xF8, 0x3F, 0x03,
    0xF0, 0x7C, 0x07, 0xE1, 0xF8, 0x1F, 0x83, 0xF0, 0x3F, 0x0F, 0xE0, 0x7E, 0x1F, 0x81, 0xF8, 0x7F,
    0x07, 0xE1, 0xF8, 0x3F, 0x0F, 0xE1, 0xF8, 0x3F, 0x07, 0xE1, 0xF8, 0x3F, 0x07, 0xC0, 0xF8, 0x3F,
    0x07, 0xE0, 0xF8, 0x1F, 0x07, 0xC0, 0xF8, 0x3F, 0x03, 0xE0, 0xF8, 0x03, 0x00, 0xC0, 0x00, 0x03,
    0xC0, 0x00, 0x1F, 0x00, 0x03, 0xE0, 0x00, 0x1F, 0x00, 0x07, 0xF0, 0x00, 0x0F, 0x80, 0x0F, 0xF8,
    0x00, 0x0F, 0x80, 0x0F, 0xFC, 0x00, 0x0F, 0xC0, 0x03, 0xFE, 0x00, 0x07, 0xC0, 0x01, 0xCF, 0x00,
    0x07, 0xC0, 0x00, 0x07, 0x80, 0x03, 0xE0, 0x00, 0x03, 0xC0, 0x03, 0xE0, 0x00, 0x01, 0xE0, 0x01,
    0xF0, 0x00, 0x00, 0xF0, 0x01, 0xF0, 0x00, 0x00, 0x78, 0x00, 0xF8, 0x00, 0x00, 0x3C, 0x00, 0xF8,
    0x00, 0x00, 0x1E, 0x00, 0xFC, 0x00, 0x00, 0x0F, 0x00, 0x7C, 0x00, 0x00, 0x07, 0x80, 0x7C, 0x00,
    0x00, 0x03, 0xC0, 0x3E, 0x00, 0x3C, 0x01, 0xE0, 0x3E, 0x00, 0x3E, 0x00, 0xF0, 0x1F, 0x00, 0x3F,
    0x00, 0x00, 0x1F, 0x00, 0x3F, 0x80, 0x00, 0x0F, 0x80, 0x3F, 0xC0, 0x00, 0x0F, 0x80, 0x3F, 0xE0,
    0x00, 0x0F, 0xC0, 0x3E, 0xF0, 0x00, 0x07, 0xC0, 0x3E, 0x78, 0x00, 0x07, 0xC0, 0x1E, 0x3C, 0x00,
    0x03, 0xE0, 0x1E, 0x1E, 0x00, 0x03, 0xE0, 0x1E, 0x0F, 0x00, 0x01, 0xF0, 0x0F, 0xFF, 0xF0, 0x01,
    0xF0, 0x07, 0xFF, 0xF8, 0x01, 0xF8, 0x03, 0xFF, 0xFC, 0x00, 0xF8, 0x00, 0x00, 0xF0, 0x00, 0xFC,
    0x00, 0x00, 0x78, 0x00, 0x7C, 0x00, 0x00, 0x3C, 0x00, 0x7C, 0x00, 0x00, 0x1E, 0x00, 0x3E, 0x00,
    0x00, 0x0F, 0x00, 0x03, 0xC0, 0x00, 0x3E, 0x00, 0x07, 0xC0, 0x00, 0x7C, 0x00, 0x1F, 0xC0, 0x00,
    0xFC, 0x00, 0x7F, 0xC0, 0x00, 0xF8, 0x00, 0xFF, 0xC0, 0x01, 0xF8, 0x00, 0x7F, 0xC0, 0x01, 0xF0,
    0x00, 0x73, 0xC0, 0x03, 0xE0, 0x00, 0x03, 0xC0, 0x03, 0xE0, 0x00, 0x03, 0xC0, 0x07, 0xC0, 0x00,
    0x03, 0xC0, 0x07, 0xC0, 0x00, 0x03, 0xC0, 0x0F, 0x80, 0x00, 0x03, 0xC0, 0x1F, 0x80, 0x00, 0x03,
    0xC0, 0x1F, 0x00, 0x00, 0x03, 0xC0, 0x3F, 0x00, 0x00, 0x03, 0xC0, 0x3E, 0x00, 0x00, 0x03, 0xC0,
    0x7C, 0x00, 0x00, 0x03, 0xC0, 0x7C, 0x0F, 0xF0, 0x03, 0xC0, 0xF8, 0x3F, 0xF8, 0x03, 0xC0, 0xF8,
    0x7F, 0xFC, 0x00, 0x01, 0xF0, 0x7E, 0x7E, 0x00, 0x03, 0xF0, 0x30, 0x3E, 0x00, 0x03, 0xE0, 0x00,
    0x3E, 0x00, 0x07, 0xC0, 0x00, 0x3E, 0x00, 0x07, 0xC0, 0x00, 0x3C, 0x00, 0x0F, 0x80, 0x00, 0x7C,
    0x00, 0x0F, 0x80, 0x01, 0xF8, 0x00, 0x1F, 0x00, 0x03, 0xF0, 0x00, 0x1F, 0x00, 0x07, 0xE0, 0x00,
    0x3E, 0x00, 0x0F, 0xC0, 0x00, 0x7E, 0x00, 0x1F, 0x80, 0x00, 0x7C, 0x00, 0x1F, 0x00, 0x00, 0xF8,
    0x00, 0x3E, 0x00, 0x00, 0xF8, 0x00, 0x3F, 0xFF, 0x01, 0xF0, 0x00, 0x3F, 0xFF, 0x01, 0xF0, 0x00,
    0x3F, 0xFF, 0x1F, 0xE0, 0x00, 0x0F, 0xC0, 0x1F, 0xFE, 0x00, 0x03, 0xE0, 0x07, 0xFF, 0x80, 0x01,
    0xF0, 0x01, 0xE3, 0xF0, 0x00, 0x7C, 0x00, 0x20, 0x7C, 0x00, 0x3E, 0x00, 0x00, 0x1F, 0x00, 0x0F,
    0x80, 0x00, 0x1F, 0x80, 0x07, 0xC0, 0x00, 0x3F, 0xC0, 0x01, 0xF0, 0x00, 0x0F, 0xF0, 0x00, 0xF8,
    0x00, 0x03, 0xFE, 0x00, 0x7E, 0x00, 0x00, 0x1F, 0xC0, 0x1F, 0x00, 0x00, 0x00, 0xF8, 0x0F, 0x80,
    0x00, 0x00, 0x3E, 0x03, 0xE0, 0x00, 0x00, 0x0F, 0x81, 0xF0, 0x00, 0x00, 0x03, 0xE0, 0x7C, 0x00,
    0x01, 0xE3, 0xF0, 0x3E, 0x00, 0x00, 0x7F, 0xFC, 0x1F, 0x80, 0x1E, 0x3F, 0xFE, 0x07, 0xC0, 0x0F,
    0x87, 0xFE, 0x03, 0xF0, 0x07, 0xE0, 0x00, 0x00, 0xF8, 0x03, 0xF8, 0x00, 0x00, 0x7C, 0x01, 0xFE,
    0x00, 0x00, 0x1F, 0x00, 0xFF, 0x80, 0x00, 0x0F, 0x80, 0x7D, 0xE0, 0x00, 0x03, 0xE0, 0x3E, 0x78,
    0x00, 0x01, 0xF0, 0x0F, 0x1E, 0x00, 0x00, 0xFC, 0x07, 0x87, 0x80, 0x00, 0x3E, 0x03, 0xC1, 0xE0,
    0x00, 0x1F, 0x00, 0xFF, 0xFF, 0x00, 0x07, 0xC0, 0x3F, 0xFF, 0xC0, 0x03, 0xE0, 0x0F, 0xFF, 0xF0,
    0x00, 0xF8, 0x00, 0x01, 0xE0, 0x00, 0x7C, 0x00, 0x00, 0x78, 0x00, 0x1F, 0x00, 0x00, 0x1E, 0x00,
    0x0F, 0x80, 0x00, 0x07, 0x80, 0x07, 0xE0, 0x00, 0x01, 0xE0, 0x00, 0xF8, 0x00, 0x3F, 0x80, 0x07,
    0xF0, 0x00, 0xFE, 0x00, 0x1F, 0xC0, 0x03, 0xF8, 0x00, 0x3E, 0x00, 0x00, 0x00, 0x00, 0x00, 0x00,
    0x00, 0x00, 0x00, 0x00, 0x00, 0x00, 0x00, 0x0F, 0x80, 0x01, 0xF0, 0x00, 0x3E, 0x00, 0x07, 0xC0,
    0x01, 0xF8, 0x00, 0x3E, 0x00, 0x0F, 0xC0, 0x03, 0xF0, 0x00, 0xFC, 0x00, 0x3F, 0x00, 0x0F, 0xC0,
    0x03, 0xF0, 0x00, 0x7C, 0x00, 0x1F, 0x80, 0x03, 0xF0, 0x00, 0x7E, 0x00, 0x0F, 0xC0, 0x01, 0xFC,
    0x01, 0x1F, 0xE3, 0xF3, 0xFF, 0xFE, 0x3F, 0xFF, 0xC3, 0xFF, 0xF8, 0x1F, 0xF8, 0x00, 0x00, 0x04,
    0x00, 0x00, 0x00, 0x07, 0x00, 0x00, 0x00, 0x07, 0xC0, 0x00, 0x00, 0x03, 0xF0, 0x00, 0x00, 0x00,
    0xFC, 0x00, 0x00, 0x00, 0x3E, 0x00, 0x00, 0x00, 0x0F, 0x80, 0x00, 0x00, 0x03, 0xE0, 0x00, 0x00,
    0x00, 0xF0, 0x00, 0x00, 0x00, 0x30, 0x00, 0x00, 0x00, 0x00, 0x00, 0x00, 0x00, 0x00, 0x00, 0x00,
    0x00, 0x3E, 0x00, 0x00, 0x00, 0x3F, 0x80, 0x00, 0x00, 0x1F, 0xC0, 0x00, 0x00, 0x1F, 0xF0, 0x00,
    0x00, 0x0F, 0xF8, 0x00, 0x00, 0x07, 0xFE, 0x00, 0x00, 0x07, 0xFF, 0x00, 0x00, 0x03, 0xEF, 0x80,
    0x00, 0x03, 0xF7, 0xE0, 0x00, 0x01, 0xF1, 0xF0, 0x00, 0x01, 0xF8, 0xFC, 0x00, 0x00, 0xF8, 0x7E,
    0x00, 0x00, 0x7C, 0x1F, 0x80, 0x00, 0x7E, 0x0F, 0xC0, 0x00, 0x3E, 0x03, 0xE0, 0x00, 0x3F, 0x01,
    0xF8, 0x00, 0x1F, 0x00, 0xFC, 0x00, 0x0F, 0x80, 0x3F, 0x00, 0x0F, 0xC0, 0x1F, 0x80, 0x07, 0xC0,
    0x07, 0xC0, 0x07, 0xE0, 0x03, 0xF0, 0x03, 0xF0, 0x01, 0xF8, 0x01, 0xFF, 0xFF, 0xFC, 0x01, 0xFF,
    0xFF, 0xFF, 0x00, 0xFF, 0xFF, 0xFF, 0x80, 0x7F, 0xFF, 0xFF, 0xE0, 0x7E, 0x00, 0x03, 0xF0, 0x3E,
    0x00, 0x01, 0xF8, 0x3F, 0x00, 0x00, 0x7E, 0x1F, 0x80, 0x00, 0x3F, 0x0F, 0x80, 0x00, 0x1F, 0x8F,
    0xC0, 0x00, 0x07, 0xE7, 0xE0, 0x00, 0x03, 0xF3, 0xE0, 0x00, 0x00, 0xFF, 0xF0, 0x00, 0x00, 0x7E,
    0x00, 0x00, 0x18, 0x00, 0x00, 0x00, 0x1E, 0x00, 0x00, 0x00, 0x1F, 0x80, 0x00, 0x00, 0x0F, 0xC0,
    0x00, 0x00, 0x0F, 0xC0, 0x00, 0x00, 0x0F, 0xC0, 0x00, 0x00, 0x0F, 0xC0, 0x00, 0x00, 0x0F, 0xC0,
    0x00, 0x00, 0x07, 0xC0, 0x00, 0x00, 0x00, 0xC0, 0x00, 0x00, 0x00, 0x00, 0x00, 0x00, 0x00, 0x00,
    0x00, 0x00, 0x00, 0x3E, 0x00, 0x00, 0x00, 0x3F, 0x80, 0x00, 0x00, 0x1F, 0xC0, 0x00, 0x00, 0x1F,
    0xF0, 0x00, 0x00, 0x0F, 0xF8, 0x00, 0x00, 0x07, 0xFE, 0x00, 0x00, 0x07, 0xFF, 0x00, 0x00, 0x03,
    0xEF, 0x80, 0x00, 0x03, 0xF7, 0xE0, 0x00, 0x01, 0xF1, 0xF0, 0x00, 0x01, 0xF8, 0xFC, 0x00, 0x00,
    0xF8, 0x7E, 0x00, 0x00, 0x7C, 0x1F, 0x80, 0x00, 0x7E, 0x0F, 0xC0, 0x00, 0x3E, 0x03, 0xE0, 0x00,
    0x3F, 0x01, 0xF8, 0x00, 0x1F, 0x00, 0xFC, 0x00, 0x0F, 0x80, 0x3F, 0x00, 0x0F, 0xC0, 0x1F, 0x80,
    0x07, 0xC0, 0x07, 0xC0, 0x07, 0xE0, 0x03, 0xF0, 0x03, 0xF0, 0x01, 0xF8, 0x01, 0xFF, 0xFF, 0xFC,
    0x01, 0xFF, 0xFF, 0xFF, 0x00, 0xFF, 0xFF, 0xFF, 0x80, 0x7F, 0xFF, 0xFF, 0xE0, 0x7E, 0x00, 0x03,
    0xF0, 0x3E, 0x00, 0x01, 0xF8, 0x3F, 0x00, 0x00, 0x7E, 0x1F, 0x80, 0x00, 0x3F, 0x0F, 0x80, 0x00,
    0x1F, 0x8F, 0xC0, 0x00, 0x07, 0xE7, 0xE0, 0x00, 0x03, 0xF3, 0xE0, 0x00, 0x00, 0xFF, 0xF0, 0x00,
    0x00, 0x7E, 0x00, 0x00, 0xC0, 0x00, 0x00, 0x00, 0xF0, 0x00, 0x00, 0x00, 0xFC, 0x00, 0x00, 0x00,
    0xFF, 0x00, 0x00, 0x00, 0xFF, 0xC0, 0x00, 0x00, 0xFF, 0xE0, 0x00, 0x00, 0xF8, 0xF8, 0x00, 0x00,
    0x78, 0x3C, 0x00, 0x00, 0x18, 0x0C, 0x00, 0x00, 0x00, 0x00, 0x00, 0x00, 0x00, 0x00, 0x00, 0x00,
    0x00, 0x7C, 0x00, 0x00, 0x00, 0x7F, 0x00, 0x00, 0x00, 0x3F, 0x80, 0x00, 0x00, 0x3F, 0xE0, 0x00,
    0x00, 0x1F, 0xF0, 0x00, 0x00, 0x0F, 0xFC, 0x00, 0x00, 0x0F, 0xFE, 0x00, 0x00, 0x07, 0xDF, 0x00,
    0x00, 0x07, 0xEF, 0xC0, 0x00, 0x03, 0xE3, 0xE0, 0x00, 0x03, 0xF1, 0xF8, 0x00, 0x01, 0xF0, 0xFC,
    0x00, 0x00, 0xF8, 0x3F, 0x00, 0x00, 0xFC, 0x1F, 0x80, 0x00, 0x7C, 0x07, 0xC0, 0x00, 0x7E, 0x03,
    0xF0, 0x00, 0x3E, 0x01, 0xF8, 0x00, 0x1F, 0x00, 0x7E, 0x00, 0x1F, 0x80, 0x3F, 0x00, 0x0F, 0x80,
    0x0F, 0x80, 0x0F, 0xC0, 0x07, 0xE0, 0x07, 0xE0, 0x03, 0xF0, 0x03, 0xFF, 0xFF, 0xF8, 0x03, 0xFF,
    0xFF, 0xFE, 0x01, 0xFF, 0xFF, 0xFF, 0x00, 0xFF, 0xFF, 0xFF, 0xC0, 0xFC, 0x00, 0x07, 0xE0, 0x7C,
    0x00, 0x03, 0xF0, 0x7E, 0x00, 0x00, 0xFC, 0x3F, 0x00, 0x00, 0x7E, 0x1F, 0x00, 0x00, 0x3F, 0x1F,
    0x80, 0x00, 0x0F, 0xCF, 0xC0, 0x00, 0x07, 0xE7, 0xC0, 0x00, 0x01, 0xFF, 0xE0, 0x00, 0x00, 0xFC,
    0x00, 0x1F, 0x83, 0x00, 0x00, 0x1F, 0xF7, 0xC0, 0x00, 0x1F, 0xFF, 0xE0, 0x00, 0x0F, 0xFF, 0xE0,
    0x00, 0x0F, 0xBF, 0xE0, 0x00, 0x03, 0x83, 0xE0, 0x00, 0x00, 0x00, 0x00, 0x00, 0x00, 0x00, 0x00,
    0x00, 0x00, 0x00, 0x00, 0x00, 0x00, 0x00, 0x00, 0x00, 0x00, 0x00, 0xF8, 0x00, 0x00, 0x00, 0xFE,
    0x00, 0x00, 0x00, 0x7F, 0x00, 0x00, 0x00, 0x7F, 0xC0, 0x00, 0x00, 0x3F, 0xE0, 0x00, 0x00, 0x1F,
    0xF8, 0x00, 0x00, 0x1F, 0xFC, 0x00, 0x00, 0x0F, 0xBE, 0x00, 0x00, 0x0F, 0xDF, 0x80, 0x00, 0x07,
    0xC7, 0xC0, 0x00, 0x07, 0xE3, 0xF0, 0x00, 0x03, 0xE1, 0xF8, 0x00, 0x01, 0xF0, 0x7E, 0x00, 0x01,
    0xF8, 0x3F, 0x00, 0x00, 0xF8, 0x0F, 0x80, 0x00, 0xFC, 0x07, 0xE0, 0x00, 0x7C, 0x03, 0xF0, 0x00,
    0x3E, 0x00, 0xFC, 0x00, 0x3F, 0x00, 0x7E, 0x00, 0x1F, 0x00, 0x1F, 0x00, 0x1F, 0x80, 0x0F, 0xC0,
    0x0F, 0xC0, 0x07, 0xE0, 0x07, 0xFF, 0xFF, 0xF0, 0x07, 0xFF, 0xFF, 0xFC, 0x03, 0xFF, 0xFF, 0xFE,
    0x01, 0xFF, 0xFF, 0xFF, 0x81, 0xF8, 0x00, 0x0F, 0xC0, 0xF8, 0x00, 0x07, 0xE0, 0xFC, 0x00, 0x01,
    0xF8, 0x7E, 0x00, 0x00, 0xFC, 0x3E, 0x00, 0x00, 0x7E, 0x3F, 0x00, 0x00, 0x1F, 0x9F, 0x80, 0x00,
    0x0F, 0xCF, 0x80, 0x00, 0x03, 0xFF, 0xC0, 0x00, 0x01, 0xF8, 0x00, 0x3C, 0x1E, 0x00, 0x00, 0x3F,
    0x1F, 0x80, 0x00, 0x1F, 0x8F, 0xC0, 0x00, 0x0F, 0xC7, 0xE0, 0x00, 0x07, 0xE3, 0xF0, 0x00, 0x01,
    0xE0, 0xF0, 0x00, 0x00, 0x00, 0x00, 0x00, 0x00, 0x00, 0x00, 0x00, 0x00, 0x00, 0x00, 0x00, 0x00,
    0x00, 0x00, 0x00, 0x00, 0x00, 0xF8, 0x00, 0x00, 0x00, 0xFE, 0x00, 0x00, 0x00, 0x7F, 0x00, 0x00,
    0x00, 0x7F, 0xC0, 0x00, 0x00, 0x3F, 0xE0, 0x00, 0x00, 0x1F, 0xF8, 0x00, 0x00, 0x1F, 0xFC, 0x00,
    0x00, 0x0F, 0xBE, 0x00, 0x00, 0x0F, 0xDF, 0x80, 0x00, 0x07, 0xC7, 0xC0, 0x00, 0x07, 0xE3, 0xF0,
    0x00, 0x03, 0xE1, 0xF8, 0x00, 0x01, 0xF0, 0x7E, 0x00, 0x01, 0xF8, 0x3F, 0x00, 0x00, 0xF8, 0x0F,
    0x80, 0x00, 0xFC, 0x07, 0xE0, 0x00, 0x7C, 0x03, 0xF0, 0x00, 0x3E, 0x00, 0xFC, 0x00, 0x3F, 0x00,
    0x7E, 0x00, 0x1F, 0x00, 0x1F, 0x00, 0x1F, 0x80, 0x0F, 0xC0, 0x0F, 0xC0, 0x07, 0xE0, 0x07, 0xFF,
    0xFF, 0xF0, 0x07, 0xFF, 0xFF, 0xFC, 0x03, 0xFF, 0xFF, 0xFE, 0x01, 0xFF, 0xFF, 0xFF, 0x81, 0xF8,
    0x00, 0x0F, 0xC0, 0xF8, 0x00, 0x07, 0xE0, 0xFC, 0x00, 0x01, 0xF8, 0x7E, 0x00, 0x00, 0xFC, 0x3E,
    0x00, 0x00, 0x7E, 0x3F, 0x00, 0x00, 0x1F, 0x9F, 0x80, 0x00, 0x0F, 0xCF, 0x80, 0x00, 0x03, 0xFF,
    0xC0, 0x00, 0x01, 0xF8, 0x00, 0x07, 0xF0, 0x00, 0x00, 0x07, 0xFC, 0x00, 0x00, 0x03, 0xDE, 0x00,
    0x00, 0x03, 0xC7, 0x80, 0x00, 0x01, 0xC1, 0xC0, 0x00, 0x00, 0xE0, 0xE0, 0x00, 0x00, 0x78, 0xF0,
    0x00, 0x00, 0x1E, 0xF0, 0x00, 0x00, 0x0F, 0xF8, 0x00, 0x00, 0x03, 0xF8, 0x00, 0x00, 0x01, 0xFE,
    0x00, 0x00, 0x01, 0xFF, 0x00, 0x00, 0x00, 0xFF, 0x80, 0x00, 0x00, 0xFF, 0xE0, 0x00, 0x00, 0x7D,
    0xF0, 0x00, 0x00, 0x3E, 0xF8, 0x00, 0x00, 0x3F, 0x7E, 0x00, 0x00, 0x1F, 0x1F, 0x00, 0x00, 0x1F,
    0x8F, 0xC0, 0x00, 0x0F, 0x87, 0xE0, 0x00, 0x07, 0xC1, 0xF8, 0x00, 0x07, 0xE0, 0xFC, 0x00, 0x03,
    0xE0, 0x3E, 0x00, 0x03, 0xF0, 0x1F, 0x80, 0x01, 0xF0, 0x0F, 0xC0, 0x00, 0xF8, 0x03, 0xF0, 0x00,
    0xFC, 0x01, 0xF8, 0x00, 0x7C, 0x00, 0x7C, 0x00, 0x7E, 0x00, 0x3F, 0x00, 0x3F, 0x00, 0x1F, 0x80,
    0x1F, 0xFF, 0xFF, 0xC0, 0x1F, 0xFF, 0xFF, 0xF0, 0x0F, 0xFF, 0xFF, 0xF8, 0x07, 0xFF, 0xFF, 0xFE,
    0x07, 0xE0, 0x00, 0x3F, 0x03, 0xE0, 0x00, 0x1F, 0x83, 0xF0, 0x00, 0x07, 0xE1, 0xF8, 0x00, 0x03,
    0xF0, 0xF8, 0x00, 0x01, 0xF8, 0xFC, 0x00, 0x00, 0x7E, 0x7E, 0x00, 0x00, 0x3F, 0x3E, 0x00, 0x00,
    0x0F, 0xFF, 0x00, 0x00, 0x07, 0xE0, 0x00, 0x00, 0x07, 0xFF, 0xFF, 0xF0, 0x00, 0x00, 0x7F, 0xFF,
    0xFF, 0x80, 0x00, 0x07, 0xFF, 0xFF, 0xFC, 0x00, 0x00, 0x3F, 0xFF, 0xFF, 0xE0, 0x00, 0x03, 0xFF,
    0x80, 0x00, 0x00, 0x00, 0x3F, 0xFC, 0x00, 0x00, 0x00, 0x01, 0xF7, 0xE0, 0x00, 0x00, 0x00, 0x1F,
    0xBF, 0x00, 0x00, 0x00, 0x00, 0xF9, 0xF8, 0x00, 0x00, 0x00, 0x0F, 0x8F, 0xC0, 0x00, 0x00, 0x00,
    0xFC, 0x7E, 0x00, 0x00, 0x00, 0x07, 0xC3, 0xF0, 0x00, 0x00, 0x00, 0x7C, 0x1F, 0x80, 0x00, 0x00,
    0x07, 0xE0, 0xFC, 0x00, 0x00, 0x00, 0x3E, 0x07, 0xE0, 0x00, 0x00, 0x03, 0xF0, 0x3F, 0xFF, 0xF8,
    0x00, 0x1F, 0x01, 0xFF, 0xFF, 0xC0, 0x01, 0xF0, 0x0F, 0xFF, 0xFE, 0x00, 0x1F, 0x80, 0x7F, 0xFF,
    0xF0, 0x00, 0xF8, 0x03, 0xF0, 0x00, 0x00, 0x0F, 0xC0, 0x1F, 0x80, 0x00, 0x00, 0x7C, 0x00, 0xFC,
    0x00, 0x00, 0x07, 0xFF, 0xFF, 0xE0, 0x00, 0x00, 0x7F, 0xFF, 0xFF, 0x00, 0x00, 0x03, 0xFF, 0xFF,
    0xF8, 0x00, 0x00, 0x3F, 0xFF, 0xFF, 0xC0, 0x00, 0x01, 0xF0, 0x00, 0x7E, 0x00, 0x00, 0x1F, 0x80,
    0x03, 0xF0, 0x00, 0x00, 0xF8, 0x00, 0x1F, 0x80, 0x00, 0x0F, 0xC0, 0x00, 0xFC, 0x00, 0x00, 0xFC,
    0x00, 0x07, 0xE0, 0x00, 0x07, 0xE0, 0x00, 0x3F, 0xFF, 0xFF, 0x7E, 0x00, 0x01, 0xFF, 0xFF, 0xFB,
    0xF0, 0x00, 0x0F, 0xFF, 0xFF, 0xFF, 0x00, 0x00, 0x7F, 0xFF, 0xFE, 0x00, 0x0F, 0xFF, 0x00, 0x07,
    0xFF, 0xFE, 0x00, 0xFF, 0xFF, 0xF0, 0x3F, 0xFF, 0xFE, 0x07, 0xFF, 0x9F, 0xE0, 0xFF, 0x80, 0x0E,
    0x0F, 0xE0, 0x00, 0x01, 0xFC, 0x00, 0x00, 0x1F, 0x80, 0x00, 0x03, 0xF0, 0x00, 0x00, 0x3F, 0x00,
    0x00, 0x07, 0xE0, 0x00, 0x00, 0x7E, 0x00, 0x00, 0x07, 0xE0, 0x00, 0x00, 0x7E, 0x00, 0x00, 0x07,
    0xE0, 0x00, 0x00, 0x7C, 0x00, 0x00, 0x07, 0xC0, 0x00, 0x00, 0x7C, 0x00, 0x00, 0x07, 0xE0, 0x00,
    0x00, 0x7E, 0x00, 0x00, 0x07, 0xE0, 0x00, 0x00, 0x7E, 0x00, 0x00, 0x07, 0xE0, 0x00, 0x00, 0x3F,
    0x00, 0x00, 0x03, 0xF0, 0x00, 0x00, 0x3F, 0x80, 0x00, 0x01, 0xFC, 0x00, 0x00, 0x0F, 0xE0, 0x00,
    0x00, 0xFF, 0x00, 0x0E, 0x07, 0xFF, 0x0F, 0xE0, 0x3F, 0xFF, 0xFF, 0x01, 0xFF, 0xFF, 0xF0, 0x07,
    0xFF, 0xFE, 0x00, 0x1F, 0xFF, 0x00, 0x00, 0x3C, 0x00, 0x00, 0x07, 0xE0, 0x00, 0x00, 0x7F, 0x00,
    0x00, 0x03, 0xF0, 0x00, 0x00, 0x1F, 0x00, 0x00, 0x19, 0xF0, 0x00, 0x01, 0xFF, 0x00, 0x00, 0x3F,
    0xE0, 0x00, 0x03, 0xFC, 0x00, 0x00, 0xC0, 0x00, 0x03, 0xC0, 0x00, 0x0F, 0x80, 0x00, 0x1F, 0x80,
    0x00, 0x1F, 0x80, 0x00, 0x1F, 0x80, 0x00, 0x1F, 0x80, 0x00, 0x1F, 0x00, 0x00, 0x1E, 0x00, 0x00,
    0x18, 0x00, 0x00, 0x00, 0x00, 0x00, 0x00, 0x0F, 0xFF, 0xFF, 0xDF, 0xFF, 0xFF, 0xBF, 0xFF, 0xFF,
    0x7F, 0xFF, 0xFE, 0xFC, 0x00, 0x01, 0xF8, 0x00, 0x03, 0xF0, 0x00, 0x07, 0xE0, 0x00, 0x0F, 0xC0,
    0x00, 0x1F, 0x80, 0x00, 0x3F, 0x00, 0x00, 0x7E, 0x00, 0x00, 0xFC, 0x00, 0x01, 0xF8, 0x00, 0x03,
    0xF0, 0x00, 0x07, 0xFF, 0xFF, 0x8F, 0xFF, 0xFF, 0x1F, 0xFF, 0xFE, 0x3F, 0xFF, 0xFC, 0x7E, 0x00,
    0x00, 0xFC, 0x00, 0x01, 0xF8, 0x00, 0x03, 0xF0, 0x00, 0x07, 0xE0, 0x00, 0x0F, 0xC0, 0x00, 0x1F,
    0x80, 0x00, 0x3F, 0x00, 0x00, 0x7E, 0x00, 0x00, 0xFC, 0x00, 0x01, 0xF8, 0x00, 0x03, 0xF0, 0x00,
    0x07, 0xFF, 0xFF, 0xFF, 0xFF, 0xFF, 0xFF, 0xFF, 0xFF, 0xFF, 0xFF, 0xFF, 0x80, 0x00, 0x03, 0x00,
    0x00, 0x0F, 0x00, 0x00, 0x1F, 0x00, 0x00, 0x7E, 0x00, 0x01, 0xF8, 0x00, 0x07, 0xE0, 0x00, 0x1F,
    0x80, 0x00, 0x3E, 0x00, 0x00, 0x78, 0x00, 0x00, 0x60, 0x00, 0x00, 0x00, 0x00, 0x00, 0x00, 0x0F,
    0xFF, 0xFF, 0xDF, 0xFF, 0xFF, 0xBF, 0xFF, 0xFF, 0x7F, 0xFF, 0xFE, 0xFC, 0x00, 0x01, 0xF8, 0x00,
    0x03, 0xF0, 0x00, 0x07, 0xE0, 0x00, 0x0F, 0xC0, 0x00, 0x1F, 0x80, 0x00, 0x3F, 0x00, 0x00, 0x7E,
    0x00, 0x00, 0xFC, 0x00, 0x01, 0xF8, 0x00, 0x03, 0xF0, 0x00, 0x07, 0xFF, 0xFF, 0x8F, 0xFF, 0xFF,
    0x1F, 0xFF, 0xFE, 0x3F, 0xFF, 0xFC, 0x7E, 0x00, 0x00, 0xFC, 0x00, 0x01, 0xF8, 0x00, 0x03, 0xF0,
    0x00, 0x07, 0xE0, 0x00, 0x0F, 0xC0, 0x00, 0x1F, 0x80, 0x00, 0x3F, 0x00, 0x00, 0x7E, 0x00, 0x00,
    0xFC, 0x00, 0x01, 0xF8, 0x00, 0x03, 0xF0, 0x00, 0x07, 0xFF, 0xFF, 0xFF, 0xFF, 0xFF, 0xFF, 0xFF,
    0xFF, 0xFF, 0xFF, 0xFF, 0x80, 0x00, 0x30, 0x00, 0x00, 0xF0, 0x00, 0x03, 0xF0, 0x00, 0x0F, 0xF0,
    0x00, 0x3F, 0xF0, 0x00, 0xFF, 0xF0, 0x03, 0xF3, 0xF0, 0x07, 0x83, 0xE0, 0x06, 0x01, 0x80, 0x00,
    0x00, 0x00, 0x00, 0x00, 0x07, 0xFF, 0xFF, 0xEF, 0xFF, 0xFF, 0xDF, 0xFF, 0xFF, 0xBF, 0xFF, 0xFF,
    0x7E, 0x00, 0x00, 0xFC, 0x00, 0x01, 0xF8, 0x00, 0x03, 0xF0, 0x00, 0x07, 0xE0, 0x00, 0x0F, 0xC0,
    0x00, 0x1F, 0x80, 0x00, 0x3F, 0x00, 0x00, 0x7E, 0x00, 0x00, 0xFC, 0x00, 0x01, 0xF8, 0x00, 0x03,
    0xFF, 0xFF, 0xC7, 0xFF, 0xFF, 0x8F, 0xFF, 0xFF, 0x1F, 0xFF, 0xFE, 0x3F, 0x00, 0x00, 0x7E, 0x00,
    0x00, 0xFC, 0x00, 0x01, 0xF8, 0x00, 0x03, 0xF0, 0x00, 0x07, 0xE0, 0x00, 0x0F, 0xC0, 0x00, 0x1F,
    0x80, 0x00, 0x3F, 0x00, 0x00, 0x7E, 0x00, 0x00, 0xFC, 0x00, 0x01, 0xF8, 0x00, 0x03, 0xFF, 0xFF,
    0xFF, 0xFF, 0xFF, 0xFF, 0xFF, 0xFF, 0xFF, 0xFF, 0xFF, 0xC0, 0x0F, 0x07, 0xC0, 0x3F, 0x0F, 0x80,
    0x7E, 0x3F, 0x80, 0xFC, 0x7F, 0x01, 0xF8, 0x7C, 0x01, 0xE0, 0xF8, 0x00, 0x00, 0x00, 0x00, 0x00,
    0x00, 0x00, 0x00, 0x00, 0x00, 0x00, 0x03, 0xFF, 0xFF, 0xF7, 0xFF, 0xFF, 0xEF, 0xFF, 0xFF, 0xDF,
    0xFF, 0xFF, 0xBF, 0x00, 0x00, 0x7E, 0x00, 0x00, 0xFC, 0x00, 0x01, 0xF8, 0x00, 0x03, 0xF0, 0x00,
    0x07, 0xE0, 0x00, 0x0F, 0xC0, 0x00, 0x1F, 0x80, 0x00, 0x3F, 0x00, 0x00, 0x7E, 0x00, 0x00, 0xFC,
    0x00, 0x01, 0xFF, 0xFF, 0xE3, 0xFF, 0xFF, 0xC7, 0xFF, 0xFF, 0x8F, 0xFF, 0xFF, 0x1F, 0x80, 0x00,
    0x3F, 0x00, 0x00, 0x7E, 0x00, 0x00, 0xFC, 0x00, 0x01, 0xF8, 0x00, 0x03, 0xF0, 0x00, 0x07, 0xE0,
    0x00, 0x0F, 0xC0, 0x00, 0x1F, 0x80, 0x00, 0x3F, 0x00, 0x00, 0x7E, 0x00, 0x00, 0xFC, 0x00, 0x01,
    0xFF, 0xFF, 0xFF, 0xFF, 0xFF, 0xFF, 0xFF, 0xFF, 0xFF, 0xFF, 0xFF, 0xE0, 0x18, 0x07, 0x01, 0xF0,
    0x3F, 0x03, 0xF0, 0x3F, 0x03, 0xE0, 0x3E, 0x03, 0xC0, 0x30, 0x00, 0x00, 0x00, 0xFC, 0x1F, 0x83,
    0xF0, 0x7E, 0x0F, 0xC1, 0xF8, 0x3F, 0x07, 0xE0, 0xFC, 0x1F, 0x83, 0xF0, 0x7E, 0x0F, 0xC1, 0xF8,
    0x3F, 0x07, 0xE0, 0xFC, 0x1F, 0x83, 0xF0, 0x7E, 0x0F, 0xC1, 0xF8, 0x3F, 0x07, 0xE0, 0xFC, 0x1F,
    0x83, 0xF0, 0x7E, 0x0F, 0xC1, 0xF8, 0x3F, 0x07, 0xE0, 0xFC, 0x1F, 0x83, 0xF0, 0x03, 0x01, 0xE0,
    0xFC, 0x3F, 0x1F, 0x8F, 0xC7, 0xE3, 0xF0, 0xF8, 0x0C, 0x00, 0x00, 0x00, 0x7E, 0x1F, 0x87, 0xE1,
    0xF8, 0x7E, 0x1F, 0x87, 0xE1, 0xF8, 0x7E, 0x1F, 0x87, 0xE1, 0xF8, 0x7E, 0x1F, 0x87, 0xE1, 0xF8,
    0x7E, 0x1F, 0x87, 0xE1, 0xF8, 0x7E, 0x1F, 0x87, 0xE1, 0xF8, 0x7E, 0x1F, 0x87, 0xE1, 0xF8, 0x7E,
    0x1F, 0x87, 0xE1, 0xF8, 0x7E, 0x1F, 0x87, 0xE0, 0x01, 0x80, 0x07, 0x80, 0x1F, 0x80, 0x7F, 0x81,
    0xFF, 0x87, 0xFF, 0x9F, 0x1F, 0xBC, 0x1E, 0x30, 0x1C, 0x00, 0x00, 0x00, 0x00, 0x3F, 0x00, 0x7E,
    0x00, 0xFC, 0x01, 0xF8, 0x03, 0xF0, 0x07, 0xE0, 0x0F, 0xC0, 0x1F, 0x80, 0x3F, 0x00, 0x7E, 0x00,
    0xFC, 0x01, 0xF8, 0x03, 0xF0, 0x07, 0xE0, 0x0F, 0xC0, 0x1F, 0x80, 0x3F, 0x00, 0x7E, 0x00, 0xFC,
    0x01, 0xF8, 0x03, 0xF0, 0x07, 0xE0, 0x0F, 0xC0, 0x1F, 0x80, 0x3F, 0x00, 0x7E, 0x00, 0xFC, 0x01,
    0xF8, 0x03, 0xF0, 0x07, 0xE0, 0x0F, 0xC0, 0x1F, 0x80, 0x3F, 0x00, 0x7E, 0x00, 0xFC, 0x00, 0x78,
    0x3E, 0xFC, 0x3E, 0xFC, 0x7F, 0xFC, 0x7F, 0xFC, 0x3E, 0x78, 0x3E, 0x00, 0x00, 0x00, 0x00, 0x00,
    0x00, 0x00, 0x00, 0x07, 0xE0, 0x07, 0xE0, 0x07, 0xE0, 0x07, 0xE0, 0x07, 0xE0, 0x07, 0xE0, 0x07,
    0xE0, 0x07, 0xE0, 0x07, 0xE0, 0x07, 0xE0, 0x07, 0xE0, 0x07, 0xE0, 0x07, 0xE0, 0x07, 0xE0, 0x07,
    0xE0, 0x07, 0xE0, 0x07, 0xE0, 0x07, 0xE0, 0x07, 0xE0, 0x07, 0xE0, 0x07, 0xE0, 0x07, 0xE0, 0x07,
    0xE0, 0x07, 0xE0, 0x07, 0xE0, 0x07, 0xE0, 0x07, 0xE0, 0x07, 0xE0, 0x07, 0xE0, 0x07, 0xE0, 0x07,
    0xE0, 0x07, 0xE0, 0x07, 0xE0, 0x07, 0xE0, 0x07, 0xE0, 0x07, 0xFF, 0xF8, 0x00, 0x01, 0xFF, 0xFF,
    0xC0, 0x00, 0x7F, 0xFF, 0xFC, 0x00, 0x1F, 0xFF, 0xFF, 0xC0, 0x07, 0xC0, 0xFF, 0xF8, 0x01, 0xF0,
    0x01, 0xFF, 0x00, 0x7C, 0x00, 0x1F, 0xE0, 0x1F, 0x00, 0x03, 0xF8, 0x07, 0xC0, 0x00, 0x7F, 0x01,
    0xF0, 0x00, 0x0F, 0xC0, 0x7C, 0x00, 0x03, 0xF8, 0x1F, 0x00, 0x00, 0x7E, 0x07, 0xC0, 0x00, 0x1F,
    0x81, 0xF0, 0x00, 0x07, 0xE0, 0x7C, 0x00, 0x00, 0xFD, 0xFF, 0xFE, 0x00, 0x3F, 0x7F, 0xFF, 0x80,
    0x0F, 0xDF, 0xFF, 0xE0, 0x03, 0xF7, 0xFF, 0xF8, 0x00, 0xFC, 0x1F, 0x00, 0x00, 0x3F, 0x07, 0xC0,
    0x00, 0x0F, 0xC1, 0xF0, 0x00, 0x07, 0xE0, 0x7C, 0x00, 0x01, 0xF8, 0x1F, 0x00, 0x00, 0x7E, 0x07,
    0xC0, 0x00, 0x3F, 0x81, 0xF0, 0x00, 0x0F, 0xC0, 0x7C, 0x00, 0x07, 0xF0, 0x1F, 0x00, 0x03, 0xF8,
    0x07, 0xC0, 0x01, 0xFE, 0x01, 0xF0, 0x01, 0xFF, 0x00, 0x7C, 0x0F, 0xFF, 0x80, 0x1F, 0xFF, 0xFF,
    0xC0, 0x07, 0xFF, 0xFF, 0xC0, 0x01, 0xFF, 0xFF, 0xC0, 0x00, 0x7F, 0xFF, 0x80, 0x00, 0x00, 0x7C,
    0x1C, 0x00, 0x07, 0xFD, 0xF0, 0x00, 0x7F, 0xFF, 0x00, 0x07, 0xFF, 0xF8, 0x00, 0x3E, 0xFF, 0x80,
    0x00, 0xC1, 0xF8, 0x00, 0x00, 0x00, 0x00, 0x00, 0x00, 0x00, 0x00, 0x00, 0x00, 0x00, 0x00, 0x00,
    0x00, 0x00, 0x3E, 0x00, 0x00, 0x7D, 0xF8, 0x00, 0x03, 0xEF, 0xE0, 0x00, 0x1F, 0x7F, 0x80, 0x00,
    0xFB, 0xFC, 0x00, 0x07, 0xDF, 0xF0, 0x00, 0x3E, 0xFF, 0xC0, 0x01, 0xF7, 0xFF, 0x00, 0x0F, 0xBF,
    0xFC, 0x00, 0x7D, 0xF7, 0xE0, 0x03, 0xEF, 0x9F, 0x80, 0x1F, 0x7C, 0x7E, 0x00, 0xFB, 0xE3, 0xF8,
    0x07, 0xDF, 0x0F, 0xC0, 0x3E, 0xF8, 0x3F, 0x01, 0xF7, 0xC0, 0xFC, 0x0F, 0xBE, 0x07, 0xF0, 0x7D,
    0xF0, 0x1F, 0x83, 0xEF, 0x80, 0x7E, 0x1F, 0x7C, 0x01, 0xF8, 0xFB, 0xE0, 0x0F, 0xC7, 0xDF, 0x00,
    0x3F, 0x3E, 0xF8, 0x00, 0xFD, 0xF7, 0xC0, 0x07, 0xEF, 0xBE, 0x00, 0x1F, 0xFD, 0xF0, 0x00, 0x7F,
    0xEF, 0x80, 0x03, 0xFF, 0x7C, 0x00, 0x0F, 0xFB, 0xE0, 0x00, 0x3F, 0xDF, 0x00, 0x01, 0xFE, 0xF8,
    0x00, 0x07, 0xF7, 0xC0, 0x00, 0x1F, 0xBE, 0x00, 0x00, 0xFD, 0xF0, 0x00, 0x03, 0xEF, 0x80, 0x00,
    0x1F, 0x00, 0x00, 0x06, 0x00, 0x00, 0x00, 0x03, 0xC0, 0x00, 0x00, 0x01, 0xF8, 0x00, 0x00, 0x00,
    0x7F, 0x00, 0x00, 0x00, 0x0F, 0xE0, 0x00, 0x00, 0x01, 0xF8, 0x00, 0x00, 0x00, 0x3F, 0x00, 0x00,
    0x00, 0x07, 0xE0, 0x00, 0x00, 0x00, 0xF8, 0x00, 0x00, 0x00, 0x1C, 0x00, 0x00, 0x00, 0x00, 0x00,
    0x00, 0x00, 0x00, 0x00, 0x00, 0x00, 0x0F, 0xFE, 0x00, 0x00, 0x1F, 0xFF, 0xF0, 0x00, 0x0F, 0xFF,
    0xFE, 0x00, 0x0F, 0xFF, 0xFF, 0xE0, 0x07, 0xFF, 0x1F, 0xFC, 0x03, 0xFC, 0x00, 0xFF, 0x80, 0xFE,
    0x00, 0x0F, 0xE0, 0x7F, 0x00, 0x01, 0xFC, 0x3F, 0x80, 0x00, 0x3F, 0x0F, 0xC0, 0x00, 0x07, 0xE3,
    0xF0, 0x00, 0x01, 0xF9, 0xF8, 0x00, 0x00, 0x7F, 0x7E, 0x00, 0x00, 0x0F, 0xDF, 0x80, 0x00, 0x03,
    0xF7, 0xE0, 0x00, 0x00, 0xFD, 0xF8, 0x00, 0x00, 0x3F, 0x7C, 0x00, 0x00, 0x0F, 0xDF, 0x00, 0x00,
    0x03, 0xF7, 0xC0, 0x00, 0x00, 0xFD, 0xF8, 0x00, 0x00, 0x3F, 0x7E, 0x00, 0x00, 0x0F, 0xDF, 0x80,
    0x00, 0x03, 0xF7, 0xE0, 0x00, 0x00, 0xFD, 0xF8, 0x00, 0x00, 0x7F, 0x3F, 0x00, 0x00, 0x1F, 0x8F,
    0xC0, 0x00, 0x07, 0xE3, 0xF8, 0x00, 0x03, 0xF0, 0x7F, 0x00, 0x01, 0xFC, 0x0F, 0xE0, 0x00, 0xFE,
    0x03, 0xFC, 0x00, 0xFF, 0x80, 0x7F, 0xF1, 0xFF, 0xC0, 0x0F, 0xFF, 0xFF, 0xE0, 0x00, 0xFF, 0xFF,
    0xE0, 0x00, 0x1F, 0xFF, 0xF0, 0x00, 0x00, 0xFF, 0xE0, 0x00, 0x00, 0x00, 0x08, 0x00, 0x00, 0x00,
    0x07, 0x00, 0x00, 0x00, 0x03, 0xE0, 0x00, 0x00, 0x01, 0xF8, 0x00, 0x00, 0x00, 0xFC, 0x00, 0x00,
    0x00, 0x3E, 0x00, 0x00, 0x00, 0x1F, 0x00, 0x00, 0x00, 0x0F, 0x80, 0x00, 0x00, 0x03, 0xC0, 0x00,
    0x00, 0x00, 0x60, 0x00, 0x00, 0x00, 0x00, 0x00, 0x00, 0x00, 0x00, 0x00, 0x00, 0x00, 0x0F, 0xFE,
    0x00, 0x00, 0x1F, 0xFF, 0xF0, 0x00, 0x0F, 0xFF, 0xFE, 0x00, 0x0F, 0xFF, 0xFF, 0xE0, 0x07, 0xFF,
    0x1F, 0xFC, 0x03, 0xFC, 0x00, 0xFF, 0x80, 0xFE, 0x00, 0x0F, 0xE0, 0x7F, 0x00, 0x01, 0xFC, 0x3F,
    0x80, 0x00, 0x3F, 0x0F, 0xC0, 0x00, 0x07, 0xE3, 0xF0, 0x00, 0x01, 0xF9, 0xF8, 0x00, 0x00, 0x7F,
    0x7E, 0x00, 0x00, 0x0F, 0xDF, 0x80, 0x00, 0x03, 0xF7, 0xE0, 0x00, 0x00, 0xFD, 0xF8, 0x00, 0x00,
    0x3F, 0x7C, 0x00, 0x00, 0x0F, 0xDF, 0x00, 0x00, 0x03, 0xF7, 0xC0, 0x00, 0x00, 0xFD, 0xF8, 0x00,
    0x00, 0x3F, 0x7E, 0x00, 0x00, 0x0F, 0xDF, 0x80, 0x00, 0x03, 0xF7, 0xE0, 0x00, 0x00, 0xFD, 0xF8,
    0x00, 0x00, 0x7F, 0x3F, 0x00, 0x00, 0x1F, 0x8F, 0xC0, 0x00, 0x07, 0xE3, 0xF8, 0x00, 0x03, 0xF0,
    0x7F, 0x00, 0x01, 0xFC, 0x0F, 0xE0, 0x00, 0xFE, 0x03, 0xFC, 0x00, 0xFF, 0x80, 0x7F, 0xF1, 0xFF,
    0xC0, 0x0F, 0xFF, 0xFF, 0xE0, 0x00, 0xFF, 0xFF, 0xE0, 0x00, 0x1F, 0xFF, 0xF0, 0x00, 0x00, 0xFF,
    0xE0, 0x00, 0x00, 0x00, 0xC0, 0x00, 0x00, 0x00, 0x78, 0x00, 0x00, 0x00, 0x3F, 0x00, 0x00, 0x00,
    0x1F, 0xE0, 0x00, 0x00, 0x0F, 0xFC, 0x00, 0x00, 0x03, 0xFF, 0x80, 0x00, 0x01, 0xF1, 0xF0, 0x00,
    0x00, 0x78, 0x3C, 0x00, 0x00, 0x0C, 0x06, 0x00, 0x00, 0x00, 0x00, 0x00, 0x00, 0x00, 0x00, 0x00,
    0x00, 0x00, 0x3F, 0xF8, 0x00, 0x00, 0x7F, 0xFF, 0xC0, 0x00, 0x3F, 0xFF, 0xF8, 0x00, 0x3F, 0xFF,
    0xFF, 0x80, 0x1F, 0xFC, 0x7F, 0xF0, 0x0F, 0xF0, 0x03, 0xFE, 0x03, 0xF8, 0x00, 0x3F, 0x81, 0xFC,
    0x00, 0x07, 0xF0, 0xFE, 0x00, 0x00, 0xFC, 0x3F, 0x00, 0x00, 0x1F, 0x8F, 0xC0, 0x00, 0x07, 0xE7,
    0xE0, 0x00, 0x01, 0xFD, 0xF8, 0x00, 0x00, 0x3F, 0x7E, 0x00, 0x00, 0x0F, 0xDF, 0x80, 0x00, 0x03,
    0xF7, 0xE0, 0x00, 0x00, 0xFD, 0xF0, 0x00, 0x00, 0x3F, 0x7C, 0x00, 0x00, 0x0F, 0xDF, 0x00, 0x00,
    0x03, 0xF7, 0xE0, 0x00, 0x00, 0xFD, 0xF8, 0x00, 0x00, 0x3F, 0x7E, 0x00, 0x00, 0x0F, 0xDF, 0x80,
    0x00, 0x03, 0xF7, 0xE0, 0x00, 0x01, 0xFC, 0xFC, 0x00, 0x00, 0x7E, 0x3F, 0x00, 0x00, 0x1F, 0x8F,
    0xE0, 0x00, 0x0F, 0xC1, 0xFC, 0x00, 0x07, 0xF0, 0x3F, 0x80, 0x03, 0xF8, 0x0F, 0xF0, 0x03, 0xFE,
    0x01, 0xFF, 0xC7, 0xFF, 0x00, 0x3F, 0xFF, 0xFF, 0x80, 0x03, 0xFF, 0xFF, 0x80, 0x00, 0x7F, 0xFF,
    0xC0, 0x00, 0x03, 0xFF, 0x80, 0x00, 0x00, 0x0F, 0x81, 0x80, 0x00, 0x07, 0xFD, 0xF0, 0x00, 0x03,
    0xFF, 0xF8, 0x00, 0x01, 0xFF, 0xFE, 0x00, 0x00, 0x7D, 0xFF, 0x00, 0x00, 0x0C, 0x1F, 0x80, 0x00,
    0x00, 0x00, 0x00, 0x00, 0x00, 0x00, 0x00, 0x00, 0x00, 0x00, 0x00, 0x00, 0x00, 0x00, 0x00, 0x00,
    0x00, 0x00, 0xFF, 0xE0, 0x00, 0x01, 0xFF, 0xFF, 0x00, 0x00, 0xFF, 0xFF, 0xE0, 0x00, 0xFF, 0xFF,
    0xFE, 0x00, 0x7F, 0xF1, 0xFF, 0xC0, 0x3F, 0xC0, 0x0F, 0xF8, 0x0F, 0xE0, 0x00, 0xFE, 0x07, 0xF0,
    0x00, 0x1F, 0xC3, 0xF8, 0x00, 0x03, 0xF0, 0xFC, 0x00, 0x00, 0x7E, 0x3F, 0x00, 0x00, 0x1F, 0x9F,
    0x80, 0x00, 0x07, 0xF7, 0xE0, 0x00, 0x00, 0xFD, 0xF8, 0x00, 0x00, 0x3F, 0x7E, 0x00, 0x00, 0x0F,
    0xDF, 0x80, 0x00, 0x03, 0xF7, 0xC0, 0x00, 0x00, 0xFD, 0xF0, 0x00, 0x00, 0x3F, 0x7C, 0x00, 0x00,
    0x0F, 0xDF, 0x80, 0x00, 0x03, 0xF7, 0xE0, 0x00, 0x00, 0xFD, 0xF8, 0x00, 0x00, 0x3F, 0x7E, 0x00,
    0x00, 0x0F, 0xDF, 0x80, 0x00, 0x07, 0xF3, 0xF0, 0x00, 0x01, 0xF8, 0xFC, 0x00, 0x00, 0x7E, 0x3F,
    0x80, 0x00, 0x3F, 0x07, 0xF0, 0x00, 0x1F, 0xC0, 0xFE, 0x00, 0x0F, 0xE0, 0x3F, 0xC0, 0x0F, 0xF8,
    0x07, 0xFF, 0x1F, 0xFC, 0x00, 0xFF, 0xFF, 0xFE, 0x00, 0x0F, 0xFF, 0xFE, 0x00, 0x01, 0xFF, 0xFF,
    0x00, 0x00, 0x0F, 0xFE, 0x00, 0x00, 0x00, 0x1E, 0x0F, 0x00, 0x00, 0x0F, 0xC7, 0xE0, 0x00, 0x03,
    0xF1, 0xF8, 0x00, 0x00, 0xFC, 0x7E, 0x00, 0x00, 0x3F, 0x1F, 0x80, 0x00, 0x07, 0x83, 0xC0, 0x00,
    0x00, 0x00, 0x00, 0x00, 0x00, 0x00, 0x00, 0x00, 0x00, 0x00, 0x00, 0x00, 0x00, 0x00, 0x00, 0x00,
    0x00, 0x00, 0xFF, 0xE0, 0x00, 0x01, 0xFF, 0xFF, 0x00, 0x00, 0xFF, 0xFF, 0xE0, 0x00, 0xFF, 0xFF,
    0xFE, 0x00, 0x7F, 0xF1, 0xFF, 0xC0, 0x3F, 0xC0, 0x0F, 0xF8, 0x0F, 0xE0, 0x00, 0xFE, 0x07, 0xF0,
    0x00, 0x1F, 0xC3, 0xF8, 0x00, 0x03, 0xF0, 0xFC, 0x00, 0x00, 0x7E, 0x3F, 0x00, 0x00, 0x1F, 0x9F,
    0x80, 0x00, 0x07, 0xF7, 0xE0, 0x00, 0x00, 0xFD, 0xF8, 0x00, 0x00, 0x3F, 0x7E, 0x00, 0x00, 0x0F,
    0xDF, 0x80, 0x00, 0x03, 0xF7, 0xC0, 0x00, 0x00, 0xFD, 0xF0, 0x00, 0x00, 0x3F, 0x7C, 0x00, 0x00,
    0x0F, 0xDF, 0x80, 0x00, 0x03, 0xF7, 0xE0, 0x00, 0x00, 0xFD, 0xF8, 0x00, 0x00, 0x3F, 0x7E, 0x00,
    0x00, 0x0F, 0xDF, 0x80, 0x00, 0x07, 0xF3, 0xF0, 0x00, 0x01, 0xF8, 0xFC, 0x00, 0x00, 0x7E, 0x3F,
    0x80, 0x00, 0x3F, 0x07, 0xF0, 0x00, 0x1F, 0xC0, 0xFE, 0x00, 0x0F, 0xE0, 0x3F, 0xC0, 0x0F, 0xF8,
    0x07, 0xFF, 0x1F, 0xFC, 0x00, 0xFF, 0xFF, 0xFE, 0x00, 0x0F, 0xFF, 0xFE, 0x00, 0x01, 0xFF, 0xFF,
    0x00, 0x00, 0x0F, 0xFE, 0x00, 0x00, 0x20, 0x00, 0x43, 0x80, 0x07, 0x3E, 0x00, 0x7D, 0xF8, 0x07,
    0xE7, 0xE0, 0x7E, 0x1F, 0x87, 0xE0, 0x7E, 0x7E, 0x01, 0xFF, 0xE0, 0x07, 0xFE, 0x00, 0x1F, 0xE0,
    0x00, 0x7F, 0x00, 0x07, 0xF8, 0x00, 0x7F, 0xE0, 0x07, 0xFF, 0x80, 0x7E, 0x7E, 0x07, 0xE1, 0xF8,
    0x7E, 0x07, 0xE7, 0xE0, 0x1F, 0xBE, 0x00, 0x7C, 0xE0, 0x01, 0xC2, 0x00, 0x04, 0x00, 0x00, 0x00,
    0x00, 0x06, 0x00, 0x03, 0xFF, 0x83, 0xE0, 0x07, 0xFF, 0xF8, 0xF8, 0x03, 0xFF, 0xFF, 0xFE, 0x03,
    0xFF, 0xFF, 0xFF, 0x01, 0xFF, 0xC7, 0xFF, 0x80, 0xFF, 0x00, 0x3F, 0xC0, 0x3F, 0x80, 0x07, 0xF8,
    0x1F, 0xC0, 0x01, 0xFF, 0x0F, 0xE0, 0x00, 0xFF, 0xC3, 0xF0, 0x00, 0x7F, 0xF8, 0xFC, 0x00, 0x3F,
    0x7E, 0x7E, 0x00, 0x1F, 0x9F, 0xDF, 0x80, 0x07, 0xC3, 0xF7, 0xE0, 0x03, 0xF0, 0xFD, 0xF8, 0x01,
    0xF8, 0x3F, 0x7E, 0x00, 0xFC, 0x0F, 0xDF, 0x00, 0x7E, 0x03, 0xF7, 0xC0, 0x1F, 0x00, 0xFD, 0xF0,
    0x0F, 0xC0, 0x3F, 0x7C, 0x07, 0xE0, 0x0F, 0xDF, 0x83, 0xF0, 0x03, 0xF7, 0xE1, 0xF8, 0x00, 0xFD,
    0xF8, 0x7C, 0x00, 0x3F, 0x7E, 0x3F, 0x00, 0x0F, 0xCF, 0xDF, 0x80, 0x07, 0xE3, 0xFF, 0xC0, 0x01,
    0xF8, 0x7F, 0xE0, 0x00, 0xFC, 0x1F, 0xF0, 0x00, 0x7F, 0x03, 0xFC, 0x00, 0x3F, 0x80, 0x7F, 0x00,
    0x3F, 0xE0, 0x3F, 0xFC, 0x7F, 0xF0, 0x1F, 0xFF, 0xFF, 0xF8, 0x07, 0xFF, 0xFF, 0xF8, 0x03, 0xF3,
    0xFF, 0xFC, 0x00, 0x78, 0x3F, 0xF8, 0x00, 0x0C, 0x00, 0x00, 0x00, 0x00, 0x00, 0x60, 0x00, 0x00,
    0x1E, 0x00, 0x00, 0x07, 0xE0, 0x00, 0x00, 0xFC, 0x00, 0x00, 0x0F, 0xC0, 0x00, 0x00, 0xFC, 0x00,
    0x00, 0x0F, 0xC0, 0x00, 0x00, 0xFC, 0x00, 0x00, 0x0F, 0x80, 0x00, 0x00, 0xC0, 0x00, 0x00, 0x00,
    0x00, 0x00, 0x00, 0x00, 0x0F, 0x80, 0x00, 0x7F, 0xF0, 0x00, 0x0F, 0xFE, 0x00, 0x01, 0xFF, 0xC0,
    0x00, 0x3F, 0xF8, 0x00, 0x07, 0xFF, 0x00, 0x00, 0xFF, 0xE0, 0x00, 0x1F, 0xFC, 0x00, 0x03, 0xFF,
    0x80, 0x00, 0x7F, 0xF0, 0x00, 0x0F, 0xFE, 0x00, 0x01, 0xFF, 0xC0, 0x00, 0x3F, 0xF8, 0x00, 0x07,
    0xFF, 0x00, 0x00, 0xFF, 0xE0, 0x00, 0x1F, 0xFC, 0x00, 0x03, 0xFF, 0x80, 0x00, 0x7F, 0xF0, 0x00,
    0x0F, 0xFE, 0x00, 0x01, 0xFF, 0xC0, 0x00, 0x3F, 0xF8, 0x00, 0x07, 0xFF, 0x00, 0x00, 0xFF, 0xE0,
    0x00, 0x1F, 0xFC, 0x00, 0x03, 0xFF, 0xC0, 0x00, 0x7D, 0xF8, 0x00, 0x0F, 0xBF, 0x00, 0x03, 0xF3,
    0xF0, 0x00, 0x7E, 0x7F, 0x00, 0x1F, 0x87, 0xF0, 0x07, 0xF0, 0xFF, 0xC7, 0xFC, 0x0F, 0xFF, 0xFF,
    0x00, 0xFF, 0xFF, 0xC0, 0x07, 0xFF, 0xF0, 0x00, 0x3F, 0xF8, 0x00, 0x00, 0x01, 0x80, 0x00, 0x00,
    0x38, 0x00, 0x00, 0x0F, 0x80, 0x00, 0x03, 0xF0, 0x00, 0x00, 0xFC, 0x00, 0x00, 0x3F, 0x00, 0x00,
    0x07, 0xC0, 0x00, 0x01, 0xF0, 0x00, 0x00, 0x3C, 0x00, 0x00, 0x03, 0x00, 0x00, 0x00, 0x00, 0x00,
    0x00, 0x00, 0x00, 0x0F, 0x80, 0x00, 0x7F, 0xF0, 0x00, 0x0F, 0xFE, 0x00, 0x01, 0xFF, 0xC0, 0x00,
    0x3F, 0xF8, 0x00, 0x07, 0xFF, 0x00, 0x00, 0xFF, 0xE0, 0x00, 0x1F, 0xFC, 0x00, 0x03, 0xFF, 0x80,
    0x00, 0x7F, 0xF0, 0x00, 0x0F, 0xFE, 0x00, 0x01, 0xFF, 0xC0, 0x00, 0x3F, 0xF8, 0x00, 0x07, 0xFF,
    0x00, 0x00, 0xFF, 0xE0, 0x00, 0x1F, 0xFC, 0x00, 0x03, 0xFF, 0x80, 0x00, 0x7F, 0xF0, 0x00, 0x0F,
    0xFE, 0x00, 0x01, 0xFF, 0xC0, 0x00, 0x3F, 0xF8, 0x00, 0x07, 0xFF, 0x00, 0x00, 0xFF, 0xE0, 0x00,
    0x1F, 0xFC, 0x00, 0x03, 0xFF, 0xC0, 0x00, 0x7D, 0xF8, 0x00, 0x0F, 0xBF, 0x00, 0x03, 0xF3, 0xF0,
    0x00, 0x7E, 0x7F, 0x00, 0x1F, 0x87, 0xF0, 0x07, 0xF0, 0xFF, 0xC7, 0xFC, 0x0F, 0xFF, 0xFF, 0x00,
    0xFF, 0xFF, 0xC0, 0x07, 0xFF, 0xF0, 0x00, 0x3F, 0xF8, 0x00, 0x00, 0x0C, 0x00, 0x00, 0x03, 0xC0,
    0x00, 0x00, 0xFC, 0x00, 0x00, 0x3F, 0xC0, 0x00, 0x0F, 0xFC, 0x00, 0x03, 0xFF, 0xC0, 0x00, 0xFC,
    0xFC, 0x00, 0x1F, 0x07, 0x80, 0x01, 0xC0, 0x60, 0x00, 0x00, 0x00, 0x00, 0x00, 0x00, 0x00, 0x7C,
    0x00, 0x03, 0xFF, 0x80, 0x00, 0x7F, 0xF0, 0x00, 0x0F, 0xFE, 0x00, 0x01, 0xFF, 0xC0, 0x00, 0x3F,
    0xF8, 0x00, 0x07, 0xFF, 0x00, 0x00, 0xFF, 0xE0, 0x00, 0x1F, 0xFC, 0x00, 0x03, 0xFF, 0x80, 0x00,
    0x7F, 0xF0, 0x00, 0x0F, 0xFE, 0x00, 0x01, 0xFF, 0xC0, 0x00, 0x3F, 0xF8, 0x00, 0x07, 0xFF, 0x00,
    0x00, 0xFF, 0xE0, 0x00, 0x1F, 0xFC, 0x00, 0x03, 0xFF, 0x80, 0x00, 0x7F, 0xF0, 0x00, 0x0F, 0xFE,
    0x00, 0x01, 0xFF, 0xC0, 0x00, 0x3F, 0xF8, 0x00, 0x07, 0xFF, 0x00, 0x00, 0xFF, 0xE0, 0x00, 0x1F,
    0xFE, 0x00, 0x03, 0xEF, 0xC0, 0x00, 0x7D, 0xF8, 0x00, 0x1F, 0x9F, 0x80, 0x03, 0xF3, 0xF8, 0x00,
    0xFC, 0x3F, 0x80, 0x3F, 0x87, 0xFE, 0x3F, 0xE0, 0x7F, 0xFF, 0xF8, 0x07, 0xFF, 0xFE, 0x00, 0x3F,
    0xFF, 0x80, 0x01, 0xFF, 0xC0, 0x00, 0x03, 0xE0, 0xF0, 0x00, 0x7C, 0x3F, 0x00, 0x1F, 0xC7, 0xE0,
    0x03, 0xF8, 0xFC, 0x00, 0x3E, 0x1F, 0x80, 0x07, 0xC1, 0xE0, 0x00, 0x00, 0x00, 0x00, 0x00, 0x00,
    0x00, 0x00, 0x00, 0x00, 0x00, 0x00, 0x00, 0x03, 0xE0, 0x00, 0x1F, 0xFC, 0x00, 0x03, 0xFF, 0x80,
    0x00, 0x7F, 0xF0, 0x00, 0x0F, 0xFE, 0x00, 0x01, 0xFF, 0xC0, 0x00, 0x3F, 0xF8, 0x00, 0x07, 0xFF,
    0x00, 0x00, 0xFF, 0xE0, 0x00, 0x1F, 0xFC, 0x00, 0x03, 0xFF, 0x80, 0x00, 0x7F, 0xF0, 0x00, 0x0F,
    0xFE, 0x00, 0x01, 0xFF, 0xC0, 0x00, 0x3F, 0xF8, 0x00, 0x07, 0xFF, 0x00, 0x00, 0xFF, 0xE0, 0x00,
    0x1F, 0xFC, 0x00, 0x03, 0xFF, 0x80, 0x00, 0x7F, 0xF0, 0x00, 0x0F, 0xFE, 0x00, 0x01, 0xFF, 0xC0,
    0x00, 0x3F, 0xF8, 0x00, 0x07, 0xFF, 0x00, 0x00, 0xFF, 0xF0, 0x00, 0x1F, 0x7E, 0x00, 0x03, 0xEF,
    0xC0, 0x00, 0xFC, 0xFC, 0x00, 0x1F, 0x9F, 0xC0, 0x07, 0xE1, 0xFC, 0x01, 0xFC, 0x3F, 0xF1, 0xFF,
    0x03, 0xFF, 0xFF, 0xC0, 0x3F, 0xFF, 0xF0, 0x01, 0xFF, 0xFC, 0x00, 0x0F, 0xFE, 0x00, 0x00, 0x00,
    0x60, 0x00, 0x00, 0x03, 0xC0, 0x00, 0x00, 0x0F, 0x80, 0x00, 0x00, 0x7E, 0x00, 0x00, 0x03, 0xF0,
    0x00, 0x00, 0x1F, 0x80, 0x00, 0x00, 0xFC, 0x00, 0x00, 0x03, 0xE0, 0x00, 0x00, 0x0F, 0x00, 0x00,
    0x00, 0x18, 0x00, 0x00, 0x00, 0x00, 0x00, 0x00, 0x00, 0x00, 0x00, 0xFE, 0x00, 0x00, 0xFD, 0xF8,
    0x00, 0x07, 0xE7, 0xF0, 0x00, 0x1F, 0x8F, 0xC0, 0x00, 0xFC, 0x3F, 0x80, 0x03, 0xF0, 0x7E, 0x00,
    0x1F, 0x81, 0xFC, 0x00, 0xFC, 0x03, 0xF0, 0x03, 0xF0, 0x07, 0xE0, 0x1F, 0x80, 0x1F, 0x80, 0x7E,
    0x00, 0x3F, 0x03, 0xF0, 0x00, 0xFE, 0x0F, 0xC0, 0x01, 0xF8, 0x7E, 0x00, 0x03, 0xF3, 0xF0, 0x00,
    0x0F, 0xCF, 0xC0, 0x00, 0x1F, 0xFE, 0x00, 0x00, 0x7F, 0xF8, 0x00, 0x00, 0xFF, 0xC0, 0x00, 0x01,
    0xFE, 0x00, 0x00, 0x07, 0xF8, 0x00, 0x00, 0x0F, 0xC0, 0x00, 0x00, 0x3F, 0x00, 0x00, 0x00, 0xFC,
    0x00, 0x00, 0x03, 0xF0, 0x00, 0x00, 0x0F, 0xC0, 0x00, 0x00, 0x3F, 0x00, 0x00, 0x00, 0xFC, 0x00,
    0x00, 0x03, 0xF0, 0x00, 0x00, 0x0F, 0xC0, 0x00, 0x00, 0x3F, 0x00, 0x00, 0x00, 0xFC, 0x00, 0x00,
    0x03, 0xF0, 0x00, 0x00, 0x0F, 0xC0, 0x00, 0x00, 0x3F, 0x00, 0x00, 0x00, 0xFC, 0x00, 0x00, 0xFC,
    0x00, 0x00, 0x7E, 0x00, 0x00, 0x3F, 0x00, 0x00, 0x1F, 0x80, 0x00, 0x0F, 0xC0, 0x00, 0x07, 0xE0,
    0x00, 0x03, 0xFF, 0xFC, 0x01, 0xFF, 0xFF, 0xC0, 0xFF, 0xFF, 0xF8, 0x7F, 0xFF, 0xFE, 0x3F, 0x03,
    0xFF, 0x9F, 0x80, 0x1F, 0xEF, 0xC0, 0x07, 0xF7, 0xE0, 0x01, 0xFB, 0xF0, 0x00, 0x7F, 0xF8, 0x00,
    0x3F, 0xFC, 0x00, 0x1F, 0xFE, 0x00, 0x0F, 0xFF, 0x00, 0x07, 0xFF, 0x80, 0x03, 0xFF, 0xC0, 0x03,
    0xFF, 0xE0, 0x03, 0xFB, 0xF0, 0x03, 0xFD, 0xF8, 0x1F, 0xFC, 0xFF, 0xFF, 0xFC, 0x7F, 0xFF, 0xFC,
    0x3F, 0xFF, 0xF8, 0x1F, 0xFF, 0xF0, 0x0F, 0xC0, 0x00, 0x07, 0xE0, 0x00, 0x03, 0xF0, 0x00, 0x01,
    0xF8, 0x00, 0x00, 0xFC, 0x00, 0x00, 0x7E, 0x00, 0x00, 0x3F, 0x00, 0x00, 0x00, 0x03, 0xFF, 0x00,
    0x03, 0xFF, 0xF0, 0x01, 0xFF, 0xFE, 0x00, 0xFF, 0xFF, 0xC0, 0x7F, 0xCF, 0xF8, 0x1F, 0x80, 0x7E,
    0x0F, 0xC0, 0x1F, 0x83, 0xF0, 0x03, 0xE0, 0xF8, 0x00, 0xF8, 0x3E, 0x00, 0x3E, 0x0F, 0x80, 0x1F,
    0x83, 0xE0, 0x0F, 0xC0, 0xF8, 0x03, 0xE0, 0x3E, 0x01, 0xF8, 0x0F, 0x80, 0xFC, 0x03, 0xE0, 0x7E,
    0x00, 0xF8, 0x3F, 0x00, 0x3E, 0x0F, 0x80, 0x0F, 0x87, 0xE0, 0x03, 0xE1, 0xF8, 0x00, 0xF8, 0x3F,
    0x00, 0x3E, 0x0F, 0xF8, 0x0F, 0x81, 0xFF, 0x03, 0xE0, 0x3F, 0xF0, 0xF8, 0x07, 0xFE, 0x3E, 0x00,
    0x3F, 0xCF, 0x80, 0x03, 0xFB, 0xE0, 0x00, 0x7E, 0xF8, 0x00, 0x0F, 0xBE, 0x00, 0x03, 0xEF, 0x80,
    0x00, 0xFF, 0xE0, 0x00, 0x3E, 0xF8, 0x40, 0x1F, 0xBE, 0x1F, 0x1F, 0xEF, 0x87, 0xFF, 0xF3, 0xE3,
    0xFF, 0xFC, 0xF8, 0xFF, 0xFE, 0x3E, 0x0F, 0xFE, 0x00, 0x01, 0x80, 0x00, 0x1E, 0x00, 0x01, 0xF8,
    0x00, 0x0F, 0xC0, 0x00, 0x3F, 0x00, 0x00, 0xFC, 0x00, 0x03, 0xF0, 0x00, 0x0F, 0xC0, 0x00, 0x3E,
    0x00, 0x00, 0xC0, 0x00, 0x00, 0x00, 0x00, 0x00, 0x00, 0x00, 0x00, 0x07, 0xFF, 0x80, 0x7F, 0xFE,
    0x03, 0xFF, 0xFC, 0x1F, 0xFF, 0xE0, 0xF8, 0x7F, 0x80, 0x00, 0xFC, 0x00, 0x03, 0xE0, 0x00, 0x1F,
    0x80, 0x00, 0xFC, 0x00, 0x07, 0xE0, 0xFF, 0xFF, 0x1F, 0xFF, 0xF9, 0xFF, 0xFF, 0xDF, 0xFF, 0xFE,
    0xFF, 0x87, 0xFF, 0xC0, 0x1F, 0xFE, 0x00, 0xFF, 0xE0, 0x07, 0xFF, 0x00, 0x3F, 0xFC, 0x01, 0xFF,
    0xE0, 0x0F, 0xFF, 0xE0, 0xFE, 0xFF, 0xFF, 0xF3, 0xFF, 0xFF, 0x8F, 0xFF, 0xFC, 0x1F, 0xFF, 0xC0,
    0x00, 0x06, 0x00, 0x00, 0x38, 0x00, 0x03, 0xE0, 0x00, 0x3F, 0x00, 0x03, 0xF0, 0x00, 0x3F, 0x00,
    0x01, 0xF0, 0x00, 0x1F, 0x00, 0x00, 0xF0, 0x00, 0x03, 0x00, 0x00, 0x00, 0x00, 0x00, 0x00, 0x00,
    0x00, 0x00, 0x07, 0xFF, 0x80, 0x7F, 0xFE, 0x03, 0xFF, 0xFC, 0x1F, 0xFF, 0xE0, 0xF8, 0x7F, 0x80,
    0x00, 0xFC, 0x00, 0x03, 0xE0, 0x00, 0x1F, 0x80, 0x00, 0xFC, 0x00, 0x07, 0xE0, 0xFF, 0xFF, 0x1F,
    0xFF, 0xF9, 0xFF, 0xFF, 0xDF, 0xFF, 0xFE, 0xFF, 0x87, 0xFF, 0xC0, 0x1F, 0xFE, 0x00, 0xFF, 0xE0,
    0x07, 0xFF, 0x00, 0x3F, 0xFC, 0x01, 0xFF, 0xE0, 0x0F, 0xFF, 0xE0, 0xFE, 0xFF, 0xFF, 0xF3, 0xFF,
    0xFF, 0x8F, 0xFF, 0xFC, 0x1F, 0xFF, 0xC0, 0x00, 0x30, 0x00, 0x03, 0xC0, 0x00, 0x3F, 0x00, 0x03,
    0xFC, 0x00, 0x3F, 0xF0, 0x03, 0xFF, 0xC0, 0x3F, 0x3F, 0x01, 0xF0, 0x78, 0x06, 0x01, 0x80, 0x00,
    0x00, 0x00, 0x00, 0x00, 0x00, 0x00, 0x00, 0xFF, 0xF0, 0x0F, 0xFF, 0xC0, 0x7F, 0xFF, 0x83, 0xFF,
    0xFC, 0x1F, 0x0F, 0xF0, 0x00, 0x1F, 0x80, 0x00, 0x7C, 0x00, 0x03, 0xF0, 0x00, 0x1F, 0x80, 0x00,
    0xFC, 0x1F, 0xFF, 0xE3, 0xFF, 0xFF, 0x3F, 0xFF, 0xFB, 0xFF, 0xFF, 0xDF, 0xF0, 0xFF, 0xF8, 0x03,
    0xFF, 0xC0, 0x1F, 0xFC, 0x00, 0xFF, 0xE0, 0x07, 0xFF, 0x80, 0x3F, 0xFC, 0x01, 0xFF, 0xFC, 0x1F,
    0xDF, 0xFF, 0xFE, 0x7F, 0xFF, 0xF1, 0xFF, 0xFF, 0x83, 0xFF, 0xF8, 0x03, 0xE0, 0xE0, 0x7F, 0xEF,
    0x83, 0xFF, 0xF8, 0x3F, 0xFF, 0xC1, 0xE7, 0xFC, 0x06, 0x0F, 0xC0, 0x00, 0x00, 0x00, 0x00, 0x00,
    0x00, 0x00, 0x00, 0x00, 0x00, 0x00, 0x00, 0x00, 0x1F, 0xFE, 0x01, 0xFF, 0xF8, 0x0F, 0xFF, 0xF0,
    0x7F, 0xFF, 0x83, 0xE1, 0xFE, 0x00, 0x03, 0xF0, 0x00, 0x0F, 0x80, 0x00, 0x7E, 0x00, 0x03, 0xF0,
    0x00, 0x1F, 0x83, 0xFF, 0xFC, 0x7F, 0xFF, 0xE7, 0xFF, 0xFF, 0x7F, 0xFF, 0xFB, 0xFE, 0x1F, 0xFF,
    0x00, 0x7F, 0xF8, 0x03, 0xFF, 0x80, 0x1F, 0xFC, 0x00, 0xFF, 0xF0, 0x07, 0xFF, 0x80, 0x3F, 0xFF,
    0x83, 0xFB, 0xFF, 0xFF, 0xCF, 0xFF, 0xFE, 0x3F, 0xFF, 0xF0, 0x7F, 0xFF, 0x00, 0x0F, 0x83, 0xC0,
    0x7C, 0x3F, 0x07, 0xF1, 0xF8, 0x3F, 0x8F, 0xC0, 0xF8, 0x7E, 0x07, 0xC1, 0xE0, 0x00, 0x00, 0x00,
    0x00, 0x00, 0x00, 0x00, 0x00, 0x00, 0x00, 0x00, 0x00, 0x00, 0x1F, 0xFE, 0x01, 0xFF, 0xF8, 0x0F,
    0xFF, 0xF0, 0x7F, 0xFF, 0x83, 0xE1, 0xFE, 0x00, 0x03, 0xF0, 0x00, 0x0F, 0x80, 0x00, 0x7E, 0x00,
    0x03, 0xF0, 0x00, 0x1F, 0x83, 0xFF, 0xFC, 0x7F, 0xFF, 0xE7, 0xFF, 0xFF, 0x7F, 0xFF, 0xFB, 0xFE,
    0x1F, 0xFF, 0x00, 0x7F, 0xF8, 0x03, 0xFF, 0x80, 0x1F, 0xFC, 0x00, 0xFF, 0xF0, 0x07, 0xFF, 0x80,
    0x3F, 0xFF, 0x83, 0xFB, 0xFF, 0xFF, 0xCF, 0xFF, 0xFE, 0x3F, 0xFF, 0xF0, 0x7F, 0xFF, 0x00, 0x00,
    0xFC, 0x00, 0x0F, 0xF0, 0x00, 0xFB, 0xC0, 0x07, 0x0E, 0x00, 0x38, 0x78, 0x01, 0xC3, 0xC0, 0x0E,
    0x1C, 0x00, 0x7D, 0xE0, 0x01, 0xFE, 0x00, 0x07, 0xE0, 0x00, 0x00, 0x00, 0x00, 0x00, 0x00, 0x00,
    0x00, 0x07, 0xFF, 0x80, 0x7F, 0xFE, 0x03, 0xFF, 0xFC, 0x1F, 0xFF, 0xE0, 0xF8, 0x7F, 0x80, 0x00,
    0xFC, 0x00, 0x03, 0xE0, 0x00, 0x1F, 0x80, 0x00, 0xFC, 0x00, 0x07, 0xE0, 0xFF, 0xFF, 0x1F, 0xFF,
    0xF9, 0xFF, 0xFF, 0xDF, 0xFF, 0xFE, 0xFF, 0x87, 0xFF, 0xC0, 0x1F, 0xFE, 0x00, 0xFF, 0xE0, 0x07,
    0xFF, 0x00, 0x3F, 0xFC, 0x01, 0xFF, 0xE0, 0x0F, 0xFF, 0xE0, 0xFE, 0xFF, 0xFF, 0xF3, 0xFF, 0xFF,
    0x8F, 0xFF, 0xFC, 0x1F, 0xFF, 0xC0, 0x0F, 0xFE, 0x01, 0xFF, 0x00, 0x3F, 0xFF, 0x0F, 0xFF, 0x80,
    0x7F, 0xFF, 0x3F, 0xFF, 0x80, 0xFF, 0xFF, 0xFF, 0xFF, 0x81, 0xF0, 0xFF, 0xFC, 0x7F, 0x80, 0x00,
    0x7F, 0xE0, 0x3F, 0x00, 0x00, 0x7F, 0x80, 0x3F, 0x00, 0x00, 0xFE, 0x00, 0x7E, 0x00, 0x01, 0xFC,
    0x00, 0x7C, 0x00, 0x03, 0xF0, 0x00, 0xF8, 0x1F, 0xFF, 0xE0, 0x01, 0xF8, 0xFF, 0xFF, 0xFF, 0xFF,
    0xF3, 0xFF, 0xFF, 0xFF, 0xFF, 0xEF, 0xFF, 0xFF, 0xFF, 0xFF, 0xDF, 0xF0, 0xFE, 0x00, 0x00, 0x7F,
    0x00, 0x7C, 0x00, 0x00, 0xFC, 0x00, 0xF8, 0x00, 0x01, 0xF0, 0x01, 0xF8, 0x00, 0x03, 0xE0, 0x03,
    0xF0, 0x00, 0x07, 0xE0, 0x03, 0xF0, 0x00, 0x0F, 0xC0, 0x0F, 0xF0, 0x00, 0x0F, 0xF0, 0xFF, 0xFC,
    0x3E, 0x1F, 0xFF, 0xFF, 0xFF, 0xFC, 0x1F, 0xFF, 0xFF, 0xFF, 0xFC, 0x1F, 0xFF, 0xE7, 0xFF, 0xF8,
    0x0F, 0xFE, 0x03, 0xFF, 0xC0, 0x00, 0xFF, 0xE0, 0x1F, 0xFF, 0x81, 0xFF, 0xFC, 0x1F, 0xFF, 0xE1,
    0xFF, 0x1E, 0x1F, 0xC0, 0x00, 0xFC, 0x00, 0x0F, 0xC0, 0x00, 0x7E, 0x00, 0x03, 0xE0, 0x00, 0x3F,
    0x00, 0x01, 0xF8, 0x00, 0x0F, 0xC0, 0x00, 0x7E, 0x00, 0x03, 0xF0, 0x00, 0x1F, 0x80, 0x00, 0x7C,
    0x00, 0x03, 0xF0, 0x00, 0x1F, 0x80, 0x00, 0xFE, 0x00, 0x03, 0xF8, 0x00, 0x0F, 0xF8, 0x78, 0x7F,
    0xFF, 0xC1, 0xFF, 0xFE, 0x03, 0xFF, 0xF8, 0x07, 0xFF, 0x00, 0x0F, 0x00, 0x00, 0x7C, 0x00, 0x07,
    0xF0, 0x00, 0x1F, 0x80, 0x00, 0x7C, 0x00, 0x33, 0xE0, 0x01, 0xFF, 0x00, 0x0F, 0xF8, 0x00, 0x7F,
    0x00, 0x00, 0xC0, 0x00, 0x01, 0xE0, 0x00, 0x03, 0xF0, 0x00, 0x03, 0xF8, 0x00, 0x01, 0xF8, 0x00,
    0x00, 0xFC, 0x00, 0x00, 0x7E, 0x00, 0x00, 0x3F, 0x00, 0x00, 0x1F, 0x00, 0x00, 0x0C, 0x00, 0x00,
    0x00, 0x00, 0x00, 0x00, 0x00, 0x00, 0x00, 0x00, 0x00, 0xFF, 0x80, 0x03, 0xFF, 0xE0, 0x07, 0xFF,
    0xF0, 0x0F, 0xFF, 0xF8, 0x1F, 0xE3, 0xFC, 0x3F, 0x00, 0xFC, 0x3E, 0x00, 0x7E, 0x7E, 0x00, 0x3E,
    0x7C, 0x00, 0x3E, 0x7C, 0x00, 0x3E, 0xFF, 0xFF, 0xFF, 0xFF, 0xFF, 0xFF, 0xFF, 0xFF, 0xFF, 0xFF,
    0xFF, 0xFF, 0xFC, 0x00, 0x00, 0xFC, 0x00, 0x00, 0x7C, 0x00, 0x00, 0x7E, 0x00, 0x00, 0x7E, 0x00,
    0x00, 0x7F, 0x00, 0x00, 0x3F, 0x80, 0x00, 0x1F, 0xF0, 0xF8, 0x1F, 0xFF, 0xF8, 0x07, 0xFF, 0xFC,
    0x03, 0xFF, 0xFC, 0x00, 0xFF, 0xF0, 0x00, 0x03, 0x00, 0x00, 0x03, 0x80, 0x00, 0x07, 0xC0, 0x00,
    0x0F, 0xC0, 0x00, 0x1F, 0x80, 0x00, 0x3F, 0x00, 0x00, 0x3E, 0x00, 0x00, 0x7C, 0x00, 0x00, 0x78,
    0x00, 0x00, 0x30, 0x00, 0x00, 0x00, 0x00, 0x00, 0x00, 0x00, 0x00, 0x00, 0x00, 0x00, 0xFF, 0x80,
    0x03, 0xFF, 0xE0, 0x07, 0xFF, 0xF0, 0x0F, 0xFF, 0xF8, 0x1F, 0xE3, 0xFC, 0x3F, 0x00, 0xFC, 0x3E,
    0x00, 0x7E, 0x7E, 0x00, 0x3E, 0x7C, 0x00, 0x3E, 0x7C, 0x00, 0x3E, 0xFF, 0xFF, 0xFF, 0xFF, 0xFF,
    0xFF, 0xFF, 0xFF, 0xFF, 0xFF, 0xFF, 0xFF, 0xFC, 0x00, 0x00, 0xFC, 0x00, 0x00, 0x7C, 0x00, 0x00,
    0x7E, 0x00, 0x00, 0x7E, 0x00, 0x00, 0x7F, 0x00, 0x00, 0x3F, 0x80, 0x00, 0x1F, 0xF0, 0xF8, 0x1F,
    0xFF, 0xF8, 0x07, 0xFF, 0xFC, 0x03, 0xFF, 0xFC, 0x00, 0xFF, 0xF0, 0x00, 0x18, 0x00, 0x00, 0x3C,
    0x00, 0x00, 0x7E, 0x00, 0x00, 0xFF, 0x00, 0x01, 0xFF, 0x80, 0x03, 0xFF, 0xC0, 0x07, 0xE3, 0xE0,
    0x03, 0xC1, 0xE0, 0x01, 0x80, 0xC0, 0x00, 0x00, 0x00, 0x00, 0x00, 0x00, 0x00, 0x00, 0x00, 0x00,
    0xFF, 0x80, 0x03, 0xFF, 0xE0, 0x07, 0xFF, 0xF0, 0x0F, 0xFF, 0xF8, 0x1F, 0xE3, 0xFC, 0x3F, 0x00,
    0xFC, 0x3E, 0x00, 0x7E, 0x7E, 0x00, 0x3E, 0x7C, 0x00, 0x3E, 0x7C, 0x00, 0x3E, 0xFF, 0xFF, 0xFF,
    0xFF, 0xFF, 0xFF, 0xFF, 0xFF, 0xFF, 0xFF, 0xFF, 0xFF, 0xFC, 0x00, 0x00, 0xFC, 0x00, 0x00, 0x7C,
    0x00, 0x00, 0x7E, 0x00, 0x00, 0x7E, 0x00, 0x00, 0x7F, 0x00, 0x00, 0x3F, 0x80, 0x00, 0x1F, 0xF0,
    0xF8, 0x1F, 0xFF, 0xF8, 0x07, 0xFF, 0xFC, 0x03, 0xFF, 0xFC, 0x00, 0xFF, 0xF0, 0x07, 0xC1, 0xE0,
    0x07, 0xC3, 0xF0, 0x0F, 0xE3, 0xF0, 0x0F, 0xE3, 0xF0, 0x07, 0xC3, 0xF0, 0x07, 0xC1, 0xE0, 0x00,
    0x00, 0x00, 0x00, 0x00, 0x00, 0x00, 0x00, 0x00, 0x00, 0x00, 0x00, 0x00, 0x00, 0x00, 0x00, 0xFF,
    0x80, 0x03, 0xFF, 0xE0, 0x07, 0xFF, 0xF0, 0x0F, 0xFF, 0xF8, 0x1F, 0xE3, 0xFC, 0x3F, 0x00, 0xFC,
    0x3E, 0x00, 0x7E, 0x7E, 0x00, 0x3E, 0x7C, 0x00, 0x3E, 0x7C, 0x00, 0x3E, 0xFF, 0xFF, 0xFF, 0xFF,
    0xFF, 0xFF, 0xFF, 0xFF, 0xFF, 0xFF, 0xFF, 0xFF, 0xFC, 0x00, 0x00, 0xFC, 0x00, 0x00, 0x7C, 0x00,
    0x00, 0x7E, 0x00, 0x00, 0x7E, 0x00, 0x00, 0x7F, 0x00, 0x00, 0x3F, 0x80, 0x00, 0x1F, 0xF0, 0xF8,
    0x1F, 0xFF, 0xF8, 0x07, 0xFF, 0xFC, 0x03, 0xFF, 0xFC, 0x00, 0xFF, 0xF0, 0x30, 0x1E, 0x0F, 0xC3,
    0xF8, 0x7E, 0x0F, 0xC1, 0xF8, 0x3F, 0x07, 0xC0, 0xE0, 0x00, 0x00, 0x00, 0x03, 0xE0, 0xF8, 0x3E,
    0x0F, 0x83, 0xE0, 0xF8, 0x3E, 0x0F, 0x83, 0xE0, 0xF8, 0x3E, 0x0F, 0x83, 0xE0, 0xF8, 0x3E, 0x0F,
    0x83, 0xE0, 0xF8, 0x3E, 0x0F, 0x83, 0xE0, 0xF8, 0x3E, 0x0F, 0x83, 0xE0, 0xF8, 0x02, 0x01, 0xC0,
    0xF8, 0x7E, 0x3F, 0x0F, 0x87, 0xC3, 0xE0, 0xF0, 0x18, 0x00, 0x00, 0x00, 0x00, 0x1F, 0x07, 0xC1,
    0xF0, 0x7C, 0x1F, 0x07, 0xC1, 0xF0, 0x7C, 0x1F, 0x07, 0xC1, 0xF0, 0x7C, 0x1F, 0x07, 0xC1, 0xF0,
    0x7C, 0x1F, 0x07, 0xC1, 0xF0, 0x7C, 0x1F, 0x07, 0xC1, 0xF0, 0x7C, 0x1F, 0x07, 0xC0, 0x03, 0x00,
    0x0F, 0x00, 0x3F, 0x00, 0xFF, 0x03, 0xFF, 0x0F, 0xFF, 0x3F, 0x1F, 0x3C, 0x1E, 0x30, 0x18, 0x00,
    0x00, 0x00, 0x00, 0x00, 0x00, 0x7C, 0x00, 0xF8, 0x01, 0xF0, 0x03, 0xE0, 0x07, 0xC0, 0x0F, 0x80,
    0x1F, 0x00, 0x3E, 0x00, 0x7C, 0x00, 0xF8, 0x01, 0xF0, 0x03, 0xE0, 0x07, 0xC0, 0x0F, 0x80, 0x1F,
    0x00, 0x3E, 0x00, 0x7C, 0x00, 0xF8, 0x01, 0xF0, 0x03, 0xE0, 0x07, 0xC0, 0x0F, 0x80, 0x1F, 0x00,
    0x3E, 0x00, 0x7C, 0x00, 0xF8, 0x00, 0x7C, 0x1E, 0x7C, 0x3F, 0xFE, 0x3F, 0xFE, 0x3F, 0x7C, 0x3F,
    0x7C, 0x1E, 0x00, 0x00, 0x00, 0x00, 0x00, 0x00, 0x00, 0x00, 0x00, 0x00, 0x03, 0xE0, 0x03, 0xE0,
    0x03, 0xE0, 0x03, 0xE0, 0x03, 0xE0, 0x03, 0xE0, 0x03, 0xE0, 0x03, 0xE0, 0x03, 0xE0, 0x03, 0xE0,
    0x03, 0xE0, 0x03, 0xE0, 0x03, 0xE0, 0x03, 0xE0, 0x03, 0xE0, 0x03, 0xE0, 0x03, 0xE0, 0x03, 0xE0,
    0x03, 0xE0, 0x03, 0xE0, 0x03, 0xE0, 0x03, 0xE0, 0x03, 0xE0, 0x03, 0xE0, 0x03, 0xE0, 0x03, 0xE0,
    0x00, 0x0E, 0x00, 0x00, 0x03, 0xF0, 0x38, 0x00, 0xFF, 0x3F, 0x00, 0x0F, 0xFF, 0xE0, 0x00, 0x7F,
    0xFC, 0x00, 0x1F, 0xFE, 0x00, 0x1F, 0xFF, 0x00, 0x01, 0xFF, 0xE0, 0x00, 0x3F, 0x7C, 0x00, 0x07,
    0x0F, 0xC0, 0x00, 0x00, 0xF8, 0x00, 0x00, 0x1F, 0x80, 0x00, 0x03, 0xF0, 0x03, 0xFF, 0x3E, 0x01,
    0xFF, 0xFF, 0xC0, 0x7F, 0xFF, 0xFC, 0x1F, 0xFF, 0xFF, 0x87, 0xFC, 0x7F, 0xF0, 0xFE, 0x00, 0xFE,
    0x3F, 0x00, 0x0F, 0xC7, 0xE0, 0x00, 0xF8, 0xF8, 0x00, 0x1F, 0x3F, 0x00, 0x07, 0xE7, 0xE0, 0x00,
    0xFC, 0xFC, 0x00, 0x1F, 0x9F, 0x80, 0x03, 0xF3, 0xF0, 0x00, 0x7E, 0x7E, 0x00, 0x0F, 0x87, 0xC0,
    0x01, 0xF0, 0xFC, 0x00, 0x7E, 0x1F, 0x80, 0x0F, 0xC1, 0xF8, 0x03, 0xF0, 0x3F, 0x80, 0xFE, 0x03,
    0xFC, 0x7F, 0x80, 0x7F, 0xFF, 0xE0, 0x07, 0xFF, 0xF8, 0x00, 0x3F, 0xFE, 0x00, 0x01, 0xFF, 0x00,
    0x00, 0x07, 0xC0, 0xC0, 0x7F, 0xDF, 0x07, 0xFF, 0xF8, 0x7F, 0xFF, 0x83, 0xEF, 0xF8, 0x0C, 0x0F,
    0x80, 0x00, 0x00, 0x00, 0x00, 0x00, 0x00, 0x00, 0x00, 0x00, 0x00, 0x00, 0x00, 0x00, 0x7F, 0xFE,
    0x0F, 0xFF, 0xF8, 0x7F, 0xFF, 0xE3, 0xFF, 0xFF, 0x9F, 0xC3, 0xFE, 0xF8, 0x03, 0xF7, 0xC0, 0x0F,
    0xFE, 0x00, 0x7F, 0xF0, 0x01, 0xFF, 0x80, 0x0F, 0xFC, 0x00, 0x7F, 0xE0, 0x03, 0xFF, 0x00, 0x1F,
    0xF8, 0x00, 0xFF, 0xC0, 0x07, 0xFE, 0x00, 0x3F, 0xF0, 0x01, 0xFF, 0x80, 0x0F, 0xFC, 0x00, 0x7F,
    0xE0, 0x03, 0xFF, 0x00, 0x1F, 0xF8, 0x00, 0xFF, 0xC0, 0x07, 0xFE, 0x00, 0x3F, 0xF0, 0x01, 0xFF,
    0x80, 0x0F, 0x80, 0x00, 0x60, 0x00, 0x00, 0x70, 0x00, 0x00, 0x7C, 0x00, 0x00, 0x3F, 0x00, 0x00,
    0x0F, 0xC0, 0x00, 0x03, 0xF0, 0x00, 0x00, 0xF8, 0x00, 0x00, 0x3E, 0x00, 0x00, 0x0F, 0x00, 0x00,
    0x03, 0x00, 0x00, 0x00, 0x00, 0x00, 0x00, 0x00, 0x00, 0x00, 0x00, 0x00, 0x07, 0xFC, 0x00, 0x0F,
    0xFF, 0x80, 0x0F, 0xFF, 0xF0, 0x0F, 0xFF, 0xFC, 0x0F, 0xF1, 0xFF, 0x0F, 0xE0, 0x1F, 0x87, 0xE0,
    0x07, 0xE7, 0xE0, 0x03, 0xF3, 0xF0, 0x00, 0xFD, 0xF0, 0x00, 0x7F, 0xF8, 0x00, 0x3F, 0xFC, 0x00,
    0x0F, 0xFE, 0x00, 0x07, 0xFF, 0x00, 0x03, 0xFF, 0x80, 0x01, 0xFF, 0xC0, 0x01, 0xFB, 0xE0, 0x00,
    0xFD, 0xF8, 0x00, 0x7E, 0xFC, 0x00, 0x7E, 0x3F, 0x00, 0x3F, 0x1F, 0xC0, 0x3F, 0x07, 0xF8, 0xFF,
    0x81, 0xFF, 0xFF, 0x80, 0x7F, 0xFF, 0x80, 0x1F, 0xFF, 0x00, 0x03, 0xFE, 0x00, 0x00, 0x01, 0x80,
    0x00, 0x01, 0xE0, 0x00, 0x01, 0xF8, 0x00, 0x00, 0xFC, 0x00, 0x00, 0xFC, 0x00, 0x00, 0xFC, 0x00,
    0x00, 0xFC, 0x00, 0x00, 0xFC, 0x00, 0x00, 0x7C, 0x00, 0x00, 0x0C, 0x00, 0x00, 0x00, 0x00, 0x00,
    0x00, 0x00, 0x00, 0x00, 0x00, 0x00, 0x07, 0xFC, 0x00, 0x0F, 0xFF, 0x80, 0x0F, 0xFF, 0xF0, 0x0F,
    0xFF, 0xFC, 0x0F, 0xF1, 0xFF, 0x0F, 0xE0, 0x1F, 0x87, 0xE0, 0x07, 0xE7, 0xE0, 0x03, 0xF3, 0xF0,
    0x00, 0xFD, 0xF0, 0x00, 0x7F, 0xF8, 0x00, 0x3F, 0xFC, 0x00, 0x0F, 0xFE, 0x00, 0x07, 0xFF, 0x00,
    0x03, 0xFF, 0x80, 0x01, 0xFF, 0xC0, 0x01, 0xFB, 0xE0, 0x00, 0xFD, 0xF8, 0x00, 0x7E, 0xFC, 0x00,
    0x7E, 0x3F, 0x00, 0x3F, 0x1F, 0xC0, 0x3F, 0x07, 0xF8, 0xFF, 0x81, 0xFF, 0xFF, 0x80, 0x7F, 0xFF,
    0x80, 0x1F, 0xFF, 0x00, 0x03, 0xFE, 0x00, 0x00, 0x0C, 0x00, 0x00, 0x0F, 0x00, 0x00, 0x0F, 0xC0,
    0x00, 0x0F, 0xF0, 0x00, 0x0F, 0xFC, 0x00, 0x0F, 0xFF, 0x00, 0x0F, 0x8F, 0xC0, 0x07, 0x83, 0xC0,
    0x01, 0x80, 0xE0, 0x00, 0x00, 0x00, 0x00, 0x00, 0x00, 0x00, 0x00, 0x00, 0x00, 0x0F, 0xF8, 0x00,
    0x1F, 0xFF, 0x00, 0x1F, 0xFF, 0xE0, 0x1F, 0xFF, 0xF8, 0x1F, 0xE3, 0xFE, 0x1F, 0xC0, 0x3F, 0x0F,
    0xC0, 0x0F, 0xCF, 0xC0, 0x07, 0xE7, 0xE0, 0x01, 0xFB, 0xE0, 0x00, 0xFF, 0xF0, 0x00, 0x7F, 0xF8,
    0x00, 0x1F, 0xFC, 0x00, 0x0F, 0xFE, 0x00, 0x07, 0xFF, 0x00, 0x03, 0xFF, 0x80, 0x03, 0xF7, 0xC0,
    0x01, 0xFB, 0xF0, 0x00, 0xFD, 0xF8, 0x00, 0xFC, 0x7E, 0x00, 0x7E, 0x3F, 0x80, 0x7E, 0x0F, 0xF1,
    0xFF, 0x03, 0xFF, 0xFF, 0x00, 0xFF, 0xFF, 0x00, 0x3F, 0xFE, 0x00, 0x07, 0xFC, 0x00, 0x01, 0xF8,
    0x30, 0x01, 0xFF, 0x7C, 0x01, 0xFF, 0xFE, 0x00, 0xFF, 0xFE, 0x00, 0xFB, 0xFE, 0x00, 0x38, 0x3E,
    0x00, 0x00, 0x00, 0x00, 0x00, 0x00, 0x00, 0x00, 0x00, 0x00, 0x00, 0x00, 0x00, 0x00, 0x00, 0x00,
    0x00, 0x1F, 0xF0, 0x00, 0x3F, 0xFE, 0x00, 0x3F, 0xFF, 0xC0, 0x3F, 0xFF, 0xF0, 0x3F, 0xC7, 0xFC,
    0x3F, 0x80, 0x7E, 0x1F, 0x80, 0x1F, 0x9F, 0x80, 0x0F, 0xCF, 0xC0, 0x03, 0xF7, 0xC0, 0x01, 0xFF,
    0xE0, 0x00, 0xFF, 0xF0, 0x00, 0x3F, 0xF8, 0x00, 0x1F, 0xFC, 0x00, 0x0F, 0xFE, 0x00, 0x07, 0xFF,
    0x00, 0x07, 0xEF, 0x80, 0x03, 0xF7, 0xE0, 0x01, 0xFB, 0xF0, 0x01, 0xF8, 0xFC, 0x00, 0xFC, 0x7F,
    0x00, 0xFC, 0x1F, 0xE3, 0xFE, 0x07, 0xFF, 0xFE, 0x01, 0xFF, 0xFE, 0x00, 0x7F, 0xFC, 0x00, 0x0F,
    0xF8, 0x00, 0x03, 0xC1, 0xF0, 0x03, 0xF0, 0xF8, 0x01, 0xF8, 0xFE, 0x00, 0xFC, 0x7F, 0x00, 0x7E,
    0x1F, 0x00, 0x1E, 0x0F, 0x80, 0x00, 0x00, 0x00, 0x00, 0x00, 0x00, 0x00, 0x00, 0x00, 0x00, 0x00,
    0x00, 0x00, 0x00, 0x00, 0x00, 0x1F, 0xF0, 0x00, 0x3F, 0xFE, 0x00, 0x3F, 0xFF, 0xC0, 0x3F, 0xFF,
    0xF0, 0x3F, 0xC7, 0xFC, 0x3F, 0x80, 0x7E, 0x1F, 0x80, 0x1F, 0x9F, 0x80, 0x0F, 0xCF, 0xC0, 0x03,
    0xF7, 0xC0, 0x01, 0xFF, 0xE0, 0x00, 0xFF, 0xF0, 0x00, 0x3F, 0xF8, 0x00, 0x1F, 0xFC, 0x00, 0x0F,
    0xFE, 0x00, 0x07, 0xFF, 0x00, 0x07, 0xEF, 0x80, 0x03, 0xF7, 0xE0, 0x01, 0xFB, 0xF0, 0x01, 0xF8,
    0xFC, 0x00, 0xFC, 0x7F, 0x00, 0xFC, 0x1F, 0xE3, 0xFE, 0x07, 0xFF, 0xFE, 0x01, 0xFF, 0xFE, 0x00,
    0x7F, 0xFC, 0x00, 0x0F, 0xF8, 0x00, 0x00, 0x3C, 0x00, 0x00, 0x7E, 0x00, 0x00, 0x7E, 0x00, 0x00,
    0x7E, 0x00, 0x00, 0x7E, 0x00, 0x00, 0x3C, 0x00, 0x00, 0x00, 0x00, 0x00, 0x00, 0x00, 0x00, 0x00,
    0x00, 0x00, 0x00, 0x00, 0x00, 0x00, 0x00, 0xFF, 0xFF, 0xFF, 0xFF, 0xFF, 0xFF, 0xFF, 0xFF, 0xFF,
    0xFF, 0xFF, 0xFF, 0x00, 0x00, 0x00, 0x00, 0x00, 0x00, 0x00, 0x00, 0x00, 0x00, 0x00, 0x00, 0x00,
    0x00, 0x00, 0x00, 0x3C, 0x00, 0x00, 0x7E, 0x00, 0x00, 0x7E, 0x00, 0x00, 0x7E, 0x00, 0x00, 0x7E,
    0x00, 0x00, 0x3C, 0x00, 0x00, 0x00, 0x06, 0x00, 0x7F, 0xC7, 0xC0, 0xFF, 0xFB, 0xE0, 0xFF, 0xFF,
    0xE0, 0xFF, 0xFF, 0xE0, 0xFF, 0x1F, 0xF0, 0xFE, 0x03, 0xF8, 0x7E, 0x01, 0xFE, 0x7E, 0x01, 0xFF,
    0x3E, 0x01, 0xFF, 0xDF, 0x01, 0xF7, 0xFF, 0x81, 0xFB, 0xFF, 0xC1, 0xF8, 0xFF, 0xE0, 0xF8, 0x7F,
    0xF0, 0xF8, 0x3F, 0xF8, 0xF8, 0x1F, 0xFC, 0xF8, 0x0F, 0xBE, 0xF8, 0x0F, 0xDF, 0xFC, 0x07, 0xEF,
    0xFC, 0x03, 0xE3, 0xFC, 0x03, 0xF1, 0xFC, 0x03, 0xF0, 0x7F, 0x8F, 0xF8, 0x7F, 0xFF, 0xF8, 0x3F,
    0xFF, 0xF8, 0x3F, 0xFF, 0xF8, 0x1E, 0x3F, 0xE0, 0x06, 0x00, 0x00, 0x00, 0x01, 0x80, 0x00, 0x0F,
    0x00, 0x00, 0x7E, 0x00, 0x01, 0xF8, 0x00, 0x03, 0xF0, 0x00, 0x07, 0xE0, 0x00, 0x0F, 0xC0, 0x00,
    0x1F, 0x80, 0x00, 0x3E, 0x00, 0x00, 0x60, 0x00, 0x00, 0x00, 0x00, 0x00, 0x00, 0x00, 0x00, 0x03,
    0xF0, 0x01, 0xFF, 0xC0, 0x07, 0xFF, 0x00, 0x1F, 0xFC, 0x00, 0x7F, 0xF0, 0x01, 0xFF, 0xC0, 0x07,
    0xFF, 0x00, 0x1F, 0xFC, 0x00, 0x7F, 0xF0, 0x01, 0xFF, 0xC0, 0x07, 0xFF, 0x00, 0x1F, 0xFC, 0x00,
    0x7F, 0xF0, 0x01, 0xFF, 0xC0, 0x07, 0xFF, 0x00, 0x1F, 0xFC, 0x00, 0x7F, 0xF0, 0x01, 0xF7, 0xC0,
    0x07, 0xDF, 0x00, 0x1F, 0x7E, 0x00, 0x7D, 0xFC, 0x01, 0xF3, 0xFC, 0x3F, 0xCF, 0xFF, 0xFF, 0x1F,
    0xFF, 0xFC, 0x3F, 0xFF, 0xF0, 0x3F, 0xFF, 0x00, 0x00, 0x06, 0x00, 0x00, 0x1C, 0x00, 0x00, 0xF8,
    0x00, 0x07, 0xE0, 0x00, 0x3F, 0x00, 0x01, 0xF8, 0x00, 0x07, 0xC0, 0x00, 0x3E, 0x00, 0x00, 0xF0,
    0x00, 0x01, 0x80, 0x00, 0x00, 0x00, 0x00, 0x00, 0x00, 0x00, 0x00, 0x03, 0xF0, 0x01, 0xFF, 0xC0,
    0x07, 0xFF, 0x00, 0x1F, 0xFC, 0x00, 0x7F, 0xF0, 0x01, 0xFF, 0xC0, 0x07, 0xFF, 0x00, 0x1F, 0xFC,
    0x00, 0x7F, 0xF0, 0x01, 0xFF, 0xC0, 0x07, 0xFF, 0x00, 0x1F, 0xFC, 0x00, 0x7F, 0xF0, 0x01, 0xFF,
    0xC0, 0x07, 0xFF, 0x00, 0x1F, 0xFC, 0x00, 0x7F, 0xF0, 0x01, 0xF7, 0xC0, 0x07, 0xDF, 0x00, 0x1F,
    0x7E, 0x00, 0x7D, 0xFC, 0x01, 0xF3, 0xFC, 0x3F, 0xCF, 0xFF, 0xFF, 0x1F, 0xFF, 0xFC, 0x3F, 0xFF,
    0xF0, 0x3F, 0xFF, 0x00, 0x00, 0x30, 0x00, 0x01, 0xE0, 0x00, 0x0F, 0xC0, 0x00, 0x7F, 0x80, 0x03,
    0xFF, 0x00, 0x1F, 0xFE, 0x00, 0xFC, 0xFC, 0x03, 0xE0, 0xF0, 0x07, 0x01, 0x80, 0x00, 0x00, 0x00,
    0x00, 0x00, 0x00, 0x00, 0x00, 0xFC, 0x00, 0x7F, 0xF0, 0x01, 0xFF, 0xC0, 0x07, 0xFF, 0x00, 0x1F,
    0xFC, 0x00, 0x7F, 0xF0, 0x01, 0xFF, 0xC0, 0x07, 0xFF, 0x00, 0x1F, 0xFC, 0x00, 0x7F, 0xF0, 0x01,
    0xFF, 0xC0, 0x07, 0xFF, 0x00, 0x1F, 0xFC, 0x00, 0x7F, 0xF0, 0x01, 0xFF, 0xC0, 0x07, 0xFF, 0x00,
    0x1F, 0xFC, 0x00, 0x7D, 0xF0, 0x01, 0xF7, 0xC0, 0x07, 0xDF, 0x80, 0x1F, 0x7F, 0x00, 0x7C, 0xFF,
    0x0F, 0xF3, 0xFF, 0xFF, 0xC7, 0xFF, 0xFF, 0x0F, 0xFF, 0xFC, 0x0F, 0xFF, 0xC0, 0x0F, 0x83, 0xC0,
    0x3E, 0x1F, 0x81, 0xFC, 0x7E, 0x07, 0xF1, 0xF8, 0x0F, 0x87, 0xE0, 0x3E, 0x0F, 0x00, 0x00, 0x00,
    0x00, 0x00, 0x00, 0x00, 0x00, 0x00, 0x00, 0x00, 0x00, 0x00, 0x00, 0x3F, 0x00, 0x1F, 0xFC, 0x00,
    0x7F, 0xF0, 0x01, 0xFF, 0xC0, 0x07, 0xFF, 0x00, 0x1F, 0xFC, 0x00, 0x7F, 0xF0, 0x01, 0xFF, 0xC0,
    0x07, 0xFF, 0x00, 0x1F, 0xFC, 0x00, 0x7F, 0xF0, 0x01, 0xFF, 0xC0, 0x07, 0xFF, 0x00, 0x1F, 0xFC,
    0x00, 0x7F, 0xF0, 0x01, 0xFF, 0xC0, 0x07, 0xFF, 0x00, 0x1F, 0x7C, 0x00, 0x7D, 0xF0, 0x01, 0xF7,
    0xE0, 0x07, 0xDF, 0xC0, 0x1F, 0x3F, 0xC3, 0xFC, 0xFF, 0xFF, 0xF1, 0xFF, 0xFF, 0xC3, 0xFF, 0xFF,
    0x03, 0xFF, 0xF0, 0x00, 0x01, 0x80, 0x00, 0x03, 0xC0, 0x00, 0x03, 0xE0, 0x00, 0x07, 0xE0, 0x00,
    0x0F, 0xC0, 0x00, 0x1F, 0x80, 0x00, 0x3F, 0x00, 0x00, 0x3E, 0x00, 0x00, 0x3C, 0x00, 0x00, 0x18,
    0x00, 0x00, 0x00, 0x00, 0x00, 0x00, 0x00, 0x00, 0x00, 0x00, 0x7C, 0x00, 0x1F, 0x7E, 0x00, 0x3F,
    0x7E, 0x00, 0x3F, 0x7E, 0x00, 0x3E, 0x3E, 0x00, 0x3E, 0x3F, 0x00, 0x7E, 0x3F, 0x00, 0x7E, 0x1F,
    0x00, 0x7C, 0x1F, 0x80, 0x7C, 0x0F, 0x80, 0xFC, 0x0F, 0x80, 0xF8, 0x0F, 0xC0, 0xF8, 0x07, 0xC0,
    0xF8, 0x07, 0xE1, 0xF0, 0x07, 0xE1, 0xF0, 0x03, 0xE1, 0xF0, 0x03, 0xF3, 0xE0, 0x01, 0xF3, 0xE0,
    0x01, 0xFB, 0xE0, 0x00, 0xFF, 0xC0, 0x00, 0xFF, 0xC0, 0x00, 0x7F, 0xC0, 0x00, 0x7F, 0x80, 0x00,
    0x3F, 0x80, 0x00, 0x3F, 0x00, 0x00, 0x1F, 0x00, 0x00, 0x1F, 0x00, 0x00, 0x3E, 0x00, 0x00, 0x7E,
    0x00, 0x00, 0xFC, 0x00, 0x63, 0xF8, 0x00, 0xFF, 0xF8, 0x00, 0xFF, 0xF0, 0x00, 0xFF, 0xE0, 0x00,
    0xFF, 0x80, 0x00, 0xF8, 0x00, 0x01, 0xF0, 0x00, 0x03, 0xE0, 0x00, 0x07, 0xC0, 0x00, 0x0F, 0x80,
    0x00, 0x1F, 0x00, 0x00, 0x3E, 0x00, 0x00, 0x7C, 0x00, 0x00, 0xF8, 0x00, 0x01, 0xF0, 0x00, 0x03,
    0xE0, 0x00, 0x07, 0xC0, 0x00, 0x0F, 0xFF, 0xE0, 0x1F, 0xFF, 0xF0, 0x3F, 0xFF, 0xF8, 0x7F, 0xFF,
    0xF8, 0xFF, 0x1F, 0xF9, 0xF0, 0x07, 0xF3, 0xE0, 0x07, 0xF7, 0xC0, 0x07, 0xEF, 0x80, 0x07, 0xFF,
    0x00, 0x0F, 0xFE, 0x00, 0x1F, 0xFC, 0x00, 0x1F, 0xF8, 0x00, 0x3F, 0xF0, 0x00, 0x7F, 0xE0, 0x00,
    0xFF, 0xC0, 0x03, 0xFF, 0x80, 0x07, 0xFF, 0x00, 0x0F, 0xFE, 0x00, 0x3F, 0x7C, 0x00, 0x7E, 0xFC,
    0x01, 0xFD, 0xFF, 0x1F, 0xF3, 0xFF, 0xFF, 0xC7, 0xFF, 0xFF, 0x0F, 0xFF, 0xFC, 0x1F, 0x7F, 0xE0,
    0x3E, 0x00, 0x00, 0x7C, 0x00, 0x00, 0xF8, 0x00, 0x01, 0xF0, 0x00, 0x03, 0xE0, 0x00, 0x07, 0xC0,
    0x00, 0x0F, 0x80, 0x00, 0x1F, 0x00, 0x00, 0x3E, 0x00, 0x00, 0x00, 0x03, 0xC0, 0xF0, 0x07, 0xE1,
    0xF8, 0x07, 0xE1, 0xF8, 0x07, 0xE1, 0xF8, 0x07, 0xE1, 0xF8, 0x03, 0xC0, 0xF0, 0x00, 0x00, 0x00,
    0x00, 0x00, 0x00, 0x00, 0x00, 0x00, 0x00, 0x00, 0x00, 0x00, 0x00, 0x00, 0x7C, 0x00, 0x1F, 0x7E,
    0x00, 0x3F, 0x7E, 0x00, 0x3F, 0x7E, 0x00, 0x3E, 0x3E, 0x00, 0x3E, 0x3F, 0x00, 0x7E, 0x3F, 0x00,
    0x7E, 0x1F, 0x00, 0x7C, 0x1F, 0x80, 0x7C, 0x0F, 0x80, 0xFC, 0x0F, 0x80, 0xF8, 0x0F, 0xC0, 0xF8,
    0x07, 0xC0, 0xF8, 0x07, 0xE1, 0xF0, 0x07, 0xE1, 0xF0, 0x03, 0xE1, 0xF0, 0x03, 0xF3, 0xE0, 0x01,
    0xF3, 0xE0, 0x01, 0xFB, 0xE0, 0x00, 0xFF, 0xC0, 0x00, 0xFF, 0xC0, 0x00, 0x7F, 0xC0, 0x00, 0x7F,
    0x80, 0x00, 0x3F, 0x80, 0x00, 0x3F, 0x00, 0x00, 0x1F, 0x00, 0x00, 0x1F, 0x00, 0x00, 0x3E, 0x00,
    0x00, 0x7E, 0x00, 0x00, 0xFC, 0x00, 0x63, 0xF8, 0x00, 0xFF, 0xF8, 0x00, 0xFF, 0xF0, 0x00, 0xFF,
    0xE0, 0x00, 0xFF, 0x80, 0x00, 0x00, 0x07, 0xFF, 0xFF, 0xFF, 0xF8, 0x00, 0xFF, 0xFF, 0xFF, 0xFF,
    0xE0, 0x0F, 0xFF, 0xFF, 0xFF, 0xFF, 0x80, 0x7F, 0xFF, 0xFF, 0xFF, 0xFE, 0x03, 0xFF, 0xC0, 0xF8,
    0x00, 0x00, 0x1F, 0xF0, 0x03, 0xE0, 0x00, 0x00, 0xFF, 0x00, 0x0F, 0x80, 0x00, 0x07, 0xF0, 0x00,
    0x3E, 0x00, 0x00, 0x1F, 0x80, 0x00, 0xF8, 0x00, 0x00, 0xFE, 0x00, 0x03, 0xE0, 0x00, 0x03, 0xF0,
    0x00, 0x0F, 0x80, 0x00, 0x1F, 0xC0, 0x00, 0x3E, 0x00, 0x00, 0x7E, 0x00, 0x00, 0xF8, 0x00, 0x01,
    0xF8, 0x00, 0x03, 0xE0, 0x00, 0x07, 0xE0, 0x00, 0x0F, 0x80, 0x00, 0x1F, 0x80, 0x00, 0x3F, 0xFF,
    0xF8, 0x7C, 0x00, 0x00, 0xFF, 0xFF, 0xE1, 0xF0, 0x00, 0x03, 0xFF, 0xFF, 0x87, 0xE0, 0x00, 0x0F,
    0xFF, 0xFE, 0x1F, 0x80, 0x00, 0x3E, 0x00, 0x00, 0x7E, 0x00, 0x00, 0xF8, 0x00, 0x01, 0xF8, 0x00,
    0x03, 0xE0, 0x00, 0x07, 0xE0, 0x00, 0x0F, 0x80, 0x00, 0x1F, 0xC0, 0x00, 0x3E, 0x00, 0x00, 0x3F,
    0x00, 0x00, 0xF8, 0x00, 0x00, 0xFE, 0x00, 0x03, 0xE0, 0x00, 0x01, 0xF8, 0x00, 0x0F, 0x80, 0x00,
    0x07, 0xF0, 0x00, 0x3E, 0x00, 0x00, 0x0F, 0xF0, 0x00, 0xF8, 0x00, 0x00, 0x1F, 0xF0, 0x03, 0xE0,
    0x00, 0x00, 0x3F, 0xFC, 0x0F, 0x80, 0x00, 0x00, 0x7F, 0xFF, 0xFF, 0xFF, 0xFF, 0x00, 0xFF, 0xFF,
    0xFF, 0xFF, 0xFC, 0x00, 0xFF, 0xFF, 0xFF, 0xFF, 0xF0, 0x00, 0x7F, 0xFF, 0xFF, 0xFF, 0xC0, 0x00,
    0xFF, 0x80, 0x0F, 0xF8, 0x00, 0x7F, 0xFC, 0x07, 0xFF, 0x80, 0x1F, 0xFF, 0xC3, 0xFF, 0xFC, 0x07,
    0xFF, 0xFC, 0xFF, 0xFF, 0xC1, 0xFE, 0x3F, 0xDF, 0xC3, 0xF8, 0x7F, 0x00, 0xFF, 0xE0, 0x3F, 0x8F,
    0xC0, 0x0F, 0xF8, 0x03, 0xF3, 0xF0, 0x01, 0xFE, 0x00, 0x3E, 0x7E, 0x00, 0x1F, 0xC0, 0x07, 0xEF,
    0x80, 0x03, 0xF8, 0x00, 0xFF, 0xF0, 0x00, 0x7E, 0x00, 0x1F, 0xFE, 0x00, 0x07, 0xFF, 0xFF, 0xFF,
    0xC0, 0x00, 0xFF, 0xFF, 0xFF, 0xF8, 0x00, 0x1F, 0xFF, 0xFF, 0xFF, 0x00, 0x03, 0xE0, 0x00, 0x07,
    0xE0, 0x00, 0xFC, 0x00, 0x00, 0x7C, 0x00, 0x1F, 0xC0, 0x00, 0x0F, 0xC0, 0x03, 0xF8, 0x00, 0x01,
    0xF8, 0x00, 0xFF, 0x80, 0x00, 0x1F, 0x80, 0x1F, 0xF0, 0x00, 0x03, 0xF8, 0x07, 0xFF, 0x80, 0x00,
    0x3F, 0xC7, 0xFB, 0xFE, 0x3F, 0x03, 0xFF, 0xFE, 0x7F, 0xFF, 0xE0, 0x3F, 0xFF, 0x87, 0xFF, 0xFC,
    0x03, 0xFF, 0xE0, 0x3F, 0xFF, 0x80, 0x1F, 0xF0, 0x01, 0xFF, 0xC0, 0x01, 0x80, 0xE0, 0x01, 0xE0,
    0xF8, 0x00, 0xFC, 0xFC, 0x00, 0x3F, 0xFC, 0x00, 0x0F, 0xFC, 0x00, 0x03, 0xFC, 0x00, 0x00, 0xFC,
    0x00, 0x00, 0x3C, 0x00, 0x00, 0x0C, 0x00, 0x00, 0x00, 0x00, 0x00, 0x00, 0x00, 0x00, 0x1F, 0xFC,
    0x00, 0x7F, 0xFF, 0xC0, 0x7F, 0xFF, 0xF0, 0x7F, 0xFF, 0xF0, 0x7F, 0xC3, 0xF8, 0x3F, 0x00, 0x1C,
    0x3F, 0x00, 0x00, 0x1F, 0x80, 0x00, 0x0F, 0xC0, 0x00, 0x07, 0xE0, 0x00, 0x03, 0xF0, 0x00, 0x01,
    0xFC, 0x00, 0x00, 0x7F, 0x00, 0x00, 0x3F, 0xE0, 0x00, 0x0F, 0xFE, 0x00, 0x03, 0xFF, 0xC0, 0x00,
    0xFF, 0xF8, 0x00, 0x1F, 0xFF, 0x00, 0x03, 0xFF, 0xC0, 0x00, 0x7F, 0xF0, 0x00, 0x0F, 0xFC, 0x00,
    0x01, 0xFF, 0x00, 0x00, 0x3F, 0x80, 0x00, 0x0F, 0xC0, 0x00, 0x07, 0xE0, 0x00, 0x03, 0xF0, 0x00,
    0x00, 0xF8, 0x00, 0x00, 0xFC, 0x00, 0x00, 0x7E, 0x78, 0x00, 0x7F, 0x3F, 0xC3, 0xFF, 0x1F, 0xFF,
    0xFF, 0x1F, 0xFF, 0xFF, 0x03, 0xFF, 0xFF, 0x00, 0x3F, 0xFE, 0x00, 0x18, 0x06, 0x07, 0xC1, 0xE0,
    0xFC, 0xFC, 0x0F, 0xFF, 0x00, 0xFF, 0xC0, 0x0F, 0xF0, 0x00, 0xFC, 0x00, 0x0F, 0x00, 0x00, 0xC0,
    0x00, 0x00, 0x00, 0x00, 0x00, 0x00, 0x00, 0x00, 0x7F, 0xF0, 0x3F, 0xFF, 0x0F, 0xFF, 0xE3, 0xFF,
    0xFC, 0x7F, 0x8F, 0x9F, 0x80, 0x03, 0xE0, 0x00, 0x7C, 0x00, 0x0F, 0xC0, 0x01, 0xFC, 0x00, 0x3F,
    0xF0, 0x03, 0xFF, 0xE0, 0x3F, 0xFF, 0x03, 0xFF, 0xF0, 0x3F, 0xFF, 0x00, 0x7F, 0xE0, 0x01, 0xFE,
    0x00, 0x0F, 0xC0, 0x01, 0xF8, 0x00, 0x3F, 0x40, 0x07, 0xDF, 0x87, 0xFB, 0xFF, 0xFF, 0x7F, 0xFF,
    0xCF, 0xFF, 0xF0, 0x7F, 0xF8, 0x00, 0x00, 0xF0, 0x3C, 0x00, 0x07, 0xE1, 0xF8, 0x00, 0x1F, 0x87,
    0xE0, 0x00, 0x7E, 0x1F, 0x80, 0x01, 0xF8, 0x7E, 0x00, 0x03, 0xC0, 0xF0, 0x00, 0x00, 0x00, 0x00,
    0x00, 0x00, 0x00, 0x00, 0x00, 0x00, 0x00, 0x00, 0x00, 0x00, 0x00, 0x0F, 0xE0, 0x00, 0x0F, 0xDF,
    0x80, 0x00, 0x7E, 0x7F, 0x00, 0x01, 0xF8, 0xFC, 0x00, 0x0F, 0xC3, 0xF8, 0x00, 0x3F, 0x07, 0xE0,
    0x01, 0xF8, 0x1F, 0xC0, 0x0F, 0xC0, 0x3F, 0x00, 0x3F, 0x00, 0x7E, 0x01, 0xF8, 0x01, 0xF8, 0x07,
    0xE0, 0x03, 0xF0, 0x3F, 0x00, 0x0F, 0xE0, 0xFC, 0x00, 0x1F, 0x87, 0xE0, 0x00, 0x3F, 0x3F, 0x00,
    0x00, 0xFC, 0xFC, 0x00, 0x01, 0xFF, 0xE0, 0x00, 0x07, 0xFF, 0x80, 0x00, 0x0F, 0xFC, 0x00, 0x00,
    0x1F, 0xE0, 0x00, 0x00, 0x7F, 0x80, 0x00, 0x00, 0xFC, 0x00, 0x00, 0x03, 0xF0, 0x00, 0x00, 0x0F,
    0xC0, 0x00, 0x00, 0x3F, 0x00, 0x00, 0x00, 0xFC, 0x00, 0x00, 0x03, 0xF0, 0x00, 0x00, 0x0F, 0xC0,
    0x00, 0x00, 0x3F, 0x00, 0x00, 0x00, 0xFC, 0x00, 0x00, 0x03, 0xF0, 0x00, 0x00, 0x0F, 0xC0, 0x00,
    0x00, 0x3F, 0x00, 0x00, 0x00, 0xFC, 0x00, 0x00, 0x03, 0xF0, 0x00, 0x00, 0x0F, 0xC0, 0x00, 0x00,
    0xC0, 0x60, 0x00, 0x78, 0x3C, 0x00, 0x1F, 0x1F, 0x80, 0x03, 0xFF, 0xC0, 0x00, 0x7F, 0xE0, 0x00,
    0x0F, 0xF0, 0x00, 0x01, 0xF8, 0x00, 0x00, 0x3C, 0x00, 0x00, 0x06, 0x00, 0x00, 0x00, 0x00, 0x00,
    0x00, 0x00, 0x01, 0xFF, 0xFF, 0xFF, 0x7F, 0xFF, 0xFF, 0xDF, 0xFF, 0xFF, 0xF7, 0xFF, 0xFF, 0xFC,
    0x00, 0x00, 0x7E, 0x00, 0x00, 0x3F, 0x80, 0x00, 0x1F, 0xC0, 0x00, 0x0F, 0xE0, 0x00, 0x03, 0xF0,
    0x00, 0x01, 0xF8, 0x00, 0x00, 0xFE, 0x00, 0x00, 0x7F, 0x00, 0x00, 0x1F, 0x80, 0x00, 0x0F, 0xC0,
    0x00, 0x07, 0xF0, 0x00, 0x01, 0xF8, 0x00, 0x00, 0xFC, 0x00, 0x00, 0x7E, 0x00, 0x00, 0x3F, 0x80,
    0x00, 0x0F, 0xC0, 0x00, 0x07, 0xE0, 0x00, 0x03, 0xF8, 0x00, 0x00, 0xFC, 0x00, 0x00, 0x7E, 0x00,
    0x00, 0x1F, 0x80, 0x00, 0x0F, 0xC0, 0x00, 0x07, 0xE0, 0x00, 0x01, 0xF8, 0x00, 0x00, 0xFC, 0x00,
    0x00, 0x3F, 0x00, 0x00, 0x1F, 0x80, 0x00, 0x07, 0xFF, 0xFF, 0xFF, 0xFF, 0xFF, 0xFF, 0xFF, 0xFF,
    0xFF, 0xFF, 0xFF, 0xFF, 0xF0, 0x06, 0x03, 0x00, 0x78, 0x3C, 0x03, 0xE3, 0xE0, 0x0F, 0xFE, 0x00,
    0x3F, 0xF0, 0x00, 0xFF, 0x00, 0x03, 0xF0, 0x00, 0x0F, 0x00, 0x00, 0x30, 0x00, 0x00, 0x00, 0x00,
    0x00, 0x00, 0x00, 0x00, 0x07, 0xFF, 0xFF, 0xBF, 0xFF, 0xFD, 0xFF, 0xFF, 0xEF, 0xFF, 0xFF, 0x00,
    0x07, 0xF0, 0x00, 0x3F, 0x00, 0x03, 0xF0, 0x00, 0x3F, 0x80, 0x03, 0xF8, 0x00, 0x1F, 0x80, 0x01,
    0xF8, 0x00, 0x1F, 0x80, 0x01, 0xFC, 0x00, 0x0F, 0xC0, 0x00, 0xFC, 0x00, 0x0F, 0xC0, 0x00, 0xFE,
    0x00, 0x07, 0xE0, 0x00, 0x7E, 0x00, 0x07, 0xE0, 0x00, 0x3F, 0x00, 0x03, 0xF0, 0x00, 0x1F, 0xFF,
    0xFF, 0xFF, 0xFF, 0xFF, 0xFF, 0xFF, 0xFF, 0xFF, 0xFC, 0x00, 0x07, 0xFF, 0x00, 0x1F, 0xFF, 0x00,
    0x3F, 0xFF, 0x00, 0x7F, 0xFF, 0x00, 0x7F, 0x8E, 0x00, 0xFE, 0x00, 0x00, 0xFC, 0x00, 0x00, 0xF8,
    0x00, 0x00, 0xF8, 0x00, 0x00, 0xF8, 0x00, 0x00, 0xF8, 0x00, 0x00, 0xF8, 0x00, 0x00, 0xFF, 0xFE,
    0x00, 0xFF, 0xFE, 0x00, 0xFF, 0xFE, 0x00, 0xFF, 0xFE, 0x00, 0xF8, 0x00, 0x00, 0xF8, 0x00, 0x00,
    0xF8, 0x00, 0x00, 0xF8, 0x00, 0x00, 0xF8, 0x00, 0x00, 0xF8, 0x00, 0x00, 0xF8, 0x00, 0x00, 0xF8,
    0x00, 0x00, 0xF8, 0x00, 0x00, 0xF8, 0x00, 0x00, 0xF8, 0x00, 0x00, 0xF8, 0x00, 0x00, 0xF8, 0x00,
    0x00, 0xF8, 0x00, 0x00, 0xF8, 0x00, 0x00, 0xF8, 0x00, 0x00, 0xF8, 0x00, 0x00, 0xF8, 0x00, 0x00,
    0xF8, 0x00, 0x00, 0xF8, 0x00, 0x00, 0xF8, 0x00, 0x00, 0xF8, 0x00, 0x00, 0xF8, 0x00, 0x01, 0xF8,
    0x00, 0x01, 0xF8, 0x00, 0x01, 0xF0, 0x00, 0x47, 0xF0, 0x00, 0x7F, 0xF0, 0x00, 0x7F, 0xE0, 0x00,
    0xFF, 0xC0, 0x00, 0xFF, 0x00, 0x00, 0x03, 0x00, 0x0F, 0x00, 0x3F, 0x00, 0xFF, 0x03, 0xFF, 0x0F,
    0xFF, 0x3F, 0x1F, 0x3C, 0x1E, 0x30, 0x18, 0x1F, 0x07, 0x1F, 0xF7, 0xDF, 0xFF, 0xDF, 0xFF, 0xEF,
    0xBF, 0xE3, 0x07, 0xE0, 0x0F, 0xE0, 0x3F, 0xE0, 0xFF, 0xE3, 0xE7, 0xE7, 0x83, 0xDE, 0x07, 0xBC,
    0x07, 0x00, 0x7F, 0xFF, 0xFF, 0xDF, 0xFF, 0xFF, 0xF7, 0xFF, 0xFF, 0xFD, 0xFF, 0xFF, 0xFF, 0x7F,
    0xFF, 0xFF, 0xFF, 0xFF, 0xFF, 0xEF, 0xFF, 0xFF, 0xFF, 0xFF, 0xFF, 0xFD, 0xFF, 0xFF, 0xFF, 0xFF,
    0xFF, 0xFF, 0xBF, 0xFF, 0xFF, 0xFF, 0xFF, 0xFF, 0xF0, 0x7F, 0xFF, 0xFF, 0xFF, 0xFF, 0xFF, 0xEF,
    0xFF, 0xFF, 0xFF, 0xFF, 0xFF, 0xFD, 0xFF, 0xFF, 0xFF, 0xFF, 0xFF, 0xFF, 0xBF, 0xFF, 0xFF, 0xFF,
    0xFF, 0xFF, 0xF0, 0x1C, 0x3E, 0x3E, 0x7E, 0x7C, 0x7C, 0xFC, 0xFC, 0xF8, 0xF8, 0xF8, 0xF8, 0x3F,
    0x3F, 0x3F, 0x3F, 0x3F, 0x3E, 0x3E, 0x3E, 0x7C, 0x7C, 0xF8, 0x38, 0x3F, 0x3F, 0x3F, 0x3F, 0x3F,
    0x3E, 0x3E, 0x3E, 0x7C, 0x7C, 0xF8, 0x78, 0x1C, 0x0E, 0x1F, 0x0F, 0x8F, 0x87, 0xCF, 0xC7, 0xE7,
    0xC3, 0xE3, 0xE1, 0xF3, 0xF1, 0xF9, 0xF8, 0xFC, 0xF8, 0x7E, 0x7C, 0x3E, 0x3E, 0x1F, 0x1F, 0x0F,
    0xC0, 0x3F, 0x1F, 0x9F, 0x8F, 0xCF, 0xC7, 0xE7, 0xE3, 0xF3, 0xF1, 0xF9, 0xF0, 0xFC, 0xF8, 0x7C,
    0x7C, 0x3E, 0x7C, 0x3E, 0x3E, 0x1F, 0x3E, 0x0F, 0x87, 0x03, 0x80, 0x3F, 0x1F, 0x9F, 0x8F, 0xCF,
    0xC7, 0xE7, 0xE3, 0xF3, 0xF1, 0xF9, 0xF0, 0xFC, 0xF8, 0x7C, 0x7C, 0x3E, 0x7C, 0x3E, 0x3E, 0x1F,
    0x3E, 0x0F, 0x8F, 0x03, 0x80, 0x00, 0x78, 0x00, 0x03, 0xC0, 0x00, 0x1E, 0x00, 0x00, 0xF0, 0x00,
    0x07, 0x80, 0x00, 0x3C, 0x00, 0x01, 0xE0, 0x00, 0x0F, 0x00, 0x00, 0x78, 0x00, 0x03, 0xC0, 0x00,
    0x1E, 0x00, 0xFF, 0xFF, 0xF7, 0xFF, 0xFF, 0xBF, 0xFF, 0xFD, 0xFF, 0xFF, 0xE0, 0x0F, 0x00, 0x00,
    0x78, 0x00, 0x03, 0xC0, 0x00, 0x1E, 0x00, 0x00, 0xF0, 0x00, 0x07, 0x80, 0x00, 0x3C, 0x00, 0x01,
    0xE0, 0x00, 0x0F, 0x00, 0x00, 0x78, 0x00, 0x03, 0xC0, 0x00, 0x1E, 0x00, 0x00, 0xF0, 0x00, 0x07,
    0x80, 0x00, 0x3C, 0x00, 0x01, 0xE0, 0x00, 0x0F, 0x00, 0x00, 0x78, 0x00, 0x03, 0xC0, 0x00, 0x1E,
    0x00, 0x00, 0xF0, 0x00, 0x07, 0x80, 0x00, 0x3C, 0x00, 0x01, 0xE0, 0x00, 0x0F, 0x00, 0x00, 0x78,
    0x00, 0x03, 0x80, 0x00, 0x00, 0x78, 0x00, 0x03, 0xC0, 0x00, 0x1E, 0x00, 0x00, 0xF0, 0x00, 0x07,
    0x80, 0x00, 0x3C, 0x00, 0x01, 0xE0, 0x00, 0x0F, 0x00, 0x00, 0x78, 0x00, 0x03, 0xC0, 0x00, 0x1E,
    0x00, 0xFF, 0xFF, 0xF7, 0xFF, 0xFF, 0xBF, 0xFF, 0xFD, 0xFF, 0xFF, 0xE0, 0x0F, 0x00, 0x00, 0x78,
    0x00, 0x03, 0xC0, 0x00, 0x1E, 0x00, 0x00, 0xF0, 0x00, 0x07, 0x80, 0x00, 0x3C, 0x00, 0x01, 0xE0,
    0x00, 0x0F, 0x00, 0x7F, 0xFF, 0xFB, 0xFF, 0xFF, 0xDF, 0xFF, 0xFE, 0xFF, 0xFF, 0xF0, 0x07, 0x80,
    0x00, 0x3C, 0x00, 0x01, 0xE0, 0x00, 0x0F, 0x00, 0x00, 0x78, 0x00, 0x03, 0xC0, 0x00, 0x1E, 0x00,
    0x00, 0xF0, 0x00, 0x07, 0x80, 0x00, 0x3C, 0x00, 0x01, 0xE0, 0x00, 0x0F, 0x00, 0x00, 0x78, 0x00,
    0x03, 0x80, 0x00, 0x0F, 0xC0, 0xFF, 0xC7, 0xFF, 0x9F, 0xFE, 0x7F, 0xFB, 0xFF, 0xFF, 0xFF, 0xFF,
    0xFF, 0x7F, 0xF9, 0xFF, 0xE7, 0xFF, 0x8F, 0xFC, 0x0F, 0xC0, 0x3E, 0x00, 0x1E, 0x00, 0x1F, 0x3F,
    0x00, 0x1F, 0x80, 0x1F, 0xDF, 0xC0, 0x1F, 0xC0, 0x0F, 0xEF, 0xE0, 0x0F, 0xF0, 0x07, 0xF7, 0xF0,
    0x07, 0xF0, 0x03, 0xFB, 0xF0, 0x01, 0xF8, 0x01, 0xFC, 0xF8, 0x00, 0x78, 0x00, 0x7C, 0x07, 0xF0,
    0x00, 0x3F, 0x00, 0x00, 0x00, 0x0F, 0xFE, 0x00, 0x1F, 0x00, 0x00, 0x00, 0x0F, 0xFF, 0x80, 0x1F,
    0x80, 0x00, 0x00, 0x0F, 0xEF, 0xC0, 0x0F, 0x80, 0x00, 0x00, 0x07, 0xC1, 0xF0, 0x0F, 0x80, 0x00,
    0x00, 0x03, 0xC0, 0x78, 0x0F, 0xC0, 0x00, 0x00, 0x03, 0xE0, 0x3E, 0x07, 0xC0, 0x00, 0x00, 0x01,
    0xF0, 0x1F, 0x07, 0xE0, 0x00, 0x00, 0x00, 0xF8, 0x0F, 0x83, 0xE0, 0x00, 0x00, 0x00, 0x7C, 0x07,
    0xC3, 0xF0, 0x00, 0x00, 0x00, 0x3E, 0x03, 0xE1, 0xF0, 0x00, 0x00, 0x00, 0x1F, 0x01, 0xF1, 0xF0,
    0x00, 0x00, 0x00, 0x07, 0x80, 0xF0, 0xF8, 0x00, 0x00, 0x00, 0x03, 0xE0, 0xF8, 0xF8, 0x00, 0x00,
    0x00, 0x01, 0xFD, 0xF8, 0xFC, 0x00, 0x00, 0x00, 0x00, 0x7F, 0xFC, 0x7C, 0x00, 0x00, 0x00, 0x00,
    0x1F, 0xFC, 0x7E, 0x00, 0x00, 0x00, 0x00, 0x03, 0xF8, 0x3E, 0x0F, 0xE0, 0x03, 0xFC, 0x00, 0x00,
    0x3F, 0x1F, 0xFC, 0x03, 0xFF, 0x00, 0x00, 0x1F, 0x1F, 0xFF, 0x03, 0xFF, 0xC0, 0x00, 0x1F, 0x1F,
    0xDF, 0x83, 0xF3, 0xF0, 0x00, 0x0F, 0x8F, 0x83, 0xE3, 0xE0, 0xF8, 0x00, 0x0F, 0x87, 0x80, 0xF1,
    0xF0, 0x3E, 0x00, 0x0F, 0xC7, 0xC0, 0x7C, 0xF0, 0x1F, 0x00, 0x07, 0xC3, 0xE0, 0x3E, 0x78, 0x0F,
    0x80, 0x07, 0xE1, 0xF0, 0x1F, 0x3C, 0x03, 0xC0, 0x03, 0xE0, 0xF8, 0x0F, 0x9E, 0x01, 0xE0, 0x03,
    0xF0, 0x7C, 0x07, 0xCF, 0x01, 0xF0, 0x01, 0xF0, 0x3E, 0x03, 0xE7, 0x80, 0xF8, 0x01, 0xF0, 0x0F,
    0x01, 0xE3, 0xE0, 0x7C, 0x00, 0xF8, 0x07, 0xC1, 0xF1, 0xF0, 0x7C, 0x00, 0xF8, 0x03, 0xFB, 0xF0,
    0x7E, 0x7E, 0x00, 0xFC, 0x00, 0xFF, 0xF8, 0x1F, 0xFE, 0x00, 0x7C, 0x00, 0x3F, 0xF8, 0x07, 0xFE,
    0x00, 0x7E, 0x00, 0x07, 0xF0, 0x01, 0xFE, 0x00, 0x00, 0xC0, 0x1F, 0x03, 0xF0, 0x7E, 0x07, 0xC0,
    0xFC, 0x1F, 0x81, 0xF8, 0x3F, 0x07, 0xF0, 0x7E, 0x0F, 0xE0, 0x7E, 0x07, 0xF0, 0x3F, 0x01, 0xF8,
    0x1F, 0x80, 0xFC, 0x07, 0xC0, 0x7E, 0x03, 0xF0, 0x1F, 0x00, 0xC0, 0x30, 0x0F, 0x80, 0xF8, 0x07,
    0xC0, 0x7E, 0x03, 0xE0, 0x3F, 0x01, 0xF8, 0x1F, 0x80, 0xFC, 0x07, 0xE0, 0x7E, 0x07, 0xE0, 0xFC,
    0x1F, 0x81, 0xF8, 0x3F, 0x03, 0xE0, 0x7E, 0x07, 0xC0, 0xF8, 0x0F, 0x80, 0x30, 0x00, 0x00, 0x00,
    0x0F, 0x80, 0x00, 0x0F, 0x80, 0x00, 0x0F, 0xC0, 0x00, 0x07, 0xC0, 0x00, 0x07, 0xC0, 0x00, 0x03,
    0xE0, 0x00, 0x03, 0xE0, 0x00, 0x01, 0xF0, 0x00, 0x01, 0xF0, 0x00, 0x01, 0xF8, 0x00, 0x00, 0xF8,
    0x00, 0x00, 0xFC, 0x00, 0x00, 0x7C, 0x00, 0x00, 0x7C, 0x00, 0x00, 0x3E, 0x00, 0x00, 0x3E, 0x00,
    0x00, 0x1F, 0x00, 0x00, 0x1F, 0x00, 0x00, 0x1F, 0x80, 0x00, 0x0F, 0x80, 0x00, 0x0F, 0xC0, 0x00,
    0x07, 0xC0, 0x00, 0x07, 0xC0, 0x00, 0x03, 0xE0, 0x00, 0x03, 0xE0, 0x00, 0x01, 0xF0, 0x00, 0x01,
    0xF0, 0x00, 0x01, 0xF8, 0x00, 0x00, 0xF8, 0x00, 0x00, 0xF8, 0x00, 0x00, 0x7C, 0x00, 0x00, 0x7C,
    0x00, 0x00, 0x3E, 0x00, 0x00, 0x3E, 0x00, 0x00, 0x1F, 0x00, 0x00, 0x00, 0x0F, 0xF0, 0x1F, 0xF8,
    0x3F, 0xFC, 0x7E, 0x7E, 0x7C, 0x3E, 0x78, 0x1E, 0xF8, 0x1F, 0xF8, 0x1F, 0xF8, 0x1F, 0xF0, 0x1F,
    0xF8, 0x1F, 0xF8, 0x1F, 0xF8, 0x1F, 0x78, 0x1E, 0x7C, 0x3E, 0x7E, 0x7E, 0x3F, 0xFC, 0x1F, 0xF8,
    0x0F, 0xF0, 0x00, 0x7C, 0x00, 0xFC, 0x01, 0xFC, 0x03, 0xFC, 0x07, 0xFC, 0x0F, 0xFC, 0x1F, 0x7C,
    0x1E, 0x7C, 0x3C, 0x7C, 0x78, 0x7C, 0x78, 0x7C, 0xFF, 0xFF, 0xFF, 0xFF, 0xFF, 0xFF, 0x00, 0x7C,
    0x00, 0x7C, 0x00, 0x7C, 0x00, 0x7C, 0x00, 0x7C, 0x3F, 0xF8, 0xFF, 0xE3, 0xFF, 0x8F, 0x00, 0x3C,
    0x00, 0xE0, 0x07, 0x80, 0x1F, 0xF0, 0x7F, 0xF1, 0xFF, 0xE0, 0xFF, 0xC0, 0x1F, 0x00, 0x3C, 0x00,
    0xF0, 0x07, 0xFC, 0x7F, 0xFF, 0xFB, 0xFF, 0xC7, 0xFE, 0x00, 0x00, 0xFC, 0x03, 0xFC, 0x0F, 0xFC,
    0x1F, 0xF0, 0x3F, 0x80, 0x3E, 0x00, 0x7C, 0x00, 0x7F, 0xF8, 0x7F, 0xFC, 0x7F, 0xFE, 0x7E, 0x7E,
    0xF8, 0x1F, 0x78, 0x1F, 0x78, 0x1F, 0x7C, 0x1F, 0x7E, 0x7E, 0x3F, 0xFE, 0x1F, 0xFC, 0x0F, 0xF0,
    0xFF, 0xFF, 0xFF, 0xFF, 0xFF, 0xFE, 0x00, 0x3E, 0x00, 0x7C, 0x00, 0xF8, 0x00, 0xF8, 0x01, 0xF0,
    0x01, 0xE0, 0x03, 0xE0, 0x03, 0xC0, 0x07, 0xC0, 0x07, 0x80, 0x07, 0x80, 0x0F, 0x80, 0x0F, 0x00,
    0x0F, 0x00, 0x0F, 0x00, 0x1F, 0x00, 0x0F, 0xF0, 0x3F, 0xFC, 0x3F, 0xFC, 0x7E, 0x7E, 0x78, 0x1E,
    0x78, 0x1E, 0x7C, 0x3E, 0x3F, 0xFC, 0x3F, 0xF8, 0x3F, 0xFC, 0x7F, 0xFE, 0x78, 0x3E, 0xF8, 0x1F,
    0xF8, 0x1F, 0xF8, 0x1F, 0x7E, 0x7E, 0x7F, 0xFE, 0x3F, 0xFC, 0x0F, 0xF0, 0x0F, 0xF0, 0x3F, 0xF8,
    0x7F, 0xFC, 0x7E, 0x7E, 0xF8, 0x3E, 0xF8, 0x1E, 0xF8, 0x1E, 0xF8, 0x1F, 0x7E, 0x3E, 0x7F, 0xFE,
    0x3F, 0xFE, 0x1F, 0xFE, 0x00, 0x3E, 0x00, 0x7C, 0x00, 0xFC, 0x1F, 0xF8, 0x7F, 0xF0, 0x7F, 0xC0,
    0x7F, 0x00, 0x0F, 0xF0, 0x1F, 0xF8, 0x3F, 0xFC, 0x7E, 0x7E, 0x7C, 0x3E, 0x78, 0x1E, 0xF8, 0x1F,
    0xF8, 0x1F, 0xF8, 0x1F, 0xF0, 0x1F, 0xF8, 0x1F, 0xF8, 0x1F, 0xF8, 0x1F, 0x78, 0x1E, 0x7C, 0x3E,
    0x7E, 0x7E, 0x3F, 0xFC, 0x1F, 0xF8, 0x0F, 0xF0, 0x03, 0xC1, 0xF1, 0xFD, 0xFF, 0xFF, 0xDF, 0xF7,
    0x3C, 0x0F, 0x03, 0xC0, 0xF0, 0x3C, 0x0F, 0x03, 0xC0, 0xF0, 0x3C, 0x0F, 0x03, 0xC0, 0xF0, 0x3C,
    0x1F, 0xE0, 0xFF, 0xF3, 0xFF, 0xE3, 0xE7, 0xE7, 0x03, 0xC0, 0x07, 0x80, 0x0F, 0x00, 0x3E, 0x00,
    0xF8, 0x03, 0xE0, 0x0F, 0x80, 0x7E, 0x01, 0xF8, 0x03, 0xE0, 0x0F, 0x80, 0x3E, 0x00, 0x7F, 0xFE,
    0xFF, 0xFD, 0xFF, 0xF8, 0x1F, 0xE0, 0xFF, 0xF1, 0xFF, 0xE3, 0xC7, 0xE2, 0x07, 0xC0, 0x0F, 0x80,
    0x7E, 0x07, 0xF8, 0x0F, 0xF0, 0x1F, 0xF0, 0x07, 0xF0, 0x01, 0xF0, 0x03, 0xE0, 0x07, 0xC0, 0x0F,
    0xBC, 0x7E, 0x7F, 0xFD, 0xFF, 0xF1, 0xFF, 0x80, 0x00, 0x7C, 0x00, 0xFC, 0x01, 0xFC, 0x03, 0xFC,
    0x07, 0xFC, 0x0F, 0xFC, 0x1F, 0x7C, 0x1E, 0x7C, 0x3C, 0x7C, 0x78, 0x7C, 0x78, 0x7C, 0xFF, 0xFF,
    0xFF, 0xFF, 0xFF, 0xFF, 0x00, 0x7C, 0x00, 0x7C, 0x00, 0x7C, 0x00, 0x7C, 0x00, 0x7C, 0x3F, 0xF8,
    0xFF, 0xE3, 0xFF, 0x8F, 0x00, 0x3C, 0x00, 0xE0, 0x07, 0x80, 0x1F, 0xF0, 0x7F, 0xF1, 0xFF, 0xE0,
    0xFF, 0xC0, 0x1F, 0x00, 0x3C, 0x00, 0xF0, 0x07, 0xFC, 0x7F, 0xFF, 0xFB, 0xFF, 0xC7, 0xFE, 0x00,
    0x00, 0xFC, 0x03, 0xFC, 0x0F, 0xFC, 0x1F, 0xF0, 0x3F, 0x80, 0x3E, 0x00, 0x7C, 0x00, 0x7F, 0xF8,
    0x7F, 0xFC, 0x7F, 0xFE, 0x7E, 0x7E, 0xF8, 0x1F, 0x78, 0x1F, 0x78, 0x1F, 0x7C, 0x1F, 0x7E, 0x7E,
    0x3F, 0xFE, 0x1F, 0xFC, 0x0F, 0xF0, 0xFF, 0xFF, 0xFF, 0xFF, 0xFF, 0xFE, 0x00, 0x3E, 0x00, 0x7C,
    0x00, 0xF8, 0x00, 0xF8, 0x01, 0xF0, 0x01, 0xE0, 0x03, 0xE0, 0x03, 0xC0, 0x07, 0xC0, 0x07, 0x80,
    0x07, 0x80, 0x0F, 0x80, 0x0F, 0x00, 0x0F, 0x00, 0x0F, 0x00, 0x1F, 0x00, 0x0F, 0xF0, 0x3F, 0xFC,
    0x3F, 0xFC, 0x7E, 0x7E, 0x78, 0x1E, 0x78, 0x1E, 0x7C, 0x3E, 0x3F, 0xFC, 0x3F, 0xF8, 0x3F, 0xFC,
    0x7F, 0xFE, 0x78, 0x3E, 0xF8, 0x1F, 0xF8, 0x1F, 0xF8, 0x1F, 0x7E, 0x7E, 0x7F, 0xFE, 0x3F, 0xFC,
    0x0F, 0xF0, 0x0F, 0xF0, 0x3F, 0xF8, 0x7F, 0xFC, 0x7E, 0x7E, 0xF8, 0x3E, 0xF8, 0x1E, 0xF8, 0x1E,
    0xF8, 0x1F, 0x7E, 0x3E, 0x7F, 0xFE, 0x3F, 0xFE, 0x1F, 0xFE, 0x00, 0x3E, 0x00, 0x7C, 0x00, 0xFC,
    0x1F, 0xF8, 0x7F, 0xF0, 0x7F, 0xC0, 0x7F, 0x00, 0x00, 0x07, 0xFF, 0x00, 0x07, 0xFF, 0xE0, 0x07,
    0xFF, 0xF8, 0x03, 0xFF, 0xFC, 0x01, 0xFF, 0x0F, 0x00, 0x7F, 0x00, 0x00, 0x3F, 0x00, 0x00, 0x0F,
    0x80, 0x00, 0x07, 0xE0, 0x00, 0x01, 0xF0, 0x00, 0x00, 0x7C, 0x00, 0x03, 0xFF, 0xFF, 0xF0, 0xFF,
    0xFF, 0xF8, 0x3F, 0xFF, 0xFE, 0x00, 0xFC, 0x00, 0x00, 0x3E, 0x00, 0x00, 0x0F, 0x80, 0x00, 0x03,
    0xE0, 0x00, 0x00, 0xF8, 0x00, 0x00, 0x3F, 0x00, 0x00, 0xFF, 0xFF, 0xF0, 0x3F, 0xFF, 0xFC, 0x0F,
    0xFF, 0xFE, 0x00, 0x3F, 0x00, 0x00, 0x07, 0xC0, 0x00, 0x01, 0xF8, 0x00, 0x00, 0x7E, 0x00, 0x00,
    0x0F, 0xC0, 0x00, 0x03, 0xF8, 0x00, 0x80, 0x7F, 0xC3, 0xE0, 0x0F, 0xFF, 0xF8, 0x01, 0xFF, 0xFF,
    0x00, 0x3F, 0xFF, 0xC0, 0x03, 0xFF, 0xC0, 0xFF, 0xFF, 0xFF, 0xFF, 0xFF, 0xFF, 0xFF, 0xFF, 0xFF,
    0xFF, 0xFF, 0xFF, 0xF0, 0x07, 0xE0, 0x00, 0x03, 0xF0, 0x00, 0x01, 0xF8, 0x00, 0x00, 0xFC, 0x00,
    0x00, 0x7E, 0x00, 0x00, 0x3F, 0x0C, 0x00, 0x1F, 0x9E, 0x00, 0x0F, 0xFF, 0x80, 0x07, 0xFF, 0xC0,
    0x03, 0xFF, 0xC0, 0x03, 0xFF, 0x00, 0x07, 0xFE, 0x00, 0x1F, 0xFE, 0x00, 0x1F, 0xFF, 0x00, 0x07,
    0xFF, 0x80, 0x03, 0xCF, 0xC3, 0x00, 0x87, 0xE7, 0x80, 0x03, 0xFF, 0xE0, 0x01, 0xFF, 0xF0, 0x00,
    0xFF, 0xF0, 0x00, 0xFF, 0xC0, 0x01, 0xFF, 0x80, 0x07, 0xFF, 0x80, 0x07, 0xFF, 0xC0, 0x01, 0xFF,
    0xE0, 0x00, 0xF3, 0xF0, 0x00, 0x21, 0xF8, 0x00, 0x00, 0xFC, 0x00, 0x00, 0x7E, 0x00, 0x00, 0x3F,
    0x00, 0x00, 0x1F, 0x80, 0x00, 0x03, 0xFF, 0xC0, 0x03, 0xFF, 0xFC, 0x00, 0xFF, 0xFF, 0x80, 0x1F,
    0xFF, 0xF0, 0x07, 0xC3, 0xFE, 0x01, 0x00, 0x1F, 0x80, 0x00, 0x03, 0xE0, 0x00, 0x00, 0xF8, 0x00,
    0x00, 0x3F, 0x00, 0x00, 0x0F, 0x80, 0x00, 0x03, 0xE3, 0xFF, 0xFF, 0xFF, 0xFF, 0xFF, 0xFF, 0xFF,
    0xFF, 0xFF, 0xF0, 0x00, 0x7F, 0x80, 0x00, 0x7F, 0xC0, 0x00, 0x3F, 0xC0, 0x00, 0x3F, 0xE0, 0x00,
    0x1F, 0xE0, 0x00, 0x0F, 0xF0, 0x00, 0xFF, 0xFF, 0xFF, 0xFF, 0xFF, 0xFF, 0xFF, 0xFF, 0xFF, 0xFC,
    0x7E, 0x00, 0x00, 0x1F, 0x00, 0x00, 0x07, 0xC0, 0x00, 0x01, 0xF0, 0x00, 0x00, 0x7C, 0x00, 0x00,
    0x1F, 0x80, 0x00, 0x07, 0xF0, 0x01, 0x80, 0xFF, 0x07, 0xF0, 0x3F, 0xFF, 0xFC, 0x07, 0xFF, 0xFF,
    0x00, 0xFF, 0xFF, 0xC0, 0x0F, 0xFF, 0x80, 0xFF, 0xFF, 0xFF, 0xFF, 0xFF, 0xFF, 0xFF, 0xFF, 0xFF,
    0xDF, 0xFF, 0xFF, 0xE0, 0x07, 0xFC, 0x00, 0x00, 0x3E, 0x00, 0x00, 0x1F, 0x80, 0x00, 0x07, 0xC0,
    0x00, 0x03, 0xF0, 0x7F, 0xFF, 0xFF, 0x3F, 0xFF, 0xFF, 0x9F, 0xFF, 0xFF, 0xCF, 0xFF, 0xFF, 0xE0,
    0x00, 0x1F, 0x00, 0x00, 0x0F, 0x80, 0x00, 0x0F, 0xC0, 0x00, 0x1F, 0xC0, 0x00, 0xFF, 0xE0, 0x3F,
    0xFF, 0xE0, 0x1F, 0xFF, 0xE0, 0x0F, 0xFF, 0xC0, 0x07, 0xFF, 0x00, 0x03, 0xF8, 0x00, 0x00, 0x7E,
    0x00, 0x00, 0x1F, 0x80, 0x00, 0x07, 0xE0, 0x00, 0x01, 0xF8, 0x00, 0x00, 0x7E, 0x00, 0x00, 0x1F,
    0x80, 0x00, 0x07, 0xE0, 0x00, 0x03, 0xF8, 0x00, 0x00, 0xFE, 0x00, 0x00, 0x3F, 0x80, 0x00, 0x0F,
    0xE0, 0x00, 0x03, 0xF0, 0x00, 0x00, 0x3F, 0x80, 0x03, 0xFF, 0x80, 0x1F, 0xFE, 0x00, 0x7F, 0xFC,
    0x03, 0xF9, 0xF0, 0x0F, 0xC3, 0xE0, 0x3E, 0x0F, 0x81, 0xF8, 0x3E, 0x07, 0xE0, 0xF8, 0x1F, 0x03,
    0xE0, 0x7C, 0x0F, 0x81, 0xF0, 0x3C, 0x07, 0xC0, 0xF0, 0x1F, 0x03, 0xC0, 0x7C, 0x1F, 0x01, 0xF0,
    0x78, 0x07, 0xC3, 0xE0, 0x1F, 0x0F, 0x00, 0x7C, 0x7C, 0x01, 0xF3, 0xE0, 0x07, 0xDF, 0x00, 0x1F,
    0xF8, 0x00, 0x7F, 0xE0, 0x01, 0xFF, 0x00, 0x07, 0xF8, 0x00, 0x1F, 0x80, 0x00, 0xFC, 0x00, 0x0F,
    0xF0, 0x00, 0x7F, 0xC0, 0x03, 0xFF, 0x00, 0x07, 0xFE, 0x00, 0x19, 0xF8, 0x00, 0x07, 0xE0, 0x00,
    0x1F, 0xC0, 0xC0, 0x3F, 0xCF, 0x80, 0xFF, 0xFE, 0x01, 0xFF, 0xFC, 0x03, 0xFF, 0xE0, 0x03, 0xFE,
    0x00, 0xF8, 0x00, 0x03, 0xE0, 0x07, 0xF8, 0x3F, 0x00, 0x00, 0xF8, 0x07, 0xFF, 0x8F, 0xE0, 0x00,
    0x3E, 0x03, 0xFF, 0xF3, 0xFC, 0x00, 0x0F, 0x81, 0xFC, 0xFC, 0xFF, 0x00, 0x03, 0xE0, 0xF8, 0x0F,
    0xBF, 0xE0, 0x00, 0xF8, 0x3E, 0x01, 0xEF, 0xFC, 0x00, 0x3E, 0x0F, 0x00, 0x7F, 0xFF, 0x80, 0x0F,
    0x87, 0xC0, 0x1F, 0xFF, 0xE0, 0x03, 0xE1, 0xF0, 0x03, 0xFF, 0xFC, 0x00, 0xF8, 0x7C, 0x00, 0xFF,
    0xBF, 0x80, 0x3E, 0x1F, 0x00, 0x7F, 0xE7, 0xE0, 0x0F, 0x83, 0xC0, 0x1F, 0xF8, 0xFC, 0x03, 0xE0,
    0xF8, 0x07, 0xBE, 0x3F, 0x80, 0xF8, 0x3E, 0x03, 0xEF, 0x87, 0xE0, 0x3E, 0x07, 0xF3, 0xF3, 0xE0,
    0xFC, 0x0F, 0x80, 0xFF, 0xFC, 0xF8, 0x3F, 0x83, 0xE0, 0x1F, 0xFE, 0x3E, 0x07, 0xE0, 0xF8, 0x01,
    0xFE, 0x0F, 0x80, 0xFC, 0x3E, 0x00, 0x00, 0x03, 0xE0, 0x3F, 0x8F, 0x80, 0x00, 0x00, 0xF8, 0x07,
    0xE3, 0xE0, 0x00, 0x00, 0x3E, 0x00, 0xFC, 0xF8, 0x00, 0x00, 0x0F, 0x80, 0x3F, 0xBE, 0x00, 0x00,
    0x03, 0xE0, 0x07, 0xEF, 0x83, 0xFF, 0xFF, 0xF8, 0x00, 0xFF, 0xE0, 0xFF, 0xFF, 0xFE, 0x00, 0x3F,
    0xF8, 0x3F, 0xFF, 0xFF, 0x80, 0x07, 0xFE, 0x0F, 0xFF, 0xFF, 0xE0, 0x00, 0xFF, 0x80, 0x00, 0x00,
    0xF8, 0x00, 0x3F, 0xE0, 0x00, 0x00, 0x3E, 0x00, 0x07, 0xF8, 0x00, 0x00, 0x0F, 0x80, 0x01, 0xFE,
    0x00, 0x00, 0x03, 0xE0, 0x00, 0x3F, 0x80, 0x00, 0x00, 0xF8, 0x00, 0x07, 0xE0, 0x00, 0x00, 0x3E,
    0x00, 0x01, 0xF8, 0x00, 0x00, 0x0F, 0x80, 0x00, 0x3E, 0x00, 0x00, 0x00, 0xFF, 0xFC, 0xF0, 0x07,
    0xDF, 0xFF, 0x9F, 0x00, 0xFB, 0xFF, 0xF3, 0xE0, 0x3F, 0x03, 0xC0, 0xFE, 0x07, 0xE0, 0x78, 0x1F,
    0xC1, 0xFC, 0x0F, 0x03, 0xF8, 0x3F, 0x81, 0xE0, 0x7F, 0x8F, 0xF0, 0x3C, 0x0F, 0xF1, 0xFE, 0x07,
    0x81, 0xEF, 0x7B, 0xC0, 0xF0, 0x3D, 0xEF, 0x78, 0x1E, 0x07, 0x9F, 0xCF, 0x03, 0xC0, 0xF3, 0xF9,
    0xF0, 0x78, 0x1E, 0x3E, 0x3E, 0x0F, 0x03, 0xC7, 0xC7, 0xC1, 0xE0, 0x78, 0x70, 0x78, 0x3C, 0x0F,
    0x00, 0x0F, 0x07, 0x83, 0xE0, 0x01, 0xE0, 0x00, 0x0F, 0xFE, 0x00, 0x00, 0x07, 0xFF, 0xF8, 0x00,
    0x03, 0xFF, 0xFF, 0x80, 0x00, 0xFF, 0xFF, 0xFC, 0x00, 0x3F, 0xF1, 0xFF, 0xC0, 0x0F, 0xF0, 0x03,
    0xFC, 0x03, 0xF8, 0x00, 0x3F, 0x80, 0xFE, 0x00, 0x03, 0xF8, 0x1F, 0x80, 0x00, 0x3F, 0x07, 0xE0,
    0x00, 0x03, 0xF0, 0xFC, 0x00, 0x00, 0x7E, 0x1F, 0x80, 0x00, 0x07, 0xE7, 0xE0, 0x00, 0x00, 0xFC,
    0xFC, 0x00, 0x00, 0x1F, 0x9F, 0x80, 0x00, 0x03, 0xF3, 0xF0, 0x00, 0x00, 0x7E, 0x7E, 0x00, 0x00,
    0x0F, 0xCF, 0xC0, 0x00, 0x01, 0xF9, 0xF8, 0x00, 0x00, 0x3F, 0x3F, 0x00, 0x00, 0x07, 0xE7, 0xE0,
    0x00, 0x00, 0xFC, 0x7C, 0x00, 0x00, 0x1F, 0x8F, 0xC0, 0x00, 0x07, 0xE1, 0xF8, 0x00, 0x00, 0xFC,
    0x1F, 0x80, 0x00, 0x1F, 0x03, 0xF0, 0x00, 0x07, 0xE0, 0x3F, 0x00, 0x00, 0xF8, 0x07, 0xE0, 0x00,
    0x3F, 0x00, 0x7E, 0x00, 0x0F, 0xC0, 0x07, 0xE0, 0x03, 0xF0, 0x00, 0x7E, 0x00, 0xFC, 0x07, 0xFF,
    0xE0, 0x3F, 0xFF, 0xFF, 0xFC, 0x07, 0xFF, 0xFF, 0xFF, 0x80, 0xFF, 0xFF, 0xFF, 0xF0, 0x1F, 0xFF,
    0x80, 0x00, 0x03, 0xFF, 0xC0, 0x00, 0x00, 0x07, 0xFF, 0xFC, 0x00, 0x00, 0x0F, 0xFF, 0xFF, 0x80,
    0x00, 0x1F, 0xF8, 0x7F, 0xE0, 0x00, 0x1F, 0xC0, 0x03, 0xFC, 0x00, 0x1F, 0x80, 0x00, 0x7F, 0x00,
    0x1F, 0x80, 0x00, 0x0F, 0xC0, 0x1F, 0x80, 0x00, 0x03, 0xF0, 0x1F, 0x00, 0x00, 0x00, 0xF8, 0x1F,
    0x80, 0x00, 0x00, 0x3E, 0x0F, 0xC0, 0x00, 0x00, 0x1F, 0x0F, 0xE0, 0x00, 0x00, 0x0F, 0xC7, 0xF0,
    0x00, 0x00, 0x07, 0xE3, 0xF8, 0x00, 0x00, 0x03, 0xFB, 0xFC, 0x00, 0x00, 0x01, 0xFD, 0xFE, 0x00,
    0x00, 0x00, 0xFE, 0xFF, 0x00, 0x00, 0x00, 0x7F, 0x7F, 0xFF, 0xFF, 0xFF, 0xFF, 0xFF, 0xFF, 0xFF,
    0xFF, 0xFF, 0xFF, 0xFF, 0xFF, 0xFF, 0xFF, 0xFF, 0xF0, 0x00, 0x00, 0x00, 0x07, 0xF8, 0x00, 0x00,
    0x00, 0x03, 0xFC, 0x00, 0x00, 0x00, 0x00, 0xFE, 0x00, 0x00, 0x00, 0x00, 0x7F, 0x00, 0x00, 0x00,
    0x00, 0x3F, 0x80, 0x00, 0x00, 0x00, 0x0F, 0xC0, 0x00, 0x00, 0x00, 0x07, 0xE0, 0x00, 0x00, 0x00,
    0x01, 0xF0, 0x00, 0x00, 0x0F, 0x00, 0x7C, 0x00, 0x00, 0x0F, 0x00, 0x1F, 0x80, 0x00, 0x0F, 0x80,
    0x07, 0xE0, 0x00, 0x1F, 0x80, 0x01, 0xFC, 0x00, 0x3F, 0x80, 0x00, 0x7F, 0xE1, 0xFF, 0x80, 0x00,
    0x0F, 0xFF, 0xFF, 0x00, 0x00, 0x03, 0xFF, 0xFE, 0x00, 0x00, 0x00, 0x3F, 0xFC, 0x00, 0x00, 0x03,
    0xC0, 0x00, 0x3E, 0x00, 0x07, 0xC0, 0x00, 0x7C, 0x00, 0x1F, 0xC0, 0x00, 0xFC, 0x00, 0x7F, 0xC0,
    0x00, 0xF8, 0x00, 0xFF, 0xC0, 0x01, 0xF8, 0x00, 0x7F, 0xC0, 0x01, 0xF0, 0x00, 0x73, 0xC0, 0x03,
    0xE0, 0x00, 0x03, 0xC0, 0x03, 0xE0, 0x00, 0x03, 0xC0, 0x07, 0xC0, 0x00, 0x03, 0xC0, 0x07, 0xC0,
    0x00, 0x03, 0xC0, 0x0F, 0x80, 0x00, 0x03, 0xC0, 0x1F, 0x80, 0x00, 0x03, 0xC0, 0x1F, 0x00, 0x00,
    0x03, 0xC0, 0x3F, 0x00, 0x00, 0x03, 0xC0, 0x3E, 0x00, 0x00, 0x03, 0xC0, 0x7C, 0x00, 0x00, 0x03,
    0xC0, 0x7C, 0x1F, 0xF0, 0x03, 0xC0, 0xF8, 0x3F, 0xF8, 0x03, 0xC0, 0xF8, 0x3F, 0xFC, 0x00, 0x01,
    0xF0, 0x3C, 0x7C, 0x00, 0x03, 0xF0, 0x00, 0x3E, 0x00, 0x03, 0xE0, 0x00, 0x3C, 0x00, 0x07, 0xC0,
    0x00, 0xFC, 0x00, 0x07, 0xC0, 0x07, 0xF8, 0x00, 0x0F, 0x80, 0x07, 0xF8, 0x00, 0x0F, 0x80, 0x07,
    0xFC, 0x00, 0x1F, 0x00, 0x00, 0xFE, 0x00, 0x1F, 0x00, 0x00, 0x3E, 0x00, 0x3E, 0x00, 0x00, 0x1F,
    0x00, 0x7E, 0x00, 0x00, 0x1F, 0x00, 0x7C, 0x00, 0x00, 0x1E, 0x00, 0xF8, 0x00, 0x38, 0x7E, 0x00,
    0xF8, 0x00, 0x7F, 0xFE, 0x01, 0xF0, 0x00, 0x7F, 0xFC, 0x01, 0xF0, 0x00, 0x3F, 0xF0, 0x1F, 0xE0,
    0x00, 0x0F, 0x80, 0x3F, 0xFC, 0x00, 0x0F, 0x80, 0x3F, 0xFE, 0x00, 0x07, 0xC0, 0x0F, 0x9F, 0x80,
    0x07, 0xC0, 0x07, 0x03, 0xC0, 0x07, 0xE0, 0x00, 0x01, 0xE0, 0x03, 0xE0, 0x00, 0x00, 0xF0, 0x03,
    0xE0, 0x00, 0x00, 0xF8, 0x01, 0xF0, 0x00, 0x00, 0xF8, 0x01, 0xF0, 0x00, 0x00, 0xF8, 0x00, 0xF8,
    0x00, 0x00, 0xF8, 0x00, 0xF8, 0x00, 0x01, 0xF8, 0x00, 0x7C, 0x00, 0x01, 0xF8, 0x00, 0x7C, 0x00,
    0x00, 0xF8, 0x00, 0x7E, 0x00, 0x00, 0xF8, 0x00, 0x3E, 0x00, 0x00, 0xF8, 0x00, 0x3E, 0x00, 0x00,
    0x7F, 0xFE, 0x1F, 0x0F, 0xF8, 0x3F, 0xFF, 0x1F, 0x0F, 0xFE, 0x1F, 0xFF, 0x8F, 0x87, 0xFF, 0x80,
    0x00, 0x0F, 0x83, 0xC7, 0xC0, 0x00, 0x07, 0xC0, 0x01, 0xF0, 0x00, 0x07, 0xC0, 0x00, 0xF0, 0x00,
    0x07, 0xE0, 0x01, 0xF8, 0x00, 0x03, 0xE0, 0x07, 0xF8, 0x00, 0x03, 0xE0, 0x03, 0xFC, 0x00, 0x01,
    0xF0, 0x01, 0xFF, 0x00, 0x01, 0xF0, 0x00, 0x1F, 0xC0, 0x00, 0xF8, 0x00, 0x03, 0xE0, 0x00, 0xF8,
    0x00, 0x00, 0xF8, 0x00, 0xFC, 0x00, 0x00, 0x7C, 0x00, 0x7C, 0x00, 0x00, 0x3C, 0x00, 0x7E, 0x00,
    0x38, 0x7E, 0x00, 0x3E, 0x00, 0x3F, 0xFF, 0x00, 0x3E, 0x00, 0x1F, 0xFF, 0x00, 0x1F, 0x00, 0x07,
    0xFE, 0x00, 0x03, 0xC0, 0x00, 0x3E, 0x00, 0x07, 0xC0, 0x00, 0x7C, 0x00, 0x1F, 0xC0, 0x00, 0xFC,
    0x00, 0x7F, 0xC0, 0x00, 0xF8, 0x00, 0xFF, 0xC0, 0x01, 0xF8, 0x00, 0x7F, 0xC0, 0x01, 0xF0, 0x00,
    0x73, 0xC0, 0x03, 0xE0, 0x00, 0x03, 0xC0, 0x03, 0xE0, 0x00, 0x03, 0xC0, 0x07, 0xC0, 0x00, 0x03,
    0xC0, 0x07, 0xC0, 0x00, 0x03, 0xC0, 0x0F, 0x80, 0x00, 0x03, 0xC0, 0x1F, 0x80, 0x00, 0x03, 0xC0,
    0x1F, 0x00, 0x00, 0x03, 0xC0, 0x3F, 0x00, 0x00, 0x03, 0xC0, 0x3E, 0x00, 0x00, 0x03, 0xC0, 0x7C,
    0x00, 0x00, 0x03, 0xC0, 0x7C, 0x0F, 0xFE, 0x03, 0xC0, 0xF8, 0x0F, 0xFE, 0x03, 0xC0, 0xF8, 0x0F,
    0xFE, 0x00, 0x01, 0xF0, 0x1E, 0x00, 0x00, 0x03, 0xF0, 0x1E, 0x00, 0x00, 0x03, 0xE0, 0x1E, 0x00,
    0x00, 0x07, 0xC0, 0x1E, 0x00, 0x00, 0x07, 0xC0, 0x1F, 0xF0, 0x00, 0x0F, 0x80, 0x1F, 0xFC, 0x00,
    0x0F, 0x80, 0x1F, 0xFE, 0x00, 0x1F, 0x00, 0x03, 0xFE, 0x00, 0x1F, 0x00, 0x00, 0x3F, 0x00, 0x3E,
    0x00, 0x00, 0x1F, 0x00, 0x7E, 0x00, 0x00, 0x0F, 0x00, 0x7C, 0x00, 0x00, 0x1F, 0x00, 0xF8, 0x00,
    0x3C, 0x7F, 0x00, 0xF8, 0x00, 0x3F, 0xFE, 0x01, 0xF0, 0x00, 0x7F, 0xFC, 0x01, 0xF0, 0x00, 0x3F,
    0xF0, 0x1F, 0xE0, 0x00, 0x0F, 0xC0, 0x3F, 0xFC, 0x00, 0x07, 0xC0, 0x3F, 0xFE, 0x00, 0x07, 0xC0,
    0x0F, 0x9F, 0x80, 0x03, 0xE0, 0x07, 0x03, 0xC0, 0x03, 0xE0, 0x00, 0x01, 0xE0, 0x01, 0xF0, 0x00,
    0x00, 0xF0, 0x01, 0xF0, 0x00, 0x00, 0xF8, 0x00, 0xF8, 0x00, 0x00, 0xF8, 0x00, 0xF8, 0x00, 0x00,
    0xF8, 0x00, 0xFC, 0x00, 0x00, 0xF8, 0x00, 0x7C, 0x00, 0x01, 0xF8, 0x00, 0x7C, 0x00, 0x01, 0xF8,
    0x00, 0x3E, 0x00, 0x00, 0xF8, 0x00, 0x3E, 0x00, 0x00, 0xF8, 0x00, 0x1F, 0x00, 0x00, 0xF8, 0x00,
    0x1F, 0x00, 0x00, 0x7F, 0xFE, 0x1F, 0x87, 0xFF, 0x3F, 0xFF, 0x0F, 0x83, 0xFF, 0x9F, 0xFF, 0x8F,
    0xC1, 0xFF, 0xC0, 0x00, 0x07, 0xC1, 0xE0, 0x00, 0x00, 0x07, 0xC0, 0xF0, 0x00, 0x00, 0x03, 0xE0,
    0x78, 0x00, 0x00, 0x03, 0xE0, 0x3C, 0x00, 0x00, 0x01, 0xF0, 0x1F, 0xF0, 0x00, 0x01, 0xF0, 0x0F,
    0xFE, 0x00, 0x01, 0xF8, 0x07, 0xFF, 0x80, 0x00, 0xF8, 0x00, 0x7F, 0xC0, 0x00, 0xF8, 0x00, 0x03,
    0xF0, 0x00, 0x7C, 0x00, 0x00, 0xF8, 0x00, 0x7C, 0x00, 0x00, 0x3C, 0x00, 0x3E, 0x00, 0x00, 0x3E,
    0x00, 0x3E, 0x00, 0x3C, 0x7F, 0x00, 0x1F, 0x00, 0x1F, 0xFF, 0x00, 0x1F, 0x00, 0x1F, 0xFF, 0x00,
    0x1F, 0x80, 0x07, 0xFE, 0x00, 0x1F, 0xE0, 0x00, 0x0F, 0x80, 0x3F, 0xFC, 0x00, 0x0F, 0x80, 0x1F,
    0xFE, 0x00, 0x07, 0xC0, 0x0F, 0x1F, 0x80, 0x07, 0xC0, 0x02, 0x07, 0xC0, 0x07, 0xE0, 0x00, 0x03,
    0xE0, 0x03, 0xE0, 0x00, 0x07, 0xE0, 0x03, 0xE0, 0x00, 0x1F, 0xE0, 0x01, 0xF0, 0x00, 0x0F, 0xF0,
    0x01, 0xF0, 0x00, 0x07, 0xFC, 0x00, 0xF8, 0x00, 0x00, 0x7F, 0x00, 0xF8, 0x00, 0x00, 0x07, 0xC0,
    0x7C, 0x00, 0x00, 0x03, 0xE0, 0x7C, 0x00, 0x00, 0x01, 0xF0, 0x7E, 0x00, 0x00, 0x00, 0xF8, 0x3E,
    0x00, 0x00, 0xF1, 0xF8, 0x3E, 0x00, 0x00, 0x7F, 0xFC, 0x1F, 0x07, 0xFF, 0x7F, 0xFC, 0x1F, 0x03,
    0xFF, 0x9F, 0xF8, 0x0F, 0x81, 0xFF, 0xC0, 0x00, 0x0F, 0x81, 0xE0, 0x00, 0x00, 0x07, 0xC0, 0xF0,
    0x00, 0x00, 0x07, 0xC0, 0x78, 0x00, 0x00, 0x07, 0xE0, 0x3C, 0x00, 0x00, 0x03, 0xE0, 0x1F, 0xF0,
    0x00, 0x03, 0xE0, 0x0F, 0xFE, 0x00, 0x01, 0xF0, 0x07, 0xFF, 0x80, 0x01, 0xF0, 0x00, 0x7F, 0xC0,
    0x00, 0xF8, 0x00, 0x03, 0xF0, 0x00, 0xF8, 0x00, 0x00, 0xF8, 0x00, 0xFC, 0x00, 0x00, 0x3C, 0x00,
    0x7C, 0x00, 0x00, 0x3E, 0x00, 0x7E, 0x00, 0x3C, 0x7F, 0x00, 0x3E, 0x00, 0x1F, 0xFF, 0x00, 0x3E,
    0x00, 0x1F, 0xFF, 0x00, 0x1F, 0x00, 0x07, 0xFE, 0x00, 0x00, 0x7C, 0x00, 0x0F, 0x80, 0x00, 0x7E,
    0x00, 0x07, 0xC0, 0x00, 0x7F, 0x00, 0x07, 0xC0, 0x00, 0x7F, 0x80, 0x07, 0xE0, 0x00, 0x7F, 0xC0,
    0x03, 0xE0, 0x00, 0x7F, 0xE0, 0x03, 0xF0, 0x00, 0x7D, 0xF0, 0x01, 0xF0, 0x00, 0x3C, 0xF8, 0x01,
    0xF0, 0x00, 0x3C, 0x7C, 0x00, 0xF8, 0x00, 0x3C, 0x3E, 0x00, 0xF8, 0x00, 0x1E, 0x1F, 0x00, 0x7C,
    0x00, 0x1F, 0xFF, 0xE0, 0x7C, 0x00, 0x0F, 0xFF, 0xF0, 0x7E, 0x00, 0x07, 0xFF, 0xF8, 0x3E, 0x00,
    0x00, 0x01, 0xF0, 0x3F, 0x00, 0x00, 0x00, 0xF8, 0x1F, 0x00, 0x00, 0x00, 0x7C, 0x1F, 0x07, 0xFF,
    0x00, 0x3E, 0x0F, 0x83, 0xFF, 0x80, 0x1F, 0x0F, 0x81, 0xFF, 0xC0, 0x00, 0x07, 0xC1, 0xE0, 0x00,
    0x00, 0x07, 0xC0, 0xF0, 0x00, 0x00, 0x07, 0xE0, 0x78, 0x00, 0x00, 0x03, 0xE0, 0x3C, 0x00, 0x00,
    0x03, 0xE0, 0x1F, 0xF0, 0x00, 0x01, 0xF0, 0x0F, 0xFE, 0x00, 0x01, 0xF0, 0x07, 0xFF, 0x80, 0x00,
    0xF8, 0x00, 0x7F, 0xC0, 0x00, 0xF8, 0x00, 0x03, 0xF0, 0x00, 0x7C, 0x00, 0x00, 0xF8, 0x00, 0x7C,
    0x00, 0x00, 0x3C, 0x00, 0x7E, 0x00, 0x00, 0x3E, 0x00, 0x3E, 0x00, 0x3C, 0x7F, 0x00, 0x3E, 0x00,
    0x1F, 0xFF, 0x00, 0x1F, 0x00, 0x1F, 0xFF, 0x00, 0x1F, 0x00, 0x07, 0xFE, 0x00, 0x03, 0xC0, 0x00,
    0x1F, 0x00, 0x03, 0xE0, 0x00, 0x1F, 0x00, 0x07, 0xF0, 0x00, 0x0F, 0x80, 0x0F, 0xF8, 0x00, 0x0F,
    0x80, 0x0F, 0xFC, 0x00, 0x0F, 0xC0, 0x03, 0xFE, 0x00, 0x07, 0xC0, 0x01, 0xCF, 0x00, 0x07, 0xC0,
    0x00, 0x07, 0x80, 0x03, 0xE0, 0x00, 0x03, 0xC0, 0x03, 0xE0, 0x00, 0x01, 0xE0, 0x01, 0xF0, 0x00,
    0x00, 0xF0, 0x01, 0xF0, 0x00, 0x00, 0x78, 0x00, 0xF8, 0x00, 0x00, 0x3C, 0x00, 0xF8, 0x00, 0x00,
    0x1E, 0x00, 0xFC, 0x00, 0x00, 0x0F, 0x00, 0x7C, 0x00, 0x00, 0x07, 0x80, 0x7C, 0x00, 0x00, 0x03,
    0xC0, 0x3E, 0x00, 0x7E, 0x01, 0xE0, 0x3E, 0x00, 0xFF, 0x00, 0xF0, 0x1F, 0x01, 0xFF, 0x80, 0x00,
    0x1F, 0x01, 0xFF, 0x00, 0x00, 0x0F, 0x81, 0xF8, 0x00, 0x00, 0x0F, 0x80, 0xF8, 0x00, 0x00, 0x0F,
    0xC0, 0xF8, 0x00, 0x00, 0x07, 0xC0, 0x7F, 0xF0, 0x00, 0x07, 0xC0, 0x7F, 0xFE, 0x00, 0x03, 0xE0,
    0x3F, 0xFF, 0x80, 0x03, 0xE0, 0x1F, 0x8F, 0xC0, 0x01, 0xF0, 0x0F, 0x01, 0xE0, 0x01, 0xF0, 0x07,
    0xC0, 0xF8, 0x01, 0xF8, 0x03, 0xE0, 0x7C, 0x00, 0xF8, 0x00, 0xF0, 0x3C, 0x00, 0xFC, 0x00, 0x7E,
    0x7E, 0x00, 0x7C, 0x00, 0x1F, 0xFE, 0x00, 0x7C, 0x00, 0x07, 0xFE, 0x00, 0x3E, 0x00, 0x01, 0xFE,
    0x00, 0x3F, 0xF8, 0x00, 0x1F, 0x00, 0x1F, 0xFC, 0x00, 0x0F, 0x80, 0x0F, 0xFE, 0x00, 0x0F, 0x80,
    0x07, 0x80, 0x00, 0x07, 0xC0, 0x03, 0xC0, 0x00, 0x07, 0xC0, 0x01, 0xC0, 0x00, 0x07, 0xE0, 0x01,
    0xE0, 0x00, 0x03, 0xE0, 0x00, 0xFF, 0x80, 0x03, 0xE0, 0x00, 0x7F, 0xF0, 0x01, 0xF0, 0x00, 0x3F,
    0xFC, 0x01, 0xF0, 0x00, 0x03, 0xFF, 0x00, 0xF8, 0x00, 0x00, 0x0F, 0x80, 0xF8, 0x00, 0x00, 0x03,
    0xC0, 0x7C, 0x00, 0x00, 0x01, 0xE0, 0x7C, 0x00, 0x00, 0x01, 0xF0, 0x7E, 0x00, 0x01, 0xE3, 0xF8,
    0x3E, 0x00, 0x00, 0xFF, 0xF8, 0x3E, 0x00, 0x7E, 0x7F, 0xF8, 0x1F, 0x00, 0xFF, 0x1F, 0xF8, 0x1F,
    0x01, 0xFF, 0x80, 0x00, 0x0F, 0x81, 0xFF, 0x00, 0x00, 0x0F, 0x81, 0xF8, 0x00, 0x00, 0x0F, 0xC0,
    0xF8, 0x00, 0x00, 0x07, 0xC0, 0xF8, 0x00, 0x00, 0x07, 0xE0, 0x7F, 0xF0, 0x00, 0x03, 0xE0, 0x7F,
    0xFE, 0x00, 0x03, 0xE0, 0x3F, 0xFF, 0x80, 0x01, 0xF0, 0x1F, 0x8F, 0xC0, 0x01, 0xF0, 0x0F, 0x01,
    0xE0, 0x00, 0xF8, 0x07, 0xC0, 0xF8, 0x00, 0xF8, 0x03, 0xE0, 0x7C, 0x00, 0xFC, 0x00, 0xF0, 0x3C,
    0x00, 0x7C, 0x00, 0x7E, 0x7E, 0x00, 0x7E, 0x00, 0x1F, 0xFE, 0x00, 0x3E, 0x00, 0x07, 0xFE, 0x00,
    0x3E, 0x00, 0x01, 0xFE, 0x00, 0x03, 0xC0, 0x00, 0x3E, 0x00, 0x03, 0xE0, 0x00, 0x3E, 0x00, 0x07,
    0xF0, 0x00, 0x3F, 0x00, 0x0F, 0xF8, 0x00, 0x1F, 0x00, 0x0F, 0xFC, 0x00, 0x1F, 0x80, 0x03, 0xFE,
    0x00, 0x0F, 0x80, 0x01, 0xCF, 0x00, 0x0F, 0x80, 0x00, 0x07, 0x80, 0x07, 0xC0, 0x00, 0x03, 0xC0,
    0x07, 0xC0, 0x00, 0x01, 0xE0, 0x03, 0xE0, 0x00, 0x00, 0xF0, 0x03, 0xE0, 0x00, 0x00, 0x78, 0x03,
    0xF0, 0x00, 0x00, 0x3C, 0x01, 0xF0, 0x00, 0x00, 0x1E, 0x01, 0xF8, 0x00, 0x00, 0x0F, 0x00, 0xF8,
    0x00, 0x00, 0x07, 0x80, 0xF8, 0x00, 0x00, 0x03, 0xC0, 0x7C, 0x07, 0xF8, 0x01, 0xE0, 0x7C, 0x0F,
    0xFE, 0x00, 0xF0, 0x3E, 0x0F, 0xFF, 0x80, 0x00, 0x3E, 0x07, 0xC7, 0xE0, 0x00, 0x3F, 0x03, 0xC1,
    0xF0, 0x00, 0x1F, 0x01, 0xE0, 0xF8, 0x00, 0x1F, 0x00, 0xF8, 0x78, 0x00, 0x0F, 0x80, 0x7F, 0xFC,
    0x00, 0x0F, 0x80, 0x1F, 0xFC, 0x00, 0x07, 0xC0, 0x0F, 0xFF, 0x00, 0x07, 0xC0, 0x0F, 0xFF, 0xC0,
    0x03, 0xE0, 0x07, 0x87, 0xE0, 0x03, 0xE0, 0x07, 0x80, 0xF0, 0x03, 0xF0, 0x03, 0xC0, 0x78, 0x01,
    0xF0, 0x01, 0xF0, 0x3C, 0x01, 0xF0, 0x00, 0xFC, 0x7E, 0x00, 0xF8, 0x00, 0x3F, 0xFE, 0x00, 0xF8,
    0x00, 0x0F, 0xFF, 0x00, 0x7C, 0x00, 0x03, 0xFE, 0x00, 0x1F, 0xE0, 0x00, 0x0F, 0x80, 0x1F, 0xFE,
    0x00, 0x07, 0xC0, 0x07, 0xFF, 0x80, 0x01, 0xF0, 0x01, 0xE3, 0xF0, 0x00, 0xF8, 0x00, 0x20, 0x7C,
    0x00, 0x7E, 0x00, 0x00, 0x1F, 0x00, 0x1F, 0x00, 0x00, 0x1F, 0x80, 0x0F, 0x80, 0x00, 0x3F, 0xC0,
    0x03, 0xE0, 0x00, 0x0F, 0xF0, 0x01, 0xF0, 0x00, 0x03, 0xFE, 0x00, 0x7C, 0x00, 0x00, 0x1F, 0xC0,
    0x3E, 0x00, 0x00, 0x00, 0xF8, 0x0F, 0x80, 0x00, 0x00, 0x3E, 0x07, 0xC0, 0x00, 0x00, 0x0F, 0x83,
    0xF0, 0x00, 0x00, 0x03, 0xE0, 0xF8, 0x00, 0x01, 0xE3, 0xF0, 0x7C, 0x00, 0x00, 0x7F, 0xFC, 0x1F,
    0x03, 0xFC, 0x3F, 0xFE, 0x0F, 0x83, 0xFF, 0x87, 0xFE, 0x03, 0xE1, 0xFF, 0xF0, 0x00, 0x01, 0xF0,
    0x7C, 0x7E, 0x00, 0x00, 0x7C, 0x1E, 0x0F, 0x80, 0x00, 0x3E, 0x07, 0x83, 0xE0, 0x00, 0x1F, 0x81,
    0xF0, 0xF0, 0x00, 0x07, 0xC0, 0x7F, 0xFC, 0x00, 0x03, 0xE0, 0x0F, 0xFE, 0x00, 0x00, 0xF8, 0x03,
    0xFF, 0xC0, 0x00, 0x7C, 0x01, 0xFF, 0xF8, 0x00, 0x1F, 0x00, 0x78, 0x7E, 0x00, 0x0F, 0x80, 0x3C,
    0x07, 0x80, 0x07, 0xE0, 0x0F, 0x01, 0xE0, 0x01, 0xF0, 0x03, 0xE0, 0x78, 0x00, 0xFC, 0x00, 0xFC,
    0x7E, 0x00, 0x3E, 0x00, 0x1F, 0xFF, 0x00, 0x1F, 0x00, 0x03, 0xFF, 0xC0, 0x07, 0xC0, 0x00, 0x7F,
    0xC0, 0x3F, 0xF8, 0x00, 0x1F, 0x00, 0x1F, 0xFC, 0x00, 0x1F, 0x00, 0x0F, 0xFE, 0x00, 0x0F, 0x80,
    0x07, 0x80, 0x00, 0x0F, 0x80, 0x03, 0xC0, 0x00, 0x0F, 0xC0, 0x01, 0xC0, 0x00, 0x07, 0xC0, 0x01,
    0xE0, 0x00, 0x07, 0xC0, 0x00, 0xFF, 0x80, 0x03, 0xE0, 0x00, 0x7F, 0xF0, 0x03, 0xE0, 0x00, 0x3F,
    0xFC, 0x01, 0xF0, 0x00, 0x03, 0xFF, 0x01, 0xF0, 0x00, 0x00, 0x0F, 0x80, 0xF8, 0x00, 0x00, 0x03,
    0xC0, 0xF8, 0x00, 0x00, 0x01, 0xE0, 0xFC, 0x00, 0x00, 0x01, 0xF0, 0x7C, 0x00, 0x01, 0xE3, 0xF8,
    0x7C, 0x00, 0x00, 0xFF, 0xF8, 0x3E, 0x07, 0xF8, 0x7F, 0xF8, 0x3E, 0x0F, 0xFE, 0x1F, 0xF8, 0x1F,
    0x0F, 0xFF, 0x80, 0x00, 0x1F, 0x07, 0xC7, 0xE0, 0x00, 0x0F, 0x83, 0xC1, 0xF0, 0x00, 0x0F, 0x81,
    0xE0, 0xF8, 0x00, 0x0F, 0xC0, 0xF8, 0x78, 0x00, 0x07, 0xC0, 0x7F, 0xFC, 0x00, 0x07, 0xC0, 0x1F,
    0xFC, 0x00, 0x03, 0xE0, 0x0F, 0xFF, 0x00, 0x03, 0xE0, 0x0F, 0xFF, 0xC0, 0x01, 0xF0, 0x07, 0x87,
    0xE0, 0x01, 0xF0, 0x07, 0x80, 0xF0, 0x01, 0xF8, 0x03, 0xC0, 0x78, 0x00, 0xF8, 0x01, 0xF0, 0x3C,
    0x00, 0xFC, 0x00, 0xFC, 0x7E, 0x00, 0x7C, 0x00, 0x3F, 0xFE, 0x00, 0x7C, 0x00, 0x0F, 0xFF, 0x00,
    0x3E, 0x00, 0x03, 0xFE, 0x00, 0xFF, 0xFF, 0x00, 0x3E, 0x00, 0x3F, 0xFF, 0xC0, 0x1F, 0x00, 0x0F,
    0xFF, 0xE0, 0x0F, 0xC0, 0x00, 0x00, 0xF8, 0x03, 0xE0, 0x00, 0x00, 0x7C, 0x01, 0xF8, 0x00, 0x00,
    0x3E, 0x00, 0x7C, 0x00, 0x00, 0x0F, 0x80, 0x3E, 0x00, 0x00, 0x07, 0xC0, 0x0F, 0x80, 0x00, 0x01,
    0xE0, 0x07, 0xC0, 0x00, 0x00, 0xF8, 0x01, 0xF0, 0x00, 0x00, 0x3C, 0x00, 0xF8, 0x00, 0x00, 0x1F,
    0x00, 0x7E, 0x00, 0x00, 0x07, 0x80, 0x1F, 0x00, 0x00, 0x01, 0xE0, 0x0F, 0xC0, 0x00, 0x00, 0xF8,
    0x03, 0xE0, 0x00, 0x00, 0x3C, 0x01, 0xF0, 0x00, 0x00, 0x0F, 0x00, 0x7C, 0x03, 0xFC, 0x03, 0xC0,
    0x3E, 0x03, 0xFF, 0x81, 0xF0, 0x0F, 0x81, 0xFF, 0xF0, 0x00, 0x07, 0xC0, 0x7C, 0x7E, 0x00, 0x03,
    0xF0, 0x1E, 0x0F, 0x80, 0x00, 0xF8, 0x07, 0x83, 0xE0, 0x00, 0x7C, 0x01, 0xF0, 0xF0, 0x00, 0x1F,
    0x00, 0x7F, 0xFC, 0x00, 0x0F, 0x80, 0x0F, 0xFE, 0x00, 0x03, 0xE0, 0x03, 0xFF, 0xC0, 0x01, 0xF0,
    0x01, 0xFF, 0xF8, 0x00, 0x7C, 0x00, 0x78, 0x7E, 0x00, 0x3E, 0x00, 0x3C, 0x07, 0x80, 0x1F, 0x80,
    0x0F, 0x01, 0xE0, 0x07, 0xC0, 0x03, 0xE0, 0x78, 0x03, 0xE0, 0x00, 0xFC, 0x7E, 0x00, 0xF8, 0x00,
    0x1F, 0xFF, 0x00, 0x7C, 0x00, 0x03, 0xFF, 0xC0, 0x1F, 0x00, 0x00, 0x7F, 0xC0, 0x0F, 0xFF, 0x00,
    0x1F, 0xFF, 0xE0, 0x07, 0xFF, 0xF8, 0x03, 0xFF, 0xFE, 0x01, 0xE1, 0xFF, 0x80, 0x00, 0x1F, 0xE0,
    0x00, 0x03, 0xF8, 0x00, 0x00, 0xFC, 0x00, 0x00, 0x3F, 0x00, 0x00, 0x1F, 0x80, 0x00, 0x07, 0xC0,
    0x00, 0x03, 0xE0, 0x00, 0x01, 0xF8, 0x07, 0xFC, 0xFC, 0x0F, 0xFF, 0xFE, 0x1F, 0xFF, 0xFF, 0x1F,
    0xFF, 0xFF, 0x8F, 0xF8, 0xFF, 0xCF, 0xE0, 0x0F, 0xEF, 0xE0, 0x03, 0xF7, 0xE0, 0x01, 0xFF, 0xE0,
    0x00, 0xFF, 0xF0, 0x00, 0x7F, 0xF0, 0x00, 0x3F, 0xF8, 0x00, 0x1F, 0x7C, 0x00, 0x0F, 0xBE, 0x00,
    0x07, 0xDF, 0x00, 0x07, 0xEF, 0x80, 0x03, 0xE7, 0xC0, 0x03, 0xF3, 0xF0, 0x01, 0xF9, 0xF8, 0x01,
    0xF8, 0x7E, 0x01, 0xFC, 0x3F, 0xE7, 0xFC, 0x0F, 0xFF, 0xFC, 0x03, 0xFF, 0xFC, 0x00, 0xFF, 0xFC,
    0x00, 0x1F, 0xF8, 0x00, 0x00, 0x07, 0xE0, 0x00, 0x00, 0x03, 0xF8, 0x00, 0x00, 0x01, 0xFC, 0x00,
    0x00, 0x01, 0xFE, 0x00, 0x00, 0x00, 0xFF, 0x80, 0x00, 0x00, 0xFF, 0xC0, 0x00, 0x00, 0x7F, 0xF0,
    0x00, 0x00, 0x7F, 0xF8, 0x00, 0x00, 0x3E, 0x7E, 0x00, 0x00, 0x3F, 0x3F, 0x00, 0x00, 0x1F, 0x8F,
    0xC0, 0x00, 0x0F, 0x87, 0xE0, 0x00, 0x0F, 0xC1, 0xF0, 0x00, 0x07, 0xC0, 0xFC, 0x00, 0x07, 0xE0,
    0x7E, 0x00, 0x03, 0xE0, 0x1F, 0x80, 0x03, 0xF0, 0x0F, 0xC0, 0x01, 0xF8, 0x03, 0xE0, 0x00, 0xF8,
    0x01, 0xF8, 0x00, 0xFC, 0x00, 0xFC, 0x00, 0x7E, 0x00, 0x3F, 0x00, 0x3E, 0x00, 0x1F, 0x80, 0x3F,
    0x00, 0x0F, 0xC0, 0x1F, 0x00, 0x03, 0xF0, 0x0F, 0x80, 0x01, 0xF8, 0x0F, 0xC0, 0x00, 0xFC, 0x07,
    0xC0, 0x00, 0x3F, 0x07, 0xE0, 0x00, 0x1F, 0x83, 0xF0, 0x00, 0x0F, 0xC1, 0xF0, 0x00, 0x03, 0xF1,
    0xF8, 0x00, 0x01, 0xF8, 0xFF, 0xFF, 0xFF, 0xFC, 0x7F, 0xFF, 0xFF, 0xFF, 0x3F, 0xFF, 0xFF, 0xFF,
    0xBF, 0xFF, 0xFF, 0xFF, 0xC0, 0xFF, 0xFF, 0xFF, 0xFF, 0xFF, 0xFF, 0xFF, 0xFF, 0xFF, 0xFF, 0xFF,
    0xFF, 0xFF, 0xFF, 0xC0, 0x00, 0x7F, 0xF8, 0x00, 0x0F, 0xFF, 0x00, 0x01, 0xFF, 0xE0, 0x00, 0x3F,
    0xFC, 0x00, 0x07, 0xFF, 0x80, 0x00, 0xFF, 0xF0, 0x00, 0x1F, 0xFE, 0x00, 0x03, 0xFF, 0xC0, 0x00,
    0x7F, 0xF8, 0x00, 0x0F, 0xFF, 0x00, 0x01, 0xFF, 0xE0, 0x00, 0x3F, 0xFC, 0x00, 0x07, 0xFF, 0x80,
    0x00, 0xFF, 0xF0, 0x00, 0x1F, 0xFE, 0x00, 0x03, 0xFF, 0xC0, 0x00, 0x7F, 0xF8, 0x00, 0x0F, 0xFF,
    0x00, 0x01, 0xFF, 0xE0, 0x00, 0x3F, 0xFC, 0x00, 0x07, 0xFF, 0x80, 0x00, 0xFF, 0xF0, 0x00, 0x1F,
    0xFE, 0x00, 0x03, 0xFF, 0xC0, 0x00, 0x7F, 0xF8, 0x00, 0x0F, 0xFF, 0x00, 0x01, 0xFF, 0xE0, 0x00,
    0x3F, 0xFC, 0x00, 0x07, 0xFF, 0x80, 0x00, 0xFF, 0xF0, 0x00, 0x1F, 0xFE, 0x00, 0x03, 0xFF, 0xC0,
    0x00, 0x7F, 0xF8, 0x00, 0x0F, 0xFF, 0x00, 0x01, 0xFF, 0xE0, 0x00, 0x3F, 0x7F, 0xFF, 0xFF, 0xBF,
    0xFF, 0xFF, 0xDF, 0xFF, 0xFF, 0xEF, 0xFF, 0xFF, 0xF3, 0xF0, 0x00, 0x01, 0xFC, 0x00, 0x00, 0x7E,
    0x00, 0x00, 0x1F, 0x80, 0x00, 0x0F, 0xE0, 0x00, 0x03, 0xF0, 0x00, 0x00, 0xFC, 0x00, 0x00, 0x7F,
    0x00, 0x00, 0x1F, 0x80, 0x00, 0x07, 0xE0, 0x00, 0x01, 0xF8, 0x00, 0x00, 0xFC, 0x00, 0x00, 0x3F,
    0x00, 0x00, 0x0F, 0xC0, 0x00, 0x07, 0xF0, 0x00, 0x01, 0xF8, 0x00, 0x01, 0xFC, 0x00, 0x01, 0xFC,
    0x00, 0x00, 0xFC, 0x00, 0x00, 0xFC, 0x00, 0x00, 0xFE, 0x00, 0x00, 0x7E, 0x00, 0x00, 0x7E, 0x00,
    0x00, 0x7E, 0x00, 0x00, 0x3F, 0x00, 0x00, 0x3F, 0x00, 0x00, 0x3F, 0x00, 0x00, 0x1F, 0x80, 0x00,
    0x1F, 0x80, 0x00, 0x1F, 0x80, 0x00, 0x0F, 0xC0, 0x00, 0x0F, 0xC0, 0x00, 0x07, 0xFF, 0xFF, 0xFB,
    0xFF, 0xFF, 0xFD, 0xFF, 0xFF, 0xFE, 0xFF, 0xFF, 0xFF, 0xFF, 0xFF, 0xFF, 0xFF, 0xFF, 0xFF, 0xFF,
    0xFF, 0xFF, 0xFF, 0xFF, 0xFF, 0x00, 0x00, 0x0F, 0x80, 0x00, 0x0F, 0x80, 0x00, 0x0F, 0xC0, 0x00,
    0x07, 0xC0, 0x00, 0x07, 0xC0, 0x00, 0x03, 0xE0, 0x00, 0x03, 0xE0, 0x00, 0x01, 0xF0, 0x00, 0x01,
    0xF0, 0x00, 0x01, 0xF8, 0x00, 0x00, 0xF8, 0x00, 0x00, 0xFC, 0x00, 0x00, 0x7C, 0x00, 0x00, 0x7C,
    0x00, 0x00, 0x3E, 0x00, 0x00, 0x3E, 0x00, 0x00, 0x1F, 0x00, 0x00, 0x1F, 0x00, 0x00, 0x1F, 0x80,
    0x00, 0x0F, 0x80, 0x00, 0x0F, 0xC0, 0x00, 0x07, 0xC0, 0x00, 0x07, 0xC0, 0x00, 0x03, 0xE0, 0x00,
    0x03, 0xE0, 0x00, 0x01, 0xF0, 0x00, 0x01, 0xF0, 0x00, 0x01, 0xF8, 0x00, 0x00, 0xF8, 0x00, 0x00,
    0xF8, 0x00, 0x00, 0x7C, 0x00, 0x00, 0x7C, 0x00, 0x00, 0x3E, 0x00, 0x00, 0x3E, 0x00, 0x00, 0x1F,
    0x00, 0x00, 0x00, 0x3E, 0x7E, 0x7F, 0xFF, 0x7F, 0x7E, 0x3E, 0x00, 0x00, 0x00, 0xF8, 0x00, 0x00,
    0x07, 0xC0, 0x00, 0x00, 0x3C, 0x00, 0x00, 0x03, 0xE0, 0x00, 0x00, 0x1F, 0x00, 0x00, 0x00, 0xF8,
    0x00, 0x00, 0x0F, 0x80, 0x00, 0x00, 0x7C, 0x00, 0x00, 0x03, 0xE0, 0x00, 0x00, 0x1E, 0x00, 0x00,
    0x01, 0xF0, 0x00, 0x00, 0x0F, 0x80, 0x00, 0x00, 0x7C, 0x00, 0x00, 0x07, 0xC0, 0x00, 0x00, 0x3E,
    0x00, 0x00, 0x01, 0xF0, 0x00, 0x00, 0x0F, 0x00, 0x00, 0x00, 0xF8, 0x00, 0x00, 0x07, 0xC0, 0x07,
    0x00, 0x3C, 0x00, 0xFC, 0x03, 0xE0, 0x3F, 0xE0, 0x1F, 0x03, 0xFF, 0x80, 0xF8, 0x0F, 0xFC, 0x07,
    0x80, 0x7F, 0xF0, 0x7C, 0x03, 0xFF, 0x83, 0xE0, 0x18, 0xFC, 0x1E, 0x00, 0x03, 0xF1, 0xF0, 0x00,
    0x1F, 0x8F, 0x80, 0x00, 0x7E, 0x7C, 0x00, 0x03, 0xF3, 0xC0, 0x00, 0x0F, 0xBE, 0x00, 0x00, 0x7F,
    0xF0, 0x00, 0x01, 0xFF, 0x00, 0x00, 0x0F, 0xF8, 0x00, 0x00, 0x3F, 0xC0, 0x00, 0x01, 0xFC, 0x00,
    0x00, 0x0F, 0xE0, 0x00, 0x00, 0x3F, 0x00, 0x00, 0x01, 0xF8, 0x00, 0x0F, 0xE0, 0x7E, 0x07, 0xFE,
    0x3F, 0xF0, 0xFF, 0xEF, 0xFF, 0x3F, 0xFF, 0xFF, 0xE7, 0xE7, 0xFE, 0x7F, 0xF0, 0x3F, 0x07, 0xFE,
    0x07, 0xC0, 0x7F, 0xC0, 0xF8, 0x0F, 0xF8, 0x1F, 0x83, 0xEF, 0xCF, 0xFC, 0xFD, 0xFF, 0xFF, 0xFF,
    0x1F, 0xFD, 0xFF, 0xE3, 0xFF, 0x1F, 0xF8, 0x1F, 0xC0, 0xFE, 0x00, 0x00, 0x0F, 0xC0, 0x07, 0xF8,
    0x01, 0xFF, 0x00, 0x7F, 0xE0, 0x0F, 0xF0, 0x03, 0xF8, 0x00, 0x7E, 0x00, 0x0F, 0x80, 0x01, 0xF0,
    0x00, 0x3E, 0x00, 0x07, 0xC0, 0x00, 0xF8, 0x00, 0x1F, 0x00, 0x03, 0xE0, 0x00, 0x7C, 0x00, 0x0F,
    0x80, 0x01, 0xF0, 0x00, 0x3E, 0x00, 0x07, 0xC0, 0x00, 0xF8, 0x00, 0x1F, 0x00, 0x03, 0xE0, 0x00,
    0x7C, 0x00, 0x0F, 0x80, 0x01, 0xF0, 0x00, 0x3E, 0x00, 0x07, 0xC0, 0x00, 0xF8, 0x00, 0x1F, 0x00,
    0x03, 0xE0, 0x00, 0x7C, 0x00, 0x0F, 0x80, 0x01, 0xF0, 0x00, 0x3E, 0x00, 0x07, 0xC0, 0x00, 0xF8,
    0x00, 0x1F, 0x00, 0x07, 0xE0, 0x00, 0xFC, 0x00, 0x1F, 0x80, 0x03, 0xE0, 0x00, 0xFC, 0x00, 0xFF,
    0x80, 0x7F, 0xE0, 0x0F, 0xF8, 0x01, 0xFE, 0x00, 0x3F, 0x00, 0x00, 0x0F, 0xC0, 0x0F, 0x3F, 0xF0,
    0x0F, 0x3F, 0xFC, 0x1F, 0x7F, 0xFF, 0x3F, 0x7C, 0xFF, 0xFE, 0xF8, 0x3F, 0xFE, 0xF0, 0x0F, 0xFC,
    0xF0, 0x03, 0xF0, 0x00, 0x00, 0x00, 0x00, 0x00, 0x00, 0x0F, 0xC0, 0x0F, 0x3F, 0xF0, 0x0F, 0x3F,
    0xFC, 0x1F, 0x7F, 0xFF, 0x3F, 0x7C, 0xFF, 0xFE, 0xF8, 0x3F, 0xFE, 0xF0, 0x0F, 0xFC, 0xF0, 0x03,
    0xF0, 0x00, 0x00, 0xE0, 0x00, 0x00, 0xF0, 0x00, 0x01, 0xF0, 0x00, 0x01, 0xF0, 0x00, 0x03, 0xE0,
    0x00, 0x03, 0xE0, 0x00, 0x03, 0xE0, 0xFF, 0xFF, 0xFF, 0xFF, 0xFF, 0xFF, 0xFF, 0xFF, 0xFF, 0xFF,
    0xFF, 0xFF, 0x00, 0x1F, 0x00, 0x00, 0x1F, 0x00, 0x00, 0x3E, 0x00, 0x00, 0x3E, 0x00, 0x00, 0x7C,
    0x00, 0x00, 0x7C, 0x00, 0x00, 0xF8, 0x00, 0xFF, 0xFF, 0xFF, 0xFF, 0xFF, 0xFF, 0xFF, 0xFF, 0xFF,
    0xFF, 0xFF, 0xFF, 0x03, 0xE0, 0x00, 0x07, 0xC0, 0x00, 0x07, 0xC0, 0x00, 0x0F, 0x80, 0x00, 0x0F,
    0x80, 0x00, 0x0F, 0x00, 0x00, 0x03, 0x00, 0x00, 0x00, 0x00, 0x0E, 0x00, 0x00, 0x3E, 0x00, 0x00,
    0xFE, 0x00, 0x07, 0xFF, 0x00, 0x1F, 0xFE, 0x00, 0x7F, 0xF0, 0x01, 0xFF, 0xC0, 0x0F, 0xFF, 0x00,
    0x3F, 0xFC, 0x00, 0xFF, 0xE0, 0x00, 0xFF, 0x80, 0x00, 0xFE, 0x00, 0x00, 0xFF, 0x80, 0x00, 0xFF,
    0xE0, 0x00, 0x3F, 0xFC, 0x00, 0x0F, 0xFF, 0x00, 0x01, 0xFF, 0xC0, 0x00, 0x7F, 0xF0, 0x00, 0x1F,
    0xFE, 0x00, 0x07, 0xFF, 0x00, 0x00, 0xFF, 0x00, 0x00, 0x3E, 0x00, 0x00, 0x0E, 0x00, 0x00, 0x00,
    0x00, 0x00, 0x00, 0xFF, 0xFF, 0xFF, 0xFF, 0xFF, 0xFF, 0xFF, 0xFF, 0xFF, 0xFF, 0xFF, 0xFF, 0x70,
    0x00, 0x00, 0x7C, 0x00, 0x00, 0x7F, 0x80, 0x00, 0xFF, 0xE0, 0x00, 0x3F, 0xF8, 0x00, 0x0F, 0xFE,
    0x00, 0x03, 0xFF, 0xC0, 0x00, 0xFF, 0xF0, 0x00, 0x1F, 0xFC, 0x00, 0x07, 0xFF, 0x00, 0x01, 0xFF,
    0x00, 0x00, 0x7F, 0x00, 0x01, 0xFF, 0x00, 0x07, 0xFF, 0x00, 0x1F, 0xFC, 0x00, 0xFF, 0xF0, 0x03,
    0xFF, 0xC0, 0x0F, 0xFE, 0x00, 0x3F, 0xF8, 0x00, 0xFF, 0xE0, 0x00, 0x7F, 0x80, 0x00, 0x7C, 0x00,
    0x00, 0x70, 0x00, 0x00, 0x00, 0x00, 0x00, 0x00, 0x00, 0x00, 0xFF, 0xFF, 0xFF, 0xFF, 0xFF, 0xFF,
    0xFF, 0xFF, 0xFF, 0xFF, 0xFF, 0xFF, 0x07, 0xFF, 0x00, 0x7F, 0xE1, 0xFF, 0xF0, 0x1F, 0xFE, 0x3F,
    0xFF, 0x03, 0xFF, 0xE7, 0xFF, 0xF0, 0x7F, 0xFE, 0x7F, 0x8E, 0x0F, 0xF0, 0xEF, 0xE0, 0x00, 0xFC,
    0x00, 0xFC, 0x00, 0x0F, 0x80, 0x0F, 0x80, 0x01, 0xF8, 0x00, 0xF8, 0x00, 0x1F, 0x80, 0x0F, 0x80,
    0x01, 0xF8, 0x00, 0xF8, 0x00, 0x1F, 0x80, 0x0F, 0x80, 0x01, 0xF8, 0x00, 0xFF, 0xFE, 0x1F, 0xFF,
    0xEF, 0xFF, 0xE1, 0xFF, 0xFE, 0xFF, 0xFE, 0x1F, 0xFF, 0xEF, 0xFF, 0xE1, 0xFF, 0xFE, 0xF8, 0x00,
    0x1F, 0x80, 0x0F, 0x80, 0x01, 0xF8, 0x00, 0xF8, 0x00, 0x1F, 0x80, 0x0F, 0x80, 0x01, 0xF8, 0x00,
    0xF8, 0x00, 0x1F, 0x80, 0x0F, 0x80, 0x01, 0xF8, 0x00, 0xF8, 0x00, 0x1F, 0x80, 0x0F, 0x80, 0x01,
    0xF8, 0x00, 0xF8, 0x00, 0x1F, 0x80, 0x0F, 0x80, 0x01, 0xF8, 0x00, 0xF8, 0x00, 0x1F, 0x80, 0x0F,
    0x80, 0x01, 0xF8, 0x00, 0xF8, 0x00, 0x1F, 0x80, 0x0F, 0x80, 0x01, 0xF8, 0x00, 0xF8, 0x00, 0x1F,
    0x80, 0x0F, 0x80, 0x01, 0xF8, 0x00, 0xF8, 0x00, 0x1F, 0x80, 0x0F, 0x80, 0x01, 0xF8, 0x00, 0xF8,
    0x00, 0x1F, 0x80, 0x0F, 0x80, 0x01, 0xF8, 0x00, 0xF8, 0x00, 0x1F, 0x80, 0x0F, 0x80, 0x01, 0xF8,
    0x00, 0x07, 0xFE, 0x00, 0x0F, 0xFF, 0x0F, 0x8F, 0xFF, 0x87, 0xEF, 0xFF, 0xC7, 0xF7, 0xF8, 0xE1,
    0xFF, 0xF0, 0x00, 0xFB, 0xF0, 0x00, 0x01, 0xF0, 0x00, 0x00, 0xF8, 0x00, 0x00, 0x7C, 0x00, 0x00,
    0x3E, 0x00, 0x00, 0x1F, 0x00, 0x00, 0x0F, 0xFF, 0xE1, 0xFF, 0xFF, 0xF0, 0xFF, 0xFF, 0xF8, 0x7F,
    0xFF, 0xFC, 0x3F, 0xF8, 0x00, 0x1F, 0xFC, 0x00, 0x0F, 0xFE, 0x00, 0x07, 0xFF, 0x00, 0x03, 0xFF,
    0x80, 0x01, 0xFF, 0xC0, 0x00, 0xFF, 0xE0, 0x00, 0x7F, 0xF0, 0x00, 0x3F, 0xF8, 0x00, 0x1F, 0xFC,
    0x00, 0x0F, 0xFE, 0x00, 0x07, 0xFF, 0x00, 0x03, 0xFF, 0x80, 0x01, 0xFF, 0xC0, 0x00, 0xFF, 0xE0,
    0x00, 0x7F, 0xF0, 0x00, 0x3F, 0xF8, 0x00, 0x1F, 0xFC, 0x00, 0x0F, 0xFE, 0x00, 0x07, 0xFF, 0x00,
    0x03, 0xFF, 0x80, 0x01, 0xFF, 0xC0, 0x00, 0xFC, 0x07, 0xFE, 0x1F, 0x01, 0xFF, 0xE1, 0xF0, 0x3F,
    0xFE, 0x1F, 0x07, 0xFF, 0xE1, 0xF0, 0x7F, 0x8E, 0x1F, 0x0F, 0xE0, 0x01, 0xF0, 0xFC, 0x00, 0x1F,
    0x0F, 0x80, 0x01, 0xF0, 0xF8, 0x00, 0x1F, 0x0F, 0x80, 0x01, 0xF0, 0xF8, 0x00, 0x1F, 0x0F, 0x80,
    0x01, 0xF0, 0xFF, 0xFE, 0x1F, 0x0F, 0xFF, 0xE1, 0xF0, 0xFF, 0xFE, 0x1F, 0x0F, 0xFF, 0xE1, 0xF0,
    0xF8, 0x00, 0x1F, 0x0F, 0x80, 0x01, 0xF0, 0xF8, 0x00, 0x1F, 0x0F, 0x80, 0x01, 0xF0, 0xF8, 0x00,
    0x1F, 0x0F, 0x80, 0x01, 0xF0, 0xF8, 0x00, 0x1F, 0x0F, 0x80, 0x01, 0xF0, 0xF8, 0x00, 0x1F, 0x0F,
    0x80, 0x01, 0xF0, 0xF8, 0x00, 0x1F, 0x0F, 0x80, 0x01, 0xF0, 0xF8, 0x00, 0x1F, 0x0F, 0x80, 0x01,
    0xF0, 0xF8, 0x00, 0x1F, 0x0F, 0x80, 0x01, 0xF8, 0xF8, 0x00, 0x1F, 0x8F, 0x80, 0x01, 0xFE, 0xF8,
    0x00, 0x0F, 0xFF, 0x80, 0x00, 0xFF, 0xF8, 0x00, 0x07, 0xFF, 0x80, 0x00, 0x1F, 0x07, 0xFF, 0x00,
    0x7F, 0xE0, 0x00, 0xFF, 0xF8, 0x0F, 0xFF, 0x0F, 0x8F, 0xFF, 0xC0, 0xFF, 0xF8, 0xFC, 0xFF, 0xFE,
    0x0F, 0xFF, 0x87, 0xF7, 0xF8, 0xE0, 0xFF, 0x0C, 0x3F, 0x7F, 0x00, 0x07, 0xE0, 0x00, 0xFB, 0xF0,
    0x00, 0x3E, 0x00, 0x00, 0x1F, 0x00, 0x03, 0xF0, 0x00, 0x00, 0xF8, 0x00, 0x1F, 0x80, 0x00, 0x07,
    0xC0, 0x00, 0xFC, 0x00, 0x00, 0x3E, 0x00, 0x07, 0xE0, 0x00, 0x01, 0xF0, 0x00, 0x3F, 0x00, 0x00,
    0x0F, 0xFF, 0xE1, 0xFF, 0xFE, 0x1F, 0x7F, 0xFF, 0x0F, 0xFF, 0xF0, 0xFB, 0xFF, 0xF8, 0x7F, 0xFF,
    0x87, 0xDF, 0xFF, 0xC3, 0xFF, 0xFC, 0x3E, 0xF8, 0x00, 0x1F, 0x80, 0x01, 0xF7, 0xC0, 0x00, 0xFC,
    0x00, 0x0F, 0xBE, 0x00, 0x07, 0xE0, 0x00, 0x7D, 0xF0, 0x00, 0x3F, 0x00, 0x03, 0xEF, 0x80, 0x01,
    0xF8, 0x00, 0x1F, 0x7C, 0x00, 0x0F, 0xC0, 0x00, 0xFB, 0xE0, 0x00, 0x7E, 0x00, 0x07, 0xDF, 0x00,
    0x03, 0xF0, 0x00, 0x3E, 0xF8, 0x00, 0x1F, 0x80, 0x01, 0xF7, 0xC0, 0x00, 0xFC, 0x00, 0x0F, 0xBE,
    0x00, 0x07, 0xE0, 0x00, 0x7D, 0xF0, 0x00, 0x3F, 0x00, 0x03, 0xEF, 0x80, 0x01, 0xF8, 0x00, 0x1F,
    0x7C, 0x00, 0x0F, 0xC0, 0x00, 0xFB, 0xE0, 0x00, 0x7E, 0x00, 0x07, 0xDF, 0x00, 0x03, 0xF0, 0x00,
    0x3E, 0xF8, 0x00, 0x1F, 0x80, 0x01, 0xF7, 0xC0, 0x00, 0xFC, 0x00, 0x0F, 0xBE, 0x00, 0x07, 0xE0,
    0x00, 0x7D, 0xF0, 0x00, 0x3F, 0x00, 0x03, 0xEF, 0x80, 0x01, 0xF8, 0x00, 0x1F, 0x7C, 0x00, 0x0F,
    0xC0, 0x00, 0xF8, 0x07, 0xFF, 0x00, 0x7F, 0xE1, 0xF0, 0x1F, 0xFF, 0x01, 0xFF, 0xE1, 0xF0, 0x3F,
    0xFF, 0x03, 0xFF, 0xE1, 0xF0, 0x7F, 0xFF, 0x07, 0xFF, 0xC1, 0xF0, 0x7F, 0x8E, 0x0F, 0xF0, 0xC1,
    0xF0, 0xFE, 0x00, 0x0F, 0xC0, 0x01, 0xF0, 0xFC, 0x00, 0x0F, 0x80, 0x01, 0xF0, 0xF8, 0x00, 0x1F,
    0x80, 0x01, 0xF0, 0xF8, 0x00, 0x1F, 0x80, 0x01, 0xF0, 0xF8, 0x00, 0x1F, 0x80, 0x01, 0xF0, 0xF8,
    0x00, 0x1F, 0x80, 0x01, 0xF0, 0xF8, 0x00, 0x1F, 0x80, 0x01, 0xF0, 0xFF, 0xFE, 0x1F, 0xFF, 0xE1,
    0xF0, 0xFF, 0xFE, 0x1F, 0xFF, 0xE1, 0xF0, 0xFF, 0xFE, 0x1F, 0xFF, 0xE1, 0xF0, 0xFF, 0xFE, 0x1F,
    0xFF, 0xE1, 0xF0, 0xF8, 0x00, 0x1F, 0x80, 0x01, 0xF0, 0xF8, 0x00, 0x1F, 0x80, 0x01, 0xF0, 0xF8,
    0x00, 0x1F, 0x80, 0x01, 0xF0, 0xF8, 0x00, 0x1F, 0x80, 0x01, 0xF0, 0xF8, 0x00, 0x1F, 0x80, 0x01,
    0xF0, 0xF8, 0x00, 0x1F, 0x80, 0x01, 0xF0, 0xF8, 0x00, 0x1F, 0x80, 0x01, 0xF0, 0xF8, 0x00, 0x1F,
    0x80, 0x01, 0xF0, 0xF8, 0x00, 0x1F, 0x80, 0x01, 0xF0, 0xF8, 0x00, 0x1F, 0x80, 0x01, 0xF0, 0xF8,
    0x00, 0x1F, 0x80, 0x01, 0xF0, 0xF8, 0x00, 0x1F, 0x80, 0x01, 0xF0, 0xF8, 0x00, 0x1F, 0x80, 0x01,
    0xF0, 0xF8, 0x00, 0x1F, 0x80, 0x01, 0xF0, 0xF8, 0x00, 0x1F, 0x80, 0x01, 0xF0, 0xF8, 0x00, 0x1F,
    0x80, 0x01, 0xF0, 0xF8, 0x00, 0x1F, 0x80, 0x01, 0xF0, 0xF8, 0x00, 0x1F, 0x80, 0x01, 0xFE, 0xF8,
    0x00, 0x1F, 0x80, 0x01, 0xFF, 0xF8, 0x00, 0x1F, 0x80, 0x00, 0xFF, 0xF8, 0x00, 0x1F, 0x80, 0x00,
    0x7E, 0xF8, 0x00, 0x1F, 0x80, 0x00, 0x3E,
};

static const EpdGlyph ubuntu_24_regularGlyphs[] = {
    { 0, 0, 185, 0, 0, 0, 0 }, // U+0020
    { 8, 35, 221, 3, 35, 35, 0 }, // !
    { 15, 13, 334, 3, 39, 25, 35 }, // "
    { 29, 35, 534, 2, 35, 127, 60 }, // #
    { 22, 45, 451, 3, 39, 124, 187 }, // $
    { 39, 35, 686, 2, 35, 171, 311 }, // %
    { 31, 35, 533, 2, 35, 136, 482 }, // &
    { 6, 13, 193, 3, 39, 10, 618 }, // '
    { 13, 48, 259, 3, 39, 78, 628 }, // (
    { 13, 48, 259, 0, 39, 78, 706 }, // )
    { 22, 19, 384, 1, 35, 53, 784 }, // *
    { 24, 24, 451, 2, 27, 72, 837 }, // +
    { 8, 14, 197, 1, 6, 14, 909 }, // ,
    { 13, 4, 239, 1, 17, 7, 923 }, // -
    { 8, 7, 197, 2, 7, 7, 930 }, // .
    { 23, 48, 307, -2, 39, 138, 937 }, // /
    { 24, 35, 451, 2, 35, 105, 1075 }, // 0
    { 15, 35, 451, 4, 35, 66, 1180 }, // 1
    { 23, 35, 451, 2, 35, 101, 1246 }, // 2
    { 23, 35, 451, 2, 35, 101, 1347 }, // 3
    { 25, 35, 451, 2, 35, 110, 1448 }, // 4
    { 22, 35, 451, 3, 35, 97, 1558 }, // 5
    { 23, 35, 451, 3, 35, 101, 1655 }, // 6
    { 23, 35, 451, 3, 35, 101, 1756 }, // 7
    { 24, 35, 451, 2, 35, 105, 1857 }, // 8
    { 24, 35, 451, 2, 35, 105, 1962 }, // 9
    { 8, 27, 197, 2, 27, 27, 2067 }, // :
    { 9, 35, 197, 1, 27, 40, 2094 }, // ;
    { 24, 23, 451, 2, 26, 69, 2134 }, // <
    { 24, 15, 451, 2, 22, 45, 2203 }, // =
    { 24, 23, 451, 2, 26, 69, 2248 }, // >
    { 19, 35, 323, 0, 35, 84, 2317 }, // ?
    { 42, 43, 760, 3, 35, 226, 2401 }, // @
    { 33, 35, 530, 0, 35, 145, 2627 }, // A
    { 26, 35, 514, 4, 35, 114, 2772 }, // B
    { 28, 35, 496, 2, 35, 123, 2886 }, // C
    { 29, 35, 570, 4, 35, 127, 3009 }, // D
    { 23, 35, 457, 4, 35, 101, 3136 }, // E
    { 22, 35, 430, 4, 35, 97, 3237 }, // F
    { 29, 35, 538, 2, 35, 127, 3334 }, // G
    { 27, 35, 564, 4, 35, 119, 3461 }, // H
    { 6, 35, 215, 4, 35, 27, 3580 }, // I
    { 21, 35, 400, 0, 35, 92, 3607 }, // J
    { 28, 35, 503, 4, 35, 123, 3699 }, // K
    { 22, 35, 415, 4, 35, 97, 3822 }, // L
    { 38, 35, 697, 3, 35, 167, 3919 }, // M
    { 29, 35, 582, 4, 35, 127, 4086 }, // N
    { 34, 35, 622, 2, 35, 149, 4213 }, // O
    { 25, 35, 486, 4, 35, 110, 4362 }, // P
    { 34, 44, 622, 2, 35, 187, 4472 }, // Q
    { 27, 35, 503, 4, 35, 119, 4659 }, // R
    { 25, 35, 426, 1, 35, 110, 4778 }, // S
    { 28, 35, 452, 0, 35, 123, 4888 }, // T
    { 27, 35, 550, 4, 35, 119, 5011 }, // U
    { 33, 35, 525, 0, 35, 145, 5130 }, // V
    { 45, 35, 743, 1, 35, 197, 5275 }, // W
    { 30, 35, 505, 1, 35, 132, 5472 }, // X
    { 30, 35, 478, 0, 35, 132, 5604 }, // Y
    { 26, 35, 458, 1, 35, 114, 5736 }, // Z
    { 13, 48, 263, 4, 39, 78, 5850 }, // [
    { 23, 48, 307, -2, 39, 138, 5928 }, // <backslash>
    { 12, 48, 263, 0, 39, 72, 6066 }, // ]
    { 24, 19, 451, 2, 35, 57, 6138 }, // ^
    { 26, 4, 394, -1, -5, 13, 6195 }, // _
    { 10, 10, 301, 3, 39, 13, 6208 }, // `
    { 21, 26, 418, 2, 26, 69, 6221 }, // a
    { 23, 38, 471, 4, 38, 110, 6290 }, // b
    { 21, 26, 372, 2, 26, 69, 6400 }, // c
    { 24, 38, 471, 2, 38, 114, 6469 }, // d
    { 24, 26, 447, 2, 26, 78, 6583 }, // e
    { 16, 38, 309, 4, 38, 76, 6661 }, // f
    { 23, 35, 462, 2, 26, 101, 6737 }, // g
    { 21, 38, 457, 4, 38, 100, 6838 }, // h
    { 7, 37, 202, 3, 37, 33, 6938 }, // i
    { 14, 46, 202, -4, 37, 81, 6971 }, // j
    { 22, 38, 418, 4, 38, 105, 7052 }, // k
    { 10, 38, 218, 3, 38, 48, 7157 }, // l
    { 36, 26, 689, 4, 26, 117, 7205 }, // m
    { 21, 26, 459, 4, 26, 69, 7322 }, // n
    { 25, 26, 472, 2, 26, 82, 7391 }, // o
    { 23, 35, 471, 4, 26, 101, 7473 }, // p
    { 24, 35, 471, 2, 26, 105, 7574 }, // q
    { 15, 26, 309, 4, 26, 49, 7679 }, // r
    { 19, 26, 357, 2, 26, 62, 7728 }, // s
    { 17, 34, 322, 3, 34, 73, 7790 }, // t
    { 22, 26, 459, 3, 26, 72, 7863 }, // u
    { 25, 26, 402, 0, 26, 82, 7935 }, // v
    { 38, 26, 622, 0, 26, 124, 8017 }, // w
    { 25, 26, 409, 0, 26, 82, 8141 }, // x
    { 24, 35, 398, 0, 26, 105, 8223 }, // y
    { 21, 26, 377, 1, 26, 69, 8328 }, // z
    { 15, 48, 266, 2, 39, 90, 8397 }, // {
    { 6, 48, 223, 4, 39, 36, 8487 }, // |
    { 15, 48, 266, 0, 39, 90, 8523 }, // }
    { 24, 8, 451, 2, 19, 24, 8613 }, // ~
    { 0, 0, 185, 0, 0, 0, 8637 }, // U+00A0
    { 8, 35, 221, 3, 26, 35, 8637 }, // U+00A1
    { 20, 40, 451, 4, 33, 100, 8672 }, // U+00A2
    { 23, 35, 451, 3, 35, 101, 8772 }, // U+00A3
    { 24, 23, 451, 2, 29, 69, 8873 }, // U+00A4
    { 28, 35, 451, 0, 35, 123, 8942 }, // U+00A5
    { 6, 48, 223, 4, 39, 36, 9065 }, // U+00A6
    { 21, 41, 394, 2, 37, 108, 9101 }, // U+00A7
    { 17, 6, 301, 1, 37, 13, 9209 }, // U+00A8
    { 35, 35, 651, 3, 35, 154, 9222 }, // U+00A9
    { 16, 19, 311, 1, 35, 38, 9376 }, // U+00AA
    { 22, 23, 399, 1, 26, 64, 9414 }, // U+00AB
    { 24, 17, 451, 2, 20, 51, 9478 }, // U+00AC
    { 13, 4, 239, 1, 17, 7, 9529 }, // U+00AD
    { 35, 35, 651, 3, 35, 154, 9536 }, // U+00AE
    { 15, 4, 301, 2, 36, 8, 9690 }, // U+00AF
    { 15, 13, 266, 1, 38, 25, 9698 }, // U+00B0
    { 24, 30, 451, 2, 30, 90, 9723 }, // U+00B1
    { 15, 19, 287, 1, 35, 36, 9813 }, // U+00B2
    { 15, 19, 287, 1, 35, 36, 9849 }, // U+00B3
    { 10, 10, 301, 6, 39, 13, 9885 }, // U+00B4
    { 21, 35, 464, 4, 26, 92, 9898 }, // U+00B5
    { 26, 44, 517, 2, 35, 143, 9990 }, // U+00B6
    { 8, 7, 197, 2, 19, 7, 10133 }, // U+00B7
    { 10, 10, 301, 3, 1, 13, 10140 }, // U+00B8
    { 10, 19, 287, 2, 35, 24, 10153 }, // U+00B9
    { 19, 19, 357, 2, 35, 46, 10177 }, // U+00BA
    { 22, 23, 399, 2, 26, 64, 10223 }, // U+00BB
    { 41, 35, 699, 2, 35, 180, 10287 }, // U+00BC
    { 40, 35, 699, 2, 35, 175, 10467 }, // U+00BD
    { 42, 35, 699, 1, 35, 184, 10642 }, // U+00BE
    { 19, 35, 323, 1, 26, 84, 10826 }, // U+00BF
    { 33, 47, 530, 0, 47, 194, 10910 }, // U+00C0
    { 33, 47, 530, 0, 47, 194, 11104 }, // U+00C1
    { 33, 46, 530, 0, 46, 190, 11298 }, // U+00C2
    { 33, 45, 530, 0, 45, 186, 11488 }, // U+00C3
    { 33, 45, 530, 0, 45, 186, 11674 }, // U+00C4
    { 33, 43, 530, 0, 43, 178, 11860 }, // U+00C5
    { 45, 35, 748, 0, 35, 197, 12038 }, // U+00C6
    { 28, 44, 496, 2, 35, 154, 12235 }, // U+00C7
    { 23, 47, 457, 4, 47, 136, 12389 }, // U+00C8
    { 23, 47, 457, 4, 47, 136, 12525 }, // U+00C9
    { 23, 46, 457, 4, 46, 133, 12661 }, // U+00CA
    { 23, 45, 457, 4, 45, 130, 12794 }, // U+00CB
    { 11, 47, 215, 0, 47, 65, 12924 }, // U+00CC
    { 10, 47, 215, 3, 47, 59, 12989 }, // U+00CD
    { 15, 46, 215, -1, 46, 87, 13048 }, // U+00CE
    { 16, 45, 215, -1, 45, 90, 13135 }, // U+00CF
    { 34, 35, 581, 0, 35, 149, 13225 }, // U+00D0
    { 29, 45, 582, 4, 45, 164, 13374 }, // U+00D1
    { 34, 47, 622, 2, 47, 200, 13538 }, // U+00D2
    { 34, 47, 622, 2, 47, 200, 13738 }, // U+00D3
    { 34, 46, 622, 2, 46, 196, 13938 }, // U+00D4
    { 34, 45, 622, 2, 45, 192, 14134 }, // U+00D5
    { 34, 45, 622, 2, 45, 192, 14326 }, // U+00D6
    { 21, 21, 451, 4, 25, 56, 14518 }, // U+00D7
    { 34, 37, 622, 2, 36, 158, 14574 }, // U+00D8
    { 27, 47, 550, 4, 47, 159, 14732 }, // U+00D9
    { 27, 47, 550, 4, 47, 159, 14891 }, // U+00DA
    { 27, 46, 550, 4, 46, 156, 15050 }, // U+00DB
    { 27, 45, 550, 4, 45, 152, 15206 }, // U+00DC
    { 30, 47, 478, 0, 47, 177, 15358 }, // U+00DD
    { 25, 35, 487, 4, 35, 110, 15535 }, // U+00DE
    { 26, 38, 498, 4, 38, 124, 15645 }, // U+00DF
    { 21, 39, 418, 2, 39, 103, 15769 }, // U+00E0
    { 21, 39, 418, 2, 39, 103, 15872 }, // U+00E1
    { 21, 38, 418, 2, 38, 100, 15975 }, // U+00E2
    { 21, 37, 418, 2, 37, 98, 16075 }, // U+00E3
    { 21, 37, 418, 2, 37, 98, 16173 }, // U+00E4
    { 21, 39, 418, 2, 39, 103, 16271 }, // U+00E5
    { 39, 26, 687, 2, 26, 127, 16374 }, // U+00E6
    { 21, 35, 372, 2, 26, 92, 16501 }, // U+00E7
    { 24, 39, 447, 2, 39, 117, 16593 }, // U+00E8
    { 24, 39, 447, 2, 39, 117, 16710 }, // U+00E9
    { 24, 38, 447, 2, 38, 114, 16827 }, // U+00EA
    { 24, 37, 447, 2, 37, 111, 16941 }, // U+00EB
    { 10, 39, 202, 0, 39, 49, 17052 }, // U+00EC
    { 10, 39, 202, 3, 39, 49, 17101 }, // U+00ED
    { 15, 38, 202, -1, 38, 72, 17150 }, // U+00EE
    { 16, 37, 202, -2, 37, 74, 17222 }, // U+00EF
    { 27, 38, 471, 2, 38, 129, 17296 }, // U+00F0
    { 21, 37, 459, 4, 37, 98, 17425 }, // U+00F1
    { 25, 39, 472, 2, 39, 122, 17523 }, // U+00F2
    { 25, 39, 472, 2, 39, 122, 17645 }, // U+00F3
    { 25, 38, 472, 2, 38, 119, 17767 }, // U+00F4
    { 25, 37, 472, 2, 37, 116, 17886 }, // U+00F5
    { 25, 37, 472, 2, 37, 116, 18002 }, // U+00F6
    { 24, 26, 451, 2, 28, 78, 18118 }, // U+00F7
    { 25, 28, 472, 2, 27, 88, 18196 }, // U+00F8
    { 22, 39, 459, 3, 39, 108, 18284 }, // U+00F9
    { 22, 39, 459, 3, 39, 108, 18392 }, // U+00FA
    { 22, 38, 459, 3, 38, 105, 18500 }, // U+00FB
    { 22, 37, 459, 3, 37, 102, 18605 }, // U+00FC
    { 24, 48, 398, 0, 39, 144, 18707 }, // U+00FD
    { 23, 47, 471, 4, 38, 136, 18851 }, // U+00FE
    { 24, 46, 398, 0, 37, 138, 18987 }, // U+00FF
    { 46, 35, 794, 2, 35, 202, 19125 }, // U+0152
    { 43, 26, 758, 2, 26, 140, 19327 }, // U+0153
    { 25, 46, 426, 1, 46, 144, 19467 }, // U+0160
    { 19, 38, 357, 2, 38, 91, 19611 }, // U+0161
    { 30, 45, 478, 0, 45, 169, 19702 }, // U+0178
    { 26, 46, 458, 1, 46, 150, 19871 }, // U+017D
    { 21, 38, 377, 1, 38, 100, 20021 }, // U+017E
    { 24, 47, 309, -4, 38, 141, 20121 }, // U+0192
    { 15, 9, 301, 2, 38, 17, 20262 }, // U+02C6
    { 17, 6, 301, 1, 37, 13, 20279 }, // U+02DC
    { 15, 7, 301, 2, 38, 14, 20292 }, // U+0311
    { 26, 4, 397, -1, 17, 13, 20306 }, // U+2013
    { 51, 4, 797, -1, 17, 26, 20319 }, // U+2014
    { 51, 4, 797, -1, 17, 26, 20345 }, // U+2015
    { 8, 12, 188, 3, 38, 12, 20371 }, // U+2018
    { 8, 12, 188, 1, 38, 12, 20383 }, // U+2019
    { 8, 12, 188, 1, 6, 12, 20395 }, // U+201A
    { 17, 12, 334, 3, 38, 26, 20407 }, // U+201C
    { 17, 12, 334, 1, 38, 26, 20433 }, // U+201D
    { 17, 12, 334, 1, 6, 26, 20459 }, // U+201E
    { 21, 42, 381, 1, 35, 111, 20485 }, // U+2020
    { 21, 42, 381, 1, 35, 111, 20596 }, // U+2021
    { 14, 13, 288, 2, 24, 23, 20707 }, // U+2022
    { 41, 7, 797, 4, 7, 36, 20730 }, // U+2026
    { 57, 35, 982, 2, 35, 250, 20766 }, // U+2030
    { 12, 23, 233, 1, 26, 35, 21016 }, // U+2039
    { 12, 23, 233, 2, 26, 35, 21051 }, // U+203A
    { 25, 35, 118, -9, 35, 110, 21086 }, // U+2044
    { 16, 19, 287, 1, 35, 38, 21196 }, // U+2070
    { 16, 19, 287, 1, 35, 38, 21234 }, // U+2074
    { 14, 19, 287, 2, 35, 34, 21272 }, // U+2075
    { 16, 19, 287, 1, 35, 38, 21306 }, // U+2076
    { 16, 19, 287, 1, 35, 38, 21344 }, // U+2077
    { 16, 19, 287, 1, 35, 38, 21382 }, // U+2078
    { 16, 19, 287, 1, 35, 38, 21420 }, // U+2079
    { 16, 19, 287, 1, 19, 38, 21458 }, // U+2080
    { 10, 19, 287, 2, 19, 24, 21496 }, // U+2081
    { 15, 19, 287, 1, 19, 36, 21520 }, // U+2082
    { 15, 19, 287, 1, 19, 36, 21556 }, // U+2083
    { 16, 19, 287, 1, 19, 38, 21592 }, // U+2084
    { 14, 19, 287, 2, 19, 34, 21630 }, // U+2085
    { 16, 19, 287, 1, 19, 38, 21664 }, // U+2086
    { 16, 19, 287, 1, 19, 38, 21702 }, // U+2087
    { 16, 19, 287, 1, 19, 38, 21740 }, // U+2088
    { 16, 19, 287, 1, 19, 38, 21778 }, // U+2089
    { 26, 34, 451, 2, 34, 111, 21816 }, // U+20AC
    { 25, 35, 451, 2, 35, 110, 21927 }, // U+20AE
    { 26, 35, 451, 1, 35, 114, 22037 }, // U+20B4
    { 25, 35, 451, 3, 35, 110, 22151 }, // U+20B9
    { 22, 39, 360, 0, 39, 108, 22261 }, // U+2113
    { 50, 35, 904, 4, 35, 219, 22369 }, // U+2116
    { 35, 17, 607, 1, 35, 75, 22588 }, // U+2122
    { 35, 35, 627, 2, 35, 154, 22663 }, // U+2126
    { 41, 37, 746, 3, 37, 190, 22817 }, // U+212E
    { 40, 35, 699, 2, 35, 175, 23007 }, // U+2153
    { 41, 35, 699, 1, 35, 180, 23182 }, // U+2154
    { 40, 35, 699, 2, 35, 175, 23362 }, // U+2155
    { 41, 35, 699, 1, 35, 180, 23537 }, // U+2156
    { 41, 35, 699, 1, 35, 180, 23717 }, // U+2157
    { 41, 35, 699, 1, 35, 180, 23897 }, // U+2158
    { 41, 35, 699, 2, 35, 180, 24077 }, // U+2159
    { 41, 35, 699, 2, 35, 180, 24257 }, // U+215A
    { 41, 35, 699, 2, 35, 180, 24437 }, // U+215B
    { 42, 35, 699, 1, 35, 184, 24617 }, // U+215C
    { 41, 35, 699, 2, 35, 180, 24801 }, // U+215D
    { 42, 35, 699, 1, 35, 184, 24981 }, // U+215E
    { 25, 38, 468, 2, 38, 119, 25165 }, // U+2202
    { 33, 35, 521, 0, 35, 145, 25284 }, // U+2206
    { 27, 40, 558, 4, 34, 135, 25429 }, // U+220F
    { 25, 40, 412, 0, 35, 125, 25564 }, // U+2211
    { 24, 4, 451, 2, 17, 12, 25689 }, // U+2212
    { 25, 35, 118, -9, 35, 110, 25701 }, // U+2215
    { 8, 7, 197, 2, 19, 7, 25811 }, // U+2219
    { 29, 40, 451, 0, 39, 145, 25818 }, // U+221A
    { 27, 14, 470, 1, 22, 48, 25963 }, // U+221E
    { 19, 47, 295, 0, 38, 112, 26011 }, // U+222B
    { 24, 18, 451, 2, 24, 54, 26123 }, // U+2248
    { 24, 29, 451, 2, 29, 87, 26177 }, // U+2260
    { 24, 29, 451, 2, 29, 87, 26264 }, // U+2264
    { 24, 29, 451, 2, 29, 87, 26351 }, // U+2265
    { 36, 38, 621, 4, 38, 171, 26438 }, // U+FB00
    { 25, 38, 514, 4, 38, 119, 26609 }, // U+FB01
    { 28, 38, 530, 4, 38, 133, 26728 }, // U+FB02
    { 45, 38, 826, 4, 38, 214, 26861 }, // U+FB03
    { 48, 38, 842, 4, 38, 228, 27075 }, // U+FB04
};

static const EpdUnicodeInterval ubuntu_24_regularIntervals[] = {
    { 0x20, 0x7E, 0x0 },
    { 0xA0, 0xFF, 0x5F },
    { 0x152, 0x153, 0xBF },
    { 0x160, 0x161, 0xC1 },
    { 0x178, 0x178, 0xC3 },
    { 0x17D, 0x17E, 0xC4 },
    { 0x192, 0x192, 0xC6 },
    { 0x2C6, 0x2C6, 0xC7 },
    { 0x2DC, 0x2DC, 0xC8 },
    { 0x311, 0x311, 0xC9 },
    { 0x2013, 0x2015, 0xCA },
    { 0x2018, 0x201A, 0xCD },
    { 0x201C, 0x201E, 0xD0 },
    { 0x2020, 0x2022, 0xD3 },
    { 0x2026, 0x2026, 0xD6 },
    { 0x2030, 0x2030, 0xD7 },
    { 0x2039, 0x203A, 0xD8 },
    { 0x2044, 0x2044, 0xDA },
    { 0x2070, 0x2070, 0xDB },
    { 0x2074, 0x2079, 0xDC },
    { 0x2080, 0x2089, 0xE2 },
    { 0x20AC, 0x20AC, 0xEC },
    { 0x20AE, 0x20AE, 0xED },
    { 0x20B4, 0x20B4, 0xEE },
    { 0x20B9, 0x20B9, 0xEF },
    { 0x2113, 0x2113, 0xF0 },
    { 0x2116, 0x2116, 0xF1 },
    { 0x2122, 0x2122, 0xF2 },
    { 0x2126, 0x2126, 0xF3 },
    { 0x212E, 0x212E, 0xF4 },
    { 0x2153, 0x215E, 0xF5 },
    { 0x2202, 0x2202, 0x101 },
    { 0x2206, 0x2206, 0x102 },
    { 0x220F, 0x220F, 0x103 },
    { 0x2211, 0x2212, 0x104 },
    { 0x2215, 0x2215, 0x106 },
    { 0x2219, 0x221A, 0x107 },
    { 0x221E, 0x221E, 0x109 },
    { 0x222B, 0x222B, 0x10A },
    { 0x2248, 0x2248, 0x10B },
    { 0x2260, 0x2260, 0x10C },
    { 0x2264, 0x2265, 0x10D },
    { 0xFB00, 0xFB04, 0x10F },
};

static const uint16_t ubuntu_24_regularKernLeftCodepoints[] = {
    0x0022, 0x0027, 0x0028, 0x0029, 0x002A, 0x002C, 0x002D, 0x002E, 0x002F, 0x003A, 0x003B, 0x0040,
    0x0041, 0x0042, 0x0043, 0x0044, 0x0045, 0x0046, 0x0047, 0x004A, 0x004B, 0x004C, 0x004D, 0x004F,
    0x0050, 0x0051, 0x0052, 0x0054, 0x0055, 0x0056, 0x0057, 0x0058, 0x0059, 0x005A, 0x005B, 0x005D,
    0x0061, 0x0062, 0x0063, 0x0066, 0x0068, 0x006A, 0x006B, 0x006D, 0x006E, 0x006F, 0x0070, 0x0071,
    0x0072, 0x0074, 0x0076, 0x0077, 0x0078, 0x007A, 0x007B, 0x007D, 0x00A1, 0x00AB, 0x00BB, 0x00BF,
    0x00C0, 0x00C1, 0x00C2, 0x00C3, 0x00C4, 0x00C5, 0x00C6, 0x00C7, 0x00C8, 0x00C9, 0x00CA, 0x00CB,
    0x00D0, 0x00D2, 0x00D3, 0x00D4, 0x00D5, 0x00D6, 0x00D8, 0x00D9, 0x00DA, 0x00DB, 0x00DC, 0x00DD,
    0x00DE, 0x00DF, 0x00E0, 0x00E1, 0x00E2, 0x00E3, 0x00E4, 0x00E5, 0x00E7, 0x00F0, 0x00F1, 0x00F2,
    0x00F3, 0x00F4, 0x00F5, 0x00F6, 0x00F8, 0x00FE, 0x0152, 0x0178, 0x017D, 0x017E, 0x0192, 0x2013,
    0x2014, 0x2018, 0x201A, 0x201C, 0x201E, 0x2026, 0x2039, 0x203A, 0xFB00,
};

static const uint8_t ubuntu_24_regularKernLeftClassIds[] = {
      1,   1,   2,   3,   4,   5,   6,   5,   7,   8,   8,   9,  10,  11,  12,  13,
     14,  15,  16,  17,  18,  19,  20,  21,  22,  23,  24,  25,  26,  27,  28,  29,
     30,  31,  32,  33,  34,  35,  36,  37,  38,  39,  40,  41,  41,  42,  43,  44,
     45,  46,  47,  48,  49,  50,  51,  52,  53,  54,  55,  56,  10,  10,  10,  10,
     10,  10,  14,  12,  14,  14,  14,  14,  13,  21,  21,  21,  21,  21,  21,  26,
     26,  26,  26,  30,  57,  58,  34,  34,  34,  34,  34,  34,  36,  59,  41,  42,
     42,  42,  42,  42,  42,  60,  14,  30,  31,  50,  37,   6,   6,  61,  62,  61,
     62,   5,  54,  55,  37,
};

static const uint16_t ubuntu_24_regularKernRightCodepoints[] = {
    0x0021, 0x0022, 0x0027, 0x0028, 0x0029, 0x002A, 0x002C, 0x002D, 0x002E, 0x002F, 0x003A, 0x003B,
    0x003F, 0x0040, 0x0041, 0x0043, 0x0047, 0x004A, 0x004D, 0x004F, 0x0051, 0x0053, 0x0054, 0x0055,
    0x0056, 0x0057, 0x0058, 0x0059, 0x005A, 0x005B, 0x005D, 0x0061, 0x0063, 0x0064, 0x0065, 0x0066,
    0x0067, 0x006A, 0x006D, 0x006E, 0x006F, 0x0070, 0x0071, 0x0072, 0x0073, 0x0074, 0x0075, 0x0076,
    0x0077, 0x0078, 0x0079, 0x007A, 0x007B, 0x007D, 0x00AB, 0x00BB, 0x00C0, 0x00C1, 0x00C2, 0x00C3,
    0x00C4, 0x00C5, 0x00C6, 0x00C7, 0x00D2, 0x00D3, 0x00D4, 0x00D5, 0x00D6, 0x00D8, 0x00D9, 0x00DA,
    0x00DB, 0x00DC, 0x00DD, 0x00E0, 0x00E1, 0x00E2, 0x00E3, 0x00E4, 0x00E5, 0x00E6, 0x00E7, 0x00E8,
    0x00E9, 0x00EA, 0x00EB, 0x00EC, 0x00EE, 0x00EF, 0x00F0, 0x00F1, 0x00F2, 0x00F3, 0x00F4, 0x00F5,
    0x00F6, 0x00F8, 0x00F9, 0x00FA, 0x00FB, 0x00FC, 0x00FD, 0x00FF, 0x0152, 0x0153, 0x0160, 0x0161,
    0x0178, 0x017D, 0x017E, 0x0192, 0x2013, 0x2014, 0x2018, 0x2019, 0x201A, 0x201C, 0x201D, 0x201E,
    0x2026, 0x2039, 0x203A, 0xFB00, 0xFB01, 0xFB02, 0xFB03, 0xFB04,
};

static const uint8_t ubuntu_24_regularKernRightClassIds[] = {
      1,   2,   2,   3,   4,   5,   6,   7,   6,   8,   9,   9,  10,  11,  12,  13,
     14,  15,  16,  17,  18,  19,  20,  21,  22,  23,  24,  25,  26,  27,  28,  29,
     30,  31,  32,  33,  34,  35,  36,  36,  37,  36,  38,  36,  39,  40,  41,  42,
     43,  44,  45,  46,  47,  48,  49,  50,  12,  12,  12,  12,  12,  12,  51,  13,
     17,  17,  17,  17,  17,  17,  21,  21,  21,  21,  25,  29,  29,  29,  29,  29,
     29,  29,  30,  32,  32,  32,  32,  52,  53,  54,  55,  36,  37,  37,  37,  37,
     37,  37,  41,  41,  41,  41,  45,  45,  17,  37,  19,  39,  25,  26,  46,  35,
      7,   7,  56,  57,  58,  56,  57,  58,   6,  49,  50,  33,  33,  33,  33,  33,
};

static const uint16_t ubuntu_24_regularKernRowOffsets[] = {
        0,    10,    20,    34,    40,    55,    62,    75,    84,    99,   141,   157,   192,   217,   249,   282,
      288,   299,   338,   378,   380,   405,   431,   453,   477,   520,   534,   577,   614,   648,   691,   724,
      740,   747,   757,   770,   782,   801,   812,   813,   827,   838,   852,   866,   867,   882,   895,   913,
      927,   938,   952,   963,   974,   980,   983,   993,  1008,  1029,  1040,  1044,  1058,  1068,  1083,
};

static const uint8_t ubuntu_24_regularKernSparseCols[] = {
     11,  12,  13,  14,  16,  17,  21,  22,  25,  50,   3,  12,  13,  16,  17,  18,
     19,  20,  21,  24,  11,  12,  13,  14,  16,  17,  18,  19,  21,  22,  23,  24,
     25,  50,  11,  12,  13,  14,  23,  50,  11,  12,  13,  14,  16,  17,  18,  19,
     20,  21,  22,  23,  24,  25,  50,  14,  19,  21,  23,  24,  25,  50,  11,  12,
     13,  14,  16,  17,  19,  21,  22,  23,  24,  25,  50,  12,  13,  16,  17,  19,
     20,  21,  22,  24,  11,  12,  13,  14,  16,  17,  18,  19,  20,  21,  22,  23,
     24,  25,  50,   1,   2,   4,   5,   7,  10,  11,  12,  13,  14,  16,  17,  18,
     19,  20,  21,  22,  23,  24,  25,  27,  29,  30,  31,  33,  36,  37,  38,  40,
     41,  42,  43,  44,  45,  46,  47,  48,  50,  54,  55,  56,  57,   1,   2,   3,
      4,   5,   7,   8,   9,  21,  22,  23,  24,  27,  45,  47,  50,   2,   5,   6,
      9,  10,  11,  12,  13,  14,  16,  17,  18,  19,  21,  23,  24,  25,  26,  29,
     30,  31,  33,  36,  37,  40,  41,  42,  43,  44,  46,  48,  50,  54,  56,  57,
      0,   1,   2,   3,   5,   7,   9,  10,  11,  14,  18,  19,  21,  22,  23,  24,
     25,  26,  27,  28,  47,  50,  55,  56,  57,   1,   2,   4,   5,  10,  11,  12,
     13,  14,  16,  17,  20,  26,  27,  29,  30,  31,  33,  36,  37,  39,  40,  41,
     42,  43,  44,  46,  47,  48,  50,  54,  55,   0,   2,   5,   7,   8,   9,  10,
     11,  12,  13,  14,  16,  17,  19,  21,  24,  26,  27,  28,  29,  30,  31,  33,
     35,  36,  37,  40,  43,  45,  49,  50,  54,  57,   3,   4,  27,  41,  44,  47,
      3,   5,   7,  11,  14,  25,  27,  45,  47,  50,  57,   2,   4,   5,   6,   7,
      9,  10,  11,  12,  13,  14,  16,  17,  19,  21,  22,  23,  24,  25,  27,  29,
     30,  31,  33,  36,  37,  38,  40,  41,  42,  43,  44,  45,  46,  48,  50,  53,
     54,  57,   1,   2,   4,   5,   6,   7,  11,  12,  13,  14,  16,  17,  18,  19,
     20,  21,  22,  23,  24,  25,  27,  29,  30,  31,  33,  36,  37,  41,  42,  43,
     44,  45,  46,  47,  48,  49,  50,  55,  56,  57,  21,  24,   0,   1,   2,   3,
      5,   7,   9,  10,  11,  14,  18,  19,  21,  22,  23,  24,  25,  26,  27,  28,
     47,  50,  55,  56,  57,   0,   2,   3,   5,   7,  11,  14,  23,  26,  27,  28,
     29,  30,  31,  33,  36,  37,  41,  42,  44,  47,  48,  50,  54,  56,  57,   0,
      1,   2,   5,   9,  10,  11,  14,  18,  19,  21,  22,  23,  24,  25,  26,  28,
     34,  50,  55,  56,  57,   2,   5,   7,   9,  10,  11,  12,  13,  14,  16,  17,
     21,  23,  24,  25,  27,  43,  45,  46,  47,  48,  50,  54,  57,   2,   3,   5,
      6,   7,   8,   9,  10,  11,  12,  13,  14,  16,  17,  19,  21,  22,  23,  24,
     27,  28,  29,  30,  31,  33,  35,  36,  37,  38,  40,  41,  42,  43,  44,  45,
     46,  48,  49,  50,  52,  53,  54,  57,   2,   5,   7,   8,  11,  14,  25,  27,
     28,  45,  46,  47,  50,  57,   1,   2,   3,   5,   6,   7,   8,   9,  10,  11,
     12,  13,  14,  15,  16,  17,  19,  21,  22,  23,  24,  27,  28,  29,  30,  31,
     33,  35,  36,  37,  38,  40,  45,  46,  48,  49,  50,  51,  53,  54,  55,  56,
     57,   1,   2,   5,   7,   8,   9,  10,  11,  12,  13,  14,  16,  17,  19,  21,
     22,  23,  24,  27,  28,  29,  30,  31,  33,  35,  36,  37,  38,  40,  46,  48,
     50,  53,  54,  55,  56,  57,   2,   4,   5,   6,   7,  10,  11,  12,  13,  14,
     16,  17,  19,  21,  23,  24,  25,  27,  29,  30,  31,  33,  36,  37,  40,  41,
     42,  43,  44,  46,  48,  50,  54,  57,   2,   3,   5,   6,   7,   8,   9,  10,
     11,  12,  13,  14,  15,  16,  17,  19,  21,  22,  23,  24,  25,  27,  28,  29,
     30,  31,  33,  35,  36,  37,  38,  40,  43,  45,  46,  48,  49,  50,  53,  54,
     55,  56,  57,   2,   5,   6,  10,  11,  12,  13,  14,  16,  17,  20,  21,  24,
     26,  27,  29,  30,  31,  33,  36,  37,  39,  40,  41,  42,  43,  44,  46,  47,
     48,  50,  53,  54,  11,  12,  13,  14,  16,  17,  18,  19,  20,  21,  22,  23,
     24,  25,  27,  50,  12,  13,  16,  17,  22,  23,  25,   1,   3,   4,   9,  27,
     41,  42,  44,  47,  56,   1,   3,   7,   9,  27,  41,  42,  43,  44,  45,  47,
     55,  56,   5,   6,  27,  30,  33,  36,  41,  42,  43,  44,  46,  48,   3,   4,
      5,   6,   7,   9,  27,  41,  42,  43,  44,  47,  48,  49,  51,  53,  54,  56,
     57,   1,   3,   4,   9,  27,  41,  42,  44,  47,  55,  56,  34,   6,   7,  10,
     27,  29,  30,  31,  33,  36,  37,  43,  46,  48,  54,   1,   3,   4,   9,  27,
     41,  42,  44,  47,  55,  56,   1,   3,   4,   7,   9,  27,  41,  42,  43,  44,
     45,  47,  55,  56,   1,   3,   4,   7,   9,  27,  41,  42,  43,  44,  45,  47,
     55,  56,  34,   4,   5,   6,   7,   9,  27,  37,  41,  42,  43,  44,  48,  54,
     56,  57,   5,   6,  27,  29,  30,  31,  33,  36,  37,  43,  46,  48,  54,   4,
      5,   7,   9,  27,  29,  30,  31,  33,  36,  37,  41,  42,  43,  44,  54,  56,
     57,   4,   5,   7,   9,  27,  29,  36,  41,  42,  43,  44,  54,  56,  57,  27,
     29,  30,  31,  33,  36,  37,  43,  46,  48,  54,  27,  29,  30,  31,  32,  33,
     36,  37,  39,  40,  46,  47,  48,  54,  11,  12,  13,  14,  16,  17,  18,  20,
     25,  47,  50,  11,  14,  18,  19,  20,  21,  22,  23,  24,  25,  50,  19,  20,
     21,  22,  24,  25,  19,  21,  24,  11,  14,  18,  19,  21,  22,  23,  24,  25,
     50,  11,  12,  13,  14,  16,  17,  18,  19,  20,  21,  22,  23,  24,  25,  50,
      0,   1,   3,   5,   7,   9,  11,  14,  19,  21,  23,  24,  25,  26,  27,  28,
     47,  50,  55,  56,  57,   1,   3,   4,   9,  27,  41,  42,  44,  47,  55,  56,
      7,   9,  27,  47,   1,   3,   4,   7,   9,  27,  41,  42,  43,  44,  45,  47,
     55,  56,  11,  12,  13,  14,  16,  17,  21,  22,  24,  50,  11,  12,  13,  14,
     16,  17,  18,  19,  20,  21,  22,  23,  24,  25,  50,
};

static const int8_t ubuntu_24_regularKernSparseValues[] = {
     -63,  -20,  -20,  -98,  -20,  -20,   10,    8,  -10, -107,   64,  -24,  -24,  -24,  -24,  -14,
       9,   -8,   12,   14,  -16,  -10,  -10,  -10,  -10,  -10,  -10,  -22,  -27,  -14,  -22,  -34,
     -18,  -16,  -51,   -8,   -8,  -98,  -20,  -78,   20,  -23,  -23,   22,  -26,  -26,   11,  -56,
     -18,  -62,  -32,    8,  -64,   15,   15,  -22,  -40,  -10,  -25,  -40,  -13,  -11,  -40,  -22,
     -22,  -57,  -21,  -21,   23,   26,   18,   16,   27,    7,  -62,   -9,   -9,   -9,   -9,  -68,
     -10,  -17,  -10,  -32,  -21,   -8,   -8,  -21,   -8,   -8,  -14,  -35,  -10,  -29,  -18,  -31,
     -43,  -27,  -30,  -62,  -15,  -50,   21,   14,  -12,   26,  -15,  -15,   23,  -15,  -15,   13,
     -51,   -8,  -50,  -14,   20,  -63,   15,  -22,  -10,  -10,  -10,  -13,  -10,  -10,   10,  -12,
     -17,  -15,   21,  -12,   12,  -16,   -8,  -15,   27,  -10,  -57,  -54,   20,   -9,   -9,  -20,
      -9,   -8,  -17,   -9,  -16,  -15,  -10,  -17,  -20,  -27,  -10,  -18,  -10,  -18,   18,  -24,
      12,  -14,   18,  -16,  -16,   18,  -16,  -16,    8,   14,   14,   10,   14,    8,   -8,  -12,
     -12,  -12,  -12,  -12,  -12,  -16,  -13,  -14,   11,  -13,  -22,  -36,   18,  -12,   10,   14,
     -11,  -21,  -10,  -26,  -26,  -34,  -31,   -9,  -15,  -20,   -9,  -22,  -14,  -14,  -19,  -33,
     -12,   -9,  -34,  -11,  -23,  -34,  -16,  -10,  -27,  -13,  -17,  -10,    9,  -13,   14,  -22,
     -22,   14,  -22,  -22,  -18,  -14,  -34,  -13,  -14,  -13,  -18,  -14,  -12,  -11,  -15,  -20,
     -20,    7,  -20,  -15,  -18,  -18,   14,  -12,  -10,   -8,  -19,  -52,  -48,  -14,   10,  -14,
     -37,  -10,  -10,  -64,  -10,  -10,   11,   14,   16,  -12,  -33,  -41,  -11,  -11,  -11,  -11,
     -22,  -11,  -11,  -20,  -29,  -21,  -17,  -61,  -12,  -82,   -8,  -20,   -8,  -14,  -14,   -8,
      -8,   -8,  -29,   -8,  -12,  -14,  -27,  -14,  -15,  -20,  -10,  -14,  -26,   13,  -38,   14,
       9,  -15,   27,  -28,  -28,   22,  -28,  -28,   14,   16,    8,   21,   18,   17,  -21,  -17,
     -17,  -17,  -17,  -17,  -17,   11,  -10,  -11,  -38,   22,   -8,   13,  -15,  -49,   28,   17,
     -20,   12, -101,   -8, -111,   18,  -55,   10,   22,  -36,  -36,   22,  -36,  -36,   11,  -92,
     -14,  -80,  -36,   16,  -92,   11,  -26,  -10,  -10,  -10,  -10,  -10,  -10,  -32,  -30,   17,
     -16,    8,  -19,  -12,  -31,    9,   23,  -96,  -94,   11,   -5,   -6,  -11,  -18,  -10,  -22,
     -26,  -34,  -27,   -9,  -15,  -20,   -8,  -22,  -14,  -13,  -19,  -33,  -12,   -8,  -34,  -10,
     -23,  -32,  -13,   -8,  -24,   -9,  -10,  -19,  -72,  -50,  -40,  -76,  -14,  -12,  -33,  -15,
     -17,  -17,  -26,  -17,  -17,   -9,    8,    7,    8,  -19,  -14,  -67,  -13,    8,  -92,  -11,
     -18,  -10,  -26,  -27,   -9,  -15,  -20,   -8,  -22,  -14,  -13,  -19,  -33,  -12,   -8,  -11,
      12,  -32,  -13,   -8,  -16,  -10,   11,   10,  -10,  -12,   22,   -9,   -9,   18,   -9,   -9,
      -8,   15,  -15,   11,  -26,   17,    7,  -14,  -13,  -16,   23,  -12,   11,  -22,   10,  -60,
     -39,  -69,  -67,   18,  -41,  -51,  -22,  -22,  -72,  -22,  -22,   19,   22,   14,   12,   23,
     -26,  -36,  -44,  -44,  -44,  -44,  -32,  -44,  -44,  -36,  -27,  -18,  -65,  -14,  -18,  -24,
     -19,  -68,  -61,  -58,   17,   25,  -63,  -54,   -8,   -8,  -33,   -8,   -8,  -12,  -13,  -30,
     -13,  -14,   -8,  -18,  -27,  -17,   11,  -26,   13,  -60,   -8,  -54,  -16,   19,  -30,  -50,
     -14,  -14,  -76,   -5,  -14,  -14,   22,   25,   17,   15,   26,  -22,  -20,  -36,  -36,  -36,
     -36,  -24,  -36,  -36,  -12,  -19,   -2,  -19,  -34,   -9,  -66,    9,   26,  -41,   15,   19,
     -59,   10,  -13,  -30,  -38,   -9,   13,  -15,  -14,  -13,  -13,  -48,  -13,  -13,   15,   18,
      10,    8,   19,  -30,  -23,  -18,  -18,  -18,  -21,  -17,  -18,  -18,  -14,  -15,  -14,  -16,
     -39,   14,  -21,   14,   20,  -30,  -20,  -21,   10,  -22,    8,  -21,   22,  -19,  -19,   16,
     -19,  -19,   10,   14,   14,   15,   10,  -27,  -14,  -14,  -14,  -14,  -14,  -14,   -8,   -9,
     -30,   15,   -6,  -21,  -38,   22,  -23,    8,  -34,   14,  -52,  -39,  -66,  -30,   20,  -46,
     -63,  -33,  -33,  -92,   -6,  -33,  -33,   24,   26,   18,   17,   28,    9,  -21,  -33,  -39,
     -39,  -39,  -39,  -32,  -39,  -39,  -16,  -27,  -12,  -22,  -18,  -61,  -26,  -64,   33,  -62,
       9,   14,  -62,  -17,    9,  -48,  -13,   14,  -29,  -29,   14,  -29,  -29,  -11,    8,   10,
     -14,  -34,  -13,  -14,  -13,  -18,  -14,  -12,  -10,  -15,  -18,  -19,    7,  -18,  -28,  -12,
     -40,   14,    8,  -12,  -22,  -34,  -34,  -22,  -34,  -34,  -21,  -26,  -30,  -23,  -30,  -29,
     -22,  -33,   64,  -22,   -8,   -8,   -8,   -8,   -8,   -8,  -13,  -22,  -19,  -16,  -22,  -24,
     -12,  -10,  -12,  -17,  -19,  -30,  -22,  -18,  -22,  -24,  -10,  -10,  -14,  -10,  -16,  -17,
     -26,  -26,    8,  -26,  -22,  -10,  -13,  -10,    9,    8,   13,    9,  -17,  -23,   31,    9,
     -42,  -28,  -34,   19,   31,   15,   14,   12,   15,   31,  -15,    7,   24,   32,  -14,   16,
     -42,  -30,  -19,  -17,  -22,  -23,  -12,  -10,  -14,  -17,  -24,  -24,    7,  -22,    9,  -16,
     -20,  -21,  -21,  -21,  -23,  -23,  -21,   15,  -15,  -27,  -22,  -25,  -20,  -18,  -22,  -24,
     -13,  -11,  -14,  -17,  -18,  -21,  -26,  -22,  -16,  -18,  -24,  -24,  -11,  -10,  -14,  -11,
     -16,  -17,  -18,  -22,  -26,  -22,  -16,  -18,  -22,  -24,  -11,  -10,  -14,  -11,  -14,  -17,
     -18,  -22,   24,   10,  -44,  -26,  -37,  -34,  -19,  -10,   17,   15,   13,   17,  -17,  -15,
      11,  -42,    9,  -31,  -22,  -10,  -11,   -8,   -8,  -11,  -10,   14,  -17,  -22,  -10,    7,
     -28,  -26,  -31,  -21,  -12,  -11,  -11,  -10,  -11,  -11,   14,   14,   11,   14,  -14,   10,
     -29,    7,  -26,  -22,  -28,  -21,  -10,  -10,   14,   14,   11,   14,  -11,   10,  -24,  -22,
     -17,  -17,  -17,  -17,  -17,  -17,   14,  -17,  -23,  -19,  -27,  -15,  -16,  -15,  -10,  -18,
     -16,  -14,  -10,  -10,  -22,  -17,  -26,  -14,  -10,  -21,  -24,  -10,  -24,  -24,  -17,  -18,
     -14,   64,   -9,  -17,  -17,  -14,  -20,   -9,  -20,  -15,  -23,  -19,  -27,  -16,  -66,   -9,
     -23,  -17,  -38,   -9,  -62,  -10,  -26,  -16,  -34,  -17,  -69,  -35,  -17,  -41,  -62,  -34,
     -35,  -37,  -30,  -30,  -50,  -30,  -30,  -25,  -89,  -35,  -38,  -31,  -55,  -53,  -54,  -57,
     -11,  -26,  -31,  -48,  -33,  -27,  -22,  -45,  -35,  -17,  -34,  -34,  -38,  -13,  -34,  -12,
     -22,  -39,  -20,  -13,  -46,  -32,  -22,  -26,  -16,  -17,  -22,  -20,  -22,  -17,  -25,  -24,
     -17,   12,   10,   10,  -32,  -22,  -16,  -18,  -22,  -24,  -11,  -10,  -14,  -11,  -14,  -17,
     -29,  -29,  -60,  -17,  -17,  -92,  -17,  -17,   15,   14,   10, -106,   21,  -20,  -20,   22,
     -22,  -25,   13,  -54,  -15,  -59,  -27,   10,  -62,   17,   17,
};

static const EpdLigaturePair ubuntu_24_regularLigaturePairs[] = {
    { 0x00660066, 0xFB00 }, // f f -> U+FB00
    { 0x00660069, 0xFB01 }, // f i -> U+FB01
    { 0x0066006C, 0xFB02 }, // f l -> U+FB02
    { 0xFB000069, 0xFB03 }, // U+FB00 i -> U+FB03
    { 0xFB00006C, 0xFB04 }, // U+FB00 l -> U+FB04
};

static const EpdFontData ubuntu_24_regular = {
    ubuntu_24_regularBitmaps,
    ubuntu_24_regularGlyphs,
    ubuntu_24_regularIntervals,
    43,
    57,
    47,
    -10,
    false,
    nullptr,
    0,
    nullptr,
    nullptr,  // kernLeftClasses: built-in fonts use the split arrays below
    nullptr,  // kernRightClasses
    ubuntu_24_regularKernLeftCodepoints,
    ubuntu_24_regularKernLeftClassIds,
    ubuntu_24_regularKernRightCodepoints,
    ubuntu_24_regularKernRightClassIds,
    nullptr,  // kernMatrix: built-in fonts use the sparse form below
    ubuntu_24_regularKernRowOffsets,
    ubuntu_24_regularKernSparseCols,
    ubuntu_24_regularKernSparseValues,
    117,
    128,
    62,
    58,
    ubuntu_24_regularLigaturePairs,
    5,
};
