/**
 * generated by fontconvert.py
 * name: ubuntu_24_bold
 * size: 24
 * mode: 1-bit
 * Command used: fontconvert.py ubuntu_24_bold 24 ../builtinFonts/source/Ubuntu/Ubuntu-Bold.ttf --no-default-intervals --additional-intervals 0x0020,0x007E --additional-intervals 0x00A0,0x00FF --additional-intervals 0x0152,0x0153 --additional-intervals 0x0160,0x0161 --additional-intervals 0x0178,0x0178 --additional-intervals 0x017D,0x017E --additional-intervals 0x0192,0x0192 --additional-intervals 0x02C6,0x02C6 --additional-intervals 0x02DC,0x02DC --additional-intervals 0x0300,0x036F --additional-intervals 0x2000,0x206F --additional-intervals 0x2070,0x209F --additional-intervals 0x20A0,0x20CF --additional-intervals 0x2100,0x214F --additional-intervals 0x2150,0x218F --additional-intervals 0x2190,0x21FF --additional-intervals 0x2200,0x22FF --additional-intervals 0xFB00,0xFB06 --additional-intervals 0xFFFD,0xFFFD
 */
#pragma once
#include "EpdFontData.h"

static const uint8_t ubuntu_24_boldBitmaps[30553] = {
    0x7F, 0xDF, 0xF7, 0xFD, 0xFF, 0x7F, 0xDF, 0xF7, 0xFD, 0xFF, 0x7F, 0xDF, 0xF7, 0xF9, 0xFE, 0x7F,
    0x9F, 0xE7, 0xF9, 0xFE, 0x7F, 0x9F, 0xE7, 0xF8, 0xFE, 0x3F, 0x8F, 0xE3, 0xF0, 0x00, 0x00, 0x00,
    0x03, 0xF1, 0xFE, 0x7F, 0xFF, 0xFF, 0xFF, 0xFF, 0x7F, 0xDF, 0xE3, 0xF0, 0xFF, 0x1F, 0xFF, 0xE3,
    0xFF, 0xFC, 0x7F, 0xFF, 0x8F, 0xFF, 0xF1, 0xFF, 0xFE, 0x3F, 0xFF, 0xC7, 0xFF, 0xF8, 0xFF, 0xFF,
    0x1F, 0xEF, 0xE3, 0xFD, 0xFC, 0x3F, 0xBF, 0x87, 0xE7, 0xE0, 0xFC, 0xFC, 0x1F, 0x9F, 0x83, 0xF0,
    0x00, 0x7F, 0x07, 0xF0, 0x00, 0xFE, 0x0F, 0xE0, 0x01, 0xFC, 0x1F, 0xC0, 0x07, 0xF8, 0x3F, 0x80,
    0x0F, 0xE0, 0xFF, 0x00, 0x1F, 0xC1, 0xFE, 0x00, 0x3F, 0x83, 0xF8, 0x00, 0x7F, 0x07, 0xF0, 0x01,
    0xFE, 0x0F, 0xE1, 0xFF, 0xFF, 0xFF, 0xFF, 0xFF, 0xFF, 0xFF, 0xFF, 0xFF, 0xFF, 0xFF, 0xFF, 0xFF,
    0xFF, 0xFF, 0xFF, 0xFF, 0xFF, 0xFF, 0xFF, 0xFF, 0xFF, 0xFF, 0x81, 0xFC, 0x1F, 0xE0, 0x03, 0xF8,
    0x3F, 0x80, 0x07, 0xF0, 0x7F, 0x00, 0x0F, 0xE0, 0xFE, 0x00, 0x3F, 0xC1, 0xFC, 0x0F, 0xFF, 0xFF,
    0xFF, 0xFF, 0xFF, 0xFF, 0xFF, 0xFF, 0xFF, 0xFF, 0xFF, 0xFF, 0xFF, 0xFF, 0xFF, 0xFF, 0xFF, 0xFF,
    0xFF, 0xFF, 0xFF, 0xFF, 0xFC, 0x3F, 0x83, 0xFC, 0x00, 0x7F, 0x07, 0xF0, 0x00, 0xFE, 0x0F, 0xE0,
    0x03, 0xFC, 0x1F, 0xC0, 0x07, 0xF0, 0x3F, 0x80, 0x0F, 0xE0, 0xFF, 0x00, 0x1F, 0xC1, 0xFC, 0x00,
    0x3F, 0x83, 0xF8, 0x00, 0xFF, 0x07, 0xF0, 0x00, 0x00, 0x3F, 0x80, 0x00, 0x0F, 0xE0, 0x00, 0x03,
    0xF8, 0x00, 0x00, 0xFE, 0x00, 0x00, 0x3F, 0x80, 0x00, 0x7F, 0xFE, 0x00, 0x7F, 0xFF, 0xF0, 0x3F,
    0xFF, 0xFC, 0x1F, 0xFF, 0xFF, 0x0F, 0xFF, 0xFF, 0x83, 0xFF, 0xFF, 0xE0, 0xFF, 0xC3, 0xF8, 0x7F,
    0xC0, 0x06, 0x1F, 0xF0, 0x00, 0x07, 0xFC, 0x00, 0x00, 0xFF, 0x00, 0x00, 0x3F, 0xF0, 0x00, 0x0F,
    0xFF, 0x00, 0x01, 0xFF, 0xF0, 0x00, 0x3F, 0xFF, 0x00, 0x07, 0xFF, 0xE0, 0x00, 0x7F, 0xFE, 0x00,
    0x0F, 0xFF, 0xC0, 0x00, 0xFF, 0xF8, 0x00, 0x0F, 0xFF, 0x00, 0x00, 0xFF, 0xE0, 0x00, 0x0F, 0xF8,
    0x00, 0x01, 0xFE, 0x00, 0x00, 0x7F, 0x80, 0x00, 0x1F, 0xF3, 0xC0, 0x07, 0xF8, 0xFF, 0x0F, 0xFE,
    0x7F, 0xFF, 0xFF, 0x9F, 0xFF, 0xFF, 0xC7, 0xFF, 0xFF, 0xF1, 0xFF, 0xFF, 0xF8, 0x3F, 0xFF, 0xF8,
    0x01, 0xFF, 0xF8, 0x00, 0x03, 0xF8, 0x00, 0x00, 0xFE, 0x00, 0x00, 0x3F, 0x80, 0x00, 0x0F, 0xE0,
    0x00, 0x03, 0xF8, 0x00, 0x00, 0xFE, 0x00, 0x07, 0xFC, 0x00, 0x00, 0x00, 0x00, 0xFF, 0xE0, 0x00,
    0xFE, 0x00, 0x1F, 0xFF, 0x00, 0x1F, 0xE0, 0x03, 0xFF, 0xF8, 0x03, 0xFC, 0x00, 0x7F, 0xFF, 0xC0,
    0x3F, 0xC0, 0x07, 0xFB, 0xFC, 0x07, 0xF8, 0x00, 0x7F, 0x0F, 0xC0, 0x7F, 0x00, 0x07, 0xE0, 0xFE,
    0x0F, 0xF0, 0x00, 0xFE, 0x0F, 0xE0, 0xFE, 0x00, 0x0F, 0xE0, 0xFE, 0x1F, 0xE0, 0x00, 0xFE, 0x0F,
    0xE3, 0xFC, 0x00, 0x0F, 0xE0, 0xFE, 0x3F, 0xC0, 0x00, 0x7E, 0x0F, 0xE7, 0xF8, 0x00, 0x07, 0xF0,
    0xFC, 0x7F, 0x80, 0x00, 0x7F, 0xBF, 0xCF, 0xF0, 0x00, 0x07, 0xFF, 0xFC, 0xFE, 0x00, 0x00, 0x3F,
    0xFF, 0x9F, 0xE0, 0x00, 0x01, 0xFF, 0xF1, 0xFC, 0x3F, 0xC0, 0x0F, 0xFE, 0x3F, 0xC7, 0xFF, 0x00,
    0x7F, 0xC7, 0xF9, 0xFF, 0xF8, 0x00, 0x00, 0x7F, 0x9F, 0xFF, 0xC0, 0x00, 0x0F, 0xF3, 0xFF, 0xFC,
    0x00, 0x00, 0xFF, 0x3F, 0xDF, 0xE0, 0x00, 0x1F, 0xE7, 0xF0, 0xFE, 0x00, 0x01, 0xFC, 0x7F, 0x07,
    0xE0, 0x00, 0x3F, 0xC7, 0xF0, 0x7E, 0x00, 0x03, 0xF8, 0x7E, 0x07, 0xE0, 0x00, 0x7F, 0x87, 0xE0,
    0x7E, 0x00, 0x0F, 0xF0, 0x7F, 0x07, 0xE0, 0x00, 0xFF, 0x07, 0xF0, 0x7E, 0x00, 0x1F, 0xE0, 0x7F,
    0x0F, 0xE0, 0x01, 0xFE, 0x03, 0xFD, 0xFE, 0x00, 0x3F, 0xC0, 0x3F, 0xFF, 0xC0, 0x03, 0xF8, 0x01,
    0xFF, 0xFC, 0x00, 0x7F, 0x80, 0x1F, 0xFF, 0x80, 0x07, 0xF0, 0x00, 0x7F, 0xF0, 0x00, 0x00, 0x00,
    0x03, 0xFC, 0x00, 0x00, 0x3F, 0xE0, 0x00, 0x00, 0x3F, 0xFE, 0x00, 0x00, 0x1F, 0xFF, 0xC0, 0x00,
    0x0F, 0xFF, 0xF8, 0x00, 0x07, 0xFF, 0xFE, 0x00, 0x01, 0xFF, 0xFF, 0xC0, 0x00, 0xFF, 0x9F, 0xF0,
    0x00, 0x3F, 0xC1, 0xFC, 0x00, 0x0F, 0xE0, 0x7F, 0x00, 0x03, 0xF8, 0x1F, 0xC0, 0x00, 0xFE, 0x07,
    0xF0, 0x00, 0x3F, 0xC3, 0xFC, 0x00, 0x07, 0xF9, 0xFE, 0x00, 0x01, 0xFE, 0xFF, 0x80, 0x00, 0x3F,
    0xFF, 0xC0, 0x00, 0x07, 0xFF, 0xE0, 0x00, 0x01, 0xFF, 0xF0, 0x00, 0x01, 0xFF, 0xF8, 0x00, 0x00,
    0xFF, 0xFC, 0x0F, 0xE0, 0x7F, 0xFF, 0x83, 0xF8, 0x3F, 0xFF, 0xF0, 0xFE, 0x0F, 0xFB, 0xFE, 0x3F,
    0x87, 0xFC, 0x7F, 0xDF, 0xC1, 0xFE, 0x0F, 0xFF, 0xF0, 0x7F, 0x01, 0xFF, 0xFC, 0x3F, 0xC0, 0x3F,
    0xFF, 0x0F, 0xF0, 0x07, 0xFF, 0x83, 0xFC, 0x00, 0xFF, 0xE0, 0x7F, 0x80, 0x1F, 0xF8, 0x1F, 0xF0,
    0x0F, 0xFF, 0x07, 0xFF, 0x1F, 0xFF, 0xE1, 0xFF, 0xFF, 0xFF, 0xF8, 0x3F, 0xFF, 0xFF, 0xFF, 0x07,
    0xFF, 0xFF, 0xFF, 0xE0, 0xFF, 0xFF, 0xCF, 0xF8, 0x1F, 0xFF, 0xC1, 0xFF, 0x01, 0xFF, 0xC0, 0x00,
    0x00, 0xFF, 0xFF, 0xFF, 0xFF, 0xFF, 0xFF, 0xFF, 0xFF, 0xFF, 0x7F, 0x7F, 0x7F, 0x7E, 0x7E, 0x7E,
    0x00, 0xE0, 0x01, 0xE0, 0x07, 0xF0, 0x1F, 0xF0, 0x3F, 0xC0, 0xFF, 0x83, 0xFE, 0x07, 0xF8, 0x1F,
    0xF0, 0x3F, 0xC0, 0x7F, 0x81, 0xFF, 0x03, 0xFC, 0x07, 0xF8, 0x1F, 0xF0, 0x3F, 0xC0, 0x7F, 0x80,
    0xFF, 0x01, 0xFE, 0x07, 0xFC, 0x0F, 0xF0, 0x1F, 0xE0, 0x3F, 0xC0, 0x7F, 0x80, 0xFF, 0x01, 0xFE,
    0x03, 0xFC, 0x07, 0xF8, 0x0F, 0xF8, 0x0F, 0xF0, 0x1F, 0xE0, 0x3F, 0xC0, 0x7F, 0x80, 0xFF, 0x80,
    0xFF, 0x01, 0xFE, 0x03, 0xFE, 0x03, 0xFC, 0x07, 0xF8, 0x0F, 0xF8, 0x0F, 0xF0, 0x1F, 0xF0, 0x1F,
    0xF0, 0x1F, 0xE0, 0x3F, 0xE0, 0x3F, 0x80, 0x3C, 0x00, 0x70, 0x0C, 0x00, 0x7C, 0x01, 0xFC, 0x07,
    0xFC, 0x07, 0xF8, 0x0F, 0xF8, 0x0F, 0xF0, 0x1F, 0xF0, 0x1F, 0xE0, 0x3F, 0xE0, 0x3F, 0xC0, 0x7F,
    0xC0, 0x7F, 0x80, 0xFF, 0x01, 0xFE, 0x01, 0xFE, 0x03, 0xFC, 0x07, 0xF8, 0x0F, 0xF0, 0x1F, 0xE0,
    0x3F, 0xE0, 0x7F, 0xC0, 0x7F, 0x80, 0xFF, 0x01, 0xFE, 0x03, 0xFC, 0x0F, 0xF8, 0x1F, 0xF0, 0x3F,
    0xC0, 0x7F, 0x80, 0xFF, 0x01, 0xFE, 0x03, 0xFC, 0x0F, 0xF0, 0x1F, 0xE0, 0x3F, 0xC0, 0xFF, 0x81,
    0xFE, 0x07, 0xFC, 0x0F, 0xF0, 0x3F, 0xE0, 0x7F, 0x81, 0xFF, 0x03, 0xFC, 0x0F, 0xF8, 0x0F, 0xE0,
    0x0F, 0x80, 0x06, 0x00, 0x01, 0xFC, 0x00, 0x07, 0xF0, 0x00, 0x1F, 0xC0, 0x00, 0x7F, 0x00, 0x71,
    0xFC, 0x71, 0xF3, 0xE7, 0xC7, 0xFF, 0xBF, 0x3F, 0xFF, 0xFE, 0xFF, 0xFF, 0xFB, 0xFF, 0xFF, 0xEF,
    0xFF, 0xFF, 0x80, 0x7F, 0x00, 0x07, 0xFF, 0x00, 0x3F, 0xFE, 0x01, 0xFD, 0xFC, 0x0F, 0xF7, 0xF8,
    0x3F, 0xDF, 0xE0, 0x7E, 0x3F, 0x00, 0x78, 0xF8, 0x00, 0xC1, 0x80, 0x00, 0xFF, 0x00, 0x00, 0xFF,
    0x00, 0x00, 0xFF, 0x00, 0x00, 0xFF, 0x00, 0x00, 0xFF, 0x00, 0x00, 0xFF, 0x00, 0x00, 0xFF, 0x00,
    0x00, 0xFF, 0x00, 0x00, 0xFF, 0x00, 0xFF, 0xFF, 0xFF, 0xFF, 0xFF, 0xFF, 0xFF, 0xFF, 0xFF, 0xFF,
    0xFF, 0xFF, 0xFF, 0xFF, 0xFF, 0xFF, 0xFF, 0xFF, 0x00, 0xFF, 0x00, 0x00, 0xFF, 0x00, 0x00, 0xFF,
    0x00, 0x00, 0xFF, 0x00, 0x00, 0xFF, 0x00, 0x00, 0xFF, 0x00, 0x00, 0xFF, 0x00, 0x00, 0xFF, 0x00,
    0x00, 0xFF, 0x00, 0x3F, 0xE7, 0xFC, 0xFF, 0x8F, 0xF3, 0xFE, 0x7F, 0xCF, 0xF9, 0xFE, 0x3F, 0xC7,
    0xF8, 0xFF, 0x3F, 0xC7, 0xF8, 0xFE, 0x1F, 0xC0, 0xF0, 0xFF, 0xFF, 0xFF, 0xFF, 0xFF, 0xFF, 0xFF,
    0xFF, 0xFF, 0xFF, 0xFF, 0xFF, 0xFF, 0x80, 0x3F, 0x1F, 0xE7, 0xFF, 0xFF, 0xFF, 0xFF, 0xF7, 0xFD,
    0xFE, 0x3F, 0x00, 0x00, 0x00, 0x7F, 0x80, 0x00, 0x1F, 0xE0, 0x00, 0x0F, 0xF8, 0x00, 0x03, 0xFC,
    0x00, 0x00, 0xFF, 0x00, 0x00, 0x7F, 0xC0, 0x00, 0x1F, 0xE0, 0x00, 0x07, 0xF8, 0x00, 0x03, 0xFE,
    0x00, 0x00, 0xFF, 0x00, 0x00, 0x7F, 0xC0, 0x00, 0x1F, 0xE0, 0x00, 0x07, 0xF8, 0x00, 0x03, 0xFE,
    0x00, 0x00, 0xFF, 0x00, 0x00, 0x3F, 0xC0, 0x00, 0x1F, 0xF0, 0x00, 0x07, 0xF8, 0x00, 0x01, 0xFE,
    0x00, 0x00, 0xFF, 0x80, 0x00, 0x3F, 0xC0, 0x00, 0x0F, 0xF0, 0x00, 0x07, 0xFC, 0x00, 0x01, 0xFE,
    0x00, 0x00, 0x7F, 0x80, 0x00, 0x3F, 0xE0, 0x00, 0x0F, 0xF0, 0x00, 0x03, 0xFC, 0x00, 0x01, 0xFF,
    0x00, 0x00, 0x7F, 0x80, 0x00, 0x3F, 0xE0, 0x00, 0x0F, 0xF8, 0x00, 0x03, 0xFC, 0x00, 0x01, 0xFF,
    0x00, 0x00, 0x7F, 0x80, 0x00, 0x1F, 0xE0, 0x00, 0x0F, 0xF8, 0x00, 0x03, 0xFC, 0x00, 0x00, 0xFF,
    0x00, 0x00, 0x7F, 0xC0, 0x00, 0x1F, 0xE0, 0x00, 0x07, 0xF8, 0x00, 0x03, 0xFE, 0x00, 0x00, 0xFF,
    0x00, 0x00, 0x3F, 0xC0, 0x00, 0x1F, 0xF0, 0x00, 0x07, 0xF8, 0x00, 0x01, 0xFE, 0x00, 0x00, 0x00,
    0x7F, 0xC0, 0x00, 0x7F, 0xFC, 0x00, 0x3F, 0xFF, 0x80, 0x1F, 0xFF, 0xF0, 0x0F, 0xFF, 0xFE, 0x07,
    0xFF, 0xFF, 0x81, 0xFF, 0xBF, 0xF0, 0xFF, 0x83, 0xFC, 0x3F, 0xC0, 0xFF, 0x8F, 0xF0, 0x1F, 0xE7,
    0xF8, 0x07, 0xF9, 0xFE, 0x01, 0xFE, 0x7F, 0x80, 0x7F, 0xDF, 0xE0, 0x1F, 0xF7, 0xF8, 0x03, 0xFF,
    0xFE, 0x00, 0xFF, 0xFF, 0x80, 0x3F, 0xFF, 0xE0, 0x0F, 0xFF, 0xF8, 0x03, 0xFF, 0xFE, 0x00, 0xFF,
    0xFF, 0x80, 0x3F, 0xFF, 0xE0, 0x0F, 0xF7, 0xF8, 0x03, 0xFD, 0xFE, 0x01, 0xFF, 0x7F, 0x80, 0x7F,
    0xDF, 0xE0, 0x1F, 0xE7, 0xF8, 0x07, 0xF9, 0xFF, 0x01, 0xFE, 0x3F, 0xC0, 0xFF, 0x8F, 0xF8, 0x3F,
    0xC1, 0xFF, 0x3F, 0xF0, 0x7F, 0xFF, 0xF8, 0x0F, 0xFF, 0xFE, 0x01, 0xFF, 0xFF, 0x00, 0x3F, 0xFF,
    0x80, 0x07, 0xFF, 0xC0, 0x00, 0x7F, 0xC0, 0x00, 0x00, 0x1F, 0xC0, 0x0F, 0xF0, 0x0F, 0xFC, 0x07,
    0xFF, 0x07, 0xFF, 0xC7, 0xFF, 0xF7, 0xFF, 0xFF, 0xFF, 0xFF, 0x7F, 0xFF, 0xDF, 0xFF, 0xF7, 0xFF,
    0xFC, 0xFD, 0xFF, 0x38, 0x7F, 0xC0, 0x1F, 0xF0, 0x07, 0xFC, 0x01, 0xFF, 0x00, 0x7F, 0xC0, 0x1F,
    0xF0, 0x07, 0xFC, 0x01, 0xFF, 0x00, 0x7F, 0xC0, 0x1F, 0xF0, 0x07, 0xFC, 0x01, 0xFF, 0x00, 0x7F,
    0xC0, 0x1F, 0xF0, 0x07, 0xFC, 0x01, 0xFF, 0x00, 0x7F, 0xC0, 0x1F, 0xF0, 0x07, 0xFC, 0x01, 0xFF,
    0x00, 0x7F, 0xC0, 0x1F, 0xF0, 0x07, 0xFC, 0x01, 0xFF, 0xC0, 0x03, 0xFF, 0xF8, 0x07, 0xFF, 0xFE,
    0x07, 0xFF, 0xFF, 0x87, 0xFF, 0xFF, 0xE3, 0xFF, 0xFF, 0xF0, 0xFF, 0x9F, 0xFC, 0x7E, 0x03, 0xFE,
    0x1C, 0x00, 0xFF, 0x04, 0x00, 0x7F, 0x80, 0x00, 0x3F, 0xC0, 0x00, 0x1F, 0xE0, 0x00, 0x1F, 0xF0,
    0x00, 0x0F, 0xF8, 0x00, 0x0F, 0xF8, 0x00, 0x0F, 0xFC, 0x00, 0x0F, 0xFC, 0x00, 0x0F, 0xFC, 0x00,
    0x0F, 0xFE, 0x00, 0x0F, 0xFE, 0x00, 0x0F, 0xFE, 0x00, 0x0F, 0xFE, 0x00, 0x0F, 0xFE, 0x00, 0x0F,
    0xFE, 0x00, 0x0F, 0xFE, 0x00, 0x07, 0xFE, 0x00, 0x07, 0xFE, 0x00, 0x03, 0xFE, 0x00, 0x03, 0xFE,
    0x00, 0x01, 0xFF, 0x00, 0x00, 0xFF, 0xFF, 0xFE, 0xFF, 0xFF, 0xFF, 0x7F, 0xFF, 0xFF, 0xBF, 0xFF,
    0xFF, 0xDF, 0xFF, 0xFF, 0xEF, 0xFF, 0xFF, 0xF0, 0x03, 0xFF, 0x80, 0x0F, 0xFF, 0xF0, 0x1F, 0xFF,
    0xFC, 0x0F, 0xFF, 0xFF, 0x07, 0xFF, 0xFF, 0xC1, 0xFF, 0xFF, 0xE0, 0xFE, 0x3F, 0xF8, 0x38, 0x07,
    0xFC, 0x00, 0x01, 0xFE, 0x00, 0x00, 0xFF, 0x00, 0x00, 0x7F, 0x80, 0x00, 0x3F, 0xC0, 0x00, 0x1F,
    0xE0, 0x00, 0x1F, 0xF0, 0x00, 0x7F, 0xF0, 0x07, 0xFF, 0xF0, 0x03, 0xFF, 0xF8, 0x01, 0xFF, 0xF0,
    0x00, 0xFF, 0xFE, 0x00, 0x7F, 0xFF, 0x80, 0x3F, 0xFF, 0xE0, 0x00, 0xFF, 0xF8, 0x00, 0x07, 0xFC,
    0x00, 0x01, 0xFE, 0x00, 0x00, 0xFF, 0x80, 0x00, 0x7F, 0xC0, 0x00, 0x3F, 0xE0, 0x00, 0x1F, 0xE0,
    0x00, 0x0F, 0xF3, 0x80, 0x0F, 0xF9, 0xFC, 0x3F, 0xFC, 0xFF, 0xFF, 0xFC, 0x7F, 0xFF, 0xFE, 0x7F,
    0xFF, 0xFE, 0x3F, 0xFF, 0xFE, 0x1F, 0xFF, 0xFC, 0x00, 0xFF, 0xF8, 0x00, 0x00, 0x03, 0xFE, 0x00,
    0x01, 0xFF, 0x80, 0x00, 0xFF, 0xE0, 0x00, 0x3F, 0xF8, 0x00, 0x1F, 0xFE, 0x00, 0x0F, 0xFF, 0x80,
    0x07, 0xFF, 0xE0, 0x03, 0xFF, 0xF8, 0x00, 0xFF, 0xFE, 0x00, 0x7F, 0xFF, 0x80, 0x3F, 0xDF, 0xE0,
    0x0F, 0xF7, 0xF8, 0x07, 0xF9, 0xFE, 0x03, 0xFC, 0x7F, 0x80, 0xFE, 0x1F, 0xE0, 0x7F, 0x87, 0xF8,
    0x3F, 0xC1, 0xFE, 0x0F, 0xE0, 0x7F, 0x87, 0xF8, 0x1F, 0xE1, 0xFC, 0x07, 0xF8, 0xFF, 0x01, 0xFE,
    0x3F, 0xFF, 0xFF, 0xFF, 0xFF, 0xFF, 0xFF, 0xFF, 0xFF, 0xFF, 0xFF, 0xFF, 0xFF, 0xFF, 0xFF, 0xFF,
    0xFF, 0xFF, 0xFF, 0xFC, 0x00, 0x07, 0xF8, 0x00, 0x01, 0xFE, 0x00, 0x00, 0x7F, 0x80, 0x00, 0x1F,
    0xE0, 0x00, 0x07, 0xF8, 0x00, 0x01, 0xFE, 0x00, 0x00, 0x7F, 0x80, 0x00, 0x1F, 0xE0, 0x0F, 0xFF,
    0xFF, 0x07, 0xFF, 0xFF, 0x83, 0xFF, 0xFF, 0xC1, 0xFF, 0xFF, 0xE0, 0xFF, 0xFF, 0xF0, 0x7F, 0xFF,
    0xF8, 0x3F, 0x80, 0x00, 0x1F, 0xC0, 0x00, 0x0F, 0xE0, 0x00, 0x0F, 0xF0, 0x00, 0x07, 0xF8, 0x00,
    0x03, 0xFC, 0x00, 0x01, 0xFE, 0x00, 0x00, 0xFF, 0xF8, 0x00, 0x7F, 0xFF, 0x00, 0x3F, 0xFF, 0xE0,
    0x1F, 0xFF, 0xF8, 0x0F, 0xFF, 0xFE, 0x07, 0xFF, 0xFF, 0x80, 0x3F, 0xFF, 0xE0, 0x00, 0x7F, 0xF0,
    0x00, 0x0F, 0xF8, 0x00, 0x03, 0xFE, 0x00, 0x01, 0xFF, 0x00, 0x00, 0x7F, 0x80, 0x00, 0x3F, 0xC0,
    0x00, 0x3F, 0xE0, 0x00, 0x1F, 0xE3, 0x00, 0x1F, 0xF1, 0xF8, 0x7F, 0xF9, 0xFF, 0xFF, 0xF8, 0xFF,
    0xFF, 0xFC, 0x7F, 0xFF, 0xFC, 0x3F, 0xFF, 0xFC, 0x1F, 0xFF, 0xF8, 0x01, 0xFF, 0xF0, 0x00, 0x00,
    0x00, 0xFE, 0x00, 0x01, 0xFF, 0x80, 0x03, 0xFF, 0xE0, 0x01, 0xFF, 0xFC, 0x01, 0xFF, 0xFF, 0x00,
    0xFF, 0xFF, 0xC0, 0x7F, 0xFF, 0x80, 0x1F, 0xFC, 0x00, 0x0F, 0xFC, 0x00, 0x07, 0xFE, 0x00, 0x01,
    0xFF, 0x00, 0x00, 0xFF, 0x80, 0x00, 0x3F, 0xC0, 0x00, 0x0F, 0xFF, 0xF8, 0x07, 0xFF, 0xFF, 0x81,
    0xFF, 0xFF, 0xF8, 0x7F, 0xFF, 0xFF, 0x1F, 0xFF, 0xFF, 0xC7, 0xFF, 0xFF, 0xF9, 0xFF, 0x8F, 0xFE,
    0xFF, 0x80, 0x7F, 0xFF, 0xE0, 0x1F, 0xF7, 0xF8, 0x03, 0xFD, 0xFE, 0x00, 0xFF, 0x7F, 0x80, 0x3F,
    0xDF, 0xE0, 0x0F, 0xF7, 0xF8, 0x03, 0xFD, 0xFF, 0x01, 0xFE, 0x3F, 0xE0, 0xFF, 0x8F, 0xFE, 0x7F,
    0xE1, 0xFF, 0xFF, 0xF0, 0x7F, 0xFF, 0xFC, 0x0F, 0xFF, 0xFE, 0x01, 0xFF, 0xFF, 0x00, 0x3F, 0xFF,
    0x00, 0x01, 0xFF, 0x00, 0xFF, 0xFF, 0xFF, 0xFF, 0xFF, 0xFF, 0xFF, 0xFF, 0xFF, 0xFF, 0xFF, 0xFF,
    0xFF, 0xFF, 0xFF, 0xFF, 0xFF, 0xFF, 0xFC, 0x00, 0x0F, 0xFC, 0x00, 0x07, 0xFC, 0x00, 0x07, 0xFE,
    0x00, 0x03, 0xFE, 0x00, 0x03, 0xFE, 0x00, 0x01, 0xFF, 0x00, 0x01, 0xFF, 0x00, 0x00, 0xFF, 0x80,
    0x00, 0xFF, 0x80, 0x00, 0x7F, 0xC0, 0x00, 0x7F, 0xC0, 0x00, 0x3F, 0xE0, 0x00, 0x1F, 0xE0, 0x00,
    0x1F, 0xF0, 0x00, 0x0F, 0xF0, 0x00, 0x07, 0xF8, 0x00, 0x07, 0xFC, 0x00, 0x03, 0xFC, 0x00, 0x01,
    0xFE, 0x00, 0x01, 0xFF, 0x00, 0x00, 0xFF, 0x00, 0x00, 0x7F, 0x80, 0x00, 0x3F, 0xC0, 0x00, 0x1F,
    0xE0, 0x00, 0x1F, 0xF0, 0x00, 0x0F, 0xF0, 0x00, 0x07, 0xF8, 0x00, 0x03, 0xFC, 0x00, 0x01, 0xFE,
    0x00, 0x00, 0x00, 0xFF, 0xC0, 0x00, 0xFF, 0xFC, 0x00, 0x7F, 0xFF, 0xC0, 0x3F, 0xFF, 0xF8, 0x1F,
    0xFF, 0xFF, 0x07, 0xFF, 0xFF, 0xC3, 0xFF, 0x3F, 0xF0, 0xFF, 0x03, 0xFE, 0x3F, 0xC0, 0x7F, 0x9F,
    0xE0, 0x1F, 0xE7, 0xF8, 0x07, 0xF9, 0xFF, 0x01, 0xFE, 0x3F, 0xC0, 0xFF, 0x8F, 0xF8, 0x3F, 0xC3,
    0xFF, 0x9F, 0xF0, 0x7F, 0xFF, 0xF8, 0x0F, 0xFF, 0xFC, 0x01, 0xFF, 0xFE, 0x00, 0x7F, 0xFF, 0xC0,
    0x3F, 0xFF, 0xF8, 0x1F, 0xFF, 0xFF, 0x0F, 0xF9, 0xFF, 0xE3, 0xFC, 0x1F, 0xF9, 0xFE, 0x03, 0xFE,
    0x7F, 0x80, 0x7F, 0xDF, 0xE0, 0x0F, 0xF7, 0xF8, 0x03, 0xFD, 0xFE, 0x00, 0xFF, 0x7F, 0x80, 0x7F,
    0xDF, 0xF0, 0x1F, 0xE7, 0xFF, 0x1F, 0xF8, 0xFF, 0xFF, 0xFE, 0x3F, 0xFF, 0xFF, 0x07, 0xFF, 0xFF,
    0x80, 0xFF, 0xFF, 0xC0, 0x0F, 0xFF, 0xE0, 0x00, 0xFF, 0xE0, 0x00, 0x01, 0xFF, 0x80, 0x00, 0xFF,
    0xF8, 0x00, 0xFF, 0xFF, 0x80, 0x7F, 0xFF, 0xF0, 0x3F, 0xFF, 0xFE, 0x0F, 0xFF, 0xFF, 0x87, 0xFE,
    0x7F, 0xF1, 0xFF, 0x07, 0xFC, 0x7F, 0x80, 0xFF, 0xBF, 0xE0, 0x1F, 0xEF, 0xF0, 0x07, 0xFB, 0xFC,
    0x01, 0xFE, 0xFF, 0x00, 0x7F, 0xBF, 0xC0, 0x1F, 0xFF, 0xF8, 0x07, 0xFF, 0xFE, 0x01, 0xFF, 0x7F,
    0xF1, 0xFF, 0xDF, 0xFF, 0xFF, 0xF3, 0xFF, 0xFF, 0xF8, 0xFF, 0xFF, 0xFE, 0x1F, 0xFF, 0xFF, 0x81,
    0xFF, 0xFF, 0xE0, 0x1F, 0xFF, 0xF8, 0x00, 0x03, 0xFE, 0x00, 0x00, 0xFF, 0x00, 0x00, 0x7F, 0xC0,
    0x00, 0x3F, 0xE0, 0x00, 0x1F, 0xF8, 0x00, 0x1F, 0xFC, 0x01, 0xFF, 0xFF, 0x01, 0xFF, 0xFF, 0x80,
    0x7F, 0xFF, 0xC0, 0x1F, 0xFF, 0xC0, 0x07, 0xFF, 0xE0, 0x01, 0xFF, 0xC0, 0x00, 0x7F, 0x80, 0x00,
    0x3F, 0x1F, 0xE7, 0xFF, 0xFF, 0xFF, 0xFF, 0xF7, 0xFD, 0xFE, 0x3F, 0x00, 0x00, 0x00, 0x00, 0x00,
    0x00, 0x00, 0x00, 0x00, 0x00, 0x00, 0x03, 0xF1, 0xFE, 0x7F, 0xFF, 0xFF, 0xFF, 0xFF, 0x7F, 0xDF,
    0xE3, 0xF0, 0x1F, 0x87, 0xF8, 0xFF, 0xBF, 0xF7, 0xFE, 0xFF, 0xCF, 0xF9, 0xFE, 0x1F, 0x80, 0x00,
    0x00, 0x00, 0x00, 0x00, 0x00, 0x00, 0x00, 0x00, 0x00, 0x00, 0x00, 0xFF, 0x9F, 0xF3, 0xFE, 0x3F,
    0xCF, 0xF9, 0xFF, 0x3F, 0xE7, 0xF8, 0xFF, 0x1F, 0xE3, 0xFC, 0xFF, 0x1F, 0xE3, 0xF8, 0x7F, 0x03,
    0xC0, 0x00, 0x00, 0x0E, 0x00, 0x00, 0x7E, 0x00, 0x03, 0xFE, 0x00, 0x0F, 0xFE, 0x00, 0x7F, 0xFF,
    0x03, 0xFF, 0xFF, 0x1F, 0xFF, 0xFF, 0x7F, 0xFF, 0xFE, 0xFF, 0xFF, 0xF0, 0xFF, 0xFF, 0x80, 0xFF,
    0xFE, 0x00, 0xFF, 0xF0, 0x00, 0xFF, 0xC0, 0x00, 0xFF, 0xF0, 0x00, 0xFF, 0xFE, 0x00, 0xFF, 0xFF,
    0x80, 0xFF, 0xFF, 0xF0, 0x7F, 0xFF, 0xFE, 0x1F, 0xFF, 0xFF, 0x03, 0xFF, 0xFF, 0x00, 0x7F, 0xFF,
    0x00, 0x1F, 0xFE, 0x00, 0x03, 0xFE, 0x00, 0x00, 0x7E, 0x00, 0x00, 0x0E, 0xFF, 0xFF, 0xFF, 0xFF,
    0xFF, 0xFF, 0xFF, 0xFF, 0xFF, 0xFF, 0xFF, 0xFF, 0xFF, 0xFF, 0xFF, 0xFF, 0xFF, 0xFF, 0x00, 0x00,
    0x00, 0x00, 0x00, 0x00, 0x00, 0x00, 0x00, 0x00, 0x00, 0x00, 0x00, 0x00, 0x00, 0xFF, 0xFF, 0xFF,
    0xFF, 0xFF, 0xFF, 0xFF, 0xFF, 0xFF, 0xFF, 0xFF, 0xFF, 0xFF, 0xFF, 0xFF, 0xFF, 0xFF, 0xFF, 0x38,
    0x00, 0x00, 0x3E, 0x00, 0x00, 0x7F, 0xC0, 0x00, 0x7F, 0xF8, 0x00, 0x7F, 0xFF, 0x00, 0xFF, 0xFF,
    0xC0, 0xFF, 0xFF, 0xF8, 0x3F, 0xFF, 0xFF, 0x0F, 0xFF, 0xFF, 0x01, 0xFF, 0xFF, 0x00, 0x3F, 0xFF,
    0x00, 0x0F, 0xFF, 0x00, 0x01, 0xFF, 0x00, 0x0F, 0xFF, 0x00, 0x3F, 0xFF, 0x01, 0xFF, 0xFF, 0x0F,
    0xFF, 0xFF, 0x3F, 0xFF, 0xFF, 0xFF, 0xFF, 0xF8, 0xFF, 0xFF, 0xC0, 0x7F, 0xFF, 0x00, 0x7F, 0xF8,
    0x00, 0x7F, 0xC0, 0x00, 0x3F, 0x00, 0x00, 0x38, 0x00, 0x00, 0x0F, 0xFE, 0x03, 0xFF, 0xFC, 0x3F,
    0xFF, 0xF1, 0xFF, 0xFF, 0xCF, 0xFF, 0xFF, 0x3F, 0xFF, 0xF9, 0xF8, 0xFF, 0xE6, 0x01, 0xFF, 0x00,
    0x0F, 0xF8, 0x00, 0x7F, 0xC0, 0x03, 0xFE, 0x00, 0x3F, 0xE0, 0x03, 0xFF, 0x00, 0x3F, 0xF0, 0x03,
    0xFF, 0x80, 0x1F, 0xF8, 0x01, 0xFF, 0x80, 0x1F, 0xF8, 0x00, 0xFF, 0x80, 0x0F, 0xF8, 0x00, 0x7F,
    0x80, 0x03, 0xFC, 0x00, 0x1F, 0xE0, 0x00, 0xFF, 0x00, 0x00, 0x00, 0x00, 0x00, 0x00, 0x00, 0x00,
    0x00, 0x07, 0xE0, 0x00, 0x7F, 0x80, 0x07, 0xFE, 0x00, 0x3F, 0xF0, 0x01, 0xFF, 0x80, 0x0F, 0xFC,
    0x00, 0x7F, 0xE0, 0x01, 0xFE, 0x00, 0x07, 0xE0, 0x00, 0x00, 0x00, 0xFF, 0xFC, 0x00, 0x00, 0x00,
    0x3F, 0xFF, 0xFC, 0x00, 0x00, 0x07, 0xFF, 0xFF, 0xF8, 0x00, 0x00, 0x7F, 0xFF, 0xFF, 0xF0, 0x00,
    0x0F, 0xFF, 0xFF, 0xFF, 0xC0, 0x00, 0xFF, 0xFC, 0x3F, 0xFF, 0x00, 0x0F, 0xFC, 0x00, 0x1F, 0xFC,
    0x00, 0xFF, 0x80, 0x00, 0x1F, 0xF0, 0x0F, 0xF8, 0x00, 0x00, 0x7F, 0xC0, 0x7F, 0x80, 0x00, 0x01,
    0xFE, 0x07, 0xF8, 0x0F, 0xFF, 0x07, 0xF8, 0x3F, 0x81, 0xFF, 0xFF, 0x1F, 0xC3, 0xF8, 0x1F, 0xFF,
    0xF8, 0xFF, 0x1F, 0xC1, 0xFF, 0xFF, 0xC3, 0xF9, 0xFC, 0x1F, 0xFF, 0xFE, 0x1F, 0xCF, 0xE1, 0xFF,
    0x8F, 0xF0, 0x7E, 0x7E, 0x0F, 0xF0, 0x7F, 0x83, 0xF3, 0xF0, 0xFF, 0x03, 0xFC, 0x1F, 0xFF, 0x87,
    0xF8, 0x1F, 0xE0, 0xFF, 0xFC, 0x3F, 0x80, 0xFF, 0x07, 0xFF, 0xE1, 0xFC, 0x07, 0xF8, 0x3F, 0x7F,
    0x0F, 0xE0, 0x3F, 0xC1, 0xFB, 0xF8, 0x7F, 0x01, 0xFE, 0x0F, 0xDF, 0xC3, 0xF8, 0x0F, 0xF0, 0x7E,
    0xFE, 0x1F, 0xC0, 0x7F, 0x83, 0xF7, 0xF0, 0xFF, 0x03, 0xFC, 0x3F, 0xBF, 0x87, 0xF8, 0x1F, 0xE1,
    0xF8, 0xFC, 0x1F, 0xE0, 0xFF, 0x0F, 0xC7, 0xF0, 0xFF, 0xC7, 0xF8, 0xFE, 0x3F, 0x83, 0xFF, 0xFF,
    0xFF, 0xE1, 0xFC, 0x1F, 0xFF, 0xFF, 0xFE, 0x07, 0xF0, 0x7F, 0xFF, 0xFF, 0xE0, 0x3F, 0xC1, 0xFF,
    0xFF, 0xFE, 0x00, 0xFE, 0x03, 0xFF, 0x3F, 0xC0, 0x07, 0xF8, 0x00, 0x00, 0x00, 0x00, 0x1F, 0xE0,
    0x00, 0x00, 0x00, 0x00, 0x7F, 0xC0, 0x00, 0x00, 0x00, 0x03, 0xFF, 0x80, 0x00, 0x00, 0x00, 0x0F,
    0xFF, 0xE0, 0xFC, 0x00, 0x00, 0x3F, 0xFF, 0xFF, 0xF0, 0x00, 0x00, 0x7F, 0xFF, 0xFF, 0x80, 0x00,
    0x00, 0xFF, 0xFF, 0xFC, 0x00, 0x00, 0x01, 0xFF, 0xFF, 0xE0, 0x00, 0x00, 0x01, 0xFF, 0xFC, 0x00,
    0x00, 0x00, 0x03, 0xFC, 0x00, 0x00, 0x00, 0x7F, 0xE0, 0x00, 0x00, 0x07, 0xFE, 0x00, 0x00, 0x00,
    0xFF, 0xF0, 0x00, 0x00, 0x0F, 0xFF, 0x00, 0x00, 0x01, 0xFF, 0xF8, 0x00, 0x00, 0x1F, 0xFF, 0x80,
    0x00, 0x01, 0xFF, 0xF8, 0x00, 0x00, 0x3F, 0xFF, 0xC0, 0x00, 0x03, 0xFF, 0xFC, 0x00, 0x00, 0x7F,
    0xBF, 0xE0, 0x00, 0x07, 0xF9, 0xFE, 0x00, 0x00, 0xFF, 0x9F, 0xF0, 0x00, 0x0F, 0xF0, 0xFF, 0x00,
    0x00, 0xFF, 0x0F, 0xF0, 0x00, 0x1F, 0xE0, 0x7F, 0x80, 0x01, 0xFE, 0x07, 0xF8, 0x00, 0x3F, 0xE0,
    0x7F, 0xC0, 0x03, 0xFC, 0x03, 0xFC, 0x00, 0x3F, 0xC0, 0x3F, 0xC0, 0x07, 0xFF, 0xFF, 0xFE, 0x00,
    0x7F, 0xFF, 0xFF, 0xE0, 0x07, 0xFF, 0xFF, 0xFE, 0x00, 0xFF, 0xFF, 0xFF, 0xF0, 0x0F, 0xFF, 0xFF,
    0xFF, 0x01, 0xFF, 0xFF, 0xFF, 0xF8, 0x1F, 0xFF, 0xFF, 0xFF, 0x81, 0xFE, 0x00, 0x0F, 0xF8, 0x3F,
    0xE0, 0x00, 0x7F, 0xC3, 0xFE, 0x00, 0x07, 0xFC, 0x3F, 0xC0, 0x00, 0x7F, 0xC7, 0xFC, 0x00, 0x03,
    0xFE, 0x7F, 0xC0, 0x00, 0x3F, 0xE7, 0xF8, 0x00, 0x03, 0xFE, 0xFF, 0x80, 0x00, 0x1F, 0xF0, 0xFF,
    0xFF, 0xC0, 0x0F, 0xFF, 0xFF, 0x80, 0xFF, 0xFF, 0xFE, 0x0F, 0xFF, 0xFF, 0xF0, 0xFF, 0xFF, 0xFF,
    0x8F, 0xFF, 0xFF, 0xF8, 0xFF, 0xFF, 0xFF, 0xCF, 0xF0, 0x3F, 0xFC, 0xFF, 0x00, 0x7F, 0xCF, 0xF0,
    0x03, 0xFC, 0xFF, 0x00, 0x3F, 0xCF, 0xF0, 0x07, 0xFC, 0xFF, 0x03, 0xFF, 0x8F, 0xFF, 0xFF, 0xF8,
    0xFF, 0xFF, 0xFF, 0x0F, 0xFF, 0xFF, 0xE0, 0xFF, 0xFF, 0xFF, 0x0F, 0xFF, 0xFF, 0xF8, 0xFF, 0xFF,
    0xFF, 0xCF, 0xFF, 0xFF, 0xFE, 0xFF, 0x03, 0xFF, 0xEF, 0xF0, 0x03, 0xFE, 0xFF, 0x00, 0x1F, 0xFF,
    0xF0, 0x01, 0xFF, 0xFF, 0x00, 0x1F, 0xFF, 0xF0, 0x01, 0xFF, 0xFF, 0x00, 0x1F, 0xFF, 0xF0, 0x07,
    0xFE, 0xFF, 0x83, 0xFF, 0xEF, 0xFF, 0xFF, 0xFE, 0xFF, 0xFF, 0xFF, 0xCF, 0xFF, 0xFF, 0xF8, 0xFF,
    0xFF, 0xFF, 0x8F, 0xFF, 0xFF, 0xE0, 0xFF, 0xFF, 0xFC, 0x07, 0xFF, 0xFE, 0x00, 0x00, 0x0F, 0xFF,
    0x80, 0x00, 0xFF, 0xFF, 0x80, 0x0F, 0xFF, 0xFF, 0x80, 0x7F, 0xFF, 0xFE, 0x07, 0xFF, 0xFF, 0xF8,
    0x3F, 0xFF, 0xFF, 0xC0, 0xFF, 0xFF, 0xFF, 0x07, 0xFF, 0xE3, 0xFC, 0x3F, 0xFC, 0x00, 0xE0, 0xFF,
    0xC0, 0x00, 0x03, 0xFE, 0x00, 0x00, 0x1F, 0xF8, 0x00, 0x00, 0x7F, 0xC0, 0x00, 0x01, 0xFF, 0x00,
    0x00, 0x0F, 0xF8, 0x00, 0x00, 0x3F, 0xE0, 0x00, 0x00, 0xFF, 0x80, 0x00, 0x03, 0xFE, 0x00, 0x00,
    0x0F, 0xF8, 0x00, 0x00, 0x3F, 0xE0, 0x00, 0x00, 0xFF, 0x80, 0x00, 0x03, 0xFE, 0x00, 0x00, 0x0F,
    0xF8, 0x00, 0x00, 0x1F, 0xF0, 0x00, 0x00, 0x7F, 0xC0, 0x00, 0x01, 0xFF, 0x80, 0x00, 0x07, 0xFE,
    0x00, 0x00, 0x0F, 0xFC, 0x00, 0x00, 0x3F, 0xFC, 0x00, 0x70, 0x7F, 0xFE, 0x1F, 0xC1, 0xFF, 0xFF,
    0xFF, 0x03, 0xFF, 0xFF, 0xFE, 0x07, 0xFF, 0xFF, 0xF8, 0x0F, 0xFF, 0xFF, 0xE0, 0x1F, 0xFF, 0xFF,
    0xC0, 0x1F, 0xFF, 0xFC, 0x00, 0x1F, 0xFF, 0x80, 0xFF, 0xFF, 0xC0, 0x01, 0xFF, 0xFF, 0xF0, 0x03,
    0xFF, 0xFF, 0xF8, 0x07, 0xFF, 0xFF, 0xFC, 0x0F, 0xFF, 0xFF, 0xFC, 0x1F, 0xFF, 0xFF, 0xFC, 0x3F,
    0xFF, 0xFF, 0xFC, 0x7F, 0x83, 0xFF, 0xF8, 0xFF, 0x00, 0x7F, 0xF9, 0xFE, 0x00, 0x3F, 0xF3, 0xFC,
    0x00, 0x3F, 0xF7, 0xF8, 0x00, 0x7F, 0xEF, 0xF0, 0x00, 0x7F, 0xDF, 0xE0, 0x00, 0xFF, 0xBF, 0xC0,
    0x00, 0xFF, 0x7F, 0x80, 0x01, 0xFF, 0xFF, 0x00, 0x03, 0xFF, 0xFE, 0x00, 0x07, 0xFF, 0xFC, 0x00,
    0x0F, 0xFF, 0xF8, 0x00, 0x1F, 0xFF, 0xF0, 0x00, 0x3F, 0xFF, 0xE0, 0x00, 0xFF, 0xBF, 0xC0, 0x01,
    0xFF, 0x7F, 0x80, 0x03, 0xFE, 0xFF, 0x00, 0x0F, 0xFD, 0xFE, 0x00, 0x3F, 0xF3, 0xFC, 0x00, 0xFF,
    0xE7, 0xF8, 0x03, 0xFF, 0xCF, 0xF0, 0x7F, 0xFF, 0x1F, 0xFF, 0xFF, 0xFC, 0x3F, 0xFF, 0xFF, 0xF8,
    0x7F, 0xFF, 0xFF, 0xE0, 0xFF, 0xFF, 0xFF, 0x01, 0xFF, 0xFF, 0xFC, 0x03, 0xFF, 0xFF, 0xE0, 0x07,
    0xFF, 0xFE, 0x00, 0x00, 0xFF, 0xFF, 0xFF, 0x7F, 0xFF, 0xFF, 0xBF, 0xFF, 0xFF, 0xDF, 0xFF, 0xFF,
    0xEF, 0xFF, 0xFF, 0xF7, 0xFF, 0xFF, 0xFB, 0xFF, 0xFF, 0xFD, 0xFE, 0x00, 0x00, 0xFF, 0x00, 0x00,
    0x7F, 0x80, 0x00, 0x3F, 0xC0, 0x00, 0x1F, 0xE0, 0x00, 0x0F, 0xF0, 0x00, 0x07, 0xFF, 0xFF, 0xE3,
    0xFF, 0xFF, 0xF1, 0xFF, 0xFF, 0xF8, 0xFF, 0xFF, 0xFC, 0x7F, 0xFF, 0xFE, 0x3F, 0xFF, 0xFF, 0x1F,
    0xFF, 0xFF, 0x8F, 0xF0, 0x00, 0x07, 0xF8, 0x00, 0x03, 0xFC, 0x00, 0x01, 0xFE, 0x00, 0x00, 0xFF,
    0x00, 0x00, 0x7F, 0x80, 0x00, 0x3F, 0xC0, 0x00, 0x1F, 0xE0, 0x00, 0x0F, 0xFF, 0xFF, 0xFF, 0xFF,
    0xFF, 0xFF, 0xFF, 0xFF, 0xFF, 0xFF, 0xFF, 0xFF, 0xFF, 0xFF, 0xFF, 0xFF, 0xFF, 0xFF, 0xFF, 0xFF,
    0xFF, 0xE0, 0xFF, 0xFF, 0xFF, 0xFF, 0xFF, 0xFF, 0xFF, 0xFF, 0xFF, 0xFF, 0xFF, 0xFF, 0xFF, 0xFF,
    0xFF, 0xFF, 0xFF, 0xFF, 0xFF, 0xFF, 0xFF, 0xFF, 0x00, 0x00, 0xFF, 0x00, 0x00, 0xFF, 0x00, 0x00,
    0xFF, 0x00, 0x00, 0xFF, 0x00, 0x00, 0xFF, 0x00, 0x00, 0xFF, 0x00, 0x00, 0xFF, 0xFF, 0xFC, 0xFF,
    0xFF, 0xFC, 0xFF, 0xFF, 0xFC, 0xFF, 0xFF, 0xFC, 0xFF, 0xFF, 0xFC, 0xFF, 0xFF, 0xFC, 0xFF, 0xFF,
    0xFC, 0xFF, 0x00, 0x00, 0xFF, 0x00, 0x00, 0xFF, 0x00, 0x00, 0xFF, 0x00, 0x00, 0xFF, 0x00, 0x00,
    0xFF, 0x00, 0x00, 0xFF, 0x00, 0x00, 0xFF, 0x00, 0x00, 0xFF, 0x00, 0x00, 0xFF, 0x00, 0x00, 0xFF,
    0x00, 0x00, 0xFF, 0x00, 0x00, 0xFF, 0x00, 0x00, 0xFF, 0x00, 0x00, 0x00, 0x0F, 0xFF, 0x80, 0x00,
    0xFF, 0xFF, 0xC0, 0x0F, 0xFF, 0xFF, 0xC0, 0xFF, 0xFF, 0xFE, 0x07, 0xFF, 0xFF, 0xF8, 0x3F, 0xFF,
    0xFF, 0xE0, 0xFF, 0xFF, 0xFF, 0x07, 0xFF, 0xE1, 0xFC, 0x3F, 0xFC, 0x00, 0x70, 0xFF, 0xC0, 0x00,
    0x03, 0xFE, 0x00, 0x00, 0x1F, 0xF8, 0x00, 0x00, 0x7F, 0xC0, 0x00, 0x01, 0xFF, 0x00, 0x00, 0x0F,
    0xF8, 0x00, 0x00, 0x3F, 0xE0, 0x00, 0x00, 0xFF, 0x80, 0x00, 0x03, 0xFE, 0x00, 0x00, 0x0F, 0xF8,
    0x00, 0x3F, 0xFF, 0xE0, 0x00, 0xFF, 0xFF, 0x80, 0x03, 0xFF, 0xFE, 0x00, 0x0F, 0xFF, 0xF8, 0x00,
    0x3F, 0xDF, 0xF0, 0x00, 0xFF, 0x7F, 0xC0, 0x03, 0xFD, 0xFF, 0x80, 0x0F, 0xF7, 0xFE, 0x00, 0x3F,
    0xCF, 0xFC, 0x00, 0xFF, 0x3F, 0xFC, 0x03, 0xFC, 0x7F, 0xFE, 0x1F, 0xF1, 0xFF, 0xFF, 0xFF, 0xC3,
    0xFF, 0xFF, 0xFF, 0x07, 0xFF, 0xFF, 0xFC, 0x0F, 0xFF, 0xFF, 0xF0, 0x1F, 0xFF, 0xFF, 0xC0, 0x1F,
    0xFF, 0xFF, 0x00, 0x0F, 0xFF, 0xC0, 0xFF, 0x00, 0x07, 0xFF, 0xF8, 0x00, 0x3F, 0xFF, 0xC0, 0x01,
    0xFF, 0xFE, 0x00, 0x0F, 0xFF, 0xF0, 0x00, 0x7F, 0xFF, 0x80, 0x03, 0xFF, 0xFC, 0x00, 0x1F, 0xFF,
    0xE0, 0x00, 0xFF, 0xFF, 0x00, 0x07, 0xFF, 0xF8, 0x00, 0x3F, 0xFF, 0xC0, 0x01, 0xFF, 0xFE, 0x00,
    0x0F, 0xFF, 0xF0, 0x00, 0x7F, 0xFF, 0xFF, 0xFF, 0xFF, 0xFF, 0xFF, 0xFF, 0xFF, 0xFF, 0xFF, 0xFF,
    0xFF, 0xFF, 0xFF, 0xFF, 0xFF, 0xFF, 0xFF, 0xFF, 0xFF, 0xFF, 0xFF, 0xFF, 0xFF, 0xFF, 0xFF, 0xF0,
    0x00, 0x7F, 0xFF, 0x80, 0x03, 0xFF, 0xFC, 0x00, 0x1F, 0xFF, 0xE0, 0x00, 0xFF, 0xFF, 0x00, 0x07,
    0xFF, 0xF8, 0x00, 0x3F, 0xFF, 0xC0, 0x01, 0xFF, 0xFE, 0x00, 0x0F, 0xFF, 0xF0, 0x00, 0x7F, 0xFF,
    0x80, 0x03, 0xFF, 0xFC, 0x00, 0x1F, 0xFF, 0xE0, 0x00, 0xFF, 0xFF, 0x00, 0x07, 0xFF, 0xF8, 0x00,
    0x3F, 0xFF, 0xC0, 0x01, 0xFE, 0xFF, 0xFF, 0xFF, 0xFF, 0xFF, 0xFF, 0xFF, 0xFF, 0xFF, 0xFF, 0xFF,
    0xFF, 0xFF, 0xFF, 0xFF, 0xFF, 0xFF, 0xFF, 0xFF, 0xFF, 0xFF, 0xFF, 0xFF, 0xFF, 0xFF, 0xFF, 0xFF,
    0xFF, 0xFF, 0xFF, 0xFF, 0xFF, 0xFF, 0xFF, 0xFF, 0x00, 0x01, 0xFE, 0x00, 0x03, 0xFC, 0x00, 0x07,
    0xF8, 0x00, 0x0F, 0xF0, 0x00, 0x1F, 0xE0, 0x00, 0x3F, 0xC0, 0x00, 0x7F, 0x80, 0x00, 0xFF, 0x00,
    0x01, 0xFE, 0x00, 0x03, 0xFC, 0x00, 0x07, 0xF8, 0x00, 0x0F, 0xF0, 0x00, 0x1F, 0xE0, 0x00, 0x3F,
    0xC0, 0x00, 0x7F, 0x80, 0x00, 0xFF, 0x00, 0x01, 0xFE, 0x00, 0x03, 0xFC, 0x00, 0x07, 0xF8, 0x00,
    0x0F, 0xF0, 0x00, 0x1F, 0xE0, 0x00, 0x3F, 0xC0, 0x00, 0x7F, 0x80, 0x00, 0xFF, 0x00, 0x01, 0xFE,
    0x00, 0x07, 0xFC, 0x00, 0x0F, 0xF9, 0xC0, 0x3F, 0xF3, 0xF1, 0xFF, 0xE7, 0xFF, 0xFF, 0x9F, 0xFF,
    0xFF, 0x3F, 0xFF, 0xFC, 0xFF, 0xFF, 0xF9, 0xFF, 0xFF, 0xE0, 0xFF, 0xFF, 0x00, 0x7F, 0xF8, 0x00,
    0xFF, 0x00, 0x1F, 0xFB, 0xFC, 0x00, 0xFF, 0xCF, 0xF0, 0x07, 0xFE, 0x3F, 0xC0, 0x3F, 0xF0, 0xFF,
    0x01, 0xFF, 0xC3, 0xFC, 0x0F, 0xFE, 0x0F, 0xF0, 0x3F, 0xF0, 0x3F, 0xC1, 0xFF, 0x80, 0xFF, 0x0F,
    0xFC, 0x03, 0xFC, 0x7F, 0xE0, 0x0F, 0xF3, 0xFF, 0x00, 0x3F, 0xDF, 0xF8, 0x00, 0xFF, 0xFF, 0xE0,
    0x03, 0xFF, 0xFF, 0x00, 0x0F, 0xFF, 0xF8, 0x00, 0x3F, 0xFF, 0xC0, 0x00, 0xFF, 0xFE, 0x00, 0x03,
    0xFF, 0xFC, 0x00, 0x0F, 0xFF, 0xF8, 0x00, 0x3F, 0xFF, 0xF0, 0x00, 0xFF, 0xFF, 0xE0, 0x03, 0xFF,
    0xFF, 0xC0, 0x0F, 0xF7, 0xFF, 0x80, 0x3F, 0xCF, 0xFF, 0x00, 0xFF, 0x1F, 0xFC, 0x03, 0xFC, 0x3F,
    0xF8, 0x0F, 0xF0, 0x7F, 0xF0, 0x3F, 0xC0, 0xFF, 0xE0, 0xFF, 0x01, 0xFF, 0x83, 0xFC, 0x03, 0xFF,
    0x0F, 0xF0, 0x07, 0xFE, 0x3F, 0xC0, 0x1F, 0xFC, 0xFF, 0x00, 0x3F, 0xF3, 0xFC, 0x00, 0x7F, 0xEF,
    0xF0, 0x00, 0xFF, 0xC0, 0xFF, 0x00, 0x00, 0xFF, 0x00, 0x00, 0xFF, 0x00, 0x00, 0xFF, 0x00, 0x00,
    0xFF, 0x00, 0x00, 0xFF, 0x00, 0x00, 0xFF, 0x00, 0x00, 0xFF, 0x00, 0x00, 0xFF, 0x00, 0x00, 0xFF,
    0x00, 0x00, 0xFF, 0x00, 0x00, 0xFF, 0x00, 0x00, 0xFF, 0x00, 0x00, 0xFF, 0x00, 0x00, 0xFF, 0x00,
    0x00, 0xFF, 0x00, 0x00, 0xFF, 0x00, 0x00, 0xFF, 0x00, 0x00, 0xFF, 0x00, 0x00, 0xFF, 0x00, 0x00,
    0xFF, 0x00, 0x00, 0xFF, 0x00, 0x00, 0xFF, 0x00, 0x00, 0xFF, 0x00, 0x00, 0xFF, 0x00, 0x00, 0xFF,
    0x00, 0x00, 0xFF, 0x00, 0x00, 0xFF, 0x00, 0x00, 0xFF, 0xFF, 0xFF, 0xFF, 0xFF, 0xFF, 0xFF, 0xFF,
    0xFF, 0xFF, 0xFF, 0xFF, 0xFF, 0xFF, 0xFF, 0xFF, 0xFF, 0xFF, 0xFF, 0xFF, 0xFF, 0x3F, 0xE0, 0x00,
    0x0F, 0xF8, 0x7F, 0xC0, 0x00, 0x1F, 0xF0, 0xFF, 0xC0, 0x00, 0x7F, 0xE1, 0xFF, 0x80, 0x00, 0xFF,
    0xC3, 0xFF, 0x80, 0x03, 0xFF, 0x87, 0xFF, 0x00, 0x07, 0xFF, 0x0F, 0xFF, 0x00, 0x1F, 0xFE, 0x3F,
    0xFE, 0x00, 0x3F, 0xFC, 0x7F, 0xFE, 0x00, 0x7F, 0xF8, 0xFF, 0xFC, 0x01, 0xFF, 0xF9, 0xFF, 0xFC,
    0x03, 0xFF, 0xF3, 0xFF, 0xF8, 0x0F, 0xFF, 0xE7, 0xFF, 0xF0, 0x1F, 0xFF, 0xCF, 0xFF, 0xF0, 0x7F,
    0xFF, 0x9F, 0xEF, 0xE0, 0xFE, 0xFF, 0x3F, 0xDF, 0xE3, 0xFD, 0xFE, 0x7F, 0xBF, 0xC7, 0xF3, 0xFC,
    0xFF, 0x3F, 0xCF, 0xE7, 0xF9, 0xFE, 0x7F, 0xBF, 0xCF, 0xF3, 0xFC, 0x7F, 0x7F, 0x1F, 0xEF, 0xF8,
    0xFF, 0xFE, 0x3F, 0xDF, 0xF1, 0xFF, 0xF8, 0x7F, 0xBF, 0xC1, 0xFF, 0xF0, 0xFF, 0xFF, 0x83, 0xFF,
    0xE1, 0xFF, 0xFF, 0x03, 0xFF, 0x83, 0xFF, 0xFE, 0x07, 0xFF, 0x03, 0xFF, 0xFC, 0x0F, 0xFC, 0x07,
    0xFF, 0xF8, 0x0F, 0xF8, 0x0F, 0xFF, 0xF0, 0x1F, 0xF0, 0x1F, 0xFF, 0xE0, 0x1F, 0xC0, 0x3F, 0xFF,
    0xC0, 0x3F, 0x80, 0x7F, 0xFF, 0x80, 0x00, 0x00, 0xFF, 0xFF, 0x00, 0x00, 0x01, 0xFF, 0xFE, 0x00,
    0x00, 0x03, 0xFF, 0xFC, 0x00, 0x00, 0x07, 0xF8, 0xFE, 0x00, 0x03, 0xFF, 0xFC, 0x00, 0x0F, 0xFF,
    0xF8, 0x00, 0x3F, 0xFF, 0xF0, 0x00, 0xFF, 0xFF, 0xE0, 0x03, 0xFF, 0xFF, 0xC0, 0x0F, 0xFF, 0xFF,
    0x00, 0x3F, 0xFF, 0xFE, 0x00, 0xFF, 0xFF, 0xFC, 0x03, 0xFF, 0xFF, 0xF8, 0x0F, 0xFF, 0xFF, 0xE0,
    0x3F, 0xFF, 0xFF, 0xC0, 0xFF, 0xFF, 0xFF, 0x83, 0xFF, 0xFF, 0xFE, 0x0F, 0xFF, 0xF7, 0xFC, 0x3F,
    0xFF, 0xCF, 0xF8, 0xFF, 0xFF, 0x1F, 0xF3, 0xFF, 0xFC, 0x3F, 0xCF, 0xFF, 0xF0, 0xFF, 0xBF, 0xFF,
    0xC1, 0xFF, 0xFF, 0xFF, 0x03, 0xFF, 0xFF, 0xFC, 0x0F, 0xFF, 0xFF, 0xF0, 0x1F, 0xFF, 0xFF, 0xC0,
    0x3F, 0xFF, 0xFF, 0x00, 0xFF, 0xFF, 0xFC, 0x01, 0xFF, 0xFF, 0xF0, 0x03, 0xFF, 0xFF, 0xC0, 0x0F,
    0xFF, 0xFF, 0x00, 0x1F, 0xFF, 0xFC, 0x00, 0x3F, 0xFF, 0xF0, 0x00, 0xFF, 0xFF, 0xC0, 0x01, 0xFF,
    0xFF, 0x00, 0x07, 0xFF, 0xFC, 0x00, 0x0F, 0xFF, 0xF0, 0x00, 0x1F, 0xC0, 0x00, 0x0F, 0xFE, 0x00,
    0x00, 0x07, 0xFF, 0xF8, 0x00, 0x03, 0xFF, 0xFF, 0xC0, 0x00, 0xFF, 0xFF, 0xFC, 0x00, 0x7F, 0xFF,
    0xFF, 0xC0, 0x1F, 0xFF, 0xFF, 0xFC, 0x03, 0xFF, 0xFF, 0xFF, 0xC0, 0xFF, 0xFC, 0xFF, 0xFC, 0x3F,
    0xF8, 0x03, 0xFF, 0x87, 0xFE, 0x00, 0x3F, 0xF8, 0xFF, 0x80, 0x03, 0xFF, 0x3F, 0xF0, 0x00, 0x3F,
    0xE7, 0xFC, 0x00, 0x07, 0xFE, 0xFF, 0x80, 0x00, 0x7F, 0xFF, 0xE0, 0x00, 0x0F, 0xFF, 0xFC, 0x00,
    0x01, 0xFF, 0xFF, 0x80, 0x00, 0x3F, 0xFF, 0xF0, 0x00, 0x03, 0xFF, 0xFE, 0x00, 0x00, 0x7F, 0xFF,
    0xC0, 0x00, 0x0F, 0xFF, 0xF8, 0x00, 0x03, 0xFF, 0xFF, 0x00, 0x00, 0x7F, 0xFF, 0xE0, 0x00, 0x0F,
    0xFB, 0xFE, 0x00, 0x01, 0xFF, 0x7F, 0xC0, 0x00, 0x7F, 0xEF, 0xFC, 0x00, 0x0F, 0xF9, 0xFF, 0x80,
    0x03, 0xFF, 0x1F, 0xF8, 0x00, 0xFF, 0xE3, 0xFF, 0x80, 0x3F, 0xF8, 0x3F, 0xFE, 0x3F, 0xFF, 0x03,
    0xFF, 0xFF, 0xFF, 0xC0, 0x7F, 0xFF, 0xFF, 0xF0, 0x07, 0xFF, 0xFF, 0xFC, 0x00, 0x7F, 0xFF, 0xFF,
    0x00, 0x03, 0xFF, 0xFF, 0xC0, 0x00, 0x3F, 0xFF, 0xE0, 0x00, 0x00, 0xFF, 0xF0, 0x00, 0xFF, 0xFF,
    0xC0, 0x1F, 0xFF, 0xFF, 0x03, 0xFF, 0xFF, 0xF8, 0x7F, 0xFF, 0xFF, 0x8F, 0xFF, 0xFF, 0xF9, 0xFF,
    0xFF, 0xFF, 0x3F, 0xFF, 0xFF, 0xF7, 0xF8, 0x3F, 0xFE, 0xFF, 0x00, 0x7F, 0xFF, 0xE0, 0x07, 0xFF,
    0xFC, 0x00, 0xFF, 0xFF, 0x80, 0x1F, 0xFF, 0xF0, 0x03, 0xFF, 0xFE, 0x00, 0x7F, 0xFF, 0xC0, 0x1F,
    0xFF, 0xF8, 0x3F, 0xFE, 0xFF, 0xFF, 0xFF, 0xDF, 0xFF, 0xFF, 0xF3, 0xFF, 0xFF, 0xFE, 0x7F, 0xFF,
    0xFF, 0x8F, 0xFF, 0xFF, 0xE1, 0xFF, 0xFF, 0xF0, 0x3F, 0xFF, 0xF0, 0x07, 0xF8, 0x00, 0x00, 0xFF,
    0x00, 0x00, 0x1F, 0xE0, 0x00, 0x03, 0xFC, 0x00, 0x00, 0x7F, 0x80, 0x00, 0x0F, 0xF0, 0x00, 0x01,
    0xFE, 0x00, 0x00, 0x3F, 0xC0, 0x00, 0x07, 0xF8, 0x00, 0x00, 0xFF, 0x00, 0x00, 0x1F, 0xE0, 0x00,
    0x03, 0xFC, 0x00, 0x00, 0x00, 0x00, 0x0F, 0xFE, 0x00, 0x00, 0x07, 0xFF, 0xF8, 0x00, 0x03, 0xFF,
    0xFF, 0xC0, 0x00, 0xFF, 0xFF, 0xFC, 0x00, 0x7F, 0xFF, 0xFF, 0xC0, 0x0F, 0xFF, 0xFF, 0xFC, 0x03,
    0xFF, 0xFF, 0xFF, 0xC0, 0xFF, 0xFC, 0xFF, 0xFC, 0x3F, 0xF8, 0x03, 0xFF, 0x87, 0xFE, 0x00, 0x3F,
    0xF8, 0xFF, 0x80, 0x03, 0xFF, 0x3F, 0xF0, 0x00, 0x3F, 0xE7, 0xFC, 0x00, 0x07, 0xFE, 0xFF, 0x80,
    0x00, 0x7F, 0xFF, 0xE0, 0x00, 0x0F, 0xFF, 0xFC, 0x00, 0x01, 0xFF, 0xFF, 0x80, 0x00, 0x3F, 0xFF,
    0xF0, 0x00, 0x03, 0xFF, 0xFE, 0x00, 0x00, 0x7F, 0xFF, 0xC0, 0x00, 0x0F, 0xFF, 0xF8, 0x00, 0x03,
    0xFF, 0xFF, 0x00, 0x00, 0x7F, 0xFF, 0xE0, 0x00, 0x0F, 0xFB, 0xFE, 0x00, 0x01, 0xFF, 0x7F, 0xC0,
    0x00, 0x7F, 0xEF, 0xFC, 0x00, 0x0F, 0xF9, 0xFF, 0x80, 0x03, 0xFF, 0x1F, 0xF8, 0x00, 0xFF, 0xE3,
    0xFF, 0x80, 0x3F, 0xF8, 0x3F, 0xFE, 0x3F, 0xFF, 0x07, 0xFF, 0xFF, 0xFF, 0xC0, 0x7F, 0xFF, 0xFF,
    0xF0, 0x07, 0xFF, 0xFF, 0xFC, 0x00, 0x7F, 0xFF, 0xFF, 0x00, 0x07, 0xFF, 0xFF, 0xC0, 0x00, 0x3F,
    0xFF, 0xE0, 0x00, 0x01, 0xFF, 0xF0, 0x00, 0x00, 0x03, 0xFE, 0x00, 0x00, 0x00, 0x7F, 0xE0, 0x00,
    0x00, 0x07, 0xFF, 0xF0, 0x00, 0x00, 0xFF, 0xFF, 0x80, 0x00, 0x0F, 0xFF, 0xF0, 0x00, 0x00, 0xFF,
    0xFC, 0x00, 0x00, 0x0F, 0xFF, 0x80, 0x00, 0x00, 0x7F, 0xF0, 0x00, 0x00, 0x01, 0xFE, 0x00, 0xFF,
    0xFF, 0xC0, 0x07, 0xFF, 0xFF, 0x80, 0x3F, 0xFF, 0xFF, 0x01, 0xFF, 0xFF, 0xFC, 0x0F, 0xFF, 0xFF,
    0xF0, 0x7F, 0xFF, 0xFF, 0xC3, 0xFF, 0xFF, 0xFF, 0x1F, 0xE0, 0xFF, 0xF8, 0xFF, 0x00, 0xFF, 0xC7,
    0xF8, 0x03, 0xFE, 0x3F, 0xC0, 0x0F, 0xF9, 0xFE, 0x00, 0x7F, 0xCF, 0xF0, 0x03, 0xFE, 0x7F, 0x80,
    0x3F, 0xF3, 0xFC, 0x03, 0xFF, 0x1F, 0xE0, 0xFF, 0xF8, 0xFF, 0xFF, 0xFF, 0xC7, 0xFF, 0xFF, 0xFC,
    0x3F, 0xFF, 0xFF, 0xC1, 0xFF, 0xFF, 0xFE, 0x0F, 0xFF, 0xFF, 0xC0, 0x7F, 0xFF, 0xFC, 0x03, 0xFF,
    0xFF, 0xE0, 0x1F, 0xE1, 0xFF, 0x80, 0xFF, 0x0F, 0xFC, 0x07, 0xF8, 0x3F, 0xF0, 0x3F, 0xC0, 0xFF,
    0xC1, 0xFE, 0x03, 0xFF, 0x0F, 0xF0, 0x1F, 0xF8, 0x7F, 0x80, 0x7F, 0xE3, 0xFC, 0x03, 0xFF, 0x1F,
    0xE0, 0x0F, 0xFC, 0xFF, 0x00, 0x3F, 0xE7, 0xF8, 0x01, 0xFF, 0xBF, 0xC0, 0x07, 0xFC, 0x00, 0x7F,
    0xF8, 0x00, 0x7F, 0xFF, 0xC0, 0x1F, 0xFF, 0xFE, 0x07, 0xFF, 0xFF, 0x81, 0xFF, 0xFF, 0xF0, 0x7F,
    0xFF, 0xFE, 0x0F, 0xFF, 0xFF, 0x81, 0xFF, 0xC3, 0xF0, 0x7F, 0xC0, 0x0E, 0x0F, 0xF8, 0x00, 0x01,
    0xFF, 0x00, 0x00, 0x3F, 0xE0, 0x00, 0x07, 0xFE, 0x00, 0x00, 0xFF, 0xF0, 0x00, 0x0F, 0xFF, 0xC0,
    0x01, 0xFF, 0xFE, 0x00, 0x1F, 0xFF, 0xF0, 0x01, 0xFF, 0xFF, 0x80, 0x1F, 0xFF, 0xF8, 0x01, 0xFF,
    0xFF, 0x80, 0x07, 0xFF, 0xF8, 0x00, 0x3F, 0xFF, 0x00, 0x00, 0xFF, 0xF0, 0x00, 0x07, 0xFE, 0x00,
    0x00, 0x7F, 0xC0, 0x00, 0x07, 0xF8, 0x00, 0x00, 0xFF, 0x00, 0x00, 0x3F, 0xE3, 0xC0, 0x07, 0xFC,
    0x7F, 0x87, 0xFF, 0x8F, 0xFF, 0xFF, 0xF3, 0xFF, 0xFF, 0xFC, 0x7F, 0xFF, 0xFF, 0x8F, 0xFF, 0xFF,
    0xE1, 0xFF, 0xFF, 0xF8, 0x1F, 0xFF, 0xFC, 0x00, 0x7F, 0xFE, 0x00, 0xFF, 0xFF, 0xFF, 0xFF, 0xFF,
    0xFF, 0xFF, 0xFF, 0xFF, 0xFF, 0xFF, 0xFF, 0xFF, 0xFF, 0xFF, 0xFF, 0xFF, 0xFF, 0xFF, 0xFF, 0xFF,
    0xFF, 0xFF, 0xFF, 0xFF, 0xE0, 0x07, 0xFC, 0x00, 0x00, 0x3F, 0xE0, 0x00, 0x01, 0xFF, 0x00, 0x00,
    0x0F, 0xF8, 0x00, 0x00, 0x7F, 0xC0, 0x00, 0x03, 0xFE, 0x00, 0x00, 0x1F, 0xF0, 0x00, 0x00, 0xFF,
    0x80, 0x00, 0x07, 0xFC, 0x00, 0x00, 0x3F, 0xE0, 0x00, 0x01, 0xFF, 0x00, 0x00, 0x0F, 0xF8, 0x00,
    0x00, 0x7F, 0xC0, 0x00, 0x03, 0xFE, 0x00, 0x00, 0x1F, 0xF0, 0x00, 0x00, 0xFF, 0x80, 0x00, 0x07,
    0xFC, 0x00, 0x00, 0x3F, 0xE0, 0x00, 0x01, 0xFF, 0x00, 0x00, 0x0F, 0xF8, 0x00, 0x00, 0x7F, 0xC0,
    0x00, 0x03, 0xFE, 0x00, 0x00, 0x1F, 0xF0, 0x00, 0x00, 0xFF, 0x80, 0x00, 0x07, 0xFC, 0x00, 0x00,
    0x3F, 0xE0, 0x00, 0x01, 0xFF, 0x00, 0x00, 0x0F, 0xF8, 0x00, 0xFF, 0x80, 0x07, 0xFF, 0xFC, 0x00,
    0x3F, 0xFF, 0xE0, 0x01, 0xFF, 0xFF, 0x00, 0x0F, 0xFF, 0xF8, 0x00, 0x7F, 0xFF, 0xC0, 0x03, 0xFF,
    0xFE, 0x00, 0x1F, 0xFF, 0xF0, 0x00, 0xFF, 0xFF, 0x80, 0x07, 0xFF, 0xFC, 0x00, 0x3F, 0xFF, 0xE0,
    0x01, 0xFF, 0xFF, 0x00, 0x0F, 0xFF, 0xF8, 0x00, 0x7F, 0xFF, 0xC0, 0x03, 0xFF, 0xFE, 0x00, 0x1F,
    0xFF, 0xF0, 0x00, 0xFF, 0xFF, 0x80, 0x07, 0xFF, 0xFC, 0x00, 0x3F, 0xFF, 0xE0, 0x01, 0xFF, 0xFF,
    0x00, 0x0F, 0xFF, 0xF8, 0x00, 0x7F, 0xFF, 0xC0, 0x03, 0xFF, 0xFE, 0x00, 0x1F, 0xFF, 0xF0, 0x01,
    0xFF, 0xFF, 0x80, 0x0F, 0xFF, 0xFC, 0x00, 0x7F, 0xDF, 0xF0, 0x07, 0xFE, 0xFF, 0xC0, 0x7F, 0xE7,
    0xFF, 0x8F, 0xFF, 0x1F, 0xFF, 0xFF, 0xF8, 0xFF, 0xFF, 0xFF, 0x83, 0xFF, 0xFF, 0xF8, 0x0F, 0xFF,
    0xFF, 0x80, 0x3F, 0xFF, 0xF8, 0x00, 0x7F, 0xFF, 0x80, 0x00, 0xFF, 0xE0, 0x00, 0xFF, 0xC0, 0x00,
    0x1F, 0xF7, 0xFC, 0x00, 0x03, 0xFE, 0x7F, 0xC0, 0x00, 0x3F, 0xE7, 0xFE, 0x00, 0x03, 0xFE, 0x3F,
    0xE0, 0x00, 0x7F, 0xC3, 0xFE, 0x00, 0x07, 0xFC, 0x3F, 0xF0, 0x00, 0x7F, 0xC1, 0xFF, 0x00, 0x0F,
    0xF8, 0x1F, 0xF0, 0x00, 0xFF, 0x81, 0xFF, 0x80, 0x0F, 0xF8, 0x0F, 0xF8, 0x01, 0xFF, 0x00, 0xFF,
    0x80, 0x1F, 0xF0, 0x07, 0xFC, 0x01, 0xFF, 0x00, 0x7F, 0xC0, 0x3F, 0xE0, 0x07, 0xFC, 0x03, 0xFE,
    0x00, 0x3F, 0xE0, 0x3F, 0xC0, 0x03, 0xFE, 0x07, 0xFC, 0x00, 0x3F, 0xE0, 0x7F, 0xC0, 0x01, 0xFF,
    0x07, 0xF8, 0x00, 0x1F, 0xF0, 0xFF, 0x80, 0x00, 0xFF, 0x8F, 0xF0, 0x00, 0x0F, 0xF9, 0xFF, 0x00,
    0x00, 0x7F, 0x9F, 0xF0, 0x00, 0x07, 0xFD, 0xFE, 0x00, 0x00, 0x7F, 0xFF, 0xE0, 0x00, 0x03, 0xFF,
    0xFC, 0x00, 0x00, 0x3F, 0xFF, 0xC0, 0x00, 0x01, 0xFF, 0xFC, 0x00, 0x00, 0x1F, 0xFF, 0x80, 0x00,
    0x01, 0xFF, 0xF8, 0x00, 0x00, 0x0F, 0xFF, 0x00, 0x00, 0x00, 0xFF, 0xF0, 0x00, 0x00, 0x07, 0xFE,
    0x00, 0x00, 0x00, 0x7F, 0xE0, 0x00, 0x00, 0x03, 0xFC, 0x00, 0x00, 0xFF, 0x80, 0x00, 0x00, 0x07,
    0xFF, 0xFE, 0x00, 0x00, 0x00, 0x1F, 0xEF, 0xF8, 0x00, 0x00, 0x00, 0xFF, 0xBF, 0xE0, 0x00, 0x00,
    0x03, 0xFE, 0x7F, 0xC0, 0x1F, 0xE0, 0x0F, 0xF9, 0xFF, 0x00, 0x7F, 0x80, 0x3F, 0xE7, 0xFC, 0x01,
    0xFE, 0x00, 0xFF, 0x1F, 0xF0, 0x0F, 0xFC, 0x03, 0xFC, 0x7F, 0xC0, 0x3F, 0xF0, 0x1F, 0xF0, 0xFF,
    0x80, 0xFF, 0xC0, 0x7F, 0xC3, 0xFE, 0x07, 0xFF, 0x01, 0xFF, 0x0F, 0xF8, 0x1F, 0xFE, 0x07, 0xF8,
    0x3F, 0xE0, 0x7F, 0xF8, 0x1F, 0xE0, 0x7F, 0x81, 0xFF, 0xE0, 0x7F, 0x81, 0xFF, 0x0F, 0xFF, 0xC3,
    0xFE, 0x07, 0xFC, 0x3F, 0xFF, 0x0F, 0xF0, 0x1F, 0xF0, 0xFD, 0xFC, 0x3F, 0xC0, 0x3F, 0xC7, 0xF7,
    0xF8, 0xFF, 0x00, 0xFF, 0x1F, 0xCF, 0xE7, 0xFC, 0x03, 0xFE, 0x7E, 0x3F, 0x9F, 0xE0, 0x0F, 0xF9,
    0xF8, 0xFE, 0x7F, 0x80, 0x1F, 0xEF, 0xE3, 0xFD, 0xFE, 0x00, 0x7F, 0xBF, 0x87, 0xF7, 0xF0, 0x01,
    0xFF, 0xFC, 0x1F, 0xFF, 0xC0, 0x07, 0xFF, 0xF0, 0x7F, 0xFF, 0x00, 0x0F, 0xFF, 0xC0, 0xFF, 0xFC,
    0x00, 0x3F, 0xFE, 0x03, 0xFF, 0xE0, 0x00, 0xFF, 0xF8, 0x0F, 0xFF, 0x80, 0x01, 0xFF, 0xE0, 0x1F,
    0xFE, 0x00, 0x07, 0xFF, 0x00, 0x7F, 0xF8, 0x00, 0x1F, 0xFC, 0x01, 0xFF, 0xC0, 0x00, 0x3F, 0xF0,
    0x03, 0xFF, 0x00, 0x00, 0xFF, 0x80, 0x0F, 0xFC, 0x00, 0x03, 0xFE, 0x00, 0x3F, 0xE0, 0x00, 0x0F,
    0xF8, 0x00, 0x7F, 0x80, 0x00, 0x7F, 0xE0, 0x01, 0xFF, 0x8F, 0xFC, 0x00, 0xFF, 0xC3, 0xFF, 0x80,
    0x3F, 0xE0, 0x7F, 0xE0, 0x1F, 0xF8, 0x0F, 0xFC, 0x0F, 0xFC, 0x03, 0xFF, 0x03, 0xFE, 0x00, 0x7F,
    0xE1, 0xFF, 0x80, 0x1F, 0xFC, 0xFF, 0xC0, 0x03, 0xFF, 0x3F, 0xE0, 0x00, 0x7F, 0xFF, 0xF8, 0x00,
    0x1F, 0xFF, 0xFC, 0x00, 0x03, 0xFF, 0xFE, 0x00, 0x00, 0x7F, 0xFF, 0x80, 0x00, 0x1F, 0xFF, 0xC0,
    0x00, 0x03, 0xFF, 0xE0, 0x00, 0x00, 0x7F, 0xF8, 0x00, 0x00, 0x1F, 0xFC, 0x00, 0x00, 0x03, 0xFF,
    0x00, 0x00, 0x01, 0xFF, 0xE0, 0x00, 0x00, 0xFF, 0xFC, 0x00, 0x00, 0x3F, 0xFF, 0x00, 0x00, 0x1F,
    0xFF, 0xE0, 0x00, 0x0F, 0xFF, 0xFC, 0x00, 0x07, 0xFF, 0xFF, 0x80, 0x01, 0xFF, 0xFF, 0xE0, 0x00,
    0xFF, 0xDF, 0xFC, 0x00, 0x7F, 0xE3, 0xFF, 0x80, 0x1F, 0xF8, 0x7F, 0xE0, 0x0F, 0xFC, 0x0F, 0xFC,
    0x07, 0xFE, 0x03, 0xFF, 0x01, 0xFF, 0x80, 0x7F, 0xE0, 0xFF, 0xC0, 0x0F, 0xFC, 0x3F, 0xE0, 0x03,
    0xFF, 0x1F, 0xF8, 0x00, 0x7F, 0xEF, 0xFC, 0x00, 0x1F, 0xF8, 0xFF, 0xC0, 0x00, 0xFF, 0xBF, 0xE0,
    0x00, 0xFF, 0x9F, 0xF8, 0x00, 0x7F, 0xC7, 0xFC, 0x00, 0x7F, 0xC3, 0xFF, 0x00, 0x3F, 0xE0, 0xFF,
    0x80, 0x3F, 0xE0, 0x7F, 0xE0, 0x1F, 0xF0, 0x1F, 0xF0, 0x1F, 0xF0, 0x0F, 0xFC, 0x1F, 0xF8, 0x03,
    0xFF, 0x0F, 0xF8, 0x01, 0xFF, 0x8F, 0xFC, 0x00, 0x7F, 0xE7, 0xFC, 0x00, 0x1F, 0xF7, 0xFC, 0x00,
    0x0F, 0xFF, 0xFE, 0x00, 0x03, 0xFF, 0xFE, 0x00, 0x01, 0xFF, 0xFF, 0x00, 0x00, 0x7F, 0xFF, 0x00,
    0x00, 0x1F, 0xFF, 0x00, 0x00, 0x0F, 0xFF, 0x80, 0x00, 0x03, 0xFF, 0x80, 0x00, 0x01, 0xFF, 0xC0,
    0x00, 0x00, 0x7F, 0xC0, 0x00, 0x00, 0x3F, 0xE0, 0x00, 0x00, 0x1F, 0xF0, 0x00, 0x00, 0x0F, 0xF8,
    0x00, 0x00, 0x07, 0xFC, 0x00, 0x00, 0x03, 0xFE, 0x00, 0x00, 0x01, 0xFF, 0x00, 0x00, 0x00, 0xFF,
    0x80, 0x00, 0x00, 0x7F, 0xC0, 0x00, 0x00, 0x3F, 0xE0, 0x00, 0x00, 0x1F, 0xF0, 0x00, 0x00, 0x0F,
    0xF8, 0x00, 0x00, 0x07, 0xFC, 0x00, 0x00, 0x03, 0xFE, 0x00, 0x00, 0x7F, 0xFF, 0xFF, 0xF7, 0xFF,
    0xFF, 0xFF, 0x7F, 0xFF, 0xFF, 0xF7, 0xFF, 0xFF, 0xFF, 0x7F, 0xFF, 0xFF, 0xF7, 0xFF, 0xFF, 0xFF,
    0x7F, 0xFF, 0xFF, 0xE0, 0x00, 0x0F, 0xFC, 0x00, 0x01, 0xFF, 0x80, 0x00, 0x1F, 0xF8, 0x00, 0x03,
    0xFF, 0x00, 0x00, 0x7F, 0xE0, 0x00, 0x0F, 0xFC, 0x00, 0x01, 0xFF, 0x80, 0x00, 0x1F, 0xF0, 0x00,
    0x03, 0xFF, 0x00, 0x00, 0x7F, 0xE0, 0x00, 0x0F, 0xFC, 0x00, 0x00, 0xFF, 0x80, 0x00, 0x1F, 0xF8,
    0x00, 0x03, 0xFF, 0x00, 0x00, 0x3F, 0xE0, 0x00, 0x07, 0xFC, 0x00, 0x00, 0xFF, 0xC0, 0x00, 0x0F,
    0xF8, 0x00, 0x01, 0xFF, 0x00, 0x00, 0x3F, 0xF0, 0x00, 0x03, 0xFE, 0x00, 0x00, 0x7F, 0xFF, 0xFF,
    0xF7, 0xFF, 0xFF, 0xFF, 0xFF, 0xFF, 0xFF, 0xFF, 0xFF, 0xFF, 0xFF, 0xFF, 0xFF, 0xFF, 0xFF, 0xFF,
    0xFF, 0xFF, 0xFF, 0xFF, 0xFF, 0xF0, 0xFF, 0xFD, 0xFF, 0xFB, 0xFF, 0xF7, 0xFF, 0xEF, 0xFF, 0xDF,
    0xFF, 0xBF, 0xC0, 0x7F, 0x80, 0xFF, 0x01, 0xFE, 0x03, 0xFC, 0x07, 0xF8, 0x0F, 0xF0, 0x1F, 0xE0,
    0x3F, 0xC0, 0x7F, 0x80, 0xFF, 0x01, 0xFE, 0x03, 0xFC, 0x07, 0xF8, 0x0F, 0xF0, 0x1F, 0xE0, 0x3F,
    0xC0, 0x7F, 0x80, 0xFF, 0x01, 0xFE, 0x03, 0xFC, 0x07, 0xF8, 0x0F, 0xF0, 0x1F, 0xE0, 0x3F, 0xC0,
    0x7F, 0x80, 0xFF, 0x01, 0xFE, 0x03, 0xFC, 0x07, 0xF8, 0x0F, 0xF0, 0x1F, 0xE0, 0x3F, 0xC0, 0x7F,
    0x80, 0xFF, 0x01, 0xFE, 0x03, 0xFF, 0xF7, 0xFF, 0xEF, 0xFF, 0xDF, 0xFF, 0xBF, 0xFF, 0x7F, 0xFE,
    0x7F, 0x80, 0x00, 0x1F, 0xE0, 0x00, 0x07, 0xFC, 0x00, 0x00, 0xFF, 0x00, 0x00, 0x3F, 0xC0, 0x00,
    0x0F, 0xF8, 0x00, 0x01, 0xFE, 0x00, 0x00, 0x7F, 0x80, 0x00, 0x1F, 0xF0, 0x00, 0x03, 0xFC, 0x00,
    0x00, 0xFF, 0x00, 0x00, 0x3F, 0xE0, 0x00, 0x07, 0xF8, 0x00, 0x01, 0xFE, 0x00, 0x00, 0x7F, 0xC0,
    0x00, 0x0F, 0xF0, 0x00, 0x03, 0xFC, 0x00, 0x00, 0xFF, 0x80, 0x00, 0x1F, 0xE0, 0x00, 0x07, 0xF8,
    0x00, 0x00, 0xFF, 0x00, 0x00, 0x3F, 0xC0, 0x00, 0x0F, 0xF8, 0x00, 0x01, 0xFE, 0x00, 0x00, 0x7F,
    0x80, 0x00, 0x1F, 0xF0, 0x00, 0x03, 0xFC, 0x00, 0x00, 0xFF, 0x00, 0x00, 0x3F, 0xE0, 0x00, 0x07,
    0xF8, 0x00, 0x01, 0xFE, 0x00, 0x00, 0x7F, 0xC0, 0x00, 0x0F, 0xF0, 0x00, 0x03, 0xFC, 0x00, 0x00,
    0xFF, 0x80, 0x00, 0x1F, 0xE0, 0x00, 0x07, 0xF8, 0x00, 0x01, 0xFF, 0x00, 0x00, 0x3F, 0xC0, 0x00,
    0x0F, 0xF0, 0x00, 0x03, 0xFE, 0x00, 0x00, 0x7F, 0x80, 0x00, 0x1F, 0xF0, 0x00, 0x03, 0xFC, 0x00,
    0x00, 0xFF, 0x00, 0x00, 0x3F, 0xE0, 0x00, 0x07, 0xF8, 0x00, 0x01, 0xFE, 0xFF, 0xFD, 0xFF, 0xFB,
    0xFF, 0xF7, 0xFF, 0xEF, 0xFF, 0xDF, 0xFF, 0x80, 0x7F, 0x00, 0xFE, 0x01, 0xFC, 0x03, 0xF8, 0x07,
    0xF0, 0x0F, 0xE0, 0x1F, 0xC0, 0x3F, 0x80, 0x7F, 0x00, 0xFE, 0x01, 0xFC, 0x03, 0xF8, 0x07, 0xF0,
    0x0F, 0xE0, 0x1F, 0xC0, 0x3F, 0x80, 0x7F, 0x00, 0xFE, 0x01, 0xFC, 0x03, 0xF8, 0x07, 0xF0, 0x0F,
    0xE0, 0x1F, 0xC0, 0x3F, 0x80, 0x7F, 0x00, 0xFE, 0x01, 0xFC, 0x03, 0xF8, 0x07, 0xF0, 0x0F, 0xE0,
    0x1F, 0xC0, 0x3F, 0x80, 0x7F, 0x00, 0xFE, 0x01, 0xFC, 0x03, 0xFB, 0xFF, 0xF7, 0xFF, 0xEF, 0xFF,
    0xDF, 0xFF, 0xBF, 0xFF, 0x7F, 0xFE, 0x00, 0x1F, 0xC0, 0x00, 0x03, 0xFC, 0x00, 0x00, 0x7F, 0xE0,
    0x00, 0x07, 0xFF, 0x00, 0x00, 0xFF, 0xF0, 0x00, 0x1F, 0xFF, 0x80, 0x01, 0xFF, 0xFC, 0x00, 0x3F,
    0xFF, 0xC0, 0x03, 0xFF, 0xFE, 0x00, 0x7F, 0xDF, 0xE0, 0x0F, 0xF9, 0xFF, 0x00, 0xFF, 0x8F, 0xF8,
    0x1F, 0xF0, 0xFF, 0x81, 0xFE, 0x07, 0xFC, 0x3F, 0xE0, 0x3F, 0xC7, 0xFC, 0x03, 0xFE, 0x7F, 0xC0,
    0x1F, 0xF7, 0xF8, 0x01, 0xFE, 0x1F, 0x00, 0x0F, 0x80, 0x70, 0x00, 0x60, 0xFF, 0xFF, 0xFF, 0xFF,
    0xFF, 0xFF, 0xFF, 0xFF, 0xFF, 0xFF, 0xFF, 0xFF, 0xFF, 0xFF, 0xFF, 0xFF, 0xFF, 0xFF, 0xFC, 0x18,
    0x03, 0xC0, 0x7E, 0x0F, 0xF0, 0xFF, 0x87, 0xFC, 0x3F, 0xE0, 0xFF, 0x07, 0xF0, 0x3C, 0x01, 0x80,
    0x07, 0xFF, 0xC0, 0x1F, 0xFF, 0xF0, 0x1F, 0xFF, 0xF8, 0x1F, 0xFF, 0xFC, 0x1F, 0xFF, 0xFC, 0x0F,
    0xFF, 0xFE, 0x0F, 0x87, 0xFE, 0x00, 0x01, 0xFE, 0x00, 0x01, 0xFF, 0x00, 0x00, 0xFF, 0x00, 0x00,
    0xFF, 0x03, 0xFF, 0xFF, 0x0F, 0xFF, 0xFF, 0x1F, 0xFF, 0xFF, 0x3F, 0xFF, 0xFF, 0x7F, 0xFF, 0xFF,
    0x7F, 0xE1, 0xFF, 0x7F, 0x80, 0xFF, 0xFF, 0x80, 0xFF, 0xFF, 0x80, 0xFF, 0xFF, 0x80, 0xFF, 0x7F,
    0xE0, 0xFF, 0x7F, 0xFF, 0xFF, 0x7F, 0xFF, 0xFF, 0x3F, 0xFF, 0xFF, 0x1F, 0xFF, 0xFF, 0x0F, 0xFF,
    0xFF, 0x03, 0xFF, 0xF8, 0x1F, 0x00, 0x00, 0x7F, 0x80, 0x00, 0x3F, 0xC0, 0x00, 0x1F, 0xE0, 0x00,
    0x0F, 0xF0, 0x00, 0x07, 0xF8, 0x00, 0x03, 0xFC, 0x00, 0x01, 0xFE, 0x00, 0x00, 0xFF, 0x00, 0x00,
    0x7F, 0x80, 0x00, 0x3F, 0xC0, 0x00, 0x1F, 0xE0, 0x00, 0x0F, 0xF7, 0xFC, 0x07, 0xFF, 0xFF, 0x83,
    0xFF, 0xFF, 0xE1, 0xFF, 0xFF, 0xF8, 0xFF, 0xFF, 0xFE, 0x7F, 0xFF, 0xFF, 0x3F, 0xF9, 0xFF, 0xDF,
    0xE0, 0x3F, 0xEF, 0xF0, 0x0F, 0xFF, 0xF8, 0x07, 0xFF, 0xFC, 0x01, 0xFF, 0xFE, 0x00, 0xFF, 0xFF,
    0x00, 0x7F, 0xFF, 0x80, 0x3F, 0xFF, 0xC0, 0x1F, 0xFF, 0xE0, 0x0F, 0xFF, 0xF0, 0x07, 0xFF, 0xF8,
    0x07, 0xFF, 0xFC, 0x03, 0xFF, 0xFE, 0x01, 0xFE, 0xFF, 0x01, 0xFF, 0x7F, 0xC7, 0xFF, 0xBF, 0xFF,
    0xFF, 0x9F, 0xFF, 0xFF, 0x8F, 0xFF, 0xFF, 0xC7, 0xFF, 0xFF, 0x83, 0xFF, 0xFF, 0x80, 0x3F, 0xFF,
    0x00, 0x00, 0x7F, 0xE0, 0x07, 0xFF, 0xE0, 0x7F, 0xFF, 0x83, 0xFF, 0xFE, 0x1F, 0xFF, 0xF8, 0xFF,
    0xFF, 0xC3, 0xFF, 0x8F, 0x1F, 0xF8, 0x00, 0x7F, 0xC0, 0x01, 0xFE, 0x00, 0x0F, 0xF8, 0x00, 0x3F,
    0xC0, 0x00, 0xFF, 0x00, 0x03, 0xFC, 0x00, 0x0F, 0xF0, 0x00, 0x3F, 0xC0, 0x00, 0xFF, 0x00, 0x03,
    0xFE, 0x00, 0x0F, 0xF8, 0x00, 0x1F, 0xF0, 0x00, 0x7F, 0xC0, 0x01, 0xFF, 0xE3, 0xE3, 0xFF, 0xFF,
    0x87, 0xFF, 0xFE, 0x0F, 0xFF, 0xF8, 0x1F, 0xFF, 0xF0, 0x3F, 0xFF, 0xC0, 0x3F, 0xFC, 0x00, 0x00,
    0x1F, 0x80, 0x00, 0x3F, 0xC0, 0x00, 0x1F, 0xE0, 0x00, 0x0F, 0xF0, 0x00, 0x07, 0xF8, 0x00, 0x03,
    0xFC, 0x00, 0x01, 0xFE, 0x00, 0x00, 0xFF, 0x00, 0x00, 0x7F, 0x80, 0x00, 0x3F, 0xC0, 0x00, 0x1F,
    0xE0, 0x00, 0x0F, 0xF0, 0x1F, 0xF7, 0xF8, 0x3F, 0xFF, 0xFC, 0x3F, 0xFF, 0xFE, 0x3F, 0xFF, 0xFF,
    0x3F, 0xFF, 0xFF, 0x9F, 0xFF, 0xFF, 0xDF, 0xFC, 0x7F, 0xEF, 0xF8, 0x0F, 0xF7, 0xF8, 0x07, 0xFF,
    0xFC, 0x03, 0xFF, 0xFE, 0x01, 0xFF, 0xFE, 0x00, 0xFF, 0xFF, 0x00, 0x7F, 0xFF, 0x80, 0x3F, 0xFF,
    0xC0, 0x1F, 0xFF, 0xE0, 0x0F, 0xFF, 0xF0, 0x07, 0xFF, 0xFC, 0x03, 0xFF, 0xFE, 0x01, 0xFE, 0xFF,
    0x80, 0xFF, 0x7F, 0xE0, 0x7F, 0x9F, 0xFC, 0x7F, 0xCF, 0xFF, 0xFF, 0xE3, 0xFF, 0xFF, 0xF0, 0xFF,
    0xFF, 0xF8, 0x3F, 0xFF, 0xFC, 0x0F, 0xFF, 0xFE, 0x01, 0xFF, 0xF8, 0x00, 0xFF, 0xC0, 0x01, 0xFF,
    0xF8, 0x01, 0xFF, 0xFE, 0x01, 0xFF, 0xFF, 0x81, 0xFF, 0xFF, 0xE1, 0xFF, 0xFF, 0xF8, 0xFF, 0xCF,
    0xFC, 0xFF, 0x81, 0xFE, 0x7F, 0x80, 0x7F, 0xFF, 0xC0, 0x3F, 0xFF, 0xC0, 0x1F, 0xFF, 0xFF, 0xFF,
    0xFF, 0xFF, 0xFF, 0xFF, 0xFF, 0xFF, 0xFF, 0xFF, 0xFF, 0xFF, 0xFF, 0xFF, 0xFF, 0xFF, 0x00, 0x00,
    0x7F, 0xC0, 0x00, 0x3F, 0xE0, 0x00, 0x0F, 0xF8, 0x00, 0x07, 0xFE, 0x00, 0x01, 0xFF, 0xE3, 0xF0,
    0xFF, 0xFF, 0xF8, 0x3F, 0xFF, 0xFC, 0x0F, 0xFF, 0xFE, 0x03, 0xFF, 0xFF, 0x80, 0xFF, 0xFF, 0xC0,
    0x0F, 0xFF, 0x00, 0x01, 0xFF, 0x80, 0xFF, 0xFC, 0x7F, 0xFF, 0x8F, 0xFF, 0xE3, 0xFF, 0xFC, 0xFF,
    0xFF, 0x9F, 0xF8, 0xE3, 0xFC, 0x00, 0xFF, 0x80, 0x1F, 0xF0, 0x03, 0xFC, 0x00, 0x7F, 0x80, 0x0F,
    0xF0, 0x01, 0xFF, 0xFF, 0xBF, 0xFF, 0xF7, 0xFF, 0xFE, 0xFF, 0xFF, 0xDF, 0xFF, 0xFB, 0xFF, 0xFF,
    0x7F, 0x80, 0x0F, 0xF0, 0x01, 0xFE, 0x00, 0x3F, 0xC0, 0x07, 0xF8, 0x00, 0xFF, 0x00, 0x1F, 0xE0,
    0x03, 0xFC, 0x00, 0x7F, 0x80, 0x0F, 0xF0, 0x01, 0xFE, 0x00, 0x3F, 0xC0, 0x07, 0xF8, 0x00, 0xFF,
    0x00, 0x1F, 0xE0, 0x03, 0xFC, 0x00, 0x7F, 0x80, 0x0F, 0xF0, 0x01, 0xFE, 0x00, 0x3F, 0xC0, 0x00,
    0x00, 0xFF, 0xFC, 0x01, 0xFF, 0xFF, 0x81, 0xFF, 0xFF, 0xE3, 0xFF, 0xFF, 0xF1, 0xFF, 0xFF, 0xF9,
    0xFF, 0xFF, 0xFD, 0xFF, 0xC3, 0xFE, 0xFF, 0x81, 0xFF, 0x7F, 0x80, 0xFF, 0xFF, 0xC0, 0x7F, 0xFF,
    0xE0, 0x3F, 0xFF, 0xE0, 0x1F, 0xFF, 0xF0, 0x0F, 0xFF, 0xF8, 0x07, 0xFF, 0xFC, 0x03, 0xFF, 0xFF,
    0x01, 0xFF, 0xFF, 0x80, 0xFF, 0xFF, 0xE0, 0x7F, 0xDF, 0xFC, 0xFF, 0xEF, 0xFF, 0xFF, 0xF3, 0xFF,
    0xFF, 0xF9, 0xFF, 0xFF, 0xFC, 0x7F, 0xFF, 0xFE, 0x0F, 0xFF, 0xFF, 0x01, 0xFF, 0xFF, 0x80, 0x00,
    0x7F, 0x80, 0x00, 0x3F, 0xC0, 0x00, 0x1F, 0xE1, 0x00, 0x1F, 0xF1, 0xF8, 0x7F, 0xF8, 0xFF, 0xFF,
    0xF8, 0x7F, 0xFF, 0xFC, 0x3F, 0xFF, 0xFC, 0x3F, 0xFF, 0xFC, 0x1F, 0xFF, 0xF8, 0x01, 0xFF, 0xF0,
    0x00, 0x1F, 0x00, 0x00, 0xFF, 0x00, 0x00, 0xFF, 0x00, 0x00, 0xFF, 0x00, 0x00, 0xFF, 0x00, 0x00,
    0xFF, 0x00, 0x00, 0xFF, 0x00, 0x00, 0xFF, 0x00, 0x00, 0xFF, 0x00, 0x00, 0xFF, 0x00, 0x00, 0xFF,
    0x00, 0x00, 0xFF, 0x00, 0x00, 0xFF, 0xFF, 0x80, 0xFF, 0xFF, 0xE0, 0xFF, 0xFF, 0xF0, 0xFF, 0xFF,
    0xF8, 0xFF, 0xFF, 0xFC, 0xFF, 0xFF, 0xFC, 0xFF, 0xC7, 0xFE, 0xFF, 0x03, 0xFE, 0xFF, 0x01, 0xFE,
    0xFF, 0x01, 0xFE, 0xFF, 0x01, 0xFE, 0xFF, 0x01, 0xFF, 0xFF, 0x01, 0xFF, 0xFF, 0x01, 0xFF, 0xFF,
    0x01, 0xFF, 0xFF, 0x01, 0xFF, 0xFF, 0x01, 0xFF, 0xFF, 0x01, 0xFF, 0xFF, 0x01, 0xFF, 0xFF, 0x01,
    0xFF, 0xFF, 0x01, 0xFF, 0xFF, 0x01, 0xFF, 0xFF, 0x01, 0xFF, 0xFF, 0x01, 0xFF, 0xFF, 0x01, 0xFF,
    0xFF, 0x01, 0xFF, 0xFF, 0x01, 0xFF, 0x3F, 0x1F, 0xE7, 0xFF, 0xFF, 0xFF, 0xFF, 0xF7, 0xFD, 0xFE,
    0x3F, 0x00, 0x00, 0x00, 0x00, 0x00, 0x1F, 0xE7, 0xF9, 0xFE, 0x7F, 0x9F, 0xE7, 0xF9, 0xFE, 0x7F,
    0x9F, 0xE7, 0xF9, 0xFE, 0x7F, 0x9F, 0xE7, 0xF9, 0xFE, 0x7F, 0x9F, 0xE7, 0xF9, 0xFE, 0x7F, 0x9F,
    0xE7, 0xF9, 0xFE, 0x7F, 0x9F, 0xE7, 0xF8, 0x00, 0xFC, 0x01, 0xFE, 0x01, 0xFF, 0x03, 0xFF, 0x03,
    0xFF, 0x03, 0xFF, 0x01, 0xFF, 0x01, 0xFE, 0x00, 0xFC, 0x00, 0x00, 0x00, 0x00, 0x00, 0x00, 0x00,
    0x00, 0x01, 0xFE, 0x01, 0xFE, 0x01, 0xFE, 0x01, 0xFE, 0x01, 0xFE, 0x01, 0xFE, 0x01, 0xFE, 0x01,
    0xFE, 0x01, 0xFE, 0x01, 0xFE, 0x01, 0xFE, 0x01, 0xFE, 0x01, 0xFE, 0x01, 0xFE, 0x01, 0xFE, 0x01,
    0xFE, 0x01, 0xFE, 0x01, 0xFE, 0x01, 0xFE, 0x01, 0xFE, 0x01, 0xFE, 0x01, 0xFE, 0x01, 0xFE, 0x01,
    0xFE, 0x01, 0xFE, 0x01, 0xFE, 0x01, 0xFE, 0x01, 0xFE, 0x67, 0xFE, 0x7F, 0xFE, 0x7F, 0xFC, 0x7F,
    0xFC, 0xFF, 0xF8, 0xFF, 0xF0, 0xFF, 0xC0, 0x1F, 0x00, 0x00, 0x3F, 0xC0, 0x00, 0x0F, 0xF0, 0x00,
    0x03, 0xFC, 0x00, 0x00, 0xFF, 0x00, 0x00, 0x3F, 0xC0, 0x00, 0x0F, 0xF0, 0x00, 0x03, 0xFC, 0x00,
    0x00, 0xFF, 0x00, 0x00, 0x3F, 0xC0, 0x00, 0x0F, 0xF0, 0x00, 0x03, 0xFC, 0x00, 0x00, 0xFF, 0x00,
    0x00, 0x3F, 0xC0, 0x7F, 0xEF, 0xF0, 0x3F, 0xF3, 0xFC, 0x0F, 0xF8, 0xFF, 0x07, 0xFC, 0x3F, 0xC3,
    0xFF, 0x0F, 0xF1, 0xFF, 0x83, 0xFC, 0xFF, 0xC0, 0xFF, 0x7F, 0xE0, 0x3F, 0xFF, 0xF0, 0x0F, 0xFF,
    0xF8, 0x03, 0xFF, 0xFC, 0x00, 0xFF, 0xFE, 0x00, 0x3F, 0xFF, 0xC0, 0x0F, 0xFF, 0xF8, 0x03, 0xFF,
    0xFF, 0x00, 0xFF, 0x7F, 0xE0, 0x3F, 0xCF, 0xF8, 0x0F, 0xF1, 0xFF, 0x03, 0xFC, 0x7F, 0xE0, 0xFF,
    0x0F, 0xFC, 0x3F, 0xC1, 0xFF, 0x0F, 0xF0, 0x3F, 0xE3, 0xFC, 0x0F, 0xFC, 0xFF, 0x01, 0xFF, 0x3F,
    0xC0, 0x3F, 0xEF, 0xF0, 0x0F, 0xFC, 0x1F, 0x07, 0xF8, 0x3F, 0xC1, 0xFE, 0x0F, 0xF0, 0x7F, 0x83,
    0xFC, 0x1F, 0xE0, 0xFF, 0x07, 0xF8, 0x3F, 0xC1, 0xFE, 0x0F, 0xF0, 0x7F, 0x83, 0xFC, 0x1F, 0xE0,
    0xFF, 0x07, 0xF8, 0x3F, 0xC1, 0xFE, 0x0F, 0xF0, 0x7F, 0x83, 0xFC, 0x1F, 0xE0, 0xFF, 0x07, 0xF8,
    0x3F, 0xC1, 0xFE, 0x0F, 0xF0, 0x7F, 0x83, 0xFC, 0x1F, 0xF0, 0xFF, 0x87, 0xFF, 0x1F, 0xFC, 0xFF,
    0xE7, 0xFF, 0x1F, 0xF8, 0x7F, 0xC0, 0xFC, 0x1F, 0xFF, 0x03, 0xFE, 0x07, 0xFF, 0xFE, 0x7F, 0xFC,
    0x3F, 0xFF, 0xFF, 0xFF, 0xF1, 0xFF, 0xFF, 0xFF, 0xFF, 0xCF, 0xFF, 0xFF, 0xFF, 0xFF, 0x7F, 0xFF,
    0xFF, 0xFF, 0xFB, 0xFE, 0x3F, 0xFC, 0xFF, 0xFF, 0xE0, 0x7F, 0x81, 0xFF, 0xFF, 0x03, 0xFE, 0x07,
    0xFF, 0xF8, 0x1F, 0xF0, 0x3F, 0xFF, 0xC0, 0xFF, 0x81, 0xFF, 0xFE, 0x03, 0xFC, 0x0F, 0xFF, 0xF0,
    0x1F, 0xE0, 0x7F, 0xFF, 0x80, 0xFF, 0x03, 0xFF, 0xFC, 0x07, 0xF8, 0x1F, 0xFF, 0xE0, 0x3F, 0xC0,
    0xFF, 0xFF, 0x01, 0xFE, 0x07, 0xFF, 0xF8, 0x0F, 0xF0, 0x3F, 0xFF, 0xC0, 0x7F, 0x81, 0xFF, 0xFE,
    0x03, 0xFC, 0x0F, 0xFF, 0xF0, 0x1F, 0xE0, 0x7F, 0xFF, 0x80, 0xFF, 0x03, 0xFF, 0xFC, 0x07, 0xF8,
    0x1F, 0xFF, 0xE0, 0x3F, 0xC0, 0xFF, 0xFF, 0x01, 0xFE, 0x07, 0xFF, 0xF8, 0x0F, 0xF0, 0x3F, 0xFF,
    0xC0, 0x7F, 0x81, 0xFE, 0x1F, 0xFF, 0x80, 0xFF, 0xFF, 0xE0, 0xFF, 0xFF, 0xF0, 0xFF, 0xFF, 0xF8,
    0xFF, 0xFF, 0xFC, 0xFF, 0xFF, 0xFC, 0xFF, 0x8F, 0xFE, 0xFF, 0x03, 0xFE, 0xFF, 0x01, 0xFE, 0xFF,
    0x01, 0xFE, 0xFF, 0x01, 0xFE, 0xFF, 0x01, 0xFF, 0xFF, 0x01, 0xFF, 0xFF, 0x01, 0xFF, 0xFF, 0x01,
    0xFF, 0xFF, 0x01, 0xFF, 0xFF, 0x01, 0xFF, 0xFF, 0x01, 0xFF, 0xFF, 0x01, 0xFF, 0xFF, 0x01, 0xFF,
    0xFF, 0x01, 0xFF, 0xFF, 0x01, 0xFF, 0xFF, 0x01, 0xFF, 0xFF, 0x01, 0xFF, 0xFF, 0x01, 0xFF, 0xFF,
    0x01, 0xFF, 0xFF, 0x01, 0xFF, 0x00, 0xFF, 0xC0, 0x00, 0x7F, 0xFE, 0x00, 0x1F, 0xFF, 0xE0, 0x07,
    0xFF, 0xFF, 0x01, 0xFF, 0xFF, 0xE0, 0x7F, 0xFF, 0xFE, 0x0F, 0xFC, 0xFF, 0xE3, 0xFE, 0x07, 0xFC,
    0x7F, 0x80, 0x7F, 0xCF, 0xF0, 0x0F, 0xFB, 0xFE, 0x00, 0xFF, 0x7F, 0x80, 0x1F, 0xEF, 0xF0, 0x03,
    0xFD, 0xFE, 0x00, 0x7F, 0xBF, 0xC0, 0x0F, 0xF7, 0xF8, 0x01, 0xFE, 0xFF, 0x00, 0x3F, 0xDF, 0xF0,
    0x07, 0xF9, 0xFE, 0x01, 0xFF, 0x3F, 0xC0, 0x3F, 0xE7, 0xFC, 0x0F, 0xF8, 0x7F, 0xE7, 0xFF, 0x0F,
    0xFF, 0xFF, 0xC0, 0xFF, 0xFF, 0xF8, 0x0F, 0xFF, 0xFE, 0x00, 0xFF, 0xFF, 0x80, 0x0F, 0xFF, 0xC0,
    0x00, 0x7F, 0xE0, 0x00, 0x1F, 0xFF, 0x80, 0x7F, 0xFF, 0xF0, 0x3F, 0xFF, 0xFC, 0x1F, 0xFF, 0xFF,
    0x8F, 0xFF, 0xFF, 0xC7, 0xFF, 0xFF, 0xF3, 0xFE, 0x3F, 0xFD, 0xFE, 0x03, 0xFE, 0xFF, 0x00, 0xFF,
    0x7F, 0x80, 0x7F, 0xFF, 0xC0, 0x3F, 0xFF, 0xE0, 0x0F, 0xFF, 0xF0, 0x07, 0xFF, 0xF8, 0x03, 0xFF,
    0xFC, 0x01, 0xFF, 0xFE, 0x00, 0xFF, 0xFF, 0x00, 0x7F, 0xFF, 0x80, 0x3F, 0xFF, 0xC0, 0x3F, 0xFF,
    0xE0, 0x1F, 0xFF, 0xF0, 0x1F, 0xF7, 0xFF, 0x3F, 0xFB, 0xFF, 0xFF, 0xF9, 0xFF, 0xFF, 0xFC, 0xFF,
    0xFF, 0xFC, 0x7F, 0xFF, 0xFC, 0x3F, 0xFF, 0xFC, 0x1F, 0xEF, 0xF8, 0x0F, 0xF0, 0x00, 0x07, 0xF8,
    0x00, 0x03, 0xFC, 0x00, 0x01, 0xFE, 0x00, 0x00, 0xFF, 0x00, 0x00, 0x7F, 0x80, 0x00, 0x3F, 0xC0,
    0x00, 0x1F, 0xE0, 0x00, 0x00, 0x00, 0x7F, 0xFC, 0x01, 0xFF, 0xFF, 0xC1, 0xFF, 0xFF, 0xE1, 0xFF,
    0xFF, 0xF1, 0xFF, 0xFF, 0xF9, 0xFF, 0xFF, 0xFC, 0xFF, 0xE3, 0xFE, 0xFF, 0xC0, 0xFF, 0x7F, 0xC0,
    0x7F, 0xBF, 0xC0, 0x3F, 0xFF, 0xE0, 0x1F, 0xFF, 0xE0, 0x0F, 0xFF, 0xF0, 0x07, 0xFF, 0xF8, 0x03,
    0xFF, 0xFC, 0x01, 0xFF, 0xFE, 0x00, 0xFF, 0xFF, 0x00, 0x7F, 0xFF, 0xC0, 0x3F, 0xFF, 0xE0, 0x1F,
    0xEF, 0xF0, 0x0F, 0xF7, 0xFC, 0x07, 0xFB, 0xFF, 0x8F, 0xFC, 0xFF, 0xFF, 0xFE, 0x7F, 0xFF, 0xFF,
    0x1F, 0xFF, 0xFF, 0x87, 0xFF, 0xFF, 0xC1, 0xFF, 0xFF, 0xE0, 0x3F, 0xEF, 0xF0, 0x00, 0x07, 0xF8,
    0x00, 0x03, 0xFC, 0x00, 0x01, 0xFE, 0x00, 0x00, 0xFF, 0x00, 0x00, 0x7F, 0x80, 0x00, 0x3F, 0xC0,
    0x00, 0x1F, 0xE0, 0x00, 0x0F, 0xF0, 0x0F, 0xFF, 0x9F, 0xFF, 0xFF, 0xFF, 0xFF, 0xFF, 0xFE, 0xFF,
    0xFF, 0xBF, 0xFF, 0xEF, 0xF8, 0x7B, 0xFC, 0x00, 0xFF, 0x00, 0x3F, 0xC0, 0x0F, 0xF0, 0x03, 0xFC,
    0x00, 0xFF, 0x00, 0x3F, 0xC0, 0x0F, 0xF0, 0x03, 0xFC, 0x00, 0xFF, 0x00, 0x3F, 0xC0, 0x0F, 0xF0,
    0x03, 0xFC, 0x00, 0xFF, 0x00, 0x3F, 0xC0, 0x0F, 0xF0, 0x03, 0xFC, 0x00, 0xFF, 0x00, 0x3F, 0xC0,
    0x0F, 0xF0, 0x00, 0x01, 0xFF, 0xE0, 0x1F, 0xFF, 0xC0, 0xFF, 0xFF, 0x07, 0xFF, 0xFC, 0x3F, 0xFF,
    0xF0, 0xFF, 0xFF, 0x87, 0xFE, 0x3E, 0x1F, 0xF0, 0x00, 0x7F, 0x80, 0x01, 0xFF, 0x00, 0x03, 0xFF,
    0x80, 0x0F, 0xFF, 0xC0, 0x3F, 0xFF, 0xC0, 0x7F, 0xFF, 0x80, 0xFF, 0xFF, 0x01, 0xFF, 0xFE, 0x01,
    0xFF, 0xF8, 0x00, 0xFF, 0xE0, 0x00, 0xFF, 0xC0, 0x01, 0xFF, 0x30, 0x07, 0xFC, 0xFC, 0x3F, 0xE7,
    0xFF, 0xFF, 0x9F, 0xFF, 0xFE, 0x7F, 0xFF, 0xF1, 0xFF, 0xFF, 0x87, 0xFF, 0xFC, 0x07, 0xFF, 0xC0,
    0x3F, 0x00, 0x3F, 0xC0, 0x0F, 0xF0, 0x03, 0xFC, 0x00, 0xFF, 0x00, 0x3F, 0xC0, 0x0F, 0xF0, 0x03,
    0xFC, 0x00, 0xFF, 0xFF, 0xBF, 0xFF, 0xEF, 0xFF, 0xFB, 0xFF, 0xFE, 0xFF, 0xFF, 0xBF, 0xFF, 0xEF,
    0xF0, 0x03, 0xFC, 0x00, 0xFF, 0x00, 0x3F, 0xC0, 0x0F, 0xF0, 0x03, 0xFC, 0x00, 0xFF, 0x00, 0x3F,
    0xC0, 0x0F, 0xF0, 0x03, 0xFC, 0x00, 0xFF, 0x00, 0x3F, 0xC0, 0x0F, 0xF8, 0x03, 0xFE, 0x00, 0xFF,
    0xE7, 0x9F, 0xFF, 0xE7, 0xFF, 0xF8, 0xFF, 0xFF, 0x1F, 0xFF, 0xC3, 0xFF, 0xF0, 0x3F, 0xF0, 0xFF,
    0x01, 0xFF, 0xFE, 0x03, 0xFF, 0xFC, 0x07, 0xFF, 0xF8, 0x0F, 0xFF, 0xF0, 0x1F, 0xFF, 0xE0, 0x3F,
    0xFF, 0xC0, 0x7F, 0xFF, 0x80, 0xFF, 0xFF, 0x01, 0xFF, 0xFE, 0x03, 0xFF, 0xFC, 0x07, 0xFF, 0xF8,
    0x0F, 0xFF, 0xF0, 0x1F, 0xFF, 0xE0, 0x3F, 0xFF, 0xC0, 0x7F, 0xFF, 0x80, 0xFF, 0xFF, 0x01, 0xFF,
    0xFE, 0x03, 0xFF, 0xFE, 0x07, 0xFF, 0xFC, 0x0F, 0xF7, 0xFE, 0x3F, 0xEF, 0xFF, 0xFF, 0xCF, 0xFF,
    0xFF, 0x9F, 0xFF, 0xFF, 0x1F, 0xFF, 0xFE, 0x1F, 0xFF, 0xFC, 0x0F, 0xFF, 0xC0, 0xFF, 0x80, 0x1F,
    0xEF, 0xF0, 0x03, 0xFD, 0xFE, 0x00, 0xFF, 0xBF, 0xE0, 0x1F, 0xE3, 0xFC, 0x03, 0xFC, 0x7F, 0x80,
    0xFF, 0x8F, 0xF8, 0x1F, 0xE0, 0xFF, 0x03, 0xFC, 0x1F, 0xE0, 0xFF, 0x83, 0xFE, 0x1F, 0xE0, 0x3F,
    0xC3, 0xFC, 0x07, 0xF8, 0xFF, 0x80, 0xFF, 0x9F, 0xE0, 0x0F, 0xF3, 0xFC, 0x01, 0xFE, 0xFF, 0x00,
    0x1F, 0xFF, 0xE0, 0x03, 0xFF, 0xFC, 0x00, 0x7F, 0xFF, 0x00, 0x07, 0xFF, 0xE0, 0x00, 0xFF, 0xF8,
    0x00, 0x0F, 0xFF, 0x00, 0x01, 0xFF, 0xC0, 0x00, 0x1F, 0xF8, 0x00, 0x03, 0xFE, 0x00, 0x00, 0x3F,
    0xC0, 0x00, 0x07, 0xF0, 0x00, 0xFF, 0x80, 0x7E, 0x03, 0xFE, 0xFF, 0x01, 0xFC, 0x07, 0xFD, 0xFE,
    0x03, 0xF8, 0x0F, 0xF3, 0xFE, 0x07, 0xF8, 0x1F, 0xE7, 0xFC, 0x0F, 0xF0, 0x3F, 0xC7, 0xF8, 0x3F,
    0xE0, 0xFF, 0x0F, 0xF0, 0x7F, 0xC1, 0xFE, 0x1F, 0xE0, 0xFF, 0xC3, 0xFC, 0x1F, 0xE3, 0xFF, 0x87,
    0xF8, 0x3F, 0xC7, 0xFF, 0x1F, 0xE0, 0x7F, 0x8F, 0xFE, 0x3F, 0xC0, 0x7F, 0x1F, 0xFE, 0x7F, 0x80,
    0xFF, 0x7F, 0xFC, 0xFE, 0x01, 0xFE, 0xFD, 0xFB, 0xFC, 0x01, 0xFD, 0xFB, 0xF7, 0xF8, 0x03, 0xFF,
    0xF7, 0xFF, 0xE0, 0x07, 0xFF, 0xC7, 0xFF, 0xC0, 0x07, 0xFF, 0x8F, 0xFF, 0x80, 0x0F, 0xFF, 0x1F,
    0xFE, 0x00, 0x1F, 0xFC, 0x1F, 0xFC, 0x00, 0x1F, 0xF8, 0x3F, 0xF8, 0x00, 0x3F, 0xF0, 0x7F, 0xE0,
    0x00, 0x7F, 0xC0, 0x7F, 0xC0, 0x00, 0x7F, 0x80, 0xFF, 0x00, 0x00, 0xFF, 0x01, 0xFE, 0x00, 0x00,
    0xFE, 0x01, 0xFC, 0x00, 0x7F, 0xC0, 0x3F, 0xE7, 0xFC, 0x03, 0xFC, 0x3F, 0xE0, 0x7F, 0x81, 0xFF,
    0x0F, 0xF8, 0x0F, 0xF1, 0xFF, 0x00, 0xFF, 0x9F, 0xE0, 0x07, 0xFF, 0xFE, 0x00, 0x3F, 0xFF, 0xC0,
    0x03, 0xFF, 0xF8, 0x00, 0x1F, 0xFF, 0x00, 0x00, 0xFF, 0xF0, 0x00, 0x0F, 0xFE, 0x00, 0x00, 0x7F,
    0xC0, 0x00, 0x07, 0xFE, 0x00, 0x00, 0xFF, 0xF0, 0x00, 0x1F, 0xFF, 0x00, 0x03, 0xFF, 0xF8, 0x00,
    0x3F, 0xFF, 0xC0, 0x07, 0xFF, 0xFE, 0x00, 0xFF, 0xBF, 0xE0, 0x0F, 0xF1, 0xFF, 0x01, 0xFE, 0x0F,
    0xF8, 0x3F, 0xE0, 0x7F, 0x83, 0xFC, 0x07, 0xFC, 0x7F, 0x80, 0x3F, 0xEF, 0xF8, 0x03, 0xFE, 0xFF,
    0x80, 0x1F, 0xEF, 0xF0, 0x07, 0xFD, 0xFE, 0x00, 0xFF, 0x3F, 0xE0, 0x1F, 0xE3, 0xFC, 0x03, 0xFC,
    0x7F, 0x80, 0xFF, 0x0F, 0xF8, 0x1F, 0xE0, 0xFF, 0x03, 0xFC, 0x1F, 0xE0, 0xFF, 0x03, 0xFE, 0x1F,
    0xE0, 0x3F, 0xC3, 0xFC, 0x07, 0xF8, 0xFF, 0x00, 0xFF, 0x9F, 0xE0, 0x0F, 0xF3, 0xFC, 0x01, 0xFE,
    0xFF, 0x00, 0x1F, 0xFF, 0xE0, 0x03, 0xFF, 0xFC, 0x00, 0x3F, 0xFF, 0x00, 0x07, 0xFF, 0xE0, 0x00,
    0xFF, 0xF8, 0x00, 0x0F, 0xFF, 0x00, 0x01, 0xFF, 0xE0, 0x00, 0x1F, 0xF8, 0x00, 0x03, 0xFF, 0x00,
    0x00, 0x3F, 0xC0, 0x00, 0x07, 0xF8, 0x00, 0x01, 0xFE, 0x00, 0x00, 0x7F, 0xC0, 0x07, 0x1F, 0xF0,
    0x00, 0xFF, 0xFE, 0x00, 0x1F, 0xFF, 0x80, 0x07, 0xFF, 0xE0, 0x00, 0xFF, 0xF8, 0x00, 0x1F, 0xFE,
    0x00, 0x01, 0xFF, 0x80, 0x00, 0x00, 0x7F, 0xFF, 0xFE, 0xFF, 0xFF, 0xFD, 0xFF, 0xFF, 0xFB, 0xFF,
    0xFF, 0xF7, 0xFF, 0xFF, 0xEF, 0xFF, 0xFF, 0x80, 0x03, 0xFE, 0x00, 0x0F, 0xF8, 0x00, 0x3F, 0xE0,
    0x00, 0xFF, 0xC0, 0x03, 0xFF, 0x00, 0x07, 0xFC, 0x00, 0x1F, 0xF0, 0x00, 0x7F, 0xC0, 0x01, 0xFF,
    0x00, 0x03, 0xFE, 0x00, 0x0F, 0xF8, 0x00, 0x3F, 0xE0, 0x00, 0xFF, 0x80, 0x01, 0xFF, 0x00, 0x07,
    0xFF, 0xFF, 0xEF, 0xFF, 0xFF, 0xFF, 0xFF, 0xFF, 0xFF, 0xFF, 0xFF, 0xFF, 0xFF, 0xFF, 0xFF, 0xFF,
    0xFC, 0x00, 0x3F, 0x80, 0x3F, 0xE0, 0x1F, 0xF8, 0x0F, 0xFE, 0x07, 0xFF, 0x81, 0xFF, 0xE0, 0x7F,
    0xE0, 0x1F, 0xE0, 0x07, 0xF8, 0x01, 0xFC, 0x00, 0x7F, 0x00, 0x1F, 0xC0, 0x07, 0xF0, 0x01, 0xFC,
    0x00, 0x7F, 0x00, 0x1F, 0xC0, 0x07, 0xF0, 0x03, 0xFC, 0x00, 0xFF, 0x00, 0x3F, 0xC0, 0x3F, 0xF0,
    0x3F, 0xF8, 0x0F, 0xFE, 0x03, 0xFF, 0x00, 0xFF, 0xC0, 0x3F, 0xF8, 0x0F, 0xFE, 0x00, 0xFF, 0xC0,
    0x0F, 0xF0, 0x03, 0xFC, 0x00, 0xFF, 0x00, 0x1F, 0xC0, 0x07, 0xF0, 0x01, 0xFC, 0x00, 0x7F, 0x00,
    0x1F, 0xC0, 0x07, 0xF0, 0x01, 0xFC, 0x00, 0x7F, 0x00, 0x1F, 0xE0, 0x07, 0xF8, 0x01, 0xFF, 0x00,
    0x7F, 0xF8, 0x1F, 0xFE, 0x03, 0xFF, 0x80, 0x7F, 0xE0, 0x0F, 0xF8, 0x00, 0xFE, 0xFF, 0xFF, 0xFF,
    0xFF, 0xFF, 0xFF, 0xFF, 0xFF, 0xFF, 0xFF, 0xFF, 0xFF, 0xFF, 0xFF, 0xFF, 0xFF, 0xFF, 0xFF, 0xFF,
    0xFF, 0xFF, 0xFF, 0xFF, 0xFF, 0xFF, 0xFF, 0xFF, 0xFF, 0xFF, 0xFF, 0xFF, 0xFF, 0xFF, 0xFF, 0xFF,
    0xFF, 0xFF, 0xFF, 0xFF, 0xFF, 0xFF, 0xFF, 0xFF, 0xFF, 0xFF, 0xFF, 0xFF, 0xFF, 0xFF, 0x00, 0x7F,
    0xE0, 0x3F, 0xF8, 0x1F, 0xFE, 0x0F, 0xFF, 0x07, 0xFF, 0x80, 0x7F, 0xE0, 0x0F, 0xF0, 0x07, 0xF8,
    0x03, 0xFC, 0x01, 0xFE, 0x00, 0xFF, 0x00, 0x7F, 0x80, 0x3F, 0xC0, 0x1F, 0xE0, 0x0F, 0xF0, 0x07,
    0xF8, 0x03, 0xFC, 0x01, 0xFE, 0x00, 0xFF, 0x80, 0x3F, 0xF0, 0x1F, 0xFC, 0x07, 0xFE, 0x01, 0xFF,
    0x00, 0xFF, 0x80, 0xFF, 0xC0, 0xFF, 0xE0, 0x7F, 0xE0, 0x7F, 0xC0, 0x3F, 0xC0, 0x1F, 0xE0, 0x0F,
    0xF0, 0x07, 0xF8, 0x03, 0xFC, 0x01, 0xFE, 0x00, 0xFF, 0x00, 0x7F, 0x80, 0x3F, 0xC0, 0x1F, 0xE0,
    0x0F, 0xF0, 0x07, 0xF8, 0x0F, 0xFC, 0x3F, 0xFC, 0x1F, 0xFE, 0x0F, 0xFF, 0x07, 0xFF, 0x03, 0xFF,
    0x01, 0xFE, 0x00, 0x07, 0xE0, 0x07, 0x03, 0xFF, 0x01, 0xF8, 0x7F, 0xF8, 0x3F, 0x1F, 0xFF, 0xCF,
    0xE7, 0xFF, 0xFF, 0xFC, 0xFF, 0xFF, 0xFF, 0x9F, 0xFF, 0xFF, 0xE7, 0xFB, 0xFF, 0xFC, 0xFE, 0x1F,
    0xFF, 0x1F, 0x80, 0xFF, 0xC0, 0xF0, 0x07, 0xF0, 0x00, 0x3F, 0x1F, 0xE7, 0xFF, 0xFF, 0xFF, 0xFF,
    0xF7, 0xFD, 0xFE, 0x3F, 0x00, 0x00, 0x00, 0xFC, 0x3F, 0x8F, 0xE3, 0xF9, 0xFE, 0x7F, 0x9F, 0xE7,
    0xF9, 0xFE, 0x7F, 0x9F, 0xE7, 0xF9, 0xFE, 0x7F, 0xDF, 0xF7, 0xFD, 0xFF, 0x7F, 0xDF, 0xF7, 0xFD,
    0xFF, 0x7F, 0xDF, 0xF7, 0xFC, 0x00, 0x7F, 0x80, 0x01, 0xFE, 0x00, 0x07, 0xF8, 0x00, 0x1F, 0xE0,
    0x00, 0x7F, 0x80, 0x01, 0xFE, 0x00, 0x07, 0xF8, 0x00, 0x3F, 0xFC, 0x03, 0xFF, 0xF8, 0x1F, 0xFF,
    0xE0, 0xFF, 0xFF, 0x87, 0xFF, 0xFE, 0x3F, 0xFF, 0xF1, 0xFF, 0xE3, 0xC7, 0xFE, 0x00, 0x1F, 0xF0,
    0x00, 0xFF, 0x80, 0x03, 0xFE, 0x00, 0x0F, 0xF0, 0x00, 0x3F, 0xC0, 0x00, 0xFF, 0x00, 0x03, 0xFC,
    0x00, 0x0F, 0xF8, 0x00, 0x3F, 0xE0, 0x00, 0x7F, 0x80, 0x01, 0xFF, 0x00, 0x07, 0xFF, 0x8F, 0x8F,
    0xFF, 0xFE, 0x3F, 0xFF, 0xF8, 0x7F, 0xFF, 0xE0, 0xFF, 0xFF, 0xC0, 0xFF, 0xFF, 0x00, 0xFF, 0xF0,
    0x01, 0xFE, 0x00, 0x07, 0xF8, 0x00, 0x1F, 0xE0, 0x00, 0x7F, 0x80, 0x01, 0xFE, 0x00, 0x07, 0xF8,
    0x00, 0x1F, 0xE0, 0x00, 0x1F, 0xFC, 0x00, 0x3F, 0xFF, 0x80, 0x3F, 0xFF, 0xC0, 0x3F, 0xFF, 0xC0,
    0x3F, 0xFF, 0xE0, 0x1F, 0xFF, 0xF0, 0x1F, 0xFC, 0x70, 0x0F, 0xF8, 0x00, 0x07, 0xF8, 0x00, 0x07,
    0xF8, 0x00, 0x03, 0xFC, 0x00, 0x01, 0xFE, 0x00, 0x00, 0xFF, 0x00, 0x00, 0x7F, 0x80, 0x00, 0x3F,
    0xC0, 0x00, 0x1F, 0xE0, 0x00, 0xFF, 0xFF, 0xF0, 0x7F, 0xFF, 0xF8, 0x3F, 0xFF, 0xFC, 0x1F, 0xFF,
    0xFE, 0x0F, 0xFF, 0xFF, 0x07, 0xFF, 0xFF, 0x80, 0x3F, 0xC0, 0x00, 0x1F, 0xE0, 0x00, 0x0F, 0xF0,
    0x00, 0x07, 0xF8, 0x00, 0x03, 0xFC, 0x00, 0x01, 0xFE, 0x00, 0x00, 0xFF, 0x00, 0x00, 0x7F, 0x80,
    0x00, 0x7F, 0xFF, 0xFE, 0x3F, 0xFF, 0xFF, 0x1F, 0xFF, 0xFF, 0x8F, 0xFF, 0xFF, 0xC7, 0xFF, 0xFF,
    0xE3, 0xFF, 0xFF, 0xF0, 0x00, 0x00, 0x00, 0x01, 0x80, 0x00, 0x80, 0x78, 0x00, 0x38, 0x1F, 0x80,
    0x0F, 0x87, 0xFF, 0xFF, 0xF9, 0xFF, 0xFF, 0xFF, 0x9F, 0xFF, 0xFF, 0xF1, 0xFF, 0xFF, 0xFC, 0x1F,
    0xFF, 0xFF, 0x03, 0xFF, 0xFF, 0xC0, 0x7F, 0xCF, 0xF8, 0x0F, 0xE0, 0x7F, 0x81, 0xFC, 0x07, 0xF0,
    0x7F, 0x80, 0xFE, 0x0F, 0xF0, 0x1F, 0xC0, 0xFE, 0x03, 0xF8, 0x1F, 0xC0, 0xFF, 0x03, 0xFE, 0x7F,
    0xC0, 0x7F, 0xFF, 0xF8, 0x1F, 0xFF, 0xFF, 0x87, 0xFF, 0xFF, 0xF9, 0xFF, 0xFF, 0xFF, 0xBF, 0xFF,
    0xFF, 0xF3, 0xFF, 0xFF, 0xFC, 0x3F, 0x00, 0x1F, 0x03, 0xC0, 0x01, 0xC0, 0x30, 0x00, 0x30, 0x00,
    0x7F, 0xC0, 0x07, 0xFD, 0xFF, 0x00, 0x3F, 0xE3, 0xFE, 0x00, 0xFF, 0x8F, 0xF8, 0x07, 0xFC, 0x1F,
    0xF0, 0x1F, 0xF0, 0x7F, 0xC0, 0x7F, 0x80, 0xFF, 0x03, 0xFE, 0x03, 0xFE, 0x0F, 0xF0, 0x07, 0xF8,
    0x7F, 0xC0, 0x1F, 0xF1, 0xFE, 0x00, 0x3F, 0xCF, 0xF8, 0x00, 0xFF, 0xBF, 0xC0, 0x01, 0xFF, 0xFF,
    0x00, 0x07, 0xFF, 0xF8, 0x00, 0x0F, 0xFF, 0xE0, 0x00, 0x3F, 0xFF, 0x00, 0x0F, 0xFF, 0xFF, 0xE0,
    0x3F, 0xFF, 0xFF, 0x80, 0xFF, 0xFF, 0xFE, 0x03, 0xFF, 0xFF, 0xF8, 0x0F, 0xFF, 0xFF, 0xE0, 0x00,
    0x7F, 0x80, 0x00, 0x01, 0xFE, 0x00, 0x00, 0x07, 0xF8, 0x00, 0x0F, 0xFF, 0xFF, 0xE0, 0x3F, 0xFF,
    0xFF, 0x80, 0xFF, 0xFF, 0xFE, 0x03, 0xFF, 0xFF, 0xF8, 0x0F, 0xFF, 0xFF, 0xE0, 0x00, 0x7F, 0x80,
    0x00, 0x01, 0xFE, 0x00, 0x00, 0x07, 0xF8, 0x00, 0x00, 0x1F, 0xE0, 0x00, 0x00, 0x7F, 0x80, 0x00,
    0x01, 0xFE, 0x00, 0x00, 0xFE, 0xFE, 0xFE, 0xFE, 0xFE, 0xFE, 0xFE, 0xFE, 0xFE, 0xFE, 0xFE, 0xFE,
    0xFE, 0xFE, 0xFE, 0xFE, 0xFE, 0xFE, 0xFE, 0xFE, 0x00, 0x00, 0x00, 0x00, 0x00, 0x00, 0x00, 0x00,
    0xFE, 0xFE, 0xFE, 0xFE, 0xFE, 0xFE, 0xFE, 0xFE, 0xFE, 0xFE, 0xFE, 0xFE, 0xFE, 0xFE, 0xFE, 0xFE,
    0xFE, 0xFE, 0xFE, 0xFE, 0x00, 0xFF, 0xE0, 0x03, 0xFF, 0xFC, 0x0F, 0xFF, 0xFC, 0x1F, 0xFF, 0xFC,
    0x1F, 0xFF, 0xFC, 0x3F, 0xFF, 0xFC, 0x3F, 0xF1, 0xF8, 0x3F, 0xC0, 0x08, 0x3F, 0xC0, 0x00, 0x3F,
    0xE0, 0x00, 0x3F, 0xFC, 0x00, 0x1F, 0xFF, 0x00, 0x0F, 0xFF, 0xE0, 0x0F, 0xFF, 0xF0, 0x1F, 0xFF,
    0xF8, 0x3F, 0xFF, 0xFC, 0x7F, 0xFF, 0xFE, 0x7F, 0x8F, 0xFE, 0x7F, 0x03, 0xFE, 0x7F, 0x01, 0xFE,
    0xFF, 0x00, 0xFE, 0x7F, 0x80, 0xFE, 0x7F, 0xC0, 0xFE, 0x7F, 0xF1, 0xFE, 0x7F, 0xFF, 0xFC, 0x3F,
    0xFF, 0xF8, 0x1F, 0xFF, 0xF0, 0x0F, 0xFF, 0xF0, 0x03, 0xFF, 0xF8, 0x00, 0xFF, 0xFC, 0x00, 0x1F,
    0xFC, 0x00, 0x07, 0xFC, 0x00, 0x03, 0xFE, 0x30, 0x03, 0xFE, 0x7F, 0x87, 0xFC, 0x7F, 0xFF, 0xFC,
    0x7F, 0xFF, 0xFC, 0xFF, 0xFF, 0xF8, 0xFF, 0xFF, 0xF8, 0x7F, 0xFF, 0xE0, 0x0F, 0xFF, 0x80, 0x3E,
    0x07, 0xC7, 0xF0, 0xFE, 0x7F, 0x8F, 0xF7, 0xF8, 0xFF, 0x7F, 0x8F, 0xF7, 0xF8, 0xFF, 0x7F, 0x0F,
    0xE3, 0xE0, 0x7C, 0x00, 0x0F, 0xFF, 0x00, 0x00, 0x03, 0xFF, 0xFC, 0x00, 0x00, 0xFF, 0xFF, 0xF0,
    0x00, 0x1F, 0xFF, 0xFF, 0x80, 0x07, 0xFF, 0xFF, 0xFC, 0x00, 0xFF, 0xF1, 0xFF, 0xE0, 0x0F, 0xF8,
    0x01, 0xFF, 0x01, 0xFE, 0x00, 0x07, 0xF8, 0x3F, 0x80, 0x00, 0x3F, 0x83, 0xF8, 0x3F, 0xE1, 0xFC,
    0x7F, 0x0F, 0xFF, 0x8F, 0xC7, 0xE1, 0xFF, 0xF0, 0xFE, 0x7E, 0x1F, 0xFF, 0x07, 0xE7, 0xE3, 0xFF,
    0xF0, 0x7E, 0xFC, 0x3F, 0xC6, 0x03, 0xEF, 0xC7, 0xF0, 0x00, 0x3F, 0xFC, 0x7F, 0x00, 0x03, 0xFF,
    0xC7, 0xF0, 0x00, 0x3F, 0xFC, 0x7F, 0x00, 0x03, 0xFF, 0xC7, 0xF0, 0x00, 0x3F, 0xFC, 0x3F, 0xC7,
    0x03, 0xE7, 0xE3, 0xFF, 0xF0, 0x7E, 0x7E, 0x3F, 0xFF, 0x07, 0xE7, 0xE1, 0xFF, 0xF8, 0xFE, 0x7F,
    0x0F, 0xFF, 0x8F, 0xC3, 0xF8, 0x3F, 0xE1, 0xFC, 0x3F, 0x80, 0x00, 0x3F, 0x81, 0xFE, 0x00, 0x07,
    0xF8, 0x0F, 0xF8, 0x01, 0xFF, 0x00, 0xFF, 0xF1, 0xFF, 0xE0, 0x07, 0xFF, 0xFF, 0xFC, 0x00, 0x1F,
    0xFF, 0xFF, 0x80, 0x00, 0xFF, 0xFF, 0xF0, 0x00, 0x03, 0xFF, 0xFC, 0x00, 0x00, 0x0F, 0xFF, 0x00,
    0x00, 0x3F, 0xF8, 0x0F, 0xFF, 0x83, 0xFF, 0xF0, 0xFF, 0xFE, 0x3C, 0x7F, 0x80, 0x07, 0xE0, 0x01,
    0xF8, 0x3F, 0xFE, 0x3F, 0xFF, 0x9F, 0xFF, 0xEF, 0xFF, 0xFB, 0xFE, 0xFE, 0xFC, 0x1F, 0xBF, 0x07,
    0xEF, 0xF1, 0xFB, 0xFF, 0xFE, 0x7F, 0xFF, 0x8F, 0xFF, 0xE1, 0xFF, 0xF8, 0x00, 0x80, 0x06, 0x00,
    0x1E, 0x00, 0xF8, 0x03, 0xFC, 0x0F, 0xE0, 0x3F, 0xC1, 0xFE, 0x07, 0xF8, 0x3F, 0xE0, 0xFF, 0x83,
    0xFC, 0x0F, 0xF0, 0x7F, 0xC1, 0xFF, 0x0F, 0xF8, 0x3F, 0xE0, 0xFF, 0x83, 0xFE, 0x1F, 0xF0, 0x7F,
    0xC3, 0xFF, 0x0F, 0xFC, 0x3F, 0xE0, 0xFF, 0x87, 0xFE, 0x0F, 0xFC, 0x3F, 0xE0, 0x7F, 0xC3, 0xFF,
    0x03, 0xFE, 0x1F, 0xF0, 0x3F, 0xE0, 0xFF, 0x81, 0xFF, 0x0F, 0xF8, 0x0F, 0xF0, 0x7F, 0xC0, 0xFF,
    0x83, 0xFC, 0x07, 0xF8, 0x3F, 0xE0, 0x3F, 0xC1, 0xFE, 0x03, 0xFC, 0x0F, 0xE0, 0x1E, 0x00, 0x78,
    0x00, 0x80, 0x06, 0x00, 0xFF, 0xFF, 0xFF, 0xFF, 0xFF, 0xFF, 0xFF, 0xFF, 0xFF, 0xFF, 0xFF, 0xFF,
    0xFF, 0xFF, 0xFF, 0xFF, 0xFF, 0xFF, 0x00, 0x00, 0x7F, 0x00, 0x00, 0x7F, 0x00, 0x00, 0x7F, 0x00,
    0x00, 0x7F, 0x00, 0x00, 0x7F, 0x00, 0x00, 0x7F, 0x00, 0x00, 0x7F, 0x00, 0x00, 0x7F, 0x00, 0x00,
    0x7F, 0x00, 0x00, 0x7F, 0x00, 0x00, 0x7F, 0x00, 0x00, 0x7F, 0xFF, 0xFF, 0xFF, 0xFF, 0xFF, 0xFF,
    0xFF, 0xFF, 0xFF, 0xFF, 0xFF, 0xFF, 0xFF, 0x80, 0x00, 0x0F, 0xFF, 0x00, 0x00, 0x03, 0xFF, 0xFC,
    0x00, 0x00, 0xFF, 0xFF, 0xF0, 0x00, 0x1F, 0xFF, 0xFF, 0x80, 0x07, 0xFF, 0xFF, 0xFC, 0x00, 0xFF,
    0xF1, 0xFF, 0xE0, 0x0F, 0xF8, 0x01, 0xFF, 0x01, 0xFE, 0x00, 0x07, 0xF8, 0x3F, 0x80, 0x00, 0x3F,
    0x83, 0xF8, 0xFF, 0xC1, 0xFC, 0x7F, 0x1F, 0xFF, 0x0F, 0xC7, 0xE1, 0xFF, 0xF8, 0xFE, 0x7E, 0x1F,
    0xFF, 0x87, 0xE7, 0xE1, 0xF9, 0xF8, 0x7E, 0xFC, 0x1F, 0x8F, 0x83, 0xEF, 0xC1, 0xF9, 0xF8, 0x3F,
    0xFC, 0x1F, 0xFF, 0x83, 0xFF, 0xC1, 0xFF, 0xF0, 0x3F, 0xFC, 0x1F, 0xFE, 0x03, 0xFF, 0xC1, 0xFF,
    0xE0, 0x3F, 0xFC, 0x1F, 0xBF, 0x03, 0xE7, 0xE1, 0xF9, 0xF8, 0x7E, 0x7E, 0x1F, 0x9F, 0x87, 0xE7,
    0xE1, 0xF8, 0xFC, 0xFE, 0x7F, 0x1F, 0x8F, 0xCF, 0xC3, 0xF8, 0x00, 0x01, 0xFC, 0x3F, 0x80, 0x00,
    0x3F, 0x81, 0xFE, 0x00, 0x07, 0xF8, 0x0F, 0xF8, 0x01, 0xFF, 0x00, 0x7F, 0xF1, 0xFF, 0xE0, 0x07,
    0xFF, 0xFF, 0xFC, 0x00, 0x1F, 0xFF, 0xFF, 0x80, 0x00, 0xFF, 0xFF, 0xF0, 0x00, 0x03, 0xFF, 0xFC,
    0x00, 0x00, 0x0F, 0xFF, 0x00, 0x00, 0xFF, 0xFF, 0xFF, 0xFF, 0xFF, 0xFF, 0xFF, 0xFF, 0xFF, 0xFF,
    0xF8, 0x0F, 0xF0, 0x0F, 0xFC, 0x0F, 0xFF, 0x0F, 0xFF, 0xCF, 0xFF, 0xF7, 0xF3, 0xFB, 0xF0, 0xFD,
    0xF8, 0x7E, 0xFC, 0x3F, 0x7E, 0x1F, 0xBF, 0x9F, 0xDF, 0xFF, 0xE7, 0xFF, 0xE1, 0xFF, 0xE0, 0x7F,
    0xE0, 0x1F, 0xE0, 0x00, 0xFF, 0x00, 0x00, 0xFF, 0x00, 0x00, 0xFF, 0x00, 0x00, 0xFF, 0x00, 0x00,
    0xFF, 0x00, 0x00, 0xFF, 0x00, 0x00, 0xFF, 0x00, 0x00, 0xFF, 0x00, 0x00, 0xFF, 0x00, 0xFF, 0xFF,
    0xFF, 0xFF, 0xFF, 0xFF, 0xFF, 0xFF, 0xFF, 0xFF, 0xFF, 0xFF, 0xFF, 0xFF, 0xFF, 0xFF, 0xFF, 0xFF,
    0x00, 0xFF, 0x00, 0x00, 0xFF, 0x00, 0x00, 0xFF, 0x00, 0x00, 0xFF, 0x00, 0x00, 0xFF, 0x00, 0x00,
    0xFF, 0x00, 0x00, 0xFF, 0x00, 0x00, 0xFF, 0x00, 0x00, 0xFF, 0x00, 0x00, 0x00, 0x00, 0x00, 0x00,
    0x00, 0xFF, 0xFF, 0xFF, 0xFF, 0xFF, 0xFF, 0xFF, 0xFF, 0xFF, 0xFF, 0xFF, 0xFF, 0xFF, 0xFF, 0xFF,
    0xFF, 0xFF, 0xFF, 0x0F, 0xF8, 0x1F, 0xFE, 0x1F, 0xFF, 0x8F, 0xFF, 0xE3, 0xE7, 0xF0, 0xC3, 0xF8,
    0x01, 0xFC, 0x00, 0xFE, 0x00, 0xFE, 0x00, 0xFF, 0x01, 0xFF, 0x01, 0xFF, 0x00, 0xFE, 0x00, 0xFE,
    0x00, 0xFE, 0x00, 0x7F, 0xFE, 0x3F, 0xFF, 0x3F, 0xFF, 0x9F, 0xFF, 0xCF, 0xFF, 0xE0, 0x1F, 0xF0,
    0x7F, 0xFC, 0x7F, 0xFE, 0x3F, 0xFE, 0x3C, 0xFE, 0x00, 0x7E, 0x00, 0x7E, 0x00, 0x7E, 0x00, 0xFE,
    0x07, 0xFC, 0x07, 0xFE, 0x07, 0xFE, 0x07, 0xFF, 0x00, 0xFF, 0x00, 0x3F, 0x00, 0x3F, 0x7C, 0x7F,
    0x7F, 0xFF, 0x7F, 0xFE, 0x7F, 0xFC, 0x3F, 0xF0, 0x03, 0x80, 0x3C, 0x07, 0xE0, 0xFF, 0x1F, 0xF3,
    0xFE, 0x7F, 0xCF, 0xF0, 0xFE, 0x07, 0xC0, 0x18, 0x00, 0xFF, 0x01, 0xFF, 0xFF, 0x01, 0xFF, 0xFF,
    0x01, 0xFF, 0xFF, 0x01, 0xFF, 0xFF, 0x01, 0xFF, 0xFF, 0x01, 0xFF, 0xFF, 0x01, 0xFF, 0xFF, 0x01,
    0xFF, 0xFF, 0x01, 0xFF, 0xFF, 0x01, 0xFF, 0xFF, 0x01, 0xFF, 0xFF, 0x01, 0xFF, 0xFF, 0x01, 0xFF,
    0xFF, 0x01, 0xFF, 0xFF, 0x01, 0xFF, 0xFF, 0x01, 0xFF, 0xFF, 0x01, 0xFF, 0xFF, 0x81, 0xFF, 0xFF,
    0x81, 0xFF, 0xFF, 0x81, 0xFF, 0xFF, 0xE1, 0xFF, 0xFF, 0xFF, 0xFF, 0xFF, 0xFF, 0xFF, 0xFF, 0xFF,
    0xFF, 0xFF, 0xFF, 0xFF, 0xFF, 0xFF, 0xFF, 0xFF, 0xFF, 0xF8, 0xFF, 0x00, 0x00, 0xFF, 0x00, 0x00,
    0xFF, 0x00, 0x00, 0xFF, 0x00, 0x00, 0xFF, 0x00, 0x00, 0xFF, 0x00, 0x00, 0xFF, 0x00, 0x00, 0xFF,
    0x00, 0x00, 0x00, 0x00, 0x00, 0x00, 0x01, 0xFF, 0xFF, 0xC0, 0x3F, 0xFF, 0xFF, 0xC3, 0xFF, 0xFF,
    0xFF, 0x1F, 0xFF, 0xFF, 0xFC, 0xFF, 0xFF, 0xFF, 0xF7, 0xFF, 0xFF, 0xFF, 0xDF, 0xFF, 0xFF, 0xFF,
    0xFF, 0xFF, 0xC3, 0xFF, 0xFF, 0xFF, 0x0F, 0xFF, 0xFF, 0xFC, 0x3F, 0xFF, 0xFF, 0xF0, 0xFF, 0xFF,
    0xFF, 0xC3, 0xFF, 0xFF, 0xFF, 0x0F, 0xFF, 0xFF, 0xFC, 0x3F, 0xFF, 0xFF, 0xF0, 0xFF, 0xFF, 0xFF,
    0xC3, 0xFD, 0xFF, 0xFF, 0x0F, 0xF7, 0xFF, 0xFC, 0x3F, 0xCF, 0xFF, 0xF0, 0xFF, 0x1F, 0xFF, 0xC3,
    0xFC, 0x3F, 0xFF, 0x0F, 0xF0, 0x1F, 0xFC, 0x3F, 0xC0, 0x07, 0xF0, 0xFF, 0x00, 0x1F, 0xC3, 0xFC,
    0x00, 0x7F, 0x0F, 0xF0, 0x01, 0xFC, 0x3F, 0xC0, 0x07, 0xF0, 0xFF, 0x00, 0x1F, 0xC3, 0xFC, 0x00,
    0x7F, 0x0F, 0xF0, 0x01, 0xFC, 0x3F, 0xC0, 0x07, 0xF0, 0xFF, 0x00, 0x1F, 0xC3, 0xFC, 0x00, 0x7F,
    0x0F, 0xF0, 0x01, 0xFC, 0x3F, 0xC0, 0x07, 0xF0, 0xFF, 0x00, 0x1F, 0xC3, 0xFC, 0x00, 0x7F, 0x0F,
    0xF0, 0x01, 0xFC, 0x3F, 0xC0, 0x07, 0xF0, 0xFF, 0x00, 0x1F, 0xC3, 0xFC, 0x00, 0x7F, 0x0F, 0xF0,
    0x01, 0xFC, 0x3F, 0xC0, 0x07, 0xF0, 0xFF, 0x00, 0x1F, 0xC3, 0xFC, 0x00, 0x7F, 0x0F, 0xF0, 0x3F,
    0x1F, 0xE7, 0xFF, 0xFF, 0xFF, 0xFF, 0xF7, 0xFD, 0xFE, 0x3F, 0x00, 0x07, 0xC0, 0xFC, 0x0F, 0x81,
    0xFC, 0x1F, 0xE0, 0x7F, 0x03, 0xF7, 0xFF, 0xFF, 0xFF, 0xFE, 0xFF, 0xEF, 0xF8, 0x00, 0x00, 0x01,
    0xF8, 0x3F, 0xC7, 0xFE, 0xFF, 0xF7, 0xFF, 0xBF, 0xFD, 0xFF, 0xE7, 0x3F, 0x01, 0xF8, 0x0F, 0xC0,
    0x7E, 0x03, 0xF0, 0x1F, 0x80, 0xFC, 0x07, 0xE0, 0x3F, 0x01, 0xF8, 0x0F, 0xC0, 0x7E, 0x03, 0xF0,
    0x03, 0xFE, 0x00, 0x7F, 0xFC, 0x07, 0xFF, 0xF0, 0x7F, 0xFF, 0xC3, 0xFD, 0xFE, 0x3F, 0x83, 0xF9,
    0xF8, 0x1F, 0xCF, 0xC0, 0x7E, 0xFE, 0x03, 0xF7, 0xF0, 0x1F, 0xFF, 0x80, 0xFF, 0xFC, 0x07, 0xE7,
    0xE0, 0x3F, 0x3F, 0x03, 0xF9, 0xFC, 0x1F, 0xC7, 0xFB, 0xFC, 0x3F, 0xFF, 0xE0, 0xFF, 0xFE, 0x03,
    0xFF, 0xE0, 0x07, 0xFC, 0x00, 0x06, 0x00, 0x30, 0x01, 0xE0, 0x0F, 0x80, 0x7F, 0x03, 0xFC, 0x0F,
    0xF8, 0x3F, 0xC0, 0x7F, 0x83, 0xFE, 0x07, 0xFC, 0x1F, 0xF0, 0x3F, 0xE1, 0xFF, 0x03, 0xFE, 0x0F,
    0xF8, 0x1F, 0xF0, 0x7F, 0xC0, 0xFF, 0x87, 0xFC, 0x0F, 0xF8, 0x3F, 0xE0, 0x7F, 0xC3, 0xFF, 0x07,
    0xFE, 0x1F, 0xF0, 0x7F, 0xC3, 0xFF, 0x0F, 0xF8, 0x3F, 0xE0, 0xFF, 0x87, 0xFC, 0x1F, 0xF0, 0x7F,
    0xC3, 0xFE, 0x0F, 0xF8, 0x3F, 0xE1, 0xFF, 0x07, 0xFC, 0x1F, 0xF0, 0x7F, 0x83, 0xFE, 0x0F, 0xF8,
    0x3F, 0xC0, 0x7F, 0x03, 0xFC, 0x01, 0xE0, 0x0F, 0x80, 0x06, 0x00, 0x10, 0x00, 0x03, 0xF0, 0x00,
    0x3F, 0x80, 0x01, 0xFE, 0x00, 0x0F, 0xF0, 0x00, 0xFF, 0xC0, 0x01, 0xFC, 0x00, 0x7F, 0xF8, 0x00,
    0x7F, 0x80, 0x0F, 0xFF, 0x00, 0x0F, 0xE0, 0x01, 0xFF, 0xE0, 0x03, 0xFC, 0x00, 0x1F, 0xFC, 0x00,
    0x7F, 0x00, 0x03, 0x9F, 0x80, 0x1F, 0xE0, 0x00, 0x03, 0xF0, 0x07, 0xF8, 0x00, 0x00, 0x7E, 0x00,
    0xFF, 0x00, 0x00, 0x0F, 0xC0, 0x3F, 0xC0, 0x00, 0x01, 0xF8, 0x07, 0xF8, 0x00, 0x00, 0x3F, 0x01,
    0xFE, 0x00, 0x00, 0x07, 0xE0, 0x3F, 0xC0, 0x00, 0x00, 0xFC, 0x0F, 0xF0, 0x00, 0x00, 0x1F, 0x81,
    0xFE, 0x01, 0xF8, 0x03, 0xF0, 0x7F, 0x80, 0x7F, 0x00, 0x7E, 0x0F, 0xF0, 0x1F, 0xE0, 0x0F, 0xC3,
    0xFC, 0x07, 0xFC, 0x01, 0xF8, 0x7F, 0x00, 0xFF, 0x80, 0x00, 0x1F, 0xE0, 0x3F, 0xF0, 0x00, 0x03,
    0xF8, 0x0F, 0xFE, 0x00, 0x00, 0xFF, 0x03, 0xF7, 0xC0, 0x00, 0x1F, 0xC0, 0x7C, 0xF8, 0x00, 0x07,
    0xF8, 0x1F, 0x9F, 0x00, 0x00, 0xFE, 0x03, 0xE3, 0xE0, 0x00, 0x3F, 0xC0, 0xFC, 0x7C, 0x00, 0x07,
    0xF0, 0x3F, 0xFF, 0xE0, 0x01, 0xFE, 0x07, 0xFF, 0xFC, 0x00, 0x3F, 0x80, 0xFF, 0xFF, 0x80, 0x0F,
    0xF0, 0x1F, 0xFF, 0xF0, 0x01, 0xFC, 0x00, 0x00, 0xF8, 0x00, 0x7F, 0x80, 0x00, 0x1F, 0x00, 0x0F,
    0xE0, 0x00, 0x03, 0xE0, 0x03, 0xFC, 0x00, 0x00, 0x7C, 0x00, 0x03, 0xF0, 0x00, 0xFF, 0x00, 0x07,
    0xF8, 0x00, 0x7F, 0x00, 0x0F, 0xFC, 0x00, 0x7F, 0x80, 0x1F, 0xFE, 0x00, 0x3F, 0x80, 0x0F, 0xFF,
    0x00, 0x3F, 0xC0, 0x07, 0xFF, 0x80, 0x1F, 0xC0, 0x01, 0xFF, 0xC0, 0x1F, 0xE0, 0x00, 0xE7, 0xE0,
    0x0F, 0xE0, 0x00, 0x03, 0xF0, 0x0F, 0xF0, 0x00, 0x01, 0xF8, 0x07, 0xF0, 0x00, 0x00, 0xFC, 0x07,
    0xF8, 0x00, 0x00, 0x7E, 0x03, 0xF8, 0x00, 0x00, 0x3F, 0x03, 0xFC, 0x00, 0x00, 0x1F, 0x81, 0xFC,
    0x00, 0x00, 0x0F, 0xC1, 0xFE, 0x00, 0x00, 0x07, 0xE1, 0xFE, 0x0F, 0xF8, 0x03, 0xF0, 0xFF, 0x1F,
    0xFE, 0x01, 0xF8, 0xFF, 0x1F, 0xFF, 0x80, 0xFC, 0x7F, 0x8F, 0xFF, 0xC0, 0x7E, 0x7F, 0x87, 0xE7,
    0xF0, 0x00, 0x3F, 0xC1, 0x83, 0xF8, 0x00, 0x3F, 0xC0, 0x01, 0xFC, 0x00, 0x1F, 0xE0, 0x01, 0xFC,
    0x00, 0x1F, 0xE0, 0x01, 0xFE, 0x00, 0x0F, 0xF0, 0x01, 0xFE, 0x00, 0x0F, 0xF0, 0x01, 0xFE, 0x00,
    0x07, 0xF8, 0x01, 0xFE, 0x00, 0x07, 0xF8, 0x01, 0xFE, 0x00, 0x03, 0xF8, 0x00, 0xFE, 0x00, 0x03,
    0xFC, 0x00, 0xFE, 0x00, 0x01, 0xFC, 0x00, 0x7F, 0xFE, 0x01, 0xFE, 0x00, 0x7F, 0xFF, 0x00, 0xFE,
    0x00, 0x3F, 0xFF, 0x80, 0xFF, 0x00, 0x1F, 0xFF, 0xC0, 0x7F, 0x00, 0x0F, 0xFF, 0xE0, 0x1F, 0xF0,
    0x00, 0x1F, 0xC0, 0x0F, 0xFF, 0x00, 0x07, 0xF8, 0x03, 0xFF, 0xF0, 0x00, 0xFE, 0x00, 0x3F, 0xFE,
    0x00, 0x3F, 0xC0, 0x03, 0xCF, 0xE0, 0x07, 0xF0, 0x00, 0x00, 0xFC, 0x01, 0xFE, 0x00, 0x00, 0x1F,
    0x80, 0x3F, 0x80, 0x00, 0x07, 0xE0, 0x0F, 0xF0, 0x00, 0x01, 0xFC, 0x01, 0xFC, 0x00, 0x01, 0xFF,
    0x00, 0x7F, 0x80, 0x00, 0x3F, 0xF0, 0x0F, 0xE0, 0x00, 0x07, 0xFF, 0x03, 0xFC, 0x00, 0x00, 0xFF,
    0xE0, 0xFF, 0x00, 0x00, 0x01, 0xFE, 0x1F, 0xE0, 0x00, 0x00, 0x1F, 0xC7, 0xF8, 0x00, 0x00, 0x03,
    0xF8, 0xFF, 0x01, 0xF8, 0x78, 0xFE, 0x3F, 0xC0, 0x7F, 0x1F, 0xFF, 0xC7, 0xF8, 0x1F, 0xE3, 0xFF,
    0xF1, 0xFE, 0x07, 0xFC, 0x7F, 0xFC, 0x3F, 0xC0, 0xFF, 0x87, 0xFF, 0x0F, 0xF0, 0x3F, 0xF0, 0x00,
    0x01, 0xFE, 0x0F, 0xFE, 0x00, 0x00, 0x7F, 0x83, 0xF7, 0xC0, 0x00, 0x0F, 0xE0, 0x7C, 0xF8, 0x00,
    0x03, 0xFC, 0x1F, 0x9F, 0x00, 0x00, 0x7F, 0x03, 0xE3, 0xE0, 0x00, 0x1F, 0xE0, 0xFC, 0x7C, 0x00,
    0x03, 0xF8, 0x3F, 0xFF, 0xE0, 0x00, 0xFF, 0x07, 0xFF, 0xFC, 0x00, 0x1F, 0xC0, 0xFF, 0xFF, 0x80,
    0x07, 0xF8, 0x1F, 0xFF, 0xF0, 0x00, 0xFE, 0x00, 0x00, 0xF8, 0x00, 0x3F, 0xC0, 0x00, 0x1F, 0x00,
    0x07, 0xF0, 0x00, 0x03, 0xE0, 0x01, 0xFE, 0x00, 0x00, 0x7C, 0x00, 0x00, 0x7E, 0x00, 0x07, 0xF8,
    0x00, 0x7F, 0xC0, 0x03, 0xFF, 0x00, 0x1F, 0xF8, 0x00, 0xFF, 0xC0, 0x07, 0xFC, 0x00, 0x1F, 0xE0,
    0x00, 0x7E, 0x00, 0x00, 0x00, 0x00, 0x00, 0x00, 0x00, 0x00, 0x00, 0x0F, 0xF0, 0x00, 0x7F, 0x80,
    0x03, 0xFC, 0x00, 0x3F, 0xC0, 0x01, 0xFE, 0x00, 0x1F, 0xF0, 0x01, 0xFF, 0x00, 0x1F, 0xF8, 0x01,
    0xFF, 0x80, 0x1F, 0xF8, 0x01, 0xFF, 0x80, 0x0F, 0xF8, 0x00, 0xFF, 0x80, 0x07, 0xFC, 0x00, 0x3F,
    0xC0, 0x01, 0xFF, 0x00, 0xCF, 0xFE, 0x7F, 0x7F, 0xFF, 0xF9, 0xFF, 0xFF, 0xCF, 0xFF, 0xFF, 0x3F,
    0xFF, 0xF8, 0x7F, 0xFF, 0x01, 0xFF, 0xE0, 0x00, 0x01, 0x80, 0x00, 0x00, 0x00, 0x3C, 0x00, 0x00,
    0x00, 0x07, 0xE0, 0x00, 0x00, 0x00, 0xFF, 0x00, 0x00, 0x00, 0x0F, 0xF8, 0x00, 0x00, 0x00, 0x7F,
    0xC0, 0x00, 0x00, 0x03, 0xFE, 0x00, 0x00, 0x00, 0x1F, 0xF0, 0x00, 0x00, 0x00, 0x7E, 0x00, 0x00,
    0x00, 0x03, 0xC0, 0x00, 0x00, 0x00, 0x18, 0x00, 0x00, 0x00, 0x00, 0x00, 0x00, 0x00, 0x00, 0x00,
    0x00, 0x00, 0x00, 0x3F, 0xC0, 0x00, 0x00, 0x07, 0xFE, 0x00, 0x00, 0x00, 0x7F, 0xE0, 0x00, 0x00,
    0x0F, 0xFF, 0x00, 0x00, 0x00, 0xFF, 0xF0, 0x00, 0x00, 0x1F, 0xFF, 0x80, 0x00, 0x01, 0xFF, 0xF8,
    0x00, 0x00, 0x1F, 0xFF, 0x80, 0x00, 0x03, 0xFF, 0xFC, 0x00, 0x00, 0x3F, 0xFF, 0xC0, 0x00, 0x07,
    0xFB, 0xFE, 0x00, 0x00, 0x7F, 0x9F, 0xE0, 0x00, 0x0F, 0xF9, 0xFF, 0x00, 0x00, 0xFF, 0x0F, 0xF0,
    0x00, 0x0F, 0xF0, 0xFF, 0x00, 0x01, 0xFE, 0x07, 0xF8, 0x00, 0x1F, 0xE0, 0x7F, 0x80, 0x03, 0xFE,
    0x07, 0xFC, 0x00, 0x3F, 0xC0, 0x3F, 0xC0, 0x03, 0xFC, 0x03, 0xFC, 0x00, 0x7F, 0xFF, 0xFF, 0xE0,
    0x07, 0xFF, 0xFF, 0xFE, 0x00, 0x7F, 0xFF, 0xFF, 0xE0, 0x0F, 0xFF, 0xFF, 0xFF, 0x00, 0xFF, 0xFF,
    0xFF, 0xF0, 0x1F, 0xFF, 0xFF, 0xFF, 0x81, 0xFF, 0xFF, 0xFF, 0xF8, 0x1F, 0xE0, 0x00, 0xFF, 0x83,
    0xFE, 0x00, 0x07, 0xFC, 0x3F, 0xE0, 0x00, 0x7F, 0xC3, 0xFC, 0x00, 0x07, 0xFC, 0x7F, 0xC0, 0x00,
    0x3F, 0xE7, 0xFC, 0x00, 0x03, 0xFE, 0x7F, 0x80, 0x00, 0x3F, 0xEF, 0xF8, 0x00, 0x01, 0xFF, 0x00,
    0x00, 0x30, 0x00, 0x00, 0x00, 0x07, 0x80, 0x00, 0x00, 0x00, 0x7E, 0x00, 0x00, 0x00, 0x0F, 0xF0,
    0x00, 0x00, 0x01, 0xFF, 0x00, 0x00, 0x00, 0x3F, 0xE0, 0x00, 0x00, 0x07, 0xF8, 0x00, 0x00, 0x00,
    0xFF, 0x00, 0x00, 0x00, 0x0F, 0xE0, 0x00, 0x00, 0x00, 0x7C, 0x00, 0x00, 0x00, 0x03, 0x80, 0x00,
    0x00, 0x00, 0x00, 0x00, 0x00, 0x00, 0x00, 0x00, 0x00, 0x00, 0x00, 0x3F, 0xC0, 0x00, 0x00, 0x07,
    0xFE, 0x00, 0x00, 0x00, 0x7F, 0xE0, 0x00, 0x00, 0x0F, 0xFF, 0x00, 0x00, 0x00, 0xFF, 0xF0, 0x00,
    0x00, 0x1F, 0xFF, 0x80, 0x00, 0x01, 0xFF, 0xF8, 0x00, 0x00, 0x1F, 0xFF, 0x80, 0x00, 0x03, 0xFF,
    0xFC, 0x00, 0x00, 0x3F, 0xFF, 0xC0, 0x00, 0x07, 0xFB, 0xFE, 0x00, 0x00, 0x7F, 0x9F, 0xE0, 0x00,
    0x0F, 0xF9, 0xFF, 0x00, 0x00, 0xFF, 0x0F, 0xF0, 0x00, 0x0F, 0xF0, 0xFF, 0x00, 0x01, 0xFE, 0x07,
    0xF8, 0x00, 0x1F, 0xE0, 0x7F, 0x80, 0x03, 0xFE, 0x07, 0xFC, 0x00, 0x3F, 0xC0, 0x3F, 0xC0, 0x03,
    0xFC, 0x03, 0xFC, 0x00, 0x7F, 0xFF, 0xFF, 0xE0, 0x07, 0xFF, 0xFF, 0xFE, 0x00, 0x7F, 0xFF, 0xFF,
    0xE0, 0x0F, 0xFF, 0xFF, 0xFF, 0x00, 0xFF, 0xFF, 0xFF, 0xF0, 0x1F, 0xFF, 0xFF, 0xFF, 0x81, 0xFF,
    0xFF, 0xFF, 0xF8, 0x1F, 0xE0, 0x00, 0xFF, 0x83, 0xFE, 0x00, 0x07, 0xFC, 0x3F, 0xE0, 0x00, 0x7F,
    0xC3, 0xFC, 0x00, 0x07, 0xFC, 0x7F, 0xC0, 0x00, 0x3F, 0xE7, 0xFC, 0x00, 0x03, 0xFE, 0x7F, 0x80,
    0x00, 0x3F, 0xEF, 0xF8, 0x00, 0x01, 0xFF, 0x00, 0x00, 0x60, 0x00, 0x00, 0x00, 0x0F, 0x00, 0x00,
    0x00, 0x01, 0xF8, 0x00, 0x00, 0x00, 0x7F, 0xE0, 0x00, 0x00, 0x0F, 0xFF, 0x00, 0x00, 0x01, 0xFF,
    0xF8, 0x00, 0x00, 0x3F, 0xFF, 0xC0, 0x00, 0x03, 0xF9, 0xFC, 0x00, 0x00, 0x1E, 0x07, 0x80, 0x00,
    0x00, 0xC0, 0x30, 0x00, 0x00, 0x00, 0x00, 0x00, 0x00, 0x00, 0x00, 0x00, 0x00, 0x00, 0x03, 0xFC,
    0x00, 0x00, 0x00, 0x7F, 0xE0, 0x00, 0x00, 0x07, 0xFE, 0x00, 0x00, 0x00, 0xFF, 0xF0, 0x00, 0x00,
    0x0F, 0xFF, 0x00, 0x00, 0x01, 0xFF, 0xF8, 0x00, 0x00, 0x1F, 0xFF, 0x80, 0x00, 0x01, 0xFF, 0xF8,
    0x00, 0x00, 0x3F, 0xFF, 0xC0, 0x00, 0x03, 0xFF, 0xFC, 0x00, 0x00, 0x7F, 0xBF, 0xE0, 0x00, 0x07,
    0xF9, 0xFE, 0x00, 0x00, 0xFF, 0x9F, 0xF0, 0x00, 0x0F, 0xF0, 0xFF, 0x00, 0x00, 0xFF, 0x0F, 0xF0,
    0x00, 0x1F, 0xE0, 0x7F, 0x80, 0x01, 0xFE, 0x07, 0xF8, 0x00, 0x3F, 0xE0, 0x7F, 0xC0, 0x03, 0xFC,
    0x03, 0xFC, 0x00, 0x3F, 0xC0, 0x3F, 0xC0, 0x07, 0xFF, 0xFF, 0xFE, 0x00, 0x7F, 0xFF, 0xFF, 0xE0,
    0x07, 0xFF, 0xFF, 0xFE, 0x00, 0xFF, 0xFF, 0xFF, 0xF0, 0x0F, 0xFF, 0xFF, 0xFF, 0x01, 0xFF, 0xFF,
    0xFF, 0xF8, 0x1F, 0xFF, 0xFF, 0xFF, 0x81, 0xFE, 0x00, 0x0F, 0xF8, 0x3F, 0xE0, 0x00, 0x7F, 0xC3,
    0xFE, 0x00, 0x07, 0xFC, 0x3F, 0xC0, 0x00, 0x7F, 0xC7, 0xFC, 0x00, 0x03, 0xFE, 0x7F, 0xC0, 0x00,
    0x3F, 0xE7, 0xF8, 0x00, 0x03, 0xFE, 0xFF, 0x80, 0x00, 0x1F, 0xF0, 0x00, 0x0F, 0xC1, 0x80, 0x00,
    0x01, 0xFF, 0x3E, 0x00, 0x00, 0x3F, 0xFF, 0xF0, 0x00, 0x07, 0xFF, 0xFE, 0x00, 0x00, 0x7F, 0xFF,
    0xE0, 0x00, 0x03, 0xEF, 0xFC, 0x00, 0x00, 0x18, 0x1F, 0x00, 0x00, 0x00, 0x00, 0x00, 0x00, 0x00,
    0x00, 0x00, 0x00, 0x00, 0x00, 0x00, 0x00, 0x00, 0x00, 0x03, 0xFC, 0x00, 0x00, 0x00, 0x7F, 0xE0,
    0x00, 0x00, 0x07, 0xFE, 0x00, 0x00, 0x00, 0xFF, 0xF0, 0x00, 0x00, 0x0F, 0xFF, 0x00, 0x00, 0x01,
    0xFF, 0xF8, 0x00, 0x00, 0x1F, 0xFF, 0x80, 0x00, 0x01, 0xFF, 0xF8, 0x00, 0x00, 0x3F, 0xFF, 0xC0,
    0x00, 0x03, 0xFF, 0xFC, 0x00, 0x00, 0x7F, 0xBF, 0xE0, 0x00, 0x07, 0xF9, 0xFE, 0x00, 0x00, 0xFF,
    0x9F, 0xF0, 0x00, 0x0F, 0xF0, 0xFF, 0x00, 0x00, 0xFF, 0x0F, 0xF0, 0x00, 0x1F, 0xE0, 0x7F, 0x80,
    0x01, 0xFE, 0x07, 0xF8, 0x00, 0x3F, 0xE0, 0x7F, 0xC0, 0x03, 0xFC, 0x03, 0xFC, 0x00, 0x3F, 0xC0,
    0x3F, 0xC0, 0x07, 0xFF, 0xFF, 0xFE, 0x00, 0x7F, 0xFF, 0xFF, 0xE0, 0x07, 0xFF, 0xFF, 0xFE, 0x00,
    0xFF, 0xFF, 0xFF, 0xF0, 0x0F, 0xFF, 0xFF, 0xFF, 0x01, 0xFF, 0xFF, 0xFF, 0xF8, 0x1F, 0xFF, 0xFF,
    0xFF, 0x81, 0xFE, 0x00, 0x0F, 0xF8, 0x3F, 0xE0, 0x00, 0x7F, 0xC3, 0xFE, 0x00, 0x07, 0xFC, 0x3F,
    0xC0, 0x00, 0x7F, 0xC7, 0xFC, 0x00, 0x03, 0xFE, 0x7F, 0xC0, 0x00, 0x3F, 0xE7, 0xF8, 0x00, 0x03,
    0xFE, 0xFF, 0x80, 0x00, 0x1F, 0xF0, 0x00, 0x3E, 0x07, 0xC0, 0x00, 0x07, 0xF0, 0xFE, 0x00, 0x00,
    0xFF, 0x1F, 0xE0, 0x00, 0x0F, 0xF1, 0xFE, 0x00, 0x00, 0xFF, 0x1F, 0xE0, 0x00, 0x0F, 0xF1, 0xFE,
    0x00, 0x00, 0x7F, 0x0F, 0xE0, 0x00, 0x03, 0xE0, 0x7C, 0x00, 0x00, 0x00, 0x00, 0x00, 0x00, 0x00,
    0x00, 0x00, 0x00, 0x00, 0x00, 0x00, 0x00, 0x00, 0x00, 0x3F, 0xC0, 0x00, 0x00, 0x07, 0xFE, 0x00,
    0x00, 0x00, 0x7F, 0xE0, 0x00, 0x00, 0x0F, 0xFF, 0x00, 0x00, 0x00, 0xFF, 0xF0, 0x00, 0x00, 0x1F,
    0xFF, 0x80, 0x00, 0x01, 0xFF, 0xF8, 0x00, 0x00, 0x1F, 0xFF, 0x80, 0x00, 0x03, 0xFF, 0xFC, 0x00,
    0x00, 0x3F, 0xFF, 0xC0, 0x00, 0x07, 0xFB, 0xFE, 0x00, 0x00, 0x7F, 0x9F, 0xE0, 0x00, 0x0F, 0xF9,
    0xFF, 0x00, 0x00, 0xFF, 0x0F, 0xF0, 0x00, 0x0F, 0xF0, 0xFF, 0x00, 0x01, 0xFE, 0x07, 0xF8, 0x00,
    0x1F, 0xE0, 0x7F, 0x80, 0x03, 0xFE, 0x07, 0xFC, 0x00, 0x3F, 0xC0, 0x3F, 0xC0, 0x03, 0xFC, 0x03,
    0xFC, 0x00, 0x7F, 0xFF, 0xFF, 0xE0, 0x07, 0xFF, 0xFF, 0xFE, 0x00, 0x7F, 0xFF, 0xFF, 0xE0, 0x0F,
    0xFF, 0xFF, 0xFF, 0x00, 0xFF, 0xFF, 0xFF, 0xF0, 0x1F, 0xFF, 0xFF, 0xFF, 0x81, 0xFF, 0xFF, 0xFF,
    0xF8, 0x1F, 0xE0, 0x00, 0xFF, 0x83, 0xFE, 0x00, 0x07, 0xFC, 0x3F, 0xE0, 0x00, 0x7F, 0xC3, 0xFC,
    0x00, 0x07, 0xFC, 0x7F, 0xC0, 0x00, 0x3F, 0xE7, 0xFC, 0x00, 0x03, 0xFE, 0x7F, 0x80, 0x00, 0x3F,
    0xEF, 0xF8, 0x00, 0x01, 0xFF, 0x00, 0x01, 0xF8, 0x00, 0x00, 0x00, 0x7F, 0xE0, 0x00, 0x00, 0x07,
    0xFE, 0x00, 0x00, 0x00, 0xF9, 0xF0, 0x00, 0x00, 0x0F, 0x0F, 0x00, 0x00, 0x00, 0xF0, 0xF0, 0x00,
    0x00, 0x0F, 0x0F, 0x00, 0x00, 0x00, 0xF9, 0xF0, 0x00, 0x00, 0x0F, 0xFF, 0x00, 0x00, 0x00, 0x7F,
    0xE0, 0x00, 0x00, 0x07, 0xFE, 0x00, 0x00, 0x00, 0x7F, 0xE0, 0x00, 0x00, 0x07, 0xFF, 0x00, 0x00,
    0x00, 0xFF, 0xF0, 0x00, 0x00, 0x0F, 0xFF, 0x00, 0x00, 0x01, 0xFF, 0xF8, 0x00, 0x00, 0x1F, 0xFF,
    0x80, 0x00, 0x03, 0xFF, 0xFC, 0x00, 0x00, 0x3F, 0xFF, 0xC0, 0x00, 0x07, 0xFF, 0xFE, 0x00, 0x00,
    0x7F, 0xBF, 0xE0, 0x00, 0x07, 0xF9, 0xFE, 0x00, 0x00, 0xFF, 0x9F, 0xF0, 0x00, 0x0F, 0xF0, 0xFF,
    0x00, 0x01, 0xFF, 0x0F, 0xF8, 0x00, 0x1F, 0xE0, 0x7F, 0x80, 0x01, 0xFE, 0x07, 0xF8, 0x00, 0x3F,
    0xC0, 0x7F, 0xC0, 0x03, 0xFC, 0x03, 0xFC, 0x00, 0x3F, 0xC0, 0x3F, 0xC0, 0x07, 0xFF, 0xFF, 0xFE,
    0x00, 0x7F, 0xFF, 0xFF, 0xE0, 0x0F, 0xFF, 0xFF, 0xFF, 0x00, 0xFF, 0xFF, 0xFF, 0xF0, 0x0F, 0xFF,
    0xFF, 0xFF, 0x01, 0xFF, 0xFF, 0xFF, 0xF8, 0x1F, 0xFF, 0xFF, 0xFF, 0x81, 0xFE, 0x00, 0x0F, 0xF8,
    0x3F, 0xE0, 0x00, 0x7F, 0xC3, 0xFE, 0x00, 0x07, 0xFC, 0x3F, 0xC0, 0x00, 0x7F, 0xC7, 0xFC, 0x00,
    0x03, 0xFE, 0x7F, 0xC0, 0x00, 0x3F, 0xE7, 0xF8, 0x00, 0x03, 0xFE, 0xFF, 0x80, 0x00, 0x1F, 0xF0,
    0x00, 0x00, 0x07, 0xFF, 0xFF, 0xFE, 0x00, 0x00, 0x0F, 0xFF, 0xFF, 0xFE, 0x00, 0x00, 0x0F, 0xFF,
    0xFF, 0xFE, 0x00, 0x00, 0x1F, 0xFF, 0xFF, 0xFE, 0x00, 0x00, 0x3F, 0xFF, 0xFF, 0xFE, 0x00, 0x00,
    0x3F, 0xFF, 0xFF, 0xFE, 0x00, 0x00, 0x7F, 0xFF, 0xFF, 0xFE, 0x00, 0x00, 0x7F, 0xFF, 0x00, 0x00,
    0x00, 0x00, 0xFF, 0xFF, 0x00, 0x00, 0x00, 0x01, 0xFF, 0xFF, 0x00, 0x00, 0x00, 0x01, 0xFE, 0xFF,
    0x00, 0x00, 0x00, 0x03, 0xFE, 0xFF, 0x00, 0x00, 0x00, 0x07, 0xFC, 0xFF, 0x00, 0x00, 0x00, 0x07,
    0xF8, 0xFF, 0xFF, 0xF8, 0x00, 0x0F, 0xF8, 0xFF, 0xFF, 0xF8, 0x00, 0x0F, 0xF0, 0xFF, 0xFF, 0xF8,
    0x00, 0x1F, 0xF0, 0xFF, 0xFF, 0xF8, 0x00, 0x3F, 0xE0, 0xFF, 0xFF, 0xF8, 0x00, 0x3F, 0xC0, 0xFF,
    0xFF, 0xF8, 0x00, 0x7F, 0x80, 0xFF, 0xFF, 0xF8, 0x00, 0x7F, 0xFF, 0xFF, 0x00, 0x00, 0x00, 0xFF,
    0xFF, 0xFF, 0x00, 0x00, 0x01, 0xFF, 0xFF, 0xFF, 0x00, 0x00, 0x01, 0xFF, 0xFF, 0xFF, 0x00, 0x00,
    0x03, 0xFF, 0xFF, 0xFF, 0x00, 0x00, 0x03, 0xFF, 0xFF, 0xFF, 0x00, 0x00, 0x07, 0xFF, 0xFF, 0xFF,
    0x00, 0x00, 0x0F, 0xFC, 0x00, 0xFF, 0x00, 0x00, 0x0F, 0xF8, 0x00, 0xFF, 0xFF, 0xFF, 0x1F, 0xF0,
    0x00, 0xFF, 0xFF, 0xFF, 0x1F, 0xF0, 0x00, 0xFF, 0xFF, 0xFF, 0x3F, 0xE0, 0x00, 0xFF, 0xFF, 0xFF,
    0x3F, 0xE0, 0x00, 0xFF, 0xFF, 0xFF, 0x7F, 0xC0, 0x00, 0xFF, 0xFF, 0xFF, 0xFF, 0xC0, 0x00, 0xFF,
    0xFF, 0xFF, 0x00, 0x0F, 0xFF, 0x80, 0x00, 0xFF, 0xFF, 0x80, 0x0F, 0xFF, 0xFF, 0x80, 0xFF, 0xFF,
    0xFE, 0x07, 0xFF, 0xFF, 0xF8, 0x3F, 0xFF, 0xFF, 0xC0, 0xFF, 0xFF, 0xFF, 0x07, 0xFF, 0xE3, 0xFC,
    0x3F, 0xFC, 0x00, 0xE0, 0xFF, 0xC0, 0x00, 0x03, 0xFE, 0x00, 0x00, 0x1F, 0xF8, 0x00, 0x00, 0x7F,
    0xC0, 0x00, 0x01, 0xFF, 0x00, 0x00, 0x0F, 0xF8, 0x00, 0x00, 0x3F, 0xE0, 0x00, 0x00, 0xFF, 0x80,
    0x00, 0x03, 0xFE, 0x00, 0x00, 0x0F, 0xF8, 0x00, 0x00, 0x3F, 0xE0, 0x00, 0x00, 0xFF, 0x80, 0x00,
    0x03, 0xFE, 0x00, 0x00, 0x0F, 0xF8, 0x00, 0x00, 0x1F, 0xF0, 0x00, 0x00, 0x7F, 0xC0, 0x00, 0x01,
    0xFF, 0x80, 0x00, 0x07, 0xFE, 0x00, 0x00, 0x0F, 0xFC, 0x00, 0x00, 0x3F, 0xFC, 0x00, 0x70, 0x7F,
    0xFE, 0x1F, 0xC1, 0xFF, 0xFF, 0xFF, 0x03, 0xFF, 0xFF, 0xFE, 0x07, 0xFF, 0xFF, 0xF8, 0x0F, 0xFF,
    0xFF, 0xE0, 0x0F, 0xFF, 0xFF, 0xC0, 0x0F, 0xFF, 0xFC, 0x00, 0x07, 0xFF, 0x80, 0x00, 0x0F, 0xC0,
    0x00, 0x00, 0x3F, 0x00, 0x00, 0x01, 0xFE, 0x00, 0x00, 0x01, 0xFC, 0x00, 0x00, 0x03, 0xF0, 0x00,
    0x01, 0x9F, 0xC0, 0x00, 0x07, 0xFF, 0x00, 0x00, 0x1F, 0xFC, 0x00, 0x00, 0xFF, 0xE0, 0x00, 0x03,
    0xFE, 0x00, 0x00, 0x00, 0x60, 0x00, 0x00, 0x78, 0x00, 0x00, 0x7E, 0x00, 0x00, 0x7F, 0x80, 0x00,
    0x3F, 0xE0, 0x00, 0x0F, 0xF0, 0x00, 0x03, 0xFC, 0x00, 0x00, 0xFF, 0x00, 0x00, 0x3F, 0x80, 0x00,
    0x0F, 0x80, 0x00, 0x01, 0x80, 0x00, 0x00, 0x00, 0x00, 0x00, 0x00, 0x07, 0xFF, 0xFF, 0xFB, 0xFF,
    0xFF, 0xFD, 0xFF, 0xFF, 0xFE, 0xFF, 0xFF, 0xFF, 0x7F, 0xFF, 0xFF, 0xBF, 0xFF, 0xFF, 0xDF, 0xFF,
    0xFF, 0xEF, 0xF0, 0x00, 0x07, 0xF8, 0x00, 0x03, 0xFC, 0x00, 0x01, 0xFE, 0x00, 0x00, 0xFF, 0x00,
    0x00, 0x7F, 0x80, 0x00, 0x3F, 0xFF, 0xFF, 0x1F, 0xFF, 0xFF, 0x8F, 0xFF, 0xFF, 0xC7, 0xFF, 0xFF,
    0xE3, 0xFF, 0xFF, 0xF1, 0xFF, 0xFF, 0xF8, 0xFF, 0xFF, 0xFC, 0x7F, 0x80, 0x00, 0x3F, 0xC0, 0x00,
    0x1F, 0xE0, 0x00, 0x0F, 0xF0, 0x00, 0x07, 0xF8, 0x00, 0x03, 0xFC, 0x00, 0x01, 0xFE, 0x00, 0x00,
    0xFF, 0x00, 0x00, 0x7F, 0xFF, 0xFF, 0xFF, 0xFF, 0xFF, 0xFF, 0xFF, 0xFF, 0xFF, 0xFF, 0xFF, 0xFF,
    0xFF, 0xFF, 0xFF, 0xFF, 0xFF, 0xFF, 0xFF, 0xFF, 0xFF, 0x00, 0x06, 0x00, 0x00, 0x07, 0x80, 0x00,
    0x07, 0xE0, 0x00, 0x07, 0xF8, 0x00, 0x07, 0xFC, 0x00, 0x07, 0xFC, 0x00, 0x07, 0xFC, 0x00, 0x07,
    0xF8, 0x00, 0x03, 0xF8, 0x00, 0x00, 0x78, 0x00, 0x00, 0x18, 0x00, 0x00, 0x00, 0x00, 0x00, 0x00,
    0x00, 0x07, 0xFF, 0xFF, 0xFB, 0xFF, 0xFF, 0xFD, 0xFF, 0xFF, 0xFE, 0xFF, 0xFF, 0xFF, 0x7F, 0xFF,
    0xFF, 0xBF, 0xFF, 0xFF, 0xDF, 0xFF, 0xFF, 0xEF, 0xF0, 0x00, 0x07, 0xF8, 0x00, 0x03, 0xFC, 0x00,
    0x01, 0xFE, 0x00, 0x00, 0xFF, 0x00, 0x00, 0x7F, 0x80, 0x00, 0x3F, 0xFF, 0xFF, 0x1F, 0xFF, 0xFF,
    0x8F, 0xFF, 0xFF, 0xC7, 0xFF, 0xFF, 0xE3, 0xFF, 0xFF, 0xF1, 0xFF, 0xFF, 0xF8, 0xFF, 0xFF, 0xFC,
    0x7F, 0x80, 0x00, 0x3F, 0xC0, 0x00, 0x1F, 0xE0, 0x00, 0x0F, 0xF0, 0x00, 0x07, 0xF8, 0x00, 0x03,
    0xFC, 0x00, 0x01, 0xFE, 0x00, 0x00, 0xFF, 0x00, 0x00, 0x7F, 0xFF, 0xFF, 0xFF, 0xFF, 0xFF, 0xFF,
    0xFF, 0xFF, 0xFF, 0xFF, 0xFF, 0xFF, 0xFF, 0xFF, 0xFF, 0xFF, 0xFF, 0xFF, 0xFF, 0xFF, 0xFF, 0x00,
    0x18, 0x00, 0x00, 0x1E, 0x00, 0x00, 0x3F, 0x80, 0x00, 0x3F, 0xE0, 0x00, 0x3F, 0xF8, 0x00, 0x3F,
    0xFF, 0x00, 0x3F, 0xFF, 0xC0, 0x1F, 0x8F, 0xC0, 0x07, 0x83, 0xE0, 0x01, 0x80, 0x60, 0x00, 0x00,
    0x00, 0x00, 0x00, 0x00, 0x0F, 0xFF, 0xFF, 0xF7, 0xFF, 0xFF, 0xFB, 0xFF, 0xFF, 0xFD, 0xFF, 0xFF,
    0xFE, 0xFF, 0xFF, 0xFF, 0x7F, 0xFF, 0xFF, 0xBF, 0xFF, 0xFF, 0xDF, 0xE0, 0x00, 0x0F, 0xF0, 0x00,
    0x07, 0xF8, 0x00, 0x03, 0xFC, 0x00, 0x01, 0xFE, 0x00, 0x00, 0xFF, 0x00, 0x00, 0x7F, 0xFF, 0xFE,
    0x3F, 0xFF, 0xFF, 0x1F, 0xFF, 0xFF, 0x8F, 0xFF, 0xFF, 0xC7, 0xFF, 0xFF, 0xE3, 0xFF, 0xFF, 0xF1,
    0xFF, 0xFF, 0xF8, 0xFF, 0x00, 0x00, 0x7F, 0x80, 0x00, 0x3F, 0xC0, 0x00, 0x1F, 0xE0, 0x00, 0x0F,
    0xF0, 0x00, 0x07, 0xF8, 0x00, 0x03, 0xFC, 0x00, 0x01, 0xFE, 0x00, 0x00, 0xFF, 0xFF, 0xFF, 0xFF,
    0xFF, 0xFF, 0xFF, 0xFF, 0xFF, 0xFF, 0xFF, 0xFF, 0xFF, 0xFF, 0xFF, 0xFF, 0xFF, 0xFF, 0xFF, 0xFF,
    0xFF, 0xFE, 0x1F, 0x81, 0xF0, 0x0F, 0xC1, 0xFC, 0x0F, 0xF1, 0xFE, 0x07, 0xF8, 0xFF, 0x03, 0xFC,
    0x7F, 0x81, 0xFE, 0x3F, 0xC0, 0x7E, 0x0F, 0xE0, 0x3F, 0x03, 0xE0, 0x00, 0x00, 0x00, 0x00, 0x00,
    0x00, 0x00, 0x00, 0x00, 0x1F, 0xFF, 0xFF, 0xEF, 0xFF, 0xFF, 0xF7, 0xFF, 0xFF, 0xFB, 0xFF, 0xFF,
    0xFD, 0xFF, 0xFF, 0xFE, 0xFF, 0xFF, 0xFF, 0x7F, 0xFF, 0xFF, 0xBF, 0xC0, 0x00, 0x1F, 0xE0, 0x00,
    0x0F, 0xF0, 0x00, 0x07, 0xF8, 0x00, 0x03, 0xFC, 0x00, 0x01, 0xFE, 0x00, 0x00, 0xFF, 0xFF, 0xFC,
    0x7F, 0xFF, 0xFE, 0x3F, 0xFF, 0xFF, 0x1F, 0xFF, 0xFF, 0x8F, 0xFF, 0xFF, 0xC7, 0xFF, 0xFF, 0xE3,
    0xFF, 0xFF, 0xF1, 0xFE, 0x00, 0x00, 0xFF, 0x00, 0x00, 0x7F, 0x80, 0x00, 0x3F, 0xC0, 0x00, 0x1F,
    0xE0, 0x00, 0x0F, 0xF0, 0x00, 0x07, 0xF8, 0x00, 0x03, 0xFC, 0x00, 0x01, 0xFF, 0xFF, 0xFF, 0xFF,
    0xFF, 0xFF, 0xFF, 0xFF, 0xFF, 0xFF, 0xFF, 0xFF, 0xFF, 0xFF, 0xFF, 0xFF, 0xFF, 0xFF, 0xFF, 0xFF,
    0xFF, 0xFC, 0x0C, 0x00, 0xF0, 0x0F, 0xC0, 0xFF, 0x07, 0xFC, 0x1F, 0xF0, 0x7F, 0xC1, 0xFE, 0x03,
    0xF0, 0x0F, 0x00, 0x30, 0x00, 0x00, 0x00, 0x0F, 0xF0, 0x7F, 0x83, 0xFC, 0x1F, 0xE0, 0xFF, 0x07,
    0xF8, 0x3F, 0xC1, 0xFE, 0x0F, 0xF0, 0x7F, 0x83, 0xFC, 0x1F, 0xE0, 0xFF, 0x07, 0xF8, 0x3F, 0xC1,
    0xFE, 0x0F, 0xF0, 0x7F, 0x83, 0xFC, 0x1F, 0xE0, 0xFF, 0x07, 0xF8, 0x3F, 0xC1, 0xFE, 0x0F, 0xF0,
    0x7F, 0x83, 0xFC, 0x1F, 0xE0, 0xFF, 0x07, 0xF8, 0x3F, 0xC1, 0xFE, 0x0F, 0xF0, 0x7F, 0x83, 0xFC,
    0x01, 0x80, 0x1E, 0x01, 0xF8, 0x1F, 0xE1, 0xFF, 0x1F, 0xF1, 0xFF, 0x1F, 0xF0, 0x7E, 0x01, 0xE0,
    0x06, 0x00, 0x00, 0x00, 0x00, 0x1F, 0xE0, 0xFF, 0x07, 0xF8, 0x3F, 0xC1, 0xFE, 0x0F, 0xF0, 0x7F,
    0x83, 0xFC, 0x1F, 0xE0, 0xFF, 0x07, 0xF8, 0x3F, 0xC1, 0xFE, 0x0F, 0xF0, 0x7F, 0x83, 0xFC, 0x1F,
    0xE0, 0xFF, 0x07, 0xF8, 0x3F, 0xC1, 0xFE, 0x0F, 0xF0, 0x7F, 0x83, 0xFC, 0x1F, 0xE0, 0xFF, 0x07,
    0xF8, 0x3F, 0xC1, 0xFE, 0x0F, 0xF0, 0x7F, 0x83, 0xFC, 0x1F, 0xE0, 0xFF, 0x07, 0xF8, 0x01, 0x80,
    0x03, 0xC0, 0x07, 0xE0, 0x1F, 0xF8, 0x3F, 0xFC, 0x7F, 0xFE, 0xFF, 0xFF, 0xFE, 0x7F, 0x78, 0x1E,
    0x30, 0x0C, 0x00, 0x00, 0x00, 0x00, 0x0F, 0xF0, 0x0F, 0xF0, 0x0F, 0xF0, 0x0F, 0xF0, 0x0F, 0xF0,
    0x0F, 0xF0, 0x0F, 0xF0, 0x0F, 0xF0, 0x0F, 0xF0, 0x0F, 0xF0, 0x0F, 0xF0, 0x0F, 0xF0, 0x0F, 0xF0,
    0x0F, 0xF0, 0x0F, 0xF0, 0x0F, 0xF0, 0x0F, 0xF0, 0x0F, 0xF0, 0x0F, 0xF0, 0x0F, 0xF0, 0x0F, 0xF0,
    0x0F, 0xF0, 0x0F, 0xF0, 0x0F, 0xF0, 0x0F, 0xF0, 0x0F, 0xF0, 0x0F, 0xF0, 0x0F, 0xF0, 0x0F, 0xF0,
    0x0F, 0xF0, 0x0F, 0xF0, 0x0F, 0xF0, 0x0F, 0xF0, 0x0F, 0xF0, 0x0F, 0xF0, 0x3E, 0x07, 0xC7, 0xF0,
    0xFE, 0xFF, 0x0F, 0xFF, 0xF9, 0xFF, 0xFF, 0x9F, 0xFF, 0xF0, 0xFF, 0x7F, 0x0F, 0xE3, 0xE0, 0x7C,
    0x00, 0x00, 0x00, 0x00, 0x00, 0x00, 0x00, 0x00, 0x3F, 0xC0, 0x03, 0xFC, 0x00, 0x3F, 0xC0, 0x03,
    0xFC, 0x00, 0x3F, 0xC0, 0x03, 0xFC, 0x00, 0x3F, 0xC0, 0x03, 0xFC, 0x00, 0x3F, 0xC0, 0x03, 0xFC,
    0x00, 0x3F, 0xC0, 0x03, 0xFC, 0x00, 0x3F, 0xC0, 0x03, 0xFC, 0x00, 0x3F, 0xC0, 0x03, 0xFC, 0x00,
    0x3F, 0xC0, 0x03, 0xFC, 0x00, 0x3F, 0xC0, 0x03, 0xFC, 0x00, 0x3F, 0xC0, 0x03, 0xFC, 0x00, 0x3F,
    0xC0, 0x03, 0xFC, 0x00, 0x3F, 0xC0, 0x03, 0xFC, 0x00, 0x3F, 0xC0, 0x03, 0xFC, 0x00, 0x3F, 0xC0,
    0x03, 0xFC, 0x00, 0x3F, 0xC0, 0x03, 0xFC, 0x00, 0x3F, 0xC0, 0x03, 0xFC, 0x00, 0x3F, 0xC0, 0x07,
    0xFF, 0xFE, 0x00, 0x01, 0xFF, 0xFF, 0xF8, 0x00, 0x3F, 0xFF, 0xFF, 0xC0, 0x07, 0xFF, 0xFF, 0xFC,
    0x00, 0xFF, 0xFF, 0xFF, 0xC0, 0x1F, 0xFF, 0xFF, 0xFC, 0x03, 0xFF, 0xFF, 0xFF, 0xC0, 0x7F, 0xC3,
    0xFF, 0xFC, 0x0F, 0xF8, 0x03, 0xFF, 0x81, 0xFF, 0x00, 0x3F, 0xF8, 0x3F, 0xE0, 0x03, 0xFF, 0x07,
    0xFC, 0x00, 0x3F, 0xE0, 0xFF, 0x80, 0x07, 0xFE, 0x1F, 0xF0, 0x00, 0x7F, 0xFF, 0xFF, 0xF8, 0x0F,
    0xFF, 0xFF, 0xFF, 0x01, 0xFF, 0xFF, 0xFF, 0xE0, 0x3F, 0xFF, 0xFF, 0xFC, 0x07, 0xFF, 0xFF, 0xFF,
    0x80, 0xFF, 0xFF, 0xFF, 0xF0, 0x1F, 0xF0, 0xFF, 0x80, 0x03, 0xFE, 0x1F, 0xF0, 0x00, 0x7F, 0xC3,
    0xFE, 0x00, 0x0F, 0xF8, 0x7F, 0xC0, 0x03, 0xFF, 0x0F, 0xF8, 0x00, 0x7F, 0xC1, 0xFF, 0x00, 0x1F,
    0xF8, 0x3F, 0xE0, 0x07, 0xFF, 0x07, 0xFC, 0x03, 0xFF, 0xC0, 0xFF, 0x87, 0xFF, 0xF8, 0x1F, 0xFF,
    0xFF, 0xFE, 0x03, 0xFF, 0xFF, 0xFF, 0x80, 0x7F, 0xFF, 0xFF, 0xE0, 0x0F, 0xFF, 0xFF, 0xF8, 0x01,
    0xFF, 0xFF, 0xFC, 0x00, 0x3F, 0xFF, 0xFE, 0x00, 0x03, 0xFF, 0xFE, 0x00, 0x00, 0x00, 0x7E, 0x0C,
    0x00, 0x07, 0xFE, 0x7C, 0x00, 0x1F, 0xFF, 0xF0, 0x00, 0xFF, 0xFF, 0xC0, 0x03, 0xFF, 0xFE, 0x00,
    0x0F, 0x9F, 0xF8, 0x00, 0x0C, 0x1F, 0x80, 0x00, 0x00, 0x00, 0x00, 0x00, 0x00, 0x00, 0x00, 0x00,
    0x00, 0x00, 0x0F, 0xE0, 0x00, 0x3F, 0xFF, 0xC0, 0x00, 0xFF, 0xFF, 0x80, 0x03, 0xFF, 0xFF, 0x00,
    0x0F, 0xFF, 0xFE, 0x00, 0x3F, 0xFF, 0xFC, 0x00, 0xFF, 0xFF, 0xF0, 0x03, 0xFF, 0xFF, 0xE0, 0x0F,
    0xFF, 0xFF, 0xC0, 0x3F, 0xFF, 0xFF, 0x80, 0xFF, 0xFF, 0xFE, 0x03, 0xFF, 0xFF, 0xFC, 0x0F, 0xFF,
    0xFF, 0xF8, 0x3F, 0xFF, 0xFF, 0xE0, 0xFF, 0xFF, 0x7F, 0xC3, 0xFF, 0xFC, 0xFF, 0x8F, 0xFF, 0xF1,
    0xFF, 0x3F, 0xFF, 0xC3, 0xFC, 0xFF, 0xFF, 0x0F, 0xFB, 0xFF, 0xFC, 0x1F, 0xFF, 0xFF, 0xF0, 0x3F,
    0xFF, 0xFF, 0xC0, 0xFF, 0xFF, 0xFF, 0x01, 0xFF, 0xFF, 0xFC, 0x03, 0xFF, 0xFF, 0xF0, 0x0F, 0xFF,
    0xFF, 0xC0, 0x1F, 0xFF, 0xFF, 0x00, 0x3F, 0xFF, 0xFC, 0x00, 0xFF, 0xFF, 0xF0, 0x01, 0xFF, 0xFF,
    0xC0, 0x03, 0xFF, 0xFF, 0x00, 0x0F, 0xFF, 0xFC, 0x00, 0x1F, 0xFF, 0xF0, 0x00, 0x7F, 0xFF, 0xC0,
    0x00, 0xFF, 0xFF, 0x00, 0x01, 0xFC, 0x00, 0x01, 0x80, 0x00, 0x00, 0x00, 0x78, 0x00, 0x00, 0x00,
    0x1F, 0x80, 0x00, 0x00, 0x07, 0xF8, 0x00, 0x00, 0x00, 0xFF, 0x80, 0x00, 0x00, 0x0F, 0xF0, 0x00,
    0x00, 0x00, 0xFF, 0x00, 0x00, 0x00, 0x0F, 0xF0, 0x00, 0x00, 0x00, 0xFE, 0x00, 0x00, 0x00, 0x07,
    0x80, 0x00, 0x00, 0x00, 0x60, 0x00, 0x00, 0x00, 0x00, 0x00, 0x00, 0x00, 0xFF, 0xE0, 0x00, 0x00,
    0x7F, 0xFF, 0x80, 0x00, 0x3F, 0xFF, 0xFC, 0x00, 0x0F, 0xFF, 0xFF, 0xC0, 0x07, 0xFF, 0xFF, 0xFC,
    0x01, 0xFF, 0xFF, 0xFF, 0xC0, 0x3F, 0xFF, 0xFF, 0xFC, 0x0F, 0xFF, 0xCF, 0xFF, 0xC3, 0xFF, 0x80,
    0x3F, 0xF8, 0x7F, 0xE0, 0x03, 0xFF, 0x8F, 0xF8, 0x00, 0x3F, 0xF3, 0xFF, 0x00, 0x03, 0xFE, 0x7F,
    0xC0, 0x00, 0x7F, 0xEF, 0xF8, 0x00, 0x07, 0xFF, 0xFE, 0x00, 0x00, 0xFF, 0xFF, 0xC0, 0x00, 0x1F,
    0xFF, 0xF8, 0x00, 0x03, 0xFF, 0xFF, 0x00, 0x00, 0x3F, 0xFF, 0xE0, 0x00, 0x07, 0xFF, 0xFC, 0x00,
    0x00, 0xFF, 0xFF, 0x80, 0x00, 0x3F, 0xFF, 0xF0, 0x00, 0x07, 0xFF, 0xFE, 0x00, 0x00, 0xFF, 0xBF,
    0xE0, 0x00, 0x1F, 0xF7, 0xFC, 0x00, 0x07, 0xFE, 0xFF, 0xC0, 0x00, 0xFF, 0x9F, 0xF8, 0x00, 0x3F,
    0xF1, 0xFF, 0x80, 0x0F, 0xFE, 0x3F, 0xF8, 0x03, 0xFF, 0x83, 0xFF, 0xE3, 0xFF, 0xF0, 0x3F, 0xFF,
    0xFF, 0xFC, 0x07, 0xFF, 0xFF, 0xFF, 0x00, 0x7F, 0xFF, 0xFF, 0xC0, 0x07, 0xFF, 0xFF, 0xF0, 0x00,
    0x3F, 0xFF, 0xFC, 0x00, 0x03, 0xFF, 0xFE, 0x00, 0x00, 0x0F, 0xFF, 0x00, 0x00, 0x00, 0x00, 0x30,
    0x00, 0x00, 0x00, 0x0F, 0x00, 0x00, 0x00, 0x03, 0xF0, 0x00, 0x00, 0x00, 0x7F, 0x80, 0x00, 0x00,
    0x1F, 0xF0, 0x00, 0x00, 0x07, 0xF8, 0x00, 0x00, 0x01, 0xFE, 0x00, 0x00, 0x00, 0x7F, 0x80, 0x00,
    0x00, 0x0F, 0xE0, 0x00, 0x00, 0x00, 0xF8, 0x00, 0x00, 0x00, 0x0E, 0x00, 0x00, 0x00, 0x00, 0x00,
    0x00, 0x00, 0x00, 0xFF, 0xE0, 0x00, 0x00, 0x7F, 0xFF, 0x80, 0x00, 0x3F, 0xFF, 0xFC, 0x00, 0x0F,
    0xFF, 0xFF, 0xC0, 0x07, 0xFF, 0xFF, 0xFC, 0x01, 0xFF, 0xFF, 0xFF, 0xC0, 0x3F, 0xFF, 0xFF, 0xFC,
    0x0F, 0xFF, 0xCF, 0xFF, 0xC3, 0xFF, 0x80, 0x3F, 0xF8, 0x7F, 0xE0, 0x03, 0xFF, 0x8F, 0xF8, 0x00,
    0x3F, 0xF3, 0xFF, 0x00, 0x03, 0xFE, 0x7F, 0xC0, 0x00, 0x7F, 0xEF, 0xF8, 0x00, 0x07, 0xFF, 0xFE,
    0x00, 0x00, 0xFF, 0xFF, 0xC0, 0x00, 0x1F, 0xFF, 0xF8, 0x00, 0x03, 0xFF, 0xFF, 0x00, 0x00, 0x3F,
    0xFF, 0xE0, 0x00, 0x07, 0xFF, 0xFC, 0x00, 0x00, 0xFF, 0xFF, 0x80, 0x00, 0x3F, 0xFF, 0xF0, 0x00,
    0x07, 0xFF, 0xFE, 0x00, 0x00, 0xFF, 0xBF, 0xE0, 0x00, 0x1F, 0xF7, 0xFC, 0x00, 0x07, 0xFE, 0xFF,
    0xC0, 0x00, 0xFF, 0x9F, 0xF8, 0x00, 0x3F, 0xF1, 0xFF, 0x80, 0x0F, 0xFE, 0x3F, 0xF8, 0x03, 0xFF,
    0x83, 0xFF, 0xE3, 0xFF, 0xF0, 0x3F, 0xFF, 0xFF, 0xFC, 0x07, 0xFF, 0xFF, 0xFF, 0x00, 0x7F, 0xFF,
    0xFF, 0xC0, 0x07, 0xFF, 0xFF, 0xF0, 0x00, 0x3F, 0xFF, 0xFC, 0x00, 0x03, 0xFF, 0xFE, 0x00, 0x00,
    0x0F, 0xFF, 0x00, 0x00, 0x00, 0x00, 0x60, 0x00, 0x00, 0x00, 0x1E, 0x00, 0x00, 0x00, 0x0F, 0xE0,
    0x00, 0x00, 0x03, 0xFE, 0x00, 0x00, 0x00, 0xFF, 0xE0, 0x00, 0x00, 0x3F, 0xFF, 0x00, 0x00, 0x0F,
    0xFF, 0xF0, 0x00, 0x01, 0xF8, 0xFC, 0x00, 0x00, 0x1E, 0x0F, 0x80, 0x00, 0x01, 0x80, 0x60, 0x00,
    0x00, 0x00, 0x00, 0x00, 0x00, 0x07, 0xFF, 0x00, 0x00, 0x03, 0xFF, 0xFC, 0x00, 0x01, 0xFF, 0xFF,
    0xE0, 0x00, 0x7F, 0xFF, 0xFE, 0x00, 0x3F, 0xFF, 0xFF, 0xE0, 0x0F, 0xFF, 0xFF, 0xFE, 0x01, 0xFF,
    0xFF, 0xFF, 0xE0, 0x7F, 0xFE, 0x7F, 0xFE, 0x1F, 0xFC, 0x01, 0xFF, 0xC3, 0xFF, 0x00, 0x1F, 0xFC,
    0x7F, 0xC0, 0x01, 0xFF, 0x9F, 0xF8, 0x00, 0x1F, 0xF3, 0xFE, 0x00, 0x03, 0xFF, 0x7F, 0xC0, 0x00,
    0x3F, 0xFF, 0xF0, 0x00, 0x07, 0xFF, 0xFE, 0x00, 0x00, 0xFF, 0xFF, 0xC0, 0x00, 0x1F, 0xFF, 0xF8,
    0x00, 0x01, 0xFF, 0xFF, 0x00, 0x00, 0x3F, 0xFF, 0xE0, 0x00, 0x07, 0xFF, 0xFC, 0x00, 0x01, 0xFF,
    0xFF, 0x80, 0x00, 0x3F, 0xFF, 0xF0, 0x00, 0x07, 0xFD, 0xFF, 0x00, 0x00, 0xFF, 0xBF, 0xE0, 0x00,
    0x3F, 0xF7, 0xFE, 0x00, 0x07, 0xFC, 0xFF, 0xC0, 0x01, 0xFF, 0x8F, 0xFC, 0x00, 0x7F, 0xF1, 0xFF,
    0xC0, 0x1F, 0xFC, 0x1F, 0xFF, 0x1F, 0xFF, 0x81, 0xFF, 0xFF, 0xFF, 0xE0, 0x3F, 0xFF, 0xFF, 0xF8,
    0x03, 0xFF, 0xFF, 0xFE, 0x00, 0x3F, 0xFF, 0xFF, 0x80, 0x01, 0xFF, 0xFF, 0xE0, 0x00, 0x1F, 0xFF,
    0xF0, 0x00, 0x00, 0x7F, 0xF8, 0x00, 0x00, 0x0F, 0x81, 0x80, 0x00, 0x07, 0xFE, 0xF8, 0x00, 0x01,
    0xFF, 0xFF, 0x80, 0x00, 0x3F, 0xFF, 0xF0, 0x00, 0x0F, 0xFF, 0xFC, 0x00, 0x00, 0xF9, 0xFF, 0x00,
    0x00, 0x06, 0x0F, 0xC0, 0x00, 0x00, 0x00, 0x00, 0x00, 0x00, 0x00, 0x00, 0x00, 0x00, 0x01, 0xFF,
    0xC0, 0x00, 0x00, 0xFF, 0xFF, 0x00, 0x00, 0x7F, 0xFF, 0xF8, 0x00, 0x1F, 0xFF, 0xFF, 0x80, 0x0F,
    0xFF, 0xFF, 0xF8, 0x03, 0xFF, 0xFF, 0xFF, 0x80, 0x7F, 0xFF, 0xFF, 0xF8, 0x1F, 0xFF, 0x9F, 0xFF,
    0x87, 0xFF, 0x00, 0x7F, 0xF0, 0xFF, 0xC0, 0x07, 0xFF, 0x1F, 0xF0, 0x00, 0x7F, 0xE7, 0xFE, 0x00,
    0x07, 0xFC, 0xFF, 0x80, 0x00, 0xFF, 0xDF, 0xF0, 0x00, 0x0F, 0xFF, 0xFC, 0x00, 0x01, 0xFF, 0xFF,
    0x80, 0x00, 0x3F, 0xFF, 0xF0, 0x00, 0x07, 0xFF, 0xFE, 0x00, 0x00, 0x7F, 0xFF, 0xC0, 0x00, 0x0F,
    0xFF, 0xF8, 0x00, 0x01, 0xFF, 0xFF, 0x00, 0x00, 0x7F, 0xFF, 0xE0, 0x00, 0x0F, 0xFF, 0xFC, 0x00,
    0x01, 0xFF, 0x7F, 0xC0, 0x00, 0x3F, 0xEF, 0xF8, 0x00, 0x0F, 0xFD, 0xFF, 0x80, 0x01, 0xFF, 0x3F,
    0xF0, 0x00, 0x7F, 0xE3, 0xFF, 0x00, 0x1F, 0xFC, 0x7F, 0xF0, 0x07, 0xFF, 0x07, 0xFF, 0xC7, 0xFF,
    0xE0, 0x7F, 0xFF, 0xFF, 0xF8, 0x0F, 0xFF, 0xFF, 0xFE, 0x00, 0xFF, 0xFF, 0xFF, 0x80, 0x0F, 0xFF,
    0xFF, 0xE0, 0x00, 0x7F, 0xFF, 0xF8, 0x00, 0x07, 0xFF, 0xFC, 0x00, 0x00, 0x1F, 0xFE, 0x00, 0x00,
    0x00, 0x7C, 0x0F, 0xC0, 0x00, 0x1F, 0xC3, 0xF8, 0x00, 0x03, 0xFC, 0x7F, 0x80, 0x00, 0x7F, 0x8F,
    0xF0, 0x00, 0x0F, 0xF1, 0xFE, 0x00, 0x01, 0xFE, 0x3F, 0xC0, 0x00, 0x3F, 0x87, 0xF0, 0x00, 0x03,
    0xE0, 0x7E, 0x00, 0x00, 0x00, 0x00, 0x00, 0x00, 0x00, 0x00, 0x00, 0x00, 0x00, 0x3F, 0xF8, 0x00,
    0x00, 0x1F, 0xFF, 0xE0, 0x00, 0x0F, 0xFF, 0xFF, 0x00, 0x03, 0xFF, 0xFF, 0xF0, 0x01, 0xFF, 0xFF,
    0xFF, 0x00, 0x7F, 0xFF, 0xFF, 0xF0, 0x0F, 0xFF, 0xFF, 0xFF, 0x03, 0xFF, 0xF3, 0xFF, 0xF0, 0xFF,
    0xE0, 0x0F, 0xFE, 0x1F, 0xF8, 0x00, 0xFF, 0xE3, 0xFE, 0x00, 0x0F, 0xFC, 0xFF, 0xC0, 0x00, 0xFF,
    0x9F, 0xF0, 0x00, 0x1F, 0xFB, 0xFE, 0x00, 0x01, 0xFF, 0xFF, 0x80, 0x00, 0x3F, 0xFF, 0xF0, 0x00,
    0x07, 0xFF, 0xFE, 0x00, 0x00, 0xFF, 0xFF, 0xC0, 0x00, 0x0F, 0xFF, 0xF8, 0x00, 0x01, 0xFF, 0xFF,
    0x00, 0x00, 0x3F, 0xFF, 0xE0, 0x00, 0x0F, 0xFF, 0xFC, 0x00, 0x01, 0xFF, 0xFF, 0x80, 0x00, 0x3F,
    0xEF, 0xF8, 0x00, 0x07, 0xFD, 0xFF, 0x00, 0x01, 0xFF, 0xBF, 0xF0, 0x00, 0x3F, 0xE7, 0xFE, 0x00,
    0x0F, 0xFC, 0x7F, 0xE0, 0x03, 0xFF, 0x8F, 0xFE, 0x00, 0xFF, 0xE0, 0xFF, 0xF8, 0xFF, 0xFC, 0x0F,
    0xFF, 0xFF, 0xFF, 0x01, 0xFF, 0xFF, 0xFF, 0xC0, 0x1F, 0xFF, 0xFF, 0xF0, 0x01, 0xFF, 0xFF, 0xFC,
    0x00, 0x0F, 0xFF, 0xFF, 0x00, 0x00, 0xFF, 0xFF, 0x80, 0x00, 0x03, 0xFF, 0xC0, 0x00, 0x18, 0x00,
    0x60, 0x78, 0x01, 0xE1, 0xF8, 0x07, 0xE7, 0xF8, 0x1F, 0xEF, 0xF8, 0x7F, 0xCF, 0xF9, 0xFF, 0x8F,
    0xFF, 0xFE, 0x0F, 0xFF, 0xF8, 0x0F, 0xFF, 0xE0, 0x0F, 0xFF, 0x80, 0x0F, 0xFE, 0x00, 0x1F, 0xFC,
    0x00, 0x7F, 0xFC, 0x01, 0xFF, 0xFC, 0x07, 0xFF, 0xFC, 0x1F, 0xFF, 0xFC, 0x7F, 0xCF, 0xFD, 0xFF,
    0x0F, 0xFB, 0xFC, 0x0F, 0xF3, 0xF0, 0x0F, 0xC3, 0xC0, 0x0F, 0x03, 0x00, 0x0C, 0x00, 0x00, 0x00,
    0x00, 0x04, 0x00, 0x00, 0x00, 0x01, 0xC0, 0x00, 0x3F, 0xF8, 0x3E, 0x00, 0x1F, 0xFF, 0xEF, 0xE0,
    0x0F, 0xFF, 0xFF, 0xFC, 0x03, 0xFF, 0xFF, 0xFF, 0x01, 0xFF, 0xFF, 0xFF, 0xC0, 0x7F, 0xFF, 0xFF,
    0xF0, 0x0F, 0xFF, 0xFF, 0xFF, 0x03, 0xFF, 0xF3, 0xFF, 0xE0, 0xFF, 0xE0, 0x1F, 0xFE, 0x1F, 0xF8,
    0x03, 0xFF, 0xE3, 0xFE, 0x00, 0xFF, 0xFC, 0xFF, 0xC0, 0x3F, 0xFF, 0x9F, 0xF0, 0x0F, 0xFF, 0xFB,
    0xFE, 0x01, 0xFD, 0xFF, 0xFF, 0x80, 0x7F, 0x3F, 0xFF, 0xF0, 0x1F, 0xE7, 0xFF, 0xFE, 0x07, 0xF8,
    0xFF, 0xFF, 0xC0, 0xFE, 0x0F, 0xFF, 0xF8, 0x3F, 0x81, 0xFF, 0xFF, 0x0F, 0xF0, 0x3F, 0xFF, 0xE3,
    0xFC, 0x0F, 0xFF, 0xFC, 0x7F, 0x01, 0xFF, 0xFF, 0x9F, 0xC0, 0x3F, 0xEF, 0xFF, 0xF8, 0x07, 0xFD,
    0xFF, 0xFE, 0x01, 0xFF, 0xBF, 0xFF, 0x80, 0x3F, 0xE7, 0xFF, 0xE0, 0x0F, 0xFC, 0x7F, 0xFC, 0x03,
    0xFF, 0x8F, 0xFF, 0x00, 0xFF, 0xE0, 0xFF, 0xF8, 0xFF, 0xFC, 0x0F, 0xFF, 0xFF, 0xFF, 0x01, 0xFF,
    0xFF, 0xFF, 0xC0, 0x7F, 0xFF, 0xFF, 0xF0, 0x0F, 0xFF, 0xFF, 0xFC, 0x03, 0xFF, 0xFF, 0xFF, 0x00,
    0xFF, 0xFF, 0xFF, 0x80, 0x0F, 0xC3, 0xFF, 0xC0, 0x00, 0x70, 0x00, 0x00, 0x00, 0x04, 0x00, 0x00,
    0x00, 0x00, 0x00, 0x18, 0x00, 0x00, 0x01, 0xE0, 0x00, 0x00, 0x1F, 0x80, 0x00, 0x01, 0xFE, 0x00,
    0x00, 0x0F, 0xF8, 0x00, 0x00, 0x3F, 0xC0, 0x00, 0x00, 0xFF, 0x00, 0x00, 0x03, 0xFC, 0x00, 0x00,
    0x0F, 0xE0, 0x00, 0x00, 0x3E, 0x00, 0x00, 0x00, 0x60, 0x00, 0x00, 0x00, 0x00, 0x00, 0x00, 0x00,
    0x00, 0x7F, 0xC0, 0x03, 0xFF, 0xFE, 0x00, 0x1F, 0xFF, 0xF0, 0x00, 0xFF, 0xFF, 0x80, 0x07, 0xFF,
    0xFC, 0x00, 0x3F, 0xFF, 0xE0, 0x01, 0xFF, 0xFF, 0x00, 0x0F, 0xFF, 0xF8, 0x00, 0x7F, 0xFF, 0xC0,
    0x03, 0xFF, 0xFE, 0x00, 0x1F, 0xFF, 0xF0, 0x00, 0xFF, 0xFF, 0x80, 0x07, 0xFF, 0xFC, 0x00, 0x3F,
    0xFF, 0xE0, 0x01, 0xFF, 0xFF, 0x00, 0x0F, 0xFF, 0xF8, 0x00, 0x7F, 0xFF, 0xC0, 0x03, 0xFF, 0xFE,
    0x00, 0x1F, 0xFF, 0xF0, 0x00, 0xFF, 0xFF, 0x80, 0x07, 0xFF, 0xFC, 0x00, 0x3F, 0xFF, 0xE0, 0x01,
    0xFF, 0xFF, 0x00, 0x0F, 0xFF, 0xF8, 0x00, 0xFF, 0xFF, 0xC0, 0x07, 0xFF, 0xFE, 0x00, 0x3F, 0xEF,
    0xF8, 0x03, 0xFF, 0x7F, 0xE0, 0x3F, 0xF3, 0xFF, 0xC7, 0xFF, 0x8F, 0xFF, 0xFF, 0xFC, 0x7F, 0xFF,
    0xFF, 0xC1, 0xFF, 0xFF, 0xFC, 0x07, 0xFF, 0xFF, 0xC0, 0x1F, 0xFF, 0xFC, 0x00, 0x3F, 0xFF, 0xC0,
    0x00, 0x7F, 0xF0, 0x00, 0x00, 0x00, 0xC0, 0x00, 0x00, 0x0F, 0x00, 0x00, 0x00, 0xFC, 0x00, 0x00,
    0x0F, 0xF0, 0x00, 0x00, 0xFF, 0x80, 0x00, 0x07, 0xF8, 0x00, 0x00, 0x7F, 0x80, 0x00, 0x07, 0xF8,
    0x00, 0x00, 0x3F, 0x80, 0x00, 0x00, 0xF8, 0x00, 0x00, 0x03, 0x00, 0x00, 0x00, 0x00, 0x00, 0x00,
    0x00, 0x00, 0x00, 0x7F, 0xC0, 0x03, 0xFF, 0xFE, 0x00, 0x1F, 0xFF, 0xF0, 0x00, 0xFF, 0xFF, 0x80,
    0x07, 0xFF, 0xFC, 0x00, 0x3F, 0xFF, 0xE0, 0x01, 0xFF, 0xFF, 0x00, 0x0F, 0xFF, 0xF8, 0x00, 0x7F,
    0xFF, 0xC0, 0x03, 0xFF, 0xFE, 0x00, 0x1F, 0xFF, 0xF0, 0x00, 0xFF, 0xFF, 0x80, 0x07, 0xFF, 0xFC,
    0x00, 0x3F, 0xFF, 0xE0, 0x01, 0xFF, 0xFF, 0x00, 0x0F, 0xFF, 0xF8, 0x00, 0x7F, 0xFF, 0xC0, 0x03,
    0xFF, 0xFE, 0x00, 0x1F, 0xFF, 0xF0, 0x00, 0xFF, 0xFF, 0x80, 0x07, 0xFF, 0xFC, 0x00, 0x3F, 0xFF,
    0xE0, 0x01, 0xFF, 0xFF, 0x00, 0x0F, 0xFF, 0xF8, 0x00, 0xFF, 0xFF, 0xC0, 0x07, 0xFF, 0xFE, 0x00,
    0x3F, 0xEF, 0xF8, 0x03, 0xFF, 0x7F, 0xE0, 0x3F, 0xF3, 0xFF, 0xC7, 0xFF, 0x8F, 0xFF, 0xFF, 0xFC,
    0x7F, 0xFF, 0xFF, 0xC1, 0xFF, 0xFF, 0xFC, 0x07, 0xFF, 0xFF, 0xC0, 0x1F, 0xFF, 0xFC, 0x00, 0x3F,
    0xFF, 0xC0, 0x00, 0x7F, 0xF0, 0x00, 0x00, 0x03, 0x00, 0x00, 0x00, 0x7C, 0x00, 0x00, 0x07, 0xF0,
    0x00, 0x00, 0x7F, 0xC0, 0x00, 0x07, 0xFF, 0x00, 0x00, 0x7F, 0xFE, 0x00, 0x07, 0xFF, 0xF8, 0x00,
    0x3F, 0x1F, 0x80, 0x00, 0xF0, 0x78, 0x00, 0x03, 0x01, 0xC0, 0x00, 0x00, 0x00, 0x00, 0x00, 0x00,
    0x00, 0x0F, 0xF8, 0x00, 0x7F, 0xFF, 0xC0, 0x03, 0xFF, 0xFE, 0x00, 0x1F, 0xFF, 0xF0, 0x00, 0xFF,
    0xFF, 0x80, 0x07, 0xFF, 0xFC, 0x00, 0x3F, 0xFF, 0xE0, 0x01, 0xFF, 0xFF, 0x00, 0x0F, 0xFF, 0xF8,
    0x00, 0x7F, 0xFF, 0xC0, 0x03, 0xFF, 0xFE, 0x00, 0x1F, 0xFF, 0xF0, 0x00, 0xFF, 0xFF, 0x80, 0x07,
    0xFF, 0xFC, 0x00, 0x3F, 0xFF, 0xE0, 0x01, 0xFF, 0xFF, 0x00, 0x0F, 0xFF, 0xF8, 0x00, 0x7F, 0xFF,
    0xC0, 0x03, 0xFF, 0xFE, 0x00, 0x1F, 0xFF, 0xF0, 0x00, 0xFF, 0xFF, 0x80, 0x07, 0xFF, 0xFC, 0x00,
    0x3F, 0xFF, 0xE0, 0x01, 0xFF, 0xFF, 0x00, 0x1F, 0xFF, 0xF8, 0x00, 0xFF, 0xFF, 0xC0, 0x07, 0xFD,
    0xFF, 0x00, 0x7F, 0xEF, 0xFC, 0x07, 0xFE, 0x7F, 0xF8, 0xFF, 0xF1, 0xFF, 0xFF, 0xFF, 0x8F, 0xFF,
    0xFF, 0xF8, 0x3F, 0xFF, 0xFF, 0x80, 0xFF, 0xFF, 0xF8, 0x03, 0xFF, 0xFF, 0x80, 0x07, 0xFF, 0xF8,
    0x00, 0x0F, 0xFE, 0x00, 0x01, 0xF0, 0x3E, 0x00, 0x1F, 0xC3, 0xF8, 0x01, 0xFE, 0x3F, 0xC0, 0x0F,
    0xF1, 0xFE, 0x00, 0x7F, 0x8F, 0xF0, 0x03, 0xFC, 0x7F, 0x80, 0x0F, 0xE1, 0xFC, 0x00, 0x3E, 0x07,
    0xC0, 0x00, 0x00, 0x00, 0x00, 0x00, 0x00, 0x00, 0x00, 0x00, 0x00, 0x01, 0xFF, 0x00, 0x0F, 0xFF,
    0xF8, 0x00, 0x7F, 0xFF, 0xC0, 0x03, 0xFF, 0xFE, 0x00, 0x1F, 0xFF, 0xF0, 0x00, 0xFF, 0xFF, 0x80,
    0x07, 0xFF, 0xFC, 0x00, 0x3F, 0xFF, 0xE0, 0x01, 0xFF, 0xFF, 0x00, 0x0F, 0xFF, 0xF8, 0x00, 0x7F,
    0xFF, 0xC0, 0x03, 0xFF, 0xFE, 0x00, 0x1F, 0xFF, 0xF0, 0x00, 0xFF, 0xFF, 0x80, 0x07, 0xFF, 0xFC,
    0x00, 0x3F, 0xFF, 0xE0, 0x01, 0xFF, 0xFF, 0x00, 0x0F, 0xFF, 0xF8, 0x00, 0x7F, 0xFF, 0xC0, 0x03,
    0xFF, 0xFE, 0x00, 0x1F, 0xFF, 0xF0, 0x00, 0xFF, 0xFF, 0x80, 0x07, 0xFF, 0xFC, 0x00, 0x3F, 0xFF,
    0xE0, 0x03, 0xFF, 0xFF, 0x00, 0x1F, 0xFF, 0xF8, 0x00, 0xFF, 0xBF, 0xE0, 0x0F, 0xFD, 0xFF, 0x80,
    0xFF, 0xCF, 0xFF, 0x1F, 0xFE, 0x3F, 0xFF, 0xFF, 0xF1, 0xFF, 0xFF, 0xFF, 0x07, 0xFF, 0xFF, 0xF0,
    0x1F, 0xFF, 0xFF, 0x00, 0x7F, 0xFF, 0xF0, 0x00, 0xFF, 0xFF, 0x00, 0x01, 0xFF, 0xC0, 0x00, 0x00,
    0x00, 0x30, 0x00, 0x00, 0x00, 0x3C, 0x00, 0x00, 0x00, 0x3F, 0x00, 0x00, 0x00, 0x3F, 0xE0, 0x00,
    0x00, 0x1F, 0xF0, 0x00, 0x00, 0x1F, 0xE0, 0x00, 0x00, 0x1F, 0xE0, 0x00, 0x00, 0x1F, 0xE0, 0x00,
    0x00, 0x0F, 0xE0, 0x00, 0x00, 0x03, 0xE0, 0x00, 0x00, 0x00, 0xC0, 0x00, 0x00, 0x00, 0x00, 0x00,
    0x00, 0x00, 0x00, 0x00, 0x07, 0xFE, 0x00, 0x07, 0xFD, 0xFF, 0x00, 0x07, 0xFC, 0xFF, 0xC0, 0x03,
    0xFE, 0x3F, 0xE0, 0x03, 0xFE, 0x1F, 0xF8, 0x01, 0xFF, 0x07, 0xFC, 0x01, 0xFF, 0x03, 0xFF, 0x00,
    0xFF, 0x80, 0xFF, 0x80, 0xFF, 0x80, 0x7F, 0xE0, 0xFF, 0xC0, 0x1F, 0xF8, 0x7F, 0xC0, 0x0F, 0xFC,
    0x7F, 0xE0, 0x03, 0xFF, 0x3F, 0xE0, 0x00, 0xFF, 0xBF, 0xE0, 0x00, 0x7F, 0xFF, 0xF0, 0x00, 0x1F,
    0xFF, 0xF0, 0x00, 0x0F, 0xFF, 0xF8, 0x00, 0x03, 0xFF, 0xF8, 0x00, 0x00, 0xFF, 0xF8, 0x00, 0x00,
    0x7F, 0xFC, 0x00, 0x00, 0x1F, 0xFC, 0x00, 0x00, 0x0F, 0xFE, 0x00, 0x00, 0x03, 0xFE, 0x00, 0x00,
    0x01, 0xFF, 0x00, 0x00, 0x00, 0xFF, 0x80, 0x00, 0x00, 0x7F, 0xC0, 0x00, 0x00, 0x3F, 0xE0, 0x00,
    0x00, 0x1F, 0xF0, 0x00, 0x00, 0x0F, 0xF8, 0x00, 0x00, 0x07, 0xFC, 0x00, 0x00, 0x03, 0xFE, 0x00,
    0x00, 0x01, 0xFF, 0x00, 0x00, 0x00, 0xFF, 0x80, 0x00, 0x00, 0x7F, 0xC0, 0x00, 0x00, 0x3F, 0xE0,
    0x00, 0x00, 0x1F, 0xF0, 0x00, 0xFF, 0x00, 0x00, 0x1F, 0xE0, 0x00, 0x03, 0xFC, 0x00, 0x00, 0x7F,
    0x80, 0x00, 0x0F, 0xF0, 0x00, 0x01, 0xFF, 0xFF, 0x80, 0x3F, 0xFF, 0xFE, 0x07, 0xFF, 0xFF, 0xF0,
    0xFF, 0xFF, 0xFF, 0x1F, 0xFF, 0xFF, 0xF3, 0xFF, 0xFF, 0xFE, 0x7F, 0xFF, 0xFF, 0xEF, 0xF0, 0x7F,
    0xFD, 0xFE, 0x01, 0xFF, 0xBF, 0xC0, 0x1F, 0xFF, 0xF8, 0x01, 0xFF, 0xFF, 0x00, 0x3F, 0xFF, 0xE0,
    0x07, 0xFF, 0xFC, 0x00, 0xFF, 0xFF, 0x80, 0x3F, 0xFF, 0xF0, 0x0F, 0xFD, 0xFE, 0x0F, 0xFF, 0xBF,
    0xFF, 0xFF, 0xF7, 0xFF, 0xFF, 0xFC, 0xFF, 0xFF, 0xFF, 0x9F, 0xFF, 0xFF, 0xE3, 0xFF, 0xFF, 0xF0,
    0x7F, 0xFF, 0xF8, 0x0F, 0xFF, 0xFC, 0x01, 0xFE, 0x00, 0x00, 0x3F, 0xC0, 0x00, 0x07, 0xF8, 0x00,
    0x00, 0xFF, 0x00, 0x00, 0x1F, 0xE0, 0x00, 0x03, 0xFC, 0x00, 0x00, 0x00, 0x01, 0xFF, 0xC0, 0x00,
    0x3F, 0xFF, 0x80, 0x03, 0xFF, 0xFE, 0x00, 0x3F, 0xFF, 0xF8, 0x03, 0xFF, 0xFF, 0xE0, 0x1F, 0xFF,
    0xFF, 0x01, 0xFF, 0x8F, 0xFC, 0x0F, 0xF0, 0x1F, 0xE0, 0x7F, 0x80, 0xFF, 0x07, 0xF8, 0x07, 0xF8,
    0x3F, 0xC0, 0x3F, 0xC1, 0xFE, 0x01, 0xFC, 0x0F, 0xF0, 0x1F, 0xE0, 0x7F, 0x81, 0xFE, 0x03, 0xFC,
    0x1F, 0xF0, 0x1F, 0xE0, 0xFF, 0x00, 0xFF, 0x0F, 0xF0, 0x07, 0xF8, 0x7F, 0x00, 0x3F, 0xC7, 0xF8,
    0x01, 0xFE, 0x3F, 0xC0, 0x0F, 0xF1, 0xFF, 0x00, 0x7F, 0x8F, 0xFC, 0x03, 0xFC, 0x7F, 0xF0, 0x1F,
    0xE1, 0xFF, 0xE0, 0xFF, 0x0F, 0xFF, 0x87, 0xF8, 0x3F, 0xFE, 0x3F, 0xC0, 0x7F, 0xF9, 0xFE, 0x00,
    0xFF, 0xEF, 0xF0, 0x03, 0xFF, 0x7F, 0x80, 0x07, 0xFB, 0xFC, 0x00, 0x3F, 0xDF, 0xE0, 0x01, 0xFE,
    0xFF, 0x00, 0x0F, 0xF7, 0xF8, 0xF9, 0xFF, 0xBF, 0xC7, 0xFF, 0xFD, 0xFE, 0x3F, 0xFF, 0xCF, 0xF1,
    0xFF, 0xFE, 0x7F, 0x9F, 0xFF, 0xE3, 0xFC, 0xFF, 0xFE, 0x00, 0x01, 0xFF, 0xC0, 0x00, 0x30, 0x00,
    0x00, 0xF8, 0x00, 0x01, 0xF8, 0x00, 0x03, 0xFC, 0x00, 0x03, 0xFE, 0x00, 0x01, 0xFF, 0x00, 0x00,
    0x7F, 0x80, 0x00, 0x3F, 0xC0, 0x00, 0x1F, 0xC0, 0x00, 0x0F, 0x80, 0x00, 0x07, 0x00, 0x00, 0x00,
    0x00, 0x00, 0x00, 0x00, 0x07, 0xFF, 0xC0, 0x1F, 0xFF, 0xF0, 0x1F, 0xFF, 0xF8, 0x1F, 0xFF, 0xFC,
    0x1F, 0xFF, 0xFC, 0x0F, 0xFF, 0xFE, 0x0F, 0x87, 0xFE, 0x00, 0x01, 0xFE, 0x00, 0x01, 0xFF, 0x00,
    0x00, 0xFF, 0x00, 0x00, 0xFF, 0x03, 0xFF, 0xFF, 0x0F, 0xFF, 0xFF, 0x1F, 0xFF, 0xFF, 0x3F, 0xFF,
    0xFF, 0x7F, 0xFF, 0xFF, 0x7F, 0xE1, 0xFF, 0x7F, 0x80, 0xFF, 0xFF, 0x80, 0xFF, 0xFF, 0x80, 0xFF,
    0xFF, 0x80, 0xFF, 0x7F, 0xE0, 0xFF, 0x7F, 0xFF, 0xFF, 0x7F, 0xFF, 0xFF, 0x3F, 0xFF, 0xFF, 0x1F,
    0xFF, 0xFF, 0x0F, 0xFF, 0xFF, 0x03, 0xFF, 0xF8, 0x00, 0x06, 0x00, 0x00, 0x07, 0x80, 0x00, 0x0F,
    0xC0, 0x00, 0x1F, 0xE0, 0x00, 0x3F, 0xE0, 0x00, 0x7F, 0xC0, 0x00, 0xFF, 0x00, 0x01, 0xFE, 0x00,
    0x01, 0xFC, 0x00, 0x00, 0xF8, 0x00, 0x00, 0x30, 0x00, 0x00, 0x00, 0x00, 0x00, 0x00, 0x00, 0x07,
    0xFF, 0xC0, 0x1F, 0xFF, 0xF0, 0x1F, 0xFF, 0xF8, 0x1F, 0xFF, 0xFC, 0x1F, 0xFF, 0xFC, 0x0F, 0xFF,
    0xFE, 0x0F, 0x87, 0xFE, 0x00, 0x01, 0xFE, 0x00, 0x01, 0xFF, 0x00, 0x00, 0xFF, 0x00, 0x00, 0xFF,
    0x03, 0xFF, 0xFF, 0x0F, 0xFF, 0xFF, 0x1F, 0xFF, 0xFF, 0x3F, 0xFF, 0xFF, 0x7F, 0xFF, 0xFF, 0x7F,
    0xE1, 0xFF, 0x7F, 0x80, 0xFF, 0xFF, 0x80, 0xFF, 0xFF, 0x80, 0xFF, 0xFF, 0x80, 0xFF, 0x7F, 0xE0,
    0xFF, 0x7F, 0xFF, 0xFF, 0x7F, 0xFF, 0xFF, 0x3F, 0xFF, 0xFF, 0x1F, 0xFF, 0xFF, 0x0F, 0xFF, 0xFF,
    0x03, 0xFF, 0xF8, 0x00, 0x18, 0x00, 0x00, 0x3C, 0x00, 0x00, 0x7E, 0x00, 0x01, 0xFF, 0x80, 0x03,
    0xFF, 0xC0, 0x07, 0xFF, 0xE0, 0x0F, 0xFF, 0xF0, 0x0F, 0xE7, 0xF0, 0x07, 0x81, 0xE0, 0x03, 0x00,
    0xC0, 0x00, 0x00, 0x00, 0x00, 0x00, 0x00, 0x07, 0xFF, 0xC0, 0x1F, 0xFF, 0xF0, 0x1F, 0xFF, 0xF8,
    0x1F, 0xFF, 0xFC, 0x1F, 0xFF, 0xFC, 0x0F, 0xFF, 0xFE, 0x0F, 0x87, 0xFE, 0x00, 0x01, 0xFE, 0x00,
    0x01, 0xFF, 0x00, 0x00, 0xFF, 0x00, 0x00, 0xFF, 0x03, 0xFF, 0xFF, 0x0F, 0xFF, 0xFF, 0x1F, 0xFF,
    0xFF, 0x3F, 0xFF, 0xFF, 0x7F, 0xFF, 0xFF, 0x7F, 0xE1, 0xFF, 0x7F, 0x80, 0xFF, 0xFF, 0x80, 0xFF,
    0xFF, 0x80, 0xFF, 0xFF, 0x80, 0xFF, 0x7F, 0xE0, 0xFF, 0x7F, 0xFF, 0xFF, 0x7F, 0xFF, 0xFF, 0x3F,
    0xFF, 0xFF, 0x1F, 0xFF, 0xFF, 0x0F, 0xFF, 0xFF, 0x03, 0xFF, 0xF8, 0x03, 0xF0, 0x70, 0x07, 0xFC,
    0xF8, 0x0F, 0xFF, 0xFC, 0x1F, 0xFF, 0xFC, 0x1F, 0xFF, 0xF8, 0x0F, 0xBF, 0xF0, 0x07, 0x07, 0xE0,
    0x00, 0x00, 0x00, 0x00, 0x00, 0x00, 0x00, 0x00, 0x00, 0x07, 0xFF, 0xC0, 0x1F, 0xFF, 0xF0, 0x1F,
    0xFF, 0xF8, 0x1F, 0xFF, 0xFC, 0x1F, 0xFF, 0xFC, 0x0F, 0xFF, 0xFE, 0x0F, 0x87, 0xFE, 0x00, 0x01,
    0xFE, 0x00, 0x01, 0xFF, 0x00, 0x00, 0xFF, 0x00, 0x00, 0xFF, 0x03, 0xFF, 0xFF, 0x0F, 0xFF, 0xFF,
    0x1F, 0xFF, 0xFF, 0x3F, 0xFF, 0xFF, 0x7F, 0xFF, 0xFF, 0x7F, 0xE1, 0xFF, 0x7F, 0x80, 0xFF, 0xFF,
    0x80, 0xFF, 0xFF, 0x80, 0xFF, 0xFF, 0x80, 0xFF, 0x7F, 0xE0, 0xFF, 0x7F, 0xFF, 0xFF, 0x7F, 0xFF,
    0xFF, 0x3F, 0xFF, 0xFF, 0x1F, 0xFF, 0xFF, 0x0F, 0xFF, 0xFF, 0x03, 0xFF, 0xF8, 0x0F, 0x81, 0xF0,
    0x1F, 0xC3, 0xF8, 0x1F, 0xE3, 0xFC, 0x1F, 0xE3, 0xFC, 0x1F, 0xE3, 0xFC, 0x1F, 0xE3, 0xFC, 0x1F,
    0xC3, 0xF8, 0x0F, 0x81, 0xF0, 0x00, 0x00, 0x00, 0x00, 0x00, 0x00, 0x00, 0x00, 0x00, 0x07, 0xFF,
    0xC0, 0x1F, 0xFF, 0xF0, 0x1F, 0xFF, 0xF8, 0x1F, 0xFF, 0xFC, 0x1F, 0xFF, 0xFC, 0x0F, 0xFF, 0xFE,
    0x0F, 0x87, 0xFE, 0x00, 0x01, 0xFE, 0x00, 0x01, 0xFF, 0x00, 0x00, 0xFF, 0x00, 0x00, 0xFF, 0x03,
    0xFF, 0xFF, 0x0F, 0xFF, 0xFF, 0x1F, 0xFF, 0xFF, 0x3F, 0xFF, 0xFF, 0x7F, 0xFF, 0xFF, 0x7F, 0xE1,
    0xFF, 0x7F, 0x80, 0xFF, 0xFF, 0x80, 0xFF, 0xFF, 0x80, 0xFF, 0xFF, 0x80, 0xFF, 0x7F, 0xE0, 0xFF,
    0x7F, 0xFF, 0xFF, 0x7F, 0xFF, 0xFF, 0x3F, 0xFF, 0xFF, 0x1F, 0xFF, 0xFF, 0x0F, 0xFF, 0xFF, 0x03,
    0xFF, 0xF8, 0x00, 0x7F, 0x00, 0x00, 0xFF, 0xC0, 0x01, 0xFF, 0xC0, 0x01, 0xF7, 0xE0, 0x01, 0xE1,
    0xE0, 0x01, 0xE1, 0xE0, 0x01, 0xE1, 0xE0, 0x01, 0xF7, 0xE0, 0x01, 0xFF, 0xC0, 0x00, 0xFF, 0xC0,
    0x00, 0x7F, 0x00, 0x00, 0x00, 0x00, 0x00, 0x00, 0x00, 0x00, 0x00, 0x00, 0x07, 0xFF, 0xC0, 0x1F,
    0xFF, 0xF0, 0x1F, 0xFF, 0xF8, 0x1F, 0xFF, 0xFC, 0x1F, 0xFF, 0xFC, 0x0F, 0xFF, 0xFE, 0x0F, 0x87,
    0xFE, 0x00, 0x01, 0xFE, 0x00, 0x01, 0xFF, 0x00, 0x00, 0xFF, 0x00, 0x00, 0xFF, 0x03, 0xFF, 0xFF,
    0x0F, 0xFF, 0xFF, 0x1F, 0xFF, 0xFF, 0x3F, 0xFF, 0xFF, 0x7F, 0xFF, 0xFF, 0x7F, 0xE1, 0xFF, 0x7F,
    0x80, 0xFF, 0xFF, 0x80, 0xFF, 0xFF, 0x80, 0xFF, 0xFF, 0x80, 0xFF, 0x7F, 0xE0, 0xFF, 0x7F, 0xFF,
    0xFF, 0x7F, 0xFF, 0xFF, 0x3F, 0xFF, 0xFF, 0x1F, 0xFF, 0xFF, 0x0F, 0xFF, 0xFF, 0x03, 0xFF, 0xF8,
    0x07, 0xFF, 0x80, 0xFF, 0xC0, 0x0F, 0xFF, 0xF1, 0xFF, 0xF8, 0x07, 0xFF, 0xFD, 0xFF, 0xFE, 0x03,
    0xFF, 0xFF, 0xFF, 0xFF, 0x81, 0xFF, 0xFF, 0xFF, 0xFF, 0xC0, 0x7F, 0xFF, 0xFF, 0xFF, 0xF0, 0x3E,
    0x1F, 0xFF, 0x9F, 0xFC, 0x00, 0x03, 0xFF, 0x03, 0xFE, 0x00, 0x01, 0xFF, 0x80, 0xFF, 0x00, 0x00,
    0x7F, 0x80, 0x3F, 0x80, 0x00, 0x3F, 0xC0, 0x1F, 0xE0, 0x7F, 0xFF, 0xFF, 0xFF, 0xF0, 0xFF, 0xFF,
    0xFF, 0xFF, 0xF8, 0xFF, 0xFF, 0xFF, 0xFF, 0xFC, 0xFF, 0xFF, 0xFF, 0xFF, 0xFE, 0xFF, 0xFF, 0xFF,
    0xFF, 0xFF, 0x7F, 0xE0, 0xFF, 0x00, 0x00, 0x3F, 0xC0, 0x7F, 0x80, 0x00, 0x3F, 0xE0, 0x3F, 0xC0,
    0x00, 0x1F, 0xF0, 0x0F, 0xF0, 0x00, 0x0F, 0xF8, 0x07, 0xFC, 0x00, 0x43, 0xFF, 0x0F, 0xFF, 0xC3,
    0xE1, 0xFF, 0xFF, 0xFF, 0xFF, 0xF8, 0xFF, 0xFF, 0xFF, 0xFF, 0xFC, 0x3F, 0xFF, 0xFF, 0xFF, 0xFE,
    0x0F, 0xFF, 0xFF, 0xFF, 0xFF, 0x03, 0xFF, 0xFD, 0xFF, 0xFF, 0x80, 0x7F, 0xF8, 0x1F, 0xFF, 0x00,
    0x00, 0x7F, 0xF0, 0x07, 0xFF, 0xE0, 0x7F, 0xFF, 0x83, 0xFF, 0xFE, 0x1F, 0xFF, 0xF8, 0xFF, 0xFF,
    0xC3, 0xFF, 0x8F, 0x1F, 0xF8, 0x00, 0x7F, 0xC0, 0x03, 0xFE, 0x00, 0x0F, 0xF8, 0x00, 0x3F, 0xC0,
    0x00, 0xFF, 0x00, 0x03, 0xFC, 0x00, 0x0F, 0xF0, 0x00, 0x3F, 0xC0, 0x00, 0xFF, 0x00, 0x03, 0xFE,
    0x00, 0x07, 0xF8, 0x00, 0x1F, 0xF0, 0x00, 0x7F, 0xC0, 0x00, 0xFF, 0xE3, 0xE3, 0xFF, 0xFF, 0x87,
    0xFF, 0xFE, 0x0F, 0xFF, 0xF8, 0x0F, 0xFF, 0xF0, 0x0F, 0xFF, 0xC0, 0x1F, 0xFC, 0x00, 0x7F, 0x00,
    0x01, 0xFE, 0x00, 0x03, 0xF8, 0x00, 0x07, 0xE0, 0x00, 0x1F, 0xC0, 0x0E, 0x7E, 0x00, 0x3F, 0xF8,
    0x00, 0xFF, 0xE0, 0x03, 0xFF, 0x00, 0x0F, 0xF0, 0x00, 0x00, 0x30, 0x00, 0x00, 0x3C, 0x00, 0x00,
    0x3F, 0x00, 0x00, 0x7F, 0xC0, 0x00, 0x3F, 0xE0, 0x00, 0x07, 0xF8, 0x00, 0x01, 0xFE, 0x00, 0x00,
    0x7F, 0x80, 0x00, 0x1F, 0xC0, 0x00, 0x07, 0xC0, 0x00, 0x00, 0xC0, 0x00, 0x00, 0x00, 0x00, 0x00,
    0x00, 0x00, 0x07, 0xFE, 0x00, 0x0F, 0xFF, 0xC0, 0x0F, 0xFF, 0xF0, 0x0F, 0xFF, 0xFC, 0x0F, 0xFF,
    0xFF, 0x0F, 0xFF, 0xFF, 0xC7, 0xFE, 0x7F, 0xE7, 0xFC, 0x0F, 0xF3, 0xFC, 0x03, 0xFF, 0xFE, 0x01,
    0xFF, 0xFE, 0x00, 0xFF, 0xFF, 0xFF, 0xFF, 0xFF, 0xFF, 0xFF, 0xFF, 0xFF, 0xFF, 0xFF, 0xFF, 0xFF,
    0xFF, 0xFF, 0xFF, 0xFF, 0xF8, 0x00, 0x03, 0xFE, 0x00, 0x01, 0xFF, 0x00, 0x00, 0x7F, 0xC0, 0x00,
    0x3F, 0xF0, 0x00, 0x0F, 0xFF, 0x1F, 0x87, 0xFF, 0xFF, 0xC1, 0xFF, 0xFF, 0xE0, 0x7F, 0xFF, 0xF0,
    0x1F, 0xFF, 0xFC, 0x07, 0xFF, 0xFE, 0x00, 0x7F, 0xF8, 0x00, 0x00, 0x06, 0x00, 0x00, 0x03, 0xC0,
    0x00, 0x03, 0xF0, 0x00, 0x03, 0xFC, 0x00, 0x03, 0xFE, 0x00, 0x03, 0xFE, 0x00, 0x03, 0xFE, 0x00,
    0x03, 0xFC, 0x00, 0x01, 0xFC, 0x00, 0x00, 0x7C, 0x00, 0x00, 0x0C, 0x00, 0x00, 0x00, 0x00, 0x00,
    0x00, 0x00, 0x00, 0x07, 0xFE, 0x00, 0x0F, 0xFF, 0xC0, 0x0F, 0xFF, 0xF0, 0x0F, 0xFF, 0xFC, 0x0F,
    0xFF, 0xFF, 0x0F, 0xFF, 0xFF, 0xC7, 0xFE, 0x7F, 0xE7, 0xFC, 0x0F, 0xF3, 0xFC, 0x03, 0xFF, 0xFE,
    0x01, 0xFF, 0xFE, 0x00, 0xFF, 0xFF, 0xFF, 0xFF, 0xFF, 0xFF, 0xFF, 0xFF, 0xFF, 0xFF, 0xFF, 0xFF,
    0xFF, 0xFF, 0xFF, 0xFF, 0xFF, 0xF8, 0x00, 0x03, 0xFE, 0x00, 0x01, 0xFF, 0x00, 0x00, 0x7F, 0xC0,
    0x00, 0x3F, 0xF0, 0x00, 0x0F, 0xFF, 0x1F, 0x87, 0xFF, 0xFF, 0xC1, 0xFF, 0xFF, 0xE0, 0x7F, 0xFF,
    0xF0, 0x1F, 0xFF, 0xFC, 0x07, 0xFF, 0xFE, 0x00, 0x7F, 0xF8, 0x00, 0x00, 0x1C, 0x00, 0x00, 0x1F,
    0x00, 0x00, 0x1F, 0xC0, 0x00, 0x1F, 0xF0, 0x00, 0x1F, 0xFC, 0x00, 0x1F, 0xFF, 0x00, 0x1F, 0xFF,
    0xC0, 0x0F, 0xC7, 0xE0, 0x03, 0xC1, 0xE0, 0x00, 0xC0, 0x60, 0x00, 0x00, 0x00, 0x00, 0x00, 0x00,
    0x00, 0x0F, 0xFC, 0x00, 0x1F, 0xFF, 0x80, 0x1F, 0xFF, 0xE0, 0x1F, 0xFF, 0xF8, 0x1F, 0xFF, 0xFE,
    0x1F, 0xFF, 0xFF, 0x8F, 0xFC, 0xFF, 0xCF, 0xF8, 0x1F, 0xE7, 0xF8, 0x07, 0xFF, 0xFC, 0x03, 0xFF,
    0xFC, 0x01, 0xFF, 0xFF, 0xFF, 0xFF, 0xFF, 0xFF, 0xFF, 0xFF, 0xFF, 0xFF, 0xFF, 0xFF, 0xFF, 0xFF,
    0xFF, 0xFF, 0xFF, 0xF0, 0x00, 0x07, 0xFC, 0x00, 0x03, 0xFE, 0x00, 0x00, 0xFF, 0x80, 0x00, 0x7F,
    0xE0, 0x00, 0x1F, 0xFE, 0x3F, 0x0F, 0xFF, 0xFF, 0x83, 0xFF, 0xFF, 0xC0, 0xFF, 0xFF, 0xE0, 0x3F,
    0xFF, 0xF8, 0x0F, 0xFF, 0xFC, 0x00, 0xFF, 0xF0, 0x07, 0xC0, 0xF8, 0x07, 0xF0, 0xFE, 0x07, 0xF8,
    0xFF, 0x03, 0xFC, 0x7F, 0xC1, 0xFE, 0x3F, 0xE0, 0xFF, 0x1F, 0xE0, 0x3F, 0x87, 0xF0, 0x0F, 0x81,
    0xF0, 0x00, 0x00, 0x00, 0x00, 0x00, 0x00, 0x00, 0x00, 0x00, 0x00, 0x1F, 0xF8, 0x00, 0x3F, 0xFF,
    0x00, 0x3F, 0xFF, 0xC0, 0x3F, 0xFF, 0xF0, 0x3F, 0xFF, 0xFC, 0x3F, 0xFF, 0xFF, 0x1F, 0xF9, 0xFF,
    0x9F, 0xF0, 0x3F, 0xCF, 0xF0, 0x0F, 0xFF, 0xF8, 0x07, 0xFF, 0xF8, 0x03, 0xFF, 0xFF, 0xFF, 0xFF,
    0xFF, 0xFF, 0xFF, 0xFF, 0xFF, 0xFF, 0xFF, 0xFF, 0xFF, 0xFF, 0xFF, 0xFF, 0xFF, 0xE0, 0x00, 0x0F,
    0xF8, 0x00, 0x07, 0xFC, 0x00, 0x01, 0xFF, 0x00, 0x00, 0xFF, 0xC0, 0x00, 0x3F, 0xFC, 0x7E, 0x1F,
    0xFF, 0xFF, 0x07, 0xFF, 0xFF, 0x81, 0xFF, 0xFF, 0xC0, 0x7F, 0xFF, 0xF0, 0x1F, 0xFF, 0xF8, 0x01,
    0xFF, 0xE0, 0x0C, 0x03, 0xC0, 0x7E, 0x0F, 0xF0, 0xFF, 0x87, 0xFC, 0x3F, 0xE0, 0xFF, 0x07, 0xF0,
    0x3E, 0x01, 0x80, 0x00, 0x00, 0x00, 0x00, 0x3F, 0xC3, 0xFC, 0x3F, 0xC3, 0xFC, 0x3F, 0xC3, 0xFC,
    0x3F, 0xC3, 0xFC, 0x3F, 0xC3, 0xFC, 0x3F, 0xC3, 0xFC, 0x3F, 0xC3, 0xFC, 0x3F, 0xC3, 0xFC, 0x3F,
    0xC3, 0xFC, 0x3F, 0xC3, 0xFC, 0x3F, 0xC3, 0xFC, 0x3F, 0xC3, 0xFC, 0x3F, 0xC3, 0xFC, 0x03, 0x00,
    0x78, 0x0F, 0xE0, 0xFF, 0x1F, 0xF3, 0xFC, 0x7F, 0x8F, 0xF0, 0xFE, 0x07, 0xC0, 0x38, 0x00, 0x00,
    0x00, 0x00, 0x00, 0x7F, 0x87, 0xF8, 0x7F, 0x87, 0xF8, 0x7F, 0x87, 0xF8, 0x7F, 0x87, 0xF8, 0x7F,
    0x87, 0xF8, 0x7F, 0x87, 0xF8, 0x7F, 0x87, 0xF8, 0x7F, 0x87, 0xF8, 0x7F, 0x87, 0xF8, 0x7F, 0x87,
    0xF8, 0x7F, 0x87, 0xF8, 0x7F, 0x87, 0xF8, 0x7F, 0x87, 0xF8, 0x01, 0x80, 0x01, 0xF0, 0x01, 0xFC,
    0x01, 0xFF, 0x01, 0xFF, 0xC3, 0xFF, 0xF3, 0xFF, 0xFC, 0xFC, 0x7E, 0x3C, 0x1E, 0x1C, 0x06, 0x00,
    0x00, 0x00, 0x00, 0x00, 0x00, 0x00, 0x7F, 0x80, 0x3F, 0xC0, 0x1F, 0xE0, 0x0F, 0xF0, 0x07, 0xF8,
    0x03, 0xFC, 0x01, 0xFE, 0x00, 0xFF, 0x00, 0x7F, 0x80, 0x3F, 0xC0, 0x1F, 0xE0, 0x0F, 0xF0, 0x07,
    0xF8, 0x03, 0xFC, 0x01, 0xFE, 0x00, 0xFF, 0x00, 0x7F, 0x80, 0x3F, 0xC0, 0x1F, 0xE0, 0x0F, 0xF0,
    0x07, 0xF8, 0x03, 0xFC, 0x01, 0xFE, 0x00, 0xFF, 0x00, 0x7F, 0x80, 0x3F, 0xC0, 0x3E, 0x07, 0xC7,
    0xF0, 0xFE, 0xFF, 0x0F, 0xFF, 0xF9, 0xFF, 0xFF, 0x9F, 0xFF, 0xF0, 0xFF, 0x7F, 0x0F, 0xE3, 0xE0,
    0x7C, 0x00, 0x00, 0x00, 0x00, 0x00, 0x00, 0x00, 0x00, 0x00, 0x00, 0x03, 0xFC, 0x00, 0x3F, 0xC0,
    0x03, 0xFC, 0x00, 0x3F, 0xC0, 0x03, 0xFC, 0x00, 0x3F, 0xC0, 0x03, 0xFC, 0x00, 0x3F, 0xC0, 0x03,
    0xFC, 0x00, 0x3F, 0xC0, 0x03, 0xFC, 0x00, 0x3F, 0xC0, 0x03, 0xFC, 0x00, 0x3F, 0xC0, 0x03, 0xFC,
    0x00, 0x3F, 0xC0, 0x03, 0xFC, 0x00, 0x3F, 0xC0, 0x03, 0xFC, 0x00, 0x3F, 0xC0, 0x03, 0xFC, 0x00,
    0x3F, 0xC0, 0x03, 0xFC, 0x00, 0x3F, 0xC0, 0x03, 0xFC, 0x00, 0x3F, 0xC0, 0x00, 0x0E, 0x00, 0x00,
    0x03, 0xE0, 0x00, 0x00, 0xFE, 0x00, 0x00, 0x3F, 0xE0, 0xE0, 0x07, 0xFE, 0xFC, 0x00, 0x7F, 0xFF,
    0x80, 0x07, 0xFF, 0xF8, 0x00, 0xFF, 0xFF, 0x00, 0x7F, 0xFF, 0x00, 0x0F, 0xFF, 0xC0, 0x01, 0xFF,
    0xF8, 0x00, 0x3F, 0xFF, 0x80, 0x03, 0x0F, 0xF0, 0x00, 0x00, 0xFF, 0x00, 0x00, 0x1F, 0xE0, 0x0F,
    0xFF, 0xFC, 0x07, 0xFF, 0xFF, 0xC1, 0xFF, 0xFF, 0xF8, 0x7F, 0xFF, 0xFF, 0x1F, 0xFF, 0xFF, 0xE7,
    0xFF, 0xFF, 0xFC, 0xFF, 0xE3, 0xFF, 0x9F, 0xF0, 0x1F, 0xF7, 0xFC, 0x01, 0xFE, 0xFF, 0x80, 0x3F,
    0xDF, 0xE0, 0x07, 0xFB, 0xFC, 0x00, 0xFF, 0x7F, 0x80, 0x1F, 0xEF, 0xF0, 0x03, 0xFD, 0xFE, 0x00,
    0xFF, 0xBF, 0xE0, 0x1F, 0xE7, 0xFC, 0x07, 0xFC, 0x7F, 0xC0, 0xFF, 0x8F, 0xFE, 0x7F, 0xE0, 0xFF,
    0xFF, 0xFC, 0x1F, 0xFF, 0xFF, 0x01, 0xFF, 0xFF, 0xC0, 0x1F, 0xFF, 0xF0, 0x00, 0xFF, 0xFC, 0x00,
    0x07, 0xFE, 0x00, 0x03, 0xE0, 0x60, 0x0F, 0xFD, 0xF0, 0x1F, 0xFF, 0xF8, 0x1F, 0xFF, 0xF8, 0x3F,
    0xFF, 0xF0, 0x1F, 0x3F, 0xE0, 0x06, 0x0F, 0xC0, 0x00, 0x00, 0x00, 0x00, 0x00, 0x00, 0x00, 0x00,
    0x00, 0x1F, 0xFF, 0x80, 0xFF, 0xFF, 0xE0, 0xFF, 0xFF, 0xF0, 0xFF, 0xFF, 0xF8, 0xFF, 0xFF, 0xFC,
    0xFF, 0xFF, 0xFC, 0xFF, 0x8F, 0xFE, 0xFF, 0x03, 0xFE, 0xFF, 0x01, 0xFE, 0xFF, 0x01, 0xFE, 0xFF,
    0x01, 0xFE, 0xFF, 0x01, 0xFF, 0xFF, 0x01, 0xFF, 0xFF, 0x01, 0xFF, 0xFF, 0x01, 0xFF, 0xFF, 0x01,
    0xFF, 0xFF, 0x01, 0xFF, 0xFF, 0x01, 0xFF, 0xFF, 0x01, 0xFF, 0xFF, 0x01, 0xFF, 0xFF, 0x01, 0xFF,
    0xFF, 0x01, 0xFF, 0xFF, 0x01, 0xFF, 0xFF, 0x01, 0xFF, 0xFF, 0x01, 0xFF, 0xFF, 0x01, 0xFF, 0xFF,
    0x01, 0xFF, 0x00, 0x30, 0x00, 0x00, 0x0F, 0x00, 0x00, 0x03, 0xF0, 0x00, 0x00, 0xFF, 0x00, 0x00,
    0x1F, 0xF0, 0x00, 0x01, 0xFF, 0x00, 0x00, 0x1F, 0xF0, 0x00, 0x00, 0xFF, 0x00, 0x00, 0x0F, 0xE0,
    0x00, 0x00, 0xF0, 0x00, 0x00, 0x0C, 0x00, 0x00, 0x00, 0x00, 0x00, 0x00, 0x00, 0x00, 0x01, 0xFF,
    0x80, 0x00, 0xFF, 0xFC, 0x00, 0x3F, 0xFF, 0xC0, 0x0F, 0xFF, 0xFE, 0x03, 0xFF, 0xFF, 0xC0, 0xFF,
    0xFF, 0xFC, 0x1F, 0xF9, 0xFF, 0xC7, 0xFC, 0x0F, 0xF8, 0xFF, 0x00, 0xFF, 0x9F, 0xE0, 0x1F, 0xF7,
    0xFC, 0x01, 0xFE, 0xFF, 0x00, 0x3F, 0xDF, 0xE0, 0x07, 0xFB, 0xFC, 0x00, 0xFF, 0x7F, 0x80, 0x1F,
    0xEF, 0xF0, 0x03, 0xFD, 0xFE, 0x00, 0x7F, 0xBF, 0xE0, 0x0F, 0xF3, 0xFC, 0x03, 0xFE, 0x7F, 0x80,
    0x7F, 0xCF, 0xF8, 0x1F, 0xF0, 0xFF, 0xCF, 0xFE, 0x1F, 0xFF, 0xFF, 0x81, 0xFF, 0xFF, 0xF0, 0x1F,
    0xFF, 0xFC, 0x01, 0xFF, 0xFF, 0x00, 0x1F, 0xFF, 0x80, 0x00, 0xFF, 0xC0, 0x00, 0x00, 0x03, 0x00,
    0x00, 0x00, 0xF0, 0x00, 0x00, 0x3F, 0x00, 0x00, 0x0F, 0xF0, 0x00, 0x03, 0xFE, 0x00, 0x00, 0xFF,
    0x80, 0x00, 0x1F, 0xE0, 0x00, 0x07, 0xF8, 0x00, 0x00, 0xFE, 0x00, 0x00, 0x0F, 0x00, 0x00, 0x00,
    0xC0, 0x00, 0x00, 0x00, 0x00, 0x00, 0x00, 0x00, 0x00, 0x01, 0xFF, 0x80, 0x00, 0xFF, 0xFC, 0x00,
    0x3F, 0xFF, 0xC0, 0x0F, 0xFF, 0xFE, 0x03, 0xFF, 0xFF, 0xC0, 0xFF, 0xFF, 0xFC, 0x1F, 0xF9, 0xFF,
    0xC7, 0xFC, 0x0F, 0xF8, 0xFF, 0x00, 0xFF, 0x9F, 0xE0, 0x1F, 0xF7, 0xFC, 0x01, 0xFE, 0xFF, 0x00,
    0x3F, 0xDF, 0xE0, 0x07, 0xFB, 0xFC, 0x00, 0xFF, 0x7F, 0x80, 0x1F, 0xEF, 0xF0, 0x03, 0xFD, 0xFE,
    0x00, 0x7F, 0xBF, 0xE0, 0x0F, 0xF3, 0xFC, 0x03, 0xFE, 0x7F, 0x80, 0x7F, 0xCF, 0xF8, 0x1F, 0xF0,
    0xFF, 0xCF, 0xFE, 0x1F, 0xFF, 0xFF, 0x81, 0xFF, 0xFF, 0xF0, 0x1F, 0xFF, 0xFC, 0x01, 0xFF, 0xFF,
    0x00, 0x1F, 0xFF, 0x80, 0x00, 0xFF, 0xC0, 0x00, 0x00, 0x0C, 0x00, 0x00, 0x03, 0xC0, 0x00, 0x00,
    0xFE, 0x00, 0x00, 0x3F, 0xE0, 0x00, 0x1F, 0xFE, 0x00, 0x07, 0xFF, 0xE0, 0x01, 0xFF, 0xFE, 0x00,
    0x3F, 0x9F, 0xC0, 0x03, 0xE0, 0xF0, 0x00, 0x30, 0x0C, 0x00, 0x00, 0x00, 0x00, 0x00, 0x00, 0x00,
    0x00, 0x0F, 0xFC, 0x00, 0x07, 0xFF, 0xE0, 0x01, 0xFF, 0xFE, 0x00, 0x7F, 0xFF, 0xF0, 0x1F, 0xFF,
    0xFE, 0x07, 0xFF, 0xFF, 0xE0, 0xFF, 0xCF, 0xFE, 0x3F, 0xE0, 0x7F, 0xC7, 0xF8, 0x07, 0xFC, 0xFF,
    0x00, 0xFF, 0xBF, 0xE0, 0x0F, 0xF7, 0xF8, 0x01, 0xFE, 0xFF, 0x00, 0x3F, 0xDF, 0xE0, 0x07, 0xFB,
    0xFC, 0x00, 0xFF, 0x7F, 0x80, 0x1F, 0xEF, 0xF0, 0x03, 0xFD, 0xFF, 0x00, 0x7F, 0x9F, 0xE0, 0x1F,
    0xF3, 0xFC, 0x03, 0xFE, 0x7F, 0xC0, 0xFF, 0x87, 0xFE, 0x7F, 0xF0, 0xFF, 0xFF, 0xFC, 0x0F, 0xFF,
    0xFF, 0x80, 0xFF, 0xFF, 0xE0, 0x0F, 0xFF, 0xF8, 0x00, 0xFF, 0xFC, 0x00, 0x07, 0xFE, 0x00, 0x01,
    0xF8, 0x30, 0x00, 0x7F, 0xCF, 0x80, 0x1F, 0xFF, 0xF8, 0x07, 0xFF, 0xFE, 0x00, 0xFF, 0xFF, 0xC0,
    0x0F, 0xBF, 0xF0, 0x00, 0xC0, 0xF8, 0x00, 0x00, 0x00, 0x00, 0x00, 0x00, 0x00, 0x00, 0x00, 0x00,
    0x00, 0x03, 0xFF, 0x00, 0x01, 0xFF, 0xF8, 0x00, 0x7F, 0xFF, 0x80, 0x1F, 0xFF, 0xFC, 0x07, 0xFF,
    0xFF, 0x81, 0xFF, 0xFF, 0xF8, 0x3F, 0xF3, 0xFF, 0x8F, 0xF8, 0x1F, 0xF1, 0xFE, 0x01, 0xFF, 0x3F,
    0xC0, 0x3F, 0xEF, 0xF8, 0x03, 0xFD, 0xFE, 0x00, 0x7F, 0xBF, 0xC0, 0x0F, 0xF7, 0xF8, 0x01, 0xFE,
    0xFF, 0x00, 0x3F, 0xDF, 0xE0, 0x07, 0xFB, 0xFC, 0x00, 0xFF, 0x7F, 0xC0, 0x1F, 0xE7, 0xF8, 0x07,
    0xFC, 0xFF, 0x00, 0xFF, 0x9F, 0xF0, 0x3F, 0xE1, 0xFF, 0x9F, 0xFC, 0x3F, 0xFF, 0xFF, 0x03, 0xFF,
    0xFF, 0xE0, 0x3F, 0xFF, 0xF8, 0x03, 0xFF, 0xFE, 0x00, 0x3F, 0xFF, 0x00, 0x01, 0xFF, 0x80, 0x00,
    0x07, 0xC0, 0xF8, 0x01, 0xFC, 0x3F, 0x80, 0x3F, 0xC7, 0xF8, 0x0F, 0xF8, 0xFF, 0x01, 0xFF, 0x1F,
    0xE0, 0x1F, 0xE3, 0xFC, 0x03, 0xF8, 0x7F, 0x00, 0x3E, 0x07, 0xC0, 0x00, 0x00, 0x00, 0x00, 0x00,
    0x00, 0x00, 0x00, 0x00, 0x00, 0x00, 0x7F, 0xE0, 0x00, 0x3F, 0xFF, 0x00, 0x0F, 0xFF, 0xF0, 0x03,
    0xFF, 0xFF, 0x80, 0xFF, 0xFF, 0xF0, 0x3F, 0xFF, 0xFF, 0x07, 0xFE, 0x7F, 0xF1, 0xFF, 0x03, 0xFE,
    0x3F, 0xC0, 0x3F, 0xE7, 0xF8, 0x07, 0xFD, 0xFF, 0x00, 0x7F, 0xBF, 0xC0, 0x0F, 0xF7, 0xF8, 0x01,
    0xFE, 0xFF, 0x00, 0x3F, 0xDF, 0xE0, 0x07, 0xFB, 0xFC, 0x00, 0xFF, 0x7F, 0x80, 0x1F, 0xEF, 0xF8,
    0x03, 0xFC, 0xFF, 0x00, 0xFF, 0x9F, 0xE0, 0x1F, 0xF3, 0xFE, 0x07, 0xFC, 0x3F, 0xF3, 0xFF, 0x87,
    0xFF, 0xFF, 0xE0, 0x7F, 0xFF, 0xFC, 0x07, 0xFF, 0xFF, 0x00, 0x7F, 0xFF, 0xC0, 0x07, 0xFF, 0xE0,
    0x00, 0x3F, 0xF0, 0x00, 0x00, 0x7E, 0x00, 0x00, 0xFF, 0x00, 0x00, 0xFF, 0x80, 0x00, 0xFF, 0x80,
    0x00, 0xFF, 0x80, 0x00, 0xFF, 0x80, 0x00, 0xFF, 0x00, 0x00, 0x7E, 0x00, 0x00, 0x00, 0x00, 0x00,
    0x00, 0x00, 0x00, 0x00, 0x00, 0xFF, 0xFF, 0xFF, 0xFF, 0xFF, 0xFF, 0xFF, 0xFF, 0xFF, 0xFF, 0xFF,
    0xFF, 0xFF, 0xFF, 0xFF, 0xFF, 0xFF, 0xFF, 0x00, 0x00, 0x00, 0x00, 0x00, 0x00, 0x00, 0x00, 0x00,
    0x00, 0x7E, 0x00, 0x00, 0xFF, 0x00, 0x00, 0xFF, 0x80, 0x00, 0xFF, 0x80, 0x00, 0xFF, 0x80, 0x00,
    0xFF, 0x80, 0x00, 0xFF, 0x00, 0x00, 0x7E, 0x00, 0x00, 0x00, 0x00, 0x00, 0x00, 0x00, 0xE0, 0x03,
    0xFF, 0x3E, 0x01, 0xFF, 0xFF, 0xE0, 0x7F, 0xFF, 0xF8, 0x1F, 0xFF, 0xFE, 0x07, 0xFF, 0xFF, 0xC1,
    0xFF, 0xFF, 0xF8, 0x3F, 0xF3, 0xFF, 0x8F, 0xF8, 0x3F, 0xF1, 0xFE, 0x0F, 0xFF, 0x3F, 0xC3, 0xFF,
    0xEF, 0xF0, 0x7F, 0xFD, 0xFE, 0x1F, 0xFF, 0xBF, 0xC7, 0xFF, 0xF7, 0xF9, 0xFC, 0xFE, 0xFF, 0x3F,
    0x3F, 0xDF, 0xEF, 0xC7, 0xFB, 0xFF, 0xF0, 0xFF, 0x7F, 0xFE, 0x1F, 0xEF, 0xFF, 0x83, 0xFC, 0xFF,
    0xE0, 0xFF, 0x9F, 0xF8, 0x3F, 0xE1, 0xFF, 0x9F, 0xFC, 0x3F, 0xFF, 0xFF, 0x03, 0xFF, 0xFF, 0xE0,
    0xFF, 0xFF, 0xF8, 0x3F, 0xFF, 0xFE, 0x07, 0xFF, 0xFF, 0x00, 0xF9, 0xFF, 0x80, 0x06, 0x00, 0x00,
    0x00, 0x00, 0x00, 0x00, 0x00, 0xC0, 0x00, 0x03, 0xC0, 0x00, 0x0F, 0xC0, 0x00, 0x7F, 0xC0, 0x00,
    0xFF, 0x80, 0x00, 0x7F, 0x80, 0x00, 0x7F, 0x80, 0x00, 0x7F, 0x80, 0x00, 0x7F, 0x00, 0x00, 0x7C,
    0x00, 0x00, 0x30, 0x00, 0x00, 0x00, 0x00, 0x00, 0x00, 0x00, 0x00, 0x00, 0x3F, 0xC0, 0x7F, 0xFF,
    0x80, 0xFF, 0xFF, 0x01, 0xFF, 0xFE, 0x03, 0xFF, 0xFC, 0x07, 0xFF, 0xF8, 0x0F, 0xFF, 0xF0, 0x1F,
    0xFF, 0xE0, 0x3F, 0xFF, 0xC0, 0x7F, 0xFF, 0x80, 0xFF, 0xFF, 0x01, 0xFF, 0xFE, 0x03, 0xFF, 0xFC,
    0x07, 0xFF, 0xF8, 0x0F, 0xFF, 0xF0, 0x1F, 0xFF, 0xE0, 0x3F, 0xFF, 0xC0, 0x7F, 0xFF, 0x80, 0xFF,
    0xFF, 0x81, 0xFF, 0xFF, 0x03, 0xFD, 0xFF, 0x8F, 0xFB, 0xFF, 0xFF, 0xF3, 0xFF, 0xFF, 0xE7, 0xFF,
    0xFF, 0xC7, 0xFF, 0xFF, 0x87, 0xFF, 0xFF, 0x03, 0xFF, 0xF0, 0x00, 0x06, 0x00, 0x00, 0x1E, 0x00,
    0x00, 0x7E, 0x00, 0x01, 0xFE, 0x00, 0x07, 0xFC, 0x00, 0x1F, 0xF0, 0x00, 0x7F, 0xC0, 0x01, 0xFE,
    0x00, 0x03, 0xF8, 0x00, 0x01, 0xE0, 0x00, 0x01, 0x80, 0x00, 0x00, 0x00, 0x00, 0x00, 0x00, 0x00,
    0x00, 0x00, 0x3F, 0xC0, 0x7F, 0xFF, 0x80, 0xFF, 0xFF, 0x01, 0xFF, 0xFE, 0x03, 0xFF, 0xFC, 0x07,
    0xFF, 0xF8, 0x0F, 0xFF, 0xF0, 0x1F, 0xFF, 0xE0, 0x3F, 0xFF, 0xC0, 0x7F, 0xFF, 0x80, 0xFF, 0xFF,
    0x01, 0xFF, 0xFE, 0x03, 0xFF, 0xFC, 0x07, 0xFF, 0xF8, 0x0F, 0xFF, 0xF0, 0x1F, 0xFF, 0xE0, 0x3F,
    0xFF, 0xC0, 0x7F, 0xFF, 0x80, 0xFF, 0xFF, 0x81, 0xFF, 0xFF, 0x03, 0xFD, 0xFF, 0x8F, 0xFB, 0xFF,
    0xFF, 0xF3, 0xFF, 0xFF, 0xE7, 0xFF, 0xFF, 0xC7, 0xFF, 0xFF, 0x87, 0xFF, 0xFF, 0x03, 0xFF, 0xF0,
    0x00, 0x18, 0x00, 0x00, 0xF8, 0x00, 0x03, 0xF8, 0x00, 0x0F, 0xF8, 0x00, 0x3F, 0xF8, 0x00, 0xFF,
    0xFC, 0x03, 0xFF, 0xFC, 0x07, 0xE3, 0xF0, 0x07, 0x83, 0xC0, 0x06, 0x01, 0x80, 0x00, 0x00, 0x00,
    0x00, 0x00, 0x00, 0x00, 0x00, 0x1F, 0xE0, 0x3F, 0xFF, 0xC0, 0x7F, 0xFF, 0x80, 0xFF, 0xFF, 0x01,
    0xFF, 0xFE, 0x03, 0xFF, 0xFC, 0x07, 0xFF, 0xF8, 0x0F, 0xFF, 0xF0, 0x1F, 0xFF, 0xE0, 0x3F, 0xFF,
    0xC0, 0x7F, 0xFF, 0x80, 0xFF, 0xFF, 0x01, 0xFF, 0xFE, 0x03, 0xFF, 0xFC, 0x07, 0xFF, 0xF8, 0x0F,
    0xFF, 0xF0, 0x1F, 0xFF, 0xE0, 0x3F, 0xFF, 0xC0, 0x7F, 0xFF, 0xC0, 0xFF, 0xFF, 0x81, 0xFE, 0xFF,
    0xC7, 0xFD, 0xFF, 0xFF, 0xF9, 0xFF, 0xFF, 0xF3, 0xFF, 0xFF, 0xE3, 0xFF, 0xFF, 0xC3, 0xFF, 0xFF,
    0x81, 0xFF, 0xF8, 0x0F, 0x81, 0xF0, 0x3F, 0x87, 0xF0, 0xFF, 0x1F, 0xE1, 0xFE, 0x3F, 0xC3, 0xFC,
    0x7F, 0x87, 0xF8, 0xFF, 0x07, 0xF0, 0xFE, 0x07, 0xC0, 0xF8, 0x00, 0x00, 0x00, 0x00, 0x00, 0x00,
    0x00, 0x00, 0x00, 0x00, 0x00, 0x0F, 0xF0, 0x1F, 0xFF, 0xE0, 0x3F, 0xFF, 0xC0, 0x7F, 0xFF, 0x80,
    0xFF, 0xFF, 0x01, 0xFF, 0xFE, 0x03, 0xFF, 0xFC, 0x07, 0xFF, 0xF8, 0x0F, 0xFF, 0xF0, 0x1F, 0xFF,
    0xE0, 0x3F, 0xFF, 0xC0, 0x7F, 0xFF, 0x80, 0xFF, 0xFF, 0x01, 0xFF, 0xFE, 0x03, 0xFF, 0xFC, 0x07,
    0xFF, 0xF8, 0x0F, 0xFF, 0xF0, 0x1F, 0xFF, 0xE0, 0x3F, 0xFF, 0xE0, 0x7F, 0xFF, 0xC0, 0xFF, 0x7F,
    0xE3, 0xFE, 0xFF, 0xFF, 0xFC, 0xFF, 0xFF, 0xF9, 0xFF, 0xFF, 0xF1, 0xFF, 0xFF, 0xE1, 0xFF, 0xFF,
    0xC0, 0xFF, 0xFC, 0x00, 0x00, 0x00, 0xC0, 0x00, 0x00, 0x3C, 0x00, 0x00, 0x0F, 0xC0, 0x00, 0x03,
    0xFC, 0x00, 0x00, 0xFF, 0x80, 0x00, 0x1F, 0xE0, 0x00, 0x07, 0xF8, 0x00, 0x01, 0xFE, 0x00, 0x00,
    0x3F, 0x80, 0x00, 0x03, 0xE0, 0x00, 0x00, 0x30, 0x00, 0x00, 0x00, 0x00, 0x00, 0x00, 0x00, 0x00,
    0x00, 0x00, 0x00, 0x3F, 0xE0, 0x07, 0xFB, 0xFC, 0x01, 0xFF, 0x7F, 0x80, 0x3F, 0xCF, 0xF8, 0x07,
    0xF8, 0xFF, 0x00, 0xFF, 0x1F, 0xE0, 0x3F, 0xC3, 0xFE, 0x07, 0xF8, 0x3F, 0xC0, 0xFF, 0x07, 0xF8,
    0x3F, 0xC0, 0xFF, 0x87, 0xF8, 0x0F, 0xF0, 0xFF, 0x01, 0xFE, 0x3F, 0xC0, 0x3F, 0xE7, 0xF8, 0x03,
    0xFC, 0xFF, 0x00, 0x7F, 0xBF, 0xC0, 0x07, 0xFF, 0xF8, 0x00, 0xFF, 0xFF, 0x00, 0x0F, 0xFF, 0xC0,
    0x01, 0xFF, 0xF8, 0x00, 0x3F, 0xFE, 0x00, 0x03, 0xFF, 0xC0, 0x00, 0x7F, 0xF8, 0x00, 0x07, 0xFE,
    0x00, 0x00, 0xFF, 0xC0, 0x00, 0x0F, 0xF0, 0x00, 0x01, 0xFE, 0x00, 0x00, 0x7F, 0x80, 0x00, 0x1F,
    0xF0, 0x01, 0xC7, 0xFC, 0x00, 0x3F, 0xFF, 0x80, 0x07, 0xFF, 0xE0, 0x01, 0xFF, 0xF8, 0x00, 0x3F,
    0xFE, 0x00, 0x07, 0xFF, 0x80, 0x00, 0x7F, 0xE0, 0x00, 0x00, 0x1F, 0x00, 0x00, 0x7F, 0x80, 0x00,
    0x3F, 0xC0, 0x00, 0x1F, 0xE0, 0x00, 0x0F, 0xF0, 0x00, 0x07, 0xF8, 0x00, 0x03, 0xFC, 0x00, 0x01,
    0xFE, 0x00, 0x00, 0xFF, 0x00, 0x00, 0x7F, 0x80, 0x00, 0x3F, 0xC0, 0x00, 0x1F, 0xE0, 0x00, 0x0F,
    0xFF, 0xF8, 0x07, 0xFF, 0xFF, 0x03, 0xFF, 0xFF, 0xC1, 0xFF, 0xFF, 0xF8, 0xFF, 0xFF, 0xFC, 0x7F,
    0xFF, 0xFF, 0x3F, 0xF1, 0xFF, 0xDF, 0xE0, 0x3F, 0xEF, 0xF0, 0x0F, 0xF7, 0xF8, 0x07, 0xFF, 0xFC,
    0x03, 0xFF, 0xFE, 0x00, 0xFF, 0xFF, 0x00, 0x7F, 0xFF, 0x80, 0x3F, 0xFF, 0xC0, 0x1F, 0xFF, 0xE0,
    0x0F, 0xFF, 0xF0, 0x07, 0xFF, 0xF8, 0x03, 0xFF, 0xFC, 0x03, 0xFF, 0xFE, 0x01, 0xFF, 0xFF, 0x01,
    0xFF, 0x7F, 0xF3, 0xFF, 0xBF, 0xFF, 0xFF, 0x9F, 0xFF, 0xFF, 0xCF, 0xFF, 0xFF, 0xC7, 0xFF, 0xFF,
    0xC3, 0xFF, 0xFF, 0xC1, 0xFE, 0xFF, 0x80, 0xFF, 0x00, 0x00, 0x7F, 0x80, 0x00, 0x3F, 0xC0, 0x00,
    0x1F, 0xE0, 0x00, 0x0F, 0xF0, 0x00, 0x07, 0xF8, 0x00, 0x03, 0xFC, 0x00, 0x01, 0xFE, 0x00, 0x00,
    0x03, 0xE0, 0x7C, 0x00, 0xFE, 0x1F, 0xC0, 0x3F, 0xC7, 0xF8, 0x07, 0xF8, 0xFF, 0x80, 0xFF, 0x1F,
    0xF0, 0x1F, 0xE3, 0xFC, 0x01, 0xFC, 0x3F, 0x80, 0x1F, 0x03, 0xE0, 0x00, 0x00, 0x00, 0x00, 0x00,
    0x00, 0x00, 0x00, 0x00, 0x00, 0x00, 0x00, 0x00, 0x0F, 0xF8, 0x01, 0xFE, 0xFF, 0x00, 0x7F, 0xDF,
    0xE0, 0x0F, 0xF3, 0xFE, 0x01, 0xFE, 0x3F, 0xC0, 0x3F, 0xC7, 0xF8, 0x0F, 0xF0, 0xFF, 0x81, 0xFE,
    0x0F, 0xF0, 0x3F, 0xC1, 0xFE, 0x0F, 0xF0, 0x3F, 0xE1, 0xFE, 0x03, 0xFC, 0x3F, 0xC0, 0x7F, 0x8F,
    0xF0, 0x0F, 0xF9, 0xFE, 0x00, 0xFF, 0x3F, 0xC0, 0x1F, 0xEF, 0xF0, 0x01, 0xFF, 0xFE, 0x00, 0x3F,
    0xFF, 0xC0, 0x03, 0xFF, 0xF0, 0x00, 0x7F, 0xFE, 0x00, 0x0F, 0xFF, 0x80, 0x00, 0xFF, 0xF0, 0x00,
    0x1F, 0xFE, 0x00, 0x01, 0xFF, 0x80, 0x00, 0x3F, 0xF0, 0x00, 0x03, 0xFC, 0x00, 0x00, 0x7F, 0x80,
    0x00, 0x1F, 0xE0, 0x00, 0x07, 0xFC, 0x00, 0x71, 0xFF, 0x00, 0x0F, 0xFF, 0xE0, 0x01, 0xFF, 0xF8,
    0x00, 0x7F, 0xFE, 0x00, 0x0F, 0xFF, 0x80, 0x01, 0xFF, 0xE0, 0x00, 0x1F, 0xF8, 0x00, 0x00, 0x00,
    0x07, 0xFF, 0xFF, 0xFF, 0xF8, 0x00, 0x7F, 0xFF, 0xFF, 0xFF, 0xF0, 0x03, 0xFF, 0xFF, 0xFF, 0xFF,
    0xE0, 0x1F, 0xFF, 0xFF, 0xFF, 0xFF, 0xC0, 0x7F, 0xFF, 0xFF, 0xFF, 0xFF, 0x81, 0xFF, 0xFF, 0xFF,
    0xFF, 0xFF, 0x07, 0xFF, 0xFF, 0xFF, 0xFF, 0xFE, 0x0F, 0xFF, 0xE1, 0xFF, 0x00, 0x00, 0x3F, 0xFC,
    0x03, 0xFE, 0x00, 0x00, 0x7F, 0xE0, 0x07, 0xFC, 0x00, 0x01, 0xFF, 0x80, 0x0F, 0xF8, 0x00, 0x03,
    0xFE, 0x00, 0x1F, 0xF0, 0x00, 0x07, 0xFC, 0x00, 0x3F, 0xE0, 0x00, 0x1F, 0xF0, 0x00, 0x7F, 0xFF,
    0xFE, 0x3F, 0xE0, 0x00, 0xFF, 0xFF, 0xFC, 0x7F, 0xC0, 0x01, 0xFF, 0xFF, 0xF8, 0xFF, 0x80, 0x03,
    0xFF, 0xFF, 0xF1, 0xFF, 0x00, 0x07, 0xFF, 0xFF, 0xE3, 0xFE, 0x00, 0x0F, 0xFF, 0xFF, 0xC7, 0xFC,
    0x00, 0x1F, 0xFF, 0xFF, 0x8F, 0xF8, 0x00, 0x3F, 0xE0, 0x00, 0x1F, 0xF0, 0x00, 0x7F, 0xC0, 0x00,
    0x1F, 0xF0, 0x00, 0xFF, 0x80, 0x00, 0x3F, 0xE0, 0x01, 0xFF, 0x00, 0x00, 0x7F, 0xE0, 0x03, 0xFE,
    0x00, 0x00, 0x7F, 0xE0, 0x07, 0xFC, 0x00, 0x00, 0xFF, 0xF0, 0x0F, 0xF8, 0x00, 0x00, 0xFF, 0xFE,
    0x1F, 0xF0, 0x00, 0x01, 0xFF, 0xFF, 0xFF, 0xFF, 0xFF, 0xC1, 0xFF, 0xFF, 0xFF, 0xFF, 0xFF, 0x81,
    0xFF, 0xFF, 0xFF, 0xFF, 0xFF, 0x01, 0xFF, 0xFF, 0xFF, 0xFF, 0xFE, 0x00, 0xFF, 0xFF, 0xFF, 0xFF,
    0xFC, 0x00, 0x7F, 0xFF, 0xFF, 0xFF, 0xF8, 0x00, 0x1F, 0xFF, 0xFF, 0xFF, 0xF0, 0x00, 0xFF, 0xC0,
    0x3F, 0xF0, 0x00, 0x7F, 0xFE, 0x1F, 0xFF, 0x80, 0x1F, 0xFF, 0xE7, 0xFF, 0xF8, 0x07, 0xFF, 0xFF,
    0xFF, 0xFF, 0x81, 0xFF, 0xFF, 0xFF, 0xFF, 0xF8, 0x7F, 0xFF, 0xFF, 0xFF, 0xFF, 0x0F, 0xFC, 0xFF,
    0xFE, 0x3F, 0xF3, 0xFE, 0x07, 0xFF, 0x01, 0xFE, 0x7F, 0x80, 0x7F, 0xE0, 0x3F, 0xDF, 0xF0, 0x0F,
    0xF8, 0x03, 0xFF, 0xFE, 0x00, 0xFF, 0x00, 0x7F, 0xFF, 0x80, 0x1F, 0xFF, 0xFF, 0xFF, 0xF0, 0x03,
    0xFF, 0xFF, 0xFF, 0xFE, 0x00, 0x7F, 0xFF, 0xFF, 0xFF, 0xC0, 0x0F, 0xFF, 0xFF, 0xFF, 0xF8, 0x01,
    0xFF, 0xFF, 0xFF, 0xFF, 0x00, 0x3F, 0xC0, 0x00, 0x1F, 0xF0, 0x07, 0xF8, 0x00, 0x03, 0xFE, 0x01,
    0xFF, 0x80, 0x00, 0x3F, 0xC0, 0x3F, 0xF0, 0x00, 0x07, 0xFC, 0x0F, 0xFF, 0x00, 0x00, 0x7F, 0xE7,
    0xFF, 0xFC, 0x3F, 0x0F, 0xFF, 0xFF, 0xFF, 0xFF, 0xE0, 0xFF, 0xFF, 0xFF, 0xFF, 0xFC, 0x0F, 0xFF,
    0xFF, 0xFF, 0xFF, 0x80, 0xFF, 0xFF, 0x3F, 0xFF, 0xF0, 0x0F, 0xFF, 0x83, 0xFF, 0xFE, 0x00, 0x7F,
    0xC0, 0x1F, 0xFF, 0x00, 0x00, 0xC0, 0x30, 0x00, 0x1E, 0x0F, 0x00, 0x07, 0xE3, 0xF0, 0x01, 0xFF,
    0xFE, 0x00, 0x1F, 0xFF, 0x80, 0x00, 0xFF, 0xE0, 0x00, 0x0F, 0xF8, 0x00, 0x00, 0xFE, 0x00, 0x00,
    0x0F, 0x80, 0x00, 0x00, 0xC0, 0x00, 0x00, 0x00, 0x00, 0x00, 0x3F, 0xFC, 0x00, 0x3F, 0xFF, 0xE0,
    0x0F, 0xFF, 0xFF, 0x03, 0xFF, 0xFF, 0xC0, 0xFF, 0xFF, 0xF8, 0x3F, 0xFF, 0xFF, 0x07, 0xFF, 0xFF,
    0xC0, 0xFF, 0xE1, 0xF8, 0x3F, 0xE0, 0x07, 0x07, 0xFC, 0x00, 0x00, 0xFF, 0x80, 0x00, 0x1F, 0xF0,
    0x00, 0x03, 0xFF, 0x00, 0x00, 0x7F, 0xF8, 0x00, 0x07, 0xFF, 0xE0, 0x00, 0xFF, 0xFF, 0x00, 0x0F,
    0xFF, 0xF8, 0x00, 0xFF, 0xFF, 0xC0, 0x0F, 0xFF, 0xFC, 0x00, 0xFF, 0xFF, 0xC0, 0x03, 0xFF, 0xFC,
    0x00, 0x1F, 0xFF, 0x80, 0x00, 0x7F, 0xF8, 0x00, 0x03, 0xFF, 0x00, 0x00, 0x3F, 0xE0, 0x00, 0x03,
    0xFC, 0x00, 0x00, 0x7F, 0x80, 0x00, 0x1F, 0xF1, 0xE0, 0x03, 0xFE, 0x3F, 0xC3, 0xFF, 0xC7, 0xFF,
    0xFF, 0xF9, 0xFF, 0xFF, 0xFE, 0x3F, 0xFF, 0xFF, 0xC7, 0xFF, 0xFF, 0xF0, 0xFF, 0xFF, 0xFC, 0x0F,
    0xFF, 0xFE, 0x00, 0x3F, 0xFF, 0x00, 0x03, 0x00, 0xC0, 0x1E, 0x07, 0x80, 0xFE, 0x7F, 0x03, 0xFF,
    0xFC, 0x07, 0xFF, 0xE0, 0x0F, 0xFF, 0x00, 0x1F, 0xF8, 0x00, 0x1F, 0x80, 0x00, 0x3C, 0x00, 0x00,
    0x60, 0x00, 0x00, 0x00, 0x00, 0x00, 0x00, 0x01, 0xFF, 0xE0, 0x1F, 0xFF, 0xC0, 0xFF, 0xFF, 0x07,
    0xFF, 0xFC, 0x3F, 0xFF, 0xF0, 0xFF, 0xFF, 0x87, 0xFE, 0x3E, 0x1F, 0xF0, 0x00, 0x7F, 0x80, 0x01,
    0xFF, 0x00, 0x03, 0xFF, 0x80, 0x0F, 0xFF, 0xC0, 0x3F, 0xFF, 0xC0, 0x7F, 0xFF, 0x80, 0xFF, 0xFF,
    0x01, 0xFF, 0xFE, 0x01, 0xFF, 0xF8, 0x00, 0xFF, 0xE0, 0x00, 0xFF, 0xC0, 0x01, 0xFF, 0x30, 0x07,
    0xFC, 0xFC, 0x3F, 0xE7, 0xFF, 0xFF, 0x9F, 0xFF, 0xFE, 0x7F, 0xFF, 0xF1, 0xFF, 0xFF, 0x87, 0xFF,
    0xFC, 0x07, 0xFF, 0xC0, 0x00, 0xF8, 0x0F, 0x80, 0x00, 0xFE, 0x0F, 0xE0, 0x00, 0x7F, 0x8F, 0xF0,
    0x00, 0x3F, 0xC7, 0xF8, 0x00, 0x1F, 0xE3, 0xFC, 0x00, 0x0F, 0xF1, 0xFE, 0x00, 0x07, 0xF0, 0x7F,
    0x00, 0x01, 0xF0, 0x1F, 0x00, 0x00, 0x00, 0x00, 0x00, 0x00, 0x00, 0x00, 0x00, 0x00, 0x00, 0x00,
    0x00, 0x1F, 0xF8, 0x00, 0x1F, 0xF7, 0xFC, 0x00, 0x1F, 0xF3, 0xFF, 0x00, 0x0F, 0xF8, 0xFF, 0x80,
    0x0F, 0xF8, 0x7F, 0xE0, 0x07, 0xFC, 0x1F, 0xF0, 0x07, 0xFC, 0x0F, 0xFC, 0x03, 0xFE, 0x03, 0xFE,
    0x03, 0xFE, 0x01, 0xFF, 0x83, 0xFF, 0x00, 0x7F, 0xE1, 0xFF, 0x00, 0x3F, 0xF1, 0xFF, 0x80, 0x0F,
    0xFC, 0xFF, 0x80, 0x03, 0xFE, 0xFF, 0x80, 0x01, 0xFF, 0xFF, 0xC0, 0x00, 0x7F, 0xFF, 0xC0, 0x00,
    0x3F, 0xFF, 0xE0, 0x00, 0x0F, 0xFF, 0xE0, 0x00, 0x03, 0xFF, 0xE0, 0x00, 0x01, 0xFF, 0xF0, 0x00,
    0x00, 0x7F, 0xF0, 0x00, 0x00, 0x3F, 0xF8, 0x00, 0x00, 0x0F, 0xF8, 0x00, 0x00, 0x07, 0xFC, 0x00,
    0x00, 0x03, 0xFE, 0x00, 0x00, 0x01, 0xFF, 0x00, 0x00, 0x00, 0xFF, 0x80, 0x00, 0x00, 0x7F, 0xC0,
    0x00, 0x00, 0x3F, 0xE0, 0x00, 0x00, 0x1F, 0xF0, 0x00, 0x00, 0x0F, 0xF8, 0x00, 0x00, 0x07, 0xFC,
    0x00, 0x00, 0x03, 0xFE, 0x00, 0x00, 0x01, 0xFF, 0x00, 0x00, 0x00, 0xFF, 0x80, 0x00, 0x00, 0x7F,
    0xC0, 0x00, 0x00, 0x60, 0x30, 0x00, 0x0F, 0x07, 0x80, 0x01, 0xF8, 0xFC, 0x00, 0x1F, 0xFF, 0xE0,
    0x00, 0xFF, 0xF8, 0x00, 0x07, 0xFF, 0x00, 0x00, 0x3F, 0xE0, 0x00, 0x01, 0xFC, 0x00, 0x00, 0x0F,
    0x80, 0x00, 0x00, 0x70, 0x00, 0x00, 0x00, 0x00, 0x00, 0x00, 0x00, 0x00, 0x7F, 0xFF, 0xFF, 0xF7,
    0xFF, 0xFF, 0xFF, 0x7F, 0xFF, 0xFF, 0xF7, 0xFF, 0xFF, 0xFF, 0x7F, 0xFF, 0xFF, 0xF7, 0xFF, 0xFF,
    0xFF, 0x7F, 0xFF, 0xFF, 0xE0, 0x00, 0x0F, 0xFC, 0x00, 0x01, 0xFF, 0x80, 0x00, 0x1F, 0xF8, 0x00,
    0x03, 0xFF, 0x00, 0x00, 0x7F, 0xE0, 0x00, 0x0F, 0xFC, 0x00, 0x01, 0xFF, 0x80, 0x00, 0x1F, 0xF0,
    0x00, 0x03, 0xFF, 0x00, 0x00, 0x7F, 0xE0, 0x00, 0x0F, 0xFC, 0x00, 0x00, 0xFF, 0x80, 0x00, 0x1F,
    0xF8, 0x00, 0x03, 0xFF, 0x00, 0x00, 0x3F, 0xE0, 0x00, 0x07, 0xFC, 0x00, 0x00, 0xFF, 0xC0, 0x00,
    0x0F, 0xF8, 0x00, 0x01, 0xFF, 0x00, 0x00, 0x3F, 0xF0, 0x00, 0x03, 0xFE, 0x00, 0x00, 0x7F, 0xFF,
    0xFF, 0xF7, 0xFF, 0xFF, 0xFF, 0xFF, 0xFF, 0xFF, 0xFF, 0xFF, 0xFF, 0xFF, 0xFF, 0xFF, 0xFF, 0xFF,
    0xFF, 0xFF, 0xFF, 0xFF, 0xFF, 0xFF, 0xF0, 0x03, 0x00, 0xC0, 0x0F, 0x07, 0xC0, 0x3F, 0x9F, 0x80,
    0x7F, 0xFF, 0x80, 0x7F, 0xFE, 0x00, 0x7F, 0xF8, 0x00, 0x7F, 0xC0, 0x00, 0x7F, 0x00, 0x00, 0x3C,
    0x00, 0x00, 0x30, 0x00, 0x00, 0x00, 0x00, 0x00, 0x00, 0x00, 0x00, 0x00, 0x0F, 0xFF, 0xFF, 0xDF,
    0xFF, 0xFF, 0xBF, 0xFF, 0xFF, 0x7F, 0xFF, 0xFE, 0xFF, 0xFF, 0xFD, 0xFF, 0xFF, 0xF0, 0x00, 0x7F,
    0xC0, 0x01, 0xFF, 0x00, 0x07, 0xFC, 0x00, 0x1F, 0xF8, 0x00, 0x7F, 0xE0, 0x00, 0xFF, 0x80, 0x03,
    0xFE, 0x00, 0x0F, 0xF8, 0x00, 0x3F, 0xE0, 0x00, 0x7F, 0xC0, 0x01, 0xFF, 0x00, 0x07, 0xFC, 0x00,
    0x1F, 0xF0, 0x00, 0x3F, 0xE0, 0x00, 0xFF, 0xFF, 0xFD, 0xFF, 0xFF, 0xFF, 0xFF, 0xFF, 0xFF, 0xFF,
    0xFF, 0xFF, 0xFF, 0xFF, 0xFF, 0xFF, 0xFF, 0x80, 0x00, 0x03, 0xFF, 0x00, 0x03, 0xFF, 0xF0, 0x03,
    0xFF, 0xFC, 0x00, 0xFF, 0xFE, 0x00, 0x7F, 0xFF, 0x80, 0x3F, 0xFF, 0xE0, 0x0F, 0xFC, 0x70, 0x03,
    0xFC, 0x00, 0x01, 0xFF, 0x00, 0x00, 0x7F, 0xC0, 0x00, 0x1F, 0xE0, 0x00, 0x07, 0xF8, 0x00, 0x01,
    0xFE, 0x00, 0x00, 0x7F, 0xFF, 0xE0, 0x1F, 0xFF, 0xF8, 0x07, 0xFF, 0xFE, 0x01, 0xFF, 0xFF, 0x80,
    0x7F, 0xFF, 0xE0, 0x1F, 0xFF, 0xF8, 0x07, 0xF8, 0x00, 0x01, 0xFE, 0x00, 0x00, 0x7F, 0x80, 0x00,
    0x1F, 0xE0, 0x00, 0x07, 0xF8, 0x00, 0x01, 0xFE, 0x00, 0x00, 0x7F, 0x80, 0x00, 0x1F, 0xE0, 0x00,
    0x07, 0xF8, 0x00, 0x01, 0xFE, 0x00, 0x00, 0x7F, 0x80, 0x00, 0x1F, 0xE0, 0x00, 0x07, 0xF8, 0x00,
    0x01, 0xFE, 0x00, 0x00, 0x7F, 0x80, 0x00, 0x1F, 0xE0, 0x00, 0x07, 0xF8, 0x00, 0x01, 0xFE, 0x00,
    0x00, 0x7F, 0x80, 0x00, 0x1F, 0xE0, 0x00, 0x07, 0xF8, 0x00, 0x01, 0xFE, 0x00, 0x19, 0xFF, 0x80,
    0x07, 0xFF, 0xE0, 0x01, 0xFF, 0xF0, 0x00, 0x7F, 0xFC, 0x00, 0x3F, 0xFE, 0x00, 0x0F, 0xFF, 0x00,
    0x03, 0xFF, 0x00, 0x00, 0x01, 0x80, 0x03, 0xC0, 0x0F, 0xE0, 0x1F, 0xF8, 0x3F, 0xFC, 0x7F, 0xFE,
    0xFF, 0xFF, 0xFE, 0x7F, 0x78, 0x1E, 0x30, 0x0C, 0x1F, 0x83, 0x07, 0xFC, 0xF9, 0xFF, 0xFF, 0xFF,
    0xFF, 0xEF, 0xFF, 0xFC, 0xFB, 0xFF, 0x0E, 0x0F, 0xC0, 0x07, 0xF8, 0x0F, 0xFE, 0x0F, 0xFF, 0x87,
    0xFF, 0xE7, 0xFF, 0xF3, 0xFB, 0xFF, 0xF8, 0x7F, 0xF8, 0x3F, 0xFC, 0x1F, 0x80, 0xFF, 0xFF, 0xFF,
    0xFF, 0xFF, 0xFF, 0xFF, 0xFF, 0xFF, 0xFF, 0xFF, 0xFF, 0xFF, 0xFF, 0xFF, 0xFF, 0xFF, 0xFF, 0xFC,
    0xFF, 0xFF, 0xFF, 0xFF, 0xFF, 0xFF, 0xFF, 0xFF, 0xFF, 0xFF, 0xFF, 0xFF, 0xFF, 0xFF, 0xFF, 0xFF,
    0xFF, 0xFF, 0xFF, 0xFF, 0xFF, 0xFF, 0xFF, 0xFF, 0xFF, 0xFF, 0xFF, 0xFF, 0xFF, 0xFF, 0xFF, 0xFF,
    0xFF, 0xFF, 0xFF, 0xFF, 0xFF, 0xF0, 0xFF, 0xFF, 0xFF, 0xFF, 0xFF, 0xFF, 0xFF, 0xFF, 0xFF, 0xFF,
    0xFF, 0xFF, 0xFF, 0xFF, 0xFF, 0xFF, 0xFF, 0xFF, 0xFF, 0xFF, 0xFF, 0xFF, 0xFF, 0xFF, 0xFF, 0xFF,
    0xFF, 0xFF, 0xFF, 0xFF, 0xFF, 0xFF, 0xFF, 0xFF, 0xFF, 0xFF, 0xFF, 0xF0, 0x1F, 0x07, 0xF3, 0xF8,
    0xFE, 0x7F, 0x9F, 0xCF, 0xF3, 0xFC, 0xFF, 0x3F, 0xCF, 0xF3, 0xFC, 0xFF, 0x3F, 0xC0, 0x3F, 0xC7,
    0xF8, 0xFF, 0x9F, 0xE3, 0xFC, 0x7F, 0x8F, 0xF1, 0xFE, 0x3F, 0xC7, 0xF1, 0xFE, 0x3F, 0x87, 0xF0,
    0xFC, 0x0F, 0x80, 0x3F, 0xC7, 0xF8, 0xFF, 0x9F, 0xE3, 0xFC, 0x7F, 0x8F, 0xF1, 0xFE, 0x3F, 0xC7,
    0xF1, 0xFE, 0x3F, 0x87, 0xF0, 0xFC, 0x0F, 0x80, 0x1F, 0x03, 0xE1, 0xF8, 0x7F, 0x3F, 0x87, 0xF3,
    0xF8, 0xFE, 0x7F, 0x0F, 0xE7, 0xF1, 0xFE, 0xFF, 0x1F, 0xEF, 0xF1, 0xFE, 0xFF, 0x1F, 0xCF, 0xF3,
    0xFC, 0xFF, 0x3F, 0xCF, 0xE3, 0xFC, 0xFF, 0x3F, 0xCF, 0xF1, 0xFC, 0x3F, 0xC7, 0xF9, 0xFE, 0x3F,
    0xCF, 0xF1, 0xFE, 0x7F, 0x8F, 0xF3, 0xFC, 0x7F, 0x9F, 0xE3, 0xFC, 0xFF, 0x1F, 0xE7, 0xF8, 0xFE,
    0x3F, 0x87, 0xF1, 0xFC, 0x7F, 0x9F, 0xE3, 0xF8, 0xFE, 0x1F, 0xC7, 0xF0, 0xFE, 0x3F, 0x0F, 0xE0,
    0xF8, 0x1E, 0x00, 0x3F, 0xC7, 0xF9, 0xFE, 0x3F, 0xCF, 0xF1, 0xFE, 0x7F, 0x8F, 0xF3, 0xFC, 0x7F,
    0x9F, 0xE3, 0xFC, 0xFF, 0x1F, 0xE7, 0xF8, 0xFE, 0x3F, 0x87, 0xF1, 0xFC, 0x7F, 0x9F, 0xE3, 0xF8,
    0xFE, 0x1F, 0xC7, 0xF0, 0xFE, 0x3F, 0x0F, 0xE0, 0xF8, 0x1E, 0x00, 0x00, 0xFE, 0x00, 0x03, 0xF8,
    0x00, 0x0F, 0xE0, 0x00, 0x3F, 0x80, 0x00, 0xFE, 0x00, 0x03, 0xF8, 0x00, 0x0F, 0xE0, 0x00, 0x3F,
    0x80, 0x00, 0xFE, 0x00, 0x03, 0xF8, 0x0F, 0xFF, 0xFF, 0xFF, 0xFF, 0xFF, 0xFF, 0xFF, 0xFF, 0xFF,
    0xFF, 0xFF, 0xFF, 0xFF, 0xFF, 0xFF, 0xFF, 0x00, 0xFE, 0x00, 0x03, 0xF8, 0x00, 0x0F, 0xE0, 0x00,
    0x3F, 0x80, 0x00, 0xFE, 0x00, 0x03, 0xF8, 0x00, 0x0F, 0xE0, 0x00, 0x3F, 0x80, 0x00, 0xFE, 0x00,
    0x03, 0xF8, 0x00, 0x0F, 0xE0, 0x00, 0x3F, 0x80, 0x00, 0xFE, 0x00, 0x03, 0xF8, 0x00, 0x0F, 0xE0,
    0x00, 0x3F, 0x80, 0x00, 0xFE, 0x00, 0x03, 0xF8, 0x00, 0x0F, 0xE0, 0x00, 0x3F, 0x00, 0x00, 0xFC,
    0x00, 0x03, 0xF0, 0x00, 0x07, 0xC0, 0x00, 0x1F, 0x00, 0x00, 0x7C, 0x00, 0x01, 0xF0, 0x00, 0x00,
    0xFE, 0x00, 0x03, 0xF8, 0x00, 0x0F, 0xE0, 0x00, 0x3F, 0x80, 0x00, 0xFE, 0x00, 0x03, 0xF8, 0x00,
    0x0F, 0xE0, 0x00, 0x3F, 0x80, 0x00, 0xFE, 0x00, 0x03, 0xF8, 0x0F, 0xFF, 0xFF, 0xFF, 0xFF, 0xFF,
    0xFF, 0xFF, 0xFF, 0xFF, 0xFF, 0xFF, 0xFF, 0xFF, 0xFF, 0xFF, 0xFF, 0x00, 0xFE, 0x00, 0x03, 0xF8,
    0x00, 0x0F, 0xE0, 0x00, 0x3F, 0x80, 0x00, 0xFE, 0x00, 0x03, 0xF8, 0x00, 0x0F, 0xE0, 0x00, 0x3F,
    0x80, 0xFF, 0xFF, 0xFF, 0xFF, 0xFF, 0xFF, 0xFF, 0xFF, 0xFF, 0xFF, 0xFF, 0xFF, 0xFF, 0xFF, 0xFF,
    0xFF, 0xF0, 0x0F, 0xE0, 0x00, 0x3F, 0x80, 0x00, 0xFE, 0x00, 0x03, 0xF8, 0x00, 0x0F, 0xE0, 0x00,
    0x3F, 0x00, 0x00, 0xFC, 0x00, 0x03, 0xF0, 0x00, 0x0F, 0xC0, 0x00, 0x1F, 0x00, 0x00, 0x7C, 0x00,
    0x01, 0xF0, 0x00, 0x07, 0xF0, 0x1F, 0xF8, 0x3F, 0xFC, 0x7F, 0xFE, 0x7F, 0xFE, 0x7F, 0xFE, 0x7F,
    0xFF, 0x7F, 0xFF, 0x7F, 0xFE, 0x7F, 0xFE, 0x7F, 0xFE, 0x3F, 0xFC, 0x1F, 0xF8, 0x0F, 0xF0, 0x3F,
    0x00, 0x1F, 0x80, 0x0F, 0xC7, 0xF8, 0x03, 0xFC, 0x01, 0xFE, 0xFF, 0x80, 0x7F, 0xE0, 0x1F, 0xFF,
    0xFC, 0x07, 0xFE, 0x03, 0xFF, 0xFF, 0xC0, 0x7F, 0xE0, 0x3F, 0xFF, 0xFC, 0x07, 0xFE, 0x03, 0xFF,
    0xFF, 0x80, 0x7F, 0xE0, 0x1F, 0xF7, 0xF8, 0x03, 0xFC, 0x01, 0xFE, 0x3F, 0x00, 0x1F, 0x80, 0x0F,
    0xC0, 0x07, 0xFC, 0x00, 0x00, 0x00, 0x00, 0x00, 0x00, 0x0F, 0xFE, 0x00, 0x0F, 0xE0, 0x00, 0x00,
    0x00, 0x1F, 0xFF, 0x00, 0x1F, 0xE0, 0x00, 0x00, 0x00, 0x3F, 0xFF, 0x80, 0x3F, 0xC0, 0x00, 0x00,
    0x00, 0x7F, 0xFF, 0xC0, 0x3F, 0xC0, 0x00, 0x00, 0x00, 0x7F, 0xBF, 0xC0, 0x7F, 0x80, 0x00, 0x00,
    0x00, 0x7F, 0x0F, 0xC0, 0x7F, 0x00, 0x00, 0x00, 0x00, 0x7E, 0x0F, 0xE0, 0xFF, 0x00, 0x00, 0x00,
    0x00, 0xFE, 0x0F, 0xE0, 0xFE, 0x00, 0x00, 0x00, 0x00, 0xFE, 0x0F, 0xE1, 0xFE, 0x00, 0x00, 0x00,
    0x00, 0xFE, 0x0F, 0xE3, 0xFC, 0x00, 0x00, 0x00, 0x00, 0xFE, 0x0F, 0xE3, 0xFC, 0x00, 0x00, 0x00,
    0x00, 0x7E, 0x0F, 0xE7, 0xF8, 0x00, 0x00, 0x00, 0x00, 0x7F, 0x0F, 0xC7, 0xF8, 0x00, 0x00, 0x00,
    0x00, 0x7F, 0xBF, 0xCF, 0xF0, 0x00, 0x00, 0x00, 0x00, 0x7F, 0xFF, 0xCF, 0xE0, 0x00, 0x00, 0x00,
    0x00, 0x3F, 0xFF, 0x9F, 0xE0, 0x00, 0x00, 0x00, 0x00, 0x1F, 0xFF, 0x1F, 0xC3, 0xFC, 0x00, 0x3F,
    0xE0, 0x0F, 0xFE, 0x3F, 0xC7, 0xFF, 0x00, 0x7F, 0xF0, 0x07, 0xFC, 0x7F, 0x9F, 0xFF, 0x80, 0xFF,
    0xF8, 0x00, 0x00, 0x7F, 0x9F, 0xFF, 0xC1, 0xFF, 0xFC, 0x00, 0x00, 0xFF, 0x3F, 0xFF, 0xC3, 0xFF,
    0xFC, 0x00, 0x00, 0xFF, 0x3F, 0xDF, 0xE3, 0xFD, 0xFE, 0x00, 0x01, 0xFE, 0x7F, 0x0F, 0xE3, 0xF0,
    0xFE, 0x00, 0x01, 0xFC, 0x7F, 0x07, 0xE7, 0xF0, 0x7E, 0x00, 0x03, 0xFC, 0x7F, 0x07, 0xE7, 0xF0,
    0x7F, 0x00, 0x03, 0xF8, 0x7E, 0x07, 0xE7, 0xF0, 0x7F, 0x00, 0x07, 0xF8, 0x7E, 0x07, 0xE7, 0xF0,
    0x7F, 0x00, 0x0F, 0xF0, 0x7F, 0x07, 0xE7, 0xF0, 0x7F, 0x00, 0x0F, 0xF0, 0x7F, 0x07, 0xE7, 0xF0,
    0x7E, 0x00, 0x1F, 0xE0, 0x7F, 0x0F, 0xE3, 0xF0, 0xFE, 0x00, 0x1F, 0xE0, 0x3F, 0xDF, 0xE3, 0xFD,
    0xFE, 0x00, 0x3F, 0xC0, 0x3F, 0xFF, 0xC3, 0xFF, 0xFC, 0x00, 0x3F, 0x80, 0x1F, 0xFF, 0xC1, 0xFF,
    0xFC, 0x00, 0x7F, 0x80, 0x1F, 0xFF, 0x80, 0xFF, 0xF8, 0x00, 0x7F, 0x00, 0x07, 0xFF, 0x00, 0x7F,
    0xF0, 0x00, 0x00, 0x00, 0x03, 0xFC, 0x00, 0x3F, 0xE0, 0x00, 0x80, 0x07, 0x80, 0x3F, 0xC0, 0xFF,
    0x07, 0xF8, 0x3F, 0xE0, 0xFF, 0x07, 0xFC, 0x3F, 0xE0, 0xFF, 0x87, 0xFC, 0x3F, 0xF0, 0xFF, 0x83,
    0xFF, 0x07, 0xFC, 0x0F, 0xF8, 0x3F, 0xE0, 0x7F, 0xC0, 0xFF, 0x03, 0xFE, 0x07, 0xF8, 0x0F, 0xF0,
    0x3F, 0xC0, 0x78, 0x00, 0x80, 0x06, 0x00, 0x3C, 0x01, 0xFC, 0x07, 0xFC, 0x07, 0xF8, 0x0F, 0xF8,
    0x0F, 0xF8, 0x1F, 0xF0, 0x1F, 0xF0, 0x1F, 0xF0, 0x3F, 0xE0, 0x3F, 0xE0, 0x7F, 0xE0, 0xFF, 0x83,
    0xFE, 0x07, 0xFC, 0x1F, 0xF0, 0x7F, 0xC0, 0xFF, 0x83, 0xFE, 0x07, 0xF8, 0x1F, 0xF0, 0x1F, 0xC0,
    0x0F, 0x00, 0x06, 0x00, 0x00, 0x00, 0x3F, 0x80, 0x00, 0x1F, 0xE0, 0x00, 0x07, 0xF0, 0x00, 0x03,
    0xFC, 0x00, 0x00, 0xFE, 0x00, 0x00, 0x7F, 0x80, 0x00, 0x1F, 0xC0, 0x00, 0x0F, 0xF0, 0x00, 0x03,
    0xF8, 0x00, 0x01, 0xFE, 0x00, 0x00, 0x7F, 0x00, 0x00, 0x3F, 0xC0, 0x00, 0x0F, 0xE0, 0x00, 0x07,
    0xF8, 0x00, 0x01, 0xFC, 0x00, 0x00, 0xFF, 0x00, 0x00, 0x3F, 0x80, 0x00, 0x1F, 0xE0, 0x00, 0x07,
    0xF0, 0x00, 0x03, 0xFC, 0x00, 0x00, 0xFE, 0x00, 0x00, 0x7F, 0x80, 0x00, 0x1F, 0xC0, 0x00, 0x0F,
    0xF0, 0x00, 0x03, 0xF8, 0x00, 0x01, 0xFE, 0x00, 0x00, 0xFF, 0x00, 0x00, 0x3F, 0xC0, 0x00, 0x1F,
    0xE0, 0x00, 0x07, 0xF8, 0x00, 0x03, 0xFC, 0x00, 0x00, 0xFF, 0x00, 0x00, 0x7F, 0x80, 0x00, 0x1F,
    0xE0, 0x00, 0x0F, 0xF0, 0x00, 0x00, 0x07, 0xF8, 0x03, 0xFF, 0x01, 0xFF, 0xE0, 0xFF, 0xFC, 0x7F,
    0x3F, 0x9F, 0x87, 0xE7, 0xE1, 0xF9, 0xF8, 0x7F, 0xFE, 0x0F, 0xFF, 0x03, 0xFF, 0xC0, 0xFF, 0xF0,
    0x3F, 0xFE, 0x0F, 0xDF, 0x87, 0xF7, 0xE1, 0xF9, 0xF8, 0x7E, 0x7F, 0x3F, 0x8F, 0xFF, 0xC1, 0xFF,
    0xE0, 0x3F, 0xF0, 0x07, 0xF8, 0x00, 0x00, 0xFC, 0x00, 0xFE, 0x00, 0xFF, 0x00, 0x7F, 0x80, 0x7F,
    0xC0, 0x7F, 0xE0, 0x7F, 0xF0, 0x3E, 0xF8, 0x3F, 0x7C, 0x3F, 0x3E, 0x1F, 0x1F, 0x1F, 0x8F, 0x8F,
    0xFF, 0xFF, 0xFF, 0xFF, 0xFF, 0xFF, 0xFF, 0xFF, 0x00, 0x7C, 0x00, 0x3E, 0x00, 0x1F, 0x00, 0x0F,
    0x80, 0x3F, 0xFE, 0x3F, 0xFE, 0x3F, 0xFE, 0x3F, 0xFE, 0x3F, 0xFE, 0x3E, 0x00, 0x3E, 0x00, 0x3E,
    0x00, 0x3F, 0xF0, 0x7F, 0xFC, 0x7F, 0xFE, 0x7F, 0xFE, 0x00, 0xFF, 0x00, 0x7F, 0x00, 0x7F, 0x70,
    0xFE, 0x7F, 0xFE, 0xFF, 0xFE, 0xFF, 0xFC, 0x7F, 0xF0, 0x00, 0xFE, 0x03, 0xFE, 0x0F, 0xFE, 0x1F,
    0xFE, 0x3F, 0xF8, 0x3F, 0x80, 0x7E, 0x00, 0x7F, 0xF8, 0x7F, 0xFC, 0xFF, 0xFE, 0xFF, 0xFF, 0xFE,
    0x7F, 0xFC, 0x3F, 0xFC, 0x3F, 0x7C, 0x3F, 0x7F, 0x7F, 0x7F, 0xFE, 0x3F, 0xFE, 0x1F, 0xFC, 0x0F,
    0xF0, 0xFF, 0xFF, 0xFF, 0xFF, 0xFF, 0xFF, 0xFF, 0xFF, 0x00, 0x7E, 0x00, 0xFE, 0x01, 0xFC, 0x01,
    0xFC, 0x03, 0xF8, 0x03, 0xF8, 0x03, 0xF0, 0x07, 0xF0, 0x07, 0xE0, 0x07, 0xE0, 0x0F, 0xE0, 0x0F,
    0xE0, 0x0F, 0xC0, 0x0F, 0xC0, 0x0F, 0xC0, 0x1F, 0xC0, 0x0F, 0xF8, 0x1F, 0xFE, 0x1F, 0xFF, 0x8F,
    0xFF, 0xEF, 0xE7, 0xF7, 0xE1, 0xFB, 0xF0, 0xFD, 0xFC, 0x7E, 0x7F, 0xFE, 0x1F, 0xFE, 0x0F, 0xFF,
    0x0F, 0xFF, 0xC7, 0xEF, 0xF7, 0xE1, 0xFB, 0xF0, 0xFD, 0xF8, 0x7E, 0xFE, 0x7F, 0x7F, 0xFF, 0x9F,
    0xFF, 0x87, 0xFF, 0xC1, 0xFF, 0x80, 0x0F, 0xF0, 0x3F, 0xF8, 0x3F, 0xFC, 0x7F, 0xFE, 0x7E, 0x7E,
    0xFC, 0x3F, 0xFC, 0x3F, 0xFC, 0x3F, 0xFE, 0x7F, 0x7F, 0xFF, 0x7F, 0xFF, 0x3F, 0xFF, 0x1F, 0xFE,
    0x00, 0x7E, 0x00, 0xFE, 0x0F, 0xFC, 0x7F, 0xF8, 0x3F, 0xF0, 0x3F, 0xE0, 0x3F, 0x00, 0x07, 0xF8,
    0x03, 0xFF, 0x01, 0xFF, 0xE0, 0xFF, 0xFC, 0x7F, 0x3F, 0x9F, 0x87, 0xE7, 0xE1, 0xF9, 0xF8, 0x7F,
    0xFE, 0x0F, 0xFF, 0x03, 0xFF, 0xC0, 0xFF, 0xF0, 0x3F, 0xFE, 0x0F, 0xDF, 0x87, 0xF7, 0xE1, 0xF9,
    0xF8, 0x7E, 0x7F, 0x3F, 0x8F, 0xFF, 0xC1, 0xFF, 0xE0, 0x3F, 0xF0, 0x07, 0xF8, 0x00, 0x01, 0xF8,
    0x3F, 0xC7, 0xFE, 0xFF, 0xF7, 0xFF, 0xBF, 0xFD, 0xFF, 0xE7, 0x3F, 0x01, 0xF8, 0x0F, 0xC0, 0x7E,
    0x03, 0xF0, 0x1F, 0x80, 0xFC, 0x07, 0xE0, 0x3F, 0x01, 0xF8, 0x0F, 0xC0, 0x7E, 0x03, 0xF0, 0x0F,
    0xF8, 0x1F, 0xFE, 0x1F, 0xFF, 0x8F, 0xFF, 0xE3, 0xE7, 0xF0, 0xC3, 0xF8, 0x01, 0xFC, 0x00, 0xFE,
    0x00, 0xFE, 0x00, 0xFF, 0x01, 0xFF, 0x01, 0xFF, 0x00, 0xFE, 0x00, 0xFE, 0x00, 0xFE, 0x00, 0x7F,
    0xFE, 0x3F, 0xFF, 0x3F, 0xFF, 0x9F, 0xFF, 0xCF, 0xFF, 0xE0, 0x1F, 0xF0, 0x7F, 0xFC, 0x7F, 0xFE,
    0x3F, 0xFE, 0x3C, 0xFE, 0x00, 0x7E, 0x00, 0x7E, 0x00, 0x7E, 0x00, 0xFE, 0x07, 0xFC, 0x07, 0xFE,
    0x07, 0xFE, 0x07, 0xFF, 0x00, 0xFF, 0x00, 0x3F, 0x00, 0x3F, 0x7C, 0x7F, 0x7F, 0xFF, 0x7F, 0xFE,
    0x7F, 0xFC, 0x3F, 0xF0, 0x00, 0xFC, 0x00, 0xFE, 0x00, 0xFF, 0x00, 0x7F, 0x80, 0x7F, 0xC0, 0x7F,
    0xE0, 0x7F, 0xF0, 0x3E, 0xF8, 0x3F, 0x7C, 0x3F, 0x3E, 0x1F, 0x1F, 0x1F, 0x8F, 0x8F, 0xFF, 0xFF,
    0xFF, 0xFF, 0xFF, 0xFF, 0xFF, 0xFF, 0x00, 0x7C, 0x00, 0x3E, 0x00, 0x1F, 0x00, 0x0F, 0x80, 0x3F,
    0xFE, 0x3F, 0xFE, 0x3F, 0xFE, 0x3F, 0xFE, 0x3F, 0xFE, 0x3E, 0x00, 0x3E, 0x00, 0x3E, 0x00, 0x3F,
    0xF0, 0x7F, 0xFC, 0x7F, 0xFE, 0x7F, 0xFE, 0x00, 0xFF, 0x00, 0x7F, 0x00, 0x7F, 0x70, 0xFE, 0x7F,
    0xFE, 0xFF, 0xFE, 0xFF, 0xFC, 0x7F, 0xF0, 0x00, 0xFE, 0x03, 0xFE, 0x0F, 0xFE, 0x1F, 0xFE, 0x3F,
    0xF8, 0x3F, 0x80, 0x7E, 0x00, 0x7F, 0xF8, 0x7F, 0xFC, 0xFF, 0xFE, 0xFF, 0xFF, 0xFE, 0x7F, 0xFC,
    0x3F, 0xFC, 0x3F, 0x7C, 0x3F, 0x7F, 0x7F, 0x7F, 0xFE, 0x3F, 0xFE, 0x1F, 0xFC, 0x0F, 0xF0, 0xFF,
    0xFF, 0xFF, 0xFF, 0xFF, 0xFF, 0xFF, 0xFF, 0x00, 0x7E, 0x00, 0xFE, 0x01, 0xFC, 0x01, 0xFC, 0x03,
    0xF8, 0x03, 0xF8, 0x03, 0xF0, 0x07, 0xF0, 0x07, 0xE0, 0x07, 0xE0, 0x0F, 0xE0, 0x0F, 0xE0, 0x0F,
    0xC0, 0x0F, 0xC0, 0x0F, 0xC0, 0x1F, 0xC0, 0x0F, 0xF8, 0x1F, 0xFE, 0x1F, 0xFF, 0x8F, 0xFF, 0xEF,
    0xE7, 0xF7, 0xE1, 0xFB, 0xF0, 0xFD, 0xFC, 0x7E, 0x7F, 0xFE, 0x1F, 0xFE, 0x0F, 0xFF, 0x0F, 0xFF,
    0xC7, 0xEF, 0xF7, 0xE1, 0xFB, 0xF0, 0xFD, 0xF8, 0x7E, 0xFE, 0x7F, 0x7F, 0xFF, 0x9F, 0xFF, 0x87,
    0xFF, 0xC1, 0xFF, 0x80, 0x0F, 0xF0, 0x3F, 0xF8, 0x3F, 0xFC, 0x7F, 0xFE, 0x7E, 0x7E, 0xFC, 0x3F,
    0xFC, 0x3F, 0xFC, 0x3F, 0xFE, 0x7F, 0x7F, 0xFF, 0x7F, 0xFF, 0x3F, 0xFF, 0x1F, 0xFE, 0x00, 0x7E,
    0x00, 0xFE, 0x0F, 0xFC, 0x7F, 0xF8, 0x3F, 0xF0, 0x3F, 0xE0, 0x3F, 0x00, 0x00, 0x07, 0xFF, 0x00,
    0x03, 0xFF, 0xF8, 0x01, 0xFF, 0xFE, 0x00, 0x7F, 0xFF, 0xC0, 0x1F, 0xFF, 0xF8, 0x07, 0xFF, 0xFF,
    0x00, 0xFF, 0xE3, 0xC0, 0x3F, 0xE0, 0x00, 0x07, 0xF8, 0x00, 0x01, 0xFF, 0x00, 0x00, 0x3F, 0xC0,
    0x00, 0x07, 0xF8, 0x00, 0x0F, 0xFF, 0xFF, 0xE1, 0xFF, 0xFF, 0xF8, 0x3F, 0xFF, 0xFF, 0x07, 0xFF,
    0xFF, 0xE0, 0xFF, 0xFF, 0xFC, 0x03, 0xFC, 0x00, 0x00, 0x7F, 0x80, 0x00, 0x0F, 0xF0, 0x00, 0x0F,
    0xFF, 0xFF, 0x81, 0xFF, 0xFF, 0xF0, 0x3F, 0xFF, 0xFE, 0x07, 0xFF, 0xFF, 0xC0, 0xFF, 0xFF, 0xF0,
    0x01, 0xFE, 0x00, 0x00, 0x3F, 0xC0, 0x00, 0x07, 0xFC, 0x00, 0x00, 0x7F, 0x80, 0x00, 0x0F, 0xF8,
    0x01, 0x01, 0xFF, 0xE3, 0xE0, 0x1F, 0xFF, 0xFE, 0x01, 0xFF, 0xFF, 0xC0, 0x3F, 0xFF, 0xF8, 0x01,
    0xFF, 0xFF, 0x00, 0x1F, 0xFF, 0xE0, 0x00, 0xFF, 0xF0, 0xFF, 0xFF, 0xFF, 0xFF, 0xFF, 0xFF, 0xFF,
    0xFF, 0xFF, 0xFF, 0xFF, 0xFF, 0xFF, 0xFF, 0xFF, 0xFF, 0xFF, 0xFF, 0xFF, 0xFF, 0xFF, 0xFF, 0xFF,
    0xFF, 0xF0, 0x03, 0xFC, 0x00, 0x00, 0x3F, 0xC0, 0x00, 0x03, 0xFC, 0x00, 0x00, 0x3F, 0xCE, 0x00,
    0x03, 0xFF, 0xE0, 0x00, 0x3F, 0xFF, 0x00, 0x03, 0xFF, 0xF0, 0x00, 0x3F, 0xFF, 0x00, 0x07, 0xFF,
    0xC0, 0x01, 0xFF, 0xF0, 0x00, 0x7F, 0xFC, 0x00, 0x0F, 0xFF, 0xC0, 0x00, 0x7F, 0xFC, 0xE0, 0x07,
    0xFF, 0xFE, 0x00, 0x3B, 0xFF, 0xF0, 0x00, 0x3F, 0xFF, 0x00, 0x03, 0xFF, 0xF0, 0x00, 0x7F, 0xFE,
    0x00, 0x1F, 0xFF, 0x80, 0x07, 0xFF, 0xE0, 0x00, 0xFF, 0xFC, 0x00, 0x07, 0xFF, 0xC0, 0x00, 0x7F,
    0xFC, 0x00, 0x03, 0xFF, 0xC0, 0x00, 0x33, 0xFC, 0x00, 0x00, 0x3F, 0xC0, 0x00, 0x03, 0xFC, 0x00,
    0x00, 0x3F, 0xC0, 0x00, 0x01, 0xFF, 0x80, 0x01, 0xFF, 0xFC, 0x00, 0x7F, 0xFF, 0xE0, 0x0F, 0xFF,
    0xFE, 0x01, 0xFF, 0xFF, 0xC0, 0x1F, 0xFF, 0xFC, 0x03, 0xFF, 0xFF, 0x80, 0x7E, 0x3F, 0xF0, 0x06,
    0x01, 0xFF, 0x00, 0x00, 0x1F, 0xE0, 0x00, 0x03, 0xFC, 0x00, 0x00, 0x7F, 0x8F, 0xFF, 0xFF, 0xFF,
    0xFF, 0xFF, 0xFF, 0xFF, 0xFF, 0xFF, 0xFF, 0xFF, 0xFF, 0xFF, 0xFF, 0xFF, 0xFF, 0xE0, 0x0F, 0xFE,
    0x00, 0x07, 0xFF, 0x80, 0x01, 0xFF, 0xC0, 0x00, 0x7F, 0xF0, 0x01, 0xFF, 0xFF, 0xFF, 0xFF, 0xFF,
    0xFF, 0xFF, 0xFF, 0xFF, 0xFF, 0xFF, 0xFF, 0xFF, 0xFF, 0xFF, 0xFF, 0xFC, 0xFF, 0x00, 0x00, 0x1F,
    0xE0, 0x00, 0x03, 0xFC, 0x00, 0x00, 0x7F, 0xC0, 0x1C, 0x0F, 0xFE, 0x1F, 0xC0, 0xFF, 0xFF, 0xF8,
    0x1F, 0xFF, 0xFF, 0x81, 0xFF, 0xFF, 0xF0, 0x1F, 0xFF, 0xFE, 0x01, 0xFF, 0xFF, 0x80, 0x0F, 0xFF,
    0x80, 0xFF, 0xFF, 0xFF, 0xFF, 0xFF, 0xFF, 0xFF, 0xFF, 0xFF, 0xFF, 0xFF, 0xFF, 0xFF, 0xFE, 0xFF,
    0xFF, 0xFF, 0xE0, 0x03, 0xFF, 0x80, 0x00, 0x07, 0xFC, 0x00, 0x00, 0x3F, 0xC0, 0x00, 0x03, 0xFE,
    0x0F, 0xFF, 0xFF, 0xFE, 0xFF, 0xFF, 0xFF, 0xCF, 0xFF, 0xFF, 0xFC, 0xFF, 0xFF, 0xFF, 0xCF, 0xFF,
    0xFF, 0xFC, 0x00, 0x07, 0xFC, 0x00, 0x00, 0xFF, 0xC0, 0x00, 0xFF, 0xF8, 0x0F, 0xFF, 0xFF, 0x80,
    0xFF, 0xFF, 0xF0, 0x0F, 0xFF, 0xFC, 0x00, 0xFF, 0xFF, 0x00, 0x0F, 0xFF, 0xC0, 0x00, 0xFF, 0xE0,
    0x00, 0x07, 0xFE, 0x00, 0x00, 0x3F, 0xF0, 0x00, 0x01, 0xFF, 0x80, 0x00, 0x0F, 0xFC, 0x00, 0x00,
    0x7F, 0xE0, 0x00, 0x03, 0xFF, 0x00, 0x00, 0x1F, 0xF8, 0x00, 0x00, 0xFF, 0xC0, 0x00, 0x0F, 0xFC,
    0x00, 0x00, 0x7F, 0xE0, 0x00, 0x03, 0xFF, 0x00, 0x00, 0x1F, 0xF8, 0x00, 0x00, 0x3F, 0xC0, 0x00,
    0x3F, 0xF8, 0x00, 0x3F, 0xFE, 0x00, 0x3F, 0xFF, 0x80, 0x3F, 0xFF, 0xC0, 0x1F, 0xE7, 0xF0, 0x1F,
    0xE1, 0xF8, 0x0F, 0xF0, 0xFC, 0x07, 0xF0, 0x7E, 0x03, 0xF8, 0x3F, 0x01, 0xFC, 0x1F, 0x80, 0xFE,
    0x0F, 0xC0, 0xFF, 0x0F, 0xE0, 0x7F, 0x87, 0xE0, 0x3F, 0xC7, 0xF0, 0x1F, 0xE3, 0xF0, 0x0F, 0xF3,
    0xF8, 0x07, 0xFB, 0xF8, 0x03, 0xFF, 0xF8, 0x01, 0xFF, 0xFC, 0x00, 0xFF, 0xFC, 0x00, 0x7F, 0xFC,
    0x00, 0x3F, 0xFC, 0x00, 0x1F, 0xFC, 0x00, 0x0F, 0xFC, 0x00, 0x0F, 0xFC, 0x00, 0x0F, 0xFC, 0x00,
    0x1F, 0xFE, 0x00, 0x0F, 0xFF, 0x00, 0x03, 0xFF, 0x80, 0x00, 0xFF, 0xE0, 0x30, 0x4F, 0xFC, 0xFC,
    0x07, 0xFF, 0xFE, 0x03, 0xFF, 0xFF, 0x80, 0xFF, 0xFF, 0xC0, 0x7F, 0xFF, 0xE0, 0x1F, 0xFF, 0xE0,
    0x07, 0xFF, 0xC0, 0x00, 0xFF, 0x80, 0x00, 0x00, 0x00, 0x00, 0x07, 0xFC, 0x0F, 0xE0, 0x00, 0x7F,
    0x81, 0xFF, 0xE0, 0xFF, 0x00, 0x07, 0xF8, 0x3F, 0xFF, 0x8F, 0xF8, 0x00, 0x7F, 0x87, 0xFF, 0xFC,
    0xFF, 0xC0, 0x07, 0xF8, 0xFF, 0xFF, 0xCF, 0xFE, 0x00, 0x7F, 0x8F, 0xF3, 0xFE, 0xFF, 0xE0, 0x07,
    0xF8, 0xFE, 0x0F, 0xEF, 0xFF, 0x00, 0x7F, 0x9F, 0xC0, 0xFE, 0xFF, 0xF8, 0x07, 0xF9, 0xFC, 0x0F,
    0xEF, 0xFF, 0xC0, 0x7F, 0x9F, 0xC0, 0x7E, 0xFF, 0xFC, 0x07, 0xF9, 0xFC, 0x0F, 0xEF, 0xFF, 0xE0,
    0x7F, 0x9F, 0xC0, 0xFE, 0xFF, 0xFF, 0x07, 0xF8, 0xFE, 0x0F, 0xEF, 0xFF, 0xF8, 0x7F, 0x8F, 0xF3,
    0xFE, 0xFF, 0xFF, 0x87, 0xF8, 0xFF, 0xFF, 0xCF, 0xF7, 0xFC, 0x7F, 0x87, 0xFF, 0xFC, 0xFF, 0x3F,
    0xE7, 0xF8, 0x3F, 0xFF, 0x8F, 0xF3, 0xFE, 0x7F, 0x81, 0xFF, 0xE0, 0xFF, 0x1F, 0xF7, 0xF8, 0x07,
    0xFC, 0x0F, 0xF0, 0xFF, 0x7F, 0x80, 0x00, 0x00, 0xFF, 0x0F, 0xFF, 0xF8, 0x00, 0x00, 0x0F, 0xF0,
    0x7F, 0xFF, 0x80, 0x00, 0x00, 0xFF, 0x03, 0xFF, 0xF8, 0x00, 0x00, 0x0F, 0xF0, 0x3F, 0xFF, 0x8F,
    0xFF, 0xFC, 0xFF, 0x01, 0xFF, 0xF8, 0xFF, 0xFF, 0xCF, 0xF0, 0x0F, 0xFF, 0x8F, 0xFF, 0xFC, 0xFF,
    0x00, 0xFF, 0xF8, 0xFF, 0xFF, 0xCF, 0xF0, 0x07, 0xFF, 0x8F, 0xFF, 0xFC, 0xFF, 0x00, 0x7F, 0xF8,
    0xFF, 0xFF, 0xCF, 0xF0, 0x03, 0xFF, 0x80, 0x00, 0x00, 0xFF, 0x00, 0x1F, 0xF8, 0x00, 0x00, 0x0F,
    0xF0, 0x01, 0xFF, 0x80, 0x00, 0x00, 0xFF, 0x00, 0x0F, 0xF8, 0x00, 0x00, 0x0F, 0xF0, 0x00, 0xFF,
    0x80, 0x00, 0x00, 0xFF, 0x00, 0x07, 0xF8, 0x00, 0x00, 0x0F, 0xF0, 0x00, 0x3F, 0x80, 0x00, 0x00,
    0xFF, 0xFF, 0x8F, 0xC0, 0x7E, 0x7F, 0xFF, 0xC7, 0xE0, 0x7F, 0x3F, 0xFF, 0xE7, 0xF8, 0x3F, 0x9F,
    0xFF, 0xF3, 0xFC, 0x3F, 0xCF, 0xFF, 0xF9, 0xFF, 0x1F, 0xF0, 0x3F, 0x80, 0xFF, 0x8F, 0xF8, 0x1F,
    0xC0, 0x7F, 0xEF, 0xFC, 0x0F, 0xE0, 0x3F, 0xF7, 0xFE, 0x07, 0xF0, 0x1F, 0xFF, 0xFF, 0x03, 0xF8,
    0x0F, 0xFF, 0xFF, 0x81, 0xFC, 0x07, 0xFF, 0xFF, 0xC0, 0xFE, 0x03, 0xFF, 0xF7, 0xE0, 0x7F, 0x01,
    0xFB, 0xFB, 0xF0, 0x3F, 0x81, 0xFD, 0xFD, 0xF8, 0x1F, 0xC0, 0xFE, 0xFC, 0xFC, 0x0F, 0xE0, 0x7F,
    0x3E, 0x7E, 0x07, 0xF0, 0x3F, 0x80, 0x3F, 0x03, 0xF8, 0x1F, 0xC0, 0x1F, 0xC0, 0x00, 0x0F, 0xFF,
    0x00, 0x00, 0x07, 0xFF, 0xFC, 0x00, 0x01, 0xFF, 0xFF, 0xF0, 0x00, 0x3F, 0xFF, 0xFF, 0x80, 0x07,
    0xFF, 0xFF, 0xFC, 0x00, 0xFF, 0xFF, 0xFF, 0xE0, 0x1F, 0xFF, 0xFF, 0xFF, 0x01, 0xFF, 0xF1, 0xFF,
    0xF0, 0x3F, 0xF8, 0x03, 0xFF, 0x83, 0xFF, 0x00, 0x1F, 0xFC, 0x7F, 0xE0, 0x00, 0xFF, 0xC7, 0xFC,
    0x00, 0x07, 0xFC, 0x7F, 0xC0, 0x00, 0x7F, 0xC7, 0xFC, 0x00, 0x03, 0xFE, 0x7F, 0x80, 0x00, 0x3F,
    0xEF, 0xF8, 0x00, 0x03, 0xFE, 0xFF, 0x80, 0x00, 0x3F, 0xEF, 0xF8, 0x00, 0x03, 0xFE, 0x7F, 0x80,
    0x00, 0x3F, 0xE7, 0xF8, 0x00, 0x03, 0xFE, 0x7F, 0xC0, 0x00, 0x3F, 0xC7, 0xFC, 0x00, 0x07, 0xFC,
    0x7F, 0xC0, 0x00, 0x7F, 0xC3, 0xFE, 0x00, 0x0F, 0xF8, 0x3F, 0xE0, 0x00, 0xFF, 0x81, 0xFF, 0x00,
    0x1F, 0xF0, 0x1F, 0xF8, 0x01, 0xFF, 0x00, 0xFF, 0x80, 0x3F, 0xE0, 0x07, 0xFC, 0x07, 0xFC, 0x0F,
    0xFF, 0xE0, 0xFF, 0xFF, 0xFF, 0xFF, 0x0F, 0xFF, 0xFF, 0xFF, 0xF0, 0xFF, 0xFF, 0xFF, 0xFF, 0x0F,
    0xFF, 0xFF, 0xFF, 0xF0, 0xFF, 0xFF, 0xFF, 0xFF, 0x0F, 0xFF, 0xFF, 0xFF, 0xF0, 0xFF, 0xFF, 0x00,
    0x03, 0xFF, 0xE0, 0x00, 0x00, 0x0F, 0xE1, 0xFC, 0x00, 0x00, 0x1F, 0x00, 0x07, 0x80, 0x00, 0x1E,
    0x00, 0x00, 0xF0, 0x00, 0x3E, 0x00, 0x00, 0x3C, 0x00, 0x3E, 0x00, 0x00, 0x07, 0x00, 0x3C, 0x00,
    0x00, 0x01, 0xC0, 0x1E, 0x00, 0x00, 0x00, 0xF0, 0x1F, 0x00, 0x00, 0x00, 0x7C, 0x1F, 0x80, 0x00,
    0x00, 0x3F, 0x0F, 0xC0, 0x00, 0x00, 0x1F, 0x8F, 0xE0, 0x00, 0x00, 0x0F, 0xE7, 0xF0, 0x00, 0x00,
    0x07, 0xF3, 0xF8, 0x00, 0x00, 0x03, 0xFB, 0xFC, 0x00, 0x00, 0x01, 0xFF, 0xFE, 0x00, 0x00, 0x00,
    0xFF, 0xFF, 0x00, 0x00, 0x00, 0x7F, 0xFF, 0xFF, 0xFF, 0xFF, 0xFF, 0xFF, 0xC0, 0x00, 0x00, 0x00,
    0x1F, 0xE0, 0x00, 0x00, 0x00, 0x0F, 0xF0, 0x00, 0x00, 0x00, 0x07, 0xF8, 0x00, 0x00, 0x00, 0x01,
    0xFC, 0x00, 0x00, 0x00, 0x00, 0xFE, 0x00, 0x00, 0x00, 0x00, 0x3F, 0x00, 0x00, 0x00, 0x00, 0x1F,
    0x80, 0x00, 0x00, 0x00, 0x07, 0xC0, 0x00, 0x00, 0x00, 0x03, 0xE0, 0x00, 0x00, 0x00, 0x00, 0xF0,
    0x00, 0x00, 0x07, 0x00, 0x3C, 0x00, 0x00, 0x0F, 0x00, 0x0F, 0x80, 0x00, 0x0F, 0x00, 0x01, 0xE0,
    0x00, 0x0F, 0x00, 0x00, 0x7C, 0x00, 0x1F, 0x00, 0x00, 0x0F, 0xE1, 0xFC, 0x00, 0x00, 0x00, 0xFF,
    0xF8, 0x00, 0x00, 0x03, 0xF0, 0x00, 0xFF, 0x00, 0x07, 0xF8, 0x00, 0x7F, 0x00, 0x0F, 0xFC, 0x00,
    0x7F, 0x80, 0x1F, 0xFE, 0x00, 0x3F, 0x80, 0x0F, 0xFF, 0x00, 0x3F, 0xC0, 0x07, 0xFF, 0x80, 0x1F,
    0xC0, 0x01, 0xFF, 0xC0, 0x1F, 0xE0, 0x00, 0xE7, 0xE0, 0x0F, 0xE0, 0x00, 0x03, 0xF0, 0x0F, 0xF0,
    0x00, 0x01, 0xF8, 0x07, 0xF0, 0x00, 0x00, 0xFC, 0x07, 0xF8, 0x00, 0x00, 0x7E, 0x03, 0xF8, 0x00,
    0x00, 0x3F, 0x03, 0xFC, 0x00, 0x00, 0x1F, 0x81, 0xFC, 0x00, 0x00, 0x0F, 0xC1, 0xFE, 0x00, 0x00,
    0x07, 0xE1, 0xFE, 0x1F, 0xF0, 0x03, 0xF0, 0xFF, 0x3F, 0xFE, 0x01, 0xF8, 0xFF, 0x1F, 0xFF, 0x00,
    0xFC, 0x7F, 0x8F, 0xFF, 0xC0, 0x7E, 0x7F, 0x83, 0xCF, 0xE0, 0x00, 0x3F, 0xC0, 0x03, 0xF0, 0x00,
    0x3F, 0xC0, 0x01, 0xF8, 0x00, 0x1F, 0xE0, 0x00, 0xFC, 0x00, 0x1F, 0xE0, 0x00, 0xFC, 0x00, 0x0F,
    0xF0, 0x07, 0xFC, 0x00, 0x0F, 0xF0, 0x03, 0xFF, 0x00, 0x07, 0xF8, 0x01, 0xFF, 0xC0, 0x07, 0xF8,
    0x00, 0xFF, 0xF0, 0x03, 0xF8, 0x00, 0x07, 0xF8, 0x03, 0xFC, 0x00, 0x00, 0xFC, 0x01, 0xFC, 0x00,
    0x00, 0x7E, 0x01, 0xFE, 0x00, 0x78, 0x7F, 0x00, 0xFE, 0x00, 0x3F, 0xFF, 0x00, 0xFF, 0x00, 0x1F,
    0xFF, 0x80, 0x7F, 0x00, 0x1F, 0xFF, 0x80, 0x00, 0x00, 0x03, 0xFF, 0x00, 0x0F, 0xF8, 0x00, 0x1F,
    0xC0, 0x0F, 0xFF, 0x00, 0x0F, 0xF0, 0x07, 0xFF, 0xE0, 0x03, 0xF8, 0x01, 0xFF, 0xFC, 0x01, 0xFE,
    0x00, 0x3E, 0x7F, 0x00, 0x7F, 0x00, 0x06, 0x1F, 0xC0, 0x3F, 0xC0, 0x00, 0x07, 0xF0, 0x0F, 0xE0,
    0x00, 0x01, 0xFC, 0x07, 0xF8, 0x00, 0x00, 0xFE, 0x01, 0xFC, 0x00, 0x00, 0x7F, 0x80, 0xFF, 0x00,
    0x00, 0x7F, 0xC0, 0x3F, 0x80, 0x00, 0x3F, 0xE0, 0x1F, 0xE0, 0x00, 0x0F, 0xE0, 0x07, 0xF0, 0x00,
    0x07, 0xF0, 0x03, 0xFC, 0x00, 0x03, 0xF8, 0x00, 0xFE, 0x00, 0x00, 0xFF, 0xFC, 0x7F, 0x9F, 0xF0,
    0x3F, 0xFF, 0x1F, 0xDF, 0xFF, 0x1F, 0xFF, 0xCF, 0xF7, 0xFF, 0xC7, 0xFF, 0xF3, 0xF9, 0xFF, 0xF9,
    0xFF, 0xFD, 0xFE, 0x3C, 0xFE, 0x00, 0x00, 0x7F, 0x00, 0x1F, 0x80, 0x00, 0x3F, 0xC0, 0x07, 0xE0,
    0x00, 0x0F, 0xE0, 0x01, 0xF8, 0x00, 0x07, 0xF8, 0x00, 0xFC, 0x00, 0x01, 0xFC, 0x03, 0xFE, 0x00,
    0x00, 0xFF, 0x00, 0xFF, 0xC0, 0x00, 0x3F, 0x80, 0x3F, 0xF8, 0x00, 0x1F, 0xE0, 0x0F, 0xFF, 0x00,
    0x0F, 0xF0, 0x00, 0x3F, 0xC0, 0x03, 0xFC, 0x00, 0x03, 0xF0, 0x01, 0xFE, 0x00, 0x00, 0xFC, 0x00,
    0x7F, 0x80, 0x78, 0x7F, 0x00, 0x3F, 0xC0, 0x1F, 0xFF, 0x80, 0x0F, 0xF0, 0x07, 0xFF, 0xE0, 0x07,
    0xF8, 0x03, 0xFF, 0xF0, 0x00, 0x00, 0x00, 0x3F, 0xF0, 0x03, 0xF0, 0x00, 0x7F, 0x00, 0x03, 0xFC,
    0x00, 0x1F, 0xC0, 0x03, 0xFF, 0x00, 0x0F, 0xF0, 0x03, 0xFF, 0xC0, 0x07, 0xF8, 0x00, 0xFF, 0xF0,
    0x01, 0xFE, 0x00, 0x3F, 0xFC, 0x00, 0xFF, 0x00, 0x07, 0xFF, 0x00, 0x3F, 0xC0, 0x01, 0xCF, 0xC0,
    0x1F, 0xE0, 0x00, 0x03, 0xF0, 0x07, 0xF8, 0x00, 0x00, 0xFC, 0x03, 0xFC, 0x00, 0x00, 0x3F, 0x00,
    0xFF, 0x00, 0x00, 0x0F, 0xC0, 0x7F, 0x80, 0x00, 0x03, 0xF0, 0x1F, 0xC0, 0x00, 0x00, 0xFC, 0x0F,
    0xF0, 0x00, 0x00, 0x3F, 0x03, 0xF8, 0x00, 0x00, 0x0F, 0xC1, 0xFE, 0x3F, 0xFE, 0x03, 0xF0, 0x7F,
    0x0F, 0xFF, 0x80, 0xFC, 0x3F, 0xC3, 0xFF, 0xE0, 0x3F, 0x0F, 0xE0, 0xFF, 0xF8, 0x0F, 0xC7, 0xF8,
    0x3F, 0xFE, 0x00, 0x01, 0xFC, 0x0F, 0x80, 0x00, 0x00, 0xFF, 0x03, 0xE0, 0x00, 0x00, 0x3F, 0x81,
    0xF8, 0x00, 0x00, 0x1F, 0xE0, 0x7F, 0xF0, 0x00, 0x07, 0xF0, 0x1F, 0xFF, 0x00, 0x03, 0xFC, 0x07,
    0xFF, 0xC0, 0x00, 0xFE, 0x01, 0xFF, 0xF8, 0x00, 0x7F, 0x80, 0x01, 0xFE, 0x00, 0x1F, 0xC0, 0x00,
    0x1F, 0x80, 0x0F, 0xF0, 0x00, 0x07, 0xE0, 0x03, 0xF8, 0x01, 0xC7, 0xF8, 0x01, 0xFE, 0x00, 0xFF,
    0xFE, 0x00, 0x7F, 0x00, 0x3F, 0xFF, 0x00, 0x3F, 0xC0, 0x0F, 0xFF, 0x80, 0x0F, 0xE0, 0x01, 0xFF,
    0xC0, 0x0F, 0xF8, 0x00, 0x0F, 0xE0, 0x07, 0xFF, 0x80, 0x03, 0xFC, 0x01, 0xFF, 0xF8, 0x00, 0xFF,
    0x00, 0x3F, 0xFF, 0x80, 0x1F, 0xE0, 0x03, 0xE7, 0xF0, 0x07, 0xF8, 0x00, 0x30, 0xFE, 0x00, 0xFF,
    0x00, 0x00, 0x1F, 0xC0, 0x3F, 0xC0, 0x00, 0x03, 0xF8, 0x07, 0xF8, 0x00, 0x00, 0xFE, 0x01, 0xFE,
    0x00, 0x00, 0x3F, 0xC0, 0x3F, 0xC0, 0x00, 0x1F, 0xF0, 0x0F, 0xF0, 0x00, 0x07, 0xFC, 0x01, 0xFC,
    0x00, 0x00, 0xFE, 0x00, 0x7F, 0x80, 0x00, 0x3F, 0x80, 0x0F, 0xE0, 0x00, 0x0F, 0xE0, 0x03, 0xFC,
    0x00, 0x01, 0xFF, 0xF8, 0x7F, 0x3F, 0xFE, 0x3F, 0xFF, 0x1F, 0xE7, 0xFF, 0xCF, 0xFF, 0xE3, 0xF8,
    0xFF, 0xF9, 0xFF, 0xFC, 0xFF, 0x1F, 0xFF, 0x3F, 0xFF, 0x9F, 0xC3, 0xFF, 0xE0, 0x00, 0x07, 0xF8,
    0x7C, 0x00, 0x00, 0x00, 0xFE, 0x0F, 0x80, 0x00, 0x00, 0x3F, 0xC3, 0xF0, 0x00, 0x00, 0x07, 0xF0,
    0x7F, 0xF0, 0x00, 0x01, 0xFE, 0x0F, 0xFF, 0x80, 0x00, 0x3F, 0x81, 0xFF, 0xF0, 0x00, 0x0F, 0xF0,
    0x3F, 0xFF, 0x00, 0x01, 0xFC, 0x00, 0x1F, 0xE0, 0x00, 0x7F, 0x80, 0x00, 0xFC, 0x00, 0x0F, 0xE0,
    0x00, 0x1F, 0x80, 0x03, 0xFC, 0x03, 0x8F, 0xF0, 0x00, 0x7F, 0x00, 0xFF, 0xFE, 0x00, 0x1F, 0xE0,
    0x1F, 0xFF, 0x80, 0x03, 0xF8, 0x03, 0xFF, 0xE0, 0x00, 0xFF, 0x00, 0x3F, 0xF8, 0x00, 0x1F, 0xF0,
    0x00, 0x3F, 0x80, 0x1F, 0xFE, 0x00, 0x1F, 0xE0, 0x0F, 0xFF, 0xC0, 0x07, 0xF0, 0x01, 0xFF, 0xF0,
    0x03, 0xFC, 0x00, 0x3C, 0xFE, 0x00, 0xFE, 0x00, 0x00, 0x1F, 0x80, 0x7F, 0x80, 0x00, 0x07, 0xE0,
    0x1F, 0xC0, 0x00, 0x03, 0xF0, 0x0F, 0xF0, 0x00, 0x01, 0xFC, 0x07, 0xF8, 0x00, 0x03, 0xFE, 0x01,
    0xFE, 0x00, 0x00, 0xFF, 0xC0, 0xFF, 0x00, 0x00, 0x3F, 0xF8, 0x3F, 0xC0, 0x00, 0x0F, 0xFE, 0x1F,
    0xE0, 0x00, 0x00, 0x3F, 0xC7, 0xF8, 0x00, 0x00, 0x07, 0xF3, 0xFC, 0x00, 0x00, 0x01, 0xFC, 0xFF,
    0x3F, 0xFE, 0x78, 0xFE, 0x7F, 0x8F, 0xFF, 0xBF, 0xFF, 0x9F, 0xE3, 0xFF, 0xEF, 0xFF, 0xCF, 0xF0,
    0xFF, 0xFB, 0xFF, 0xE3, 0xF8, 0x3F, 0xFE, 0x7F, 0xF1, 0xFE, 0x0F, 0x80, 0x00, 0x00, 0x7F, 0x03,
    0xE0, 0x00, 0x00, 0x3F, 0xC1, 0xF8, 0x00, 0x00, 0x0F, 0xE0, 0x7F, 0xF0, 0x00, 0x07, 0xF8, 0x1F,
    0xFF, 0x00, 0x01, 0xFC, 0x07, 0xFF, 0xC0, 0x00, 0xFF, 0x01, 0xFF, 0xF8, 0x00, 0x3F, 0x80, 0x01,
    0xFE, 0x00, 0x1F, 0xE0, 0x00, 0x1F, 0x80, 0x07, 0xF0, 0x00, 0x07, 0xE0, 0x03, 0xFC, 0x01, 0xC7,
    0xF8, 0x00, 0xFE, 0x00, 0xFF, 0xFE, 0x00, 0x7F, 0x80, 0x3F, 0xFF, 0x00, 0x1F, 0xC0, 0x0F, 0xFF,
    0x80, 0x0F, 0xF0, 0x01, 0xFF, 0xC0, 0x00, 0xFC, 0x00, 0x3F, 0xC0, 0x00, 0x7F, 0x00, 0x0F, 0xE0,
    0x00, 0x3F, 0xC0, 0x07, 0xF8, 0x00, 0x0F, 0xF0, 0x01, 0xFC, 0x00, 0x07, 0xFC, 0x00, 0xFF, 0x00,
    0x03, 0xFF, 0x00, 0x3F, 0x80, 0x01, 0xFF, 0xC0, 0x1F, 0xE0, 0x00, 0x7D, 0xF0, 0x07, 0xF0, 0x00,
    0x3F, 0x7C, 0x03, 0xFC, 0x00, 0x1F, 0x9F, 0x00, 0xFE, 0x00, 0x07, 0xC7, 0xC0, 0x7F, 0x80, 0x03,
    0xF1, 0xF0, 0x1F, 0xC0, 0x00, 0xFF, 0xFF, 0x8F, 0xF0, 0x00, 0x3F, 0xFF, 0xE3, 0xF8, 0x00, 0x0F,
    0xFF, 0xF9, 0xFE, 0x00, 0x03, 0xFF, 0xFE, 0x7F, 0x3F, 0xFE, 0x00, 0x7C, 0x3F, 0xCF, 0xFF, 0x80,
    0x1F, 0x0F, 0xE3, 0xFF, 0xE0, 0x07, 0xC7, 0xF8, 0xFF, 0xF8, 0x01, 0xF1, 0xFC, 0x3F, 0xFE, 0x00,
    0x00, 0xFF, 0x0F, 0x80, 0x00, 0x00, 0x3F, 0x83, 0xE0, 0x00, 0x00, 0x1F, 0xE1, 0xF8, 0x00, 0x00,
    0x0F, 0xF0, 0x7F, 0xF0, 0x00, 0x03, 0xFC, 0x1F, 0xFF, 0x00, 0x01, 0xFE, 0x07, 0xFF, 0xC0, 0x00,
    0x7F, 0x81, 0xFF, 0xF8, 0x00, 0x3F, 0xC0, 0x01, 0xFE, 0x00, 0x0F, 0xF0, 0x00, 0x1F, 0x80, 0x07,
    0xF8, 0x00, 0x07, 0xE0, 0x01, 0xFE, 0x01, 0xC7, 0xF8, 0x00, 0xFF, 0x00, 0xFF, 0xFE, 0x00, 0x3F,
    0xC0, 0x3F, 0xFF, 0x00, 0x1F, 0xE0, 0x0F, 0xFF, 0x80, 0x07, 0xF8, 0x01, 0xFF, 0xC0, 0x03, 0xF0,
    0x00, 0x7F, 0x80, 0x03, 0xFC, 0x00, 0x1F, 0xC0, 0x03, 0xFF, 0x00, 0x0F, 0xF0, 0x03, 0xFF, 0xC0,
    0x03, 0xF8, 0x00, 0xFF, 0xF0, 0x01, 0xFE, 0x00, 0x3F, 0xFC, 0x00, 0x7F, 0x00, 0x07, 0xFF, 0x00,
    0x3F, 0xC0, 0x01, 0xCF, 0xC0, 0x0F, 0xE0, 0x00, 0x03, 0xF0, 0x07, 0xF8, 0x00, 0x00, 0xFC, 0x01,
    0xFC, 0x00, 0x00, 0x3F, 0x00, 0xFF, 0x00, 0x00, 0x0F, 0xC0, 0x3F, 0x80, 0x00, 0x03, 0xF0, 0x1F,
    0xE0, 0x00, 0x00, 0xFC, 0x07, 0xF0, 0x00, 0x00, 0x3F, 0x03, 0xFC, 0x00, 0x00, 0x0F, 0xC1, 0xFE,
    0x00, 0xFC, 0x03, 0xF0, 0x7F, 0x80, 0xFF, 0x00, 0xFC, 0x3F, 0xC0, 0xFF, 0xC0, 0x3F, 0x0F, 0xF0,
    0x7F, 0xF8, 0x0F, 0xC7, 0xF8, 0x3F, 0xF8, 0x00, 0x01, 0xFE, 0x0F, 0xE0, 0x00, 0x00, 0xFF, 0x07,
    0xE0, 0x00, 0x00, 0x3F, 0xC1, 0xFF, 0xE0, 0x00, 0x1F, 0xE0, 0xFF, 0xFC, 0x00, 0x07, 0xF8, 0x3F,
    0xFF, 0x80, 0x03, 0xFC, 0x0F, 0xFF, 0xE0, 0x00, 0xFF, 0x03, 0xF9, 0xFC, 0x00, 0x7F, 0x80, 0xFC,
    0x3F, 0x00, 0x1F, 0xC0, 0x3F, 0x0F, 0xC0, 0x0F, 0xF0, 0x0F, 0xC3, 0xF0, 0x03, 0xF8, 0x01, 0xF9,
    0xFC, 0x01, 0xFE, 0x00, 0x7F, 0xFE, 0x00, 0x7F, 0x00, 0x0F, 0xFF, 0x00, 0x3F, 0xC0, 0x01, 0xFF,
    0xC0, 0x0F, 0xE0, 0x00, 0x3F, 0xC0, 0x3F, 0xFE, 0x00, 0x1F, 0xC0, 0x0F, 0xFF, 0x80, 0x0F, 0xF0,
    0x03, 0xFF, 0xE0, 0x07, 0xF8, 0x00, 0xFF, 0xF8, 0x01, 0xFE, 0x00, 0x3F, 0xFE, 0x00, 0xFF, 0x00,
    0x0F, 0x80, 0x00, 0x3F, 0xC0, 0x03, 0xE0, 0x00, 0x1F, 0xE0, 0x00, 0xF8, 0x00, 0x07, 0xF8, 0x00,
    0x3F, 0xF0, 0x03, 0xFC, 0x00, 0x1F, 0xFF, 0x00, 0xFF, 0x00, 0x07, 0xFF, 0xE0, 0x7F, 0x80, 0x01,
    0xFF, 0xF8, 0x1F, 0xC0, 0x00, 0x00, 0xFF, 0x0F, 0xF0, 0x00, 0x00, 0x1F, 0xC3, 0xF8, 0x00, 0x00,
    0x07, 0xF1, 0xFE, 0x00, 0x01, 0xC3, 0xF8, 0x7F, 0x00, 0xFC, 0x7F, 0xFE, 0x3F, 0xC0, 0xFF, 0x3F,
    0xFF, 0x8F, 0xE0, 0xFF, 0xCF, 0xFF, 0xC7, 0xF8, 0x7F, 0xF9, 0xFF, 0xC1, 0xFC, 0x3F, 0xF8, 0x00,
    0x00, 0xFF, 0x0F, 0xE0, 0x00, 0x00, 0x3F, 0x87, 0xE0, 0x00, 0x00, 0x1F, 0xE1, 0xFF, 0xE0, 0x00,
    0x07, 0xF0, 0xFF, 0xFC, 0x00, 0x03, 0xFC, 0x3F, 0xFF, 0x80, 0x00, 0xFE, 0x0F, 0xFF, 0xE0, 0x00,
    0x7F, 0x83, 0xF9, 0xFC, 0x00, 0x1F, 0xC0, 0xFC, 0x3F, 0x00, 0x0F, 0xF0, 0x3F, 0x0F, 0xC0, 0x03,
    0xF8, 0x0F, 0xC3, 0xF0, 0x01, 0xFE, 0x01, 0xF9, 0xFC, 0x00, 0x7F, 0x00, 0x7F, 0xFE, 0x00, 0x3F,
    0xC0, 0x0F, 0xFF, 0x00, 0x0F, 0xE0, 0x01, 0xFF, 0xC0, 0x07, 0xF8, 0x00, 0x3F, 0xC0, 0x03, 0xF0,
    0x00, 0x7F, 0x00, 0x03, 0xFC, 0x00, 0x3F, 0xC0, 0x03, 0xFF, 0x00, 0x1F, 0xE0, 0x03, 0xFF, 0xC0,
    0x07, 0xF8, 0x00, 0xFF, 0xF0, 0x03, 0xFC, 0x00, 0x3F, 0xFC, 0x00, 0xFF, 0x00, 0x07, 0xFF, 0x00,
    0x7F, 0x80, 0x01, 0xCF, 0xC0, 0x1F, 0xE0, 0x00, 0x03, 0xF0, 0x0F, 0xF0, 0x00, 0x00, 0xFC, 0x03,
    0xFC, 0x00, 0x00, 0x3F, 0x01, 0xFE, 0x00, 0x00, 0x0F, 0xC0, 0x7F, 0x00, 0x00, 0x03, 0xF0, 0x3F,
    0xC0, 0x00, 0x00, 0xFC, 0x0F, 0xE0, 0x00, 0x00, 0x3F, 0x07, 0xF8, 0x00, 0x00, 0x0F, 0xC1, 0xFC,
    0x0F, 0xF0, 0x03, 0xF0, 0xFF, 0x0F, 0xFF, 0x00, 0xFC, 0x3F, 0x87, 0xFF, 0xE0, 0x3F, 0x1F, 0xE3,
    0xFF, 0xF8, 0x0F, 0xC7, 0xF0, 0xFE, 0x7F, 0x00, 0x03, 0xFC, 0x3F, 0x0F, 0xC0, 0x00, 0xFE, 0x0F,
    0xC3, 0xF0, 0x00, 0x7F, 0x83, 0xF9, 0xF8, 0x00, 0x1F, 0xC0, 0x7F, 0xFE, 0x00, 0x0F, 0xF0, 0x1F,
    0xFF, 0x00, 0x03, 0xF8, 0x03, 0xFF, 0xC0, 0x01, 0xFE, 0x01, 0xFF, 0xF8, 0x00, 0x7F, 0x00, 0xFE,
    0xFF, 0x00, 0x3F, 0xC0, 0x3F, 0x0F, 0xC0, 0x0F, 0xE0, 0x0F, 0x83, 0xF0, 0x07, 0xF8, 0x07, 0xF0,
    0xFC, 0x01, 0xFC, 0x00, 0xFE, 0x7F, 0x00, 0xFF, 0x00, 0x3F, 0xFF, 0xC0, 0x3F, 0x80, 0x0F, 0xFF,
    0xE0, 0x1F, 0xE0, 0x01, 0xFF, 0xF0, 0x00, 0x00, 0x00, 0x1F, 0xF8, 0x1F, 0xF0, 0x00, 0x3F, 0x80,
    0x1F, 0xFE, 0x00, 0x1F, 0xE0, 0x0F, 0xFF, 0xC0, 0x0F, 0xF0, 0x01, 0xFF, 0xF0, 0x03, 0xFC, 0x00,
    0x3C, 0xFE, 0x01, 0xFE, 0x00, 0x00, 0x1F, 0x80, 0x7F, 0x80, 0x00, 0x07, 0xE0, 0x3F, 0xC0, 0x00,
    0x03, 0xF0, 0x0F, 0xF0, 0x00, 0x01, 0xFC, 0x07, 0xF8, 0x00, 0x03, 0xFE, 0x01, 0xFE, 0x00, 0x00,
    0xFF, 0xC0, 0xFF, 0x00, 0x00, 0x3F, 0xF8, 0x3F, 0x80, 0x00, 0x0F, 0xFE, 0x1F, 0xE0, 0x00, 0x00,
    0x3F, 0xC7, 0xF0, 0x00, 0x00, 0x07, 0xF3, 0xFC, 0x00, 0x00, 0x01, 0xFC, 0xFE, 0x0F, 0xF0, 0x78,
    0xFE, 0x7F, 0x8F, 0xFF, 0x3F, 0xFF, 0x9F, 0xC7, 0xFF, 0xEF, 0xFF, 0xCF, 0xF3, 0xFF, 0xFB, 0xFF,
    0xE3, 0xF8, 0xFE, 0x7F, 0x7F, 0xF1, 0xFE, 0x3F, 0x0F, 0xC0, 0x00, 0x7F, 0x0F, 0xC3, 0xF0, 0x00,
    0x3F, 0xC3, 0xF9, 0xF8, 0x00, 0x0F, 0xE0, 0x7F, 0xFE, 0x00, 0x07, 0xF8, 0x1F, 0xFF, 0x00, 0x01,
    0xFC, 0x03, 0xFF, 0xC0, 0x00, 0xFF, 0x01, 0xFF, 0xF8, 0x00, 0x3F, 0x80, 0xFE, 0xFF, 0x00, 0x1F,
    0xE0, 0x3F, 0x0F, 0xC0, 0x07, 0xF0, 0x0F, 0x83, 0xF0, 0x03, 0xFC, 0x07, 0xF0, 0xFC, 0x00, 0xFE,
    0x00, 0xFE, 0x7F, 0x00, 0x7F, 0x80, 0x3F, 0xFF, 0xC0, 0x1F, 0xC0, 0x0F, 0xFF, 0xE0, 0x0F, 0xF0,
    0x01, 0xFF, 0xF0, 0x00, 0x00, 0x00, 0x1F, 0xF8, 0x3F, 0xFE, 0x00, 0x3F, 0x80, 0x0F, 0xFF, 0x80,
    0x1F, 0xE0, 0x03, 0xFF, 0xE0, 0x0F, 0xF0, 0x00, 0xFF, 0xF8, 0x03, 0xFC, 0x00, 0x3F, 0xFE, 0x01,
    0xFE, 0x00, 0x0F, 0x80, 0x00, 0x7F, 0x80, 0x03, 0xE0, 0x00, 0x3F, 0xC0, 0x00, 0xF8, 0x00, 0x0F,
    0xF0, 0x00, 0x3F, 0xF0, 0x07, 0xF8, 0x00, 0x1F, 0xFF, 0x01, 0xFE, 0x00, 0x07, 0xFF, 0xE0, 0xFF,
    0x00, 0x01, 0xFF, 0xF8, 0x3F, 0x80, 0x00, 0x00, 0xFF, 0x1F, 0xE0, 0x00, 0x00, 0x1F, 0xC7, 0xF0,
    0x00, 0x00, 0x07, 0xF3, 0xFC, 0x00, 0x01, 0xC3, 0xF8, 0xFE, 0x0F, 0xF0, 0x7F, 0xFE, 0x7F, 0x8F,
    0xFF, 0x3F, 0xFF, 0x9F, 0xC7, 0xFF, 0xEF, 0xFF, 0xCF, 0xF3, 0xFF, 0xF9, 0xFF, 0xC3, 0xF8, 0xFE,
    0x7F, 0x00, 0x01, 0xFE, 0x3F, 0x0F, 0xC0, 0x00, 0x7F, 0x0F, 0xC3, 0xF0, 0x00, 0x3F, 0xC3, 0xF9,
    0xF8, 0x00, 0x0F, 0xE0, 0x7F, 0xFE, 0x00, 0x07, 0xF8, 0x1F, 0xFF, 0x00, 0x01, 0xFC, 0x03, 0xFF,
    0xC0, 0x00, 0xFF, 0x01, 0xFF, 0xF8, 0x00, 0x3F, 0x80, 0xFE, 0xFF, 0x00, 0x1F, 0xE0, 0x3F, 0x0F,
    0xC0, 0x07, 0xF0, 0x0F, 0x83, 0xF0, 0x03, 0xFC, 0x07, 0xF0, 0xFC, 0x00, 0xFE, 0x00, 0xFE, 0x7F,
    0x00, 0x7F, 0x80, 0x3F, 0xFF, 0xC0, 0x1F, 0xC0, 0x0F, 0xFF, 0xE0, 0x0F, 0xF0, 0x01, 0xFF, 0xF0,
    0x00, 0x00, 0x00, 0x1F, 0xF8, 0x7F, 0xFF, 0x80, 0x7F, 0x00, 0x0F, 0xFF, 0xF0, 0x1F, 0xE0, 0x01,
    0xFF, 0xFE, 0x03, 0xF8, 0x00, 0x3F, 0xFF, 0xC0, 0xFF, 0x00, 0x00, 0x07, 0xF0, 0x1F, 0xC0, 0x00,
    0x01, 0xFC, 0x07, 0xF8, 0x00, 0x00, 0x3F, 0x80, 0xFE, 0x00, 0x00, 0x0F, 0xE0, 0x3F, 0xC0, 0x00,
    0x01, 0xFC, 0x07, 0xF0, 0x00, 0x00, 0x7F, 0x01, 0xFE, 0x00, 0x00, 0x0F, 0xE0, 0x3F, 0x80, 0x00,
    0x01, 0xF8, 0x0F, 0xF0, 0x00, 0x00, 0x7F, 0x03, 0xFC, 0x00, 0x00, 0x0F, 0xE0, 0x7F, 0x80, 0x00,
    0x01, 0xF8, 0x1F, 0xE0, 0x00, 0x00, 0x7F, 0x03, 0xFC, 0x0F, 0xF0, 0x0F, 0xE0, 0xFF, 0x07, 0xFF,
    0x81, 0xFC, 0x1F, 0xE1, 0xFF, 0xF8, 0x3F, 0x07, 0xF8, 0x7F, 0xFF, 0x07, 0xE0, 0xFF, 0x0F, 0xE7,
    0xF0, 0x00, 0x3F, 0xC1, 0xF8, 0x7E, 0x00, 0x07, 0xF8, 0x3F, 0x0F, 0xC0, 0x01, 0xFE, 0x07, 0xF3,
    0xF0, 0x00, 0x3F, 0x80, 0x7F, 0xFE, 0x00, 0x0F, 0xF0, 0x0F, 0xFF, 0x80, 0x01, 0xFC, 0x00, 0xFF,
    0xF0, 0x00, 0x7F, 0x80, 0x3F, 0xFF, 0x00, 0x0F, 0xE0, 0x0F, 0xEF, 0xF0, 0x03, 0xFC, 0x01, 0xF8,
    0x7E, 0x00, 0x7F, 0x00, 0x3E, 0x0F, 0xC0, 0x1F, 0xE0, 0x0F, 0xE1, 0xF8, 0x03, 0xF8, 0x00, 0xFE,
    0x7F, 0x00, 0xFF, 0x00, 0x1F, 0xFF, 0xE0, 0x1F, 0xC0, 0x03, 0xFF, 0xF8, 0x07, 0xF8, 0x00, 0x3F,
    0xFE, 0x00, 0x00, 0x00, 0x01, 0xFF, 0x80, 0x03, 0xFF, 0xC0, 0x00, 0xFF, 0xFF, 0x00, 0x0F, 0xFF,
    0xF8, 0x00, 0xFF, 0xFF, 0xE0, 0x07, 0xFF, 0xFE, 0x00, 0x7F, 0xFF, 0xF0, 0x07, 0xC7, 0xFF, 0x80,
    0x00, 0x0F, 0xF8, 0x00, 0x00, 0x7F, 0xC0, 0x00, 0x03, 0xFC, 0x00, 0x00, 0x3F, 0xC0, 0x00, 0x01,
    0xFE, 0x00, 0x00, 0x1F, 0xE0, 0x07, 0xFD, 0xFE, 0x01, 0xFF, 0xFF, 0xE0, 0x3F, 0xFF, 0xFE, 0x0F,
    0xFF, 0xFF, 0xE0, 0xFF, 0xFF, 0xFE, 0x1F, 0xFF, 0xFF, 0xE3, 0xFF, 0xCF, 0xFE, 0x3F, 0xE0, 0x1F,
    0xE7, 0xFC, 0x01, 0xFE, 0x7F, 0x80, 0x1F, 0xE7, 0xF8, 0x01, 0xFE, 0x7F, 0x80, 0x1F, 0xE7, 0xF0,
    0x01, 0xFE, 0x7F, 0x00, 0x1F, 0xEF, 0xF0, 0x03, 0xFC, 0x7F, 0x00, 0x3F, 0xC7, 0xF8, 0x03, 0xFC,
    0x7F, 0x80, 0x7F, 0x87, 0xFC, 0x0F, 0xF8, 0x7F, 0xF3, 0xFF, 0x03, 0xFF, 0xFF, 0xF0, 0x1F, 0xFF,
    0xFE, 0x01, 0xFF, 0xFF, 0xC0, 0x0F, 0xFF, 0xF8, 0x00, 0x3F, 0xFF, 0x00, 0x00, 0xFF, 0xC0, 0x00,
    0x00, 0x07, 0xF8, 0x00, 0x00, 0x00, 0xFF, 0x80, 0x00, 0x00, 0x1F, 0xF0, 0x00, 0x00, 0x07, 0xFE,
    0x00, 0x00, 0x00, 0xFF, 0xE0, 0x00, 0x00, 0x3F, 0xFC, 0x00, 0x00, 0x07, 0xFF, 0xC0, 0x00, 0x01,
    0xFF, 0xF8, 0x00, 0x00, 0x3F, 0xFF, 0x80, 0x00, 0x0F, 0xFF, 0xF0, 0x00, 0x01, 0xFF, 0xFF, 0x00,
    0x00, 0x3F, 0xDF, 0xE0, 0x00, 0x0F, 0xF3, 0xFC, 0x00, 0x01, 0xFE, 0x3F, 0xC0, 0x00, 0x7F, 0xC7,
    0xF8, 0x00, 0x0F, 0xF0, 0xFF, 0x80, 0x01, 0xFE, 0x0F, 0xF0, 0x00, 0x7F, 0x81, 0xFE, 0x00, 0x0F,
    0xF0, 0x3F, 0xE0, 0x03, 0xFE, 0x03, 0xFC, 0x00, 0x7F, 0x80, 0x7F, 0xC0, 0x0F, 0xF0, 0x0F, 0xF8,
    0x03, 0xFE, 0x00, 0xFF, 0x00, 0x7F, 0x80, 0x1F, 0xF0, 0x0F, 0xF0, 0x01, 0xFE, 0x03, 0xFE, 0x00,
    0x3F, 0xC0, 0x7F, 0x80, 0x07, 0xFC, 0x0F, 0xF0, 0x00, 0x7F, 0x83, 0xFF, 0xFF, 0xFF, 0xF0, 0x7F,
    0xFF, 0xFF, 0xFF, 0x0F, 0xFF, 0xFF, 0xFF, 0xE3, 0xFF, 0xFF, 0xFF, 0xFC, 0x7F, 0xFF, 0xFF, 0xFF,
    0xCF, 0xFF, 0xFF, 0xFF, 0xFB, 0xFF, 0xFF, 0xFF, 0xFF, 0x00, 0xFF, 0xFF, 0xFF, 0xFF, 0xFF, 0xFF,
    0xFF, 0xFF, 0xFF, 0xFF, 0xFF, 0xFF, 0xFF, 0xFF, 0xFF, 0xFF, 0xFF, 0xFF, 0xFF, 0xFF, 0xFF, 0xFF,
    0xFC, 0x00, 0x3F, 0xFF, 0xE0, 0x01, 0xFF, 0xFF, 0x00, 0x0F, 0xFF, 0xF8, 0x00, 0x7F, 0xFF, 0xC0,
    0x03, 0xFF, 0xFE, 0x00, 0x1F, 0xFF, 0xF0, 0x00, 0xFF, 0xFF, 0x80, 0x07, 0xFF, 0xFC, 0x00, 0x3F,
    0xFF, 0xE0, 0x01, 0xFF, 0xFF, 0x00, 0x0F, 0xFF, 0xF8, 0x00, 0x7F, 0xFF, 0xC0, 0x03, 0xFF, 0xFE,
    0x00, 0x1F, 0xFF, 0xF0, 0x00, 0xFF, 0xFF, 0x80, 0x07, 0xFF, 0xFC, 0x00, 0x3F, 0xFF, 0xE0, 0x01,
    0xFF, 0xFF, 0x00, 0x0F, 0xFF, 0xF8, 0x00, 0x7F, 0xFF, 0xC0, 0x03, 0xFF, 0xFE, 0x00, 0x1F, 0xFF,
    0xF0, 0x00, 0xFF, 0xFF, 0x80, 0x07, 0xFF, 0xFC, 0x00, 0x3F, 0xFF, 0xE0, 0x01, 0xFF, 0xFF, 0x00,
    0x0F, 0xFF, 0xF8, 0x00, 0x7F, 0xFF, 0xC0, 0x03, 0xFF, 0xFE, 0x00, 0x1F, 0xFF, 0xF0, 0x00, 0xFF,
    0xFF, 0x80, 0x07, 0xFF, 0xFC, 0x00, 0x3F, 0xFF, 0xE0, 0x01, 0xFF, 0x7F, 0xFF, 0xFF, 0xEF, 0xFF,
    0xFF, 0xFD, 0xFF, 0xFF, 0xFF, 0xBF, 0xFF, 0xFF, 0xF7, 0xFF, 0xFF, 0xFE, 0xFF, 0xFF, 0xFF, 0xCF,
    0xFF, 0xFF, 0xF9, 0xFF, 0x00, 0x00, 0x1F, 0xF0, 0x00, 0x01, 0xFF, 0x00, 0x00, 0x3F, 0xF0, 0x00,
    0x03, 0xFE, 0x00, 0x00, 0x3F, 0xE0, 0x00, 0x03, 0xFE, 0x00, 0x00, 0x7F, 0xC0, 0x00, 0x07, 0xFC,
    0x00, 0x00, 0x7F, 0xC0, 0x00, 0x0F, 0xFC, 0x00, 0x00, 0xFF, 0x80, 0x00, 0x0F, 0xF8, 0x00, 0x03,
    0xFE, 0x00, 0x00, 0xFF, 0xC0, 0x00, 0x1F, 0xF0, 0x00, 0x07, 0xFC, 0x00, 0x01, 0xFF, 0x00, 0x00,
    0x7F, 0xE0, 0x00, 0x0F, 0xF8, 0x00, 0x03, 0xFE, 0x00, 0x00, 0xFF, 0x80, 0x00, 0x1F, 0xF0, 0x00,
    0x07, 0xFC, 0x00, 0x01, 0xFF, 0x00, 0x00, 0x3F, 0xE0, 0x00, 0x0F, 0xFF, 0xFF, 0xFD, 0xFF, 0xFF,
    0xFF, 0xFF, 0xFF, 0xFF, 0xFF, 0xFF, 0xFF, 0xFF, 0xFF, 0xFF, 0xFF, 0xFF, 0xFF, 0xFF, 0xFF, 0xFF,
    0xFF, 0xFF, 0xFF, 0xFF, 0xFF, 0xFF, 0xFF, 0xFF, 0xFF, 0xFF, 0xFF, 0xFF, 0xFF, 0xFF, 0xFF, 0xFF,
    0xFF, 0xFF, 0xFF, 0xFF, 0x00, 0x00, 0x3F, 0x80, 0x00, 0x1F, 0xE0, 0x00, 0x07, 0xF0, 0x00, 0x03,
    0xFC, 0x00, 0x00, 0xFE, 0x00, 0x00, 0x7F, 0x80, 0x00, 0x1F, 0xC0, 0x00, 0x0F, 0xF0, 0x00, 0x03,
    0xF8, 0x00, 0x01, 0xFE, 0x00, 0x00, 0x7F, 0x00, 0x00, 0x3F, 0xC0, 0x00, 0x0F, 0xE0, 0x00, 0x07,
    0xF8, 0x00, 0x01, 0xFC, 0x00, 0x00, 0xFF, 0x00, 0x00, 0x3F, 0x80, 0x00, 0x1F, 0xE0, 0x00, 0x07,
    0xF0, 0x00, 0x03, 0xFC, 0x00, 0x00, 0xFE, 0x00, 0x00, 0x7F, 0x80, 0x00, 0x1F, 0xC0, 0x00, 0x0F,
    0xF0, 0x00, 0x03, 0xF8, 0x00, 0x01, 0xFE, 0x00, 0x00, 0xFF, 0x00, 0x00, 0x3F, 0xC0, 0x00, 0x1F,
    0xE0, 0x00, 0x07, 0xF8, 0x00, 0x03, 0xFC, 0x00, 0x00, 0xFF, 0x00, 0x00, 0x7F, 0x80, 0x00, 0x1F,
    0xE0, 0x00, 0x0F, 0xF0, 0x00, 0x00, 0x3F, 0x1F, 0xE7, 0xFF, 0xFF, 0xFF, 0xFF, 0xF7, 0xFD, 0xFE,
    0x3F, 0x00, 0x00, 0x00, 0x01, 0xFE, 0x00, 0x00, 0x03, 0xFC, 0x00, 0x00, 0x07, 0xF0, 0x00, 0x00,
    0x1F, 0xE0, 0x00, 0x00, 0x3F, 0xC0, 0x00, 0x00, 0x7F, 0x80, 0x00, 0x01, 0xFE, 0x00, 0x00, 0x03,
    0xFC, 0x00, 0x00, 0x07, 0xF8, 0x00, 0x00, 0x0F, 0xE0, 0x00, 0x00, 0x3F, 0xC0, 0x00, 0x00, 0x7F,
    0x80, 0x00, 0x00, 0xFE, 0x00, 0x00, 0x03, 0xFC, 0x00, 0x00, 0x07, 0xF8, 0x00, 0x00, 0x0F, 0xE0,
    0x00, 0x00, 0x1F, 0xC0, 0x00, 0x00, 0x7F, 0x80, 0x03, 0x80, 0xFE, 0x00, 0x3F, 0x81, 0xFC, 0x03,
    0xFF, 0x07, 0xF8, 0x1F, 0xFE, 0x0F, 0xF0, 0x3F, 0xFE, 0x1F, 0xC0, 0x3F, 0xFC, 0x7F, 0x80, 0x7F,
    0xFC, 0xFF, 0x00, 0xFF, 0xF9, 0xFC, 0x00, 0x87, 0xFB, 0xF8, 0x00, 0x0F, 0xFF, 0xF0, 0x00, 0x0F,
    0xFF, 0xC0, 0x00, 0x1F, 0xFF, 0x80, 0x00, 0x3F, 0xFF, 0x00, 0x00, 0x3F, 0xFC, 0x00, 0x00, 0x7F,
    0xF8, 0x00, 0x00, 0x7F, 0xF0, 0x00, 0x00, 0xFF, 0xC0, 0x00, 0x00, 0xFF, 0x80, 0x00, 0x01, 0xFF,
    0x00, 0x00, 0x03, 0xFE, 0x00, 0x00, 0x03, 0xF8, 0x00, 0x00, 0x0F, 0xF0, 0x3F, 0x80, 0x7F, 0xE1,
    0xFF, 0x83, 0xFF, 0xCF, 0xFF, 0x1F, 0xFF, 0xFF, 0xFE, 0x7F, 0xFF, 0xFF, 0xFB, 0xFD, 0xFF, 0xEF,
    0xEF, 0xE1, 0xFE, 0x1F, 0xFF, 0x83, 0xF0, 0x7F, 0xFE, 0x0F, 0xC1, 0xFF, 0xF8, 0x7F, 0x87, 0xFF,
    0xF7, 0xFF, 0xBF, 0x9F, 0xFF, 0xFF, 0xFE, 0x7F, 0xFF, 0xFF, 0xF8, 0xFF, 0xF7, 0xFF, 0xC1, 0xFF,
    0x87, 0xFE, 0x03, 0xFC, 0x0F, 0xE0, 0x00, 0x00, 0x40, 0x00, 0xFF, 0x00, 0x3F, 0xF0, 0x07, 0xFF,
    0x00, 0xFF, 0xF0, 0x1F, 0xFF, 0x01, 0xFF, 0xF0, 0x1F, 0xF8, 0x03, 0xFE, 0x00, 0x3F, 0xC0, 0x03,
    0xFC, 0x00, 0x3F, 0xC0, 0x03, 0xFC, 0x00, 0x3F, 0xC0, 0x03, 0xFC, 0x00, 0x3F, 0xC0, 0x03, 0xFC,
    0x00, 0x3F, 0xC0, 0x03, 0xFC, 0x00, 0x3F, 0xC0, 0x03, 0xFC, 0x00, 0x3F, 0xC0, 0x03, 0xFC, 0x00,
    0x3F, 0xC0, 0x03, 0xFC, 0x00, 0x3F, 0xC0, 0x03, 0xFC, 0x00, 0x3F, 0xC0, 0x03, 0xFC, 0x00, 0x3F,
    0xC0, 0x03, 0xFC, 0x00, 0x3F, 0xC0, 0x03, 0xFC, 0x00, 0x3F, 0xC0, 0x03, 0xFC, 0x00, 0x3F, 0xC0,
    0x03, 0xFC, 0x00, 0x3F, 0xC0, 0x03, 0xFC, 0x00, 0x3F, 0xC0, 0x03, 0xFC, 0x00, 0x7F, 0xC0, 0x0F,
    0xF8, 0x0F, 0xFF, 0x80, 0xFF, 0xF8, 0x0F, 0xFF, 0x00, 0xFF, 0xE0, 0x0F, 0xFC, 0x00, 0xFF, 0x00,
    0x06, 0x00, 0x00, 0x07, 0xE0, 0x07, 0x03, 0xFF, 0x01, 0xF8, 0xFF, 0xF8, 0x3F, 0x1F, 0xFF, 0xCF,
    0xE7, 0xFF, 0xFF, 0xFC, 0xFF, 0xFF, 0xFF, 0x3F, 0xDF, 0xFF, 0xE7, 0xE0, 0xFF, 0xF8, 0xFC, 0x07,
    0xFE, 0x07, 0x80, 0x3F, 0x80, 0x00, 0x00, 0x00, 0x00, 0x00, 0x00, 0x00, 0x7E, 0x00, 0x70, 0x3F,
    0xF0, 0x1F, 0xCF, 0xFF, 0x83, 0xF1, 0xFF, 0xFC, 0xFE, 0x7F, 0xFF, 0xFF, 0xCF, 0xFF, 0xFF, 0xF3,
    0xFD, 0xFF, 0xFE, 0x7F, 0x0F, 0xFF, 0x8F, 0xC0, 0x7F, 0xE0, 0x78, 0x03, 0xF8, 0x00, 0x00, 0x00,
    0x60, 0x00, 0x00, 0xF8, 0x00, 0x00, 0xFC, 0x00, 0x01, 0xF8, 0x00, 0x03, 0xF8, 0x00, 0x03, 0xF0,
    0xFF, 0xFF, 0xFF, 0xFF, 0xFF, 0xFF, 0xFF, 0xFF, 0xFF, 0xFF, 0xFF, 0xFF, 0xFF, 0xFF, 0xFF, 0xFF,
    0xFF, 0xFF, 0x00, 0x3F, 0x00, 0x00, 0x3F, 0x00, 0x00, 0x7E, 0x00, 0x00, 0x7E, 0x00, 0x00, 0xFC,
    0x00, 0xFF, 0xFF, 0xFF, 0xFF, 0xFF, 0xFF, 0xFF, 0xFF, 0xFF, 0xFF, 0xFF, 0xFF, 0xFF, 0xFF, 0xFF,
    0xFF, 0xFF, 0xFF, 0x0F, 0xE0, 0x00, 0x0F, 0xC0, 0x00, 0x1F, 0xC0, 0x00, 0x1F, 0x80, 0x00, 0x1F,
    0x80, 0x00, 0x0F, 0x00, 0x00, 0x03, 0x00, 0x00, 0x00, 0x00, 0x1E, 0x00, 0x00, 0xFE, 0x00, 0x07,
    0xFE, 0x00, 0x3F, 0xFE, 0x03, 0xFF, 0xFF, 0x1F, 0xFF, 0xFF, 0xFF, 0xFF, 0xFF, 0xFF, 0xFF, 0xFE,
    0xFF, 0xFF, 0xE0, 0xFF, 0xFF, 0x00, 0xFF, 0xF8, 0x00, 0xFF, 0xC0, 0x00, 0xFF, 0xF8, 0x00, 0xFF,
    0xFF, 0x00, 0xFF, 0xFF, 0xE0, 0xFF, 0xFF, 0xFE, 0xFF, 0xFF, 0xFF, 0x1F, 0xFF, 0xFF, 0x03, 0xFF,
    0xFF, 0x00, 0x3F, 0xFE, 0x00, 0x07, 0xFE, 0x00, 0x00, 0xFE, 0x00, 0x00, 0x1E, 0x00, 0x00, 0x00,
    0x00, 0x00, 0x00, 0xFF, 0xFF, 0xFF, 0xFF, 0xFF, 0xFF, 0xFF, 0xFF, 0xFF, 0xFF, 0xFF, 0xFF, 0xFF,
    0xFF, 0xFF, 0xFF, 0xFF, 0xFF, 0x38, 0x00, 0x00, 0x3F, 0x00, 0x00, 0x7F, 0xF0, 0x00, 0x7F, 0xFE,
    0x00, 0x7F, 0xFF, 0xC0, 0xFF, 0xFF, 0xF8, 0xFF, 0xFF, 0xFF, 0x3F, 0xFF, 0xFF, 0x07, 0xFF, 0xFF,
    0x00, 0xFF, 0xFF, 0x00, 0x1F, 0xFF, 0x00, 0x03, 0xFF, 0x00, 0x1F, 0xFF, 0x00, 0xFF, 0xFF, 0x07,
    0xFF, 0xFF, 0x3F, 0xFF, 0xFF, 0xFF, 0xFF, 0xFF, 0xFF, 0xFF, 0xF8, 0x7F, 0xFF, 0xC0, 0x7F, 0xFE,
    0x00, 0x7F, 0xF0, 0x00, 0x3F, 0x00, 0x00, 0x38, 0x00, 0x00, 0x00, 0x00, 0x00, 0x00, 0x00, 0x00,
    0xFF, 0xFF, 0xFF, 0xFF, 0xFF, 0xFF, 0xFF, 0xFF, 0xFF, 0xFF, 0xFF, 0xFF, 0xFF, 0xFF, 0xFF, 0xFF,
    0xFF, 0xFF, 0x01, 0xFF, 0x80, 0x0F, 0xFC, 0x07, 0xFF, 0xE0, 0x3F, 0xFF, 0x1F, 0xFF, 0xE0, 0xFF,
    0xFE, 0x1F, 0xFF, 0xC0, 0xFF, 0xFE, 0x3F, 0xFF, 0xC1, 0xFF, 0xFE, 0x7F, 0xFF, 0xC3, 0xFF, 0xFE,
    0x7F, 0xE3, 0x83, 0xFF, 0x1C, 0x7F, 0x80, 0x03, 0xFC, 0x00, 0xFF, 0x80, 0x07, 0xFC, 0x00, 0xFF,
    0x80, 0x07, 0xF8, 0x00, 0xFF, 0x00, 0x07, 0xF8, 0x00, 0xFF, 0x00, 0x07, 0xF8, 0x00, 0xFF, 0x00,
    0x07, 0xF8, 0x00, 0xFF, 0xFF, 0xC7, 0xFF, 0xFC, 0xFF, 0xFF, 0xC7, 0xFF, 0xFC, 0xFF, 0xFF, 0xC7,
    0xFF, 0xFC, 0xFF, 0xFF, 0xC7, 0xFF, 0xFC, 0xFF, 0xFF, 0xC7, 0xFF, 0xFC, 0xFF, 0xFF, 0xC7, 0xFF,
    0xFC, 0xFF, 0x00, 0x07, 0xF8, 0x00, 0xFF, 0x00, 0x07, 0xF8, 0x00, 0xFF, 0x00, 0x07, 0xF8, 0x00,
    0xFF, 0x00, 0x07, 0xF8, 0x00, 0xFF, 0x00, 0x07, 0xF8, 0x00, 0xFF, 0x00, 0x07, 0xF8, 0x00, 0xFF,
    0x00, 0x07, 0xF8, 0x00, 0xFF, 0x00, 0x07, 0xF8, 0x00, 0xFF, 0x00, 0x07, 0xF8, 0x00, 0xFF, 0x00,
    0x07, 0xF8, 0x00, 0xFF, 0x00, 0x07, 0xF8, 0x00, 0xFF, 0x00, 0x07, 0xF8, 0x00, 0xFF, 0x00, 0x07,
    0xF8, 0x00, 0xFF, 0x00, 0x07, 0xF8, 0x00, 0xFF, 0x00, 0x07, 0xF8, 0x00, 0xFF, 0x00, 0x07, 0xF8,
    0x00, 0xFF, 0x00, 0x07, 0xF8, 0x00, 0xFF, 0x00, 0x07, 0xF8, 0x00, 0xFF, 0x00, 0x07, 0xF8, 0x00,
    0xFF, 0x00, 0x07, 0xF8, 0x00, 0x01, 0xFF, 0x83, 0xF0, 0x1F, 0xFF, 0x1F, 0xE1, 0xFF, 0xFC, 0x7F,
    0xC7, 0xFF, 0xF3, 0xFF, 0x3F, 0xFF, 0x8F, 0xFD, 0xFF, 0xFE, 0x3F, 0xF7, 0xFE, 0x38, 0x7F, 0xDF,
    0xE0, 0x01, 0xFE, 0xFF, 0x80, 0x03, 0xF3, 0xFE, 0x00, 0x00, 0x0F, 0xF0, 0x00, 0x00, 0x3F, 0xC0,
    0x00, 0x00, 0xFF, 0x00, 0x00, 0x03, 0xFF, 0xFF, 0x1F, 0xEF, 0xFF, 0xFC, 0x7F, 0xBF, 0xFF, 0xF1,
    0xFE, 0xFF, 0xFF, 0xC7, 0xFB, 0xFF, 0xFF, 0x1F, 0xEF, 0xFF, 0xFC, 0x7F, 0xBF, 0xC0, 0x01, 0xFE,
    0xFF, 0x00, 0x07, 0xFB, 0xFC, 0x00, 0x1F, 0xEF, 0xF0, 0x00, 0x7F, 0xBF, 0xC0, 0x01, 0xFE, 0xFF,
    0x00, 0x07, 0xFB, 0xFC, 0x00, 0x1F, 0xEF, 0xF0, 0x00, 0x7F, 0xBF, 0xC0, 0x01, 0xFE, 0xFF, 0x00,
    0x07, 0xFB, 0xFC, 0x00, 0x1F, 0xEF, 0xF0, 0x00, 0x7F, 0xBF, 0xC0, 0x01, 0xFE, 0xFF, 0x00, 0x07,
    0xFB, 0xFC, 0x00, 0x1F, 0xEF, 0xF0, 0x00, 0x7F, 0xBF, 0xC0, 0x01, 0xFE, 0xFF, 0x00, 0x07, 0xFB,
    0xFC, 0x00, 0x1F, 0xEF, 0xF0, 0x00, 0x7F, 0x80, 0x01, 0xFF, 0x80, 0xF8, 0x01, 0xFF, 0xF1, 0xFE,
    0x01, 0xFF, 0xFC, 0x7F, 0x80, 0x7F, 0xFF, 0x1F, 0xE0, 0x3F, 0xFF, 0x87, 0xF8, 0x1F, 0xFF, 0xE1,
    0xFE, 0x07, 0xFE, 0x38, 0x7F, 0x81, 0xFE, 0x00, 0x1F, 0xE0, 0xFF, 0x80, 0x07, 0xF8, 0x3F, 0xE0,
    0x01, 0xFE, 0x0F, 0xF0, 0x00, 0x7F, 0x83, 0xFC, 0x00, 0x1F, 0xE0, 0xFF, 0x00, 0x07, 0xF8, 0x3F,
    0xFF, 0xF1, 0xFE, 0x0F, 0xFF, 0xFC, 0x7F, 0x83, 0xFF, 0xFF, 0x1F, 0xE0, 0xFF, 0xFF, 0xC7, 0xF8,
    0x3F, 0xFF, 0xF1, 0xFE, 0x0F, 0xFF, 0xFC, 0x7F, 0x83, 0xFC, 0x00, 0x1F, 0xE0, 0xFF, 0x00, 0x07,
    0xF8, 0x3F, 0xC0, 0x01, 0xFE, 0x0F, 0xF0, 0x00, 0x7F, 0x83, 0xFC, 0x00, 0x1F, 0xE0, 0xFF, 0x00,
    0x07, 0xF8, 0x3F, 0xC0, 0x01, 0xFE, 0x0F, 0xF0, 0x00, 0x7F, 0x83, 0xFC, 0x00, 0x1F, 0xE0, 0xFF,
    0x00, 0x07, 0xF8, 0x3F, 0xC0, 0x01, 0xFE, 0x0F, 0xF0, 0x00, 0x7F, 0x83, 0xFC, 0x00, 0x1F, 0xF0,
    0xFF, 0x00, 0x07, 0xFC, 0x3F, 0xC0, 0x01, 0xFF, 0xCF, 0xF0, 0x00, 0x3F, 0xFB, 0xFC, 0x00, 0x0F,
    0xFE, 0xFF, 0x00, 0x03, 0xFF, 0xBF, 0xC0, 0x00, 0x7F, 0xEF, 0xF0, 0x00, 0x0F, 0xF8, 0x00, 0x00,
    0x00, 0xFC, 0x01, 0xFF, 0x80, 0x0F, 0xFC, 0x1F, 0x80, 0xFF, 0xFC, 0x07, 0xFF, 0xC7, 0xF8, 0x7F,
    0xFF, 0x83, 0xFF, 0xF8, 0xFF, 0x8F, 0xFF, 0xE0, 0x7F, 0xFE, 0x3F, 0xF3, 0xFF, 0xFC, 0x1F, 0xFF,
    0xC7, 0xFE, 0xFF, 0xFF, 0x87, 0xFF, 0xF8, 0xFF, 0xDF, 0xF8, 0xE0, 0xFF, 0xC7, 0x0F, 0xFB, 0xFC,
    0x00, 0x1F, 0xE0, 0x01, 0xFE, 0xFF, 0x80, 0x07, 0xFC, 0x00, 0x1F, 0x9F, 0xF0, 0x00, 0xFF, 0x00,
    0x00, 0x03, 0xFC, 0x00, 0x1F, 0xE0, 0x00, 0x00, 0x7F, 0x80, 0x03, 0xFC, 0x00, 0x00, 0x0F, 0xF0,
    0x00, 0x7F, 0x80, 0x00, 0x01, 0xFF, 0xFF, 0x8F, 0xFF, 0xF8, 0x7F, 0xBF, 0xFF, 0xF1, 0xFF, 0xFF,
    0x0F, 0xF7, 0xFF, 0xFE, 0x3F, 0xFF, 0xE1, 0xFE, 0xFF, 0xFF, 0xC7, 0xFF, 0xFC, 0x3F, 0xDF, 0xFF,
    0xF8, 0xFF, 0xFF, 0x87, 0xFB, 0xFF, 0xFF, 0x1F, 0xFF, 0xF0, 0xFF, 0x7F, 0x80, 0x03, 0xFC, 0x00,
    0x1F, 0xEF, 0xF0, 0x00, 0x7F, 0x80, 0x03, 0xFD, 0xFE, 0x00, 0x0F, 0xF0, 0x00, 0x7F, 0xBF, 0xC0,
    0x01, 0xFE, 0x00, 0x0F, 0xF7, 0xF8, 0x00, 0x3F, 0xC0, 0x01, 0xFE, 0xFF, 0x00, 0x07, 0xF8, 0x00,
    0x3F, 0xDF, 0xE0, 0x00, 0xFF, 0x00, 0x07, 0xFB, 0xFC, 0x00, 0x1F, 0xE0, 0x00, 0xFF, 0x7F, 0x80,
    0x03, 0xFC, 0x00, 0x1F, 0xEF, 0xF0, 0x00, 0x7F, 0x80, 0x03, 0xFD, 0xFE, 0x00, 0x0F, 0xF0, 0x00,
    0x7F, 0xBF, 0xC0, 0x01, 0xFE, 0x00, 0x0F, 0xF7, 0xF8, 0x00, 0x3F, 0xC0, 0x01, 0xFE, 0xFF, 0x00,
    0x07, 0xF8, 0x00, 0x3F, 0xDF, 0xE0, 0x00, 0xFF, 0x00, 0x07, 0xFB, 0xFC, 0x00, 0x1F, 0xE0, 0x00,
    0xFF, 0x7F, 0x80, 0x03, 0xFC, 0x00, 0x1F, 0xEF, 0xF0, 0x00, 0x7F, 0x80, 0x03, 0xFD, 0xFE, 0x00,
    0x0F, 0xF0, 0x00, 0x7F, 0xBF, 0xC0, 0x01, 0xFE, 0x00, 0x0F, 0xF0, 0x01, 0xFF, 0x80, 0x0F, 0xFC,
    0x0F, 0xC0, 0x1F, 0xFF, 0x80, 0xFF, 0xF8, 0xFF, 0x01, 0xFF, 0xFE, 0x0F, 0xFF, 0xE3, 0xFC, 0x07,
    0xFF, 0xF0, 0x3F, 0xFF, 0x0F, 0xF0, 0x3F, 0xFF, 0xC1, 0xFF, 0xFC, 0x3F, 0xC1, 0xFF, 0xFF, 0x0F,
    0xFF, 0xF0, 0xFF, 0x07, 0xFE, 0x38, 0x3F, 0xF1, 0xC3, 0xFC, 0x1F, 0xE0, 0x00, 0xFF, 0x00, 0x0F,
    0xF0, 0xFF, 0x80, 0x07, 0xFC, 0x00, 0x3F, 0xC3, 0xFE, 0x00, 0x1F, 0xE0, 0x00, 0xFF, 0x0F, 0xF0,
    0x00, 0x7F, 0x80, 0x03, 0xFC, 0x3F, 0xC0, 0x01, 0xFE, 0x00, 0x0F, 0xF0, 0xFF, 0x00, 0x07, 0xF8,
    0x00, 0x3F, 0xC3, 0xFF, 0xFF, 0x1F, 0xFF, 0xF0, 0xFF, 0x0F, 0xFF, 0xFC, 0x7F, 0xFF, 0xC3, 0xFC,
    0x3F, 0xFF, 0xF1, 0xFF, 0xFF, 0x0F, 0xF0, 0xFF, 0xFF, 0xC7, 0xFF, 0xFC, 0x3F, 0xC3, 0xFF, 0xFF,
    0x1F, 0xFF, 0xF0, 0xFF, 0x0F, 0xFF, 0xFC, 0x7F, 0xFF, 0xC3, 0xFC, 0x3F, 0xC0, 0x01, 0xFE, 0x00,
    0x0F, 0xF0, 0xFF, 0x00, 0x07, 0xF8, 0x00, 0x3F, 0xC3, 0xFC, 0x00, 0x1F, 0xE0, 0x00, 0xFF, 0x0F,
    0xF0, 0x00, 0x7F, 0x80, 0x03, 0xFC, 0x3F, 0xC0, 0x01, 0xFE, 0x00, 0x0F, 0xF0, 0xFF, 0x00, 0x07,
    0xF8, 0x00, 0x3F, 0xC3, 0xFC, 0x00, 0x1F, 0xE0, 0x00, 0xFF, 0x0F, 0xF0, 0x00, 0x7F, 0x80, 0x03,
    0xFC, 0x3F, 0xC0, 0x01, 0xFE, 0x00, 0x0F, 0xF0, 0xFF, 0x00, 0x07, 0xF8, 0x00, 0x3F, 0xC3, 0xFC,
    0x00, 0x1F, 0xE0, 0x00, 0xFF, 0x0F, 0xF0, 0x00, 0x7F, 0x80, 0x03, 0xFC, 0x3F, 0xC0, 0x01, 0xFE,
    0x00, 0x0F, 0xF8, 0xFF, 0x00, 0x07, 0xF8, 0x00, 0x3F, 0xE3, 0xFC, 0x00, 0x1F, 0xE0, 0x00, 0xFF,
    0xEF, 0xF0, 0x00, 0x7F, 0x80, 0x01, 0xFF, 0xFF, 0xC0, 0x01, 0xFE, 0x00, 0x07, 0xFF, 0xFF, 0x00,
    0x07, 0xF8, 0x00, 0x1F, 0xFF, 0xFC, 0x00, 0x1F, 0xE0, 0x00, 0x3F, 0xFF, 0xF0, 0x00, 0x7F, 0x80,
    0x00, 0x7F, 0xC0, 0x00, 0x00, 0x00, 0x00, 0x00, 0x7E,
};

static const EpdGlyph ubuntu_24_boldGlyphs[] = {
    { 0, 0, 192, 0, 0, 0, 0 }, // U+0020
    { 10, 35, 229, 2, 35, 44, 0 }, // !
    { 19, 15, 372, 2, 38, 36, 44 }, // "
    { 31, 35, 559, 2, 35, 136, 80 }, // #
    { 26, 44, 454, 1, 39, 143, 216 }, // $
    { 44, 37, 734, 1, 36, 204, 359 }, // %
    { 34, 37, 564, 1, 36, 158, 563 }, // &
    { 8, 15, 198, 2, 38, 15, 721 }, // '
    { 15, 48, 285, 3, 39, 90, 736 }, // (
    { 15, 48, 285, 0, 39, 90, 826 }, // )
    { 22, 20, 402, 2, 35, 55, 916 }, // *
    { 24, 24, 454, 2, 27, 72, 971 }, // +
    { 11, 16, 197, 0, 8, 22, 1043 }, // ,
    { 15, 7, 272, 1, 19, 14, 1065 }, // -
    { 10, 9, 197, 1, 8, 12, 1079 }, // .
    { 26, 48, 350, -2, 39, 156, 1091 }, // /
    { 26, 37, 454, 1, 36, 121, 1247 }, // 0
    { 18, 35, 454, 3, 35, 79, 1368 }, // 1
    { 25, 36, 454, 1, 36, 113, 1447 }, // 2
    { 25, 37, 454, 1, 36, 116, 1560 }, // 3
    { 26, 35, 454, 1, 35, 114, 1676 }, // 4
    { 25, 36, 454, 1, 35, 113, 1790 }, // 5
    { 26, 36, 454, 1, 35, 117, 1903 }, // 6
    { 25, 35, 454, 2, 35, 110, 2020 }, // 7
    { 26, 37, 454, 1, 36, 121, 2130 }, // 8
    { 26, 36, 454, 1, 36, 117, 2251 }, // 9
    { 10, 27, 197, 1, 26, 34, 2368 }, // :
    { 11, 34, 197, 0, 26, 47, 2402 }, // ;
    { 24, 25, 454, 2, 27, 75, 2449 }, // <
    { 24, 17, 454, 2, 23, 51, 2524 }, // =
    { 24, 25, 454, 2, 27, 75, 2575 }, // >
    { 21, 36, 364, 1, 35, 95, 2650 }, // ?
    { 45, 44, 779, 2, 36, 248, 2745 }, // @
    { 36, 35, 577, 0, 35, 158, 2993 }, // A
    { 28, 36, 538, 4, 35, 126, 3151 }, // B
    { 30, 37, 518, 2, 36, 139, 3277 }, // C
    { 31, 36, 590, 4, 35, 140, 3416 }, // D
    { 25, 35, 485, 4, 35, 110, 3556 }, // E
    { 24, 35, 459, 4, 35, 105, 3666 }, // F
    { 30, 37, 562, 2, 36, 139, 3771 }, // G
    { 29, 35, 587, 4, 35, 127, 3910 }, // H
    { 8, 35, 253, 4, 35, 35, 4037 }, // I
    { 23, 36, 423, 0, 35, 104, 4072 }, // J
    { 30, 35, 547, 4, 35, 132, 4176 }, // K
    { 24, 35, 450, 4, 35, 105, 4308 }, // L
    { 39, 35, 718, 3, 35, 171, 4413 }, // M
    { 30, 35, 605, 4, 35, 132, 4584 }, // N
    { 35, 37, 632, 2, 36, 162, 4716 }, // O
    { 27, 35, 515, 4, 35, 119, 4878 }, // P
    { 35, 46, 632, 2, 36, 202, 4997 }, // Q
    { 29, 35, 534, 4, 35, 127, 5199 }, // R
    { 27, 37, 466, 1, 36, 125, 5326 }, // S
    { 29, 35, 491, 1, 35, 127, 5451 }, // T
    { 29, 36, 566, 3, 35, 131, 5578 }, // U
    { 36, 35, 578, 0, 35, 158, 5709 }, // V
    { 46, 35, 758, 1, 35, 202, 5867 }, // W
    { 34, 35, 540, 0, 35, 149, 6069 }, // X
    { 33, 35, 529, 0, 35, 145, 6218 }, // Y
    { 28, 35, 488, 1, 35, 123, 6363 }, // Z
    { 15, 48, 297, 4, 39, 90, 6486 }, // [
    { 26, 48, 350, -2, 39, 156, 6576 }, // <backslash>
    { 15, 48, 297, 0, 39, 90, 6732 }, // ]
    { 28, 20, 454, 0, 35, 70, 6822 }, // ^
    { 25, 6, 400, 0, -3, 19, 6892 }, // _
    { 12, 11, 229, 1, 40, 17, 6911 }, // `
    { 24, 28, 442, 1, 27, 84, 6928 }, // a
    { 25, 40, 483, 3, 39, 125, 7012 }, // b
    { 22, 28, 400, 2, 27, 77, 7137 }, // c
    { 25, 40, 483, 2, 39, 125, 7214 }, // d
    { 25, 28, 467, 2, 27, 88, 7339 }, // e
    { 19, 39, 338, 3, 39, 93, 7427 }, // f
    { 25, 36, 475, 2, 27, 113, 7520 }, // g
    { 24, 39, 471, 3, 39, 117, 7633 }, // h
    { 10, 39, 231, 2, 39, 49, 7750 }, // i
    { 16, 48, 231, -4, 39, 96, 7799 }, // j
    { 26, 39, 463, 3, 39, 127, 7895 }, // k
    { 13, 40, 253, 3, 39, 65, 8022 }, // l
    { 37, 27, 690, 3, 27, 125, 8087 }, // m
    { 24, 27, 471, 3, 27, 81, 8212 }, // n
    { 27, 28, 486, 2, 27, 95, 8293 }, // o
    { 25, 36, 483, 3, 27, 113, 8388 }, // p
    { 25, 36, 483, 2, 27, 113, 8501 }, // q
    { 18, 27, 338, 3, 27, 61, 8614 }, // r
    { 22, 28, 388, 1, 27, 77, 8675 }, // s
    { 18, 35, 355, 3, 34, 79, 8752 }, // t
    { 23, 27, 471, 3, 26, 78, 8831 }, // u
    { 27, 26, 440, 0, 26, 88, 8909 }, // v
    { 39, 26, 627, 0, 26, 127, 8997 }, // w
    { 28, 26, 443, 0, 26, 91, 9124 }, // x
    { 27, 35, 438, 0, 26, 119, 9215 }, // y
    { 23, 26, 400, 1, 26, 75, 9334 }, // z
    { 18, 48, 297, 1, 39, 108, 9409 }, // {
    { 8, 48, 258, 4, 39, 48, 9517 }, // |
    { 17, 48, 297, 0, 39, 102, 9565 }, // }
    { 27, 11, 454, 1, 21, 38, 9667 }, // ~
    { 0, 0, 192, 0, 0, 0, 9705 }, // U+00A0
    { 10, 35, 229, 2, 26, 44, 9705 }, // U+00A1
    { 22, 40, 454, 2, 34, 110, 9749 }, // U+00A2
    { 25, 36, 454, 1, 36, 113, 9859 }, // U+00A3
    { 27, 27, 454, 1, 32, 92, 9972 }, // U+00A4
    { 30, 35, 454, -1, 35, 132, 10064 }, // U+00A5
    { 8, 48, 242, 4, 39, 48, 10196 }, // U+00A6
    { 24, 41, 412, 1, 36, 123, 10244 }, // U+00A7
    { 20, 8, 429, 3, 38, 20, 10367 }, // U+00A8
    { 36, 35, 637, 2, 35, 158, 10387 }, // U+00A9
    { 18, 19, 319, 1, 35, 43, 10545 }, // U+00AA
    { 28, 25, 478, 1, 27, 88, 10588 }, // U+00AB
    { 24, 18, 454, 2, 20, 54, 10676 }, // U+00AC
    { 15, 7, 272, 1, 19, 14, 10730 }, // U+00AD
    { 36, 35, 637, 2, 35, 158, 10744 }, // U+00AE
    { 17, 5, 301, 1, 36, 11, 10902 }, // U+00AF
    { 17, 16, 290, 1, 39, 34, 10913 }, // U+00B0
    { 24, 32, 454, 2, 32, 96, 10947 }, // U+00B1
    { 17, 20, 290, 0, 35, 43, 11043 }, // U+00B2
    { 16, 21, 290, 0, 35, 42, 11086 }, // U+00B3
    { 12, 11, 229, 1, 40, 17, 11128 }, // U+00B4
    { 24, 35, 475, 3, 26, 105, 11145 }, // U+00B5
    { 30, 46, 568, 2, 36, 173, 11250 }, // U+00B6
    { 10, 9, 197, 1, 19, 12, 11423 }, // U+00B7
    { 12, 13, 261, 2, 1, 20, 11435 }, // U+00B8
    { 13, 20, 290, 1, 35, 33, 11455 }, // U+00B9
    { 21, 20, 366, 1, 35, 53, 11488 }, // U+00BA
    { 28, 25, 478, 1, 27, 88, 11541 }, // U+00BB
    { 43, 35, 702, 1, 35, 189, 11629 }, // U+00BC
    { 41, 35, 702, 1, 35, 180, 11818 }, // U+00BD
    { 43, 35, 702, 1, 35, 189, 11998 }, // U+00BE
    { 21, 35, 364, 1, 26, 92, 12187 }, // U+00BF
    { 36, 48, 577, 0, 48, 216, 12279 }, // U+00C0
    { 36, 48, 577, 0, 48, 216, 12495 }, // U+00C1
    { 36, 47, 577, 0, 47, 212, 12711 }, // U+00C2
    { 36, 45, 577, 0, 45, 203, 12923 }, // U+00C3
    { 36, 46, 577, 0, 46, 207, 13126 }, // U+00C4
    { 36, 45, 577, 0, 45, 203, 13333 }, // U+00C5
    { 48, 35, 795, 0, 35, 210, 13536 }, // U+00C6
    { 30, 47, 518, 2, 36, 177, 13746 }, // U+00C7
    { 25, 48, 485, 4, 48, 150, 13923 }, // U+00C8
    { 25, 48, 485, 4, 48, 150, 14073 }, // U+00C9
    { 25, 47, 485, 4, 47, 147, 14223 }, // U+00CA
    { 25, 46, 485, 4, 46, 144, 14370 }, // U+00CB
    { 13, 48, 253, 1, 48, 78, 14514 }, // U+00CC
    { 13, 48, 253, 2, 48, 78, 14592 }, // U+00CD
    { 16, 47, 253, 0, 47, 94, 14670 }, // U+00CE
    { 20, 46, 253, -2, 46, 115, 14764 }, // U+00CF
    { 35, 36, 598, 0, 35, 158, 14879 }, // U+00D0
    { 30, 45, 605, 4, 45, 169, 15037 }, // U+00D1
    { 35, 49, 632, 2, 48, 215, 15206 }, // U+00D2
    { 35, 49, 632, 2, 48, 215, 15421 }, // U+00D3
    { 35, 48, 632, 2, 47, 210, 15636 }, // U+00D4
    { 35, 46, 632, 2, 45, 202, 15846 }, // U+00D5
    { 35, 47, 632, 2, 46, 206, 16048 }, // U+00D6
    { 23, 22, 454, 3, 26, 64, 16254 }, // U+00D7
    { 35, 41, 632, 2, 38, 180, 16318 }, // U+00D8
    { 29, 49, 566, 3, 48, 178, 16498 }, // U+00D9
    { 29, 49, 566, 3, 48, 178, 16676 }, // U+00DA
    { 29, 48, 566, 3, 47, 174, 16854 }, // U+00DB
    { 29, 47, 566, 3, 46, 171, 17028 }, // U+00DC
    { 33, 48, 529, 0, 48, 198, 17199 }, // U+00DD
    { 27, 35, 515, 4, 35, 119, 17397 }, // U+00DE
    { 29, 40, 527, 3, 39, 145, 17516 }, // U+00DF
    { 24, 41, 442, 1, 40, 123, 17661 }, // U+00E0
    { 24, 41, 442, 1, 40, 123, 17784 }, // U+00E1
    { 24, 40, 442, 1, 39, 120, 17907 }, // U+00E2
    { 24, 38, 442, 1, 37, 114, 18027 }, // U+00E3
    { 24, 39, 442, 1, 38, 117, 18141 }, // U+00E4
    { 24, 42, 442, 1, 41, 126, 18258 }, // U+00E5
    { 41, 28, 699, 1, 27, 144, 18384 }, // U+00E6
    { 22, 38, 400, 2, 27, 105, 18528 }, // U+00E7
    { 25, 41, 467, 2, 40, 129, 18633 }, // U+00E8
    { 25, 41, 467, 2, 40, 129, 18762 }, // U+00E9
    { 25, 40, 467, 2, 39, 125, 18891 }, // U+00EA
    { 25, 39, 467, 2, 38, 122, 19016 }, // U+00EB
    { 12, 40, 231, 1, 40, 60, 19138 }, // U+00EC
    { 12, 40, 231, 2, 40, 60, 19198 }, // U+00ED
    { 17, 39, 231, -1, 39, 83, 19258 }, // U+00EE
    { 20, 38, 231, -3, 38, 95, 19341 }, // U+00EF
    { 27, 40, 481, 2, 39, 135, 19436 }, // U+00F0
    { 24, 37, 471, 3, 37, 111, 19571 }, // U+00F1
    { 27, 41, 486, 2, 40, 139, 19682 }, // U+00F2
    { 27, 41, 486, 2, 40, 139, 19821 }, // U+00F3
    { 27, 40, 486, 2, 39, 135, 19960 }, // U+00F4
    { 27, 38, 486, 2, 37, 129, 20095 }, // U+00F5
    { 27, 39, 486, 2, 38, 132, 20224 }, // U+00F6
    { 24, 28, 454, 2, 29, 84, 20356 }, // U+00F7
    { 27, 32, 486, 2, 29, 108, 20440 }, // U+00F8
    { 23, 41, 471, 3, 40, 118, 20548 }, // U+00F9
    { 23, 41, 471, 3, 40, 118, 20666 }, // U+00FA
    { 23, 40, 471, 3, 39, 115, 20784 }, // U+00FB
    { 23, 39, 471, 3, 38, 113, 20899 }, // U+00FC
    { 27, 49, 438, 0, 40, 166, 21012 }, // U+00FD
    { 25, 48, 483, 3, 39, 150, 21178 }, // U+00FE
    { 27, 47, 438, 0, 38, 159, 21328 }, // U+00FF
    { 47, 35, 798, 2, 35, 206, 21487 }, // U+0152
    { 43, 28, 750, 2, 27, 151, 21693 }, // U+0153
    { 27, 48, 466, 1, 47, 162, 21844 }, // U+0160
    { 22, 40, 388, 1, 39, 110, 22006 }, // U+0161
    { 33, 46, 529, 0, 46, 190, 22116 }, // U+0178
    { 28, 47, 488, 1, 47, 165, 22306 }, // U+017D
    { 23, 39, 400, 1, 39, 113, 22471 }, // U+017E
    { 26, 48, 338, -4, 39, 156, 22584 }, // U+0192
    { 16, 10, 318, 2, 39, 20, 22740 }, // U+02C6
    { 19, 7, 298, 0, 37, 17, 22760 }, // U+02DC
    { 17, 9, 312, 1, 39, 20, 22777 }, // U+0311
    { 25, 6, 400, 0, 18, 19, 22797 }, // U+2013
    { 50, 6, 800, 0, 18, 38, 22816 }, // U+2014
    { 50, 6, 800, 0, 18, 38, 22854 }, // U+2015
    { 10, 14, 194, 2, 39, 18, 22892 }, // U+2018
    { 11, 15, 194, 0, 39, 21, 22910 }, // U+2019
    { 11, 15, 194, 0, 8, 21, 22931 }, // U+201A
    { 20, 14, 363, 2, 39, 35, 22952 }, // U+201C
    { 21, 15, 363, 0, 39, 40, 22987 }, // U+201D
    { 21, 15, 363, 0, 8, 40, 23027 }, // U+201E
    { 22, 42, 395, 1, 35, 116, 23067 }, // U+2020
    { 22, 42, 395, 1, 35, 116, 23183 }, // U+2021
    { 16, 14, 291, 1, 25, 28, 23299 }, // U+2022
    { 44, 9, 800, 3, 8, 50, 23327 }, // U+2026
    { 64, 37, 1056, 1, 36, 296, 23377 }, // U+2030
    { 14, 25, 262, 1, 27, 44, 23673 }, // U+2039
    { 15, 25, 262, 1, 27, 47, 23717 }, // U+203A
    { 26, 35, 122, -9, 35, 114, 23764 }, // U+2044
    { 18, 21, 290, 0, 35, 48, 23878 }, // U+2070
    { 17, 20, 290, 1, 35, 43, 23926 }, // U+2074
    { 16, 20, 290, 1, 35, 40, 23969 }, // U+2075
    { 16, 20, 290, 1, 35, 40, 24009 }, // U+2076
    { 16, 20, 290, 1, 35, 40, 24049 }, // U+2077
    { 17, 21, 290, 1, 35, 45, 24089 }, // U+2078
    { 16, 20, 290, 1, 35, 40, 24134 }, // U+2079
    { 18, 21, 290, 0, 20, 48, 24174 }, // U+2080
    { 13, 20, 290, 1, 20, 33, 24222 }, // U+2081
    { 17, 20, 290, 0, 20, 43, 24255 }, // U+2082
    { 16, 21, 290, 0, 20, 42, 24298 }, // U+2083
    { 17, 20, 290, 1, 20, 43, 24340 }, // U+2084
    { 16, 20, 290, 1, 20, 40, 24383 }, // U+2085
    { 16, 20, 290, 1, 20, 40, 24423 }, // U+2086
    { 16, 20, 290, 1, 20, 40, 24463 }, // U+2087
    { 17, 21, 290, 1, 20, 45, 24503 }, // U+2088
    { 16, 20, 290, 1, 20, 40, 24548 }, // U+2089
    { 27, 37, 454, 2, 36, 125, 24588 }, // U+20AC
    { 28, 35, 454, 0, 35, 123, 24713 }, // U+20AE
    { 27, 37, 454, 1, 36, 125, 24836 }, // U+20B4
    { 28, 35, 454, 2, 35, 123, 24961 }, // U+20B9
    { 25, 39, 433, 1, 39, 122, 25084 }, // U+2113
    { 52, 36, 897, 4, 36, 234, 25206 }, // U+2116
    { 41, 18, 683, 1, 35, 93, 25440 }, // U+2122
    { 36, 36, 626, 2, 36, 162, 25533 }, // U+2126
    { 41, 35, 749, 3, 35, 180, 25695 }, // U+212E
    { 41, 36, 702, 1, 35, 185, 25875 }, // U+2153
    { 42, 36, 702, 0, 35, 189, 26060 }, // U+2154
    { 42, 35, 702, 1, 35, 184, 26249 }, // U+2155
    { 43, 35, 702, 0, 35, 189, 26433 }, // U+2156
    { 42, 35, 702, 1, 35, 184, 26622 }, // U+2157
    { 42, 35, 702, 1, 35, 184, 26806 }, // U+2158
    { 42, 35, 702, 1, 35, 184, 26990 }, // U+2159
    { 42, 35, 702, 1, 35, 184, 27174 }, // U+215A
    { 42, 36, 702, 1, 35, 189, 27358 }, // U+215B
    { 42, 36, 702, 1, 35, 189, 27547 }, // U+215C
    { 42, 36, 702, 1, 35, 189, 27736 }, // U+215D
    { 43, 36, 702, 0, 35, 194, 27925 }, // U+215E
    { 28, 39, 490, 1, 39, 137, 28119 }, // U+2202
    { 35, 35, 554, 0, 35, 154, 28256 }, // U+2206
    { 29, 40, 584, 4, 35, 145, 28410 }, // U+220F
    { 27, 40, 434, 0, 35, 135, 28555 }, // U+2211
    { 24, 6, 454, 2, 18, 18, 28690 }, // U+2212
    { 26, 35, 122, -9, 35, 114, 28708 }, // U+2215
    { 10, 9, 197, 1, 19, 12, 28822 }, // U+2219
    { 31, 39, 482, 1, 39, 152, 28834 }, // U+221A
    { 30, 16, 509, 1, 23, 60, 28986 }, // U+221E
    { 20, 50, 321, 0, 40, 125, 29046 }, // U+222B
    { 27, 22, 454, 1, 26, 75, 29171 }, // U+2248
    { 24, 30, 454, 2, 29, 90, 29246 }, // U+2260
    { 24, 31, 454, 2, 31, 93, 29336 }, // U+2264
    { 24, 31, 454, 2, 31, 93, 29429 }, // U+2265
    { 40, 39, 673, 3, 39, 195, 29522 }, // U+FB00
    { 30, 39, 566, 3, 39, 147, 29717 }, // U+FB01
    { 34, 40, 589, 3, 39, 170, 29864 }, // U+FB02
    { 51, 39, 902, 3, 39, 249, 30034 }, // U+FB03
    { 54, 40, 924, 3, 39, 270, 30283 }, // U+FB04
};

static const EpdUnicodeInterval ubuntu_24_boldIntervals[] = {
    { 0x20, 0x7E, 0x0 },
    { 0xA0, 0xFF, 0x5F },
    { 0x152, 0x153, 0xBF },
    { 0x160, 0x161, 0xC1 },
    { 0x178, 0x178, 0xC3 },
    { 0x17D, 0x17E, 0xC4 },
    { 0x192, 0x192, 0xC6 },
    { 0x2C6, 0x2C6, 0xC7 },
    { 0x2DC, 0x2DC, 0xC8 },
    { 0x311, 0x311, 0xC9 },
    { 0x2013, 0x2015, 0xCA },
    { 0x2018, 0x201A, 0xCD },
    { 0x201C, 0x201E, 0xD0 },
    { 0x2020, 0x2022, 0xD3 },
    { 0x2026, 0x2026, 0xD6 },
    { 0x2030, 0x2030, 0xD7 },
    { 0x2039, 0x203A, 0xD8 },
    { 0x2044, 0x2044, 0xDA },
    { 0x2070, 0x2070, 0xDB },
    { 0x2074, 0x2079, 0xDC },
    { 0x2080, 0x2089, 0xE2 },
    { 0x20AC, 0x20AC, 0xEC },
    { 0x20AE, 0x20AE, 0xED },
    { 0x20B4, 0x20B4, 0xEE },
    { 0x20B9, 0x20B9, 0xEF },
    { 0x2113, 0x2113, 0xF0 },
    { 0x2116, 0x2116, 0xF1 },
    { 0x2122, 0x2122, 0xF2 },
    { 0x2126, 0x2126, 0xF3 },
    { 0x212E, 0x212E, 0xF4 },
    { 0x2153, 0x215E, 0xF5 },
    { 0x2202, 0x2202, 0x101 },
    { 0x2206, 0x2206, 0x102 },
    { 0x220F, 0x220F, 0x103 },
    { 0x2211, 0x2212, 0x104 },
    { 0x2215, 0x2215, 0x106 },
    { 0x2219, 0x221A, 0x107 },
    { 0x221E, 0x221E, 0x109 },
    { 0x222B, 0x222B, 0x10A },
    { 0x2248, 0x2248, 0x10B },
    { 0x2260, 0x2260, 0x10C },
    { 0x2264, 0x2265, 0x10D },
    { 0xFB00, 0xFB04, 0x10F },
};

static const uint16_t ubuntu_24_boldKernLeftCodepoints[] = {
    0x0022, 0x0026, 0x0027, 0x0028, 0x0029, 0x002A, 0x002C, 0x002D, 0x002E, 0x002F, 0x003A, 0x003B,
    0x0040, 0x0041, 0x0042, 0x0043, 0x0044, 0x0045, 0x0046, 0x0047, 0x0048, 0x0049, 0x004A, 0x004B,
    0x004C, 0x004D, 0x004E, 0x004F, 0x0050, 0x0051, 0x0052, 0x0053, 0x0054, 0x0055, 0x0056, 0x0057,
    0x0058, 0x0059, 0x005A, 0x005B, 0x005C, 0x005D, 0x0061, 0x0062, 0x0063, 0x0064, 0x0066, 0x0067,
    0x0068, 0x0069, 0x006A, 0x006B, 0x006C, 0x006D, 0x006E, 0x006F, 0x0070, 0x0071, 0x0072, 0x0073,
    0x0074, 0x0075, 0x0076, 0x0077, 0x0078, 0x0079, 0x007A, 0x007B, 0x007D, 0x00A1, 0x00AB, 0x00BB,
    0x00BF, 0x00C0, 0x00C1, 0x00C2, 0x00C3, 0x00C4, 0x00C5, 0x00C6, 0x00C7, 0x00C8, 0x00C9, 0x00CA,
    0x00CB, 0x00CC, 0x00CD, 0x00CE, 0x00CF, 0x00D0, 0x00D1, 0x00D2, 0x00D3, 0x00D4, 0x00D5, 0x00D6,
    0x00D8, 0x00D9, 0x00DA, 0x00DB, 0x00DC, 0x00DD, 0x00DE, 0x00DF, 0x00E0, 0x00E1, 0x00E2, 0x00E3,
    0x00E4, 0x00E5, 0x00E7, 0x00EC, 0x00ED, 0x00EE, 0x00EF, 0x00F0, 0x00F1, 0x00F2, 0x00F3, 0x00F4,
    0x00F5, 0x00F6, 0x00F8, 0x00F9, 0x00FA, 0x00FB, 0x00FC, 0x00FD, 0x00FE, 0x00FF, 0x0152, 0x0160,
    0x0161, 0x0178, 0x017D, 0x017E, 0x0192, 0x2013, 0x2014, 0x2018, 0x2019, 0x201A, 0x201C, 0x201D,
    0x201E, 0x2026, 0x2039, 0x203A, 0xFB00, 0xFB01, 0xFB02, 0xFB03, 0xFB04,
};

static const uint8_t ubuntu_24_boldKernLeftClassIds[] = {
      1,   2,   1,   3,   4,   5,   6,   7,   6,   8,   9,   9,  10,  11,  12,  13,
     14,  15,  16,  17,  18,  18,  19,  20,  21,  22,  18,  23,  24,  25,  26,  27,
     28,  29,  30,  31,  32,  33,  34,  35,  36,  37,  38,  39,  40,  41,  42,  43,
     44,  45,  46,  47,  48,  49,  49,  50,  39,  51,  52,  53,  54,  55,  56,  57,
     58,  59,  60,  61,  62,  63,  64,  65,  66,  11,  11,  11,  11,  11,  11,  15,
     13,  15,  15,  15,  15,  18,  18,  18,  18,  14,  18,  23,  23,  23,  23,  23,
     23,  29,  29,  29,  29,  33,  67,  68,  38,  38,  38,  38,  38,  38,  40,  45,
     45,  45,  45,  69,  49,  50,  50,  50,  50,  50,  50,  55,  55,  55,  55,  59,
     70,  59,  15,  27,  53,  33,  34,  60,  42,   7,   7,  71,  72,  73,  71,  72,
     73,   6,  64,  65,  42,  45,  48,  45,  48,
};

static const uint16_t ubuntu_24_boldKernRightCodepoints[] = {
    0x0021, 0x0022, 0x0026, 0x0027, 0x0028, 0x0029, 0x002A, 0x002C, 0x002D, 0x002E, 0x002F, 0x003A,
    0x003B, 0x003F, 0x0040, 0x0041, 0x0042, 0x0043, 0x0044, 0x0045, 0x0046, 0x0047, 0x0048, 0x0049,
    0x004A, 0x004B, 0x004C, 0x004D, 0x004E, 0x004F, 0x0050, 0x0051, 0x0052, 0x0053, 0x0054, 0x0055,
    0x0056, 0x0057, 0x0058, 0x0059, 0x005A, 0x005B, 0x005C, 0x005D, 0x0061, 0x0062, 0x0063, 0x0064,
    0x0065, 0x0066, 0x0067, 0x0068, 0x0069, 0x006A, 0x006B, 0x006C, 0x006D, 0x006E, 0x006F, 0x0070,
    0x0071, 0x0072, 0x0073, 0x0074, 0x0075, 0x0076, 0x0077, 0x0078, 0x0079, 0x007A, 0x007B, 0x007D,
    0x00AB, 0x00BB, 0x00C0, 0x00C1, 0x00C2, 0x00C3, 0x00C4, 0x00C5, 0x00C6, 0x00C7, 0x00C8, 0x00C9,
    0x00CA, 0x00CB, 0x00CC, 0x00CD, 0x00CE, 0x00CF, 0x00D0, 0x00D1, 0x00D2, 0x00D3, 0x00D4, 0x00D5,
    0x00D6, 0x00D8, 0x00D9, 0x00DA, 0x00DB, 0x00DC, 0x00DD, 0x00DF, 0x00E0, 0x00E1, 0x00E2, 0x00E3,
    0x00E4, 0x00E5, 0x00E6, 0x00E7, 0x00E8, 0x00E9, 0x00EA, 0x00EB, 0x00EC, 0x00ED, 0x00EE, 0x00EF,
    0x00F0, 0x00F1, 0x00F2, 0x00F3, 0x00F4, 0x00F5, 0x00F6, 0x00F8, 0x00F9, 0x00FA, 0x00FB, 0x00FC,
    0x00FD, 0x00FF, 0x0152, 0x0153, 0x0160, 0x0161, 0x0178, 0x017D, 0x017E, 0x0192, 0x2013, 0x2014,
    0x2018, 0x2019, 0x201A, 0x201C, 0x201D, 0x201E, 0x2026, 0x2039, 0x203A, 0xFB00, 0xFB01, 0xFB02,
    0xFB03, 0xFB04,
};

static const uint8_t ubuntu_24_boldKernRightClassIds[] = {
      1,   2,   3,   2,   4,   5,   6,   7,   8,   7,   9,  10,  10,  11,  12,  13,
     14,  15,  14,  14,  14,  16,  14,  14,  17,  14,  14,  18,  14,  19,  14,  19,
     14,  20,  21,  22,  23,  24,  25,  26,  27,  28,  29,  30,  31,  32,  33,  34,
     33,  35,  33,  32,  36,  37,  32,  32,  38,  38,  34,  38,  33,  38,  39,  40,
     41,  42,  43,  44,  45,  46,  47,  48,  49,  50,  13,  13,  13,  13,  13,  13,
     51,  15,  14,  14,  14,  14,  14,  14,  14,  14,  14,  14,  19,  19,  19,  19,
     19,  19,  22,  22,  22,  22,  26,  52,  31,  31,  31,  31,  53,  31,  31,  33,
     33,  33,  33,  33,  54,  36,  55,  56,  57,  38,  34,  34,  34,  34,  34,  34,
     41,  41,  41,  41,  45,  45,  19,  34,  20,  39,  26,  27,  46,  37,   8,   8,
     58,  59,  60,  58,  59,  60,   7,  49,  50,  35,  35,  35,  35,  35,
};

static const uint16_t ubuntu_24_boldKernRowOffsets[] = {
        0,     5,    23,    55,    69,    87,   111,   129,   157,   170,   180,   220,   243,   281,   300,   317,
      353,   365,   366,   374,   414,   455,   464,   483,   511,   530,   564,   584,   630,   639,   680,   720,
      763,   809,   844,   875,   901,   902,   915,   933,   952,   964,   992,  1004,  1017,  1028,  1040,  1066,
     1085,  1098,  1116,  1129,  1152,  1161,  1179,  1190,  1210,  1231,  1255,  1275,  1294,  1298,  1304,  1308,
     1318,  1338,  1376,  1397,  1412,  1423,  1435,  1459,  1492,  1523,
};

static const uint8_t ubuntu_24_boldKernSparseCols[] = {
     12,  16,  22,  23,  50,  12,  14,  15,  16,  18,  20,  22,  23,  24,  25,  30,
     32,  33,  41,  42,  43,  44,  52,   3,   4,   5,   7,  11,  14,  15,  18,  20,
     22,  23,  24,  25,  26,  30,  32,  33,  34,  35,  36,  37,  38,  40,  41,  42,
     44,  51,  52,  53,  54,  55,  56,   3,   5,   7,  11,  12,  16,  20,  22,  23,
     24,  25,  26,  43,  50,  11,  12,  16,  17,  24,  25,  30,  32,  33,  36,  38,
     41,  42,  43,  44,  50,  52,  56,  12,  14,  15,  16,  18,  19,  20,  21,  22,
     23,  24,  25,  26,  30,  32,  33,  41,  42,  43,  44,  45,  50,  52,  56,  14,
     15,  16,  18,  20,  22,  24,  25,  26,  30,  32,  33,  34,  42,  43,  50,  52,
     56,  11,  12,  14,  15,  16,  18,  20,  22,  23,  24,  25,  26,  30,  31,  32,
     33,  35,  36,  37,  38,  40,  45,  50,  52,  53,  54,  55,  56,  12,  16,  20,
     22,  24,  25,  26,  41,  42,  43,  44,  45,  50,  12,  16,  20,  22,  23,  24,
     25,  26,  43,  50,   1,   3,   5,   6,   8,   9,  10,  12,  14,  15,  16,  18,
     19,  20,  21,  22,  23,  24,  25,  26,  28,  29,  30,  32,  33,  38,  41,  42,
     43,  44,  45,  46,  48,  49,  50,  52,  56,  57,  58,  59,   4,   5,   7,   8,
      9,  10,  12,  20,  22,  23,  24,  25,  28,  29,  41,  43,  44,  45,  47,  48,
     49,  50,  59,   2,   3,   4,   5,   6,   7,   8,   9,  10,  12,  14,  15,  16,
     18,  19,  20,  22,  23,  24,  25,  26,  28,  29,  30,  32,  33,  38,  40,  43,
     45,  48,  49,  50,  52,  56,  57,  58,  59,   4,   6,   7,   8,  10,  12,  16,
     20,  22,  23,  24,  25,  26,  29,  47,  48,  50,  58,  59,  16,  18,  22,  24,
     25,  26,  30,  32,  33,  43,  49,  50,  52,  56,  57,  58,  59,   2,   3,   4,
      6,   7,   8,  10,  11,  12,  14,  15,  16,  17,  18,  20,  22,  23,  24,  25,
     28,  29,  30,  32,  33,  37,  38,  40,  43,  45,  49,  50,  52,  56,  57,  58,
     59,   5,   6,   7,   9,  20,  22,  23,  25,  41,  44,  57,  59,   8,   8,  12,
     16,  28,  49,  50,  57,  58,   2,   3,   4,   5,   6,   7,   8,   9,  11,  12,
     14,  15,  16,  18,  20,  22,  23,  24,  25,  26,  28,  29,  30,  32,  33,  38,
     39,  40,  41,  42,  43,  44,  45,  46,  48,  50,  52,  55,  56,  59,   0,   1,
      2,   5,   6,   7,   8,   9,  10,  12,  14,  15,  16,  17,  18,  19,  20,  21,
     22,  23,  24,  25,  26,  28,  29,  30,  38,  41,  42,  43,  44,  45,  46,  47,
     48,  49,  50,  52,  57,  58,  59,   5,   8,  10,  20,  22,  25,  28,  57,  58,
      4,   6,   7,   8,  10,  12,  16,  20,  22,  23,  24,  25,  26,  29,  47,  48,
     50,  58,  59,   2,   4,   6,   8,   9,  12,  16,  20,  24,  25,  27,  29,  30,
     32,  33,  41,  42,  43,  44,  47,  48,  49,  50,  52,  56,  57,  58,  59,   4,
      6,   7,   8,  10,  12,  16,  20,  22,  23,  24,  25,  26,  29,  36,  48,  50,
     58,  59,   5,   6,   7,   8,   9,  10,  11,  12,  14,  15,  16,  18,  20,  21,
     22,  24,  25,  26,  28,  29,  30,  32,  33,  39,  40,  43,  45,  48,  50,  52,
     56,  57,  58,  59,   4,   5,   6,   7,   8,  10,  20,  22,  23,  25,  30,  41,
     42,  43,  44,  48,  50,  52,  57,  59,   2,   3,   4,   6,   7,   8,   9,  10,
     11,  12,  14,  15,  16,  17,  18,  20,  22,  23,  24,  25,  26,  28,  29,  30,
     32,  33,  37,  38,  40,  41,  42,  43,  44,  45,  46,  48,  49,  50,  52,  53,
     54,  55,  56,  57,  58,  59,   6,   8,   9,  12,  16,  28,  50,  57,  58,   1,
      2,   3,   4,   6,   7,   8,   9,  10,  11,  12,  14,  15,  16,  17,  18,  20,
     22,  23,  24,  25,  26,  28,  29,  30,  32,  33,  37,  38,  40,  45,  46,  48,
     50,  52,  53,  55,  56,  57,  58,  59,   1,   2,   3,   4,   6,   8,  10,  11,
     12,  14,  15,  16,  18,  20,  22,  23,  24,  25,  26,  28,  29,  30,  32,  33,
     37,  38,  40,  41,  42,  43,  44,  46,  48,  50,  52,  55,  56,  57,  58,  59,
      2,   3,   4,   5,   6,   7,   8,   9,  10,  11,  12,  14,  15,  16,  18,  19,
     20,  22,  23,  24,  25,  26,  28,  29,  30,  32,  33,  38,  40,  41,  42,  43,
     44,  45,  46,  48,  50,  52,  55,  56,  57,  58,  59,   0,   2,   3,   4,   5,
      6,   7,   8,   9,  10,  11,  12,  14,  15,  16,  17,  18,  19,  20,  22,  23,
     24,  25,  26,  28,  29,  30,  32,  33,  37,  38,  40,  41,  43,  44,  45,  46,
     48,  49,  50,  52,  55,  56,  57,  58,  59,   2,   4,   6,   7,   9,  10,  11,
     12,  14,  15,  16,  18,  19,  20,  22,  23,  24,  25,  26,  28,  29,  30,  32,
     33,  43,  45,  48,  49,  50,  52,  54,  55,  57,  58,  59,  12,  14,  15,  16,
     18,  20,  22,  23,  24,  25,  26,  29,  30,  32,  33,  35,  36,  37,  38,  40,
     41,  42,  43,  44,  45,  50,  52,  53,  54,  55,  56,  12,  13,  14,  15,  16,
     17,  18,  20,  21,  22,  23,  24,  25,  26,  30,  32,  33,  36,  39,  40,  41,
     42,  44,  50,  52,  56,  36,   1,   4,   5,  10,  28,  29,  41,  42,  44,  47,
     57,  58,  59,   1,   4,   5,   6,   7,   8,  10,  28,  29,  41,  42,  43,  44,
     45,  47,  48,  57,  58,   6,   7,   9,  10,  11,  29,  30,  32,  33,  41,  42,
     43,  44,  48,  52,  56,  57,  58,  59,   4,   5,   7,  10,  28,  29,  41,  42,
     44,  57,  58,  59,   4,   5,   6,   8,   9,  10,  28,  29,  30,  32,  33,  35,
     36,  41,  42,  43,  44,  47,  48,  49,  52,  53,  54,  55,  56,  57,  58,  59,
      4,   5,  10,  28,  29,  36,  41,  42,  44,  57,  58,  59,   1,   4,   5,  10,
     28,  29,  41,  42,  44,  47,  57,  58,  59,   4,   5,  10,  28,  29,  41,  42,
     44,  57,  58,  59,   4,   5,  10,  28,  29,  36,  41,  42,  44,  57,  58,  59,
      2,   3,   5,   6,   7,   8,   9,  11,  29,  30,  32,  33,  39,  40,  41,  42,
     43,  44,  45,  46,  48,  52,  56,  57,  58,  59,   4,   5,   6,   9,  10,  28,
     29,  30,  41,  42,  43,  44,  45,  48,  49,  52,  57,  58,  59,   1,   4,   5,
     10,  28,  29,  41,  42,  44,  47,  57,  58,  59,   1,   4,   5,   6,   7,   8,
     10,  28,  29,  41,  42,  43,  44,  45,  47,  48,  57,  58,   4,   5,   8,  10,
     28,  29,  36,  41,  42,  44,  57,  58,  59,   2,   5,   6,   8,   9,  10,  28,
     29,  30,  32,  33,  41,  42,  43,  44,  45,  48,  49,  52,  56,  57,  58,  59,
      4,   5,   8,  10,  28,  29,  45,  47,  59,   6,   7,   9,  10,  28,  29,  30,
     32,  33,  41,  42,  43,  44,  48,  52,  56,  57,  59,   4,   5,  10,  28,  29,
     41,  42,  44,  57,  58,  59,   2,   5,   6,   8,   9,  29,  30,  32,  33,  41,
     42,  43,  44,  45,  49,  52,  56,  57,  58,  59,   2,   5,   6,   7,   8,   9,
     29,  30,  32,  33,  41,  42,  43,  44,  45,  49,  52,  56,  57,  58,  59,   2,
      3,   5,   6,   7,   8,   9,  11,  29,  30,  32,  33,  41,  42,  43,  44,  45,
     46,  48,  52,  56,  57,  58,  59,   2,   5,   6,   8,   9,  29,  30,  32,  33,
     41,  42,  43,  44,  45,  49,  52,  56,  57,  58,  59,   6,   8,   9,  10,  29,
     30,  32,  33,  41,  42,  43,  44,  47,  48,  49,  52,  57,  58,  59,  14,  15,
     18,  47,  16,  20,  22,  24,  25,  50,  20,  22,  23,  25,  12,  16,  20,  22,
     25,  26,  41,  42,  44,  45,  12,  14,  15,  16,  18,  19,  20,  22,  23,  24,
     25,  26,  30,  32,  33,  43,  45,  50,  52,  56,  12,  13,  14,  15,  16,  17,
     18,  19,  20,  21,  22,  23,  24,  25,  26,  30,  31,  32,  33,  34,  35,  36,
     37,  38,  39,  40,  41,  42,  43,  44,  45,  50,  51,  52,  53,  54,  55,  56,
      4,   6,   7,   8,   9,  10,  12,  16,  20,  22,  23,  24,  25,  26,  28,  29,
     30,  47,  48,  50,  52,   1,   4,   5,   7,  10,  27,  28,  29,  41,  42,  43,
     44,  47,  57,  58,   4,   6,   7,   8,  10,  28,  29,  47,  48,  57,  58,   1,
      4,   5,   8,  10,  29,  41,  43,  44,  47,  57,  58,  12,  14,  15,  16,  17,
     18,  19,  20,  21,  22,  23,  24,  25,  26,  30,  32,  33,  38,  41,  42,  44,
     50,  52,  56,  12,  14,  15,  16,  18,  19,  20,  21,  22,  23,  24,  25,  26,
     30,  31,  32,  33,  34,  35,  37,  38,  40,  41,  42,  44,  45,  50,  51,  52,
     53,  54,  55,  56,  12,  14,  15,  16,  18,  19,  20,  21,  22,  23,  24,  25,
     26,  30,  31,  34,  35,  36,  37,  38,  40,  41,  42,  43,  44,  45,  50,  52,
     53,  54,  55,
};

static const int8_t ubuntu_24_boldKernSparseValues[] = {
     -40,  -70,   14,   15,  -86,   24,  -16,  -16,   16,  -16,  -64,  -56,  -32,    8,  -80,  -16,
     -16,  -16,  -30,  -24,    8,  -30,  -16,  -23,   64,  -16,   -8,  -24,  -16,  -16,  -16,   20,
      25,   21,   21,   26,    8,  -20,  -24,  -24,  -10,   10,   68,  -17,  -14,  -20,   -8,   -8,
      24,  -13,  -20,   10,   10,   10,  -24,  -18,  -15,   18,  -10,  -16,  -10,  -15,  -26,  -10,
     -16,  -32,   -9,  -11,  -16,  -15,  -64,  -83,   -8,  -18,   -8,  -14,  -24,  -24,   -8,   -8,
      13,   13,   10,   13, -111,  -14,  -38,   24,  -32,  -32,   32,  -32,   10,  -65,  -24,  -66,
     -34,   20,  -76,   18,  -24,  -24,  -24,  -46,  -44,   16,  -46,   14,   20,  -24,  -16,   16,
      16,  -12,   16,  -44,  -24,  -26,  -54,   -8,   12,   10,   10,   17,    6,  -16,  -36,   12,
      10,  -28,  -52,  -19,  -19,  -57,  -19,   34,   38,   34,   26,   40,   14,  -31,   14,  -46,
     -46,   13,   12,  -26,  -25,  -15,   -8,  -96,  -31,   13,   13,   13,  -38,   14,   19,  -50,
     -10,   12,  -30,   10,   11,   11,   10,   11,    8,   12,  -16,  -14,  -29,  -23,   -9,  -20,
     -34,  -10,   -8,  -44,  -41,  -14,  -64,   24,   19,   15,  -26,   30,  -20,  -20,   26,  -20,
      15,  -66,  -16,  -52,  -32,   30,  -80,   19,  -64,  -21,   -9,   -9,   -9,    8,  -28,  -21,
      20,  -28,   13,   -8,  -12,   10,   16,   -9,  -11,  -61,  -52,   34,  -10,  -10,    9,  -24,
       9,  -16,   -8,  -14,  -24,   -8,  -18,  -27,  -16,  -18,   -8,   -6,   -8,   -8,   -8,    8,
       9,  -21,    9,    6,  -10,   12,   -8,   18,   -9,   10,   15,   13,   22,  -20,  -20,   25,
     -20,   14,   17,   16,   15,   21,   19,   14,   16,   21,    8,  -10,  -10,    5,  -10,   19,
      13,  -19,   11,   21,    8,   -8,   16,   29,   31,  -16,  -32,   16,  -42,  -15,  -20,  -18,
     -18,  -20,   -8,  -30,  -36,   -8,  -16,  -13,    8,  -48,    8,  -10,   19,  -14,    9,   16,
       8,    9,  -10,  -10,  -10,   17,   10,   14,  -10,   -8,   10,   14,   32,  -16,  -11,   17,
     -50,   12,  -62,   17,   -8,  -38,   -6,   -6,  -60,   -8,   -6,   17,   21,   17,   10,   22,
      24,   21,  -19,   -8,   -8,  -16,  -10,  -16,   -8,  -16,   -9,  -94,  -19,   -8,   32,   30,
     -50,  -21,   16,   14,    8,   -8,  -16,  -16,  -16,   -9,   -9,   -8,   18,   -8,  -25,  -15,
     -10,    8,    8,  -32,   12,   11,  -16,  -15,   19,  -32,   25,  -40,   18,    8,  -11,   20,
     -44,  -44,   16,  -44,   18,   14,   10,   29,   14,   19,   16,   22,   -8,  -32,  -32,    8,
      -8,  -27,  -37,  -37,   27,  -37,   17,  -10,  -41,   21,   -8,   34,  -27,   25,    8,  -78,
       8,  -82,   32,  -16,   14,   19,  -29,   25,  -16,  -16,   25,    8,  -16,   14,  -62,   -8,
     -68,  -40,   25,  -80,   14,  -64,  -26,   10,    6,  -38,  -23,   23,  -38,   13,  -13,  -10,
     -15,   17,   25,   10,  -51,  -44,   38,   -8,   -8,  -13,   -8,   -8,  -12,  -16,  -16,  -12,
     -16,  -32,   16,  -42,  -15,  -20,  -18,  -18,  -20,   -8,  -30,  -36,   -8,  -16,  -10,    8,
     -48,    8,  -10,  -16,   -6,  -83,  -63,   10,  -54,  -71,   10,  -18,   -8,  -11,  -10,  -16,
     -12,  -12,   16,   16,   10,   16,   -8,   -8,   10, -100,  -16,  -18,   23,   23,  -74,  -16,
     -32,   16,  -42,  -15,  -20,  -18,  -18,  -20,   -8,  -30,  -36,   -8,  -16,   12,    8,  -48,
       8,  -10,   -8,   19,  -16,   14,   10,  -12,   -8,   25,  -14,  -14,   21,  -14,   -8,   -6,
     -12,   16,  -26,   14,   -8,  -18,  -20,  -20,  -20,   -8,   -8,   14,    8,  -18,   16,  -20,
     -22,   10,    9,   26,   -6,  -28,    8,   22,  -12,   -8,  -16,   -8,   -8,   -8,   10,  -13,
     -10,   -9,  -13,   12,  -16,   10,  -16,   14,  -16,  -14,   20,  -65,  -44,  -78,  -49,   21,
     -29,  -66,  -18,  -18,  -66,   -8,  -18,   21,   25,   21,   21,   27,    8,   32,   24,  -60,
     -60,  -60,  -55,  -58,  -55,  -60,  -60,  -60,  -60,  -57,  -14,  -60,  -53,  -92,  -60,   -7,
      22,   37,  -74,   22,   16,  -42,  -24,  -43,    8,  -16,  -15,    8,  -44,    4,   18,   14,
     -24,  -25,   26,  -64,  -24,  -75,  -10,   22,  -23,  -52,  -20,  -20,  -70,   -8,  -20,   26,
      30,   26,   26,   31,   13,   32,   30,  -33,  -44,  -44,  -18,  -30,  -17,  -10,  -14,  -32,
    -118,  -33,   16,   41,  -49,   22,   30,  -50,   15,  -16,   -9,   22,  -35,  -50,   20,   -9,
     -32,   -8,   -8,  -38,   -8,   22,   26,   22,   22,   28,    9,   32,   26,  -22,  -26,  -26,
     -12,  -13,  -11,   10,   10,    8,   10,   -8,  -13,  -42,  -22,   37,  -29,   22,   32,  -19,
     -16,  -15,   21,  -21,   20,  -26,   18,   14,   16,  -11,   29,  -30,  -30,   20,  -30,   14,
      21,   25,   21,   29,   26,   19,   24,   25,  -24,  -24,  -24,    8,  -19,  -19,  -19,   19,
     -19,   12,  -10,  -30,   29,  -24,   32,  -17,    8,   13,   27,    9,  -40,  -31,   27,   -8,
     -76,  -54,  -80,  -30,   23,  -47,  -80,  -36,  -36,  -67,  -12,  -36,   -8,   27,   31,   27,
      27,   33,   14,   32,   31,  -58,  -70,  -70,  -30,  -56,  -27,   -8,  -16,   -8,  -28,  -12,
     -63,  -21, -115, -101,   42,  -72,   20,   25,  -53,   -8,   13,   22,  -16,   13,   12,   -8,
      21,  -10,  -10,   21,  -10,   10,   12,   17,   12,   21,   18,   10,   16,   17,    9,   -8,
      -8,   19,    9,  -25,   13,   21,    9,    8,   29,   16,   23,   34,  -22,  -16,  -16,  -22,
     -16,   24,   28,   24,   24,   30,   11,   72,  -28,  -29,  -29,    8,   75,  -27,  -26,  -28,
     -24,  -24,  -24,   24,  -25,  -22,  -28,    8,    8,    8,  -32,   16,  -24,  -32,  -32,    8,
     -24,  -32,  -72,  -32,  -88,  -56,   16,  -88,    8,  -20,  -20,  -20,  112,   -8,  -16,  -24,
     -16,   48,   16,  -20,  -16,   26,  -12,  -17,  -24,  -26,  -32,  -27,  -10,   -8,  -10,  -14,
     -18,  -18,   10,  -15,  -20,  -24,  -24,   10,  -22,  -22,  -40,  -29,  -11,  -10,  -14,  -11,
      -8,  -15,    9,  -21,  -20,   14,   -8,    8,  -10,   -8,  -29,  -20,  -20,  -20,    6,    8,
      10,    6,  -12,  -20,  -24,    9,   20,   19,  -17,  -20,   18,  -30,  -48,  -27,  -13,   -8,
     -13,   10,   11,    8,   42,   18,  -48,  -50,   14,   22,   64,   42,   -6,   -6,   -6,   10,
       9,   22,   22,   16,   22,   24,   -8,   14,   -6,   26,   10,   51,  -16,   30,   44,  -46,
     -10,  -20,  -18,  -24,  -27,   21,  -13,   -8,  -13,  -20,  -12,    8,  -16,  -17,  -20,  -30,
     -48,  -27,  -13,   -8,  -13,  -14,  -20,  -12,   10,    9,  -20,  -30,  -48,  -27,  -13,   -8,
     -13,  -20,  -12,    8,   10,  -20,  -30,  -48,    8,   24,  -13,   -8,  -13,  -20,  -12,    8,
     -16,  -10,   10,   10,  -35,   17,    8,  -18,  -21,   -8,  -29,  -29,   -6,   -8,   16,   16,
      16,   16,   12,  -13,  -28,   -8,  -26,   10,   19,   18,  -17,  -19,   19,   16,  -11,  -48,
     -27,   12,   -9,   -9,   17,   -9,   12,  -11,   16,   12,  -20,  -21,   25,  -14,  -17,  -20,
     -30,  -48,  -27,  -13,   -8,  -13,  -14,  -20,  -12,   10,  -14,  -20,  -24,  -24,   10,  -22,
     -22,  -40,  -29,  -11,  -10,  -14,  -11,   -8,  -18,    9,  -21,  -20,  -17,  -20,   17,  -18,
     -24,  -27,   34,  -13,   -8,  -13,  -20,  -12,    8,  -16,   14,  -48,  -45,   14,    8,    8,
      -8,   -8,   -8,   -8,   25,   25,   16,   25,    8,  -11,   16,   -8,  -11,   22,   38,  -45,
     -10,   -8,   -9,  -29,  -24,  -27,   -6,  -14,   11,   14,   -8,    8,  -12,  -16,  -26,  -16,
     -16,  -16,    8,    8,   14,    8,  -15,  -16,   -8,   13,   18,  -16,  -20,  -18,  -48,  -23,
     -13,   -8,  -13,  -20,  -12,    8,   -8,   13,  -45,  -32,   12,  -23,   -8,  -11,  -11,   16,
      16,   19,   16,   10,   14,   -8,  -15,   17,   31,  -33,   -8,   14,  -42,    6,  -27,   13,
     -22,   -8,  -10,  -10,   16,   16,   16,   16,   11,   15,   -8,  -11,   19,   32,  -22,  -16,
     -10,   10,   15,  -16,   17,   11,   -8,  -23,  -19,  -19,  -19,   19,   16,   26,   19,   15,
     -10,  -22,  -19,  -18,   12,   22,   17,   -8,   13,  -45,  -32,   12,  -23,   -8,  -11,  -11,
      16,   16,   19,   16,   10,   14,   -8,  -15,   17,   26,  -33,   19,    8,    8,   -9,  -22,
     -12,  -12,  -12,   15,   15,   18,   15,  -10,  -13,    8,  -12,   12,   21,   22,  -10,  -13,
     -13,   72,  -10,  -14,  -14,  -10,  -12,  -10,  -50,  -26,   -8,  -39,    9,   14,  -54,   -8,
     -22,   10,   14,   14,   14,    6,  -13,    8,    8,  -24,    8,  -16,  -60,  -33,  -15,  -30,
     -64,  -19,    8,    8,    8,  -22,  -14,  -35,    8,    8,  -34,  -25,  -32,  -32,  -44,  -16,
     -32,  -27,  -84,  -26,  -50,  -34,  -50,  -62,  -40,  -31,  -26,  -32,  -32,  -26,  -26,   55,
     -26,  -30,  -27,  -30,  -18,  -18,  -25,   12,  -26,  -58,  -26,  -31,  -26,  -26,  -26,  -34,
     -19,  -45,   12,  -49,   10,  -22,  -22,  -33,  -16,  -18,   -8,  -28,  -30,  -18,  -16,  -28,
      -6,  -16,   12,  -42,   -6,  -30,  -19,  -59,    6,  -36,   -9,  -40,  -18,  -28,  -25,   -8,
     -28,  -18,  -50,  -46,   13,  -24,   10,  -21,   15,   16,   18,    8,   10,   10,   16,  -20,
     -17,  -12,  -17,  -20,  -24,   -8,  -10,   -8,  -15,  -16,  -13,  -66,  -24,  -24,  -76,  -16,
     -24,   13,   15,   14,   22,   26,   11,   21,   18,  -22,  -26,  -34,  -16,   10,   10,   10,
    -128,  -22,  -56,  -78,  -30,  -30,  -84,  -30,  -16,   14,   10,   22,   23,   11,   18,   14,
     -50,   -8,  -58,  -58,  -15,   -8,  -34,  -62,  -26,   -8,   -8,   -8,  -26, -103,  -16,  -50,
      -8,   -8,   -8,  -58,   17,  -26,  -26,   18,  -26,    8,  -61,  -16, -100,  -61,   18,  -86,
      16,    8,    8,    8,    8,   25,    8,    9,    8,  -33,  -23,   17,  -33,   19,   18,    8,
       8,    8,    8,
};

static const EpdLigaturePair ubuntu_24_boldLigaturePairs[] = {
    { 0x00660066, 0xFB00 }, // f f -> U+FB00
    { 0x00660069, 0xFB01 }, // f i -> U+FB01
    { 0x0066006C, 0xFB02 }, // f l -> U+FB02
    { 0xFB000069, 0xFB03 }, // U+FB00 i -> U+FB03
    { 0xFB00006C, 0xFB04 }, // U+FB00 l -> U+FB04
};

static const EpdFontData ubuntu_24_bold = {
    ubuntu_24_boldBitmaps,
    ubuntu_24_boldGlyphs,
    ubuntu_24_boldIntervals,
    43,
    57,
    47,
    -10,
    false,
    nullptr,
    0,
    nullptr,
    nullptr,  // kernLeftClasses: built-in fonts use the split arrays below
    nullptr,  // kernRightClasses
    ubuntu_24_boldKernLeftCodepoints,
    ubuntu_24_boldKernLeftClassIds,
    ubuntu_24_boldKernRightCodepoints,
    ubuntu_24_boldKernRightClassIds,
    nullptr,  // kernMatrix: built-in fonts use the sparse form below
    ubuntu_24_boldKernRowOffsets,
    ubuntu_24_boldKernSparseCols,
    ubuntu_24_boldKernSparseValues,
    153,
    158,
    73,
    60,
    ubuntu_24_boldLigaturePairs,
    5,
};
